station_id,station_group_id,station_name,prefecture,city,ward_or_city,address,latitude,longitude,lines,companies,line_count,importance_rank,importance_score,source
100915,100915,新黒部,富山県,黒部市,黒部市,富山県黒部市若栗2787番地,36.873163,137.480177,富山地鉄本線,富山地方鉄道,1,D,13,駅データ.jp
100917,100917,新高岡,富山県,高岡市,高岡市,富山県高岡市下黒田1872番地,36.727004,137.010459,JR城端線,JR西日本,1,C,23,駅データ.jp
101009,101009,新水俣,熊本県,水俣市,水俣市,水俣市初野３０５,32.210825,130.428893,肥薩おれんじ鉄道線,肥薩おれんじ鉄道,1,D,13,駅データ.jp
101010,101010,出水,鹿児島県,出水市,出水市,出水市上鯖淵,32.089275,130.357803,肥薩おれんじ鉄道線,肥薩おれんじ鉄道,1,D,13,駅データ.jp
1110101,1110101,函館,北海道,函館市,函館市,北海道函館市若松町１２-１３,41.773174,140.727205,JR函館本線(函館～長万部)|函館市電２系統|函館市電５系統|道南いさりび鉄道線,JR北海道|函館市交通局|道南いさりび鉄道,4,C,38,駅データ.jp
1110102,1110102,五稜郭,北海道,函館市,函館市,函館市亀田本町,41.803557,140.733539,JR函館本線(函館～長万部)|道南いさりび鉄道線,JR北海道|道南いさりび鉄道,2,D,15,駅データ.jp
1110103,1110103,桔梗,北海道,函館市,函館市,北海道函館市桔梗３丁目４１-３６,41.846457,140.722952,JR函館本線(函館～長万部),JR北海道,1,D,5,駅データ.jp
1110104,1110104,大中山,北海道,,,亀田郡七飯町大字大中山,41.864641,140.71358,JR函館本線(函館～長万部),JR北海道,1,D,5,駅データ.jp
1110105,1110105,七飯,北海道,,,亀田郡七飯町字本町,41.886971,140.688556,JR函館本線(函館～長万部),JR北海道,1,D,5,駅データ.jp
1110106,1110106,新函館北斗,北海道,北斗市,北斗市,北海道北斗市市渡,41.9054,140.646525,JR函館本線(函館～長万部),JR北海道,1,C,23,駅データ.jp
1110108,1110108,大沼,北海道,,,北海道亀田郡七飯町字大沼町４,41.971954,140.669347,JR函館本線(函館～長万部),JR北海道,1,D,5,駅データ.jp
1110109,1110109,大沼公園,北海道,,,北海道亀田郡七飯町字大沼町８５,41.980958,140.669758,JR函館本線(函館～長万部),JR北海道,1,D,5,駅データ.jp
1110110,1110110,赤井川,北海道,,,茅部郡森町字赤井川,42.003267,140.642678,JR函館本線(函館～長万部),JR北海道,1,D,5,駅データ.jp
1110111,1110111,駒ケ岳,北海道,,,北海道茅部郡森町字駒ヶ岳,42.038809,140.610476,JR函館本線(函館～長万部),JR北海道,1,D,5,駅データ.jp
1110117,1110117,鹿部,北海道,,,茅部郡鹿部町字本別,42.06439,140.771393,JR函館本線(函館～長万部),JR北海道,1,D,5,駅データ.jp
1110118,1110118,渡島沼尻,北海道,,,茅部郡森町砂原東４丁目,42.10706,140.747596,JR函館本線(函館～長万部),JR北海道,1,D,5,駅データ.jp
1110119,1110119,渡島砂原,北海道,,,茅部郡森町砂原４丁目,42.12164,140.689451,JR函館本線(函館～長万部),JR北海道,1,D,5,駅データ.jp
1110120,1110120,掛澗,北海道,,,茅部郡森町砂原西３丁目,42.119205,140.64598,JR函館本線(函館～長万部),JR北海道,1,D,5,駅データ.jp
1110121,1110121,尾白内,北海道,,,茅部郡森町字尾白内町,42.111232,140.613449,JR函館本線(函館～長万部),JR北海道,1,D,5,駅データ.jp
1110122,1110122,東森,北海道,,,茅部郡森町字港町,42.106823,140.59353,JR函館本線(函館～長万部),JR北海道,1,D,5,駅データ.jp
1110123,1110123,森,北海道,,,茅部郡森町字本町,42.108917,140.573846,JR函館本線(函館～長万部),JR北海道,1,D,5,駅データ.jp
1110127,1110127,石倉,北海道,,,茅部郡森町字石倉町,42.17285,140.458436,JR函館本線(函館～長万部),JR北海道,1,D,5,駅データ.jp
1110128,1110128,落部,北海道,,,二海郡八雲町落部,42.187617,140.420755,JR函館本線(函館～長万部),JR北海道,1,D,5,駅データ.jp
1110129,1110129,野田生,北海道,,,二海郡八雲町野田生,42.217104,140.37586,JR函館本線(函館～長万部),JR北海道,1,D,5,駅データ.jp
1110130,1110130,山越,北海道,,,二海郡八雲町山越,42.231172,140.326593,JR函館本線(函館～長万部),JR北海道,1,D,5,駅データ.jp
1110131,1110131,八雲,北海道,,,二海郡八雲町本町,42.253391,140.273342,JR函館本線(函館～長万部),JR北海道,1,D,5,駅データ.jp
1110133,1110133,山崎,北海道,,,二海郡八雲町山崎,42.314635,140.2746,JR函館本線(函館～長万部),JR北海道,1,D,5,駅データ.jp
1110134,1110134,黒岩,北海道,,,二海郡八雲町黒岩,42.368296,140.288173,JR函館本線(函館～長万部),JR北海道,1,D,5,駅データ.jp
1110136,1110136,国縫,北海道,,,山越郡長万部町字国縫,42.439319,140.320885,JR函館本線(函館～長万部),JR北海道,1,D,5,駅データ.jp
1110138,1110138,長万部,北海道,,,山越郡長万部町字長万部,42.512477,140.37507,JR函館本線(函館～長万部)|JR函館本線(長万部～小樽)|JR室蘭本線(長万部・室蘭～苫小牧),JR北海道,3,C,24,駅データ.jp
1110204,1110204,黒松内,北海道,,,寿都郡黒松内町字黒松内,42.669608,140.305704,JR函館本線(長万部～小樽),JR北海道,1,D,5,駅データ.jp
1110205,1110205,熱郛,北海道,,,寿都郡黒松内町字白井川,42.675653,140.375084,JR函館本線(長万部～小樽),JR北海道,1,D,5,駅データ.jp
1110206,1110206,目名,北海道,,,磯谷郡蘭越町目名町,42.761432,140.465742,JR函館本線(長万部～小樽),JR北海道,1,D,5,駅データ.jp
1110207,1110207,蘭越,北海道,,,磯谷郡蘭越町蘭越町,42.804542,140.52894,JR函館本線(長万部～小樽),JR北海道,1,D,5,駅データ.jp
1110208,1110208,昆布,北海道,,,磯谷郡蘭越町昆布町,42.797984,140.596107,JR函館本線(長万部～小樽),JR北海道,1,D,5,駅データ.jp
1110209,1110209,ニセコ,北海道,,,虻田郡ニセコ町字中央通,42.808746,140.684588,JR函館本線(長万部～小樽),JR北海道,1,D,5,駅データ.jp
1110210,1110210,比羅夫,北海道,,,虻田郡倶知安町比羅夫,42.84856,140.722615,JR函館本線(長万部～小樽),JR北海道,1,D,5,駅データ.jp
1110211,1110211,倶知安,北海道,,,虻田郡倶知安町北三条西４丁目,42.90164,140.745471,JR函館本線(長万部～小樽),JR北海道,1,D,5,駅データ.jp
1110212,1110212,小沢,北海道,,,岩内郡共和町小沢,42.97185,140.677657,JR函館本線(長万部～小樽),JR北海道,1,D,5,駅データ.jp
1110213,1110213,銀山,北海道,余市,余市,余市郡仁木町銀山２丁目,43.040888,140.715321,JR函館本線(長万部～小樽),JR北海道,1,D,5,駅データ.jp
1110214,1110214,然別,北海道,余市,余市,余市郡仁木町然別,43.12551,140.737211,JR函館本線(長万部～小樽),JR北海道,1,D,5,駅データ.jp
1110215,1110215,仁木,北海道,余市,余市,余市郡仁木町字北町１丁目,43.154091,140.770546,JR函館本線(長万部～小樽),JR北海道,1,D,5,駅データ.jp
1110216,1110216,余市,北海道,余市,余市,余市郡余市町黒川町５丁目,43.186558,140.794686,JR函館本線(長万部～小樽),JR北海道,1,D,13,駅データ.jp
1110217,1110217,蘭島,北海道,小樽市,小樽市,小樽市蘭島１丁目,43.19651,140.854643,JR函館本線(長万部～小樽),JR北海道,1,D,5,駅データ.jp
1110218,1110218,塩谷,北海道,小樽市,小樽市,小樽市塩谷２丁目,43.202406,140.924546,JR函館本線(長万部～小樽),JR北海道,1,D,5,駅データ.jp
1110219,1110219,小樽,北海道,小樽市,小樽市,小樽市稲穂２丁目,43.197172,140.993653,JR函館本線(小樽～旭川)|JR函館本線(長万部～小樽),JR北海道,2,C,23,駅データ.jp
1110302,1110302,南小樽,北海道,小樽市,小樽市,小樽市住吉町,43.186529,141.007883,JR函館本線(小樽～旭川),JR北海道,1,D,13,駅データ.jp
1110303,1110303,小樽築港,北海道,小樽市,小樽市,小樽市築港,43.180752,141.029051,JR函館本線(小樽～旭川),JR北海道,1,D,13,駅データ.jp
1110304,1110304,朝里,北海道,小樽市,小樽市,小樽市朝里１丁目,43.176868,141.063923,JR函館本線(小樽～旭川),JR北海道,1,D,5,駅データ.jp
1110305,1110305,銭函,北海道,小樽市,小樽市,小樽市銭函２丁目,43.143403,141.159868,JR函館本線(小樽～旭川),JR北海道,1,D,5,駅データ.jp
1110306,1110306,ほしみ,北海道,札幌市,札幌市手稲区,札幌市手稲区手稲星置１条９丁目,43.13373,141.191402,JR函館本線(小樽～旭川),JR北海道,1,D,5,駅データ.jp
1110307,1110307,星置,北海道,札幌市,札幌市手稲区,札幌市手稲区星置１条３丁目,43.132375,141.210856,JR函館本線(小樽～旭川),JR北海道,1,D,5,駅データ.jp
1110308,1110308,稲穂,北海道,札幌市,札幌市手稲区,札幌市手稲区曙１条３丁目,43.128115,141.222919,JR函館本線(小樽～旭川),JR北海道,1,D,5,駅データ.jp
1110309,1110309,手稲,北海道,札幌市,札幌市手稲区,札幌市手稲区手稲本町１条４丁目,43.120238,141.243785,JR函館本線(小樽～旭川),JR北海道,1,D,5,駅データ.jp
1110310,1110310,稲積公園,北海道,札幌市,札幌市手稲区,札幌市手稲区富丘１条４丁目,43.112023,141.257113,JR函館本線(小樽～旭川),JR北海道,1,D,5,駅データ.jp
1110311,1110311,発寒,北海道,札幌市,札幌市西区,札幌市西区発寒９条１３丁目,43.099819,141.277273,JR函館本線(小樽～旭川),JR北海道,1,D,5,駅データ.jp
1110312,1110312,発寒中央,北海道,札幌市,札幌市西区,札幌市西区発寒十条３丁目,43.089271,141.294497,JR函館本線(小樽～旭川),JR北海道,1,D,5,駅データ.jp
1110313,1110313,琴似,北海道,札幌市,札幌市西区,札幌市西区琴似2条2丁目,43.081599,141.307418,JR函館本線(小樽～旭川),JR北海道,1,D,5,駅データ.jp
1110314,1110314,桑園,北海道,札幌市,札幌市中央区,札幌市中央区北１１条西１５丁目,43.070744,141.332036,JR函館本線(小樽～旭川)|JR札沼線,JR北海道,2,D,15,駅データ.jp
1110315,1110315,札幌,北海道,札幌市,札幌市北区,札幌市北区北６条西４丁目,43.067715,141.35058,JR函館本線(小樽～旭川)|JR千歳線|JR札沼線|札幌市営地下鉄南北線|札幌市営地下鉄東豊線,JR北海道|札幌市交通局,5,S,80,駅データ.jp
1110316,1110316,苗穂,北海道,札幌市,札幌市中央区,札幌市中央区北３条東１１丁目,43.068539,141.373631,JR函館本線(小樽～旭川)|JR千歳線,JR北海道,2,D,15,駅データ.jp
1110317,1110317,白石,北海道,札幌市,札幌市白石区,札幌市白石区平和通3丁目北6,43.054715,141.413612,JR函館本線(小樽～旭川)|JR千歳線,JR北海道,2,D,15,駅データ.jp
1110318,1110318,厚別,北海道,札幌市,札幌市厚別区,札幌市厚別区厚別中央５条４丁目,43.045154,141.46369,JR函館本線(小樽～旭川),JR北海道,1,D,5,駅データ.jp
1110319,1110319,森林公園,北海道,札幌市,札幌市厚別区,札幌市厚別区厚別北１条４丁目,43.056456,141.481332,JR函館本線(小樽～旭川),JR北海道,1,D,5,駅データ.jp
1110320,1110320,大麻,北海道,江別市,江別市,江別市大麻中町,43.072382,141.496925,JR函館本線(小樽～旭川),JR北海道,1,D,5,駅データ.jp
1110321,1110321,野幌,北海道,江別市,江別市,江別市野幌町,43.092559,141.52984,JR函館本線(小樽～旭川),JR北海道,1,D,5,駅データ.jp
1110322,1110322,高砂,北海道,江別市,江別市,江別市高砂町,43.100084,141.540752,JR函館本線(小樽～旭川),JR北海道,1,D,5,駅データ.jp
1110323,1110323,江別,北海道,江別市,江別市,江別市萩ケ岡,43.110189,141.55679,JR函館本線(小樽～旭川),JR北海道,1,D,13,駅データ.jp
1110324,1110324,豊幌,北海道,江別市,江別市,江別市豊幌,43.136446,141.62466,JR函館本線(小樽～旭川),JR北海道,1,D,5,駅データ.jp
1110325,1110325,幌向,北海道,岩見沢市,岩見沢市,岩見沢市幌向南１条３丁目,43.151348,141.655839,JR函館本線(小樽～旭川),JR北海道,1,D,5,駅データ.jp
1110326,1110326,上幌向,北海道,岩見沢市,岩見沢市,岩見沢市上幌向南１条４丁目,43.18183,141.715391,JR函館本線(小樽～旭川),JR北海道,1,D,5,駅データ.jp
1110327,1110327,岩見沢,北海道,岩見沢市,岩見沢市,岩見沢市有明町南,43.204201,141.759359,JR函館本線(小樽～旭川)|JR室蘭本線(苫小牧～岩見沢),JR北海道,2,C,23,駅データ.jp
1110328,1110328,峰延,北海道,美唄市,美唄市,美唄市峰延,43.264694,141.814673,JR函館本線(小樽～旭川),JR北海道,1,D,5,駅データ.jp
1110329,1110329,光珠内,北海道,美唄市,美唄市,美唄市光珠内,43.292658,141.844655,JR函館本線(小樽～旭川),JR北海道,1,D,5,駅データ.jp
1110330,1110330,美唄,北海道,美唄市,美唄市,美唄市東一条南２丁目,43.330751,141.862157,JR函館本線(小樽～旭川),JR北海道,1,D,13,駅データ.jp
1110331,1110331,茶志内,北海道,美唄市,美唄市,美唄市茶志内町,43.369842,141.87336,JR函館本線(小樽～旭川),JR北海道,1,D,5,駅データ.jp
1110332,1110332,奈井江,北海道,空知郡奈井江町本町１区,空知郡奈井江町本町１区,空知郡奈井江町本町１区,43.423718,141.889115,JR函館本線(小樽～旭川),JR北海道,1,D,5,駅データ.jp
1110333,1110333,豊沼,北海道,砂川市,砂川市,砂川市豊沼町,43.464224,141.901032,JR函館本線(小樽～旭川),JR北海道,1,D,5,駅データ.jp
1110334,1110334,砂川,北海道,砂川市,砂川市,砂川市東２条北２丁目,43.493468,141.909642,JR函館本線(小樽～旭川),JR北海道,1,D,13,駅データ.jp
1110335,1110335,滝川,北海道,滝川市,滝川市,滝川市栄町４丁目,43.555278,141.900807,JR函館本線(小樽～旭川)|JR根室本線(滝川～富良野),JR北海道,2,C,23,駅データ.jp
1110336,1110336,江部乙,北海道,滝川市,滝川市,滝川市江部乙町西町１２丁目,43.627564,141.935937,JR函館本線(小樽～旭川),JR北海道,1,D,5,駅データ.jp
1110337,1110337,妹背牛,北海道,,,雨竜郡妹背牛町字妹背牛,43.690841,141.966591,JR函館本線(小樽～旭川),JR北海道,1,D,5,駅データ.jp
1110338,1110338,深川,北海道,深川市,深川市,深川市１条,43.721021,142.041642,JR函館本線(小樽～旭川),JR北海道,1,D,13,駅データ.jp
1110339,1110339,納内,北海道,深川市,深川市,深川市納内町字納内,43.732509,142.130072,JR函館本線(小樽～旭川),JR北海道,1,D,5,駅データ.jp
1110341,1110341,近文,北海道,旭川市,旭川市,旭川市近文町１９丁目,43.789193,142.325327,JR函館本線(小樽～旭川),JR北海道,1,D,5,駅データ.jp
1110342,1110342,旭川,北海道,旭川市,旭川市,旭川市宮下通８丁目,43.763492,142.357803,JR函館本線(小樽～旭川)|JR宗谷本線|JR富良野線|JR石北本線,JR北海道,4,C,38,駅データ.jp
1110402,1110402,静狩,北海道,,,山越郡長万部町字静狩,42.584065,140.460025,JR室蘭本線(長万部・室蘭～苫小牧),JR北海道,1,D,5,駅データ.jp
1110403,1110403,小幌,北海道,,,虻田郡豊浦町字礼文華,42.589731,140.537361,JR室蘭本線(長万部・室蘭～苫小牧),JR北海道,1,D,5,駅データ.jp
1110404,1110404,礼文,北海道,,,虻田郡豊浦町字礼文華,42.580422,140.595013,JR室蘭本線(長万部・室蘭～苫小牧),JR北海道,1,D,5,駅データ.jp
1110405,1110405,大岸,北海道,,,虻田郡豊浦町字大岸,42.585969,140.639036,JR室蘭本線(長万部・室蘭～苫小牧),JR北海道,1,D,5,駅データ.jp
1110406,1110406,豊浦,北海道,,,虻田郡豊浦町字旭町,42.580323,140.71536,JR室蘭本線(長万部・室蘭～苫小牧),JR北海道,1,D,5,駅データ.jp
1110407,1110407,洞爺,北海道,,,虻田郡洞爺湖町旭町,42.55055,140.763959,JR室蘭本線(長万部・室蘭～苫小牧),JR北海道,1,D,5,駅データ.jp
1110408,1110408,有珠,北海道,伊達市,伊達市,伊達市有珠町,42.513267,140.793969,JR室蘭本線(長万部・室蘭～苫小牧),JR北海道,1,D,5,駅データ.jp
1110409,1110409,長和,北海道,伊達市,伊達市,伊達市長和町,42.488262,140.833783,JR室蘭本線(長万部・室蘭～苫小牧),JR北海道,1,D,5,駅データ.jp
1110410,1110410,伊達紋別,北海道,伊達市,伊達市,伊達市山下町,42.469395,140.855802,JR室蘭本線(長万部・室蘭～苫小牧),JR北海道,1,D,13,駅データ.jp
1110411,1110411,北舟岡,北海道,伊達市,伊達市,伊達市舟岡町,42.450528,140.880259,JR室蘭本線(長万部・室蘭～苫小牧),JR北海道,1,D,5,駅データ.jp
1110412,1110412,稀府,北海道,伊達市,伊達市,伊達市南稀府町,42.425567,140.898836,JR室蘭本線(長万部・室蘭～苫小牧),JR北海道,1,D,5,駅データ.jp
1110413,1110413,黄金,北海道,伊達市,伊達市,伊達市南黄金町,42.386441,140.907781,JR室蘭本線(長万部・室蘭～苫小牧),JR北海道,1,D,5,駅データ.jp
1110414,1110414,崎守,北海道,室蘭市,室蘭市,室蘭市崎守町,42.373968,140.927141,JR室蘭本線(長万部・室蘭～苫小牧),JR北海道,1,D,5,駅データ.jp
1110415,1110415,本輪西,北海道,室蘭市,室蘭市,室蘭市本輪西町１丁目,42.358734,140.977561,JR室蘭本線(長万部・室蘭～苫小牧),JR北海道,1,D,5,駅データ.jp
1110416,1110416,室蘭,北海道,室蘭市,室蘭市,室蘭市入江町１,42.317864,140.97571,JR室蘭本線(長万部・室蘭～苫小牧),JR北海道,1,D,13,駅データ.jp
1110417,1110417,母恋,北海道,室蘭市,室蘭市,室蘭市母恋北町１丁目,42.317295,140.990018,JR室蘭本線(長万部・室蘭～苫小牧),JR北海道,1,D,5,駅データ.jp
1110418,1110418,御崎,北海道,室蘭市,室蘭市,室蘭市御崎町２丁目,42.329014,140.993881,JR室蘭本線(長万部・室蘭～苫小牧),JR北海道,1,D,5,駅データ.jp
1110419,1110419,輪西,北海道,室蘭市,室蘭市,室蘭市仲町,42.333775,141.005743,JR室蘭本線(長万部・室蘭～苫小牧),JR北海道,1,D,5,駅データ.jp
1110420,1110420,東室蘭,北海道,室蘭市,室蘭市,室蘭市東町２丁目,42.349374,141.026411,JR室蘭本線(長万部・室蘭～苫小牧),JR北海道,1,D,13,駅データ.jp
1110421,1110421,鷲別,北海道,登別市,登別市,登別市鷲別町２丁目,42.35953,141.042759,JR室蘭本線(長万部・室蘭～苫小牧),JR北海道,1,D,5,駅データ.jp
1110422,1110422,幌別,北海道,登別市,登別市,登別市幌別町３丁目,42.409782,141.107293,JR室蘭本線(長万部・室蘭～苫小牧),JR北海道,1,D,5,駅データ.jp
1110423,1110423,富浦,北海道,登別市,登別市,登別市富浦町１丁目,42.441957,141.156878,JR室蘭本線(長万部・室蘭～苫小牧),JR北海道,1,D,5,駅データ.jp
1110424,1110424,登別,北海道,登別市,登別市,登別市登別港町１丁目,42.45207,141.180931,JR室蘭本線(長万部・室蘭～苫小牧),JR北海道,1,D,13,駅データ.jp
1110425,1110425,虎杖浜,北海道,,,白老郡白老町字虎杖浜,42.464695,141.215092,JR室蘭本線(長万部・室蘭～苫小牧),JR北海道,1,D,5,駅データ.jp
1110426,1110426,竹浦,北海道,,,白老郡白老町字竹浦,42.49284,141.260395,JR室蘭本線(長万部・室蘭～苫小牧),JR北海道,1,D,5,駅データ.jp
1110427,1110427,北吉原,北海道,,,白老郡白老町字北吉原,42.509119,141.286199,JR室蘭本線(長万部・室蘭～苫小牧),JR北海道,1,D,5,駅データ.jp
1110428,1110428,萩野,北海道,,,白老郡白老町字萩野,42.521159,141.30603,JR室蘭本線(長万部・室蘭～苫小牧),JR北海道,1,D,5,駅データ.jp
1110429,1110429,白老,北海道,,,白老郡白老町東町１丁目,42.55474,141.360054,JR室蘭本線(長万部・室蘭～苫小牧),JR北海道,1,D,5,駅データ.jp
1110430,1110430,社台,北海道,,,白老郡白老町字社台,42.578682,141.417433,JR室蘭本線(長万部・室蘭～苫小牧),JR北海道,1,D,5,駅データ.jp
1110431,1110431,錦岡,北海道,苫小牧市,苫小牧市,苫小牧市字錦岡,42.6025,141.48722,JR室蘭本線(長万部・室蘭～苫小牧),JR北海道,1,D,5,駅データ.jp
1110432,1110432,糸井,北海道,苫小牧市,苫小牧市,苫小牧市日吉町３丁目,42.6225,141.546187,JR室蘭本線(長万部・室蘭～苫小牧),JR北海道,1,D,5,駅データ.jp
1110433,1110433,青葉,北海道,苫小牧市,苫小牧市,苫小牧市青葉町１丁目,42.62999,141.568278,JR室蘭本線(長万部・室蘭～苫小牧),JR北海道,1,D,5,駅データ.jp
1110434,1110434,苫小牧,北海道,苫小牧市,苫小牧市,苫小牧市表町６丁目,42.639665,141.596837,JR千歳線|JR室蘭本線(苫小牧～岩見沢)|JR室蘭本線(長万部・室蘭～苫小牧)|JR日高本線,JR北海道,4,C,38,駅データ.jp
1110502,1110502,沼ノ端,北海道,苫小牧市,苫小牧市,苫小牧市字沼ノ端,42.672057,141.693132,JR千歳線|JR室蘭本線(苫小牧～岩見沢),JR北海道,2,D,15,駅データ.jp
1110503,1110503,遠浅,北海道,,,勇払郡安平町遠浅,42.729533,141.769568,JR室蘭本線(苫小牧～岩見沢),JR北海道,1,D,5,駅データ.jp
1110504,1110504,早来,北海道,,,勇払郡安平町早来大町,42.765237,141.814106,JR室蘭本線(苫小牧～岩見沢),JR北海道,1,D,5,駅データ.jp
1110505,1110505,安平,北海道,,,勇払郡安平町安平,42.814007,141.825283,JR室蘭本線(苫小牧～岩見沢),JR北海道,1,D,5,駅データ.jp
1110506,1110506,追分,北海道,,,勇払郡安平町追分中央,42.873316,141.810678,JR室蘭本線(苫小牧～岩見沢)|JR石勝線,JR北海道,2,D,15,駅データ.jp
1110507,1110507,三川,北海道,,,夕張郡由仁町三川,42.945029,141.800778,JR室蘭本線(苫小牧～岩見沢),JR北海道,1,D,5,駅データ.jp
1110508,1110508,古山,北海道,,,夕張郡由仁町字古山,42.975256,141.793969,JR室蘭本線(苫小牧～岩見沢),JR北海道,1,D,5,駅データ.jp
1110509,1110509,由仁,北海道,,,夕張郡由仁町古山,43.012206,141.785868,JR室蘭本線(苫小牧～岩見沢),JR北海道,1,D,5,駅データ.jp
1110510,1110510,栗山,北海道,,,夕張郡栗山町中央３丁目,43.058164,141.775603,JR室蘭本線(苫小牧～岩見沢),JR北海道,1,D,5,駅データ.jp
1110511,1110511,栗丘,北海道,岩見沢市,岩見沢市,岩見沢市栗沢町栗丘,43.085444,141.744333,JR室蘭本線(苫小牧～岩見沢),JR北海道,1,D,5,駅データ.jp
1110512,1110512,栗沢,北海道,岩見沢市,岩見沢市,岩見沢市栗沢町本町,43.120367,141.739743,JR室蘭本線(苫小牧～岩見沢),JR北海道,1,D,5,駅データ.jp
1110513,1110513,志文,北海道,岩見沢市,岩見沢市,岩見沢市志文本町１条４丁目,43.158903,141.744443,JR室蘭本線(苫小牧～岩見沢),JR北海道,1,D,5,駅データ.jp
1110603,1110603,赤平,北海道,赤平市,赤平市,赤平市泉町１丁目,43.555144,142.048669,JR根室本線(滝川～富良野),JR北海道,1,D,13,駅データ.jp
1110604,1110604,茂尻,北海道,赤平市,赤平市,赤平市字茂尻町南２丁目,43.537314,142.082156,JR根室本線(滝川～富良野),JR北海道,1,D,5,駅データ.jp
1110605,1110605,平岸,北海道,赤平市,赤平市,北海道赤平市平岸仲町１丁目,43.541401,142.123872,JR根室本線(滝川～富良野),JR北海道,1,D,5,駅データ.jp
1110606,1110606,芦別,北海道,芦別市,芦別市,芦別市本町,43.516636,142.184543,JR根室本線(滝川～富良野),JR北海道,1,D,13,駅データ.jp
1110607,1110607,上芦別,北海道,芦別市,芦別市,芦別市上芦別町,43.48871,142.210855,JR根室本線(滝川～富良野),JR北海道,1,D,13,駅データ.jp
1110608,1110608,野花南,北海道,芦別市,芦別市,芦別市野花南町,43.474418,142.261772,JR根室本線(滝川～富良野),JR北海道,1,D,5,駅データ.jp
1110610,1110610,富良野,北海道,富良野市,富良野市,富良野市日の出町,43.347114,142.391374,JR富良野線|JR根室本線(滝川～富良野),JR北海道,2,C,23,駅データ.jp
1110618,1110618,新得,北海道,,,上川郡新得町本通北１丁目,43.082501,142.832432,JR根室本線(新得～釧路)|JR石勝線,JR北海道,2,D,15,駅データ.jp
1110702,1110702,十勝清水,北海道,,,上川郡清水町本通１丁目,43.012892,142.879535,JR根室本線(新得～釧路),JR北海道,1,D,5,駅データ.jp
1110704,1110704,御影,北海道,,,上川郡清水町御影本通り１丁目,42.942418,142.935739,JR根室本線(新得～釧路),JR北海道,1,D,5,駅データ.jp
1110705,1110705,芽室,北海道,,,河西郡芽室町本通り１丁目,42.909846,143.047991,JR根室本線(新得～釧路),JR北海道,1,D,5,駅データ.jp
1110706,1110706,大成,北海道,,,河西郡芽室町東芽室南２線,42.916056,143.069666,JR根室本線(新得～釧路),JR北海道,1,D,5,駅データ.jp
1110707,1110707,西帯広,北海道,帯広市,帯広市,帯広市西２３条南１丁目,42.923941,143.126351,JR根室本線(新得～釧路),JR北海道,1,D,13,駅データ.jp
1110708,1110708,柏林台,北海道,帯広市,帯広市,帯広市西１７条南１丁目,42.928877,143.1645,JR根室本線(新得～釧路),JR北海道,1,D,5,駅データ.jp
1110709,1110709,帯広,北海道,帯広市,帯広市,帯広市西２条南１２丁目,42.917997,143.20195,JR根室本線(新得～釧路),JR北海道,1,D,13,駅データ.jp
1110710,1110710,札内,北海道,,,中川郡幕別町字札内中央町,42.912697,143.256248,JR根室本線(新得～釧路),JR北海道,1,D,5,駅データ.jp
1110712,1110712,幕別,北海道,,,中川郡幕別町錦町,42.90784,143.359293,JR根室本線(新得～釧路),JR北海道,1,D,5,駅データ.jp
1110713,1110713,利別,北海道,,,中川郡池田町字利別西町,42.934706,143.424445,JR根室本線(新得～釧路),JR北海道,1,D,5,駅データ.jp
1110714,1110714,池田,北海道,,,中川郡池田町東１条１丁目,42.922186,143.453033,JR根室本線(新得～釧路),JR北海道,1,D,5,駅データ.jp
1110715,1110715,十弗,北海道,,,中川郡豊頃町字十弗宝町,42.855781,143.500797,JR根室本線(新得～釧路),JR北海道,1,D,5,駅データ.jp
1110716,1110716,豊頃,北海道,,,中川郡豊頃町豊頃旭町,42.817548,143.538615,JR根室本線(新得～釧路),JR北海道,1,D,5,駅データ.jp
1110717,1110717,新吉野,北海道,,,十勝郡浦幌町字吉野,42.778238,143.60826,JR根室本線(新得～釧路),JR北海道,1,D,5,駅データ.jp
1110718,1110718,浦幌,北海道,,,十勝郡浦幌町字本町,42.810849,143.651568,JR根室本線(新得～釧路),JR北海道,1,D,5,駅データ.jp
1110720,1110720,厚内,北海道,,,十勝郡浦幌町字厚内,42.809539,143.814389,JR根室本線(新得～釧路),JR北海道,1,D,5,駅データ.jp
1110723,1110723,音別,北海道,釧路市,釧路市,釧路市音別町本町１丁目,42.888997,143.932442,JR根室本線(新得～釧路),JR北海道,1,D,5,駅データ.jp
1110725,1110725,白糠,北海道,,,白糠郡白糠町東１条南１丁目,42.956161,144.076879,JR根室本線(新得～釧路),JR北海道,1,D,5,駅データ.jp
1110726,1110726,西庶路,北海道,,,白糠郡白糠町西庶路西１条南３丁目,42.976138,144.129826,JR根室本線(新得～釧路),JR北海道,1,D,5,駅データ.jp
1110727,1110727,庶路,北海道,白糠郡白糠町庶路甲区,白糠郡白糠町庶路甲区,白糠郡白糠町庶路甲区,42.983601,144.150018,JR根室本線(新得～釧路),JR北海道,1,D,5,駅データ.jp
1110728,1110728,大楽毛,北海道,釧路市,釧路市,釧路市大楽毛５丁目,43.009078,144.273879,JR根室本線(新得～釧路),JR北海道,1,D,5,駅データ.jp
1110729,1110729,新大楽毛,北海道,釧路市,釧路市,釧路市大楽毛１丁目,43.009423,144.295558,JR根室本線(新得～釧路),JR北海道,1,D,5,駅データ.jp
1110730,1110730,新富士,北海道,釧路市,釧路市,釧路市新富士町３丁目,43.001605,144.350758,JR根室本線(新得～釧路),JR北海道,1,D,15,駅データ.jp
1110731,1110731,釧路,北海道,釧路市,釧路市,釧路市北大通１４丁目,42.990584,144.381983,JR根室本線(新得～釧路)|JR釧網本線|花咲線,JR北海道,3,C,32,駅データ.jp
1110802,1110802,東釧路,北海道,釧路市,釧路市,釧路市貝塚２丁目,42.995207,144.411307,JR釧網本線|花咲線,JR北海道,2,C,23,駅データ.jp
1110803,1110803,武佐,北海道,釧路市,釧路市,釧路市武佐４丁目,42.991364,144.426681,花咲線,JR北海道,1,D,5,駅データ.jp
1110804,1110804,別保,北海道,,,釧路郡釧路町字別保,42.994384,144.469596,花咲線,JR北海道,1,D,5,駅データ.jp
1110805,1110805,上尾幌,北海道,厚岸郡厚岸町字上尾幌市,厚岸郡厚岸町字上尾幌市,厚岸郡厚岸町字上尾幌市街,43.032893,144.61239,花咲線,JR北海道,1,D,5,駅データ.jp
1110806,1110806,尾幌,北海道,,,厚岸郡厚岸町大字苫多村字尾幌,43.018463,144.703758,花咲線,JR北海道,1,D,5,駅データ.jp
1110807,1110807,門静,北海道,,,厚岸郡厚岸町字門静,43.057581,144.782638,花咲線,JR北海道,1,D,5,駅データ.jp
1110808,1110808,厚岸,北海道,,,厚岸郡厚岸町字宮園町,43.056248,144.841355,花咲線,JR北海道,1,D,5,駅データ.jp
1110810,1110810,茶内,北海道,厚岸郡浜中町大字琵琶瀬村字茶内市,厚岸郡浜中町大字琵琶瀬村字茶内市,厚岸郡浜中町大字琵琶瀬村字茶内市街,43.129266,145.02801,花咲線,JR北海道,1,D,5,駅データ.jp
1110811,1110811,浜中,北海道,厚岸郡浜中町大字後静村字浜中市,厚岸郡浜中町大字後静村字浜中市,厚岸郡浜中町大字後静村字浜中市街,43.15754,145.099657,花咲線,JR北海道,1,D,5,駅データ.jp
1110812,1110812,姉別,北海道,厚岸郡浜中町大字後静村字姉別市,厚岸郡浜中町大字後静村字姉別市,厚岸郡浜中町大字後静村字姉別市街,43.196201,145.194716,花咲線,JR北海道,1,D,5,駅データ.jp
1110813,1110813,厚床,北海道,根室市,根室市,根室市厚床１丁目,43.228224,145.252096,花咲線,JR北海道,1,D,5,駅データ.jp
1110815,1110815,別当賀,北海道,根室市,根室市,根室市別当賀,43.218427,145.423593,花咲線,JR北海道,1,D,5,駅データ.jp
1110816,1110816,落石,北海道,根室市,根室市,根室市落石東,43.198335,145.519449,花咲線,JR北海道,1,D,5,駅データ.jp
1110817,1110817,昆布盛,北海道,根室市,根室市,根室市昆布盛,43.228593,145.542444,花咲線,JR北海道,1,D,5,駅データ.jp
1110818,1110818,西和田,北海道,根室市,根室市,根室市西和田,43.268043,145.541817,花咲線,JR北海道,1,D,5,駅データ.jp
1110821,1110821,根室,北海道,根室市,根室市,根室市光和町２丁目,43.326923,145.582707,花咲線,JR北海道,1,D,13,駅データ.jp
1110903,1110903,植苗,北海道,苫小牧市,苫小牧市,苫小牧市字植苗,42.713645,141.735344,JR千歳線,JR北海道,1,D,5,駅データ.jp
1110905,1110905,新千歳空港,北海道,千歳市,千歳市,千歳市美々,42.787546,141.680823,JR千歳線,JR北海道,1,D,13,駅データ.jp
1110906,1110906,南千歳,北海道,千歳市,千歳市,千歳市字平和,42.80804,141.675388,JR千歳線|JR石勝線,JR北海道,2,C,23,駅データ.jp
1110907,1110907,千歳,北海道,千歳市,千歳市,千歳市千代田町７丁目,42.82811,141.651934,JR千歳線,JR北海道,1,D,13,駅データ.jp
1110908,1110908,長都,北海道,千歳市,千歳市,千歳市上長都,42.852178,141.622987,JR千歳線,JR北海道,1,D,5,駅データ.jp
1110909,1110909,サッポロビール庭園,北海道,恵庭市,恵庭市,恵庭市戸磯,42.866812,141.605616,JR千歳線,JR北海道,1,D,5,駅データ.jp
1110910,1110910,恵庭,北海道,恵庭市,恵庭市,恵庭市相生町,42.883076,141.586234,JR千歳線,JR北海道,1,D,13,駅データ.jp
1110911,1110911,恵み野,北海道,恵庭市,恵庭市,恵庭市恵み野西１丁目,42.902704,141.574429,JR千歳線,JR北海道,1,D,5,駅データ.jp
1110912,1110912,島松,北海道,恵庭市,恵庭市,恵庭市島松仲町１丁目１-１,42.922504,141.573117,JR千歳線,JR北海道,1,D,5,駅データ.jp
1110913,1110913,北広島,北海道,北広島市,北広島市,北広島市中央６丁目,42.979239,141.563115,JR千歳線,JR北海道,1,D,13,駅データ.jp
1110914,1110914,上野幌,北海道,札幌市,札幌市厚別区,札幌市厚別区厚別町上野幌,43.016177,141.487317,JR千歳線,JR北海道,1,D,5,駅データ.jp
1110915,1110915,新札幌,北海道,札幌市,札幌市厚別区,札幌市厚別区厚別中央二条５丁目,43.038937,141.472738,JR千歳線|札幌市営地下鉄東西線,JR北海道|札幌市交通局,2,D,15,駅データ.jp
1110916,1110916,平和,北海道,札幌市,札幌市白石区,札幌市白石区平和通１６丁目北,43.04695,141.437967,JR千歳線,JR北海道,1,D,5,駅データ.jp
1111004,1111004,川端,北海道,,,夕張郡由仁町字川端,42.914721,141.894791,JR石勝線,JR北海道,1,D,5,駅データ.jp
1111007,1111007,新夕張,北海道,夕張市,夕張市,夕張市紅葉山,42.936611,142.03657,JR石勝線,JR北海道,1,D,13,駅データ.jp
1111013,1111013,占冠,北海道,,,勇払郡占冠村占冠,42.993088,142.400078,JR石勝線,JR北海道,1,D,5,駅データ.jp
1111014,1111014,トマム,北海道,,,勇払郡占冠村字中トマム,43.055913,142.610937,JR石勝線,JR北海道,1,D,5,駅データ.jp
1111102,1111102,勇払,北海道,苫小牧市,苫小牧市,苫小牧市字勇払,42.632805,141.727667,JR日高本線,JR北海道,1,D,5,駅データ.jp
1111103,1111103,浜厚真,北海道,,,勇払郡厚真町字浜厚真,42.606725,141.837071,JR日高本線,JR北海道,1,D,5,駅データ.jp
1111105,1111105,鵡川,北海道,,,勇払郡むかわ町末広２丁目,42.578953,141.923892,JR日高本線,JR北海道,1,D,5,駅データ.jp
1111203,1111203,八軒,北海道,札幌市,札幌市西区,札幌市西区八軒６条東２丁目,43.085845,141.319145,JR札沼線,JR北海道,1,D,5,駅データ.jp
1111204,1111204,新川,北海道,札幌市,札幌市北区,札幌市北区新川四条１丁目,43.098604,141.323824,JR札沼線,JR北海道,1,D,5,駅データ.jp
1111205,1111205,新琴似,北海道,札幌市,札幌市北区,札幌市北区新琴似８条１丁目,43.112928,141.335105,JR札沼線,JR北海道,1,D,5,駅データ.jp
1111206,1111206,太平,北海道,札幌市,札幌市北区,札幌市北区太平２条５丁目,43.12401,141.349526,JR札沼線,JR北海道,1,D,5,駅データ.jp
1111207,1111207,百合が原,北海道,札幌市,札幌市北区,札幌市北区篠路町太平中央,43.131476,141.360672,JR札沼線,JR北海道,1,D,5,駅データ.jp
1111208,1111208,篠路,北海道,札幌市,札幌市北区,札幌市北区篠路４条７丁目,43.145152,141.364323,JR札沼線,JR北海道,1,D,5,駅データ.jp
1111209,1111209,拓北,北海道,札幌市,札幌市北区,札幌市北区拓北６条３丁目,43.155568,141.381013,JR札沼線,JR北海道,1,D,5,駅データ.jp
1111210,1111210,あいの里教育大,北海道,札幌市,札幌市北区,札幌市北区あいの里１条５丁目,43.15528,141.39842,JR札沼線,JR北海道,1,D,5,駅データ.jp
1111211,1111211,あいの里公園,北海道,札幌市,札幌市北区,札幌市北区あいの里２条８丁目,43.161206,141.413276,JR札沼線,JR北海道,1,D,5,駅データ.jp
1111212,1111212,太美,北海道,,,石狩郡当別町太美町,43.189801,141.449066,JR札沼線,JR北海道,1,D,5,駅データ.jp
1111213,1111213,当別,北海道,,,石狩郡当別町字錦町,43.22208,141.513764,JR札沼線,JR北海道,1,D,5,駅データ.jp
1111214,1111214,北海道医療大学,北海道,,,石狩郡当別町字金沢,43.230925,141.54995,JR札沼線,JR北海道,1,D,5,駅データ.jp
1111231,1111231,ロイズタウン,北海道,,,北海道石狩郡当別町当別太1225番地9,43.179589,141.436236,JR札沼線,JR北海道,1,D,5,駅データ.jp
1111402,1111402,神楽岡,北海道,旭川市,旭川市,旭川市神楽岡４条１４丁目,43.745033,142.358257,JR富良野線,JR北海道,1,D,5,駅データ.jp
1111403,1111403,緑が丘,北海道,旭川市,旭川市,旭川市神楽岡１３条９丁目,43.731074,142.365701,JR富良野線,JR北海道,1,D,5,駅データ.jp
1111404,1111404,西御料,北海道,旭川市,旭川市,旭川市西神楽一線５号,43.720834,142.371507,JR富良野線,JR北海道,1,D,5,駅データ.jp
1111405,1111405,西瑞穂,北海道,旭川市,旭川市,旭川市西神楽一線９号,43.70242,142.381982,JR富良野線,JR北海道,1,D,5,駅データ.jp
1111406,1111406,西神楽,北海道,旭川市,旭川市,旭川市西神楽南１条１丁目,43.682181,142.393677,JR富良野線,JR北海道,1,D,5,駅データ.jp
1111407,1111407,西聖和,北海道,旭川市,旭川市,旭川市西神楽二線１７号,43.669047,142.415209,JR富良野線,JR北海道,1,D,5,駅データ.jp
1111408,1111408,千代ケ岡,北海道,旭川市,旭川市,北海道旭川市西神楽1線24号,43.643737,142.451024,JR富良野線,JR北海道,1,D,5,駅データ.jp
1111409,1111409,北美瑛,北海道,,,上川郡美瑛町字下宇莫別,43.617884,142.479594,JR富良野線,JR北海道,1,D,5,駅データ.jp
1111410,1111410,美瑛,北海道,,,上川郡美瑛町本町１丁目,43.591186,142.461639,JR富良野線,JR北海道,1,D,5,駅データ.jp
1111411,1111411,美馬牛,北海道,,,上川郡美瑛町字美馬牛,43.537408,142.447192,JR富良野線,JR北海道,1,D,5,駅データ.jp
1111412,1111412,上富良野,北海道,,,空知郡上富良野町中町１丁目,43.464046,142.468761,JR富良野線,JR北海道,1,D,5,駅データ.jp
1111413,1111413,西中,北海道,,,空知郡中富良野町基線北１８号,43.429569,142.441876,JR富良野線,JR北海道,1,D,5,駅データ.jp
1111414,1111414,ラベンダー畑,北海道,,,空知郡中富良野町基線北１５号,43.42065,142.434032,JR富良野線,JR北海道,1,D,5,駅データ.jp
1111415,1111415,中富良野,北海道,空知郡中富良野町市,空知郡中富良野町市,空知郡中富良野町市街地,43.405704,142.420812,JR富良野線,JR北海道,1,D,5,駅データ.jp
1111416,1111416,鹿討,北海道,,,空知郡中富良野町字富良野基線北８号,43.387499,142.404812,JR富良野線,JR北海道,1,D,5,駅データ.jp
1111417,1111417,学田,北海道,富良野市,富良野市字西学田二区,富良野市字西学田二区,43.366234,142.386118,JR富良野線,JR北海道,1,D,5,駅データ.jp
1111502,1111502,旭川四条,北海道,旭川市,旭川市,旭川市四条通１８丁目,43.764056,142.375815,JR宗谷本線|JR石北本線,JR北海道,2,C,23,駅データ.jp
1111503,1111503,新旭川,北海道,旭川市,旭川市,旭川市東八条６丁目,43.780174,142.384789,JR宗谷本線|JR石北本線,JR北海道,2,C,23,駅データ.jp
1111504,1111504,永山,北海道,旭川市,旭川市,旭川市永山１条１９丁目,43.814158,142.434382,JR宗谷本線,JR北海道,1,D,5,駅データ.jp
1111505,1111505,北永山,北海道,旭川市,旭川市,旭川市永山町１５丁目,43.826736,142.454493,JR宗谷本線,JR北海道,1,D,5,駅データ.jp
1111507,1111507,比布,北海道,上川郡比布町市,上川郡比布町市,上川郡比布町市街地,43.874478,142.471294,JR宗谷本線,JR北海道,1,D,5,駅データ.jp
1111509,1111509,蘭留,北海道,,,上川郡比布町北９線１４号,43.925072,142.473699,JR宗谷本線,JR北海道,1,D,5,駅データ.jp
1111510,1111510,塩狩,北海道,,,上川郡和寒町塩狩,43.96794,142.4552,JR宗谷本線,JR北海道,1,D,5,駅データ.jp
1111511,1111511,和寒,北海道,,,上川郡和寒町北町,44.026932,142.415309,JR宗谷本線,JR北海道,1,D,5,駅データ.jp
1111513,1111513,剣淵,北海道,,,上川郡剣淵町栄町,44.09643,142.364754,JR宗谷本線,JR北海道,1,D,5,駅データ.jp
1111515,1111515,士別,北海道,士別市,士別市,士別市西３条８丁目,44.172536,142.388247,JR宗谷本線,JR北海道,1,D,13,駅データ.jp
1111517,1111517,多寄,北海道,士別市,士別市,士別市多寄町３６線東,44.241296,142.396315,JR宗谷本線,JR北海道,1,D,5,駅データ.jp
1111518,1111518,瑞穂,北海道,士別市,士別市,士別市多寄町３１線東,44.266349,142.396244,JR宗谷本線,JR北海道,1,D,5,駅データ.jp
1111519,1111519,風連,北海道,名寄市,名寄市,名寄市風連町本町,44.292238,142.421624,JR宗谷本線,JR北海道,1,D,5,駅データ.jp
1111520,1111520,名寄高校,北海道,名寄市,名寄市,名寄市風連町東風連,44.330939,142.465482,JR宗谷本線,JR北海道,1,D,13,駅データ.jp
1111521,1111521,名寄,北海道,名寄市,名寄市,名寄市東１条南６丁目,44.349403,142.465207,JR宗谷本線,JR北海道,1,D,13,駅データ.jp
1111522,1111522,日進,北海道,名寄市,名寄市,名寄市字日進,44.381713,142.467354,JR宗谷本線,JR北海道,1,D,5,駅データ.jp
1111524,1111524,智恵文,北海道,名寄市,名寄市,名寄市智恵文１１線,44.455553,142.414772,JR宗谷本線,JR北海道,1,D,5,駅データ.jp
1111525,1111525,智北,北海道,名寄市,名寄市,名寄市字智恵文,44.46103,142.394007,JR宗谷本線,JR北海道,1,D,5,駅データ.jp
1111527,1111527,美深,北海道,,,中川郡美深町字開運町,44.482951,142.350597,JR宗谷本線,JR北海道,1,D,5,駅データ.jp
1111532,1111532,天塩川温泉,北海道,,,中川郡音威子府村字咲来,44.665041,142.258682,JR宗谷本線,JR北海道,1,D,5,駅データ.jp
1111533,1111533,咲来,北海道,,,中川郡音威子府村字咲来,44.692702,142.267569,JR宗谷本線,JR北海道,1,D,5,駅データ.jp
1111534,1111534,音威子府,北海道,,,中川郡音威子府村字音威子府,44.729448,142.259883,JR宗谷本線,JR北海道,1,D,5,駅データ.jp
1111535,1111535,筬島,北海道,,,中川郡音威子府村字物満内,44.738883,142.197777,JR宗谷本線,JR北海道,1,D,5,駅データ.jp
1111536,1111536,佐久,北海道,,,中川郡中川町字佐久,44.743986,142.048562,JR宗谷本線,JR北海道,1,D,5,駅データ.jp
1111537,1111537,天塩中川,北海道,,,中川郡中川町字中川,44.81186,142.075335,JR宗谷本線,JR北海道,1,D,5,駅データ.jp
1111539,1111539,問寒別,北海道,,,天塩郡幌延町字問寒別,44.91233,142.025562,JR宗谷本線,JR北海道,1,D,5,駅データ.jp
1111540,1111540,糠南,北海道,,,天塩郡幌延町字糠南,44.920778,142.000931,JR宗谷本線,JR北海道,1,D,5,駅データ.jp
1111545,1111545,幌延,北海道,,,天塩郡幌延町１条南１丁目,45.014503,141.84569,JR宗谷本線,JR北海道,1,D,5,駅データ.jp
1111546,1111546,下沼,北海道,,,天塩郡幌延町字下沼,45.037146,141.758218,JR宗谷本線,JR北海道,1,D,5,駅データ.jp
1111547,1111547,豊富,北海道,,,天塩郡豊富町字上サロベツ,45.104624,141.772088,JR宗谷本線,JR北海道,1,D,5,駅データ.jp
1111549,1111549,兜沼,北海道,,,天塩郡豊富町字兜沼,45.220236,141.6972,JR宗谷本線,JR北海道,1,D,5,駅データ.jp
1111550,1111550,勇知,北海道,稚内市,稚内市,稚内市字抜海村上勇知,45.259339,141.685151,JR宗谷本線,JR北海道,1,D,5,駅データ.jp
1111552,1111552,南稚内,北海道,稚内市,稚内市,稚内市大黒１丁目,45.398166,141.683026,JR宗谷本線,JR北海道,1,D,13,駅データ.jp
1111553,1111553,稚内,北海道,稚内市,稚内市,稚内市中央３丁目,45.416995,141.676999,JR宗谷本線,JR北海道,1,D,13,駅データ.jp
1111604,1111604,南永山,北海道,旭川市,旭川市,旭川市永山十条３丁目,43.78055,142.40853,JR石北本線,JR北海道,1,D,5,駅データ.jp
1111605,1111605,東旭川,北海道,旭川市,旭川市,旭川市東旭川北三条５丁目,43.776571,142.441544,JR石北本線,JR北海道,1,D,13,駅データ.jp
1111607,1111607,桜岡,北海道,旭川市,旭川市,旭川市東旭川町桜岡,43.801812,142.486968,JR石北本線,JR北海道,1,D,5,駅データ.jp
1111608,1111608,当麻,北海道,上川郡当麻町市,上川郡当麻町市,上川郡当麻町市街,43.825477,142.516987,JR石北本線,JR北海道,1,D,5,駅データ.jp
1111610,1111610,伊香牛,北海道,,,上川郡当麻町伊香牛,43.876025,142.525227,JR石北本線,JR北海道,1,D,5,駅データ.jp
1111611,1111611,愛別,北海道,,,上川郡愛別町字愛別,43.898635,142.582176,JR石北本線,JR北海道,1,D,5,駅データ.jp
1111612,1111612,中愛別,北海道,,,上川郡愛別町字中央,43.896216,142.655424,JR石北本線,JR北海道,1,D,5,駅データ.jp
1111614,1111614,安足間,北海道,,,上川郡愛別町字愛山,43.852011,142.693868,JR石北本線,JR北海道,1,D,5,駅データ.jp
1111616,1111616,上川,北海道,,,上川郡上川町中央町,43.848508,142.766895,JR石北本線,JR北海道,1,D,5,駅データ.jp
1111618,1111618,白滝,北海道,,,紋別郡遠軽町白滝,43.884435,143.180795,JR石北本線,JR北海道,1,D,5,駅データ.jp
1111621,1111621,丸瀬布,北海道,,,紋別郡遠軽町丸瀬布中町,44.006354,143.335817,JR石北本線,JR北海道,1,D,5,駅データ.jp
1111622,1111622,瀬戸瀬,北海道,,,紋別郡遠軽町字瀬戸瀬西町,44.008753,143.420937,JR石北本線,JR北海道,1,D,5,駅データ.jp
1111623,1111623,遠軽,北海道,,,紋別郡遠軽町岩見通南１丁目,44.060278,143.520667,JR石北本線,JR北海道,1,D,5,駅データ.jp
1111624,1111624,安国,北海道,,,紋別郡遠軽町生田原安国,43.993322,143.535762,JR石北本線,JR北海道,1,D,5,駅データ.jp
1111626,1111626,生田原,北海道,,,紋別郡遠軽町生田原,43.923674,143.534627,JR石北本線,JR北海道,1,D,5,駅データ.jp
1111628,1111628,西留辺蘂,北海道,北見市,北見市,北見市留辺蘂町旭西３３４番地の１,43.785345,143.603257,JR石北本線,JR北海道,1,D,5,駅データ.jp
1111629,1111629,留辺蘂,北海道,北見市,北見市,北見市留辺蘂町東町,43.785534,143.621394,JR石北本線,JR北海道,1,D,5,駅データ.jp
1111630,1111630,相内,北海道,北見市,北見市,北見市相内町,43.795948,143.756449,JR石北本線,JR北海道,1,D,5,駅データ.jp
1111631,1111631,東相内,北海道,北見市,北見市,北見市東相内町,43.805466,143.809499,JR石北本線,JR北海道,1,D,5,駅データ.jp
1111632,1111632,西北見,北海道,北見市,北見市,北見市緑町６丁目,43.803114,143.841586,JR石北本線,JR北海道,1,D,13,駅データ.jp
1111633,1111633,北見,北海道,北見市,北見市,北見市大通西１丁目,43.805504,143.898167,JR石北本線,JR北海道,1,D,13,駅データ.jp
1111634,1111634,柏陽,北海道,北見市,北見市,北見市並木町,43.824911,143.916737,JR石北本線,JR北海道,1,D,5,駅データ.jp
1111635,1111635,愛し野,北海道,北見市,北見市端野町三区,北見市端野町三区,43.841426,143.932962,JR石北本線,JR北海道,1,D,5,駅データ.jp
1111636,1111636,端野,北海道,北見市,北見市,北見市端野町端野,43.851172,143.942336,JR石北本線,JR北海道,1,D,5,駅データ.jp
1111637,1111637,緋牛内,北海道,北見市,北見市,北見市端野町緋牛内,43.880431,143.999887,JR石北本線,JR北海道,1,D,5,駅データ.jp
1111638,1111638,美幌,北海道,,,網走郡美幌町字新町３丁目,43.836967,144.10563,JR石北本線,JR北海道,1,D,5,駅データ.jp
1111639,1111639,西女満別,北海道,,,網走郡大空町女満別本郷,43.880057,144.148372,JR石北本線,JR北海道,1,D,5,駅データ.jp
1111640,1111640,女満別,北海道,,,網走郡大空町女満別本通１丁目,43.915886,144.170665,JR石北本線,JR北海道,1,D,5,駅データ.jp
1111641,1111641,呼人,北海道,網走市,網走市,網走市呼人,43.963695,144.218945,JR石北本線,JR北海道,1,D,5,駅データ.jp
1111642,1111642,網走,北海道,網走市,網走市,網走市新町２丁目,44.019873,144.254156,JR石北本線|JR釧網本線,JR北海道,2,C,23,駅データ.jp
1111702,1111702,桂台,北海道,網走市,網走市,網走市台町１丁目,44.016913,144.273223,JR釧網本線,JR北海道,1,D,5,駅データ.jp
1111703,1111703,鱒浦,北海道,網走市,網走市,網走市字鱒浦,43.982481,144.296526,JR釧網本線,JR北海道,1,D,5,駅データ.jp
1111704,1111704,藻琴,北海道,網走市,網走市,網走市字藻琴,43.968358,144.320079,JR釧網本線,JR北海道,1,D,5,駅データ.jp
1111705,1111705,北浜,北海道,網走市,網走市,網走市字北浜,43.958549,144.352541,JR釧網本線,JR北海道,1,D,5,駅データ.jp
1111706,1111706,原生花園,北海道,,,斜里郡小清水町浜小清水,43.941033,144.41443,JR釧網本線,JR北海道,1,D,5,駅データ.jp
1111707,1111707,浜小清水,北海道,,,斜里郡小清水町字浜小清水,43.934077,144.453187,JR釧網本線,JR北海道,1,D,5,駅データ.jp
1111708,1111708,止別,北海道,,,斜里郡小清水町字止別,43.921558,144.519818,JR釧網本線,JR北海道,1,D,5,駅データ.jp
1111709,1111709,知床斜里,北海道,,,斜里郡斜里町港町,43.910749,144.661647,JR釧網本線,JR北海道,1,D,5,駅データ.jp
1111710,1111710,中斜里,北海道,,,斜里郡斜里町字中斜里,43.874608,144.659033,JR釧網本線,JR北海道,1,D,5,駅データ.jp
1111712,1111712,清里町,北海道,,,斜里郡清里町水元町,43.83871,144.593948,JR釧網本線,JR北海道,1,D,5,駅データ.jp
1111713,1111713,札弦,北海道,,,斜里郡清里町札弦町,43.786574,144.531526,JR釧網本線,JR北海道,1,D,5,駅データ.jp
1111714,1111714,緑,北海道,,,斜里郡清里町緑町,43.718282,144.505499,JR釧網本線,JR北海道,1,D,5,駅データ.jp
1111715,1111715,川湯温泉,北海道,,,川上郡弟子屈町字川湯駅前,43.616258,144.457749,JR釧網本線,JR北海道,1,D,5,駅データ.jp
1111716,1111716,美留和,北海道,,,川上郡弟子屈町字美留和,43.555316,144.437656,JR釧網本線,JR北海道,1,D,5,駅データ.jp
1111717,1111717,摩周,北海道,,,川上郡弟子屈町字朝日１丁目,43.487373,144.463981,JR釧網本線,JR北海道,1,D,5,駅データ.jp
1111719,1111719,磯分内,北海道,,,川上郡標茶町字熊牛原野,43.379389,144.554322,JR釧網本線,JR北海道,1,D,5,駅データ.jp
1111720,1111720,標茶,北海道,,,川上郡標茶町字標茶,43.298472,144.608434,JR釧網本線,JR北海道,1,D,5,駅データ.jp
1111722,1111722,茅沼,北海道,,,川上郡標茶町シラルトロエトロ,43.202097,144.503788,JR釧網本線,JR北海道,1,D,5,駅データ.jp
1111723,1111723,塘路,北海道,,,川上郡標茶町字塘路,43.151739,144.496817,JR釧網本線,JR北海道,1,D,5,駅データ.jp
1111724,1111724,細岡,北海道,,,釧路郡釧路町字鳥通牛原野,43.105055,144.469683,JR釧網本線,JR北海道,1,D,5,駅データ.jp
1111725,1111725,釧路湿原,北海道,,,釧路郡釧路町鳥通原野,43.100647,144.447799,JR釧網本線,JR北海道,1,D,5,駅データ.jp
1111726,1111726,遠矢,北海道,,,釧路郡釧路町字遠矢,43.047878,144.458367,JR釧網本線,JR北海道,1,D,5,駅データ.jp
1111801,1111801,中小国,青森県,,,東津軽郡外ヶ浜町蟹田小国,41.051702,140.596798,JR津軽線|JR海峡線,JR北海道|JR東日本,2,D,15,駅データ.jp
1111802,1111802,奥津軽いまべつ,青森県,,,東津軽郡今別町大字大川平字清川91-1,41.14551,140.514837,JR津軽線|JR海峡線,JR北海道|JR東日本,2,D,15,駅データ.jp
1111806,1111806,木古内,北海道,,,上磯郡木古内町本町,41.677642,140.434004,JR海峡線|道南いさりび鉄道線,JR北海道|道南いさりび鉄道,2,D,15,駅データ.jp
1111911,1111911,札苅,北海道,,,上磯郡木古内町字札苅,41.699271,140.468097,道南いさりび鉄道線,道南いさりび鉄道,1,D,5,駅データ.jp
1111912,1111912,泉沢,北海道,,,上磯郡木古内町字泉沢,41.700867,140.506797,道南いさりび鉄道線,道南いさりび鉄道,1,D,5,駅データ.jp
1111913,1111913,釜谷,北海道,,,上磯郡木古内町字釜谷,41.712153,140.53718,道南いさりび鉄道線,道南いさりび鉄道,1,D,5,駅データ.jp
1111914,1111914,渡島当別,北海道,北斗市,北斗市,北斗市当別,41.737309,140.579109,道南いさりび鉄道線,道南いさりび鉄道,1,D,5,駅データ.jp
1111915,1111915,茂辺地,北海道,北斗市,北斗市,北斗市茂辺地,41.766604,140.600561,道南いさりび鉄道線,道南いさりび鉄道,1,D,5,駅データ.jp
1111916,1111916,上磯,北海道,北斗市,北斗市,北斗市飯生,41.81956,140.640599,道南いさりび鉄道線,道南いさりび鉄道,1,D,5,駅データ.jp
1111917,1111917,清川口,北海道,北斗市,北斗市,北斗市会所町,41.824615,140.652906,道南いさりび鉄道線,道南いさりび鉄道,1,D,5,駅データ.jp
1111918,1111918,久根別,北海道,北斗市,北斗市,北斗市久根別,41.826727,140.666468,道南いさりび鉄道線,道南いさりび鉄道,1,D,5,駅データ.jp
1111919,1111919,東久根別,北海道,北斗市,北斗市,北斗市久根別,41.826005,140.679731,道南いさりび鉄道線,道南いさりび鉄道,1,D,5,駅データ.jp
1111920,1111920,七重浜,北海道,北斗市,北斗市,北斗市七重浜２丁目,41.817643,140.707957,道南いさりび鉄道線,道南いさりび鉄道,1,D,5,駅データ.jp
1120102,1120102,陸奥市川,青森県,八戸市,八戸市,八戸市市川町,40.563235,141.439308,青い森鉄道線,青い森鉄道,1,D,5,駅データ.jp
1120103,1120103,下田,青森県,,,上北郡おいらせ町境田,40.591958,141.407965,青い森鉄道線,青い森鉄道,1,D,5,駅データ.jp
1120104,1120104,向山,青森県,,,上北郡おいらせ町向山,40.629544,141.370392,青い森鉄道線,青い森鉄道,1,D,5,駅データ.jp
1120105,1120105,三沢,青森県,三沢市,三沢市,三沢市犬落瀬,40.669735,141.353649,青い森鉄道線,青い森鉄道,1,D,13,駅データ.jp
1120106,1120106,小川原,青森県,,,上北郡東北町大浦,40.709893,141.29972,青い森鉄道線,青い森鉄道,1,D,5,駅データ.jp
1120107,1120107,上北町,青森県,,,上北郡東北町上野,40.732993,141.264801,青い森鉄道線,青い森鉄道,1,D,5,駅データ.jp
1120108,1120108,乙供,青森県,,,上北郡東北町字上笹橋,40.780328,141.213039,青い森鉄道線,青い森鉄道,1,D,5,駅データ.jp
1120109,1120109,千曳,青森県,,,上北郡東北町字大平,40.804662,141.152876,青い森鉄道線,青い森鉄道,1,D,5,駅データ.jp
1120110,1120110,野辺地,青森県,,,上北郡野辺地町大字野辺地,40.855142,141.119603,はまなすベイライン大湊線|青い森鉄道線,JR東日本|青い森鉄道,2,D,15,駅データ.jp
1120111,1120111,狩場沢,青森県,,,東津軽郡平内町大字狩場沢,40.900335,141.071274,青い森鉄道線,青い森鉄道,1,D,5,駅データ.jp
1120112,1120112,清水川,青森県,,,東津軽郡平内町大字清水川,40.921801,141.02465,青い森鉄道線,青い森鉄道,1,D,5,駅データ.jp
1120113,1120113,小湊,青森県,,,東津軽郡平内町大字小湊,40.929703,140.953953,青い森鉄道線,青い森鉄道,1,D,5,駅データ.jp
1120114,1120114,西平内,青森県,,,東津軽郡平内町大字小豆沢,40.918138,140.913146,青い森鉄道線,青い森鉄道,1,D,5,駅データ.jp
1120115,1120115,浅虫温泉,青森県,青森市,青森市,青森市浅虫,40.890976,140.862221,青い森鉄道線,青い森鉄道,1,D,5,駅データ.jp
1120116,1120116,野内,青森県,青森市,青森市,青森市大字野内,40.846159,140.816907,青い森鉄道線,青い森鉄道,1,D,5,駅データ.jp
1120117,1120117,矢田前,青森県,青森市,青森市,青森市矢田前字本泉,40.833744,140.807151,青い森鉄道線,青い森鉄道,1,D,5,駅データ.jp
1120118,1120118,小柳,青森県,青森市,青森市,青森市小柳字唐橋,40.818223,140.798149,青い森鉄道線,青い森鉄道,1,D,5,駅データ.jp
1120119,1120119,東青森,青森県,青森市,青森市,青森市大字古館字安田,40.810402,140.782143,青い森鉄道線,青い森鉄道,1,D,13,駅データ.jp
1120120,1120120,青森,青森県,青森市,青森市,青森市柳川１丁目,40.828668,140.734738,JR奥羽本線(新庄～青森)|JR津軽線|青い森鉄道線,JR東日本|青い森鉄道,3,B,47,駅データ.jp
1120201,1120201,新庄,山形県,新庄市,新庄市,新庄市多門町,38.76256,140.306064,JR奥羽本線(新庄～青森)|奥の細道最上川ライン|奥の細道湯けむりライン|山形線,JR東日本,4,C,38,駅データ.jp
1120202,1120202,泉田,山形県,新庄市,新庄市,新庄市大字泉田,38.811758,140.310039,JR奥羽本線(新庄～青森),JR東日本,1,D,5,駅データ.jp
1120203,1120203,羽前豊里,山形県,,,最上郡鮭川村大字石名坂,38.836748,140.242247,JR奥羽本線(新庄～青森),JR東日本,1,D,5,駅データ.jp
1120204,1120204,真室川,山形県,,,最上郡真室川町大字新町,38.858243,140.254814,JR奥羽本線(新庄～青森),JR東日本,1,D,5,駅データ.jp
1120205,1120205,釜淵,山形県,,,最上郡真室川町大字釜淵,38.93281,140.263864,JR奥羽本線(新庄～青森),JR東日本,1,D,5,駅データ.jp
1120206,1120206,大滝,山形県,,,最上郡真室川町大字大滝,38.971485,140.320199,JR奥羽本線(新庄～青森),JR東日本,1,D,5,駅データ.jp
1120207,1120207,及位,山形県,,,最上郡真室川町大字及位,38.992983,140.361164,JR奥羽本線(新庄～青森),JR東日本,1,D,5,駅データ.jp
1120208,1120208,院内,秋田県,湯沢市,湯沢市,湯沢市上院内,39.049706,140.4138,JR奥羽本線(新庄～青森),JR東日本,1,D,5,駅データ.jp
1120209,1120209,横堀,秋田県,湯沢市,湯沢市,湯沢市小野,39.064533,140.45131,JR奥羽本線(新庄～青森),JR東日本,1,D,5,駅データ.jp
1120210,1120210,三関,秋田県,湯沢市,湯沢市,湯沢市上関,39.110196,140.483796,JR奥羽本線(新庄～青森),JR東日本,1,D,5,駅データ.jp
1120211,1120211,上湯沢,秋田県,湯沢市,湯沢市,湯沢市関口,39.134221,140.485262,JR奥羽本線(新庄～青森),JR東日本,1,D,13,駅データ.jp
1120212,1120212,湯沢,秋田県,湯沢市,湯沢市,湯沢市表町,39.163443,140.487011,JR奥羽本線(新庄～青森),JR東日本,1,D,13,駅データ.jp
1120213,1120213,下湯沢,秋田県,湯沢市,湯沢市,湯沢市成沢,39.197196,140.50249,JR奥羽本線(新庄～青森),JR東日本,1,D,13,駅データ.jp
1120214,1120214,十文字,秋田県,横手市,横手市,横手市十文字町字大道東,39.221186,140.526287,JR奥羽本線(新庄～青森),JR東日本,1,D,5,駅データ.jp
1120215,1120215,醍醐,秋田県,横手市,横手市,横手市平鹿町醍醐,39.248716,140.53853,JR奥羽本線(新庄～青森),JR東日本,1,D,5,駅データ.jp
1120216,1120216,柳田,秋田県,横手市,横手市,横手市柳田,39.276385,140.553856,JR奥羽本線(新庄～青森),JR東日本,1,D,5,駅データ.jp
1120217,1120217,横手,秋田県,横手市,横手市,横手市駅前町,39.310146,140.5604,JR北上線|JR奥羽本線(新庄～青森),JR東日本,2,C,23,駅データ.jp
1120218,1120218,後三年,秋田県,,,仙北郡美郷町飯詰,39.364891,140.538397,JR奥羽本線(新庄～青森),JR東日本,1,D,5,駅データ.jp
1120219,1120219,飯詰,秋田県,,,仙北郡美郷町上深井,39.406013,140.515378,JR奥羽本線(新庄～青森),JR東日本,1,D,5,駅データ.jp
1120220,1120220,大曲,秋田県,大仙市,大仙市,大仙市大曲通町,39.465712,140.479628,JR奥羽本線(新庄～青森)|JR田沢湖線,JR東日本,2,D,15,駅データ.jp
1120221,1120221,神宮寺,秋田県,大仙市,大仙市,大仙市神宮寺,39.494841,140.426518,JR奥羽本線(新庄～青森),JR東日本,1,D,5,駅データ.jp
1120222,1120222,刈和野,秋田県,大仙市,大仙市,大仙市刈和野,39.547646,140.372402,JR奥羽本線(新庄～青森),JR東日本,1,D,5,駅データ.jp
1120223,1120223,峰吉川,秋田県,大仙市,大仙市,大仙市協和峰吉川,39.566586,140.32314,JR奥羽本線(新庄～青森),JR東日本,1,D,5,駅データ.jp
1120224,1120224,羽後境,秋田県,大仙市,大仙市,大仙市協和境,39.618679,140.320722,JR奥羽本線(新庄～青森),JR東日本,1,D,5,駅データ.jp
1120225,1120225,大張野,秋田県,秋田市,秋田市,秋田市河辺神内,39.663347,140.274071,JR奥羽本線(新庄～青森),JR東日本,1,D,5,駅データ.jp
1120226,1120226,和田,秋田県,秋田市,秋田市,秋田市河辺和田,39.65087,140.218754,JR奥羽本線(新庄～青森),JR東日本,1,D,5,駅データ.jp
1120227,1120227,四ツ小屋,秋田県,秋田市,秋田市,秋田市四ツ小屋,39.661341,140.144946,JR奥羽本線(新庄～青森),JR東日本,1,D,5,駅データ.jp
1120228,1120228,秋田,秋田県,秋田市,秋田市,秋田市中通７丁目,39.716748,140.129931,JR奥羽本線(新庄～青森)|JR羽越本線,JR東日本,2,C,38,駅データ.jp
1120229,1120229,土崎,秋田県,秋田市,秋田市,秋田市土崎港中央６丁目,39.758453,140.073601,JR奥羽本線(新庄～青森),JR東日本,1,D,5,駅データ.jp
1120230,1120230,上飯島,秋田県,秋田市,秋田市,秋田市飯島,39.779336,140.06847,JR奥羽本線(新庄～青森),JR東日本,1,D,5,駅データ.jp
1120231,1120231,追分,秋田県,秋田市,秋田市,秋田市金足追分,39.809925,140.05781,JR奥羽本線(新庄～青森)|JR男鹿線,JR東日本,2,D,15,駅データ.jp
1120232,1120232,大久保,秋田県,潟上市,潟上市,潟上市昭和大久保,39.87089,140.063079,JR奥羽本線(新庄～青森),JR東日本,1,D,5,駅データ.jp
1120233,1120233,羽後飯塚,秋田県,潟上市,潟上市,潟上市飯田川飯塚,39.898981,140.0733,JR奥羽本線(新庄～青森),JR東日本,1,D,5,駅データ.jp
1120234,1120234,井川さくら,秋田県,,,南秋田郡井川町浜井川,39.911925,140.076022,JR奥羽本線(新庄～青森),JR東日本,1,D,5,駅データ.jp
1120235,1120235,八郎潟,秋田県,,,南秋田郡八郎潟町字中田,39.947366,140.078382,JR奥羽本線(新庄～青森),JR東日本,1,D,5,駅データ.jp
1120236,1120236,鯉川,秋田県,,,山本郡三種町鯉川,39.996361,140.077474,JR奥羽本線(新庄～青森),JR東日本,1,D,5,駅データ.jp
1120237,1120237,鹿渡,秋田県,,,山本郡三種町鹿渡,40.044619,140.082621,JR奥羽本線(新庄～青森),JR東日本,1,D,5,駅データ.jp
1120238,1120238,森岳,秋田県,,,山本郡三種町森岳,40.103164,140.070886,JR奥羽本線(新庄～青森),JR東日本,1,D,5,駅データ.jp
1120239,1120239,北金岡,秋田県,,,山本郡三種町志戸橋,40.141895,140.063565,JR奥羽本線(新庄～青森),JR東日本,1,D,5,駅データ.jp
1120240,1120240,東能代,秋田県,能代市,能代市,能代市鰄渕,40.191579,140.065746,JR五能線|JR奥羽本線(新庄～青森),JR東日本,2,C,23,駅データ.jp
1120241,1120241,鶴形,秋田県,能代市,能代市,能代市字鶴形,40.203879,140.118507,JR奥羽本線(新庄～青森),JR東日本,1,D,5,駅データ.jp
1120242,1120242,富根,秋田県,能代市,能代市,能代市二ツ井町飛根,40.217956,140.172643,JR奥羽本線(新庄～青森),JR東日本,1,D,5,駅データ.jp
1120243,1120243,二ツ井,秋田県,能代市,能代市,能代市二ツ井町太田面,40.212506,140.235729,JR奥羽本線(新庄～青森),JR東日本,1,D,5,駅データ.jp
1120244,1120244,前山,秋田県,北秋田市,北秋田市,北秋田市前山,40.214785,140.312378,JR奥羽本線(新庄～青森),JR東日本,1,D,5,駅データ.jp
1120245,1120245,鷹ノ巣,秋田県,北秋田市,北秋田市,北秋田市松葉町,40.232059,140.369816,JR奥羽本線(新庄～青森)|秋田内陸線,JR東日本|秋田内陸縦貫鉄道,2,D,15,駅データ.jp
1120246,1120246,糠沢,秋田県,北秋田市,北秋田市,北秋田市綴子,40.251094,140.397827,JR奥羽本線(新庄～青森),JR東日本,1,D,5,駅データ.jp
1120247,1120247,早口,秋田県,大館市,大館市,大館市早口,40.271315,140.447572,JR奥羽本線(新庄～青森),JR東日本,1,D,5,駅データ.jp
1120248,1120248,下川沿,秋田県,大館市,大館市,大館市川口,40.276408,140.496625,JR奥羽本線(新庄～青森),JR東日本,1,D,5,駅データ.jp
1120249,1120249,大館,秋田県,大館市,大館市,大館市御成町１丁目,40.288122,140.555946,JR奥羽本線(新庄～青森)|十和田八幡平四季彩ライン,JR東日本,2,C,23,駅データ.jp
1120250,1120250,白沢,秋田県,大館市,大館市,大館市白沢,40.338103,140.591657,JR奥羽本線(新庄～青森),JR東日本,1,D,5,駅データ.jp
1120251,1120251,陣場,秋田県,大館市,大館市,大館市大字長走,40.398864,140.607523,JR奥羽本線(新庄～青森),JR東日本,1,D,5,駅データ.jp
1120252,1120252,津軽湯の沢,青森県,平川市,平川市,平川市碇ケ関,40.441879,140.632055,JR奥羽本線(新庄～青森),JR東日本,1,D,5,駅データ.jp
1120253,1120253,碇ケ関,青森県,平川市,平川市,青森県平川市碇ヶ関高田13,40.478988,140.622443,JR奥羽本線(新庄～青森),JR東日本,1,D,5,駅データ.jp
1120254,1120254,長峰,青森県,,,南津軽郡大鰐町大字長峰,40.516072,140.603069,JR奥羽本線(新庄～青森),JR東日本,1,D,5,駅データ.jp
1120255,1120255,大鰐温泉,青森県,,,南津軽郡大鰐町大字大鰐字前田,40.52168,140.566868,JR奥羽本線(新庄～青森)|弘南鉄道大鰐線,JR東日本|弘南鉄道,2,D,15,駅データ.jp
1120256,1120256,石川,青森県,弘前市,弘前市,青森県弘前市大字石川字野崎25-2,40.556021,140.530951,JR奥羽本線(新庄～青森),JR東日本,1,D,5,駅データ.jp
1120257,1120257,弘前,青森県,弘前市,弘前市,弘前市表町,40.599356,140.485362,JR奥羽本線(新庄～青森)|弘南鉄道弘南線,JR東日本|弘南鉄道,2,C,23,駅データ.jp
1120258,1120258,撫牛子,青森県,弘前市,弘前市,弘前市大字撫牛子,40.621298,140.497616,JR奥羽本線(新庄～青森),JR東日本,1,D,5,駅データ.jp
1120259,1120259,川部,青森県,,,南津軽郡田舎館村大字川部,40.646862,140.521376,JR五能線|JR奥羽本線(新庄～青森),JR東日本,2,D,15,駅データ.jp
1120260,1120260,北常盤,青森県,,,南津軽郡藤崎町常盤,40.67053,140.54359,JR奥羽本線(新庄～青森),JR東日本,1,D,5,駅データ.jp
1120261,1120261,浪岡,青森県,青森市,青森市,青森市浪岡浪岡,40.71021,140.580664,JR奥羽本線(新庄～青森),JR東日本,1,D,5,駅データ.jp
1120262,1120262,大釈迦,青森県,青森市,青森市,青森市浪岡大釈迦,40.756736,140.587776,JR奥羽本線(新庄～青森),JR東日本,1,D,5,駅データ.jp
1120263,1120263,鶴ケ坂,青森県,青森市,青森市,青森県青森市大字鶴ケ坂字川合91-3,40.791228,140.634878,JR奥羽本線(新庄～青森),JR東日本,1,D,5,駅データ.jp
1120264,1120264,津軽新城,青森県,青森市,青森市,青森市大字新城,40.828022,140.672025,JR奥羽本線(新庄～青森),JR東日本,1,D,5,駅データ.jp
1120265,1120265,新青森,青森県,青森市,青森市,青森県青森市大字石江字高間140-2,40.8275,140.693472,JR奥羽本線(新庄～青森),JR東日本,1,C,23,駅データ.jp
1120267,1120267,泉外旭川,秋田県,秋田市,秋田市,秋田市泉菅野二丁目18番,39.73835,140.112181,JR奥羽本線(新庄～青森),JR東日本,1,D,5,駅データ.jp
1120302,1120302,北野辺地,青森県,,,上北郡野辺地町大字野辺地,40.871077,141.134115,はまなすベイライン大湊線,JR東日本,1,D,5,駅データ.jp
1120303,1120303,有戸,青森県,,,上北郡野辺地町大字有戸,40.913949,141.189264,はまなすベイライン大湊線,JR東日本,1,D,5,駅データ.jp
1120304,1120304,吹越,青森県,,,上北郡横浜町字吹越,41.022038,141.246552,はまなすベイライン大湊線,JR東日本,1,D,5,駅データ.jp
1120305,1120305,陸奥横浜,青森県,,,上北郡横浜町字舘の後,41.086544,141.249757,はまなすベイライン大湊線,JR東日本,1,D,5,駅データ.jp
1120306,1120306,有畑,青森県,,,上北郡横浜町字有畑,41.131818,141.276421,はまなすベイライン大湊線,JR東日本,1,D,5,駅データ.jp
1120307,1120307,近川,青森県,むつ市,むつ市,むつ市大字奥内,41.191687,141.279021,はまなすベイライン大湊線,JR東日本,1,D,5,駅データ.jp
1120308,1120308,金谷沢,青森県,むつ市,むつ市,むつ市大字奥内,41.228854,141.248432,はまなすベイライン大湊線,JR東日本,1,D,5,駅データ.jp
1120309,1120309,赤川,青森県,むつ市,むつ市,むつ市赤川町,41.267829,141.209339,はまなすベイライン大湊線,JR東日本,1,D,5,駅データ.jp
1120310,1120310,下北,青森県,むつ市,むつ市,むつ市下北町,41.28288,141.18989,はまなすベイライン大湊線,JR東日本,1,D,5,駅データ.jp
1120311,1120311,大湊,青森県,むつ市,むつ市,むつ市大湊新町,41.280344,141.161772,はまなすベイライン大湊線,JR東日本,1,D,5,駅データ.jp
1120402,1120402,能代,秋田県,能代市,能代市,秋田県能代市元町14-40,40.206577,140.033084,JR五能線,JR東日本,1,D,13,駅データ.jp
1120403,1120403,向能代,秋田県,能代市,能代市,能代市落合,40.225669,140.039111,JR五能線,JR東日本,1,D,13,駅データ.jp
1120404,1120404,北能代,秋田県,能代市,能代市,能代市竹生,40.254138,140.033835,JR五能線,JR東日本,1,D,13,駅データ.jp
1120405,1120405,鳥形,秋田県,能代市,能代市,能代市坂形,40.271433,140.036931,JR五能線,JR東日本,1,D,5,駅データ.jp
1120406,1120406,沢目,秋田県,,,山本郡八峰町峰浜水沢,40.295929,140.037824,JR五能線,JR東日本,1,D,5,駅データ.jp
1120407,1120407,東八森,秋田県,,,山本郡八峰町八森八森,40.332086,140.032462,JR五能線,JR東日本,1,D,5,駅データ.jp
1120408,1120408,八森,秋田県,,,山本郡八峰町八森中浜,40.37135,140.017882,JR五能線,JR東日本,1,D,5,駅データ.jp
1120409,1120409,滝ノ間,秋田県,,,山本郡八峰町八森滝ノ間,40.379967,140.00221,JR五能線,JR東日本,1,D,5,駅データ.jp
1120410,1120410,あきた白神,秋田県,,,山本郡八峰町八森御所の台,40.386583,139.987793,JR五能線,JR東日本,1,D,5,駅データ.jp
1120411,1120411,岩館,秋田県,,,山本郡八峰町八森釜の上,40.406241,139.966258,JR五能線,JR東日本,1,D,5,駅データ.jp
1120412,1120412,大間越,青森県,,,西津軽郡深浦町大間越,40.492407,139.950062,JR五能線,JR東日本,1,D,5,駅データ.jp
1120413,1120413,白神岳登山口,青森県,,,西津軽郡深浦町黒崎,40.513551,139.950318,JR五能線,JR東日本,1,D,5,駅データ.jp
1120414,1120414,松神,青森県,,,西津軽郡深浦町松神,40.534902,139.946556,JR五能線,JR東日本,1,D,5,駅データ.jp
1120415,1120415,十二湖,青森県,,,西津軽郡深浦町松神,40.551539,139.941986,JR五能線,JR東日本,1,D,5,駅データ.jp
1120416,1120416,陸奥岩崎,青森県,,,西津軽郡深浦町岩崎,40.583333,139.924183,JR五能線,JR東日本,1,D,5,駅データ.jp
1120417,1120417,陸奥沢辺,青森県,,,西津軽郡深浦町沢辺,40.586175,139.894991,JR五能線,JR東日本,1,D,5,駅データ.jp
1120418,1120418,ウェスパ椿山,青森県,,,西津軽郡深浦町大字舮作字鍋石２２６-１,40.592913,139.871157,JR五能線,JR東日本,1,D,5,駅データ.jp
1120419,1120419,艫作,青森県,,,西津軽郡深浦町大字舮作,40.608534,139.864856,JR五能線,JR東日本,1,D,5,駅データ.jp
1120420,1120420,横磯,青森県,,,西津軽郡深浦町大字横磯,40.629891,139.89091,JR五能線,JR東日本,1,D,5,駅データ.jp
1120421,1120421,深浦,青森県,,,西津軽郡深浦町大字深浦,40.650239,139.929372,JR五能線,JR東日本,1,D,5,駅データ.jp
1120422,1120422,広戸,青森県,,,西津軽郡深浦町大字広戸,40.67434,139.955586,JR五能線,JR東日本,1,D,5,駅データ.jp
1120423,1120423,追良瀬,青森県,,,西津軽郡深浦町大字追良瀬,40.686114,139.970298,JR五能線,JR東日本,1,D,5,駅データ.jp
1120424,1120424,驫木,青森県,,,西津軽郡深浦町大字驫木,40.707218,139.982954,JR五能線,JR東日本,1,D,5,駅データ.jp
1120425,1120425,風合瀬,青森県,,,西津軽郡深浦町大字風合瀬,40.731826,139.99432,JR五能線,JR東日本,1,D,5,駅データ.jp
1120426,1120426,大戸瀬,青森県,,,西津軽郡深浦町大字田野沢,40.759325,140.033596,JR五能線,JR東日本,1,D,5,駅データ.jp
1120427,1120427,千畳敷,青森県,,,西津軽郡深浦町大字北金ケ沢,40.767769,140.054832,JR五能線,JR東日本,1,D,5,駅データ.jp
1120428,1120428,北金ケ沢,青森県,,,青森県西津軽郡深浦町大字関字栃沢92,40.745995,140.095052,JR五能線,JR東日本,1,D,5,駅データ.jp
1120429,1120429,陸奥柳田,青森県,,,西津軽郡深浦町大字柳田,40.740616,140.123243,JR五能線,JR東日本,1,D,5,駅データ.jp
1120430,1120430,陸奥赤石,青森県,,,西津軽郡鰺ヶ沢町赤石町,40.76156,140.162057,JR五能線,JR東日本,1,D,5,駅データ.jp
1120431,1120431,鰺ケ沢,青森県,,,青森県西津軽郡鰺ヶ沢町大字舞戸町字下富田36-2,40.775255,140.220589,JR五能線,JR東日本,1,D,5,駅データ.jp
1120432,1120432,鳴沢,青森県,,,西津軽郡鰺ヶ沢町北浮田町,40.782189,140.267617,JR五能線,JR東日本,1,D,5,駅データ.jp
1120433,1120433,越水,青森県,つがる市,つがる市,つがる市森田町大館,40.787258,140.298628,JR五能線,JR東日本,1,D,5,駅データ.jp
1120434,1120434,陸奥森田,青森県,つがる市,つがる市,つがる市森田町床舞,40.781738,140.339033,JR五能線,JR東日本,1,D,5,駅データ.jp
1120435,1120435,中田,青森県,つがる市,つがる市,つがる市森田町中田,40.787424,140.364505,JR五能線,JR東日本,1,D,5,駅データ.jp
1120436,1120436,木造,青森県,つがる市,つがる市,つがる市木造房松,40.802482,140.387775,JR五能線,JR東日本,1,D,5,駅データ.jp
1120437,1120437,五所川原,青森県,五所川原市,五所川原市,五所川原市字大町,40.809404,140.448125,JR五能線|津軽鉄道線,JR東日本|津軽鉄道,2,C,23,駅データ.jp
1120438,1120438,陸奥鶴田,青森県,,,北津軽郡鶴田町大字鶴田,40.757544,140.435276,JR五能線,JR東日本,1,D,5,駅データ.jp
1120439,1120439,鶴泊,青森県,,,北津軽郡鶴田町大字鶴泊,40.736026,140.437616,JR五能線,JR東日本,1,D,5,駅データ.jp
1120440,1120440,板柳,青森県,,,北津軽郡板柳町大字福野田,40.69726,140.461785,JR五能線,JR東日本,1,D,5,駅データ.jp
1120441,1120441,林崎,青森県,,,南津軽郡藤崎町大字林崎,40.675355,140.480401,JR五能線,JR東日本,1,D,5,駅データ.jp
1120442,1120442,藤崎,青森県,,,南津軽郡藤崎町大字藤崎,40.654047,140.499531,JR五能線,JR東日本,1,D,5,駅データ.jp
1120502,1120502,油川,青森県,青森市,青森市,青森市大字羽白,40.857035,140.690476,JR津軽線,JR東日本,1,D,5,駅データ.jp
1120503,1120503,津軽宮田,青森県,青森市,青森市,青森市大字奥内,40.887184,140.674579,JR津軽線,JR東日本,1,D,5,駅データ.jp
1120504,1120504,奥内,青森県,青森市,青森市,青森市大字清水,40.903044,140.672382,JR津軽線,JR東日本,1,D,5,駅データ.jp
1120505,1120505,左堰,青森県,青森市,青森市,青森市大字左堰,40.917214,140.665929,JR津軽線,JR東日本,1,D,5,駅データ.jp
1120506,1120506,後潟,青森県,青森市,青森市,青森市大字六枚橋,40.931519,140.662734,JR津軽線,JR東日本,1,D,5,駅データ.jp
1120507,1120507,中沢,青森県,青森市,青森市,青森市大字四戸橋,40.949044,140.656244,JR津軽線,JR東日本,1,D,5,駅データ.jp
1120508,1120508,蓬田,青森県,,,東津軽郡蓬田村大字阿弥陀川,40.969042,140.654533,JR津軽線,JR東日本,1,D,5,駅データ.jp
1120509,1120509,郷沢,青森県,,,東津軽郡蓬田村大字郷沢,40.987682,140.652399,JR津軽線,JR東日本,1,D,5,駅データ.jp
1120510,1120510,瀬辺地,青森県,,,東津軽郡蓬田村大字瀬辺地,41.007869,140.648179,JR津軽線,JR東日本,1,D,5,駅データ.jp
1120511,1120511,蟹田,青森県,,,東津軽郡外ヶ浜町蟹田,41.038274,140.642565,JR津軽線,JR東日本,1,D,5,駅データ.jp
1120513,1120513,大平,青森県,,,東津軽郡外ヶ浜町字蟹田大平,41.065866,140.559375,JR津軽線,JR東日本,1,D,5,駅データ.jp
1120515,1120515,大川平,青森県,,,東津軽郡今別町大字大川平,41.163204,140.507592,JR津軽線,JR東日本,1,D,5,駅データ.jp
1120516,1120516,今別,青森県,,,東津軽郡今別町大字今別,41.179741,140.490448,JR津軽線,JR東日本,1,D,5,駅データ.jp
1120517,1120517,津軽浜名,青森県,,,東津軽郡今別町大字浜名,41.180521,140.47185,JR津軽線,JR東日本,1,D,5,駅データ.jp
1120518,1120518,三厩,青森県,,,東津軽郡外ヶ浜町三厩東町,41.185404,140.444482,JR津軽線,JR東日本,1,D,5,駅データ.jp
1120601,1120601,八戸,青森県,八戸市,八戸市,八戸市尻内町,40.5092,141.431499,JR八戸線|青い森鉄道線,JR東日本|青い森鉄道,2,C,33,駅データ.jp
1120602,1120602,長苗代,青森県,八戸市,八戸市,八戸市大字長苗代,40.52146,141.465907,JR八戸線,JR東日本,1,D,5,駅データ.jp
1120603,1120603,本八戸,青森県,八戸市,八戸市,八戸市内丸１,40.516286,141.488762,JR八戸線,JR東日本,1,D,13,駅データ.jp
1120604,1120604,小中野,青森県,八戸市,八戸市,八戸市大字小中野町,40.518767,141.510032,JR八戸線,JR東日本,1,D,5,駅データ.jp
1120605,1120605,陸奥湊,青森県,八戸市,八戸市,八戸市大字湊町,40.52335,141.527652,JR八戸線,JR東日本,1,D,5,駅データ.jp
1120606,1120606,白銀,青森県,八戸市,八戸市,八戸市大字白銀,40.522031,141.541648,JR八戸線,JR東日本,1,D,5,駅データ.jp
1120607,1120607,鮫,青森県,八戸市,八戸市,八戸市大字鮫町,40.530244,141.554891,JR八戸線,JR東日本,1,D,5,駅データ.jp
1120609,1120609,陸奥白浜,青森県,八戸市,八戸市,八戸市大字鮫町,40.516636,141.592299,JR八戸線,JR東日本,1,D,5,駅データ.jp
1120610,1120610,種差海岸,青森県,八戸市,八戸市,八戸市大字鮫町,40.506951,141.607367,JR八戸線,JR東日本,1,D,5,駅データ.jp
1120611,1120611,大久喜,青森県,八戸市,八戸市,八戸市大字鮫町,40.495135,141.622958,JR八戸線,JR東日本,1,D,5,駅データ.jp
1120612,1120612,金浜,青森県,八戸市,八戸市,八戸市大字金浜字金浜,40.475994,141.637366,JR八戸線,JR東日本,1,D,5,駅データ.jp
1120613,1120613,大蛇,青森県,,,三戸郡階上町大字道仏,40.467251,141.650773,JR八戸線,JR東日本,1,D,5,駅データ.jp
1120614,1120614,階上,青森県,,,三戸郡階上町大字道仏,40.456834,141.664958,JR八戸線,JR東日本,1,D,5,駅データ.jp
1120615,1120615,角の浜,岩手県,九戸郡洋野町種市,九戸郡洋野町種市,九戸郡洋野町種市第３９地割角浜,40.444478,141.681773,JR八戸線,JR東日本,1,D,5,駅データ.jp
1120616,1120616,平内,岩手県,九戸郡洋野町種市,九戸郡洋野町種市,九戸郡洋野町種市第３６地割,40.42552,141.699272,JR八戸線,JR東日本,1,D,5,駅データ.jp
1120617,1120617,種市,岩手県,九戸郡洋野町種市,九戸郡洋野町種市,九戸郡洋野町種市第２３地割,40.410384,141.715232,JR八戸線,JR東日本,1,D,5,駅データ.jp
1120618,1120618,玉川,岩手県,九戸郡洋野町種市,九戸郡洋野町種市,九戸郡洋野町種市第１３地割,40.380424,141.735117,JR八戸線,JR東日本,1,D,5,駅データ.jp
1120619,1120619,宿戸,岩手県,九戸郡洋野町種市,九戸郡洋野町種市,九戸郡洋野町種市第７地割,40.366129,141.746683,JR八戸線,JR東日本,1,D,5,駅データ.jp
1120620,1120620,陸中八木,岩手県,九戸郡洋野町種市,九戸郡洋野町種市,九戸郡洋野町種市第１地割,40.345485,141.766517,JR八戸線,JR東日本,1,D,5,駅データ.jp
1120621,1120621,有家,岩手県,,,九戸郡洋野町有家,40.324007,141.773031,JR八戸線,JR東日本,1,D,5,駅データ.jp
1120622,1120622,陸中中野,岩手県,,,九戸郡洋野町中野,40.305165,141.787768,JR八戸線,JR東日本,1,D,5,駅データ.jp
1120623,1120623,侍浜,岩手県,久慈市,久慈市,久慈市侍浜町字堀切,40.261375,141.760575,JR八戸線,JR東日本,1,D,5,駅データ.jp
1120624,1120624,陸中夏井,岩手県,久慈市,久慈市,久慈市夏井町字大崎,40.207747,141.791906,JR八戸線,JR東日本,1,D,5,駅データ.jp
1120625,1120625,久慈,岩手県,久慈市,久慈市,久慈市中央３,40.190391,141.770891,JR八戸線|三陸鉄道リアス線,JR東日本|三陸鉄道,2,C,23,駅データ.jp
1120701,1120701,茂市,岩手県,宮古市,宮古市,宮古市茂市,39.620619,141.799288,JR山田線,JR東日本,1,D,5,駅データ.jp
1120802,1120802,真滝,岩手県,一関市,一関市,一関市滝沢,38.908239,141.17793,ドラゴンレール大船渡線,JR東日本,1,D,5,駅データ.jp
1120803,1120803,陸中門崎,岩手県,一関市,一関市,一関市川崎町門崎,38.916908,141.251226,ドラゴンレール大船渡線,JR東日本,1,D,5,駅データ.jp
1120804,1120804,岩ノ下,岩手県,一関市,一関市,一関市東山町松川,38.947699,141.245342,ドラゴンレール大船渡線,JR東日本,1,D,5,駅データ.jp
1120805,1120805,陸中松川,岩手県,一関市,一関市,一関市東山町松川,38.977237,141.238046,ドラゴンレール大船渡線,JR東日本,1,D,5,駅データ.jp
1120806,1120806,猊鼻渓,岩手県,一関市,一関市,一関市東山町長坂,38.988939,141.25327,ドラゴンレール大船渡線,JR東日本,1,D,5,駅データ.jp
1120807,1120807,柴宿,岩手県,一関市,一関市,一関市東山町長坂,38.996719,141.272312,ドラゴンレール大船渡線,JR東日本,1,D,5,駅データ.jp
1120808,1120808,摺沢,岩手県,一関市,一関市,一関市大東町摺沢,38.99593,141.32146,ドラゴンレール大船渡線,JR東日本,1,D,5,駅データ.jp
1120809,1120809,千厩,岩手県,一関市,一関市,一関市千厩町千厩,38.924873,141.34563,ドラゴンレール大船渡線,JR東日本,1,D,5,駅データ.jp
1120810,1120810,小梨,岩手県,一関市,一関市,一関市千厩町清田,38.932493,141.38418,ドラゴンレール大船渡線,JR東日本,1,D,5,駅データ.jp
1120811,1120811,矢越,岩手県,一関市,一関市,一関市室根町矢越,38.935224,141.429029,ドラゴンレール大船渡線,JR東日本,1,D,5,駅データ.jp
1120812,1120812,折壁,岩手県,一関市,一関市,一関市室根町折壁,38.939428,141.452346,ドラゴンレール大船渡線,JR東日本,1,D,5,駅データ.jp
1120813,1120813,新月,岩手県,一関市,一関市,一関市室根町折壁,38.915598,141.488796,ドラゴンレール大船渡線,JR東日本,1,D,5,駅データ.jp
1120814,1120814,気仙沼,宮城県,気仙沼市,気仙沼市,気仙沼市古町,38.910031,141.558893,ドラゴンレール大船渡線,JR東日本,1,D,13,駅データ.jp
1120825,1120825,盛,岩手県,大船渡市,大船渡市,大船渡市盛町字東町裏,39.086372,141.710734,三陸鉄道リアス線,三陸鉄道,1,D,5,駅データ.jp
1120902,1120902,似内,岩手県,花巻市,花巻市,花巻市上似内,39.406819,141.140889,銀河ドリームライン釜石線,JR東日本,1,D,5,駅データ.jp
1120903,1120903,新花巻,岩手県,花巻市,花巻市,花巻市矢沢第１０地割,39.405839,141.17302,銀河ドリームライン釜石線,JR東日本,1,D,13,駅データ.jp
1120904,1120904,小山田,岩手県,花巻市,花巻市,花巻市幸田,39.4086,141.193999,銀河ドリームライン釜石線,JR東日本,1,D,5,駅データ.jp
1120905,1120905,土沢,岩手県,花巻市,花巻市,花巻市東和町土沢,39.383381,141.232488,銀河ドリームライン釜石線,JR東日本,1,D,5,駅データ.jp
1120906,1120906,晴山,岩手県,花巻市,花巻市,花巻市東和町東晴山,39.366617,141.257892,銀河ドリームライン釜石線,JR東日本,1,D,5,駅データ.jp
1120907,1120907,岩根橋,岩手県,遠野市,遠野市,遠野市宮守町下宮守,39.355264,141.318795,銀河ドリームライン釜石線,JR東日本,1,D,5,駅データ.jp
1120908,1120908,宮守,岩手県,遠野市,遠野市,遠野市宮守町下宮守,39.351066,141.350271,銀河ドリームライン釜石線,JR東日本,1,D,5,駅データ.jp
1120909,1120909,柏木平,岩手県,遠野市,遠野市,遠野市宮守町下鱒沢,39.30606,141.379862,銀河ドリームライン釜石線,JR東日本,1,D,5,駅データ.jp
1120910,1120910,鱒沢,岩手県,遠野市,遠野市,遠野市宮守町下鱒沢,39.300158,141.399252,銀河ドリームライン釜石線,JR東日本,1,D,5,駅データ.jp
1120911,1120911,荒谷前,岩手県,遠野市,遠野市,遠野市宮守町上鱒沢,39.309928,141.428507,銀河ドリームライン釜石線,JR東日本,1,D,5,駅データ.jp
1120912,1120912,岩手二日町,岩手県,遠野市,遠野市,遠野市綾織町下綾織,39.323441,141.45606,銀河ドリームライン釜石線,JR東日本,1,D,5,駅データ.jp
1120913,1120913,綾織,岩手県,遠野市,遠野市,遠野市綾織町新里,39.328422,141.476845,銀河ドリームライン釜石線,JR東日本,1,D,5,駅データ.jp
1120914,1120914,遠野,岩手県,遠野市,遠野市,遠野市新穀町,39.332529,141.53072,銀河ドリームライン釜石線,JR東日本,1,D,13,駅データ.jp
1120915,1120915,青笹,岩手県,遠野市,遠野市,遠野市青笹町青笹,39.311482,141.568957,銀河ドリームライン釜石線,JR東日本,1,D,5,駅データ.jp
1120916,1120916,岩手上郷,岩手県,遠野市,遠野市,遠野市上郷町板沢,39.284658,141.585834,銀河ドリームライン釜石線,JR東日本,1,D,5,駅データ.jp
1120917,1120917,平倉,岩手県,遠野市,遠野市,遠野市上郷町平倉,39.264682,141.595661,銀河ドリームライン釜石線,JR東日本,1,D,5,駅データ.jp
1120918,1120918,足ケ瀬,岩手県,遠野市,遠野市,岩手県遠野市上郷町細越38,39.254766,141.645807,銀河ドリームライン釜石線,JR東日本,1,D,5,駅データ.jp
1120919,1120919,上有住,岩手県,,,気仙郡住田町上有住,39.242013,141.681522,銀河ドリームライン釜石線,JR東日本,1,D,5,駅データ.jp
1120920,1120920,陸中大橋,岩手県,釜石市,釜石市,釜石市甲子町,39.280451,141.718436,銀河ドリームライン釜石線,JR東日本,1,D,5,駅データ.jp
1120921,1120921,洞泉,岩手県,釜石市,釜石市,釜石市甲子町,39.250671,141.760388,銀河ドリームライン釜石線,JR東日本,1,D,5,駅データ.jp
1120922,1120922,松倉,岩手県,釜石市,釜石市,釜石市甲子町,39.256458,141.801484,銀河ドリームライン釜石線,JR東日本,1,D,5,駅データ.jp
1120923,1120923,小佐野,岩手県,釜石市,釜石市,釜石市小佐野町１,39.264464,141.836515,銀河ドリームライン釜石線,JR東日本,1,D,5,駅データ.jp
1120924,1120924,釜石,岩手県,釜石市,釜石市,釜石市鈴子町,39.273321,141.87267,三陸鉄道リアス線|銀河ドリームライン釜石線,JR東日本|三陸鉄道,2,C,23,駅データ.jp
1121002,1121002,柳原,岩手県,北上市,北上市,北上市柳原町１丁目,39.294597,141.111671,JR北上線,JR東日本,1,D,5,駅データ.jp
1121003,1121003,江釣子,岩手県,北上市,北上市,北上市上江釣子,39.298349,141.075749,JR北上線,JR東日本,1,D,5,駅データ.jp
1121004,1121004,藤根,岩手県,北上市,北上市,北上市和賀町藤根,39.301064,141.039571,JR北上線,JR東日本,1,D,5,駅データ.jp
1121005,1121005,立川目,岩手県,北上市,北上市,北上市和賀町竪川目,39.307876,140.997144,JR北上線,JR東日本,1,D,5,駅データ.jp
1121006,1121006,横川目,岩手県,北上市,北上市,北上市和賀町横川目,39.309255,140.972143,JR北上線,JR東日本,1,D,5,駅データ.jp
1121007,1121007,岩沢,岩手県,北上市,北上市,北上市和賀町岩沢,39.301016,140.931616,JR北上線,JR東日本,1,D,5,駅データ.jp
1121008,1121008,和賀仙人,岩手県,北上市,北上市,北上市和賀町仙人,39.308523,140.909485,JR北上線,JR東日本,1,D,5,駅データ.jp
1121009,1121009,ゆだ錦秋湖,岩手県,,,和賀郡西和賀町耳取４９地割,39.295513,140.835343,JR北上線,JR東日本,1,D,5,駅データ.jp
1121010,1121010,ほっとゆだ,岩手県,,,和賀郡西和賀町川尻４０地割,39.314493,140.775647,JR北上線,JR東日本,1,D,5,駅データ.jp
1121011,1121011,ゆだ高原,岩手県,,,和賀郡西和賀町白木野６７地割,39.301074,140.737205,JR北上線,JR東日本,1,D,5,駅データ.jp
1121012,1121012,黒沢,秋田県,横手市,横手市,秋田県横手市山内黒沢字蒲坂57,39.276243,140.699619,JR北上線,JR東日本,1,D,5,駅データ.jp
1121013,1121013,小松川,秋田県,横手市,横手市,横手市山内小松川,39.293403,140.646094,JR北上線,JR東日本,1,D,5,駅データ.jp
1121015,1121015,相野々,秋田県,横手市,横手市,横手市山内土渕,39.27805,140.619067,JR北上線,JR東日本,1,D,5,駅データ.jp
1121102,1121102,大釜,岩手県,滝沢市,滝沢市,岩手県滝沢市篠木明法,39.711586,141.072202,JR田沢湖線,JR東日本,1,D,5,駅データ.jp
1121103,1121103,小岩井,岩手県,滝沢市,滝沢市,岩手県滝沢市大釜風林19-2,39.709731,141.02465,JR田沢湖線,JR東日本,1,D,5,駅データ.jp
1121104,1121104,雫石,岩手県,,,岩手郡雫石町寺の下,39.689244,140.974762,JR田沢湖線,JR東日本,1,D,5,駅データ.jp
1121105,1121105,春木場,岩手県,,,岩手郡雫石町大字上野,39.693396,140.943954,JR田沢湖線,JR東日本,1,D,5,駅データ.jp
1121106,1121106,赤渕,岩手県,,,岩手郡雫石町大字御明神,39.685112,140.907222,JR田沢湖線,JR東日本,1,D,5,駅データ.jp
1121107,1121107,田沢湖,秋田県,仙北市,仙北市,仙北市田沢湖生保内,39.700363,140.722139,JR田沢湖線,JR東日本,1,D,5,駅データ.jp
1121108,1121108,刺巻,秋田県,仙北市,仙北市,仙北市田沢湖刺巻,39.668563,140.69196,JR田沢湖線,JR東日本,1,D,5,駅データ.jp
1121109,1121109,神代,秋田県,仙北市,仙北市,仙北市田沢湖卒田,39.622667,140.627358,JR田沢湖線,JR東日本,1,D,5,駅データ.jp
1121110,1121110,生田,秋田県,仙北市,仙北市,仙北市田沢湖神代,39.612065,140.601203,JR田沢湖線,JR東日本,1,D,5,駅データ.jp
1121111,1121111,角館,秋田県,仙北市,仙北市,仙北市角館町岩瀬,39.591716,140.570988,JR田沢湖線|秋田内陸線,JR東日本|秋田内陸縦貫鉄道,2,D,15,駅データ.jp
1121112,1121112,鶯野,秋田県,大仙市,大仙市,大仙市下鶯野,39.568536,140.557901,JR田沢湖線,JR東日本,1,D,5,駅データ.jp
1121113,1121113,羽後長野,秋田県,大仙市,大仙市,大仙市長野,39.546003,140.540448,JR田沢湖線,JR東日本,1,D,5,駅データ.jp
1121114,1121114,鑓見内,秋田県,大仙市,大仙市,大仙市鑓見内,39.519323,140.527744,JR田沢湖線,JR東日本,1,D,5,駅データ.jp
1121115,1121115,羽後四ツ屋,秋田県,大仙市,大仙市,大仙市四ツ屋,39.501511,140.511886,JR田沢湖線,JR東日本,1,D,5,駅データ.jp
1121116,1121116,北大曲,秋田県,大仙市,大仙市,大仙市四ツ屋,39.48944,140.497966,JR田沢湖線,JR東日本,1,D,5,駅データ.jp
1121118,1121118,前潟,岩手県,盛岡市,盛岡市,岩手県盛岡市上厨川前潟153-1,39.713028,141.101,JR田沢湖線,JR東日本,1,D,5,駅データ.jp
1121201,1121201,好摩,岩手県,盛岡市,盛岡市玉山区,盛岡市玉山区好摩,39.874037,141.173685,いわて銀河鉄道線|十和田八幡平四季彩ライン,IGRいわて銀河鉄道|JR東日本,2,D,15,駅データ.jp
1121202,1121202,東大更,岩手県,八幡平市,八幡平市,八幡平市大更,39.902621,141.142537,十和田八幡平四季彩ライン,JR東日本,1,D,5,駅データ.jp
1121203,1121203,大更,岩手県,八幡平市,八幡平市,八幡平市大更,39.913746,141.100808,十和田八幡平四季彩ライン,JR東日本,1,D,5,駅データ.jp
1121204,1121204,平館,岩手県,八幡平市,八幡平市,八幡平市平舘,39.950886,141.08531,十和田八幡平四季彩ライン,JR東日本,1,D,5,駅データ.jp
1121205,1121205,北森,岩手県,八幡平市,八幡平市,八幡平市野駄,39.956694,141.071889,十和田八幡平四季彩ライン,JR東日本,1,D,5,駅データ.jp
1121206,1121206,松尾八幡平,岩手県,八幡平市,八幡平市,八幡平市松尾,39.969241,141.043903,十和田八幡平四季彩ライン,JR東日本,1,D,13,駅データ.jp
1121207,1121207,安比高原,岩手県,八幡平市,八幡平市,八幡平市松尾前森官有地,40.012587,140.997239,十和田八幡平四季彩ライン,JR東日本,1,D,5,駅データ.jp
1121208,1121208,赤坂田,岩手県,八幡平市,八幡平市,八幡平市赤坂田,40.048464,141.00394,十和田八幡平四季彩ライン,JR東日本,1,D,5,駅データ.jp
1121209,1121209,小屋の畑,岩手県,八幡平市,八幡平市,八幡平市保戸坂,40.076539,141.020673,十和田八幡平四季彩ライン,JR東日本,1,D,5,駅データ.jp
1121210,1121210,荒屋新町,岩手県,八幡平市,八幡平市,八幡平市荒屋新町,40.097682,141.049196,十和田八幡平四季彩ライン,JR東日本,1,D,5,駅データ.jp
1121211,1121211,横間,岩手県,八幡平市,八幡平市,八幡平市打田内,40.107475,141.027151,十和田八幡平四季彩ライン,JR東日本,1,D,5,駅データ.jp
1121212,1121212,田山,岩手県,八幡平市,八幡平市,八幡平市石名坂,40.139674,140.944126,十和田八幡平四季彩ライン,JR東日本,1,D,5,駅データ.jp
1121213,1121213,兄畑,岩手県,八幡平市,八幡平市,八幡平市沖ノ平,40.115869,140.88302,十和田八幡平四季彩ライン,JR東日本,1,D,5,駅データ.jp
1121214,1121214,湯瀬温泉,秋田県,鹿角市,鹿角市,鹿角市八幡平湯瀬,40.122384,140.840292,十和田八幡平四季彩ライン,JR東日本,1,D,5,駅データ.jp
1121215,1121215,八幡平,秋田県,鹿角市,鹿角市,鹿角市八幡平小山,40.142881,140.804496,十和田八幡平四季彩ライン,JR東日本,1,D,5,駅データ.jp
1121216,1121216,陸中大里,秋田県,鹿角市,鹿角市,鹿角市八幡平長田,40.158574,140.793477,十和田八幡平四季彩ライン,JR東日本,1,D,5,駅データ.jp
1121217,1121217,鹿角花輪,秋田県,鹿角市,鹿角市,鹿角市花輪下中島,40.188453,140.785088,十和田八幡平四季彩ライン,JR東日本,1,D,13,駅データ.jp
1121218,1121218,柴平,秋田県,鹿角市,鹿角市,鹿角市花輪鶴田,40.230751,140.787941,十和田八幡平四季彩ライン,JR東日本,1,D,5,駅データ.jp
1121219,1121219,十和田南,秋田県,鹿角市,鹿角市,鹿角市十和田錦木,40.256069,140.770716,十和田八幡平四季彩ライン,JR東日本,1,D,5,駅データ.jp
1121220,1121220,末広,秋田県,鹿角市,鹿角市,鹿角市十和田末広,40.229788,140.737251,十和田八幡平四季彩ライン,JR東日本,1,D,5,駅データ.jp
1121221,1121221,土深井,秋田県,鹿角市,鹿角市,鹿角市十和田末広土深井字下向,40.222452,140.713142,十和田八幡平四季彩ライン,JR東日本,1,D,5,駅データ.jp
1121222,1121222,沢尻,秋田県,大館市,大館市,大館市十二所,40.230342,140.693288,十和田八幡平四季彩ライン,JR東日本,1,D,5,駅データ.jp
1121223,1121223,十二所,秋田県,大館市,大館市,大館市十二所,40.21429,140.668211,十和田八幡平四季彩ライン,JR東日本,1,D,5,駅データ.jp
1121224,1121224,大滝温泉,秋田県,大館市,大館市,大館市十二所上川代,40.209751,140.639625,十和田八幡平四季彩ライン,JR東日本,1,D,5,駅データ.jp
1121225,1121225,扇田,秋田県,大館市,大館市,大館市比内町扇田,40.229235,140.572472,十和田八幡平四季彩ライン,JR東日本,1,D,5,駅データ.jp
1121226,1121226,東大館,秋田県,大館市,大館市,大館市常盤木町,40.266005,140.554745,十和田八幡平四季彩ライン,JR東日本,1,D,13,駅データ.jp
1121302,1121302,上盛岡,岩手県,盛岡市,盛岡市,盛岡市本町通３,39.71146,141.147937,JR山田線,JR東日本,1,D,13,駅データ.jp
1121303,1121303,山岸,岩手県,盛岡市,盛岡市,盛岡市山岸２,39.71596,141.171401,JR山田線,JR東日本,1,D,5,駅データ.jp
1121304,1121304,上米内,岩手県,盛岡市,盛岡市,盛岡市上米内字中居,39.743855,141.203825,JR山田線,JR東日本,1,D,5,駅データ.jp
1121307,1121307,区界,岩手県,宮古市区,宮古市区,岩手県宮古市区界第1地割1009,39.65177,141.351352,JR山田線,JR東日本,1,D,5,駅データ.jp
1121308,1121308,松草,岩手県,宮古市区,宮古市区,岩手県宮古市区界第4地割28,39.635918,141.437421,JR山田線,JR東日本,1,D,5,駅データ.jp
1121310,1121310,川内,岩手県,宮古市,宮古市,岩手県宮古市川内第6地割48-3,39.640744,141.597548,JR山田線,JR東日本,1,D,5,駅データ.jp
1121311,1121311,箱石,岩手県,宮古市,宮古市,岩手県宮古市箱石,39.617115,141.625829,JR山田線,JR東日本,1,D,5,駅データ.jp
1121312,1121312,陸中川井,岩手県,宮古市,宮古市,岩手県宮古市川井第5地割102-10,39.597397,141.68153,JR山田線,JR東日本,1,D,5,駅データ.jp
1121313,1121313,腹帯,岩手県,宮古市,宮古市,宮古市腹帯,39.604539,141.767434,JR山田線,JR東日本,1,D,5,駅データ.jp
1121315,1121315,蟇目,岩手県,宮古市,宮古市,宮古市蟇目,39.629341,141.838876,JR山田線,JR東日本,1,D,5,駅データ.jp
1121316,1121316,花原市,岩手県,宮古市,宮古市,宮古市大字花原市,39.630233,141.861308,JR山田線,JR東日本,1,D,5,駅データ.jp
1121317,1121317,千徳,岩手県,宮古市,宮古市,宮古市大字千徳町,39.632251,141.9124,JR山田線,JR東日本,1,D,5,駅データ.jp
1121318,1121318,宮古,岩手県,宮古市,宮古市,宮古市栄町,39.640287,141.946454,JR山田線|三陸鉄道リアス線,JR東日本|三陸鉄道,2,C,23,駅データ.jp
1121401,1121401,新津,新潟県,新潟市,新潟市秋葉区,新潟市秋葉区新津本町１丁目,37.800383,139.121445,JR信越本線(直江津～新潟)|JR羽越本線|森と水とロマンの鉄道,JR東日本,3,C,24,駅データ.jp
1121402,1121402,京ケ瀬,新潟県,阿賀野市,阿賀野市,新潟県阿賀野市小河原453,37.817616,139.178322,JR羽越本線,JR東日本,1,D,5,駅データ.jp
1121403,1121403,水原,新潟県,阿賀野市,阿賀野市,阿賀野市下条,37.836712,139.217237,JR羽越本線,JR東日本,1,D,5,駅データ.jp
1121404,1121404,神山,新潟県,阿賀野市,阿賀野市,阿賀野市榎船渡,37.862586,139.244691,JR羽越本線,JR東日本,1,D,5,駅データ.jp
1121405,1121405,月岡,新潟県,新発田市,新発田市,新発田市大字本田字中谷内,37.889334,139.272488,JR羽越本線,JR東日本,1,D,5,駅データ.jp
1121406,1121406,中浦,新潟県,新発田市,新発田市,新発田市大字下飯塚,37.912202,139.302689,JR羽越本線,JR東日本,1,D,5,駅データ.jp
1121407,1121407,新発田,新潟県,新発田市,新発田市,新発田市諏訪町１丁目,37.94412,139.335189,JR白新線|JR羽越本線,JR東日本,2,C,23,駅データ.jp
1121408,1121408,加治,新潟県,新発田市,新発田市,新発田市下中,37.976411,139.358535,JR羽越本線,JR東日本,1,D,5,駅データ.jp
1121409,1121409,金塚,新潟県,新発田市,新発田市,新発田市下小中山,38.020178,139.37949,JR羽越本線,JR東日本,1,D,5,駅データ.jp
1121410,1121410,中条,新潟県,胎内市,胎内市,胎内市表町,38.049342,139.397541,JR羽越本線,JR東日本,1,D,5,駅データ.jp
1121411,1121411,平木田,新潟県,胎内市,胎内市,胎内市平木田,38.094338,139.427835,JR羽越本線,JR東日本,1,D,5,駅データ.jp
1121412,1121412,坂町,新潟県,村上市,村上市,村上市坂町,38.119277,139.445838,JR米坂線|JR羽越本線,JR東日本,2,D,15,駅データ.jp
1121413,1121413,平林,新潟県,村上市,村上市,村上市宿田,38.150027,139.459045,JR羽越本線,JR東日本,1,D,5,駅データ.jp
1121414,1121414,岩船町,新潟県,村上市,村上市,村上市小口川,38.183564,139.459643,JR羽越本線,JR東日本,1,D,5,駅データ.jp
1121415,1121415,村上,新潟県,村上市,村上市,村上市大字田端町,38.219851,139.463306,JR羽越本線,JR東日本,1,D,13,駅データ.jp
1121416,1121416,間島,新潟県,村上市,村上市,村上市大字間島,38.273078,139.450229,JR羽越本線,JR東日本,1,D,5,駅データ.jp
1121417,1121417,越後早川,新潟県,村上市,村上市,村上市大字早川字上境,38.316185,139.449887,JR羽越本線,JR東日本,1,D,5,駅データ.jp
1121418,1121418,桑川,新潟県,村上市,村上市,村上市桑川,38.375162,139.458838,JR羽越本線,JR東日本,1,D,5,駅データ.jp
1121419,1121419,今川,新潟県,村上市,村上市,村上市今川,38.410081,139.468389,JR羽越本線,JR東日本,1,D,5,駅データ.jp
1121420,1121420,越後寒川,新潟県,村上市,村上市,村上市寒川,38.448689,139.489948,JR羽越本線,JR東日本,1,D,5,駅データ.jp
1121421,1121421,勝木,新潟県,村上市,村上市,村上市勝木,38.490315,139.517468,JR羽越本線,JR東日本,1,D,5,駅データ.jp
1121422,1121422,府屋,新潟県,,,村上市府屋,38.513324,139.530452,JR羽越本線,JR東日本,1,D,5,駅データ.jp
1121423,1121423,鼠ケ関,山形県,鶴岡市,鶴岡市,山形県鶴岡市鼠ヶ関乙156-2,38.555433,139.548827,JR羽越本線,JR東日本,1,D,5,駅データ.jp
1121424,1121424,小岩川,山形県,鶴岡市,鶴岡市,鶴岡市小岩川,38.590399,139.56583,JR羽越本線,JR東日本,1,D,5,駅データ.jp
1121425,1121425,あつみ温泉,山形県,鶴岡市,鶴岡市,鶴岡市温海,38.624217,139.587955,JR羽越本線,JR東日本,1,D,5,駅データ.jp
1121426,1121426,五十川,山形県,鶴岡市,鶴岡市,鶴岡市五十川,38.670658,139.616182,JR羽越本線,JR東日本,1,D,5,駅データ.jp
1121427,1121427,小波渡,山形県,鶴岡市,鶴岡市,鶴岡市大字小波渡,38.692484,139.649836,JR羽越本線,JR東日本,1,D,5,駅データ.jp
1121428,1121428,三瀬,山形県,鶴岡市,鶴岡市,鶴岡市大字三瀬,38.699448,139.673643,JR羽越本線,JR東日本,1,D,5,駅データ.jp
1121429,1121429,羽前水沢,山形県,鶴岡市,鶴岡市,鶴岡市大字大広字山崎,38.713444,139.731372,JR羽越本線,JR東日本,1,D,5,駅データ.jp
1121430,1121430,羽前大山,山形県,鶴岡市,鶴岡市,鶴岡市大山１丁目,38.742155,139.768194,JR羽越本線,JR東日本,1,D,5,駅データ.jp
1121431,1121431,鶴岡,山形県,鶴岡市,鶴岡市,鶴岡市末広町１丁目,38.74011,139.83538,JR羽越本線,JR東日本,1,D,13,駅データ.jp
1121432,1121432,藤島,山形県,鶴岡市,鶴岡市,鶴岡市上藤島,38.768646,139.894087,JR羽越本線,JR東日本,1,D,5,駅データ.jp
1121433,1121433,西袋,山形県,,,東田川郡庄内町西袋,38.811528,139.907754,JR羽越本線,JR東日本,1,D,5,駅データ.jp
1121434,1121434,余目,山形県,,,東田川郡庄内町沢田,38.844321,139.911348,JR羽越本線|奥の細道最上川ライン,JR東日本,2,D,15,駅データ.jp
1121435,1121435,北余目,山形県,,,東田川郡庄内町平岡,38.867538,139.908074,JR羽越本線,JR東日本,1,D,5,駅データ.jp
1121436,1121436,砂越,山形県,酒田市,酒田市,酒田市砂越,38.895195,139.907345,JR羽越本線,JR東日本,1,D,5,駅データ.jp
1121437,1121437,東酒田,山形県,酒田市,酒田市,酒田市大町,38.907518,139.875495,JR羽越本線,JR東日本,1,D,13,駅データ.jp
1121438,1121438,酒田,山形県,酒田市,酒田市,酒田市幸町１丁目,38.922194,139.845987,JR羽越本線,JR東日本,1,D,13,駅データ.jp
1121439,1121439,本楯,山形県,酒田市,酒田市,酒田市大字本楯,38.968648,139.882081,JR羽越本線,JR東日本,1,D,5,駅データ.jp
1121440,1121440,南鳥海,山形県,酒田市,酒田市,酒田市大字米島,38.98736,139.898662,JR羽越本線,JR東日本,1,D,5,駅データ.jp
1121441,1121441,遊佐,山形県,,,飽海郡遊佐町大字遊佐町,39.015943,139.905161,JR羽越本線,JR東日本,1,D,5,駅データ.jp
1121442,1121442,吹浦,山形県,,,飽海郡遊佐町大字吹浦,39.069934,139.878762,JR羽越本線,JR東日本,1,D,5,駅データ.jp
1121443,1121443,女鹿,山形県,,,飽海郡遊佐町大字吹浦,39.098807,139.880963,JR羽越本線,JR東日本,1,D,5,駅データ.jp
1121444,1121444,小砂川,秋田県,にかほ市,にかほ市,にかほ市象潟町小砂川,39.137507,139.885692,JR羽越本線,JR東日本,1,D,5,駅データ.jp
1121445,1121445,上浜,秋田県,にかほ市,にかほ市,にかほ市象潟町洗釜,39.164738,139.902823,JR羽越本線,JR東日本,1,D,5,駅データ.jp
1121446,1121446,象潟,秋田県,にかほ市,にかほ市,にかほ市象潟町家の後,39.2078,139.902205,JR羽越本線,JR東日本,1,D,5,駅データ.jp
1121447,1121447,金浦,秋田県,にかほ市,にかほ市,にかほ市金浦,39.256183,139.920662,JR羽越本線,JR東日本,1,D,5,駅データ.jp
1121448,1121448,仁賀保,秋田県,にかほ市,にかほ市,にかほ市平沢,39.28979,139.964596,JR羽越本線,JR東日本,1,D,5,駅データ.jp
1121449,1121449,西目,秋田県,由利本荘市,由利本荘市,由利本荘市西目町沼田,39.347536,140.018518,JR羽越本線,JR東日本,1,D,5,駅データ.jp
1121450,1121450,羽後本荘,秋田県,由利本荘市,由利本荘市,由利本荘市西梵天,39.386877,140.057632,JR羽越本線|鳥海山ろく線,JR東日本|由利高原鉄道,2,D,15,駅データ.jp
1121451,1121451,羽後岩谷,秋田県,由利本荘市,由利本荘市,由利本荘市岩谷町,39.442075,140.0906,JR羽越本線,JR東日本,1,D,5,駅データ.jp
1121452,1121452,折渡,秋田県,由利本荘市,由利本荘市,由利本荘市岩城上黒川,39.476423,140.091097,JR羽越本線,JR東日本,1,D,5,駅データ.jp
1121453,1121453,羽後亀田,秋田県,由利本荘市,由利本荘市,由利本荘市松ケ崎,39.493884,140.063032,JR羽越本線,JR東日本,1,D,5,駅データ.jp
1121454,1121454,岩城みなと,秋田県,由利本荘市,由利本荘市,由利本荘市岩城内道川,39.545487,140.055122,JR羽越本線,JR東日本,1,D,5,駅データ.jp
1121455,1121455,道川,秋田県,由利本荘市,由利本荘市,由利本荘市岩城内道川,39.56054,140.057049,JR羽越本線,JR東日本,1,D,5,駅データ.jp
1121456,1121456,下浜,秋田県,秋田市,秋田市,秋田市下浜羽川,39.619678,140.064567,JR羽越本線,JR東日本,1,D,5,駅データ.jp
1121457,1121457,桂根,秋田県,秋田市,秋田市,秋田市下浜桂根,39.647566,140.066482,JR羽越本線,JR東日本,1,D,5,駅データ.jp
1121458,1121458,新屋,秋田県,秋田市,秋田市,秋田市新屋扇町,39.677493,140.087799,JR羽越本線,JR東日本,1,D,5,駅データ.jp
1121459,1121459,羽後牛島,秋田県,秋田市,秋田市,秋田市牛島西１丁目,39.695834,140.116467,JR羽越本線,JR東日本,1,D,5,駅データ.jp
1121502,1121502,出戸浜,秋田県,潟上市,潟上市,潟上市天王,39.844473,140.024374,JR男鹿線,JR東日本,1,D,5,駅データ.jp
1121503,1121503,上二田,秋田県,潟上市,潟上市,潟上市天王,39.869089,140.00409,JR男鹿線,JR東日本,1,D,5,駅データ.jp
1121504,1121504,二田,秋田県,潟上市,潟上市,潟上市天王,39.88174,139.987171,JR男鹿線,JR東日本,1,D,5,駅データ.jp
1121505,1121505,天王,秋田県,潟上市,潟上市,潟上市天王,39.898782,139.963609,JR男鹿線,JR東日本,1,D,5,駅データ.jp
1121506,1121506,船越,秋田県,男鹿市,男鹿市,男鹿市船越字狐森,39.90473,139.946804,JR男鹿線,JR東日本,1,D,5,駅データ.jp
1121507,1121507,脇本,秋田県,男鹿市,男鹿市,男鹿市脇本字曲田,39.915172,139.902657,JR男鹿線,JR東日本,1,D,5,駅データ.jp
1121508,1121508,羽立,秋田県,男鹿市,男鹿市,男鹿市船川港比詰字大巻,39.904569,139.86205,JR男鹿線,JR東日本,1,D,5,駅データ.jp
1121509,1121509,男鹿,秋田県,男鹿市,男鹿市,男鹿市船川港船川字新浜町,39.884571,139.848647,JR男鹿線,JR東日本,1,D,13,駅データ.jp
1121602,1121602,笹木野,福島県,福島市,福島市,福島市笹木野字金谷東,37.765926,140.425985,山形線,JR東日本,1,D,5,駅データ.jp
1121603,1121603,庭坂,福島県,福島市,福島市,福島市町庭坂字狐林,37.771537,140.389847,山形線,JR東日本,1,D,5,駅データ.jp
1121605,1121605,板谷,山形県,米沢市,米沢市,米沢市大字板谷,37.811627,140.268815,山形線,JR東日本,1,D,5,駅データ.jp
1121606,1121606,峠,山形県,米沢市,米沢市,米沢市大字大沢字峠,37.811935,140.236041,山形線,JR東日本,1,D,5,駅データ.jp
1121607,1121607,大沢,山形県,米沢市,米沢市,米沢市大字大沢字峠,37.839775,140.19801,山形線,JR東日本,1,D,5,駅データ.jp
1121608,1121608,関根,山形県,米沢市,米沢市,米沢市大字関根,37.864592,140.146284,山形線,JR東日本,1,D,5,駅データ.jp
1121609,1121609,米沢,山形県,米沢市,米沢市,米沢市駅前１丁目,37.909478,140.128209,JR米坂線|山形線,JR東日本,2,C,23,駅データ.jp
1121610,1121610,置賜,山形県,米沢市,米沢市,米沢市大字浅川,37.954093,140.142496,山形線,JR東日本,1,D,5,駅データ.jp
1121611,1121611,高畠,山形県,,,東置賜郡高畠町大字福沢,37.992314,140.15281,山形線,JR東日本,1,D,5,駅データ.jp
1121612,1121612,赤湯,山形県,南陽市,南陽市,南陽市郡山,38.047081,140.148978,フラワー長井線|山形線,JR東日本|山形鉄道,2,D,15,駅データ.jp
1121613,1121613,中川,山形県,南陽市,南陽市,南陽市小岩沢,38.093349,140.203553,山形線,JR東日本,1,D,5,駅データ.jp
1121614,1121614,羽前中山,山形県,上山市,上山市,上山市中山,38.124158,140.218318,山形線,JR東日本,1,D,5,駅データ.jp
1121615,1121615,かみのやま温泉,山形県,上山市,上山市,上山市矢来,38.152259,140.27867,山形線,JR東日本,1,D,5,駅データ.jp
1121616,1121616,茂吉記念館前,山形県,上山市,上山市,上山市北町弁天,38.171249,140.298167,山形線,JR東日本,1,D,5,駅データ.jp
1121617,1121617,蔵王,山形県,山形市,山形市,山形市大字松原,38.20592,140.303299,山形線,JR東日本,1,D,5,駅データ.jp
1121618,1121618,山形,山形県,山形市,山形市,山形市香澄町１丁目,38.248098,140.327253,JR仙山線|フルーツライン左沢線|山形線,JR東日本,3,B,47,駅データ.jp
1121619,1121619,北山形,山形県,山形市,山形市,山形市宮町１丁目,38.265902,140.332658,JR仙山線|フルーツライン左沢線|山形線,JR東日本,3,C,32,駅データ.jp
1121620,1121620,羽前千歳,山形県,山形市,山形市,山形市長町２丁目,38.287313,140.342168,JR仙山線|山形線,JR東日本,2,D,15,駅データ.jp
1121621,1121621,南出羽,山形県,山形市,山形市,山形市七浦,38.302834,140.344692,山形線,JR東日本,1,D,5,駅データ.jp
1121622,1121622,漆山,山形県,山形市,山形市,山形市大字漆山,38.314477,140.347661,山形線,JR東日本,1,D,5,駅データ.jp
1121623,1121623,高擶,山形県,天童市,天童市,天童市大字高擶,38.330726,140.358832,山形線,JR東日本,1,D,5,駅データ.jp
1121624,1121624,天童,山形県,天童市,天童市,天童市本町１,38.35989,140.369303,山形線,JR東日本,1,D,13,駅データ.jp
1121625,1121625,乱川,山形県,天童市,天童市,天童市大字乱川,38.386554,140.374663,山形線,JR東日本,1,D,5,駅データ.jp
1121626,1121626,神町,山形県,東根市,東根市,東根市神町中央１丁目,38.412276,140.378389,山形線,JR東日本,1,D,5,駅データ.jp
1121627,1121627,さくらんぼ東根,山形県,東根市,東根市,東根市大字蟹沢字鳥居崎１７４５番１,38.42806,140.380677,山形線,JR東日本,1,D,13,駅データ.jp
1121628,1121628,東根,山形県,東根市,東根市,東根市大字東根甲,38.450863,140.384035,山形線,JR東日本,1,D,13,駅データ.jp
1121629,1121629,村山,山形県,村山市,村山市,村山市大字楯岡新町１丁目１０番地,38.477078,140.386399,山形線,JR東日本,1,D,13,駅データ.jp
1121630,1121630,袖崎,山形県,村山市,村山市,村山市大字土生田,38.548259,140.391295,山形線,JR東日本,1,D,5,駅データ.jp
1121631,1121631,大石田,山形県,,,北村山郡大石田町大石田,38.595916,140.375349,山形線,JR東日本,1,D,5,駅データ.jp
1121632,1121632,北大石田,山形県,,,北村山郡大石田町鷹巣,38.629487,140.371234,山形線,JR東日本,1,D,5,駅データ.jp
1121633,1121633,芦沢,山形県,尾花沢市,尾花沢市,尾花沢市芦沢,38.655258,140.361016,山形線,JR東日本,1,D,5,駅データ.jp
1121634,1121634,舟形,山形県,,,最上郡舟形町,38.691583,140.316157,山形線,JR東日本,1,D,5,駅データ.jp
1121636,1121636,天童南,山形県,天童市,天童市,山形県天童市南町三丁目,38.342489,140.365853,山形線,JR東日本,1,D,13,駅データ.jp
1121702,1121702,東照宮,宮城県,仙台市,仙台市青葉区,仙台市青葉区宮町５,38.277262,140.88682,JR仙山線,JR東日本,1,D,5,駅データ.jp
1121703,1121703,北仙台,宮城県,仙台市,仙台市青葉区,仙台市青葉区昭和町,38.282022,140.869392,JR仙山線|仙台市営地下鉄南北線,JR東日本|仙台市交通局,2,D,15,駅データ.jp
1121704,1121704,北山,宮城県,仙台市,仙台市青葉区,仙台市青葉区北山２,38.285154,140.851876,JR仙山線,JR東日本,1,D,5,駅データ.jp
1121705,1121705,国見,宮城県,仙台市,仙台市青葉区,仙台市青葉区荒巻字坊主門,38.274783,140.8335,JR仙山線,JR東日本,1,D,5,駅データ.jp
1121706,1121706,葛岡,宮城県,仙台市,仙台市青葉区,仙台市青葉区郷六字葛岡下,38.268816,140.818583,JR仙山線,JR東日本,1,D,5,駅データ.jp
1121707,1121707,陸前落合,宮城県,仙台市,仙台市青葉区,仙台市青葉区下愛子森下,38.273379,140.789896,JR仙山線,JR東日本,1,D,5,駅データ.jp
1121708,1121708,愛子,宮城県,仙台市,仙台市青葉区,仙台市青葉区上愛子上町,38.272661,140.761517,JR仙山線,JR東日本,1,D,5,駅データ.jp
1121709,1121709,陸前白沢,宮城県,仙台市,仙台市青葉区,仙台市青葉区上愛子大道,38.278117,140.702333,JR仙山線,JR東日本,1,D,5,駅データ.jp
1121710,1121710,熊ケ根,宮城県,仙台市,仙台市青葉区,仙台市青葉区熊ヶ根字檀の原一番,38.297947,140.680633,JR仙山線,JR東日本,1,D,5,駅データ.jp
1121712,1121712,作並,宮城県,仙台市,仙台市青葉区,仙台市青葉区作並字相の沢,38.317738,140.632467,JR仙山線,JR東日本,1,D,5,駅データ.jp
1121714,1121714,奥新川,宮城県,仙台市,仙台市青葉区,仙台市青葉区新川字岳山,38.325953,140.594329,JR仙山線,JR東日本,1,D,5,駅データ.jp
1121715,1121715,面白山高原,山形県,山形市,山形市,山形市大字山寺,38.333071,140.49712,JR仙山線,JR東日本,1,D,5,駅データ.jp
1121716,1121716,山寺,山形県,山形市,山形市,山形市大字山寺,38.309561,140.434773,JR仙山線,JR東日本,1,D,5,駅データ.jp
1121717,1121717,高瀬,山形県,山形市,山形市,山形市大字下東山,38.301677,140.396074,JR仙山線,JR東日本,1,D,5,駅データ.jp
1121718,1121718,楯山,山形県,山形市,山形市,山形市大字風間,38.301632,140.370598,JR仙山線,JR東日本,1,D,5,駅データ.jp
1121722,1121722,東北福祉大前,宮城県,仙台市,仙台市青葉区,仙台市青葉区国見１丁目２２２番地５号,38.280468,140.842683,JR仙山線,JR東日本,1,D,5,駅データ.jp
1121803,1121803,東金井,山形県,山形市,山形市,山形市陣場３丁目,38.277058,140.302666,フルーツライン左沢線,JR東日本,1,D,5,駅データ.jp
1121804,1121804,羽前山辺,山形県,,,東村山郡山辺町大字山辺,38.294756,140.271571,フルーツライン左沢線,JR東日本,1,D,5,駅データ.jp
1121805,1121805,羽前金沢,山形県,,,東村山郡中山町金沢,38.320837,140.270516,フルーツライン左沢線,JR東日本,1,D,5,駅データ.jp
1121806,1121806,羽前長崎,山形県,,,東村山郡中山町長崎,38.332969,140.273018,フルーツライン左沢線,JR東日本,1,D,5,駅データ.jp
1121807,1121807,南寒河江,山形県,寒河江市,寒河江市,寒河江市字島,38.356033,140.27767,フルーツライン左沢線,JR東日本,1,D,13,駅データ.jp
1121808,1121808,寒河江,山形県,寒河江市,寒河江市,寒河江市本町１丁目,38.372548,140.274487,フルーツライン左沢線,JR東日本,1,D,13,駅データ.jp
1121809,1121809,西寒河江,山形県,寒河江市,寒河江市,寒河江市字六供町,38.379627,140.26662,フルーツライン左沢線,JR東日本,1,D,13,駅データ.jp
1121810,1121810,羽前高松,山形県,寒河江市,寒河江市,寒河江市大字八鍬,38.397494,140.248666,フルーツライン左沢線,JR東日本,1,D,5,駅データ.jp
1121811,1121811,柴橋,山形県,寒河江市,寒河江市,寒河江市大字柴橋,38.380874,140.22582,フルーツライン左沢線,JR東日本,1,D,5,駅データ.jp
1121812,1121812,左沢,山形県,,,西村山郡大江町左沢,38.382223,140.208132,フルーツライン左沢線,JR東日本,1,D,5,駅データ.jp
1121902,1121902,南米沢,山形県,米沢市,米沢市,米沢市本町１丁目,37.896043,140.108364,JR米坂線,JR東日本,1,D,13,駅データ.jp
1121903,1121903,西米沢,山形県,米沢市,米沢市,米沢市直江町,37.917279,140.08481,JR米坂線,JR東日本,1,D,13,駅データ.jp
1121904,1121904,成島,山形県,米沢市,米沢市,米沢市広幡町成島,37.94335,140.075584,JR米坂線,JR東日本,1,D,5,駅データ.jp
1121905,1121905,中郡,山形県,,,東置賜郡川西町大字時田,37.969109,140.067286,JR米坂線,JR東日本,1,D,5,駅データ.jp
1121906,1121906,羽前小松,山形県,,,東置賜郡川西町大字上小松,38.004721,140.048503,JR米坂線,JR東日本,1,D,5,駅データ.jp
1121907,1121907,犬川,山形県,,,東置賜郡川西町大字小松,38.025333,140.052038,JR米坂線,JR東日本,1,D,5,駅データ.jp
1121908,1121908,今泉,山形県,長井市,長井市,長井市今泉,38.056697,140.04412,JR米坂線|フラワー長井線,JR東日本|山形鉄道,2,D,15,駅データ.jp
1121909,1121909,萩生,山形県,,,西置賜郡飯豊町大字萩生,38.06182,140.004207,JR米坂線,JR東日本,1,D,5,駅データ.jp
1121910,1121910,羽前椿,山形県,,,西置賜郡飯豊町大字椿,38.038636,139.994293,JR米坂線,JR東日本,1,D,5,駅データ.jp
1121911,1121911,手ノ子,山形県,,,西置賜郡飯豊町大字手ノ子,38.011766,139.961264,JR米坂線,JR東日本,1,D,5,駅データ.jp
1121912,1121912,羽前沼沢,山形県,,,西置賜郡小国町大字百子沢,38.028698,139.872497,JR米坂線,JR東日本,1,D,5,駅データ.jp
1121913,1121913,伊佐領,山形県,,,西置賜郡小国町大字伊佐領,38.05105,139.822635,JR米坂線,JR東日本,1,D,5,駅データ.jp
1121914,1121914,羽前松岡,山形県,,,西置賜郡小国町大字松岡,38.045391,139.780445,JR米坂線,JR東日本,1,D,5,駅データ.jp
1121915,1121915,小国,山形県,,,西置賜郡小国町大字岩井沢,38.061422,139.750167,JR米坂線,JR東日本,1,D,5,駅データ.jp
1121916,1121916,越後金丸,新潟県,,,岩船郡関川村大字金丸,38.066474,139.663521,JR米坂線,JR東日本,1,D,5,駅データ.jp
1121917,1121917,越後片貝,新潟県,,,岩船郡関川村大字片貝,38.070712,139.62239,JR米坂線,JR東日本,1,D,5,駅データ.jp
1121918,1121918,越後下関,新潟県,,,岩船郡関川村大字下関,38.090037,139.560024,JR米坂線,JR東日本,1,D,5,駅データ.jp
1121919,1121919,越後大島,新潟県,,,岩船郡関川村大字大島,38.099721,139.518209,JR米坂線,JR東日本,1,D,5,駅データ.jp
1122002,1122002,升形,山形県,新庄市,新庄市,新庄市大字升形字下夕野,38.751646,140.24423,奥の細道最上川ライン,JR東日本,1,D,5,駅データ.jp
1122003,1122003,羽前前波,山形県,新庄市,新庄市,新庄市大字升形字前波,38.747654,140.209525,奥の細道最上川ライン,JR東日本,1,D,5,駅データ.jp
1122004,1122004,津谷,山形県,,,最上郡戸沢村大字津谷,38.737618,140.186375,奥の細道最上川ライン,JR東日本,1,D,5,駅データ.jp
1122005,1122005,古口,山形県,,,最上郡戸沢村大字古口,38.737129,140.14602,奥の細道最上川ライン,JR東日本,1,D,5,駅データ.jp
1122006,1122006,高屋,山形県,,,最上郡戸沢村大字古口字高屋番外地,38.752567,140.070936,奥の細道最上川ライン,JR東日本,1,D,5,駅データ.jp
1122007,1122007,清川,山形県,,,東田川郡庄内町清川,38.790152,140.020761,奥の細道最上川ライン,JR東日本,1,D,5,駅データ.jp
1122008,1122008,狩川,山形県,,,東田川郡庄内町狩川,38.79367,139.976777,奥の細道最上川ライン,JR東日本,1,D,5,駅データ.jp
1122009,1122009,南野,山形県,,,東田川郡庄内町南野,38.81813,139.944742,奥の細道最上川ライン,JR東日本,1,D,5,駅データ.jp
1122102,1122102,北浦,宮城県,,,遠田郡美里町北浦,38.55985,141.02305,奥の細道湯けむりライン,JR東日本,1,D,5,駅データ.jp
1122103,1122103,陸前谷地,宮城県,,,遠田郡美里町北浦,38.565152,140.999453,奥の細道湯けむりライン,JR東日本,1,D,5,駅データ.jp
1122104,1122104,古川,宮城県,大崎市,大崎市,大崎市古川駅前大通り１丁目,38.571192,140.967876,奥の細道湯けむりライン,JR東日本,1,D,15,駅データ.jp
1122105,1122105,塚目,宮城県,大崎市,大崎市,大崎市古川塚目字金皿,38.572474,140.937093,奥の細道湯けむりライン,JR東日本,1,D,5,駅データ.jp
1122106,1122106,西古川,宮城県,大崎市,大崎市,大崎市古川新堀字旭町,38.578214,140.895416,奥の細道湯けむりライン,JR東日本,1,D,5,駅データ.jp
1122107,1122107,東大崎,宮城県,大崎市,大崎市,大崎市古川大崎伏見余在下,38.605627,140.897015,奥の細道湯けむりライン,JR東日本,1,D,13,駅データ.jp
1122108,1122108,西大崎,宮城県,大崎市,大崎市,大崎市岩出山下野目字小泉,38.629986,140.889638,奥の細道湯けむりライン,JR東日本,1,D,13,駅データ.jp
1122109,1122109,岩出山,宮城県,大崎市,大崎市,大崎市岩出山字東川原,38.652508,140.871492,奥の細道湯けむりライン,JR東日本,1,D,5,駅データ.jp
1122110,1122110,有備館,宮城県,大崎市,大崎市,大崎市岩出山上川原町９-１,38.658135,140.86442,奥の細道湯けむりライン,JR東日本,1,D,5,駅データ.jp
1122111,1122111,上野目,宮城県,大崎市,大崎市,大崎市岩出山下一栗字熊野堂,38.680563,140.859342,奥の細道湯けむりライン,JR東日本,1,D,5,駅データ.jp
1122112,1122112,池月,宮城県,大崎市,大崎市,大崎市岩出山池月字下宮白山,38.708948,140.835732,奥の細道湯けむりライン,JR東日本,1,D,5,駅データ.jp
1122113,1122113,川渡温泉,宮城県,大崎市,大崎市,大崎市鳴子温泉字田中,38.736834,140.779317,奥の細道湯けむりライン,JR東日本,1,D,5,駅データ.jp
1122114,1122114,鳴子御殿湯,宮城県,大崎市,大崎市,大崎市鳴子温泉字鷲ノ巣,38.744612,140.737148,奥の細道湯けむりライン,JR東日本,1,D,5,駅データ.jp
1122115,1122115,鳴子温泉,宮城県,大崎市,大崎市,大崎市鳴子温泉湯元,38.743193,140.715939,奥の細道湯けむりライン,JR東日本,1,D,5,駅データ.jp
1122116,1122116,中山平温泉,宮城県,大崎市,大崎市,大崎市鳴子温泉星沼,38.726568,140.668103,奥の細道湯けむりライン,JR東日本,1,D,5,駅データ.jp
1122117,1122117,堺田,山形県,,,最上郡最上町大字堺田,38.73549,140.612902,奥の細道湯けむりライン,JR東日本,1,D,5,駅データ.jp
1122118,1122118,赤倉温泉,山形県,,,最上郡最上町富澤,38.730535,140.553647,奥の細道湯けむりライン,JR東日本,1,D,5,駅データ.jp
1122119,1122119,立小路,山形県,,,最上郡最上町立小路,38.742045,140.542678,奥の細道湯けむりライン,JR東日本,1,D,5,駅データ.jp
1122120,1122120,最上,山形県,,,最上郡最上町大字向町,38.755959,140.517712,奥の細道湯けむりライン,JR東日本,1,D,5,駅データ.jp
1122121,1122121,大堀,山形県,,,最上郡最上町字志茂,38.76592,140.475377,奥の細道湯けむりライン,JR東日本,1,D,5,駅データ.jp
1122122,1122122,鵜杉,山形県,,,最上郡最上町志茂字鵜杉,38.764962,140.453698,奥の細道湯けむりライン,JR東日本,1,D,5,駅データ.jp
1122123,1122123,瀬見温泉,山形県,,,最上郡最上町字瀬見,38.755192,140.419557,奥の細道湯けむりライン,JR東日本,1,D,5,駅データ.jp
1122124,1122124,東長沢,山形県,,,最上郡舟形町長沢字巾,38.718898,140.382195,奥の細道湯けむりライン,JR東日本,1,D,5,駅データ.jp
1122125,1122125,長沢,山形県,,,最上郡舟形町長沢字巾,38.709782,140.365969,奥の細道湯けむりライン,JR東日本,1,D,5,駅データ.jp
1122126,1122126,南新庄,山形県,新庄市,新庄市,新庄市大字鳥越,38.721629,140.316212,奥の細道湯けむりライン,JR東日本,1,D,13,駅データ.jp
1122201,1122201,あおば通,宮城県,仙台市,仙台市青葉区,仙台市青葉区中央３丁目２番１号,38.260184,140.879457,JR仙石線|仙台市営地下鉄南北線|仙台市営地下鉄東西線,JR東日本|仙台市交通局,3,C,24,駅データ.jp
1122203,1122203,榴ケ岡,宮城県,仙台市,仙台市宮城野区,仙台市宮城野区榴岡五丁目11-1,38.258792,140.893782,JR仙石線,JR東日本,1,D,5,駅データ.jp
1122204,1122204,宮城野原,宮城県,仙台市,仙台市宮城野区,仙台市宮城野区宮城野２丁目,38.26115,140.905155,JR仙石線,JR東日本,1,D,5,駅データ.jp
1122205,1122205,陸前原ノ町,宮城県,仙台市,仙台市宮城野区,仙台市宮城野区五輪２,38.266017,140.910638,JR仙石線,JR東日本,1,D,5,駅データ.jp
1122206,1122206,苦竹,宮城県,仙台市,仙台市宮城野区,仙台市宮城野区苦竹１丁目,38.268722,140.918867,JR仙石線,JR東日本,1,D,5,駅データ.jp
1122207,1122207,小鶴新田,宮城県,仙台市,仙台市宮城野区,仙台市宮城野区原町苦竹字北谷地４７,38.273455,140.935446,JR仙石線,JR東日本,1,D,5,駅データ.jp
1122208,1122208,福田町,宮城県,仙台市,仙台市宮城野区,仙台市宮城野区福田町１,38.274967,140.958252,JR仙石線,JR東日本,1,D,5,駅データ.jp
1122209,1122209,陸前高砂,宮城県,仙台市,仙台市宮城野区,仙台市宮城野区福室前田,38.27344,140.967607,JR仙石線,JR東日本,1,D,5,駅データ.jp
1122210,1122210,中野栄,宮城県,仙台市,仙台市宮城野区,仙台市宮城野区栄４,38.280796,140.985236,JR仙石線,JR東日本,1,D,5,駅データ.jp
1122211,1122211,多賀城,宮城県,多賀城市,多賀城市,多賀城市中央２,38.291656,141.005375,JR仙石線,JR東日本,1,D,13,駅データ.jp
1122212,1122212,下馬,宮城県,多賀城市,多賀城市,多賀城市下馬２,38.305833,141.014965,JR仙石線,JR東日本,1,D,5,駅データ.jp
1122213,1122213,西塩釜,宮城県,塩竈市,塩竈市,塩竈市錦町,38.31194,141.018419,JR仙石線,JR東日本,1,D,5,駅データ.jp
1122214,1122214,本塩釜,宮城県,塩竈市,塩竈市,塩竈市海岸通,38.317715,141.022477,JR仙石線,JR東日本,1,D,5,駅データ.jp
1122215,1122215,東塩釜,宮城県,塩竈市,塩竈市,塩竈市藤倉３,38.325572,141.031665,JR仙石線,JR東日本,1,D,5,駅データ.jp
1122216,1122216,陸前浜田,宮城県,,,宮城郡利府町浜田,38.350747,141.041818,JR仙石線,JR東日本,1,D,5,駅データ.jp
1122217,1122217,松島海岸,宮城県,,,宮城郡松島町浪打浜,38.368529,141.058523,JR仙石線,JR東日本,1,D,5,駅データ.jp
1122218,1122218,高城町,宮城県,,,宮城郡松島町高城字元釜家,38.382731,141.07344,JR仙石線,JR東日本,1,D,5,駅データ.jp
1122219,1122219,手樽,宮城県,,,宮城郡松島町手樽,38.38715,141.092846,JR仙石線,JR東日本,1,D,5,駅データ.jp
1122220,1122220,陸前富山,宮城県,,,宮城郡松島町手樽早川,38.386307,141.107208,JR仙石線,JR東日本,1,D,5,駅データ.jp
1122221,1122221,陸前大塚,宮城県,東松島市,東松島市,東松島市大塚,38.379078,141.12947,JR仙石線,JR東日本,1,D,5,駅データ.jp
1122222,1122222,東名,宮城県,東松島市,東松島市,東松島市大塚北林下,38.3753,141.14548,JR仙石線,JR東日本,1,D,5,駅データ.jp
1122223,1122223,野蒜,宮城県,東松島市,東松島市,東松島市野蒜,38.379,141.157035,JR仙石線,JR東日本,1,D,5,駅データ.jp
1122224,1122224,陸前小野,宮城県,東松島市,東松島市,東松島市牛網上江戸原,38.396018,141.174345,JR仙石線,JR東日本,1,D,5,駅データ.jp
1122225,1122225,鹿妻,宮城県,東松島市,東松島市,東松島市矢本,38.403315,141.190073,JR仙石線,JR東日本,1,D,5,駅データ.jp
1122226,1122226,矢本,宮城県,東松島市,東松島市,東松島市矢本河戸,38.420432,141.209148,JR仙石線,JR東日本,1,D,5,駅データ.jp
1122227,1122227,東矢本,宮城県,東松島市,東松島市,東松島市矢本下浦,38.427993,141.22216,JR仙石線,JR東日本,1,D,5,駅データ.jp
1122228,1122228,陸前赤井,宮城県,東松島市,東松島市,東松島市赤井字川前,38.432442,141.238883,JR仙石線,JR東日本,1,D,5,駅データ.jp
1122229,1122229,蛇田,宮城県,石巻市,石巻市,石巻市蛇田字下谷地,38.438218,141.277652,JR仙石線,JR東日本,1,D,5,駅データ.jp
1122230,1122230,陸前山下,宮城県,石巻市,石巻市,石巻市錦町,38.437718,141.288868,JR仙石線,JR東日本,1,D,5,駅データ.jp
1122231,1122231,石巻,宮城県,石巻市,石巻市,石巻市鋳銭場,38.43538,141.303553,JR仙石線|JR石巻線,JR東日本,2,C,23,駅データ.jp
1122232,1122232,石巻あゆみ野,宮城県,石巻市,石巻市,石巻市門脇,38.436111,141.259444,JR仙石線,JR東日本,1,D,13,駅データ.jp
1122302,1122302,上涌谷,宮城県,,,遠田郡涌谷町掃部字沖名,38.549194,141.099473,JR石巻線,JR東日本,1,D,5,駅データ.jp
1122303,1122303,涌谷,宮城県,,,遠田郡涌谷町新町裏,38.538151,141.127359,JR石巻線,JR東日本,1,D,5,駅データ.jp
1122304,1122304,前谷地,宮城県,石巻市,石巻市,石巻市前谷地,38.512187,141.194345,JR気仙沼線|JR石巻線,JR東日本,2,D,15,駅データ.jp
1122305,1122305,佳景山,宮城県,石巻市,石巻市,石巻市鹿又,38.497974,141.239622,JR石巻線,JR東日本,1,D,5,駅データ.jp
1122306,1122306,鹿又,宮城県,石巻市,石巻市,石巻市鹿又,38.485851,141.283016,JR石巻線,JR東日本,1,D,5,駅データ.jp
1122307,1122307,曽波神,宮城県,石巻市,石巻市,石巻市鹿又,38.465993,141.287848,JR石巻線,JR東日本,1,D,5,駅データ.jp
1122309,1122309,陸前稲井,宮城県,石巻市,石巻市,石巻市井内滝ノ口,38.445463,141.334847,JR石巻線,JR東日本,1,D,5,駅データ.jp
1122310,1122310,渡波,宮城県,石巻市,石巻市,石巻市渡波町１丁目,38.420051,141.365123,JR石巻線,JR東日本,1,D,5,駅データ.jp
1122311,1122311,万石浦,宮城県,石巻市,石巻市,石巻市流留字垂水,38.428855,141.368555,JR石巻線,JR東日本,1,D,5,駅データ.jp
1122312,1122312,沢田,宮城県,石巻市,石巻市,石巻市沢田字沢田,38.432397,141.38234,JR石巻線,JR東日本,1,D,5,駅データ.jp
1122313,1122313,浦宿,宮城県,,,牡鹿郡女川町大字浦宿浜,38.436542,141.421355,JR石巻線,JR東日本,1,D,5,駅データ.jp
1122314,1122314,女川,宮城県,,,牡鹿郡女川町大字女川浜字大原,38.446403,141.444919,JR石巻線,JR東日本,1,D,5,駅データ.jp
1122402,1122402,和渕,宮城県,石巻市,石巻市,石巻市和渕,38.525772,141.220428,JR気仙沼線,JR東日本,1,D,5,駅データ.jp
1122403,1122403,のの岳,宮城県,,,遠田郡涌谷町猪岡短台字大谷地,38.552567,141.225813,JR気仙沼線,JR東日本,1,D,5,駅データ.jp
1122404,1122404,陸前豊里,宮城県,登米市,登米市,登米市豊里町上屋浦,38.582481,141.244674,JR気仙沼線,JR東日本,1,D,5,駅データ.jp
1122405,1122405,御岳堂,宮城県,登米市,登米市,登米市豊里町大沢沼田,38.605662,141.264718,JR気仙沼線,JR東日本,1,D,5,駅データ.jp
1122406,1122406,柳津,宮城県,登米市,登米市,登米市津山町谷木,38.611693,141.305947,JR気仙沼線,JR東日本,1,D,5,駅データ.jp
1122502,1122502,喜久田,福島県,郡山市,郡山市,郡山市喜久田町堀之内字椚内,37.451746,140.341912,JR磐越西線(郡山～会津若松),JR東日本,1,D,5,駅データ.jp
1122503,1122503,安子ケ島,福島県,郡山市,郡山市,福島県郡山市熱海町安子島字出シ8,37.472048,140.310133,JR磐越西線(郡山～会津若松),JR東日本,1,D,5,駅データ.jp
1122504,1122504,磐梯熱海,福島県,郡山市,郡山市,郡山市熱海町熱海４,37.480743,140.2707,JR磐越西線(郡山～会津若松),JR東日本,1,D,5,駅データ.jp
1122505,1122505,中山宿,福島県,郡山市,郡山市,郡山市熱海町中山字早稲田,37.495648,140.219401,JR磐越西線(郡山～会津若松),JR東日本,1,D,5,駅データ.jp
1122506,1122506,上戸,福島県,,,耶麻郡猪苗代町大字山潟字江愛山,37.487848,140.163538,JR磐越西線(郡山～会津若松),JR東日本,1,D,5,駅データ.jp
1122507,1122507,猪苗代湖畔,福島県,,,耶麻郡猪苗代町大字壺楊字南浜,37.500563,140.147564,JR磐越西線(郡山～会津若松),JR東日本,1,D,5,駅データ.jp
1122508,1122508,関都,福島県,,,耶麻郡猪苗代町大字関都字南切立,37.515577,140.143619,JR磐越西線(郡山～会津若松),JR東日本,1,D,5,駅データ.jp
1122509,1122509,川桁,福島県,,,耶麻郡猪苗代町大字川桁字新町,37.535639,140.136869,JR磐越西線(郡山～会津若松),JR東日本,1,D,5,駅データ.jp
1122510,1122510,猪苗代,福島県,,,耶麻郡猪苗代町大字千代田字扇田,37.546286,140.103122,JR磐越西線(郡山～会津若松),JR東日本,1,D,5,駅データ.jp
1122511,1122511,翁島,福島県,,,耶麻郡猪苗代町大字磐根中,37.552837,140.054079,JR磐越西線(郡山～会津若松),JR東日本,1,D,5,駅データ.jp
1122512,1122512,磐梯町,福島県,,,耶麻郡磐梯町大字磐梯字東松山,37.557305,139.993413,JR磐越西線(郡山～会津若松),JR東日本,1,D,5,駅データ.jp
1122513,1122513,東長原,福島県,会津若松市,会津若松市,会津若松市河東町熊野堂,37.566465,139.948239,JR磐越西線(郡山～会津若松),JR東日本,1,D,5,駅データ.jp
1122514,1122514,広田,福島県,会津若松市,会津若松市,会津若松市河東町広田,37.549235,139.933343,JR磐越西線(郡山～会津若松),JR東日本,1,D,5,駅データ.jp
1122515,1122515,会津若松,福島県,会津若松市,会津若松市,会津若松市駅前町,37.508824,139.930159,JR只見線|JR磐越西線(郡山～会津若松)|森と水とロマンの鉄道,JR東日本,3,C,32,駅データ.jp
1122516,1122516,郡山富田,福島県,郡山市,郡山市,福島県郡山市富田町満水田,37.420361,140.3695,JR磐越西線(郡山～会津若松),JR東日本,1,D,13,駅データ.jp
1122602,1122602,堂島,福島県,会津若松市,会津若松市,会津若松市河東町郡山,37.554723,139.911706,森と水とロマンの鉄道,JR東日本,1,D,5,駅データ.jp
1122603,1122603,笈川,福島県,,,河沼郡湯川村字松川,37.579117,139.895318,森と水とロマンの鉄道,JR東日本,1,D,5,駅データ.jp
1122604,1122604,塩川,福島県,喜多方市,喜多方市,喜多方市塩川町石橋,37.59393,139.88716,森と水とロマンの鉄道,JR東日本,1,D,5,駅データ.jp
1122605,1122605,姥堂,福島県,喜多方市,喜多方市,喜多方市塩川町新井田谷地,37.615952,139.881001,森と水とロマンの鉄道,JR東日本,1,D,5,駅データ.jp
1122606,1122606,会津豊川,福島県,喜多方市,喜多方市,喜多方市豊川町一井字三百刈,37.633499,139.876787,森と水とロマンの鉄道,JR東日本,1,D,5,駅データ.jp
1122607,1122607,喜多方,福島県,喜多方市,喜多方市,喜多方市字町田下,37.643886,139.868365,森と水とロマンの鉄道,JR東日本,1,D,13,駅データ.jp
1122608,1122608,山都,福島県,喜多方市,喜多方市,喜多方市山都町広野字西原,37.639228,139.766534,森と水とロマンの鉄道,JR東日本,1,D,5,駅データ.jp
1122609,1122609,荻野,福島県,喜多方市,喜多方市,喜多方市高郷町上郷字馬場頭,37.617613,139.722119,森と水とロマンの鉄道,JR東日本,1,D,5,駅データ.jp
1122610,1122610,尾登,福島県,,,耶麻郡西会津町登世島,37.609024,139.691542,森と水とロマンの鉄道,JR東日本,1,D,5,駅データ.jp
1122611,1122611,野沢,福島県,,,耶麻郡西会津町野沢,37.590898,139.64462,森と水とロマンの鉄道,JR東日本,1,D,5,駅データ.jp
1122612,1122612,上野尻,福島県,,,耶麻郡西会津町上野尻,37.625041,139.633869,森と水とロマンの鉄道,JR東日本,1,D,5,駅データ.jp
1122613,1122613,徳沢,福島県,,,耶麻郡西会津町大字群岡字徳沢,37.666876,139.602879,森と水とロマンの鉄道,JR東日本,1,D,5,駅データ.jp
1122614,1122614,豊実,新潟県,,,東蒲原郡阿賀町豊実,37.680541,139.576348,森と水とロマンの鉄道,JR東日本,1,D,5,駅データ.jp
1122615,1122615,日出谷,新潟県,,,東蒲原郡阿賀町日出谷,37.705699,139.533985,森と水とロマンの鉄道,JR東日本,1,D,5,駅データ.jp
1122616,1122616,鹿瀬,新潟県,,,東蒲原郡阿賀町向鹿瀬,37.695656,139.479663,森と水とロマンの鉄道,JR東日本,1,D,5,駅データ.jp
1122617,1122617,津川,新潟県,,,東蒲原郡阿賀町,37.68817,139.447136,森と水とロマンの鉄道,JR東日本,1,D,5,駅データ.jp
1122618,1122618,三川,新潟県,,,東蒲原郡阿賀町,37.70835,139.381482,森と水とロマンの鉄道,JR東日本,1,D,5,駅データ.jp
1122619,1122619,五十島,新潟県,,,東蒲原郡阿賀町五十島,37.715974,139.353419,森と水とロマンの鉄道,JR東日本,1,D,5,駅データ.jp
1122620,1122620,東下条,新潟県,,,東蒲原郡阿賀町熊渡,37.736876,139.321815,森と水とロマンの鉄道,JR東日本,1,D,5,駅データ.jp
1122621,1122621,咲花,新潟県,五泉市,五泉市,五泉市大字佐取,37.735003,139.29095,森と水とロマンの鉄道,JR東日本,1,D,5,駅データ.jp
1122622,1122622,馬下,新潟県,五泉市,五泉市,五泉市大字馬下,37.737569,139.260466,森と水とロマンの鉄道,JR東日本,1,D,5,駅データ.jp
1122623,1122623,猿和田,新潟県,五泉市,五泉市,五泉市大字土堀,37.729594,139.222481,森と水とロマンの鉄道,JR東日本,1,D,5,駅データ.jp
1122624,1122624,五泉,新潟県,五泉市,五泉市,五泉市駅前１,37.734373,139.179785,森と水とロマンの鉄道,JR東日本,1,D,13,駅データ.jp
1122625,1122625,北五泉,新潟県,五泉市,五泉市,五泉市北五泉駅前,37.746785,139.169758,森と水とロマンの鉄道,JR東日本,1,D,13,駅データ.jp
1122626,1122626,新関,新潟県,新潟市,新潟市秋葉区,新潟市秋葉区大関,37.768096,139.162508,森と水とロマンの鉄道,JR東日本,1,D,5,駅データ.jp
1122627,1122627,東新津,新潟県,新潟市,新潟市秋葉区,新潟市秋葉区滝谷町,37.787638,139.143768,森と水とロマンの鉄道,JR東日本,1,D,5,駅データ.jp
1122702,1122702,七日町,福島県,会津若松市,会津若松市,会津若松市七日町,37.50121,139.918958,JR只見線,JR東日本,1,D,5,駅データ.jp
1122703,1122703,西若松,福島県,会津若松市,会津若松市,会津若松市材木町１,37.486034,139.914172,JR只見線|会津鉄道会津線,JR東日本|会津鉄道,2,D,15,駅データ.jp
1122704,1122704,会津本郷,福島県,会津若松市,会津若松市,会津若松市北会津町上米塚,37.463488,139.892987,JR只見線,JR東日本,1,D,5,駅データ.jp
1122705,1122705,会津高田,福島県,,,大沼郡会津美里町柳台,37.470839,139.841266,JR只見線,JR東日本,1,D,5,駅データ.jp
1122706,1122706,根岸,福島県,,,大沼郡会津美里町米田根岸,37.501885,139.828603,JR只見線,JR東日本,1,D,5,駅データ.jp
1122707,1122707,新鶴,福島県,,,大沼郡会津美里町立石田,37.517161,139.828499,JR只見線,JR東日本,1,D,5,駅データ.jp
1122708,1122708,若宮,福島県,,,河沼郡会津坂下町字若宮,37.535243,139.828321,JR只見線,JR東日本,1,D,5,駅データ.jp
1122709,1122709,会津坂下,福島県,,,河沼郡会津坂下町字五反田,37.556695,139.821509,JR只見線,JR東日本,1,D,5,駅データ.jp
1122710,1122710,塔寺,福島県,,,河沼郡会津坂下町気多宮,37.569368,139.785241,JR只見線,JR東日本,1,D,5,駅データ.jp
1122711,1122711,会津坂本,福島県,,,河沼郡会津坂下町坂本字上新田,37.553266,139.756802,JR只見線,JR東日本,1,D,5,駅データ.jp
1122712,1122712,会津柳津,福島県,,,河沼郡柳津町柳津字下大平,37.538664,139.723817,JR只見線,JR東日本,1,D,5,駅データ.jp
1122713,1122713,郷戸,福島県,,,河沼郡柳津町大字郷戸字百刈,37.51636,139.709911,JR只見線,JR東日本,1,D,5,駅データ.jp
1122714,1122714,滝谷,福島県,,,河沼郡柳津町大字郷戸字居平丁,37.494315,139.69799,JR只見線,JR東日本,1,D,5,駅データ.jp
1122715,1122715,会津桧原,福島県,,,大沼郡三島町大字桧原,37.491664,139.679382,JR只見線,JR東日本,1,D,5,駅データ.jp
1122716,1122716,会津西方,福島県,,,大沼郡三島町大字名入字根岸居平,37.480937,139.661528,JR只見線,JR東日本,1,D,5,駅データ.jp
1122717,1122717,会津宮下,福島県,,,大沼郡三島町大字宮下字田中,37.471169,139.647102,JR只見線,JR東日本,1,D,5,駅データ.jp
1122718,1122718,早戸,福島県,,,大沼郡三島町大字早戸字小津巻,37.469953,139.593605,JR只見線,JR東日本,1,D,5,駅データ.jp
1122719,1122719,会津水沼,福島県,,,大沼郡金山町大字水沼字桑畑,37.483026,139.560733,JR只見線,JR東日本,1,D,5,駅データ.jp
1122720,1122720,会津中川,福島県,,,大沼郡金山町大字中川,37.473785,139.532135,JR只見線,JR東日本,1,D,5,駅データ.jp
1122721,1122721,会津川口,福島県,,,大沼郡金山町大字川口字森ノ上,37.455076,139.52384,JR只見線,JR東日本,1,D,5,駅データ.jp
1122722,1122722,本名,福島県,,,大沼郡金山町大字本名,37.44476,139.49882,JR只見線,JR東日本,1,D,5,駅データ.jp
1122723,1122723,会津越川,福島県,,,大沼郡金山町大字越川,37.398684,139.469405,JR只見線,JR東日本,1,D,5,駅データ.jp
1122724,1122724,会津横田,福島県,,,大沼郡金山町大字横田,37.392353,139.435853,JR只見線,JR東日本,1,D,5,駅データ.jp
1122725,1122725,会津大塩,福島県,,,大沼郡金山町大字大塩,37.392803,139.413044,JR只見線,JR東日本,1,D,5,駅データ.jp
1122726,1122726,会津塩沢,福島県,,,南会津郡只見町大字塩沢字上田,37.393599,139.355096,JR只見線,JR東日本,1,D,5,駅データ.jp
1122727,1122727,会津蒲生,福島県,,,南会津郡只見町大字蒲生字久保,37.381775,139.333213,JR只見線,JR東日本,1,D,5,駅データ.jp
1122728,1122728,只見,福島県,,,南会津郡只見町大字只見字上ノ原,37.350239,139.314783,JR只見線,JR東日本,1,D,5,駅データ.jp
1122730,1122730,大白川,新潟県,魚沼市,魚沼市,魚沼市大白川,37.341687,139.121373,JR只見線,JR東日本,1,D,5,駅データ.jp
1122732,1122732,入広瀬,新潟県,魚沼市,魚沼市,魚沼市大栃山,37.358818,139.06599,JR只見線,JR東日本,1,D,5,駅データ.jp
1122733,1122733,上条,新潟県,魚沼市,魚沼市,魚沼市渋川,37.346836,139.050698,JR只見線,JR東日本,1,D,5,駅データ.jp
1122734,1122734,越後須原,新潟県,魚沼市,魚沼市,魚沼市須原,37.320591,139.017463,JR只見線,JR東日本,1,D,5,駅データ.jp
1122735,1122735,魚沼田中,新潟県,魚沼市,魚沼市,魚沼市田中,37.294413,138.992578,JR只見線,JR東日本,1,D,13,駅データ.jp
1122736,1122736,越後広瀬,新潟県,魚沼市,魚沼市,魚沼市並柳,37.274363,138.981141,JR只見線,JR東日本,1,D,5,駅データ.jp
1122737,1122737,藪神,新潟県,魚沼市,魚沼市,魚沼市今泉,37.256737,138.975698,JR只見線,JR東日本,1,D,5,駅データ.jp
1122738,1122738,小出,新潟県,魚沼市,魚沼市,魚沼市四日町,37.233581,138.953526,JR上越線|JR只見線,JR東日本,2,D,15,駅データ.jp
1122801,1122801,いわき,福島県,いわき市,いわき市,いわき市平字田町,37.058241,140.892273,JR常磐線(いわき～仙台)|JR常磐線(取手～いわき)|ゆうゆうあぶくまライン,JR東日本,3,C,32,駅データ.jp
1122802,1122802,赤井,福島県,いわき市,いわき市,いわき市平赤井,37.080631,140.866294,ゆうゆうあぶくまライン,JR東日本,1,D,5,駅データ.jp
1122803,1122803,小川郷,福島県,いわき市,いわき市,いわき市小川町高萩,37.126446,140.862514,ゆうゆうあぶくまライン,JR東日本,1,D,5,駅データ.jp
1122804,1122804,江田,福島県,いわき市,いわき市,いわき市小川町上小川字江田,37.179389,140.82609,ゆうゆうあぶくまライン,JR東日本,1,D,5,駅データ.jp
1122805,1122805,川前,福島県,いわき市,いわき市,いわき市川前町大字川前字中の萱,37.20559,140.750335,ゆうゆうあぶくまライン,JR東日本,1,D,5,駅データ.jp
1122806,1122806,夏井,福島県,,,田村郡小野町大字夏井字町屋,37.253108,140.662552,ゆうゆうあぶくまライン,JR東日本,1,D,5,駅データ.jp
1122807,1122807,小野新町,福島県,,,田村郡小野町大字谷津作字平館,37.275819,140.63656,ゆうゆうあぶくまライン,JR東日本,1,D,5,駅データ.jp
1122808,1122808,神俣,福島県,田村市,田村市,田村市滝根町神俣,37.324186,140.659487,ゆうゆうあぶくまライン,JR東日本,1,D,5,駅データ.jp
1122809,1122809,菅谷,福島県,田村市,田村市,田村市滝根町菅谷,37.351024,140.644185,ゆうゆうあぶくまライン,JR東日本,1,D,5,駅データ.jp
1122810,1122810,大越,福島県,田村市,田村市,田村市大越町上大越,37.386746,140.630693,ゆうゆうあぶくまライン,JR東日本,1,D,5,駅データ.jp
1122811,1122811,磐城常葉,福島県,田村市,田村市,田村市船引町今泉字田中,37.420611,140.605579,ゆうゆうあぶくまライン,JR東日本,1,D,5,駅データ.jp
1122812,1122812,船引,福島県,田村市,田村市,田村市船引町船引,37.44291,140.574558,ゆうゆうあぶくまライン,JR東日本,1,D,5,駅データ.jp
1122813,1122813,要田,福島県,田村市,田村市,田村市船引町要田,37.453969,140.520773,ゆうゆうあぶくまライン,JR東日本,1,D,5,駅データ.jp
1122814,1122814,三春,福島県,,,田村郡三春町大字平沢字担橋,37.449841,140.479275,ゆうゆうあぶくまライン,JR東日本,1,D,5,駅データ.jp
1122815,1122815,舞木,福島県,郡山市,郡山市,郡山市舞木町字平,37.416716,140.435074,ゆうゆうあぶくまライン,JR東日本,1,D,5,駅データ.jp
1122901,1122901,取手,茨城県,取手市,取手市,取手市中央町,35.89553,140.063004,JR常磐線(上野～取手)|JR常磐線(取手～いわき)|関東鉄道常総線,JR東日本|関東鉄道,3,C,32,駅データ.jp
1122902,1122902,藤代,茨城県,取手市,取手市,取手市宮和田,35.920565,140.118251,JR常磐線(取手～いわき),JR東日本,1,D,5,駅データ.jp
1122903,1122903,龍ケ崎市,茨城県,龍ケ崎市,龍ケ崎市,龍ケ崎市佐貫町,35.929851,140.138255,JR常磐線(取手～いわき)|関東鉄道竜ヶ崎線,JR東日本|関東鉄道,2,C,23,駅データ.jp
1122904,1122904,牛久,茨城県,牛久市,牛久市,牛久市牛久町,35.975314,140.141039,JR常磐線(取手～いわき),JR東日本,1,D,13,駅データ.jp
1122905,1122905,ひたち野うしく,茨城県,牛久市,牛久市,牛久市中根町３９５番地２号,36.007996,140.158408,JR常磐線(取手～いわき),JR東日本,1,D,5,駅データ.jp
1122906,1122906,荒川沖,茨城県,土浦市,土浦市,土浦市大字荒川沖東２,36.030552,140.16592,JR常磐線(取手～いわき),JR東日本,1,D,5,駅データ.jp
1122907,1122907,土浦,茨城県,土浦市,土浦市,土浦市有明町,36.078644,140.206238,JR常磐線(取手～いわき),JR東日本,1,D,13,駅データ.jp
1122908,1122908,神立,茨城県,土浦市,土浦市,土浦市神立中央,36.120424,140.248615,JR常磐線(取手～いわき),JR東日本,1,D,5,駅データ.jp
1122909,1122909,高浜,茨城県,石岡市,石岡市,石岡市北根本,36.163882,140.294745,JR常磐線(取手～いわき),JR東日本,1,D,5,駅データ.jp
1122910,1122910,石岡,茨城県,石岡市,石岡市,石岡市国府１,36.191554,140.279709,JR常磐線(取手～いわき),JR東日本,1,D,13,駅データ.jp
1122911,1122911,羽鳥,茨城県,小美玉市,小美玉市,小美玉市羽鳥,36.247661,140.28679,JR常磐線(取手～いわき),JR東日本,1,D,5,駅データ.jp
1122912,1122912,岩間,茨城県,笠間市,笠間市,笠間市下郷,36.295508,140.276493,JR常磐線(取手～いわき),JR東日本,1,D,5,駅データ.jp
1122913,1122913,友部,茨城県,笠間市,笠間市,笠間市友部駅前１番,36.350597,140.306306,JR常磐線(取手～いわき)|JR水戸線,JR東日本,2,D,15,駅データ.jp
1122914,1122914,内原,茨城県,水戸市,水戸市,水戸市内原町,36.370111,140.35282,JR常磐線(取手～いわき),JR東日本,1,D,5,駅データ.jp
1122915,1122915,赤塚,茨城県,水戸市,水戸市,水戸市赤塚１,36.381755,140.415248,JR常磐線(取手～いわき),JR東日本,1,D,5,駅データ.jp
1122916,1122916,偕楽園,茨城県,水戸市,水戸市,水戸市常磐町字神崎,36.373041,140.456292,JR常磐線(取手～いわき),JR東日本,1,D,5,駅データ.jp
1122917,1122917,水戸,茨城県,水戸市,水戸市,水戸市宮町１丁目,36.370911,140.47676,JR常磐線(取手～いわき)|JR水郡線|鹿島臨海鉄道大洗鹿島線,JR東日本|鹿島臨海鉄道,3,B,47,駅データ.jp
1122918,1122918,勝田,茨城県,ひたちなか市,ひたちなか市,ひたちなか市勝田中央,36.394033,140.524482,JR常磐線(取手～いわき)|ひたちなか海浜鉄道湊線,JR東日本|ひたちなか海浜鉄道,2,D,15,駅データ.jp
1122919,1122919,佐和,茨城県,ひたちなか市,ひたちなか市,ひたちなか市大字高場,36.430409,140.540477,JR常磐線(取手～いわき),JR東日本,1,D,5,駅データ.jp
1122920,1122920,東海,茨城県,,,那珂郡東海村大字舟石川,36.465378,140.565835,JR常磐線(取手～いわき),JR東日本,1,D,5,駅データ.jp
1122921,1122921,大甕,茨城県,日立市,日立市,日立市大みか町２,36.513052,140.619362,JR常磐線(取手～いわき),JR東日本,1,D,5,駅データ.jp
1122922,1122922,常陸多賀,茨城県,日立市,日立市,日立市多賀町１,36.552145,140.632682,JR常磐線(取手～いわき),JR東日本,1,D,5,駅データ.jp
1122923,1122923,日立,茨城県,日立市,日立市,日立市幸町１,36.590408,140.661883,JR常磐線(取手～いわき),JR東日本,1,D,13,駅データ.jp
1122924,1122924,小木津,茨城県,日立市,日立市,日立市日高町１,36.636533,140.67526,JR常磐線(取手～いわき),JR東日本,1,D,5,駅データ.jp
1122925,1122925,十王,茨城県,日立市,日立市,日立市十王町友部,36.671385,140.68623,JR常磐線(取手～いわき),JR東日本,1,D,5,駅データ.jp
1122926,1122926,高萩,茨城県,高萩市,高萩市,高萩市大字高萩,36.714873,140.716707,JR常磐線(取手～いわき),JR東日本,1,D,13,駅データ.jp
1122927,1122927,南中郷,茨城県,北茨城市,北茨城市,北茨城市中郷町小野矢指,36.753501,140.729028,JR常磐線(取手～いわき),JR東日本,1,D,5,駅データ.jp
1122928,1122928,磯原,茨城県,北茨城市,北茨城市,北茨城市磯原町磯原,36.790684,140.746366,JR常磐線(取手～いわき),JR東日本,1,D,5,駅データ.jp
1122929,1122929,大津港,茨城県,北茨城市,北茨城市,北茨城市大津町北町,36.846085,140.778001,JR常磐線(取手～いわき),JR東日本,1,D,5,駅データ.jp
1122930,1122930,勿来,福島県,いわき市,いわき市,いわき市勿来町関田寺下,36.883883,140.786506,JR常磐線(取手～いわき),JR東日本,1,D,5,駅データ.jp
1122931,1122931,植田,福島県,いわき市,いわき市,いわき市植田町金畑,36.920649,140.796468,JR常磐線(取手～いわき),JR東日本,1,D,5,駅データ.jp
1122932,1122932,泉,福島県,いわき市,いわき市,福島県いわき市泉町滝尻上谷地30,36.955602,140.854125,JR常磐線(取手～いわき),JR東日本,1,D,5,駅データ.jp
1122933,1122933,湯本,福島県,いわき市,いわき市,いわき市常磐湯本町天王崎,37.006922,140.849884,JR常磐線(取手～いわき),JR東日本,1,D,5,駅データ.jp
1122934,1122934,内郷,福島県,いわき市,いわき市,いわき市内郷綴町榎下,37.035895,140.855005,JR常磐線(取手～いわき),JR東日本,1,D,5,駅データ.jp
1123002,1123002,草野,福島県,いわき市,いわき市,いわき市平泉崎,37.073863,140.947243,JR常磐線(いわき～仙台),JR東日本,1,D,5,駅データ.jp
1123003,1123003,四ツ倉,福島県,いわき市,いわき市,いわき市四倉町鬼越,37.102338,140.980907,JR常磐線(いわき～仙台),JR東日本,1,D,5,駅データ.jp
1123004,1123004,久ノ浜,福島県,いわき市,いわき市,いわき市久之浜町久之浜字北荒蒔,37.142465,140.995741,JR常磐線(いわき～仙台),JR東日本,1,D,5,駅データ.jp
1123005,1123005,末続,福島県,いわき市,いわき市,いわき市久之浜町大字末続,37.172156,140.995565,JR常磐線(いわき～仙台),JR東日本,1,D,5,駅データ.jp
1123006,1123006,広野,福島県,,,双葉郡広野町大字下浅見川,37.21157,140.998769,JR常磐線(いわき～仙台),JR東日本,1,D,5,駅データ.jp
1123007,1123007,木戸,福島県,,,双葉郡楢葉町大字山田岡,37.257875,141.00247,JR常磐線(いわき～仙台),JR東日本,1,D,5,駅データ.jp
1123008,1123008,竜田,福島県,,,双葉郡楢葉町大字井出,37.282485,141.002822,JR常磐線(いわき～仙台),JR東日本,1,D,5,駅データ.jp
1123009,1123009,富岡,福島県,,,双葉郡富岡町大字仏浜,37.33396,141.02276,JR常磐線(いわき～仙台),JR東日本,1,D,5,駅データ.jp
1123010,1123010,夜ノ森,福島県,,,双葉郡富岡町大字本岡,37.365761,140.991988,JR常磐線(いわき～仙台),JR東日本,1,D,5,駅データ.jp
1123011,1123011,大野,福島県,,,双葉郡大熊町大字下野上,37.409367,140.984163,JR常磐線(いわき～仙台),JR東日本,1,D,5,駅データ.jp
1123012,1123012,双葉,福島県,,,双葉郡双葉町大字長塚,37.453795,141.005815,JR常磐線(いわき～仙台),JR東日本,1,D,5,駅データ.jp
1123013,1123013,浪江,福島県,,,双葉郡浪江町大字権現堂,37.492291,140.989521,JR常磐線(いわき～仙台),JR東日本,1,D,5,駅データ.jp
1123014,1123014,桃内,福島県,南相馬市,南相馬市小高区,南相馬市小高区耳谷,37.52866,140.984352,JR常磐線(いわき～仙台),JR東日本,1,D,5,駅データ.jp
1123015,1123015,小高,福島県,南相馬市,南相馬市小高区,南相馬市小高区東町１,37.56298,140.996375,JR常磐線(いわき～仙台),JR東日本,1,D,5,駅データ.jp
1123016,1123016,磐城太田,福島県,南相馬市,南相馬市原町区,南相馬市原町区高字金井神,37.605114,140.991407,JR常磐線(いわき～仙台),JR東日本,1,D,5,駅データ.jp
1123017,1123017,原ノ町,福島県,南相馬市,南相馬市原町区,南相馬市原町区旭町２,37.6379,140.971161,JR常磐線(いわき～仙台),JR東日本,1,D,5,駅データ.jp
1123018,1123018,鹿島,福島県,南相馬市,南相馬市鹿島区,南相馬市鹿島区鹿島,37.702827,140.970062,JR常磐線(いわき～仙台),JR東日本,1,D,5,駅データ.jp
1123019,1123019,日立木,福島県,相馬市,相馬市,相馬市赤木字上原田,37.756081,140.934642,JR常磐線(いわき～仙台),JR東日本,1,D,5,駅データ.jp
1123020,1123020,相馬,福島県,相馬市,相馬市,相馬市中村字曲田,37.802455,140.925713,JR常磐線(いわき～仙台),JR東日本,1,D,13,駅データ.jp
1123021,1123021,駒ケ嶺,福島県,,,福島県相馬郡新地町駒ケ嶺字深町21,37.842353,140.925075,JR常磐線(いわき～仙台),JR東日本,1,D,5,駅データ.jp
1123022,1123022,新地,福島県,,,相馬郡新地町大字谷地小屋,37.879164,140.925463,JR常磐線(いわき～仙台),JR東日本,1,D,5,駅データ.jp
1123023,1123023,坂元,宮城県,,,亘理郡山元町坂元字二又,37.92437,140.900917,JR常磐線(いわき～仙台),JR東日本,1,D,5,駅データ.jp
1123024,1123024,山下,宮城県,,,亘理郡山元町寺字頭無,37.966559,140.889021,JR常磐線(いわき～仙台),JR東日本,1,D,5,駅データ.jp
1123025,1123025,浜吉田,宮城県,,,亘理郡亘理町吉田字流,38.002195,140.890083,JR常磐線(いわき～仙台),JR東日本,1,D,5,駅データ.jp
1123026,1123026,亘理,宮城県,,,亘理郡亘理町道田西,38.039776,140.861317,JR常磐線(いわき～仙台),JR東日本,1,D,5,駅データ.jp
1123027,1123027,逢隈,宮城県,,,亘理郡亘理町逢隈下郡字椿山,38.067584,140.854669,JR常磐線(いわき～仙台),JR東日本,1,D,5,駅データ.jp
1123035,1123035,Jヴィレッジ,福島県,,,双葉郡楢葉町大字山田岡字下岩沢1番地2,37.242583,141.0075,JR常磐線(いわき～仙台),JR東日本,1,D,5,駅データ.jp
1123101,1123101,黒磯,栃木県,那須塩原市,那須塩原市,那須塩原市本町,36.970128,140.060204,JR東北本線(黒磯～利府・盛岡)|宇都宮線,JR東日本,2,D,15,駅データ.jp
1123102,1123102,高久,栃木県,,,那須郡那須町大字高久甲西久保７２０-４,36.996572,140.087346,JR東北本線(黒磯～利府・盛岡),JR東日本,1,D,5,駅データ.jp
1123103,1123103,黒田原,栃木県,,,那須郡那須町大字寺子丙,37.022848,140.119586,JR東北本線(黒磯～利府・盛岡),JR東日本,1,D,5,駅データ.jp
1123104,1123104,豊原,栃木県,,,那須郡那須町大字豊原,37.055014,140.155066,JR東北本線(黒磯～利府・盛岡),JR東日本,1,D,5,駅データ.jp
1123105,1123105,白坂,福島県,白河市,白河市,白河市白坂,37.09457,140.184388,JR東北本線(黒磯～利府・盛岡),JR東日本,1,D,5,駅データ.jp
1123106,1123106,新白河,福島県,,,西白河郡西郷村小田倉,37.12331,140.188969,JR東北本線(黒磯～利府・盛岡),JR東日本,1,D,15,駅データ.jp
1123107,1123107,白河,福島県,白河市,白河市,白河市字郭内,37.129692,140.213742,JR東北本線(黒磯～利府・盛岡),JR東日本,1,D,13,駅データ.jp
1123108,1123108,久田野,福島県,白河市,白河市,白河市大字久田野字田中,37.137048,140.259458,JR東北本線(黒磯～利府・盛岡),JR東日本,1,D,5,駅データ.jp
1123109,1123109,泉崎,福島県,,,西白河郡泉崎村大字泉崎字館,37.15835,140.299026,JR東北本線(黒磯～利府・盛岡),JR東日本,1,D,5,駅データ.jp
1123110,1123110,矢吹,福島県,,,西白河郡矢吹町中町,37.205286,140.327983,JR東北本線(黒磯～利府・盛岡),JR東日本,1,D,5,駅データ.jp
1123111,1123111,鏡石,福島県,,,岩瀬郡鏡石町大字笠石字中央,37.250733,140.346812,JR東北本線(黒磯～利府・盛岡),JR東日本,1,D,5,駅データ.jp
1123112,1123112,須賀川,福島県,須賀川市,須賀川市,須賀川市中山,37.300335,140.372014,JR東北本線(黒磯～利府・盛岡),JR東日本,1,D,13,駅データ.jp
1123113,1123113,安積永盛,福島県,郡山市,郡山市,郡山市笹川３丁目,37.356967,140.368943,JR東北本線(黒磯～利府・盛岡)|JR水郡線,JR東日本,2,D,15,駅データ.jp
1123114,1123114,郡山,福島県,郡山市,郡山市,郡山市燧田,37.398187,140.389363,JR東北本線(黒磯～利府・盛岡)|JR水郡線|JR磐越西線(郡山～会津若松)|ゆうゆうあぶくまライン,JR東日本,4,B,48,駅データ.jp
1123115,1123115,日和田,福島県,郡山市,郡山市,郡山市日和田町字小堰,37.446405,140.388333,JR東北本線(黒磯～利府・盛岡),JR東日本,1,D,5,駅データ.jp
1123116,1123116,五百川,福島県,本宮市,本宮市,本宮市荒井字新介,37.482887,140.38785,JR東北本線(黒磯～利府・盛岡),JR東日本,1,D,5,駅データ.jp
1123117,1123117,本宮,福島県,本宮市,本宮市,本宮市本宮字九縄,37.514177,140.399534,JR東北本線(黒磯～利府・盛岡),JR東日本,1,D,13,駅データ.jp
1123118,1123118,杉田,福島県,二本松市,二本松市,二本松市杉田町１丁目,37.563307,140.413663,JR東北本線(黒磯～利府・盛岡),JR東日本,1,D,5,駅データ.jp
1123119,1123119,二本松,福島県,二本松市,二本松市,二本松市本町２丁目,37.589598,140.435389,JR東北本線(黒磯～利府・盛岡),JR東日本,1,D,13,駅データ.jp
1123120,1123120,安達,福島県,二本松市,二本松市,二本松市油井字古屋敷,37.611724,140.466042,JR東北本線(黒磯～利府・盛岡),JR東日本,1,D,5,駅データ.jp
1123121,1123121,松川,福島県,福島市,福島市,福島市松川町字原,37.653825,140.48442,JR東北本線(黒磯～利府・盛岡),JR東日本,1,D,5,駅データ.jp
1123122,1123122,金谷川,福島県,福島市,福島市,福島市松川町関谷字坂下,37.680526,140.452244,JR東北本線(黒磯～利府・盛岡),JR東日本,1,D,5,駅データ.jp
1123123,1123123,南福島,福島県,福島市,福島市,福島市永井川字壇ノ腰,37.723665,140.456074,JR東北本線(黒磯～利府・盛岡),JR東日本,1,D,13,駅データ.jp
1123124,1123124,福島,福島県,福島市,福島市,福島市栄町,37.754468,140.459857,JR東北本線(黒磯～利府・盛岡)|山形線|福島交通飯坂線|阿武隈急行線,JR東日本|福島交通|阿武隈急行,4,A,63,駅データ.jp
1123125,1123125,東福島,福島県,福島市,福島市,福島市宮代字段ノ腰,37.800447,140.478058,JR東北本線(黒磯～利府・盛岡),JR東日本,1,D,13,駅データ.jp
1123126,1123126,伊達,福島県,伊達市,伊達市,伊達市細谷,37.823917,140.493255,JR東北本線(黒磯～利府・盛岡),JR東日本,1,D,13,駅データ.jp
1123127,1123127,桑折,福島県,,,伊達郡桑折町大字南半田字六角,37.855258,140.517508,JR東北本線(黒磯～利府・盛岡),JR東日本,1,D,5,駅データ.jp
1123128,1123128,藤田,福島県,,,伊達郡国見町大字山崎字北町田,37.879062,140.539722,JR東北本線(黒磯～利府・盛岡),JR東日本,1,D,5,駅データ.jp
1123129,1123129,貝田,福島県,,,伊達郡国見町大字貝田字竹ノ根,37.908226,140.58106,JR東北本線(黒磯～利府・盛岡),JR東日本,1,D,5,駅データ.jp
1123130,1123130,越河,宮城県,白石市,白石市,白石市越河五賀字海道下,37.933616,140.604572,JR東北本線(黒磯～利府・盛岡),JR東日本,1,D,5,駅データ.jp
1123131,1123131,白石,宮城県,白石市,白石市,白石市字沢目,38.003581,140.626164,JR東北本線(黒磯～利府・盛岡),JR東日本,1,D,13,駅データ.jp
1123132,1123132,東白石,宮城県,白石市,白石市,白石市白川内親字阿久土,38.034935,140.651109,JR東北本線(黒磯～利府・盛岡),JR東日本,1,D,13,駅データ.jp
1123133,1123133,北白川,宮城県,白石市,白石市,白石市白川津田字下谷地,38.032607,140.692613,JR東北本線(黒磯～利府・盛岡),JR東日本,1,D,5,駅データ.jp
1123134,1123134,大河原,宮城県,,,柴田郡大河原町大谷字向,38.047491,140.740142,JR東北本線(黒磯～利府・盛岡),JR東日本,1,D,5,駅データ.jp
1123135,1123135,船岡,宮城県,,,柴田郡柴田町船岡中央１丁目,38.059298,140.767366,JR東北本線(黒磯～利府・盛岡),JR東日本,1,D,5,駅データ.jp
1123136,1123136,槻木,宮城県,,,柴田郡柴田町大字槻木字畑中,38.07864,140.809992,JR東北本線(黒磯～利府・盛岡)|阿武隈急行線,JR東日本|阿武隈急行,2,D,15,駅データ.jp
1123137,1123137,岩沼,宮城県,岩沼市,岩沼市,岩沼市館下１丁目,38.11205,140.863783,JR常磐線(いわき～仙台)|JR東北本線(黒磯～利府・盛岡),JR東日本,2,C,23,駅データ.jp
1123138,1123138,館腰,宮城県,名取市,名取市,名取市植松４丁目,38.142987,140.880208,JR常磐線(いわき～仙台)|JR東北本線(黒磯～利府・盛岡),JR東日本,2,D,15,駅データ.jp
1123139,1123139,名取,宮城県,名取市,名取市,名取市増田２丁目５番地１,38.173054,140.882759,JR常磐線(いわき～仙台)|JR東北本線(黒磯～利府・盛岡)|仙台空港線,JR東日本|仙台空港鉄道,3,C,32,駅データ.jp
1123140,1123140,南仙台,宮城県,仙台市,仙台市太白区,仙台市太白区中田町５丁目,38.197384,140.883296,JR常磐線(いわき～仙台)|JR東北本線(黒磯～利府・盛岡),JR東日本,2,D,15,駅データ.jp
1123141,1123141,太子堂,宮城県,仙台市,仙台市太白区,仙台市太白区太子堂１丁目２０番地,38.21711,140.883436,JR常磐線(いわき～仙台)|JR東北本線(黒磯～利府・盛岡),JR東日本,2,D,15,駅データ.jp
1123142,1123142,長町,宮城県,仙台市,仙台市太白区,仙台市太白区長町５丁目,38.227279,140.885605,JR常磐線(いわき～仙台)|JR東北本線(黒磯～利府・盛岡)|仙台市営地下鉄南北線,JR東日本|仙台市交通局,3,C,24,駅データ.jp
1123143,1123143,仙台,宮城県,仙台市,仙台市青葉区,仙台市青葉区中央一丁目1-1,38.260027,140.882158,JR仙山線|JR仙石線|JR常磐線(いわき～仙台)|JR東北本線(黒磯～利府・盛岡),JR東日本,4,S,80,駅データ.jp
1123144,1123144,東仙台,宮城県,仙台市,仙台市宮城野区,仙台市宮城野区東仙台１丁目,38.276512,140.920204,JR東北本線(黒磯～利府・盛岡),JR東日本,1,D,5,駅データ.jp
1123145,1123145,岩切,宮城県,仙台市,仙台市宮城野区,仙台市宮城野区岩切字洞ノ口,38.300773,140.954617,JR東北本線(黒磯～利府・盛岡),JR東日本,1,D,5,駅データ.jp
1123146,1123146,新利府,宮城県,,,宮城郡利府町字谷地脇,38.317059,140.972609,JR東北本線(黒磯～利府・盛岡),JR東日本,1,D,5,駅データ.jp
1123147,1123147,利府,宮城県,,,宮城郡利府町森郷柱田,38.329483,140.984652,JR東北本線(黒磯～利府・盛岡),JR東日本,1,D,5,駅データ.jp
1123148,1123148,陸前山王,宮城県,多賀城市,多賀城市,多賀城市山王字干刈田,38.299586,140.97917,JR東北本線(黒磯～利府・盛岡),JR東日本,1,D,5,駅データ.jp
1123149,1123149,国府多賀城,宮城県,多賀城市,多賀城市,多賀城市浮島一丁目１-２６６,38.300933,140.99411,JR東北本線(黒磯～利府・盛岡),JR東日本,1,D,13,駅データ.jp
1123150,1123150,塩釜,宮城県,塩竈市,塩竈市,塩竈市東玉川町,38.309584,141.009564,JR東北本線(黒磯～利府・盛岡),JR東日本,1,D,5,駅データ.jp
1123151,1123151,松島,宮城県,,,宮城郡松島町松島字小梨屋,38.379892,141.065982,JR東北本線(黒磯～利府・盛岡),JR東日本,1,D,5,駅データ.jp
1123152,1123152,愛宕,宮城県,,,宮城郡松島町松島字三居山,38.397371,141.065,JR東北本線(黒磯～利府・盛岡),JR東日本,1,D,5,駅データ.jp
1123153,1123153,品井沼,宮城県,,,宮城郡松島町幡谷鹿渡,38.431539,141.082408,JR東北本線(黒磯～利府・盛岡),JR東日本,1,D,5,駅データ.jp
1123154,1123154,鹿島台,宮城県,大崎市,大崎市,大崎市鹿島台平渡字銭神,38.474708,141.097965,JR東北本線(黒磯～利府・盛岡),JR東日本,1,D,5,駅データ.jp
1123155,1123155,松山町,宮城県,大崎市,大崎市,大崎市松山金谷字赤沼上,38.512332,141.075187,JR東北本線(黒磯～利府・盛岡),JR東日本,1,D,5,駅データ.jp
1123156,1123156,小牛田,宮城県,,,遠田郡美里町藤ケ崎,38.541111,141.064355,JR東北本線(黒磯～利府・盛岡)|JR石巻線|奥の細道湯けむりライン,JR東日本,3,C,24,駅データ.jp
1123157,1123157,田尻,宮城県,大崎市,大崎市,大崎市田尻沼部字塩加良,38.596246,141.058912,JR東北本線(黒磯～利府・盛岡),JR東日本,1,D,5,駅データ.jp
1123158,1123158,瀬峰,宮城県,栗原市,栗原市,栗原市瀬峰下田,38.655153,141.07383,JR東北本線(黒磯～利府・盛岡),JR東日本,1,D,5,駅データ.jp
1123159,1123159,梅ケ沢,宮城県,登米市,登米市,宮城県登米市迫町新田字外沢田53,38.681678,141.085278,JR東北本線(黒磯～利府・盛岡),JR東日本,1,D,5,駅データ.jp
1123160,1123160,新田,宮城県,登米市,登米市,登米市迫町新田,38.711475,141.119428,JR東北本線(黒磯～利府・盛岡),JR東日本,1,D,5,駅データ.jp
1123161,1123161,石越,宮城県,登米市,登米市,登米市石越町南郷,38.768778,141.15906,JR東北本線(黒磯～利府・盛岡),JR東日本,1,D,5,駅データ.jp
1123162,1123162,油島,岩手県,一関市,一関市,一関市花泉町油島,38.797113,141.175706,JR東北本線(黒磯～利府・盛岡),JR東日本,1,D,5,駅データ.jp
1123163,1123163,花泉,岩手県,一関市,一関市,一関市花泉町花泉,38.83331,141.180013,JR東北本線(黒磯～利府・盛岡),JR東日本,1,D,5,駅データ.jp
1123164,1123164,清水原,岩手県,一関市,一関市,一関市花泉町花泉,38.854915,141.156576,JR東北本線(黒磯～利府・盛岡),JR東日本,1,D,5,駅データ.jp
1123165,1123165,有壁,宮城県,栗原市,栗原市,栗原市金成,38.867371,141.120994,JR東北本線(黒磯～利府・盛岡),JR東日本,1,D,5,駅データ.jp
1123166,1123166,一ノ関,岩手県,一関市,一関市,一関市駅前,38.926514,141.138177,JR東北本線(黒磯～利府・盛岡)|ドラゴンレール大船渡線,JR東日本,2,C,25,駅データ.jp
1123167,1123167,山ノ目,岩手県,一関市,一関市,一関市山目町３丁目,38.951253,141.131921,JR東北本線(黒磯～利府・盛岡),JR東日本,1,D,5,駅データ.jp
1123168,1123168,平泉,岩手県,,,西磐井郡平泉町平泉,38.987935,141.117786,JR東北本線(黒磯～利府・盛岡),JR東日本,1,D,5,駅データ.jp
1123169,1123169,前沢,岩手県,奥州市,奥州市前沢区,奥州市前沢区三日町新裏,39.048686,141.12624,JR東北本線(黒磯～利府・盛岡),JR東日本,1,D,5,駅データ.jp
1123170,1123170,陸中折居,岩手県,奥州市,奥州市水沢区,奥州市水沢区真城,39.094185,141.140864,JR東北本線(黒磯～利府・盛岡),JR東日本,1,D,5,駅データ.jp
1123171,1123171,水沢,岩手県,奥州市,奥州市水沢区,奥州市水沢区中町,39.138998,141.146395,JR東北本線(黒磯～利府・盛岡),JR東日本,1,D,5,駅データ.jp
1123172,1123172,金ケ崎,岩手県,,,岩手県胆沢郡金ケ崎町西根杉土手2-1,39.199615,141.112894,JR東北本線(黒磯～利府・盛岡),JR東日本,1,D,5,駅データ.jp
1123173,1123173,六原,岩手県,,,胆沢郡金ケ崎町大字三ケ尻,39.227894,141.097605,JR東北本線(黒磯～利府・盛岡),JR東日本,1,D,5,駅データ.jp
1123174,1123174,北上,岩手県,北上市,北上市,北上市大通り１丁目,39.281196,141.121221,JR北上線|JR東北本線(黒磯～利府・盛岡),JR東日本,2,C,23,駅データ.jp
1123175,1123175,村崎野,岩手県,北上市,北上市,北上市飯豊町字村崎野,39.323027,141.120442,JR東北本線(黒磯～利府・盛岡),JR東日本,1,D,5,駅データ.jp
1123176,1123176,花巻,岩手県,花巻市,花巻市,花巻市大通り,39.393182,141.110458,JR東北本線(黒磯～利府・盛岡)|銀河ドリームライン釜石線,JR東日本,2,C,23,駅データ.jp
1123177,1123177,花巻空港,岩手県,花巻市,花巻市,花巻市二枚橋,39.442639,141.127625,JR東北本線(黒磯～利府・盛岡),JR東日本,1,D,13,駅データ.jp
1123178,1123178,石鳥谷,岩手県,花巻市,花巻市,花巻市石鳥谷町好地,39.490919,141.146861,JR東北本線(黒磯～利府・盛岡),JR東日本,1,D,5,駅データ.jp
1123179,1123179,日詰,岩手県,,,紫波郡紫波町北日詰,39.538734,141.160637,JR東北本線(黒磯～利府・盛岡),JR東日本,1,D,5,駅データ.jp
1123180,1123180,紫波中央,岩手県,,,紫波郡紫波町日詰字中新田３４６番地,39.5549,141.15995,JR東北本線(黒磯～利府・盛岡),JR東日本,1,D,5,駅データ.jp
1123181,1123181,古館,岩手県,,,紫波郡紫波町中島,39.580844,141.154575,JR東北本線(黒磯～利府・盛岡),JR東日本,1,D,5,駅データ.jp
1123182,1123182,矢幅,岩手県,,,紫波郡矢巾町大字又兵エ新田,39.613293,141.148299,JR東北本線(黒磯～利府・盛岡),JR東日本,1,D,5,駅データ.jp
1123183,1123183,岩手飯岡,岩手県,盛岡市,盛岡市,盛岡市永井,39.65373,141.146861,JR東北本線(黒磯～利府・盛岡),JR東日本,1,D,5,駅データ.jp
1123184,1123184,仙北町,岩手県,盛岡市,盛岡市,盛岡市仙北２丁目,39.687919,141.148814,JR東北本線(黒磯～利府・盛岡),JR東日本,1,D,5,駅データ.jp
1123185,1123185,盛岡,岩手県,盛岡市,盛岡市,盛岡市盛岡駅前通,39.701547,141.136599,JR山田線|JR東北本線(黒磯～利府・盛岡)|JR田沢湖線|いわて銀河鉄道線,IGRいわて銀河鉄道|JR東日本,4,A,63,駅データ.jp
1130101,1130101,東京,東京都,千代田区,千代田区,東京都千代田区丸の内一丁目,35.681421,139.765987,JR中央本線(東京～塩尻)|JR中央線(快速)|JR京浜東北線|JR京葉線|JR山手線|JR成田エクスプレス|JR東海道本線(東京～熱海)|JR横須賀線|JR総武本線|上野東京ライン|宇都宮線|東京メトロ丸ノ内線,JR東日本|東京メトロ,12,S,80,駅データ.jp
1130102,1130102,新橋,東京都,港区,港区,東京都港区新橋二丁目17,35.666185,139.758839,JR京浜東北線|JR山手線|JR東海道本線(東京～熱海)|JR横須賀線|ゆりかもめ|東京メトロ銀座線|都営浅草線,JR東日本|ゆりかもめ|東京メトロ|東京都交通局,7,A,60,駅データ.jp
1130103,1130103,品川,東京都,港区,港区,東京都港区高輪三丁目26-27,35.628681,139.738848,JR京浜東北線|JR山手線|JR成田エクスプレス|JR東海道本線(東京～熱海)|JR横須賀線|京急本線,JR東日本|京急電鉄,6,S,80,駅データ.jp
1130104,1130104,川崎,神奈川県,川崎市,川崎市川崎区,川崎市川崎区駅前本町,35.531311,139.697485,JR京浜東北線|JR南武線|JR東海道本線(東京～熱海),JR東日本,3,S,80,駅データ.jp
1130105,1130105,横浜,神奈川県,横浜市,横浜市西区,横浜市西区高島２丁目,35.466151,139.622323,JR京浜東北線|JR成田エクスプレス|JR東海道本線(東京～熱海)|JR根岸線|JR横須賀線|JR湘南新宿ライン|みなとみらい線|ブルーライン|京急本線|東急東横線|相鉄本線,JR東日本|京急電鉄|東急電鉄|横浜市交通局|横浜高速鉄道|相模鉄道,11,S,80,駅データ.jp
1130106,1130106,戸塚,神奈川県,横浜市,横浜市戸塚区,横浜市戸塚区戸塚町,35.400509,139.534291,JR成田エクスプレス|JR東海道本線(東京～熱海)|JR横須賀線|JR湘南新宿ライン|ブルーライン,JR東日本|横浜市交通局,5,C,35,駅データ.jp
1130107,1130107,大船,神奈川県,鎌倉市,鎌倉市,鎌倉市大船１丁目,35.353282,139.531167,JR成田エクスプレス|JR東海道本線(東京～熱海)|JR根岸線|JR横須賀線|JR湘南新宿ライン|湘南モノレール,JR東日本|湘南モノレール,6,C,35,駅データ.jp
1130108,1130108,藤沢,神奈川県,藤沢市,藤沢市,藤沢市藤沢,35.338222,139.487186,JR東海道本線(東京～熱海)|小田急江ノ島線|江ノ島電鉄線,JR東日本|小田急電鉄|江ノ島電鉄,3,A,60,駅データ.jp
1130109,1130109,辻堂,神奈川県,藤沢市,藤沢市,藤沢市辻堂,35.336847,139.447106,JR東海道本線(東京～熱海),JR東日本,1,D,5,駅データ.jp
1130110,1130110,茅ケ崎,神奈川県,茅ヶ崎市,茅ヶ崎市,神奈川県茅ヶ崎市元町1-1,35.330741,139.407197,JR東海道本線(東京～熱海)|JR相模線,JR東日本,2,D,15,駅データ.jp
1130111,1130111,平塚,神奈川県,平塚市,平塚市,平塚市宝町,35.327647,139.349063,JR東海道本線(東京～熱海),JR東日本,1,D,13,駅データ.jp
1130112,1130112,大磯,神奈川県,,,中郡大磯町東小磯,35.311299,139.313388,JR東海道本線(東京～熱海),JR東日本,1,D,5,駅データ.jp
1130113,1130113,二宮,神奈川県,,,中郡二宮町二宮,35.298644,139.256925,JR東海道本線(東京～熱海),JR東日本,1,D,5,駅データ.jp
1130114,1130114,国府津,神奈川県,小田原市,小田原市,小田原市国府津４丁目,35.280832,139.212932,JR御殿場線|JR東海道本線(東京～熱海),JR東日本|JR東海,2,D,15,駅データ.jp
1130115,1130115,鴨宮,神奈川県,小田原市,小田原市,小田原市鴨宮,35.275744,139.180147,JR東海道本線(東京～熱海),JR東日本,1,D,5,駅データ.jp
1130116,1130116,小田原,神奈川県,小田原市,小田原市,小田原市栄町１丁目,35.256316,139.155759,JR東海道本線(東京～熱海)|伊豆箱根鉄道大雄山線|小田急線|箱根登山鉄道鉄道線,JR東日本|伊豆箱根鉄道|小田急箱根|小田急電鉄,4,B,48,駅データ.jp
1130117,1130117,早川,神奈川県,小田原市,小田原市,小田原市早川１丁目,35.238875,139.145014,JR東海道本線(東京～熱海),JR東日本,1,D,5,駅データ.jp
1130118,1130118,根府川,神奈川県,小田原市,小田原市,小田原市根府川,35.202455,139.138504,JR東海道本線(東京～熱海),JR東日本,1,D,5,駅データ.jp
1130119,1130119,真鶴,神奈川県,,,足柄下郡真鶴町真鶴,35.156837,139.132148,JR東海道本線(東京～熱海),JR東日本,1,D,5,駅データ.jp
1130120,1130120,湯河原,神奈川県,,,足柄下郡湯河原町宮下,35.146178,139.102142,JR東海道本線(東京～熱海),JR東日本,1,D,5,駅データ.jp
1130121,1130121,熱海,静岡県,熱海市,熱海市,熱海市田原本町,35.103573,139.077679,JR伊東線|JR東海道本線(東京～熱海)|JR東海道本線(熱海～浜松),JR東日本|JR東海,3,B,42,駅データ.jp
1130201,1130201,大崎,東京都,品川区,品川区,東京都品川区大崎一丁目21-4,35.619772,139.728439,JR埼京線|JR山手線|JR湘南新宿ライン|りんかい線|相鉄・JR直通線,JR東日本|東京臨海高速鉄道|相模鉄道,5,C,35,駅データ.jp
1130202,1130202,五反田,東京都,品川区,品川区,東京都品川区東五反田一丁目26,35.626113,139.724057,JR山手線|東急池上線|都営浅草線,JR東日本|東京都交通局|東急電鉄,3,A,60,駅データ.jp
1130203,1130203,目黒,東京都,品川区,品川区,東京都品川区上大崎二丁目16-9,35.633435,139.715569,JR山手線|東京メトロ南北線|東急目黒線|都営三田線,JR東日本|東京メトロ|東京都交通局|東急電鉄,4,A,60,駅データ.jp
1130204,1130204,恵比寿,東京都,渋谷区,渋谷区,東京都渋谷区恵比寿南一丁目5-5,35.646814,139.709854,JR埼京線|JR山手線|JR湘南新宿ライン|東京メトロ日比谷線|相鉄・JR直通線,JR東日本|東京メトロ|相模鉄道,5,A,60,駅データ.jp
1130205,1130205,渋谷,東京都,渋谷区,渋谷区,東京都渋谷区道玄坂一丁目1-1,35.658936,139.701459,JR埼京線|JR山手線|JR成田エクスプレス|JR湘南新宿ライン|京王井の頭線|東京メトロ副都心線|東京メトロ半蔵門線|東京メトロ銀座線|東急東横線|東急田園都市線|相鉄・JR直通線,JR東日本|京王電鉄|東京メトロ|東急電鉄|相模鉄道,11,S,80,駅データ.jp
1130206,1130206,原宿,東京都,渋谷区,渋谷区,東京都渋谷区神宮前一丁目18,35.669405,139.703985,JR山手線|東京メトロ副都心線|東京メトロ千代田線,JR東日本|東京メトロ,3,A,60,駅データ.jp
1130207,1130207,代々木,東京都,渋谷区,渋谷区,東京都渋谷区代々木一丁目34-1,35.683113,139.701917,JR中央・総武線|JR山手線|都営大江戸線,JR東日本|東京都交通局,3,C,24,駅データ.jp
1130208,1130208,新宿,東京都,新宿区,新宿区,東京都新宿区新宿三丁目38-1,35.689846,139.699973,JR中央・総武線|JR中央本線(東京～塩尻)|JR中央線(快速)|JR埼京線|JR山手線|JR成田エクスプレス|JR湘南新宿ライン|京王新線|京王線|小田急線|東京メトロ丸ノ内線|相鉄・JR直通線|都営大江戸線|都営新宿線,JR東日本|京王電鉄|小田急電鉄|東京メトロ|東京都交通局|相模鉄道,14,S,80,駅データ.jp
1130209,1130209,新大久保,東京都,新宿区,新宿区,東京都新宿区百人町一丁目10-15,35.700875,139.700261,JR山手線,JR東日本,1,D,5,駅データ.jp
1130210,1130210,高田馬場,東京都,新宿区,新宿区,東京都新宿区高田馬場一丁目35-1,35.712897,139.704058,JR山手線|東京メトロ東西線|西武新宿線,JR東日本|東京メトロ|西武鉄道,3,A,60,駅データ.jp
1130211,1130211,目白,東京都,豊島区,豊島区,東京都豊島区目白三丁目3-1,35.720476,139.706228,JR山手線,JR東日本,1,D,5,駅データ.jp
1130212,1130212,池袋,東京都,豊島区,豊島区,東京都豊島区南池袋一丁目28-2,35.730263,139.710608,JR埼京線|JR山手線|JR湘南新宿ライン|東京メトロ丸ノ内線|東京メトロ副都心線|東京メトロ有楽町線|東武東上線|西武池袋線,JR東日本|東京メトロ|東武鉄道|西武鉄道,8,S,80,駅データ.jp
1130213,1130213,大塚,東京都,豊島区,豊島区,東京都豊島区南大塚三丁目33-1,35.731498,139.728959,JR山手線|東京さくらトラム（都電荒川線）,JR東日本|東京都交通局,2,D,15,駅データ.jp
1130214,1130214,巣鴨,東京都,豊島区,豊島区,東京都豊島区巣鴨一丁目16-1,35.733474,139.738911,JR山手線|都営三田線,JR東日本|東京都交通局,2,D,15,駅データ.jp
1130215,1130215,駒込,東京都,豊島区,豊島区,東京都豊島区駒込二丁目1-1,35.736892,139.747248,JR山手線|東京メトロ南北線,JR東日本|東京メトロ,2,D,15,駅データ.jp
1130216,1130216,田端,東京都,北区,北区,東京都北区東田端一丁目17-1,35.737781,139.761229,JR京浜東北線|JR山手線,JR東日本,2,D,15,駅データ.jp
1130217,1130217,西日暮里,東京都,荒川区,荒川区,東京都荒川区西日暮里五丁目22-1,35.73203,139.76677,JR京浜東北線|JR山手線|日暮里・舎人ライナー|東京メトロ千代田線,JR東日本|東京メトロ|東京都交通局,4,C,30,駅データ.jp
1130218,1130218,日暮里,東京都,荒川区,荒川区,東京都荒川区西日暮里二丁目19-1,35.727908,139.771287,JR京浜東北線|JR山手線|JR常磐線(上野～取手)|京成本線|成田スカイアクセス|日暮里・舎人ライナー,JR東日本|京成電鉄|東京都交通局,6,C,35,駅データ.jp
1130219,1130219,鶯谷,東京都,台東区,台東区,東京都台東区根岸一丁目4-1,35.721484,139.778015,JR京浜東北線|JR山手線,JR東日本,2,D,15,駅データ.jp
1130220,1130220,上野,東京都,台東区,台東区,東京都台東区上野七丁目1-1,35.713213,139.777063,JR京浜東北線|JR山手線|JR常磐線(上野～取手)|JR高崎線|上野東京ライン|宇都宮線|東京メトロ日比谷線|東京メトロ銀座線,JR東日本|東京メトロ,8,S,80,駅データ.jp
1130221,1130221,御徒町,東京都,台東区,台東区,東京都台東区上野五丁目27,35.707357,139.77456,JR京浜東北線|JR山手線|東京メトロ日比谷線|東京メトロ銀座線|都営大江戸線,JR東日本|東京メトロ|東京都交通局,5,C,35,駅データ.jp
1130222,1130222,秋葉原,東京都,千代田区,千代田区,東京都千代田区外神田一丁目17,35.698582,139.773919,JR中央・総武線|JR京浜東北線|JR山手線|つくばエクスプレス|東京メトロ日比谷線,JR東日本|東京メトロ|首都圏新都市鉄道,5,S,80,駅データ.jp
1130223,1130223,神田,東京都,千代田区,千代田区,東京都千代田区鍛冶町二丁目13-1,35.691777,139.770706,JR中央線(快速)|JR京浜東北線|JR山手線|東京メトロ銀座線,JR東日本|東京メトロ,4,C,30,駅データ.jp
1130225,1130225,有楽町,東京都,千代田区,千代田区,東京都千代田区有楽町二丁目9,35.675244,139.761629,JR京浜東北線|JR山手線|東京メトロ千代田線|東京メトロ日比谷線|東京メトロ有楽町線|都営三田線,JR東日本|東京メトロ|東京都交通局,6,A,60,駅データ.jp
1130227,1130227,浜松町,東京都,港区,港区,東京都港区海岸一丁目3-1,35.655483,139.757006,JR京浜東北線|JR山手線|東京モノレール,JR東日本|東京モノレール,3,C,24,駅データ.jp
1130228,1130228,田町,東京都,港区,港区,東京都港区芝五丁目33-36,35.645736,139.747575,JR京浜東北線|JR山手線,JR東日本,2,D,15,駅データ.jp
1130230,1130230,高輪ゲートウェイ,東京都,港区,港区,港区港南二丁目10-145,35.6355,139.7407,JR京浜東北線|JR山手線,JR東日本,2,D,15,駅データ.jp
1130302,1130302,尻手,神奈川県,川崎市,川崎市幸区,川崎市幸区南幸町３丁目,35.530939,139.684233,JR南武線,JR東日本,1,D,5,駅データ.jp
1130303,1130303,矢向,神奈川県,横浜市,横浜市鶴見区,横浜市鶴見区矢向６丁目,35.539408,139.68055,JR南武線,JR東日本,1,D,5,駅データ.jp
1130304,1130304,鹿島田,神奈川県,川崎市,川崎市幸区,川崎市幸区鹿島田,35.551459,139.674964,JR南武線,JR東日本,1,D,5,駅データ.jp
1130305,1130305,平間,神奈川県,川崎市,川崎市中原区,川崎市中原区田尻町,35.560565,139.671039,JR南武線,JR東日本,1,D,5,駅データ.jp
1130306,1130306,向河原,神奈川県,川崎市,川崎市中原区,川崎市中原区下沼部,35.572891,139.66725,JR南武線,JR東日本,1,D,5,駅データ.jp
1130307,1130307,武蔵小杉,神奈川県,川崎市,川崎市中原区,川崎市中原区小杉町三丁目492,35.576215,139.660679,JR南武線|JR成田エクスプレス|JR横須賀線|JR湘南新宿ライン|東急東横線|東急目黒線|相鉄・JR直通線,JR東日本|東急電鉄|相模鉄道,7,A,60,駅データ.jp
1130308,1130308,武蔵中原,神奈川県,川崎市,川崎市中原区,川崎市中原区上小田中,35.581498,139.640613,JR南武線,JR東日本,1,D,5,駅データ.jp
1130309,1130309,武蔵新城,神奈川県,川崎市,川崎市中原区,川崎市中原区上新城２丁目,35.587369,139.629419,JR南武線,JR東日本,1,D,5,駅データ.jp
1130310,1130310,武蔵溝ノ口,神奈川県,川崎市,川崎市高津区,川崎市高津区溝口,35.599534,139.610788,JR南武線|東急大井町線|東急田園都市線,JR東日本|東急電鉄,3,C,24,駅データ.jp
1130311,1130311,津田山,神奈川県,川崎市,川崎市高津区,川崎市高津区下作延,35.604259,139.600002,JR南武線,JR東日本,1,D,5,駅データ.jp
1130312,1130312,久地,神奈川県,川崎市,川崎市高津区,川崎市高津区久地,35.610363,139.592714,JR南武線,JR東日本,1,D,5,駅データ.jp
1130313,1130313,宿河原,神奈川県,川崎市,川崎市多摩区,川崎市多摩区宿河原,35.615429,139.579565,JR南武線,JR東日本,1,D,5,駅データ.jp
1130314,1130314,登戸,神奈川県,川崎市,川崎市多摩区,川崎市多摩区登戸,35.62102,139.569738,JR南武線|小田急線,JR東日本|小田急電鉄,2,D,15,駅データ.jp
1130315,1130315,中野島,神奈川県,川崎市,川崎市多摩区,川崎市多摩区中野島,35.630135,139.5501,JR南武線,JR東日本,1,D,5,駅データ.jp
1130316,1130316,稲田堤,神奈川県,川崎市,川崎市多摩区,川崎市多摩区菅稲田堤１丁目,35.633701,139.535173,JR南武線,JR東日本,1,D,5,駅データ.jp
1130317,1130317,矢野口,東京都,稲城市,稲城市,稲城市矢野口,35.641305,139.520849,JR南武線,JR東日本,1,D,5,駅データ.jp
1130318,1130318,稲城長沼,東京都,稲城市,稲城市,稲城市東長沼,35.644184,139.502811,JR南武線,JR東日本,1,D,13,駅データ.jp
1130319,1130319,南多摩,東京都,稲城市,稲城市,稲城市大丸,35.649249,139.489781,JR南武線,JR東日本,1,D,5,駅データ.jp
1130320,1130320,府中本町,東京都,府中市,府中市,府中市本町１丁目,35.665766,139.477142,JR南武線|JR武蔵野線,JR東日本,2,C,23,駅データ.jp
1130321,1130321,分倍河原,東京都,府中市,府中市,府中市片町２丁目,35.668493,139.468798,JR南武線|京王線,JR東日本|京王電鉄,2,D,15,駅データ.jp
1130322,1130322,谷保,東京都,国立市,国立市,国立市谷保町,35.681377,139.446724,JR南武線,JR東日本,1,D,5,駅データ.jp
1130323,1130323,矢川,東京都,国立市,国立市,国立市谷保石田,35.685079,139.431611,JR南武線,JR東日本,1,D,5,駅データ.jp
1130324,1130324,西国立,東京都,立川市,立川市,立川市羽衣町１丁目,35.69375,139.423887,JR南武線,JR東日本,1,D,5,駅データ.jp
1130325,1130325,立川,東京都,立川市,立川市,東京都立川市曙町二丁目1-1,35.698202,139.413704,JR中央本線(東京～塩尻)|JR中央線(快速)|JR南武線|JR青梅線,JR東日本,4,A,60,駅データ.jp
1130326,1130326,八丁畷,神奈川県,川崎市,川崎市川崎区,川崎市川崎区池田１丁目,35.523063,139.691396,JR南武線|京急本線,JR東日本|京急電鉄,2,D,15,駅データ.jp
1130327,1130327,川崎新町,神奈川県,川崎市,川崎市川崎区,川崎市川崎区渡田山王町,35.518234,139.699348,JR南武線,JR東日本,1,D,5,駅データ.jp
1130328,1130328,浜川崎,神奈川県,川崎市,川崎市川崎区,川崎市川崎区南渡田町,35.510146,139.713529,JR南武線|JR鶴見線,JR東日本,2,D,15,駅データ.jp
1130329,1130329,西府,東京都,府中市,府中市,東京都府中市本宿町一丁目40-6,35.670912,139.457477,JR南武線,JR東日本,1,D,5,駅データ.jp
1130330,1130330,小田栄,神奈川県,川崎市,川崎市川崎区,川崎市川崎区小田栄,35.5145,139.704944,JR南武線,JR東日本,1,D,5,駅データ.jp
1130401,1130401,鶴見,神奈川県,横浜市,横浜市鶴見区,横浜市鶴見区鶴見中央,35.507935,139.676674,JR京浜東北線|JR鶴見線|京急本線,JR東日本|京急電鉄,3,C,24,駅データ.jp
1130402,1130402,国道,神奈川県,横浜市,横浜市鶴見区,横浜市鶴見区生麦５丁目,35.50083,139.675599,JR鶴見線,JR東日本,1,D,5,駅データ.jp
1130403,1130403,鶴見小野,神奈川県,横浜市,横浜市鶴見区,横浜市鶴見区小野町,35.497005,139.681226,JR鶴見線,JR東日本,1,D,5,駅データ.jp
1130404,1130404,弁天橋,神奈川県,横浜市,横浜市鶴見区,横浜市鶴見区末広町１丁目,35.495758,139.689451,JR鶴見線,JR東日本,1,D,5,駅データ.jp
1130405,1130405,浅野,神奈川県,横浜市,横浜市鶴見区,横浜市鶴見区末広町２丁目,35.497555,139.695739,JR鶴見線,JR東日本,1,D,5,駅データ.jp
1130406,1130406,新芝浦,神奈川県,横浜市,横浜市鶴見区,横浜市鶴見区末広町２丁目,35.491914,139.7001,JR鶴見線,JR東日本,1,D,5,駅データ.jp
1130407,1130407,海芝浦,神奈川県,横浜市,横浜市鶴見区,横浜市鶴見区末広町２丁目,35.486073,139.700603,JR鶴見線,JR東日本,1,D,5,駅データ.jp
1130408,1130408,安善,神奈川県,横浜市,横浜市鶴見区,横浜市鶴見区安善町１丁目,35.499668,139.700663,JR鶴見線,JR東日本,1,D,5,駅データ.jp
1130409,1130409,大川,神奈川県,川崎市,川崎市川崎区,川崎市川崎区大川町,35.495646,139.711038,JR鶴見線,JR東日本,1,D,5,駅データ.jp
1130410,1130410,武蔵白石,神奈川県,川崎市,川崎市川崎区,川崎市川崎区白石町,35.501912,139.706513,JR鶴見線,JR東日本,1,D,5,駅データ.jp
1130412,1130412,昭和,神奈川県,川崎市,川崎市川崎区,川崎市川崎区扇町,35.506836,139.723897,JR鶴見線,JR東日本,1,D,5,駅データ.jp
1130413,1130413,扇町,神奈川県,川崎市,川崎市川崎区,川崎市川崎区扇町,35.501452,139.722147,JR鶴見線,JR東日本,1,D,5,駅データ.jp
1130502,1130502,北府中,東京都,府中市,府中市,府中市晴見町２丁目,35.68088,139.471792,JR武蔵野線,JR東日本,1,D,13,駅データ.jp
1130503,1130503,西国分寺,東京都,国分寺市,国分寺市,国分寺市西恋ケ窪２丁目,35.699744,139.465994,JR中央線(快速)|JR武蔵野線,JR東日本,2,C,23,駅データ.jp
1130504,1130504,新小平,東京都,小平市,小平市,小平市小川町２丁目,35.73128,139.470745,JR武蔵野線,JR東日本,1,D,13,駅データ.jp
1130505,1130505,新秋津,東京都,東村山市,東村山市,東村山市秋津町５丁目,35.778331,139.493592,JR武蔵野線,JR東日本,1,D,5,駅データ.jp
1130506,1130506,東所沢,埼玉県,所沢市,所沢市,所沢市本郷１丁目,35.79461,139.513878,JR武蔵野線,JR東日本,1,D,13,駅データ.jp
1130507,1130507,新座,埼玉県,新座市,新座市,新座市野火止５丁目,35.80381,139.556328,JR武蔵野線,JR東日本,1,D,13,駅データ.jp
1130508,1130508,北朝霞,埼玉県,朝霞市,朝霞市,朝霞市浜崎１丁目,35.814902,139.587255,JR武蔵野線|東武東上線,JR東日本|東武鉄道,2,C,23,駅データ.jp
1130509,1130509,西浦和,埼玉県,さいたま市,さいたま市桜区,さいたま市桜区田島５丁目,35.844139,139.627707,JR武蔵野線,JR東日本,1,D,5,駅データ.jp
1130510,1130510,武蔵浦和,埼玉県,さいたま市,さいたま市南区,さいたま市南区別所七丁目12-1,35.845734,139.647391,JR埼京線|JR武蔵野線,JR東日本,2,D,15,駅データ.jp
1130511,1130511,南浦和,埼玉県,さいたま市,さいたま市南区,さいたま市南区南浦和２丁目,35.847648,139.669125,JR京浜東北線|JR武蔵野線,JR東日本,2,D,15,駅データ.jp
1130512,1130512,東浦和,埼玉県,さいたま市,さいたま市緑区,さいたま市緑区大牧,35.864079,139.704627,JR武蔵野線,JR東日本,1,D,5,駅データ.jp
1130513,1130513,東川口,埼玉県,川口市,川口市,川口市戸塚１丁目,35.875728,139.744034,JR武蔵野線|埼玉高速鉄道線,JR東日本|埼玉高速鉄道,2,C,23,駅データ.jp
1130514,1130514,南越谷,埼玉県,越谷市,越谷市,越谷市南越谷１丁目,35.875646,139.790202,JR武蔵野線|東武伊勢崎線,JR東日本|東武鉄道,2,C,23,駅データ.jp
1130515,1130515,吉川,埼玉県,吉川市,吉川市,吉川市木売１-６-１,35.87662,139.843162,JR武蔵野線,JR東日本,1,D,13,駅データ.jp
1130516,1130516,新三郷,埼玉県,三郷市,三郷市,三郷市半田,35.858667,139.869341,JR武蔵野線,JR東日本,1,D,13,駅データ.jp
1130517,1130517,三郷,埼玉県,三郷市,三郷市,三郷市三郷,35.845004,139.886341,JR武蔵野線,JR東日本,1,D,13,駅データ.jp
1130518,1130518,南流山,千葉県,流山市,流山市,流山市大字鰭ケ崎,35.838363,139.903568,JR武蔵野線|つくばエクスプレス,JR東日本|首都圏新都市鉄道,2,C,23,駅データ.jp
1130519,1130519,新松戸,千葉県,松戸市,松戸市,松戸市幸谷,35.825859,139.920688,JR常磐線(上野～取手)|JR武蔵野線|流鉄流山線,JR東日本|流鉄,3,C,32,駅データ.jp
1130520,1130520,新八柱,千葉県,松戸市,松戸市,松戸市日暮,35.791703,139.937878,JR武蔵野線|京成松戸線,JR東日本|京成電鉄,2,D,15,駅データ.jp
1130521,1130521,東松戸,千葉県,松戸市,松戸市,千葉県松戸市紙敷,35.770173,139.943254,JR武蔵野線|北総鉄道北総線|成田スカイアクセス,JR東日本|京成電鉄|北総鉄道,3,C,32,駅データ.jp
1130522,1130522,市川大野,千葉県,市川市,市川市,市川市大野町３丁目,35.755432,139.951227,JR武蔵野線,JR東日本,1,D,13,駅データ.jp
1130523,1130523,船橋法典,千葉県,船橋市,船橋市,船橋市藤原１丁目,35.730435,139.966771,JR武蔵野線,JR東日本,1,D,13,駅データ.jp
1130524,1130524,西船橋,千葉県,船橋市,船橋市,船橋市西船４丁目,35.707221,139.95931,JR中央・総武線|JR京葉線|JR武蔵野線|東京メトロ東西線|東葉高速線,JR東日本|東京メトロ|東葉高速鉄道,5,B,43,駅データ.jp
1130525,1130525,越谷レイクタウン,埼玉県,越谷市,越谷市,越谷市レイクタウン８丁目,35.876199,139.822012,JR武蔵野線,JR東日本,1,D,13,駅データ.jp
1130526,1130526,吉川美南,埼玉県,吉川市,吉川市,埼玉県吉川市,35.868056,139.858167,JR武蔵野線,JR東日本,1,D,13,駅データ.jp
1130601,1130601,東神奈川,神奈川県,横浜市,横浜市神奈川区,横浜市神奈川区東神奈川,35.477831,139.633867,JR京浜東北線|JR横浜線|京急本線,JR東日本|京急電鉄,3,C,24,駅データ.jp
1130602,1130602,大口,神奈川県,横浜市,横浜市神奈川区,横浜市神奈川区大口通,35.492375,139.646288,JR横浜線,JR東日本,1,D,5,駅データ.jp
1130603,1130603,菊名,神奈川県,横浜市,横浜市港北区,横浜市港北区菊名７丁目,35.509801,139.630759,JR横浜線|東急東横線,JR東日本|東急電鉄,2,D,15,駅データ.jp
1130604,1130604,新横浜,神奈川県,横浜市,横浜市港北区,横浜市港北区篠原町,35.508381,139.617509,JR横浜線|ブルーライン|東急新横浜線|相鉄新横浜線,JR東日本|東急電鉄|横浜市交通局|相模鉄道,4,B,40,駅データ.jp
1130605,1130605,小机,神奈川県,横浜市,横浜市港北区,横浜市港北区小机町,35.508533,139.599787,JR横浜線,JR東日本,1,D,5,駅データ.jp
1130606,1130606,鴨居,神奈川県,横浜市,横浜市緑区,横浜市緑区鴨居町,35.510955,139.56707,JR横浜線,JR東日本,1,D,5,駅データ.jp
1130607,1130607,中山,神奈川県,横浜市,横浜市緑区,横浜市緑区寺山町,35.514887,139.540006,JR横浜線|グリーンライン,JR東日本|横浜市交通局,2,D,15,駅データ.jp
1130608,1130608,十日市場,神奈川県,横浜市,横浜市緑区,横浜市緑区十日市場町中里,35.526254,139.51669,JR横浜線,JR東日本,1,D,5,駅データ.jp
1130609,1130609,長津田,神奈川県,横浜市,横浜市緑区,横浜市緑区長津田４丁目,35.531873,139.493925,JR横浜線|東急こどもの国線|東急田園都市線,JR東日本|東急電鉄,3,C,24,駅データ.jp
1130610,1130610,成瀬,東京都,町田市,町田市,町田市南成瀬１丁目,35.535412,139.472875,JR横浜線,JR東日本,1,D,5,駅データ.jp
1130611,1130611,町田,東京都,町田市,町田市,町田市原町田１丁目,35.543113,139.445407,JR横浜線|小田急線,JR東日本|小田急電鉄,2,A,60,駅データ.jp
1130612,1130612,古淵,神奈川県,相模原市,相模原市南区,相模原市南区古淵二丁目19-1,35.556055,139.419151,JR横浜線,JR東日本,1,D,5,駅データ.jp
1130613,1130613,淵野辺,神奈川県,相模原市,相模原市中央区,相模原市中央区淵野辺三丁目5-16,35.568784,139.395075,JR横浜線,JR東日本,1,D,5,駅データ.jp
1130614,1130614,矢部,神奈川県,相模原市,相模原市中央区,神奈川県相模原市中央区矢部三丁目,35.573275,139.386373,JR横浜線,JR東日本,1,D,5,駅データ.jp
1130615,1130615,相模原,神奈川県,相模原市,相模原市中央区,相模原市中央区相模原一丁目1-3,35.58113,139.371007,JR横浜線,JR東日本,1,D,5,駅データ.jp
1130616,1130616,橋本,神奈川県,相模原市,相模原市緑区,神奈川県相模原市緑区橋本六丁目1番25号,35.595156,139.344133,JR横浜線|JR相模線|京王相模原線,JR東日本|京王電鉄,3,C,24,駅データ.jp
1130617,1130617,相原,東京都,町田市,町田市,町田市相原町,35.60694,139.33169,JR横浜線,JR東日本,1,D,5,駅データ.jp
1130618,1130618,八王子みなみ野,東京都,八王子市,八王子市,八王子市宇津貫町,35.630664,139.330678,JR横浜線,JR東日本,1,D,13,駅データ.jp
1130619,1130619,片倉,東京都,八王子市,八王子市,八王子市片倉町,35.639704,139.34119,JR横浜線,JR東日本,1,D,5,駅データ.jp
1130620,1130620,八王子,東京都,八王子市,八王子市,東京都八王子市旭町1-1,35.655555,139.338998,JR中央本線(東京～塩尻)|JR中央線(快速)|JR八高線(八王子～高麗川)|JR横浜線,JR東日本,4,A,60,駅データ.jp
1130702,1130702,桜木町,神奈川県,横浜市,横浜市中区,横浜市中区桜木町１丁目,35.450389,139.630836,JR根岸線|ブルーライン,JR東日本|横浜市交通局,2,D,15,駅データ.jp
1130703,1130703,関内,神奈川県,横浜市,横浜市中区,横浜市中区港町１丁目,35.444579,139.636419,JR根岸線|ブルーライン,JR東日本|横浜市交通局,2,D,15,駅データ.jp
1130704,1130704,石川町,神奈川県,横浜市,横浜市中区,横浜市中区石川町２丁目,35.438808,139.642934,JR根岸線,JR東日本,1,D,5,駅データ.jp
1130705,1130705,山手,神奈川県,横浜市,横浜市中区,横浜市中区大和町２丁目,35.426891,139.646425,JR根岸線,JR東日本,1,D,5,駅データ.jp
1130706,1130706,根岸,神奈川県,横浜市,横浜市磯子区,横浜市磯子区東町,35.415887,139.636034,JR根岸線,JR東日本,1,D,5,駅データ.jp
1130707,1130707,磯子,神奈川県,横浜市,横浜市磯子区,横浜市磯子区森１丁目,35.399881,139.617916,JR根岸線,JR東日本,1,D,5,駅データ.jp
1130708,1130708,新杉田,神奈川県,横浜市,横浜市磯子区,横浜市磯子区新杉田町,35.386391,139.619992,JR根岸線|金沢シーサイドライン,JR東日本|横浜シーサイドライン,2,D,15,駅データ.jp
1130709,1130709,洋光台,神奈川県,横浜市,横浜市磯子区,横浜市磯子区洋光台３丁目,35.378785,139.596852,JR根岸線,JR東日本,1,D,5,駅データ.jp
1130710,1130710,港南台,神奈川県,横浜市,横浜市港南区,横浜市港南区港南台３丁目,35.375183,139.576243,JR根岸線,JR東日本,1,D,5,駅データ.jp
1130711,1130711,本郷台,神奈川県,横浜市,横浜市栄区,横浜市栄区小菅ケ谷町,35.36787,139.550159,JR根岸線,JR東日本,1,D,5,駅データ.jp
1130804,1130804,西大井,東京都,品川区,品川区,品川区西大井１丁目,35.601616,139.721729,JR横須賀線|JR湘南新宿ライン|相鉄・JR直通線,JR東日本|相模鉄道,3,C,24,駅データ.jp
1130805,1130805,新川崎,神奈川県,川崎市,川崎市幸区,川崎市幸区鹿島田,35.551784,139.671481,JR横須賀線|JR湘南新宿ライン,JR東日本,2,D,15,駅データ.jp
1130807,1130807,保土ケ谷,神奈川県,横浜市,横浜市保土ケ谷区,横浜市保土ケ谷区岩井町,35.446746,139.599671,JR横須賀線|JR湘南新宿ライン,JR東日本,2,D,15,駅データ.jp
1130808,1130808,東戸塚,神奈川県,横浜市,横浜市戸塚区,横浜市戸塚区品濃町,35.430353,139.556794,JR横須賀線|JR湘南新宿ライン,JR東日本,2,D,15,駅データ.jp
1130811,1130811,北鎌倉,神奈川県,鎌倉市,鎌倉市,鎌倉市山ノ内,35.337198,139.545134,JR横須賀線,JR東日本,1,D,13,駅データ.jp
1130812,1130812,鎌倉,神奈川県,鎌倉市,鎌倉市,鎌倉市小町１丁目,35.318642,139.550275,JR横須賀線|江ノ島電鉄線,JR東日本|江ノ島電鉄,2,C,23,駅データ.jp
1130813,1130813,逗子,神奈川県,逗子市,逗子市,逗子市逗子１丁目,35.297392,139.578292,JR横須賀線,JR東日本,1,D,13,駅データ.jp
1130814,1130814,東逗子,神奈川県,逗子市,逗子市,逗子市沼間１丁目,35.298781,139.601768,JR横須賀線,JR東日本,1,D,13,駅データ.jp
1130815,1130815,田浦,神奈川県,横須賀市,横須賀市,横須賀市田浦町１丁目,35.29271,139.637726,JR横須賀線,JR東日本,1,D,5,駅データ.jp
1130816,1130816,横須賀,神奈川県,横須賀市,横須賀市,横須賀市東逸見町１丁目,35.284022,139.655855,JR横須賀線,JR東日本,1,D,13,駅データ.jp
1130817,1130817,衣笠,神奈川県,横須賀市,横須賀市,横須賀市衣笠栄町２丁目,35.257091,139.661193,JR横須賀線,JR東日本,1,D,5,駅データ.jp
1130818,1130818,久里浜,神奈川県,横須賀市,横須賀市,横須賀市久里浜１丁目,35.232219,139.701501,JR横須賀線|京急久里浜線,JR東日本|京急電鉄,2,D,15,駅データ.jp
1130902,1130902,北茅ケ崎,神奈川県,茅ヶ崎市,茅ヶ崎市,神奈川県茅ヶ崎市茅ヶ崎三丁目3-1,35.339167,139.407569,JR相模線,JR東日本,1,D,5,駅データ.jp
1130903,1130903,香川,神奈川県,茅ヶ崎市,茅ヶ崎市,茅ヶ崎市香川,35.35655,139.400044,JR相模線,JR東日本,1,D,5,駅データ.jp
1130904,1130904,寒川,神奈川県,,,高座郡寒川町岡田,35.367579,139.387452,JR相模線,JR東日本,1,D,5,駅データ.jp
1130905,1130905,宮山,神奈川県,,,高座郡寒川町宮山,35.382261,139.379639,JR相模線,JR東日本,1,D,5,駅データ.jp
1130906,1130906,倉見,神奈川県,,,高座郡寒川町倉見,35.395098,139.378422,JR相模線,JR東日本,1,D,5,駅データ.jp
1130907,1130907,門沢橋,神奈川県,海老名市,海老名市,海老名市門沢橋,35.406761,139.380139,JR相模線,JR東日本,1,D,5,駅データ.jp
1130908,1130908,社家,神奈川県,海老名市,海老名市,海老名市社家,35.420543,139.377281,JR相模線,JR東日本,1,D,5,駅データ.jp
1130909,1130909,厚木,神奈川県,海老名市,海老名市,海老名市河原口,35.443416,139.378264,JR相模線|小田急線,JR東日本|小田急電鉄,2,D,15,駅データ.jp
1130910,1130910,海老名,神奈川県,海老名市,海老名市,海老名市上郷,35.453438,139.391095,JR相模線|小田急線|相鉄・JR直通線|相鉄本線,JR東日本|小田急電鉄|相模鉄道,4,C,38,駅データ.jp
1130911,1130911,入谷,神奈川県,座間市,座間市,神奈川県座間市入谷西五丁目45番1号,35.478478,139.391913,JR相模線,JR東日本,1,D,5,駅データ.jp
1130912,1130912,相武台下,神奈川県,相模原市,相模原市南区,相模原市南区新戸1940,35.492734,139.386297,JR相模線,JR東日本,1,D,5,駅データ.jp
1130913,1130913,下溝,神奈川県,相模原市,相模原市南区,相模原市南区下溝1364,35.518516,139.380428,JR相模線,JR東日本,1,D,5,駅データ.jp
1130914,1130914,原当麻,神奈川県,相模原市,相模原市南区,相模原市南区当麻1288-1,35.528978,139.375355,JR相模線,JR東日本,1,D,5,駅データ.jp
1130915,1130915,番田,神奈川県,相模原市,相模原市中央区,相模原市中央区上溝378,35.545392,139.362988,JR相模線,JR東日本,1,D,5,駅データ.jp
1130916,1130916,上溝,神奈川県,相模原市,相模原市中央区,相模原市中央区上溝七丁目19-13,35.557623,139.36315,JR相模線,JR東日本,1,D,5,駅データ.jp
1130917,1130917,南橋本,神奈川県,相模原市,相模原市中央区,相模原市中央区南橋本二丁目4-17,35.58042,139.352484,JR相模線,JR東日本,1,D,5,駅データ.jp
1131102,1131102,四ツ谷,東京都,新宿区,新宿区,東京都新宿区四谷一丁目,35.685748,139.730286,JR中央・総武線|JR中央本線(東京～塩尻)|JR中央線(快速)|東京メトロ丸ノ内線|東京メトロ南北線,JR東日本|東京メトロ,5,C,35,駅データ.jp
1131104,1131104,吉祥寺,東京都,武蔵野市,武蔵野市,東京都武蔵野市吉祥寺南町,35.702912,139.5799,JR中央・総武線|JR中央本線(東京～塩尻)|JR中央線(快速)|京王井の頭線,JR東日本|京王電鉄,4,A,60,駅データ.jp
1131105,1131105,三鷹,東京都,三鷹市,三鷹市,東京都三鷹市下連雀三丁目46-1,35.702683,139.560325,JR中央・総武線|JR中央本線(東京～塩尻)|JR中央線(快速),JR東日本,3,C,32,駅データ.jp
1131106,1131106,国分寺,東京都,国分寺市,国分寺市,東京都国分寺市本町二丁目1-23,35.700301,139.480517,JR中央本線(東京～塩尻)|JR中央線(快速)|西武国分寺線|西武多摩湖線,JR東日本|西武鉄道,4,C,38,駅データ.jp
1131108,1131108,日野,東京都,日野市,日野市,日野市大坂上１丁目,35.679244,139.39393,JR中央本線(東京～塩尻)|JR中央線(快速),JR東日本,2,C,23,駅データ.jp
1131109,1131109,豊田,東京都,日野市,日野市,日野市豊田４丁目,35.659502,139.381495,JR中央本線(東京～塩尻)|JR中央線(快速),JR東日本,2,D,15,駅データ.jp
1131111,1131111,西八王子,東京都,八王子市,八王子市,八王子市千人町２丁目,35.656621,139.31264,JR中央本線(東京～塩尻)|JR中央線(快速),JR東日本,2,C,23,駅データ.jp
1131112,1131112,高尾,東京都,八王子市,八王子市,八王子市高尾町,35.641899,139.282042,JR中央本線(東京～塩尻)|JR中央線(快速)|京王高尾線,JR東日本|京王電鉄,3,C,24,駅データ.jp
1131113,1131113,相模湖,神奈川県,相模原市,相模原市緑区,相模原市緑区与瀬1395,35.617335,139.1885,JR中央本線(東京～塩尻),JR東日本,1,D,5,駅データ.jp
1131114,1131114,藤野,神奈川県,相模原市,相模原市緑区,相模原市緑区小渕1698,35.615918,139.15239,JR中央本線(東京～塩尻),JR東日本,1,D,5,駅データ.jp
1131115,1131115,上野原,山梨県,上野原市,上野原市,上野原市新田,35.618747,139.115787,JR中央本線(東京～塩尻),JR東日本,1,D,13,駅データ.jp
1131116,1131116,四方津,山梨県,上野原市,上野原市,上野原市四方津,35.614252,139.072572,JR中央本線(東京～塩尻),JR東日本,1,D,5,駅データ.jp
1131117,1131117,梁川,山梨県,大月市,大月市,大月市梁川町綱の上,35.605271,139.038076,JR中央本線(東京～塩尻),JR東日本,1,D,5,駅データ.jp
1131118,1131118,鳥沢,山梨県,大月市,大月市,大月市富浜町鳥沢,35.608118,139.003345,JR中央本線(東京～塩尻),JR東日本,1,D,5,駅データ.jp
1131119,1131119,猿橋,山梨県,大月市,大月市,大月市猿橋町殿上,35.61288,138.968388,JR中央本線(東京～塩尻),JR東日本,1,D,5,駅データ.jp
1131120,1131120,大月,山梨県,大月市,大月市,大月市大月１丁目,35.61308,138.942489,JR中央本線(東京～塩尻)|富士急行線,JR東日本|富士山麓電気鉄道,2,C,23,駅データ.jp
1131121,1131121,初狩,山梨県,大月市,大月市,大月市初狩町下初狩,35.594274,138.883966,JR中央本線(東京～塩尻),JR東日本,1,D,5,駅データ.jp
1131122,1131122,笹子,山梨県,大月市,大月市,大月市笹子町黒野田,35.603921,138.825205,JR中央本線(東京～塩尻),JR東日本,1,D,5,駅データ.jp
1131123,1131123,甲斐大和,山梨県,甲州市,甲州市,甲州市大和町初鹿野,35.639364,138.781632,JR中央本線(東京～塩尻),JR東日本,1,D,5,駅データ.jp
1131124,1131124,勝沼ぶどう郷,山梨県,甲州市,甲州市,甲州市勝沼町菱山,35.67279,138.74323,JR中央本線(東京～塩尻),JR東日本,1,D,5,駅データ.jp
1131125,1131125,塩山,山梨県,甲州市,甲州市,甲州市塩山上於曽,35.705327,138.734796,JR中央本線(東京～塩尻),JR東日本,1,D,5,駅データ.jp
1131126,1131126,東山梨,山梨県,山梨市,山梨市,山梨市三ケ所,35.694313,138.703026,JR中央本線(東京～塩尻),JR東日本,1,D,13,駅データ.jp
1131127,1131127,山梨市,山梨県,山梨市,山梨市,山梨市上神内川,35.684961,138.683003,JR中央本線(東京～塩尻),JR東日本,1,D,13,駅データ.jp
1131128,1131128,春日居町,山梨県,笛吹市,笛吹市,笛吹市春日居町別田,35.673491,138.659,JR中央本線(東京～塩尻),JR東日本,1,D,5,駅データ.jp
1131129,1131129,石和温泉,山梨県,笛吹市,笛吹市,笛吹市石和町松本,35.657603,138.634577,JR中央本線(東京～塩尻),JR東日本,1,D,5,駅データ.jp
1131130,1131130,酒折,山梨県,甲府市,甲府市,甲府市酒折町１丁目,35.659486,138.598852,JR中央本線(東京～塩尻),JR東日本,1,D,5,駅データ.jp
1131131,1131131,甲府,山梨県,甲府市,甲府市,甲府市丸の内１丁目,35.667054,138.569015,JR中央本線(東京～塩尻)|JR身延線,JR東日本|JR東海,2,C,38,駅データ.jp
1131132,1131132,竜王,山梨県,甲斐市,甲斐市,甲斐市竜王新町,35.668764,138.519298,JR中央本線(東京～塩尻),JR東日本,1,D,5,駅データ.jp
1131133,1131133,塩崎,山梨県,甲斐市,甲斐市,甲斐市下今井,35.687734,138.487521,JR中央本線(東京～塩尻),JR東日本,1,D,5,駅データ.jp
1131134,1131134,韮崎,山梨県,韮崎市,韮崎市,韮崎市若宮１丁目,35.709711,138.451357,JR中央本線(東京～塩尻),JR東日本,1,D,13,駅データ.jp
1131135,1131135,新府,山梨県,韮崎市,韮崎市,韮崎市中田町中條,35.736802,138.433093,JR中央本線(東京～塩尻),JR東日本,1,D,5,駅データ.jp
1131136,1131136,穴山,山梨県,韮崎市,韮崎市,韮崎市穴山町,35.75107,138.413858,JR中央本線(東京～塩尻),JR東日本,1,D,5,駅データ.jp
1131137,1131137,日野春,山梨県,北杜市,北杜市,北杜市長坂町富岡,35.79065,138.394316,JR中央本線(東京～塩尻),JR東日本,1,D,5,駅データ.jp
1131138,1131138,長坂,山梨県,北杜市,北杜市,北杜市長坂町長坂上条,35.827061,138.366459,JR中央本線(東京～塩尻),JR東日本,1,D,5,駅データ.jp
1131139,1131139,小淵沢,山梨県,北杜市,北杜市,北杜市小淵沢町尾根１０２４,35.863808,138.316351,JR中央本線(東京～塩尻)|小海線,JR東日本,2,D,15,駅データ.jp
1131140,1131140,信濃境,長野県,,,諏訪郡富士見町境字信濃境,35.884952,138.275419,JR中央本線(東京～塩尻),JR東日本,1,D,5,駅データ.jp
1131141,1131141,富士見,長野県,,,諏訪郡富士見町富士見,35.912183,138.238071,JR中央本線(東京～塩尻),JR東日本,1,D,5,駅データ.jp
1131142,1131142,すずらんの里,長野県,,,諏訪郡富士見町富士見,35.930288,138.211775,JR中央本線(東京～塩尻),JR東日本,1,D,5,駅データ.jp
1131143,1131143,青柳,長野県,茅野市,茅野市,長野県茅野市ちの3506,35.942581,138.197612,JR中央本線(東京～塩尻),JR東日本,1,D,5,駅データ.jp
1131144,1131144,茅野,長野県,茅野市,茅野市,長野県茅野市ちの3506,35.995062,138.151674,JR中央本線(東京～塩尻),JR東日本,1,D,13,駅データ.jp
1131145,1131145,上諏訪,長野県,諏訪市,諏訪市,諏訪市諏訪１丁目,36.046618,138.116306,JR中央本線(東京～塩尻),JR東日本,1,D,13,駅データ.jp
1131146,1131146,下諏訪,長野県,,,諏訪郡下諏訪町広瀬町,36.071948,138.084953,JR中央本線(東京～塩尻),JR東日本,1,D,5,駅データ.jp
1131147,1131147,岡谷,長野県,岡谷市,岡谷市,岡谷市本町１丁目,36.056693,138.045001,JR中央本線(東京～塩尻),JR東日本,1,D,13,駅データ.jp
1131148,1131148,みどり湖,長野県,塩尻市,塩尻市,塩尻市大字上西条,36.094176,137.981928,JR中央本線(東京～塩尻),JR東日本,1,D,5,駅データ.jp
1131149,1131149,川岸,長野県,岡谷市,岡谷市,岡谷市川岸東３-１５-２５,36.03296,138.021937,JR中央本線(東京～塩尻),JR東日本,1,D,5,駅データ.jp
1131150,1131150,辰野,長野県,,,上伊那郡辰野町大字辰野,35.984565,137.997238,JR中央本線(東京～塩尻)|JR飯田線(天竜峡～辰野),JR東日本|JR東海,2,D,15,駅データ.jp
1131151,1131151,信濃川島,長野県,,,上伊那郡辰野町川島,36.013642,137.97185,JR中央本線(東京～塩尻),JR東日本,1,D,5,駅データ.jp
1131152,1131152,小野,長野県,,,上伊那郡辰野町小野,36.04693,137.9706,JR中央本線(東京～塩尻),JR東日本,1,D,5,駅データ.jp
1131153,1131153,塩尻,長野県,塩尻市,塩尻市,塩尻市大門八番町９-１,36.114364,137.947961,JR中央本線(名古屋～塩尻)|JR中央本線(東京～塩尻)|JR篠ノ井線,JR東日本|JR東海,3,C,32,駅データ.jp
1131203,1131203,御茶ノ水,東京都,千代田区,千代田区,千代田区神田駿河台二丁目6-1,35.698052,139.765676,JR中央・総武線|JR中央線(快速)|東京メトロ丸ノ内線|東京メトロ千代田線|都営新宿線,JR東日本|東京メトロ|東京都交通局,5,C,35,駅データ.jp
1131214,1131214,中野,東京都,中野区,中野区,中野区中野５丁目,35.705765,139.665835,JR中央・総武線|JR中央線(快速)|東京メトロ東西線,JR東日本|東京メトロ,3,A,60,駅データ.jp
1131215,1131215,高円寺,東京都,杉並区,杉並区,杉並区高円寺南４丁目,35.705326,139.649664,JR中央・総武線|JR中央線(快速),JR東日本,2,D,15,駅データ.jp
1131216,1131216,阿佐ケ谷,東京都,杉並区,杉並区,東京都杉並区阿佐谷南三丁目36-3,35.704818,139.635868,JR中央・総武線|JR中央線(快速),JR東日本,2,D,15,駅データ.jp
1131217,1131217,荻窪,東京都,杉並区,杉並区,杉並区上荻１丁目,35.70445,139.620111,JR中央・総武線|JR中央線(快速)|東京メトロ丸ノ内線,JR東日本|東京メトロ,3,C,24,駅データ.jp
1131218,1131218,西荻窪,東京都,杉並区,杉並区,杉並区西荻南３丁目,35.703842,139.599361,JR中央・総武線|JR中央線(快速),JR東日本,2,D,15,駅データ.jp
1131221,1131221,武蔵境,東京都,武蔵野市,武蔵野市,武蔵野市境１丁目,35.702083,139.543402,JR中央線(快速)|西武多摩川線,JR東日本|西武鉄道,2,D,15,駅データ.jp
1131222,1131222,東小金井,東京都,小金井市,小金井市,小金井市梶野町５丁目,35.701643,139.524837,JR中央線(快速),JR東日本,1,D,13,駅データ.jp
1131223,1131223,武蔵小金井,東京都,小金井市,小金井市,小金井市本町６丁目,35.701337,139.506483,JR中央線(快速),JR東日本,1,D,13,駅データ.jp
1131226,1131226,国立,東京都,国立市,国立市,国立市北１丁目,35.69923,139.44634,JR中央線(快速),JR東日本,1,D,13,駅データ.jp
1131308,1131308,東中野,東京都,中野区,中野区,中野区東中野４丁目,35.70671,139.683712,JR中央・総武線|都営大江戸線,JR東日本|東京都交通局,2,C,23,駅データ.jp
1131309,1131309,大久保,東京都,新宿区,新宿区,新宿区百人町１丁目,35.700784,139.69732,JR中央・総武線,JR東日本,1,D,5,駅データ.jp
1131312,1131312,千駄ケ谷,東京都,渋谷区,渋谷区,東京都渋谷区千駄ヶ谷一丁目35-10,35.681231,139.711644,JR中央・総武線,JR東日本,1,D,5,駅データ.jp
1131313,1131313,信濃町,東京都,新宿区,新宿区,新宿区信濃町,35.680031,139.720729,JR中央・総武線,JR東日本,1,D,5,駅データ.jp
1131315,1131315,市ケ谷,東京都,千代田区,千代田区,千代田区五番町2-1,35.691729,139.736465,JR中央・総武線|東京メトロ南北線|東京メトロ有楽町線|都営新宿線,JR東日本|東京メトロ|東京都交通局,4,C,30,駅データ.jp
1131316,1131316,飯田橋,東京都,千代田区,千代田区,東京都千代田区飯田橋四丁目10-2,35.702071,139.744693,JR中央・総武線|東京メトロ南北線|東京メトロ有楽町線|東京メトロ東西線|都営大江戸線,JR東日本|東京メトロ|東京都交通局,5,C,35,駅データ.jp
1131317,1131317,水道橋,東京都,千代田区,千代田区,千代田区神田三崎町二丁目22-1,35.702719,139.754736,JR中央・総武線|都営三田線,JR東日本|東京都交通局,2,D,15,駅データ.jp
1131320,1131320,浅草橋,東京都,台東区,台東区,台東区浅草橋１丁目,35.697427,139.785366,JR中央・総武線|都営浅草線,JR東日本|東京都交通局,2,D,15,駅データ.jp
1131321,1131321,両国,東京都,墨田区,墨田区,墨田区横網１丁目,35.696336,139.795378,JR中央・総武線|都営大江戸線,JR東日本|東京都交通局,2,D,15,駅データ.jp
1131322,1131322,錦糸町,東京都,墨田区,墨田区,墨田区江東橋３丁目,35.697061,139.814404,JR中央・総武線|JR総武本線|東京メトロ半蔵門線,JR東日本|東京メトロ,3,A,60,駅データ.jp
1131323,1131323,亀戸,東京都,江東区,江東区,江東区亀戸５丁目,35.697526,139.826526,JR中央・総武線|東武亀戸線,JR東日本|東武鉄道,2,D,15,駅データ.jp
1131324,1131324,平井,東京都,江戸川区,江戸川区,江戸川区平井３丁目,35.70643,139.842181,JR中央・総武線,JR東日本,1,D,5,駅データ.jp
1131325,1131325,新小岩,東京都,葛飾区,葛飾区,葛飾区新小岩１丁目,35.716903,139.857777,JR中央・総武線|JR総武本線,JR東日本,2,D,15,駅データ.jp
1131326,1131326,小岩,東京都,江戸川区,江戸川区,江戸川区南小岩７丁目,35.733207,139.881755,JR中央・総武線,JR東日本,1,D,5,駅データ.jp
1131327,1131327,市川,千葉県,市川市,市川市,市川市市川１丁目,35.728903,139.908142,JR中央・総武線|JR総武本線,JR東日本,2,C,23,駅データ.jp
1131328,1131328,本八幡,千葉県,市川市,市川市,市川市八幡２丁目,35.722546,139.927399,JR中央・総武線|京成本線|都営新宿線,JR東日本|京成電鉄|東京都交通局,3,C,24,駅データ.jp
1131329,1131329,下総中山,千葉県,船橋市,船橋市,船橋市本中山２丁目,35.714276,139.943092,JR中央・総武線,JR東日本,1,D,5,駅データ.jp
1131331,1131331,船橋,千葉県,船橋市,船橋市,船橋市本町７丁目,35.701498,139.984806,JR中央・総武線|JR総武本線|京成本線|東武アーバンパークライン（東武野田線）,JR東日本|京成電鉄|東武鉄道,4,A,60,駅データ.jp
1131332,1131332,東船橋,千葉県,船橋市,船橋市,船橋市東船橋２丁目,35.699811,140.00393,JR中央・総武線,JR東日本,1,D,13,駅データ.jp
1131333,1131333,津田沼,千葉県,習志野市,習志野市,習志野市津田沼１丁目,35.691367,140.020179,JR中央・総武線|JR総武本線,JR東日本,2,D,15,駅データ.jp
1131334,1131334,幕張本郷,千葉県,千葉市,千葉市花見川区,千葉市花見川区幕張本郷１丁目,35.672607,140.042166,JR中央・総武線|京成千葉線,JR東日本|京成電鉄,2,D,15,駅データ.jp
1131335,1131335,幕張,千葉県,千葉市,千葉市花見川区,千葉市花見川区幕張町５丁目,35.66009,140.056905,JR中央・総武線|京成千葉線,JR東日本|京成電鉄,2,D,15,駅データ.jp
1131336,1131336,新検見川,千葉県,千葉市,千葉市花見川区,千葉市花見川区南花園,35.65169,140.073025,JR中央・総武線,JR東日本,1,D,5,駅データ.jp
1131337,1131337,稲毛,千葉県,千葉市,千葉市稲毛区,千葉市稲毛区稲毛東３丁目,35.637264,140.09256,JR中央・総武線|JR総武本線,JR東日本,2,D,15,駅データ.jp
1131338,1131338,西千葉,千葉県,千葉市,千葉市中央区,千葉市中央区春日２丁目,35.622639,140.103337,JR中央・総武線,JR東日本,1,D,5,駅データ.jp
1131339,1131339,千葉,千葉県,千葉市,千葉市中央区,千葉市中央区新千葉１丁目,35.612862,140.113341,JR中央・総武線|JR内房線|JR外房線|JR成田エクスプレス|JR総武本線|京成千葉線|千葉都市モノレール１号線|千葉都市モノレール２号線,JR東日本|京成電鉄|千葉都市モノレール,8,S,80,駅データ.jp
1131402,1131402,新日本橋,東京都,中央区,中央区,中央区日本橋室町４丁目,35.686899,139.773324,JR総武本線|東京メトロ半蔵門線|東京メトロ銀座線,JR東日本|東京メトロ,3,C,24,駅データ.jp
1131403,1131403,馬喰町,東京都,中央区,中央区,中央区日本橋馬喰町１丁目,35.692537,139.783323,JR総武本線|都営新宿線|都営浅草線,JR東日本|東京都交通局,3,C,24,駅データ.jp
1131411,1131411,東千葉,千葉県,千葉市,千葉市中央区,千葉市中央区要町１丁目,35.617014,140.122261,JR総武本線,JR東日本,1,D,5,駅データ.jp
1131412,1131412,都賀,千葉県,千葉市,千葉市若葉区,千葉市若葉区都賀３丁目,35.63579,140.148979,JR総武本線|千葉都市モノレール２号線,JR東日本|千葉都市モノレール,2,D,15,駅データ.jp
1131413,1131413,四街道,千葉県,,,四街道市四街道１丁目,35.662756,140.165023,JR成田エクスプレス|JR総武本線,JR東日本,2,D,15,駅データ.jp
1131414,1131414,物井,千葉県,,,四街道市物井,35.68566,140.200263,JR総武本線,JR東日本,1,D,5,駅データ.jp
1131415,1131415,佐倉,千葉県,佐倉市,佐倉市,佐倉市六崎,35.709743,140.226722,JR成田エクスプレス|JR成田線|JR総武本線,JR東日本,3,C,32,駅データ.jp
1131416,1131416,南酒々井,千葉県,,,印旛郡酒々井町馬橋,35.704217,140.267828,JR総武本線,JR東日本,1,D,5,駅データ.jp
1131417,1131417,榎戸,千葉県,八街市,八街市,八街市榎戸,35.683967,140.288136,JR総武本線,JR東日本,1,D,5,駅データ.jp
1131418,1131418,八街,千葉県,八街市,八街市,八街市八街ほ,35.663228,140.317304,JR総武本線,JR東日本,1,D,13,駅データ.jp
1131419,1131419,日向,千葉県,山武市,山武市,山武市椎崎,35.628402,140.362447,JR総武本線,JR東日本,1,D,5,駅データ.jp
1131420,1131420,成東,千葉県,山武市,山武市,山武市津辺,35.608513,140.410109,JR東金線|JR総武本線,JR東日本,2,D,15,駅データ.jp
1131421,1131421,松尾,千葉県,山武市,山武市,山武市松尾町五反田,35.63604,140.457587,JR総武本線,JR東日本,1,D,5,駅データ.jp
1131422,1131422,横芝,千葉県,,,山武郡横芝光町横芝,35.661739,140.490736,JR総武本線,JR東日本,1,D,5,駅データ.jp
1131423,1131423,飯倉,千葉県,匝瑳市,匝瑳市,匝瑳市飯倉,35.685638,140.522328,JR総武本線,JR東日本,1,D,5,駅データ.jp
1131424,1131424,八日市場,千葉県,匝瑳市,匝瑳市,匝瑳市八日市場イ,35.699317,140.552419,JR総武本線,JR東日本,1,D,5,駅データ.jp
1131425,1131425,干潟,千葉県,旭市,旭市,旭市ニ,35.718308,140.603304,JR総武本線,JR東日本,1,D,5,駅データ.jp
1131426,1131426,旭,千葉県,旭市,旭市,旭市ロ,35.721831,140.655041,JR総武本線,JR東日本,1,D,13,駅データ.jp
1131427,1131427,飯岡,千葉県,旭市,旭市,旭市後草,35.729339,140.683896,JR総武本線,JR東日本,1,D,5,駅データ.jp
1131428,1131428,倉橋,千葉県,旭市,旭市,旭市倉橋,35.737836,140.714018,JR総武本線,JR東日本,1,D,5,駅データ.jp
1131429,1131429,猿田,千葉県,銚子市,銚子市,銚子市猿田町,35.747383,140.7374,JR総武本線,JR東日本,1,D,5,駅データ.jp
1131430,1131430,松岸,千葉県,銚子市,銚子市,銚子市長塚町,35.739386,140.795143,JR成田線|JR総武本線,JR東日本,2,D,15,駅データ.jp
1131431,1131431,銚子,千葉県,銚子市,銚子市,銚子市西芝町１丁目,35.729449,140.827557,JR成田線|JR総武本線|銚子電鉄線,JR東日本|銚子電気鉄道,3,C,32,駅データ.jp
1131502,1131502,西立川,東京都,立川市,立川市,立川市富士見町１丁目,35.703526,139.393556,JR青梅線,JR東日本,1,D,13,駅データ.jp
1131503,1131503,東中神,東京都,昭島市,昭島市,昭島市玉川町１丁目,35.706337,139.384529,JR青梅線,JR東日本,1,D,5,駅データ.jp
1131504,1131504,中神,東京都,昭島市,昭島市,昭島市朝日町１丁目,35.709058,139.375816,JR青梅線,JR東日本,1,D,5,駅データ.jp
1131505,1131505,昭島,東京都,昭島市,昭島市,昭島市昭和町２丁目,35.713305,139.361564,JR青梅線,JR東日本,1,D,13,駅データ.jp
1131506,1131506,拝島,東京都,昭島市,昭島市,昭島市松原町４丁目,35.721278,139.343468,JR五日市線|JR八高線(八王子～高麗川)|JR青梅線|西武拝島線,JR東日本|西武鉄道,4,C,30,駅データ.jp
1131507,1131507,牛浜,東京都,福生市,福生市,福生市牛浜,35.734547,139.333677,JR青梅線,JR東日本,1,D,5,駅データ.jp
1131508,1131508,福生,東京都,福生市,福生市,福生市本町,35.742456,139.327763,JR青梅線,JR東日本,1,D,13,駅データ.jp
1131509,1131509,羽村,東京都,羽村市,羽村市,羽村市羽東１丁目,35.758073,139.316188,JR青梅線,JR東日本,1,D,13,駅データ.jp
1131510,1131510,小作,東京都,羽村市,羽村市,羽村市小作台,35.776048,139.302233,JR青梅線,JR東日本,1,D,5,駅データ.jp
1131511,1131511,河辺,東京都,青梅市,青梅市,青梅市河辺町５丁目,35.78473,139.284032,JR青梅線,JR東日本,1,D,5,駅データ.jp
1131512,1131512,東青梅,東京都,青梅市,青梅市,青梅市東青梅１丁目,35.789768,139.272841,JR青梅線,JR東日本,1,D,13,駅データ.jp
1131513,1131513,青梅,東京都,青梅市,青梅市,青梅市青梅,35.790512,139.258096,JR青梅線,JR東日本,1,D,13,駅データ.jp
1131514,1131514,宮ノ平,東京都,青梅市,青梅市,青梅市日向和田２丁目,35.787545,139.237289,JR青梅線,JR東日本,1,D,5,駅データ.jp
1131515,1131515,日向和田,東京都,青梅市,青梅市,青梅市日向和田３丁目,35.788665,139.229515,JR青梅線,JR東日本,1,D,5,駅データ.jp
1131516,1131516,石神前,東京都,青梅市,青梅市,青梅市二俣尾１丁目,35.79683,139.225096,JR青梅線,JR東日本,1,D,5,駅データ.jp
1131517,1131517,二俣尾,東京都,青梅市,青梅市,青梅市二俣尾４丁目,35.803946,139.216161,JR青梅線,JR東日本,1,D,5,駅データ.jp
1131518,1131518,軍畑,東京都,青梅市,青梅市,青梅市沢井１丁目,35.807382,139.207431,JR青梅線,JR東日本,1,D,5,駅データ.jp
1131519,1131519,沢井,東京都,青梅市,青梅市,青梅市沢井２丁目,35.80594,139.193324,JR青梅線,JR東日本,1,D,5,駅データ.jp
1131520,1131520,御嶽,東京都,青梅市,青梅市,青梅市御岳本町,35.801468,139.182589,JR青梅線,JR東日本,1,D,5,駅データ.jp
1131521,1131521,川井,東京都,,,西多摩郡奥多摩町川井,35.813697,139.16429,JR青梅線,JR東日本,1,D,5,駅データ.jp
1131522,1131522,古里,東京都,,,西多摩郡奥多摩町小丹波,35.816247,139.152102,JR青梅線,JR東日本,1,D,5,駅データ.jp
1131523,1131523,鳩ノ巣,東京都,,,西多摩郡奥多摩町棚沢,35.815127,139.128932,JR青梅線,JR東日本,1,D,5,駅データ.jp
1131524,1131524,白丸,東京都,,,西多摩郡奥多摩町白丸,35.811735,139.114861,JR青梅線,JR東日本,1,D,5,駅データ.jp
1131525,1131525,奥多摩,東京都,,,西多摩郡奥多摩町氷川,35.809357,139.096961,JR青梅線,JR東日本,1,D,5,駅データ.jp
1131602,1131602,熊川,東京都,福生市,福生市,福生市熊川北,35.728321,139.33584,JR五日市線,JR東日本,1,D,5,駅データ.jp
1131603,1131603,東秋留,東京都,あきる野市,あきる野市,あきる野市野辺,35.725904,139.311665,JR五日市線,JR東日本,1,D,5,駅データ.jp
1131604,1131604,秋川,東京都,あきる野市,あきる野市,あきる野市油平,35.727998,139.286715,JR五日市線,JR東日本,1,D,5,駅データ.jp
1131605,1131605,武蔵引田,東京都,あきる野市,あきる野市,あきる野市下引田,35.729711,139.269907,JR五日市線,JR東日本,1,D,5,駅データ.jp
1131606,1131606,武蔵増戸,東京都,あきる野市,あきる野市,あきる野市伊奈,35.730961,139.256355,JR五日市線,JR東日本,1,D,5,駅データ.jp
1131607,1131607,武蔵五日市,東京都,あきる野市,あきる野市,あきる野市舘谷,35.732248,139.228039,JR五日市線,JR東日本,1,D,5,駅データ.jp
1131702,1131702,北八王子,東京都,八王子市,八王子市,八王子市石川町,35.669232,139.363348,JR八高線(八王子～高麗川),JR東日本,1,D,13,駅データ.jp
1131703,1131703,小宮,東京都,八王子市,八王子市,八王子市小宮町,35.685799,139.368481,JR八高線(八王子～高麗川),JR東日本,1,D,5,駅データ.jp
1131705,1131705,東福生,東京都,福生市,福生市,福生市武蔵野台１丁目,35.745811,139.33594,JR八高線(八王子～高麗川),JR東日本,1,D,13,駅データ.jp
1131706,1131706,箱根ケ崎,東京都,,,東京都西多摩郡瑞穂町大字箱根ケ崎397,35.771158,139.346805,JR八高線(八王子～高麗川),JR東日本,1,D,5,駅データ.jp
1131707,1131707,金子,埼玉県,入間市,入間市,入間市南峯,35.810822,139.328546,JR八高線(八王子～高麗川),JR東日本,1,D,5,駅データ.jp
1131708,1131708,東飯能,埼玉県,飯能市,飯能市,飯能市東町１丁目,35.852928,139.325965,JR八高線(八王子～高麗川)|西武池袋線|西武秩父線,JR東日本|西武鉄道,3,C,32,駅データ.jp
1131709,1131709,高麗川,埼玉県,日高市,日高市,日高市原宿,35.896328,139.33809,JR八高線(八王子～高麗川)|JR八高線(高麗川～高崎)|JR川越線,JR東日本,3,C,24,駅データ.jp
1131802,1131802,毛呂,埼玉県,,,入間郡毛呂山町字岩井,35.940806,139.309237,JR八高線(高麗川～高崎),JR東日本,1,D,5,駅データ.jp
1131803,1131803,越生,埼玉県,,,入間郡越生町字越生,35.962559,139.299437,JR八高線(高麗川～高崎)|東武越生線,JR東日本|東武鉄道,2,D,15,駅データ.jp
1131804,1131804,明覚,埼玉県,,,比企郡ときがわ町番匠,36.003309,139.288789,JR八高線(高麗川～高崎),JR東日本,1,D,5,駅データ.jp
1131805,1131805,小川町,埼玉県,,,比企郡小川町大字大塚,36.05903,139.260412,JR八高線(高麗川～高崎)|東武東上線,JR東日本|東武鉄道,2,D,15,駅データ.jp
1131806,1131806,竹沢,埼玉県,,,比企郡小川町大字勝呂,36.075466,139.229952,JR八高線(高麗川～高崎),JR東日本,1,D,5,駅データ.jp
1131807,1131807,折原,埼玉県,,,大里郡寄居町大字西ノ入,36.096296,139.195205,JR八高線(高麗川～高崎),JR東日本,1,D,5,駅データ.jp
1131808,1131808,寄居,埼玉県,,,大里郡寄居町大字寄居,36.117804,139.19431,JR八高線(高麗川～高崎)|東武東上線|秩父鉄道秩父本線,JR東日本|東武鉄道|秩父鉄道,3,C,24,駅データ.jp
1131809,1131809,用土,埼玉県,,,大里郡寄居町用土,36.153858,139.200758,JR八高線(高麗川～高崎),JR東日本,1,D,5,駅データ.jp
1131810,1131810,松久,埼玉県,,,児玉郡美里町大字甘粕,36.172938,139.182127,JR八高線(高麗川～高崎),JR東日本,1,D,5,駅データ.jp
1131811,1131811,児玉,埼玉県,本庄市,本庄市,本庄市児玉町児玉,36.192624,139.13582,JR八高線(高麗川～高崎),JR東日本,1,D,5,駅データ.jp
1131812,1131812,丹荘,埼玉県,,,児玉郡神川町大字植竹,36.216668,139.102306,JR八高線(高麗川～高崎),JR東日本,1,D,5,駅データ.jp
1131813,1131813,群馬藤岡,群馬県,藤岡市,藤岡市,藤岡市藤岡,36.250336,139.08338,JR八高線(高麗川～高崎),JR東日本,1,D,13,駅データ.jp
1131814,1131814,北藤岡,群馬県,藤岡市,藤岡市,藤岡市立石,36.282469,139.080779,JR八高線(高麗川～高崎),JR東日本,1,D,13,駅データ.jp
1131815,1131815,倉賀野,群馬県,高崎市,高崎市,高崎市倉賀野町,36.300216,139.049474,JR八高線(高麗川～高崎)|JR高崎線,JR東日本,2,D,15,駅データ.jp
1131816,1131816,高崎,群馬県,高崎市,高崎市,高崎市八島町,36.322004,139.012332,JR上越線|JR両毛線|JR信越本線|JR八高線(高麗川～高崎)|JR高崎線|上信電鉄,JR東日本|上信電鉄,6,B,53,駅データ.jp
1131902,1131902,尾久,東京都,北区,北区,北区昭和町１丁目,35.74683,139.753846,JR高崎線|宇都宮線,JR東日本,2,D,15,駅データ.jp
1131903,1131903,赤羽,東京都,北区,北区,北区赤羽１丁目,35.778026,139.720928,JR京浜東北線|JR埼京線|JR湘南新宿ライン|JR高崎線|宇都宮線,JR東日本,5,C,35,駅データ.jp
1131904,1131904,浦和,埼玉県,さいたま市,さいたま市浦和区,さいたま市浦和区高砂１丁目,35.858496,139.657109,JR京浜東北線|JR湘南新宿ライン|JR高崎線|宇都宮線,JR東日本,4,A,60,駅データ.jp
1131905,1131905,さいたま新都心,埼玉県,さいたま市,さいたま市大宮区,さいたま市大宮区吉敷町４丁目５７番地３,35.893867,139.633587,JR京浜東北線|JR高崎線|宇都宮線,JR東日本,3,C,24,駅データ.jp
1131906,1131906,大宮,埼玉県,さいたま市,さいたま市大宮区,さいたま市大宮区錦町,35.906718,139.623912,JR京浜東北線|JR埼京線|JR川越線|JR湘南新宿ライン|JR高崎線|ニューシャトル|宇都宮線|東武アーバンパークライン（東武野田線）,JR東日本|埼玉新都市交通|東武鉄道,8,S,80,駅データ.jp
1131907,1131907,土呂,埼玉県,さいたま市,さいたま市北区,さいたま市北区土呂町１丁目,35.931997,139.63214,宇都宮線,JR東日本,1,D,5,駅データ.jp
1131908,1131908,東大宮,埼玉県,さいたま市,さいたま市見沼区,さいたま市見沼区東大宮４丁目,35.948751,139.640291,宇都宮線,JR東日本,1,D,5,駅データ.jp
1131909,1131909,蓮田,埼玉県,蓮田市,蓮田市,蓮田市本町,35.981272,139.653016,宇都宮線,JR東日本,1,D,13,駅データ.jp
1131910,1131910,白岡,埼玉県,白岡市,白岡市,埼玉県白岡市小久喜1213,36.01774,139.666826,宇都宮線,JR東日本,1,D,13,駅データ.jp
1131911,1131911,新白岡,埼玉県,白岡市,白岡市,埼玉県白岡市野牛1107-4,36.038732,139.67208,宇都宮線,JR東日本,1,D,13,駅データ.jp
1131912,1131912,久喜,埼玉県,久喜市,久喜市,久喜市中央２丁目,36.065684,139.67727,宇都宮線|東武伊勢崎線,JR東日本|東武鉄道,2,C,23,駅データ.jp
1131913,1131913,東鷲宮,埼玉県,久喜市,久喜市,埼玉県久喜市西大輪326,36.089428,139.67913,宇都宮線,JR東日本,1,D,5,駅データ.jp
1131914,1131914,栗橋,埼玉県,久喜市,久喜市,埼玉県久喜市栗橋北一丁目1-1,36.136943,139.694016,宇都宮線|東武日光線,JR東日本|東武鉄道,2,D,15,駅データ.jp
1131915,1131915,古河,茨城県,古河市,古河市,古河市本町１丁目,36.194375,139.709726,宇都宮線,JR東日本,1,D,13,駅データ.jp
1131916,1131916,野木,栃木県,,,下都賀郡野木町大字丸林,36.229963,139.734729,宇都宮線,JR東日本,1,D,5,駅データ.jp
1131917,1131917,間々田,栃木県,小山市,小山市,小山市大字乙女３丁目,36.257907,139.761039,宇都宮線,JR東日本,1,D,5,駅データ.jp
1131918,1131918,小山,栃木県,小山市,小山市,小山市城山町,36.312747,139.806241,JR両毛線|JR水戸線|宇都宮線,JR東日本,3,B,42,駅データ.jp
1131919,1131919,小金井,栃木県,下野市,下野市,下野市小金井,36.374435,139.842232,宇都宮線,JR東日本,1,D,5,駅データ.jp
1131920,1131920,自治医大,栃木県,下野市,下野市,下野市小金井,36.39543,139.854524,宇都宮線,JR東日本,1,D,5,駅データ.jp
1131921,1131921,石橋,栃木県,下野市,下野市,下野市石橋,36.43651,139.866536,宇都宮線,JR東日本,1,D,5,駅データ.jp
1131922,1131922,雀宮,栃木県,宇都宮市,宇都宮市,宇都宮市雀宮１丁目,36.493845,139.876811,宇都宮線,JR東日本,1,D,5,駅データ.jp
1131923,1131923,宇都宮,栃木県,宇都宮市,宇都宮市,宇都宮市川向町,36.559197,139.898773,JR日光線|宇都宮線|芳賀・宇都宮LRT,JR東日本|宇都宮ライトレール,3,B,57,駅データ.jp
1131924,1131924,岡本,栃木県,宇都宮市,宇都宮市,宇都宮市下岡本町,36.598182,139.944363,宇都宮線,JR東日本,1,D,5,駅データ.jp
1131925,1131925,宝積寺,栃木県,,,塩谷郡高根沢町宝積寺,36.631703,139.979487,JR烏山線|宇都宮線,JR東日本,2,D,15,駅データ.jp
1131926,1131926,氏家,栃木県,さくら市,さくら市,さくら市氏家,36.681696,139.9621,宇都宮線,JR東日本,1,D,5,駅データ.jp
1131927,1131927,蒲須坂,栃木県,さくら市,さくら市,さくら市蒲須坂,36.720727,139.950461,宇都宮線,JR東日本,1,D,5,駅データ.jp
1131928,1131928,片岡,栃木県,矢板市,矢板市,矢板市片岡,36.754557,139.945665,宇都宮線,JR東日本,1,D,5,駅データ.jp
1131929,1131929,矢板,栃木県,矢板市,矢板市,矢板市扇町,36.80655,139.932912,宇都宮線,JR東日本,1,D,13,駅データ.jp
1131930,1131930,野崎,栃木県,大田原市,大田原市,大田原市薄葉,36.843722,139.957752,宇都宮線,JR東日本,1,D,5,駅データ.jp
1131931,1131931,西那須野,栃木県,那須塩原市,那須塩原市,那須塩原市永田町,36.883726,139.986383,宇都宮線,JR東日本,1,D,5,駅データ.jp
1131932,1131932,那須塩原,栃木県,那須塩原市,那須塩原市,那須塩原市大原間,36.931956,140.020694,宇都宮線,JR東日本,1,C,23,駅データ.jp
1132003,1132003,三河島,東京都,荒川区,荒川区,荒川区西日暮里１丁目,35.733383,139.777131,JR常磐線(上野～取手),JR東日本,1,D,5,駅データ.jp
1132004,1132004,南千住,東京都,荒川区,荒川区,荒川区南千住４丁目,35.733281,139.799152,JR常磐線(上野～取手)|つくばエクスプレス|東京メトロ日比谷線,JR東日本|東京メトロ|首都圏新都市鉄道,3,C,24,駅データ.jp
1132005,1132005,北千住,東京都,足立区,足立区,足立区千住旭町,35.749378,139.804816,JR常磐線(上野～取手)|つくばエクスプレス|東京メトロ千代田線|東京メトロ日比谷線|東武伊勢崎線,JR東日本|東京メトロ|東武鉄道|首都圏新都市鉄道,5,A,60,駅データ.jp
1132006,1132006,綾瀬,東京都,足立区,足立区,足立区綾瀬３丁目,35.762222,139.825019,JR常磐線(上野～取手)|東京メトロ千代田線,JR東日本|東京メトロ,2,D,15,駅データ.jp
1132007,1132007,亀有,東京都,葛飾区,葛飾区,葛飾区亀有３,35.766527,139.847573,JR常磐線(上野～取手),JR東日本,1,D,5,駅データ.jp
1132008,1132008,金町,東京都,葛飾区,葛飾区,葛飾区金町６丁目,35.769026,139.870434,JR常磐線(上野～取手)|京成金町線,JR東日本|京成電鉄,2,D,15,駅データ.jp
1132009,1132009,松戸,千葉県,松戸市,松戸市,松戸市松戸,35.784472,139.900779,JR常磐線(上野～取手)|京成松戸線,JR東日本|京成電鉄,2,A,60,駅データ.jp
1132010,1132010,北松戸,千葉県,松戸市,松戸市,松戸市上本郷,35.800459,139.911528,JR常磐線(上野～取手),JR東日本,1,D,13,駅データ.jp
1132011,1132011,馬橋,千葉県,松戸市,松戸市,松戸市馬橋,35.811815,139.917173,JR常磐線(上野～取手)|流鉄流山線,JR東日本|流鉄,2,D,15,駅データ.jp
1132013,1132013,北小金,千葉県,松戸市,松戸市,松戸市小金,35.833436,139.931303,JR常磐線(上野～取手),JR東日本,1,D,5,駅データ.jp
1132014,1132014,南柏,千葉県,柏市,柏市,柏市南柏１,35.844655,139.954111,JR常磐線(上野～取手),JR東日本,1,D,13,駅データ.jp
1132015,1132015,柏,千葉県,柏市,柏市,柏市柏１,35.862316,139.971148,JR常磐線(上野～取手)|東武アーバンパークライン（東武野田線）,JR東日本|東武鉄道,2,A,60,駅データ.jp
1132016,1132016,北柏,千葉県,柏市,柏市,柏市大字根戸,35.875623,139.988035,JR常磐線(上野～取手),JR東日本,1,D,13,駅データ.jp
1132017,1132017,我孫子,千葉県,我孫子市,我孫子市,我孫子市本町２丁目,35.87279,140.010466,JR常磐線(上野～取手)|JR成田線,JR東日本,2,C,23,駅データ.jp
1132018,1132018,天王台,千葉県,我孫子市,我孫子市,我孫子市柴崎台１,35.872558,140.04121,JR常磐線(上野～取手),JR東日本,1,D,5,駅データ.jp
1132106,1132106,板橋,東京都,板橋区,板橋区,板橋区板橋１丁目,35.745435,139.719507,JR埼京線,JR東日本,1,D,13,駅データ.jp
1132107,1132107,十条,東京都,北区,北区,北区上十条１丁目,35.760321,139.722233,JR埼京線,JR東日本,1,D,5,駅データ.jp
1132109,1132109,北赤羽,東京都,北区,北区,北区赤羽北２丁目,35.787007,139.70569,JR埼京線,JR東日本,1,D,13,駅データ.jp
1132110,1132110,浮間舟渡,東京都,北区,北区,北区浮間４丁目,35.791209,139.691341,JR埼京線,JR東日本,1,D,5,駅データ.jp
1132111,1132111,戸田公園,埼玉県,戸田市,戸田市,戸田市本町４丁目,35.807906,139.678203,JR埼京線,JR東日本,1,D,13,駅データ.jp
1132112,1132112,戸田,埼玉県,戸田市,戸田市,戸田市新曽字柳原,35.817665,139.669548,JR埼京線,JR東日本,1,D,13,駅データ.jp
1132113,1132113,北戸田,埼玉県,戸田市,戸田市,戸田市新曽字芦原,35.826883,139.661201,JR埼京線,JR東日本,1,D,13,駅データ.jp
1132115,1132115,中浦和,埼玉県,さいたま市,さいたま市南区,さいたま市南区鹿手袋１丁目,35.853769,139.6375,JR埼京線,JR東日本,1,D,5,駅データ.jp
1132116,1132116,南与野,埼玉県,さいたま市,さいたま市中央区,さいたま市中央区鈴谷２丁目,35.867456,139.631117,JR埼京線,JR東日本,1,D,5,駅データ.jp
1132117,1132117,与野本町,埼玉県,さいたま市,さいたま市中央区,さいたま市中央区本町東２丁目,35.880968,139.626075,JR埼京線,JR東日本,1,D,5,駅データ.jp
1132118,1132118,北与野,埼玉県,さいたま市,さいたま市中央区,さいたま市中央区上落合,35.890678,139.628521,JR埼京線,JR東日本,1,D,5,駅データ.jp
1132120,1132120,日進,埼玉県,さいたま市,さいたま市北区,さいたま市北区日進町２丁目,35.931555,139.606111,JR川越線,JR東日本,1,D,5,駅データ.jp
1132121,1132121,指扇,埼玉県,さいたま市,さいたま市西区,さいたま市西区宝来,35.917023,139.564951,JR川越線,JR東日本,1,D,5,駅データ.jp
1132122,1132122,南古谷,埼玉県,川越市,川越市,川越市並木,35.903344,139.519082,JR川越線,JR東日本,1,D,5,駅データ.jp
1132123,1132123,川越,埼玉県,川越市,川越市,川越市脇田町,35.906742,139.483078,JR川越線|東武東上線,JR東日本|東武鉄道,2,C,23,駅データ.jp
1132206,1132206,西川越,埼玉県,川越市,川越市,川越市小ケ谷,35.91909,139.459746,JR川越線,JR東日本,1,D,13,駅データ.jp
1132207,1132207,的場,埼玉県,川越市,川越市,川越市的場,35.917478,139.435376,JR川越線,JR東日本,1,D,5,駅データ.jp
1132208,1132208,笠幡,埼玉県,川越市,川越市,川越市笠幡上野,35.907551,139.40622,JR川越線,JR東日本,1,D,5,駅データ.jp
1132209,1132209,武蔵高萩,埼玉県,日高市,日高市,日高市高萩,35.901729,139.371123,JR川越線,JR東日本,1,D,5,駅データ.jp
1132211,1132211,西大宮,埼玉県,さいたま市,さいたま市西区,さいたま市西区大字指扇3582-4,35.922281,139.579797,JR川越線,JR東日本,1,D,5,駅データ.jp
1132307,1132307,宮原,埼玉県,さいたま市,さいたま市北区,さいたま市北区宮原町３丁目,35.940256,139.609455,JR高崎線,JR東日本,1,D,5,駅データ.jp
1132308,1132308,上尾,埼玉県,上尾市,上尾市,上尾市柏座１丁目,35.973522,139.588434,JR高崎線,JR東日本,1,D,13,駅データ.jp
1132309,1132309,北上尾,埼玉県,上尾市,上尾市,上尾市原新町,35.985632,139.577223,JR高崎線,JR東日本,1,D,13,駅データ.jp
1132310,1132310,桶川,埼玉県,桶川市,桶川市,桶川市南１丁目,35.998375,139.564274,JR高崎線,JR東日本,1,D,13,駅データ.jp
1132311,1132311,北本,埼玉県,北本市,北本市,北本市北本１丁目,36.032112,139.533591,JR高崎線,JR東日本,1,D,13,駅データ.jp
1132312,1132312,鴻巣,埼玉県,鴻巣市,鴻巣市,鴻巣市本町１丁目,36.0592,139.509552,JR高崎線,JR東日本,1,D,13,駅データ.jp
1132313,1132313,北鴻巣,埼玉県,鴻巣市,鴻巣市,鴻巣市赤見台１丁目,36.085529,139.476894,JR高崎線,JR東日本,1,D,13,駅データ.jp
1132314,1132314,吹上,埼玉県,鴻巣市,鴻巣市,鴻巣市吹上本町１丁目,36.103062,139.45312,JR高崎線,JR東日本,1,D,5,駅データ.jp
1132315,1132315,行田,埼玉県,行田市,行田市,行田市壱里山町,36.113879,139.432103,JR高崎線,JR東日本,1,D,13,駅データ.jp
1132316,1132316,熊谷,埼玉県,熊谷市,熊谷市,熊谷市筑波２丁目,36.13947,139.389535,JR高崎線|秩父鉄道秩父本線,JR東日本|秩父鉄道,2,C,33,駅データ.jp
1132317,1132317,籠原,埼玉県,熊谷市,熊谷市,熊谷市大字新堀,36.17448,139.330199,JR高崎線,JR東日本,1,D,5,駅データ.jp
1132318,1132318,深谷,埼玉県,深谷市,深谷市,深谷市西島町１丁目,36.191344,139.28127,JR高崎線,JR東日本,1,D,13,駅データ.jp
1132319,1132319,岡部,埼玉県,深谷市,深谷市,深谷市岡,36.205645,139.237622,JR高崎線,JR東日本,1,D,5,駅データ.jp
1132320,1132320,本庄,埼玉県,本庄市,本庄市,本庄市銀座３丁目,36.236229,139.188299,JR高崎線,JR東日本,1,D,13,駅データ.jp
1132321,1132321,神保原,埼玉県,,,児玉郡上里町大字神保原町,36.25359,139.149172,JR高崎線,JR東日本,1,D,5,駅データ.jp
1132322,1132322,新町,群馬県,高崎市,高崎市,高崎市新町,36.272984,139.105457,JR高崎線,JR東日本,1,D,5,駅データ.jp
1132402,1132402,本千葉,千葉県,千葉市,千葉市中央区,千葉市中央区長洲町１丁目,35.601202,140.120987,JR内房線|JR外房線,JR東日本,2,D,15,駅データ.jp
1132403,1132403,蘇我,千葉県,千葉市,千葉市中央区,千葉市中央区今井２丁目,35.582065,140.130767,JR京葉線|JR内房線|JR外房線,JR東日本,3,C,24,駅データ.jp
1132404,1132404,鎌取,千葉県,千葉市,千葉市緑区,千葉市緑区鎌取町,35.562795,140.178583,JR外房線,JR東日本,1,D,5,駅データ.jp
1132405,1132405,誉田,千葉県,千葉市,千葉市緑区,千葉市緑区誉田町２丁目,35.546996,140.213748,JR外房線,JR東日本,1,D,5,駅データ.jp
1132406,1132406,土気,千葉県,千葉市,千葉市緑区,千葉市緑区土気町,35.530866,140.269783,JR外房線,JR東日本,1,D,5,駅データ.jp
1132407,1132407,大網,千葉県,大網白里市,大網白里市,千葉県大網白里市南玉21-7,35.522427,140.311111,JR外房線|JR東金線,JR東日本,2,D,15,駅データ.jp
1132408,1132408,永田,千葉県,大網白里市,大網白里市,千葉県大網白里市永田1835,35.503129,140.311162,JR外房線,JR東日本,1,D,5,駅データ.jp
1132409,1132409,本納,千葉県,茂原市,茂原市,茂原市本納,35.48227,140.30758,JR外房線,JR東日本,1,D,5,駅データ.jp
1132410,1132410,新茂原,千葉県,茂原市,茂原市,茂原市長尾,35.449477,140.29983,JR外房線,JR東日本,1,D,13,駅データ.jp
1132411,1132411,茂原,千葉県,茂原市,茂原市,茂原市町保,35.426733,140.304121,JR外房線,JR東日本,1,D,13,駅データ.jp
1132412,1132412,八積,千葉県,,,長生郡長生村岩沼,35.403971,140.345367,JR外房線,JR東日本,1,D,5,駅データ.jp
1132413,1132413,上総一ノ宮,千葉県,,,長生郡一宮町一宮,35.373401,140.365138,JR外房線,JR東日本,1,D,5,駅データ.jp
1132414,1132414,東浪見,千葉県,,,長生郡一宮町東浪見,35.34669,140.376706,JR外房線,JR東日本,1,D,5,駅データ.jp
1132415,1132415,太東,千葉県,いすみ市,いすみ市,いすみ市岬町椎木,35.319942,140.381184,JR外房線,JR東日本,1,D,5,駅データ.jp
1132416,1132416,長者町,千葉県,いすみ市,いすみ市,いすみ市岬町長者,35.295839,140.385021,JR外房線,JR東日本,1,D,5,駅データ.jp
1132417,1132417,三門,千葉県,いすみ市,いすみ市,いすみ市日在,35.282377,140.391567,JR外房線,JR東日本,1,D,5,駅データ.jp
1132418,1132418,大原,千葉県,いすみ市,いすみ市,いすみ市大原,35.251097,140.390864,JR外房線|いすみ線,JR東日本|いすみ鉄道,2,D,15,駅データ.jp
1132419,1132419,浪花,千葉県,いすみ市,いすみ市,いすみ市小沢,35.222674,140.379428,JR外房線,JR東日本,1,D,5,駅データ.jp
1132420,1132420,御宿,千葉県,,,夷隅郡御宿町須賀,35.188028,140.35197,JR外房線,JR東日本,1,D,5,駅データ.jp
1132421,1132421,勝浦,千葉県,勝浦市,勝浦市,勝浦市墨名,35.152722,140.312142,JR外房線,JR東日本,1,D,13,駅データ.jp
1132422,1132422,鵜原,千葉県,勝浦市,勝浦市,勝浦市鵜原,35.140828,140.278446,JR外房線,JR東日本,1,D,5,駅データ.jp
1132423,1132423,上総興津,千葉県,勝浦市,勝浦市,勝浦市興津,35.137146,140.250487,JR外房線,JR東日本,1,D,5,駅データ.jp
1132424,1132424,行川アイランド,千葉県,勝浦市,勝浦市,勝浦市浜行川,35.11832,140.226962,JR外房線,JR東日本,1,D,5,駅データ.jp
1132425,1132425,安房小湊,千葉県,鴨川市,鴨川市,鴨川市内浦,35.128597,140.190337,JR外房線,JR東日本,1,D,5,駅データ.jp
1132426,1132426,安房天津,千葉県,鴨川市,鴨川市,鴨川市天津,35.125473,140.154487,JR外房線,JR東日本,1,D,5,駅データ.jp
1132427,1132427,安房鴨川,千葉県,鴨川市,鴨川市,鴨川市横渚,35.107465,140.103566,JR内房線|JR外房線,JR東日本,2,C,23,駅データ.jp
1132504,1132504,浜野,千葉県,千葉市,千葉市中央区,千葉市中央区村田町,35.551876,140.132089,JR内房線,JR東日本,1,D,5,駅データ.jp
1132505,1132505,八幡宿,千葉県,市原市,市原市,市原市八幡,35.536189,140.120072,JR内房線,JR東日本,1,D,5,駅データ.jp
1132506,1132506,五井,千葉県,市原市,市原市,市原市五井,35.512985,140.089522,JR内房線|小湊鉄道線,JR東日本|小湊鐵道,2,D,15,駅データ.jp
1132507,1132507,姉ケ崎,千葉県,市原市,市原市,千葉県市原市姉崎528-2,35.4786,140.041749,JR内房線,JR東日本,1,D,5,駅データ.jp
1132508,1132508,長浦,千葉県,袖ケ浦市,袖ケ浦市,袖ケ浦市蔵波,35.450234,139.995478,JR内房線,JR東日本,1,D,5,駅データ.jp
1132509,1132509,袖ケ浦,千葉県,袖ケ浦市,袖ケ浦市,千葉県袖ケ浦市奈良輪1198,35.431997,139.95788,JR内房線,JR東日本,1,D,13,駅データ.jp
1132510,1132510,巌根,千葉県,木更津市,木更津市,木更津市岩根３丁目,35.414285,139.933229,JR内房線,JR東日本,1,D,5,駅データ.jp
1132511,1132511,木更津,千葉県,木更津市,木更津市,木更津市富士見１丁目,35.381668,139.92611,JR久留里線|JR内房線,JR東日本,2,C,23,駅データ.jp
1132512,1132512,君津,千葉県,君津市,君津市,君津市東坂田１丁目,35.333619,139.895697,JR内房線,JR東日本,1,D,13,駅データ.jp
1132513,1132513,青堀,千葉県,富津市,富津市,富津市大堀,35.330304,139.858189,JR内房線,JR東日本,1,D,5,駅データ.jp
1132514,1132514,大貫,千葉県,富津市,富津市,富津市千種新田,35.291661,139.855541,JR内房線,JR東日本,1,D,5,駅データ.jp
1132515,1132515,佐貫町,千葉県,富津市,富津市,富津市亀田,35.260113,139.876106,JR内房線,JR東日本,1,D,5,駅データ.jp
1132516,1132516,上総湊,千葉県,富津市,富津市,富津市湊,35.221855,139.871016,JR内房線,JR東日本,1,D,5,駅データ.jp
1132517,1132517,竹岡,千葉県,富津市,富津市,富津市萩生,35.197582,139.830159,JR内房線,JR東日本,1,D,5,駅データ.jp
1132518,1132518,浜金谷,千葉県,富津市,富津市,富津市金谷,35.168215,139.822141,JR内房線,JR東日本,1,D,5,駅データ.jp
1132519,1132519,保田,千葉県,,,安房郡鋸南町保田,35.14148,139.838114,JR内房線,JR東日本,1,D,5,駅データ.jp
1132520,1132520,安房勝山,千葉県,,,安房郡鋸南町竜島,35.114022,139.83339,JR内房線,JR東日本,1,D,5,駅データ.jp
1132521,1132521,岩井,千葉県,南房総市,南房総市,南房総市市部,35.093062,139.849839,JR内房線,JR東日本,1,D,5,駅データ.jp
1132522,1132522,富浦,千葉県,南房総市,南房総市,南房総市富浦町原岡,35.04614,139.837811,JR内房線,JR東日本,1,D,5,駅データ.jp
1132523,1132523,那古船形,千葉県,館山市,館山市,館山市船形,35.028987,139.851388,JR内房線,JR東日本,1,D,5,駅データ.jp
1132524,1132524,館山,千葉県,館山市,館山市,館山市北条,34.9959,139.861888,JR内房線,JR東日本,1,D,13,駅データ.jp
1132525,1132525,九重,千葉県,館山市,館山市,館山市二子,34.99752,139.911383,JR内房線,JR東日本,1,D,5,駅データ.jp
1132526,1132526,千倉,千葉県,南房総市,南房総市,南房総市千倉町瀬戸,34.976704,139.954738,JR内房線,JR東日本,1,D,5,駅データ.jp
1132527,1132527,千歳,千葉県,南房総市,南房総市,南房総市千倉町白子,34.991701,139.966378,JR内房線,JR東日本,1,D,5,駅データ.jp
1132528,1132528,南三原,千葉県,南房総市,南房総市,南房総市和田町松田,35.021065,139.979204,JR内房線,JR東日本,1,D,5,駅データ.jp
1132529,1132529,和田浦,千葉県,南房総市,南房総市,南房総市和田町仁我浦,35.041885,140.019569,JR内房線,JR東日本,1,D,5,駅データ.jp
1132530,1132530,江見,千葉県,鴨川市,鴨川市,鴨川市西江見,35.062513,140.061026,JR内房線,JR東日本,1,D,5,駅データ.jp
1132531,1132531,太海,千葉県,鴨川市,鴨川市,鴨川市太海,35.081435,140.096229,JR内房線,JR東日本,1,D,5,駅データ.jp
1132602,1132602,八丁堀,東京都,中央区,中央区,中央区八丁堀３丁目,35.674734,139.777344,JR京葉線|東京メトロ日比谷線,JR東日本|東京メトロ,2,D,15,駅データ.jp
1132603,1132603,越中島,東京都,江東区,江東区,江東区越中島２丁目,35.667946,139.792713,JR京葉線,JR東日本,1,D,5,駅データ.jp
1132604,1132604,潮見,東京都,江東区,江東区,江東区潮見２丁目,35.658702,139.817341,JR京葉線,JR東日本,1,D,5,駅データ.jp
1132605,1132605,新木場,東京都,江東区,江東区,東京都江東区新木場一丁目5,35.646059,139.827019,JR京葉線|りんかい線|東京メトロ有楽町線,JR東日本|東京メトロ|東京臨海高速鉄道,3,C,24,駅データ.jp
1132606,1132606,葛西臨海公園,東京都,江戸川区,江戸川区,江戸川区臨海町６丁目,35.644392,139.861529,JR京葉線,JR東日本,1,D,5,駅データ.jp
1132607,1132607,舞浜,千葉県,浦安市,浦安市,浦安市舞浜,35.636115,139.883714,JR京葉線,JR東日本,1,D,5,駅データ.jp
1132608,1132608,新浦安,千葉県,浦安市,浦安市,浦安市入船１丁目,35.649526,139.912553,JR京葉線,JR東日本,1,D,13,駅データ.jp
1132609,1132609,市川塩浜,千葉県,市川市,市川市,市川市塩浜２丁目,35.666554,139.923684,JR京葉線,JR東日本,1,D,13,駅データ.jp
1132611,1132611,二俣新町,千葉県,市川市,市川市,市川市二俣新町,35.691273,139.959525,JR京葉線,JR東日本,1,D,5,駅データ.jp
1132612,1132612,南船橋,千葉県,船橋市,船橋市,船橋市若松２丁目,35.681804,139.995773,JR京葉線,JR東日本,1,D,13,駅データ.jp
1132613,1132613,新習志野,千葉県,習志野市,習志野市,習志野市茜浜２丁目,35.667342,140.012825,JR京葉線,JR東日本,1,D,13,駅データ.jp
1132614,1132614,海浜幕張,千葉県,千葉市,千葉市美浜区,千葉市美浜区ひび野,35.648373,140.041917,JR京葉線,JR東日本,1,D,5,駅データ.jp
1132615,1132615,検見川浜,千葉県,千葉市,千葉市美浜区,千葉市美浜区真砂４丁目,35.637291,140.058888,JR京葉線,JR東日本,1,D,5,駅データ.jp
1132616,1132616,稲毛海岸,千葉県,千葉市,千葉市美浜区,千葉市美浜区高洲３丁目,35.629501,140.074034,JR京葉線,JR東日本,1,D,5,駅データ.jp
1132617,1132617,千葉みなと,千葉県,千葉市,千葉市中央区,千葉市中央区中央港１丁目,35.606985,140.1028,JR京葉線|千葉都市モノレール１号線|千葉都市モノレール２号線,JR東日本|千葉都市モノレール,3,C,24,駅データ.jp
1132619,1132619,幕張豊砂,千葉県,千葉市,千葉市美浜区,千葉市美浜区浜田二丁目45番地,35.6579,140.0272,JR京葉線,JR東日本,1,D,5,駅データ.jp
1132702,1132702,酒々井,千葉県,,,印旛郡酒々井町酒々井,35.731737,140.275271,JR成田線,JR東日本,1,D,5,駅データ.jp
1132703,1132703,成田,千葉県,成田市,成田市,成田市花崎町,35.7773,140.314393,JR成田エクスプレス|JR成田線|京成本線,JR東日本|京成電鉄,3,C,32,駅データ.jp
1132705,1132705,成田空港（第１旅客ターミナル）,千葉県,成田市,成田市,千葉県成田市三里塚御料牧場1-1,35.763983,140.384644,JR成田エクスプレス|JR成田線|京成本線|成田スカイアクセス,JR東日本|京成電鉄,4,C,38,駅データ.jp
1132706,1132706,久住,千葉県,成田市,成田市,成田市飯岡,35.832232,140.338929,JR成田線,JR東日本,1,D,5,駅データ.jp
1132707,1132707,滑河,千葉県,成田市,成田市,成田市猿山,35.877079,140.347871,JR成田線,JR東日本,1,D,5,駅データ.jp
1132708,1132708,下総神崎,千葉県,,,香取郡神崎町郡,35.8948,140.410657,JR成田線,JR東日本,1,D,5,駅データ.jp
1132709,1132709,大戸,千葉県,香取市,香取市,香取市大戸川,35.890004,140.457828,JR成田線,JR東日本,1,D,5,駅データ.jp
1132710,1132710,佐原,千葉県,香取市,香取市,香取市佐原イ,35.894522,140.494074,JR成田線|JR鹿島線,JR東日本,2,D,15,駅データ.jp
1132711,1132711,香取,千葉県,香取市,香取市,香取市津宮,35.897856,140.532367,JR成田線|JR鹿島線,JR東日本,2,C,23,駅データ.jp
1132712,1132712,水郷,千葉県,香取市,香取市,香取市一ノ分目,35.885508,140.570181,JR成田線,JR東日本,1,D,5,駅データ.jp
1132713,1132713,小見川,千葉県,香取市,香取市,香取市小見川,35.849971,140.604587,JR成田線,JR東日本,1,D,5,駅データ.jp
1132714,1132714,笹川,千葉県,,,香取郡東庄町笹川い,35.839753,140.655716,JR成田線,JR東日本,1,D,5,駅データ.jp
1132715,1132715,下総橘,千葉県,,,香取郡東庄町石出,35.818673,140.702273,JR成田線,JR東日本,1,D,5,駅データ.jp
1132716,1132716,下総豊里,千葉県,銚子市,銚子市,銚子市笹本町,35.792899,140.721011,JR成田線,JR東日本,1,D,5,駅データ.jp
1132717,1132717,椎柴,千葉県,銚子市,銚子市,銚子市野尻町,35.765204,140.758875,JR成田線,JR東日本,1,D,5,駅データ.jp
1132721,1132721,東我孫子,千葉県,我孫子市,我孫子市,我孫子市岡発戸,35.868945,140.047754,JR成田線,JR東日本,1,D,13,駅データ.jp
1132722,1132722,湖北,千葉県,我孫子市,我孫子市,我孫子市中里,35.867165,140.077959,JR成田線,JR東日本,1,D,5,駅データ.jp
1132723,1132723,新木,千葉県,我孫子市,我孫子市,我孫子市新木,35.862352,140.107048,JR成田線,JR東日本,1,D,5,駅データ.jp
1132724,1132724,布佐,千葉県,我孫子市,我孫子市,我孫子市布佐,35.849371,140.13293,JR成田線,JR東日本,1,D,5,駅データ.jp
1132725,1132725,木下,千葉県,印西市,印西市,印西市木下,35.838817,140.147954,JR成田線,JR東日本,1,D,5,駅データ.jp
1132726,1132726,小林,千葉県,印西市,印西市,印西市小林,35.830783,140.193028,JR成田線,JR東日本,1,D,5,駅データ.jp
1132727,1132727,安食,千葉県,,,印旛郡栄町安食,35.835682,140.242051,JR成田線,JR東日本,1,D,5,駅データ.jp
1132728,1132728,下総松崎,千葉県,成田市,成田市,成田市大竹,35.807806,140.27749,JR成田線,JR東日本,1,D,5,駅データ.jp
1132813,1132813,空港第２ビル（第２旅客ターミナル）,千葉県,成田市,成田市,千葉県成田市古込字古込1-1,35.773602,140.38734,JR成田エクスプレス|JR成田線|京成本線|成田スカイアクセス,JR東日本|京成電鉄,4,C,30,駅データ.jp
1132903,1132903,十二橋,千葉県,香取市,香取市,香取市津宮字黒須,35.916984,140.545707,JR鹿島線,JR東日本,1,D,5,駅データ.jp
1132904,1132904,潮来,茨城県,潮来市,潮来市,潮来市あやめ１丁目,35.936904,140.549473,JR鹿島線,JR東日本,1,D,13,駅データ.jp
1132905,1132905,延方,茨城県,潮来市,潮来市,潮来市延方字押立,35.958072,140.58875,JR鹿島線,JR東日本,1,D,5,駅データ.jp
1132906,1132906,鹿島神宮,茨城県,鹿嶋市,鹿嶋市,鹿嶋市宮中,35.970614,140.625676,JR鹿島線|鹿島臨海鉄道大洗鹿島線,JR東日本|鹿島臨海鉄道,2,D,15,駅データ.jp
1132907,1132907,鹿島サッカースタジアム（臨）,茨城県,鹿嶋市,鹿嶋市,茨城県鹿嶋市大字神向寺4980,35.992707,140.63606,JR鹿島線|鹿島臨海鉄道大洗鹿島線,JR東日本|鹿島臨海鉄道,2,D,15,駅データ.jp
1133002,1133002,祇園,千葉県,木更津市,木更津市,木更津市祇園,35.391528,139.948111,JR久留里線,JR東日本,1,D,5,駅データ.jp
1133003,1133003,上総清川,千葉県,木更津市,木更津市,木更津市菅生,35.390981,139.965612,JR久留里線,JR東日本,1,D,5,駅データ.jp
1133004,1133004,東清川,千葉県,木更津市,木更津市,木更津市笹子,35.390017,139.985847,JR久留里線,JR東日本,1,D,5,駅データ.jp
1133005,1133005,横田,千葉県,袖ケ浦市,袖ケ浦市,袖ケ浦市横田,35.386207,140.020138,JR久留里線,JR東日本,1,D,5,駅データ.jp
1133006,1133006,東横田,千葉県,袖ケ浦市,袖ケ浦市,袖ケ浦市横田,35.386185,140.035995,JR久留里線,JR東日本,1,D,5,駅データ.jp
1133007,1133007,馬来田,千葉県,木更津市,木更津市,木更津市真里,35.36681,140.058485,JR久留里線,JR東日本,1,D,5,駅データ.jp
1133008,1133008,下郡,千葉県,君津市,君津市,君津市山本,35.355018,140.055372,JR久留里線,JR東日本,1,D,5,駅データ.jp
1133009,1133009,小櫃,千葉県,君津市,君津市,君津市末吉,35.328252,140.059794,JR久留里線,JR東日本,1,D,5,駅データ.jp
1133010,1133010,俵田,千葉県,君津市,君津市,君津市俵田,35.314495,140.061386,JR久留里線,JR東日本,1,D,5,駅データ.jp
1133011,1133011,久留里,千葉県,君津市,君津市,君津市久留里市場,35.295812,140.075613,JR久留里線,JR東日本,1,D,5,駅データ.jp
1133012,1133012,平山,千葉県,君津市,君津市,君津市平山,35.274312,140.064682,JR久留里線,JR東日本,1,D,5,駅データ.jp
1133013,1133013,上総松丘,千葉県,君津市,君津市,君津市広岡,35.258226,140.064046,JR久留里線,JR東日本,1,D,5,駅データ.jp
1133014,1133014,上総亀山,千葉県,君津市,君津市,君津市藤林,35.233153,140.089479,JR久留里線,JR東日本,1,D,5,駅データ.jp
1133102,1133102,福俵,千葉県,東金市,東金市,東金市福俵,35.54617,140.341904,JR東金線,JR東日本,1,D,5,駅データ.jp
1133103,1133103,東金,千葉県,東金市,東金市,東金市東金,35.560172,140.363743,JR東金線,JR東日本,1,D,13,駅データ.jp
1133104,1133104,求名,千葉県,東金市,東金市,東金市求名,35.579947,140.39626,JR東金線,JR東日本,1,D,5,駅データ.jp
1133203,1133203,与野,埼玉県,さいたま市,さいたま市浦和区,さいたま市浦和区上木崎１丁目,35.884393,139.639085,JR京浜東北線,JR東日本,1,D,5,駅データ.jp
1133204,1133204,北浦和,埼玉県,さいたま市,さいたま市浦和区,さいたま市浦和区北浦和３丁目,35.872053,139.645951,JR京浜東北線,JR東日本,1,D,5,駅データ.jp
1133207,1133207,蕨,埼玉県,蕨市,蕨市,蕨市中央１丁目,35.827959,139.690357,JR京浜東北線,JR東日本,1,D,13,駅データ.jp
1133208,1133208,西川口,埼玉県,川口市,川口市,川口市並木町２丁目,35.815514,139.704312,JR京浜東北線,JR東日本,1,D,13,駅データ.jp
1133209,1133209,川口,埼玉県,川口市,川口市,川口市栄町３丁目,35.801869,139.717472,JR京浜東北線,JR東日本,1,D,13,駅データ.jp
1133211,1133211,東十条,東京都,北区,北区,北区東十条３丁目,35.763803,139.726858,JR京浜東北線,JR東日本,1,D,5,駅データ.jp
1133212,1133212,王子,東京都,北区,北区,北区王子１丁目,35.753075,139.737995,JR京浜東北線|東京さくらトラム（都電荒川線）|東京メトロ南北線,JR東日本|東京メトロ|東京都交通局,3,C,24,駅データ.jp
1133213,1133213,上中里,東京都,北区,北区,北区上中里１丁目,35.74728,139.745769,JR京浜東北線,JR東日本,1,D,5,駅データ.jp
1133228,1133228,大井町,東京都,品川区,品川区,品川区大井１丁目,35.607109,139.734967,JR京浜東北線|りんかい線|東急大井町線,JR東日本|東京臨海高速鉄道|東急電鉄,3,C,24,駅データ.jp
1133229,1133229,大森,東京都,大田区,大田区,大田区大森北１丁目,35.588903,139.728079,JR京浜東北線,JR東日本,1,D,5,駅データ.jp
1133230,1133230,蒲田,東京都,大田区,大田区,大田区蒲田５丁目,35.562017,139.715095,JR京浜東北線|東急多摩川線|東急池上線,JR東日本|東急電鉄,3,A,60,駅データ.jp
1133233,1133233,新子安,神奈川県,横浜市,横浜市神奈川区,横浜市神奈川区子安通,35.487153,139.655312,JR京浜東北線|京急本線,JR東日本|京急電鉄,2,D,15,駅データ.jp
1133402,1133402,下野花岡,栃木県,,,塩谷郡高根沢町花岡,36.649965,140.008606,JR烏山線,JR東日本,1,D,5,駅データ.jp
1133403,1133403,仁井田,栃木県,,,塩谷郡高根沢町文挾,36.657271,140.029573,JR烏山線,JR東日本,1,D,5,駅データ.jp
1133404,1133404,鴻野山,栃木県,那須烏山市,那須烏山市,那須烏山市鴻野山,36.666495,140.051656,JR烏山線,JR東日本,1,D,5,駅データ.jp
1133405,1133405,大金,栃木県,那須烏山市,那須烏山市,那須烏山市大金,36.656275,140.095656,JR烏山線,JR東日本,1,D,5,駅データ.jp
1133406,1133406,小塙,栃木県,那須烏山市,那須烏山市,那須烏山市小塙,36.643095,140.11656,JR烏山線,JR東日本,1,D,5,駅データ.jp
1133407,1133407,滝,栃木県,那須烏山市,那須烏山市,那須烏山市滝,36.648558,140.138152,JR烏山線,JR東日本,1,D,5,駅データ.jp
1133408,1133408,烏山,栃木県,那須烏山市,那須烏山市,那須烏山市南２丁目,36.650455,140.15507,JR烏山線,JR東日本,1,D,5,駅データ.jp
1133501,1133501,渋川,群馬県,渋川市,渋川市,渋川市渋川,36.491251,139.008786,JR上越線|JR吾妻線,JR東日本,2,C,23,駅データ.jp
1133502,1133502,金島,群馬県,渋川市,渋川市,渋川市川島,36.529502,138.976421,JR吾妻線,JR東日本,1,D,5,駅データ.jp
1133503,1133503,祖母島,群馬県,渋川市,渋川市,渋川市祖母島,36.540729,138.957042,JR吾妻線,JR東日本,1,D,5,駅データ.jp
1133504,1133504,小野上,群馬県,渋川市,渋川市,渋川市村上,36.552524,138.922202,JR吾妻線,JR東日本,1,D,5,駅データ.jp
1133505,1133505,小野上温泉,群馬県,渋川市,渋川市,渋川市村上字塩川,36.556909,138.904882,JR吾妻線,JR東日本,1,D,5,駅データ.jp
1133506,1133506,市城,群馬県,吾妻郡中之条町大字市,吾妻郡中之条町大字市,吾妻郡中之条町大字市城,36.570685,138.882247,JR吾妻線,JR東日本,1,D,5,駅データ.jp
1133507,1133507,中之条,群馬県,,,吾妻郡中之条町伊勢町,36.585541,138.850908,JR吾妻線,JR東日本,1,D,5,駅データ.jp
1133508,1133508,群馬原町,群馬県,,,吾妻郡東吾妻町原町,36.571694,138.824091,JR吾妻線,JR東日本,1,D,5,駅データ.jp
1133509,1133509,郷原,群馬県,,,吾妻郡東吾妻町郷原,36.54876,138.801073,JR吾妻線,JR東日本,1,D,5,駅データ.jp
1133510,1133510,矢倉,群馬県,,,吾妻郡東吾妻町矢倉,36.552731,138.78428,JR吾妻線,JR東日本,1,D,5,駅データ.jp
1133511,1133511,岩島,群馬県,,,吾妻郡東吾妻町岩下,36.563239,138.759873,JR吾妻線,JR東日本,1,D,5,駅データ.jp
1133512,1133512,川原湯温泉,群馬県,,,吾妻郡長野原町大字川原湯,36.545195,138.697153,JR吾妻線,JR東日本,1,D,5,駅データ.jp
1133513,1133513,長野原草津口,群馬県,,,吾妻郡長野原町大字長野原,36.5465,138.64959,JR吾妻線,JR東日本,1,D,5,駅データ.jp
1133514,1133514,群馬大津,群馬県,,,吾妻郡長野原町大字大津,36.553792,138.628045,JR吾妻線,JR東日本,1,D,5,駅データ.jp
1133515,1133515,羽根尾,群馬県,,,吾妻郡長野原町大字羽根尾,36.550164,138.605502,JR吾妻線,JR東日本,1,D,5,駅データ.jp
1133516,1133516,袋倉,群馬県,,,吾妻郡嬬恋村大字袋倉,36.543997,138.579141,JR吾妻線,JR東日本,1,D,5,駅データ.jp
1133517,1133517,万座・鹿沢口,群馬県,,,吾妻郡嬬恋村大字鎌原,36.531967,138.551395,JR吾妻線,JR東日本,1,D,5,駅データ.jp
1133518,1133518,大前,群馬県,,,吾妻郡嬬恋村大字大前,36.513696,138.528966,JR吾妻線,JR東日本,1,D,5,駅データ.jp
1133702,1133702,北高崎,群馬県,高崎市,高崎市,高崎市大橋町,36.338791,139.001076,JR信越本線,JR東日本,1,D,13,駅データ.jp
1133703,1133703,群馬八幡,群馬県,高崎市,高崎市,高崎市八幡町,36.337641,138.957433,JR信越本線,JR東日本,1,D,5,駅データ.jp
1133704,1133704,安中,群馬県,安中市,安中市,安中市中宿,36.331657,138.914368,JR信越本線,JR東日本,1,D,13,駅データ.jp
1133705,1133705,磯部,群馬県,安中市,安中市,安中市磯部,36.298397,138.84965,JR信越本線,JR東日本,1,D,5,駅データ.jp
1133706,1133706,松井田,群馬県,安中市,安中市,安中市松井田町八城,36.309151,138.797705,JR信越本線,JR東日本,1,D,5,駅データ.jp
1133707,1133707,西松井田,群馬県,安中市,安中市,安中市松井田町新堀,36.316067,138.786675,JR信越本線,JR東日本,1,D,5,駅データ.jp
1133708,1133708,横川,群馬県,安中市,安中市,安中市松井田町横川,36.336009,138.737926,JR信越本線,JR東日本,1,D,5,駅データ.jp
1133802,1133802,常陸青柳,茨城県,ひたちなか市,ひたちなか市,ひたちなか市枝川,36.383582,140.484495,JR水郡線,JR東日本,1,D,5,駅データ.jp
1133803,1133803,常陸津田,茨城県,ひたちなか市,ひたちなか市,ひたちなか市津田,36.404171,140.482914,JR水郡線,JR東日本,1,D,5,駅データ.jp
1133804,1133804,後台,茨城県,那珂市,那珂市,那珂市後台,36.423767,140.489899,JR水郡線,JR東日本,1,D,5,駅データ.jp
1133805,1133805,下菅谷,茨城県,那珂市,那珂市,那珂市菅谷,36.435394,140.494021,JR水郡線,JR東日本,1,D,5,駅データ.jp
1133806,1133806,中菅谷,茨城県,那珂市,那珂市,那珂市菅谷,36.445662,140.492626,JR水郡線,JR東日本,1,D,5,駅データ.jp
1133807,1133807,上菅谷,茨城県,那珂市,那珂市,那珂市菅谷,36.455378,140.492659,JR水郡線,JR東日本,1,D,5,駅データ.jp
1133808,1133808,南酒出,茨城県,那珂市,那珂市,那珂市南酒出,36.477361,140.498471,JR水郡線,JR東日本,1,D,5,駅データ.jp
1133809,1133809,額田,茨城県,那珂市,那珂市,那珂市額田南郷,36.485705,140.503462,JR水郡線,JR東日本,1,D,5,駅データ.jp
1133810,1133810,河合,茨城県,常陸太田市,常陸太田市,常陸太田市上河合町,36.508241,140.517118,JR水郡線,JR東日本,1,D,5,駅データ.jp
1133811,1133811,谷河原,茨城県,常陸太田市,常陸太田市,常陸太田市磯部町,36.519782,140.52502,JR水郡線,JR東日本,1,D,5,駅データ.jp
1133812,1133812,常陸太田,茨城県,常陸太田市,常陸太田市,常陸太田市山下町,36.531225,140.52777,JR水郡線,JR東日本,1,D,13,駅データ.jp
1133813,1133813,常陸鴻巣,茨城県,那珂市,那珂市,那珂市鴻巣,36.472414,140.467455,JR水郡線,JR東日本,1,D,5,駅データ.jp
1133814,1133814,瓜連,茨城県,那珂市,那珂市,那珂市瓜連,36.497805,140.450438,JR水郡線,JR東日本,1,D,5,駅データ.jp
1133815,1133815,静,茨城県,那珂市,那珂市,那珂市下大賀,36.506012,140.438103,JR水郡線,JR東日本,1,D,5,駅データ.jp
1133816,1133816,常陸大宮,茨城県,常陸大宮市,常陸大宮市,常陸大宮市南町９６６,36.547554,140.412431,JR水郡線,JR東日本,1,D,13,駅データ.jp
1133817,1133817,玉川村,茨城県,常陸大宮市,常陸大宮市,常陸大宮市東野,36.579088,140.374334,JR水郡線,JR東日本,1,D,5,駅データ.jp
1133818,1133818,野上原,茨城県,常陸大宮市,常陸大宮市,常陸大宮市野上,36.605879,140.390127,JR水郡線,JR東日本,1,D,5,駅データ.jp
1133819,1133819,山方宿,茨城県,常陸大宮市,常陸大宮市,常陸大宮市山方,36.6246,140.401244,JR水郡線,JR東日本,1,D,5,駅データ.jp
1133820,1133820,中舟生,茨城県,常陸大宮市,常陸大宮市,常陸大宮市舟生堂下,36.645683,140.392242,JR水郡線,JR東日本,1,D,5,駅データ.jp
1133821,1133821,下小川,茨城県,常陸大宮市,常陸大宮市,常陸大宮市盛金,36.668975,140.387021,JR水郡線,JR東日本,1,D,5,駅データ.jp
1133822,1133822,西金,茨城県,,,久慈郡大子町大字西金,36.69548,140.386468,JR水郡線,JR東日本,1,D,5,駅データ.jp
1133823,1133823,上小川,茨城県,,,久慈郡大子町大字頃藤,36.719216,140.378604,JR水郡線,JR東日本,1,D,5,駅データ.jp
1133824,1133824,袋田,茨城県,,,久慈郡大子町袋田,36.754718,140.379583,JR水郡線,JR東日本,1,D,5,駅データ.jp
1133825,1133825,常陸大子,茨城県,,,久慈郡大子町大字大子,36.770657,140.350855,JR水郡線,JR東日本,1,D,5,駅データ.jp
1133826,1133826,下野宮,茨城県,,,久慈郡大子町大字下野宮,36.815744,140.375282,JR水郡線,JR東日本,1,D,5,駅データ.jp
1133827,1133827,矢祭山,福島県,,,東白川郡矢祭町大字内川,36.84978,140.395278,JR水郡線,JR東日本,1,D,5,駅データ.jp
1133828,1133828,東館,福島県,,,東白川郡矢祭町大字東舘,36.870264,140.423314,JR水郡線,JR東日本,1,D,5,駅データ.jp
1133829,1133829,南石井,福島県,,,東白川郡矢祭町下石井,36.894625,140.416902,JR水郡線,JR東日本,1,D,5,駅データ.jp
1133830,1133830,磐城石井,福島県,,,東白川郡矢祭町大字中石井,36.904516,140.415321,JR水郡線,JR東日本,1,D,5,駅データ.jp
1133831,1133831,磐城塙,福島県,,,東白川郡塙町宮田,36.95862,140.41205,JR水郡線,JR東日本,1,D,5,駅データ.jp
1133832,1133832,近津,福島県,,,東白川郡棚倉町大字寺山,37.000487,140.393699,JR水郡線,JR東日本,1,D,5,駅データ.jp
1133833,1133833,中豊,福島県,,,東白川郡棚倉町大字流,37.022479,140.393253,JR水郡線,JR東日本,1,D,5,駅データ.jp
1133834,1133834,磐城棚倉,福島県,,,東白川郡棚倉町大字棚倉,37.035127,140.384423,JR水郡線,JR東日本,1,D,5,駅データ.jp
1133835,1133835,磐城浅川,福島県,,,石川郡浅川町大字浅川,37.079787,140.414329,JR水郡線,JR東日本,1,D,5,駅データ.jp
1133836,1133836,里白石,福島県,,,石川郡浅川町里白石宿裏,37.104195,140.416655,JR水郡線,JR東日本,1,D,5,駅データ.jp
1133837,1133837,磐城石川,福島県,,,石川郡石川町当町,37.140635,140.443969,JR水郡線,JR東日本,1,D,5,駅データ.jp
1133838,1133838,野木沢,福島県,,,石川郡石川町大字中野,37.175224,140.42097,JR水郡線,JR東日本,1,D,5,駅データ.jp
1133839,1133839,川辺沖,福島県,,,石川郡玉川村大字川辺,37.192794,140.405723,JR水郡線,JR東日本,1,D,5,駅データ.jp
1133840,1133840,泉郷,福島県,,,石川郡玉川村大字小高,37.214494,140.405289,JR水郡線,JR東日本,1,D,5,駅データ.jp
1133841,1133841,川東,福島県,須賀川市,須賀川市,須賀川市大字小作田,37.270119,140.40622,JR水郡線,JR東日本,1,D,5,駅データ.jp
1133842,1133842,小塩江,福島県,須賀川市,須賀川市,須賀川市大字塩田,37.295533,140.430246,JR水郡線,JR東日本,1,D,5,駅データ.jp
1133843,1133843,谷田川,福島県,郡山市,郡山市,郡山市田村町谷田川,37.31372,140.431117,JR水郡線,JR東日本,1,D,5,駅データ.jp
1133844,1133844,磐城守山,福島県,郡山市,郡山市,郡山市田村町岩作,37.330776,140.406485,JR水郡線,JR東日本,1,D,5,駅データ.jp
1133902,1133902,小田林,茨城県,結城市,結城市,結城市小田林,36.300775,139.85353,JR水戸線,JR東日本,1,D,5,駅データ.jp
1133903,1133903,結城,茨城県,結城市,結城市,結城市結城,36.298056,139.873028,JR水戸線,JR東日本,1,D,13,駅データ.jp
1133904,1133904,東結城,茨城県,結城市,結城市,結城市大字結城,36.296554,139.891485,JR水戸線,JR東日本,1,D,13,駅データ.jp
1133905,1133905,川島,茨城県,筑西市,筑西市,筑西市伊佐山,36.295918,139.916382,JR水戸線,JR東日本,1,D,5,駅データ.jp
1133906,1133906,玉戸,茨城県,筑西市,筑西市,筑西市玉戸,36.298547,139.93845,JR水戸線,JR東日本,1,D,5,駅データ.jp
1133907,1133907,下館,茨城県,筑西市,筑西市,茨城県筑西市乙86,36.304144,139.978503,JR水戸線|真岡鐵道真岡線|関東鉄道常総線,JR東日本|真岡鐵道|関東鉄道,3,C,24,駅データ.jp
1133908,1133908,新治,茨城県,筑西市,筑西市,筑西市新治,36.328082,140.039076,JR水戸線,JR東日本,1,D,5,駅データ.jp
1133909,1133909,大和,茨城県,桜川市,桜川市,桜川市高森,36.345567,140.073216,JR水戸線,JR東日本,1,D,5,駅データ.jp
1133910,1133910,岩瀬,茨城県,桜川市,桜川市,桜川市犬田,36.359377,140.108739,JR水戸線,JR東日本,1,D,5,駅データ.jp
1133911,1133911,羽黒,茨城県,桜川市,桜川市,桜川市友部,36.355292,140.142947,JR水戸線,JR東日本,1,D,5,駅データ.jp
1133912,1133912,福原,茨城県,笠間市,笠間市,笠間市福原,36.351507,140.187249,JR水戸線,JR東日本,1,D,5,駅データ.jp
1133913,1133913,稲田,茨城県,笠間市,笠間市,笠間市稲田,36.368903,140.21501,JR水戸線,JR東日本,1,D,5,駅データ.jp
1133914,1133914,笠間,茨城県,笠間市,笠間市,笠間市下市毛,36.373056,140.246515,JR水戸線,JR東日本,1,D,13,駅データ.jp
1133915,1133915,宍戸,茨城県,笠間市,笠間市,笠間市大田町,36.344763,140.288243,JR水戸線,JR東日本,1,D,5,駅データ.jp
1134002,1134002,鶴田,栃木県,宇都宮市,宇都宮市,宇都宮市西川田町,36.538319,139.858818,JR日光線,JR東日本,1,D,5,駅データ.jp
1134003,1134003,鹿沼,栃木県,鹿沼市,鹿沼市,鹿沼市上野町,36.571222,139.762961,JR日光線,JR東日本,1,D,13,駅データ.jp
1134004,1134004,文挟,栃木県,日光市,日光市,日光市小倉,36.637716,139.727778,JR日光線,JR東日本,1,D,5,駅データ.jp
1134005,1134005,下野大沢,栃木県,日光市,日光市,日光市土沢,36.686427,139.732367,JR日光線,JR東日本,1,D,5,駅データ.jp
1134006,1134006,今市,栃木県,日光市,日光市,日光市平ケ崎,36.720388,139.687348,JR日光線,JR東日本,1,D,5,駅データ.jp
1134007,1134007,日光,栃木県,日光市,日光市,日光市相生町,36.747816,139.62095,JR日光線|東武日光線,JR東日本|東武鉄道,2,C,23,駅データ.jp
1134102,1134102,高崎問屋町,群馬県,高崎市,高崎市,高崎市貝沢町７１５番地,36.346097,139.017089,JR上越線|JR両毛線,JR東日本,2,C,23,駅データ.jp
1134103,1134103,井野,群馬県,高崎市,高崎市,高崎市井野町,36.357457,139.023247,JR上越線|JR両毛線,JR東日本,2,D,15,駅データ.jp
1134104,1134104,新前橋,群馬県,前橋市,前橋市,前橋市古市町,36.378936,139.046924,JR上越線|JR両毛線,JR東日本,2,C,23,駅データ.jp
1134105,1134105,前橋,群馬県,前橋市,前橋市,前橋市表町２丁目,36.383399,139.072833,JR両毛線,JR東日本,1,C,28,駅データ.jp
1134106,1134106,前橋大島,群馬県,前橋市,前橋市,前橋市天川大島町１３２４-３,36.370585,139.109557,JR両毛線,JR東日本,1,D,13,駅データ.jp
1134107,1134107,駒形,群馬県,前橋市,前橋市,前橋市小屋原町,36.354145,139.139483,JR両毛線,JR東日本,1,D,5,駅データ.jp
1134108,1134108,伊勢崎,群馬県,伊勢崎市,伊勢崎市,伊勢崎市曲輪町３丁目,36.326735,139.194131,JR両毛線|東武伊勢崎線,JR東日本|東武鉄道,2,C,23,駅データ.jp
1134109,1134109,国定,群馬県,伊勢崎市,伊勢崎市,伊勢崎市国定町,36.359018,139.242463,JR両毛線,JR東日本,1,D,5,駅データ.jp
1134110,1134110,岩宿,群馬県,みどり市,みどり市,みどり市笠懸町阿左美,36.395861,139.297058,JR両毛線,JR東日本,1,D,5,駅データ.jp
1134111,1134111,桐生,群馬県,桐生市,桐生市,桐生市末広町,36.41109,139.33319,JR両毛線|わたらせ渓谷線,JR東日本|わたらせ渓谷鐵道,2,C,23,駅データ.jp
1134112,1134112,小俣,栃木県,足利市,足利市,足利市小俣町,36.37496,139.374416,JR両毛線,JR東日本,1,D,5,駅データ.jp
1134113,1134113,山前,栃木県,足利市,足利市,足利市鹿島町２丁目,36.347369,139.411322,JR両毛線,JR東日本,1,D,5,駅データ.jp
1134114,1134114,足利,栃木県,足利市,足利市,足利市伊勢町,36.331888,139.456295,JR両毛線,JR東日本,1,D,13,駅データ.jp
1134115,1134115,富田,栃木県,足利市,足利市,足利市駒場町,36.316209,139.52865,JR両毛線,JR東日本,1,D,5,駅データ.jp
1134116,1134116,佐野,栃木県,佐野市,佐野市,佐野市若松町,36.316776,139.578842,JR両毛線|東武佐野線,JR東日本|東武鉄道,2,C,23,駅データ.jp
1134117,1134117,岩舟,栃木県,栃木市,栃木市,栃木県栃木市岩舟町静,36.326561,139.657955,JR両毛線,JR東日本,1,D,5,駅データ.jp
1134118,1134118,大平下,栃木県,栃木市,栃木市,栃木県栃木市大平町富田,36.344315,139.697264,JR両毛線,JR東日本,1,D,5,駅データ.jp
1134119,1134119,栃木,栃木県,栃木市,栃木市,栃木市河合町１丁目,36.371912,139.731037,JR両毛線|東武宇都宮線|東武日光線,JR東日本|東武鉄道,3,C,32,駅データ.jp
1134120,1134120,思川,栃木県,小山市,小山市,小山市大字松沼,36.351044,139.781079,JR両毛線,JR東日本,1,D,5,駅データ.jp
1134122,1134122,あしかがフラワーパーク,栃木県,足利市,足利市,栃木県足利市迫間町,36.315167,139.518611,JR両毛線,JR東日本,1,D,5,駅データ.jp
1134205,1134205,群馬総社,群馬県,前橋市,前橋市,前橋市総社町植野,36.415574,139.032221,JR上越線,JR東日本,1,D,5,駅データ.jp
1134206,1134206,八木原,群馬県,渋川市,渋川市,渋川市八木原,36.463738,139.019239,JR上越線,JR東日本,1,D,5,駅データ.jp
1134208,1134208,敷島,群馬県,渋川市,渋川市,渋川市赤城町敷島,36.537636,139.033897,JR上越線,JR東日本,1,D,5,駅データ.jp
1134209,1134209,津久田,群馬県,渋川市,渋川市,渋川市赤城町津久田,36.561063,139.042806,JR上越線,JR東日本,1,D,5,駅データ.jp
1134210,1134210,岩本,群馬県,沼田市,沼田市,沼田市岩本町,36.602184,139.047438,JR上越線,JR東日本,1,D,5,駅データ.jp
1134211,1134211,沼田,群馬県,沼田市,沼田市,沼田市清水町,36.642513,139.035734,JR上越線,JR東日本,1,D,13,駅データ.jp
1134212,1134212,後閑,群馬県,,,利根郡みなかみ町後閑,36.679547,139.000078,JR上越線,JR東日本,1,D,5,駅データ.jp
1134213,1134213,上牧,群馬県,,,利根郡みなかみ町上牧,36.735616,138.984533,JR上越線,JR東日本,1,D,5,駅データ.jp
1134214,1134214,水上,群馬県,,,利根郡みなかみ町鹿野沢,36.778614,138.9688,JR上越線,JR東日本,1,D,5,駅データ.jp
1134215,1134215,湯檜曽,群馬県,,,利根郡みなかみ町湯桧曽,36.802683,138.986209,JR上越線,JR東日本,1,D,5,駅データ.jp
1134216,1134216,土合,群馬県,,,利根郡みなかみ町湯桧曽,36.830696,138.967959,JR上越線,JR東日本,1,D,5,駅データ.jp
1134217,1134217,土樽,新潟県,,,南魚沼郡湯沢町大字土樽字古屋敷,36.875277,138.861446,JR上越線,JR東日本,1,D,5,駅データ.jp
1134218,1134218,越後中里,新潟県,,,南魚沼郡湯沢町大字土樽,36.910398,138.84846,JR上越線,JR東日本,1,D,5,駅データ.jp
1134219,1134219,岩原スキー場前,新潟県,,,南魚沼郡湯沢町字中子,36.924146,138.839438,JR上越線,JR東日本,1,D,5,駅データ.jp
1134220,1134220,越後湯沢,新潟県,,,南魚沼郡湯沢町大字湯沢,36.935799,138.809227,JR上越線,JR東日本,1,D,5,駅データ.jp
1134221,1134221,石打,新潟県,南魚沼市,南魚沼市,南魚沼市上野,36.988663,138.804221,JR上越線,JR東日本,1,D,5,駅データ.jp
1134222,1134222,大沢,新潟県,南魚沼市,南魚沼市,南魚沼市大沢,37.02117,138.82131,JR上越線,JR東日本,1,D,5,駅データ.jp
1134223,1134223,上越国際スキー場前,新潟県,南魚沼市,南魚沼市,南魚沼市樺野沢１１１-５,37.028755,138.827973,JR上越線,JR東日本,1,D,5,駅データ.jp
1134224,1134224,塩沢,新潟県,南魚沼市,南魚沼市,南魚沼市塩沢,37.041463,138.848399,JR上越線,JR東日本,1,D,5,駅データ.jp
1134225,1134225,六日町,新潟県,南魚沼市,南魚沼市,南魚沼市六日町,37.067065,138.875872,JR上越線|北越急行ほくほく線,JR東日本|北越急行,2,D,15,駅データ.jp
1134226,1134226,五日町,新潟県,南魚沼市,南魚沼市,南魚沼市五日町,37.1199,138.908346,JR上越線,JR東日本,1,D,5,駅データ.jp
1134227,1134227,浦佐,新潟県,南魚沼市,南魚沼市,南魚沼市浦佐,37.167488,138.922798,JR上越線,JR東日本,1,D,5,駅データ.jp
1134228,1134228,八色,新潟県,南魚沼市,南魚沼市,南魚沼市五箇,37.191747,138.934854,JR上越線,JR東日本,1,D,5,駅データ.jp
1134230,1134230,越後堀之内,新潟県,魚沼市,魚沼市,魚沼市堀之内,37.23913,138.928003,JR上越線,JR東日本,1,D,5,駅データ.jp
1134231,1134231,北堀之内,新潟県,魚沼市,魚沼市,魚沼市下島,37.25588,138.896372,JR上越線,JR東日本,1,D,5,駅データ.jp
1134232,1134232,越後川口,新潟県,長岡市,長岡市,新潟県長岡市東川口693-1,37.272983,138.861514,JR上越線|JR飯山線,JR東日本,2,D,15,駅データ.jp
1134233,1134233,小千谷,新潟県,小千谷市,小千谷市,小千谷市ひ生,37.309822,138.813233,JR上越線,JR東日本,1,D,13,駅データ.jp
1134234,1134234,越後滝谷,新潟県,長岡市,長岡市,長岡市滝谷町,37.368724,138.834932,JR上越線,JR東日本,1,D,5,駅データ.jp
1134235,1134235,宮内,新潟県,長岡市,長岡市,長岡市宮内３丁目,37.422223,138.840204,JR上越線|JR信越本線(直江津～新潟),JR東日本,2,D,15,駅データ.jp
1134236,1134236,長岡,新潟県,長岡市,長岡市,長岡市城内町２丁目,37.447787,138.853927,JR上越線|JR信越本線(直江津～新潟),JR東日本,2,C,33,駅データ.jp
1134401,1134401,東京ディズニーランド・ステーション,千葉県,浦安市,浦安市,千葉県浦安市舞浜,35.635933,139.878657,ディズニーリゾートライン,舞浜リゾートライン,1,D,5,駅データ.jp
1134402,1134402,ベイサイド・ステーション,千葉県,浦安市,浦安市,千葉県浦安市舞浜,35.628098,139.876812,ディズニーリゾートライン,舞浜リゾートライン,1,D,5,駅データ.jp
1134403,1134403,東京ディズニーシー・ステーション,千葉県,浦安市,浦安市,千葉県浦安市舞浜,35.627606,139.889514,ディズニーリゾートライン,舞浜リゾートライン,1,D,5,駅データ.jp
1134404,1134404,リゾートゲートウェイ・ステーション,千葉県,浦安市,浦安市,千葉県浦安市舞浜,35.635283,139.885425,ディズニーリゾートライン,舞浜リゾートライン,1,D,5,駅データ.jp
1140102,1140102,甲斐小泉,山梨県,北杜市,北杜市,北杜市長坂町小荒間,35.879533,138.359402,小海線,JR東日本,1,D,5,駅データ.jp
1140103,1140103,甲斐大泉,山梨県,北杜市,北杜市,北杜市大泉町西井出,35.89624,138.409564,小海線,JR東日本,1,D,5,駅データ.jp
1140104,1140104,清里,山梨県,北杜市,北杜市,北杜市高根町清里,35.919093,138.436589,小海線,JR東日本,1,D,5,駅データ.jp
1140105,1140105,野辺山,長野県,,,南佐久郡南牧村野辺山,35.955289,138.474448,小海線,JR東日本,1,D,5,駅データ.jp
1140106,1140106,信濃川上,長野県,,,南佐久郡川上村大字御所平,35.975939,138.527345,小海線,JR東日本,1,D,5,駅データ.jp
1140107,1140107,佐久広瀬,長野県,,,南佐久郡南牧村大字広瀬,36.003724,138.519349,小海線,JR東日本,1,D,5,駅データ.jp
1140108,1140108,佐久海ノ口,長野県,,,南佐久郡南牧村大字海ノ口,36.021128,138.490807,小海線,JR東日本,1,D,5,駅データ.jp
1140109,1140109,海尻,長野県,,,南佐久郡南牧村大字海尻,36.041276,138.473536,小海線,JR東日本,1,D,5,駅データ.jp
1140110,1140110,松原湖,長野県,,,南佐久郡小海町大字豊里,36.060995,138.470509,小海線,JR東日本,1,D,5,駅データ.jp
1140111,1140111,小海,長野県,,,南佐久郡小海町大字小海,36.08862,138.482806,小海線,JR東日本,1,D,5,駅データ.jp
1140112,1140112,馬流,長野県,,,南佐久郡小海町大字東馬流,36.101824,138.485963,小海線,JR東日本,1,D,5,駅データ.jp
1140113,1140113,高岩,長野県,,,南佐久郡佐久穂町穂積,36.115711,138.477438,小海線,JR東日本,1,D,5,駅データ.jp
1140114,1140114,八千穂,長野県,,,南佐久郡佐久穂町穂積,36.133281,138.477345,小海線,JR東日本,1,D,5,駅データ.jp
1140115,1140115,海瀬,長野県,,,南佐久郡佐久穂町海瀬,36.155743,138.485894,小海線,JR東日本,1,D,5,駅データ.jp
1140116,1140116,羽黒下,長野県,,,南佐久郡佐久穂町平林,36.166411,138.489618,小海線,JR東日本,1,D,5,駅データ.jp
1140117,1140117,青沼,長野県,佐久市,佐久市,佐久市入沢,36.181259,138.489162,小海線,JR東日本,1,D,5,駅データ.jp
1140118,1140118,臼田,長野県,佐久市,佐久市,佐久市下越,36.194013,138.488309,小海線,JR東日本,1,D,5,駅データ.jp
1140119,1140119,龍岡城,長野県,佐久市,佐久市,佐久市田口,36.204184,138.490708,小海線,JR東日本,1,D,5,駅データ.jp
1140120,1140120,太田部,長野県,佐久市,佐久市,佐久市大字太田部,36.220307,138.4878,小海線,JR東日本,1,D,5,駅データ.jp
1140121,1140121,中込,長野県,佐久市,佐久市,佐久市大字中込,36.23062,138.479389,小海線,JR東日本,1,D,5,駅データ.jp
1140122,1140122,滑津,長野県,佐久市,佐久市,佐久市大字中込,36.238716,138.475003,小海線,JR東日本,1,D,5,駅データ.jp
1140123,1140123,北中込,長野県,佐久市,佐久市,佐久市大字中込,36.254923,138.476661,小海線,JR東日本,1,D,5,駅データ.jp
1140124,1140124,岩村田,長野県,佐久市,佐久市,佐久市岩村田,36.27446,138.4724,小海線,JR東日本,1,D,5,駅データ.jp
1140125,1140125,佐久平,長野県,佐久市,佐久市,佐久市大字長土呂１４８８番地,36.277929,138.464367,小海線,JR東日本,1,D,13,駅データ.jp
1140126,1140126,中佐都,長野県,佐久市,佐久市,佐久市大字長土呂,36.280856,138.453549,小海線,JR東日本,1,D,5,駅データ.jp
1140127,1140127,美里,長野県,小諸市,小諸市,小諸市大字市字土橋,36.292243,138.450177,小海線,JR東日本,1,D,5,駅データ.jp
1140128,1140128,三岡,長野県,小諸市,小諸市,小諸市森山,36.30415,138.44846,小海線,JR東日本,1,D,5,駅データ.jp
1140129,1140129,乙女,長野県,小諸市,小諸市,小諸市東山,36.311371,138.440527,小海線,JR東日本,1,D,5,駅データ.jp
1140130,1140130,東小諸,長野県,小諸市,小諸市,小諸市小原,36.317057,138.432144,小海線,JR東日本,1,D,13,駅データ.jp
1140131,1140131,小諸,長野県,小諸市,小諸市,小諸市相生町,36.32662,138.421868,しなの鉄道線|小海線,JR東日本|しなの鉄道,2,C,23,駅データ.jp
1140201,1140201,富士,静岡県,富士市,富士市,富士市本町１丁目,35.151497,138.651225,JR東海道本線(熱海～浜松)|JR身延線,JR東海,2,C,23,駅データ.jp
1140202,1140202,柚木,静岡県,富士市,富士市,静岡県富士市柚木213,35.157468,138.639157,JR身延線,JR東海,1,D,5,駅データ.jp
1140203,1140203,竪堀,静岡県,富士市,富士市,富士市中島,35.168075,138.645881,JR身延線,JR東海,1,D,5,駅データ.jp
1140204,1140204,入山瀬,静岡県,富士市,富士市,富士市久沢,35.188276,138.647622,JR身延線,JR東海,1,D,5,駅データ.jp
1140205,1140205,富士根,静岡県,富士市,富士市,富士市天間,35.205251,138.63562,JR身延線,JR東海,1,D,13,駅データ.jp
1140206,1140206,源道寺,静岡県,富士宮市,富士宮市,富士宮市黒田源道寺町,35.214463,138.627057,JR身延線,JR東海,1,D,5,駅データ.jp
1140207,1140207,富士宮,静岡県,富士宮市,富士宮市,富士宮市中央町,35.221409,138.614924,JR身延線,JR東海,1,D,13,駅データ.jp
1140208,1140208,西富士宮,静岡県,富士宮市,富士宮市,富士宮市貴船町,35.225456,138.602567,JR身延線,JR東海,1,D,13,駅データ.jp
1140209,1140209,沼久保,静岡県,富士宮市,富士宮市,富士宮市沼久保,35.199278,138.584283,JR身延線,JR東海,1,D,5,駅データ.jp
1140210,1140210,芝川,静岡県,富士宮市,富士宮市,静岡県富士宮市羽鮒1231,35.197272,138.563845,JR身延線,JR東海,1,D,5,駅データ.jp
1140211,1140211,稲子,静岡県,富士宮市,富士宮市,静岡県富士宮市下稲子355,35.230454,138.536892,JR身延線,JR東海,1,D,5,駅データ.jp
1140212,1140212,十島,山梨県,,,南巨摩郡南部町十島,35.230153,138.515802,JR身延線,JR東海,1,D,5,駅データ.jp
1140213,1140213,井出,山梨県,,,南巨摩郡南部町井出,35.247449,138.490989,JR身延線,JR東海,1,D,5,駅データ.jp
1140214,1140214,寄畑,山梨県,,,南巨摩郡南部町内船,35.264832,138.474932,JR身延線,JR東海,1,D,5,駅データ.jp
1140215,1140215,内船,山梨県,,,南巨摩郡南部町内船,35.282183,138.465068,JR身延線,JR東海,1,D,5,駅データ.jp
1140216,1140216,甲斐大島,山梨県,,,南巨摩郡身延町大島,35.32817,138.45218,JR身延線,JR東海,1,D,5,駅データ.jp
1140217,1140217,身延,山梨県,,,南巨摩郡身延町角打,35.361397,138.453021,JR身延線,JR東海,1,D,5,駅データ.jp
1140218,1140218,塩之沢,山梨県,,,南巨摩郡身延町帯金,35.379626,138.453887,JR身延線,JR東海,1,D,5,駅データ.jp
1140219,1140219,波高島,山梨県,,,南巨摩郡身延町波高島,35.418624,138.459747,JR身延線,JR東海,1,D,5,駅データ.jp
1140220,1140220,下部温泉,山梨県,,,南巨摩郡身延町常葉,35.425751,138.472359,JR身延線,JR東海,1,D,5,駅データ.jp
1140221,1140221,甲斐常葉,山梨県,,,南巨摩郡身延町常葉,35.444779,138.476975,JR身延線,JR東海,1,D,5,駅データ.jp
1140222,1140222,市ノ瀬,山梨県,南巨摩郡身延町市,南巨摩郡身延町市,南巨摩郡身延町市之瀬,35.462345,138.482154,JR身延線,JR東海,1,D,5,駅データ.jp
1140223,1140223,久那土,山梨県,,,南巨摩郡身延町三沢,35.48144,138.467391,JR身延線,JR東海,1,D,5,駅データ.jp
1140224,1140224,甲斐岩間,山梨県,西八代郡市,西八代郡市,西八代郡市川三郷町岩間,35.492539,138.463057,JR身延線,JR東海,1,D,5,駅データ.jp
1140225,1140225,落居,山梨県,西八代郡市,西八代郡市,西八代郡市川三郷町落居,35.503612,138.471256,JR身延線,JR東海,1,D,5,駅データ.jp
1140226,1140226,鰍沢口,山梨県,西八代郡市,西八代郡市,西八代郡市川三郷町黒沢,35.541375,138.470916,JR身延線,JR東海,1,D,5,駅データ.jp
1140227,1140227,市川大門,山梨県,西八代郡市,西八代郡市,西八代郡市川三郷町黒沢,35.560451,138.493276,JR身延線,JR東海,1,D,5,駅データ.jp
1140228,1140228,市川本町,山梨県,西八代郡市,西八代郡市,西八代郡市川三郷町黒沢,35.560684,138.502028,JR身延線,JR東海,1,D,5,駅データ.jp
1140229,1140229,芦川,山梨県,西八代郡市,西八代郡市,西八代郡市川三郷町上野,35.563087,138.511241,JR身延線,JR東海,1,D,5,駅データ.jp
1140230,1140230,甲斐上野,山梨県,西八代郡市,西八代郡市,西八代郡市川三郷町上野,35.569592,138.520465,JR身延線,JR東海,1,D,5,駅データ.jp
1140231,1140231,東花輪,山梨県,中央市,中央市,中央市東花輪,35.594749,138.526935,JR身延線,JR東海,1,D,5,駅データ.jp
1140232,1140232,小井川,山梨県,中央市,中央市,中央市上三條,35.604442,138.528523,JR身延線,JR東海,1,D,5,駅データ.jp
1140233,1140233,常永,山梨県,,,中巨摩郡昭和町上河東,35.616877,138.532909,JR身延線,JR東海,1,D,5,駅データ.jp
1140234,1140234,国母,山梨県,,,中巨摩郡昭和町西条,35.630567,138.552113,JR身延線,JR東海,1,D,5,駅データ.jp
1140235,1140235,甲斐住吉,山梨県,甲府市,甲府市,甲府市住吉２丁目,35.63658,138.569892,JR身延線,JR東海,1,D,5,駅データ.jp
1140236,1140236,南甲府,山梨県,甲府市,甲府市,甲府市南口町,35.643496,138.577274,JR身延線,JR東海,1,D,13,駅データ.jp
1140237,1140237,善光寺,山梨県,甲府市,甲府市,甲府市善光寺町,35.65985,138.589278,JR身延線,JR東海,1,D,5,駅データ.jp
1140238,1140238,金手,山梨県,甲府市,甲府市,甲府市城東１丁目,35.662264,138.578845,JR身延線,JR東海,1,D,5,駅データ.jp
1140301,1140301,篠ノ井,長野県,長野市,長野市,長野市篠ノ井布施高田,36.5771,138.138046,JR信越本線(篠ノ井～長野)|JR篠ノ井線|しなの鉄道線,JR東日本|しなの鉄道,3,C,24,駅データ.jp
1140302,1140302,今井,長野県,長野市,長野市,長野市川中島町今井２９６番地,36.595732,138.145347,JR信越本線(篠ノ井～長野),JR東日本,1,D,5,駅データ.jp
1140303,1140303,川中島,長野県,長野市,長野市,長野市川中島町上氷鉋,36.614167,138.150679,JR信越本線(篠ノ井～長野),JR東日本,1,D,5,駅データ.jp
1140304,1140304,安茂里,長野県,長野市,長野市,長野市安茂里,36.630262,138.161791,JR信越本線(篠ノ井～長野),JR東日本,1,D,5,駅データ.jp
1140305,1140305,長野,長野県,長野市,長野市,長野市大字栗田１０３８番地,36.643566,138.188925,JR信越本線(篠ノ井～長野)|JR飯山線|北しなの線|長野電鉄長野線,JR東日本|しなの鉄道|長野電鉄,4,A,63,駅データ.jp
1140306,1140306,北長野,長野県,長野市,長野市,長野市中越,36.665123,138.222534,JR飯山線|北しなの線,JR東日本|しなの鉄道,2,C,23,駅データ.jp
1140307,1140307,三才,長野県,長野市,長野市,長野市三才,36.686674,138.244079,JR飯山線|北しなの線,JR東日本|しなの鉄道,2,D,15,駅データ.jp
1140308,1140308,豊野,長野県,長野市,長野市,長野市豊野町豊野,36.710642,138.274458,JR飯山線|北しなの線,JR東日本|しなの鉄道,2,D,15,駅データ.jp
1140309,1140309,牟礼,長野県,,,上水内郡飯綱町豊野,36.753239,138.247121,北しなの線,しなの鉄道,1,D,5,駅データ.jp
1140310,1140310,古間,長野県,,,上水内郡信濃町富濃,36.792295,138.230461,北しなの線,しなの鉄道,1,D,5,駅データ.jp
1140311,1140311,黒姫,長野県,,,上水内郡信濃町柏原,36.807214,138.197195,北しなの線,しなの鉄道,1,D,5,駅データ.jp
1140312,1140312,妙高高原,新潟県,妙高市,妙高市,妙高市田口,36.872175,138.211953,北しなの線|妙高はねうまライン,えちごトキめき鉄道|しなの鉄道,2,C,23,駅データ.jp
1140313,1140313,関山,新潟県,妙高市,妙高市,妙高市関山,36.933048,138.226415,妙高はねうまライン,えちごトキめき鉄道,1,D,5,駅データ.jp
1140314,1140314,二本木,新潟県,上越市,上越市中郷区,上越市中郷区板橋,36.989608,138.232765,妙高はねうまライン,えちごトキめき鉄道,1,D,5,駅データ.jp
1140315,1140315,新井,新潟県,妙高市,妙高市,妙高市栄町,37.026738,138.255614,妙高はねうまライン,えちごトキめき鉄道,1,D,5,駅データ.jp
1140316,1140316,北新井,新潟県,妙高市,妙高市,妙高市柳井田町,37.05296,138.257699,妙高はねうまライン,えちごトキめき鉄道,1,D,5,駅データ.jp
1140317,1140317,上越妙高,新潟県,上越市,上越市,上越市大字脇野田,37.081813,138.249476,妙高はねうまライン,えちごトキめき鉄道,1,C,23,駅データ.jp
1140318,1140318,南高田,新潟県,上越市,上越市,上越市大字下中田,37.096766,138.242973,妙高はねうまライン,えちごトキめき鉄道,1,D,5,駅データ.jp
1140319,1140319,高田,新潟県,上越市,上越市,上越市仲町４丁目,37.115226,138.242018,妙高はねうまライン,えちごトキめき鉄道,1,D,5,駅データ.jp
1140320,1140320,春日山,新潟県,上越市,上越市,上越市大字木田,37.148042,138.234922,妙高はねうまライン,えちごトキめき鉄道,1,D,5,駅データ.jp
1140321,1140321,直江津,新潟県,上越市,上越市,上越市東町１丁目,37.170251,138.242265,JR信越本線(直江津～新潟)|妙高はねうまライン|日本海ひすいライン,JR東日本|えちごトキめき鉄道,3,C,24,駅データ.jp
1140402,1140402,黒井,新潟県,上越市,上越市頸城区,上越市頸城区西福島,37.1837,138.267518,JR信越本線(直江津～新潟),JR東日本,1,D,5,駅データ.jp
1140403,1140403,犀潟,新潟県,上越市,上越市大潟区,上越市大潟区犀潟,37.210345,138.305154,JR信越本線(直江津～新潟)|北越急行ほくほく線,JR東日本|北越急行,2,D,15,駅データ.jp
1140404,1140404,土底浜,新潟県,上越市,上越市大潟区,上越市大潟区土底浜,37.222719,138.324779,JR信越本線(直江津～新潟),JR東日本,1,D,5,駅データ.jp
1140405,1140405,潟町,新潟県,上越市,上越市大潟区,上越市大潟区潟町,37.234135,138.339902,JR信越本線(直江津～新潟),JR東日本,1,D,5,駅データ.jp
1140406,1140406,上下浜,新潟県,上越市,上越市柿崎区,上越市柿崎区上下浜,37.252178,138.361569,JR信越本線(直江津～新潟),JR東日本,1,D,5,駅データ.jp
1140407,1140407,柿崎,新潟県,上越市,上越市柿崎区,上越市柿崎区柿崎,37.277732,138.385933,JR信越本線(直江津～新潟),JR東日本,1,D,5,駅データ.jp
1140408,1140408,米山,新潟県,柏崎市,柏崎市,柏崎市米山町,37.316804,138.431266,JR信越本線(直江津～新潟),JR東日本,1,D,5,駅データ.jp
1140409,1140409,笠島,新潟県,柏崎市,柏崎市,柏崎市大字笠島,37.335794,138.467221,JR信越本線(直江津～新潟),JR東日本,1,D,5,駅データ.jp
1140410,1140410,青海川,新潟県,柏崎市,柏崎市,柏崎市大字青海川,37.346143,138.486169,JR信越本線(直江津～新潟),JR東日本,1,D,5,駅データ.jp
1140411,1140411,鯨波,新潟県,柏崎市,柏崎市,柏崎市鯨波１丁目,37.355828,138.517263,JR信越本線(直江津～新潟),JR東日本,1,D,5,駅データ.jp
1140412,1140412,柏崎,新潟県,柏崎市,柏崎市,柏崎市駅前１丁目,37.363495,138.556303,JR信越本線(直江津～新潟)|JR越後線,JR東日本,2,C,23,駅データ.jp
1140413,1140413,茨目,新潟県,柏崎市,柏崎市,柏崎市茨目２丁目,37.356986,138.586714,JR信越本線(直江津～新潟),JR東日本,1,D,5,駅データ.jp
1140414,1140414,安田,新潟県,柏崎市,柏崎市,柏崎市大字安田,37.341155,138.612057,JR信越本線(直江津～新潟),JR東日本,1,D,5,駅データ.jp
1140415,1140415,北条,新潟県,柏崎市,柏崎市,柏崎市大字本条,37.338262,138.636954,JR信越本線(直江津～新潟),JR東日本,1,D,5,駅データ.jp
1140416,1140416,越後広田,新潟県,柏崎市,柏崎市,柏崎市大字旧広田,37.357354,138.661243,JR信越本線(直江津～新潟),JR東日本,1,D,5,駅データ.jp
1140417,1140417,長鳥,新潟県,柏崎市,柏崎市,柏崎市大字西長鳥,37.366405,138.684063,JR信越本線(直江津～新潟),JR東日本,1,D,5,駅データ.jp
1140418,1140418,塚山,新潟県,長岡市,長岡市,長岡市西谷,37.355114,138.729829,JR信越本線(直江津～新潟),JR東日本,1,D,5,駅データ.jp
1140419,1140419,越後岩塚,新潟県,長岡市,長岡市,長岡市飯塚,37.38629,138.756372,JR信越本線(直江津～新潟),JR東日本,1,D,5,駅データ.jp
1140420,1140420,来迎寺,新潟県,長岡市,長岡市,長岡市来迎寺,37.397136,138.783523,JR信越本線(直江津～新潟),JR東日本,1,D,5,駅データ.jp
1140421,1140421,前川,新潟県,長岡市,長岡市,長岡市上前島町,37.401795,138.823865,JR信越本線(直江津～新潟),JR東日本,1,D,5,駅データ.jp
1140424,1140424,北長岡,新潟県,長岡市,長岡市,長岡市城岡２丁目,37.468768,138.86247,JR信越本線(直江津～新潟),JR東日本,1,D,13,駅データ.jp
1140425,1140425,押切,新潟県,長岡市,長岡市,長岡市池之島,37.50467,138.880988,JR信越本線(直江津～新潟),JR東日本,1,D,5,駅データ.jp
1140426,1140426,見附,新潟県,見附市,見附市,見附市本所２丁目,37.540094,138.904792,JR信越本線(直江津～新潟),JR東日本,1,D,13,駅データ.jp
1140427,1140427,帯織,新潟県,三条市,三条市,三条市帯織,37.572975,138.92848,JR信越本線(直江津～新潟),JR東日本,1,D,5,駅データ.jp
1140428,1140428,東光寺,新潟県,三条市,三条市,三条市大字金子新田,37.593098,138.942956,JR信越本線(直江津～新潟),JR東日本,1,D,5,駅データ.jp
1140429,1140429,三条,新潟県,三条市,三条市,三条市南新保,37.620962,138.960593,JR信越本線(直江津～新潟),JR東日本,1,D,13,駅データ.jp
1140430,1140430,東三条,新潟県,三条市,三条市,三条市東三条１丁目,37.628491,138.973703,JR信越本線(直江津～新潟)|JR弥彦線,JR東日本,2,C,23,駅データ.jp
1140431,1140431,保内,新潟県,三条市,三条市,三条市大字上保内,37.639322,139.014608,JR信越本線(直江津～新潟),JR東日本,1,D,5,駅データ.jp
1140432,1140432,加茂,新潟県,加茂市,加茂市,加茂市加茂駅前,37.658806,139.048959,JR信越本線(直江津～新潟),JR東日本,1,D,13,駅データ.jp
1140433,1140433,羽生田,新潟県,,,南蒲原郡田上町羽生田字根廻,37.693613,139.060715,JR信越本線(直江津～新潟),JR東日本,1,D,5,駅データ.jp
1140434,1140434,田上,新潟県,,,南蒲原郡田上町田上,37.719035,139.074599,JR信越本線(直江津～新潟),JR東日本,1,D,5,駅データ.jp
1140435,1140435,矢代田,新潟県,新潟市,新潟市秋葉区,新潟市秋葉区矢代田,37.748863,139.095654,JR信越本線(直江津～新潟),JR東日本,1,D,5,駅データ.jp
1140436,1140436,古津,新潟県,新潟市,新潟市秋葉区,新潟市秋葉区朝日,37.7727,139.114252,JR信越本線(直江津～新潟),JR東日本,1,D,5,駅データ.jp
1140438,1140438,さつき野,新潟県,新潟市,新潟市秋葉区,新潟市秋葉区北上,37.812731,139.117466,JR信越本線(直江津～新潟),JR東日本,1,D,5,駅データ.jp
1140439,1140439,荻川,新潟県,新潟市,新潟市秋葉区,新潟市秋葉区中野３丁目,37.833307,139.111477,JR信越本線(直江津～新潟),JR東日本,1,D,5,駅データ.jp
1140440,1140440,亀田,新潟県,新潟市,新潟市江南区,新潟市江南区東船場１丁目,37.877154,139.108065,JR信越本線(直江津～新潟),JR東日本,1,D,5,駅データ.jp
1140441,1140441,越後石山,新潟県,新潟市,新潟市東区,新潟市東区石山,37.896407,139.095429,JR信越本線(直江津～新潟),JR東日本,1,D,5,駅データ.jp
1140442,1140442,新潟,新潟県,新潟市,新潟市中央区,新潟市中央区花園１丁目,37.912299,139.060869,JR信越本線(直江津～新潟)|JR白新線|JR越後線,JR東日本,3,B,49,駅データ.jp
1140501,1140501,富山,富山県,富山市,富山市,富山市明輪町,36.701065,137.213307,JR高山本線|あいの風とやま鉄道線|富山地鉄不二越・上滝線|富山地鉄富山都心線【３系統(環状線)】|富山地鉄市内線【１・２系統】|富山地鉄本線|富山港線,JR東海|あいの風とやま鉄道|富山地方鉄道,7,A,68,駅データ.jp
1140502,1140502,東富山,富山県,富山市,富山市,富山市米田,36.741589,137.248953,あいの風とやま鉄道線,あいの風とやま鉄道,1,D,13,駅データ.jp
1140503,1140503,水橋,富山県,富山市,富山市,富山市水橋伊勢屋,36.743454,137.298404,あいの風とやま鉄道線,あいの風とやま鉄道,1,D,5,駅データ.jp
1140504,1140504,滑川,富山県,滑川市,滑川市,滑川市辰野,36.769137,137.348671,あいの風とやま鉄道線|富山地鉄本線,あいの風とやま鉄道|富山地方鉄道,2,C,23,駅データ.jp
1140505,1140505,東滑川,富山県,滑川市,滑川市,滑川市中村,36.787987,137.37805,あいの風とやま鉄道線,あいの風とやま鉄道,1,D,13,駅データ.jp
1140506,1140506,新魚津,富山県,魚津市,魚津市,魚津市釈迦堂,36.826495,137.405576,あいの風とやま鉄道線|富山地鉄本線,あいの風とやま鉄道|富山地方鉄道,2,C,23,駅データ.jp
1140507,1140507,黒部,富山県,黒部市,黒部市,黒部市天神新,36.869322,137.434393,あいの風とやま鉄道線,あいの風とやま鉄道,1,D,13,駅データ.jp
1140508,1140508,生地,富山県,黒部市,黒部市,黒部市吉田,36.906031,137.426534,あいの風とやま鉄道線,あいの風とやま鉄道,1,D,5,駅データ.jp
1140509,1140509,西入善,富山県,,,下新川郡入善町下飯野,36.930124,137.459298,あいの風とやま鉄道線,あいの風とやま鉄道,1,D,5,駅データ.jp
1140510,1140510,入善,富山県,,,下新川郡入善町入膳,36.941296,137.499,あいの風とやま鉄道線,あいの風とやま鉄道,1,D,5,駅データ.jp
1140511,1140511,泊,富山県,,,下新川郡朝日町平柳,36.951897,137.556179,あいの風とやま鉄道線,あいの風とやま鉄道,1,D,5,駅データ.jp
1140512,1140512,越中宮崎,富山県,,,下新川郡朝日町宮崎,36.973863,137.599423,あいの風とやま鉄道線,あいの風とやま鉄道,1,D,5,駅データ.jp
1140513,1140513,市振,新潟県,糸魚川市,糸魚川市,糸魚川市市振,36.980448,137.650373,あいの風とやま鉄道線|日本海ひすいライン,あいの風とやま鉄道|えちごトキめき鉄道,2,D,15,駅データ.jp
1140514,1140514,親不知,新潟県,糸魚川市,糸魚川市,糸魚川市歌,37.006818,137.738104,日本海ひすいライン,えちごトキめき鉄道,1,D,5,駅データ.jp
1140515,1140515,青海,新潟県,糸魚川市,糸魚川市,糸魚川市青海,37.022469,137.795622,日本海ひすいライン,えちごトキめき鉄道,1,D,5,駅データ.jp
1140516,1140516,糸魚川,新潟県,糸魚川市,糸魚川市,糸魚川市大町１丁目,37.043631,137.861311,北アルプス線|日本海ひすいライン,JR東日本|えちごトキめき鉄道,2,C,23,駅データ.jp
1140517,1140517,梶屋敷,新潟県,糸魚川市,糸魚川市,糸魚川市大字田伏,37.056577,137.905738,日本海ひすいライン,えちごトキめき鉄道,1,D,5,駅データ.jp
1140518,1140518,浦本,新潟県,糸魚川市,糸魚川市,糸魚川市大字間脇,37.073935,137.939659,日本海ひすいライン,えちごトキめき鉄道,1,D,5,駅データ.jp
1140519,1140519,能生,新潟県,糸魚川市,糸魚川市,糸魚川市能生,37.096049,137.988405,日本海ひすいライン,えちごトキめき鉄道,1,D,5,駅データ.jp
1140520,1140520,筒石,新潟県,糸魚川市,糸魚川市,糸魚川市仙納,37.127473,138.060768,日本海ひすいライン,えちごトキめき鉄道,1,D,5,駅データ.jp
1140521,1140521,名立,新潟県,上越市,上越市名立区,上越市名立区名立大町,37.15584,138.092649,日本海ひすいライン,えちごトキめき鉄道,1,D,5,駅データ.jp
1140522,1140522,有間川,新潟県,上越市,上越市,上越市大字有間川,37.163323,138.136553,日本海ひすいライン,えちごトキめき鉄道,1,D,5,駅データ.jp
1140523,1140523,谷浜,新潟県,上越市,上越市,上越市大字長浜,37.162399,138.173867,日本海ひすいライン,えちごトキめき鉄道,1,D,5,駅データ.jp
1140602,1140602,東新潟,新潟県,新潟市,新潟市東区,新潟市東区中島,37.908773,139.108685,JR白新線,JR東日本,1,D,5,駅データ.jp
1140603,1140603,大形,新潟県,新潟市,新潟市東区,新潟市東区岡山,37.915518,139.129272,JR白新線,JR東日本,1,D,5,駅データ.jp
1140604,1140604,新崎,新潟県,新潟市,新潟市北区,新潟市北区新崎１丁目,37.922478,139.158558,JR白新線,JR東日本,1,D,5,駅データ.jp
1140605,1140605,早通,新潟県,新潟市,新潟市北区,新潟市北区早通,37.92109,139.178173,JR白新線,JR東日本,1,D,5,駅データ.jp
1140606,1140606,豊栄,新潟県,新潟市,新潟市北区,新潟市北区白新町１丁目,37.919351,139.215347,JR白新線,JR東日本,1,D,5,駅データ.jp
1140607,1140607,黒山,新潟県,新潟市,新潟市北区,新潟市北区太田,37.937128,139.241177,JR白新線,JR東日本,1,D,5,駅データ.jp
1140608,1140608,佐々木,新潟県,新発田市,新発田市,新発田市上中沢,37.949716,139.270099,JR白新線,JR東日本,1,D,5,駅データ.jp
1140609,1140609,西新発田,新潟県,新発田市,新発田市,新発田市富塚町１丁目,37.942097,139.303474,JR白新線,JR東日本,1,D,13,駅データ.jp
1140705,1140705,信濃浅野,長野県,長野市,長野市,長野市豊野町浅野,36.722011,138.294784,JR飯山線,JR東日本,1,D,5,駅データ.jp
1140706,1140706,立ケ花,長野県,長野市,長野市,長野県長野市豊野町蟹沢,36.731257,138.307057,JR飯山線,JR東日本,1,D,5,駅データ.jp
1140707,1140707,上今井,長野県,中野市,中野市,中野市上今井,36.753947,138.319478,JR飯山線,JR東日本,1,D,5,駅データ.jp
1140708,1140708,替佐,長野県,中野市,中野市,中野市豊津,36.768999,138.323385,JR飯山線,JR東日本,1,D,5,駅データ.jp
1140709,1140709,蓮,長野県,飯山市,飯山市,飯山市大字蓮,36.80888,138.349026,JR飯山線,JR東日本,1,D,5,駅データ.jp
1140710,1140710,飯山,長野県,飯山市,飯山市,飯山市大字飯山,36.847642,138.359335,JR飯山線,JR東日本,1,D,13,駅データ.jp
1140711,1140711,北飯山,長野県,飯山市,飯山市,飯山市大字飯山,36.85883,138.363765,JR飯山線,JR東日本,1,D,13,駅データ.jp
1140712,1140712,信濃平,長野県,飯山市,飯山市,飯山市大字常盤,36.884918,138.378479,JR飯山線,JR東日本,1,D,5,駅データ.jp
1140713,1140713,戸狩野沢温泉,長野県,飯山市,飯山市,飯山市大字照里,36.916673,138.392952,JR飯山線,JR東日本,1,D,5,駅データ.jp
1140714,1140714,上境,長野県,飯山市,飯山市,飯山市大字一山,36.937916,138.419151,JR飯山線,JR東日本,1,D,5,駅データ.jp
1140715,1140715,上桑名川,長野県,飯山市,飯山市,飯山市大字照岡,36.962559,138.441204,JR飯山線,JR東日本,1,D,5,駅データ.jp
1140716,1140716,桑名川,長野県,飯山市,飯山市,飯山市大字照岡,36.975882,138.458007,JR飯山線,JR東日本,1,D,5,駅データ.jp
1140717,1140717,西大滝,長野県,飯山市,飯山市,飯山市大字照岡,36.979169,138.480872,JR飯山線,JR東日本,1,D,5,駅データ.jp
1140718,1140718,信濃白鳥,長野県,,,下水内郡栄村大字豊栄,36.983591,138.50302,JR飯山線,JR東日本,1,D,5,駅データ.jp
1140719,1140719,平滝,長野県,,,下水内郡栄村大字豊栄,36.986041,138.533723,JR飯山線,JR東日本,1,D,5,駅データ.jp
1140720,1140720,横倉,長野県,,,下水内郡栄村大字北信,36.979875,138.55031,JR飯山線,JR東日本,1,D,5,駅データ.jp
1140721,1140721,森宮野原,長野県,,,下水内郡栄村大字北信,36.989447,138.57733,JR飯山線,JR東日本,1,D,5,駅データ.jp
1140722,1140722,足滝,新潟県,,,中魚沼郡津南町大字上郷寺石,36.998958,138.603625,JR飯山線,JR東日本,1,D,5,駅データ.jp
1140723,1140723,越後田中,新潟県,,,中魚沼郡津南町大字上郷上田,37.005316,138.627058,JR飯山線,JR東日本,1,D,5,駅データ.jp
1140724,1140724,津南,新潟県,,,中魚沼郡津南町大字外丸,37.023503,138.639326,JR飯山線,JR東日本,1,D,5,駅データ.jp
1140725,1140725,越後鹿渡,新潟県,,,中魚沼郡津南町字三箇,37.048054,138.671592,JR飯山線,JR東日本,1,D,5,駅データ.jp
1140726,1140726,越後田沢,新潟県,十日町市,十日町市,十日町市田中,37.055387,138.694731,JR飯山線,JR東日本,1,D,5,駅データ.jp
1140727,1140727,越後水沢,新潟県,十日町市,十日町市,十日町市大字馬場,37.074324,138.718056,JR飯山線,JR東日本,1,D,5,駅データ.jp
1140728,1140728,土市,新潟県,十日町市,十日町市,十日町市大字新宮,37.097457,138.72951,JR飯山線,JR東日本,1,D,5,駅データ.jp
1140729,1140729,十日町,新潟県,十日町市,十日町市,十日町市丑,37.134562,138.756188,JR飯山線|北越急行ほくほく線,JR東日本|北越急行,2,C,23,駅データ.jp
1140730,1140730,魚沼中条,新潟県,十日町市,十日町市,十日町市大字中条旭町,37.159467,138.772491,JR飯山線,JR東日本,1,D,5,駅データ.jp
1140731,1140731,下条,新潟県,十日町市,十日町市,十日町市下条４丁目,37.198324,138.779989,JR飯山線,JR東日本,1,D,5,駅データ.jp
1140732,1140732,越後岩沢,新潟県,小千谷市,小千谷市,小千谷市大字岩沢,37.240753,138.797097,JR飯山線,JR東日本,1,D,5,駅データ.jp
1140733,1140733,内ケ巻,新潟県,小千谷市,小千谷市,新潟県小千谷市大字川井,37.250008,138.851833,JR飯山線,JR東日本,1,D,5,駅データ.jp
1140802,1140802,東柏崎,新潟県,柏崎市,柏崎市,柏崎市小倉町,37.373867,138.565802,JR越後線,JR東日本,1,D,13,駅データ.jp
1140803,1140803,西中通,新潟県,柏崎市,柏崎市,柏崎市大字山本,37.392456,138.592651,JR越後線,JR東日本,1,D,5,駅データ.jp
1140804,1140804,荒浜,新潟県,,,刈羽郡刈羽村字正明寺,37.404699,138.601752,JR越後線,JR東日本,1,D,5,駅データ.jp
1140805,1140805,刈羽,新潟県,,,刈羽郡刈羽村大字刈羽,37.430047,138.61955,JR越後線,JR東日本,1,D,5,駅データ.jp
1140806,1140806,西山,新潟県,柏崎市,柏崎市,柏崎市西山町和田,37.448375,138.64177,JR越後線,JR東日本,1,D,5,駅データ.jp
1140807,1140807,礼拝,新潟県,柏崎市,柏崎市,柏崎市西山町礼拝,37.459221,138.66392,JR越後線,JR東日本,1,D,5,駅データ.jp
1140808,1140808,石地,新潟県,柏崎市,柏崎市,柏崎市西山町別山,37.484132,138.688101,JR越後線,JR東日本,1,D,5,駅データ.jp
1140809,1140809,小木ノ城,新潟県,,,三島郡出雲崎町大字小柿,37.515431,138.70402,JR越後線,JR東日本,1,D,5,駅データ.jp
1140810,1140810,出雲崎,新潟県,,,三島郡出雲崎町大字大門字滝谷林,37.531857,138.716291,JR越後線,JR東日本,1,D,5,駅データ.jp
1140811,1140811,妙法寺,新潟県,長岡市,長岡市,長岡市村田,37.566405,138.742037,JR越後線,JR東日本,1,D,5,駅データ.jp
1140812,1140812,小島谷,新潟県,長岡市,長岡市,長岡市小島谷,37.57455,138.771225,JR越後線,JR東日本,1,D,5,駅データ.jp
1140813,1140813,桐原,新潟県,長岡市,長岡市,長岡市寺泊五分一,37.601553,138.792279,JR越後線,JR東日本,1,D,5,駅データ.jp
1140814,1140814,寺泊,新潟県,長岡市,長岡市,長岡市寺泊竹森,37.620349,138.814519,JR越後線,JR東日本,1,D,5,駅データ.jp
1140815,1140815,分水,新潟県,燕市,燕市,燕市大武新田,37.629032,138.839038,JR越後線,JR東日本,1,D,5,駅データ.jp
1140816,1140816,粟生津,新潟県,燕市,燕市,燕市下粟生津,37.653988,138.873484,JR越後線,JR東日本,1,D,5,駅データ.jp
1140817,1140817,南吉田,新潟県,燕市,燕市,燕市吉田西太田,37.671999,138.870984,JR越後線,JR東日本,1,D,5,駅データ.jp
1140818,1140818,吉田,新潟県,燕市,燕市,燕市吉田,37.687111,138.878377,JR弥彦線|JR越後線,JR東日本,2,D,15,駅データ.jp
1140819,1140819,北吉田,新潟県,燕市,燕市,燕市吉田宮小路,37.702037,138.882209,JR越後線,JR東日本,1,D,5,駅データ.jp
1140820,1140820,岩室,新潟県,新潟市,新潟市西蒲区,新潟市西蒲区和納,37.721382,138.879881,JR越後線,JR東日本,1,D,5,駅データ.jp
1140821,1140821,巻,新潟県,新潟市,新潟市西蒲区,新潟市西蒲区巻甲,37.756753,138.889506,JR越後線,JR東日本,1,D,5,駅データ.jp
1140822,1140822,越後曽根,新潟県,新潟市,新潟市西蒲区,新潟市西蒲区川崎,37.793544,138.911094,JR越後線,JR東日本,1,D,5,駅データ.jp
1140823,1140823,越後赤塚,新潟県,新潟市,新潟市西区,新潟市西区赤塚,37.816008,138.908201,JR越後線,JR東日本,1,D,5,駅データ.jp
1140824,1140824,内野西が丘,新潟県,新潟市,新潟市西区,新潟市西区内野崎山,37.846355,138.926647,JR越後線,JR東日本,1,D,5,駅データ.jp
1140825,1140825,内野,新潟県,新潟市,新潟市西区,新潟市西区内野町,37.85824,138.936615,JR越後線,JR東日本,1,D,5,駅データ.jp
1140826,1140826,新潟大学前,新潟県,新潟市,新潟市西区,新潟市西区坂井砂山４丁目,37.869178,138.95442,JR越後線,JR東日本,1,D,5,駅データ.jp
1140827,1140827,寺尾,新潟県,新潟市,新潟市西区,新潟市西区寺尾上,37.879106,138.973742,JR越後線,JR東日本,1,D,5,駅データ.jp
1140828,1140828,小針,新潟県,新潟市,新潟市西区,新潟市西区小針南台,37.889591,138.991359,JR越後線,JR東日本,1,D,5,駅データ.jp
1140829,1140829,青山,新潟県,新潟市,新潟市西区,新潟市西区浦山１丁目,37.898546,139.000813,JR越後線,JR東日本,1,D,5,駅データ.jp
1140830,1140830,関屋,新潟県,新潟市,新潟市中央区,新潟市中央区関屋大川前２丁目,37.906015,139.015087,JR越後線,JR東日本,1,D,5,駅データ.jp
1140831,1140831,白山,新潟県,新潟市,新潟市中央区,新潟市中央区白山浦２丁目,37.911829,139.029955,JR越後線,JR東日本,1,D,5,駅データ.jp
1140833,1140833,上所,新潟県,新潟市,新潟市中央区,新潟市中央区下所島1丁目830-3,37.907061,139.045205,JR越後線,JR東日本,1,D,5,駅データ.jp
1140901,1140901,松本,長野県,松本市,松本市,松本市深志１丁目,36.230622,137.964249,JR篠ノ井線|上高地線|北アルプス線,JR東日本|アルピコ交通,3,C,32,駅データ.jp
1140902,1140902,北松本,長野県,松本市,松本市,松本市白坂１丁目,36.236971,137.960983,北アルプス線,JR東日本,1,D,13,駅データ.jp
1140903,1140903,島内,長野県,松本市,松本市,松本市大字島内青島４５８７,36.246991,137.944817,北アルプス線,JR東日本,1,D,5,駅データ.jp
1140904,1140904,島高松,長野県,松本市,松本市,松本市大字島内,36.246322,137.931576,北アルプス線,JR東日本,1,D,5,駅データ.jp
1140905,1140905,梓橋,長野県,安曇野市,安曇野市,安曇野市豊科高家,36.250162,137.918027,北アルプス線,JR東日本,1,D,5,駅データ.jp
1140906,1140906,一日市場,長野県,安曇野市,安曇野市,安曇野市三郷明盛,36.2596,137.904136,北アルプス線,JR東日本,1,D,5,駅データ.jp
1140907,1140907,中萱,長野県,安曇野市,安曇野市,安曇野市三郷明盛,36.273434,137.903353,北アルプス線,JR東日本,1,D,5,駅データ.jp
1140908,1140908,南豊科,長野県,安曇野市,安曇野市,安曇野市豊科,36.291124,137.903457,北アルプス線,JR東日本,1,D,5,駅データ.jp
1140909,1140909,豊科,長野県,安曇野市,安曇野市,安曇野市豊科,36.299957,137.900896,北アルプス線,JR東日本,1,D,5,駅データ.jp
1140910,1140910,柏矢町,長野県,安曇野市,安曇野市,安曇野市穂高柏原,36.322529,137.888349,北アルプス線,JR東日本,1,D,5,駅データ.jp
1140911,1140911,穂高,長野県,安曇野市,安曇野市,安曇野市穂高,36.33906,137.881869,北アルプス線,JR東日本,1,D,5,駅データ.jp
1140912,1140912,有明,長野県,安曇野市,安曇野市,安曇野市穂高北穂高,36.359949,137.878236,北アルプス線,JR東日本,1,D,5,駅データ.jp
1140913,1140913,安曇追分,長野県,安曇野市,安曇野市,安曇野市穂高北穂高,36.371795,137.872736,北アルプス線,JR東日本,1,D,5,駅データ.jp
1140914,1140914,細野,長野県,,,北安曇郡松川村細野,36.397107,137.865722,北アルプス線,JR東日本,1,D,5,駅データ.jp
1140915,1140915,北細野,長野県,,,北安曇郡松川村細野,36.406439,137.862725,北アルプス線,JR東日本,1,D,5,駅データ.jp
1140916,1140916,信濃松川,長野県,,,北安曇郡松川村赤芝,36.424456,137.858631,北アルプス線,JR東日本,1,D,5,駅データ.jp
1140917,1140917,安曇沓掛,長野県,大町市,大町市大字常盤区,大町市大字常盤区須沼,36.447795,137.854784,北アルプス線,JR東日本,1,D,5,駅データ.jp
1140918,1140918,信濃常盤,長野県,大町市,大町市大字常盤区,大町市大字常盤区下一本木,36.467403,137.847148,北アルプス線,JR東日本,1,D,5,駅データ.jp
1140919,1140919,南大町,長野県,大町市,大町市,大町市大町字大新田,36.491536,137.856269,北アルプス線,JR東日本,1,D,13,駅データ.jp
1140920,1140920,信濃大町,長野県,大町市,大町市,大町市大字大町,36.50031,137.861674,北アルプス線,JR東日本,1,D,13,駅データ.jp
1140921,1140921,北大町,長野県,大町市,大町市,大町市大字大町字荒沢,36.517558,137.857913,北アルプス線,JR東日本,1,D,13,駅データ.jp
1140922,1140922,信濃木崎,長野県,大町市,大町市,大町市大字平字木崎,36.535643,137.846189,北アルプス線,JR東日本,1,D,5,駅データ.jp
1140923,1140923,稲尾,長野県,大町市,大町市,大町市大字平字道下,36.554058,137.842575,北アルプス線,JR東日本,1,D,5,駅データ.jp
1140924,1140924,海ノ口,長野県,大町市,大町市,大町市大字平字下海道,36.565652,137.841824,北アルプス線,JR東日本,1,D,5,駅データ.jp
1140925,1140925,簗場,長野県,大町市,大町市,大町市大字平,36.594666,137.844724,北アルプス線,JR東日本,1,D,5,駅データ.jp
1140927,1140927,南神城,長野県,,,北安曇郡白馬村大字神城,36.637105,137.841551,北アルプス線,JR東日本,1,D,5,駅データ.jp
1140928,1140928,神城,長野県,,,北安曇郡白馬村大字神城,36.658287,137.846586,北アルプス線,JR東日本,1,D,5,駅データ.jp
1140929,1140929,飯森,長野県,,,北安曇郡白馬村大字神城字飯森,36.670563,137.85006,北アルプス線,JR東日本,1,D,5,駅データ.jp
1140930,1140930,白馬,長野県,,,北安曇郡白馬村大字北城四ツ谷,36.695922,137.863819,北アルプス線,JR東日本,1,D,5,駅データ.jp
1140931,1140931,信濃森上,長野県,,,北安曇郡白馬村大字北城,36.711132,137.871991,北アルプス線,JR東日本,1,D,5,駅データ.jp
1140932,1140932,白馬大池,長野県,,,北安曇郡小谷村大字千国,36.739918,137.885531,北アルプス線,JR東日本,1,D,5,駅データ.jp
1140933,1140933,千国,長野県,,,北安曇郡小谷村大字千国,36.763249,137.900895,北アルプス線,JR東日本,1,D,5,駅データ.jp
1140934,1140934,南小谷,長野県,,,北安曇郡小谷村大字千国,36.774604,137.908372,北アルプス線,JR東日本,1,D,5,駅データ.jp
1140935,1140935,中土,長野県,,,北安曇郡小谷村大字中小谷池原下,36.80558,137.907879,北アルプス線,JR東日本,1,D,5,駅データ.jp
1140936,1140936,北小谷,長野県,,,北安曇郡小谷村大字北小谷,36.842567,137.906451,北アルプス線,JR東日本,1,D,5,駅データ.jp
1140937,1140937,平岩,新潟県,糸魚川市,糸魚川市,糸魚川市大字大所字平岩,36.88688,137.86561,北アルプス線,JR東日本,1,D,5,駅データ.jp
1140938,1140938,小滝,新潟県,糸魚川市,糸魚川市,糸魚川市大字小滝,36.938155,137.85945,北アルプス線,JR東日本,1,D,5,駅データ.jp
1140939,1140939,根知,新潟県,糸魚川市,糸魚川市,糸魚川市大字根小屋,36.966683,137.86711,北アルプス線,JR東日本,1,D,5,駅データ.jp
1140940,1140940,頸城大野,新潟県,糸魚川市,糸魚川市,糸魚川市大字大野,37.006124,137.872447,北アルプス線,JR東日本,1,D,5,駅データ.jp
1140941,1140941,姫川,新潟県,糸魚川市,糸魚川市,糸魚川市大字大野,37.020339,137.860914,北アルプス線,JR東日本,1,D,5,駅データ.jp
1141001,1141001,弥彦,新潟県,,,西蒲原郡弥彦村大字弥彦,37.699161,138.831761,JR弥彦線,JR東日本,1,D,5,駅データ.jp
1141002,1141002,矢作,新潟県,,,西蒲原郡弥彦村大字矢作,37.690649,138.851669,JR弥彦線,JR東日本,1,D,5,駅データ.jp
1141004,1141004,西燕,新潟県,燕市,燕市,燕市大字東太田字花見,37.679819,138.909232,JR弥彦線,JR東日本,1,D,13,駅データ.jp
1141005,1141005,燕,新潟県,燕市,燕市,燕市本町２丁目,37.667613,138.928419,JR弥彦線,JR東日本,1,D,13,駅データ.jp
1141006,1141006,燕三条,新潟県,三条市,三条市,三条市下須頃,37.648824,138.939274,JR弥彦線,JR東日本,1,D,13,駅データ.jp
1141007,1141007,北三条,新潟県,三条市,三条市,三条市元町,37.632702,138.956006,JR弥彦線,JR東日本,1,D,13,駅データ.jp
1141101,1141101,名古屋,愛知県,名古屋市,名古屋市中村区,名古屋市中村区名駅１丁目４番,35.169977,136.883022,JR中央本線(名古屋～塩尻)|JR東海道本線(浜松～岐阜)|JR関西本線(名古屋～亀山)|あおなみ線|名古屋市営地下鉄東山線|名古屋市営地下鉄桜通線|名鉄名古屋本線|名鉄常滑線|名鉄犬山線|近鉄名古屋線,JR東海|名古屋市交通局|名古屋臨海高速鉄道|名古屋鉄道|近畿日本鉄道,10,S,80,駅データ.jp
1141102,1141102,金山,愛知県,名古屋市,名古屋市中区,名古屋市中区金山一丁目17-18,35.143172,136.901182,JR中央本線(名古屋～塩尻)|JR東海道本線(浜松～岐阜)|名古屋市営地下鉄名城線|名古屋市営地下鉄名港線|名鉄名古屋本線|名鉄常滑線,JR東海|名古屋市交通局|名古屋鉄道,6,A,60,駅データ.jp
1141103,1141103,鶴舞,愛知県,名古屋市,名古屋市中区,名古屋市中区千代田町５丁目,35.156188,136.917093,JR中央本線(名古屋～塩尻)|名古屋市営地下鉄鶴舞線,JR東海|名古屋市交通局,2,D,15,駅データ.jp
1141104,1141104,千種,愛知県,名古屋市,名古屋市千種区,名古屋市千種区内山町３丁目,35.170396,136.930533,JR中央本線(名古屋～塩尻)|名古屋市営地下鉄東山線,JR東海|名古屋市交通局,2,D,15,駅データ.jp
1141105,1141105,大曽根,愛知県,名古屋市,名古屋市東区,名古屋市東区東大曽根町,35.191716,136.937178,JR中央本線(名古屋～塩尻)|ゆとりーとライン|名古屋市営地下鉄名城線|名鉄瀬戸線,JR東海|名古屋ガイドウェイバス|名古屋市交通局|名古屋鉄道,4,C,30,駅データ.jp
1141106,1141106,新守山,愛知県,名古屋市,名古屋市守山区,名古屋市守山区新守町２６８,35.207283,136.951207,JR中央本線(名古屋～塩尻),JR東海,1,D,5,駅データ.jp
1141107,1141107,勝川,愛知県,春日井市,春日井市,春日井市松新町６丁目,35.22882,136.95451,JR中央本線(名古屋～塩尻)|東海交通事業城北線,JR東海|東海交通事業,2,D,15,駅データ.jp
1141108,1141108,春日井,愛知県,春日井市,春日井市,愛知県春日井市上条町一丁目5162,35.243139,136.985307,JR中央本線(名古屋～塩尻),JR東海,1,D,13,駅データ.jp
1141109,1141109,神領,愛知県,春日井市,春日井市,春日井市神領町字向拝,35.256234,137.010006,JR中央本線(名古屋～塩尻),JR東海,1,D,5,駅データ.jp
1141110,1141110,高蔵寺,愛知県,春日井市,春日井市,春日井市高蔵寺町３丁目,35.26434,137.043766,JR中央本線(名古屋～塩尻)|愛知環状鉄道線,JR東海|愛知環状鉄道,2,D,15,駅データ.jp
1141111,1141111,定光寺,愛知県,春日井市,春日井市,春日井市玉野町,35.278015,137.080981,JR中央本線(名古屋～塩尻),JR東海,1,D,5,駅データ.jp
1141112,1141112,古虎渓,岐阜県,多治見市,多治見市,多治見市諏訪町神田,35.302955,137.101011,JR中央本線(名古屋～塩尻),JR東海,1,D,5,駅データ.jp
1141113,1141113,多治見,岐阜県,多治見市,多治見市,多治見市音羽町２丁目,35.334774,137.120294,JR中央本線(名古屋～塩尻)|JR太多線,JR東海,2,C,23,駅データ.jp
1141114,1141114,土岐市,岐阜県,土岐市,土岐市,土岐市泉町久尻,35.359708,137.182082,JR中央本線(名古屋～塩尻),JR東海,1,D,13,駅データ.jp
1141115,1141115,瑞浪,岐阜県,瑞浪市,瑞浪市,瑞浪市寺河戸町,35.369081,137.252017,JR中央本線(名古屋～塩尻),JR東海,1,D,13,駅データ.jp
1141116,1141116,釜戸,岐阜県,瑞浪市,瑞浪市,瑞浪市釜戸町東大島,35.411103,137.30501,JR中央本線(名古屋～塩尻),JR東海,1,D,5,駅データ.jp
1141117,1141117,武並,岐阜県,恵那市,恵那市,恵那市武並町竹折,35.437938,137.35417,JR中央本線(名古屋～塩尻),JR東海,1,D,5,駅データ.jp
1141118,1141118,恵那,岐阜県,恵那市,恵那市,恵那市大井町神ノ木,35.455188,137.408114,JR中央本線(名古屋～塩尻)|明知鉄道明知線,JR東海|明知鉄道,2,C,23,駅データ.jp
1141119,1141119,美乃坂本,岐阜県,中津川市,中津川市,中津川市千旦林,35.479286,137.450364,JR中央本線(名古屋～塩尻),JR東海,1,D,5,駅データ.jp
1141120,1141120,中津川,岐阜県,中津川市,中津川市,中津川市太田町２丁目,35.50036,137.502867,JR中央本線(名古屋～塩尻),JR東海,1,D,13,駅データ.jp
1141121,1141121,落合川,岐阜県,中津川市,中津川市,中津川市落合,35.525116,137.530034,JR中央本線(名古屋～塩尻),JR東海,1,D,5,駅データ.jp
1141122,1141122,坂下,岐阜県,中津川市,中津川市,中津川市坂下,35.574218,137.531094,JR中央本線(名古屋～塩尻),JR東海,1,D,5,駅データ.jp
1141123,1141123,田立,長野県,,,木曽郡南木曽町大字田立,35.588281,137.54893,JR中央本線(名古屋～塩尻),JR東海,1,D,5,駅データ.jp
1141124,1141124,南木曽,長野県,,,木曽郡南木曽町大字読書,35.598896,137.608672,JR中央本線(名古屋～塩尻),JR東海,1,D,5,駅データ.jp
1141125,1141125,十二兼,長野県,,,木曽郡南木曽町大字読書,35.645418,137.617569,JR中央本線(名古屋～塩尻),JR東海,1,D,5,駅データ.jp
1141126,1141126,野尻,長野県,,,木曽郡大桑村大字野尻,35.673042,137.636152,JR中央本線(名古屋～塩尻),JR東海,1,D,5,駅データ.jp
1141127,1141127,大桑,長野県,,,木曽郡大桑村長野,35.684477,137.664224,JR中央本線(名古屋～塩尻),JR東海,1,D,5,駅データ.jp
1141128,1141128,須原,長野県,,,木曽郡大桑村字須原,35.69769,137.694844,JR中央本線(名古屋～塩尻),JR東海,1,D,5,駅データ.jp
1141129,1141129,倉本,長野県,,,木曽郡上松町大字荻原,35.732939,137.714338,JR中央本線(名古屋～塩尻),JR東海,1,D,5,駅データ.jp
1141130,1141130,上松,長野県,,,木曽郡上松町駅前通り,35.784068,137.693283,JR中央本線(名古屋～塩尻),JR東海,1,D,5,駅データ.jp
1141131,1141131,木曽福島,長野県,,,木曽郡木曽町福島２０３２,35.843669,137.69343,JR中央本線(名古屋～塩尻),JR東海,1,D,5,駅データ.jp
1141132,1141132,原野,長野県,,,木曽郡木曽町日義,35.871245,137.741536,JR中央本線(名古屋～塩尻),JR東海,1,D,5,駅データ.jp
1141133,1141133,宮ノ越,長野県,,,木曽郡木曽町日義,35.888337,137.763794,JR中央本線(名古屋～塩尻),JR東海,1,D,5,駅データ.jp
1141134,1141134,藪原,長野県,,,木曽郡木祖村薮原,35.930152,137.784368,JR中央本線(名古屋～塩尻),JR東海,1,D,5,駅データ.jp
1141135,1141135,奈良井,長野県,塩尻市,塩尻市,塩尻市奈良井,35.969476,137.816195,JR中央本線(名古屋～塩尻),JR東海,1,D,5,駅データ.jp
1141136,1141136,木曽平沢,長野県,塩尻市,塩尻市,塩尻市木曽平沢,35.979108,137.832613,JR中央本線(名古屋～塩尻),JR東海,1,D,5,駅データ.jp
1141137,1141137,贄川,長野県,塩尻市,塩尻市,塩尻市贄川,36.014008,137.86091,JR中央本線(名古屋～塩尻),JR東海,1,D,5,駅データ.jp
1141138,1141138,日出塩,長野県,塩尻市,塩尻市,塩尻市大字宗賀字日出塩,36.049004,137.894804,JR中央本線(名古屋～塩尻),JR東海,1,D,5,駅データ.jp
1141139,1141139,洗馬,長野県,塩尻市,塩尻市,塩尻市大字宗賀,36.087164,137.916842,JR中央本線(名古屋～塩尻),JR東海,1,D,5,駅データ.jp
1141202,1141202,広丘,長野県,塩尻市,塩尻市,塩尻市大字広丘野村,36.148032,137.949578,JR篠ノ井線,JR東日本,1,D,5,駅データ.jp
1141203,1141203,村井,長野県,松本市,松本市,長野県松本市村井町南一丁目36-14,36.174226,137.956007,JR篠ノ井線,JR東日本,1,D,5,駅データ.jp
1141204,1141204,南松本,長野県,松本市,松本市,松本市出川町,36.210447,137.969505,JR篠ノ井線,JR東日本,1,D,13,駅データ.jp
1141206,1141206,田沢,長野県,安曇野市,安曇野市,安曇野市豊科田沢,36.301583,137.941029,JR篠ノ井線,JR東日本,1,D,5,駅データ.jp
1141207,1141207,明科,長野県,安曇野市,安曇野市,安曇野市明科中川手,36.353948,137.929967,JR篠ノ井線,JR東日本,1,D,5,駅データ.jp
1141208,1141208,西条,長野県,,,東筑摩郡筑北村西条,36.400353,138.012377,JR篠ノ井線,JR東日本,1,D,5,駅データ.jp
1141209,1141209,坂北,長野県,,,東筑摩郡筑北村坂北,36.430663,138.015754,JR篠ノ井線,JR東日本,1,D,5,駅データ.jp
1141210,1141210,聖高原,長野県,,,東筑摩郡麻績村漆田,36.455069,138.047603,JR篠ノ井線,JR東日本,1,D,5,駅データ.jp
1141211,1141211,冠着,長野県,,,東筑摩郡筑北村坂井大野田,36.457215,138.079223,JR篠ノ井線,JR東日本,1,D,5,駅データ.jp
1141212,1141212,姨捨,長野県,千曲市,千曲市,千曲市大字八幡,36.502649,138.093388,JR篠ノ井線,JR東日本,1,D,5,駅データ.jp
1141213,1141213,稲荷山,長野県,長野市,長野市,長野市篠ノ井塩崎,36.552633,138.108061,JR篠ノ井線,JR東日本,1,D,5,駅データ.jp
1141215,1141215,平田,長野県,松本市,松本市,松本市平田西１６２番地,36.191161,137.962017,JR篠ノ井線,JR東日本,1,D,5,駅データ.jp
1141301,1141301,豊橋,愛知県,豊橋市,豊橋市,豊橋市花田町西宿,34.762871,137.382578,JR東海道本線(浜松～岐阜)|JR飯田線(豊橋～天竜峡)|名鉄名古屋本線|豊橋鉄道東田本線|豊橋鉄道渥美線,JR東海|名古屋鉄道|豊橋鉄道,5,B,53,駅データ.jp
1141302,1141302,船町,愛知県,豊橋市,豊橋市,豊橋市北島町北島,34.775809,137.374001,JR飯田線(豊橋～天竜峡),JR東海,1,D,5,駅データ.jp
1141303,1141303,下地,愛知県,豊橋市,豊橋市,豊橋市横須賀町横須賀,34.780939,137.370612,JR飯田線(豊橋～天竜峡),JR東海,1,D,5,駅データ.jp
1141304,1141304,小坂井,愛知県,豊川市,豊川市,愛知県豊川市小坂井町倉屋敷72,34.797544,137.363056,JR飯田線(豊橋～天竜峡),JR東海,1,D,5,駅データ.jp
1141305,1141305,牛久保,愛知県,豊川市,豊川市,豊川市牛久保町,34.808563,137.381671,JR飯田線(豊橋～天竜峡),JR東海,1,D,5,駅データ.jp
1141306,1141306,豊川,愛知県,豊川市,豊川市,豊川市豊川町,34.822137,137.396608,JR飯田線(豊橋～天竜峡)|名鉄豊川線,JR東海|名古屋鉄道,2,C,23,駅データ.jp
1141307,1141307,三河一宮,愛知県,豊川市,豊川市,豊川市一宮町下新切,34.847911,137.414549,JR飯田線(豊橋～天竜峡),JR東海,1,D,5,駅データ.jp
1141308,1141308,長山,愛知県,豊川市,豊川市,豊川市上長山町西水神平,34.864449,137.431458,JR飯田線(豊橋～天竜峡),JR東海,1,D,5,駅データ.jp
1141309,1141309,江島,愛知県,豊川市,豊川市,豊川市東上町丸塚,34.868029,137.441518,JR飯田線(豊橋～天竜峡),JR東海,1,D,5,駅データ.jp
1141310,1141310,東上,愛知県,豊川市,豊川市,豊川市東上町東京寺,34.876278,137.455236,JR飯田線(豊橋～天竜峡),JR東海,1,D,5,駅データ.jp
1141311,1141311,野田城,愛知県,新城市,新城市,新城市野田,34.889282,137.477861,JR飯田線(豊橋～天竜峡),JR東海,1,D,5,駅データ.jp
1141312,1141312,新城,愛知県,新城市,新城市,新城市宮ノ西,34.901112,137.49304,JR飯田線(豊橋～天竜峡),JR東海,1,D,13,駅データ.jp
1141313,1141313,東新町,愛知県,新城市,新城市,新城市平井若杉,34.906129,137.502928,JR飯田線(豊橋～天竜峡),JR東海,1,D,5,駅データ.jp
1141314,1141314,茶臼山,愛知県,新城市,新城市,新城市富永,34.910334,137.514424,JR飯田線(豊橋～天竜峡),JR東海,1,D,5,駅データ.jp
1141315,1141315,三河東郷,愛知県,新城市,新城市,新城市川路,34.912224,137.527242,JR飯田線(豊橋～天竜峡),JR東海,1,D,5,駅データ.jp
1141316,1141316,大海,愛知県,新城市,新城市,新城市大海,34.930164,137.548682,JR飯田線(豊橋～天竜峡),JR東海,1,D,5,駅データ.jp
1141317,1141317,鳥居,愛知県,新城市,新城市,新城市有海,34.920834,137.551537,JR飯田線(豊橋～天竜峡),JR東海,1,D,5,駅データ.jp
1141318,1141318,長篠城,愛知県,新城市,新城市,新城市長篠,34.92599,137.565,JR飯田線(豊橋～天竜峡),JR東海,1,D,5,駅データ.jp
1141319,1141319,本長篠,愛知県,新城市,新城市,新城市長篠,34.932664,137.576848,JR飯田線(豊橋～天竜峡),JR東海,1,D,5,駅データ.jp
1141320,1141320,三河大野,愛知県,新城市,新城市,新城市富栄,34.952038,137.602987,JR飯田線(豊橋～天竜峡),JR東海,1,D,5,駅データ.jp
1141321,1141321,湯谷温泉,愛知県,新城市,新城市,新城市豊岡,34.970516,137.613026,JR飯田線(豊橋～天竜峡),JR東海,1,D,5,駅データ.jp
1141322,1141322,三河槙原,愛知県,新城市,新城市,愛知県新城市豊岡字ドウデイ2,34.988589,137.621022,JR飯田線(豊橋～天竜峡),JR東海,1,D,5,駅データ.jp
1141323,1141323,柿平,愛知県,新城市,新城市,新城市下吉田,34.990587,137.644048,JR飯田線(豊橋～天竜峡),JR東海,1,D,5,駅データ.jp
1141324,1141324,三河川合,愛知県,新城市,新城市,新城市川合,35.001722,137.663991,JR飯田線(豊橋～天竜峡),JR東海,1,D,5,駅データ.jp
1141325,1141325,池場,愛知県,新城市,新城市,新城市池場,35.024418,137.704066,JR飯田線(豊橋～天竜峡),JR東海,1,D,5,駅データ.jp
1141326,1141326,東栄,愛知県,,,北設楽郡東栄町三輪字平栗,35.02901,137.713812,JR飯田線(豊橋～天竜峡),JR東海,1,D,5,駅データ.jp
1141327,1141327,出馬,静岡県,浜松市,浜松市天竜区,浜松市天竜区佐久間町浦川1997,35.049322,137.744276,JR飯田線(豊橋～天竜峡),JR東海,1,D,5,駅データ.jp
1141328,1141328,上市場,静岡県,浜松市,浜松市天竜区,浜松市天竜区佐久間町浦川2541,35.050202,137.752364,JR飯田線(豊橋～天竜峡),JR東海,1,D,5,駅データ.jp
1141329,1141329,浦川,静岡県,浜松市,浜松市天竜区,浜松市天竜区佐久間町浦川2820,35.056355,137.763608,JR飯田線(豊橋～天竜峡),JR東海,1,D,5,駅データ.jp
1141330,1141330,早瀬,静岡県,浜松市,浜松市天竜区,浜松市天竜区佐久間町浦川4455,35.060521,137.775126,JR飯田線(豊橋～天竜峡),JR東海,1,D,5,駅データ.jp
1141331,1141331,下川合,静岡県,浜松市,浜松市天竜区,浜松市天竜区佐久間町川合595,35.069321,137.786422,JR飯田線(豊橋～天竜峡),JR東海,1,D,5,駅データ.jp
1141332,1141332,中部天竜,静岡県,浜松市,浜松市天竜区,浜松市天竜区佐久間町半場15-3,35.085283,137.802898,JR飯田線(豊橋～天竜峡),JR東海,1,D,5,駅データ.jp
1141333,1141333,佐久間,静岡県,浜松市,浜松市天竜区,浜松市天竜区佐久間町佐久間2434,35.091877,137.809783,JR飯田線(豊橋～天竜峡),JR東海,1,D,5,駅データ.jp
1141334,1141334,相月,静岡県,浜松市,浜松市天竜区,浜松市天竜区佐久間町相月883,35.114988,137.854345,JR飯田線(豊橋～天竜峡),JR東海,1,D,5,駅データ.jp
1141335,1141335,城西,静岡県,浜松市,浜松市天竜区,浜松市天竜区佐久間町相月2105,35.131569,137.86198,JR飯田線(豊橋～天竜峡),JR東海,1,D,5,駅データ.jp
1141336,1141336,向市場,静岡県,浜松市,浜松市天竜区,浜松市天竜区水窪町地頭方230,35.154067,137.869446,JR飯田線(豊橋～天竜峡),JR東海,1,D,5,駅データ.jp
1141337,1141337,水窪,静岡県,浜松市,浜松市天竜区,浜松市天竜区水窪町地頭方973,35.163371,137.870501,JR飯田線(豊橋～天竜峡),JR東海,1,D,5,駅データ.jp
1141338,1141338,大嵐,静岡県,浜松市,浜松市天竜区,浜松市天竜区水窪町奥領家188,35.190466,137.818509,JR飯田線(豊橋～天竜峡),JR東海,1,D,5,駅データ.jp
1141339,1141339,小和田,静岡県,浜松市,浜松市天竜区,浜松市天竜区水窪町奥領家44,35.209862,137.835971,JR飯田線(豊橋～天竜峡),JR東海,1,D,5,駅データ.jp
1141340,1141340,中井侍,長野県,,,下伊那郡天龍村平岡,35.235913,137.834912,JR飯田線(豊橋～天竜峡),JR東海,1,D,5,駅データ.jp
1141341,1141341,伊那小沢,長野県,,,下伊那郡天龍村平岡,35.25406,137.834709,JR飯田線(豊橋～天竜峡),JR東海,1,D,5,駅データ.jp
1141342,1141342,鶯巣,長野県,,,下伊那郡天龍村平岡,35.267286,137.832595,JR飯田線(豊橋～天竜峡),JR東海,1,D,5,駅データ.jp
1141343,1141343,平岡,長野県,,,下伊那郡天龍村平岡,35.273652,137.853574,JR飯田線(豊橋～天竜峡),JR東海,1,D,5,駅データ.jp
1141344,1141344,為栗,長野県,,,下伊那郡天龍村平岡,35.311687,137.848503,JR飯田線(豊橋～天竜峡),JR東海,1,D,5,駅データ.jp
1141345,1141345,温田,長野県,,,下伊那郡泰阜村,35.336273,137.841294,JR飯田線(豊橋～天竜峡),JR東海,1,D,5,駅データ.jp
1141346,1141346,田本,長野県,,,下伊那郡泰阜村田本,35.348988,137.837922,JR飯田線(豊橋～天竜峡),JR東海,1,D,5,駅データ.jp
1141347,1141347,門島,長野県,,,下伊那郡泰阜村,35.375306,137.814151,JR飯田線(豊橋～天竜峡),JR東海,1,D,5,駅データ.jp
1141348,1141348,唐笠,長野県,,,下伊那郡泰阜村,35.402338,137.810254,JR飯田線(豊橋～天竜峡),JR東海,1,D,5,駅データ.jp
1141349,1141349,金野,長野県,飯田市,飯田市,飯田市千栄,35.419128,137.817149,JR飯田線(豊橋～天竜峡),JR東海,1,D,5,駅データ.jp
1141350,1141350,千代,長野県,飯田市,飯田市,飯田市千栄,35.428949,137.816754,JR飯田線(豊橋～天竜峡),JR東海,1,D,5,駅データ.jp
1141351,1141351,天竜峡,長野県,飯田市,飯田市,飯田市川路,35.441114,137.81732,JR飯田線(天竜峡～辰野)|JR飯田線(豊橋～天竜峡),JR東海,2,D,15,駅データ.jp
1141402,1141402,川路,長野県,飯田市,飯田市,飯田市川路,35.452946,137.815564,JR飯田線(天竜峡～辰野),JR東海,1,D,5,駅データ.jp
1141403,1141403,時又,長野県,飯田市,飯田市,飯田市時又,35.46402,137.82776,JR飯田線(天竜峡～辰野),JR東海,1,D,5,駅データ.jp
1141404,1141404,駄科,長野県,飯田市,飯田市,飯田市駄科,35.4754,137.839625,JR飯田線(天竜峡～辰野),JR東海,1,D,5,駅データ.jp
1141405,1141405,毛賀,長野県,飯田市,飯田市,飯田市毛賀,35.487445,137.839332,JR飯田線(天竜峡～辰野),JR東海,1,D,5,駅データ.jp
1141406,1141406,伊那八幡,長野県,飯田市,飯田市,飯田市松尾,35.49683,137.84154,JR飯田線(天竜峡～辰野),JR東海,1,D,5,駅データ.jp
1141407,1141407,下山村,長野県,飯田市,飯田市,飯田市鼎下山,35.50426,137.83959,JR飯田線(天竜峡～辰野),JR東海,1,D,5,駅データ.jp
1141408,1141408,鼎,長野県,飯田市,飯田市,飯田市鼎中平,35.506726,137.828383,JR飯田線(天竜峡～辰野),JR東海,1,D,5,駅データ.jp
1141409,1141409,切石,長野県,飯田市,飯田市,飯田市鼎切石,35.512339,137.809098,JR飯田線(天竜峡～辰野),JR東海,1,D,5,駅データ.jp
1141410,1141410,飯田,長野県,飯田市,飯田市,飯田市上飯田,35.519544,137.821244,JR飯田線(天竜峡～辰野),JR東海,1,D,13,駅データ.jp
1141411,1141411,桜町,長野県,飯田市,飯田市,飯田市桜町２丁目,35.522147,137.829601,JR飯田線(天竜峡～辰野),JR東海,1,D,5,駅データ.jp
1141412,1141412,伊那上郷,長野県,飯田市,飯田市,飯田市上郷黒田,35.520164,137.838984,JR飯田線(天竜峡～辰野),JR東海,1,D,5,駅データ.jp
1141413,1141413,元善光寺,長野県,飯田市,飯田市,飯田市座光寺,35.533843,137.861375,JR飯田線(天竜峡～辰野),JR東海,1,D,5,駅データ.jp
1141414,1141414,下市田,長野県,下伊那郡高森町下市,下伊那郡高森町下市,下伊那郡高森町下市田,35.544165,137.87641,JR飯田線(天竜峡～辰野),JR東海,1,D,5,駅データ.jp
1141415,1141415,市田,長野県,下伊那郡高森町下市,下伊那郡高森町下市,下伊那郡高森町下市田,35.549325,137.886578,JR飯田線(天竜峡～辰野),JR東海,1,D,5,駅データ.jp
1141416,1141416,下平,長野県,,,下伊那郡高森町山吹,35.572597,137.895922,JR飯田線(天竜峡～辰野),JR東海,1,D,5,駅データ.jp
1141417,1141417,山吹,長野県,,,下伊那郡高森町山吹,35.577758,137.903282,JR飯田線(天竜峡～辰野),JR東海,1,D,5,駅データ.jp
1141418,1141418,伊那大島,長野県,,,下伊那郡松川町元大島,35.595698,137.913222,JR飯田線(天竜峡～辰野),JR東海,1,D,5,駅データ.jp
1141419,1141419,上片桐,長野県,,,下伊那郡松川町上片桐,35.617583,137.904064,JR飯田線(天竜峡～辰野),JR東海,1,D,5,駅データ.jp
1141420,1141420,伊那田島,長野県,,,上伊那郡中川村片桐,35.627221,137.910338,JR飯田線(天竜峡～辰野),JR東海,1,D,5,駅データ.jp
1141421,1141421,高遠原,長野県,,,上伊那郡飯島町七久保,35.644693,137.90055,JR飯田線(天竜峡～辰野),JR東海,1,D,5,駅データ.jp
1141422,1141422,七久保,長野県,,,上伊那郡飯島町七久保,35.654645,137.911346,JR飯田線(天竜峡～辰野),JR東海,1,D,5,駅データ.jp
1141423,1141423,伊那本郷,長野県,,,上伊那郡飯島町本郷,35.66543,137.93248,JR飯田線(天竜峡～辰野),JR東海,1,D,5,駅データ.jp
1141424,1141424,飯島,長野県,,,上伊那郡飯島町飯島,35.677571,137.929004,JR飯田線(天竜峡～辰野),JR東海,1,D,5,駅データ.jp
1141425,1141425,田切,長野県,,,上伊那郡飯島町田切,35.695613,137.933092,JR飯田線(天竜峡～辰野),JR東海,1,D,5,駅データ.jp
1141426,1141426,伊那福岡,長野県,駒ヶ根市,駒ヶ根市,駒ヶ根市赤穂,35.712233,137.93398,JR飯田線(天竜峡～辰野),JR東海,1,D,5,駅データ.jp
1141427,1141427,小町屋,長野県,駒ヶ根市,駒ヶ根市,駒ヶ根市赤穂,35.726781,137.935207,JR飯田線(天竜峡～辰野),JR東海,1,D,5,駅データ.jp
1141428,1141428,駒ケ根,長野県,駒ヶ根市,駒ヶ根市,長野県駒ヶ根市東町1-1,35.736219,137.936862,JR飯田線(天竜峡～辰野),JR東海,1,D,5,駅データ.jp
1141429,1141429,大田切,長野県,駒ヶ根市,駒ヶ根市,駒ヶ根市赤穂,35.748162,137.940159,JR飯田線(天竜峡～辰野),JR東海,1,D,5,駅データ.jp
1141430,1141430,宮田,長野県,,,上伊那郡宮田村,35.76726,137.938897,JR飯田線(天竜峡～辰野),JR東海,1,D,5,駅データ.jp
1141431,1141431,赤木,長野県,伊那市,伊那市,伊那市西春近,35.777887,137.943943,JR飯田線(天竜峡～辰野),JR東海,1,D,5,駅データ.jp
1141432,1141432,沢渡,長野県,伊那市,伊那市,伊那市西春近,35.803681,137.944035,JR飯田線(天竜峡～辰野),JR東海,1,D,5,駅データ.jp
1141433,1141433,下島,長野県,伊那市,伊那市西春近小出島区,長野県伊那市西春近小出島区,35.812706,137.940055,JR飯田線(天竜峡～辰野),JR東海,1,D,5,駅データ.jp
1141434,1141434,伊那市,長野県,伊那市,伊那市,伊那市伊那,35.838435,137.959196,JR飯田線(天竜峡～辰野),JR東海,1,D,13,駅データ.jp
1141435,1141435,伊那北,長野県,伊那市,伊那市,伊那市伊那,35.84524,137.964368,JR飯田線(天竜峡～辰野),JR東海,1,D,13,駅データ.jp
1141436,1141436,田畑,長野県,,,上伊那郡南箕輪村松ノ木,35.860791,137.97781,JR飯田線(天竜峡～辰野),JR東海,1,D,5,駅データ.jp
1141437,1141437,北殿,長野県,,,上伊那郡南箕輪村,35.879377,137.984059,JR飯田線(天竜峡～辰野),JR東海,1,D,5,駅データ.jp
1141438,1141438,木ノ下,長野県,,,上伊那郡箕輪町中箕輪,35.900892,137.988022,JR飯田線(天竜峡～辰野),JR東海,1,D,5,駅データ.jp
1141439,1141439,伊那松島,長野県,,,上伊那郡箕輪町中箕輪,35.913865,137.988647,JR飯田線(天竜峡～辰野),JR東海,1,D,5,駅データ.jp
1141440,1141440,沢,長野県,,,上伊那郡箕輪町中箕輪,35.936385,137.985477,JR飯田線(天竜峡～辰野),JR東海,1,D,5,駅データ.jp
1141441,1141441,羽場,長野県,,,上伊那郡辰野町伊那富,35.953094,137.985126,JR飯田線(天竜峡～辰野),JR東海,1,D,5,駅データ.jp
1141442,1141442,伊那新町,長野県,,,上伊那郡辰野町伊那富,35.9688,137.984056,JR飯田線(天竜峡～辰野),JR東海,1,D,5,駅データ.jp
1141443,1141443,宮木,長野県,,,上伊那郡辰野町伊那富,35.976247,137.990509,JR飯田線(天竜峡～辰野),JR東海,1,D,5,駅データ.jp
1141501,1141501,米原,滋賀県,米原市,米原市,米原市米原,35.314637,136.290268,JR北陸本線(米原～敦賀)|JR東海道本線(岐阜～美濃赤坂・米原)|琵琶湖線|近江鉄道本線,JR東海|JR西日本|近江鉄道,4,B,48,駅データ.jp
1141502,1141502,坂田,滋賀県,米原市,米原市,米原市宇賀野,35.335777,136.287743,JR北陸本線(米原～敦賀),JR西日本,1,D,5,駅データ.jp
1141503,1141503,田村,滋賀県,長浜市,長浜市,長浜市田村町,35.356307,136.281813,JR北陸本線(米原～敦賀),JR西日本,1,D,5,駅データ.jp
1141504,1141504,長浜,滋賀県,長浜市,長浜市,長浜市北船町,35.378828,136.264901,JR北陸本線(米原～敦賀),JR西日本,1,D,13,駅データ.jp
1141505,1141505,虎姫,滋賀県,長浜市,長浜市,滋賀県長浜市大寺町細田1043,35.424539,136.257385,JR北陸本線(米原～敦賀),JR西日本,1,D,5,駅データ.jp
1141506,1141506,河毛,滋賀県,長浜市,長浜市,滋賀県長浜市湖北町山脇560,35.448425,136.249519,JR北陸本線(米原～敦賀),JR西日本,1,D,5,駅データ.jp
1141507,1141507,高月,滋賀県,長浜市,長浜市,滋賀県長浜市高月町落川33-26,35.470337,136.237716,JR北陸本線(米原～敦賀),JR西日本,1,D,5,駅データ.jp
1141508,1141508,木ノ本,滋賀県,長浜市,長浜市,滋賀県長浜市木之本町木之本1543,35.505933,136.221706,JR北陸本線(米原～敦賀),JR西日本,1,D,5,駅データ.jp
1141509,1141509,余呉,滋賀県,長浜市,長浜市,滋賀県長浜市余呉町下余呉1727,35.53382,136.197591,JR北陸本線(米原～敦賀),JR西日本,1,D,5,駅データ.jp
1141510,1141510,近江塩津,滋賀県,長浜市,長浜市,滋賀県長浜市西浅井町余245,35.53978,136.151236,JR北陸本線(米原～敦賀)|JR湖西線,JR西日本,2,D,15,駅データ.jp
1141511,1141511,新疋田,福井県,敦賀市,敦賀市,敦賀市疋田,35.594239,136.100558,JR北陸本線(米原～敦賀),JR西日本,1,D,5,駅データ.jp
1141512,1141512,敦賀,福井県,敦賀市,敦賀市,敦賀市鉄輪町１丁目,35.644898,136.076423,JR北陸本線(米原～敦賀)|JR小浜線|ハピラインふくい線,JR西日本|ハピラインふくい,3,B,42,駅データ.jp
1141513,1141513,南今庄,福井県,,,南条郡南越前町南今庄,35.757424,136.184723,ハピラインふくい線,ハピラインふくい,1,D,5,駅データ.jp
1141514,1141514,今庄,福井県,,,南条郡南越前町今庄,35.772947,136.199279,ハピラインふくい線,ハピラインふくい,1,D,5,駅データ.jp
1141515,1141515,湯尾,福井県,,,南条郡南越前町湯尾,35.803251,136.193007,ハピラインふくい線,ハピラインふくい,1,D,5,駅データ.jp
1141516,1141516,南条,福井県,,,南条郡南越前町西大道,35.831956,136.193391,ハピラインふくい線,ハピラインふくい,1,D,5,駅データ.jp
1141517,1141517,王子保,福井県,越前市,越前市,越前市四郎丸町,35.866259,136.165595,ハピラインふくい線,ハピラインふくい,1,D,5,駅データ.jp
1141518,1141518,武生,福井県,,,越前市府中１丁目,35.903254,136.170913,ハピラインふくい線,ハピラインふくい,1,D,5,駅データ.jp
1141519,1141519,鯖江,福井県,鯖江市,鯖江市,鯖江市日の出町,35.943355,136.188852,ハピラインふくい線,ハピラインふくい,1,D,13,駅データ.jp
1141520,1141520,北鯖江,福井県,鯖江市,鯖江市,鯖江市下河端町,35.971496,136.198452,ハピラインふくい線,ハピラインふくい,1,D,13,駅データ.jp
1141521,1141521,大土呂,福井県,福井市,福井市,福井市半田町,36.010546,136.216519,ハピラインふくい線,ハピラインふくい,1,D,5,駅データ.jp
1141522,1141522,越前花堂,福井県,福井市,福井市,福井市花堂中１丁目１番,36.038771,136.218073,ハピラインふくい線|九頭竜線,JR西日本|ハピラインふくい,2,D,15,駅データ.jp
1141523,1141523,福井,福井県,福井市,福井市,福井市中央１丁目,36.061881,136.223043,えちぜん鉄道三国芦原線|えちぜん鉄道勝山永平寺線|ハピラインふくい線|九頭竜線|福井鉄道福武線,JR西日本|えちぜん鉄道|ハピラインふくい|福井鉄道,5,B,58,駅データ.jp
1141524,1141524,森田,福井県,福井市,福井市,福井市栄町,36.109381,136.222516,ハピラインふくい線,ハピラインふくい,1,D,5,駅データ.jp
1141525,1141525,春江,福井県,坂井市,坂井市,坂井市春江町中筋,36.129004,136.228487,ハピラインふくい線,ハピラインふくい,1,D,5,駅データ.jp
1141526,1141526,丸岡,福井県,坂井市,坂井市,坂井市坂井町上新庄,36.162595,136.233502,ハピラインふくい線,ハピラインふくい,1,D,5,駅データ.jp
1141527,1141527,芦原温泉,福井県,あわら市,あわら市,あわら市春宮１丁目,36.214542,136.235069,ハピラインふくい線,ハピラインふくい,1,D,5,駅データ.jp
1141528,1141528,細呂木,福井県,あわら市,あわら市,あわら市滝,36.24125,136.256968,ハピラインふくい線,ハピラインふくい,1,D,5,駅データ.jp
1141529,1141529,牛ノ谷,福井県,あわら市,あわら市,あわら市牛ノ谷,36.259409,136.281618,ハピラインふくい線,ハピラインふくい,1,D,5,駅データ.jp
1141530,1141530,大聖寺,石川県,加賀市,加賀市,加賀市熊坂町,36.300311,136.314205,IRいしかわ鉄道線|ハピラインふくい線,IRいしかわ鉄道|ハピラインふくい,2,D,15,駅データ.jp
1141531,1141531,加賀温泉,石川県,加賀市,加賀市,加賀市作見町,36.320562,136.350337,IRいしかわ鉄道線,IRいしかわ鉄道,1,D,13,駅データ.jp
1141532,1141532,動橋,石川県,加賀市,加賀市,加賀市動橋町,36.328428,136.383027,IRいしかわ鉄道線,IRいしかわ鉄道,1,D,5,駅データ.jp
1141533,1141533,粟津,石川県,小松市,小松市,小松市符津町,36.35575,136.424544,IRいしかわ鉄道線,IRいしかわ鉄道,1,D,5,駅データ.jp
1141534,1141534,小松,石川県,小松市,小松市,小松市土居原町,36.402545,136.452926,IRいしかわ鉄道線,IRいしかわ鉄道,1,D,13,駅データ.jp
1141535,1141535,明峰,石川県,小松市,小松市,小松市松梨町甲,36.425302,136.463114,IRいしかわ鉄道線,IRいしかわ鉄道,1,D,5,駅データ.jp
1141536,1141536,能美根上,石川県,能美市,能美市,能美市大成町,36.452053,136.459721,IRいしかわ鉄道線,IRいしかわ鉄道,1,D,13,駅データ.jp
1141537,1141537,小舞子,石川県,白山市,白山市,白山市湊町,36.476371,136.474925,IRいしかわ鉄道線,IRいしかわ鉄道,1,D,5,駅データ.jp
1141538,1141538,美川,石川県,白山市,白山市,白山市美川中町,36.486001,136.489205,IRいしかわ鉄道線,IRいしかわ鉄道,1,D,5,駅データ.jp
1141539,1141539,加賀笠間,石川県,白山市,白山市,白山市笠間町,36.502935,136.527434,IRいしかわ鉄道線,IRいしかわ鉄道,1,D,5,駅データ.jp
1141540,1141540,松任,石川県,白山市,白山市,白山市相木町,36.526706,136.566205,IRいしかわ鉄道線,IRいしかわ鉄道,1,D,5,駅データ.jp
1141541,1141541,野々市,石川県,野々市,野々市,石川県野々市市二日市町1-1,36.541644,136.598044,IRいしかわ鉄道線,IRいしかわ鉄道,1,D,13,駅データ.jp
1141542,1141542,新西金沢,石川県,金沢市,金沢市,金沢市米泉町７,36.55314,136.621957,IRいしかわ鉄道線|北陸鉄道石川線,IRいしかわ鉄道|北陸鉄道,2,C,23,駅データ.jp
1141543,1141543,北鉄金沢,石川県,金沢市,金沢市,金沢市堀川町,36.578377,136.648845,IRいしかわ鉄道線|北陸鉄道浅野川線,IRいしかわ鉄道|北陸鉄道,2,C,23,駅データ.jp
1141544,1141544,東金沢,石川県,金沢市,金沢市,金沢市小坂町西,36.593652,136.669806,IRいしかわ鉄道線,IRいしかわ鉄道,1,D,13,駅データ.jp
1141545,1141545,森本,石川県,金沢市,金沢市,金沢市弥勒町,36.612144,136.689489,IRいしかわ鉄道線,IRいしかわ鉄道,1,D,5,駅データ.jp
1141546,1141546,津幡,石川県,,,河北郡津幡町字南中条,36.657895,136.730759,IRいしかわ鉄道線|JR七尾線,IRいしかわ鉄道|JR西日本,2,D,15,駅データ.jp
1141547,1141547,倶利伽羅,石川県,,,河北郡津幡町字刈安,36.672489,136.791605,IRいしかわ鉄道線|あいの風とやま鉄道線,IRいしかわ鉄道|あいの風とやま鉄道,2,D,15,駅データ.jp
1141548,1141548,石動,富山県,小矢部市,小矢部市,小矢部市石動町,36.672492,136.865859,あいの風とやま鉄道線,あいの風とやま鉄道,1,D,5,駅データ.jp
1141549,1141549,福岡,富山県,高岡市,高岡市,高岡市福岡町下蓑,36.708239,136.932079,あいの風とやま鉄道線,あいの風とやま鉄道,1,C,20,駅データ.jp
1141550,1141550,西高岡,富山県,高岡市,高岡市,高岡市立野,36.724295,136.965295,あいの風とやま鉄道線,あいの風とやま鉄道,1,D,13,駅データ.jp
1141551,1141551,高岡,富山県,高岡市,高岡市,高岡市下関町,36.741254,137.015136,JR城端線|JR氷見線|あいの風とやま鉄道線|万葉線,JR西日本|あいの風とやま鉄道|万葉線,4,C,38,駅データ.jp
1141552,1141552,越中大門,富山県,射水市,射水市,射水市大島北野,36.733818,137.055904,あいの風とやま鉄道線,あいの風とやま鉄道,1,D,5,駅データ.jp
1141553,1141553,小杉,富山県,射水市,射水市,富山県射水市三ケ4156-2,36.720947,137.092767,あいの風とやま鉄道線,あいの風とやま鉄道,1,D,5,駅データ.jp
1141554,1141554,呉羽,富山県,富山市,富山市,富山市呉羽町,36.718845,137.164874,あいの風とやま鉄道線,あいの風とやま鉄道,1,D,5,駅データ.jp
1141556,1141556,高岡やぶなみ,富山県,高岡市,高岡市,富山県高岡市羽広32-3,36.737528,136.988889,あいの風とやま鉄道線,あいの風とやま鉄道,1,D,13,駅データ.jp
1141601,1141601,岐阜,岐阜県,岐阜市,岐阜市,岐阜市橋本町１丁目,35.409532,136.756514,JR東海道本線(岐阜～美濃赤坂・米原)|JR東海道本線(浜松～岐阜)|JR高山本線,JR東海,3,B,47,駅データ.jp
1141602,1141602,長森,岐阜県,岐阜市,岐阜市,岐阜市蔵前２,35.402024,136.802981,JR高山本線,JR東海,1,D,5,駅データ.jp
1141603,1141603,那加,岐阜県,各務原市,各務原市,各務原市那加本町,35.400317,136.834663,JR高山本線|名鉄各務原線,JR東海|名古屋鉄道,2,D,15,駅データ.jp
1141604,1141604,蘇原,岐阜県,各務原市,各務原市,各務原市蘇原瑞雲町１丁目,35.403167,136.871434,JR高山本線,JR東海,1,D,5,駅データ.jp
1141605,1141605,各務ケ原,岐阜県,各務原市,各務原市,岐阜県各務原市鵜沼各務原町一丁目243,35.403165,136.901044,JR高山本線|名鉄各務原線,JR東海|名古屋鉄道,2,D,15,駅データ.jp
1141606,1141606,鵜沼,岐阜県,各務原市,各務原市,各務原市鵜沼山崎町３丁目,35.397165,136.944583,JR高山本線|名鉄各務原線|名鉄犬山線,JR東海|名古屋鉄道,3,C,24,駅データ.jp
1141607,1141607,坂祝,岐阜県,,,加茂郡坂祝町取組,35.426359,136.976868,JR高山本線,JR東海,1,D,5,駅データ.jp
1141608,1141608,美濃太田,岐阜県,美濃加茂市,美濃加茂市,美濃加茂市太田町立石,35.445617,137.019467,JR太多線|JR高山本線|長良川鉄道越美南線,JR東海|長良川鉄道,3,C,24,駅データ.jp
1141609,1141609,古井,岐阜県,美濃加茂市,美濃加茂市,美濃加茂市森山町１丁目,35.457295,137.047497,JR高山本線,JR東海,1,D,5,駅データ.jp
1141610,1141610,中川辺,岐阜県,,,加茂郡川辺町中川辺,35.487143,137.065086,JR高山本線,JR東海,1,D,5,駅データ.jp
1141611,1141611,下麻生,岐阜県,,,加茂郡川辺町上川辺,35.514973,137.087157,JR高山本線,JR東海,1,D,5,駅データ.jp
1141612,1141612,上麻生,岐阜県,,,加茂郡七宗町上麻生,35.541293,137.11863,JR高山本線,JR東海,1,D,5,駅データ.jp
1141613,1141613,白川口,岐阜県,,,加茂郡白川町坂ノ東下金,35.579345,137.184824,JR高山本線,JR東海,1,D,5,駅データ.jp
1141614,1141614,下油井,岐阜県,,,加茂郡白川町下油井白山,35.633214,137.183137,JR高山本線,JR東海,1,D,5,駅データ.jp
1141615,1141615,飛騨金山,岐阜県,下呂市,下呂市,下呂市金山町大船渡,35.662118,137.164333,JR高山本線,JR東海,1,D,5,駅データ.jp
1141616,1141616,焼石,岐阜県,下呂市,下呂市,下呂市和佐,35.725763,137.200404,JR高山本線,JR東海,1,D,5,駅データ.jp
1141617,1141617,下呂,岐阜県,下呂市,下呂市,下呂市幸田,35.805345,137.239778,JR高山本線,JR東海,1,D,13,駅データ.jp
1141618,1141618,禅昌寺,岐阜県,下呂市,下呂市,下呂市萩原町中呂,35.848937,137.225184,JR高山本線,JR東海,1,D,5,駅データ.jp
1141619,1141619,飛騨萩原,岐阜県,下呂市,下呂市,下呂市萩原町萩原,35.874766,137.213568,JR高山本線,JR東海,1,D,5,駅データ.jp
1141620,1141620,上呂,岐阜県,下呂市,下呂市,下呂市萩原町上呂,35.910717,137.204562,JR高山本線,JR東海,1,D,5,駅データ.jp
1141621,1141621,飛騨宮田,岐阜県,下呂市,下呂市,下呂市萩原町宮田,35.928443,137.235595,JR高山本線,JR東海,1,D,5,駅データ.jp
1141622,1141622,飛騨小坂,岐阜県,下呂市,下呂市,下呂市小坂町大島,35.950749,137.257084,JR高山本線,JR東海,1,D,5,駅データ.jp
1141623,1141623,渚,岐阜県,高山市,高山市,高山市久々野町渚,36.001416,137.287894,JR高山本線,JR東海,1,D,5,駅データ.jp
1141624,1141624,久々野,岐阜県,高山市,高山市,高山市久々野町久々野,36.052273,137.276778,JR高山本線,JR東海,1,D,5,駅データ.jp
1141625,1141625,飛騨一ノ宮,岐阜県,高山市,高山市,高山市一之宮町,36.08836,137.247588,JR高山本線,JR東海,1,D,5,駅データ.jp
1141626,1141626,高山,岐阜県,高山市,高山市,高山市昭和町１丁目,36.140574,137.251301,JR高山本線,JR東海,1,D,13,駅データ.jp
1141627,1141627,上枝,岐阜県,高山市,高山市,高山市下切町,36.18095,137.245789,JR高山本線,JR東海,1,D,5,駅データ.jp
1141628,1141628,飛騨国府,岐阜県,高山市,高山市,高山市国府町広瀬町,36.211001,137.215895,JR高山本線,JR東海,1,D,5,駅データ.jp
1141629,1141629,飛騨古川,岐阜県,飛騨市,飛騨市,飛騨市古川町金森町,36.236727,137.189681,JR高山本線,JR東海,1,D,13,駅データ.jp
1141630,1141630,杉崎,岐阜県,飛騨市,飛騨市,飛騨市古川町杉崎,36.250003,137.168638,JR高山本線,JR東海,1,D,5,駅データ.jp
1141631,1141631,飛騨細江,岐阜県,飛騨市,飛騨市,飛騨市古川町大字袈裟丸,36.260926,137.146029,JR高山本線,JR東海,1,D,13,駅データ.jp
1141632,1141632,角川,岐阜県,飛騨市,飛騨市,飛騨市河合町小無雁,36.30016,137.113223,JR高山本線,JR東海,1,D,5,駅データ.jp
1141633,1141633,坂上,岐阜県,飛騨市,飛騨市,飛騨市宮川町林,36.327902,137.140979,JR高山本線,JR東海,1,D,5,駅データ.jp
1141634,1141634,打保,岐阜県,飛騨市,飛騨市,飛騨市宮川町打保,36.383737,137.181902,JR高山本線,JR東海,1,D,5,駅データ.jp
1141635,1141635,杉原,岐阜県,飛騨市,飛騨市,飛騨市宮川町杉原,36.415806,137.192102,JR高山本線,JR東海,1,D,5,駅データ.jp
1141636,1141636,猪谷,富山県,富山市,富山市,富山市猪谷８８７,36.471625,137.237975,JR高山本線,JR東海,1,D,5,駅データ.jp
1141637,1141637,楡原,富山県,富山市,富山市,富山市楡原,36.529323,137.22872,JR高山本線,JR東海,1,D,5,駅データ.jp
1141638,1141638,笹津,富山県,富山市,富山市,富山市笹津,36.562129,137.211437,JR高山本線,JR東海,1,D,5,駅データ.jp
1141639,1141639,東八尾,富山県,富山市,富山市,富山市八尾町城生,36.589645,137.174978,JR高山本線,JR東海,1,D,5,駅データ.jp
1141640,1141640,越中八尾,富山県,富山市,富山市,富山市八尾町福島,36.591391,137.138379,JR高山本線,JR東海,1,D,5,駅データ.jp
1141641,1141641,千里,富山県,富山市,富山市,富山市婦中町千里,36.634678,137.132396,JR高山本線,JR東海,1,D,5,駅データ.jp
1141642,1141642,速星,富山県,富山市,富山市,富山市婦中町速星,36.664135,137.160428,JR高山本線,JR東海,1,D,5,駅データ.jp
1141643,1141643,西富山,富山県,富山市,富山市,富山市寺町,36.699331,137.177029,JR高山本線,JR東海,1,D,13,駅データ.jp
1141645,1141645,婦中鵜坂,富山県,富山市,富山市,富山市婦中町西本郷字西本郷１１６２ノ３,36.676084,137.167625,JR高山本線,JR東海,1,D,5,駅データ.jp
1141702,1141702,二塚,富山県,高岡市,高岡市,高岡市二塚,36.714339,137.006141,JR城端線,JR西日本,1,D,5,駅データ.jp
1141703,1141703,林,富山県,高岡市,高岡市,高岡市東藤平蔵,36.704504,136.999379,JR城端線,JR西日本,1,D,5,駅データ.jp
1141704,1141704,戸出,富山県,高岡市,高岡市,高岡市戸出町２丁目,36.684323,136.983898,JR城端線,JR西日本,1,D,5,駅データ.jp
1141705,1141705,油田,富山県,砺波市,砺波市,砺波市三郎丸,36.655124,136.970372,JR城端線,JR西日本,1,D,5,駅データ.jp
1141706,1141706,砺波,富山県,砺波市,砺波市,砺波市表町,36.636424,136.953648,JR城端線,JR西日本,1,D,13,駅データ.jp
1141707,1141707,東野尻,富山県,砺波市,砺波市,砺波市苗加,36.618573,136.9435,JR城端線,JR西日本,1,D,5,駅データ.jp
1141708,1141708,高儀,富山県,南砺市,南砺市,南砺市川除新,36.606697,136.936007,JR城端線,JR西日本,1,D,5,駅データ.jp
1141709,1141709,福野,富山県,南砺市,南砺市,南砺市松原新,36.588541,136.923166,JR城端線,JR西日本,1,D,5,駅データ.jp
1141710,1141710,東石黒,富山県,南砺市,南砺市,南砺市下吉江,36.57605,136.898166,JR城端線,JR西日本,1,D,5,駅データ.jp
1141711,1141711,福光,富山県,南砺市,南砺市,南砺市荒木,36.558121,136.878135,JR城端線,JR西日本,1,D,5,駅データ.jp
1141712,1141712,越中山田,富山県,南砺市,南砺市,南砺市竹林,36.538513,136.887522,JR城端線,JR西日本,1,D,5,駅データ.jp
1141713,1141713,城端,富山県,南砺市,南砺市,南砺市是安,36.522012,136.901673,JR城端線,JR西日本,1,D,5,駅データ.jp
1141802,1141802,越中中川,富山県,高岡市,高岡市,高岡市中川,36.749764,137.027851,JR氷見線,JR西日本,1,D,5,駅データ.jp
1141803,1141803,能町,富山県,高岡市,高岡市,高岡市能町,36.768259,137.039885,JR氷見線,JR西日本,1,D,5,駅データ.jp
1141804,1141804,伏木,富山県,高岡市,高岡市,高岡市伏木古国府,36.792306,137.05853,JR氷見線,JR西日本,1,D,5,駅データ.jp
1141805,1141805,越中国分,富山県,高岡市,高岡市,高岡市伏木国分,36.805361,137.050729,JR氷見線,JR西日本,1,D,5,駅データ.jp
1141806,1141806,雨晴,富山県,高岡市,高岡市,高岡市渋谷,36.816484,137.037583,JR氷見線,JR西日本,1,D,5,駅データ.jp
1141807,1141807,島尾,富山県,氷見市,氷見市,氷見市島尾,36.828423,137.01269,JR氷見線,JR西日本,1,D,5,駅データ.jp
1141808,1141808,氷見,富山県,氷見市,氷見市,氷見市伊勢大町１丁目,36.849899,136.990631,JR氷見線,JR西日本,1,D,13,駅データ.jp
1141902,1141902,中津幡,石川県,,,河北郡津幡町字津幡,36.67156,136.740279,JR七尾線,JR西日本,1,D,5,駅データ.jp
1141903,1141903,本津幡,石川県,,,河北郡津幡町字清水,36.676673,136.732202,JR七尾線,JR西日本,1,D,5,駅データ.jp
1141904,1141904,能瀬,石川県,,,河北郡津幡町字能瀬,36.693152,136.719898,JR七尾線,JR西日本,1,D,5,駅データ.jp
1141905,1141905,宇野気,石川県,かほく市,かほく市,かほく市宇野気,36.722795,136.70306,JR七尾線,JR西日本,1,D,5,駅データ.jp
1141906,1141906,横山,石川県,かほく市,かほく市,かほく市横山,36.747739,136.71685,JR七尾線,JR西日本,1,D,5,駅データ.jp
1141907,1141907,高松,石川県,かほく市,かほく市,かほく市内高松,36.768541,136.728823,JR七尾線,JR西日本,1,C,20,駅データ.jp
1141908,1141908,免田,石川県,,,羽咋郡宝達志水町免田,36.795806,136.747581,JR七尾線,JR西日本,1,D,5,駅データ.jp
1141909,1141909,宝達,石川県,,,羽咋郡宝達志水町小川,36.819875,136.762229,JR七尾線,JR西日本,1,D,5,駅データ.jp
1141910,1141910,敷浪,石川県,,,羽咋郡宝達志水町敷浪,36.848094,136.773455,JR七尾線,JR西日本,1,D,5,駅データ.jp
1141911,1141911,南羽咋,石川県,羽咋市,羽咋市,羽咋市新保町,36.870324,136.774631,JR七尾線,JR西日本,1,D,13,駅データ.jp
1141912,1141912,羽咋,石川県,羽咋市,羽咋市,羽咋市川原町,36.897073,136.783332,JR七尾線,JR西日本,1,D,13,駅データ.jp
1141913,1141913,千路,石川県,羽咋市,羽咋市,羽咋市千路町,36.928139,136.801195,JR七尾線,JR西日本,1,D,5,駅データ.jp
1141914,1141914,金丸,石川県,,,鹿島郡中能登町金丸又れ49,36.943344,136.835874,JR七尾線,JR西日本,1,D,5,駅データ.jp
1141915,1141915,能登部,石川県,,,鹿島郡中能登町徳丸,36.960867,136.869403,JR七尾線,JR西日本,1,D,5,駅データ.jp
1141916,1141916,良川,石川県,,,鹿島郡中能登町良川,36.976662,136.894628,JR七尾線,JR西日本,1,D,5,駅データ.jp
1141917,1141917,能登二宮,石川県,,,鹿島郡中能登町二宮,36.984824,136.917389,JR七尾線,JR西日本,1,D,5,駅データ.jp
1141918,1141918,徳田,石川県,七尾市,七尾市,七尾市下町,37.007449,136.930295,JR七尾線,JR西日本,1,D,5,駅データ.jp
1141919,1141919,七尾,石川県,七尾市,七尾市,七尾市御祓町,37.041613,136.964501,JR七尾線|のと鉄道七尾線,JR西日本|のと鉄道,2,C,23,駅データ.jp
1141920,1141920,和倉温泉,石川県,七尾市,七尾市,七尾市石崎町,37.074663,136.925884,JR七尾線|のと鉄道七尾線,JR西日本|のと鉄道,2,D,15,駅データ.jp
1142103,1142103,六条,福井県,福井市,福井市,福井市天王町,36.028175,136.239594,九頭竜線,JR西日本,1,D,5,駅データ.jp
1142104,1142104,足羽,福井県,福井市,福井市,福井市稲津町,36.020821,136.253607,九頭竜線,JR西日本,1,D,5,駅データ.jp
1142105,1142105,越前東郷,福井県,福井市,福井市,福井市東郷二ケ町,36.018185,136.273561,九頭竜線,JR西日本,1,D,5,駅データ.jp
1142106,1142106,一乗谷,福井県,福井市,福井市,福井市安波賀中島町,36.013679,136.2974,九頭竜線,JR西日本,1,D,5,駅データ.jp
1142107,1142107,越前高田,福井県,福井市,福井市,福井市高田町,36.024759,136.318669,九頭竜線,JR西日本,1,D,5,駅データ.jp
1142108,1142108,市波,福井県,福井市,福井市,福井市市波町,36.019813,136.330463,九頭竜線,JR西日本,1,D,5,駅データ.jp
1142109,1142109,小和清水,福井県,福井市,福井市,福井市小和清水町,36.01732,136.351085,九頭竜線,JR西日本,1,D,5,駅データ.jp
1142110,1142110,美山,福井県,福井市,福井市,福井市境寺町,35.998567,136.365082,九頭竜線,JR西日本,1,D,5,駅データ.jp
1142111,1142111,越前薬師,福井県,福井市,福井市,福井市薬師町,36.005283,136.384336,九頭竜線,JR西日本,1,D,5,駅データ.jp
1142112,1142112,越前大宮,福井県,福井市,福井市,福井市大宮町,36.000064,136.409694,九頭竜線,JR西日本,1,D,5,駅データ.jp
1142113,1142113,計石,福井県,福井市,福井市,福井市計石町,35.997589,136.434767,九頭竜線,JR西日本,1,D,5,駅データ.jp
1142114,1142114,牛ケ原,福井県,大野市,大野市,福井県大野市牛ケ原53下正角1-5,35.998567,136.467349,九頭竜線,JR西日本,1,D,5,駅データ.jp
1142115,1142115,北大野,福井県,大野市,大野市,大野市中野,35.997992,136.48795,九頭竜線,JR西日本,1,D,13,駅データ.jp
1142116,1142116,越前大野,福井県,大野市,大野市,大野市弥生町,35.983294,136.496877,九頭竜線,JR西日本,1,D,13,駅データ.jp
1142117,1142117,越前田野,福井県,大野市,大野市,大野市田野,35.987048,136.526884,九頭竜線,JR西日本,1,D,5,駅データ.jp
1142118,1142118,越前富田,福井県,大野市,大野市,大野市上野,35.9909,136.541233,九頭竜線,JR西日本,1,D,5,駅データ.jp
1142119,1142119,下唯野,福井県,大野市,大野市,大野市下唯野,35.974208,136.56027,九頭竜線,JR西日本,1,D,5,駅データ.jp
1142120,1142120,柿ケ島,福井県,大野市,大野市,福井県大野市柿ケ嶋35中々川原32-2,35.97243,136.570938,九頭竜線,JR西日本,1,D,5,駅データ.jp
1142121,1142121,勝原,福井県,大野市,大野市,大野市西勝原,35.967512,136.597151,九頭竜線,JR西日本,1,D,5,駅データ.jp
1142122,1142122,越前下山,福井県,大野市,大野市,大野市下山,35.920356,136.634832,九頭竜線,JR西日本,1,D,5,駅データ.jp
1142123,1142123,九頭竜湖,福井県,大野市,大野市,大野市朝日,35.90449,136.66146,九頭竜線,JR西日本,1,D,5,駅データ.jp
1142201,1142201,東舞鶴,京都府,舞鶴市,舞鶴市,舞鶴市浜,35.468601,135.394788,JR小浜線|JR舞鶴線,JR西日本,2,C,23,駅データ.jp
1142202,1142202,松尾寺,京都府,舞鶴市,舞鶴市,舞鶴市字吉坂,35.486018,135.450133,JR小浜線,JR西日本,1,D,5,駅データ.jp
1142203,1142203,青郷,福井県,,,大飯郡高浜町青郷,35.481584,135.4998,JR小浜線,JR西日本,1,D,5,駅データ.jp
1142204,1142204,三松,福井県,,,大飯郡高浜町東三松,35.488767,135.520561,JR小浜線,JR西日本,1,D,5,駅データ.jp
1142205,1142205,若狭高浜,福井県,,,大飯郡高浜町宮崎,35.486423,135.547588,JR小浜線,JR西日本,1,D,5,駅データ.jp
1142206,1142206,若狭和田,福井県,,,大飯郡高浜町和田,35.488664,135.581564,JR小浜線,JR西日本,1,D,5,駅データ.jp
1142207,1142207,若狭本郷,福井県,,,大飯郡おおい町本郷,35.482616,135.618834,JR小浜線,JR西日本,1,D,5,駅データ.jp
1142208,1142208,加斗,福井県,小浜市,小浜市,小浜市加斗,35.480672,135.666145,JR小浜線,JR西日本,1,D,5,駅データ.jp
1142209,1142209,勢浜,福井県,小浜市,小浜市,小浜市西勢,35.481192,135.708039,JR小浜線,JR西日本,1,D,5,駅データ.jp
1142210,1142210,小浜,福井県,小浜市,小浜市,小浜市駅前町,35.491643,135.745672,JR小浜線,JR西日本,1,D,13,駅データ.jp
1142211,1142211,東小浜,福井県,小浜市,小浜市,小浜市遠敷,35.485234,135.781053,JR小浜線,JR西日本,1,D,13,駅データ.jp
1142212,1142212,新平野,福井県,小浜市,小浜市,小浜市平野,35.473069,135.807198,JR小浜線,JR西日本,1,D,5,駅データ.jp
1142213,1142213,上中,福井県,,,三方上中郡若狭町井ノ口,35.463638,135.855728,JR小浜線,JR西日本,1,D,5,駅データ.jp
1142214,1142214,若狭有田,福井県,,,三方上中郡若狭町有田,35.485536,135.868377,JR小浜線,JR西日本,1,D,5,駅データ.jp
1142215,1142215,大鳥羽,福井県,,,三方上中郡若狭町大鳥羽,35.504839,135.866872,JR小浜線,JR西日本,1,D,5,駅データ.jp
1142216,1142216,十村,福井県,,,三方上中郡若狭町井崎,35.51595,135.896591,JR小浜線,JR西日本,1,D,5,駅データ.jp
1142217,1142217,藤井,福井県,,,三方上中郡若狭町藤井,35.532198,135.906274,JR小浜線,JR西日本,1,D,5,駅データ.jp
1142218,1142218,三方,福井県,,,三方上中郡若狭町三方,35.555282,135.909259,JR小浜線,JR西日本,1,D,5,駅データ.jp
1142219,1142219,気山,福井県,,,三方上中郡若狭町気山,35.584887,135.909531,JR小浜線,JR西日本,1,D,5,駅データ.jp
1142220,1142220,美浜,福井県,,,三方郡美浜町松原,35.605138,135.936496,JR小浜線,JR西日本,1,D,5,駅データ.jp
1142221,1142221,東美浜,福井県,,,三方郡美浜町太田,35.614039,135.985614,JR小浜線,JR西日本,1,D,5,駅データ.jp
1142222,1142222,粟野,福井県,敦賀市,敦賀市,敦賀市野坂,35.617234,136.027225,JR小浜線,JR西日本,1,D,5,駅データ.jp
1142223,1142223,西敦賀,福井県,敦賀市,敦賀市,敦賀市山泉,35.617975,136.067787,JR小浜線,JR西日本,1,D,13,駅データ.jp
1150102,1150102,函南,静岡県,,,田方郡函南町大竹,35.108773,138.970984,JR東海道本線(熱海～浜松),JR東海,1,D,5,駅データ.jp
1150103,1150103,三島,静岡県,三島市,三島市,三島市一番町,35.126099,138.911251,JR東海道本線(熱海～浜松)|伊豆箱根鉄道駿豆線,JR東海|伊豆箱根鉄道,2,C,33,駅データ.jp
1150104,1150104,沼津,静岡県,沼津市,沼津市,沼津市大手町１丁目,35.103011,138.860104,JR御殿場線|JR東海道本線(熱海～浜松),JR東海,2,C,23,駅データ.jp
1150105,1150105,片浜,静岡県,沼津市,沼津市,沼津市今沢,35.11825,138.818937,JR東海道本線(熱海～浜松),JR東海,1,D,5,駅データ.jp
1150106,1150106,原,静岡県,沼津市,沼津市,沼津市原,35.124915,138.793387,JR東海道本線(熱海～浜松),JR東海,1,D,5,駅データ.jp
1150107,1150107,東田子の浦,静岡県,富士市,富士市,富士市中柏原新田,35.136255,138.745441,JR東海道本線(熱海～浜松),JR東海,1,D,5,駅データ.jp
1150108,1150108,吉原,静岡県,富士市,富士市,富士市鈴川町,35.144011,138.702303,JR東海道本線(熱海～浜松)|岳南鉄道線,JR東海|岳南鉄道,2,D,15,駅データ.jp
1150110,1150110,富士川,静岡県,富士市,富士市,静岡県富士市中之郷1228-4,35.141119,138.618571,JR東海道本線(熱海～浜松),JR東海,1,D,13,駅データ.jp
1150111,1150111,新蒲原,静岡県,静岡市,静岡市清水区,静岡市清水区蒲原,35.119599,138.608117,JR東海道本線(熱海～浜松),JR東海,1,D,5,駅データ.jp
1150112,1150112,蒲原,静岡県,静岡市,静岡市清水区,静岡市清水区蒲原堰沢,35.114005,138.582752,JR東海道本線(熱海～浜松),JR東海,1,D,5,駅データ.jp
1150113,1150113,由比,静岡県,静岡市,静岡市清水区,静岡市清水区由比今宿,35.097108,138.552756,JR東海道本線(熱海～浜松),JR東海,1,D,5,駅データ.jp
1150114,1150114,興津,静岡県,静岡市,静岡市清水区,静岡市清水区興津中町,35.052539,138.521865,JR東海道本線(熱海～浜松),JR東海,1,D,5,駅データ.jp
1150115,1150115,清水,静岡県,静岡市,静岡市清水区,静岡市清水区真砂町,35.023248,138.488958,JR東海道本線(熱海～浜松),JR東海,1,D,5,駅データ.jp
1150116,1150116,草薙,静岡県,静岡市,静岡市清水区,静岡市清水区草薙,35.002156,138.442358,JR東海道本線(熱海～浜松)|静岡鉄道静岡清水線,JR東海|静岡鉄道,2,D,15,駅データ.jp
1150117,1150117,東静岡,静岡県,静岡市,静岡市葵区,静岡市葵区長沼５８４番地８,34.985256,138.413118,JR東海道本線(熱海～浜松),JR東海,1,D,5,駅データ.jp
1150118,1150118,静岡,静岡県,静岡市,静岡市葵区,静岡市葵区黒金町,34.971629,138.388579,JR東海道本線(熱海～浜松),JR東海,1,A,60,駅データ.jp
1150119,1150119,安倍川,静岡県,静岡市,静岡市駿河区,静岡市駿河区鎌田,34.940961,138.364029,JR東海道本線(熱海～浜松),JR東海,1,D,5,駅データ.jp
1150120,1150120,用宗,静岡県,静岡市,静岡市駿河区,静岡市駿河区用宗城山町,34.922512,138.36006,JR東海道本線(熱海～浜松),JR東海,1,D,5,駅データ.jp
1150121,1150121,焼津,静岡県,焼津市,焼津市,焼津市栄町１丁目,34.872261,138.318457,JR東海道本線(熱海～浜松),JR東海,1,D,13,駅データ.jp
1150122,1150122,西焼津,静岡県,焼津市,焼津市,焼津市小屋敷,34.859824,138.28552,JR東海道本線(熱海～浜松),JR東海,1,D,13,駅データ.jp
1150123,1150123,藤枝,静岡県,藤枝市,藤枝市,藤枝市駅前１丁目,34.849511,138.252748,JR東海道本線(熱海～浜松),JR東海,1,D,13,駅データ.jp
1150124,1150124,六合,静岡県,,,島田市道悦１丁目,34.836436,138.203502,JR東海道本線(熱海～浜松),JR東海,1,D,5,駅データ.jp
1150125,1150125,島田,静岡県,島田市,島田市,島田市栄町,34.830159,138.173436,JR東海道本線(熱海～浜松),JR東海,1,D,13,駅データ.jp
1150126,1150126,金谷,静岡県,島田市,島田市,静岡県島田市金谷新町,34.819308,138.125814,JR東海道本線(熱海～浜松)|大井川鐵道大井川本線,JR東海|大井川鐵道,2,D,15,駅データ.jp
1150127,1150127,菊川,静岡県,菊川市,菊川市,菊川市堀之内,34.76176,138.085648,JR東海道本線(熱海～浜松),JR東海,1,D,13,駅データ.jp
1150128,1150128,掛川,静岡県,掛川市,掛川市,掛川市南西郷,34.769515,138.014596,JR東海道本線(熱海～浜松)|天竜浜名湖線,JR東海|天竜浜名湖鉄道,2,C,33,駅データ.jp
1150129,1150129,愛野,静岡県,袋井市,袋井市,袋井市愛野６９１-８,34.752257,137.961663,JR東海道本線(熱海～浜松),JR東海,1,D,5,駅データ.jp
1150130,1150130,袋井,静岡県,袋井市,袋井市,袋井市高尾,34.741377,137.92596,JR東海道本線(熱海～浜松),JR東海,1,D,13,駅データ.jp
1150131,1150131,磐田,静岡県,磐田市,磐田市,磐田市中泉,34.710132,137.852244,JR東海道本線(熱海～浜松),JR東海,1,D,13,駅データ.jp
1150132,1150132,豊田町,静岡県,磐田市,磐田市,磐田市立野,34.7121,137.82013,JR東海道本線(熱海～浜松),JR東海,1,D,5,駅データ.jp
1150133,1150133,天竜川,静岡県,浜松市,浜松市中央区,浜松市中央区天龍川町八畝割435-9,34.716994,137.77923,JR東海道本線(熱海～浜松),JR東海,1,D,5,駅データ.jp
1150135,1150135,御厨,静岡県,磐田市,磐田市,静岡県磐田市鎌田,34.7183,137.885,JR東海道本線(熱海～浜松),JR東海,1,D,5,駅データ.jp
1150201,1150201,浜松,静岡県,浜松市,浜松市中央区,浜松市中央区砂山町6-2,34.703711,137.733991,JR東海道本線(浜松～岐阜)|JR東海道本線(熱海～浜松)|遠州鉄道鉄道線,JR東海|遠州鉄道,3,A,60,駅データ.jp
1150203,1150203,高塚,静岡県,浜松市,浜松市中央区,浜松市中央区高塚町994-1,34.690425,137.681303,JR東海道本線(浜松～岐阜),JR東海,1,D,5,駅データ.jp
1150204,1150204,舞阪,静岡県,浜松市,浜松市中央区,浜松市中央区馬郡町325-9,34.685701,137.626422,JR東海道本線(浜松～岐阜),JR東海,1,D,5,駅データ.jp
1150205,1150205,弁天島,静岡県,浜松市,浜松市中央区,浜松市中央区舞阪町弁天島,34.690125,137.603058,JR東海道本線(浜松～岐阜),JR東海,1,D,5,駅データ.jp
1150206,1150206,新居町,静岡県,湖西市,湖西市,静岡県湖西市新居町新居,34.694276,137.568953,JR東海道本線(浜松～岐阜),JR東海,1,D,5,駅データ.jp
1150207,1150207,鷲津,静岡県,湖西市,湖西市,湖西市鷲津,34.716819,137.546116,JR東海道本線(浜松～岐阜),JR東海,1,D,5,駅データ.jp
1150208,1150208,新所原,静岡県,湖西市,湖西市,湖西市新所原３丁目,34.723274,137.484701,JR東海道本線(浜松～岐阜)|天竜浜名湖線,JR東海|天竜浜名湖鉄道,2,D,15,駅データ.jp
1150209,1150209,二川,愛知県,豊橋市,豊橋市,豊橋市大岩町南元屋敷,34.725809,137.438966,JR東海道本線(浜松～岐阜),JR東海,1,D,5,駅データ.jp
1150211,1150211,西小坂井,愛知県,豊川市,豊川市,愛知県豊川市伊奈町前山20,34.79708,137.352499,JR東海道本線(浜松～岐阜),JR東海,1,D,5,駅データ.jp
1150212,1150212,愛知御津,愛知県,豊川市,豊川市,豊川市御津町西方字松本,34.812624,137.316492,JR東海道本線(浜松～岐阜),JR東海,1,D,5,駅データ.jp
1150213,1150213,三河大塚,愛知県,蒲郡市,蒲郡市,蒲郡市大塚町笹子,34.815744,137.28287,JR東海道本線(浜松～岐阜),JR東海,1,D,5,駅データ.jp
1150214,1150214,三河三谷,愛知県,蒲郡市,蒲郡市,蒲郡市三谷町上野,34.818546,137.247795,JR東海道本線(浜松～岐阜),JR東海,1,D,5,駅データ.jp
1150215,1150215,蒲郡,愛知県,蒲郡市,蒲郡市,蒲郡市元町,34.822911,137.226287,JR東海道本線(浜松～岐阜)|名鉄蒲郡線,JR東海|名古屋鉄道,2,C,23,駅データ.jp
1150216,1150216,三河塩津,愛知県,蒲郡市,蒲郡市,蒲郡市竹谷町油井,34.82542,137.201638,JR東海道本線(浜松～岐阜)|名鉄蒲郡線,JR東海|名古屋鉄道,2,D,15,駅データ.jp
1150217,1150217,三ケ根,愛知県,,,愛知県額田郡幸田町大字深溝字大池田12-1,34.836449,137.176348,JR東海道本線(浜松～岐阜),JR東海,1,D,5,駅データ.jp
1150218,1150218,幸田,愛知県,,,額田郡幸田町芦谷字幸田,34.859926,137.16447,JR東海道本線(浜松～岐阜),JR東海,1,D,5,駅データ.jp
1150219,1150219,岡崎,愛知県,岡崎市,岡崎市,岡崎市羽根町東荒子,34.925417,137.157243,JR東海道本線(浜松～岐阜)|愛知環状鉄道線,JR東海|愛知環状鉄道,2,C,23,駅データ.jp
1150220,1150220,西岡崎,愛知県,岡崎市,岡崎市,岡崎市昭和町北浦,34.946572,137.123187,JR東海道本線(浜松～岐阜),JR東海,1,D,13,駅データ.jp
1150221,1150221,安城,愛知県,安城市,安城市,安城市御幸本町,34.959986,137.08716,JR東海道本線(浜松～岐阜),JR東海,1,D,13,駅データ.jp
1150222,1150222,三河安城,愛知県,安城市,安城市,安城市二本木町二ツ池,34.96968,137.060918,JR東海道本線(浜松～岐阜),JR東海,1,C,23,駅データ.jp
1150223,1150223,東刈谷,愛知県,刈谷市,刈谷市,刈谷市東刈谷町１丁目,34.97741,137.043525,JR東海道本線(浜松～岐阜),JR東海,1,D,13,駅データ.jp
1150224,1150224,刈谷,愛知県,刈谷市,刈谷市,刈谷市桜町１丁目,34.99102,137.00876,JR東海道本線(浜松～岐阜)|名鉄三河線,JR東海|名古屋鉄道,2,C,23,駅データ.jp
1150225,1150225,逢妻,愛知県,刈谷市,刈谷市,刈谷市熊野町２丁目,34.998215,136.990544,JR東海道本線(浜松～岐阜),JR東海,1,D,5,駅データ.jp
1150226,1150226,大府,愛知県,大府市,大府市,大府市中央町３丁目,35.008665,136.961727,JR東海道本線(浜松～岐阜)|JR武豊線,JR東海,2,C,23,駅データ.jp
1150227,1150227,共和,愛知県,大府市,大府市,大府市共栄町９丁目,35.035245,136.954599,JR東海道本線(浜松～岐阜),JR東海,1,D,5,駅データ.jp
1150228,1150228,大高,愛知県,名古屋市,名古屋市緑区,名古屋市緑区大高町鶴田,35.069244,136.940242,JR東海道本線(浜松～岐阜),JR東海,1,D,5,駅データ.jp
1150229,1150229,笠寺,愛知県,名古屋市,名古屋市南区,名古屋市南区立脇町２丁目,35.095113,136.926321,JR東海道本線(浜松～岐阜),JR東海,1,D,5,駅データ.jp
1150230,1150230,熱田,愛知県,名古屋市,名古屋市熱田区,名古屋市熱田区森後町２丁目,35.130028,136.910502,JR東海道本線(浜松～岐阜),JR東海,1,D,5,駅データ.jp
1150232,1150232,尾頭橋,愛知県,名古屋市,名古屋市中川区,名古屋市中川区尾頭橋４,35.146981,136.89102,JR東海道本線(浜松～岐阜),JR東海,1,D,5,駅データ.jp
1150234,1150234,枇杷島,愛知県,清須市,清須市,清須市西枇杷島町旭１丁目,35.198681,136.861816,JR東海道本線(浜松～岐阜)|東海交通事業城北線,JR東海|東海交通事業,2,D,15,駅データ.jp
1150235,1150235,清洲,愛知県,稲沢市,稲沢市,稲沢市北市場町,35.225406,136.834529,JR東海道本線(浜松～岐阜),JR東海,1,D,5,駅データ.jp
1150236,1150236,稲沢,愛知県,稲沢市,稲沢市,稲沢市駅前１丁目,35.252994,136.820942,JR東海道本線(浜松～岐阜),JR東海,1,D,13,駅データ.jp
1150237,1150237,尾張一宮,愛知県,一宮市,一宮市,一宮市栄３丁目,35.301615,136.797339,JR東海道本線(浜松～岐阜)|名鉄名古屋本線|名鉄尾西線,JR東海|名古屋鉄道,3,C,32,駅データ.jp
1150238,1150238,木曽川,愛知県,一宮市,一宮市,一宮市木曽川町黒田,35.349319,136.780726,JR東海道本線(浜松～岐阜),JR東海,1,D,5,駅データ.jp
1150240,1150240,野田新町,愛知県,刈谷市,刈谷市,刈谷市野田新町,34.984212,137.026355,JR東海道本線(浜松～岐阜),JR東海,1,D,5,駅データ.jp
1150241,1150241,南大高,愛知県,名古屋市,名古屋市緑区,名古屋市緑区大高町字池之内4-10,35.055403,136.948244,JR東海道本線(浜松～岐阜),JR東海,1,D,5,駅データ.jp
1150242,1150242,相見,愛知県,,,愛知県額田郡幸田町大字菱池字カマ46,34.886833,137.160389,JR東海道本線(浜松～岐阜),JR東海,1,D,5,駅データ.jp
1150302,1150302,西岐阜,岐阜県,岐阜市,岐阜市,岐阜市市橋３丁目,35.404664,136.72341,JR東海道本線(岐阜～美濃赤坂・米原),JR東海,1,D,13,駅データ.jp
1150303,1150303,穂積,岐阜県,瑞穂市,瑞穂市,瑞穂市別府,35.396345,136.693834,JR東海道本線(岐阜～美濃赤坂・米原),JR東海,1,D,5,駅データ.jp
1150304,1150304,大垣,岐阜県,大垣市,大垣市,大垣市高屋町１丁目,35.366952,136.617849,JR東海道本線(岐阜～美濃赤坂・米原)|樽見鉄道樽見線|養老鉄道養老線,JR東海|樽見鉄道|養老鉄道,3,C,32,駅データ.jp
1150305,1150305,荒尾,岐阜県,大垣市,大垣市,大垣市荒尾町,35.373454,136.583276,JR東海道本線(岐阜～美濃赤坂・米原),JR東海,1,D,5,駅データ.jp
1150306,1150306,美濃赤坂,岐阜県,大垣市,大垣市,大垣市赤坂町,35.386677,136.582129,JR東海道本線(岐阜～美濃赤坂・米原),JR東海,1,D,5,駅データ.jp
1150307,1150307,垂井,岐阜県,,,不破郡垂井町東町,35.369587,136.531246,JR東海道本線(岐阜～美濃赤坂・米原),JR東海,1,D,5,駅データ.jp
1150308,1150308,関ケ原,岐阜県,,,岐阜県不破郡関ケ原町関ヶ原,35.363726,136.470451,JR東海道本線(岐阜～美濃赤坂・米原),JR東海,1,D,5,駅データ.jp
1150309,1150309,柏原,滋賀県,米原市,米原市,米原市柏原,35.344593,136.402767,JR東海道本線(岐阜～美濃赤坂・米原),JR東海,1,D,5,駅データ.jp
1150310,1150310,近江長岡,滋賀県,米原市,米原市,米原市長岡,35.359307,136.373775,JR東海道本線(岐阜～美濃赤坂・米原),JR東海,1,D,5,駅データ.jp
1150311,1150311,醒ケ井,滋賀県,米原市,米原市,滋賀県米原市醒井619,35.327664,136.345135,JR東海道本線(岐阜～美濃赤坂・米原),JR東海,1,D,5,駅データ.jp
1150402,1150402,来宮,静岡県,熱海市,熱海市,熱海市福道町,35.098723,139.065575,JR伊東線,JR東日本,1,D,5,駅データ.jp
1150403,1150403,伊豆多賀,静岡県,熱海市,熱海市,熱海市上多賀,35.059411,139.066847,JR伊東線,JR東日本,1,D,5,駅データ.jp
1150404,1150404,網代,静岡県,熱海市,熱海市,熱海市下多賀,35.043545,139.081245,JR伊東線,JR東日本,1,D,5,駅データ.jp
1150405,1150405,宇佐美,静岡県,伊東市,伊東市,伊東市宇佐美,35.005602,139.079778,JR伊東線,JR東日本,1,D,5,駅データ.jp
1150406,1150406,伊東,静岡県,伊東市,伊東市,伊東市湯川３丁目,34.9747,139.092125,JR伊東線|伊豆急行線,JR東日本|伊豆急行,2,C,23,駅データ.jp
1150502,1150502,下曽我,神奈川県,小田原市,小田原市,小田原市曽我原,35.303554,139.183395,JR御殿場線,JR東海,1,D,5,駅データ.jp
1150503,1150503,上大井,神奈川県,,,足柄上郡大井町上大井,35.321883,139.163508,JR御殿場線,JR東海,1,D,5,駅データ.jp
1150504,1150504,相模金子,神奈川県,,,足柄上郡大井町金子,35.33364,139.150753,JR御殿場線,JR東海,1,D,5,駅データ.jp
1150505,1150505,松田,神奈川県,,,足柄上郡松田町松田惣領,35.346843,139.137417,JR御殿場線,JR東海,1,D,5,駅データ.jp
1150506,1150506,東山北,神奈川県,,,足柄上郡山北町向原,35.357637,139.10765,JR御殿場線,JR東海,1,D,5,駅データ.jp
1150507,1150507,山北,神奈川県,,,足柄上郡山北町山北,35.360808,139.080212,JR御殿場線,JR東海,1,D,5,駅データ.jp
1150508,1150508,谷峨,神奈川県,,,足柄上郡山北町谷ケ,35.366561,139.038234,JR御殿場線,JR東海,1,D,5,駅データ.jp
1150509,1150509,駿河小山,静岡県,,,駿東郡小山町小山,35.359113,138.997689,JR御殿場線,JR東海,1,D,5,駅データ.jp
1150510,1150510,足柄,静岡県,,,駿東郡小山町竹之下,35.332233,138.981687,JR御殿場線,JR東海,1,D,5,駅データ.jp
1150511,1150511,御殿場,静岡県,御殿場市,御殿場市,御殿場市新橋,35.299933,138.93424,JR御殿場線,JR東海,1,D,13,駅データ.jp
1150512,1150512,南御殿場,静岡県,御殿場市,御殿場市,御殿場市竈,35.277269,138.925789,JR御殿場線,JR東海,1,D,13,駅データ.jp
1150513,1150513,富士岡,静岡県,御殿場市,御殿場市,御殿場市中山,35.257299,138.920504,JR御殿場線,JR東海,1,D,5,駅データ.jp
1150514,1150514,岩波,静岡県,裾野市,裾野市,裾野市岩波,35.21498,138.919296,JR御殿場線,JR東海,1,D,5,駅データ.jp
1150515,1150515,裾野,静岡県,裾野市,裾野市,裾野市平松,35.171372,138.909293,JR御殿場線,JR東海,1,D,13,駅データ.jp
1150516,1150516,長泉なめり,静岡県,,,駿東郡長泉町納米里５８-６,35.147633,138.899364,JR御殿場線,JR東海,1,D,5,駅データ.jp
1150517,1150517,下土狩,静岡県,,,駿東郡長泉町下土狩,35.128379,138.895126,JR御殿場線,JR東海,1,D,5,駅データ.jp
1150518,1150518,大岡,静岡県,沼津市,沼津市,沼津市大岡,35.116158,138.881988,JR御殿場線,JR東海,1,D,5,駅データ.jp
1150602,1150602,尾張森岡,愛知県,,,知多郡東浦町森岡字前田,34.993826,136.970279,JR武豊線,JR東海,1,D,5,駅データ.jp
1150603,1150603,緒川,愛知県,,,知多郡東浦町緒川字竹塚,34.981372,136.971899,JR武豊線,JR東海,1,D,5,駅データ.jp
1150604,1150604,石浜,愛知県,,,知多郡東浦町石浜字中子新田,34.967813,136.972932,JR武豊線,JR東海,1,D,5,駅データ.jp
1150605,1150605,東浦,愛知県,,,知多郡東浦町藤江字抑牛,34.949574,136.970725,JR武豊線,JR東海,1,D,5,駅データ.jp
1150606,1150606,亀崎,愛知県,半田市,半田市,半田市亀崎常盤町２丁目,34.918986,136.961058,JR武豊線,JR東海,1,D,5,駅データ.jp
1150607,1150607,乙川,愛知県,半田市,半田市,半田市乙川町,34.903306,136.941344,JR武豊線,JR東海,1,D,5,駅データ.jp
1150608,1150608,半田,愛知県,半田市,半田市,半田市御幸町,34.894167,136.930462,JR武豊線,JR東海,1,D,13,駅データ.jp
1150609,1150609,東成岩,愛知県,半田市,半田市,半田市旭町３丁目,34.874279,136.923416,JR武豊線,JR東海,1,D,5,駅データ.jp
1150610,1150610,武豊,愛知県,,,知多郡武豊町金下,34.853507,136.921244,JR武豊線,JR東海,1,D,5,駅データ.jp
1150702,1150702,小泉,岐阜県,多治見市,多治見市,多治見市小泉町１丁目,35.349055,137.100421,JR太多線,JR東海,1,D,5,駅データ.jp
1150703,1150703,根本,岐阜県,多治見市,多治見市,多治見市根本町２丁目,35.361548,137.090008,JR太多線,JR東海,1,D,5,駅データ.jp
1150704,1150704,姫,岐阜県,多治見市,多治見市,多治見市姫町１丁目,35.382004,137.072078,JR太多線,JR東海,1,D,5,駅データ.jp
1150705,1150705,下切,岐阜県,可児市,可児市,可児市下切字青木,35.393777,137.063734,JR太多線,JR東海,1,D,5,駅データ.jp
1150706,1150706,可児,岐阜県,可児市,可児市,可児市下恵土,35.423057,137.055483,JR太多線|名鉄広見線,JR東海|名古屋鉄道,2,C,23,駅データ.jp
1150707,1150707,美濃川合,岐阜県,美濃加茂市,美濃加茂市,美濃加茂市川合町,35.444138,137.045309,JR太多線,JR東海,1,D,5,駅データ.jp
1150802,1150802,八田,愛知県,名古屋市,名古屋市中川区,名古屋市中川区八田町字下長田,35.149182,136.853331,JR関西本線(名古屋～亀山)|名古屋市営地下鉄東山線|近鉄名古屋線,JR東海|名古屋市交通局|近畿日本鉄道,3,C,24,駅データ.jp
1150803,1150803,春田,愛知県,名古屋市,名古屋市中川区,名古屋市中川区春田２-９２-２,35.14318,136.813512,JR関西本線(名古屋～亀山),JR東海,1,D,5,駅データ.jp
1150804,1150804,蟹江,愛知県,,,海部郡蟹江町大字今上六反田,35.142071,136.793908,JR関西本線(名古屋～亀山),JR東海,1,D,5,駅データ.jp
1150805,1150805,永和,愛知県,愛西市,愛西市,愛西市大野町,35.13285,136.764325,JR関西本線(名古屋～亀山),JR東海,1,D,5,駅データ.jp
1150806,1150806,弥富,愛知県,弥富市,弥富市,弥富市鯏浦町中六,35.113895,136.726322,JR関西本線(名古屋～亀山)|名鉄尾西線|近鉄名古屋線,JR東海|名古屋鉄道|近畿日本鉄道,3,C,32,駅データ.jp
1150807,1150807,長島,三重県,桑名市,桑名市,桑名市長島町西外面,35.097959,136.695956,JR関西本線(名古屋～亀山)|近鉄名古屋線,JR東海|近畿日本鉄道,2,D,15,駅データ.jp
1150808,1150808,桑名,三重県,桑名市,桑名市,桑名市東方,35.067011,136.683684,JR関西本線(名古屋～亀山)|三岐鉄道北勢線|近鉄名古屋線|養老鉄道養老線,JR東海|三岐鉄道|近畿日本鉄道|養老鉄道,4,C,38,駅データ.jp
1150809,1150809,朝日,三重県,,,三重郡朝日町柿,35.033782,136.65803,JR関西本線(名古屋～亀山),JR東海,1,D,5,駅データ.jp
1150810,1150810,富田,三重県,四日市,四日市,四日市市富田３,35.008124,136.653143,JR関西本線(名古屋～亀山),JR東海,1,D,5,駅データ.jp
1150811,1150811,富田浜,三重県,四日市,四日市,四日市市東茂福町,34.996553,136.65004,JR関西本線(名古屋～亀山),JR東海,1,D,5,駅データ.jp
1150812,1150812,四日市,三重県,四日市,四日市,四日市市本町,34.962721,136.630168,JR関西本線(名古屋～亀山),JR東海,1,D,13,駅データ.jp
1150813,1150813,南四日市,三重県,四日市,四日市,四日市市日永東３,34.941514,136.609662,JR関西本線(名古屋～亀山),JR東海,1,D,13,駅データ.jp
1150814,1150814,河原田,三重県,四日市,四日市,四日市市河原田町,34.910818,136.598779,JR関西本線(名古屋～亀山)|伊勢鉄道伊勢線,JR東海|伊勢鉄道,2,D,15,駅データ.jp
1150815,1150815,河曲,三重県,鈴鹿市,鈴鹿市,鈴鹿市木田町,34.897878,136.568018,JR関西本線(名古屋～亀山),JR東海,1,D,5,駅データ.jp
1150816,1150816,加佐登,三重県,鈴鹿市,鈴鹿市,鈴鹿市加佐登町,34.890307,136.529907,JR関西本線(名古屋～亀山),JR東海,1,D,5,駅データ.jp
1150817,1150817,井田川,三重県,亀山市,亀山市,亀山市井田川町,34.868319,136.492658,JR関西本線(名古屋～亀山),JR東海,1,D,5,駅データ.jp
1150818,1150818,亀山,三重県,亀山市,亀山市,亀山市御幸町,34.850103,136.450451,JR紀勢本線|JR関西本線(亀山～加茂)|JR関西本線(名古屋～亀山),JR東海|JR西日本,3,C,32,駅データ.jp
1150902,1150902,関,三重県,亀山市,亀山市,亀山市関町新所,34.849064,136.394777,JR関西本線(亀山～加茂),JR西日本,1,D,5,駅データ.jp
1150903,1150903,加太,三重県,亀山市,亀山市,亀山市加太市場,34.842639,136.340305,JR関西本線(亀山～加茂),JR西日本,1,D,5,駅データ.jp
1150904,1150904,柘植,三重県,伊賀市,伊賀市,伊賀市柘植町小林,34.846993,136.255704,JR草津線|JR関西本線(亀山～加茂),JR西日本,2,D,15,駅データ.jp
1150905,1150905,新堂,三重県,伊賀市,伊賀市,伊賀市新堂中出,34.821168,136.206507,JR関西本線(亀山～加茂),JR西日本,1,D,5,駅データ.jp
1150906,1150906,佐那具,三重県,伊賀市,伊賀市,伊賀市外山,34.804193,136.163171,JR関西本線(亀山～加茂),JR西日本,1,D,5,駅データ.jp
1150907,1150907,伊賀上野,三重県,伊賀市,伊賀市,伊賀市三田,34.789085,136.122962,JR関西本線(亀山～加茂)|伊賀鉄道伊賀線,JR西日本|伊賀鉄道,2,C,23,駅データ.jp
1150908,1150908,島ケ原,三重県,伊賀市,伊賀市,三重県伊賀市島ヶ原広垣内5770,34.767686,136.054184,JR関西本線(亀山～加茂),JR西日本,1,D,5,駅データ.jp
1150909,1150909,月ケ瀬口,京都府,,,京都府相楽郡南山城村大字北大河原小字殿田平尾53-3,34.762813,136.023703,JR関西本線(亀山～加茂),JR西日本,1,D,5,駅データ.jp
1150910,1150910,大河原,京都府,,,相楽郡南山城村大字北大河原,34.77175,135.987635,JR関西本線(亀山～加茂),JR西日本,1,D,5,駅データ.jp
1150911,1150911,笠置,京都府,,,相楽郡笠置町笠置,34.759086,135.934289,JR関西本線(亀山～加茂),JR西日本,1,D,5,駅データ.jp
1150912,1150912,加茂,京都府,木津川市,木津川市,木津川市加茂町里,34.752575,135.869609,JR関西本線(亀山～加茂)|大和路線,JR西日本,2,D,15,駅データ.jp
1151002,1151002,下庄,三重県,亀山市,亀山市,亀山市下庄町,34.81423,136.479628,JR紀勢本線,JR東海,1,D,5,駅データ.jp
1151003,1151003,一身田,三重県,津市,津市,津市大里窪田町,34.76278,136.49938,JR紀勢本線,JR東海,1,D,5,駅データ.jp
1151004,1151004,津,三重県,津市,津市,津市羽所町,34.734211,136.510436,JR紀勢本線|伊勢鉄道伊勢線|近鉄名古屋線,JR東海|伊勢鉄道|近畿日本鉄道,3,B,47,駅データ.jp
1151005,1151005,阿漕,三重県,津市,津市,津市岩田字大倉,34.703554,136.50434,JR紀勢本線,JR東海,1,D,5,駅データ.jp
1151006,1151006,高茶屋,三重県,津市,津市,津市高茶屋小森町,34.667277,136.51256,JR紀勢本線,JR東海,1,D,5,駅データ.jp
1151007,1151007,六軒,三重県,松阪市,松阪市,松阪市小津町,34.617494,136.507574,JR紀勢本線,JR東海,1,D,5,駅データ.jp
1151008,1151008,松阪,三重県,松阪市,松阪市,松阪市京町,34.577168,136.535948,JR名松線|JR紀勢本線|近鉄山田線,JR東海|近畿日本鉄道,3,C,32,駅データ.jp
1151009,1151009,徳和,三重県,松阪市,松阪市,松阪市下村町,34.554016,136.553519,JR紀勢本線,JR東海,1,D,5,駅データ.jp
1151010,1151010,多気,三重県,,,多気郡多気町多気,34.516318,136.572777,JR参宮線|JR紀勢本線,JR東海,2,D,15,駅データ.jp
1151011,1151011,相可,三重県,,,多気郡多気町大字相可,34.502725,136.545538,JR紀勢本線,JR東海,1,D,5,駅データ.jp
1151012,1151012,佐奈,三重県,,,多気郡多気町大字平谷,34.478469,136.538986,JR紀勢本線,JR東海,1,D,5,駅データ.jp
1151013,1151013,栃原,三重県,,,多気郡大台町大字栃原,34.444625,136.509286,JR紀勢本線,JR東海,1,D,5,駅データ.jp
1151014,1151014,川添,三重県,,,多気郡大台町大字上楠,34.419739,136.473218,JR紀勢本線,JR東海,1,D,5,駅データ.jp
1151015,1151015,三瀬谷,三重県,,,多気郡大台町佐原,34.394823,136.409183,JR紀勢本線,JR東海,1,D,5,駅データ.jp
1151016,1151016,滝原,三重県,,,多気郡大台町大ケ所,34.360105,136.411976,JR紀勢本線,JR東海,1,D,5,駅データ.jp
1151017,1151017,阿曽,三重県,,,度会郡大紀町阿曽,34.331342,136.411082,JR紀勢本線,JR東海,1,D,5,駅データ.jp
1151018,1151018,伊勢柏崎,三重県,,,度会郡大紀町崎,34.299779,136.395394,JR紀勢本線,JR東海,1,D,5,駅データ.jp
1151019,1151019,大内山,三重県,,,度会郡大紀町大内山,34.278152,136.359284,JR紀勢本線,JR東海,1,D,5,駅データ.jp
1151020,1151020,梅ケ谷,三重県,,,三重県度会郡大紀町大内山1135,34.258098,136.356555,JR紀勢本線,JR東海,1,D,5,駅データ.jp
1151021,1151021,紀伊長島,三重県,北牟婁郡紀北町紀伊長島区,北牟婁郡紀北町紀伊長島区,北牟婁郡紀北町紀伊長島区東長島,34.20937,136.339968,JR紀勢本線,JR東海,1,D,5,駅データ.jp
1151022,1151022,三野瀬,三重県,北牟婁郡紀北町紀伊長島区,北牟婁郡紀北町紀伊長島区,北牟婁郡紀北町紀伊長島区三浦,34.167771,136.282519,JR紀勢本線,JR東海,1,D,5,駅データ.jp
1151023,1151023,船津,三重県,北牟婁郡紀北町海山区,北牟婁郡紀北町海山区,三重県北牟婁郡紀北町海山区上里456,34.142214,136.228763,JR紀勢本線,JR東海,1,D,5,駅データ.jp
1151024,1151024,相賀,三重県,北牟婁郡紀北町海山区,北牟婁郡紀北町海山区,北牟婁郡紀北町海山区相賀,34.111943,136.227099,JR紀勢本線,JR東海,1,D,5,駅データ.jp
1151025,1151025,尾鷲,三重県,尾鷲市,尾鷲市,尾鷲市中村町,34.074304,136.190168,JR紀勢本線,JR東海,1,D,13,駅データ.jp
1151026,1151026,大曽根浦,三重県,尾鷲市,尾鷲市,尾鷲市大字大曽根浦,34.061901,136.222934,JR紀勢本線,JR東海,1,D,5,駅データ.jp
1151027,1151027,九鬼,三重県,尾鷲市,尾鷲市,尾鷲市九鬼町,34.016026,136.242703,JR紀勢本線,JR東海,1,D,5,駅データ.jp
1151028,1151028,三木里,三重県,尾鷲市,尾鷲市,尾鷲市三木里町,34.001454,136.202518,JR紀勢本線,JR東海,1,D,5,駅データ.jp
1151029,1151029,賀田,三重県,尾鷲市,尾鷲市,尾鷲市曽根町,33.971643,136.189747,JR紀勢本線,JR東海,1,D,5,駅データ.jp
1151030,1151030,二木島,三重県,熊野市,熊野市,熊野市二木島町,33.939424,136.180882,JR紀勢本線,JR東海,1,D,5,駅データ.jp
1151031,1151031,新鹿,三重県,熊野市,熊野市,熊野市新鹿町,33.927886,136.144215,JR紀勢本線,JR東海,1,D,5,駅データ.jp
1151032,1151032,波田須,三重県,熊野市,熊野市,熊野市波田須町,33.910091,136.138139,JR紀勢本線,JR東海,1,D,5,駅データ.jp
1151033,1151033,大泊,三重県,熊野市,熊野市,熊野市大泊町,33.902242,136.11806,JR紀勢本線,JR東海,1,D,5,駅データ.jp
1151034,1151034,熊野市,三重県,熊野市,熊野市,熊野市井戸町,33.889656,136.098745,JR紀勢本線,JR東海,1,D,13,駅データ.jp
1151035,1151035,有井,三重県,熊野市,熊野市,熊野市有馬町,33.876213,136.085585,JR紀勢本線,JR東海,1,D,5,駅データ.jp
1151036,1151036,神志山,三重県,南牟婁郡御浜町大字下市,南牟婁郡御浜町大字下市,南牟婁郡御浜町大字下市木,33.839881,136.062154,JR紀勢本線,JR東海,1,D,5,駅データ.jp
1151037,1151037,紀伊市木,三重県,南牟婁郡御浜町大字下市,南牟婁郡御浜町大字下市,南牟婁郡御浜町大字下市木,33.827932,136.055371,JR紀勢本線,JR東海,1,D,5,駅データ.jp
1151038,1151038,阿田和,三重県,,,南牟婁郡御浜町大字阿田和,33.804806,136.042416,JR紀勢本線,JR東海,1,D,5,駅データ.jp
1151039,1151039,紀伊井田,三重県,,,南牟婁郡紀宝町井田,33.759801,136.023846,JR紀勢本線,JR東海,1,D,5,駅データ.jp
1151040,1151040,鵜殿,三重県,,,南牟婁郡紀宝町鵜殿,33.736595,136.015364,JR紀勢本線,JR東海,1,D,5,駅データ.jp
1151041,1151041,新宮,和歌山県,新宮市,新宮市,新宮市新宮,33.725119,135.994099,JR紀勢本線|きのくに線,JR東海|JR西日本,2,C,23,駅データ.jp
1151102,1151102,油日,滋賀県,甲賀市,甲賀市,甲賀市甲賀町上野,34.889691,136.22953,JR草津線,JR西日本,1,D,5,駅データ.jp
1151103,1151103,甲賀,滋賀県,甲賀市,甲賀市,甲賀市甲賀町大原市場,34.9013,136.212679,JR草津線,JR西日本,1,D,13,駅データ.jp
1151104,1151104,寺庄,滋賀県,甲賀市,甲賀市,甲賀市甲南町寺庄,34.919078,136.185892,JR草津線,JR西日本,1,D,5,駅データ.jp
1151105,1151105,甲南,滋賀県,甲賀市,甲賀市,甲賀市甲南町深川,34.931804,136.16899,JR草津線,JR西日本,1,D,5,駅データ.jp
1151106,1151106,貴生川,滋賀県,甲賀市,甲賀市,甲賀市水口町虫生野,34.952241,136.153903,JR草津線|信楽高原鐵道信楽線|近江鉄道本線,JR西日本|信楽高原鐵道|近江鉄道,3,C,24,駅データ.jp
1151107,1151107,三雲,滋賀県,湖南市,湖南市,湖南市三雲,34.983131,136.117777,JR草津線,JR西日本,1,D,5,駅データ.jp
1151108,1151108,甲西,滋賀県,湖南市,湖南市,湖南市平松堂前,35.000651,136.08236,JR草津線,JR西日本,1,D,5,駅データ.jp
1151109,1151109,石部,滋賀県,湖南市,湖南市,湖南市石部,35.017685,136.052963,JR草津線,JR西日本,1,D,5,駅データ.jp
1151110,1151110,手原,滋賀県,栗東市,栗東市,栗東市大字手原,35.027347,135.999237,JR草津線,JR西日本,1,D,5,駅データ.jp
1151111,1151111,草津,滋賀県,草津市,草津市,草津市渋川１丁目,35.022913,135.962744,JR草津線|琵琶湖線,JR西日本,2,C,23,駅データ.jp
1151202,1151202,外城田,三重県,,,多気郡多気町大字土羽,34.497641,136.596997,JR参宮線,JR東海,1,D,5,駅データ.jp
1151203,1151203,田丸,三重県,,,度会郡玉城町佐田,34.488543,136.63402,JR参宮線,JR東海,1,D,5,駅データ.jp
1151204,1151204,宮川,三重県,伊勢市,伊勢市,伊勢市小俣町本町２９３１-１,34.503252,136.672506,JR参宮線,JR東海,1,D,5,駅データ.jp
1151205,1151205,山田上口,三重県,伊勢市,伊勢市,伊勢市常磐町,34.49581,136.694246,JR参宮線,JR東海,1,D,5,駅データ.jp
1151206,1151206,伊勢市,三重県,伊勢市,伊勢市,伊勢市吹上１丁目,34.491673,136.709908,JR参宮線|近鉄山田線,JR東海|近畿日本鉄道,2,C,23,駅データ.jp
1151207,1151207,五十鈴ケ丘,三重県,伊勢市,伊勢市,三重県伊勢市黒瀬町1342,34.495884,136.739797,JR参宮線,JR東海,1,D,5,駅データ.jp
1151208,1151208,二見浦,三重県,伊勢市,伊勢市,伊勢市二見町三津,34.503753,136.77713,JR参宮線,JR東海,1,D,5,駅データ.jp
1151209,1151209,松下,三重県,伊勢市,伊勢市,伊勢市二見町松下,34.496201,136.799134,JR参宮線,JR東海,1,D,5,駅データ.jp
1151211,1151211,鳥羽,三重県,鳥羽市,鳥羽市,鳥羽市鳥羽１,34.486667,136.843008,JR参宮線|近鉄志摩線|近鉄鳥羽線,JR東海|近畿日本鉄道,3,C,32,駅データ.jp
1151302,1151302,上ノ庄,三重県,松阪市,松阪市,松阪市上ノ庄町,34.597996,136.499273,JR名松線,JR東海,1,D,5,駅データ.jp
1151303,1151303,権現前,三重県,松阪市,松阪市,松阪市嬉野権現前町,34.617691,136.482202,JR名松線,JR東海,1,D,5,駅データ.jp
1151304,1151304,伊勢八太,三重県,津市,津市,津市一志町小山（その他）,34.647523,136.446916,JR名松線,JR東海,1,D,5,駅データ.jp
1151305,1151305,一志,三重県,津市,津市,津市一志町八太（その他）,34.655659,136.436379,JR名松線|近鉄大阪線,JR東海|近畿日本鉄道,2,D,15,駅データ.jp
1151306,1151306,井関,三重県,津市,津市,津市一志町井関,34.642493,136.412653,JR名松線,JR東海,1,D,5,駅データ.jp
1151307,1151307,伊勢大井,三重県,津市,津市,津市一志町井生,34.650013,136.385179,JR名松線,JR東海,1,D,5,駅データ.jp
1151308,1151308,伊勢川口,三重県,津市,津市,津市白山町川口,34.64767,136.356849,JR名松線,JR東海,1,D,5,駅データ.jp
1151309,1151309,関ノ宮,三重県,津市,津市,津市白山町川口,34.637693,136.339721,JR名松線,JR東海,1,D,5,駅データ.jp
1151310,1151310,家城,三重県,津市,津市,津市白山町南家城,34.625791,136.319246,JR名松線,JR東海,1,D,5,駅データ.jp
1151311,1151311,伊勢竹原,三重県,津市,津市,津市美杉町竹原,34.599785,136.309081,JR名松線,JR東海,1,D,5,駅データ.jp
1151312,1151312,伊勢鎌倉,三重県,津市,津市,津市美杉町八知,34.574023,136.278349,JR名松線,JR東海,1,D,5,駅データ.jp
1151313,1151313,伊勢八知,三重県,津市,津市,津市美杉町八知,34.555355,136.263952,JR名松線,JR東海,1,D,5,駅データ.jp
1151314,1151314,比津,三重県,津市,津市,津市美杉町八知,34.531967,136.270716,JR名松線,JR東海,1,D,13,駅データ.jp
1151315,1151315,伊勢奥津,三重県,津市,津市,津市美杉町奥津,34.512155,136.260031,JR名松線,JR東海,1,D,13,駅データ.jp
1160102,1160102,彦根,滋賀県,彦根市,彦根市,彦根市古沢町,35.271997,136.263439,琵琶湖線|近江鉄道本線,JR西日本|近江鉄道,2,C,23,駅データ.jp
1160103,1160103,南彦根,滋賀県,彦根市,彦根市,彦根市小泉町,35.246097,136.248,琵琶湖線,JR西日本,1,D,13,駅データ.jp
1160104,1160104,河瀬,滋賀県,彦根市,彦根市,彦根市南川瀬町,35.225384,136.225285,琵琶湖線,JR西日本,1,D,5,駅データ.jp
1160105,1160105,稲枝,滋賀県,彦根市,彦根市,彦根市稲枝町,35.203312,136.194469,琵琶湖線,JR西日本,1,D,5,駅データ.jp
1160106,1160106,能登川,滋賀県,東近江市,東近江市,東近江市林町,35.179897,136.165987,琵琶湖線,JR西日本,1,D,5,駅データ.jp
1160107,1160107,安土,滋賀県,近江八幡市,近江八幡市,滋賀県近江八幡市安土町上豊浦,35.142465,136.1335,琵琶湖線,JR西日本,1,D,5,駅データ.jp
1160108,1160108,近江八幡,滋賀県,近江八幡市,近江八幡市,近江八幡市鷹飼町,35.122588,136.102763,琵琶湖線|近江鉄道八日市線,JR西日本|近江鉄道,2,C,23,駅データ.jp
1160109,1160109,篠原,滋賀県,近江八幡市,近江八幡市,近江八幡市上野町,35.099203,136.071679,琵琶湖線,JR西日本,1,D,5,駅データ.jp
1160110,1160110,野洲,滋賀県,野洲市,野洲市,野洲市小篠原,35.068509,136.022487,琵琶湖線,JR西日本,1,D,13,駅データ.jp
1160111,1160111,守山,滋賀県,守山市,守山市,守山市梅田町,35.050513,135.996037,琵琶湖線,JR西日本,1,D,13,駅データ.jp
1160112,1160112,栗東,滋賀県,栗東市,栗東市,栗東市綣字新改,35.037448,135.980083,琵琶湖線,JR西日本,1,D,13,駅データ.jp
1160114,1160114,南草津,滋賀県,草津市,草津市,草津市野路町池之尻,35.003855,135.947362,琵琶湖線,JR西日本,1,D,13,駅データ.jp
1160115,1160115,瀬田,滋賀県,大津市,大津市,大津市大萱１丁目,34.987223,135.925673,琵琶湖線,JR西日本,1,D,5,駅データ.jp
1160116,1160116,石山,滋賀県,大津市,大津市,大津市粟津町,34.979404,135.900758,京阪石山坂本線|琵琶湖線,JR西日本|京阪電鉄,2,D,15,駅データ.jp
1160117,1160117,膳所,滋賀県,大津市,大津市,大津市馬場２丁目,34.999598,135.880686,京阪石山坂本線|琵琶湖線,JR西日本|京阪電鉄,2,D,15,駅データ.jp
1160118,1160118,大津,滋賀県,大津市,大津市,大津市春日町,35.002997,135.864651,琵琶湖線,JR西日本,1,C,28,駅データ.jp
1160119,1160119,山科,京都府,京都市,京都市山科区,京都市山科区安朱北屋敷町,34.992186,135.816876,JR湖西線|京都市営地下鉄東西線|京阪京津線|琵琶湖線,JR西日本|京都市交通局|京阪電鉄,4,C,30,駅データ.jp
1160120,1160120,京都,京都府,京都市,京都市下京区,京都市下京区烏丸通塩小路下ル東塩小路町,34.985555,135.75785,JR京都線|JR湖西線|京都市営地下鉄烏丸線|奈良線|嵯峨野線|琵琶湖線|近鉄京都線,JR西日本|京都市交通局|近畿日本鉄道,7,S,80,駅データ.jp
1160202,1160202,西大路,京都府,京都市,京都市南区,京都市南区唐橋平垣町,34.981077,135.731702,JR京都線,JR西日本,1,D,5,駅データ.jp
1160203,1160203,向日町,京都府,向日市,向日市,向日市寺戸町久々相,34.954838,135.709804,JR京都線,JR西日本,1,D,13,駅データ.jp
1160204,1160204,長岡京,京都府,長岡京市,長岡京市,長岡京市神足２丁目,34.923483,135.700882,JR京都線,JR西日本,1,D,13,駅データ.jp
1160205,1160205,山崎,京都府,,,乙訓郡大山崎町西谷,34.891871,135.680381,JR京都線|阪急京都本線,JR西日本|阪急電鉄,2,D,15,駅データ.jp
1160206,1160206,高槻,大阪府,高槻市,高槻市,高槻市白梅町,34.8512,135.617016,JR京都線,JR西日本,1,D,13,駅データ.jp
1160207,1160207,摂津富田,大阪府,高槻市,高槻市,高槻市富田町１丁目,34.837729,135.59336,JR京都線,JR西日本,1,D,5,駅データ.jp
1160208,1160208,茨木,大阪府,茨木市,茨木市,茨木市駅前１丁目,34.815091,135.56208,JR京都線,JR西日本,1,D,13,駅データ.jp
1160209,1160209,千里丘,大阪府,摂津市,摂津市,摂津市千里丘１丁目,34.791502,135.551512,JR京都線,JR西日本,1,D,5,駅データ.jp
1160210,1160210,岸辺,大阪府,吹田市,吹田市,吹田市岸部南１丁目,34.776812,135.541613,JR京都線,JR西日本,1,D,5,駅データ.jp
1160211,1160211,吹田,大阪府,吹田市,吹田市,大阪府吹田市朝日町1-1,34.763209,135.523642,JR京都線,JR西日本,1,D,13,駅データ.jp
1160212,1160212,東淀川,大阪府,大阪市,大阪市淀川区,大阪市淀川区宮原２丁目,34.73938,135.503915,JR京都線,JR西日本,1,D,5,駅データ.jp
1160213,1160213,新大阪,大阪府,大阪市,大阪市淀川区,大阪市淀川区西中島５丁目,34.733512,135.500173,JR京都線|おおさか東線|大阪メトロ御堂筋線,JR西日本|Osaka Metro,3,A,60,駅データ.jp
1160214,1160214,大阪,大阪府,大阪市,大阪市北区,大阪市北区梅田３丁目,34.702503,135.496742,JR京都線|JR宝塚線|JR東西線|JR神戸線(大阪～神戸)|おおさか東線|大阪メトロ四つ橋線|大阪メトロ御堂筋線|大阪メトロ谷町線|大阪環状線|阪急京都本線|阪急宝塚本線|阪急神戸本線|阪神本線,JR西日本|Osaka Metro|阪急電鉄|阪神電鉄,13,S,80,駅データ.jp
1160215,1160215,島本,大阪府,,,三島郡島本町桜井２丁目,34.881337,135.663385,JR京都線,JR西日本,1,D,5,駅データ.jp
1160216,1160216,桂川,京都府,京都市,京都市南区,京都市南区久世高田町6-7,34.964814,135.710391,JR京都線,JR西日本,1,D,5,駅データ.jp
1160217,1160217,JR総持寺,大阪府,茨木市,茨木市,大阪府茨木市庄一丁目28番55号,34.828611,135.577778,JR京都線,JR西日本,1,D,5,駅データ.jp
1160302,1160302,塚本,大阪府,大阪市,大阪市淀川区,大阪市淀川区塚本二丁目28-2,34.712581,135.468878,JR宝塚線|JR神戸線(大阪～神戸),JR西日本,2,D,15,駅データ.jp
1160303,1160303,尼崎,兵庫県,尼崎市,尼崎市,兵庫県尼崎市潮江一丁目1-1,34.731791,135.431685,JR宝塚線|JR東西線|JR神戸線(大阪～神戸),JR西日本,3,C,32,駅データ.jp
1160304,1160304,立花,兵庫県,尼崎市,尼崎市,尼崎市立花町１丁目,34.737875,135.399571,JR神戸線(大阪～神戸),JR西日本,1,D,5,駅データ.jp
1160305,1160305,甲子園口,兵庫県,西宮市,西宮市,西宮市甲子園口２丁目,34.739052,135.374426,JR神戸線(大阪～神戸),JR西日本,1,D,5,駅データ.jp
1160306,1160306,西宮,兵庫県,西宮市,西宮市,兵庫県西宮市池田町9-3,34.738985,135.348703,JR神戸線(大阪～神戸),JR西日本,1,D,13,駅データ.jp
1160307,1160307,芦屋,兵庫県,芦屋市,芦屋市,兵庫県芦屋市船戸町1-30,34.734207,135.307102,JR神戸線(大阪～神戸),JR西日本,1,D,13,駅データ.jp
1160308,1160308,甲南山手,兵庫県,神戸市,神戸市東灘区,神戸市東灘区森北町,34.730616,135.292788,JR神戸線(大阪～神戸),JR西日本,1,D,5,駅データ.jp
1160309,1160309,摂津本山,兵庫県,神戸市,神戸市東灘区,神戸市東灘区岡本１丁目,34.726661,135.27699,JR神戸線(大阪～神戸),JR西日本,1,D,5,駅データ.jp
1160310,1160310,住吉,兵庫県,神戸市,神戸市東灘区,神戸市東灘区住吉本町一丁目2-9,34.719554,135.262084,JR神戸線(大阪～神戸)|六甲ライナー,JR西日本|神戸新交通,2,D,15,駅データ.jp
1160311,1160311,六甲道,兵庫県,神戸市,神戸市灘区,神戸市灘区永手町４丁目,34.714945,135.238588,JR神戸線(大阪～神戸),JR西日本,1,D,5,駅データ.jp
1160312,1160312,灘,兵庫県,神戸市,神戸市灘区,神戸市灘区岩屋北町７丁目,34.705918,135.216578,JR神戸線(大阪～神戸),JR西日本,1,D,5,駅データ.jp
1160313,1160313,三ノ宮,兵庫県,神戸市,神戸市中央区,神戸市中央区布引町,34.693576,135.194249,JR神戸線(大阪～神戸)|ポートライナー|夢かもめ|神戸市営地下鉄山手線|神戸高速東西線|阪急神戸本線|阪神本線,JR西日本|神戸市交通局|神戸新交通|神戸高速鉄道|阪急電鉄|阪神電鉄,7,S,80,駅データ.jp
1160314,1160314,元町,兵庫県,神戸市,神戸市中央区,神戸市中央区元町高架通り,34.68962,135.187385,JR神戸線(大阪～神戸)|神戸高速東西線|阪神本線,JR西日本|神戸高速鉄道|阪神電鉄,3,C,24,駅データ.jp
1160315,1160315,神戸,兵庫県,神戸市,神戸市中央区,神戸市中央区相生町３丁目,34.679153,135.178366,JR神戸線(大阪～神戸)|JR神戸線(神戸～姫路)|夢かもめ,JR西日本|神戸市交通局,3,C,39,駅データ.jp
1160316,1160316,さくら夙川,兵庫県,西宮市,西宮市,西宮市安井２７９８番地,34.739079,135.331093,JR神戸線(大阪～神戸),JR西日本,1,D,5,駅データ.jp
1160317,1160317,摩耶,兵庫県,神戸市,神戸市灘区,神戸市灘区灘南通六丁目,34.708667,135.225167,JR神戸線(大阪～神戸),JR西日本,1,D,5,駅データ.jp
1160503,1160503,大津京,滋賀県,大津市,大津市,大津市皇子が丘２丁目,35.023584,135.856395,JR湖西線|京阪石山坂本線,JR西日本|京阪電鉄,2,C,23,駅データ.jp
1160504,1160504,唐崎,滋賀県,大津市,大津市,大津市唐崎２丁目,35.049795,135.866969,JR湖西線,JR西日本,1,D,5,駅データ.jp
1160505,1160505,比叡山坂本,滋賀県,大津市,大津市,大津市坂本本町,35.070403,135.878259,JR湖西線,JR西日本,1,D,5,駅データ.jp
1160506,1160506,おごと温泉,滋賀県,大津市,大津市,大津市雄琴３丁目,35.097425,135.895046,JR湖西線,JR西日本,1,D,5,駅データ.jp
1160507,1160507,堅田,滋賀県,大津市,大津市,大津市真野町,35.12094,135.915107,JR湖西線,JR西日本,1,D,5,駅データ.jp
1160508,1160508,小野,滋賀県,大津市,大津市,大津市湖青１丁目,35.138832,135.922642,JR湖西線,JR西日本,1,D,5,駅データ.jp
1160509,1160509,和邇,滋賀県,大津市,大津市,大津市和邇中浜,35.161588,135.922348,JR湖西線,JR西日本,1,D,5,駅データ.jp
1160510,1160510,蓬莱,滋賀県,大津市,大津市,大津市八屋戸,35.182594,135.915443,JR湖西線,JR西日本,1,D,5,駅データ.jp
1160511,1160511,志賀,滋賀県,大津市,大津市,大津市木戸,35.202348,135.924987,JR湖西線,JR西日本,1,D,5,駅データ.jp
1160512,1160512,比良,滋賀県,大津市,大津市,大津市北比良,35.219918,135.944198,JR湖西線,JR西日本,1,D,5,駅データ.jp
1160513,1160513,近江舞子,滋賀県,大津市,大津市,大津市南小松,35.236342,135.959294,JR湖西線,JR西日本,1,D,5,駅データ.jp
1160514,1160514,北小松,滋賀県,大津市,大津市,大津市北小松,35.253384,135.970293,JR湖西線,JR西日本,1,D,5,駅データ.jp
1160515,1160515,近江高島,滋賀県,高島市,高島市,高島市勝野,35.292657,136.010374,JR湖西線,JR西日本,1,D,13,駅データ.jp
1160516,1160516,安曇川,滋賀県,高島市,高島市,高島市安曇川町西万木,35.32842,136.019887,JR湖西線,JR西日本,1,D,5,駅データ.jp
1160517,1160517,新旭,滋賀県,高島市,高島市,高島市新旭町旭,35.355902,136.035796,JR湖西線,JR西日本,1,D,5,駅データ.jp
1160518,1160518,近江今津,滋賀県,高島市,高島市,高島市今津町名小路,35.396864,136.031882,JR湖西線,JR西日本,1,D,5,駅データ.jp
1160519,1160519,近江中庄,滋賀県,高島市,高島市,高島市マキノ町中庄,35.441648,136.038374,JR湖西線,JR西日本,1,D,5,駅データ.jp
1160520,1160520,マキノ,滋賀県,高島市,高島市,高島市マキノ町西浜,35.461437,136.05978,JR湖西線,JR西日本,1,D,5,駅データ.jp
1160521,1160521,永原,滋賀県,長浜市,長浜市,滋賀県長浜市西浅井町大浦字羽部1098-4,35.498857,136.122326,JR湖西線,JR西日本,1,D,5,駅データ.jp
1160702,1160702,木津,京都府,木津川市,木津川市,木津川市木津,34.735962,135.824794,大和路線|奈良線|学研都市線,JR西日本,3,C,24,駅データ.jp
1160703,1160703,平城山,奈良県,奈良市,奈良市,奈良市佐保台１丁目,34.710431,135.810252,大和路線|奈良線,JR西日本,2,D,15,駅データ.jp
1160704,1160704,奈良,奈良県,奈良市,奈良市,奈良市三条本町,34.680482,135.818935,万葉まほろば線|大和路線|奈良線,JR西日本,3,B,47,駅データ.jp
1160705,1160705,郡山,奈良県,大和郡山市,大和郡山市,大和郡山市高田口町,34.648335,135.790441,大和路線,JR西日本,1,D,15,駅データ.jp
1160706,1160706,大和小泉,奈良県,大和郡山市,大和郡山市,大和郡山市小泉町,34.622226,135.763488,大和路線,JR西日本,1,D,5,駅データ.jp
1160707,1160707,法隆寺,奈良県,,,生駒郡斑鳩町興留,34.601377,135.738604,大和路線,JR西日本,1,D,5,駅データ.jp
1160708,1160708,王寺,奈良県,,,北葛城郡王寺町久度２丁目,34.597578,135.703696,JR和歌山線|大和路線|近鉄生駒線|近鉄田原本線,JR西日本|近畿日本鉄道,4,C,30,駅データ.jp
1160709,1160709,三郷,奈良県,,,生駒郡三郷町大字立野南２,34.588867,135.687484,大和路線,JR西日本,1,D,5,駅データ.jp
1160710,1160710,河内堅上,大阪府,柏原市,柏原市,柏原市大字青谷,34.574005,135.662956,大和路線,JR西日本,1,D,5,駅データ.jp
1160711,1160711,高井田,大阪府,柏原市,柏原市,大阪府柏原市高井田687-3,34.57147,135.638645,大和路線,JR西日本,1,D,5,駅データ.jp
1160712,1160712,柏原,大阪府,柏原市,柏原市,柏原市上市１,34.586675,135.623359,大和路線|近鉄道明寺線,JR西日本|近畿日本鉄道,2,C,23,駅データ.jp
1160713,1160713,志紀,大阪府,八尾市,八尾市,八尾市志紀町３,34.600248,135.615998,大和路線,JR西日本,1,D,5,駅データ.jp
1160714,1160714,八尾,大阪府,八尾市,八尾市,八尾市安中町３,34.617265,135.597136,大和路線,JR西日本,1,D,13,駅データ.jp
1160715,1160715,久宝寺,大阪府,八尾市,八尾市,八尾市大字亀井町,34.622558,135.583988,おおさか東線|大和路線,JR西日本,2,D,15,駅データ.jp
1160716,1160716,加美,大阪府,大阪市,大阪市平野区,大阪市平野区加美鞍作１,34.626874,135.567764,おおさか東線|大和路線,JR西日本,2,D,15,駅データ.jp
1160717,1160717,平野,大阪府,大阪市,大阪市平野区,大阪市平野区平野元町9-12,34.630842,135.551612,大和路線,JR西日本,1,D,5,駅データ.jp
1160718,1160718,東部市場前,大阪府,大阪市,大阪市東住吉区,大阪市東住吉区杭全１,34.638056,135.537802,大和路線,JR西日本,1,D,5,駅データ.jp
1160719,1160719,天王寺,大阪府,大阪市,大阪市天王寺区,大阪市天王寺区悲田院町,34.646829,135.513819,大和路線|大阪メトロ御堂筋線|大阪メトロ谷町線|大阪環状線|近鉄南大阪線|阪和線(天王寺～和歌山)|阪堺電軌上町線,JR西日本|Osaka Metro|近畿日本鉄道|阪堺電気軌道,7,A,60,駅データ.jp
1160720,1160720,新今宮,大阪府,大阪市,大阪市浪速区,大阪市浪速区恵美須西三丁目17-1,34.649759,135.502131,南海本線|南海高野線|大和路線|大阪メトロ堺筋線|大阪メトロ御堂筋線|大阪環状線|阪堺電軌阪堺線,JR西日本|Osaka Metro|南海電鉄|阪堺電気軌道,7,C,35,駅データ.jp
1160721,1160721,今宮,大阪府,大阪市,大阪市浪速区,大阪市浪速区大国３丁目,34.654156,135.492975,大和路線|大阪環状線,JR西日本,2,D,15,駅データ.jp
1160722,1160722,ＪＲ難波,大阪府,大阪市,大阪市浪速区,大阪市浪速区湊町１,34.666438,135.495265,大和路線,JR西日本,1,D,5,駅データ.jp
1160802,1160802,兵庫,兵庫県,神戸市,神戸市兵庫区,神戸市兵庫区駅南通５丁目,34.668343,135.164706,JR山陽本線(兵庫～和田岬)|JR神戸線(神戸～姫路),JR西日本,2,D,15,駅データ.jp
1160803,1160803,新長田,兵庫県,神戸市,神戸市長田区,神戸市長田区松野通１丁目,34.657496,135.145007,JR神戸線(神戸～姫路)|夢かもめ|神戸市営地下鉄山手線|神戸市営地下鉄西神線,JR西日本|神戸市交通局,4,C,30,駅データ.jp
1160804,1160804,鷹取,兵庫県,神戸市,神戸市須磨区,神戸市須磨区大池町,34.651667,135.135275,JR神戸線(神戸～姫路),JR西日本,1,D,5,駅データ.jp
1160805,1160805,須磨,兵庫県,神戸市,神戸市須磨区,神戸市須磨区須磨浦通４丁目,34.642876,135.112511,JR神戸線(神戸～姫路)|山陽電鉄本線,JR西日本|山陽電気鉄道,2,D,15,駅データ.jp
1160806,1160806,塩屋,兵庫県,神戸市,神戸市垂水区,神戸市垂水区塩屋町,34.633543,135.082875,JR神戸線(神戸～姫路)|山陽電鉄本線,JR西日本|山陽電気鉄道,2,D,15,駅データ.jp
1160807,1160807,垂水,兵庫県,神戸市,神戸市垂水区,神戸市垂水区神田町,34.62936,135.053747,JR神戸線(神戸～姫路)|山陽電鉄本線,JR西日本|山陽電気鉄道,2,D,15,駅データ.jp
1160808,1160808,舞子,兵庫県,神戸市,神戸市垂水区,神戸市垂水区東舞子町,34.633588,135.034024,JR神戸線(神戸～姫路)|山陽電鉄本線,JR西日本|山陽電気鉄道,2,D,15,駅データ.jp
1160809,1160809,朝霧,兵庫県,明石市,明石市,兵庫県明石市朝霧南町一丁目238,34.644196,135.017485,JR神戸線(神戸～姫路),JR西日本,1,D,5,駅データ.jp
1160810,1160810,明石,兵庫県,明石市,明石市,明石市大明石町１丁目,34.648905,134.992726,JR神戸線(神戸～姫路)|山陽電鉄本線,JR西日本|山陽電気鉄道,2,C,23,駅データ.jp
1160811,1160811,西明石,兵庫県,明石市,明石市,明石市小久保町２丁目,34.66591,134.960151,JR神戸線(神戸～姫路),JR西日本,1,C,23,駅データ.jp
1160812,1160812,大久保,兵庫県,明石市,明石市,明石市大久保町,34.681914,134.939194,JR神戸線(神戸～姫路),JR西日本,1,D,5,駅データ.jp
1160813,1160813,魚住,兵庫県,明石市,明石市,明石市魚住町中尾,34.696401,134.906028,JR神戸線(神戸～姫路),JR西日本,1,D,5,駅データ.jp
1160814,1160814,土山,兵庫県,,,加古郡播磨町野添,34.720482,134.888921,JR神戸線(神戸～姫路),JR西日本,1,D,5,駅データ.jp
1160815,1160815,東加古川,兵庫県,加古川市,加古川市,加古川市平岡町新在家,34.745857,134.869244,JR神戸線(神戸～姫路),JR西日本,1,D,13,駅データ.jp
1160816,1160816,加古川,兵庫県,加古川市,加古川市,加古川市加古川町篠原町,34.767666,134.839447,JR加古川線|JR神戸線(神戸～姫路),JR西日本,2,C,23,駅データ.jp
1160817,1160817,宝殿,兵庫県,高砂市,高砂市,高砂市米田町神爪八ノ森,34.784795,134.812158,JR神戸線(神戸～姫路),JR西日本,1,D,5,駅データ.jp
1160818,1160818,曽根,兵庫県,高砂市,高砂市,高砂市阿弥陀,34.793304,134.769838,JR神戸線(神戸～姫路),JR西日本,1,D,5,駅データ.jp
1160819,1160819,ひめじ別所,兵庫県,姫路市,姫路市,姫路市別所町別所字今池１５７１-１,34.805544,134.753309,JR神戸線(神戸～姫路),JR西日本,1,D,5,駅データ.jp
1160820,1160820,御着,兵庫県,姫路市,姫路市,姫路市御国野町御着,34.816944,134.735486,JR神戸線(神戸～姫路),JR西日本,1,D,5,駅データ.jp
1160821,1160821,姫路,兵庫県,姫路市,姫路市,姫路市駅前町御殿前,34.827884,134.690468,JR姫新線(姫路～佐用)|JR山陽本線(姫路～岡山)|JR播但線|JR神戸線(神戸～姫路)|山陽電鉄本線,JR西日本|山陽電気鉄道,5,A,60,駅データ.jp
1160822,1160822,須磨海浜公園,兵庫県,神戸市,神戸市須磨区,神戸市須磨区松風町５丁目,34.647185,135.126616,JR神戸線(神戸～姫路),JR西日本,1,D,5,駅データ.jp
1160823,1160823,東姫路,兵庫県,姫路市,姫路市,姫路市市之郷字高田1046-26,34.824361,134.712472,JR神戸線(神戸～姫路),JR西日本,1,D,13,駅データ.jp
1160902,1160902,英賀保,兵庫県,姫路市,姫路市飾磨区,姫路市飾磨区山崎,34.813235,134.644762,JR山陽本線(姫路～岡山),JR西日本,1,D,5,駅データ.jp
1160903,1160903,網干,兵庫県,姫路市,姫路市網干区,姫路市網干区和久,34.814096,134.584035,JR山陽本線(姫路～岡山),JR西日本,1,D,5,駅データ.jp
1160904,1160904,竜野,兵庫県,たつの市,たつの市,たつの市揖保川町黍田,34.825522,134.522004,JR山陽本線(姫路～岡山),JR西日本,1,D,5,駅データ.jp
1160905,1160905,相生,兵庫県,相生市,相生市,相生市本郷町,34.818052,134.47341,JR山陽本線(姫路～岡山)|JR赤穂線,JR西日本,2,C,33,駅データ.jp
1160906,1160906,有年,兵庫県,赤穂市,赤穂市,赤穂市有年横尾,34.829263,134.395568,JR山陽本線(姫路～岡山),JR西日本,1,D,5,駅データ.jp
1160907,1160907,上郡,兵庫県,,,赤穂郡上郡町大字大持,34.866129,134.353582,JR山陽本線(姫路～岡山)|智頭急行智頭線,JR西日本|智頭急行,2,D,15,駅データ.jp
1160908,1160908,三石,岡山県,備前市,備前市,備前市三石,34.804507,134.275416,JR山陽本線(姫路～岡山),JR西日本,1,D,5,駅データ.jp
1160909,1160909,吉永,岡山県,備前市,備前市,備前市吉永町吉永中,34.812259,134.204626,JR山陽本線(姫路～岡山),JR西日本,1,D,5,駅データ.jp
1160910,1160910,和気,岡山県,,,和気郡和気町福富,34.797297,134.152787,JR山陽本線(姫路～岡山),JR西日本,1,D,5,駅データ.jp
1160911,1160911,熊山,岡山県,赤磐市,赤磐市,赤磐市千躰,34.783556,134.109433,JR山陽本線(姫路～岡山),JR西日本,1,D,5,駅データ.jp
1160912,1160912,万富,岡山県,岡山市,岡山市東区,岡山市東区瀬戸町万富329-2,34.758256,134.080609,JR山陽本線(姫路～岡山),JR西日本,1,D,5,駅データ.jp
1160913,1160913,瀬戸,岡山県,岡山市,岡山市東区,岡山市東区瀬戸町瀬戸91-2,34.734499,134.041897,JR山陽本線(姫路～岡山),JR西日本,1,D,5,駅データ.jp
1160914,1160914,上道,岡山県,岡山市,岡山市東区,岡山市東区中尾140-1,34.699466,134.020569,JR山陽本線(姫路～岡山),JR西日本,1,D,5,駅データ.jp
1160915,1160915,東岡山,岡山県,岡山市,岡山市中区,岡山市中区土田112-1,34.685633,133.988103,JR山陽本線(姫路～岡山)|JR赤穂線,JR西日本,2,D,15,駅データ.jp
1160916,1160916,高島,岡山県,岡山市,岡山市中区,岡山市中区清水二丁目589,34.683074,133.95774,JR山陽本線(姫路～岡山)|JR赤穂線,JR西日本,2,D,15,駅データ.jp
1160917,1160917,岡山,岡山県,岡山市,岡山市北区,岡山市北区駅元町1番1号,34.666324,133.918896,JR伯備線|JR吉備線|JR宇野線|JR山陽本線(姫路～岡山)|JR山陽本線(岡山～三原)|JR津山線|JR赤穂線|東山線|清輝橋線,JR西日本|岡山電気軌道,9,S,80,駅データ.jp
1160918,1160918,はりま勝原,兵庫県,姫路市,姫路市勝原区,姫路市勝原区熊見,34.810157,134.614105,JR山陽本線(姫路～岡山),JR西日本,1,D,5,駅データ.jp
1160919,1160919,西川原,岡山県,岡山市,岡山市中区,岡山市中区西川原一丁目203-17,34.678,133.936555,JR山陽本線(姫路～岡山)|JR赤穂線,JR西日本,2,D,15,駅データ.jp
1160920,1160920,手柄山平和公園,兵庫県,姫路市,姫路市,兵庫県姫路市西延末,34.823298,134.671475,JR山陽本線(姫路～岡山),JR西日本,1,D,5,駅データ.jp
1161002,1161002,北長瀬,岡山県,岡山市,岡山市北区,岡山市北区北長瀬表町二丁目17-85,34.652995,133.885325,JR伯備線|JR山陽本線(岡山～三原),JR西日本,2,D,15,駅データ.jp
1161003,1161003,庭瀬,岡山県,岡山市,岡山市北区,岡山市北区平野319-1,34.642858,133.854454,JR伯備線|JR山陽本線(岡山～三原),JR西日本,2,D,15,駅データ.jp
1161004,1161004,中庄,岡山県,倉敷市,倉敷市,倉敷市鳥羽,34.626493,133.808225,JR伯備線|JR山陽本線(岡山～三原),JR西日本,2,D,15,駅データ.jp
1161005,1161005,倉敷,岡山県,倉敷市,倉敷市,倉敷市阿知１丁目,34.601576,133.765486,JR伯備線|JR山陽本線(岡山～三原)|水島本線,JR西日本|水島臨海鉄道,3,C,32,駅データ.jp
1161006,1161006,西阿知,岡山県,倉敷市,倉敷市,倉敷市西阿知町,34.58578,133.727876,JR山陽本線(岡山～三原),JR西日本,1,D,5,駅データ.jp
1161007,1161007,新倉敷,岡山県,倉敷市,倉敷市,倉敷市玉島爪崎,34.56509,133.678344,JR山陽本線(岡山～三原),JR西日本,1,C,23,駅データ.jp
1161008,1161008,金光,岡山県,浅口市,浅口市,浅口市金光町占見新田,34.540909,133.620826,JR山陽本線(岡山～三原),JR西日本,1,D,5,駅データ.jp
1161009,1161009,鴨方,岡山県,浅口市,浅口市,浅口市鴨方町六条院中,34.5273,133.587705,JR山陽本線(岡山～三原),JR西日本,1,D,5,駅データ.jp
1161010,1161010,里庄,岡山県,,,浅口郡里庄町大字新庄,34.507905,133.550763,JR山陽本線(岡山～三原),JR西日本,1,D,5,駅データ.jp
1161011,1161011,笠岡,岡山県,笠岡市,笠岡市,笠岡市笠岡,34.504913,133.504705,JR山陽本線(岡山～三原),JR西日本,1,D,13,駅データ.jp
1161012,1161012,大門,広島県,福山市,福山市,福山市大門町大門,34.498462,133.43995,JR山陽本線(岡山～三原),JR西日本,1,D,5,駅データ.jp
1161013,1161013,東福山,広島県,福山市,福山市,福山市引野町５丁目,34.494949,133.40539,JR山陽本線(岡山～三原),JR西日本,1,D,13,駅データ.jp
1161014,1161014,福山,広島県,福山市,福山市,福山市三之丸町,34.489291,133.361429,JR山陽本線(岡山～三原)|JR福塩線,JR西日本,2,C,33,駅データ.jp
1161015,1161015,備後赤坂,広島県,福山市,福山市,福山市赤坂町大字赤坂,34.472108,133.305417,JR山陽本線(岡山～三原),JR西日本,1,D,5,駅データ.jp
1161016,1161016,松永,広島県,福山市,福山市,福山市松永町,34.450958,133.258532,JR山陽本線(岡山～三原),JR西日本,1,D,5,駅データ.jp
1161017,1161017,東尾道,広島県,尾道市,尾道市,尾道市高須町字東新涯,34.434937,133.233168,JR山陽本線(岡山～三原),JR西日本,1,D,13,駅データ.jp
1161018,1161018,尾道,広島県,尾道市,尾道市,尾道市東御所町,34.404826,133.192884,JR山陽本線(岡山～三原),JR西日本,1,D,13,駅データ.jp
1161019,1161019,糸崎,広島県,三原市,三原市,三原市糸崎町,34.392429,133.104317,JR呉線|JR山陽本線(岡山～三原),JR西日本,2,D,15,駅データ.jp
1161020,1161020,三原,広島県,三原市,三原市,三原市城町,34.400486,133.083049,JR呉線|JR山陽本線(三原～岩国)|JR山陽本線(岡山～三原),JR西日本,3,B,42,駅データ.jp
1161102,1161102,本郷,広島県,三原市,三原市,三原市本郷町本郷,34.409617,132.987358,JR山陽本線(三原～岩国),JR西日本,1,D,5,駅データ.jp
1161103,1161103,河内,広島県,東広島市,東広島市,東広島市河内町中河内,34.469248,132.890113,JR山陽本線(三原～岩国),JR西日本,1,D,5,駅データ.jp
1161104,1161104,入野,広島県,東広島市,東広島市,東広島市河内町入野,34.46067,132.851789,JR山陽本線(三原～岩国),JR西日本,1,D,5,駅データ.jp
1161105,1161105,白市,広島県,東広島市,東広島市,東広島市高屋町小谷,34.443022,132.83225,JR山陽本線(三原～岩国),JR西日本,1,D,5,駅データ.jp
1161106,1161106,西高屋,広島県,東広島市,東広島市,東広島市高屋町中島,34.446139,132.788246,JR山陽本線(三原～岩国),JR西日本,1,D,5,駅データ.jp
1161107,1161107,西条,広島県,東広島市,東広島市,東広島市西条町大字西条,34.431394,132.743909,JR山陽本線(三原～岩国),JR西日本,1,D,5,駅データ.jp
1161108,1161108,八本松,広島県,東広島市,東広島市,東広島市八本松町飯田,34.445466,132.688048,JR山陽本線(三原～岩国),JR西日本,1,D,5,駅データ.jp
1161109,1161109,瀬野,広島県,広島市,広島市安芸区,広島市安芸区瀬野１丁目,34.421994,132.59674,JR山陽本線(三原～岩国),JR西日本,1,D,5,駅データ.jp
1161110,1161110,中野東,広島県,広島市,広島市安芸区,広島市安芸区中野５丁目,34.403275,132.578753,JR山陽本線(三原～岩国),JR西日本,1,D,5,駅データ.jp
1161111,1161111,安芸中野,広島県,広島市,広島市安芸区,広島市安芸区中野２丁目,34.391115,132.563291,JR山陽本線(三原～岩国),JR西日本,1,D,5,駅データ.jp
1161112,1161112,海田市,広島県,,,安芸郡海田町新町,34.372089,132.530542,JR呉線|JR山陽本線(三原～岩国),JR西日本,2,D,15,駅データ.jp
1161113,1161113,向洋,広島県,,,安芸郡府中町青崎南,34.376636,132.506191,JR呉線|JR山陽本線(三原～岩国),JR西日本,2,D,15,駅データ.jp
1161114,1161114,天神川,広島県,広島市,広島市南区,広島市南区東駅町２８７,34.389959,132.498311,JR呉線|JR山陽本線(三原～岩国),JR西日本,2,D,15,駅データ.jp
1161115,1161115,広島,広島県,広島市,広島市南区,広島市南区松原町,34.396871,132.475498,JR可部線|JR呉線|JR山陽本線(三原～岩国)|JR芸備線|広電１号線(宇品線)|広電２号線(宮島線)|広電５号線(皆実線)|広電６号線(江波線),JR西日本|広島電鉄,8,S,80,駅データ.jp
1161116,1161116,横川,広島県,広島市,広島市西区,広島市西区横川町３丁目,34.409843,132.450473,JR可部線|JR山陽本線(三原～岩国)|広電７号線|広電８号線(横川線),JR西日本|広島電鉄,4,C,30,駅データ.jp
1161117,1161117,西広島,広島県,広島市,広島市西区,広島市西区己斐本町１丁目,34.397451,132.428163,JR山陽本線(三原～岩国)|広電２号線(宮島線)|広電３号線,JR西日本|広島電鉄,3,C,24,駅データ.jp
1161118,1161118,新井口,広島県,広島市,広島市西区,広島市西区井口１丁目,34.375512,132.391961,JR山陽本線(三原～岩国)|広電２号線(宮島線),JR西日本|広島電鉄,2,D,15,駅データ.jp
1161119,1161119,五日市,広島県,広島市,広島市佐伯区,広島市佐伯区五日市駅前１丁目,34.366596,132.367786,JR山陽本線(三原～岩国)|広電２号線(宮島線),JR西日本|広島電鉄,2,D,15,駅データ.jp
1161120,1161120,廿日市,広島県,廿日市,廿日市,廿日市市駅前,34.357229,132.335918,JR山陽本線(三原～岩国)|広電２号線(宮島線),JR西日本|広島電鉄,2,C,23,駅データ.jp
1161121,1161121,宮内串戸,広島県,廿日市,廿日市,廿日市市串戸４丁目,34.347718,132.324466,JR山陽本線(三原～岩国)|広電２号線(宮島線),JR西日本|広島電鉄,2,D,15,駅データ.jp
1161122,1161122,阿品,広島県,廿日市,廿日市,廿日市市阿品２丁目,34.322542,132.314523,JR山陽本線(三原～岩国)|広電２号線(宮島線),JR西日本|広島電鉄,2,D,15,駅データ.jp
1161123,1161123,宮島口,広島県,廿日市,廿日市,廿日市市宮島口１,34.312126,132.303472,JR山陽本線(三原～岩国)|広電２号線(宮島線),JR西日本|広島電鉄,2,D,15,駅データ.jp
1161124,1161124,前空,広島県,廿日市,廿日市,廿日市市前空９１０-３番地,34.301368,132.289815,JR山陽本線(三原～岩国),JR西日本,1,D,5,駅データ.jp
1161125,1161125,大野浦,広島県,廿日市,廿日市,廿日市市塩屋沖,34.283762,132.265263,JR山陽本線(三原～岩国),JR西日本,1,D,5,駅データ.jp
1161126,1161126,玖波,広島県,大竹市,大竹市,大竹市玖波２丁目,34.2553,132.227963,JR山陽本線(三原～岩国),JR西日本,1,D,5,駅データ.jp
1161127,1161127,大竹,広島県,大竹市,大竹市,大竹市新町１丁目,34.217565,132.223479,JR山陽本線(三原～岩国),JR西日本,1,D,13,駅データ.jp
1161128,1161128,岩国,山口県,岩国市,岩国市,岩国市麻里布町１丁目,34.171828,132.225631,JR山陽本線(三原～岩国)|JR山陽本線(岩国～門司)|JR岩徳線,JR西日本,3,C,32,駅データ.jp
1161129,1161129,和木,山口県,,,玖珂郡和木町和木４丁目,34.204194,132.227709,JR山陽本線(三原～岩国),JR西日本,1,D,5,駅データ.jp
1161130,1161130,新白島,広島県,広島市,広島市中区,広島市中区西白島町154-1,34.408259,132.461269,JR可部線|JR山陽本線(三原～岩国)|アストラムライン,JR西日本|広島高速交通,3,C,24,駅データ.jp
1161131,1161131,寺家,広島県,東広島市,東広島市,広島県東広島市西条町寺家,34.439222,132.722722,JR山陽本線(三原～岩国),JR西日本,1,D,5,駅データ.jp
1161202,1161202,南岩国,山口県,岩国市,岩国市,岩国市南岩国町１丁目,34.135246,132.206013,JR山陽本線(岩国～門司),JR西日本,1,D,13,駅データ.jp
1161203,1161203,藤生,山口県,岩国市,岩国市,岩国市藤生町１丁目,34.112668,132.198515,JR山陽本線(岩国～門司),JR西日本,1,D,5,駅データ.jp
1161204,1161204,通津,山口県,岩国市,岩国市,岩国市通津,34.068207,132.204949,JR山陽本線(岩国～門司),JR西日本,1,D,5,駅データ.jp
1161205,1161205,由宇,山口県,岩国市,岩国市,岩国市由宇町字浜沖,34.043279,132.213621,JR山陽本線(岩国～門司),JR西日本,1,D,5,駅データ.jp
1161206,1161206,神代,山口県,岩国市,岩国市,岩国市由宇町神東,33.998871,132.209398,JR山陽本線(岩国～門司),JR西日本,1,D,5,駅データ.jp
1161207,1161207,大畠,山口県,柳井市,柳井市,柳井市大畠鍋網代,33.963377,132.180741,JR山陽本線(岩国～門司),JR西日本,1,D,5,駅データ.jp
1161208,1161208,柳井港,山口県,柳井市,柳井市,柳井市大字柳井,33.958357,132.134333,JR山陽本線(岩国～門司),JR西日本,1,D,13,駅データ.jp
1161209,1161209,柳井,山口県,柳井市,柳井市,柳井市大字古開作,33.965728,132.105988,JR山陽本線(岩国～門司),JR西日本,1,D,13,駅データ.jp
1161210,1161210,田布施,山口県,,,熊毛郡田布施町大字波野,33.958805,132.044084,JR山陽本線(岩国～門司),JR西日本,1,D,5,駅データ.jp
1161211,1161211,岩田,山口県,光市,光市,光市岩田,33.981624,131.995285,JR山陽本線(岩国～門司),JR西日本,1,D,5,駅データ.jp
1161212,1161212,島田,山口県,光市,光市,光市大字島田,33.990502,131.960865,JR山陽本線(岩国～門司),JR西日本,1,D,5,駅データ.jp
1161213,1161213,光,山口県,光市,光市,光市虹ケ浜３丁目,33.973975,131.914784,JR山陽本線(岩国～門司),JR西日本,1,D,13,駅データ.jp
1161214,1161214,下松,山口県,下松市,下松市,下松市大字西豊井,34.008933,131.86799,JR山陽本線(岩国～門司),JR西日本,1,D,13,駅データ.jp
1161215,1161215,櫛ケ浜,山口県,周南市,周南市,山口県周南市大字久米字院内3975-1,34.031002,131.829079,JR山陽本線(岩国～門司)|JR岩徳線,JR西日本,2,D,15,駅データ.jp
1161216,1161216,徳山,山口県,周南市,周南市,周南市御幸通り２丁目,34.051555,131.8029,JR山陽本線(岩国～門司)|JR岩徳線,JR西日本,2,C,25,駅データ.jp
1161217,1161217,新南陽,山口県,周南市,周南市,周南市清水２丁目,34.069561,131.769639,JR山陽本線(岩国～門司),JR西日本,1,D,5,駅データ.jp
1161218,1161218,福川,山口県,周南市,周南市,周南市社地町,34.072096,131.73846,JR山陽本線(岩国～門司),JR西日本,1,D,5,駅データ.jp
1161219,1161219,戸田,山口県,周南市,周南市,周南市夜市,34.072523,131.704657,JR山陽本線(岩国～門司),JR西日本,1,D,5,駅データ.jp
1161220,1161220,富海,山口県,防府市,防府市,防府市大字富海,34.048507,131.639029,JR山陽本線(岩国～門司),JR西日本,1,D,5,駅データ.jp
1161221,1161221,防府,山口県,防府市,防府市,防府市戎町１丁目,34.05354,131.568848,JR山陽本線(岩国～門司),JR西日本,1,D,13,駅データ.jp
1161222,1161222,大道,山口県,防府市,防府市,防府市大字台道,34.053295,131.488358,JR山陽本線(岩国～門司),JR西日本,1,D,5,駅データ.jp
1161223,1161223,四辻,山口県,山口市,山口市,山口市大字鋳銭司,34.079896,131.44793,JR山陽本線(岩国～門司),JR西日本,1,D,5,駅データ.jp
1161224,1161224,新山口,山口県,山口市,山口市,山口市小郡下郷,34.093255,131.39657,JR宇部線|JR山口線|JR山陽本線(岩国～門司),JR西日本,3,B,42,駅データ.jp
1161225,1161225,嘉川,山口県,山口市,山口市,山口市嘉川,34.066211,131.370068,JR山陽本線(岩国～門司),JR西日本,1,D,5,駅データ.jp
1161226,1161226,本由良,山口県,山口市,山口市,山口市大字佐山,34.031997,131.343621,JR山陽本線(岩国～門司),JR西日本,1,D,5,駅データ.jp
1161227,1161227,厚東,山口県,宇部市,宇部市,宇部市大字吉見字宮の下,34.038709,131.267807,JR山陽本線(岩国～門司),JR西日本,1,D,5,駅データ.jp
1161228,1161228,宇部,山口県,宇部市,宇部市,宇部市大字際波,34.003017,131.221691,JR宇部線|JR山陽本線(岩国～門司),JR西日本,2,C,23,駅データ.jp
1161229,1161229,小野田,山口県,山陽小野田市,山陽小野田市,山陽小野田市東高泊,34.007877,131.185605,JR小野田線|JR山陽本線(岩国～門司),JR西日本,2,D,15,駅データ.jp
1161230,1161230,厚狭,山口県,山陽小野田市,山陽小野田市,山陽小野田市厚狭,34.053361,131.159965,JR山陽本線(岩国～門司)|JR美祢線,JR西日本,2,C,25,駅データ.jp
1161231,1161231,埴生,山口県,山陽小野田市,山陽小野田市,山陽小野田市埴生,34.049173,131.086865,JR山陽本線(岩国～門司),JR西日本,1,D,5,駅データ.jp
1161232,1161232,小月,山口県,下関市,下関市,下関市小月駅前１丁目,34.067907,131.033038,JR山陽本線(岩国～門司),JR西日本,1,D,5,駅データ.jp
1161233,1161233,長府,山口県,下関市,下関市,下関市長府松小田本町,34.019264,130.999508,JR山陽本線(岩国～門司),JR西日本,1,D,5,駅データ.jp
1161234,1161234,新下関,山口県,下関市,下関市,下関市秋根南町１丁目,34.005651,130.948021,JR山陽本線(岩国～門司),JR西日本,1,C,23,駅データ.jp
1161235,1161235,幡生,山口県,下関市,下関市,下関市幡生宮の下町,33.981592,130.92734,JR山陰本線(益田～下関)|JR山陽本線(岩国～門司),JR西日本,2,D,15,駅データ.jp
1161236,1161236,下関,山口県,下関市,下関市,下関市大字竹崎町４丁目,33.950306,130.923038,JR山陰本線(益田～下関)|JR山陽本線(岩国～門司)|JR鹿児島本線(下関・門司港～博多),JR九州|JR西日本,3,C,32,駅データ.jp
1161237,1161237,門司,福岡県,北九州市,北九州市門司区,北九州市門司区中町,33.904309,130.933438,JR山陽本線(岩国～門司)|JR日豊本線(門司港～佐伯)|JR鹿児島本線(下関・門司港～博多),JR九州|JR西日本,3,C,24,駅データ.jp
1161302,1161302,和田岬,兵庫県,神戸市,神戸市兵庫区,神戸市兵庫区和田宮通４丁目,34.657618,135.175175,JR山陽本線(兵庫～和田岬)|夢かもめ,JR西日本|神戸市交通局,2,D,15,駅データ.jp
1161402,1161402,丹波口,京都府,京都市,京都市下京区,京都市下京区中堂寺南町,34.99501,135.742396,嵯峨野線,JR西日本,1,D,5,駅データ.jp
1161403,1161403,二条,京都府,京都市,京都市中京区,京都市中京区西ノ京栂尾町,35.011503,135.741685,京都市営地下鉄東西線|嵯峨野線,JR西日本|京都市交通局,2,D,15,駅データ.jp
1161404,1161404,円町,京都府,京都市,京都市中京区,京都市中京区西ノ京円町４２番地１,35.01811,135.730591,嵯峨野線,JR西日本,1,D,5,駅データ.jp
1161405,1161405,花園,京都府,京都市,京都市右京区,京都市右京区花園寺ノ内町,35.018743,135.717895,嵯峨野線,JR西日本,1,D,5,駅データ.jp
1161406,1161406,太秦,京都府,京都市,京都市右京区,京都市右京区太秦垂箕山町,35.017019,135.701269,嵯峨野線,JR西日本,1,D,5,駅データ.jp
1161407,1161407,嵯峨嵐山,京都府,京都市,京都市右京区,京都市右京区嵯峨天龍寺車道町,35.018677,135.680987,嵯峨野線|嵯峨野観光線,JR西日本|嵯峨野観光鉄道,2,D,15,駅データ.jp
1161408,1161408,保津峡,京都府,亀岡市,亀岡市,亀岡市保津町保津山３番地１４３４,35.023083,135.64025,嵯峨野線,JR西日本,1,D,5,駅データ.jp
1161409,1161409,馬堀,京都府,亀岡市,亀岡市,亀岡市篠町馬堀,35.010664,135.602359,嵯峨野線,JR西日本,1,D,5,駅データ.jp
1161410,1161410,亀岡,京都府,亀岡市,亀岡市,亀岡市追分町谷筋,35.016738,135.582766,嵯峨野線,JR西日本,1,D,13,駅データ.jp
1161411,1161411,並河,京都府,亀岡市,亀岡市,亀岡市大井町かすみケ丘,35.032479,135.554959,嵯峨野線,JR西日本,1,D,5,駅データ.jp
1161412,1161412,千代川,京都府,亀岡市,亀岡市,亀岡市千代川町今津１,35.048597,135.548293,嵯峨野線,JR西日本,1,D,5,駅データ.jp
1161413,1161413,八木,京都府,南丹市,南丹市,南丹市八木町八木字東久保,35.068995,135.531969,嵯峨野線,JR西日本,1,D,5,駅データ.jp
1161414,1161414,吉富,京都府,南丹市,南丹市,南丹市八木町木原,35.092012,135.498585,嵯峨野線,JR西日本,1,D,5,駅データ.jp
1161415,1161415,園部,京都府,南丹市,南丹市,南丹市園部町小山東町溝辺,35.102167,135.48347,JR山陰本線(園部～豊岡)|嵯峨野線,JR西日本,2,D,15,駅データ.jp
1161416,1161416,梅小路京都西,京都府,京都市,京都市下京区,京都市下京区観喜寺町3番地,34.988778,135.743167,嵯峨野線,JR西日本,1,D,5,駅データ.jp
1161502,1161502,船岡,京都府,南丹市,南丹市,南丹市園部町船岡,35.133463,135.491848,JR山陰本線(園部～豊岡),JR西日本,1,D,5,駅データ.jp
1161503,1161503,日吉,京都府,南丹市,南丹市,南丹市日吉町保野田,35.162151,135.503432,JR山陰本線(園部～豊岡),JR西日本,1,D,5,駅データ.jp
1161504,1161504,鍼灸大学前,京都府,南丹市,南丹市,南丹市日吉町保野田小字岩ヶ下９番地の６,35.179141,135.489899,JR山陰本線(園部～豊岡),JR西日本,1,D,5,駅データ.jp
1161505,1161505,胡麻,京都府,南丹市,南丹市,南丹市日吉町胡麻,35.195359,135.468467,JR山陰本線(園部～豊岡),JR西日本,1,D,5,駅データ.jp
1161506,1161506,下山,京都府,,,船井郡京丹波町下山,35.21226,135.422673,JR山陰本線(園部～豊岡),JR西日本,1,D,5,駅データ.jp
1161507,1161507,和知,京都府,,,船井郡京丹波町本庄,35.261101,135.399015,JR山陰本線(園部～豊岡),JR西日本,1,D,5,駅データ.jp
1161508,1161508,安栖里,京都府,,,船井郡京丹波町安栖里,35.266155,135.385266,JR山陰本線(園部～豊岡),JR西日本,1,D,5,駅データ.jp
1161509,1161509,立木,京都府,,,船井郡京丹波町広野,35.274256,135.337318,JR山陰本線(園部～豊岡),JR西日本,1,D,5,駅データ.jp
1161510,1161510,山家,京都府,綾部市,綾部市,綾部市上原町戸尻,35.29379,135.318618,JR山陰本線(園部～豊岡),JR西日本,1,D,5,駅データ.jp
1161511,1161511,綾部,京都府,綾部市,綾部市,綾部市幸通東石ケ坪,35.302188,135.251896,JR山陰本線(園部～豊岡)|JR舞鶴線,JR西日本,2,C,23,駅データ.jp
1161512,1161512,高津,京都府,綾部市,綾部市,綾部市高津町,35.304982,135.207158,JR山陰本線(園部～豊岡)|JR舞鶴線,JR西日本,2,D,15,駅データ.jp
1161513,1161513,石原,京都府,福知山市,福知山市,福知山市字石原,35.300904,135.180241,JR山陰本線(園部～豊岡)|JR舞鶴線,JR西日本,2,D,15,駅データ.jp
1161514,1161514,福知山,京都府,福知山市,福知山市,福知山市字天田無番地,35.29634,135.118422,JR山陰本線(園部～豊岡)|JR舞鶴線|宮福線|福知山線(篠山口～福知山),JR西日本|京都丹後鉄道,4,C,38,駅データ.jp
1161515,1161515,上川口,京都府,福知山市,福知山市,福知山市六十内,35.329504,135.073284,JR山陰本線(園部～豊岡),JR西日本,1,D,5,駅データ.jp
1161516,1161516,下夜久野,京都府,福知山市,福知山市,福知山市夜久野町額田,35.319893,134.998868,JR山陰本線(園部～豊岡),JR西日本,1,D,5,駅データ.jp
1161517,1161517,上夜久野,京都府,福知山市,福知山市,福知山市夜久野町平野,35.34182,134.931718,JR山陰本線(園部～豊岡),JR西日本,1,D,5,駅データ.jp
1161518,1161518,梁瀬,兵庫県,朝来市,朝来市,朝来市山東町滝田,35.322796,134.880682,JR山陰本線(園部～豊岡),JR西日本,1,D,5,駅データ.jp
1161519,1161519,和田山,兵庫県,朝来市,朝来市,朝来市和田山町東谷,35.34141,134.85137,JR山陰本線(園部～豊岡)|JR播但線,JR西日本,2,D,15,駅データ.jp
1161520,1161520,養父,兵庫県,養父市,養父市,養父市堀畑,35.371306,134.811726,JR山陰本線(園部～豊岡),JR西日本,1,D,13,駅データ.jp
1161521,1161521,八鹿,兵庫県,養父市,養父市,養父市八鹿町八鹿,35.414287,134.781403,JR山陰本線(園部～豊岡),JR西日本,1,D,5,駅データ.jp
1161522,1161522,江原,兵庫県,豊岡市,豊岡市,豊岡市日高町日置,35.469477,134.77575,JR山陰本線(園部～豊岡),JR西日本,1,D,5,駅データ.jp
1161523,1161523,国府,兵庫県,豊岡市,豊岡市,豊岡市日高町上石,35.496213,134.800016,JR山陰本線(園部～豊岡),JR西日本,1,D,5,駅データ.jp
1161524,1161524,豊岡,兵庫県,豊岡市,豊岡市,豊岡市大手町,35.544081,134.813605,JR山陰本線(園部～豊岡)|JR山陰本線(豊岡～米子)|宮豊線,JR西日本|京都丹後鉄道,3,C,32,駅データ.jp
1161602,1161602,玄武洞,兵庫県,豊岡市,豊岡市,豊岡市城崎町上山,35.588645,134.799305,JR山陰本線(豊岡～米子),JR西日本,1,D,5,駅データ.jp
1161603,1161603,城崎温泉,兵庫県,豊岡市,豊岡市,豊岡市城崎町今津稗田,35.623764,134.813437,JR山陰本線(豊岡～米子),JR西日本,1,D,5,駅データ.jp
1161604,1161604,竹野,兵庫県,豊岡市,豊岡市,豊岡市竹野町草飼,35.649807,134.756405,JR山陰本線(豊岡～米子),JR西日本,1,D,5,駅データ.jp
1161606,1161606,佐津,兵庫県,美方郡香美町香住区,美方郡香美町香住区,美方郡香美町香住区無南垣,35.65314,134.685856,JR山陰本線(豊岡～米子),JR西日本,1,D,5,駅データ.jp
1161607,1161607,柴山,兵庫県,美方郡香美町香住区,美方郡香美町香住区,美方郡香美町香住区浦上,35.646454,134.663886,JR山陰本線(豊岡～米子),JR西日本,1,D,5,駅データ.jp
1161608,1161608,香住,兵庫県,美方郡香美町香住区,美方郡香美町香住区,美方郡香美町香住区七日市,35.635344,134.62359,JR山陰本線(豊岡～米子),JR西日本,1,D,5,駅データ.jp
1161609,1161609,鎧,兵庫県,美方郡香美町香住区,美方郡香美町香住区,美方郡香美町香住区鎧,35.651691,134.575144,JR山陰本線(豊岡～米子),JR西日本,1,D,5,駅データ.jp
1161610,1161610,餘部,兵庫県,美方郡香美町香住区,美方郡香美町香住区,美方郡香美町香住区余部,35.648658,134.556918,JR山陰本線(豊岡～米子),JR西日本,1,D,5,駅データ.jp
1161611,1161611,久谷,兵庫県,,,美方郡新温泉町久谷,35.627549,134.517374,JR山陰本線(豊岡～米子),JR西日本,1,D,5,駅データ.jp
1161612,1161612,浜坂,兵庫県,,,美方郡新温泉町浜坂,35.620618,134.452558,JR山陰本線(豊岡～米子),JR西日本,1,D,5,駅データ.jp
1161613,1161613,諸寄,兵庫県,,,美方郡新温泉町諸寄,35.619529,134.434303,JR山陰本線(豊岡～米子),JR西日本,1,D,5,駅データ.jp
1161614,1161614,居組,兵庫県,,,美方郡新温泉町居組,35.606982,134.393736,JR山陰本線(豊岡～米子),JR西日本,1,D,5,駅データ.jp
1161615,1161615,東浜,鳥取県,,,岩美郡岩美町陸上,35.599471,134.362225,JR山陰本線(豊岡～米子),JR西日本,1,D,5,駅データ.jp
1161616,1161616,岩美,鳥取県,,,岩美郡岩美町浦富,35.574182,134.335595,JR山陰本線(豊岡～米子),JR西日本,1,D,5,駅データ.jp
1161617,1161617,大岩,鳥取県,,,岩美郡岩美町大谷,35.566835,134.308114,JR山陰本線(豊岡～米子),JR西日本,1,D,5,駅データ.jp
1161618,1161618,福部,鳥取県,鳥取市,鳥取市,鳥取市福部町栗谷,35.545512,134.287239,JR山陰本線(豊岡～米子),JR西日本,1,D,5,駅データ.jp
1161619,1161619,鳥取,鳥取県,鳥取市,鳥取市,鳥取市東品治町,35.493953,134.225901,JR因美線|JR山陰本線(豊岡～米子),JR西日本,2,C,38,駅データ.jp
1161620,1161620,湖山,鳥取県,鳥取市,鳥取市,鳥取市湖山町東１,35.513455,134.186232,JR山陰本線(豊岡～米子),JR西日本,1,D,5,駅データ.jp
1161621,1161621,鳥取大学前,鳥取県,鳥取市,鳥取市,鳥取市湖山町南五丁目１９９-２２,35.51804,134.174305,JR山陰本線(豊岡～米子),JR西日本,1,D,13,駅データ.jp
1161622,1161622,末恒,鳥取県,鳥取市,鳥取市,鳥取市伏野,35.52395,134.135739,JR山陰本線(豊岡～米子),JR西日本,1,D,5,駅データ.jp
1161623,1161623,宝木,鳥取県,鳥取市,鳥取市,鳥取市気高町宝木,35.514153,134.081789,JR山陰本線(豊岡～米子),JR西日本,1,D,5,駅データ.jp
1161624,1161624,浜村,鳥取県,鳥取市,鳥取市,鳥取市気高町勝見,35.509522,134.050749,JR山陰本線(豊岡～米子),JR西日本,1,D,5,駅データ.jp
1161625,1161625,青谷,鳥取県,鳥取市,鳥取市,鳥取市青谷町青谷,35.516228,133.995782,JR山陰本線(豊岡～米子),JR西日本,1,D,5,駅データ.jp
1161626,1161626,泊,鳥取県,,,東伯郡湯梨浜町園,35.509103,133.936515,JR山陰本線(豊岡～米子),JR西日本,1,D,5,駅データ.jp
1161627,1161627,松崎,鳥取県,,,東伯郡湯梨浜町中興寺,35.46871,133.902053,JR山陰本線(豊岡～米子),JR西日本,1,D,5,駅データ.jp
1161628,1161628,倉吉,鳥取県,倉吉市,倉吉市,倉吉市上井町,35.45473,133.849661,JR山陰本線(豊岡～米子),JR西日本,1,D,13,駅データ.jp
1161629,1161629,下北条,鳥取県,,,東伯郡北栄町北尾,35.481915,133.809109,JR山陰本線(豊岡～米子),JR西日本,1,D,5,駅データ.jp
1161630,1161630,由良,鳥取県,,,東伯郡北栄町由良宿,35.490236,133.754367,JR山陰本線(豊岡～米子),JR西日本,1,D,5,駅データ.jp
1161631,1161631,浦安,鳥取県,,,東伯郡琴浦町徳万,35.499695,133.693462,JR山陰本線(豊岡～米子),JR西日本,1,D,5,駅データ.jp
1161632,1161632,八橋,鳥取県,,,東伯郡琴浦町八橋,35.503256,133.673683,JR山陰本線(豊岡～米子),JR西日本,1,D,5,駅データ.jp
1161633,1161633,赤碕,鳥取県,,,東伯郡琴浦町赤碕,35.512437,133.634527,JR山陰本線(豊岡～米子),JR西日本,1,D,5,駅データ.jp
1161634,1161634,中山口,鳥取県,,,西伯郡大山町田中,35.52088,133.590017,JR山陰本線(豊岡～米子),JR西日本,1,D,5,駅データ.jp
1161635,1161635,下市,鳥取県,西伯郡大山町上市,西伯郡大山町上市,西伯郡大山町上市,35.518821,133.566302,JR山陰本線(豊岡～米子),JR西日本,1,D,5,駅データ.jp
1161636,1161636,御来屋,鳥取県,,,西伯郡大山町西坪,35.512234,133.502858,JR山陰本線(豊岡～米子),JR西日本,1,D,5,駅データ.jp
1161637,1161637,名和,鳥取県,,,西伯郡大山町御来屋,35.507256,133.49192,JR山陰本線(豊岡～米子),JR西日本,1,D,5,駅データ.jp
1161638,1161638,大山口,鳥取県,,,西伯郡大山町国信,35.485045,133.456718,JR山陰本線(豊岡～米子),JR西日本,1,D,5,駅データ.jp
1161639,1161639,淀江,鳥取県,米子市,米子市,米子市淀江町淀江,35.457017,133.429788,JR山陰本線(豊岡～米子),JR西日本,1,D,5,駅データ.jp
1161640,1161640,伯耆大山,鳥取県,米子市,米子市,米子市蚊屋,35.430142,133.384216,JR伯備線|JR山陰本線(豊岡～米子),JR西日本,2,D,15,駅データ.jp
1161641,1161641,東山公園,鳥取県,米子市,米子市,米子市車尾,35.430753,133.351902,JR伯備線|JR山陰本線(豊岡～米子),JR西日本,2,D,15,駅データ.jp
1161642,1161642,米子,鳥取県,米子市,米子市,米子市弥生町,35.42327,133.33657,JR伯備線|JR境線|JR山陰本線(米子～益田)|JR山陰本線(豊岡～米子),JR西日本,4,C,38,駅データ.jp
1161702,1161702,西木津,京都府,木津川市,木津川市,木津川市相楽,34.737762,135.803507,学研都市線,JR西日本,1,D,5,駅データ.jp
1161703,1161703,祝園,京都府,,,相楽郡精華町大字祝園,34.760062,135.792382,学研都市線|近鉄京都線,JR西日本|近畿日本鉄道,2,D,15,駅データ.jp
1161704,1161704,下狛,京都府,,,相楽郡精華町字下狛,34.780524,135.789071,学研都市線|近鉄京都線,JR西日本|近畿日本鉄道,2,D,15,駅データ.jp
1161705,1161705,ＪＲ三山木,京都府,京田辺市,京田辺市,京田辺市三山木高飛４番地,34.798384,135.785242,学研都市線|近鉄京都線,JR西日本|近畿日本鉄道,2,D,15,駅データ.jp
1161706,1161706,同志社前,京都府,京田辺市,京田辺市,京田辺市三山木,34.805124,135.778633,学研都市線,JR西日本,1,D,5,駅データ.jp
1161707,1161707,京田辺,京都府,京田辺市,京田辺市,京田辺市田辺久戸,34.821114,135.768664,学研都市線,JR西日本,1,D,13,駅データ.jp
1161708,1161708,大住,京都府,京田辺市,京田辺市,京田辺市大住,34.830785,135.749874,学研都市線,JR西日本,1,D,5,駅データ.jp
1161709,1161709,松井山手,京都府,京田辺市,京田辺市,京田辺市山手中央,34.833288,135.727617,学研都市線,JR西日本,1,D,5,駅データ.jp
1161710,1161710,長尾,大阪府,枚方市,枚方市,枚方市長尾元町５,34.825938,135.713091,学研都市線,JR西日本,1,D,5,駅データ.jp
1161711,1161711,藤阪,大阪府,枚方市,枚方市,枚方市藤阪南町２,34.814466,135.702748,学研都市線,JR西日本,1,D,5,駅データ.jp
1161712,1161712,津田,大阪府,枚方市,枚方市,枚方市津田駅前１,34.801373,135.697946,学研都市線,JR西日本,1,D,5,駅データ.jp
1161713,1161713,河内磐船,大阪府,交野市,交野市,交野市森南１,34.776501,135.684592,学研都市線,JR西日本,1,D,5,駅データ.jp
1161714,1161714,星田,大阪府,交野市,交野市,交野市星田５,34.767346,135.663455,学研都市線,JR西日本,1,D,5,駅データ.jp
1161715,1161715,寝屋川公園,大阪府,寝屋川市,寝屋川市,寝屋川市打上元町１４-１,34.755491,135.653276,学研都市線,JR西日本,1,D,13,駅データ.jp
1161716,1161716,忍ケ丘,大阪府,四條畷市,四條畷市,大阪府四條畷市岡山東一丁目10-8,34.745762,135.645232,学研都市線,JR西日本,1,D,5,駅データ.jp
1161717,1161717,四条畷,大阪府,大東市,大東市,大東市学園町１,34.730128,135.639297,学研都市線,JR西日本,1,D,5,駅データ.jp
1161718,1161718,野崎,大阪府,大東市,大東市,大東市野崎１,34.718334,135.636942,学研都市線,JR西日本,1,D,5,駅データ.jp
1161719,1161719,住道,大阪府,大東市,大東市,大東市住道２,34.706238,135.621496,学研都市線,JR西日本,1,D,5,駅データ.jp
1161720,1161720,鴻池新田,大阪府,東大阪市,東大阪市,東大阪市西鴻池町１,34.698847,135.597679,学研都市線,JR西日本,1,D,5,駅データ.jp
1161721,1161721,徳庵,大阪府,東大阪市,東大阪市,東大阪市稲田上野１,34.692423,135.581386,学研都市線,JR西日本,1,D,5,駅データ.jp
1161722,1161722,放出,大阪府,大阪市,大阪市鶴見区,大阪市鶴見区放出東３,34.688103,135.563296,おおさか東線|学研都市線,JR西日本,2,D,15,駅データ.jp
1161723,1161723,鴫野,大阪府,大阪市,大阪市城東区,大阪市城東区鴫野西５,34.692714,135.545075,おおさか東線|大阪メトロ今里筋線|学研都市線,JR西日本|Osaka Metro,3,C,24,駅データ.jp
1161724,1161724,京橋,大阪府,大阪市,大阪市城東区,大阪市城東区新喜多一丁目2-31,34.696416,135.532981,JR東西線|京阪本線|大阪メトロ長堀鶴見緑地線|大阪環状線|学研都市線,JR西日本|Osaka Metro|京阪電鉄,5,A,60,駅データ.jp
1161802,1161802,東福寺,京都府,京都市,京都市東山区,京都市東山区本町１２,34.981361,135.769888,京阪本線|奈良線,JR西日本|京阪電鉄,2,D,15,駅データ.jp
1161803,1161803,稲荷,京都府,京都市,京都市伏見区,京都市伏見区深草稲荷御前町,34.966758,135.770707,奈良線,JR西日本,1,D,5,駅データ.jp
1161804,1161804,ＪＲ藤森,京都府,京都市,京都市伏見区,京都市伏見区深草大亀谷大山町９９番,34.948278,135.775695,奈良線,JR西日本,1,D,5,駅データ.jp
1161805,1161805,桃山,京都府,京都市,京都市伏見区,京都市伏見区桃山町鍋島,34.932647,135.771673,奈良線,JR西日本,1,D,5,駅データ.jp
1161806,1161806,六地蔵,京都府,宇治市,宇治市,京都府宇治市六地蔵奈良町16-18,34.933538,135.796976,京都市営地下鉄東西線|奈良線,JR西日本|京都市交通局,2,D,15,駅データ.jp
1161807,1161807,木幡,京都府,宇治市,宇治市,京都府宇治市木幡大瀬戸,34.924962,135.798901,奈良線,JR西日本,1,D,5,駅データ.jp
1161808,1161808,黄檗,京都府,宇治市,宇治市,宇治市五ケ庄新開,34.913583,135.80316,京阪宇治線|奈良線,JR西日本|京阪電鉄,2,D,15,駅データ.jp
1161809,1161809,宇治,京都府,宇治市,宇治市,宇治市宇治字文治,34.890437,135.800629,奈良線,JR西日本,1,D,13,駅データ.jp
1161810,1161810,ＪＲ小倉,京都府,宇治市,宇治市,宇治市小倉町中畑４８番地１,34.889117,135.785962,奈良線,JR西日本,1,D,5,駅データ.jp
1161811,1161811,新田,京都府,宇治市,宇治市,宇治市広野町東浦,34.874314,135.780707,奈良線,JR西日本,1,D,5,駅データ.jp
1161812,1161812,城陽,京都府,城陽市,城陽市,城陽市大字寺田字北山田,34.855536,135.781071,奈良線,JR西日本,1,D,13,駅データ.jp
1161813,1161813,長池,京都府,城陽市,城陽市,城陽市字長池北浦,34.842351,135.789801,奈良線,JR西日本,1,D,5,駅データ.jp
1161814,1161814,山城青谷,京都府,城陽市,城陽市,城陽市市辺五島,34.828127,135.800111,奈良線,JR西日本,1,D,5,駅データ.jp
1161815,1161815,山城多賀,京都府,,,綴喜郡井手町大字多賀,34.818009,135.806,奈良線,JR西日本,1,D,5,駅データ.jp
1161816,1161816,玉水,京都府,,,綴喜郡井手町大字井手,34.800108,135.807022,奈良線,JR西日本,1,D,5,駅データ.jp
1161817,1161817,棚倉,京都府,木津川市,木津川市,木津川市山城町平尾,34.774705,135.816141,奈良線,JR西日本,1,D,5,駅データ.jp
1161818,1161818,上狛,京都府,木津川市,木津川市,木津川市山城町上狛,34.750447,135.821225,奈良線,JR西日本,1,D,5,駅データ.jp
1162205,1162205,淵垣,京都府,綾部市,綾部市,綾部市渕垣町,35.328302,135.29457,JR舞鶴線,JR西日本,1,D,5,駅データ.jp
1162206,1162206,梅迫,京都府,綾部市,綾部市,綾部市梅迫町溝尻,35.348774,135.311059,JR舞鶴線,JR西日本,1,D,5,駅データ.jp
1162207,1162207,真倉,京都府,舞鶴市,舞鶴市,舞鶴市字真倉,35.407146,135.326126,JR舞鶴線,JR西日本,1,D,5,駅データ.jp
1162208,1162208,西舞鶴,京都府,舞鶴市,舞鶴市,舞鶴市字伊佐津,35.44137,135.330416,JR舞鶴線|宮舞線,JR西日本|京都丹後鉄道,2,C,23,駅データ.jp
1162304,1162304,芦原橋,大阪府,大阪市,大阪市浪速区,大阪市浪速区浪速東１丁目,34.658608,135.48924,大阪環状線,JR西日本,1,D,5,駅データ.jp
1162305,1162305,大正,大阪府,大阪市,大阪市大正区,大阪市大正区三軒家東１丁目,34.665718,135.479407,大阪メトロ長堀鶴見緑地線|大阪環状線,JR西日本|Osaka Metro,2,D,15,駅データ.jp
1162306,1162306,弁天町,大阪府,大阪市,大阪市港区,大阪市港区波除３丁目,34.668975,135.462364,大阪メトロ中央線|大阪環状線,JR西日本|Osaka Metro,2,D,15,駅データ.jp
1162307,1162307,西九条,大阪府,大阪市,大阪市此花区,大阪市此花区西九条１丁目,34.682756,135.466404,JRゆめ咲線|大阪環状線|阪神なんば線,JR西日本|阪神電鉄,3,C,24,駅データ.jp
1162308,1162308,野田,大阪府,大阪市,大阪市福島区,大阪市福島区吉野三丁目1-12,34.689338,135.475512,大阪メトロ千日前線|大阪環状線,JR西日本|Osaka Metro,2,D,15,駅データ.jp
1162309,1162309,福島,大阪府,大阪市,大阪市福島区,大阪市福島区福島７丁目,34.696103,135.486899,JR東西線|大阪環状線|阪神本線,JR西日本|阪神電鉄,3,B,49,駅データ.jp
1162311,1162311,天満,大阪府,大阪市,大阪市北区,大阪市北区錦町,34.704366,135.511516,大阪メトロ堺筋線|大阪環状線,JR西日本|Osaka Metro,2,D,15,駅データ.jp
1162312,1162312,桜ノ宮,大阪府,島区,島区,大阪市都島区中野町５丁目,34.704976,135.520944,大阪環状線,JR西日本,1,D,5,駅データ.jp
1162314,1162314,大阪城公園,大阪府,大阪市,大阪市中央区,大阪市中央区大阪城,34.68858,135.534482,大阪環状線,JR西日本,1,D,5,駅データ.jp
1162315,1162315,森ノ宮,大阪府,大阪市,大阪市中央区,大阪市中央区森ノ宮中央１丁目,34.68126,135.533388,大阪メトロ中央線|大阪メトロ長堀鶴見緑地線|大阪環状線,JR西日本|Osaka Metro,3,C,24,駅データ.jp
1162316,1162316,玉造,大阪府,大阪市,大阪市天王寺区,大阪市天王寺区玉造元町,34.67411,135.531576,大阪メトロ長堀鶴見緑地線|大阪環状線,JR西日本|Osaka Metro,2,D,15,駅データ.jp
1162317,1162317,鶴橋,大阪府,大阪市,大阪市天王寺区,大阪市天王寺区下味原町1-1,34.665526,135.530044,大阪メトロ千日前線|大阪環状線|近鉄大阪線,JR西日本|Osaka Metro|近畿日本鉄道,3,C,24,駅データ.jp
1162318,1162318,桃谷,大阪府,大阪市,大阪市天王寺区,大阪市天王寺区堂ケ芝１丁目,34.658453,135.527908,大阪環状線,JR西日本,1,D,5,駅データ.jp
1162319,1162319,寺田町,大阪府,大阪市,大阪市天王寺区,大阪市天王寺区大道４丁目,34.647957,135.523437,大阪環状線,JR西日本,1,D,5,駅データ.jp
1162402,1162402,安治川口,大阪府,大阪市,大阪市此花区,大阪市此花区島屋６丁目,34.673416,135.443921,JRゆめ咲線,JR西日本,1,D,5,駅データ.jp
1162403,1162403,ユニバーサルシティ,大阪府,大阪市,大阪市此花区,大阪市此花区島屋六丁目2-28,34.667842,135.438705,JRゆめ咲線,JR西日本,1,D,5,駅データ.jp
1162404,1162404,桜島,大阪府,大阪市,大阪市此花区,大阪市此花区桜島１丁目,34.662065,135.432136,JRゆめ咲線,JR西日本,1,D,5,駅データ.jp
1162502,1162502,大阪城北詰,大阪府,島区,島区,大阪市都島区網島町７番,34.694283,135.525538,JR東西線,JR西日本,1,D,5,駅データ.jp
1162503,1162503,大阪天満宮,大阪府,大阪市,大阪市北区,大阪市北区東天満２丁目１０番先,34.697601,135.511866,JR東西線|大阪メトロ堺筋線|大阪メトロ谷町線,JR西日本|Osaka Metro,3,C,24,駅データ.jp
1162506,1162506,海老江,大阪府,大阪市,大阪市福島区,大阪市福島区海老江５丁目２番先,34.694752,135.475122,JR東西線|大阪メトロ千日前線|阪神本線,JR西日本|Osaka Metro|阪神電鉄,3,C,24,駅データ.jp
1162507,1162507,御幣島,大阪府,大阪市,大阪市西淀川区,大阪市西淀川区御幣島１丁目８番先,34.71259,135.45568,JR東西線,JR西日本,1,D,5,駅データ.jp
1162508,1162508,加島,大阪府,大阪市,大阪市淀川区,大阪市淀川区加島３丁目,34.727496,135.454183,JR東西線,JR西日本,1,D,5,駅データ.jp
1162602,1162602,美章園,大阪府,大阪市,大阪市阿倍野区,大阪市阿倍野区美章園１,34.638411,135.523765,阪和線(天王寺～和歌山),JR西日本,1,D,5,駅データ.jp
1162603,1162603,南田辺,大阪府,大阪市,大阪市東住吉区,大阪市東住吉区山坂２,34.625551,135.52086,阪和線(天王寺～和歌山),JR西日本,1,D,5,駅データ.jp
1162604,1162604,鶴ケ丘,大阪府,大阪市,大阪市阿倍野区,大阪市阿倍野区西田辺町二丁目3-18,34.617999,135.517088,阪和線(天王寺～和歌山),JR西日本,1,D,5,駅データ.jp
1162605,1162605,長居,大阪府,大阪市,大阪市住吉区,大阪市住吉区長居東４,34.610387,135.513265,大阪メトロ御堂筋線|阪和線(天王寺～和歌山),JR西日本|Osaka Metro,2,D,15,駅データ.jp
1162606,1162606,我孫子町,大阪府,大阪市,大阪市住吉区,大阪市住吉区我孫子３,34.601873,135.50667,阪和線(天王寺～和歌山),JR西日本,1,D,5,駅データ.jp
1162607,1162607,杉本町,大阪府,大阪市,大阪市住吉区,大阪市住吉区杉本３,34.593113,135.503034,阪和線(天王寺～和歌山),JR西日本,1,D,5,駅データ.jp
1162608,1162608,浅香,大阪府,堺市,堺市堺区,堺市堺区浅香山町３丁,34.585303,135.502423,阪和線(天王寺～和歌山),JR西日本,1,D,5,駅データ.jp
1162609,1162609,堺市,大阪府,堺市,堺市堺区,堺市堺区東雲西町１丁,34.577765,135.498644,阪和線(天王寺～和歌山),JR西日本,1,D,5,駅データ.jp
1162610,1162610,三国ケ丘,大阪府,堺市,堺市堺区,堺市堺区向陵中町二丁7-1,34.565789,135.492705,南海高野線|阪和線(天王寺～和歌山),JR西日本|南海電鉄,2,D,15,駅データ.jp
1162611,1162611,百舌鳥,大阪府,堺市,堺市堺区,堺市堺区百舌鳥夕雲町,34.558322,135.488934,阪和線(天王寺～和歌山),JR西日本,1,D,5,駅データ.jp
1162612,1162612,上野芝,大阪府,堺市,堺市西区,堺市西区上野芝町３丁,34.549484,135.478026,阪和線(天王寺～和歌山),JR西日本,1,D,5,駅データ.jp
1162613,1162613,津久野,大阪府,堺市,堺市西区,堺市西区津久野町１丁,34.542287,135.468108,阪和線(天王寺～和歌山),JR西日本,1,D,5,駅データ.jp
1162614,1162614,鳳,大阪府,堺市,堺市西区,堺市西区鳳東町１丁,34.531674,135.458734,羽衣線|阪和線(天王寺～和歌山),JR西日本,2,D,15,駅データ.jp
1162615,1162615,富木,大阪府,高石市,高石市,高石市取石１,34.522534,135.451171,阪和線(天王寺～和歌山),JR西日本,1,D,5,駅データ.jp
1162616,1162616,北信太,大阪府,和泉市,和泉市,和泉市太町,34.510671,135.441506,阪和線(天王寺～和歌山),JR西日本,1,D,5,駅データ.jp
1162617,1162617,信太山,大阪府,和泉市,和泉市,和泉市池上町１,34.500183,135.432895,阪和線(天王寺～和歌山),JR西日本,1,D,5,駅データ.jp
1162618,1162618,和泉府中,大阪府,,,和泉市府中町１,34.48794,135.423891,阪和線(天王寺～和歌山),JR西日本,1,D,5,駅データ.jp
1162619,1162619,久米田,大阪府,岸和田市,岸和田市,岸和田市大町,34.46574,135.405384,阪和線(天王寺～和歌山),JR西日本,1,D,5,駅データ.jp
1162620,1162620,下松,大阪府,岸和田市,岸和田市,岸和田市下松町,34.457344,135.39683,阪和線(天王寺～和歌山),JR西日本,1,D,5,駅データ.jp
1162621,1162621,東岸和田,大阪府,岸和田市,岸和田市,岸和田市土生町,34.449341,135.385859,阪和線(天王寺～和歌山),JR西日本,1,D,13,駅データ.jp
1162622,1162622,東貝塚,大阪府,貝塚市,貝塚市,貝塚市半田,34.440051,135.373055,阪和線(天王寺～和歌山),JR西日本,1,D,13,駅データ.jp
1162623,1162623,和泉橋本,大阪府,貝塚市,貝塚市,貝塚市橋本,34.427379,135.358762,阪和線(天王寺～和歌山),JR西日本,1,D,5,駅データ.jp
1162624,1162624,東佐野,大阪府,泉佐野市,泉佐野市,泉佐野市泉ケ丘,34.416744,135.350138,阪和線(天王寺～和歌山),JR西日本,1,D,5,駅データ.jp
1162625,1162625,熊取,大阪府,,,泉南郡熊取町大字大久保,34.406048,135.341086,阪和線(天王寺～和歌山),JR西日本,1,D,5,駅データ.jp
1162626,1162626,日根野,大阪府,泉佐野市,泉佐野市,泉佐野市日根野,34.39075,135.331309,JR関西空港線|阪和線(天王寺～和歌山),JR西日本,2,D,15,駅データ.jp
1162627,1162627,長滝,大阪府,泉佐野市,泉佐野市,泉佐野市長滝,34.381865,135.319574,阪和線(天王寺～和歌山),JR西日本,1,D,5,駅データ.jp
1162628,1162628,新家,大阪府,泉南市,泉南市,泉南市新家,34.372405,135.299076,阪和線(天王寺～和歌山),JR西日本,1,D,5,駅データ.jp
1162629,1162629,和泉砂川,大阪府,泉南市,泉南市,泉南市信達牧野,34.360289,135.281242,阪和線(天王寺～和歌山),JR西日本,1,D,5,駅データ.jp
1162630,1162630,和泉鳥取,大阪府,阪南市,阪南市,阪南市鳥取,34.342538,135.263238,阪和線(天王寺～和歌山),JR西日本,1,D,5,駅データ.jp
1162631,1162631,山中渓,大阪府,阪南市,阪南市,阪南市山中渓,34.325534,135.269741,阪和線(天王寺～和歌山),JR西日本,1,D,5,駅データ.jp
1162632,1162632,紀伊,和歌山県,和歌山市,和歌山市,和歌山市北野,34.269213,135.246179,阪和線(天王寺～和歌山),JR西日本,1,D,5,駅データ.jp
1162633,1162633,六十谷,和歌山県,和歌山市,和歌山市,和歌山市六十谷,34.26244,135.207116,阪和線(天王寺～和歌山),JR西日本,1,D,5,駅データ.jp
1162634,1162634,紀伊中ノ島,和歌山県,和歌山市,和歌山市,和歌山市中之島,34.242894,135.190223,阪和線(天王寺～和歌山),JR西日本,1,D,5,駅データ.jp
1162635,1162635,和歌山,和歌山県,和歌山市,和歌山市,和歌山市美園町,34.232358,135.191545,JR和歌山線|きのくに線|紀勢本線(和歌山～和歌山市)|貴志川線|阪和線(天王寺～和歌山),JR西日本|和歌山電鐵,5,B,58,駅データ.jp
1162702,1162702,東羽衣,大阪府,高石市,高石市,高石市東羽衣１丁目,34.534707,135.442128,南海本線|南海高師浜線|羽衣線,JR西日本|南海電鉄,3,C,24,駅データ.jp
1162802,1162802,りんくうタウン,大阪府,泉佐野市,泉佐野市,泉佐野市りんくう往来北１番,34.410308,135.300117,JR関西空港線|南海空港線,JR西日本|南海電鉄,2,D,15,駅データ.jp
1162803,1162803,関西空港,大阪府,,,泉南郡田尻町泉州空港中１番,34.435924,135.24351,JR関西空港線|南海空港線,JR西日本|南海電鉄,2,D,15,駅データ.jp
1162904,1162904,塚口,兵庫県,尼崎市,尼崎市,兵庫県尼崎市東塚口町一丁目9-1,34.751028,135.424948,JR宝塚線,JR西日本,1,D,5,駅データ.jp
1162905,1162905,猪名寺,兵庫県,尼崎市,尼崎市,尼崎市猪名寺,34.764086,135.422598,JR宝塚線,JR西日本,1,D,5,駅データ.jp
1162906,1162906,伊丹,兵庫県,伊丹市,伊丹市,兵庫県伊丹市伊丹一丁目15-20,34.78065,135.421686,JR宝塚線,JR西日本,1,D,13,駅データ.jp
1162907,1162907,北伊丹,兵庫県,伊丹市,伊丹市,伊丹市北伊丹９丁目,34.801349,135.419326,JR宝塚線,JR西日本,1,D,13,駅データ.jp
1162908,1162908,川西池田,兵庫県,川西市,川西市,川西市栄根２丁目,34.824857,135.409901,JR宝塚線,JR西日本,1,D,13,駅データ.jp
1162909,1162909,中山寺,兵庫県,宝塚市,宝塚市,宝塚市中筋４丁目,34.816627,135.373993,JR宝塚線,JR西日本,1,D,5,駅データ.jp
1162910,1162910,宝塚,兵庫県,宝塚市,宝塚市,宝塚市栄町２丁目,34.810833,135.340836,JR宝塚線|阪急今津線|阪急宝塚本線,JR西日本|阪急電鉄,3,C,32,駅データ.jp
1162911,1162911,生瀬,兵庫県,西宮市,西宮市,西宮市塩瀬町生瀬,34.819159,135.325058,JR宝塚線,JR西日本,1,D,5,駅データ.jp
1162912,1162912,西宮名塩,兵庫県,西宮市,西宮市,西宮市名塩新町,34.827125,135.308871,JR宝塚線,JR西日本,1,D,13,駅データ.jp
1162913,1162913,武田尾,兵庫県,宝塚市,宝塚市,宝塚市玉瀬字イズリハ,34.855316,135.305838,JR宝塚線,JR西日本,1,D,5,駅データ.jp
1162914,1162914,道場,兵庫県,神戸市,神戸市北区,神戸市北区道場町生野,34.867303,135.255528,JR宝塚線,JR西日本,1,D,5,駅データ.jp
1162915,1162915,三田,兵庫県,三田市,三田市,三田市駅前町１丁目,34.888435,135.230277,JR宝塚線|三田線|公園都市線,JR西日本|神戸電鉄,3,C,32,駅データ.jp
1162916,1162916,新三田,兵庫県,三田市,三田市,三田市福島字道野上,34.910183,135.20861,JR宝塚線,JR西日本,1,D,13,駅データ.jp
1162917,1162917,広野,兵庫県,三田市,三田市,三田市広野,34.928424,135.191267,JR宝塚線,JR西日本,1,D,5,駅データ.jp
1162918,1162918,相野,兵庫県,三田市,三田市,三田市下相野,34.947482,135.155998,JR宝塚線,JR西日本,1,D,5,駅データ.jp
1162919,1162919,藍本,兵庫県,三田市,三田市,三田市藍本,34.977041,135.155533,JR宝塚線,JR西日本,1,D,5,駅データ.jp
1162920,1162920,草野,兵庫県,丹波篠山市,丹波篠山市,兵庫県丹波篠山市草野字横道ノ坪,34.996887,135.1524,JR宝塚線,JR西日本,1,D,5,駅データ.jp
1162921,1162921,古市,兵庫県,丹波篠山市,丹波篠山市,兵庫県丹波篠山市古市字北側199-1,35.021932,135.154808,JR宝塚線,JR西日本,1,D,5,駅データ.jp
1162922,1162922,南矢代,兵庫県,丹波篠山市,丹波篠山市,兵庫県丹波篠山市南矢代字辻ノ下ノ坪449-4,35.037697,135.174875,JR宝塚線,JR西日本,1,D,5,駅データ.jp
1162923,1162923,篠山口,兵庫県,丹波篠山市,丹波篠山市,兵庫県丹波篠山市大沢字高伏ノ坪165-3,35.056223,135.177452,JR宝塚線|福知山線(篠山口～福知山),JR西日本,2,D,15,駅データ.jp
1163002,1163002,丹波大山,兵庫県,丹波篠山市,丹波篠山市,兵庫県丹波篠山市西古佐字森田ノ坪1018-2,35.072369,135.168533,福知山線(篠山口～福知山),JR西日本,1,D,5,駅データ.jp
1163003,1163003,下滝,兵庫県,丹波市,丹波市,丹波市山南町下滝,35.08791,135.094268,福知山線(篠山口～福知山),JR西日本,1,D,5,駅データ.jp
1163004,1163004,谷川,兵庫県,丹波市,丹波市,丹波市山南町池谷,35.082724,135.049666,JR加古川線|福知山線(篠山口～福知山),JR西日本,2,D,15,駅データ.jp
1163005,1163005,柏原,兵庫県,丹波市,丹波市,丹波市柏原町柏原,35.127206,135.077082,福知山線(篠山口～福知山),JR西日本,1,D,5,駅データ.jp
1163006,1163006,石生,兵庫県,丹波市,丹波市,丹波市氷上町石生,35.152706,135.063719,福知山線(篠山口～福知山),JR西日本,1,D,5,駅データ.jp
1163007,1163007,黒井,兵庫県,丹波市,丹波市,丹波市春日町黒井,35.168549,135.097302,福知山線(篠山口～福知山),JR西日本,1,D,5,駅データ.jp
1163008,1163008,市島,兵庫県,丹波市,丹波市,丹波市市島町市島,35.207868,135.130198,福知山線(篠山口～福知山),JR西日本,1,D,5,駅データ.jp
1163009,1163009,丹波竹田,兵庫県,丹波市,丹波市,丹波市市島町中竹田,35.24373,135.133908,福知山線(篠山口～福知山),JR西日本,1,D,13,駅データ.jp
1163102,1163102,西相生,兵庫県,相生市,相生市,相生市千尋町,34.801303,134.450563,JR赤穂線,JR西日本,1,D,13,駅データ.jp
1163103,1163103,坂越,兵庫県,赤穂市,赤穂市,赤穂市浜市,34.768679,134.417244,JR赤穂線,JR西日本,1,D,5,駅データ.jp
1163104,1163104,播州赤穂,兵庫県,赤穂市,赤穂市,赤穂市加里屋,34.756601,134.392976,JR赤穂線,JR西日本,1,D,13,駅データ.jp
1163105,1163105,天和,兵庫県,赤穂市,赤穂市,赤穂市鷆和,34.749097,134.351418,JR赤穂線,JR西日本,1,D,5,駅データ.jp
1163106,1163106,備前福河,兵庫県,赤穂市,赤穂市,赤穂市福浦,34.746681,134.331664,JR赤穂線,JR西日本,1,D,5,駅データ.jp
1163107,1163107,寒河,岡山県,備前市,備前市,備前市日生町寒河,34.746122,134.29778,JR赤穂線,JR西日本,1,D,5,駅データ.jp
1163108,1163108,日生,岡山県,備前市,備前市,備前市日生町寒河,34.735148,134.276485,JR赤穂線,JR西日本,1,D,5,駅データ.jp
1163109,1163109,伊里,岡山県,備前市,備前市,備前市穂浪,34.741424,134.224525,JR赤穂線,JR西日本,1,D,5,駅データ.jp
1163110,1163110,備前片上,岡山県,備前市,備前市,備前市東片上,34.748295,134.197006,JR赤穂線,JR西日本,1,D,13,駅データ.jp
1163111,1163111,西片上,岡山県,備前市,備前市,備前市西片上,34.745193,134.184177,JR赤穂線,JR西日本,1,D,5,駅データ.jp
1163112,1163112,伊部,岡山県,備前市,備前市,備前市伊部,34.738798,134.160554,JR赤穂線,JR西日本,1,D,5,駅データ.jp
1163113,1163113,香登,岡山県,備前市,備前市,備前市香登西,34.727737,134.119542,JR赤穂線,JR西日本,1,D,5,駅データ.jp
1163114,1163114,長船,岡山県,瀬戸内市,瀬戸内市,瀬戸内市長船町福岡,34.699909,134.098828,JR赤穂線,JR西日本,1,D,5,駅データ.jp
1163115,1163115,邑久,岡山県,瀬戸内市,瀬戸内市,瀬戸内市邑久町山田庄,34.668526,134.091027,JR赤穂線,JR西日本,1,D,5,駅データ.jp
1163116,1163116,大富,岡山県,瀬戸内市,瀬戸内市,瀬戸内市邑久町大富,34.661429,134.070762,JR赤穂線,JR西日本,1,D,5,駅データ.jp
1163117,1163117,西大寺,岡山県,岡山市,岡山市東区,岡山市東区西大寺上二丁目4-64,34.661878,134.037037,JR赤穂線,JR西日本,1,D,5,駅データ.jp
1163118,1163118,大多羅,岡山県,岡山市,岡山市東区,岡山市東区大多羅町399,34.665661,134.006354,JR赤穂線,JR西日本,1,D,5,駅データ.jp
1163202,1163202,日岡,兵庫県,加古川市,加古川市,加古川市加古川町大野,34.778643,134.857153,JR加古川線,JR西日本,1,D,5,駅データ.jp
1163203,1163203,神野,兵庫県,加古川市,加古川市,加古川市神野町西条,34.790922,134.878854,JR加古川線,JR西日本,1,D,5,駅データ.jp
1163204,1163204,厄神,兵庫県,加古川市,加古川市,加古川市上荘町国包,34.794623,134.90682,JR加古川線,JR西日本,1,D,5,駅データ.jp
1163205,1163205,市場,兵庫県,小野市,小野市,兵庫県小野市黍田町字屋田635[1],34.819352,134.932494,JR加古川線,JR西日本,1,D,5,駅データ.jp
1163206,1163206,小野町,兵庫県,小野市,小野市,小野市下来住町中前,34.833601,134.918466,JR加古川線,JR西日本,1,D,13,駅データ.jp
1163207,1163207,粟生,兵庫県,小野市,小野市,小野市粟生町,34.857112,134.909498,JR加古川線|北条鉄道北条線|粟生線,JR西日本|北条鉄道|神戸電鉄,3,C,24,駅データ.jp
1163208,1163208,河合西,兵庫県,小野市,小野市,小野市新部町,34.879221,134.919519,JR加古川線,JR西日本,1,D,5,駅データ.jp
1163209,1163209,青野ケ原,兵庫県,小野市,小野市,兵庫県小野市復井町字十郎260,34.897297,134.927933,JR加古川線,JR西日本,1,D,5,駅データ.jp
1163210,1163210,社町,兵庫県,加東市,加東市,加東市河高,34.920336,134.934507,JR加古川線,JR西日本,1,D,5,駅データ.jp
1163211,1163211,滝野,兵庫県,加東市,加東市,加東市上滝野,34.941034,134.954919,JR加古川線,JR西日本,1,D,5,駅データ.jp
1163212,1163212,滝,兵庫県,加東市,加東市,加東市上滝野,34.948812,134.962374,JR加古川線,JR西日本,1,D,5,駅データ.jp
1163213,1163213,西脇市,兵庫県,西脇市,西脇市,西脇市野村町,34.971702,134.968795,JR加古川線,JR西日本,1,D,13,駅データ.jp
1163214,1163214,新西脇,兵庫県,西脇市,西脇市,西脇市和布町,34.977907,134.977563,JR加古川線,JR西日本,1,D,13,駅データ.jp
1163215,1163215,比延,兵庫県,西脇市,西脇市,西脇市鹿野町,34.988773,134.995733,JR加古川線,JR西日本,1,D,5,駅データ.jp
1163216,1163216,日本へそ公園,兵庫県,西脇市,西脇市,西脇市上比延町大字芦谷滝ノ上,35.002069,134.997633,JR加古川線,JR西日本,1,D,5,駅データ.jp
1163217,1163217,黒田庄,兵庫県,西脇市,西脇市,西脇市黒田庄町岡,35.022689,134.992522,JR加古川線,JR西日本,1,D,5,駅データ.jp
1163218,1163218,本黒田,兵庫県,西脇市,西脇市,西脇市黒田庄町黒田,35.052941,134.99591,JR加古川線,JR西日本,1,D,5,駅データ.jp
1163219,1163219,船町口,兵庫県,西脇市,西脇市,西脇市黒田庄町船町,35.06291,135.009342,JR加古川線,JR西日本,1,D,5,駅データ.jp
1163220,1163220,久下村,兵庫県,丹波市,丹波市,丹波市山南町谷川,35.075812,135.030557,JR加古川線,JR西日本,1,D,5,駅データ.jp
1163302,1163302,播磨高岡,兵庫県,姫路市,姫路市,姫路市西今宿３丁目,34.841918,134.658674,JR姫新線(姫路～佐用),JR西日本,1,D,5,駅データ.jp
1163303,1163303,余部,兵庫県,姫路市,姫路市,姫路市青山,34.856483,134.642783,JR姫新線(姫路～佐用),JR西日本,1,D,5,駅データ.jp
1163304,1163304,太市,兵庫県,姫路市,姫路市,姫路市相野,34.863998,134.607087,JR姫新線(姫路～佐用),JR西日本,1,D,5,駅データ.jp
1163305,1163305,本竜野,兵庫県,たつの市,たつの市,たつの市龍野町中村,34.861762,134.555611,JR姫新線(姫路～佐用),JR西日本,1,D,5,駅データ.jp
1163306,1163306,東觜崎,兵庫県,たつの市,たつの市,たつの市神岡町大住寺,34.887629,134.557685,JR姫新線(姫路～佐用),JR西日本,1,D,5,駅データ.jp
1163307,1163307,播磨新宮,兵庫県,たつの市,たつの市,たつの市新宮町新宮,34.921442,134.545766,JR姫新線(姫路～佐用),JR西日本,1,D,5,駅データ.jp
1163308,1163308,千本,兵庫県,たつの市,たつの市,たつの市新宮町千本,34.942508,134.494327,JR姫新線(姫路～佐用),JR西日本,1,D,5,駅データ.jp
1163309,1163309,西栗栖,兵庫県,たつの市,たつの市,たつの市新宮町鍛冶屋,34.952378,134.470646,JR姫新線(姫路～佐用),JR西日本,1,D,5,駅データ.jp
1163310,1163310,三日月,兵庫県,,,佐用郡佐用町三日月,34.984846,134.435318,JR姫新線(姫路～佐用),JR西日本,1,D,5,駅データ.jp
1163311,1163311,播磨徳久,兵庫県,,,佐用郡佐用町下徳久,34.990473,134.385711,JR姫新線(姫路～佐用),JR西日本,1,D,5,駅データ.jp
1163312,1163312,佐用,兵庫県,,,佐用郡佐用町間島田,35.003579,134.356538,JR姫新線(佐用～新見)|JR姫新線(姫路～佐用)|智頭急行智頭線,JR西日本|智頭急行,3,C,24,駅データ.jp
1163402,1163402,上月,兵庫県,,,佐用郡佐用町上月,34.983425,134.32251,JR姫新線(佐用～新見),JR西日本,1,D,5,駅データ.jp
1163403,1163403,美作土居,岡山県,美作市,美作市,美作市土居,34.995078,134.25991,JR姫新線(佐用～新見),JR西日本,1,D,13,駅データ.jp
1163404,1163404,美作江見,岡山県,美作市,美作市,美作市川北,35.013403,134.219754,JR姫新線(佐用～新見),JR西日本,1,D,13,駅データ.jp
1163405,1163405,楢原,岡山県,美作市,美作市,美作市楢原上,35.01974,134.189362,JR姫新線(佐用～新見),JR西日本,1,D,5,駅データ.jp
1163406,1163406,林野,岡山県,美作市,美作市,美作市栄町,35.013893,134.151411,JR姫新線(佐用～新見),JR西日本,1,D,5,駅データ.jp
1163407,1163407,勝間田,岡山県,,,勝田郡勝央町勝間田,35.035882,134.118971,JR姫新線(佐用～新見),JR西日本,1,D,5,駅データ.jp
1163408,1163408,西勝間田,岡山県,,,勝田郡勝央町黒坂,35.043553,134.089316,JR姫新線(佐用～新見),JR西日本,1,D,5,駅データ.jp
1163409,1163409,美作大崎,岡山県,津山市,津山市,津山市福力,35.045419,134.067298,JR姫新線(佐用～新見),JR西日本,1,D,5,駅データ.jp
1163410,1163410,東津山,岡山県,津山市,津山市,津山市川崎,35.058676,134.031818,JR因美線|JR姫新線(佐用～新見),JR西日本,2,C,23,駅データ.jp
1163411,1163411,津山,岡山県,津山市,津山市,津山市大谷,35.054511,134.003477,JR因美線|JR姫新線(佐用～新見)|JR津山線,JR西日本,3,C,32,駅データ.jp
1163412,1163412,院庄,岡山県,津山市,津山市,津山市二宮,35.059068,133.957617,JR姫新線(佐用～新見),JR西日本,1,D,5,駅データ.jp
1163413,1163413,美作千代,岡山県,津山市,津山市,津山市領家,35.058311,133.906201,JR姫新線(佐用～新見),JR西日本,1,D,5,駅データ.jp
1163414,1163414,坪井,岡山県,津山市,津山市,津山市中北上,35.062041,133.877295,JR姫新線(佐用～新見),JR西日本,1,D,5,駅データ.jp
1163415,1163415,美作追分,岡山県,真庭市,真庭市,真庭市上河内,35.058876,133.820063,JR姫新線(佐用～新見),JR西日本,1,D,5,駅データ.jp
1163416,1163416,美作落合,岡山県,真庭市,真庭市,真庭市西原,35.02318,133.759656,JR姫新線(佐用～新見),JR西日本,1,D,5,駅データ.jp
1163417,1163417,古見,岡山県,真庭市,真庭市,真庭市古見,35.049213,133.760616,JR姫新線(佐用～新見),JR西日本,1,D,5,駅データ.jp
1163418,1163418,久世,岡山県,真庭市,真庭市,真庭市久世,35.080976,133.745133,JR姫新線(佐用～新見),JR西日本,1,D,5,駅データ.jp
1163419,1163419,中国勝山,岡山県,真庭市,真庭市,真庭市勝山,35.080556,133.694735,JR姫新線(佐用～新見),JR西日本,1,D,5,駅データ.jp
1163420,1163420,月田,岡山県,真庭市,真庭市,真庭市月田,35.048195,133.666839,JR姫新線(佐用～新見),JR西日本,1,D,5,駅データ.jp
1163421,1163421,富原,岡山県,真庭市,真庭市,真庭市若代,35.054838,133.612494,JR姫新線(佐用～新見),JR西日本,1,D,5,駅データ.jp
1163422,1163422,刑部,岡山県,新見市,新見市,新見市大佐小阪部,35.076283,133.565981,JR姫新線(佐用～新見),JR西日本,1,D,5,駅データ.jp
1163423,1163423,丹治部,岡山県,新見市,新見市,新見市大佐田治部,35.046392,133.553725,JR姫新線(佐用～新見),JR西日本,1,D,5,駅データ.jp
1163424,1163424,岩山,岡山県,新見市,新見市,新見市上熊谷,35.02262,133.512674,JR姫新線(佐用～新見),JR西日本,1,D,5,駅データ.jp
1163425,1163425,新見,岡山県,新見市,新見市,新見市西方,34.987232,133.45674,JR伯備線|JR姫新線(佐用～新見)|JR芸備線,JR西日本,3,C,32,駅データ.jp
1163502,1163502,京口,兵庫県,姫路市,姫路市,姫路市城東町,34.834672,134.70535,JR播但線,JR西日本,1,D,5,駅データ.jp
1163503,1163503,野里,兵庫県,姫路市,姫路市,姫路市西中島,34.856142,134.711251,JR播但線,JR西日本,1,D,5,駅データ.jp
1163504,1163504,砥堀,兵庫県,姫路市,姫路市,姫路市砥堀,34.866427,134.724833,JR播但線,JR西日本,1,D,5,駅データ.jp
1163505,1163505,仁豊野,兵庫県,姫路市,姫路市,姫路市仁豊野,34.885144,134.728315,JR播但線,JR西日本,1,D,5,駅データ.jp
1163506,1163506,香呂,兵庫県,姫路市,姫路市,姫路市香寺町中屋,34.911389,134.735895,JR播但線,JR西日本,1,D,5,駅データ.jp
1163507,1163507,溝口,兵庫県,姫路市,姫路市,姫路市香寺町溝口,34.927859,134.742347,JR播但線,JR西日本,1,D,5,駅データ.jp
1163508,1163508,福崎,兵庫県,,,神崎郡福崎町福田,34.960637,134.750618,JR播但線,JR西日本,1,D,5,駅データ.jp
1163509,1163509,甘地,兵庫県,神崎郡市,神崎郡市,神崎郡市川町甘地,34.98814,134.758525,JR播但線,JR西日本,1,D,5,駅データ.jp
1163510,1163510,鶴居,兵庫県,神崎郡市,神崎郡市,神崎郡市川町鶴居,35.023742,134.754716,JR播但線,JR西日本,1,D,5,駅データ.jp
1163511,1163511,新野,兵庫県,,,神崎郡神河町新野,35.050278,134.752482,JR播但線,JR西日本,1,D,5,駅データ.jp
1163512,1163512,寺前,兵庫県,,,神崎郡神河町鍛治,35.065462,134.743255,JR播但線,JR西日本,1,D,5,駅データ.jp
1163513,1163513,長谷,兵庫県,,,神崎郡神河町栗,35.117029,134.748103,JR播但線,JR西日本,1,D,5,駅データ.jp
1163514,1163514,生野,兵庫県,朝来市,朝来市,朝来市生野町口銀谷,35.163227,134.789259,JR播但線,JR西日本,1,D,5,駅データ.jp
1163515,1163515,新井,兵庫県,朝来市,朝来市,朝来市新井,35.236471,134.79508,JR播但線,JR西日本,1,D,5,駅データ.jp
1163516,1163516,青倉,兵庫県,朝来市,朝来市,朝来市物部,35.26719,134.811789,JR播但線,JR西日本,1,D,5,駅データ.jp
1163517,1163517,竹田,兵庫県,朝来市,朝来市,朝来市和田山町竹田,35.298459,134.835422,JR播但線,JR西日本,1,D,5,駅データ.jp
1163602,1163602,畠田,奈良県,,,北葛城郡王寺町大字畠田３丁目,34.578427,135.703874,JR和歌山線,JR西日本,1,D,5,駅データ.jp
1163603,1163603,志都美,奈良県,香芝市,香芝市,香芝市上中,34.561515,135.701997,JR和歌山線,JR西日本,1,D,5,駅データ.jp
1163604,1163604,香芝,奈良県,香芝市,香芝市,香芝市下田西１丁目,34.543137,135.705767,JR和歌山線,JR西日本,1,D,13,駅データ.jp
1163605,1163605,ＪＲ五位堂,奈良県,香芝市,香芝市,香芝市五位堂６丁目５５,34.527667,135.718435,JR和歌山線,JR西日本,1,D,5,駅データ.jp
1163606,1163606,高田,奈良県,大和高田市,大和高田市,大和高田市高砂町１丁目,34.515916,135.745033,JR和歌山線|万葉まほろば線,JR西日本,2,D,15,駅データ.jp
1163607,1163607,大和新庄,奈良県,葛城市,葛城市,葛城市北花内北端,34.488827,135.736001,JR和歌山線,JR西日本,1,D,5,駅データ.jp
1163608,1163608,御所,奈良県,御所市,御所市,御所市御国通り１丁目,34.464891,135.733158,JR和歌山線|近鉄御所線,JR西日本|近畿日本鉄道,2,C,23,駅データ.jp
1163609,1163609,玉手,奈良県,御所市,御所市,御所市玉手字畑田,34.458467,135.748479,JR和歌山線,JR西日本,1,D,5,駅データ.jp
1163610,1163610,掖上,奈良県,御所市,御所市,御所市大字柏原,34.452393,135.763127,JR和歌山線,JR西日本,1,D,5,駅データ.jp
1163611,1163611,吉野口,奈良県,御所市,御所市,御所市大字古瀬,34.420643,135.750469,JR和歌山線|近鉄吉野線,JR西日本|近畿日本鉄道,2,D,15,駅データ.jp
1163612,1163612,北宇智,奈良県,五條市,五條市,五條市住川町,34.381264,135.714722,JR和歌山線,JR西日本,1,D,5,駅データ.jp
1163613,1163613,五条,奈良県,五條市,五條市,五條市須恵３丁目,34.355727,135.698679,JR和歌山線,JR西日本,1,D,5,駅データ.jp
1163614,1163614,大和二見,奈良県,五條市,五條市,五條市二見３丁目,34.346125,135.684516,JR和歌山線,JR西日本,1,D,5,駅データ.jp
1163615,1163615,隅田,和歌山県,橋本市,橋本市,橋本市隅田町芋生,34.32811,135.655639,JR和歌山線,JR西日本,1,D,5,駅データ.jp
1163616,1163616,下兵庫,和歌山県,橋本市,橋本市,橋本市隅田町下兵庫,34.322613,135.634741,JR和歌山線,JR西日本,1,D,5,駅データ.jp
1163617,1163617,橋本,和歌山県,橋本市,橋本市,橋本市古佐田１丁目,34.318327,135.614735,JR和歌山線|南海高野線,JR西日本|南海電鉄,2,C,23,駅データ.jp
1163618,1163618,紀伊山田,和歌山県,橋本市,橋本市,橋本市神野々,34.3131,135.584051,JR和歌山線,JR西日本,1,D,5,駅データ.jp
1163619,1163619,高野口,和歌山県,橋本市,橋本市,橋本市高野口町名倉,34.307603,135.556957,JR和歌山線,JR西日本,1,D,5,駅データ.jp
1163620,1163620,中飯降,和歌山県,,,伊都郡かつらぎ町大字中飯降,34.304209,135.532019,JR和歌山線,JR西日本,1,D,5,駅データ.jp
1163621,1163621,妙寺,和歌山県,,,伊都郡かつらぎ町大字新田,34.298607,135.517382,JR和歌山線,JR西日本,1,D,5,駅データ.jp
1163622,1163622,大谷,和歌山県,,,伊都郡かつらぎ町大字大谷,34.298548,135.493698,JR和歌山線,JR西日本,1,D,5,駅データ.jp
1163623,1163623,笠田,和歌山県,,,伊都郡かつらぎ町大字笠田東,34.292073,135.479947,JR和歌山線,JR西日本,1,D,5,駅データ.jp
1163624,1163624,西笠田,和歌山県,,,伊都郡かつらぎ町大字高田,34.280136,135.452551,JR和歌山線,JR西日本,1,D,5,駅データ.jp
1163625,1163625,名手,和歌山県,紀の川市,紀の川市,紀の川市名手市場,34.272883,135.433498,JR和歌山線,JR西日本,1,D,5,駅データ.jp
1163626,1163626,粉河,和歌山県,紀の川市,紀の川市,紀の川市粉河,34.270717,135.404184,JR和歌山線,JR西日本,1,D,5,駅データ.jp
1163627,1163627,紀伊長田,和歌山県,紀の川市,紀の川市,紀の川市深田,34.268242,135.391536,JR和歌山線,JR西日本,1,D,5,駅データ.jp
1163628,1163628,打田,和歌山県,紀の川市,紀の川市,紀の川市打田,34.265178,135.364224,JR和歌山線,JR西日本,1,D,5,駅データ.jp
1163629,1163629,下井阪,和歌山県,紀の川市,紀の川市,紀の川市下井阪,34.262003,135.340256,JR和歌山線,JR西日本,1,D,5,駅データ.jp
1163630,1163630,岩出,和歌山県,岩出市,岩出市,岩出市高塚,34.254945,135.321272,JR和歌山線,JR西日本,1,D,13,駅データ.jp
1163631,1163631,船戸,和歌山県,岩出市,岩出市,岩出市船戸,34.248301,135.311171,JR和歌山線,JR西日本,1,D,5,駅データ.jp
1163632,1163632,紀伊小倉,和歌山県,和歌山市,和歌山市,和歌山市新庄,34.246357,135.287346,JR和歌山線,JR西日本,1,D,5,駅データ.jp
1163633,1163633,布施屋,和歌山県,和歌山市,和歌山市,和歌山市布施屋,34.244481,135.261579,JR和歌山線,JR西日本,1,D,5,駅データ.jp
1163634,1163634,千旦,和歌山県,和歌山市,和歌山市,和歌山市関戸４８５-１,34.24167,135.245677,JR和歌山線,JR西日本,1,D,5,駅データ.jp
1163635,1163635,田井ノ瀬,和歌山県,和歌山市,和歌山市,和歌山市岩橋,34.242153,135.229492,JR和歌山線,JR西日本,1,D,5,駅データ.jp
1163702,1163702,京終,奈良県,奈良市,奈良市,奈良市南京終町,34.670031,135.828446,万葉まほろば線,JR西日本,1,D,5,駅データ.jp
1163703,1163703,帯解,奈良県,奈良市,奈良市,奈良市今市町１丁目,34.643156,135.82621,万葉まほろば線,JR西日本,1,D,5,駅データ.jp
1163704,1163704,櫟本,奈良県,天理市,天理市,天理市櫟本町,34.621058,135.826329,万葉まほろば線,JR西日本,1,D,5,駅データ.jp
1163705,1163705,天理,奈良県,天理市,天理市,天理市川原城町,34.601176,135.829915,万葉まほろば線|近鉄天理線,JR西日本|近畿日本鉄道,2,C,23,駅データ.jp
1163706,1163706,長柄,奈良県,天理市,天理市,天理市兵庫町,34.574252,135.835021,万葉まほろば線,JR西日本,1,D,5,駅データ.jp
1163707,1163707,柳本,奈良県,天理市,天理市,天理市柳本町,34.55926,135.838715,万葉まほろば線,JR西日本,1,D,5,駅データ.jp
1163708,1163708,巻向,奈良県,桜井市,桜井市,桜井市辻,34.545147,135.840943,万葉まほろば線,JR西日本,1,D,5,駅データ.jp
1163709,1163709,三輪,奈良県,桜井市,桜井市,桜井市三輪,34.527138,135.848435,万葉まほろば線,JR西日本,1,D,5,駅データ.jp
1163710,1163710,桜井,奈良県,桜井市,桜井市,桜井市桜井,34.513306,135.846521,万葉まほろば線|近鉄大阪線,JR西日本|近畿日本鉄道,2,C,23,駅データ.jp
1163711,1163711,香久山,奈良県,橿原市,橿原市,橿原市出垣内町,34.510704,135.825092,万葉まほろば線,JR西日本,1,D,5,駅データ.jp
1163712,1163712,畝傍,奈良県,橿原市,橿原市,橿原市八木町２,34.508209,135.794154,万葉まほろば線,JR西日本,1,D,5,駅データ.jp
1163713,1163713,金橋,奈良県,橿原市,橿原市,橿原市曲川町,34.509639,135.765401,万葉まほろば線,JR西日本,1,D,5,駅データ.jp
1163902,1163902,三輪崎,和歌山県,新宮市,新宮市,新宮市三輪崎,33.689554,135.984906,きのくに線,JR西日本,1,D,5,駅データ.jp
1163903,1163903,紀伊佐野,和歌山県,新宮市,新宮市,新宮市佐野,33.679891,135.970447,きのくに線,JR西日本,1,D,5,駅データ.jp
1163904,1163904,宇久井,和歌山県,,,東牟婁郡那智勝浦町大字宇久井,33.662751,135.972302,きのくに線,JR西日本,1,D,5,駅データ.jp
1163905,1163905,那智,和歌山県,,,東牟婁郡那智勝浦町大字浜ノ宮,33.643917,135.936508,きのくに線,JR西日本,1,D,5,駅データ.jp
1163906,1163906,紀伊天満,和歌山県,,,東牟婁郡那智勝浦町大字天満,33.636706,135.93457,きのくに線,JR西日本,1,D,5,駅データ.jp
1163907,1163907,紀伊勝浦,和歌山県,,,東牟婁郡那智勝浦町大字勝浦,33.628133,135.941811,きのくに線,JR西日本,1,D,5,駅データ.jp
1163908,1163908,湯川,和歌山県,,,東牟婁郡那智勝浦町大字二河,33.609568,135.92508,きのくに線,JR西日本,1,D,5,駅データ.jp
1163909,1163909,太地,和歌山県,,,東牟婁郡太地町大字森浦,33.591348,135.927536,きのくに線,JR西日本,1,D,5,駅データ.jp
1163910,1163910,下里,和歌山県,,,東牟婁郡那智勝浦町大字下里,33.582115,135.9221,きのくに線,JR西日本,1,D,5,駅データ.jp
1163911,1163911,紀伊浦神,和歌山県,,,東牟婁郡那智勝浦町大字浦神,33.560473,135.893979,きのくに線,JR西日本,1,D,5,駅データ.jp
1163912,1163912,紀伊田原,和歌山県,,,東牟婁郡串本町田原,33.536504,135.868132,きのくに線,JR西日本,1,D,5,駅データ.jp
1163913,1163913,古座,和歌山県,,,東牟婁郡串本町西向,33.518449,135.820882,きのくに線,JR西日本,1,D,5,駅データ.jp
1163914,1163914,紀伊姫,和歌山県,,,東牟婁郡串本町姫,33.497321,135.796272,きのくに線,JR西日本,1,D,5,駅データ.jp
1163915,1163915,串本,和歌山県,,,東牟婁郡串本町串本,33.47547,135.781546,きのくに線,JR西日本,1,D,5,駅データ.jp
1163916,1163916,紀伊有田,和歌山県,,,東牟婁郡串本町有田,33.490896,135.736277,きのくに線,JR西日本,1,D,5,駅データ.jp
1163917,1163917,田並,和歌山県,,,東牟婁郡串本町田並,33.488059,135.719107,きのくに線,JR西日本,1,D,5,駅データ.jp
1163918,1163918,田子,和歌山県,,,東牟婁郡串本町和深,33.490281,135.677603,きのくに線,JR西日本,1,D,5,駅データ.jp
1163919,1163919,和深,和歌山県,,,東牟婁郡串本町和深,33.501171,135.654969,きのくに線,JR西日本,1,D,5,駅データ.jp
1163920,1163920,江住,和歌山県,,,西牟婁郡すさみ町江住,33.509539,135.603286,きのくに線,JR西日本,1,D,5,駅データ.jp
1163921,1163921,見老津,和歌山県,,,西牟婁郡すさみ町見老津,33.515577,135.575611,きのくに線,JR西日本,1,D,5,駅データ.jp
1163922,1163922,周参見,和歌山県,,,西牟婁郡すさみ町周参見,33.546837,135.495784,きのくに線,JR西日本,1,D,5,駅データ.jp
1163923,1163923,紀伊日置,和歌山県,,,西牟婁郡白浜町矢田,33.58491,135.458122,きのくに線,JR西日本,1,D,5,駅データ.jp
1163924,1163924,椿,和歌山県,,,西牟婁郡白浜町椿,33.609879,135.403877,きのくに線,JR西日本,1,D,5,駅データ.jp
1163925,1163925,紀伊富田,和歌山県,,,西牟婁郡白浜町栄,33.652709,135.393261,きのくに線,JR西日本,1,D,5,駅データ.jp
1163926,1163926,白浜,和歌山県,,,西牟婁郡白浜町堅田,33.676259,135.3874,きのくに線,JR西日本,1,D,5,駅データ.jp
1163927,1163927,朝来,和歌山県,,,西牟婁郡上富田町朝来,33.696774,135.417581,きのくに線,JR西日本,1,D,5,駅データ.jp
1163928,1163928,紀伊新庄,和歌山県,田辺市,田辺市,田辺市新庄町,33.720993,135.402355,きのくに線,JR西日本,1,D,5,駅データ.jp
1163929,1163929,紀伊田辺,和歌山県,田辺市,田辺市,田辺市湊塔ノ内,33.733619,135.383581,きのくに線,JR西日本,1,D,13,駅データ.jp
1163930,1163930,芳養,和歌山県,田辺市,田辺市,田辺市芳養町,33.747323,135.355334,きのくに線,JR西日本,1,D,5,駅データ.jp
1163931,1163931,南部,和歌山県,,,日高郡みなべ町芝,33.767597,135.324223,きのくに線,JR西日本,1,D,5,駅データ.jp
1163932,1163932,岩代,和歌山県,,,日高郡みなべ町西岩代,33.780372,135.27948,きのくに線,JR西日本,1,D,5,駅データ.jp
1163933,1163933,切目,和歌山県,,,日高郡印南町大字島田,33.796798,135.241072,きのくに線,JR西日本,1,D,5,駅データ.jp
1163934,1163934,印南,和歌山県,,,日高郡印南町大字印南,33.818592,135.219856,きのくに線,JR西日本,1,D,5,駅データ.jp
1163935,1163935,稲原,和歌山県,,,日高郡印南町大字印南原,33.852823,135.229774,きのくに線,JR西日本,1,D,5,駅データ.jp
1163936,1163936,和佐,和歌山県,,,日高郡日高川町和佐,33.896954,135.206709,きのくに線,JR西日本,1,D,5,駅データ.jp
1163937,1163937,道成寺,和歌山県,御坊市,御坊市,御坊市藤田町藤井,33.911118,135.175811,きのくに線,JR西日本,1,D,5,駅データ.jp
1163938,1163938,御坊,和歌山県,御坊市,御坊市,御坊市湯川町小松原,33.907783,135.158762,きのくに線|紀州鉄道線,JR西日本|紀州鉄道,2,C,23,駅データ.jp
1163939,1163939,紀伊内原,和歌山県,,,日高郡日高町大字萩原,33.92578,135.145177,きのくに線,JR西日本,1,D,5,駅データ.jp
1163940,1163940,紀伊由良,和歌山県,,,日高郡由良町大字里,33.969028,135.128303,きのくに線,JR西日本,1,D,5,駅データ.jp
1163941,1163941,広川ビーチ,和歌山県,,,有田郡広川町大字山本字中川,34.012804,135.163994,きのくに線,JR西日本,1,D,5,駅データ.jp
1163942,1163942,湯浅,和歌山県,,,有田郡湯浅町大字湯浅,34.03226,135.179992,きのくに線,JR西日本,1,D,5,駅データ.jp
1163943,1163943,藤並,和歌山県,,,有田郡有田川町明王寺,34.057807,135.197043,きのくに線,JR西日本,1,D,5,駅データ.jp
1163944,1163944,紀伊宮原,和歌山県,有田市,有田市,有田市宮原町滝川原,34.077928,135.169939,きのくに線,JR西日本,1,D,5,駅データ.jp
1163945,1163945,箕島,和歌山県,有田市,有田市,有田市箕島,34.086106,135.124074,きのくに線,JR西日本,1,D,5,駅データ.jp
1163946,1163946,初島,和歌山県,有田市,有田市,有田市初島町浜,34.100082,135.115525,きのくに線,JR西日本,1,D,5,駅データ.jp
1163947,1163947,下津,和歌山県,海南市,海南市,海南市下津町下津,34.108854,135.145524,きのくに線,JR西日本,1,D,5,駅データ.jp
1163948,1163948,加茂郷,和歌山県,海南市,海南市,海南市下津町黒田,34.125794,135.159963,きのくに線,JR西日本,1,D,5,駅データ.jp
1163949,1163949,冷水浦,和歌山県,海南市,海南市,海南市冷水,34.141864,135.193361,きのくに線,JR西日本,1,D,5,駅データ.jp
1163950,1163950,海南,和歌山県,海南市,海南市,海南市名高,34.154536,135.21443,きのくに線,JR西日本,1,D,13,駅データ.jp
1163951,1163951,黒江,和歌山県,海南市,海南市,海南市岡田横山,34.170584,135.210172,きのくに線,JR西日本,1,D,5,駅データ.jp
1163952,1163952,紀三井寺,和歌山県,和歌山市,和歌山市,和歌山市三葛,34.187714,135.187594,きのくに線,JR西日本,1,D,5,駅データ.jp
1163953,1163953,宮前,和歌山県,和歌山市,和歌山市,和歌山市中島,34.213375,135.188907,きのくに線,JR西日本,1,D,5,駅データ.jp
1164002,1164002,紀和,和歌山県,和歌山市,和歌山市,和歌山市中之島,34.241966,135.181451,紀勢本線(和歌山～和歌山市),JR西日本,1,D,5,駅データ.jp
1164003,1164003,和歌山市,和歌山県,和歌山市,和歌山市,和歌山市東蔵前丁,34.236873,135.166586,南海加太線|南海和歌山港線|南海本線|紀勢本線(和歌山～和歌山市),JR西日本|南海電鉄,4,C,38,駅データ.jp
1164102,1164102,高井田中央,大阪府,東大阪市,東大阪市,東大阪市川俣１丁目,34.678669,135.572695,おおさか東線|大阪メトロ中央線,JR西日本|Osaka Metro,2,D,15,駅データ.jp
1164103,1164103,ＪＲ河内永和,大阪府,東大阪市,東大阪市,大阪府東大阪市永和一丁目1-21,34.664496,135.572717,おおさか東線|近鉄奈良線,JR西日本|近畿日本鉄道,2,D,15,駅データ.jp
1164104,1164104,ＪＲ俊徳道,大阪府,東大阪市,東大阪市,大阪府東大阪市永和一丁目24-15,34.658298,135.572099,おおさか東線|近鉄大阪線,JR西日本|近畿日本鉄道,2,D,15,駅データ.jp
1164105,1164105,ＪＲ長瀬,大阪府,東大阪市,東大阪市,大阪府東大阪市長瀬町三丁目8-41,34.649516,135.570168,おおさか東線,JR西日本,1,D,5,駅データ.jp
1164108,1164108,衣摺加美北,大阪府,東大阪市,東大阪市,大阪府東大阪市衣摺6丁目11番13号,34.638333,135.567028,おおさか東線,JR西日本,1,D,5,駅データ.jp
1164110,1164110,南吹田,大阪府,吹田市,吹田市,吹田市南吹田2丁目3-50,34.749444,135.51125,おおさか東線,JR西日本,1,D,13,駅データ.jp
1164112,1164112,城北公園通,大阪府,大阪市,大阪市旭区,大阪市旭区赤川1丁目1-3,34.723472,135.530694,おおさか東線,JR西日本,1,D,5,駅データ.jp
1170102,1170102,安来,島根県,安来市,安来市,安来市安来町,35.427995,133.259279,JR山陰本線(米子～益田),JR西日本,1,D,13,駅データ.jp
1170103,1170103,荒島,島根県,安来市,安来市,安来市荒島町小山廻,35.431817,133.207432,JR山陰本線(米子～益田),JR西日本,1,D,5,駅データ.jp
1170104,1170104,揖屋,島根県,松江市,松江市,島根県松江市東出雲町揖屋804,35.428062,133.149334,JR山陰本線(米子～益田),JR西日本,1,D,5,駅データ.jp
1170105,1170105,東松江,島根県,松江市,松江市,松江市八幡町灘大土手外,35.445507,133.128472,JR山陰本線(米子～益田),JR西日本,1,D,13,駅データ.jp
1170106,1170106,松江,島根県,松江市,松江市,松江市朝日町,35.463947,133.063871,JR山陰本線(米子～益田),JR西日本,1,C,28,駅データ.jp
1170107,1170107,乃木,島根県,松江市,松江市,松江市浜乃木２,35.44599,133.048665,JR山陰本線(米子～益田),JR西日本,1,D,5,駅データ.jp
1170108,1170108,玉造温泉,島根県,松江市,松江市,松江市玉湯町湯町,35.430891,133.011825,JR山陰本線(米子～益田),JR西日本,1,D,5,駅データ.jp
1170109,1170109,来待,島根県,松江市,松江市,松江市宍道町東来待,35.420722,132.951719,JR山陰本線(米子～益田),JR西日本,1,D,5,駅データ.jp
1170110,1170110,宍道,島根県,松江市,松江市,松江市宍道町宍道,35.406925,132.909224,JR山陰本線(米子～益田)|JR木次線,JR西日本,2,D,15,駅データ.jp
1170111,1170111,荘原,島根県,出雲市,出雲市,島根県出雲市斐川町学頭1606,35.393603,132.868139,JR山陰本線(米子～益田),JR西日本,1,D,5,駅データ.jp
1170112,1170112,直江,島根県,出雲市,出雲市,島根県出雲市斐川町上直江1100,35.383754,132.807578,JR山陰本線(米子～益田),JR西日本,1,D,5,駅データ.jp
1170113,1170113,出雲市,島根県,出雲市,出雲市,出雲市今市町,35.360912,132.757144,JR山陰本線(米子～益田)|北松江線,JR西日本|一畑電車,2,C,23,駅データ.jp
1170114,1170114,西出雲,島根県,出雲市,出雲市,出雲市知井宮町,35.334871,132.721897,JR山陰本線(米子～益田),JR西日本,1,D,13,駅データ.jp
1170115,1170115,出雲神西,島根県,出雲市,出雲市,出雲市東神西町羽根板,35.325116,132.702371,JR山陰本線(米子～益田),JR西日本,1,D,13,駅データ.jp
1170116,1170116,江南,島根県,出雲市,出雲市,出雲市湖陵町三部,35.31522,132.683263,JR山陰本線(米子～益田),JR西日本,1,D,5,駅データ.jp
1170117,1170117,小田,島根県,出雲市,出雲市,出雲市多伎町多岐,35.28474,132.630215,JR山陰本線(米子～益田),JR西日本,1,D,5,駅データ.jp
1170118,1170118,田儀,島根県,出雲市,出雲市,出雲市多伎町口田儀,35.275256,132.590152,JR山陰本線(米子～益田),JR西日本,1,D,5,駅データ.jp
1170119,1170119,波根,島根県,大田市,大田市,大田市波根町中浜,35.240137,132.526076,JR山陰本線(米子～益田),JR西日本,1,D,5,駅データ.jp
1170120,1170120,久手,島根県,大田市,大田市,大田市久手町波根西,35.22943,132.508178,JR山陰本線(米子～益田),JR西日本,1,D,5,駅データ.jp
1170121,1170121,大田市,島根県,大田市,大田市,大田市大田町大田,35.200864,132.499343,JR山陰本線(米子～益田),JR西日本,1,D,13,駅データ.jp
1170122,1170122,静間,島根県,大田市,大田市,大田市静間町,35.195467,132.468015,JR山陰本線(米子～益田),JR西日本,1,D,5,駅データ.jp
1170123,1170123,五十猛,島根県,大田市,大田市,大田市五十猛町野田,35.192792,132.440938,JR山陰本線(米子～益田),JR西日本,1,D,5,駅データ.jp
1170124,1170124,仁万,島根県,大田市,大田市,大田市仁摩町仁万,35.150972,132.403511,JR山陰本線(米子～益田),JR西日本,1,D,5,駅データ.jp
1170125,1170125,馬路,島根県,大田市,大田市,大田市仁摩町馬路,35.128011,132.387422,JR山陰本線(米子～益田),JR西日本,1,D,5,駅データ.jp
1170126,1170126,湯里,島根県,大田市,大田市,大田市温泉津町湯里,35.106568,132.375559,JR山陰本線(米子～益田),JR西日本,1,D,5,駅データ.jp
1170127,1170127,温泉津,島根県,大田市,大田市,大田市温泉津町小浜,35.091256,132.350826,JR山陰本線(米子～益田),JR西日本,1,D,5,駅データ.jp
1170128,1170128,石見福光,島根県,大田市,大田市,大田市温泉津町福光,35.076536,132.32885,JR山陰本線(米子～益田),JR西日本,1,D,5,駅データ.jp
1170129,1170129,黒松,島根県,江津市,江津市,江津市黒松町,35.056963,132.313388,JR山陰本線(米子～益田),JR西日本,1,D,5,駅データ.jp
1170130,1170130,浅利,島根県,江津市,江津市,江津市浅利町,35.037084,132.274054,JR山陰本線(米子～益田),JR西日本,1,D,5,駅データ.jp
1170131,1170131,江津,島根県,江津市,江津市,江津市江津町,35.012801,132.223133,JR山陰本線(米子～益田),JR西日本,1,D,13,駅データ.jp
1170132,1170132,都野津,島根県,,,江津市都野津町,34.9896,132.187398,JR山陰本線(米子～益田),JR西日本,1,D,5,駅データ.jp
1170133,1170133,敬川,島根県,江津市,江津市,江津市敬川町,34.977826,132.173971,JR山陰本線(米子～益田),JR西日本,1,D,5,駅データ.jp
1170134,1170134,波子,島根県,江津市,江津市,江津市波子町,34.964103,132.151287,JR山陰本線(米子～益田),JR西日本,1,D,5,駅データ.jp
1170135,1170135,久代,島根県,浜田市,浜田市,浜田市久代町,34.949568,132.139174,JR山陰本線(米子～益田),JR西日本,1,D,5,駅データ.jp
1170136,1170136,下府,島根県,浜田市,浜田市,浜田市下府町,34.927322,132.110541,JR山陰本線(米子～益田),JR西日本,1,D,5,駅データ.jp
1170137,1170137,浜田,島根県,浜田市,浜田市,浜田市浅井町,34.902683,132.088588,JR山陰本線(米子～益田),JR西日本,1,D,13,駅データ.jp
1170138,1170138,西浜田,島根県,浜田市,浜田市,浜田市熱田町,34.869399,132.050434,JR山陰本線(米子～益田),JR西日本,1,D,13,駅データ.jp
1170139,1170139,周布,島根県,浜田市,浜田市,浜田市治和町,34.85812,132.017258,JR山陰本線(米子～益田),JR西日本,1,D,5,駅データ.jp
1170140,1170140,折居,島根県,浜田市,浜田市,浜田市西村町,34.826336,131.986769,JR山陰本線(米子～益田),JR西日本,1,D,5,駅データ.jp
1170141,1170141,三保三隅,島根県,浜田市,浜田市,浜田市三隅町西河内,34.795619,131.956055,JR山陰本線(米子～益田),JR西日本,1,D,5,駅データ.jp
1170142,1170142,岡見,島根県,浜田市,浜田市,浜田市三隅町岡見,34.771848,131.912526,JR山陰本線(米子～益田),JR西日本,1,D,5,駅データ.jp
1170143,1170143,鎌手,島根県,益田市,益田市,益田市西平原町,34.751677,131.878224,JR山陰本線(米子～益田),JR西日本,1,D,5,駅データ.jp
1170144,1170144,石見津田,島根県,益田市,益田市,益田市津田町,34.722685,131.864757,JR山陰本線(米子～益田),JR西日本,1,D,5,駅データ.jp
1170145,1170145,益田,島根県,益田市,益田市,益田市駅前町,34.678311,131.838932,JR山口線|JR山陰本線(益田～下関)|JR山陰本線(米子～益田),JR西日本,3,C,32,駅データ.jp
1170202,1170202,戸田小浜,島根県,益田市,益田市,益田市戸田町,34.673013,131.737783,JR山陰本線(益田～下関),JR西日本,1,D,5,駅データ.jp
1170203,1170203,飯浦,島根県,益田市,益田市,益田市飯浦町,34.668791,131.702082,JR山陰本線(益田～下関),JR西日本,1,D,5,駅データ.jp
1170204,1170204,江崎,山口県,萩市,萩市,萩市下田万,34.638167,131.661977,JR山陰本線(益田～下関),JR西日本,1,D,5,駅データ.jp
1170205,1170205,須佐,山口県,萩市,萩市,萩市須佐,34.621814,131.6056,JR山陰本線(益田～下関),JR西日本,1,D,5,駅データ.jp
1170206,1170206,宇田郷,山口県,,,阿武郡阿武町大字宇田,34.57181,131.54871,JR山陰本線(益田～下関),JR西日本,1,D,5,駅データ.jp
1170207,1170207,木与,山口県,,,阿武郡阿武町大字木与,34.532658,131.50339,JR山陰本線(益田～下関),JR西日本,1,D,5,駅データ.jp
1170208,1170208,奈古,山口県,,,阿武郡阿武町大字奈古,34.502938,131.47256,JR山陰本線(益田～下関),JR西日本,1,D,5,駅データ.jp
1170209,1170209,長門大井,山口県,萩市,萩市,萩市大井,34.471068,131.449788,JR山陰本線(益田～下関),JR西日本,1,D,5,駅データ.jp
1170210,1170210,越ケ浜,山口県,萩市,萩市,山口県萩市大字椿東字長畠659,34.439216,131.422599,JR山陰本線(益田～下関),JR西日本,1,D,5,駅データ.jp
1170211,1170211,東萩,山口県,萩市,萩市,萩市大字椿東,34.417207,131.410334,JR山陰本線(益田～下関),JR西日本,1,D,13,駅データ.jp
1170212,1170212,萩,山口県,萩市,萩市,萩市大字椿,34.393845,131.40121,JR山陰本線(益田～下関),JR西日本,1,D,13,駅データ.jp
1170213,1170213,玉江,山口県,萩市,萩市,萩市山田,34.405388,131.379997,JR山陰本線(益田～下関),JR西日本,1,D,5,駅データ.jp
1170214,1170214,三見,山口県,萩市,萩市,萩市三見,34.397263,131.330142,JR山陰本線(益田～下関),JR西日本,1,D,5,駅データ.jp
1170215,1170215,飯井,山口県,萩市,萩市,萩市三見,34.379088,131.294847,JR山陰本線(益田～下関),JR西日本,1,D,5,駅データ.jp
1170216,1170216,長門三隅,山口県,長門市,長門市,長門市三隅下,34.366163,131.236483,JR山陰本線(益田～下関),JR西日本,1,D,13,駅データ.jp
1170217,1170217,長門市,山口県,長門市,長門市,長門市東深川,34.375417,131.185722,JR山陰本線(益田～下関)|JR美祢線,JR西日本,2,C,23,駅データ.jp
1170218,1170218,黄波戸,山口県,長門市,長門市,長門市日置上,34.385232,131.139695,JR山陰本線(益田～下関),JR西日本,1,D,5,駅データ.jp
1170219,1170219,長門古市,山口県,長門市,長門市,長門市日置上,34.388461,131.101581,JR山陰本線(益田～下関),JR西日本,1,D,13,駅データ.jp
1170220,1170220,人丸,山口県,長門市,長門市,長門市油谷新別名,34.374192,131.057361,JR山陰本線(益田～下関),JR西日本,1,D,5,駅データ.jp
1170221,1170221,伊上,山口県,長門市,長門市,長門市油谷伊上,34.370275,131.011351,JR山陰本線(益田～下関),JR西日本,1,D,5,駅データ.jp
1170222,1170222,長門粟野,山口県,下関市,下関市,下関市豊北町大字粟野,34.357431,130.970175,JR山陰本線(益田～下関),JR西日本,1,D,5,駅データ.jp
1170223,1170223,阿川,山口県,下関市,下関市,下関市豊北町大字阿川,34.335721,130.925942,JR山陰本線(益田～下関),JR西日本,1,D,5,駅データ.jp
1170224,1170224,特牛,山口県,下関市,下関市,下関市豊北町大字神田,34.305979,130.91887,JR山陰本線(益田～下関),JR西日本,1,D,5,駅データ.jp
1170225,1170225,滝部,山口県,下関市,下関市,下関市豊北町大字滝部,34.283782,130.946497,JR山陰本線(益田～下関),JR西日本,1,D,5,駅データ.jp
1170226,1170226,長門二見,山口県,下関市,下関市,下関市豊北町大字神田上,34.251581,130.914747,JR山陰本線(益田～下関),JR西日本,1,D,5,駅データ.jp
1170227,1170227,宇賀本郷,山口県,下関市,下関市,下関市豊浦町大字宇賀,34.227303,130.927589,JR山陰本線(益田～下関),JR西日本,1,D,5,駅データ.jp
1170228,1170228,湯玉,山口県,下関市,下関市,下関市豊浦町大字宇賀,34.209249,130.932681,JR山陰本線(益田～下関),JR西日本,1,D,5,駅データ.jp
1170229,1170229,小串,山口県,下関市,下関市,下関市豊浦町大字小串,34.170186,130.928326,JR山陰本線(益田～下関),JR西日本,1,D,5,駅データ.jp
1170230,1170230,川棚温泉,山口県,下関市,下関市,下関市豊浦町大字川棚,34.145914,130.921817,JR山陰本線(益田～下関),JR西日本,1,D,5,駅データ.jp
1170231,1170231,黒井村,山口県,下関市,下関市,下関市豊浦町大字黒井,34.128066,130.912035,JR山陰本線(益田～下関),JR西日本,1,D,5,駅データ.jp
1170232,1170232,梅ケ峠,山口県,下関市,下関市,山口県下関市豊浦町大字厚母郷字梅ヶ峠2,34.101469,130.900253,JR山陰本線(益田～下関),JR西日本,1,D,5,駅データ.jp
1170233,1170233,吉見,山口県,下関市,下関市,下関市吉見本町１,34.069987,130.90382,JR山陰本線(益田～下関),JR西日本,1,D,5,駅データ.jp
1170234,1170234,福江,山口県,下関市,下関市,下関市大字福江,34.04714,130.915673,JR山陰本線(益田～下関),JR西日本,1,D,5,駅データ.jp
1170235,1170235,安岡,山口県,下関市,下関市,下関市安岡駅前１,34.024921,130.916635,JR山陰本線(益田～下関),JR西日本,1,D,5,駅データ.jp
1170236,1170236,綾羅木,山口県,下関市,下関市,下関市綾羅木本町２,34.003932,130.926662,JR山陰本線(益田～下関),JR西日本,1,D,5,駅データ.jp
1170240,1170240,梶栗郷台地,山口県,下関市,下関市,下関市綾羅木新町３丁目,34.012716,130.923766,JR山陰本線(益田～下関),JR西日本,1,D,5,駅データ.jp
1170306,1170306,清音,岡山県,総社市,総社市,総社市清音上中島,34.643671,133.733461,JR伯備線|井原線,JR西日本|井原鉄道,2,D,15,駅データ.jp
1170307,1170307,総社,岡山県,総社市,総社市,総社市駅前１丁目,34.673534,133.738007,JR伯備線|JR吉備線|井原線,JR西日本|井原鉄道,3,C,32,駅データ.jp
1170308,1170308,豪渓,岡山県,総社市,総社市,総社市宍粟,34.706299,133.722604,JR伯備線,JR西日本,1,D,5,駅データ.jp
1170309,1170309,日羽,岡山県,総社市,総社市,総社市日羽,34.715716,133.689993,JR伯備線,JR西日本,1,D,5,駅データ.jp
1170310,1170310,美袋,岡山県,総社市,総社市,総社市美袋,34.719797,133.654388,JR伯備線,JR西日本,1,D,5,駅データ.jp
1170311,1170311,備中広瀬,岡山県,高梁市,高梁市,高梁市松山,34.758552,133.606464,JR伯備線,JR西日本,1,D,5,駅データ.jp
1170312,1170312,備中高梁,岡山県,高梁市,高梁市,高梁市旭町,34.788648,133.616524,JR伯備線,JR西日本,1,D,13,駅データ.jp
1170313,1170313,木野山,岡山県,高梁市,高梁市,高梁市津川町今津,34.825682,133.614374,JR伯備線,JR西日本,1,D,5,駅データ.jp
1170314,1170314,備中川面,岡山県,高梁市,高梁市,高梁市川面町,34.850129,133.588543,JR伯備線,JR西日本,1,D,5,駅データ.jp
1170315,1170315,方谷,岡山県,高梁市,高梁市,高梁市中井町西方,34.876748,133.556457,JR伯備線,JR西日本,1,D,5,駅データ.jp
1170316,1170316,井倉,岡山県,新見市,新見市,新見市井倉,34.931724,133.516301,JR伯備線,JR西日本,1,D,5,駅データ.jp
1170317,1170317,石蟹,岡山県,新見市,新見市,新見市石蟹,34.954752,133.479506,JR伯備線,JR西日本,1,D,5,駅データ.jp
1170319,1170319,備中神代,岡山県,新見市,新見市,新見市西方,34.994571,133.40079,JR伯備線|JR芸備線,JR西日本,2,D,15,駅データ.jp
1170320,1170320,足立,岡山県,新見市,新見市,新見市神郷油野,35.038908,133.383636,JR伯備線,JR西日本,1,D,5,駅データ.jp
1170321,1170321,新郷,岡山県,新見市,新見市,新見市神郷釜村,35.082087,133.367786,JR伯備線,JR西日本,1,D,5,駅データ.jp
1170322,1170322,上石見,鳥取県,,,日野郡日南町中石見,35.112622,133.351273,JR伯備線,JR西日本,1,D,5,駅データ.jp
1170323,1170323,生山,鳥取県,,,日野郡日南町生山,35.171066,133.322054,JR伯備線,JR西日本,1,D,5,駅データ.jp
1170324,1170324,上菅,鳥取県,,,日野郡日野町上菅,35.193886,133.341813,JR伯備線,JR西日本,1,D,5,駅データ.jp
1170325,1170325,黒坂,鳥取県,,,日野郡日野町黒坂,35.206893,133.383674,JR伯備線,JR西日本,1,D,5,駅データ.jp
1170326,1170326,根雨,鳥取県,,,日野郡日野町根雨,35.241483,133.442036,JR伯備線,JR西日本,1,D,5,駅データ.jp
1170327,1170327,武庫,鳥取県,,,日野郡江府町武庫,35.267419,133.476857,JR伯備線,JR西日本,1,D,5,駅データ.jp
1170328,1170328,江尾,鳥取県,,,日野郡江府町大字江尾,35.283043,133.484837,JR伯備線,JR西日本,1,D,5,駅データ.jp
1170329,1170329,伯耆溝口,鳥取県,,,西伯郡伯耆町溝口,35.348207,133.435357,JR伯備線,JR西日本,1,D,5,駅データ.jp
1170330,1170330,岸本,鳥取県,,,西伯郡伯耆町押口,35.387333,133.409475,JR伯備線,JR西日本,1,D,5,駅データ.jp
1170402,1170402,津ノ井,鳥取県,鳥取市,鳥取市,鳥取市大字津ノ井,35.461129,134.248594,JR因美線,JR西日本,1,D,5,駅データ.jp
1170403,1170403,東郡家,鳥取県,,,八頭郡八頭町堀越,35.429036,134.259877,JR因美線,JR西日本,1,D,5,駅データ.jp
1170404,1170404,郡家,鳥取県,,,八頭郡八頭町郡家,35.412824,134.250807,JR因美線|若桜線,JR西日本|若桜鉄道,2,D,15,駅データ.jp
1170405,1170405,河原,鳥取県,,,八頭郡八頭町国中,35.397522,134.223098,JR因美線,JR西日本,1,D,5,駅データ.jp
1170406,1170406,国英,鳥取県,鳥取市,鳥取市,鳥取市河原町釜口,35.373016,134.217702,JR因美線,JR西日本,1,D,5,駅データ.jp
1170407,1170407,鷹狩,鳥取県,鳥取市,鳥取市,鳥取市用瀬町鷹狩,35.354205,134.206304,JR因美線,JR西日本,1,D,5,駅データ.jp
1170408,1170408,用瀬,鳥取県,鳥取市,鳥取市,鳥取市用瀬町用瀬,35.343492,134.205085,JR因美線,JR西日本,1,D,5,駅データ.jp
1170409,1170409,因幡社,鳥取県,鳥取市,鳥取市,鳥取市用瀬町宮原,35.312507,134.196673,JR因美線,JR西日本,1,D,5,駅データ.jp
1170410,1170410,智頭,鳥取県,,,八頭郡智頭町大字智頭,35.264992,134.22559,JR因美線|智頭急行智頭線,JR西日本|智頭急行,2,D,15,駅データ.jp
1170411,1170411,土師,鳥取県,,,八頭郡智頭町大字三吉,35.232901,134.225627,JR因美線,JR西日本,1,D,5,駅データ.jp
1170412,1170412,那岐,鳥取県,,,八頭郡智頭町大字大背,35.213769,134.209968,JR因美線,JR西日本,1,D,5,駅データ.jp
1170413,1170413,美作河井,岡山県,津山市,津山市,津山市加茂町山下,35.205467,134.107048,JR因美線,JR西日本,1,D,5,駅データ.jp
1170414,1170414,知和,岡山県,津山市,津山市,津山市加茂町小渕,35.192956,134.077537,JR因美線,JR西日本,1,D,5,駅データ.jp
1170415,1170415,美作加茂,岡山県,津山市,津山市,津山市加茂町桑原,35.169622,134.062239,JR因美線,JR西日本,1,D,5,駅データ.jp
1170416,1170416,三浦,岡山県,津山市,津山市,津山市三浦,35.141531,134.078069,JR因美線,JR西日本,1,D,5,駅データ.jp
1170417,1170417,美作滝尾,岡山県,津山市,津山市,津山市堀坂,35.123611,134.071324,JR因美線,JR西日本,1,D,5,駅データ.jp
1170418,1170418,高野,岡山県,津山市,津山市,津山市高野本郷,35.080505,134.065834,JR因美線,JR西日本,1,D,5,駅データ.jp
1170502,1170502,博労町,鳥取県,米子市,米子市,米子市博労町,35.43168,133.339619,JR境線,JR西日本,1,D,5,駅データ.jp
1170503,1170503,富士見町,鳥取県,米子市,米子市,米子市冨士見町,35.434602,133.336627,JR境線,JR西日本,1,D,5,駅データ.jp
1170504,1170504,後藤,鳥取県,米子市,米子市,米子市米原,35.440026,133.331264,JR境線,JR西日本,1,D,5,駅データ.jp
1170505,1170505,三本松口,鳥取県,米子市,米子市,米子市両三柳,35.446159,133.323072,JR境線,JR西日本,1,D,5,駅データ.jp
1170506,1170506,河崎口,鳥取県,米子市,米子市,米子市河崎,35.45676,133.305407,JR境線,JR西日本,1,D,5,駅データ.jp
1170507,1170507,弓ケ浜,鳥取県,米子市,米子市,鳥取県米子市夜見町字樋口三1351,35.466757,133.288527,JR境線,JR西日本,1,D,5,駅データ.jp
1170508,1170508,和田浜,鳥取県,米子市,米子市,米子市和田町,35.480541,133.265496,JR境線,JR西日本,1,D,5,駅データ.jp
1170509,1170509,大篠津町,鳥取県,米子市,米子市,米子市大篠津町中沢,35.4889,133.255891,JR境線,JR西日本,1,D,5,駅データ.jp
1170510,1170510,米子空港,鳥取県,境港市,境港市,境港市佐斐神町,35.502321,133.247372,JR境線,JR西日本,1,D,5,駅データ.jp
1170511,1170511,中浜,鳥取県,境港市,境港市,境港市小篠津町,35.506165,133.24518,JR境線,JR西日本,1,D,5,駅データ.jp
1170512,1170512,高松町,鳥取県,境港市,境港市,境港市高松町五輪松,35.515408,133.23985,JR境線,JR西日本,1,D,5,駅データ.jp
1170513,1170513,余子,鳥取県,境港市,境港市,境港市竹内町,35.521216,133.236464,JR境線,JR西日本,1,D,5,駅データ.jp
1170514,1170514,上道,鳥取県,境港市,境港市,境港市中野町,35.531148,133.230748,JR境線,JR西日本,1,D,5,駅データ.jp
1170515,1170515,馬場崎町,鳥取県,境港市,境港市,境港市馬場崎町,35.538461,133.2265,JR境線,JR西日本,1,D,5,駅データ.jp
1170516,1170516,境港,鳥取県,境港市,境港市,境港市大正町１,35.545002,133.222762,JR境線,JR西日本,1,D,13,駅データ.jp
1170602,1170602,南宍道,島根県,松江市,松江市,松江市宍道町白石,35.380075,132.918182,JR木次線,JR西日本,1,D,5,駅データ.jp
1170603,1170603,加茂中,島根県,雲南市,雲南市,雲南市加茂町加茂中,35.344096,132.910548,JR木次線,JR西日本,1,D,5,駅データ.jp
1170604,1170604,幡屋,島根県,雲南市,雲南市,雲南市大東町仁和寺,35.334879,132.939339,JR木次線,JR西日本,1,D,5,駅データ.jp
1170605,1170605,出雲大東,島根県,雲南市,雲南市,雲南市大東町飯田,35.325597,132.958176,JR木次線,JR西日本,1,D,5,駅データ.jp
1170606,1170606,南大東,島根県,雲南市,雲南市,雲南市大東町上佐世,35.307981,132.928405,JR木次線,JR西日本,1,D,5,駅データ.jp
1170607,1170607,木次,島根県,雲南市,雲南市,雲南市木次町里方,35.294669,132.901905,JR木次線,JR西日本,1,D,5,駅データ.jp
1170608,1170608,日登,島根県,雲南市,雲南市,雲南市木次町寺領,35.276464,132.931261,JR木次線,JR西日本,1,D,5,駅データ.jp
1170609,1170609,下久野,島根県,雲南市,雲南市,雲南市大東町下久野,35.264811,132.991949,JR木次線,JR西日本,1,D,5,駅データ.jp
1170610,1170610,出雲八代,島根県,,,仁多郡奥出雲町馬馳,35.22722,133.001448,JR木次線,JR西日本,1,D,5,駅データ.jp
1170611,1170611,出雲三成,島根県,,,仁多郡奥出雲町三成,35.196669,133.009786,JR木次線,JR西日本,1,D,5,駅データ.jp
1170612,1170612,亀嵩,島根県,,,仁多郡奥出雲町郡村,35.206204,133.05279,JR木次線,JR西日本,1,D,5,駅データ.jp
1170613,1170613,出雲横田,島根県,,,仁多郡奥出雲町横田,35.177411,133.092394,JR木次線,JR西日本,1,D,5,駅データ.jp
1170614,1170614,八川,島根県,,,仁多郡奥出雲町八川,35.149334,133.089454,JR木次線,JR西日本,1,D,5,駅データ.jp
1170615,1170615,出雲坂根,島根県,,,仁多郡奥出雲町八川,35.10234,133.12067,JR木次線,JR西日本,1,D,5,駅データ.jp
1170616,1170616,三井野原,島根県,,,仁多郡奥出雲町八川,35.091399,133.116341,JR木次線,JR西日本,1,D,5,駅データ.jp
1170617,1170617,油木,広島県,庄原市,庄原市,庄原市西城町油木,35.044567,133.119273,JR木次線,JR西日本,1,D,5,駅データ.jp
1170618,1170618,備後落合,広島県,庄原市,庄原市,庄原市西城町八鳥,35.001167,133.148296,JR木次線|JR芸備線,JR西日本,2,D,15,駅データ.jp
1170735,1170735,三次,広島県,三次市,三次市,三次市十日市南１丁目,34.802646,132.855976,JR福塩線|JR芸備線,JR西日本,2,C,23,駅データ.jp
1170802,1170802,周防下郷,山口県,山口市,山口市,山口市小郡下郷,34.101132,131.401723,JR山口線,JR西日本,1,D,5,駅データ.jp
1170803,1170803,上郷,山口県,山口市,山口市,山口市小郡上郷,34.116333,131.40179,JR山口線,JR西日本,1,D,5,駅データ.jp
1170804,1170804,仁保津,山口県,山口市,山口市,山口市小郡上郷,34.128821,131.415455,JR山口線,JR西日本,1,D,5,駅データ.jp
1170805,1170805,大歳,山口県,山口市,山口市,山口市大字朝田,34.147278,131.433091,JR山口線,JR西日本,1,D,5,駅データ.jp
1170806,1170806,矢原,山口県,山口市,山口市,山口市大字矢原,34.150681,131.446229,JR山口線,JR西日本,1,D,5,駅データ.jp
1170807,1170807,湯田温泉,山口県,山口市,山口市,山口市今井町,34.159797,131.460093,JR山口線,JR西日本,1,D,5,駅データ.jp
1170808,1170808,山口,山口県,山口市,山口市,山口市惣太夫町,34.172737,131.480985,JR山口線,JR西日本,1,C,28,駅データ.jp
1170809,1170809,上山口,山口県,,,山口市道祖町,34.18239,131.484742,JR山口線,JR西日本,1,D,5,駅データ.jp
1170810,1170810,宮野,山口県,山口市,山口市,山口市桜畠２丁目,34.191429,131.498735,JR山口線,JR西日本,1,D,5,駅データ.jp
1170811,1170811,仁保,山口県,山口市,山口市,山口市仁保中郷,34.216291,131.536264,JR山口線,JR西日本,1,D,5,駅データ.jp
1170812,1170812,篠目,山口県,山口市,山口市,山口県山口市阿東篠目字細野,34.279135,131.562166,JR山口線,JR西日本,1,D,5,駅データ.jp
1170813,1170813,長門峡,山口県,山口市,山口市,山口県山口市阿東生雲東分字御堂原,34.304532,131.578725,JR山口線,JR西日本,1,D,5,駅データ.jp
1170814,1170814,渡川,山口県,山口市,山口市,山口県山口市阿東生雲東分字渡川,34.322922,131.604033,JR山口線,JR西日本,1,D,5,駅データ.jp
1170815,1170815,三谷,山口県,山口市,山口市,山口県山口市阿東生雲東分字三谷,34.341568,131.624217,JR山口線,JR西日本,1,D,5,駅データ.jp
1170816,1170816,名草,山口県,山口市,山口市,山口県山口市阿東地福下字名草,34.353789,131.651203,JR山口線,JR西日本,1,D,5,駅データ.jp
1170817,1170817,地福,山口県,山口市,山口市,山口県山口市阿東地福上字惣原,34.362738,131.674229,JR山口線,JR西日本,1,D,5,駅データ.jp
1170818,1170818,鍋倉,山口県,山口市,山口市,山口県山口市阿東徳佐下字鍋倉,34.378276,131.694161,JR山口線,JR西日本,1,D,5,駅データ.jp
1170819,1170819,徳佐,山口県,山口市,山口市,山口県山口市阿東徳佐中,34.399618,131.720042,JR山口線,JR西日本,1,D,5,駅データ.jp
1170820,1170820,船平山,山口県,山口市,山口市,山口県山口市阿東徳佐中字水戸,34.421369,131.734107,JR山口線,JR西日本,1,D,5,駅データ.jp
1170821,1170821,津和野,島根県,,,鹿足郡津和野町大字後田,34.472529,131.773727,JR山口線,JR西日本,1,D,5,駅データ.jp
1170822,1170822,青野山,島根県,,,鹿足郡津和野町大字直地,34.480962,131.803191,JR山口線,JR西日本,1,D,5,駅データ.jp
1170823,1170823,日原,島根県,,,鹿足郡津和野町枕瀬,34.532494,131.831892,JR山口線,JR西日本,1,D,5,駅データ.jp
1170824,1170824,青原,島根県,,,鹿足郡津和野町冨田,34.560351,131.800633,JR山口線,JR西日本,1,D,5,駅データ.jp
1170825,1170825,東青原,島根県,,,鹿足郡津和野町添谷,34.585026,131.79746,JR山口線,JR西日本,1,D,5,駅データ.jp
1170826,1170826,石見横田,島根県,益田市,益田市,益田市神田町,34.617965,131.804506,JR山口線,JR西日本,1,D,5,駅データ.jp
1170827,1170827,本俣賀,島根県,益田市,益田市,益田市本俣賀町,34.652647,131.826922,JR山口線,JR西日本,1,D,5,駅データ.jp
1170902,1170902,大元,岡山県,岡山市,岡山市北区,岡山市北区大元駅前10番6号,34.647571,133.910795,JR宇野線,JR西日本,1,D,5,駅データ.jp
1170903,1170903,備前西市,岡山県,岡山市,岡山市南区,岡山市南区西市457番地4,34.631448,133.899852,JR宇野線,JR西日本,1,D,5,駅データ.jp
1170904,1170904,妹尾,岡山県,岡山市,岡山市南区,岡山市南区東畦145番地,34.608269,133.871246,JR宇野線,JR西日本,1,D,5,駅データ.jp
1170905,1170905,備中箕島,岡山県,岡山市,岡山市南区,岡山市南区箕島字濱前617番地2,34.605697,133.850889,JR宇野線,JR西日本,1,D,5,駅データ.jp
1170906,1170906,早島,岡山県,,,都窪郡早島町前潟,34.602158,133.833306,JR宇野線,JR西日本,1,D,5,駅データ.jp
1170907,1170907,久々原,岡山県,,,都窪郡早島町前潟,34.592158,133.82796,JR宇野線,JR西日本,1,D,5,駅データ.jp
1170908,1170908,茶屋町,岡山県,倉敷市,倉敷市,倉敷市茶屋町,34.57694,133.825906,JR宇野線|瀬戸大橋線,JR西日本,2,D,15,駅データ.jp
1170909,1170909,彦崎,岡山県,岡山市,岡山市南区,岡山市南区彦崎2928番地2,34.552035,133.835045,JR宇野線,JR西日本,1,D,5,駅データ.jp
1170910,1170910,備前片岡,岡山県,岡山市,岡山市南区,岡山市南区片岡字川西2360番地3,34.54381,133.861837,JR宇野線,JR西日本,1,D,5,駅データ.jp
1170911,1170911,迫川,岡山県,岡山市,岡山市南区,岡山市南区迫川237番地22,34.536484,133.879394,JR宇野線,JR西日本,1,D,5,駅データ.jp
1170912,1170912,常山,岡山県,玉野市,玉野市,玉野市藤木,34.531374,133.893096,JR宇野線,JR西日本,1,D,5,駅データ.jp
1170913,1170913,八浜,岡山県,玉野市,玉野市,玉野市八浜町大崎,34.532039,133.919504,JR宇野線,JR西日本,1,D,5,駅データ.jp
1170914,1170914,備前田井,岡山県,玉野市,玉野市,玉野市田井,34.516027,133.943117,JR宇野線,JR西日本,1,D,5,駅データ.jp
1170915,1170915,宇野,岡山県,玉野市,玉野市,玉野市築港１丁目,34.495035,133.953706,JR宇野線,JR西日本,1,D,5,駅データ.jp
1171002,1171002,植松,岡山県,岡山市,岡山市南区,岡山市南区植松565番地,34.551158,133.827979,瀬戸大橋線,JR西日本,1,D,5,駅データ.jp
1171003,1171003,木見,岡山県,倉敷市,倉敷市,倉敷市木見,34.52773,133.823785,瀬戸大橋線,JR西日本,1,D,5,駅データ.jp
1171004,1171004,上の町,岡山県,倉敷市,倉敷市,倉敷市児島上の町２,34.490944,133.815233,瀬戸大橋線,JR西日本,1,D,5,駅データ.jp
1171005,1171005,児島,岡山県,倉敷市,倉敷市,倉敷市児島駅前１丁目,34.462817,133.807729,瀬戸大橋線,JR西日本,1,D,5,駅データ.jp
1171006,1171006,宇多津,香川県,,,綾歌郡宇多津町浜三番丁,34.306271,133.813686,JR予讃線|瀬戸大橋線,JR四国|JR西日本,2,D,15,駅データ.jp
1171302,1171302,備前三門,岡山県,岡山市,岡山市北区,岡山市北区下伊福上町14-8,34.66786,133.900501,JR吉備線,JR西日本,1,D,5,駅データ.jp
1171303,1171303,大安寺,岡山県,岡山市,岡山市北区,岡山市北区大安寺中町5-29,34.662894,133.887711,JR吉備線,JR西日本,1,D,5,駅データ.jp
1171304,1171304,備前一宮,岡山県,岡山市,岡山市北区,岡山市北区一宮553-19,34.678838,133.864083,JR吉備線,JR西日本,1,D,5,駅データ.jp
1171305,1171305,吉備津,岡山県,岡山市,岡山市北区,岡山市北区吉備津1054-2,34.674491,133.846201,JR吉備線,JR西日本,1,D,5,駅データ.jp
1171306,1171306,備中高松,岡山県,岡山市,岡山市北区,岡山市北区高松136,34.68649,133.822382,JR吉備線,JR西日本,1,D,5,駅データ.jp
1171307,1171307,足守,岡山県,岡山市,岡山市北区,岡山市北区福崎80-119,34.698075,133.802765,JR吉備線,JR西日本,1,D,5,駅データ.jp
1171308,1171308,服部,岡山県,総社市,総社市,総社市北溝手,34.691153,133.775395,JR吉備線,JR西日本,1,D,5,駅データ.jp
1171309,1171309,東総社,岡山県,総社市,総社市,総社市総社,34.677774,133.751411,JR吉備線,JR西日本,1,D,13,駅データ.jp
1171402,1171402,布原,岡山県,新見市,新見市,新見市西方,34.988086,133.422293,JR芸備線,JR西日本,1,D,5,駅データ.jp
1171404,1171404,坂根,岡山県,新見市,新見市,新見市神郷下神代,34.972957,133.37079,JR芸備線,JR西日本,1,D,5,駅データ.jp
1171405,1171405,市岡,岡山県,新見市,新見市,新見市哲西町上神代,34.966232,133.346948,JR芸備線,JR西日本,1,D,5,駅データ.jp
1171406,1171406,矢神,岡山県,新見市,新見市,新見市哲西町矢田,34.943413,133.332797,JR芸備線,JR西日本,1,D,5,駅データ.jp
1171407,1171407,野馳,岡山県,新見市,新見市,新見市哲西町畑木,34.915046,133.316833,JR芸備線,JR西日本,1,D,5,駅データ.jp
1171408,1171408,東城,広島県,庄原市,庄原市,庄原市東城町川東,34.901802,133.273687,JR芸備線,JR西日本,1,D,5,駅データ.jp
1171409,1171409,備後八幡,広島県,庄原市,庄原市,庄原市東城町菅,34.938192,133.232086,JR芸備線,JR西日本,1,D,5,駅データ.jp
1171410,1171410,内名,広島県,庄原市,庄原市,庄原市東城町竹森,34.964959,133.231937,JR芸備線,JR西日本,1,D,5,駅データ.jp
1171411,1171411,小奴可,広島県,庄原市,庄原市,庄原市東城町小奴可,34.994552,133.211211,JR芸備線,JR西日本,1,D,5,駅データ.jp
1171412,1171412,道後山,広島県,庄原市,庄原市,庄原市西城町高尾,35.010894,133.178269,JR芸備線,JR西日本,1,D,5,駅データ.jp
1171414,1171414,比婆山,広島県,庄原市,庄原市,庄原市西城町大屋,34.966298,133.123236,JR芸備線,JR西日本,1,D,5,駅データ.jp
1171415,1171415,備後西城,広島県,庄原市,庄原市,庄原市西城町大佐,34.940345,133.119729,JR芸備線,JR西日本,1,D,5,駅データ.jp
1171416,1171416,平子,広島県,庄原市,庄原市,庄原市西城町平子,34.912879,133.100154,JR芸備線,JR西日本,1,D,5,駅データ.jp
1171417,1171417,高,広島県,庄原市,庄原市,庄原市高町市場,34.87778,133.070603,JR芸備線,JR西日本,1,D,5,駅データ.jp
1171418,1171418,備後庄原,広島県,庄原市,庄原市,庄原市中本町２丁目,34.862317,133.016105,JR芸備線,JR西日本,1,D,13,駅データ.jp
1171419,1171419,備後三日市,広島県,庄原市,庄原市,庄原市三日市町,34.85507,132.998269,JR芸備線,JR西日本,1,D,5,駅データ.jp
1171420,1171420,七塚,広島県,庄原市,庄原市,庄原市七塚町,34.844391,132.98584,JR芸備線,JR西日本,1,D,5,駅データ.jp
1171421,1171421,山ノ内,広島県,庄原市,庄原市,庄原市山内町,34.829608,132.957671,JR芸備線,JR西日本,1,D,5,駅データ.jp
1171422,1171422,下和知,広島県,三次市,三次市,三次市和知町,34.797668,132.925336,JR芸備線,JR西日本,1,D,5,駅データ.jp
1171423,1171423,塩町,広島県,三次市,三次市,三次市塩町,34.774265,132.913863,JR福塩線|JR芸備線,JR西日本,2,D,15,駅データ.jp
1171424,1171424,神杉,広島県,三次市,三次市,三次市高杉町,34.780725,132.902747,JR福塩線|JR芸備線,JR西日本,2,D,15,駅データ.jp
1171425,1171425,八次,広島県,三次市,三次市,三次市南畑敷町,34.802244,132.878805,JR福塩線|JR芸備線,JR西日本,2,D,15,駅データ.jp
1171427,1171427,西三次,広島県,三次市,三次市,三次市十日市町下原,34.798524,132.840961,JR芸備線,JR西日本,1,D,13,駅データ.jp
1171428,1171428,志和地,広島県,三次市,三次市,三次市下志和地町,34.740475,132.80392,JR芸備線,JR西日本,1,D,5,駅データ.jp
1171429,1171429,上川立,広島県,三次市,三次市,三次市上川立町,34.725373,132.784873,JR芸備線,JR西日本,1,D,5,駅データ.jp
1171430,1171430,甲立,広島県,安芸高田市,安芸高田市,安芸高田市甲田町高田原,34.692611,132.759991,JR芸備線,JR西日本,1,D,5,駅データ.jp
1171431,1171431,吉田口,広島県,安芸高田市,安芸高田市,安芸高田市甲田町下小原,34.664106,132.745832,JR芸備線,JR西日本,1,D,5,駅データ.jp
1171432,1171432,向原,広島県,安芸高田市,安芸高田市,安芸高田市向原町坂,34.615215,132.719883,JR芸備線,JR西日本,1,D,5,駅データ.jp
1171433,1171433,井原市,広島県,広島市,広島市安佐北区,広島市安佐北区白木町井原,34.585013,132.675569,JR芸備線,JR西日本,1,D,5,駅データ.jp
1171434,1171434,志和口,広島県,広島市,広島市安佐北区,広島市安佐北区白木町市川,34.554333,132.658205,JR芸備線,JR西日本,1,D,5,駅データ.jp
1171435,1171435,上三田,広島県,広島市,広島市安佐北区,広島市安佐北区白木町三田,34.538646,132.64389,JR芸備線,JR西日本,1,D,5,駅データ.jp
1171436,1171436,中三田,広島県,広島市,広島市安佐北区,広島市安佐北区白木町三田,34.513604,132.609329,JR芸備線,JR西日本,1,D,5,駅データ.jp
1171437,1171437,白木山,広島県,広島市,広島市安佐北区,広島市安佐北区白木町三田,34.500563,132.587867,JR芸備線,JR西日本,1,D,5,駅データ.jp
1171438,1171438,狩留家,広島県,広島市,広島市安佐北区,広島市安佐北区狩留家町,34.486614,132.579007,JR芸備線,JR西日本,1,D,5,駅データ.jp
1171439,1171439,上深川,広島県,広島市,広島市安佐北区,広島市安佐北区上深川町,34.47591,132.562619,JR芸備線,JR西日本,1,D,5,駅データ.jp
1171440,1171440,中深川,広島県,広島市,広島市安佐北区,広島市安佐北区深川５丁目,34.481076,132.533971,JR芸備線,JR西日本,1,D,5,駅データ.jp
1171441,1171441,下深川,広島県,広島市,広島市安佐北区,広島市安佐北区深川１丁目,34.488683,132.524702,JR芸備線,JR西日本,1,D,5,駅データ.jp
1171442,1171442,玖村,広島県,広島市,広島市安佐北区,広島市安佐北区落合２丁目,34.482039,132.507898,JR芸備線,JR西日本,1,D,5,駅データ.jp
1171443,1171443,安芸矢口,広島県,広島市,広島市安佐北区,広島市安佐北区口田１丁目,34.463579,132.495094,JR芸備線,JR西日本,1,D,5,駅データ.jp
1171444,1171444,戸坂,広島県,広島市,広島市東区,広島市東区戸坂惣田１丁目,34.438193,132.491246,JR芸備線,JR西日本,1,D,5,駅データ.jp
1171445,1171445,矢賀,広島県,広島市,広島市東区,広島市東区矢賀５丁目,34.399319,132.497769,JR芸備線,JR西日本,1,D,5,駅データ.jp
1171502,1171502,津山口,岡山県,津山市,津山市,津山市津山口,35.054569,133.982879,JR津山線,JR西日本,1,D,13,駅データ.jp
1171503,1171503,佐良山,岡山県,津山市,津山市,津山市高尾,35.032024,133.960748,JR津山線,JR西日本,1,D,5,駅データ.jp
1171504,1171504,亀甲,岡山県,,,久米郡美咲町原田,34.998542,133.959188,JR津山線,JR西日本,1,D,5,駅データ.jp
1171505,1171505,小原,岡山県,,,久米郡美咲町小原,34.968234,133.962033,JR津山線,JR西日本,1,D,5,駅データ.jp
1171506,1171506,誕生寺,岡山県,,,久米郡久米南町里方,34.951768,133.959375,JR津山線,JR西日本,1,D,5,駅データ.jp
1171507,1171507,弓削,岡山県,,,久米郡久米南町下弓削,34.925457,133.957849,JR津山線,JR西日本,1,D,5,駅データ.jp
1171508,1171508,神目,岡山県,,,久米郡久米南町神目中,34.896201,133.935142,JR津山線,JR西日本,1,D,5,駅データ.jp
1171509,1171509,福渡,岡山県,岡山市,岡山市北区,岡山市北区建部町福渡518,34.870256,133.904037,JR津山線,JR西日本,1,D,5,駅データ.jp
1171510,1171510,建部,岡山県,岡山市,岡山市北区,岡山市北区建部町中田,34.842285,133.899187,JR津山線,JR西日本,1,D,5,駅データ.jp
1171511,1171511,金川,岡山県,岡山市,岡山市北区,岡山市北区御津金川300,34.792029,133.933724,JR津山線,JR西日本,1,D,5,駅データ.jp
1171512,1171512,野々口,岡山県,岡山市,岡山市北区,岡山市北区御津野々口1135,34.771104,133.932603,JR津山線,JR西日本,1,D,5,駅データ.jp
1171513,1171513,牧山,岡山県,岡山市,岡山市北区,岡山市北区下牧,34.741221,133.960424,JR津山線,JR西日本,1,D,5,駅データ.jp
1171514,1171514,玉柏,岡山県,岡山市,岡山市北区,岡山市北区玉柏1325,34.716965,133.964472,JR津山線,JR西日本,1,D,5,駅データ.jp
1171515,1171515,備前原,岡山県,岡山市,岡山市北区,岡山市北区原,34.704965,133.944929,JR津山線,JR西日本,1,D,5,駅データ.jp
1171516,1171516,法界院,岡山県,岡山市,岡山市北区,岡山市北区学南町三丁目11-2,34.684851,133.927547,JR津山線,JR西日本,1,D,5,駅データ.jp
1171603,1171603,須波,広島県,三原市,三原市,三原市須波町,34.370061,133.083724,JR呉線,JR西日本,1,D,5,駅データ.jp
1171604,1171604,安芸幸崎,広島県,三原市,三原市,三原市幸崎町能地,34.338165,133.040096,JR呉線,JR西日本,1,D,5,駅データ.jp
1171605,1171605,忠海,広島県,竹原市,竹原市,竹原市忠海町徳浜,34.33689,132.991289,JR呉線,JR西日本,1,D,5,駅データ.jp
1171606,1171606,安芸長浜,広島県,竹原市,竹原市,竹原市忠海町西長浜,34.337804,132.962681,JR呉線,JR西日本,1,D,5,駅データ.jp
1171607,1171607,大乗,広島県,竹原市,竹原市,竹原市高崎町,34.340656,132.945311,JR呉線,JR西日本,1,D,5,駅データ.jp
1171608,1171608,竹原,広島県,竹原市,竹原市,竹原市中央一丁目,34.33945,132.909705,JR呉線,JR西日本,1,D,13,駅データ.jp
1171609,1171609,吉名,広島県,竹原市,竹原市,竹原市吉名町,34.320616,132.86576,JR呉線,JR西日本,1,D,5,駅データ.jp
1171610,1171610,安芸津,広島県,東広島市,東広島市,東広島市安芸津町三津,34.318227,132.817838,JR呉線,JR西日本,1,D,5,駅データ.jp
1171611,1171611,風早,広島県,東広島市,東広島市,東広島市安芸津町風早,34.303234,132.795789,JR呉線,JR西日本,1,D,5,駅データ.jp
1171612,1171612,安浦,広島県,呉市,呉市,呉市安浦町中央１丁目,34.284013,132.744067,JR呉線,JR西日本,1,D,5,駅データ.jp
1171613,1171613,安登,広島県,呉市,呉市,呉市安浦町安登,34.254396,132.722741,JR呉線,JR西日本,1,D,5,駅データ.jp
1171614,1171614,安芸川尻,広島県,呉市,呉市,呉市川尻町西２,34.232854,132.691672,JR呉線,JR西日本,1,D,5,駅データ.jp
1171615,1171615,仁方,広島県,呉市,呉市,呉市仁方本町２丁目,34.221784,132.655406,JR呉線,JR西日本,1,D,5,駅データ.jp
1171616,1171616,広,広島県,呉市,呉市,呉市広中町,34.228613,132.628417,JR呉線,JR西日本,1,D,5,駅データ.jp
1171617,1171617,新広,広島県,呉市,呉市,呉市広古新開２-１,34.23206,132.614557,JR呉線,JR西日本,1,D,5,駅データ.jp
1171618,1171618,安芸阿賀,広島県,呉市,呉市,呉市阿賀中央６丁目,34.235843,132.599788,JR呉線,JR西日本,1,D,5,駅データ.jp
1171619,1171619,呉,広島県,呉市,呉市,呉市宝町,34.244652,132.557578,JR呉線,JR西日本,1,D,13,駅データ.jp
1171620,1171620,川原石,広島県,呉市,呉市,呉市海岸,34.248817,132.541143,JR呉線,JR西日本,1,D,5,駅データ.jp
1171621,1171621,吉浦,広島県,呉市,呉市,呉市吉浦本町１丁目,34.257947,132.527189,JR呉線,JR西日本,1,D,5,駅データ.jp
1171622,1171622,かるが浜,広島県,呉市,呉市,呉市狩留賀町,34.263885,132.517523,JR呉線,JR西日本,1,D,5,駅データ.jp
1171623,1171623,天応,広島県,呉市,呉市,呉市天応塩谷町,34.282238,132.519617,JR呉線,JR西日本,1,D,5,駅データ.jp
1171624,1171624,呉ポートピア,広島県,呉市,呉市,呉市天応伝十原町,34.29192,132.512951,JR呉線,JR西日本,1,D,13,駅データ.jp
1171625,1171625,小屋浦,広島県,,,安芸郡坂町小屋浦,34.302363,132.506446,JR呉線,JR西日本,1,D,5,駅データ.jp
1171626,1171626,水尻,広島県,,,安芸郡坂町字水尻,34.319433,132.498763,JR呉線,JR西日本,1,D,5,駅データ.jp
1171627,1171627,坂,広島県,,,安芸郡坂町,34.338635,132.510736,JR呉線,JR西日本,1,D,5,駅データ.jp
1171628,1171628,矢野,広島県,広島市,広島市安芸区,広島市安芸区矢野西１丁目,34.352081,132.531931,JR呉線,JR西日本,1,D,5,駅データ.jp
1171703,1171703,三滝,広島県,広島市,広島市西区,広島市西区三滝本町２丁目,34.417278,132.447397,JR可部線,JR西日本,1,D,5,駅データ.jp
1171704,1171704,安芸長束,広島県,広島市,広島市安佐南区,広島市安佐南区長束４丁目,34.428382,132.456063,JR可部線,JR西日本,1,D,5,駅データ.jp
1171705,1171705,下祇園,広島県,広島市,広島市安佐南区,広島市安佐南区祇園３丁目,34.439354,132.462328,JR可部線,JR西日本,1,D,5,駅データ.jp
1171706,1171706,古市橋,広島県,広島市,広島市安佐南区,広島市安佐南区古市３丁目,34.450516,132.468089,JR可部線,JR西日本,1,D,5,駅データ.jp
1171707,1171707,大町,広島県,広島市,広島市安佐南区,広島市安佐南区大町東２丁目,34.461421,132.470607,JR可部線|アストラムライン,JR西日本|広島高速交通,2,D,15,駅データ.jp
1171708,1171708,緑井,広島県,広島市,広島市安佐南区,広島市安佐南区緑井４丁目,34.467459,132.475851,JR可部線,JR西日本,1,D,5,駅データ.jp
1171709,1171709,七軒茶屋,広島県,広島市,広島市安佐南区,広島市安佐南区緑井７丁目,34.472609,132.481156,JR可部線,JR西日本,1,D,5,駅データ.jp
1171710,1171710,梅林,広島県,広島市,広島市安佐南区,広島市安佐南区八木３丁目,34.480877,132.494166,JR可部線,JR西日本,1,D,5,駅データ.jp
1171711,1171711,上八木,広島県,広島市,広島市安佐南区,広島市安佐南区八木８丁目,34.489805,132.506037,JR可部線,JR西日本,1,D,5,駅データ.jp
1171712,1171712,中島,広島県,広島市,広島市安佐北区,広島市安佐北区可部南１丁目,34.500351,132.513075,JR可部線,JR西日本,1,D,5,駅データ.jp
1171713,1171713,可部,広島県,広島市,広島市安佐北区,広島市安佐北区可部２丁目,34.512066,132.51073,JR可部線,JR西日本,1,D,5,駅データ.jp
1171714,1171714,河戸帆待川,広島県,広島市,広島市安佐北区,広島市安佐北区亀山二丁目27-12,34.5167,132.505003,JR可部線,JR西日本,1,D,5,駅データ.jp
1171715,1171715,あき亀山,広島県,広島市,広島市安佐北区,広島市安佐北区亀山南一丁目1-1,34.517264,132.4959,JR可部線,JR西日本,1,D,5,駅データ.jp
1172002,1172002,備後本庄,広島県,福山市,福山市,福山市本庄町中,34.493312,133.345083,JR福塩線,JR西日本,1,D,5,駅データ.jp
1172003,1172003,横尾,広島県,福山市,福山市,福山市横尾町,34.52139,133.363484,JR福塩線,JR西日本,1,D,5,駅データ.jp
1172004,1172004,神辺,広島県,福山市,福山市,福山市神辺町川南,34.537307,133.378759,JR福塩線|井原線,JR西日本|井原鉄道,2,D,15,駅データ.jp
1172005,1172005,湯田村,広島県,福山市,福山市,福山市神辺町徳田,34.551918,133.371294,JR福塩線,JR西日本,1,D,5,駅データ.jp
1172006,1172006,道上,広島県,福山市,福山市,福山市神辺町道上,34.553503,133.361398,JR福塩線,JR西日本,1,D,5,駅データ.jp
1172007,1172007,万能倉,広島県,福山市,福山市,福山市駅家町大字万能倉,34.551092,133.338516,JR福塩線,JR西日本,1,D,5,駅データ.jp
1172008,1172008,駅家,広島県,福山市,福山市,福山市駅家町大字倉光,34.549079,133.3259,JR福塩線,JR西日本,1,D,5,駅データ.jp
1172009,1172009,近田,広島県,福山市,福山市,福山市駅家町大字近田,34.54627,133.31096,JR福塩線,JR西日本,1,D,5,駅データ.jp
1172010,1172010,戸手,広島県,福山市,福山市,福山市新市町大字戸手,34.546478,133.300613,JR福塩線,JR西日本,1,D,5,駅データ.jp
1172011,1172011,上戸手,広島県,福山市,福山市,福山市新市町大字戸手,34.5515,133.282137,JR福塩線,JR西日本,1,D,5,駅データ.jp
1172012,1172012,新市,広島県,福山市,福山市,福山市新市町大字新市,34.554429,133.269483,JR福塩線,JR西日本,1,D,5,駅データ.jp
1172013,1172013,高木,広島県,中市,中市,広島県府中市高木町39-5,34.562987,133.253231,JR福塩線,JR西日本,1,D,5,駅データ.jp
1172014,1172014,鵜飼,広島県,府中市,府中市,府中市鵜飼町,34.567905,133.244462,JR福塩線,JR西日本,1,D,5,駅データ.jp
1172015,1172015,府中,広島県,,,府中市府川町,34.571646,133.236021,JR福塩線,JR西日本,1,D,5,駅データ.jp
1172016,1172016,下川辺,広島県,府中市,府中市,府中市篠根町,34.554311,133.205282,JR福塩線,JR西日本,1,D,5,駅データ.jp
1172017,1172017,中畑,広島県,府中市,府中市,府中市河佐町,34.582311,133.193301,JR福塩線,JR西日本,1,D,5,駅データ.jp
1172018,1172018,河佐,広島県,府中市,府中市,府中市久佐町,34.589929,133.16669,JR福塩線,JR西日本,1,D,5,駅データ.jp
1172019,1172019,備後三川,広島県,,,世羅郡世羅町大字伊尾,34.630201,133.110118,JR福塩線,JR西日本,1,D,5,駅データ.jp
1172020,1172020,備後矢野,広島県,府中市,府中市,府中市上下町矢多田,34.664316,133.125736,JR福塩線,JR西日本,1,D,5,駅データ.jp
1172021,1172021,上下,広島県,府中市,府中市,府中市上下町上下,34.694932,133.117625,JR福塩線,JR西日本,1,D,5,駅データ.jp
1172022,1172022,甲奴,広島県,三次市,三次市,三次市甲奴町本郷,34.703642,133.081331,JR福塩線,JR西日本,1,D,5,駅データ.jp
1172023,1172023,梶田,広島県,三次市,三次市,三次市甲奴町梶田,34.711037,133.058919,JR福塩線,JR西日本,1,D,5,駅データ.jp
1172024,1172024,備後安田,広島県,三次市,三次市,三次市吉舎町安田,34.741075,133.033978,JR福塩線,JR西日本,1,D,5,駅データ.jp
1172025,1172025,吉舎,広島県,三次市,三次市,三次市吉舎町三玉,34.727641,132.990771,JR福塩線,JR西日本,1,D,5,駅データ.jp
1172026,1172026,三良坂,広島県,三次市,三次市,三次市三良坂町三良坂,34.766186,132.957578,JR福塩線,JR西日本,1,D,5,駅データ.jp
1172102,1172102,上嘉川,山口県,山口市,山口市,山口市大字嘉川,34.073407,131.378726,JR宇部線,JR西日本,1,D,5,駅データ.jp
1172103,1172103,深溝,山口県,山口市,山口市,山口市大字深溝,34.04699,131.371313,JR宇部線,JR西日本,1,D,5,駅データ.jp
1172104,1172104,周防佐山,山口県,山口市,山口市,山口市大字佐山,34.034919,131.363667,JR宇部線,JR西日本,1,D,5,駅データ.jp
1172105,1172105,岩倉,山口県,山口市,山口市,山口市阿知須,34.02337,131.360009,JR宇部線,JR西日本,1,D,5,駅データ.jp
1172106,1172106,阿知須,山口県,山口市,山口市,山口市阿知須,34.010535,131.356665,JR宇部線,JR西日本,1,D,5,駅データ.jp
1172107,1172107,岐波,山口県,宇部市,宇部市,宇部市大字東岐波,33.989654,131.347864,JR宇部線,JR西日本,1,D,5,駅データ.jp
1172108,1172108,丸尾,山口県,宇部市,宇部市,宇部市大字東岐波,33.970255,131.336718,JR宇部線,JR西日本,1,D,5,駅データ.jp
1172109,1172109,床波,山口県,宇部市,宇部市,宇部市大字西岐波,33.952851,131.305457,JR宇部線,JR西日本,1,D,5,駅データ.jp
1172110,1172110,常盤,山口県,宇部市,宇部市,宇部市大字西岐波,33.940907,131.292636,JR宇部線,JR西日本,1,D,5,駅データ.jp
1172111,1172111,草江,山口県,宇部市,宇部市,宇部市草江３丁目,33.936602,131.274304,JR宇部線,JR西日本,1,D,5,駅データ.jp
1172112,1172112,宇部岬,山口県,宇部市,宇部市,宇部市松山町５丁目,33.934672,131.262102,JR宇部線,JR西日本,1,D,13,駅データ.jp
1172113,1172113,東新川,山口県,宇部市,宇部市,宇部市東新川町,33.94839,131.25691,JR宇部線,JR西日本,1,D,5,駅データ.jp
1172114,1172114,琴芝,山口県,宇部市,宇部市,宇部市琴芝町２丁目,33.952698,131.252244,JR宇部線,JR西日本,1,D,5,駅データ.jp
1172115,1172115,宇部新川,山口県,宇部市,宇部市,宇部市上町１丁目,33.958369,131.242441,JR宇部線|JR小野田線,JR西日本,2,C,23,駅データ.jp
1172116,1172116,居能,山口県,宇部市,宇部市,宇部市居能町２丁目,33.96706,131.228161,JR宇部線|JR小野田線,JR西日本,2,D,15,駅データ.jp
1172117,1172117,岩鼻,山口県,宇部市,宇部市,宇部市大字藤曲,33.978608,131.225406,JR宇部線,JR西日本,1,D,5,駅データ.jp
1172202,1172202,湯ノ峠,山口県,山陽小野田市,山陽小野田市,山陽小野田市厚狭,34.085649,131.172601,JR美祢線,JR西日本,1,D,5,駅データ.jp
1172203,1172203,厚保,山口県,美祢市,美祢市,美祢市西厚保町本郷,34.113929,131.154691,JR美祢線,JR西日本,1,D,5,駅データ.jp
1172204,1172204,四郎ケ原,山口県,美祢市,美祢市,山口県美祢市東厚保町川東字大向2128,34.137596,131.161162,JR美祢線,JR西日本,1,D,5,駅データ.jp
1172205,1172205,南大嶺,山口県,美祢市,美祢市,美祢市大嶺町西分,34.161483,131.185299,JR美祢線,JR西日本,1,D,5,駅データ.jp
1172206,1172206,美祢,山口県,美祢市,美祢市,美祢市大嶺町東分,34.169077,131.203981,JR美祢線,JR西日本,1,D,13,駅データ.jp
1172207,1172207,重安,山口県,美祢市,美祢市,美祢市大嶺町北分,34.194339,131.2087,JR美祢線,JR西日本,1,D,5,駅データ.jp
1172208,1172208,於福,山口県,美祢市,美祢市,美祢市於福町下,34.236421,131.20794,JR美祢線,JR西日本,1,D,5,駅データ.jp
1172209,1172209,渋木,山口県,長門市,長門市,長門市深川湯本,34.311679,131.196663,JR美祢線,JR西日本,1,D,5,駅データ.jp
1172210,1172210,長門湯本,山口県,長門市,長門市,長門市深川湯本,34.334435,131.172422,JR美祢線,JR西日本,1,D,13,駅データ.jp
1172211,1172211,板持,山口県,長門市,長門市,長門市西深川,34.353341,131.176666,JR美祢線,JR西日本,1,D,5,駅データ.jp
1172213,1172213,仙崎,山口県,長門市,長門市,長門市仙崎町字道揚原,34.387841,131.198904,JR美祢線,JR西日本,1,D,5,駅データ.jp
1172303,1172303,妻崎,山口県,宇部市,宇部市,宇部市大字東須恵,33.970359,131.20278,JR小野田線,JR西日本,1,D,5,駅データ.jp
1172304,1172304,長門長沢,山口県,宇部市,宇部市,宇部市大字東須恵,33.966562,131.196786,JR小野田線,JR西日本,1,D,5,駅データ.jp
1172305,1172305,雀田,山口県,山陽小野田市,山陽小野田市,山陽小野田市小野田,33.960743,131.186951,JR小野田線,JR西日本,1,D,5,駅データ.jp
1172306,1172306,小野田港,山口県,山陽小野田市,山陽小野田市,山陽小野田市北竜王町,33.972,131.175146,JR小野田線,JR西日本,1,D,5,駅データ.jp
1172307,1172307,南小野田,山口県,山陽小野田市,山陽小野田市,山陽小野田市平成町,33.97743,131.174949,JR小野田線,JR西日本,1,D,5,駅データ.jp
1172308,1172308,南中川,山口県,山陽小野田市,山陽小野田市,山陽小野田市中川２丁目,33.986973,131.17887,JR小野田線,JR西日本,1,D,5,駅データ.jp
1172309,1172309,目出,山口県,山陽小野田市,山陽小野田市,山陽小野田市小野田,33.996595,131.183334,JR小野田線,JR西日本,1,D,5,駅データ.jp
1172311,1172311,浜河内,山口県,山陽小野田市,山陽小野田市,山陽小野田市小野田,33.950529,131.179518,JR小野田線,JR西日本,1,D,5,駅データ.jp
1172312,1172312,長門本山,山口県,山陽小野田市,山陽小野田市,山陽小野田市小野田,33.942755,131.173213,JR小野田線,JR西日本,1,D,5,駅データ.jp
1172402,1172402,西岩国,山口県,岩国市,岩国市,岩国市錦見６丁目,34.16302,132.195786,JR岩徳線,JR西日本,1,D,13,駅データ.jp
1172403,1172403,川西,山口県,岩国市,岩国市,岩国市川西２丁目,34.156612,132.177321,JR岩徳線|錦川清流線,JR西日本|錦川鉄道,2,D,15,駅データ.jp
1172404,1172404,柱野,山口県,岩国市,岩国市,岩国市柱野,34.143874,132.154599,JR岩徳線,JR西日本,1,D,5,駅データ.jp
1172405,1172405,欽明路,山口県,岩国市,岩国市,岩国市玖珂町中野口,34.1044,132.101813,JR岩徳線,JR西日本,1,D,5,駅データ.jp
1172406,1172406,玖珂,山口県,岩国市,岩国市,岩国市玖珂町萃石,34.097195,132.081951,JR岩徳線,JR西日本,1,D,5,駅データ.jp
1172407,1172407,周防高森,山口県,岩国市,岩国市,岩国市周東町下久原,34.090701,132.045564,JR岩徳線,JR西日本,1,D,5,駅データ.jp
1172408,1172408,米川,山口県,岩国市,岩国市,岩国市周東町差川,34.074521,132.014745,JR岩徳線,JR西日本,1,D,5,駅データ.jp
1172409,1172409,高水,山口県,周南市,周南市,周南市原,34.055395,131.973069,JR岩徳線,JR西日本,1,D,5,駅データ.jp
1172410,1172410,勝間,山口県,周南市,周南市,周南市呼坂,34.042008,131.953979,JR岩徳線,JR西日本,1,D,5,駅データ.jp
1172411,1172411,大河内,山口県,周南市,周南市,周南市大河内,34.03098,131.934175,JR岩徳線,JR西日本,1,D,5,駅データ.jp
1172412,1172412,周防久保,山口県,下松市,下松市,下松市大字河内,34.029211,131.919248,JR岩徳線,JR西日本,1,D,5,駅データ.jp
1172413,1172413,生野屋,山口県,下松市,下松市,下松市大字生野屋,34.035445,131.887359,JR岩徳線,JR西日本,1,D,5,駅データ.jp
1172414,1172414,周防花岡,山口県,下松市,下松市,下松市大字末武上,34.035922,131.867328,JR岩徳線,JR西日本,1,D,5,駅データ.jp
1180101,1180101,多度津,香川県,,,仲多度郡多度津町栄町３丁目,34.271238,133.757235,JR予讃線|JR土讃線,JR四国,2,D,15,駅データ.jp
1180102,1180102,金蔵寺,香川県,善通寺市,善通寺市,善通寺市稲木町,34.248152,133.777486,JR土讃線,JR四国,1,D,5,駅データ.jp
1180103,1180103,善通寺,香川県,善通寺市,善通寺市,善通寺市文京町１丁目,34.230021,133.789235,JR土讃線,JR四国,1,D,13,駅データ.jp
1180104,1180104,琴平,香川県,,,仲多度郡琴平町榎井,34.191506,133.820268,JR土讃線|琴電琴平線,JR四国|高松琴平電気鉄道,2,D,15,駅データ.jp
1180105,1180105,塩入,香川県,,,香川県仲多度郡まんのう町帆山,34.156089,133.849938,JR土讃線,JR四国,1,D,5,駅データ.jp
1180106,1180106,黒川,香川県,,,香川県仲多度郡まんのう町新目,34.133145,133.82011,JR土讃線,JR四国,1,D,5,駅データ.jp
1180107,1180107,讃岐財田,香川県,三豊市,三豊市,三豊市財田町財田上,34.117463,133.814781,JR土讃線,JR四国,1,D,5,駅データ.jp
1180108,1180108,坪尻,徳島県,三好市,三好市,三好市池田町西山立谷,34.053932,133.823816,JR土讃線,JR四国,1,D,5,駅データ.jp
1180109,1180109,箸蔵,徳島県,三好市,三好市,三好市池田町州津,34.040318,133.848495,JR土讃線,JR四国,1,D,5,駅データ.jp
1180110,1180110,佃,徳島県,三好市,三好市,三好市井川町西井川,34.032439,133.857677,JR土讃線|よしの川ブルーライン,JR四国,2,D,15,駅データ.jp
1180111,1180111,阿波池田,徳島県,三好市,三好市,三好市池田町サラダ,34.026891,133.804669,JR土讃線|よしの川ブルーライン,JR四国,2,D,15,駅データ.jp
1180112,1180112,三縄,徳島県,三好市,三好市,三好市池田町中西,34.006854,133.7874,JR土讃線,JR四国,1,D,5,駅データ.jp
1180113,1180113,祖谷口,徳島県,三好市,三好市,三好市山城町下川,33.972692,133.780423,JR土讃線,JR四国,1,D,5,駅データ.jp
1180114,1180114,阿波川口,徳島県,三好市,三好市,三好市山城町大川持,33.963649,133.754634,JR土讃線,JR四国,1,D,5,駅データ.jp
1180115,1180115,小歩危,徳島県,三好市,三好市,三好市山城町西宇,33.923352,133.758767,JR土讃線,JR四国,1,D,5,駅データ.jp
1180116,1180116,大歩危,徳島県,三好市,三好市,三好市西祖谷山村徳善,33.8765,133.767348,JR土讃線,JR四国,1,D,5,駅データ.jp
1180117,1180117,土佐岩原,高知県,,,長岡郡大豊町岩原,33.822582,133.788154,JR土讃線,JR四国,1,D,5,駅データ.jp
1180118,1180118,豊永,高知県,,,長岡郡大豊町東土居,33.796788,133.759638,JR土讃線,JR四国,1,D,5,駅データ.jp
1180119,1180119,大田口,高知県,,,長岡郡大豊町黒石,33.785539,133.726552,JR土讃線,JR四国,1,D,5,駅データ.jp
1180120,1180120,土佐穴内,高知県,,,長岡郡大豊町穴内,33.779192,133.696126,JR土讃線,JR四国,1,D,5,駅データ.jp
1180121,1180121,大杉,高知県,,,長岡郡大豊町中村大王,33.761091,133.66445,JR土讃線,JR四国,1,D,5,駅データ.jp
1180122,1180122,土佐北川,高知県,,,長岡郡大豊町久寿軒,33.714792,133.686312,JR土讃線,JR四国,1,D,5,駅データ.jp
1180123,1180123,角茂谷,高知県,,,長岡郡大豊町角茂谷,33.695689,133.692528,JR土讃線,JR四国,1,D,5,駅データ.jp
1180124,1180124,繁藤,高知県,香美市,香美市,香美市土佐山田町繁藤,33.680389,133.690186,JR土讃線,JR四国,1,D,5,駅データ.jp
1180125,1180125,新改,高知県,香美市,香美市,香美市土佐山田町東川,33.649596,133.695763,JR土讃線,JR四国,1,D,5,駅データ.jp
1180126,1180126,土佐山田,高知県,香美市,香美市,香美市土佐山田町宮前町,33.607085,133.684664,JR土讃線,JR四国,1,D,5,駅データ.jp
1180127,1180127,山田西町,高知県,香美市,香美市,香美市土佐山田町西本町,33.60453,133.677287,JR土讃線,JR四国,1,D,5,駅データ.jp
1180128,1180128,土佐長岡,高知県,南国市,南国市,南国市西山,33.591728,133.662219,JR土讃線,JR四国,1,D,5,駅データ.jp
1180129,1180129,後免,高知県,南国市,南国市,南国市駅前町２丁目,33.579245,133.645479,JR土讃線|ごめん・なはり線,JR四国|土佐くろしお鉄道,2,D,15,駅データ.jp
1180130,1180130,土佐大津,高知県,高知市,高知市,高知市大津字関,33.575747,133.612932,JR土讃線|ごめん線,JR四国|土佐電気鉄道,2,D,15,駅データ.jp
1180131,1180131,布師田,高知県,高知市,高知市,高知市布師田,33.575595,133.590379,JR土讃線,JR四国,1,D,5,駅データ.jp
1180132,1180132,土佐一宮,高知県,高知市,高知市,高知市一宮,33.578974,133.577274,JR土讃線,JR四国,1,D,5,駅データ.jp
1180133,1180133,薊野,高知県,高知市,高知市,高知市薊野,33.578243,133.560056,JR土讃線,JR四国,1,D,5,駅データ.jp
1180134,1180134,高知,高知県,高知市,高知市,高知市北本町２丁目,33.566644,133.543564,JR土讃線|桟橋線,JR四国|土佐電気鉄道,2,C,38,駅データ.jp
1180135,1180135,入明,高知県,高知市,高知市,高知市幸町,33.567322,133.530298,JR土讃線,JR四国,1,D,5,駅データ.jp
1180136,1180136,円行寺口,高知県,高知市,高知市,高知市西新屋敷,33.565816,133.520791,JR土讃線,JR四国,1,D,5,駅データ.jp
1180137,1180137,旭,高知県,高知市,高知市,高知市旭駅前町,33.558808,133.50852,JR土讃線,JR四国,1,D,5,駅データ.jp
1180138,1180138,高知商業前,高知県,高知市,高知市,高知市上本宮町月の輪,33.558419,133.497443,JR土讃線,JR四国,1,D,13,駅データ.jp
1180139,1180139,朝倉,高知県,高知市,高知市,高知県高知市朝倉丙133-2,33.551343,133.484891,JR土讃線|伊野線,JR四国|土佐電気鉄道,2,D,15,駅データ.jp
1180140,1180140,枝川,高知県,,,吾川郡いの町枝川字スミ澤,33.551096,133.448947,JR土讃線|伊野線,JR四国|土佐電気鉄道,2,D,15,駅データ.jp
1180141,1180141,伊野,高知県,,,高知県吾川郡いの町1419-3,33.548055,133.429895,JR土讃線|伊野線,JR四国|土佐電気鉄道,2,D,15,駅データ.jp
1180142,1180142,波川,高知県,,,吾川郡いの町波川,33.543699,133.414191,JR土讃線,JR四国,1,D,5,駅データ.jp
1180143,1180143,日下,高知県,,,高岡郡日高村本郷字米神の前,33.533436,133.371456,JR土讃線,JR四国,1,D,5,駅データ.jp
1180144,1180144,岡花,高知県,,,高岡郡日高村本郷,33.529922,133.35123,JR土讃線,JR四国,1,D,5,駅データ.jp
1180145,1180145,土佐加茂,高知県,,,高岡郡佐川町加茂字保木屋敷,33.523558,133.321219,JR土讃線,JR四国,1,D,5,駅データ.jp
1180146,1180146,西佐川,高知県,,,高岡郡佐川町字垣添,33.512604,133.286652,JR土讃線,JR四国,1,D,5,駅データ.jp
1180147,1180147,佐川,高知県,,,高岡郡佐川町大字寺中,33.500189,133.292741,JR土讃線,JR四国,1,D,5,駅データ.jp
1180148,1180148,襟野々,高知県,,,高岡郡佐川町大字永野,33.488527,133.300426,JR土讃線,JR四国,1,D,5,駅データ.jp
1180149,1180149,斗賀野,高知県,,,高岡郡佐川町大字東組,33.475453,133.286397,JR土讃線,JR四国,1,D,5,駅データ.jp
1180150,1180150,吾桑,高知県,須崎市,須崎市,須崎市吾井郷甲,33.43027,133.295588,JR土讃線,JR四国,1,D,5,駅データ.jp
1180151,1180151,多ノ郷,高知県,須崎市,須崎市,須崎市妙見町,33.410655,133.294641,JR土讃線,JR四国,1,D,5,駅データ.jp
1180152,1180152,大間,高知県,須崎市,須崎市,須崎市大間東町１丁目,33.406872,133.287666,JR土讃線,JR四国,1,D,5,駅データ.jp
1180153,1180153,須崎,高知県,須崎市,須崎市,須崎市原町１丁目,33.392649,133.293214,JR土讃線,JR四国,1,D,13,駅データ.jp
1180154,1180154,土佐新荘,高知県,須崎市,須崎市,須崎市西町２丁目,33.386369,133.278065,JR土讃線,JR四国,1,D,5,駅データ.jp
1180155,1180155,安和,高知県,須崎市,須崎市,須崎市安和,33.36692,133.258901,JR土讃線,JR四国,1,D,5,駅データ.jp
1180156,1180156,土佐久礼,高知県,,,高岡郡中土佐町大字久礼,33.328972,133.226483,JR土讃線,JR四国,1,D,5,駅データ.jp
1180157,1180157,影野,高知県,,,高岡郡四万十町影野宮の前甲,33.275854,133.173519,JR土讃線,JR四国,1,D,5,駅データ.jp
1180158,1180158,六反地,高知県,,,高岡郡四万十町六反地,33.261992,133.169339,JR土讃線,JR四国,1,D,5,駅データ.jp
1180159,1180159,仁井田,高知県,,,高岡郡四万十町仁井田,33.245097,133.161204,JR土讃線,JR四国,1,D,5,駅データ.jp
1180160,1180160,窪川,高知県,,,高岡郡四万十町琴平町,33.212656,133.137285,JR土讃線|しまんとグリーンライン|中村線,JR四国|土佐くろしお鉄道,3,C,24,駅データ.jp
1180161,1180161,小村神社前,高知県,,,高岡郡日高村下分字椋ノ島,33.539968,133.393105,JR土讃線,JR四国,1,D,5,駅データ.jp
1180201,1180201,高松,香川県,高松市,高松市,高松市浜ノ町,34.350772,134.048164,JR予讃線|JR高徳線|琴電琴平線|琴電長尾線,JR四国|高松琴平電気鉄道,4,B,53,駅データ.jp
1180202,1180202,昭和町,香川県,高松市,高松市,高松市昭和町１丁目,34.343882,134.032141,JR高徳線,JR四国,1,D,5,駅データ.jp
1180203,1180203,栗林公園北口,香川県,高松市,高松市,高松市中野町,34.334188,134.041561,JR高徳線,JR四国,1,D,5,駅データ.jp
1180204,1180204,栗林,香川県,高松市,高松市,高松市藤塚町３丁目,34.332181,134.053571,JR高徳線,JR四国,1,D,5,駅データ.jp
1180205,1180205,木太町,香川県,高松市,高松市,高松市木太町,34.331928,134.079889,JR高徳線,JR四国,1,D,5,駅データ.jp
1180206,1180206,屋島,香川県,高松市,高松市,高松市高松町帰来,34.336655,134.109102,JR高徳線,JR四国,1,D,5,駅データ.jp
1180207,1180207,古高松南,香川県,高松市,高松市,高松市高松町,34.34118,134.121381,JR高徳線,JR四国,1,D,13,駅データ.jp
1180208,1180208,八栗口,香川県,高松市,高松市,高松市牟礼町大町,34.340419,134.134682,JR高徳線,JR四国,1,D,5,駅データ.jp
1180209,1180209,讃岐牟礼,香川県,高松市,高松市,高松市牟礼町大町,34.336572,134.147444,JR高徳線|琴電志度線,JR四国|高松琴平電気鉄道,2,D,15,駅データ.jp
1180210,1180210,志度,香川県,さぬき市,さぬき市,さぬき市大字志度,34.321984,134.172836,JR高徳線|琴電志度線,JR四国|高松琴平電気鉄道,2,D,15,駅データ.jp
1180211,1180211,オレンジタウン,香川県,さぬき市,さぬき市,さぬき市大字志度字鳥打谷,34.301879,134.180827,JR高徳線,JR四国,1,D,5,駅データ.jp
1180212,1180212,造田,香川県,さぬき市,さぬき市,さぬき市造田,34.282967,134.185888,JR高徳線,JR四国,1,D,5,駅データ.jp
1180213,1180213,神前,香川県,さぬき市,さぬき市,さぬき市寒川町神前,34.282895,134.208935,JR高徳線,JR四国,1,D,5,駅データ.jp
1180214,1180214,讃岐津田,香川県,さぬき市,さぬき市,さぬき市津田町津田,34.288253,134.248335,JR高徳線,JR四国,1,D,5,駅データ.jp
1180215,1180215,鶴羽,香川県,さぬき市,さぬき市,さぬき市津田町鶴羽,34.280005,134.274003,JR高徳線,JR四国,1,D,5,駅データ.jp
1180216,1180216,丹生,香川県,東かがわ市,東かがわ市,東かがわ市土居,34.254517,134.301468,JR高徳線,JR四国,1,D,5,駅データ.jp
1180217,1180217,三本松,香川県,東かがわ市,東かがわ市,東かがわ市三本松,34.251529,134.334453,JR高徳線,JR四国,1,D,5,駅データ.jp
1180218,1180218,讃岐白鳥,香川県,東かがわ市,東かがわ市,東かがわ市松原,34.243642,134.366203,JR高徳線,JR四国,1,D,5,駅データ.jp
1180219,1180219,引田,香川県,東かがわ市,東かがわ市,東かがわ市引田,34.224472,134.402072,JR高徳線,JR四国,1,D,5,駅データ.jp
1180220,1180220,讃岐相生,香川県,東かがわ市,東かがわ市,東かがわ市南野,34.211977,134.424537,JR高徳線,JR四国,1,D,5,駅データ.jp
1180221,1180221,阿波大宮,徳島県,,,板野郡板野町大坂,34.178751,134.448641,JR高徳線,JR四国,1,D,5,駅データ.jp
1180222,1180222,板野,徳島県,,,板野郡板野町大寺字平田,34.141971,134.465512,JR高徳線,JR四国,1,D,5,駅データ.jp
1180223,1180223,阿波川端,徳島県,,,板野郡板野町川端,34.148827,134.483769,JR高徳線,JR四国,1,D,5,駅データ.jp
1180224,1180224,板東,徳島県,鳴門市,鳴門市,鳴門市大麻町板東,34.155369,134.506805,JR高徳線,JR四国,1,D,5,駅データ.jp
1180225,1180225,池谷,徳島県,鳴門市,鳴門市,鳴門市大麻町池谷,34.152783,134.529097,JR高徳線|JR鳴門線,JR四国,2,D,15,駅データ.jp
1180226,1180226,勝瑞,徳島県,,,板野郡藍住町勝瑞,34.128063,134.528225,JR高徳線,JR四国,1,D,5,駅データ.jp
1180227,1180227,吉成,徳島県,徳島市,徳島市,徳島市応神町吉成字轟,34.118603,134.530795,JR高徳線,JR四国,1,D,5,駅データ.jp
1180228,1180228,佐古,徳島県,徳島市,徳島市,徳島市佐古二番町,34.080644,134.538539,JR高徳線|よしの川ブルーライン,JR四国,2,D,15,駅データ.jp
1180229,1180229,徳島,徳島県,徳島市,徳島市,徳島市寺島本町西２丁目,34.074572,134.551391,JR牟岐線|JR高徳線|よしの川ブルーライン,JR四国,3,B,47,駅データ.jp
1180303,1180303,蔵本,徳島県,徳島市,徳島市,徳島市蔵本町２丁目,34.07934,134.518044,よしの川ブルーライン,JR四国,1,D,5,駅データ.jp
1180304,1180304,鮎喰,徳島県,徳島市,徳島市,徳島市南島田町４丁目,34.07734,134.50602,よしの川ブルーライン,JR四国,1,D,5,駅データ.jp
1180305,1180305,府中,徳島県,徳島市,徳島市,徳島市国府町府中,34.074312,134.482886,よしの川ブルーライン,JR四国,1,D,5,駅データ.jp
1180306,1180306,石井,徳島県,,,名西郡石井町石井,34.070321,134.444334,よしの川ブルーライン,JR四国,1,D,5,駅データ.jp
1180307,1180307,下浦,徳島県,,,名西郡石井町浦庄,34.067669,134.421011,よしの川ブルーライン,JR四国,1,D,5,駅データ.jp
1180308,1180308,牛島,徳島県,吉野川市,吉野川市,吉野川市鴨島町牛島,34.076751,134.397131,よしの川ブルーライン,JR四国,1,D,5,駅データ.jp
1180309,1180309,麻植塚,徳島県,吉野川市,吉野川市,吉野川市鴨島町麻植塚,34.07514,134.376394,よしの川ブルーライン,JR四国,1,D,5,駅データ.jp
1180310,1180310,鴨島,徳島県,吉野川市,吉野川市,吉野川市鴨島町鴨島,34.073757,134.356037,よしの川ブルーライン,JR四国,1,D,5,駅データ.jp
1180311,1180311,西麻植,徳島県,吉野川市,吉野川市,吉野川市鴨島町西麻植,34.072442,134.336225,よしの川ブルーライン,JR四国,1,D,5,駅データ.jp
1180312,1180312,阿波川島,徳島県,吉野川市,吉野川市,吉野川市川島町川島,34.061854,134.320782,よしの川ブルーライン,JR四国,1,D,5,駅データ.jp
1180313,1180313,学,徳島県,吉野川市,吉野川市,吉野川市川島町学,34.057766,134.286411,よしの川ブルーライン,JR四国,1,D,5,駅データ.jp
1180314,1180314,山瀬,徳島県,吉野川市,吉野川市,吉野川市山川町西久保,34.060206,134.256553,よしの川ブルーライン,JR四国,1,D,5,駅データ.jp
1180315,1180315,阿波山川,徳島県,吉野川市,吉野川市,吉野川市山川町湯立,34.055162,134.234271,よしの川ブルーライン,JR四国,1,D,5,駅データ.jp
1180316,1180316,川田,徳島県,吉野川市,吉野川市,吉野川市山川町川田,34.061311,134.204521,よしの川ブルーライン,JR四国,1,D,5,駅データ.jp
1180317,1180317,穴吹,徳島県,美馬市,美馬市,美馬市穴吹町穴吹,34.056161,134.163053,よしの川ブルーライン,JR四国,1,D,5,駅データ.jp
1180318,1180318,小島,徳島県,美馬市,美馬市,美馬市穴吹町三島,34.050309,134.10704,よしの川ブルーライン,JR四国,1,D,5,駅データ.jp
1180319,1180319,貞光,徳島県,,,美馬郡つるぎ町貞光,34.039337,134.059177,よしの川ブルーライン,JR四国,1,D,5,駅データ.jp
1180320,1180320,阿波半田,徳島県,,,美馬郡つるぎ町半田中藪,34.041059,134.03617,よしの川ブルーライン,JR四国,1,D,5,駅データ.jp
1180321,1180321,江口,徳島県,,,三好郡東みよし町中庄,34.037131,133.973801,よしの川ブルーライン,JR四国,1,D,5,駅データ.jp
1180322,1180322,三加茂,徳島県,,,三好郡東みよし町中庄,34.0357,133.949211,よしの川ブルーライン,JR四国,1,D,5,駅データ.jp
1180323,1180323,阿波加茂,徳島県,,,三好郡東みよし町加茂,34.036708,133.927033,よしの川ブルーライン,JR四国,1,D,5,駅データ.jp
1180324,1180324,辻,徳島県,三好市,三好市,三好市井川町辻,34.02912,133.873856,よしの川ブルーライン,JR四国,1,D,5,駅データ.jp
1180402,1180402,阿波富田,徳島県,徳島市,徳島市,徳島市かちどき橋１丁目,34.064051,134.555658,JR牟岐線,JR四国,1,D,5,駅データ.jp
1180403,1180403,二軒屋,徳島県,徳島市,徳島市,徳島市南二軒屋町,34.054952,134.546847,JR牟岐線,JR四国,1,D,5,駅データ.jp
1180404,1180404,文化の森,徳島県,徳島市,徳島市,徳島市八万町弐丈,34.044298,134.543312,JR牟岐線,JR四国,1,D,5,駅データ.jp
1180405,1180405,地蔵橋,徳島県,徳島市,徳島市,徳島市西須賀町西開,34.026444,134.54727,JR牟岐線,JR四国,1,D,5,駅データ.jp
1180406,1180406,中田,徳島県,小松島市,小松島市,小松島市中郷町長平,34.010319,134.569543,JR牟岐線,JR四国,1,D,5,駅データ.jp
1180407,1180407,南小松島,徳島県,小松島市,小松島市,小松島市南小松島町,34.005634,134.586994,JR牟岐線,JR四国,1,D,13,駅データ.jp
1180408,1180408,阿波赤石,徳島県,小松島市,小松島市,小松島市赤石町,33.981729,134.60583,JR牟岐線,JR四国,1,D,5,駅データ.jp
1180409,1180409,立江,徳島県,小松島市,小松島市,小松島市立江町字株木,33.970336,134.608785,JR牟岐線,JR四国,1,D,5,駅データ.jp
1180410,1180410,羽ノ浦,徳島県,阿南市,阿南市,阿南市羽ノ浦町宮倉,33.957293,134.626183,JR牟岐線,JR四国,1,D,5,駅データ.jp
1180411,1180411,西原,徳島県,阿南市,阿南市,阿南市那賀川町大京原,33.9483,134.644906,JR牟岐線,JR四国,1,D,5,駅データ.jp
1180412,1180412,阿波中島,徳島県,阿南市,阿南市,阿南市那賀川町赤池,33.941223,134.664834,JR牟岐線,JR四国,1,D,5,駅データ.jp
1180413,1180413,阿南,徳島県,阿南市,阿南市,阿南市富岡町字今福寺,33.919129,134.66229,JR牟岐線,JR四国,1,D,13,駅データ.jp
1180414,1180414,見能林,徳島県,阿南市,阿南市,阿南市見能林町清水山東,33.902984,134.667015,JR牟岐線,JR四国,1,D,5,駅データ.jp
1180415,1180415,阿波橘,徳島県,阿南市,阿南市,阿南市津乃峰町東分,33.888472,134.651281,JR牟岐線,JR四国,1,D,5,駅データ.jp
1180416,1180416,桑野,徳島県,阿南市,阿南市,阿南市桑野町岡元,33.87466,134.613287,JR牟岐線,JR四国,1,D,5,駅データ.jp
1180417,1180417,新野,徳島県,阿南市,阿南市,阿南市新野町信里,33.846813,134.600283,JR牟岐線,JR四国,1,D,5,駅データ.jp
1180418,1180418,阿波福井,徳島県,阿南市,阿南市,阿南市福井町中連,33.824074,134.605272,JR牟岐線,JR四国,1,D,5,駅データ.jp
1180419,1180419,由岐,徳島県,,,海部郡美波町西の地東地,33.776032,134.591857,JR牟岐線,JR四国,1,D,5,駅データ.jp
1180420,1180420,田井ノ浜,徳島県,,,海部郡美波町田井,33.772863,134.584127,JR牟岐線,JR四国,1,D,5,駅データ.jp
1180421,1180421,木岐,徳島県,,,海部郡美波町木岐字本村,33.766616,134.569473,JR牟岐線,JR四国,1,D,5,駅データ.jp
1180422,1180422,北河内,徳島県,,,海部郡美波町北河内,33.743286,134.53528,JR牟岐線,JR四国,1,D,5,駅データ.jp
1180423,1180423,日和佐,徳島県,,,海部郡美波町奥河内,33.728954,134.530603,JR牟岐線,JR四国,1,D,5,駅データ.jp
1180424,1180424,山河内,徳島県,,,海部郡美波町山河内,33.715139,134.485273,JR牟岐線,JR四国,1,D,5,駅データ.jp
1180425,1180425,辺川,徳島県,,,海部郡牟岐町大字橘,33.694711,134.434874,JR牟岐線,JR四国,1,D,5,駅データ.jp
1180426,1180426,牟岐,徳島県,,,海部郡牟岐町大字中村,33.672192,134.418192,JR牟岐線,JR四国,1,D,5,駅データ.jp
1180427,1180427,鯖瀬,徳島県,,,海部郡海陽町浅川字鯖瀬口,33.646398,134.385308,JR牟岐線,JR四国,1,D,5,駅データ.jp
1180428,1180428,浅川,徳島県,,,海部郡海陽町浅川,33.626665,134.358677,JR牟岐線,JR四国,1,D,5,駅データ.jp
1180429,1180429,阿波海南,徳島県,,,海部郡海陽町四方原,33.606379,134.350805,JR牟岐線|阿波室戸シーサイドライン,JR四国|阿佐海岸鉄道,2,D,15,駅データ.jp
1180430,1180430,海部,徳島県,,,海部郡海陽町奥浦,33.593453,134.351999,阿波室戸シーサイドライン,阿佐海岸鉄道,1,D,5,駅データ.jp
1180501,1180501,鳴門,徳島県,鳴門市,鳴門市,鳴門市撫養町小桑島,34.179131,134.608355,JR鳴門線,JR四国,1,D,13,駅データ.jp
1180502,1180502,撫養,徳島県,鳴門市,鳴門市,鳴門市撫養町南浜,34.173162,134.600851,JR鳴門線,JR四国,1,D,5,駅データ.jp
1180503,1180503,金比羅前,徳島県,鳴門市,鳴門市,鳴門市撫養町木津,34.169651,134.585014,JR鳴門線,JR四国,1,D,5,駅データ.jp
1180504,1180504,教会前,徳島県,鳴門市,鳴門市,鳴門市撫養町木津,34.167579,134.577148,JR鳴門線,JR四国,1,D,5,駅データ.jp
1180505,1180505,立道,徳島県,鳴門市,鳴門市,鳴門市大麻町姫田,34.162024,134.557539,JR鳴門線,JR四国,1,D,5,駅データ.jp
1180506,1180506,阿波大谷,徳島県,鳴門市,鳴門市,鳴門市大麻町大谷,34.158024,134.540221,JR鳴門線,JR四国,1,D,5,駅データ.jp
1180602,1180602,香西,香川県,高松市,高松市,高松市鶴市町,34.34096,134.009609,JR予讃線,JR四国,1,D,5,駅データ.jp
1180603,1180603,鬼無,香川県,高松市,高松市,高松市鬼無町佐藤,34.325455,133.99385,JR予讃線,JR四国,1,D,5,駅データ.jp
1180604,1180604,端岡,香川県,高松市,高松市,高松市国分寺町新居,34.305021,133.968071,JR予讃線,JR四国,1,D,5,駅データ.jp
1180605,1180605,国分,香川県,高松市,高松市,高松市国分寺町国分,34.300541,133.941754,JR予讃線,JR四国,1,D,5,駅データ.jp
1180606,1180606,讃岐府中,香川県,,,坂出市府中町,34.291404,133.923917,JR予讃線,JR四国,1,D,5,駅データ.jp
1180607,1180607,鴨川,香川県,,,坂出市府中町西福寺,34.306863,133.905324,JR予讃線,JR四国,1,D,5,駅データ.jp
1180608,1180608,八十場,香川県,坂出市,坂出市,坂出市西庄町,34.313014,133.884815,JR予讃線,JR四国,1,D,5,駅データ.jp
1180609,1180609,坂出,香川県,坂出市,坂出市,坂出市元町１丁目,34.313189,133.856819,JR予讃線,JR四国,1,D,13,駅データ.jp
1180611,1180611,丸亀,香川県,丸亀市,丸亀市,丸亀市浜町,34.292414,133.793887,JR予讃線,JR四国,1,D,13,駅データ.jp
1180612,1180612,讃岐塩屋,香川県,丸亀市,丸亀市,丸亀市塩屋町,34.285093,133.777486,JR予讃線,JR四国,1,D,5,駅データ.jp
1180614,1180614,海岸寺,香川県,,,仲多度郡多度津町大字西白方,34.253732,133.729671,JR予讃線,JR四国,1,D,5,駅データ.jp
1180615,1180615,津島ノ宮,香川県,三豊市,三豊市,三豊市三野町大見,34.23828,133.704313,JR予讃線,JR四国,1,D,5,駅データ.jp
1180616,1180616,詫間,香川県,三豊市,三豊市,三豊市詫間町松崎字浜,34.221326,133.692812,JR予讃線,JR四国,1,D,5,駅データ.jp
1180617,1180617,みの,香川県,三豊市,三豊市,三豊市三野町下高瀬,34.205633,133.710655,JR予讃線,JR四国,1,D,5,駅データ.jp
1180618,1180618,高瀬,香川県,三豊市,三豊市,三豊市高瀬町新名,34.184083,133.711397,JR予讃線,JR四国,1,D,5,駅データ.jp
1180619,1180619,比地大,香川県,三豊市,三豊市,三豊市豊中町比地大,34.166805,133.690325,JR予讃線,JR四国,1,D,5,駅データ.jp
1180620,1180620,本山,香川県,三豊市,三豊市,三豊市豊中町岡本,34.146589,133.68649,JR予讃線,JR四国,1,D,5,駅データ.jp
1180621,1180621,観音寺,香川県,観音寺市,観音寺市,観音寺市観音寺町,34.124508,133.655687,JR予讃線,JR四国,1,D,13,駅データ.jp
1180622,1180622,豊浜,香川県,観音寺市,観音寺市,観音寺市豊浜町姫浜,34.080544,133.644639,JR予讃線,JR四国,1,D,5,駅データ.jp
1180623,1180623,箕浦,香川県,観音寺市,観音寺市,観音寺市豊浜町箕浦,34.04799,133.619439,JR予讃線,JR四国,1,D,5,駅データ.jp
1180624,1180624,川之江,愛媛県,四国中央市,四国中央市,四国中央市川之江町,34.014903,133.57617,JR予讃線,JR四国,1,D,5,駅データ.jp
1180625,1180625,伊予三島,愛媛県,四国中央市,四国中央市,四国中央市三島中央３丁目,33.979541,133.542401,JR予讃線,JR四国,1,D,5,駅データ.jp
1180626,1180626,伊予寒川,愛媛県,四国中央市,四国中央市,四国中央市寒川町,33.967978,133.500123,JR予讃線,JR四国,1,D,5,駅データ.jp
1180627,1180627,赤星,愛媛県,四国中央市,四国中央市,四国中央市土居町津根,33.96673,133.456352,JR予讃線,JR四国,1,D,5,駅データ.jp
1180628,1180628,伊予土居,愛媛県,四国中央市,四国中央市,四国中央市土居町土居,33.959024,133.428294,JR予讃線,JR四国,1,D,5,駅データ.jp
1180629,1180629,関川,愛媛県,四国中央市,四国中央市,四国中央市土居町北野,33.955791,133.392692,JR予讃線,JR四国,1,D,5,駅データ.jp
1180630,1180630,多喜浜,愛媛県,新居浜市,新居浜市,新居浜市又野１丁目,33.970533,133.325094,JR予讃線,JR四国,1,D,5,駅データ.jp
1180631,1180631,新居浜,愛媛県,新居浜市,新居浜市,新居浜市坂井町,33.948124,133.294761,JR予讃線,JR四国,1,D,13,駅データ.jp
1180632,1180632,中萩,愛媛県,新居浜市,新居浜市,新居浜市大生院,33.926232,133.253294,JR予讃線,JR四国,1,D,5,駅データ.jp
1180633,1180633,伊予西条,愛媛県,西条市,西条市,西条市大町福森,33.912584,133.188275,JR予讃線,JR四国,1,D,13,駅データ.jp
1180634,1180634,石鎚山,愛媛県,西条市,西条市,西条市西田甲,33.895882,133.157744,JR予讃線,JR四国,1,D,5,駅データ.jp
1180635,1180635,伊予氷見,愛媛県,西条市,西条市,西条市氷見,33.896734,133.130929,JR予讃線,JR四国,1,D,5,駅データ.jp
1180636,1180636,伊予小松,愛媛県,西条市,西条市,西条市小松町新屋敷,33.897567,133.116717,JR予讃線,JR四国,1,D,5,駅データ.jp
1180637,1180637,玉之江,愛媛県,西条市,西条市,西条市玉之江,33.912829,133.098941,JR予讃線,JR四国,1,D,5,駅データ.jp
1180638,1180638,壬生川,愛媛県,西条市,西条市,西条市三津屋,33.929699,133.085568,JR予讃線,JR四国,1,D,5,駅データ.jp
1180639,1180639,伊予三芳,愛媛県,西条市,西条市,西条市三芳,33.954382,133.064298,JR予讃線,JR四国,1,D,5,駅データ.jp
1180640,1180640,伊予桜井,愛媛県,今治市,今治市,今治市長沢甲,34.011923,133.035522,JR予讃線,JR四国,1,D,5,駅データ.jp
1180641,1180641,伊予富田,愛媛県,今治市,今治市,今治市上徳甲,34.036302,133.009194,JR予讃線,JR四国,1,D,5,駅データ.jp
1180642,1180642,今治,愛媛県,今治市,今治市,今治市北宝来町１丁目,34.063765,132.99408,JR予讃線,JR四国,1,D,13,駅データ.jp
1180643,1180643,波止浜,愛媛県,今治市,今治市,今治市高部町,34.098001,132.968922,JR予讃線,JR四国,1,D,5,駅データ.jp
1180644,1180644,波方,愛媛県,今治市,今治市,今治市波方町樋口,34.095217,132.942771,JR予讃線,JR四国,1,D,5,駅データ.jp
1180645,1180645,大西,愛媛県,今治市,今治市,今治市大西町新町,34.066128,132.929345,JR予讃線,JR四国,1,D,5,駅データ.jp
1180646,1180646,伊予亀岡,愛媛県,今治市,今治市,今治市菊間町佐方,34.053811,132.874049,JR予讃線,JR四国,1,D,5,駅データ.jp
1180647,1180647,菊間,愛媛県,今治市,今治市,今治市菊間町浜,34.033404,132.841111,JR予讃線,JR四国,1,D,5,駅データ.jp
1180648,1180648,浅海,愛媛県,松山市,松山市,松山市浅海本谷,34.010017,132.80306,JR予讃線,JR四国,1,D,5,駅データ.jp
1180649,1180649,大浦,愛媛県,松山市,松山市,松山市大浦,34.000005,132.775597,JR予讃線,JR四国,1,D,5,駅データ.jp
1180650,1180650,伊予北条,愛媛県,松山市,松山市,松山市北条辻,33.972903,132.775339,JR予讃線,JR四国,1,D,5,駅データ.jp
1180651,1180651,柳原,愛媛県,松山市,松山市,松山市河野別府,33.953519,132.773465,JR予讃線,JR四国,1,D,5,駅データ.jp
1180652,1180652,粟井,愛媛県,松山市,松山市,松山市鹿峰,33.942965,132.770576,JR予讃線,JR四国,1,D,5,駅データ.jp
1180653,1180653,光洋台,愛媛県,松山市,松山市,松山市小川,33.926886,132.760967,JR予讃線,JR四国,1,D,5,駅データ.jp
1180654,1180654,堀江,愛媛県,松山市,松山市,松山市堀江町,33.905458,132.753496,JR予讃線,JR四国,1,D,5,駅データ.jp
1180655,1180655,伊予和気,愛媛県,松山市,松山市,松山市和気町１丁目,33.889529,132.740672,JR予讃線,JR四国,1,D,5,駅データ.jp
1180656,1180656,三津浜,愛媛県,松山市,松山市,松山市会津町,33.86142,132.728798,JR予讃線,JR四国,1,D,5,駅データ.jp
1180657,1180657,松山,愛媛県,松山市,松山市,松山市南江戸１丁目,33.840441,132.751855,JR予讃・内子線|JR予讃線|伊予鉄道松山駅前線（５系統）|伊予鉄道環状線（１系統）|伊予鉄道環状線（２系統）,JR四国|伊予鉄道,5,B,58,駅データ.jp
1180702,1180702,市坪,愛媛県,松山市,松山市,松山市市坪南２丁目,33.809113,132.749283,JR予讃・内子線,JR四国,1,D,5,駅データ.jp
1180703,1180703,北伊予,愛媛県,,,伊予郡松前町大字神崎,33.787441,132.748774,JR予讃・内子線,JR四国,1,D,5,駅データ.jp
1180704,1180704,伊予横田,愛媛県,,,伊予郡松前町大字横田,33.772909,132.727121,JR予讃・内子線,JR四国,1,D,5,駅データ.jp
1180705,1180705,鳥ノ木,愛媛県,伊予市,伊予市,伊予市下吾川,33.763751,132.711309,JR予讃・内子線,JR四国,1,D,5,駅データ.jp
1180706,1180706,伊予市,愛媛県,伊予市,伊予市,伊予市米湊,33.755917,132.702424,JR予讃・内子線|伊予鉄道郡中線,JR四国|伊予鉄道,2,C,23,駅データ.jp
1180707,1180707,向井原,愛媛県,伊予市,伊予市,伊予市市場,33.735871,132.695736,JR予讃・内子線,JR四国,1,D,5,駅データ.jp
1180708,1180708,伊予大平,愛媛県,伊予市,伊予市,伊予市大平,33.715973,132.708479,JR予讃・内子線,JR四国,1,D,13,駅データ.jp
1180709,1180709,伊予中山,愛媛県,伊予市,伊予市,伊予市中山町中山,33.649881,132.711629,JR予讃・内子線,JR四国,1,D,13,駅データ.jp
1180710,1180710,伊予立川,愛媛県,,,喜多郡内子町立山,33.600458,132.677,JR予讃・内子線,JR四国,1,D,5,駅データ.jp
1180711,1180711,内子,愛媛県,,,喜多郡内子町大字内子,33.549305,132.646207,JR予讃・内子線,JR四国,1,D,5,駅データ.jp
1180712,1180712,五十崎,愛媛県,,,喜多郡内子町五十崎,33.537809,132.635859,JR予讃・内子線,JR四国,1,D,5,駅データ.jp
1180713,1180713,喜多山,愛媛県,大洲市,大洲市,大洲市喜多山,33.533426,132.611428,JR予讃・内子線,JR四国,1,D,5,駅データ.jp
1180714,1180714,新谷,愛媛県,大洲市,大洲市,大洲市新谷乙,33.534153,132.599037,JR予讃・内子線,JR四国,1,D,5,駅データ.jp
1180715,1180715,高野川,愛媛県,伊予市,伊予市,伊予市双海町高野川,33.701624,132.65877,JR予讃・内子線,JR四国,1,D,5,駅データ.jp
1180716,1180716,伊予上灘,愛媛県,伊予市,伊予市,伊予市双海町高岸,33.683626,132.632931,JR予讃・内子線,JR四国,1,D,13,駅データ.jp
1180717,1180717,下灘,愛媛県,伊予市,伊予市,伊予市双海町大久保,33.655109,132.589219,JR予讃・内子線,JR四国,1,D,5,駅データ.jp
1180718,1180718,串,愛媛県,伊予市,伊予市,伊予市双海町串,33.647034,132.562996,JR予讃・内子線,JR四国,1,D,5,駅データ.jp
1180719,1180719,喜多灘,愛媛県,大洲市,大洲市,大洲市長浜町今坊甲,33.637145,132.531165,JR予讃・内子線,JR四国,1,D,5,駅データ.jp
1180720,1180720,伊予長浜,愛媛県,大洲市,大洲市,大洲市長浜乙,33.615297,132.486861,JR予讃・内子線,JR四国,1,D,5,駅データ.jp
1180721,1180721,伊予出石,愛媛県,大洲市,大洲市,大洲市長浜町上老松甲,33.596338,132.498833,JR予讃・内子線,JR四国,1,D,5,駅データ.jp
1180722,1180722,伊予白滝,愛媛県,大洲市,大洲市,大洲市白滝甲,33.578588,132.526778,JR予讃・内子線,JR四国,1,D,5,駅データ.jp
1180723,1180723,八多喜,愛媛県,大洲市,大洲市,大洲市八多喜町,33.562643,132.540741,JR予讃・内子線,JR四国,1,D,5,駅データ.jp
1180724,1180724,春賀,愛媛県,大洲市,大洲市,大洲市春賀甲,33.555636,132.555329,JR予讃・内子線,JR四国,1,D,5,駅データ.jp
1180725,1180725,五郎,愛媛県,大洲市,大洲市,大洲市五郎大谷甲,33.541399,132.570473,JR予讃・内子線,JR四国,1,D,5,駅データ.jp
1180726,1180726,伊予大洲,愛媛県,大洲市,大洲市,大洲市中村,33.518601,132.54485,JR予讃・内子線,JR四国,1,D,13,駅データ.jp
1180727,1180727,西大洲,愛媛県,大洲市,大洲市,大洲市阿蔵甲,33.508204,132.527041,JR予讃・内子線,JR四国,1,D,13,駅データ.jp
1180728,1180728,伊予平野,愛媛県,大洲市,大洲市,大洲市平野町野田,33.495672,132.518025,JR予讃・内子線,JR四国,1,D,5,駅データ.jp
1180729,1180729,千丈,愛媛県,八幡浜市,八幡浜市,八幡浜市大字郷字堀田,33.465432,132.457369,JR予讃・内子線,JR四国,1,D,5,駅データ.jp
1180730,1180730,八幡浜,愛媛県,八幡浜市,八幡浜市,八幡浜市江戸岡１丁目,33.458024,132.436213,JR予讃・内子線,JR四国,1,D,13,駅データ.jp
1180731,1180731,双岩,愛媛県,八幡浜市,八幡浜市,八幡浜市若山,33.424314,132.45794,JR予讃・内子線,JR四国,1,D,5,駅データ.jp
1180732,1180732,伊予石城,愛媛県,西予市,西予市,西予市宇和町岩木,33.391582,132.473112,JR予讃・内子線,JR四国,1,D,5,駅データ.jp
1180733,1180733,上宇和,愛媛県,西予市,西予市,西予市宇和町下松葉,33.379979,132.501337,JR予讃・内子線,JR四国,1,D,5,駅データ.jp
1180734,1180734,卯之町,愛媛県,西予市,西予市,西予市宇和町卯之町,33.363192,132.50994,JR予讃・内子線,JR四国,1,D,5,駅データ.jp
1180735,1180735,下宇和,愛媛県,西予市,西予市,西予市宇和町皆田,33.349786,132.531172,JR予讃・内子線,JR四国,1,D,5,駅データ.jp
1180736,1180736,立間,愛媛県,宇和島市,宇和島市,宇和島市吉田町立間,33.297371,132.539275,JR予讃・内子線,JR四国,1,D,5,駅データ.jp
1180737,1180737,伊予吉田,愛媛県,宇和島市,宇和島市,宇和島市吉田町立間尻,33.273287,132.544098,JR予讃・内子線,JR四国,1,D,5,駅データ.jp
1180738,1180738,高光,愛媛県,宇和島市,宇和島市,宇和島市高串,33.25607,132.573559,JR予讃・内子線,JR四国,1,D,5,駅データ.jp
1180739,1180739,北宇和島,愛媛県,宇和島市,宇和島市,宇和島市伊吹町北通り,33.239442,132.569643,JR予讃・内子線|しまんとグリーンライン,JR四国,2,C,23,駅データ.jp
1180740,1180740,宇和島,愛媛県,宇和島市,宇和島市,宇和島市錦町,33.225774,132.56746,JR予讃・内子線|しまんとグリーンライン,JR四国,2,C,23,駅データ.jp
1180741,1180741,南伊予,愛媛県,伊予市,伊予市,愛媛県伊予市上三谷字堤池下甲388番地,33.777639,132.738611,JR予讃・内子線,JR四国,1,D,13,駅データ.jp
1180802,1180802,若井,高知県,,,高岡郡四万十町若井,33.18807,133.105937,しまんとグリーンライン|中村線,JR四国|土佐くろしお鉄道,2,D,15,駅データ.jp
1180803,1180803,家地川,高知県,,,高岡郡四万十町家地川,33.1614,133.074784,しまんとグリーンライン,JR四国,1,D,5,駅データ.jp
1180804,1180804,打井川,高知県,,,高岡郡四万十町打井川,33.175455,133.031082,しまんとグリーンライン,JR四国,1,D,5,駅データ.jp
1180805,1180805,土佐大正,高知県,,,高岡郡四万十町大正田野々,33.194815,132.975612,しまんとグリーンライン,JR四国,1,D,5,駅データ.jp
1180806,1180806,土佐昭和,高知県,,,高岡郡四万十町昭和,33.220047,132.897413,しまんとグリーンライン,JR四国,1,D,5,駅データ.jp
1180807,1180807,十川,高知県,,,高岡郡四万十町十川,33.234869,132.855827,しまんとグリーンライン,JR四国,1,D,5,駅データ.jp
1180808,1180808,半家,高知県,四万十市,四万十市,四万十市西土佐半家,33.201666,132.791428,しまんとグリーンライン,JR四国,1,D,5,駅データ.jp
1180809,1180809,江川崎,高知県,四万十市,四万十市,四万十市西土佐江川崎,33.178104,132.783074,しまんとグリーンライン,JR四国,1,D,5,駅データ.jp
1180810,1180810,西ケ方,高知県,四万十市,四万十市,高知県四万十市西土佐西ヶ方馬引田,33.187309,132.767342,しまんとグリーンライン,JR四国,1,D,5,駅データ.jp
1180811,1180811,真土,愛媛県,,,北宇和郡松野町大字蕨生,33.223996,132.745283,しまんとグリーンライン,JR四国,1,D,5,駅データ.jp
1180812,1180812,吉野生,愛媛県,,,北宇和郡松野町大字吉野,33.224612,132.72918,しまんとグリーンライン,JR四国,1,D,5,駅データ.jp
1180813,1180813,松丸,愛媛県,,,北宇和郡松野町大字松丸,33.228325,132.708843,しまんとグリーンライン,JR四国,1,D,5,駅データ.jp
1180814,1180814,出目,愛媛県,,,北宇和郡鬼北町出目,33.251805,132.691978,しまんとグリーンライン,JR四国,1,D,5,駅データ.jp
1180815,1180815,近永,愛媛県,,,北宇和郡鬼北町,33.255693,132.676335,しまんとグリーンライン,JR四国,1,D,5,駅データ.jp
1180816,1180816,深田,愛媛県,,,北宇和郡鬼北町内深田,33.267655,132.660403,しまんとグリーンライン,JR四国,1,D,5,駅データ.jp
1180817,1180817,大内,愛媛県,宇和島市,宇和島市,宇和島市三間町古藤田,33.286941,132.642393,しまんとグリーンライン,JR四国,1,D,5,駅データ.jp
1180818,1180818,二名,愛媛県,宇和島市,宇和島市,宇和島市三間町中野中,33.291576,132.629122,しまんとグリーンライン,JR四国,1,D,5,駅データ.jp
1180819,1180819,伊予宮野下,愛媛県,宇和島市,宇和島市,宇和島市三間町宮野下,33.289023,132.605849,しまんとグリーンライン,JR四国,1,D,5,駅データ.jp
1180820,1180820,務田,愛媛県,宇和島市,宇和島市,宇和島市三間町迫目,33.282862,132.600238,しまんとグリーンライン,JR四国,1,D,5,駅データ.jp
1190101,1190101,博多,福岡県,福岡市,福岡市博多区,福岡市博多区博多駅中央街,33.590069,130.420698,JR博多南線|JR鹿児島本線(下関・門司港～博多)|JR鹿児島本線(博多～八代)|福北ゆたか線|福岡市営地下鉄七隈線|福岡市営地下鉄空港線,JR九州|JR西日本|福岡市交通局,6,S,80,駅データ.jp
1190102,1190102,博多南,福岡県,春日市,春日市,春日市上白水柏田,33.517955,130.436997,JR博多南線,JR西日本,1,D,5,駅データ.jp
1190202,1190202,門司港,福岡県,北九州市,北九州市門司区,北九州市門司区西海岸１丁目,33.944889,130.961846,JR日豊本線(門司港～佐伯)|JR鹿児島本線(下関・門司港～博多)|門司港レトロ観光線,JR九州|平成筑豊鉄道,3,C,24,駅データ.jp
1190203,1190203,小森江,福岡県,北九州市,北九州市門司区,北九州市門司区小森江３丁目,33.916352,130.938674,JR日豊本線(門司港～佐伯)|JR鹿児島本線(下関・門司港～博多),JR九州,2,D,15,駅データ.jp
1190205,1190205,小倉,福岡県,北九州市,北九州市小倉北区,北九州市小倉北区浅野１丁目,33.886752,130.882544,JR日田彦山線|JR日豊本線(門司港～佐伯)|JR鹿児島本線(下関・門司港～博多)|北九州モノレール,JR九州|北九州高速鉄道,4,A,60,駅データ.jp
1190206,1190206,西小倉,福岡県,北九州市,北九州市小倉北区,北九州市小倉北区室町３丁目,33.888673,130.873897,JR日田彦山線|JR日豊本線(門司港～佐伯)|JR鹿児島本線(下関・門司港～博多),JR九州,3,C,24,駅データ.jp
1190207,1190207,九州工大前,福岡県,北九州市,北九州市戸畑区,北九州市戸畑区中原西１丁目,33.900396,130.840068,JR鹿児島本線(下関・門司港～博多),JR九州,1,D,5,駅データ.jp
1190208,1190208,戸畑,福岡県,北九州市,北九州市戸畑区,北九州市戸畑区汐井町,33.897018,130.820692,JR鹿児島本線(下関・門司港～博多),JR九州,1,D,5,駅データ.jp
1190209,1190209,枝光,福岡県,北九州市,北九州市八幡東区,北九州市八幡東区枝光２丁目,33.879367,130.813318,JR鹿児島本線(下関・門司港～博多),JR九州,1,D,5,駅データ.jp
1190210,1190210,スペースワールド,福岡県,北九州市,北九州市八幡東区,北九州市八幡東区大字尾倉４００-４,33.871246,130.806197,JR鹿児島本線(下関・門司港～博多),JR九州,1,D,5,駅データ.jp
1190211,1190211,八幡,福岡県,北九州市,北九州市八幡東区,北九州市八幡東区西本町３丁目,33.868913,130.795209,JR鹿児島本線(下関・門司港～博多),JR九州,1,D,5,駅データ.jp
1190212,1190212,黒崎,福岡県,北九州市,北九州市八幡西区,北九州市八幡西区黒崎３丁目,33.866624,130.765832,JR鹿児島本線(下関・門司港～博多)|筑豊電気鉄道線,JR九州|筑豊電気鉄道,2,D,15,駅データ.jp
1190213,1190213,陣原,福岡県,北九州市,北九州市八幡西区,北九州市八幡西区陣原１丁目２番１号,33.868242,130.742656,JR鹿児島本線(下関・門司港～博多),JR九州,1,D,5,駅データ.jp
1190214,1190214,折尾,福岡県,北九州市,北九州市八幡西区,北九州市八幡西区堀川町,33.863629,130.713109,JR鹿児島本線(下関・門司港～博多)|福北ゆたか線(折尾～桂川)|若松線,JR九州,3,C,24,駅データ.jp
1190215,1190215,水巻,福岡県,,,遠賀郡水巻町大字頃末,33.852287,130.694624,JR鹿児島本線(下関・門司港～博多),JR九州,1,D,5,駅データ.jp
1190216,1190216,遠賀川,福岡県,,,遠賀郡遠賀町今古賀,33.846684,130.673485,JR鹿児島本線(下関・門司港～博多),JR九州,1,D,5,駅データ.jp
1190217,1190217,海老津,福岡県,,,遠賀郡岡垣町大字海老津,33.840248,130.62307,JR鹿児島本線(下関・門司港～博多),JR九州,1,D,5,駅データ.jp
1190218,1190218,教育大前,福岡県,宗像市,宗像市,宗像市陵厳寺,33.808215,130.590256,JR鹿児島本線(下関・門司港～博多),JR九州,1,D,5,駅データ.jp
1190219,1190219,赤間,福岡県,宗像市,宗像市,宗像市大字土穴,33.808237,130.569477,JR鹿児島本線(下関・門司港～博多),JR九州,1,D,5,駅データ.jp
1190220,1190220,東郷,福岡県,宗像市,宗像市,宗像市田熊,33.794488,130.528822,JR鹿児島本線(下関・門司港～博多),JR九州,1,D,5,駅データ.jp
1190221,1190221,東福間,福岡県,福津市,福津市,福津市津丸,33.774118,130.511111,JR鹿児島本線(下関・門司港～博多),JR九州,1,D,5,駅データ.jp
1190222,1190222,福間,福岡県,福津市,福津市,福津市中央３丁目,33.763316,130.486088,JR鹿児島本線(下関・門司港～博多),JR九州,1,D,5,駅データ.jp
1190223,1190223,千鳥,福岡県,古賀市,古賀市,古賀市久保,33.749129,130.47632,JR鹿児島本線(下関・門司港～博多),JR九州,1,D,5,駅データ.jp
1190224,1190224,古賀,福岡県,古賀市,古賀市,古賀市後牟田,33.732586,130.466898,JR鹿児島本線(下関・門司港～博多),JR九州,1,D,13,駅データ.jp
1190225,1190225,福工大前,福岡県,福岡市,福岡市東区,福岡市東区和白丘１丁目,33.698813,130.440536,JR鹿児島本線(下関・門司港～博多),JR九州,1,D,5,駅データ.jp
1190226,1190226,九産大前,福岡県,福岡市,福岡市東区,福岡市東区唐原,33.673743,130.441184,JR鹿児島本線(下関・門司港～博多),JR九州,1,D,5,駅データ.jp
1190227,1190227,香椎,福岡県,福岡市,福岡市東区,福岡市東区香椎駅前１丁目,33.659228,130.444063,JR香椎線(香椎～宇美)|JR鹿児島本線(下関・門司港～博多)|海の中道線,JR九州,3,C,24,駅データ.jp
1190228,1190228,千早,福岡県,福岡市,福岡市東区,福岡市東区水谷２丁目８３-１,33.649158,130.440295,JR鹿児島本線(下関・門司港～博多)|西鉄貝塚線,JR九州|西日本鉄道,2,D,15,駅データ.jp
1190229,1190229,箱崎,福岡県,福岡市,福岡市東区,福岡市東区箱崎１丁目,33.618063,130.426549,JR鹿児島本線(下関・門司港～博多),JR九州,1,D,5,駅データ.jp
1190230,1190230,吉塚,福岡県,福岡市,福岡市博多区,福岡市博多区吉塚本町,33.607142,130.423674,JR鹿児島本線(下関・門司港～博多)|福北ゆたか線,JR九州,2,D,15,駅データ.jp
1190232,1190232,ししぶ,福岡県,古賀市,古賀市,福岡県古賀市美明二丁目,33.722223,130.459042,JR鹿児島本線(下関・門司港～博多),JR九州,1,D,5,駅データ.jp
1190233,1190233,新宮中央,福岡県,,,福岡県糟屋郡新宮町上府1323-2,33.711659,130.449163,JR鹿児島本線(下関・門司港～博多),JR九州,1,D,5,駅データ.jp
1190302,1190302,竹下,福岡県,福岡市,福岡市博多区,福岡市博多区竹下４丁目,33.568688,130.431625,JR鹿児島本線(博多～八代),JR九州,1,D,5,駅データ.jp
1190303,1190303,笹原,福岡県,福岡市,福岡市南区,福岡市南区井尻３丁目,33.553612,130.448396,JR鹿児島本線(博多～八代),JR九州,1,D,5,駅データ.jp
1190304,1190304,南福岡,福岡県,福岡市,福岡市博多区,福岡市博多区寿町２丁目,33.542092,130.460447,JR鹿児島本線(博多～八代),JR九州,1,D,5,駅データ.jp
1190305,1190305,春日,福岡県,春日市,春日市,春日市春日原北町,33.534701,130.469308,JR鹿児島本線(博多～八代),JR九州,1,D,13,駅データ.jp
1190306,1190306,大野城,福岡県,大野城市,大野城市,大野城市白木原１丁目,33.524944,130.480063,JR鹿児島本線(博多～八代),JR九州,1,D,13,駅データ.jp
1190307,1190307,水城,福岡県,大野城市,大野城市,大野城市下大利３丁目,33.51779,130.49022,JR鹿児島本線(博多～八代),JR九州,1,D,5,駅データ.jp
1190308,1190308,都府楼南,福岡県,,,太宰府市都府楼南３丁目,33.503153,130.506625,JR鹿児島本線(博多～八代),JR九州,1,D,5,駅データ.jp
1190309,1190309,二日市,福岡県,筑紫野市,筑紫野市,福岡県筑紫野市二日市中央一丁目1-1,33.494515,130.518843,JR鹿児島本線(博多～八代),JR九州,1,D,5,駅データ.jp
1190310,1190310,天拝山,福岡県,筑紫野市,筑紫野市,筑紫野市立明寺,33.481847,130.53024,JR鹿児島本線(博多～八代),JR九州,1,D,5,駅データ.jp
1190311,1190311,原田,福岡県,筑紫野市,筑紫野市,筑紫野市大字原田,33.451769,130.539376,JR鹿児島本線(博多～八代)|原田線,JR九州,2,D,15,駅データ.jp
1190312,1190312,けやき台,佐賀県,,,三養基郡基山町小倉,33.434537,130.533392,JR鹿児島本線(博多～八代),JR九州,1,D,5,駅データ.jp
1190313,1190313,基山,佐賀県,,,三養基郡基山町大字小倉,33.42088,130.532451,JR鹿児島本線(博多～八代)|甘木鉄道甘木線,JR九州|甘木鉄道,2,D,15,駅データ.jp
1190314,1190314,弥生が丘,佐賀県,鳥栖市,鳥栖市,鳥栖市永吉町字来帰り６３３-１,33.401944,130.528514,JR鹿児島本線(博多～八代),JR九州,1,D,5,駅データ.jp
1190315,1190315,田代,佐賀県,鳥栖市,鳥栖市,鳥栖市桜町,33.384007,130.524496,JR鹿児島本線(博多～八代),JR九州,1,D,5,駅データ.jp
1190316,1190316,鳥栖,佐賀県,鳥栖市,鳥栖市,鳥栖市京町,33.373864,130.519374,JR長崎本線(鳥栖～長崎)|JR鹿児島本線(博多～八代),JR九州,2,C,23,駅データ.jp
1190317,1190317,肥前旭,佐賀県,鳥栖市,鳥栖市,鳥栖市儀徳町,33.350237,130.495981,JR鹿児島本線(博多～八代),JR九州,1,D,5,駅データ.jp
1190318,1190318,久留米,福岡県,久留米市,久留米市,久留米市城南町２丁目,33.319778,130.501408,JR鹿児島本線(博多～八代)|ゆふ高原線,JR九州,2,C,23,駅データ.jp
1190319,1190319,荒木,福岡県,久留米市,久留米市,久留米市荒木町白口,33.277149,130.50268,JR鹿児島本線(博多～八代),JR九州,1,D,5,駅データ.jp
1190320,1190320,西牟田,福岡県,筑後市,筑後市,筑後市大字西牟田,33.246243,130.500981,JR鹿児島本線(博多～八代),JR九州,1,D,5,駅データ.jp
1190321,1190321,羽犬塚,福岡県,筑後市,筑後市,筑後市山ノ井諏訪ノ前,33.209822,130.49761,JR鹿児島本線(博多～八代),JR九州,1,D,5,駅データ.jp
1190322,1190322,筑後船小屋,福岡県,筑後市,筑後市,筑後市大字津島,33.178023,130.491604,JR鹿児島本線(博多～八代),JR九州,1,D,13,駅データ.jp
1190323,1190323,瀬高,福岡県,みやま市,みやま市,みやま市瀬高町下庄２３１５,33.157,130.485181,JR鹿児島本線(博多～八代),JR九州,1,D,5,駅データ.jp
1190324,1190324,南瀬高,福岡県,みやま市,みやま市,みやま市瀬高町太神,33.133699,130.471188,JR鹿児島本線(博多～八代),JR九州,1,D,5,駅データ.jp
1190325,1190325,渡瀬,福岡県,みやま市,みやま市,みやま市高田町濃施,33.099622,130.460094,JR鹿児島本線(博多～八代),JR九州,1,D,5,駅データ.jp
1190326,1190326,吉野,福岡県,大牟田市,大牟田市,大牟田市倉永字神屋原,33.075599,130.466459,JR鹿児島本線(博多～八代),JR九州,1,D,5,駅データ.jp
1190327,1190327,銀水,福岡県,大牟田市,大牟田市,大牟田市大字草木,33.054932,130.460944,JR鹿児島本線(博多～八代),JR九州,1,D,5,駅データ.jp
1190328,1190328,大牟田,福岡県,大牟田市,大牟田市,大牟田市不知火町１丁目,33.029727,130.443516,JR鹿児島本線(博多～八代)|西鉄天神大牟田線,JR九州|西日本鉄道,2,C,23,駅データ.jp
1190329,1190329,荒尾,熊本県,荒尾市,荒尾市,荒尾市大字万田,32.994682,130.434717,JR鹿児島本線(博多～八代),JR九州,1,D,13,駅データ.jp
1190330,1190330,南荒尾,熊本県,荒尾市,荒尾市,荒尾市大字増永,32.966029,130.433012,JR鹿児島本線(博多～八代),JR九州,1,D,13,駅データ.jp
1190331,1190331,長洲,熊本県,,,玉名郡長洲町高浜１４７９,32.935205,130.455652,JR鹿児島本線(博多～八代),JR九州,1,D,5,駅データ.jp
1190332,1190332,大野下,熊本県,玉名市,玉名市,玉名市岱明町大野下,32.921737,130.502038,JR鹿児島本線(博多～八代),JR九州,1,D,5,駅データ.jp
1190333,1190333,玉名,熊本県,玉名市,玉名市,玉名市中,32.926021,130.548494,JR鹿児島本線(博多～八代),JR九州,1,D,13,駅データ.jp
1190334,1190334,肥後伊倉,熊本県,玉名市,玉名市,玉名市伊倉北方,32.913233,130.586803,JR鹿児島本線(博多～八代),JR九州,1,D,5,駅データ.jp
1190335,1190335,木葉,熊本県,,,玉名郡玉東町大字木葉,32.916528,130.626441,JR鹿児島本線(博多～八代),JR九州,1,D,5,駅データ.jp
1190336,1190336,田原坂,熊本県,熊本市,熊本市北区,熊本市北区植木町轟1687,32.899416,130.653197,JR鹿児島本線(博多～八代),JR九州,1,D,5,駅データ.jp
1190337,1190337,植木,熊本県,熊本市,熊本市北区,熊本市北区植木町鐙田75,32.880226,130.680834,JR鹿児島本線(博多～八代),JR九州,1,D,5,駅データ.jp
1190338,1190338,西里,熊本県,熊本市,熊本市北区,熊本市北区下硯川町,32.854607,130.700139,JR鹿児島本線(博多～八代),JR九州,1,D,5,駅データ.jp
1190339,1190339,崇城大学前,熊本県,熊本市,熊本市西区,熊本市西区池田四丁目20,32.83102,130.694895,JR鹿児島本線(博多～八代),JR九州,1,D,5,駅データ.jp
1190340,1190340,上熊本,熊本県,熊本市,熊本市西区,熊本市西区上熊本二丁目,32.817687,130.699344,JR鹿児島本線(博多～八代)|熊本市電Ｂ系統|熊本電鉄上熊本線,JR九州|熊本市交通局|熊本電気鉄道,3,C,24,駅データ.jp
1190341,1190341,熊本,熊本県,熊本市,熊本市西区,熊本市西区春日三丁目,32.789499,130.688974,JR鹿児島本線(博多～八代)|三角線（あまくさみすみ線）|熊本市電Ａ系統|豊肥本線,JR九州|熊本市交通局,4,S,80,駅データ.jp
1190342,1190342,川尻,熊本県,熊本市,熊本市南区,熊本市南区川尻二丁目8-1,32.743772,130.679907,JR鹿児島本線(博多～八代)|三角線（あまくさみすみ線）,JR九州,2,D,15,駅データ.jp
1190343,1190343,宇土,熊本県,宇土市,宇土市,宇土市三拾町,32.694237,130.669148,JR鹿児島本線(博多～八代)|三角線（あまくさみすみ線）,JR九州,2,C,23,駅データ.jp
1190344,1190344,松橋,熊本県,宇城市,宇城市,宇城市不知火町御領,32.652324,130.670588,JR鹿児島本線(博多～八代),JR九州,1,D,5,駅データ.jp
1190345,1190345,小川,熊本県,宇城市,宇城市,宇城市小川町川尻,32.600979,130.694339,JR鹿児島本線(博多～八代),JR九州,1,D,5,駅データ.jp
1190346,1190346,有佐,熊本県,八代市,八代市,八代市鏡町下有佐,32.562711,130.670049,JR鹿児島本線(博多～八代),JR九州,1,D,5,駅データ.jp
1190347,1190347,千丁,熊本県,八代市,八代市,八代市千丁町吉王丸,32.532387,130.64556,JR鹿児島本線(博多～八代),JR九州,1,D,5,駅データ.jp
1190348,1190348,新八代,熊本県,八代市,八代市,八代市上日置町字女夫木４７７４-２,32.517888,130.634919,JR鹿児島本線(博多～八代),JR九州,1,D,13,駅データ.jp
1190349,1190349,八代,熊本県,八代市,八代市,八代市萩原町１丁目,32.503805,130.621609,JR鹿児島本線(博多～八代)|えびの高原線(八代～吉松)|肥薩おれんじ鉄道線,JR九州|肥薩おれんじ鉄道,3,C,32,駅データ.jp
1190350,1190350,富合,熊本県,熊本市,熊本市南区,熊本県熊本市南区富合町志々水63-6,32.713658,130.672808,JR鹿児島本線(博多～八代)|三角線（あまくさみすみ線）,JR九州,2,D,15,駅データ.jp
1190351,1190351,西熊本,熊本県,熊本市,熊本市南区,熊本市南区刈草一丁目,32.762639,130.683056,JR鹿児島本線(博多～八代),JR九州,1,D,5,駅データ.jp
1190401,1190401,川内,鹿児島県,薩摩川内市,薩摩川内市,薩摩川内市鳥追町,31.813726,130.31213,JR鹿児島本線(川内～鹿児島)|肥薩おれんじ鉄道線,JR九州|肥薩おれんじ鉄道,2,D,15,駅データ.jp
1190402,1190402,隈之城,鹿児島県,薩摩川内市,薩摩川内市,薩摩川内市隈之城町,31.79255,130.307092,JR鹿児島本線(川内～鹿児島),JR九州,1,D,5,駅データ.jp
1190403,1190403,木場茶屋,鹿児島県,薩摩川内市,薩摩川内市,薩摩川内市木場茶屋町,31.766138,130.308046,JR鹿児島本線(川内～鹿児島),JR九州,1,D,5,駅データ.jp
1190404,1190404,串木野,鹿児島県,いちき串木野市,いちき串木野市,鹿児島県いちき串木野市曙町11760,31.721605,130.274531,JR鹿児島本線(川内～鹿児島),JR九州,1,D,5,駅データ.jp
1190405,1190405,市来,鹿児島県,いちき串木野市,いちき串木野市,いちき串木野市大里,31.68999,130.302727,JR鹿児島本線(川内～鹿児島),JR九州,1,D,5,駅データ.jp
1190406,1190406,湯之元,鹿児島県,日置市,日置市,日置市東市来町湯田,31.673961,130.336753,JR鹿児島本線(川内～鹿児島),JR九州,1,D,5,駅データ.jp
1190407,1190407,東市来,鹿児島県,日置市,日置市,日置市東市来町長里,31.655164,130.347609,JR鹿児島本線(川内～鹿児島),JR九州,1,D,5,駅データ.jp
1190408,1190408,伊集院,鹿児島県,日置市,日置市,日置市伊集院町徳重,31.630148,130.395703,JR鹿児島本線(川内～鹿児島),JR九州,1,D,5,駅データ.jp
1190409,1190409,薩摩松元,鹿児島県,鹿児島市,鹿児島市,鹿児島市上谷口町,31.605318,130.439002,JR鹿児島本線(川内～鹿児島),JR九州,1,D,5,駅データ.jp
1190410,1190410,上伊集院,鹿児島県,鹿児島市,鹿児島市,鹿児島市上谷口町,31.593837,130.459468,JR鹿児島本線(川内～鹿児島),JR九州,1,D,5,駅データ.jp
1190411,1190411,鹿児島中央,鹿児島県,鹿児島市,鹿児島市,鹿児島市中央町,31.583825,130.542267,JR指宿枕崎線|JR日豊本線(佐伯～鹿児島中央)|JR鹿児島本線(川内～鹿児島)|鹿児島市電２系統,JR九州|鹿児島市交通局,4,S,80,駅データ.jp
1190412,1190412,鹿児島,鹿児島県,鹿児島市,鹿児島市,鹿児島市浜町,31.601681,130.563263,JR日豊本線(佐伯～鹿児島中央)|JR鹿児島本線(川内～鹿児島)|鹿児島市電１系統|鹿児島市電２系統,JR九州|鹿児島市交通局,4,B,53,駅データ.jp
1190413,1190413,広木,鹿児島県,鹿児島市,鹿児島市,鹿児島県鹿児島市田上町広木,31.576712,130.504328,JR鹿児島本線(川内～鹿児島),JR九州,1,D,5,駅データ.jp
1190414,1190414,神村学園前,鹿児島県,いちき串木野市,いちき串木野市,鹿児島県いちき串木野市別府4251,31.703731,130.284129,JR鹿児島本線(川内～鹿児島),JR九州,1,D,5,駅データ.jp
1190415,1190415,仙巌園,鹿児島県,鹿児島市,鹿児島市,鹿児島県鹿児島市吉野町9698-5,31.617689,130.577103,JR日豊本線(佐伯～鹿児島中央),JR九州,1,D,5,駅データ.jp
1190502,1190502,肥前麓,佐賀県,鳥栖市,鳥栖市,鳥栖市平田町,33.36578,130.477499,JR長崎本線(鳥栖～長崎),JR九州,1,D,5,駅データ.jp
1190503,1190503,中原,佐賀県,,,三養基郡みやき町原古賀,33.346241,130.440046,JR長崎本線(鳥栖～長崎),JR九州,1,D,5,駅データ.jp
1190504,1190504,吉野ケ里公園,佐賀県,,,佐賀県神埼郡吉野ヶ里町吉田,33.324917,130.399553,JR長崎本線(鳥栖～長崎),JR九州,1,D,5,駅データ.jp
1190505,1190505,神埼,佐賀県,神埼市,神埼市,神埼市神埼町田道ケ里,33.315851,130.374446,JR長崎本線(鳥栖～長崎),JR九州,1,D,13,駅データ.jp
1190506,1190506,伊賀屋,佐賀県,佐賀市,佐賀市,佐賀市兵庫町大字若宮,33.290195,130.336753,JR長崎本線(鳥栖～長崎),JR九州,1,D,5,駅データ.jp
1190507,1190507,佐賀,佐賀県,佐賀市,佐賀市,佐賀市駅前中央１丁目,33.264212,130.297608,JR唐津線|JR長崎本線(鳥栖～長崎),JR九州,2,C,38,駅データ.jp
1190508,1190508,鍋島,佐賀県,佐賀市,佐賀市,佐賀市鍋島町大字八戸溝,33.259062,130.265702,JR唐津線|JR長崎本線(鳥栖～長崎),JR九州,2,D,15,駅データ.jp
1190509,1190509,バルーンさが,佐賀県,佐賀市,佐賀市,佐賀市嘉瀬町荻野字黒木篭,33.257795,130.248942,JR唐津線|JR長崎本線(鳥栖～長崎),JR九州,2,D,15,駅データ.jp
1190510,1190510,久保田,佐賀県,佐賀市,佐賀市,佐賀市久保田町久富,33.255717,130.229594,JR唐津線|JR長崎本線(鳥栖～長崎),JR九州,2,D,15,駅データ.jp
1190511,1190511,牛津,佐賀県,小城市,小城市,小城市牛津町柿樋瀬,33.247859,130.201016,JR長崎本線(鳥栖～長崎),JR九州,1,D,5,駅データ.jp
1190512,1190512,江北,佐賀県,,,杵島郡江北町大字山口,33.21919,130.160858,JR佐世保線|JR長崎本線(鳥栖～長崎),JR九州,2,D,15,駅データ.jp
1190513,1190513,肥前白石,佐賀県,,,杵島郡白石町大字福田,33.186679,130.135952,JR長崎本線(鳥栖～長崎),JR九州,1,D,5,駅データ.jp
1190514,1190514,肥前竜王,佐賀県,,,杵島郡白石町坂田,33.146663,130.12042,JR長崎本線(鳥栖～長崎),JR九州,1,D,5,駅データ.jp
1190515,1190515,肥前鹿島,佐賀県,鹿島市,鹿島市,鹿島市大字高津原,33.114445,130.097805,JR長崎本線(鳥栖～長崎),JR九州,1,D,13,駅データ.jp
1190516,1190516,肥前浜,佐賀県,鹿島市,鹿島市,鹿島市浜町,33.095103,130.117079,JR長崎本線(鳥栖～長崎),JR九州,1,D,5,駅データ.jp
1190517,1190517,肥前七浦,佐賀県,鹿島市,鹿島市,鹿島市大字音成,33.070931,130.145245,JR長崎本線(鳥栖～長崎),JR九州,1,D,5,駅データ.jp
1190518,1190518,肥前飯田,佐賀県,鹿島市,鹿島市,鹿島市大字飯田乙,33.055701,130.158754,JR長崎本線(鳥栖～長崎),JR九州,1,D,5,駅データ.jp
1190519,1190519,多良,佐賀県,,,藤津郡太良町大字多良,33.02524,130.176049,JR長崎本線(鳥栖～長崎),JR九州,1,D,5,駅データ.jp
1190520,1190520,肥前大浦,佐賀県,,,藤津郡太良町大字大浦丙,32.975043,130.207159,JR長崎本線(鳥栖～長崎),JR九州,1,D,5,駅データ.jp
1190521,1190521,小長井,長崎県,諫早市,諫早市,諫早市小長井町小川原浦,32.924075,130.186386,JR長崎本線(鳥栖～長崎),JR九州,1,D,5,駅データ.jp
1190522,1190522,長里,長崎県,諫早市,諫早市,諫早市小長井町打越,32.91526,130.165484,JR長崎本線(鳥栖～長崎),JR九州,1,D,5,駅データ.jp
1190523,1190523,湯江,長崎県,諫早市,諫早市,諫早市高来町三部壱,32.904811,130.140614,JR長崎本線(鳥栖～長崎),JR九州,1,D,5,駅データ.jp
1190524,1190524,小江,長崎県,諫早市,諫早市,諫早市高来町下与,32.891351,130.112282,JR長崎本線(鳥栖～長崎),JR九州,1,D,5,駅データ.jp
1190525,1190525,肥前長田,長崎県,諫早市,諫早市,諫早市長田町,32.861773,130.079971,JR長崎本線(鳥栖～長崎),JR九州,1,D,5,駅データ.jp
1190526,1190526,東諫早,長崎県,諫早市,諫早市,諫早市小豆崎町,32.852823,130.061675,JR長崎本線(鳥栖～長崎),JR九州,1,D,13,駅データ.jp
1190527,1190527,諫早,長崎県,諫早市,諫早市,諫早市永昌町,32.851018,130.041596,JR大村線|JR長崎本線(鳥栖～長崎)|島原鉄道線,JR九州|島原鉄道,3,C,32,駅データ.jp
1190528,1190528,西諫早,長崎県,諫早市,諫早市,諫早市馬渡町,32.839632,130.021269,JR長崎本線(鳥栖～長崎),JR九州,1,D,13,駅データ.jp
1190529,1190529,喜々津,長崎県,諫早市,諫早市,諫早市多良見町化屋,32.832743,129.98627,JR長崎本線(鳥栖～長崎),JR九州,1,D,5,駅データ.jp
1190530,1190530,市布,長崎県,諫早市,諫早市,諫早市多良見町市布,32.818986,129.965831,JR長崎本線(鳥栖～長崎),JR九州,1,D,5,駅データ.jp
1190531,1190531,肥前古賀,長崎県,長崎市,長崎市,長崎市松原町,32.798463,129.951571,JR長崎本線(鳥栖～長崎),JR九州,1,D,5,駅データ.jp
1190532,1190532,現川,長崎県,長崎市,長崎市,長崎市現川町,32.79118,129.926453,JR長崎本線(鳥栖～長崎),JR九州,1,D,5,駅データ.jp
1190533,1190533,東園,長崎県,諫早市,諫早市,諫早市多良見町東園,32.847091,129.962591,JR長崎本線(鳥栖～長崎),JR九州,1,D,5,駅データ.jp
1190534,1190534,大草,長崎県,諫早市,諫早市,諫早市多良見町元釜,32.860232,129.938972,JR長崎本線(鳥栖～長崎),JR九州,1,D,5,駅データ.jp
1190535,1190535,本川内,長崎県,,,西彼杵郡長与町本川内郷,32.831792,129.899916,JR長崎本線(鳥栖～長崎),JR九州,1,D,5,駅データ.jp
1190536,1190536,長与,長崎県,,,西彼杵郡長与町吉無田郷,32.818981,129.879434,JR長崎本線(鳥栖～長崎),JR九州,1,D,5,駅データ.jp
1190537,1190537,高田,長崎県,,,西彼杵郡長与町高田郷,32.819475,129.869457,JR長崎本線(鳥栖～長崎),JR九州,1,D,5,駅データ.jp
1190538,1190538,道ノ尾,長崎県,長崎市,長崎市,長崎市葉山町,32.804329,129.852997,JR長崎本線(鳥栖～長崎),JR九州,1,D,5,駅データ.jp
1190539,1190539,西浦上,長崎県,長崎市,長崎市,長崎市音無町,32.790502,129.860198,JR長崎本線(鳥栖～長崎)|長崎電軌１系統|長崎電軌３系統,JR九州|長崎電気軌道,3,C,24,駅データ.jp
1190540,1190540,浦上,長崎県,長崎市,長崎市,長崎市川口町,32.765576,129.863882,JR長崎本線(鳥栖～長崎)|長崎電軌１系統|長崎電軌３系統,JR九州|長崎電気軌道,3,C,24,駅データ.jp
1190541,1190541,長崎,長崎県,長崎市,長崎市,長崎県長崎市尾上町1-89,32.752503,129.870935,JR長崎本線(鳥栖～長崎)|長崎電軌１系統|長崎電軌３系統,JR九州|長崎電気軌道,3,A,60,駅データ.jp
1190542,1190542,新鳥栖,佐賀県,鳥栖市,鳥栖市,佐賀県鳥栖市原古賀町字一本松220-2,33.370278,130.491111,JR長崎本線(鳥栖～長崎),JR九州,1,D,13,駅データ.jp
1190606,1190606,南小倉,福岡県,北九州市,北九州市小倉北区,北九州市小倉北区木町３丁目,33.869972,130.864895,JR日田彦山線|JR日豊本線(門司港～佐伯),JR九州,2,D,15,駅データ.jp
1190607,1190607,城野,福岡県,北九州市,北九州市小倉南区,北九州市小倉南区城野一丁目6-1,33.858202,130.886242,JR日田彦山線|JR日豊本線(門司港～佐伯),JR九州,2,D,15,駅データ.jp
1190608,1190608,安部山公園,福岡県,北九州市,北九州市小倉南区,北九州市小倉南区湯川新町４丁目,33.844078,130.904498,JR日豊本線(門司港～佐伯),JR九州,1,D,5,駅データ.jp
1190609,1190609,下曽根,福岡県,北九州市,北九州市小倉南区,北九州市小倉南区下曽根１丁目,33.832522,130.934829,JR日豊本線(門司港～佐伯),JR九州,1,D,5,駅データ.jp
1190610,1190610,朽網,福岡県,北九州市,北九州市小倉南区,北九州市小倉南区井無田,33.807384,130.955025,JR日豊本線(門司港～佐伯),JR九州,1,D,5,駅データ.jp
1190611,1190611,苅田,福岡県,,,京都郡苅田町神田町１丁目,33.784462,130.979016,JR日豊本線(門司港～佐伯),JR九州,1,D,5,駅データ.jp
1190612,1190612,小波瀬西工大前,福岡県,,,京都郡苅田町新津,33.752992,130.97197,JR日豊本線(門司港～佐伯),JR九州,1,D,5,駅データ.jp
1190613,1190613,行橋,福岡県,行橋市,行橋市,行橋市西宮市２丁目,33.72835,130.970313,JR日豊本線(門司港～佐伯)|田川線,JR九州|平成筑豊鉄道,2,C,23,駅データ.jp
1190614,1190614,南行橋,福岡県,行橋市,行橋市,行橋市泉中央２丁目,33.716332,130.981118,JR日豊本線(門司港～佐伯),JR九州,1,D,13,駅データ.jp
1190615,1190615,新田原,福岡県,行橋市,行橋市,行橋市大字道場寺,33.695152,131.008316,JR日豊本線(門司港～佐伯),JR九州,1,D,5,駅データ.jp
1190616,1190616,築城,福岡県,,,築上郡築上町東築城,33.673119,131.038069,JR日豊本線(門司港～佐伯),JR九州,1,D,5,駅データ.jp
1190617,1190617,椎田,福岡県,,,築上郡築上町椎田,33.653377,131.057965,JR日豊本線(門司港～佐伯),JR九州,1,D,5,駅データ.jp
1190618,1190618,豊前松江,福岡県,豊前市,豊前市,豊前市大字松江,33.622487,131.095421,JR日豊本線(門司港～佐伯),JR九州,1,D,13,駅データ.jp
1190619,1190619,宇島,福岡県,豊前市,豊前市,豊前市大字八屋,33.62131,131.126354,JR日豊本線(門司港～佐伯),JR九州,1,D,5,駅データ.jp
1190620,1190620,三毛門,福岡県,豊前市,豊前市,豊前市大字三毛門,33.614597,131.15653,JR日豊本線(門司港～佐伯),JR九州,1,D,5,駅データ.jp
1190621,1190621,吉富,福岡県,,,築上郡吉富町大字広津,33.604465,131.174012,JR日豊本線(門司港～佐伯),JR九州,1,D,5,駅データ.jp
1190622,1190622,中津,大分県,中津市,中津市,中津市大字島田,33.599202,131.190769,JR日豊本線(門司港～佐伯),JR九州,1,D,13,駅データ.jp
1190623,1190623,東中津,大分県,中津市,中津市,中津市大字是則,33.58788,131.238664,JR日豊本線(門司港～佐伯),JR九州,1,D,13,駅データ.jp
1190624,1190624,今津,大分県,中津市,中津市,中津市大字今津,33.571929,131.267462,JR日豊本線(門司港～佐伯),JR九州,1,D,5,駅データ.jp
1190625,1190625,天津,大分県,宇佐市,宇佐市,宇佐市大字下敷田,33.564678,131.292962,JR日豊本線(門司港～佐伯),JR九州,1,D,5,駅データ.jp
1190626,1190626,豊前善光寺,大分県,宇佐市,宇佐市,宇佐市大字東高家,33.566479,131.322776,JR日豊本線(門司港～佐伯),JR九州,1,D,5,駅データ.jp
1190627,1190627,柳ケ浦,大分県,宇佐市,宇佐市,大分県宇佐市大字江須賀,33.564982,131.362665,JR日豊本線(門司港～佐伯),JR九州,1,D,5,駅データ.jp
1190628,1190628,豊前長洲,大分県,宇佐市,宇佐市,宇佐市大字長洲,33.56465,131.383264,JR日豊本線(門司港～佐伯),JR九州,1,D,5,駅データ.jp
1190629,1190629,宇佐,大分県,宇佐市,宇佐市,宇佐市大字岩崎,33.531373,131.41231,JR日豊本線(門司港～佐伯),JR九州,1,D,13,駅データ.jp
1190630,1190630,西屋敷,大分県,宇佐市,宇佐市,宇佐市大字西屋敷,33.504332,131.429433,JR日豊本線(門司港～佐伯),JR九州,1,D,5,駅データ.jp
1190631,1190631,立石,大分県,杵築市,杵築市,杵築市山香町立石,33.481829,131.476993,JR日豊本線(門司港～佐伯),JR九州,1,D,5,駅データ.jp
1190632,1190632,中山香,大分県,杵築市,杵築市,杵築市山香町野原,33.448636,131.505721,JR日豊本線(門司港～佐伯),JR九州,1,D,5,駅データ.jp
1190633,1190633,杵築,大分県,杵築市,杵築市,杵築市大字八坂野添,33.411081,131.575295,JR日豊本線(門司港～佐伯),JR九州,1,D,13,駅データ.jp
1190634,1190634,大神,大分県,,,速見郡日出町大字大神,33.383576,131.57524,JR日豊本線(門司港～佐伯),JR九州,1,D,5,駅データ.jp
1190635,1190635,日出,大分県,,,速見郡日出町川崎字則次,33.368921,131.543036,JR日豊本線(門司港～佐伯),JR九州,1,D,5,駅データ.jp
1190636,1190636,暘谷,大分県,,,速見郡日出町大字川崎字佐尾,33.370112,131.530581,JR日豊本線(門司港～佐伯),JR九州,1,D,5,駅データ.jp
1190637,1190637,豊後豊岡,大分県,,,速見郡日出町大字豊岡,33.361923,131.50137,JR日豊本線(門司港～佐伯),JR九州,1,D,5,駅データ.jp
1190638,1190638,亀川,大分県,別府市,別府市,別府市亀川浜田町,33.330688,131.493019,JR日豊本線(門司港～佐伯),JR九州,1,D,5,駅データ.jp
1190639,1190639,別府大学,大分県,別府市,別府市,別府市上人ケ浜町,33.31327,131.499255,JR日豊本線(門司港～佐伯),JR九州,1,D,13,駅データ.jp
1190640,1190640,別府,大分県,別府市,別府市,別府市駅前町,33.279665,131.500319,JR日豊本線(門司港～佐伯),JR九州,1,D,13,駅データ.jp
1190641,1190641,東別府,大分県,別府市,別府市,別府市大字浜脇,33.267753,131.510537,JR日豊本線(門司港～佐伯),JR九州,1,D,13,駅データ.jp
1190642,1190642,西大分,大分県,大分市,大分市,大分市大字生石,33.245184,131.582758,JR日豊本線(門司港～佐伯),JR九州,1,D,13,駅データ.jp
1190643,1190643,大分,大分県,大分市,大分市,大分市要町,33.232794,131.606595,JR日豊本線(門司港～佐伯)|ゆふ高原線|豊肥本線,JR九州,3,A,60,駅データ.jp
1190644,1190644,牧,大分県,大分市,大分市,大分市大字牧,33.237006,131.637828,JR日豊本線(門司港～佐伯),JR九州,1,D,5,駅データ.jp
1190645,1190645,高城,大分県,大分市,大分市,大分市高城新町,33.242837,131.655746,JR日豊本線(門司港～佐伯),JR九州,1,D,5,駅データ.jp
1190646,1190646,鶴崎,大分県,大分市,大分市,大分市大字鶴崎,33.242852,131.686899,JR日豊本線(門司港～佐伯),JR九州,1,D,5,駅データ.jp
1190647,1190647,大在,大分県,大分市,大分市,大分市大字政所,33.243938,131.720487,JR日豊本線(門司港～佐伯),JR九州,1,D,5,駅データ.jp
1190648,1190648,坂ノ市,大分県,大分市,大分市,大分市大字坂ノ市,33.236715,131.751593,JR日豊本線(門司港～佐伯),JR九州,1,D,5,駅データ.jp
1190649,1190649,幸崎,大分県,大分市,大分市,大分市本神崎,33.233844,131.795095,JR日豊本線(門司港～佐伯),JR九州,1,D,5,駅データ.jp
1190650,1190650,佐志生,大分県,臼杵市,臼杵市,臼杵市大字佐志生,33.174957,131.817688,JR日豊本線(門司港～佐伯),JR九州,1,D,5,駅データ.jp
1190651,1190651,下ノ江,大分県,臼杵市,臼杵市,臼杵市大字田井,33.158653,131.811159,JR日豊本線(門司港～佐伯),JR九州,1,D,5,駅データ.jp
1190652,1190652,熊崎,大分県,臼杵市,臼杵市,臼杵市大字井村,33.135768,131.787632,JR日豊本線(門司港～佐伯),JR九州,1,D,5,駅データ.jp
1190653,1190653,上臼杵,大分県,臼杵市,臼杵市,臼杵市大字福良,33.112499,131.793015,JR日豊本線(門司港～佐伯),JR九州,1,D,13,駅データ.jp
1190654,1190654,臼杵,大分県,臼杵市,臼杵市,臼杵市大字海添,33.118496,131.807574,JR日豊本線(門司港～佐伯),JR九州,1,D,13,駅データ.jp
1190655,1190655,津久見,大分県,津久見市,津久見市,津久見市中央町,33.072853,131.863696,JR日豊本線(門司港～佐伯),JR九州,1,D,13,駅データ.jp
1190656,1190656,日代,大分県,津久見市,津久見市,津久見市大字網代,33.066024,131.918735,JR日豊本線(門司港～佐伯),JR九州,1,D,5,駅データ.jp
1190657,1190657,浅海井,大分県,佐伯市,佐伯市,佐伯市上浦大字浅海井浦,33.043539,131.919236,JR日豊本線(門司港～佐伯),JR九州,1,D,5,駅データ.jp
1190658,1190658,狩生,大分県,佐伯市,佐伯市,佐伯市大字狩生,33.015334,131.904908,JR日豊本線(門司港～佐伯),JR九州,1,D,5,駅データ.jp
1190659,1190659,海崎,大分県,佐伯市,佐伯市,佐伯市大字海崎,32.996041,131.88796,JR日豊本線(門司港～佐伯),JR九州,1,D,5,駅データ.jp
1190660,1190660,佐伯,大分県,佐伯市,佐伯市,佐伯市駅前２丁目,32.972521,131.901857,JR日豊本線(佐伯～鹿児島中央)|JR日豊本線(門司港～佐伯),JR九州,2,C,23,駅データ.jp
1190702,1190702,上岡,大分県,佐伯市,佐伯市上岡区,佐伯市上岡区上岡,32.956302,131.8616,JR日豊本線(佐伯～鹿児島中央),JR九州,1,D,5,駅データ.jp
1190703,1190703,直見,大分県,佐伯市,佐伯市,佐伯市直川大字下直見,32.928396,131.807899,JR日豊本線(佐伯～鹿児島中央),JR九州,1,D,5,駅データ.jp
1190704,1190704,直川,大分県,佐伯市,佐伯市,佐伯市直川大字上直見,32.898667,131.779529,JR日豊本線(佐伯～鹿児島中央),JR九州,1,D,5,駅データ.jp
1190705,1190705,重岡,大分県,佐伯市,佐伯市,佐伯市宇目大字大平,32.840339,131.715499,JR日豊本線(佐伯～鹿児島中央),JR九州,1,D,5,駅データ.jp
1190706,1190706,宗太郎,大分県,佐伯市,佐伯市,佐伯市宇目大字重岡,32.78628,131.706735,JR日豊本線(佐伯～鹿児島中央),JR九州,1,D,5,駅データ.jp
1190707,1190707,市棚,宮崎県,延岡市,延岡市,延岡市北川町川内名,32.728336,131.710255,JR日豊本線(佐伯～鹿児島中央),JR九州,1,D,5,駅データ.jp
1190708,1190708,北川,宮崎県,延岡市,延岡市,延岡市北川町川内名,32.690558,131.697691,JR日豊本線(佐伯～鹿児島中央),JR九州,1,D,5,駅データ.jp
1190709,1190709,日向長井,宮崎県,延岡市,延岡市,延岡市北川町長井,32.664325,131.700156,JR日豊本線(佐伯～鹿児島中央),JR九州,1,D,5,駅データ.jp
1190710,1190710,北延岡,宮崎県,延岡市,延岡市,延岡市差木野町,32.630276,131.689869,JR日豊本線(佐伯～鹿児島中央),JR九州,1,D,13,駅データ.jp
1190711,1190711,延岡,宮崎県,延岡市,延岡市,延岡市幸町３丁目,32.589944,131.672442,JR日豊本線(佐伯～鹿児島中央),JR九州,1,D,13,駅データ.jp
1190712,1190712,南延岡,宮崎県,延岡市,延岡市,延岡市構口町１丁目,32.559272,131.676829,JR日豊本線(佐伯～鹿児島中央),JR九州,1,D,13,駅データ.jp
1190713,1190713,旭ケ丘,宮崎県,延岡市,延岡市,宮崎県延岡市旭ヶ丘6丁目,32.52812,131.681386,JR日豊本線(佐伯～鹿児島中央),JR九州,1,D,5,駅データ.jp
1190714,1190714,土々呂,宮崎県,延岡市,延岡市,延岡市土々呂町５丁目,32.507832,131.675009,JR日豊本線(佐伯～鹿児島中央),JR九州,1,D,5,駅データ.jp
1190715,1190715,門川,宮崎県,,,東臼杵郡門川町大字東栄町２丁目,32.477381,131.653972,JR日豊本線(佐伯～鹿児島中央),JR九州,1,D,5,駅データ.jp
1190716,1190716,日向市,宮崎県,日向市,日向市,日向市上町１丁目,32.4258,131.62784,JR日豊本線(佐伯～鹿児島中央),JR九州,1,D,13,駅データ.jp
1190717,1190717,財光寺,宮崎県,日向市,日向市,日向市大字財光寺字沖ノ下,32.405654,131.627602,JR日豊本線(佐伯～鹿児島中央),JR九州,1,D,5,駅データ.jp
1190718,1190718,南日向,宮崎県,日向市,日向市,日向市大字平岩,32.369867,131.627784,JR日豊本線(佐伯～鹿児島中央),JR九州,1,D,13,駅データ.jp
1190719,1190719,美々津,宮崎県,日向市,日向市,日向市美々津町,32.325892,131.602279,JR日豊本線(佐伯～鹿児島中央),JR九州,1,D,5,駅データ.jp
1190720,1190720,東都農,宮崎県,,,児湯郡都農町大字川北,32.290109,131.582054,JR日豊本線(佐伯～鹿児島中央),JR九州,1,D,5,駅データ.jp
1190721,1190721,都農,宮崎県,,,児湯郡都農町大字川北,32.251085,131.568429,JR日豊本線(佐伯～鹿児島中央),JR九州,1,D,5,駅データ.jp
1190722,1190722,川南,宮崎県,,,児湯郡川南町大字平田,32.192224,131.553321,JR日豊本線(佐伯～鹿児島中央),JR九州,1,D,5,駅データ.jp
1190723,1190723,高鍋,宮崎県,,,児湯郡高鍋町大字蚊口浦,32.122866,131.533927,JR日豊本線(佐伯～鹿児島中央),JR九州,1,D,5,駅データ.jp
1190724,1190724,日向新富,宮崎県,,,児湯郡新富町大字三納代,32.072479,131.501627,JR日豊本線(佐伯～鹿児島中央),JR九州,1,D,5,駅データ.jp
1190725,1190725,佐土原,宮崎県,宮崎市,宮崎市,宮崎市佐土原町下田島,32.022412,131.477504,JR日豊本線(佐伯～鹿児島中央),JR九州,1,D,5,駅データ.jp
1190726,1190726,日向住吉,宮崎県,宮崎市,宮崎市,宮崎市大字島之内,31.991244,131.457986,JR日豊本線(佐伯～鹿児島中央),JR九州,1,D,5,駅データ.jp
1190727,1190727,蓮ケ池,宮崎県,宮崎市,宮崎市,宮崎県宮崎市村角町,31.960113,131.442802,JR日豊本線(佐伯～鹿児島中央),JR九州,1,D,5,駅データ.jp
1190728,1190728,宮崎神宮,宮崎県,宮崎市,宮崎市,宮崎市神宮３,31.938067,131.430223,JR日豊本線(佐伯～鹿児島中央),JR九州,1,D,13,駅データ.jp
1190729,1190729,宮崎,宮崎県,宮崎市,宮崎市,宮崎市錦町,31.915742,131.431975,JR宮崎空港線|JR日南線|JR日豊本線(佐伯～鹿児島中央),JR九州,3,A,60,駅データ.jp
1190730,1190730,南宮崎,宮崎県,宮崎市,宮崎市,宮崎市東大淀２丁目,31.895097,131.422329,JR宮崎空港線|JR日南線|JR日豊本線(佐伯～鹿児島中央),JR九州,3,C,32,駅データ.jp
1190731,1190731,加納,宮崎県,宮崎市,宮崎市,宮崎県宮崎市清武町加納乙4-3,31.876084,131.406246,JR日豊本線(佐伯～鹿児島中央),JR九州,1,D,5,駅データ.jp
1190732,1190732,清武,宮崎県,宮崎市,宮崎市,宮崎県宮崎市清武町船引484,31.859418,131.38931,JR日豊本線(佐伯～鹿児島中央),JR九州,1,D,5,駅データ.jp
1190733,1190733,日向沓掛,宮崎県,宮崎市,宮崎市,宮崎県宮崎市清武町今泉3512,31.842241,131.344763,JR日豊本線(佐伯～鹿児島中央),JR九州,1,D,5,駅データ.jp
1190734,1190734,田野,宮崎県,宮崎市,宮崎市,宮崎市田野町甲,31.838438,131.304255,JR日豊本線(佐伯～鹿児島中央),JR九州,1,D,5,駅データ.jp
1190735,1190735,青井岳,宮崎県,都城市,都城市,都城市山之口町山之口（その他）,31.827922,131.218153,JR日豊本線(佐伯～鹿児島中央),JR九州,1,D,5,駅データ.jp
1190736,1190736,山之口,宮崎県,都城市,都城市,都城市山之口町花木,31.782582,131.152735,JR日豊本線(佐伯～鹿児島中央),JR九州,1,D,5,駅データ.jp
1190737,1190737,餅原,宮崎県,,,北諸県郡三股町大字餅原,31.757094,131.132508,JR日豊本線(佐伯～鹿児島中央),JR九州,1,D,5,駅データ.jp
1190738,1190738,三股,宮崎県,,,北諸県郡三股町大字樺山,31.733794,131.119384,JR日豊本線(佐伯～鹿児島中央),JR九州,1,D,5,駅データ.jp
1190739,1190739,都城,宮崎県,都城市,都城市,都城市栄町,31.73657,131.073992,JR日豊本線(佐伯～鹿児島中央)|えびの高原線,JR九州,2,C,23,駅データ.jp
1190740,1190740,西都城,宮崎県,都城市,都城市,都城市松元町,31.723381,131.057027,JR日豊本線(佐伯～鹿児島中央),JR九州,1,D,13,駅データ.jp
1190741,1190741,五十市,宮崎県,都城市,都城市,都城市久保原町,31.718448,131.033833,JR日豊本線(佐伯～鹿児島中央),JR九州,1,D,5,駅データ.jp
1190742,1190742,財部,鹿児島県,曽於市,曽於市,曽於市財部町北俣,31.728796,130.991374,JR日豊本線(佐伯～鹿児島中央),JR九州,1,D,5,駅データ.jp
1190743,1190743,北俣,鹿児島県,曽於市,曽於市,曽於市財部町北俣,31.745007,130.960034,JR日豊本線(佐伯～鹿児島中央),JR九州,1,D,5,駅データ.jp
1190744,1190744,大隅大川原,鹿児島県,曽於市,曽於市,曽於市財部町下財部,31.772767,130.924355,JR日豊本線(佐伯～鹿児島中央),JR九州,1,D,5,駅データ.jp
1190745,1190745,北永野田,鹿児島県,霧島市,霧島市,霧島市霧島永水,31.782118,130.87444,JR日豊本線(佐伯～鹿児島中央),JR九州,1,D,5,駅データ.jp
1190746,1190746,霧島神宮,鹿児島県,霧島市,霧島市,霧島市霧島大窪,31.818181,130.836939,JR日豊本線(佐伯～鹿児島中央),JR九州,1,D,13,駅データ.jp
1190747,1190747,国分,鹿児島県,霧島市,霧島市,霧島市国分府中,31.743657,130.763447,JR日豊本線(佐伯～鹿児島中央),JR九州,1,D,5,駅データ.jp
1190748,1190748,隼人,鹿児島県,霧島市,霧島市,霧島市隼人町見次,31.743893,130.740316,JR日豊本線(佐伯～鹿児島中央)|JR肥薩線(吉松～隼人),JR九州,2,D,15,駅データ.jp
1190749,1190749,加治木,鹿児島県,姶良市,姶良市,鹿児島県姶良市加治木町反土903,31.739271,130.670752,JR日豊本線(佐伯～鹿児島中央),JR九州,1,D,5,駅データ.jp
1190750,1190750,錦江,鹿児島県,姶良市,姶良市,鹿児島県姶良市加治木町新生町83,31.73691,130.6533,JR日豊本線(佐伯～鹿児島中央),JR九州,1,D,5,駅データ.jp
1190751,1190751,帖佐,鹿児島県,姶良市,姶良市,鹿児島県姶良市東餅田2575,31.72697,130.632716,JR日豊本線(佐伯～鹿児島中央),JR九州,1,D,5,駅データ.jp
1190752,1190752,姶良,鹿児島県,姶良市,姶良市,鹿児島県姶良市西餅田3546-1,31.715246,130.623259,JR日豊本線(佐伯～鹿児島中央),JR九州,1,D,13,駅データ.jp
1190753,1190753,重富,鹿児島県,姶良市,姶良市,鹿児島県姶良市脇元3001,31.702717,130.61408,JR日豊本線(佐伯～鹿児島中央),JR九州,1,D,5,駅データ.jp
1190754,1190754,竜ケ水,鹿児島県,鹿児島市,鹿児島市,鹿児島県鹿児島市吉野町10252,31.64743,130.604239,JR日豊本線(佐伯～鹿児島中央),JR九州,1,D,5,駅データ.jp
1190801,1190801,桂川,福岡県,,,嘉穂郡桂川町大字豆田,33.584705,130.662752,原田線|福北ゆたか線|福北ゆたか線(折尾～桂川),JR九州,3,C,24,駅データ.jp
1190802,1190802,筑前大分,福岡県,飯塚市,飯塚市,飯塚市大分,33.590006,130.630196,福北ゆたか線,JR九州,1,D,5,駅データ.jp
1190803,1190803,九郎原,福岡県,飯塚市,飯塚市,飯塚市内住,33.592492,130.612439,福北ゆたか線,JR九州,1,D,5,駅データ.jp
1190804,1190804,城戸南蔵院前,福岡県,,,糟屋郡篠栗町大字篠栗,33.61826,130.572076,福北ゆたか線,JR九州,1,D,5,駅データ.jp
1190805,1190805,筑前山手,福岡県,,,糟屋郡篠栗町大字篠栗,33.622251,130.55693,福北ゆたか線,JR九州,1,D,5,駅データ.jp
1190806,1190806,篠栗,福岡県,,,糟屋郡篠栗町大字篠栗,33.624045,130.524515,福北ゆたか線,JR九州,1,D,5,駅データ.jp
1190807,1190807,門松,福岡県,,,糟屋郡粕屋町大隈,33.620531,130.496529,福北ゆたか線,JR九州,1,D,5,駅データ.jp
1190808,1190808,長者原,福岡県,,,糟屋郡粕屋町仲原,33.613567,130.477848,JR香椎線(香椎～宇美)|福北ゆたか線,JR九州,2,D,15,駅データ.jp
1190809,1190809,原町,福岡県,,,糟屋郡粕屋町大字原町,33.611748,130.470949,福北ゆたか線,JR九州,1,D,5,駅データ.jp
1190810,1190810,柚須,福岡県,,,糟屋郡粕屋町柚須,33.613206,130.445031,福北ゆたか線,JR九州,1,D,5,駅データ.jp
1190901,1190901,姪浜,福岡県,福岡市,福岡市西区,福岡市西区姪の浜４丁目,33.583764,130.32521,JR筑肥線(姪浜～西唐津)|福岡市営地下鉄空港線,JR九州|福岡市交通局,2,D,15,駅データ.jp
1190902,1190902,下山門,福岡県,福岡市,福岡市西区,福岡市西区大字下山門４丁目,33.58193,130.308217,JR筑肥線(姪浜～西唐津),JR九州,1,D,5,駅データ.jp
1190903,1190903,今宿,福岡県,福岡市,福岡市西区,福岡市西区今宿駅前１丁目,33.579449,130.273531,JR筑肥線(姪浜～西唐津),JR九州,1,D,5,駅データ.jp
1190904,1190904,九大学研都市,福岡県,福岡市,福岡市西区,福岡市西区徳永,33.578178,130.259832,JR筑肥線(姪浜～西唐津),JR九州,1,D,5,駅データ.jp
1190905,1190905,周船寺,福岡県,福岡市,福岡市西区,福岡市西区大字周船寺１丁目,33.570762,130.245766,JR筑肥線(姪浜～西唐津),JR九州,1,D,5,駅データ.jp
1190906,1190906,波多江,福岡県,糸島市,糸島市,福岡県糸島市波多江駅北四丁目3-13,33.563876,130.226374,JR筑肥線(姪浜～西唐津),JR九州,1,D,5,駅データ.jp
1190907,1190907,筑前前原,福岡県,糸島市,糸島市,福岡県糸島市前原中央一丁目1-15,33.557018,130.199332,JR筑肥線(姪浜～西唐津),JR九州,1,D,5,駅データ.jp
1190908,1190908,美咲が丘,福岡県,糸島市,糸島市,福岡県糸島市荻浦482-10,33.549624,130.185039,JR筑肥線(姪浜～西唐津),JR九州,1,D,5,駅データ.jp
1190909,1190909,加布里,福岡県,糸島市,糸島市,福岡県糸島市神在505-16,33.54381,130.176738,JR筑肥線(姪浜～西唐津),JR九州,1,D,5,駅データ.jp
1190910,1190910,一貴山,福岡県,糸島市,糸島市,福岡県糸島市二丈田中130-3,33.534294,130.168236,JR筑肥線(姪浜～西唐津),JR九州,1,D,5,駅データ.jp
1190911,1190911,筑前深江,福岡県,糸島市,糸島市,福岡県糸島市二丈深江1055,33.515099,130.139303,JR筑肥線(姪浜～西唐津),JR九州,1,D,5,駅データ.jp
1190912,1190912,大入,福岡県,糸島市,糸島市,福岡県糸島市二丈福井,33.50891,130.105576,JR筑肥線(姪浜～西唐津),JR九州,1,D,5,駅データ.jp
1190913,1190913,福吉,福岡県,糸島市,糸島市,福岡県糸島市二丈吉井4086-2,33.50166,130.079832,JR筑肥線(姪浜～西唐津),JR九州,1,D,5,駅データ.jp
1190914,1190914,鹿家,福岡県,糸島市,糸島市,福岡県糸島市二丈鹿家1799,33.484391,130.047904,JR筑肥線(姪浜～西唐津),JR九州,1,D,5,駅データ.jp
1190915,1190915,浜崎,佐賀県,唐津市,唐津市,唐津市浜玉町浜崎,33.446871,130.037369,JR筑肥線(姪浜～西唐津),JR九州,1,D,5,駅データ.jp
1190916,1190916,虹ノ松原,佐賀県,唐津市,唐津市,唐津市鏡虹町,33.441035,130.016271,JR筑肥線(姪浜～西唐津),JR九州,1,D,5,駅データ.jp
1190917,1190917,東唐津,佐賀県,唐津市,唐津市,唐津市松南町,33.439409,129.996876,JR筑肥線(姪浜～西唐津),JR九州,1,D,13,駅データ.jp
1190918,1190918,和多田,佐賀県,唐津市,唐津市,唐津市和多田,33.437048,129.980616,JR筑肥線(姪浜～西唐津),JR九州,1,D,5,駅データ.jp
1190919,1190919,唐津,佐賀県,唐津市,唐津市,唐津市新興町西新興町,33.446038,129.96835,JR唐津線|JR筑肥線(姪浜～西唐津)|JR筑肥線(西唐津～伊万里),JR九州,3,C,32,駅データ.jp
1190920,1190920,西唐津,佐賀県,唐津市,唐津市,唐津市二タ子２丁目,33.46142,129.957748,JR唐津線|JR筑肥線(姪浜～西唐津)|JR筑肥線(西唐津～伊万里),JR九州,3,C,32,駅データ.jp
1190921,1190921,糸島高校前,福岡県,糸島市,糸島市,糸島市浦志一丁目,33.560222,130.211917,JR筑肥線(姪浜～西唐津),JR九州,1,D,13,駅データ.jp
1191001,1191001,若松,福岡県,北九州市,北九州市若松区,北九州市若松区白山１丁目,33.901179,130.806307,若松線,JR九州,1,D,5,駅データ.jp
1191002,1191002,藤ノ木,福岡県,北九州市,北九州市若松区,北九州市若松区赤島町,33.893426,130.781838,若松線,JR九州,1,D,5,駅データ.jp
1191003,1191003,奥洞海,福岡県,北九州市,北九州市若松区,北九州市若松区赤岩町９-１,33.889165,130.76492,若松線,JR九州,1,D,5,駅データ.jp
1191004,1191004,二島,福岡県,北九州市,北九州市若松区,北九州市若松区大字二島,33.889687,130.748413,若松線,JR九州,1,D,5,駅データ.jp
1191005,1191005,本城,福岡県,北九州市,北九州市八幡西区,北九州市八幡西区力丸町２５番１４号,33.875135,130.722899,若松線,JR九州,1,D,5,駅データ.jp
1191102,1191102,東水巻,福岡県,,,遠賀郡水巻町吉田,33.840852,130.70826,福北ゆたか線(折尾～桂川),JR九州,1,D,5,駅データ.jp
1191103,1191103,中間,福岡県,中間市,中間市,中間市大字中間,33.828132,130.709302,福北ゆたか線(折尾～桂川),JR九州,1,D,13,駅データ.jp
1191104,1191104,筑前垣生,福岡県,中間市,中間市,中間市大字垣生,33.818385,130.702269,福北ゆたか線(折尾～桂川),JR九州,1,D,5,駅データ.jp
1191105,1191105,鞍手,福岡県,,,鞍手郡鞍手町小牧,33.797699,130.699412,福北ゆたか線(折尾～桂川),JR九州,1,D,5,駅データ.jp
1191106,1191106,筑前植木,福岡県,直方市,直方市,直方市植木字平牟田,33.777174,130.70795,福北ゆたか線(折尾～桂川),JR九州,1,D,5,駅データ.jp
1191107,1191107,新入,福岡県,直方市,直方市,直方市新入,33.763498,130.714152,福北ゆたか線(折尾～桂川),JR九州,1,D,5,駅データ.jp
1191108,1191108,直方,福岡県,直方市,直方市,直方市大字山部,33.74805,130.724677,伊田線|福北ゆたか線(折尾～桂川),JR九州|平成筑豊鉄道,2,C,23,駅データ.jp
1191109,1191109,勝野,福岡県,,,鞍手郡小竹町赤地字兵丹,33.728338,130.715893,福北ゆたか線(折尾～桂川),JR九州,1,D,5,駅データ.jp
1191110,1191110,小竹,福岡県,,,鞍手郡小竹町大字勝野,33.697227,130.710338,福北ゆたか線(折尾～桂川),JR九州,1,D,5,駅データ.jp
1191111,1191111,鯰田,福岡県,飯塚市,飯塚市,飯塚市鯰田本町,33.669341,130.703163,福北ゆたか線(折尾～桂川),JR九州,1,D,5,駅データ.jp
1191112,1191112,浦田,福岡県,飯塚市,飯塚市,飯塚市鯰田,33.655801,130.699277,福北ゆたか線(折尾～桂川),JR九州,1,D,5,駅データ.jp
1191113,1191113,新飯塚,福岡県,飯塚市,飯塚市,飯塚市大字立岩,33.644261,130.694278,JR後藤寺線|福北ゆたか線(折尾～桂川),JR九州,2,C,23,駅データ.jp
1191114,1191114,飯塚,福岡県,飯塚市,飯塚市,飯塚市菰田西１丁目,33.628487,130.689545,福北ゆたか線(折尾～桂川),JR九州,1,D,13,駅データ.jp
1191115,1191115,天道,福岡県,飯塚市,飯塚市,飯塚市天道,33.605342,130.67787,福北ゆたか線(折尾～桂川),JR九州,1,D,5,駅データ.jp
1191202,1191202,上穂波,福岡県,飯塚市,飯塚市,飯塚市阿恵,33.566909,130.645151,原田線,JR九州,1,D,5,駅データ.jp
1191203,1191203,筑前内野,福岡県,飯塚市,飯塚市,飯塚市内野,33.539967,130.63793,原田線,JR九州,1,D,5,駅データ.jp
1191204,1191204,筑前山家,福岡県,筑紫野市,筑紫野市,筑紫野市大字山家,33.477472,130.574185,原田線,JR九州,1,D,5,駅データ.jp
1191302,1191302,南久留米,福岡県,久留米市,久留米市,久留米市野中町,33.302857,130.532204,ゆふ高原線,JR九州,1,D,13,駅データ.jp
1191303,1191303,久留米大学前,福岡県,久留米市,久留米市,久留米市御井朝妻１丁目１３８７-１,33.310843,130.548876,ゆふ高原線,JR九州,1,D,13,駅データ.jp
1191304,1191304,御井,福岡県,久留米市,久留米市,久留米市御井町,33.312813,130.562361,ゆふ高原線,JR九州,1,D,5,駅データ.jp
1191305,1191305,善導寺,福岡県,久留米市,久留米市,久留米市善導寺町大字飯田,33.320141,130.608851,ゆふ高原線,JR九州,1,D,5,駅データ.jp
1191306,1191306,筑後草野,福岡県,久留米市,久留米市,久留米市草野町紅桃林,33.321988,130.642143,ゆふ高原線,JR九州,1,D,5,駅データ.jp
1191307,1191307,田主丸,福岡県,久留米市,久留米市,久留米市田主丸町田主丸,33.338871,130.692353,ゆふ高原線,JR九州,1,D,5,駅データ.jp
1191308,1191308,筑後吉井,福岡県,うきは市,うきは市,うきは市吉井町１９９,33.341014,130.752193,ゆふ高原線,JR九州,1,D,5,駅データ.jp
1191309,1191309,うきは,福岡県,うきは市,うきは市,うきは市浮羽町朝田,33.33506,130.789107,ゆふ高原線,JR九州,1,D,13,駅データ.jp
1191310,1191310,筑後大石,福岡県,うきは市,うきは市,うきは市浮羽町高見,33.347215,130.816899,ゆふ高原線,JR九州,1,D,5,駅データ.jp
1191311,1191311,夜明,大分県,日田市,日田市,日田市夜明中町,33.319541,130.866195,ゆふ高原線,JR九州,1,D,5,駅データ.jp
1191312,1191312,光岡,大分県,日田市,日田市,日田市北友田町１丁目,33.327668,130.919901,ゆふ高原線,JR九州,1,D,5,駅データ.jp
1191313,1191313,日田,大分県,日田市,日田市,日田市元町,33.317014,130.938786,ゆふ高原線,JR九州,1,D,13,駅データ.jp
1191314,1191314,豊後三芳,大分県,日田市,日田市,日田市日高町,33.305796,130.951557,ゆふ高原線,JR九州,1,D,5,駅データ.jp
1191315,1191315,豊後中川,大分県,日田市,日田市,日田市天瀬町合田,33.284482,131.005834,ゆふ高原線,JR九州,1,D,5,駅データ.jp
1191316,1191316,天ケ瀬,大分県,日田市,日田市,大分県日田市天瀬町桜竹,33.254747,131.023877,ゆふ高原線,JR九州,1,D,5,駅データ.jp
1191317,1191317,杉河内,大分県,日田市,日田市,日田市天瀬町赤岩,33.264391,131.065535,ゆふ高原線,JR九州,1,D,5,駅データ.jp
1191318,1191318,北山田,大分県,,,玖珠郡玖珠町大字戸畑,33.282004,131.100917,ゆふ高原線,JR九州,1,D,5,駅データ.jp
1191319,1191319,豊後森,大分県,,,玖珠郡玖珠町大字帆足,33.282954,131.155202,ゆふ高原線,JR九州,1,D,5,駅データ.jp
1191320,1191320,恵良,大分県,,,玖珠郡九重町大字右田,33.255224,131.174566,ゆふ高原線,JR九州,1,D,5,駅データ.jp
1191321,1191321,引治,大分県,,,玖珠郡九重町大字町田,33.229188,131.183589,ゆふ高原線,JR九州,1,D,5,駅データ.jp
1191322,1191322,豊後中村,大分県,,,玖珠郡九重町大字右田,33.226016,131.207548,ゆふ高原線,JR九州,1,D,5,駅データ.jp
1191323,1191323,野矢,大分県,,,玖珠郡九重町大字野上,33.240391,131.25186,ゆふ高原線,JR九州,1,D,5,駅データ.jp
1191324,1191324,由布院,大分県,由布市,由布市,由布市湯布院町川北,33.262551,131.355024,ゆふ高原線,JR九州,1,D,13,駅データ.jp
1191325,1191325,南由布,大分県,由布市,由布市,由布市湯布院町中川,33.242116,131.333544,ゆふ高原線,JR九州,1,D,13,駅データ.jp
1191326,1191326,湯平,大分県,由布市,由布市,由布市湯布院町下湯平,33.197339,131.354395,ゆふ高原線,JR九州,1,D,5,駅データ.jp
1191327,1191327,庄内,大分県,由布市,由布市,由布市庄内町庄内原,33.185126,131.402063,ゆふ高原線,JR九州,1,D,5,駅データ.jp
1191328,1191328,天神山,大分県,由布市,由布市,由布市庄内町西長宝,33.187154,131.438821,ゆふ高原線,JR九州,1,D,5,駅データ.jp
1191329,1191329,小野屋,大分県,由布市,由布市,由布市庄内町東長宝,33.185258,131.452546,ゆふ高原線,JR九州,1,D,5,駅データ.jp
1191330,1191330,鬼瀬,大分県,由布市,由布市,由布市挾間町鬼瀬,33.195721,131.485586,ゆふ高原線,JR九州,1,D,5,駅データ.jp
1191331,1191331,向之原,大分県,由布市,由布市,由布市挾間町向原,33.196625,131.514075,ゆふ高原線,JR九州,1,D,5,駅データ.jp
1191332,1191332,豊後国分,大分県,大分市,大分市,大分市国分,33.195065,131.551219,ゆふ高原線,JR九州,1,D,5,駅データ.jp
1191333,1191333,賀来,大分県,大分市,大分市,大分市大字賀来,33.213091,131.562455,ゆふ高原線,JR九州,1,D,5,駅データ.jp
1191334,1191334,南大分,大分県,大分市,大分市,大分市永興,33.214276,131.585913,ゆふ高原線,JR九州,1,D,13,駅データ.jp
1191335,1191335,古国府,大分県,大分市,大分市,大分市古国府,33.220707,131.608306,ゆふ高原線,JR九州,1,D,5,駅データ.jp
1191337,1191337,久留米高校前,福岡県,久留米市,久留米市,福岡県久留米市西町,33.298431,130.517109,ゆふ高原線,JR九州,1,D,13,駅データ.jp
1191405,1191405,石田,福岡県,北九州市,北九州市小倉南区,北九州市小倉南区上石田,33.831985,130.888847,JR日田彦山線,JR九州,1,D,5,駅データ.jp
1191406,1191406,志井公園,福岡県,北九州市,北九州市小倉南区,北九州市小倉南区企救丘２丁目,33.818636,130.879793,JR日田彦山線,JR九州,1,D,5,駅データ.jp
1191407,1191407,志井,福岡県,北九州市,北九州市小倉南区,北九州市小倉南区大字志井,33.803569,130.874596,JR日田彦山線,JR九州,1,D,5,駅データ.jp
1191408,1191408,石原町,福岡県,北九州市,北九州市小倉南区,北九州市小倉南区大字新道寺,33.784959,130.865972,JR日田彦山線,JR九州,1,D,5,駅データ.jp
1191409,1191409,呼野,福岡県,北九州市,北九州市小倉南区,北九州市小倉南区大字呼野,33.754949,130.861796,JR日田彦山線,JR九州,1,D,5,駅データ.jp
1191410,1191410,採銅所,福岡県,,,田川郡香春町大字採銅所,33.707489,130.853151,JR日田彦山線,JR九州,1,D,5,駅データ.jp
1191411,1191411,香春,福岡県,,,田川郡香春町大字高野,33.666003,130.846972,JR日田彦山線,JR九州,1,D,5,駅データ.jp
1191412,1191412,一本松,福岡県,,,田川郡香春町中津原１８０５-２,33.65607,130.835781,JR日田彦山線,JR九州,1,D,5,駅データ.jp
1191413,1191413,田川伊田,福岡県,田川市,田川市,田川市伊田,33.642046,130.817688,JR日田彦山線|伊田線|田川線,JR九州|平成筑豊鉄道,3,C,32,駅データ.jp
1191414,1191414,田川後藤寺,福岡県,田川市,田川市,田川市奈良,33.630294,130.800232,JR後藤寺線|JR日田彦山線|糸田線,JR九州|平成筑豊鉄道,3,C,32,駅データ.jp
1191415,1191415,池尻,福岡県,,,田川郡川崎町大字池尻,33.613121,130.805704,JR日田彦山線,JR九州,1,D,5,駅データ.jp
1191416,1191416,豊前川崎,福岡県,,,田川郡川崎町大字川崎,33.596782,130.821989,JR日田彦山線,JR九州,1,D,5,駅データ.jp
1191417,1191417,西添田,福岡県,,,田川郡添田町大字庄,33.57344,130.847124,JR日田彦山線,JR九州,1,D,5,駅データ.jp
1191418,1191418,添田,福岡県,,,田川郡添田町大字添田,33.567352,130.856454,JR日田彦山線,JR九州,1,D,5,駅データ.jp
1191502,1191502,上三緒,福岡県,飯塚市,飯塚市,飯塚市大字上三緒,33.622254,130.713824,JR後藤寺線,JR九州,1,D,5,駅データ.jp
1191503,1191503,下鴨生,福岡県,嘉麻市,嘉麻市,嘉麻市鴨生,33.614811,130.728209,JR後藤寺線,JR九州,1,D,5,駅データ.jp
1191504,1191504,筑前庄内,福岡県,飯塚市,飯塚市,飯塚市赤坂,33.61635,130.738475,JR後藤寺線,JR九州,1,D,5,駅データ.jp
1191505,1191505,船尾,福岡県,田川市,田川市,田川市大字弓削田,33.630221,130.767387,JR後藤寺線,JR九州,1,D,5,駅データ.jp
1191601,1191601,西戸崎,福岡県,福岡市,福岡市東区,福岡市東区西戸崎１丁目,33.650139,130.35777,海の中道線,JR九州,1,D,5,駅データ.jp
1191602,1191602,海ノ中道,福岡県,福岡市,福岡市東区,福岡市東区西戸崎,33.664241,130.361633,海の中道線,JR九州,1,D,5,駅データ.jp
1191603,1191603,雁ノ巣,福岡県,福岡市,福岡市東区,福岡市東区奈多,33.683872,130.403312,海の中道線,JR九州,1,D,5,駅データ.jp
1191604,1191604,奈多,福岡県,福岡市,福岡市東区,福岡市東区奈多,33.68646,130.411983,海の中道線,JR九州,1,D,5,駅データ.jp
1191605,1191605,和白,福岡県,福岡市,福岡市東区,福岡市東区和白３丁目,33.688814,130.429839,海の中道線|西鉄貝塚線,JR九州|西日本鉄道,2,D,15,駅データ.jp
1191702,1191702,香椎神宮,福岡県,福岡市,福岡市東区,福岡市東区香椎５丁目,33.649544,130.45271,JR香椎線(香椎～宇美),JR九州,1,D,5,駅データ.jp
1191703,1191703,舞松原,福岡県,福岡市,福岡市東区,福岡市東区舞松原６丁目,33.645386,130.455141,JR香椎線(香椎～宇美),JR九州,1,D,5,駅データ.jp
1191704,1191704,土井,福岡県,福岡市,福岡市東区,福岡市東区土井３丁目,33.634968,130.466068,JR香椎線(香椎～宇美),JR九州,1,D,5,駅データ.jp
1191705,1191705,伊賀,福岡県,,,糟屋郡粕屋町長者原西一丁目20,33.620806,130.473575,JR香椎線(香椎～宇美),JR九州,1,D,5,駅データ.jp
1191707,1191707,酒殿,福岡県,,,糟屋郡粕屋町大字酒殿,33.602652,130.486348,JR香椎線(香椎～宇美),JR九州,1,D,5,駅データ.jp
1191708,1191708,須恵,福岡県,,,福岡県糟屋郡須恵町大字植木587-8,33.596803,130.498077,JR香椎線(香椎～宇美),JR九州,1,D,5,駅データ.jp
1191709,1191709,須恵中央,福岡県,,,福岡県糟屋郡須恵町大字須恵806,33.587296,130.505146,JR香椎線(香椎～宇美),JR九州,1,D,5,駅データ.jp
1191710,1191710,新原,福岡県,,,福岡県糟屋郡須恵町大字新原249-1,33.579061,130.508835,JR香椎線(香椎～宇美),JR九州,1,D,5,駅データ.jp
1191711,1191711,宇美,福岡県,,,糟屋郡宇美町大字宇美,33.569251,130.513426,JR香椎線(香椎～宇美),JR九州,1,D,5,駅データ.jp
1191802,1191802,大町,佐賀県,,,杵島郡大町町大字福母,33.212462,130.106398,JR佐世保線,JR九州,1,D,5,駅データ.jp
1191803,1191803,北方,佐賀県,武雄市,武雄市,武雄市北方町志久,33.21625,130.083206,JR佐世保線,JR九州,1,D,5,駅データ.jp
1191804,1191804,高橋,佐賀県,武雄市,武雄市,武雄市朝日町大字甘久,33.2081,130.042315,JR佐世保線,JR九州,1,D,5,駅データ.jp
1191805,1191805,武雄温泉,佐賀県,武雄市,武雄市,佐賀県武雄市武雄町大字富岡8260,33.196151,130.022322,JR佐世保線,JR九州,1,D,13,駅データ.jp
1191806,1191806,永尾,佐賀県,武雄市,武雄市,武雄市山内町犬走,33.193439,129.980476,JR佐世保線,JR九州,1,D,5,駅データ.jp
1191807,1191807,三間坂,佐賀県,武雄市,武雄市,武雄市山内町三間坂島巡甲,33.194722,129.947798,JR佐世保線,JR九州,1,D,5,駅データ.jp
1191808,1191808,上有田,佐賀県,,,西松浦郡有田町中樽,33.190286,129.905404,JR佐世保線,JR九州,1,D,5,駅データ.jp
1191809,1191809,有田,佐賀県,,,西松浦郡有田町中部本町,33.183779,129.881787,JR佐世保線|西九州線(有田～伊万里),JR九州|松浦鉄道,2,D,15,駅データ.jp
1191810,1191810,三河内,長崎県,佐世保市,佐世保市,佐世保市三川内本町,33.150268,129.82919,JR佐世保線,JR九州,1,D,5,駅データ.jp
1191811,1191811,早岐,長崎県,佐世保市,佐世保市,佐世保市早岐１丁目,33.134155,129.79929,JR佐世保線|JR大村線,JR九州,2,D,15,駅データ.jp
1191812,1191812,大塔,長崎県,佐世保市,佐世保市,佐世保市大塔町,33.14917,129.782014,JR佐世保線,JR九州,1,D,5,駅データ.jp
1191813,1191813,日宇,長崎県,佐世保市,佐世保市,佐世保市日宇町,33.157418,129.758276,JR佐世保線,JR九州,1,D,5,駅データ.jp
1191814,1191814,佐世保,長崎県,佐世保市,佐世保市,佐世保市白南風町,33.163868,129.725667,JR佐世保線|西九州線(伊万里～佐世保),JR九州|松浦鉄道,2,C,23,駅データ.jp
1192003,1192003,鬼塚,佐賀県,唐津市,唐津市,唐津市鬼塚,33.421166,129.987138,JR唐津線|JR筑肥線(西唐津～伊万里),JR九州,2,D,15,駅データ.jp
1192004,1192004,山本,佐賀県,唐津市,唐津市,唐津市山本,33.393472,129.981122,JR唐津線|JR筑肥線(西唐津～伊万里),JR九州,2,D,15,駅データ.jp
1192005,1192005,肥前久保,佐賀県,唐津市,唐津市,唐津市相知町久保,33.355738,130.000104,JR筑肥線(西唐津～伊万里),JR九州,1,D,5,駅データ.jp
1192006,1192006,西相知,佐賀県,唐津市,唐津市,唐津市相知町佐里,33.347686,129.99053,JR筑肥線(西唐津～伊万里),JR九州,1,D,5,駅データ.jp
1192007,1192007,佐里,佐賀県,唐津市,唐津市,唐津市相知町佐里,33.337476,129.978545,JR筑肥線(西唐津～伊万里),JR九州,1,D,5,駅データ.jp
1192008,1192008,駒鳴,佐賀県,伊万里市,伊万里市,伊万里市大川町駒鳴,33.319455,129.972469,JR筑肥線(西唐津～伊万里),JR九州,1,D,5,駅データ.jp
1192009,1192009,大川野,佐賀県,伊万里市,伊万里市,伊万里市大川町大川野,33.307298,129.976724,JR筑肥線(西唐津～伊万里),JR九州,1,D,5,駅データ.jp
1192010,1192010,肥前長野,佐賀県,伊万里市,伊万里市,伊万里市大川町長野,33.29571,129.971033,JR筑肥線(西唐津～伊万里),JR九州,1,D,5,駅データ.jp
1192011,1192011,桃川,佐賀県,伊万里市,伊万里市,伊万里市松浦町桃川,33.271809,129.956683,JR筑肥線(西唐津～伊万里),JR九州,1,D,5,駅データ.jp
1192012,1192012,金石原,佐賀県,伊万里市,伊万里市,伊万里市松浦町山形,33.265354,129.935012,JR筑肥線(西唐津～伊万里),JR九州,1,D,5,駅データ.jp
1192013,1192013,上伊万里,佐賀県,伊万里市,伊万里市,伊万里市大坪町丙,33.270066,129.892515,JR筑肥線(西唐津～伊万里),JR九州,1,D,13,駅データ.jp
1192014,1192014,伊万里,佐賀県,伊万里市,伊万里市,伊万里市新天町,33.271859,129.876469,JR筑肥線(西唐津～伊万里)|西九州線(伊万里～佐世保)|西九州線(有田～伊万里),JR九州|松浦鉄道,3,C,32,駅データ.jp
1192105,1192105,小城,佐賀県,小城市,小城市,小城市三日月町久米,33.285749,130.198679,JR唐津線,JR九州,1,D,13,駅データ.jp
1192106,1192106,東多久,佐賀県,多久市,多久市,多久市東多久町大字別府,33.285418,130.143188,JR唐津線,JR九州,1,D,13,駅データ.jp
1192107,1192107,中多久,佐賀県,多久市,多久市,多久市南多久町大字長尾,33.28336,130.112308,JR唐津線,JR九州,1,D,13,駅データ.jp
1192108,1192108,多久,佐賀県,多久市,多久市,多久市北多久町大字小侍,33.28838,130.096195,JR唐津線,JR九州,1,D,13,駅データ.jp
1192109,1192109,厳木,佐賀県,唐津市,唐津市,唐津市厳木町厳木,33.323451,130.060148,JR唐津線,JR九州,1,D,5,駅データ.jp
1192110,1192110,岩屋,佐賀県,唐津市,唐津市,唐津市厳木町本山,33.330775,130.038436,JR唐津線,JR九州,1,D,5,駅データ.jp
1192111,1192111,相知,佐賀県,唐津市,唐津市,唐津市相知町相知,33.347012,130.019337,JR唐津線,JR九州,1,D,5,駅データ.jp
1192112,1192112,本牟田部,佐賀県,唐津市,唐津市,唐津市相知町牟田部,33.372266,129.996529,JR唐津線,JR九州,1,D,5,駅データ.jp
1192202,1192202,ハウステンボス,長崎県,佐世保市,佐世保市,佐世保市南風崎町,33.091923,129.796458,JR大村線,JR九州,1,D,5,駅データ.jp
1192203,1192203,南風崎,長崎県,佐世保市,佐世保市,佐世保市南風崎町小島郷,33.086984,129.80111,JR大村線,JR九州,1,D,5,駅データ.jp
1192204,1192204,小串郷,長崎県,,,東彼杵郡川棚町小串郷,33.063779,129.834347,JR大村線,JR九州,1,D,5,駅データ.jp
1192205,1192205,川棚,長崎県,,,東彼杵郡川棚町百津郷,33.068368,129.864112,JR大村線,JR九州,1,D,5,駅データ.jp
1192206,1192206,彼杵,長崎県,,,東彼杵郡東彼杵町蔵本郷,33.039875,129.914541,JR大村線,JR九州,1,D,5,駅データ.jp
1192207,1192207,千綿,長崎県,,,東彼杵郡東彼杵町平似田郷,33.013107,129.945573,JR大村線,JR九州,1,D,5,駅データ.jp
1192208,1192208,松原,長崎県,大村市,大村市,大村市松原本町,32.97738,129.94619,JR大村線,JR九州,1,D,5,駅データ.jp
1192209,1192209,竹松,長崎県,大村市,大村市,大村市竹松本町,32.939959,129.953035,JR大村線,JR九州,1,D,5,駅データ.jp
1192210,1192210,諏訪,長崎県,大村市,大村市,大村市諏訪,32.923627,129.960277,JR大村線,JR九州,1,D,5,駅データ.jp
1192211,1192211,大村,長崎県,大村市,大村市,大村市東本町,32.911439,129.962238,JR大村線,JR九州,1,D,13,駅データ.jp
1192212,1192212,岩松,長崎県,大村市,大村市,大村市岩松町郷,32.890513,129.981218,JR大村線,JR九州,1,D,5,駅データ.jp
1192214,1192214,大村車両基地,長崎県,大村市,大村市,長崎県大村市宮小路三丁目1058-1,32.955222,129.944528,JR大村線,JR九州,1,D,13,駅データ.jp
1192215,1192215,新大村,長崎県,大村市,大村市,長崎県大村市植松三丁目115番地3,32.932778,129.956944,JR大村線,JR九州,1,D,13,駅データ.jp
1192302,1192302,平成,熊本県,熊本市,熊本市中央区,熊本市中央区平成二丁目,32.781569,130.703539,豊肥本線,JR九州,1,D,5,駅データ.jp
1192303,1192303,南熊本,熊本県,熊本市,熊本市中央区,熊本市中央区南熊本三丁目14,32.785159,130.711577,豊肥本線,JR九州,1,D,5,駅データ.jp
1192304,1192304,新水前寺,熊本県,熊本市,熊本市中央区,熊本市中央区白山二丁目3,32.793465,130.72668,熊本市電Ａ系統|熊本市電Ｂ系統|豊肥本線,JR九州|熊本市交通局,3,C,24,駅データ.jp
1192305,1192305,水前寺,熊本県,熊本市,熊本市中央区,熊本市中央区水前寺1丁目4-1,32.796962,130.729823,豊肥本線,JR九州,1,D,5,駅データ.jp
1192306,1192306,東海学園前,熊本県,熊本市,熊本市東区,熊本市東区渡鹿九丁目1-1-1,32.811267,130.742684,豊肥本線,JR九州,1,D,5,駅データ.jp
1192307,1192307,竜田口,熊本県,熊本市,熊本市北区,熊本市北区黒髪七丁目,32.820455,130.746933,豊肥本線,JR九州,1,D,5,駅データ.jp
1192308,1192308,武蔵塚,熊本県,熊本市,熊本市北区,熊本市北区龍田町弓削,32.850008,130.77024,豊肥本線,JR九州,1,D,5,駅データ.jp
1192309,1192309,光の森,熊本県,熊本市,熊本市北区,熊本市北区武蔵ケ丘九丁目1643-69,32.857834,130.786722,豊肥本線,JR九州,1,D,5,駅データ.jp
1192310,1192310,三里木,熊本県,,,菊池郡菊陽町津久礼,32.861634,130.796321,豊肥本線,JR九州,1,D,5,駅データ.jp
1192311,1192311,原水,熊本県,,,菊池郡菊陽町原水字馬場,32.870625,130.829029,豊肥本線,JR九州,1,D,5,駅データ.jp
1192312,1192312,肥後大津,熊本県,,,菊池郡大津町室,32.877512,130.866218,豊肥本線,JR九州,1,D,5,駅データ.jp
1192313,1192313,瀬田,熊本県,,,菊池郡大津町大林,32.872567,130.914044,豊肥本線,JR九州,1,D,5,駅データ.jp
1192314,1192314,立野,熊本県,,,阿蘇郡南阿蘇村立野,32.87757,130.965403,豊肥本線|高森線,JR九州|南阿蘇鉄道,2,D,15,駅データ.jp
1192315,1192315,赤水,熊本県,阿蘇市,阿蘇市,阿蘇市赤水,32.913261,130.9929,豊肥本線,JR九州,1,D,5,駅データ.jp
1192316,1192316,市ノ川,熊本県,阿蘇市,阿蘇市,阿蘇市的石,32.928048,131.00759,豊肥本線,JR九州,1,D,5,駅データ.jp
1192317,1192317,内牧,熊本県,阿蘇市,阿蘇市,阿蘇市乙姫,32.942136,131.043648,豊肥本線,JR九州,1,D,5,駅データ.jp
1192318,1192318,阿蘇,熊本県,阿蘇市,阿蘇市,阿蘇市黒川,32.937393,131.079959,豊肥本線,JR九州,1,D,13,駅データ.jp
1192319,1192319,いこいの村,熊本県,阿蘇市,阿蘇市,阿蘇市蔵原,32.93659,131.094666,豊肥本線,JR九州,1,D,5,駅データ.jp
1192320,1192320,宮地,熊本県,阿蘇市,阿蘇市,阿蘇市一の宮町宮地,32.937305,131.117476,豊肥本線,JR九州,1,D,5,駅データ.jp
1192321,1192321,波野,熊本県,阿蘇市,阿蘇市,阿蘇市波野大字波野,32.938562,131.195298,豊肥本線,JR九州,1,D,5,駅データ.jp
1192322,1192322,滝水,熊本県,阿蘇市,阿蘇市,阿蘇市波野大字滝水,32.933342,131.24263,豊肥本線,JR九州,1,D,5,駅データ.jp
1192323,1192323,豊後荻,大分県,竹田市,竹田市,竹田市荻町馬場,32.926889,131.297657,豊肥本線,JR九州,1,D,5,駅データ.jp
1192324,1192324,玉来,大分県,竹田市,竹田市,竹田市大字吉田,32.947847,131.376369,豊肥本線,JR九州,1,D,5,駅データ.jp
1192325,1192325,豊後竹田,大分県,竹田市,竹田市,竹田市大字会々字下木,32.970906,131.389814,豊肥本線,JR九州,1,D,13,駅データ.jp
1192326,1192326,朝地,大分県,豊後大野市,豊後大野市,豊後大野市朝地町坪泉,33.004356,131.432305,豊肥本線,JR九州,1,D,5,駅データ.jp
1192327,1192327,緒方,大分県,豊後大野市,豊後大野市,豊後大野市緒方町馬場,32.971255,131.476678,豊肥本線,JR九州,1,D,5,駅データ.jp
1192328,1192328,豊後清川,大分県,豊後大野市,豊後大野市,豊後大野市清川町雨堤,32.972974,131.523558,豊肥本線,JR九州,1,D,5,駅データ.jp
1192329,1192329,三重町,大分県,豊後大野市,豊後大野市,豊後大野市三重町赤嶺,32.983616,131.584389,豊肥本線,JR九州,1,D,5,駅データ.jp
1192330,1192330,菅尾,大分県,豊後大野市,豊後大野市,豊後大野市三重町菅生,33.014328,131.616716,豊肥本線,JR九州,1,D,5,駅データ.jp
1192331,1192331,犬飼,大分県,豊後大野市,豊後大野市,豊後大野市犬飼町下津尾,33.078158,131.63667,豊肥本線,JR九州,1,D,5,駅データ.jp
1192332,1192332,竹中,大分県,大分市,大分市,大分市大字端登,33.121529,131.649557,豊肥本線,JR九州,1,D,5,駅データ.jp
1192333,1192333,中判田,大分県,大分市,大分市,大分市中判田,33.164564,131.638735,豊肥本線,JR九州,1,D,5,駅データ.jp
1192334,1192334,大分大学前,大分県,大分市,大分市,大分市大字旦野原７００番地,33.177131,131.618742,豊肥本線,JR九州,1,D,13,駅データ.jp
1192335,1192335,敷戸,大分県,大分市,大分市,大分市鴛野１０１０,33.18811,131.615128,豊肥本線,JR九州,1,D,5,駅データ.jp
1192336,1192336,滝尾,大分県,大分市,大分市,大分市大字津守,33.209495,131.62311,豊肥本線,JR九州,1,D,5,駅データ.jp
1192404,1192404,緑川,熊本県,宇土市,宇土市,宇土市野鶴町岩崎,32.694006,130.631339,三角線（あまくさみすみ線）,JR九州,1,D,5,駅データ.jp
1192405,1192405,住吉,熊本県,宇土市,宇土市,宇土市住吉町,32.702066,130.597963,三角線（あまくさみすみ線）,JR九州,1,D,5,駅データ.jp
1192406,1192406,肥後長浜,熊本県,宇土市,宇土市,宇土市長浜町,32.690694,130.560302,三角線（あまくさみすみ線）,JR九州,1,D,5,駅データ.jp
1192407,1192407,網田,熊本県,宇土市,宇土市,宇土市下網田町,32.667493,130.547004,三角線（あまくさみすみ線）,JR九州,1,D,5,駅データ.jp
1192408,1192408,赤瀬,熊本県,宇土市,宇土市,宇土市赤瀬町,32.653252,130.510167,三角線（あまくさみすみ線）,JR九州,1,D,5,駅データ.jp
1192409,1192409,石打ダム,熊本県,宇城市,宇城市,宇城市三角町中村,32.642653,130.507013,三角線（あまくさみすみ線）,JR九州,1,D,5,駅データ.jp
1192410,1192410,波多浦,熊本県,宇城市,宇城市,宇城市三角町波多,32.615524,130.488117,三角線（あまくさみすみ線）,JR九州,1,D,5,駅データ.jp
1192411,1192411,三角,熊本県,宇城市,宇城市,宇城市三角町三角浦,32.607616,130.469872,三角線（あまくさみすみ線）,JR九州,1,D,5,駅データ.jp
1192502,1192502,段,熊本県,八代市,八代市,八代市坂本町西部,32.468101,130.645736,えびの高原線(八代～吉松),JR九州,1,D,5,駅データ.jp
1192503,1192503,坂本,熊本県,八代市,八代市,八代市坂本町坂本,32.435149,130.657898,えびの高原線(八代～吉松),JR九州,1,D,5,駅データ.jp
1192504,1192504,葉木,熊本県,八代市,八代市,八代市坂本町葉木,32.410293,130.645444,えびの高原線(八代～吉松),JR九州,1,D,5,駅データ.jp
1192505,1192505,鎌瀬,熊本県,八代市,八代市,八代市坂本町鎌瀬,32.391092,130.65458,えびの高原線(八代～吉松),JR九州,1,D,5,駅データ.jp
1192506,1192506,瀬戸石,熊本県,八代市,八代市,八代市坂本町川嶽,32.371474,130.646004,えびの高原線(八代～吉松),JR九州,1,D,5,駅データ.jp
1192507,1192507,海路,熊本県,,,葦北郡芦北町海路,32.349407,130.61928,えびの高原線(八代～吉松),JR九州,1,D,5,駅データ.jp
1192508,1192508,吉尾,熊本県,,,葦北郡芦北町上蔀,32.330958,130.600352,えびの高原線(八代～吉松),JR九州,1,D,5,駅データ.jp
1192509,1192509,白石,熊本県,,,葦北郡芦北町白石,32.305694,130.608328,えびの高原線(八代～吉松),JR九州,1,D,5,駅データ.jp
1192510,1192510,球泉洞,熊本県,,,球磨郡球磨村大坂間,32.267817,130.608191,えびの高原線(八代～吉松),JR九州,1,D,5,駅データ.jp
1192511,1192511,一勝地,熊本県,,,球磨郡球磨村大字一勝地,32.250231,130.652399,えびの高原線(八代～吉松),JR九州,1,D,5,駅データ.jp
1192512,1192512,那良口,熊本県,,,球磨郡球磨村大字三ケ浦,32.243732,130.667479,えびの高原線(八代～吉松),JR九州,1,D,5,駅データ.jp
1192513,1192513,渡,熊本県,,,球磨郡球磨村渡島田入枝,32.236631,130.694801,えびの高原線(八代～吉松),JR九州,1,D,5,駅データ.jp
1192514,1192514,西人吉,熊本県,人吉市,人吉市,人吉市下原田町,32.22841,130.725707,えびの高原線(八代～吉松),JR九州,1,D,13,駅データ.jp
1192515,1192515,人吉,熊本県,人吉市,人吉市,人吉市中青井町,32.216142,130.753797,えびの高原線(八代～吉松)|湯前線,JR九州|くま川鉄道,2,C,23,駅データ.jp
1192516,1192516,大畑,熊本県,人吉市,人吉市,人吉市大畑麓町,32.16493,130.787722,えびの高原線(八代～吉松),JR九州,1,D,5,駅データ.jp
1192517,1192517,矢岳,熊本県,人吉市,人吉市,人吉市矢岳町,32.104278,130.769799,えびの高原線(八代～吉松),JR九州,1,D,5,駅データ.jp
1192518,1192518,真幸,宮崎県,えびの市,えびの市,えびの市内竪,32.074544,130.72914,えびの高原線(八代～吉松),JR九州,1,D,5,駅データ.jp
1192519,1192519,吉松,鹿児島県,,,姶良郡湧水町川西,32.012026,130.738104,JR肥薩線(吉松～隼人)|えびの高原線|えびの高原線(八代～吉松),JR九州,3,C,24,駅データ.jp
1192602,1192602,栗野,鹿児島県,,,姶良郡湧水町木場,31.950575,130.723663,JR肥薩線(吉松～隼人),JR九州,1,D,5,駅データ.jp
1192603,1192603,大隅横川,鹿児島県,霧島市,霧島市,霧島市横川町中ノ,31.906487,130.702825,JR肥薩線(吉松～隼人),JR九州,1,D,5,駅データ.jp
1192604,1192604,植村,鹿児島県,霧島市,霧島市,霧島市横川町中ノ,31.890175,130.724065,JR肥薩線(吉松～隼人),JR九州,1,D,5,駅データ.jp
1192605,1192605,霧島温泉,鹿児島県,霧島市,霧島市,霧島市牧園町宿窪田,31.86815,130.734329,JR肥薩線(吉松～隼人),JR九州,1,D,13,駅データ.jp
1192606,1192606,嘉例川,鹿児島県,霧島市,霧島市,霧島市隼人町嘉例川,31.826939,130.723021,JR肥薩線(吉松～隼人),JR九州,1,D,5,駅データ.jp
1192607,1192607,中福良,鹿児島県,霧島市,霧島市,霧島市隼人町嘉例川,31.813818,130.733174,JR肥薩線(吉松～隼人),JR九州,1,D,5,駅データ.jp
1192608,1192608,表木山,鹿児島県,霧島市,霧島市,霧島市隼人町嘉例川,31.796176,130.745324,JR肥薩線(吉松～隼人),JR九州,1,D,5,駅データ.jp
1192609,1192609,日当山,鹿児島県,霧島市,霧島市,霧島市隼人町内,31.763402,130.749836,JR肥薩線(吉松～隼人),JR九州,1,D,5,駅データ.jp
1192703,1192703,田吉,宮崎県,宮崎市,宮崎市,宮崎市田吉字赤江３１０-２,31.878202,131.430697,JR宮崎空港線|JR日南線,JR九州,2,D,15,駅データ.jp
1192704,1192704,宮崎空港,宮崎県,宮崎市,宮崎市,宮崎市赤江字飛江田無番地,31.87251,131.440555,JR宮崎空港線,JR九州,1,D,13,駅データ.jp
1192804,1192804,南方,宮崎県,宮崎市,宮崎市,宮崎市大字本郷南方,31.859592,131.434378,JR日南線,JR九州,1,D,5,駅データ.jp
1192805,1192805,木花,宮崎県,宮崎市,宮崎市,宮崎市大字熊野,31.831544,131.43679,JR日南線,JR九州,1,D,5,駅データ.jp
1192806,1192806,運動公園,宮崎県,宮崎市,宮崎市,宮崎市大字熊野,31.819678,131.442629,JR日南線,JR九州,1,D,5,駅データ.jp
1192807,1192807,曽山寺,宮崎県,宮崎市,宮崎市,宮崎市大字加江田,31.813401,131.448309,JR日南線,JR九州,1,D,5,駅データ.jp
1192808,1192808,子供の国,宮崎県,宮崎市,宮崎市,宮崎市大字加江田,31.807394,131.457005,JR日南線,JR九州,1,D,5,駅データ.jp
1192809,1192809,青島,宮崎県,宮崎市,宮崎市,宮崎市青島２丁目,31.799801,131.467121,JR日南線,JR九州,1,D,5,駅データ.jp
1192810,1192810,折生迫,宮崎県,宮崎市,宮崎市,宮崎市大字折生迫,31.789357,131.467477,JR日南線,JR九州,1,D,5,駅データ.jp
1192811,1192811,内海,宮崎県,宮崎市,宮崎市,宮崎市大字内海,31.758508,131.46742,JR日南線,JR九州,1,D,5,駅データ.jp
1192812,1192812,小内海,宮崎県,宮崎市,宮崎市,宮崎市大字内海,31.737838,131.466127,JR日南線,JR九州,1,D,5,駅データ.jp
1192813,1192813,伊比井,宮崎県,日南市,日南市,日南市伊比井,31.711069,131.456159,JR日南線,JR九州,1,D,5,駅データ.jp
1192814,1192814,北郷,宮崎県,日南市,日南市,宮崎県日南市北郷町郷之原2099,31.678267,131.373565,JR日南線,JR九州,1,D,5,駅データ.jp
1192815,1192815,内之田,宮崎県,日南市,日南市,宮崎県日南市北郷町大藤2527,31.642551,131.372594,JR日南線,JR九州,1,D,5,駅データ.jp
1192816,1192816,飫肥,宮崎県,日南市,日南市,日南市大字星倉,31.627216,131.361506,JR日南線,JR九州,1,D,5,駅データ.jp
1192817,1192817,日南,宮崎県,日南市,日南市,日南市中央通り１丁目,31.603076,131.381267,JR日南線,JR九州,1,D,13,駅データ.jp
1192818,1192818,油津,宮崎県,日南市,日南市,日南市岩崎２丁目,31.586883,131.396169,JR日南線,JR九州,1,D,5,駅データ.jp
1192819,1192819,大堂津,宮崎県,日南市,日南市,日南市大字下方,31.556897,131.382093,JR日南線,JR九州,1,D,5,駅データ.jp
1192820,1192820,南郷,宮崎県,日南市,日南市,宮崎県日南市南郷町中村乙1866-2,31.535927,131.372157,JR日南線,JR九州,1,D,5,駅データ.jp
1192821,1192821,谷之口,宮崎県,日南市,日南市,宮崎県日南市南郷町谷之口,31.533372,131.344615,JR日南線,JR九州,1,D,5,駅データ.jp
1192822,1192822,榎原,宮崎県,日南市,日南市,宮崎県日南市南郷町榎原114,31.534688,131.306526,JR日南線,JR九州,1,D,5,駅データ.jp
1192823,1192823,日向大束,宮崎県,串間市,串間市,串間市大字奈留,31.510584,131.248745,JR日南線,JR九州,1,D,5,駅データ.jp
1192824,1192824,日向北方,宮崎県,串間市,串間市,串間市大字串間,31.483037,131.24318,JR日南線,JR九州,1,D,5,駅データ.jp
1192825,1192825,串間,宮崎県,串間市,串間市,串間市大字西方,31.462684,131.230448,JR日南線,JR九州,1,D,13,駅データ.jp
1192826,1192826,福島今町,宮崎県,串間市,串間市,串間市大字西方,31.456906,131.20333,JR日南線,JR九州,1,D,5,駅データ.jp
1192827,1192827,福島高松,宮崎県,串間市,串間市,串間市大字高松,31.458619,131.178301,JR日南線,JR九州,1,D,5,駅データ.jp
1192828,1192828,大隅夏井,鹿児島県,志布志市,志布志市,志布志市志布志町夏井,31.469801,131.136449,JR日南線,JR九州,1,D,5,駅データ.jp
1192829,1192829,志布志,鹿児島県,志布志市,志布志市,志布志市志布志町志布志,31.47285,131.097864,JR日南線,JR九州,1,D,13,駅データ.jp
1192902,1192902,日向庄内,宮崎県,都城市,都城市,都城市乙房町,31.762056,131.06156,えびの高原線,JR九州,1,D,5,駅データ.jp
1192903,1192903,谷頭,宮崎県,都城市,都城市,都城市山田町中霧島,31.789348,131.053901,えびの高原線,JR九州,1,D,5,駅データ.jp
1192904,1192904,万ケ塚,宮崎県,城市,城市,宮崎県都城市丸谷町,31.817215,131.063991,えびの高原線,JR九州,1,D,5,駅データ.jp
1192905,1192905,東高崎,宮崎県,都城市,都城市,都城市高崎町東霧島,31.840946,131.064998,えびの高原線,JR九州,1,D,5,駅データ.jp
1192906,1192906,高崎新田,宮崎県,都城市,都城市,都城市高崎町大牟田,31.875693,131.062669,えびの高原線,JR九州,1,D,5,駅データ.jp
1192907,1192907,日向前田,宮崎県,都城市,都城市,都城市高崎町前田,31.908605,131.040386,えびの高原線,JR九州,1,D,5,駅データ.jp
1192908,1192908,高原,宮崎県,,,西諸県郡高原町大字西麓,31.926899,130.999012,えびの高原線,JR九州,1,D,5,駅データ.jp
1192909,1192909,広原,宮崎県,,,西諸県郡高原町大字広原,31.957766,130.984877,えびの高原線,JR九州,1,D,5,駅データ.jp
1192910,1192910,小林,宮崎県,小林市,小林市,小林市大字細野,31.990749,130.976132,えびの高原線,JR九州,1,D,13,駅データ.jp
1192911,1192911,西小林,宮崎県,小林市,小林市,小林市北西方,32.009409,130.921829,えびの高原線,JR九州,1,D,13,駅データ.jp
1192912,1192912,えびの飯野,宮崎県,えびの市,えびの市,えびの市大字原田,32.030295,130.871178,えびの高原線,JR九州,1,D,13,駅データ.jp
1192913,1192913,えびの上江,宮崎県,えびの市,えびの市,えびの市大字上江,32.035519,130.850133,えびの高原線,JR九州,1,D,13,駅データ.jp
1192914,1192914,えびの,宮崎県,えびの市,えびの市,えびの市大字栗下,32.042242,130.81621,えびの高原線,JR九州,1,D,13,駅データ.jp
1192915,1192915,京町温泉,宮崎県,えびの市,えびの市,えびの市大字向江,32.045379,130.767911,えびの高原線,JR九州,1,D,5,駅データ.jp
1192916,1192916,鶴丸,鹿児島県,,,姶良郡湧水町鶴丸,32.030394,130.748524,えびの高原線,JR九州,1,D,5,駅データ.jp
1193002,1193002,郡元,鹿児島県,鹿児島市,鹿児島市,鹿児島県鹿児島市唐湊4丁目17,31.56624,130.542335,JR指宿枕崎線|鹿児島市電２系統,JR九州|鹿児島市交通局,2,D,15,駅データ.jp
1193003,1193003,南鹿児島,鹿児島県,鹿児島市,鹿児島市,鹿児島市南郡元町,31.555079,130.543955,JR指宿枕崎線|鹿児島市電１系統,JR九州|鹿児島市交通局,2,C,23,駅データ.jp
1193004,1193004,宇宿,鹿児島県,鹿児島市,鹿児島市,鹿児島市宇宿３丁目,31.544207,130.537044,JR指宿枕崎線|鹿児島市電１系統,JR九州|鹿児島市交通局,2,D,15,駅データ.jp
1193005,1193005,谷山,鹿児島県,鹿児島市,鹿児島市,鹿児島県鹿児島市谷山中央1丁目4127,31.527094,130.51886,JR指宿枕崎線,JR九州,1,D,5,駅データ.jp
1193006,1193006,慈眼寺,鹿児島県,鹿児島市,鹿児島市,鹿児島市下福元町,31.517286,130.506212,JR指宿枕崎線,JR九州,1,D,5,駅データ.jp
1193007,1193007,坂之上,鹿児島県,鹿児島市,鹿児島市,鹿児島市下福元町,31.500454,130.507801,JR指宿枕崎線,JR九州,1,D,5,駅データ.jp
1193008,1193008,五位野,鹿児島県,鹿児島市,鹿児島市,鹿児島市平川町,31.475201,130.504096,JR指宿枕崎線,JR九州,1,D,5,駅データ.jp
1193009,1193009,平川,鹿児島県,鹿児島市,鹿児島市,鹿児島市平川町,31.450132,130.51367,JR指宿枕崎線,JR九州,1,D,5,駅データ.jp
1193010,1193010,瀬々串,鹿児島県,鹿児島市,鹿児島市,鹿児島市喜入瀬々串町,31.421839,130.522894,JR指宿枕崎線,JR九州,1,D,5,駅データ.jp
1193011,1193011,中名,鹿児島県,鹿児島市,鹿児島市,鹿児島市喜入中名町,31.393591,130.535086,JR指宿枕崎線,JR九州,1,D,5,駅データ.jp
1193012,1193012,喜入,鹿児島県,鹿児島市,鹿児島市,鹿児島市喜入町７１０８,31.371468,130.538867,JR指宿枕崎線,JR九州,1,D,5,駅データ.jp
1193013,1193013,前之浜,鹿児島県,鹿児島市,鹿児島市,鹿児島市喜入前之浜町,31.343433,130.556995,JR指宿枕崎線,JR九州,1,D,5,駅データ.jp
1193014,1193014,生見,鹿児島県,鹿児島市,鹿児島市,鹿児島市喜入生見町,31.307292,130.577878,JR指宿枕崎線,JR九州,1,D,5,駅データ.jp
1193015,1193015,薩摩今和泉,鹿児島県,指宿市,指宿市,指宿市岩本,31.29068,130.599002,JR指宿枕崎線,JR九州,1,D,5,駅データ.jp
1193016,1193016,宮ケ浜,鹿児島県,指宿市,指宿市,鹿児島県指宿市西方4672番地,31.277218,130.619807,JR指宿枕崎線,JR九州,1,D,5,駅データ.jp
1193017,1193017,二月田,鹿児島県,指宿市,指宿市,指宿市十町,31.254339,130.630082,JR指宿枕崎線,JR九州,1,D,5,駅データ.jp
1193018,1193018,指宿,鹿児島県,指宿市,指宿市,指宿市湊１丁目,31.236925,130.642637,JR指宿枕崎線,JR九州,1,D,13,駅データ.jp
1193019,1193019,山川,鹿児島県,指宿市,指宿市,指宿市山川成川,31.211702,130.630127,JR指宿枕崎線,JR九州,1,D,5,駅データ.jp
1193020,1193020,大山,鹿児島県,指宿市,指宿市,指宿市山川大山（その他）,31.195011,130.5992,JR指宿枕崎線,JR九州,1,D,5,駅データ.jp
1193021,1193021,西大山,鹿児島県,指宿市,指宿市,指宿市山川大山（その他）,31.190269,130.57621,JR指宿枕崎線,JR九州,1,D,5,駅データ.jp
1193022,1193022,薩摩川尻,鹿児島県,指宿市,指宿市,指宿市開聞十町,31.194791,130.565385,JR指宿枕崎線,JR九州,1,D,5,駅データ.jp
1193023,1193023,東開聞,鹿児島県,指宿市,指宿市,指宿市開聞十町,31.200924,130.549897,JR指宿枕崎線,JR九州,1,D,5,駅データ.jp
1193024,1193024,開聞,鹿児島県,指宿市,指宿市,指宿市開聞十町,31.203932,130.534737,JR指宿枕崎線,JR九州,1,D,5,駅データ.jp
1193025,1193025,入野,鹿児島県,指宿市,指宿市,指宿市開聞十町,31.204293,130.518788,JR指宿枕崎線,JR九州,1,D,5,駅データ.jp
1193026,1193026,頴娃,鹿児島県,南九州市,南九州市,南九州市頴娃町郡,31.229085,130.500378,JR指宿枕崎線,JR九州,1,D,5,駅データ.jp
1193027,1193027,西頴娃,鹿児島県,南九州市,南九州市,南九州市頴娃町牧之内,31.241025,130.491351,JR指宿枕崎線,JR九州,1,D,5,駅データ.jp
1193028,1193028,御領,鹿児島県,南九州市,南九州市,南九州市頴娃町御領,31.252032,130.468747,JR指宿枕崎線,JR九州,1,D,5,駅データ.jp
1193029,1193029,石垣,鹿児島県,南九州市,南九州市,南九州市頴娃町別府,31.259228,130.445227,JR指宿枕崎線,JR九州,1,D,5,駅データ.jp
1193030,1193030,水成川,鹿児島県,南九州市,南九州市,南九州市頴娃町別府,31.257145,130.430695,JR指宿枕崎線,JR九州,1,D,5,駅データ.jp
1193031,1193031,頴娃大川,鹿児島県,南九州市,南九州市,南九州市頴娃町郡,31.257875,130.413394,JR指宿枕崎線,JR九州,1,D,5,駅データ.jp
1193032,1193032,松ケ浦,鹿児島県,南九州市,南九州市,鹿児島県南九州市知覧町南別府小山25067,31.258843,130.394551,JR指宿枕崎線,JR九州,1,D,5,駅データ.jp
1193033,1193033,薩摩塩屋,鹿児島県,南九州市,南九州市,南九州市知覧町塩屋,31.257132,130.376128,JR指宿枕崎線,JR九州,1,D,5,駅データ.jp
1193034,1193034,白沢,鹿児島県,枕崎市,枕崎市,枕崎市別府,31.256898,130.356352,JR指宿枕崎線,JR九州,1,D,5,駅データ.jp
1193035,1193035,薩摩板敷,鹿児島県,枕崎市,枕崎市,枕崎市別府,31.262313,130.330993,JR指宿枕崎線,JR九州,1,D,5,駅データ.jp
1193036,1193036,枕崎,鹿児島県,枕崎市,枕崎市,枕崎市東本町,31.27215,130.299439,JR指宿枕崎線,JR九州,1,D,13,駅データ.jp
2100102,2100102,北池袋,東京都,豊島区,豊島区,豊島区池袋本町１-３６-６,35.741283,139.716749,東武東上線,東武鉄道,1,D,5,駅データ.jp
2100103,2100103,下板橋,東京都,豊島区,豊島区,豊島区池袋本町４-４３-１１,35.745721,139.714785,東武東上線,東武鉄道,1,D,5,駅データ.jp
2100104,2100104,大山,東京都,板橋区,板橋区,板橋区大山町４-１,35.748398,139.702589,東武東上線,東武鉄道,1,D,5,駅データ.jp
2100105,2100105,中板橋,東京都,板橋区,板橋区,板橋区弥生町３３-１,35.756214,139.694628,東武東上線,東武鉄道,1,D,13,駅データ.jp
2100106,2100106,ときわ台,東京都,板橋区,板橋区,板橋区常盤台１-４３-１,35.758771,139.689015,東武東上線,東武鉄道,1,D,5,駅データ.jp
2100107,2100107,上板橋,東京都,板橋区,板橋区,板橋区上板橋２-３６-７,35.763596,139.67641,東武東上線,東武鉄道,1,D,13,駅データ.jp
2100108,2100108,東武練馬,東京都,板橋区,板橋区,板橋区徳丸２-２-１４,35.768698,139.661964,東武東上線,東武鉄道,1,D,5,駅データ.jp
2100109,2100109,下赤塚,東京都,板橋区,板橋区,板橋区赤塚新町１-２３-１,35.770145,139.644175,東京メトロ副都心線|東京メトロ有楽町線|東武東上線,東京メトロ|東武鉄道,3,C,24,駅データ.jp
2100110,2100110,成増,東京都,板橋区,板橋区,板橋区成増２-１３-１,35.776946,139.631901,東京メトロ副都心線|東京メトロ有楽町線|東武東上線,東京メトロ|東武鉄道,3,C,24,駅データ.jp
2100111,2100111,和光市,埼玉県,和光市,和光市,埼玉県和光市本町4-6,35.788507,139.612434,東京メトロ副都心線|東京メトロ有楽町線|東武東上線,東京メトロ|東武鉄道,3,C,32,駅データ.jp
2100112,2100112,朝霞,埼玉県,朝霞市,朝霞市,朝霞市本町２-１３-５２,35.796736,139.600321,東武東上線,東武鉄道,1,D,13,駅データ.jp
2100114,2100114,志木,埼玉県,新座市,新座市,新座市東北２-３８-１,35.822105,139.575367,東武東上線,東武鉄道,1,D,5,駅データ.jp
2100115,2100115,柳瀬川,埼玉県,志木市,志木市,志木市館２-５-１,35.830723,139.562071,東武東上線,東武鉄道,1,D,5,駅データ.jp
2100116,2100116,みずほ台,埼玉県,富士見市,富士見市,富士見市東みずほ台２-２９-１,35.838233,139.55078,東武東上線,東武鉄道,1,D,5,駅データ.jp
2100117,2100117,鶴瀬,埼玉県,富士見市,富士見市,富士見市鶴瀬東１-１１-１,35.845776,139.539347,東武東上線,東武鉄道,1,D,5,駅データ.jp
2100118,2100118,ふじみ野,埼玉県,富士見市,富士見市,富士見市大字勝瀬３３４７,35.860735,139.523389,東武東上線,東武鉄道,1,D,5,駅データ.jp
2100119,2100119,上福岡,埼玉県,ふじみ野市,ふじみ野市,ふじみ野市上福岡１-１-１,35.873855,139.511782,東武東上線,東武鉄道,1,D,5,駅データ.jp
2100120,2100120,新河岸,埼玉県,川越市,川越市,川越市大字砂９１４-５,35.890911,139.497257,東武東上線,東武鉄道,1,D,5,駅データ.jp
2100122,2100122,川越市,埼玉県,川越市,川越市,川越市六軒町１-４-４,35.914146,139.476989,東武東上線,東武鉄道,1,D,13,駅データ.jp
2100123,2100123,霞ヶ関,埼玉県,川越市,川越市,埼玉県川越市霞ケ関東一丁目1-4,35.925635,139.442897,東武東上線,東武鉄道,1,D,5,駅データ.jp
2100124,2100124,鶴ヶ島,埼玉県,鶴ヶ島市,鶴ヶ島市,埼玉県鶴ヶ島市大字上広谷18-5,35.936771,139.423825,東武東上線,東武鉄道,1,D,13,駅データ.jp
2100125,2100125,若葉,埼玉県,坂戸市,坂戸市,坂戸市関間４-１３-１,35.948919,139.408782,東武東上線,東武鉄道,1,D,5,駅データ.jp
2100126,2100126,坂戸,埼玉県,坂戸市,坂戸市,坂戸市日の出町１-１,35.957181,139.394032,東武東上線|東武越生線,東武鉄道,2,C,23,駅データ.jp
2100127,2100127,北坂戸,埼玉県,坂戸市,坂戸市,坂戸市末広町１,35.972098,139.396932,東武東上線,東武鉄道,1,D,13,駅データ.jp
2100128,2100128,高坂,埼玉県,東松山市,東松山市,東松山市大字高坂１３３４,36.002572,139.397747,東武東上線,東武鉄道,1,D,5,駅データ.jp
2100129,2100129,東松山,埼玉県,東松山市,東松山市,東松山市箭弓町１-１２-１１,36.034608,139.401651,東武東上線,東武鉄道,1,D,13,駅データ.jp
2100130,2100130,森林公園,埼玉県,,,比企郡滑川町大字羽尾３９７７,36.045239,139.374947,東武東上線,東武鉄道,1,D,5,駅データ.jp
2100131,2100131,つきのわ,埼玉県,,,比企郡滑川町月輪字中丸１２４７-２,36.04352,139.345541,東武東上線,東武鉄道,1,D,5,駅データ.jp
2100132,2100132,武蔵嵐山,埼玉県,,,比企郡嵐山町大字菅谷１３５-６,36.044001,139.32829,東武東上線,東武鉄道,1,D,5,駅データ.jp
2100134,2100134,東武竹沢,埼玉県,,,比企郡小川町大字靱負６８７-１,36.0754,139.237591,東武東上線,東武鉄道,1,D,5,駅データ.jp
2100135,2100135,男衾,埼玉県,,,大里郡寄居町大字富田１７９２-１,36.107415,139.234442,東武東上線,東武鉄道,1,D,5,駅データ.jp
2100136,2100136,鉢形,埼玉県,,,大里郡寄居町大字鉢形１６-１,36.11378,139.208649,東武東上線,東武鉄道,1,D,5,駅データ.jp
2100137,2100137,玉淀,埼玉県,,,大里郡寄居町大字寄居８３０-１,36.117071,139.200052,東武東上線,東武鉄道,1,D,5,駅データ.jp
2100139,2100139,みなみ寄居,埼玉県,,,埼玉県大里郡寄居町大字富田字橋ノ入南谷997-14,36.092417,139.2365,東武東上線,東武鉄道,1,D,5,駅データ.jp
2100201,2100201,浅草,東京都,台東区,台東区,東京都台東区花川戸一丁目4-1,35.710692,139.797592,東京メトロ銀座線|東武伊勢崎線|都営浅草線,東京メトロ|東京都交通局|東武鉄道,3,C,24,駅データ.jp
2100202,2100202,とうきょうスカイツリー,東京都,墨田区,墨田区,墨田区押上１丁目,35.71043,139.809332,東武伊勢崎線,東武鉄道,1,D,5,駅データ.jp
2100203,2100203,押上〈スカイツリー前〉,東京都,墨田区,墨田区,墨田区押上一丁目,35.710702,139.812935,京成押上線|東京メトロ半蔵門線|東武伊勢崎線|都営浅草線,京成電鉄|東京メトロ|東京都交通局|東武鉄道,4,C,30,駅データ.jp
2100204,2100204,曳舟,東京都,墨田区,墨田区,墨田区東向島２丁目,35.718418,139.816634,東武亀戸線|東武伊勢崎線,東武鉄道,2,D,15,駅データ.jp
2100205,2100205,東向島,東京都,墨田区,墨田区,墨田区東向島４丁目,35.724324,139.819306,東武伊勢崎線,東武鉄道,1,D,5,駅データ.jp
2100206,2100206,鐘ヶ淵,東京都,墨田区,墨田区,東京都墨田区墨田5丁目,35.733712,139.820344,東武伊勢崎線,東武鉄道,1,D,5,駅データ.jp
2100207,2100207,堀切,東京都,足立区,足立区,足立区千住曙町,35.742977,139.817727,東武伊勢崎線,東武鉄道,1,D,5,駅データ.jp
2100208,2100208,牛田,東京都,足立区,足立区,足立区千住曙町,35.744281,139.811823,京成本線|東武伊勢崎線,京成電鉄|東武鉄道,2,D,15,駅データ.jp
2100210,2100210,小菅,東京都,足立区,足立区,足立区足立２丁目,35.759039,139.812935,東武伊勢崎線,東武鉄道,1,D,5,駅データ.jp
2100211,2100211,五反野,東京都,足立区,足立区,足立区足立３丁目,35.765852,139.809643,東武伊勢崎線,東武鉄道,1,D,5,駅データ.jp
2100212,2100212,梅島,東京都,足立区,足立区,足立区梅田７丁目,35.772437,139.797916,東武伊勢崎線,東武鉄道,1,D,5,駅データ.jp
2100213,2100213,西新井,東京都,足立区,足立区,足立区西新井栄町２丁目,35.777323,139.790372,東武伊勢崎線|東武大師線,東武鉄道,2,D,15,駅データ.jp
2100214,2100214,竹ノ塚,東京都,足立区,足立区,足立区竹の塚６丁目,35.794368,139.790788,東武伊勢崎線,東武鉄道,1,D,5,駅データ.jp
2100215,2100215,谷塚,埼玉県,草加市,草加市,草加市谷塚町,35.814926,139.801483,東武伊勢崎線,東武鉄道,1,D,5,駅データ.jp
2100216,2100216,草加,埼玉県,草加市,草加市,草加市高砂２丁目,35.828476,139.803397,東武伊勢崎線,東武鉄道,1,D,13,駅データ.jp
2100217,2100217,獨協大学前〈草加松原〉,埼玉県,草加市,草加市,草加市松原１丁目,35.84333,139.800622,東武伊勢崎線,東武鉄道,1,D,13,駅データ.jp
2100218,2100218,新田,埼玉県,草加市,草加市,草加市金明町,35.854086,139.795391,東武伊勢崎線,東武鉄道,1,D,5,駅データ.jp
2100219,2100219,蒲生,埼玉県,越谷市,越谷市,越谷市蒲生寿町,35.866851,139.791686,東武伊勢崎線,東武鉄道,1,D,5,駅データ.jp
2100221,2100221,越谷,埼玉県,越谷市,越谷市,越谷市弥生町,35.887529,139.786213,東武伊勢崎線,東武鉄道,1,D,13,駅データ.jp
2100222,2100222,北越谷,埼玉県,越谷市,越谷市,越谷市大澤３丁目,35.901724,139.780008,東武伊勢崎線,東武鉄道,1,D,13,駅データ.jp
2100223,2100223,大袋,埼玉県,越谷市,越谷市,越谷市大字袋山,35.92437,139.777868,東武伊勢崎線,東武鉄道,1,D,5,駅データ.jp
2100224,2100224,せんげん台,埼玉県,越谷市,越谷市,越谷市千間台東町,35.935832,139.774478,東武伊勢崎線,東武鉄道,1,D,5,駅データ.jp
2100225,2100225,武里,埼玉県,春日部市,春日部市,春日部市大字大場,35.949102,139.770675,東武伊勢崎線,東武鉄道,1,D,5,駅データ.jp
2100226,2100226,一ノ割,埼玉県,春日部市,春日部市,春日部市一ノ割１丁目,35.96412,139.766219,東武伊勢崎線,東武鉄道,1,D,5,駅データ.jp
2100227,2100227,春日部,埼玉県,春日部市,春日部市,春日部市粕壁１丁目,35.980095,139.752345,東武アーバンパークライン（東武野田線）|東武伊勢崎線,東武鉄道,2,C,23,駅データ.jp
2100228,2100228,北春日部,埼玉県,春日部市,春日部市,春日部市大字梅田字堤際,35.990655,139.744012,東武伊勢崎線,東武鉄道,1,D,13,駅データ.jp
2100229,2100229,姫宮,埼玉県,,,南埼玉郡宮代町川端１丁目,36.004384,139.738674,東武伊勢崎線,東武鉄道,1,D,5,駅データ.jp
2100230,2100230,東武動物公園,埼玉県,,,南埼玉郡宮代町大字百間２丁目,36.024604,139.726901,東武伊勢崎線|東武日光線,東武鉄道,2,D,15,駅データ.jp
2100231,2100231,和戸,埼玉県,,,南埼玉郡宮代町和戸１丁目,36.039562,139.701156,東武伊勢崎線,東武鉄道,1,D,5,駅データ.jp
2100233,2100233,鷲宮,埼玉県,久喜市,久喜市,埼玉県久喜市鷲宮中央一丁目1-17,36.09626,139.656945,東武伊勢崎線,東武鉄道,1,D,5,駅データ.jp
2100234,2100234,花崎,埼玉県,加須市,加須市,加須市花崎,36.109891,139.633522,東武伊勢崎線,東武鉄道,1,D,5,駅データ.jp
2100235,2100235,加須,埼玉県,加須市,加須市,加須市中央１丁目,36.122992,139.595584,東武伊勢崎線,東武鉄道,1,D,13,駅データ.jp
2100236,2100236,南羽生,埼玉県,羽生市,羽生市,羽生市大字神戸,36.14959,139.55696,東武伊勢崎線,東武鉄道,1,D,13,駅データ.jp
2100237,2100237,羽生,埼玉県,羽生市,羽生市,羽生市南１,36.170345,139.533949,東武伊勢崎線|秩父鉄道秩父本線,東武鉄道|秩父鉄道,2,C,23,駅データ.jp
2100238,2100238,川俣,群馬県,,,邑楽郡明和町大字中谷３２８-３,36.208778,139.52652,東武伊勢崎線,東武鉄道,1,D,5,駅データ.jp
2100239,2100239,茂林寺前,群馬県,館林市,館林市,館林市堀工町,36.226331,139.527058,東武伊勢崎線,東武鉄道,1,D,5,駅データ.jp
2100240,2100240,館林,群馬県,館林市,館林市,館林市本町２丁目,36.246606,139.527811,東武伊勢崎線|東武佐野線|東武小泉線,東武鉄道,3,C,32,駅データ.jp
2100241,2100241,多々良,群馬県,館林市,館林市,館林市日向町,36.273732,139.500179,東武伊勢崎線,東武鉄道,1,D,5,駅データ.jp
2100242,2100242,県,栃木県,,,足利市県町,36.290615,139.472336,東武伊勢崎線,東武鉄道,1,D,5,駅データ.jp
2100243,2100243,福居,栃木県,足利市,足利市,足利市福居町,36.305208,139.458634,東武伊勢崎線,東武鉄道,1,D,5,駅データ.jp
2100244,2100244,東武和泉,栃木県,足利市,足利市,足利市福居町,36.315595,139.45509,東武伊勢崎線,東武鉄道,1,D,5,駅データ.jp
2100245,2100245,足利市,栃木県,足利市,足利市,足利市南町,36.32948,139.448113,東武伊勢崎線,東武鉄道,1,D,13,駅データ.jp
2100246,2100246,野州山辺,栃木県,足利市,足利市,足利市八幡町,36.32633,139.431981,東武伊勢崎線,東武鉄道,1,D,5,駅データ.jp
2100247,2100247,韮川,群馬県,太田市,太田市,太田市大字台之郷町,36.307913,139.401704,東武伊勢崎線,東武鉄道,1,D,5,駅データ.jp
2100248,2100248,太田,群馬県,太田市,太田市,太田市東本町,36.294228,139.378779,東武伊勢崎線|東武小泉線|東武桐生線,東武鉄道,3,C,32,駅データ.jp
2100249,2100249,細谷,群馬県,太田市,太田市,太田市細谷町,36.282523,139.348509,東武伊勢崎線,東武鉄道,1,D,5,駅データ.jp
2100250,2100250,木崎,群馬県,太田市,太田市,太田市新田木崎町,36.271393,139.312988,東武伊勢崎線,東武鉄道,1,D,5,駅データ.jp
2100251,2100251,世良田,群馬県,太田市,太田市,太田市世良田町,36.272931,139.282038,東武伊勢崎線,東武鉄道,1,D,5,駅データ.jp
2100252,2100252,境町,群馬県,伊勢崎市,伊勢崎市,伊勢崎市境百々,36.277191,139.256177,東武伊勢崎線,東武鉄道,1,D,5,駅データ.jp
2100253,2100253,剛志,群馬県,伊勢崎市,伊勢崎市,伊勢崎市境保泉,36.295428,139.223792,東武伊勢崎線,東武鉄道,1,D,5,駅データ.jp
2100254,2100254,新伊勢崎,群馬県,伊勢崎市,伊勢崎市,伊勢崎市中央町,36.318052,139.201816,東武伊勢崎線,東武鉄道,1,D,13,駅データ.jp
2100302,2100302,杉戸高野台,埼玉県,,,北葛飾郡杉戸町高野台東１丁目,36.051536,139.714582,東武日光線,東武鉄道,1,D,5,駅データ.jp
2100303,2100303,幸手,埼玉県,幸手市,幸手市,幸手市中１丁目,36.074297,139.714937,東武日光線,東武鉄道,1,D,13,駅データ.jp
2100304,2100304,南栗橋,埼玉県,久喜市,久喜市,埼玉県久喜市南栗橋一丁目20,36.113157,139.713004,東武日光線,東武鉄道,1,D,5,駅データ.jp
2100306,2100306,新古河,埼玉県,加須市,加須市,埼玉県加須市向古河732,36.192686,139.686904,東武日光線,東武鉄道,1,D,5,駅データ.jp
2100307,2100307,柳生,埼玉県,加須市,加須市,加須市小野袋1834-4,36.206756,139.659645,東武日光線,東武鉄道,1,D,5,駅データ.jp
2100308,2100308,板倉東洋大前,群馬県,,,邑楽郡板倉町朝日野１丁目,36.222404,139.648493,東武日光線,東武鉄道,1,D,5,駅データ.jp
2100309,2100309,藤岡,栃木県,栃木市,栃木市,栃木県栃木市藤岡町藤岡5078-2,36.255628,139.64555,東武日光線,東武鉄道,1,D,5,駅データ.jp
2100310,2100310,静和,栃木県,栃木市,栃木市,栃木県栃木市岩舟町静和2143,36.31651,139.684864,東武日光線,東武鉄道,1,D,5,駅データ.jp
2100311,2100311,新大平下,栃木県,栃木市,栃木市,栃木県栃木市大平町富田571-2,36.339024,139.701886,東武日光線,東武鉄道,1,D,5,駅データ.jp
2100313,2100313,新栃木,栃木県,栃木市,栃木市,栃木市平柳町１丁目,36.390149,139.742308,東武宇都宮線|東武日光線,東武鉄道,2,C,23,駅データ.jp
2100314,2100314,合戦場,栃木県,栃木市,栃木市,栃木県栃木市都賀町合戦場513,36.407647,139.741057,東武日光線,東武鉄道,1,D,5,駅データ.jp
2100315,2100315,家中,栃木県,栃木市,栃木市,栃木県栃木市都賀町家中5897-9,36.429783,139.747344,東武日光線,東武鉄道,1,D,5,駅データ.jp
2100316,2100316,東武金崎,栃木県,栃木市,栃木市,栃木県栃木市西方町金崎243-2,36.466288,139.749468,東武日光線,東武鉄道,1,D,5,駅データ.jp
2100317,2100317,楡木,栃木県,鹿沼市,鹿沼市,鹿沼市楡木町,36.507497,139.745164,東武日光線,東武鉄道,1,D,5,駅データ.jp
2100318,2100318,樅山,栃木県,鹿沼市,鹿沼市,鹿沼市樅山町,36.532667,139.741875,東武日光線,東武鉄道,1,D,5,駅データ.jp
2100319,2100319,新鹿沼,栃木県,鹿沼市,鹿沼市,鹿沼市鳥居跡町,36.556998,139.74478,東武日光線,東武鉄道,1,D,13,駅データ.jp
2100320,2100320,北鹿沼,栃木県,鹿沼市,鹿沼市,鹿沼市玉田町,36.580811,139.737646,東武日光線,東武鉄道,1,D,13,駅データ.jp
2100321,2100321,板荷,栃木県,鹿沼市,鹿沼市,鹿沼市板荷,36.619476,139.707739,東武日光線,東武鉄道,1,D,5,駅データ.jp
2100322,2100322,下小代,栃木県,日光市,日光市,日光市小代,36.651303,139.713849,東武日光線,東武鉄道,1,D,5,駅データ.jp
2100323,2100323,明神,栃木県,日光市,日光市,日光市明神,36.676566,139.712301,東武日光線,東武鉄道,1,D,5,駅データ.jp
2100324,2100324,下今市,栃木県,日光市,日光市,日光市今市,36.72563,139.692666,東武日光線|東武鬼怒川線,東武鉄道,2,D,15,駅データ.jp
2100325,2100325,上今市,栃木県,日光市,日光市,日光市今市,36.727962,139.681026,東武日光線,東武鉄道,1,D,5,駅データ.jp
2100402,2100402,北大宮,埼玉県,さいたま市,さいたま市大宮区,さいたま市大宮区土手町３-２８５,35.91716,139.624726,東武アーバンパークライン（東武野田線）,東武鉄道,1,D,5,駅データ.jp
2100403,2100403,大宮公園,埼玉県,さいたま市,さいたま市大宮区,さいたま市大宮区寿能町１-１７２,35.92374,139.632903,東武アーバンパークライン（東武野田線）,東武鉄道,1,D,5,駅データ.jp
2100404,2100404,大和田,埼玉県,さいたま市,さいたま市見沼区,さいたま市見沼区大和田町２-１７７４,35.929359,139.65051,東武アーバンパークライン（東武野田線）,東武鉄道,1,D,5,駅データ.jp
2100405,2100405,七里,埼玉県,さいたま市,さいたま市見沼区,さいたま市見沼区風渡野６０３,35.936464,139.665948,東武アーバンパークライン（東武野田線）,東武鉄道,1,D,5,駅データ.jp
2100406,2100406,岩槻,埼玉県,さいたま市,さいたま市岩槻区,さいたま市岩槻区本町,35.950239,139.693197,東武アーバンパークライン（東武野田線）,東武鉄道,1,D,5,駅データ.jp
2100407,2100407,東岩槻,埼玉県,さいたま市,さいたま市岩槻区,さいたま市岩槻区東岩槻１-１２-１,35.963273,139.712192,東武アーバンパークライン（東武野田線）,東武鉄道,1,D,5,駅データ.jp
2100408,2100408,豊春,埼玉県,春日部市,春日部市,春日部市大字上蛭田１３６-１,35.968014,139.72601,東武アーバンパークライン（東武野田線）,東武鉄道,1,D,5,駅データ.jp
2100409,2100409,八木崎,埼玉県,春日部市,春日部市,春日部市大字粕壁６９４６,35.978376,139.741785,東武アーバンパークライン（東武野田線）,東武鉄道,1,D,5,駅データ.jp
2100411,2100411,藤の牛島,埼玉県,春日部市,春日部市,春日部市大字牛島１５７６,35.98026,139.778038,東武アーバンパークライン（東武野田線）,東武鉄道,1,D,5,駅データ.jp
2100412,2100412,南桜井,埼玉県,春日部市,春日部市,春日部市米島１１８５,35.980441,139.807988,東武アーバンパークライン（東武野田線）,東武鉄道,1,D,5,駅データ.jp
2100413,2100413,川間,千葉県,野田市,野田市,野田市尾崎８３２,35.979172,139.83385,東武アーバンパークライン（東武野田線）,東武鉄道,1,D,5,駅データ.jp
2100414,2100414,七光台,千葉県,野田市,野田市,野田市吉春９３１-５,35.970884,139.852906,東武アーバンパークライン（東武野田線）,東武鉄道,1,D,5,駅データ.jp
2100415,2100415,清水公園,千葉県,野田市,野田市,野田市清水３７５,35.959364,139.85967,東武アーバンパークライン（東武野田線）,東武鉄道,1,D,5,駅データ.jp
2100416,2100416,愛宕,千葉県,野田市,野田市,野田市中野台１２１７,35.950154,139.864817,東武アーバンパークライン（東武野田線）,東武鉄道,1,D,5,駅データ.jp
2100417,2100417,野田市,千葉県,野田市,野田市,野田市野田１２８,35.943652,139.870728,東武アーバンパークライン（東武野田線）,東武鉄道,1,D,13,駅データ.jp
2100418,2100418,梅郷,千葉県,野田市,野田市,野田市山崎１８９２,35.931575,139.891086,東武アーバンパークライン（東武野田線）,東武鉄道,1,D,5,駅データ.jp
2100419,2100419,運河,千葉県,流山市,流山市,流山市東深井４０５,35.914392,139.906063,東武アーバンパークライン（東武野田線）,東武鉄道,1,D,5,駅データ.jp
2100420,2100420,江戸川台,千葉県,流山市,流山市,流山市江戸川台東１-３,35.897344,139.91045,東武アーバンパークライン（東武野田線）,東武鉄道,1,D,5,駅データ.jp
2100421,2100421,初石,千葉県,流山市,流山市,流山市西初石３-１００,35.883783,139.917861,東武アーバンパークライン（東武野田線）,東武鉄道,1,D,5,駅データ.jp
2100422,2100422,流山おおたかの森,千葉県,流山市,流山市,流山市西初石六丁目,35.871925,139.925471,つくばエクスプレス|東武アーバンパークライン（東武野田線）,東武鉄道|首都圏新都市鉄道,2,C,23,駅データ.jp
2100423,2100423,豊四季,千葉県,柏市,柏市,柏市豊四季１５９,35.86657,139.93929,東武アーバンパークライン（東武野田線）,東武鉄道,1,D,5,駅データ.jp
2100425,2100425,新柏,千葉県,柏市,柏市,柏市新柏１-１５１０,35.838128,139.966994,東武アーバンパークライン（東武野田線）,東武鉄道,1,D,13,駅データ.jp
2100426,2100426,増尾,千葉県,柏市,柏市,柏市増尾１-１-１,35.829704,139.976604,東武アーバンパークライン（東武野田線）,東武鉄道,1,D,5,駅データ.jp
2100427,2100427,逆井,千葉県,柏市,柏市,柏市逆井８４８,35.823336,139.983812,東武アーバンパークライン（東武野田線）,東武鉄道,1,D,5,駅データ.jp
2100428,2100428,高柳,千葉県,柏市,柏市,柏市高柳１４８９,35.808211,139.998936,東武アーバンパークライン（東武野田線）,東武鉄道,1,D,5,駅データ.jp
2100429,2100429,六実,千葉県,松戸市,松戸市,松戸市六実４-６-１,35.793715,139.999195,東武アーバンパークライン（東武野田線）,東武鉄道,1,D,5,駅データ.jp
2100430,2100430,新鎌ヶ谷,千葉県,鎌ケ谷市,鎌ケ谷市,千葉県鎌ケ谷市新鎌ケ谷一丁目13-1,35.779601,139.99871,京成松戸線|北総鉄道北総線|成田スカイアクセス|東武アーバンパークライン（東武野田線）,京成電鉄|北総鉄道|東武鉄道,4,C,30,駅データ.jp
2100431,2100431,鎌ヶ谷,千葉県,鎌ケ谷市,鎌ケ谷市,千葉県鎌ケ谷市道野辺中央2-1-10,35.763765,139.997266,東武アーバンパークライン（東武野田線）,東武鉄道,1,D,5,駅データ.jp
2100432,2100432,馬込沢,千葉県,船橋市,船橋市,船橋市藤原７-２-１,35.741586,139.992199,東武アーバンパークライン（東武野田線）,東武鉄道,1,D,5,駅データ.jp
2100433,2100433,塚田,千葉県,船橋市,船橋市,船橋市前貝塚町５６４,35.722102,139.982859,東武アーバンパークライン（東武野田線）,東武鉄道,1,D,5,駅データ.jp
2100434,2100434,新船橋,千葉県,船橋市,船橋市,船橋市山手１-３-１,35.710993,139.979765,東武アーバンパークライン（東武野田線）,東武鉄道,1,D,13,駅データ.jp
2100502,2100502,小村井,東京都,墨田区,墨田区,墨田区文花２-２０-１,35.710316,139.827595,東武亀戸線,東武鉄道,1,D,5,駅データ.jp
2100503,2100503,東あずま,東京都,墨田区,墨田区,墨田区立花４-２３-８,35.707067,139.831883,東武亀戸線,東武鉄道,1,D,5,駅データ.jp
2100504,2100504,亀戸水神,東京都,江東区,江東区,江東区亀戸８-５-１,35.699976,139.833422,東武亀戸線,東武鉄道,1,D,5,駅データ.jp
2100602,2100602,大師前,東京都,足立区,足立区,足立区西新井１-３-１,35.778989,139.781647,東武大師線,東武鉄道,1,D,5,駅データ.jp
2100702,2100702,一本松,埼玉県,鶴ヶ島市,鶴ヶ島市,鶴ヶ島市中新田８０-３,35.94008,139.370062,東武越生線,東武鉄道,1,D,5,駅データ.jp
2100703,2100703,西大家,埼玉県,坂戸市,坂戸市,坂戸市大字森戸６２３-７,35.931698,139.356321,東武越生線,東武鉄道,1,D,5,駅データ.jp
2100704,2100704,川角,埼玉県,,,入間郡毛呂山町大字下川原２９３-４,35.937438,139.346426,東武越生線,東武鉄道,1,D,5,駅データ.jp
2100705,2100705,武州長瀬,埼玉県,,,入間郡毛呂山町大字長瀬９１７-１,35.942023,139.325561,東武越生線,東武鉄道,1,D,5,駅データ.jp
2100706,2100706,東毛呂,埼玉県,,,入間郡毛呂山町大字岩井２３５６,35.947058,139.315303,東武越生線,東武鉄道,1,D,5,駅データ.jp
2100707,2100707,武州唐沢,埼玉県,,,入間郡越生町大字上野５１-６,35.952127,139.30912,東武越生線,東武鉄道,1,D,5,駅データ.jp
2100803,2100803,野州平川,栃木県,栃木市,栃木市,栃木市大宮町２２９０-１９,36.401554,139.753764,東武宇都宮線,東武鉄道,1,D,5,駅データ.jp
2100804,2100804,野州大塚,栃木県,栃木市,栃木市,栃木市大塚町１２５８-１０,36.408759,139.772574,東武宇都宮線,東武鉄道,1,D,5,駅データ.jp
2100805,2100805,壬生,栃木県,,,下都賀郡壬生町駅東町３-１,36.422472,139.80496,東武宇都宮線,東武鉄道,1,D,5,駅データ.jp
2100806,2100806,国谷,栃木県,,,下都賀郡壬生町大字壬生甲３７８０-８,36.451442,139.823824,東武宇都宮線,東武鉄道,1,D,5,駅データ.jp
2100807,2100807,おもちゃのまち,栃木県,,,下都賀郡壬生町幸町１-２２-１,36.466774,139.829506,東武宇都宮線,東武鉄道,1,D,5,駅データ.jp
2100808,2100808,安塚,栃木県,,,下都賀郡壬生町大字安塚１０５３,36.485678,139.835572,東武宇都宮線,東武鉄道,1,D,5,駅データ.jp
2100809,2100809,西川田,栃木県,宇都宮市,宇都宮市,宇都宮市西川田町５-１-１７,36.514227,139.850247,東武宇都宮線,東武鉄道,1,D,5,駅データ.jp
2100810,2100810,江曽島,栃木県,宇都宮市,宇都宮市,栃木県宇都宮市大和2丁目12-31,36.530951,139.860818,東武宇都宮線,東武鉄道,1,D,5,駅データ.jp
2100811,2100811,南宇都宮,栃木県,宇都宮市,宇都宮市,宇都宮市吉野２-８-２３,36.543783,139.872017,東武宇都宮線,東武鉄道,1,D,13,駅データ.jp
2100812,2100812,東武宇都宮,栃木県,宇都宮市,宇都宮市,宇都宮市宮園町５-４,36.559373,139.880427,東武宇都宮線,東武鉄道,1,D,13,駅データ.jp
2100902,2100902,大谷向,栃木県,日光市,日光市,日光市今市,36.73224,139.691916,東武鬼怒川線,東武鉄道,1,D,5,駅データ.jp
2100903,2100903,大桑,栃木県,日光市,日光市,日光市大桑町,36.76079,139.713546,東武鬼怒川線,東武鉄道,1,D,5,駅データ.jp
2100904,2100904,新高徳,栃木県,日光市,日光市,日光市高徳,36.779816,139.710623,東武鬼怒川線,東武鉄道,1,D,5,駅データ.jp
2100905,2100905,小佐越,栃木県,日光市,日光市,日光市鬼怒川温泉大原,36.802252,139.706465,東武鬼怒川線,東武鉄道,1,D,5,駅データ.jp
2100906,2100906,鬼怒川温泉,栃木県,日光市,日光市,日光市鬼怒川温泉大原字三ツ石,36.822622,139.716552,東武鬼怒川線,東武鉄道,1,D,5,駅データ.jp
2100907,2100907,鬼怒川公園,栃木県,日光市,日光市,日光市藤原,36.841,139.72287,東武鬼怒川線,東武鉄道,1,D,5,駅データ.jp
2100908,2100908,新藤原,栃木県,日光市,日光市,日光市藤原３１９-４,36.852505,139.732963,ほっとスパ・ライン|東武鬼怒川線,東武鉄道|野岩鉄道,2,D,15,駅データ.jp
2100909,2100909,東武ワールドスクウェア,栃木県,日光市,日光市,栃木県日光市鬼怒川温泉大原334-10,36.808333,139.709083,東武鬼怒川線,東武鉄道,1,D,5,駅データ.jp
2101002,2101002,渡瀬,群馬県,館林市,館林市,館林市足次町６５,36.261807,139.537515,東武佐野線,東武鉄道,1,D,5,駅データ.jp
2101003,2101003,田島,栃木県,佐野市,佐野市,佐野市田島町１８４,36.290229,139.564943,東武佐野線,東武鉄道,1,D,5,駅データ.jp
2101004,2101004,佐野市,栃木県,佐野市,佐野市,佐野市上台町２１６４,36.306153,139.57583,東武佐野線,東武鉄道,1,D,13,駅データ.jp
2101006,2101006,堀米,栃木県,佐野市,佐野市,佐野市堀米町１２７４,36.328467,139.580279,東武佐野線,東武鉄道,1,D,5,駅データ.jp
2101007,2101007,吉水,栃木県,佐野市,佐野市,佐野市新吉水町６０-１,36.345621,139.579337,東武佐野線,東武鉄道,1,D,5,駅データ.jp
2101008,2101008,田沼,栃木県,佐野市,佐野市,佐野市栃本町１７６６,36.367094,139.581919,東武佐野線,東武鉄道,1,D,5,駅データ.jp
2101009,2101009,多田,栃木県,佐野市,佐野市,佐野市多田町１２７２-２,36.37809,139.592984,東武佐野線,東武鉄道,1,D,5,駅データ.jp
2101010,2101010,葛生,栃木県,佐野市,佐野市,佐野市葛生東１-１-５,36.397937,139.609207,東武佐野線,東武鉄道,1,D,5,駅データ.jp
2101102,2101102,三枚橋,群馬県,太田市,太田市,太田市鳥山下町６４２-１,36.313369,139.354938,東武桐生線,東武鉄道,1,D,5,駅データ.jp
2101103,2101103,治良門橋,群馬県,太田市,太田市,太田市成塚町１０２４,36.333039,139.341328,東武桐生線,東武鉄道,1,D,5,駅データ.jp
2101104,2101104,藪塚,群馬県,太田市,太田市,群馬県太田市藪塚町字八石379-2,36.358737,139.315737,東武桐生線,東武鉄道,1,D,5,駅データ.jp
2101105,2101105,阿左美,群馬県,みどり市,みどり市,みどり市笠懸町阿左美１０５７-４,36.385065,139.306465,東武桐生線,東武鉄道,1,D,5,駅データ.jp
2101106,2101106,新桐生,群馬県,桐生市,桐生市,桐生市広沢町２-２９９０-４,36.39505,139.320078,東武桐生線,東武鉄道,1,D,13,駅データ.jp
2101107,2101107,相老,群馬県,桐生市,桐生市,桐生市相生町２丁目,36.410238,139.304314,わたらせ渓谷線|東武桐生線,わたらせ渓谷鐵道|東武鉄道,2,D,15,駅データ.jp
2101108,2101108,赤城,群馬県,みどり市,みどり市,みどり市大間々町大間々２４４５,36.425615,139.276784,上毛電気鉄道上毛線|東武桐生線,上毛電気鉄道|東武鉄道,2,D,15,駅データ.jp
2101202,2101202,成島,群馬県,館林市,館林市,館林市成島町７１５,36.249171,139.505682,東武小泉線,東武鉄道,1,D,5,駅データ.jp
2101203,2101203,本中野,群馬県,,,邑楽郡邑楽町中野４８５８-５,36.25843,139.469546,東武小泉線,東武鉄道,1,D,5,駅データ.jp
2101204,2101204,篠塚,群馬県,,,邑楽郡邑楽町大字篠塚３９９５-３,36.256788,139.446077,東武小泉線,東武鉄道,1,D,5,駅データ.jp
2101205,2101205,東小泉,群馬県,,,邑楽郡大泉町東小泉１-１８-１,36.259696,139.428456,東武小泉線,東武鉄道,1,D,5,駅データ.jp
2101206,2101206,小泉町,群馬県,,,邑楽郡大泉町城之内２-４-１,36.261562,139.42021,東武小泉線,東武鉄道,1,D,5,駅データ.jp
2101207,2101207,西小泉,群馬県,,,邑楽郡大泉町西小泉４-３１-１０,36.258712,139.408525,東武小泉線,東武鉄道,1,D,5,駅データ.jp
2101209,2101209,竜舞,群馬県,太田市,太田市,太田市龍舞町１８３８,36.278894,139.409002,東武小泉線,東武鉄道,1,D,5,駅データ.jp
2200102,2200102,椎名町,東京都,豊島区,豊島区,豊島区長崎１-１-２２,35.726572,139.694363,西武池袋線,西武鉄道,1,D,5,駅データ.jp
2200103,2200103,東長崎,東京都,豊島区,豊島区,豊島区長崎５-１-１,35.73003,139.683294,西武池袋線,西武鉄道,1,D,5,駅データ.jp
2200104,2200104,江古田,東京都,練馬区,練馬区,練馬区旭丘１-７８-７,35.737557,139.672814,西武池袋線,西武鉄道,1,D,5,駅データ.jp
2200105,2200105,桜台,東京都,練馬区,練馬区,練馬区桜台１-５-１,35.738797,139.662602,西武池袋線,西武鉄道,1,D,5,駅データ.jp
2200106,2200106,練馬,東京都,練馬区,練馬区,練馬区練馬１-３-５,35.737771,139.654469,西武有楽町線|西武池袋線|西武豊島線|都営大江戸線,東京都交通局|西武鉄道,4,C,38,駅データ.jp
2200107,2200107,中村橋,東京都,練馬区,練馬区,練馬区中村北４-２-１,35.736767,139.637456,西武池袋線,西武鉄道,1,D,5,駅データ.jp
2200108,2200108,富士見台,東京都,練馬区,練馬区,練馬区貫井３-７-４,35.735867,139.62969,西武池袋線,西武鉄道,1,D,5,駅データ.jp
2200109,2200109,練馬高野台,東京都,練馬区,練馬区,練馬区高野台１-７-２７,35.740622,139.616749,西武池袋線,西武鉄道,1,D,13,駅データ.jp
2200110,2200110,石神井公園,東京都,練馬区,練馬区,練馬区石神井町３-２３-１０,35.743563,139.606981,西武池袋線,西武鉄道,1,D,5,駅データ.jp
2200111,2200111,大泉学園,東京都,練馬区,練馬区,練馬区東大泉１-２９-７,35.749406,139.586732,西武池袋線,西武鉄道,1,D,5,駅データ.jp
2200112,2200112,保谷,東京都,西東京市,西東京市,西東京市東町３-１４-３０,35.748222,139.567753,西武池袋線,西武鉄道,1,D,5,駅データ.jp
2200113,2200113,ひばりヶ丘,東京都,西東京市,西東京市,東京都西東京市住吉町三丁目,35.751485,139.545852,西武池袋線,西武鉄道,1,D,5,駅データ.jp
2200114,2200114,東久留米,東京都,東久留米市,東久留米市,東久留米市東本町１-８,35.760445,139.533739,西武池袋線,西武鉄道,1,D,13,駅データ.jp
2200115,2200115,清瀬,東京都,清瀬市,清瀬市,清瀬市元町１-２-４,35.772221,139.519917,西武池袋線,西武鉄道,1,D,13,駅データ.jp
2200116,2200116,秋津,東京都,東村山市,東村山市,東村山市秋津町５-７-８,35.778614,139.496539,西武池袋線,西武鉄道,1,D,5,駅データ.jp
2200117,2200117,西所沢,埼玉県,所沢市,所沢市,所沢市西所沢１-１１-９,35.789303,139.455959,西武池袋線|西武狭山線,西武鉄道,2,C,23,駅データ.jp
2200118,2200118,小手指,埼玉県,所沢市,所沢市,所沢市小手指町１-８-１,35.800535,139.438016,西武池袋線,西武鉄道,1,D,5,駅データ.jp
2200119,2200119,狭山ヶ丘,埼玉県,所沢市,所沢市,埼玉県所沢市狭山ヶ丘一丁目2980,35.810445,139.416975,西武池袋線,西武鉄道,1,D,5,駅データ.jp
2200120,2200120,武蔵藤沢,埼玉県,入間市,入間市,入間市下藤沢４９４-４,35.820963,139.412736,西武池袋線,西武鉄道,1,D,5,駅データ.jp
2200121,2200121,稲荷山公園,埼玉県,狭山市,狭山市,狭山市稲荷山１-１,35.845112,139.39842,西武池袋線,西武鉄道,1,D,5,駅データ.jp
2200122,2200122,入間市,埼玉県,入間市,入間市,入間市河原町２-１,35.842904,139.390294,西武池袋線,西武鉄道,1,D,13,駅データ.jp
2200123,2200123,仏子,埼玉県,入間市,入間市,入間市仏子８８０,35.83769,139.360115,西武池袋線,西武鉄道,1,D,5,駅データ.jp
2200124,2200124,元加治,埼玉県,入間市,入間市,入間市野田１６７,35.84058,139.345316,西武池袋線,西武鉄道,1,D,5,駅データ.jp
2200125,2200125,飯能,埼玉県,飯能市,飯能市,飯能市仲町１１-２１,35.851189,139.318824,西武池袋線|西武秩父線,西武鉄道,2,C,23,駅データ.jp
2200127,2200127,高麗,埼玉県,日高市,日高市,日高市武蔵台１-１-１,35.881982,139.304414,西武池袋線|西武秩父線,西武鉄道,2,D,15,駅データ.jp
2200128,2200128,武蔵横手,埼玉県,日高市,日高市,日高市横手字山下７５０,35.885256,139.280667,西武池袋線|西武秩父線,西武鉄道,2,D,15,駅データ.jp
2200129,2200129,東吾野,埼玉県,飯能市,飯能市,飯能市平戸２２０,35.892439,139.260281,西武池袋線|西武秩父線,西武鉄道,2,D,15,駅データ.jp
2200130,2200130,吾野,埼玉県,飯能市,飯能市,飯能市坂石町分３２６-１,35.908502,139.226787,西武池袋線|西武秩父線,西武鉄道,2,D,15,駅データ.jp
2200131,2200131,所沢,埼玉県,所沢市,所沢市,所沢市くすのき台１-１４-５,35.786627,139.473324,西武新宿線|西武池袋線,西武鉄道,2,C,23,駅データ.jp
2200207,2200207,西吾野,埼玉県,飯能市,飯能市,飯能市吾野下ノ平５７９,35.927082,139.202425,西武秩父線,西武鉄道,1,D,5,駅データ.jp
2200208,2200208,正丸,埼玉県,飯能市,飯能市,飯能市坂元１６５８,35.938324,139.181521,西武秩父線,西武鉄道,1,D,5,駅データ.jp
2200209,2200209,芦ヶ久保,埼玉県,,,埼玉県秩父郡横瀬町芦ヶ久保,35.976505,139.135982,西武秩父線,西武鉄道,1,D,5,駅データ.jp
2200210,2200210,横瀬,埼玉県,,,秩父郡横瀬町横瀬４０６７,35.985548,139.097818,西武秩父線,西武鉄道,1,D,5,駅データ.jp
2200212,2200212,西武秩父,埼玉県,秩父市,秩父市,秩父市野坂町１-１６-１５,35.990061,139.083548,西武秩父線,西武鉄道,1,D,13,駅データ.jp
2200301,2200301,小竹向原,東京都,練馬区,練馬区,東京都練馬区小竹町二丁目16-15,35.743803,139.678572,東京メトロ副都心線|東京メトロ有楽町線|西武有楽町線,東京メトロ|西武鉄道,3,C,24,駅データ.jp
2200302,2200302,新桜台,東京都,練馬区,練馬区,練馬区桜台１-２８-１１,35.74077,139.6683,西武有楽町線,西武鉄道,1,D,5,駅データ.jp
2200402,2200402,豊島園,東京都,練馬区,練馬区,練馬区練馬４-１６-５,35.742311,139.648464,西武豊島線|都営大江戸線,東京都交通局|西武鉄道,2,D,15,駅データ.jp
2200502,2200502,下山口,埼玉県,所沢市,所沢市,所沢市山口１２５４-３,35.77941,139.441097,西武狭山線,西武鉄道,1,D,5,駅データ.jp
2200503,2200503,西武球場前,埼玉県,所沢市,所沢市,所沢市上山口２０９０-３,35.77093,139.41966,レオライナー|西武狭山線,西武鉄道,2,D,15,駅データ.jp
2200601,2200601,多摩湖,東京都,東村山市,東村山市,東村山市多摩湖町３-１５-１８,35.765881,139.442747,レオライナー|西武多摩湖線,西武鉄道,2,D,15,駅データ.jp
2200602,2200602,西武園ゆうえんち,埼玉県,所沢市,所沢市,所沢市山口２９３９,35.769042,139.440166,レオライナー,西武鉄道,1,D,5,駅データ.jp
2200701,2200701,西武新宿,東京都,新宿区,新宿区,新宿区歌舞伎町１-３０-１,35.696254,139.7,西武新宿線,西武鉄道,1,D,13,駅データ.jp
2200703,2200703,下落合,東京都,新宿区,新宿区,新宿区下落合１-１６-１,35.715846,139.695391,西武新宿線,西武鉄道,1,D,5,駅データ.jp
2200704,2200704,中井,東京都,新宿区,新宿区,新宿区中落合１-１９-１,35.714571,139.686662,西武新宿線|都営大江戸線,東京都交通局|西武鉄道,2,D,15,駅データ.jp
2200705,2200705,新井薬師前,東京都,中野区,中野区,中野区上高田５-４３-２０,35.715778,139.672582,西武新宿線,西武鉄道,1,D,5,駅データ.jp
2200706,2200706,沼袋,東京都,中野区,中野区,中野区沼袋１-３５-１,35.719458,139.663841,西武新宿線,西武鉄道,1,D,5,駅データ.jp
2200707,2200707,野方,東京都,中野区,中野区,中野区野方６-３-３,35.719658,139.652733,西武新宿線,西武鉄道,1,D,5,駅データ.jp
2200708,2200708,都立家政,東京都,中野区,中野区,中野区鷺宮１-１６-１,35.722313,139.644839,西武新宿線,西武鉄道,1,D,5,駅データ.jp
2200709,2200709,鷺ノ宮,東京都,中野区,中野区,中野区鷺宮３-１５-１,35.722605,139.63892,西武新宿線,西武鉄道,1,D,5,駅データ.jp
2200710,2200710,下井草,東京都,杉並区,杉並区,杉並区下井草２-４４-１０,35.723852,139.624688,西武新宿線,西武鉄道,1,D,5,駅データ.jp
2200711,2200711,井荻,東京都,杉並区,杉並区,杉並区下井草５-２３-１５,35.72469,139.615303,西武新宿線,西武鉄道,1,D,5,駅データ.jp
2200712,2200712,上井草,東京都,杉並区,杉並区,杉並区上井草３-３２-１,35.725326,139.602937,西武新宿線,西武鉄道,1,D,5,駅データ.jp
2200713,2200713,上石神井,東京都,練馬区,練馬区,練馬区上石神井１-２-４５,35.726189,139.592266,西武新宿線,西武鉄道,1,D,5,駅データ.jp
2200714,2200714,武蔵関,東京都,練馬区,練馬区,練馬区関町北２-２９-１,35.7276,139.576417,西武新宿線,西武鉄道,1,D,5,駅データ.jp
2200715,2200715,東伏見,東京都,西東京市,西東京市,西東京市東伏見２-５-１,35.728761,139.563529,西武新宿線,西武鉄道,1,D,5,駅データ.jp
2200716,2200716,西武柳沢,東京都,西東京市,西東京市,西東京市保谷町３-１１-２４,35.728621,139.552477,西武新宿線,西武鉄道,1,D,5,駅データ.jp
2200717,2200717,田無,東京都,西東京市,西東京市,西東京市田無町４-１-１,35.727307,139.539259,西武新宿線,西武鉄道,1,D,5,駅データ.jp
2200718,2200718,花小金井,東京都,小平市,小平市,小平市花小金井１-１０-５,35.726129,139.513228,西武新宿線,西武鉄道,1,D,5,駅データ.jp
2200719,2200719,小平,東京都,小平市,小平市,小平市美園町１-３４-１,35.736963,139.488491,西武拝島線|西武新宿線,西武鉄道,2,C,23,駅データ.jp
2200720,2200720,久米川,東京都,東村山市,東村山市,東村山市栄町２-３-１,35.749575,139.472653,西武新宿線,西武鉄道,1,D,5,駅データ.jp
2200721,2200721,東村山,東京都,東村山市,東村山市,東村山市本町２-３-３２,35.76006,139.465839,西武国分寺線|西武新宿線|西武西武園線,西武鉄道,3,C,32,駅データ.jp
2200723,2200723,航空公園,埼玉県,所沢市,所沢市,所沢市並木２-４-１,35.798272,139.465641,西武新宿線,西武鉄道,1,D,5,駅データ.jp
2200724,2200724,新所沢,埼玉県,所沢市,所沢市,所沢市緑町１-２１-２５,35.805854,139.457069,西武新宿線,西武鉄道,1,D,13,駅データ.jp
2200725,2200725,入曽,埼玉県,狭山市,狭山市,狭山市南入曽５６７,35.832481,139.427304,西武新宿線,西武鉄道,1,D,5,駅データ.jp
2200726,2200726,狭山市,埼玉県,狭山市,狭山市,狭山市入間川１-１-１,35.856936,139.413015,西武新宿線,西武鉄道,1,D,13,駅データ.jp
2200727,2200727,新狭山,埼玉県,狭山市,狭山市,狭山市新狭山３-１２-１,35.873993,139.433499,西武新宿線,西武鉄道,1,D,13,駅データ.jp
2200728,2200728,南大塚,埼玉県,川越市,川越市,川越市南台３-１４,35.889663,139.454189,西武新宿線,西武鉄道,1,D,5,駅データ.jp
2200729,2200729,本川越,埼玉県,川越市,川越市,川越市新富町１-２２,35.913524,139.481125,西武新宿線,西武鉄道,1,D,13,駅データ.jp
2200802,2200802,萩山,東京都,東村山市,東村山市,東村山市萩山町２-１-１,35.740759,139.476903,西武多摩湖線|西武拝島線,西武鉄道,2,D,15,駅データ.jp
2200803,2200803,小川,東京都,小平市,小平市,小平市小川東町１-２０-１,35.737573,139.463493,西武国分寺線|西武拝島線,西武鉄道,2,D,15,駅データ.jp
2200804,2200804,東大和市,東京都,東大和市,東大和市,東大和市桜が丘１-１４１５-１,35.732829,139.434249,西武拝島線,西武鉄道,1,D,13,駅データ.jp
2200805,2200805,玉川上水,東京都,立川市,立川市,立川市幸町６-３６-１,35.731991,139.41815,多摩モノレール|西武拝島線,多摩都市モノレール|西武鉄道,2,D,15,駅データ.jp
2200806,2200806,武蔵砂川,東京都,立川市,立川市,立川市上砂町５-４４-４,35.728876,139.392319,西武拝島線,西武鉄道,1,D,5,駅データ.jp
2200807,2200807,西武立川,東京都,立川市,立川市,立川市西砂町１-２１-２,35.7262,139.370124,西武拝島線,西武鉄道,1,D,13,駅データ.jp
2200902,2200902,西武園,東京都,東村山市,東村山市,東村山市多摩湖町４-２９-１,35.767684,139.448904,西武西武園線,西武鉄道,1,D,5,駅データ.jp
2201002,2201002,恋ヶ窪,東京都,国分寺市,国分寺市,東京都国分寺市戸倉一丁目1-4,35.711385,139.463944,西武国分寺線,西武鉄道,1,D,5,駅データ.jp
2201003,2201003,鷹の台,東京都,小平市,小平市,小平市たかの台４５-４,35.723097,139.461155,西武国分寺線,西武鉄道,1,D,5,駅データ.jp
2201102,2201102,一橋学園,東京都,小平市,小平市,小平市学園西町２-１-１,35.72217,139.480039,西武多摩湖線,西武鉄道,1,D,5,駅データ.jp
2201103,2201103,青梅街道,東京都,小平市,小平市,小平市小川町２-１８４６,35.73098,139.476628,西武多摩湖線,西武鉄道,1,D,5,駅データ.jp
2201106,2201106,八坂,東京都,東村山市,東村山市,東村山市栄町３-１８-１,35.744925,139.467676,西武多摩湖線,西武鉄道,1,D,5,駅データ.jp
2201107,2201107,武蔵大和,東京都,東村山市,東村山市,東村山市廻田町３-９-１９,35.756427,139.444008,西武多摩湖線,西武鉄道,1,D,5,駅データ.jp
2201202,2201202,新小金井,東京都,小金井市,小金井市,小金井市東町４-２４-１,35.695908,139.526603,西武多摩川線,西武鉄道,1,D,13,駅データ.jp
2201203,2201203,多磨,東京都,府中市,府中市,府中市紅葉丘３-４２-２,35.676821,139.51713,西武多摩川線,西武鉄道,1,D,5,駅データ.jp
2201204,2201204,白糸台,東京都,府中市,府中市,府中市白糸台２-７１-６,35.666517,139.509862,西武多摩川線,西武鉄道,1,D,5,駅データ.jp
2201205,2201205,競艇場前,東京都,府中市,府中市,府中市小柳町４-１０-１１,35.656232,139.499721,西武多摩川線,西武鉄道,1,D,5,駅データ.jp
2201206,2201206,是政,東京都,府中市,府中市,府中市是政５-８-２,35.656242,139.488592,西武多摩川線,西武鉄道,1,D,5,駅データ.jp
2300101,2300101,京成上野,東京都,台東区,台東区,東京都台東区上野公園1-60,35.711232,139.773571,京成本線|成田スカイアクセス,京成電鉄,2,D,15,駅データ.jp
2300103,2300103,新三河島,東京都,荒川区,荒川区,荒川区西日暮里６-２-１,35.73714,139.773834,京成本線,京成電鉄,1,D,5,駅データ.jp
2300104,2300104,町屋,東京都,荒川区,荒川区,荒川区町屋１丁目,35.742612,139.781048,京成本線|東京さくらトラム（都電荒川線）|東京メトロ千代田線,京成電鉄|東京メトロ|東京都交通局,3,C,24,駅データ.jp
2300105,2300105,千住大橋,東京都,足立区,足立区,足立区千住橋戸町１１-１,35.74243,139.796934,京成本線,京成電鉄,1,D,5,駅データ.jp
2300107,2300107,堀切菖蒲園,東京都,葛飾区,葛飾区,葛飾区堀切５-１-１,35.747649,139.827545,京成本線,京成電鉄,1,D,5,駅データ.jp
2300108,2300108,お花茶屋,東京都,葛飾区,葛飾区,葛飾区宝町２-３７-１,35.747585,139.83988,京成本線,京成電鉄,1,D,5,駅データ.jp
2300109,2300109,青砥,東京都,葛飾区,葛飾区,東京都葛飾区青戸三丁目36番1号,35.745883,139.856292,京成押上線|京成本線|成田スカイアクセス,京成電鉄,3,C,24,駅データ.jp
2300110,2300110,京成高砂,東京都,葛飾区,葛飾区,東京都葛飾区高砂五丁目28-1,35.750932,139.866875,京成押上線|京成本線|京成金町線|北総鉄道北総線|成田スカイアクセス,京成電鉄|北総鉄道,5,C,35,駅データ.jp
2300111,2300111,京成小岩,東京都,江戸川区,江戸川区,江戸川区北小岩２-１０-９,35.742158,139.88371,京成本線,京成電鉄,1,D,5,駅データ.jp
2300112,2300112,江戸川,東京都,江戸川区,江戸川区,江戸川区北小岩３-２４-１５,35.737723,139.896226,京成本線,京成電鉄,1,D,13,駅データ.jp
2300113,2300113,国府台,千葉県,市川市,市川市,市川市市川３-３０-１,35.736301,139.90322,京成本線,京成電鉄,1,D,5,駅データ.jp
2300114,2300114,市川真間,千葉県,市川市,市川市,市川市真間１-１１-１,35.73121,139.911717,京成本線,京成電鉄,1,D,13,駅データ.jp
2300115,2300115,菅野,千葉県,市川市,市川市,市川市菅野２-７-１,35.728272,139.919413,京成本線,京成電鉄,1,D,5,駅データ.jp
2300117,2300117,鬼越,千葉県,市川市,市川市,市川市鬼越１-４-５,35.719776,139.937932,京成本線,京成電鉄,1,D,5,駅データ.jp
2300118,2300118,京成中山,千葉県,船橋市,船橋市,船橋市本中山１-９-１,35.716998,139.944203,京成本線,京成電鉄,1,D,5,駅データ.jp
2300119,2300119,東中山,千葉県,船橋市,船橋市,船橋市東中山２-２-２２,35.714385,139.952683,京成本線,京成電鉄,1,D,5,駅データ.jp
2300120,2300120,京成西船,千葉県,船橋市,船橋市,船橋市西船４-１５-２７,35.711627,139.958863,京成本線,京成電鉄,1,D,5,駅データ.jp
2300121,2300121,海神,千葉県,船橋市,船橋市,船橋市海神５-１-２２,35.705888,139.971888,京成本線,京成電鉄,1,D,5,駅データ.jp
2300123,2300123,大神宮下,千葉県,船橋市,船橋市,船橋市宮本２-９-９,35.693945,139.991431,京成本線,京成電鉄,1,D,5,駅データ.jp
2300124,2300124,船橋競馬場,千葉県,船橋市,船橋市,船橋市宮本８-４２-１,35.689606,139.997998,京成本線,京成電鉄,1,D,13,駅データ.jp
2300125,2300125,谷津,千葉県,習志野市,習志野市,習志野市谷津５-４-５,35.685257,140.007658,京成本線,京成電鉄,1,D,5,駅データ.jp
2300126,2300126,京成津田沼,千葉県,習志野市,習志野市,習志野市津田沼３-１-１,35.68364,140.024823,京成千葉線|京成本線|京成松戸線,京成電鉄,3,C,24,駅データ.jp
2300127,2300127,京成大久保,千葉県,習志野市,習志野市,習志野市本大久保３-１０-１,35.686016,140.048629,京成本線,京成電鉄,1,D,5,駅データ.jp
2300128,2300128,実籾,千葉県,習志野市,習志野市,習志野市実籾町１-１-１,35.686852,140.068289,京成本線,京成電鉄,1,D,5,駅データ.jp
2300129,2300129,八千代台,千葉県,八千代市,八千代市,八千代市八千代台北１,35.701465,140.090942,京成本線,京成電鉄,1,D,13,駅データ.jp
2300130,2300130,京成大和田,千葉県,八千代市,八千代市,八千代市大和田字小板橋３０８,35.712309,140.108578,京成本線,京成電鉄,1,D,5,駅データ.jp
2300131,2300131,勝田台,千葉県,八千代市,八千代市,八千代市勝田台１-８-１,35.715452,140.126064,京成本線|東葉高速線,京成電鉄|東葉高速鉄道,2,D,15,駅データ.jp
2300132,2300132,志津,千葉県,佐倉市,佐倉市,佐倉市上志津１６６９,35.717406,140.144982,京成本線,京成電鉄,1,D,5,駅データ.jp
2300133,2300133,ユーカリが丘,千葉県,佐倉市,佐倉市,佐倉市ユーカリが丘４-８-２,35.722024,140.156686,ユーカリが丘線|京成本線,京成電鉄|山万,2,D,15,駅データ.jp
2300134,2300134,京成臼井,千葉県,佐倉市,佐倉市,佐倉市王子台３-３０-３,35.730017,140.180796,京成本線,京成電鉄,1,D,5,駅データ.jp
2300135,2300135,京成佐倉,千葉県,佐倉市,佐倉市,佐倉市栄町１００１-５,35.725205,140.229633,京成本線,京成電鉄,1,D,13,駅データ.jp
2300136,2300136,大佐倉,千葉県,佐倉市,佐倉市,佐倉市大佐倉松山２７７,35.729908,140.25079,京成本線,京成電鉄,1,D,13,駅データ.jp
2300137,2300137,京成酒々井,千葉県,,,印旛郡酒々井町中川５６０-１,35.736867,140.270132,京成本線,京成電鉄,1,D,5,駅データ.jp
2300138,2300138,宗吾参道,千葉県,,,印旛郡酒々井町下岩橋字仲田４３２-３,35.752669,140.280975,京成本線,京成電鉄,1,D,5,駅データ.jp
2300139,2300139,公津の杜,千葉県,成田市,成田市,成田市公津の杜４-１１-２,35.760446,140.294904,京成本線,京成電鉄,1,D,5,駅データ.jp
2300141,2300141,東成田,千葉県,成田市,成田市,成田市古込字込前１２４,35.770091,140.387225,京成本線|芝山鉄道線,京成電鉄|芝山鉄道,2,C,23,駅データ.jp
2300202,2300202,京成曳舟,東京都,墨田区,墨田区,墨田区京島１-３９-１,35.718441,139.820012,京成押上線,京成電鉄,1,D,5,駅データ.jp
2300203,2300203,八広,東京都,墨田区,墨田区,墨田区八広６-２５-２０,35.727687,139.828738,京成押上線,京成電鉄,1,D,5,駅データ.jp
2300204,2300204,四ツ木,東京都,葛飾区,葛飾区,葛飾区四つ木１-１-１,35.731962,139.834918,京成押上線,京成電鉄,1,D,5,駅データ.jp
2300205,2300205,京成立石,東京都,葛飾区,葛飾区,葛飾区立石４-２４-１,35.738281,139.848558,京成押上線,京成電鉄,1,D,5,駅データ.jp
2300302,2300302,柴又,東京都,葛飾区,葛飾区,葛飾区柴又４-８-１４,35.756323,139.875188,京成金町線,京成電鉄,1,D,5,駅データ.jp
2300404,2300404,検見川,千葉県,千葉市,千葉市花見川区,千葉市花見川区検見川町１-７９１,35.652512,140.066656,京成千葉線,京成電鉄,1,D,5,駅データ.jp
2300405,2300405,京成稲毛,千葉県,千葉市,千葉市稲毛区,千葉市稲毛区稲毛３-１-１７,35.637783,140.085505,京成千葉線,京成電鉄,1,D,5,駅データ.jp
2300406,2300406,みどり台,千葉県,千葉市,千葉市稲毛区,千葉市稲毛区緑町１-７-１,35.624994,140.097413,京成千葉線,京成電鉄,1,D,5,駅データ.jp
2300407,2300407,西登戸,千葉県,千葉市,千葉市中央区,千葉市中央区登戸町４-９-１,35.617615,140.102801,京成千葉線,京成電鉄,1,D,5,駅データ.jp
2300408,2300408,新千葉,千葉県,千葉市,千葉市中央区,千葉市中央区登戸町２-１０-１５,35.612455,140.108557,京成千葉線,京成電鉄,1,D,5,駅データ.jp
2300410,2300410,千葉中央,千葉県,千葉市,千葉市中央区,千葉市中央区本千葉町１５-１,35.607354,140.117809,京成千原線|京成千葉線,京成電鉄,2,D,15,駅データ.jp
2300502,2300502,千葉寺,千葉県,千葉市,千葉市中央区,千葉市中央区千葉寺町９１２-１,35.590311,140.132236,京成千原線,京成電鉄,1,D,5,駅データ.jp
2300503,2300503,大森台,千葉県,千葉市,千葉市中央区,千葉市中央区大森町４６３-３,35.584126,140.149398,京成千原線,京成電鉄,1,D,5,駅データ.jp
2300504,2300504,学園前,千葉県,千葉市,千葉市緑区,千葉市緑区おゆみ野中央１-１４-２,35.560364,140.158416,京成千原線,京成電鉄,1,D,5,駅データ.jp
2300505,2300505,おゆみ野,千葉県,千葉市,千葉市緑区,千葉市緑区おゆみ野南３-２７-１,35.550029,140.166264,京成千原線,京成電鉄,1,D,5,駅データ.jp
2300506,2300506,ちはら台,千葉県,市原市,市原市,市原市ちはら台７-８７,35.534017,140.17029,京成千原線,京成電鉄,1,D,5,駅データ.jp
2300609,2300609,成田湯川,千葉県,成田市,成田市,千葉県成田市松崎1620-1,35.799115,140.291596,成田スカイアクセス,京成電鉄,1,D,13,駅データ.jp
2400102,2400102,初台,東京都,渋谷区,渋谷区,渋谷区初台１-５３-７,35.68123,139.686354,京王新線,京王電鉄,1,D,5,駅データ.jp
2400103,2400103,幡ヶ谷,東京都,渋谷区,渋谷区,東京都渋谷区幡ヶ谷一丁目,35.677061,139.676183,京王新線,京王電鉄,1,D,5,駅データ.jp
2400104,2400104,笹塚,東京都,渋谷区,渋谷区,渋谷区笹塚１-５６-７,35.673758,139.667251,京王新線|京王線,京王電鉄,2,D,15,駅データ.jp
2400105,2400105,代田橋,東京都,世田谷区,世田谷区,世田谷区大原２-１８-９,35.671092,139.659413,京王線,京王電鉄,1,D,5,駅データ.jp
2400106,2400106,明大前,東京都,世田谷区,世田谷区,世田谷区松原２-４５-１,35.668758,139.650352,京王井の頭線|京王線,京王電鉄,2,D,15,駅データ.jp
2400107,2400107,下高井戸,東京都,世田谷区,世田谷区,世田谷区松原３-２９-１７,35.66615,139.641372,京王線|東急世田谷線,京王電鉄|東急電鉄,2,D,15,駅データ.jp
2400108,2400108,桜上水,東京都,世田谷区,世田谷区,世田谷区桜上水５-２９-５２,35.66768,139.63129,京王線,京王電鉄,1,D,5,駅データ.jp
2400109,2400109,上北沢,東京都,世田谷区,世田谷区,世田谷区上北沢４-１４-３,35.668857,139.62329,京王線,京王電鉄,1,D,5,駅データ.jp
2400110,2400110,八幡山,東京都,杉並区,杉並区,杉並区上高井戸１-１-１１,35.669982,139.614927,京王線,京王電鉄,1,D,5,駅データ.jp
2400111,2400111,芦花公園,東京都,世田谷区,世田谷区,世田谷区南烏山３-１-１６,35.670479,139.608247,京王線,京王電鉄,1,D,5,駅データ.jp
2400112,2400112,千歳烏山,東京都,世田谷区,世田谷区,世田谷区南烏山６-１-１,35.667921,139.60067,京王線,京王電鉄,1,D,5,駅データ.jp
2400113,2400113,仙川,東京都,調布市,調布市,調布市仙川町１-４３,35.662257,139.584908,京王線,京王電鉄,1,D,5,駅データ.jp
2400114,2400114,つつじヶ丘,東京都,調布市,調布市,東京都調布市西つつじヶ丘三丁目35-1,35.657936,139.575103,京王線,京王電鉄,1,D,5,駅データ.jp
2400115,2400115,柴崎,東京都,調布市,調布市,調布市菊野台２-６７-１１,35.653997,139.56658,京王線,京王電鉄,1,D,5,駅データ.jp
2400116,2400116,国領,東京都,調布市,調布市,調布市国領町３-１８-１,35.650087,139.558036,京王線,京王電鉄,1,D,5,駅データ.jp
2400117,2400117,布田,東京都,調布市,調布市,調布市国領町５-６７-１,35.649904,139.551557,京王線,京王電鉄,1,D,5,駅データ.jp
2400118,2400118,調布,東京都,調布市,調布市,調布市布田４-３２-１,35.652181,139.543988,京王相模原線|京王線,京王電鉄,2,C,23,駅データ.jp
2400119,2400119,西調布,東京都,調布市,調布市,調布市上石原１-２５-１７,35.657169,139.529822,京王線,京王電鉄,1,D,13,駅データ.jp
2400120,2400120,飛田給,東京都,調布市,調布市,調布市飛田給１-４２-１１,35.660121,139.523666,京王線,京王電鉄,1,D,5,駅データ.jp
2400121,2400121,武蔵野台,東京都,府中市,府中市,府中市白糸台４-１８-４,35.664159,139.511289,京王線,京王電鉄,1,D,5,駅データ.jp
2400122,2400122,多磨霊園,東京都,府中市,府中市,府中市清水が丘３-２６-１１,35.666197,139.502615,京王線,京王電鉄,1,D,5,駅データ.jp
2400123,2400123,東府中,東京都,府中市,府中市,府中市清水が丘１-８-３,35.668766,139.495257,京王競馬場線|京王線,京王電鉄,2,C,23,駅データ.jp
2400124,2400124,府中,東京都,府中市,府中市,府中市宮町１-１-１０,35.672245,139.4799,京王線,京王電鉄,1,D,13,駅データ.jp
2400126,2400126,中河原,東京都,府中市,府中市,府中市住吉町２-１-１６,35.659549,139.457602,京王線,京王電鉄,1,D,5,駅データ.jp
2400127,2400127,聖蹟桜ヶ丘,東京都,多摩市,多摩市,東京都多摩市関戸一丁目10-10,35.650814,139.446979,京王線,京王電鉄,1,D,5,駅データ.jp
2400128,2400128,百草園,東京都,日野市,日野市,日野市百草２０９,35.657362,139.431285,京王線,京王電鉄,1,D,5,駅データ.jp
2400129,2400129,高幡不動,東京都,日野市,日野市,日野市高幡１３９,35.662067,139.413697,京王動物園線|京王線|多摩モノレール,京王電鉄|多摩都市モノレール,3,C,24,駅データ.jp
2400130,2400130,南平,東京都,日野市,日野市,日野市南平６-９-３１,35.654559,139.392008,京王線,京王電鉄,1,D,5,駅データ.jp
2400131,2400131,平山城址公園,東京都,日野市,日野市,日野市平山５-１８-１０,35.647371,139.379926,京王線,京王電鉄,1,D,5,駅データ.jp
2400132,2400132,長沼,東京都,八王子市,八王子市,八王子市長沼町７００,35.642788,139.365849,京王線,京王電鉄,1,D,5,駅データ.jp
2400133,2400133,北野,東京都,八王子市,八王子市,八王子市打越町３３５-１,35.644479,139.354489,京王線|京王高尾線,京王電鉄,2,D,15,駅データ.jp
2400134,2400134,京王八王子,東京都,八王子市,八王子市,八王子市明神町３-２７-１,35.657416,139.343851,京王線,京王電鉄,1,D,13,駅データ.jp
2400202,2400202,京王多摩川,東京都,調布市,調布市,調布市多摩川４-４０-１,35.644499,139.536606,京王相模原線,京王電鉄,1,D,5,駅データ.jp
2400203,2400203,京王稲田堤,神奈川県,川崎市,川崎市多摩区,川崎市多摩区菅４-１-１,35.633895,139.531099,京王相模原線,京王電鉄,1,D,5,駅データ.jp
2400204,2400204,京王よみうりランド,東京都,稲城市,稲城市,東京都稲城市矢野口,35.632934,139.517597,京王相模原線,京王電鉄,1,D,5,駅データ.jp
2400205,2400205,稲城,東京都,稲城市,稲城市,稲城市東長沼３１０８,35.636166,139.500398,京王相模原線,京王電鉄,1,D,13,駅データ.jp
2400206,2400206,若葉台,神奈川県,川崎市,川崎市麻生区,川崎市麻生区黒川６０９,35.619325,139.472189,京王相模原線,京王電鉄,1,D,5,駅データ.jp
2400207,2400207,京王永山,東京都,多摩市,多摩市,多摩市永山１-１８-１,35.630037,139.448074,京王相模原線|小田急多摩線,京王電鉄|小田急電鉄,2,D,15,駅データ.jp
2400208,2400208,京王多摩センター,東京都,多摩市,多摩市,多摩市落合１-１０-２,35.624602,139.4237,京王相模原線|多摩モノレール|小田急多摩線,京王電鉄|多摩都市モノレール|小田急電鉄,3,C,32,駅データ.jp
2400209,2400209,京王堀之内,東京都,八王子市,八王子市,八王子市堀之内３-２４-４,35.624438,139.400314,京王相模原線,京王電鉄,1,D,5,駅データ.jp
2400210,2400210,南大沢,東京都,八王子市,八王子市,八王子市南大沢２-１-６,35.6141,139.3798,京王相模原線,京王電鉄,1,D,5,駅データ.jp
2400211,2400211,多摩境,東京都,町田市,町田市,町田市小山町２７１８-１,35.601826,139.366987,京王相模原線,京王電鉄,1,D,5,駅データ.jp
2400302,2400302,京王片倉,東京都,八王子市,八王子市,八王子市片倉町３４-９,35.644343,139.337035,京王高尾線,京王電鉄,1,D,5,駅データ.jp
2400303,2400303,山田,東京都,八王子市,八王子市,八王子市緑町４３４,35.644411,139.321082,京王高尾線,京王電鉄,1,D,5,駅データ.jp
2400304,2400304,めじろ台,東京都,八王子市,八王子市,八王子市めじろ台１-１００-１,35.643601,139.308446,京王高尾線,京王電鉄,1,D,5,駅データ.jp
2400305,2400305,狭間,東京都,八王子市,八王子市,八王子市東浅川町７７３,35.640637,139.293808,京王高尾線,京王電鉄,1,D,5,駅データ.jp
2400307,2400307,高尾山口,東京都,八王子市,八王子市,八王子市高尾町２２４１,35.632377,139.269856,京王高尾線,京王電鉄,1,D,5,駅データ.jp
2400402,2400402,府中競馬正門前,東京都,府中市,府中市,府中市八幡町１-１８,35.668288,139.485019,京王競馬場線,京王電鉄,1,D,13,駅データ.jp
2400502,2400502,多摩動物公園,東京都,日野市,日野市,日野市程久保３-３６-３９,35.64894,139.40415,京王動物園線|多摩モノレール,京王電鉄|多摩都市モノレール,2,D,15,駅データ.jp
2400602,2400602,神泉,東京都,渋谷区,渋谷区,渋谷区神泉町４-６,35.657244,139.693579,京王井の頭線,京王電鉄,1,D,5,駅データ.jp
2400603,2400603,駒場東大前,東京都,目黒区,目黒区,目黒区駒場３-９-１,35.65868,139.684308,京王井の頭線,京王電鉄,1,D,5,駅データ.jp
2400604,2400604,池ノ上,東京都,世田谷区,世田谷区,世田谷区代沢２-４３-８,35.660402,139.67344,京王井の頭線,京王電鉄,1,D,5,駅データ.jp
2400605,2400605,下北沢,東京都,世田谷区,世田谷区,世田谷区北沢２丁目,35.661597,139.667213,京王井の頭線|小田急線,京王電鉄|小田急電鉄,2,D,15,駅データ.jp
2400606,2400606,新代田,東京都,世田谷区,世田谷区,世田谷区代田５-３０-１８,35.662593,139.660524,京王井の頭線,京王電鉄,1,D,5,駅データ.jp
2400607,2400607,東松原,東京都,世田谷区,世田谷区,世田谷区松原５-２-６,35.662634,139.655535,京王井の頭線,京王電鉄,1,D,5,駅データ.jp
2400609,2400609,永福町,東京都,杉並区,杉並区,杉並区永福２-６０-３１,35.67629,139.642733,京王井の頭線,京王電鉄,1,D,5,駅データ.jp
2400610,2400610,西永福,東京都,杉並区,杉並区,杉並区永福３-３６-１,35.678918,139.634936,京王井の頭線,京王電鉄,1,D,5,駅データ.jp
2400611,2400611,浜田山,東京都,杉並区,杉並区,杉並区浜田山３-３１-２,35.681603,139.627528,京王井の頭線,京王電鉄,1,D,5,駅データ.jp
2400612,2400612,高井戸,東京都,杉並区,杉並区,杉並区高井戸西２-１-２６,35.683253,139.615115,京王井の頭線,京王電鉄,1,D,5,駅データ.jp
2400613,2400613,富士見ヶ丘,東京都,杉並区,杉並区,東京都杉並区久我山五丁目1番25号,35.684805,139.607072,京王井の頭線,京王電鉄,1,D,5,駅データ.jp
2400614,2400614,久我山,東京都,杉並区,杉並区,杉並区久我山４-１-１１,35.688138,139.599211,京王井の頭線,京王電鉄,1,D,5,駅データ.jp
2400615,2400615,三鷹台,東京都,三鷹市,三鷹市,三鷹市井の頭１-３２-１,35.692046,139.589298,京王井の頭線,京王電鉄,1,D,13,駅データ.jp
2400616,2400616,井の頭公園,東京都,三鷹市,三鷹市,三鷹市井の頭３-３５-１２,35.697304,139.583112,京王井の頭線,京王電鉄,1,D,5,駅データ.jp
2500102,2500102,南新宿,東京都,渋谷区,渋谷区,渋谷区代々木２丁目,35.683483,139.69867,小田急線,小田急電鉄,1,D,5,駅データ.jp
2500103,2500103,参宮橋,東京都,渋谷区,渋谷区,渋谷区代々木４丁目,35.678586,139.693568,小田急線,小田急電鉄,1,D,5,駅データ.jp
2500104,2500104,代々木八幡,東京都,渋谷区,渋谷区,渋谷区代々木５丁目,35.669451,139.689006,小田急線|東京メトロ千代田線,小田急電鉄|東京メトロ,2,D,15,駅データ.jp
2500105,2500105,代々木上原,東京都,渋谷区,渋谷区,渋谷区西原３丁目,35.669159,139.680153,小田急線|東京メトロ千代田線,小田急電鉄|東京メトロ,2,D,15,駅データ.jp
2500106,2500106,東北沢,東京都,世田谷区,世田谷区,世田谷区北沢３丁目,35.665379,139.673014,小田急線,小田急電鉄,1,D,5,駅データ.jp
2500108,2500108,世田谷代田,東京都,世田谷区,世田谷区,世田谷区代田２丁目,35.65834,139.661557,小田急線,小田急電鉄,1,D,13,駅データ.jp
2500109,2500109,梅ヶ丘,東京都,世田谷区,世田谷区,東京都世田谷区梅丘,35.656024,139.653628,小田急線,小田急電鉄,1,D,5,駅データ.jp
2500110,2500110,豪徳寺,東京都,世田谷区,世田谷区,世田谷区豪徳寺１丁目,35.653825,139.646945,小田急線|東急世田谷線,小田急電鉄|東急電鉄,2,D,15,駅データ.jp
2500111,2500111,経堂,東京都,世田谷区,世田谷区,世田谷区経堂１丁目,35.650991,139.635993,小田急線,小田急電鉄,1,D,5,駅データ.jp
2500112,2500112,千歳船橋,東京都,世田谷区,世田谷区,世田谷区船橋１丁目,35.647616,139.624544,小田急線,小田急電鉄,1,D,5,駅データ.jp
2500113,2500113,祖師ヶ谷大蔵,東京都,世田谷区,世田谷区,東京都世田谷区祖師谷1丁目,35.643236,139.609659,小田急線,小田急電鉄,1,D,5,駅データ.jp
2500114,2500114,成城学園前,東京都,世田谷区,世田谷区,世田谷区成城６丁目,35.640114,139.598958,小田急線,小田急電鉄,1,D,5,駅データ.jp
2500115,2500115,喜多見,東京都,世田谷区,世田谷区,世田谷区喜多見９丁目,35.636697,139.587445,小田急線,小田急電鉄,1,D,5,駅データ.jp
2500116,2500116,狛江,東京都,狛江市,狛江市,狛江市東和泉１丁目,35.632001,139.577127,小田急線,小田急電鉄,1,D,13,駅データ.jp
2500117,2500117,和泉多摩川,東京都,狛江市,狛江市,狛江市東和泉４丁目,35.627349,139.573695,小田急線,小田急電鉄,1,D,5,駅データ.jp
2500119,2500119,向ヶ丘遊園,神奈川県,川崎市,川崎市多摩区,神奈川県川崎市多摩区登戸,35.617273,139.564719,小田急線,小田急電鉄,1,D,5,駅データ.jp
2500120,2500120,生田,神奈川県,川崎市,川崎市多摩区,川崎市多摩区生田７丁目,35.614954,139.542024,小田急線,小田急電鉄,1,D,5,駅データ.jp
2500121,2500121,読売ランド前,神奈川県,川崎市,川崎市多摩区,川崎市多摩区西生田,35.614723,139.527903,小田急線,小田急電鉄,1,D,5,駅データ.jp
2500122,2500122,百合ヶ丘,神奈川県,川崎市,川崎市麻生区,川崎市麻生区百合丘一丁目21番1号,35.60903,139.516121,小田急線,小田急電鉄,1,D,5,駅データ.jp
2500123,2500123,新百合ヶ丘,神奈川県,川崎市,川崎市麻生区,川崎市麻生区万福寺一丁目18番1号,35.603705,139.507608,小田急多摩線|小田急線,小田急電鉄,2,D,15,駅データ.jp
2500124,2500124,柿生,神奈川県,川崎市,川崎市麻生区,川崎市麻生区上麻生,35.589597,139.497614,小田急線,小田急電鉄,1,D,5,駅データ.jp
2500125,2500125,鶴川,東京都,町田市,町田市,町田市能ケ谷町,35.583077,139.481759,小田急線,小田急電鉄,1,D,5,駅データ.jp
2500126,2500126,玉川学園前,東京都,町田市,町田市,町田市玉川学園２丁目,35.563486,139.463388,小田急線,小田急電鉄,1,D,5,駅データ.jp
2500128,2500128,相模大野,神奈川県,相模原市,相模原市南区,相模原市南区相模大野三丁目8番1号,35.532208,139.437836,小田急江ノ島線|小田急線,小田急電鉄,2,D,15,駅データ.jp
2500129,2500129,小田急相模原,神奈川県,相模原市,相模原市南区,相模原市南区南台三丁目20番1号,35.515134,139.422571,小田急線,小田急電鉄,1,D,5,駅データ.jp
2500130,2500130,相武台前,神奈川県,座間市,座間市,神奈川県座間市相武台一丁目33番1号,35.499294,139.408509,小田急線,小田急電鉄,1,D,5,駅データ.jp
2500131,2500131,座間,神奈川県,座間市,座間市,神奈川県座間市入谷東三丁目60番1号,35.480913,139.399899,小田急線,小田急電鉄,1,D,13,駅データ.jp
2500134,2500134,本厚木,神奈川県,厚木市,厚木市,厚木市泉町１丁目,35.439338,139.364261,小田急線,小田急電鉄,1,D,13,駅データ.jp
2500135,2500135,愛甲石田,神奈川県,厚木市,厚木市,厚木市愛甲,35.417634,139.344098,小田急線,小田急電鉄,1,D,5,駅データ.jp
2500136,2500136,伊勢原,神奈川県,伊勢原市,伊勢原市,伊勢原市桜台１丁目,35.396081,139.313768,小田急線,小田急電鉄,1,D,13,駅データ.jp
2500137,2500137,鶴巻温泉,神奈川県,秦野市,秦野市,秦野市鶴巻北２丁目,35.381131,139.277813,小田急線,小田急電鉄,1,D,5,駅データ.jp
2500138,2500138,東海大学前,神奈川県,秦野市,秦野市,秦野市北矢名,35.373151,139.271236,小田急線,小田急電鉄,1,D,5,駅データ.jp
2500139,2500139,秦野,神奈川県,秦野市,秦野市,秦野市大秦町１丁目,35.370075,139.226009,小田急線,小田急電鉄,1,D,13,駅データ.jp
2500140,2500140,渋沢,神奈川県,秦野市,秦野市,秦野市曲松１丁目,35.374032,139.184405,小田急線,小田急電鉄,1,D,5,駅データ.jp
2500141,2500141,新松田,神奈川県,,,足柄上郡松田町松田惣領,35.345082,139.139848,小田急線,小田急電鉄,1,D,5,駅データ.jp
2500142,2500142,開成,神奈川県,,,足柄上郡開成町吉田島字中河原,35.326532,139.135785,小田急線,小田急電鉄,1,D,5,駅データ.jp
2500143,2500143,栢山,神奈川県,小田原市,小田原市,小田原市栢山,35.310679,139.14258,小田急線,小田急電鉄,1,D,5,駅データ.jp
2500144,2500144,富水,神奈川県,小田原市,小田原市,小田原市堀之内,35.296759,139.145166,小田急線,小田急電鉄,1,D,5,駅データ.jp
2500145,2500145,螢田,神奈川県,小田原市,小田原市,小田原市蓮正寺,35.285055,139.152036,小田急線,小田急電鉄,1,D,5,駅データ.jp
2500146,2500146,足柄,神奈川県,小田原市,小田原市,小田原市扇町３丁目,35.271763,139.15447,小田急線,小田急電鉄,1,D,5,駅データ.jp
2500202,2500202,東林間,神奈川県,相模原市,相模原市南区,相模原市南区上鶴間七丁目7番1号,35.520541,139.438883,小田急江ノ島線,小田急電鉄,1,D,5,駅データ.jp
2500203,2500203,中央林間,神奈川県,大和市,大和市,大和市中央林間３-３-８,35.507869,139.44452,小田急江ノ島線|東急田園都市線,小田急電鉄|東急電鉄,2,D,15,駅データ.jp
2500204,2500204,南林間,神奈川県,大和市,大和市,大和市南林間１-６-１１,35.495627,139.447911,小田急江ノ島線,小田急電鉄,1,D,5,駅データ.jp
2500205,2500205,鶴間,神奈川県,大和市,大和市,大和市西鶴間１-１-１,35.49057,139.450572,小田急江ノ島線,小田急電鉄,1,D,5,駅データ.jp
2500206,2500206,大和,神奈川県,大和市,大和市,大和市大和南１-１-１,35.469833,139.46144,小田急江ノ島線|相鉄・JR直通線|相鉄本線,小田急電鉄|相模鉄道,3,C,32,駅データ.jp
2500207,2500207,桜ヶ丘,神奈川県,大和市,大和市,神奈川県大和市福田,35.450486,139.465734,小田急江ノ島線,小田急電鉄,1,D,5,駅データ.jp
2500208,2500208,高座渋谷,神奈川県,大和市,大和市,大和市福田２０１９,35.432519,139.464854,小田急江ノ島線,小田急電鉄,1,D,5,駅データ.jp
2500209,2500209,長後,神奈川県,藤沢市,藤沢市,藤沢市下土棚４７２,35.41261,139.465307,小田急江ノ島線,小田急電鉄,1,D,5,駅データ.jp
2500210,2500210,湘南台,神奈川県,藤沢市,藤沢市,藤沢市湘南台２-１５,35.396534,139.466922,ブルーライン|小田急江ノ島線|相鉄いずみ野線,小田急電鉄|横浜市交通局|相模鉄道,3,C,24,駅データ.jp
2500211,2500211,六会日大前,神奈川県,藤沢市,藤沢市,藤沢市亀井野１-１-１,35.383761,139.470665,小田急江ノ島線,小田急電鉄,1,D,5,駅データ.jp
2500212,2500212,善行,神奈川県,藤沢市,藤沢市,藤沢市善行１-２７,35.36285,139.473199,小田急江ノ島線,小田急電鉄,1,D,5,駅データ.jp
2500213,2500213,藤沢本町,神奈川県,藤沢市,藤沢市,藤沢市藤沢３-３-４,35.348188,139.476046,小田急江ノ島線,小田急電鉄,1,D,13,駅データ.jp
2500215,2500215,本鵠沼,神奈川県,藤沢市,藤沢市,藤沢市本鵠沼２-１３-１４,35.331129,139.475412,小田急江ノ島線,小田急電鉄,1,D,5,駅データ.jp
2500216,2500216,鵠沼海岸,神奈川県,藤沢市,藤沢市,藤沢市鵠沼海岸２-４-１０,35.320744,139.47121,小田急江ノ島線,小田急電鉄,1,D,5,駅データ.jp
2500217,2500217,片瀬江ノ島,神奈川県,藤沢市,藤沢市,藤沢市片瀬海岸２-１５-３,35.309345,139.482934,小田急江ノ島線,小田急電鉄,1,D,5,駅データ.jp
2500302,2500302,五月台,神奈川県,川崎市,川崎市麻生区,川崎市麻生区五力田３丁目,35.600174,139.493542,小田急多摩線,小田急電鉄,1,D,5,駅データ.jp
2500303,2500303,栗平,神奈川県,川崎市,川崎市麻生区,川崎市麻生区栗平２-１-１,35.605731,139.481298,小田急多摩線,小田急電鉄,1,D,5,駅データ.jp
2500304,2500304,黒川,神奈川県,川崎市,川崎市麻生区,川崎市麻生区南黒川４丁目,35.613203,139.470731,小田急多摩線,小田急電鉄,1,D,5,駅データ.jp
2500305,2500305,はるひ野,神奈川県,川崎市,川崎市麻生区,川崎市麻生区黒川字谷ツ１０２１番１,35.618885,139.464534,小田急多摩線,小田急電鉄,1,D,5,駅データ.jp
2500308,2500308,唐木田,東京都,多摩市,多摩市,多摩市落合,35.616672,139.411622,小田急多摩線,小田急電鉄,1,D,5,駅データ.jp
2600102,2600102,代官山,東京都,渋谷区,渋谷区,渋谷区代官山町１９-４,35.648193,139.703284,東急東横線,東急電鉄,1,D,5,駅データ.jp
2600103,2600103,中目黒,東京都,目黒区,目黒区,目黒区上目黒３-４-１,35.643854,139.698621,東京メトロ日比谷線|東急東横線,東京メトロ|東急電鉄,2,C,23,駅データ.jp
2600104,2600104,祐天寺,東京都,目黒区,目黒区,目黒区祐天寺２-１３-３,35.637163,139.690758,東急東横線,東急電鉄,1,D,5,駅データ.jp
2600105,2600105,学芸大学,東京都,目黒区,目黒区,目黒区鷹番３-２-１,35.628786,139.68522,東急東横線,東急電鉄,1,D,5,駅データ.jp
2600106,2600106,都立大学,東京都,目黒区,目黒区,目黒区中根１-５-１,35.617835,139.676393,東急東横線,東急電鉄,1,D,5,駅データ.jp
2600107,2600107,自由が丘,東京都,目黒区,目黒区,目黒区自由が丘１-３０-１,35.607224,139.668664,東急大井町線|東急東横線,東急電鉄,2,D,15,駅データ.jp
2600108,2600108,田園調布,東京都,大田区,大田区,大田区田園調布３-２５-１８,35.596815,139.667356,東急東横線|東急目黒線,東急電鉄,2,D,15,駅データ.jp
2600109,2600109,多摩川,東京都,大田区,大田区,大田区田園調布１-５３-８,35.589591,139.668723,東急多摩川線|東急東横線|東急目黒線,東急電鉄,3,C,24,駅データ.jp
2600110,2600110,新丸子,神奈川県,川崎市,川崎市中原区,川崎市中原区新丸子町７６６,35.58049,139.661964,東急東横線|東急目黒線,東急電鉄,2,D,15,駅データ.jp
2600112,2600112,元住吉,神奈川県,川崎市,川崎市中原区,川崎市中原区木月６７９,35.565698,139.654668,東急東横線|東急目黒線,東急電鉄,2,D,15,駅データ.jp
2600113,2600113,日吉,神奈川県,横浜市,横浜市港北区,横浜市港北区日吉２-１-１,35.553753,139.64696,グリーンライン|東急新横浜線|東急東横線|東急目黒線,東急電鉄|横浜市交通局,4,C,30,駅データ.jp
2600114,2600114,綱島,神奈川県,横浜市,横浜市港北区,横浜市港北区綱島西１-１-８,35.536772,139.635538,東急新横浜線|東急東横線,東急電鉄,2,D,15,駅データ.jp
2600115,2600115,大倉山,神奈川県,横浜市,横浜市港北区,横浜市港北区大倉山一丁目1-1,35.52243,139.629808,東急東横線,東急電鉄,1,D,5,駅データ.jp
2600117,2600117,妙蓮寺,神奈川県,横浜市,横浜市港北区,横浜市港北区菊名１-１-１,35.498779,139.633194,東急東横線,東急電鉄,1,D,5,駅データ.jp
2600118,2600118,白楽,神奈川県,横浜市,横浜市神奈川区,横浜市神奈川区白楽１００,35.489555,139.627875,東急東横線,東急電鉄,1,D,5,駅データ.jp
2600119,2600119,東白楽,神奈川県,横浜市,横浜市神奈川区,横浜市神奈川区白楽１２-１,35.483523,139.629364,東急東横線,東急電鉄,1,D,5,駅データ.jp
2600120,2600120,反町,神奈川県,横浜市,横浜市神奈川区,横浜市神奈川区反町１-１,35.47474,139.625337,東急東横線,東急電鉄,1,D,5,駅データ.jp
2600202,2600202,不動前,東京都,品川区,品川区,品川区西五反田５-１２-１,35.626526,139.71469,東急目黒線,東急電鉄,1,D,5,駅データ.jp
2600203,2600203,武蔵小山,東京都,品川区,品川区,品川区小山３-４-８,35.620538,139.704524,東急目黒線,東急電鉄,1,D,5,駅データ.jp
2600204,2600204,西小山,東京都,品川区,品川区,品川区小山６-３-１０,35.615455,139.698694,東急目黒線,東急電鉄,1,D,5,駅データ.jp
2600205,2600205,洗足,東京都,目黒区,目黒区,目黒区洗足２-２１-１,35.61043,139.694367,東急目黒線,東急電鉄,1,D,5,駅データ.jp
2600206,2600206,大岡山,東京都,大田区,大田区,大田区北千束３-２７-１,35.607456,139.685909,東急大井町線|東急目黒線,東急電鉄,2,D,15,駅データ.jp
2600207,2600207,奥沢,東京都,世田谷区,世田谷区,世田谷区奥沢３-４７-１７,35.603947,139.672355,東急目黒線,東急電鉄,1,D,5,駅データ.jp
2600302,2600302,池尻大橋,東京都,世田谷区,世田谷区,世田谷区池尻３-２,35.650603,139.684319,東急田園都市線,東急電鉄,1,D,5,駅データ.jp
2600303,2600303,三軒茶屋,東京都,世田谷区,世田谷区,世田谷区太子堂４-２１-１,35.643716,139.670156,東急世田谷線|東急田園都市線,東急電鉄,2,D,15,駅データ.jp
2600304,2600304,駒沢大学,東京都,世田谷区,世田谷区,世田谷区上馬４-３,35.633471,139.661702,東急田園都市線,東急電鉄,1,D,5,駅データ.jp
2600305,2600305,桜新町,東京都,世田谷区,世田谷区,世田谷区桜新町２-８,35.631666,139.644779,東急田園都市線,東急電鉄,1,D,5,駅データ.jp
2600306,2600306,用賀,東京都,世田谷区,世田谷区,世田谷区用賀２-３９,35.626436,139.633928,東急田園都市線,東急電鉄,1,D,5,駅データ.jp
2600307,2600307,二子玉川,東京都,世田谷区,世田谷区,世田谷区玉川２-２２-１３,35.611788,139.626685,東急大井町線|東急田園都市線,東急電鉄,2,D,15,駅データ.jp
2600308,2600308,二子新地,神奈川県,川崎市,川崎市高津区,川崎市高津区二子２-２-１,35.606994,139.622338,東急大井町線|東急田園都市線,東急電鉄,2,D,15,駅データ.jp
2600309,2600309,高津,神奈川県,川崎市,川崎市高津区,川崎市高津区二子４-１-１,35.603248,139.616934,東急大井町線|東急田園都市線,東急電鉄,2,D,15,駅データ.jp
2600311,2600311,梶が谷,神奈川県,川崎市,川崎市高津区,川崎市高津区末長字姿見台８５,35.593963,139.605885,東急田園都市線,東急電鉄,1,D,5,駅データ.jp
2600312,2600312,宮崎台,神奈川県,川崎市,川崎市宮前区,川崎市宮前区宮崎２-１０-１２,35.587228,139.591313,東急田園都市線,東急電鉄,1,D,5,駅データ.jp
2600313,2600313,宮前平,神奈川県,川崎市,川崎市宮前区,川崎市宮前区宮前１-１１-１,35.584951,139.581983,東急田園都市線,東急電鉄,1,D,5,駅データ.jp
2600314,2600314,鷺沼,神奈川県,川崎市,川崎市宮前区,川崎市宮前区鷺沼３-１-１,35.579762,139.573268,東急田園都市線,東急電鉄,1,D,5,駅データ.jp
2600315,2600315,たまプラーザ,神奈川県,横浜市,横浜市青葉区,横浜市青葉区美しが丘１-３,35.577427,139.558447,東急田園都市線,東急電鉄,1,D,5,駅データ.jp
2600316,2600316,あざみ野,神奈川県,横浜市,横浜市青葉区,横浜市青葉区あざみ野２-１-１,35.56836,139.553578,ブルーライン|東急田園都市線,東急電鉄|横浜市交通局,2,D,15,駅データ.jp
2600317,2600317,江田,神奈川県,横浜市,横浜市青葉区,横浜市青葉区荏田町２３６０,35.558671,139.551518,東急田園都市線,東急電鉄,1,D,5,駅データ.jp
2600318,2600318,市が尾,神奈川県,横浜市,横浜市青葉区,横浜市青葉区市ケ尾町１１５６-１,35.551483,139.541496,東急田園都市線,東急電鉄,1,D,5,駅データ.jp
2600319,2600319,藤が丘,神奈川県,横浜市,横浜市青葉区,横浜市青葉区藤が丘２-５-４,35.543454,139.527655,東急田園都市線,東急電鉄,1,D,5,駅データ.jp
2600320,2600320,青葉台,神奈川県,横浜市,横浜市青葉区,横浜市青葉区青葉台１-７-３,35.542855,139.517376,東急田園都市線,東急電鉄,1,D,5,駅データ.jp
2600321,2600321,田奈,神奈川県,横浜市,横浜市青葉区,横浜市青葉区田奈町３９８７,35.536204,139.504855,東急田園都市線,東急電鉄,1,D,5,駅データ.jp
2600323,2600323,つくし野,東京都,町田市,町田市,町田市つくし野４-１,35.527559,139.485139,東急田園都市線,東急電鉄,1,D,5,駅データ.jp
2600324,2600324,すずかけ台,東京都,町田市,町田市,町田市つくし野３-１,35.517094,139.481684,東急田園都市線,東急電鉄,1,D,5,駅データ.jp
2600325,2600325,南町田グランベリーパーク,東京都,町田市,町田市,町田市鶴間３-３-２,35.511502,139.470318,東急田園都市線,東急電鉄,1,D,13,駅データ.jp
2600326,2600326,つきみ野,神奈川県,大和市,大和市,大和市つきみ野５-８-１,35.510546,139.458651,東急田園都市線,東急電鉄,1,D,5,駅データ.jp
2600402,2600402,下神明,東京都,品川区,品川区,品川区西品川１-２９-６,35.608704,139.726256,東急大井町線,東急電鉄,1,D,5,駅データ.jp
2600403,2600403,戸越公園,東京都,品川区,品川区,品川区戸越５-１０-１５,35.608856,139.718159,東急大井町線,東急電鉄,1,D,5,駅データ.jp
2600404,2600404,中延,東京都,品川区,品川区,品川区中延４-５-５,35.605739,139.713131,東急大井町線|都営浅草線,東京都交通局|東急電鉄,2,D,15,駅データ.jp
2600405,2600405,荏原町,東京都,品川区,品川区,品川区中延５-２-１,35.60382,139.707571,東急大井町線,東急電鉄,1,D,5,駅データ.jp
2600406,2600406,旗の台,東京都,品川区,品川区,品川区旗の台２-１３-１,35.604923,139.702286,東急大井町線|東急池上線,東急電鉄,2,D,15,駅データ.jp
2600407,2600407,北千束,東京都,大田区,大田区,大田区北千束２-１６-１,35.606311,139.693303,東急大井町線,東急電鉄,1,D,5,駅データ.jp
2600409,2600409,緑が丘,東京都,目黒区,目黒区,目黒区緑が丘３-１-１２,35.60638,139.679482,東急大井町線,東急電鉄,1,D,5,駅データ.jp
2600411,2600411,九品仏,東京都,世田谷区,世田谷区,世田谷区奥沢７-２０-１,35.60538,139.660992,東急大井町線,東急電鉄,1,D,5,駅データ.jp
2600412,2600412,尾山台,東京都,世田谷区,世田谷区,世田谷区等々力５-５-７,35.606971,139.653862,東急大井町線,東急電鉄,1,D,5,駅データ.jp
2600413,2600413,等々力,東京都,世田谷区,世田谷区,世田谷区等々力３-１-１,35.608369,139.647938,東急大井町線,東急電鉄,1,D,5,駅データ.jp
2600414,2600414,上野毛,東京都,世田谷区,世田谷区,世田谷区上野毛１-２６-６,35.611957,139.638917,東急大井町線,東急電鉄,1,D,5,駅データ.jp
2600502,2600502,大崎広小路,東京都,品川区,品川区,品川区大崎４-１-１,35.622244,139.722339,東急池上線,東急電鉄,1,D,5,駅データ.jp
2600503,2600503,戸越銀座,東京都,品川区,品川区,品川区平塚２-１６-１,35.61528,139.715679,東急池上線|都営浅草線,東京都交通局|東急電鉄,2,D,15,駅データ.jp
2600504,2600504,荏原中延,東京都,品川区,品川区,品川区中延２-８-１,35.610056,139.712196,東急池上線,東急電鉄,1,D,5,駅データ.jp
2600506,2600506,長原,東京都,大田区,大田区,大田区上池台１-１０-１０,35.60219,139.697881,東急池上線,東急電鉄,1,D,5,駅データ.jp
2600507,2600507,洗足池,東京都,大田区,大田区,大田区東雪谷１-１-６,35.599648,139.690896,東急池上線,東急電鉄,1,D,5,駅データ.jp
2600508,2600508,石川台,東京都,大田区,大田区,大田区東雪谷２-２３-１,35.596888,139.685063,東急池上線,東急電鉄,1,D,5,駅データ.jp
2600509,2600509,雪が谷大塚,東京都,大田区,大田区,大田区南雪谷２-２-１６,35.592038,139.681083,東急池上線,東急電鉄,1,D,5,駅データ.jp
2600510,2600510,御嶽山,東京都,大田区,大田区,大田区北嶺町３２-１７,35.585236,139.682473,東急池上線,東急電鉄,1,D,5,駅データ.jp
2600511,2600511,久が原,東京都,大田区,大田区,大田区南久が原２-６-１０,35.579499,139.685678,東急池上線,東急電鉄,1,D,5,駅データ.jp
2600512,2600512,千鳥町,東京都,大田区,大田区,大田区千鳥１-２０-１,35.572983,139.69142,東急池上線,東急電鉄,1,D,5,駅データ.jp
2600513,2600513,池上,東京都,大田区,大田区,大田区池上６-３-１０,35.572025,139.702822,東急池上線,東急電鉄,1,D,5,駅データ.jp
2600514,2600514,蓮沼,東京都,大田区,大田区,大田区西蒲田７-１７-１,35.564173,139.708544,東急池上線,東急電鉄,1,D,5,駅データ.jp
2600602,2600602,沼部,東京都,大田区,大田区,大田区田園調布本町２８-１,35.582526,139.67326,東急多摩川線,東急電鉄,1,D,5,駅データ.jp
2600603,2600603,鵜の木,東京都,大田区,大田区,大田区鵜の木２-４-１,35.575452,139.680554,東急多摩川線,東急電鉄,1,D,5,駅データ.jp
2600604,2600604,下丸子,東京都,大田区,大田区,大田区下丸子３-７-１,35.571397,139.685576,東急多摩川線,東急電鉄,1,D,5,駅データ.jp
2600605,2600605,武蔵新田,東京都,大田区,大田区,大田区矢口１-１８-１,35.567806,139.692506,東急多摩川線,東急電鉄,1,D,5,駅データ.jp
2600606,2600606,矢口渡,東京都,大田区,大田区,大田区多摩川１-２０-１５,35.562462,139.700389,東急多摩川線,東急電鉄,1,D,5,駅データ.jp
2600702,2600702,西太子堂,東京都,世田谷区,世田谷区,世田谷区太子堂４-１０-３,35.644545,139.666382,東急世田谷線,東急電鉄,1,D,5,駅データ.jp
2600703,2600703,若林,東京都,世田谷区,世田谷区,世田谷区若林４-３-１５,35.645933,139.659911,東急世田谷線,東急電鉄,1,D,5,駅データ.jp
2600704,2600704,松陰神社前,東京都,世田谷区,世田谷区,世田谷区若林４-２１-１６,35.643947,139.655211,東急世田谷線,東急電鉄,1,D,5,駅データ.jp
2600705,2600705,世田谷,東京都,世田谷区,世田谷区,世田谷区世田谷４-９-６,35.643564,139.650945,東急世田谷線,東急電鉄,1,D,13,駅データ.jp
2600706,2600706,上町,東京都,世田谷区,世田谷区,世田谷区世田谷３-４-３,35.643656,139.646276,東急世田谷線,東急電鉄,1,D,5,駅データ.jp
2600707,2600707,宮の坂,東京都,世田谷区,世田谷区,世田谷区宮坂１-２４-７,35.647508,139.64494,東急世田谷線,東急電鉄,1,D,5,駅データ.jp
2600709,2600709,松原,東京都,世田谷区,世田谷区,世田谷区松原４-１０-８,35.660048,139.642,東急世田谷線,東急電鉄,1,D,5,駅データ.jp
2600802,2600802,恩田,神奈川県,横浜市,横浜市青葉区,横浜市青葉区恩田町２０４３,35.545535,139.492127,東急こどもの国線,東急電鉄,1,D,5,駅データ.jp
2600803,2600803,こどもの国,神奈川県,横浜市,横浜市青葉区,横浜市青葉区奈良町宇島９９５-１,35.558035,139.486657,東急こどもの国線,東急電鉄,1,D,5,駅データ.jp
2700101,2700101,泉岳寺,東京都,港区,港区,港区高輪２-１６-３４,35.638692,139.74002,京急本線|都営浅草線,京急電鉄|東京都交通局,2,D,15,駅データ.jp
2700103,2700103,北品川,東京都,品川区,品川区,品川区北品川１-１-４,35.622458,139.739191,京急本線,京急電鉄,1,D,13,駅データ.jp
2700104,2700104,新馬場,東京都,品川区,品川区,品川区北品川２-１８-１,35.61762,139.741366,京急本線,京急電鉄,1,D,5,駅データ.jp
2700105,2700105,青物横丁,東京都,品川区,品川区,品川区南品川３-１-２０,35.609351,139.742958,京急本線,京急電鉄,1,D,5,駅データ.jp
2700106,2700106,鮫洲,東京都,品川区,品川区,品川区東大井１-２-２０,35.604977,139.742227,京急本線,京急電鉄,1,D,5,駅データ.jp
2700107,2700107,立会川,東京都,品川区,品川区,品川区東大井２-２３-１,35.598489,139.738886,京急本線,京急電鉄,1,D,5,駅データ.jp
2700108,2700108,大森海岸,東京都,品川区,品川区,品川区南大井３-３２-１,35.587576,139.73544,京急本線,京急電鉄,1,D,5,駅データ.jp
2700109,2700109,平和島,東京都,大田区,大田区,大田区大森北６-１３-１１,35.57868,139.73491,京急本線,京急電鉄,1,D,5,駅データ.jp
2700110,2700110,大森町,東京都,大田区,大田区,大田区大森西３-２４-７,35.572431,139.732027,京急本線,京急電鉄,1,D,5,駅データ.jp
2700111,2700111,梅屋敷,東京都,大田区,大田区,大田区蒲田２-２８-１,35.566873,139.728266,京急本線,京急電鉄,1,D,5,駅データ.jp
2700112,2700112,京急蒲田,東京都,大田区,大田区,大田区蒲田４-５０-１０,35.560796,139.723681,京急本線|京急空港線,京急電鉄,2,D,15,駅データ.jp
2700113,2700113,雑色,東京都,大田区,大田区,大田区仲六郷２-４２-１,35.549725,139.715005,京急本線,京急電鉄,1,D,5,駅データ.jp
2700114,2700114,六郷土手,東京都,大田区,大田区,大田区仲六郷４-２７-１１,35.540577,139.7076,京急本線,京急電鉄,1,D,5,駅データ.jp
2700115,2700115,京急川崎,神奈川県,川崎市,川崎市川崎区,川崎市川崎区砂子１-３-１,35.53285,139.700893,京急大師線|京急本線,京急電鉄,2,D,15,駅データ.jp
2700117,2700117,鶴見市場,神奈川県,横浜市,横浜市鶴見区,横浜市鶴見区市場大和町７-１,35.517594,139.68642,京急本線,京急電鉄,1,D,5,駅データ.jp
2700119,2700119,花月総持寺,神奈川県,横浜市,横浜市鶴見区,横浜市鶴見区生麦５-１-３,35.500358,139.672813,京急本線,京急電鉄,1,D,5,駅データ.jp
2700120,2700120,生麦,神奈川県,横浜市,横浜市鶴見区,横浜市鶴見区生麦３-１-３５,35.4956,139.6673,京急本線,京急電鉄,1,D,5,駅データ.jp
2700122,2700122,子安,神奈川県,横浜市,横浜市神奈川区,横浜市神奈川区子安通１-４６,35.484556,139.644965,京急本線,京急電鉄,1,D,5,駅データ.jp
2700123,2700123,神奈川新町,神奈川県,横浜市,横浜市神奈川区,横浜市神奈川区亀住町１９-１,35.481559,139.640152,京急本線,京急電鉄,1,D,5,駅データ.jp
2700125,2700125,神奈川,神奈川県,横浜市,横浜市神奈川区,横浜市神奈川区青木町１-１,35.471304,139.627364,京急本線,京急電鉄,1,D,5,駅データ.jp
2700127,2700127,戸部,神奈川県,横浜市,横浜市西区,横浜市西区戸部本町４８-１１,35.456631,139.61956,京急本線,京急電鉄,1,D,5,駅データ.jp
2700128,2700128,日ノ出町,神奈川県,横浜市,横浜市中区,横浜市中区日ノ出町１-３１,35.445524,139.626696,京急本線,京急電鉄,1,D,5,駅データ.jp
2700129,2700129,黄金町,神奈川県,横浜市,横浜市南区,横浜市南区白金町１-１,35.439694,139.62246,京急本線,京急電鉄,1,D,5,駅データ.jp
2700130,2700130,南太田,神奈川県,横浜市,横浜市南区,横浜市南区南太田１-２５-１,35.436923,139.613408,京急本線,京急電鉄,1,D,5,駅データ.jp
2700131,2700131,井土ヶ谷,神奈川県,横浜市,横浜市南区,横浜市南区井土ケ谷中町,35.433895,139.60061,京急本線,京急電鉄,1,D,5,駅データ.jp
2700132,2700132,弘明寺,神奈川県,横浜市,横浜市南区,横浜市南区弘明寺町267,35.42437,139.596791,京急本線,京急電鉄,1,D,5,駅データ.jp
2700133,2700133,上大岡,神奈川県,横浜市,横浜市港南区,横浜市港南区上大岡西１-６-１,35.409081,139.596227,ブルーライン|京急本線,京急電鉄|横浜市交通局,2,D,15,駅データ.jp
2700134,2700134,屏風浦,神奈川県,横浜市,横浜市磯子区,横浜市磯子区森３-１８-６,35.394176,139.610387,京急本線,京急電鉄,1,D,5,駅データ.jp
2700135,2700135,杉田,神奈川県,横浜市,横浜市磯子区,横浜市磯子区杉田２-１-９,35.383796,139.615734,京急本線,京急電鉄,1,D,5,駅データ.jp
2700136,2700136,京急富岡,神奈川県,横浜市,横浜市金沢区,横浜市金沢区富岡西７-１-１,35.366743,139.629772,京急本線,京急電鉄,1,D,5,駅データ.jp
2700137,2700137,能見台,神奈川県,横浜市,横浜市金沢区,横浜市金沢区能見台通２-１,35.360528,139.629233,京急本線,京急電鉄,1,D,5,駅データ.jp
2700138,2700138,金沢文庫,神奈川県,横浜市,横浜市金沢区,横浜市金沢区谷津町３８４,35.342966,139.621606,京急本線,京急電鉄,1,D,5,駅データ.jp
2700139,2700139,金沢八景,神奈川県,横浜市,横浜市金沢区,横浜市金沢区瀬戸１５-１,35.331244,139.620831,京急本線|京急逗子線|金沢シーサイドライン,京急電鉄|横浜シーサイドライン,3,C,24,駅データ.jp
2700140,2700140,追浜,神奈川県,横須賀市,横須賀市,横須賀市追浜町３-３,35.315461,139.624905,京急本線,京急電鉄,1,D,5,駅データ.jp
2700141,2700141,京急田浦,神奈川県,横須賀市,横須賀市,横須賀市船越町５-２,35.300892,139.625252,京急本線,京急電鉄,1,D,5,駅データ.jp
2700142,2700142,安針塚,神奈川県,横須賀市,横須賀市,横須賀市長浦町２-３２,35.286641,139.64292,京急本線,京急電鉄,1,D,5,駅データ.jp
2700143,2700143,逸見,神奈川県,横須賀市,横須賀市,横須賀市東逸見町２-１８,35.28048,139.653149,京急本線,京急電鉄,1,D,5,駅データ.jp
2700144,2700144,汐入,神奈川県,横須賀市,横須賀市,横須賀市汐入町２-４１,35.280241,139.662443,京急本線,京急電鉄,1,D,5,駅データ.jp
2700145,2700145,横須賀中央,神奈川県,横須賀市,横須賀市,横須賀市若松町２-２５,35.27858,139.670217,京急本線,京急電鉄,1,D,13,駅データ.jp
2700146,2700146,県立大学,神奈川県,横須賀市,横須賀市,横須賀市安浦町２-２８,35.269731,139.677033,京急本線,京急電鉄,1,D,5,駅データ.jp
2700147,2700147,堀ノ内,神奈川県,横須賀市,横須賀市,横須賀市三春町３-４５,35.26322,139.686932,京急久里浜線|京急本線,京急電鉄,2,D,15,駅データ.jp
2700148,2700148,京急大津,神奈川県,横須賀市,横須賀市,横須賀市大津町１-１１-１９,35.261068,139.695334,京急本線,京急電鉄,1,D,5,駅データ.jp
2700149,2700149,馬堀海岸,神奈川県,横須賀市,横須賀市,横須賀市馬堀町３-２０-１,35.259651,139.707328,京急本線,京急電鉄,1,D,5,駅データ.jp
2700150,2700150,浦賀,神奈川県,横須賀市,横須賀市,横須賀市浦賀町１-８６,35.250933,139.714999,京急本線,京急電鉄,1,D,5,駅データ.jp
2700202,2700202,糀谷,東京都,大田区,大田区,大田区西糀谷４-１３-１７,35.5545,139.72962,京急空港線,京急電鉄,1,D,5,駅データ.jp
2700203,2700203,大鳥居,東京都,大田区,大田区,大田区西糀谷３-３７-１８,35.552531,139.739356,京急空港線,京急電鉄,1,D,5,駅データ.jp
2700204,2700204,穴守稲荷,東京都,大田区,大田区,大田区羽田４-６-１１,35.550326,139.746669,京急空港線,京急電鉄,1,D,5,駅データ.jp
2700205,2700205,天空橋,東京都,大田区,大田区,大田区羽田空港１-１-２,35.548908,139.75423,京急空港線|東京モノレール,京急電鉄|東京モノレール,2,D,15,駅データ.jp
2700206,2700206,羽田空港第1・第2ターミナル,東京都,大田区,大田区,大田区羽田空港３-３-４,35.549902,139.786198,京急空港線|東京モノレール,京急電鉄|東京モノレール,2,D,15,駅データ.jp
2700207,2700207,羽田空港第3ターミナル,東京都,大田区,大田区,東京都大田区羽田空港二丁目6番5号,35.544422,139.768587,京急空港線|東京モノレール,京急電鉄|東京モノレール,2,D,15,駅データ.jp
2700302,2700302,港町,神奈川県,川崎市,川崎市川崎区,川崎市川崎区港町１-１,35.535014,139.712578,京急大師線,京急電鉄,1,D,5,駅データ.jp
2700303,2700303,鈴木町,神奈川県,川崎市,川崎市川崎区,川崎市川崎区鈴木町２-２,35.53535,139.720655,京急大師線,京急電鉄,1,D,5,駅データ.jp
2700304,2700304,川崎大師,神奈川県,川崎市,川崎市川崎区,川崎市川崎区大師駅前１-１８-１,35.535711,139.725946,京急大師線,京急電鉄,1,D,5,駅データ.jp
2700305,2700305,東門前,神奈川県,川崎市,川崎市川崎区,川崎市川崎区中瀬３-２３-１０,35.536566,139.734298,京急大師線,京急電鉄,1,D,5,駅データ.jp
2700306,2700306,大師橋,神奈川県,川崎市,川崎市川崎区,川崎市川崎区大師河原２-４-２５,35.536611,139.740381,京急大師線,京急電鉄,1,D,5,駅データ.jp
2700307,2700307,小島新田,神奈川県,川崎市,川崎市川崎区,川崎市川崎区田町２-３-１５,35.534798,139.747575,京急大師線,京急電鉄,1,D,5,駅データ.jp
2700402,2700402,六浦,神奈川県,横浜市,横浜市金沢区,横浜市金沢区六浦町１５３４,35.32269,139.611532,京急逗子線,京急電鉄,1,D,5,駅データ.jp
2700403,2700403,神武寺,神奈川県,逗子市,逗子市,逗子市池子２-１１-２,35.306233,139.592947,京急逗子線,京急電鉄,1,D,5,駅データ.jp
2700404,2700404,逗子・葉山,神奈川県,逗子市,逗子市,逗子市逗子５-１-６,35.294189,139.580359,京急逗子線,京急電鉄,1,D,13,駅データ.jp
2700502,2700502,新大津,神奈川県,横須賀市,横須賀市,横須賀市大津町４-７-１,35.257013,139.69016,京急久里浜線,京急電鉄,1,D,5,駅データ.jp
2700503,2700503,北久里浜,神奈川県,横須賀市,横須賀市,横須賀市根岸町２-２０６,35.249355,139.686368,京急久里浜線,京急電鉄,1,D,5,駅データ.jp
2700505,2700505,ＹＲＰ野比,神奈川県,横須賀市,横須賀市,横須賀市野比１-９-１,35.212229,139.685068,京急久里浜線,京急電鉄,1,D,5,駅データ.jp
2700506,2700506,京急長沢,神奈川県,横須賀市,横須賀市,横須賀市長沢１-３５-１,35.20548,139.674048,京急久里浜線,京急電鉄,1,D,5,駅データ.jp
2700507,2700507,津久井浜,神奈川県,横須賀市,横須賀市,横須賀市津久井４-２-１,35.198419,139.665279,京急久里浜線,京急電鉄,1,D,5,駅データ.jp
2700508,2700508,三浦海岸,神奈川県,三浦市,三浦市,三浦市南下浦町上宮田１４９７,35.188084,139.653138,京急久里浜線,京急電鉄,1,D,13,駅データ.jp
2700509,2700509,三崎口,神奈川県,三浦市,三浦市,三浦市初声町下宮田４９５,35.177515,139.633207,京急久里浜線,京急電鉄,1,D,5,駅データ.jp
2800102,2800102,田原町,東京都,台東区,台東区,台東区西浅草１-１-１８,35.709897,139.790897,東京メトロ銀座線,東京メトロ,1,D,5,駅データ.jp
2800103,2800103,稲荷町,東京都,台東区,台東区,台東区東上野３-３３-１１,35.711273,139.782593,東京メトロ銀座線,東京メトロ,1,D,5,駅データ.jp
2800106,2800106,末広町,東京都,千代田区,千代田区,千代田区外神田４-７-３,35.702972,139.771713,東京メトロ銀座線,東京メトロ,1,D,5,駅データ.jp
2800109,2800109,日本橋,東京都,中央区,中央区,中央区日本橋１丁目,35.681948,139.774251,東京メトロ東西線|東京メトロ銀座線|都営浅草線,東京メトロ|東京都交通局,3,C,24,駅データ.jp
2800110,2800110,京橋,東京都,中央区,中央区,中央区京橋２-２-１０,35.676158,139.770947,東京メトロ銀座線|都営浅草線,東京メトロ|東京都交通局,2,A,60,駅データ.jp
2800111,2800111,銀座,東京都,中央区,中央区,中央区銀座４-１-２,35.672579,139.764735,東京メトロ丸ノ内線|東京メトロ日比谷線|東京メトロ有楽町線|東京メトロ銀座線,東京メトロ,4,A,60,駅データ.jp
2800113,2800113,虎ノ門,東京都,港区,港区,港区虎ノ門１-１-２１,35.66884,139.748805,東京メトロ日比谷線|東京メトロ銀座線,東京メトロ,2,D,15,駅データ.jp
2800114,2800114,溜池山王,東京都,千代田区,千代田区,千代田区永田町２-１１-１,35.673621,139.741419,東京メトロ南北線|東京メトロ銀座線,東京メトロ,2,D,15,駅データ.jp
2800115,2800115,赤坂見附,東京都,港区,港区,港区赤坂３-１-６,35.678063,139.738974,東京メトロ丸ノ内線|東京メトロ半蔵門線|東京メトロ南北線|東京メトロ有楽町線|東京メトロ銀座線,東京メトロ,5,C,35,駅データ.jp
2800116,2800116,青山一丁目,東京都,港区,港区,港区南青山１-１-１９,35.67282,139.724093,東京メトロ半蔵門線|東京メトロ銀座線|都営大江戸線,東京メトロ|東京都交通局,3,C,24,駅データ.jp
2800117,2800117,外苑前,東京都,港区,港区,港区北青山２-７-１６,35.670527,139.717857,東京メトロ銀座線,東京メトロ,1,D,5,駅データ.jp
2800118,2800118,表参道,東京都,港区,港区,港区北青山３丁目,35.665247,139.712314,東京メトロ千代田線|東京メトロ半蔵門線|東京メトロ銀座線,東京メトロ,3,A,60,駅データ.jp
2800202,2800202,新大塚,東京都,文京区,文京区,文京区大塚４-５１-５,35.72569,139.729971,東京メトロ丸ノ内線,東京メトロ,1,D,5,駅データ.jp
2800203,2800203,茗荷谷,東京都,文京区,文京区,文京区小日向４-６-１５,35.716989,139.737184,東京メトロ丸ノ内線,東京メトロ,1,D,5,駅データ.jp
2800204,2800204,後楽園,東京都,文京区,文京区,文京区春日１-２-３,35.707898,139.751864,東京メトロ丸ノ内線|東京メトロ南北線,東京メトロ,2,D,15,駅データ.jp
2800205,2800205,本郷三丁目,東京都,文京区,文京区,文京区本郷２-３９-１,35.707066,139.760005,東京メトロ丸ノ内線|都営大江戸線,東京メトロ|東京都交通局,2,D,15,駅データ.jp
2800208,2800208,大手町,東京都,千代田区,千代田区,千代田区大手町１丁目,35.685847,139.76455,東京メトロ丸ノ内線|東京メトロ千代田線|東京メトロ半蔵門線|東京メトロ東西線|都営三田線,東京メトロ|東京都交通局,5,C,35,駅データ.jp
2800211,2800211,霞ケ関,東京都,千代田区,千代田区,千代田区霞が関２丁目,35.673838,139.750899,東京メトロ丸ノ内線|東京メトロ千代田線|東京メトロ日比谷線,東京メトロ,3,C,24,駅データ.jp
2800212,2800212,国会議事堂前,東京都,千代田区,千代田区,千代田区永田町１丁目,35.67393,139.745219,東京メトロ丸ノ内線|東京メトロ千代田線,東京メトロ,2,D,15,駅データ.jp
2800215,2800215,四谷三丁目,東京都,新宿区,新宿区,新宿区四谷３-８,35.687958,139.720103,東京メトロ丸ノ内線,東京メトロ,1,D,5,駅データ.jp
2800216,2800216,新宿御苑前,東京都,新宿区,新宿区,新宿区新宿１-８-１,35.688588,139.71069,東京メトロ丸ノ内線,東京メトロ,1,D,13,駅データ.jp
2800217,2800217,新宿三丁目,東京都,新宿区,新宿区,新宿区新宿３-１４-１,35.690772,139.705331,東京メトロ丸ノ内線|東京メトロ副都心線|都営新宿線,東京メトロ|東京都交通局,3,C,32,駅データ.jp
2800219,2800219,西新宿,東京都,新宿区,新宿区,新宿区西新宿６-７-５１,35.694298,139.692778,東京メトロ丸ノ内線,東京メトロ,1,D,13,駅データ.jp
2800220,2800220,中野坂上,東京都,中野区,中野区,中野区中央２-１-２,35.697505,139.682594,東京メトロ丸ノ内線|都営大江戸線,東京メトロ|東京都交通局,2,C,23,駅データ.jp
2800221,2800221,新中野,東京都,中野区,中野区,中野区中央４-２-１５,35.697491,139.66903,東京メトロ丸ノ内線,東京メトロ,1,D,13,駅データ.jp
2800222,2800222,東高円寺,東京都,杉並区,杉並区,杉並区和田３-５５-４２,35.697802,139.657822,東京メトロ丸ノ内線,東京メトロ,1,D,5,駅データ.jp
2800223,2800223,新高円寺,東京都,杉並区,杉並区,杉並区高円寺南２-２０-１,35.697985,139.648068,東京メトロ丸ノ内線,東京メトロ,1,D,5,駅データ.jp
2800224,2800224,南阿佐ケ谷,東京都,杉並区,杉並区,杉並区阿佐谷南１-１５-７,35.699624,139.63576,東京メトロ丸ノ内線,東京メトロ,1,D,5,駅データ.jp
2800226,2800226,中野新橋,東京都,中野区,中野区,中野区弥生町２-２６-８,35.692123,139.673997,東京メトロ丸ノ内線,東京メトロ,1,D,13,駅データ.jp
2800227,2800227,中野富士見町,東京都,中野区,中野区,中野区弥生町５-２４-４,35.690514,139.666933,東京メトロ丸ノ内線,東京メトロ,1,D,13,駅データ.jp
2800228,2800228,方南町,東京都,杉並区,杉並区,杉並区堀ノ内１-１-１,35.683496,139.656498,東京メトロ丸ノ内線,東京メトロ,1,D,5,駅データ.jp
2800229,2800229,春日,東京都,文京区,文京区,文京区春日１-１６-１７,35.709598,139.75325,都営三田線|都営大江戸線,東京都交通局,2,D,15,駅データ.jp
2800303,2800303,三ノ輪,東京都,台東区,台東区,台東区三ノ輪２-１４-７,35.729623,139.791485,東京メトロ日比谷線,東京メトロ,1,D,5,駅データ.jp
2800304,2800304,入谷,東京都,台東区,台東区,台東区入谷１-６-４,35.719862,139.783924,東京メトロ日比谷線,東京メトロ,1,D,5,駅データ.jp
2800308,2800308,小伝馬町,東京都,中央区,中央区,中央区日本橋小伝馬町１１-１,35.690737,139.778433,東京メトロ日比谷線,東京メトロ,1,D,5,駅データ.jp
2800309,2800309,人形町,東京都,中央区,中央区,中央区日本橋人形町２-６-５,35.685099,139.783316,東京メトロ半蔵門線|東京メトロ日比谷線|都営浅草線,東京メトロ|東京都交通局,3,C,24,駅データ.jp
2800310,2800310,茅場町,東京都,中央区,中央区,中央区日本橋茅場町１-４-６,35.679752,139.780005,東京メトロ日比谷線|東京メトロ東西線,東京メトロ,2,D,15,駅データ.jp
2800312,2800312,築地,東京都,中央区,中央区,中央区築地３-１５-１,35.669289,139.773157,東京メトロ日比谷線|東京メトロ有楽町線,東京メトロ,2,D,15,駅データ.jp
2800313,2800313,東銀座,東京都,中央区,中央区,中央区銀座４-１２-１５,35.669464,139.767253,東京メトロ日比谷線|都営浅草線,東京メトロ|東京都交通局,2,D,15,駅データ.jp
2800317,2800317,神谷町,東京都,港区,港区,港区虎ノ門５-１２-１１,35.662978,139.745069,東京メトロ日比谷線,東京メトロ,1,D,5,駅データ.jp
2800318,2800318,六本木,東京都,港区,港区,港区六本木６-１-２５,35.663379,139.731505,東京メトロ日比谷線|都営大江戸線,東京メトロ|東京都交通局,2,A,60,駅データ.jp
2800319,2800319,広尾,東京都,港区,港区,港区南麻布５-１０-２８,35.652279,139.722202,東京メトロ日比谷線,東京メトロ,1,D,5,駅データ.jp
2800402,2800402,落合,東京都,新宿区,新宿区,新宿区上落合２-１３-７,35.710976,139.687284,東京メトロ東西線,東京メトロ,1,D,5,駅データ.jp
2800404,2800404,早稲田,東京都,新宿区,新宿区,東京都新宿区早稲田南町12,35.705723,139.721319,東京メトロ東西線,東京メトロ,1,D,5,駅データ.jp
2800405,2800405,神楽坂,東京都,新宿区,新宿区,新宿区矢来町１１２,35.70379,139.734546,東京メトロ東西線,東京メトロ,1,D,5,駅データ.jp
2800407,2800407,九段下,東京都,千代田区,千代田区,千代田区九段南１-６-１,35.695589,139.751948,東京メトロ半蔵門線|東京メトロ東西線|都営新宿線,東京メトロ|東京都交通局,3,C,24,駅データ.jp
2800408,2800408,竹橋,東京都,千代田区,千代田区,千代田区一ツ橋１-１-１,35.690662,139.756817,東京メトロ東西線,東京メトロ,1,D,5,駅データ.jp
2800412,2800412,門前仲町,東京都,江東区,江東区,江東区門前仲町１丁目,35.671851,139.796209,東京メトロ東西線|都営大江戸線,東京メトロ|東京都交通局,2,D,15,駅データ.jp
2800413,2800413,木場,東京都,江東区,江東区,江東区木場５-５-１,35.669351,139.807042,東京メトロ東西線,東京メトロ,1,D,5,駅データ.jp
2800414,2800414,東陽町,東京都,江東区,江東区,江東区東陽４-２-１,35.669629,139.817596,東京メトロ東西線,東京メトロ,1,D,5,駅データ.jp
2800415,2800415,南砂町,東京都,江東区,江東区,江東区南砂３-１１-８５,35.668796,139.83065,東京メトロ東西線,東京メトロ,1,D,5,駅データ.jp
2800416,2800416,西葛西,東京都,江戸川区,江戸川区,江戸川区西葛西６-１４-１,35.664631,139.859259,東京メトロ東西線,東京メトロ,1,D,5,駅データ.jp
2800417,2800417,葛西,東京都,江戸川区,江戸川区,江戸川区中葛西５-４３-１１,35.663554,139.872458,東京メトロ東西線,東京メトロ,1,D,5,駅データ.jp
2800418,2800418,浦安,千葉県,浦安市,浦安市,浦安市北栄１-１３-１,35.665932,139.893193,東京メトロ東西線,東京メトロ,1,D,13,駅データ.jp
2800419,2800419,南行徳,千葉県,市川市,市川市,市川市相之川４-１７-１,35.672687,139.902311,東京メトロ東西線,東京メトロ,1,D,5,駅データ.jp
2800420,2800420,行徳,千葉県,市川市,市川市,市川市行徳駅前２-４-１,35.682686,139.914254,東京メトロ東西線,東京メトロ,1,D,5,駅データ.jp
2800421,2800421,妙典,千葉県,市川市,市川市,市川市富浜１-２-１０,35.690935,139.924209,東京メトロ東西線,東京メトロ,1,D,5,駅データ.jp
2800422,2800422,原木中山,千葉県,船橋市,船橋市,船橋市本中山７-７-１,35.703517,139.942029,東京メトロ東西線,東京メトロ,1,D,5,駅データ.jp
2800501,2800501,北綾瀬,東京都,足立区,足立区,足立区谷中２丁目,35.777117,139.832035,東京メトロ千代田線,東京メトロ,1,D,5,駅データ.jp
2800506,2800506,千駄木,東京都,文京区,文京区,文京区千駄木２丁目,35.725549,139.763243,東京メトロ千代田線,東京メトロ,1,D,5,駅データ.jp
2800507,2800507,根津,東京都,文京区,文京区,文京区根津１丁目,35.7174,139.765655,東京メトロ千代田線,東京メトロ,1,D,5,駅データ.jp
2800508,2800508,湯島,東京都,文京区,文京区,文京区湯島３丁目,35.708243,139.769916,東京メトロ千代田線,東京メトロ,1,D,5,駅データ.jp
2800511,2800511,二重橋前,東京都,千代田区,千代田区,千代田区丸の内２丁目,35.681071,139.761948,東京メトロ千代田線,東京メトロ,1,D,5,駅データ.jp
2800515,2800515,赤坂,東京都,港区,港区,港区赤坂５丁目,35.67323,139.738348,東京メトロ千代田線,東京メトロ,1,D,5,駅データ.jp
2800516,2800516,乃木坂,東京都,港区,港区,港区南青山１丁目,35.666572,139.726215,東京メトロ千代田線,東京メトロ,1,D,5,駅データ.jp
2800604,2800604,平和台,東京都,練馬区,練馬区,東京都練馬区早宮2-17-48,35.757863,139.653762,東京メトロ副都心線|東京メトロ有楽町線,東京メトロ,2,D,15,駅データ.jp
2800605,2800605,氷川台,東京都,練馬区,練馬区,東京都練馬区氷川台三丁目38-18,35.74955,139.665567,東京メトロ副都心線|東京メトロ有楽町線,東京メトロ,2,D,15,駅データ.jp
2800607,2800607,千川,東京都,豊島区,豊島区,東京都豊島区要町三丁目10-7,35.738229,139.689271,東京メトロ副都心線|東京メトロ有楽町線,東京メトロ,2,D,15,駅データ.jp
2800608,2800608,要町,東京都,豊島区,豊島区,東京都豊島区要町一丁目1-10,35.73323,139.698715,東京メトロ副都心線|東京メトロ有楽町線,東京メトロ,2,D,15,駅データ.jp
2800610,2800610,東池袋,東京都,豊島区,豊島区,東京都豊島区東池袋四丁目4-4,35.725506,139.719779,東京さくらトラム（都電荒川線）|東京メトロ有楽町線,東京メトロ|東京都交通局,2,D,15,駅データ.jp
2800611,2800611,護国寺,東京都,文京区,文京区,東京都文京区大塚五丁目40-8,35.719044,139.72754,東京メトロ有楽町線,東京メトロ,1,D,5,駅データ.jp
2800612,2800612,江戸川橋,東京都,文京区,文京区,東京都文京区関口一丁目19-6,35.709495,139.733538,東京メトロ有楽町線,東京メトロ,1,D,5,駅データ.jp
2800615,2800615,麹町,東京都,千代田区,千代田区,東京都千代田区麹町三丁目2,35.684006,139.737613,東京メトロ有楽町線,東京メトロ,1,D,5,駅データ.jp
2800617,2800617,桜田門,東京都,千代田区,千代田区,東京都千代田区霞が関二丁目1-1,35.677405,139.75149,東京メトロ有楽町線,東京メトロ,1,D,5,駅データ.jp
2800621,2800621,月島,東京都,中央区,中央区,東京都中央区月島一丁目3-9,35.664871,139.784233,東京メトロ有楽町線|都営大江戸線,東京メトロ|東京都交通局,2,D,15,駅データ.jp
2800622,2800622,豊洲,東京都,江東区,江東区,東京都江東区豊洲四丁目1-1,35.65435,139.795812,ゆりかもめ|東京メトロ有楽町線,ゆりかもめ|東京メトロ,2,D,15,駅データ.jp
2800623,2800623,辰巳,東京都,江東区,江東区,東京都江東区辰巳一丁目1-44,35.645576,139.81052,東京メトロ有楽町線,東京メトロ,1,D,5,駅データ.jp
2800805,2800805,半蔵門,東京都,千代田区,千代田区,千代田区麹町１-６,35.685703,139.74163,東京メトロ半蔵門線,東京メトロ,1,D,5,駅データ.jp
2800807,2800807,神保町,東京都,千代田区,千代田区,千代田区神田神保町２-２,35.695808,139.757777,東京メトロ半蔵門線|都営三田線|都営新宿線,東京メトロ|東京都交通局,3,C,24,駅データ.jp
2800811,2800811,清澄白河,東京都,江東区,江東区,江東区白河１-７-１４,35.682105,139.798851,東京メトロ半蔵門線|都営大江戸線,東京メトロ|東京都交通局,2,D,15,駅データ.jp
2800814,2800814,住吉,東京都,江東区,江東区,江東区住吉２-２３-１２,35.689073,139.815681,東京メトロ半蔵門線|都営新宿線,東京メトロ|東京都交通局,2,D,15,駅データ.jp
2800901,2800901,赤羽岩淵,東京都,北区,北区,北区赤羽１-５２-８,35.783417,139.722103,埼玉高速鉄道線|東京メトロ南北線,埼玉高速鉄道|東京メトロ,2,D,15,駅データ.jp
2800902,2800902,志茂,東京都,北区,北区,北区志茂２-１-１８,35.777948,139.732599,東京メトロ南北線,東京メトロ,1,D,5,駅データ.jp
2800903,2800903,王子神谷,東京都,北区,北区,北区王子５-２-１１,35.765172,139.735933,東京メトロ南北線,東京メトロ,1,D,5,駅データ.jp
2800905,2800905,西ケ原,東京都,北区,北区,東京都北区西ヶ原二丁目3-8,35.746008,139.742322,東京メトロ南北線,東京メトロ,1,D,5,駅データ.jp
2800907,2800907,本駒込,東京都,文京区,文京区,文京区向丘２-３７-１,35.724155,139.753828,東京メトロ南北線,東京メトロ,1,D,5,駅データ.jp
2800908,2800908,東大前,東京都,文京区,文京区,文京区向丘１-１９-２,35.717633,139.758025,東京メトロ南北線,東京メトロ,1,D,5,駅データ.jp
2800915,2800915,六本木一丁目,東京都,港区,港区,港区六本木１-４-１,35.665595,139.739,東京メトロ南北線,東京メトロ,1,D,5,駅データ.jp
2800916,2800916,麻布十番,東京都,港区,港区,港区麻布十番４-４-９,35.655592,139.736583,東京メトロ南北線|都営大江戸線,東京メトロ|東京都交通局,2,D,15,駅データ.jp
2800917,2800917,白金高輪,東京都,港区,港区,港区高輪１-３-２０,35.642903,139.734104,東京メトロ南北線|都営三田線,東京メトロ|東京都交通局,2,D,15,駅データ.jp
2800918,2800918,白金台,東京都,港区,港区,港区白金台３-２,35.637917,139.726133,東京メトロ南北線|都営三田線,東京メトロ|東京都交通局,2,D,15,駅データ.jp
2801010,2801010,雑司が谷,東京都,豊島区,豊島区,豊島区雑司が谷二丁目,35.720283,139.714898,東京さくらトラム（都電荒川線）|東京メトロ副都心線,東京メトロ|東京都交通局,2,D,15,駅データ.jp
2801011,2801011,西早稲田,東京都,新宿区,新宿区,新宿区西早稲田二丁目,35.708242,139.709101,東京メトロ副都心線,東京メトロ,1,D,5,駅データ.jp
2801012,2801012,東新宿,東京都,新宿区,新宿区,新宿区新宿７-２７-３,35.698418,139.707571,東京メトロ副都心線|都営大江戸線,東京メトロ|東京都交通局,2,C,23,駅データ.jp
2801014,2801014,北参道,東京都,渋谷区,渋谷区,渋谷区千駄ヶ谷４丁目,35.678459,139.705453,東京メトロ副都心線,東京メトロ,1,D,5,駅データ.jp
2900102,2900102,平沼橋,神奈川県,横浜市,横浜市西区,横浜市西区西平沼町３-７,35.460355,139.616897,相鉄本線,相模鉄道,1,D,5,駅データ.jp
2900103,2900103,西横浜,神奈川県,横浜市,横浜市西区,横浜市西区西平沼町８-１,35.453437,139.608745,相鉄本線,相模鉄道,1,D,5,駅データ.jp
2900104,2900104,天王町,神奈川県,横浜市,横浜市保土ケ谷区,横浜市保土ケ谷区天王町２-４５-５,35.453984,139.602554,相鉄本線,相模鉄道,1,D,5,駅データ.jp
2900105,2900105,星川,神奈川県,横浜市,横浜市保土ケ谷区,横浜市保土ケ谷区星川１-１-１,35.458634,139.594816,相鉄本線,相模鉄道,1,D,5,駅データ.jp
2900106,2900106,和田町,神奈川県,横浜市,横浜市保土ケ谷区,横浜市保土ケ谷区仏向町４,35.463597,139.586786,相鉄本線,相模鉄道,1,D,5,駅データ.jp
2900107,2900107,上星川,神奈川県,横浜市,横浜市保土ケ谷区,横浜市保土ケ谷区上星川町２２,35.467694,139.580078,相鉄本線,相模鉄道,1,D,5,駅データ.jp
2900108,2900108,西谷,神奈川県,横浜市,横浜市保土ケ谷区,横浜市保土ケ谷区西谷町１１０１,35.478092,139.565721,相鉄・JR直通線|相鉄新横浜線|相鉄本線,相模鉄道,3,C,24,駅データ.jp
2900109,2900109,鶴ヶ峰,神奈川県,横浜市,横浜市旭区,横浜市旭区鶴ケ峰二丁目,35.475031,139.549586,相鉄・JR直通線|相鉄本線,相模鉄道,2,D,15,駅データ.jp
2900110,2900110,二俣川,神奈川県,横浜市,横浜市旭区,横浜市旭区二俣川２-９１-７,35.463335,139.532207,相鉄いずみ野線|相鉄・JR直通線|相鉄本線,相模鉄道,3,C,24,駅データ.jp
2900111,2900111,希望ヶ丘,神奈川県,横浜市,横浜市旭区,横浜市旭区中希望が丘,35.460399,139.5143,相鉄・JR直通線|相鉄本線,相模鉄道,2,D,15,駅データ.jp
2900112,2900112,三ツ境,神奈川県,横浜市,横浜市瀬谷区,横浜市瀬谷区三ツ境４,35.467779,139.502662,相鉄・JR直通線|相鉄本線,相模鉄道,2,D,15,駅データ.jp
2900113,2900113,瀬谷,神奈川県,横浜市,横浜市瀬谷区,横浜市瀬谷区瀬谷４-１-１,35.470412,139.482574,相鉄・JR直通線|相鉄本線,相模鉄道,2,D,15,駅データ.jp
2900115,2900115,相模大塚,神奈川県,大和市,大和市,大和市桜森３-１-１,35.470666,139.441232,相鉄・JR直通線|相鉄本線,相模鉄道,2,D,15,駅データ.jp
2900116,2900116,さがみ野,神奈川県,海老名市,海老名市,海老名市東柏ケ谷２-３０-２８,35.471485,139.429055,相鉄・JR直通線|相鉄本線,相模鉄道,2,D,15,駅データ.jp
2900117,2900117,かしわ台,神奈川県,海老名市,海老名市,海老名市柏ケ谷１０２６,35.466744,139.415851,相鉄・JR直通線|相鉄本線,相模鉄道,2,D,15,駅データ.jp
2900202,2900202,南万騎が原,神奈川県,横浜市,横浜市旭区,横浜市旭区柏町１２８,35.452522,139.526344,相鉄いずみ野線,相模鉄道,1,D,5,駅データ.jp
2900203,2900203,緑園都市,神奈川県,横浜市,横浜市泉区,横浜市泉区緑園３-１-１,35.439502,139.521841,相鉄いずみ野線,相模鉄道,1,D,5,駅データ.jp
2900204,2900204,弥生台,神奈川県,横浜市,横浜市泉区,横浜市泉区弥生台５-２,35.429933,139.506615,相鉄いずみ野線,相模鉄道,1,D,5,駅データ.jp
2900205,2900205,いずみ野,神奈川県,横浜市,横浜市泉区,横浜市泉区和泉町５７３６,35.429434,139.495135,相鉄いずみ野線,相模鉄道,1,D,5,駅データ.jp
2900206,2900206,いずみ中央,神奈川県,横浜市,横浜市泉区,横浜市泉区和泉町３５４０,35.415385,139.48727,相鉄いずみ野線,相模鉄道,1,D,5,駅データ.jp
2900207,2900207,ゆめが丘,神奈川県,横浜市,横浜市泉区,横浜市泉区下飯田町１５５５-９,35.405436,139.482192,相鉄いずみ野線,相模鉄道,1,D,5,駅データ.jp
2900301,2900301,羽沢横浜国大,神奈川県,横浜市,横浜市神奈川区,横浜市神奈川区羽沢南二丁目471,35.481389,139.586389,相鉄・JR直通線|相鉄新横浜線,相模鉄道,2,D,15,駅データ.jp
3000102,3000102,伊奈,愛知県,豊川市,豊川市,愛知県豊川市伊奈町南山新田292-1,34.802857,137.354743,名鉄名古屋本線,名古屋鉄道,1,D,5,駅データ.jp
3000103,3000103,小田渕,愛知県,豊川市,豊川市,豊川市小田渕町大字卯足,34.814739,137.34559,名鉄名古屋本線,名古屋鉄道,1,D,5,駅データ.jp
3000104,3000104,国府,愛知県,豊川市,豊川市,豊川市久保町葉善寺,34.83752,137.328101,名鉄名古屋本線|名鉄豊川線,名古屋鉄道,2,D,15,駅データ.jp
3000105,3000105,御油,愛知県,豊川市,豊川市,豊川市御油町西井領,34.846113,137.321443,名鉄名古屋本線,名古屋鉄道,1,D,5,駅データ.jp
3000106,3000106,名電赤坂,愛知県,豊川市,豊川市,豊川市赤坂町松本,34.859331,137.311152,名鉄名古屋本線,名古屋鉄道,1,D,5,駅データ.jp
3000107,3000107,名電長沢,愛知県,豊川市,豊川市,豊川市長沢町音羽,34.871623,137.288298,名鉄名古屋本線,名古屋鉄道,1,D,5,駅データ.jp
3000108,3000108,本宿,愛知県,岡崎市,岡崎市,岡崎市本宿町一里山,34.893025,137.260014,名鉄名古屋本線,名古屋鉄道,1,D,5,駅データ.jp
3000109,3000109,名電山中,愛知県,岡崎市,岡崎市,岡崎市舞木町山中町,34.899474,137.242829,名鉄名古屋本線,名古屋鉄道,1,D,5,駅データ.jp
3000110,3000110,藤川,愛知県,岡崎市,岡崎市,岡崎市藤川町字松本,34.913304,137.218428,名鉄名古屋本線,名古屋鉄道,1,D,5,駅データ.jp
3000111,3000111,美合,愛知県,岡崎市,岡崎市,岡崎市美合町一ノ久保,34.923763,137.196317,名鉄名古屋本線,名古屋鉄道,1,D,5,駅データ.jp
3000112,3000112,男川,愛知県,岡崎市,岡崎市,岡崎市大西町揚枝,34.937461,137.183296,名鉄名古屋本線,名古屋鉄道,1,D,5,駅データ.jp
3000113,3000113,東岡崎,愛知県,岡崎市,岡崎市,岡崎市明大寺本町４丁目,34.951904,137.167333,名鉄名古屋本線,名古屋鉄道,1,D,13,駅データ.jp
3000114,3000114,岡崎公園前,愛知県,岡崎市,岡崎市,岡崎市中岡崎町,34.955607,137.153016,名鉄名古屋本線|愛知環状鉄道線,名古屋鉄道|愛知環状鉄道,2,C,23,駅データ.jp
3000115,3000115,矢作橋,愛知県,岡崎市,岡崎市,岡崎市矢作町字馬乗,34.961149,137.139957,名鉄名古屋本線,名古屋鉄道,1,D,5,駅データ.jp
3000116,3000116,宇頭,愛知県,岡崎市,岡崎市,岡崎市宇頭町山ノ神,34.971367,137.118103,名鉄名古屋本線,名古屋鉄道,1,D,5,駅データ.jp
3000117,3000117,新安城,愛知県,安城市,安城市,安城市東栄町１丁目,34.986885,137.085443,名鉄名古屋本線|名鉄西尾線,名古屋鉄道,2,C,23,駅データ.jp
3000118,3000118,牛田,愛知県,知立市,知立市,知立市牛田,34.999294,137.060946,名鉄名古屋本線,名古屋鉄道,1,D,5,駅データ.jp
3000119,3000119,知立,愛知県,知立市,知立市,知立市栄２丁目,35.006111,137.039722,名鉄三河線|名鉄名古屋本線,名古屋鉄道,2,C,23,駅データ.jp
3000120,3000120,一ツ木,愛知県,刈谷市,刈谷市,刈谷市一木本郷前,35.01367,137.02551,名鉄名古屋本線,名古屋鉄道,1,D,5,駅データ.jp
3000121,3000121,富士松,愛知県,刈谷市,刈谷市,刈谷市今川町下矢戸,35.029759,137.016508,名鉄名古屋本線,名古屋鉄道,1,D,5,駅データ.jp
3000122,3000122,豊明,愛知県,豊明市,豊明市,豊明市阿野町字明定,35.041127,137.008161,名鉄名古屋本線,名古屋鉄道,1,D,13,駅データ.jp
3000123,3000123,前後,愛知県,豊明市,豊明市,豊明市前後町字大代,35.05227,136.995665,名鉄名古屋本線,名古屋鉄道,1,D,5,駅データ.jp
3000124,3000124,中京競馬場前,愛知県,名古屋市,名古屋市緑区,名古屋市緑区鳴海町大字境松,35.061302,136.98158,名鉄名古屋本線,名古屋鉄道,1,D,5,駅データ.jp
3000125,3000125,有松,愛知県,名古屋市,名古屋市緑区,名古屋市緑区鳴海町有松裏,35.067687,136.971084,名鉄名古屋本線,名古屋鉄道,1,D,5,駅データ.jp
3000126,3000126,左京山,愛知県,名古屋市,名古屋市緑区,名古屋市緑区鳴海町左京山,35.070553,136.960301,名鉄名古屋本線,名古屋鉄道,1,D,5,駅データ.jp
3000127,3000127,鳴海,愛知県,名古屋市,名古屋市緑区,名古屋市緑区鳴海町向田,35.079149,136.950096,名鉄名古屋本線,名古屋鉄道,1,D,5,駅データ.jp
3000128,3000128,本星崎,愛知県,名古屋市,名古屋市南区,名古屋市南区星崎町東浦下,35.087392,136.937378,名鉄名古屋本線,名古屋鉄道,1,D,5,駅データ.jp
3000129,3000129,本笠寺,愛知県,名古屋市,名古屋市南区,名古屋市南区前浜通７丁目,35.099199,136.933409,名鉄名古屋本線,名古屋鉄道,1,D,5,駅データ.jp
3000130,3000130,桜,愛知県,名古屋市,名古屋市南区,名古屋市南区呼続町６丁目,35.106062,136.934586,名鉄名古屋本線,名古屋鉄道,1,D,5,駅データ.jp
3000131,3000131,呼続,愛知県,名古屋市,名古屋市南区,名古屋市南区呼続町１丁目,35.114722,136.930387,名鉄名古屋本線,名古屋鉄道,1,D,5,駅データ.jp
3000132,3000132,堀田,愛知県,名古屋市,名古屋市瑞穂区,愛知県名古屋市瑞穂区新開町28-26,35.120251,136.919839,名鉄名古屋本線,名古屋鉄道,1,D,5,駅データ.jp
3000133,3000133,神宮前,愛知県,名古屋市,名古屋市熱田区,名古屋市熱田区三本松町,35.125857,136.912485,名鉄名古屋本線|名鉄常滑線,名古屋鉄道,2,D,15,駅データ.jp
3000135,3000135,山王,愛知県,名古屋市,名古屋市中川区,名古屋市中川区東出町２丁目,35.15233,136.888461,名鉄名古屋本線|名鉄常滑線,名古屋鉄道,2,D,15,駅データ.jp
3000137,3000137,栄生,愛知県,名古屋市,名古屋市西区,名古屋市西区藤ノ宮通３丁目,35.183687,136.873051,名鉄名古屋本線|名鉄犬山線,名古屋鉄道,2,D,15,駅データ.jp
3000138,3000138,東枇杷島,愛知県,名古屋市,名古屋市西区,名古屋市西区枇杷島通３丁目,35.189808,136.870168,名鉄名古屋本線|名鉄犬山線,名古屋鉄道,2,D,15,駅データ.jp
3000139,3000139,西枇杷島,愛知県,清須市,清須市,清須市西枇杷島町下小田井川口,35.195015,136.865685,名鉄名古屋本線,名古屋鉄道,1,D,5,駅データ.jp
3000140,3000140,二ツ杁,愛知県,清須市,清須市,清須市西枇杷島町芳野,35.194646,136.859583,名鉄名古屋本線,名古屋鉄道,1,D,5,駅データ.jp
3000141,3000141,新川橋,愛知県,清須市,清須市,清須市上河原,35.195701,136.851989,名鉄名古屋本線,名古屋鉄道,1,D,5,駅データ.jp
3000142,3000142,須ヶ口,愛知県,清須市,清須市,愛知県清須市須ヶ口駅前一丁目1,35.198684,136.846229,名鉄名古屋本線|名鉄津島線,名古屋鉄道,2,D,15,駅データ.jp
3000143,3000143,丸ノ内,愛知県,清須市,清須市,清須市清洲,35.204742,136.841927,名鉄名古屋本線,名古屋鉄道,1,D,5,駅データ.jp
3000144,3000144,新清洲,愛知県,清須市,清須市,清須市新清洲１丁目,35.211249,136.835607,名鉄名古屋本線,名古屋鉄道,1,D,5,駅データ.jp
3000145,3000145,大里,愛知県,稲沢市,稲沢市,稲沢市奥田町三十番神,35.226216,136.818428,名鉄名古屋本線,名古屋鉄道,1,D,5,駅データ.jp
3000146,3000146,奥田,愛知県,稲沢市,稲沢市,稲沢市奥田町木之内,35.235412,136.810917,名鉄名古屋本線,名古屋鉄道,1,D,5,駅データ.jp
3000147,3000147,国府宮,愛知県,稲沢市,稲沢市,稲沢市松下１丁目,35.254218,136.802963,名鉄名古屋本線,名古屋鉄道,1,D,5,駅データ.jp
3000148,3000148,島氏永,愛知県,稲沢市,稲沢市,稲沢市島町,35.270777,136.800987,名鉄名古屋本線,名古屋鉄道,1,D,5,駅データ.jp
3000149,3000149,妙興寺,愛知県,一宮市,一宮市,一宮市大和町大字妙興寺徳法寺浦,35.287178,136.798231,名鉄名古屋本線,名古屋鉄道,1,D,5,駅データ.jp
3000151,3000151,今伊勢,愛知県,一宮市,一宮市,一宮市今伊勢町大字宮後字一丁野,35.31836,136.789273,名鉄名古屋本線,名古屋鉄道,1,D,5,駅データ.jp
3000152,3000152,石刀,愛知県,一宮市,一宮市,一宮市今伊勢町大字馬寄字西切声,35.326204,136.785407,名鉄名古屋本線,名古屋鉄道,1,D,5,駅データ.jp
3000153,3000153,新木曽川,愛知県,一宮市,一宮市,一宮市木曽川町黒田下市場南１２１-４,35.342047,136.779421,名鉄名古屋本線,名古屋鉄道,1,D,5,駅データ.jp
3000154,3000154,黒田,愛知県,一宮市,一宮市,一宮市木曽川町黒田字西針口北ノ切１２-４,35.350213,136.777502,名鉄名古屋本線,名古屋鉄道,1,D,5,駅データ.jp
3000155,3000155,木曽川堤,愛知県,一宮市,一宮市,一宮市北方町大字北方字倉骨,35.365067,136.770486,名鉄名古屋本線,名古屋鉄道,1,D,5,駅データ.jp
3000156,3000156,笠松,岐阜県,,,羽島郡笠松町西金池町,35.37466,136.764664,名鉄名古屋本線|名鉄竹鼻線,名古屋鉄道,2,D,15,駅データ.jp
3000157,3000157,岐南,岐阜県,,,羽島郡岐南町下印食,35.389716,136.769165,名鉄名古屋本線,名古屋鉄道,1,D,5,駅データ.jp
3000158,3000158,茶所,岐阜県,岐阜市,岐阜市,岐阜市加納八幡町,35.402048,136.768917,名鉄名古屋本線,名古屋鉄道,1,D,5,駅データ.jp
3000159,3000159,加納,岐阜県,岐阜市,岐阜市,岐阜市竜田町９丁目,35.405209,136.765984,名鉄名古屋本線,名古屋鉄道,1,D,5,駅データ.jp
3000160,3000160,名鉄岐阜,岐阜県,岐阜市,岐阜市,岐阜市神田町９丁目,35.411383,136.760334,名鉄各務原線|名鉄名古屋本線,名古屋鉄道,2,C,23,駅データ.jp
3000202,3000202,八幡,愛知県,豊川市,豊川市,豊川市八幡町野路,34.82916,137.352113,名鉄豊川線,名古屋鉄道,1,D,5,駅データ.jp
3000203,3000203,諏訪町,愛知県,豊川市,豊川市,豊川市諏訪３-２５０,34.823464,137.370479,名鉄豊川線,名古屋鉄道,1,D,5,駅データ.jp
3000204,3000204,稲荷口,愛知県,豊川市,豊川市,豊川市二見町駅前通,34.818435,137.387703,名鉄豊川線,名古屋鉄道,1,D,5,駅データ.jp
3000302,3000302,北安城,愛知県,安城市,安城市,安城市新田町新栄１,34.964677,137.092146,名鉄西尾線,名古屋鉄道,1,D,13,駅データ.jp
3000303,3000303,南安城,愛知県,安城市,安城市,安城市的場４１-２,34.951976,137.092457,名鉄西尾線,名古屋鉄道,1,D,13,駅データ.jp
3000304,3000304,碧海古井,愛知県,安城市,安城市,安城市古井町字大久後４-５,34.93723,137.090863,名鉄西尾線,名古屋鉄道,1,D,5,駅データ.jp
3000305,3000305,堀内公園,愛知県,安城市,安城市,安城市堀内町前山９２,34.927834,137.089636,名鉄西尾線,名古屋鉄道,1,D,5,駅データ.jp
3000306,3000306,桜井,愛知県,安城市,安城市,安城市桜井町新田１２４,34.917477,137.088345,名鉄西尾線,名古屋鉄道,1,D,5,駅データ.jp
3000307,3000307,米津,愛知県,西尾市,西尾市,西尾市米津町仲之畑１-１,34.892822,137.060993,名鉄西尾線,名古屋鉄道,1,D,5,駅データ.jp
3000308,3000308,桜町前,愛知県,西尾市,西尾市,西尾市緑町４-２８,34.880107,137.062444,名鉄西尾線,名古屋鉄道,1,D,5,駅データ.jp
3000309,3000309,西尾口,愛知県,西尾市,西尾市,西尾市寄住町柴草７-３,34.870647,137.062661,名鉄西尾線,名古屋鉄道,1,D,13,駅データ.jp
3000310,3000310,西尾,愛知県,西尾市,西尾市,西尾市住吉町４-１８,34.863917,137.057789,名鉄西尾線,名古屋鉄道,1,D,13,駅データ.jp
3000311,3000311,福地,愛知県,西尾市,西尾市,西尾市川口町松原２８,34.844663,137.048579,名鉄西尾線,名古屋鉄道,1,D,5,駅データ.jp
3000313,3000313,上横須賀,愛知県,西尾市,西尾市,愛知県西尾市吉良町上横須賀宮前60-2,34.829941,137.071883,名鉄西尾線,名古屋鉄道,1,D,5,駅データ.jp
3000315,3000315,吉良吉田,愛知県,西尾市,西尾市,愛知県西尾市吉良町吉田船戸5,34.794043,137.071017,名鉄蒲郡線|名鉄西尾線,名古屋鉄道,2,D,15,駅データ.jp
3000316,3000316,南桜井,愛知県,安城市,安城市,安城市小川町水遣２３,34.906302,137.07721,名鉄西尾線,名古屋鉄道,1,D,5,駅データ.jp
3000402,3000402,三河鳥羽,愛知県,西尾市,西尾市,愛知県西尾市鳥羽町,34.793214,137.104984,名鉄蒲郡線,名古屋鉄道,1,D,5,駅データ.jp
3000403,3000403,西幡豆,愛知県,西尾市,西尾市,愛知県西尾市西幡豆町中屋敷16番地4,34.792431,137.121271,名鉄蒲郡線,名古屋鉄道,1,D,5,駅データ.jp
3000404,3000404,東幡豆,愛知県,西尾市,西尾市,愛知県西尾市東幡豆町小見行田,34.789693,137.145645,名鉄蒲郡線,名古屋鉄道,1,D,5,駅データ.jp
3000405,3000405,こどもの国,愛知県,西尾市,西尾市,愛知県西尾市東幡豆町御堂前,34.788791,137.162721,名鉄蒲郡線,名古屋鉄道,1,D,5,駅データ.jp
3000406,3000406,西浦,愛知県,蒲郡市,蒲郡市,蒲郡市西浦町馬々４８-１,34.79003,137.178617,名鉄蒲郡線,名古屋鉄道,1,D,5,駅データ.jp
3000407,3000407,形原,愛知県,蒲郡市,蒲郡市,蒲郡市形原町形原御嶽６２,34.798607,137.184594,名鉄蒲郡線,名古屋鉄道,1,D,5,駅データ.jp
3000408,3000408,三河鹿島,愛知県,蒲郡市,蒲郡市,蒲郡市鹿島町横砂３９-１,34.813313,137.189687,名鉄蒲郡線,名古屋鉄道,1,D,5,駅データ.jp
3000501,3000501,碧南,愛知県,碧南市,碧南市,碧南市中町５-４８,34.874041,136.985613,名鉄三河線,名古屋鉄道,1,D,13,駅データ.jp
3000502,3000502,碧南中央,愛知県,碧南市,碧南市,碧南市栄町３-５９,34.887395,136.989476,名鉄三河線,名古屋鉄道,1,D,13,駅データ.jp
3000503,3000503,新川町,愛知県,碧南市,碧南市,碧南市新川町３-１１３,34.896619,136.990312,名鉄三河線,名古屋鉄道,1,D,5,駅データ.jp
3000504,3000504,北新川,愛知県,碧南市,碧南市,碧南市久沓町４-１９,34.906018,136.992475,名鉄三河線,名古屋鉄道,1,D,5,駅データ.jp
3000505,3000505,高浜港,愛知県,高浜市,高浜市,高浜市青木町６-３-１,34.921536,136.989391,名鉄三河線,名古屋鉄道,1,D,13,駅データ.jp
3000506,3000506,三河高浜,愛知県,高浜市,高浜市,高浜市春日町５-３-１,34.930796,136.989954,名鉄三河線,名古屋鉄道,1,D,13,駅データ.jp
3000507,3000507,吉浜,愛知県,高浜市,高浜市,高浜市屋敷町１-２-３０,34.946327,136.98919,名鉄三河線,名古屋鉄道,1,D,5,駅データ.jp
3000508,3000508,小垣江,愛知県,刈谷市,刈谷市,刈谷市小垣江町字下半ノ木２０-３,34.9639,136.995455,名鉄三河線,名古屋鉄道,1,D,5,駅データ.jp
3000509,3000509,刈谷市,愛知県,刈谷市,刈谷市,刈谷市広小路３-５０４-１,34.984803,136.993844,名鉄三河線,名古屋鉄道,1,D,13,駅データ.jp
3000511,3000511,重原,愛知県,知立市,知立市,知立市上重原町本郷４-４,34.994824,137.023727,名鉄三河線,名古屋鉄道,1,D,5,駅データ.jp
3000513,3000513,三河知立,愛知県,知立市,知立市,知立市山町茶碓山８番地１０,35.005722,137.054972,名鉄三河線,名古屋鉄道,1,D,13,駅データ.jp
3000514,3000514,三河八橋,愛知県,豊田市,豊田市,豊田市花園町五反田３９,35.010913,137.077147,名鉄三河線,名古屋鉄道,1,D,5,駅データ.jp
3000515,3000515,若林,愛知県,豊田市,豊田市,豊田市若林東町沖田３７,35.026284,137.095851,名鉄三河線,名古屋鉄道,1,D,5,駅データ.jp
3000516,3000516,竹村,愛知県,豊田市,豊田市,豊田市竹町宮下１６,35.040067,137.11476,名鉄三河線,名古屋鉄道,1,D,5,駅データ.jp
3000517,3000517,土橋,愛知県,豊田市,豊田市,豊田市土橋町８-１４５,35.058179,137.129572,名鉄三河線,名古屋鉄道,1,D,5,駅データ.jp
3000518,3000518,上挙母,愛知県,豊田市,豊田市,豊田市金谷町２-９６,35.071854,137.154453,名鉄三河線,名古屋鉄道,1,D,5,駅データ.jp
3000519,3000519,豊田市,愛知県,豊田市,豊田市,豊田市若宮町１-３５,35.087305,137.156227,名鉄三河線|名鉄豊田線,名古屋鉄道,2,C,23,駅データ.jp
3000520,3000520,梅坪,愛知県,豊田市,豊田市,豊田市梅坪町７-１２５,35.099654,137.162206,名鉄三河線|名鉄豊田線,名古屋鉄道,2,D,15,駅データ.jp
3000521,3000521,越戸,愛知県,豊田市,豊田市,豊田市越戸町梅盛４,35.10769,137.180178,名鉄三河線,名古屋鉄道,1,D,5,駅データ.jp
3000522,3000522,平戸橋,愛知県,豊田市,豊田市,豊田市平戸橋町石平４３,35.114628,137.184725,名鉄三河線,名古屋鉄道,1,D,5,駅データ.jp
3000523,3000523,猿投,愛知県,豊田市,豊田市,豊田市井上町５-６２,35.122613,137.178739,名鉄三河線,名古屋鉄道,1,D,5,駅データ.jp
3000603,3000603,上豊田,愛知県,豊田市,豊田市,豊田市上原町西山１３５-２,35.116168,137.15535,名鉄豊田線,名古屋鉄道,1,D,13,駅データ.jp
3000604,3000604,浄水,愛知県,豊田市,豊田市,豊田市浄水町伊保原２４３,35.121298,137.137186,名鉄豊田線,名古屋鉄道,1,D,5,駅データ.jp
3000605,3000605,三好ヶ丘,愛知県,みよし市,みよし市,愛知県みよし市三好丘二丁目1-1,35.126918,137.111219,名鉄豊田線,名古屋鉄道,1,D,5,駅データ.jp
3000606,3000606,黒笹,愛知県,みよし市,みよし市,愛知県みよし市黒笹町縄手36-2,35.127681,137.091365,名鉄豊田線,名古屋鉄道,1,D,5,駅データ.jp
3000607,3000607,米野木,愛知県,日進市,日進市,日進市米野木町南山１８５-３,35.123728,137.06702,名鉄豊田線,名古屋鉄道,1,D,5,駅データ.jp
3000608,3000608,日進,愛知県,日進市,日進市,日進市栄２-１７０８,35.118378,137.04878,名鉄豊田線,名古屋鉄道,1,D,13,駅データ.jp
3000609,3000609,赤池,愛知県,日進市,日進市,日進市赤池１-１５０３,35.121097,137.017978,名古屋市営地下鉄鶴舞線|名鉄豊田線,名古屋市交通局|名古屋鉄道,2,D,15,駅データ.jp
3000701,3000701,常滑,愛知県,常滑市,常滑市,常滑市鯉江本町５-１４１,34.891167,136.834992,名鉄常滑・空港線|名鉄常滑線,名古屋鉄道,2,C,23,駅データ.jp
3000702,3000702,りんくう常滑,愛知県,常滑市,常滑市,常滑市りんくう町,34.87967,136.828164,名鉄常滑・空港線,名古屋鉄道,1,D,13,駅データ.jp
3000703,3000703,中部国際空港,愛知県,常滑市,常滑市,常滑市セントレア,34.859262,136.816382,名鉄常滑・空港線,名古屋鉄道,1,D,5,駅データ.jp
3000805,3000805,豊田本町,愛知県,名古屋市,名古屋市南区,名古屋市南区豊１-２６-１７,35.113586,136.910877,名鉄常滑線,名古屋鉄道,1,D,5,駅データ.jp
3000806,3000806,道徳,愛知県,名古屋市,名古屋市南区,名古屋市南区豊田１-１２-１０,35.105712,136.909409,名鉄常滑線,名古屋鉄道,1,D,5,駅データ.jp
3000807,3000807,大江,愛知県,名古屋市,名古屋市南区,名古屋市南区加福本通２-８-１,35.093258,136.912758,名鉄常滑線|名鉄築港線,名古屋鉄道,2,D,15,駅データ.jp
3000808,3000808,大同町,愛知県,名古屋市,名古屋市南区,名古屋市南区大同町３-１,35.080268,136.909314,名鉄常滑線,名古屋鉄道,1,D,5,駅データ.jp
3000809,3000809,柴田,愛知県,名古屋市,名古屋市南区,名古屋市南区柴田町５-５,35.072774,136.909126,名鉄常滑線,名古屋鉄道,1,D,5,駅データ.jp
3000810,3000810,名和,愛知県,東海市,東海市,東海市名和町四番割８１-７,35.060914,136.911709,名鉄常滑線,名古屋鉄道,1,D,5,駅データ.jp
3000811,3000811,聚楽園,愛知県,東海市,東海市,東海市荒尾町リの割２３５-３,35.042857,136.90304,名鉄常滑線,名古屋鉄道,1,D,5,駅データ.jp
3000812,3000812,新日鉄前,愛知県,東海市,東海市,東海市東海町２-６-４,35.035161,136.899491,名鉄常滑線,名古屋鉄道,1,D,5,駅データ.jp
3000813,3000813,太田川,愛知県,東海市,東海市,東海市大田町後田５２,35.020221,136.892504,名鉄常滑線|名鉄河和線,名古屋鉄道,2,D,15,駅データ.jp
3000814,3000814,尾張横須賀,愛知県,東海市,東海市,東海市養父町北反田１３-２,35.010132,136.885655,名鉄常滑線,名古屋鉄道,1,D,5,駅データ.jp
3000815,3000815,寺本,愛知県,知多市,知多市,知多市八幡字西水代１３５-２,35.000191,136.875498,名鉄常滑線,名古屋鉄道,1,D,5,駅データ.jp
3000816,3000816,朝倉,愛知県,知多市,知多市,知多市緑町２５-８,34.993858,136.863419,名鉄常滑線,名古屋鉄道,1,D,5,駅データ.jp
3000817,3000817,古見,愛知県,知多市,知多市,知多市新知字森下２９-３,34.987809,136.856673,名鉄常滑線,名古屋鉄道,1,D,5,駅データ.jp
3000818,3000818,長浦,愛知県,知多市,知多市,知多市長浦１-４００,34.978432,136.847808,名鉄常滑線,名古屋鉄道,1,D,5,駅データ.jp
3000819,3000819,日長,愛知県,知多市,知多市,知多市日長字森下１０８-１,34.96162,136.832152,名鉄常滑線,名古屋鉄道,1,D,5,駅データ.jp
3000820,3000820,新舞子,愛知県,知多市,知多市,知多市新舞子字大瀬５５-１,34.949689,136.828669,名鉄常滑線,名古屋鉄道,1,D,5,駅データ.jp
3000821,3000821,大野町,愛知県,常滑市,常滑市,常滑市大野町５-１７０,34.935441,136.827641,名鉄常滑線,名古屋鉄道,1,D,5,駅データ.jp
3000822,3000822,西ノ口,愛知県,常滑市,常滑市,常滑市住吉町４丁目３４番地,34.926759,136.82663,名鉄常滑線,名古屋鉄道,1,D,5,駅データ.jp
3000823,3000823,蒲池,愛知県,常滑市,常滑市,常滑市蒲池町５-１０５,34.915408,136.825536,名鉄常滑線,名古屋鉄道,1,D,5,駅データ.jp
3000824,3000824,榎戸,愛知県,常滑市,常滑市,常滑市港町５-２０８,34.90489,136.82822,名鉄常滑線,名古屋鉄道,1,D,5,駅データ.jp
3000825,3000825,多屋,愛知県,常滑市,常滑市,常滑市多屋町５-１６０,34.896983,136.830695,名鉄常滑線,名古屋鉄道,1,D,5,駅データ.jp
3000902,3000902,高横須賀,愛知県,東海市,東海市,東海市高横須賀町松本１-３,35.009608,136.893696,名鉄河和線,名古屋鉄道,1,D,5,駅データ.jp
3000903,3000903,南加木屋,愛知県,東海市,東海市,東海市加木屋町南平井１５,34.989216,136.906853,名鉄河和線,名古屋鉄道,1,D,5,駅データ.jp
3000904,3000904,八幡新田,愛知県,東海市,東海市,東海市加木屋町陀々法師４３-１,34.973674,136.912578,名鉄河和線,名古屋鉄道,1,D,5,駅データ.jp
3000905,3000905,巽ヶ丘,愛知県,知多市,知多市,愛知県知多市巽ヶ丘3丁目134,34.962265,136.915556,名鉄河和線,名古屋鉄道,1,D,5,駅データ.jp
3000906,3000906,白沢,愛知県,,,知多郡阿久比町大字白沢字豊石山１７-４,34.955219,136.91537,名鉄河和線,名古屋鉄道,1,D,5,駅データ.jp
3000907,3000907,坂部,愛知県,,,知多郡阿久比町大字卯坂字上向田３５-７,34.941579,136.916562,名鉄河和線,名古屋鉄道,1,D,5,駅データ.jp
3000908,3000908,阿久比,愛知県,,,知多郡阿久比町大字阿久比字千速５４-３,34.931256,136.918517,名鉄河和線,名古屋鉄道,1,D,5,駅データ.jp
3000910,3000910,植大,愛知県,,,知多郡阿久比町植大大前田４-３,34.917457,136.923448,名鉄河和線,名古屋鉄道,1,D,5,駅データ.jp
3000911,3000911,半田口,愛知県,半田市,半田市,半田市岩滑中町２-１５０,34.909111,136.925462,名鉄河和線,名古屋鉄道,1,D,13,駅データ.jp
3000912,3000912,住吉町,愛知県,半田市,半田市,半田市宮路町１５６-２,34.902042,136.925684,名鉄河和線,名古屋鉄道,1,D,5,駅データ.jp
3000913,3000913,知多半田,愛知県,半田市,半田市,半田市広小路町１２８-１,34.893931,136.925954,名鉄河和線,名古屋鉄道,1,D,13,駅データ.jp
3000914,3000914,成岩,愛知県,半田市,半田市,半田市栄町３-４,34.886209,136.921879,名鉄河和線,名古屋鉄道,1,D,5,駅データ.jp
3000915,3000915,青山,愛知県,半田市,半田市,半田市有楽町４-６,34.878132,136.917,名鉄河和線,名古屋鉄道,1,D,5,駅データ.jp
3000916,3000916,上ゲ,愛知県,,,知多郡武豊町字下門２３-５,34.858389,136.916403,名鉄河和線,名古屋鉄道,1,D,5,駅データ.jp
3000917,3000917,知多武豊,愛知県,,,知多郡武豊町字道崎４３-８,34.850732,136.916439,名鉄河和線,名古屋鉄道,1,D,5,駅データ.jp
3000918,3000918,富貴,愛知県,,,知多郡武豊町大字冨貴外前田５-５,34.828823,136.917043,名鉄河和線|名鉄知多新線,名古屋鉄道,2,D,15,駅データ.jp
3000920,3000920,河和口,愛知県,,,知多郡美浜町大字布土字中平井３３-１,34.797805,136.918618,名鉄河和線,名古屋鉄道,1,D,5,駅データ.jp
3000921,3000921,河和,愛知県,,,知多郡美浜町大字河和字北田面５-１,34.777771,136.912528,名鉄河和線,名古屋鉄道,1,D,5,駅データ.jp
3000922,3000922,加木屋中ノ池,愛知県,東海市,東海市,愛知県東海市加木屋町唐畑46番地2,35.0,136.902583,名鉄河和線,名古屋鉄道,1,D,5,駅データ.jp
3001002,3001002,上野間,愛知県,,,知多郡美浜町大字上野間字小手廻間２-１,34.807284,136.866854,名鉄知多新線,名古屋鉄道,1,D,5,駅データ.jp
3001003,3001003,美浜緑苑,愛知県,,,知多郡美浜町大字奥田字笑廻間２０-３,34.80028,136.863063,名鉄知多新線,名古屋鉄道,1,D,5,駅データ.jp
3001004,3001004,知多奥田,愛知県,,,知多郡美浜町大字奥田字森越７０-３,34.787617,136.864488,名鉄知多新線,名古屋鉄道,1,D,5,駅データ.jp
3001005,3001005,野間,愛知県,,,知多郡美浜町大字野間字新大町１６８-２,34.7723,136.860683,名鉄知多新線,名古屋鉄道,1,D,5,駅データ.jp
3001006,3001006,内海,愛知県,,,知多郡南知多町大字内海字先苅１７１-４,34.744631,136.875544,名鉄知多新線,名古屋鉄道,1,D,5,駅データ.jp
3001102,3001102,東名古屋港,愛知県,名古屋市,名古屋市港区,名古屋市港区大江町９-９,35.089091,136.899255,名鉄築港線,名古屋鉄道,1,D,5,駅データ.jp
3001201,3001201,栄町,愛知県,名古屋市,名古屋市東区,名古屋市東区東桜１-１２,35.170182,136.908341,名古屋市営地下鉄名城線|名古屋市営地下鉄東山線|名鉄瀬戸線,名古屋市交通局|名古屋鉄道,3,C,24,駅データ.jp
3001202,3001202,東大手,愛知県,名古屋市,名古屋市中区,名古屋市中区三の丸４-１７,35.183727,136.908376,名鉄瀬戸線,名古屋鉄道,1,D,5,駅データ.jp
3001203,3001203,清水,愛知県,名古屋市,名古屋市北区,名古屋市北区清水２-５-１,35.187152,136.913814,名鉄瀬戸線,名古屋鉄道,1,D,5,駅データ.jp
3001204,3001204,尼ヶ坂,愛知県,名古屋市,名古屋市北区,名古屋市北区大杉1丁目20-1,35.187957,136.91928,名鉄瀬戸線,名古屋鉄道,1,D,5,駅データ.jp
3001205,3001205,森下,愛知県,名古屋市,名古屋市東区,名古屋市東区徳川２-２５,35.188299,136.929657,名鉄瀬戸線,名古屋鉄道,1,D,5,駅データ.jp
3001207,3001207,矢田,愛知県,名古屋市,名古屋市東区,名古屋市東区大幸１-１０,35.193699,136.947802,名鉄瀬戸線,名古屋鉄道,1,D,5,駅データ.jp
3001208,3001208,守山自衛隊前,愛知県,名古屋市,名古屋市守山区,名古屋市守山区廿軒家５-７,35.196844,136.957241,ゆとりーとライン|名鉄瀬戸線,名古屋ガイドウェイバス|名古屋鉄道,2,D,15,駅データ.jp
3001209,3001209,瓢箪山,愛知県,名古屋市,名古屋市守山区,名古屋市守山区長栄１５-１７,35.197222,136.965048,名鉄瀬戸線,名古屋鉄道,1,D,5,駅データ.jp
3001210,3001210,小幡,愛知県,名古屋市,名古屋市守山区,名古屋市守山区小幡南１-２１-２１,35.200216,136.975769,名鉄瀬戸線,名古屋鉄道,1,D,5,駅データ.jp
3001211,3001211,喜多山,愛知県,名古屋市,名古屋市守山区,名古屋市守山区小幡字二軒家２６１０-１３,35.205099,136.987735,名鉄瀬戸線,名古屋鉄道,1,D,5,駅データ.jp
3001212,3001212,大森・金城学院前,愛知県,名古屋市,名古屋市守山区,名古屋市守山区大森３-３０１,35.206934,136.996465,名鉄瀬戸線,名古屋鉄道,1,D,5,駅データ.jp
3001213,3001213,印場,愛知県,尾張旭市,尾張旭市,尾張旭市印場元町北山４４０９-３,35.211085,137.011132,名鉄瀬戸線,名古屋鉄道,1,D,5,駅データ.jp
3001214,3001214,旭前,愛知県,尾張旭市,尾張旭市,愛知県尾張旭市旭前町五丁目4-5,35.214162,137.019706,名鉄瀬戸線,名古屋鉄道,1,D,5,駅データ.jp
3001215,3001215,尾張旭,愛知県,尾張旭市,尾張旭市,尾張旭市東大道町原田２５９１-３,35.216743,137.036393,名鉄瀬戸線,名古屋鉄道,1,D,13,駅データ.jp
3001216,3001216,三郷,愛知県,尾張旭市,尾張旭市,尾張旭市三郷町栄９２-１,35.216258,137.052352,名鉄瀬戸線,名古屋鉄道,1,D,5,駅データ.jp
3001217,3001217,水野,愛知県,瀬戸市,瀬戸市,瀬戸市效範町２-７５,35.224296,137.069659,名鉄瀬戸線,名古屋鉄道,1,D,5,駅データ.jp
3001218,3001218,新瀬戸,愛知県,瀬戸市,瀬戸市,瀬戸市東横山町６２,35.225703,137.078046,名鉄瀬戸線|愛知環状鉄道線,名古屋鉄道|愛知環状鉄道,2,C,23,駅データ.jp
3001219,3001219,瀬戸市役所前,愛知県,瀬戸市,瀬戸市,瀬戸市西追分町２,35.224986,137.084177,名鉄瀬戸線,名古屋鉄道,1,D,13,駅データ.jp
3001220,3001220,尾張瀬戸,愛知県,瀬戸市,瀬戸市,瀬戸市山脇町７,35.225094,137.09727,名鉄瀬戸線,名古屋鉄道,1,D,13,駅データ.jp
3001302,3001302,甚目寺,愛知県,あま市,あま市,愛知県あま市甚目寺郷浦,35.195953,136.825492,名鉄津島線,名古屋鉄道,1,D,5,駅データ.jp
3001303,3001303,七宝,愛知県,あま市,あま市,愛知県あま市七宝町沖之島返上地82-1,35.195775,136.806413,名鉄津島線,名古屋鉄道,1,D,5,駅データ.jp
3001304,3001304,木田,愛知県,あま市,あま市,愛知県あま市木田道下54-2,35.195328,136.787865,名鉄津島線,名古屋鉄道,1,D,5,駅データ.jp
3001305,3001305,青塚,愛知県,津島市,津島市,津島市青塚町字高畑３０４-４,35.198674,136.76708,名鉄津島線,名古屋鉄道,1,D,5,駅データ.jp
3001306,3001306,勝幡,愛知県,愛西市,愛西市,愛西市勝幡町五俵入２２６６-４,35.195143,136.750082,名鉄津島線,名古屋鉄道,1,D,5,駅データ.jp
3001307,3001307,藤浪,愛知県,愛西市,愛西市,愛西市諏訪町中島３６７,35.188911,136.738766,名鉄津島線,名古屋鉄道,1,D,5,駅データ.jp
3001308,3001308,津島,愛知県,津島市,津島市,津島市錦町１-１,35.177982,136.730995,名鉄尾西線|名鉄津島線,名古屋鉄道,2,C,23,駅データ.jp
3001403,3001403,五ノ三,愛知県,弥富市,弥富市,弥富市五之三町西本田２７,35.129838,136.711464,名鉄尾西線,名古屋鉄道,1,D,5,駅データ.jp
3001404,3001404,佐屋,愛知県,愛西市,愛西市,愛西市須依町佐原２２７７,35.147552,136.716612,名鉄尾西線,名古屋鉄道,1,D,5,駅データ.jp
3001405,3001405,日比野,愛知県,愛西市,愛西市,愛知県愛西市柚木町東田面793番地3,35.163258,136.728351,名鉄尾西線,名古屋鉄道,1,D,5,駅データ.jp
3001407,3001407,町方,愛知県,愛西市,愛西市,愛西市町方町南堤外１,35.18898,136.727551,名鉄尾西線,名古屋鉄道,1,D,5,駅データ.jp
3001408,3001408,六輪,愛知県,稲沢市,稲沢市,稲沢市平和町須ケ脇４２６,35.202395,136.729306,名鉄尾西線,名古屋鉄道,1,D,5,駅データ.jp
3001409,3001409,渕高,愛知県,愛西市,愛西市,愛西市渕高町五ノ割４０-４,35.213944,136.727256,名鉄尾西線,名古屋鉄道,1,D,5,駅データ.jp
3001410,3001410,丸渕,愛知県,稲沢市,稲沢市,稲沢市祖父江町三丸渕八嶋２０-３,35.222635,136.728991,名鉄尾西線,名古屋鉄道,1,D,5,駅データ.jp
3001411,3001411,上丸渕,愛知県,稲沢市,稲沢市,稲沢市祖父江町三丸渕郷前４８-３,35.233809,136.732521,名鉄尾西線,名古屋鉄道,1,D,5,駅データ.jp
3001412,3001412,森上,愛知県,稲沢市,稲沢市,稲沢市祖父江町森上本郷７１８-１,35.247229,136.736698,名鉄尾西線,名古屋鉄道,1,D,5,駅データ.jp
3001413,3001413,山崎,愛知県,稲沢市,稲沢市,稲沢市祖父江町山崎中屋敷１０５-１,35.256548,136.739372,名鉄尾西線,名古屋鉄道,1,D,5,駅データ.jp
3001414,3001414,玉野,愛知県,一宮市,一宮市,一宮市玉野字河瑞１９,35.266327,136.747982,名鉄尾西線,名古屋鉄道,1,D,5,駅データ.jp
3001415,3001415,萩原,愛知県,一宮市,一宮市,一宮市萩原町串作字荒神田面１４１４,35.277157,136.757703,名鉄尾西線,名古屋鉄道,1,D,5,駅データ.jp
3001416,3001416,二子,愛知県,一宮市,一宮市,一宮市萩原町萩原字大日２９０３-３,35.283986,136.766268,名鉄尾西線,名古屋鉄道,1,D,5,駅データ.jp
3001417,3001417,苅安賀,愛知県,一宮市,一宮市,一宮市大和町苅安賀字上西之杁１３０,35.287194,136.778275,名鉄尾西線,名古屋鉄道,1,D,5,駅データ.jp
3001418,3001418,観音寺,愛知県,一宮市,一宮市,一宮市観音寺２-５-２,35.289716,136.786191,名鉄尾西線,名古屋鉄道,1,D,5,駅データ.jp
3001420,3001420,西一宮,愛知県,一宮市,一宮市,一宮市天王１-３-１,35.307603,136.791948,名鉄尾西線,名古屋鉄道,1,D,13,駅データ.jp
3001421,3001421,開明,愛知県,一宮市,一宮市,一宮市開明名古羅４７-１,35.31926,136.7741,名鉄尾西線,名古屋鉄道,1,D,5,駅データ.jp
3001422,3001422,奥町,愛知県,一宮市,一宮市,一宮市奥町字南目草３０-１,35.32434,136.761092,名鉄尾西線,名古屋鉄道,1,D,5,駅データ.jp
3001423,3001423,玉ノ井,愛知県,一宮市,一宮市,一宮市木曽川町玉ノ井古井田１４０,35.334887,136.757968,名鉄尾西線,名古屋鉄道,1,D,5,駅データ.jp
3001504,3001504,下小田井,愛知県,清須市,清須市,清須市西枇杷島町上新,35.201878,136.870638,名鉄犬山線,名古屋鉄道,1,D,5,駅データ.jp
3001505,3001505,中小田井,愛知県,名古屋市,名古屋市西区,名古屋市西区中小田井,35.214647,136.876772,名鉄犬山線,名古屋鉄道,1,D,5,駅データ.jp
3001506,3001506,上小田井,愛知県,名古屋市,名古屋市西区,名古屋市西区貴生町,35.223482,136.876941,名古屋市営地下鉄鶴舞線|名鉄犬山線,名古屋市交通局|名古屋鉄道,2,D,15,駅データ.jp
3001507,3001507,西春,愛知県,北名古屋市,北名古屋市,北名古屋市九之坪南町,35.244627,136.871235,名鉄犬山線,名古屋鉄道,1,D,5,駅データ.jp
3001508,3001508,徳重・名古屋芸大,愛知県,北名古屋市,北名古屋市,北名古屋市徳重大畑,35.256045,136.873384,名鉄犬山線,名古屋鉄道,1,D,5,駅データ.jp
3001509,3001509,大山寺,愛知県,岩倉市,岩倉市,岩倉市大山寺町東出,35.263508,136.874748,名鉄犬山線,名古屋鉄道,1,D,5,駅データ.jp
3001510,3001510,岩倉,愛知県,岩倉市,岩倉市,岩倉市本町１丁目,35.277972,136.873511,名鉄犬山線,名古屋鉄道,1,D,13,駅データ.jp
3001511,3001511,石仏,愛知県,岩倉市,岩倉市,岩倉市石仏町,35.295545,136.871144,名鉄犬山線,名古屋鉄道,1,D,5,駅データ.jp
3001512,3001512,布袋,愛知県,江南市,江南市,江南市布袋町西布,35.317135,136.872987,名鉄犬山線,名古屋鉄道,1,D,5,駅データ.jp
3001513,3001513,江南,愛知県,江南市,江南市,江南市古知野町字朝日,35.33475,136.872109,名鉄犬山線,名古屋鉄道,1,D,13,駅データ.jp
3001514,3001514,柏森,愛知県,,,丹羽郡扶桑町柏森天神,35.344807,136.900181,名鉄犬山線,名古屋鉄道,1,D,5,駅データ.jp
3001515,3001515,扶桑,愛知県,,,丹羽郡扶桑町大字高雄字下山,35.359557,136.91597,名鉄犬山線,名古屋鉄道,1,D,5,駅データ.jp
3001516,3001516,木津用水,愛知県,,,丹羽郡扶桑町大字高雄字米の山,35.366914,136.925977,名鉄犬山線,名古屋鉄道,1,D,5,駅データ.jp
3001517,3001517,犬山口,愛知県,犬山市,犬山市,犬山市大字犬山字末友,35.374212,136.939945,名鉄犬山線,名古屋鉄道,1,D,13,駅データ.jp
3001518,3001518,犬山,愛知県,犬山市,犬山市,犬山市大字犬山字富士見町,35.379871,136.945536,名鉄小牧線|名鉄広見線|名鉄犬山線,名古屋鉄道,3,C,32,駅データ.jp
3001519,3001519,犬山遊園,愛知県,犬山市,犬山市,犬山市大字犬山字端泉寺,35.390331,136.946894,名鉄犬山線,名古屋鉄道,1,D,13,駅データ.jp
3001602,3001602,鵜沼宿,岐阜県,各務原市,各務原市,各務原市鵜沼西町４丁目,35.400015,136.932567,名鉄各務原線,名古屋鉄道,1,D,5,駅データ.jp
3001603,3001603,羽場,岐阜県,各務原市,各務原市,各務原市鵜沼羽場町６丁目,35.40119,136.921535,名鉄各務原線,名古屋鉄道,1,D,5,駅データ.jp
3001604,3001604,苧ヶ瀬,岐阜県,各務原市,各務原市,岐阜県各務原市鵜沼各務原町五丁目250,35.403273,136.912266,名鉄各務原線,名古屋鉄道,1,D,5,駅データ.jp
3001606,3001606,二十軒,岐阜県,各務原市,各務原市,各務原市鵜沼三ツ池町３丁目,35.400098,136.889307,名鉄各務原線,名古屋鉄道,1,D,5,駅データ.jp
3001607,3001607,三柿野,岐阜県,各務原市,各務原市,各務原市蘇原三柿野町字往来添,35.400156,136.876084,名鉄各務原線,名古屋鉄道,1,D,5,駅データ.jp
3001608,3001608,六軒,岐阜県,各務原市,各務原市,各務原市蘇原六軒町４丁目,35.40105,136.861554,名鉄各務原線,名古屋鉄道,1,D,5,駅データ.jp
3001609,3001609,各務原市役所前,岐阜県,各務原市,各務原市,各務原市那加桜町２丁目,35.400869,136.847067,名鉄各務原線,名古屋鉄道,1,D,13,駅データ.jp
3001610,3001610,市民公園前,岐阜県,各務原市,各務原市,各務原市那加門前町４丁目,35.400572,136.841829,名鉄各務原線,名古屋鉄道,1,D,5,駅データ.jp
3001612,3001612,新加納,岐阜県,各務原市,各務原市,各務原市那加浜見町１丁目,35.39938,136.824414,名鉄各務原線,名古屋鉄道,1,D,5,駅データ.jp
3001613,3001613,高田橋,岐阜県,岐阜市,岐阜市,岐阜市高田２丁目,35.398383,136.811488,名鉄各務原線,名古屋鉄道,1,D,5,駅データ.jp
3001614,3001614,手力,岐阜県,岐阜市,岐阜市,岐阜市蔵前７丁目,35.398269,136.804472,名鉄各務原線,名古屋鉄道,1,D,5,駅データ.jp
3001615,3001615,切通,岐阜県,岐阜市,岐阜市,岐阜市南長森切通,35.400257,136.79564,名鉄各務原線,名古屋鉄道,1,D,5,駅データ.jp
3001616,3001616,細畑,岐阜県,岐阜市,岐阜市,岐阜市長森細畑,35.401637,136.785141,名鉄各務原線,名古屋鉄道,1,D,5,駅データ.jp
3001617,3001617,田神,岐阜県,岐阜市,岐阜市,岐阜市入舟町１丁目,35.411261,136.772189,名鉄各務原線,名古屋鉄道,1,D,5,駅データ.jp
3001702,3001702,富岡前,愛知県,犬山市,犬山市,犬山市大字富岡字株池１２７-３,35.379508,136.962112,名鉄広見線,名古屋鉄道,1,D,5,駅データ.jp
3001703,3001703,善師野,愛知県,犬山市,犬山市,犬山市大字善師野字真土５-２,35.389744,136.980027,名鉄広見線,名古屋鉄道,1,D,5,駅データ.jp
3001704,3001704,西可児,岐阜県,可児市,可児市,可児市東帷子３３４-３,35.404685,137.010616,名鉄広見線,名古屋鉄道,1,D,13,駅データ.jp
3001705,3001705,可児川,岐阜県,可児市,可児市,可児市土田字北割田１３５６-７,35.41812,137.01847,名鉄広見線,名古屋鉄道,1,D,13,駅データ.jp
3001706,3001706,日本ライン今渡,岐阜県,可児市,可児市,可児市今渡字野市場４０６-２,35.432302,137.036818,名鉄広見線,名古屋鉄道,1,D,5,駅データ.jp
3001708,3001708,明智,岐阜県,可児市,可児市,岐阜県可児市平貝戸川田551,35.433208,137.087295,名鉄広見線,名古屋鉄道,1,D,5,駅データ.jp
3001709,3001709,顔戸,岐阜県,,,可児郡御嵩町大字顔戸山之神３１８-３,35.434522,137.105154,名鉄広見線,名古屋鉄道,1,D,5,駅データ.jp
3001710,3001710,御嵩口,岐阜県,,,可児郡御嵩町中字茶園原４７３,35.431281,137.121741,名鉄広見線,名古屋鉄道,1,D,5,駅データ.jp
3001711,3001711,御嵩,岐阜県,,,可児郡御嵩町中字西之門２３０２-２,35.429723,137.127527,名鉄広見線,名古屋鉄道,1,D,5,駅データ.jp
3001801,3001801,上飯田,愛知県,名古屋市,名古屋市北区,名古屋市北区上飯田通２-４０,35.203845,136.929642,名古屋市営地下鉄上飯田線|名鉄小牧線,名古屋市交通局|名古屋鉄道,2,D,15,駅データ.jp
3001802,3001802,味鋺,愛知県,名古屋市,名古屋市北区,名古屋市北区東味鋺２-１２３,35.222478,136.936113,名鉄小牧線,名古屋鉄道,1,D,5,駅データ.jp
3001803,3001803,味美,愛知県,春日井市,春日井市,愛知県春日井市西本町,35.235209,136.937134,名鉄小牧線,名古屋鉄道,1,D,5,駅データ.jp
3001804,3001804,春日井,愛知県,春日井市,春日井市,春日井市大字春日井町字土合,35.25035,136.936228,名鉄小牧線,名古屋鉄道,1,D,13,駅データ.jp
3001805,3001805,牛山,愛知県,春日井市,春日井市,春日井市牛山町字下荒井９５１,35.264014,136.931356,名鉄小牧線,名古屋鉄道,1,D,5,駅データ.jp
3001806,3001806,間内,愛知県,春日井市,春日井市,春日井市牛山町字間内２８１-３,35.271585,136.9312,名鉄小牧線,名古屋鉄道,1,D,5,駅データ.jp
3001807,3001807,小牧口,愛知県,小牧市,小牧市,小牧市北外山字大畔,35.281717,136.927675,名鉄小牧線,名古屋鉄道,1,D,13,駅データ.jp
3001808,3001808,小牧,愛知県,小牧市,小牧市,小牧市中央１丁目,35.28915,136.928461,名鉄小牧線,名古屋鉄道,1,D,13,駅データ.jp
3001809,3001809,小牧原,愛知県,小牧市,小牧市,小牧市小牧原新田字南原,35.300145,136.935836,名鉄小牧線,名古屋鉄道,1,D,13,駅データ.jp
3001810,3001810,味岡,愛知県,小牧市,小牧市,小牧市岩崎１４３,35.309301,136.940304,名鉄小牧線,名古屋鉄道,1,D,5,駅データ.jp
3001811,3001811,田県神社前,愛知県,小牧市,小牧市,小牧市久保一色字佃１０５２-２,35.317422,136.943675,名鉄小牧線,名古屋鉄道,1,D,5,駅データ.jp
3001812,3001812,楽田,愛知県,犬山市,犬山市,犬山市若宮１２６-２,35.330548,136.950101,名鉄小牧線,名古屋鉄道,1,D,5,駅データ.jp
3001813,3001813,羽黒,愛知県,犬山市,犬山市,犬山市羽黒字古市場７５-１,35.351519,136.952486,名鉄小牧線,名古屋鉄道,1,D,5,駅データ.jp
3002002,3002002,西笠松,岐阜県,,,羽島郡笠松町天王町４５,35.36906,136.757901,名鉄竹鼻線,名古屋鉄道,1,D,5,駅データ.jp
3002003,3002003,柳津,岐阜県,岐阜市,岐阜市,岐阜市柳津町宮東,35.364925,136.737103,名鉄竹鼻線,名古屋鉄道,1,D,5,駅データ.jp
3002004,3002004,南宿,岐阜県,羽島市,羽島市,羽島市足近町南宿字北出９１６-１,35.347869,136.728604,名鉄竹鼻線,名古屋鉄道,1,D,5,駅データ.jp
3002005,3002005,須賀,岐阜県,羽島市,羽島市,羽島市正木町須賀小松２１９,35.340192,136.726805,名鉄竹鼻線,名古屋鉄道,1,D,5,駅データ.jp
3002006,3002006,不破一色,岐阜県,羽島市,羽島市,羽島市正木町須賀字道下２２２１-５,35.332959,136.721897,名鉄竹鼻線,名古屋鉄道,1,D,5,駅データ.jp
3002007,3002007,竹鼻,岐阜県,羽島市,羽島市,羽島市竹鼻町狐穴字栄町３３０５,35.326734,136.706399,名鉄竹鼻線,名古屋鉄道,1,D,5,駅データ.jp
3002008,3002008,羽島市役所前,岐阜県,羽島市,羽島市,羽島市竹鼻町字宮町７６１,35.321924,136.70003,名鉄竹鼻線,名古屋鉄道,1,D,13,駅データ.jp
3002009,3002009,江吉良,岐阜県,羽島市,羽島市,羽島市江吉良町江東８３９,35.31543,136.699686,名鉄竹鼻線|名鉄羽島線,名古屋鉄道,2,D,15,駅データ.jp
3002102,3002102,新羽島,岐阜県,羽島市,羽島市,羽島市舟橋町宮北１-１-１,35.315471,136.686582,名鉄羽島線,名古屋鉄道,1,D,13,駅データ.jp
3100101,3100101,大阪難波,大阪府,大阪市,大阪市中央区,大阪市中央区難波四丁目1-17,34.66683,135.499141,大阪メトロ千日前線|大阪メトロ四つ橋線|大阪メトロ御堂筋線|近鉄難波線|阪神なんば線,Osaka Metro|近畿日本鉄道|阪神電鉄,5,C,35,駅データ.jp
3100102,3100102,近鉄日本橋,大阪府,大阪市,大阪市中央区,大阪市中央区日本橋１-１８-１４,34.66708,135.506363,大阪メトロ千日前線|大阪メトロ堺筋線|近鉄難波線,Osaka Metro|近畿日本鉄道,3,C,24,駅データ.jp
3100103,3100103,大阪上本町,大阪府,大阪市,大阪市天王寺区,大阪市天王寺区上本町六丁目1-55,34.665513,135.522189,近鉄大阪線|近鉄難波線,近畿日本鉄道,2,D,15,駅データ.jp
3100105,3100105,今里,大阪府,大阪市,大阪市生野区,大阪市生野区新今里四丁目1-17,34.664788,135.549917,近鉄大阪線,近畿日本鉄道,1,D,5,駅データ.jp
3100106,3100106,布施,大阪府,東大阪市,東大阪市,東大阪市長堂１-１-１８,34.664092,135.563516,近鉄大阪線|近鉄奈良線,近畿日本鉄道,2,D,15,駅データ.jp
3100201,3100201,大和西大寺,奈良県,奈良市,奈良市,奈良市西大寺国見町１-１-１,34.69358,135.783169,近鉄京都線|近鉄奈良線|近鉄橿原線,近畿日本鉄道,3,C,24,駅データ.jp
3100202,3100202,尼ヶ辻,奈良県,奈良市,奈良市,奈良県奈良市尼辻中町11-1,34.681109,135.783519,近鉄橿原線,近畿日本鉄道,1,D,5,駅データ.jp
3100203,3100203,西ノ京,奈良県,奈良市,奈良市,奈良市西ノ京町字金岡４０８,34.670652,135.783186,近鉄橿原線,近畿日本鉄道,1,D,5,駅データ.jp
3100204,3100204,九条,奈良県,大和郡山市,大和郡山市,大和郡山市九条町字出口３７５,34.659523,135.782894,近鉄橿原線,近畿日本鉄道,1,D,5,駅データ.jp
3100205,3100205,近鉄郡山,奈良県,大和郡山市,大和郡山市,大和郡山市南郡山町２３２,34.646041,135.780756,近鉄橿原線,近畿日本鉄道,1,D,5,駅データ.jp
3100206,3100206,筒井,奈良県,大和郡山市,大和郡山市,大和郡山市筒井町八王寺６４０,34.620152,135.78067,近鉄橿原線,近畿日本鉄道,1,D,5,駅データ.jp
3100207,3100207,平端,奈良県,大和郡山市,大和郡山市,大和郡山市昭和町５１,34.606712,135.782804,近鉄天理線|近鉄橿原線,近畿日本鉄道,2,D,15,駅データ.jp
3100208,3100208,ファミリー公園前,奈良県,大和郡山市,大和郡山市,大和郡山市宮堂毘沙門３３９-２,34.597968,135.784987,近鉄橿原線,近畿日本鉄道,1,D,5,駅データ.jp
3100209,3100209,結崎,奈良県,,,磯城郡川西町結崎出屋敷５８４,34.584586,135.784782,近鉄橿原線,近畿日本鉄道,1,D,5,駅データ.jp
3100210,3100210,石見,奈良県,,,磯城郡三宅町石見４８５,34.571499,135.785765,近鉄橿原線,近畿日本鉄道,1,D,5,駅データ.jp
3100211,3100211,田原本,奈良県,,,磯城郡田原本町１７１,34.553489,135.790175,近鉄橿原線|近鉄田原本線,近畿日本鉄道,2,D,15,駅データ.jp
3100212,3100212,笠縫,奈良県,,,磯城郡田原本町秦庄３３０,34.541422,135.794076,近鉄橿原線,近畿日本鉄道,1,D,5,駅データ.jp
3100213,3100213,新ノ口,奈良県,橿原市,橿原市,橿原市新口町１２７,34.525332,135.794631,近鉄橿原線,近畿日本鉄道,1,D,5,駅データ.jp
3100214,3100214,大和八木,奈良県,橿原市,橿原市,橿原市内膳町５-１-２,34.513208,135.791484,近鉄大阪線|近鉄橿原線,近畿日本鉄道,2,D,15,駅データ.jp
3100215,3100215,八木西口,奈良県,橿原市,橿原市,橿原市八木町１-８-３２,34.509309,135.790707,近鉄橿原線,近畿日本鉄道,1,D,5,駅データ.jp
3100216,3100216,畝傍御陵前,奈良県,橿原市,橿原市,橿原市大久保町４５５,34.492758,135.794254,近鉄橿原線,近畿日本鉄道,1,D,5,駅データ.jp
3100217,3100217,橿原神宮前,奈良県,橿原市,橿原市,橿原市久米町６１８,34.483987,135.79434,近鉄南大阪線|近鉄吉野線|近鉄橿原線,近畿日本鉄道,3,C,32,駅データ.jp
3100302,3100302,河堀口,大阪府,大阪市,大阪市阿倍野区,大阪市阿倍野区天王寺町南２-２４-１,34.641166,135.524237,近鉄南大阪線,近畿日本鉄道,1,D,5,駅データ.jp
3100303,3100303,北田辺,大阪府,大阪市,大阪市東住吉区,大阪市東住吉区北田辺４-１６-２９,34.632184,135.528934,近鉄南大阪線,近畿日本鉄道,1,D,5,駅データ.jp
3100304,3100304,今川,大阪府,大阪市,大阪市東住吉区,大阪市東住吉区駒川３-４-５５,34.626226,135.531148,近鉄南大阪線,近畿日本鉄道,1,D,5,駅データ.jp
3100305,3100305,針中野,大阪府,大阪市,大阪市東住吉区,大阪市東住吉区駒川５-２４-８,34.616969,135.533078,近鉄南大阪線,近畿日本鉄道,1,D,5,駅データ.jp
3100306,3100306,矢田,大阪府,大阪市,大阪市東住吉区,大阪市東住吉区矢田２-２５-２７,34.605926,135.532942,近鉄南大阪線,近畿日本鉄道,1,D,5,駅データ.jp
3100307,3100307,河内天美,大阪府,松原市,松原市,松原市天美南３-１５-４１,34.585823,135.535509,近鉄南大阪線,近畿日本鉄道,1,D,5,駅データ.jp
3100308,3100308,布忍,大阪府,松原市,松原市,松原市北新町１-２-１,34.577824,135.539415,近鉄南大阪線,近畿日本鉄道,1,D,5,駅データ.jp
3100309,3100309,高見ノ里,大阪府,松原市,松原市,松原市高見の里３-１-１,34.575232,135.546189,近鉄南大阪線,近畿日本鉄道,1,D,5,駅データ.jp
3100310,3100310,河内松原,大阪府,松原市,松原市,松原市上田３-５-１,34.575563,135.557097,近鉄南大阪線,近畿日本鉄道,1,D,13,駅データ.jp
3100311,3100311,恵我ノ荘,大阪府,羽曳野市,羽曳野市,羽曳野市南恵我之荘８-１-２３,34.573591,135.572751,近鉄南大阪線,近畿日本鉄道,1,D,5,駅データ.jp
3100312,3100312,高鷲,大阪府,羽曳野市,羽曳野市,羽曳野市高鷲１-１-１２,34.571602,135.584503,近鉄南大阪線,近畿日本鉄道,1,D,5,駅データ.jp
3100313,3100313,藤井寺,大阪府,藤井寺市,藤井寺市,藤井寺市岡２-７-１８,34.571669,135.594046,近鉄南大阪線,近畿日本鉄道,1,D,13,駅データ.jp
3100314,3100314,土師ノ里,大阪府,藤井寺市,藤井寺市,藤井寺市道明寺１-１-２８,34.571603,135.615622,近鉄南大阪線,近畿日本鉄道,1,D,5,駅データ.jp
3100315,3100315,道明寺,大阪府,藤井寺市,藤井寺市,藤井寺市道明寺３-２９-１,34.56834,135.620399,近鉄南大阪線|近鉄道明寺線,近畿日本鉄道,2,D,15,駅データ.jp
3100316,3100316,古市,大阪府,羽曳野市,羽曳野市,羽曳野市古市１-１-２２,34.55416,135.609092,近鉄南大阪線|近鉄長野線,近畿日本鉄道,2,D,15,駅データ.jp
3100317,3100317,駒ヶ谷,大阪府,羽曳野市,羽曳野市,大阪府羽曳野市駒ケ谷159-1,34.545751,135.621999,近鉄南大阪線,近畿日本鉄道,1,D,5,駅データ.jp
3100318,3100318,上ノ太子,大阪府,羽曳野市,羽曳野市,羽曳野市飛鳥８１１,34.532974,135.637634,近鉄南大阪線,近畿日本鉄道,1,D,5,駅データ.jp
3100319,3100319,二上山,奈良県,香芝市,香芝市,香芝市畑４-１０６-２,34.53907,135.685974,近鉄南大阪線,近畿日本鉄道,1,D,5,駅データ.jp
3100320,3100320,二上神社口,奈良県,葛城市,葛城市,葛城市加守５４４,34.532104,135.69414,近鉄南大阪線,近畿日本鉄道,1,D,5,駅データ.jp
3100321,3100321,当麻寺,奈良県,葛城市,葛城市,葛城市當麻５４-２,34.516412,135.705897,近鉄南大阪線,近畿日本鉄道,1,D,5,駅データ.jp
3100322,3100322,磐城,奈良県,葛城市,葛城市,葛城市長尾２２０-２,34.511302,135.710869,近鉄南大阪線,近畿日本鉄道,1,D,5,駅データ.jp
3100323,3100323,尺土,奈良県,葛城市,葛城市,葛城市尺土２２８,34.508577,135.721404,近鉄南大阪線|近鉄御所線,近畿日本鉄道,2,D,15,駅データ.jp
3100324,3100324,高田市,奈良県,大和高田市,大和高田市,大和高田市片塩町１７-４,34.507145,135.742119,近鉄南大阪線,近畿日本鉄道,1,D,5,駅データ.jp
3100325,3100325,浮孔,奈良県,大和高田市,大和高田市,大和高田市田井１１,34.498077,135.754749,近鉄南大阪線,近畿日本鉄道,1,D,5,駅データ.jp
3100326,3100326,坊城,奈良県,橿原市,橿原市,橿原市東坊城町２８１-２,34.493577,135.764876,近鉄南大阪線,近畿日本鉄道,1,D,5,駅データ.jp
3100327,3100327,橿原神宮西口,奈良県,橿原市,橿原市,橿原市西池尻町３７６-２,34.486187,135.781372,近鉄南大阪線,近畿日本鉄道,1,D,13,駅データ.jp
3100402,3100402,播磨,三重県,桑名市,桑名市,桑名市大字播磨２５００-３,35.078242,136.674595,養老鉄道養老線,養老鉄道,1,D,5,駅データ.jp
3100403,3100403,下深谷,三重県,桑名市,桑名市,桑名市大字下深谷部２２７９,35.096179,136.661818,養老鉄道養老線,養老鉄道,1,D,5,駅データ.jp
3100404,3100404,下野代,三重県,桑名市,桑名市,桑名市多度町下野代３１６２-３,35.115899,136.647235,養老鉄道養老線,養老鉄道,1,D,5,駅データ.jp
3100405,3100405,多度,三重県,桑名市,桑名市,桑名市多度町小山１８６０-２,35.133855,136.640594,養老鉄道養老線,養老鉄道,1,D,5,駅データ.jp
3100406,3100406,美濃松山,岐阜県,海津市,海津市,海津市南濃町松山古堤２２１,35.160724,136.632644,養老鉄道養老線,養老鉄道,1,D,5,駅データ.jp
3100407,3100407,石津,岐阜県,海津市,海津市,海津市南濃町太田通９２,35.181032,136.627765,養老鉄道養老線,養老鉄道,1,D,5,駅データ.jp
3100408,3100408,美濃山崎,岐阜県,海津市,海津市,海津市南濃町山崎大立２６７,35.198658,136.621595,養老鉄道養老線,養老鉄道,1,D,5,駅データ.jp
3100409,3100409,駒野,岐阜県,海津市,海津市,海津市南濃町駒野横道上６１７-５,35.22385,136.603389,養老鉄道養老線,養老鉄道,1,D,5,駅データ.jp
3100410,3100410,美濃津屋,岐阜県,海津市,海津市,海津市南濃町津屋借畑２６９３-５,35.251532,136.566651,養老鉄道養老線,養老鉄道,1,D,5,駅データ.jp
3100411,3100411,養老,岐阜県,,,養老郡養老町鷲巣白石道１２００,35.28693,136.556739,養老鉄道養老線,養老鉄道,1,D,5,駅データ.jp
3100412,3100412,美濃高田,岐阜県,,,養老郡養老町高田字古宮８４２-４,35.309074,136.563602,養老鉄道養老線,養老鉄道,1,D,5,駅データ.jp
3100413,3100413,烏江,岐阜県,,,養老郡養老町烏江１０７４-１,35.305346,136.592258,養老鉄道養老線,養老鉄道,1,D,5,駅データ.jp
3100414,3100414,大外羽,岐阜県,大垣市,大垣市,大垣市西大外羽３-２８,35.315092,136.597382,養老鉄道養老線,養老鉄道,1,D,5,駅データ.jp
3100415,3100415,友江,岐阜県,大垣市,大垣市,大垣市友江町２２１,35.326501,136.600672,養老鉄道養老線,養老鉄道,1,D,5,駅データ.jp
3100416,3100416,美濃青柳,岐阜県,大垣市,大垣市,大垣市青柳町４２５-１,35.343591,136.603797,養老鉄道養老線,養老鉄道,1,D,5,駅データ.jp
3100417,3100417,西大垣,岐阜県,大垣市,大垣市,大垣市木戸町９１０,35.360298,136.603363,養老鉄道養老線,養老鉄道,1,D,13,駅データ.jp
3100419,3100419,室,岐阜県,大垣市,大垣市,大垣市木戸町１３４-３,35.367272,136.606209,養老鉄道養老線,養老鉄道,1,D,5,駅データ.jp
3100420,3100420,北大垣,岐阜県,大垣市,大垣市,大垣市笠木町７６-３,35.375349,136.601979,養老鉄道養老線,養老鉄道,1,D,13,駅データ.jp
3100421,3100421,東赤坂,岐阜県,,,安八郡神戸町大字中沢字村西１２４-６,35.39414,136.600971,養老鉄道養老線,養老鉄道,1,D,5,駅データ.jp
3100422,3100422,広神戸,岐阜県,,,安八郡神戸町大字神戸字西浦１２２,35.419651,136.602096,養老鉄道養老線,養老鉄道,1,D,5,駅データ.jp
3100423,3100423,北神戸,岐阜県,,,安八郡神戸町大字北一色字別当野５７５-２,35.430013,136.59441,養老鉄道養老線,養老鉄道,1,D,5,駅データ.jp
3100424,3100424,池野,岐阜県,,,揖斐郡池田町池野２５９-４,35.436512,136.578712,養老鉄道養老線,養老鉄道,1,D,5,駅データ.jp
3100425,3100425,北池野,岐阜県,,,揖斐郡池田町本郷１５１５,35.44335,136.573673,養老鉄道養老線,養老鉄道,1,D,5,駅データ.jp
3100426,3100426,美濃本郷,岐阜県,,,揖斐郡池田町本郷５５０,35.449874,136.571826,養老鉄道養老線,養老鉄道,1,D,5,駅データ.jp
3100427,3100427,揖斐,岐阜県,,,揖斐郡揖斐川町脛永字山王元４３４,35.470314,136.572536,養老鉄道養老線,養老鉄道,1,D,5,駅データ.jp
3100506,3100506,長瀬,大阪府,東大阪市,東大阪市,東大阪市菱屋西１-２４-２６,34.64988,135.577612,近鉄大阪線,近畿日本鉄道,1,D,5,駅データ.jp
3100507,3100507,弥刀,大阪府,東大阪市,東大阪市,東大阪市友井３-１-２２,34.641337,135.583412,近鉄大阪線,近畿日本鉄道,1,D,5,駅データ.jp
3100508,3100508,久宝寺口,大阪府,八尾市,八尾市,八尾市佐堂町３-１１-７,34.634593,135.590548,近鉄大阪線,近畿日本鉄道,1,D,5,駅データ.jp
3100509,3100509,近鉄八尾,大阪府,八尾市,八尾市,八尾市北本町２-１５３-２,34.62978,135.603591,近鉄大阪線,近畿日本鉄道,1,D,13,駅データ.jp
3100510,3100510,河内山本,大阪府,八尾市,八尾市,八尾市山本町１-１-１７,34.627892,135.619317,近鉄信貴線|近鉄大阪線,近畿日本鉄道,2,D,15,駅データ.jp
3100511,3100511,高安,大阪府,八尾市,八尾市,八尾市山本高安町１-１-４６,34.619376,135.624403,近鉄大阪線,近畿日本鉄道,1,D,5,駅データ.jp
3100512,3100512,恩智,大阪府,八尾市,八尾市,八尾市恩智中町１-１０３,34.609747,135.626308,近鉄大阪線,近畿日本鉄道,1,D,5,駅データ.jp
3100513,3100513,法善寺,大阪府,柏原市,柏原市,柏原市法善寺町４-１-２２,34.595176,135.626331,近鉄大阪線,近畿日本鉄道,1,D,5,駅データ.jp
3100514,3100514,堅下,大阪府,柏原市,柏原市,柏原市大県２-５-１,34.588246,135.627331,近鉄大阪線,近畿日本鉄道,1,D,5,駅データ.jp
3100515,3100515,安堂,大阪府,柏原市,柏原市,柏原市安堂町２-１,34.580213,135.629064,近鉄大阪線,近畿日本鉄道,1,D,5,駅データ.jp
3100516,3100516,河内国分,大阪府,柏原市,柏原市,柏原市国分本町１-２-４,34.566754,135.635684,近鉄大阪線,近畿日本鉄道,1,D,5,駅データ.jp
3100517,3100517,大阪教育大前,大阪府,柏原市,柏原市,柏原市旭ケ丘４-４５５５-１,34.555366,135.645139,近鉄大阪線,近畿日本鉄道,1,D,5,駅データ.jp
3100518,3100518,関屋,奈良県,香芝市,香芝市,香芝市関屋１５７８-３,34.553688,135.667778,近鉄大阪線,近畿日本鉄道,1,D,5,駅データ.jp
3100519,3100519,二上,奈良県,香芝市,香芝市,香芝市穴虫２０２３,34.546511,135.68811,近鉄大阪線,近畿日本鉄道,1,D,5,駅データ.jp
3100520,3100520,近鉄下田,奈良県,香芝市,香芝市,香芝市下田西１-７-１４,34.541478,135.704033,近鉄大阪線,近畿日本鉄道,1,D,5,駅データ.jp
3100521,3100521,五位堂,奈良県,香芝市,香芝市,香芝市瓦口２６８,34.534763,135.717937,近鉄大阪線,近畿日本鉄道,1,D,5,駅データ.jp
3100522,3100522,築山,奈良県,大和高田市,大和高田市,大和高田市築山４６７-３,34.526125,135.733036,近鉄大阪線,近畿日本鉄道,1,D,5,駅データ.jp
3100523,3100523,大和高田,奈良県,大和高田市,大和高田市,大和高田市北本町１４-４,34.519757,135.742264,近鉄大阪線,近畿日本鉄道,1,D,13,駅データ.jp
3100524,3100524,松塚,奈良県,大和高田市,大和高田市,大和高田市松塚２４-２,34.520601,135.761507,近鉄大阪線,近畿日本鉄道,1,D,5,駅データ.jp
3100525,3100525,真菅,奈良県,橿原市,橿原市,橿原市曽我町１０７０,34.519585,135.772806,近鉄大阪線,近畿日本鉄道,1,D,5,駅データ.jp
3100527,3100527,耳成,奈良県,橿原市,橿原市,橿原市石原田町２０８-２,34.512409,135.815071,近鉄大阪線,近畿日本鉄道,1,D,5,駅データ.jp
3100528,3100528,大福,奈良県,桜井市,桜井市,桜井市大福北方２４１-２,34.512851,135.829756,近鉄大阪線,近畿日本鉄道,1,D,5,駅データ.jp
3100530,3100530,大和朝倉,奈良県,桜井市,桜井市,桜井市大字慈恩寺１０２９,34.51602,135.868933,近鉄大阪線,近畿日本鉄道,1,D,5,駅データ.jp
3100531,3100531,長谷寺,奈良県,桜井市,桜井市,桜井市大字初瀬２４９９,34.526889,135.906453,近鉄大阪線,近畿日本鉄道,1,D,5,駅データ.jp
3100532,3100532,榛原,奈良県,宇陀市,宇陀市榛原区,宇陀市榛原区萩原２４２６,34.529887,135.954747,近鉄大阪線,近畿日本鉄道,1,D,5,駅データ.jp
3100533,3100533,室生口大野,奈良県,宇陀市,宇陀市室生区,宇陀市室生区大野１７５６,34.566109,136.015252,近鉄大阪線,近畿日本鉄道,1,D,5,駅データ.jp
3100534,3100534,三本松,奈良県,宇陀市,宇陀市室生区,宇陀市室生区三本松２９３７,34.578571,136.035851,近鉄大阪線,近畿日本鉄道,1,D,5,駅データ.jp
3100535,3100535,赤目口,三重県,名張市,名張市,名張市赤目町丈六２５７-１,34.599467,136.073897,近鉄大阪線,近畿日本鉄道,1,D,5,駅データ.jp
3100536,3100536,名張,三重県,名張市,名張市,名張市平尾２９６１,34.621612,136.095753,近鉄大阪線,近畿日本鉄道,1,D,13,駅データ.jp
3100537,3100537,桔梗が丘,三重県,名張市,名張市,名張市桔梗が丘１番町１-１,34.641297,136.112639,近鉄大阪線,近畿日本鉄道,1,D,5,駅データ.jp
3100538,3100538,美旗,三重県,名張市,名張市,名張市新田１８９１,34.662989,136.133022,近鉄大阪線,近畿日本鉄道,1,D,5,駅データ.jp
3100539,3100539,伊賀神戸,三重県,伊賀市,伊賀市,伊賀市比土２６２８-３,34.673639,136.152854,伊賀鉄道伊賀線|近鉄大阪線,伊賀鉄道|近畿日本鉄道,2,C,23,駅データ.jp
3100540,3100540,青山町,三重県,伊賀市,伊賀市,伊賀市阿保４０５,34.672848,136.177763,近鉄大阪線,近畿日本鉄道,1,D,5,駅データ.jp
3100541,3100541,伊賀上津,三重県,伊賀市,伊賀市,伊賀市伊勢路１９２,34.682695,136.205088,近鉄大阪線,近畿日本鉄道,1,D,13,駅データ.jp
3100542,3100542,西青山,三重県,伊賀市,伊賀市,伊賀市伊勢路青山１３５３-４,34.676518,136.237988,近鉄大阪線,近畿日本鉄道,1,D,5,駅データ.jp
3100543,3100543,東青山,三重県,津市,津市,津市白山町上ノ村字北谷１０７４,34.675599,136.321627,近鉄大阪線,近畿日本鉄道,1,D,5,駅データ.jp
3100544,3100544,榊原温泉口,三重県,津市,津市,津市白山町佐田字寒谷１５２６-２,34.67468,136.348576,近鉄大阪線,近畿日本鉄道,1,D,5,駅データ.jp
3100545,3100545,大三,三重県,津市,津市,津市白山町二本木字横町８１５-１,34.664058,136.368896,近鉄大阪線,近畿日本鉄道,1,D,5,駅データ.jp
3100546,3100546,伊勢石橋,三重県,津市,津市,津市一志町大仰字久保垣内５２２-１,34.656783,136.408034,近鉄大阪線,近畿日本鉄道,1,D,5,駅データ.jp
3100548,3100548,伊勢中川,三重県,松阪市,松阪市,松阪市嬉野中川町７５４,34.635028,136.477894,近鉄名古屋線|近鉄大阪線|近鉄山田線,近畿日本鉄道,3,C,24,駅データ.jp
3100602,3100602,新居,三重県,伊賀市,伊賀市,伊賀市東高倉８３-２,34.786338,136.115903,伊賀鉄道伊賀線,伊賀鉄道,1,D,5,駅データ.jp
3100603,3100603,西大手,三重県,伊賀市,伊賀市,伊賀市上野西大手町１,34.766923,136.124675,伊賀鉄道伊賀線,伊賀鉄道,1,D,5,駅データ.jp
3100604,3100604,上野市,三重県,伊賀市,伊賀市,伊賀市上野丸之内６１-２,34.767654,136.129419,伊賀鉄道伊賀線,伊賀鉄道,1,D,5,駅データ.jp
3100605,3100605,広小路,三重県,伊賀市,伊賀市,伊賀市上野農人町４２６-２,34.767054,136.134427,伊賀鉄道伊賀線,伊賀鉄道,1,D,5,駅データ.jp
3100606,3100606,茅町,三重県,伊賀市,伊賀市,伊賀市上野茅町２６５２-２,34.761524,136.135732,伊賀鉄道伊賀線,伊賀鉄道,1,D,5,駅データ.jp
3100607,3100607,桑町,三重県,伊賀市,伊賀市,伊賀市四十九町八反田２１３５,34.754164,136.136621,伊賀鉄道伊賀線,伊賀鉄道,1,D,5,駅データ.jp
3100608,3100608,猪田道,三重県,伊賀市,伊賀市,伊賀市依那具１０２４-４,34.735424,136.140352,伊賀鉄道伊賀線,伊賀鉄道,1,D,5,駅データ.jp
3100609,3100609,市部,三重県,伊賀市,伊賀市,伊賀市市部４１７-２,34.726245,136.148661,伊賀鉄道伊賀線,伊賀鉄道,1,D,5,駅データ.jp
3100610,3100610,依那古,三重県,伊賀市,伊賀市,伊賀市沖１８-２,34.715199,136.15318,伊賀鉄道伊賀線,伊賀鉄道,1,D,5,駅データ.jp
3100611,3100611,丸山,三重県,伊賀市,伊賀市,伊賀市才良３５３-４,34.704381,136.157461,伊賀鉄道伊賀線,伊賀鉄道,1,D,5,駅データ.jp
3100612,3100612,上林,三重県,伊賀市,伊賀市,伊賀市上林原代２６-２,34.694998,136.161219,伊賀鉄道伊賀線,伊賀鉄道,1,D,5,駅データ.jp
3100613,3100613,比土,三重県,伊賀市,伊賀市,伊賀市比土城之越３３２-４,34.675828,136.16047,伊賀鉄道伊賀線,伊賀鉄道,1,D,5,駅データ.jp
3100702,3100702,岡寺,奈良県,橿原市,橿原市,橿原市見瀬町５９０,34.473963,135.796088,近鉄吉野線,近畿日本鉄道,1,D,5,駅データ.jp
3100703,3100703,飛鳥,奈良県,高市,高市,高市郡明日香村越５６０,34.464928,135.79816,近鉄吉野線,近畿日本鉄道,1,D,5,駅データ.jp
3100704,3100704,壺阪山,奈良県,高市,高市,高市郡高取町観覚寺８８６,34.449508,135.794819,近鉄吉野線,近畿日本鉄道,1,D,5,駅データ.jp
3100705,3100705,市尾,奈良県,高市,高市,高市郡高取町市尾７８４,34.441731,135.776488,近鉄吉野線,近畿日本鉄道,1,D,5,駅データ.jp
3100706,3100706,葛,奈良県,御所市,御所市,御所市戸毛９８１-３,34.431446,135.759914,近鉄吉野線,近畿日本鉄道,1,D,5,駅データ.jp
3100708,3100708,薬水,奈良県,,,吉野郡大淀町薬水字赤味田１０８５,34.407806,135.74323,近鉄吉野線,近畿日本鉄道,1,D,5,駅データ.jp
3100709,3100709,福神,奈良県,,,吉野郡大淀町薬水三壺５９９-４,34.395466,135.750185,近鉄吉野線,近畿日本鉄道,1,D,5,駅データ.jp
3100710,3100710,大阿太,奈良県,,,吉野郡大淀町佐名伝１０６６,34.388359,135.766434,近鉄吉野線,近畿日本鉄道,1,D,5,駅データ.jp
3100711,3100711,下市口,奈良県,,,吉野郡大淀町下渕８７５,34.383998,135.786888,近鉄吉野線,近畿日本鉄道,1,D,5,駅データ.jp
3100712,3100712,越部,奈良県,,,吉野郡大淀町越部４,34.38614,135.80262,近鉄吉野線,近畿日本鉄道,1,D,5,駅データ.jp
3100713,3100713,六田,奈良県,,,吉野郡大淀町北六田４２-１,34.390051,135.822943,近鉄吉野線,近畿日本鉄道,1,D,5,駅データ.jp
3100714,3100714,大和上市,奈良県,吉野郡吉野町上市,吉野郡吉野町上市,吉野郡吉野町上市２０４４,34.39572,135.845691,近鉄吉野線,近畿日本鉄道,1,D,5,駅データ.jp
3100715,3100715,吉野神宮,奈良県,,,吉野郡吉野町丹治１３７-２,34.390191,135.848211,近鉄吉野線,近畿日本鉄道,1,D,5,駅データ.jp
3100716,3100716,吉野,奈良県,,,吉野郡吉野町吉野山６２６１,34.376848,135.853486,近鉄吉野線,近畿日本鉄道,1,D,5,駅データ.jp
3100801,3100801,近鉄四日市,三重県,四日市,四日市,四日市市安島１-１-５６,34.966495,136.618352,八王子線|内部線|近鉄名古屋線|近鉄湯の山線,四日市あすなろう鉄道|近畿日本鉄道,4,C,38,駅データ.jp
3100802,3100802,中川原,三重県,四日市,四日市,四日市市中川原２-２-１４,34.969242,136.602715,近鉄湯の山線,近畿日本鉄道,1,D,5,駅データ.jp
3100803,3100803,伊勢松本,三重県,四日市,四日市,四日市市松本３-３-８,34.969772,136.590736,近鉄湯の山線,近畿日本鉄道,1,D,5,駅データ.jp
3100804,3100804,伊勢川島,三重県,四日市,四日市,四日市市川島町字川原１０５２,34.977688,136.566934,近鉄湯の山線,近畿日本鉄道,1,D,5,駅データ.jp
3100805,3100805,高角,三重県,四日市,四日市,四日市市高角町字境田２１９３-４,34.983287,136.554488,近鉄湯の山線,近畿日本鉄道,1,D,5,駅データ.jp
3100806,3100806,桜,三重県,四日市,四日市,四日市市智積町字武佐４１２-１,34.996586,136.541611,近鉄湯の山線,近畿日本鉄道,1,D,5,駅データ.jp
3100807,3100807,菰野,三重県,,,三重郡菰野町大字菰野字辰巳野８９２,35.0087,136.517368,近鉄湯の山線,近畿日本鉄道,1,D,5,駅データ.jp
3100808,3100808,中菰野,三重県,,,三重郡菰野町大字菰野字杉ノ木２１８９,35.012297,136.50425,近鉄湯の山線,近畿日本鉄道,1,D,5,駅データ.jp
3100809,3100809,大羽根園,三重県,,,三重郡菰野町大字菰野字野中３９２８-６,35.012521,136.49417,近鉄湯の山線,近畿日本鉄道,1,D,5,駅データ.jp
3100810,3100810,湯の山温泉,三重県,,,三重郡菰野町大字菰野字募４８５２,35.01159,136.473617,近鉄湯の山線,近畿日本鉄道,1,D,5,駅データ.jp
3100902,3100902,伊勢中原,三重県,松阪市,松阪市,松阪市嬉野津屋城町水池１４５５,34.6148,136.497531,近鉄山田線,近畿日本鉄道,1,D,5,駅データ.jp
3100903,3100903,松ヶ崎,三重県,松阪市,松阪市,三重県松阪市久米町1274-2,34.596469,136.518937,近鉄山田線,近畿日本鉄道,1,D,5,駅データ.jp
3100905,3100905,東松阪,三重県,松阪市,松阪市,松阪市大津町字久地３５３-１,34.565543,136.546122,近鉄山田線,近畿日本鉄道,1,D,13,駅データ.jp
3100906,3100906,櫛田,三重県,松阪市,松阪市,松阪市豊原町１１３１-５,34.548879,136.583069,近鉄山田線,近畿日本鉄道,1,D,5,駅データ.jp
3100907,3100907,漕代,三重県,松阪市,松阪市,松阪市稲木町１１０８-５,34.541013,136.601001,近鉄山田線,近畿日本鉄道,1,D,5,駅データ.jp
3100908,3100908,斎宮,三重県,,,多気郡明和町大字斎宮３０４３-３,34.537877,136.615389,近鉄山田線,近畿日本鉄道,1,D,5,駅データ.jp
3100909,3100909,明星,三重県,,,多気郡明和町大字明星２５６４,34.531112,136.642597,近鉄山田線,近畿日本鉄道,1,D,5,駅データ.jp
3100910,3100910,明野,三重県,伊勢市,伊勢市,伊勢市小俣町明野５２８５-１,34.521497,136.668815,近鉄山田線,近畿日本鉄道,1,D,5,駅データ.jp
3100911,3100911,小俣,三重県,伊勢市,伊勢市,伊勢市小俣町元町８２５４-５,34.512746,136.685163,近鉄山田線,近畿日本鉄道,1,D,5,駅データ.jp
3100912,3100912,宮町,三重県,伊勢市,伊勢市,伊勢市御薗町高向６８６,34.497829,136.698526,近鉄山田線,近畿日本鉄道,1,D,5,駅データ.jp
3100914,3100914,宇治山田,三重県,伊勢市,伊勢市,伊勢市岩渕２-１-４３,34.488256,136.714002,近鉄山田線|近鉄鳥羽線,近畿日本鉄道,2,D,15,駅データ.jp
3101002,3101002,五十鈴川,三重県,伊勢市,伊勢市,伊勢市中村町字桶子３２５,34.476433,136.727287,近鉄鳥羽線,近畿日本鉄道,1,D,5,駅データ.jp
3101003,3101003,朝熊,三重県,伊勢市,伊勢市,伊勢市朝熊町小坊山１４８６,34.477195,136.757357,近鉄鳥羽線,近畿日本鉄道,1,D,5,駅データ.jp
3101004,3101004,池の浦,三重県,鳥羽市,鳥羽市,鳥羽市堅神町字宮の前７８３,34.479104,136.818533,近鉄鳥羽線,近畿日本鉄道,1,D,5,駅データ.jp
3101102,3101102,二階堂,奈良県,天理市,天理市,天理市二階堂上ノ庄町１４７-２,34.602121,135.79553,近鉄天理線,近畿日本鉄道,1,D,5,駅データ.jp
3101103,3101103,前栽,奈良県,天理市,天理市,天理市杉本町２９０-６,34.600996,135.816536,近鉄天理線,近畿日本鉄道,1,D,5,駅データ.jp
3101202,3101202,柏原南口,大阪府,柏原市,柏原市,柏原市上市２-３,34.58153,135.624956,近鉄道明寺線,近畿日本鉄道,1,D,13,駅データ.jp
3101302,3101302,赤堀,三重県,四日市,四日市,四日市市赤堀２-１３-２０,34.95919,136.6104,八王子線|内部線,四日市あすなろう鉄道,2,D,15,駅データ.jp
3101303,3101303,日永,三重県,四日市,四日市,四日市市日永１-１４-６,34.95594,136.604409,八王子線|内部線,四日市あすなろう鉄道,2,D,15,駅データ.jp
3101304,3101304,南日永,三重県,四日市,四日市,四日市市日永４-５-４８,34.949949,136.601015,内部線,四日市あすなろう鉄道,1,D,5,駅データ.jp
3101305,3101305,泊,三重県,四日市,四日市,四日市市泊町３-２０,34.940375,136.598491,内部線,四日市あすなろう鉄道,1,D,5,駅データ.jp
3101306,3101306,追分,三重県,四日市,四日市,四日市市追分３-３-１９,34.933931,136.596174,内部線,四日市あすなろう鉄道,1,D,5,駅データ.jp
3101307,3101307,小古曽,三重県,四日市,四日市,四日市市小古曽２-６-１２,34.928701,136.592322,内部線,四日市あすなろう鉄道,1,D,5,駅データ.jp
3101308,3101308,内部,三重県,四日市,四日市,四日市市小古曽３-５-２９,34.925515,136.58697,内部線,四日市あすなろう鉄道,1,D,5,駅データ.jp
3101404,3101404,西日野,三重県,四日市,四日市,四日市市西日野町字東浦３０,34.952896,136.591163,八王子線,四日市あすなろう鉄道,1,D,5,駅データ.jp
3101502,3101502,中之郷,三重県,鳥羽市,鳥羽市,鳥羽市鳥羽３-１４８４-１０７,34.479577,136.845542,近鉄志摩線,近畿日本鉄道,1,D,5,駅データ.jp
3101503,3101503,志摩赤崎,三重県,鳥羽市,鳥羽市,鳥羽市鳥羽５-４-２７,34.470028,136.84197,近鉄志摩線,近畿日本鉄道,1,D,5,駅データ.jp
3101504,3101504,船津,三重県,鳥羽市,鳥羽市,三重県鳥羽市船津町浜1025-6,34.456974,136.841562,近鉄志摩線,近畿日本鉄道,1,D,5,駅データ.jp
3101505,3101505,加茂,三重県,鳥羽市,鳥羽市,鳥羽市岩倉町大野４７０-３,34.444164,136.846562,近鉄志摩線,近畿日本鉄道,1,D,5,駅データ.jp
3101506,3101506,松尾,三重県,鳥羽市,鳥羽市,鳥羽市松尾町南５９９-４,34.432726,136.840144,近鉄志摩線,近畿日本鉄道,1,D,5,駅データ.jp
3101507,3101507,白木,三重県,鳥羽市,鳥羽市,鳥羽市白木町細田６２-２,34.429218,136.831192,近鉄志摩線,近畿日本鉄道,1,D,5,駅データ.jp
3101508,3101508,五知,三重県,志摩市,志摩市,志摩市磯部町五知東川４６-９,34.407259,136.810655,近鉄志摩線,近畿日本鉄道,1,D,5,駅データ.jp
3101509,3101509,沓掛,三重県,志摩市,志摩市,志摩市磯部町沓掛向江７２,34.394149,136.814427,近鉄志摩線,近畿日本鉄道,1,D,5,駅データ.jp
3101510,3101510,上之郷,三重県,志摩市,志摩市,志摩市磯部町上之郷下高崎２４,34.379334,136.811422,近鉄志摩線,近畿日本鉄道,1,D,5,駅データ.jp
3101511,3101511,志摩磯部,三重県,志摩市,志摩市,志摩市磯部町迫間穂落前１８１９,34.36959,136.805806,近鉄志摩線,近畿日本鉄道,1,D,13,駅データ.jp
3101512,3101512,穴川,三重県,志摩市,志摩市,志摩市磯部町穴川１３８６-３,34.358742,136.815975,近鉄志摩線,近畿日本鉄道,1,D,5,駅データ.jp
3101513,3101513,志摩横山,三重県,志摩市,志摩市,志摩市阿児町鵜方１２４３-４,34.334208,136.818053,近鉄志摩線,近畿日本鉄道,1,D,13,駅データ.jp
3101514,3101514,鵜方,三重県,志摩市,志摩市,志摩市阿児町鵜方１６７０-２,34.329332,136.825747,近鉄志摩線,近畿日本鉄道,1,D,5,駅データ.jp
3101515,3101515,志摩神明,三重県,志摩市,志摩市,志摩市阿児町神明１１５８-３,34.3162,136.829977,近鉄志摩線,近畿日本鉄道,1,D,13,駅データ.jp
3101516,3101516,賢島,三重県,志摩市,志摩市,志摩市阿児町神明賢島７４７-１７,34.308529,136.819285,近鉄志摩線,近畿日本鉄道,1,D,5,駅データ.jp
3101601,3101601,生駒,奈良県,生駒市,生駒市,生駒市元町１-１-１,34.692921,135.697542,生駒ケーブル|近鉄けいはんな線|近鉄奈良線|近鉄生駒線,近畿日本鉄道,4,C,38,駅データ.jp
3101602,3101602,菜畑,奈良県,生駒市,生駒市,生駒市中菜畑１-５４-２,34.685535,135.706769,近鉄生駒線,近畿日本鉄道,1,D,5,駅データ.jp
3101603,3101603,一分,奈良県,生駒市,生駒市,生駒市壱分町９０２-３,34.675408,135.707992,近鉄生駒線,近畿日本鉄道,1,D,5,駅データ.jp
3101604,3101604,南生駒,奈良県,生駒市,生駒市,生駒市小瀬町６９２-２,34.665484,135.708769,近鉄生駒線,近畿日本鉄道,1,D,13,駅データ.jp
3101605,3101605,萩の台,奈良県,生駒市,生駒市,生駒市萩の台１-３-１,34.656974,135.708967,近鉄生駒線,近畿日本鉄道,1,D,5,駅データ.jp
3101606,3101606,東山,奈良県,生駒市,生駒市,生駒市東山町１１４４-１２,34.648633,135.7085,近鉄生駒線,近畿日本鉄道,1,D,5,駅データ.jp
3101607,3101607,元山上口,奈良県,,,生駒郡平群町椣原８０２,34.640562,135.700887,近鉄生駒線,近畿日本鉄道,1,D,5,駅データ.jp
3101608,3101608,平群,奈良県,,,生駒郡平群町吉新４-３-３２,34.629291,135.704345,近鉄生駒線,近畿日本鉄道,1,D,5,駅データ.jp
3101609,3101609,竜田川,奈良県,,,生駒郡平群町西宮２-７-１２,34.617272,135.704559,近鉄生駒線,近畿日本鉄道,1,D,5,駅データ.jp
3101610,3101610,勢野北口,奈良県,,,生駒郡三郷町勢野東４-３-５０,34.606098,135.700979,近鉄生駒線,近畿日本鉄道,1,D,5,駅データ.jp
3101611,3101611,信貴山下,奈良県,,,生駒郡三郷町勢野西１-４-１,34.600935,135.695172,近鉄生駒線,近畿日本鉄道,1,D,5,駅データ.jp
3101702,3101702,黒田,奈良県,,,磯城郡田原本町大字黒田２７７-２３４５,34.56841,135.777794,近鉄田原本線,近畿日本鉄道,1,D,5,駅データ.jp
3101703,3101703,但馬,奈良県,,,磯城郡三宅町大字但馬２６３,34.569462,135.768269,近鉄田原本線,近畿日本鉄道,1,D,5,駅データ.jp
3101704,3101704,箸尾,奈良県,,,北葛城郡広陵町大字萱野３１２-２,34.570287,135.751245,近鉄田原本線,近畿日本鉄道,1,D,5,駅データ.jp
3101705,3101705,池部,奈良県,,,北葛城郡河合町大字池部２５５-２,34.578755,135.737166,近鉄田原本線,近畿日本鉄道,1,D,5,駅データ.jp
3101706,3101706,佐味田川,奈良県,,,北葛城郡河合町大字城内１２８-１,34.585213,135.731047,近鉄田原本線,近畿日本鉄道,1,D,5,駅データ.jp
3101707,3101707,大輪田,奈良県,,,北葛城郡河合町大字大輪田１８０９-２,34.589173,135.720328,近鉄田原本線,近畿日本鉄道,1,D,5,駅データ.jp
3101802,3101802,近鉄新庄,奈良県,葛城市,葛城市,葛城市柿本１５７-４,34.489105,135.727338,近鉄御所線,近畿日本鉄道,1,D,5,駅データ.jp
3101803,3101803,忍海,奈良県,葛城市,葛城市,葛城市忍海３４２-２,34.476062,135.731988,近鉄御所線,近畿日本鉄道,1,D,5,駅データ.jp
3101901,3101901,伊勢若松,三重県,鈴鹿市,鈴鹿市,鈴鹿市若松西４-１７-８,34.869431,136.616765,近鉄名古屋線|近鉄鈴鹿線,近畿日本鉄道,2,D,15,駅データ.jp
3101902,3101902,柳,三重県,鈴鹿市,鈴鹿市,鈴鹿市柳町７２６-４,34.871381,136.595947,近鉄鈴鹿線,近畿日本鉄道,1,D,5,駅データ.jp
3101903,3101903,鈴鹿市,三重県,鈴鹿市,鈴鹿市,鈴鹿市神戸１-１-１,34.883899,136.582812,近鉄鈴鹿線,近畿日本鉄道,1,D,13,駅データ.jp
3101904,3101904,三日市,三重県,鈴鹿市,鈴鹿市,鈴鹿市三日市２-６-１,34.880232,136.562316,近鉄鈴鹿線,近畿日本鉄道,1,D,5,駅データ.jp
3101905,3101905,平田町,三重県,鈴鹿市,鈴鹿市,鈴鹿市算所３-１-１,34.875124,136.542406,近鉄鈴鹿線,近畿日本鉄道,1,D,5,駅データ.jp
3102003,3102003,河内小阪,大阪府,東大阪市,東大阪市,東大阪市小阪１-８-８,34.66394,135.5815,近鉄奈良線,近畿日本鉄道,1,D,5,駅データ.jp
3102004,3102004,八戸ノ里,大阪府,東大阪市,東大阪市,東大阪市小阪３-１-１,34.663721,135.589475,近鉄奈良線,近畿日本鉄道,1,D,5,駅データ.jp
3102005,3102005,若江岩田,大阪府,東大阪市,東大阪市,東大阪市岩田町４-４-２１,34.66311,135.608315,近鉄奈良線,近畿日本鉄道,1,D,5,駅データ.jp
3102006,3102006,河内花園,大阪府,東大阪市,東大阪市,東大阪市吉田１-１-３０,34.662713,135.618347,近鉄奈良線,近畿日本鉄道,1,D,5,駅データ.jp
3102007,3102007,東花園,大阪府,東大阪市,東大阪市,東大阪市吉田７-１-１,34.662388,135.626808,近鉄奈良線,近畿日本鉄道,1,D,5,駅データ.jp
3102008,3102008,瓢箪山,大阪府,東大阪市,東大阪市,東大阪市昭和町４-１,34.66196,135.639143,近鉄奈良線,近畿日本鉄道,1,D,5,駅データ.jp
3102009,3102009,枚岡,大阪府,東大阪市,東大阪市,東大阪市出雲井町２-６,34.669579,135.648067,近鉄奈良線,近畿日本鉄道,1,D,5,駅データ.jp
3102010,3102010,額田,大阪府,東大阪市,東大阪市,東大阪市山手町２-１０,34.675181,135.651086,近鉄奈良線,近畿日本鉄道,1,D,5,駅データ.jp
3102011,3102011,石切,大阪府,東大阪市,東大阪市,東大阪市上石切町２-１６２７-６,34.684739,135.654996,近鉄奈良線,近畿日本鉄道,1,D,5,駅データ.jp
3102013,3102013,東生駒,奈良県,生駒市,生駒市,生駒市東生駒１-６,34.691729,135.710488,近鉄奈良線,近畿日本鉄道,1,D,13,駅データ.jp
3102014,3102014,富雄,奈良県,奈良市,奈良市,奈良市富雄元町２-３-３５,34.694229,135.734825,近鉄奈良線,近畿日本鉄道,1,D,5,駅データ.jp
3102015,3102015,学園前,奈良県,奈良市,奈良市,奈良市学園南３-１-１,34.697018,135.749713,近鉄奈良線,近畿日本鉄道,1,D,5,駅データ.jp
3102016,3102016,菖蒲池,奈良県,奈良市,奈良市,奈良市あやめ池南２-２-１,34.69796,135.761331,近鉄奈良線,近畿日本鉄道,1,D,5,駅データ.jp
3102018,3102018,新大宮,奈良県,奈良市,奈良市,奈良市芝辻町４-１５-５,34.685434,135.810744,近鉄京都線|近鉄奈良線,近畿日本鉄道,2,D,15,駅データ.jp
3102019,3102019,近鉄奈良,奈良県,奈良市,奈良市,奈良市東向中町２９,34.684323,135.827472,近鉄京都線|近鉄奈良線,近畿日本鉄道,2,C,23,駅データ.jp
3102102,3102102,服部川,大阪府,八尾市,八尾市,八尾市服部川４９６,34.626481,135.641102,近鉄信貴線,近畿日本鉄道,1,D,5,駅データ.jp
3102103,3102103,信貴山口,大阪府,八尾市,八尾市,八尾市黒谷６４６,34.619967,135.642118,西信貴ケーブル|近鉄信貴線,近畿日本鉄道,2,D,15,駅データ.jp
3102202,3102202,喜志,大阪府,富田林市,富田林市,富田林市喜志町３-４-３２,34.522647,135.607137,近鉄長野線,近畿日本鉄道,1,D,5,駅データ.jp
3102203,3102203,富田林,大阪府,富田林市,富田林市,富田林市本町１８-１７,34.504166,135.600413,近鉄長野線,近畿日本鉄道,1,D,13,駅データ.jp
3102204,3102204,富田林西口,大阪府,富田林市,富田林市,富田林市寿町１-１-３４,34.500302,135.596347,近鉄長野線,近畿日本鉄道,1,D,13,駅データ.jp
3102205,3102205,川西,大阪府,富田林市,富田林市,富田林市甲田３-２-２９,34.491992,135.590701,近鉄長野線,近畿日本鉄道,1,D,5,駅データ.jp
3102206,3102206,滝谷不動,大阪府,富田林市,富田林市,富田林市錦織東２-１５-１,34.481355,135.586665,近鉄長野線,近畿日本鉄道,1,D,5,駅データ.jp
3102207,3102207,汐ノ宮,大阪府,河内長野市,河内長野市,河内長野市汐の宮町１-３,34.466962,135.579188,近鉄長野線,近畿日本鉄道,1,D,5,駅データ.jp
3102208,3102208,河内長野,大阪府,河内長野市,河内長野市,河内長野市本町２９-９,34.450839,135.573124,南海高野線|近鉄長野線,南海電鉄|近畿日本鉄道,2,C,23,駅データ.jp
3102301,3102301,長田,大阪府,東大阪市,東大阪市,東大阪市長田中２-２１-２,34.678747,135.591919,大阪メトロ中央線|近鉄けいはんな線,Osaka Metro|近畿日本鉄道,2,D,15,駅データ.jp
3102302,3102302,荒本,大阪府,東大阪市,東大阪市,東大阪市荒本北５００-１,34.678627,135.604912,近鉄けいはんな線,近畿日本鉄道,1,D,5,駅データ.jp
3102303,3102303,吉田,大阪府,東大阪市,東大阪市,東大阪市今米１-１-６,34.680294,135.624135,近鉄けいはんな線,近畿日本鉄道,1,D,5,駅データ.jp
3102304,3102304,新石切,大阪府,東大阪市,東大阪市,東大阪市西石切町３-３,34.680133,135.640859,近鉄けいはんな線,近畿日本鉄道,1,D,5,駅データ.jp
3102306,3102306,白庭台,奈良県,生駒市,生駒市,生駒市白庭台６丁目２１９２-２,34.720345,135.716686,近鉄けいはんな線,近畿日本鉄道,1,D,5,駅データ.jp
3102307,3102307,学研北生駒,奈良県,生駒市,生駒市,生駒市上町３５３５-６,34.724789,135.723038,近鉄けいはんな線,近畿日本鉄道,1,D,13,駅データ.jp
3102308,3102308,学研奈良登美ヶ丘,奈良県,奈良市,奈良市,奈良県奈良市中登美ヶ丘六丁目1-1,34.726518,135.752424,近鉄けいはんな線,近畿日本鉄道,1,D,13,駅データ.jp
3102402,3102402,高安山,大阪府,八尾市,八尾市,八尾市郡川７２９-１,34.613679,135.653794,西信貴ケーブル,近畿日本鉄道,1,D,5,駅データ.jp
3102502,3102502,東寺,京都府,京都市,京都市南区,京都市南区西九条蔵王町３９,34.979967,135.752553,近鉄京都線,近畿日本鉄道,1,D,5,駅データ.jp
3102503,3102503,十条,京都府,京都市,京都市南区,京都市南区西九条柳の内町1,34.97398,135.752413,近鉄京都線,近畿日本鉄道,1,D,5,駅データ.jp
3102504,3102504,上鳥羽口,京都府,京都市,京都市伏見区,京都市伏見区竹田向代町川町１１０,34.965135,135.752625,近鉄京都線,近畿日本鉄道,1,D,5,駅データ.jp
3102505,3102505,竹田,京都府,京都市,京都市伏見区,京都市伏見区竹田桶ノ井町,34.956825,135.756091,京都市営地下鉄烏丸線|近鉄京都線,京都市交通局|近畿日本鉄道,2,D,15,駅データ.jp
3102506,3102506,伏見,京都府,京都市,京都市伏見区,京都市伏見区深草柴田屋敷町７９,34.946054,135.761479,近鉄京都線,近畿日本鉄道,1,D,5,駅データ.jp
3102507,3102507,近鉄丹波橋,京都府,京都市,京都市伏見区,京都市伏見区桃山筒井伊賀東町４５,34.938589,135.76586,京阪本線|近鉄京都線,京阪電鉄|近畿日本鉄道,2,D,15,駅データ.jp
3102508,3102508,桃山御陵前,京都府,京都市,京都市伏見区,京都市伏見区観音寺町２９,34.932974,135.764952,京阪本線|近鉄京都線,京阪電鉄|近畿日本鉄道,2,D,15,駅データ.jp
3102509,3102509,向島,京都府,京都市,京都市伏見区,京都市伏見区向島東定請１１,34.914924,135.769681,近鉄京都線,近畿日本鉄道,1,D,5,駅データ.jp
3102510,3102510,小倉,京都府,宇治市,宇治市,宇治市小倉町神楽町３５-４,34.89304,135.781914,近鉄京都線,近畿日本鉄道,1,A,60,駅データ.jp
3102511,3102511,伊勢田,京都府,宇治市,宇治市,宇治市伊勢田町中山２５,34.882208,135.77899,近鉄京都線,近畿日本鉄道,1,D,5,駅データ.jp
3102512,3102512,大久保,京都府,宇治市,宇治市,宇治市広野町西裏８１-２,34.874351,135.777024,近鉄京都線,近畿日本鉄道,1,D,5,駅データ.jp
3102513,3102513,久津川,京都府,城陽市,城陽市,城陽市平川東垣外１-４,34.864943,135.774847,近鉄京都線,近畿日本鉄道,1,D,5,駅データ.jp
3102514,3102514,寺田,京都府,城陽市,城陽市,城陽市寺田樋尻４１-３,34.853275,135.772011,近鉄京都線,近畿日本鉄道,1,D,5,駅データ.jp
3102515,3102515,富野荘,京都府,城陽市,城陽市,城陽市枇杷庄鹿背田５８,34.840201,135.772922,近鉄京都線,近畿日本鉄道,1,D,5,駅データ.jp
3102516,3102516,新田辺,京都府,京田辺市,京田辺市,京田辺市河原食田２-３,34.820492,135.772805,近鉄京都線,近畿日本鉄道,1,D,5,駅データ.jp
3102517,3102517,興戸,京都府,京田辺市,京田辺市,京田辺市興戸北落延６-１,34.808293,135.778638,近鉄京都線,近畿日本鉄道,1,D,5,駅データ.jp
3102519,3102519,近鉄宮津,京都府,京田辺市,京田辺市,京田辺市宮津灰崎３-１,34.791453,135.787391,近鉄京都線,近畿日本鉄道,1,D,5,駅データ.jp
3102522,3102522,木津川台,京都府,木津川市,木津川市,木津川市吐師,34.746641,135.795996,近鉄京都線,近畿日本鉄道,1,D,13,駅データ.jp
3102523,3102523,山田川,京都府,,,相楽郡精華町大字山田小字下河原３-１,34.737678,135.793794,近鉄京都線,近畿日本鉄道,1,D,5,駅データ.jp
3102524,3102524,高の原,奈良県,奈良市,奈良市,奈良市朱雀３-１２-３,34.723494,135.791839,近鉄京都線,近畿日本鉄道,1,D,5,駅データ.jp
3102525,3102525,平城,奈良県,奈良市,奈良市,奈良市山陵町宮の前２６９-１２,34.701496,135.784524,近鉄京都線,近畿日本鉄道,1,D,5,駅データ.jp
3102602,3102602,宝山寺,奈良県,生駒市,生駒市,生駒市門前町１０-１,34.686069,135.68907,生駒ケーブル,近畿日本鉄道,1,D,5,駅データ.jp
3102603,3102603,梅屋敷,奈良県,生駒市,生駒市,生駒市門前町１８-１,34.683299,135.686967,生駒ケーブル,近畿日本鉄道,1,D,5,駅データ.jp
3102604,3102604,霞ヶ丘,奈良県,生駒市,生駒市,奈良県生駒市菜畑町2312-45,34.681341,135.683577,生駒ケーブル,近畿日本鉄道,1,D,5,駅データ.jp
3102605,3102605,生駒山上,奈良県,生駒市,生駒市,生駒市菜畑町２３１２-５１,34.679594,135.68053,生駒ケーブル,近畿日本鉄道,1,D,13,駅データ.jp
3102702,3102702,米野,愛知県,名古屋市,名古屋市中村区,名古屋市中村区平池町４-４８-１,35.16155,136.880804,あおなみ線|近鉄名古屋線,名古屋臨海高速鉄道|近畿日本鉄道,2,D,15,駅データ.jp
3102703,3102703,黄金,愛知県,名古屋市,名古屋市中村区,名古屋市中村区黄金通８-１６,35.156185,136.870621,近鉄名古屋線,近畿日本鉄道,1,D,5,駅データ.jp
3102704,3102704,烏森,愛知県,名古屋市,名古屋市中村区,名古屋市中村区烏森町１-１３２-８,35.152935,136.863895,近鉄名古屋線,近畿日本鉄道,1,D,5,駅データ.jp
3102706,3102706,伏屋,愛知県,名古屋市,名古屋市中川区,名古屋市中川区伏屋２-２８-１１,35.140183,136.827841,近鉄名古屋線,近畿日本鉄道,1,D,5,駅データ.jp
3102707,3102707,戸田,愛知県,名古屋市,名古屋市中川区,名古屋市中川区水里３-１３７,35.132731,136.807624,近鉄名古屋線,近畿日本鉄道,1,D,5,駅データ.jp
3102708,3102708,近鉄蟹江,愛知県,,,海部郡蟹江町大字蟹江本町字チの割３６,35.129739,136.794139,近鉄名古屋線,近畿日本鉄道,1,D,5,駅データ.jp
3102709,3102709,富吉,愛知県,,,海部郡蟹江町大字蟹江新田字与太郎１８-５,35.123634,136.769298,近鉄名古屋線,近畿日本鉄道,1,D,5,駅データ.jp
3102710,3102710,佐古木,愛知県,弥富市,弥富市,弥富市佐古木６丁目２２７-２,35.119574,136.752583,近鉄名古屋線,近畿日本鉄道,1,D,5,駅データ.jp
3102714,3102714,益生,三重県,桑名市,桑名市,桑名市大字矢田７７１,35.057772,136.67854,近鉄名古屋線,近畿日本鉄道,1,D,5,駅データ.jp
3102715,3102715,伊勢朝日,三重県,,,三重郡朝日町大字小向７３９-２,35.038246,136.668821,近鉄名古屋線,近畿日本鉄道,1,D,5,駅データ.jp
3102716,3102716,川越富洲原,三重県,,,三重県三重郡川越町大字豊田275,35.016267,136.659736,近鉄名古屋線,近畿日本鉄道,1,D,5,駅データ.jp
3102717,3102717,近鉄富田,三重県,四日市,四日市,四日市市富田１-２６-１９,35.006491,136.64934,三岐鉄道三岐線|近鉄名古屋線,三岐鉄道|近畿日本鉄道,2,D,15,駅データ.jp
3102718,3102718,霞ヶ浦,三重県,四日市,四日市,三重県四日市市八田一丁目14-2,34.993392,136.636872,近鉄名古屋線,近畿日本鉄道,1,D,5,駅データ.jp
3102719,3102719,阿倉川,三重県,四日市,四日市,四日市市阿倉川町８-９,34.985207,136.629417,近鉄名古屋線,近畿日本鉄道,1,D,5,駅データ.jp
3102720,3102720,川原町,三重県,四日市,四日市,四日市市本郷町１-１,34.977283,136.623201,近鉄名古屋線,近畿日本鉄道,1,D,5,駅データ.jp
3102722,3102722,新正,三重県,四日市,四日市,四日市市新正４-５-２０,34.955816,136.61873,近鉄名古屋線,近畿日本鉄道,1,D,5,駅データ.jp
3102723,3102723,海山道,三重県,四日市,四日市,四日市市海山道町２-８０-１,34.943304,136.622956,近鉄名古屋線,近畿日本鉄道,1,D,5,駅データ.jp
3102724,3102724,塩浜,三重県,四日市,四日市,四日市市御薗町２-８２,34.933008,136.622242,近鉄名古屋線,近畿日本鉄道,1,D,5,駅データ.jp
3102725,3102725,北楠,三重県,四日市,四日市,四日市市楠町北五味塚２０４８,34.916197,136.624797,近鉄名古屋線,近畿日本鉄道,1,D,5,駅データ.jp
3102726,3102726,楠,三重県,四日市,四日市,四日市市楠町南川２２,34.90489,136.631208,近鉄名古屋線,近畿日本鉄道,1,D,5,駅データ.jp
3102727,3102727,長太ノ浦,三重県,鈴鹿市,鈴鹿市,鈴鹿市長太栄町２-１８-１９,34.89158,136.6264,近鉄名古屋線,近畿日本鉄道,1,D,5,駅データ.jp
3102728,3102728,箕田,三重県,鈴鹿市,鈴鹿市,鈴鹿市南堀江１-１８-１０,34.879439,136.622025,近鉄名古屋線,近畿日本鉄道,1,D,5,駅データ.jp
3102730,3102730,千代崎,三重県,鈴鹿市,鈴鹿市,鈴鹿市岸岡町１０９-２,34.854793,136.608332,近鉄名古屋線,近畿日本鉄道,1,D,5,駅データ.jp
3102731,3102731,白子,三重県,鈴鹿市,鈴鹿市,鈴鹿市白子駅前２２-１,34.833754,136.589584,近鉄名古屋線,近畿日本鉄道,1,D,5,駅データ.jp
3102732,3102732,鼓ヶ浦,三重県,鈴鹿市,鈴鹿市,三重県鈴鹿市寺家四丁目16-16,34.826219,136.581299,近鉄名古屋線,近畿日本鉄道,1,D,5,駅データ.jp
3102733,3102733,磯山,三重県,鈴鹿市,鈴鹿市,鈴鹿市磯山２-１２-６,34.812609,136.568881,近鉄名古屋線,近畿日本鉄道,1,D,5,駅データ.jp
3102734,3102734,千里,三重県,津市,津市,津市河芸町上野１０６-２,34.798491,136.556216,近鉄名古屋線,近畿日本鉄道,1,D,5,駅データ.jp
3102735,3102735,豊津上野,三重県,津市,津市,津市河芸町中別保１５８１-１,34.785156,136.543173,近鉄名古屋線,近畿日本鉄道,1,D,13,駅データ.jp
3102736,3102736,白塚,三重県,津市,津市,津市白塚町８２０-２,34.77066,136.53254,近鉄名古屋線,近畿日本鉄道,1,D,5,駅データ.jp
3102737,3102737,高田本山,三重県,津市,津市,津市一身田平野３６９-２,34.755082,136.516431,近鉄名古屋線,近畿日本鉄道,1,D,5,駅データ.jp
3102738,3102738,江戸橋,三重県,津市,津市,津市上浜町３-１３７-１,34.744425,136.514034,近鉄名古屋線,近畿日本鉄道,1,D,5,駅データ.jp
3102740,3102740,津新町,三重県,津市,津市,津市新町１-５-３５,34.715632,136.50006,近鉄名古屋線,近畿日本鉄道,1,D,13,駅データ.jp
3102741,3102741,南が丘,三重県,津市,津市,津市大字垂水東焼尾２６１２-５９,34.692183,136.49662,近鉄名古屋線,近畿日本鉄道,1,D,5,駅データ.jp
3102742,3102742,久居,三重県,津市,津市,津市久居新町９９４-６,34.675543,136.477806,近鉄名古屋線,近畿日本鉄道,1,D,5,駅データ.jp
3102743,3102743,桃園,三重県,津市,津市,津市牧町３７５,34.663372,136.47749,近鉄名古屋線,近畿日本鉄道,1,D,5,駅データ.jp
3200101,3200101,難波,大阪府,大阪市,大阪市中央区,大阪市中央区難波５-１-６０,34.66357,135.501949,南海本線|南海高野線,南海電鉄,2,D,15,駅データ.jp
3200103,3200103,天下茶屋,大阪府,大阪市,大阪市西成区,大阪市西成区岸里１-１-１０,34.636847,135.496673,南海本線|南海高野線|大阪メトロ堺筋線,Osaka Metro|南海電鉄,3,C,24,駅データ.jp
3200104,3200104,岸里玉出,大阪府,大阪市,大阪市西成区,大阪市西成区玉出東１-１-１７,34.627914,135.494773,南海本線|南海汐見橋線|南海高野線|阪堺電軌阪堺線,南海電鉄|阪堺電気軌道,4,C,30,駅データ.jp
3200105,3200105,粉浜,大阪府,大阪市,大阪市住吉区,大阪市住吉区東粉浜３-２３-２５,34.618232,135.492176,南海本線|阪堺電軌阪堺線,南海電鉄|阪堺電気軌道,2,D,15,駅データ.jp
3200106,3200106,住吉大社,大阪府,大阪市,大阪市住吉区,大阪市住吉区長峡町３-１４,34.612285,135.490609,南海本線|阪堺電軌阪堺線,南海電鉄|阪堺電気軌道,2,D,15,駅データ.jp
3200107,3200107,住ノ江,大阪府,大阪市,大阪市住之江区,大阪市住之江区西住之江１-１-４１,34.605348,135.487011,南海本線,南海電鉄,1,D,5,駅データ.jp
3200108,3200108,七道,大阪府,堺市,堺市堺区,堺市堺区鉄砲町１-２２,34.592313,135.480556,南海本線,南海電鉄,1,D,5,駅データ.jp
3200109,3200109,堺,大阪府,堺市,堺市堺区,堺市堺区戎島町３丁２２,34.581958,135.468754,南海本線,南海電鉄,1,D,5,駅データ.jp
3200110,3200110,湊,大阪府,堺市,堺市堺区,堺市堺区出島町２丁４-９,34.570489,135.459975,南海本線,南海電鉄,1,D,5,駅データ.jp
3200111,3200111,石津川,大阪府,堺市,堺市西区,堺市西区浜寺石津町中３丁１５-１９,34.559377,135.453178,南海本線,南海電鉄,1,D,5,駅データ.jp
3200112,3200112,諏訪ノ森,大阪府,堺市,堺市西区,堺市西区浜寺諏訪森町西２丁７８,34.551764,135.449129,南海本線,南海電鉄,1,D,5,駅データ.jp
3200113,3200113,浜寺公園,大阪府,堺市,堺市西区,堺市西区浜寺公園町２丁１８８,34.541331,135.443894,南海本線|阪堺電軌阪堺線,南海電鉄|阪堺電気軌道,2,D,15,駅データ.jp
3200115,3200115,高石,大阪府,高石市,高石市,高石市千代田１-１０-１８,34.521439,135.432723,南海本線,南海電鉄,1,D,13,駅データ.jp
3200116,3200116,北助松,大阪府,泉大津市,泉大津市,泉大津市東助松町１-１１-１,34.514523,135.422779,南海本線,南海電鉄,1,D,5,駅データ.jp
3200117,3200117,松ノ浜,大阪府,泉大津市,泉大津市,泉大津市二田町１-１-１５,34.508932,135.414702,南海本線,南海電鉄,1,D,5,駅データ.jp
3200118,3200118,泉大津,大阪府,泉大津市,泉大津市,泉大津市旭町１９-１,34.503235,135.406642,南海本線,南海電鉄,1,D,13,駅データ.jp
3200119,3200119,忠岡,大阪府,,,泉北郡忠岡町忠岡南１-５-１,34.488645,135.397668,南海本線,南海電鉄,1,D,5,駅データ.jp
3200120,3200120,春木,大阪府,岸和田市,岸和田市,岸和田市春木若松町１４-６,34.477688,135.392077,南海本線,南海電鉄,1,D,5,駅データ.jp
3200121,3200121,和泉大宮,大阪府,岸和田市,岸和田市,岸和田市上野町東１３-１,34.467917,135.384908,南海本線,南海電鉄,1,D,5,駅データ.jp
3200122,3200122,岸和田,大阪府,岸和田市,岸和田市,岸和田市宮本町１-１０,34.460304,135.37819,南海本線,南海電鉄,1,D,13,駅データ.jp
3200123,3200123,蛸地蔵,大阪府,岸和田市,岸和田市,岸和田市岸城町１６-１,34.456437,135.37031,南海本線,南海電鉄,1,D,5,駅データ.jp
3200124,3200124,貝塚,大阪府,貝塚市,貝塚市,貝塚市海塚２５０-２,34.445466,135.357691,南海本線|水間鉄道水間線,南海電鉄|水間鉄道,2,C,23,駅データ.jp
3200125,3200125,二色浜,大阪府,貝塚市,貝塚市,貝塚市澤６４７-２,34.432717,135.345275,南海本線,南海電鉄,1,D,5,駅データ.jp
3200126,3200126,鶴原,大阪府,泉佐野市,泉佐野市,泉佐野市鶴原１-１-２６,34.426479,135.338366,南海本線,南海電鉄,1,D,5,駅データ.jp
3200127,3200127,井原里,大阪府,泉佐野市,泉佐野市,泉佐野市下瓦屋１-１-５７,34.41983,135.330742,南海本線,南海電鉄,1,D,5,駅データ.jp
3200128,3200128,泉佐野,大阪府,泉佐野市,泉佐野市,泉佐野市上町３-１１-４１,34.411153,135.316724,南海本線|南海空港線,南海電鉄,2,C,23,駅データ.jp
3200129,3200129,羽倉崎,大阪府,泉佐野市,泉佐野市,泉佐野市羽倉崎１-１-２４,34.399346,135.299484,南海本線,南海電鉄,1,D,5,駅データ.jp
3200130,3200130,吉見ノ里,大阪府,,,泉南郡田尻町大字吉見６０３,34.391397,135.28976,南海本線,南海電鉄,1,D,5,駅データ.jp
3200131,3200131,岡田浦,大阪府,泉南市,泉南市,泉南市岡田５-２４-３,34.384569,135.276939,南海本線,南海電鉄,1,D,5,駅データ.jp
3200132,3200132,樽井,大阪府,泉南市,泉南市,泉南市樽井５-４１-１,34.374184,135.261362,南海本線,南海電鉄,1,D,5,駅データ.jp
3200133,3200133,尾崎,大阪府,阪南市,阪南市,阪南市尾崎町９５-１,34.36103,135.240172,南海本線,南海電鉄,1,D,5,駅データ.jp
3200134,3200134,鳥取ノ荘,大阪府,阪南市,阪南市,阪南市鳥取６６５,34.351323,135.231857,南海本線,南海電鉄,1,D,5,駅データ.jp
3200135,3200135,箱作,大阪府,阪南市,阪南市,阪南市箱作３２０,34.341323,135.212634,南海本線,南海電鉄,1,D,5,駅データ.jp
3200136,3200136,淡輪,大阪府,,,泉南郡岬町淡輪１１９７,34.331229,135.178159,南海本線,南海電鉄,1,D,5,駅データ.jp
3200137,3200137,みさき公園,大阪府,,,泉南郡岬町淡輪３７１４,34.323986,135.160977,南海多奈川線|南海本線,南海電鉄,2,D,15,駅データ.jp
3200138,3200138,孝子,大阪府,,,泉南郡岬町孝子６０２,34.290619,135.151019,南海本線,南海電鉄,1,D,5,駅データ.jp
3200139,3200139,紀ノ川,和歌山県,和歌山市,和歌山市,和歌山市市小路１６２-３,34.254937,135.165908,南海加太線|南海本線,南海電鉄,2,D,15,駅データ.jp
3200141,3200141,和歌山大学前,和歌山県,和歌山市,和歌山市,和歌山県和歌山市中575番地3,34.2753,135.147036,南海本線,南海電鉄,1,D,13,駅データ.jp
3200302,3200302,和歌山港,和歌山県,和歌山市,和歌山市,和歌山市薬種畑,34.217321,135.146488,南海和歌山港線,南海電鉄,1,D,13,駅データ.jp
3200402,3200402,伽羅橋,大阪府,高石市,高石市,高石市羽衣５-１５-１８,34.528869,135.436847,南海高師浜線,南海電鉄,1,D,5,駅データ.jp
3200403,3200403,高師浜,大阪府,高石市,高石市,高石市高師浜４-１-３７,34.527391,135.431911,南海高師浜線,南海電鉄,1,D,5,駅データ.jp
3200503,3200503,東松江,和歌山県,和歌山市,和歌山市,和歌山市松江東４-１４-１,34.247837,135.141082,南海加太線,南海電鉄,1,D,5,駅データ.jp
3200504,3200504,中松江,和歌山県,和歌山市,和歌山市,和歌山市松江中３-３-１,34.248781,135.13291,南海加太線,南海電鉄,1,D,5,駅データ.jp
3200505,3200505,八幡前,和歌山県,和歌山市,和歌山市,和歌山市古屋２２２-２,34.252592,135.121744,南海加太線,南海電鉄,1,D,5,駅データ.jp
3200506,3200506,西ノ庄,和歌山県,和歌山市,和歌山市,和歌山市西庄１０１６-３,34.255461,135.110786,南海加太線,南海電鉄,1,D,5,駅データ.jp
3200507,3200507,二里ヶ浜,和歌山県,和歌山市,和歌山市,和歌山県和歌山市本脇,34.257627,135.104025,南海加太線,南海電鉄,1,D,5,駅データ.jp
3200508,3200508,磯ノ浦,和歌山県,和歌山市,和歌山市,和歌山市磯の浦３７７-２,34.260549,135.094495,南海加太線,南海電鉄,1,D,5,駅データ.jp
3200509,3200509,加太,和歌山県,和歌山市,和歌山市,和歌山市加太１０３８-１,34.275283,135.080773,南海加太線,南海電鉄,1,D,5,駅データ.jp
3200602,3200602,深日町,大阪府,,,泉南郡岬町深日１４３３,34.31823,135.148002,南海多奈川線,南海電鉄,1,D,5,駅データ.jp
3200603,3200603,深日港,大阪府,,,泉南郡岬町深日２５３５-１,34.317386,135.141297,南海多奈川線,南海電鉄,1,D,5,駅データ.jp
3200604,3200604,多奈川,大阪府,,,泉南郡岬町多奈川２２９０,34.316705,135.137181,南海多奈川線,南海電鉄,1,D,5,駅データ.jp
3200702,3200702,今宮戎,大阪府,大阪市,大阪市浪速区,大阪市浪速区敷津東３-２-１１,34.655137,135.50153,南海高野線,南海電鉄,1,D,5,駅データ.jp
3200704,3200704,萩ノ茶屋,大阪府,大阪市,大阪市西成区,大阪市西成区萩之茶屋３-５-３８,34.64561,135.498986,南海高野線,南海電鉄,1,D,5,駅データ.jp
3200707,3200707,帝塚山,大阪府,大阪市,大阪市住吉区,大阪市住吉区帝塚山西１-５-８,34.622332,135.498406,南海高野線,南海電鉄,1,D,5,駅データ.jp
3200708,3200708,住吉東,大阪府,大阪市,大阪市住吉区,大阪市住吉区住吉１-８-４９,34.6133,135.497587,南海高野線,南海電鉄,1,D,5,駅データ.jp
3200709,3200709,沢ノ町,大阪府,大阪市,大阪市住吉区,大阪市住吉区殿辻２-４-３,34.606284,135.496957,南海高野線,南海電鉄,1,D,5,駅データ.jp
3200710,3200710,我孫子前,大阪府,大阪市,大阪市住吉区,大阪市住吉区遠里小野１-１１-１７,34.600188,135.496888,南海高野線,南海電鉄,1,D,5,駅データ.jp
3200711,3200711,浅香山,大阪府,堺市,堺市堺区,堺市堺区高須町３丁３-１,34.589319,135.491025,南海高野線,南海電鉄,1,D,5,駅データ.jp
3200712,3200712,堺東,大阪府,堺市,堺市堺区,堺市堺区三国ケ丘御幸通６１,34.575878,135.485062,南海高野線,南海電鉄,1,D,5,駅データ.jp
3200714,3200714,百舌鳥八幡,大阪府,堺市,堺市堺区,堺市堺区向陵東町２丁１２-１７,34.560577,135.498751,南海高野線,南海電鉄,1,D,5,駅データ.jp
3200715,3200715,中百舌鳥,大阪府,堺市,堺市北区,堺市北区中百舌鳥町２丁１９６,34.556178,135.504899,南海高野線|大阪メトロ御堂筋線|泉北線,Osaka Metro|南海電鉄,3,C,24,駅データ.jp
3200716,3200716,白鷺,大阪府,堺市,堺市北区,堺市北区金岡町１１５０-１,34.550235,135.513148,南海高野線,南海電鉄,1,D,5,駅データ.jp
3200717,3200717,初芝,大阪府,堺市,堺市東区,堺市東区日置荘西町９３８-１,34.542322,135.526491,南海高野線,南海電鉄,1,D,5,駅データ.jp
3200718,3200718,萩原天神,大阪府,堺市,堺市東区,堺市東区日置荘原寺町９４-３,34.537125,135.535094,南海高野線,南海電鉄,1,D,5,駅データ.jp
3200719,3200719,北野田,大阪府,堺市,堺市東区,堺市東区北野田５１-３,34.522949,135.543177,南海高野線,南海電鉄,1,D,5,駅データ.jp
3200720,3200720,狭山,大阪府,大阪狭山市,大阪狭山市,大阪狭山市池尻中１-１-１,34.516725,135.548137,南海高野線,南海電鉄,1,D,5,駅データ.jp
3200721,3200721,大阪狭山市,大阪府,大阪狭山市,大阪狭山市,大阪狭山市狭山４-２３４０-１,34.504643,135.557234,南海高野線,南海電鉄,1,D,13,駅データ.jp
3200722,3200722,金剛,大阪府,大阪狭山市,大阪狭山市,大阪狭山市金剛１-１-１,34.495324,135.559306,南海高野線,南海電鉄,1,D,5,駅データ.jp
3200723,3200723,滝谷,大阪府,富田林市,富田林市,富田林市須賀５７３-３,34.479582,135.5622,南海高野線,南海電鉄,1,D,5,駅データ.jp
3200724,3200724,千代田,大阪府,河内長野市,河内長野市,河内長野市木戸１-１-１３,34.468894,135.566311,南海高野線,南海電鉄,1,D,5,駅データ.jp
3200726,3200726,三日市町,大阪府,河内長野市,河内長野市,河内長野市三日市町１１２５,34.43672,135.57134,南海高野線,南海電鉄,1,D,5,駅データ.jp
3200727,3200727,美加の台,大阪府,河内長野市,河内長野市,河内長野市石仏１９１-１,34.424697,135.577172,南海高野線,南海電鉄,1,D,5,駅データ.jp
3200728,3200728,千早口,大阪府,河内長野市,河内長野市,河内長野市岩瀬１３４３,34.411493,135.590199,南海高野線,南海電鉄,1,D,5,駅データ.jp
3200729,3200729,天見,大阪府,河内長野市,河内長野市,河内長野市天見１９５-１,34.397558,135.595504,南海高野線,南海電鉄,1,D,5,駅データ.jp
3200730,3200730,紀見峠,和歌山県,橋本市,橋本市,橋本市矢倉脇２２６-２,34.366288,135.599904,南海高野線,南海電鉄,1,D,5,駅データ.jp
3200731,3200731,林間田園都市,和歌山県,橋本市,橋本市,橋本市三石台１-１-１,34.355292,135.603207,南海高野線,南海電鉄,1,D,5,駅データ.jp
3200732,3200732,御幸辻,和歌山県,橋本市,橋本市,橋本市御幸辻５６７-１,34.338016,135.602085,南海高野線,南海電鉄,1,D,5,駅データ.jp
3200734,3200734,紀伊清水,和歌山県,橋本市,橋本市,橋本市清水５５８-４,34.307495,135.60478,南海高野線,南海電鉄,1,D,5,駅データ.jp
3200735,3200735,学文路,和歌山県,橋本市,橋本市,橋本市学文路３６１-１,34.296582,135.579882,南海高野線,南海電鉄,1,D,5,駅データ.jp
3200736,3200736,九度山,和歌山県,,,伊都郡九度山町大字九度山１２３-２,34.287775,135.564487,南海高野線,南海電鉄,1,D,5,駅データ.jp
3200737,3200737,高野下,和歌山県,,,伊都郡九度山町大字椎出８-１,34.271635,135.566359,南海高野線,南海電鉄,1,D,5,駅データ.jp
3200738,3200738,下古沢,和歌山県,,,伊都郡九度山町大字下古沢,34.266497,135.553207,南海高野線,南海電鉄,1,D,5,駅データ.jp
3200739,3200739,上古沢,和歌山県,,,伊都郡九度山町大字上古沢,34.257362,135.548025,南海高野線,南海電鉄,1,D,5,駅データ.jp
3200740,3200740,紀伊細川,和歌山県,,,伊都郡高野町大字細川７３２,34.235723,135.553705,南海高野線,南海電鉄,1,D,5,駅データ.jp
3200741,3200741,紀伊神谷,和歌山県,,,伊都郡高野町大字神谷,34.242852,135.571034,南海高野線,南海電鉄,1,D,5,駅データ.jp
3200742,3200742,極楽橋,和歌山県,,,伊都郡高野町大字高野山国有林第８林班,34.23435,135.582078,南海高野山ケーブル|南海高野線,南海電鉄,2,D,15,駅データ.jp
3200802,3200802,高野山,和歌山県,,,和歌山県伊都郡高野町大字高野山国有林第9林班ノは,34.227789,135.577619,南海高野山ケーブル,南海電鉄,1,D,5,駅データ.jp
3200901,3200901,汐見橋,大阪府,大阪市,大阪市浪速区,大阪市浪速区桜川３-８-７４,34.668208,135.487205,南海汐見橋線|大阪メトロ千日前線|阪神なんば線,Osaka Metro|南海電鉄|阪神電鉄,3,C,24,駅データ.jp
3200902,3200902,芦原町,大阪府,大阪市,大阪市浪速区,大阪市浪速区芦原２-５-３１,34.660516,135.486462,南海汐見橋線,南海電鉄,1,D,5,駅データ.jp
3200903,3200903,木津川,大阪府,大阪市,大阪市西成区,大阪市西成区北津守１-８-６７,34.654703,135.483093,南海汐見橋線,南海電鉄,1,D,5,駅データ.jp
3200904,3200904,津守,大阪府,大阪市,大阪市西成区,大阪市西成区津守１-１０-１８,34.647004,135.483349,南海汐見橋線,南海電鉄,1,D,5,駅データ.jp
3200905,3200905,西天下茶屋,大阪府,大阪市,大阪市西成区,大阪市西成区橘３-３-２３,34.638736,135.489079,南海汐見橋線,南海電鉄,1,D,5,駅データ.jp
3300101,3300101,三条,京都府,京都市,京都市東山区,京都市東山区三条大橋東詰,35.009169,135.772774,京都市営地下鉄東西線|京阪本線|京阪鴨東線,京都市交通局|京阪電鉄,3,C,24,駅データ.jp
3300102,3300102,祇園四条,京都府,京都市,京都市東山区,京都市東山区宮川筋一丁目,35.003727,135.770712,京阪本線|阪急京都本線,京阪電鉄|阪急電鉄,2,D,15,駅データ.jp
3300103,3300103,清水五条,京都府,京都市,京都市東山区,京都市東山区五条大橋東詰,34.995691,135.768378,京阪本線,京阪電鉄,1,D,5,駅データ.jp
3300104,3300104,七条,京都府,京都市,京都市東山区,京都市東山区七条大橋東詰,34.989322,135.767846,京阪本線,京阪電鉄,1,D,5,駅データ.jp
3300106,3300106,鳥羽街道,京都府,京都市,京都市東山区,京都市東山区福稲下高松町４,34.973632,135.770004,京阪本線,京阪電鉄,1,D,5,駅データ.jp
3300107,3300107,伏見稲荷,京都府,京都市,京都市伏見区,京都市伏見区深草一ノ坪町３３,34.968966,135.769279,京阪本線,京阪電鉄,1,D,5,駅データ.jp
3300108,3300108,龍谷大前深草,京都府,京都市,京都市伏見区,京都市伏見区深草ススハキ町３８,34.964247,135.770154,京阪本線,京阪電鉄,1,D,5,駅データ.jp
3300109,3300109,藤森,京都府,京都市,京都市伏見区,京都市伏見区深草極楽町７６４,34.956782,135.770191,京阪本線,京阪電鉄,1,D,5,駅データ.jp
3300110,3300110,墨染,京都府,京都市,京都市伏見区,京都市伏見区墨染町６９１,34.948206,135.769126,京阪本線,京阪電鉄,1,D,5,駅データ.jp
3300113,3300113,中書島,京都府,京都市,京都市伏見区,京都市伏見区葭島矢倉町５９,34.926875,135.760174,京阪宇治線|京阪本線,京阪電鉄,2,D,15,駅データ.jp
3300114,3300114,淀,京都府,京都市,京都市伏見区,京都市伏見区淀池上町１７４,34.904416,135.718435,京阪本線,京阪電鉄,1,D,5,駅データ.jp
3300115,3300115,石清水八幡宮,京都府,八幡市,八幡市,八幡市八幡科手１,34.884593,135.699749,京阪本線|石清水八幡宮参道ケーブル,京阪電鉄,2,C,23,駅データ.jp
3300116,3300116,橋本,京都府,八幡市,八幡市,八幡市橋本中ノ町３７,34.882042,135.684251,京阪本線,京阪電鉄,1,D,5,駅データ.jp
3300117,3300117,樟葉,大阪府,枚方市,枚方市,枚方市楠葉花園町１４-１,34.861977,135.675352,京阪本線,京阪電鉄,1,D,5,駅データ.jp
3300118,3300118,牧野,大阪府,枚方市,枚方市,枚方市牧野阪２-４-２,34.843868,135.665584,京阪本線,京阪電鉄,1,D,5,駅データ.jp
3300119,3300119,御殿山,大阪府,枚方市,枚方市,枚方市御殿山町２-２,34.829178,135.653969,京阪本線,京阪電鉄,1,D,5,駅データ.jp
3300120,3300120,枚方市,大阪府,枚方市,枚方市,枚方市岡東町１９-１４,34.816171,135.648814,京阪交野線|京阪本線,京阪電鉄,2,C,23,駅データ.jp
3300121,3300121,枚方公園,大阪府,枚方市,枚方市,枚方市伊加賀東町３-８,34.811526,135.639465,京阪本線,京阪電鉄,1,D,13,駅データ.jp
3300122,3300122,光善寺,大阪府,枚方市,枚方市,枚方市北中振１-１７-１５,34.797745,135.630124,京阪本線,京阪電鉄,1,D,5,駅データ.jp
3300123,3300123,香里園,大阪府,寝屋川市,寝屋川市,寝屋川市香里南之町１９-１,34.784613,135.630927,京阪本線,京阪電鉄,1,D,5,駅データ.jp
3300124,3300124,寝屋川市,大阪府,寝屋川市,寝屋川市,寝屋川市早子町１６-１１,34.763893,135.620603,京阪本線,京阪電鉄,1,D,13,駅データ.jp
3300125,3300125,萱島,大阪府,寝屋川市,寝屋川市,寝屋川市萱島本町１９８-１,34.747453,135.61118,京阪本線,京阪電鉄,1,D,5,駅データ.jp
3300126,3300126,大和田,大阪府,門真市,門真市,門真市常称寺町２０１,34.742962,135.602667,京阪本線,京阪電鉄,1,D,5,駅データ.jp
3300127,3300127,古川橋,大阪府,門真市,門真市,門真市末広町４８２,34.73994,135.591484,京阪本線,京阪電鉄,1,D,5,駅データ.jp
3300128,3300128,門真市,大阪府,門真市,門真市,門真市新橋町３６-７,34.737586,135.582878,京阪本線|大阪モノレール線,京阪電鉄|大阪モノレール株式会社,2,C,23,駅データ.jp
3300129,3300129,西三荘,大阪府,門真市,門真市,門真市元町２６-２２,34.737309,135.5759,京阪本線,京阪電鉄,1,D,5,駅データ.jp
3300130,3300130,守口市,大阪府,守口市,守口市,守口市河原町１-１,34.735323,135.565273,京阪本線,京阪電鉄,1,D,13,駅データ.jp
3300131,3300131,土居,大阪府,守口市,守口市,守口市文園町４-５,34.730577,135.559763,京阪本線,京阪電鉄,1,D,5,駅データ.jp
3300132,3300132,滝井,大阪府,守口市,守口市,守口市紅屋町８-８,34.727868,135.557463,京阪本線,京阪電鉄,1,D,5,駅データ.jp
3300133,3300133,千林,大阪府,大阪市,大阪市旭区,大阪市旭区千林１-１１-１５,34.723966,135.554741,京阪本線,京阪電鉄,1,D,5,駅データ.jp
3300134,3300134,森小路,大阪府,大阪市,大阪市旭区,大阪市旭区森小路１-４-１５,34.719419,135.551686,京阪本線,京阪電鉄,1,D,5,駅データ.jp
3300135,3300135,関目,大阪府,大阪市,大阪市城東区,大阪市城東区関目５-１-６,34.712747,135.546653,京阪本線|大阪メトロ今里筋線,Osaka Metro|京阪電鉄,2,D,15,駅データ.jp
3300136,3300136,JR野江,大阪府,大阪市,大阪市城東区,大阪市城東区野江3丁目29-22,34.707083,135.542372,おおさか東線|京阪本線,JR西日本|京阪電鉄,2,D,15,駅データ.jp
3300138,3300138,天満橋,大阪府,大阪市,大阪市中央区,大阪市中央区谷町１-２-５,34.689952,135.516879,京阪中之島線|京阪本線|大阪メトロ谷町線,Osaka Metro|京阪電鉄,3,C,24,駅データ.jp
3300139,3300139,北浜,大阪府,大阪市,大阪市中央区,大阪市中央区北浜１-８-１６,34.692072,135.506686,京阪中之島線|京阪本線|大阪メトロ堺筋線,Osaka Metro|京阪電鉄,3,C,24,駅データ.jp
3300140,3300140,淀屋橋,大阪府,大阪市,大阪市中央区,大阪市中央区北浜三丁目6-14,34.693014,135.501011,京阪中之島線|京阪本線|大阪メトロ御堂筋線,Osaka Metro|京阪電鉄,3,C,24,駅データ.jp
3300202,3300202,観月橋,京都府,京都市,京都市伏見区,京都市伏見区豊後橋町７６１,34.928103,135.768642,京阪宇治線,京阪電鉄,1,D,5,駅データ.jp
3300203,3300203,桃山南口,京都府,京都市,京都市伏見区,京都市伏見区桃山町丹後１１,34.931056,135.783683,京阪宇治線,京阪電鉄,1,D,5,駅データ.jp
3300204,3300204,六地蔵,京都府,京都市,京都市伏見区,京都市伏見区桃山町中島町2番地,34.932017,135.793322,京阪宇治線,京阪電鉄,1,D,5,駅データ.jp
3300205,3300205,木幡,京都府,宇治市,宇治市,京都府宇治市木幡,34.925859,135.796047,京阪宇治線,京阪電鉄,1,D,5,駅データ.jp
3300207,3300207,三室戸,京都府,宇治市,宇治市,宇治市菟道田中１５,34.898976,135.806339,京阪宇治線,京阪電鉄,1,D,5,駅データ.jp
3300208,3300208,宇治,京都府,宇治市,宇治市,宇治市宇治字文治,34.894678,135.806229,京阪宇治線,京阪電鉄,1,D,13,駅データ.jp
3300302,3300302,宮之阪,大阪府,枚方市,枚方市,枚方市宮之阪１-７５５-２,34.813649,135.65663,京阪交野線,京阪電鉄,1,D,5,駅データ.jp
3300303,3300303,星ヶ丘,大阪府,枚方市,枚方市,大阪府枚方市星丘二丁目,34.807696,135.659755,京阪交野線,京阪電鉄,1,D,5,駅データ.jp
3300304,3300304,村野,大阪府,枚方市,枚方市,枚方市村野本町１-２５,34.801828,135.664221,京阪交野線,京阪電鉄,1,D,5,駅データ.jp
3300305,3300305,郡津,大阪府,交野市,交野市,交野市郡津５-１１-１,34.794376,135.669868,京阪交野線,京阪電鉄,1,D,5,駅データ.jp
3300306,3300306,交野市,大阪府,交野市,交野市,交野市私部３-１８-１５,34.786924,135.675595,京阪交野線,京阪電鉄,1,D,13,駅データ.jp
3300307,3300307,河内森,大阪府,交野市,交野市,交野市私市１-２-１,34.77386,135.685617,京阪交野線,京阪電鉄,1,D,5,駅データ.jp
3300308,3300308,私市,大阪府,交野市,交野市,交野市私市山手３-６-３２,34.767671,135.686569,京阪交野線,京阪電鉄,1,D,5,駅データ.jp
3300401,3300401,出町柳,京都府,京都市,京都市左京区,京都市左京区賀茂大橋東詰,35.029917,135.772748,京阪本線|京阪鴨東線|叡山電鉄叡山本線,京阪電鉄|叡山電鉄,3,C,24,駅データ.jp
3300402,3300402,神宮丸太町,京都府,京都市,京都市左京区,京都市左京区東丸太町,35.017612,135.772222,京阪本線|京阪鴨東線,京阪電鉄,2,D,15,駅データ.jp
3300502,3300502,ケーブル八幡宮山上,京都府,八幡市,八幡市,京都府八幡市八幡平ノ山,34.881061,135.699796,石清水八幡宮参道ケーブル,京阪電鉄,1,D,13,駅データ.jp
3300601,3300601,石山寺,滋賀県,大津市,大津市,大津市螢谷５-１３,34.967122,135.90347,京阪石山坂本線,京阪電鉄,1,D,5,駅データ.jp
3300602,3300602,唐橋前,滋賀県,大津市,大津市,大津市鳥居川町７-１０,34.973304,135.90297,京阪石山坂本線,京阪電鉄,1,D,5,駅データ.jp
3300604,3300604,粟津,滋賀県,大津市,大津市,大津市別保１-７-６,34.984789,135.895607,京阪石山坂本線,京阪電鉄,1,D,5,駅データ.jp
3300605,3300605,瓦ヶ浜,滋賀県,大津市,大津市,滋賀県大津市中庄一丁目,34.988266,135.894696,京阪石山坂本線,京阪電鉄,1,D,5,駅データ.jp
3300606,3300606,中ノ庄,滋賀県,大津市,大津市,大津市中庄２-１６-２,34.990857,135.891516,京阪石山坂本線,京阪電鉄,1,D,5,駅データ.jp
3300607,3300607,膳所本町,滋賀県,大津市,大津市,大津市膳所２-８-５,34.995335,135.889249,京阪石山坂本線,京阪電鉄,1,D,5,駅データ.jp
3300608,3300608,錦,滋賀県,大津市,大津市,大津市昭和町２-８,34.997587,135.885649,京阪石山坂本線,京阪電鉄,1,D,5,駅データ.jp
3300610,3300610,石場,滋賀県,大津市,大津市,大津市松本２-１５-６,35.004722,135.875606,京阪石山坂本線,京阪電鉄,1,D,5,駅データ.jp
3300611,3300611,島ノ関,滋賀県,大津市,大津市,大津市島の関１０-７,35.007703,135.870937,京阪石山坂本線,京阪電鉄,1,D,5,駅データ.jp
3300612,3300612,びわ湖浜大津,滋賀県,大津市,大津市,大津市浜大津１-３-８,35.011283,135.863982,京阪京津線|京阪石山坂本線,京阪電鉄,2,C,23,駅データ.jp
3300613,3300613,三井寺,滋賀県,大津市,大津市,大津市浜大津３-６-１２,35.012891,135.859793,京阪石山坂本線,京阪電鉄,1,D,5,駅データ.jp
3300614,3300614,大津市役所前,滋賀県,大津市,大津市,大津市御陵町５-１,35.018335,135.855463,京阪石山坂本線,京阪電鉄,1,D,13,駅データ.jp
3300616,3300616,近江神宮前,滋賀県,大津市,大津市,大津市錦織２-７-１６,35.028194,135.855807,京阪石山坂本線,京阪電鉄,1,D,5,駅データ.jp
3300617,3300617,南滋賀,滋賀県,大津市,大津市,大津市南志賀３-９-８,35.036691,135.85747,京阪石山坂本線,京阪電鉄,1,D,5,駅データ.jp
3300618,3300618,滋賀里,滋賀県,大津市,大津市,大津市見世２-１４-７,35.043402,135.858994,京阪石山坂本線,京阪電鉄,1,D,5,駅データ.jp
3300619,3300619,穴太,滋賀県,大津市,大津市,大津市穴太２-８-１,35.055675,135.864755,京阪石山坂本線,京阪電鉄,1,D,5,駅データ.jp
3300620,3300620,松ノ馬場,滋賀県,大津市,大津市,大津市坂本２-１０-６６,35.065348,135.870241,京阪石山坂本線,京阪電鉄,1,D,5,駅データ.jp
3300621,3300621,坂本比叡山口,滋賀県,大津市,大津市,大津市坂本４-１２-３５,35.070592,135.871268,京阪石山坂本線,京阪電鉄,1,D,5,駅データ.jp
3300701,3300701,御陵,京都府,京都市,京都市山科区,京都市山科区御陵原西町１７-４,34.996158,135.801637,京都市営地下鉄東西線|京阪京津線,京都市交通局|京阪電鉄,2,D,15,駅データ.jp
3300703,3300703,四宮,京都府,京都市,京都市山科区,京都市山科区四ノ宮堂ノ後町,34.991903,135.823996,京阪京津線,京阪電鉄,1,D,5,駅データ.jp
3300704,3300704,追分,滋賀県,大津市,大津市,大津市追分町６-２６,34.991445,135.837528,京阪京津線,京阪電鉄,1,D,5,駅データ.jp
3300705,3300705,大谷,滋賀県,大津市,大津市,大津市大谷町２３-５,34.994129,135.854116,京阪京津線,京阪電鉄,1,D,5,駅データ.jp
3300706,3300706,上栄町,滋賀県,大津市,大津市,大津市札の辻１-７,35.00515,135.860152,京阪京津線,京阪電鉄,1,D,5,駅データ.jp
3300804,3300804,渡辺橋,大阪府,大阪市,大阪市北区,大阪市北区中之島三丁目,34.692636,135.495904,京阪中之島線|大阪メトロ四つ橋線,Osaka Metro|京阪電鉄,2,D,15,駅データ.jp
3300805,3300805,中之島,大阪府,大阪市,大阪市北区,大阪市北区中之島五丁目,34.691504,135.487373,京阪中之島線,京阪電鉄,1,D,5,駅データ.jp
3400102,3400102,中津,大阪府,大阪市,大阪市北区,大阪市北区中津三丁目,34.709745,135.493011,阪急宝塚本線|阪急神戸本線,阪急電鉄,2,D,15,駅データ.jp
3400103,3400103,十三,大阪府,大阪市,大阪市淀川区,大阪市淀川区十三東２-１２-１,34.720226,135.48248,阪急京都本線|阪急宝塚本線|阪急神戸本線,阪急電鉄,3,A,60,駅データ.jp
3400104,3400104,神崎川,大阪府,大阪市,大阪市淀川区,大阪市淀川区新高６-１４-１６,34.732249,135.472967,阪急神戸本線,阪急電鉄,1,D,5,駅データ.jp
3400105,3400105,園田,兵庫県,尼崎市,尼崎市,尼崎市東園田町９-４８-１,34.751905,135.448186,阪急神戸本線,阪急電鉄,1,D,5,駅データ.jp
3400106,3400106,塚口,兵庫県,尼崎市,尼崎市,兵庫県尼崎市塚口本町一丁目,34.752826,135.41585,阪急伊丹線|阪急神戸本線,阪急電鉄,2,D,15,駅データ.jp
3400107,3400107,武庫之荘,兵庫県,尼崎市,尼崎市,尼崎市武庫之荘１-１-１,34.751587,135.393821,阪急神戸本線,阪急電鉄,1,D,5,駅データ.jp
3400108,3400108,西宮北口,兵庫県,西宮市,西宮市,西宮市高松町６-２０,34.745951,135.356702,阪急今津線|阪急神戸本線,阪急電鉄,2,A,60,駅データ.jp
3400109,3400109,夙川,兵庫県,西宮市,西宮市,西宮市相生町２-１,34.742246,135.328207,阪急甲陽線|阪急神戸本線,阪急電鉄,2,D,15,駅データ.jp
3400110,3400110,芦屋川,兵庫県,芦屋市,芦屋市,芦屋市西山町１-１０,34.736338,135.300651,阪急神戸本線,阪急電鉄,1,D,13,駅データ.jp
3400111,3400111,岡本,兵庫県,神戸市,神戸市東灘区,神戸市東灘区岡本５-１-１,34.729171,135.275937,阪急神戸本線,阪急電鉄,1,D,5,駅データ.jp
3400112,3400112,御影,兵庫県,神戸市,神戸市東灘区,神戸市東灘区御影二丁目1番1号,34.724508,135.251803,阪急神戸本線,阪急電鉄,1,D,5,駅データ.jp
3400113,3400113,六甲,兵庫県,神戸市,神戸市灘区,神戸市灘区宮山町３-１,34.719891,135.234371,阪急神戸本線,阪急電鉄,1,D,5,駅データ.jp
3400114,3400114,王子公園,兵庫県,神戸市,神戸市灘区,神戸市灘区王子町１-４-２０,34.710354,135.218553,阪急神戸本線,阪急電鉄,1,D,5,駅データ.jp
3400115,3400115,春日野道,兵庫県,神戸市,神戸市中央区,神戸市中央区吾妻通一丁目,34.70299,135.205396,阪急神戸本線,阪急電鉄,1,D,5,駅データ.jp
3400204,3400204,三国,大阪府,大阪市,大阪市淀川区,大阪市淀川区新高３-６-３３,34.737254,135.483128,阪急宝塚本線,阪急電鉄,1,D,5,駅データ.jp
3400205,3400205,庄内,大阪府,豊中市,豊中市,豊中市庄内東町１-１０-１,34.750333,135.475095,阪急宝塚本線,阪急電鉄,1,D,5,駅データ.jp
3400206,3400206,服部天神,大阪府,豊中市,豊中市,豊中市服部元町１-１-１,34.763024,135.475111,阪急宝塚本線,阪急電鉄,1,D,5,駅データ.jp
3400207,3400207,曽根,大阪府,豊中市,豊中市,豊中市曽根東町３-１-１,34.771078,135.46777,阪急宝塚本線,阪急電鉄,1,D,5,駅データ.jp
3400208,3400208,岡町,大阪府,豊中市,豊中市,豊中市中桜塚１-１-１,34.778949,135.465103,阪急宝塚本線,阪急電鉄,1,D,5,駅データ.jp
3400209,3400209,豊中,大阪府,豊中市,豊中市,豊中市本町１-１-１,34.787248,135.462073,阪急宝塚本線,阪急電鉄,1,D,13,駅データ.jp
3400210,3400210,蛍池,大阪府,豊中市,豊中市,豊中市蛍池中町３-１,34.794502,135.449233,大阪モノレール線|阪急宝塚本線,大阪モノレール株式会社|阪急電鉄,2,D,15,駅データ.jp
3400211,3400211,石橋阪大前,大阪府,池田市,池田市,池田市石橋２-１８-１,34.808254,135.445487,阪急宝塚本線|阪急箕面線,阪急電鉄,2,D,15,駅データ.jp
3400212,3400212,池田,大阪府,池田市,池田市,池田市栄町１-１,34.821544,135.425797,阪急宝塚本線,阪急電鉄,1,D,13,駅データ.jp
3400213,3400213,川西能勢口,兵庫県,川西市,川西市,川西市小花１-１-１０,34.827654,135.413393,能勢電鉄妙見線|阪急宝塚本線,能勢電鉄|阪急電鉄,2,C,23,駅データ.jp
3400214,3400214,雲雀丘花屋敷,兵庫県,宝塚市,宝塚市,宝塚市雲雀丘１-１-１０,34.827357,135.402946,阪急宝塚本線,阪急電鉄,1,D,5,駅データ.jp
3400215,3400215,山本,兵庫県,宝塚市,宝塚市,宝塚市平井１-１-１,34.821918,135.388503,阪急宝塚本線,阪急電鉄,1,D,5,駅データ.jp
3400216,3400216,中山観音,兵庫県,宝塚市,宝塚市,宝塚市中山寺２-７-１,34.819518,135.369235,阪急宝塚本線,阪急電鉄,1,D,5,駅データ.jp
3400217,3400217,売布神社,兵庫県,宝塚市,宝塚市,宝塚市売布２-１４-３０,34.815863,135.361339,阪急宝塚本線,阪急電鉄,1,D,5,駅データ.jp
3400218,3400218,清荒神,兵庫県,宝塚市,宝塚市,宝塚市清荒神１-９-３,34.811271,135.35352,阪急宝塚本線,阪急電鉄,1,D,5,駅データ.jp
3400302,3400302,烏丸,京都府,京都市,京都市下京区,京都市下京区四条通烏丸東入ル長刀鉾町１７,35.003009,135.759366,京都市営地下鉄烏丸線|阪急京都本線,京都市交通局|阪急電鉄,2,D,15,駅データ.jp
3400303,3400303,大宮,京都府,京都市,京都市中京区,京都市中京区四条通大宮西入ル錦大宮町１２７,35.003388,135.748575,京福電鉄嵐山本線|阪急京都本線,京福電気鉄道|阪急電鉄,2,S,80,駅データ.jp
3400304,3400304,西院,京都府,京都市,京都市中京区,京都市中京区壬生仙念町１６,35.003526,135.733145,京福電鉄嵐山本線|阪急京都本線,京福電気鉄道|阪急電鉄,2,D,15,駅データ.jp
3400305,3400305,西京極,京都府,京都市,京都市右京区,京都市右京区西京極西池田町２,34.992459,135.718462,阪急京都本線,阪急電鉄,1,D,5,駅データ.jp
3400306,3400306,桂,京都府,京都市,京都市西京区,京都市西京区川島北裏町９７-２,34.979522,135.703302,阪急京都本線|阪急嵐山線,阪急電鉄,2,D,15,駅データ.jp
3400307,3400307,洛西口,京都府,京都市,京都市西京区,京都市西京区川島六ノ坪町,34.964081,135.703096,阪急京都本線,阪急電鉄,1,D,5,駅データ.jp
3400308,3400308,東向日,京都府,向日市,向日市,向日市寺戸町小佃５-２,34.953885,135.704646,阪急京都本線,阪急電鉄,1,D,13,駅データ.jp
3400309,3400309,西向日,京都府,向日市,向日市,向日市上植野町南開２３-１,34.939892,135.702657,阪急京都本線,阪急電鉄,1,D,13,駅データ.jp
3400310,3400310,長岡天神,京都府,長岡京市,長岡京市,長岡京市天神１-３０-１,34.924791,135.69233,阪急京都本線,阪急電鉄,1,D,5,駅データ.jp
3400312,3400312,水無瀬,大阪府,,,三島郡島本町水無瀬１-１７-１２,34.877745,135.667853,阪急京都本線,阪急電鉄,1,D,5,駅データ.jp
3400313,3400313,上牧,大阪府,高槻市,高槻市,高槻市神内２-１-５,34.872018,135.661629,阪急京都本線,阪急電鉄,1,D,5,駅データ.jp
3400314,3400314,高槻市,大阪府,高槻市,高槻市,高槻市城北町２-１-１８,34.849905,135.623265,阪急京都本線,阪急電鉄,1,D,13,駅データ.jp
3400315,3400315,富田,大阪府,高槻市,高槻市,高槻市富田町３-４-１０,34.835207,135.592721,阪急京都本線,阪急電鉄,1,D,5,駅データ.jp
3400316,3400316,総持寺,大阪府,茨木市,茨木市,茨木市総持寺駅前町７-３,34.827257,135.58492,阪急京都本線,阪急電鉄,1,D,5,駅データ.jp
3400317,3400317,茨木市,大阪府,茨木市,茨木市,茨木市永代町１-５,34.816472,135.575815,阪急京都本線,阪急電鉄,1,D,13,駅データ.jp
3400318,3400318,南茨木,大阪府,茨木市,茨木市,茨木市天王２-１-１３,34.802779,135.564965,大阪モノレール線|阪急京都本線,大阪モノレール株式会社|阪急電鉄,2,C,23,駅データ.jp
3400319,3400319,正雀,大阪府,摂津市,摂津市,摂津市阪急正雀１-１,34.775454,135.545657,阪急京都本線,阪急電鉄,1,D,5,駅データ.jp
3400320,3400320,相川,大阪府,大阪市,大阪市東淀川区,大阪市東淀川区相川１-７-２４,34.757942,135.533853,阪急京都本線,阪急電鉄,1,D,5,駅データ.jp
3400321,3400321,上新庄,大阪府,大阪市,大阪市東淀川区,大阪市東淀川区上新庄２-２４-５,34.750873,135.533114,阪急京都本線,阪急電鉄,1,D,5,駅データ.jp
3400322,3400322,JR淡路,大阪府,大阪市,大阪市東淀川区,大阪市東淀川区菅原5丁目11-14,34.739449,135.517638,おおさか東線|阪急京都本線|阪急千里線,JR西日本|阪急電鉄,3,C,24,駅データ.jp
3400323,3400323,崇禅寺,大阪府,大阪市,大阪市東淀川区,大阪市東淀川区柴島１-７-２８,34.731048,135.510186,阪急京都本線,阪急電鉄,1,D,5,駅データ.jp
3400324,3400324,南方,大阪府,大阪市,大阪市淀川区,大阪市淀川区西中島３-１７-３,34.72612,135.499043,大阪メトロ御堂筋線|阪急京都本線,Osaka Metro|阪急電鉄,2,D,15,駅データ.jp
3400327,3400327,摂津市,大阪府,摂津市,摂津市,大阪府摂津市千里丘東4丁目1-1,34.786409,135.553715,阪急京都本線,阪急電鉄,1,D,13,駅データ.jp
3400328,3400328,西山天王山,京都府,長岡京市,長岡京市,京都府長岡京市友岡四丁目22-1,34.913333,135.688611,阪急京都本線,阪急電鉄,1,D,5,駅データ.jp
3400401,3400401,今津,兵庫県,西宮市,西宮市,西宮市津門呉羽町１-３７,34.731484,135.35157,阪急今津線|阪神本線,阪急電鉄|阪神電鉄,2,D,15,駅データ.jp
3400402,3400402,阪神国道,兵庫県,西宮市,西宮市,西宮市津門大塚町８-１８,34.73715,135.354702,阪急今津線,阪急電鉄,1,D,5,駅データ.jp
3400404,3400404,門戸厄神,兵庫県,西宮市,西宮市,西宮市下大市東町１-２２,34.757086,135.358221,阪急今津線,阪急電鉄,1,D,5,駅データ.jp
3400405,3400405,甲東園,兵庫県,西宮市,西宮市,西宮市甲東園１-２０４,34.76676,135.359757,阪急今津線,阪急電鉄,1,D,5,駅データ.jp
3400406,3400406,仁川,兵庫県,宝塚市,宝塚市,宝塚市仁川北三丁目3番5号,34.775117,135.356854,阪急今津線,阪急電鉄,1,D,5,駅データ.jp
3400407,3400407,小林,兵庫県,宝塚市,宝塚市,宝塚市千種２-１-１,34.789396,135.352282,阪急今津線,阪急電鉄,1,D,5,駅データ.jp
3400408,3400408,逆瀬川,兵庫県,宝塚市,宝塚市,宝塚市逆瀬川２-１-１７,34.797181,135.350707,阪急今津線,阪急電鉄,1,D,5,駅データ.jp
3400409,3400409,宝塚南口,兵庫県,宝塚市,宝塚市,宝塚市梅野町１-４８,34.804256,135.345918,阪急今津線,阪急電鉄,1,D,13,駅データ.jp
3400502,3400502,苦楽園口,兵庫県,西宮市,西宮市,西宮市石刎町１-２２,34.750062,135.328885,阪急甲陽線,阪急電鉄,1,D,5,駅データ.jp
3400503,3400503,甲陽園,兵庫県,西宮市,西宮市,西宮市甲陽園若江町７-１９,34.760919,135.329965,阪急甲陽線,阪急電鉄,1,D,5,駅データ.jp
3400602,3400602,稲野,兵庫県,伊丹市,伊丹市,伊丹市稲野町１-５０-１,34.764817,135.415532,阪急伊丹線,阪急電鉄,1,D,5,駅データ.jp
3400603,3400603,新伊丹,兵庫県,伊丹市,伊丹市,伊丹市梅ノ木２-４-１,34.772574,135.415479,阪急伊丹線,阪急電鉄,1,D,13,駅データ.jp
3400604,3400604,伊丹,兵庫県,伊丹市,伊丹市,兵庫県伊丹市西台一丁目,34.779875,135.413618,阪急伊丹線,阪急電鉄,1,D,13,駅データ.jp
3400702,3400702,桜井,大阪府,箕面市,箕面市,箕面市桜井２-２-１,34.816801,135.460705,阪急箕面線,阪急電鉄,1,D,5,駅データ.jp
3400703,3400703,牧落,大阪府,箕面市,箕面市,箕面市百楽荘１-１-６,34.823436,135.465794,阪急箕面線,阪急電鉄,1,D,5,駅データ.jp
3400704,3400704,箕面,大阪府,箕面市,箕面市,箕面市箕面１-１-１,34.834404,135.46819,阪急箕面線,阪急電鉄,1,D,13,駅データ.jp
3400801,3400801,北千里,大阪府,吹田市,吹田市,吹田市古江台４-２-D-１-１０１,34.81987,135.51111,阪急千里線,阪急電鉄,1,D,5,駅データ.jp
3400802,3400802,山田,大阪府,吹田市,吹田市,吹田市山田西４-５５７,34.804951,135.515563,大阪モノレール線|阪急千里線,大阪モノレール株式会社|阪急電鉄,2,D,15,駅データ.jp
3400803,3400803,南千里,大阪府,吹田市,吹田市,吹田市津雲台１-１-１,34.792393,135.508794,阪急千里線,阪急電鉄,1,D,5,駅データ.jp
3400804,3400804,千里山,大阪府,吹田市,吹田市,吹田市千里山西５-１-３,34.778903,135.505466,阪急千里線,阪急電鉄,1,D,5,駅データ.jp
3400805,3400805,関大前,大阪府,吹田市,吹田市,吹田市山手町３-８-１９,34.770984,135.506136,阪急千里線,阪急電鉄,1,D,5,駅データ.jp
3400806,3400806,豊津,大阪府,吹田市,吹田市,吹田市垂水町１-１-４,34.764588,135.509005,阪急千里線,阪急電鉄,1,D,5,駅データ.jp
3400807,3400807,吹田,大阪府,吹田市,吹田市,大阪府吹田市泉町1,34.759675,135.517366,阪急千里線,阪急電鉄,1,D,13,駅データ.jp
3400808,3400808,下新庄,大阪府,大阪市,大阪市東淀川区,大阪市東淀川区下新庄５-１-２１,34.746474,135.519893,阪急千里線,阪急電鉄,1,D,5,駅データ.jp
3400810,3400810,柴島,大阪府,大阪市,大阪市東淀川区,大阪市東淀川区柴島２-１２-３,34.728437,135.511478,阪急千里線,阪急電鉄,1,D,5,駅データ.jp
3400811,3400811,天神橋筋六丁目,大阪府,大阪市,大阪市北区,大阪市北区浪花町１４-２８,34.710435,135.510932,大阪メトロ堺筋線|大阪メトロ谷町線|阪急千里線,Osaka Metro|阪急電鉄,3,C,24,駅データ.jp
3400902,3400902,上桂,京都府,京都市,京都市西京区,京都市西京区上桂宮ノ後町３３-２,34.990201,135.696069,阪急嵐山線,阪急電鉄,1,D,5,駅データ.jp
3400903,3400903,松尾大社,京都府,京都市,京都市西京区,京都市西京区嵐山宮ノ前町４９,35.000331,135.688214,阪急嵐山線,阪急電鉄,1,D,5,駅データ.jp
3400904,3400904,嵐山,京都府,京都市,京都市西京区,京都市西京区嵐山東一川町7番地,35.010315,135.681603,阪急嵐山線,阪急電鉄,1,D,5,駅データ.jp
3500104,3500104,淀川,大阪府,大阪市,大阪市福島区,大阪市福島区海老江８-１７-１３,34.696159,135.465249,阪神本線,阪神電鉄,1,D,5,駅データ.jp
3500105,3500105,姫島,大阪府,大阪市,大阪市西淀川区,大阪市西淀川区姫里１-２６-１４,34.704466,135.45823,阪神本線,阪神電鉄,1,D,5,駅データ.jp
3500106,3500106,千船,大阪府,大阪市,大阪市西淀川区,大阪市西淀川区佃２-２-３３,34.712245,135.445361,阪神本線,阪神電鉄,1,D,5,駅データ.jp
3500107,3500107,杭瀬,兵庫県,尼崎市,尼崎市,尼崎市杭瀬本町１-１-１,34.718272,135.43884,阪神本線,阪神電鉄,1,D,5,駅データ.jp
3500108,3500108,大物,兵庫県,尼崎市,尼崎市,尼崎市大物町２-１-１,34.716583,135.425549,阪神なんば線|阪神本線,阪神電鉄,2,D,15,駅データ.jp
3500109,3500109,尼崎,兵庫県,尼崎市,尼崎市,兵庫県尼崎市東御園町93,34.718634,135.417309,阪神なんば線|阪神本線,阪神電鉄,2,C,23,駅データ.jp
3500110,3500110,出屋敷,兵庫県,尼崎市,尼崎市,尼崎市竹谷町２-３５,34.718232,135.404604,阪神本線,阪神電鉄,1,D,5,駅データ.jp
3500111,3500111,尼崎センタープール前,兵庫県,尼崎市,尼崎市,尼崎市水明町３７３-６,34.71776,135.395044,阪神本線,阪神電鉄,1,D,13,駅データ.jp
3500112,3500112,武庫川,兵庫県,西宮市,西宮市,西宮市武庫川町２-１５,34.718154,135.383654,阪神本線|阪神武庫川線,阪神電鉄,2,D,15,駅データ.jp
3500113,3500113,鳴尾・武庫川女子大前,兵庫県,西宮市,西宮市,西宮市里中町３-１３-１８,34.719684,135.37036,阪神本線,阪神電鉄,1,D,5,駅データ.jp
3500114,3500114,甲子園,兵庫県,西宮市,西宮市,西宮市甲子園七番町１-１,34.723987,135.363157,阪神本線,阪神電鉄,1,D,5,駅データ.jp
3500115,3500115,久寿川,兵庫県,西宮市,西宮市,西宮市今津曙町１３-２５,34.726975,135.356811,阪神本線,阪神電鉄,1,D,5,駅データ.jp
3500117,3500117,西宮,兵庫県,西宮市,西宮市,兵庫県西宮市田中町,34.736858,135.337759,阪神本線,阪神電鉄,1,D,13,駅データ.jp
3500118,3500118,香櫨園,兵庫県,西宮市,西宮市,西宮市松下町１-１,34.734344,135.328929,阪神本線,阪神電鉄,1,D,5,駅データ.jp
3500119,3500119,打出,兵庫県,芦屋市,芦屋市,芦屋市打出小槌町２０-２,34.731616,135.315481,阪神本線,阪神電鉄,1,D,5,駅データ.jp
3500120,3500120,芦屋,兵庫県,芦屋市,芦屋市,兵庫県芦屋市公光町,34.728052,135.303969,阪神本線,阪神電鉄,1,D,13,駅データ.jp
3500121,3500121,深江,兵庫県,神戸市,神戸市東灘区,神戸市東灘区深江北町４-１-８,34.722583,135.291347,阪神本線,阪神電鉄,1,D,5,駅データ.jp
3500122,3500122,青木,兵庫県,神戸市,神戸市東灘区,神戸市東灘区北青木３-２-１,34.71695,135.28062,阪神本線,阪神電鉄,1,D,5,駅データ.jp
3500123,3500123,魚崎,兵庫県,神戸市,神戸市東灘区,神戸市東灘区魚崎西町４,34.713154,135.268902,六甲ライナー|阪神本線,神戸新交通|阪神電鉄,2,D,15,駅データ.jp
3500124,3500124,住吉,兵庫県,神戸市,神戸市東灘区,神戸市東灘区住吉宮町五丁目,34.713025,135.261655,阪神本線,阪神電鉄,1,D,5,駅データ.jp
3500125,3500125,御影,兵庫県,神戸市,神戸市東灘区,神戸市東灘区御影本町四丁目12番4号,34.714839,135.255625,阪神本線,阪神電鉄,1,D,5,駅データ.jp
3500126,3500126,石屋川,兵庫県,神戸市,神戸市東灘区,神戸市東灘区御影石町２-２３-１２,34.71327,135.249329,阪神本線,阪神電鉄,1,D,5,駅データ.jp
3500127,3500127,新在家,兵庫県,神戸市,神戸市灘区,神戸市灘区新在家北町１-４-１,34.710573,135.240565,阪神本線,阪神電鉄,1,D,5,駅データ.jp
3500128,3500128,大石,兵庫県,神戸市,神戸市灘区,神戸市灘区船寺通１-４-２,34.707671,135.231055,阪神本線,阪神電鉄,1,D,5,駅データ.jp
3500129,3500129,西灘,兵庫県,神戸市,神戸市灘区,神戸市灘区都通５-５-１,34.705782,135.224639,阪神本線,阪神電鉄,1,D,5,駅データ.jp
3500130,3500130,岩屋,兵庫県,神戸市,神戸市灘区,神戸市灘区岩屋北町４-１-１,34.704065,135.217962,阪神本線,阪神電鉄,1,D,5,駅データ.jp
3500131,3500131,春日野道,兵庫県,神戸市,神戸市中央区,神戸市中央区若菜通一丁目1,34.699513,135.207968,阪神本線,阪神電鉄,1,D,5,駅データ.jp
3500202,3500202,千鳥橋,大阪府,大阪市,大阪市此花区,大阪市此花区四貫島１-１-４３,34.68546,135.457817,阪神なんば線,阪神電鉄,1,D,5,駅データ.jp
3500203,3500203,伝法,大阪府,大阪市,大阪市此花区,大阪市此花区伝法３-１４-５０,34.689256,135.451559,阪神なんば線,阪神電鉄,1,D,5,駅データ.jp
3500204,3500204,福,大阪府,大阪市,大阪市西淀川区,大阪市西淀川区福町２-３-２８,34.699791,135.442692,阪神なんば線,阪神電鉄,1,D,5,駅データ.jp
3500205,3500205,出来島,大阪府,大阪市,大阪市西淀川区,大阪市西淀川区出来島１-１３-６,34.707173,135.436921,阪神なんば線,阪神電鉄,1,D,5,駅データ.jp
3500208,3500208,九条,大阪府,大阪市,大阪市西区,大阪市西区九条２-３-２,34.674452,135.474116,大阪メトロ中央線|阪神なんば線,Osaka Metro|阪神電鉄,2,D,15,駅データ.jp
3500209,3500209,ドーム前,大阪府,大阪市,大阪市西区,大阪府大阪市西区千代崎三丁目,34.670512,135.478864,大阪メトロ長堀鶴見緑地線|阪神なんば線,Osaka Metro|阪神電鉄,2,D,15,駅データ.jp
3500302,3500302,東鳴尾,兵庫県,西宮市,西宮市,西宮市東鳴尾町１-７-１２,34.712646,135.379065,阪神武庫川線,阪神電鉄,1,D,5,駅データ.jp
3500303,3500303,洲先,兵庫県,西宮市,西宮市,西宮市東鳴尾町２-１７-１０,34.709046,135.378049,阪神武庫川線,阪神電鉄,1,D,5,駅データ.jp
3500304,3500304,武庫川団地前,兵庫県,西宮市,西宮市,西宮市上田東町４-８３,34.704894,135.374757,阪神武庫川線,阪神電鉄,1,D,5,駅データ.jp
3600101,3600101,西鉄福岡（天神）,福岡県,福岡市,福岡市中央区,福岡市中央区天神二丁目11番2号,33.588937,130.399733,西鉄天神大牟田線,西日本鉄道,1,D,5,駅データ.jp
3600102,3600102,薬院,福岡県,福岡市,福岡市中央区,福岡市中央区渡辺通２-６-１,33.581852,130.401781,福岡市営地下鉄七隈線|西鉄天神大牟田線,福岡市交通局|西日本鉄道,2,D,15,駅データ.jp
3600103,3600103,西鉄平尾,福岡県,福岡市,福岡市中央区,福岡市中央区平尾２-２３５-６,33.573631,130.406254,西鉄天神大牟田線,西日本鉄道,1,D,5,駅データ.jp
3600104,3600104,高宮,福岡県,福岡市,福岡市南区,福岡市南区大楠３-２０-１８,33.567138,130.414743,西鉄天神大牟田線,西日本鉄道,1,D,5,駅データ.jp
3600105,3600105,大橋,福岡県,福岡市,福岡市南区,福岡市南区大橋１-５-１,33.559128,130.426559,西鉄天神大牟田線,西日本鉄道,1,D,5,駅データ.jp
3600106,3600106,井尻,福岡県,福岡市,福岡市南区,福岡市南区井尻５-１-１,33.551896,130.44348,西鉄天神大牟田線,西日本鉄道,1,D,5,駅データ.jp
3600107,3600107,雑餉隈,福岡県,福岡市,福岡市博多区,福岡市博多区銀天町１-１-１,33.547216,130.46262,西鉄天神大牟田線,西日本鉄道,1,D,5,駅データ.jp
3600108,3600108,春日原,福岡県,春日市,春日市,春日市春日原北町３-９０,33.537823,130.473141,西鉄天神大牟田線,西日本鉄道,1,D,13,駅データ.jp
3600109,3600109,白木原,福岡県,大野城市,大野城市,大野城市白木原１-６-１６,33.528541,130.482735,西鉄天神大牟田線,西日本鉄道,1,D,5,駅データ.jp
3600110,3600110,下大利,福岡県,大野城市,大野城市,大野城市下大利１-１０-９,33.522431,130.489248,西鉄天神大牟田線,西日本鉄道,1,D,5,駅データ.jp
3600111,3600111,都府楼前,福岡県,,,太宰府市通古賀３-１４-１,33.511677,130.508011,西鉄天神大牟田線,西日本鉄道,1,D,5,駅データ.jp
3600112,3600112,西鉄二日市,福岡県,筑紫野市,筑紫野市,福岡県筑紫野市二日市中央六丁目,33.502192,130.517871,西鉄天神大牟田線|西鉄太宰府線,西日本鉄道,2,D,15,駅データ.jp
3600113,3600113,朝倉街道,福岡県,筑紫野市,筑紫野市,福岡県筑紫野市針摺中央二丁目4-1,33.484174,130.532548,西鉄天神大牟田線,西日本鉄道,1,D,5,駅データ.jp
3600114,3600114,桜台,福岡県,筑紫野市,筑紫野市,筑紫野市桜台２-１-１,33.471636,130.542465,西鉄天神大牟田線,西日本鉄道,1,D,5,駅データ.jp
3600115,3600115,筑紫,福岡県,筑紫野市,筑紫野市,筑紫野市筑紫２-２,33.462682,130.553111,西鉄天神大牟田線,西日本鉄道,1,D,5,駅データ.jp
3600116,3600116,津古,福岡県,小郡市,小郡市,小郡市津古１４２３-４,33.446414,130.565538,西鉄天神大牟田線,西日本鉄道,1,D,5,駅データ.jp
3600117,3600117,三国が丘,福岡県,小郡市,小郡市,小郡市三沢字光田５０３２-２,33.436862,130.563183,西鉄天神大牟田線,西日本鉄道,1,D,5,駅データ.jp
3600118,3600118,三沢,福岡県,小郡市,小郡市,小郡市三沢３９５９,33.423227,130.560386,西鉄天神大牟田線,西日本鉄道,1,D,5,駅データ.jp
3600119,3600119,大保,福岡県,小郡市,小郡市,小郡市大保１２２０,33.411515,130.558035,西鉄天神大牟田線,西日本鉄道,1,D,5,駅データ.jp
3600120,3600120,西鉄小郡,福岡県,小郡市,小郡市,小郡市祇園１-９-４,33.396942,130.553297,甘木鉄道甘木線|西鉄天神大牟田線,甘木鉄道|西日本鉄道,2,C,23,駅データ.jp
3600121,3600121,端間,福岡県,小郡市,小郡市,小郡市福童字前畑３４１０-４,33.378907,130.550814,西鉄天神大牟田線,西日本鉄道,1,D,5,駅データ.jp
3600122,3600122,味坂,福岡県,小郡市,小郡市,小郡市赤川２３,33.353143,130.540616,西鉄天神大牟田線,西日本鉄道,1,D,5,駅データ.jp
3600123,3600123,宮の陣,福岡県,久留米市,久留米市,久留米市宮ノ陣町大字宮瀬２４７-２,33.329456,130.530902,西鉄天神大牟田線|西鉄甘木線,西日本鉄道,2,D,15,駅データ.jp
3600124,3600124,櫛原,福岡県,久留米市,久留米市,久留米市櫛原町原口１５１６-４,33.319592,130.524319,西鉄天神大牟田線,西日本鉄道,1,D,5,駅データ.jp
3600125,3600125,西鉄久留米,福岡県,久留米市,久留米市,久留米市東町３０９-２,33.312276,130.521053,西鉄天神大牟田線,西日本鉄道,1,D,13,駅データ.jp
3600126,3600126,花畑,福岡県,久留米市,久留米市,久留米市西町９６８,33.306643,130.515972,西鉄天神大牟田線,西日本鉄道,1,D,5,駅データ.jp
3600127,3600127,聖マリア病院前,福岡県,久留米市,久留米市,久留米市津福本町２３５,33.301985,130.509923,西鉄天神大牟田線,西日本鉄道,1,D,5,駅データ.jp
3600128,3600128,津福,福岡県,久留米市,久留米市,久留米市津福本町１５８７,33.296505,130.497788,西鉄天神大牟田線,西日本鉄道,1,D,5,駅データ.jp
3600129,3600129,安武,福岡県,久留米市,久留米市,久留米市安武町安武本３３２７,33.286311,130.489061,西鉄天神大牟田線,西日本鉄道,1,D,5,駅データ.jp
3600130,3600130,大善寺,福岡県,久留米市,久留米市,久留米市大善寺町宮本１１７３,33.270432,130.473897,西鉄天神大牟田線,西日本鉄道,1,D,5,駅データ.jp
3600131,3600131,三潴,福岡県,久留米市,久留米市,久留米市三潴町田川６００２,33.255961,130.469386,西鉄天神大牟田線,西日本鉄道,1,D,5,駅データ.jp
3600132,3600132,犬塚,福岡県,久留米市,久留米市,久留米市三潴町玉満８００４-１,33.247387,130.462953,西鉄天神大牟田線,西日本鉄道,1,D,5,駅データ.jp
3600133,3600133,大溝,福岡県,,,三潴郡大木町大字大角１３４３,33.227009,130.449776,西鉄天神大牟田線,西日本鉄道,1,D,5,駅データ.jp
3600134,3600134,八丁牟田,福岡県,,,三潴郡大木町大字八町牟田７４-２,33.209035,130.437744,西鉄天神大牟田線,西日本鉄道,1,D,5,駅データ.jp
3600135,3600135,蒲池,福岡県,柳川市,柳川市,柳川市大字蒲生９６２-３,33.189687,130.422657,西鉄天神大牟田線,西日本鉄道,1,D,5,駅データ.jp
3600136,3600136,矢加部,福岡県,柳川市,柳川市,柳川市三橋町柳河３９４-３,33.17418,130.415685,西鉄天神大牟田線,西日本鉄道,1,D,5,駅データ.jp
3600137,3600137,西鉄柳川,福岡県,柳川市,柳川市,柳川市三橋町下百町４６-２,33.1651,130.419265,西鉄天神大牟田線,西日本鉄道,1,D,13,駅データ.jp
3600138,3600138,徳益,福岡県,柳川市,柳川市,柳川市大和町徳益,33.15541,130.426676,西鉄天神大牟田線,西日本鉄道,1,D,5,駅データ.jp
3600139,3600139,塩塚,福岡県,柳川市,柳川市,柳川市大和町塩塚２０６４-２,33.143725,130.431232,西鉄天神大牟田線,西日本鉄道,1,D,5,駅データ.jp
3600140,3600140,西鉄中島,福岡県,柳川市,柳川市,柳川市大和町中島４４６１,33.122444,130.440129,西鉄天神大牟田線,西日本鉄道,1,D,5,駅データ.jp
3600141,3600141,江の浦,福岡県,みやま市,みやま市,みやま市高田町江浦町６１８-４,33.108896,130.446565,西鉄天神大牟田線,西日本鉄道,1,D,5,駅データ.jp
3600142,3600142,開,福岡県,みやま市,みやま市,みやま市高田町北新開３６０-２,33.097275,130.453087,西鉄天神大牟田線,西日本鉄道,1,D,5,駅データ.jp
3600143,3600143,西鉄渡瀬,福岡県,大牟田市,大牟田市,大牟田市大字倉永字火渡３３６６-１,33.086848,130.458729,西鉄天神大牟田線,西日本鉄道,1,D,5,駅データ.jp
3600144,3600144,倉永,福岡県,大牟田市,大牟田市,大牟田市大字倉永字笹尾８３-１２,33.07215,130.463749,西鉄天神大牟田線,西日本鉄道,1,D,5,駅データ.jp
3600145,3600145,東甘木,福岡県,大牟田市,大牟田市,大牟田市大字甘木４６９-３,33.062756,130.464491,西鉄天神大牟田線,西日本鉄道,1,D,5,駅データ.jp
3600146,3600146,西鉄銀水,福岡県,大牟田市,大牟田市,大牟田市大字草木字横木１２７-１,33.050935,130.458139,西鉄天神大牟田線,西日本鉄道,1,D,5,駅データ.jp
3600147,3600147,新栄町,福岡県,大牟田市,大牟田市,大牟田市新栄町１０-１,33.038453,130.450001,西鉄天神大牟田線,西日本鉄道,1,D,5,駅データ.jp
3600149,3600149,紫,福岡県,筑紫野市,筑紫野市,福岡県筑紫野市紫二丁目449番11号,33.496009,130.522503,西鉄天神大牟田線,西日本鉄道,1,D,5,駅データ.jp
3600150,3600150,桜並木,福岡県,福岡市,福岡市博多区,福岡市博多区竹丘町三丁目4番1号,33.544731,130.466439,西鉄天神大牟田線,西日本鉄道,1,D,5,駅データ.jp
3600202,3600202,西鉄五条,福岡県,,,太宰府市五条２-７-１,33.51111,130.526106,西鉄太宰府線,西日本鉄道,1,D,5,駅データ.jp
3600203,3600203,太宰府,福岡県,,,太宰府市宰府２-５-１,33.51904,130.531406,西鉄太宰府線,西日本鉄道,1,D,5,駅データ.jp
3600302,3600302,五郎丸,福岡県,久留米市,久留米市,久留米市宮ノ陣町大字五郎丸１７８２,33.330433,130.539863,西鉄甘木線,西日本鉄道,1,D,5,駅データ.jp
3600303,3600303,学校前,福岡県,久留米市,久留米市,久留米市宮ノ陣町大杜３９１-１,33.336305,130.547431,西鉄甘木線,西日本鉄道,1,D,5,駅データ.jp
3600304,3600304,古賀茶屋,福岡県,久留米市,久留米市,久留米市宮ノ陣町大字八丁島１８８６-１,33.34346,130.566388,西鉄甘木線,西日本鉄道,1,D,5,駅データ.jp
3600305,3600305,北野,福岡県,久留米市,久留米市,久留米市北野町今山字大六６２７-１,33.345379,130.582822,西鉄甘木線,西日本鉄道,1,D,5,駅データ.jp
3600306,3600306,大城,福岡県,久留米市,久留米市,久留米市北野町乙丸字前田８０-４,33.350915,130.607812,西鉄甘木線,西日本鉄道,1,D,5,駅データ.jp
3600307,3600307,金島,福岡県,久留米市,久留米市,久留米市北野町八重亀字通道１８４-８,33.353232,130.623016,西鉄甘木線,西日本鉄道,1,D,5,駅データ.jp
3600308,3600308,大堰,福岡県,,,三井郡大刀洗町大字冨多字大藤８４１,33.372278,130.624022,西鉄甘木線,西日本鉄道,1,D,5,駅データ.jp
3600309,3600309,本郷,福岡県,,,三井郡大刀洗町大字本郷字桑木２７４０-２,33.385013,130.628893,西鉄甘木線,西日本鉄道,1,D,5,駅データ.jp
3600310,3600310,上浦,福岡県,朝倉市,朝倉市,朝倉市上浦字正法寺１０-２,33.398681,130.637115,西鉄甘木線,西日本鉄道,1,D,5,駅データ.jp
3600311,3600311,馬田,福岡県,朝倉市,朝倉市,朝倉市馬田字落合６-２,33.407541,130.640656,西鉄甘木線,西日本鉄道,1,D,5,駅データ.jp
3600312,3600312,甘木,福岡県,朝倉市,朝倉市,朝倉市甘木字竹原１６７８-２,33.418847,130.6542,甘木鉄道甘木線|西鉄甘木線,甘木鉄道|西日本鉄道,2,D,15,駅データ.jp
3600401,3600401,貝塚,福岡県,福岡市,福岡市東区,福岡市東区箱崎７-１-２,33.632906,130.425612,福岡市営地下鉄箱崎線|西鉄貝塚線,福岡市交通局|西日本鉄道,2,D,15,駅データ.jp
3600402,3600402,名島,福岡県,福岡市,福岡市東区,福岡市東区名島４丁目７０番６号,33.642733,130.431687,西鉄貝塚線,西日本鉄道,1,D,5,駅データ.jp
3600404,3600404,香椎宮前,福岡県,福岡市,福岡市東区,福岡市東区香椎駅前１-１-１,33.65529,130.442674,西鉄貝塚線,西日本鉄道,1,D,5,駅データ.jp
3600405,3600405,西鉄香椎,福岡県,福岡市,福岡市東区,福岡市東区香椎駅前２-１７-１,33.659809,130.441429,西鉄貝塚線,西日本鉄道,1,D,5,駅データ.jp
3600406,3600406,香椎花園前,福岡県,福岡市,福岡市東区,福岡市東区香住ケ丘６-１-１,33.669924,130.434396,西鉄貝塚線,西日本鉄道,1,D,5,駅データ.jp
3600407,3600407,唐の原,福岡県,福岡市,福岡市東区,福岡市東区唐原２-２２-１０,33.680059,130.43449,西鉄貝塚線,西日本鉄道,1,D,5,駅データ.jp
3600409,3600409,三苫,福岡県,福岡市,福岡市東区,福岡市東区美和台３-６-１,33.702081,130.422521,西鉄貝塚線,西日本鉄道,1,D,5,駅データ.jp
3600410,3600410,西鉄新宮,福岡県,,,糟屋郡新宮町大字下府字浜山９２１-１,33.714067,130.436856,西鉄貝塚線,西日本鉄道,1,D,5,駅データ.jp
9910101,9910101,宮の沢,北海道,札幌市,札幌市西区,札幌市西区宮の沢１条１,43.089962,141.27717,札幌市営地下鉄東西線,札幌市交通局,1,D,5,駅データ.jp
9910102,9910102,発寒南,北海道,札幌市,札幌市西区,札幌市西区西町北７,43.081732,141.289312,札幌市営地下鉄東西線,札幌市交通局,1,D,5,駅データ.jp
9910103,9910103,琴似,北海道,札幌市,札幌市西区,札幌市西区琴似1条4丁目,43.075941,141.303931,札幌市営地下鉄東西線,札幌市交通局,1,D,5,駅データ.jp
9910104,9910104,二十四軒,北海道,札幌市,札幌市西区,札幌市西区二十四軒１条５,43.070221,141.314093,札幌市営地下鉄東西線,札幌市交通局,1,D,5,駅データ.jp
9910105,9910105,西２８丁目,北海道,札幌市,札幌市中央区,札幌市中央区北４条西２８,43.060345,141.314522,札幌市営地下鉄東西線,札幌市交通局,1,D,5,駅データ.jp
9910106,9910106,円山公園,北海道,札幌市,札幌市中央区,札幌市中央区南１条西２５,43.055582,141.318863,札幌市営地下鉄東西線,札幌市交通局,1,D,5,駅データ.jp
9910107,9910107,西１８丁目,北海道,札幌市,札幌市中央区,札幌市中央区大通西１８,43.057168,141.330204,札幌市営地下鉄東西線,札幌市交通局,1,D,5,駅データ.jp
9910108,9910108,西１１丁目,北海道,札幌市,札幌市中央区,札幌市中央区大通西１１,43.05819,141.341638,札幌市営地下鉄東西線|札幌市電,札幌市交通事業振興公社|札幌市交通局,2,D,15,駅データ.jp
9910109,9910109,大通,北海道,札幌市,札幌市中央区,札幌市中央区大通西２,43.060479,141.354526,札幌市営地下鉄南北線|札幌市営地下鉄東西線|札幌市営地下鉄東豊線,札幌市交通局,3,C,24,駅データ.jp
9910110,9910110,バスセンター前,北海道,札幌市,札幌市中央区,札幌市中央区南１条東４,43.061268,141.360473,札幌市営地下鉄東西線,札幌市交通局,1,D,5,駅データ.jp
9910111,9910111,菊水,北海道,札幌市,札幌市白石区,札幌市白石区菊水２条２,43.057169,141.3727,札幌市営地下鉄東西線,札幌市交通局,1,D,5,駅データ.jp
9910112,9910112,東札幌,北海道,札幌市,札幌市白石区,札幌市白石区東札幌２条２,43.051614,141.384922,札幌市営地下鉄東西線,札幌市交通局,1,D,5,駅データ.jp
9910113,9910113,白石,北海道,札幌市,札幌市白石区,札幌市白石区東札幌2条6丁目,43.046076,141.396242,札幌市営地下鉄東西線,札幌市交通局,1,D,5,駅データ.jp
9910114,9910114,南郷７丁目,北海道,札幌市,札幌市白石区,札幌市白石区南郷通７,43.040091,141.411759,札幌市営地下鉄東西線,札幌市交通局,1,D,5,駅データ.jp
9910115,9910115,南郷１３丁目,北海道,札幌市,札幌市白石区,札幌市白石区南郷通１３,43.035783,141.422697,札幌市営地下鉄東西線,札幌市交通局,1,D,5,駅データ.jp
9910116,9910116,南郷１８丁目,北海道,札幌市,札幌市白石区,札幌市白石区南郷通１８,43.030229,141.435196,札幌市営地下鉄東西線,札幌市交通局,1,D,5,駅データ.jp
9910117,9910117,大谷地,北海道,札幌市,札幌市厚別区,札幌市厚別区大谷地東３,43.028008,141.452972,札幌市営地下鉄東西線,札幌市交通局,1,D,5,駅データ.jp
9910118,9910118,ひばりが丘,北海道,札幌市,札幌市厚別区,札幌市厚別区厚別南１,43.032175,141.464638,札幌市営地下鉄東西線,札幌市交通局,1,D,5,駅データ.jp
9910201,9910201,麻生,北海道,札幌市,札幌市北区,札幌市北区北４０条西５,43.109106,141.338255,札幌市営地下鉄南北線,札幌市交通局,1,D,5,駅データ.jp
9910202,9910202,北３４条,北海道,札幌市,札幌市北区,札幌市北区北３３条西４,43.099883,141.342028,札幌市営地下鉄南北線,札幌市交通局,1,D,5,駅データ.jp
9910203,9910203,北２４条,北海道,札幌市,札幌市北区,札幌市北区北２３条西４,43.089811,141.344604,札幌市営地下鉄南北線,札幌市交通局,1,D,5,駅データ.jp
9910204,9910204,北１８条,北海道,札幌市,札幌市北区,札幌市北区北１８条西４,43.081568,141.346686,札幌市営地下鉄南北線,札幌市交通局,1,D,5,駅データ.jp
9910205,9910205,北１２条,北海道,札幌市,札幌市北区,札幌市北区北１２条西４,43.074829,141.348403,札幌市営地下鉄南北線,札幌市交通局,1,D,5,駅データ.jp
9910208,9910208,すすきの,北海道,札幌市,札幌市中央区,札幌市中央区南４条西４,43.05578,141.353257,札幌市営地下鉄南北線|札幌市電,札幌市交通事業振興公社|札幌市交通局,2,D,15,駅データ.jp
9910209,9910209,中島公園,北海道,札幌市,札幌市中央区,札幌市中央区南９条西４,43.048892,141.354913,札幌市営地下鉄南北線,札幌市交通局,1,D,5,駅データ.jp
9910210,9910210,幌平橋,北海道,札幌市,札幌市中央区,札幌市中央区南１５条西４,43.040073,141.355886,札幌市営地下鉄南北線,札幌市交通局,1,D,5,駅データ.jp
9910211,9910211,中の島,北海道,札幌市,札幌市豊平区,札幌市豊平区中の島１条１,43.037727,141.360758,札幌市営地下鉄南北線,札幌市交通局,1,D,5,駅データ.jp
9910212,9910212,平岸,北海道,札幌市,札幌市豊平区,札幌市豊平区平岸2条7丁目,43.034666,141.36853,札幌市営地下鉄南北線,札幌市交通局,1,D,5,駅データ.jp
9910213,9910213,南平岸,北海道,札幌市,札幌市豊平区,札幌市豊平区平岸４条１３,43.026842,141.371355,札幌市営地下鉄南北線,札幌市交通局,1,D,5,駅データ.jp
9910214,9910214,澄川,北海道,札幌市,札幌市南区,札幌市南区澄川４条２,43.016845,141.367308,札幌市営地下鉄南北線,札幌市交通局,1,D,5,駅データ.jp
9910215,9910215,自衛隊前,北海道,札幌市,札幌市南区,札幌市南区澄川４条７,43.006038,141.364776,札幌市営地下鉄南北線,札幌市交通局,1,D,5,駅データ.jp
9910216,9910216,真駒内,北海道,札幌市,札幌市南区,札幌市南区真駒内１７,42.991134,141.358499,札幌市営地下鉄南北線,札幌市交通局,1,D,5,駅データ.jp
9910301,9910301,栄町,北海道,札幌市,札幌市東区,札幌市東区北４２条東１５,43.112995,141.367142,札幌市営地下鉄東豊線,札幌市交通局,1,D,5,駅データ.jp
9910302,9910302,新道東,北海道,札幌市,札幌市東区,札幌市東区北３４条東１５,43.104663,141.369086,札幌市営地下鉄東豊線,札幌市交通局,1,D,5,駅データ.jp
9910303,9910303,元町,北海道,札幌市,札幌市東区,札幌市東区北２４条東１５,43.094355,141.371598,札幌市営地下鉄東豊線,札幌市交通局,1,D,5,駅データ.jp
9910304,9910304,環状通東,北海道,札幌市,札幌市東区,札幌市東区北１５条東１５,43.082166,141.374643,札幌市営地下鉄東豊線,札幌市交通局,1,D,5,駅データ.jp
9910305,9910305,東区役所前,北海道,札幌市,札幌市東区,札幌市東区北１３条東８,43.078197,141.364769,札幌市営地下鉄東豊線,札幌市交通局,1,D,5,駅データ.jp
9910306,9910306,北１３条東,北海道,札幌市,札幌市東区,札幌市東区北１３条東２,43.07689,141.354851,札幌市営地下鉄東豊線,札幌市交通局,1,D,5,駅データ.jp
9910309,9910309,豊水すすきの,北海道,札幌市,札幌市中央区,札幌市中央区南６条西２,43.055008,141.356838,札幌市営地下鉄東豊線,札幌市交通局,1,D,5,駅データ.jp
9910310,9910310,学園前,北海道,札幌市,札幌市豊平区,札幌市豊平区豊平６条６,43.047448,141.36909,札幌市営地下鉄東豊線,札幌市交通局,1,D,5,駅データ.jp
9910311,9910311,豊平公園,北海道,札幌市,札幌市豊平区,札幌市豊平区豊平５条１３,43.041929,141.376573,札幌市営地下鉄東豊線,札幌市交通局,1,D,5,駅データ.jp
9910312,9910312,美園,北海道,札幌市,札幌市豊平区,札幌市豊平区美園７条７,43.036338,141.385756,札幌市営地下鉄東豊線,札幌市交通局,1,D,5,駅データ.jp
9910313,9910313,月寒中央,北海道,札幌市,札幌市豊平区,札幌市豊平区月寒中央通７,43.030553,141.396263,札幌市営地下鉄東豊線,札幌市交通局,1,D,5,駅データ.jp
9910314,9910314,福住,北海道,札幌市,札幌市豊平区,札幌市豊平区月寒東１条１３,43.021621,141.403105,札幌市営地下鉄東豊線,札幌市交通局,1,D,5,駅データ.jp
9910401,9910401,西４丁目,北海道,札幌市,札幌市中央区,札幌市中央区南１条西４,43.058904,141.352148,札幌市電,札幌市交通事業振興公社,1,D,5,駅データ.jp
9910402,9910402,西８丁目,北海道,札幌市,札幌市中央区,札幌市中央区南１条西８,43.058033,141.345358,札幌市電,札幌市交通事業振興公社,1,D,5,駅データ.jp
9910404,9910404,西１５丁目,北海道,札幌市,札幌市中央区,札幌市中央区南１条西１５,43.056955,141.336108,札幌市電,札幌市交通事業振興公社,1,D,5,駅データ.jp
9910405,9910405,西線６条,北海道,札幌市,札幌市中央区,札幌市中央区南６条西１５,43.051352,141.335088,札幌市電,札幌市交通事業振興公社,1,D,5,駅データ.jp
9910406,9910406,西線９条旭山公園通,北海道,札幌市,札幌市中央区,札幌市中央区南９条西１５,43.04722,141.336365,札幌市電,札幌市交通事業振興公社,1,D,5,駅データ.jp
9910407,9910407,西線１１条,北海道,札幌市,札幌市中央区,札幌市中央区南１１条西１５,43.044664,141.335957,札幌市電,札幌市交通事業振興公社,1,D,5,駅データ.jp
9910408,9910408,西線１４条,北海道,札幌市,札幌市中央区,札幌市中央区南１４条西１５,43.040775,141.336429,札幌市電,札幌市交通事業振興公社,1,D,5,駅データ.jp
9910409,9910409,西線１６条,北海道,札幌市,札幌市中央区,札幌市中央区南１７条西１５,43.037733,141.336772,札幌市電,札幌市交通事業振興公社,1,D,5,駅データ.jp
9910410,9910410,ロープウェイ入口,北海道,札幌市,札幌市中央区,札幌市中央区南１９条西１５,43.03367,141.337287,札幌市電,札幌市交通事業振興公社,1,D,5,駅データ.jp
9910411,9910411,電車事業所前,北海道,札幌市,札幌市中央区,札幌市中央区南２１条西１５,43.031271,141.337609,札幌市電,札幌市交通事業振興公社,1,D,5,駅データ.jp
9910412,9910412,中央図書館前,北海道,札幌市,札幌市中央区,札幌市中央区南２２条西１３,43.030455,141.340227,札幌市電,札幌市交通事業振興公社,1,D,5,駅データ.jp
9910413,9910413,石山通,北海道,札幌市,札幌市中央区,札幌市中央区南２２条西１０,43.030706,141.344175,札幌市電,札幌市交通事業振興公社,1,D,5,駅データ.jp
9910414,9910414,東屯田通,北海道,札幌市,札幌市中央区,札幌市中央区南２２条西８,43.031051,141.347501,札幌市電,札幌市交通事業振興公社,1,D,5,駅データ.jp
9910415,9910415,幌南小学校前,北海道,札幌市,札幌市中央区,札幌市中央区南２１条西６,43.032196,141.351814,札幌市電,札幌市交通事業振興公社,1,D,5,駅データ.jp
9910416,9910416,山鼻１９条,北海道,札幌市,札幌市中央区,札幌市中央区南１８条西６,43.034706,141.351514,札幌市電,札幌市交通事業振興公社,1,D,5,駅データ.jp
9910417,9910417,静修学園前,北海道,札幌市,札幌市中央区,札幌市中央区南１６条西６,43.038329,141.351063,札幌市電,札幌市交通事業振興公社,1,D,5,駅データ.jp
9910418,9910418,行啓通,北海道,札幌市,札幌市中央区,札幌市中央区南１４条西６,43.041544,141.35072,札幌市電,札幌市交通事業振興公社,1,D,5,駅データ.jp
9910419,9910419,中島公園通,北海道,札幌市,札幌市中央区,札幌市中央区南１１条西６,43.045652,141.350269,札幌市電,札幌市交通事業振興公社,1,D,5,駅データ.jp
9910420,9910420,山鼻９条,北海道,札幌市,札幌市中央区,札幌市中央区南９条西６,43.048067,141.349862,札幌市電,札幌市交通事業振興公社,1,D,5,駅データ.jp
9910421,9910421,東本願寺前,北海道,札幌市,札幌市中央区,札幌市中央区南７条西６,43.051783,141.34939,札幌市電,札幌市交通事業振興公社,1,D,5,駅データ.jp
9910422,9910422,資生館小学校前,北海道,札幌市,札幌市中央区,札幌市中央区南４条西６,43.055217,141.34969,札幌市電,札幌市交通事業振興公社,1,D,5,駅データ.jp
9910424,9910424,狸小路,北海道,札幌市,札幌市中央区,北海道札幌市中央区,43.057279,141.352927,札幌市電,札幌市交通事業振興公社,1,D,5,駅データ.jp
9910501,9910501,湯の川,北海道,函館市,函館市,函館市湯川町２-１８,41.781073,140.789902,函館市電２系統|函館市電５系統,函館市交通局,2,D,15,駅データ.jp
9910502,9910502,湯の川温泉,北海道,函館市,函館市,函館市湯川町１-２８,41.780129,140.784881,函館市電２系統|函館市電５系統,函館市交通局,2,D,15,駅データ.jp
9910503,9910503,函館アリーナ前,北海道,函館市,函館市,函館市湯川町１-３２,41.782065,140.782006,函館市電２系統|函館市電５系統,函館市交通局,2,C,23,駅データ.jp
9910504,9910504,駒場車庫前,北海道,函館市,函館市,函館市深堀町２４番,41.783265,140.779216,函館市電２系統|函館市電５系統,函館市交通局,2,D,15,駅データ.jp
9910505,9910505,競馬場前,北海道,函館市,函館市,函館市深堀町２２番,41.784657,140.775268,函館市電２系統|函館市電５系統,函館市交通局,2,D,15,駅データ.jp
9910506,9910506,深堀町,北海道,函館市,函館市,函館市柏木町３５番,41.787153,140.769947,函館市電２系統|函館市電５系統,函館市交通局,2,D,15,駅データ.jp
9910507,9910507,柏木町,北海道,函館市,函館市,函館市柏木町３番,41.787937,140.765226,函館市電２系統|函館市電５系統,函館市交通局,2,D,15,駅データ.jp
9910508,9910508,杉並町,北海道,函館市,函館市,函館市杉並町２１番,41.788689,140.759304,函館市電２系統|函館市電５系統,函館市交通局,2,D,15,駅データ.jp
9910509,9910509,五稜郭公園前,北海道,函館市,函館市,函館市本町２５番,41.789313,140.75175,函館市電２系統|函館市電５系統,函館市交通局,2,D,15,駅データ.jp
9910510,9910510,中央病院前,北海道,函館市,函館市,函館市本町２番,41.787121,140.751021,函館市電２系統|函館市電５系統,函館市交通局,2,D,15,駅データ.jp
9910511,9910511,千代台,北海道,函館市,函館市,函館市千代台町１６番,41.784257,140.748532,函館市電２系統|函館市電５系統,函館市交通局,2,D,15,駅データ.jp
9910512,9910512,堀川町,北海道,函館市,函館市,函館市中島町２１番,41.780433,140.74394,函館市電２系統|函館市電５系統,函館市交通局,2,D,15,駅データ.jp
9910513,9910513,昭和橋,北海道,函館市,函館市,函館市堀川町６番,41.778017,140.740893,函館市電２系統|函館市電５系統,函館市交通局,2,D,15,駅データ.jp
9910514,9910514,千歳町,北海道,函館市,函館市,函館市新川町２３番,41.776161,140.738575,函館市電２系統|函館市電５系統,函館市交通局,2,D,15,駅データ.jp
9910515,9910515,新川町,北海道,函館市,函館市,函館市新川町１番,41.77464,140.736601,函館市電２系統|函館市電５系統,函館市交通局,2,D,15,駅データ.jp
9910516,9910516,松風町,北海道,函館市,函館市,函館市松風町１１番,41.771296,140.733039,函館市電２系統|函館市電５系統,函館市交通局,2,D,15,駅データ.jp
9910518,9910518,市役所前,北海道,函館市,函館市,函館市大手町１１番,41.768943,140.72495,函館市電２系統|函館市電５系統,函館市交通局,2,D,15,駅データ.jp
9910519,9910519,魚市場通,北海道,函館市,函館市,函館市豊川町２２番,41.765838,140.721731,函館市電２系統|函館市電５系統,函館市交通局,2,D,15,駅データ.jp
9910520,9910520,十字街,北海道,函館市,函館市,函館市末広町９番,41.763998,140.718513,函館市電２系統|函館市電５系統,函館市交通局,2,D,15,駅データ.jp
9910521,9910521,宝来町,北海道,函館市,函館市,函館市宝来町１０番,41.761085,140.7198,函館市電２系統,函館市交通局,1,D,5,駅データ.jp
9910522,9910522,青柳町,北海道,函館市,函館市,函館市青柳町２１番,41.756235,140.718255,函館市電２系統,函館市交通局,1,D,5,駅データ.jp
9910523,9910523,谷地頭,北海道,函館市,函館市,函館市谷地頭町２５番,41.753273,140.71641,函館市電２系統,函館市交通局,1,D,5,駅データ.jp
9910621,9910621,末広町,北海道,函館市,函館市,函館市末広町２１番,41.766879,140.711989,函館市電５系統,函館市交通局,1,D,5,駅データ.jp
9910622,9910622,大町,北海道,函館市,函館市,函館市大町７番,41.770207,140.7092,函館市電５系統,函館市交通局,1,D,5,駅データ.jp
9910623,9910623,函館どつく前,北海道,函館市,函館市,函館市入舟町１番,41.772992,140.704393,函館市電５系統,函館市交通局,1,D,13,駅データ.jp
9920102,9920102,十川,青森県,五所川原市,五所川原市,五所川原市大字漆川字鍋懸８５-３,40.817526,140.457044,津軽鉄道線,津軽鉄道,1,D,5,駅データ.jp
9920103,9920103,五農校前,青森県,五所川原市,五所川原市,五所川原市大字一野坪字朝日田崎９１,40.821146,140.478753,津軽鉄道線,津軽鉄道,1,D,5,駅データ.jp
9920104,9920104,津軽飯詰,青森県,五所川原市,五所川原市,五所川原市大字飯詰字清野２２-３,40.829884,140.479586,津軽鉄道線,津軽鉄道,1,D,5,駅データ.jp
9920105,9920105,毘沙門,青森県,五所川原市,五所川原市,五所川原市大字毘沙門字熊石１１３-２３,40.857903,140.47778,津軽鉄道線,津軽鉄道,1,D,5,駅データ.jp
9920106,9920106,嘉瀬,青森県,五所川原市,五所川原市,五所川原市金木町嘉瀬端山崎２６９-３,40.881058,140.469316,津軽鉄道線,津軽鉄道,1,D,5,駅データ.jp
9920107,9920107,金木,青森県,五所川原市,五所川原市,五所川原市金木町朝日山３６０-２,40.902875,140.459971,津軽鉄道線,津軽鉄道,1,D,5,駅データ.jp
9920108,9920108,芦野公園,青森県,五所川原市,五所川原市,五所川原市金木町８４-１７１,40.912283,140.451657,津軽鉄道線,津軽鉄道,1,D,5,駅データ.jp
9920109,9920109,川倉,青森県,五所川原市,五所川原市,五所川原市金木町川倉林下１７-７,40.926356,140.44368,津軽鉄道線,津軽鉄道,1,D,5,駅データ.jp
9920110,9920110,大沢内,青森県,,,北津軽郡中泊町大沢内海原４８-２,40.940243,140.437396,津軽鉄道線,津軽鉄道,1,D,5,駅データ.jp
9920111,9920111,深郷田,青森県,,,北津軽郡中泊町深郷田字甘木７-３,40.951203,140.441043,津軽鉄道線,津軽鉄道,1,D,5,駅データ.jp
9920112,9920112,津軽中里,青森県,,,北津軽郡中泊町中里亀山２２５-１,40.964848,140.44102,津軽鉄道線,津軽鉄道,1,D,5,駅データ.jp
9920202,9920202,弘前東高前,青森県,弘前市,弘前市,弘前市大字川先４-１１-１,40.592301,140.488529,弘南鉄道弘南線,弘南鉄道,1,D,13,駅データ.jp
9920203,9920203,運動公園前,青森県,弘前市,弘前市,弘前市大字小比内字富田９１-３,40.589527,140.502875,弘南鉄道弘南線,弘南鉄道,1,D,5,駅データ.jp
9920204,9920204,新里,青森県,弘前市,弘前市,弘前市大字新里字東里見１４-２,40.587445,140.519879,弘南鉄道弘南線,弘南鉄道,1,D,5,駅データ.jp
9920205,9920205,館田,青森県,平川市,平川市,平川市館田中前田９８-４,40.585135,140.538617,弘南鉄道弘南線,弘南鉄道,1,D,5,駅データ.jp
9920206,9920206,平賀,青森県,平川市,平川市,平川市本町北柳田２３-５,40.585044,140.561048,弘南鉄道弘南線,弘南鉄道,1,D,5,駅データ.jp
9920207,9920207,柏農高校前,青森県,平川市,平川市,平川市荒田南岡部７４-５,40.601867,140.564367,弘南鉄道弘南線,弘南鉄道,1,D,5,駅データ.jp
9920208,9920208,津軽尾上,青森県,平川市,平川市,平川市中佐渡南田１８-２,40.613869,140.576068,弘南鉄道弘南線,弘南鉄道,1,D,5,駅データ.jp
9920209,9920209,尾上高校前,青森県,平川市,平川市,平川市猿賀上川５０-３,40.627634,140.576806,弘南鉄道弘南線,弘南鉄道,1,D,5,駅データ.jp
9920210,9920210,田舎館,青森県,,,南津軽郡田舎館村大字高樋字深山林１０-７,40.637274,140.57097,弘南鉄道弘南線,弘南鉄道,1,D,5,駅データ.jp
9920211,9920211,境松,青森県,黒石市,黒石市,黒石市境松２-４６,40.648609,140.575691,弘南鉄道弘南線,弘南鉄道,1,D,5,駅データ.jp
9920212,9920212,黒石,青森県,黒石市,黒石市,黒石市緑町１-１１５,40.648342,140.591045,弘南鉄道弘南線,弘南鉄道,1,D,13,駅データ.jp
9920213,9920213,田んぼアート,青森県,,,青森県南津軽郡田舎館村,40.632833,140.573694,弘南鉄道弘南線,弘南鉄道,1,D,5,駅データ.jp
9920302,9920302,宿川原,青森県,,,南津軽郡大鰐町大字宿川原川崎１３５-１３,40.525153,140.557559,弘南鉄道大鰐線,弘南鉄道,1,D,5,駅データ.jp
9920303,9920303,鯖石,青森県,,,南津軽郡大鰐町大字小金崎字桜ノ木３-４,40.53561,140.5527,弘南鉄道大鰐線,弘南鉄道,1,D,5,駅データ.jp
9920304,9920304,石川プール前,青森県,弘前市,弘前市,弘前市大字小金崎字村元６０-５,40.543292,140.550278,弘南鉄道大鰐線,弘南鉄道,1,D,5,駅データ.jp
9920305,9920305,石川,青森県,弘前市,弘前市,青森県弘前市大字石川字大仏下36,40.550967,140.541337,弘南鉄道大鰐線,弘南鉄道,1,D,5,駅データ.jp
9920306,9920306,義塾高校前,青森県,弘前市,弘前市,弘前市石川大字野崎６９-２,40.555824,140.527461,弘南鉄道大鰐線,弘南鉄道,1,D,5,駅データ.jp
9920307,9920307,津軽大沢,青森県,弘前市,弘前市,弘前市大字大沢字稲元１-１,40.557865,140.516392,弘南鉄道大鰐線,弘南鉄道,1,D,5,駅データ.jp
9920308,9920308,松木平,青森県,弘前市,弘前市,弘前市大字小栗山字長田３１-３,40.560677,140.497097,弘南鉄道大鰐線,弘南鉄道,1,D,5,駅データ.jp
9920309,9920309,小栗山,青森県,弘前市,弘前市,弘前市大字小栗山字川合２１,40.564276,140.486704,弘南鉄道大鰐線,弘南鉄道,1,D,5,駅データ.jp
9920310,9920310,千年,青森県,弘前市,弘前市,弘前市大字松原西３-３-８,40.567387,140.480282,弘南鉄道大鰐線,弘南鉄道,1,D,5,駅データ.jp
9920311,9920311,聖愛中高前,青森県,弘前市,弘前市,青森県弘前市大字中野3-5-11,40.577202,140.47269,弘南鉄道大鰐線,弘南鉄道,1,D,5,駅データ.jp
9920312,9920312,弘前学院大前,青森県,弘前市,弘前市,青森県弘前市大字中野1-13-1,40.583363,140.470654,弘南鉄道大鰐線,弘南鉄道,1,D,13,駅データ.jp
9920313,9920313,弘高下,青森県,弘前市,弘前市,弘前市大字桜林町９-７,40.593078,140.468212,弘南鉄道大鰐線,弘南鉄道,1,D,5,駅データ.jp
9920314,9920314,中央弘前,青森県,弘前市,弘前市,弘前市大字吉野町１-６,40.599144,140.472203,弘南鉄道大鰐線,弘南鉄道,1,D,13,駅データ.jp
9920502,9920502,青山,岩手県,盛岡市,盛岡市,盛岡市青山２丁目２番４０号,39.725029,141.118462,いわて銀河鉄道線,IGRいわて銀河鉄道,1,D,5,駅データ.jp
9920503,9920503,厨川,岩手県,盛岡市,盛岡市,盛岡市厨川１丁目１７番地,39.744637,141.129354,いわて銀河鉄道線,IGRいわて銀河鉄道,1,D,5,駅データ.jp
9920504,9920504,巣子,岩手県,滝沢市,滝沢市,岩手県滝沢市巣子290-8,39.783345,141.148674,いわて銀河鉄道線,IGRいわて銀河鉄道,1,D,5,駅データ.jp
9920505,9920505,滝沢,岩手県,滝沢市,滝沢市,岩手県滝沢市野沢90,39.798953,141.149362,いわて銀河鉄道線,IGRいわて銀河鉄道,1,D,13,駅データ.jp
9920506,9920506,渋民,岩手県,盛岡市,盛岡市玉山区,盛岡市玉山区下田字陣場６５番地,39.834806,141.15449,いわて銀河鉄道線,IGRいわて銀河鉄道,1,D,5,駅データ.jp
9920508,9920508,岩手川口,岩手県,,,岩手郡岩手町字川口９番地,39.918696,141.199337,いわて銀河鉄道線,IGRいわて銀河鉄道,1,D,5,駅データ.jp
9920509,9920509,いわて沼宮内,岩手県,,,岩手郡岩手町大字江刈内,39.960155,141.216955,いわて銀河鉄道線,IGRいわて銀河鉄道,1,D,5,駅データ.jp
9920510,9920510,御堂,岩手県,岩手郡岩手町大字五日市,岩手郡岩手町大字五日市,岩手郡岩手町大字五日市４番地,40.004412,141.23703,いわて銀河鉄道線,IGRいわて銀河鉄道,1,D,5,駅データ.jp
9920511,9920511,奥中山高原,岩手県,,,二戸郡一戸町大字中山字大塚７６番地,40.066235,141.22844,いわて銀河鉄道線,IGRいわて銀河鉄道,1,D,5,駅データ.jp
9920512,9920512,小繋,岩手県,,,二戸郡一戸町大字小繋字西田子３番地,40.123173,141.260437,いわて銀河鉄道線,IGRいわて銀河鉄道,1,D,5,駅データ.jp
9920513,9920513,小鳥谷,岩手県,,,二戸郡一戸町大字小鳥谷字中屋敷１番地,40.171061,141.307735,いわて銀河鉄道線,IGRいわて銀河鉄道,1,D,5,駅データ.jp
9920514,9920514,一戸,岩手県,,,二戸郡一戸町西法寺字稲荷,40.210092,141.297419,いわて銀河鉄道線,IGRいわて銀河鉄道,1,D,5,駅データ.jp
9920515,9920515,二戸,岩手県,二戸市,二戸市,二戸市石切所,40.25997,141.286211,いわて銀河鉄道線,IGRいわて銀河鉄道,1,D,13,駅データ.jp
9920516,9920516,斗米,岩手県,二戸市,二戸市,二戸市米沢字沢内１７６番地,40.285158,141.291123,いわて銀河鉄道線,IGRいわて銀河鉄道,1,D,5,駅データ.jp
9920517,9920517,金田一温泉,岩手県,二戸市,二戸市,二戸市金田一字水梨１４番地,40.323503,141.303943,いわて銀河鉄道線,IGRいわて銀河鉄道,1,D,5,駅データ.jp
9920518,9920518,目時,青森県,,,三戸郡三戸町大字目時字村中１２番地,40.351908,141.289504,いわて銀河鉄道線|青い森鉄道線,IGRいわて銀河鉄道|青い森鉄道,2,D,15,駅データ.jp
9920602,9920602,三戸,青森県,,,三戸郡南部町大字大向,40.395941,141.27322,青い森鉄道線,青い森鉄道,1,D,5,駅データ.jp
9920603,9920603,諏訪ノ平,青森県,,,三戸郡南部町大字玉掛,40.414889,141.304599,青い森鉄道線,青い森鉄道,1,D,5,駅データ.jp
9920604,9920604,剣吉,青森県,,,三戸郡南部町剣吉,40.449025,141.346805,青い森鉄道線,青い森鉄道,1,D,5,駅データ.jp
9920605,9920605,苫米地,青森県,,,三戸郡南部町苫米地,40.466926,141.374903,青い森鉄道線,青い森鉄道,1,D,5,駅データ.jp
9920606,9920606,北高岩,青森県,八戸市,八戸市,八戸市大字上野,40.475126,141.405233,青い森鉄道線,青い森鉄道,1,D,5,駅データ.jp
9920608,9920608,筒井,青森県,青森市,青森市,青森県青森市筒井,40.805556,140.77,青い森鉄道線,青い森鉄道,1,D,5,駅データ.jp
9920702,9920702,一の渡,岩手県,宮古市,宮古市,宮古市崎山,39.686895,141.94264,三陸鉄道リアス線,三陸鉄道,1,D,5,駅データ.jp
9920703,9920703,佐羽根,岩手県,宮古市,宮古市,宮古市大字田代,39.711131,141.935868,三陸鉄道リアス線,三陸鉄道,1,D,5,駅データ.jp
9920704,9920704,田老,岩手県,宮古市,宮古市,宮古市田老小林,39.731848,141.964556,三陸鉄道リアス線,三陸鉄道,1,D,5,駅データ.jp
9920705,9920705,摂待,岩手県,宮古市,宮古市,宮古市田老摂待,39.809453,141.962182,三陸鉄道リアス線,三陸鉄道,1,D,5,駅データ.jp
9920706,9920706,岩泉小本,岩手県,,,下閉伊郡岩泉町小本,39.842724,141.958453,三陸鉄道リアス線,三陸鉄道,1,D,5,駅データ.jp
9920707,9920707,島越,岩手県,,,下閉伊郡田野畑村松前沢,39.915737,141.93968,三陸鉄道リアス線,三陸鉄道,1,D,5,駅データ.jp
9920708,9920708,田野畑,岩手県,,,下閉伊郡田野畑村和野,39.934276,141.933847,三陸鉄道リアス線,三陸鉄道,1,D,5,駅データ.jp
9920709,9920709,普代,岩手県,,,下閉伊郡普代村銅屋,40.002492,141.886269,三陸鉄道リアス線,三陸鉄道,1,D,5,駅データ.jp
9920710,9920710,白井海岸,岩手県,,,下閉伊郡普代村白井,40.032628,141.883121,三陸鉄道リアス線,三陸鉄道,1,D,5,駅データ.jp
9920711,9920711,堀内,岩手県,,,下閉伊郡普代村馬場野,40.051895,141.859481,三陸鉄道リアス線,三陸鉄道,1,D,5,駅データ.jp
9920712,9920712,野田玉川,岩手県,,,九戸郡野田村大字玉川,40.082728,141.828874,三陸鉄道リアス線,三陸鉄道,1,D,5,駅データ.jp
9920713,9920713,陸中野田,岩手県,,,九戸郡野田村大字野田,40.116115,141.81899,三陸鉄道リアス線,三陸鉄道,1,D,5,駅データ.jp
9920714,9920714,陸中宇部,岩手県,久慈市,久慈市,久慈市宇部町,40.132441,141.785904,三陸鉄道リアス線,三陸鉄道,1,D,5,駅データ.jp
9920716,9920716,山口団地,岩手県,宮古市,宮古市,岩手県宮古市山口三丁目,39.646331,141.933222,三陸鉄道リアス線,三陸鉄道,1,D,5,駅データ.jp
9920717,9920717,十府ヶ浦海岸,岩手県,,,岩手県九戸郡野田村大字野田第10地割中沼10-3,40.100778,141.823694,三陸鉄道リアス線,三陸鉄道,1,D,5,駅データ.jp
9920802,9920802,陸前赤崎,岩手県,大船渡市,大船渡市,大船渡市赤崎町字大洞,39.068623,141.741086,三陸鉄道リアス線,三陸鉄道,1,D,5,駅データ.jp
9920803,9920803,綾里,岩手県,大船渡市,大船渡市,大船渡市三陸町綾里字宮野,39.054318,141.799012,三陸鉄道リアス線,三陸鉄道,1,D,5,駅データ.jp
9920804,9920804,恋し浜,岩手県,大船渡市,大船渡市,岩手県大船渡市三陸町綾里字小石浜,39.07453,141.816365,三陸鉄道リアス線,三陸鉄道,1,D,5,駅データ.jp
9920805,9920805,甫嶺,岩手県,大船渡市,大船渡市,大船渡市三陸町越喜来字甫嶺,39.093394,141.806571,三陸鉄道リアス線,三陸鉄道,1,D,5,駅データ.jp
9920806,9920806,三陸,岩手県,大船渡市,大船渡市,大船渡市三陸町越喜来字肥田,39.117194,141.809836,三陸鉄道リアス線,三陸鉄道,1,D,5,駅データ.jp
9920807,9920807,吉浜,岩手県,大船渡市,大船渡市,大船渡市三陸町吉浜字上野,39.151122,141.836382,三陸鉄道リアス線,三陸鉄道,1,D,5,駅データ.jp
9920808,9920808,唐丹,岩手県,釜石市,釜石市,釜石市唐丹町字片岸,39.201816,141.86123,三陸鉄道リアス線,三陸鉄道,1,D,5,駅データ.jp
9920809,9920809,平田,岩手県,釜石市,釜石市,釜石市平田町４地割,39.245686,141.885923,三陸鉄道リアス線,三陸鉄道,1,D,5,駅データ.jp
9920811,9920811,両石,岩手県,釜石市,釜石市,釜石市両石町,39.308062,141.889112,三陸鉄道リアス線,三陸鉄道,1,D,5,駅データ.jp
9920812,9920812,鵜住居,岩手県,釜石市,釜石市,釜石市鵜住居町,39.32694,141.887976,三陸鉄道リアス線,三陸鉄道,1,D,5,駅データ.jp
9920813,9920813,大槌,岩手県,,,上閉伊郡大槌町本町,39.356734,141.902894,三陸鉄道リアス線,三陸鉄道,1,D,5,駅データ.jp
9920814,9920814,吉里吉里,岩手県,,,上閉伊郡大槌町吉里吉里,39.36957,141.938648,三陸鉄道リアス線,三陸鉄道,1,D,5,駅データ.jp
9920815,9920815,浪板海岸,岩手県,,,上閉伊郡大槌町吉里吉里10,39.383537,141.935104,三陸鉄道リアス線,三陸鉄道,1,D,5,駅データ.jp
9920816,9920816,岩手船越,岩手県,,,下閉伊郡山田町船越,39.431369,141.974033,三陸鉄道リアス線,三陸鉄道,1,D,5,駅データ.jp
9920817,9920817,織笠,岩手県,,,下閉伊郡山田町織笠,39.453861,141.955278,三陸鉄道リアス線,三陸鉄道,1,D,5,駅データ.jp
9920818,9920818,陸中山田,岩手県,,,下閉伊郡山田町川向町,39.463449,141.951533,三陸鉄道リアス線,三陸鉄道,1,D,5,駅データ.jp
9920819,9920819,豊間根,岩手県,,,下閉伊郡山田町豊間根,39.534274,141.924739,三陸鉄道リアス線,三陸鉄道,1,D,5,駅データ.jp
9920820,9920820,払川,岩手県,宮古市,宮古市,宮古市津軽石第13地割336番3,39.564417,141.932833,三陸鉄道リアス線,三陸鉄道,1,D,5,駅データ.jp
9920821,9920821,津軽石,岩手県,宮古市,宮古市,宮古市大字津軽石5-60,39.581507,141.937594,三陸鉄道リアス線,三陸鉄道,1,D,5,駅データ.jp
9920822,9920822,八木沢・宮古短大,岩手県,宮古市,宮古市,宮古市八木沢第一地割1番3,39.619306,141.946389,三陸鉄道リアス線,三陸鉄道,1,D,13,駅データ.jp
9920823,9920823,磯鶏,岩手県,宮古市,宮古市,宮古市磯鶏石崎13,39.629883,141.960984,三陸鉄道リアス線,三陸鉄道,1,D,5,駅データ.jp
9920824,9920824,新田老,岩手県,宮古市,宮古市,宮古市田老字館が森155-7,39.7356,141.9673,三陸鉄道リアス線,三陸鉄道,1,D,5,駅データ.jp
9920902,9920902,西鷹巣,秋田県,北秋田市,北秋田市,北秋田市鷹巣,40.224615,140.357918,秋田内陸線,秋田内陸縦貫鉄道,1,D,5,駅データ.jp
9920903,9920903,縄文小ヶ田,秋田県,北秋田市,北秋田市,秋田県北秋田市脇神字小ヶ田,40.204973,140.349206,秋田内陸線,秋田内陸縦貫鉄道,1,D,5,駅データ.jp
9920904,9920904,大野台,秋田県,北秋田市,北秋田市,北秋田市上杉,40.186975,140.340777,秋田内陸線,秋田内陸縦貫鉄道,1,D,5,駅データ.jp
9920905,9920905,合川,秋田県,北秋田市,北秋田市,北秋田市下杉,40.161033,140.330148,秋田内陸線,秋田内陸縦貫鉄道,1,D,5,駅データ.jp
9920906,9920906,上杉,秋田県,北秋田市,北秋田市,北秋田市上杉,40.146533,140.349495,秋田内陸線,秋田内陸縦貫鉄道,1,D,5,駅データ.jp
9920907,9920907,米内沢,秋田県,北秋田市,北秋田市,北秋田市米内沢,40.128199,140.373477,秋田内陸線,秋田内陸縦貫鉄道,1,D,5,駅データ.jp
9920908,9920908,桂瀬,秋田県,北秋田市,北秋田市,北秋田市桂瀬,40.101634,140.417854,秋田内陸線,秋田内陸縦貫鉄道,1,D,5,駅データ.jp
9920909,9920909,阿仁前田温泉,秋田県,北秋田市,北秋田市,北秋田市小又,40.061322,140.417731,秋田内陸線,秋田内陸縦貫鉄道,1,D,5,駅データ.jp
9920910,9920910,前田南,秋田県,北秋田市,北秋田市,北秋田市五味堀,40.050604,140.40227,秋田内陸線,秋田内陸縦貫鉄道,1,D,5,駅データ.jp
9920911,9920911,小渕,秋田県,北秋田市,北秋田市,北秋田市阿仁小渕,40.033817,140.40117,秋田内陸線,秋田内陸縦貫鉄道,1,D,5,駅データ.jp
9920912,9920912,阿仁合,秋田県,北秋田市,北秋田市,北秋田市阿仁銀山,40.000782,140.401538,秋田内陸線,秋田内陸縦貫鉄道,1,D,5,駅データ.jp
9920913,9920913,荒瀬,秋田県,北秋田市,北秋田市,北秋田市阿仁荒瀬,39.980085,140.402486,秋田内陸線,秋田内陸縦貫鉄道,1,D,5,駅データ.jp
9920914,9920914,萱草,秋田県,北秋田市,北秋田市,北秋田市阿仁萱草,39.95846,140.412528,秋田内陸線,秋田内陸縦貫鉄道,1,D,5,駅データ.jp
9920915,9920915,笑内,秋田県,北秋田市,北秋田市,北秋田市阿仁笑内,39.935151,140.413071,秋田内陸線,秋田内陸縦貫鉄道,1,D,5,駅データ.jp
9920916,9920916,岩野目,秋田県,北秋田市,北秋田市,北秋田市阿仁幸屋渡,39.921248,140.430639,秋田内陸線,秋田内陸縦貫鉄道,1,D,5,駅データ.jp
9920917,9920917,比立内,秋田県,北秋田市,北秋田市,北秋田市阿仁比立内,39.905078,140.452643,秋田内陸線,秋田内陸縦貫鉄道,1,D,5,駅データ.jp
9920918,9920918,奥阿仁,秋田県,北秋田市,北秋田市,北秋田市阿仁戸鳥内,39.911567,140.48946,秋田内陸線,秋田内陸縦貫鉄道,1,D,5,駅データ.jp
9920919,9920919,阿仁マタギ,秋田県,北秋田市,北秋田市,北秋田市阿仁中村,39.91952,140.515793,秋田内陸線,秋田内陸縦貫鉄道,1,D,5,駅データ.jp
9920920,9920920,戸沢,秋田県,仙北市,仙北市,仙北市西木町上桧木内,39.859084,140.581208,秋田内陸線,秋田内陸縦貫鉄道,1,D,5,駅データ.jp
9920921,9920921,上桧木内,秋田県,仙北市,仙北市,仙北市西木町上桧木内,39.815858,140.584937,秋田内陸線,秋田内陸縦貫鉄道,1,D,5,駅データ.jp
9920922,9920922,左通,秋田県,仙北市,仙北市,仙北市西木町上桧木内,39.801867,140.586118,秋田内陸線,秋田内陸縦貫鉄道,1,D,5,駅データ.jp
9920923,9920923,羽後中里,秋田県,仙北市,仙北市,仙北市西木町桧木内,39.771049,140.602775,秋田内陸線,秋田内陸縦貫鉄道,1,D,5,駅データ.jp
9920924,9920924,松葉,秋田県,仙北市,仙北市,仙北市西木町桧木内,39.744107,140.590288,秋田内陸線,秋田内陸縦貫鉄道,1,D,5,駅データ.jp
9920925,9920925,羽後長戸呂,秋田県,仙北市,仙北市,仙北市西木町桧木内,39.727689,140.565383,秋田内陸線,秋田内陸縦貫鉄道,1,D,5,駅データ.jp
9920926,9920926,八津,秋田県,仙北市,仙北市,仙北市西木町小山田,39.687701,140.552805,秋田内陸線,秋田内陸縦貫鉄道,1,D,5,駅データ.jp
9920927,9920927,西明寺,秋田県,仙北市,仙北市,仙北市西木町門屋六本杉,39.653175,140.563191,秋田内陸線,秋田内陸縦貫鉄道,1,D,5,駅データ.jp
9920928,9920928,羽後太田,秋田県,仙北市,仙北市,仙北市田沢湖角館東前郷,39.627304,140.574249,秋田内陸線,秋田内陸縦貫鉄道,1,D,5,駅データ.jp
9921002,9921002,薬師堂,秋田県,由利本荘市,由利本荘市,由利本荘市薬師堂山崎１-１０,39.368008,140.048788,鳥海山ろく線,由利高原鉄道,1,D,5,駅データ.jp
9921003,9921003,子吉,秋田県,由利本荘市,由利本荘市,由利本荘市玉ノ池,39.350399,140.059913,鳥海山ろく線,由利高原鉄道,1,D,5,駅データ.jp
9921004,9921004,鮎川,秋田県,由利本荘市,由利本荘市,由利本荘市東鮎川,39.328693,140.071254,鳥海山ろく線,由利高原鉄道,1,D,5,駅データ.jp
9921005,9921005,黒沢,秋田県,由利本荘市,由利本荘市,秋田県由利本荘市黒沢,39.320388,140.093365,鳥海山ろく線,由利高原鉄道,1,D,5,駅データ.jp
9921006,9921006,曲沢,秋田県,由利本荘市,由利本荘市,由利本荘市前郷,39.321081,140.102178,鳥海山ろく線,由利高原鉄道,1,D,5,駅データ.jp
9921007,9921007,前郷,秋田県,由利本荘市,由利本荘市,由利本荘市前郷,39.312649,140.112727,鳥海山ろく線,由利高原鉄道,1,D,5,駅データ.jp
9921008,9921008,久保田,秋田県,由利本荘市,由利本荘市,由利本荘市久保田,39.296231,140.111067,鳥海山ろく線,由利高原鉄道,1,D,5,駅データ.jp
9921009,9921009,西滝沢,秋田県,由利本荘市,由利本荘市,由利本荘市山本,39.278319,140.116448,鳥海山ろく線,由利高原鉄道,1,D,5,駅データ.jp
9921010,9921010,吉沢,秋田県,由利本荘市,由利本荘市,由利本荘市吉沢,39.268145,140.116323,鳥海山ろく線,由利高原鉄道,1,D,5,駅データ.jp
9921011,9921011,川辺,秋田県,由利本荘市,由利本荘市,由利本荘市矢島町川辺,39.248842,140.12036,鳥海山ろく線,由利高原鉄道,1,D,5,駅データ.jp
9921012,9921012,矢島,秋田県,由利本荘市,由利本荘市,由利本荘市矢島町七日町,39.230305,140.13897,鳥海山ろく線,由利高原鉄道,1,D,5,駅データ.jp
9921102,9921102,南陽市役所,山形県,南陽市,南陽市,南陽市三間通字関口後,38.056138,140.148569,フラワー長井線,山形鉄道,1,D,13,駅データ.jp
9921103,9921103,宮内,山形県,南陽市,南陽市,南陽市宮内字冨貴田,38.070849,140.135293,フラワー長井線,山形鉄道,1,D,5,駅データ.jp
9921104,9921104,おりはた,山形県,南陽市,南陽市,南陽市漆山字東屋敷,38.066359,140.12239,フラワー長井線,山形鉄道,1,D,5,駅データ.jp
9921105,9921105,梨郷,山形県,南陽市,南陽市,南陽市竹原字上千刈田,38.057307,140.098051,フラワー長井線,山形鉄道,1,D,5,駅データ.jp
9921106,9921106,西大塚,山形県,,,東置賜郡川西町大字西大塚字大野,38.055489,140.064644,フラワー長井線,山形鉄道,1,D,5,駅データ.jp
9921108,9921108,時庭,山形県,長井市,長井市,長井市時庭字細川,38.076727,140.029498,フラワー長井線,山形鉄道,1,D,5,駅データ.jp
9921109,9921109,南長井,山形県,長井市,長井市,長井市四ツ谷１丁目,38.097592,140.034541,フラワー長井線,山形鉄道,1,D,13,駅データ.jp
9921110,9921110,長井,山形県,長井市,長井市,長井市栄町,38.106505,140.033486,フラワー長井線,山形鉄道,1,D,13,駅データ.jp
9921111,9921111,あやめ公園,山形県,長井市,長井市,長井市横町１３７９番地の２,38.113971,140.032749,フラワー長井線,山形鉄道,1,D,5,駅データ.jp
9921112,9921112,羽前成田,山形県,長井市,長井市,長井市成田字熊之堂,38.131038,140.034987,フラワー長井線,山形鉄道,1,D,5,駅データ.jp
9921113,9921113,白兎,山形県,長井市,長井市,長井市白兎,38.149984,140.041013,フラワー長井線,山形鉄道,1,D,5,駅データ.jp
9921114,9921114,蚕桑,山形県,,,西置賜郡白鷹町大字高玉字鹿島前,38.161588,140.046757,フラワー長井線,山形鉄道,1,D,5,駅データ.jp
9921115,9921115,鮎貝,山形県,,,西置賜郡白鷹町大字鮎貝字遠藤清水,38.182517,140.071095,フラワー長井線,山形鉄道,1,D,5,駅データ.jp
9921116,9921116,荒砥,山形県,,,西置賜郡白鷹町大字荒砥甲字中道,38.188,140.097401,フラワー長井線,山形鉄道,1,D,5,駅データ.jp
9921117,9921117,四季の郷,山形県,,,西置賜郡白鷹町大字鮎貝１６８３番地の５,38.185763,140.077561,フラワー長井線,山形鉄道,1,D,5,駅データ.jp
9921302,9921302,卸町,福島県,福島市,福島市,福島市鎌田字沢田,37.795472,140.479463,阿武隈急行線,阿武隈急行,1,D,5,駅データ.jp
9921303,9921303,福島学院前,福島県,福島市,福島市,福島市瀬上町字街道東８番地３,37.798994,140.489095,阿武隈急行線,阿武隈急行,1,D,13,駅データ.jp
9921304,9921304,瀬上,福島県,福島市,福島市,福島市瀬上町字桜町,37.802303,140.498397,阿武隈急行線,阿武隈急行,1,D,5,駅データ.jp
9921305,9921305,向瀬上,福島県,福島市,福島市,福島市瀬上町字瀬上,37.806683,140.510532,阿武隈急行線,阿武隈急行,1,D,5,駅データ.jp
9921306,9921306,高子,福島県,伊達市,伊達市,伊達市保原町上保原字向台,37.808561,140.52755,阿武隈急行線,阿武隈急行,1,D,5,駅データ.jp
9921307,9921307,上保原,福島県,伊達市,伊達市,伊達市保原町上保原字下当築,37.809628,140.542749,阿武隈急行線,阿武隈急行,1,D,5,駅データ.jp
9921308,9921308,保原,福島県,伊達市,伊達市,伊達市保原町東野崎,37.81463,140.556651,阿武隈急行線,阿武隈急行,1,D,5,駅データ.jp
9921309,9921309,大泉,福島県,伊達市,伊達市,伊達市保原町大泉字大地内,37.819966,140.566805,阿武隈急行線,阿武隈急行,1,D,5,駅データ.jp
9921310,9921310,二井田,福島県,伊達市,伊達市,伊達市保原町二井田字前原,37.828424,140.581151,阿武隈急行線,阿武隈急行,1,D,5,駅データ.jp
9921311,9921311,新田,福島県,伊達市,伊達市,伊達市梁川町新田字台,37.83776,140.592986,阿武隈急行線,阿武隈急行,1,D,5,駅データ.jp
9921312,9921312,梁川,福島県,伊達市,伊達市,伊達市梁川町五反田,37.845815,140.603279,阿武隈急行線,阿武隈急行,1,D,5,駅データ.jp
9921313,9921313,やながわ希望の森公園前,福島県,伊達市,伊達市,伊達市梁川町北町頭,37.857867,140.615552,阿武隈急行線,阿武隈急行,1,D,5,駅データ.jp
9921314,9921314,富野,福島県,伊達市,伊達市,伊達市梁川町舟生字原田,37.874788,140.62737,阿武隈急行線,阿武隈急行,1,D,5,駅データ.jp
9921315,9921315,兜,福島県,伊達市,伊達市,伊達市梁川町舟生字桂野山,37.895375,140.646466,阿武隈急行線,阿武隈急行,1,D,5,駅データ.jp
9921316,9921316,あぶくま,宮城県,,,伊具郡丸森町字滝の上,37.913443,140.68576,阿武隈急行線,阿武隈急行,1,D,5,駅データ.jp
9921317,9921317,丸森,宮城県,,,伊具郡丸森町舘矢間字山田土手下,37.930641,140.761606,阿武隈急行線,阿武隈急行,1,D,5,駅データ.jp
9921318,9921318,北丸森,宮城県,,,伊具郡丸森町木沼,37.943103,140.771832,阿武隈急行線,阿武隈急行,1,D,5,駅データ.jp
9921319,9921319,南角田,宮城県,角田市,角田市,角田市摺鉢,37.964895,140.769578,阿武隈急行線,阿武隈急行,1,D,13,駅データ.jp
9921320,9921320,角田,宮城県,角田市,角田市,角田市角田字流,37.979282,140.772388,阿武隈急行線,阿武隈急行,1,D,13,駅データ.jp
9921321,9921321,横倉,宮城県,角田市,角田市,角田市横倉字宮下,37.996999,140.776045,阿武隈急行線,阿武隈急行,1,D,5,駅データ.jp
9921322,9921322,岡,宮城県,角田市,角田市,角田市岡字白岩,38.019246,140.782755,阿武隈急行線,阿武隈急行,1,D,5,駅データ.jp
9921323,9921323,東船岡,宮城県,,,柴田郡柴田町大字上名生字横橋,38.050095,140.789824,阿武隈急行線,阿武隈急行,1,D,5,駅データ.jp
9921401,9921401,泉中央,宮城県,仙台市,仙台市泉区,仙台市泉区泉中央１-７-１,38.323167,140.880796,仙台市営地下鉄南北線,仙台市交通局,1,D,5,駅データ.jp
9921402,9921402,八乙女,宮城県,仙台市,仙台市泉区,仙台市泉区八乙女中央１-４-１０,38.312899,140.884037,仙台市営地下鉄南北線,仙台市交通局,1,D,5,駅データ.jp
9921403,9921403,黒松,宮城県,仙台市,仙台市泉区,仙台市泉区旭丘堤２-２２-１,38.303142,140.886285,仙台市営地下鉄南北線,仙台市交通局,1,D,5,駅データ.jp
9921404,9921404,旭ヶ丘,宮城県,仙台市,仙台市青葉区,仙台市青葉区旭ケ丘三丁目25-15先,38.295593,140.883633,仙台市営地下鉄南北線,仙台市交通局,1,D,5,駅データ.jp
9921405,9921405,台原,宮城県,仙台市,仙台市青葉区,仙台市青葉区台原森林公園１-１,38.288524,140.878512,仙台市営地下鉄南北線,仙台市交通局,1,D,5,駅データ.jp
9921407,9921407,北四番丁,宮城県,仙台市,仙台市青葉区,仙台市青葉区二日町１３-２２,38.272137,140.86907,仙台市営地下鉄南北線,仙台市交通局,1,D,5,駅データ.jp
9921408,9921408,勾当台公園,宮城県,仙台市,仙台市青葉区,仙台市青葉区本町３-９-２,38.266304,140.871292,仙台市営地下鉄南北線,仙台市交通局,1,D,5,駅データ.jp
9921409,9921409,広瀬通,宮城県,仙台市,仙台市青葉区,仙台市青葉区中央２-１０-２２,38.262971,140.875736,仙台市営地下鉄南北線,仙台市交通局,1,D,5,駅データ.jp
9921411,9921411,五橋,宮城県,仙台市,仙台市青葉区,仙台市青葉区五橋２-１-１０,38.251861,140.881014,仙台市営地下鉄南北線,仙台市交通局,1,D,5,駅データ.jp
9921412,9921412,愛宕橋,宮城県,仙台市,仙台市若林区,仙台市若林区土樋１-１１-１０,38.24729,140.882036,仙台市営地下鉄南北線,仙台市交通局,1,D,5,駅データ.jp
9921413,9921413,河原町,宮城県,仙台市,仙台市若林区,仙台市若林区河原町１-５-１０,38.241112,140.887702,仙台市営地下鉄南北線,仙台市交通局,1,D,5,駅データ.jp
9921414,9921414,長町一丁目,宮城県,仙台市,仙台市太白区,仙台市太白区長町１-２-１２,38.234085,140.887402,仙台市営地下鉄南北線,仙台市交通局,1,D,5,駅データ.jp
9921416,9921416,長町南,宮城県,仙台市,仙台市太白区,仙台市太白区長町南３-１-６０,38.224642,140.87657,仙台市営地下鉄南北線,仙台市交通局,1,D,5,駅データ.jp
9921417,9921417,富沢,宮城県,仙台市,仙台市太白区,仙台市太白区富沢４-２-２２,38.214087,140.87046,仙台市営地下鉄南北線,仙台市交通局,1,D,5,駅データ.jp
9921502,9921502,曽根田,福島県,福島市,福島市,福島市曾根田町３-３７,37.760289,140.459466,福島交通飯坂線,福島交通,1,D,5,駅データ.jp
9921503,9921503,美術館図書館前,福島県,福島市,福島市,福島市森合町字台３-５,37.767074,140.455246,福島交通飯坂線,福島交通,1,D,5,駅データ.jp
9921504,9921504,岩代清水,福島県,福島市,福島市,福島市泉字大仏３６-１,37.776304,140.44743,福島交通飯坂線,福島交通,1,D,5,駅データ.jp
9921505,9921505,泉,福島県,福島市,福島市,福島県福島市泉字早稲田5-4,37.778551,140.445635,福島交通飯坂線,福島交通,1,D,5,駅データ.jp
9921506,9921506,上松川,福島県,福島市,福島市,福島市南沢又字上並松１９-１,37.783619,140.441011,福島交通飯坂線,福島交通,1,D,5,駅データ.jp
9921507,9921507,笹谷,福島県,福島市,福島市,福島市笹谷字三本松１８-２,37.7873,140.439628,福島交通飯坂線,福島交通,1,D,5,駅データ.jp
9921508,9921508,桜水,福島県,福島市,福島市,福島市笹谷字古屋前２-５,37.796682,140.441369,福島交通飯坂線,福島交通,1,D,5,駅データ.jp
9921509,9921509,平野,福島県,福島市,福島市,福島市飯坂町平野字堂の前１６,37.805427,140.442781,福島交通飯坂線,福島交通,1,D,5,駅データ.jp
9921510,9921510,医王寺前,福島県,福島市,福島市,福島市飯坂町平野字道添１４,37.816544,140.446395,福島交通飯坂線,福島交通,1,D,5,駅データ.jp
9921511,9921511,花水坂,福島県,福島市,福島市,福島市飯坂町字町裏５-１,37.827043,140.450739,福島交通飯坂線,福島交通,1,D,5,駅データ.jp
9921512,9921512,飯坂温泉,福島県,福島市,福島市,福島市飯坂町十綱下２８,37.830265,140.454696,福島交通飯坂線,福島交通,1,D,5,駅データ.jp
9921602,9921602,南若松,福島県,会津若松市,会津若松市,会津若松市門田町一ノ堰字下住４５９,37.458876,139.914479,会津鉄道会津線,会津鉄道,1,D,5,駅データ.jp
9921603,9921603,門田,福島県,会津若松市,会津若松市,会津若松市門田町大字面川字中島,37.442616,139.913769,会津鉄道会津線,会津鉄道,1,D,5,駅データ.jp
9921604,9921604,あまや,福島県,会津若松市,会津若松市,会津若松市大戸町大字雨屋字上雨屋３６７-１,37.416736,139.917661,会津鉄道会津線,会津鉄道,1,D,5,駅データ.jp
9921605,9921605,芦ノ牧温泉,福島県,会津若松市,会津若松市,会津若松市大戸町上三寄乙,37.395456,139.932277,会津鉄道会津線,会津鉄道,1,D,5,駅データ.jp
9921606,9921606,大川ダム公園,福島県,会津若松市,会津若松市,会津若松市大戸町大字大川ロクロ石乙,37.34685,139.920806,会津鉄道会津線,会津鉄道,1,D,5,駅データ.jp
9921607,9921607,芦ノ牧温泉南,福島県,会津若松市,会津若松市,会津若松市大戸町大字大川字大平甲,37.334573,139.918668,会津鉄道会津線,会津鉄道,1,D,5,駅データ.jp
9921608,9921608,湯野上温泉,福島県,,,南会津郡下郷町大字湯野上字大島,37.304056,139.895169,会津鉄道会津線,会津鉄道,1,D,5,駅データ.jp
9921609,9921609,塔のへつり,福島県,,,南会津郡下郷町大字弥五島字下夕田林,37.274695,139.901636,会津鉄道会津線,会津鉄道,1,D,5,駅データ.jp
9921610,9921610,弥五島,福島県,,,南会津郡下郷町大字弥五島字寺下,37.26629,139.889924,会津鉄道会津線,会津鉄道,1,D,5,駅データ.jp
9921611,9921611,会津下郷,福島県,,,南会津郡下郷町大字豊成字下モ,37.255166,139.864937,会津鉄道会津線,会津鉄道,1,D,5,駅データ.jp
9921612,9921612,ふるさと公園,福島県,,,南会津郡下郷町大字沢田字下沢田甲９４３番地,37.243051,139.858958,会津鉄道会津線,会津鉄道,1,D,5,駅データ.jp
9921613,9921613,養鱒公園,福島県,,,南会津郡下郷町大字落合字下ノ原,37.224499,139.841794,会津鉄道会津線,会津鉄道,1,D,5,駅データ.jp
9921614,9921614,会津長野,福島県,,,南会津郡南会津町長野字下谷地,37.21525,139.823887,会津鉄道会津線,会津鉄道,1,D,5,駅データ.jp
9921615,9921615,田島高校前,福島県,,,南会津郡南会津町田島字田部原,37.209525,139.800776,会津鉄道会津線,会津鉄道,1,D,5,駅データ.jp
9921616,9921616,会津田島,福島県,,,南会津郡南会津町田島字西番場甲,37.203261,139.774279,会津鉄道会津線,会津鉄道,1,D,5,駅データ.jp
9921617,9921617,中荒井,福島県,,,南会津郡南会津町中荒井字長畔,37.180289,139.75096,会津鉄道会津線,会津鉄道,1,D,5,駅データ.jp
9921618,9921618,会津荒海,福島県,,,南会津郡南会津町関本字百一,37.153317,139.733683,会津鉄道会津線,会津鉄道,1,D,5,駅データ.jp
9921619,9921619,会津山村道場,福島県,,,南会津郡南会津町糸沢字今泉平４３-１,37.144787,139.732114,会津鉄道会津線,会津鉄道,1,D,5,駅データ.jp
9921620,9921620,七ヶ岳登山口,福島県,,,福島県南会津郡南会津町糸沢字下宮之原2449-2,37.124184,139.717388,会津鉄道会津線,会津鉄道,1,D,5,駅データ.jp
9921621,9921621,会津高原尾瀬口,福島県,,,南会津郡南会津町滝原字羽根子,37.089987,139.70511,ほっとスパ・ライン|会津鉄道会津線,会津鉄道|野岩鉄道,2,D,15,駅データ.jp
9921702,9921702,杜せきのした,宮城県,名取市,名取市,名取市増田字関下２００番地１,38.165482,140.895738,仙台空港線,仙台空港鉄道,1,D,5,駅データ.jp
9921703,9921703,美田園,宮城県,名取市,名取市,名取市下増田字大橋本５４番地,38.15965,140.917404,仙台空港線,仙台空港鉄道,1,D,5,駅データ.jp
9921704,9921704,仙台空港,宮城県,名取市,名取市,名取市,38.138122,140.930029,仙台空港線,仙台空港鉄道,1,D,5,駅データ.jp
9921801,9921801,八木山動物公園,宮城県,仙台市,仙台市太白区,仙台市太白区八木山本町,38.242778,140.843472,仙台市営地下鉄東西線,仙台市交通局,1,D,5,駅データ.jp
9921802,9921802,青葉山,宮城県,仙台市,仙台市青葉区,仙台市青葉区荒巻,38.254972,140.835222,仙台市営地下鉄東西線,仙台市交通局,1,D,5,駅データ.jp
9921803,9921803,川内,宮城県,仙台市,仙台市青葉区,仙台市青葉区川内元支倉,38.260556,140.85,仙台市営地下鉄東西線,仙台市交通局,1,D,5,駅データ.jp
9921804,9921804,国際センター,宮城県,仙台市,仙台市青葉区,仙台市青葉区川内中ノ瀬町,38.260167,140.856944,仙台市営地下鉄東西線,仙台市交通局,1,D,5,駅データ.jp
9921805,9921805,大町西公園,宮城県,仙台市,仙台市青葉区,仙台市青葉区大町,38.258889,140.864167,仙台市営地下鉄東西線,仙台市交通局,1,D,5,駅データ.jp
9921806,9921806,青葉通一番町,宮城県,仙台市,仙台市青葉区,仙台市青葉区一番町,38.259722,140.872222,仙台市営地下鉄東西線,仙台市交通局,1,D,5,駅データ.jp
9921808,9921808,宮城野通,宮城県,仙台市,仙台市宮城野区,仙台市宮城野区榴岡,38.258333,140.885833,仙台市営地下鉄東西線,仙台市交通局,1,D,5,駅データ.jp
9921809,9921809,連坊,宮城県,仙台市,仙台市若林区,仙台市若林区連坊,38.251111,140.893056,仙台市営地下鉄東西線,仙台市交通局,1,D,5,駅データ.jp
9921810,9921810,薬師堂,宮城県,仙台市,仙台市若林区,仙台市若林区大和町,38.249583,140.906111,仙台市営地下鉄東西線,仙台市交通局,1,D,5,駅データ.jp
9921811,9921811,卸町,宮城県,仙台市,仙台市若林区,仙台市若林区卸町,38.251528,140.920833,仙台市営地下鉄東西線,仙台市交通局,1,D,5,駅データ.jp
9921812,9921812,六丁の目,宮城県,仙台市,仙台市若林区,仙台市若林区六丁の目西町,38.250972,140.935556,仙台市営地下鉄東西線,仙台市交通局,1,D,5,駅データ.jp
9921813,9921813,荒井,宮城県,仙台市,仙台市若林区,仙台市若林区荒井東,38.244861,140.948611,仙台市営地下鉄東西線,仙台市交通局,1,D,5,駅データ.jp
9930101,9930101,都庁前,東京都,新宿区,新宿区,新宿区西新宿２-８-１,35.690551,139.69257,都営大江戸線,東京都交通局,1,D,5,駅データ.jp
9930102,9930102,新宿西口,東京都,新宿区,新宿区,新宿区西新宿１-３-１７,35.693315,139.699155,都営大江戸線,東京都交通局,1,D,13,駅データ.jp
9930104,9930104,若松河田,東京都,新宿区,新宿区,新宿区河田町１０-１０,35.699218,139.718184,都営大江戸線,東京都交通局,1,D,5,駅データ.jp
9930105,9930105,牛込柳町,東京都,新宿区,新宿区,新宿区原町２-３２,35.699518,139.725027,都営大江戸線,東京都交通局,1,D,5,駅データ.jp
9930106,9930106,牛込神楽坂,東京都,新宿区,新宿区,新宿区箪笥町１５,35.700851,139.735802,都営大江戸線,東京都交通局,1,D,5,駅データ.jp
9930111,9930111,新御徒町,東京都,台東区,台東区,台東区元浅草１-５-２,35.707045,139.781958,つくばエクスプレス|都営大江戸線,東京都交通局|首都圏新都市鉄道,2,D,15,駅データ.jp
9930112,9930112,蔵前,東京都,台東区,台東区,台東区蔵前２-３-１,35.703236,139.790931,都営大江戸線|都営浅草線,東京都交通局,2,D,15,駅データ.jp
9930114,9930114,森下,東京都,江東区,江東区,江東区森下２-１７-１７,35.68796,139.797042,都営大江戸線|都営新宿線,東京都交通局,2,D,15,駅データ.jp
9930118,9930118,勝どき,東京都,中央区,中央区,中央区勝どき２-１０-１５,35.658507,139.776442,都営大江戸線,東京都交通局,1,D,5,駅データ.jp
9930119,9930119,築地市場,東京都,中央区,中央区,中央区築地５-１-２,35.664895,139.766915,都営大江戸線,東京都交通局,1,D,5,駅データ.jp
9930120,9930120,汐留,東京都,港区,港区,港区東新橋１丁目５,35.663287,139.760313,ゆりかもめ|都営大江戸線,ゆりかもめ|東京都交通局,2,D,15,駅データ.jp
9930121,9930121,大門,東京都,港区,港区,港区浜松町１-２７-１２,35.656785,139.75466,都営大江戸線|都営浅草線,東京都交通局,2,D,15,駅データ.jp
9930122,9930122,赤羽橋,東京都,港区,港区,港区東麻布１-２８-１３,35.655007,139.743642,都営大江戸線,東京都交通局,1,D,5,駅データ.jp
9930126,9930126,国立競技場,東京都,新宿区,新宿区,新宿区霞ケ丘町１０-３,35.679831,139.714932,都営大江戸線,東京都交通局,1,D,5,駅データ.jp
9930129,9930129,西新宿五丁目,東京都,新宿区,新宿区,新宿区西新宿５-２５-９,35.689798,139.684304,都営大江戸線,東京都交通局,1,D,13,駅データ.jp
9930133,9930133,落合南長崎,東京都,新宿区,新宿区,新宿区西落合３-１-１８,35.723608,139.683303,都営大江戸線,東京都交通局,1,D,5,駅データ.jp
9930134,9930134,新江古田,東京都,中野区,中野区,中野区江原町２-２９-１３,35.732538,139.670653,都営大江戸線,東京都交通局,1,D,5,駅データ.jp
9930137,9930137,練馬春日町,東京都,練馬区,練馬区,練馬区春日町３-２９-２５,35.751452,139.640236,都営大江戸線,東京都交通局,1,D,13,駅データ.jp
9930138,9930138,光が丘,東京都,練馬区,練馬区,練馬区光が丘２-９-５,35.758526,139.628603,都営大江戸線,東京都交通局,1,D,5,駅データ.jp
9930201,9930201,西馬込,東京都,大田区,大田区,大田区西馬込２-１-６,35.586859,139.705942,都営浅草線,東京都交通局,1,D,5,駅データ.jp
9930202,9930202,馬込,東京都,大田区,大田区,大田区北馬込２-３１-９,35.596435,139.711772,都営浅草線,東京都交通局,1,D,5,駅データ.jp
9930206,9930206,高輪台,東京都,港区,港区,港区白金台２-２６-７,35.631679,139.730305,都営浅草線,東京都交通局,1,D,5,駅データ.jp
9930208,9930208,三田,東京都,港区,港区,港区芝５-３４-１０,35.64818,139.748775,都営三田線|都営浅草線,東京都交通局,2,D,15,駅データ.jp
9930219,9930219,本所吾妻橋,東京都,墨田区,墨田区,墨田区吾妻橋３-７-１６,35.70858,139.804624,都営浅草線,東京都交通局,1,D,5,駅データ.jp
9930305,9930305,芝公園,東京都,港区,港区,港区芝公園４-８-１４,35.654074,139.749824,都営三田線,東京都交通局,1,D,5,駅データ.jp
9930306,9930306,御成門,東京都,港区,港区,港区西新橋３-２４-６,35.661215,139.751535,都営三田線,東京都交通局,1,D,5,駅データ.jp
9930307,9930307,内幸町,東京都,千代田区,千代田区,千代田区内幸町２-２-３,35.66975,139.75561,都営三田線,東京都交通局,1,D,5,駅データ.jp
9930313,9930313,白山,東京都,文京区,文京区,文京区白山５-３６-１０,35.721408,139.752136,都営三田線,東京都交通局,1,D,5,駅データ.jp
9930314,9930314,千石,東京都,文京区,文京区,文京区千石１-２９-１３,35.727957,139.744792,都営三田線,東京都交通局,1,D,5,駅データ.jp
9930316,9930316,西巣鴨,東京都,豊島区,豊島区,豊島区西巣鴨３-２５-１３,35.743508,139.728712,都営三田線,東京都交通局,1,D,5,駅データ.jp
9930317,9930317,新板橋,東京都,板橋区,板橋区,板橋区板橋１-５３-１７,35.748785,139.720101,都営三田線,東京都交通局,1,D,13,駅データ.jp
9930318,9930318,板橋区役所前,東京都,板橋区,板橋区,板橋区板橋２-６６-１７,35.751284,139.710102,都営三田線,東京都交通局,1,D,13,駅データ.jp
9930319,9930319,板橋本町,東京都,板橋区,板橋区,板橋区大和町１７-１,35.761339,139.705535,都営三田線,東京都交通局,1,D,13,駅データ.jp
9930320,9930320,本蓮沼,東京都,板橋区,板橋区,板橋区蓮沼町１９-８,35.768782,139.702324,都営三田線,東京都交通局,1,D,5,駅データ.jp
9930321,9930321,志村坂上,東京都,板橋区,板橋区,板橋区志村１-１４-１３,35.775725,139.69538,都営三田線,東京都交通局,1,D,5,駅データ.jp
9930322,9930322,志村三丁目,東京都,板橋区,板橋区,板橋区志村３-２３-１,35.777391,139.685937,都営三田線,東京都交通局,1,D,5,駅データ.jp
9930323,9930323,蓮根,東京都,板橋区,板橋区,板橋区蓮根２-３１-３０,35.784335,139.678993,都営三田線,東京都交通局,1,D,5,駅データ.jp
9930324,9930324,西台,東京都,板橋区,板橋区,板橋区高島平９-１-１,35.78699,139.673971,都営三田線,東京都交通局,1,D,5,駅データ.jp
9930325,9930325,高島平,東京都,板橋区,板橋区,板橋区高島平８-２-１,35.789056,139.661216,都営三田線,東京都交通局,1,D,5,駅データ.jp
9930326,9930326,新高島平,東京都,板橋区,板橋区,板橋区高島平７-１,35.790189,139.654275,都営三田線,東京都交通局,1,D,5,駅データ.jp
9930327,9930327,西高島平,東京都,板橋区,板橋区,板橋区高島平６-１,35.791833,139.64594,都営三田線,東京都交通局,1,D,5,駅データ.jp
9930403,9930403,曙橋,東京都,新宿区,新宿区,新宿区住吉町７-１,35.692402,139.722881,都営新宿線,東京都交通局,1,D,5,駅データ.jp
9930408,9930408,岩本町,東京都,千代田区,千代田区,千代田区神田岩本町１,35.695534,139.775866,都営新宿線,東京都交通局,1,D,5,駅データ.jp
9930410,9930410,浜町,東京都,中央区,中央区,中央区日本橋浜町２-５９-３,35.688516,139.788154,都営新宿線,東京都交通局,1,D,5,駅データ.jp
9930412,9930412,菊川,東京都,墨田区,墨田区,墨田区菊川３-１６-２,35.688379,139.806016,都営新宿線,東京都交通局,1,D,5,駅データ.jp
9930414,9930414,西大島,東京都,江東区,江東区,江東区大島２-４１-１９,35.689349,139.826206,都営新宿線,東京都交通局,1,D,5,駅データ.jp
9930415,9930415,大島,東京都,江東区,江東区,江東区大島５-１０-８,35.689905,139.83565,都営新宿線,東京都交通局,1,D,5,駅データ.jp
9930416,9930416,東大島,東京都,江東区,江東区,江東区大島９-３-１４,35.690355,139.845963,都営新宿線,東京都交通局,1,D,5,駅データ.jp
9930417,9930417,船堀,東京都,江戸川区,江戸川区,江戸川区船堀３-６-１,35.683795,139.864258,都営新宿線,東京都交通局,1,D,5,駅データ.jp
9930418,9930418,一之江,東京都,江戸川区,江戸川区,江戸川区春江町４-２,35.686055,139.882934,都営新宿線,東京都交通局,1,D,5,駅データ.jp
9930419,9930419,瑞江,東京都,江戸川区,江戸川区,江戸川区瑞江２-２-１,35.693318,139.89761,都営新宿線,東京都交通局,1,D,5,駅データ.jp
9930420,9930420,篠崎,東京都,江戸川区,江戸川区,江戸川区篠崎町７-２７-１,35.706017,139.903698,都営新宿線,東京都交通局,1,D,5,駅データ.jp
9930501,9930501,三ノ輪橋,東京都,荒川区,荒川区,荒川区南千住１,35.732248,139.791412,東京さくらトラム（都電荒川線）,東京都交通局,1,D,5,駅データ.jp
9930502,9930502,荒川一中前,東京都,荒川区,荒川区,荒川区南千住１-１,35.733659,139.788988,東京さくらトラム（都電荒川線）,東京都交通局,1,D,13,駅データ.jp
9930503,9930503,荒川区役所前,東京都,荒川区,荒川区,荒川区荒川１,35.73493,139.786456,東京さくらトラム（都電荒川線）,東京都交通局,1,D,13,駅データ.jp
9930504,9930504,荒川二丁目,東京都,荒川区,荒川区,荒川区荒川２,35.738623,139.784696,東京さくらトラム（都電荒川線）,東京都交通局,1,D,13,駅データ.jp
9930505,9930505,荒川七丁目,東京都,荒川区,荒川区,荒川区荒川７,35.741975,139.78417,東京さくらトラム（都電荒川線）,東京都交通局,1,D,13,駅データ.jp
9930507,9930507,町屋二丁目,東京都,荒川区,荒川区,荒川区荒川６,35.743837,139.776625,東京さくらトラム（都電荒川線）,東京都交通局,1,D,5,駅データ.jp
9930508,9930508,東尾久三丁目,東京都,荒川区,荒川区,荒川区東尾久３,35.745398,139.774386,東京さくらトラム（都電荒川線）,東京都交通局,1,D,5,駅データ.jp
9930509,9930509,熊野前,東京都,荒川区,荒川区,荒川区東尾久５,35.749092,139.76945,日暮里・舎人ライナー|東京さくらトラム（都電荒川線）,東京都交通局,2,D,15,駅データ.jp
9930510,9930510,宮ノ前,東京都,荒川区,荒川区,荒川区東尾久５,35.750135,139.764955,東京さくらトラム（都電荒川線）,東京都交通局,1,D,5,駅データ.jp
9930511,9930511,小台,東京都,荒川区,荒川区,荒川区西尾久５,35.750579,139.761779,東京さくらトラム（都電荒川線）,東京都交通局,1,D,5,駅データ.jp
9930512,9930512,荒川遊園地前,東京都,荒川区,荒川区,荒川区西尾久５,35.750744,139.757767,東京さくらトラム（都電荒川線）,東京都交通局,1,D,13,駅データ.jp
9930513,9930513,荒川車庫前,東京都,荒川区,荒川区,荒川区西尾久７,35.750909,139.752617,東京さくらトラム（都電荒川線）,東京都交通局,1,D,13,駅データ.jp
9930514,9930514,梶原,東京都,北区,北区,北区堀船３,35.751162,139.747403,東京さくらトラム（都電荒川線）,東京都交通局,1,D,5,駅データ.jp
9930515,9930515,栄町,東京都,北区,北区,北区栄町,35.750909,139.742124,東京さくらトラム（都電荒川線）,東京都交通局,1,D,5,駅データ.jp
9930517,9930517,飛鳥山,東京都,北区,北区,北区滝野川１,35.750248,139.737382,東京さくらトラム（都電荒川線）,東京都交通局,1,D,5,駅データ.jp
9930518,9930518,滝野川一丁目,東京都,北区,北区,北区滝野川１,35.747374,139.735376,東京さくらトラム（都電荒川線）,東京都交通局,1,D,5,駅データ.jp
9930519,9930519,西ヶ原四丁目,東京都,北区,北区,東京都北区西ヶ原四丁目,35.744501,139.732779,東京さくらトラム（都電荒川線）,東京都交通局,1,D,5,駅データ.jp
9930520,9930520,新庚申塚,東京都,豊島区,豊島区,豊島区西巣鴨４,35.741348,139.730451,東京さくらトラム（都電荒川線）,東京都交通局,1,D,5,駅データ.jp
9930521,9930521,庚申塚,東京都,豊島区,豊島区,豊島区西巣鴨３,35.739563,139.729743,東京さくらトラム（都電荒川線）,東京都交通局,1,D,5,駅データ.jp
9930522,9930522,巣鴨新田,東京都,豊島区,豊島区,豊島区西巣鴨１,35.735488,139.727769,東京さくらトラム（都電荒川線）,東京都交通局,1,D,5,駅データ.jp
9930524,9930524,向原,東京都,豊島区,豊島区,豊島区南大塚３,35.728938,139.724894,東京さくらトラム（都電荒川線）,東京都交通局,1,D,5,駅データ.jp
9930526,9930526,都電雑司ヶ谷,東京都,豊島区,豊島区,東京都豊島区南池袋,35.724261,139.718006,東京さくらトラム（都電荒川線）,東京都交通局,1,D,5,駅データ.jp
9930528,9930528,学習院下,東京都,豊島区,豊島区,豊島区高田２,35.716248,139.71247,東京さくらトラム（都電荒川線）,東京都交通局,1,D,5,駅データ.jp
9930529,9930529,面影橋,東京都,新宿区,新宿区,新宿区西早稲田３,35.712981,139.714444,東京さくらトラム（都電荒川線）,東京都交通局,1,D,5,駅データ.jp
9930530,9930530,早稲田,東京都,新宿区,新宿区,東京都新宿区西早稲田一丁目,35.711848,139.718928,東京さくらトラム（都電荒川線）,東京都交通局,1,D,5,駅データ.jp
9930602,9930602,西羽生,埼玉県,羽生市,羽生市,羽生市西５丁目,36.17635,139.523986,秩父鉄道秩父本線,秩父鉄道,1,D,13,駅データ.jp
9930603,9930603,新郷,埼玉県,羽生市,羽生市,羽生市大字上新郷,36.171317,139.510474,秩父鉄道秩父本線,秩父鉄道,1,D,5,駅データ.jp
9930604,9930604,武州荒木,埼玉県,行田市,行田市,行田市荒木,36.162614,139.488569,秩父鉄道秩父本線,秩父鉄道,1,D,5,駅データ.jp
9930605,9930605,東行田,埼玉県,行田市,行田市,行田市桜町２丁目,36.147265,139.468394,秩父鉄道秩父本線,秩父鉄道,1,D,13,駅データ.jp
9930606,9930606,行田市,埼玉県,行田市,行田市,行田市中央,36.143759,139.458851,秩父鉄道秩父本線,秩父鉄道,1,D,13,駅データ.jp
9930607,9930607,持田,埼玉県,行田市,行田市,行田市城西４丁目,36.137615,139.44155,秩父鉄道秩父本線,秩父鉄道,1,D,5,駅データ.jp
9930609,9930609,上熊谷,埼玉県,熊谷市,熊谷市,熊谷市宮本町,36.142657,139.38134,秩父鉄道秩父本線,秩父鉄道,1,D,13,駅データ.jp
9930610,9930610,石原,埼玉県,熊谷市,熊谷市,熊谷市大字石原,36.147612,139.368901,秩父鉄道秩父本線,秩父鉄道,1,D,5,駅データ.jp
9930611,9930611,ひろせ野鳥の森,埼玉県,熊谷市,熊谷市,熊谷市広瀬１０４０-１,36.146242,139.352086,秩父鉄道秩父本線,秩父鉄道,1,D,5,駅データ.jp
9930612,9930612,大麻生,埼玉県,熊谷市,熊谷市,熊谷市大字大麻生,36.144612,139.331859,秩父鉄道秩父本線,秩父鉄道,1,D,5,駅データ.jp
9930613,9930613,明戸,埼玉県,深谷市,深谷市,深谷市瀬山字中里前,36.142958,139.303306,秩父鉄道秩父本線,秩父鉄道,1,D,5,駅データ.jp
9930614,9930614,武川,埼玉県,深谷市,深谷市,深谷市田中,36.142197,139.281714,秩父鉄道秩父本線,秩父鉄道,1,D,5,駅データ.jp
9930615,9930615,永田,埼玉県,深谷市,深谷市,深谷市永田,36.135314,139.259516,秩父鉄道秩父本線,秩父鉄道,1,D,5,駅データ.jp
9930616,9930616,小前田,埼玉県,深谷市,深谷市,深谷市小前田,36.12895,139.222386,秩父鉄道秩父本線,秩父鉄道,1,D,5,駅データ.jp
9930617,9930617,桜沢,埼玉県,,,大里郡寄居町大字桜沢,36.128672,139.206981,秩父鉄道秩父本線,秩父鉄道,1,D,5,駅データ.jp
9930619,9930619,波久礼,埼玉県,,,大里郡寄居町大字末野81-1,36.126728,139.158078,秩父鉄道秩父本線,秩父鉄道,1,D,5,駅データ.jp
9930620,9930620,樋口,埼玉県,,,秩父郡長瀞町野上下郷,36.131076,139.122226,秩父鉄道秩父本線,秩父鉄道,1,D,5,駅データ.jp
9930621,9930621,野上,埼玉県,,,秩父郡長瀞町大字本野上,36.11157,139.110865,秩父鉄道秩父本線,秩父鉄道,1,D,5,駅データ.jp
9930622,9930622,長瀞,埼玉県,,,秩父郡長瀞町大字長瀞,36.095462,139.112346,秩父鉄道秩父本線,秩父鉄道,1,D,5,駅データ.jp
9930623,9930623,上長瀞,埼玉県,,,秩父郡長瀞町大字長瀞,36.086169,139.11319,秩父鉄道秩父本線,秩父鉄道,1,D,5,駅データ.jp
9930624,9930624,親鼻,埼玉県,,,秩父郡皆野町大字皆野,36.077539,139.106103,秩父鉄道秩父本線,秩父鉄道,1,D,5,駅データ.jp
9930625,9930625,皆野,埼玉県,,,秩父郡皆野町原,36.068682,139.093947,秩父鉄道秩父本線,秩父鉄道,1,D,5,駅データ.jp
9930626,9930626,和銅黒谷,埼玉県,秩父市,秩父市,秩父市大字黒谷,36.046671,139.101666,秩父鉄道秩父本線,秩父鉄道,1,D,5,駅データ.jp
9930627,9930627,大野原,埼玉県,秩父市,秩父市,秩父市大字大野原,36.018586,139.094071,秩父鉄道秩父本線,秩父鉄道,1,D,5,駅データ.jp
9930628,9930628,秩父,埼玉県,秩父市,秩父市,秩父市宮側町,35.99883,139.086044,秩父鉄道秩父本線,秩父鉄道,1,D,13,駅データ.jp
9930629,9930629,御花畑,埼玉県,秩父市,秩父市,秩父市東町,35.992369,139.083614,秩父鉄道秩父本線,秩父鉄道,1,D,5,駅データ.jp
9930630,9930630,影森,埼玉県,秩父市,秩父市,秩父市大字上影森,35.972015,139.068413,秩父鉄道秩父本線,秩父鉄道,1,D,5,駅データ.jp
9930631,9930631,浦山口,埼玉県,秩父市,秩父市,秩父市荒川久那,35.963922,139.058134,秩父鉄道秩父本線,秩父鉄道,1,D,5,駅データ.jp
9930632,9930632,武州中川,埼玉県,秩父市,秩父市,秩父市荒川上田野,35.958347,139.035439,秩父鉄道秩父本線,秩父鉄道,1,D,5,駅データ.jp
9930633,9930633,武州日野,埼玉県,秩父市,秩父市,秩父市荒川日野,35.953867,139.021888,秩父鉄道秩父本線,秩父鉄道,1,D,5,駅データ.jp
9930634,9930634,白久,埼玉県,秩父市,秩父市,秩父市荒川白久,35.95895,138.993263,秩父鉄道秩父本線,秩父鉄道,1,D,5,駅データ.jp
9930635,9930635,三峰口,埼玉県,秩父市,秩父市,秩父市荒川白久,35.960075,138.978706,秩父鉄道秩父本線,秩父鉄道,1,D,5,駅データ.jp
9930636,9930636,ソシオ流通センター,埼玉県,熊谷市,熊谷市,埼玉県熊谷市戸出102番地1,36.1365,139.424333,秩父鉄道秩父本線,秩父鉄道,1,D,5,駅データ.jp
9930637,9930637,ふかや花園,埼玉県,深谷市,深谷市,深谷市黒田113,36.132056,139.251472,秩父鉄道秩父本線,秩父鉄道,1,D,5,駅データ.jp
9930702,9930702,川口元郷,埼玉県,川口市,川口市,川口市元郷１-２-１５,35.800187,139.730043,埼玉高速鉄道線,埼玉高速鉄道,1,D,13,駅データ.jp
9930703,9930703,南鳩ヶ谷,埼玉県,川口市,川口市,埼玉県川口市南鳩ヶ谷五丁目,35.816839,139.736059,埼玉高速鉄道線,埼玉高速鉄道,1,D,5,駅データ.jp
9930704,9930704,鳩ヶ谷,埼玉県,川口市,川口市,埼玉県川口市大字里1650-1,35.830859,139.735967,埼玉高速鉄道線,埼玉高速鉄道,1,D,5,駅データ.jp
9930705,9930705,新井宿,埼玉県,川口市,川口市,川口市新井宿１５-３,35.842974,139.737908,埼玉高速鉄道線,埼玉高速鉄道,1,D,5,駅データ.jp
9930706,9930706,戸塚安行,埼玉県,川口市,川口市,川口市長蔵新田３３１-１,35.858873,139.753689,埼玉高速鉄道線,埼玉高速鉄道,1,D,5,駅データ.jp
9930708,9930708,浦和美園,埼玉県,さいたま市,さいたま市緑区,さいたま市緑区大門字宮下３８８８,35.893677,139.72779,埼玉高速鉄道線,埼玉高速鉄道,1,D,5,駅データ.jp
9930802,9930802,西大原,千葉県,いすみ市,いすみ市,いすみ市新田,35.260407,140.378029,いすみ線,いすみ鉄道,1,D,5,駅データ.jp
9930803,9930803,上総東,千葉県,いすみ市,いすみ市,いすみ市佐室,35.263313,140.344974,いすみ線,いすみ鉄道,1,D,5,駅データ.jp
9930804,9930804,新田野,千葉県,いすみ市,いすみ市,いすみ市新田野,35.276408,140.328081,いすみ線,いすみ鉄道,1,D,5,駅データ.jp
9930805,9930805,国吉,千葉県,いすみ市,いすみ市,いすみ市苅谷,35.280497,140.314046,いすみ線,いすみ鉄道,1,D,5,駅データ.jp
9930806,9930806,上総中川,千葉県,いすみ市,いすみ市,いすみ市行川,35.282763,140.280636,いすみ線,いすみ鉄道,1,D,5,駅データ.jp
9930807,9930807,大多喜,千葉県,,,夷隅郡大多喜町大多喜,35.286466,140.243833,いすみ線,いすみ鉄道,1,D,5,駅データ.jp
9930808,9930808,小谷松,千葉県,,,夷隅郡大多喜町小谷松,35.268938,140.251142,いすみ線,いすみ鉄道,1,D,5,駅データ.jp
9930809,9930809,東総元,千葉県,,,夷隅郡大多喜町大戸,35.259314,140.247381,いすみ線,いすみ鉄道,1,D,5,駅データ.jp
9930810,9930810,久我原,千葉県,,,夷隅郡大多喜町久我原,35.250265,140.247718,いすみ線,いすみ鉄道,1,D,5,駅データ.jp
9930811,9930811,総元,千葉県,,,夷隅郡大多喜町黒原,35.240588,140.240413,いすみ線,いすみ鉄道,1,D,5,駅データ.jp
9930812,9930812,西畑,千葉県,,,夷隅郡大多喜町庄司,35.25051,140.215176,いすみ線,いすみ鉄道,1,D,5,駅データ.jp
9930813,9930813,上総中野,千葉県,,,夷隅郡大多喜町堀切,35.250051,140.199571,いすみ線|小湊鉄道線,いすみ鉄道|小湊鐵道,2,D,15,駅データ.jp
9930814,9930814,城見ヶ丘,千葉県,,,千葉県夷隅郡大多喜町船子681-3,35.291741,140.252693,いすみ線,いすみ鉄道,1,D,5,駅データ.jp
9930903,9930903,浅草,東京都,台東区,台東区,東京都台東区西浅草三丁目1-11,35.713817,139.792389,つくばエクスプレス,首都圏新都市鉄道,1,D,5,駅データ.jp
9930906,9930906,青井,東京都,足立区,足立区,足立区青井三丁目,35.771782,139.82038,つくばエクスプレス,首都圏新都市鉄道,1,D,5,駅データ.jp
9930907,9930907,六町,東京都,足立区,足立区,足立区六町四丁目,35.784963,139.821816,つくばエクスプレス,首都圏新都市鉄道,1,D,5,駅データ.jp
9930908,9930908,八潮,埼玉県,八潮市,八潮市,八潮市大瀬８２６,35.807905,139.845017,つくばエクスプレス,首都圏新都市鉄道,1,D,13,駅データ.jp
9930909,9930909,三郷中央,埼玉県,三郷市,三郷市,三郷市谷中,35.824514,139.878344,つくばエクスプレス,首都圏新都市鉄道,1,D,13,駅データ.jp
9930911,9930911,流山セントラルパーク,千葉県,流山市,流山市,流山市前平井,35.854552,139.915223,つくばエクスプレス,首都圏新都市鉄道,1,D,13,駅データ.jp
9930913,9930913,柏の葉キャンパス,千葉県,柏市,柏市,柏市若柴,35.89308,139.952454,つくばエクスプレス,首都圏新都市鉄道,1,D,13,駅データ.jp
9930914,9930914,柏たなか,千葉県,柏市,柏市,柏市小青田,35.9109,139.957533,つくばエクスプレス,首都圏新都市鉄道,1,D,13,駅データ.jp
9930915,9930915,守谷,茨城県,守谷市,守谷市,守谷市守谷甲２２１５-２,35.950626,139.992209,つくばエクスプレス|関東鉄道常総線,関東鉄道|首都圏新都市鉄道,2,C,23,駅データ.jp
9930916,9930916,みらい平,茨城県,つくばみらい市,つくばみらい市,つくばみらい市東楢戸字細久保１７２２-１,35.99514,140.038555,つくばエクスプレス,首都圏新都市鉄道,1,D,5,駅データ.jp
9930917,9930917,みどりの,茨城県,つくば市,つくば市,つくば市大字花島新田,36.03025,140.056276,つくばエクスプレス,首都圏新都市鉄道,1,D,5,駅データ.jp
9930918,9930918,万博記念公園,茨城県,つくば市,つくば市,つくば市島名字白合４３８６,36.05841,140.059256,つくばエクスプレス,首都圏新都市鉄道,1,D,5,駅データ.jp
9930919,9930919,研究学園,茨城県,つくば市,つくば市,つくば市苅間１,36.0821,140.082256,つくばエクスプレス,首都圏新都市鉄道,1,D,5,駅データ.jp
9930920,9930920,つくば,茨城県,つくば市,つくば市,つくば市吾妻２-４-１,36.0825,140.110604,つくばエクスプレス,首都圏新都市鉄道,1,D,13,駅データ.jp
9931002,9931002,新高島,神奈川県,横浜市,横浜市西区,横浜市西区高島１-３,35.46192,139.626499,みなとみらい線,横浜高速鉄道,1,D,5,駅データ.jp
9931003,9931003,みなとみらい,神奈川県,横浜市,横浜市西区,横浜市西区みなとみらい３-５,35.458028,139.632386,みなとみらい線,横浜高速鉄道,1,D,5,駅データ.jp
9931004,9931004,馬車道,神奈川県,横浜市,横浜市中区,横浜市中区本町５-４９,35.450135,139.636175,みなとみらい線,横浜高速鉄道,1,D,5,駅データ.jp
9931005,9931005,日本大通り,神奈川県,横浜市,横浜市中区,横浜市中区日本大通９,35.446821,139.642608,みなとみらい線,横浜高速鉄道,1,D,5,駅データ.jp
9931006,9931006,元町・中華街,神奈川県,横浜市,横浜市中区,横浜市中区山下町６５,35.44243,139.650446,みなとみらい線,横浜高速鉄道,1,D,5,駅データ.jp
9931103,9931103,竹芝,東京都,港区,港区,港区海岸１-１３-１０,35.654099,139.762037,ゆりかもめ,ゆりかもめ,1,D,5,駅データ.jp
9931104,9931104,日の出,東京都,港区,港区,港区海岸２-７-６８,35.649136,139.75906,ゆりかもめ,ゆりかもめ,1,D,5,駅データ.jp
9931105,9931105,芝浦ふ頭,東京都,港区,港区,港区海岸３-２２-１２,35.641773,139.757852,ゆりかもめ,ゆりかもめ,1,D,5,駅データ.jp
9931106,9931106,お台場海浜公園,東京都,港区,港区,港区台場２-３,35.629813,139.778607,ゆりかもめ,ゆりかもめ,1,D,5,駅データ.jp
9931107,9931107,台場,東京都,港区,港区,港区台場２-６,35.625908,139.771435,ゆりかもめ,ゆりかもめ,1,D,5,駅データ.jp
9931108,9931108,東京国際クルーズターミナル,東京都,江東区,江東区,江東区青海1丁目1-49,35.621462,139.773157,ゆりかもめ,ゆりかもめ,1,D,5,駅データ.jp
9931109,9931109,テレコムセンター,東京都,江東区,江東区,江東区青海２-２９,35.617593,139.779327,ゆりかもめ,ゆりかもめ,1,D,5,駅データ.jp
9931110,9931110,青海,東京都,江東区,江東区,江東区青海１,35.62467,139.781132,ゆりかもめ,ゆりかもめ,1,D,5,駅データ.jp
9931111,9931111,東京ビッグサイト,東京都,江東区,江東区,江東区有明三丁目6-15,35.630158,139.791228,ゆりかもめ,ゆりかもめ,1,D,5,駅データ.jp
9931112,9931112,有明,東京都,江東区,江東区,江東区有明２-５,35.634596,139.793269,ゆりかもめ,ゆりかもめ,1,D,5,駅データ.jp
9931113,9931113,有明テニスの森,東京都,江東区,江東区,江東区有明１丁目,35.639964,139.78888,ゆりかもめ,ゆりかもめ,1,D,5,駅データ.jp
9931114,9931114,市場前,東京都,江東区,江東区,江東区豊洲６丁目,35.645684,139.78564,ゆりかもめ,ゆりかもめ,1,D,5,駅データ.jp
9931115,9931115,新豊洲,東京都,江東区,江東区,江東区豊洲６丁目,35.648718,139.789996,ゆりかもめ,ゆりかもめ,1,D,5,駅データ.jp
9931202,9931202,下新田,群馬県,桐生市,桐生市,桐生市相生町２丁目,36.407776,139.315086,わたらせ渓谷線,わたらせ渓谷鐵道,1,D,5,駅データ.jp
9931204,9931204,運動公園,群馬県,桐生市,桐生市,桐生市相生町３丁目,36.42038,139.300852,わたらせ渓谷線,わたらせ渓谷鐵道,1,D,5,駅データ.jp
9931205,9931205,大間々,群馬県,みどり市,みどり市,みどり市大間々町大間々,36.434617,139.277559,わたらせ渓谷線,わたらせ渓谷鐵道,1,D,5,駅データ.jp
9931206,9931206,上神梅,群馬県,みどり市,みどり市,みどり市大間々町上神梅,36.470053,139.257696,わたらせ渓谷線,わたらせ渓谷鐵道,1,D,5,駅データ.jp
9931207,9931207,本宿,群馬県,桐生市,桐生市,桐生市黒保根町宿廻,36.481391,139.259306,わたらせ渓谷線,わたらせ渓谷鐵道,1,D,5,駅データ.jp
9931208,9931208,水沼,群馬県,桐生市,桐生市,桐生市黒保根町水沼,36.499866,139.277579,わたらせ渓谷線,わたらせ渓谷鐵道,1,D,5,駅データ.jp
9931209,9931209,花輪,群馬県,みどり市,みどり市,みどり市東町花輪,36.520809,139.30769,わたらせ渓谷線,わたらせ渓谷鐵道,1,D,5,駅データ.jp
9931210,9931210,中野,群馬県,みどり市,みどり市,みどり市東町花輪,36.524243,139.317219,わたらせ渓谷線,わたらせ渓谷鐵道,1,A,60,駅データ.jp
9931211,9931211,小中,群馬県,みどり市,みどり市,みどり市東町小中,36.535644,139.337842,わたらせ渓谷線,わたらせ渓谷鐵道,1,D,5,駅データ.jp
9931212,9931212,神戸,群馬県,みどり市,みどり市,みどり市東町神戸,36.537467,139.35653,わたらせ渓谷線,わたらせ渓谷鐵道,1,C,20,駅データ.jp
9931213,9931213,沢入,群馬県,みどり市,みどり市,みどり市東町沢入,36.58064,139.396314,わたらせ渓谷線,わたらせ渓谷鐵道,1,D,5,駅データ.jp
9931214,9931214,原向,栃木県,日光市,日光市,日光市足尾町３０６６番地,36.617284,139.420593,わたらせ渓谷線,わたらせ渓谷鐵道,1,D,5,駅データ.jp
9931215,9931215,通洞,栃木県,日光市,日光市,日光市足尾町松原,36.636837,139.439671,わたらせ渓谷線,わたらせ渓谷鐵道,1,D,5,駅データ.jp
9931216,9931216,足尾,栃木県,日光市,日光市,日光市足尾町掛水,36.641853,139.447773,わたらせ渓谷線,わたらせ渓谷鐵道,1,D,5,駅データ.jp
9931217,9931217,間藤,栃木県,日光市,日光市,日光市足尾町下間藤,36.653507,139.450078,わたらせ渓谷線,わたらせ渓谷鐵道,1,D,5,駅データ.jp
9931302,9931302,地区センター,千葉県,佐倉市,佐倉市,佐倉市ユーカリが丘４-３-１,35.726225,140.155041,ユーカリが丘線,山万,1,D,5,駅データ.jp
9931303,9931303,公園,千葉県,佐倉市,佐倉市,佐倉市ユーカリが丘６-５-５,35.730758,140.153755,ユーカリが丘線,山万,1,D,5,駅データ.jp
9931304,9931304,女子大,千葉県,佐倉市,佐倉市,佐倉市ユーカリが丘５-１-１,35.738357,140.155054,ユーカリが丘線,山万,1,D,5,駅データ.jp
9931305,9931305,中学校,千葉県,佐倉市,佐倉市,佐倉市宮ノ台３-１-１,35.740123,140.14841,ユーカリが丘線,山万,1,D,5,駅データ.jp
9931306,9931306,井野,千葉県,佐倉市,佐倉市,佐倉市ユーカリが丘７-２４-１,35.732605,140.148497,ユーカリが丘線,山万,1,D,5,駅データ.jp
9931402,9931402,緑町,神奈川県,小田原市,小田原市,小田原市栄町３-５-２１,35.259226,139.158578,伊豆箱根鉄道大雄山線,伊豆箱根鉄道,1,D,5,駅データ.jp
9931403,9931403,井細田,神奈川県,小田原市,小田原市,小田原市扇町３-２１-１,35.268964,139.157397,伊豆箱根鉄道大雄山線,伊豆箱根鉄道,1,D,5,駅データ.jp
9931404,9931404,五百羅漢,神奈川県,小田原市,小田原市,小田原市扇町５-１１-１２,35.27519,139.155758,伊豆箱根鉄道大雄山線,伊豆箱根鉄道,1,D,5,駅データ.jp
9931405,9931405,穴部,神奈川県,小田原市,小田原市,小田原市穴部５６３,35.279887,139.148787,伊豆箱根鉄道大雄山線,伊豆箱根鉄道,1,D,5,駅データ.jp
9931406,9931406,飯田岡,神奈川県,小田原市,小田原市,小田原市飯田岡５４５,35.287913,139.139109,伊豆箱根鉄道大雄山線,伊豆箱根鉄道,1,D,5,駅データ.jp
9931407,9931407,相模沼田,神奈川県,南足柄市,南足柄市,南足柄市沼田５９-１,35.292334,139.133945,伊豆箱根鉄道大雄山線,伊豆箱根鉄道,1,D,5,駅データ.jp
9931408,9931408,岩原,神奈川県,南足柄市,南足柄市,南足柄市岩原２７０-１,35.298825,139.12879,伊豆箱根鉄道大雄山線,伊豆箱根鉄道,1,D,5,駅データ.jp
9931409,9931409,塚原,神奈川県,南足柄市,南足柄市,南足柄市塚原２６８０-１,35.301305,139.126632,伊豆箱根鉄道大雄山線,伊豆箱根鉄道,1,D,5,駅データ.jp
9931410,9931410,和田河原,神奈川県,南足柄市,南足柄市,南足柄市和田河原５８４,35.31585,139.118684,伊豆箱根鉄道大雄山線,伊豆箱根鉄道,1,D,5,駅データ.jp
9931411,9931411,富士フイルム前,神奈川県,南足柄市,南足柄市,神奈川県南足柄市狩野,35.317657,139.109483,伊豆箱根鉄道大雄山線,伊豆箱根鉄道,1,D,5,駅データ.jp
9931412,9931412,大雄山,神奈川県,南足柄市,南足柄市,南足柄市関本５９２-１,35.319046,139.10365,伊豆箱根鉄道大雄山線,伊豆箱根鉄道,1,D,5,駅データ.jp
9931501,9931501,阿字ヶ浦,茨城県,ひたちなか市,ひたちなか市,茨城県ひたちなか市阿字ヶ浦町,36.383529,140.61244,ひたちなか海浜鉄道湊線,ひたちなか海浜鉄道,1,D,5,駅データ.jp
9931502,9931502,磯崎,茨城県,ひたちなか市,ひたちなか市,ひたちなか市磯崎町西ノ三３８４７-４,36.37781,140.617934,ひたちなか海浜鉄道湊線,ひたちなか海浜鉄道,1,D,5,駅データ.jp
9931503,9931503,平磯,茨城県,ひたちなか市,ひたちなか市,ひたちなか市平磯町字根本の上２６５-７,36.357546,140.607575,ひたちなか海浜鉄道湊線,ひたちなか海浜鉄道,1,D,5,駅データ.jp
9931504,9931504,殿山,茨城県,ひたちなか市,ひたちなか市,ひたちなか市牛久保２-１０３-２,36.349497,140.601087,ひたちなか海浜鉄道湊線,ひたちなか海浜鉄道,1,D,5,駅データ.jp
9931505,9931505,那珂湊,茨城県,ひたちなか市,ひたちなか市,ひたちなか市釈迦町２２-２,36.345453,140.587716,ひたちなか海浜鉄道湊線,ひたちなか海浜鉄道,1,D,5,駅データ.jp
9931506,9931506,中根,茨城県,ひたちなか市,ひたちなか市,ひたちなか市三反田中丸４４５８,36.367488,140.562138,ひたちなか海浜鉄道湊線,ひたちなか海浜鉄道,1,D,5,駅データ.jp
9931507,9931507,金上,茨城県,ひたちなか市,ひたちなか市,ひたちなか市大平４-３４３３,36.382319,140.534132,ひたちなか海浜鉄道湊線,ひたちなか海浜鉄道,1,D,5,駅データ.jp
9931508,9931508,工機前,茨城県,ひたちなか市,ひたちなか市,ひたちなか市武田字大塚前１０９２-１５,36.388099,140.524542,ひたちなか海浜鉄道湊線,ひたちなか海浜鉄道,1,D,5,駅データ.jp
9931510,9931510,高田の鉄橋,茨城県,ひたちなか市,ひたちなか市,茨城県ひたちなか市横堰,36.352556,140.580028,ひたちなか海浜鉄道湊線,ひたちなか海浜鉄道,1,D,5,駅データ.jp
9931511,9931511,美乃浜学園,茨城県,ひたちなか市,ひたちなか市,ひたちなか市磯崎町字入道,36.372611,140.616944,ひたちなか海浜鉄道湊線,ひたちなか海浜鉄道,1,D,5,駅データ.jp
9931602,9931602,中川,神奈川県,筑区,筑区,横浜市都筑区中川１-１-１,35.562973,139.569846,ブルーライン,横浜市交通局,1,D,5,駅データ.jp
9931603,9931603,センター北,神奈川県,筑区,筑区,横浜市都筑区中川中央１-１-１,35.553532,139.578421,グリーンライン|ブルーライン,横浜市交通局,2,D,15,駅データ.jp
9931604,9931604,センター南,神奈川県,筑区,筑区,横浜市都筑区茅ケ崎中央１-１,35.54567,139.574308,グリーンライン|ブルーライン,横浜市交通局,2,D,15,駅データ.jp
9931605,9931605,仲町台,神奈川県,筑区,筑区,横浜市都筑区仲町台１-１-１,35.535258,139.589715,ブルーライン,横浜市交通局,1,D,5,駅データ.jp
9931606,9931606,新羽,神奈川県,横浜市,横浜市港北区,横浜市港北区新羽町１２８５-１,35.527701,139.612065,ブルーライン,横浜市交通局,1,D,5,駅データ.jp
9931607,9931607,北新横浜,神奈川県,横浜市,横浜市港北区,横浜市港北区新羽町５３９-１,35.519271,139.612818,ブルーライン,横浜市交通局,1,D,5,駅データ.jp
9931609,9931609,岸根公園,神奈川県,横浜市,横浜市港北区,横浜市港北区篠原町１１２３,35.496038,139.617065,ブルーライン,横浜市交通局,1,D,5,駅データ.jp
9931610,9931610,片倉町,神奈川県,横浜市,横浜市神奈川区,横浜市神奈川区片倉１-３３-７,35.490205,139.606511,ブルーライン,横浜市交通局,1,D,5,駅データ.jp
9931611,9931611,三ツ沢上町,神奈川県,横浜市,横浜市神奈川区,横浜市神奈川区三ツ沢上町５-９,35.476526,139.605395,ブルーライン,横浜市交通局,1,D,5,駅データ.jp
9931612,9931612,三ツ沢下町,神奈川県,横浜市,横浜市神奈川区,横浜市神奈川区三ツ沢下町２-１６,35.476512,139.61481,ブルーライン,横浜市交通局,1,D,5,駅データ.jp
9931614,9931614,高島町,神奈川県,横浜市,横浜市西区,横浜市西区花咲町７-４１,35.458804,139.623548,ブルーライン,横浜市交通局,1,D,5,駅データ.jp
9931617,9931617,伊勢佐木長者町,神奈川県,横浜市,横浜市中区,横浜市中区長者町５-４８,35.441044,139.633176,ブルーライン,横浜市交通局,1,D,5,駅データ.jp
9931618,9931618,阪東橋,神奈川県,横浜市,横浜市中区,横浜市中区弥生町５-４８,35.437434,139.624843,ブルーライン,横浜市交通局,1,D,5,駅データ.jp
9931619,9931619,吉野町,神奈川県,横浜市,横浜市南区,横浜市南区吉野町３-７,35.435489,139.618455,ブルーライン,横浜市交通局,1,D,5,駅データ.jp
9931620,9931620,蒔田,神奈川県,横浜市,横浜市南区,横浜市南区宮元町３-４６,35.429935,139.610123,ブルーライン,横浜市交通局,1,D,5,駅データ.jp
9931621,9931621,弘明寺,神奈川県,横浜市,横浜市南区,横浜市南区通町四丁目114,35.423294,139.602081,ブルーライン,横浜市交通局,1,D,5,駅データ.jp
9931623,9931623,港南中央,神奈川県,横浜市,横浜市港南区,横浜市港南区港南中央通１０-B-１,35.401049,139.590958,ブルーライン,横浜市交通局,1,D,5,駅データ.jp
9931624,9931624,上永谷,神奈川県,横浜市,横浜市港南区,横浜市港南区丸山台１-１-１,35.401391,139.572713,ブルーライン,横浜市交通局,1,D,5,駅データ.jp
9931625,9931625,下永谷,神奈川県,横浜市,横浜市港南区,横浜市港南区日限山１-５８-２７,35.402677,139.559389,ブルーライン,横浜市交通局,1,D,5,駅データ.jp
9931626,9931626,舞岡,神奈川県,横浜市,横浜市戸塚区,横浜市戸塚区舞岡町７７１,35.402685,139.551509,ブルーライン,横浜市交通局,1,D,5,駅データ.jp
9931628,9931628,踊場,神奈川県,横浜市,横浜市泉区,横浜市泉区中田南１-２-１,35.405922,139.518058,ブルーライン,横浜市交通局,1,D,5,駅データ.jp
9931629,9931629,中田,神奈川県,横浜市,横浜市泉区,横浜市泉区中田南３-１-５,35.411161,139.511301,ブルーライン,横浜市交通局,1,D,5,駅データ.jp
9931630,9931630,立場,神奈川県,横浜市,横浜市泉区,横浜市泉区中田西１-１-３０,35.414296,139.500177,ブルーライン,横浜市交通局,1,D,5,駅データ.jp
9931631,9931631,下飯田,神奈川県,横浜市,横浜市泉区,横浜市泉区下飯田町８２９-１,35.403503,139.483195,ブルーライン,横浜市交通局,1,D,5,駅データ.jp
9931702,9931702,南部市場,神奈川県,横浜市,横浜市金沢区,横浜市金沢区富岡東２-１,35.380192,139.633163,金沢シーサイドライン,横浜シーサイドライン,1,D,5,駅データ.jp
9931703,9931703,鳥浜,神奈川県,横浜市,横浜市金沢区,横浜市金沢区並木１-１,35.377187,139.641704,金沢シーサイドライン,横浜シーサイドライン,1,D,5,駅データ.jp
9931704,9931704,並木北,神奈川県,横浜市,横浜市金沢区,横浜市金沢区並木１-１２,35.372015,139.642743,金沢シーサイドライン,横浜シーサイドライン,1,D,5,駅データ.jp
9931705,9931705,並木中央,神奈川県,横浜市,横浜市金沢区,横浜市金沢区幸浦２-１-１,35.365505,139.642945,金沢シーサイドライン,横浜シーサイドライン,1,D,5,駅データ.jp
9931706,9931706,幸浦,神奈川県,横浜市,横浜市金沢区,横浜市金沢区幸浦２-２４,35.358406,139.643706,金沢シーサイドライン,横浜シーサイドライン,1,D,5,駅データ.jp
9931707,9931707,産業振興センター,神奈川県,横浜市,横浜市金沢区,横浜市金沢区福浦１-５-２,35.35339,139.646326,金沢シーサイドライン,横浜シーサイドライン,1,D,5,駅データ.jp
9931708,9931708,福浦,神奈川県,横浜市,横浜市金沢区,横浜市金沢区福浦２-７-２,35.349627,139.648517,金沢シーサイドライン,横浜シーサイドライン,1,D,5,駅データ.jp
9931709,9931709,市大医学部,神奈川県,横浜市,横浜市金沢区,横浜市金沢区福浦３,35.343966,139.650156,金沢シーサイドライン,横浜シーサイドライン,1,D,5,駅データ.jp
9931710,9931710,八景島,神奈川県,横浜市,横浜市金沢区,横浜市金沢区海の公園１０,35.340914,139.64079,金沢シーサイドライン,横浜シーサイドライン,1,D,5,駅データ.jp
9931711,9931711,海の公園柴口,神奈川県,横浜市,横浜市金沢区,横浜市金沢区海の公園１０,35.342086,139.635846,金沢シーサイドライン,横浜シーサイドライン,1,D,5,駅データ.jp
9931712,9931712,海の公園南口,神奈川県,横浜市,横浜市金沢区,横浜市金沢区海の公園１０,35.337225,139.632096,金沢シーサイドライン,横浜シーサイドライン,1,D,5,駅データ.jp
9931713,9931713,野島公園,神奈川県,横浜市,横浜市金沢区,横浜市金沢区平潟町１２７,35.330559,139.631524,金沢シーサイドライン,横浜シーサイドライン,1,D,5,駅データ.jp
9931802,9931802,西取手,茨城県,取手市,取手市,取手市本郷１-１３-１,35.908584,140.059437,関東鉄道常総線,関東鉄道,1,D,13,駅データ.jp
9931803,9931803,寺原,茨城県,取手市,取手市,取手市駒場１-１-１,35.911825,140.054551,関東鉄道常総線,関東鉄道,1,D,5,駅データ.jp
9931804,9931804,新取手,茨城県,取手市,取手市,取手市新取手１-１-１,35.917657,140.0421,関東鉄道常総線,関東鉄道,1,D,13,駅データ.jp
9931805,9931805,稲戸井,茨城県,取手市,取手市,取手市米ノ井２-２,35.926142,140.02269,関東鉄道常総線,関東鉄道,1,D,5,駅データ.jp
9931806,9931806,戸頭,茨城県,取手市,取手市,取手市戸頭５-３-１,35.92951,140.014263,関東鉄道常総線,関東鉄道,1,D,5,駅データ.jp
9931807,9931807,南守谷,茨城県,守谷市,守谷市,守谷市けやき台１-１-１,35.934224,140.00212,関東鉄道常総線,関東鉄道,1,D,13,駅データ.jp
9931809,9931809,新守谷,茨城県,守谷市,守谷市,守谷市御所ケ丘１-１-１,35.966344,139.985864,関東鉄道常総線,関東鉄道,1,D,13,駅データ.jp
9931810,9931810,小絹,茨城県,つくばみらい市,つくばみらい市,つくばみらい市小絹７３９-３,35.981151,139.983328,関東鉄道常総線,関東鉄道,1,D,5,駅データ.jp
9931811,9931811,水海道,茨城県,常総市,常総市,常総市水海道宝町２８６１-２,36.017828,139.99137,関東鉄道常総線,関東鉄道,1,D,5,駅データ.jp
9931812,9931812,北水海道,茨城県,常総市,常総市,常総市相野谷町４３-３,36.032123,139.9928,関東鉄道常総線,関東鉄道,1,D,5,駅データ.jp
9931813,9931813,中妻,茨城県,常総市,常総市,常総市中妻町７１４-４,36.047291,139.990714,関東鉄道常総線,関東鉄道,1,D,5,駅データ.jp
9931814,9931814,三妻,茨城県,常総市,常総市,常総市三坂町１６７２,36.073507,139.983052,関東鉄道常総線,関東鉄道,1,D,5,駅データ.jp
9931815,9931815,南石下,茨城県,常総市,常総市,常総市大房７４２-４,36.102262,139.973938,関東鉄道常総線,関東鉄道,1,D,5,駅データ.jp
9931816,9931816,石下,茨城県,常総市,常総市,常総市新石下３７６-１,36.117041,139.974323,関東鉄道常総線,関東鉄道,1,D,5,駅データ.jp
9931817,9931817,玉村,茨城県,常総市,常総市,常総市小保川１６４-５,36.135499,139.969959,関東鉄道常総線,関東鉄道,1,D,5,駅データ.jp
9931818,9931818,宗道,茨城県,下妻市,下妻市,下妻市宗道１６４,36.153589,139.970573,関東鉄道常総線,関東鉄道,1,D,5,駅データ.jp
9931819,9931819,下妻,茨城県,下妻市,下妻市,下妻市下妻乙３６３-２,36.182325,139.964461,関東鉄道常総線,関東鉄道,1,D,13,駅データ.jp
9931820,9931820,大宝,茨城県,下妻市,下妻市,下妻市大宝２３３-９,36.203159,139.970193,関東鉄道常総線,関東鉄道,1,D,5,駅データ.jp
9931821,9931821,騰波ノ江,茨城県,下妻市,下妻市,下妻市若柳甲５３３-７,36.223232,139.976274,関東鉄道常総線,関東鉄道,1,D,5,駅データ.jp
9931822,9931822,黒子,茨城県,筑西市,筑西市,筑西市辻１５２０-３,36.247396,139.97514,関東鉄道常総線,関東鉄道,1,D,5,駅データ.jp
9931823,9931823,大田郷,茨城県,筑西市,筑西市,筑西市玉戸１５２３-２,36.278258,139.959724,関東鉄道常総線,関東鉄道,1,D,5,駅データ.jp
9931825,9931825,ゆめみ野,茨城県,取手市,取手市,茨城県取手市野々井字柏原788番地3,35.921129,140.034789,関東鉄道常総線,関東鉄道,1,D,5,駅データ.jp
9931902,9931902,入地,茨城県,龍ケ崎市,龍ケ崎市,龍ケ崎市入地町３５１,35.91899,140.157266,関東鉄道竜ヶ崎線,関東鉄道,1,D,5,駅データ.jp
9931903,9931903,竜ヶ崎,茨城県,龍ケ崎市,龍ケ崎市,茨城県龍ケ崎市米町3903,35.908586,140.178937,関東鉄道竜ヶ崎線,関東鉄道,1,D,5,駅データ.jp
9932002,9932002,石上,神奈川県,藤沢市,藤沢市,藤沢市鵠沼橘１-９-３,35.332482,139.485572,江ノ島電鉄線,江ノ島電鉄,1,D,5,駅データ.jp
9932003,9932003,柳小路,神奈川県,藤沢市,藤沢市,藤沢市鵠沼藤が谷４-８-１１,35.327352,139.485189,江ノ島電鉄線,江ノ島電鉄,1,D,5,駅データ.jp
9932004,9932004,鵠沼,神奈川県,藤沢市,藤沢市,藤沢市鵠沼松が岡１-１-１,35.321447,139.482637,江ノ島電鉄線,江ノ島電鉄,1,D,5,駅データ.jp
9932005,9932005,湘南海岸公園,神奈川県,藤沢市,藤沢市,藤沢市片瀬４-９-２２,35.315203,139.4833,江ノ島電鉄線,江ノ島電鉄,1,D,5,駅データ.jp
9932006,9932006,江ノ島,神奈川県,藤沢市,藤沢市,藤沢市片瀬海岸１-４-７,35.311435,139.487687,江ノ島電鉄線|湘南モノレール,江ノ島電鉄|湘南モノレール,2,D,15,駅データ.jp
9932007,9932007,腰越,神奈川県,鎌倉市,鎌倉市,鎌倉市腰越２-１４-１４,35.308287,139.493286,江ノ島電鉄線,江ノ島電鉄,1,D,5,駅データ.jp
9932008,9932008,鎌倉高校前,神奈川県,鎌倉市,鎌倉市,鎌倉市腰越１-１-２５,35.306698,139.500535,江ノ島電鉄線,江ノ島電鉄,1,D,13,駅データ.jp
9932009,9932009,七里ヶ浜,神奈川県,鎌倉市,鎌倉市,神奈川県鎌倉市七里ガ浜一丁目9-5,35.306243,139.510101,江ノ島電鉄線,江ノ島電鉄,1,D,5,駅データ.jp
9932010,9932010,稲村ヶ崎,神奈川県,鎌倉市,鎌倉市,神奈川県鎌倉市稲村ガ崎二丁目8-1,35.30426,139.522322,江ノ島電鉄線,江ノ島電鉄,1,D,5,駅データ.jp
9932011,9932011,極楽寺,神奈川県,鎌倉市,鎌倉市,鎌倉市極楽寺３-７-４,35.309318,139.528721,江ノ島電鉄線,江ノ島電鉄,1,D,5,駅データ.jp
9932012,9932012,長谷,神奈川県,鎌倉市,鎌倉市,鎌倉市長谷２-１４-１０,35.311265,139.536168,江ノ島電鉄線,江ノ島電鉄,1,D,5,駅データ.jp
9932013,9932013,由比ヶ浜,神奈川県,鎌倉市,鎌倉市,神奈川県鎌倉市由比ガ浜三丁目10-13,35.312857,139.54157,江ノ島電鉄線,江ノ島電鉄,1,D,5,駅データ.jp
9932014,9932014,和田塚,神奈川県,鎌倉市,鎌倉市,鎌倉市由比ガ浜３-４-１,35.31372,139.545362,江ノ島電鉄線,江ノ島電鉄,1,D,5,駅データ.jp
9932102,9932102,鉄道博物館,埼玉県,さいたま市,さいたま市大宮区,さいたま市大宮区大成町３-８９,35.920271,139.617796,ニューシャトル,埼玉新都市交通,1,D,5,駅データ.jp
9932103,9932103,加茂宮,埼玉県,さいたま市,さいたま市北区,さいたま市北区宮原町１-３０５,35.93568,139.616688,ニューシャトル,埼玉新都市交通,1,D,5,駅データ.jp
9932104,9932104,東宮原,埼玉県,さいたま市,さいたま市北区,さいたま市北区宮原町２-１０９-７,35.94262,139.618054,ニューシャトル,埼玉新都市交通,1,D,5,駅データ.jp
9932105,9932105,今羽,埼玉県,さいたま市,さいたま市北区,さいたま市北区吉野町１-２５-１,35.949941,139.619443,ニューシャトル,埼玉新都市交通,1,D,5,駅データ.jp
9932106,9932106,吉野原,埼玉県,さいたま市,さいたま市北区,さいたま市北区吉野町１-４０４-２,35.957065,139.620862,ニューシャトル,埼玉新都市交通,1,D,5,駅データ.jp
9932107,9932107,原市,埼玉県,上尾市,上尾市,上尾市大字原市５１２-１,35.964072,139.622531,ニューシャトル,埼玉新都市交通,1,D,5,駅データ.jp
9932108,9932108,沼南,埼玉県,上尾市,上尾市,上尾市大字原市２１３５-１０,35.971165,139.623481,ニューシャトル,埼玉新都市交通,1,D,5,駅データ.jp
9932109,9932109,丸山,埼玉県,,,北足立郡伊奈町大字小室２８９-１,35.97989,139.624711,ニューシャトル,埼玉新都市交通,1,D,5,駅データ.jp
9932110,9932110,志久,埼玉県,,,北足立郡伊奈町大字小室４８３５,35.991099,139.62228,ニューシャトル,埼玉新都市交通,1,D,5,駅データ.jp
9932111,9932111,伊奈中央,埼玉県,,,北足立郡伊奈町大字小室９７４４,35.999537,139.617094,ニューシャトル,埼玉新都市交通,1,D,5,駅データ.jp
9932112,9932112,羽貫,埼玉県,,,北足立郡伊奈町大字羽貫８７２,36.007311,139.608608,ニューシャトル,埼玉新都市交通,1,D,5,駅データ.jp
9932113,9932113,内宿,埼玉県,,,北足立郡伊奈町大字小針新宿１４６１,36.014163,139.599878,ニューシャトル,埼玉新都市交通,1,D,5,駅データ.jp
9932302,9932302,東水戸,茨城県,水戸市,水戸市,水戸市吉沼町,36.361746,140.516012,鹿島臨海鉄道大洗鹿島線,鹿島臨海鉄道,1,D,13,駅データ.jp
9932303,9932303,常澄,茨城県,水戸市,水戸市,水戸市塩崎町,36.340683,140.558997,鹿島臨海鉄道大洗鹿島線,鹿島臨海鉄道,1,D,5,駅データ.jp
9932304,9932304,大洗,茨城県,,,東茨城郡大洗町桜道,36.315342,140.562675,鹿島臨海鉄道大洗鹿島線,鹿島臨海鉄道,1,D,5,駅データ.jp
9932305,9932305,涸沼,茨城県,鉾田市,鉾田市,鉾田市下太田,36.266054,140.527356,鹿島臨海鉄道大洗鹿島線,鹿島臨海鉄道,1,D,5,駅データ.jp
9932306,9932306,鹿島旭,茨城県,鉾田市,鉾田市,鉾田市造谷,36.224658,140.512601,鹿島臨海鉄道大洗鹿島線,鹿島臨海鉄道,1,D,5,駅データ.jp
9932307,9932307,徳宿,茨城県,鉾田市,鉾田市,鉾田市徳宿,36.190356,140.514441,鹿島臨海鉄道大洗鹿島線,鹿島臨海鉄道,1,D,5,駅データ.jp
9932308,9932308,新鉾田,茨城県,鉾田市,鉾田市,鉾田市新鉾田,36.152697,140.520408,鹿島臨海鉄道大洗鹿島線,鹿島臨海鉄道,1,D,13,駅データ.jp
9932309,9932309,北浦湖畔,茨城県,鉾田市,鉾田市,鉾田市梶山,36.120453,140.536841,鹿島臨海鉄道大洗鹿島線,鹿島臨海鉄道,1,D,5,駅データ.jp
9932310,9932310,大洋,茨城県,鉾田市,鉾田市,鉾田市汲上,36.108341,140.576413,鹿島臨海鉄道大洗鹿島線,鹿島臨海鉄道,1,D,5,駅データ.jp
9932311,9932311,鹿島灘,茨城県,鹿嶋市,鹿嶋市,鹿嶋市大小志崎,36.075568,140.596789,鹿島臨海鉄道大洗鹿島線,鹿島臨海鉄道,1,D,5,駅データ.jp
9932312,9932312,鹿島大野,茨城県,鹿嶋市,鹿嶋市,鹿嶋市荒井,36.050674,140.609855,鹿島臨海鉄道大洗鹿島線,鹿島臨海鉄道,1,D,5,駅データ.jp
9932313,9932313,長者ヶ浜潮騒はまなす公園前,茨城県,鹿嶋市,鹿嶋市,茨城県鹿嶋市大字角折2273-17,36.031336,140.618849,鹿島臨海鉄道大洗鹿島線,鹿島臨海鉄道,1,D,5,駅データ.jp
9932314,9932314,荒野台,茨城県,鹿嶋市,鹿嶋市,鹿嶋市荒野,36.016804,140.625194,鹿島臨海鉄道大洗鹿島線,鹿島臨海鉄道,1,D,5,駅データ.jp
9932402,9932402,芝山千代田,千葉県,,,山武郡芝山町香山新田橋松１４８-１,35.754248,140.399215,芝山鉄道線,芝山鉄道,1,D,5,駅データ.jp
9932502,9932502,上総村上,千葉県,市原市,市原市,市原市村上１３５８-２,35.496171,140.100355,小湊鉄道線,小湊鐵道,1,D,5,駅データ.jp
9932503,9932503,海士有木,千葉県,市原市,市原市,市原市海士有木１８１３,35.481729,140.124264,小湊鉄道線,小湊鐵道,1,D,5,駅データ.jp
9932504,9932504,上総三又,千葉県,市原市,市原市,市原市海士有木２７６-１,35.46592,140.12672,小湊鉄道線,小湊鐵道,1,D,5,駅データ.jp
9932505,9932505,上総山田,千葉県,市原市,市原市,市原市磯ケ谷２０７９-３,35.454105,140.126128,小湊鉄道線,小湊鐵道,1,D,5,駅データ.jp
9932506,9932506,光風台,千葉県,市原市,市原市,市原市中高根８４６,35.439662,140.114174,小湊鉄道線,小湊鐵道,1,D,5,駅データ.jp
9932507,9932507,馬立,千葉県,市原市,市原市,市原市馬立７９０-２,35.423795,140.114719,小湊鉄道線,小湊鐵道,1,D,5,駅データ.jp
9932508,9932508,上総牛久,千葉県,市原市,市原市,市原市牛久８９７-２,35.400213,140.142255,小湊鉄道線,小湊鐵道,1,D,5,駅データ.jp
9932509,9932509,上総川間,千葉県,市原市,市原市,市原市下矢田５４７-４,35.388047,140.150968,小湊鉄道線,小湊鐵道,1,D,5,駅データ.jp
9932510,9932510,上総鶴舞,千葉県,市原市,市原市,市原市池和田８９８-２,35.381346,140.165006,小湊鉄道線,小湊鐵道,1,D,5,駅データ.jp
9932511,9932511,上総久保,千葉県,市原市,市原市,市原市久保５７３-４,35.367481,140.154438,小湊鉄道線,小湊鐵道,1,D,5,駅データ.jp
9932512,9932512,高滝,千葉県,市原市,市原市,市原市高滝７３７-２,35.353074,140.150246,小湊鉄道線,小湊鐵道,1,D,5,駅データ.jp
9932513,9932513,里見,千葉県,市原市,市原市,市原市平野１７６-１,35.336685,140.145505,小湊鉄道線,小湊鐵道,1,D,5,駅データ.jp
9932514,9932514,飯給,千葉県,市原市,市原市,市原市飯給９４３-３,35.320512,140.142358,小湊鉄道線,小湊鐵道,1,D,5,駅データ.jp
9932515,9932515,月崎,千葉県,市原市,市原市,市原市月崎５３９,35.302203,140.139394,小湊鉄道線,小湊鐵道,1,D,5,駅データ.jp
9932516,9932516,上総大久保,千葉県,市原市,市原市,市原市大久保９６-２,35.283367,140.145924,小湊鉄道線,小湊鐵道,1,D,5,駅データ.jp
9932517,9932517,養老渓谷,千葉県,市原市,市原市,市原市朝生原１７７,35.266409,140.159382,小湊鉄道線,小湊鐵道,1,D,5,駅データ.jp
9932602,9932602,富士見町,神奈川県,鎌倉市,鎌倉市,鎌倉市台２-１９-７,35.345389,139.529277,湘南モノレール,湘南モノレール,1,D,5,駅データ.jp
9932603,9932603,湘南町屋,神奈川県,鎌倉市,鎌倉市,鎌倉市上町屋７２２,35.337832,139.522666,湘南モノレール,湘南モノレール,1,D,5,駅データ.jp
9932604,9932604,湘南深沢,神奈川県,鎌倉市,鎌倉市,鎌倉市梶原６５８,35.332865,139.518903,湘南モノレール,湘南モノレール,1,D,5,駅データ.jp
9932605,9932605,西鎌倉,神奈川県,鎌倉市,鎌倉市,鎌倉市西鎌倉１-２０-３５,35.319383,139.504365,湘南モノレール,湘南モノレール,1,D,13,駅データ.jp
9932606,9932606,片瀬山,神奈川県,鎌倉市,鎌倉市,鎌倉市西鎌倉４-８９４-６,35.317256,139.496052,湘南モノレール,湘南モノレール,1,D,5,駅データ.jp
9932607,9932607,目白山下,神奈川県,藤沢市,藤沢市,藤沢市片瀬３-２７７６,35.31402,139.491533,湘南モノレール,湘南モノレール,1,D,5,駅データ.jp
9932702,9932702,南高崎,群馬県,高崎市,高崎市,高崎市下和田町３-７-６,36.31247,139.012315,上信電鉄,上信電鉄,1,D,13,駅データ.jp
9932703,9932703,根小屋,群馬県,高崎市,高崎市,高崎市根小屋町２０４０-３,36.291114,139.019177,上信電鉄,上信電鉄,1,D,5,駅データ.jp
9932704,9932704,高崎商科大学前,群馬県,高崎市,高崎市,高崎市根小屋町８８６-２,36.284295,139.029654,上信電鉄,上信電鉄,1,D,13,駅データ.jp
9932705,9932705,山名,群馬県,高崎市,高崎市,高崎市山名町１５１５-３,36.277587,139.038098,上信電鉄,上信電鉄,1,D,5,駅データ.jp
9932706,9932706,西山名,群馬県,高崎市,高崎市,高崎市山名町１２６１-２,36.270841,139.032046,上信電鉄,上信電鉄,1,D,5,駅データ.jp
9932707,9932707,馬庭,群馬県,高崎市,高崎市,群馬県高崎市吉井町馬庭191-1,36.261428,139.009321,上信電鉄,上信電鉄,1,D,5,駅データ.jp
9932708,9932708,吉井,群馬県,高崎市,高崎市,群馬県高崎市吉井町吉井219,36.256036,138.984418,上信電鉄,上信電鉄,1,D,5,駅データ.jp
9932709,9932709,西吉井,群馬県,高崎市,高崎市,群馬県高崎市吉井町長根1367-34,36.255753,138.965914,上信電鉄,上信電鉄,1,D,5,駅データ.jp
9932710,9932710,上州新屋,群馬県,,,甘楽郡甘楽町金井３４３-４,36.256036,138.951776,上信電鉄,上信電鉄,1,D,5,駅データ.jp
9932711,9932711,上州福島,群馬県,,,甘楽郡甘楽町福島６６４-５,36.256408,138.92944,上信電鉄,上信電鉄,1,D,5,駅データ.jp
9932712,9932712,東富岡,群馬県,富岡市,富岡市,富岡市富岡１９５５-２,36.260816,138.901898,上信電鉄,上信電鉄,1,D,13,駅データ.jp
9932713,9932713,上州富岡,群馬県,富岡市,富岡市,富岡市富岡１５９９-３,36.26046,138.891851,上信電鉄,上信電鉄,1,D,13,駅データ.jp
9932714,9932714,西富岡,群馬県,富岡市,富岡市,富岡市七日市６７１-８,36.260182,138.882786,上信電鉄,上信電鉄,1,D,13,駅データ.jp
9932715,9932715,上州七日市,群馬県,富岡市,富岡市,富岡市七日市１６２５-１,36.258666,138.874536,上信電鉄,上信電鉄,1,D,5,駅データ.jp
9932716,9932716,上州一ノ宮,群馬県,富岡市,富岡市,富岡市一ノ宮２２６-２,36.253053,138.863924,上信電鉄,上信電鉄,1,D,5,駅データ.jp
9932717,9932717,神農原,群馬県,富岡市,富岡市,富岡市神農原６４７-２,36.242629,138.843835,上信電鉄,上信電鉄,1,D,5,駅データ.jp
9932718,9932718,南蛇井,群馬県,富岡市,富岡市,富岡市南蛇井４９６-２,36.23826,138.813838,上信電鉄,上信電鉄,1,D,5,駅データ.jp
9932719,9932719,千平,群馬県,富岡市,富岡市,富岡市南蛇井乙２０３８,36.230021,138.798543,上信電鉄,上信電鉄,1,D,5,駅データ.jp
9932720,9932720,下仁田,群馬県,,,甘楽郡下仁田町下仁田甲３７４-４,36.210484,138.786681,上信電鉄,上信電鉄,1,D,5,駅データ.jp
9932721,9932721,佐野のわたし,群馬県,高崎市,高崎市,群馬県高崎市上佐野町字舟橋167-3,36.302389,139.018139,上信電鉄,上信電鉄,1,D,5,駅データ.jp
9932801,9932801,中央前橋,群馬県,前橋市,前橋市,前橋市城東町４-１-１,36.390915,139.07531,上毛電気鉄道上毛線,上毛電気鉄道,1,D,13,駅データ.jp
9932802,9932802,城東,群馬県,前橋市,前橋市,前橋市城東町４-２３-１,36.391212,139.081124,上毛電気鉄道上毛線,上毛電気鉄道,1,D,5,駅データ.jp
9932803,9932803,三俣,群馬県,前橋市,前橋市,前橋市三俣町１-３２-５,36.393748,139.089192,上毛電気鉄道上毛線,上毛電気鉄道,1,D,5,駅データ.jp
9932804,9932804,片貝,群馬県,前橋市,前橋市,前橋市西片貝町１-２８０-５,36.393982,139.095597,上毛電気鉄道上毛線,上毛電気鉄道,1,D,5,駅データ.jp
9932805,9932805,上泉,群馬県,前橋市,前橋市,前橋市上泉町２８１,36.39419,139.106598,上毛電気鉄道上毛線,上毛電気鉄道,1,D,5,駅データ.jp
9932806,9932806,赤坂,群馬県,前橋市,前橋市,前橋市上泉町３４４４-３,36.39721,139.117324,上毛電気鉄道上毛線,上毛電気鉄道,1,D,5,駅データ.jp
9932807,9932807,心臓血管センター,群馬県,前橋市,前橋市,前橋市亀泉町６-２,36.40559,139.129614,上毛電気鉄道上毛線,上毛電気鉄道,1,D,5,駅データ.jp
9932808,9932808,江木,群馬県,前橋市,前橋市,前橋市江木町１２２３-３,36.407209,139.133391,上毛電気鉄道上毛線,上毛電気鉄道,1,D,5,駅データ.jp
9932809,9932809,大胡,群馬県,前橋市,前橋市,前橋市茂木町４１-２,36.412673,139.156263,上毛電気鉄道上毛線,上毛電気鉄道,1,D,5,駅データ.jp
9932810,9932810,樋越,群馬県,前橋市,前橋市,前橋市樋越町１９１-４,36.415459,139.173308,上毛電気鉄道上毛線,上毛電気鉄道,1,D,5,駅データ.jp
9932811,9932811,北原,群馬県,前橋市,前橋市,前橋市粕川町込皆戸３８-３,36.413681,139.184604,上毛電気鉄道上毛線,上毛電気鉄道,1,D,5,駅データ.jp
9932812,9932812,新屋,群馬県,前橋市,前橋市,前橋市粕川町新屋２３３-２,36.413704,139.19657,上毛電気鉄道上毛線,上毛電気鉄道,1,D,5,駅データ.jp
9932813,9932813,粕川,群馬県,前橋市,前橋市,前橋市粕川町西田面２９３-２,36.416818,139.210943,上毛電気鉄道上毛線,上毛電気鉄道,1,D,5,駅データ.jp
9932814,9932814,膳,群馬県,前橋市,前橋市,前橋市粕川町膳５６８-３,36.416821,139.22197,上毛電気鉄道上毛線,上毛電気鉄道,1,D,5,駅データ.jp
9932815,9932815,新里,群馬県,桐生市,桐生市,桐生市新里町小林１２６-１,36.418543,139.236949,上毛電気鉄道上毛線,上毛電気鉄道,1,D,5,駅データ.jp
9932816,9932816,新川,群馬県,桐生市,桐生市,桐生市新里町新川２０４２-３,36.418288,139.257536,上毛電気鉄道上毛線,上毛電気鉄道,1,D,5,駅データ.jp
9932817,9932817,東新川,群馬県,桐生市,桐生市,桐生市新里町新川３９０６,36.422002,139.267591,上毛電気鉄道上毛線,上毛電気鉄道,1,D,5,駅データ.jp
9932819,9932819,天王宿,群馬県,桐生市,桐生市,桐生市相生町２-４７７-３,36.414975,139.308054,上毛電気鉄道上毛線,上毛電気鉄道,1,D,5,駅データ.jp
9932820,9932820,富士山下,群馬県,桐生市,桐生市,桐生市相生町２-２７４-７,36.413992,139.315828,上毛電気鉄道上毛線,上毛電気鉄道,1,D,5,駅データ.jp
9932821,9932821,丸山下,群馬県,桐生市,桐生市,桐生市堤町３-９-１,36.416842,139.32128,上毛電気鉄道上毛線,上毛電気鉄道,1,D,5,駅データ.jp
9932822,9932822,西桐生,群馬県,桐生市,桐生市,桐生市宮前町２-１-３３,36.414142,139.33269,上毛電気鉄道上毛線,上毛電気鉄道,1,D,13,駅データ.jp
9932823,9932823,桐生球場前,群馬県,桐生市,桐生市,桐生市相生町２-５３２-３,36.41928,139.297864,上毛電気鉄道上毛線,上毛電気鉄道,1,D,13,駅データ.jp
9932902,9932902,新津田沼,千葉県,習志野市,習志野市,習志野市津田沼１-１０-３５,35.690184,140.023745,京成松戸線,京成電鉄,1,D,5,駅データ.jp
9932903,9932903,前原,千葉県,船橋市,船橋市,船橋市前原西７-１７-２１,35.700666,140.027542,京成松戸線,京成電鉄,1,D,5,駅データ.jp
9932904,9932904,薬園台,千葉県,船橋市,船橋市,船橋市薬円台６-１-１,35.710271,140.037599,京成松戸線,京成電鉄,1,D,5,駅データ.jp
9932905,9932905,習志野,千葉県,船橋市,船橋市,船橋市習志野台４-１-９,35.715293,140.042787,京成松戸線,京成電鉄,1,D,5,駅データ.jp
9932906,9932906,北習志野,千葉県,船橋市,船橋市,船橋市習志野台３-１-１,35.721501,140.042278,京成松戸線|東葉高速線,京成電鉄|東葉高速鉄道,2,D,15,駅データ.jp
9932907,9932907,高根木戸,千葉県,船橋市,船橋市,船橋市習志野台１-１-３,35.726625,140.034923,京成松戸線,京成電鉄,1,D,5,駅データ.jp
9932908,9932908,高根公団,千葉県,船橋市,船橋市,船橋市高根台１-６-１,35.730436,140.029382,京成松戸線,京成電鉄,1,D,5,駅データ.jp
9932909,9932909,滝不動,千葉県,船橋市,船橋市,船橋市南三咲３-２３-１,35.737957,140.02622,京成松戸線,京成電鉄,1,D,5,駅データ.jp
9932910,9932910,三咲,千葉県,船橋市,船橋市,船橋市南三咲２-２-１,35.749217,140.028514,京成松戸線,京成電鉄,1,D,5,駅データ.jp
9932911,9932911,二和向台,千葉県,船橋市,船橋市,船橋市二和東５-３８-１,35.753825,140.023731,京成松戸線,京成電鉄,1,D,5,駅データ.jp
9932912,9932912,鎌ヶ谷大仏,千葉県,鎌ケ谷市,鎌ケ谷市,千葉県鎌ケ谷市鎌ケ谷1丁目8番1号,35.757827,140.013823,京成松戸線,京成電鉄,1,D,5,駅データ.jp
9932913,9932913,初富,千葉県,鎌ケ谷市,鎌ケ谷市,鎌ケ谷市中央１-２-１９,35.771992,140.000493,京成松戸線,京成電鉄,1,D,5,駅データ.jp
9932915,9932915,北初富,千葉県,鎌ケ谷市,鎌ケ谷市,鎌ケ谷市北中沢１-１８-２５,35.776692,139.989811,京成松戸線,京成電鉄,1,D,5,駅データ.jp
9932916,9932916,くぬぎ山,千葉県,鎌ケ谷市,鎌ケ谷市,鎌ケ谷市くぬぎ山５-１-６,35.782343,139.975707,京成松戸線,京成電鉄,1,D,5,駅データ.jp
9932917,9932917,元山,千葉県,松戸市,松戸市,松戸市五香南１-５-１,35.790229,139.975831,京成松戸線,京成電鉄,1,D,5,駅データ.jp
9932918,9932918,五香,千葉県,松戸市,松戸市,松戸市金ケ作４０８-８,35.797281,139.965796,京成松戸線,京成電鉄,1,D,5,駅データ.jp
9932919,9932919,常盤平,千葉県,松戸市,松戸市,松戸市常盤平１-２９,35.803191,139.949522,京成松戸線,京成電鉄,1,D,5,駅データ.jp
9932921,9932921,みのり台,千葉県,松戸市,松戸市,松戸市松戸新田５７５-１９,35.789346,139.929466,京成松戸線,京成電鉄,1,D,5,駅データ.jp
9932922,9932922,松戸新田,千葉県,松戸市,松戸市,松戸市松戸新田２６４-２,35.790652,139.922833,京成松戸線,京成電鉄,1,D,13,駅データ.jp
9932923,9932923,上本郷,千葉県,松戸市,松戸市,松戸市上本郷２６４８-１１,35.789524,139.916031,京成松戸線,京成電鉄,1,D,5,駅データ.jp
9933002,9933002,下館二高前,茨城県,筑西市,筑西市,筑西市岡芹,36.319137,139.972193,真岡鐵道真岡線,真岡鐵道,1,D,5,駅データ.jp
9933003,9933003,折本,茨城県,筑西市,筑西市,筑西市折本,36.340684,139.971232,真岡鐵道真岡線,真岡鐵道,1,D,5,駅データ.jp
9933004,9933004,ひぐち,茨城県,筑西市,筑西市,筑西市折本,36.357882,139.970057,真岡鐵道真岡線,真岡鐵道,1,D,5,駅データ.jp
9933005,9933005,久下田,栃木県,真岡市,真岡市,栃木県真岡市久下田,36.37606,139.971756,真岡鐵道真岡線,真岡鐵道,1,D,5,駅データ.jp
9933006,9933006,寺内,栃木県,真岡市,真岡市,真岡市寺内,36.410876,139.980077,真岡鐵道真岡線,真岡鐵道,1,D,5,駅データ.jp
9933007,9933007,真岡,栃木県,真岡市,真岡市,真岡市台町,36.439144,140.002632,真岡鐵道真岡線,真岡鐵道,1,D,13,駅データ.jp
9933008,9933008,北真岡,栃木県,真岡市,真岡市,真岡市熊倉町,36.44909,140.014061,真岡鐵道真岡線,真岡鐵道,1,D,13,駅データ.jp
9933009,9933009,西田井,栃木県,真岡市,真岡市,真岡市西田井,36.453407,140.04876,真岡鐵道真岡線,真岡鐵道,1,D,5,駅データ.jp
9933010,9933010,北山,栃木県,真岡市,真岡市,真岡市西田井,36.455665,140.067708,真岡鐵道真岡線,真岡鐵道,1,D,5,駅データ.jp
9933011,9933011,益子,栃木県,,,芳賀郡益子町益子,36.462965,140.088526,真岡鐵道真岡線,真岡鐵道,1,D,5,駅データ.jp
9933012,9933012,七井,栃木県,,,芳賀郡益子町大沢,36.491814,140.09439,真岡鐵道真岡線,真岡鐵道,1,D,5,駅データ.jp
9933013,9933013,多田羅,栃木県,芳賀郡市,芳賀郡市,芳賀郡市貝町多田羅,36.515922,140.089795,真岡鐵道真岡線,真岡鐵道,1,D,5,駅データ.jp
9933014,9933014,市塙,栃木県,芳賀郡市,芳賀郡市,芳賀郡市貝町市塙,36.538029,140.110218,真岡鐵道真岡線,真岡鐵道,1,D,5,駅データ.jp
9933015,9933015,笹原田,栃木県,芳賀郡市,芳賀郡市,芳賀郡市貝町笹原田,36.533911,140.144837,真岡鐵道真岡線,真岡鐵道,1,D,5,駅データ.jp
9933016,9933016,天矢場,栃木県,,,芳賀郡茂木町北高岡,36.529292,140.156109,真岡鐵道真岡線,真岡鐵道,1,D,5,駅データ.jp
9933017,9933017,茂木,栃木県,,,芳賀郡茂木町茂木,36.530851,140.181382,真岡鐵道真岡線,真岡鐵道,1,D,5,駅データ.jp
9933102,9933102,市役所前,千葉県,千葉市,千葉市中央区,千葉市中央区千葉港地先道路,35.606878,140.107757,千葉都市モノレール１号線|千葉都市モノレール２号線,千葉都市モノレール,2,D,15,駅データ.jp
9933104,9933104,栄町,千葉県,千葉市,千葉市中央区,千葉市中央区栄町２９-９,35.612822,140.118592,千葉都市モノレール１号線,千葉都市モノレール,1,D,5,駅データ.jp
9933105,9933105,葭川公園,千葉県,千葉市,千葉市中央区,千葉市中央区中央２-１,35.608551,140.120142,千葉都市モノレール１号線,千葉都市モノレール,1,D,5,駅データ.jp
9933106,9933106,県庁前,千葉県,千葉市,千葉市中央区,千葉市中央区市場町１-２,35.603958,140.12222,千葉都市モノレール１号線,千葉都市モノレール,1,D,5,駅データ.jp
9933202,9933202,千葉公園,千葉県,千葉市,千葉市中央区,千葉市中央区弁天３-４６４,35.619774,140.117944,千葉都市モノレール２号線,千葉都市モノレール,1,D,5,駅データ.jp
9933203,9933203,作草部,千葉県,千葉市,千葉市稲毛区,千葉市稲毛区作草部２-１-１９,35.625806,140.115314,千葉都市モノレール２号線,千葉都市モノレール,1,D,5,駅データ.jp
9933204,9933204,天台,千葉県,千葉市,千葉市稲毛区,千葉市稲毛区天台１-１０９５-２,35.631447,140.112902,千葉都市モノレール２号線,千葉都市モノレール,1,D,5,駅データ.jp
9933205,9933205,穴川,千葉県,千葉市,千葉市稲毛区,千葉市稲毛区穴川７９-１,35.639645,140.111849,千葉都市モノレール２号線,千葉都市モノレール,1,D,5,駅データ.jp
9933206,9933206,スポーツセンター,千葉県,千葉市,千葉市稲毛区,千葉市稲毛区天台６-２１２-６,35.643164,140.11611,千葉都市モノレール２号線,千葉都市モノレール,1,D,5,駅データ.jp
9933207,9933207,動物公園,千葉県,千葉市,千葉市若葉区,千葉市若葉区源町４０７-７,35.642585,140.125437,千葉都市モノレール２号線,千葉都市モノレール,1,D,5,駅データ.jp
9933208,9933208,みつわ台,千葉県,千葉市,千葉市若葉区,千葉市若葉区みつわ台３-２８,35.6387,140.134873,千葉都市モノレール２号線,千葉都市モノレール,1,D,5,駅データ.jp
9933210,9933210,桜木,千葉県,千葉市,千葉市若葉区,千葉市若葉区桜木町３３５-４,35.631308,140.160935,千葉都市モノレール２号線,千葉都市モノレール,1,D,5,駅データ.jp
9933211,9933211,小倉台,千葉県,千葉市,千葉市若葉区,千葉市若葉区小倉台４-１７３１-１,35.627755,140.171873,千葉都市モノレール２号線,千葉都市モノレール,1,D,5,駅データ.jp
9933212,9933212,千城台北,千葉県,千葉市,千葉市若葉区,千葉市若葉区千城台北１-２-２,35.627436,140.181972,千葉都市モノレール２号線,千葉都市モノレール,1,D,5,駅データ.jp
9933213,9933213,千城台,千葉県,千葉市,千葉市若葉区,千葉市若葉区千城台北３-１-４１８,35.622314,140.18856,千葉都市モノレール２号線,千葉都市モノレール,1,D,5,駅データ.jp
9933303,9933303,小金城趾,千葉県,松戸市,松戸市,松戸市大金平４-２１２-２,35.83601,139.916887,流鉄流山線,流鉄,1,D,5,駅データ.jp
9933304,9933304,鰭ヶ崎,千葉県,流山市,流山市,千葉県流山市大字鰭ケ崎字宮ノ後1438番地3,35.840948,139.911121,流鉄流山線,流鉄,1,D,5,駅データ.jp
9933305,9933305,平和台,千葉県,流山市,流山市,流山市流山４-４８３,35.85123,139.901108,流鉄流山線,流鉄,1,D,5,駅データ.jp
9933306,9933306,流山,千葉県,流山市,流山市,流山市流山１-２６４,35.855771,139.901766,流鉄流山線,流鉄,1,D,13,駅データ.jp
9933402,9933402,松が谷,東京都,八王子市,八王子市,八王子市松が谷４０,35.63169,139.422201,多摩モノレール,多摩都市モノレール,1,D,5,駅データ.jp
9933403,9933403,大塚・帝京大学,東京都,八王子市,八王子市,八王子市大塚１４７３,35.636878,139.416461,多摩モノレール,多摩都市モノレール,1,D,5,駅データ.jp
9933404,9933404,中央大学・明星大学,東京都,八王子市,八王子市,八王子市東中野７４２,35.64197,139.408672,多摩モノレール,多摩都市モノレール,1,D,5,駅データ.jp
9933406,9933406,程久保,東京都,日野市,日野市,日野市程久保８-１,35.655093,139.410698,多摩モノレール,多摩都市モノレール,1,D,5,駅データ.jp
9933408,9933408,万願寺,東京都,日野市,日野市,日野市新井１２４,35.671249,139.420079,多摩モノレール,多摩都市モノレール,1,D,5,駅データ.jp
9933409,9933409,甲州街道,東京都,日野市,日野市,日野市日野１０３０,35.678262,139.409191,多摩モノレール,多摩都市モノレール,1,D,5,駅データ.jp
9933410,9933410,柴崎体育館,東京都,立川市,立川市,立川市柴崎町６-１０７,35.689475,139.409191,多摩モノレール,多摩都市モノレール,1,D,5,駅データ.jp
9933411,9933411,立川南,東京都,立川市,立川市,立川市柴崎町３-７,35.696077,139.412546,多摩モノレール,多摩都市モノレール,1,D,13,駅データ.jp
9933412,9933412,立川北,東京都,立川市,立川市,立川市曙町２-４,35.699502,139.41254,多摩モノレール,多摩都市モノレール,1,D,13,駅データ.jp
9933413,9933413,高松,東京都,立川市,立川市,立川市高松町１-１００,35.710158,139.413242,多摩モノレール,多摩都市モノレール,1,C,20,駅データ.jp
9933414,9933414,立飛,東京都,立川市,立川市,立川市泉町９３５,35.714717,139.417387,多摩モノレール,多摩都市モノレール,1,D,5,駅データ.jp
9933415,9933415,泉体育館,東京都,立川市,立川市,立川市泉町８４１,35.718775,139.419525,多摩モノレール,多摩都市モノレール,1,D,5,駅データ.jp
9933416,9933416,砂川七番,東京都,立川市,立川市,立川市幸町５-１,35.723319,139.418097,多摩モノレール,多摩都市モノレール,1,D,5,駅データ.jp
9933418,9933418,桜街道,東京都,東大和市,東大和市,東大和市上北台３-４７０,35.739,139.416653,多摩モノレール,多摩都市モノレール,1,D,5,駅データ.jp
9933419,9933419,上北台,東京都,東大和市,東大和市,東大和市上北台１-７４２,35.745824,139.415822,多摩モノレール,多摩都市モノレール,1,D,5,駅データ.jp
9933502,9933502,仲ノ町,千葉県,銚子市,銚子市,銚子市新生町２-２９７,35.728813,140.833871,銚子電鉄線,銚子電気鉄道,1,D,5,駅データ.jp
9933503,9933503,観音,千葉県,銚子市,銚子市,銚子市前宿町３６-１,35.728952,140.840112,銚子電鉄線,銚子電気鉄道,1,D,5,駅データ.jp
9933504,9933504,本銚子,千葉県,銚子市,銚子市,銚子市清水町２９１７,35.731055,140.847844,銚子電鉄線,銚子電気鉄道,1,D,13,駅データ.jp
9933505,9933505,笠上黒生,千葉県,銚子市,銚子市,銚子市笠上町６０１５,35.728427,140.856893,銚子電鉄線,銚子電気鉄道,1,D,5,駅データ.jp
9933506,9933506,西海鹿島,千葉県,銚子市,銚子市,銚子市海鹿島町５２１２,35.725131,140.860207,銚子電鉄線,銚子電気鉄道,1,D,5,駅データ.jp
9933507,9933507,海鹿島,千葉県,銚子市,銚子市,銚子市小畑新町８５０５-１,35.722089,140.863096,銚子電鉄線,銚子電気鉄道,1,D,5,駅データ.jp
9933508,9933508,君ヶ浜,千葉県,銚子市,銚子市,千葉県銚子市君ケ浜8987-4,35.714093,140.860527,銚子電鉄線,銚子電気鉄道,1,D,5,駅データ.jp
9933509,9933509,犬吠,千葉県,銚子市,銚子市,銚子市犬吠埼町９５９５-１,35.706258,140.860935,銚子電鉄線,銚子電気鉄道,1,D,5,駅データ.jp
9933510,9933510,外川,千葉県,銚子市,銚子市,銚子市外川町２-１０６３６,35.699314,140.857322,銚子電鉄線,銚子電気鉄道,1,D,5,駅データ.jp
9933602,9933602,天王洲アイル,東京都,品川区,品川区,品川区東品川２-５-１９,35.621735,139.750734,りんかい線|東京モノレール,東京モノレール|東京臨海高速鉄道,2,D,15,駅データ.jp
9933603,9933603,大井競馬場前,東京都,品川区,品川区,品川区勝島２-２-３５,35.595006,139.74708,東京モノレール,東京モノレール,1,D,5,駅データ.jp
9933604,9933604,流通センター,東京都,大田区,大田区,大田区平和島６-１-２,35.58186,139.748964,東京モノレール,東京モノレール,1,D,5,駅データ.jp
9933605,9933605,昭和島,東京都,大田区,大田区,大田区昭和島２-２-１,35.570656,139.749918,東京モノレール,東京モノレール,1,D,5,駅データ.jp
9933606,9933606,整備場,東京都,大田区,大田区,大田区羽田空港１-７-４,35.555125,139.753366,東京モノレール,東京モノレール,1,D,5,駅データ.jp
9933608,9933608,新整備場,東京都,大田区,大田区,大田区羽田空港３-５-１,35.542773,139.786777,東京モノレール,東京モノレール,1,D,5,駅データ.jp
9933702,9933702,東雲,東京都,江東区,江東区,江東区東雲２-８-１０,35.640987,139.804395,りんかい線,東京臨海高速鉄道,1,D,5,駅データ.jp
9933703,9933703,国際展示場,東京都,江東区,江東区,江東区有明２-５-２５,35.63441,139.791617,りんかい線,東京臨海高速鉄道,1,D,5,駅データ.jp
9933704,9933704,東京テレポート,東京都,江東区,江東区,江東区青海１-２,35.62753,139.778896,りんかい線,東京臨海高速鉄道,1,D,5,駅データ.jp
9933706,9933706,品川シーサイド,東京都,品川区,品川区,品川区東品川４-１２-２２,35.608524,139.749549,りんかい線,東京臨海高速鉄道,1,D,13,駅データ.jp
9933802,9933802,東海神,千葉県,船橋市,船橋市,船橋市海神２-１５地下１号,35.705888,139.980343,東葉高速線,東葉高速鉄道,1,D,5,駅データ.jp
9933803,9933803,飯山満,千葉県,船橋市,船橋市,船橋市飯山満町３-１０５３-５,35.71407,140.0223,東葉高速線,東葉高速鉄道,1,D,5,駅データ.jp
9933805,9933805,船橋日大前,千葉県,船橋市,船橋市,船橋市坪井町６８１-３,35.726931,140.058962,東葉高速線,東葉高速鉄道,1,D,13,駅データ.jp
9933806,9933806,八千代緑が丘,千葉県,八千代市,八千代市,八千代市緑が丘１-１１０４-３,35.728884,140.073461,東葉高速線,東葉高速鉄道,1,D,13,駅データ.jp
9933807,9933807,八千代中央,千葉県,八千代市,八千代市,八千代市ゆりのき台１-３８,35.727807,140.103713,東葉高速線,東葉高速鉄道,1,D,13,駅データ.jp
9933808,9933808,村上,千葉県,八千代市,八千代市,八千代市村上字辺田前４０８９-２,35.72371,140.118375,東葉高速線,東葉高速鉄道,1,D,5,駅データ.jp
9933902,9933902,箱根板橋,神奈川県,小田原市,小田原市,小田原市板橋字薮田１５０-２,35.245169,139.145169,箱根登山鉄道鉄道線,小田急箱根,1,D,5,駅データ.jp
9933903,9933903,風祭,神奈川県,小田原市,小田原市,小田原市風祭字中瀬２４０-２,35.246229,139.129104,箱根登山鉄道鉄道線,小田急箱根,1,D,5,駅データ.jp
9933904,9933904,入生田,神奈川県,小田原市,小田原市,小田原市入生田字松葉１９０-４,35.240894,139.121244,箱根登山鉄道鉄道線,小田急箱根,1,D,5,駅データ.jp
9933905,9933905,箱根湯本,神奈川県,,,足柄下郡箱根町湯本白石下７０７-１,35.233555,139.103743,箱根登山鉄道鉄道線,小田急箱根,1,D,5,駅データ.jp
9933906,9933906,塔ノ沢,神奈川県,,,足柄下郡箱根町塔之澤恵ケ平４６-２,35.234521,139.094016,箱根登山鉄道鉄道線,小田急箱根,1,D,5,駅データ.jp
9933907,9933907,大平台,神奈川県,,,足柄下郡箱根町大平台大向３５５,35.238664,139.073849,箱根登山鉄道鉄道線,小田急箱根,1,D,5,駅データ.jp
9933908,9933908,宮ノ下,神奈川県,,,足柄下郡箱根町宮ノ下字蛇骨４０４-１１,35.241913,139.063052,箱根登山鉄道鉄道線,小田急箱根,1,D,5,駅データ.jp
9933909,9933909,小涌谷,神奈川県,,,足柄下郡箱根町小涌谷字四面塔４６６-６,35.240374,139.053162,箱根登山鉄道鉄道線,小田急箱根,1,D,5,駅データ.jp
9933910,9933910,彫刻の森,神奈川県,,,足柄下郡箱根町二ノ平字北畑１２０４-６,35.246529,139.050856,箱根登山鉄道鉄道線,小田急箱根,1,D,5,駅データ.jp
9933911,9933911,強羅,神奈川県,,,足柄下郡箱根町強羅１３００-３２９,35.25085,139.048162,箱根登山ケーブルカー|箱根登山鉄道鉄道線,小田急箱根,2,D,15,駅データ.jp
9934002,9934002,新柴又,東京都,葛飾区,葛飾区,葛飾区柴又５-７-１,35.75101,139.879376,北総鉄道北総線,北総鉄道,1,D,5,駅データ.jp
9934003,9934003,矢切,千葉県,松戸市,松戸市,松戸市下矢切字入山津１２０,35.757503,139.899742,北総鉄道北総線,北総鉄道,1,D,5,駅データ.jp
9934004,9934004,北国分,千葉県,市川市,市川市,市川市堀之内３-２１-１,35.762916,139.914252,北総鉄道北総線,北総鉄道,1,D,5,駅データ.jp
9934005,9934005,秋山,千葉県,松戸市,松戸市,松戸市秋山字前原１１２,35.765299,139.930723,北総鉄道北総線,北総鉄道,1,D,5,駅データ.jp
9934007,9934007,松飛台,千葉県,松戸市,松戸市,松戸市紙敷１-２９-５,35.775377,139.957739,北総鉄道北総線,北総鉄道,1,D,5,駅データ.jp
9934008,9934008,大町,千葉県,市川市,市川市,市川市大町１７５,35.775103,139.973567,北総鉄道北総線,北総鉄道,1,D,5,駅データ.jp
9934010,9934010,西白井,千葉県,白井市,白井市,白井市根字清水口１０５９-２,35.784364,140.031545,北総鉄道北総線,北総鉄道,1,D,13,駅データ.jp
9934011,9934011,白井,千葉県,白井市,白井市,白井市復字根木山６２０,35.784723,140.0541,北総鉄道北総線,北総鉄道,1,D,13,駅データ.jp
9934012,9934012,小室,千葉県,船橋市,船橋市,船橋市小室町３１０６,35.787004,140.076073,北総鉄道北総線,北総鉄道,1,D,5,駅データ.jp
9934013,9934013,千葉ニュータウン中央,千葉県,印西市,印西市,千葉県印西市中央南一丁目1390-1,35.800175,140.116159,北総鉄道北総線|成田スカイアクセス,京成電鉄|北総鉄道,2,D,15,駅データ.jp
9934014,9934014,印西牧の原,千葉県,印西市,印西市,印西市草深２１９１,35.803608,140.166911,北総鉄道北総線,北総鉄道,1,D,13,駅データ.jp
9934015,9934015,印旛日本医大,千葉県,印西市,印西市,千葉県印西市若萩一丁目1,35.787512,140.203112,北総鉄道北総線|成田スカイアクセス,京成電鉄|北総鉄道,2,D,15,駅データ.jp
9934102,9934102,龍王峡,栃木県,日光市,日光市,日光市藤原字イの原,36.860909,139.718542,ほっとスパ・ライン,野岩鉄道,1,D,5,駅データ.jp
9934103,9934103,川治温泉,栃木県,日光市,日光市,日光市藤原字小網,36.884036,139.703775,ほっとスパ・ライン,野岩鉄道,1,D,5,駅データ.jp
9934104,9934104,川治湯元,栃木県,日光市,日光市,日光市川治温泉川治字コケイト,36.895126,139.702772,ほっとスパ・ライン,野岩鉄道,1,D,5,駅データ.jp
9934105,9934105,湯西川温泉,栃木県,日光市,日光市,日光市西川字葛老,36.929482,139.68824,ほっとスパ・ライン,野岩鉄道,1,D,5,駅データ.jp
9934106,9934106,中三依温泉,栃木県,日光市,日光市,日光市中三依字君山樺地,36.985843,139.69614,ほっとスパ・ライン,野岩鉄道,1,D,5,駅データ.jp
9934107,9934107,上三依塩原温泉口,栃木県,日光市,日光市,日光市上三依字田代山８０４,37.014461,139.727168,ほっとスパ・ライン,野岩鉄道,1,D,5,駅データ.jp
9934108,9934108,男鹿高原,栃木県,日光市,日光市,日光市横川字越路,37.04784,139.723845,ほっとスパ・ライン,野岩鉄道,1,D,5,駅データ.jp
9934203,9934203,赤土小学校前,東京都,荒川区,荒川区,荒川区東尾久４-７-７,35.742454,139.768989,日暮里・舎人ライナー,東京都交通局,1,D,5,駅データ.jp
9934205,9934205,足立小台,東京都,足立区,足立区,足立区小台１-２０-１,35.754658,139.770381,日暮里・舎人ライナー,東京都交通局,1,D,13,駅データ.jp
9934206,9934206,扇大橋,東京都,足立区,足立区,足立区扇２-２５-７,35.763897,139.770808,日暮里・舎人ライナー,東京都交通局,1,D,5,駅データ.jp
9934207,9934207,高野,東京都,足立区,足立区,足立区扇２-４５-１,35.768359,139.770679,日暮里・舎人ライナー,東京都交通局,1,D,5,駅データ.jp
9934208,9934208,江北,東京都,足立区,足立区,足立区江北４-３０-２７,35.774021,139.770306,日暮里・舎人ライナー,東京都交通局,1,D,5,駅データ.jp
9934209,9934209,西新井大師西,東京都,足立区,足立区,足立区江北６-３０-２３,35.781505,139.770094,日暮里・舎人ライナー,東京都交通局,1,D,5,駅データ.jp
9934210,9934210,谷在家,東京都,足立区,足立区,足立区谷在家３-２０-２３,35.788774,139.770043,日暮里・舎人ライナー,東京都交通局,1,D,5,駅データ.jp
9934211,9934211,舎人公園,東京都,足立区,足立区,足立区舎人公園１-１０,35.79623,139.770183,日暮里・舎人ライナー,東京都交通局,1,D,5,駅データ.jp
9934212,9934212,舎人,東京都,足立区,足立区,足立区舎人１-１６-１５,35.8057,139.770108,日暮里・舎人ライナー,東京都交通局,1,D,5,駅データ.jp
9934213,9934213,見沼代親水公園,東京都,足立区,足立区,足立区舎人２-２１-１３,35.814544,139.770719,日暮里・舎人ライナー,東京都交通局,1,D,5,駅データ.jp
9934302,9934302,川和町,神奈川県,筑区,筑区,横浜市都筑区川和町１２５１番地先,35.52802,139.548745,グリーンライン,横浜市交通局,1,D,5,駅データ.jp
9934303,9934303,都筑ふれあいの丘,神奈川県,筑区,筑区,横浜市都筑区葛が谷１１番,35.536583,139.561359,グリーンライン,横浜市交通局,1,D,13,駅データ.jp
9934306,9934306,北山田,神奈川県,筑区,筑区,横浜市都筑区北山田１丁目６番先,35.561077,139.592258,グリーンライン,横浜市交通局,1,D,5,駅データ.jp
9934307,9934307,東山田,神奈川県,筑区,筑区,横浜市都筑区東山田町３３９番地,35.554302,139.604369,グリーンライン,横浜市交通局,1,D,5,駅データ.jp
9934308,9934308,高田,神奈川県,横浜市,横浜市港北区,横浜市港北区高田東３丁目１番先,35.549713,139.619944,グリーンライン,横浜市交通局,1,D,5,駅データ.jp
9934309,9934309,日吉本町,神奈川県,横浜市,横浜市港北区,横浜市港北区日吉本町５丁目３番,35.549883,139.633554,グリーンライン,横浜市交通局,1,D,5,駅データ.jp
9934402,9934402,公園下,神奈川県,,,神奈川県足柄下郡箱根町,35.249944,139.045639,箱根登山ケーブルカー,小田急箱根,1,D,5,駅データ.jp
9934403,9934403,公園上,神奈川県,,,神奈川県足柄下郡箱根町,35.249083,139.043167,箱根登山ケーブルカー,小田急箱根,1,D,5,駅データ.jp
9934404,9934404,中強羅,神奈川県,,,神奈川県足柄下郡箱根町,35.248167,139.040556,箱根登山ケーブルカー,小田急箱根,1,D,5,駅データ.jp
9934405,9934405,上強羅,神奈川県,,,神奈川県足柄下郡箱根町,35.247306,139.038056,箱根登山ケーブルカー,小田急箱根,1,D,5,駅データ.jp
9934406,9934406,早雲山,神奈川県,,,神奈川県足柄下郡箱根町強羅,35.246444,139.035611,箱根登山ケーブルカー,小田急箱根,1,D,5,駅データ.jp
9934502,9934502,東宿郷,栃木県,宇都宮市,宇都宮市,栃木県宇都宮市東宿郷,36.558278,139.903972,芳賀・宇都宮LRT,宇都宮ライトレール,1,D,5,駅データ.jp
9934503,9934503,駅東公園前,栃木県,宇都宮市,宇都宮市,栃木県宇都宮市東宿郷,36.557972,139.908111,芳賀・宇都宮LRT,宇都宮ライトレール,1,D,5,駅データ.jp
9934504,9934504,峰,栃木県,宇都宮市,宇都宮市,栃木県宇都宮市峰,36.5575,139.915222,芳賀・宇都宮LRT,宇都宮ライトレール,1,D,5,駅データ.jp
9934505,9934505,陽東3丁目,栃木県,宇都宮市,宇都宮市,栃木県宇都宮市陽東,36.557306,139.923194,芳賀・宇都宮LRT,宇都宮ライトレール,1,D,5,駅データ.jp
9934506,9934506,宇都宮大学陽東キャンパス,栃木県,宇都宮市,宇都宮市,栃木県宇都宮市陽東,36.557083,139.930417,芳賀・宇都宮LRT,宇都宮ライトレール,1,D,13,駅データ.jp
9934507,9934507,平石,栃木県,宇都宮市,宇都宮市,栃木県宇都宮市下平出町3110番地,36.55505,139.939279,芳賀・宇都宮LRT,宇都宮ライトレール,1,D,5,駅データ.jp
9934508,9934508,平石中央小学校前,栃木県,宇都宮市,宇都宮市,栃木県宇都宮市下平出町,36.55487,139.944835,芳賀・宇都宮LRT,宇都宮ライトレール,1,D,5,駅データ.jp
9934509,9934509,飛山城跡,栃木県,宇都宮市,宇都宮市,栃木県宇都宮市竹下町,36.548348,139.963429,芳賀・宇都宮LRT,宇都宮ライトレール,1,D,5,駅データ.jp
9934510,9934510,清陵高校前,栃木県,宇都宮市,宇都宮市,栃木県宇都宮市竹下町,36.544947,139.976308,芳賀・宇都宮LRT,宇都宮ライトレール,1,D,5,駅データ.jp
9934511,9934511,清原地区市民センター前,栃木県,宇都宮市,宇都宮市,栃木県宇都宮市清原工業団地,36.547639,139.984306,芳賀・宇都宮LRT,宇都宮ライトレール,1,D,5,駅データ.jp
9934512,9934512,グリーンスタジアム前,栃木県,宇都宮市,宇都宮市,栃木県宇都宮市清原工業団地,36.553616,139.98325,芳賀・宇都宮LRT,宇都宮ライトレール,1,D,5,駅データ.jp
9934513,9934513,ゆいの杜西,栃木県,宇都宮市,宇都宮市,栃木県宇都宮市ゆいの杜,36.567297,139.986757,芳賀・宇都宮LRT,宇都宮ライトレール,1,D,5,駅データ.jp
9934514,9934514,ゆいの杜中央,栃木県,宇都宮市,宇都宮市,栃木県宇都宮市ゆいの杜,36.56775,139.992972,芳賀・宇都宮LRT,宇都宮ライトレール,1,D,5,駅データ.jp
9934515,9934515,ゆいの杜東,栃木県,宇都宮市,宇都宮市,栃木県宇都宮市ゆいの杜,36.56762,139.99832,芳賀・宇都宮LRT,宇都宮ライトレール,1,D,5,駅データ.jp
9934516,9934516,芳賀台,栃木県,,,栃木県芳賀郡芳賀町芳賀台,36.56625,140.005942,芳賀・宇都宮LRT,宇都宮ライトレール,1,D,5,駅データ.jp
9934517,9934517,芳賀町工業団地管理センター前,栃木県,,,栃木県芳賀郡芳賀町芳賀台,36.56495,140.010687,芳賀・宇都宮LRT,宇都宮ライトレール,1,D,5,駅データ.jp
9934518,9934518,かしの森公園前,栃木県,,,栃木県芳賀郡芳賀町下高根沢,36.572445,140.014631,芳賀・宇都宮LRT,宇都宮ライトレール,1,D,5,駅データ.jp
9934519,9934519,芳賀・高根沢工業団地,栃木県,,,栃木県芳賀郡芳賀町下高根沢,36.57856,140.011993,芳賀・宇都宮LRT,宇都宮ライトレール,1,D,5,駅データ.jp
9940102,9940102,上大月,山梨県,大月市,大月市,大月市大月２丁目,35.609341,138.938128,富士急行線,富士山麓電気鉄道,1,D,13,駅データ.jp
9940103,9940103,田野倉,山梨県,都留市,都留市,都留市田野倉,35.593456,138.931271,富士急行線,富士山麓電気鉄道,1,D,5,駅データ.jp
9940104,9940104,禾生,山梨県,都留市,都留市,都留市古川渡,35.575175,138.929191,富士急行線,富士山麓電気鉄道,1,D,5,駅データ.jp
9940105,9940105,赤坂,山梨県,都留市,都留市,都留市四日市場,35.566093,138.916035,富士急行線,富士山麓電気鉄道,1,D,5,駅データ.jp
9940106,9940106,都留市,山梨県,都留市,都留市,都留市つる１-１２-１,35.557199,138.907525,富士急行線,富士山麓電気鉄道,1,D,13,駅データ.jp
9940107,9940107,谷村町,山梨県,都留市,都留市,都留市上谷１丁目,35.550744,138.904631,富士急行線,富士山麓電気鉄道,1,D,5,駅データ.jp
9940108,9940108,都留文科大学前,山梨県,都留市,都留市,都留市田原２-６５４,35.542531,138.896438,富士急行線,富士山麓電気鉄道,1,D,13,駅データ.jp
9940109,9940109,十日市場,山梨県,都留市,都留市,都留市十日市場,35.538881,138.887489,富士急行線,富士山麓電気鉄道,1,D,5,駅データ.jp
9940110,9940110,東桂,山梨県,都留市,都留市,都留市桂町,35.536334,138.870758,富士急行線,富士山麓電気鉄道,1,D,5,駅データ.jp
9940111,9940111,三つ峠,山梨県,,,南都留郡西桂町小沼,35.524291,138.84555,富士急行線,富士山麓電気鉄道,1,D,5,駅データ.jp
9940112,9940112,寿,山梨県,富士吉田市,富士吉田市,富士吉田市上暮地,35.508442,138.82558,富士急行線,富士山麓電気鉄道,1,D,5,駅データ.jp
9940113,9940113,葭池温泉前,山梨県,富士吉田市,富士吉田市,富士吉田市下吉田,35.502084,138.812212,富士急行線,富士山麓電気鉄道,1,D,5,駅データ.jp
9940114,9940114,下吉田,山梨県,富士吉田市,富士吉田市,富士吉田市新倉,35.497909,138.80366,富士急行線,富士山麓電気鉄道,1,D,5,駅データ.jp
9940115,9940115,月江寺,山梨県,富士吉田市,富士吉田市,富士吉田市緑ケ丘１丁目,35.493313,138.798105,富士急行線,富士山麓電気鉄道,1,D,5,駅データ.jp
9940116,9940116,富士山,山梨県,富士吉田市,富士吉田市,富士吉田市松山,35.483536,138.795686,富士急行線,富士山麓電気鉄道,1,D,5,駅データ.jp
9940117,9940117,富士急ハイランド,山梨県,,,南都留郡富士河口湖町船津字剣丸尾,35.488974,138.782048,富士急行線,富士山麓電気鉄道,1,D,5,駅データ.jp
9940118,9940118,河口湖,山梨県,,,南都留郡富士河口湖町船津,35.498231,138.768852,富士急行線,富士山麓電気鉄道,1,D,5,駅データ.jp
9940202,9940202,魚沼丘陵,新潟県,南魚沼市,南魚沼市,南魚沼市野田,37.09614,138.877619,北越急行ほくほく線,北越急行,1,D,5,駅データ.jp
9940203,9940203,美佐島,新潟県,十日町市,十日町市,十日町市猿倉,37.130996,138.789774,北越急行ほくほく線,北越急行,1,D,5,駅データ.jp
9940204,9940204,しんざ,新潟県,十日町市,十日町市,十日町市新座,37.139675,138.768339,北越急行ほくほく線,北越急行,1,D,5,駅データ.jp
9940206,9940206,まつだい,新潟県,十日町市,十日町市,十日町市松代,37.132209,138.613884,北越急行ほくほく線,北越急行,1,D,5,駅データ.jp
9940207,9940207,ほくほく大島,新潟県,上越市,上越市大島区,上越市大島区下達,37.146997,138.509551,北越急行ほくほく線,北越急行,1,D,5,駅データ.jp
9940208,9940208,虫川大杉,新潟県,上越市,上越市浦川原区,上越市浦川原区虫川,37.154897,138.441409,北越急行ほくほく線,北越急行,1,D,5,駅データ.jp
9940209,9940209,うらがわら,新潟県,上越市,上越市浦川原区,上越市浦川原区顕聖寺,37.159285,138.419047,北越急行ほくほく線,北越急行,1,D,5,駅データ.jp
9940210,9940210,大池いこいの森,新潟県,上越市,上越市頸城区,上越市頸城区大蒲生田,37.18442,138.373406,北越急行ほくほく線,北越急行,1,D,5,駅データ.jp
9940211,9940211,くびき,新潟県,上越市,上越市頸城区,上越市頸城区手島,37.198168,138.361689,北越急行ほくほく線,北越急行,1,D,5,駅データ.jp
9940301,9940301,軽井沢,長野県,,,北佐久郡軽井沢町大字軽井沢１１７８番地,36.342889,138.635096,しなの鉄道線,しなの鉄道,1,D,5,駅データ.jp
9940302,9940302,中軽井沢,長野県,,,北佐久郡軽井沢町長倉３０９１番地,36.347576,138.593147,しなの鉄道線,しなの鉄道,1,D,5,駅データ.jp
9940303,9940303,信濃追分,長野県,,,北佐久郡軽井沢町追分１０９２番地,36.335538,138.558582,しなの鉄道線,しなの鉄道,1,D,5,駅データ.jp
9940304,9940304,御代田,長野県,,,北佐久郡御代田町大字御代田２４２２番地,36.318986,138.50619,しなの鉄道線,しなの鉄道,1,D,5,駅データ.jp
9940305,9940305,平原,長野県,小諸市,小諸市,小諸市大字平原６０３番地,36.308606,138.453926,しなの鉄道線,しなの鉄道,1,D,5,駅データ.jp
9940307,9940307,滋野,長野県,東御市,東御市,東御市滋野乙９７７番地,36.342586,138.363543,しなの鉄道線,しなの鉄道,1,D,5,駅データ.jp
9940308,9940308,田中,長野県,東御市,東御市,東御市田中２７９番地,36.354433,138.329414,しなの鉄道線,しなの鉄道,1,D,5,駅データ.jp
9940309,9940309,大屋,長野県,上田市,上田市,上田市大字大屋４５４番地,36.369566,138.297109,しなの鉄道線,しなの鉄道,1,D,5,駅データ.jp
9940310,9940310,信濃国分寺,長野県,上田市,上田市,上田市大字国分字浦沖１２４６番地の５,36.378592,138.273385,しなの鉄道線,しなの鉄道,1,D,5,駅データ.jp
9940311,9940311,上田,長野県,上田市,上田市,上田市天神１丁目１８８７番地,36.396635,138.249059,しなの鉄道線|上田電鉄別所線,しなの鉄道|上田交通,2,C,23,駅データ.jp
9940312,9940312,西上田,長野県,上田市,上田市,上田市下塩尻屋敷３４１番地,36.417318,138.20855,しなの鉄道線,しなの鉄道,1,D,13,駅データ.jp
9940313,9940313,テクノさかき,長野県,,,埴科郡坂城町大字南条字社宮神４９１０-５番地,36.440584,138.188204,しなの鉄道線,しなの鉄道,1,D,5,駅データ.jp
9940314,9940314,坂城,長野県,,,埴科郡坂城町坂城,36.46195,138.181315,しなの鉄道線,しなの鉄道,1,D,5,駅データ.jp
9940315,9940315,戸倉,長野県,千曲市,千曲市,千曲市大字戸倉１４４５番地,36.492913,138.153017,しなの鉄道線,しなの鉄道,1,D,5,駅データ.jp
9940316,9940316,屋代,長野県,千曲市,千曲市,千曲市大字小島３１３９番地,36.532062,138.128191,しなの鉄道線,しなの鉄道,1,D,5,駅データ.jp
9940317,9940317,屋代高校前,長野県,千曲市,千曲市,千曲市大字屋代字新田１４１１の３番地,36.547853,138.132489,しなの鉄道線,しなの鉄道,1,D,5,駅データ.jp
9940319,9940319,千曲,長野県,千曲市,千曲市,長野県千曲市大字寂蒔200,36.509039,138.141661,しなの鉄道線,しなの鉄道,1,D,13,駅データ.jp
9940402,9940402,城下,長野県,上田市,上田市,上田市大字諏訪形字中田９８２,36.392454,138.242712,上田電鉄別所線,上田交通,1,D,5,駅データ.jp
9940403,9940403,三好町,長野県,上田市,上田市,上田市大字中之条字中満丁２４０-５,36.391712,138.235585,上田電鉄別所線,上田交通,1,D,5,駅データ.jp
9940404,9940404,赤坂上,長野県,上田市,上田市,上田市大字上田原字一ノ口８７５-７,36.391301,138.227224,上田電鉄別所線,上田交通,1,D,5,駅データ.jp
9940405,9940405,上田原,長野県,上田市,上田市,上田市大字上田原字屋鋪田６９７-５,36.390488,138.221439,上田電鉄別所線,上田交通,1,D,13,駅データ.jp
9940406,9940406,寺下,長野県,上田市,上田市,上田市大字神畑字寺下６１６-１,36.38388,138.21634,上田電鉄別所線,上田交通,1,D,5,駅データ.jp
9940407,9940407,神畑,長野県,上田市,上田市,上田市大字神畑字孤池９４-５,36.377841,138.216965,上田電鉄別所線,上田交通,1,D,5,駅データ.jp
9940408,9940408,大学前,長野県,上田市,上田市,上田市大字下之郷字上迎２８４-５,36.371287,138.215171,上田電鉄別所線,上田交通,1,D,5,駅データ.jp
9940409,9940409,下之郷,長野県,上田市,上田市,上田市大字下之郷５１７-３,36.363249,138.217227,上田電鉄別所線,上田交通,1,D,5,駅データ.jp
9940410,9940410,中塩田,長野県,上田市,上田市,上田市大字五加字富在家１２２５-６,36.363212,138.204728,上田電鉄別所線,上田交通,1,D,5,駅データ.jp
9940411,9940411,塩田町,長野県,上田市,上田市,上田市大字中野字兼田４０-２,36.360888,138.198445,上田電鉄別所線,上田交通,1,D,5,駅データ.jp
9940412,9940412,中野,長野県,上田市,上田市,上田市大字中野字池下４９６-４,36.360654,138.193438,上田電鉄別所線,上田交通,1,A,60,駅データ.jp
9940413,9940413,舞田,長野県,上田市,上田市,上田市大字舞田字柳堂４４-６,36.359621,138.18288,上田電鉄別所線,上田交通,1,D,5,駅データ.jp
9940414,9940414,八木沢,長野県,上田市,上田市,上田市大字八木沢字表田中４３９-２,36.358365,138.175786,上田電鉄別所線,上田交通,1,D,5,駅データ.jp
9940415,9940415,別所温泉,長野県,上田市,上田市,上田市大字別所温泉１８５３-３,36.353121,138.161924,上田電鉄別所線,上田交通,1,D,5,駅データ.jp
9940502,9940502,市役所前,長野県,長野市,長野市,長野市鶴賀字森下１１２０-５,36.649141,138.191488,長野電鉄長野線,長野電鉄,1,D,5,駅データ.jp
9940503,9940503,権堂,長野県,長野市,長野市,長野市権堂町２１９９-１０,36.653088,138.19188,長野電鉄長野線,長野電鉄,1,D,5,駅データ.jp
9940504,9940504,善光寺下,長野県,長野市,長野市,長野市三輪７-９１９-２,36.658673,138.193513,長野電鉄長野線,長野電鉄,1,D,5,駅データ.jp
9940505,9940505,本郷,長野県,長野市,長野市,長野市三輪３-１５-９,36.662567,138.204014,長野電鉄長野線,長野電鉄,1,D,5,駅データ.jp
9940506,9940506,桐原,長野県,長野市,長野市,長野市古野宮西８２８-２,36.665642,138.21303,長野電鉄長野線,長野電鉄,1,D,5,駅データ.jp
9940507,9940507,信濃吉田,長野県,長野市,長野市,長野市吉田３-９-１３,36.667428,138.220904,長野電鉄長野線,長野電鉄,1,D,5,駅データ.jp
9940508,9940508,朝陽,長野県,長野市,長野市,長野市南堀村北１９２-１,36.666326,138.240635,長野電鉄長野線,長野電鉄,1,D,5,駅データ.jp
9940509,9940509,附属中学前,長野県,長野市,長野市,長野市南堀中堰北８３-１,36.662488,138.248298,長野電鉄長野線,長野電鉄,1,D,5,駅データ.jp
9940510,9940510,柳原,長野県,長野市,長野市,長野市柳原西井２１３３-２,36.663438,138.258317,長野電鉄長野線,長野電鉄,1,D,5,駅データ.jp
9940511,9940511,村山,長野県,須坂市,須坂市,須坂市高梨町流３０３-２,36.659295,138.279556,長野電鉄長野線,長野電鉄,1,D,5,駅データ.jp
9940512,9940512,日野,長野県,須坂市,須坂市,須坂市小山蒔田２５１７-１５,36.655621,138.289574,長野電鉄長野線,長野電鉄,1,D,5,駅データ.jp
9940513,9940513,須坂,長野県,須坂市,須坂市,須坂市須坂宗石１２８８-２,36.656841,138.304239,長野電鉄長野線,長野電鉄,1,D,13,駅データ.jp
9940514,9940514,北須坂,長野県,須坂市,須坂市,須坂市小河原町北山道北沖２１２９-４,36.678283,138.308705,長野電鉄長野線,長野電鉄,1,D,13,駅データ.jp
9940515,9940515,小布施,長野県,,,上高井郡小布施町小布施親木１４９７-２,36.698942,138.312771,長野電鉄長野線,長野電鉄,1,D,5,駅データ.jp
9940516,9940516,都住,長野県,,,上高井郡小布施町都住宮上４７２-４,36.704122,138.322086,長野電鉄長野線,長野電鉄,1,D,5,駅データ.jp
9940517,9940517,桜沢,長野県,中野市,中野市,中野市三ツ和大日前１４９７-１,36.712641,138.349642,長野電鉄長野線,長野電鉄,1,D,5,駅データ.jp
9940518,9940518,延徳,長野県,中野市,中野市,中野市篠井堰向２２９-２,36.726973,138.362693,長野電鉄長野線,長野電鉄,1,D,5,駅データ.jp
9940519,9940519,信州中野,長野県,中野市,中野市,中野市西１-１,36.74476,138.364901,長野電鉄長野線,長野電鉄,1,D,13,駅データ.jp
9940520,9940520,中野松川,長野県,中野市,中野市,中野市中野馬場１８４０-３,36.750615,138.374252,長野電鉄長野線,長野電鉄,1,D,13,駅データ.jp
9940521,9940521,信濃竹原,長野県,中野市,中野市,中野市竹原松崎１８１３,36.761045,138.393672,長野電鉄長野線,長野電鉄,1,D,5,駅データ.jp
9940522,9940522,夜間瀬,長野県,,,下高井郡山ノ内町夜間瀬下田中島２４９３-２,36.759998,138.403322,長野電鉄長野線,長野電鉄,1,D,5,駅データ.jp
9940523,9940523,上条,長野県,,,下高井郡山ノ内町平穏仁堂下４５９４-２,36.749641,138.407619,長野電鉄長野線,長野電鉄,1,D,5,駅データ.jp
9940524,9940524,湯田中,長野県,,,下高井郡山ノ内町平穏字下中道南,36.741659,138.414877,長野電鉄長野線,長野電鉄,1,D,5,駅データ.jp
9940702,9940702,西松本,長野県,松本市,松本市,松本市中条３-１５,36.227111,137.963299,上高地線,アルピコ交通,1,D,13,駅データ.jp
9940703,9940703,渚,長野県,松本市,松本市,松本市渚３-９-４２,36.227169,137.956006,上高地線,アルピコ交通,1,D,5,駅データ.jp
9940704,9940704,信濃荒井,長野県,松本市,松本市,松本市大字島立字荒井５５,36.229019,137.949484,上高地線,アルピコ交通,1,D,5,駅データ.jp
9940705,9940705,大庭,長野県,松本市,松本市,松本市大字島立字大庭１８６８,36.226961,137.941346,上高地線,アルピコ交通,1,D,5,駅データ.jp
9940706,9940706,下新,長野県,松本市,松本市,松本市大字新村下新北３２８７,36.22513,137.922564,上高地線,アルピコ交通,1,D,5,駅データ.jp
9940707,9940707,北新・松本大学前,長野県,松本市,松本市,松本市大字新村北新西２０８８,36.219816,137.913823,上高地線,アルピコ交通,1,D,13,駅データ.jp
9940708,9940708,新村,長野県,松本市,松本市,松本市大字新村山王５４８,36.216441,137.905304,上高地線,アルピコ交通,1,D,5,駅データ.jp
9940709,9940709,三溝,長野県,松本市,松本市,長野県松本市波田三溝1680-2,36.212863,137.891469,上高地線,アルピコ交通,1,D,5,駅データ.jp
9940710,9940710,森口,長野県,松本市,松本市,長野県松本市波田森口4417-25,36.208136,137.881315,上高地線,アルピコ交通,1,D,5,駅データ.jp
9940711,9940711,下島,長野県,松本市,松本市,長野県松本市波田4417-12,36.206131,137.871841,上高地線,アルピコ交通,1,D,5,駅データ.jp
9940712,9940712,波田,長野県,松本市,松本市,長野県松本市波田鍋割4417-28,36.200358,137.856412,上高地線,アルピコ交通,1,D,5,駅データ.jp
9940713,9940713,渕東,長野県,松本市,松本市,長野県松本市波田4207,36.195325,137.840313,上高地線,アルピコ交通,1,D,5,駅データ.jp
9940714,9940714,新島々,長野県,松本市,松本市,長野県松本市波田赤松3050-1,36.18977,137.821689,上高地線,アルピコ交通,1,D,5,駅データ.jp
9940802,9940802,稲荷町,富山県,富山市,富山市,富山市稲荷町,36.696597,137.231247,富山地鉄不二越・上滝線|富山地鉄本線,富山地方鉄道,2,D,15,駅データ.jp
9940803,9940803,東新庄,富山県,富山市,富山市,富山市新庄新町,36.698644,137.253021,富山地鉄本線,富山地方鉄道,1,D,5,駅データ.jp
9940804,9940804,越中荏原,富山県,富山市,富山市,富山市向新庄,36.698978,137.266222,富山地鉄本線,富山地方鉄道,1,D,5,駅データ.jp
9940805,9940805,越中三郷,富山県,富山市,富山市,富山市水橋開発,36.703309,137.290792,富山地鉄本線,富山地方鉄道,1,D,5,駅データ.jp
9940806,9940806,越中舟橋,富山県,,,中新川郡舟橋村竹内,36.705725,137.306632,富山地鉄本線,富山地方鉄道,1,D,5,駅データ.jp
9940807,9940807,寺田,富山県,,,中新川郡立山町浦田,36.698852,137.319145,富山地鉄本線|富山地鉄立山線,富山地方鉄道,2,D,15,駅データ.jp
9940808,9940808,越中泉,富山県,,,中新川郡立山町泉,36.699905,137.327245,富山地鉄本線,富山地方鉄道,1,D,5,駅データ.jp
9940809,9940809,相ノ木,富山県,中新川郡上市,中新川郡上市,中新川郡上市町正印新,36.701963,137.335472,富山地鉄本線,富山地方鉄道,1,D,5,駅データ.jp
9940810,9940810,上市,富山県,中新川郡上市,中新川郡上市,中新川郡上市町若杉,36.704463,137.357603,富山地鉄本線,富山地方鉄道,1,D,5,駅データ.jp
9940811,9940811,新宮川,富山県,中新川郡上市,中新川郡上市,中新川郡上市町中江上,36.717292,137.351128,富山地鉄本線,富山地方鉄道,1,D,5,駅データ.jp
9940812,9940812,中加積,富山県,滑川市,滑川市,滑川市堀江,36.735309,137.350947,富山地鉄本線,富山地方鉄道,1,D,5,駅データ.jp
9940813,9940813,西加積,富山県,滑川市,滑川市,滑川市下梅沢,36.746405,137.340139,富山地鉄本線,富山地方鉄道,1,D,5,駅データ.jp
9940814,9940814,西滑川,富山県,滑川市,滑川市,滑川市菰原,36.755579,137.334617,富山地鉄本線,富山地方鉄道,1,D,13,駅データ.jp
9940815,9940815,中滑川,富山県,滑川市,滑川市,滑川市田中新町,36.761992,137.339963,富山地鉄本線,富山地方鉄道,1,D,13,駅データ.jp
9940817,9940817,浜加積,富山県,滑川市,滑川市,滑川市曲渕,36.77743,137.361411,富山地鉄本線,富山地方鉄道,1,D,5,駅データ.jp
9940818,9940818,早月加積,富山県,滑川市,滑川市,滑川市追分,36.784082,137.372079,富山地鉄本線,富山地方鉄道,1,D,5,駅データ.jp
9940819,9940819,越中中村,富山県,滑川市,滑川市,滑川市中村,36.790673,137.382688,富山地鉄本線,富山地方鉄道,1,D,5,駅データ.jp
9940820,9940820,西魚津,富山県,魚津市,魚津市,魚津市住吉,36.803775,137.394653,富山地鉄本線,富山地方鉄道,1,D,13,駅データ.jp
9940821,9940821,電鉄魚津,富山県,魚津市,魚津市,魚津市文化町,36.815113,137.400288,富山地鉄本線,富山地方鉄道,1,D,13,駅データ.jp
9940823,9940823,経田,富山県,魚津市,魚津市,魚津市浜経田,36.848846,137.416203,富山地鉄本線,富山地方鉄道,1,D,5,駅データ.jp
9940824,9940824,電鉄石田,富山県,黒部市,黒部市,黒部市岡,36.865928,137.423194,富山地鉄本線,富山地方鉄道,1,D,5,駅データ.jp
9940825,9940825,電鉄黒部,富山県,黒部市,黒部市,黒部市三日市,36.874091,137.444125,富山地鉄本線,富山地方鉄道,1,D,13,駅データ.jp
9940826,9940826,東三日市,富山県,黒部市,黒部市,黒部市三日市,36.874677,137.450908,富山地鉄本線,富山地方鉄道,1,D,5,駅データ.jp
9940827,9940827,荻生,富山県,黒部市,黒部市,黒部市荻生,36.875038,137.459221,富山地鉄本線,富山地方鉄道,1,D,5,駅データ.jp
9940828,9940828,長屋,富山県,黒部市,黒部市,黒部市長屋,36.873678,137.470803,富山地鉄本線,富山地方鉄道,1,D,5,駅データ.jp
9940829,9940829,舌山,富山県,黒部市,黒部市,黒部市若栗,36.87187,137.485948,富山地鉄本線,富山地方鉄道,1,D,5,駅データ.jp
9940830,9940830,若栗,富山県,黒部市,黒部市,黒部市若栗,36.871151,137.493175,富山地鉄本線,富山地方鉄道,1,D,5,駅データ.jp
9940831,9940831,栃屋,富山県,黒部市,黒部市,黒部市宇奈月町栃屋,36.869788,137.505842,富山地鉄本線,富山地方鉄道,1,D,5,駅データ.jp
9940832,9940832,浦山,富山県,黒部市,黒部市,黒部市宇奈月町浦山,36.8634,137.519407,富山地鉄本線,富山地方鉄道,1,D,5,駅データ.jp
9940833,9940833,下立口,富山県,黒部市,黒部市,黒部市宇奈月町下立,36.859571,137.532908,富山地鉄本線,富山地方鉄道,1,D,5,駅データ.jp
9940834,9940834,下立,富山県,黒部市,黒部市,黒部市宇奈月町下立,36.857707,137.541396,富山地鉄本線,富山地方鉄道,1,D,5,駅データ.jp
9940835,9940835,愛本,富山県,黒部市,黒部市,黒部市宇奈月町内山,36.855975,137.553769,富山地鉄本線,富山地方鉄道,1,D,5,駅データ.jp
9940836,9940836,内山,富山県,黒部市,黒部市,黒部市宇奈月町内山,36.846826,137.556733,富山地鉄本線,富山地方鉄道,1,D,5,駅データ.jp
9940837,9940837,音沢,富山県,黒部市,黒部市,黒部市宇奈月町大滝,36.840716,137.559833,富山地鉄本線,富山地方鉄道,1,D,5,駅データ.jp
9940838,9940838,宇奈月温泉,富山県,黒部市,黒部市,黒部市宇奈月温泉桃原,36.815366,137.5847,富山地鉄本線|黒部峡谷鉄道本線,富山地方鉄道|黒部峡谷鉄道,2,D,15,駅データ.jp
9940839,9940839,新庄田中,富山県,富山市,富山市,富山県富山市田中町四丁目96-3,36.697972,137.241417,富山地鉄本線,富山地方鉄道,1,D,5,駅データ.jp
9940840,9940840,新相ノ木,富山県,中新川郡上市,中新川郡上市,富山県中新川郡上市町上経田4-91,36.703128,137.342278,富山地鉄本線,富山地方鉄道,1,D,5,駅データ.jp
9940902,9940902,稚子塚,富山県,,,中新川郡立山町浦田,36.686595,137.317515,富山地鉄立山線,富山地方鉄道,1,D,5,駅データ.jp
9940903,9940903,田添,富山県,,,中新川郡立山町田添,36.679759,137.317768,富山地鉄立山線,富山地方鉄道,1,D,5,駅データ.jp
9940904,9940904,五百石,富山県,,,中新川郡立山町前沢,36.665361,137.314097,富山地鉄立山線,富山地方鉄道,1,D,5,駅データ.jp
9940905,9940905,榎町,富山県,,,中新川郡立山町前沢,36.657559,137.316519,富山地鉄立山線,富山地方鉄道,1,D,5,駅データ.jp
9940906,9940906,下段,富山県,,,中新川郡立山町榎,36.647899,137.317735,富山地鉄立山線,富山地方鉄道,1,D,5,駅データ.jp
9940907,9940907,釜ヶ淵,富山県,,,富山県中新川郡立山町道源寺,36.633317,137.319288,富山地鉄立山線,富山地方鉄道,1,D,5,駅データ.jp
9940908,9940908,沢中山,富山県,,,中新川郡立山町岩峅寺,36.622207,137.320972,富山地鉄立山線,富山地方鉄道,1,D,5,駅データ.jp
9940909,9940909,岩峅寺,富山県,,,中新川郡立山町岩峅寺,36.608214,137.319922,富山地鉄不二越・上滝線|富山地鉄立山線,富山地方鉄道,2,D,15,駅データ.jp
9940910,9940910,横江,富山県,,,中新川郡立山町横江,36.582175,137.335605,富山地鉄立山線,富山地方鉄道,1,D,5,駅データ.jp
9940911,9940911,千垣,富山県,,,中新川郡立山町千垣,36.573752,137.373843,富山地鉄立山線,富山地方鉄道,1,D,5,駅データ.jp
9940912,9940912,有峰口,富山県,富山市,富山市,富山市小見,36.573066,137.380218,富山地鉄立山線,富山地方鉄道,1,D,5,駅データ.jp
9940913,9940913,本宮,富山県,富山市,富山市,富山市本宮,36.574919,137.395716,富山地鉄立山線,富山地方鉄道,1,D,5,駅データ.jp
9940914,9940914,立山,富山県,,,中新川郡立山町芦峅寺ブナ坂,36.583253,137.445234,富山地鉄立山線,富山地方鉄道,1,D,5,駅データ.jp
9941003,9941003,不二越,富山県,富山市,富山市,富山市石金２-１-１,36.687848,137.232453,富山地鉄不二越・上滝線,富山地方鉄道,1,D,5,駅データ.jp
9941004,9941004,大泉,富山県,富山市,富山市,富山市大泉１５２０,36.677719,137.228979,富山地鉄不二越・上滝線,富山地方鉄道,1,D,5,駅データ.jp
9941005,9941005,南富山,富山県,富山市,富山市,富山市大町２１７-８,36.670445,137.22047,富山地鉄不二越・上滝線|富山地鉄市内線【１・２系統】,富山地方鉄道,2,C,23,駅データ.jp
9941006,9941006,朝菜町,富山県,富山市,富山市,富山市堀川町１３-１３,36.660579,137.224883,富山地鉄不二越・上滝線,富山地方鉄道,1,D,5,駅データ.jp
9941007,9941007,上堀,富山県,富山市,富山市,富山市堀６１,36.65338,137.230127,富山地鉄不二越・上滝線,富山地方鉄道,1,D,5,駅データ.jp
9941008,9941008,小杉,富山県,富山市,富山市,富山県富山市小杉,36.649433,137.233164,富山地鉄不二越・上滝線,富山地方鉄道,1,D,5,駅データ.jp
9941009,9941009,布市,富山県,富山市,富山市,富山市布市７４７,36.645178,137.235455,富山地鉄不二越・上滝線,富山地方鉄道,1,D,5,駅データ.jp
9941010,9941010,開発,富山県,富山市,富山市,富山市月岡町６-５９１,36.636207,137.242854,富山地鉄不二越・上滝線,富山地方鉄道,1,D,5,駅データ.jp
9941011,9941011,月岡,富山県,富山市,富山市,富山市月岡町２-２８２,36.626475,137.263341,富山地鉄不二越・上滝線,富山地方鉄道,1,D,5,駅データ.jp
9941012,9941012,大庄,富山県,富山市,富山市,富山市南大場１３１,36.619565,137.275618,富山地鉄不二越・上滝線,富山地方鉄道,1,D,5,駅データ.jp
9941013,9941013,上滝,富山県,富山市,富山市,富山市中滝２６０-１,36.609622,137.295564,富山地鉄不二越・上滝線,富山地方鉄道,1,D,5,駅データ.jp
9941014,9941014,大川寺,富山県,富山市,富山市,富山市上滝１１,36.608322,137.308721,富山地鉄不二越・上滝線,富山地方鉄道,1,D,5,駅データ.jp
9941016,9941016,栄町,富山県,富山市,富山市,富山市石金1丁目,36.691389,137.233333,富山地鉄不二越・上滝線,富山地方鉄道,1,D,5,駅データ.jp
9941202,9941202,黒薙,富山県,黒部市,黒部市,黒部市宇奈月町黒部字黒部奥山国有林１０わ林小班,36.786638,137.624738,黒部峡谷鉄道本線,黒部峡谷鉄道,1,D,5,駅データ.jp
9941203,9941203,鐘釣,富山県,黒部市,黒部市,黒部市宇奈月町黒部字黒部奥山国有林４６い林小班,36.734378,137.651315,黒部峡谷鉄道本線,黒部峡谷鉄道,1,D,5,駅データ.jp
9941204,9941204,欅平,富山県,黒部市,黒部市,黒部市宇奈月町黒部字黒部奥山国有林４１い林小班,36.696732,137.658179,黒部峡谷鉄道本線,黒部峡谷鉄道,1,D,5,駅データ.jp
9941302,9941302,大町,富山県,富山市,富山市大町２区,富山市大町２区,36.673066,137.220483,富山地鉄市内線【１・２系統】,富山地方鉄道,1,D,5,駅データ.jp
9941303,9941303,堀川小泉,富山県,富山市,富山市,富山市堀川小泉町,36.675647,137.219281,富山地鉄市内線【１・２系統】,富山地方鉄道,1,D,5,駅データ.jp
9941304,9941304,小泉町,富山県,富山市,富山市,富山市小泉町中部,36.678745,137.217779,富山地鉄市内線【１・２系統】,富山地方鉄道,1,D,5,駅データ.jp
9941305,9941305,西中野,富山県,富山市,富山市,富山市西中野本町,36.680844,137.216663,富山地鉄市内線【１・２系統】,富山地方鉄道,1,D,5,駅データ.jp
9941306,9941306,広貫堂前,富山県,富山市,富山市,富山市中野新町,36.683357,137.215934,富山地鉄市内線【１・２系統】,富山地方鉄道,1,D,5,駅データ.jp
9941307,9941307,上本町,富山県,富山市,富山市,富山市上本町,36.686282,137.215762,富山地鉄市内線【１・２系統】,富山地方鉄道,1,D,5,駅データ.jp
9941308,9941308,西町,富山県,富山市,富山市,富山県富山市西町,36.689001,137.215676,富山地鉄市内線【１・２系統】,富山地方鉄道,1,D,5,駅データ.jp
9941309,9941309,荒町,富山県,富山市,富山市,富山市荒町,36.691513,137.215805,富山地鉄富山都心線【３系統(環状線)】|富山地鉄市内線【１・２系統】,富山地方鉄道,2,D,15,駅データ.jp
9941310,9941310,桜橋,富山県,富山市,富山市,富山市本町,36.69461,137.215934,富山地鉄富山都心線【３系統(環状線)】|富山地鉄市内線【１・２系統】,富山地方鉄道,2,D,15,駅データ.jp
9941311,9941311,電気ビル前,富山県,富山市,富山市,富山市桜橋通り,36.697432,137.216105,富山地鉄富山都心線【３系統(環状線)】|富山地鉄市内線【１・２系統】,富山地方鉄道,2,D,15,駅データ.jp
9941312,9941312,地鉄ビル前,富山県,富山市,富山市,富山市桜町,36.698584,137.216105,富山地鉄富山都心線【３系統(環状線)】|富山地鉄市内線【１・２系統】,富山地方鉄道,2,D,15,駅データ.jp
9941314,9941314,新富町,富山県,富山市,富山市,富山市新富町,36.69886,137.211256,富山地鉄富山都心線【３系統(環状線)】|富山地鉄市内線【１・２系統】,富山地方鉄道,2,D,15,駅データ.jp
9941315,9941315,県庁前,富山県,富山市,富山市,富山市安住町,36.695728,137.20984,富山地鉄富山都心線【３系統(環状線)】|富山地鉄市内線【１・２系統】,富山地方鉄道,2,D,15,駅データ.jp
9941316,9941316,丸の内,富山県,富山市,富山市,富山県富山市丸の内一丁目,36.692563,137.208896,富山地鉄富山都心線【３系統(環状線)】|富山地鉄市内線【１・２系統】,富山地方鉄道,2,D,15,駅データ.jp
9941317,9941317,諏訪川原,富山県,富山市,富山市,富山市諏訪川原,36.692322,137.206535,富山地鉄市内線【１・２系統】,富山地方鉄道,1,D,5,駅データ.jp
9941318,9941318,安野屋,富山県,富山市,富山市,富山市安野屋町,36.692838,137.201772,富山地鉄市内線【１・２系統】,富山地方鉄道,1,D,5,駅データ.jp
9941319,9941319,トヨタモビリティ富山 Gスクエア五福前,富山県,富山市,富山市,富山市五福,36.694834,137.19542,富山地鉄市内線【１・２系統】,富山地方鉄道,1,D,13,駅データ.jp
9941320,9941320,富山大学前,富山県,富山市,富山市,富山市五福,36.698688,137.191129,富山地鉄市内線【１・２系統】,富山地方鉄道,1,D,13,駅データ.jp
9941321,9941321,中町（西町北）,富山県,富山市,富山市,富山県富山市総曲輪,36.690306,137.215722,富山地鉄富山都心線【３系統(環状線)】|富山地鉄市内線【１・２系統】,富山地方鉄道,2,D,15,駅データ.jp
9941402,9941402,片原町,富山県,高岡市,高岡市,高岡市片原町,36.746389,137.012838,万葉線,万葉線,1,D,5,駅データ.jp
9941403,9941403,坂下町,富山県,高岡市,高岡市,高岡市坂下町,36.747367,137.014585,万葉線,万葉線,1,D,5,駅データ.jp
9941404,9941404,急患医療センター前,富山県,高岡市,高岡市,高岡市本町,36.749761,137.017788,万葉線,万葉線,1,D,5,駅データ.jp
9941405,9941405,広小路,富山県,高岡市,高岡市,高岡市丸の内,36.752566,137.020615,万葉線,万葉線,1,D,5,駅データ.jp
9941406,9941406,志貴野中学校前,富山県,高岡市,高岡市,高岡市あわら町,36.755648,137.023759,万葉線,万葉線,1,D,5,駅データ.jp
9941407,9941407,市民病院前,富山県,高岡市,高岡市,高岡市向野町３,36.758196,137.0261,万葉線,万葉線,1,D,5,駅データ.jp
9941408,9941408,江尻,富山県,高岡市,高岡市,高岡市江尻,36.761501,137.029761,万葉線,万葉線,1,D,5,駅データ.jp
9941409,9941409,旭ヶ丘,富山県,高岡市,高岡市,富山県高岡市江尻,36.763965,137.032469,万葉線,万葉線,1,D,5,駅データ.jp
9941410,9941410,荻布,富山県,高岡市,高岡市,高岡市荻布,36.76682,137.035619,万葉線,万葉線,1,D,5,駅データ.jp
9941411,9941411,新能町,富山県,高岡市,高岡市,高岡市荻布,36.770258,137.037713,万葉線,万葉線,1,D,5,駅データ.jp
9941412,9941412,米島口,富山県,高岡市,高岡市,高岡市米島,36.773,137.038718,万葉線,万葉線,1,D,5,駅データ.jp
9941413,9941413,能町口,富山県,高岡市,高岡市,高岡市能町,36.773239,137.049031,万葉線,万葉線,1,D,5,駅データ.jp
9941414,9941414,新吉久,富山県,高岡市,高岡市,高岡市吉久１,36.776086,137.052839,万葉線,万葉線,1,D,5,駅データ.jp
9941415,9941415,吉久,富山県,高岡市,高岡市,高岡市吉久３,36.782018,137.056369,万葉線,万葉線,1,D,5,駅データ.jp
9941416,9941416,中伏木,富山県,射水市,射水市,射水市庄西町２,36.788224,137.061655,万葉線,万葉線,1,D,5,駅データ.jp
9941417,9941417,六渡寺,富山県,射水市,射水市,射水市庄西町１,36.788935,137.066443,万葉線,万葉線,1,D,5,駅データ.jp
9941418,9941418,庄川口,富山県,射水市,射水市,射水市庄川本町,36.784433,137.070729,万葉線,万葉線,1,D,5,駅データ.jp
9941419,9941419,第一イン新湊 クロスベイ前,富山県,射水市,射水市,射水市本町２,36.780056,137.0753,万葉線,万葉線,1,D,5,駅データ.jp
9941420,9941420,新町口,富山県,射水市,射水市,射水市中央町,36.778983,137.084259,万葉線,万葉線,1,D,5,駅データ.jp
9941421,9941421,中新湊,富山県,高岡市,高岡市,高岡市姫野,36.775148,137.088617,万葉線,万葉線,1,D,5,駅データ.jp
9941422,9941422,東新湊,富山県,射水市,射水市,射水市八幡町３,36.777825,137.099368,万葉線,万葉線,1,D,5,駅データ.jp
9941423,9941423,海王丸,富山県,射水市,射水市,射水市越の潟町,36.776726,137.105331,万葉線,万葉線,1,D,5,駅データ.jp
9941424,9941424,越ノ潟,富山県,射水市,射水市,射水市越の潟町,36.774704,137.111839,万葉線,万葉線,1,D,5,駅データ.jp
9941425,9941425,末広町,富山県,高岡市,高岡市,高岡市宮脇町１００３番地先,36.744825,137.013148,万葉線,万葉線,1,D,5,駅データ.jp
9941502,9941502,インテック本社前,富山県,富山市,富山市,富山市牛島新町５番８地先,36.703556,137.216685,富山港線,富山地方鉄道,1,D,5,駅データ.jp
9941503,9941503,奥田中学校前,富山県,富山市,富山市,富山市永楽町３２番地,36.703522,137.223637,富山港線,富山地方鉄道,1,D,5,駅データ.jp
9941504,9941504,下奥井,富山県,富山市,富山市,富山市下奥井,36.711311,137.224478,富山港線,富山地方鉄道,1,D,5,駅データ.jp
9941505,9941505,粟島（大阪屋ショップ前）,富山県,富山市,富山市,富山県富山市粟島町,36.719391,137.224796,富山港線,富山地方鉄道,1,D,5,駅データ.jp
9941506,9941506,越中中島,富山県,富山市,富山市,富山市中島３丁目,36.722121,137.224844,富山港線,富山地方鉄道,1,D,5,駅データ.jp
9941507,9941507,城川原,富山県,富山市,富山市,富山市城川原,36.731103,137.226082,富山港線,富山地方鉄道,1,D,5,駅データ.jp
9941508,9941508,犬島新町,富山県,富山市,富山市,富山市犬島新町１丁目１４番地,36.735445,137.22662,富山港線,富山地方鉄道,1,D,5,駅データ.jp
9941509,9941509,蓮町（馬場記念公園前）,富山県,富山市,富山市,富山県富山市蓮町1丁目2番地,36.742663,137.227463,富山港線,富山地方鉄道,1,D,5,駅データ.jp
9941510,9941510,萩浦小学校前,富山県,富山市,富山市,富山市西宮町6番地,36.748602,137.228643,富山港線,富山地方鉄道,1,D,5,駅データ.jp
9941511,9941511,東岩瀬,富山県,富山市,富山市,富山市西宮,36.751935,137.230479,富山港線,富山地方鉄道,1,D,5,駅データ.jp
9941512,9941512,競輪場前,富山県,富山市,富山市,富山市岩瀬池田町,36.757454,137.233907,富山港線,富山地方鉄道,1,D,5,駅データ.jp
9941513,9941513,岩瀬浜,富山県,富山市,富山市,富山市岩瀬天神町,36.761212,137.23409,富山港線,富山地方鉄道,1,D,5,駅データ.jp
9941514,9941514,オークスカナルパークホテル富山前,富山県,富山市,富山市,富山市牛島町11-1,36.703746,137.214674,富山港線,富山地方鉄道,1,D,13,駅データ.jp
9941515,9941515,龍谷富山高校前（永楽町）,富山県,富山市,富山市,富山市奥田新町１３,36.70296,137.219676,富山港線,富山地方鉄道,1,D,13,駅データ.jp
9941601,9941601,野町,石川県,金沢市,金沢市,金沢市野町５,36.553779,136.644309,北陸鉄道石川線,北陸鉄道,1,D,5,駅データ.jp
9941602,9941602,西泉,石川県,金沢市,金沢市,金沢市泉本町７,36.553445,136.633524,北陸鉄道石川線,北陸鉄道,1,D,5,駅データ.jp
9941604,9941604,押野,石川県,野々市,野々市,野々市市押野5丁目394,36.541805,136.622114,北陸鉄道石川線,北陸鉄道,1,D,5,駅データ.jp
9941605,9941605,野々市,石川県,野々市,野々市,石川県野々市市本町1丁目,36.536459,136.620891,北陸鉄道石川線,北陸鉄道,1,D,13,駅データ.jp
9941606,9941606,野々市工大前,石川県,野々市,野々市,野々市市本町2丁目,36.532336,136.621767,北陸鉄道石川線,北陸鉄道,1,D,13,駅データ.jp
9941607,9941607,馬替,石川県,金沢市,金沢市,金沢市馬替３,36.522935,136.620576,北陸鉄道石川線,北陸鉄道,1,D,5,駅データ.jp
9941608,9941608,額住宅前,石川県,金沢市,金沢市,金沢市額新保１,36.518507,136.618851,北陸鉄道石川線,北陸鉄道,1,D,5,駅データ.jp
9941609,9941609,乙丸,石川県,金沢市,金沢市,金沢市額乙丸町,36.511853,136.617681,北陸鉄道石川線,北陸鉄道,1,D,5,駅データ.jp
9941610,9941610,四十万,石川県,金沢市,金沢市,金沢市四十万４,36.498879,136.615684,北陸鉄道石川線,北陸鉄道,1,D,5,駅データ.jp
9941611,9941611,曽谷,石川県,白山市,白山市,白山市曽谷町,36.490028,136.614407,北陸鉄道石川線,北陸鉄道,1,D,5,駅データ.jp
9941612,9941612,道法寺,石川県,,,白山市道法寺町,36.484315,136.613535,北陸鉄道石川線,北陸鉄道,1,D,5,駅データ.jp
9941613,9941613,井口,石川県,,,白山市道法寺町,36.476282,136.612307,北陸鉄道石川線,北陸鉄道,1,D,5,駅データ.jp
9941614,9941614,小柳,石川県,白山市,白山市,白山市小柳町,36.470639,136.611466,北陸鉄道石川線,北陸鉄道,1,D,5,駅データ.jp
9941615,9941615,日御子,石川県,白山市,白山市,白山市日御子町,36.46479,136.615199,北陸鉄道石川線,北陸鉄道,1,D,5,駅データ.jp
9941616,9941616,鶴来,石川県,白山市,白山市,白山市鶴来本町４丁目,36.452178,136.623818,北陸鉄道石川線,北陸鉄道,1,D,5,駅データ.jp
9941619,9941619,陽羽里,石川県,白山市,白山市,石川県白山市曽谷町ヲ40番地,36.493628,136.614869,北陸鉄道石川線,北陸鉄道,1,D,5,駅データ.jp
9941702,9941702,七ツ屋,石川県,金沢市,金沢市,金沢市北安江１,36.583108,136.651752,北陸鉄道浅野川線,北陸鉄道,1,D,5,駅データ.jp
9941703,9941703,上諸江,石川県,金沢市,金沢市,金沢市諸江町,36.590835,136.648941,北陸鉄道浅野川線,北陸鉄道,1,D,5,駅データ.jp
9941704,9941704,磯部,石川県,金沢市,金沢市,金沢市諸江町,36.596554,136.648313,北陸鉄道浅野川線,北陸鉄道,1,D,5,駅データ.jp
9941705,9941705,割出,石川県,金沢市,金沢市,金沢市諸江町,36.602619,136.648474,北陸鉄道浅野川線,北陸鉄道,1,D,5,駅データ.jp
9941706,9941706,三口,石川県,金沢市,金沢市,金沢市三口町,36.606572,136.647579,北陸鉄道浅野川線,北陸鉄道,1,D,5,駅データ.jp
9941707,9941707,三ツ屋,石川県,金沢市,金沢市,金沢市三ツ屋町,36.611941,136.645538,北陸鉄道浅野川線,北陸鉄道,1,D,5,駅データ.jp
9941708,9941708,大河端,石川県,金沢市,金沢市,金沢市大河端町,36.616701,136.643368,北陸鉄道浅野川線,北陸鉄道,1,D,5,駅データ.jp
9941709,9941709,北間,石川県,金沢市,金沢市,金沢市北間町,36.622625,136.641265,北陸鉄道浅野川線,北陸鉄道,1,D,5,駅データ.jp
9941710,9941710,蚊爪,石川県,金沢市,金沢市,金沢市蚊爪町,36.625886,136.64319,北陸鉄道浅野川線,北陸鉄道,1,D,5,駅データ.jp
9941711,9941711,粟ヶ崎,石川県,,,石川県河北郡内灘町向粟崎,36.630224,136.638149,北陸鉄道浅野川線,北陸鉄道,1,D,5,駅データ.jp
9941712,9941712,内灘,石川県,,,河北郡内灘町向粟崎,36.63336,136.63416,北陸鉄道浅野川線,北陸鉄道,1,D,5,駅データ.jp
9941802,9941802,田鶴浜,石川県,七尾市,七尾市,七尾市田鶴浜町,37.065719,136.891193,のと鉄道七尾線,のと鉄道,1,D,5,駅データ.jp
9941803,9941803,笠師保,石川県,七尾市,七尾市,七尾市中島町塩津,37.079288,136.857587,のと鉄道七尾線,のと鉄道,1,D,5,駅データ.jp
9941804,9941804,能登中島,石川県,七尾市,七尾市,七尾市中島町浜田,37.109174,136.853339,のと鉄道七尾線,のと鉄道,1,D,5,駅データ.jp
9941805,9941805,西岸,石川県,七尾市,七尾市,七尾市中島町外,37.147604,136.87443,のと鉄道七尾線,のと鉄道,1,D,5,駅データ.jp
9941806,9941806,能登鹿島,石川県,,,鳳珠郡穴水町曽福,37.179723,136.897879,のと鉄道七尾線,のと鉄道,1,D,5,駅データ.jp
9941807,9941807,穴水,石川県,,,鳳珠郡穴水町大町,37.228015,136.904592,のと鉄道七尾線,のと鉄道,1,D,5,駅データ.jp
9941902,9941902,新福井,福井県,福井市,福井市,福井市日之出１-２５０２,36.064714,136.226721,えちぜん鉄道三国芦原線|えちぜん鉄道勝山永平寺線,えちぜん鉄道,2,C,23,駅データ.jp
9941903,9941903,福井口,福井県,福井市,福井市,福井市松本上町８字１３-１,36.071386,136.233176,えちぜん鉄道三国芦原線|えちぜん鉄道勝山永平寺線,えちぜん鉄道,2,C,23,駅データ.jp
9941904,9941904,越前開発,福井県,福井市,福井市,福井市開発町７２字１１-１,36.075358,136.241275,えちぜん鉄道勝山永平寺線,えちぜん鉄道,1,D,5,駅データ.jp
9941905,9941905,越前新保,福井県,福井市,福井市,福井市新保２-６０８,36.080392,136.251314,えちぜん鉄道勝山永平寺線,えちぜん鉄道,1,D,5,駅データ.jp
9941906,9941906,追分口,福井県,福井市,福井市,福井市上中町１３字１-４,36.082478,136.261507,えちぜん鉄道勝山永平寺線,えちぜん鉄道,1,D,5,駅データ.jp
9941907,9941907,東藤島,福井県,福井市,福井市,福井市藤島町４８字４-２,36.086686,136.269837,えちぜん鉄道勝山永平寺線,えちぜん鉄道,1,D,5,駅データ.jp
9941908,9941908,越前島橋,福井県,福井市,福井市,福井市中ノ郷町九字２３-４,36.089967,136.277123,えちぜん鉄道勝山永平寺線,えちぜん鉄道,1,D,5,駅データ.jp
9941909,9941909,観音町,福井県,,,吉田郡永平寺町松岡芝原３-７,36.091726,136.289913,えちぜん鉄道勝山永平寺線,えちぜん鉄道,1,D,5,駅データ.jp
9941910,9941910,松岡,福井県,,,吉田郡永平寺町松岡神明１-９８-１,36.09402,136.301703,えちぜん鉄道勝山永平寺線,えちぜん鉄道,1,D,5,駅データ.jp
9941911,9941911,志比堺,福井県,,,吉田郡永平寺町松岡志比堺１２字３２-５,36.097792,136.311021,えちぜん鉄道勝山永平寺線,えちぜん鉄道,1,D,5,駅データ.jp
9941912,9941912,永平寺口,福井県,吉田郡永平寺町東古市,吉田郡永平寺町東古市,吉田郡永平寺町東古市１字２３-４,36.095849,136.32678,えちぜん鉄道勝山永平寺線,えちぜん鉄道,1,D,5,駅データ.jp
9941913,9941913,下志比,福井県,,,吉田郡永平寺町谷口１２字４１-２,36.090674,136.336346,えちぜん鉄道勝山永平寺線,えちぜん鉄道,1,D,5,駅データ.jp
9941914,9941914,光明寺,福井県,,,吉田郡永平寺町光明寺１３字４０-２,36.088463,136.344586,えちぜん鉄道勝山永平寺線,えちぜん鉄道,1,D,5,駅データ.jp
9941915,9941915,轟,福井県,,,吉田郡永平寺町轟１０字３-４,36.08688,136.361071,えちぜん鉄道勝山永平寺線,えちぜん鉄道,1,D,5,駅データ.jp
9941916,9941916,越前野中,福井県,,,吉田郡永平寺町野中１字１２-４,36.082887,136.37685,えちぜん鉄道勝山永平寺線,えちぜん鉄道,1,D,5,駅データ.jp
9941917,9941917,山王,福井県,,,吉田郡永平寺町山王２１字１５-３,36.079143,136.39243,えちぜん鉄道勝山永平寺線,えちぜん鉄道,1,D,5,駅データ.jp
9941918,9941918,越前竹原,福井県,,,吉田郡永平寺町竹原２字８-１,36.073945,136.413023,えちぜん鉄道勝山永平寺線,えちぜん鉄道,1,D,5,駅データ.jp
9941919,9941919,小舟渡,福井県,,,吉田郡永平寺町藤巻６４字１-２９,36.075553,136.434054,えちぜん鉄道勝山永平寺線,えちぜん鉄道,1,D,5,駅データ.jp
9941920,9941920,保田,福井県,勝山市,勝山市,勝山市鹿谷町保田６２字８-１,36.069838,136.451611,えちぜん鉄道勝山永平寺線,えちぜん鉄道,1,D,5,駅データ.jp
9941921,9941921,発坂,福井県,勝山市,勝山市,勝山市鹿谷町保田９７字８-２,36.072643,136.465684,えちぜん鉄道勝山永平寺線,えちぜん鉄道,1,D,5,駅データ.jp
9941922,9941922,比島,福井県,勝山市,勝山市,勝山市遅羽町比島２５字１１-１３,36.066011,136.483574,えちぜん鉄道勝山永平寺線,えちぜん鉄道,1,D,5,駅データ.jp
9941923,9941923,勝山,福井県,勝山市,勝山市,勝山市遅羽町比島３４字,36.056362,136.492079,えちぜん鉄道勝山永平寺線,えちぜん鉄道,1,D,13,駅データ.jp
9942004,9942004,西別院,福井県,福井市,福井市,福井市松本３-２４０３,36.07516,136.222704,えちぜん鉄道三国芦原線,えちぜん鉄道,1,D,5,駅データ.jp
9942005,9942005,田原町,福井県,福井市,福井市,福井市田原下町２字７-３,36.074888,136.21738,えちぜん鉄道三国芦原線|福井鉄道福武線,えちぜん鉄道|福井鉄道,2,D,15,駅データ.jp
9942006,9942006,福大前西福井,福井県,福井市,福井市,福井市文京４-３０２,36.074218,136.210339,えちぜん鉄道三国芦原線,えちぜん鉄道,1,D,13,駅データ.jp
9942007,9942007,新田塚,福井県,福井市,福井市,福井市新田塚２-６００１,36.092483,136.205299,えちぜん鉄道三国芦原線,えちぜん鉄道,1,D,5,駅データ.jp
9942008,9942008,中角,福井県,福井市,福井市,福井市中角町５２字１３９,36.10111,136.204591,えちぜん鉄道三国芦原線,えちぜん鉄道,1,D,5,駅データ.jp
9942009,9942009,鷲塚針原,福井県,福井市,福井市,福井市川合鷲塚町３３字４６,36.12061,136.204793,えちぜん鉄道三国芦原線,えちぜん鉄道,1,D,5,駅データ.jp
9942010,9942010,太郎丸エンゼルランド,福井県,坂井市,坂井市,坂井市春江町西太郎丸５字４０-２,36.131298,136.20574,えちぜん鉄道三国芦原線,えちぜん鉄道,1,D,5,駅データ.jp
9942011,9942011,西春江ハートピア,福井県,坂井市,坂井市,坂井市春江町本堂２字６５-２,36.138964,136.206187,えちぜん鉄道三国芦原線,えちぜん鉄道,1,D,5,駅データ.jp
9942012,9942012,西長田ゆりの里,福井県,坂井市,坂井市,坂井市春江町西長田２０字１１-２,36.153615,136.206472,えちぜん鉄道三国芦原線,えちぜん鉄道,1,D,5,駅データ.jp
9942013,9942013,下兵庫こうふく,福井県,坂井市,坂井市,坂井市坂井町下兵庫８７字５-３,36.170129,136.202507,えちぜん鉄道三国芦原線,えちぜん鉄道,1,D,5,駅データ.jp
9942014,9942014,大関,福井県,坂井市,坂井市,坂井市坂井町大味４７字９-２,36.186574,136.203687,えちぜん鉄道三国芦原線,えちぜん鉄道,1,D,5,駅データ.jp
9942015,9942015,本荘,福井県,あわら市,あわら市,あわら市中番１５字１,36.205011,136.202881,えちぜん鉄道三国芦原線,えちぜん鉄道,1,D,5,駅データ.jp
9942016,9942016,番田,福井県,あわら市,あわら市,あわら市番田３４字４８-３,36.212358,136.202333,えちぜん鉄道三国芦原線,えちぜん鉄道,1,D,5,駅データ.jp
9942017,9942017,あわら湯のまち,福井県,あわら市,あわら市,あわら市二面３３字１-１,36.223159,136.193695,えちぜん鉄道三国芦原線,えちぜん鉄道,1,D,13,駅データ.jp
9942018,9942018,水居,福井県,坂井市,坂井市,坂井市三国町水居２２字５２-１,36.219081,136.172019,えちぜん鉄道三国芦原線,えちぜん鉄道,1,D,5,駅データ.jp
9942019,9942019,三国神社,福井県,坂井市,坂井市,坂井市三国町滝谷７字１-１,36.214773,136.158037,えちぜん鉄道三国芦原線,えちぜん鉄道,1,D,5,駅データ.jp
9942020,9942020,三国,福井県,坂井市,坂井市,坂井市三国町滝谷２３字１-１０,36.217012,136.149615,えちぜん鉄道三国芦原線,えちぜん鉄道,1,D,5,駅データ.jp
9942021,9942021,三国港,福井県,坂井市,坂井市,坂井市三国町宿２３字,36.220264,136.140049,えちぜん鉄道三国芦原線,えちぜん鉄道,1,D,5,駅データ.jp
9942022,9942022,日華化学前,福井県,福井市,福井市,福井市八ツ島町３０-９,36.080945,136.206479,えちぜん鉄道三国芦原線,えちぜん鉄道,1,D,5,駅データ.jp
9942023,9942023,八ツ島,福井県,福井市,福井市,福井市八ツ島町５-２０,36.086407,136.205943,えちぜん鉄道三国芦原線,えちぜん鉄道,1,D,5,駅データ.jp
9942024,9942024,まつもと町屋,福井県,福井市,福井市,福井県福井市町屋二丁目3番,36.076966,136.229047,えちぜん鉄道三国芦原線,えちぜん鉄道,1,D,5,駅データ.jp
9942101,9942101,たけふ新,福井県,越前市,越前市,福井県越前市府中3丁目,35.906426,136.170274,福井鉄道福武線,福井鉄道,1,D,5,駅データ.jp
9942102,9942102,北府,福井県,越前市,越前市,福井県越前市北府2丁目,35.910114,136.166563,福井鉄道福武線,福井鉄道,1,D,5,駅データ.jp
9942103,9942103,家久,福井県,越前市,越前市,越前市家久町,35.925988,136.17054,福井鉄道福武線,福井鉄道,1,D,5,駅データ.jp
9942104,9942104,サンドーム西,福井県,鯖江市,鯖江市,福井県鯖江市舟津町,35.936514,136.180564,福井鉄道福武線,福井鉄道,1,D,5,駅データ.jp
9942105,9942105,西鯖江,福井県,鯖江市,鯖江市,鯖江市桜町１-３-１３,35.946352,136.1819,福井鉄道福武線,福井鉄道,1,D,13,駅データ.jp
9942106,9942106,西山公園,福井県,鯖江市,鯖江市,鯖江市長泉寺町１-８-３,35.952437,136.185833,福井鉄道福武線,福井鉄道,1,D,5,駅データ.jp
9942107,9942107,水落,福井県,鯖江市,鯖江市,鯖江市水落町２-１０-２２,35.962308,136.183191,福井鉄道福武線,福井鉄道,1,D,5,駅データ.jp
9942108,9942108,神明,福井県,鯖江市,鯖江市,鯖江市神明町１-７-６,35.972731,136.181885,福井鉄道福武線,福井鉄道,1,D,5,駅データ.jp
9942109,9942109,鳥羽中,福井県,鯖江市,鯖江市,鯖江市神明町５-２-２０,35.981522,136.187556,福井鉄道福武線,福井鉄道,1,D,5,駅データ.jp
9942110,9942110,三十八社,福井県,福井市,福井市,福井市下江尻町５-２７-４,35.989143,136.193805,福井鉄道福武線,福井鉄道,1,D,5,駅データ.jp
9942111,9942111,浅水,福井県,福井市,福井市,福井市浅水町１０４庄境１５,36.006724,136.201737,福井鉄道福武線,福井鉄道,1,D,5,駅データ.jp
9942112,9942112,ハーモニーホール,福井県,福井市,福井市,福井市今市町３７字板取１６,36.014187,136.205433,福井鉄道福武線,福井鉄道,1,D,5,駅データ.jp
9942113,9942113,江端,福井県,福井市,福井市,福井市江端町２１-４９-３,36.028391,136.212379,福井鉄道福武線,福井鉄道,1,D,5,駅データ.jp
9942114,9942114,ベル前,福井県,福井市,福井市,福井市花堂南１-８,36.033685,136.213882,福井鉄道福武線,福井鉄道,1,D,5,駅データ.jp
9942115,9942115,花堂,福井県,福井市,福井市,福井市花堂北１-１１-１１,36.040851,136.215176,福井鉄道福武線,福井鉄道,1,D,5,駅データ.jp
9942116,9942116,赤十字前,福井県,福井市,福井市,福井県福井市みのり1丁目,36.048683,136.216623,福井鉄道福武線,福井鉄道,1,D,5,駅データ.jp
9942117,9942117,商工会議所前,福井県,福井市,福井市,福井市西木田２-４-５,36.053613,136.215014,福井鉄道福武線,福井鉄道,1,D,5,駅データ.jp
9942118,9942118,足羽山公園口,福井県,福井市,福井市,福井市毛矢町２-７-２,36.057737,136.215109,福井鉄道福武線,福井鉄道,1,D,5,駅データ.jp
9942119,9942119,福井城址大名町,福井県,福井市,福井市,福井市大手１-１１-９,36.063523,136.217566,福井鉄道福武線,福井鉄道,1,D,13,駅データ.jp
9942122,9942122,仁愛女子高校,福井県,福井市,福井市,福井県福井市春山一丁目,36.069319,136.218058,福井鉄道福武線,福井鉄道,1,D,5,駅データ.jp
9942124,9942124,スポーツ公園,福井県,越前市,越前市,福井県越前市家久町99-15,35.919093,136.168105,福井鉄道福武線,福井鉄道,1,D,5,駅データ.jp
9942125,9942125,泰澄の里,福井県,福井市,福井市,福井県福井市浅水町139,35.999444,136.198333,福井鉄道福武線,福井鉄道,1,D,5,駅データ.jp
9942126,9942126,清明,福井県,福井市,福井市,福井県福井市今市町65,36.022222,136.209444,福井鉄道福武線,福井鉄道,1,D,5,駅データ.jp
9942202,9942202,国際会議場前,富山県,富山市,富山市,富山県富山市大手町,36.691654,137.21139,富山地鉄富山都心線【３系統(環状線)】,富山地方鉄道,1,D,5,駅データ.jp
9942203,9942203,大手モール,富山県,富山市,富山市,富山県富山市総曲輪四丁目6,36.689388,137.211334,富山地鉄富山都心線【３系統(環状線)】,富山地方鉄道,1,D,5,駅データ.jp
9942204,9942204,グランドプラザ前,富山県,富山市,富山市,富山県富山市西町１,36.688923,137.213386,富山地鉄富山都心線【３系統(環状線)】,富山地方鉄道,1,D,5,駅データ.jp
9942302,9942302,えちご押上ひすい海岸,新潟県,糸魚川市,糸魚川市,糸魚川市押上二丁目107番地,37.0482,137.8784,日本海ひすいライン,えちごトキめき鉄道,1,D,5,駅データ.jp
9942502,9942502,新富山口,富山県,富山市,富山市,富山県富山市下冨居地内,36.719864,137.240531,あいの風とやま鉄道線,あいの風とやま鉄道,1,D,13,駅データ.jp
9942611,9942611,西松任,石川県,白山市,白山市,石川県白山市北安田町1832番地,36.517689,136.548911,IRいしかわ鉄道線,IRいしかわ鉄道,1,D,5,駅データ.jp
9942820,9942820,しきぶ,福井県,越前市,越前市,福井県越前市畷町,35.887559,136.166083,ハピラインふくい線,ハピラインふくい,1,D,5,駅データ.jp
9950102,9950102,南伊東,静岡県,伊東市,伊東市,伊東市桜が丘町１,34.95757,139.087893,伊豆急行線,伊豆急行,1,D,13,駅データ.jp
9950103,9950103,川奈,静岡県,伊東市,伊東市,伊東市川奈字出口,34.950906,139.124936,伊豆急行線,伊豆急行,1,D,5,駅データ.jp
9950104,9950104,富戸,静岡県,伊東市,伊東市,伊東市富戸字的場,34.91005,139.131676,伊豆急行線,伊豆急行,1,D,5,駅データ.jp
9950105,9950105,城ヶ崎海岸,静岡県,伊東市,伊東市,静岡県伊東市富戸字四辻下,34.889878,139.1217,伊豆急行線,伊豆急行,1,D,5,駅データ.jp
9950106,9950106,伊豆高原,静岡県,伊東市,伊東市,伊東市八幡野,34.87732,139.107961,伊豆急行線,伊豆急行,1,D,5,駅データ.jp
9950107,9950107,伊豆大川,静岡県,,,賀茂郡東伊豆町大川字川原田,34.843208,139.074014,伊豆急行線,伊豆急行,1,D,5,駅データ.jp
9950108,9950108,伊豆北川,静岡県,,,賀茂郡東伊豆町奈良本字宮ノ上,34.827174,139.075487,伊豆急行線,伊豆急行,1,D,5,駅データ.jp
9950109,9950109,伊豆熱川,静岡県,,,賀茂郡東伊豆町奈良本字浜田,34.817042,139.069307,伊豆急行線,伊豆急行,1,D,5,駅データ.jp
9950110,9950110,片瀬白田,静岡県,,,賀茂郡東伊豆町白田字墹下,34.801783,139.06122,伊豆急行線,伊豆急行,1,D,5,駅データ.jp
9950111,9950111,伊豆稲取,静岡県,,,賀茂郡東伊豆町稲取字出口,34.774546,139.037108,伊豆急行線,伊豆急行,1,D,5,駅データ.jp
9950112,9950112,今井浜海岸,静岡県,,,賀茂郡河津町見高字中浜,34.753714,139.004692,伊豆急行線,伊豆急行,1,D,5,駅データ.jp
9950113,9950113,河津,静岡県,,,賀茂郡河津町浜字中耕地,34.747711,138.996179,伊豆急行線,伊豆急行,1,D,5,駅データ.jp
9950114,9950114,稲梓,静岡県,下田市,下田市,下田市落合字道庭,34.722066,138.949399,伊豆急行線,伊豆急行,1,D,5,駅データ.jp
9950115,9950115,蓮台寺,静岡県,下田市,下田市,下田市河内山ノ瀬,34.699634,138.941274,伊豆急行線,伊豆急行,1,D,5,駅データ.jp
9950116,9950116,伊豆急下田,静岡県,下田市,下田市,下田市東本郷１,34.679647,138.944274,伊豆急行線,伊豆急行,1,D,13,駅データ.jp
9950202,9950202,三島広小路,静岡県,三島市,三島市,三島市広小路町,35.119272,138.911202,伊豆箱根鉄道駿豆線,伊豆箱根鉄道,1,D,13,駅データ.jp
9950203,9950203,三島田町,静岡県,三島市,三島市,三島市北田町,35.116205,138.918421,伊豆箱根鉄道駿豆線,伊豆箱根鉄道,1,D,13,駅データ.jp
9950204,9950204,三島二日町,静岡県,三島市,三島市,三島市南二日町,35.111039,138.926001,伊豆箱根鉄道駿豆線,伊豆箱根鉄道,1,D,13,駅データ.jp
9950205,9950205,大場,静岡県,三島市,三島市,三島市大場,35.092569,138.939414,伊豆箱根鉄道駿豆線,伊豆箱根鉄道,1,D,5,駅データ.jp
9950206,9950206,伊豆仁田,静岡県,,,田方郡函南町仁田,35.078821,138.941509,伊豆箱根鉄道駿豆線,伊豆箱根鉄道,1,D,5,駅データ.jp
9950207,9950207,原木,静岡県,伊豆の国市,伊豆の国市,伊豆の国市原木,35.065653,138.943695,伊豆箱根鉄道駿豆線,伊豆箱根鉄道,1,D,5,駅データ.jp
9950208,9950208,韮山,静岡県,伊豆の国市,伊豆の国市,伊豆の国市四日町,35.053547,138.945467,伊豆箱根鉄道駿豆線,伊豆箱根鉄道,1,D,5,駅データ.jp
9950209,9950209,伊豆長岡,静岡県,伊豆の国市,伊豆の国市,伊豆の国市南條,35.039907,138.947539,伊豆箱根鉄道駿豆線,伊豆箱根鉄道,1,D,5,駅データ.jp
9950210,9950210,田京,静岡県,伊豆の国市,伊豆の国市,伊豆の国市田京,35.014551,138.945767,伊豆箱根鉄道駿豆線,伊豆箱根鉄道,1,D,5,駅データ.jp
9950211,9950211,大仁,静岡県,伊豆の国市,伊豆の国市,伊豆の国市大仁,34.994467,138.937527,伊豆箱根鉄道駿豆線,伊豆箱根鉄道,1,D,5,駅データ.jp
9950212,9950212,牧之郷,静岡県,伊豆市,伊豆市,伊豆市牧之郷,34.988677,138.954317,伊豆箱根鉄道駿豆線,伊豆箱根鉄道,1,D,5,駅データ.jp
9950213,9950213,修善寺,静岡県,伊豆市,伊豆市,伊豆市柏久保,34.979091,138.950545,伊豆箱根鉄道駿豆線,伊豆箱根鉄道,1,D,5,駅データ.jp
9950302,9950302,ジヤトコ前（ジヤトコ１地区前）,静岡県,富士市,富士市,静岡県富士市伝法3653-2,35.157775,138.690076,岳南鉄道線,岳南鉄道,1,D,5,駅データ.jp
9950303,9950303,吉原本町,静岡県,富士市,富士市,富士市吉原１-８４-２,35.160821,138.689774,岳南鉄道線,岳南鉄道,1,D,5,駅データ.jp
9950304,9950304,本吉原,静岡県,富士市,富士市,富士市今泉１-１７-３９,35.161946,138.692716,岳南鉄道線,岳南鉄道,1,D,5,駅データ.jp
9950305,9950305,岳南原田,静岡県,富士市,富士市,富士市原田２１７-１,35.166076,138.704517,岳南鉄道線,岳南鉄道,1,D,5,駅データ.jp
9950306,9950306,比奈,静岡県,富士市,富士市,富士市比奈１-６６６-１,35.161485,138.713602,岳南鉄道線,岳南鉄道,1,D,5,駅データ.jp
9950307,9950307,岳南富士岡,静岡県,富士市,富士市,富士市富士岡５３８-１,35.160949,138.723356,岳南鉄道線,岳南鉄道,1,D,13,駅データ.jp
9950308,9950308,須津,静岡県,富士市,富士市,富士市中里１０６-２,35.160444,138.733944,岳南鉄道線,岳南鉄道,1,D,5,駅データ.jp
9950309,9950309,神谷,静岡県,富士市,富士市,富士市神谷３７９-２,35.16103,138.74303,岳南鉄道線,岳南鉄道,1,D,5,駅データ.jp
9950310,9950310,岳南江尾,静岡県,富士市,富士市,富士市江尾１４３-２,35.155261,138.751793,岳南鉄道線,岳南鉄道,1,D,5,駅データ.jp
9950401,9950401,新静岡,静岡県,静岡市,静岡市葵区,静岡市葵区鷹匠１-１-１,34.975823,138.387423,静岡鉄道静岡清水線,静岡鉄道,1,D,5,駅データ.jp
9950402,9950402,日吉町,静岡県,静岡市,静岡市葵区,静岡市葵区鷹匠２,34.977017,138.391114,静岡鉄道静岡清水線,静岡鉄道,1,D,5,駅データ.jp
9950403,9950403,音羽町,静岡県,静岡市,静岡市葵区,静岡市葵区音羽町,34.978387,138.395775,静岡鉄道静岡清水線,静岡鉄道,1,D,5,駅データ.jp
9950404,9950404,春日町,静岡県,静岡市,静岡市葵区,静岡市葵区春日２,34.978387,138.400544,静岡鉄道静岡清水線,静岡鉄道,1,D,5,駅データ.jp
9950405,9950405,柚木,静岡県,静岡市,静岡市葵区,静岡市葵区宮前町,34.981891,138.406084,静岡鉄道静岡清水線,静岡鉄道,1,D,5,駅データ.jp
9950406,9950406,長沼,静岡県,静岡市,静岡市葵区,静岡市葵区長沼１,34.989069,138.412884,静岡鉄道静岡清水線,静岡鉄道,1,D,5,駅データ.jp
9950407,9950407,古庄,静岡県,静岡市,静岡市葵区,静岡市葵区古庄,34.992855,138.419581,静岡鉄道静岡清水線,静岡鉄道,1,D,5,駅データ.jp
9950408,9950408,県総合運動場,静岡県,静岡市,静岡市駿河区,静岡市駿河区栗原,34.993375,138.430113,静岡鉄道静岡清水線,静岡鉄道,1,D,5,駅データ.jp
9950409,9950409,県立美術館前,静岡県,静岡市,静岡市清水区,静岡市清水区中之郷２,34.997494,138.438088,静岡鉄道静岡清水線,静岡鉄道,1,D,5,駅データ.jp
9950411,9950411,御門台,静岡県,静岡市,静岡市清水区,静岡市清水区七ツ新屋,35.007902,138.452464,静岡鉄道静岡清水線,静岡鉄道,1,D,5,駅データ.jp
9950412,9950412,狐ヶ崎,静岡県,静岡市,静岡市清水区,静岡市清水区上原,35.011488,138.459739,静岡鉄道静岡清水線,静岡鉄道,1,D,5,駅データ.jp
9950413,9950413,桜橋,静岡県,静岡市,静岡市清水区,静岡市清水区春日１,35.013107,138.477573,静岡鉄道静岡清水線,静岡鉄道,1,D,5,駅データ.jp
9950414,9950414,入江岡,静岡県,静岡市,静岡市清水区,静岡市清水区浜田町,35.014891,138.481264,静岡鉄道静岡清水線,静岡鉄道,1,D,5,駅データ.jp
9950415,9950415,新清水,静岡県,静岡市,静岡市清水区,静岡市清水区相生町２-２８,35.017054,138.487539,静岡鉄道静岡清水線,静岡鉄道,1,D,5,駅データ.jp
9950502,9950502,掛川市役所前,静岡県,掛川市,掛川市,掛川市下俣ノ谷,34.770289,138.000143,天竜浜名湖線,天竜浜名湖鉄道,1,D,13,駅データ.jp
9950503,9950503,西掛川,静岡県,掛川市,掛川市,掛川市大池,34.771952,137.99501,天竜浜名湖線,天竜浜名湖鉄道,1,D,13,駅データ.jp
9950504,9950504,桜木,静岡県,掛川市,掛川市,掛川市富部,34.778216,137.972764,天竜浜名湖線,天竜浜名湖鉄道,1,D,5,駅データ.jp
9950505,9950505,いこいの広場,静岡県,掛川市,掛川市,掛川市細谷字松向,34.788103,137.963773,天竜浜名湖線,天竜浜名湖鉄道,1,D,5,駅データ.jp
9950506,9950506,細谷,静岡県,掛川市,掛川市,掛川市細谷,34.792705,137.961606,天竜浜名湖線,天竜浜名湖鉄道,1,D,5,駅データ.jp
9950507,9950507,原谷,静岡県,掛川市,掛川市,掛川市本郷,34.808434,137.955023,天竜浜名湖線,天竜浜名湖鉄道,1,D,5,駅データ.jp
9950508,9950508,原田,静岡県,掛川市,掛川市,掛川市板谷,34.820183,137.952911,天竜浜名湖線,天竜浜名湖鉄道,1,D,5,駅データ.jp
9950509,9950509,戸綿,静岡県,,,周智郡森町睦実,34.831311,137.931038,天竜浜名湖線,天竜浜名湖鉄道,1,D,5,駅データ.jp
9950510,9950510,遠州森,静岡県,,,周智郡森町森,34.8311,137.924297,天竜浜名湖線,天竜浜名湖鉄道,1,D,5,駅データ.jp
9950511,9950511,円田,静岡県,,,周智郡森町円田,34.820793,137.907574,天竜浜名湖線,天竜浜名湖鉄道,1,D,5,駅データ.jp
9950512,9950512,遠江一宮,静岡県,,,周智郡森町一宮,34.818045,137.889145,天竜浜名湖線,天竜浜名湖鉄道,1,D,5,駅データ.jp
9950513,9950513,敷地,静岡県,磐田市,磐田市,磐田市敷地,34.826218,137.864355,天竜浜名湖線,天竜浜名湖鉄道,1,D,5,駅データ.jp
9950514,9950514,豊岡,静岡県,磐田市,磐田市,磐田市新開,34.837105,137.839758,天竜浜名湖線,天竜浜名湖鉄道,1,D,5,駅データ.jp
9950515,9950515,上野部,静岡県,磐田市,磐田市,磐田市上野部,34.847442,137.830058,天竜浜名湖線,天竜浜名湖鉄道,1,D,5,駅データ.jp
9950516,9950516,天竜二俣,静岡県,浜松市,浜松市天竜区,浜松市天竜区二俣町阿蔵114-2,34.859118,137.820045,天竜浜名湖線,天竜浜名湖鉄道,1,D,5,駅データ.jp
9950517,9950517,二俣本町,静岡県,浜松市,浜松市天竜区,浜松市天竜区二俣町二俣1605-7,34.859504,137.813015,天竜浜名湖線,天竜浜名湖鉄道,1,D,5,駅データ.jp
9950518,9950518,西鹿島,静岡県,浜松市,浜松市天竜区,浜松市天竜区二俣町南鹿島,34.846758,137.807988,天竜浜名湖線|遠州鉄道鉄道線,天竜浜名湖鉄道|遠州鉄道,2,D,15,駅データ.jp
9950519,9950519,岩水寺,静岡県,浜松市,浜松市浜名区,浜松市浜名区根堅1730-2,34.837705,137.792537,天竜浜名湖線,天竜浜名湖鉄道,1,D,5,駅データ.jp
9950520,9950520,宮口,静岡県,浜松市,浜松市浜名区,浜松市浜名区宮口119-2,34.830389,137.773731,天竜浜名湖線,天竜浜名湖鉄道,1,D,5,駅データ.jp
9950521,9950521,フルーツパーク,静岡県,浜松市,浜松市浜名区,浜松市浜名区都田町4072-25,34.834406,137.731976,天竜浜名湖線,天竜浜名湖鉄道,1,D,5,駅データ.jp
9950522,9950522,都田,静岡県,浜松市,浜松市浜名区,浜松市浜名区都田町5563-21,34.828223,137.718272,天竜浜名湖線,天竜浜名湖鉄道,1,D,5,駅データ.jp
9950523,9950523,常葉大学前,静岡県,浜松市,浜松市浜名区,浜松市浜名区都田町7104-6,34.81989,137.709231,天竜浜名湖線,天竜浜名湖鉄道,1,D,5,駅データ.jp
9950524,9950524,金指,静岡県,浜松市,浜松市浜名区,浜松市浜名区引佐町金指1033-2,34.816951,137.681103,天竜浜名湖線,天竜浜名湖鉄道,1,D,5,駅データ.jp
9950525,9950525,岡地,静岡県,浜松市,浜松市浜名区,浜松市浜名区細江町中川4672-3,34.812295,137.665686,天竜浜名湖線,天竜浜名湖鉄道,1,D,5,駅データ.jp
9950526,9950526,気賀,静岡県,浜松市,浜松市浜名区,浜松市浜名区細江町気賀429-1,34.80722,137.651937,天竜浜名湖線,天竜浜名湖鉄道,1,D,5,駅データ.jp
9950527,9950527,西気賀,静岡県,浜松市,浜松市浜名区,浜松市浜名区細江町気賀10185-3,34.802323,137.621523,天竜浜名湖線,天竜浜名湖鉄道,1,D,5,駅データ.jp
9950528,9950528,寸座,静岡県,浜松市,浜松市浜名区,浜松市浜名区細江町気賀11136-3,34.790102,137.612523,天竜浜名湖線,天竜浜名湖鉄道,1,D,5,駅データ.jp
9950529,9950529,浜名湖佐久米,静岡県,浜松市,浜松市浜名区,浜松市浜名区三ヶ日町佐久米725-9,34.789146,137.599286,天竜浜名湖線,天竜浜名湖鉄道,1,D,5,駅データ.jp
9950530,9950530,東都筑,静岡県,浜松市,浜松市浜名区,浜松市浜名区三ヶ日町都筑1089-4,34.790412,137.586571,天竜浜名湖線,天竜浜名湖鉄道,1,D,5,駅データ.jp
9950531,9950531,都筑,静岡県,浜松市,浜松市浜名区,浜松市浜名区三ヶ日町都筑1789-3,34.79585,137.574516,天竜浜名湖線,天竜浜名湖鉄道,1,D,5,駅データ.jp
9950532,9950532,三ヶ日,静岡県,浜松市,浜松市浜名区,浜松市浜名区三ヶ日町三ヶ日1148-3,34.802565,137.551705,天竜浜名湖線,天竜浜名湖鉄道,1,D,5,駅データ.jp
9950533,9950533,奥浜名湖,静岡県,浜松市,浜松市浜名区,浜松市浜名区三ヶ日町下尾奈1-10,34.795068,137.545934,天竜浜名湖線,天竜浜名湖鉄道,1,D,5,駅データ.jp
9950534,9950534,尾奈,静岡県,浜松市,浜松市浜名区,浜松市浜名区三ヶ日町下尾奈1170-4,34.783958,137.541755,天竜浜名湖線,天竜浜名湖鉄道,1,D,5,駅データ.jp
9950535,9950535,知波田,静岡県,湖西市,湖西市,湖西市太田,34.753069,137.511873,天竜浜名湖線,天竜浜名湖鉄道,1,D,5,駅データ.jp
9950536,9950536,アスモ前,静岡県,湖西市,湖西市,湖西市小俣,34.727685,137.49405,天竜浜名湖線,天竜浜名湖鉄道,1,D,5,駅データ.jp
9950538,9950538,大森,静岡県,湖西市,湖西市,静岡県湖西市新所5404-1,34.737865,137.509636,天竜浜名湖線,天竜浜名湖鉄道,1,D,5,駅データ.jp
9950539,9950539,森町病院前,静岡県,,,静岡県周智郡森町草ケ谷,34.826389,137.917944,天竜浜名湖線,天竜浜名湖鉄道,1,D,5,駅データ.jp
9950602,9950602,第一通り,静岡県,浜松市,浜松市中央区,浜松市中央区田町230-28,34.707477,137.732845,遠州鉄道鉄道線,遠州鉄道,1,D,5,駅データ.jp
9950603,9950603,遠州病院,静岡県,浜松市,浜松市中央区,浜松市中央区早馬町2-21,34.710657,137.73327,遠州鉄道鉄道線,遠州鉄道,1,D,5,駅データ.jp
9950604,9950604,八幡,静岡県,浜松市,浜松市中央区,浜松市中央区八幡町139-4,34.717012,137.73598,遠州鉄道鉄道線,遠州鉄道,1,D,5,駅データ.jp
9950605,9950605,助信,静岡県,浜松市,浜松市中央区,浜松市中央区助信町52-1,34.724303,137.738697,遠州鉄道鉄道線,遠州鉄道,1,D,5,駅データ.jp
9950606,9950606,曳馬,静岡県,浜松市,浜松市中央区,浜松市中央区曳馬五丁目24-26,34.733148,137.741604,遠州鉄道鉄道線,遠州鉄道,1,D,5,駅データ.jp
9950607,9950607,上島,静岡県,浜松市,浜松市中央区,浜松市中央区上島三丁目40-1,34.741568,137.745462,遠州鉄道鉄道線,遠州鉄道,1,D,5,駅データ.jp
9950608,9950608,自動車学校前,静岡県,浜松市,浜松市中央区,浜松市中央区有玉南町1739,34.747489,137.751625,遠州鉄道鉄道線,遠州鉄道,1,D,5,駅データ.jp
9950609,9950609,さぎの宮,静岡県,浜松市,浜松市中央区,浜松市中央区大瀬町417-2,34.757275,137.757327,遠州鉄道鉄道線,遠州鉄道,1,D,5,駅データ.jp
9950610,9950610,積志,静岡県,浜松市,浜松市中央区,浜松市中央区積志町814,34.768082,137.763409,遠州鉄道鉄道線,遠州鉄道,1,D,5,駅データ.jp
9950611,9950611,遠州西ヶ崎,静岡県,浜松市,浜松市中央区,浜松市中央区西ケ崎町686-1,34.776821,137.773905,遠州鉄道鉄道線,遠州鉄道,1,D,5,駅データ.jp
9950612,9950612,遠州小松,静岡県,浜松市,浜松市浜名区,浜松市浜名区小松4500-1,34.784264,137.777838,遠州鉄道鉄道線,遠州鉄道,1,D,5,駅データ.jp
9950613,9950613,浜北,静岡県,浜松市,浜松市浜名区,浜松市浜名区沼54-1,34.791358,137.784356,遠州鉄道鉄道線,遠州鉄道,1,D,5,駅データ.jp
9950614,9950614,美薗中央公園,静岡県,浜松市,浜松市浜名区,浜松市浜名区貴布祢487-3,34.798208,137.789764,遠州鉄道鉄道線,遠州鉄道,1,D,5,駅データ.jp
9950615,9950615,遠州小林,静岡県,浜松市,浜松市浜名区,浜松市浜名区本沢合871-7,34.808374,137.795538,遠州鉄道鉄道線,遠州鉄道,1,D,5,駅データ.jp
9950616,9950616,遠州芝本,静岡県,浜松市,浜松市浜名区,浜松市浜名区於呂3061-2,34.824024,137.798718,遠州鉄道鉄道線,遠州鉄道,1,D,5,駅データ.jp
9950617,9950617,遠州岩水寺,静岡県,浜松市,浜松市浜名区,浜松市浜名区於呂2819-3,34.834373,137.801131,遠州鉄道鉄道線,遠州鉄道,1,D,5,駅データ.jp
9950702,9950702,新金谷,静岡県,島田市,島田市,静岡県島田市金谷東2丁目1112-2,34.825737,138.137645,大井川鐵道大井川本線,大井川鐵道,1,D,5,駅データ.jp
9950703,9950703,代官町,静岡県,島田市,島田市,静岡県島田市金谷代官町,34.835493,138.126102,大井川鐵道大井川本線,大井川鐵道,1,D,5,駅データ.jp
9950704,9950704,日切,静岡県,島田市,島田市,島田市島,34.839012,138.122394,大井川鐵道大井川本線,大井川鐵道,1,D,5,駅データ.jp
9950705,9950705,合格,静岡県,島田市,島田市,島田市竹下字籾蒔島,34.844806,138.120771,大井川鐵道大井川本線,大井川鐵道,1,D,5,駅データ.jp
9950706,9950706,神尾,静岡県,島田市,島田市,島田市神尾,34.882842,138.101595,大井川鐵道大井川本線,大井川鐵道,1,D,5,駅データ.jp
9950707,9950707,福用,静岡県,島田市,島田市,島田市福用,34.901881,138.090124,大井川鐵道大井川本線,大井川鐵道,1,D,5,駅データ.jp
9950708,9950708,大和田,静岡県,島田市,島田市,島田市川根町家山大和田新地,34.921104,138.08215,大井川鐵道大井川本線,大井川鐵道,1,D,5,駅データ.jp
9950709,9950709,家山,静岡県,島田市,島田市,島田市川根町家山大島新地,34.940071,138.077764,大井川鐵道大井川本線,大井川鐵道,1,D,5,駅データ.jp
9950710,9950710,抜里,静岡県,島田市,島田市,島田市川根町抜里追出,34.953373,138.087672,大井川鐵道大井川本線,大井川鐵道,1,D,5,駅データ.jp
9950711,9950711,川根温泉笹間渡,静岡県,島田市,島田市,島田市川根町笹間渡タマブチ,34.962291,138.086114,大井川鐵道大井川本線,大井川鐵道,1,D,5,駅データ.jp
9950712,9950712,地名,静岡県,,,榛原郡川根本町地名,34.986019,138.087252,大井川鐵道大井川本線,大井川鐵道,1,D,5,駅データ.jp
9950713,9950713,塩郷,静岡県,,,榛原郡川根本町下泉,34.997664,138.090612,大井川鐵道大井川本線,大井川鐵道,1,D,5,駅データ.jp
9950714,9950714,下泉,静岡県,,,榛原郡川根本町下泉,35.022064,138.090078,大井川鐵道大井川本線,大井川鐵道,1,D,5,駅データ.jp
9950715,9950715,田野口,静岡県,,,榛原郡川根本町田野口,35.0513,138.095416,大井川鐵道大井川本線,大井川鐵道,1,D,5,駅データ.jp
9950716,9950716,駿河徳山,静岡県,,,榛原郡川根本町徳山,35.074758,138.110516,大井川鐵道大井川本線,大井川鐵道,1,D,5,駅データ.jp
9950717,9950717,青部,静岡県,,,榛原郡川根本町青部,35.089592,138.115473,大井川鐵道大井川本線,大井川鐵道,1,D,5,駅データ.jp
9950718,9950718,崎平,静岡県,,,榛原郡川根本町崎平,35.091803,138.127411,大井川鐵道大井川本線,大井川鐵道,1,D,5,駅データ.jp
9950719,9950719,千頭,静岡県,,,榛原郡川根本町千頭,35.107754,138.13656,南アルプスあぷとライン|大井川鐵道大井川本線,大井川鐵道,2,D,15,駅データ.jp
9950720,9950720,門出,静岡県,島田市,島田市,島田市横岡新田245番地3,34.849992,138.119333,大井川鐵道大井川本線,大井川鐵道,1,D,5,駅データ.jp
9950802,9950802,川根両国,静岡県,,,榛原郡川根本町千頭,35.116836,138.140592,南アルプスあぷとライン,大井川鐵道,1,D,5,駅データ.jp
9950803,9950803,沢間,静岡県,,,榛原郡川根本町千頭,35.124705,138.134365,南アルプスあぷとライン,大井川鐵道,1,D,5,駅データ.jp
9950804,9950804,土本,静岡県,,,榛原郡川根本町奥泉,35.136057,138.139186,南アルプスあぷとライン,大井川鐵道,1,D,5,駅データ.jp
9950805,9950805,川根小山,静岡県,,,榛原郡川根本町奥泉,35.141753,138.14106,南アルプスあぷとライン,大井川鐵道,1,D,5,駅データ.jp
9950806,9950806,奥泉,静岡県,,,榛原郡川根本町奥泉,35.149739,138.147796,南アルプスあぷとライン,大井川鐵道,1,D,5,駅データ.jp
9950807,9950807,アプトいちしろ,静岡県,,,榛原郡川根本町梅地,35.167514,138.144825,南アルプスあぷとライン,大井川鐵道,1,D,5,駅データ.jp
9950808,9950808,長島ダム,静岡県,,,榛原郡川根本町犬間,35.168787,138.157124,南アルプスあぷとライン,大井川鐵道,1,D,5,駅データ.jp
9950809,9950809,ひらんだ,静岡県,,,榛原郡川根本町犬間,35.164806,138.167507,南アルプスあぷとライン,大井川鐵道,1,D,5,駅データ.jp
9950810,9950810,奥大井湖上,静岡県,,,榛原郡川根本町梅地,35.1682,138.180792,南アルプスあぷとライン,大井川鐵道,1,D,5,駅データ.jp
9950811,9950811,接岨峡温泉,静岡県,,,榛原郡川根本町犬間,35.178821,138.185177,南アルプスあぷとライン,大井川鐵道,1,D,5,駅データ.jp
9950812,9950812,尾盛,静岡県,,,榛原郡川根本町犬間,35.192131,138.174369,南アルプスあぷとライン,大井川鐵道,1,D,5,駅データ.jp
9950813,9950813,閑蔵,静岡県,静岡市,静岡市葵区,静岡市葵区井川,35.191737,138.194189,南アルプスあぷとライン,大井川鐵道,1,D,5,駅データ.jp
9950814,9950814,井川,静岡県,静岡市,静岡市葵区,静岡市葵区井川,35.212242,138.221111,南アルプスあぷとライン,大井川鐵道,1,D,5,駅データ.jp
9950903,9950903,小本,愛知県,名古屋市,名古屋市中川区,名古屋市中川区小本１丁目１９番１６号,35.14921,136.861331,あおなみ線,名古屋臨海高速鉄道,1,D,5,駅データ.jp
9950904,9950904,荒子,愛知県,名古屋市,名古屋市中川区,名古屋市中川区吉良町１３８番２,35.139992,136.861676,あおなみ線,名古屋臨海高速鉄道,1,D,5,駅データ.jp
9950905,9950905,南荒子,愛知県,名古屋市,名古屋市中川区,名古屋市中川区若山町２丁目５９番２,35.131707,136.861771,あおなみ線,名古屋臨海高速鉄道,1,D,5,駅データ.jp
9950906,9950906,中島,愛知県,名古屋市,名古屋市中川区,名古屋市中川区掛入町３丁目２４番,35.125144,136.861346,あおなみ線,名古屋臨海高速鉄道,1,D,5,駅データ.jp
9950907,9950907,港北,愛知県,名古屋市,名古屋市港区,名古屋市港区正保町５丁目３番１,35.114529,136.862739,あおなみ線,名古屋臨海高速鉄道,1,D,5,駅データ.jp
9950908,9950908,荒子川公園,愛知県,名古屋市,名古屋市港区,名古屋市港区寛政町５丁目３９番１,35.104569,136.861148,あおなみ線,名古屋臨海高速鉄道,1,D,5,駅データ.jp
9950909,9950909,稲永,愛知県,名古屋市,名古屋市港区,名古屋市港区稲永一丁目１番４９号,35.091418,136.863203,あおなみ線,名古屋臨海高速鉄道,1,D,5,駅データ.jp
9950910,9950910,野跡,愛知県,名古屋市,名古屋市港区,名古屋市港区野跡二丁目４番３２号,35.075253,136.854136,あおなみ線,名古屋臨海高速鉄道,1,D,5,駅データ.jp
9950911,9950911,金城ふ頭,愛知県,名古屋市,名古屋市港区,名古屋市港区金城ふ頭三丁目２番,35.048775,136.849009,あおなみ線,名古屋臨海高速鉄道,1,D,5,駅データ.jp
9951002,9951002,尾張星の宮,愛知県,清須市,清須市,清須市阿原星の宮,35.212988,136.855011,東海交通事業城北線,東海交通事業,1,D,5,駅データ.jp
9951003,9951003,小田井,愛知県,名古屋市,名古屋市西区,名古屋市西区八筋町,35.221043,136.880491,東海交通事業城北線,東海交通事業,1,D,5,駅データ.jp
9951004,9951004,比良,愛知県,名古屋市,名古屋市西区,名古屋市西区比良３,35.228549,136.90178,東海交通事業城北線,東海交通事業,1,D,5,駅データ.jp
9951005,9951005,味美,愛知県,春日井市,春日井市,愛知県春日井市中新町二丁目,35.229504,136.932263,東海交通事業城北線,東海交通事業,1,D,5,駅データ.jp
9951102,9951102,六名,愛知県,岡崎市,岡崎市,岡崎市六名新町,34.941132,137.152004,愛知環状鉄道線,愛知環状鉄道,1,D,5,駅データ.jp
9951104,9951104,北岡崎,愛知県,岡崎市,岡崎市,岡崎市葵町,34.972301,137.157736,愛知環状鉄道線,愛知環状鉄道,1,D,13,駅データ.jp
9951105,9951105,大門,愛知県,岡崎市,岡崎市,岡崎市大樹寺２丁目,34.982411,137.154883,愛知環状鉄道線,愛知環状鉄道,1,D,5,駅データ.jp
9951106,9951106,北野桝塚,愛知県,岡崎市,岡崎市,岡崎市北野町字二番訳,34.996289,137.139457,愛知環状鉄道線,愛知環状鉄道,1,D,5,駅データ.jp
9951107,9951107,三河上郷,愛知県,豊田市,豊田市,豊田市上郷町５丁目,35.012384,137.132756,愛知環状鉄道線,愛知環状鉄道,1,D,5,駅データ.jp
9951108,9951108,永覚,愛知県,豊田市,豊田市,豊田市高根,35.027361,137.138983,愛知環状鉄道線,愛知環状鉄道,1,D,5,駅データ.jp
9951109,9951109,末野原,愛知県,豊田市,豊田市,豊田市豊栄町１２丁目,35.03949,137.146866,愛知環状鉄道線,愛知環状鉄道,1,D,5,駅データ.jp
9951110,9951110,三河豊田,愛知県,豊田市,豊田市,豊田市トヨタ町,35.0554,137.150934,愛知環状鉄道線,愛知環状鉄道,1,D,13,駅データ.jp
9951111,9951111,新上挙母,愛知県,豊田市,豊田市,豊田市司町１丁目,35.071732,137.151206,愛知環状鉄道線,愛知環状鉄道,1,D,5,駅データ.jp
9951112,9951112,新豊田,愛知県,豊田市,豊田市,豊田市小坂本町１丁目,35.088041,137.153524,愛知環状鉄道線,愛知環状鉄道,1,D,13,駅データ.jp
9951113,9951113,愛環梅坪,愛知県,豊田市,豊田市,豊田市東梅坪町一丁目６,35.105056,137.160781,愛知環状鉄道線,愛知環状鉄道,1,D,5,駅データ.jp
9951114,9951114,四郷,愛知県,豊田市,豊田市,豊田市四郷町森前,35.12211,137.162635,愛知環状鉄道線,愛知環状鉄道,1,D,5,駅データ.jp
9951115,9951115,貝津,愛知県,豊田市,豊田市,豊田市貝津町片坂１０５-３,35.133089,137.148091,愛知環状鉄道線,愛知環状鉄道,1,D,5,駅データ.jp
9951116,9951116,保見,愛知県,豊田市,豊田市,豊田市保見町権堂坊,35.136665,137.134363,愛知環状鉄道線,愛知環状鉄道,1,D,5,駅データ.jp
9951117,9951117,篠原,愛知県,豊田市,豊田市,豊田市篠原町砂ヶ入,35.155171,137.120592,愛知環状鉄道線,愛知環状鉄道,1,D,5,駅データ.jp
9951118,9951118,八草,愛知県,豊田市,豊田市,豊田市八草町字石坂,35.176013,137.106655,リニモ|愛知環状鉄道線,愛知環状鉄道|愛知高速交通,2,D,15,駅データ.jp
9951119,9951119,山口,愛知県,瀬戸市,瀬戸市,瀬戸市田中町,35.197656,137.102089,愛知環状鉄道線,愛知環状鉄道,1,C,20,駅データ.jp
9951120,9951120,瀬戸口,愛知県,瀬戸市,瀬戸市,瀬戸市東赤重町２丁目,35.206679,137.081866,愛知環状鉄道線,愛知環状鉄道,1,D,13,駅データ.jp
9951122,9951122,中水野,愛知県,瀬戸市,瀬戸市,瀬戸市内山町,35.250399,137.071947,愛知環状鉄道線,愛知環状鉄道,1,D,5,駅データ.jp
9951201,9951201,藤が丘,愛知県,名古屋市,名古屋市名東区,名古屋市名東区藤が丘１６３,35.182264,137.021536,リニモ|名古屋市営地下鉄東山線,名古屋市交通局|愛知高速交通,2,D,15,駅データ.jp
9951202,9951202,はなみずき通,愛知県,長久手市,長久手市,愛知県長久手市久保山,35.17767,137.035369,リニモ,愛知高速交通,1,D,5,駅データ.jp
9951203,9951203,杁ヶ池公園,愛知県,長久手市,長久手市,愛知県長久手市杁ヶ池,35.171788,137.037866,リニモ,愛知高速交通,1,D,5,駅データ.jp
9951204,9951204,長久手古戦場,愛知県,長久手市,長久手市,愛知県長久手市横道41,35.171574,137.049932,リニモ,愛知高速交通,1,D,13,駅データ.jp
9951205,9951205,芸大通,愛知県,長久手市,長久手市,愛知県長久手市岩作,35.171938,137.061092,リニモ,愛知高速交通,1,D,5,駅データ.jp
9951206,9951206,公園西,愛知県,長久手市,長久手市,愛知県長久手市丸山,35.174403,137.076737,リニモ,愛知高速交通,1,D,5,駅データ.jp
9951207,9951207,愛・地球博記念公園,愛知県,長久手市,長久手市,愛知県長久手市茨ヶ廻間,35.177948,137.08796,リニモ,愛知高速交通,1,D,5,駅データ.jp
9951208,9951208,陶磁資料館南,愛知県,豊田市,豊田市,豊田市八草町,35.179286,137.097099,リニモ,愛知高速交通,1,D,5,駅データ.jp
9951301,9951301,高畑,愛知県,名古屋市,名古屋市中川区,名古屋市中川区高畑２-１５１,35.139161,136.853466,名古屋市営地下鉄東山線,名古屋市交通局,1,D,5,駅データ.jp
9951303,9951303,岩塚,愛知県,名古屋市,名古屋市中村区,名古屋市中村区岩塚町字向田３７-１,35.158459,136.854406,名古屋市営地下鉄東山線,名古屋市交通局,1,D,5,駅データ.jp
9951304,9951304,中村公園,愛知県,名古屋市,名古屋市中村区,名古屋市中村区豊国通１-３,35.16783,136.855056,名古屋市営地下鉄東山線,名古屋市交通局,1,D,5,駅データ.jp
9951305,9951305,中村日赤,愛知県,名古屋市,名古屋市中村区,名古屋市中村区道下町３-３５,35.172385,136.861733,名古屋市営地下鉄東山線,名古屋市交通局,1,D,5,駅データ.jp
9951306,9951306,本陣,愛知県,名古屋市,名古屋市中村区,名古屋市中村区鳥居通２-３６,35.177135,136.866782,名古屋市営地下鉄東山線,名古屋市交通局,1,D,5,駅データ.jp
9951307,9951307,亀島,愛知県,名古屋市,名古屋市中村区,名古屋市中村区亀島１-２-２,35.177526,136.876756,名古屋市営地下鉄東山線,名古屋市交通局,1,D,5,駅データ.jp
9951309,9951309,伏見,愛知県,名古屋市,名古屋市中区,名古屋市中区錦２-１６-２４,35.169273,136.897427,名古屋市営地下鉄東山線|名古屋市営地下鉄鶴舞線,名古屋市交通局,2,D,15,駅データ.jp
9951311,9951311,新栄町,愛知県,名古屋市,名古屋市東区,名古屋市東区葵１-１９-２３,35.170729,136.920377,名古屋市営地下鉄東山線,名古屋市交通局,1,D,5,駅データ.jp
9951313,9951313,今池,愛知県,名古屋市,名古屋市千種区,名古屋市千種区今池５-１,35.169919,136.937331,名古屋市営地下鉄東山線|名古屋市営地下鉄桜通線,名古屋市交通局,2,D,15,駅データ.jp
9951314,9951314,池下,愛知県,名古屋市,名古屋市千種区,名古屋市千種区覚王山通７-１１,35.167675,136.946486,名古屋市営地下鉄東山線,名古屋市交通局,1,D,5,駅データ.jp
9951315,9951315,覚王山,愛知県,名古屋市,名古屋市千種区,名古屋市千種区末盛通１-７,35.166565,136.953708,名古屋市営地下鉄東山線,名古屋市交通局,1,D,5,駅データ.jp
9951316,9951316,本山,愛知県,名古屋市,名古屋市千種区,名古屋市千種区末盛通５-１３-３,35.163923,136.963441,名古屋市営地下鉄名城線|名古屋市営地下鉄東山線,名古屋市交通局,2,D,15,駅データ.jp
9951317,9951317,東山公園,愛知県,名古屋市,名古屋市千種区,名古屋市千種区東山通５-１,35.160454,136.972873,名古屋市営地下鉄東山線,名古屋市交通局,1,D,5,駅データ.jp
9951318,9951318,星ヶ丘,愛知県,名古屋市,名古屋市千種区,名古屋市千種区井上町85-1,35.162399,136.985095,名古屋市営地下鉄東山線,名古屋市交通局,1,D,5,駅データ.jp
9951319,9951319,一社,愛知県,名古屋市,名古屋市名東区,名古屋市名東区一社２-１,35.168231,136.995927,名古屋市営地下鉄東山線,名古屋市交通局,1,D,5,駅データ.jp
9951320,9951320,上社,愛知県,名古屋市,名古屋市名東区,名古屋市名東区上社１-８０３,35.173656,137.007081,名古屋市営地下鉄東山線,名古屋市交通局,1,D,5,駅データ.jp
9951321,9951321,本郷,愛知県,名古屋市,名古屋市名東区,名古屋市名東区本郷２-１５３,35.175453,137.013425,名古屋市営地下鉄東山線,名古屋市交通局,1,D,5,駅データ.jp
9951401,9951401,ナゴヤドーム前矢田,愛知県,名古屋市,名古屋市東区,名古屋市東区大幸１-１,35.190471,136.946331,ゆとりーとライン|名古屋市営地下鉄名城線,名古屋ガイドウェイバス|名古屋市交通局,2,D,15,駅データ.jp
9951403,9951403,平安通,愛知県,名古屋市,名古屋市北区,名古屋市北区平安通１-１３,35.195934,136.929784,名古屋市営地下鉄上飯田線|名古屋市営地下鉄名城線,名古屋市交通局,2,D,15,駅データ.jp
9951404,9951404,志賀本通,愛知県,名古屋市,名古屋市北区,名古屋市北区志賀本通２-４７,35.196281,136.92121,名古屋市営地下鉄名城線,名古屋市交通局,1,D,5,駅データ.jp
9951405,9951405,黒川,愛知県,名古屋市,名古屋市北区,名古屋市北区城見通３-１３,35.197183,136.910178,名古屋市営地下鉄名城線,名古屋市交通局,1,D,5,駅データ.jp
9951406,9951406,名城公園,愛知県,名古屋市,名古屋市北区,名古屋市北区名城２-１-２６,35.190528,136.904748,名古屋市営地下鉄名城線,名古屋市交通局,1,D,5,駅データ.jp
9951407,9951407,名古屋城,愛知県,名古屋市,名古屋市中区,名古屋市中区三の丸３-１-１,35.18156,136.905379,名古屋市営地下鉄名城線,名古屋市交通局,1,D,5,駅データ.jp
9951408,9951408,久屋大通,愛知県,名古屋市,名古屋市中区,名古屋市中区錦３-４８,35.173784,136.908156,名古屋市営地下鉄名城線|名古屋市営地下鉄桜通線,名古屋市交通局,2,D,15,駅データ.jp
9951410,9951410,矢場町,愛知県,名古屋市,名古屋市中区,名古屋市中区栄３-３１-１３,35.163785,136.90899,名古屋市営地下鉄名城線,名古屋市交通局,1,D,5,駅データ.jp
9951411,9951411,上前津,愛知県,名古屋市,名古屋市中区,名古屋市中区大須４-１１-１５,35.157477,136.906815,名古屋市営地下鉄名城線|名古屋市営地下鉄鶴舞線,名古屋市交通局,2,D,15,駅データ.jp
9951412,9951412,東別院,愛知県,名古屋市,名古屋市中区,名古屋市中区大井町３-２４,35.150453,136.904824,名古屋市営地下鉄名城線,名古屋市交通局,1,D,5,駅データ.jp
9951414,9951414,西高蔵,愛知県,名古屋市,名古屋市熱田区,名古屋市熱田区五本松町９-３４,35.134622,136.901769,名古屋市営地下鉄名城線,名古屋市交通局,1,D,5,駅データ.jp
9951415,9951415,熱田神宮西,愛知県,名古屋市,名古屋市熱田区,名古屋市熱田区神宮１-１-４,35.127956,136.906769,名古屋市営地下鉄名城線,名古屋市交通局,1,D,5,駅データ.jp
9951416,9951416,熱田神宮伝馬町,愛知県,名古屋市,名古屋市熱田区,名古屋市熱田区伝馬２-１-１,35.120735,136.91038,名古屋市営地下鉄名城線,名古屋市交通局,1,D,5,駅データ.jp
9951417,9951417,堀田,愛知県,名古屋市,名古屋市瑞穂区,愛知県名古屋市瑞穂区新開町28-26,35.116644,136.921685,名古屋市営地下鉄名城線,名古屋市交通局,1,D,5,駅データ.jp
9951418,9951418,妙音通,愛知県,名古屋市,名古屋市瑞穂区,名古屋市瑞穂区妙音通３-９,35.117125,136.929545,名古屋市営地下鉄名城線,名古屋市交通局,1,D,5,駅データ.jp
9951419,9951419,新瑞橋,愛知県,名古屋市,名古屋市瑞穂区,名古屋市瑞穂区瑞穂通８-２７,35.117734,136.936603,名古屋市営地下鉄名城線|名古屋市営地下鉄桜通線,名古屋市交通局,2,D,15,駅データ.jp
9951420,9951420,瑞穂運動場東,愛知県,名古屋市,名古屋市瑞穂区,名古屋市瑞穂区八勝通３丁目１８番地先,35.123167,136.948685,名古屋市営地下鉄名城線,名古屋市交通局,1,D,5,駅データ.jp
9951421,9951421,総合リハビリセンター,愛知県,名古屋市,名古屋市瑞穂区,名古屋市瑞穂区弥富町字月見ケ岡５番地先,35.130536,136.954523,名古屋市営地下鉄名城線,名古屋市交通局,1,D,5,駅データ.jp
9951422,9951422,八事,愛知県,名古屋市,名古屋市昭和区,名古屋市昭和区八事本町１０２-３,35.136946,136.964036,名古屋市営地下鉄名城線|名古屋市営地下鉄鶴舞線,名古屋市交通局,2,D,15,駅データ.jp
9951423,9951423,八事日赤,愛知県,名古屋市,名古屋市昭和区,名古屋市昭和区山手通３丁目１７番地先,35.144556,136.965008,名古屋市営地下鉄名城線,名古屋市交通局,1,D,5,駅データ.jp
9951424,9951424,名古屋大学,愛知県,名古屋市,名古屋市千種区,名古屋市千種区四谷通２０番地先,35.154261,136.96658,名古屋市営地下鉄名城線,名古屋市交通局,1,D,5,駅データ.jp
9951426,9951426,自由ヶ丘,愛知県,名古屋市,名古屋市千種区,名古屋市千種区自由ヶ丘三丁目11,35.174961,136.966762,名古屋市営地下鉄名城線,名古屋市交通局,1,D,5,駅データ.jp
9951427,9951427,茶屋ヶ坂,愛知県,名古屋市,名古屋市千種区,名古屋市千種区茶屋が坂一丁目2116,35.184612,136.962254,名古屋市営地下鉄名城線,名古屋市交通局,1,D,5,駅データ.jp
9951428,9951428,砂田橋,愛知県,名古屋市,名古屋市東区,名古屋市東区大幸４-１６,35.188841,136.954134,ゆとりーとライン|名古屋市営地下鉄名城線,名古屋ガイドウェイバス|名古屋市交通局,2,D,15,駅データ.jp
9951502,9951502,日比野,愛知県,名古屋市,名古屋市熱田区,名古屋市熱田区大宝一丁目3-18,35.132711,136.893125,名古屋市営地下鉄名港線,名古屋市交通局,1,D,5,駅データ.jp
9951503,9951503,六番町,愛知県,名古屋市,名古屋市熱田区,名古屋市熱田区四番１-１０-１２,35.124623,136.888715,名古屋市営地下鉄名港線,名古屋市交通局,1,D,5,駅データ.jp
9951504,9951504,東海通,愛知県,名古屋市,名古屋市港区,名古屋市港区東海通３-１７７,35.113388,136.887336,名古屋市営地下鉄名港線,名古屋市交通局,1,D,5,駅データ.jp
9951505,9951505,港区役所,愛知県,名古屋市,名古屋市港区,名古屋市港区港楽１-１４-２０,35.105736,136.88455,名古屋市営地下鉄名港線,名古屋市交通局,1,D,5,駅データ.jp
9951506,9951506,築地口,愛知県,名古屋市,名古屋市港区,名古屋市港区港楽３-４-１３,35.099348,136.883162,名古屋市営地下鉄名港線,名古屋市交通局,1,D,5,駅データ.jp
9951507,9951507,名古屋港,愛知県,名古屋市,名古屋市港区,名古屋市港区入船１-８-２３,35.09348,136.881971,名古屋市営地下鉄名港線,名古屋市交通局,1,D,5,駅データ.jp
9951602,9951602,庄内緑地公園,愛知県,名古屋市,名古屋市西区,名古屋市西区山田町大字上小田井字東古川３１２９,35.215186,136.886963,名古屋市営地下鉄鶴舞線,名古屋市交通局,1,D,5,駅データ.jp
9951603,9951603,庄内通,愛知県,名古屋市,名古屋市西区,名古屋市西区庄内通３-１２,35.204476,136.891044,名古屋市営地下鉄鶴舞線,名古屋市交通局,1,D,5,駅データ.jp
9951604,9951604,浄心,愛知県,名古屋市,名古屋市西区,名古屋市西区城西４-３２０８,35.192205,136.890819,名古屋市営地下鉄鶴舞線,名古屋市交通局,1,D,5,駅データ.jp
9951605,9951605,浅間町,愛知県,名古屋市,名古屋市西区,名古屋市西区浅間１-２０６,35.18384,136.890335,名古屋市営地下鉄鶴舞線,名古屋市交通局,1,D,5,駅データ.jp
9951606,9951606,丸の内,愛知県,名古屋市,名古屋市中区,名古屋市中区錦２-１,35.173278,136.897528,名古屋市営地下鉄桜通線|名古屋市営地下鉄鶴舞線,名古屋市交通局,2,D,15,駅データ.jp
9951608,9951608,大須観音,愛知県,名古屋市,名古屋市中区,名古屋市中区大須２-１０-３９,35.160729,136.898158,名古屋市営地下鉄鶴舞線,名古屋市交通局,1,D,5,駅データ.jp
9951611,9951611,荒畑,愛知県,名古屋市,名古屋市昭和区,名古屋市昭和区鶴舞４-１７-２２,35.149654,136.92593,名古屋市営地下鉄鶴舞線,名古屋市交通局,1,D,5,駅データ.jp
9951612,9951612,御器所,愛知県,名古屋市,名古屋市昭和区,名古屋市昭和区御器所通３-７,35.149585,136.934146,名古屋市営地下鉄桜通線|名古屋市営地下鉄鶴舞線,名古屋市交通局,2,D,15,駅データ.jp
9951613,9951613,川名,愛知県,名古屋市,名古屋市昭和区,名古屋市昭和区広路通８-７,35.148703,136.948717,名古屋市営地下鉄鶴舞線,名古屋市交通局,1,D,5,駅データ.jp
9951614,9951614,いりなか,愛知県,名古屋市,名古屋市昭和区,名古屋市昭和区隼人町３-４,35.143234,136.955375,名古屋市営地下鉄鶴舞線,名古屋市交通局,1,D,5,駅データ.jp
9951616,9951616,塩釜口,愛知県,名古屋市,名古屋市天白区,名古屋市天白区塩釜口１-８３４,35.132433,136.977529,名古屋市営地下鉄鶴舞線,名古屋市交通局,1,D,5,駅データ.jp
9951617,9951617,植田,愛知県,名古屋市,名古屋市天白区,名古屋市天白区植田三丁目1001,35.128649,136.987882,名古屋市営地下鉄鶴舞線,名古屋市交通局,1,D,5,駅データ.jp
9951618,9951618,原,愛知県,名古屋市,名古屋市天白区,名古屋市天白区原１-５１３,35.126118,136.996714,名古屋市営地下鉄鶴舞線,名古屋市交通局,1,D,5,駅データ.jp
9951619,9951619,平針,愛知県,名古屋市,名古屋市天白区,名古屋市天白区平針２-１３０１,35.122766,137.006904,名古屋市営地下鉄鶴舞線,名古屋市交通局,1,D,5,駅データ.jp
9951701,9951701,太閤通,愛知県,名古屋市,名古屋市中村区,名古屋市中村区太閤通３-２７-３,35.167611,136.873126,名古屋市営地下鉄桜通線,名古屋市交通局,1,D,5,駅データ.jp
9951703,9951703,国際センター,愛知県,名古屋市,名古屋市中村区,名古屋市中村区名駅４-１３,35.172128,136.889375,名古屋市営地下鉄桜通線,名古屋市交通局,1,D,5,駅データ.jp
9951706,9951706,高岳,愛知県,名古屋市,名古屋市東区,名古屋市東区東桜２-１-２,35.174062,136.915656,名古屋市営地下鉄桜通線,名古屋市交通局,1,D,5,駅データ.jp
9951707,9951707,車道,愛知県,名古屋市,名古屋市東区,名古屋市東区葵３-１２,35.173507,136.929543,名古屋市営地下鉄桜通線,名古屋市交通局,1,D,5,駅データ.jp
9951709,9951709,吹上,愛知県,名古屋市,名古屋市千種区,名古屋市千種区千種通７-２４-２,35.158787,136.935376,名古屋市営地下鉄桜通線,名古屋市交通局,1,D,5,駅データ.jp
9951711,9951711,桜山,愛知県,名古屋市,名古屋市瑞穂区,名古屋市瑞穂区桜見町１-１-１４,35.139695,136.933316,名古屋市営地下鉄桜通線,名古屋市交通局,1,D,5,駅データ.jp
9951712,9951712,瑞穂区役所,愛知県,名古屋市,名古屋市瑞穂区,名古屋市瑞穂区瑞穂通２-２７,35.131793,136.93443,名古屋市営地下鉄桜通線,名古屋市交通局,1,D,5,駅データ.jp
9951713,9951713,瑞穂運動場西,愛知県,名古屋市,名古屋市瑞穂区,名古屋市瑞穂区瑞穂通５-２４,35.124949,136.935477,名古屋市営地下鉄桜通線,名古屋市交通局,1,D,5,駅データ.jp
9951715,9951715,桜本町,愛知県,名古屋市,名古屋市南区,名古屋市南区桜台１-１０１,35.109001,136.936761,名古屋市営地下鉄桜通線,名古屋市交通局,1,D,5,駅データ.jp
9951716,9951716,鶴里,愛知県,名古屋市,名古屋市南区,名古屋市南区鯛取通３-１８-２,35.105738,136.943433,名古屋市営地下鉄桜通線,名古屋市交通局,1,D,5,駅データ.jp
9951717,9951717,野並,愛知県,名古屋市,名古屋市天白区,名古屋市天白区古川町２００,35.102358,136.95549,名古屋市営地下鉄桜通線,名古屋市交通局,1,D,5,駅データ.jp
9951718,9951718,鳴子北,愛知県,名古屋市,名古屋市天白区,名古屋市天白区相川1丁目1,35.102684,136.966209,名古屋市営地下鉄桜通線,名古屋市交通局,1,D,5,駅データ.jp
9951719,9951719,相生山,愛知県,名古屋市,名古屋市緑区,名古屋市緑区相川3丁目61,35.102545,136.976208,名古屋市営地下鉄桜通線,名古屋市交通局,1,D,5,駅データ.jp
9951720,9951720,神沢,愛知県,名古屋市,名古屋市緑区,名古屋市緑区神沢1丁目303,35.098518,136.98954,名古屋市営地下鉄桜通線,名古屋市交通局,1,D,5,駅データ.jp
9951721,9951721,徳重,愛知県,名古屋市,名古屋市緑区,名古屋市緑区乗鞍2丁目102-1,35.094491,136.99815,名古屋市営地下鉄桜通線,名古屋市交通局,1,D,5,駅データ.jp
9952002,9952002,柳生橋,愛知県,豊橋市,豊橋市,豊橋市南松山町１５４,34.75479,137.38847,豊橋鉄道渥美線,豊橋鉄道,1,D,5,駅データ.jp
9952003,9952003,小池,愛知県,豊橋市,豊橋市,豊橋市小池町字原下,34.748891,137.388076,豊橋鉄道渥美線,豊橋鉄道,1,D,5,駅データ.jp
9952004,9952004,愛知大学前,愛知県,豊橋市,豊橋市,豊橋市町畑町,34.741682,137.385754,豊橋鉄道渥美線,豊橋鉄道,1,D,5,駅データ.jp
9952005,9952005,南栄,愛知県,豊橋市,豊橋市,豊橋市南栄町字空池４６,34.73592,137.385446,豊橋鉄道渥美線,豊橋鉄道,1,D,5,駅データ.jp
9952006,9952006,高師,愛知県,豊橋市,豊橋市,豊橋市高師町字北新切,34.727068,137.381674,豊橋鉄道渥美線,豊橋鉄道,1,D,5,駅データ.jp
9952007,9952007,芦原,愛知県,豊橋市,豊橋市,豊橋市芦原町字東,34.718433,137.380122,豊橋鉄道渥美線,豊橋鉄道,1,D,5,駅データ.jp
9952008,9952008,植田,愛知県,豊橋市,豊橋市,愛知県豊橋市植田町中畑,34.711085,137.373047,豊橋鉄道渥美線,豊橋鉄道,1,D,5,駅データ.jp
9952009,9952009,向ヶ丘,愛知県,豊橋市,豊橋市,愛知県豊橋市植田町西蛤沢,34.706351,137.367556,豊橋鉄道渥美線,豊橋鉄道,1,D,5,駅データ.jp
9952010,9952010,大清水,愛知県,豊橋市,豊橋市,豊橋市大清水町字大清水３-１２２,34.695966,137.358863,豊橋鉄道渥美線,豊橋鉄道,1,D,5,駅データ.jp
9952011,9952011,老津,愛知県,豊橋市,豊橋市,豊橋市老津町字西高縄,34.692344,137.33536,豊橋鉄道渥美線,豊橋鉄道,1,D,5,駅データ.jp
9952012,9952012,杉山,愛知県,豊橋市,豊橋市,豊橋市杉山町字前屋敷,34.680301,137.320759,豊橋鉄道渥美線,豊橋鉄道,1,D,5,駅データ.jp
9952013,9952013,やぐま台,愛知県,田原市,田原市,田原市谷熊町字鳥郷,34.673809,137.309427,豊橋鉄道渥美線,豊橋鉄道,1,D,5,駅データ.jp
9952014,9952014,豊島,愛知県,田原市,田原市,田原市豊島町字奥谷,34.667459,137.293737,豊橋鉄道渥美線,豊橋鉄道,1,D,5,駅データ.jp
9952015,9952015,神戸,愛知県,田原市,田原市,田原市神戸町字大坪,34.668253,137.278044,豊橋鉄道渥美線,豊橋鉄道,1,C,20,駅データ.jp
9952016,9952016,三河田原,愛知県,田原市,田原市,田原市田原町字東大浜１６,34.666875,137.269172,豊橋鉄道渥美線,豊橋鉄道,1,D,13,駅データ.jp
9952102,9952102,駅前大通,愛知県,豊橋市,豊橋市,豊橋市,34.763209,137.385707,豊橋鉄道東田本線,豊橋鉄道,1,D,5,駅データ.jp
9952103,9952103,新川,愛知県,豊橋市,豊橋市,豊橋市,34.762857,137.389483,豊橋鉄道東田本線,豊橋鉄道,1,D,5,駅データ.jp
9952104,9952104,札木,愛知県,豊橋市,豊橋市,豊橋市,34.765959,137.390299,豊橋鉄道東田本線,豊橋鉄道,1,D,5,駅データ.jp
9952105,9952105,市役所前,愛知県,豊橋市,豊橋市,豊橋市,34.767369,137.392488,豊橋鉄道東田本線,豊橋鉄道,1,D,5,駅データ.jp
9952106,9952106,豊橋公園前,愛知県,豊橋市,豊橋市,豊橋市,34.766841,137.395406,豊橋鉄道東田本線,豊橋鉄道,1,D,13,駅データ.jp
9952107,9952107,東八町,愛知県,豊橋市,豊橋市,豊橋市,34.765924,137.400341,豊橋鉄道東田本線,豊橋鉄道,1,D,5,駅データ.jp
9952108,9952108,前畑,愛知県,豊橋市,豊橋市,豊橋市,34.765818,137.404718,豊橋鉄道東田本線,豊橋鉄道,1,D,5,駅データ.jp
9952109,9952109,東田坂上,愛知県,豊橋市,豊橋市,豊橋市,34.765783,137.408495,豊橋鉄道東田本線,豊橋鉄道,1,D,5,駅データ.jp
9952110,9952110,東田,愛知県,豊橋市,豊橋市,豊橋市,34.76536,137.413151,豊橋鉄道東田本線,豊橋鉄道,1,D,5,駅データ.jp
9952111,9952111,競輪場前,愛知県,豊橋市,豊橋市,豊橋市,34.765078,137.416778,豊橋鉄道東田本線,豊橋鉄道,1,D,5,駅データ.jp
9952112,9952112,井原,愛知県,豊橋市,豊橋市,豊橋市,34.764232,137.421885,豊橋鉄道東田本線,豊橋鉄道,1,D,5,駅データ.jp
9952113,9952113,赤岩口,愛知県,豊橋市,豊橋市,豊橋市,34.763403,137.429931,豊橋鉄道東田本線,豊橋鉄道,1,D,5,駅データ.jp
9952202,9952202,運動公園前,愛知県,豊橋市,豊橋市,豊橋市,34.75845,137.422314,豊橋鉄道東田本線,豊橋鉄道,1,D,5,駅データ.jp
9952305,9952305,金屋,愛知県,名古屋市,名古屋市守山区,名古屋市守山区金屋２-２４３,35.202551,136.956747,ゆとりーとライン,名古屋ガイドウェイバス,1,D,5,駅データ.jp
9952306,9952306,川宮,愛知県,名古屋市,名古屋市守山区,名古屋市守山区川宮町７８番地,35.210405,136.962047,ゆとりーとライン,名古屋ガイドウェイバス,1,D,5,駅データ.jp
9952307,9952307,川村,愛知県,名古屋市,名古屋市守山区,名古屋市守山区川北町３２２-２,35.214297,136.968591,ゆとりーとライン,名古屋ガイドウェイバス,1,D,5,駅データ.jp
9952308,9952308,白沢渓谷,愛知県,名古屋市,名古屋市守山区,名古屋市守山区大字川字東山１８０７番地,35.216121,136.978569,ゆとりーとライン,名古屋ガイドウェイバス,1,D,5,駅データ.jp
9952309,9952309,小幡緑地,愛知県,名古屋市,名古屋市守山区,名古屋市守山区大字吉根字松洞３３８６-７,35.218785,136.982839,ゆとりーとライン,名古屋ガイドウェイバス,1,D,5,駅データ.jp
9952402,9952402,東野,岐阜県,恵那市,恵那市,恵那市東野大字中切,35.446315,137.428788,明知鉄道明知線,明知鉄道,1,D,5,駅データ.jp
9952403,9952403,飯沼,岐阜県,中津川市,中津川市,中津川市飯沼字市之坪,35.418529,137.461257,明知鉄道明知線,明知鉄道,1,D,5,駅データ.jp
9952404,9952404,阿木,岐阜県,中津川市,中津川市,中津川市阿木,35.399759,137.458962,明知鉄道明知線,明知鉄道,1,D,5,駅データ.jp
9952405,9952405,飯羽間,岐阜県,恵那市,恵那市,恵那市岩村町飯羽間字光学,35.387222,137.437468,明知鉄道明知線,明知鉄道,1,D,5,駅データ.jp
9952406,9952406,岩村,岐阜県,恵那市,恵那市,恵那市岩村町,35.368864,137.43434,明知鉄道明知線,明知鉄道,1,D,5,駅データ.jp
9952407,9952407,花白温泉,岐阜県,恵那市,恵那市,恵那市山岡町馬場山田,35.355071,137.407207,明知鉄道明知線,明知鉄道,1,D,5,駅データ.jp
9952408,9952408,山岡,岐阜県,恵那市,恵那市,恵那市山岡町馬場山田,35.350132,137.395679,明知鉄道明知線,明知鉄道,1,D,5,駅データ.jp
9952409,9952409,野志,岐阜県,恵那市,恵那市,恵那市明智町野志,35.321962,137.389516,明知鉄道明知線,明知鉄道,1,D,5,駅データ.jp
9952410,9952410,明智,岐阜県,恵那市,恵那市,岐阜県恵那市明智町,35.306169,137.387359,明知鉄道明知線,明知鉄道,1,D,5,駅データ.jp
9952411,9952411,極楽,岐阜県,恵那市,恵那市,岐阜県恵那市岩村町,35.379944,137.432619,明知鉄道明知線,明知鉄道,1,D,5,駅データ.jp
9952502,9952502,前平公園,岐阜県,美濃加茂市,美濃加茂市,美濃加茂市太田町宮前,35.449771,137.001652,長良川鉄道越美南線,長良川鉄道,1,D,5,駅データ.jp
9952503,9952503,加茂野,岐阜県,美濃加茂市,美濃加茂市,美濃加茂市加茂野町木野西河折,35.460927,136.985062,長良川鉄道越美南線,長良川鉄道,1,D,5,駅データ.jp
9952504,9952504,富加,岐阜県,,,加茂郡富加町羽生字古熊野,35.475144,136.969658,長良川鉄道越美南線,長良川鉄道,1,D,5,駅データ.jp
9952505,9952505,関富岡,岐阜県,関市,関市,関市肥田瀬字屋敷田,35.478588,136.944923,長良川鉄道越美南線,長良川鉄道,1,D,13,駅データ.jp
9952506,9952506,関口,岐阜県,関市,関市,関市関口町１丁目,35.479976,136.928872,長良川鉄道越美南線,長良川鉄道,1,D,13,駅データ.jp
9952507,9952507,せきてらす前,岐阜県,関市,関市,関市日ノ出町字古町,35.483434,136.914195,長良川鉄道越美南線,長良川鉄道,1,D,5,駅データ.jp
9952508,9952508,関,岐阜県,関市,関市,関市元重町,35.490027,136.912758,長良川鉄道越美南線,長良川鉄道,1,D,13,駅データ.jp
9952509,9952509,関市役所前,岐阜県,関市,関市,関市下有知字境松東,35.499004,136.912787,長良川鉄道越美南線,長良川鉄道,1,D,13,駅データ.jp
9952510,9952510,関下有知,岐阜県,関市,関市,関市下有知走り下り,35.513679,136.914582,長良川鉄道越美南線,長良川鉄道,1,D,13,駅データ.jp
9952511,9952511,松森,岐阜県,美濃市,美濃市,美濃市松森字八幡前,35.526808,136.915367,長良川鉄道越美南線,長良川鉄道,1,D,5,駅データ.jp
9952512,9952512,美濃市,岐阜県,美濃市,美濃市,美濃市広岡町,35.539618,136.915525,長良川鉄道越美南線,長良川鉄道,1,D,13,駅データ.jp
9952513,9952513,梅山,岐阜県,美濃市,美濃市,美濃市藤岡,35.548981,136.918025,長良川鉄道越美南線,長良川鉄道,1,D,5,駅データ.jp
9952514,9952514,湯の洞温泉口,岐阜県,美濃市,美濃市,美濃市保木脇字神明下,35.571281,136.931192,長良川鉄道越美南線,長良川鉄道,1,D,5,駅データ.jp
9952515,9952515,洲原,岐阜県,美濃市,美濃市,美濃市須原字鐘寿場,35.588954,136.944848,長良川鉄道越美南線,長良川鉄道,1,D,5,駅データ.jp
9952516,9952516,母野,岐阜県,郡上市,郡上市,郡上市美並町上田字境目,35.59875,136.942009,長良川鉄道越美南線,長良川鉄道,1,D,5,駅データ.jp
9952517,9952517,木尾,岐阜県,郡上市,郡上市,郡上市美並町上田字堀畑,35.606394,136.938467,長良川鉄道越美南線,長良川鉄道,1,D,5,駅データ.jp
9952518,9952518,八坂,岐阜県,郡上市,郡上市,郡上市美並町上田字髭畑,35.620186,136.944966,長良川鉄道越美南線,長良川鉄道,1,D,5,駅データ.jp
9952519,9952519,みなみ子宝温泉,岐阜県,郡上市,郡上市,郡上市美並町大原字石橋２６６９番地１,35.627308,136.950618,長良川鉄道越美南線,長良川鉄道,1,D,5,駅データ.jp
9952520,9952520,大矢,岐阜県,郡上市,郡上市,郡上市美並町大原字湊,35.637327,136.95024,長良川鉄道越美南線,長良川鉄道,1,D,5,駅データ.jp
9952521,9952521,福野,岐阜県,郡上市,郡上市,郡上市美並町白山字山際,35.646726,136.95172,長良川鉄道越美南線,長良川鉄道,1,D,5,駅データ.jp
9952522,9952522,美並苅安,岐阜県,郡上市,郡上市,郡上市美並町白山字桑下,35.660686,136.955047,長良川鉄道越美南線,長良川鉄道,1,D,5,駅データ.jp
9952523,9952523,赤池,岐阜県,郡上市,郡上市,郡上市美並町山田,35.671021,136.960613,長良川鉄道越美南線,長良川鉄道,1,D,5,駅データ.jp
9952524,9952524,深戸,岐阜県,郡上市,郡上市,郡上市美並町三戸字下中島,35.686445,136.962498,長良川鉄道越美南線,長良川鉄道,1,D,5,駅データ.jp
9952525,9952525,相生,岐阜県,郡上市,郡上市,郡上市八幡町相生字御花屋敷,35.715114,136.95042,長良川鉄道越美南線,長良川鉄道,1,D,15,駅データ.jp
9952526,9952526,郡上八幡,岐阜県,郡上市,郡上市,郡上市八幡町城南町字中島,35.741877,136.947364,長良川鉄道越美南線,長良川鉄道,1,D,13,駅データ.jp
9952527,9952527,自然園前,岐阜県,郡上市,郡上市,郡上市八幡町瀬取字藤薮,35.7702,136.931354,長良川鉄道越美南線,長良川鉄道,1,D,5,駅データ.jp
9952528,9952528,山田,岐阜県,郡上市,郡上市,郡上市大和町河辺字長池,35.789003,136.911709,長良川鉄道越美南線,長良川鉄道,1,D,5,駅データ.jp
9952529,9952529,徳永,岐阜県,郡上市,郡上市,郡上市大和町徳永字ノゾエ,35.805087,136.903546,長良川鉄道越美南線,長良川鉄道,1,D,5,駅データ.jp
9952530,9952530,郡上大和,岐阜県,郡上市,郡上市,郡上市大和町剣字小倉,35.815224,136.894872,長良川鉄道越美南線,長良川鉄道,1,D,13,駅データ.jp
9952531,9952531,万場,岐阜県,郡上市,郡上市,郡上市大和町万場字会津,35.833702,136.883093,長良川鉄道越美南線,長良川鉄道,1,D,5,駅データ.jp
9952532,9952532,上万場,岐阜県,郡上市,郡上市,郡上市大和町万場字杵棚,35.844429,136.876707,長良川鉄道越美南線,長良川鉄道,1,D,5,駅データ.jp
9952533,9952533,大中,岐阜県,郡上市,郡上市,郡上市白鳥町大島字芝添,35.853775,136.868405,長良川鉄道越美南線,長良川鉄道,1,D,5,駅データ.jp
9952534,9952534,大島,岐阜県,郡上市,郡上市,郡上市白鳥町大島字蒲会津,35.868426,136.859039,長良川鉄道越美南線,長良川鉄道,1,D,5,駅データ.jp
9952535,9952535,美濃白鳥,岐阜県,郡上市,郡上市,郡上市白鳥町白鳥字大栗,35.884946,136.860602,長良川鉄道越美南線,長良川鉄道,1,D,5,駅データ.jp
9952536,9952536,白鳥高原,岐阜県,郡上市,郡上市,郡上市白鳥町二日町字清水垣内,35.912617,136.843028,長良川鉄道越美南線,長良川鉄道,1,D,5,駅データ.jp
9952537,9952537,白山長滝,岐阜県,郡上市,郡上市,郡上市白鳥町長滝字大門,35.919722,136.832312,長良川鉄道越美南線,長良川鉄道,1,D,5,駅データ.jp
9952538,9952538,北濃,岐阜県,郡上市,郡上市,郡上市白鳥町歩岐島字中河原,35.92994,136.829793,長良川鉄道越美南線,長良川鉄道,1,D,5,駅データ.jp
9952602,9952602,東大垣,岐阜県,大垣市,大垣市,大垣市和合本町,35.375338,136.646671,樽見鉄道樽見線,樽見鉄道,1,D,13,駅データ.jp
9952603,9952603,横屋,岐阜県,瑞穂市,瑞穂市,瑞穂市大跡,35.386996,136.659479,樽見鉄道樽見線,樽見鉄道,1,D,5,駅データ.jp
9952604,9952604,十九条,岐阜県,瑞穂市,瑞穂市,瑞穂市十九条字河原,35.395737,136.660945,樽見鉄道樽見線,樽見鉄道,1,D,5,駅データ.jp
9952605,9952605,美江寺,岐阜県,瑞穂市,瑞穂市,瑞穂市大字美江寺字榎前,35.413387,136.661378,樽見鉄道樽見線,樽見鉄道,1,D,5,駅データ.jp
9952606,9952606,北方真桑,岐阜県,本巣市,本巣市,本巣市上真桑,35.439567,136.674271,樽見鉄道樽見線,樽見鉄道,1,D,5,駅データ.jp
9952607,9952607,モレラ岐阜,岐阜県,本巣市,本巣市,本巣市早野１７５,35.455112,136.669729,樽見鉄道樽見線,樽見鉄道,1,D,5,駅データ.jp
9952608,9952608,糸貫,岐阜県,本巣市,本巣市,本巣市糸貫石田,35.462891,136.669704,樽見鉄道樽見線,樽見鉄道,1,D,5,駅データ.jp
9952609,9952609,本巣,岐阜県,本巣市,本巣市,本巣市曽井中島,35.487599,136.670072,樽見鉄道樽見線,樽見鉄道,1,D,13,駅データ.jp
9952610,9952610,織部,岐阜県,本巣市,本巣市,本巣市山口森本,35.499017,136.667241,樽見鉄道樽見線,樽見鉄道,1,D,5,駅データ.jp
9952611,9952611,木知原,岐阜県,本巣市,本巣市,本巣市木知原字川端,35.517759,136.650153,樽見鉄道樽見線,樽見鉄道,1,D,5,駅データ.jp
9952612,9952612,谷汲口,岐阜県,,,揖斐郡揖斐川町谷汲長瀬,35.527552,136.642187,樽見鉄道樽見線,樽見鉄道,1,D,5,駅データ.jp
9952613,9952613,神海,岐阜県,本巣市,本巣市,本巣市神海字西之上,35.542487,136.641739,樽見鉄道樽見線,樽見鉄道,1,D,5,駅データ.jp
9952614,9952614,高科,岐阜県,,,揖斐郡揖斐川町谷汲高科,35.555099,136.641017,樽見鉄道樽見線,樽見鉄道,1,D,5,駅データ.jp
9952615,9952615,鍋原,岐阜県,本巣市,本巣市,本巣市佐原字家佐畑,35.5659,136.636606,樽見鉄道樽見線,樽見鉄道,1,D,5,駅データ.jp
9952616,9952616,日当,岐阜県,本巣市,本巣市,本巣市日当字前沖,35.582304,136.631456,樽見鉄道樽見線,樽見鉄道,1,D,5,駅データ.jp
9952617,9952617,高尾,岐阜県,本巣市,本巣市,本巣市根尾高尾字吉尾,35.601806,136.625819,樽見鉄道樽見線,樽見鉄道,1,D,5,駅データ.jp
9952618,9952618,水鳥,岐阜県,本巣市,本巣市,本巣市根尾水鳥字下島,35.617813,136.620771,樽見鉄道樽見線,樽見鉄道,1,D,5,駅データ.jp
9952619,9952619,樽見,岐阜県,本巣市,本巣市,本巣市根尾樽見字下川原,35.635119,136.615827,樽見鉄道樽見線,樽見鉄道,1,D,5,駅データ.jp
9952802,9952802,大矢知,三重県,四日市,四日市,四日市市大矢知町３２７９,35.022147,136.633382,三岐鉄道三岐線,三岐鉄道,1,D,5,駅データ.jp
9952803,9952803,平津,三重県,四日市,四日市,四日市市平津町３８５-２,35.028477,136.61843,三岐鉄道三岐線,三岐鉄道,1,D,5,駅データ.jp
9952804,9952804,暁学園前,三重県,四日市,四日市,四日市市中村町３９３-２,35.032798,136.605976,三岐鉄道三岐線,三岐鉄道,1,D,5,駅データ.jp
9952805,9952805,山城,三重県,四日市,四日市,四日市市山城町１１０６-２,35.035272,136.588342,三岐鉄道三岐線,三岐鉄道,1,D,5,駅データ.jp
9952806,9952806,保々,三重県,四日市,四日市,四日市市小牧町１９３７,35.046774,136.565936,三岐鉄道三岐線,三岐鉄道,1,D,5,駅データ.jp
9952807,9952807,北勢中央公園口,三重県,四日市,四日市,四日市市市場町字東高見５３６-２,35.060519,136.566096,三岐鉄道三岐線,三岐鉄道,1,D,5,駅データ.jp
9952808,9952808,梅戸井,三重県,いなべ市,いなべ市,いなべ市大安町梅戸２３５４-２,35.075326,136.557033,三岐鉄道三岐線,三岐鉄道,1,D,5,駅データ.jp
9952809,9952809,大安,三重県,いなべ市,いなべ市,いなべ市大安町大井田１３０５,35.09196,136.545376,三岐鉄道三岐線,三岐鉄道,1,D,5,駅データ.jp
9952810,9952810,三里,三重県,いなべ市,いなべ市,いなべ市大安町平塚５１２-１１,35.107062,136.538651,三岐鉄道三岐線,三岐鉄道,1,D,5,駅データ.jp
9952811,9952811,丹生川,三重県,いなべ市,いなべ市,いなべ市大安町丹生川中１１７０-１,35.122757,136.519744,三岐鉄道三岐線,三岐鉄道,1,D,5,駅データ.jp
9952812,9952812,伊勢治田,三重県,いなべ市,いなべ市,いなべ市北勢町東村１０３,35.133137,136.514419,三岐鉄道三岐線,三岐鉄道,1,D,5,駅データ.jp
9952813,9952813,東藤原,三重県,いなべ市,いなべ市,いなべ市藤原町東禅寺８９５,35.147643,136.498904,三岐鉄道三岐線,三岐鉄道,1,D,5,駅データ.jp
9952814,9952814,西野尻,三重県,いなべ市,いなべ市,いなべ市藤原町西野尻５５６-２,35.16393,136.488224,三岐鉄道三岐線,三岐鉄道,1,D,5,駅データ.jp
9952815,9952815,西藤原,三重県,いなべ市,いなべ市,いなべ市藤原町大貝戸３３６,35.170368,136.478181,三岐鉄道三岐線,三岐鉄道,1,D,5,駅データ.jp
9952902,9952902,馬道,三重県,桑名市,桑名市,桑名市大字本願寺字笠松２２８-２,35.060705,136.676354,三岐鉄道北勢線,三岐鉄道,1,D,5,駅データ.jp
9952903,9952903,西別所,三重県,桑名市,桑名市,桑名市大字西別所１８０-２,35.059752,136.666043,三岐鉄道北勢線,三岐鉄道,1,D,5,駅データ.jp
9952904,9952904,蓮花寺,三重県,桑名市,桑名市,桑名市大字蓮花寺１８３-４,35.059657,136.652189,三岐鉄道北勢線,三岐鉄道,1,D,5,駅データ.jp
9952905,9952905,在良,三重県,桑名市,桑名市,桑名市大字額田字中縄３８１-１,35.060685,136.643731,三岐鉄道北勢線,三岐鉄道,1,D,5,駅データ.jp
9952906,9952906,星川,三重県,桑名市,桑名市,桑名市星川字十弐９０２の９,35.064398,136.630113,三岐鉄道北勢線,三岐鉄道,1,D,5,駅データ.jp
9952907,9952907,七和,三重県,桑名市,桑名市,桑名市大字芳ケ崎字屋敷田６０２-７,35.06888,136.615722,三岐鉄道北勢線,三岐鉄道,1,D,5,駅データ.jp
9952908,9952908,穴太,三重県,,,員弁郡東員町大字筑紫字堤田８８７-７,35.073032,136.604887,三岐鉄道北勢線,三岐鉄道,1,D,5,駅データ.jp
9952909,9952909,東員,三重県,,,員弁郡東員町山田１９５４番地,35.077945,136.587562,三岐鉄道北勢線,三岐鉄道,1,D,5,駅データ.jp
9952910,9952910,大泉,三重県,いなべ市,いなべ市,いなべ市員弁町大泉２５１６,35.095044,136.57021,三岐鉄道北勢線,三岐鉄道,1,D,5,駅データ.jp
9952911,9952911,楚原,三重県,いなべ市,いなべ市,いなべ市員弁町大字楚原字宮の腰５４４-１,35.110984,136.560349,三岐鉄道北勢線,三岐鉄道,1,D,5,駅データ.jp
9952912,9952912,麻生田,三重県,いなべ市,いなべ市,いなべ市北勢町大字麻生田字南一色２００３-２,35.133807,136.535628,三岐鉄道北勢線,三岐鉄道,1,D,5,駅データ.jp
9952913,9952913,阿下喜,三重県,いなべ市,いなべ市,いなべ市北勢町大字阿下喜字塚原６８７,35.146177,136.518796,三岐鉄道北勢線,三岐鉄道,1,D,5,駅データ.jp
9953002,9953002,鈴鹿,三重県,鈴鹿市,鈴鹿市,鈴鹿市矢橋町１丁目１１,34.878513,136.589009,伊勢鉄道伊勢線,伊勢鉄道,1,D,13,駅データ.jp
9953003,9953003,玉垣,三重県,鈴鹿市,鈴鹿市,鈴鹿市桜島町１丁目２０,34.855104,136.570038,伊勢鉄道伊勢線,伊勢鉄道,1,D,5,駅データ.jp
9953004,9953004,鈴鹿サーキット稲生,三重県,鈴鹿市,鈴鹿市,鈴鹿市稲生町西３丁目８,34.841053,136.555154,伊勢鉄道伊勢線,伊勢鉄道,1,D,13,駅データ.jp
9953005,9953005,徳田,三重県,鈴鹿市,鈴鹿市,鈴鹿市徳田町,34.826288,136.544077,伊勢鉄道伊勢線,伊勢鉄道,1,D,5,駅データ.jp
9953006,9953006,中瀬古,三重県,鈴鹿市,鈴鹿市,鈴鹿市中瀬古町字杉山,34.812167,136.543033,伊勢鉄道伊勢線,伊勢鉄道,1,D,5,駅データ.jp
9953007,9953007,伊勢上野,三重県,津市,津市,津市河芸町上野,34.800444,136.542492,伊勢鉄道伊勢線,伊勢鉄道,1,D,5,駅データ.jp
9953008,9953008,河芸,三重県,津市,津市,津市河芸町浜田,34.781015,136.53099,伊勢鉄道伊勢線,伊勢鉄道,1,D,5,駅データ.jp
9953009,9953009,東一身田,三重県,津市,津市,津市一身田平野,34.758717,136.512126,伊勢鉄道伊勢線,伊勢鉄道,1,D,5,駅データ.jp
9953115,9953115,四十九,三重県,伊賀市,伊賀市,三重県伊賀市四十九町,34.748194,136.137,伊賀鉄道伊賀線,伊賀鉄道,1,D,5,駅データ.jp
9960102,9960102,フジテック前,滋賀県,彦根市,彦根市,彦根市甲田町３５６,35.294672,136.285465,近江鉄道本線,近江鉄道,1,D,5,駅データ.jp
9960103,9960103,鳥居本,滋賀県,彦根市,彦根市,彦根市鳥居本町６５７,35.284788,136.283031,近江鉄道本線,近江鉄道,1,D,5,駅データ.jp
9960105,9960105,彦根口,滋賀県,彦根市,彦根市,彦根市西沼波町６５５,35.254741,136.25826,近江鉄道本線,近江鉄道,1,D,13,駅データ.jp
9960106,9960106,高宮,滋賀県,彦根市,彦根市,彦根市高宮町８７６-１,35.236266,136.260524,近江鉄道多賀線|近江鉄道本線,近江鉄道,2,D,15,駅データ.jp
9960107,9960107,尼子,滋賀県,,,犬上郡甲良町尼子１７０６-２,35.213967,136.246148,近江鉄道本線,近江鉄道,1,D,5,駅データ.jp
9960108,9960108,豊郷,滋賀県,,,犬上郡豊郷町八目１１-１,35.197863,136.230946,近江鉄道本線,近江鉄道,1,D,5,駅データ.jp
9960109,9960109,愛知川,滋賀県,愛知郡愛荘町市,愛知郡愛荘町市,愛知郡愛荘町市８９５,35.176119,136.213378,近江鉄道本線,近江鉄道,1,D,5,駅データ.jp
9960110,9960110,五箇荘,滋賀県,東近江市,東近江市,東近江市五個荘小幡町４６７-４,35.154476,136.197146,近江鉄道本線,近江鉄道,1,D,5,駅データ.jp
9960111,9960111,河辺の森,滋賀県,東近江市,東近江市,東近江市建部下野町１２４１-２,35.135353,136.196218,近江鉄道本線,近江鉄道,1,D,5,駅データ.jp
9960112,9960112,八日市,滋賀県,東近江市,東近江市,東近江市八日市浜野町４８５,35.114264,136.194582,近江鉄道八日市線|近江鉄道本線,近江鉄道,2,D,15,駅データ.jp
9960113,9960113,長谷野,滋賀県,東近江市,東近江市,東近江市今堀町８１３-１,35.095626,136.187561,近江鉄道本線,近江鉄道,1,D,5,駅データ.jp
9960114,9960114,大学前,滋賀県,東近江市,東近江市,東近江市布施町中ノ山２９-２,35.087733,136.184698,近江鉄道本線,近江鉄道,1,D,5,駅データ.jp
9960115,9960115,京セラ前,滋賀県,東近江市,東近江市,東近江市川合町字皆込１３-１６,35.074748,136.180382,近江鉄道本線,近江鉄道,1,D,5,駅データ.jp
9960116,9960116,桜川,滋賀県,東近江市,東近江市,東近江市桜川西町７８,35.065052,136.187488,近江鉄道本線,近江鉄道,1,D,5,駅データ.jp
9960117,9960117,朝日大塚,滋賀県,東近江市,東近江市,東近江市大塚町３１５-３,35.05106,136.193568,近江鉄道本線,近江鉄道,1,D,5,駅データ.jp
9960118,9960118,朝日野,滋賀県,東近江市,東近江市,東近江市鋳物師町９０３-２,35.03154,136.20572,近江鉄道本線,近江鉄道,1,D,5,駅データ.jp
9960119,9960119,日野,滋賀県,,,蒲生郡日野町内池７５４-５,35.012203,136.219457,近江鉄道本線,近江鉄道,1,D,5,駅データ.jp
9960120,9960120,水口松尾,滋賀県,甲賀市,甲賀市,甲賀市水口町水口字知神１６３７-１,34.980224,136.18644,近江鉄道本線,近江鉄道,1,D,5,駅データ.jp
9960121,9960121,水口,滋賀県,甲賀市,甲賀市,甲賀市水口町水口２４６９,34.974238,136.17683,近江鉄道本線,近江鉄道,1,D,5,駅データ.jp
9960122,9960122,水口石橋,滋賀県,甲賀市,甲賀市,甲賀市水口町鹿深４５０８-１,34.970072,136.171625,近江鉄道本線,近江鉄道,1,D,5,駅データ.jp
9960123,9960123,水口城南,滋賀県,甲賀市,甲賀市,甲賀市水口町水口字宮ノ下５６６８-２,34.968181,136.165648,近江鉄道本線,近江鉄道,1,D,5,駅データ.jp
9960125,9960125,ひこね芹川,滋賀県,彦根市,彦根市,滋賀県彦根市芹川町字矢立564-1,35.262195,136.260939,近江鉄道本線,近江鉄道,1,D,5,駅データ.jp
9960202,9960202,多賀大社前,滋賀県,,,犬上郡多賀町多賀１３２２,35.226442,136.284077,近江鉄道多賀線,近江鉄道,1,D,5,駅データ.jp
9960203,9960203,スクリーン,滋賀県,彦根市,彦根市,彦根市高宮町樋ノ戸４５８-１,35.233264,136.267258,近江鉄道多賀線,近江鉄道,1,D,5,駅データ.jp
9960302,9960302,新八日市,滋賀県,東近江市,東近江市,東近江市八日市清水２-１３７-２,35.110356,136.191141,近江鉄道八日市線,近江鉄道,1,D,5,駅データ.jp
9960303,9960303,太郎坊宮前,滋賀県,東近江市,東近江市,東近江市小脇町７５３-５,35.108608,136.183958,近江鉄道八日市線,近江鉄道,1,D,5,駅データ.jp
9960304,9960304,市辺,滋賀県,東近江市,東近江市,東近江市市辺町２８０１,35.103848,136.165641,近江鉄道八日市線,近江鉄道,1,D,5,駅データ.jp
9960305,9960305,平田,滋賀県,東近江市,東近江市,東近江市平田町１２１-２,35.11023,136.146612,近江鉄道八日市線,近江鉄道,1,D,5,駅データ.jp
9960306,9960306,武佐,滋賀県,近江八幡市,近江八幡市,近江八幡市長光寺町５５-３,35.114894,136.130692,近江鉄道八日市線,近江鉄道,1,D,5,駅データ.jp
9960402,9960402,紫香楽宮跡,滋賀県,甲賀市,甲賀市,甲賀市信楽町牧字下山,34.915741,136.087967,信楽高原鐵道信楽線,信楽高原鐵道,1,D,5,駅データ.jp
9960403,9960403,雲井,滋賀県,甲賀市,甲賀市,甲賀市信楽町牧字永楽,34.911249,136.084317,信楽高原鐵道信楽線,信楽高原鐵道,1,D,5,駅データ.jp
9960404,9960404,勅旨,滋賀県,甲賀市,甲賀市,甲賀市信楽町勅旨字鳥居迫,34.893681,136.073102,信楽高原鐵道信楽線,信楽高原鐵道,1,D,5,駅データ.jp
9960405,9960405,玉桂寺前,滋賀県,甲賀市,甲賀市,甲賀市信楽町勅旨字奥出,34.885257,136.06938,信楽高原鐵道信楽線,信楽高原鐵道,1,D,5,駅データ.jp
9960406,9960406,信楽,滋賀県,甲賀市,甲賀市,甲賀市信楽町長野,34.87713,136.061317,信楽高原鐵道信楽線,信楽高原鐵道,1,D,5,駅データ.jp
9960502,9960502,トロッコ嵐山,京都府,京都市,京都市右京区,京都市右京区嵯峨小倉山田渕山町,35.017162,135.670252,嵯峨野観光線,嵯峨野観光鉄道,1,D,5,駅データ.jp
9960503,9960503,トロッコ保津峡,京都府,京都市,京都市西京区,京都市西京区嵐山北松尾山,35.026148,135.646284,嵯峨野観光線,嵯峨野観光鉄道,1,D,5,駅データ.jp
9960504,9960504,トロッコ亀岡,京都府,亀岡市,亀岡市,亀岡市篠町山本地黒,35.01314,135.606751,嵯峨野観光線,嵯峨野観光鉄道,1,D,13,駅データ.jp
9960602,9960602,元田中,京都府,京都市,京都市左京区,京都市左京区田中大久保町７５,35.034968,135.781411,叡山電鉄叡山本線,叡山電鉄,1,D,5,駅データ.jp
9960603,9960603,茶山・京都芸術大学,京都府,京都市,京都市左京区,京都市左京区田中北春菜町３８,35.038248,135.784508,叡山電鉄叡山本線,叡山電鉄,1,D,5,駅データ.jp
9960604,9960604,一乗寺,京都府,京都市,京都市左京区,京都市左京区一乗寺里ノ西町１０２,35.044247,135.787416,叡山電鉄叡山本線,叡山電鉄,1,D,5,駅データ.jp
9960605,9960605,修学院,京都府,京都市,京都市左京区,京都市左京区山端壱町田町１４-１,35.050119,135.790297,叡山電鉄叡山本線,叡山電鉄,1,D,5,駅データ.jp
9960606,9960606,宝ヶ池,京都府,京都市,京都市左京区,京都市左京区上高野上荒蒔町,35.058054,135.792366,叡山電鉄叡山本線|叡山電鉄鞍馬線,叡山電鉄,2,D,15,駅データ.jp
9960607,9960607,三宅八幡,京都府,京都市,京都市左京区,京都市左京区上高野木ノ下町２０-３,35.062387,135.796207,叡山電鉄叡山本線,叡山電鉄,1,D,5,駅データ.jp
9960608,9960608,八瀬比叡山口,京都府,京都市,京都市左京区,京都市左京区八瀬野瀬町１１３,35.065225,135.8085,叡山電鉄叡山本線,叡山電鉄,1,D,5,駅データ.jp
9960702,9960702,八幡前,京都府,京都市,京都市左京区,京都市左京区岩倉三宅町２５,35.066358,135.79241,叡山電鉄鞍馬線,叡山電鉄,1,D,5,駅データ.jp
9960703,9960703,岩倉,京都府,京都市,京都市左京区,京都市左京区岩倉忠在地町３００,35.071208,135.786616,叡山電鉄鞍馬線,叡山電鉄,1,D,5,駅データ.jp
9960704,9960704,木野,京都府,京都市,京都市左京区,京都市左京区岩倉幡枝町４５,35.071108,135.776525,叡山電鉄鞍馬線,叡山電鉄,1,D,5,駅データ.jp
9960705,9960705,京都精華大前,京都府,京都市,京都市左京区,京都市左京区静市市原町８７１,35.073069,135.768909,叡山電鉄鞍馬線,叡山電鉄,1,D,5,駅データ.jp
9960706,9960706,二軒茶屋,京都府,京都市,京都市左京区,京都市左京区静市市原町９６８,35.077743,135.765876,叡山電鉄鞍馬線,叡山電鉄,1,D,5,駅データ.jp
9960707,9960707,市原,京都府,京都市,京都市左京区,京都市左京区静市市原町１２４,35.088236,135.763118,叡山電鉄鞍馬線,叡山電鉄,1,D,5,駅データ.jp
9960708,9960708,二ノ瀬,京都府,京都市,京都市左京区,京都市左京区鞍馬二ノ瀬町１６０,35.097657,135.763065,叡山電鉄鞍馬線,叡山電鉄,1,D,5,駅データ.jp
9960709,9960709,貴船口,京都府,京都市,京都市左京区,京都市左京区鞍馬貴船町５-１,35.105923,135.763804,叡山電鉄鞍馬線,叡山電鉄,1,D,5,駅データ.jp
9960710,9960710,鞍馬,京都府,京都市,京都市左京区,京都市左京区鞍馬本町１９１,35.113,135.772453,叡山電鉄鞍馬線,叡山電鉄,1,D,5,駅データ.jp
9960802,9960802,福知山市民病院口,京都府,福知山市,福知山市,福知山市新庄,35.306573,135.108581,宮福線,京都丹後鉄道,1,D,13,駅データ.jp
9960803,9960803,荒河かしの木台,京都府,福知山市,福知山市,福知山市上荒河,35.319394,135.105779,宮福線,京都丹後鉄道,1,D,5,駅データ.jp
9960804,9960804,牧,京都府,福知山市,福知山市,福知山市牧,35.337892,135.101751,宮福線,京都丹後鉄道,1,D,5,駅データ.jp
9960805,9960805,下天津,京都府,福知山市,福知山市,福知山市下天津,35.359587,135.111702,宮福線,京都丹後鉄道,1,D,5,駅データ.jp
9960806,9960806,公庄,京都府,福知山市,福知山市,福知山市大江町公庄,35.371855,135.12912,宮福線,京都丹後鉄道,1,D,5,駅データ.jp
9960807,9960807,大江,京都府,福知山市,福知山市,福知山市大江町河守,35.388798,135.147856,宮福線,京都丹後鉄道,1,D,5,駅データ.jp
9960808,9960808,大江高校前,京都府,福知山市,福知山市,福知山市大江町金屋,35.395675,135.152486,宮福線,京都丹後鉄道,1,D,5,駅データ.jp
9960809,9960809,二俣,京都府,福知山市,福知山市,福知山市大江町二俣,35.413495,135.154524,宮福線,京都丹後鉄道,1,D,5,駅データ.jp
9960810,9960810,大江山口内宮,京都府,福知山市,福知山市,福知山市大江町内宮,35.432023,135.158251,宮福線,京都丹後鉄道,1,D,5,駅データ.jp
9960811,9960811,辛皮,京都府,宮津市,宮津市,宮津市小田,35.462612,135.173161,宮福線,京都丹後鉄道,1,D,5,駅データ.jp
9960812,9960812,喜多,京都府,宮津市,宮津市,宮津市喜多,35.509318,135.187498,宮福線,京都丹後鉄道,1,D,5,駅データ.jp
9960813,9960813,宮村,京都府,宮津市,宮津市,宮津市宮村,35.523336,135.192134,宮福線,京都丹後鉄道,1,D,5,駅データ.jp
9960814,9960814,宮津,京都府,宮津市,宮津市,宮津市鶴賀,35.53441,135.199875,宮福線|宮舞線|宮豊線,京都丹後鉄道,3,C,32,駅データ.jp
9960902,9960902,四所,京都府,舞鶴市,舞鶴市,舞鶴市上福井,35.446154,135.290471,宮舞線,京都丹後鉄道,1,D,5,駅データ.jp
9960903,9960903,東雲,京都府,舞鶴市,舞鶴市,舞鶴市水間,35.475018,135.284927,宮舞線,京都丹後鉄道,1,D,5,駅データ.jp
9960904,9960904,丹後神崎,京都府,舞鶴市,舞鶴市,舞鶴市油江,35.506463,135.293628,宮舞線,京都丹後鉄道,1,D,5,駅データ.jp
9960905,9960905,丹後由良,京都府,宮津市,宮津市,宮津市由良,35.515736,135.279582,宮舞線,京都丹後鉄道,1,D,5,駅データ.jp
9960906,9960906,栗田,京都府,宮津市,宮津市,宮津市上司,35.543757,135.235291,宮舞線,京都丹後鉄道,1,D,5,駅データ.jp
9960908,9960908,天橋立,京都府,宮津市,宮津市,宮津市文珠,35.557729,135.182456,宮豊線,京都丹後鉄道,1,D,5,駅データ.jp
9960909,9960909,岩滝口,京都府,宮津市,宮津市,宮津市須津,35.55038,135.151297,宮豊線,京都丹後鉄道,1,D,5,駅データ.jp
9960910,9960910,与謝野,京都府,,,与謝郡与謝野町下山田,35.543516,135.126469,宮豊線,京都丹後鉄道,1,D,5,駅データ.jp
9960911,9960911,京丹後大宮,京都府,京丹後市,京丹後市,京丹後市大宮町口大野,35.579324,135.093977,宮豊線,京都丹後鉄道,1,D,13,駅データ.jp
9960912,9960912,峰山,京都府,京丹後市,京丹後市,京丹後市峰山町杉谷,35.625928,135.07214,宮豊線,京都丹後鉄道,1,D,5,駅データ.jp
9960913,9960913,網野,京都府,京丹後市,京丹後市,京丹後市網野町下岡,35.667342,135.025599,宮豊線,京都丹後鉄道,1,D,5,駅データ.jp
9960914,9960914,夕日ヶ浦木津温泉,京都府,京丹後市,京丹後市,京丹後市網野町木津,35.650061,134.972332,宮豊線,京都丹後鉄道,1,D,5,駅データ.jp
9960915,9960915,小天橋,京都府,京丹後市,京丹後市,京丹後市久美浜町浦明,35.630067,134.928425,宮豊線,京都丹後鉄道,1,D,5,駅データ.jp
9960916,9960916,かぶと山,京都府,京丹後市,京丹後市,京丹後市久美浜町甲山,35.60685,134.919769,宮豊線,京都丹後鉄道,1,D,5,駅データ.jp
9960917,9960917,久美浜,京都府,京丹後市,京丹後市,京丹後市久美浜町栄町,35.60235,134.894997,宮豊線,京都丹後鉄道,1,D,5,駅データ.jp
9960918,9960918,コウノトリの郷,兵庫県,豊岡市,豊岡市,豊岡市日撫,35.552816,134.835391,宮豊線,京都丹後鉄道,1,D,5,駅データ.jp
9961001,9961001,国際会館,京都府,京都市,京都市左京区,京都市左京区岩倉大鷺町,35.062942,135.785216,京都市営地下鉄烏丸線,京都市交通局,1,D,5,駅データ.jp
9961002,9961002,松ヶ崎,京都府,京都市,京都市左京区,京都市左京区松ヶ崎六ノ坪町,35.051657,135.777114,京都市営地下鉄烏丸線,京都市交通局,1,D,5,駅データ.jp
9961003,9961003,北山,京都府,京都市,京都市北区,京都市北区上賀茂岩ケ垣内町,35.051277,135.766329,京都市営地下鉄烏丸線,京都市交通局,1,D,5,駅データ.jp
9961004,9961004,北大路,京都府,京都市,京都市北区,京都市北区小山北上総町,35.044972,135.75866,京都市営地下鉄烏丸線,京都市交通局,1,D,5,駅データ.jp
9961005,9961005,鞍馬口,京都府,京都市,京都市上京区,京都市上京区上御霊中町,35.03739,135.759385,京都市営地下鉄烏丸線,京都市交通局,1,D,5,駅データ.jp
9961006,9961006,今出川,京都府,京都市,京都市上京区,京都市上京区岡松町,35.030168,135.759385,京都市営地下鉄烏丸線,京都市交通局,1,D,5,駅データ.jp
9961007,9961007,丸太町,京都府,京都市,京都市中京区,京都市中京区大倉町,35.016554,135.759537,京都市営地下鉄烏丸線,京都市交通局,1,D,5,駅データ.jp
9961008,9961008,烏丸御池,京都府,京都市,京都市中京区,京都市中京区虎屋町,35.010517,135.759638,京都市営地下鉄東西線|京都市営地下鉄烏丸線,京都市交通局,2,D,15,駅データ.jp
9961010,9961010,五条,京都府,京都市,京都市下京区,京都市下京区大坂町,34.995252,135.759687,京都市営地下鉄烏丸線,京都市交通局,1,D,5,駅データ.jp
9961012,9961012,九条,京都府,京都市,京都市南区,京都市南区東九条南烏丸町,34.979062,135.759664,京都市営地下鉄烏丸線,京都市交通局,1,D,5,駅データ.jp
9961013,9961013,十条,京都府,京都市,京都市南区,京都市南区東九条南石田町,34.972168,135.759623,京都市営地下鉄烏丸線,京都市交通局,1,D,5,駅データ.jp
9961014,9961014,くいな橋,京都府,京都市,京都市伏見区,京都市伏見区竹田中島町,34.962674,135.757441,京都市営地下鉄烏丸線,京都市交通局,1,D,5,駅データ.jp
9961102,9961102,石田,京都府,京都市,京都市伏見区,京都市伏見区石田森南町,34.940569,135.803995,京都市営地下鉄東西線,京都市交通局,1,D,5,駅データ.jp
9961103,9961103,醍醐,京都府,京都市,京都市伏見区,京都市伏見区醍醐高畑町,34.950732,135.810769,京都市営地下鉄東西線,京都市交通局,1,D,5,駅データ.jp
9961104,9961104,小野,京都府,京都市,京都市山科区,京都市山科区小野西浦,34.961218,135.812733,京都市営地下鉄東西線,京都市交通局,1,D,5,駅データ.jp
9961105,9961105,椥辻,京都府,京都市,京都市山科区,京都市山科区椥辻草海道町,34.972675,135.814658,京都市営地下鉄東西線,京都市交通局,1,D,5,駅データ.jp
9961106,9961106,東野,京都府,京都市,京都市山科区,京都市山科区東野片下り町,34.981841,135.816602,京都市営地下鉄東西線,京都市交通局,1,D,5,駅データ.jp
9961109,9961109,蹴上,京都府,京都市,京都市東山区,京都市東山区東小物座町,35.008037,135.790227,京都市営地下鉄東西線,京都市交通局,1,D,5,駅データ.jp
9961110,9961110,東山,京都府,京都市,京都市東山区,京都市東山区大井手町,35.009425,135.780448,京都市営地下鉄東西線,京都市交通局,1,D,5,駅データ.jp
9961112,9961112,京都市役所前,京都府,京都市,京都市中京区,京都市中京区下丸屋町,35.011003,135.768829,京都市営地下鉄東西線,京都市交通局,1,D,5,駅データ.jp
9961114,9961114,二条城前,京都府,京都市,京都市中京区,京都市中京区二条城町,35.011892,135.750473,京都市営地下鉄東西線,京都市交通局,1,D,5,駅データ.jp
9961116,9961116,西大路御池,京都府,京都市,京都市中京区,京都市中京区西ノ京,35.010983,135.731181,京都市営地下鉄東西線,京都市交通局,1,D,5,駅データ.jp
9961117,9961117,太秦天神川,京都府,京都市,京都市右京区,京都市右京区太秦,35.010816,135.716085,京都市営地下鉄東西線,京都市交通局,1,D,5,駅データ.jp
9961203,9961203,西大路三条,京都府,京都市,京都市右京区,京都市右京区西院上今田町２２,35.007855,135.732438,京福電鉄嵐山本線,京福電気鉄道,1,D,5,駅データ.jp
9961204,9961204,山ノ内,京都府,京都市,京都市右京区,京都市右京区山ノ内宮前町,35.008336,135.72317,京福電鉄嵐山本線,京福電気鉄道,1,D,5,駅データ.jp
9961205,9961205,蚕ノ社,京都府,京都市,京都市右京区,京都市右京区太秦森ケ前町１３-４,35.011894,135.712987,京福電鉄嵐山本線,京福電気鉄道,1,D,5,駅データ.jp
9961206,9961206,太秦広隆寺,京都府,京都市,京都市右京区,京都市右京区太秦組石町１０-４,35.013513,135.708232,京福電鉄嵐山本線,京福電気鉄道,1,D,5,駅データ.jp
9961207,9961207,帷子ノ辻,京都府,京都市,京都市右京区,京都市右京区太秦帷子ケ辻町３０-３,35.015146,135.700257,京福電鉄北野線|京福電鉄嵐山本線,京福電気鉄道,2,D,15,駅データ.jp
9961208,9961208,有栖川,京都府,京都市,京都市右京区,京都市右京区嵯峨野神ノ木町３７-６,35.015249,135.694216,京福電鉄嵐山本線,京福電気鉄道,1,D,5,駅データ.jp
9961209,9961209,車折神社,京都府,京都市,京都市右京区,京都市右京区嵯峨中又町３０-２,35.016763,135.688986,京福電鉄嵐山本線,京福電気鉄道,1,D,5,駅データ.jp
9961210,9961210,鹿王院,京都府,京都市,京都市右京区,京都市右京区嵯峨北堀町２６-６,35.01704,135.685236,京福電鉄嵐山本線,京福電気鉄道,1,D,5,駅データ.jp
9961211,9961211,嵐電嵯峨,京都府,京都市,京都市右京区,京都市右京区嵯峨天龍寺今堀町２３-２,35.016426,135.681425,京福電鉄嵐山本線,京福電気鉄道,1,D,5,駅データ.jp
9961212,9961212,嵐山,京都府,京都市,京都市右京区,京都市右京区嵯峨天龍寺造路町,35.015271,135.677698,京福電鉄嵐山本線,京福電気鉄道,1,D,5,駅データ.jp
9961213,9961213,嵐電天神川,京都府,京都市,京都市右京区,京都市右京区太秦下刑部町,35.010192,135.715227,京福電鉄嵐山本線,京福電気鉄道,1,D,5,駅データ.jp
9961302,9961302,常盤,京都府,京都市,京都市右京区,京都市右京区常盤馬塚町５-１,35.020296,135.704807,京福電鉄北野線,京福電気鉄道,1,D,5,駅データ.jp
9961303,9961303,鳴滝,京都府,京都市,京都市右京区,京都市右京区鳴滝嵯峨園町１-２,35.023626,135.705793,京福電鉄北野線,京福電気鉄道,1,D,5,駅データ.jp
9961304,9961304,宇多野,京都府,京都市,京都市右京区,京都市右京区宇多野長尾町１１-１,35.027145,135.709731,京福電鉄北野線,京福電気鉄道,1,D,5,駅データ.jp
9961305,9961305,御室仁和寺,京都府,京都市,京都市右京区,京都市右京区御室小松野町１２-２,35.02639,135.714106,京福電鉄北野線,京福電気鉄道,1,D,5,駅データ.jp
9961306,9961306,妙心寺,京都府,京都市,京都市右京区,京都市右京区花園天授ケ岡町３-２,35.026345,135.718011,京福電鉄北野線,京福電気鉄道,1,D,5,駅データ.jp
9961307,9961307,龍安寺,京都府,京都市,京都市右京区,京都市右京区谷口垣ノ内町９-１,35.027862,135.721264,京福電鉄北野線,京福電気鉄道,1,D,5,駅データ.jp
9961308,9961308,等持院・立命館大学衣笠キャンパス前,京都府,京都市,京都市北区,京都市北区等持院西町１５-２,35.027828,135.723797,京福電鉄北野線,京福電気鉄道,1,D,5,駅データ.jp
9961309,9961309,北野白梅町,京都府,京都市,京都市北区,京都市北区北野下白梅町１５-２,35.027409,135.730846,京福電鉄北野線,京福電気鉄道,1,D,5,駅データ.jp
9961310,9961310,撮影所前,京都府,京都市,京都市右京区,京都市右京区太秦上ノ段町1-5,35.01575,135.702778,京福電鉄北野線,京福電気鉄道,1,D,5,駅データ.jp
9961401,9961401,千里中央,大阪府,豊中市,豊中市,豊中市新千里東町１-５-４,34.808067,135.495091,北大阪急行電鉄|大阪モノレール線,北大阪急行電鉄|大阪モノレール株式会社,2,D,15,駅データ.jp
9961402,9961402,桃山台,大阪府,吹田市,吹田市,吹田市桃山台５-１-１,34.793842,135.497142,北大阪急行電鉄,北大阪急行電鉄,1,D,5,駅データ.jp
9961403,9961403,緑地公園,大阪府,豊中市,豊中市,豊中市東寺内町１８-１,34.774772,135.495278,北大阪急行電鉄,北大阪急行電鉄,1,D,5,駅データ.jp
9961404,9961404,江坂,大阪府,吹田市,吹田市,吹田市豊津町９,34.758755,135.497106,北大阪急行電鉄|大阪メトロ御堂筋線,Osaka Metro|北大阪急行電鉄,2,D,15,駅データ.jp
9961405,9961405,箕面船場阪大前,大阪府,箕面市,箕面市,大阪府箕面市船場東3丁目,34.821111,135.490278,北大阪急行電鉄,北大阪急行電鉄,1,D,13,駅データ.jp
9961406,9961406,箕面萱野,大阪府,箕面市,箕面市,大阪府箕面市西宿1丁目,34.831667,135.489167,北大阪急行電鉄,北大阪急行電鉄,1,D,13,駅データ.jp
9961502,9961502,絹延橋,兵庫県,川西市,川西市,川西市絹延町３-２３,34.834809,135.423025,能勢電鉄妙見線,能勢電鉄,1,D,5,駅データ.jp
9961503,9961503,滝山,兵庫県,川西市,川西市,川西市滝山町１２-３,34.843075,135.421197,能勢電鉄妙見線,能勢電鉄,1,D,5,駅データ.jp
9961504,9961504,鶯の森,兵庫県,川西市,川西市,兵庫県川西市鶯の森町,34.847747,135.418888,能勢電鉄妙見線,能勢電鉄,1,D,5,駅データ.jp
9961505,9961505,鼓滝,兵庫県,川西市,川西市,川西市鼓が滝１-５-１,34.854735,135.418339,能勢電鉄妙見線,能勢電鉄,1,D,5,駅データ.jp
9961506,9961506,多田,兵庫県,川西市,川西市,川西市東多田３-１-２１,34.860815,135.416497,能勢電鉄妙見線,能勢電鉄,1,D,5,駅データ.jp
9961507,9961507,平野,兵庫県,川西市,川西市,川西市平野１-３６-１,34.868719,135.417266,能勢電鉄妙見線,能勢電鉄,1,D,5,駅データ.jp
9961508,9961508,一の鳥居,兵庫県,川西市,川西市,川西市東畦野山手１-１１-１,34.879599,135.419888,能勢電鉄妙見線,能勢電鉄,1,D,5,駅データ.jp
9961509,9961509,畦野,兵庫県,川西市,川西市,川西市東畦野２-２-１２,34.884954,135.415594,能勢電鉄妙見線,能勢電鉄,1,D,5,駅データ.jp
9961510,9961510,山下,兵庫県,川西市,川西市,川西市見野１-１９-１,34.892926,135.412172,能勢電鉄妙見線|能勢電鉄日生線,能勢電鉄,2,D,15,駅データ.jp
9961511,9961511,笹部,兵庫県,川西市,川西市,川西市笹部字川原２７７-２,34.893765,135.416269,能勢電鉄妙見線,能勢電鉄,1,D,5,駅データ.jp
9961512,9961512,光風台,大阪府,,,豊能郡豊能町光風台３-５７-７,34.899887,135.431429,能勢電鉄妙見線,能勢電鉄,1,D,5,駅データ.jp
9961513,9961513,ときわ台,大阪府,,,豊能郡豊能町ときわ台１-９-４,34.906134,135.438195,能勢電鉄妙見線,能勢電鉄,1,D,5,駅データ.jp
9961514,9961514,妙見口,大阪府,,,豊能郡豊能町吉川１４６-１,34.911539,135.444597,能勢電鉄妙見線,能勢電鉄,1,D,5,駅データ.jp
9961602,9961602,深井,大阪府,堺市,堺市中区,堺市中区深井沢町３２９０,34.530398,135.497461,泉北線,南海電鉄,1,D,5,駅データ.jp
9961603,9961603,泉ヶ丘,大阪府,堺市,堺市南区,堺市南区竹城台1丁,34.497099,135.511575,泉北線,南海電鉄,1,D,5,駅データ.jp
9961604,9961604,栂・美木多,大阪府,堺市,堺市南区,堺市南区桃山台二丁１-１,34.485087,135.490286,泉北線,南海電鉄,1,D,5,駅データ.jp
9961605,9961605,光明池,大阪府,堺市,堺市南区,堺市南区新檜尾台二丁１-１,34.474712,135.475572,泉北線,南海電鉄,1,D,5,駅データ.jp
9961606,9961606,和泉中央,大阪府,和泉市,和泉市,和泉市いぶき野５-１-１,34.461211,135.456063,泉北線,南海電鉄,1,D,13,駅データ.jp
9961702,9961702,貝塚市役所前,大阪府,貝塚市,貝塚市,貝塚市畠中３１,34.439461,135.360497,水間鉄道水間線,水間鉄道,1,D,13,駅データ.jp
9961703,9961703,近義の里,大阪府,貝塚市,貝塚市,貝塚市鳥羽２７６,34.436903,135.362892,水間鉄道水間線,水間鉄道,1,D,5,駅データ.jp
9961704,9961704,石才,大阪府,貝塚市,貝塚市,貝塚市石才５２９,34.430596,135.368205,水間鉄道水間線,水間鉄道,1,D,5,駅データ.jp
9961705,9961705,清児,大阪府,貝塚市,貝塚市,貝塚市清児８６６,34.424786,135.372127,水間鉄道水間線,水間鉄道,1,D,5,駅データ.jp
9961706,9961706,名越,大阪府,貝塚市,貝塚市,貝塚市名越７０２,34.421467,135.375027,水間鉄道水間線,水間鉄道,1,D,5,駅データ.jp
9961707,9961707,森,大阪府,貝塚市,貝塚市,貝塚市森５４８,34.414246,135.38189,水間鉄道水間線,水間鉄道,1,D,5,駅データ.jp
9961708,9961708,三ツ松,大阪府,貝塚市,貝塚市,貝塚市三ツ松８３２,34.411135,135.383387,水間鉄道水間線,水間鉄道,1,D,5,駅データ.jp
9961709,9961709,三ヶ山口,大阪府,貝塚市,貝塚市,大阪府貝塚市三ツ松,34.407247,135.385026,水間鉄道水間線,水間鉄道,1,D,5,駅データ.jp
9961710,9961710,水間観音,大阪府,貝塚市,貝塚市,大阪府貝塚市水間,34.403528,135.385581,水間鉄道水間線,水間鉄道,1,D,5,駅データ.jp
9961802,9961802,東三国,大阪府,大阪市,大阪市淀川区,大阪市淀川区東三国１-３３-６,34.741052,135.498496,大阪メトロ御堂筋線,Osaka Metro,1,D,5,駅データ.jp
9961805,9961805,中津,大阪府,大阪市,大阪市北区,大阪府大阪市北区中津一丁目13-19,34.711191,135.496938,大阪メトロ御堂筋線,Osaka Metro,1,D,5,駅データ.jp
9961808,9961808,本町,大阪府,大阪市,大阪市中央区,大阪市中央区船場中央４-１-６,34.681936,135.498982,大阪メトロ中央線|大阪メトロ四つ橋線|大阪メトロ御堂筋線,Osaka Metro,3,C,24,駅データ.jp
9961809,9961809,心斎橋,大阪府,大阪市,大阪市中央区,大阪市中央区心斎橋筋１-８-１６,34.675012,135.50033,大阪メトロ御堂筋線|大阪メトロ長堀鶴見緑地線,Osaka Metro,2,A,60,駅データ.jp
9961811,9961811,大国町,大阪府,大阪市,大阪市浪速区,大阪市浪速区敷津東３-１１-１０,34.656075,135.4978,大阪メトロ四つ橋線|大阪メトロ御堂筋線,Osaka Metro,2,D,15,駅データ.jp
9961814,9961814,昭和町,大阪府,大阪市,大阪市阿倍野区,大阪市阿倍野区昭和町１-９-２６,34.633564,135.516954,大阪メトロ御堂筋線,Osaka Metro,1,D,5,駅データ.jp
9961815,9961815,西田辺,大阪府,大阪市,大阪市阿倍野区,大阪市阿倍野区西田辺町１-１-２５,34.621627,135.515152,大阪メトロ御堂筋線,Osaka Metro,1,D,5,駅データ.jp
9961817,9961817,あびこ,大阪府,大阪市,大阪市住吉区,大阪市住吉区苅田７-１２-２１,34.598821,135.512747,大阪メトロ御堂筋線,Osaka Metro,1,D,5,駅データ.jp
9961818,9961818,北花田,大阪府,堺市,堺市北区,堺市北区北花田町２丁１４-３,34.581873,135.516469,大阪メトロ御堂筋線,Osaka Metro,1,D,5,駅データ.jp
9961819,9961819,新金岡,大阪府,堺市,堺市北区,堺市北区新金岡町１丁７-２,34.567447,135.514864,大阪メトロ御堂筋線,Osaka Metro,1,D,5,駅データ.jp
9961901,9961901,大日,大阪府,守口市,守口市,守口市大日町２-１,34.749163,135.578584,大阪メトロ谷町線|大阪モノレール線,Osaka Metro|大阪モノレール株式会社,2,D,15,駅データ.jp
9961902,9961902,守口,大阪府,守口市,守口市,守口市京阪本通２-２,34.737973,135.563851,大阪メトロ谷町線,Osaka Metro,1,D,13,駅データ.jp
9961903,9961903,太子橋今市,大阪府,大阪市,大阪市旭区,大阪市旭区太子橋１-４,34.731376,135.55493,大阪メトロ今里筋線|大阪メトロ谷町線,Osaka Metro,2,D,15,駅データ.jp
9961904,9961904,千林大宮,大阪府,大阪市,大阪市旭区,大阪市旭区森小路２-６,34.723808,135.54913,大阪メトロ谷町線,Osaka Metro,1,D,5,駅データ.jp
9961905,9961905,関目高殿,大阪府,大阪市,大阪市旭区,大阪市旭区高殿４-２２,34.715197,135.545797,大阪メトロ谷町線,Osaka Metro,1,D,5,駅データ.jp
9961906,9961906,野江内代,大阪府,島区,島区,大阪市都島区内代町１-８,34.708951,135.538137,大阪メトロ谷町線,Osaka Metro,1,D,5,駅データ.jp
9961907,9961907,都島,大阪府,島区,島区,大阪市都島区都島本通３-３,34.709087,135.525799,大阪メトロ谷町線,Osaka Metro,1,D,13,駅データ.jp
9961909,9961909,中崎町,大阪府,大阪市,大阪市北区,大阪市北区中崎町１-６-１６,34.706864,135.505245,大阪メトロ谷町線,Osaka Metro,1,D,5,駅データ.jp
9961913,9961913,谷町四丁目,大阪府,大阪市,大阪市中央区,大阪市中央区谷町４-４-２１,34.681914,135.517253,大阪メトロ中央線|大阪メトロ谷町線,Osaka Metro,2,D,15,駅データ.jp
9961914,9961914,谷町六丁目,大阪府,大阪市,大阪市中央区,大阪市中央区谷町６-９-１,34.674923,135.516912,大阪メトロ谷町線|大阪メトロ長堀鶴見緑地線,Osaka Metro,2,D,15,駅データ.jp
9961915,9961915,谷町九丁目,大阪府,大阪市,大阪市天王寺区,大阪市天王寺区生玉前町１-２４,34.667146,135.515801,大阪メトロ千日前線|大阪メトロ谷町線,Osaka Metro,2,D,15,駅データ.jp
9961916,9961916,四天王寺前夕陽ヶ丘,大阪府,大阪市,大阪市天王寺区,大阪市天王寺区夕陽丘町,34.658536,135.514134,大阪メトロ谷町線,Osaka Metro,1,D,5,駅データ.jp
9961918,9961918,阿倍野,大阪府,大阪市,大阪市阿倍野区,大阪市阿倍野区阿倍野筋２-４,34.642374,135.51198,大阪メトロ谷町線|阪堺電軌上町線,Osaka Metro|阪堺電気軌道,2,D,15,駅データ.jp
9961919,9961919,文の里,大阪府,大阪市,大阪市阿倍野区,大阪市阿倍野区昭和町１-１,34.636039,135.518024,大阪メトロ谷町線,Osaka Metro,1,D,5,駅データ.jp
9961920,9961920,田辺,大阪府,大阪市,大阪市東住吉区,大阪市東住吉区田辺１-４-４,34.628215,135.525515,大阪メトロ谷町線,Osaka Metro,1,D,5,駅データ.jp
9961921,9961921,駒川中野,大阪府,大阪市,大阪市東住吉区,大阪市東住吉区針中野１-１-１,34.621507,135.533036,大阪メトロ谷町線,Osaka Metro,1,D,5,駅データ.jp
9961922,9961922,平野,大阪府,大阪市,大阪市平野区,大阪市平野区平野西5-2,34.621078,135.548887,大阪メトロ谷町線,Osaka Metro,1,D,5,駅データ.jp
9961923,9961923,喜連瓜破,大阪府,大阪市,大阪市平野区,大阪市平野区喜連２-５,34.609376,135.551633,大阪メトロ谷町線,Osaka Metro,1,D,5,駅データ.jp
9961924,9961924,出戸,大阪府,大阪市,大阪市平野区,大阪市平野区長吉長原西１-１-１０,34.609012,135.565801,大阪メトロ谷町線,Osaka Metro,1,D,5,駅データ.jp
9961925,9961925,長原,大阪府,大阪市,大阪市平野区,大阪市平野区長吉長原東２-２,34.602432,135.573853,大阪メトロ谷町線,Osaka Metro,1,D,5,駅データ.jp
9961926,9961926,八尾南,大阪府,八尾市,八尾市,八尾市若林町１-３６,34.597433,135.582464,大阪メトロ谷町線,Osaka Metro,1,D,13,駅データ.jp
9962004,9962004,四ツ橋,大阪府,大阪市,大阪市西区,大阪市西区北堀江１-１-２９,34.674112,135.496783,大阪メトロ四つ橋線,Osaka Metro,1,D,5,駅データ.jp
9962007,9962007,花園町,大阪府,大阪市,大阪市西成区,大阪市西成区旭１-５-２,34.644371,135.496636,大阪メトロ四つ橋線,Osaka Metro,1,D,5,駅データ.jp
9962008,9962008,岸里,大阪府,大阪市,大阪市西成区,大阪市西成区岸里１-５-１５,34.634372,135.493859,大阪メトロ四つ橋線,Osaka Metro,1,D,5,駅データ.jp
9962009,9962009,玉出,大阪府,大阪市,大阪市住之江区,大阪市住之江区粉浜西１-１-１,34.624096,135.490527,大阪メトロ四つ橋線,Osaka Metro,1,D,5,駅データ.jp
9962010,9962010,北加賀屋,大阪府,大阪市,大阪市住之江区,大阪市住之江区北加賀屋２-１１-２,34.621318,135.478861,大阪メトロ四つ橋線,Osaka Metro,1,D,5,駅データ.jp
9962011,9962011,住之江公園,大阪府,大阪市,大阪市住之江区,大阪市住之江区泉１-１,34.609269,135.471879,大阪メトロ南港ポートタウン線|大阪メトロ四つ橋線,Osaka Metro,2,D,15,駅データ.jp
9962101,9962101,コスモスクエア,大阪府,大阪市,大阪市住之江区,大阪市住之江区南港北１-３０-２１,34.642888,135.412472,大阪メトロ中央線|大阪メトロ南港ポートタウン線,Osaka Metro,2,D,15,駅データ.jp
9962102,9962102,大阪港,大阪府,大阪市,大阪市港区,大阪市港区築港３-５-９,34.65388,135.434336,大阪メトロ中央線,Osaka Metro,1,D,5,駅データ.jp
9962103,9962103,朝潮橋,大阪府,大阪市,大阪市港区,大阪市港区田中３-１-４,34.661035,135.448863,大阪メトロ中央線,Osaka Metro,1,D,5,駅データ.jp
9962106,9962106,阿波座,大阪府,大阪市,大阪市西区,大阪市西区西本町３-１-２３,34.681483,135.486297,大阪メトロ中央線|大阪メトロ千日前線,Osaka Metro,2,D,15,駅データ.jp
9962108,9962108,堺筋本町,大阪府,大阪市,大阪市中央区,大阪市中央区船場中央１-４-１６,34.681867,135.506912,大阪メトロ中央線|大阪メトロ堺筋線,Osaka Metro,2,D,15,駅データ.jp
9962111,9962111,緑橋,大阪府,大阪市,大阪市東成区,大阪市東成区東中本１-１４-１７,34.680756,135.545242,大阪メトロ中央線|大阪メトロ今里筋線,Osaka Metro,2,D,15,駅データ.jp
9962112,9962112,深江橋,大阪府,大阪市,大阪市東成区,大阪市東成区深江北１-１-２１,34.67909,135.557186,大阪メトロ中央線,Osaka Metro,1,D,5,駅データ.jp
9962115,9962115,夢洲,大阪府,大阪市,大阪市此花区,大阪市此花区夢洲,34.652356,135.38995,大阪メトロ中央線,Osaka Metro,1,D,5,駅データ.jp
9962204,9962204,西長堀,大阪府,大阪市,大阪市西区,大阪市西区北堀江３-１２-２０,34.675256,135.487223,大阪メトロ千日前線|大阪メトロ長堀鶴見緑地線,Osaka Metro,2,D,15,駅データ.jp
9962210,9962210,今里,大阪府,大阪市,大阪市東成区,大阪市東成区大今里三丁目15-18,34.668617,135.544274,大阪メトロ今里筋線|大阪メトロ千日前線,Osaka Metro,2,D,15,駅データ.jp
9962211,9962211,新深江,大阪府,大阪市,大阪市東成区,大阪市東成区神路４-１２-１６,34.668158,135.553836,大阪メトロ千日前線,Osaka Metro,1,D,5,駅データ.jp
9962212,9962212,小路,大阪府,大阪市,大阪市生野区,大阪市生野区小路東２-１１-１４,34.661531,135.556245,大阪メトロ千日前線,Osaka Metro,1,D,5,駅データ.jp
9962213,9962213,北巽,大阪府,大阪市,大阪市生野区,大阪市生野区巽東１-１-３９,34.652982,135.554964,大阪メトロ千日前線,Osaka Metro,1,D,5,駅データ.jp
9962214,9962214,南巽,大阪府,大阪市,大阪市生野区,大阪市生野区巽東２-１９-２７,34.643261,135.553298,大阪メトロ千日前線,Osaka Metro,1,D,5,駅データ.jp
9962306,9962306,長堀橋,大阪府,大阪市,大阪市中央区,大阪市中央区島之内１-１８-９,34.674645,135.506357,大阪メトロ堺筋線|大阪メトロ長堀鶴見緑地線,Osaka Metro,2,D,15,駅データ.jp
9962308,9962308,恵美須町,大阪府,大阪市,大阪市浪速区,大阪市浪速区日本橋５-５-１５,34.654674,135.505339,大阪メトロ堺筋線|阪堺電軌阪堺線,Osaka Metro|阪堺電気軌道,2,D,15,駅データ.jp
9962404,9962404,西大橋,大阪府,大阪市,大阪市西区,大阪市西区新町１-２８-１１,34.675442,135.493575,大阪メトロ長堀鶴見緑地線,Osaka Metro,1,D,5,駅データ.jp
9962407,9962407,松屋町,大阪府,大阪市,大阪市中央区,大阪市中央区松屋町３-２７,34.675479,135.512467,大阪メトロ長堀鶴見緑地線,Osaka Metro,1,D,5,駅データ.jp
9962411,9962411,大阪ビジネスパーク,大阪府,大阪市,大阪市中央区,大阪市中央区城見１-３-１３,34.692144,135.529688,大阪メトロ長堀鶴見緑地線,Osaka Metro,1,D,5,駅データ.jp
9962413,9962413,蒲生四丁目,大阪府,大阪市,大阪市城東区,大阪市城東区今福西３-１-３５,34.700368,135.547709,大阪メトロ今里筋線|大阪メトロ長堀鶴見緑地線,Osaka Metro,2,D,15,駅データ.jp
9962414,9962414,今福鶴見,大阪府,大阪市,大阪市城東区,大阪市城東区今福東２-１４-１５,34.701913,135.560044,大阪メトロ長堀鶴見緑地線,Osaka Metro,1,D,5,駅データ.jp
9962415,9962415,横堤,大阪府,大阪市,大阪市鶴見区,大阪市鶴見区横堤５-３-３１,34.703532,135.57274,大阪メトロ長堀鶴見緑地線,Osaka Metro,1,D,5,駅データ.jp
9962416,9962416,鶴見緑地,大阪府,大阪市,大阪市鶴見区,大阪市鶴見区緑地公園１-５５,34.710754,135.580239,大阪メトロ長堀鶴見緑地線,Osaka Metro,1,D,5,駅データ.jp
9962417,9962417,門真南,大阪府,門真市,門真市,門真市大字三ツ島５２２-３,34.716865,135.59246,大阪メトロ長堀鶴見緑地線,Osaka Metro,1,D,13,駅データ.jp
9962502,9962502,トレードセンター前,大阪府,大阪市,大阪市住之江区,大阪市住之江区南港北１-１４-７２,34.63865,135.412336,大阪メトロ南港ポートタウン線,Osaka Metro,1,D,5,駅データ.jp
9962503,9962503,中ふ頭,大阪府,大阪市,大阪市住之江区,大阪市住之江区南港中５-３-４８,34.634091,135.417416,大阪メトロ南港ポートタウン線,Osaka Metro,1,D,5,駅データ.jp
9962504,9962504,ポートタウン西,大阪府,大阪市,大阪市住之江区,大阪市住之江区南港中３-２-６８,34.630899,135.422777,大阪メトロ南港ポートタウン線,Osaka Metro,1,D,5,駅データ.jp
9962505,9962505,ポートタウン東,大阪府,大阪市,大阪市住之江区,大阪市住之江区南港中２-１-１４,34.630882,135.429085,大阪メトロ南港ポートタウン線,Osaka Metro,1,D,5,駅データ.jp
9962506,9962506,フェリーターミナル,大阪府,大阪市,大阪市住之江区,大阪市住之江区南港東４-８-５２,34.619253,135.434962,大阪メトロ南港ポートタウン線,Osaka Metro,1,D,5,駅データ.jp
9962507,9962507,南港東,大阪府,大阪市,大阪市住之江区,大阪市住之江区南港東２-４-５２,34.613826,135.438607,大阪メトロ南港ポートタウン線,Osaka Metro,1,D,5,駅データ.jp
9962508,9962508,南港口,大阪府,大阪市,大阪市住之江区,大阪市住之江区南港東１-７-６９,34.613826,135.445959,大阪メトロ南港ポートタウン線,Osaka Metro,1,D,5,駅データ.jp
9962509,9962509,平林,大阪府,大阪市,大阪市住之江区,大阪市住之江区平林南１-２,34.610683,135.458585,大阪メトロ南港ポートタウン線,Osaka Metro,1,D,5,駅データ.jp
9962601,9962601,大阪空港,大阪府,豊中市,豊中市,豊中市蛍池西町３-５５１,34.791598,135.441821,大阪モノレール線,大阪モノレール株式会社,1,D,5,駅データ.jp
9962603,9962603,柴原阪大前,大阪府,豊中市,豊中市,豊中市柴原町４-１１５-１,34.800266,135.458734,大阪モノレール線,大阪モノレール株式会社,1,D,5,駅データ.jp
9962604,9962604,少路,大阪府,豊中市,豊中市,豊中市少路１,34.804246,135.47551,大阪モノレール線,大阪モノレール株式会社,1,D,5,駅データ.jp
9962607,9962607,万博記念公園,大阪府,吹田市,吹田市,吹田市千里万博公園内,34.806692,135.530228,大阪モノレール彩都線|大阪モノレール線,大阪モノレール株式会社,2,D,15,駅データ.jp
9962608,9962608,宇野辺,大阪府,茨木市,茨木市,茨木市宇野辺１,34.808,135.554406,大阪モノレール線,大阪モノレール株式会社,1,D,5,駅データ.jp
9962610,9962610,沢良宜,大阪府,茨木市,茨木市,茨木市高浜町１９４-４,34.793902,135.566166,大阪モノレール線,大阪モノレール株式会社,1,D,5,駅データ.jp
9962611,9962611,摂津,大阪府,摂津市,摂津市,摂津市鶴野１-１１６-１,34.779842,135.561483,大阪モノレール線,大阪モノレール株式会社,1,D,13,駅データ.jp
9962612,9962612,南摂津,大阪府,摂津市,摂津市,摂津市東一津屋１２０１-３,34.765394,135.568572,大阪モノレール線,大阪モノレール株式会社,1,D,13,駅データ.jp
9962702,9962702,公園東口,大阪府,吹田市,吹田市,吹田市千里万博公園７８-４,34.810427,135.539235,大阪モノレール彩都線,大阪モノレール株式会社,1,D,5,駅データ.jp
9962703,9962703,阪大病院前,大阪府,茨木市,茨木市,茨木市美穂ケ丘４５９５-１,34.818474,135.530005,大阪モノレール彩都線,大阪モノレール株式会社,1,D,5,駅データ.jp
9962704,9962704,豊川,大阪府,茨木市,茨木市,茨木市豊川４丁目,34.834611,135.526778,大阪モノレール彩都線,大阪モノレール株式会社,1,D,5,駅データ.jp
9962705,9962705,彩都西,大阪府,茨木市,茨木市,茨木市彩都あさぎ１丁目,34.855492,135.522931,大阪モノレール彩都線,大阪モノレール株式会社,1,D,5,駅データ.jp
9962803,9962803,松虫,大阪府,大阪市,大阪市阿倍野区,大阪市阿倍野区阿倍野筋６,34.635458,135.509852,阪堺電軌上町線,阪堺電気軌道,1,D,5,駅データ.jp
9962804,9962804,東天下茶屋,大阪府,大阪市,大阪市阿倍野区,大阪市阿倍野区阿倍野筋７,34.632539,135.508475,阪堺電軌上町線,阪堺電気軌道,1,D,5,駅データ.jp
9962805,9962805,北畠,大阪府,大阪市,大阪市阿倍野区,大阪市阿倍野区北畠中１,34.627245,135.505408,阪堺電軌上町線,阪堺電気軌道,1,D,5,駅データ.jp
9962806,9962806,姫松,大阪府,大阪市,大阪市阿倍野区,大阪市阿倍野区帝塚山１,34.624162,135.503203,阪堺電軌上町線,阪堺電気軌道,1,D,5,駅データ.jp
9962807,9962807,帝塚山三丁目,大阪府,大阪市,大阪市住吉区,大阪市住吉区帝塚山中３,34.620568,135.500709,阪堺電軌上町線,阪堺電気軌道,1,D,5,駅データ.jp
9962808,9962808,帝塚山四丁目,大阪府,大阪市,大阪市住吉区,大阪市住吉区帝塚山中５-２９,34.617649,135.499051,阪堺電軌上町線,阪堺電気軌道,1,D,5,駅データ.jp
9962809,9962809,神ノ木,大阪府,大阪市,大阪市住吉区,大阪市住吉区住吉１,34.615844,135.496957,阪堺電軌上町線,阪堺電気軌道,1,D,5,駅データ.jp
9962810,9962810,住吉,大阪府,大阪市,大阪市住吉区,大阪市住吉区住吉２,34.61448,135.491846,阪堺電軌上町線|阪堺電軌阪堺線,阪堺電気軌道,2,D,15,駅データ.jp
9962903,9962903,今池,大阪府,大阪市,大阪市西成区,大阪市西成区萩之茶屋２-２-７,34.645704,135.502339,阪堺電軌阪堺線,阪堺電気軌道,1,D,5,駅データ.jp
9962904,9962904,今船,大阪府,大阪市,大阪市西成区,大阪市西成区天下茶屋北２,34.642702,135.501611,阪堺電軌阪堺線,阪堺電気軌道,1,D,5,駅データ.jp
9962905,9962905,松田町,大阪府,大阪市,大阪市西成区,大阪市西成区天下茶屋北２-１,34.639197,135.500895,阪堺電軌阪堺線,阪堺電気軌道,1,D,5,駅データ.jp
9962906,9962906,北天下茶屋,大阪府,大阪市,大阪市西成区,大阪市西成区天下茶屋３-３-２１,34.636511,135.500234,阪堺電軌阪堺線,阪堺電気軌道,1,D,5,駅データ.jp
9962907,9962907,聖天坂,大阪府,大阪市,大阪市西成区,大阪市西成区岸里東１-５-２５,34.632909,135.499423,阪堺電軌阪堺線,阪堺電気軌道,1,D,5,駅データ.jp
9962908,9962908,天神ノ森,大阪府,大阪市,大阪市西成区,大阪市西成区岸里東２-４-２０,34.629603,135.49799,阪堺電軌阪堺線,阪堺電気軌道,1,D,5,駅データ.jp
9962910,9962910,塚西,大阪府,大阪市,大阪市住吉区,大阪市住吉区東粉浜１,34.623524,135.494651,阪堺電軌阪堺線,阪堺電気軌道,1,D,5,駅データ.jp
9962914,9962914,細井川,大阪府,大阪市,大阪市住吉区,大阪市住吉区墨江１,34.609978,135.491221,阪堺電軌阪堺線,阪堺電気軌道,1,D,5,駅データ.jp
9962915,9962915,安立町,大阪府,大阪市,大阪市住吉区,大阪市住吉区墨江３-１１５,34.605706,135.490188,阪堺電軌阪堺線,阪堺電気軌道,1,D,5,駅データ.jp
9962916,9962916,我孫子道,大阪府,大阪市,大阪市住吉区,大阪市住吉区清水丘３-８２,34.600379,135.488833,阪堺電軌阪堺線,阪堺電気軌道,1,D,5,駅データ.jp
9962917,9962917,大和川,大阪府,堺市,堺市堺区,堺市堺区遠里小野町１丁,34.594721,135.486764,阪堺電軌阪堺線,阪堺電気軌道,1,D,5,駅データ.jp
9962918,9962918,高須神社,大阪府,堺市,堺市堺区,堺市堺区高須町１丁,34.590488,135.485184,阪堺電軌阪堺線,阪堺電気軌道,1,D,5,駅データ.jp
9962919,9962919,綾ノ町,大阪府,堺市,堺市堺区,堺市堺区錦之町西１丁,34.587941,135.48315,阪堺電軌阪堺線,阪堺電気軌道,1,D,5,駅データ.jp
9962920,9962920,神明町,大阪府,堺市,堺市堺区,堺市堺区神明町西１丁,34.585277,135.48012,阪堺電軌阪堺線,阪堺電気軌道,1,D,5,駅データ.jp
9962921,9962921,妙国寺前,大阪府,堺市,堺市堺区,堺市堺区宿屋町東１丁,34.583444,135.478426,阪堺電軌阪堺線,阪堺電気軌道,1,D,5,駅データ.jp
9962922,9962922,花田口,大阪府,堺市,堺市堺区,堺市堺区車之町東１丁,34.581519,135.476651,阪堺電軌阪堺線,阪堺電気軌道,1,D,5,駅データ.jp
9962923,9962923,大小路,大阪府,堺市,堺市堺区,堺市堺区熊野町東１丁,34.579158,135.474448,阪堺電軌阪堺線,阪堺電気軌道,1,D,5,駅データ.jp
9962924,9962924,宿院,大阪府,堺市,堺市堺区,堺市堺区大町東１丁,34.576439,135.47196,阪堺電軌阪堺線,阪堺電気軌道,1,D,5,駅データ.jp
9962925,9962925,寺地町,大阪府,堺市,堺市堺区,堺市堺区寺地町東１丁,34.573637,135.469335,阪堺電軌阪堺線,阪堺電気軌道,1,D,5,駅データ.jp
9962926,9962926,御陵前,大阪府,堺市,堺市堺区,堺市堺区南旅篭町東１丁,34.570639,135.466605,阪堺電軌阪堺線,阪堺電気軌道,1,D,5,駅データ.jp
9962927,9962927,東湊,大阪府,堺市,堺市堺区,堺市堺区春日通１丁２,34.564737,135.462522,阪堺電軌阪堺線,阪堺電気軌道,1,D,5,駅データ.jp
9962928,9962928,石津,大阪府,堺市,堺市西区,堺市西区浜寺石津町中４丁１-１４,34.555444,135.455075,阪堺電軌阪堺線,阪堺電気軌道,1,D,5,駅データ.jp
9962929,9962929,船尾,大阪府,堺市,堺市西区,堺市西区浜寺諏訪森町中２丁,34.549914,135.450565,阪堺電軌阪堺線,阪堺電気軌道,1,D,5,駅データ.jp
9962931,9962931,石津北,大阪府,堺市,堺市西区,大阪府堺市西区浜寺石津町中1丁,34.560111,135.458806,阪堺電軌阪堺線,阪堺電気軌道,1,D,5,駅データ.jp
9963002,9963002,花隈,兵庫県,神戸市,神戸市中央区,神戸市中央区北長狭通６-３-５,34.686117,135.181524,神戸高速東西線,神戸高速鉄道,1,D,5,駅データ.jp
9963004,9963004,西元町,兵庫県,神戸市,神戸市中央区,神戸市中央区元町通６-７-１１,34.683897,135.17959,神戸高速東西線,神戸高速鉄道,1,D,5,駅データ.jp
9963005,9963005,高速神戸,兵庫県,神戸市,神戸市中央区,神戸市中央区多聞通３-３-１３,34.679362,135.174441,神戸高速東西線,神戸高速鉄道,1,D,5,駅データ.jp
9963006,9963006,新開地,兵庫県,神戸市,神戸市兵庫区,神戸市兵庫区新開地２-３,34.675981,135.169291,神戸高速南北線|神戸高速東西線,神戸高速鉄道,2,D,15,駅データ.jp
9963007,9963007,大開,兵庫県,神戸市,神戸市兵庫区,神戸市兵庫区水木通７-１,34.671179,135.161709,神戸高速東西線,神戸高速鉄道,1,D,5,駅データ.jp
9963008,9963008,高速長田,兵庫県,神戸市,神戸市長田区,神戸市長田区北町１-２,34.667254,135.151551,神戸高速東西線,神戸高速鉄道,1,D,5,駅データ.jp
9963009,9963009,西代,兵庫県,神戸市,神戸市長田区,神戸市長田区御屋敷通２-１１,34.662374,135.144085,山陽電鉄本線|神戸高速東西線,山陽電気鉄道|神戸高速鉄道,2,D,15,駅データ.jp
9963102,9963102,湊川,兵庫県,神戸市,神戸市兵庫区,神戸市兵庫区荒田町１-２０-３,34.679165,135.166637,有馬線|神戸市営地下鉄山手線|神戸高速南北線,神戸市交通局|神戸電鉄|神戸高速鉄道,3,C,24,駅データ.jp
9963202,9963202,長田,兵庫県,神戸市,神戸市長田区,神戸市長田区長田天神町二丁目10-1,34.681605,135.149592,有馬線,神戸電鉄,1,D,5,駅データ.jp
9963203,9963203,丸山,兵庫県,神戸市,神戸市長田区,神戸市長田区滝谷町３-９-２,34.685913,135.143993,有馬線,神戸電鉄,1,D,5,駅データ.jp
9963204,9963204,鵯越,兵庫県,神戸市,神戸市兵庫区,神戸市兵庫区里山町６５１-３,34.692576,135.142232,有馬線,神戸電鉄,1,D,5,駅データ.jp
9963206,9963206,鈴蘭台,兵庫県,神戸市,神戸市北区,神戸市北区鈴蘭台北町１-７-１７,34.723662,135.145867,有馬線|粟生線,神戸電鉄,2,D,15,駅データ.jp
9963207,9963207,北鈴蘭台,兵庫県,神戸市,神戸市北区,神戸市北区甲栄台４-１-１３,34.739549,135.151917,有馬線,神戸電鉄,1,D,5,駅データ.jp
9963208,9963208,山の街,兵庫県,神戸市,神戸市北区,神戸市北区緑町１-１-１,34.746171,135.153211,有馬線,神戸電鉄,1,D,5,駅データ.jp
9963209,9963209,箕谷,兵庫県,神戸市,神戸市北区,神戸市北区山田町下谷上字箕谷２７-２,34.756969,135.155597,有馬線,神戸電鉄,1,D,5,駅データ.jp
9963210,9963210,谷上,兵庫県,神戸市,神戸市北区,神戸市北区山田町下谷上字明田８-１,34.761691,135.17142,北神線|有馬線,神戸市交通局|神戸電鉄,2,D,15,駅データ.jp
9963211,9963211,花山,兵庫県,神戸市,神戸市北区,神戸市北区花山台１-１,34.769648,135.187308,有馬線,神戸電鉄,1,D,5,駅データ.jp
9963212,9963212,大池,兵庫県,神戸市,神戸市北区,神戸市北区西大池１-２-５,34.780978,135.198693,有馬線,神戸電鉄,1,D,5,駅データ.jp
9963213,9963213,神鉄六甲,兵庫県,神戸市,神戸市北区,神戸市北区有野町唐櫃字種池３０３９-２,34.785205,135.206036,有馬線,神戸電鉄,1,D,5,駅データ.jp
9963214,9963214,唐櫃台,兵庫県,神戸市,神戸市北区,神戸市北区唐櫃台２-１-１,34.790297,135.211461,有馬線,神戸電鉄,1,D,5,駅データ.jp
9963215,9963215,有馬口,兵庫県,神戸市,神戸市北区,神戸市北区有野町唐櫃字フチネ垣１２７-２,34.796477,135.221018,三田線|有馬線,神戸電鉄,2,D,15,駅データ.jp
9963217,9963217,有馬温泉,兵庫県,神戸市,神戸市北区,神戸市北区有馬町字ウツギ谷２６６-２,34.799385,135.245868,有馬線,神戸電鉄,1,D,5,駅データ.jp
9963302,9963302,五社,兵庫県,神戸市,神戸市北区,神戸市北区有野町有野字バンヤ８８２-２,34.806253,135.216243,三田線,神戸電鉄,1,D,5,駅データ.jp
9963303,9963303,岡場,兵庫県,神戸市,神戸市北区,神戸市北区藤原台中町１-１-１,34.821707,135.222443,三田線,神戸電鉄,1,D,5,駅データ.jp
9963304,9963304,田尾寺,兵庫県,神戸市,神戸市北区,神戸市北区有野町有野字福谷口３３８９-２,34.835664,135.226153,三田線,神戸電鉄,1,D,5,駅データ.jp
9963305,9963305,二郎,兵庫県,神戸市,神戸市北区,神戸市北区有野町二郎字細１１６-２,34.848818,135.227017,三田線,神戸電鉄,1,D,5,駅データ.jp
9963306,9963306,道場南口,兵庫県,神戸市,神戸市北区,神戸市北区道場町日下部字鳥居元１２２２-４,34.856024,135.223137,三田線,神戸電鉄,1,D,5,駅データ.jp
9963307,9963307,神鉄道場,兵庫県,神戸市,神戸市北区,神戸市北区道場町日下部字尼ケ谷７４２-１,34.866806,135.226145,三田線,神戸電鉄,1,D,5,駅データ.jp
9963308,9963308,横山,兵庫県,三田市,三田市,三田市南が丘２-９-１３,34.876633,135.219696,三田線|公園都市線,神戸電鉄,2,D,15,駅データ.jp
9963309,9963309,三田本町,兵庫県,三田市,三田市,三田市相生町１２-５,34.881805,135.229606,三田線|公園都市線,神戸電鉄,2,C,23,駅データ.jp
9963404,9963404,フラワータウン,兵庫県,三田市,三田市,三田市弥生が丘１-１１,34.88546,135.202334,公園都市線,神戸電鉄,1,D,5,駅データ.jp
9963405,9963405,南ウッディタウン,兵庫県,三田市,三田市,三田市あかしあ台５-１０１-５,34.901729,135.189612,公園都市線,神戸電鉄,1,D,5,駅データ.jp
9963406,9963406,ウッディタウン中央,兵庫県,三田市,三田市,三田市ゆりのき台１-１０２,34.909767,135.183707,公園都市線,神戸電鉄,1,D,5,駅データ.jp
9963502,9963502,鈴蘭台西口,兵庫県,神戸市,神戸市北区,神戸市北区鈴蘭台南町３-１２-１５,34.726356,135.140582,粟生線,神戸電鉄,1,D,5,駅データ.jp
9963503,9963503,西鈴蘭台,兵庫県,神戸市,神戸市北区,神戸市北区北五葉１-１-１,34.725836,135.135013,粟生線,神戸電鉄,1,D,5,駅データ.jp
9963504,9963504,藍那,兵庫県,神戸市,神戸市北区,神戸市北区山田町藍那清水２６-２,34.732432,135.118033,粟生線,神戸電鉄,1,D,5,駅データ.jp
9963505,9963505,木津,兵庫県,神戸市,神戸市西区,神戸市西区押部谷町木津字勝田９６４-３,34.744106,135.088406,粟生線,神戸電鉄,1,D,5,駅データ.jp
9963506,9963506,木幡,兵庫県,神戸市,神戸市西区,神戸市西区押部谷町木津字居垣内５４-２,34.748308,135.071218,粟生線,神戸電鉄,1,D,5,駅データ.jp
9963507,9963507,栄,兵庫県,神戸市,神戸市西区,神戸市西区押部谷町栄字北万覚２５１-１,34.75524,135.056544,粟生線,神戸電鉄,1,D,5,駅データ.jp
9963508,9963508,押部谷,兵庫県,神戸市,神戸市西区,神戸市西区押部谷町福住字岡本５０１-３,34.756609,135.03932,粟生線,神戸電鉄,1,D,5,駅データ.jp
9963509,9963509,緑が丘,兵庫県,三木市,三木市,三木市志染町広野字大廻西乙５８２-１４,34.765108,135.02571,粟生線,神戸電鉄,1,D,5,駅データ.jp
9963510,9963510,広野ゴルフ場前,兵庫県,三木市,三木市,三木市志染町広野字宮ノ南乙５７７-１５,34.770269,135.023069,粟生線,神戸電鉄,1,D,5,駅データ.jp
9963511,9963511,志染,兵庫県,三木市,三木市,三木市志染町西自由が丘１-８３６,34.782459,135.007598,粟生線,神戸電鉄,1,D,5,駅データ.jp
9963512,9963512,恵比須,兵庫県,三木市,三木市,三木市大塚２-１-５６,34.797805,134.99861,粟生線,神戸電鉄,1,D,5,駅データ.jp
9963513,9963513,三木上の丸,兵庫県,三木市,三木市,三木市本町１-３-８,34.800013,134.988814,粟生線,神戸電鉄,1,D,13,駅データ.jp
9963514,9963514,三木,兵庫県,三木市,三木市,兵庫県三木市末広一丁目1-35,34.799814,134.981477,粟生線,神戸電鉄,1,D,13,駅データ.jp
9963515,9963515,大村,兵庫県,三木市,三木市,三木市大村字谷後８４５-４,34.808707,134.97146,粟生線,神戸電鉄,1,D,5,駅データ.jp
9963516,9963516,樫山,兵庫県,小野市,小野市,小野市樫山町字腰掛１４７６-３,34.820491,134.949736,粟生線,神戸電鉄,1,D,5,駅データ.jp
9963517,9963517,市場,兵庫県,小野市,小野市,兵庫県小野市池尻町字尾ノカチ410-2,34.824408,134.94436,粟生線,神戸電鉄,1,D,5,駅データ.jp
9963518,9963518,小野,兵庫県,小野市,小野市,小野市神明町字西畑ケ２３５-３,34.843172,134.934146,粟生線,神戸電鉄,1,D,13,駅データ.jp
9963519,9963519,葉多,兵庫県,小野市,小野市,小野市葉多町字家ケ内５７８-２,34.850204,134.919852,粟生線,神戸電鉄,1,D,5,駅データ.jp
9963601,9963601,新神戸,兵庫県,神戸市,神戸市中央区,神戸市中央区加納町１丁目,34.705898,135.19579,北神線|神戸市営地下鉄山手線,神戸市交通局,2,C,25,駅データ.jp
9963702,9963702,板宿,兵庫県,神戸市,神戸市須磨区,神戸市須磨区平田町３-３-１０,34.660099,135.133885,山陽電鉄本線|神戸市営地下鉄西神線,山陽電気鉄道|神戸市交通局,2,D,15,駅データ.jp
9963703,9963703,東須磨,兵庫県,神戸市,神戸市須磨区,神戸市須磨区若木町１-１,34.655241,135.127642,山陽電鉄本線,山陽電気鉄道,1,D,5,駅データ.jp
9963704,9963704,月見山,兵庫県,神戸市,神戸市須磨区,神戸市須磨区月見山町２,34.649992,135.121949,山陽電鉄本線,山陽電気鉄道,1,D,5,駅データ.jp
9963705,9963705,須磨寺,兵庫県,神戸市,神戸市須磨区,神戸市須磨区須磨寺町１,34.646031,135.116224,山陽電鉄本線,山陽電気鉄道,1,D,5,駅データ.jp
9963707,9963707,須磨浦公園,兵庫県,神戸市,神戸市須磨区,神戸市須磨区一ノ谷町５-３-２,34.637884,135.100145,山陽電鉄本線,山陽電気鉄道,1,D,5,駅データ.jp
9963709,9963709,滝の茶屋,兵庫県,神戸市,神戸市垂水区,神戸市垂水区城が山１,34.631071,135.072984,山陽電鉄本線,山陽電気鉄道,1,D,5,駅データ.jp
9963710,9963710,東垂水,兵庫県,神戸市,神戸市垂水区,神戸市垂水区平磯２,34.629216,135.063646,山陽電鉄本線,山陽電気鉄道,1,D,5,駅データ.jp
9963712,9963712,霞ヶ丘,兵庫県,神戸市,神戸市垂水区,神戸市垂水区五色山五丁目,34.63024,135.04275,山陽電鉄本線,山陽電気鉄道,1,D,5,駅データ.jp
9963714,9963714,西舞子,兵庫県,神戸市,神戸市垂水区,神戸市垂水区西舞子２,34.638653,135.028187,山陽電鉄本線,山陽電気鉄道,1,D,5,駅データ.jp
9963715,9963715,大蔵谷,兵庫県,明石市,明石市,明石市大蔵八幡町,34.646585,135.008367,山陽電鉄本線,山陽電気鉄道,1,D,5,駅データ.jp
9963716,9963716,人丸前,兵庫県,明石市,明石市,明石市大蔵天神町,34.647556,135.002592,山陽電鉄本線,山陽電気鉄道,1,D,5,駅データ.jp
9963718,9963718,西新町,兵庫県,明石市,明石市,明石市西新町３,34.649661,134.980752,山陽電鉄本線,山陽電気鉄道,1,D,5,駅データ.jp
9963719,9963719,林崎松江海岸,兵庫県,明石市,明石市,明石市南貴崎町,34.652289,134.965056,山陽電鉄本線,山陽電気鉄道,1,D,5,駅データ.jp
9963720,9963720,藤江,兵庫県,明石市,明石市,明石市藤江大塚,34.663385,134.947571,山陽電鉄本線,山陽電気鉄道,1,D,5,駅データ.jp
9963721,9963721,中八木,兵庫県,明石市,明石市,明石市大久保町八木道重,34.670832,134.936128,山陽電鉄本線,山陽電気鉄道,1,D,5,駅データ.jp
9963722,9963722,江井ヶ島,兵庫県,明石市,明石市,兵庫県明石市大久保町江井島字辻鼻,34.679022,134.919879,山陽電鉄本線,山陽電気鉄道,1,D,5,駅データ.jp
9963723,9963723,西江井ヶ島,兵庫県,明石市,明石市,兵庫県明石市大久保町西島高見,34.685688,134.908105,山陽電鉄本線,山陽電気鉄道,1,D,5,駅データ.jp
9963724,9963724,山陽魚住,兵庫県,明石市,明石市,明石市魚住町中尾,34.689252,134.901953,山陽電鉄本線,山陽電気鉄道,1,D,5,駅データ.jp
9963725,9963725,東二見,兵庫県,明石市,明石市,明石市二見町東二見藤寄,34.700359,134.887924,山陽電鉄本線,山陽電気鉄道,1,D,5,駅データ.jp
9963726,9963726,西二見,兵庫県,明石市,明石市,明石市二見町西二見池ノ下１４８１-２,34.707167,134.876927,山陽電鉄本線,山陽電気鉄道,1,D,5,駅データ.jp
9963727,9963727,播磨町,兵庫県,,,加古郡播磨町野添松の内,34.716574,134.868159,山陽電鉄本線,山陽電気鉄道,1,D,5,駅データ.jp
9963728,9963728,別府,兵庫県,加古川市,加古川市,加古川市別府町朝日町,34.730206,134.850702,山陽電鉄本線,山陽電気鉄道,1,D,5,駅データ.jp
9963729,9963729,浜の宮,兵庫県,加古川市,加古川市,加古川市尾上町口里,34.74091,134.83397,山陽電鉄本線,山陽電気鉄道,1,D,5,駅データ.jp
9963730,9963730,尾上の松,兵庫県,加古川市,加古川市,加古川市尾上町今福,34.748576,134.820794,山陽電鉄本線,山陽電気鉄道,1,D,5,駅データ.jp
9963731,9963731,高砂,兵庫県,高砂市,高砂市,高砂市高砂町浜田町２-１-１,34.751978,134.802343,山陽電鉄本線,山陽電気鉄道,1,D,13,駅データ.jp
9963732,9963732,荒井,兵庫県,高砂市,高砂市,高砂市荒井町扇町,34.757833,134.793616,山陽電鉄本線,山陽電気鉄道,1,D,5,駅データ.jp
9963733,9963733,伊保,兵庫県,高砂市,高砂市,高砂市伊保港町,34.767171,134.787048,山陽電鉄本線,山陽電気鉄道,1,D,5,駅データ.jp
9963734,9963734,山陽曽根,兵庫県,高砂市,高砂市,高砂市曽根町入江浜,34.77553,134.77321,山陽電鉄本線,山陽電気鉄道,1,D,5,駅データ.jp
9963735,9963735,大塩,兵庫県,姫路市,姫路市,姫路市大塩町宮前,34.779346,134.757531,山陽電鉄本線,山陽電気鉄道,1,D,5,駅データ.jp
9963736,9963736,的形,兵庫県,姫路市,姫路市,姫路市的形町小島東,34.779882,134.742047,山陽電鉄本線,山陽電気鉄道,1,D,5,駅データ.jp
9963737,9963737,八家,兵庫県,姫路市,姫路市,姫路市八家前浜,34.784144,134.72188,山陽電鉄本線,山陽電気鉄道,1,D,5,駅データ.jp
9963738,9963738,白浜の宮,兵庫県,姫路市,姫路市,姫路市白浜町塩辛甲,34.786822,134.707123,山陽電鉄本線,山陽電気鉄道,1,D,5,駅データ.jp
9963739,9963739,妻鹿,兵庫県,姫路市,姫路市飾磨区,姫路市飾磨区妻鹿,34.792271,134.692969,山陽電鉄本線,山陽電気鉄道,1,D,5,駅データ.jp
9963740,9963740,飾磨,兵庫県,姫路市,姫路市飾磨区,兵庫県姫路市飾磨区清水,34.799748,134.675401,山陽電鉄本線|山陽電鉄網干線,山陽電気鉄道,2,D,15,駅データ.jp
9963741,9963741,亀山,兵庫県,姫路市,姫路市,姫路市亀山町高福地,34.810672,134.676765,山陽電鉄本線,山陽電気鉄道,1,D,5,駅データ.jp
9963742,9963742,手柄,兵庫県,姫路市,姫路市,姫路市東延末５,34.81986,134.681403,山陽電鉄本線,山陽電気鉄道,1,D,5,駅データ.jp
9963802,9963802,西飾磨,兵庫県,姫路市,姫路市飾磨区,姫路市飾磨区今在家４,34.803045,134.651176,山陽電鉄網干線,山陽電気鉄道,1,D,5,駅データ.jp
9963803,9963803,夢前川,兵庫県,姫路市,姫路市広畑区,姫路市広畑区東新町３,34.798695,134.639457,山陽電鉄網干線,山陽電気鉄道,1,D,5,駅データ.jp
9963804,9963804,広畑,兵庫県,姫路市,姫路市広畑区,姫路市広畑区高浜町１,34.797736,134.62815,山陽電鉄網干線,山陽電気鉄道,1,D,5,駅データ.jp
9963805,9963805,山陽天満,兵庫県,姫路市,姫路市大津区,姫路市大津区天神町１,34.796378,134.61741,山陽電鉄網干線,山陽電気鉄道,1,D,5,駅データ.jp
9963806,9963806,平松,兵庫県,姫路市,姫路市大津区,姫路市大津区平松外開,34.790751,134.601001,山陽電鉄網干線,山陽電気鉄道,1,D,5,駅データ.jp
9963807,9963807,山陽網干,兵庫県,姫路市,姫路市網干区,姫路市網干区垣内中町１２-５,34.787002,134.587953,山陽電鉄網干線,山陽電気鉄道,1,D,5,駅データ.jp
9964002,9964002,日生中央,兵庫県,,,川辺郡猪名川町松尾台１-２-２,34.906447,135.393216,能勢電鉄日生線,能勢電鉄,1,D,5,駅データ.jp
9964302,9964302,網引,兵庫県,加西市,加西市,加西市網引町字堂の前,34.862022,134.877982,北条鉄道北条線,北条鉄道,1,D,5,駅データ.jp
9964303,9964303,田原,兵庫県,加西市,加西市,加西市田原町字前,34.865486,134.866744,北条鉄道北条線,北条鉄道,1,D,5,駅データ.jp
9964304,9964304,法華口,兵庫県,加西市,加西市,加西市東笠原町字沖,34.875262,134.856384,北条鉄道北条線,北条鉄道,1,D,5,駅データ.jp
9964305,9964305,播磨下里,兵庫県,加西市,加西市,加西市王子町字野中,34.886258,134.840114,北条鉄道北条線,北条鉄道,1,D,5,駅データ.jp
9964306,9964306,長,兵庫県,加西市,加西市,加西市西長町字二反田,34.896484,134.82566,北条鉄道北条線,北条鉄道,1,D,5,駅データ.jp
9964307,9964307,播磨横田,兵庫県,加西市,加西市,加西市西横田町字下モ田,34.91048,134.825246,北条鉄道北条線,北条鉄道,1,D,5,駅データ.jp
9964308,9964308,北条町,兵庫県,加西市,加西市,加西市北条町北条,34.929664,134.832617,北条鉄道北条線,北条鉄道,1,D,5,駅データ.jp
9964402,9964402,苔縄,兵庫県,,,赤穂郡上郡町大字苔縄,34.896828,134.354083,智頭急行智頭線,智頭急行,1,D,5,駅データ.jp
9964403,9964403,河野原円心,兵庫県,,,赤穂郡上郡町大字河野原,34.919603,134.352516,智頭急行智頭線,智頭急行,1,D,5,駅データ.jp
9964404,9964404,久崎,兵庫県,,,佐用郡佐用町久崎,34.960153,134.344237,智頭急行智頭線,智頭急行,1,D,5,駅データ.jp
9964406,9964406,平福,兵庫県,,,佐用郡佐用町大字平福,35.044206,134.372079,智頭急行智頭線,智頭急行,1,D,5,駅データ.jp
9964407,9964407,石井,兵庫県,,,佐用郡佐用町大字下石井,35.082257,134.357271,智頭急行智頭線,智頭急行,1,D,5,駅データ.jp
9964408,9964408,宮本武蔵,岡山県,美作市,美作市,美作市今岡,35.101685,134.330389,智頭急行智頭線,智頭急行,1,D,5,駅データ.jp
9964409,9964409,大原,岡山県,美作市,美作市,美作市古町,35.123827,134.327553,智頭急行智頭線,智頭急行,1,D,5,駅データ.jp
9964410,9964410,西粟倉,岡山県,,,英田郡西粟倉村大字長尾,35.16094,134.335754,智頭急行智頭線,智頭急行,1,D,5,駅データ.jp
9964411,9964411,あわくら温泉,岡山県,,,英田郡西粟倉村大字影石,35.188901,134.337011,智頭急行智頭線,智頭急行,1,D,5,駅データ.jp
9964412,9964412,山郷,鳥取県,,,八頭郡智頭町大字西谷,35.232581,134.288644,智頭急行智頭線,智頭急行,1,D,5,駅データ.jp
9964413,9964413,恋山形,鳥取県,,,八頭郡智頭町大字大内字,35.255641,134.279083,智頭急行智頭線,智頭急行,1,D,5,駅データ.jp
9964503,9964503,妙法寺,兵庫県,神戸市,神戸市須磨区,神戸市須磨区妙法寺字東丈夫谷,34.675194,135.110002,神戸市営地下鉄西神線,神戸市交通局,1,D,5,駅データ.jp
9964504,9964504,名谷,兵庫県,神戸市,神戸市須磨区,神戸市須磨区中落合２-３-１,34.67936,135.094725,神戸市営地下鉄西神線,神戸市交通局,1,D,5,駅データ.jp
9964505,9964505,総合運動公園,兵庫県,神戸市,神戸市須磨区,神戸市須磨区緑台,34.68186,135.075838,神戸市営地下鉄西神線,神戸市交通局,1,D,5,駅データ.jp
9964506,9964506,学園都市,兵庫県,神戸市,神戸市西区,神戸市西区学園西町１,34.681471,135.057687,神戸市営地下鉄西神線,神戸市交通局,1,D,5,駅データ.jp
9964507,9964507,伊川谷,兵庫県,神戸市,神戸市西区,神戸市西区前開南町１-２-１,34.68785,135.041313,神戸市営地下鉄西神線,神戸市交通局,1,D,5,駅データ.jp
9964508,9964508,西神南,兵庫県,神戸市,神戸市西区,神戸市西区井吹台東町１,34.699357,135.030286,神戸市営地下鉄西神線,神戸市交通局,1,D,5,駅データ.jp
9964509,9964509,西神中央,兵庫県,神戸市,神戸市西区,神戸市西区糀台５,34.719538,135.017367,神戸市営地下鉄西神線,神戸市交通局,1,D,5,駅データ.jp
9964603,9964603,県庁前,兵庫県,神戸市,神戸市中央区,神戸市中央区下山手通５,34.690916,135.183859,神戸市営地下鉄山手線,神戸市交通局,1,D,5,駅データ.jp
9964604,9964604,大倉山,兵庫県,神戸市,神戸市中央区,神戸市中央区楠町３,34.684614,135.174527,神戸市営地下鉄山手線,神戸市交通局,1,D,5,駅データ.jp
9964606,9964606,上沢,兵庫県,神戸市,神戸市兵庫区,神戸市兵庫区下沢通８,34.673251,135.158331,神戸市営地下鉄山手線,神戸市交通局,1,D,5,駅データ.jp
9964607,9964607,長田,兵庫県,神戸市,神戸市長田区,神戸市長田区四番町7丁目,34.668503,135.151502,神戸市営地下鉄山手線,神戸市交通局,1,D,5,駅データ.jp
9964702,9964702,駒ヶ林,兵庫県,神戸市,神戸市長田区,神戸市長田区駒ヶ林町一丁目,34.652108,135.149554,夢かもめ,神戸市交通局,1,D,5,駅データ.jp
9964703,9964703,苅藻,兵庫県,神戸市,神戸市長田区,神戸市長田区浜添通５,34.65365,135.156598,夢かもめ,神戸市交通局,1,D,5,駅データ.jp
9964704,9964704,御崎公園,兵庫県,神戸市,神戸市兵庫区,神戸市兵庫区浜中町１,34.654641,135.164998,夢かもめ,神戸市交通局,1,D,5,駅データ.jp
9964706,9964706,中央市場前,兵庫県,神戸市,神戸市兵庫区,神戸市兵庫区中之島１,34.666199,135.175866,夢かもめ,神戸市交通局,1,D,5,駅データ.jp
9964708,9964708,みなと元町,兵庫県,神戸市,神戸市中央区,神戸市中央区栄町通４,34.685875,135.183973,夢かもめ,神戸市交通局,1,D,5,駅データ.jp
9964709,9964709,旧居留地・大丸前,兵庫県,神戸市,神戸市中央区,神戸市中央区三宮町２,34.689369,135.189836,夢かもめ,神戸市交通局,1,D,5,駅データ.jp
9964802,9964802,貿易センター,兵庫県,神戸市,神戸市中央区,神戸市中央区磯辺通３,34.689339,135.199469,ポートライナー,神戸新交通,1,D,5,駅データ.jp
9964803,9964803,ポートターミナル,兵庫県,神戸市,神戸市中央区,神戸市中央区新港町新港第四突堤,34.681501,135.202205,ポートライナー,神戸新交通,1,D,5,駅データ.jp
9964804,9964804,中公園,兵庫県,神戸市,神戸市中央区,神戸市中央区港島中町４,34.673124,135.207483,ポートライナー,神戸新交通,1,D,5,駅データ.jp
9964805,9964805,みなとじま,兵庫県,神戸市,神戸市中央区,神戸市中央区港島中町４,34.668863,135.210105,ポートライナー,神戸新交通,1,D,5,駅データ.jp
9964806,9964806,市民広場,兵庫県,神戸市,神戸市中央区,神戸市中央区港島中町６,34.664897,135.212455,ポートライナー,神戸新交通,1,D,5,駅データ.jp
9964807,9964807,医療センター,兵庫県,神戸市,神戸市中央区,神戸市中央区港島南町１丁目,34.658578,135.216343,ポートライナー,神戸新交通,1,D,5,駅データ.jp
9964808,9964808,計算科学センター（神戸どうぶつ王国・「富岳」前）,兵庫県,神戸市,神戸市中央区,神戸市中央区港島南町７丁目,34.654892,135.221865,ポートライナー,神戸新交通,1,D,5,駅データ.jp
9964809,9964809,神戸空港,兵庫県,神戸市,神戸市中央区,神戸市中央区神戸空港１番,34.637194,135.229042,ポートライナー,神戸新交通,1,D,5,駅データ.jp
9964810,9964810,南公園,兵庫県,神戸市,神戸市中央区,神戸市中央区港島中町８,34.664666,135.217007,ポートライナー,神戸新交通,1,D,5,駅データ.jp
9964811,9964811,中埠頭,兵庫県,神戸市,神戸市中央区,神戸市中央区港島中町７,34.669266,135.217096,ポートライナー,神戸新交通,1,D,5,駅データ.jp
9964812,9964812,北埠頭,兵庫県,神戸市,神戸市中央区,神戸市中央区港島中町２,34.673566,135.214632,ポートライナー,神戸新交通,1,D,5,駅データ.jp
9964903,9964903,南魚崎,兵庫県,神戸市,神戸市東灘区,神戸市東灘区魚崎西町１,34.706751,135.267661,六甲ライナー,神戸新交通,1,D,5,駅データ.jp
9964904,9964904,アイランド北口,兵庫県,神戸市,神戸市東灘区,神戸市東灘区向洋町中１,34.692853,135.26875,六甲ライナー,神戸新交通,1,D,5,駅データ.jp
9964905,9964905,アイランドセンター,兵庫県,神戸市,神戸市東灘区,神戸市東灘区向洋町中２,34.689103,135.269347,六甲ライナー,神戸新交通,1,D,5,駅データ.jp
9964906,9964906,マリンパーク,兵庫県,神戸市,神戸市東灘区,神戸市東灘区向洋町中４,34.684176,135.270077,六甲ライナー,神戸新交通,1,D,5,駅データ.jp
9965002,9965002,学門,和歌山県,御坊市,御坊市,御坊市湯川町財部７５０-２,33.89627,135.156604,紀州鉄道線,紀州鉄道,1,D,5,駅データ.jp
9965003,9965003,紀伊御坊,和歌山県,御坊市,御坊市,御坊市薗２７５,33.894292,135.154655,紀州鉄道線,紀州鉄道,1,D,13,駅データ.jp
9965004,9965004,市役所前,和歌山県,御坊市,御坊市,御坊市薗３５１-２,33.889565,135.152905,紀州鉄道線,紀州鉄道,1,D,5,駅データ.jp
9965005,9965005,西御坊,和歌山県,御坊市,御坊市,御坊市薗５６３,33.886796,135.152991,紀州鉄道線,紀州鉄道,1,D,13,駅データ.jp
9965102,9965102,田中口,和歌山県,和歌山市,和歌山市,和歌山市美園町５-９３,34.227262,135.192862,貴志川線,和歌山電鐵,1,D,5,駅データ.jp
9965103,9965103,日前宮,和歌山県,和歌山市,和歌山市,和歌山市有家８８,34.226457,135.201722,貴志川線,和歌山電鐵,1,D,5,駅データ.jp
9965104,9965104,神前,和歌山県,和歌山市,和歌山市,和歌山県和歌山市神前,34.212784,135.205092,貴志川線,和歌山電鐵,1,D,5,駅データ.jp
9965105,9965105,竈山,和歌山県,和歌山市,和歌山市,和歌山市和田１１９３,34.207229,135.20727,貴志川線,和歌山電鐵,1,D,5,駅データ.jp
9965106,9965106,交通センター前,和歌山県,和歌山市,和歌山市,和歌山市西２２-１,34.203982,135.218027,貴志川線,和歌山電鐵,1,D,5,駅データ.jp
9965107,9965107,岡崎前,和歌山県,和歌山市,和歌山市,和歌山市相坂５７８,34.203524,135.22509,貴志川線,和歌山電鐵,1,D,5,駅データ.jp
9965108,9965108,吉礼,和歌山県,和歌山市,和歌山市,和歌山市吉礼６１,34.203329,135.235882,貴志川線,和歌山電鐵,1,D,5,駅データ.jp
9965109,9965109,伊太祈曽,和歌山県,和歌山市,和歌山市,和歌山市伊太祈曽７３,34.204127,135.251653,貴志川線,和歌山電鐵,1,D,5,駅データ.jp
9965110,9965110,山東,和歌山県,和歌山市,和歌山市,和歌山県和歌山市永山,34.20581,135.262077,貴志川線,和歌山電鐵,1,D,5,駅データ.jp
9965111,9965111,大池遊園,和歌山県,紀の川市,紀の川市,紀の川市貴志川町長山２８０,34.204706,135.285239,貴志川線,和歌山電鐵,1,D,5,駅データ.jp
9965112,9965112,西山口,和歌山県,紀の川市,紀の川市,紀の川市貴志川町長山５３,34.209508,135.290871,貴志川線,和歌山電鐵,1,D,5,駅データ.jp
9965113,9965113,甘露寺前,和歌山県,紀の川市,紀の川市,紀の川市貴志川町長原５８０,34.213327,135.301292,貴志川線,和歌山電鐵,1,D,5,駅データ.jp
9965114,9965114,貴志,和歌山県,紀の川市,紀の川市,紀の川市貴志川町神戸８０３,34.209509,135.311855,貴志川線,和歌山電鐵,1,D,5,駅データ.jp
9965201,9965201,井高野,大阪府,大阪市,大阪市東淀川区,大阪市東淀川区北江口,34.75982,135.547321,大阪メトロ今里筋線,Osaka Metro,1,D,5,駅データ.jp
9965202,9965202,瑞光四丁目,大阪府,大阪市,大阪市東淀川区,大阪市東淀川区瑞光,34.752565,135.544674,大阪メトロ今里筋線,Osaka Metro,1,D,5,駅データ.jp
9965203,9965203,だいどう豊里,大阪府,大阪市,大阪市東淀川区,大阪市東淀川区,34.743805,135.544408,大阪メトロ今里筋線,Osaka Metro,1,D,5,駅データ.jp
9965205,9965205,清水,大阪府,大阪市,大阪市旭区,大阪市旭区清水,34.722061,135.560758,大阪メトロ今里筋線,Osaka Metro,1,D,5,駅データ.jp
9965206,9965206,新森古市,大阪府,大阪市,大阪市旭区,大阪市旭区,34.715197,135.558296,大阪メトロ今里筋線,Osaka Metro,1,D,5,駅データ.jp
9970102,9970102,八頭高校前,鳥取県,,,八頭郡八頭町久能寺,35.405799,134.246254,若桜線,若桜鉄道,1,D,5,駅データ.jp
9970103,9970103,因幡船岡,鳥取県,,,八頭郡八頭町船岡,35.395187,134.249174,若桜線,若桜鉄道,1,D,5,駅データ.jp
9970104,9970104,隼,鳥取県,,,八頭郡八頭町見槻中,35.388707,134.270503,若桜線,若桜鉄道,1,D,5,駅データ.jp
9970105,9970105,安部,鳥取県,,,八頭郡八頭町日下部徳尾,35.374526,134.291682,若桜線,若桜鉄道,1,D,5,駅データ.jp
9970106,9970106,八東,鳥取県,,,八頭郡八頭町才代,35.363572,134.316496,若桜線,若桜鉄道,1,D,5,駅データ.jp
9970107,9970107,徳丸,鳥取県,,,八頭郡八頭町徳丸賀輪１２２２番３,35.364323,134.335719,若桜線,若桜鉄道,1,D,5,駅データ.jp
9970108,9970108,丹比,鳥取県,,,八頭郡八頭町南,35.360734,134.356175,若桜線,若桜鉄道,1,D,5,駅データ.jp
9970109,9970109,若桜,鳥取県,,,八頭郡若桜町大字若桜,35.345253,134.398289,若桜線,若桜鉄道,1,D,5,駅データ.jp
9970202,9970202,出雲科学館パークタウン前,島根県,出雲市,出雲市,出雲市今市町１９０５-４,35.362844,132.766186,北松江線,一畑電車,1,D,13,駅データ.jp
9970203,9970203,大津町,島根県,出雲市,出雲市,出雲市大津町１３９８-６,35.36916,132.774315,北松江線,一畑電車,1,D,5,駅データ.jp
9970204,9970204,武志,島根県,出雲市,出雲市,出雲市武志町４２-２,35.388003,132.773251,北松江線,一畑電車,1,D,5,駅データ.jp
9970205,9970205,川跡,島根県,出雲市,出雲市,出雲市武志町１０２７-１,35.395127,132.776411,北松江線|大社線,一畑電車,2,D,15,駅データ.jp
9970206,9970206,大寺,島根県,出雲市,出雲市,出雲市東林木町３０２-５,35.404423,132.787326,北松江線,一畑電車,1,D,5,駅データ.jp
9970207,9970207,美談,島根県,出雲市,出雲市,出雲市美談町５１４-６,35.412572,132.798006,北松江線,一畑電車,1,D,5,駅データ.jp
9970208,9970208,旅伏,島根県,出雲市,出雲市,出雲市西代町５８５-６,35.42116,132.806899,北松江線,一畑電車,1,D,5,駅データ.jp
9970209,9970209,雲州平田,島根県,出雲市,出雲市,出雲市平田町２２２６,35.432312,132.823685,北松江線,一畑電車,1,D,5,駅データ.jp
9970210,9970210,布崎,島根県,出雲市,出雲市,出雲市園町１２９５-５,35.450275,132.855049,北松江線,一畑電車,1,D,5,駅データ.jp
9970211,9970211,湖遊館新駅,島根県,出雲市,出雲市,出雲市園町５５-１,35.452611,132.862037,北松江線,一畑電車,1,D,5,駅データ.jp
9970212,9970212,園,島根県,出雲市,出雲市,出雲市園町１６８-５,35.456158,132.868136,北松江線,一畑電車,1,D,5,駅データ.jp
9970213,9970213,一畑口,島根県,出雲市,出雲市,出雲市小境町３７５-２,35.464605,132.882819,北松江線,一畑電車,1,D,5,駅データ.jp
9970214,9970214,伊野灘,島根県,出雲市,出雲市,出雲市小境町３７９-３,35.461308,132.900862,北松江線,一畑電車,1,D,5,駅データ.jp
9970215,9970215,津ノ森,島根県,松江市,松江市,松江市大野町１１７-３,35.466378,132.919002,北松江線,一畑電車,1,D,5,駅データ.jp
9970216,9970216,高ノ宮,島根県,松江市,松江市,松江市大垣町１１４５-５,35.471792,132.930401,北松江線,一畑電車,1,D,5,駅データ.jp
9970217,9970217,松江フォーゲルパーク,島根県,松江市,松江市,松江市大垣町２８-３,35.474969,132.943716,北松江線,一畑電車,1,D,13,駅データ.jp
9970218,9970218,秋鹿町,島根県,松江市,松江市,松江市秋鹿町３３４２-２,35.477231,132.95672,北松江線,一畑電車,1,D,5,駅データ.jp
9970219,9970219,長江,島根県,松江市,松江市,松江市東長江町１６２０-３,35.479792,132.974399,北松江線,一畑電車,1,D,5,駅データ.jp
9970220,9970220,朝日ヶ丘,島根県,松江市,松江市,島根県松江市古曽志町,35.480865,132.987954,北松江線,一畑電車,1,D,5,駅データ.jp
9970221,9970221,松江イングリッシュガーデン前,島根県,松江市,松江市,松江市西浜佐陀町２６４-６,35.477394,133.003643,北松江線,一畑電車,1,D,13,駅データ.jp
9970222,9970222,松江しんじ湖温泉,島根県,松江市,松江市,松江市中原町３１,35.46731,133.046039,北松江線,一畑電車,1,D,13,駅データ.jp
9970302,9970302,高浜,島根県,出雲市,出雲市,出雲市里方町７９３-３,35.390677,132.746684,大社線,一畑電車,1,D,5,駅データ.jp
9970303,9970303,遙堪,島根県,出雲市,出雲市,島根県出雲市常松町,35.389312,132.725637,大社線,一畑電車,1,D,5,駅データ.jp
9970304,9970304,浜山公園北口,島根県,出雲市,出雲市,出雲市大社町入南,35.38926,132.70829,大社線,一畑電車,1,D,5,駅データ.jp
9970305,9970305,出雲大社前,島根県,出雲市,出雲市,出雲市大社町杵築南,35.393245,132.687531,大社線,一畑電車,1,D,13,駅データ.jp
9970402,9970402,球場前,岡山県,倉敷市,倉敷市,倉敷市四十瀬西堤外４-４,34.591143,133.747177,水島本線,水島臨海鉄道,1,D,5,駅データ.jp
9970403,9970403,西富井,岡山県,倉敷市,倉敷市,倉敷市上富井大西６２８-２０,34.577809,133.743361,水島本線,水島臨海鉄道,1,D,5,駅データ.jp
9970404,9970404,福井,岡山県,倉敷市,倉敷市,倉敷市福井３９８-１,34.569804,133.744495,水島本線,水島臨海鉄道,1,C,20,駅データ.jp
9970405,9970405,浦田,岡山県,倉敷市,倉敷市,倉敷市福田町浦田２４６５-９,34.561271,133.749761,水島本線,水島臨海鉄道,1,D,5,駅データ.jp
9970406,9970406,弥生,岡山県,倉敷市,倉敷市,倉敷市水島東弥生町７８,34.544359,133.747534,水島本線,水島臨海鉄道,1,D,5,駅データ.jp
9970407,9970407,栄,岡山県,倉敷市,倉敷市,倉敷市水島東栄町７９-１,34.53791,133.744915,水島本線,水島臨海鉄道,1,D,5,駅データ.jp
9970408,9970408,常盤,岡山県,倉敷市,倉敷市,倉敷市水島東常盤町７０,34.53401,133.743246,水島本線,水島臨海鉄道,1,D,5,駅データ.jp
9970409,9970409,水島,岡山県,倉敷市,倉敷市,倉敷市水島東千鳥町１０-１,34.529169,133.741235,水島本線,水島臨海鉄道,1,D,5,駅データ.jp
9970410,9970410,三菱自工前,岡山県,倉敷市,倉敷市,倉敷市水島海岸通２-１-１,34.522906,133.734197,水島本線,水島臨海鉄道,1,D,5,駅データ.jp
9970503,9970503,川辺宿,岡山県,倉敷市,倉敷市,倉敷市真備町川辺美トロ２２８１-３,34.632339,133.715068,井原線,井原鉄道,1,D,5,駅データ.jp
9970504,9970504,吉備真備,岡山県,倉敷市,倉敷市,倉敷市真備町箭田別府後１１０２-１１,34.626784,133.692013,井原線,井原鉄道,1,D,5,駅データ.jp
9970505,9970505,備中呉妹,岡山県,倉敷市,倉敷市,倉敷市真備町尾崎井野１３６５-２,34.621587,133.661888,井原線,井原鉄道,1,D,5,駅データ.jp
9970506,9970506,三谷,岡山県,小田郡矢掛町東三成市,小田郡矢掛町東三成市,小田郡矢掛町東三成市場,34.61627,133.61964,井原線,井原鉄道,1,D,5,駅データ.jp
9970507,9970507,矢掛,岡山県,,,小田郡矢掛町矢掛尾崎,34.629337,133.590057,井原線,井原鉄道,1,D,5,駅データ.jp
9970508,9970508,小田,岡山県,,,小田郡矢掛町小田山志根,34.60606,133.542558,井原線,井原鉄道,1,D,5,駅データ.jp
9970509,9970509,早雲の里荏原,岡山県,井原市,井原市,井原市東江原町永田,34.596694,133.507816,井原線,井原鉄道,1,D,5,駅データ.jp
9970510,9970510,井原,岡山県,井原市,井原市,井原市七日市町２１６番地,34.592947,133.468906,井原線,井原鉄道,1,D,13,駅データ.jp
9970511,9970511,いずえ,岡山県,井原市,井原市,井原市下出部町小塚,34.587934,133.450677,井原線,井原鉄道,1,D,5,駅データ.jp
9970512,9970512,子守唄の里高屋,岡山県,井原市,井原市,井原市高屋町祢リキ,34.581726,133.433182,井原線,井原鉄道,1,D,5,駅データ.jp
9970513,9970513,御領,広島県,福山市,福山市,福山市神辺町下御領２６１番地の３,34.564822,133.402319,井原線,井原鉄道,1,D,5,駅データ.jp
9970514,9970514,湯野,広島県,福山市,福山市,福山市神辺町湯野８８番地の１,34.552754,133.38681,井原線,井原鉄道,1,D,5,駅データ.jp
9970602,9970602,西川緑道公園,岡山県,岡山市,岡山市北区,岡山市北区野田屋町一丁目・平和町,34.665599,133.923018,東山線|清輝橋線,岡山電気軌道,2,D,15,駅データ.jp
9970603,9970603,柳川,岡山県,岡山市,岡山市北区,岡山市北区野田屋町一丁目・磨屋町,34.665635,133.925507,東山線|清輝橋線,岡山電気軌道,2,D,15,駅データ.jp
9970604,9970604,城下,岡山県,岡山市,岡山市北区,岡山市北区天神町・表町一丁目,34.665599,133.929756,東山線,岡山電気軌道,1,D,5,駅データ.jp
9970605,9970605,県庁通り,岡山県,岡山市,岡山市北区,岡山市北区表町一丁目・丸の内一丁目/表町二丁目・内山下一丁目,34.662599,133.930485,東山線,岡山電気軌道,1,D,5,駅データ.jp
9970606,9970606,西大寺町・岡山芸術創造劇場ハレノワ前,岡山県,岡山市,岡山市北区,岡山市北区京橋町,34.658469,133.930528,東山線,岡山電気軌道,1,D,5,駅データ.jp
9970607,9970607,小橋,岡山県,岡山市,岡山市中区,岡山市中区小橋町一丁目・小橋町二丁目,34.657657,133.936236,東山線,岡山電気軌道,1,D,5,駅データ.jp
9970608,9970608,中納言,岡山県,岡山市,岡山市中区,岡山市中区中納言町・小橋町二丁目,34.657516,133.937824,東山線,岡山電気軌道,1,D,5,駅データ.jp
9970609,9970609,門田屋敷,岡山県,岡山市,岡山市中区,岡山市中区門田屋敷二丁目,34.65621,133.938811,東山線,岡山電気軌道,1,D,5,駅データ.jp
9970610,9970610,東山・おかでんミュージアム駅,岡山県,岡山市,岡山市中区,岡山市中区徳吉町2丁目・東山2丁目,34.656245,133.942759,東山線,岡山電気軌道,1,D,5,駅データ.jp
9970704,9970704,郵便局前,岡山県,岡山市,岡山市北区,岡山市北区磨屋町・中山下一丁目,34.662634,133.92628,清輝橋線,岡山電気軌道,1,D,5,駅データ.jp
9970705,9970705,田町,岡山県,岡山市,岡山市北区,岡山市北区田町一丁目・中山下二丁目,34.660658,133.926322,清輝橋線,岡山電気軌道,1,D,5,駅データ.jp
9970706,9970706,新西大寺町筋,岡山県,岡山市,岡山市北区,岡山市北区田町二丁目・表町三丁目,34.658504,133.92628,清輝橋線,岡山電気軌道,1,D,5,駅データ.jp
9970707,9970707,大雲寺前,岡山県,岡山市,岡山市北区,岡山市北区中央町・表町三丁目,34.656492,133.926237,清輝橋線,岡山電気軌道,1,D,5,駅データ.jp
9970708,9970708,清輝橋,岡山県,岡山市,岡山市北区,岡山市北区清輝橋一丁目,34.651691,133.925807,清輝橋線,岡山電気軌道,1,D,5,駅データ.jp
9970709,9970709,東中央町,岡山県,岡山市,岡山市北区,岡山市北区東中央町・南中央町,34.654445,133.926183,清輝橋線,岡山電気軌道,1,D,5,駅データ.jp
9970901,9970901,本通,広島県,広島市,広島市中区,広島市中区本通６-３０,34.393377,132.457003,アストラムライン|広電１号線(宇品線)|広電３号線|広電７号線,広島電鉄|広島高速交通,4,C,30,駅データ.jp
9970902,9970902,県庁前,広島県,広島市,広島市中区,広島市中区基町１０-９０,34.396863,132.458231,アストラムライン,広島高速交通,1,D,5,駅データ.jp
9970903,9970903,城北,広島県,広島市,広島市中区,広島市中区西白島町２５-８０,34.405407,132.458914,アストラムライン,広島高速交通,1,D,5,駅データ.jp
9970904,9970904,白島,広島県,広島市,広島市中区,広島県広島市中区白島北町2,34.411045,132.462674,アストラムライン,広島高速交通,1,D,5,駅データ.jp
9970905,9970905,牛田,広島県,広島市,広島市東区,広島市東区牛田新町２-４-４４,34.417142,132.464585,アストラムライン,広島高速交通,1,D,5,駅データ.jp
9970906,9970906,不動院前,広島県,広島市,広島市東区,広島市東区牛田新町３-３-１２,34.426921,132.469306,アストラムライン,広島高速交通,1,D,5,駅データ.jp
9970907,9970907,祇園新橋北,広島県,広島市,広島市安佐南区,広島市安佐南区西原４-４３-２８,34.435148,132.47075,アストラムライン,広島高速交通,1,D,5,駅データ.jp
9970908,9970908,西原,広島県,広島市,広島市安佐南区,広島市安佐南区西原８-３４-１,34.44327,132.47478,アストラムライン,広島高速交通,1,D,5,駅データ.jp
9970909,9970909,中筋,広島県,広島市,広島市安佐南区,広島市安佐南区中筋２-６-１７,34.451869,132.477049,アストラムライン,広島高速交通,1,D,5,駅データ.jp
9970910,9970910,古市,広島県,広島市,広島市安佐南区,広島市安佐南区中須１-１-１６,34.457863,132.47508,アストラムライン,広島高速交通,1,D,5,駅データ.jp
9970912,9970912,毘沙門台,広島県,広島市,広島市安佐南区,広島市安佐南区毘沙門台１-７-４５,34.469417,132.462827,アストラムライン,広島高速交通,1,D,5,駅データ.jp
9970913,9970913,安東,広島県,広島市,広島市安佐南区,広島市安佐南区安東２-１０-１,34.475169,132.453067,アストラムライン,広島高速交通,1,D,5,駅データ.jp
9970914,9970914,上安,広島県,広島市,広島市安佐南区,広島市安佐南区上安２-３０-１０,34.475735,132.444662,アストラムライン,広島高速交通,1,D,5,駅データ.jp
9970915,9970915,高取,広島県,広島市,広島市安佐南区,広島市安佐南区高取北１-４-２８,34.475132,132.438102,アストラムライン,広島高速交通,1,D,5,駅データ.jp
9970916,9970916,長楽寺,広島県,広島市,広島市安佐南区,広島市安佐南区長楽寺１-２８-３７,34.472782,132.4306,アストラムライン,広島高速交通,1,D,5,駅データ.jp
9970917,9970917,伴,広島県,広島市,広島市安佐南区,広島市安佐南区沼田町大字伴８６６９-４,34.469996,132.419667,アストラムライン,広島高速交通,1,D,5,駅データ.jp
9970918,9970918,大原,広島県,広島市,広島市安佐南区,広島市安佐南区沼田町大字伴５８１５-１１,34.462852,132.412354,アストラムライン,広島高速交通,1,D,5,駅データ.jp
9970919,9970919,伴中央,広島県,広島市,広島市安佐南区,広島市安佐南区沼田町大字伴４２１９-１１,34.455514,132.405038,アストラムライン,広島高速交通,1,D,5,駅データ.jp
9970920,9970920,大塚,広島県,広島市,広島市安佐南区,広島市安佐南区大塚西三丁目21,34.441466,132.402702,アストラムライン,広島高速交通,1,D,5,駅データ.jp
9970921,9970921,広域公園前,広島県,広島市,広島市安佐南区,広島市安佐南区大塚西４-４-８,34.43538,132.400089,アストラムライン,広島高速交通,1,D,5,駅データ.jp
9971003,9971003,的場町,広島県,広島市,広島市南区,広島市南区的場町１,34.393277,132.475076,広電１号線(宇品線)|広電２号線(宮島線)|広電５号線(皆実線)|広電６号線(江波線),広島電鉄,4,C,30,駅データ.jp
9971004,9971004,稲荷町,広島県,広島市,広島市南区,広島市南区稲荷町,34.392569,132.471728,広電１号線(宇品線)|広電２号線(宮島線)|広電５号線(皆実線)|広電６号線(江波線),広島電鉄,4,C,30,駅データ.jp
9971005,9971005,銀山町,広島県,広島市,広島市中区,広島市中区銀山町,34.393135,132.467866,広電１号線(宇品線)|広電２号線(宮島線)|広電６号線(江波線),広島電鉄,3,C,24,駅データ.jp
9971006,9971006,胡町,広島県,広島市,広島市中区,広島市中区胡町,34.393401,132.465076,広電１号線(宇品線)|広電２号線(宮島線)|広電６号線(江波線),広島電鉄,3,C,24,駅データ.jp
9971007,9971007,八丁堀,広島県,広島市,広島市中区,広島市中区胡町,34.393897,132.463403,広電１号線(宇品線)|広電２号線(宮島線)|広電６号線(江波線)|広電９号線(白島線),広島電鉄,4,C,30,駅データ.jp
9971008,9971008,立町,広島県,広島市,広島市中区,広島市中区立町,34.394569,132.460871,広電１号線(宇品線)|広電２号線(宮島線)|広電６号線(江波線),広島電鉄,3,C,24,駅データ.jp
9971009,9971009,紙屋町東,広島県,広島市,広島市中区,広島市中区紙屋町,34.395101,132.458167,広電１号線(宇品線)|広電２号線(宮島線)|広電６号線(江波線),広島電鉄,3,C,24,駅データ.jp
9971011,9971011,袋町,広島県,広島市,広島市中区,広島市中区大手町２,34.391187,132.456214,広電１号線(宇品線)|広電３号線|広電７号線,広島電鉄,3,C,24,駅データ.jp
9971012,9971012,中電前,広島県,広島市,広島市中区,広島市中区大手町３,34.388779,132.455399,広電１号線(宇品線)|広電３号線|広電７号線,広島電鉄,3,C,24,駅データ.jp
9971013,9971013,市役所前,広島県,広島市,広島市中区,広島市中区大手町４,34.385875,132.454455,広電１号線(宇品線)|広電３号線|広電７号線,広島電鉄,3,C,24,駅データ.jp
9971014,9971014,鷹野橋,広島県,広島市,広島市中区,広島市中区千田町１,34.383431,132.453918,広電１号線(宇品線)|広電３号線|広電７号線,広島電鉄,3,C,24,駅データ.jp
9971015,9971015,日赤病院前,広島県,広島市,広島市中区,広島市中区千田町１,34.380952,132.455871,広電１号線(宇品線)|広電３号線|広電７号線,広島電鉄,3,C,24,駅データ.jp
9971016,9971016,広電本社前,広島県,広島市,広島市中区,広島市中区千田町３,34.377375,132.45821,広電１号線(宇品線)|広電３号線|広電７号線,広島電鉄,3,C,24,駅データ.jp
9971017,9971017,御幸橋,広島県,広島市,広島市中区,広島市中区千田町３,34.375321,132.459605,広電１号線(宇品線)|広電７号線,広島電鉄,2,D,15,駅データ.jp
9971018,9971018,皆実町六丁目,広島県,広島市,広島市南区,広島市南区皆実町６,34.374169,132.464454,広電１号線(宇品線)|広電５号線(皆実線)|広電７号線,広島電鉄,3,C,24,駅データ.jp
9971019,9971019,広大附属学校前,広島県,広島市,広島市南区,広島市南区皆実町６,34.371654,132.464583,広電１号線(宇品線)|広電５号線(皆実線)|広電７号線,広島電鉄,3,C,24,駅データ.jp
9971020,9971020,県病院前,広島県,広島市,広島市南区,広島市南区宇品神田１,34.36875,132.464797,広電１号線(宇品線)|広電５号線(皆実線)|広電７号線,広島電鉄,3,C,24,駅データ.jp
9971021,9971021,宇品二丁目,広島県,広島市,広島市南区,広島市南区宇品神田２,34.366164,132.464519,広電１号線(宇品線)|広電５号線(皆実線)|広電７号線,広島電鉄,3,C,24,駅データ.jp
9971022,9971022,宇品三丁目,広島県,広島市,広島市南区,広島市南区宇品神田３,34.364216,132.464411,広電１号線(宇品線)|広電５号線(皆実線)|広電７号線,広島電鉄,3,C,24,駅データ.jp
9971023,9971023,宇品四丁目,広島県,広島市,広島市南区,広島市南区宇品神田５,34.35922,132.463853,広電１号線(宇品線)|広電５号線(皆実線)|広電７号線,広島電鉄,3,C,24,駅データ.jp
9971024,9971024,宇品五丁目,広島県,広島市,広島市南区,広島市南区宇品神田５,34.357343,132.46366,広電１号線(宇品線)|広電５号線(皆実線)|広電７号線,広島電鉄,3,C,24,駅データ.jp
9971025,9971025,海岸通,広島県,広島市,広島市南区,広島市南区宇品海岸３,34.354898,132.463081,広電１号線(宇品線)|広電５号線(皆実線)|広電７号線,広島電鉄,3,C,24,駅データ.jp
9971026,9971026,元宇品口,広島県,広島市,広島市南区,広島市南区宇品海岸１,34.354048,132.459412,広電１号線(宇品線)|広電５号線(皆実線)|広電７号線,広島電鉄,3,C,24,駅データ.jp
9971027,9971027,広島港（宇品）,広島県,広島市,広島市南区,広島市南区宇品海岸一丁目,34.352755,132.455184,広電１号線(宇品線)|広電５号線(皆実線)|広電７号線,広島電鉄,3,C,24,駅データ.jp
9971028,9971028,松川町,広島県,広島市,広島市南区,広島県広島市南区稲荷町5,34.391155,132.47125,広電５号線(皆実線),広島電鉄,1,D,5,駅データ.jp
9971110,9971110,紙屋町西,広島県,広島市,広島市中区,広島市中区紙屋町,34.395455,132.456965,広電２号線(宮島線)|広電３号線|広電６号線(江波線)|広電７号線,広島電鉄,4,C,30,駅データ.jp
9971111,9971111,原爆ドーム前,広島県,広島市,広島市中区,広島市中区大手町１,34.396163,132.453918,広電２号線(宮島線)|広電３号線|広電６号線(江波線)|広電７号線,広島電鉄,4,C,30,駅データ.jp
9971112,9971112,本川町,広島県,広島市,広島市中区,広島市中区本川町１,34.396942,132.450485,広電２号線(宮島線)|広電３号線|広電６号線(江波線)|広電７号線,広島電鉄,4,C,30,駅データ.jp
9971113,9971113,十日市町,広島県,広島市,広島市中区,広島市中区十日市町１,34.397438,132.447138,広電２号線(宮島線)|広電３号線|広電６号線(江波線)|広電７号線|広電８号線(横川線),広島電鉄,5,C,35,駅データ.jp
9971114,9971114,土橋,広島県,広島市,広島市中区,広島市中区堺町２,34.3948,132.446322,広電２号線(宮島線)|広電３号線|広電６号線(江波線)|広電８号線(横川線),広島電鉄,4,C,30,駅データ.jp
9971115,9971115,小網町,広島県,広島市,広島市中区,広島市中区小網町,34.394543,132.44422,広電２号線(宮島線)|広電３号線,広島電鉄,2,D,15,駅データ.jp
9971116,9971116,天満町,広島県,広島市,広島市西区,広島市西区観音町,34.395216,132.440572,広電２号線(宮島線)|広電３号線,広島電鉄,2,D,15,駅データ.jp
9971117,9971117,観音町,広島県,広島市,広島市西区,広島市西区観音町,34.395534,132.438405,広電２号線(宮島線)|広電３号線,広島電鉄,2,D,15,駅データ.jp
9971118,9971118,西観音町,広島県,広島市,広島市西区,広島市西区西観音町,34.393976,132.43686,広電２号線(宮島線)|広電３号線,広島電鉄,2,D,15,駅データ.jp
9971119,9971119,福島町,広島県,広島市,広島市西区,広島市西区福島町２,34.394985,132.433898,広電２号線(宮島線)|広電３号線,広島電鉄,2,D,15,駅データ.jp
9971121,9971121,東高須,広島県,広島市,広島市西区,広島市西区高須１-５３４-４,34.391922,132.420224,広電２号線(宮島線),広島電鉄,1,D,5,駅データ.jp
9971122,9971122,高須,広島県,広島市,広島市西区,広島市西区高須１-４５０-１０,34.389872,132.417055,広電２号線(宮島線),広島電鉄,1,D,5,駅データ.jp
9971123,9971123,古江,広島県,広島市,広島市西区,広島市西区古江東町９７７-６,34.386311,132.411383,広電２号線(宮島線),広島電鉄,1,D,5,駅データ.jp
9971124,9971124,草津,広島県,広島市,広島市西区,広島市西区草津東３-２４３-１,34.3816,132.403915,広電２号線(宮島線),広島電鉄,1,D,5,駅データ.jp
9971125,9971125,草津南,広島県,広島市,広島市西区,広島市西区草津南３-１８４８,34.378092,132.398479,広電２号線(宮島線),広島電鉄,1,D,5,駅データ.jp
9971127,9971127,井口,広島県,広島市,広島市西区,広島市西区井口２-７９９-１４,34.371751,132.385805,広電２号線(宮島線),広島電鉄,1,D,5,駅データ.jp
9971128,9971128,修大協創中高前,広島県,広島市,広島市西区,広島市西区井口４-２３-１,34.368218,132.374589,広電２号線(宮島線),広島電鉄,1,D,5,駅データ.jp
9971130,9971130,佐伯区役所前,広島県,広島市,広島市佐伯区,広島市佐伯区海老園２-４-６,34.365443,132.361709,広電２号線(宮島線),広島電鉄,1,D,5,駅データ.jp
9971131,9971131,楽々園,広島県,広島市,広島市佐伯区,広島市佐伯区楽々園２-５４７-３,34.364282,132.351988,広電２号線(宮島線),広島電鉄,1,D,5,駅データ.jp
9971132,9971132,山陽女学園前,広島県,廿日市,廿日市,廿日市市佐方岩戸山１４００-４,34.361948,132.341251,広電２号線(宮島線),広島電鉄,1,D,5,駅データ.jp
9971134,9971134,廿日市市役所前（平良）,広島県,廿日市,廿日市,廿日市市新宮一丁目,34.352816,132.329722,広電２号線(宮島線),広島電鉄,1,D,13,駅データ.jp
9971136,9971136,ＪＡ広島病院前,広島県,廿日市,廿日市,廿日市市地御前１-９９６４,34.343959,132.322404,広電２号線(宮島線),広島電鉄,1,D,5,駅データ.jp
9971137,9971137,地御前,広島県,廿日市,廿日市,廿日市市地御前５-２５７９-２,34.340942,132.320049,広電２号線(宮島線),広島電鉄,1,D,5,駅データ.jp
9971138,9971138,阿品東,広島県,廿日市,廿日市,廿日市市阿品１-２０７０-１１,34.326488,132.318579,広電２号線(宮島線),広島電鉄,1,D,5,駅データ.jp
9971140,9971140,宮島ボートレース場,広島県,廿日市,廿日市,廿日市市宮島口一丁目,34.314425,132.305006,広電２号線(宮島線),広島電鉄,1,D,5,駅データ.jp
9971304,9971304,段原一丁目,広島県,広島市,広島市南区,広島市南区段原１,34.390833,132.475033,広電５号線(皆実線),広島電鉄,1,D,5,駅データ.jp
9971305,9971305,比治山下,広島県,広島市,広島市南区,広島市南区比治山町,34.387858,132.471492,広電５号線(皆実線),広島電鉄,1,D,5,駅データ.jp
9971306,9971306,比治山橋,広島県,広島市,広島市南区,広島市南区比治山本町,34.383272,132.468681,広電５号線(皆実線),広島電鉄,1,D,5,駅データ.jp
9971307,9971307,南区役所前,広島県,広島市,広島市南区,広島市南区比治山本町,34.380297,132.467072,広電５号線(皆実線),広島電鉄,1,D,5,駅データ.jp
9971308,9971308,皆実町二丁目,広島県,広島市,広島市南区,広島市南区皆実町２,34.377375,132.465849,広電５号線(皆実線),広島電鉄,1,D,5,駅データ.jp
9971415,9971415,舟入町,広島県,広島市,広島市中区,広島市中区舟入町,34.389222,132.444928,広電６号線(江波線)|広電８号線(横川線),広島電鉄,2,D,15,駅データ.jp
9971416,9971416,舟入本町,広島県,広島市,広島市中区,広島市中区舟入本町,34.385556,132.442632,広電６号線(江波線)|広電８号線(横川線),広島電鉄,2,D,15,駅データ.jp
9971417,9971417,舟入幸町,広島県,広島市,広島市中区,広島市中区舟入幸町,34.383139,132.441151,広電６号線(江波線)|広電８号線(横川線),広島電鉄,2,D,15,駅データ.jp
9971418,9971418,舟入川口町,広島県,広島市,広島市中区,広島市中区舟入南１,34.380341,132.439499,広電６号線(江波線)|広電８号線(横川線),広島電鉄,2,D,15,駅データ.jp
9971419,9971419,舟入南,広島県,広島市,広島市中区,広島市中区舟入南５,34.375099,132.437224,広電６号線(江波線)|広電８号線(横川線),広島電鉄,2,D,15,駅データ.jp
9971420,9971420,江波,広島県,広島市,広島市中区,広島市中区江波東１,34.372496,132.436044,広電６号線(江波線)|広電８号線(横川線),広島電鉄,2,D,15,駅データ.jp
9971502,9971502,横川一丁目,広島県,広島市,広島市西区,広島市西区横川町１,34.406848,132.449949,広電７号線|広電８号線(横川線),広島電鉄,2,D,15,駅データ.jp
9971503,9971503,別院前,広島県,広島市,広島市中区,広島市中区広瀬北町,34.404245,132.449241,広電７号線|広電８号線(横川線),広島電鉄,2,D,15,駅データ.jp
9971504,9971504,寺町,広島県,広島市,広島市中区,広島市中区広瀬町,34.401129,132.448125,広電７号線|広電８号線(横川線),広島電鉄,2,D,15,駅データ.jp
9971702,9971702,女学院前,広島県,広島市,広島市中区,広島市中区上八丁堀,34.397827,132.464776,広電９号線(白島線),広島電鉄,1,D,5,駅データ.jp
9971703,9971703,縮景園前,広島県,広島市,広島市中区,広島市中区上八丁堀,34.399881,132.465334,広電９号線(白島線),広島電鉄,1,D,5,駅データ.jp
9971704,9971704,家庭裁判所前,広島県,広島市,広島市中区,広島市中区上八丁堀,34.402289,132.466106,広電９号線(白島線),広島電鉄,1,D,5,駅データ.jp
9971705,9971705,白島,広島県,広島市,広島市中区,広島市中区東白島町,34.404484,132.465506,広電９号線(白島線),広島電鉄,1,D,5,駅データ.jp
9971802,9971802,清流新岩国,山口県,岩国市,岩国市,岩国市大字御庄字観音原,34.162639,132.14764,錦川清流線,錦川鉄道,1,D,13,駅データ.jp
9971803,9971803,守内かさ神,山口県,岩国市,岩国市,岩国市大字守内字向守内,34.170107,132.135704,錦川清流線,錦川鉄道,1,D,5,駅データ.jp
9971804,9971804,南河内,山口県,岩国市,岩国市,岩国市大字角,34.165957,132.103363,錦川清流線,錦川鉄道,1,D,5,駅データ.jp
9971805,9971805,行波,山口県,岩国市,岩国市,岩国市大字行波,34.163368,132.087084,錦川清流線,錦川鉄道,1,D,5,駅データ.jp
9971806,9971806,北河内,山口県,岩国市,岩国市,岩国市大字天尾字高原瀬,34.176011,132.064519,錦川清流線,錦川鉄道,1,D,5,駅データ.jp
9971807,9971807,椋野,山口県,岩国市,岩国市,岩国市美川町南桑字西椋町,34.193637,132.033385,錦川清流線,錦川鉄道,1,D,5,駅データ.jp
9971808,9971808,南桑,山口県,岩国市,岩国市,岩国市美川町南桑字南桑,34.20961,132.020852,錦川清流線,錦川鉄道,1,D,5,駅データ.jp
9971809,9971809,根笠,山口県,岩国市,岩国市,岩国市美川町根笠字渡里,34.210487,131.998656,錦川清流線,錦川鉄道,1,D,5,駅データ.jp
9971810,9971810,河山,山口県,岩国市,岩国市,岩国市美川町四馬神字竹ノ瓜,34.236368,131.983923,錦川清流線,錦川鉄道,1,D,5,駅データ.jp
9971811,9971811,柳瀬,山口県,岩国市,岩国市,岩国市美川町四馬神字柳瀬,34.25714,131.97669,錦川清流線,錦川鉄道,1,D,5,駅データ.jp
9971812,9971812,錦町,山口県,岩国市,岩国市,岩国市錦町広瀬字下向井,34.26475,131.962944,錦川清流線,錦川鉄道,1,D,5,駅データ.jp
9971813,9971813,清流みはらし,山口県,岩国市,岩国市,岩国市美川町根笠字イモヶ迫,34.211861,132.004833,錦川清流線,錦川鉄道,1,D,5,駅データ.jp
9980102,9980102,宍喰,徳島県,,,海部郡海陽町久保字松本,33.566949,134.300741,阿波室戸シーサイドライン,阿佐海岸鉄道,1,D,5,駅データ.jp
9980103,9980103,甲浦,高知県,,,安芸郡東洋町大字河内字八幡山,33.547238,134.288242,阿波室戸シーサイドライン,阿佐海岸鉄道,1,D,5,駅データ.jp
9980202,9980202,片原町,香川県,高松市,高松市,高松市鶴屋町９-１,34.346138,134.054368,琴電琴平線|琴電長尾線,高松琴平電気鉄道,2,D,15,駅データ.jp
9980203,9980203,瓦町,香川県,高松市,高松市,高松市常磐町１-３-１,34.338827,134.052529,琴電志度線|琴電琴平線|琴電長尾線,高松琴平電気鉄道,3,C,24,駅データ.jp
9980204,9980204,栗林公園,香川県,高松市,高松市,高松市栗林町３-８３０,34.328586,134.051063,琴電琴平線,高松琴平電気鉄道,1,D,5,駅データ.jp
9980205,9980205,三条,香川県,高松市,高松市,高松市上之町２-１２４４-３,34.319718,134.049478,琴電琴平線,高松琴平電気鉄道,1,D,5,駅データ.jp
9980206,9980206,太田,香川県,高松市,高松市,高松市太田上町７０５-６,34.298989,134.045965,琴電琴平線,高松琴平電気鉄道,1,D,5,駅データ.jp
9980207,9980207,仏生山,香川県,高松市,高松市,高松市仏生山町３０２-１,34.283213,134.042605,琴電琴平線,高松琴平電気鉄道,1,D,5,駅データ.jp
9980208,9980208,空港通り,香川県,高松市,高松市,高松市寺井町２７７番地３,34.28112,134.033096,琴電琴平線,高松琴平電気鉄道,1,D,5,駅データ.jp
9980209,9980209,一宮,香川県,高松市,高松市,高松市一宮町５０４-５,34.283027,134.022561,琴電琴平線,高松琴平電気鉄道,1,D,5,駅データ.jp
9980210,9980210,円座,香川県,高松市,高松市,高松市円座町１４６９-２,34.284479,134.009285,琴電琴平線,高松琴平電気鉄道,1,D,5,駅データ.jp
9980211,9980211,岡本,香川県,高松市,高松市,高松市岡本町１５５４-３,34.270261,133.989265,琴電琴平線,高松琴平電気鉄道,1,D,5,駅データ.jp
9980212,9980212,挿頭丘,香川県,,,綾歌郡綾川町畑田５６２-３,34.262007,133.979358,琴電琴平線,高松琴平電気鉄道,1,D,5,駅データ.jp
9980213,9980213,畑田,香川県,,,綾歌郡綾川町畑田１０５９-３,34.25901,133.97157,琴電琴平線,高松琴平電気鉄道,1,D,5,駅データ.jp
9980214,9980214,陶,香川県,,,綾歌郡綾川町陶５６９２-４,34.250394,133.947778,琴電琴平線,高松琴平電気鉄道,1,D,5,駅データ.jp
9980215,9980215,滝宮,香川県,,,綾歌郡綾川町滝宮５１５-３,34.248152,133.922302,琴電琴平線,高松琴平電気鉄道,1,D,5,駅データ.jp
9980216,9980216,羽床,香川県,,,綾歌郡綾川町羽床１１１５-３,34.241078,133.901782,琴電琴平線,高松琴平電気鉄道,1,D,5,駅データ.jp
9980217,9980217,栗熊,香川県,丸亀市,丸亀市,丸亀市綾歌町栗熊東４８０-２,34.233905,133.884133,琴電琴平線,高松琴平電気鉄道,1,D,5,駅データ.jp
9980218,9980218,岡田,香川県,丸亀市,丸亀市,丸亀市綾歌町岡田下４７３-３,34.220859,133.860902,琴電琴平線,高松琴平電気鉄道,1,D,5,駅データ.jp
9980219,9980219,羽間,香川県,,,仲多度郡まんのう町東高篠２３８６,34.209571,133.847345,琴電琴平線,高松琴平電気鉄道,1,D,5,駅データ.jp
9980220,9980220,榎井,香川県,,,仲多度郡琴平町榎井４００-３,34.194317,133.829511,琴電琴平線,高松琴平電気鉄道,1,D,5,駅データ.jp
9980222,9980222,綾川（イオンモール綾川）,香川県,,,香川県綾歌郡綾川町萱原744番地3,34.249528,133.931667,琴電琴平線,高松琴平電気鉄道,1,D,5,駅データ.jp
9980223,9980223,伏石,香川県,高松市,高松市,高松市太田下町,34.309861,134.047806,琴電琴平線,高松琴平電気鉄道,1,D,5,駅データ.jp
9980304,9980304,花園,香川県,高松市,高松市,高松市花園町１-１３１１-１０,34.334206,134.059463,琴電長尾線,高松琴平電気鉄道,1,D,5,駅データ.jp
9980305,9980305,林道,香川県,高松市,高松市,高松市木太町１６０９-２,34.32344,134.073106,琴電長尾線,高松琴平電気鉄道,1,D,5,駅データ.jp
9980306,9980306,木太東口,香川県,高松市,高松市,高松市木太町４００７-７,34.319718,134.07957,琴電長尾線,高松琴平電気鉄道,1,D,5,駅データ.jp
9980307,9980307,元山,香川県,高松市,高松市,高松市元山町９７４-２,34.310424,134.083742,琴電長尾線,高松琴平電気鉄道,1,D,5,駅データ.jp
9980308,9980308,水田,香川県,高松市,高松市,高松市東山崎町５８-２,34.303056,134.092699,琴電長尾線,高松琴平電気鉄道,1,D,5,駅データ.jp
9980309,9980309,西前田,香川県,高松市,高松市,高松市前田東町１０４７-２,34.296004,134.104675,琴電長尾線,高松琴平電気鉄道,1,D,5,駅データ.jp
9980310,9980310,高田,香川県,高松市,高松市,高松市亀田町３８１-３,34.288506,134.112155,琴電長尾線,高松琴平電気鉄道,1,D,5,駅データ.jp
9980311,9980311,池戸,香川県,,,木田郡三木町池戸３３６２-３,34.27866,134.119706,琴電長尾線,高松琴平電気鉄道,1,D,5,駅データ.jp
9980312,9980312,農学部前,香川県,,,木田郡三木町池戸２８５２-６,34.273814,134.125739,琴電長尾線,高松琴平電気鉄道,1,D,5,駅データ.jp
9980313,9980313,平木,香川県,,,木田郡三木町平木１１３-２,34.272134,134.131327,琴電長尾線,高松琴平電気鉄道,1,D,5,駅データ.jp
9980314,9980314,学園通り,香川県,,,木田郡三木町鹿伏２０８-２,34.270576,134.136998,琴電長尾線,高松琴平電気鉄道,1,D,5,駅データ.jp
9980315,9980315,白山,香川県,,,木田郡三木町白山９６７-５,34.266707,134.150461,琴電長尾線,高松琴平電気鉄道,1,D,5,駅データ.jp
9980316,9980316,井戸,香川県,,,木田郡三木町井戸４２１７-２,34.266669,134.156127,琴電長尾線,高松琴平電気鉄道,1,D,5,駅データ.jp
9980317,9980317,公文明,香川県,,,木田郡三木町井戸４１２５-２,34.266688,134.161929,琴電長尾線,高松琴平電気鉄道,1,D,5,駅データ.jp
9980318,9980318,長尾,香川県,さぬき市,さぬき市,さぬき市長尾西５５９-２,34.266675,134.169184,琴電長尾線,高松琴平電気鉄道,1,D,5,駅データ.jp
9980402,9980402,今橋,香川県,高松市,高松市,高松市松島町１-３-２１,34.341577,134.058782,琴電志度線,高松琴平電気鉄道,1,D,5,駅データ.jp
9980403,9980403,松島二丁目,香川県,高松市,高松市,高松市松福町２-１５-２,34.339986,134.064626,琴電志度線,高松琴平電気鉄道,1,D,5,駅データ.jp
9980404,9980404,沖松島,香川県,高松市,高松市,高松市福岡町４-３２-１,34.341219,134.072253,琴電志度線,高松琴平電気鉄道,1,D,5,駅データ.jp
9980405,9980405,春日川,香川県,高松市,高松市,高松市木太町２７０８,34.340969,134.083566,琴電志度線,高松琴平電気鉄道,1,D,5,駅データ.jp
9980406,9980406,潟元,香川県,高松市,高松市,高松市屋島西町１７２３-５,34.341363,134.098231,琴電志度線,高松琴平電気鉄道,1,D,5,駅データ.jp
9980407,9980407,琴電屋島,香川県,高松市,高松市,高松市屋島中町２７０-１,34.341624,134.105763,琴電志度線,高松琴平電気鉄道,1,D,5,駅データ.jp
9980408,9980408,古高松,香川県,高松市,高松市,高松市高松町１５-２,34.340844,134.11244,琴電志度線,高松琴平電気鉄道,1,D,13,駅データ.jp
9980409,9980409,八栗,香川県,高松市,高松市,高松市牟礼町牟礼２２１６-２,34.344582,134.122439,琴電志度線,高松琴平電気鉄道,1,D,5,駅データ.jp
9980410,9980410,六万寺,香川県,高松市,高松市,高松市牟礼町牟礼１０９７-２,34.342655,134.134088,琴電志度線,高松琴平電気鉄道,1,D,5,駅データ.jp
9980411,9980411,大町,香川県,高松市,高松市,高松市牟礼町大町１５３２-５,34.337333,134.141354,琴電志度線,高松琴平電気鉄道,1,D,5,駅データ.jp
9980413,9980413,塩屋,香川県,高松市,高松市,高松市牟礼町大町１５０２-５,34.335583,134.155142,琴電志度線,高松琴平電気鉄道,1,D,5,駅データ.jp
9980414,9980414,房前,香川県,高松市,高松市,高松市牟礼町原６２２-１,34.332367,134.158483,琴電志度線,高松琴平電気鉄道,1,D,5,駅データ.jp
9980415,9980415,原,香川県,高松市,高松市,高松市牟礼町原３５５-２,34.32641,134.163654,琴電志度線,高松琴平電気鉄道,1,D,5,駅データ.jp
9980501,9980501,松山市,愛媛県,松山市,松山市,松山市湊町５,33.835937,132.762456,伊予鉄道市駅線（３系統）|伊予鉄道本町線（６系統）|伊予鉄道横河原線|伊予鉄道環状線（１系統）|伊予鉄道環状線（２系統）|伊予鉄道郡中線|伊予鉄道高浜線,伊予鉄道,7,B,43,駅データ.jp
9980502,9980502,土橋,愛媛県,松山市,松山市,松山市土橋町,33.832738,132.756487,伊予鉄道郡中線,伊予鉄道,1,D,5,駅データ.jp
9980503,9980503,土居田,愛媛県,松山市,松山市,松山市土居田町,33.8241,132.744094,伊予鉄道郡中線,伊予鉄道,1,D,5,駅データ.jp
9980504,9980504,余戸,愛媛県,松山市,松山市,松山市余戸中６,33.816173,132.733887,伊予鉄道郡中線,伊予鉄道,1,D,5,駅データ.jp
9980505,9980505,鎌田,愛媛県,松山市,松山市,松山市余戸南４,33.810115,132.729784,伊予鉄道郡中線,伊予鉄道,1,D,5,駅データ.jp
9980506,9980506,岡田,愛媛県,,,伊予郡松前町大字昌農内,33.799083,132.724271,伊予鉄道郡中線,伊予鉄道,1,D,5,駅データ.jp
9980507,9980507,古泉,愛媛県,,,伊予郡松前町大字西古泉,33.792539,132.717136,伊予鉄道郡中線,伊予鉄道,1,D,5,駅データ.jp
9980508,9980508,松前,愛媛県,,,伊予郡松前町大字浜,33.785965,132.705051,伊予鉄道郡中線,伊予鉄道,1,D,5,駅データ.jp
9980509,9980509,地蔵町,愛媛県,,,伊予郡松前町大字北黒田,33.779907,132.70429,伊予鉄道郡中線,伊予鉄道,1,D,5,駅データ.jp
9980510,9980510,新川,愛媛県,伊予市,伊予市,伊予市下吾川,33.772178,132.704148,伊予鉄道郡中線,伊予鉄道,1,D,5,駅データ.jp
9980511,9980511,郡中,愛媛県,伊予市,伊予市,伊予市下吾川,33.760734,132.70406,伊予鉄道郡中線,伊予鉄道,1,D,5,駅データ.jp
9980601,9980601,高浜,愛媛県,松山市,松山市,松山市高浜町１,33.883417,132.702177,伊予鉄道高浜線,伊予鉄道,1,D,5,駅データ.jp
9980602,9980602,梅津寺,愛媛県,松山市,松山市,松山市梅津寺町,33.874637,132.707595,伊予鉄道高浜線,伊予鉄道,1,D,5,駅データ.jp
9980603,9980603,港山,愛媛県,松山市,松山市,松山市港山町,33.869533,132.713405,伊予鉄道高浜線,伊予鉄道,1,D,5,駅データ.jp
9980604,9980604,三津,愛媛県,松山市,松山市,松山市三杉町,33.863864,132.720002,伊予鉄道高浜線,伊予鉄道,1,D,5,駅データ.jp
9980605,9980605,山西,愛媛県,松山市,松山市,松山市古三津町６,33.855301,132.724326,伊予鉄道高浜線,伊予鉄道,1,D,5,駅データ.jp
9980606,9980606,西衣山,愛媛県,松山市,松山市,松山市衣山４,33.850152,132.733989,伊予鉄道高浜線,伊予鉄道,1,D,5,駅データ.jp
9980607,9980607,衣山,愛媛県,松山市,松山市,松山市衣山２,33.8522,132.743997,伊予鉄道高浜線,伊予鉄道,1,D,5,駅データ.jp
9980608,9980608,古町,愛媛県,松山市,松山市,松山市平和通６,33.846978,132.754998,伊予鉄道環状線（１系統）|伊予鉄道環状線（２系統）|伊予鉄道高浜線,伊予鉄道,3,C,24,駅データ.jp
9980609,9980609,大手町,愛媛県,松山市,松山市,松山市大手町２,33.839726,132.755384,伊予鉄道松山駅前線（５系統）|伊予鉄道環状線（１系統）|伊予鉄道環状線（２系統）|伊予鉄道高浜線,伊予鉄道,4,C,30,駅データ.jp
9980702,9980702,石手川公園,愛媛県,松山市,松山市,松山市立花町１,33.831311,132.76935,伊予鉄道横河原線,伊予鉄道,1,D,5,駅データ.jp
9980703,9980703,いよ立花,愛媛県,松山市,松山市,松山市立花町２,33.827784,132.772944,伊予鉄道横河原線,伊予鉄道,1,D,5,駅データ.jp
9980704,9980704,福音寺,愛媛県,松山市,松山市,松山市福音寺町,33.82261,132.788931,伊予鉄道横河原線,伊予鉄道,1,D,5,駅データ.jp
9980705,9980705,北久米,愛媛県,松山市,松山市,松山市北久米町,33.819277,132.798664,伊予鉄道横河原線,伊予鉄道,1,D,5,駅データ.jp
9980706,9980706,久米,愛媛県,松山市,松山市,松山市南久米町,33.816036,132.804555,伊予鉄道横河原線,伊予鉄道,1,D,5,駅データ.jp
9980707,9980707,鷹ノ子,愛媛県,松山市,松山市,松山市鷹子町,33.812542,132.815301,伊予鉄道横河原線,伊予鉄道,1,D,5,駅データ.jp
9980708,9980708,平井,愛媛県,松山市,松山市,松山市平井町甲,33.808687,132.828617,伊予鉄道横河原線,伊予鉄道,1,D,5,駅データ.jp
9980709,9980709,梅本,愛媛県,松山市,松山市,松山市南梅本町甲,33.800944,132.839307,伊予鉄道横河原線,伊予鉄道,1,D,5,駅データ.jp
9980710,9980710,牛渕団地前,愛媛県,東温市,東温市,東温市牛渕,33.797739,132.846051,伊予鉄道横河原線,伊予鉄道,1,D,5,駅データ.jp
9980711,9980711,牛渕,愛媛県,東温市,東温市,東温市牛渕,33.795212,132.856112,伊予鉄道横河原線,伊予鉄道,1,D,5,駅データ.jp
9980712,9980712,田窪,愛媛県,東温市,東温市,東温市田窪,33.792948,132.865413,伊予鉄道横河原線,伊予鉄道,1,D,5,駅データ.jp
9980713,9980713,見奈良,愛媛県,東温市,東温市,東温市見奈良,33.792721,132.873374,伊予鉄道横河原線,伊予鉄道,1,D,5,駅データ.jp
9980714,9980714,愛大医学部南口,愛媛県,東温市,東温市,東温市志津川甲,33.797831,132.878659,伊予鉄道横河原線,伊予鉄道,1,D,5,駅データ.jp
9980715,9980715,横河原,愛媛県,東温市,東温市,東温市横河原,33.803353,132.88434,伊予鉄道横河原線,伊予鉄道,1,D,5,駅データ.jp
9980802,9980802,南堀端,愛媛県,松山市,松山市,松山市南堀端町,33.839213,132.761664,伊予鉄道市駅線（３系統）|伊予鉄道本町線（６系統）|伊予鉄道松山駅前線（５系統）|伊予鉄道環状線（１系統）|伊予鉄道環状線（２系統）,伊予鉄道,5,C,35,駅データ.jp
9980803,9980803,西堀端,愛媛県,松山市,松山市,松山市大手町１,33.840173,132.758688,伊予鉄道本町線（６系統）|伊予鉄道松山駅前線（５系統）|伊予鉄道環状線（１系統）|伊予鉄道環状線（２系統）,伊予鉄道,4,C,30,駅データ.jp
9980806,9980806,宮田町,愛媛県,松山市,松山市,松山市宮田町,33.843948,132.752626,伊予鉄道環状線（１系統）|伊予鉄道環状線（２系統）,伊予鉄道,2,D,15,駅データ.jp
9980808,9980808,萱町六丁目,愛媛県,松山市,松山市,松山市萱町６,33.851756,132.756226,伊予鉄道環状線（１系統）|伊予鉄道環状線（２系統）,伊予鉄道,2,D,15,駅データ.jp
9980809,9980809,本町六丁目,愛媛県,松山市,松山市,松山市本町６,33.853472,132.758473,伊予鉄道本町線（６系統）|伊予鉄道環状線（１系統）|伊予鉄道環状線（２系統）,伊予鉄道,3,C,24,駅データ.jp
9980810,9980810,木屋町,愛媛県,松山市,松山市,松山市木屋町３,33.853483,132.760776,伊予鉄道環状線（１系統）|伊予鉄道環状線（２系統）,伊予鉄道,2,D,15,駅データ.jp
9980811,9980811,高砂町,愛媛県,松山市,松山市,松山市高砂町２,33.851664,132.762464,伊予鉄道環状線（１系統）|伊予鉄道環状線（２系統）,伊予鉄道,2,D,15,駅データ.jp
9980812,9980812,清水町,愛媛県,松山市,松山市,松山市清水町２,33.849328,132.764281,伊予鉄道環状線（１系統）|伊予鉄道環状線（２系統）,伊予鉄道,2,D,15,駅データ.jp
9980813,9980813,鉄砲町,愛媛県,松山市,松山市,松山市鉄砲町,33.84829,132.769011,伊予鉄道環状線（１系統）|伊予鉄道環状線（２系統）,伊予鉄道,2,D,15,駅データ.jp
9980814,9980814,赤十字病院前,愛媛県,松山市,松山市,松山市文京町,33.848115,132.772383,伊予鉄道環状線（１系統）|伊予鉄道環状線（２系統）,伊予鉄道,2,D,15,駅データ.jp
9980815,9980815,平和通一丁目,愛媛県,松山市,松山市,松山市平和通１,33.847673,132.774452,伊予鉄道環状線（１系統）|伊予鉄道環状線（２系統）,伊予鉄道,2,D,15,駅データ.jp
9980816,9980816,上一万,愛媛県,松山市,松山市,松山市中一万町,33.846737,132.775502,伊予鉄道市駅線（３系統）|伊予鉄道松山駅前線（５系統）|伊予鉄道環状線（１系統）|伊予鉄道環状線（２系統）,伊予鉄道,4,C,30,駅データ.jp
9980817,9980817,警察署前,愛媛県,松山市,松山市,松山市勝山町２,33.844596,132.775354,伊予鉄道市駅線（３系統）|伊予鉄道松山駅前線（５系統）|伊予鉄道環状線（１系統）|伊予鉄道環状線（２系統）,伊予鉄道,4,C,30,駅データ.jp
9980818,9980818,勝山町,愛媛県,松山市,松山市,松山市勝山町２,33.841709,132.774818,伊予鉄道市駅線（３系統）|伊予鉄道松山駅前線（５系統）|伊予鉄道環状線（１系統）|伊予鉄道環状線（２系統）,伊予鉄道,4,C,30,駅データ.jp
9980819,9980819,大街道,愛媛県,松山市,松山市,松山市大街道,33.841103,132.769861,伊予鉄道市駅線（３系統）|伊予鉄道松山駅前線（５系統）|伊予鉄道環状線（１系統）|伊予鉄道環状線（２系統）,伊予鉄道,4,C,30,駅データ.jp
9980820,9980820,県庁前,愛媛県,松山市,松山市,松山市一番町,33.841067,132.766364,伊予鉄道市駅線（３系統）|伊予鉄道松山駅前線（５系統）|伊予鉄道環状線（１系統）|伊予鉄道環状線（２系統）,伊予鉄道,4,C,30,駅データ.jp
9980821,9980821,市役所前,愛媛県,松山市,松山市,松山市二番町,33.839926,132.764819,伊予鉄道市駅線（３系統）|伊予鉄道松山駅前線（５系統）|伊予鉄道環状線（１系統）|伊予鉄道環状線（２系統）,伊予鉄道,4,C,30,駅データ.jp
9981009,9981009,南町,愛媛県,松山市,松山市,松山市南町２,33.847412,132.779839,伊予鉄道市駅線（３系統）|伊予鉄道松山駅前線（５系統）,伊予鉄道,2,D,15,駅データ.jp
9981010,9981010,道後公園,愛媛県,,,松山市道後町１,33.848552,132.784989,伊予鉄道市駅線（３系統）|伊予鉄道松山駅前線（５系統）,伊予鉄道,2,D,15,駅データ.jp
9981011,9981011,道後温泉,愛媛県,,,松山市道後町１,33.850477,132.784817,伊予鉄道市駅線（３系統）|伊予鉄道松山駅前線（５系統）,伊予鉄道,2,D,15,駅データ.jp
9981202,9981202,本町五丁目,愛媛県,松山市,松山市,松山市本町５,33.851047,132.758853,伊予鉄道本町線（６系統）,伊予鉄道,1,D,5,駅データ.jp
9981203,9981203,本町四丁目,愛媛県,松山市,松山市,松山市本町４,33.847982,132.758789,伊予鉄道本町線（６系統）,伊予鉄道,1,D,5,駅データ.jp
9981204,9981204,本町三丁目,愛媛県,松山市,松山市,松山市本町３,33.84513,132.758853,伊予鉄道本町線（６系統）,伊予鉄道,1,D,5,駅データ.jp
9981403,9981403,荷稲,高知県,,,幡多郡黒潮町荷稲,33.132961,133.116316,中村線,土佐くろしお鉄道,1,D,5,駅データ.jp
9981404,9981404,伊与喜,高知県,,,幡多郡黒潮町伊与喜,33.105169,133.098519,中村線,土佐くろしお鉄道,1,D,5,駅データ.jp
9981405,9981405,土佐佐賀,高知県,,,幡多郡黒潮町佐賀,33.080905,133.101517,中村線,土佐くろしお鉄道,1,D,5,駅データ.jp
9981406,9981406,佐賀公園,高知県,,,幡多郡黒潮町佐賀,33.064604,133.106582,中村線,土佐くろしお鉄道,1,D,5,駅データ.jp
9981407,9981407,土佐白浜,高知県,,,幡多郡黒潮町白浜,33.05643,133.097452,中村線,土佐くろしお鉄道,1,D,5,駅データ.jp
9981408,9981408,有井川,高知県,,,幡多郡黒潮町有井川字塩屋ヶ原,33.038914,133.071258,中村線,土佐くろしお鉄道,1,D,5,駅データ.jp
9981409,9981409,土佐上川口,高知県,,,幡多郡黒潮町上川口字弓湯ノ谷,33.043013,133.056112,中村線,土佐くろしお鉄道,1,D,5,駅データ.jp
9981410,9981410,海の王迎,高知県,,,幡多郡黒潮町上川口字拾五代地１３１６-１,33.040407,133.046482,中村線,土佐くろしお鉄道,1,D,5,駅データ.jp
9981411,9981411,浮鞭,高知県,,,幡多郡黒潮町浮鞭字丸田,33.039516,133.029856,中村線,土佐くろしお鉄道,1,D,5,駅データ.jp
9981412,9981412,土佐入野,高知県,,,幡多郡黒潮町入野字厩尻,33.023866,133.011636,中村線,土佐くろしお鉄道,1,D,5,駅データ.jp
9981413,9981413,西大方,高知県,,,幡多郡黒潮町上田の口字下新田,33.008912,132.986967,中村線,土佐くろしお鉄道,1,D,5,駅データ.jp
9981414,9981414,古津賀,高知県,四万十市,四万十市,四万十市古津賀道廣,32.985744,132.962036,中村線,土佐くろしお鉄道,1,D,5,駅データ.jp
9981415,9981415,中村,高知県,四万十市,四万十市,四万十市駅前町,32.984641,132.943927,中村線|宿毛線,土佐くろしお鉄道,2,D,15,駅データ.jp
9981502,9981502,具同,高知県,四万十市,四万十市,四万十市具同,32.9794,132.915473,宿毛線,土佐くろしお鉄道,1,D,5,駅データ.jp
9981503,9981503,国見,高知県,四万十市,四万十市,四万十市国見,32.978932,132.883716,宿毛線,土佐くろしお鉄道,1,D,5,駅データ.jp
9981504,9981504,有岡,高知県,四万十市,四万十市,四万十市有岡,32.961229,132.833077,宿毛線,土佐くろしお鉄道,1,D,5,駅データ.jp
9981505,9981505,工業団地,高知県,宿毛市,宿毛市,宿毛市平田町字扇,32.95632,132.801931,宿毛線,土佐くろしお鉄道,1,D,5,駅データ.jp
9981506,9981506,平田,高知県,宿毛市,宿毛市,宿毛市平田町戸内,32.955639,132.794977,宿毛線,土佐くろしお鉄道,1,D,5,駅データ.jp
9981507,9981507,東宿毛,高知県,宿毛市,宿毛市,宿毛市宿毛字鎌田,32.933673,132.728736,宿毛線,土佐くろしお鉄道,1,D,13,駅データ.jp
9981508,9981508,宿毛,高知県,宿毛市,宿毛市,宿毛市駅前町１,32.932534,132.71364,宿毛線,土佐くろしお鉄道,1,D,13,駅データ.jp
9981602,9981602,後免町,高知県,南国市,南国市,南国市大よう甲１２１２-１,33.574472,133.650821,ごめん・なはり線|ごめん線,土佐くろしお鉄道|土佐電気鉄道,2,D,15,駅データ.jp
9981603,9981603,立田,高知県,南国市,南国市,南国市立田字神木内６０３-２,33.57073,133.670627,ごめん・なはり線,土佐くろしお鉄道,1,D,5,駅データ.jp
9981604,9981604,のいち,高知県,香南市,香南市,香南市野市町西野２０５６-２,33.561649,133.698366,ごめん・なはり線,土佐くろしお鉄道,1,D,5,駅データ.jp
9981605,9981605,よしかわ,高知県,香南市,香南市,香南市吉川町古川字九六山５４２-１,33.546089,133.710352,ごめん・なはり線,土佐くろしお鉄道,1,D,5,駅データ.jp
9981606,9981606,あかおか,高知県,香南市,香南市,香南市赤岡町字西浜３７４-１,33.539893,133.721859,ごめん・なはり線,土佐くろしお鉄道,1,D,5,駅データ.jp
9981607,9981607,香我美,高知県,香南市,香南市,香南市香我美町岸本字ルノ丸３２９-１,33.539152,133.73723,ごめん・なはり線,土佐くろしお鉄道,1,D,5,駅データ.jp
9981608,9981608,夜須,高知県,香南市,香南市,高知県香南市夜須町千切573-39,33.534347,133.754506,ごめん・なはり線,土佐くろしお鉄道,1,D,5,駅データ.jp
9981609,9981609,西分,高知県,,,安芸郡芸西村西分甲５０８２-２,33.518015,133.790772,ごめん・なはり線,土佐くろしお鉄道,1,D,5,駅データ.jp
9981610,9981610,和食,高知県,,,安芸郡芸西村和食甲９６-１,33.51784,133.809739,ごめん・なはり線,土佐くろしお鉄道,1,D,5,駅データ.jp
9981611,9981611,赤野,高知県,安芸市,安芸市,安芸市赤野乙外浜田２９３３,33.516,133.825026,ごめん・なはり線,土佐くろしお鉄道,1,D,5,駅データ.jp
9981612,9981612,穴内,高知県,安芸市,安芸市,安芸市穴内乙内浜田２３４,33.506069,133.864204,ごめん・なはり線,土佐くろしお鉄道,1,D,5,駅データ.jp
9981613,9981613,球場前,高知県,安芸市,安芸市,安芸市桜ケ丘町２２５０番地,33.502635,133.891265,ごめん・なはり線,土佐くろしお鉄道,1,D,5,駅データ.jp
9981614,9981614,安芸,高知県,安芸市,安芸市,安芸市東浜下柿ノ木２９４,33.504738,133.906538,ごめん・なはり線,土佐くろしお鉄道,1,D,13,駅データ.jp
9981615,9981615,伊尾木,高知県,安芸市,安芸市,安芸市伊尾木字ホヲノスカ５５２番地１５,33.490952,133.929158,ごめん・なはり線,土佐くろしお鉄道,1,D,5,駅データ.jp
9981616,9981616,下山,高知県,安芸市,安芸市,安芸市下山カシ原３８６,33.458267,133.94837,ごめん・なはり線,土佐くろしお鉄道,1,D,5,駅データ.jp
9981617,9981617,唐浜,高知県,,,安芸郡安田町唐浜６９２-１,33.446036,133.966263,ごめん・なはり線,土佐くろしお鉄道,1,D,5,駅データ.jp
9981618,9981618,安田,高知県,,,安芸郡安田町西島４３-１,33.443359,133.984151,ごめん・なはり線,土佐くろしお鉄道,1,D,5,駅データ.jp
9981619,9981619,田野,高知県,,,安芸郡田野町北町字上島田１４３０-１,33.4303,134.008207,ごめん・なはり線,土佐くろしお鉄道,1,D,5,駅データ.jp
9981620,9981620,奈半利,高知県,,,安芸郡奈半利町字水門乙４７７９-３,33.425187,134.018269,ごめん・なはり線,土佐くろしお鉄道,1,D,5,駅データ.jp
9981621,9981621,あき総合病院前,高知県,安芸市,安芸市,安芸市染井町,33.504389,133.897694,ごめん・なはり線,土佐くろしお鉄道,1,D,5,駅データ.jp
9981702,9981702,後免東町,高知県,南国市,南国市,南国市後免町東町,33.574526,133.648137,ごめん線,土佐電気鉄道,1,D,5,駅データ.jp
9981703,9981703,後免中町,高知県,南国市,南国市,南国市後免町２,33.575548,133.645527,ごめん線,土佐電気鉄道,1,D,5,駅データ.jp
9981704,9981704,後免西町,高知県,南国市,南国市,南国市日吉町１,33.575869,133.642652,ごめん線,土佐電気鉄道,1,D,5,駅データ.jp
9981705,9981705,東工業前,高知県,南国市,南国市,南国市篠原字北大窪,33.576442,133.638446,ごめん線,土佐電気鉄道,1,D,5,駅データ.jp
9981706,9981706,住吉通,高知県,南国市,南国市,南国市東野,33.576656,133.636515,ごめん線,土佐電気鉄道,1,D,5,駅データ.jp
9981707,9981707,篠原,高知県,南国市,南国市,南国市若宮,33.577228,133.631022,ごめん線,土佐電気鉄道,1,D,5,駅データ.jp
9981708,9981708,小篭通,高知県,南国市,南国市,南国市南小籠,33.57637,133.625786,ごめん線,土佐電気鉄道,1,D,5,駅データ.jp
9981709,9981709,長崎,高知県,高知市,高知市,高知市大津字長崎,33.575119,133.620722,ごめん線,土佐電気鉄道,1,A,60,駅データ.jp
9981710,9981710,明見橋,高知県,高知市,高知市,高知市大津字長崎,33.574582,133.617589,ごめん線,土佐電気鉄道,1,D,5,駅データ.jp
9981712,9981712,清和学園前,高知県,高知市,高知市,高知市大津字長崎,33.57502,133.61244,ごめん線,土佐電気鉄道,1,D,5,駅データ.jp
9981713,9981713,領石通,高知県,高知市,高知市,高知市大津字関,33.574332,133.607805,ごめん線,土佐電気鉄道,1,D,5,駅データ.jp
9981714,9981714,北浦,高知県,高知市,高知市,高知市大津字北浦,33.57376,133.603728,ごめん線,土佐電気鉄道,1,D,5,駅データ.jp
9981715,9981715,舟戸,高知県,高知市,高知市,高知市大津字舟戸,33.570613,133.599522,ごめん線,土佐電気鉄道,1,D,5,駅データ.jp
9981716,9981716,鹿児,高知県,高知市,高知市,高知市大津字鹿児,33.567216,133.597033,ごめん線,土佐電気鉄道,1,D,5,駅データ.jp
9981717,9981717,田辺島通,高知県,高知市,高知市,高知市大津字田辺島,33.566644,133.593214,ごめん線,土佐電気鉄道,1,D,5,駅データ.jp
9981718,9981718,東新木,高知県,高知市,高知市,高知市高須字六塩田,33.564141,133.589609,ごめん線,土佐電気鉄道,1,D,5,駅データ.jp
9981719,9981719,新木,高知県,高知市,高知市,高知市高須字新木,33.562568,133.586948,ごめん線,土佐電気鉄道,1,D,5,駅データ.jp
9981720,9981720,介良通,高知県,高知市,高知市,高知市高須字高須,33.560243,133.583386,ごめん線,土佐電気鉄道,1,D,5,駅データ.jp
9981721,9981721,文珠通,高知県,高知市,高知市,高知市高須字高須,33.559421,133.579524,ごめん線,土佐電気鉄道,1,D,5,駅データ.jp
9981722,9981722,高須,高知県,高知市,高知市,高知市高須字高須,33.559349,133.576691,ごめん線,土佐電気鉄道,1,D,5,駅データ.jp
9981723,9981723,県立美術館通,高知県,高知市,高知市,高知市高須新町１,33.559134,133.575618,ごめん線,土佐電気鉄道,1,D,5,駅データ.jp
9981724,9981724,西高須,高知県,高知市,高知市,高知市高須,33.558348,133.573129,ごめん線,土佐電気鉄道,1,D,5,駅データ.jp
9981725,9981725,葛島橋東詰,高知県,高知市,高知市,高知市高須字万島,33.557024,133.569739,ごめん線,土佐電気鉄道,1,D,5,駅データ.jp
9981726,9981726,知寄町三丁目,高知県,高知市,高知市,高知市知寄町三丁目,33.557597,133.565168,ごめん線,土佐電気鉄道,1,D,5,駅データ.jp
9981727,9981727,知寄町,高知県,高知市,高知市,高知市知寄町二丁目,33.557883,133.561757,ごめん線,土佐電気鉄道,1,D,5,駅データ.jp
9981728,9981728,知寄町二丁目,高知県,高知市,高知市,高知市知寄町二丁目,33.558097,133.55989,ごめん線,土佐電気鉄道,1,D,5,駅データ.jp
9981729,9981729,知寄町一丁目,高知県,高知市,高知市,高知市知寄町一丁目,33.558419,133.556693,ごめん線,土佐電気鉄道,1,D,5,駅データ.jp
9981730,9981730,宝永町,高知県,高知市,高知市,高知市宝永町,33.558777,133.55371,ごめん線,土佐電気鉄道,1,D,5,駅データ.jp
9981731,9981731,菜園場町,高知県,高知市,高知市,高知市菜園場町,33.559063,133.548625,ごめん線,土佐電気鉄道,1,D,5,駅データ.jp
9981732,9981732,デンテツターミナルビル前,高知県,高知市,高知市,高知市はりまや町１,33.55926,133.545964,ごめん線,土佐電気鉄道,1,D,5,駅データ.jp
9981733,9981733,はりまや橋,高知県,高知市,高知市,高知市はりまや町１,33.559617,133.542852,ごめん線|伊野線|桟橋線,土佐電気鉄道,3,C,24,駅データ.jp
9981802,9981802,堀詰,高知県,高知市,高知市,高知市本町１,33.559546,133.539441,伊野線,土佐電気鉄道,1,D,5,駅データ.jp
9981803,9981803,大橋通,高知県,高知市,高知市,高知市本町２,33.558974,133.536415,伊野線,土佐電気鉄道,1,D,5,駅データ.jp
9981804,9981804,高知城前,高知県,高知市,高知市,高知市本町４,33.558491,133.534248,伊野線,土佐電気鉄道,1,D,13,駅データ.jp
9981805,9981805,県庁前,高知県,高知市,高知市,高知市本町５,33.55799,133.531222,伊野線,土佐電気鉄道,1,D,5,駅データ.jp
9981806,9981806,グランド通,高知県,高知市,高知市,高知市本町５,33.55774,133.529356,伊野線,土佐電気鉄道,1,D,5,駅データ.jp
9981807,9981807,枡形,高知県,高知市,高知市,高知市升形,33.557382,133.527145,伊野線,土佐電気鉄道,1,D,5,駅データ.jp
9981808,9981808,上町一丁目,高知県,高知市,高知市,高知市上町１,33.557489,133.525107,伊野線,土佐電気鉄道,1,D,5,駅データ.jp
9981809,9981809,上町二丁目,高知県,高知市,高知市,高知市上町２,33.557382,133.522897,伊野線,土佐電気鉄道,1,D,5,駅データ.jp
9981810,9981810,上町四丁目,高知県,高知市,高知市,高知市上町４,33.557382,133.519657,伊野線,土佐電気鉄道,1,D,5,駅データ.jp
9981811,9981811,上町五丁目,高知県,高知市,高知市,高知市上町５,33.557275,133.516674,伊野線,土佐電気鉄道,1,D,5,駅データ.jp
9981812,9981812,旭町一丁目,高知県,高知市,高知市,高知市旭町１,33.556774,133.51352,伊野線,土佐電気鉄道,1,D,5,駅データ.jp
9981813,9981813,旭駅前通,高知県,高知市,高知市,高知市旭町３,33.555987,133.509636,伊野線,土佐電気鉄道,1,D,5,駅データ.jp
9981814,9981814,旭町三丁目,高知県,高知市,高知市,高知市旭町３,33.555701,133.506482,伊野線,土佐電気鉄道,1,D,5,駅データ.jp
9981815,9981815,蛍橋,高知県,高知市,高知市,高知市旭町３,33.555487,133.502641,伊野線,土佐電気鉄道,1,D,5,駅データ.jp
9981816,9981816,鏡川橋,高知県,高知市,高知市,高知市本宮町字水神通,33.555665,133.498456,伊野線,土佐電気鉄道,1,D,5,駅データ.jp
9981817,9981817,鴨部,高知県,高知市,高知市,高知市鴨部高町,33.552232,133.497276,伊野線,土佐電気鉄道,1,D,5,駅データ.jp
9981818,9981818,曙町東町,高知県,高知市,高知市,高知市朝倉乙,33.551624,133.493307,伊野線,土佐電気鉄道,1,D,5,駅データ.jp
9981819,9981819,曙町,高知県,高知市,高知市,高知市朝倉乙,33.551159,133.490946,伊野線,土佐電気鉄道,1,D,5,駅データ.jp
9981820,9981820,朝倉,高知県,高知市,高知市,高知県高知市朝倉丙133-2,33.550712,133.488157,伊野線,土佐電気鉄道,1,D,5,駅データ.jp
9981822,9981822,朝倉神社前,高知県,高知市,高知市,高知市朝倉字宮の前,33.551892,133.481097,伊野線,土佐電気鉄道,1,D,5,駅データ.jp
9981823,9981823,宮の奥,高知県,高知市,高知市,高知市朝倉字宮の奥,33.552357,133.475883,伊野線,土佐電気鉄道,1,D,5,駅データ.jp
9981824,9981824,咥内,高知県,高知市,高知市,高知市朝倉字咥内,33.552393,133.470454,伊野線,土佐電気鉄道,1,D,5,駅データ.jp
9981825,9981825,宇治団地前,高知県,,,吾川郡いの町枝川,33.551928,133.461227,伊野線,土佐電気鉄道,1,D,5,駅データ.jp
9981826,9981826,八代通,高知県,,,吾川郡いの町枝川東浦,33.552214,133.456399,伊野線,土佐電気鉄道,1,D,5,駅データ.jp
9981827,9981827,中山,高知県,,,吾川郡いの町枝川西浦,33.551857,133.452644,伊野線,土佐電気鉄道,1,D,5,駅データ.jp
9981829,9981829,伊野商業前,高知県,,,吾川郡いの町字桑ノ木,33.550569,133.444362,伊野線,土佐電気鉄道,1,D,5,駅データ.jp
9981830,9981830,北山,高知県,,,吾川郡いの町北山,33.549425,133.438504,伊野線,土佐電気鉄道,1,D,5,駅データ.jp
9981831,9981831,鳴谷,高知県,,,吾川郡いの町駅東町,33.548852,133.433032,伊野線,土佐電気鉄道,1,D,5,駅データ.jp
9981833,9981833,伊野,高知県,,,高知県吾川郡いの町1419-3,33.548602,133.428397,伊野線,土佐電気鉄道,1,D,5,駅データ.jp
9981834,9981834,北内,高知県,,,吾川郡いの町北大内４３２-３地先,33.549961,133.441336,伊野線,土佐電気鉄道,1,D,5,駅データ.jp
9981902,9981902,高知橋,高知県,高知市,高知市,高知市駅前町,33.564284,133.543442,桟橋線,土佐電気鉄道,1,D,13,駅データ.jp
9981903,9981903,蓮池町通,高知県,高知市,高知市,高知市はりまや町３,33.561066,133.543035,桟橋線,土佐電気鉄道,1,D,5,駅データ.jp
9981905,9981905,梅の辻,高知県,高知市,高知市,高知市梅ノ辻,33.554181,133.543485,桟橋線,土佐電気鉄道,1,D,5,駅データ.jp
9981906,9981906,桟橋通一丁目,高知県,高知市,高知市,高知市桟橋通１,33.55157,133.545352,桟橋線,土佐電気鉄道,1,D,5,駅データ.jp
9981907,9981907,桟橋通二丁目,高知県,高知市,高知市,高知市桟橋通２,33.549156,133.546886,桟橋線,土佐電気鉄道,1,D,5,駅データ.jp
9981908,9981908,桟橋通三丁目,高知県,高知市,高知市,高知市桟橋通３,33.547082,133.548303,桟橋線,土佐電気鉄道,1,D,5,駅データ.jp
9981909,9981909,桟橋通四丁目,高知県,高知市,高知市,高知市桟橋通４,33.544668,133.549933,桟橋線,土佐電気鉄道,1,D,5,駅データ.jp
9981910,9981910,桟橋車庫前,高知県,高知市,高知市,高知市桟橋通四丁目,33.541073,133.552315,桟橋線,土佐電気鉄道,1,D,5,駅データ.jp
9981911,9981911,桟橋通五丁目,高知県,高知市,高知市,高知市桟橋通５,33.540286,133.552938,桟橋線,土佐電気鉄道,1,D,5,駅データ.jp
9990102,9990102,立野,佐賀県,,,三養基郡基山町長野字立野,33.412412,130.539573,甘木鉄道甘木線,甘木鉄道,1,D,5,駅データ.jp
9990104,9990104,大板井,福岡県,小郡市,小郡市,小郡市大板井字屋敷,33.398452,130.560727,甘木鉄道甘木線,甘木鉄道,1,D,5,駅データ.jp
9990105,9990105,松崎,福岡県,小郡市,小郡市,小郡市大字松崎上岩田字大添,33.399654,130.582047,甘木鉄道甘木線,甘木鉄道,1,D,5,駅データ.jp
9990106,9990106,今隈,福岡県,小郡市,小郡市,小郡市山隈１２６-２,33.404237,130.594426,甘木鉄道甘木線,甘木鉄道,1,D,5,駅データ.jp
9990107,9990107,西太刀洗,福岡県,,,三井郡大刀洗町大字高樋字西奥野,33.40774,130.599153,甘木鉄道甘木線,甘木鉄道,1,D,5,駅データ.jp
9990108,9990108,山隈,福岡県,,,朝倉郡筑前町山隈,33.414076,130.609964,甘木鉄道甘木線,甘木鉄道,1,D,5,駅データ.jp
9990109,9990109,太刀洗,福岡県,,,朝倉郡筑前町高田,33.413868,130.618768,甘木鉄道甘木線,甘木鉄道,1,D,5,駅データ.jp
9990110,9990110,高田,福岡県,,,朝倉郡筑前町高田,33.414218,130.63402,甘木鉄道甘木線,甘木鉄道,1,D,5,駅データ.jp
9990202,9990202,南直方御殿口,福岡県,直方市,直方市,直方市大字直方１８３-２,33.738729,130.724903,伊田線,平成筑豊鉄道,1,D,13,駅データ.jp
9990203,9990203,あかぢ,福岡県,,,鞍手郡小竹町大字赤地,33.727366,130.72455,伊田線,平成筑豊鉄道,1,D,5,駅データ.jp
9990204,9990204,藤棚,福岡県,直方市,直方市,直方市大字下境,33.722017,130.735291,伊田線,平成筑豊鉄道,1,D,5,駅データ.jp
9990205,9990205,中泉,福岡県,直方市,直方市,直方市大字中泉,33.720992,130.742871,伊田線,平成筑豊鉄道,1,D,5,駅データ.jp
9990206,9990206,市場,福岡県,田川郡福智町市,田川郡福智町市,田川郡福智町市場,33.708074,130.759328,伊田線,平成筑豊鉄道,1,D,5,駅データ.jp
9990207,9990207,ふれあい生力,福岡県,,,田川郡福智町赤池,33.700112,130.765567,伊田線,平成筑豊鉄道,1,D,5,駅データ.jp
9990208,9990208,赤池,福岡県,,,田川郡福智町赤池,33.69206,130.768675,伊田線,平成筑豊鉄道,1,D,5,駅データ.jp
9990209,9990209,人見,福岡県,,,田川郡福智町金田,33.687316,130.771105,伊田線,平成筑豊鉄道,1,D,5,駅データ.jp
9990210,9990210,金田,福岡県,,,田川郡福智町金田,33.682805,130.776491,伊田線|糸田線,平成筑豊鉄道,2,D,15,駅データ.jp
9990211,9990211,上金田,福岡県,,,田川郡福智町金田,33.672435,130.789172,伊田線,平成筑豊鉄道,1,D,5,駅データ.jp
9990212,9990212,糒,福岡県,田川市,田川市,田川市大字糒,33.664744,130.799177,伊田線,平成筑豊鉄道,1,D,5,駅データ.jp
9990213,9990213,田川市立病院,福岡県,田川市,田川市,田川市大字糒１７２２-３,33.660436,130.802697,伊田線,平成筑豊鉄道,1,D,13,駅データ.jp
9990214,9990214,下伊田,福岡県,田川市,田川市,田川市伊田,33.651965,130.807016,伊田線,平成筑豊鉄道,1,D,5,駅データ.jp
9990302,9990302,豊前大熊,福岡県,,,田川郡糸田町大字糸田,33.672646,130.780387,糸田線,平成筑豊鉄道,1,D,5,駅データ.jp
9990303,9990303,松山,福岡県,,,田川郡糸田町糸田,33.668496,130.780537,糸田線,平成筑豊鉄道,1,C,20,駅データ.jp
9990304,9990304,糸田,福岡県,,,田川郡糸田町大字糸田,33.656481,130.785773,糸田線,平成筑豊鉄道,1,D,5,駅データ.jp
9990305,9990305,大藪,福岡県,田川市,田川市,田川市大字川宮,33.64712,130.797642,糸田線,平成筑豊鉄道,1,D,5,駅データ.jp
9990402,9990402,上伊田,福岡県,田川市,田川市,田川市大字伊田１１９５-２,33.648079,130.83017,田川線,平成筑豊鉄道,1,D,5,駅データ.jp
9990403,9990403,勾金,福岡県,,,田川郡香春町大字中津原,33.651568,130.841939,田川線,平成筑豊鉄道,1,D,5,駅データ.jp
9990404,9990404,柿下温泉口,福岡県,,,田川郡香春町柿下,33.651593,130.854116,田川線,平成筑豊鉄道,1,D,5,駅データ.jp
9990405,9990405,内田,福岡県,,,田川郡赤村大字内田,33.637367,130.864302,田川線,平成筑豊鉄道,1,D,5,駅データ.jp
9990406,9990406,赤,福岡県,,,田川郡赤村大字内田,33.617703,130.871827,田川線,平成筑豊鉄道,1,D,5,駅データ.jp
9990407,9990407,油須原,福岡県,,,田川郡赤村大字赤,33.612765,130.884384,田川線,平成筑豊鉄道,1,D,5,駅データ.jp
9990408,9990408,源じいの森,福岡県,,,田川郡赤村赤,33.616179,130.895972,田川線,平成筑豊鉄道,1,D,5,駅データ.jp
9990409,9990409,崎山,福岡県,,,京都郡みやこ町犀川崎山,33.636285,130.917903,田川線,平成筑豊鉄道,1,D,5,駅データ.jp
9990410,9990410,犀川,福岡県,,,京都郡みやこ町犀川本庄,33.650689,130.939337,田川線,平成筑豊鉄道,1,D,5,駅データ.jp
9990411,9990411,東犀川三四郎,福岡県,,,京都郡みやこ町犀川続命院,33.661385,130.948966,田川線,平成筑豊鉄道,1,D,5,駅データ.jp
9990412,9990412,新豊津,福岡県,,,京都郡みやこ町彦徳,33.679717,130.963987,田川線,平成筑豊鉄道,1,D,5,駅データ.jp
9990413,9990413,豊津,福岡県,行橋市,行橋市,行橋市大字矢留,33.687505,130.962984,田川線,平成筑豊鉄道,1,D,5,駅データ.jp
9990414,9990414,今川河童,福岡県,行橋市,行橋市,行橋市大字流末,33.702983,130.965517,田川線,平成筑豊鉄道,1,D,5,駅データ.jp
9990415,9990415,美夜古泉,福岡県,行橋市,行橋市,行橋市大字福富,33.709108,130.969052,田川線,平成筑豊鉄道,1,D,5,駅データ.jp
9990417,9990417,令和コスタ行橋,福岡県,行橋市,行橋市,福岡県行橋市西泉6丁目2736-4,33.716389,130.973278,田川線,平成筑豊鉄道,1,D,13,駅データ.jp
9990501,9990501,福岡空港,福岡県,福岡市,福岡市博多区,福岡市博多区大字下臼井,33.59718,130.448501,福岡市営地下鉄空港線,福岡市交通局,1,D,5,駅データ.jp
9990502,9990502,東比恵,福岡県,福岡市,福岡市博多区,福岡市博多区東比恵２丁目,33.589958,130.43128,福岡市営地下鉄空港線,福岡市交通局,1,D,5,駅データ.jp
9990504,9990504,祇園,福岡県,福岡市,福岡市博多区,福岡市博多区御供所町,33.594124,130.414614,福岡市営地下鉄空港線,福岡市交通局,1,D,5,駅データ.jp
9990505,9990505,中洲川端,福岡県,福岡市,福岡市博多区,福岡市博多区上川端町,33.594749,130.406418,福岡市営地下鉄空港線|福岡市営地下鉄箱崎線,福岡市交通局,2,D,15,駅データ.jp
9990506,9990506,天神,福岡県,福岡市,福岡市中央区,福岡市中央区天神２丁目,33.591346,130.39906,福岡市営地下鉄空港線,福岡市交通局,1,S,80,駅データ.jp
9990507,9990507,赤坂,福岡県,福岡市,福岡市中央区,福岡市中央区赤坂１丁目,33.589124,130.391005,福岡市営地下鉄空港線,福岡市交通局,1,D,5,駅データ.jp
9990508,9990508,大濠公園,福岡県,福岡市,福岡市中央区,福岡市中央区大手門１丁目,33.589957,130.378784,福岡市営地下鉄空港線,福岡市交通局,1,D,5,駅データ.jp
9990509,9990509,唐人町,福岡県,福岡市,福岡市中央区,福岡市中央区唐人町１丁目,33.590235,130.370451,福岡市営地下鉄空港線,福岡市交通局,1,D,5,駅データ.jp
9990510,9990510,西新,福岡県,福岡市,福岡市早良区,福岡市早良区西新３丁目,33.583846,130.359619,福岡市営地下鉄空港線,福岡市交通局,1,D,5,駅データ.jp
9990511,9990511,藤崎,福岡県,福岡市,福岡市早良区,福岡市早良区百道２丁目,33.581347,130.348231,福岡市営地下鉄空港線,福岡市交通局,1,D,5,駅データ.jp
9990512,9990512,室見,福岡県,福岡市,福岡市早良区,福岡市早良区室見１丁目,33.581069,130.340176,福岡市営地下鉄空港線,福岡市交通局,1,D,5,駅データ.jp
9990602,9990602,呉服町,福岡県,福岡市,福岡市博多区,福岡市博多区綱場町,33.59829,130.409892,福岡市営地下鉄箱崎線,福岡市交通局,1,D,5,駅データ.jp
9990603,9990603,千代県庁口,福岡県,福岡市,福岡市博多区,福岡市博多区千代４,33.602456,130.414336,福岡市営地下鉄箱崎線,福岡市交通局,1,D,5,駅データ.jp
9990604,9990604,馬出九大病院前,福岡県,福岡市,福岡市東区,福岡市東区馬出２,33.6094,130.419336,福岡市営地下鉄箱崎線,福岡市交通局,1,D,5,駅データ.jp
9990605,9990605,箱崎宮前,福岡県,福岡市,福岡市東区,福岡市東区馬出４,33.615788,130.419613,福岡市営地下鉄箱崎線,福岡市交通局,1,D,5,駅データ.jp
9990606,9990606,箱崎九大前,福岡県,福岡市,福岡市東区,福岡市東区箱崎３,33.622177,130.421002,福岡市営地下鉄箱崎線,福岡市交通局,1,D,5,駅データ.jp
9990701,9990701,橋本,福岡県,福岡市,福岡市西区,福岡市西区橋本２丁目,33.555205,130.321064,福岡市営地下鉄七隈線,福岡市交通局,1,D,5,駅データ.jp
9990702,9990702,次郎丸,福岡県,福岡市,福岡市早良区,福岡市早良区次郎丸,33.552497,130.329538,福岡市営地下鉄七隈線,福岡市交通局,1,D,5,駅データ.jp
9990703,9990703,賀茂,福岡県,福岡市,福岡市早良区,福岡市早良区賀茂,33.55048,130.337879,福岡市営地下鉄七隈線,福岡市交通局,1,D,5,駅データ.jp
9990704,9990704,野芥,福岡県,福岡市,福岡市早良区,福岡市早良区野芥,33.548111,130.347007,福岡市営地下鉄七隈線,福岡市交通局,1,D,5,駅データ.jp
9990705,9990705,梅林,福岡県,福岡市,福岡市城南区,福岡市城南区梅林四丁目,33.545806,130.35494,福岡市営地下鉄七隈線,福岡市交通局,1,D,5,駅データ.jp
9990706,9990706,福大前,福岡県,福岡市,福岡市城南区,福岡市城南区七隈,33.54747,130.362228,福岡市営地下鉄七隈線,福岡市交通局,1,D,5,駅データ.jp
9990707,9990707,七隈,福岡県,福岡市,福岡市城南区,福岡市城南区七隈,33.552819,130.361628,福岡市営地下鉄七隈線,福岡市交通局,1,D,5,駅データ.jp
9990708,9990708,金山,福岡県,福岡市,福岡市城南区,福岡市城南区金山団地,33.559371,130.361561,福岡市営地下鉄七隈線,福岡市交通局,1,A,60,駅データ.jp
9990709,9990709,茶山,福岡県,福岡市,福岡市城南区,福岡市城南区茶山,33.566065,130.36543,福岡市営地下鉄七隈線,福岡市交通局,1,D,5,駅データ.jp
9990710,9990710,別府,福岡県,福岡市,福岡市城南区,福岡市城南区別府,33.57417,130.369629,福岡市営地下鉄七隈線,福岡市交通局,1,D,5,駅データ.jp
9990711,9990711,六本松,福岡県,福岡市,福岡市中央区,福岡市中央区六本松,33.577678,130.377287,福岡市営地下鉄七隈線,福岡市交通局,1,D,5,駅データ.jp
9990712,9990712,桜坂,福岡県,福岡市,福岡市中央区,福岡市中央区桜坂,33.577292,130.386819,福岡市営地下鉄七隈線,福岡市交通局,1,D,5,駅データ.jp
9990713,9990713,薬院大通,福岡県,福岡市,福岡市中央区,福岡市中央区薬院,33.580406,130.396158,福岡市営地下鉄七隈線,福岡市交通局,1,D,5,駅データ.jp
9990715,9990715,渡辺通,福岡県,福岡市,福岡市中央区,福岡市中央区渡辺通,33.583969,130.404843,福岡市営地下鉄七隈線,福岡市交通局,1,D,5,駅データ.jp
9990716,9990716,天神南,福岡県,福岡市,福岡市中央区,福岡市中央区渡辺通,33.588197,130.401727,福岡市営地下鉄七隈線,福岡市交通局,1,D,5,駅データ.jp
9990717,9990717,櫛田神社前,福岡県,福岡市,福岡市博多区,福岡市博多区祇園町,33.591694,130.410917,福岡市営地下鉄七隈線,福岡市交通局,1,D,5,駅データ.jp
9990802,9990802,平和通,福岡県,北九州市,北九州市小倉北区,北九州市小倉北区魚町２,33.883159,130.881246,北九州モノレール,北九州高速鉄道,1,D,5,駅データ.jp
9990803,9990803,旦過,福岡県,北九州市,北九州市小倉北区,北九州市小倉北区魚町４,33.880623,130.880194,北九州モノレール,北九州高速鉄道,1,D,5,駅データ.jp
9990804,9990804,香春口三萩野,福岡県,北九州市,北九州市小倉北区,北九州市小倉北区香春口１,33.873174,130.880563,北九州モノレール,北九州高速鉄道,1,D,5,駅データ.jp
9990805,9990805,片野,福岡県,北九州市,北九州市小倉北区,北九州市小倉北区東篠崎１,33.865511,130.880039,北九州モノレール,北九州高速鉄道,1,D,5,駅データ.jp
9990806,9990806,城野,福岡県,北九州市,北九州市小倉南区,北九州市小倉南区富士見三丁目,33.858398,130.879601,北九州モノレール,北九州高速鉄道,1,D,5,駅データ.jp
9990807,9990807,北方,福岡県,北九州市,北九州市小倉南区,北九州市小倉南区北方３,33.84908,130.878039,北九州モノレール,北九州高速鉄道,1,D,5,駅データ.jp
9990808,9990808,競馬場前,福岡県,北九州市,北九州市小倉南区,北九州市小倉南区北方４,33.842878,130.876526,北九州モノレール,北九州高速鉄道,1,D,5,駅データ.jp
9990809,9990809,守恒,福岡県,北九州市,北九州市小倉南区,北九州市小倉南区守恒本町１,33.836648,130.87287,北九州モノレール,北九州高速鉄道,1,D,5,駅データ.jp
9990810,9990810,徳力公団前,福岡県,北九州市,北九州市小倉南区,北九州市小倉南区徳力１,33.830421,130.867554,北九州モノレール,北九州高速鉄道,1,D,5,駅データ.jp
9990811,9990811,徳力嵐山口,福岡県,北九州市,北九州市小倉南区,北九州市小倉南区徳力６,33.824744,130.863694,北九州モノレール,北九州高速鉄道,1,D,5,駅データ.jp
9990812,9990812,志井,福岡県,北九州市,北九州市小倉南区,北九州市小倉南区大字志井,33.822556,130.871345,北九州モノレール,北九州高速鉄道,1,D,5,駅データ.jp
9990813,9990813,企救丘,福岡県,北九州市,北九州市小倉南区,北九州市小倉南区企救丘２,33.819708,130.877532,北九州モノレール,北九州高速鉄道,1,D,5,駅データ.jp
9990902,9990902,西黒崎,福岡県,北九州市,北九州市八幡西区,北九州市八幡西区黒崎３-１４６,33.866309,130.761418,筑豊電気鉄道線,筑豊電気鉄道,1,D,5,駅データ.jp
9990903,9990903,熊西,福岡県,北九州市,北九州市八幡西区,北九州市八幡西区熊西１-２８-１,33.866101,130.757902,筑豊電気鉄道線,筑豊電気鉄道,1,D,5,駅データ.jp
9990904,9990904,萩原,福岡県,北九州市,北九州市八幡西区,北九州市八幡西区萩原１-１０-５,33.861173,130.749186,筑豊電気鉄道線,筑豊電気鉄道,1,D,5,駅データ.jp
9990905,9990905,穴生,福岡県,北九州市,北九州市八幡西区,北九州市八幡西区穴生１-８１,33.857352,130.744942,筑豊電気鉄道線,筑豊電気鉄道,1,D,5,駅データ.jp
9990906,9990906,森下,福岡県,北九州市,北九州市八幡西区,北九州市八幡西区森下町１３,33.853885,130.741092,筑豊電気鉄道線,筑豊電気鉄道,1,D,5,駅データ.jp
9990907,9990907,今池,福岡県,北九州市,北九州市八幡西区,北九州市八幡西区里中２-１４６８-１３,33.845258,130.739582,筑豊電気鉄道線,筑豊電気鉄道,1,D,5,駅データ.jp
9990908,9990908,永犬丸,福岡県,北九州市,北九州市八幡西区,北九州市八幡西区里中２-１-１,33.838865,130.738071,筑豊電気鉄道線,筑豊電気鉄道,1,D,5,駅データ.jp
9990909,9990909,三ヶ森,福岡県,北九州市,北九州市八幡西区,福岡県北九州市八幡西区三ヶ森一丁目,33.834776,130.735982,筑豊電気鉄道線,筑豊電気鉄道,1,D,5,駅データ.jp
9990910,9990910,西山,福岡県,北九州市,北九州市八幡西区,北九州市八幡西区春日台５-７９２-２,33.829393,130.732274,筑豊電気鉄道線,筑豊電気鉄道,1,D,5,駅データ.jp
9990911,9990911,通谷,福岡県,中間市,中間市,中間市太賀１-２-１,33.822994,130.726978,筑豊電気鉄道線,筑豊電気鉄道,1,D,5,駅データ.jp
9990912,9990912,東中間,福岡県,中間市,中間市,中間市大字中間字外扇２６０９-１,33.820019,130.721317,筑豊電気鉄道線,筑豊電気鉄道,1,D,13,駅データ.jp
9990913,9990913,筑豊中間,福岡県,中間市,中間市,中間市大字中間字小松ケ浦３３７２-３,33.816647,130.716562,筑豊電気鉄道線,筑豊電気鉄道,1,D,13,駅データ.jp
9990914,9990914,希望が丘高校前,福岡県,中間市,中間市,福岡県中間市土手ノ内二丁目,33.808681,130.71151,筑豊電気鉄道線,筑豊電気鉄道,1,D,5,駅データ.jp
9990915,9990915,筑豊香月,福岡県,北九州市,北九州市八幡西区,北九州市八幡西区高江２-２４９１-２,33.799502,130.719099,筑豊電気鉄道線,筑豊電気鉄道,1,D,5,駅データ.jp
9990916,9990916,楠橋,福岡県,北九州市,北九州市八幡西区,北九州市八幡西区楠橋下方３-１９８５-３,33.789259,130.724523,筑豊電気鉄道線,筑豊電気鉄道,1,D,5,駅データ.jp
9990917,9990917,新木屋瀬,福岡県,北九州市,北九州市八幡西区,北九州市八幡西区木屋瀬１-４６６-３,33.783468,130.724493,筑豊電気鉄道線,筑豊電気鉄道,1,D,5,駅データ.jp
9990918,9990918,木屋瀬,福岡県,北九州市,北九州市八幡西区,北九州市八幡西区木屋瀬５-２１０-１,33.778483,130.724957,筑豊電気鉄道線,筑豊電気鉄道,1,D,5,駅データ.jp
9990919,9990919,遠賀野,福岡県,直方市,直方市,直方市大字感田字若柳２２１１-２,33.768628,130.730959,筑豊電気鉄道線,筑豊電気鉄道,1,D,5,駅データ.jp
9990920,9990920,感田,福岡県,直方市,直方市,直方市大字感田字渕尻２９７１-２,33.758799,130.733137,筑豊電気鉄道線,筑豊電気鉄道,1,D,5,駅データ.jp
9990921,9990921,筑豊直方,福岡県,直方市,直方市,直方市知古１-１-５,33.753499,130.726299,筑豊電気鉄道線,筑豊電気鉄道,1,D,13,駅データ.jp
9991002,9991002,三代橋,佐賀県,,,西松浦郡有田町南原甲,33.188949,129.866336,西九州線(有田～伊万里),松浦鉄道,1,D,5,駅データ.jp
9991003,9991003,黒川,佐賀県,,,西松浦郡有田町黒川甲,33.195093,129.85542,西九州線(有田～伊万里),松浦鉄道,1,D,5,駅データ.jp
9991004,9991004,蔵宿,佐賀県,,,西松浦郡有田町仏ノ原丙,33.201898,129.850559,西九州線(有田～伊万里),松浦鉄道,1,D,5,駅データ.jp
9991005,9991005,西有田,佐賀県,,,西松浦郡有田町立部乙,33.208839,129.8502,西九州線(有田～伊万里),松浦鉄道,1,D,5,駅データ.jp
9991006,9991006,大木,佐賀県,,,西松浦郡有田町大木宿字永野乙,33.221615,129.850119,西九州線(有田～伊万里),松浦鉄道,1,D,5,駅データ.jp
9991007,9991007,山谷,佐賀県,,,西松浦郡有田町下山谷字鈴芽乙,33.2293,129.849353,西九州線(有田～伊万里),松浦鉄道,1,D,5,駅データ.jp
9991008,9991008,夫婦石,佐賀県,,,西松浦郡有田町二ノ瀬字開田甲,33.236927,129.850502,西九州線(有田～伊万里),松浦鉄道,1,D,5,駅データ.jp
9991009,9991009,金武,佐賀県,伊万里市,伊万里市,伊万里市二里町中里乙１１３８-３,33.251856,129.854519,西九州線(有田～伊万里),松浦鉄道,1,D,5,駅データ.jp
9991010,9991010,川東,佐賀県,伊万里市,伊万里市,伊万里市二里町大里甲,33.267329,129.863812,西九州線(有田～伊万里),松浦鉄道,1,D,5,駅データ.jp
9991102,9991102,東山代,佐賀県,伊万里市,伊万里市,伊万里市東山代町長浜,33.277964,129.846041,西九州線(伊万里～佐世保),松浦鉄道,1,D,5,駅データ.jp
9991103,9991103,里,佐賀県,伊万里市,伊万里市,伊万里市東山代町五反間,33.284513,129.835906,西九州線(伊万里～佐世保),松浦鉄道,1,D,5,駅データ.jp
9991104,9991104,楠久,佐賀県,伊万里市,伊万里市,伊万里市山代町楠久津,33.291426,129.826696,西九州線(伊万里～佐世保),松浦鉄道,1,D,5,駅データ.jp
9991105,9991105,鳴石,佐賀県,伊万里市,伊万里市,伊万里市山代町峰,33.299447,129.816699,西九州線(伊万里～佐世保),松浦鉄道,1,D,5,駅データ.jp
9991106,9991106,久原,佐賀県,伊万里市,伊万里市,伊万里市山代町久原,33.313973,129.811763,西九州線(伊万里～佐世保),松浦鉄道,1,D,5,駅データ.jp
9991107,9991107,波瀬,佐賀県,伊万里市,伊万里市,伊万里市山代町久原,33.323013,129.807296,西九州線(伊万里～佐世保),松浦鉄道,1,D,5,駅データ.jp
9991108,9991108,浦ノ崎,佐賀県,伊万里市,伊万里市,伊万里市山代町立岩,33.335287,129.792524,西九州線(伊万里～佐世保),松浦鉄道,1,D,5,駅データ.jp
9991109,9991109,福島口,佐賀県,伊万里市,伊万里市,伊万里市山代町立岩,33.338083,129.790271,西九州線(伊万里～佐世保),松浦鉄道,1,D,5,駅データ.jp
9991110,9991110,今福,長崎県,松浦市,松浦市,松浦市今福町東免,33.348357,129.771909,西九州線(伊万里～佐世保),松浦鉄道,1,D,5,駅データ.jp
9991111,9991111,鷹島口,長崎県,松浦市,松浦市,松浦市今福町仏坂免,33.353784,129.761685,西九州線(伊万里～佐世保),松浦鉄道,1,D,5,駅データ.jp
9991112,9991112,前浜,長崎県,松浦市,松浦市,松浦市調川町平尾免,33.358819,129.736192,西九州線(伊万里～佐世保),松浦鉄道,1,D,5,駅データ.jp
9991113,9991113,調川,長崎県,松浦市,松浦市,松浦市調川町下免,33.352223,129.727507,西九州線(伊万里～佐世保),松浦鉄道,1,D,5,駅データ.jp
9991114,9991114,松浦,長崎県,松浦市,松浦市,松浦市志佐町浦免,33.344273,129.707906,西九州線(伊万里～佐世保),松浦鉄道,1,D,13,駅データ.jp
9991115,9991115,松浦発電所前,長崎県,松浦市,松浦市,松浦市志佐町白浜免,33.347361,129.68607,西九州線(伊万里～佐世保),松浦鉄道,1,D,13,駅データ.jp
9991116,9991116,御厨,長崎県,松浦市,松浦市,松浦市御厨町里免,33.365947,129.662502,西九州線(伊万里～佐世保),松浦鉄道,1,D,5,駅データ.jp
9991117,9991117,西木場,長崎県,松浦市,松浦市,松浦市御厨町米ノ山免,33.355798,129.638657,西九州線(伊万里～佐世保),松浦鉄道,1,D,5,駅データ.jp
9991118,9991118,東田平,長崎県,平戸市,平戸市,平戸市田平町小崎免,33.357706,129.623147,西九州線(伊万里～佐世保),松浦鉄道,1,D,5,駅データ.jp
9991119,9991119,中田平,長崎県,平戸市,平戸市,平戸市田平町下亀免,33.355647,129.61104,西九州線(伊万里～佐世保),松浦鉄道,1,D,5,駅データ.jp
9991120,9991120,たびら平戸口,長崎県,平戸市,平戸市,平戸市田平町山内免,33.362532,129.582595,西九州線(伊万里～佐世保),松浦鉄道,1,D,13,駅データ.jp
9991121,9991121,西田平,長崎県,平戸市,平戸市,平戸市田平町荻田免,33.34514,129.590475,西九州線(伊万里～佐世保),松浦鉄道,1,D,5,駅データ.jp
9991122,9991122,すえたちばな,長崎県,佐世保市,佐世保市,長崎県佐世保市江迎町末橘,33.316738,129.613788,西九州線(伊万里～佐世保),松浦鉄道,1,D,5,駅データ.jp
9991123,9991123,江迎鹿町,長崎県,佐世保市,佐世保市,長崎県佐世保市鹿町町深江,33.306809,129.627081,西九州線(伊万里～佐世保),松浦鉄道,1,D,5,駅データ.jp
9991124,9991124,高岩,長崎県,佐世保市,佐世保市,長崎県佐世保市江迎町小川内,33.297507,129.63723,西九州線(伊万里～佐世保),松浦鉄道,1,D,5,駅データ.jp
9991125,9991125,いのつき,長崎県,佐世保市,佐世保市,長崎県佐世保市江迎町猪調,33.282623,129.667286,西九州線(伊万里～佐世保),松浦鉄道,1,D,5,駅データ.jp
9991126,9991126,潜竜ヶ滝,長崎県,佐世保市,佐世保市,長崎県佐世保市江迎町田ノ元,33.280808,129.683509,西九州線(伊万里～佐世保),松浦鉄道,1,D,5,駅データ.jp
9991127,9991127,吉井,長崎県,佐世保市,佐世保市,佐世保市吉井町大渡,33.266395,129.685271,西九州線(伊万里～佐世保),松浦鉄道,1,D,5,駅データ.jp
9991128,9991128,神田,長崎県,,,北松浦郡佐々町皆瀬免,33.261198,129.671059,西九州線(伊万里～佐世保),松浦鉄道,1,D,5,駅データ.jp
9991129,9991129,清峰高校前,長崎県,,,北松浦郡佐々町中川原免,33.247775,129.656536,西九州線(伊万里～佐世保),松浦鉄道,1,D,5,駅データ.jp
9991130,9991130,佐々,長崎県,,,北松浦郡佐々町本田原免,33.236701,129.646859,西九州線(伊万里～佐世保),松浦鉄道,1,D,5,駅データ.jp
9991131,9991131,小浦,長崎県,,,北松浦郡佐々町小浦免,33.222005,129.641643,西九州線(伊万里～佐世保),松浦鉄道,1,D,5,駅データ.jp
9991132,9991132,真申,長崎県,佐世保市,佐世保市,佐世保市光町,33.206498,129.65146,西九州線(伊万里～佐世保),松浦鉄道,1,D,5,駅データ.jp
9991133,9991133,棚方,長崎県,佐世保市,佐世保市,佐世保市棚方町,33.201565,129.651796,西九州線(伊万里～佐世保),松浦鉄道,1,D,5,駅データ.jp
9991134,9991134,相浦,長崎県,佐世保市,佐世保市,佐世保市相浦町,33.192577,129.65714,西九州線(伊万里～佐世保),松浦鉄道,1,D,5,駅データ.jp
9991135,9991135,大学,長崎県,佐世保市,佐世保市,佐世保市川下町,33.189461,129.667187,西九州線(伊万里～佐世保),松浦鉄道,1,D,5,駅データ.jp
9991136,9991136,上相浦,長崎県,佐世保市,佐世保市,佐世保市木宮町,33.195205,129.670453,西九州線(伊万里～佐世保),松浦鉄道,1,D,5,駅データ.jp
9991137,9991137,本山,長崎県,佐世保市,佐世保市,佐世保市下本山町,33.207029,129.682099,西九州線(伊万里～佐世保),松浦鉄道,1,D,5,駅データ.jp
9991138,9991138,中里,長崎県,佐世保市,佐世保市,佐世保市中里町,33.20821,129.687448,西九州線(伊万里～佐世保),松浦鉄道,1,D,5,駅データ.jp
9991139,9991139,皆瀬,長崎県,佐世保市,佐世保市,佐世保市皆瀬町,33.213348,129.701741,西九州線(伊万里～佐世保),松浦鉄道,1,D,5,駅データ.jp
9991140,9991140,野中,長崎県,佐世保市,佐世保市,佐世保市野中町,33.211712,129.708527,西九州線(伊万里～佐世保),松浦鉄道,1,D,5,駅データ.jp
9991141,9991141,左石,長崎県,佐世保市,佐世保市,佐世保市田原町,33.208896,129.721992,西九州線(伊万里～佐世保),松浦鉄道,1,D,5,駅データ.jp
9991142,9991142,泉福寺,長崎県,佐世保市,佐世保市,佐世保市瀬戸越３丁目,33.205816,129.727028,西九州線(伊万里～佐世保),松浦鉄道,1,D,5,駅データ.jp
9991143,9991143,山の田,長崎県,佐世保市,佐世保市,佐世保市春日町,33.196575,129.722898,西九州線(伊万里～佐世保),松浦鉄道,1,D,5,駅データ.jp
9991144,9991144,北佐世保,長崎県,佐世保市,佐世保市,佐世保市俵町,33.18717,129.720446,西九州線(伊万里～佐世保),松浦鉄道,1,D,13,駅データ.jp
9991145,9991145,中佐世保,長崎県,佐世保市,佐世保市,佐世保市島瀬町,33.172297,129.722668,西九州線(伊万里～佐世保),松浦鉄道,1,D,13,駅データ.jp
9991146,9991146,佐世保中央,長崎県,佐世保市,佐世保市,佐世保市島瀬町,33.170902,129.720596,西九州線(伊万里～佐世保),松浦鉄道,1,D,13,駅データ.jp
9991202,9991202,本諫早,長崎県,諫早市,諫早市,諫早市東小路町４-２２,32.841841,130.052848,島原鉄道線,島原鉄道,1,D,13,駅データ.jp
9991203,9991203,幸,長崎県,諫早市,諫早市,諫早市幸町８２１-２,32.83705,130.066927,島原鉄道線,島原鉄道,1,D,5,駅データ.jp
9991204,9991204,小野,長崎県,諫早市,諫早市,諫早市小野町５２０-１３,32.833985,130.08557,島原鉄道線,島原鉄道,1,D,5,駅データ.jp
9991205,9991205,干拓の里,長崎県,諫早市,諫早市,諫早市小野町２８９-２,32.836138,130.093272,島原鉄道線,島原鉄道,1,D,5,駅データ.jp
9991206,9991206,森山,長崎県,諫早市,諫早市,諫早市森山町下井牟田２４１１-５,32.834969,130.113402,島原鉄道線,島原鉄道,1,D,5,駅データ.jp
9991207,9991207,釜ノ鼻,長崎県,諫早市,諫早市,諫早市森山町田尻９８５-１,32.833992,130.135624,島原鉄道線,島原鉄道,1,D,5,駅データ.jp
9991208,9991208,諫早東高校,長崎県,諫早市,諫早市,諫早市森山町杉谷１０９-２,32.823084,130.149098,島原鉄道線,島原鉄道,1,D,13,駅データ.jp
9991209,9991209,愛野,長崎県,雲仙市,雲仙市,雲仙市愛野町甲３８７３-３,32.818824,130.155855,島原鉄道線,島原鉄道,1,D,5,駅データ.jp
9991210,9991210,阿母崎,長崎県,雲仙市,雲仙市,雲仙市吾妻町阿母名１０９６-１,32.830073,130.170196,島原鉄道線,島原鉄道,1,D,5,駅データ.jp
9991211,9991211,吾妻,長崎県,雲仙市,雲仙市,雲仙市吾妻町牛口名２８０-３,32.840305,130.189911,島原鉄道線,島原鉄道,1,D,5,駅データ.jp
9991212,9991212,古部,長崎県,雲仙市,雲仙市,雲仙市瑞穂町古部乙８２-４,32.856312,130.213024,島原鉄道線,島原鉄道,1,D,5,駅データ.jp
9991213,9991213,大正,長崎県,雲仙市,雲仙市,雲仙市瑞穂町古部甲５-２,32.860303,130.225482,島原鉄道線,島原鉄道,1,D,5,駅データ.jp
9991214,9991214,西郷,長崎県,雲仙市,雲仙市,雲仙市瑞穂町西郷辛１３６-１,32.872801,130.243814,島原鉄道線,島原鉄道,1,D,5,駅データ.jp
9991215,9991215,神代,長崎県,雲仙市,雲仙市,雲仙市国見町神代乙４５４-２,32.871516,130.269728,島原鉄道線,島原鉄道,1,D,5,駅データ.jp
9991216,9991216,多比良,長崎県,雲仙市,雲仙市,雲仙市国見町多比良乙２００-２,32.872061,130.308528,島原鉄道線,島原鉄道,1,D,5,駅データ.jp
9991217,9991217,有明湯江,長崎県,島原市,島原市,島原市有明町湯江甲４７２-２,32.858249,130.328246,島原鉄道線,島原鉄道,1,D,5,駅データ.jp
9991218,9991218,大三東,長崎県,島原市,島原市,島原市有明町大三東丙１３５-２,32.843734,130.344659,島原鉄道線,島原鉄道,1,D,5,駅データ.jp
9991219,9991219,松尾,長崎県,島原市,島原市,島原市有明町大三東甲２０１２,32.834176,130.347714,島原鉄道線,島原鉄道,1,D,5,駅データ.jp
9991220,9991220,三会,長崎県,島原市,島原市,島原市大手原町甲２２１８-１,32.814936,130.35713,島原鉄道線,島原鉄道,1,D,5,駅データ.jp
9991221,9991221,島原,長崎県,島原市,島原市,島原市片町５７７-１,32.790489,130.370616,島原鉄道線,島原鉄道,1,D,13,駅データ.jp
9991222,9991222,霊丘公園体育館,長崎県,島原市,島原市,島原市弁天町２-７３８９-１０,32.782198,130.374233,島原鉄道線,島原鉄道,1,D,5,駅データ.jp
9991223,9991223,島原船津,長崎県,島原市,島原市,島原市津町４０９-１,32.775768,130.37557,島原鉄道線,島原鉄道,1,D,13,駅データ.jp
9991224,9991224,島原港,長崎県,島原市,島原市,島原市下川尻町７９２３-２,32.768507,130.370151,島原鉄道線,島原鉄道,1,D,13,駅データ.jp
9991301,9991301,赤迫,長崎県,長崎市,長崎市,長崎市中園町,32.793732,129.857948,長崎電軌１系統|長崎電軌３系統,長崎電気軌道,2,D,15,駅データ.jp
9991302,9991302,住吉,長崎県,長崎市,長崎市,長崎市住吉町,32.792073,129.859836,長崎電軌１系統|長崎電軌３系統,長崎電気軌道,2,D,15,駅データ.jp
9991304,9991304,千歳町,長崎県,長崎市,長崎市,長崎市若葉町,32.78962,129.860952,長崎電軌１系統|長崎電軌３系統,長崎電気軌道,2,D,15,駅データ.jp
9991305,9991305,若葉町,長崎県,長崎市,長崎市,長崎市若葉町,32.787744,129.861596,長崎電軌１系統|長崎電軌３系統,長崎電気軌道,2,D,15,駅データ.jp
9991306,9991306,長崎大学,長崎県,長崎市,長崎市,長崎市若葉町,32.785759,129.862282,長崎電軌１系統|長崎電軌３系統,長崎電気軌道,2,C,23,駅データ.jp
9991307,9991307,岩屋橋,長崎県,長崎市,長崎市,長崎市大橋町,32.781935,129.862282,長崎電軌１系統|長崎電軌３系統,長崎電気軌道,2,D,15,駅データ.jp
9991308,9991308,浦上車庫,長崎県,長崎市,長崎市,長崎市大橋町,32.77968,129.861381,長崎電軌１系統|長崎電軌３系統,長崎電気軌道,2,D,15,駅データ.jp
9991309,9991309,大橋,長崎県,長崎市,長崎市,長崎市松山町,32.777713,129.861467,長崎電軌１系統|長崎電軌３系統,長崎電気軌道,2,D,15,駅データ.jp
9991310,9991310,平和公園,長崎県,長崎市,長崎市,長崎市松山町,32.773437,129.862132,長崎電軌１系統|長崎電軌３系統,長崎電気軌道,2,D,15,駅データ.jp
9991311,9991311,原爆資料館,長崎県,長崎市,長崎市,長崎市浜口町,32.770551,129.863784,長崎電軌１系統|長崎電軌３系統,長崎電気軌道,2,D,15,駅データ.jp
9991312,9991312,大学病院,長崎県,長崎市,長崎市,長崎市浜口町,32.769017,129.864171,長崎電軌１系統|長崎電軌３系統,長崎電気軌道,2,D,15,駅データ.jp
9991314,9991314,茂里町,長崎県,長崎市,長崎市,長崎市目覚町,32.763965,129.864557,長崎電軌１系統|長崎電軌３系統,長崎電気軌道,2,D,15,駅データ.jp
9991315,9991315,スタジアムシティノース（銭座町）,長崎県,長崎市,長崎市,長崎市銭座町,32.761475,129.865801,長崎電軌１系統|長崎電軌３系統,長崎電気軌道,2,D,15,駅データ.jp
9991316,9991316,スタジアムシティサウス（宝町）,長崎県,長崎市,長崎市,長崎市宝町,32.75783,129.868913,長崎電軌１系統|長崎電軌３系統,長崎電気軌道,2,D,15,駅データ.jp
9991317,9991317,八千代町,長崎県,長崎市,長崎市,長崎市八千代町,32.754979,129.870436,長崎電軌１系統|長崎電軌３系統,長崎電気軌道,2,D,15,駅データ.jp
9991319,9991319,五島町,長崎県,長崎市,長崎市,長崎市元船町２,32.749411,129.872217,長崎電軌１系統,長崎電気軌道,1,D,5,駅データ.jp
9991320,9991320,大波止,長崎県,長崎市,長崎市,長崎市江戸町２,32.745116,129.872046,長崎電軌１系統,長崎電気軌道,1,D,5,駅データ.jp
9991321,9991321,出島,長崎県,長崎市,長崎市,長崎市出島町,32.743871,129.871681,長崎電軌１系統,長崎電気軌道,1,D,5,駅データ.jp
9991322,9991322,新地中華街,長崎県,長崎市,長崎市,長崎市銅座町,32.742869,129.874942,長崎電軌１系統|長崎電軌５系統,長崎電気軌道,2,D,15,駅データ.jp
9991323,9991323,西浜町,長崎県,長崎市,長崎市,長崎市浜町,32.743735,129.876015,長崎電軌１系統|長崎電軌５系統,長崎電気軌道,2,D,15,駅データ.jp
9991324,9991324,観光通,長崎県,長崎市,長崎市,長崎県長崎市浜町,32.743483,129.877775,長崎電軌１系統|長崎電軌４系統,長崎電気軌道,2,D,15,駅データ.jp
9991325,9991325,思案橋,長崎県,長崎市,長崎市,長崎市油屋町,32.742725,129.880264,長崎電軌１系統|長崎電軌４系統,長崎電気軌道,2,D,15,駅データ.jp
9991326,9991326,崇福寺,長崎県,長崎市,長崎市,長崎市油屋町,32.741425,129.882109,長崎電軌１系統|長崎電軌４系統,長崎電気軌道,2,D,15,駅データ.jp
9991401,9991401,蛍茶屋,長崎県,長崎市,長崎市,長崎市中川町２,32.751135,129.894254,長崎電軌３系統|長崎電軌４系統|長崎電軌５系統,長崎電気軌道,3,C,24,駅データ.jp
9991402,9991402,新中川町,長崎県,長崎市,長崎市,長崎市新中川町,32.752362,129.890435,長崎電軌３系統|長崎電軌４系統|長崎電軌５系統,長崎電気軌道,3,C,24,駅データ.jp
9991403,9991403,新大工町,長崎県,長崎市,長崎市,長崎市新大工町,32.75238,129.886701,長崎電軌３系統|長崎電軌４系統|長崎電軌５系統,長崎電気軌道,3,C,24,駅データ.jp
9991404,9991404,諏訪神社,長崎県,長崎市,長崎市,長崎市出来大工町,32.752596,129.884083,長崎電軌３系統|長崎電軌４系統|長崎電軌５系統,長崎電気軌道,3,C,24,駅データ.jp
9991405,9991405,市役所,長崎県,長崎市,長崎市,長崎市魚の町,32.74942,129.88065,長崎電軌３系統|長崎電軌４系統|長崎電軌５系統,長崎電気軌道,3,C,24,駅データ.jp
9991406,9991406,桜町,長崎県,長崎市,長崎市,長崎市桜町,32.750792,129.8755,長崎電軌３系統,長崎電気軌道,1,D,5,駅データ.jp
9991506,9991506,めがね橋,長崎県,長崎市,長崎市,長崎市栄町,32.746785,129.878204,長崎電軌４系統|長崎電軌５系統,長崎電気軌道,2,D,15,駅データ.jp
9991511,9991511,浜町アーケード,長崎県,長崎市,長崎市,長崎市浜町,32.744762,129.876812,長崎電軌４系統|長崎電軌５系統,長崎電気軌道,2,D,15,駅データ.jp
9991609,9991609,メディカルセンター,長崎県,長崎市,長崎市,長崎市新地町,32.740523,129.87241,長崎電軌５系統,長崎電気軌道,1,D,5,駅データ.jp
9991610,9991610,大浦海岸通,長崎県,長崎市,長崎市,長崎県長崎市大浦町,32.737861,129.870608,長崎電軌５系統,長崎電気軌道,1,D,5,駅データ.jp
9991611,9991611,大浦天主堂,長崎県,長崎市,長崎市,長崎市大浦町,32.736408,129.87078,長崎電軌５系統,長崎電気軌道,1,D,5,駅データ.jp
9991612,9991612,石橋,長崎県,長崎市,長崎市,長崎市大浦町,32.734269,129.872432,長崎電軌５系統,長崎電気軌道,1,D,5,駅データ.jp
9991701,9991701,藤崎宮前,熊本県,熊本市,熊本市中央区,熊本市中央区坪井二丁目2-40,32.808928,130.713218,熊本電鉄本線,熊本電気鉄道,1,D,5,駅データ.jp
9991702,9991702,黒髪町,熊本県,熊本市,熊本市中央区,熊本市中央区坪井六丁目548,32.818408,130.717232,熊本電鉄本線,熊本電気鉄道,1,D,5,駅データ.jp
9991703,9991703,北熊本,熊本県,熊本市,熊本市北区,熊本県熊本市北区室園町1-1,32.827492,130.721981,熊本電鉄上熊本線|熊本電鉄本線,熊本電気鉄道,2,D,15,駅データ.jp
9991704,9991704,亀井,熊本県,熊本市,熊本市北区,熊本市北区清水亀井町137-6,32.837414,130.72224,熊本電鉄本線,熊本電気鉄道,1,D,5,駅データ.jp
9991705,9991705,八景水谷,熊本県,熊本市,熊本市北区,熊本市北区清水亀井町275-5,32.841258,130.722812,熊本電鉄本線,熊本電気鉄道,1,D,5,駅データ.jp
9991706,9991706,堀川,熊本県,熊本市,熊本市北区,熊本市北区八景水谷一丁目,32.848988,130.725231,熊本電鉄本線,熊本電気鉄道,1,D,5,駅データ.jp
9991707,9991707,新須屋,熊本県,合志市,合志市,合志市須屋塔の木４４２-５,32.853266,130.730198,熊本電鉄本線,熊本電気鉄道,1,D,5,駅データ.jp
9991708,9991708,須屋,熊本県,合志市,合志市,合志市須屋迫間１２１７-５,32.858493,130.736481,熊本電鉄本線,熊本電気鉄道,1,D,5,駅データ.jp
9991709,9991709,三ツ石,熊本県,合志市,合志市,合志市須屋峠１８１６-４,32.864265,130.738378,熊本電鉄本線,熊本電気鉄道,1,D,5,駅データ.jp
9991710,9991710,黒石,熊本県,合志市,合志市,合志市須屋黒石屋敷２６１９-７,32.870636,130.742164,熊本電鉄本線,熊本電気鉄道,1,D,5,駅データ.jp
9991711,9991711,熊本高専前,熊本県,合志市,合志市,合志市須屋大窪２６７０-４,32.878088,130.746271,熊本電鉄本線,熊本電気鉄道,1,D,5,駅データ.jp
9991712,9991712,再春医療センター前,熊本県,合志市,合志市,合志市須屋大窪２６６２-５,32.880972,130.747917,熊本電鉄本線,熊本電気鉄道,1,D,5,駅データ.jp
9991713,9991713,御代志,熊本県,合志市,合志市,合志市御代志東海道１６９３-１,32.884985,130.750124,熊本電鉄本線,熊本電気鉄道,1,D,5,駅データ.jp
9991802,9991802,韓々坂,熊本県,熊本市,熊本市西区,熊本市西区上熊本三丁目552,32.824201,130.701917,熊本電鉄上熊本線,熊本電気鉄道,1,D,5,駅データ.jp
9991803,9991803,池田,熊本県,熊本市,熊本市西区,熊本市西区池田二丁目817-1,32.827082,130.70748,熊本電鉄上熊本線,熊本電気鉄道,1,D,5,駅データ.jp
9991804,9991804,打越,熊本県,熊本市,熊本市北区,熊本市北区打越町149-4,32.823765,130.713796,熊本電鉄上熊本線,熊本電気鉄道,1,D,5,駅データ.jp
9991805,9991805,坪井川公園,熊本県,熊本市,熊本市中央区,熊本市中央区坪井六丁目374,32.821427,130.718773,熊本電鉄上熊本線,熊本電気鉄道,1,D,5,駅データ.jp
9991902,9991902,長陽,熊本県,,,阿蘇郡南阿蘇村河陽,32.854287,131.003945,高森線,南阿蘇鉄道,1,D,5,駅データ.jp
9991903,9991903,加勢,熊本県,,,阿蘇郡南阿蘇村河陽,32.847818,131.010139,高森線,南阿蘇鉄道,1,D,5,駅データ.jp
9991904,9991904,阿蘇下田城,熊本県,,,阿蘇郡南阿蘇村河陽,32.844413,131.024654,高森線,南阿蘇鉄道,1,D,5,駅データ.jp
9991905,9991905,南阿蘇水の生まれる里白水高原,熊本県,,,阿蘇郡南阿蘇村中松,32.83407,131.040264,高森線,南阿蘇鉄道,1,D,5,駅データ.jp
9991906,9991906,中松,熊本県,,,阿蘇郡南阿蘇村中松,32.827381,131.053594,高森線,南阿蘇鉄道,1,D,5,駅データ.jp
9991907,9991907,阿蘇白川,熊本県,,,阿蘇郡南阿蘇村白川,32.822368,131.084345,高森線,南阿蘇鉄道,1,D,5,駅データ.jp
9991908,9991908,見晴台,熊本県,,,阿蘇郡南阿蘇村両併,32.817613,131.109621,高森線,南阿蘇鉄道,1,D,5,駅データ.jp
9991909,9991909,高森,熊本県,,,阿蘇郡高森町大字高森,32.81954,131.122561,高森線,南阿蘇鉄道,1,D,5,駅データ.jp
9991910,9991910,南阿蘇白川水源,熊本県,,,熊本県阿蘇郡南阿蘇村,32.822222,131.091667,高森線,南阿蘇鉄道,1,D,5,駅データ.jp
9992002,9992002,相良藩願成寺,熊本県,人吉市,人吉市,人吉市願成寺町高野,32.218429,130.769626,湯前線,くま川鉄道,1,D,5,駅データ.jp
9992003,9992003,川村,熊本県,,,球磨郡相良村大字柳瀬,32.207284,130.795307,湯前線,くま川鉄道,1,D,5,駅データ.jp
9992004,9992004,肥後西村,熊本県,,,球磨郡錦町大字西,32.202271,130.808839,湯前線,くま川鉄道,1,D,5,駅データ.jp
9992005,9992005,一武,熊本県,,,球磨郡錦町大字一武,32.214551,130.839915,湯前線,くま川鉄道,1,D,5,駅データ.jp
9992006,9992006,木上,熊本県,,,球磨郡錦町大字木上,32.224256,130.858888,湯前線,くま川鉄道,1,D,5,駅データ.jp
9992007,9992007,おかどめ幸福,熊本県,,,球磨郡あさぎり町,32.231011,130.873629,湯前線,くま川鉄道,1,D,5,駅データ.jp
9992008,9992008,あさぎり,熊本県,,,熊本県球磨郡あさぎり町免田,32.236191,130.893783,湯前線,くま川鉄道,1,D,5,駅データ.jp
9992009,9992009,東免田,熊本県,,,球磨郡あさぎり町,32.250095,130.912947,湯前線,くま川鉄道,1,D,5,駅データ.jp
9992010,9992010,公立病院前,熊本県,,,球磨郡多良木町大字多良木,32.255906,130.921768,湯前線,くま川鉄道,1,D,5,駅データ.jp
9992011,9992011,多良木,熊本県,,,球磨郡多良木町大字多良木,32.262903,130.933362,湯前線,くま川鉄道,1,D,5,駅データ.jp
9992012,9992012,東多良木,熊本県,,,球磨郡多良木町大字黒肥地,32.272211,130.950765,湯前線,くま川鉄道,1,D,5,駅データ.jp
9992013,9992013,新鶴羽,熊本県,,,球磨郡多良木町大字多良木,32.275372,130.966275,湯前線,くま川鉄道,1,D,5,駅データ.jp
9992014,9992014,湯前,熊本県,,,球磨郡湯前町字上牧原,32.281389,130.980094,湯前線,くま川鉄道,1,D,5,駅データ.jp
9992102,9992102,肥後高田,熊本県,八代市,八代市,八代市平山新町,32.475546,130.612588,肥薩おれんじ鉄道線,肥薩おれんじ鉄道,1,D,5,駅データ.jp
9992103,9992103,日奈久温泉,熊本県,八代市,八代市,八代市日奈久塩北町,32.436163,130.581635,肥薩おれんじ鉄道線,肥薩おれんじ鉄道,1,D,5,駅データ.jp
9992104,9992104,肥後二見,熊本県,八代市,八代市,八代市二見洲口町,32.420111,130.550019,肥薩おれんじ鉄道線,肥薩おれんじ鉄道,1,D,5,駅データ.jp
9992105,9992105,上田浦,熊本県,,,葦北郡芦北町井牟田,32.392952,130.5186,肥薩おれんじ鉄道線,肥薩おれんじ鉄道,1,D,5,駅データ.jp
9992106,9992106,たのうら御立岬公園,熊本県,,,葦北郡芦北町田浦町,32.363202,130.506705,肥薩おれんじ鉄道線,肥薩おれんじ鉄道,1,D,5,駅データ.jp
9992107,9992107,肥後田浦,熊本県,,,葦北郡芦北町小田浦,32.350698,130.504778,肥薩おれんじ鉄道線,肥薩おれんじ鉄道,1,D,5,駅データ.jp
9992108,9992108,海浦,熊本県,,,葦北郡芦北町海浦,32.327997,130.488766,肥薩おれんじ鉄道線,肥薩おれんじ鉄道,1,D,5,駅データ.jp
9992109,9992109,佐敷,熊本県,,,葦北郡芦北町花岡西,32.302447,130.497277,肥薩おれんじ鉄道線,肥薩おれんじ鉄道,1,D,5,駅データ.jp
9992110,9992110,湯浦,熊本県,,,葦北郡芦北町大字宮崎,32.271231,130.504667,肥薩おれんじ鉄道線,肥薩おれんじ鉄道,1,D,5,駅データ.jp
9992111,9992111,津奈木,熊本県,,,葦北郡津奈木町,32.232417,130.450165,肥薩おれんじ鉄道線,肥薩おれんじ鉄道,1,D,5,駅データ.jp
9992113,9992113,水俣,熊本県,水俣市,水俣市,水俣市桜井町１丁目,32.204919,130.395763,肥薩おれんじ鉄道線,肥薩おれんじ鉄道,1,D,13,駅データ.jp
9992114,9992114,袋,熊本県,水俣市,水俣市,水俣市大字袋,32.165517,130.374391,肥薩おれんじ鉄道線,肥薩おれんじ鉄道,1,D,5,駅データ.jp
9992115,9992115,米ノ津,鹿児島県,出水市,出水市,出水市下鯖淵,32.122269,130.342139,肥薩おれんじ鉄道線,肥薩おれんじ鉄道,1,D,5,駅データ.jp
9992117,9992117,西出水,鹿児島県,出水市,出水市,出水市西出水町,32.075398,130.339285,肥薩おれんじ鉄道線,肥薩おれんじ鉄道,1,D,13,駅データ.jp
9992118,9992118,高尾野,鹿児島県,出水市,出水市,出水市高尾野町柴引,32.062536,130.301632,肥薩おれんじ鉄道線,肥薩おれんじ鉄道,1,D,5,駅データ.jp
9992119,9992119,野田郷,鹿児島県,出水市,出水市,出水市野田町下名,32.063238,130.267214,肥薩おれんじ鉄道線,肥薩おれんじ鉄道,1,D,5,駅データ.jp
9992120,9992120,折口,鹿児島県,阿久根市,阿久根市,阿久根市折口,32.060949,130.217485,肥薩おれんじ鉄道線,肥薩おれんじ鉄道,1,D,5,駅データ.jp
9992121,9992121,阿久根,鹿児島県,阿久根市,阿久根市,阿久根市栄町,32.022969,130.196276,肥薩おれんじ鉄道線,肥薩おれんじ鉄道,1,D,13,駅データ.jp
9992122,9992122,牛ノ浜,鹿児島県,阿久根市,阿久根市,阿久根市大川,31.973962,130.207038,肥薩おれんじ鉄道線,肥薩おれんじ鉄道,1,D,5,駅データ.jp
9992123,9992123,薩摩大川,鹿児島県,阿久根市,阿久根市,阿久根市大川,31.949414,130.219072,肥薩おれんじ鉄道線,肥薩おれんじ鉄道,1,D,5,駅データ.jp
9992124,9992124,西方,鹿児島県,薩摩川内市,薩摩川内市,薩摩川内市西方町,31.916153,130.223658,肥薩おれんじ鉄道線,肥薩おれんじ鉄道,1,D,5,駅データ.jp
9992125,9992125,薩摩高城,鹿児島県,薩摩川内市,薩摩川内市,薩摩川内市湯田町,31.892545,130.220649,肥薩おれんじ鉄道線,肥薩おれんじ鉄道,1,D,5,駅データ.jp
9992126,9992126,草道,鹿児島県,薩摩川内市,薩摩川内市,薩摩川内市水引町,31.854556,130.233533,肥薩おれんじ鉄道線,肥薩おれんじ鉄道,1,D,5,駅データ.jp
9992127,9992127,上川内,鹿児島県,薩摩川内市,薩摩川内市,薩摩川内市御陵下町,31.83537,130.292406,肥薩おれんじ鉄道線,肥薩おれんじ鉄道,1,D,5,駅データ.jp
9992201,9992201,田崎橋,熊本県,熊本市,熊本市西区,熊本市西区春日二丁目,32.785398,130.68866,熊本市電Ａ系統,熊本市交通局,1,D,5,駅データ.jp
9992202,9992202,二本木口,熊本県,熊本市,熊本市西区,熊本市西区春日二丁目,32.786986,130.689368,熊本市電Ａ系統,熊本市交通局,1,D,5,駅データ.jp
9992204,9992204,祇園橋,熊本県,熊本市,熊本市中央区,熊本県熊本市中央区細工町五丁目,32.792794,130.694647,熊本市電Ａ系統,熊本市交通局,1,D,5,駅データ.jp
9992205,9992205,呉服町,熊本県,熊本市,熊本市中央区,熊本市中央区魚屋町2-13,32.795753,130.696921,熊本市電Ａ系統,熊本市交通局,1,D,5,駅データ.jp
9992206,9992206,河原町,熊本県,熊本市,熊本市中央区,熊本市中央区河原町,32.794742,130.701299,熊本市電Ａ系統,熊本市交通局,1,D,5,駅データ.jp
9992207,9992207,慶徳校前,熊本県,熊本市,熊本市中央区,熊本市中央区練兵町・山崎町,32.797304,130.702457,熊本市電Ａ系統,熊本市交通局,1,D,5,駅データ.jp
9992208,9992208,辛島町,熊本県,熊本市,熊本市中央区,熊本市中央区新市街7-1地先,32.798891,130.705075,熊本市電Ａ系統|熊本市電Ｂ系統,熊本市交通局,2,D,15,駅データ.jp
9992209,9992209,花畑町,熊本県,熊本市,熊本市中央区,熊本市中央区花畑町,32.801128,130.705483,熊本市電Ａ系統|熊本市電Ｂ系統,熊本市交通局,2,D,15,駅データ.jp
9992210,9992210,熊本城・市役所前,熊本県,熊本市,熊本市中央区,熊本市中央区手取本町・花畑町,32.802967,130.707028,熊本市電Ａ系統|熊本市電Ｂ系統,熊本市交通局,2,D,15,駅データ.jp
9992211,9992211,通町筋,熊本県,熊本市,熊本市中央区,熊本市中央区手取本町4,32.803364,130.709817,熊本市電Ａ系統|熊本市電Ｂ系統,熊本市交通局,2,D,15,駅データ.jp
9992212,9992212,水道町,熊本県,熊本市,熊本市中央区,熊本市中央区水道町・手取本町,32.80239,130.712564,熊本市電Ａ系統|熊本市電Ｂ系統,熊本市交通局,2,D,15,駅データ.jp
9992213,9992213,九品寺交差点,熊本県,熊本市,熊本市中央区,熊本市中央区大江四丁目・九品寺一丁目,32.799576,130.7178,熊本市電Ａ系統|熊本市電Ｂ系統,熊本市交通局,2,D,15,駅データ.jp
9992214,9992214,交通局前,熊本県,熊本市,熊本市中央区,熊本市中央区大江五丁目・九品寺二丁目,32.797664,130.719945,熊本市電Ａ系統|熊本市電Ｂ系統,熊本市交通局,2,D,15,駅データ.jp
9992215,9992215,味噌天神前,熊本県,熊本市,熊本市中央区,熊本市中央区大江五丁目・大江本町,32.795644,130.723722,熊本市電Ａ系統|熊本市電Ｂ系統,熊本市交通局,2,D,15,駅データ.jp
9992217,9992217,国府,熊本県,熊本市,熊本市中央区,熊本市中央区水前寺公園・国府一丁目,32.792217,130.729172,熊本市電Ａ系統|熊本市電Ｂ系統,熊本市交通局,2,D,15,駅データ.jp
9992218,9992218,水前寺公園,熊本県,熊本市,熊本市中央区,熊本市中央区水前寺公園・出水一丁目,32.789908,130.732455,熊本市電Ａ系統|熊本市電Ｂ系統,熊本市交通局,2,D,15,駅データ.jp
9992219,9992219,市立体育館前,熊本県,熊本市,熊本市中央区,熊本市中央区水前寺公園・出水一丁目,32.788429,130.734708,熊本市電Ａ系統|熊本市電Ｂ系統,熊本市交通局,2,D,15,駅データ.jp
9992220,9992220,商業高校前,熊本県,熊本市,熊本市中央区,熊本市中央区神水一丁目・神水本町,32.785398,130.739107,熊本市電Ａ系統|熊本市電Ｂ系統,熊本市交通局,2,D,15,駅データ.jp
9992221,9992221,八丁馬場,熊本県,熊本市,熊本市中央区,熊本市中央区神水一丁目・神水本町,32.783739,130.741746,熊本市電Ａ系統|熊本市電Ｂ系統,熊本市交通局,2,D,15,駅データ.jp
9992222,9992222,神水交差点,熊本県,熊本市,熊本市中央区,熊本市中央区神水本町/東区健軍二丁目,32.783649,130.74518,熊本市電Ａ系統|熊本市電Ｂ系統,熊本市交通局,2,D,15,駅データ.jp
9992223,9992223,健軍校前,熊本県,熊本市,熊本市東区,熊本市東区健軍二丁目・健軍四丁目,32.781917,130.750952,熊本市電Ａ系統|熊本市電Ｂ系統,熊本市交通局,2,D,15,駅データ.jp
9992224,9992224,動植物園入口,熊本県,熊本市,熊本市東区,熊本市東区健軍三丁目・健軍四丁目,32.78051,130.754707,熊本市電Ａ系統|熊本市電Ｂ系統,熊本市交通局,2,D,15,駅データ.jp
9992225,9992225,健軍交番前,熊本県,熊本市,熊本市東区,熊本市東区健軍三丁目・新生一丁目,32.779463,130.757668,熊本市電Ａ系統|熊本市電Ｂ系統,熊本市交通局,2,D,15,駅データ.jp
9992226,9992226,健軍町,熊本県,熊本市,熊本市東区,熊本市東区健軍三丁目・若葉一丁目,32.778381,130.761209,熊本市電Ａ系統|熊本市電Ｂ系統,熊本市交通局,2,D,15,駅データ.jp
9992302,9992302,県立体育館前,熊本県,熊本市,熊本市西区,熊本県熊本市西区上熊本二丁目,32.815032,130.69896,熊本市電Ｂ系統,熊本市交通局,1,D,5,駅データ.jp
9992303,9992303,本妙寺入口,熊本県,熊本市,熊本市西区,熊本県熊本市西区花園一丁目・上熊本二丁目,32.813626,130.698466,熊本市電Ｂ系統,熊本市交通局,1,D,5,駅データ.jp
9992304,9992304,杉塘,熊本県,熊本市,熊本市中央区,熊本県熊本市中央区段山本町,32.810308,130.696986,熊本市電Ｂ系統,熊本市交通局,1,D,5,駅データ.jp
9992305,9992305,段山町,熊本県,熊本市,熊本市中央区,熊本県熊本市中央区段山本町・古京町,32.806701,130.695505,熊本市電Ｂ系統,熊本市交通局,1,D,5,駅データ.jp
9992306,9992306,蔚山町,熊本県,熊本市,熊本市中央区,熊本県熊本市中央区新町一丁目・新町三丁目,32.803959,130.696986,熊本市電Ｂ系統,熊本市交通局,1,D,5,駅データ.jp
9992307,9992307,新町,熊本県,熊本市,熊本市中央区,熊本県熊本市中央区新町二丁目,32.799739,130.697222,熊本市電Ｂ系統,熊本市交通局,1,D,5,駅データ.jp
9992308,9992308,洗馬橋,熊本県,熊本市,熊本市中央区,熊本県熊本市中央区新町二丁目,32.799234,130.698917,熊本市電Ｂ系統,熊本市交通局,1,D,5,駅データ.jp
9992309,9992309,西辛島町,熊本県,熊本市,熊本市中央区,熊本県熊本市中央区辛島町,32.798801,130.702264,熊本市電Ｂ系統,熊本市交通局,1,D,5,駅データ.jp
9992502,9992502,桜島桟橋通,鹿児島県,鹿児島市,鹿児島市,鹿児島市小川町,31.599976,130.560976,鹿児島市電１系統|鹿児島市電２系統,鹿児島市交通局,2,D,15,駅データ.jp
9992503,9992503,水族館口,鹿児島県,鹿児島市,鹿児島市,鹿児島市山下町,31.59898,130.559539,鹿児島市電１系統|鹿児島市電２系統,鹿児島市交通局,2,D,15,駅データ.jp
9992504,9992504,市役所前,鹿児島県,鹿児島市,鹿児島市,鹿児島市山下町,31.597179,130.558015,鹿児島市電１系統|鹿児島市電２系統,鹿児島市交通局,2,D,15,駅データ.jp
9992505,9992505,朝日通,鹿児島県,鹿児島市,鹿児島市,鹿児島市名山町,31.594374,130.557286,鹿児島市電１系統|鹿児島市電２系統,鹿児島市交通局,2,D,15,駅データ.jp
9992506,9992506,いづろ通,鹿児島県,鹿児島市,鹿児島市,鹿児島市金生町,31.591824,130.557672,鹿児島市電１系統|鹿児島市電２系統,鹿児島市交通局,2,D,15,駅データ.jp
9992507,9992507,天文館通,鹿児島県,鹿児島市,鹿児島市,鹿児島市千日町,31.590691,130.555075,鹿児島市電１系統|鹿児島市電２系統,鹿児島市交通局,2,D,15,駅データ.jp
9992508,9992508,高見馬場,鹿児島県,鹿児島市,鹿児島市,鹿児島市山之口町,31.588726,130.550977,鹿児島市電１系統|鹿児島市電２系統,鹿児島市交通局,2,D,15,駅データ.jp
9992509,9992509,甲東中学校前,鹿児島県,鹿児島市,鹿児島市,鹿児島市樋之口町,31.585738,130.553058,鹿児島市電１系統,鹿児島市交通局,1,D,5,駅データ.jp
9992510,9992510,新屋敷,鹿児島県,鹿児島市,鹿児島市,鹿児島市加治屋町,31.583855,130.553724,鹿児島市電１系統,鹿児島市交通局,1,D,5,駅データ.jp
9992511,9992511,武之橋,鹿児島県,鹿児島市,鹿児島市,鹿児島市下荒田１,31.57976,130.554088,鹿児島市電１系統,鹿児島市交通局,1,D,5,駅データ.jp
9992512,9992512,二中通,鹿児島県,鹿児島市,鹿児島市,鹿児島県鹿児島市高麗町,31.57711,130.553702,鹿児島市電１系統,鹿児島市交通局,1,D,5,駅データ.jp
9992513,9992513,荒田八幡,鹿児島県,鹿児島市,鹿児島市,鹿児島市下荒田３,31.573618,130.553015,鹿児島市電１系統,鹿児島市交通局,1,D,5,駅データ.jp
9992514,9992514,騎射場,鹿児島県,鹿児島市,鹿児島市,鹿児島市下荒田３,31.569102,130.5519,鹿児島市電１系統,鹿児島市交通局,1,D,5,駅データ.jp
9992515,9992515,鴨池,鹿児島県,鹿児島市,鹿児島市,鹿児島市鴨池２,31.564129,130.549968,鹿児島市電１系統,鹿児島市交通局,1,D,5,駅データ.jp
9992516,9992516,郡元,鹿児島県,鹿児島市,鹿児島市,鹿児島県鹿児島市鴨池一丁目,31.562696,130.549206,鹿児島市電１系統|鹿児島市電２系統,鹿児島市交通局,2,D,15,駅データ.jp
9992517,9992517,涙橋,鹿児島県,鹿児島市,鹿児島市,鹿児島市郡元２,31.559266,130.546707,鹿児島市電１系統,鹿児島市交通局,1,D,5,駅データ.jp
9992519,9992519,二軒茶屋,鹿児島県,鹿児島市,鹿児島市,鹿児島市宇宿１,31.55005,130.541192,鹿児島市電１系統,鹿児島市交通局,1,D,5,駅データ.jp
9992520,9992520,宇宿一丁目,鹿児島県,鹿児島市,鹿児島市,鹿児島市宇宿１,31.546439,130.539068,鹿児島市電１系統,鹿児島市交通局,1,D,5,駅データ.jp
9992522,9992522,笹貫,鹿児島県,鹿児島市,鹿児島市,鹿児島市小松原１,31.539636,130.534047,鹿児島市電１系統,鹿児島市交通局,1,D,5,駅データ.jp
9992523,9992523,上塩屋,鹿児島県,鹿児島市,鹿児島市,鹿児島市小松原１,31.534762,130.528811,鹿児島市電１系統,鹿児島市交通局,1,D,5,駅データ.jp
9992524,9992524,谷山,鹿児島県,鹿児島市,鹿児島市,鹿児島県鹿児島市谷山中央1丁目4127,31.530108,130.523404,鹿児島市電１系統,鹿児島市交通局,1,D,5,駅データ.jp
9992525,9992525,郡元南,鹿児島県,鹿児島市,鹿児島市,鹿児島県鹿児島市鴨池,31.562169,130.548841,鹿児島市電１系統,鹿児島市交通局,1,D,5,駅データ.jp
9992609,9992609,加治屋町,鹿児島県,鹿児島市,鹿児島市,鹿児島市加治屋町,31.58731,130.548037,鹿児島市電２系統,鹿児島市交通局,1,D,5,駅データ.jp
9992610,9992610,高見橋,鹿児島県,鹿児島市,鹿児島市,鹿児島市中央町,31.58593,130.545162,鹿児島市電２系統,鹿児島市交通局,1,D,5,駅データ.jp
9992612,9992612,都通,鹿児島県,鹿児島市,鹿児島市,鹿児島市中央町,31.580601,130.543038,鹿児島市電２系統,鹿児島市交通局,1,D,5,駅データ.jp
9992613,9992613,中洲通,鹿児島県,鹿児島市,鹿児島市,鹿児島市上荒田町,31.578581,130.542587,鹿児島市電２系統,鹿児島市交通局,1,D,5,駅データ.jp
9992614,9992614,市立病院前,鹿児島県,鹿児島市,鹿児島市,鹿児島市上荒田町,31.575812,130.541836,鹿児島市電２系統,鹿児島市交通局,1,D,5,駅データ.jp
9992615,9992615,神田（交通局前）,鹿児島県,鹿児島市,鹿児島市,鹿児島市上荒田町,31.572932,130.540613,鹿児島市電２系統,鹿児島市交通局,1,D,5,駅データ.jp
9992616,9992616,唐湊,鹿児島県,鹿児島市,鹿児島市,鹿児島市郡元１,31.570556,130.541085,鹿児島市電２系統,鹿児島市交通局,1,D,5,駅データ.jp
9992617,9992617,工学部前,鹿児島県,鹿児島市,鹿児島市,鹿児島市郡元１,31.568408,130.541857,鹿児島市電２系統,鹿児島市交通局,1,D,5,駅データ.jp
9992619,9992619,中郡,鹿児島県,鹿児島市,鹿児島市,鹿児島市郡元１,31.56498,130.545312,鹿児島市電２系統,鹿児島市交通局,1,D,5,駅データ.jp
9992701,9992701,那覇空港,沖縄県,那覇市,那覇市,那覇市字鏡水９３８-５,26.206515,127.652214,ゆいレール,沖縄都市モノレール,1,S,80,駅データ.jp
9992702,9992702,赤嶺,沖縄県,那覇市,那覇市,那覇市赤嶺２-１０００-１１,26.193289,127.660348,ゆいレール,沖縄都市モノレール,1,D,5,駅データ.jp
9992703,9992703,小禄,沖縄県,那覇市,那覇市,那覇市田原３-１０００-１,26.196455,127.666853,ゆいレール,沖縄都市モノレール,1,D,5,駅データ.jp
9992704,9992704,奥武山公園,沖縄県,那覇市,那覇市,那覇市奥武山町３１６-２,26.200714,127.675252,ゆいレール,沖縄都市モノレール,1,D,5,駅データ.jp
9992705,9992705,壺川,沖縄県,那覇市,那覇市,那覇市壺川３-１０６,26.205927,127.678344,ゆいレール,沖縄都市モノレール,1,D,5,駅データ.jp
9992706,9992706,旭橋,沖縄県,那覇市,那覇市,那覇市泉崎１-１０５,26.21191,127.675515,ゆいレール,沖縄都市モノレール,1,D,5,駅データ.jp
9992707,9992707,県庁前,沖縄県,那覇市,那覇市,那覇市久茂地１-１０３,26.214446,127.679343,ゆいレール,沖縄都市モノレール,1,D,5,駅データ.jp
9992708,9992708,美栄橋,沖縄県,那覇市,那覇市,那覇市牧志１-９６５,26.219245,127.684328,ゆいレール,沖縄都市モノレール,1,D,5,駅データ.jp
9992709,9992709,牧志,沖縄県,那覇市,那覇市,那覇市牧志３-２７２-５,26.217248,127.69255,ゆいレール,沖縄都市モノレール,1,D,5,駅データ.jp
9992710,9992710,安里,沖縄県,那覇市,那覇市,那覇市安里３８９-７,26.216737,127.695736,ゆいレール,沖縄都市モノレール,1,D,5,駅データ.jp
9992711,9992711,おもろまち,沖縄県,那覇市,那覇市,那覇市安里３０５-３,26.222701,127.698391,ゆいレール,沖縄都市モノレール,1,D,5,駅データ.jp
9992712,9992712,古島,沖縄県,那覇市,那覇市,那覇市古島９３-１,26.230919,127.703079,ゆいレール,沖縄都市モノレール,1,D,5,駅データ.jp
9992713,9992713,市立病院前,沖縄県,那覇市,那覇市,那覇市古島１７２-２,26.227548,127.710003,ゆいレール,沖縄都市モノレール,1,D,5,駅データ.jp
9992714,9992714,儀保,沖縄県,那覇市,那覇市,那覇市首里儀保町３-１４-３,26.224663,127.719039,ゆいレール,沖縄都市モノレール,1,D,5,駅データ.jp
9992715,9992715,首里,沖縄県,那覇市,那覇市,那覇市首里汀良町３-１９,26.219191,127.725492,ゆいレール,沖縄都市モノレール,1,D,5,駅データ.jp
9992716,9992716,石嶺,沖縄県,那覇市,那覇市,沖縄県那覇市首里石嶺町二丁目90,26.227222,127.729167,ゆいレール,沖縄都市モノレール,1,D,5,駅データ.jp
9992717,9992717,経塚,沖縄県,浦添市,浦添市,沖縄県浦添市前田,26.236667,127.728333,ゆいレール,沖縄都市モノレール,1,D,5,駅データ.jp
9992718,9992718,浦添前田,沖縄県,浦添市,浦添市,沖縄県浦添市前田一丁目,26.243889,127.732278,ゆいレール,沖縄都市モノレール,1,D,13,駅データ.jp
9992719,9992719,てだこ浦西,沖縄県,浦添市,浦添市,沖縄県浦添市前田三丁目21,26.241778,127.741861,ゆいレール,沖縄都市モノレール,1,D,5,駅データ.jp
9992802,9992802,出光美術館,福岡県,北九州市,北九州市門司区,福岡県北九州市門司区,33.947792,130.965292,門司港レトロ観光線,平成筑豊鉄道,1,D,5,駅データ.jp
9992803,9992803,ノーフォーク広場,福岡県,北九州市,北九州市門司区,福岡県北九州市門司区旧門司,33.955973,130.964254,門司港レトロ観光線,平成筑豊鉄道,1,D,5,駅データ.jp
9992804,9992804,関門海峡めかり,福岡県,北九州市,北九州市門司区,福岡県北九州市門司区門司,33.960627,130.967347,門司港レトロ観光線,平成筑豊鉄道,1,D,5,駅データ.jp
