room_id,room_name,room_studio_id,room_square_meters,room_bamiri,room_shoot_flg,room_floor_color,room_wall_color,room_floor_quality,room_mirror,room_smartphone_holder_flg,room_free_smartphone_tripod_flg,room_free_camera_tripod_flg,room_created_at,room_updated_at,room_uuid,room_ceiling,room_free_lighting_flg,room_paid_lighting_flg,room_free_wifi_flg,room_speaker_bluetooth_flg,room_speaker_wired_flg,room_bamiri_flg,room_air_conditioner_flg,room_power_outlet_flg,room_dressing_room_flg,room_toilet_flg,room_ballet_bar_flg,room_vending_machine_flg,room_chair_flg,room_slipper_flg,room_extension_cord_flg,room_yoga_mat_flg,room_window_flg,room_tv_flg,room_projection_monitor_flg,room_clothes_rack_flg,room_main_images,room_floor_plan_images,room_sub_images,room_published_at,room_subject_reserve,room_message_reserve,room_introduction,room_google_calendar_id,room_image_360_degree_url,room_reservation_deadline_time,room_reservable_period_month,room_cleaning_time,room_paid_smartphone_tripod_flg,room_paid_camera_tripod_flg,studio_id,studio_name,studio_address,studio_message_reserve,studio_created_at,studio_updated_at,studio_owner_id,studio_uuid,studio_reserve_type,studio_url,studio_phone_number,studio_published_at,studio_subject_reserve,studio_catchphrase,studio_available_on_site,studio_mon_start_time,studio_mon_end_time,studio_mon_hol_flg,studio_tue_start_time,studio_tue_end_time,studio_tue_hol_flg,studio_wed_start_time,studio_wed_end_time,studio_wed_hol_flg,studio_thu_start_time,studio_thu_end_time,studio_thu_hol_flg,studio_fri_start_time,studio_fri_end_time,studio_fri_hol_flg,studio_sat_start_time,studio_sat_end_time,studio_sat_hol_flg,studio_sun_start_time,studio_sun_end_time,studio_sun_hol_flg,studio_partner_flg,studio_csv_id,dslurl
"1","ルーム１０１","1","35","2","t","0","0","2","2","t","t","t","2024-12-12 22:55:43.531924","2026-04-11 00:59:25.802815","98eb848f-ae3c-435e-9400-64a28ca38b97",,"f","t","t","t","f","t","f","t","t","t","f","t","t","t","t","f","f","f","f","f","[""dd0283976c2cbd01cd8be30f19d562a9(2).jpeg""]","[""b8ebd17a70cfa242d42f5b36a2a31e7c(2).jpeg""]","[""2fd7264106229e2a11858ec1f081f429(2).jpeg"",""dd0283976c2cbd01cd8be30f19d562a9(2).jpeg"",""3de8f7bc2618eac6ea95763f26df8cc5.JPG""]","2025-09-26 23:06:59.754517","予約のお知らせ","ご予約ありがとうございます。

","鏡面は鏡面は２面！快適な環境！","296","https://view.ricoh360.com/edb6c37f-119b-48de-ae37-d9777d270c89?type=compact","10","6","0",,,"1","【TEST】ダンススタジオラボ","東京都新宿区ダミー","テスト","2024-12-12 22:41:18.401158","2025-12-25 09:38:46.720583","7","9efe78ce-29e2-4db7-9275-8e2f5a2ecbb6","1",,"03-3333-3333",,"ご予約ありがとうございます","広くて綺麗なスタジオです","f","00:00:00","00:00:00","f","00:00:00","00:00:00","f","00:00:00","00:00:00","f","00:00:00","00:00:00","f","00:00:00","00:00:00","f","00:00:00","00:00:00","f","00:00:00","00:00:00","f","t",,"https://dance-studio-lab.com/room/OThlYjg0OGYtYWUzYy00MzVlLTk0MDAtNjRhMjhjYTM4Yjk3/detail"
"4","ルーム１０２","1","90","5.5","t","2","1","1","3","t","f","t","2024-12-14 14:18:16.886722","2026-04-11 01:01:36.664478","9fed505e-e23b-4f1a-8397-0126b362f368","0","f","f","f","f","f","f","f","f","t","f","f","f","f","f","f","f","f","t","t","f","[""2fd7264106229e2a11858ec1f081f429(2).jpeg""]","[""64f0d8215a27fa771fb08dc8f3c368e4(2).jpeg""]","[""dd0283976c2cbd01cd8be30f19d562a9(2).jpeg"",""2fd7264106229e2a11858ec1f081f429(2).jpeg""]","2025-08-31 09:38:23.636253","予約の件","ありがとうございます。","鏡面は鏡面は２面！快適な環境！","297","https://view.ricoh360.com/edb6c37f-119b-48de-ae37-d9777d270c89?type=compact","240","6","0",,,"1","【TEST】ダンススタジオラボ","東京都新宿区ダミー","テスト","2024-12-12 22:41:18.401158","2025-12-25 09:38:46.720583","7","9efe78ce-29e2-4db7-9275-8e2f5a2ecbb6","1",,"03-3333-3333",,"ご予約ありがとうございます","広くて綺麗なスタジオです","f","00:00:00","00:00:00","f","00:00:00","00:00:00","f","00:00:00","00:00:00","f","00:00:00","00:00:00","f","00:00:00","00:00:00","f","00:00:00","00:00:00","f","00:00:00","00:00:00","f","t",,"https://dance-studio-lab.com/room/OWZlZDUwNWUtZTIzYi00ZjFhLTgzOTctMDEyNmIzNjJmMzY4/detail"
"8","503","1","70","3.5","t","0","0","1","3","f","f","f","2024-12-26 05:09:56.41618","2026-04-10 08:56:57.715578","04eb774a-87b1-4054-a9ed-00e114da875f","1","t","t","f","f","f","t","t","f","t","f","f","f","f","f","f","f","f","f","f","f","[""9659a1bf1e844c18efab23d81d773b6e.png""]",,,"2025-08-31 09:43:28.163254","あああ","あああ","十分な広さ。",,"","10","6","0",,,"1","【TEST】ダンススタジオラボ","東京都新宿区ダミー","テスト","2024-12-12 22:41:18.401158","2025-12-25 09:38:46.720583","7","9efe78ce-29e2-4db7-9275-8e2f5a2ecbb6","1",,"03-3333-3333",,"ご予約ありがとうございます","広くて綺麗なスタジオです","f","00:00:00","00:00:00","f","00:00:00","00:00:00","f","00:00:00","00:00:00","f","00:00:00","00:00:00","f","00:00:00","00:00:00","f","00:00:00","00:00:00","f","00:00:00","00:00:00","f","t",,"https://dance-studio-lab.com/room/MDRlYjc3NGEtODdiMS00MDU0LWE5ZWQtMDBlMTE0ZGE4NzVm/detail"
"16","709","1","45","3","t","0","0","0","3","t","t","t","2025-01-02 21:29:54.53759","2026-04-10 08:56:59.593076","b0a7c396-668c-41bb-94cf-590fa06c1a59","0","t","t","f","f","t","f","t","t","t","t","t","t","f","f","f","f","f","f","f","f","[""4e76cdd6378ae3755e3b18fef8983491.png""]",,,"2025-08-31 09:46:06.265486",,,"テストの部屋です",,"","5","6","0",,,"1","【TEST】ダンススタジオラボ","東京都新宿区ダミー","テスト","2024-12-12 22:41:18.401158","2025-12-25 09:38:46.720583","7","9efe78ce-29e2-4db7-9275-8e2f5a2ecbb6","1",,"03-3333-3333",,"ご予約ありがとうございます","広くて綺麗なスタジオです","f","00:00:00","00:00:00","f","00:00:00","00:00:00","f","00:00:00","00:00:00","f","00:00:00","00:00:00","f","00:00:00","00:00:00","f","00:00:00","00:00:00","f","00:00:00","00:00:00","f","t",,"https://dance-studio-lab.com/room/YjBhN2MzOTYtNjY4Yy00MWJiLTk0Y2YtNTkwZmEwNmMxYTU5/detail"
"74","1013","1","90","5","t","1","1","1","1","t","t","t","2025-08-26 12:57:39.591758","2025-12-19 22:09:01.891694","47669067-9c42-45f0-9674-19f7d05d0609","1","t","t","t","f","f","f","f","t","t","t","t","f","f","f","f","f","f","f","f","f","[""8a06c1337d19ab3ff830aa38ab394e8c.png""]",,,,"予約の件","a
","照明の無料レンタル実施中",,"","60","6","0",,,"1","【TEST】ダンススタジオラボ","東京都新宿区ダミー","テスト","2024-12-12 22:41:18.401158","2025-12-25 09:38:46.720583","7","9efe78ce-29e2-4db7-9275-8e2f5a2ecbb6","1",,"03-3333-3333",,"ご予約ありがとうございます","広くて綺麗なスタジオです","f","00:00:00","00:00:00","f","00:00:00","00:00:00","f","00:00:00","00:00:00","f","00:00:00","00:00:00","f","00:00:00","00:00:00","f","00:00:00","00:00:00","f","00:00:00","00:00:00","f","t",,"https://dance-studio-lab.com/room/NDc2NjkwNjctOWM0Mi00NWYwLTk2NzQtMTlmN2QwNWQwNjA5/detail"
"112","あ","1",,,"f",,,,,"f","f","f","2026-04-15 19:12:11.433314","2026-04-15 19:13:24.64371","78ed2c42-a754-46f7-973a-d8b73cc22d6d",,"f","f","f","f","f","f","f","f","f","f","f","f","f","f","f","f","f","f","f","f","[""1279729ef0aaabec8b7ece262b0134df(2).png""]",,"[""c23a770ac96932c7f88a13b1f5fbc92d(2).png"",""116248b8a0c70e7867451fe0e0f744ff(2).png"",""19b869870e4e9f73c187ad2f3acb4a38(2).png""]",,,,"",,"","0","6","0","f","f","1","【TEST】ダンススタジオラボ","東京都新宿区ダミー","テスト","2024-12-12 22:41:18.401158","2025-12-25 09:38:46.720583","7","9efe78ce-29e2-4db7-9275-8e2f5a2ecbb6","1",,"03-3333-3333",,"ご予約ありがとうございます","広くて綺麗なスタジオです","f","00:00:00","00:00:00","f","00:00:00","00:00:00","f","00:00:00","00:00:00","f","00:00:00","00:00:00","f","00:00:00","00:00:00","f","00:00:00","00:00:00","f","00:00:00","00:00:00","f","t",,"https://dance-studio-lab.com/room/NzhlZDJjNDItYTc1NC00NmY3LTk3M2EtZDhiNzNjYzIyZDZk/detail"
"3","test room 1","4",,,"f",,,,,"f","f","f","2024-12-13 09:16:48.112225","2026-04-15 16:16:49.429052","35a84119-99a0-456d-ad69-bd7c3abfea3d",,"f","f","f","f","f","f","f","f","f","f","f","f","f","f","f","f","f","f","f","f",,,,,,,"",,"","0","6","0","f","f","4","test studio 1","","","2024-12-13 09:15:51.25405","2026-01-14 14:13:45.300975","10","6abe28f8-aa13-41fc-a1ac-241f7b17cec3","0",,"",,"","","f",,,"t",,,"t",,,"t",,,"t",,,"t",,,"t",,,"t","t",,"https://dance-studio-lab.com/room/MzVhODQxMTktOTlhMC00NTZkLWFkNjktYmQ3YzNhYmZlYTNk/detail"
"5","江戸川橋スタジオ","5","45",,"f","2","0","0","1","f","f","f","2024-12-23 21:17:01.135899","2026-03-02 16:32:21.235009","5c74e860-5591-4752-89e4-ec74f0e9b8fc",,"f","f","f","t","t","f","t","f","f","t","f","f","t","f","f","t","f","f","f","f","[""fd7f46aae45a72f95d26d3f022c7ffc9(2).jpeg""]","[""1ba63d5dd76897ee9e7a5138ab4f6ab5(2).jpeg""]","[""560b913b0ed37a9d72b7dc703b3d5607(2).jpeg"",""e3a298d3f06884eca8a090f1bbabe636(2).jpeg"",""2d2b09b27d051cc886a20705eec93b90(2).jpeg"",""fd7f46aae45a72f95d26d3f022c7ffc9(2).jpeg"",""4f4da68a444d43fe95e93db4f569da93(2).jpeg"",""14e9cafbceaff938ec9d86e9277db15a(2).jpeg"",""123b55c7e067aa1fa364e48fe6b73af2(2).jpeg"",""60a403cde8eac2e16e4db760f868f99c(2).jpeg"",""4c989042e9d5ec35bc012dc57d52e0d7(2).jpeg"",""96c7c961e93e7d08084de906d24617ff(2).jpeg"",""7d1ccc554c219e5fd7ff00e3374cca89(2).jpeg""]","2026-03-02 16:32:21.082367",,,"多目的にお使いいただけます。駅近！格安！きれい！をモットーにしています。","256","https://view.ricoh360.com/9bf1d9fa-861d-4bf0-95c0-8f42a6dc8dfc","15","3","0","f","f","5","スタジオピアーチェ江戸川橋店","東京都文京区水道2-10-7エクセルビル地下一階","ご予約いただきましてどうもありがとうございます。
ご利用の際にはお客様同士のトラブルになりますので時間厳守でお願い致します。

【江戸川橋店入室方法】
当日は入り口がオートロックとなっております。
黒いカバーを開けると番号キーがありますので
鍵の番号「※0113※」を押して開けてください。※も押してください。

【退室方法】
退出時、鍵の締め方はドアを閉めて鍵マークを押すと閉まります。
お帰りの際は消灯、施錠、清掃を必ずお願いいたします。
退出後、階段上の入り口の道路付近で溜まらずに速やかにお帰りください。

【注意事項】
１．窓開放厳禁
窓は開けないでください。音が漏れて苦情につながる場合がございます。
１－２．音量計測器ご利用のお願い
音を出す際には必ず計測器をお使いいただき、事前に音量の最大値をご確認ください。計測器で85を超えない数値の音量でご利用ください。
２．室内土足禁止
入り口で靴を脱いでいただき、室内にある緑のシートの上または靴棚に置いてください。
３．喫煙
室内、出口付近での喫煙は厳禁です。
４．鏡
鏡は割れやすいのでもたれたり触ったりしないようお願い致します。

ルールを守り時間内はご自由にお使い下さい。
不明な点はご連絡下さい。
よろしくお願い致します。","2024-12-21 22:37:05.477292","2026-03-02 16:31:55.270517","43","8c97bb41-86b7-4f4d-b3e2-59fbb7fd3e51","1",,"050-3635-2093","2026-03-02 16:31:55.253329","【ご予約完了】江戸川橋店ご利用方法についてのご案内","激安！！駅近！24時間利用可能なレンタルダンススタジオ","f","00:00:00","23:59:00","f","00:00:00","23:59:00","f","00:00:00","23:59:00","f","00:00:00","23:59:00","f","00:00:00","23:59:00","f","00:00:00","23:59:00","f","00:00:00","23:59:00","f","t",,"https://dance-studio-lab.com/room/NWM3NGU4NjAtNTU5MS00NzUyLTg5ZTQtZWM3NGYwZTliOGZj/detail"
"6","春日後楽園スタジオ","6","56",,"f","2","0","0","1","f","f","f","2024-12-23 21:22:18.030336","2026-03-02 16:33:15.948164","0de31f8a-8496-4b9d-9b79-5dfbb47903d4",,"f","f","t","t","t","f","t","t","f","t","t","f","t","t","f","t","f","f","f","f","[""777eb5ca83689ab8599757ac22bd2eb9.jpg""]","[""2298705f7f6fc48106901c960f4650bd.png""]","[""d4998201fa9ab4c0a0780bcde20d21b4.jpg"",""777eb5ca83689ab8599757ac22bd2eb9.jpg"",""579768e000932b91f1d73b5728a9f99b.jpg"",""cef51f1c5ca4d3e87526c41bcd6aa04a.jpg"",""8de85892ebf495375e352d6785334adb.jpg""]","2026-03-02 16:33:15.874516",,,"文京区の後楽園駅から徒歩8分という好立地！春日駅からも歩けます。当日利用可能！","254","https://view.ricoh360.com/ba941301-2c8d-4457-833c-d213af3d9d99","15","3","0","f","f","6","スタジオピアーチェ春日後楽園店","東京都文京区春日2丁目23番11号　コア伝通院アネックス地下一階","ご予約は完了致しましたので以降のキャンセルはできません。

【ご利用時の注意】
入り口横の『駐輪場』に立ち入ることは絶対にやめてください。
溜まったり、喫煙することは厳禁です。発見された場合には警察に通報される場合があります。
絶対にしないようにご利用者の方全員に周知をお願いします。

後楽園店1階の入り口の扉は必ず開けっぱなしにせず閉めてください。

【後楽園店入室方法】
1階の入り口はそのままお入りください。
美容室側ではなく美容室の裏手にあるガラスの扉が入り口になります。
階段を下がると突き当たりに扉があります。

ドアノブにキーボックスがございますので鍵の番号を「6237」に合わせて番号の左側の黒いツマミを下に押すと蓋が開きます。中に鍵が入っていますのでそちらの鍵で開けてご利用ください。

必ず鍵は部屋の中には持ち込まずキーボックスに戻して靴を脱いで中にお入りください。

【退室方法】
退出時、床をモップがけしていただき、ご退出ください。扉の鍵を閉めたらキーボックスに鍵を入れ、蓋を閉め、番号キーを「0000」に合わせてください。

お帰りの際は消灯、施錠、清掃を必ずお願いいたします。
退出後、階段上の入り口の道路付近で溜まらずに速やかにお帰りください。

【注意事項】
１．窓開放厳禁
窓は開けた状態で音は出さないでください。音が漏れて苦情につながる場合がございます。換気のために開ける際も音は出さないでください。音を出す際は窓を閉めてください。

２．室内土足禁止
入り口で靴を脱いでいただき、室内にある靴棚に置いてください。

３．扉は閉めてご利用ください
入り口の扉は閉めてご利用ください。1階の扉は鍵は閉めずに扉のみ必ず閉めてください。

４．喫煙
室内、出口付近での喫煙は厳禁です。

５．鏡
鏡は割れやすいのでもたれたり触ったりしないようお願い致します。

６.自転車など
当スタジオには自転車やバイクなどの駐車スペースはありませんのでお越しになる際はご利用されないようにお願いいたします。

７.1階の入り口横の駐輪場内での喫煙、立ち話、待機はNGです。絶対にしないようにご利用者の方全員に周知をお願いします。

ご利用の開始時間前には入らないでください。
終了時間前には必ず完全退出して下さい。
お客様同士のトラブルになりますので時間厳守でお願い致します。

ルールを守り時間内はご自由にお使い下さい。

不明な点はご連絡下さい。
お問い合わせはこちらまで。
studio.piace.555@gmail.com

よろしくお願い致します。","2024-12-21 22:42:05.548869","2026-03-02 16:32:41.713917","43","44b444e2-ee07-452f-a387-59342ab1e0de","1",,"050-3635-2093","2026-03-02 16:32:41.70331","【ご予約完了】春日後楽園店ご利用方法についてのご案内","安くて綺麗なレンタルダンススタジオ","f","08:00:00","23:59:00","f","08:00:00","23:59:00","f","08:00:00","23:59:00","f","08:00:00","23:59:00","f","08:00:00","23:59:00","f","08:00:00","23:59:00","f","08:00:00","23:59:00","f","t",,"https://dance-studio-lab.com/room/MGRlMzFmOGEtODQ5Ni00YjlkLTliNzktNWRmYmI0NzkwM2Q0/detail"
"7","池袋スタジオ","7","100",,"f","2","0","0","1","f","f","f","2024-12-23 21:25:06.850877","2026-04-27 23:39:37.796442","b08aa2d5-bafe-4447-bc9f-35609f07512b",,"f","f","t","t","t","f","t","t","t","t","t","t","t","t","f","f","f","f","f","f","[""84da3681c55efea8277d346e8d6c16c1(2).JPG""]","[""9567b8a18cfb70815f5bf73603bcf41e(2).jpg""]","[""84da3681c55efea8277d346e8d6c16c1(2).JPG"",""8b3083145d489b389fe363d685a86acc(2).JPG"",""30bfc03ee0a66b94b9f580efd7089f02(2).JPG"",""92dc63962309b3614aa8439eaff9f218(2).JPG""]","2026-04-27 23:39:37.714046",,,"広いスタジオなので格闘技の練習や大学のダンスサークルの練習などでも多く利用されています。","258","https://view.ricoh360.com/e12c65a5-a459-4ddc-9ddc-393e62f27a68","10","3","0","f","f","7","スタジオピアーチェ池袋店","東京都豊島区池袋本町1-7-1　池袋本町ビル地下１階","ご予約いただきまして誠にありがとうございます。

池袋店は地下一階です。入り口がわかりにくいのですが、一階の店舗さんへ直接入って場所を確認することは絶対にしないでください。

入り口は公園とビルの間の道沿いです。大通り沿いにはありません。

ビルの一階入り口付近には絶対に待機しないでください。
利用前後ともに待機は厳禁です。待機する場合は近くの公園にてお願いいたします。待機されているのが発見された場合、警察に通報されます。
メンバーの方々に周知をお願いいたします。
通報された場合はご利用者様の責任となりますのでご注意ください。

【池袋店入室方法】
階段をおりますと左にお部屋の入り口があります。鍵の開け方は「C」を押してから鍵の番号「59673」を押して番号下にある丸いノブを左に回して、開けてください。上の鍵は無視して下のダイヤルロックのみ解除してください。

【退室方法】
退出時、掃除をしていただき、電気・空調を消してください。鍵の締め方はドアを閉めて番号下にある丸いノブを右に回すと閉まります。上のノブの鍵は無視してください。

ごみは必ずお持ち帰りください。

退出後、階段上の入り口の道路付近で溜まらずに速やかにお帰りください。


【注意事項】
1.駐車場出入り口周辺及び建物入り口周辺の自転車・バイクの駐車は絶対にやめてください。待機も厳禁です。
自転車やバイクなどではこないようにお願いします。駐車場契約者から警察に通報されてしまうため、必ず厳守してください。

2.室内、ビル１階及びビル付近では禁煙です。
必ず近くの公園などでお願い致します。吸殻はお持ち帰りください。

3.室内土足禁止
入り口で靴を脱いでいただき、室内にある靴棚においてください。

4.鏡
鏡は割れやすいのでもたれたり、触ったりしないようにお願い致します。

ルールを守り、時間内はご自由にお使いください。
不明点はご連絡ください。
何卒よろしくお願い致します。","2024-12-21 22:44:22.496189","2026-03-02 16:33:51.689112","43","02ba94cf-bd3a-4eba-bff5-96ee6af17964","1",,"050-3635-2093","2026-03-02 16:33:51.678885","【ご予約完了】池袋店ご利用方法についてのご案内","池袋から徒歩10分！約100平米の広いスタジオ！24時間利用可能！","f","00:00:00","23:59:00","f","00:00:00","23:59:00","f","00:00:00","23:59:00","f","00:00:00","23:59:00","f","00:00:00","23:59:00","f","00:00:00","23:59:00","f","00:00:00","23:59:00","f","t",,"https://dance-studio-lab.com/room/YjA4YWEyZDUtYmFmZS00NDQ3LWJjOWYtMzU2MDlmMDc1MTJi/detail"
"26","ルーム１０１","8",,,"f",,,,,"f","f","f","2025-03-20 12:37:39.797927","2025-03-20 12:37:39.797927","d5fd5479-18dd-466f-b716-eb9fe4f1211f",,"f","f","f","f","f","f","f","f","f","f","f","f","f","f","f","f","f","f","f","f",,,,,,,"",,"","0","6","0",,,"8","【TEST】","東京都新宿区ダミー","","2024-12-22 04:36:10.138034","2025-12-25 00:42:28.266749","7","dbea88e6-4ac4-4f2c-9dad-82d3f7360ea4","0",,"",,"","広くて綺麗なスタジオです","f","10:00:00","18:00:00","f","10:00:00","18:00:00","f","10:00:00","18:00:00","f","10:00:00","18:00:00","f","10:00:00","18:00:00","f","10:00:00","18:00:00","f","10:00:00","18:00:00","f","t",,"https://dance-studio-lab.com/room/ZDVmZDU0NzktMThkZC00NjZmLWI3MTYtZWI5ZmU0ZjEyMTFm/detail"
"9","1st ","9","111.4","6","t","2","0","1","1","f","t","f","2024-12-26 21:36:42.096007","2026-03-02 19:40:28.063236","5747ec74-9baf-448c-a917-93c93ccb7bd7","0","f","f","t","f","t","f","t","t","t","t","t","t","t","f","f","t","f","f","f","f","[""1dd7683b3d938fda1c4b73ec5744c178(2).jpg""]","[""12ddc3965d0924fed61de460e70da21b(2).jpg""]","[""cc4bc2b9c4abaf30c333bfb1d116aefc(2).jpg"",""5c47ac6a1562b699a65098b376757462(2).jpg"",""4cc2efaba845189ea952b3150a94beb3(2).jpg""]","2026-03-02 19:40:27.978927","予約完了のお知らせ","ご予約ありがとうございました。

＝＝＝＝＝＝＝＝＝
スタジオ内Wi-Fi
ID:BUZZ_fukuokahonten
PASS:buzz88888
＝＝＝＝＝＝＝＝＝

【重要】
22:00-7:30はビル正面入り口が施錠されます。
⚠エレベーターは一番左のみ使用可能です。

※建物入り口※
[事前準備]
BUZZ公式LINEを登録する。
▼BUZZ公式LINE
https://lin.ee/qHq8BQ7

[当日22:00～7:30]
1)右手の小道から裏口に回る。
2)BUZZ公式LINEのリッチメニューから「解錠」をタップ
3)「BUZZ福岡本店」→「BUZZ福岡本店裏口テンキー」の順にタップ
4)裏口のテンキーに表示された番号を入力して解錠


※各部屋内※
4)「BUZZ福岡本店」→「ご利用のお部屋」を選択後、「解錠する」をタップして解錠ください。
（順次設置となるため、まだ解錠が必要ない店舗もございます。その場合は解錠せずにご入店ください。未設定の店舗はエラー表記となります。）

【注意】
置き引きにご注意ください。
スタジオを離れる際は貴重品を肌身離さずお持ちください。
お客様のご理解とご協力をお願いいたします。
※スタジオ内での盗難等については責任を負いかねます。

※スタジオご利用に関するお願い※

・ゴミの持ち帰り
・退室前の簡単な清掃
・音量を上げすぎない
・スタジオ周辺でたむろしない、騒がない

これらを守って皆様が気持ちよくご利用頂けるようご協力よろしくお願いいたします。
ホームページに記載の利用規約をご確認くださいませ。


※路上駐車注意表記※
近頃、隣接ビルの敷地内にBUZZご利用者の送迎車の無断侵入が確認されております。
当ビルまたは近隣建物への駐停車は他テナントの迷惑となるため禁止です。
近隣駐車場をご利用ください。（HP下部近隣駐車場「特P」リンク参照）
ご予約者様はご自身のみならず、【ご利用者様全員】への周知徹底をお願いいたします
。

","【BUZZ最大👑110㎡】ハイクオリティな超大型スタジオ!!WS/撮影/リハなど✨","178","","0","2","0","f","f","9","BUZZ福岡本店","福岡県福岡市中央区渡辺通5丁目13−11天神渡辺通ビル　2階","","2024-12-26 13:49:16.700394","2025-12-25 00:42:28.317494","16","b3035dd5-4c80-42f5-be32-d523bbf28353","1",,"","2025-08-31 20:59:48.253225","","【BUZZ最大👑110㎡】防音室完備！設備充実のハイクオリティスタジオ　全12部屋","f","06:00:00","06:00:00","f","06:00:00","06:00:00","f","06:00:00","06:00:00","f","06:00:00","06:00:00","f","06:00:00","06:00:00","f","06:00:00","06:00:00","f","06:00:00","06:00:00","f","t",,"https://dance-studio-lab.com/room/NTc0N2VjNzQtOWJhZi00NDhjLWE5MTctOTNjOTNjY2I3YmQ3/detail"
"10","Ast","12","60.3","4.5","t","2","0","2","1","f","t","f","2024-12-29 20:10:55.891667","2026-03-02 19:34:15.298218","bce3df4c-4b42-4e88-9896-6685db3bf78f",,"f","f","t","f","t","f","t","t","t","t","f","t","t","f","f","f","f","f","f","t","[""c29748e4980a7907101454b551679f8d(2).jpg""]","[""9ccbd811feb9a76f2b4178d325269471(2).jpg""]","[""ea552fd356ba088f6e9b3794bfcbfca7(2).jpg"",""6534105864e55927fe33175deaab475f(2).jpg"",""5acf12db3c5495294fe76ddb0c3005c1(2).jpg"",""1ef4be31a4caa27f491b3050d76b6ab8(2).jpg"",""6bcf6711748e8ee58961f8cc6e79260a(2).jpg""]","2026-03-02 19:34:15.167895","予約完了のお知らせ","ご予約ありがとうございました。

【厳守】
建物入り口屯禁止
行為を見つけた場合、警察へ通報されます。
ご注意ください。

＝＝＝＝＝＝＝＝＝
スタジオ内Wi-Fii
ID:BUZZ_miyashita
パスワード:buzz88888
＝＝＝＝＝＝＝＝＝

※必読※
入室時スマートロックによる解除が始まりました。
▼BUZZ公式LINE
https://lin.ee/qHq8BQ7

【 解錠の流れ 】
①事前にBUZZ公式LINEを登録する。
②当日、LINEのリッチメニューに表示されます「開錠」ボタンよりご利用の店舗を選択後、「解除する」をタップして解錠ください。
（順次設置となるため、まだ解錠が必要ない店舗もございます。その場合は解錠せずにご入店ください。未設定の店舗はエラー表記となります。）

【注意】
置き引きにご注意ください。
スタジオを離れる際は貴重品を肌身離さずお持ちください。
お客様のご理解とご協力をお願いいたします。
※スタジオ内での盗難等については責任を負いかねます。

※スタジオご利用に関するお願い※
ゴミの持ち帰りと簡単な清掃を行ってください。
また、隣のスタジオに音が響きますのでオーディオをご利用の際には音量を上げすぎないようご注意ください。
皆様が気持ちよくご利用頂けるようご協力よろしくお願いいたします。
","【渋谷最大60㎡超え】LED完備・高音質スピーカー・鏡面約8ｍ　設備もこだわりのスペシャルスタジオ誕生✨","109","https://view.ricoh360.com/a771de61-596c-47db-a335-2c800ef9f497","0","2","0","f","f","12","BUZZ渋谷宮下PARK","東京都渋谷区神宮前6-18-10海老名ビル地下1階","","2024-12-29 20:06:12.680566","2025-12-25 00:42:28.311756","16","67d1c7e8-ba5a-4bf1-97a4-ca1ec1cee17a","1",,"","2025-11-01 10:11:46.702367","","【最大60㎡】大小様々な用途に合わせた3部屋！","f","00:00:00","00:00:00","f","00:00:00","00:00:00","f","00:00:00","00:00:00","f","00:00:00","00:00:00","f","00:00:00","00:00:00","f","00:00:00","00:00:00","f","00:00:00","00:00:00","f","t",,"https://dance-studio-lab.com/room/YmNlM2RmNGMtNGI0Mi00ZTg4LTk4OTYtNjY4NWRiM2JmNzhm/detail"
"11","1st ","13","80.1","5","t","2","1","1","1","f","t","f","2024-12-29 20:20:37.303777","2026-03-02 17:37:20.343215","27f0cdee-dfcb-4be1-b3f7-9346bf6c964f",,"f","f","t","f","t","f","t","t","t","t","f","t","t","f","f","f","f","f","f","t","[""847293ab4a9e717d451091981c7f1b01(2).jpg""]","[""dcf1c01dac5d94710bb4eae09794a03c(2).jpg""]","[""dedd6fab5c9cb7d456f82effbfc7e6bf(2).jpg"",""0b1acb593c46b66923b67c307007fe8b(2).jpg"",""de15350efc544ce04f4b0f4dbcd950d8(2).jpg"",""c828a64e15f83c2630563ddb839c8a15(2).jpg"",""a6fd8137dc07b0f65ec4498d137dcfa8(2).jpg""]","2026-03-02 17:37:20.303086","予約完了のお知らせ","ご予約ありがとうございました。


【厳守】
建物入り口屯禁止
行為を見つけた場合、警察へ通報されます。
ご注意ください。

＝＝＝＝＝＝＝＝＝
スタジオ内Wi-Fii
ID：BUZZ_bayside
PASS：buzz88888
＝＝＝＝＝＝＝＝＝

※必読※
入室時スマートロックによる解除が始まりました。
▼BUZZ公式LINE
https://lin.ee/qHq8BQ7

【 解錠の流れ 】
①事前にBUZZ公式LINEを登録する。
②当日、LINEのリッチメニューに表示されます「開錠」ボタンよりご利用の店舗を選択後、「解除する」をタップして解錠ください。
（順次設置となるため、まだ解錠が必要ない店舗もございます。その場合は解錠せずにご入店ください。未設定の店舗はエラー表記となります。）

【注意】
置き引きにご注意ください。
スタジオを離れる際は貴重品を肌身離さずお持ちください。
お客様のご理解とご協力をお願いいたします。
※スタジオ内での盗難等については責任を負いかねます。

※スタジオご利用に関するお願い※
ゴミの持ち帰りと簡単な清掃を行ってください。
また、隣のスタジオに音が響きますのでオーディオをご利用の際には音量を上げすぎないようご注意ください。
皆様が気持ちよくご利用頂けるようご協力よろしくお願いいたします。


","【完全防音】『80㎡　大型リハスタ誕生！』高音質スピーカー完備、鏡面9m✨","190","https://view.ricoh360.com/f248db18-e11e-48f5-a188-fbd13644f27b","0","2","0","f","f","13","BUZZ BAYSIDE(浜松町)","東京都港区浜松町2-7-15　日本工知築第2号館地下１階","","2024-12-29 20:15:11.1221","2025-12-25 00:42:28.305874","16","05b391e9-2292-4c42-87c3-f5f47f350aeb","1",,"","2025-11-01 10:13:09.199471","","【最大80㎡】大小様々な用途に合わせた3部屋！","f","06:00:00","06:00:00","f","06:00:00","06:00:00","f","06:00:00","06:00:00","f","06:00:00","06:00:00","f","06:00:00","06:00:00","f","06:00:00","06:00:00","f","06:00:00","06:00:00","f","t",,"https://dance-studio-lab.com/room/MjdmMGNkZWUtZGZjYi00YmUxLWIzZjctOTM0NmJmNmM5NjRm/detail"
"12","1st ","14","30","3.5","t","2","2","2","1","f","t","f","2024-12-29 20:34:50.765929","2026-04-01 23:34:35.362586","9e9f3b42-9cee-43ae-af7a-a3a4627fc8b1",,"f","f","t","f","t","f","t","t","t","t","f","t","t","f","f","f","f","f","f","t","[""f049e84a6679d6500af54f5d608b6fce.jpg""]","[""ad0162a304ac80bcfa7eb938b5486f9f.jpg""]","[""d2d0fe7153ffe84027a9b454211b56bb.jpg"",""7ae792698e37ca9e85050322a736f60f.jpg"",""72193a9eb56d7786f304528eab3132d6.jpg""]","2026-04-01 23:34:35.308769","予約完了のお知らせ","ご予約ありがとうございました。

＝＝＝＝＝＝＝＝＝
スタジオ内Wi-Fii
ID：BUZZ_minamiikebukuro_1
PASS：buzz88888
＝＝＝＝＝＝＝＝＝

※必読※
入室時スマートロックによる解除が始まりました。
▼BUZZ公式LINE
https://lin.ee/qHq8BQ7

【 解錠の流れ 】
①事前にBUZZ公式LINEを登録する。
②当日、LINEのリッチメニューに表示されます「開錠」ボタンよりご利用の店舗を選択後、「解除する」をタップして解錠ください。
（順次設置となるため、まだ解錠が必要ない店舗もございます。その場合は解錠せずにご入店ください。未設定の店舗はエラー表記となります。）

【注意】
置き引きにご注意ください。
スタジオを離れる際は貴重品を肌身離さずお持ちください。
お客様のご理解とご協力をお願いいたします。
※スタジオ内での盗難等については責任を負いかねます。

※スタジオご利用に関するお願い※
ゴミの持ち帰りと簡単な清掃を行ってください。
また、隣のスタジオに音が響きますのでオーディオをご利用の際には音量を上げすぎないようご注意ください。
皆様が気持ちよくご利用頂けるようご協力よろしくお願いいたします。

","【モダンテイストROOM】奥行◎使いやすい中型スタジオ！","136","https://view.ricoh360.com/7beee7a9-3764-4472-8ddc-549472b90059","0","2","0","f","f","14","BUZZ南池袋","東京都豊島区南池袋 3丁目18−37　ベストフレンドビル","","2024-12-29 20:27:40.449908","2025-12-25 00:42:28.323469","16","53b9b1f2-ff57-4277-94cf-b20671aa7346","1",,"","2025-11-01 10:13:53.206868","","【コスパ最強!!30分150円～】撮影映えに特化したスタジオも✨全11部屋","f","06:00:00","06:00:00","f","06:00:00","06:00:00","f","06:00:00","06:00:00","f","06:00:00","06:00:00","f","06:00:00","06:00:00","f","06:00:00","06:00:00","f","06:00:00","06:00:00","f","t",,"https://dance-studio-lab.com/room/OWU5ZjNiNDItOWNlZS00M2FlLWFmN2EtYTNhNDYyN2ZjOGIx/detail"
"13","10st","14","30","3.5","t","2","2","2","1","f","t","f","2024-12-29 20:39:30.515444","2026-04-01 23:32:51.077031","3251d3b8-70b0-459d-8f1b-6457dcc1285b",,"f","f","t","f","t","f","t","t","t","t","f","t","t","f","f","f","f","f","f","t","[""e92a2b4d7421154237597e8f4553d540.jpg""]","[""95d6873dbf8f2449768ef3485b4bf04d.jpg""]","[""cb1f126a300d96817825c35c5c7b58a2.jpg"",""8b1b788bb176d53eb6b25e9c3df090c1.jpg"",""e72924d5e3656c5007cc2a37939b7e99.jpg"",""c8f3ef44c2cf1e200209d2f243052149.jpg""]","2026-04-01 23:32:51.014681","予約完了のお知らせ","ご予約ありがとうございました。

＝＝＝＝＝＝＝＝＝
スタジオ内Wi-Fii
ID：BUZZ_minamiikebukuro_4
PASS：buzz88888
＝＝＝＝＝＝＝＝＝

※必読※
入室時スマートロックによる解除が始まりました。
▼BUZZ公式LINE
https://lin.ee/qHq8BQ7

【 解錠の流れ 】
①事前にBUZZ公式LINEを登録する。
②当日、LINEのリッチメニューに表示されます「開錠」ボタンよりご利用の店舗を選択後、「解除する」をタップして解錠ください。
（順次設置となるため、まだ解錠が必要ない店舗もございます。その場合は解錠せずにご入店ください。未設定の店舗はエラー表記となります。）

【注意】
置き引きにご注意ください。
スタジオを離れる際は貴重品を肌身離さずお持ちください。
お客様のご理解とご協力をお願いいたします。
※スタジオ内での盗難等については責任を負いかねます。

※スタジオご利用に関するお願い※
ゴミの持ち帰りと簡単な清掃を行ってください。
また、隣のスタジオに音が響きますのでオーディオをご利用の際には音量を上げすぎないようご注意ください。
皆様が気持ちよくご利用頂けるようご協力よろしくお願いいたします。

","【💚POPでCUTEなお部屋💚】使いやすい中型スタジオ！","135","https://view.ricoh360.com/48f71b6f-78c3-4f50-a792-defb039babc1","0","2","0","f","f","14","BUZZ南池袋","東京都豊島区南池袋 3丁目18−37　ベストフレンドビル","","2024-12-29 20:27:40.449908","2025-12-25 00:42:28.323469","16","53b9b1f2-ff57-4277-94cf-b20671aa7346","1",,"","2025-11-01 10:13:53.206868","","【コスパ最強!!30分150円～】撮影映えに特化したスタジオも✨全11部屋","f","06:00:00","06:00:00","f","06:00:00","06:00:00","f","06:00:00","06:00:00","f","06:00:00","06:00:00","f","06:00:00","06:00:00","f","06:00:00","06:00:00","f","06:00:00","06:00:00","f","t",,"https://dance-studio-lab.com/room/MzI1MWQzYjgtNzBiMC00NTlkLThmMWItNjQ1N2RjYzEyODVi/detail"
"14","11st","14","30","3.5","t","2","2","2",,"f","t","f","2024-12-29 20:43:14.013753","2026-04-01 23:33:53.065052","10cd151e-1787-4788-90ad-7b99c89705c8",,"f","f","t","f","t","f","t","t","t","t","f","t","f","f","f","f","f","f","f","t","[""8d8a05c4780b6a291663163702c0f520(2).jpg""]","[""6fc7b600a7d5a0b77041096bd4318578(2).jpg""]","[""0201d7cabdd5fa5b140e98c7b901b266(2).jpg"",""df9fa96768d4f15a83d5507886a94450(2).jpg"",""ee3bd202a54b55d4eff8b76f8c30d6c9(2).jpg"",""19ec8ad20f1dc1e94a3e63ab26d7d974(2).jpg""]","2026-04-01 23:33:53.012915","予約完了のお知らせ","ご予約ありがとうございました。

＝＝＝＝＝＝＝＝＝
スタジオ内Wi-Fii
ID：BUZZ_minamiikebukuro_5
PASS：buzz88888
＝＝＝＝＝＝＝＝＝

※必読※
入室時スマートロックによる解除が始まりました。
▼BUZZ公式LINE
https://lin.ee/qHq8BQ7

【 解錠の流れ 】
①事前にBUZZ公式LINEを登録する。
②当日、LINEのリッチメニューに表示されます「開錠」ボタンよりご利用の店舗を選択後、「解除する」をタップして解錠ください。
（順次設置となるため、まだ解錠が必要ない店舗もございます。その場合は解錠せずにご入店ください。未設定の店舗はエラー表記となります。）

【注意】
置き引きにご注意ください。
スタジオを離れる際は貴重品を肌身離さずお持ちください。
お客様のご理解とご協力をお願いいたします。
※スタジオ内での盗難等については責任を負いかねます。

※スタジオご利用に関するお願い※
ゴミの持ち帰りと簡単な清掃を行ってください。
また、隣のスタジオに音が響きますのでオーディオをご利用の際には音量を上げすぎないようご注意ください。
皆様が気持ちよくご利用頂けるようご協力よろしくお願いいたします。

","【STREET風コンセプトROOM】使いやすい中型スタジオ！","216","https://view.ricoh360.com/60195572-f21c-44ad-825c-75d3c7f3f6b0","0","2","0","f","f","14","BUZZ南池袋","東京都豊島区南池袋 3丁目18−37　ベストフレンドビル","","2024-12-29 20:27:40.449908","2025-12-25 00:42:28.323469","16","53b9b1f2-ff57-4277-94cf-b20671aa7346","1",,"","2025-11-01 10:13:53.206868","","【コスパ最強!!30分150円～】撮影映えに特化したスタジオも✨全11部屋","f","06:00:00","06:00:00","f","06:00:00","06:00:00","f","06:00:00","06:00:00","f","06:00:00","06:00:00","f","06:00:00","06:00:00","f","06:00:00","06:00:00","f","06:00:00","06:00:00","f","t",,"https://dance-studio-lab.com/room/MTBjZDE1MWUtMTc4Ny00Nzg4LTkwYWQtN2I5OWM4OTcwNWM4/detail"
"15","2st","15","19.5","2","t","0","0","2","1","t","t","f","2024-12-29 20:50:38.381283","2026-03-02 19:43:29.563778","f98a8d42-d288-414e-8648-a81d52b81246",,"f","f","t","t","t","f","t","t","t","t","f","t","t","f","f","f","f","f","f","t","[""8c595af2184d989748208605e8674540.jpg""]","[""91b5bc29fd97529bf2c9c86096c60e8e.jpg""]","[""84e6f7e843bb2064824c3348c8e63dbd.jpg""]","2026-03-02 19:43:29.501986",,,"【LED照明あり✨】マンツーマンレッスンや個人練習に！","134","https://view.ricoh360.com/13432b57-8e73-4854-9ba8-2ab5602508d5","0","2","0","f","f","15","BUZZ竹ノ塚","東京都足立区伊興３丁目18-19NYビル3階","ご予約ありがとうございました。

※必読※
入室時スマートロックによる解除が始まりました。
▼BUZZ公式LINE
https://lin.ee/qHq8BQ7

【 解錠の流れ 】
①事前にBUZZ公式LINEを登録する。
②当日、LINEのリッチメニューに表示されます「開錠」ボタンよりご利用の店舗を選択後、「解除する」をタップして解錠ください。
（順次設置となるため、まだ解錠が必要ない店舗もございます。その場合は解錠せずにご入店ください。未設定の店舗はエラー表記となります。）


＝＝＝＝＝＝＝＝＝
スタジオ内  Wi-Fi
ID:BUZZ_takenotsuka
pw:buzz88888
＝＝＝＝＝＝＝＝＝

※お願い※
・ゴミの持ち帰り
・退室前の簡単な清掃
・音量を上げすぎない
・スタジオ周辺でたむろしない、騒がない
これらを守って皆様が気持ちよくご利用頂けるようご協力よろしくお願いいたします。
ホームページに記載の利用規約をご確認くださいませ。

【注意】
置き引きにご注意ください。
スタジオを離れる際は貴重品を肌身離さずお持ちください。
お客様のご理解とご協力をお願いいたします。
※スタジオ内での盗難等については責任を負いかねます。

","2024-12-29 20:46:02.134813","2025-12-25 00:42:28.563954","16","87e882f7-043e-41ca-ba69-ea8049a73ca7","1",,"","2025-11-01 10:14:20.80338","予約完了のお知らせ","【格安!!30分450円～】コスパ最強スタジオ✨","f","06:00:00","06:00:00","f","06:00:00","06:00:00","f","06:00:00","06:00:00","f","06:00:00","06:00:00","f","06:00:00","06:00:00","f","06:00:00","06:00:00","f","06:00:00","06:00:00","f","t",,"https://dance-studio-lab.com/room/Zjk4YThkNDItZDI4OC00MTRlLTg2NDgtYTgxZDUyYjgxMjQ2/detail"
"28","1st","15","18.5","2","t","0","0","2","1","t","t","f","2025-03-25 13:34:53.238734","2026-03-02 19:42:01.32663","efe229db-c795-4f56-8e1b-5413ea899dd4",,"f","f","t","t","f","f","t","t","f","t","f","f","t","f","f","f","f","f","f","f","[""40f236849a1b2f00d76f38e3075e480f(2).jpg""]","[""e945f4e27cbf5f63f0bd7bfaec8ff88e(2).jpg""]","[""2b700fc35dc3925b9fd80ae5be24d9da(2).jpg""]","2026-03-02 19:42:01.265494",,,"【LED照明あり✨】マンツーマンレッスンや個人練習に！","133","","0","2","0","f","f","15","BUZZ竹ノ塚","東京都足立区伊興３丁目18-19NYビル3階","ご予約ありがとうございました。

※必読※
入室時スマートロックによる解除が始まりました。
▼BUZZ公式LINE
https://lin.ee/qHq8BQ7

【 解錠の流れ 】
①事前にBUZZ公式LINEを登録する。
②当日、LINEのリッチメニューに表示されます「開錠」ボタンよりご利用の店舗を選択後、「解除する」をタップして解錠ください。
（順次設置となるため、まだ解錠が必要ない店舗もございます。その場合は解錠せずにご入店ください。未設定の店舗はエラー表記となります。）


＝＝＝＝＝＝＝＝＝
スタジオ内  Wi-Fi
ID:BUZZ_takenotsuka
pw:buzz88888
＝＝＝＝＝＝＝＝＝

※お願い※
・ゴミの持ち帰り
・退室前の簡単な清掃
・音量を上げすぎない
・スタジオ周辺でたむろしない、騒がない
これらを守って皆様が気持ちよくご利用頂けるようご協力よろしくお願いいたします。
ホームページに記載の利用規約をご確認くださいませ。

【注意】
置き引きにご注意ください。
スタジオを離れる際は貴重品を肌身離さずお持ちください。
お客様のご理解とご協力をお願いいたします。
※スタジオ内での盗難等については責任を負いかねます。

","2024-12-29 20:46:02.134813","2025-12-25 00:42:28.563954","16","87e882f7-043e-41ca-ba69-ea8049a73ca7","1",,"","2025-11-01 10:14:20.80338","予約完了のお知らせ","【格安!!30分450円～】コスパ最強スタジオ✨","f","06:00:00","06:00:00","f","06:00:00","06:00:00","f","06:00:00","06:00:00","f","06:00:00","06:00:00","f","06:00:00","06:00:00","f","06:00:00","06:00:00","f","06:00:00","06:00:00","f","t",,"https://dance-studio-lab.com/room/ZWZlMjI5ZGItYzc5NS00ZjU2LThlMWItNTQxM2VhODk5ZGQ0/detail"
"45","レンタルスタジオAivic池袋東口1号店","16","31","3.5","t","2","0",,"2","t","t","f","2025-05-16 01:55:51.446491","2026-04-10 20:21:05.907434","e5505d44-f536-41db-aa07-e97a85b4c451",,"f","f","t","t","f","f","t","t","t","t","f","f","t","t","f","t","t","f","f","t","[""98aa21b26060153f62c9a4ab2f40866c(2).jpg""]","[""57fff6379fd7ba376cbb2ed3e0e1d091.jpg""]",,"2026-04-10 20:21:05.832089",,,"【池袋駅東口7分】綺麗で広いスタジオでダンス・ヨガ・ピラティス・演劇・撮影などにおすすめ☆","38","","0","6","0","f","f","16","レンタルスタジオAivic池袋東口1号店","東京都豊島区東池袋3-11-9 三島ビル501","「レンタルスタジオAivic池袋東口1号店」の当日のご利用方法についてご案内いたします。

【住所】
豊島区東池袋3-11-9 三島ビル501
【Google map】
https://x.gd/Mc8Uq
【スペースまでの道順】
https://x.gd/D87Dr
※当スペースは5階ですが、エレベーターがない点ご了承ください。

【開錠・施錠方法】
お部屋の鍵は予約時間に合わせてスタッフが開けておりますので、カギは不要でそのままご入室いただけます。
施錠も弊社メンバーが行いますので不要です。扉を閉めて、そのままご退室ください。
※玄関扉が閉まりにくい場合がありますので手前に強めに引いて閉めてください。

【注意事項】
※時間前の入室は不可です。利用開始時間以降の入室にご協力お願いします。
※ご予約の直前まで他の利用者のご予約が入っている場合があります。
前の利用者が居ないことを確認してから入室してください。","2024-12-30 00:52:03.105752","2026-04-08 20:50:44.295689","325","633bc96c-9cb4-4d5a-895a-d1d74ba9bcfa","1",,"05018095013","2026-04-08 20:50:44.278842","「レンタルスタジオAivic池袋東口1号店」のご予約ありがとうございます！","【池袋駅東口7分】綺麗で広いスタジオでダンス・ヨガ・ピラティス・演劇・撮影などにおすすめ☆","f","00:00:00","00:00:00","f","00:00:00","00:00:00","f","00:00:00","00:00:00","f","00:00:00","00:00:00","f","00:00:00","00:00:00","f","00:00:00","00:00:00","f","00:00:00","00:00:00","f","t",,"https://dance-studio-lab.com/room/ZTU1MDVkNDQtZjUzNi00MWRiLWFhMDctZTk3YTg1YjRjNDUx/detail"
"46","レンタルスタジオAivic神田","17","27",,"t","2","0",,"2","f","t","f","2025-05-16 02:20:24.745707","2026-04-08 20:53:21.292287","318bbe0c-e77c-4920-87e3-d417a8c75a1c",,"f","f","t","t","f","f","t","t","t","t","f","f","t","t","f","t","f","f","f","t","[""92d6a68cbee0aecbb889d0cde07c1fe6.jpg""]","[""f181978cc23a6a8b3fc50c28bf372107.jpg""]",,"2026-04-08 20:53:21.266421",,,"【神田駅3分】☆ジャンプOK☆ダンス・ヨガなどにおすすめ/1日1回スタッフ完全清掃のスタジオ","50","","0","6","0","f","f","17","レンタルスタジオAivic神田","東京都千代田区神田紺屋町21 高山ビル101","「レンタルスタジオAivic神田」の当日のご利用方法についてご案内いたします。

【住所】
千代田区神田紺屋町21 高山ビル101
【Google map】
https://x.gd/ukHVe
【スペースまでの写真付き道順】
https://x.gd/MYLvp

【開錠方法】
お部屋の鍵は予約時間に合わせてスタッフが開けておりますので、そのままご入室ください。
ご利用完了後はスタッフが清掃と施錠に伺いますので、扉を閉めて鍵はそのままでお帰りください。","2024-12-31 19:29:35.318838","2026-04-08 20:53:08.646296","325","695ac6e2-8eab-4307-97c9-2090e4de91a7","1",,"05018095013","2026-04-08 20:53:08.632697","「レンタルスタジオAivic神田」のご予約ありがとうございます！","【神田駅3分】☆ジャンプOK☆ダンス・ヨガなどにおすすめ/1日1回スタッフ完全清掃のスタジオ","f","07:00:00","22:00:00","f","07:00:00","22:00:00","f","07:00:00","22:00:00","f","07:00:00","22:00:00","f","07:00:00","22:00:00","f","07:00:00","22:00:00","f","07:00:00","22:00:00","f","t",,"https://dance-studio-lab.com/room/MzE4YmJlMGMtZTc3Yy00OTIwLTg3ZTMtZDQxN2E4Yzc1YTFj/detail"
"47","レンタルスタジオAivic高田馬場","18","21",,"t","2","2",,"2","f","t","f","2025-05-16 02:24:32.685524","2026-04-08 20:54:13.254769","3ba1013a-fc16-4850-9e65-5d89676a61fc",,"f","f","t","t","f","f","t","t","t","t","f","f","t","t","f","t","t","f","f","t","[""5ef94cbb05ff1c3ebc22ea4a81269d49(2).jpg""]","[""c74f462756b9505d2d0cd525510b1ac9(2).jpg""]",,"2026-04-08 20:54:13.227949",,,"【高田馬場駅2分】ダンス・ヨガ・撮影などにおすすめ☆1日1回スタッフ完全清掃のスタジオ","53","","0","6","0","f","f","18","レンタルスタジオAivic高田馬場","東京都新宿区高田馬場1-31-8 高田馬場ダイカンプラザ1007","「レンタルスタジオAivic高田馬場」の当日のご利用方法についてご案内いたします。

【住所】
新宿区高田馬場1-31-8 高田馬場ダイカンプラザ1007
【Google map】
https://x.gd/we0lg
【スペースまでの道順】
https://x.gd/7j2YR

【開錠・施錠方法】
お部屋の鍵は予約時間に合わせてスタッフが開けておりますので、カギは不要でそのままご入室いただけます。
施錠も弊社メンバーが行いますので不要です。扉を閉めて、そのままご退室ください。

【注意事項】
※時間前の入室は不可です。利用開始時間以降の入室にご協力お願いします。
※ご予約の直前まで他の利用者のご予約が入っている場合があります。
前の利用者が居ないことを確認してから入室してください。","2024-12-31 19:42:24.40498","2026-04-08 20:54:03.890278","325","1aba3ee1-1548-41a1-9c7b-bd5e168b82cf","1",,"05018095013","2026-04-08 20:54:03.878369","「レンタルスタジオAivic高田馬場」のご予約ありがとうございます！","【高田馬場駅2分】ダンス・ヨガ・撮影などにおすすめ☆1日1回スタッフ完全清掃のスタジオ","f","00:00:00","00:00:00","f","00:00:00","00:00:00","f","00:00:00","00:00:00","f","00:00:00","00:00:00","f","00:00:00","00:00:00","f","00:00:00","00:00:00","f","00:00:00","00:00:00","f","t",,"https://dance-studio-lab.com/room/M2JhMTAxM2EtZmMxNi00ODUwLTllNjUtNWQ4OTY3NmE2MWZj/detail"
"48","レンタルスタジオAivic池袋東口2号店","19","33",,"t","2","0",,"1","f","t","f","2025-05-16 02:26:16.877987","2026-04-10 20:22:46.005716","e5f6f0df-e117-4a9d-9809-88a1a6e626cc",,"f","f","t","t","f","f","t","t","t","t","f","f","t","t","f","t","t","f","f","t","[""7f1abf5fe9a4389ef87848de4d8504fa.jpg""]","[""16d8a1cf9070566c5df66532de5fa1cb.jpg""]",,"2026-04-10 20:22:45.95363",,,"【池袋駅6分】☆ジャンプOK☆ダンス・ヨガなどにおすすめ/1日1回スタッフ完全清掃のスタジオ","54","","0","6","0","f","f","19","レンタルスタジオAivic池袋東口2号店","東京都豊島区東池袋2-57-1 K/B東池袋Ⅱ 5F","「レンタルスタジオAivic池袋東口2号店」の当日のご利用方法についてご案内いたします。

【住所】
豊島区東池袋2-57-1 K/B東池袋Ⅱ 5F
【Google map】
https://x.gd/q78GE
【スペースまでの道順】
https://x.gd/pdkjQ
※当スペースは5階ですが、エレベーターがない点ご了承ください。

【開錠・施錠方法】
お部屋の鍵は予約時間に合わせてスタッフが開けておりますので、カギは不要でそのままご入室いただけます。
施錠も弊社メンバーが行いますので不要です。扉を閉めて、そのままご退室ください。

※夜間利用の場合、出入りの際に入口ドアのカギが閉まっていることがあります。
入口ドアのカギが閉まっている場合、1F入口横のポストからカギを取り出して、開錠してください。
ポストは左下で、ダイヤル番号は『　左7→左7→右3　』です。
カギ穴はドアの下にあります。

【注意事項】
※時間前の入室は不可です。利用開始時間以降の入室にご協力お願いします。
※ご予約の直前まで他の利用者のご予約が入っている場合があります。
前の利用者が居ないことを確認してから入室してください。","2024-12-31 19:48:14.530661","2026-04-08 20:51:10.538847","325","5c4e5ecc-4cb5-44d5-9a0c-77459fee3948","1",,"05018095013","2026-04-08 20:51:10.526118","「レンタルスタジオAivic池袋東口2号店」のご予約ありがとうございます！","【池袋駅6分】☆ジャンプOK☆ダンス・ヨガなどにおすすめ/1日1回スタッフ完全清掃のスタジオ","f","00:00:00","00:00:00","f","00:00:00","00:00:00","f","00:00:00","00:00:00","f","00:00:00","00:00:00","f","00:00:00","00:00:00","f","00:00:00","00:00:00","f","00:00:00","00:00:00","f","t",,"https://dance-studio-lab.com/room/ZTVmNmYwZGYtZTExNy00YTlkLTk4MDktODhhMWE2ZTYyNmNj/detail"
"49","レンタルスタジオAivic池袋西口","20","10",,"t","2","0",,"2","f","t","f","2025-05-16 02:28:31.042764","2026-04-08 20:51:43.856077","8f40b1aa-438b-4c00-b48c-902992a2a063",,"f","f","t","t","f","f","t","t","t","t","f","f","f","f","f","t","t","f","f","f","[""df318bc77ab462b4db19d00abd9cfa8b(2).jpg""]","[""9b6a78a476e9d876e60beab2dbfb8a70(2).jpg""]",,"2026-04-08 20:51:43.827402",,,"【池袋駅1分】☆おひとり様専用☆ダンス練習などにおすすめ/1日1回スタッフ完全清掃のスタジオ","37","","0","6","0","f","f","20","レンタルスタジオAivic池袋西口","東京都豊島区西池袋3-23-8 平井ビル7階","「レンタルスタジオAivic池袋西口」の当日のご利用方法についてご案内いたします。

【住所】
豊島区西池袋3-23-8 平井ビル7階
【Google map】
https://x.gd/davdd
【スペースまでの道順】
https://x.gd/leT5K

【開錠・施錠方法】
お部屋の鍵は予約時間に合わせてスタッフが開けておりますので、カギは不要でそのままご入室いただけます。
施錠も弊社メンバーが行いますので不要です。扉を閉めて、そのままご退室ください。

【注意事項】
※時間前の入室は不可です。利用開始時間以降の入室にご協力お願いします。
※ご予約の直前まで他の利用者のご予約が入っている場合があります。
前の利用者が居ないことを確認してから入室してください。","2025-01-01 21:07:21.484191","2026-04-08 20:51:32.495543","325","1a96ccf3-abc0-45ee-a92b-2c86818c1667","1",,"05018095013","2026-04-08 20:51:32.483189","「レンタルスタジオAivic池袋西口」のご予約ありがとうございます！","【池袋駅1分】☆おひとり様専用☆ダンス練習などにおすすめ/1日1回スタッフ完全清掃のスタジオ","f","00:00:00","00:00:00","f","00:00:00","00:00:00","f","00:00:00","00:00:00","f","00:00:00","00:00:00","f","00:00:00","00:00:00","f","00:00:00","00:00:00","f","00:00:00","00:00:00","f","t",,"https://dance-studio-lab.com/room/OGY0MGIxYWEtNDM4Yi00YzAwLWI0OGMtOTAyOTkyYTJhMDYz/detail"
"50","レンタルスタジオAivic渋谷道玄坂","21","21",,"t","2","0",,"1","f","t","f","2025-05-16 02:30:16.451824","2026-04-08 20:52:40.259148","5a609cbb-7b4d-4f23-b70a-2fb6a35bc9b8",,"f","f","t","t","f","f","t","t","t","t","f","f","t","t","f","t","t","f","f","t","[""aac90aeb41917ad2cab04d99fd02ced6.png""]","[""61df48372e045a420f31cc87329b4d48.jpg""]",,"2026-04-08 20:52:40.233386",,,"【渋谷駅6分、神泉駅1分】ダンス・ヨガ・撮影などにおすすめ☆1日1回スタッフ完全清掃のスタジオ","35","","0","6","0","f","f","21","レンタルスタジオAivic渋谷道玄坂","東京都渋谷区円山町23-10 渋谷ATビル201","「レンタルスタジオAivic渋谷道玄坂」の当日のご利用方法についてご案内いたします。

【住所】
渋谷区円山町23-10 渋谷ATビル201
【Google map】
https://x.gd/xw58m
【スペースまでの道順】
https://x.gd/WVWrp

【開錠・施錠方法】
お部屋の鍵は予約時間に合わせてスタッフが開けておりますので、カギは不要でそのままご入室いただけます。
施錠も弊社メンバーが行いますので不要です。扉を閉めて、そのままご退室ください。

【注意事項】
※時間前の入室は不可です。利用開始時間以降の入室にご協力お願いします。
※ご予約の直前まで他の利用者のご予約が入っている場合があります。
前の利用者が居ないことを確認してから入室してください。","2025-01-01 21:11:22.376591","2026-04-08 20:52:27.30276","325","27c2f6f7-a995-4f70-9865-7c4f87d7f633","1",,"05018095013","2026-04-08 20:52:27.290504","「レンタルスタジオAivic渋谷道玄坂」のご予約ありがとうございます！","【渋谷駅6分、神泉駅1分】ダンス・ヨガ・撮影などにおすすめ☆1日1回スタッフ完全清掃のスタジオ","f","09:00:00","00:00:00","f","09:00:00","00:00:00","f","09:00:00","00:00:00","f","09:00:00","00:00:00","f","09:00:00","00:00:00","f","09:00:00","00:00:00","f","09:00:00","00:00:00","f","t",,"https://dance-studio-lab.com/room/NWE2MDljYmItN2I0ZC00ZjIzLWI3MGEtMmZiNmEzNWJjOWI4/detail"
"51","レンタルスタジオAivic築地","22","26",,"t","2","0",,"1","f","t","f","2025-05-16 02:32:13.570342","2026-04-08 20:53:50.249732","ce3371e3-48e5-4810-be8f-f05f39cf1614",,"f","f","t","t","f","f","t","t","t","t","f","f","t","t","f","f","t","f","f","t","[""402356bffd6859b0c257988d96ea2f17.png""]","[""b3f9655d6237dedc0570d2640b804bd2.jpg""]",,"2026-04-08 20:53:50.222295",,,"【築地駅30秒、新富町駅2分】ダンス・ヨガ・撮影などにおすすめ☆1日1回スタッフ完全清掃のスタジオ","51","","0","6","0","f","f","22","レンタルスタジオAivic築地","東京都中央区築地2-10-9 HARVEY築地4階","「レンタルスタジオAivic築地」の当日のご利用方法についてご案内いたします。

【住所】
中央区築地2-10-9 HARVEY築地4階
【Google map】
https://x.gd/O2LlH
【スペースまでの道順】
https://x.gd/aHYq8

【開錠・施錠方法】
お部屋の鍵は予約時間に合わせてスタッフが開けておりますので、カギは不要でそのままご入室いただけます。
施錠も弊社メンバーが行いますので不要です。扉を閉めて、そのままご退室ください。

【注意事項】
※時間前の入室は不可です。利用開始時間以降の入室にご協力お願いします。
※ご予約の直前まで他の利用者のご予約が入っている場合があります。
前の利用者が居ないことを確認してから入室してください。","2025-01-01 21:15:12.015598","2026-04-08 20:53:33.837944","325","81fc4ef1-6260-4e3a-9049-0a22611b2d36","1",,"05018095013","2026-04-08 20:53:33.825191","「レンタルスタジオAivic築地」のご予約ありがとうございます！","【築地駅30秒、新富町駅2分】ダンス・ヨガ・撮影などにおすすめ☆1日1回スタッフ完全清掃のスタジオ","f","00:00:00","00:00:00","f","00:00:00","00:00:00","f","00:00:00","00:00:00","f","00:00:00","00:00:00","f","00:00:00","00:00:00","f","00:00:00","00:00:00","f","00:00:00","00:00:00","f","t",,"https://dance-studio-lab.com/room/Y2UzMzcxZTMtNDhlNS00ODEwLWJlOGYtZjA1ZjM5Y2YxNjE0/detail"
"52","レンタルスタジオAivic恵比寿","23","25",,"t","2","0",,"2","f","t","f","2025-05-16 02:33:39.929743","2026-05-01 20:17:00.28133","332d6979-4139-4302-bc71-26b23b7504c2",,"f","f","t","t","f","f","t","t","t","t","f","f","t","t","f","t","f","f","f","t","[""87d32af7886cdf5cf928d221e1d1963c.png""]","[""28c87d47504eab5968e85592fed7338e.jpg""]","[""b50a9ed4f8db46a118bbe41a6a969e9e.jpg"",""706ed3a6a50c937af81d4daccb99fd77.jpg"",""9c66eb70162b848c4dc3859e867eef8b.jpg"",""93b0d081699fb253bc054aabbc3be3cb.jpg"",""87eb107b4762f884936e8a15c7ecf7ec.jpg"",""7b7c696be2dac653eff342a8cb9f3ed5.jpg"",""145ca04e20484579c8ce7f0b8b18ba3d.jpg"",""39ebdc952e143445622b32af74908d63.jpg"",""f18087009ef56bf6eb8a8987d850cc86.jpg"",""fb015195be86be22f9cdb9d0f5139fcf.jpg"",""24cfaa6c4aa8d599000ab29f103e57eb.jpg"",""7127abdabde29eb4859ce344e498ac48.jpg"",""5de4ada226a58a1387ca67dc0f58440a.jpg"",""20471f869ea5f2e94e7d916793ebef21.jpg"",""67893cd55c8d132b8aa30d9751357035.jpg"",""ca7233af1cca441dbe0de55f96829804.jpg"",""7baff1fed9be967e03cfd785dbc1eeba.jpg"",""effcab719b056790221958d1f3a0c951.jpg"",""ec15511f5a142a8dc58fe995381d9cac.jpg"",""83536e57337e004d7683b83a731974e2.jpg"",""a30592ce678a1b86c24eaf76ad9825b4.jpg"",""412482242530c128a3c7168feada54b8.jpg"",""62ea7303c5c9395de1364a98e6ab11d1.jpg"",""fd54691374b3c97ca1f50f9bf580c104.jpg"",""dddeba684ca11ea30e89c01da09bb888.jpg"",""8f51eb8b4d36d636cdbecc4ade45c37d.jpg"",""a7c8849c554daf96cd6e3d57f199c5a2.jpg"",""9879da892035d7b290bb762e7e840df7.jpg""]","2026-05-01 20:17:00.027025",,,"【恵比寿駅1分】ダンス・ヨガ・撮影などにおすすめ☆1日1回スタッフ完全清掃のスタジオ","34","","0","6","0","f","f","23","レンタルスタジオAivic恵比寿","東京都渋谷区恵比寿西1-14-3 満栄佐藤ビル202","「レンタルスタジオAivic恵比寿」の当日のご利用方法についてご案内いたします。

【住所】
渋谷区恵比寿西1-14-3 満栄佐藤ビル202
【Google map】
https://x.gd/GB0xQ
【スペースまでの道順】
https://x.gd/rCT3b

【開錠・施錠方法】
1F入口横のポストから、部屋のカギを取り出してください。
利用後は、カギを必ず元の1Fポストにお戻しください。

※夜間利用の場合、出入りの際に入口ドアのカギが閉まっていることがあります。
入口ドアのカギが閉まっている場合、部屋のカギと一緒に付いている『　1F入口カギ　』を使って解錠してください。
カギ穴はドアの下にあります。","2025-01-01 21:18:06.351765","2026-04-08 20:48:37.196676","325","a8d1acad-60ca-40a1-804e-81fd52cf02b5","1",,"05018095013","2026-04-08 20:48:37.175075","「レンタルスタジオAivic恵比寿」のご予約ありがとうございます！","【恵比寿駅1分】ダンス・ヨガ・撮影などにおすすめ☆1日1回スタッフ完全清掃のスタジオ","f","07:00:00","00:00:00","f","07:00:00","00:00:00","f","07:00:00","00:00:00","f","07:00:00","00:00:00","f","07:00:00","00:00:00","f","07:00:00","00:00:00","f","07:00:00","00:00:00","f","t",,"https://dance-studio-lab.com/room/MzMyZDY5NzktNDEzOS00MzAyLWJjNzEtMjZiMjNiNzUwNGMy/detail"
"53","レンタルピラティススタジオAivic北参道","24","28",,"t","2","0",,"2","f","t","f","2025-05-16 02:35:22.187559","2026-05-01 20:06:17.236199","1fda964c-0588-4b69-b926-63a6f21b83d6",,"f","f","t","f","f","f","t","t","t","t","f","f","t","t","f","t","t","f","f","t","[""0b78e51cd98e0e3246a7d6c70f25401f(2).png""]","[""57ac65996c995cbcbeb50174066422cf(2).jpg""]","[""30bc3490b86072394c7bd5914bd4db40.jpg"",""1116d0ac070a66cdf6de9134504c980a.jpg"",""b5f2c585370ff6ff50660b6f2ed7b69a.jpg"",""73862cd7f4bce9fb1813f8a825681ef9.jpg"",""61a5254f5187cca097ad483521a7d589.jpg"",""7486ca40b766ee5ce422cc8c0f5d57e9.jpg"",""25bd129176b749499ac45a53c447626e.jpg"",""e5381b3e76ecb3fadc83a01d6452adcc.jpg"",""1bbcadf8c5efa6a84c63bc30b3466b11.jpg"",""747c521bcb5911ae6a9de163cf70df5d.jpg"",""dae0fd39b0692aee74b23883b130f24c.jpg"",""7d04b2adb29cdfb1f4da3999c116cbea.jpg"",""916d5375c31769109af21b2090af8bdc.jpg"",""7a7dfb24034ec8e32c77b4a600d97708.jpg"",""5190189decb5f468cec648dc35e9b950.jpg"",""7b551697124b17fc28d46896bd94d9c3.jpg"",""78222bf50000cfc16d6c083f4319c810.jpg"",""f795404f2b4228ac8ca8199d97463c8b.jpg"",""2d05258d01aba2621e2773c77ebbeb53.jpg"",""075553d9e13d1a3f886ce6d06eb3a540.jpg"",""447b1b1891900018a4a0f0e7d7202c9c.jpg""]","2026-05-01 20:06:16.980185",,,"【北参道駅30秒】マシンピラティススタジオ☆自然光が入る1日1回スタッフ完全清掃のスタジオ",,"","0","6","0","f","f","24","レンタルピラティススタジオAivic北参道","東京都渋谷区千駄ヶ谷3-13-14 清和ビル403","「レンタルピラティススタジオAivic北参道」の当日のご利用方法についてご案内いたします。

【住所】
渋谷区千駄ヶ谷3-13-14 清和ビル403
【Google map】
https://x.gd/k34LY
【スペースまでの道順】
https://x.gd/F4Isr

【開錠・施錠方法】
お部屋の鍵は予約時間に合わせてスタッフが開けておりますので、カギは不要でそのままご入室いただけます。
施錠も弊社メンバーが行いますので不要です。扉を閉めて、そのままご退室ください。

【注意事項】
※時間前の入室は不可です。利用開始時間以降の入室にご協力お願いします。
※ご予約の直前まで他の利用者のご予約が入っている場合があります。
前の利用者が居ないことを確認してから入室してください。","2025-01-01 21:20:38.073086","2026-04-08 20:54:33.875543","325","bbc937b3-dc52-455c-a4e6-e818f61cea50","1",,"05018095013","2026-04-08 20:54:33.861053","「レンタルピラティススタジオAivic北参道」のご予約ありがとうございます！","【北参道駅30秒】マシンピラティススタジオ☆自然光が入る1日1回スタッフ完全清掃のスタジオ","f","00:00:00","00:00:00","f","00:00:00","00:00:00","f","00:00:00","00:00:00","f","00:00:00","00:00:00","f","00:00:00","00:00:00","f","00:00:00","00:00:00","f","00:00:00","00:00:00","f","t",,"https://dance-studio-lab.com/room/MWZkYTk2NGMtMDU4OC00YjY5LWI5MjYtNjNhNmYyMWI4M2Q2/detail"
"54","レンタルスタジオAivic大塚","25","46",,"t","2","0",,"2","f","t","f","2025-05-16 02:36:45.931203","2026-05-01 19:44:20.533756","259c24e5-c150-488f-b6cc-599a1f1b036b",,"f","f","t","t","f","f","t","t","t","t","f","f","t","t","f","t","f","f","f","t","[""f2401a347913bcae70ceb27810349d22(2).png""]","[""bff710905d717ddfe264a58f886449cc(2).jpg""]","[""885b98d2b8caa5df5d5240a709338feb.jpg"",""218f8f51c0e6f246d633c9aaaa2ac634.jpg"",""66b76daea9f81372dca05f5a334cb994.jpg"",""a3e94c0811210989fcb1dc0120225457.jpg"",""8f679464f128ec727149d08fe0718385.jpg"",""6fa3d849c6042231537d8b026474ba19.jpg"",""dd61976dcf5a304bf21abdd9b2acaa32.jpg"",""201aa049d0a4c621d4399da528e626fa.jpg"",""811c551601c0cb94c0ffd3e509a60bd5.jpg"",""fd20e7705e35e30a78463d3319e033cc.jpg"",""480a6da20469d5201a97f8656add0748.jpg"",""e99fc84f4fbc5d1015219704ff9b1a8e.jpg"",""dac1c129686d40ceea5800718e2ca8d8.jpg"",""84b930119fd1e7a434104183083f2c93.jpg"",""b694d2bacca7c352f62a1560deb7194a.jpg"",""99f890b93e7635b46a4e24801de1461c.jpg"",""7a865496c7efc850b48aa6a344821f36.jpg"",""5277d73b99ef8ef0b86720d0c466b811.jpg"",""b10bdde35ca156abdd45945047333e29.jpg"",""1d7ceb3136d52faf142cd66b9baa3f66.jpg"",""2ae81f66c2f2a5b18a173a4c8771810f.jpg"",""77b0e42d9a522cdaf4d0d1a80c652bae.jpg"",""94b31c5ec4f487fb0c762b3f0b97d6fd.jpg"",""c082adc23d9e64e27ba71b4d5b315a0a.jpg""]","2026-05-01 19:44:20.307928",,,"【大塚駅3分】☆ジャンプOK☆ダンス・ヨガなどにおすすめ/1日1回スタッフ完全清掃のスタジオ","52","","0","6","0","f","f","25","レンタルスタジオAivic大塚","東京都豊島区北大塚2-9-7 豊島電気会館B1","「レンタルスタジオAivic大塚」の当日のご利用方法についてご案内いたします。

【住所】
豊島区北大塚2-9-7 豊島電気会館B1
【Google map】
https://x.gd/fMJLo
【スペースまでの道順】
https://x.gd/J2rQD

【開錠・施錠方法】
お部屋の鍵は予約時間に合わせてスタッフが開けておりますので、カギは不要でそのままご入室いただけます。
施錠も弊社メンバーが行いますので不要です。扉を閉めて、そのままご退室ください。

【注意事項】
※時間前の入室は不可です。利用開始時間以降の入室にご協力お願いします。
※ご予約の直前まで他の利用者のご予約が入っている場合があります。
前の利用者が居ないことを確認してから入室してください。","2025-01-01 21:23:52.4601","2026-04-08 20:49:04.150604","325","f7b76b5b-2ee0-4982-bef5-7421d337e799","1",,"05018095013","2026-04-08 20:49:04.130539","「レンタルスタジオAivic大塚」のご予約ありがとうございます！","【大塚駅3分】☆ジャンプOK☆ダンス・ヨガなどにおすすめ/1日1回スタッフ完全清掃のスタジオ","f","00:00:00","00:00:00","f","00:00:00","00:00:00","f","00:00:00","00:00:00","f","00:00:00","00:00:00","f","00:00:00","00:00:00","f","00:00:00","00:00:00","f","00:00:00","00:00:00","f","t",,"https://dance-studio-lab.com/room/MjU5YzI0ZTUtYzE1MC00ODhmLWI2Y2MtNTk5YTFmMWIwMzZi/detail"
"55","レンタルスタジオAivic新橋","26","34",,"t","2","0",,"1","f","t","f","2025-05-16 02:38:41.534516","2026-05-01 19:34:29.51532","3a231395-2904-42de-b7aa-b0b2c54e3c8e",,"f","f","t","t","f","f","t","t","t","t","f","f","t","t","f","t","t","f","f","t","[""eba4db0ac595d0401ac56559dad1cb91(2).jpg""]","[""b83009d234fada4d958633509f6f730d(2).jpg""]","[""f554dd0493fcce83952eedb05aaa8402.jpg"",""b8f58351864125c7ec76a2c28655cbe2.jpg"",""a902b2245a620481130ce863477eecc9.jpg"",""cc8fc35a28a0c177ed42e252ea0d1cd6.jpg"",""fbf7341b33e78bd22317de0424d20fa5.jpg"",""6b1cb7d8e2167480c2df12b7cf493621.jpg"",""b8073b9ee9ceef5efbf99abd1a9d1594.jpg"",""16d629590e55833ace745610a58e55a4.jpg"",""4e2030e401fa50deae2373b7f7b600f7.jpg"",""c4ef3c8d7550f11cb51fb3137d8ab506.jpg"",""555577355c530affd388e10d63ac74aa.jpg"",""5e242e49396d9dc4eaf4245c3d6a8d51.jpg"",""2c00337f756f61c7a7ad41a6741e7bc5.jpg"",""afc00d2b278ba84c059d1b366b57cc20.jpg"",""26c8872ce734ac317f22c083262a8ebd.jpg"",""d4df4c37e3d18f19a1ddd81e962bfe55.jpg"",""016e80665cb2e83f7870f73eeacb8664.jpg"",""541abc61d312fd29f38d74d91c806316.jpg"",""55e89a4b5a0e9549dc89b94aafe10026.jpg"",""d5090b0765cc4b0ab3bbccdff98a065b.jpg"",""f6fbf6db1e15159af0ff2820eb7d9cc0.jpg"",""870790365ecb1939e5a22148d39029f6.jpg"",""c4eb383d64e090ae512a449d29a5ef88.jpg"",""ca9c795923d15fe44b4ec1559c5513fc.jpg"",""c19af6cba7f6672b352c4b89c8abcabf.jpg"",""9ce69cad367ce32b8abd86c15b60bb03.jpg"",""797d3c26988744fc2130ca8093463259.jpg"",""0948f3b71e85dca8dbf19258506ccc55.jpg"",""2e4dad140b734b7960bc0fd6a3b07ebd.jpg""]","2026-05-01 19:34:29.207566",,,"【新橋駅4分、内幸町駅1分】☆ジャンプOK☆ダンス・ヨガなどにおすすめ/1日1回スタッフ完全清掃のスタジオ","36","","0","6","0","f","f","26","レンタルスタジオAivic新橋","東京都港区西新橋1-16-14 宮川ビル4階","「レンタルスタジオAivic新橋」の当日のご利用方法についてご案内いたします。

【住所】
港区西新橋1-16-14 宮川ビル4階
【Google map】
https://x.gd/dg4Qk
【スペースまでの道順】
https://x.gd/uzBUA
※当スペースは4階ですが、エレベーターがない点ご了承ください。

【開錠・施錠方法】
お部屋の鍵は予約時間に合わせてスタッフが開けておりますので、カギは不要でそのままご入室いただけます。
施錠も弊社メンバーが行いますので不要です。扉を閉めて、そのままご退室ください。
※※深夜など一部の時間帯でビル入口のシャッターが閉まっている場合がございます。
ビル正面から見て左横のキーボックスにシャッター操作パネルのカギが入っておりますので、そちらをご利用ください。
キーボックスの番号は【 1122 】です。操作パネルはシャッター左側にございます。※※

【注意事項】
※時間前の入室は不可です。利用開始時間以降の入室にご協力お願いします。
※ご予約の直前まで他の利用者のご予約が入っている場合があります。
前の利用者が居ないことを確認してから入室してください。","2025-01-01 21:29:33.52037","2026-04-08 20:50:10.227967","325","dc195bfe-219e-4fef-a486-9cccaa459f42","1",,"05018095013","2026-04-08 20:50:10.205161","「レンタルスタジオAivic新橋」のご予約ありがとうございます！","【新橋駅4分、内幸町駅1分】☆ジャンプOK☆ダンス・ヨガなどにおすすめ/1日1回スタッフ完全清掃のスタジオ","f","00:00:00","00:00:00","f","00:00:00","00:00:00","f","00:00:00","00:00:00","f","00:00:00","00:00:00","f","00:00:00","00:00:00","f","00:00:00","00:00:00","f","00:00:00","00:00:00","f","t",,"https://dance-studio-lab.com/room/M2EyMzEzOTUtMjkwNC00MmRlLWI3YWEtYjBiMmM1NGUzYzhl/detail"
"17","銀座レンタルスペース＆スタジオAnotherONE＋    🎊DansuStudioLab ㊗オープニング特別キャンペーン先着限定10名様 １Hプレゼント🎊","28","66.1","2","t","2","1","1","1","f","t","f","2025-01-20 10:30:00.517327","2026-01-15 08:32:20.881747","c0997681-7585-4395-81e6-9bbfe05d8494",,"f","f","t","t","f","t","t","t","t","t","f","t","t","f","t","t","t","f","t","t","[""7eec2d89c64a974e29aead91cdcf4395(2).jpg""]","[""5ad919fd0319dc00e0d6c5e60edfef32(2).jpg""]","[""9e3c639819535adabf00897ed1f17dac(2).jpg"",""d1ef4959899f03d7345cdc1ce1bd6b77(2).jpg"",""c662e2e993842e8287c287f73a20d635(2).jpg"",""5e17aa89dd143c58ed49c9b862e80f32(2).jpg"",""e3ec91f1d7c41188506ce69ff80a8dd9(2).jpg"",""435bd6975bc95eb7b04a6ac15265fe5e(2).jpg"",""c1cc988d612dbd16755abe3ba3ea2a3a(2).jpg"",""c0ec2e59cfe34b013b98e4fa2b84a27f(2).jpg"",""6904965a310835f3ec799e8f0f30bda8(2).jpg"",""6c224655af5b704376af42b6cb766e02(2).jpg"",""4b6d40948d628b2d466c787e3a1c4f15(2).jpg"",""59c73c91a758bb43ac7c0994070562f5(2).jpg"",""7a8baff9f517bca3ba6f5fcf33ad5572(2).jpg"",""e5245256ddfddefba62684ba63261613(2).jpg"",""4fc026672f92fead33743d7129866f85(2).jpg"",""9335fa774cef89469dc473c034f0c49d(2).jpg"",""f4543c1af02a2708f6321cc33064b057(2).jpg"",""4f2073428af2a1c0b786e62deb04b631(2).jpg"",""b563b4a8b1c60e590d90a622347578c4(2).jpg"",""eb72538c5f0d73356e0dd7013ba907d6(2).jpg"",""865207083faa303a477455066f89ff8d(2).jpg"",""d1c46c2554bafd0ec7cf43056ab4433a(2).jpg"",""24abc63c2ee0ecade69b2f7a0425465d(2).jpg"",""e5570e57ba2e9a25a3b4165d819f08e4(2).jpg"",""8e8019a4785075d73511f16dd33a8003(2).jpg"",""304824569ecd47bca075a7af6ee06ea9(2).jpg"",""87a38beb93ad031b7f1e2711d10eb7c4(2).jpg"",""80165b6908ab986b51d21eb9e6e6fec4(2).jpg"",""fe4711c5a0d03281441768323f20c6a5.jpg"",""d3db4b897b2b0c9d71922cb76feda54c(2).jpg"",""1fffe1b9447c4ea3513cd69c28a0960e(2).jpg"",""3e4b13e87f88a41ae73f9295bf57479a(2).jpg"",""f9e392ac2455e383f5e9af5026d8ed2e(2).jpg"",""d3aa9de5ce17698a9619d055010cbcda(2).jpg"",""f72829f5c29d70b894a0c2a840fcb981(2).jpg"",""e5dc3209f41294d2525e41689946d0ab(2).jpg"",""5edd2f0ed1502f59bf5715fe2265799f(2).jpg"",""cd7bcd36c180f2b186dc03c4838b5c26(2).jpg"",""52dc3ea508ea0a01f023bca9d15747c5(2).jpg""]",,,,"⭐🎊DansuStudioLab ㊗オープニング特別キャンペーン先着限定10名様 １Hプレゼント🎊⭐
二時間以上のご予約で、1時間無料追加利用をプレゼント🎁 ご予約時間の後ろに空きがあることをご確認の上、ご予約頂き、必ずご連絡をしてください。
🔴駅近🚊東銀座駅より徒歩2分、銀座駅より徒歩5分  歌舞伎座裏
🔴広々フローリングの66.12㎡（20坪）3階ワンフロアー専有なので、音影響ほぼ無し  
🔴飲食可能、ゴミ処理オプション有り、早朝から深夜迄利用できるから、レッスンからパーティー、リハーサルやイベントに最適
🔴都会なのに静かな環境、黒を基調としたシックでおしゃれな多目的空間
🔴充実した備品のご利用は全て無料
🔴更衣室、スタジオ内トイレ、幅広い歪みのない壁面鏡
🔴受付無し、スマートキー入室  
🔴年中無休、営業時間 05:00～23:00 深夜利用応相談
🔴イベント利用の際は、HP、SNS等による告知協力サービス有り
🔴教室開設支援割引システム、教室広告協力サービス有り

🔵【設備】
エアコン / 室内トイレ / 室内流し台 / au4G 5G Wi-Fi / 更衣室 / 壁面鏡2m✕4m / スマートキー  / 角度変更可能、調光付スポットライト8台 / ウオシュレット/遮光一級カーテン     ※ｴﾚﾍﾞｲﾀｰ設備はございません

🔵【予約が必要ない備品】
43インチモニター / HDMIケーブル・Type-Cアダプタ/ 延長コード
両面ホワイトボード / ヨガマット8枚/  外置きライト付き立て看板  /  回転カラーライト / 
キャスター付き2名用テーブル10台 / キャスター付き椅子20脚  / 冷蔵庫 / 加湿空気清浄機 / 4段式脚立
キャスター付きパーティション2m✕1.2m ５台 / スマホホルダー付三脚 / ハンガーラック / 扇風機
キャスター付き棚/スティック掃除機/モップ /雑巾・清掃用具/紙類専用ゴミ箱

※極稀に、PCがモニターに反映されない事例がございましたが、外部のモニターを読み込む設定がされていないPCや、ケーブルを持参された物に替えたら反映したということがございました。モニターとケーブルにつきましては、つど、確認をしておりますが、機器の相性もある様ですので、ご自身のケーブルをお持ち頂くや、事前内見による接続のご確認をおすすめ致します。

🔵【接続が必要な備品】  ※予約後に送られるメールに、写真付きで接続方法詳細が載ったPDFが添付されています。

JBL Bluetoothスピーカースピーカー PartyBox110 2台 

ミュージックミキサーBEHRINGER  XENYX1202FX  ・ コネクトコードイヤホンジャックiphone 用アダプター 

Shure ハンドマイク 

※マイクは、ご希望が有ればこちらでケーブル接続をしておくことも可能です。（事前連絡必須、直前不可）


🔵【予約が必要な備品】  
※倉庫に収納してありますので、必ずご予約を頂かないとご使用不可です。

Wi-Fi有線接続用3mLANケーブル・Type-Cアダプタ /   置き畳82cm✕82cm✕3cm10枚





","20","https://view.ricoh360.com/9b9a4dc9-00b1-46d5-9c19-59ac4d34b397","60","2","30",,,"28","銀座レンタルスペース＆スタジオAnotherONE＋   🎊 DansuStudioLab ㊗オープニング特別キャンペーン先着限定10名様 １Hプレゼント🎊","東京都中央区銀座3-12-18新岩間ビル3F","この度は、数あるスタジオの中からお選びいただき頂きまして誠にありがとうございます。
当スタジオのご利用に当たりスペースの禁止・注意事項とスマートキー操作方法をお送り致します。必ず最後迄お読みになり、他のご利用者様にも同様の周知をお願い致します。
4桁パスナンバーは、前日迄に別メールにてお知らせ致します。

【禁止事項】　
①スペース内外、共用部での、上下階に迷　惑になる行為とタバコ等の喫煙。
②スペース内外の汚損、破損行為。
③ガスコンロ、ホットプレート、炭火等の火気の持込み。
④ゴミ処理オプションを依頼せずに、紙ゴミ以外のゴミを捨てて行く行為。
⑤予約時間外の解錠、入室、無断延長使用。
⑥スプレー類の使用。
⑦カップラーメン等の汁物の持ち込み。
⑧設備、備品等の持ち帰り。

【注意事項】

入室時…
①「新岩間ビル」の看板をご確認の上、ご入室下さい。隣に「岩間ビル」があり、作りも似ている為、間違えやすくなっております。
②早朝から、或いは20時以降からのご利用の場合、1Fシャッターが閉まっている場合がありますが、ご自身で開け、照明点灯し、3Fへ上がって下さい。
③ドアに掛かっている札を裏返して「在」にしてから解錠入室して下さい。（シャッター開閉の為、ビル内他住民への情報として必要）
④入室後、左手壁側にWi-Fiログインパスワードと照明、エアコンコントロールパネルがありますので、ご確認ください。出入口ドアの裏側にも照明スイッチがございます。
⑤冷蔵庫と、ウォシュレットをご利用の場合は、入室後直ぐにコンセントを入れて下さい。
⑥飲食可能（アルコールも含む）飲食を伴うご利用の場合は必ず「ゴミ処理オプション」を追加して下さい。

退室時…
❶ 使用した照明やエアコン、使用された電化製品の電源を切り、コンセントを抜いてください。
❷ 窓を閉めて施錠し、カーテンを閉めてください。
❸ 汚れた箇所はスティック掃除機やモップで掃除して、ご利用前の状態に回復させる程度の清掃を行い、備品や家具を元の状態、配置に戻して下さい。
❹ 紙ゴミ以外はお持ち帰り下さい。（ゴミ処理オプションを依頼された方は除く）
ゴミ処理オプションを依頼された方には、45ℓごみ袋を3枚ご用意しています。ゴミを3枚の袋に三種類に分別して入れて下さい。袋の口をしっかりと結んで、流しの近くにひとまとめにして置いてください。
ゴミの分別は次の三種類です。
⦿【生ゴミ・可燃ごみ・汚れたプラスティック】
⦿【不燃ゴミ・缶・ビン類】
⦿【ペットボトル・キレイなプラスティック】
❺ ご連絡無く延長利用された場合、別途請求させていただきます。入退室の時間は自動記録されていますので、ご利用時間をお守り下さい。（セッティング準備・家具配置・現状回復・片付けもご利用時間内です）
※ご利用延長ご希望の場合は、電話で、空き状況をご確認の上、スペース内のPayPayQRコードより決済する事で、追加利用が可能です。必ず、予約時間が終了する前に延長の決済を済ませて下さい。
❻確実にドアを閉めて入室時と同じ手順で、施錠してお帰りください。ドアの札を裏返し「空」にして下さい。

★ドアは自然には閉まりません。最後迄ドアノブを引いてから施錠してください。
★19:30過ぎて退出される方は階段の照明を全て消して、1Fのシャッターも閉めてお帰り下さい。（施錠無し）
★設備や備品につきましては全て無料提供させて頂いております。点検等は常にしておりますが、故障、不備、接続不可等でご使用になれないことがございましても、キャンセルや返金の対象にはなりませんのでご了承下さい。
★緊急時
　窓から避難する場合は、更衣室　　内の「避難はしご」をご利用下さい。
★【スマートキーの操作方法】と【パスナンバー】は前日迄にメールでお知ら致します。

レンタルスペース＆スタジオAnotherONE＋ GINZA
緊急連絡先       📱09046101850   松岡有規子
　　　　　

ーーーーーーーー備品類の置き場所と接続、操作方法ーーーーーーーー


🟣【回転カラーライト】
１つはスペース中央天井近くに設置（移動不可）して有り、直ぐ下のコンセントに接続すれば点灯します。もう１つは、床等、お好きな場所に移動してご使用ください。
壁面鏡中央床に置くと、バランスが良いです。
⚪️【モニター・HDMIケーブル】
モニターやケーブルはPCとの接続の相性もある様ですので、念の為ケーブルを2本ご用意をしてありますが、必ず接続出来るという保証をするものでは有りません。ご心配な場合は事前の確認やご自身のケーブルをご持参頂く等の措置をお取り下さい。
モニターはテレビ番組の試聴は出来ません。
⚫️【冷蔵庫・ウォシュレット】
どちらも、ご使用の場合入室直後に電源を入れて頂く形になります。ご使用後は必ず電源をお切りください。
🔵【外置きライト付立て看板】
A3サイズのポスターチラシを2面に貼ることが出来、夜はライト付にして、1階外に目標として置くことが出来ます。更衣室内に収納。
※一階出入口に外型コンセントあり。
🟤【ヨガマット】
更衣室内ロッカー上の白い段ボール箱内に収納。ご使用後は消毒液を使用して拭いてから、元に戻して下さい。
🟢【スマホホルダー付き三脚】
更衣室入口左手に折りたたんで置いてあります。
ネジの操作で伸縮させてご使用下さい。使用後は元の位置にお戻し下さい
★設備や備品につきましては全て無料提供させて頂いております。点検等は常にしておりますが、故障、不備、接続不可等でご使用になれないことがございましても、キャンセルや返金の対象にはなりませんので何卒ご了承下さい。

入室方法と備品の詳細は以下のURLよりPDFをご覧ください。

【入室方法と備品について】

https://drive.google.com/file/d/1Bfbv3ut19DHQcIynzx5sPhgx8gLoF6mn/view?usp=drivesdk







　　　　　　","2025-01-15 02:07:39.881168","2026-01-08 14:56:36.758662","588","19727e28-eb28-40ff-8463-b5b27de81550","1",,"09046101850",,"銀座レンタルスタジオAnotherONE＋よりご予約確認メール","駅近🚊広々フローリングの20坪ワンフロアー🍀レッスンからパーティー、早朝から深夜迄のおしゃれな多目的空間💞充実備品が全て無料のみんなの待ち合わせスタジオ✨","f","05:00:00","23:00:00","f","05:00:00","23:00:00","f","05:00:00","23:00:00","f","05:00:00","23:00:00","f","05:00:00","23:00:00","f","05:00:00","23:00:00","f","05:00:00","23:00:00","f","t",,"https://dance-studio-lab.com/room/YzA5OTc2ODEtNzU4NS00Mzk1LTgxZTYtOWJiZmUwNWQ4NDk0/detail"
"18","studio_MINT錦糸町","29","25","2","t","2","0","2","2","f","t","f","2025-01-21 17:09:08.261072","2026-04-10 13:43:00.295108","d82d0eb6-ec5a-40ca-b7b1-f4f513fe9618",,"f","f","t","t","f","f","t","t","t","t","f","f","t","f","t","t","t","f","f","t","[""3f6909a49c45de5839d12cc2b524e661.png""]",,"[""3aedc70915624a45138cc222cf6e0142.png"",""2b382f457967dda37cd9363bf98498c6.png""]","2026-04-10 13:43:00.241776","studio_MINT錦糸町のご利用案内","ご予約ありがとうございました、ご利用方法等についてお知らせいたします。

【アクセス】
錦糸町駅北口のロータリーから信号を「宝くじ売り場」側へ渡り、駅を背にしてスカイツリー方面へ真っすぐ進みます。約150ｍ先にある最初の信号を渡った「ライフバランス薬局」の２件先のビルです。（オリジン弁当の手前のビル）入口はビルの裏手になります、階段を上がった２階、２０３号室です。
住所：墨田区太平3-1-4-203
【入室方法】
鍵の受け渡しはございません。（セキュリティカメラによる入退室管理）
時間前の入室、時間超過利用は他のお客様とのトラブルとなります、予約時間を守ってご利用下さい。お帰りの際は備品等を元の場所に戻して、簡単なモップ掛けにご協力お願いいたします。

ご不明な点がございましたら本メール又は090-3312-9984までご連絡下さい。

studio_MINT　日下部(くさかべ)","錦糸町駅北口徒歩３分、専用更衣室・トイレがある明るくて清潔なパーソナルヨガスタジオです。 リーズナブルな料金でヨガ、ピラティス等にご利用いただけます。備え付けの冷蔵庫から100円で飲み物が購入可能。","290","https://view.ricoh360.com/1cbe0e88-1d6e-4490-a4d7-24aacdea363c","4320","2","0","f","f","29","studio_MINT錦糸町","東京都墨田区太平3-1-4 大室コータース203号室","","2025-01-21 17:07:47.747035","2026-04-10 13:42:45.573868","370","a7f8c26e-0626-46d2-9335-b73c047ed909","0",,"090-3312-9984","2026-04-10 13:42:45.56132","","錦糸町駅から徒歩４分、専用更衣室、トイレ、休憩スペースを備えたコンパクトで清潔感のあるスタジオです","f","09:00:00","22:00:00","f","09:00:00","22:00:00","f","09:00:00","22:00:00","f","09:00:00","22:00:00","f","09:00:00","22:00:00","f","09:00:00","22:00:00","f","09:00:00","22:00:00","f","t",,"https://dance-studio-lab.com/room/ZDgyZDBlYjYtZWM1YS00MGNhLWI3YjEtZjRmNTEzZmU5NjE4/detail"
"19","Ast","30","63","4.5","t","1","2","0","2","f","t","f","2025-01-29 19:39:08.156084","2026-03-02 19:46:58.38675","661d5443-8a05-4037-9e49-3025442ee115",,"f","f","t","f","t","t","t","t","f","t","f","f","t","f","t","f","f","f","f","f","[""cbbf5b6a1af85b302c1da61fd149ca80(2).jpg""]","[""e15bab097da3fba0edf3ab121dd69c3c(2).jpg""]","[""fffd72161be77fcc7e48fe5166c5576a(2).jpg"",""7044cbcae8f7714ed52572f63527e72b(2).jpg"",""7c7184903772fe26dbd5823c35cffcc4(2).jpg""]","2026-03-02 19:46:58.302057",,,"完全防音】60㎡超大型リハスタ誕生！","217","https://view.ricoh360.com/23fa02bc-cdd4-4fe8-91af-336e1c14672c","0","2","0","f","f","30","BUZZ赤坂見附","東京都港区赤坂3-21-14TS 共和六番館地下1階","ご予約ありがとうございました。

＝＝＝＝＝＝＝＝＝
スタジオ内Wi-Fii
ID：BUZZ_akasakamituke_1
PASS：buzz88888
＝＝＝＝＝＝＝＝＝

※トイレご利用の際※
入り口にテンキ－入力が必要となっております。
【C150A】
上記番号をメモの上、ご利用ください。

※必読※
入室時スマートロックによる解除が始まりました。
▼BUZZ公式LINE
https://lin.ee/qHq8BQ7

【 解錠の流れ 】
①事前にBUZZ公式LINEを登録する。
②当日、LINEのリッチメニューに表示されます「開錠」ボタンよりご利用の店舗を選択後、「解除する」をタップして解錠ください。
（順次設置となるため、まだ解錠が必要ない店舗もございます。その場合は解錠せずにご入店ください。未設定の店舗はエラー表記となります。）

【注意】
置き引きにご注意ください。
スタジオを離れる際は貴重品を肌身離さずお持ちください。
お客様のご理解とご協力をお願いいたします。
※スタジオ内での盗難等については責任を負いかねます。

※スタジオご利用に関するお願い※
入退室の時間は厳守いただきますようお願いいたします。
ゴミの持ち帰りと簡単な清掃を行ってください。
スタジオ内は土足厳禁です。
また、隣のスタジオに音が響きますのでオーディオをご利用の際には音量を上げすぎないようご注意ください。

ご予約前に、当店利用規約をご熟読いただきますようお願いいたします。
利用規約に同意いただけない方の入室はお断りさせていただいております。

皆様が気持ちよくご利用頂けるようご協力よろしくお願いいたします。","2025-01-29 18:54:11.579792","2025-12-25 00:42:28.601952","16","8978bca2-673b-4f89-b997-949511106072","1",,"","2025-11-01 10:14:59.687457","予約完了のお知らせ","【最大60㎡】大小様々な用途に合わせた2部屋！","f","06:00:00","06:00:00","f","06:00:00","06:00:00","f","06:00:00","06:00:00","f","06:00:00","06:00:00","f","06:00:00","06:00:00","f","06:00:00","06:00:00","f","06:00:00","06:00:00","f","t",,"https://dance-studio-lab.com/room/NjYxZDU0NDMtOGEwNS00MDM3LTllNDktMzAyNTQ0MmVlMTE1/detail"
"20","Bst","30","18","3","t","2","2","1","1","f","t","f","2025-01-29 19:51:28.212737","2026-03-02 19:48:33.849966","1678f550-371a-43e2-b698-485b793328bb",,"f","f","t","t","t","f","t","t","f","t","f","f","t","f","f","f","f","f","f","f","[""18923ae58db2d245c97abf6afbda0bf9.jpg""]","[""ecd4cdee78d7899c4724efd33bd1ff10.jpg""]","[""27a2ddb0dec61e1cc0afbc16fda08a6f.jpg"",""b7735fda5e89a5a97fa6bd60bfd8e5ca.jpg"",""b576d7dc5ad2dcdc159627f1858ed78e.jpg"",""15ad90aa52a0bb40a780c83d69e107d5.jpg""]","2026-03-02 19:48:33.76894",,,"【完全防音】使いやすい小型スタジオ！","218","https://view.ricoh360.com/4e4cf3e2-2162-40ce-829c-ffa6ca1e5381","0","2","0","f","f","30","BUZZ赤坂見附","東京都港区赤坂3-21-14TS 共和六番館地下1階","ご予約ありがとうございました。

＝＝＝＝＝＝＝＝＝
スタジオ内Wi-Fii
ID：BUZZ_akasakamituke_1
PASS：buzz88888
＝＝＝＝＝＝＝＝＝

※トイレご利用の際※
入り口にテンキ－入力が必要となっております。
【C150A】
上記番号をメモの上、ご利用ください。

※必読※
入室時スマートロックによる解除が始まりました。
▼BUZZ公式LINE
https://lin.ee/qHq8BQ7

【 解錠の流れ 】
①事前にBUZZ公式LINEを登録する。
②当日、LINEのリッチメニューに表示されます「開錠」ボタンよりご利用の店舗を選択後、「解除する」をタップして解錠ください。
（順次設置となるため、まだ解錠が必要ない店舗もございます。その場合は解錠せずにご入店ください。未設定の店舗はエラー表記となります。）

【注意】
置き引きにご注意ください。
スタジオを離れる際は貴重品を肌身離さずお持ちください。
お客様のご理解とご協力をお願いいたします。
※スタジオ内での盗難等については責任を負いかねます。

※スタジオご利用に関するお願い※
入退室の時間は厳守いただきますようお願いいたします。
ゴミの持ち帰りと簡単な清掃を行ってください。
スタジオ内は土足厳禁です。
また、隣のスタジオに音が響きますのでオーディオをご利用の際には音量を上げすぎないようご注意ください。

ご予約前に、当店利用規約をご熟読いただきますようお願いいたします。
利用規約に同意いただけない方の入室はお断りさせていただいております。

皆様が気持ちよくご利用頂けるようご協力よろしくお願いいたします。","2025-01-29 18:54:11.579792","2025-12-25 00:42:28.601952","16","8978bca2-673b-4f89-b997-949511106072","1",,"","2025-11-01 10:14:59.687457","予約完了のお知らせ","【最大60㎡】大小様々な用途に合わせた2部屋！","f","06:00:00","06:00:00","f","06:00:00","06:00:00","f","06:00:00","06:00:00","f","06:00:00","06:00:00","f","06:00:00","06:00:00","f","06:00:00","06:00:00","f","06:00:00","06:00:00","f","t",,"https://dance-studio-lab.com/room/MTY3OGY1NTAtMzcxYS00M2UyLWI2OTgtNDg1Yjc5MzMyOGJi/detail"
"21","Bst","31","17.5","2.5","f","2","0","1","1","f","t","f","2025-01-30 13:12:29.388119","2026-03-02 18:38:05.228049","f231d4f7-3eb8-4c85-a133-0add60c8528c",,"f","f","t","f","t","f","t","t","f","t","f","f","t","f","f","f","f","f","f","f","[""57207bddc17d55596d36e3a94dfbcab2(2).jpg""]","[""cf26b52792f1048c9b0db2789f8fcd95(2).jpg""]","[""1c55c3fe7cb1855752622b41822ea817(2).jpg""]","2026-03-02 18:38:05.161063",,,"【防音】防音スタジオのため、ダンスだけではなく打ち合わせや楽器演奏にもご利用いただけます","108","https://view.ricoh360.com/aba2f593-3fc4-4201-b1f9-35b94f97045b","0","2","0","f","f","31","BUZZ国分寺","東京都国分寺市南町3-27-7白馬ビル B1F","ご予約ありがとうございます。


※必読※
入室時スマートロックによる解除が始まりました。
▼BUZZ公式LINE
https://lin.ee/qHq8BQ7

【 解錠の流れ 】
①事前にBUZZ公式LINEを登録する。
②当日、LINEのリッチメニューに表示されます「開錠」ボタンよりご利用の店舗を選択後、「解除する」をタップして解錠ください。
（順次設置となるため、まだ解錠が必要ない店舗もございます。その場合は解錠せずにご入店ください。未設定の店舗はエラー表記となります。）

【注意】
置き引きにご注意ください。
スタジオを離れる際は貴重品を肌身離さずお持ちください。
お客様のご理解とご協力をお願いいたします。
※スタジオ内での盗難等については責任を負いかねます。","2025-01-29 19:06:46.430231","2025-12-25 00:42:28.558423","16","8c16c06e-1cf0-44ff-8d61-cbbbda5d5134","1",,"","2025-11-01 10:15:24.35653","予約完了のお知らせ","【防音部屋有】駅から徒歩3分の格安レンタルスタジオ！","f","06:00:00","06:00:00","f","06:00:00","06:00:00","f","06:00:00","06:00:00","f","06:00:00","06:00:00","f","06:00:00","06:00:00","f","06:00:00","06:00:00","f","06:00:00","06:00:00","f","t",,"https://dance-studio-lab.com/room/ZjIzMWQ0ZjctM2ViOC00Yzg1LWExMzMtMGFkZDYwYzg1Mjhj/detail"
"22","Sst","32","90.3","5.5","t","2","1","0","1","t","t","f","2025-01-30 13:18:16.818817","2026-03-02 19:23:22.593114","f0b7c701-e33a-4dfd-87a9-b5727c49769b",,"t","f","t","f","t","f","t","f","f","t","f","f","t","f","f","f","f","f","f","f","[""6a0ce728c7cd8894fa541ba3a8179c02.jpg""]","[""0ea7c36095ef3ad34aee79ae2c14efdd.jpg""]","[""9985eedd24b4baa867ef272c6d414c76.jpg"",""4fe5c798c062f95851614b0a272e444a.jpg"",""abaed9e993161f894d3e6f1bd1a35be4.jpg"",""20ff8a9ec60a3e0fa43e8c781f6ea119.jpg"",""ac21f568dc1aceb8f18eb600813a0aa7.jpg"",""b7165cc286bb71b1439991148788c0c5.jpg"",""2e6303fcb71ad2a749c4800e8a8ca2e5.jpg"",""1d226187360465b8f6178577a8ac59cf.jpg"",""2e5575854a0dc014976761198a109c21.jpg"",""ec84611c38ad163744c5ca5746215a60.jpg"",""e7d8f43c331fcf7024f3779517a520a3.jpg"",""cf55c090cf9b1638ff0fbe8d7b1e4645.jpg"",""f9114507c202352437200df5f14e46f3.jpg""]","2026-03-02 19:23:22.506842",,,"都内最大90㎡】LED完備・リノリウム・高音質スピーカー・鏡面約10m！！","132","https://view.ricoh360.com/f5f8311a-a36a-402d-8783-75d774068a9f?type=compact","0","2","0","f","f","32","BUZZ池袋西口PARK","東京都豊島区西池袋3-30-10ライオンビルB1","ご予約ありがとうございました。

※必読※
入室時スマートロックによる解除が始まりました。
▼BUZZ公式LINE
https://lin.ee/qHq8BQ7

【 解錠の流れ 】
①事前にBUZZ公式LINEを登録する。
②当日、LINEのリッチメニューに表示されます「開錠」ボタンよりご利用の店舗を選択後、「解除する」をタップして解錠ください。
（順次設置となるため、まだ解錠が必要ない店舗もございます。その場合は解錠せずにご入店ください。未設定の店舗はエラー表記となります。）

【注意】
置き引きにご注意ください。
スタジオを離れる際は貴重品を肌身離さずお持ちください。
お客様のご理解とご協力をお願いいたします。
※スタジオ内での盗難等については責任を負いかねます。

建物右手の階段より地下一階へ降りてご入店ください。
※エレベーターでは地下へ降りられません。

＝＝＝＝＝＝＝＝＝
スタジオ内Wi-Fii
BUZZ_IKIEBUKUROPARK
PASS:buzz88888
＝＝＝＝＝＝＝＝＝
","2025-01-29 19:11:19.080883","2025-12-25 00:42:28.60762","16","9e407dcc-4bdd-4988-b119-bd13dd16bd9d","1",,"","2025-11-01 10:15:49.811221","予約完了のお知らせ","【最大90㎡】大小様々な用途に合わせた5部屋！","f","06:00:00","06:00:00","f","06:00:00","06:00:00","f","06:00:00","06:00:00","f","06:00:00","06:00:00","f","06:00:00","06:00:00","f","06:00:00","06:00:00","f","06:00:00","06:00:00","f","t",,"https://dance-studio-lab.com/room/ZjBiN2M3MDEtZTMzYS00ZGZkLTg3YTktYjU3MjdjNDk3Njli/detail"
"23","Cst","33","17.5","2.5","f","2","2","1","1","f","t","f","2025-01-30 13:33:57.625984","2026-03-02 19:36:13.180218","82dd19c4-19ae-463e-bee4-407557149489",,"f","f","t","f","t","f","t","t","f","f","f","f","t","f","f","f","f","f","f","t","[""42ef36aab9e02a550602c733ce9260f9.jpg""]","[""85c90b14fbbaa982480cfc57c282ed9a.jpg""]","[""463a19281a4d487f49c4a0a7d88b36dc.jpg"",""2985dd431a36cde6eb11916f5e089fca.jpg""]","2026-03-02 19:36:13.125033",,,"少人数でのレッスンや練習に！","117","https://view.ricoh360.com/90838117-f320-4f94-9cb1-6cce4acbdd4c?type=compact","0","2","0","f","f","33","BUZZ神田","東京都千代田区内神田2-9-9神田西口ビルB1F","ご予約ありがとうございました。

※必読※
入室時スマートロックによる解除が始まりました。
▼BUZZ公式LINE
https://lin.ee/qHq8BQ7

【 解錠の流れ 】
①事前にBUZZ公式LINEを登録する。
②当日、LINEのリッチメニューに表示されます「開錠」ボタンよりご利用の店舗を選択後、「解除する」をタップして解錠ください。
（順次設置となるため、まだ解錠が必要ない店舗もございます。その場合は解錠せずにご入店ください。未設定の店舗はエラー表記となります。）

【注意】
置き引きにご注意ください。
スタジオを離れる際は貴重品を肌身離さずお持ちください。
お客様のご理解とご協力をお願いいたします。
※スタジオ内での盗難等については責任を負いかねます。

※スタジオご利用に関するお願い※
入退室の時間は厳守いただきますようお願いいたします。
お店前や近隣でのたむろ行為は固くお断りいたします。

ゴミの持ち帰りと簡単な清掃を行ってください。
スタジオ内は土足厳禁です。
オーディオをご利用の際には音量を上げすぎないようご注意ください。

ご予約前に、当店利用規約をご熟読いただきますようお願いいたします。
利用規約に同意いただけない方の入室はお断りさせていただいております。

皆様が気持ちよくご利用頂けるようご協力よろしくお願いいたします。","2025-01-29 19:17:08.745838","2025-12-25 00:42:28.569663","16","81a1d88f-72bd-4a84-b8f5-2e5b3be4c41d","1",,"","2025-11-01 10:16:06.423455","予約完了のお知らせ","神田駅西口から徒歩2分！コスパ最強レンタルスタジオ！","f","06:00:00","06:00:00","f","06:00:00","06:00:00","f","06:00:00","06:00:00","f","06:00:00","06:00:00","f","06:00:00","06:00:00","f","06:00:00","06:00:00","f","06:00:00","06:00:00","f","t",,"https://dance-studio-lab.com/room/ODJkZDE5YzQtMTlhZS00NjNlLWJlZTQtNDA3NTU3MTQ5NDg5/detail"
"24","Sst","34","94","6.5","f","0","0","1","1","f","t","f","2025-01-30 13:37:24.7661","2026-03-02 19:16:14.049435","e6fa16de-5518-455b-85ee-94583e2182f5",,"f","f","t","t","t","f","t","f","f","f","f","f","t","f","f","f","f","f","f","f","[""a88ea380e5d25fe4f2f6396444b77f5e.jpg""]","[""21d5d504a1972ce3241233c3167a08f2.jpg""]","[""c25951e98bb942234eb14bad84903ec2.jpg"",""dc3444ec61adc1af3a68d5393a20773b.jpg"",""62d32b7188f0f7ad9f195130a66a100c.jpg""]","2026-03-02 19:16:13.969763",,,"横浜最大94㎡✨高音質スピーカー完備◎ハイスペックスタジオ!!","213","https://view.ricoh360.com/20fe9012-5926-4315-9b3a-e924e054ecb6","0","2","0","f","f","34","BUZZ横浜2nd","神奈川県横浜市保土ヶ谷区帷子町1丁目30-1クボタビル地下1階","ご予約ありがとうございました。

＝＝＝＝＝＝＝＝＝
　◆地下一階
BUZZ_yokohama2nd_1
buzz88888

◆地下ニ階
BUZZ_yokohama2nd_2
buzz88888
＝＝＝＝＝＝＝＝＝

クレームが続いております。
発見した場合には罰金1万円を請求させていただきますのでご了承ください。

※必読※
入室時スマートロックによる解除が始まりました。
▼BUZZ公式LINE
https://lin.ee/qHq8BQ7

【 解錠の流れ 】
①事前にBUZZ公式LINEを登録する。
②当日、LINEのリッチメニューに表示されます「開錠」ボタンよりご利用の店舗を選択後、「解除する」をタップして解錠ください。
（順次設置となるため、まだ解錠が必要ない店舗もございます。その場合は解錠せずにご入店ください。未設定の店舗はエラー表記となります。）

【注意】
置き引きにご注意ください。
スタジオを離れる際は貴重品を肌身離さずお持ちください。
お客様のご理解とご協力をお願いいたします。
※スタジオ内での盗難等については責任を負いかねます。

※スタジオご利用に関するお願い※
入退室の時間は厳守いただきますようお願いいたします。
ゴミの持ち帰りと簡単な清掃を行ってください。
スタジオ内は土足厳禁です。
また、隣のスタジオに音が響きますのでオーディオをご利用の際には音量を上げすぎないようご注意ください。

ご予約前に、当店利用規約をご熟読いただきますようお願いいたします。
利用規約に同意いただけない方の入室はお断りさせていただいております。

皆様が気持ちよくご利用頂けるようご協力よろしくお願いいたします。","2025-01-29 19:21:03.537212","2025-12-25 00:42:28.575265","16","f1b2b0b7-e96c-4f9c-b47a-95097aff202e","1",,"","2025-11-01 10:17:11.792162","予約完了のお知らせ","【最大94㎡】大小様々な用途に合わせた4部屋！","f","06:00:00","06:00:00","f","06:00:00","06:00:00","f","06:00:00","06:00:00","f","06:00:00","06:00:00","f","06:00:00","06:00:00","f","06:00:00","06:00:00","f","06:00:00","06:00:00","f","t",,"https://dance-studio-lab.com/room/ZTZmYTE2ZGUtNTUxOC00NTViLTg1ZWUtOTQ1ODNlMjE4MmY1/detail"
"25","Ast","34","19","1.5","t","2","1","1","1","f","t","f","2025-01-30 13:40:37.825848","2026-03-02 19:13:56.823179","3ccf0fbb-98be-4328-a0c4-44d9e124eac7",,"f","f","f","t","t","f","t","f","f","t","f","f","t","f","f","f","f","f","f","f","[""6c68e46317b936f12809d848715367ad.jpg""]","[""81248eab9d5df9fe3c8eed8d44ebcca2.jpg""]","[""3bd06d1f3024c0671d185fb49e76cc78.jpg"",""d71f9c12e6137d5a33f51b477bbf1637.jpg"",""333765f927491d3788d0f2eaa02cc4fd.jpg"",""1d0898d7eeaeb2e6192031ccb169cb78.jpg"",""0147ebe29c899f1e68a97840a4427bc2.jpg"",""7a68194a393eda5a2fb3bca13e7fe701.jpg"",""980881d17110f81b9569f4c63d58ea76.jpg"",""f0a1a4bda6cf50987758d666ef09ed5d.jpg"",""cdc863f956a4bb222dc0befb8cc92c03.jpg"",""a4fb5d571d3b75ffe5bfc45534f4cd59.jpg"",""9b622cd3d88671373db5f2b2e74d7f4e.jpg""]","2026-03-02 19:13:56.697087",,,"お洒落なBAR風🍸コンセプトスタジオ✨映え間違いなし!!","105","https://view.ricoh360.com/ebfaf5ac-6aee-4370-90c4-e887523dedae","0","2","0","f","f","34","BUZZ横浜2nd","神奈川県横浜市保土ヶ谷区帷子町1丁目30-1クボタビル地下1階","ご予約ありがとうございました。

＝＝＝＝＝＝＝＝＝
　◆地下一階
BUZZ_yokohama2nd_1
buzz88888

◆地下ニ階
BUZZ_yokohama2nd_2
buzz88888
＝＝＝＝＝＝＝＝＝

クレームが続いております。
発見した場合には罰金1万円を請求させていただきますのでご了承ください。

※必読※
入室時スマートロックによる解除が始まりました。
▼BUZZ公式LINE
https://lin.ee/qHq8BQ7

【 解錠の流れ 】
①事前にBUZZ公式LINEを登録する。
②当日、LINEのリッチメニューに表示されます「開錠」ボタンよりご利用の店舗を選択後、「解除する」をタップして解錠ください。
（順次設置となるため、まだ解錠が必要ない店舗もございます。その場合は解錠せずにご入店ください。未設定の店舗はエラー表記となります。）

【注意】
置き引きにご注意ください。
スタジオを離れる際は貴重品を肌身離さずお持ちください。
お客様のご理解とご協力をお願いいたします。
※スタジオ内での盗難等については責任を負いかねます。

※スタジオご利用に関するお願い※
入退室の時間は厳守いただきますようお願いいたします。
ゴミの持ち帰りと簡単な清掃を行ってください。
スタジオ内は土足厳禁です。
また、隣のスタジオに音が響きますのでオーディオをご利用の際には音量を上げすぎないようご注意ください。

ご予約前に、当店利用規約をご熟読いただきますようお願いいたします。
利用規約に同意いただけない方の入室はお断りさせていただいております。

皆様が気持ちよくご利用頂けるようご協力よろしくお願いいたします。","2025-01-29 19:21:03.537212","2025-12-25 00:42:28.575265","16","f1b2b0b7-e96c-4f9c-b47a-95097aff202e","1",,"","2025-11-01 10:17:11.792162","予約完了のお知らせ","【最大94㎡】大小様々な用途に合わせた4部屋！","f","06:00:00","06:00:00","f","06:00:00","06:00:00","f","06:00:00","06:00:00","f","06:00:00","06:00:00","f","06:00:00","06:00:00","f","06:00:00","06:00:00","f","06:00:00","06:00:00","f","t",,"https://dance-studio-lab.com/room/M2NjZjBmYmItOThiZS00MzI4LWEwYzQtNDRkOWUxMjRlYWM3/detail"
"73","広い","35",,,"t","2","0","2","0","t","t","t","2025-08-06 19:00:57.743398","2025-08-06 19:00:57.743398","794b0bbc-95d4-4ea8-b8a5-399e347e5855","1","t","t","t","f","t","t","f","t","t","f","f","f","f","t","t","f","f","f","t","f",,,,"2025-08-06 19:00:57.732478","予約の件","ありがとうございます。

https://dancecoverlab.com/shooting/","",,"","60","6","0",,,"35","Rental Studio Lab","東京都新宿区ダミー","","2025-03-20 12:39:11.476892","2025-12-25 00:42:28.547658","7","15c3e6e5-e2f8-4c4c-bf60-52bd0bf5c14c","0",,"03-3333-3333",,"","駅近","f","00:00:00","00:00:00","f","00:00:00","00:00:00","f","00:00:00","00:00:00","f","00:00:00","00:00:00","f","00:00:00","00:00:00","f","00:00:00","00:00:00","f","00:00:00","00:00:00","f","t",,"https://dance-studio-lab.com/room/Nzk0YjBiYmMtOTVkNC00ZWE4LWI4YTUtMzk5ZTM0N2U1ODU1/detail"
"27","いいい","36",,,"f",,,,,"f","f","f","2025-03-20 12:49:33.909128","2025-03-20 12:49:33.909128","6318cbba-fe65-4ad0-9d08-8f13e08c8d6b",,"f","f","f","f","f","f","f","f","f","f","f","f","f","f","f","f","f","f","f","f",,,,,,,"",,"","0","6","0",,,"36","ああああ","","","2025-03-20 12:49:21.118513","2025-12-25 00:42:28.401995","7","9a9cfd06-dc88-4e82-87d7-71f1e1e518de","0",,"",,"","","f",,,"t",,,"t",,,"t",,,"t",,,"t",,,"t",,,"t","t",,"https://dance-studio-lab.com/room/NjMxOGNiYmEtZmU2NS00YWQwLTlkMDgtOGYxM2UwOGM4ZDZi/detail"
"29","1st","37","22","2.5","t","2","2","1","1","t","t","f","2025-03-25 13:37:12.65888","2026-03-02 18:50:50.467703","8e36a475-d555-4f22-888b-4629b6c93904",,"f","f","t","f","f","f","t","t","f","t","f","f","t","f","f","f","f","f","f","f","[""ffa7dc553ed526a53cc19b98c1faf64b(2).jpg""]","[""d6af90256d9a7010f871381092946d2a(2).jpg""]","[""a705835235fc8139881a817475b38e4f(2).jpg""]","2026-03-02 18:50:50.406383",,,"完全独立プライベート空間！少人数リハや集中したい方に◎","147","https://view.ricoh360.com/aaa2858b-f21b-4d20-a742-e3b219cc27f3","0","2","0","f","f","37","BUZZ新宿コンシェルジュ","新宿区西新宿7-16-4　Concierge高橋 BF 地下一階（入口はBUZZ新宿とは別で自販機裏側、左の扉です）","ご予約ありがとうございました。

＝＝＝＝＝＝＝＝
スタジオ内Wi-Fi
ID:BUZZ_concierge
PASS:buzz88888
＝＝＝＝＝＝＝＝＝

※必読※
入室時スマートロックによる解除が始まりました。
▼BUZZ公式LINE
https://lin.ee/qHq8BQ7

【 解錠の流れ 】
①事前にBUZZ公式LINEを登録する。
②当日、LINEのリッチメニューに表示されます「開錠」ボタンよりご利用の店舗を選択後、「解除する」をタップして解錠ください。
（順次設置となるため、まだ解錠が必要ない店舗もございます。その場合は解錠せずにご入店ください。未設定の店舗はエラー表記となります。）

【注意】
置き引きにご注意ください。
スタジオを離れる際は貴重品を肌身離さずお持ちください。
お客様のご理解とご協力をお願いいたします。
※スタジオ内での盗難等については責任を負いかねます。

※混雑時は繋がりにくい場合もございます。
必ず保証するものではございませんのでご理解のほどよろしくお願いいたします。

※スタジオご利用に関するお願い※
ゴミの持ち帰りと簡単な清掃を行ってください。
また、オーディオをご利用の際には音量を上げすぎないようご注意ください。
皆様が気持ちよくご利用頂けるようご協力よろしくお願いいたします。","2025-03-25 13:30:51.390104","2025-12-25 00:42:28.443355","16","269a968c-09fa-45ee-8ff8-c9900d4d7835","1",,"","2025-11-01 10:17:53.266399","予約完了のお知らせ","完全独立プライベート空間！少人数リハや集中したい方に◎","f","06:00:00","06:00:00","f","06:00:00","06:00:00","f","06:00:00","06:00:00","f","06:00:00","06:00:00","f","06:00:00","06:00:00","f","06:00:00","06:00:00","f","06:00:00","06:00:00","f","t",,"https://dance-studio-lab.com/room/OGUzNmE0NzUtZDU1NS00ZjIyLTg4OGItNDYyOWI2YzkzOTA0/detail"
"30","2st","38","16.9","2.5","f","2","2","1","1","t","t","f","2025-03-25 13:37:33.010999","2026-03-02 19:18:36.94438","5f6f168e-d62b-4e99-8e27-d25b9e2dc3bd",,"f","f","t","f","t","f","t","t","t","t","f","t","t","f","f","f","f","f","f","t","[""79551c15cf547d813b95f7d8b2ae828f.jpg""]","[""e46de9ca7e00a31d2d44e9f22ee988c0.jpg""]","[""738cb6ea130183f732c3071e2a90cb28.jpg""]","2026-03-02 19:18:36.882737",,,"マンツーマンレッスンや個人練習に！","210","https://view.ricoh360.com/b09f1fe0-03ae-4404-80a0-df7d2ef10a84","0","2","0","f","f","38","BUZZ池袋東口BASE","東京都豊島区東池袋1-36-7アルテール池袋B1","※必読※
入室時スマートロックによる解除が始まりました。
▼BUZZ公式LINE
https://lin.ee/qHq8BQ7

【 解錠の流れ 】
①事前にBUZZ公式LINEを登録する。
②当日、LINEのリッチメニューに表示されます「開錠」ボタンよりご利用の店舗を選択後、「解除する」をタップして解錠ください。
（順次設置となるため、まだ解錠が必要ない店舗もございます。その場合は解錠せずにご入店ください。未設定の店舗はエラー表記となります。）

【注意】
置き引きにご注意ください。
スタジオを離れる際は貴重品を肌身離さずお持ちください。
お客様のご理解とご協力をお願いいたします。
※スタジオ内での盗難等については責任を負いかねます。

ビル周辺でのたむろ・喫煙行為などは厳禁です。
土足での入室もお断りしておりますので必要な場合は室内履きをお持ち下さい。
マナーを守ってご利用いただきますようご協力をお願いいたします。
","2025-03-25 13:31:31.893825","2025-12-25 00:42:28.406905","16","36acf403-d307-4277-bf04-c98ca067d920","1",,"","2025-11-01 10:18:12.130933","予約完了のお知らせ","【LED導入】個人レッスンや少人数でのリハーサルに最適です。","f","06:00:00","06:00:00","f","06:00:00","06:00:00","f","06:00:00","06:00:00","f","06:00:00","06:00:00","f","06:00:00","06:00:00","f","06:00:00","06:00:00","f","06:00:00","06:00:00","f","t",,"https://dance-studio-lab.com/room/NWY2ZjE2OGUtZDYyYi00ZTk5LThlMjctZDI1YjllMmRjM2Jk/detail"
"31","3st","38","16.9","2.5","f","2","0","1","1","t","t","f","2025-03-25 13:37:47.007348","2026-03-02 19:20:48.862267","bf7d1455-5daf-4fa3-bdfc-a42068ee1fb8",,"f","f","t","f","t","f","t","t","t","t","f","t","t","f","f","f","f","f","f","t","[""8cd938b68d5fedd3bdd0110d131940de.jpg""]","[""cbf5f6ef8af0a369421ae1e5ca4d2643.jpg""]","[""fbaf0489f36ea228aa90389871682149.jpg""]","2026-03-02 19:20:48.792787",,,"マンツーマンレッスンや個人練習に！","207","https://view.ricoh360.com/2b1cfa4f-f2c0-4a5b-9c02-5c4ff1ba60e1","0","2","0","f","f","38","BUZZ池袋東口BASE","東京都豊島区東池袋1-36-7アルテール池袋B1","※必読※
入室時スマートロックによる解除が始まりました。
▼BUZZ公式LINE
https://lin.ee/qHq8BQ7

【 解錠の流れ 】
①事前にBUZZ公式LINEを登録する。
②当日、LINEのリッチメニューに表示されます「開錠」ボタンよりご利用の店舗を選択後、「解除する」をタップして解錠ください。
（順次設置となるため、まだ解錠が必要ない店舗もございます。その場合は解錠せずにご入店ください。未設定の店舗はエラー表記となります。）

【注意】
置き引きにご注意ください。
スタジオを離れる際は貴重品を肌身離さずお持ちください。
お客様のご理解とご協力をお願いいたします。
※スタジオ内での盗難等については責任を負いかねます。

ビル周辺でのたむろ・喫煙行為などは厳禁です。
土足での入室もお断りしておりますので必要な場合は室内履きをお持ち下さい。
マナーを守ってご利用いただきますようご協力をお願いいたします。
","2025-03-25 13:31:31.893825","2025-12-25 00:42:28.406905","16","36acf403-d307-4277-bf04-c98ca067d920","1",,"","2025-11-01 10:18:12.130933","予約完了のお知らせ","【LED導入】個人レッスンや少人数でのリハーサルに最適です。","f","06:00:00","06:00:00","f","06:00:00","06:00:00","f","06:00:00","06:00:00","f","06:00:00","06:00:00","f","06:00:00","06:00:00","f","06:00:00","06:00:00","f","06:00:00","06:00:00","f","t",,"https://dance-studio-lab.com/room/YmY3ZDE0NTUtNWRhZi00ZmEzLWJkZmMtYTQyMDY4ZWUxZmI4/detail"
"32","Bst","39","16.5","2.5","f","2","2","1","1","f","t","f","2025-03-25 13:38:12.655868","2026-03-02 18:24:10.308573","0f1cb09f-448e-42a2-9ba0-785b5290499c",,"f","f","t","f","t","f","t","t","f","t","f","f","t","f","f","f","f","f","f","t","[""7ac11a71fd278f86fb0a0b72461cea87.jpg""]","[""de8b68785cab362753349c710274ef61.jpg""]","[""13c307aa7001a02d0046758fa148ff96.jpg""]","2026-03-02 18:24:10.282041",,,"個人レッスンや少人数でのリハーサルに最適です。","221","https://view.ricoh360.com/e4499479-d9ff-41de-85f6-6b9963d60258","0","2","0","f","f","39","BUZZ六本木","東京都港区六本木4丁目5-7地下1階","※必読※
入室時スマートロックによる解除が始まりました。
▼BUZZ公式LINE
https://lin.ee/qHq8BQ7

【 解錠の流れ 】
①事前にBUZZ公式LINEを登録する。
②当日、LINEのリッチメニューに表示されます「開錠」ボタンよりご利用の店舗を選択後、「解除する」をタップして解錠ください。
（順次設置となるため、まだ解錠が必要ない店舗もございます。その場合は解錠せずにご入店ください。未設定の店舗はエラー表記となります。）

【注意】
置き引きにご注意ください。
スタジオを離れる際は貴重品を肌身離さずお持ちください。
お客様のご理解とご協力をお願いいたします。
※スタジオ内での盗難等については責任を負いかねます。

ビル周辺でのたむろ・喫煙行為はお断りさせていただいております。
ご来店いただくすべての方が気持ちよくご利用頂けるようマナーを守ってご利用頂きますようご協力をお願いいたします。
","2025-03-25 13:31:56.763666","2025-12-25 00:42:28.581032","16","ebe8a461-aec0-43fb-8993-3432fe69d943","1",,"","2025-11-01 10:18:44.182375","予約完了のお知らせ","マンツーマンレッスンや個人練習に！","f","06:00:00","06:00:00","f","06:00:00","06:00:00","f","06:00:00","06:00:00","f","06:00:00","06:00:00","f","06:00:00","06:00:00","f","06:00:00","06:00:00","f","06:00:00","06:00:00","f","t",,"https://dance-studio-lab.com/room/MGYxY2IwOWYtNDQ4ZS00MmEyLTliYTAtNzg1YjUyOTA0OTlj/detail"
"33","Cst","39","15","1.5","f","2","2","1","1","f","t","f","2025-03-25 13:38:25.676575","2026-03-02 18:27:11.23051","d0437fd1-4c25-4f7a-8fa6-cb610d27b46c",,"f","f","t","f","t","f","t","t","f","t","f","f","t","f","f","f","f","f","f","t","[""d5d26f08f6cc5d1e37c4a967f6dfa7e7.jpg""]","[""55a72ba934688dd56a1e21a5e2213765.jpg""]","[""223f34113f0d481392ad41598c016a0c.jpg""]","2026-03-02 18:27:11.147245",,,"個人レッスンや少人数でのリハーサルに最適です。","95","https://view.ricoh360.com/6b738d5a-e005-4e98-be9e-2f82f475681c","0","2","0","f","f","39","BUZZ六本木","東京都港区六本木4丁目5-7地下1階","※必読※
入室時スマートロックによる解除が始まりました。
▼BUZZ公式LINE
https://lin.ee/qHq8BQ7

【 解錠の流れ 】
①事前にBUZZ公式LINEを登録する。
②当日、LINEのリッチメニューに表示されます「開錠」ボタンよりご利用の店舗を選択後、「解除する」をタップして解錠ください。
（順次設置となるため、まだ解錠が必要ない店舗もございます。その場合は解錠せずにご入店ください。未設定の店舗はエラー表記となります。）

【注意】
置き引きにご注意ください。
スタジオを離れる際は貴重品を肌身離さずお持ちください。
お客様のご理解とご協力をお願いいたします。
※スタジオ内での盗難等については責任を負いかねます。

ビル周辺でのたむろ・喫煙行為はお断りさせていただいております。
ご来店いただくすべての方が気持ちよくご利用頂けるようマナーを守ってご利用頂きますようご協力をお願いいたします。
","2025-03-25 13:31:56.763666","2025-12-25 00:42:28.581032","16","ebe8a461-aec0-43fb-8993-3432fe69d943","1",,"","2025-11-01 10:18:44.182375","予約完了のお知らせ","マンツーマンレッスンや個人練習に！","f","06:00:00","06:00:00","f","06:00:00","06:00:00","f","06:00:00","06:00:00","f","06:00:00","06:00:00","f","06:00:00","06:00:00","f","06:00:00","06:00:00","f","06:00:00","06:00:00","f","t",,"https://dance-studio-lab.com/room/ZDA0MzdmZDEtNGMyNS00ZjdhLThmYTYtY2I2MTBkMjdiNDZj/detail"
"34","2st","40","12","2","f","2","0","1","1","t","t","f","2025-03-25 13:38:57.165372","2026-03-02 19:51:50.441171","66bed061-be4e-409e-b43e-6f1f7a9e0cc3",,"f","f","t","f","t","f","t","t","f","t","f","t","t","f","f","f","f","f","f","f","[""3f6316e9af3e50081d912f208a491a97.jpg""]","[""b2e39e62fc4353e5ac96cb421204229e.jpg""]","[""81496938465f8123a1149182827d6d61.jpg""]","2026-03-02 19:51:50.383514",,,"マンツーマンレッスンや個人練習に適しているスタジオです。","208","https://view.ricoh360.com/89e48416-3b8c-4a5c-a72c-fe77abce8f1f","0","2","0","f","f","40","BUZZ高田馬場","東京都新宿区高田馬場4-14-6第二長谷川ビル 地下1階","ご予約ありがとうございました。

※必読※
入室時スマートロックによる解除が始まりました。
▼BUZZ公式LINE
https://lin.ee/qHq8BQ7

【 解錠の流れ 】
①事前にBUZZ公式LINEを登録する。
②当日、LINEのリッチメニューに表示されます「開錠」ボタンよりご利用の店舗を選択後、「解除する」をタップして解錠ください。
（順次設置となるため、まだ解錠が必要ない店舗もございます。その場合は解錠せずにご入店ください。未設定の店舗はエラー表記となります。）

【注意】
置き引きにご注意ください。
スタジオを離れる際は貴重品を肌身離さずお持ちください。
お客様のご理解とご協力をお願いいたします。
※スタジオ内での盗難等については責任を負いかねます。

※スタジオご利用に関するお願い※
ゴミの持ち帰りと簡単な清掃を行ってください。
また、隣のスタジオに音が響きますのでオーディオをご利用の際には音量を上げすぎないようご注意ください。
皆様が気持ちよくご利用頂けるようご協力よろしくお願いいたします。
","2025-03-25 13:32:21.900654","2025-12-25 00:42:28.412519","16","eeadcf75-a146-416b-ba95-6b6da21bcfea","1",,"","2025-11-01 10:19:09.893","予約完了のお知らせ","【LED導入】少人数でのレッスンや練習に！","f","06:00:00","06:00:00","f","06:00:00","06:00:00","f","06:00:00","06:00:00","f","06:00:00","06:00:00","f","06:00:00","06:00:00","f","06:00:00","06:00:00","f","06:00:00","06:00:00","f","t",,"https://dance-studio-lab.com/room/NjZiZWQwNjEtYmU0ZS00MDllLWI0M2UtNmYxZjdhOWUwY2Mz/detail"
"35","3st","40","10","1.5","f","2","0","1","1","f","t","f","2025-03-25 13:39:18.603643","2026-03-02 19:54:13.010902","3720b537-8503-4d85-98e7-21f80713fef9",,"f","f","t","f","t","f","t","t","f","t","f","t","t","f","f","f","f","f","f","f","[""a4fef0d673855087df0ceb116d70de84.jpg""]","[""85ad6d04e1994e1a7e945b6c89eceac4.jpg""]","[""cded92f00a215b53b7fe6ac357fc0b31.jpg""]","2026-03-02 19:54:12.949588",,,"個人練などで集中したい方向け！","204","https://view.ricoh360.com/9d4cec0d-24d6-4ee0-a64b-1890fbf30338","0","2","0","f","f","40","BUZZ高田馬場","東京都新宿区高田馬場4-14-6第二長谷川ビル 地下1階","ご予約ありがとうございました。

※必読※
入室時スマートロックによる解除が始まりました。
▼BUZZ公式LINE
https://lin.ee/qHq8BQ7

【 解錠の流れ 】
①事前にBUZZ公式LINEを登録する。
②当日、LINEのリッチメニューに表示されます「開錠」ボタンよりご利用の店舗を選択後、「解除する」をタップして解錠ください。
（順次設置となるため、まだ解錠が必要ない店舗もございます。その場合は解錠せずにご入店ください。未設定の店舗はエラー表記となります。）

【注意】
置き引きにご注意ください。
スタジオを離れる際は貴重品を肌身離さずお持ちください。
お客様のご理解とご協力をお願いいたします。
※スタジオ内での盗難等については責任を負いかねます。

※スタジオご利用に関するお願い※
ゴミの持ち帰りと簡単な清掃を行ってください。
また、隣のスタジオに音が響きますのでオーディオをご利用の際には音量を上げすぎないようご注意ください。
皆様が気持ちよくご利用頂けるようご協力よろしくお願いいたします。
","2025-03-25 13:32:21.900654","2025-12-25 00:42:28.412519","16","eeadcf75-a146-416b-ba95-6b6da21bcfea","1",,"","2025-11-01 10:19:09.893","予約完了のお知らせ","【LED導入】少人数でのレッスンや練習に！","f","06:00:00","06:00:00","f","06:00:00","06:00:00","f","06:00:00","06:00:00","f","06:00:00","06:00:00","f","06:00:00","06:00:00","f","06:00:00","06:00:00","f","06:00:00","06:00:00","f","t",,"https://dance-studio-lab.com/room/MzcyMGI1MzctODUwMy00ZDg1LTk4ZTctMjFmODA3MTNmZWY5/detail"
"36","1F","41","23",,"f","2","2","1","1","f","t","f","2025-03-25 13:40:23.055064","2026-03-02 18:54:52.203169","1f36cadc-1fb6-420b-bc73-faf601bd9207",,"f","f","t","f","t","f","t","t","f","t","f","f","t","f","f","f","f","f","f","f","[""f0ba802f470c095626abccafbf9e50ff.jpg""]","[""1aeb3383e5b24072ad5d1789b620643b.jpg""]",,"2026-03-02 18:54:52.14322",,,"少人数での練習やレッスンなどにおすすめです。","209","https://view.ricoh360.com/7fa19949-bd6e-4b17-94eb-7b42ff495589","0","2","0","f","f","41","BUZZ新宿ハウス","東京都新宿区西新宿7-16-1コンシェルジュ石原スタジオ1F・2F","ご予約ありがとうございました。

※必読※
入室時スマートロックによる解除が始まりました。
▼BUZZ公式LINE
https://lin.ee/qHq8BQ7

【 解錠の流れ 】
①事前にBUZZ公式LINEを登録する。
②当日、LINEのリッチメニューに表示されます「開錠」ボタンよりご利用の店舗を選択後、「解除する」をタップして解錠ください。
（順次設置となるため、まだ解錠が必要ない店舗もございます。その場合は解錠せずにご入店ください。未設定の店舗はエラー表記となります。）

【注意】
置き引きにご注意ください。
スタジオを離れる際は貴重品を肌身離さずお持ちください。
お客様のご理解とご協力をお願いいたします。
※スタジオ内での盗難等については責任を負いかねます。

※スタジオご利用に関するお願い※
ゴミの持ち帰りと簡単な清掃を行ってください。
また、隣のスタジオに音が響きますのでオーディオをご利用の際には音量を上げすぎないようご注意ください。
皆様が気持ちよくご利用頂けるようご協力よろしくお願いいたします。
","2025-03-25 13:32:35.623666","2025-12-25 00:42:28.613945","16","2c85ac42-847c-46e8-ad89-657e9dd6e487","1",,"","2025-11-01 10:19:52.892243","予約完了のお知らせ","まるで家かのような、木目を基調としたスタジオ！","f","06:00:00","06:00:00","f","06:00:00","06:00:00","f","06:00:00","06:00:00","f","06:00:00","06:00:00","f","06:00:00","06:00:00","f","06:00:00","06:00:00","f","06:00:00","06:00:00","f","t",,"https://dance-studio-lab.com/room/MWYzNmNhZGMtMWZiNi00MjBiLWJjNzMtZmFmNjAxYmQ5MjA3/detail"
"37","Ast","42","16","2","f","1","0","2","1","f","t","f","2025-03-25 13:40:43.411207","2026-03-02 18:48:28.32604","58f83007-f926-4e17-8064-04f8b02d9e4b",,"f","f","t","f","t","f","t","t","f","t","f","t","f","f","f","f","f","f","f","f","[""000da9ad8b78d1deb12214d137c62bf8(2).jpg""]","[""8ce41d4878822c474e3dc2df18c3da7a(2).jpg""]","[""7e1971fd4aca14eaaec22e922176e2cf(2).jpg""]","2026-03-02 18:48:28.275018",,,"少人数でのレッスンや練習に！","205","https://view.ricoh360.com/6aa55864-51ca-48b0-82b1-d986a772eacb","0","2","0","f","f","42","BUZZ新宿","東京都新宿区西新宿7-16-4Concierge高橋 BF 地下1階","ご予約ありがとうございました。

※必読※
入室時スマートロックによる解除が始まりました。
▼BUZZ公式LINE
https://lin.ee/qHq8BQ7

【 解錠の流れ 】
①事前にBUZZ公式LINEを登録する。
②当日、LINEのリッチメニューに表示されます「開錠」ボタンよりご利用の店舗を選択後、「解除する」をタップして解錠ください。
（順次設置となるため、まだ解錠が必要ない店舗もございます。その場合は解錠せずにご入店ください。未設定の店舗はエラー表記となります。）

【注意】
置き引きにご注意ください。
スタジオを離れる際は貴重品を肌身離さずお持ちください。
お客様のご理解とご協力をお願いいたします。
※スタジオ内での盗難等については責任を負いかねます。

※スタジオご利用に関するお願い※
ゴミの持ち帰りと簡単な清掃を行ってください。
また、隣のスタジオに音が響きますのでオーディオをご利用の際には音量を上げすぎないようご注意ください。
皆様が気持ちよくご利用頂けるようご協力よろしくお願いいたします。","2025-03-25 13:33:19.16971","2025-12-25 00:42:28.41852","16","3f59ecfe-2702-4583-98d7-dd835ac2b726","1",,"","2025-11-01 10:21:30.664061","予約完了のお知らせ","少人数でのレッスンにおすすめです。","f","06:00:00","06:00:00","f","06:00:00","06:00:00","f","06:00:00","06:00:00","f","06:00:00","06:00:00","f","06:00:00","06:00:00","f","06:00:00","06:00:00","f","06:00:00","06:00:00","f","t",,"https://dance-studio-lab.com/room/NThmODMwMDctZjkyNi00ZTE3LTgwNjQtMDRmOGIwMmQ5ZTRi/detail"
"38","Bst ","43","15.5","2","f","2","0","1","1","f","t","f","2025-03-25 13:41:00.168952","2026-03-02 18:46:17.595854","2cc691b1-b09d-4a6d-ac10-feac450f43e2",,"f","f","t","f","t","f","t","f","f","t","f","f","t","f","f","f","f","f","f","f","[""7e97a45c63debe4711d1af41f1a6aa64(2).jpg""]","[""18014701c3ef5ad30af437d34cfdb75b(2).jpg""]","[""de98b5210eaebbcf5f400b37df5c5cca(2).jpg""]","2026-03-02 18:46:17.531705",,,"少人数でのレッスンや練習に！","211","https://view.ricoh360.com/3a2eece5-27fe-46f2-ad00-035c40f49545","0","2","0","f","f","43","BUZZ巣鴨","東京都豊島区巣鴨2-4-6第二みどりビルB1","ご予約ありがとうございました。

※必読※
入室時スマートロックによる解除が始まりました。
▼BUZZ公式LINE
https://lin.ee/qHq8BQ7

【 解錠の流れ 】
①事前にBUZZ公式LINEを登録する。
②当日、LINEのリッチメニューに表示されます「開錠」ボタンよりご利用の店舗を選択後、「解除する」をタップして解錠ください。
（順次設置となるため、まだ解錠が必要ない店舗もございます。その場合は解錠せずにご入店ください。未設定の店舗はエラー表記となります。）

【注意】
置き引きにご注意ください。
スタジオを離れる際は貴重品を肌身離さずお持ちください。
お客様のご理解とご協力をお願いいたします。
※スタジオ内での盗難等については責任を負いかねます。

※スタジオご利用に関するお願い※
ゴミの持ち帰りと簡単な清掃を行ってください。
また、隣のスタジオに音が響きますのでオーディオをご利用の際には音量を上げすぎないようご注意ください。
皆様が気持ちよくご利用頂けるようご協力よろしくお願いいたします。
","2025-03-25 13:34:33.335788","2025-12-25 00:42:28.455674","16","8f12d0e0-613d-4690-b6d1-ef7e6cb2ea08","1",,"","2025-11-01 10:23:30.007806","予約完了のお知らせ","少人数でのレッスンや練習に！","f","06:00:00","06:00:00","f","06:00:00","06:00:00","f","06:00:00","06:00:00","f","06:00:00","06:00:00","f","06:00:00","06:00:00","f","06:00:00","06:00:00","f","06:00:00","06:00:00","f","t",,"https://dance-studio-lab.com/room/MmNjNjkxYjEtYjA5ZC00YTZkLWFjMTAtZmVhYzQ1MGY0M2Uy/detail"
"39","4st","44","7.2","1.5","f","2","2","1","1","t","t","f","2025-03-25 13:41:22.361197","2026-04-27 23:36:25.281882","d7230fef-37ba-4b64-8f8a-d2c34155ed06",,"f","f","t","f","t","f","t","f","f","t","f","f","t","f","f","f","f","f","f","f","[""b4c7cec4304a6925353e235e7be4ce93.jpg""]","[""761f28d30aa0ef9d587aff97dd113178.jpg""]","[""7851279c0bce380fdb70bf440887751c.jpg""]","2026-04-27 23:36:25.249896",,,"個人練などで集中したい方向け！","212","https://view.ricoh360.com/517be15e-e0c9-48fb-aec3-aba79a00ff84","0","2","0","f","f","44","BUZZ西国分寺","東京都国分寺市泉町3-37-25天龍ビルB1","ご予約ありがとうございました。

※必読※
入室時スマートロックによる解除が始まりました。
▼BUZZ公式LINE
https://lin.ee/qHq8BQ7

【 解錠の流れ 】
①事前にBUZZ公式LINEを登録する。
②当日、LINEのリッチメニューに表示されます「開錠」ボタンよりご利用の店舗を選択後、「解除する」をタップして解錠ください。
（順次設置となるため、まだ解錠が必要ない店舗もございます。その場合は解錠せずにご入店ください。未設定の店舗はエラー表記となります。）

【注意】
置き引きにご注意ください。
スタジオを離れる際は貴重品を肌身離さずお持ちください。
お客様のご理解とご協力をお願いいたします。
※スタジオ内での盗難等については責任を負いかねます。

※スタジオご利用に関するお願い※
ゴミの持ち帰りと簡単な清掃を行ってください。
また、隣のスタジオに音が響きますのでオーディオをご利用の際には音量を上げすぎないようご注意ください。
皆様が気持ちよくご利用頂けるようご協力よろしくお願いいたします。
","2025-03-25 13:35:31.687938","2025-12-25 00:42:28.461901","16","0828616b-6278-49ef-b847-b2aaf986cd54","1",,"","2025-11-01 10:23:09.285896","予約完了のお知らせ","個人練などで集中したい方向け！","f","06:00:00","06:00:00","f","06:00:00","06:00:00","f","06:00:00","06:00:00","f","06:00:00","06:00:00","f","06:00:00","06:00:00","f","06:00:00","06:00:00","f","06:00:00","06:00:00","f","t",,"https://dance-studio-lab.com/room/ZDcyMzBmZWYtMzdiYS00YjY0LThmOGEtZDJjMzQxNTVlZDA2/detail"
"40","2Ast","45","21","2","f","2","2","1","1","t","t","f","2025-03-25 13:41:41.786342","2026-04-27 23:46:50.834931","12f9e54d-bebd-4aa3-b9cb-4aac57a02e0d",,"f","f","t","t","f","f","t","t","f","t","f","t","t","f","f","f","t","f","f","t","[""b0672a209d3447e4c11fd8ca9c6cc2b6.jpg""]","[""72068aa60c8f36be35529a3fcdd7963e.jpg""]","[""9cba8cd26e26b2bde281ff7a32f6d4c6(2).jpg""]","2026-04-27 23:46:50.806826",,,"TikTokでバズり中💡LEDこだわりのスタジオ","203","https://view.ricoh360.com/66132fd6-ef9c-406e-8286-64adfafbb972","0","2","0","f","f","45","BUZZ渋谷MARKCITY","東京都渋谷区道玄坂1丁目17-9BUZZビル","ご予約ありがとうございました。

※必読※
入室時スマートロックによる解除が始まりました。
▼BUZZ公式LINE
https://lin.ee/qHq8BQ7

【 解錠の流れ 】
①事前にBUZZ公式LINEを登録する。
②当日、LINEのリッチメニューに表示されます「開錠」ボタンよりご利用の店舗を選択後、「解除する」をタップして解錠ください。
（順次設置となるため、まだ解錠が必要ない店舗もございます。その場合は解錠せずにご入店ください。未設定の店舗はエラー表記となります。）

【注意】
置き引きにご注意ください。
スタジオを離れる際は貴重品を肌身離さずお持ちください。
お客様のご理解とご協力をお願いいたします。
※スタジオ内での盗難等については責任を負いかねます。

※スタジオご利用に関するお願い※
ゴミの持ち帰りと簡単な清掃を行ってください。
また、隣のスタジオに音が響きますのでオーディオをご利用の際には音量を上げすぎないようご注意ください。
皆様が気持ちよくご利用頂けるようご協力よろしくお願いいたします。
","2025-03-25 13:35:52.373659","2025-12-25 00:42:28.596172","16","5d8f9a04-ccce-44da-91f7-6bdb9ec315f0","1",,"","2025-11-01 10:22:50.087664","予約完了のお知らせ","【LED導入】少人数でのレッスンやリハーサルなどにおすすめです。","f","06:00:00","06:00:00","f","06:00:00","06:00:00","f","06:00:00","06:00:00","f","06:00:00","06:00:00","f","06:00:00","06:00:00","f","06:00:00","06:00:00","f","06:00:00","06:00:00","f","t",,"https://dance-studio-lab.com/room/MTJmOWU1NGQtYmViZC00YWEzLWI5Y2ItNGFhYzU3YTAyZTBk/detail"
"41","Ast","46","31","2.5","t","2","2","1","2","t","t","f","2025-03-25 13:42:00.501897","2026-03-02 19:49:58.413773","9a311041-276b-4704-946c-a554ca568a37",,"f","f","t","f","t","f","t","f","f","t","f","f","t","f","f","f","f","f","f","t","[""8cf28733519cc2e8ef764565342bd116.jpg""]","[""247ae7f6a5f110e8f67111f251888670.jpg""]","[""925059602bc3aebc42a6700ba66c697b.jpg""]","2026-03-02 19:49:58.355094",,,"ポール利用可能！大人数でのリハーサルにも適しています。","206","","0","2","0","f","f","46","BUZZ関内","神奈川県横浜市中区太田町1-18-2関内エスビル B1","ご予約ありがとうございました。

※必読※
入室時スマートロックによる解除が始まりました。
▼BUZZ公式LINE
https://lin.ee/qHq8BQ7

【 解錠の流れ 】
①事前にBUZZ公式LINEを登録する。
②当日、LINEのリッチメニューに表示されます「開錠」ボタンよりご利用の店舗を選択後、「解除する」をタップして解錠ください。
（順次設置となるため、まだ解錠が必要ない店舗もございます。その場合は解錠せずにご入店ください。未設定の店舗はエラー表記となります。）

【注意】
置き引きにご注意ください。
スタジオを離れる際は貴重品を肌身離さずお持ちください。
お客様のご理解とご協力をお願いいたします。
※スタジオ内での盗難等については責任を負いかねます。

※スタジオご利用に関するお願い※
ゴミの持ち帰りと簡単な清掃を行ってください。
また、隣のスタジオに音が響きますのでオーディオをご利用の際には音量を上げすぎないようご注意ください。
皆様が気持ちよくご利用頂けるようご協力よろしくお願いいたします。
","2025-03-25 13:36:01.857727","2025-12-25 00:42:28.55317","16","d5cf4312-886c-4a9a-a11c-3f48b084542c","1",,"","2025-11-01 10:22:28.50053","予約完了のお知らせ","少人数でのレッスンや練習に！","f","06:00:00","06:00:00","f","06:00:00","06:00:00","f","06:00:00","06:00:00","f","06:00:00","06:00:00","f","06:00:00","06:00:00","f","06:00:00","06:00:00","f","06:00:00","06:00:00","f","t",,"https://dance-studio-lab.com/room/OWEzMTEwNDEtMjc2Yi00NzA0LTk0NmMtYTU1NGNhNTY4YTM3/detail"
"42","2F","47","26.5","3","f","2","2","1","1","t","t","f","2025-03-25 13:42:18.207655","2026-03-02 18:42:00.698979","48f078b5-023c-4d18-acd8-a3be0004d39b",,"f","f","t","f","t","f","t","t","f","t","f","f","t","f","f","f","t","f","f","t","[""6563e22395351793f269121cd6028fa8.jpg""]","[""095b264108462993941763f7e9a4b7fa.jpg""]","[""adddd23a5253b5e0ada8629f2359d039.jpg""]","2026-03-02 18:42:00.639775",,,"昼間は太陽が差し込む開放的なスタジオ！","127","","0","2","0","f","f","47","BUZZ大宮","埼玉県さいたま市大宮区宮町2-24Kビル 付属建物","ご予約ありがとうございました。

※必読※
入室時スマートロックによる解除が始まりました。
▼BUZZ公式LINE
https://lin.ee/qHq8BQ7

【 解錠の流れ 】
①事前にBUZZ公式LINEを登録する。
②当日、LINEのリッチメニューに表示されます「開錠」ボタンよりご利用の店舗を選択後、「解除する」をタップして解錠ください。
（順次設置となるため、まだ解錠が必要ない店舗もございます。その場合は解錠せずにご入店ください。未設定の店舗はエラー表記となります。）

【注意】
置き引きにご注意ください。
スタジオを離れる際は貴重品を肌身離さずお持ちください。
お客様のご理解とご協力をお願いいたします。
※スタジオ内での盗難等については責任を負いかねます。

※スタジオご利用に関するお願い※
ゴミの持ち帰りと簡単な清掃を行ってください。
また、隣のスタジオに音が響きますのでオーディオをご利用の際には音量を上げすぎないようご注意ください。
皆様が気持ちよくご利用頂けるようご協力よろしくお願いいたします。
","2025-03-25 13:36:10.740417","2025-12-25 00:42:28.44951","16","9328dfee-1cad-494f-aae3-d062c716ac66","1",,"","2025-11-01 10:22:07.133227","予約完了のお知らせ","1フロアに1スタジオなので少人数から個人レッスンまで様々な用途でお使いいただけるスタジオです。","f","06:00:00","06:00:00","f","06:00:00","06:00:00","f","06:00:00","06:00:00","f","06:00:00","06:00:00","f","06:00:00","06:00:00","f","06:00:00","06:00:00","f","06:00:00","06:00:00","f","t",,"https://dance-studio-lab.com/room/NDhmMDc4YjUtMDIzYy00ZDE4LWFjZDgtYTNiZTAwMDRkMzli/detail"
"43","406st","48","6.2","1","f","2","0","1","1","t","t","f","2025-03-25 13:42:34.778417","2026-04-27 23:38:13.853616","9454adfa-9425-4785-8408-78881caf4f6e",,"f","f","t","t","t","f","t","t","t","t","f","t","t","f","f","f","t","f","f","t","[""5983cdb01ce83a36d31311f4a506c312(2).jpg""]","[""76df572a2a333c7e23316e2981970db5(2).jpg""]","[""0e40a1ec166189e5ff10c736d70ba003(2).jpg"",""db8979d638e7c9d25ece159391c6a8c9(2).jpg""]","2026-04-27 23:38:13.811597",,,"【神奈川最安!】個人練などで集中したい方向け！","125","https://view.ricoh360.com/ad4b9f2d-43d0-44b0-b268-cdf190f8cc35","0","2","0","f","f","48","BUZZ川崎","神奈川県川崎市川崎区小川町14ー3","ご予約ありがとうございました。

※必読※
入室時スマートロックによる解除が始まりました。
▼BUZZ公式LINE
https://lin.ee/qHq8BQ7

【 解錠の流れ 】
①事前にBUZZ公式LINEを登録する。
②当日、LINEのリッチメニューに表示されます「開錠」ボタンよりご利用の店舗を選択後、「解除する」をタップして解錠ください。
（順次設置となるため、まだ解錠が必要ない店舗もございます。その場合は解錠せずにご入店ください。未設定の店舗はエラー表記となります。）

【注意】
置き引きにご注意ください。
スタジオを離れる際は貴重品を肌身離さずお持ちください。
お客様のご理解とご協力をお願いいたします。
※スタジオ内での盗難等については責任を負いかねます。

※スタジオご利用に関するお願い※
ゴミの持ち帰りと簡単な清掃を行ってください。
また、隣のスタジオに音が響きますのでオーディオをご利用の際には音量を上げすぎないようご注意ください。
皆様が気持ちよくご利用頂けるようご協力よろしくお願いいたします。
","2025-03-25 13:36:22.845598","2025-12-25 00:42:28.586572","16","250ede61-3962-40bf-9df6-cc96dc097518","1",,"","2025-11-01 10:21:48.087209","予約完了のお知らせ","【LED導入】個人練などで集中したい方向け！","f","06:00:00","06:00:00","f","06:00:00","06:00:00","f","06:00:00","06:00:00","f","06:00:00","06:00:00","f","06:00:00","06:00:00","f","06:00:00","06:00:00","f","06:00:00","06:00:00","f","t",,"https://dance-studio-lab.com/room/OTQ1NGFkZmEtOTQyNS00Nzg1LTg0MDgtNzg4ODFjYWY0ZjZl/detail"
"44","スタジオ五軒町","49","69.4","5","f","1","0","0","2","f","t","t","2025-04-10 00:11:08.689359","2025-09-10 00:33:43.098798","86bf0742-698e-4b31-ac0d-0e9f5dd899d0",,"f","f","t","t","t","f","t","t","t","t","f","f","t","f","t","t","f","f","f","f","[""c62be956aa0f0675542ca15a16088b62(2).jpg""]","[""80eedb03ef54642bea328ae2e73a439a.jpg""]","[""64b582e04ff36de9f049a4c7ea598b23.jpg"",""8ca281473b6c2b248fb7f3eda66cf597(2).jpg"",""5d982e8bfb9e79809956ee11a57643a0(2).jpg"",""8fcb894b4e4ac304609c92ae9e338c94.jpg"",""4db1dcc584bfa6033321edbba486c260.jpg"",""bd1b748cecb88080904a805e43327e88(2).jpg""]","2025-09-10 00:33:43.023746","【スタジオ五軒町】ご予約確定のお知らせ","スタジオ五軒町をご予約いただきありがとうございます。

予約が確定しました。

●スタジオへのアクセス
　https://studio-gokencho.com/access/
　エメラルドグリーンの扉が入口です。

●入室について

　①「スタジオ五軒町予約サイト」へメンバー登録されていない場合、事前にメンバー登録をお願いします。
　　　▶▶▶　https://select-type.com/member/reg/?mi=Z6YvZ6fq1tQ

　②ご予約日時の5分前に下記のURLへアクセスし、『来店確認』をお願いいたします。
　　　▶▶▶　https://select-type.com/e/?id=TWBKgXrW-ss
　　　※『来店確認』は、①で登録されてるメンバーしか実施できません。
　　　※①でメンバー登録いただいたメールアドレスへ、暗証番号ほか入室方法の詳細をお送りします。


ご利用をお待ちしております。","【秋葉原】駅近 Wi-Fiなど設備無料 鏡張り 防音/ダンス ヨガ フィットネス 演劇 楽器演奏/練習 レッスン

壁一面の固定鏡と移動式鏡4台を完備しておりダンスに最適！
防音のため、ダンススタジオだけでなく音楽スタジオとしてもご利用いただけます。
","21","https://view.ricoh360.com/964eeee9-f131-4c57-8795-82a44a0bd1fd","1440","2","0",,,"49","スタジオ五軒町／『鏡張り』の多目的に利用できる『防音』スタジオ","東京都千代田区外神田6-16-1","","2025-04-09 23:56:37.673002","2025-12-25 00:42:28.437439","2693","1f604614-dd8e-41fb-9e6b-eab172fbb30b","0",,"03-6823-4064","2025-04-10 00:13:50.373253","","【秋葉原】駅近 Wi-Fiなど設備無料 鏡張り 防音/ダンス ヨガ フィットネス 演劇 楽器演奏/練習 レッスン","f","08:00:00","23:59:00","f","08:00:00","23:59:00","f","08:00:00","23:59:00","f","08:00:00","23:59:00","f","08:00:00","23:59:00","f","08:00:00","23:59:00","f","08:00:00","23:59:00","f","t",,"https://dance-studio-lab.com/room/ODZiZjA3NDItNjk4ZS00YjMxLWFjMGQtMGU5ZjVkZDg5OWQw/detail"
"56","レンタルスタジオAivic元町中華街","50","90",,"t","2","0",,"2","f","t","f","2025-05-16 02:42:34.115524","2026-04-09 13:28:44.813666","0150ddb1-6711-4685-86bd-80c841faeb84",,"f","f","t","t","f","f","t","t","t","t","f","f","t","t","f","t","t","f","f","t","[""90f5eec596494c3d09c49f8120a0b579(2).jpg""]","[""4f18fc27e48adc8e30b210539bb8cd1d(2).jpg""]","[""d775cbc9c9f3366672175bda8ec30489.jpg"",""a0a5fe54825da8846c96fc381b6f9ee8.jpg"",""21a97ae0beda2f10efa1f1e394f4215c.jpg"",""7be6e8902f697ef5c8d65c2ff3ba0fac.jpg"",""8abb164ab8492bbad277226f613e67d8.jpg"",""7f7b0c35110d863db96a4a21f7c84e19.jpg"",""5ef9cba3e0fc1c088f8b1cb4375fc747.jpg"",""10e51944c0b84a97b6eb4e485b3af1c3.jpg"",""c628b28643a2f64c25fb0410d0ff3b3f.jpg"",""64c90520cc27d77aa1188d424f1fdde4.jpg"",""61442e3b997d5b08e30aa31a8c6fda48.jpg"",""d7d591343e3a9308be6f493878e18e00.jpg"",""b5c33e50e16720607f59c361913bdcc6.jpg"",""11ec99b62e4ade580e66ff5333d24f02.jpg"",""f71b199c738709803946ae62cccdbd6c.jpg"",""0b362b4b5bcde208ff84dbc6cb9620bf.jpg"",""e557895a0c894dd7c086acf544e6fd44.jpg"",""da73a7aa26a8af219d28c82f5e757778.jpg"",""5e15f3fe10ded79320b5ee7fb90358a9.jpg"",""5a99a9408b743a5175f9a9d93461fe2c.jpg"",""fd5ed8648e74e50ff74145b4120112fc.jpg"",""29e4ed4708812a12b03fd6c80c789c27.jpg"",""0c0fa9ab94cf66de08d243368afa4948.jpg"",""7b977d9dd7518a4f7cb49dfd2ce6f2ff.jpg"",""b3815ba5a0d26efdabeb894c59d1a1fa.jpg"",""14e56294c180cc4ecf431c4791e7da9e.jpg"",""f1c2fc7a7727358bf32f78b337117704.jpg"",""c5dffc42efea06c6bd1dba7b70525a5d.jpg"",""bbb4ca6e6849e789dc089abcd6d44044.jpg""]","2026-04-09 13:28:44.524982",,,"【元町・中華街駅2分】ダンス・ヨガ教室などにおすすめ♪ 広さ90㎡のダンススタジオ","61","","0","6","0","f","f","50","レンタルスタジオAivic元町中華街","神奈川県横浜市中区山下町25-16 ニューポートビル202","「レンタルスタジオAivic元町中華街」の当日のご利用方法についてご案内いたします。

【住所】
横浜市中区山下町25-16 ニューポートビル202
【Google map】
https://x.gd/zcG5P
【スペースまでの道順】
https://x.gd/xANns
※当スペースは2階ですが、エレベーターがない点ご了承ください。

【開錠・施錠方法】
お部屋の鍵はダイヤル式となっております。
C ⇒ 5 ⇒ 9 ⇒ 8 ⇒ B を順番に押してツマミを右に回して解錠してください。
操作動画　https://x.gd/dzp6l
退室の際は扉を完全に閉めた上で、ツマミを左に回して施錠してください。

【注意事項】
※予約時間の15分前から入室が可能となっておりますので、ビル1階共用部での待ち合わせなどはお控えください。
※Wi-Fiを含む各種設備につきまして、定期点検を行っておりますが、盗難、故障、不具合等により当日ご利用頂けない場合も、ご返金を含む一切の責任は負いかねます。
※スペースで使用しているプロジェクター（Anker Nebula Cosmos）において、Netflixアプリが正常に動作しない不具合が発生しております。
Netflixアプリがご利用いただけない場合は、お手数ではございますが、プロジェクターに接続されているHDMIケーブルを使用し、ご自身のスマートフォン等からNetflixに接続いただき、画面を投影してご視聴ください。","2025-05-16 02:42:18.801171","2026-04-08 20:45:51.950005","325","8c59319f-3f29-41b6-b7ec-c17b172eeafe","1",,"05018095013","2026-04-08 20:45:51.936317","「レンタルスタジオAivic元町中華街」のご予約ありがとうございます！","【元町・中華街駅2分】ダンス・ヨガ教室などにおすすめ♪ 広さ90㎡のダンススタジオ","f","00:00:00","00:00:00","f","00:00:00","00:00:00","f","00:00:00","00:00:00","f","00:00:00","00:00:00","f","00:00:00","00:00:00","f","00:00:00","00:00:00","f","00:00:00","00:00:00","f","t",,"https://dance-studio-lab.com/room/MDE1MGRkYjEtNjcxMS00Njg1LTg2YmQtODBjODQxZmFlYjg0/detail"
"57","チェリッシュスタジオ5号館","51","11.7","0.5","f","0","2","2",,"f","f","f","2025-06-26 18:10:43.601893","2025-09-02 17:25:22.278686","54c07368-ca33-4b18-be26-ba196ba0fefd",,"t","f","t","f","f","f","t","t","t","t","f","f","t","t","t","f","f","f","f","t","[""259475abc3691c29de4888d6f935dc69.JPG""]",,"[""1ffdaa0d2fb557d9d502a4bfed4faf2d(2).jpg"",""9bf7e018c01864561efb77ff28732581.jpg"",""e98d68153dd029d37f3a44fe8d4a7e4b.jpg"",""3c725f81b15ae5e230bce7728a5cc5ee.jpg"",""17faf9661721a54019cd740ff088b461(2).jpg"",""6655382fe8bd6f007724b2fdedc18d78.jpg"",""c220334494d814140da539120b3dc522.jpg""]","2025-09-02 17:25:22.176903","【ご予約いただきありがとうございました】チェリッシュスタジオ5号館","この度はご予約頂きありがとうございます。		
当日の利用方法についてご案内いたします。


-----------------------	
◆スタジオ住所
-----------------------
〒150-0043	
東京都渋谷区道玄坂1-16-6　二葉ビル7D				
				

-----------------------	
●入退室方法について		
-----------------------	
入口のドアに記載のある「080」から始まる電話番号に
ご利用開始/終了のご連絡をお願いします。			
スタッフがリモートにてご案内いたします。

ご入室はご予約の10分前から、
ご退室はご予約終了時間までにお願いします。

-----------------------				
▼10:00前 もしくは 20:00以降にご入退室のお客様
-----------------------				
スタッフ対応時間外につき、
お電話がつながらない場合がございます。
上記携帯電話に『着信』のみお願いします。
着信履歴にてご利用状況を後ほどスタッフが確認させていただきます。
なおスタッフ対応時間外にご利用開始のお客様のみ、
10分前までにあらかじめ開錠させていただきますので
お電話後はそのままご利用ください。
※スペースマーケットにご登録以外の電話番号から
入退室のご連絡の場合はメッセージにてお電話番号をお知らせください。

-----------------------
●電話が繋がらずスタジオに入れない場合●
-----------------------
ご入退室が同時刻に重なった場合、お電話がつながりにくい場合がございます。
電話が通じず、扉の鍵も閉まっている場合のみ、
下記手順に従いご自身で開錠をお願いします。

※注意※
繋がらない場合も必ず通常の入室手順のとおり、
お電話の着信はお願いいたします。
着信履歴がないまま、下記操作を行い入室された場合、
無断利用として法的措置をとらせていただく場合がございます


【手順】
≪1≫　
080からはじまる電話番号にお電話をお願いします。
着信履歴より後ほどスタッフがご入室時間を確認いたします。
※スペースマーケットにご登録以外の電話番号から
　入退室のご連絡の場合はメッセージにてお電話番号をお知らせください。
※ご登録のお電話番号より変更ない場合はメッセージは不要です。
　そのまま開錠の操作に移っていただいて問題ございません。

≪2≫
ドアノブにかかっているキーボックスを「2605」で解錠し
中の鍵を取り出してください。
		
≪3≫
スタジオ扉を開錠したら鍵はキーボックスに鍵を戻し、
キーボックスのダイヤルを適当な番号に回してロックをお願いします		

【注意】
※鍵の開錠にはログが残ります。
　ご予約の10分より前には絶対に開錠を行わないでください		
※着信履歴のないまま、開錠操作を行った場合、
　無断利用として法的措置をとらせていただく場合がございます
		

-----------------------
●その他		
-----------------------	
・ご利用方法については室内にある小冊子をご覧ください
　（WiFi接続方法/室内設備/注意事項等）		
・土足禁止です。スリッパのご用意はございますのでご利用ください。
　靴を履いての撮影の場合は養生テープをご使用ください		
・荷物（キャリー含む）・家具は引きずらないでなるべく持ち上げてご移動ください		
・利用規約・注意事項・禁則事項等のルールは守ってご使用ください		
		
-----------------------
●緊急連絡先	
-----------------------

チェリッシュスタジオ		
03-6277-5760（スタッフ対応時間10:00～20:00）		
		
-----------------------

ご不明点等お気軽にお問い合わせください。
当日のお問合せは確認が遅れる場合がございますので、緊急連絡先までお電話をお願いいたします		","メイクルーム完備の姫系王道かわいいスタイルのスタジオ♡踊ってみたやTikTok撮影にも大活躍まちがいなし!
","82","","600","6","30",,,"51","チェリッシュスタジオ5号館","東京都渋谷区道玄坂1-16-6 二葉ビル7D","","2025-06-26 13:59:51.61687","2025-12-25 00:42:28.50786","2694","03769117-19a6-419d-b165-3e52db7da1c6","0",,"03-6277-5760","2025-07-01 19:12:27.373246","","渋谷を中心とした【可愛い】がコンセプトのスタジオ","f","05:00:00","23:00:00","f","05:00:00","23:00:00","f","05:00:00","23:00:00","f","05:00:00","23:00:00","f","05:00:00","23:00:00","f","05:00:00","23:00:00","f","05:00:00","23:00:00","f","t",,"https://dance-studio-lab.com/room/NTRjMDczNjgtY2EzMy00YjE4LWJlMjYtYmExOTZiYTBmZWZk/detail"
"58","チェリッシュスタジオ1号館","52","33",,"t","0",,"0","0","f","f","f","2025-06-30 17:55:19.411072","2025-09-04 12:36:01.469146","6f789c42-0ece-44c8-944d-6e6094944d3b",,"f","t","t","f","f","f","t","t","f","f","f","f","t","t","t","f","t","f","f","t","[""b720f3d8ccf6e352efc1245b41a7c5af.jpg""]",,"[""3443b5276c1ce5d37551b34439908631.jpg"",""8600017411794a7625ea7a85f67d3dcc.jpg"",""912249b015351f70a8f67de9b4b4e27c(2).jpg"",""e860440f3ffd8e06f5b26f85b3e59cab.jpg"",""d25f8809f3f98d4038633b38671a5617.jpg"",""4fa8a0bd634b94474de0b59f06b0d82c.jpg"",""a425bd846b268932f913a2f787b00a3c(2).jpg"",""756021ab8c5e68b664ecec626eaebd8d.png"",""3015cf101a97dd04be39d6a18c86e12a.png"",""6dbf852005a228685137e0f6d46626b4.jpg"",""8269ea6f97634f8cbce6de4cd36b7756.jpg"",""730931def463e3d11fd61ede2ab5d1f5.jpg"",""0870bb36c68d3533f9c29c5a194cb781.jpg"",""0f6c3c55345727662dc84b7740005458.jpg""]","2025-09-02 17:34:21.174114","【ご予約いただきありがとうございました】チェリッシュスタジオ1号館","この度はご予約頂きありがとうございます。		
当日の利用方法についてご案内いたします。

-----------------------				
◆スタジオ住所
-----------------------				
〒150-0044	
東京都渋谷区円山町20-1　新大宗円山ビル別館3階
チェリッシュスタジオ1号館

-----------------------				
●入退室方法について		
-----------------------	
入口のドアに記載のある「080」から始まる電話番号に
ご利用開始/終了のご連絡をお願いします。			
スタッフがリモートにてご案内いたします。

ご入室はご予約の10分前から、
ご退室はご予約終了時間までにお願いします。

-----------------------				
▼10:00前 もしくは 20:00以降にご入退室のお客様
-----------------------				
スタッフ対応時間外につき、
お電話がつながらない場合がございます。
上記携帯電話に『着信』のみお願いします。
着信履歴にてご利用状況を後ほどスタッフが確認させていただきます。
なおスタッフ対応時間外にご利用開始のお客様のみ、
10分前までにあらかじめ開錠させていただきますので
お電話後はそのままご利用ください。
※スペースマーケットにご登録以外の電話番号から
入退室のご連絡の場合はメッセージにてお電話番号をお知らせください。

-----------------------
●電話が繋がらずスタジオに入れない場合●
-----------------------				
ご入退室が同時刻に重なった場合、
お電話がつながりにくい場合がございます。
電話が通じず、扉の鍵も閉まっている場合のみ、
下記手順に従いご自身での開錠をお願いします。

※注意※
繋がらない場合も必ず通常の入室手順のとおり、
お電話の着信はお願いいたします。
着信履歴がないまま、下記操作を行い入室された場合、
無断利用として法的措置をとらせていただく場合がございます。

【手順】
≪1≫　
080からはじまる電話番号にお電話をお願いします。
着信履歴より後ほどスタッフがご入室時間を確認いたします。
※スペースマーケットにご登録以外の電話番号から
入退室のご連絡の場合はメッセージにてお電話番号をお知らせください。
※ご登録のお電話番号より変更ない場合はメッセージは不要です。
　そのまま開錠の操作に移っていただいて問題ございません。

≪2≫　
シューズボックス内にあるキーボックスを下記の数字に合わせてください		
鍵は2か所開錠いただく場所がございます		
①　1・6号館共通　【9516】	
②  1号館　【3501】		

≪3≫
①の鍵で共通の扉を開いた後、②の鍵で正面にある1号館の扉を開錠してください
※1号館のお隣のお部屋は別スタジオになります。お手を触れないようお願いいたします

≪4≫		
スタジオ扉を開錠したら鍵はキーボックスに鍵を戻して、
キーボックスのダイヤルを適当な番号に回してロックをお願いします		

【注意】
※鍵の開錠にはログが残ります。
　ご予約の10分より前には絶対に開錠を行わないでください		
※着信履歴のないまま、開錠操作を行った場合、
　無断利用として法的措置をとらせていただく場合がございます
		
-----------------------		
●その他		
-----------------------				
・ご利用方法については室内にある小冊子をご覧ください
　（WiFi接続方法/室内設備/注意事項等）		
・土足禁止です。スリッパのご用意はございますのでご利用ください。
　靴を履いての撮影の場合は養生テープをご使用ください		
・荷物（キャリー含む）・家具は引きずらないでなるべく持ち上げてご移動ください		
・利用規約・注意事項・禁則事項等のルールは守ってご使用ください		
		
-----------------------
●緊急連絡先
-----------------------

チェリッシュスタジオ		
03-6277-5760（スタッフ対応時間10:00～20:00）		

-----------------------
		
ご不明点等がございましたら、
こちらのメッセージよりお問い合わせくださいませ		
当日のお問合せは確認が遅れる場合がございますので、
緊急連絡先までお電話をお願いいたします		","メイクルーム完備・高級感あふれるロココテイストのスタジオです！王道アイドル系にぴったりの可愛い内装のお部屋です✨️","84","","0","6","30",,,"52","チェリッシュスタジオ1号館/6号館","東京都渋谷区円山町20-1 新大宗円山ビル別館3階","","2025-06-30 17:40:14.97942","2025-12-25 00:42:28.497213","2694","e39b7df3-dfeb-4aee-b74d-8e4eb637b962","0",,"03-6455-3855","2025-06-30 17:40:14.919242","","渋谷を中心とした【可愛い】がコンセプトのスタジオ","f","05:00:00","23:00:00","f","05:00:00","23:00:00","f","05:00:00","23:00:00","f","05:00:00","23:00:00","f","05:00:00","23:00:00","f","05:00:00","23:00:00","f","05:00:00","23:00:00","f","t",,"https://dance-studio-lab.com/room/NmY3ODljNDItMGVjZS00NGM4LTk0NGQtNmU2MDk0OTQ0ZDNi/detail"
"59","チェリッシュスタジオ6号館","52","28",,"t","2","2","1","0","f","f","f","2025-07-01 12:01:38.497614","2025-09-04 12:36:07.965267","67428005-30ce-4fe9-ad78-a17ce9432be4",,"t","f","t","f","f","f","t","t","f","t","f","f","t","t","t","f","t","f","f","t","[""8bfad3380a4428a2c762391f6f173951.jpg""]",,"[""4d24b1014428b232f9b1693bb699fe16.jpg"",""5701b393ab283c8e8ae7dbe4325c0a06.jpg"",""7ccfcbd1b1872c966ec5455cd95ffd9b.jpg"",""aff4c41e82697693a6bf516269351a91.jpg"",""b710febe8a1212ed0b796eec73e0684d.jpg"",""302c2ce9c53b6cad9ea9b451813f3979.jpg"",""185e2c3b8ca3c69505cf92c23bc019c4.jpg"",""bc1ad1209d22883c68b2c271de2a5cc3.jpg"",""3dad898c507bc3e7c2598c52215a536a.jpg"",""55a324680f444e7f554180c1a821d25f.jpg"",""81cf87a1ecc471044ebc5b4396a78e31.jpg""]","2025-09-02 17:38:57.619346","【ご予約いただきありがとうございました】チェリッシュスタジオ6号館","この度はご予約頂きありがとうございます。		
当日の利用方法についてご案内いたします。

-----------------------				
◆スタジオ住所
-----------------------				
〒150-0044	
東京都渋谷区円山町20-1　新大宗円山ビル別館3階
チェリッシュスタジオ6号館

-----------------------				
●入退室方法について		
-----------------------	
入口のドアに記載のある「080」から始まる電話番号に
ご利用開始/終了のご連絡をお願いします。			
スタッフがリモートにてご案内いたします。

ご入室はご予約の10分前から、
ご退室はご予約終了時間までにお願いします。

-----------------------				
▼10:00前 もしくは 20:00以降にご入退室のお客様
-----------------------				
スタッフ対応時間外につき、
お電話がつながらない場合がございます。
上記携帯電話に『着信』のみお願いします。
着信履歴にてご利用状況を後ほどスタッフが確認させていただきます。
なおスタッフ対応時間外にご利用開始のお客様のみ、
10分前までにあらかじめ開錠させていただきますので
お電話後はそのままご利用ください。
※スペースマーケットにご登録以外の電話番号から
入退室のご連絡の場合はメッセージにてお電話番号をお知らせください。

-----------------------
●電話が繋がらずスタジオに入れない場合●
-----------------------				
ご入退室が同時刻に重なった場合、
お電話がつながりにくい場合がございます。
電話が通じず、扉の鍵も閉まっている場合のみ、
下記手順に従いご自身での開錠をお願いします。

※注意※
繋がらない場合も必ず通常の入室手順のとおり、
お電話の着信はお願いいたします。
着信履歴がないまま、下記操作を行い入室された場合、
無断利用として法的措置をとらせていただく場合がございます。

【手順】
≪1≫　
080からはじまる電話番号にお電話をお願いします。
着信履歴より後ほどスタッフがご入室時間を確認いたします。
※スペースマーケットにご登録以外の電話番号から
入退室のご連絡の場合はメッセージにてお電話番号をお知らせください。
※ご登録のお電話番号より変更ない場合はメッセージは不要です。
　そのまま開錠の操作に移っていただいて問題ございません。

≪2≫　
シューズボックス内にあるキーボックスを下記の数字に合わせてください		
鍵は2か所開錠いただく場所がございます		
① 1・6号館共通　【9516】	
② 6号館【2706】		

≪3≫
①の鍵で共通の扉を開いた後、右側にある6号館の扉を②の鍵で開錠してください
※入って正面のお部屋は別スタジオになります。お手を触れないようお願いいたします

≪4≫		
スタジオ扉を開錠したら鍵はキーボックスに鍵を戻して、
キーボックスのダイヤルを適当な番号に回してロックをお願いします		

【注意】
※鍵の開錠にはログが残ります。
　ご予約の10分より前には絶対に開錠を行わないでください		
※着信履歴のないまま、開錠操作を行った場合、
　無断利用として法的措置をとらせていただく場合がございます
		
-----------------------		
●その他		
-----------------------				
・ご利用方法については室内にある小冊子をご覧ください
　（WiFi接続方法/室内設備/注意事項等）		
・土足禁止です。スリッパのご用意はございますのでご利用ください。
　靴を履いての撮影の場合は養生テープをご使用ください		
・荷物（キャリー含む）・家具は引きずらないでなるべく持ち上げてご移動ください		
・利用規約・注意事項・禁則事項等のルールは守ってご使用ください		
		
-----------------------
●緊急連絡先
-----------------------

チェリッシュスタジオ		
03-6277-5760（スタッフ対応時間10:00～20:00）		

-----------------------
		
ご不明点等がございましたら、
こちらのメッセージよりお問い合わせくださいませ		
当日のお問合せは確認が遅れる場合がございますので、
緊急連絡先までお電話をお願いいたします		","ダーク×ゴシックテイストのスタジオ！大人クール系や雰囲気たっぶりのバラードのダンスにおすすめ！","87","","0","6","30",,,"52","チェリッシュスタジオ1号館/6号館","東京都渋谷区円山町20-1 新大宗円山ビル別館3階","","2025-06-30 17:40:14.97942","2025-12-25 00:42:28.497213","2694","e39b7df3-dfeb-4aee-b74d-8e4eb637b962","0",,"03-6455-3855","2025-06-30 17:40:14.919242","","渋谷を中心とした【可愛い】がコンセプトのスタジオ","f","05:00:00","23:00:00","f","05:00:00","23:00:00","f","05:00:00","23:00:00","f","05:00:00","23:00:00","f","05:00:00","23:00:00","f","05:00:00","23:00:00","f","05:00:00","23:00:00","f","t",,"https://dance-studio-lab.com/room/Njc0MjgwMDUtMzBjZS00ZmU5LWFkNzgtYTE3Y2U5NDMyYmU0/detail"
"60","チェリッシュスタジオ3号館","53","51",,"t","0","2","1",,"f","f","f","2025-07-01 18:55:07.243375","2026-02-12 17:51:32.292013","854f83f0-4779-47f0-91ea-53b1760184de",,"t","f","t","f","f","f","t","t","f","t","f","f","f","t","f","f","t","f","f","t","[""13de2a103ddd6c44fe2dc01aeeb9719a(2).jpg""]",,"[""7e00cc6ba22acf85b6eb199ef4253472(2).jpg"",""8b49070ae90cd5c287e79d992124f0e3(2).jpg"",""29b8b5a925891e9d75fc08348d78a75f(2).jpg"",""186bc022658c473e3aeb700e26970319(2).jpg"",""06a37a95c9d2ece34e137f498cb380d2(2).jpg"",""69ede349335f79215c277624f969e63a(2).jpg"",""bb2c8319f136eced774fa359f1e27c8d(2).jpg"",""eeff6a4428a5aaaf07d4589ea806e187(2).jpg""]","2026-02-12 17:51:32.155617","【ご予約いただきありがとうございました】チェリッシュスタジオ3号館","この度はご予約頂きありがとうございます。		
当日の利用方法についてご案内いたします。

-----------------------	
◆スタジオ住所
-----------------------
〒153-0045		
東京都渋谷区神泉町20-25　　神泉QSビル4階				
チェリッシュスタジオ3号館

-----------------------	
●入退室方法について		
-----------------------	
入口のドアに記載のある「080」から始まる電話番号に
ご利用開始/終了のご連絡をお願いします。			
スタッフがリモートにてご案内いたします。

ご入室はご予約の10分前から、
ご退室はご予約終了時間までにお願いします。

-----------------------				
▼10:00前 もしくは 20:00以降にご入退室のお客様
-----------------------				
スタッフ対応時間外につき、
お電話がつながらない場合がございます。
上記携帯電話に『着信』のみお願いします。
着信履歴にてご利用状況を後ほどスタッフが確認させていただきます。
なおスタッフ対応時間外にご利用開始のお客様のみ、
10分前までにあらかじめ開錠させていただきますので
お電話後はそのままご利用ください。
※スペースマーケットにご登録以外の電話番号から
入退室のご連絡の場合はメッセージにてお電話番号をお知らせください。

-----------------------
●電話が繋がらずスタジオに入れない場合●
-----------------------
ご入退室が同時刻に重なった場合、
お電話がつながりにくい場合がございます。
電話が通じず、扉の鍵も閉まっている場合のみ、
下記手順に従いご自身での開錠をお願いします。

※注意※
必ず通常の入室手順のとおり、
お電話の着信はお願いいたします。
着信履歴がないまま、下記操作を行い入室された場合、
無断利用として法的措置をとらせていただく場合がございます　。

【手順】
≪1≫　
080からはじまる電話番号にお電話をお願いします。
着信履歴より後ほどスタッフがご入室時間を確認いたします。
※スペースマーケットにご登録以外の電話番号から
　入退室のご連絡の場合はメッセージにてお電話番号をお知らせください。
※ご登録のお電話番号より変更ない場合はメッセージは不要です。
　そのまま開錠の操作に移っていただいて問題ございません。

≪2≫
ドアノブにかかっているキーボックスを【3703】で解錠し、
中の鍵を取り出してください。
		
≪3≫
スタジオ扉を開錠したら鍵はキーボックスに鍵を戻し、
キーボックスのダイヤルを適当な番号に回してロックをお願いします		

【注意】
※鍵の開錠にはログが残ります。
　ご予約の10分より前には絶対に開錠を行わないでください		
※着信履歴のないまま、開錠操作を行った場合、
　無断利用として法的措置をとらせていただく場合がございます
		

-----------------------
●その他		
-----------------------	
・ご利用方法については室内にある小冊子をご覧ください
　（WiFi接続方法/室内設備/注意事項等）		
・土足禁止です。スリッパのご用意はございますのでご利用ください。
　靴を履いての撮影の場合は養生テープをご使用ください		
・荷物（キャリー含む）・家具は引きずらないでなるべく持ち上げてご移動ください		
・利用規約・注意事項・禁則事項等のルールは守ってご使用ください		
		
-----------------------
●緊急連絡先	
-----------------------
チェリッシュスタジオ		
03-6277-5760（スタッフ対応時間10:00～20:00）		
		
-----------------------
		
ご不明点等がございましたら、こちらのメッセージよりお問い合わせくださいませ		
当日のお問合せは確認が遅れる場合がございますので、緊急連絡先までお電話をお願いいたします		","ティファ二ーブルーの壁紙が目を引く、ホリゾントスタジオ！爽やかなポップスから、クール系までジャンルを問わず大活躍！","81","","600","6","60","f","f","53","チェリッシュスタジオ3号館/10号館","東京都渋谷区神泉町20-25　神泉QSビル4階","","2025-07-01 12:26:03.435998","2026-02-12 17:51:13.989545","2694","1fef7c76-9673-4b85-a420-63ee71b4f79e","0",,"03-6455-3855","2026-02-12 17:51:13.979452","","神泉駅から徒歩5分の好立地、夜間帯も音楽OKな広々スタジオ","f","05:00:00","23:00:00","f","05:00:00","23:00:00","f","05:00:00","23:00:00","f","05:00:00","23:00:00","f","05:00:00","23:00:00","f","05:00:00","23:00:00","f","05:00:00","23:00:00","f","t",,"https://dance-studio-lab.com/room/ODU0ZjgzZjAtNDc3OS00N2YwLTkxZWEtNTNiMTc2MDE4NGRl/detail"
"61","チェリッシュスタジオ10号館","53","43",,"t","2","0","1","0","f","f","f","2025-07-01 19:04:40.95488","2026-02-12 17:51:44.206202","6c4e55f7-94b8-4b3d-9aaa-6c6b28b254c3",,"t","f","t","t","f","f","t","t","t","t","f","f","t","t","t","f","f","f","f","t","[""9163e322ff3fb77ab4e3cfc9ba925e72(2).jpg""]",,"[""e78e84f1e3dfaf8cf2a7a6f9b2a3aa5a.JPG"",""2bc35575bb8d0701f5c917f4b49c5698(2).JPG"",""c609a9ba3f2a28760bf072ef0609fe8a(2).JPG"",""8f9abafba2202369d5f9f9f4dd9f83b5(2).JPG"",""788cb7d6f7c9760aade8d5cda1e18c0b(2).JPG"",""06b399aacf37a2c54b5f79768fafa773(2).JPG"",""2f5ca583a192f51a90e1b4ad42a73308(2).JPG"",""2492419599b79e31bb43ec6724e85a21(2).JPG"",""4c256208484bfd74f9ead8fbf986b9f9(2).JPG"",""f1186fd90ed220c40d663fef191b6555(2).JPG"",""0b0a0af9e2ed1aceb883f2437049fa66(2).JPG"",""5253db718c62eac47c7c5f77aff4d247(2).JPG"",""bdc45ee83e1b4b8a138f6bf300ecc833(2).jpg""]","2026-02-12 17:51:44.022185","【ご予約いただきありがとうございました】チェリッシュスタジオ10号館","この度はご予約頂きありがとうございます。		
当日の利用方法についてご案内いたします。


-----------------------	
◆スタジオ住所
-----------------------
〒153-0045	
東京都渋谷区神泉町20-25　神泉QSビル7階			
						

-----------------------	
●入退室方法について		
-----------------------	
入口のドアに記載のある「080」から始まる電話番号に
ご利用開始/終了のご連絡をお願いします。			
スタッフがリモートにてご案内いたします。

ご入室はご予約の10分前から、
ご退室はご予約終了時間までにお願いします。

-----------------------				
▼10:00前 もしくは 20:00以降にご入退室のお客様
-----------------------				
スタッフ対応時間外につき、
お電話がつながらない場合がございます。
上記携帯電話に『着信』のみお願いします。
着信履歴にてご利用状況を後ほどスタッフが確認させていただきます。
なおスタッフ対応時間外にご利用開始のお客様のみ、
10分前までにあらかじめ開錠させていただきますので
お電話後はそのままご利用ください。
※スペースマーケットにご登録以外の電話番号から
入退室のご連絡の場合はメッセージにてお電話番号をお知らせください。

-----------------------
●電話が繋がらずスタジオに入れない場合●
-----------------------
ご入退室が同時刻に重なった場合、お電話がつながりにくい場合がございます。
電話が通じず、扉の鍵も閉まっている場合のみ、
下記手順に従いご自身で開錠をお願いします。

※注意※
繋がらない場合も必ず通常の入室手順のとおり、
お電話の着信はお願いいたします。
着信履歴がないまま、下記操作を行い入室された場合、
無断利用として法的措置をとらせていただく場合がございます


【手順】
≪1≫　
080からはじまる電話番号にお電話をお願いします。
着信履歴より後ほどスタッフがご入室時間を確認いたします。
※スペースマーケットにご登録以外の電話番号から
　入退室のご連絡の場合はメッセージにてお電話番号をお知らせください。
※ご登録のお電話番号より変更ない場合はメッセージは不要です。
　そのまま開錠の操作に移っていただいて問題ございません。

≪2≫
ドアノブにかかっているキーボックスを「6710」で解錠し、
中の鍵を取り出してください。
		
≪3≫
スタジオ扉を開錠したら鍵はキーボックスに鍵を戻し、
キーボックスのダイヤルを適当な番号に回してロックをお願いします		

【注意】
※鍵の開錠にはログが残ります。
　ご予約の10分より前には絶対に開錠を行わないでください		
※着信履歴のないまま、開錠操作を行った場合、
　無断利用として法的措置をとらせていただく場合がございます
		

-----------------------
●その他		
-----------------------	
・ご利用方法については室内にある小冊子をご覧ください
　（WiFi接続方法/室内設備/注意事項等）		
・土足禁止です。スリッパのご用意はございますのでご利用ください。
　靴を履いての撮影の場合は養生テープをご使用ください		
・荷物（キャリー含む）・家具は引きずらないでなるべく持ち上げてご移動ください		
・利用規約・注意事項・禁則事項等のルールは守ってご使用ください		
		
-----------------------
●緊急連絡先	
-----------------------

チェリッシュスタジオ		
03-6277-5760（スタッフ対応時間10:00～20:00）		
		
-----------------------

ご不明点等がございましたら、こちらのメッセージよりお問い合わせくださいませ		
当日のお問合せは確認が遅れる場合がございますので、緊急連絡先までお電話をお願いいたします		","広々白ホリゾント＋ナチュラルテイストなリビングシーンの撮影も可能なスタジオ！私服系の衣装やポップスなどにおすすめ！","89","","0","6","60","f","f","53","チェリッシュスタジオ3号館/10号館","東京都渋谷区神泉町20-25　神泉QSビル4階","","2025-07-01 12:26:03.435998","2026-02-12 17:51:13.989545","2694","1fef7c76-9673-4b85-a420-63ee71b4f79e","0",,"03-6455-3855","2026-02-12 17:51:13.979452","","神泉駅から徒歩5分の好立地、夜間帯も音楽OKな広々スタジオ","f","05:00:00","23:00:00","f","05:00:00","23:00:00","f","05:00:00","23:00:00","f","05:00:00","23:00:00","f","05:00:00","23:00:00","f","05:00:00","23:00:00","f","05:00:00","23:00:00","f","t",,"https://dance-studio-lab.com/room/NmM0ZTU1ZjctOTRiOC00YjNkLTlhYWEtNmM2YjI4YjI1NGMz/detail"
"62","チェリッシュスタジオ4号館","54","53",,"t","0","2","1",,"f","f","f","2025-07-01 19:20:56.316088","2026-02-12 17:52:05.448767","bf55fab1-5598-40c7-9b60-295fb12a9d17",,"t","f","t","f","f","f","t","t","t","t","f","f","t","t","t","f","t","f","f","t","[""04c3882440a4020d0d22790d5fe0a57a(2).jpg""]",,"[""e4c05c782339f84aa532943573669121(2).JPG"",""ffb7268cf680135594a088a48d78c8c4(2).JPG"",""6605619a12c19a9c7644550a2f6f7592(2).JPG"",""faa56abc0b6345114120e12de0e30afd(2).JPG"",""80e890cc58299c9ac728f0267dc28a5d(2).JPG"",""2629074ec890331733aa9eb2fbb53fbe(2).JPG"",""a4d4bb059d8e97c30bb47809bac0d83a(2).JPG"",""0a714968fecf8e9927d6d77a907c105a(2).JPG"",""a632ac67d676d4e050772e06bf4420a3.JPG"",""60284127d3681dbe8aabb8b994d6fc46(2).JPG""]","2026-02-12 17:52:05.303575","【ご予約いただきありがとうございました】チェリッシュスタジオ4号館","この度はご予約頂きありがとうございます。		
当日の利用方法についてご案内いたします。

-----------------------	
◆スタジオ住所
-----------------------
〒150-0031東京都渋谷区桜丘町29-17さくらマンション205		
				
-----------------------	
●入退室方法について		
-----------------------	
入口のドアに記載のある「080」から始まる電話番号に
ご利用開始/終了のご連絡をお願いします。			
スタッフがリモートにてご案内いたします。
ご入室はご予約の10分前から、
ご退室はご予約終了時間までにお願いします。

-----------------------				
▼10:00前 もしくは 20:00以降にご入退室のお客様
-----------------------				
スタッフ対応時間外につき、お電話がつながらない場合がございます。
上記携帯電話に『着信』のみお願いします。
着信履歴にてご利用開始/終了をスタッフが確認いたします。
なおスタッフ対応時間外にご利用開始のお客様のみ、
10分前までにあらかじめ開錠させていただきますので
お電話後はそのままご利用ください。
※スペースマーケットにご登録以外の電話番号から
入退室のご連絡の場合はメッセージにてお電話番号をお知らせください。

-----------------------
●電話が繋がらずスタジオに入れない場合●
-----------------------
ご入退室が同時刻に重なった場合、お電話がつながりにくい場合がございます。
電話が通じず、扉の鍵も閉まっている場合のみ、
下記手順に従いご自身で開錠をお願いします。

※注意※
繋がらない場合も必ず通常の入室手順のとおり、
お電話の着信はお願いいたします。
着信履歴がないまま、下記操作を行い入室された場合、
無断利用として法的措置をとらせていただく場合がございます


【手順】
≪1≫　
080からはじまる電話番号にお電話をお願いします。
着信履歴より後ほどスタッフがご入室時間を確認いたします。
※スペースマーケットにご登録以外の電話番号から
　入退室のご連絡の場合はメッセージにてお電話番号をお知らせください。
※ご登録のお電話番号より変更ない場合はメッセージは不要です。
　そのまま開錠の操作に移っていただいて問題ございません。

≪2≫
ドアノブにかかっているキーボックスを「5304」で解錠し
中の鍵を取り出してください。
		
≪3≫
スタジオ扉を開錠したら鍵はキーボックスに鍵を戻し、
キーボックスのダイヤルを適当な番号に回してロックをお願いします		

【注意】
※鍵の開錠にはログが残ります。
　ご予約の10分より前には絶対に開錠を行わないでください		
※着信履歴のないまま、開錠操作を行った場合、
　無断利用として法的措置をとらせていただく場合がございます
		

-----------------------
●その他		
-----------------------	
・ご利用方法については室内にある小冊子をご覧ください
　（WiFi接続方法/室内設備/注意事項等）		
・土足禁止です。スリッパのご用意はございますのでご利用ください。
　靴を履いての撮影の場合は養生テープをご使用ください		
・荷物（キャリー含む）・家具は引きずらないでなるべく持ち上げてご移動ください		
・利用規約・注意事項・禁則事項等のルールは守ってご使用ください		
		
-----------------------
●緊急連絡先	
-----------------------

チェリッシュスタジオ		
03-6277-5760（スタッフ対応時間10:00～20:00）		
		
-----------------------

ご不明点等がございましたら、こちらのメッセージよりお問い合わせくださいませ		
当日のお問合せは確認が遅れる場合がございますので、緊急連絡先までお電話をお願いいたします		","アイランドキッチンつきのスタジオです。ダンス以外にもMV再現などにも◎
","80","","0","6","0","f","f","54","チェリッシュスタジオ4号館/8号館","東京都渋谷区桜丘町29-17 さくらマンション205","","2025-07-01 19:10:56.605624","2025-12-25 00:42:28.431025","2694","fe9c8aff-5ca9-4d54-ae1f-74055cecfd9e","0",,"03-6455-3855","2025-07-02 18:19:53.49834","","渋谷を中心とした【可愛い】がコンセプトのスタジオ","f","10:00:00","20:00:00","f","10:00:00","20:00:00","f","10:00:00","20:00:00","f","10:00:00","20:00:00","f","10:00:00","20:00:00","f","10:00:00","20:00:00","f","10:00:00","20:00:00","f","t",,"https://dance-studio-lab.com/room/YmY1NWZhYjEtNTU5OC00MGM3LTliNjAtMjk1ZmIxMmE5ZDE3/detail"
"63","チェリッシュスタジオ8号館","54","53",,"t","2","2","2",,"f","f","f","2025-07-01 19:29:49.921334","2026-02-12 17:52:15.595101","6bb425a4-7a02-481c-a493-252c988664f9",,"t","f","t","f","f","f","t","t","t","t","f","f","t","t","t","f","t","f","f","t","[""35c4f0d5a0cc7d3a09a6e43149a2579f(2).jpg""]",,"[""eb7dae4838c9841b54ab5899dc3d1758(2).jpg"",""9d412d742241078e51fa6da83137e2f4(2).jpg"",""8fedf36900924c922416d81631be0cc2(2).jpg"",""505fcab8de61f8a96e069b0546b02424(2).jpg"",""cf9377b27c49a435108c3f49d2c09f1e.jpg"",""d5ad124ffbc8f950f095f7a4aa290ac1(2).jpg"",""5668af701324a848120b71e86c978549(2).jpg"",""96ccac1f8cb61329d3e5e81f8d4d0a25(2).jpg"",""e861a4358ca0074d63a9ea27c733a5a7(2).jpg"",""d953708da51e49878736ebfbdbfb5b7d(2).jpg"",""a93c5288524155279a8f738c38e66702(2).jpg"",""a72a22b27525f6a3d1ee037416df0b98(2).JPG"",""c6244bba836ecd66090e6758698242c6(2).JPG""]","2026-02-12 17:52:15.435175","【ご予約いただきありがとうございました】チェリッシュスタジオ8号館","この度はご予約頂きありがとうございます。		
当日の利用方法についてご案内いたします。

-----------------------	
◆スタジオ住所
-----------------------		
●住所：	〒150-0031	
東京都渋谷区桜丘町29-17　さくらマンション203	
チェリッシュスタジオ8号館

-----------------------	
●入退室方法について		
-----------------------	
入口のドアに記載のある「080」から始まる電話番号に
ご利用開始/終了のご連絡をお願いします。			
スタッフがリモートにてご案内いたします。
ご入室はご予約の10分前から、
ご退室はご予約終了時間までにお願いします。

-----------------------	
●10:00前 もしくは 20:00以降にご入退室のお客様
-----------------------	
スタッフ対応時間外につき、お電話がつながらない場合がございます
上記の携帯電話に『着信』のみお願いします
着信履歴にてご利用状況を後ほどスタッフが確認させていただきます
なおスタッフ対応時間外にご利用開始のお客様のみ、
10分前までにあらかじめ開錠させていただきますので
お電話後はそのままご利用ください
※スペースマーケットにご登録以外の電話番号から
　入退室のご連絡の場合はメッセージにてお電話番号をお知らせください

-----------------------
●電話が繋がらずスタジオに入れない場合●
-----------------------
ご入退室が同時刻に重なった場合、お電話がつながりにくい場合がございます。
電話が通じず、扉の鍵も閉まっていて入室ができない場合のみ、
下記手順に従いご自身での開錠をお願いします。

※注意※
繋がらない場合も必ず通常の入室手順のとおり、
お電話の着信はお願いいたします。
着信履歴がないまま、下記操作を行い入室された場合、
無断利用として法的措置をとらせていただく場合がございます。

【手順】
≪1≫　
080からはじまる電話番号にお電話をお願いします。
着信履歴より後ほどスタッフがご入室時間を確認いたします。
※スペースマーケットにご登録以外の電話番号から
　入退室のご連絡の場合はメッセージにてお電話番号をお知らせください。
※ご登録のお電話番号より変更ない場合はメッセージは不要です。
　そのまま開錠の操作に移っていただいて問題ございません。

≪2≫
ドアノブにかかっているキーボックスを「8608」で解錠し、
中の鍵を取り出してください。
		
≪3≫
スタジオ扉を開錠したら鍵はキーボックスに鍵を戻し、
キーボックスのダイヤルを適当な番号に回してロックをお願いします		

【注意】
※鍵の開錠にはログが残ります。
　ご予約の10分より前には絶対に開錠を行わないでください		
※着信履歴のないまま、開錠操作を行った場合、
　無断利用として法的措置をとらせていただく場合がございます
		

-----------------------
●その他		
-----------------------	

・ご利用方法については室内にある小冊子をご覧ください
　（WiFi接続方法/室内設備/注意事項等）		
・土足禁止です。スリッパのご用意はございますのでご利用ください。
　靴を履いての撮影の場合は養生テープをご使用ください		
・荷物（キャリー含む）・家具は引きずらないでなるべく持ち上げてご移動ください		
・利用規約・注意事項・禁則事項等のルールは守ってご使用ください		
		
-----------------------
●緊急連絡先	
-----------------------

チェリッシュスタジオ		
03-6277-5760（スタッフ対応時間10:00～20:00）		
		
-----------------------

ご不明点等がございましたら、こちらのメッセージよりお問い合わせくださいませ		
当日のお問合せは確認が遅れる場合がございますので、緊急連絡先までお電話をお願いいたします		","男性アイドルやクール系の楽曲にぴったり！
大人っぽいシャビーシックな内装

","85","","0","6","0","f","f","54","チェリッシュスタジオ4号館/8号館","東京都渋谷区桜丘町29-17 さくらマンション205","","2025-07-01 19:10:56.605624","2025-12-25 00:42:28.431025","2694","fe9c8aff-5ca9-4d54-ae1f-74055cecfd9e","0",,"03-6455-3855","2025-07-02 18:19:53.49834","","渋谷を中心とした【可愛い】がコンセプトのスタジオ","f","10:00:00","20:00:00","f","10:00:00","20:00:00","f","10:00:00","20:00:00","f","10:00:00","20:00:00","f","10:00:00","20:00:00","f","10:00:00","20:00:00","f","10:00:00","20:00:00","f","t",,"https://dance-studio-lab.com/room/NmJiNDI1YTQtN2EwMi00ODFjLWE0OTMtMjUyYzk4ODY2NGY5/detail"
"64","チェリッシュスタジオ7号館","55","41",,"t","0","0","1",,"f","f","f","2025-07-01 19:33:56.529953","2026-02-12 17:53:13.665577","2494b291-e5f9-436d-b34f-a1d2ea9fba19",,"t","f","t","f","f","f","t","t","t","t","f","f","t","t","t","f","f","f","f","t","[""9c919ac116714f885e4fecfeb1d0066c(2).jpg""]",,"[""7c4ba97c8c7bee8965ea253175cb13e3(2).jpg"",""edc7de51c01a7ca95d7027149f0d6391(2).jpg"",""c9e4031382ab43d41120f320bcb3a636.jpg"",""f3503e2ee4e70b54d2c7effa3f5e9461(2).jpg"",""6d44e54c9cf7755000ce1a91d411a8a5(2).jpg"",""d2bff6e5858daabfcb0f66b8fcebf0ad.jpg"",""f7c9ff66657450818e68da6c67c2373d(2).jpg"",""539a228f646cf25547e5f4ac62b22aad.jpg"",""40a3fbc2578ab6e532b1fbe5c53a29e5(2).jpg""]","2026-02-12 17:53:13.531316","【ご予約いただきありがとうございました】チェリッシュスタジオ7号館","この度はご予約頂きありがとうございます。		
当日の利用方法についてご案内いたします。

-----------------------	
◆スタジオ住所
-----------------------
〒150-0001	
東京都渋谷区神宮前6-23-11　パークサイドハイツ303		
						
-----------------------	
●入退室方法について		
-----------------------	
入口のドアに記載のある「080」から始まる電話番号に
ご利用開始/終了のご連絡をお願いします。			
スタッフがリモートにてご案内いたします。

ご入室はご予約の10分前から、
ご退室はご予約終了時間までにお願いします。

-----------------------				
▼10:00前 もしくは 20:00以降にご入退室のお客様
-----------------------				
スタッフ対応時間外につき、
お電話がつながらない場合がございます。
上記携帯電話に『着信』のみお願いします。
着信履歴にてご利用状況を後ほどスタッフが確認させていただきます。
なおスタッフ対応時間外にご利用開始のお客様のみ、
10分前までにあらかじめ開錠させていただきますので
お電話後はそのままご利用ください。
※スペースマーケットにご登録以外の電話番号から
入退室のご連絡の場合はメッセージにてお電話番号をお知らせください。

-----------------------
●電話が繋がらずスタジオに入れない場合●
-----------------------
ご入退室が同時刻に重なった場合、お電話がつながりにくい場合がございます。
電話が通じず、扉の鍵も閉まっている場合のみ、
下記手順に従いご自身で開錠をお願いします。

※注意※
繋がらない場合も必ず通常の入室手順のとおり、
お電話の着信はお願いいたします。
着信履歴がないまま、下記操作を行い入室された場合、
無断利用として法的措置をとらせていただく場合がございます


【手順】
≪1≫　
080からはじまる電話番号にお電話をお願いします。
着信履歴より後ほどスタッフがご入室時間を確認いたします。
※スペースマーケットにご登録以外の電話番号から
　入退室のご連絡の場合はメッセージにてお電話番号をお知らせください。
※ご登録のお電話番号より変更ない場合はメッセージは不要です。
　そのまま開錠の操作に移っていただいて問題ございません。

≪2≫
ドアノブにかかっているキーボックスを「5907」で解錠し、
中の鍵を取り出してください。
		
≪3≫
スタジオ扉を開錠したら鍵はキーボックスに鍵を戻し、
キーボックスのダイヤルを適当な番号に回してロックをお願いします		

【注意】
※鍵の開錠にはログが残ります。
　ご予約の10分より前には絶対に開錠を行わないでください		
※着信履歴のないまま、開錠操作を行った場合、
　無断利用として法的措置をとらせていただく場合がございます	

-----------------------
●その他		
-----------------------	
・ご利用方法については室内にある小冊子をご覧ください
　（WiFi接続方法/室内設備/注意事項等）		
・土足禁止です。スリッパのご用意はございますのでご利用ください。
　靴を履いての撮影の場合は養生テープをご使用ください		
・荷物（キャリー含む）・家具は引きずらないでなるべく持ち上げてご移動ください		
・利用規約・注意事項・禁則事項等のルールは守ってご使用ください		
		
-----------------------
●緊急連絡先	
-----------------------

チェリッシュスタジオ		
03-6277-5760（スタッフ対応時間10:00～20:00）		
		
-----------------------

ご不明点等がございましたら、こちらのメッセージよりお問い合わせくださいませ		
当日のお問合せは確認が遅れる場合がございますので、緊急連絡先までお電話をお願いいたします		","ホワイトロココが可愛らしいスタジオ！","86","","0","6","0","f","f","55","チェリッシュスタジオ7号館","東京都渋谷区神宮前6-23-11 パークサイドハイツ303","","2025-07-01 19:31:56.361253","2026-02-12 17:52:45.707551","2694","b0c95822-fbc4-4408-98a5-e63136aec401","0",,"03-6277-5760","2026-02-12 17:52:45.701298","","自然光差し込む白背景スタジオ","f","05:00:00","23:00:00","f","05:00:00","23:00:00","f","05:00:00","23:00:00","f","05:00:00","23:00:00","f","05:00:00","23:00:00","f","05:00:00","23:00:00","f","05:00:00","23:00:00","f","t",,"https://dance-studio-lab.com/room/MjQ5NGIyOTEtZTVmOS00MzZkLWIzNGYtYTFkMmVhOWZiYTE5/detail"
"65","チェリッシュスタジオ9号館","56","26",,"t","0","2","1",,"f","f","f","2025-07-02 17:45:12.538564","2026-02-12 17:52:29.640718","4e7948c1-3079-4477-8c84-aad2e3118faf",,"t","f","t","f","f","f","t","t","f","t","f","f","f","t","t","f","f","f","f","t","[""45ce1a3317a5521da0890e4c5fa60ccf(2).jpg""]",,"[""1a1961a2284ba57c373fda25e111425f(2).jpg"",""3b7ce918fa3ac00f4f78d71b351bd5ed(2).jpg"",""75dd13861b7606e63d17d1c22fcbd185.jpg"",""5b05071256dbbe1d5f4c4713ddbd9ade(2).jpg"",""3d9ef67e59dca36138ebcb4581fd410a(2).jpg"",""3ee8a7d2674ac5cf75c3f59474e4aa1a(2).jpg""]","2026-02-12 17:52:29.546671","【ご予約いただきありがとうございました】チェリッシュスタジオ9号館","この度はご予約頂きありがとうございます。	
当日の利用方法についてご案内いたします。	
	
━━━━━━━━━━━━━━━━━━━	
●住所：	〒150-0032
東京都渋谷区鶯谷町15-7　ライブリーYSビル6階	
	
●入室について	
ご予約の10分前から入場可能です	
ご利用日当日はスタジオの建物の中に入った先、6Fまでお越しください。	
入口にございます電話機で受付をお願いいたします。	
	
	
▼電話が繋がらない場合/エレベーターホールでドアの鍵が閉まっている場合▼	
扉に記載のある【080】から始まる電話番号へご連絡ください。	
廊下を進んでいただき、左手側にございます張り紙のあるお部屋が9号館です	
	
	
●退出について	
・退室前も入室時と同様に
　スタジオ入口の電話または営業時間外は080から始まる電話番号までご連絡ください	
　お電話つながらない場合でも必ず着信はいただけますようお願いいたします	
・ゴミは必ずお持ち帰りください。	
・エアコンと電気の消し忘れ、忘れ物がないようご注意ください	
・移動したものは元の位置までお戻しください	
	
●その他	
・居住者の方のいる建物内にスタジオがございますので、お静かにお願いいたします！	
・ご利用方法については室内にある小冊子をご覧ください（WiFi接続方法/室内設備/注意事項等）	
・土足禁止です。靴を履いての撮影の場合は養生テープをご使用ください（スリッパのご用意はございます）	
・荷物（キャリー含む）・家具は引きずらないでなるべく持ち上げてご移動ください	
・利用規約・注意事項・禁則事項等のルールは守ってご使用ください	
	
	
●緊急連絡先	
チェリッシュスタジオ	
03-6277-5760（スタッフ対応時間10:00～19:00）	
	
━━━━━━━━━━━━━━━━━━━	
	
ご不明点等がございましたら、こちらのメッセージよりお問い合わせくださいませ	
当日のお問合せは確認が遅れる場合がございますので、緊急連絡先までお電話をお願いいたします	
	
","シンプルで使い勝手の良いインダストリアルテイストのスタジオです！","83","","0","6","30","f","f","56","チェリッシュスタジオ9号館","東京都渋谷区鶯谷町15-7 ライブリーYSビル6階","","2025-07-02 17:35:27.59016","2025-12-25 00:42:28.514445","2694","d7ef3882-1143-4a0a-84d8-eb2c597220f4","0",,"03-6277-5760","2025-07-02 17:35:27.537531","","渋谷を中心とした【可愛い】がコンセプトのスタジオ","f","05:00:00","23:00:00","f","05:00:00","23:00:00","f","05:00:00","23:00:00","f","05:00:00","23:00:00","f","05:00:00","23:00:00","f","05:00:00","23:00:00","f","05:00:00","23:00:00","f","t",,"https://dance-studio-lab.com/room/NGU3OTQ4YzEtMzA3OS00NDc3LThjODQtYWFkMmUzMTE4ZmFm/detail"
"66","チェリッシュスタジオ11号館","57","32",,"t","2","2","1","0","f","f","f","2025-07-02 18:32:47.205261","2026-02-12 17:53:27.387516","fc1185dd-252e-466e-a7c3-f9e5c57ba57c",,"t","f","t","f","f","f","t","t","f","t","f","f","f","t","t","f","t","f","f","t","[""7f94b93819cb27cea377c05ce85ff5d8(2).jpg""]",,"[""f1e0b98edc3f95c34af9957489c5e944(2).jpg"",""10a9a461d12de35d4f137338a782ccf1(2).jpg"",""47e1249fb31b986b946bc8ba1bd686af(2).jpg"",""dab3890e70d4e1c085185eda121f38fd(2).jpg"",""c0164c3451c4fba35726e8a17c119008(2).jpg"",""ca476731d9b6f03aa955343f32b75b0f(2).jpg"",""e49fc8901828ce1d77c502c035ddd0ff(2).jpg""]","2026-02-12 17:53:27.267809","【ご予約いただきありがとうございました】チェリッシュスタジオ11号館","この度はご予約頂きありがとうございます。		
当日の利用方法についてご案内いたします。


-----------------------	
◆スタジオ住所
-----------------------
〒106-0031
東京都港区西麻布-2-21-22　WEST麻布2791ビル2階		
						

-----------------------	
●入退室方法について		
-----------------------	
入口のドアに記載のある「080」から始まる電話番号に
ご利用開始/終了のご連絡をお願いします。			
スタッフがリモートにてご案内いたします。

ご入室はご予約の10分前から、
ご退室はご予約終了時間までにお願いします。

-----------------------				
▼10:00前 もしくは 20:00以降にご入退室のお客様
-----------------------				
スタッフ対応時間外につき、
お電話がつながらない場合がございます。
上記携帯電話に『着信』のみお願いします。
着信履歴にてご利用状況を後ほどスタッフが確認させていただきます。
なおスタッフ対応時間外にご利用開始のお客様のみ、
10分前までにあらかじめ開錠させていただきますので
お電話後はそのままご利用ください。
※スペースマーケットにご登録以外の電話番号から
入退室のご連絡の場合はメッセージにてお電話番号をお知らせください。

-----------------------
●電話が繋がらずスタジオに入れない場合●
-----------------------
ご入退室が同時刻に重なった場合、お電話がつながりにくい場合がございます。
電話が通じず、扉の鍵も閉まっている場合のみ、
下記手順に従いご自身で開錠をお願いします。

※注意※
繋がらない場合も必ず通常の入室手順のとおり、
お電話の着信はお願いいたします。
着信履歴がないまま、下記操作を行い入室された場合、
無断利用として法的措置をとらせていただく場合がございます


【手順】
≪1≫　
080からはじまる電話番号にお電話をお願いします。
着信履歴より後ほどスタッフがご入室時間を確認いたします。
※スペースマーケットにご登録以外の電話番号から
　入退室のご連絡の場合はメッセージにてお電話番号をお知らせください。
※ご登録のお電話番号より変更ない場合はメッセージは不要です。
　そのまま開錠の操作に移っていただいて問題ございません。

≪2≫
鍵は2か所開錠いただく場所がございます	

①共通扉（ガラス戸）	
入口近く洗面台上の白いカゴに入っているキーボックスを【5714】に揃え、中の鍵を使ってガラス鍵を開けてください	

②スタジオ扉	
　共通扉を開け右手に進み、奥のスリッパラックにある11と書いてあるキーボックスを【9311】に揃えて11号館の鍵を開けてください	
		
≪3≫
スタジオ扉を開錠したら鍵はキーボックスに鍵を戻し、
キーボックスのダイヤルを適当な番号に回してロックをお願いします		

【注意】
※鍵の開錠にはログが残ります。
　ご予約の10分より前には絶対に開錠を行わないでください		
※着信履歴のないまま、開錠操作を行った場合、
　無断利用として法的措置をとらせていただく場合がございます
		

-----------------------
●その他		
-----------------------	
・ご利用方法については室内にある小冊子をご覧ください
　（WiFi接続方法/室内設備/注意事項等）		
・土足禁止です。スリッパのご用意はございますのでご利用ください。
　靴を履いての撮影の場合は養生テープをご使用ください		
・荷物（キャリー含む）・家具は引きずらないでなるべく持ち上げてご移動ください		
・利用規約・注意事項・禁則事項等のルールは守ってご使用ください		
		
-----------------------
●緊急連絡先	
-----------------------

チェリッシュスタジオ		
03-6277-5760（スタッフ対応時間10:00～20:00）		
		
-----------------------

ご不明点等がございましたら、こちらのメッセージよりお問い合わせくださいませ		
当日のお問合せは確認が遅れる場合がございますので、緊急連絡先までお電話をお願いいたします		","クラシカルなフレンチロココスタイル、シックなバラードにおすすめ！
一人用フィッティングスペースもご用意していますので、スタジオ内でのお着替えも可能です","90","","0","6","30","f","f","57","チェリッシュスタジオ11号館/12号館/13号館/14号館","東京都港区西麻布-2-21-22 WEST麻布2791ビル2階","","2025-07-02 18:19:33.984558","2025-12-25 00:42:28.424357","2694","4831d2c1-dd85-459c-bf66-03ebeaa766b7","0",,"03-6277-5760","2025-07-09 17:16:10.989296","","","f","10:00:00","20:00:00","f","10:00:00","20:00:00","f","10:00:00","20:00:00","f","10:00:00","20:00:00","f","10:00:00","20:00:00","f","10:00:00","20:00:00","f","10:00:00","20:00:00","f","t",,"https://dance-studio-lab.com/room/ZmMxMTg1ZGQtMjUyZS00NjZlLWE3YzMtZjllNWM1N2JhNTdj/detail"
"67","チェリッシュスタジオ12号館","57","24",,"t","2","2","1",,"f","f","f","2025-07-02 18:42:04.2458","2026-02-12 17:59:28.402276","2135ac7e-7753-4cd6-992e-b521d1c07ac2",,"t","f","f","f","f","f","t","t","f","t","f","f","t","t","t","f","f","f","f","t","[""34ff8201bcc958fc8ae3abeca50b9509(2).jpg""]",,"[""b7b6000e0325c211dde9a905346b2945(2).jpg"",""63137c360a8baf13a67f151fca67ee1b(2).jpg"",""40190f57636ad0684dd3136a91e28eeb(2).jpg"",""20a6423524804928befe5601d0907642(2).jpg"",""161f492cc14daa55dcc0de7eec1ec9d2(2).jpg"",""0d6e68cd29b24eb45c9fc8e508a30d35(2).jpg"",""19235cd6862d5e0a5c354ac663efe7d5(2).jpg""]","2026-02-12 17:59:28.274814","【ご予約いただきありがとうございました】チェリッシュスタジオ12号館","この度はご予約頂きありがとうございます。		
当日の利用方法についてご案内いたします。


-----------------------	
◆スタジオ住所
-----------------------
〒106-0031
東京都港区西麻布-2-21-22　WEST麻布2791ビル2階		
						

-----------------------	
●入退室方法について		
-----------------------	
入口のドアに記載のある「080」から始まる電話番号に
ご利用開始/終了のご連絡をお願いします。			
スタッフがリモートにてご案内いたします。

ご入室はご予約の10分前から、
ご退室はご予約終了時間までにお願いします。

-----------------------				
▼10:00前 もしくは 20:00以降にご入退室のお客様
-----------------------				
スタッフ対応時間外につき、
お電話がつながらない場合がございます。
上記携帯電話に『着信』のみお願いします。
着信履歴にてご利用状況を後ほどスタッフが確認させていただきます。
なおスタッフ対応時間外にご利用開始のお客様のみ、
10分前までにあらかじめ開錠させていただきますので
お電話後はそのままご利用ください。
※スペースマーケットにご登録以外の電話番号から
入退室のご連絡の場合はメッセージにてお電話番号をお知らせください。

-----------------------
●電話が繋がらずスタジオに入れない場合●
-----------------------
ご入退室が同時刻に重なった場合、お電話がつながりにくい場合がございます。
電話が通じず、扉の鍵も閉まっている場合のみ、
下記手順に従いご自身で開錠をお願いします。

※注意※
繋がらない場合も必ず通常の入室手順のとおり、
お電話の着信はお願いいたします。
着信履歴がないまま、下記操作を行い入室された場合、
無断利用として法的措置をとらせていただく場合がございます


【手順】
≪1≫　
080からはじまる電話番号にお電話をお願いします。
着信履歴より後ほどスタッフがご入室時間を確認いたします。
※スペースマーケットにご登録以外の電話番号から
　入退室のご連絡の場合はメッセージにてお電話番号をお知らせください。
※ご登録のお電話番号より変更ない場合はメッセージは不要です。
　そのまま開錠の操作に移っていただいて問題ございません。

≪2≫
鍵は2か所開錠いただく場所がございます	

①共通扉（ガラス戸）	
　入口近く洗面台上の白いカゴに入っているキーボックスを【5714】に揃え、中の鍵を使ってガラス鍵を開けてください	

②スタジオ扉	
　共通扉を開け右手に進み、奥のスリッパラックにある12と書いてあるキーボックスを【5812】に揃えて12号館の鍵を開けてください	
		
≪3≫
スタジオ扉を開錠したら鍵はキーボックスに鍵を戻し、
キーボックスのダイヤルを適当な番号に回してロックをお願いします		

【注意】
※鍵の開錠にはログが残ります。
　ご予約の10分より前には絶対に開錠を行わないでください		
※着信履歴のないまま、開錠操作を行った場合、
　無断利用として法的措置をとらせていただく場合がございます
		

-----------------------
●その他		
-----------------------	
・ご利用方法については室内にある小冊子をご覧ください
　（WiFi接続方法/室内設備/注意事項等）		
・土足禁止です。スリッパのご用意はございますのでご利用ください。
　靴を履いての撮影の場合は養生テープをご使用ください		
・荷物（キャリー含む）・家具は引きずらないでなるべく持ち上げてご移動ください		
・利用規約・注意事項・禁則事項等のルールは守ってご使用ください		
		
-----------------------
●緊急連絡先	
-----------------------

チェリッシュスタジオ		
03-6277-5760（スタッフ対応時間10:00～20:00）		
		
-----------------------

ご不明点等がございましたら、こちらのメッセージよりお問い合わせくださいませ		
当日のお問合せは確認が遅れる場合がございますので、緊急連絡先までお電話をお願いいたします		","クラシック×ゴシックがかわいいスペース、ゴスロリテイストな衣装やダークな楽曲との相性バツグンです！","77","","0","6","30","f","f","57","チェリッシュスタジオ11号館/12号館/13号館/14号館","東京都港区西麻布-2-21-22 WEST麻布2791ビル2階","","2025-07-02 18:19:33.984558","2025-12-25 00:42:28.424357","2694","4831d2c1-dd85-459c-bf66-03ebeaa766b7","0",,"03-6277-5760","2025-07-09 17:16:10.989296","","","f","10:00:00","20:00:00","f","10:00:00","20:00:00","f","10:00:00","20:00:00","f","10:00:00","20:00:00","f","10:00:00","20:00:00","f","10:00:00","20:00:00","f","10:00:00","20:00:00","f","t",,"https://dance-studio-lab.com/room/MjEzNWFjN2UtNzc1My00Y2Q2LTk5MmUtYjUyMWQxYzA3YWMy/detail"
"68","チェリッシュスタジオ13号館","57","9",,"f","2","2","1","0","f","f","f","2025-07-02 18:51:26.427651","2026-02-12 17:59:45.055643","ec00e724-7dcc-464e-b66d-f968821e9772",,"t","f","t","f","f","f","t","t","f","t","f","f","t","t","t","f","t","f","f","t","[""a63546ce8391cd9e39174fdfcb6dc165(2).jpg""]",,"[""12f5d263a99444e4e88d04b819dec734(2).jpg"",""37219a985faaf57a44672462d5dc0bff(2).jpg"",""1cd668401bde2618bbf0cf5dda30e6d1(2).jpg"",""9bab72db58a9c2f4237aa85d420ee65a(2).jpg"",""d4015004b3ead1b8d404246d4590a626(2).jpg"",""6993c7aac848b2dacd9d737623027e93(2).jpg"",""c47fc56654a055d4309b42319718e653(2).jpg"",""4109baa5dd8a5a7259b4af11c1976fa4(2).jpg"",""763c0df035b482b386753b8a6e0e055e(2).jpg""]","2026-02-12 17:59:44.904775","【ご予約いただきありがとうございました】チェリッシュスタジオ13号館","この度はご予約頂きありがとうございます。		
当日の利用方法についてご案内いたします。


-----------------------	
◆スタジオ住所
-----------------------
〒106-0031
東京都港区西麻布-2-21-22　WEST麻布2791ビル2階		
					

-----------------------	
●入退室方法について		
-----------------------	
入口のドアに記載のある「080」から始まる電話番号に
ご利用開始/終了のご連絡をお願いします。			
スタッフがリモートにてご案内いたします。

ご入室はご予約の10分前から、
ご退室はご予約終了時間までにお願いします。

-----------------------				
▼10:00前 もしくは 20:00以降にご入退室のお客様
-----------------------				
スタッフ対応時間外につき、
お電話がつながらない場合がございます。
上記携帯電話に『着信』のみお願いします。
着信履歴にてご利用状況を後ほどスタッフが確認させていただきます。
なおスタッフ対応時間外にご利用開始のお客様のみ、
10分前までにあらかじめ開錠させていただきますので
お電話後はそのままご利用ください。
※スペースマーケットにご登録以外の電話番号から
入退室のご連絡の場合はメッセージにてお電話番号をお知らせください。

-----------------------
●電話が繋がらずスタジオに入れない場合●
-----------------------
ご入退室が同時刻に重なった場合、お電話がつながりにくい場合がございます。
電話が通じず、扉の鍵も閉まっている場合のみ、
下記手順に従いご自身で開錠をお願いします。

※注意※
繋がらない場合も必ず通常の入室手順のとおり、
お電話の着信はお願いいたします。
着信履歴がないまま、下記操作を行い入室された場合、
無断利用として法的措置をとらせていただく場合がございます


【手順】
≪1≫　
080からはじまる電話番号にお電話をお願いします。
着信履歴より後ほどスタッフがご入室時間を確認いたします。
※スペースマーケットにご登録以外の電話番号から
　入退室のご連絡の場合はメッセージにてお電話番号をお知らせください。
※ご登録のお電話番号より変更ない場合はメッセージは不要です。
　そのまま開錠の操作に移っていただいて問題ございません。

≪2≫
鍵は2か所開錠いただく場所がございます	

①共通扉（ガラス戸）	
　入口近く洗面台上の白いカゴに入っているキーボックスを【5714】に揃え、中の鍵を使ってガラス鍵を開けてください	

②スタジオ扉	
　共通扉を開け右手のスリッパラックにある13と書いてあるキーボックスを【4313】にそろえて13号館の鍵を開けてください		
		
≪3≫
スタジオ扉を開錠したら鍵はキーボックスに鍵を戻し、
キーボックスのダイヤルを適当な番号に回してロックをお願いします		

【注意】
※鍵の開錠にはログが残ります。
　ご予約の10分より前には絶対に開錠を行わないでください		
※着信履歴のないまま、開錠操作を行った場合、
　無断利用として法的措置をとらせていただく場合がございます
		

-----------------------
●その他		
-----------------------	
・ご利用方法については室内にある小冊子をご覧ください
　（WiFi接続方法/室内設備/注意事項等）		
・土足禁止です。スリッパのご用意はございますのでご利用ください。
　靴を履いての撮影の場合は養生テープをご使用ください		
・荷物（キャリー含む）・家具は引きずらないでなるべく持ち上げてご移動ください		
・利用規約・注意事項・禁則事項等のルールは守ってご使用ください		
		
-----------------------
●緊急連絡先	
-----------------------

チェリッシュスタジオ		
03-6277-5760（スタッフ対応時間10:00～20:00）		
		
-----------------------

ご不明点等がございましたら、こちらのメッセージよりお問い合わせくださいませ		
当日のお問合せは確認が遅れる場合がございますので、緊急連絡先までお電話をお願いいたします		","ゆめかわいいファンシーな一部屋！可愛い衣装やキラキラアイドル系～TikTok撮影におすすめ✨️
他の併設スタジオとの併用利用も可能なので、控室としてもご利用いただけます！","88","","0","6","30","f","f","57","チェリッシュスタジオ11号館/12号館/13号館/14号館","東京都港区西麻布-2-21-22 WEST麻布2791ビル2階","","2025-07-02 18:19:33.984558","2025-12-25 00:42:28.424357","2694","4831d2c1-dd85-459c-bf66-03ebeaa766b7","0",,"03-6277-5760","2025-07-09 17:16:10.989296","","","f","10:00:00","20:00:00","f","10:00:00","20:00:00","f","10:00:00","20:00:00","f","10:00:00","20:00:00","f","10:00:00","20:00:00","f","10:00:00","20:00:00","f","10:00:00","20:00:00","f","t",,"https://dance-studio-lab.com/room/ZWMwMGU3MjQtN2RjYy00NjRlLWI2NmQtZjk2ODgyMWU5Nzcy/detail"
"69","チェリッシュスタジオ14号館","57","27","0.5","t","2","2","1","0","f","f","f","2025-07-02 18:57:23.716851","2026-02-12 17:59:53.786154","9f7736e9-e4c4-4d20-878e-26ea2a1b0d8e",,"f","f","t","f","f","f","t","t","f","t","f","f","t","t","t","f","t","f","f","t","[""f1d7a425f0a6055aa5ba380e325f9576(2).jpg""]",,"[""c17b0c7e335eaf397ec6ffddd362b85c(2).jpg"",""85441923c9104aee960137c7909d6753(2).jpg"",""341ef61ae639cd539919f37565a29fae(2).jpg"",""d030ef0590e8840557939bec91ea1b44(2).jpg"",""7efd588ea02ed50999e98165fe87cf6f(2).jpg"",""2953764d84aed9cef640332673133236(2).jpg"",""c3bf0228ea38c35a28d4967df8f9ed85(2).jpg"",""dd43f2ebcee5d7707ba67ae014fb9be7(2).jpg"",""7a73494aff55fff1af9a67ce05785c38(2).jpg"",""2ed8bc92f16c590364ac48dd20073967(2).jpg"",""e71827dc8641c2b0ce74f586615540c8(2).jpg""]","2026-02-12 17:59:53.60535","【ご予約いただきありがとうございました】チェリッシュスタジオ14号館","この度はご予約頂きありがとうございます。		
当日の利用方法についてご案内いたします。


-----------------------	
◆スタジオ住所
-----------------------
〒106-0031
東京都港区西麻布-2-21-22　WEST麻布2791ビル2階		
						

-----------------------	
●入退室方法について		
-----------------------	
入口のドアに記載のある「080」から始まる電話番号に
ご利用開始/終了のご連絡をお願いします。			
スタッフがリモートにてご案内いたします。

ご入室はご予約の10分前から、
ご退室はご予約終了時間までにお願いします。

-----------------------				
▼10:00前 もしくは 20:00以降にご入退室のお客様
-----------------------				
スタッフ対応時間外につき、
お電話がつながらない場合がございます。
上記携帯電話に『着信』のみお願いします。
着信履歴にてご利用状況を後ほどスタッフが確認させていただきます。
なおスタッフ対応時間外にご利用開始のお客様のみ、
10分前までにあらかじめ開錠させていただきますので
お電話後はそのままご利用ください。
※スペースマーケットにご登録以外の電話番号から
入退室のご連絡の場合はメッセージにてお電話番号をお知らせください。

-----------------------
●電話が繋がらずスタジオに入れない場合●
-----------------------
ご入退室が同時刻に重なった場合、お電話がつながりにくい場合がございます。
電話が通じず、扉の鍵も閉まっている場合のみ、
下記手順に従いご自身で開錠をお願いします。

※注意※
繋がらない場合も必ず通常の入室手順のとおり、
お電話の着信はお願いいたします。
着信履歴がないまま、下記操作を行い入室された場合、
無断利用として法的措置をとらせていただく場合がございます


【手順】
≪1≫　
080からはじまる電話番号にお電話をお願いします。
着信履歴より後ほどスタッフがご入室時間を確認いたします。
※スペースマーケットにご登録以外の電話番号から
　入退室のご連絡の場合はメッセージにてお電話番号をお知らせください。
※ご登録のお電話番号より変更ない場合はメッセージは不要です。
　そのまま開錠の操作に移っていただいて問題ございません。

≪2≫
鍵は2か所開錠いただく場所がございます	

①共通扉（ガラス戸）	
　入口近く洗面台上の白いカゴに入っているキーボックスを【5714】に揃え、中の鍵を使ってガラス鍵を開けてください	

②スタジオ扉	
　共通扉を開け右手のスリッパラックにある14と書いてあるキーボックスを【2914】にそろえて14号館の鍵を開けてください	

≪3≫
スタジオ扉を開錠したら鍵はキーボックスに鍵を戻し、
キーボックスのダイヤルを適当な番号に回してロックをお願いします		

【注意】
※鍵の開錠にはログが残ります。
　ご予約の10分より前には絶対に開錠を行わないでください		
※着信履歴のないまま、開錠操作を行った場合、
　無断利用として法的措置をとらせていただく場合がございます
		

-----------------------
●その他		
-----------------------	
・ご利用方法については室内にある小冊子をご覧ください
　（WiFi接続方法/室内設備/注意事項等）		
・土足禁止です。スリッパのご用意はございますのでご利用ください。
　靴を履いての撮影の場合は養生テープをご使用ください		
・荷物（キャリー含む）・家具は引きずらないでなるべく持ち上げてご移動ください		
・利用規約・注意事項・禁則事項等のルールは守ってご使用ください		
		
-----------------------
●緊急連絡先	
-----------------------

チェリッシュスタジオ		
03-6277-5760（スタッフ対応時間10:00～20:00）		
		
-----------------------

ご不明点等がございましたら、こちらのメッセージよりお問い合わせくださいませ		
当日のお問合せは確認が遅れる場合がございますので、緊急連絡先までお電話をお願いいたします		","360度どこからとってもピンク色な韓国系テイスト✨️ポップなアイドルソング・王道アイドル系におすすめ","78","","0","6","30","f","f","57","チェリッシュスタジオ11号館/12号館/13号館/14号館","東京都港区西麻布-2-21-22 WEST麻布2791ビル2階","","2025-07-02 18:19:33.984558","2025-12-25 00:42:28.424357","2694","4831d2c1-dd85-459c-bf66-03ebeaa766b7","0",,"03-6277-5760","2025-07-09 17:16:10.989296","","","f","10:00:00","20:00:00","f","10:00:00","20:00:00","f","10:00:00","20:00:00","f","10:00:00","20:00:00","f","10:00:00","20:00:00","f","10:00:00","20:00:00","f","10:00:00","20:00:00","f","t",,"https://dance-studio-lab.com/room/OWY3NzM2ZTktZTRjNC00ZDIwLTg3OGUtMjZlYTJhMWIwZDhl/detail"
"70","Hina STUDIO（ヒナスタジオ）新宿西口【Aスタジオ】","58","43","5","f","2","2","0","1","f","t","f","2025-07-08 18:27:28.093165","2026-03-11 11:28:46.789617","ddafbf4f-74a8-4791-8e87-1a0fe3a19ef9",,"f","f","t","t","f","f","t","t","f","t","t","f","t","t","f","t","t","f","f","f","[""ec4e8dc3996df5ff7b6ea32538d30557.jpg""]","[""c3ab155af6bdd864289cb2e686d96af6.jpg""]","[""4a2785e2c38bf98ccbe839fa8e743a7f.jpg"",""bcae640d1106069410d840d04085de58.jpg"",""ab3c03081e0e2df6e11303248c49e561.jpg"",""e5e95f0457f0c7d3ad1b7e23e72accb0.jpg"",""e4d716c82a0f6cf4a7e02c201110030e.jpg"",""dbb3ee02a08208bf150efde5ac8dc29b(2).jpg"",""9bebd5fb81d0e132ccd29bcf720c9023.jpg"",""74456432b53d643c4a47d3b6cb89680f.jpg"",""b4bab6a9fcdc6522188fc926c7c1df99.jpg"",""f03d25073863b1d046251bbb55f61152.jpg"",""abf111007c2f214c0dafb299f33aaa65.jpg"",""131b066c79afa2f2ffb5391803a8355a.jpg"",""7841a5218a5096f40681e5e8f558f129.jpg"",""dfed73c29343afd6277bde4f394a30b0.jpg"",""e022953b2eb7cbfac7feca4b96257c66.jpg""]","2026-03-11 11:28:46.672606","Hina STUDIO（ヒナスタジオ）新宿西口スタジオ【Aスタジオ】ご予約が確定しました。","ご予約ありがとうございます。
Hina STUDIO（ヒナスタジオ）新宿西口スタジオ【Aスタジオ】のご予約が確定しました。

■ご予約後の入室に関して
予約をいただいたスタジオは「ヒナスタジオ新宿西口スタジオ（東京都新宿区西新宿7-10-12 ダイハンビルデンス4F）」です。
スタジオの部屋間違いにご注意ください。
新宿には「ヒナスタジオ新宿西口アネックス（東京都新宿区西新宿7-15-4 YS第一ビルB1F）」もあります。

部屋に鍵はありませんので、そのままご予約のお部屋に入室してご利用ください。
店内に掲示のある「利用規約」「重要確認事項」も御一読ください。

■ご退室時に関して
エアコン、照明等は消していただき、ご利用されたものは元にお戻しください。
ご利用時間は超過にご注意の上、ご利用ください。","新宿駅3分！大きな鏡の広々としたスタジオです。（推奨12名）ダンス、バレエ、ヨガ、撮影等に使えるかわいいスタジオ。バレエバー有。1日1回清掃しています！","93","https://view.ricoh360.com/df7abae3-293c-4824-b60a-512998a2dd51?type=compact","0","1","0","f","f","58","Hina STUDIO(ヒナスタジオ)【新宿西口スタジオ】","東京都新宿区西新宿7-10-12　ダイハンビルデンス4階","","2025-07-08 17:23:18.03124","2025-12-25 00:42:28.525847","2695","af9605b3-0d92-4711-90e1-dd0862499c65","1",,"03-6908-5041","2025-09-01 17:35:07.949767","","大きな鏡の広々ダンス、バレエ、ヨガ、撮影等に使えるかわいいスタジオ！","f","00:00:00","00:00:00","f","00:00:00","00:00:00","f","00:00:00","00:00:00","f","00:00:00","00:00:00","f","00:00:00","00:00:00","f","00:00:00","00:00:00","f","00:00:00","00:00:00","f","t",,"https://dance-studio-lab.com/room/ZGRhZmJmNGYtNzRhOC00NzkxLThlODctMWEwZmUzYTE5ZWY5/detail"
"71","Hina STUDIO（ヒナスタジオ）新宿西口【Bスタジオ】","58","13","1","f","2","2","0","1","f","t","f","2025-07-09 14:27:58.113134","2026-03-11 11:28:59.521544","d1292257-b508-4e67-811f-a2438d4888cc",,"f","f","t","t","f","f","t","t","f","t","f","f","t","t","f","t","f","f","f","f","[""e59db6ecf16f944a89caff1b2568fa93(2).jpg""]","[""c3ab155af6bdd864289cb2e686d96af6(2).jpg""]","[""1385b2c73cabd5cf5a8c2464ecc8353c(2).jpg"",""8390c38beed814dc18ae6954934fa1ca(2).jpg"",""24af385fa8acc30c405f20a852d8ad9a(2).jpg"",""d85f44f2058901ee19512d144d62a17c(2).jpg"",""540d1520b741f6931d74e92b71a7ca94(2).jpg"",""9bebd5fb81d0e132ccd29bcf720c9023(2).jpg"",""74456432b53d643c4a47d3b6cb89680f(2).jpg"",""480fabbad242bfe7cb6f9f6a90053982(2).jpg"",""cc584d9a93a281f6227496deacbbf824(2).jpg"",""e614875f159198a1a169d4cdb8e11320(2).jpg"",""edf3b5d9e2b74945d8f0ea600e4ca5d6(2).jpg""]","2026-03-11 11:28:59.412061","Hina STUDIO（ヒナスタジオ）新宿西口スタジオ【Bスタジオ】のご予約が確定しました。","ご予約ありがとうございます。
Hina STUDIO（ヒナスタジオ）新宿西口スタジオ【Bスタジオ】のご予約が確定しました。

■ご予約後の入室に関して
予約をいただいたスタジオは「ヒナスタジオ新宿西口スタジオ（東京都新宿区西新宿7-10-12 ダイハンビルデンス4F）」です。
スタジオの部屋間違いにご注意ください。
新宿には「ヒナスタジオ新宿西口アネックス（東京都新宿区西新宿7-15-4 YS第一ビルB1F）」もあります。

部屋に鍵はありませんので、そのままご予約のお部屋に入室してご利用ください。
店内に掲示のある「利用規約」「重要確認事項」も御一読ください。

■ご退室時に関して
エアコン、照明等は消していただき、ご利用されたものは元にお戻しください。
ご利用時間は超過にご注意の上、ご利用ください。","壁面１面に鏡、K-POP等で映えるLED演出照明も完備！✨ 
ダンス、バレエ、ヨガ、フラダンス、ピラティス、ストレッチ、演劇、撮影等気軽に使えるかわいい、個人練習向きのスタジオです。","92","https://view.ricoh360.com/08d7066f-9c70-4c7a-af1f-b38e7b8ec4b8?type=compact","0","1","0","f","f","58","Hina STUDIO(ヒナスタジオ)【新宿西口スタジオ】","東京都新宿区西新宿7-10-12　ダイハンビルデンス4階","","2025-07-08 17:23:18.03124","2025-12-25 00:42:28.525847","2695","af9605b3-0d92-4711-90e1-dd0862499c65","1",,"03-6908-5041","2025-09-01 17:35:07.949767","","大きな鏡の広々ダンス、バレエ、ヨガ、撮影等に使えるかわいいスタジオ！","f","00:00:00","00:00:00","f","00:00:00","00:00:00","f","00:00:00","00:00:00","f","00:00:00","00:00:00","f","00:00:00","00:00:00","f","00:00:00","00:00:00","f","00:00:00","00:00:00","f","t",,"https://dance-studio-lab.com/room/ZDEyOTIyNTctYjUwOC00ZTY3LTgxMWYtYTI0MzhkNDg4OGNj/detail"
"72","Hina STUDIO（ヒナスタジオ）【目黒スタジオ】","59","66","3.5","f","2","2","1","1","f","t","f","2025-07-09 14:45:15.533542","2026-03-10 17:56:33.70295","426d62e6-9ca7-4bb1-ba72-92ebd72b7156",,"f","f","t","t","f","f","t","t","t","t","f","f","t","t","f","t","f","f","f","t","[""305ea5083b9fdfbe3cc242f4324b336a(2).jpg""]","[""abb23507796130a0a12213b9f345dd10(2).jpg""]","[""7497a29477946383aaae380269d6e5a2(2).jpg"",""1d5d0859ded2a57b213a765bfb1be163(2).jpg"",""82e3ae4f7af645c5977ab92599dfc28e(2).jpg"",""b95f79e44b0d9b393344b20304443991(2).jpg"",""2e6d16511928fce8da29e3880e53f8c6(2).jpg"",""5623ee0c9f4bca6d8ae42e1aa08ce098(2).jpg"",""79b301c1e0fecbdf4a8a70fea1b3b538.jpg"",""83f3c1c239641a8252d92a29c52f712f(2).jpg"",""927878c1f68c00545d3de3ce3fa438eb.jpg""]","2025-09-01 17:44:12.679783","Hina STUDIO（ヒナスタジオ）【目黒スタジオ】のご予約が確定しました。","ご予約ありがとうございます。
Hina STUDIO（ヒナスタジオ）【目黒スタジオ】のご予約が確定しました。

■ご予約後の入室に関して
キーボックスの鍵番号は「0417」です。
部屋の入口ドアに黒いキーボックスが設置されています。
中に入口ドアの鍵が入っていますので、鍵を開けてご予約のお部屋に入室してご利用ください。
店内に掲示のある「ご利用規約」「重要確認事項」も御一読ください。

■ご退室時に関して
エアコン、照明等は消していただき、ご利用されたものは元にお戻しください。
ご利用時間は超過にご注意の上、ご利用ください。
退室の際は入口ドアの鍵をかけ、キーボックスに鍵をお戻しになり、キーボックスを元の位置に戻し、開かないことを確認してお帰りください。
","駅近！「目黒駅」徒歩2分の好立地な貸スタジオ。
壁面１面に鏡、更衣室完備！
ダンス、ヨガ、フラダンス、ピラティス、ストレッチ、演劇、撮影等気軽に使える黒を基調としたカッコよく、スタジオは（66㎡）と更衣室（8㎡）がある広々としたスタジオです。(推奨は16名）",,"","0","12","0",,,"59","Hina STUDIO（ヒナスタジオ）【目黒スタジオ】"," 東京都品川区上大崎2-17-4　美都ビルB1階","","2025-07-08 17:27:17.515128","2026-01-08 12:03:34.205133","2695","fdd86a8c-a8d8-4980-b6d4-5bff6e5cebff","1",,"03-6908-5041",,"","好立地な24時間貸スタジオ。壁面１面に鏡で広々ダンス、ヨガ撮影等に使えるスタジオ！","f","00:00:00","00:00:00","f","00:00:00","00:00:00","f","00:00:00","00:00:00","f","00:00:00","00:00:00","f","00:00:00","00:00:00","f","00:00:00","00:00:00","f","00:00:00","00:00:00","f","t",,"https://dance-studio-lab.com/room/NDI2ZDYyZTYtOWNhNy00YmIxLWJhNzItOTJlYmQ3MmI3MTU2/detail"
"78","Dubway Dance Lab 撮影スタジオ　大塚 A Room","17063","93","5","t","0","0","2","1","f","t","f","2025-12-21 02:22:24.048501","2026-02-14 15:45:24.04729","8051dd8d-809b-454e-b279-fc25ad177d68",,"t","t","t","t","t","t","t","t","t","t","f","f","t","t","t","f","f","f","f","t","[""0bd0a4bd0a257e3305a7a8035ed45564(2).jpeg""]","[""5b6b4e76012efe25928788d321fe956b(2).jpeg""]","[""8d5ce00ea63a3086ca39631b1e295ccd(2).jpeg"",""5379af1bd342c4b6d338aea83b7c6471(2).jpeg"",""972796a6b0ad65cf6e1f33af1a2a5ce9(2).jpeg"",""3a4fde8acf72376e712ef3b9e1318551(2).jpeg"",""ad09186379e3b1aa1a07952fa6371c9d(2).jpeg"",""91c62f5620af198a4f58a147e160711c(2).jpeg"",""7874512ade5b7c711389d703a2fd8006(2).jpeg"",""ae230a14e9b4c46a30b318043b881b2d(2).jpeg"",""ad6d5c3bbe6d91f5859e1db9e461d027(2).jpeg""]","2026-02-14 15:45:23.90375","【要確認】ご予約が確定いたしました","この度はDubway Dance Lab 大塚　A Roomをご予約いただきありがとうございます。

ご予約が確定したことをお知らせいたします。


【アクセス】東京都豊島区北大塚2丁目10-5 北大塚BMAビル　B02　Dubway Dance Studio

下記のリンクからスタジオのご利用方法などをご確認お願いします。

https://drive.google.com/drive/folders/15Ju3il_CzqeOulvs7ect61Q6fo2X2vfK?usp=sharing



【ご利用案内】
■ 月曜〜土曜（7:00〜20:00）にご利用のお客様へ
エレベーターで地下1階までお降りいただき、ご予約された部屋（Dubway Dance Lab A ROOM）までお進みください。
ドアノブに設置されているキーボックスに暗証番号を入力し、鍵を取り出してご入室ください。
暗証番号は【7925】です。

■ 日曜・祝日（終日）および 月曜〜土曜の夜間（20:00〜翌7:00）にご利用のお客様へ
建物の入り口横にポストがあります。
ダイヤルを右に2周回して「4」に合わせたあと、左に1回だけ回して「5」に合わせてください。
ポスト内からカードキーを取り出し、建物入口のセキュリティ機器にかざして、カードキーをポストに戻してからご入館ください。

その後は、エレベーターで地下1階までお降りいただき、ご予約された部屋の前に進み、
ドアノブに設置されたキーボックスから鍵を取り出してご入室ください（暗証番号が必要です）。

⚠️ ご注意


・カードキーをセキュリティ機器にかざさずに入館しようとすると、不法侵入とみなされ、警報が作動する場合があります。必ずかざしてからご入館ください。

・カードキーは持ち出し厳禁です。自動ドアが開いたら必ずポストにご返却ください。他の利用者が入れなくなるので、スタジオ内に持ち込まないでください。紛失された場合は5,000円をご請求いたします。

・20時以降は近隣の方への配慮のため、
利用後は静かに、速やかに解散してください。
たむろ行為は厳禁です。
近隣の方から通報される可能性があります。

・黒底ブーツ厳禁（床に黒い跡が残るため）場合によっては1万円を請求します。

【注意事項】
・土足厳禁！必ず室内用の靴をご持参ください。
・黒底ブーツ厳禁（床に黒い跡が残るため）
・スタジオ内飲食禁止（お水、お茶OK）
・ご予約のスタジオをご使用ください。
・ルールを守れない方には即退室していただくことがあります。
","Kpop・アイドルダンス・MV級の動画、写真撮影ができるおしゃれなダンススタジオ✨SNS映え🌟MV級の動画が撮れるスタジオ！93㎡の広さで大人数で練習可能！ジャンプOK！","229","https://view.ricoh360.com/68743b94-19d6-41f3-a24a-58140a8f42ed","0","3","0","f","f","17063","Dubway レンタルスタジオ大塚","東京都豊島区北大塚2-10-5 BMAビル　B1","
","2025-09-05 18:14:54.258441","2026-02-09 01:04:47.708942","2696","12b607c2-a4d1-40e8-b300-249ddd3332d9","1",,"08041831425","2026-02-09 01:04:47.683678","","東京都内でも珍しい、圧倒的な照明演出とおしゃれな空間が魅力のレンタルスタジオが登場！","f","07:00:00","23:00:00","f","07:00:00","23:00:00","f","07:00:00","23:00:00","f","07:00:00","23:00:00","f","07:00:00","23:00:00","f","07:00:00","23:00:00","f","07:00:00","23:00:00","f","t",,"https://dance-studio-lab.com/room/ODA1MWRkOGQtODA5Yi00NTRlLWIyNzktZmMyNWFkMTc3ZDY4/detail"
"79","Dubway Dance Lab 大塚　B Room","17063","26","5","t","1","2","2","1","f","t","f","2025-12-22 00:06:02.475292","2026-02-09 01:10:15.074152","5cbb4b12-6c81-4617-a460-9b4157f103e3",,"f","t","t","t","t","f","f","t","t","t","f","f","t","t","t","f","f","f","f","t","[""2f386a9cbf965fe5bf2ee4ce0b196bf7(2).jpeg""]","[""b36800cfc9e72dcfc52a41d0c1e6712d(2).png""]","[""2f386a9cbf965fe5bf2ee4ce0b196bf7(2).jpeg"",""9c05ee1c0184a98a8fe83b9dc64f20b8(2).jpeg"",""2ad74d2370e95caa5edc7be040776c6c(2).jpeg""]","2026-02-09 01:10:15.003312","【要確認】ご予約が確定いたしました","この度はDubway Dance Lab 大塚　B Roomをご予約いただきありがとうございます。

ご予約が確定したことをお知らせいたします。


【アクセス】東京都豊島区北大塚2丁目10-5 北大塚BMAビル　B02　Dubway Dance Studio


【ご利用案内】
■ 月曜〜土曜（7:00〜20:00）にご利用のお客様へ
エレベーターで地下1階までお降りいただき、ご予約された部屋（Dubway Dance Lab BROOM）までお進みください。
ドアノブに設置されているキーボックスに暗証番号を入力し、鍵を取り出してご入室ください。
暗証番号は【0705】です。

■ 日曜・祝日（終日）および 月曜〜土曜の夜間（20:00〜翌7:00）にご利用のお客様へ
建物の入り口横にポストがあります。
ダイヤルを右に2周回して「4」に合わせたあと、左に1回だけ回して「5」に合わせてください。
ポスト内からカードキーを取り出し、建物入口のセキュリティ機器にかざして、カードキーをポストに戻してからご入館ください。

その後は、エレベーターで地下1階までお降りいただき、ご予約された部屋の前に進み、
ドアノブに設置されたキーボックスから鍵を取り出してご入室ください（暗証番号が必要です）。

⚠️ ご注意

・カードキーをセキュリティ機器にかざさずに入館しようとすると、不法侵入とみなされ、警報が作動する場合があります。必ずかざしてからご入館ください。

・カードキーは持ち出し厳禁です。自動ドアが開いたら必ずポストにご返却ください。他の利用者が入れなくなるので、スタジオ内に持ち込まないでください。紛失された場合は5,000円をご請求いたします。

・20時以降は近隣の方への配慮のため、
利用後は静かに、速やかに解散してください。
たむろ行為は厳禁です。
近隣の方から通報される可能性があります。

【注意事項】
・土足厳禁！必ず室内用の靴をご持参ください。
・黒底ブーツ厳禁（床に黒い跡が残るため）
・スタジオ内飲食禁止（お水、お茶OK）
・ご予約のスタジオをご使用ください。
・ルールを守れない方には即退室していただくことがあります。","大塚駅徒歩4分！ジャンプOK！照明がおしゃれ！大型鏡！個人練・少人数練習に最適なスタジオ","230","https://view.ricoh360.com/f92bb0b5-25f3-4f20-8e41-c750050770c6","0","3","0","f","f","17063","Dubway レンタルスタジオ大塚","東京都豊島区北大塚2-10-5 BMAビル　B1","
","2025-09-05 18:14:54.258441","2026-02-09 01:04:47.708942","2696","12b607c2-a4d1-40e8-b300-249ddd3332d9","1",,"08041831425","2026-02-09 01:04:47.683678","","東京都内でも珍しい、圧倒的な照明演出とおしゃれな空間が魅力のレンタルスタジオが登場！","f","07:00:00","23:00:00","f","07:00:00","23:00:00","f","07:00:00","23:00:00","f","07:00:00","23:00:00","f","07:00:00","23:00:00","f","07:00:00","23:00:00","f","07:00:00","23:00:00","f","t",,"https://dance-studio-lab.com/room/NWNiYjRiMTItNmM4MS00NjE3LWE0NjAtOWI0MTU3ZjEwM2Uz/detail"
"75","リーダンススタジオ","17064","49","2","t","2","0","0","1","f","t","f","2025-10-20 16:53:41.714791","2026-05-08 17:28:19.027369","2015726b-bd67-42a3-b269-81dff14bb95a","0","t","f","t","t","f","f","t","t","f","t","f","f","f","f","f","f","f","f","f","t","[""127034d63765d92902606e0b5ab09004(2).jpeg""]","[""f92438bc9b637db79e160f7051a02c99(2).jpeg""]","[""8b2cb4a7f09e99ac931938f190aabd01(2).jpeg"",""041b09ff5df9342772c960cec22f5f61(2).jpeg"",""28dd3299021d98f37100c717726d330a(2).jpeg"",""305938194d20246d67910108e04908ea(2).jpeg"",""b7699d6798a0a64c395b3dfba8cea602(2).jpeg"",""638a2c8bfb36c14955d41ac2a4167476(2).jpeg"",""00a54f29d6cb193d40af5b5e1b29ad03(2).jpeg"",""126db1889a39e6d6f710b3b420d5d699(2).jpeg"",""0ea97c9d9ca47a85ba6d4b91a49555f3.jpeg"",""8ebe2868b701b34bafe0bce30bf33848(2).jpeg"",""3a2c21413ceffb100b264c83695f34d3(2).jpeg""]","2026-04-27 23:42:11.649741",,,"日暮里駅から徒歩3分！完全個室なので周りの音や目を気にせず利用可能！リノリウムが敷かれたダンススタジオ！","219","https://view.ricoh360.com/bf039d7c-40fc-4f28-85f8-d1e0df1a5f53","0","12","0","f","f","17064","日暮里リーダンススタジオ","東京都荒川区西日暮里2-29-6秋山ビル301","ご予約ありがとうございました！

【入室方法】
予約時間になりますと鍵が空きます。土足禁止のため、靴を脱いでから室内履き又は靴下でお入りください。
※近日、夜間に部外者が3階に立ち入る問題があり、当分の間3階入り口自動ドアのスイッチを夜間はOFFにする事になりました。
入店時にまだ手動になっている場合がございますので、ご面倒ですが手動で開けてくださる様お願い致します。

【退室方法】
室内照明器具，エアコンの電源を全て切った後、ドアをしっかり閉めて退室をお願いいたまします。

【キャンセルポリシー】
10日前よりキャンセル料が発生いたします。詳細ページよりご確認くださいませ。

・使用後は清掃をし、ドアを閉めて退室ください。
・室内は完全禁煙でございます。
・白布の後ろは大きな窓となっております。転落にくれぐれもご注意ください。
・シロアリのシートご利用後は、インソールの跡など綺麗に拭き取りをお願いします。
・室内にてレイアウトを変更された場合には、退室されるまでに必ず元にお戻し下さい。
・お客様がお持込み頂いたものは全てご自身でお持ち帰り下さい。
・ゴミは必ずお客様が責任を持ってお持ち帰り下さい。スペース内に捨て置くことは認められません。
・万が一、スペース内にゴミを置いて行かれた場合は廃棄に掛かる全ての料金をお支払い頂きます。
・床が裂けてしまうようなダンス、靴などはご遠慮ください。
・室内設備の破損については、修理費用と手数料を全額請求させていただきます。
・周りに迷惑がかかるような爆音、奇声はご遠慮ください。
・備え付けの照明は予告なく変更することがございます。ご了承くださいませ。
・ご利用人数は15名さままで、それ以上の人数でのご利用希望の場合はご相談ください。
・照明器具の直視に注意し、それに関しての健康被害に関して責任は負いません。","2025-10-20 11:17:25.70545","2026-05-08 21:23:02.451206","2698","f3df221e-471c-4c9d-80b9-20bd94ab3a4b","1",,"03-6680-6497","2026-05-08 21:23:02.440921","日暮里リーダンススタジオレンタルご予約完了のお知らせ","駅近で完全個室！リノリウムスタジオ！照明器具も利用可能！","f","07:00:00","23:00:00","f","07:00:00","23:00:00","f","07:00:00","23:00:00","f","07:00:00","23:00:00","f","07:00:00","23:00:00","f","07:00:00","23:00:00","f","07:00:00","23:00:00","f","t",,"https://dance-studio-lab.com/room/MjAxNTcyNmItYmQ2Ny00MmEzLWIyNjktODFkZmYxNGJiOTVh/detail"
"76","Hina STUDIO（ヒナスタジオ）新宿西口アネックス【Aスタジオ】","17065","74","4","t","2","2","0","1","f","t","f","2025-12-20 12:27:47.143785","2026-03-11 11:31:35.884227","b16d7ecb-2c80-4086-b052-134b24a9e993","0","f","f","t","t","f","f","t","t","t","t","t","f","t","f","f","t","f","f","f","f","[""64232ee31795c9ef2dc346db5e641388(2).jpg""]","[""631336c8091307e5effe39f62aba05ca(2).jpg""]","[""8c5d75af30be90087e94512af2901aa9(2).jpg"",""0d8d44283b28bf8621a5fc3269aa1fb7(2).jpg"",""0a04d912e78be4fc29ad04389f8a6010(2).jpg"",""0b0989eb44750d522e233ec9bc1a0f22(2).jpg"",""266fcce811c21b0fde1c2188bbb63612(2).jpg"",""97bc13d84c47b48d24cce34954ed884d(2).jpg"",""31ba92b2c383beb63ecbad82f3ace24f(2).jpg"",""9bb7cb43f6244bf3f100f642b4a6d398(2).jpg""]","2026-03-11 11:31:35.763014","Hina STUDIO（ヒナスタジオ）新宿西口アネックス【Aスタジオ】ご予約が確定しました。","ご予約ありがとうございます。
Hina STUDIO（ヒナスタジオ）新宿西口アネックス【Aスタジオ】のご予約が確定しました。

■ご予約後の入室に関して
ご予約をいただいたスタジオは「ヒナスタジオ新宿西口アネックス（東京都新宿区西新宿7-15-4 YS第一ビルB1F）」です。
スタジオの部屋間違いにご注意ください。
新宿には「ヒナスタジオ新宿西口スタジオ（東京都新宿区西新宿7-10-12 ダイハンビルデンス4F）」もあります。

部屋に鍵はありませんので、そのままご予約のお部屋に入室してご利用ください。
店内に掲示のある「利用規約」「重要確認事項」も御一読ください。

■ご退室時に関して
ご退室前に、使用した設備などを元にお戻しください。
ご利用後はフロアワイパーで軽く清掃して下さい。
照明、エアコンの消し忘れにご注意ください。
ご利用時間は超過にご注意の上、ご利用ください。","新宿駅５分！広々74㎡　ダンス、バレエ、ヨガ、撮影等に使えるかわいいスタジオ！ バレエバー有！1日1回清掃！","222","https://view.ricoh360.com/ce72053a-ab38-4272-acec-2cf84b543f3e","0","3","0","f","f","17065","Hina STUDIO(ヒナスタジオ)【新宿西口アネックス】","東京都新宿区西新宿7-15-4　YS第一ビルB1階","","2025-12-20 12:06:12.00044","2026-01-08 12:02:52.270446","2695","20aee146-34e2-4fcb-9afe-a1443632a9b9","1",,"03-6908-5041","2026-01-08 12:02:52.252052","","大きな鏡の広々ダンス、バレエ、ヨガ、撮影等、用途によって使える、大小２つのかわいいスタジオ！","f","00:00:00","00:00:00","f","00:00:00","00:00:00","f","00:00:00","00:00:00","f","00:00:00","00:00:00","f","00:00:00","00:00:00","f","00:00:00","00:00:00","f","00:00:00","00:00:00","f","t",,"https://dance-studio-lab.com/room/YjE2ZDdlY2ItMmM4MC00MDg2LWIwNTItMTM0YjI0YTllOTkz/detail"
"77","Hina STUDIO（ヒナスタジオ）新宿西口アネックス【Bスタジオ】","17065","25","1.5","f","2","2","0","1","f","t","f","2025-12-20 12:32:48.157821","2026-03-11 11:31:46.468694","5d1d2335-5c38-4368-a8bf-1e700dac7d66",,"f","f","t","t","f","f","t","t","t","t","t","f","t","f","f","t","f","f","f","f","[""d90712774eb33b98c44aabf055cb2e4f.jpg""]","[""631336c8091307e5effe39f62aba05ca.jpg""]","[""773b3c5749e593b4bb668a5f51a7607b.jpg"",""c2b298efc0d4c614859a07d7d4523bc8.jpg"",""973c96df0bb7a1c6c72806285f4f5be7.jpg"",""109234f856b55a71ce87b20e059b95e5.jpg"",""63ead18bec23e4d6ada33afbb5ba2134.jpg"",""382dac441436d33e07188787f021187f.jpg""]","2026-03-11 11:31:46.394721","Hina STUDIO（ヒナスタジオ）新宿西口アネックス【Bスタジオ】ご予約が確定しました。","ご予約ありがとうございます。
Hina STUDIO（ヒナスタジオ）新宿西口アネックス【Bスタジオ】のご予約が確定しました。

■ご予約後の入室に関して
ご予約をいただいたスタジオは「ヒナスタジオ新宿西口アネックス（東京都新宿区西新宿7-15-4 YS第一ビルB1F）」です。
スタジオの部屋間違いにご注意ください。
新宿には「ヒナスタジオ新宿西口スタジオ（東京都新宿区西新宿7-10-12 ダイハンビルデンス4F）」もあります。

部屋に鍵はありませんので、そのままご予約のお部屋に入室してご利用ください。
店内に掲示のある「利用規約」「重要確認事項」も御一読ください。

■ご退室時に関して
ご退室前に、使用した設備などを元にお戻しください。
ご利用後はフロアワイパーで軽く清掃して下さい。
照明、エアコンの消し忘れにご注意ください。
ご利用時間は超過にご注意の上、ご利用ください。","壁面１面に鏡、K-POP等で映えるLED演出照明も完備！✨ 
ダンス、バレエ、ヨガ、フラダンス、ピラティス、ストレッチ、演劇、撮影等気軽に使えるかわいい、少人数練習向きのスタジオです。バレエバーあり！","223","https://view.ricoh360.com/b212bd52-b14b-41de-ad9f-b959d1bd1138","0","3","0","f","f","17065","Hina STUDIO(ヒナスタジオ)【新宿西口アネックス】","東京都新宿区西新宿7-15-4　YS第一ビルB1階","","2025-12-20 12:06:12.00044","2026-01-08 12:02:52.270446","2695","20aee146-34e2-4fcb-9afe-a1443632a9b9","1",,"03-6908-5041","2026-01-08 12:02:52.252052","","大きな鏡の広々ダンス、バレエ、ヨガ、撮影等、用途によって使える、大小２つのかわいいスタジオ！","f","00:00:00","00:00:00","f","00:00:00","00:00:00","f","00:00:00","00:00:00","f","00:00:00","00:00:00","f","00:00:00","00:00:00","f","00:00:00","00:00:00","f","00:00:00","00:00:00","f","t",,"https://dance-studio-lab.com/room/NWQxZDIzMzUtNWMzOC00MzY4LWE4YmYtMWU3MDBkYWM3ZDY2/detail"
"80","301st","34069","35","2.5","f","2","2","1","1","f","f","f","2025-12-27 09:39:13.299756","2025-12-27 12:49:10.113919","574e0423-0159-49c5-94c0-88fc49e4ac81",,"f","f","f","f","t","f","f","t","f","t","f","t","t","f","t","f","f","f","f","f","[""0511f06fa1ece55e707a274950967195.jpg""]",,"[""b151ffcfbc7cde06845d0a699cdd4b4d.jpg"",""0536c730500e985a33dd650e7ca72feb.jpg"",""7a585d891c3ea01f6acc6c6895fcfed2.jpg""]",,,,"",,"","1440","3","60",,,"34069","SOUND STUDIO M 小岩店","東京都江戸川区西小岩1-27-16 オルフェウスビル4F","","2025-12-27 09:15:20.61726","2025-12-27 09:15:20.61726","2699","b20b7d60-4492-4811-a78b-1767cbf10db8","0",,"03-3672-6316",,"","音楽スタジオですがダンスのご利用も可能です","f","12:00:00","23:00:00","f","12:00:00","23:00:00","f","12:00:00","23:00:00","f","12:00:00","23:00:00","f","12:00:00","23:00:00","f","09:00:00","23:00:00","f","09:00:00","23:00:00","f","t",,"https://dance-studio-lab.com/room/NTc0ZTA0MjMtMDE1OS00OWM1LTk0YzAtODhmYzQ5ZTRhYzgx/detail"
"81","4-2st","34070","43","3.5","t","1","2","2","1","t","t","f","2026-02-03 14:50:40.436072","2026-04-27 23:49:10.253648","aff97adc-2950-489c-a6ae-04c0c9521e86",,"f","f","t","t","t","f","t","t","f","t","f","t","t","f","f","f","f","f","f","t","[""dd895c3bba293ec2b20ec68362850d60.jpg""]","[""e4193d30fbf40f5e05f4ee8848b0452f.jpg""]","[""66c3b0145c946ca5cb38093e08f28dee.jpg"",""6d901e660f1cbba12a5f18dc2fdca831.jpg"",""1ec5eeff83eb39dddc88e86279502de7.jpg""]","2026-04-27 23:49:10.195628",,,"ALL BLACK×人気No.1 LED壁×クロス天井ライト","249","https://view.ricoh360.com/2c1a306d-1dff-438c-8a30-76f5553a0e73","0","2","0","f","f","34070","BUZZ渋谷TOWER","東京都渋谷区東2-27-9","ご予約ありがとうございました。


【厳守】
建物入り口屯禁止
行為を見つけた場合、警察へ通報されます。
ご注意ください。


※必読※
入室時スマートロックによる解除が始まりました。
▼BUZZ公式LINE
https://lin.ee/qHq8BQ7

【 解錠の流れ 】
①事前にBUZZ公式LINEを登録する。
②当日、LINEのリッチメニューに表示されます「開錠」ボタンよりご利用の店舗を選択後、「解除する」をタップして解錠ください。
（順次設置となるため、まだ解錠が必要ない店舗もございます。その場合は解錠せずにご入店ください。未設定の店舗はエラー表記となります。）

【注意】
置き引きにご注意ください。
スタジオを離れる際は貴重品を肌身離さずお持ちください。
お客様のご理解とご協力をお願いいたします。
※スタジオ内での盗難等については責任を負いかねます。

※スタジオご利用に関するお願い※
ゴミの持ち帰りと簡単な清掃を行ってください。
また、隣のスタジオに音が響きますのでオーディオをご利用の際には音量を上げすぎないようご注意ください。
皆様が気持ちよくご利用頂けるようご協力よろしくお願いいたします。


","2026-02-03 14:46:03.113102","2026-02-20 14:36:38.572695","16","5344a07b-6bed-4bf5-b000-a2ace3f087e6","1",,"","2026-02-20 14:36:38.555212","予約完了のお知らせ","【最大94㎡】大小様々な用途に合わせたスタジオ","f","06:00:00","06:00:00","f","06:00:00","06:00:00","f","06:00:00","06:00:00","f","06:00:00","06:00:00","f","06:00:00","06:00:00","f","06:00:00","06:00:00","f","06:00:00","06:00:00","f","t",,"https://dance-studio-lab.com/room/YWZmOTdhZGMtMjk1MC00ODljLWE2YWUtMDRjMGM5NTIxZTg2/detail"
"82","6-1st","34070","94","6","t","2","2","2","2","t","t","f","2026-02-03 14:51:03.047105","2026-04-27 23:49:44.526995","24dbf01d-a0bc-4b33-b2f9-341bae9f0b64",,"f","f","t","f","t","f","t","t","f","t","f","t","t","f","f","f","f","f","f","t","[""0f5c9f7a6666a79a28b75e9ddf7c0e1e.jpg""]","[""231e87b75b863bdef36c086fff665d14.jpg""]","[""2af0ca6eea992805c0aaa5aaf8719ff2.jpg"",""6f550610d83889ea4f1f4e215561e654.jpg"",""a6b0b0aa7af1f44c2e7c7ffdf58d786d.jpg""]","2026-04-27 23:49:44.478216",,,"2面ミラー×シンメトリーLED×広々94㎡。圧倒的スペックの「プロっぽ空間」✨","250","https://view.ricoh360.com/2894d8d6-a913-4816-b4c7-55dd4dfa04ad","0","2","0","f","f","34070","BUZZ渋谷TOWER","東京都渋谷区東2-27-9","ご予約ありがとうございました。


【厳守】
建物入り口屯禁止
行為を見つけた場合、警察へ通報されます。
ご注意ください。


※必読※
入室時スマートロックによる解除が始まりました。
▼BUZZ公式LINE
https://lin.ee/qHq8BQ7

【 解錠の流れ 】
①事前にBUZZ公式LINEを登録する。
②当日、LINEのリッチメニューに表示されます「開錠」ボタンよりご利用の店舗を選択後、「解除する」をタップして解錠ください。
（順次設置となるため、まだ解錠が必要ない店舗もございます。その場合は解錠せずにご入店ください。未設定の店舗はエラー表記となります。）

【注意】
置き引きにご注意ください。
スタジオを離れる際は貴重品を肌身離さずお持ちください。
お客様のご理解とご協力をお願いいたします。
※スタジオ内での盗難等については責任を負いかねます。

※スタジオご利用に関するお願い※
ゴミの持ち帰りと簡単な清掃を行ってください。
また、隣のスタジオに音が響きますのでオーディオをご利用の際には音量を上げすぎないようご注意ください。
皆様が気持ちよくご利用頂けるようご協力よろしくお願いいたします。


","2026-02-03 14:46:03.113102","2026-02-20 14:36:38.572695","16","5344a07b-6bed-4bf5-b000-a2ace3f087e6","1",,"","2026-02-20 14:36:38.555212","予約完了のお知らせ","【最大94㎡】大小様々な用途に合わせたスタジオ","f","06:00:00","06:00:00","f","06:00:00","06:00:00","f","06:00:00","06:00:00","f","06:00:00","06:00:00","f","06:00:00","06:00:00","f","06:00:00","06:00:00","f","06:00:00","06:00:00","f","t",,"https://dance-studio-lab.com/room/MjRkYmYwMWQtYTBiYy00YjMzLWIyZjktMzQxYmFlOWYwYjY0/detail"
"83","7-1st","34070","94","6","t","1","1","2","2","t","t","f","2026-02-03 14:51:23.115444","2026-04-27 23:50:13.362822","8ca0157d-a005-44c7-bbf3-e3e802f2f657",,"f","f","t","f","t","f","t","t","f","t","f","t","t","f","f","f","f","f","f","t","[""e7c76a2e3ef0dcb93a75b668df4e56d7.jpg""]","[""b61f569b453c1f193d4c7bbecb122839.jpg""]","[""cd9563dea58fc802fe04a116a341884a.jpg"",""31c66a2009b812141cfcc78f632bf405.jpg"",""4420d7adadda04311d18e4352fed27b8.jpg""]","2026-04-27 23:50:13.294109",,,"「ダンサーの夢が詰まった撮影特化型スタジオ🔥」2面ミラー＋天井高＋照明演出＋広さ94㎡","251","https://view.ricoh360.com/d28c5610-d50b-4212-877c-0496b8bad509","0","2","0","f","f","34070","BUZZ渋谷TOWER","東京都渋谷区東2-27-9","ご予約ありがとうございました。


【厳守】
建物入り口屯禁止
行為を見つけた場合、警察へ通報されます。
ご注意ください。


※必読※
入室時スマートロックによる解除が始まりました。
▼BUZZ公式LINE
https://lin.ee/qHq8BQ7

【 解錠の流れ 】
①事前にBUZZ公式LINEを登録する。
②当日、LINEのリッチメニューに表示されます「開錠」ボタンよりご利用の店舗を選択後、「解除する」をタップして解錠ください。
（順次設置となるため、まだ解錠が必要ない店舗もございます。その場合は解錠せずにご入店ください。未設定の店舗はエラー表記となります。）

【注意】
置き引きにご注意ください。
スタジオを離れる際は貴重品を肌身離さずお持ちください。
お客様のご理解とご協力をお願いいたします。
※スタジオ内での盗難等については責任を負いかねます。

※スタジオご利用に関するお願い※
ゴミの持ち帰りと簡単な清掃を行ってください。
また、隣のスタジオに音が響きますのでオーディオをご利用の際には音量を上げすぎないようご注意ください。
皆様が気持ちよくご利用頂けるようご協力よろしくお願いいたします。


","2026-02-03 14:46:03.113102","2026-02-20 14:36:38.572695","16","5344a07b-6bed-4bf5-b000-a2ace3f087e6","1",,"","2026-02-20 14:36:38.555212","予約完了のお知らせ","【最大94㎡】大小様々な用途に合わせたスタジオ","f","06:00:00","06:00:00","f","06:00:00","06:00:00","f","06:00:00","06:00:00","f","06:00:00","06:00:00","f","06:00:00","06:00:00","f","06:00:00","06:00:00","f","06:00:00","06:00:00","f","t",,"https://dance-studio-lab.com/room/OGNhMDE1N2QtYTAwNS00NGM3LWJiZjMtZTNlODAyZjJmNjU3/detail"
"84","Dubway中野　ARoom","34071","42","4","t","0","0","1","1","f","t","f","2026-02-09 01:54:09.305284","2026-02-10 01:28:55.848687","31fae9f8-6c44-4063-9c8e-21ed252ea019",,"f","f","t","f","t","t","t","t","t","t","f","f","t","f","f","f","f","f","f","f","[""565748e5dfd419c25e7adf013d234039(2).jpeg""]","[""1e27efe8a76a83c5d201e07608fb470f(2).jpeg""]","[""d09a72d3068dfa956456ae38bafbac7d(2).jpeg"",""67b57f452e20e942355d7ef8e256685e(2).jpeg"",""a87d9674e2f8e53ffb52fab6a335e9da(2).jpeg"",""565748e5dfd419c25e7adf013d234039(2).jpeg"",""b8b2b3e6153f0932bdf51b503e414086(2).jpeg"",""1d534f46935e28b41005a18df984135a(2).jpeg"",""4fc853ff9db0fc19864876d837d36adf(2).jpeg"",""4c5e07db7e5eefed4a29e97e1a0009cd(2).jpeg""]","2026-02-10 01:28:55.669913","【要確認】ご予約が確定いたしました","※このメールはシステムが自動送信しています。このメールには直接返信できません。ご了承ください。
この度はDubway 中野ARoom をご利用いただきありがとうございます。

ご予約が確定したことをお知らせいたします。

【アクセス】
・中野駅北口から出て、右側の線路に沿って真っ直ぐ進みます。
・２〜３分ほど歩くと、左側に城西ビルと書いてある建物があります。
・NICO NAIL SCHOOLさんのピンクの看板のすぐ下の扉からお入りください。
・階段を降りて左側にDUBWAY DANCE STUDIOの案内板があるので、矢印の方向にそってお進みください。
・階段横のドアに黒いキーボックスがあります。暗証番号が5168です。
・スタジオの入口のドアにB02と書いてある貼り紙があります。
・解錠してお入りください。

【注意事項】
・土足厳禁！必ず室内用の靴をご持参ください。
・黒底ブーツ厳禁（床に黒い跡が残るため）
・スタジオ内飲食禁止（お水、お茶OK）
・Aスタジオのファブリックライトボックスには絶対に触らないでください。万が一破損した場合、20万円ほどの修理費用を請求させていただきます。）
・ご予約のスタジオをご使用ください。　
・ルールを守れない方には即退室していただくことがあります。","中野駅から徒歩３分！おしゃれなスタジオ⭐️SNS映え・ダンス・撮影・ライブ配信・高さ２mの鏡","226","https://view.ricoh360.com/5680fe02-5b4b-4a4e-b5d9-2e953ac60dae","0","1","0","f","f","34071","Dubway レンタルスタジオ中野","東京都中野区5-32-6 城西ビルB02","※このメールはシステムが自動送信しています。このメールには直接返信できません。ご了承ください。
この度はDubway 中野スタジオをご利用いただきありがとうございます。

ご予約が確定したことをお知らせいたします。

【アクセス】
・中野駅北口から出て、右側の線路に沿って真っ直ぐ進みます。
・２〜３分ほど歩くと、左側に城西ビルと書いてある建物があります。
・NICO NAIL SCHOOLさんのピンクの看板のすぐ下の扉からお入りください。
・階段を降りて左側にDUBWAY DANCE STUDIOの案内板があるので、矢印の方向にそってお進みください。
・階段横のドアに黒いキーボックスがあります。暗証番号が5168です。
・スタジオの入口のドアにB02と書いてある貼り紙があります。
・解錠してお入りください。

【注意事項】
・土足厳禁！必ず室内用の靴をご持参ください。
・黒底ブーツ厳禁（床に黒い跡が残るため）
・スタジオ内飲食禁止（お水、お茶OK）
・Aスタジオのファブリックライトボックスには絶対に触らないでください。万が一破損した場合、20万円ほどの修理費用を請求させていただきます。）
・ご予約のスタジオをご使用ください。　
・ルールを守れない方には即退室していただくことがあります。


","2026-02-09 01:03:25.553767","2026-02-11 08:38:18.648592","2696","2e0f9d1a-9293-4bdc-ab41-4dd31687c1ba","0",,"","2026-02-11 08:38:18.63992","【要確認】ご予約が確定いたしました","中野駅から徒歩３分！おしゃれなスタジオ⭐️SNS映え・ダンス・撮影・ライブ配信・高さ２mの鏡","f","07:00:00","22:00:00","f","07:00:00","22:00:00","f","07:00:00","22:00:00","f","07:00:00","22:00:00","f","07:00:00","22:00:00","f","07:00:00","22:00:00","f","07:00:00","22:00:00","f","t",,"https://dance-studio-lab.com/room/MzFmYWU5ZjgtNmM0NC00MDYzLTljOGUtMjFlZDI1MmVhMDE5/detail"
"85","Dubway　中野B　Room","34071","22","2.5","t","0","1","1","1","f","t","f","2026-02-09 02:21:34.303389","2026-04-07 16:03:23.837176","16363ec8-ca95-45ad-b789-b7c8e0accb24",,"f","f","t","f","t","t","t","t","t","t","f","f","t","f","f","f","f","f","f","f","[""ab85fe53040b7369fdf52f802a7b6917(2).jpeg""]","[""23c2f0adbada1d2623e008e04c9bbb17(2).png""]","[""17ae7fe1e5fa7b0af16ca027a8a1fecd(2).jpeg"",""ab85fe53040b7369fdf52f802a7b6917(2).jpeg"",""8745ec6d04ad54835d1ec8a9d6ee5a89(2).jpeg"",""9c019598b1c988395b5b7a9cf8b43f29(2).jpeg"",""4eacbd82da0f30e2ba515aaf89a45f2b(2).jpeg"",""55bf64e33a648f39bef99f94d1be9509(2).jpeg"",""e194d1d67286babe39208cd80eed28f6(2).jpeg"",""ae34ced614b468bcea81c7002ec60cbe(2).jpeg""]","2026-04-07 16:03:23.685693","【要確認】ご予約が確定いたしました","※このメールはシステムが自動送信しています。このメールには直接返信できません。ご了承ください。
この度はDubway 中野B Roomをご利用いただきありがとうございます。

ご予約が確定したことをお知らせいたします。

【アクセス】
・中野駅北口から出て、右側の線路に沿って真っ直ぐ進みます。
・２〜３分ほど歩くと、左側に城西ビルと書いてある建物があります。
・NICO NAIL SCHOOLさんのピンクの看板のすぐ下の扉からお入りください。
・階段を降りて左側にDUBWAY DANCE STUDIOの案内板があるので、矢印の方向にそってお進みください。
・階段横のドアに黒いキーボックスがあります。暗証番号が5168です。
・スタジオの入口のドアにB02と書いてある貼り紙があります。
・解錠してお入りください。

【注意事項】
・土足厳禁！必ず室内用の靴をご持参ください。
・黒底ブーツ厳禁（床に黒い跡が残るため）
・スタジオ内飲食禁止（お水、お茶OK）
・Aスタジオのファブリックライトボックスには絶対に触らないでください。万が一破損した場合、20万円ほどの修理費用を請求させていただきます。）
・ご予約のスタジオをご使用ください。　
・ルールを守れない方には即退室していただくことがあります。
","中野駅から徒歩３分！おしゃれなスタジオ⭐️SNS映え・ダンス・撮影・ライブ配信・高さ２mの鏡・個人練","227","https://view.ricoh360.com/ce46d98e-f7d6-4135-b240-6046f2931748","0","1","0","f","f","34071","Dubway レンタルスタジオ中野","東京都中野区5-32-6 城西ビルB02","※このメールはシステムが自動送信しています。このメールには直接返信できません。ご了承ください。
この度はDubway 中野スタジオをご利用いただきありがとうございます。

ご予約が確定したことをお知らせいたします。

【アクセス】
・中野駅北口から出て、右側の線路に沿って真っ直ぐ進みます。
・２〜３分ほど歩くと、左側に城西ビルと書いてある建物があります。
・NICO NAIL SCHOOLさんのピンクの看板のすぐ下の扉からお入りください。
・階段を降りて左側にDUBWAY DANCE STUDIOの案内板があるので、矢印の方向にそってお進みください。
・階段横のドアに黒いキーボックスがあります。暗証番号が5168です。
・スタジオの入口のドアにB02と書いてある貼り紙があります。
・解錠してお入りください。

【注意事項】
・土足厳禁！必ず室内用の靴をご持参ください。
・黒底ブーツ厳禁（床に黒い跡が残るため）
・スタジオ内飲食禁止（お水、お茶OK）
・Aスタジオのファブリックライトボックスには絶対に触らないでください。万が一破損した場合、20万円ほどの修理費用を請求させていただきます。）
・ご予約のスタジオをご使用ください。　
・ルールを守れない方には即退室していただくことがあります。


","2026-02-09 01:03:25.553767","2026-02-11 08:38:18.648592","2696","2e0f9d1a-9293-4bdc-ab41-4dd31687c1ba","0",,"","2026-02-11 08:38:18.63992","【要確認】ご予約が確定いたしました","中野駅から徒歩３分！おしゃれなスタジオ⭐️SNS映え・ダンス・撮影・ライブ配信・高さ２mの鏡","f","07:00:00","22:00:00","f","07:00:00","22:00:00","f","07:00:00","22:00:00","f","07:00:00","22:00:00","f","07:00:00","22:00:00","f","07:00:00","22:00:00","f","07:00:00","22:00:00","f","t",,"https://dance-studio-lab.com/room/MTYzNjNlYzgtY2E5NS00NWFkLWI3ODktYjdjOGUwYWNjYjI0/detail"
"86","Dubway 小岩A Room","34072","40","3","t","2","2","1","1","t","t","f","2026-02-09 16:06:33.272884","2026-04-27 23:43:59.442246","9d53b59b-62d7-45ec-8d5b-5f83a18eabc8",,"t","f","t","t","t","f","t","t","f","t","f","f","f","f","f","t","t","f","f","t","[""116bb5be36c7c6efa99ebd1912c7c7dd(2).jpeg""]","[""87db7e428abf54a10351c711e9e10bcf(2).png""]","[""11d33baba2434e5f76807f1013c20385(2).jpeg"",""dba913b9a41bd6166fe3517afe48b726(2).jpeg"",""0d0c16349b46d57eb7bad6544b9a0d4b(2).jpeg"",""9a22dd2a1fd38c57ff8b2b13f7f72b0f(2).jpeg"",""116bb5be36c7c6efa99ebd1912c7c7dd(2).jpeg"",""ed66ec81b696a729188c078b9924ae20(2).jpeg"",""18fb4cb2edd79a5ba72a1419858ea595(2).jpeg"",""60a3adcdef6278c66423e0b45b1eb983(2).jpeg"",""c82e096055e47f7ccc96a24b584bb9de(2).jpeg"",""82b836d493ff9bf7808e2e9f5fc92189(2).jpeg""]","2026-04-27 23:43:59.251071","【要確認】ご予約が確定いたしました","※このメールはシステムが自動送信しています。このメールには直接返信できません。ご了承ください。
この度はDubway Dance 小岩 A Roomをご利用いただきありがとうございます。

ご予約が確定したことをお知らせいたします。

【アクセス】
東京都江戸川区小岩1−3−４　102

①小岩駅ホーム階段の横にあるShapo改札口から出てまっすぐ進みます。
②階段を降り、外を出て、道路を渡ってまっすぐ進みます。
③信号を渡ります。
④「たこ田信玄」を左に曲がって、突き当りを右に曲がります。
⑤住民用のエントランスを挟んで、もう少し前に進んでいただくと、Dubway Dance Studio小岩です。
店舗の入り口は道路に面しています。
キーボックスはポストではなく、入り口の扉にかけてあります。

【入室方法】
入口のドアにキーボックスがあります。キーボックスの暗証番号は【1725】です。鍵をキーボックスから取り出し、ご入室ください。
⚠️ 鍵は絶対にスタジオ内へ持ち込まないでください！
鍵を持ち込んでしまうと、次に利用されるお客様が入室できなくなります。
ご利用中も、キーボックスと鍵は必ずドアノブにかけたままにしていただくようお願いいたします。
⚠️近隣のご迷惑になるので、ご利用中には窓を開けないでください。

【退室方法】
ご退室前に、使用した設備を元に戻してください。電気、エアコンの消し忘れにご注意ください。鍵を閉めた後、鍵をキーボックスにお戻しいただき、キーボックスが開かないことをご確認ください。

【注意事項】
⚠️ 鍵は絶対にスタジオ内へ持ち込まないでください！
鍵を持ち込んでしまうと、次に利用されるお客様が入室できなくなります。
ご利用中も、キーボックスと鍵は必ずドアノブにかけたままにしていただくようお願いいたします。

・使用後は清掃をお願いしています。
・室内は完全禁煙でございます。
・室内にてレイアウトを変更された場合には、退室されるまでに必ず元にお戻し下さい。
・お客様がお持込み頂いたものは全てご自身でお持ち帰り下さい。
・ゴミは必ずお客様が責任を持ってお持ち帰り下さい。スペース内に捨て置くことは認められません。
・万が一、スペース内にゴミを置いて行かれた場合は廃棄に掛かる全ての料金をお支払い頂きます。
","小岩駅シャポーから徒歩4分☆SNS映え☆ダンス・ヨガ・撮影に最適なスタジオ☆高さ2ｍの鏡","231","https://view.ricoh360.com/befb8bf0-10f1-49b1-bdb2-2c854d235187","0","1","0","f","f","34072","Dubway レンタルスタジオ小岩","東京都江戸川区北小岩1-3-4 102","","2026-02-09 08:23:50.423451","2026-02-11 08:37:40.17674","2696","500e927c-0090-4e6d-b053-f70104bdd140","1",,"","2026-02-11 08:37:40.16713","","小岩駅シャポーから徒歩4分☆SNS映え☆ダンス・ヨガ・撮影に最適なスタジオ☆高さ2ｍの鏡","f","00:00:00","23:59:00","f","00:00:00","23:59:00","f","00:00:00","23:59:00","f","00:00:00","23:59:00","f","00:00:00","23:59:00","f","00:00:00","23:59:00","f","00:00:00","23:59:00","f","t",,"https://dance-studio-lab.com/room/OWQ1M2I1OWItNjJkNy00NWVjLThkNWItNWY4M2ExOGVhYmM4/detail"
"88","Dubway小岩 B Room","34072","12","2","t","2","2","1","1","t","f","f","2026-02-11 08:32:05.636923","2026-04-27 23:43:01.437302","fe6c2836-df6d-4bfd-b91b-d8497d97f8b9",,"f","f","t","t","f","f","t","t","f","t","f","f","f","f","f","t","f","f","f","t","[""2b3a6a38e99d7f5d48af72a01103e28b.jpeg""]","[""abe03133a0c3f55a052ee43227870ad2.png""]","[""2b3a6a38e99d7f5d48af72a01103e28b.jpeg"",""5de077dc4a2eaa6dda8601c681a0f055.jpeg"",""dec7c8d8377985231420a286f4c397ae.jpeg"",""b33c9148ee6e0fc2eab90f47bf4dbe55.jpeg"",""9a22dd2a1fd38c57ff8b2b13f7f72b0f.jpeg"",""a5c8edb6491b2dd12e7e21b9a9c5b8d8.jpeg"",""82b836d493ff9bf7808e2e9f5fc92189.jpeg""]","2026-04-27 23:43:01.342825","【要確認】ご予約が確定いたしました","※このメールはシステムが自動送信しています。このメールには直接返信できません。ご了承ください。
この度はDubway Dance 小岩 B Roomをご利用いただきありがとうございます。

ご予約が確定したことをお知らせいたします。

【アクセス】
東京都江戸川区小岩1−3−４　102

①小岩駅ホーム階段の横にあるShapo改札口から出てまっすぐ進みます。
②階段を降り、外を出て、道路を渡ってまっすぐ進みます。
③信号を渡ります。
④「たこ田信玄」を左に曲がって、突き当りを右に曲がります。
⑤住民用のエントランスを挟んで、もう少し前に進んでいただくと、Dubway Dance Studio小岩です。
店舗の入り口は道路に面しています。
キーボックスはポストではなく、入り口の扉にかけてあります。

【入室方法】
入口のドアにキーボックスがあります。キーボックスの暗証番号は【1725】です。鍵をキーボックスから取り出し、ご入室ください。
⚠️ 鍵は絶対にスタジオ内へ持ち込まないでください！
鍵を持ち込んでしまうと、次に利用されるお客様が入室できなくなります。
ご利用中も、キーボックスと鍵は必ずドアノブにかけたままにしていただくようお願いいたします。
⚠️近隣のご迷惑になるので、ご利用中には窓を開けないでください。

【退室方法】
ご退室前に、使用した設備を元に戻してください。電気、エアコンの消し忘れにご注意ください。鍵を閉めた後、鍵をキーボックスにお戻しいただき、キーボックスが開かないことをご確認ください。

【注意事項】
⚠️ 鍵は絶対にスタジオ内へ持ち込まないでください！
鍵を持ち込んでしまうと、次に利用されるお客様が入室できなくなります。
ご利用中も、キーボックスと鍵は必ずドアノブにかけたままにしていただくようお願いいたします。

・使用後は清掃をお願いしています。
・室内は完全禁煙でございます。
・室内にてレイアウトを変更された場合には、退室されるまでに必ず元にお戻し下さい。
・お客様がお持込み頂いたものは全てご自身でお持ち帰り下さい。
・ゴミは必ずお客様が責任を持ってお持ち帰り下さい。スペース内に捨て置くことは認められません。
・万が一、スペース内にゴミを置いて行かれた場合は廃棄に掛かる全ての料金をお支払い頂きます。

","小岩シャポーから徒歩4分☆SNS映え☆ダンス・ヨガ・撮影に最適なスタジオ☆高さ2ｍの鏡☆個人練少人数","232","https://view.ricoh360.com/b7e80c9d-8bee-4683-96c7-6caeddacd9ea","0","1","0","f","f","34072","Dubway レンタルスタジオ小岩","東京都江戸川区北小岩1-3-4 102","","2026-02-09 08:23:50.423451","2026-02-11 08:37:40.17674","2696","500e927c-0090-4e6d-b053-f70104bdd140","1",,"","2026-02-11 08:37:40.16713","","小岩駅シャポーから徒歩4分☆SNS映え☆ダンス・ヨガ・撮影に最適なスタジオ☆高さ2ｍの鏡","f","00:00:00","23:59:00","f","00:00:00","23:59:00","f","00:00:00","23:59:00","f","00:00:00","23:59:00","f","00:00:00","23:59:00","f","00:00:00","23:59:00","f","00:00:00","23:59:00","f","t",,"https://dance-studio-lab.com/room/ZmU2YzI4MzYtZGY2ZC00YmZkLWI5MWItZDg0OTdkOTdmOGI5/detail"
"87","SPICYCANDY　DANCESYUDIO","34073",,,"f","2","2","1","1","f","f","f","2026-02-09 17:22:57.763392","2026-02-09 17:22:57.763392","4ac13da8-6d83-4e81-b7ff-2388ec438b97","0","f","f","f","t","f","f","t","t","f","t","f","t","t","f","f","f","f","f","f","f",,,,"2026-02-09 17:22:57.748795","ご予約確認メール","この度はSPICYCANDY DANCESUDIOご予約まことにありがとうございます

ただいま入口のカギが壊れており、引き戸をそのままあけてお使いください
入口わきにありますポスト内にあるカギで2階のリラクゼーションスペースのドアをあけることができます
お手洗いはそちらをご利用ください（リラクスペース内はスリッパへの履き替えをお願いいたします）

何かある場合は
080-9245-3109カイホツ
までお問い合わせください","",,"","0","6","0","f","f","34073","SPICYCANDY DANCESTUDIO","東京都台東区浅草橋4-2-8伊藤ビル1階","","2026-02-09 16:57:55.471475","2026-02-09 16:57:55.471475","2702","a7c7a8a8-1100-4857-a756-1a108148a66f","0",,"08092453109","2026-02-09 16:57:55.449776","","安くてエキチカ！空いててよかったSPICYCANDY♪","f","00:00:00","23:59:00","f","00:00:00","19:30:00","f","00:00:00","23:59:00","f","00:00:00","23:59:00","f","00:00:00","23:59:00","f","00:00:00","23:59:00","f","00:00:00","23:59:00","f","t",,"https://dance-studio-lab.com/room/NGFjMTNkYTgtNmQ4My00ZTgxLWI3ZmYtMjM4OGVjNDM4Yjk3/detail"
"89","Dubway大久保","34074","25","2.5","f","2","2","0",,"f","f","f","2026-02-11 08:57:11.701984","2026-04-09 08:03:30.977399","a2329e91-79a3-4b0b-8007-0ca03d98041a",,"f","f","f","f","f","f","f","f","f","f","f","f","f","f","f","f","f","f","f","f","[""eb8dedad3fff1fe33996ba39d1f97c1c(2).jpeg""]",,"[""9f279beada795495b0e0385d5abf98dc(2).jpeg"",""eb8dedad3fff1fe33996ba39d1f97c1c(2).jpeg"",""6f1355e6a0fe2f4e66fa1aa703adf825(2).jpeg"",""b6cd9da94dcf0648fe354edd2cc08e69(2).jpeg"",""fa1393b02d49ef5fdcb33d0734c9cbd8(2).jpeg"",""b19561c1d5f7abe374c07cadb9fd7aef(2).png""]","2026-02-14 15:44:16.406846","【要確認】ご予約が確定いたしました","※このメールはシステムが自動送信しています。このメールには直接返信できません。ご了承ください。
この度はDubway Dance Lab 大塚 A Roomをご利用いただきありがとうございます。

ご予約が確定したことをお知らせいたします。

【アクセス】
東京都新宿区百人町3-15-8

建物や入り口の場所など、施設紹介の最後の写真をご確認ください。
建物の左側の扉からお入りください。鍵は不要です。そのまま階段を降りて、ご入室してください。
綺麗な室内シューズが必須です！黒底の靴はNGなので、ご注意ください。
追記：照明などのご利用方法はこちらからご確認ください。
https://drive.google.com/drive/folders/1DuCduZVMw2FofgiRkEozCgdEHTriiiLA?usp=sharing


ご退室前に、使用した設備を元にお戻し下さい。電気、エアコンの消し忘れにご注意下さい。
ゴミは必ずお持ち帰りください。","防音☆インスタ映え☆おしゃれなダンススダジオ","228","","0","2","0","f","f","34074","Dubwayレンタルスタジオ大久保","東京都新宿区百人町3-15-8","","2026-02-11 08:47:20.03306","2026-02-11 08:47:20.03306","2696","4fb360e2-542f-448d-99cd-8821e5d06926","1",,"","2026-02-11 08:47:20.009302","","防音☆インスタ映え☆おしゃれなダンススダジオ","f","00:00:00","23:59:00","f","00:00:00","23:59:00","f","00:00:00","23:59:00","f","00:00:00","23:59:00","f","00:00:00","23:59:00","f","00:00:00","23:59:00","f","00:00:00","23:59:00","f","t",,"https://dance-studio-lab.com/room/YTIzMjllOTEtNzlhMy00YjBiLTgwMDctMGNhMDNkOTgwNDFh/detail"
"90","なかすた　B1階","34075","140",,"t","0","0","2","0","f","f","t","2026-02-24 23:37:07.271863","2026-04-28 06:56:48.461015","8184276a-866a-4e86-8237-7336f0b3f481","0","f","t","t","t","f","f","t","t","t","t","f","f","t","t","f","f","f","f","f","f","[""4d5f190b005141cbfb7b598ecede1ab5(2).jpg""]","[""54ac56c974066d536f0de686f53cc089.png""]","[""9ee4f5fb756c84c107acb3b9ab97693f.jpg""]","2026-04-25 03:26:56.258074",,,"撮影用のシロホリとクロホリのセットです
更衣室は用意していません（クロホリで着替えとメイクを行ってください）
天井からのトップライト(300W/LED)と背景用のカラーライト(300w/LED)ｘ2が料金に含まれています
人物用のライトはご持参ください
参考動画
https://youtu.be/nP9aLSMj-tA?si=HNjeRa-KgcvIqTkH","347","","1440","1","0","f","f","34075","なかすた","東京都中野区弥生町5-22-2　ビラフジミB1階","仮予約いたしました
現在この予約は「仮」の状態になっています。
管理者による予約承認をお待ちください。

このメールへのお問い合わせ（予約内容の変更）は
なかすた管理 <nakanostudio@beach.ocn.ne.jp>へお願いいたします
","2026-02-24 23:04:19.672058","2026-04-25 03:26:22.175626","2703","d1addde9-3fca-4f42-8e32-0cb6269839bc","0",,"080-1026-3269","2026-04-25 03:26:22.156142","【なかすた】仮予約いたしました","撮影専用スタジオです。大きなシロホリとクロホリの両方が使えます","f","08:00:00","22:00:00","f","08:00:00","22:00:00","f","08:00:00","22:00:00","f","08:00:00","22:00:00","f","08:00:00","22:00:00","f","08:00:00","22:00:00","f","08:00:00","22:00:00","f","t",,"https://dance-studio-lab.com/room/ODE4NDI3NmEtODY2YS00ZTg2LTgyMzctNzMzNmYwYjNmNDgx/detail"
"100","TH2B　","34077","50",,"f","2","0","2","1","f","f","f","2026-04-04 18:31:13.164285","2026-04-22 13:10:41.070659","037e8119-72c5-4d95-a7b9-b6278499de27","1","f","f","t","t","f","f","t","t","f","f","f","f","f","f","f","f","t","f","f","f","[""bee379d5ddd762b6a21408376f33e5e4(2).jpg""]","[""75b9d021480f246dbcc987ece51e8925.png""]","[""7d1980f9f6917355a981f3a697a17ee3(2).jpg""]","2026-04-22 13:10:41.039219",,,"キャスター付き鏡7枚まで用意可能です。天井高く開放的。どのジャンルにも踊りやすい床。","323","","0","3","0","f","f","34077","THビル","東京都渋谷区代々木2-4-1","ご予約ありがとうございます。下記一読把握お願いします。

１．開始時間近くに現地到着されましたらお電話連絡下さい。
２．予約申告時の使用目的と異なる利用をした場合は利用禁止する場合ございます。
３．ケガ事故はすべて自己責任、設備等の破損は全額弁償となります。  
４．管理者の指示には必ず従って下さい。
５．ビル共用施設（トイレ、廊下等）では騒いだり汚したりしないで下さい。（全館禁煙）
６．室内は土足禁止（内履き、素足、スリッパ可）
７. 以上のことで違反した場合は即時利用禁止となります。
８．終了時管理者が立ち合いない時は電話かメッセージで終了の連絡をして下さい。（出ない時は留守電の伝言）","2026-04-01 13:10:01.305613","2026-04-14 18:55:11.607452","2706","3f48062b-7264-4a24-a456-b67c9187bd5a","0",,"09025587140","2026-04-14 18:55:11.591944","ご利用の流れ","新宿駅南口より徒歩4分、アクセス抜群、大人数でも可能、天井高く開放的！幅広いジャンルに対応！","f","00:00:00","23:59:00","f","00:00:00","23:59:00","f","00:00:00","23:59:00","f","00:00:00","23:59:00","f","00:00:00","23:59:00","f","00:00:00","23:59:00","f","00:00:00","23:59:00","f","t",,"https://dance-studio-lab.com/room/MDM3ZTgxMTktNzJjNS00ZDk1LWE3YjktYjYyNzg0OTlkZTI3/detail"
"104","TH2D　","34077","13",,"f","2","0","2","2","f","f","f","2026-04-07 13:46:47.577317","2026-04-22 13:10:30.979469","eacba92d-c9f3-4f40-b27c-49760f16ccc8","0","f","f","t","t","f","f","t","t","f","f","f","f","f","f","t","f","f","f","f","f","[""efbbaff1f3d101bc5628a964452694a8(2).jpg""]","[""18f2cde8f40ce9ad39a4a764447998f6(2).png""]","[""f8a48cc7dd19f17f5ad8816bf411b960(2).jpg"",""0b2c32b20e71d8056488bd72354e763c(2).jpg"",""f40c98310aba465e8a2607934d76bf0e(2).jpg""]","2026-04-22 13:10:30.924612",,,"2方面鏡常設で細かい振り付けまで練習出来ます。集中できる環境。","326","","0","3","0","f","f","34077","THビル","東京都渋谷区代々木2-4-1","ご予約ありがとうございます。下記一読把握お願いします。

１．開始時間近くに現地到着されましたらお電話連絡下さい。
２．予約申告時の使用目的と異なる利用をした場合は利用禁止する場合ございます。
３．ケガ事故はすべて自己責任、設備等の破損は全額弁償となります。  
４．管理者の指示には必ず従って下さい。
５．ビル共用施設（トイレ、廊下等）では騒いだり汚したりしないで下さい。（全館禁煙）
６．室内は土足禁止（内履き、素足、スリッパ可）
７. 以上のことで違反した場合は即時利用禁止となります。
８．終了時管理者が立ち合いない時は電話かメッセージで終了の連絡をして下さい。（出ない時は留守電の伝言）","2026-04-01 13:10:01.305613","2026-04-14 18:55:11.607452","2706","3f48062b-7264-4a24-a456-b67c9187bd5a","0",,"09025587140","2026-04-14 18:55:11.591944","ご利用の流れ","新宿駅南口より徒歩4分、アクセス抜群、大人数でも可能、天井高く開放的！幅広いジャンルに対応！","f","00:00:00","23:59:00","f","00:00:00","23:59:00","f","00:00:00","23:59:00","f","00:00:00","23:59:00","f","00:00:00","23:59:00","f","00:00:00","23:59:00","f","00:00:00","23:59:00","f","t",,"https://dance-studio-lab.com/room/ZWFjYmE5MmQtYzlmMy00ZjQwLWIyN2MtNDk3NjBmMTZjY2M4/detail"
"105","TH2C","34077","7.5",,"f","0","0","2","1","f","f","f","2026-04-07 15:00:04.228195","2026-04-22 13:11:23.178631","df1b6248-0138-426a-82d7-86e05ba44482",,"f","f","t","t","f","f","t","t","f","f","f","f","f","f","f","f","f","f","f","f","[""076caee13c76344c70760c07a785480a.jpg""]","[""931b929b82d10afaf8cf4640cace0fd5.png""]","[""f1defecfa0273c7576a249c072800eb8.jpg"",""327e942437bf6dd61582a922df2b3284.jpg"",""72a3d6d4de02c6f3e2064ee8ba296feb.jpg""]","2026-04-22 13:11:23.114046",,,"キャスター付き鏡3枚常設、少人数に最適、","332","","0","3","0","f","f","34077","THビル","東京都渋谷区代々木2-4-1","ご予約ありがとうございます。下記一読把握お願いします。

１．開始時間近くに現地到着されましたらお電話連絡下さい。
２．予約申告時の使用目的と異なる利用をした場合は利用禁止する場合ございます。
３．ケガ事故はすべて自己責任、設備等の破損は全額弁償となります。  
４．管理者の指示には必ず従って下さい。
５．ビル共用施設（トイレ、廊下等）では騒いだり汚したりしないで下さい。（全館禁煙）
６．室内は土足禁止（内履き、素足、スリッパ可）
７. 以上のことで違反した場合は即時利用禁止となります。
８．終了時管理者が立ち合いない時は電話かメッセージで終了の連絡をして下さい。（出ない時は留守電の伝言）","2026-04-01 13:10:01.305613","2026-04-14 18:55:11.607452","2706","3f48062b-7264-4a24-a456-b67c9187bd5a","0",,"09025587140","2026-04-14 18:55:11.591944","ご利用の流れ","新宿駅南口より徒歩4分、アクセス抜群、大人数でも可能、天井高く開放的！幅広いジャンルに対応！","f","00:00:00","23:59:00","f","00:00:00","23:59:00","f","00:00:00","23:59:00","f","00:00:00","23:59:00","f","00:00:00","23:59:00","f","00:00:00","23:59:00","f","00:00:00","23:59:00","f","t",,"https://dance-studio-lab.com/room/ZGYxYjYyNDgtMDEzOC00MjZhLTgyZDctODZlMDViYTQ0NDgy/detail"
"106","TH2F","34077","5.5",,"f","2","0","2","1","f","f","f","2026-04-07 15:12:06.36257","2026-04-22 13:11:44.967948","376158bd-32ff-483d-92c3-1f8f31f3509b",,"f","f","t","t","f","f","t","t","f","f","f","f","f","f","f","f","f","f","f","f","[""897a26b17d8fceac6a803e9fca9491ed(2).jpg""]","[""bbe33f5062dfa75339c18438383e6b74(2).png""]","[""98ef57b0b667cafebce66b7be87c7a2d(2).jpg""]","2026-04-22 13:11:44.942006",,,"少人数に最適、外履きのまま利用可能、","325","","0","3","0","f","f","34077","THビル","東京都渋谷区代々木2-4-1","ご予約ありがとうございます。下記一読把握お願いします。

１．開始時間近くに現地到着されましたらお電話連絡下さい。
２．予約申告時の使用目的と異なる利用をした場合は利用禁止する場合ございます。
３．ケガ事故はすべて自己責任、設備等の破損は全額弁償となります。  
４．管理者の指示には必ず従って下さい。
５．ビル共用施設（トイレ、廊下等）では騒いだり汚したりしないで下さい。（全館禁煙）
６．室内は土足禁止（内履き、素足、スリッパ可）
７. 以上のことで違反した場合は即時利用禁止となります。
８．終了時管理者が立ち合いない時は電話かメッセージで終了の連絡をして下さい。（出ない時は留守電の伝言）","2026-04-01 13:10:01.305613","2026-04-14 18:55:11.607452","2706","3f48062b-7264-4a24-a456-b67c9187bd5a","0",,"09025587140","2026-04-14 18:55:11.591944","ご利用の流れ","新宿駅南口より徒歩4分、アクセス抜群、大人数でも可能、天井高く開放的！幅広いジャンルに対応！","f","00:00:00","23:59:00","f","00:00:00","23:59:00","f","00:00:00","23:59:00","f","00:00:00","23:59:00","f","00:00:00","23:59:00","f","00:00:00","23:59:00","f","00:00:00","23:59:00","f","t",,"https://dance-studio-lab.com/room/Mzc2MTU4YmQtMzJmZi00ODNkLTkyYzMtMWY4ZjMxZjM1MDli/detail"
"107","TH2E","34077","36",,"f","0","0","2","1","f","f","f","2026-04-08 14:07:20.247349","2026-04-22 13:12:02.680981","119797d0-91c0-4cb8-b178-b7bcf4b1255b",,"f","f","t","t","f","f","t","t","f","f","f","f","f","f","f","f","f","f","f","f","[""d6b7e6ada5b54476c58f76bf88f38949(2).jpg""]","[""dfa396289472a998e014781c96543f43(2).png""]","[""df3eb5b833bbf9548ea62e4b61fece75(2).jpg"",""341c121f9c628ca6ffde930f0bdbfb13(2).jpg""]","2026-04-22 13:12:02.641049",,,"10人前後での練習に最適、都内リーズナブルな価格","320","","0","3","0","f","f","34077","THビル","東京都渋谷区代々木2-4-1","ご予約ありがとうございます。下記一読把握お願いします。

１．開始時間近くに現地到着されましたらお電話連絡下さい。
２．予約申告時の使用目的と異なる利用をした場合は利用禁止する場合ございます。
３．ケガ事故はすべて自己責任、設備等の破損は全額弁償となります。  
４．管理者の指示には必ず従って下さい。
５．ビル共用施設（トイレ、廊下等）では騒いだり汚したりしないで下さい。（全館禁煙）
６．室内は土足禁止（内履き、素足、スリッパ可）
７. 以上のことで違反した場合は即時利用禁止となります。
８．終了時管理者が立ち合いない時は電話かメッセージで終了の連絡をして下さい。（出ない時は留守電の伝言）","2026-04-01 13:10:01.305613","2026-04-14 18:55:11.607452","2706","3f48062b-7264-4a24-a456-b67c9187bd5a","0",,"09025587140","2026-04-14 18:55:11.591944","ご利用の流れ","新宿駅南口より徒歩4分、アクセス抜群、大人数でも可能、天井高く開放的！幅広いジャンルに対応！","f","00:00:00","23:59:00","f","00:00:00","23:59:00","f","00:00:00","23:59:00","f","00:00:00","23:59:00","f","00:00:00","23:59:00","f","00:00:00","23:59:00","f","00:00:00","23:59:00","f","t",,"https://dance-studio-lab.com/room/MTE5Nzk3ZDAtOTFjMC00Y2I4LWIxNzgtYjdiY2Y0YjEyNTVi/detail"
"108","TH2B＋2E","34077","100",,"f","2","0","2","1","f","f","f","2026-04-08 14:12:18.09411","2026-04-22 13:12:27.351654","5ef2070f-74a0-401d-ae91-ce981e5d3a24","1","f","f","t","t","f","f","t","t","f","f","f","f","f","f","f","f","t","f","f","f","[""082d6c21178857f39e3b9eb98d177c94(2).jpg""]","[""d396dc1c0614d5c60f4ac1c212bd2ce8(2).png""]","[""14c01035569ddea866de91a3010994c2(2).jpg""]","2026-04-22 13:12:27.321539",,,"非常に広い空間です。大人数での練習、フォーメーション練習、リハーサルに最適","327","","0","3","0","f","f","34077","THビル","東京都渋谷区代々木2-4-1","ご予約ありがとうございます。下記一読把握お願いします。

１．開始時間近くに現地到着されましたらお電話連絡下さい。
２．予約申告時の使用目的と異なる利用をした場合は利用禁止する場合ございます。
３．ケガ事故はすべて自己責任、設備等の破損は全額弁償となります。  
４．管理者の指示には必ず従って下さい。
５．ビル共用施設（トイレ、廊下等）では騒いだり汚したりしないで下さい。（全館禁煙）
６．室内は土足禁止（内履き、素足、スリッパ可）
７. 以上のことで違反した場合は即時利用禁止となります。
８．終了時管理者が立ち合いない時は電話かメッセージで終了の連絡をして下さい。（出ない時は留守電の伝言）","2026-04-01 13:10:01.305613","2026-04-14 18:55:11.607452","2706","3f48062b-7264-4a24-a456-b67c9187bd5a","0",,"09025587140","2026-04-14 18:55:11.591944","ご利用の流れ","新宿駅南口より徒歩4分、アクセス抜群、大人数でも可能、天井高く開放的！幅広いジャンルに対応！","f","00:00:00","23:59:00","f","00:00:00","23:59:00","f","00:00:00","23:59:00","f","00:00:00","23:59:00","f","00:00:00","23:59:00","f","00:00:00","23:59:00","f","00:00:00","23:59:00","f","t",,"https://dance-studio-lab.com/room/NWVmMjA3MGYtNzRhMC00MDFkLWFlOTEtY2U5ODFlNWQzYTI0/detail"
"91","レンタルスタジオAivic渋谷宮益坂【ダンス禁止スペース】","34078","34",,"t","2","0",,"2","f","t","f","2026-04-03 12:34:00.796347","2026-04-08 16:59:47.720145","85809b4a-e8f7-4189-ab7e-bd0912453f82",,"f","f","t","t","f","f","t","t","t","t","f","f","t","t","f","t","t","f","f","t","[""997495af2793e770ca0382f4a2d622e2(2).jpg""]","[""51038d18e99b39a3e5c8004240aeee7d(2).jpg""]",,,,,"【渋谷駅4分】ヨガ・ピラティス・演劇・撮影などにおすすめ☆1日1回スタッフ完全清掃のスタジオ※※ダンス禁止スペース※※",,"","0","6","0","f","f","34078","レンタルスタジオAivic渋谷宮益坂【ダンス禁止スペース】","東京都渋谷区渋谷1-8-5 グローリア宮益坂901","「レンタルスタジオAivic渋谷宮益坂」の当日のご利用方法についてご案内いたします。

※ご利用時間前の部屋前での待機・会話はご遠慮ください。近隣店舗より共用廊下での会話を注意されております。
お部屋前で静かにお待ち頂く、もしくはビル1階での待機にご協力をお願いいたします。

【住所】
東京都渋谷区渋谷1-8-5 グローリア宮益坂901
【マップ】
https://x.gd/rJWc8
【スペースまでの道順】
https://x.gd/IceGc

【開錠・施錠方法】
お部屋の鍵は予約時間に合わせてスタッフが開けておりますので、カギは不要でそのままご入室いただけます。
施錠も弊社メンバーが行いますので不要です。扉を閉めて、そのままご退室ください。

【注意事項】
※時間前の入室は不可です。利用開始時間以降の入室にご協力お願いします。
※ご予約の直前まで他の利用者のご予約が入っている場合があります。
前の利用者が居ないことを確認してから入室してください。","2026-04-03 12:24:04.47566","2026-04-08 16:59:18.711861","325","e22d08e4-e1d4-4005-9fe6-f04ad6846646","1",,"05018095013",,"「レンタルスタジオAivic渋谷宮益坂」のご予約ありがとうございます！","【渋谷駅4分】ヨガ・ピラティス・演劇・撮影などにおすすめ☆1日1回スタッフ完全清掃のスタジオ※※ダンス禁止スペース※※","f","00:00:00","00:00:00","f","00:00:00","00:00:00","f","00:00:00","00:00:00","f","00:00:00","00:00:00","f","00:00:00","00:00:00","f","00:00:00","00:00:00","f","00:00:00","00:00:00","f","t",,"https://dance-studio-lab.com/room/ODU4MDliNGEtZThmNy00MTg5LWFiN2UtYmQwOTEyNDUzZjgy/detail"
"92","レンタルスタジオAivic恵比寿2号店","34079","40",,"t","2","1",,"2","f","t","f","2026-04-03 12:54:06.123935","2026-04-09 13:30:37.870983","23473110-8d39-401d-8f0a-5833c325c39a",,"f","f","t","t","f","f","t","t","t","t","f","f","f","t","f","t","t","f","f","t","[""89bc70cc0b9def0696f89d284df23a1f(2).jpg""]",,,"2026-04-08 20:49:59.435744",,,"【恵比寿駅8分/広尾駅8分】ダンス・ヨガ・撮影などにおすすめ☆1日1回スタッフ完全清掃のスタジオ","268","","0","6","0","f","f","34079","レンタルスタジオAivic恵比寿2号店","東京都渋谷区恵比寿2-16-16 レクシード恵比寿（旧flegエビスW）111","「レンタルスタジオAivic恵比寿2号店」の当日のご利用方法についてご案内いたします。

【住所】
渋谷区恵比寿2-16-16 レクシード恵比寿（旧flegエビスW）111
【Google map】
https://x.gd/Na1vL
【スペースまでの道順】
https://x.gd/T6UP3

【開錠・施錠方法】
※当スタジオはレクシード恵比寿（旧FLEG恵比寿W）の111号室になります。地下ではございません。
オートロックの入り口と同じ階にあるため、入り口をはいったら階段を下ることもエレベーターに乗ることもしないでください。※

・マンションのドアをくぐるとポストがございますので、『111号室』を開けてください。
ポストは、『左回しで6→左回しで6→右回しで4』で開きます。
・ポストを開けると、①オートロック解除用の鍵・②部屋の鍵　のセットが入っています。
・まずは①の鍵を使ってオートロックを開けてください。
※袋に入った鍵は紛失時用の予備鍵となりますので、緊急時以外は使用しないでください。
※ポストの中に鍵が無い場合は、前のお客様がまだ部屋をご利用されている可能性が高いです。
予約時間になっても前のお客様が出てこない場合は、催促を兼ねてインターホンをおしていただいて構いません。
・オートロックをくぐり右に進むとエレベーターが見えます。
このエレベーターには乗らずに、エレベーターの手前の道を右に入るとすぐ当スタジオがございます。
※「レンタルスタジオAivic恵比寿2号店」という掲示がドアに貼ってありますので、それ以外のドアは絶対に開けたり入ったりしないでください。
・部屋に到着しましたら今度は②の鍵を使って入室してください。

ご退室時にはお部屋の鍵を閉め、利用した鍵は必ず『111号室』のポストにお戻しください。
ビルはオートロックとなっておりますので、鍵の置き忘れ・戻し忘れには充分ご注意いただけますようお願い申し上げます。

【注意事項】
※時間前の入室は不可です。利用開始時間以降の入室にご協力お願いします。
※ご予約の直前まで他の利用者のご予約が入っている場合があります。
前の利用者が居ないことを確認してから入室してください。","2026-04-03 12:50:05.417201","2026-04-08 20:49:43.13564","325","cc4d6ac4-6762-4ed6-94b4-2925b9c8b3c8","1",,"05018095013","2026-04-08 20:49:43.127686","「レンタルスタジオAivic恵比寿2号店」のご予約ありがとうございます！","【恵比寿駅8分/広尾駅8分】ダンス・ヨガ・撮影などにおすすめ☆1日1回スタッフ完全清掃のスタジオ","f","00:00:00","00:00:00","f","00:00:00","00:00:00","f","00:00:00","00:00:00","f","00:00:00","00:00:00","f","00:00:00","00:00:00","f","00:00:00","00:00:00","f","00:00:00","00:00:00","f","t",,"https://dance-studio-lab.com/room/MjM0NzMxMTAtOGQzOS00MDFkLThmMGEtNTgzM2MzMjVjMzlh/detail"
"93","レンタルピラティススタジオAivic渋谷1号店","34080","25",,"t","2","2",,"1","f","t","f","2026-04-03 13:08:43.288922","2026-04-09 13:33:20.699378","03d366cf-01e3-4b1a-805f-d7c6e50d9981",,"f","f","t","f","f","f","t","t","t","t","f","f","t","f","f","t","t","f","f","t","[""674c1e7be870984e653b6753fec77950(2).jpg""]",,,"2026-04-08 21:11:23.630966",,,"【渋谷駅3分×マシンピラティス】駅近＆備品充実！1日1回スタッフ完全清掃のスタジオ",,"","0","6","0","f","f","34080","レンタルピラティススタジオAivic渋谷1号店","東京都渋谷区渋谷1-9-4 トーカン渋谷キャステール606","「レンタルピラティススタジオAivic渋谷1号店」の当日のご利用方法についてご案内いたします。

【住所】
渋谷区渋谷1-9-4 トーカン渋谷キャステール606
【Google map】
https://x.gd/QF8Xj
【スペースまでの道順】
https://x.gd/S9Sot

【開錠・施錠方法】
お部屋の鍵は予約時間に合わせてスタッフが開けておりますので、カギは不要でそのままご入室いただけます。
施錠も弊社メンバーが行いますので不要です。扉を閉めて、そのままご退室ください。

★キャフォーマープレート合わせ方★
https://youtu.be/G9GP64noF1w?si=ylKzVyJjJjHkcu0x  
★デュアルチェアバレル使い方動画★
https://youtu.be/X21098wJVDE?si=5IX89QShk1tF-uqk  
★ネオキャリッジロープ調整方法★
https://youtu.be/suv5PlOW5Ws  

【注意事項】
※時間前の入室は不可です。利用開始時間以降の入室にご協力お願いします。
※ご予約の直前まで他の利用者のご予約が入っている場合があります。
前の利用者が居ないことを確認してから入室してください。","2026-04-03 13:04:55.570916","2026-04-08 21:11:04.943443","325","bd43e0d3-5466-4d3e-97bd-d77232ea81bc","1",,"05018095013","2026-04-08 21:11:04.932215","「レンタルピラティススタジオAivic渋谷1号店」のご予約ありがとうございます！","【渋谷駅3分×マシンピラティス】駅近＆備品充実！1日1回スタッフ完全清掃のスタジオ","f","00:00:00","00:00:00","f","00:00:00","00:00:00","f","00:00:00","00:00:00","f","00:00:00","00:00:00","f","00:00:00","00:00:00","f","00:00:00","00:00:00","f","00:00:00","00:00:00","f","t",,"https://dance-studio-lab.com/room/MDNkMzY2Y2YtMDFlMy00YjFhLTgwNWYtZDdjNmU1MGQ5OTgx/detail"
"94","レンタルピラティススタジオAivic渋谷2号店【Aスペース】","34081","26",,"t","2","0",,"1","f","t","f","2026-04-03 13:15:32.035135","2026-04-09 13:33:29.122049","92a28e0a-2258-4074-91ee-c6d532c6f005",,"f","f","t","f","f","f","t","t","f","t","f","f","t","f","f","t","t","f","f","t","[""b29215de43a561382372527bc240376a.jpg""]",,,"2026-04-08 21:13:07.205312","「レンタルピラティススタジオAivic渋谷2号店【Aスペース】」のご予約ありがとうございます！","「レンタルピラティススタジオAivic渋谷2号店【Aスペース】」の当日のご利用方法についてご案内いたします。

【住所】
渋谷区宇田川町12-3 ニュー渋谷コーポラス1104
【Google map】
https://x.gd/eVHu5
【スペースまでの道順】
https://x.gd/0irIc

【開錠・施錠方法】
お部屋の鍵は予約時間に合わせてスタッフが開けておりますので、カギは不要でそのままご入室いただけます。
施錠も弊社メンバーが行いますので不要です。扉を閉めて、そのままご退室ください。

★キャフォーマープレート合わせ方★
https://youtu.be/G9GP64noF1w?si=ylKzVyJjJjHkcu0x  
★ネオキャリッジロープ調整方法★
https://youtu.be/suv5PlOW5Ws  

【注意事項】
※こちらは【Aスペース】奥の窓側半分をお使いいただけます。お間違いのないようお願いいたします。
※両面のマシンのご利用は同時にA,B２つのスペースの予約が必須です。
※時間前の入室は不可です。利用開始時間以降の入室にご協力お願いします。
※ご予約の直前まで他の利用者のご予約が入っている場合があります。
前の利用者が居ないことを確認してから入室してください。","【渋谷駅5分×マシンピラティスA】駅近＆備品充実！1日1回スタッフ完全清掃のスタジオ",,"","0","6","0","f","f","34081","レンタルピラティススタジオAivic渋谷2号店","東京都渋谷区宇田川町12-3 ニュー渋谷コーポラス1104","","2026-04-03 13:12:17.615987","2026-04-08 21:11:39.347396","325","52a8b923-1a9b-4c9f-b7a1-1215e5cb4c18","1",,"05018095013","2026-04-08 21:11:39.325698","","【渋谷駅5分×マシンピラティス】駅近＆備品充実！1日1回スタッフ完全清掃のスタジオ","f","00:00:00","00:00:00","f","00:00:00","00:00:00","f","00:00:00","00:00:00","f","00:00:00","00:00:00","f","00:00:00","00:00:00","f","00:00:00","00:00:00","f","00:00:00","00:00:00","f","t",,"https://dance-studio-lab.com/room/OTJhMjhlMGEtMjI1OC00MDc0LTkxZWUtYzZkNTMyYzZmMDA1/detail"
"95","レンタルピラティススタジオAivic渋谷2号店【Bスペース】","34081","26",,"t","2","0",,"1","f","t","f","2026-04-03 13:19:09.66486","2026-04-09 13:33:36.24855","92c88cd6-fdca-4f32-b45e-e006447ef14f",,"f","f","t","f","f","f","t","t","f","t","f","f","t","f","f","t","t","f","f","t","[""b29215de43a561382372527bc240376a(2).jpg""]",,,"2026-04-08 21:12:32.813978","「レンタルピラティススタジオAivic渋谷2号店【Bスペース】」のご予約ありがとうございます！","「レンタルピラティススタジオAivic渋谷2号店【Bスペース】」の当日のご利用方法についてご案内いたします。

【住所】
渋谷区宇田川町12-3 ニュー渋谷コーポラス1104
【Google map】
https://x.gd/eVHu5
【スペースまでの道順】
https://x.gd/0irIc  

【開錠・施錠方法】
お部屋の鍵は予約時間に合わせてスタッフが開けておりますので、カギは不要でそのままご入室いただけます。
施錠も弊社メンバーが行いますので不要です。扉を閉めて、そのままご退室ください。

★キャフォーマープレート合わせ方★
https://youtu.be/G9GP64noF1w?si=ylKzVyJjJjHkcu0x  
★ネオキャリッジロープ調整方法★
https://youtu.be/suv5PlOW5Ws  

【注意事項】
※こちらは【Bスペース】手前の扉側半分をお使いいただけます。お間違いのないようお願いいたします。
※両面のマシンのご利用は同時にA,B２つのスペースの予約が必須です。
※時間前の入室は不可です。利用開始時間以降の入室にご協力お願いします。
※ご予約の直前まで他の利用者のご予約が入っている場合があります。
前の利用者が居ないことを確認してから入室してください。","【渋谷駅5分×マシンピラティスB】駅近＆備品充実！1日1回スタッフ完全清掃のスタジオ",,"","0","6","0","f","f","34081","レンタルピラティススタジオAivic渋谷2号店","東京都渋谷区宇田川町12-3 ニュー渋谷コーポラス1104","","2026-04-03 13:12:17.615987","2026-04-08 21:11:39.347396","325","52a8b923-1a9b-4c9f-b7a1-1215e5cb4c18","1",,"05018095013","2026-04-08 21:11:39.325698","","【渋谷駅5分×マシンピラティス】駅近＆備品充実！1日1回スタッフ完全清掃のスタジオ","f","00:00:00","00:00:00","f","00:00:00","00:00:00","f","00:00:00","00:00:00","f","00:00:00","00:00:00","f","00:00:00","00:00:00","f","00:00:00","00:00:00","f","00:00:00","00:00:00","f","t",,"https://dance-studio-lab.com/room/OTJjODhjZDYtZmRjYS00ZjMyLWI0NWUtZTAwNjQ0N2VmMTRm/detail"
"96","レンタルピラティススタジオAivic恵比寿","34082","28",,"t","2","0",,"1","f","t","f","2026-04-03 13:24:31.617848","2026-04-09 13:33:42.771639","9582b2c1-12c5-4874-9848-5aa4bd715c44",,"f","f","t","f","f","f","t","t","f","t","f","f","t","f","f","t","t","f","f","t","[""3eba0848f18af0ec2edc2ee90ceda71f(2).jpg""]",,,"2026-04-08 21:01:17.344584","「レンタルピラティススタジオAivic恵比寿」のご予約ありがとうございます！","「レンタルピラティススタジオAivic恵比寿」の当日のご利用方法についてご案内いたします。

【住所】
渋谷区恵比寿1-22-3 シルバープラザ恵比寿203
【Google map】
https://x.gd/pYZMX
【スペースまでの道順】
https://x.gd/O4Uuw

【開錠・施錠方法】
お部屋の鍵は予約時間に合わせてスタッフが開けておりますので、カギは不要でそのままご入室いただけます。
施錠も弊社メンバーが行いますので不要です。扉を閉めて、そのままご退室ください。

★デュアルチェアバレル使い方動画★
https://youtu.be/X21098wJVDE?si=5IX89QShk1tF-uqk

【注意事項】
※時間前の入室は不可です。利用開始時間以降の入室にご協力お願いします。
※ご予約の直前まで他の利用者のご予約が入っている場合があります。
前の利用者が居ないことを確認してから入室してください。","【恵比寿駅3分×マシンピラティス】駅近＆備品充実！1日1回スタッフ完全清掃のスタジオ",,"","0","6","0","f","f","34082","レンタルピラティススタジオAivic恵比寿","東京都渋谷区恵比寿1-22-3 シルバープラザ恵比寿203","","2026-04-03 13:21:22.416159","2026-04-09 13:22:05.722027","325","5695cb88-ea61-48b5-a4b2-6b76129cf7bc","1",,"05018095013","2026-04-09 13:22:05.708966","","【恵比寿駅3分×マシンピラティス】駅近＆備品充実！1日1回スタッフ完全清掃のスタジオ","f","00:00:00","00:00:00","f","00:00:00","00:00:00","f","00:00:00","00:00:00","f","00:00:00","00:00:00","f","00:00:00","00:00:00","f","00:00:00","00:00:00","f","00:00:00","00:00:00","f","t",,"https://dance-studio-lab.com/room/OTU4MmIyYzEtMTJjNS00ODc0LTk4NDgtNWFhNGJkNzE1YzQ0/detail"
"97","レンタルピラティススタジオAivic新宿【Aスペース】","34083","36",,"t","2","2",,"1","f","t","f","2026-04-03 13:37:45.367359","2026-04-09 13:33:50.375435","1f9c79c3-2eb8-42b4-b075-465053f6835f",,"f","f","t","f","f","f","t","t","f","t","f","f","f","f","f","t","t","f","f","t","[""36ddded243cbe243603d8eadc8969cac(2).jpg""]",,,"2026-04-08 21:10:15.795123","「レンタルピラティススタジオAivic新宿【Aスペース】」のご予約ありがとうございます！","「レンタルピラティススタジオAivic新宿【Aスペース】」の当日のご利用方法についてご案内いたします。

【住所】
新宿区歌舞伎町2-1-2 HANROKUビル2階ー１
【Google map】
https://x.gd/u6cck
【スペースまでの道順】
https://x.gd/AE34S

【開錠・施錠方法】
★★★入り方を間違えると、”セコム”が来てしまいますので必ずご確認ください★★★

・夜の22時半から朝の7時まで1階の自動ドアがオートロックになります。
この時間（深夜）にご利用される場合は、入室方法が特殊になりますので必ずご確認ください。

・当スタジオは１つのスペースを２つのスペースで真ん中で仕切り利用できるスペースになっております。
その為、予約日時に別スペースで利用されてる方がいる場合がございます。
""右手窓側がAスペース""、""左手壁側がBスペース""ですので、お間違いのないようお願いいたします。

【1階オートロック無しの時間＿7時ー22時半にご入室をされる場合】
・そのままビルにお入りいただき、エレベーターで2階に上がります。
・2階に上がっていただき、エレベーターから一番近い白いドアのお部屋が当スタジオになります（一番右の部屋になります）。
・お部屋の鍵は予約時間に合わせてスタッフが開けておりますので、カギは不要でそのままご入室いただけます。
・施錠も弊社メンバーが行いますので不要です。扉を閉めて、そのままご退室ください。

【1階オートロック有りの時間＿22時半ー7時にご入室をされる場合】
・1階の地下につながる階段の手すりに黒いキーボックスがありますので、「1122」で開けてください。
・キーボックスの中からカードを取り出し、一階のガラスドアの右横にかざしていただくとドアがあきます。
＜1階オートロック入室参考動画⇒＞https://www.youtube.com/shorts/ywl8Ha64yS0
・エレベーターで2階に上がります。
・2階に上がっていただき、エレベーターから一番近い白いドアのお部屋が当スタジオになります（一番右の部屋になります）。
・お部屋の鍵は予約時間に合わせてスタッフが開けておりますので、カギは不要でそのままご入室いただけます。
・施錠も弊社メンバーが行いますので不要です。そのままご退室いただけますが、キーボックスにカードを忘れずに戻してください。

★キャフォーマープレート合わせ方★
https://youtu.be/G9GP64noF1w?si=ylKzVyJjJjHkcu0x  
★デュアルチェアバレル使い方動画★
https://youtu.be/X21098wJVDE?si=5IX89QShk1tF-uqk  
★ネオキャリッジロープ調整方法★
https://youtu.be/suv5PlOW5Ws  

【注意事項】
※こちらは【Aスペース】右手窓側半分をお使いいただけます。お間違いのないようお願いいたします。
※両面のマシンのご利用は同時にA,B２つのスペースの予約が必須です。
※時間前の入室は不可です。利用開始時間以降の入室にご協力お願いします。
※ご予約の直前まで他の利用者のご予約が入っている場合があります。
お部屋に前の利用者が居ないことを確認してから入室してください。","【新宿三丁目駅1分×マシンピラティスA】駅近＆備品充実！1日1回スタッフ完全清掃のスタジオ",,"","0","6","0","f","f","34083","レンタルピラティススタジオAivic新宿","東京都新宿区歌舞伎町2-1-2 HANROKUビル2階ー１","","2026-04-03 13:34:26.99082","2026-04-08 21:07:17.673338","325","171d823a-cd74-4b9e-b8a5-7adee91cfc41","1",,"05018095013","2026-04-08 21:07:17.66494","","【新宿三丁目駅1分×マシンピラティス】駅近＆備品充実！1日1回スタッフ完全清掃のスタジオ","f","00:00:00","00:00:00","f","00:00:00","00:00:00","f","00:00:00","00:00:00","f","00:00:00","00:00:00","f","00:00:00","00:00:00","f","00:00:00","00:00:00","f","00:00:00","00:00:00","f","t",,"https://dance-studio-lab.com/room/MWY5Yzc5YzMtMmViOC00MmI0LWIwNzUtNDY1MDUzZjY4MzVm/detail"
"98","レンタルピラティススタジオAivic新宿【Bスペース】","34083","36",,"t","2","2",,"1","f","t","f","2026-04-03 13:40:05.488367","2026-04-09 13:33:56.818161","42853614-5ce2-4e3e-8da3-093cd60b3d43",,"f","f","t","f","f","f","t","t","f","t","f","f","f","f","f","t","t","f","f","f","[""36ddded243cbe243603d8eadc8969cac(2).jpg""]",,,"2026-04-08 21:10:40.134008","「レンタルピラティススタジオAivic新宿【Bスペース】」のご予約ありがとうございます！","「レンタルピラティススタジオAivic新宿【Bスペース】」の当日のご利用方法についてご案内いたします。

【住所】
新宿区歌舞伎町2-1-2 HANROKUビル2階ー１
【Google map】
https://x.gd/u6cck
【スペースまでの道順】
https://x.gd/AE34S

【開錠・施錠方法】
★★★入り方を間違えると、”セコム”が来てしまいますので必ずご確認ください★★★

・夜の22時半から朝の7時まで1階の自動ドアがオートロックになります。
この時間（深夜）にご利用される場合は、入室方法が特殊になりますので必ずご確認ください。

・当スタジオは１つのスペースを２つのスペースで真ん中で仕切り利用できるスペースになっております。
その為、予約日時に別スペースで利用されてる方がいる場合がございます。
""右手窓側がAスペース""、""左手壁側がBスペース""ですので、お間違いのないようお願いいたします。

【1階オートロック無しの時間＿7時ー22時半にご入室をされる場合】
・そのままビルにお入りいただき、エレベーターで2階に上がります。
・2階に上がっていただき、エレベーターから一番近い白いドアのお部屋が当スタジオになります（一番右の部屋になります）。
・お部屋の鍵は予約時間に合わせてスタッフが開けておりますので、カギは不要でそのままご入室いただけます。
・施錠も弊社メンバーが行いますので不要です。扉を閉めて、そのままご退室ください。

【1階オートロック有りの時間＿22時半ー7時にご入室をされる場合】
・1階の地下につながる階段の手すりに黒いキーボックスがありますので、「1122」で開けてください。
・キーボックスの中からカードを取り出し、一階のガラスドアの右横にかざしていただくとドアがあきます。
＜1階オートロック入室参考動画⇒＞https://www.youtube.com/shorts/ywl8Ha64yS0
・エレベーターで2階に上がります。
・2階に上がっていただき、エレベーターから一番近い白いドアのお部屋が当スタジオになります（一番右の部屋になります）。
・お部屋の鍵は予約時間に合わせてスタッフが開けておりますので、カギは不要でそのままご入室いただけます。
・施錠も弊社メンバーが行いますので不要です。そのままご退室いただけますが、キーボックスにカードを忘れずに戻してください。

★キャフォーマープレート合わせ方★
https://youtu.be/G9GP64noF1w?si=ylKzVyJjJjHkcu0x  
★デュアルチェアバレル使い方動画★
https://youtu.be/X21098wJVDE?si=5IX89QShk1tF-uqk  
★ネオキャリッジロープ調整方法★
https://youtu.be/suv5PlOW5Ws  

【注意事項】
※こちらは【Bスペース】左手壁側半分をお使いいただけます。お間違いのないようお願いいたします。
※両面のマシンのご利用は同時にA,B２つのスペースの予約が必須です。
※時間前の入室は不可です。利用開始時間以降の入室にご協力お願いします。
※ご予約の直前まで他の利用者のご予約が入っている場合があります。
お部屋に前の利用者が居ないことを確認してから入室してください。","【新宿三丁目駅1分×マシンピラティスB】駅近＆備品充実！1日1回スタッフ完全清掃のスタジオ",,"","0","6","0","f","f","34083","レンタルピラティススタジオAivic新宿","東京都新宿区歌舞伎町2-1-2 HANROKUビル2階ー１","","2026-04-03 13:34:26.99082","2026-04-08 21:07:17.673338","325","171d823a-cd74-4b9e-b8a5-7adee91cfc41","1",,"05018095013","2026-04-08 21:07:17.66494","","【新宿三丁目駅1分×マシンピラティス】駅近＆備品充実！1日1回スタッフ完全清掃のスタジオ","f","00:00:00","00:00:00","f","00:00:00","00:00:00","f","00:00:00","00:00:00","f","00:00:00","00:00:00","f","00:00:00","00:00:00","f","00:00:00","00:00:00","f","00:00:00","00:00:00","f","t",,"https://dance-studio-lab.com/room/NDI4NTM2MTQtNWNlMi00ZTNlLThkYTMtMDkzY2Q2MGIzZDQz/detail"
"99","レンタルピラティススタジオAivic西新宿","34084","25",,"t","2","0",,"1","f","t","f","2026-04-03 13:46:54.201769","2026-04-09 13:34:03.05649","df9366f8-3952-4a64-a69a-d77cdbb9e2ba",,"f","f","t","f","f","f","t","t","f","t","f","f","t","f","f","t","t","f","f","t","[""7eee68c853f06f923e950d9f02c7acdb.jpg""]",,,"2026-04-08 21:13:54.089869",,,"【西武新宿駅4分×マシンピラティス】駅近＆備品充実！1日1回スタッフ完全清掃のスタジオ",,"","0","6","0","f","f","34084","レンタルピラティススタジオAivic西新宿","東京都新宿区西新宿7-6-5 グローリア初穂　生沼ビル405","「レンタルピラティススタジオAivic西新宿」の当日のご利用方法についてご案内いたします。

【住所】
新宿区西新宿7-6-5 グローリア初穂　生沼ビル405
【Google map】
https://x.gd/aDIol
【スペースまでの道順】
https://x.gd/h1rU6

【開錠・施錠方法】
・当スタジオはグローリア初穂生沼ビルの405号室になります。
・入口から入り、左手のエレベーターで４階に上がってください。４階に上がってすぐ左手のお部屋になります。
※（22時以降は正面入り口が施錠されるため、マンションの裏手に回っていただきます。ドアに番号を押せるものがついておりますので、上の真ん中の■⇒12345⇒▼　の手順で開けてください。）※
・お部屋の鍵は予約時間に合わせてスタッフが開けておりますので、カギは不要でそのままご入室いただけます。
・施錠も弊社メンバーが行いますので不要です。扉を閉めて、そのままご退室ください。

★キャフォーマープレート合わせ方★
https://youtu.be/G9GP64noF1w?si=ylKzVyJjJjHkcu0x
★デュアルチェアバレル使い方動画★
https://youtu.be/X21098wJVDE?si=5IX89QShk1tF-uqk
★ネオキャリッジロープ調整方法★
https://youtu.be/suv5PlOW5Ws

【注意事項】
※時間前の入室は不可です。利用開始時間以降の入室にご協力お願いします。
※ご予約の直前まで他の利用者のご予約が入っている場合があります。
前の利用者が居ないことを確認してから入室してください。","2026-04-03 13:44:02.297646","2026-04-08 21:13:43.746395","325","05a6da51-b03e-40a8-912e-5894ef94d958","1",,"05018095013","2026-04-08 21:13:43.737186","「レンタルピラティススタジオAivic西新宿」のご予約ありがとうございます！","【西武新宿駅4分×マシンピラティス】駅近＆備品充実！1日1回スタッフ完全清掃のスタジオ","f","00:00:00","00:00:00","f","00:00:00","00:00:00","f","00:00:00","00:00:00","f","00:00:00","00:00:00","f","00:00:00","00:00:00","f","00:00:00","00:00:00","f","00:00:00","00:00:00","f","t",,"https://dance-studio-lab.com/room/ZGY5MzY2ZjgtMzk1Mi00YTY0LWE2OWEtZDc3Y2RiYjllMmJh/detail"
"109","Bst","34085",,,"f",,,,,"f","f","f","2026-04-10 08:52:11.382511","2026-04-10 08:52:11.382511","e3876b5e-ccd5-477b-87d9-0d21ba52d07a",,"f","f","f","t","f","f","f","f","f","f","f","f","f","f","f","t","f","f","f","f",,,,,,,"",,"","0","6","0","f","f","34085","Rental Studio Lab２","","","2026-04-06 00:15:28.898386","2026-04-06 00:15:28.898386","7","6c45ae30-3629-467c-a117-a4b2aa72a44b","0",,"",,"","","f",,,"f",,,"f",,,"f",,,"f",,,"f",,,"f",,,"f","t",,"https://dance-studio-lab.com/room/ZTM4NzZiNWUtY2NkNS00NzdiLTg3ZDktMGQyMWJhNTJkMDdh/detail"
"101","9m×6.5mの大人数向けスタジオ！ 人数目安〜約30人☆","34086","60","5","f","2","0","1","2","t","f","f","2026-04-07 11:29:13.863203","2026-05-02 10:30:00.645617","213493d3-115d-401e-a658-a54f5f4af50f",,"f","f","f","f","t","f","t","t","t","t","f","t","t","f","t","f","f","f","f","t","[""f5e99d2f93480a26bae8394f4c65b0e1.png""]",,"[""ae899a699ad1f94016a8e279764d6cca.png"",""740236e05f7d7625895bf075d6773da6.png"",""6af1653039adbcade553bce2632e962a.png""]","2026-05-02 10:30:00.586096",,,"■Aスタジオサイズ (〜30人目安)
・横9m (鏡面)
・縦6.5m (鏡片面)
・高さ2.6m (天井張り2カ所あり)
・面積60平米","315","https://view.ricoh360.com/c35c3f59-4590-4f30-8d5f-1f5a1d4f57bf","180","2","0","f","f","34086","BEATs レンタルスタジオ ビーツ","東京都渋谷区代々木1-42-2 藤ビル2階","当日は一度受付までお越しください。
お待ちしております。","2026-04-07 11:18:47.697011","2026-05-01 19:30:55.790986","2709","097a6749-0375-41c7-b9f3-ba7f4afbe909","0",,"03-5388-6774","2026-05-01 19:30:55.773445","「レンタルスタジオBEATs」のご予約ありがとうございます。","駅チカ！格安！選べる３スタジオ！各トレーニングなどに！","f","11:00:00","23:59:00","f","11:00:00","23:59:00","f","11:00:00","23:59:00","f","11:00:00","23:59:00","f","11:00:00","23:59:00","f","11:00:00","23:59:00","f","11:00:00","23:59:00","f","t",,"https://dance-studio-lab.com/room/MjEzNDkzZDMtMTE1ZC00MDFlLWE2NTgtYTU0ZjVmNGFmNTBm/detail"
"102","7.5m×5mの使いやすい大きさ！ 人数目安〜約17人☆","34086","38","4","f","2","0","1","1","t","f","f","2026-04-07 11:31:34.327163","2026-05-01 22:58:14.37899","ee403ee5-015f-4472-acf8-e03753e0033c",,"f","f","f","f","t","f","t","t","t","t","f","t","t","f","t","f","t","f","f","t","[""5502422bfdeccbda2b61a431ae167093.png""]",,"[""b1e6c3058650a75721cc165e4c6bbabc.png"",""b366680eae48432e1351a04d6109daab.png"",""a6b1597a879537fa756b6d829d863a0a.png""]","2026-05-01 22:58:14.321794",,,"■Bスタジオサイズ（〜17人目安）
・横7.5m (鏡面)
・縦5m
・高さ2.6m
・面積38平米
","314","https://view.ricoh360.com/17cdaac9-0e18-45ca-8ca3-3f4d4c6e51a1","180","2","0","f","f","34086","BEATs レンタルスタジオ ビーツ","東京都渋谷区代々木1-42-2 藤ビル2階","当日は一度受付までお越しください。
お待ちしております。","2026-04-07 11:18:47.697011","2026-05-01 19:30:55.790986","2709","097a6749-0375-41c7-b9f3-ba7f4afbe909","0",,"03-5388-6774","2026-05-01 19:30:55.773445","「レンタルスタジオBEATs」のご予約ありがとうございます。","駅チカ！格安！選べる３スタジオ！各トレーニングなどに！","f","11:00:00","23:59:00","f","11:00:00","23:59:00","f","11:00:00","23:59:00","f","11:00:00","23:59:00","f","11:00:00","23:59:00","f","11:00:00","23:59:00","f","11:00:00","23:59:00","f","t",,"https://dance-studio-lab.com/room/ZWU0MDNlZTUtMDE1Zi00NDcyLWFjZjgtZTAzNzUzZTAwMzNj/detail"
"103","5.1m×4.9mの少人数向けスタジオ！ 人数目安〜約7人☆","34086","25","2.5","f","0","2","1","1","t","f","f","2026-04-07 11:33:24.110183","2026-05-02 10:29:33.584267","4c0069fe-774e-4365-b990-fe29d3d7dad1",,"f","f","f","f","t","f","t","t","t","t","f","t","t","f","t","f","f","f","f","t","[""d09997381c6a9e1101dcae8cc3b09899(2).png""]",,"[""982840481ed8017aaa80ff1e774dbc91(2).png"",""128cf05d359370dfe18a5bc3c4836336(2).png"",""abc314f771e4132ea9fb0ad3a81fb3c8(2).png""]","2026-05-02 10:29:33.501829",,,"■Cスタジオサイズ（〜７人目安）
・横5.1m (鏡面)
・縦4.9m
・高さ2.6m
・面積25平米","313","https://view.ricoh360.com/101907fb-f854-4dba-bd59-5f0ee5010467","180","2","0","f","f","34086","BEATs レンタルスタジオ ビーツ","東京都渋谷区代々木1-42-2 藤ビル2階","当日は一度受付までお越しください。
お待ちしております。","2026-04-07 11:18:47.697011","2026-05-01 19:30:55.790986","2709","097a6749-0375-41c7-b9f3-ba7f4afbe909","0",,"03-5388-6774","2026-05-01 19:30:55.773445","「レンタルスタジオBEATs」のご予約ありがとうございます。","駅チカ！格安！選べる３スタジオ！各トレーニングなどに！","f","11:00:00","23:59:00","f","11:00:00","23:59:00","f","11:00:00","23:59:00","f","11:00:00","23:59:00","f","11:00:00","23:59:00","f","11:00:00","23:59:00","f","11:00:00","23:59:00","f","t",,"https://dance-studio-lab.com/room/NGMwMDY5ZmUtNzc0ZS00MzY1LWI5OTAtZmUyOWQzZDdkYWQx/detail"
"110","レンタルスタジオPalette高円寺","34087","41","2.5","t","2","0","2","3","t","t","f","2026-04-11 22:31:03.708252","2026-04-11 22:31:45.218163","990569c9-eca7-4790-ab49-3e6b3645955c",,"t","f","t","t","f","t","t","t","t","t","f","f","t","t","t","t","f","f","f","t","[""f0d587ff3965ac238a2d878390ffcca7.jpg""]","[""24c846181c4c34dfdcfcaf642426bee6.jpg""]",,,,,"","295","","0","6","0","f","f","34087","レンタルスタジオPalette高円寺｜高円寺駅１階スタジオ","東京都中野区大和3-2-13 日生ハイツ101号","この度はレンタルスタジオPalette高円寺店へのご予約ありがとうございます。
以下、アクセス・入室方法・退室方法をご案内いたします。
━━━━━━━━━━━━━━━━━━━━
▼ご利用案内【※重要※】
━━━━━━━━━━━━━━━━━━━━
鍵の開け方やアクセス、注意事項を下記にまとめました。

https://drive.google.com/file/d/1xdDgC9l2w9q3dO3pGwCOubuDF3GHQDr3/view?usp=sharing
※必ず全てのページに目を通すようお願いします。

━━━━━━━━━━━━━━━━━━━━
▼アクセス
━━━━━━━━━━━━━━━━━━━━
東京都中野区大和3-2-13 日生ハイツ101
https://maps.app.goo.gl/WFV3MrkKQ5RS3rHF9
※グーグルマップ写真、隣の半地下物件が本物件です。物件上部に「日生ハイツ」と記載があります。お間違いないようご注意ください。

高円寺駅　　徒歩７分
野方駅　　　徒歩18分
都立家政駅　徒歩20分
阿佐ヶ谷駅　徒歩20分
新高円寺　　徒歩20分

行き方（高円寺駅より）
①高円寺駅北口を出て、正面の信号を渡ります
②高円寺純情商店街に入り、そのまま直進します
③突き当りまで進み左折、その先の突き当りを右折します
④3分ほど直進し、大和町郵便局前の信号を渡ります
⑤50Mほど進み、左手側白い建物（日生ハイツ）の一階です

━━━━━━━━━━━━━━━━━━━━
▼入室方法
━━━━━━━━━━━━━━━━━━━━
入口ドアにダイヤル式のキーボックスを設置しています。
暗証番号は「1015」です。

※予約時間の前に入室しようとして、他のお客様とトラブルになるケースがございます。
必ず時間通りに入室するようにお願いします。

━━━━━━━━━━━━━━━━━━━━
▼退室方法
━━━━━━━━━━━━━━━━━━━━
退室の際は使った備品を元にもどし、スペース内のモップ等で清掃をお願いします。
電気・エアコンを消していただき、入口カーテン閉めてください。
最後に貴重品や忘れ物がないか確認してください。

退室の際、必ず施錠し、キーボックス内に鍵を戻し下さい。
返却後、キーボックスのダイヤルを「0000」に設定ください。
※他のお客様とのトラブルを避けるため、必ず予約時間の終了までにご退室をお願いいたします。

なにか不明な点がございましたら、お気軽にご連絡ください。","2026-04-10 22:39:20.044687","2026-04-11 22:14:46.54103","2711","48d338c0-b817-4a08-83bf-d3d7d210141c","0",,"",,"ご利用案内【レンタルスタジオPalette高円寺】","🎉NEW OPENお試し価格🎉【高円寺駅近】ダンスやヨガ、演劇・撮影に最適｜1階路面店スタジオで15名利用可｜大型鏡5面","f","07:30:00","22:30:00","f","07:30:00","22:30:00","f","07:30:00","22:30:00","f","07:30:00","22:30:00","f","07:30:00","22:30:00","f","07:30:00","22:30:00","f","07:30:00","22:30:00","f","t",,"https://dance-studio-lab.com/room/OTkwNTY5YzktZWNhNy00NzkwLWFiNDktM2U2YjM2NDU5NTVj/detail"
"111","Studio-Bio","34088","15","2","t","0","0","1","1","f","t","f","2026-04-12 23:11:35.451455","2026-04-13 08:41:39.643545","12747738-10a3-44f6-a70d-fc9c7bb5f736",,"f","f","t","t","f","f","t","t","t","t","f","f","t","t","t","t","f","f","f","f","[""acf46cec601db46f10634716de41d083(2).png""]","[""147acf16f0e17378e583dedb32ac6ed1(2).jpg""]","[""6f6821a3216b2f483af9fea7a6256ae9.png"",""1c4401d926af64c9ed2ab6aca3f83958.png"",""f277b055cbec905bce4fea0c975490cc.png"",""f0fd56fb9a6d047bee6d7051430f6377.png"",""cd8210e9ad1cf20c4f6b1ba1d795b8c8.png"",""eb0163231a90df402294b36adaf809c1.png"",""b9f4215f0438383ad182b1f71c71eec6.png"",""47c79285f5cd7de847bf92d25a69232a.png"",""a709a4451f423a26ac07fbac6477bae5.png"",""726f4f989d6db9dff2df37aeee367ab4.png"",""f42c0a8c5fa8f30086af85d0b32cad5a.png"",""282d19e494a4e5c8ab541eb3bdfe0266.png"",""8468b92f040df196402ddb5e05be6ffe.jpg"",""b6ec6e924eeda01c1447b71d82a1a51d.png"",""8f3ae3ca7365d30b779c0077f41f346a.png"",""695320694ea6d085856953293a45e7c7.jpg"",""f370ddd967d0a6866fda28f70e85a214.jpg"",""43befe211d0e52080ed7582b375cc592.jpg"",""5ba22e2c1e63563a2354542c932b3c42.jpg"",""6f75b4df1422b8bb5eaa859668891da9.jpg"",""5a6fcb22e4cffd60b662b7bd97ef3e9b.jpg"",""41f20ea8386c5e326ae1cbda4ef00492.png"",""12e036042d0b143db9e2117b8c3408ed.png"",""80031026805ef69b34627fe05e7156d1.png"",""2a8d2895c68432f560fdfe3815a8fbf6.png""]","2026-04-13 08:41:39.359851",,,"【🎉2026年3月14日オープン🎉リノベ済✨】北参道駅1分🚶 少人数ダンス・ヨガに最適✨ 明るく清潔な可愛いスタジオ✨","310","","0","6","0","f","f","34088","Studio-Bio","東京都渋谷区千駄ヶ谷3−41−12　シャトル千駄ヶ谷B1(地下)","この度はご利用ありがとうございます！

❶当スペースはセルフクリーニングと現場復帰をお願いしています(^^)
退室前に必ず
①クイックルワイパーでの床掃除
②使用した備品を元の位置へ戻す(室内張り紙を参考に)

上記を徹底してください。

❷当スペースは土足禁止です。
特に床に傷がつくようなヒール等でのご利用は禁止しております。
入室される際には、靴は脱いでご入室ください。（スリッパのご用意はあります）

❸施設住所
〒151-0051
東京都渋谷区千駄ヶ谷3-41-12　シャトル千駄ヶ谷　地下１階
（螺旋階段を地下へ降りてください）
北参道駅からの行き方動画
→https://youtu.be/QeOJx6fYvNg

❹お部屋への入室方法
1,お部屋のドアに設置されているナンバー式キーボックスを確認ください。
2.キーナンバーを「4126」にセットしてください。
3.キーボックスをパカっと開いた中に鍵があります。鍵を使って開錠してください。

もっと詳しいご利用方法はこちらから(必読)
⇨https://drive.google.com/file/d/1fTDA0jSFPJugVDd10-lvtQCzkEahjJPF/view?usp=sharing

【管理者より】
①今後のスペース運営の参考にさせていただきたいので、
利用後のメッセージでアンケートを送らせていただきます。(任意回答)

②当スペースは""音量計""と""目安音量""を設置しています。
目安音量を超えるのが絶対にNGというわけではありません。
あくまでも、他のフロアへの配慮をしていただきたいという
""目安で設置""させていただいています。

皆様の小さな配慮がスペースの維持に役立ちます。
ご協力をお願いいたします。
（⚠️もちろん大声の発声、熱唱はご遠慮ください。）

それでは皆様にとって楽しいひとときになりますように(^^)","2026-04-12 21:50:57.51609","2026-04-13 08:39:13.81678","2712","8668a18d-0f3d-4f39-9ae9-4fe0153b98ca","1",,"090-5117-6948","2026-04-13 08:39:13.802733","ご予約が完了しました。レンタルスタジオStudio-Bio（北参道駅1分）","【🎉2026年3月14日オープン🎉リノベ済✨】北参道駅1分🚶 少人数ダンス・ヨガに最適✨ 明るく清潔な可愛いスタジオ✨","f","08:00:00","22:00:00","f","08:00:00","22:00:00","f","08:00:00","22:00:00","f","08:00:00","22:00:00","f","08:00:00","22:00:00","f","08:00:00","22:00:00","f","08:00:00","22:00:00","f","t",,"https://dance-studio-lab.com/room/MTI3NDc3MzgtMTBhMy00NGY2LWE3MGQtZmM5YzdiYjVmNzM2/detail"
"113","ザ・スペース大久保南口","34089","50","5.5","t","2","0","0","2","f","t","f","2026-04-21 16:16:32.25262","2026-04-21 16:23:55.343442","d4abb128-78d3-4b95-9632-57bebfcedafd",,"f","f","t","t","f","f","t","t","t","t","f","f","t","t","t","t","f","f","f","t","[""5539ed3229446b8bfc7bd082448c8444(2).JPG""]","[""67f9ca2581720e5410cf7d4ec64d0d9a(2).jpg""]","[""10538f895bede8a3098e0cabe57b4646(2).JPG"",""d6446fa7a27e91c625d1294bd468d467(2).JPG"",""43a9dc3344246802e9cfa3da8b05c323(2).JPG"",""2feb4b8480b45362ce6493a8a07742ba(2).JPG"",""f71342d23a06e06fec0aef8b68172fd1(2).JPG"",""af4564ed471971d9ca86c58ff9dcf6a1(2).JPG"",""c51efe3e885b3bebdcf350f354d9ff56(2).JPG"",""b42840c637d3a99e191c633c610bfe5f(2).JPG"",""5c727e11c80ea40359dc964cc5cb8662(2).JPG"",""296c2481fc94486529edd2c996ff450e(2).JPG"",""6706ff83cc540b4ac44247b4f29603f1(2).JPG"",""dd2874215efc1c02c71b51de43b26101(2).JPG"",""a68094ac8436c10220e1c2d575fd7774(2).JPG"",""31bb2e72777ae1b5e1434c50050ce4ff(2).JPG"",""4ffae4992c277d03e29ae8c026860e99(2).JPG"",""879450aae7210b11f2b88e4d2ce6bedb(2).JPG"",""19b31c49aa611dc4f99618b0fc0f9c75(2).jpg"",""74fafb17f419f9ddadc72dad0bb833fd(2).JPG"",""899ffe15e3c072478bb30b5c48585e85(2).JPG"",""165e53af08aa96189cad99c67068ba09(2).JPG"",""1cdf95984950dd6545dd04e189f5ea30(2).JPG"",""6fbf5644cc91b5d48cbaa4be180a1b19(2).JPG"",""4c4b0d78d41566ec91a634fe418f15b5(2).JPG"",""7e0f79794c9a2f15eb83486f2f30f8c4(2).JPG"",""ff19af844ad79f542839e00448adb554(2).JPG"",""c19ac7d1b3c74873ef64978889b33062(2).JPG"",""a2268445367847cb753b7ca5351cac6b(2).JPG""]","2026-04-21 16:23:54.987333",,,"鏡面は２面あり２０名前後収容可能な約５０㎡のスタジオです。大久保駅南口から徒歩1分でアクセス抜群！周辺にはコンビニや飲食店も充実しています。","337","","0","6","0","f","f","34089","ザ・スペース大久保南口","新宿区百人町1-23-26　みなみビルＢ１－Ｂ号室","ご予約誠に有難うございます！😊

階段で地下１階まで降りていただき、【ザ・スペース大久保南口】の表示がある扉がございます。

鍵は開けておきますので、そのままご入室ください。

※お電話でのお問合せは平日10時～18時までになります。
それ以外のお時間については、メッセージにてお受けいたします。確認次第、ご返信いたします。
※日時違い等により利用者様同士のトラブルが増えております。利用者様同士のトラブルについては、当方は一切関知いたしません。当事者同士で解決いただくようお願いいたします。


退室時は下記にご注意ください。

・退室前の掃除機がけをお願いします。ゴミは必ずお持ち帰りください。
・エアコン、電気の消し忘れにご注意ください。
・施錠はせずにご退室ください。

それではよろしくお願いいたします。","2026-04-21 15:16:16.316117","2026-04-21 16:23:27.85377","2714","642aa0b3-c041-4061-9f45-32911c619509","1",,"090-4179-4245","2026-04-21 16:23:27.847429","[ご予約いただき誠にありがとうございます]ザ・スペース大久保南口","駅チカ！壁２面鏡張り！グループレッスン・個人レッスン・撮影などに最適！","f","00:00:00","00:00:00","f","00:00:00","00:00:00","f","00:00:00","00:00:00","f","00:00:00","00:00:00","f","00:00:00","00:00:00","f","00:00:00","00:00:00","f","00:00:00","00:00:00","f","t",,"https://dance-studio-lab.com/room/ZDRhYmIxMjgtNzhkMy00Yjk1LTk2MzItNTdiZWJmY2VkYWZk/detail"
"114","Aスタジオ","34090","85.4","5","t","1","2","1","3","f","t","f","2026-05-12 21:11:05.828053","2026-05-22 10:10:30.447033","22dd099b-f5c5-43d6-a065-337cb0efe125","0","t","f","t","t","f","f","t","f","f","t","f","f","t","t","f","f","f","f","f","f","[""081b4dd3c88b9328bdbaa5cc13b6310f(2).jpg""]",,"[""ab2ebef63053b3023a14c22ebc07568b(2).jpg""]",,,,"鏡面は前面で20名程度で利用可能。
無料の照明貸し出しも用意しております。
スピーカーは Bluetooth、AirPlay対応可
エアコン設備あり","356","","1440","6","0","f","f","34090","Aスタジオ","東京都渋谷区渋谷1-14-11 小林第一ビル　B1階","この度は、URIZIP TOKYOレンタルスタジオをご予約いただき誠にありがとうございます。
以下内容にてご予約を承りました。

━━━━━━━━━━━━━━━
■ ご予約内容
━━━━━━━━━━━━━━━

予約につきましては、確定次第改めてメールにてご連絡いたします。

━━━━━━━━━━━━━━━
■ スタジオについて
━━━━━━━━━━━━━━━

URIZIP TOKYOは、渋谷駅近くにあるKPOP特化型ダンススタジオです。

韓国大手事務所オーディションの開催や、
現役プロダンサー・アーティストによるレッスン、
アイドル育成・イベント運営なども行っております。

ダンス練習、撮影、自主練、レッスン利用など、
ぜひ自由にご活用ください。

▼URIZIP TOKYO HP
https://www.urizip.jp/


━━━━━━━━━━━━━━━
■ 無料体験レッスンのご案内
━━━━━━━━━━━━━━━

現在、URIZIP TOKYOでは
KPOPダンスレッスンの無料体験も受付中です。

・KPOPが好き
・ダンスを始めたい
・もっとレベルアップしたい
・韓国オーディションに挑戦したい

そんな方はぜひお気軽にご参加ください。

初心者の方から経験者の方まで大歓迎です。

▼URIZIP TOKYO体験レッスン申し込みフォーム
https://forms.gle/SQ37cu1ySBDjbWam8

━━━━━━━━━━━━━━━
■ ご利用時のお願い
━━━━━━━━━━━━━━━

・入退室時間厳守にご協力ください。
・大音量や近隣へのご配慮をお願いいたします。
・スタジオ内は土足禁止となります。
・ゴミはお持ち帰りにご協力ください。
・退出時モップがけをお願いいたします。

それでは当日お気をつけてお越しください。
スタッフ一同、心よりお待ちしております。

URIZIP TOKYO","2026-05-11 22:22:44.200553","2026-05-22 10:09:13.829744","2718","71c72ac7-5ec5-4f7e-a023-790046223c9b","0",,"03-6805-1185","2026-05-22 10:09:13.814564","【URIZIP】スタジオレンタルご予約","渋谷駅から徒歩約1分と便利な立地。","f","10:00:00","16:30:00","f","10:00:00","16:30:00","f","10:00:00","16:30:00","f","10:00:00","16:30:00","f","10:00:00","16:30:00","f",,,"t",,,"t","t",,"https://dance-studio-lab.com/room/MjJkZDA5OWItZjVjNS00M2Q2LWEwNjUtMzM3Y2IwZWZlMTI1/detail"
"115","Bスタジオ","34091",,"2.5","t","0","0","1","1","f","f","f","2026-05-12 21:13:57.191326","2026-05-22 10:10:36.5498","3dfe7023-85dc-4fc2-af3a-7b9f14607cf9","0","t","f","t","t","f","f","t","t","f","t","f","f","t","t","f","f","f","f","f","f","[""fe40e14180b3f1c2e3cef365b477310d.jpg""]",,,,,,"鏡面は一面で鏡の周りに照明があります。
8名程度で利用可能。
無料の照明貸し出しも用意しております。
スピーカーは Bluetooth、AirPlay対応可
エアコン設備あり","356","","1440","6","0","f","f","34091","Bスタジオ","東京都渋谷区渋谷1-14-11 小林第一ビル　B1階","

この度は、URIZIP TOKYOレンタルスタジオをご予約いただき誠にありがとうございます。
以下内容にてご予約を承りました。

━━━━━━━━━━━━━━━
■ ご予約内容
━━━━━━━━━━━━━━━

予約につきましては、確定次第改めてメールにてご連絡いたします。

━━━━━━━━━━━━━━━
■ スタジオについて
━━━━━━━━━━━━━━━

URIZIP TOKYOは、渋谷駅近くにあるKPOP特化型ダンススタジオです。

韓国大手事務所オーディションの開催や、
現役プロダンサー・アーティストによるレッスン、
アイドル育成・イベント運営なども行っております。

ダンス練習、撮影、自主練、レッスン利用など、
ぜひ自由にご活用ください。

▼URIZIP TOKYO HP
https://www.urizip.jp/


━━━━━━━━━━━━━━━
■ 無料体験レッスンのご案内
━━━━━━━━━━━━━━━

現在、URIZIP TOKYOでは
KPOPダンスレッスンの無料体験も受付中です。

・KPOPが好き
・ダンスを始めたい
・もっとレベルアップしたい
・韓国オーディションに挑戦したい

そんな方はぜひお気軽にご参加ください。

初心者の方から経験者の方まで大歓迎です。

▼URIZIP TOKYO体験レッスン申し込みフォーム
https://forms.gle/SQ37cu1ySBDjbWam8

━━━━━━━━━━━━━━━
■ ご利用時のお願い
━━━━━━━━━━━━━━━

・入退室時間厳守にご協力ください。
・大音量や近隣へのご配慮をお願いいたします。
・スタジオ内は土足禁止となります。
・ゴミはお持ち帰りにご協力ください。
・退出時モップがけをお願いいたします。

それでは当日お気をつけてお越しください。
スタッフ一同、心よりお待ちしております。

URIZIP TOKYO","2026-05-12 20:54:46.263372","2026-05-22 10:09:21.09569","2718","35c3b7f3-1b59-4431-8ff0-437043ca7f2b","0",,"03-6805-1185","2026-05-22 10:09:21.082786","【URIZIP","渋谷駅から徒歩1分と便利な立地。","f","10:00:00","16:30:00","f","10:00:00","16:30:00","f","10:00:00","16:30:00","f","10:00:00","16:30:00","f","10:00:00","16:30:00","f",,,"t",,,"t","t",,"https://dance-studio-lab.com/room/M2RmZTcwMjMtODVkYy00ZmMyLWFmM2EtN2I5ZjE0NjA3Y2Y5/detail"
"116","FromOne Place 錦糸町","34092","96",,"f","0","0","1","1","f","f","f","2026-05-25 14:58:11.650924","2026-06-03 20:05:33.020635","ed0ab7ec-5711-4781-87df-8e55df80b902",,"f","f","t","t","t","f","f","t","t","t","f","t","f","t","f","t","f","f","f","f","[""06502b07e0a1b55099ef3a0f36bd91ea.jpg""]","[""118d413e998ff78a5265e6049f204883(2).jpg""]","[""787d33520d7bfc81bcdbae1922f042b8.jpg"",""d5be0cb9338ac601c80ba8ed98ca537f.jpg"",""1a6ede3e8f1419b7445b389c3869170a.jpg"",""11f3e568e16a5222e785c660a09be670(2).jpg"",""f266311038ba011cd86f2340fa4872d4.jpg"",""deff00a2934c398907e8d821146c43b5.jpg"",""fb8207db78c25700acf35ea5bae05487.jpg"",""ef4d514437454ae8dec22a65028dd182.jpg"",""6ca54e0401dadc12e1063d7444827248.jpg"",""70117b2bb0e1491beec39c2a9888dc7d.jpg"",""bb1bdf22caddd064493f774b8cdebf18.jpg"",""0d3d54d9b586810d86ab700e1fa4e547.JPG"",""b89edbc8e08e7daaea2d972431b300a2.jpg"",""340b43b7c4eb7614f321dfc7ba54423d.jpg"",""f41c4a4984526a92d9cc50ba37d1412f.JPG"",""8557ff900bdf3c54ed267b8489f8393e(2).JPEG""]","2026-06-03 20:05:32.817157",,,"JR錦糸町駅南口改札より徒歩1分の好立地 
明るく綺麗なダンススタジオです。 
ダンスレッスンスタジオ、ヨガレッスンスタジオ、レンタルスペースとしてご利用下さい。","358","","2880","2","0","f","f","34092","FromOne Place錦糸町マルイ","〒130-0022東京都墨田区江東橋3丁目9-10錦糸町マルイ６階","この度は、FromOne Place 錦糸町のご利用をご検討頂き、ありがとうございます。
申請頂いた内容を確認し、数日以内に再度ご連絡させて頂きます。

なお、お急ぎの場合は、下記までお問合せください。
メールアドレス：admin@from-one.co.jp
店舗電話番号：080-4188-6261

お手数ですが、宜しくお願い致します。","2026-05-25 14:37:31.505069","2026-06-03 20:04:58.609438","2740","b81283ee-d332-4b62-b45b-38f9a9eeafd5","0",,"080-4188-6261","2026-06-03 20:04:58.589157","ご予約申請ありがとうございます/FromOne","JR錦糸町駅南口改札より徒歩1分の好立地  約96㎡の明るく綺麗なダンススタジオです。  ダンス、ヨガ、撮影スペースとしてご利用下さい。","f","09:00:00","21:00:00","f","09:00:00","21:00:00","f","09:00:00","21:00:00","f","09:00:00","21:00:00","f","09:00:00","21:00:00","f","09:00:00","21:00:00","f","09:00:00","21:00:00","f","t",,"https://dance-studio-lab.com/room/ZWQwYWI3ZWMtNTcxMS00NzgxLTg3ZGYtOGU1NWRmODBiOTAy/detail"
