article_title,article_type,article_priority,rank,studio_title,address,is_partner,dslurl,primary_station,distance_to_primary_station_m,place_id,google_name,rating,review_count,match_confidence,api_status,selection_score,selection_reason
上野のレンタルダンススタジオおすすめ,エリア,S,1,スタジオ五軒町／『鏡張り』の多目的に利用できる『防音』スタジオ,東京都千代田区外神田6-16-1,1,https://dance-studio-lab.com/room/ODZiZjA3NDItNjk4ZS00YjMxLWFjMGQtMGU5ZjVkZDg5OWQw/detail,湯島駅,308.0,ChIJqR_N5JuNGGARtspyhrGKB8M,スタジオ五軒町,4.9,18.0,0.368,OK,165.5,提携 | ★4.9(+20pt) | 口コミ18件(+1pt) | 駅近500m以内 | 複数記事候補×7 | tag/station:上野
上野のレンタルダンススタジオおすすめ,エリア,S,2,SPICYCANDY DANCESTUDIO,東京都台東区浅草橋4-2-8伊藤ビル1階,1,https://dance-studio-lab.com/room/NGFjMTNkYTgtNmQ4My00ZTgxLWI3ZmYtMjM4OGVjNDM4Yjk3/detail,浅草橋駅,341.0,ChIJb_joAnyPGGARY_blojM_gJM,【レンタルスタジオ】SPICY CANDY【ボディメイク】,4.0,1.0,0.408,OK,157.05,提携 | ★4.0(+16pt) | 口コミ1件(+0pt) | 駅近500m以内 | 複数記事候補×4 | primary_area=上野
上野のレンタルダンススタジオおすすめ,エリア,S,3,レンタルスタジオODORU,〒110-0015 東京都台東区東上野３丁目１８-１ B1,0,,上野駅,319.0,ChIJ259S0_CPGGAR4iLDbIyPZB4,レンタルスタジオODORU,4.8,55.0,1.0,OK,64.95,★4.8(+19pt) | 口コミ55件(+3pt) | 駅近500m以内 | 複数記事候補×5 | primary_area=上野
上野のレンタルダンススタジオおすすめ,エリア,S,4,ムーンプレイス レンタルスタジオ蔵前,〒111-0043 東京都台東区駒形２丁目１-５ ３階,0,,蔵前駅,224.0,ChIJWc_yyk2PGGARIYIy_QUNMo0,ムーンプレイス レンタルスタジオ蔵前,5.0,1.0,1.0,OK,63.05,★5.0(+20pt) | 口コミ1件(+0pt) | 駅近500m以内 | 複数記事候補×5 | primary_area=上野
上野のレンタルダンススタジオおすすめ,エリア,S,5,秋葉原ブルーハス レンタルスタジオ,〒110-0006 東京都台東区秋葉原３-１０ 東京商会秋葉原ビルB1階,0,,秋葉原駅,393.0,ChIJi43K6wKPGGARn2_l0sFecn0,秋葉原ブルーハス レンタルスタジオ,4.0,2.0,1.0,OK,61.1,★4.0(+16pt) | 口コミ2件(+0pt) | 駅近500m以内 | 複数記事候補×6 | primary_area=上野
上野のレンタルダンススタジオおすすめ,エリア,S,6,レンタルスタジオ三ノ輪,〒110-0011 東京都台東区三ノ輪１丁目１０-９ GATTINO 1F,0,,三ノ輪駅,219.0,ChIJl9-UloyOGGARnFoqPb_I9bk,レンタルスタジオ三ノ輪,5.0,1.0,1.0,OK,61.05,★5.0(+20pt) | 口コミ1件(+0pt) | 駅近500m以内 | 複数記事候補×4 | primary_area=上野
上野のレンタルダンススタジオおすすめ,エリア,S,7,浅草スタジオ２２６,〒111-0033 東京都台東区花川戸２丁目２-６ エビスビル 7階,0,,浅草駅,459.0,ChIJVfl8ecOOGGARD6WTv1XzWQU,浅草スタジオ２２６,3.7,46.0,1.0,OK,60.1,★3.7(+15pt) | 口コミ46件(+2pt) | 駅近500m以内 | 複数記事候補×5 | primary_area=上野
上野のレンタルダンススタジオおすすめ,エリア,S,8,FunnyTips（ファニーティップス）,〒101-0021 東京都千代田区外神田５丁目５-７ パンセ秋葉原 B1F,0,,秋葉原駅,633.0,ChIJic3HKR6MGGARaMdPLHK5NOk,FunnyTips（ファニーティップス）,4.8,42.0,1.0,OK,59.3,★4.8(+19pt) | 口コミ42件(+2pt) | 駅近1000m以内 | 複数記事候補×6 | tag/station:上野
上野のレンタルダンススタジオおすすめ,エリア,S,9,スタジオジパング 上野スタジオSTANDARD,"〒110-0015 東京都台東区東上野３丁目１４-１２, Ueno Bldg., B1 旧 辻井ビル",0,,上野駅,404.0,ChIJAa1J7Z-PGGARYdz1kIxyl0E,スタジオジパング 上野スタジオSTANDARD,4.0,3.0,1.0,OK,59.15,★4.0(+16pt) | 口コミ3件(+0pt) | 駅近500m以内 | 複数記事候補×5 | primary_area=上野
上野のレンタルダンススタジオおすすめ,エリア,S,10,ミライスタジオ上野,〒110-0003 東京都台東区根岸１丁目５-１３,0,,日暮里駅,943.0,ChIJEx8RZU6PGGARao7zHmKHtEs,ミライスタジオ上野,4.9,12.0,1.0,OK,58.2,★4.9(+20pt) | 口コミ12件(+1pt) | 駅近1000m以内 | 複数記事候補×6 | primary_area=上野
上野のレンタルダンススタジオおすすめ,エリア,S,11,レンタルスタジオALOALO,〒110-0016 東京都台東区台東４丁目３１-５ オリオンビル B1,0,,上野駅,717.0,ChIJq4jUEYqPGGARncRj9aiU11U,レンタルスタジオALOALO,5.0,1.0,1.0,OK,58.05,★5.0(+20pt) | 口コミ1件(+0pt) | 駅近1000m以内 | 複数記事候補×6 | primary_area=上野
上野のレンタルダンススタジオおすすめ,エリア,S,12,ブルースペース上野御徒町,〒110-0005 東京都台東区上野３丁目１３-１０ トミヤマビル B1F,0,,秋葉原駅,725.0,ChIJd9NlGkGPGGARVfILjaLOHAM,ブルースペース上野御徒町,4.8,8.0,1.0,OK,57.6,★4.8(+19pt) | 口コミ8件(+0pt) | 駅近1000m以内 | 複数記事候補×6 | primary_area=上野
上野のレンタルダンススタジオおすすめ,エリア,S,13,あおちゃんダンスコミュニケーション サルサダンス ブラジルダンス 認知症予防ダンス,〒110-0003 東京都台東区根岸２丁目１２-１１,0,,日暮里駅,726.0,ChIJL5FF-YuOGGARL1gBq1h6He8,【東京サルサ】あおちゃんダンスコミュニケーション,5.0,26.0,0.548,OK,57.3,★5.0(+20pt) | 口コミ26件(+1pt) | 駅近1000m以内 | 複数記事候補×5 | primary_area=上野
上野のレンタルダンススタジオおすすめ,エリア,S,14,シャノワールレンタルスタジオ,〒110-0005 東京都台東区上野３丁目１４-５ ヴェルコ黒門ビル 地下1階,0,,秋葉原駅,782.0,ChIJwcBMBzuPGGARgnyNIQN6DKw,シャノワールレンタルスタジオ,4.5,16.0,1.0,OK,56.8,★4.5(+18pt) | 口コミ16件(+1pt) | 駅近1000m以内 | 複数記事候補×6 | primary_area=上野
下北沢のレンタルダンススタジオおすすめ,エリア,S,1,ピアノスタジオノア 下北沢店,〒155-0031 東京都世田谷区北沢２丁目３４-８,0,,下北沢駅,201.0,ChIJkRZR42rzGGARZUx6Nwvucbk,ピアノスタジオノア 下北沢店,4.4,83.0,1.0,OK,64.75,★4.4(+18pt) | 口コミ83件(+4pt) | 駅近500m以内 | 複数記事候補×5 | primary_area=下北沢
下北沢のレンタルダンススタジオおすすめ,エリア,S,2,レンタルスタジオKACHA,〒158-0097 東京都世田谷区用賀２丁目３８-１４ 天虎ビル 202,0,,用賀駅,130.0,ChIJA7UWKMn1GGARuVdvRDuprHc,レンタルスタジオKACHA,5.0,2.0,1.0,OK,63.1,★5.0(+20pt) | 口コミ2件(+0pt) | 駅近500m以内 | 複数記事候補×5 | primary_area=下北沢
下北沢のレンタルダンススタジオおすすめ,エリア,S,3,スタジオセンティード Studio SENTIDO（レンタルスタジオ）,〒155-0031 東京都世田谷区北沢２丁目１８-５ 地下１階,0,,下北沢駅,253.0,ChIJ6Vsg52vzGGARG1pIJS-deqg,スタジオセンティード Studio SENTIDO（レンタルスタジオ）,5.0,1.0,1.0,OK,63.05,★5.0(+20pt) | 口コミ1件(+0pt) | 駅近500m以内 | 複数記事候補×5 | primary_area=下北沢
下北沢のレンタルダンススタジオおすすめ,エリア,S,4,リリィ スタジオ&カフェ レンタルカフェ,〒156-0052 東京都世田谷区経堂２丁目７-１４-１０２,0,,経堂駅,261.0,ChIJ0TNW373zGGARkjs8DR1Ptuk,リリィ スタジオ&カフェ レンタルカフェ,5.0,1.0,1.0,OK,63.05,★5.0(+20pt) | 口コミ1件(+0pt) | 駅近500m以内 | 複数記事候補×5 | primary_area=下北沢
下北沢のレンタルダンススタジオおすすめ,エリア,S,5,スタジオアニマーダ,〒154-0024 東京都世田谷区三軒茶屋１丁目１６-８,0,,三軒茶屋駅,423.0,ChIJ_9HFcJj0GGARhlZRK4G0ubk,スタジオアニマーダ,4.7,10.0,1.0,OK,62.3,★4.7(+19pt) | 口コミ10件(+0pt) | 駅近500m以内 | 複数記事候補×5 | primary_area=下北沢
下北沢のレンタルダンススタジオおすすめ,エリア,S,6,ワーサルレンタルスタジオ（Cスタジオ）,〒156-0041 東京都世田谷区大原２丁目２３-１５ 大原アジアビル 9F,0,,代田橋駅,201.0,ChIJiU58NQXzGGART_vyaE46Ahw,ワーサルレンタルスタジオ（Cスタジオ）,5.0,7.0,1.0,OK,61.35,★5.0(+20pt) | 口コミ7件(+0pt) | 駅近500m以内 | 複数記事候補×4 | primary_area=下北沢
下北沢のレンタルダンススタジオおすすめ,エリア,S,7,個室レンタルジム AllDayGym 松陰神社店,〒154-0023 東京都世田谷区若林４丁目１７-１２ プルミエール松陰神社 202,0,,松陰神社前駅,191.0,ChIJq-e2rYbzGGAR6ccRv_mijI0,レンタルジムAlldaygym 世田谷 松陰神社店,4.9,14.0,0.889,OK,61.3,★4.9(+20pt) | 口コミ14件(+1pt) | 駅近500m以内 | 複数記事候補×4 | primary_area=下北沢
下北沢のレンタルダンススタジオおすすめ,エリア,S,8,貸ホールスペース６,〒157-0062 東京都世田谷区南烏山６丁目４-８,0,,千歳烏山駅,100.0,ChIJJdP5PI7xGGARfExeQZckKig,貸ホールスペース６,5.0,3.0,1.0,OK,61.15,★5.0(+20pt) | 口コミ3件(+0pt) | 駅近500m以内 | 複数記事候補×4 | primary_area=下北沢
下北沢のレンタルダンススタジオおすすめ,エリア,S,9,J's,〒158-0097 東京都世田谷区用賀３丁目２５-９,0,,用賀駅,485.0,ChIJoTVvm3b0GGARh3OuJ9wZ-2c,J's ダンススタジオ,4.5,2.0,0.462,OK,61.1,★4.5(+18pt) | 口コミ2件(+0pt) | 駅近500m以内 | 複数記事候補×5 | primary_area=下北沢
下北沢のレンタルダンススタジオおすすめ,エリア,S,10,アトリエ エマーブル,〒158-0097 東京都世田谷区用賀３丁目１８-８ セントラルSOUI103,0,,用賀駅,374.0,ChIJ1-EfGPn1GGARrS6ylgmVess,アトリエ エマーブル,4.3,12.0,1.0,OK,60.8,★4.3(+17pt) | 口コミ12件(+1pt) | 駅近500m以内 | 複数記事候補×5 | primary_area=下北沢
下北沢のレンタルダンススタジオおすすめ,エリア,S,11,スタジオ白猫屋 経堂R店,〒156-0052 東京都世田谷区経堂１丁目１１-１３ 長島ビル 3Ｆ,0,,経堂駅,203.0,ChIJ55PkqjLzGGARLPp5G5MYqr8,スタジオ白猫屋 経堂R店,4.3,3.0,1.0,OK,60.35,★4.3(+17pt) | 口コミ3件(+0pt) | 駅近500m以内 | 複数記事候補×5 | primary_area=下北沢
下北沢のレンタルダンススタジオおすすめ,エリア,S,12,スタジオジパング 梅ヶ丘スタジオPRO,〒154-0022 東京都世田谷区梅丘１丁目３３-９ モンド梅ヶ丘ビル地下1階,0,,梅ヶ丘駅,94.0,ChIJfYb5q3XzGGAROeVxaFyShQc,スタジオジパング 梅ヶ丘スタジオPRO,4.7,3.0,1.0,OK,59.95,★4.7(+19pt) | 口コミ3件(+0pt) | 駅近500m以内 | 複数記事候補×4 | primary_area=下北沢
下北沢のレンタルダンススタジオおすすめ,エリア,S,13,NATURAglam 経堂スタジオ,〒156-0052 東京都世田谷区経堂１丁目２５-１８ 吉川水産ビル3階,0,,経堂駅,268.0,ChIJ_99YOJbzGGARtY4LmxpuuHM,ヨガ ピラティス NATURAglam 経堂スタジオ,4.0,4.0,0.821,OK,59.2,★4.0(+16pt) | 口コミ4件(+0pt) | 駅近500m以内 | 複数記事候補×5 | primary_area=下北沢
下北沢のレンタルダンススタジオおすすめ,エリア,S,14,レンタルスタジオ Grip 下高井戸,〒156-0044 東京都世田谷区赤堤５丁目２６-３ 地下１階,0,,下高井戸駅,419.0,ChIJCXuwAXnzGGARectX4NrLZRg,レンタルスタジオ Grip 下高井戸,4.5,2.0,1.0,OK,59.1,★4.5(+18pt) | 口コミ2件(+0pt) | 駅近500m以内 | 複数記事候補×4 | primary_area=下北沢
中目黒のレンタルダンススタジオおすすめ,エリア,S,1,チェリッシュスタジオ1号館/6号館,東京都渋谷区円山町20-1 新大宗円山ビル別館3階,1,https://dance-studio-lab.com/room/Njc0MjgwMDUtMzBjZS00ZmU5LWFkNzgtYTE3Y2U5NDMyYmU0/detail,神泉駅,170.0,ChIJ4wfflFWLGGARbN_uIlPutlI,チェリッシュスタジオ１号館,3.7,29.0,0.867,OK,159.25,提携 | ★3.7(+15pt) | 口コミ29件(+1pt) | 駅近500m以内 | 複数記事候補×5 | tag/station:中目黒
中目黒のレンタルダンススタジオおすすめ,エリア,S,2,チェリッシュスタジオ9号館,東京都渋谷区鶯谷町15-7 ライブリーYSビル6階,1,https://dance-studio-lab.com/room/NGU3OTQ4YzEtMzA3OS00NDc3LThjODQtYWFkMmUzMTE4ZmFm/detail,渋谷駅,423.0,ChIJ2Umz5_2LGGARzBCaEFk8wWE,チェリッシュスタジオ9号館,3.5,2.0,1.0,OK,159.1,提携 | ★3.5(+14pt) | 口コミ2件(+0pt) | 駅近500m以内 | 複数記事候補×6 | tag/station:中目黒
中目黒のレンタルダンススタジオおすすめ,エリア,S,3,チェリッシュスタジオ5号館,東京都渋谷区道玄坂1-16-6 二葉ビル7D,1,https://dance-studio-lab.com/room/NTRjMDczNjgtY2EzMy00YjE4LWJlMjYtYmExOTZiYTBmZWZk/detail,渋谷駅,379.0,ChIJ__9rXFaLGGARXSVew3-Frrw,チェリッシュ５号館,3.6,16.0,0.818,OK,156.2,提携 | ★3.6(+14pt) | 口コミ16件(+1pt) | 駅近500m以内 | 複数記事候補×4 | tag/station:中目黒
中目黒のレンタルダンススタジオおすすめ,エリア,S,4,ザ・スペース大久保南口,東京都渋谷区桜丘町29-17 さくらマンション205,1,https://dance-studio-lab.com/room/ZDRhYmIxMjgtNzhkMy00Yjk1LTk2MzItNTdiZWJmY2VkYWZk/detail,渋谷駅,515.0,ChIJ___v2VCLGGAR0z3eGgj4BjY,チェリッシュ4号館・8号館,3.9,30.0,0.0,OK,155.1,提携 | ★3.9(+16pt) | 口コミ30件(+2pt) | 駅近1000m以内 | 複数記事候補×6 | tag/station:中目黒
中目黒のレンタルダンススタジオおすすめ,エリア,S,5,CARDIO BARRE JIYUGAOKA (カーディオ・バー 自由が丘店),〒152-0035 東京都目黒区自由が丘２丁目１０-４ ミルシェ自由が丘 5階,0,,自由が丘駅,132.0,ChIJTSxeVXT1GGAR8L9MZnzOZO0,CARDIO BARRE JIYUGAOKA (カーディオ・バー 自由が丘店),4.8,154.0,1.0,OK,69.9,★4.8(+19pt) | 口コミ154件(+8pt) | 駅近500m以内 | 複数記事候補×5 | primary_area=中目黒
中目黒のレンタルダンススタジオおすすめ,エリア,S,6,ノアスタジオ 都立大店（ダンス・演劇）,〒152-0031 東京都目黒区中根１丁目７-２３ ＳＴビル,0,,都立大学駅,151.0,ChIJAQC0Gdz0GGARlctSXtd-qDQ,ノアスタジオ 都立大店,4.1,125.0,0.741,OK,65.65,★4.1(+16pt) | 口コミ125件(+6pt) | 駅近500m以内 | 複数記事候補×5 | primary_area=中目黒
中目黒のレンタルダンススタジオおすすめ,エリア,S,7,ダンススタジオANGELO★,〒152-0035 東京都目黒区自由が丘２丁目１６-２５ シグナルヒル B1,0,,自由が丘駅,270.0,ChIJSyd5GR71GGARmpn_LZ1e4K0,キッズダンススクールANGELO★,5.0,3.0,0.71,OK,63.15,★5.0(+20pt) | 口コミ3件(+0pt) | 駅近500m以内 | 複数記事候補×5 | primary_area=中目黒
中目黒のレンタルダンススタジオおすすめ,エリア,S,8,Dancing Appaloosa ダンシング アパルーサ,〒152-0004 東京都目黒区鷹番３丁目４-１９ 江連ビル 3階 イズミダンススクール内,0,,学芸大学駅,53.0,ChIJZxflgEH1GGAR8O76B2Rnr0M,カントリーダンス ダンシング アパルーサ,5.0,2.0,0.455,OK,63.1,★5.0(+20pt) | 口コミ2件(+0pt) | 駅近500m以内 | 複数記事候補×5 | primary_area=中目黒
中目黒のレンタルダンススタジオおすすめ,エリア,S,9,NSH MAJOR RENTAL STUDIO,〒153-0051 東京都目黒区上目黒３丁目６-１８ TYビル9階 Tyビル,0,,中目黒駅,205.0,ChIJTzy8UUaLGGARO3pP9Y5MU4Y,MAJOR Dance Studio,4.8,17.0,0.667,OK,63.05,★4.8(+19pt) | 口コミ17件(+1pt) | 駅近500m以内 | 複数記事候補×5 | primary_area=中目黒
中目黒のレンタルダンススタジオおすすめ,エリア,S,10,溶岩ホットヨガ LaLa Aasha（ララアーシャ）学芸大学,〒152-0004 東京都目黒区鷹番２丁目２０-６ Kh.01 3F,0,,学芸大学駅,154.0,ChIJge7oMsz0GGARIRcwDFkmNR0,溶岩ホットヨガ LaLa Aasha（ララアーシャ）学芸大学スタジオ,4.2,49.0,0.933,OK,62.25,★4.2(+17pt) | 口コミ49件(+2pt) | 駅近500m以内 | 複数記事候補×5 | primary_area=中目黒
中目黒のレンタルダンススタジオおすすめ,エリア,S,11,RAISE UP STUDIO 自由が丘 レンタルスタジオ,〒152-0035 東京都目黒区自由が丘１丁目３-22-B1,0,,自由が丘駅,288.0,ChIJxSEsih_1GGARdDQN9QdwEfE,RAISE UP STUDIO 自由が丘 レンタルスタジオ,4.6,5.0,1.0,OK,61.65,★4.6(+18pt) | 口コミ5件(+0pt) | 駅近500m以内 | 複数記事候補×5 | primary_area=中目黒
中目黒のレンタルダンススタジオおすすめ,エリア,S,12,レンタルスタジオAivic渋谷道玄坂,東京都渋谷区円山町23-10 渋谷ATビル201,1,https://dance-studio-lab.com/room/NWE2MDljYmItN2I0ZC00ZjIzLWI3MGEtMmZiNmEzNWJjOWI4/detail,神泉駅,78.0,ChIJuZbmQQCLGGARLH-u9VtZJWo,レンタルスタジオAivic渋谷道玄坂,,,1.0,OK,,提携 | ★nan(+nanpt) | 駅近500m以内 | 複数記事候補×6 | tag/station:中目黒
中目黒のレンタルダンススタジオおすすめ,エリア,S,13,レンタルスタジオAivic恵比寿,東京都渋谷区恵比寿西1-14-3 満栄佐藤ビル202,1,https://dance-studio-lab.com/room/MzMyZDY5NzktNDEzOS00MzAyLWJjNzEtMjZiMjNiNzUwNGMy/detail,恵比寿駅,233.0,ChIJbddKNQCLGGAR5i2xL19gjec,レンタルスタジオ Aivic恵比寿1号店,,,0.914,OK,,提携 | ★nan(+nanpt) | 駅近500m以内 | 複数記事候補×7 | tag/station:中目黒
中野のレンタルダンススタジオおすすめ,エリア,S,1,Dubway レンタルスタジオ中野,東京都中野区5-32-6 城西ビルB02,1,https://dance-studio-lab.com/room/MzFmYWU5ZjgtNmM0NC00MDYzLTljOGUtMjFlZDI1MmVhMDE5/detail,中野駅,167.0,ChIJ21QXDnjzGGARiL1yJ3naUQA,Dubway Dance Studio中野,5.0,1.0,0.457,OK,165.05,提携 | ★5.0(+20pt) | 口コミ1件(+0pt) | 駅近500m以内 | 複数記事候補×6 | primary_area=中野
中野のレンタルダンススタジオおすすめ,エリア,S,2,なかすた（スタジオ神田川）,〒164-0013 東京都中野区弥生町５丁目２２-２ ビラフジミ B号室,1,https://dance-studio-lab.com/room/ODE4NDI3NmEtODY2YS00ZTg2LTgyMzctNzMzNmYwYjNmNDgx/detail,中野富士見町駅,163.0,ChIJh19rEo_zGGARV0GsS_Gy7GM,なかすた,4.2,6.0,0.471,OK,160.1,提携 | ★4.2(+17pt) | 口コミ6件(+0pt) | 駅近500m以内 | 複数記事候補×5 | primary_area=中野
中野のレンタルダンススタジオおすすめ,エリア,S,3,ホットヨガスタジオLAVA 中野坂上店,〒164-0012 東京都中野区本町２丁目２８-１１ 不二ハイツ 2F,0,,中野坂上駅,254.0,ChIJf4iuldDyGGAR2NYr4RuYSpc,ホットヨガスタジオLAVA 中野坂上店,4.6,139.0,1.0,OK,66.35,★4.6(+18pt) | 口コミ139件(+7pt) | 駅近500m以内 | 複数記事候補×4 | primary_area=中野
中野のレンタルダンススタジオおすすめ,エリア,S,4,Rinky Dink Studio 中野店,〒164-0001 東京都中野区中野２丁目２５-２ トビタビル ２階,0,,中野駅,133.0,ChIJEXgrDJTyGGARy4nWWYV_3Z4,Rinky Dink Studio 中野店,4.3,60.0,1.0,OK,63.2,★4.3(+17pt) | 口コミ60件(+3pt) | 駅近500m以内 | 複数記事候補×5 | primary_area=中野
中野のレンタルダンススタジオおすすめ,エリア,S,5,中野 レンタルスタジオ オドリバ,〒164-0001 東京都中野区中野５丁目３２-６ 中野城西ビル B-7号室,0,,中野駅,163.0,ChIJAdEgIb_zGGARKKe68JFQG1E,中野 レンタルスタジオ オドリバ,5.0,2.0,1.0,OK,63.1,★5.0(+20pt) | 口コミ2件(+0pt) | 駅近500m以内 | 複数記事候補×5 | primary_area=中野
中野のレンタルダンススタジオおすすめ,エリア,S,6,D'CRE8 Dance Shtajio (ディークリエイトダンスシタジオ),〒164-0013 東京都中野区弥生町１丁目１１-２ B1,0,,西新宿五丁目駅（清水橋）,325.0,ChIJkwHn3knzGGARe1H1020zo1E,D'CRE8 Dance Shtajio (ディークリエイトダンスシタジオ),5.0,29.0,1.0,OK,62.45,★5.0(+20pt) | 口コミ29件(+1pt) | 駅近500m以内 | 複数記事候補×4 | primary_area=中野
中野のレンタルダンススタジオおすすめ,エリア,S,7,高円寺スタジオ,〒166-0002 東京都杉並区高円寺北２丁目７-７ 地下１階 高円寺名店ビル,0,,高円寺駅,147.0,ChIJ9zWe-HXzGGARGkJQzJ_PtPA,高円寺スタジオ,4.8,4.0,1.0,OK,62.4,★4.8(+19pt) | 口コミ4件(+0pt) | 駅近500m以内 | 複数記事候補×5 | tag/station:中野
中野のレンタルダンススタジオおすすめ,エリア,S,8,ノアスタジオ 中野店,"〒164-0001 東京都中野区中野３丁目３９-２, Nakano Noah Building, B1",0,,中野駅,231.0,ChIJaTG8cDTzGGARLDe5KZGdFKg,ノアスタジオ 中野店,4.5,24.0,1.0,OK,62.2,★4.5(+18pt) | 口コミ24件(+1pt) | 駅近500m以内 | 複数記事候補×5 | primary_area=中野
中野のレンタルダンススタジオおすすめ,エリア,S,9,スタジオ エレ,〒161-0034 東京都新宿区上落合３丁目２３-１７,0,,落合駅,319.0,ChIJx_XFEbfyGGARybHLrnejH-I,スタジオ エレ,4.4,12.0,1.0,OK,61.2,★4.4(+18pt) | 口コミ12件(+1pt) | 駅近500m以内 | 複数記事候補×5 | tag/station:中野
中野のレンタルダンススタジオおすすめ,エリア,S,10,大谷哲章バレエスタジオアプロン,〒164-0011 東京都中野区中央２丁目８-２１,0,,中野坂上駅,181.0,ChIJu9DaBYHzGGAR9hWXR5oOYLg,Alpha Ballet Studio アルファ•バレエ•スタジオ,5.0,3.0,0.311,OK,61.15,★5.0(+20pt) | 口コミ3件(+0pt) | 駅近500m以内 | 複数記事候補×4 | primary_area=中野
中野のレンタルダンススタジオおすすめ,エリア,S,11,サワミュージカルスタジオ,"関島ビル B2F, １丁目-１４-１２ 弥生町 中野区 東京都 164-0013",0,,西新宿五丁目駅（清水橋）,299.0,ChIJ7wiGhNfyGGARW6CreQ-Qf-E,サワミュージカルスタジオ,5.0,1.0,1.0,OK,61.05,★5.0(+20pt) | 口コミ1件(+0pt) | 駅近500m以内 | 複数記事候補×4 | primary_area=中野
中野のレンタルダンススタジオおすすめ,エリア,S,12,中野ロフトスタジオ～nakano f～,〒164-0001 東京都中野区中野５丁目４６-１０,0,,中野駅,294.0,ChIJl6Pr4ZbyGGARXRLXIUd2soI,レンタルスタジオ＆スペース nakano f,3.9,40.0,0.579,OK,60.6,★3.9(+16pt) | 口コミ40件(+2pt) | 駅近500m以内 | 複数記事候補×5 | primary_area=中野
中野のレンタルダンススタジオおすすめ,エリア,S,13,NATURAglam 高円寺スタジオ,〒166-0003 東京都杉並区４５ 高円寺南４丁目４５-２ メインロードビル3階,0,,高円寺駅,100.0,ChIJD1RX9IfyGGAR-Ka-hHMKh0c,ヨガ ピラティス ベリーダンス NATURAglam 高円寺スタジオ,4.3,6.0,0.723,OK,60.5,★4.3(+17pt) | 口コミ6件(+0pt) | 駅近500m以内 | 複数記事候補×5 | tag/station:中野
中野のレンタルダンススタジオおすすめ,エリア,S,14,ダンススタジオ ファンデーション 東中野落合校,〒164-0003 東京都中野区東中野３丁目１６-１４ 小谷ビル １Ｆ,0,,東中野駅,392.0,ChIJVVX5grfyGGARi4fjA1PDesI,ダンススタジオ ファンデーション 東中野落合校,4.8,6.0,1.0,OK,60.5,★4.8(+19pt) | 口コミ6件(+0pt) | 駅近500m以内 | 複数記事候補×4 | primary_area=中野
中野のレンタルダンススタジオおすすめ,エリア,S,15,ＪＰスタジオ,〒165-0027 東京都中野区野方５丁目１７-１０,0,,野方駅,193.0,ChIJc7NFhXjtGGARf90fzSEn1Uc,ＪＰスタジオ,5.0,2.0,1.0,OK,59.1,★5.0(+20pt) | 口コミ2件(+0pt) | 駅近500m以内 | 複数記事候補×3 | primary_area=中野
六本木のレンタルダンススタジオおすすめ,エリア,S,1,BUZZ レンタルスタジオ 六本木店,〒106-0032 東京都港区六本木４丁目５-７ スタジオＤ 地下1階,1,https://dance-studio-lab.com/room/MGYxY2IwOWYtNDQ4ZS00MmEyLTliYTAtNzg1YjUyOTA0OTlj/detail,六本木駅,269.0,ChIJYSonz5WLGGARQ_tWA-7sdLs,BUZZ六本木,4.3,6.0,0.609,OK,162.5,提携 | ★4.3(+17pt) | 口コミ6件(+0pt) | 駅近500m以内 | 複数記事候補×6 | primary_area=六本木
六本木のレンタルダンススタジオおすすめ,エリア,S,2,BUZZ赤坂見附 ,東京都港区赤坂3-21-14TS 共和六番館地下1階,1,https://dance-studio-lab.com/room/NjYxZDU0NDMtOGEwNS00MDM3LTllNDktMzAyNTQ0MmVlMTE1/detail,赤坂駅,100.0,ChIJVYWN_QmNGGAR9ZZTXuV5ck0,BUZZ赤坂見附,4.0,2.0,1.0,OK,159.1,提携 | ★4.0(+16pt) | 口コミ2件(+0pt) | 駅近500m以内 | 複数記事候補×5 | primary_area=六本木
六本木のレンタルダンススタジオおすすめ,エリア,S,3,チェリッシュスタジオ11号館/12号館/13号館/14号館,東京都港区西麻布-2-21-22 WEST麻布2791ビル2階,1,https://dance-studio-lab.com/room/ZmMxMTg1ZGQtMjUyZS00NjZlLWE3YzMtZjllNWM1N2JhNTdj/detail,表参道駅,809.0,ChIJT9aA3cqLGGARWLJ9gelXaKA,チェリッシュスタジオ11号館・12号館・13号館・14号館,3.8,8.0,0.945,OK,151.6,提携 | ★3.8(+15pt) | 口コミ8件(+0pt) | 駅近1000m以内 | 複数記事候補×5 | primary_area=六本木
六本木のレンタルダンススタジオおすすめ,エリア,S,4,ノアスタジオ 赤坂店,〒107-0052 東京都港区赤坂３丁目１３-１２ 受付は隣のビル2Fとなります,0,,赤坂駅,62.0,ChIJu6hQNIeLGGARf5rRIjgFNvg,サウンドスタジオノア 赤坂店,4.7,173.0,0.636,OK,70.45,★4.7(+19pt) | 口コミ173件(+9pt) | 駅近500m以内 | 複数記事候補×5 | primary_area=六本木
六本木のレンタルダンススタジオおすすめ,エリア,S,5,Pole Dance Tokyo ポールダンス東京,〒107-0052 東京都港区赤坂３丁目１６-８ 東海アネックスビルB1,0,,赤坂駅,150.0,ChIJwWi1RX-MGGARdCHNkBJgrs0,Pole Dance Tokyo ポールダンス東京,4.9,140.0,1.0,OK,69.6,★4.9(+20pt) | 口コミ140件(+7pt) | 駅近500m以内 | 複数記事候補×5 | primary_area=六本木
六本木のレンタルダンススタジオおすすめ,エリア,S,6,女性専用フィットネスジム ミットネス 赤坂店,〒107-0052 東京都港区赤坂４丁目３-６ ヒューリック赤坂一ツ木通ビル 3階,0,,赤坂駅,111.0,ChIJVbRkXH-MGGARV9_313t_vB0,MITTNESS赤坂店,4.8,74.0,0.194,OK,65.9,★4.8(+19pt) | 口コミ74件(+4pt) | 駅近500m以内 | 複数記事候補×5 | primary_area=六本木
六本木のレンタルダンススタジオおすすめ,エリア,S,7,ナ・ホク・オ・カヘアラニ フラ＆タヒチアン,〒107-0061 東京都港区北青山３丁目５-９ KAZU表参道 202号室,0,,表参道駅,242.0,ChIJ-5aidUWLGGARY60D58XZGpg,ナ・ホク・オ・カヘアラニ フラ＆タヒチアン ダンススタジオ,5.0,11.0,0.829,OK,65.55,★5.0(+20pt) | 口コミ11件(+1pt) | 駅近500m以内 | 複数記事候補×6 | primary_area=六本木
六本木のレンタルダンススタジオおすすめ,エリア,S,8,レンタルスタジオStudioIrodori麻布十番店,〒106-0045 東京都港区麻布十番１丁目５番１ YKビル 3F,0,,麻布十番駅,385.0,ChIJRZ-hD1OLGGARe7zo7aag8zM,レンタルスタジオStudioIrodori麻布十番4F,5.0,4.0,0.943,OK,65.2,★5.0(+20pt) | 口コミ4件(+0pt) | 駅近500m以内 | 複数記事候補×6 | primary_area=六本木
六本木のレンタルダンススタジオおすすめ,エリア,S,9,Nari Gym (ナリジム),〒107-0052 東京都港区赤坂３丁目14番9号 赤坂清水ビル 2F,0,,赤坂駅,48.0,ChIJ_x3OsDeLGGARwb3rmlvIiqs,Nari Gym (ナリジム) English/中文 OK,5.0,38.0,0.684,OK,64.9,★5.0(+20pt) | 口コミ38件(+2pt) | 駅近500m以内 | 複数記事候補×5 | primary_area=六本木
六本木のレンタルダンススタジオおすすめ,エリア,S,10,Pole and Aerial Studio POLISH六本木,〒106-0032 東京都港区六本木７丁目１２-３,0,,六本木駅,187.0,ChIJOWZUq3mLGGAR7divxhF0GsQ,Pole and Aerial Studio POLISH六本木,4.8,52.0,1.0,OK,64.8,★4.8(+19pt) | 口コミ52件(+3pt) | 駅近500m以内 | 複数記事候補×5 | primary_area=六本木
六本木のレンタルダンススタジオおすすめ,エリア,S,11,SOUTH MINT STUDIO 南青山,〒107-0062 東京都港区南青山２丁目２７-２０ B1F,0,,外苑前駅,167.0,ChIJxyCGQhmNGGARftkxLKPyNxU,SOUTH MINT STUDIO 南青山,4.8,4.0,1.0,OK,64.4,★4.8(+19pt) | 口コミ4件(+0pt) | 駅近500m以内 | 複数記事候補×7 | primary_area=六本木
六本木のレンタルダンススタジオおすすめ,エリア,S,12,六本木 レンタルスタジオ 十五夜,〒106-0032 東京都港区六本木５丁目１０-３２ 第一アイトービル別館2F,0,,六本木駅,303.0,ChIJJ-9tkZ2LGGARBFB6BgpZNPc,六本木 レンタルスタジオ 十五夜,5.0,5.0,1.0,OK,63.25,★5.0(+20pt) | 口コミ5件(+0pt) | 駅近500m以内 | 複数記事候補×5 | primary_area=六本木
六本木のレンタルダンススタジオおすすめ,エリア,S,13,Z-RAHZ DANCE STUDIO,〒106-0046 東京都港区元麻布１丁目２-２,0,,麻布十番駅,192.0,ChIJJZV3JXeLGGARMdTID7-byWQ,Z-RAHZ DANCE STUDIO,4.5,4.0,1.0,OK,63.2,★4.5(+18pt) | 口コミ4件(+0pt) | 駅近500m以内 | 複数記事候補×6 | primary_area=六本木
六本木のレンタルダンススタジオおすすめ,エリア,S,14,レンタルスタジオAivic新橋,"東京都港区西新橋1-16-14 宮川ビル4階
",1,https://dance-studio-lab.com/room/M2EyMzEzOTUtMjkwNC00MmRlLWI3YWEtYjBiMmM1NGUzYzhl/detail,新橋駅,408.0,ChIJWaWXRACLGGARsTqAAlbfEa8,レンタルスタジオAivic新橋,,,1.0,OK,,提携 | ★nan(+nanpt) | 駅近500m以内 | 複数記事候補×7 | primary_area=六本木
品川のレンタルダンススタジオおすすめ,エリア,S,1,Hidemi Dancing Vida,〒141-0021 東京都品川区上大崎２丁目１０-３２ フラワープラザビル 202,0,,目黒駅,198.0,ChIJPdLyWLaLGGARzgxvrSQdmFY,Hidemi Dancing Vida,5.0,3.0,1.0,OK,65.15,★5.0(+20pt) | 口コミ3件(+0pt) | 駅近500m以内 | 複数記事候補×6 | primary_area=品川
品川のレンタルダンススタジオおすすめ,エリア,S,2,Pole and Aerial Studio POLISH五反田,〒141-0031 東京都品川区西五反田１丁目５-２ トラヤビル 7階,0,,五反田駅,112.0,ChIJ9VJuw4qLGGARkreStlp-krQ,Pole and Aerial Studio POLISH五反田,4.9,9.0,1.0,OK,65.05,★4.9(+20pt) | 口コミ9件(+0pt) | 駅近500m以内 | 複数記事候補×6 | primary_area=品川
品川のレンタルダンススタジオおすすめ,エリア,S,3,スタジオペンタ五反田店,〒141-0022 東京都品川区東五反田１丁目１２-９,0,,五反田駅,169.0,ChIJbRmGovuKGGARsy9zFDawRZg,スタジオペンタ五反田店,4.1,50.0,1.0,OK,63.9,★4.1(+16pt) | 口コミ50件(+2pt) | 駅近500m以内 | 複数記事候補×6 | primary_area=品川
品川のレンタルダンススタジオおすすめ,エリア,S,4,ZITA アルゼンチンタンゴ,"Tokyo, 塚原ビル 4F, ２丁目-２７-２ 上大崎 品川区 東京都 141-0021",0,,目黒駅,83.0,ChIJAQA8PBmLGGARrUIMlnbi3GI,ZITA アルゼンチンタンゴ,4.3,20.0,1.0,OK,61.2,★4.3(+17pt) | 口コミ20件(+1pt) | 駅近500m以内 | 複数記事候補×5 | primary_area=品川
品川のレンタルダンススタジオおすすめ,エリア,S,5,SoyLatte STUDIO,〒141-0031 東京都品川区西五反田２丁目１７-８ 管野ビル ３F,0,,五反田駅,203.0,ChIJw4kYxOyLGGARVxry0E8g15Q,SoyLatte STUDIO,4.0,4.0,1.0,OK,61.2,★4.0(+16pt) | 口コミ4件(+0pt) | 駅近500m以内 | 複数記事候補×6 | primary_area=品川
品川のレンタルダンススタジオおすすめ,エリア,S,6,STUDIO FOXTAIL,〒140-0013 東京都品川区南大井２丁目１２-１０ ライオンズマンション大森 1F,0,,大森海岸駅,156.0,ChIJeW9EMMdhGGARXzJHJFszX4A,STUDIO FOXTAIL,4.8,5.0,1.0,OK,60.45,★4.8(+19pt) | 口コミ5件(+0pt) | 駅近500m以内 | 複数記事候補×4 | primary_area=品川
品川のレンタルダンススタジオおすすめ,エリア,S,7,studio opus-スタジオ オープス-,〒140-0014 東京都品川区大井４丁目１-３ TOKOビル B1F,0,,大井町駅,312.0,ChIJLxm-RdyLGGARiCiCH18L-mw,studio opus-スタジオ オープス-,4.3,3.0,1.0,OK,60.35,★4.3(+17pt) | 口コミ3件(+0pt) | 駅近500m以内 | 複数記事候補×5 | primary_area=品川
品川のレンタルダンススタジオおすすめ,エリア,S,8,池田山ノブレスレンタルスタジオ（五反田駅）,〒141-0022 東京都品川区東五反田５丁目２４-７ ノブレス池田山 B1階,0,,五反田駅,120.0,ChIJ8WVlHpmLGGARy3GuR7LmRt4,池田山ノブレスレンタルスタジオ（五反田駅）,3.7,3.0,1.0,OK,59.95,★3.7(+15pt) | 口コミ3件(+0pt) | 駅近500m以内 | 複数記事候補×6 | primary_area=品川
品川のレンタルダンススタジオおすすめ,エリア,S,9,studio501,〒141-0032 東京都品川区大崎５丁目４-１２ 八重苅ビル,0,,大崎駅,429.0,ChIJq6pe6_CKGGARTzdo7YzRf-Y,studio501,4.0,17.0,1.0,OK,59.85,★4.0(+16pt) | 口コミ17件(+1pt) | 駅近500m以内 | 複数記事候補×5 | primary_area=品川
品川のレンタルダンススタジオおすすめ,エリア,S,10,大井町店 レンタルスペースROOTS,〒140-0014 東京都品川区大井４丁目８-１１ L HOUSE 地下 一階,0,,大井町駅,434.0,ChIJq75HlSeLGGARkUDwbZpUk4Q,大井町店 レンタルスペースROOTS,4.0,3.0,1.0,OK,59.15,★4.0(+16pt) | 口コミ3件(+0pt) | 駅近500m以内 | 複数記事候補×5 | primary_area=品川
品川のレンタルダンススタジオおすすめ,エリア,S,11,山県順子モダンバレエスタジオ,〒140-0014 東京都品川区大井３丁目４-８,0,,大井町駅,419.0,ChIJS09m1kOLGGARbt_qeskqbhg,山県順子モダンバレエスタジオ,5.0,1.0,1.0,OK,59.05,★5.0(+20pt) | 口コミ1件(+0pt) | 駅近500m以内 | 複数記事候補×3 | primary_area=品川
品川のレンタルダンススタジオおすすめ,エリア,S,12,ルミエールバレエスタジオ,〒140-0014 東京都品川区大井１丁目３１-１,0,,大井町駅,399.0,ChIJEz4ZWw6LGGAR245VIUkGgf8,ルミエールバレエスタジオ,5.0,1.0,1.0,OK,59.05,★5.0(+20pt) | 口コミ1件(+0pt) | 駅近500m以内 | 複数記事候補×3 | primary_area=品川
品川のレンタルダンススタジオおすすめ,エリア,S,13,Manohiva Japan,〒140-0013 東京都品川区南大井３丁目２０-１１ 伊藤ビル 201,0,,大森海岸駅,108.0,ChIJC_KiX8RhGGARsUf0MHVwez0,Manohiva Japan,5.0,1.0,1.0,OK,57.05,★5.0(+20pt) | 口コミ1件(+0pt) | 駅近500m以内 | 複数記事候補×2 | primary_area=品川
品川のレンタルダンススタジオおすすめ,エリア,S,14,スタジオ エモーティフ,〒141-0031 東京都品川区西五反田５丁目２２-５ 藤ハイム B1F,0,,五反田駅,911.0,ChIJlU9qWhGLGGARHFF5I_V9dZQ,スタジオ エモーティフ,4.3,3.0,1.0,OK,53.35,★4.3(+17pt) | 口コミ3件(+0pt) | 駅近1000m以内 | 複数記事候補×5 | primary_area=品川
品川のレンタルダンススタジオおすすめ,エリア,S,15,ティアラ,〒142-0053 東京都品川区中延３丁目２-４,0,,荏原中延駅,91.0,ChIJGwbqA8CKGGARxxN21BrmzIA,ティアラ,3.0,2.0,1.0,OK,53.1,★3.0(+12pt) | 口コミ2件(+0pt) | 駅近500m以内 | 複数記事候補×4 | primary_area=品川
新宿のレンタルダンススタジオおすすめ,エリア,S,1,Studio-Bio,東京都渋谷区千駄ヶ谷3−41−12　シャトル千駄ヶ谷B1(地下),1,https://dance-studio-lab.com/room/MTI3NDc3MzgtMTBhMy00NGY2LWE3MGQtZmM5YzdiYjVmNzM2/detail,北参道駅,48.0,ChIJeSg5VJWNGGARIJQppzQUS9Q,レンタルダンススタジオ『Studio-Bio北参道』,5.0,5.0,0.529,OK,165.25,提携 | ★5.0(+20pt) | 口コミ5件(+0pt) | 駅近500m以内 | 複数記事候補×8 | tag/station:新宿
新宿のレンタルダンススタジオおすすめ,エリア,S,2,BUZZ レンタルスタジオ 新宿ハウス店,〒160-0023 東京都新宿区西新宿７丁目１６-１,1,https://dance-studio-lab.com/room/MWYzNmNhZGMtMWZiNi00MjBiLWJjNzMtZmFmNjAxYmQ5MjA3/detail,西武新宿駅,276.0,ChIJRc7vzXuNGGAR0_J9NkqzufI,BUZZ新宿ハウス,5.0,1.0,0.667,OK,165.05,提携 | ★5.0(+20pt) | 口コミ1件(+0pt) | 駅近500m以内 | 複数記事候補×7 | primary_area=新宿
新宿のレンタルダンススタジオおすすめ,エリア,S,3,BEATs レンタルスタジオ ビーツ,東京都渋谷区代々木1-42-2 藤ビル2階,1,https://dance-studio-lab.com/room/ZWU0MDNlZTUtMDE1Zi00NDcyLWFjZjgtZTAzNzUzZTAwMzNj/detail,代々木駅,259.0,ChIJhZZQrOqNGGARrlbzob-uRo4,RENTAL STUDIO BEATs,5.0,1.0,0.303,OK,165.05,提携 | ★5.0(+20pt) | 口コミ1件(+0pt) | 駅近500m以内 | 複数記事候補×6 | tag/station:新宿
新宿のレンタルダンススタジオおすすめ,エリア,S,4,Hina STUDIO(ヒナスタジオ)【新宿西口スタジオ】,東京都新宿区西新宿7-10-12　ダイハンビルデンス4階,1,https://dance-studio-lab.com/room/ZDEyOTIyNTctYjUwOC00ZTY3LTgxMWYtYTI0MzhkNDg4OGNj/detail,新宿西口駅,136.0,ChIJgYmjocKNGGARlnVYKBAmz6w,Hina STUDIO（ヒナスタジオ） 新宿西口,4.6,10.0,0.8,OK,161.9,提携 | ★4.6(+18pt) | 口コミ10件(+0pt) | 駅近500m以内 | 複数記事候補×5 | primary_area=新宿
新宿のレンタルダンススタジオおすすめ,エリア,S,5,BUZZ新宿,〒160-0023 東京都新宿区西新宿７丁目１６-４ Concierge高橋 BF 地下1階,1,https://dance-studio-lab.com/room/NThmODMwMDctZjkyNi00ZTE3LTgwNjQtMDRmOGIwMmQ5ZTRi/detail,西武新宿駅,298.0,ChIJcxTJc7GNGGAR4051ceCwzfc,BUZZ新宿,4.0,9.0,1.0,OK,161.45,提携 | ★4.0(+16pt) | 口コミ9件(+0pt) | 駅近500m以内 | 複数記事候補×7 | primary_area=新宿
新宿のレンタルダンススタジオおすすめ,エリア,S,6,THビル貸し会議室 レンタルスタジオ,〒151-0053 東京都渋谷区代々木２丁目４-１ Thビル,1,https://dance-studio-lab.com/room/ZGYxYjYyNDgtMDEzOC00MjZhLTgyZDctODZlMDViYTQ0NDgy/detail,新宿駅,451.0,ChIJGb3dtiaNGGAR08--7YnH1VM,THビル貸し会議室 レンタルスタジオ,3.6,5.0,1.0,OK,159.65,提携 | ★3.6(+14pt) | 口コミ5件(+0pt) | 駅近500m以内 | 複数記事候補×8 | tag/station:新宿
新宿のレンタルダンススタジオおすすめ,エリア,S,7,レンタルスタジオAivic高田馬場,東京都新宿区高田馬場1-31-8 高田馬場ダイカンプラザ1007,1,https://dance-studio-lab.com/room/M2JhMTAxM2EtZmMxNi00ODUwLTllNjUtNWQ4OTY3NmE2MWZj/detail,高田馬場駅,278.0,ChIJ30yR5NiNGGARoQhyMj-JpYQ,レンタルスタジオ HIKARI 高田馬場,4.0,1.0,0.8,OK,159.05,提携 | ★4.0(+16pt) | 口コミ1件(+0pt) | 駅近500m以内 | 複数記事候補×5 | primary_area=新宿
新宿のレンタルダンススタジオおすすめ,エリア,S,8,BUZZ レンタルスタジオ 高田馬場店,〒169-0075 東京都新宿区高田馬場４丁目１４-６ 地下1階 第二長谷川マンション,1,https://dance-studio-lab.com/room/NjZiZWQwNjEtYmU0ZS00MDllLWI0M2UtNmYxZjdhOWUwY2Mz/detail,高田馬場駅,273.0,ChIJQwsmb2-NGGARIk86UFkZZBY,BUZZ高田馬場,3.0,8.0,0.64,OK,153.4,提携 | ★3.0(+12pt) | 口コミ8件(+0pt) | 駅近500m以内 | 複数記事候補×4 | primary_area=新宿
新宿のレンタルダンススタジオおすすめ,エリア,S,9,スタジオインディ 新宿店,〒160-0022 東京都新宿区新宿３丁目２２番１１号 新宿ＲＳビル ６階,0,,新宿駅,289.0,ChIJ7_e-EtyMGGARWGKDmmfWr08,就活写真のスタジオインディ 新宿店,4.9,3522.0,0.815,OK,79.6,★4.9(+20pt) | 口コミ3522件(+15pt) | 駅近500m以内 | 複数記事候補×6 | primary_area=新宿
新宿のレンタルダンススタジオおすすめ,エリア,S,10,ノアスタジオ 新宿１号店,〒160-0023 東京都新宿区西新宿１丁目３-１４,0,,新宿駅,319.0,ChIJEZGmV9aMGGARGzRgLKl6a4g,ノアスタジオ 新宿１号店,4.0,205.0,1.0,OK,71.25,★4.0(+16pt) | 口コミ205件(+10pt) | 駅近500m以内 | 複数記事候補×6 | primary_area=新宿
新宿のレンタルダンススタジオおすすめ,エリア,S,11,ENCE Rental Studio 四谷三丁目【新宿エリアのレンタルスタジオ】,〒160-0017 東京都新宿区左門町１-１７ アパルトマン 四谷 102,0,,四谷三丁目駅,109.0,ChIJdal9_omNGGAR5rKEf5ipluU,ENCE Rental Studio 四谷三丁目,4.7,167.0,0.724,OK,70.15,★4.7(+19pt) | 口コミ167件(+8pt) | 駅近500m以内 | 複数記事候補×5 | primary_area=新宿
新宿のレンタルダンススタジオおすすめ,エリア,S,12,ダンススペース ベースオントップ高田馬場店,〒169-0075 東京都新宿区高田馬場１丁目３３-１４ サンフラワービル 3F,0,,高田馬場駅,120.0,ChIJX3BW0zuNGGARNAjquhhX6y0,ダンススペース ベースオントップ高田馬場店,4.3,120.0,1.0,OK,66.2,★4.3(+17pt) | 口コミ120件(+6pt) | 駅近500m以内 | 複数記事候補×5 | primary_area=新宿
新宿のレンタルダンススタジオおすすめ,エリア,S,13,レンタルダンススタジオ LANDstudio 新宿店,〒169-0073 東京都新宿区百人町１丁目２２-１９ 筒井ビル B1F,0,,新大久保駅,276.0,ChIJDZNZgHuNGGARHwvYElpwQqo,StudioOnda大久保,5.0,3.0,0.324,OK,65.15,★5.0(+20pt) | 口コミ3件(+0pt) | 駅近500m以内 | 複数記事候補×6 | primary_area=新宿
新宿のレンタルダンススタジオおすすめ,エリア,S,14,Studioonda大久保,〒169-0073 東京都新宿区百人町１丁目２３-２ 3F,0,,新大久保駅,388.0,ChIJDZNZgHuNGGARHwvYElpwQqo,StudioOnda大久保,5.0,3.0,1.0,OK,65.15,★5.0(+20pt) | 口コミ3件(+0pt) | 駅近500m以内 | 複数記事候補×6 | primary_area=新宿
池袋のレンタルダンススタジオおすすめ,エリア,S,1,レンタルスタジオAivic大塚,東京都豊島区北大塚2-9-7 豊島電気会館B1,1,https://dance-studio-lab.com/room/MjU5YzI0ZTUtYzE1MC00ODhmLWI2Y2MtNTk5YTFmMWIwMzZi/detail,大塚駅,274.0,ChIJ-d46QwCNGGARR8VBwDwR1VU,レンタルスタジオAivic大塚,5.0,1.0,1.0,OK,163.05,提携 | ★5.0(+20pt) | 口コミ1件(+0pt) | 駅近500m以内 | 複数記事候補×5 | primary_area=池袋
池袋のレンタルダンススタジオおすすめ,エリア,S,2,BUZZ レンタルスタジオ巣鴨店,〒170-0002 東京都豊島区巣鴨２丁目４-６ 第二みどりビル B1,1,https://dance-studio-lab.com/room/MmNjNjkxYjEtYjA5ZC00YTZkLWFjMTAtZmVhYzQ1MGY0M2Uy/detail,巣鴨駅,125.0,ChIJFSb9LmONGGARejCvteb7XZk,BUZZ巣鴨,4.4,5.0,0.571,OK,160.85,提携 | ★4.4(+18pt) | 口コミ5件(+0pt) | 駅近500m以内 | 複数記事候補×5 | primary_area=池袋
池袋のレンタルダンススタジオおすすめ,エリア,S,3,スタジオピアーチェ池袋店,東京都豊島区池袋本町1-7-1　池袋本町ビル地下１階,1,https://dance-studio-lab.com/room/YjA4YWEyZDUtYmFmZS00NDQ3LWJjOWYtMzU2MDlmMDc1MTJi/detail,北池袋駅,439.0,ChIJ3_mqOmCNGGARd6j7bGp0DQk,スタジオピアーチェ 池袋店,3.3,4.0,1.0,OK,154.4,提携 | ★3.3(+13pt) | 口コミ4件(+0pt) | 駅近500m以内 | 複数記事候補×4 | primary_area=池袋
池袋のレンタルダンススタジオおすすめ,エリア,S,4,レンタルスタジオAivic池袋東口2号店,東京都豊島区東池袋2-57-1 K/B東池袋Ⅱ 5F,1,https://dance-studio-lab.com/room/ZTVmNmYwZGYtZTExNy00YTlkLTk4MDktODhhMWE2ZTYyNmNj/detail,池袋駅,749.0,ChIJg88zWgCNGGARNBf3YX7tGTk,レンタルスタジオAivic池袋東口2号店,5.0,1.0,1.0,OK,154.05,提携 | ★5.0(+20pt) | 口コミ1件(+0pt) | 駅近1000m以内 | 複数記事候補×4 | primary_area=池袋
池袋のレンタルダンススタジオおすすめ,エリア,S,5,レンタルスタジオAivic池袋東口1号店,東京都豊島区東池袋3-11-9 三島ビル501,1,https://dance-studio-lab.com/room/ZTU1MDVkNDQtZjUzNi00MWRiLWFhMDctZTk3YTg1YjRjNDUx/detail,向原駅,618.0,ChIJg88zWgCNGGARNBf3YX7tGTk,レンタルスタジオAivic池袋東口2号店,5.0,1.0,0.95,OK,154.05,提携 | ★5.0(+20pt) | 口コミ1件(+0pt) | 駅近1000m以内 | 複数記事候補×4 | primary_area=池袋
池袋のレンタルダンススタジオおすすめ,エリア,S,6,BUZZ レンタルスタジオ池袋東口BASE,〒170-0013 東京都豊島区東池袋１丁目３６-７ B1,1,https://dance-studio-lab.com/room/NWY2ZjE2OGUtZDYyYi00ZTk5LThlMjctZDI1YjllMmRjM2Jk/detail,池袋駅,608.0,ChIJHxq3mUqNGGAR6EwwIRL0dQc,BUZZ池袋東口BASE,4.0,9.0,0.75,OK,152.45,提携 | ★4.0(+16pt) | 口コミ9件(+0pt) | 駅近1000m以内 | 複数記事候補×5 | primary_area=池袋
池袋のレンタルダンススタジオおすすめ,エリア,S,7,BUZZ池袋西口PARK,東京都豊島区西池袋3-30-10ライオンビルB1,1,https://dance-studio-lab.com/room/ZjBiN2M3MDEtZTMzYS00ZGZkLTg3YTktYjU3MjdjNDk3Njli/detail,池袋駅,586.0,ChIJHRV4uBSNGGARWrEJ-jU-nPs,BUZZ池袋西口PARK,3.4,9.0,1.0,OK,148.05,提携 | ★3.4(+14pt) | 口コミ9件(+0pt) | 駅近1000m以内 | 複数記事候補×4 | primary_area=池袋
池袋のレンタルダンススタジオおすすめ,エリア,S,8,東京ステップス・アーツ アニメダンス池袋校,〒192-0082 東京都豊島区東池袋１丁目２２-５ サンケェビル６F,0,,池袋駅,475.0,ChIJUSYAo2iNGGARWgyINzotEh0,東京ステップス・アーツ アニメダンス池袋校,4.9,86.0,1.0,OK,66.9,★4.9(+20pt) | 口コミ86件(+4pt) | 駅近500m以内 | 複数記事候補×5 | primary_area=池袋
池袋のレンタルダンススタジオおすすめ,エリア,S,9,studio worcle 池袋店,〒171-0022 東京都豊島区南池袋２丁目２２-４,0,,池袋駅,354.0,ChIJj1c49WiNGGARYz2pRzAay5g,studio worcle 池袋店,3.9,68.0,1.0,OK,62.0,★3.9(+16pt) | 口コミ68件(+3pt) | 駅近500m以内 | 複数記事候補×5 | primary_area=池袋
池袋のレンタルダンススタジオおすすめ,エリア,S,10,ジョイ・バレエ ストゥーディオ 本部スタジオ,〒171-0052 東京都豊島区南長崎１丁目９-１６ ヒルトップビルド B1,0,,椎名町駅,241.0,ChIJYVVnt6qNGGARNbUUPINa4sQ,ジョイ・バレエ ストゥーディオ 本部スタジオ,5.0,7.0,1.0,OK,61.35,★5.0(+20pt) | 口コミ7件(+0pt) | 駅近500m以内 | 複数記事候補×4 | primary_area=池袋
池袋のレンタルダンススタジオおすすめ,エリア,S,11,ダンスカレッジ古都,〒171-0042 東京都豊島区高松１丁目６-２,0,,要町駅,220.0,ChIJ9SRvBamSGGARHy_vvt7n-T0,ダンスカレッジ古都,5.0,6.0,1.0,OK,61.3,★5.0(+20pt) | 口コミ6件(+0pt) | 駅近500m以内 | 複数記事候補×4 | primary_area=池袋
池袋のレンタルダンススタジオおすすめ,エリア,S,12,FLAG POINT,〒171-0043 東京都豊島区２１ 豊島区要町1丁目21-10 三井ビル2F,0,,要町駅,283.0,ChIJZ58KCNOTGGAR6Vr_8r50bBI,FLAG POINT,5.0,2.0,1.0,OK,61.1,★5.0(+20pt) | 口コミ2件(+0pt) | 駅近500m以内 | 複数記事候補×4 | primary_area=池袋
池袋のレンタルダンススタジオおすすめ,エリア,S,13,スタジオ階梯-空-,〒171-0052 東京都豊島区南長崎５丁目１４-２ ヤマザキビル 地下1階,0,,東長崎駅,316.0,ChIJq6r62FbtGGARj1xrz97lBpc,スタジオ階梯-空-,5.0,2.0,1.0,OK,61.1,★5.0(+20pt) | 口コミ2件(+0pt) | 駅近500m以内 | 複数記事候補×4 | primary_area=池袋
池袋のレンタルダンススタジオおすすめ,エリア,S,14,BUZZ レンタルスタジオ 池袋本店,〒171-0022 東京都豊島区南池袋１丁目２０-１ 横田ビル 3F,0,,池袋駅,241.0,ChIJvffUWlmNGGAR-a6kOuZRE3Y,BUZZ池袋本店,4.1,32.0,0.667,OK,61.0,★4.1(+16pt) | 口コミ32件(+2pt) | 駅近500m以内 | 複数記事候補×5 | primary_area=池袋
池袋のレンタルダンススタジオおすすめ,エリア,S,15,Dubway レンタルスタジオ大塚,東京都豊島区北大塚2-10-5 BMAビル　B1,1,https://dance-studio-lab.com/room/ODA1MWRkOGQtODA5Yi00NTRlLWIyNzktZmMyNWFkMTc3ZDY4/detail,大塚駅,241.0,ChIJsZq2IUCNGGARPCwCH5PJl0Q,Dubway Lab大塚レンタルスタジオ,,,0.8,OK,,提携 | ★nan(+nanpt) | 駅近500m以内 | 複数記事候補×5 | primary_area=池袋
渋谷のレンタルダンススタジオおすすめ,エリア,S,1,Studio-Bio,東京都渋谷区千駄ヶ谷3−41−12　シャトル千駄ヶ谷B1(地下),1,https://dance-studio-lab.com/room/MTI3NDc3MzgtMTBhMy00NGY2LWE3MGQtZmM5YzdiYjVmNzM2/detail,北参道駅,48.0,ChIJeSg5VJWNGGARIJQppzQUS9Q,レンタルダンススタジオ『Studio-Bio北参道』,5.0,5.0,0.529,OK,165.25,提携 | ★5.0(+20pt) | 口コミ5件(+0pt) | 駅近500m以内 | 複数記事候補×8 | primary_area=渋谷
渋谷のレンタルダンススタジオおすすめ,エリア,S,2,BEATs レンタルスタジオ ビーツ,東京都渋谷区代々木1-42-2 藤ビル2階,1,https://dance-studio-lab.com/room/ZWU0MDNlZTUtMDE1Zi00NDcyLWFjZjgtZTAzNzUzZTAwMzNj/detail,代々木駅,259.0,ChIJhZZQrOqNGGARrlbzob-uRo4,RENTAL STUDIO BEATs,5.0,1.0,0.303,OK,165.05,提携 | ★5.0(+20pt) | 口コミ1件(+0pt) | 駅近500m以内 | 複数記事候補×6 | primary_area=渋谷
渋谷のレンタルダンススタジオおすすめ,エリア,S,3,BUZZ渋谷MARKCITY,〒150-0043 東京都渋谷区道玄坂１丁目１７ 9BUZZビル,1,https://dance-studio-lab.com/room/MTJmOWU1NGQtYmViZC00YWEzLWI5Y2ItNGFhYzU3YTAyZTBk/detail,渋谷駅,437.0,ChIJfYAEdgKLGGARHbcNsyh2QfI,BUZZ渋谷MARKCITY,4.3,7.0,1.0,OK,162.55,提携 | ★4.3(+17pt) | 口コミ7件(+0pt) | 駅近500m以内 | 複数記事候補×6 | primary_area=渋谷
渋谷のレンタルダンススタジオおすすめ,エリア,S,4,BUZZ渋谷TOWER,東京都渋谷区東2-27-9],1,https://dance-studio-lab.com/room/YWZmOTdhZGMtMjk1MC00ODljLWE2YWUtMDRjMGM5NTIxZTg2/detail,渋谷駅,437.0,ChIJQUYpSQCLGGARsF4hafI8N7A,BUZZ渋谷TOWER,3.9,9.0,1.0,OK,161.05,提携 | ★3.9(+16pt) | 口コミ9件(+0pt) | 駅近500m以内 | 複数記事候補×8 | primary_area=渋谷
渋谷のレンタルダンススタジオおすすめ,エリア,S,5,BUZZ レンタルスタジオ 渋谷PARK店,〒150-0042 東京都渋谷区宇田川町１９-５,1,https://dance-studio-lab.com/room/YmNlM2RmNGMtNGI0Mi00ZTg4LTk4OTYtNjY4NWRiM2JmNzhm/detail,渋谷駅,448.0,ChIJj1Xu_r2NGGARdm3n9K-BDqY,BUZZ渋谷PARK,3.6,14.0,0.69,OK,160.1,提携 | ★3.6(+14pt) | 口コミ14件(+1pt) | 駅近500m以内 | 複数記事候補×8 | primary_area=渋谷
渋谷のレンタルダンススタジオおすすめ,エリア,S,6,THビル貸し会議室 レンタルスタジオ,〒151-0053 東京都渋谷区代々木２丁目４-１ Thビル,1,https://dance-studio-lab.com/room/ZGYxYjYyNDgtMDEzOC00MjZhLTgyZDctODZlMDViYTQ0NDgy/detail,新宿駅,451.0,ChIJGb3dtiaNGGAR08--7YnH1VM,THビル貸し会議室 レンタルスタジオ,3.6,5.0,1.0,OK,159.65,提携 | ★3.6(+14pt) | 口コミ5件(+0pt) | 駅近500m以内 | 複数記事候補×8 | primary_area=渋谷
渋谷のレンタルダンススタジオおすすめ,エリア,S,7,チェリッシュスタジオ1号館/6号館,東京都渋谷区円山町20-1 新大宗円山ビル別館3階,1,https://dance-studio-lab.com/room/Njc0MjgwMDUtMzBjZS00ZmU5LWFkNzgtYTE3Y2U5NDMyYmU0/detail,神泉駅,170.0,ChIJ4wfflFWLGGARbN_uIlPutlI,チェリッシュスタジオ１号館,3.7,29.0,0.867,OK,159.25,提携 | ★3.7(+15pt) | 口コミ29件(+1pt) | 駅近500m以内 | 複数記事候補×5 | primary_area=渋谷
渋谷のレンタルダンススタジオおすすめ,エリア,S,8,チェリッシュスタジオ9号館,東京都渋谷区鶯谷町15-7 ライブリーYSビル6階,1,https://dance-studio-lab.com/room/NGU3OTQ4YzEtMzA3OS00NDc3LThjODQtYWFkMmUzMTE4ZmFm/detail,渋谷駅,423.0,ChIJ2Umz5_2LGGARzBCaEFk8wWE,チェリッシュスタジオ9号館,3.5,2.0,1.0,OK,159.1,提携 | ★3.5(+14pt) | 口コミ2件(+0pt) | 駅近500m以内 | 複数記事候補×6 | primary_area=渋谷
渋谷のレンタルダンススタジオおすすめ,エリア,S,9,Rei Dance Collection 駅前校,〒150-0002 東京都渋谷区渋谷３丁目２８-７ 青ビル B1F,0,,渋谷駅,324.0,ChIJO-_Nh1aLGGARwLqUxvR0wFM,Rei Dance Collection 渋谷校,4.7,308.0,0.905,OK,78.8,★4.7(+19pt) | 口コミ308件(+15pt) | 駅近500m以内 | 複数記事候補×6 | primary_area=渋谷
渋谷のレンタルダンススタジオおすすめ,エリア,S,10,恵比寿ガーデンプレイス,〒150-0013 東京都渋谷区恵比寿４丁目２０,0,,恵比寿駅,576.0,ChIJ3bRi2hWLGGARsMUFP7GRGBI,恵比寿ガーデンプレイス,4.1,7404.0,1.0,OK,67.4,★4.1(+16pt) | 口コミ7404件(+15pt) | 駅近1000m以内 | 複数記事候補×5 | primary_area=渋谷
渋谷のレンタルダンススタジオおすすめ,エリア,S,11,JOINT STUDO Harajuku,〒150-0001 東京都渋谷区神宮前４丁目２９-９ Ondenビル B1,0,,原宿駅,400.0,ChIJ2Qjqh6OMGGARZ9XaSYgrKok,JOINT HARAJUKU Bar&Gallery,4.7,59.0,0.619,OK,66.75,★4.7(+19pt) | 口コミ59件(+3pt) | 駅近500m以内 | 複数記事候補×7 | primary_area=渋谷
渋谷のレンタルダンススタジオおすすめ,エリア,S,12,タヒチアンダンススタジオ ライマーラマ表参道,〒150-0001 東京都渋谷区神宮前５丁目１３-１４,0,,表参道駅,493.0,ChIJsXnZT6GMGGAR0uM7dZxo6GE,タヒチアンダンススタジオ ライマーラマ表参道,5.0,10.0,1.0,OK,65.5,★5.0(+20pt) | 口コミ10件(+0pt) | 駅近500m以内 | 複数記事候補×7 | primary_area=渋谷
渋谷のレンタルダンススタジオおすすめ,エリア,S,13,恵比寿ヒルサイドスタジオ,〒150-0022 東京都渋谷区恵比寿南２丁目２１-８ 恵比寿ファインヒル B１,0,,恵比寿駅,453.0,ChIJz66xUj6LGGARgH8XUogXl3I,恵比寿ヒルサイドスタジオ,4.5,44.0,1.0,OK,65.2,★4.5(+18pt) | 口コミ44件(+2pt) | 駅近500m以内 | 複数記事候補×6 | primary_area=渋谷
渋谷のレンタルダンススタジオおすすめ,エリア,S,14,『bco』 Private lesson/salon,〒150-0001 東京都渋谷区神宮前１丁目２１-１５ 2F奥 ナポレ原宿,0,,原宿駅,255.0,ChIJnT99eiCNGGARsKx7RbQzU9Y,『bco』 Private lesson/salon,5.0,4.0,1.0,OK,65.2,★5.0(+20pt) | 口コミ4件(+0pt) | 駅近500m以内 | 複数記事候補×6 | primary_area=渋谷
渋谷のレンタルダンススタジオおすすめ,エリア,S,15,DANCE WORKS,〒150-0032 東京都渋谷区鶯谷町７-１０ ＮＭＤビル 2F-6F,0,,渋谷駅,447.0,ChIJE9h0frqLGGARZ1rSuNV-jlo,DANCE WORKS,4.4,50.0,1.0,OK,65.1,★4.4(+18pt) | 口コミ50件(+2pt) | 駅近500m以内 | 複数記事候補×6 | primary_area=渋谷
秋葉原のレンタルダンススタジオおすすめ,エリア,S,1,スタジオ五軒町／『鏡張り』の多目的に利用できる『防音』スタジオ,東京都千代田区外神田6-16-1,1,https://dance-studio-lab.com/room/ODZiZjA3NDItNjk4ZS00YjMxLWFjMGQtMGU5ZjVkZDg5OWQw/detail,湯島駅,308.0,ChIJqR_N5JuNGGARtspyhrGKB8M,スタジオ五軒町,4.9,18.0,0.368,OK,165.5,提携 | ★4.9(+20pt) | 口コミ18件(+1pt) | 駅近500m以内 | 複数記事候補×7 | primary_area=秋葉原
秋葉原のレンタルダンススタジオおすすめ,エリア,S,2,レンタルスタジオAivic神田,"東京都千代田区神田紺屋町21 高山ビル101
",1,https://dance-studio-lab.com/room/MzE4YmJlMGMtZTc3Yy00OTIwLTg3ZTMtZDQxN2E4Yzc1YTFj/detail,神田駅,251.0,ChIJqW7MLwCNGGARxobNUNYiP5w,Aivicスペース神田,4.5,2.0,0.538,OK,161.1,提携 | ★4.5(+18pt) | 口コミ2件(+0pt) | 駅近500m以内 | 複数記事候補×5 | primary_area=秋葉原
秋葉原のレンタルダンススタジオおすすめ,エリア,S,3,BUZZ レンタルスタジオ 神田店,〒101-0047 東京都千代田区内神田２丁目９-９ 神田西口ビル B1F,1,https://dance-studio-lab.com/room/ODJkZDE5YzQtMTlhZS00NjNlLWJlZTQtNDA3NTU3MTQ5NDg5/detail,秋葉原駅,989.0,ChIJs4poIDGNGGARyb9k_Nit0LI,BUZZ神田,4.1,10.0,0.571,OK,154.9,提携 | ★4.1(+16pt) | 口コミ10件(+0pt) | 駅近1000m以内 | 複数記事候補×8 | primary_area=秋葉原
秋葉原のレンタルダンススタジオおすすめ,エリア,S,4,ノアスタジオ 秋葉原店,〒101-0021 東京都千代田区外神田６丁目１４-８,0,,秋葉原駅,589.0,ChIJBYrhQR6MGGARzKASg6uMah0,サウンドスタジオノア 秋葉原店,4.3,470.0,0.667,OK,68.2,★4.3(+17pt) | 口コミ470件(+15pt) | 駅近1000m以内 | 複数記事候補×5 | primary_area=秋葉原
秋葉原のレンタルダンススタジオおすすめ,エリア,S,5,レンタルスペース リノスペcamp東京ドーム,〒101-0061 東京都千代田区神田三崎町２丁目１２-５ ニュー千代田ビル 3F-A,0,,水道橋駅,167.0,ChIJT0Df6o6NGGARZOXAyL5q-bg,レンタルスペース リノスペcamp東京ドーム,4.7,23.0,1.0,OK,64.95,★4.7(+19pt) | 口コミ23件(+1pt) | 駅近500m以内 | 複数記事候補×6 | primary_area=秋葉原
秋葉原のレンタルダンススタジオおすすめ,エリア,S,6,Estudio ILIA FLAMENCA,〒101-0051 東京都千代田区神田神保町１丁目２５-４ 神保町ビル B1 SH神田南,0,,神保町駅,281.0,ChIJAzSOewCNGGARFP-rGKFK0o4,イリアフラメンコスタジオ,5.0,22.0,0.0,OK,64.1,★5.0(+20pt) | 口コミ22件(+1pt) | 駅近500m以内 | 複数記事候補×5 | primary_area=秋葉原
秋葉原のレンタルダンススタジオおすすめ,エリア,S,7,alt studio (オルトスタジオ),〒101-0051 東京都千代田区神田神保町１丁目64-３ 神保町ビル 6F,0,,神保町駅,327.0,ChIJI5qKQX2NGGARXk6A8O7Zcfs,レコーディングスタジオ「alt studio」,4.7,3.0,0.45,OK,63.95,★4.7(+19pt) | 口コミ3件(+0pt) | 駅近500m以内 | 複数記事候補×6 | primary_area=秋葉原
秋葉原のレンタルダンススタジオおすすめ,エリア,S,8,バンドスタジオ ベースオントップ秋葉原昭和通り口店,〒101-0025 東京都千代田区神田佐久間町３丁目37-１ 文唱堂ビル B1F,0,,秋葉原駅,326.0,ChIJKYlSUGyPGGAReWy1AyFOtW4,バンドスタジオ ベースオントップ秋葉原昭和通り口店,4.4,53.0,1.0,OK,63.25,★4.4(+18pt) | 口コミ53件(+3pt) | 駅近500m以内 | 複数記事候補×5 | primary_area=秋葉原
秋葉原のレンタルダンススタジオおすすめ,エリア,S,9,レンタルスタジオ YOGA SPICE 神保町,〒101-0065 東京都千代田区西神田２丁目３-２ 牧ビル 402号室,0,,神保町駅,312.0,ChIJbwCftgKNGGARdUPWLgLVASw,レンタルスタジオ YOGA SPICE 神保町,5.0,2.0,1.0,OK,63.1,★5.0(+20pt) | 口コミ2件(+0pt) | 駅近500m以内 | 複数記事候補×5 | primary_area=秋葉原
秋葉原のレンタルダンススタジオおすすめ,エリア,S,10,Rinky Dink Studio お茶の水 神保町店,〒101-0051 東京都千代田区 アイピー第1ビル 6F・7F・8F 神田神保町1-2-12,0,,神保町駅,231.0,ChIJbWng3xCMGGARbxQWYAqZh6Q,Rinky Dink Studio お茶の水 神保町店,4.1,74.0,1.0,OK,63.1,★4.1(+16pt) | 口コミ74件(+4pt) | 駅近500m以内 | 複数記事候補×5 | primary_area=秋葉原
秋葉原のレンタルダンススタジオおすすめ,エリア,S,11,レンタル撮影スタジオDOLLY飯田橋1号店,〒102-0072 東京都千代田区飯田橋３丁目６-６ 港屋ビル 2F,0,,飯田橋駅,134.0,ChIJwf53wGSNGGARvN0n0rejQEQ,レンタル撮影スタジオDOLLYニュー飯田橋1号店,4.3,6.0,0.933,OK,62.5,★4.3(+17pt) | 口コミ6件(+0pt) | 駅近500m以内 | 複数記事候補×6 | primary_area=秋葉原
秋葉原のレンタルダンススタジオおすすめ,エリア,S,12,ミルクスタジオ,〒101-0021 東京都千代田区外神田３丁目３-５ ヨシヰビル,0,,秋葉原駅,467.0,ChIJq6qaLxyMGGARVy-sqEAphZ0,ミルクスタジオ,4.0,52.0,1.0,OK,61.6,★4.0(+16pt) | 口コミ52件(+3pt) | 駅近500m以内 | 複数記事候補×5 | primary_area=秋葉原
秋葉原のレンタルダンススタジオおすすめ,エリア,S,13,KM Dance Arts,〒102-0076 東京都千代田区五番町５-１８ 地下1階,0,,市ケ谷駅,111.0,ChIJTVxLwPmNGGAREW2W8hasKEM,KM Dance Arts,5.0,9.0,1.0,OK,61.45,★5.0(+20pt) | 口コミ9件(+0pt) | 駅近500m以内 | 複数記事候補×4 | primary_area=秋葉原
秋葉原のレンタルダンススタジオおすすめ,エリア,S,14,第一ホテル東京 フィットネス&アクアゾーン,〒100-0011 東京都千代田区内幸町１丁目５-３ 新幸橋ビルディング ビル内,0,,新橋駅,357.0,ChIJLSTfAuyLGGARhnQIHLjq10k,第一ホテル東京 フィットネス&アクアゾーン,3.6,40.0,1.0,OK,61.4,★3.6(+14pt) | 口コミ40件(+2pt) | 駅近500m以内 | 複数記事候補×6 | primary_area=秋葉原
秋葉原のレンタルダンススタジオおすすめ,エリア,S,15,レンタルスタジオ モエギ市ヶ谷 ヨガダンスストレッチサロン Moegi市ヶ谷,〒102-0073 東京都千代田区九段北４丁目１-１５ MT市ヶ谷 201,0,,市ケ谷駅,363.0,ChIJ91CX-Arn0y8RRhaf9zn1SRA,レンタルスタジオ モエギ市ヶ谷 ヨガダンスストレッチサロン Moegi市ヶ谷,5.0,3.0,1.0,OK,61.15,★5.0(+20pt) | 口コミ3件(+0pt) | 駅近500m以内 | 複数記事候補×4 | primary_area=秋葉原
銀座のレンタルダンススタジオおすすめ,エリア,S,1,スタジオインディ 東京駅前店,〒104-0031 東京都中央区京橋１丁目４-１１ 竹本ビルディング ４階,0,,東京駅,397.0,ChIJ_Y-2T92LGGARO0DCyy0N7qM,就活写真のスタジオインディ 東京駅前店,4.9,1417.0,0.839,OK,79.6,★4.9(+20pt) | 口コミ1417件(+15pt) | 駅近500m以内 | 複数記事候補×7 | primary_area=銀座
銀座のレンタルダンススタジオおすすめ,エリア,S,2,Pole and Aerial Studio Polish 銀座店,〒104-0061 東京都中央区銀座７丁目８-１３ Brown Place 3階,0,,新橋駅,428.0,ChIJm1d8asaLGGARVp4519HNz-w,Pole and Aerial Studio Polish 銀座店,5.0,11.0,1.0,OK,65.55,★5.0(+20pt) | 口コミ11件(+1pt) | 駅近500m以内 | 複数記事候補×6 | primary_area=銀座
銀座のレンタルダンススタジオおすすめ,エリア,S,3,銀座スタジオ ルアン,〒104-0061 東京都中央区銀座８丁目１０-２ ルアンビル 11階,0,,新橋駅,422.0,ChIJpzUNcOiLGGARcnckQ3mmsm0,銀座スタジオ ルアン,4.2,32.0,1.0,OK,63.4,★4.2(+17pt) | 口コミ32件(+2pt) | 駅近500m以内 | 複数記事候補×6 | primary_area=銀座
銀座のレンタルダンススタジオおすすめ,エリア,S,4,Starnite Dance Studio,〒260-0013 千葉県千葉市中央区中央３丁目４-１７ Gaビル 3F,0,,葭川公園駅,160.0,ChIJzfAbosqEImARZWc9bjfCGE4,Starnite Dance Studio,5.0,9.0,1.0,OK,61.45,★5.0(+20pt) | 口コミ9件(+0pt) | 駅近500m以内 | 複数記事候補×4 | primary_area=銀座
銀座のレンタルダンススタジオおすすめ,エリア,S,5,SOLARI Rental Studio 日本橋 - 日本橋人形町・馬喰町エリアのレンタルスタジオ,〒103-0004 東京都中央区東日本橋１丁目４-２ 徳輝ビル 2階,0,,馬喰横山駅,302.0,ChIJb1YwqWaJGGARvccclhSDJKc,SOLARI レンタルスタジオ 日本橋,4.8,23.0,0.475,OK,61.35,★4.8(+19pt) | 口コミ23件(+1pt) | 駅近500m以内 | 複数記事候補×4 | primary_area=銀座
銀座のレンタルダンススタジオおすすめ,エリア,S,6,エースダンススタジオ,"札幌ＮＳビル 4F, ２丁目-11 南２条西 中央区 札幌市 北海道 060-0062",0,,大通駅,247.0,ChIJp9a_2wcpC18R6bqMOjIiOdo,エースダンススタジオ,5.0,5.0,1.0,OK,61.25,★5.0(+20pt) | 口コミ5件(+0pt) | 駅近500m以内 | 複数記事候補×4 | primary_area=銀座
銀座のレンタルダンススタジオおすすめ,エリア,S,7,CAMURO DANCE STUDIO,〒540-0025 大阪府大阪市中央区徳井町１丁目１-７ 松田ビル,0,,谷町四丁目駅,246.0,ChIJ__-bgy_nAGARiuzQ6q5xdaY,CAMURO DANCE STUDIO,4.2,36.0,1.0,OK,59.6,★4.2(+17pt) | 口コミ36件(+2pt) | 駅近500m以内 | 複数記事候補×4 | primary_area=銀座
銀座のレンタルダンススタジオおすすめ,エリア,S,8,ライトハウス神田,〒103-0021 東京都中央区日本橋本石町４丁目５-８,0,,東京駅,948.0,ChIJI4aZNSyNGGAR9cNcuc4jdMk,ライトハウス神田,5.0,1.0,1.0,OK,58.05,★5.0(+20pt) | 口コミ1件(+0pt) | 駅近1000m以内 | 複数記事候補×7 | primary_area=銀座
銀座のレンタルダンススタジオおすすめ,エリア,S,9,Another ONE+ （銀座レンタルスペース）,〒104-0061 東京都中央区銀座３丁目１２-１８ 新岩間ビル 3F,0,,有楽町駅,700.0,ChIJkfQU00mLGGARzb8iRX4aRgk,Another ONE+ （銀座レンタルスペース）,4.7,14.0,1.0,OK,57.5,★4.7(+19pt) | 口コミ14件(+1pt) | 駅近1000m以内 | 複数記事候補×6 | primary_area=銀座
銀座のレンタルダンススタジオおすすめ,エリア,S,10,セミナールーム茅場町 Co-Edo 3F 貸会議室,〒104-0033 東京都中央区新川１丁目３-４ ＰＡビル3F,0,,茅場町駅,223.0,ChIJv5hHX1uJGGAR4LYvM_Q2FCo,セミナールーム茅場町 Co-Edo 3F 貸会議室,3.3,4.0,1.0,OK,56.4,★3.3(+13pt) | 口コミ4件(+0pt) | 駅近500m以内 | 複数記事候補×5 | primary_area=銀座
銀座のレンタルダンススタジオおすすめ,エリア,S,11,ミライスタジオ日本橋,〒103-0001 東京都中央区日本橋小伝馬町１４-５,0,,秋葉原駅,957.0,ChIJbYAL1SKPGGARJUbO0Lskb0I,ザ・ゲートスタジオ東京＜日本橋＞,5.0,7.0,0.56,OK,56.35,★5.0(+20pt) | 口コミ7件(+0pt) | 駅近1000m以内 | 複数記事候補×5 | primary_area=銀座
銀座のレンタルダンススタジオおすすめ,エリア,S,12,レンタルスタジオ新富町 ?Danzatakara. Studio?,"Shintomi 2-1-7, Fujichuo building B1, 中央区 東京都 140-0041",0,,有楽町駅,891.0,ChIJma9JO-CLGGARXy1oRyOGqFw,レンタルスタジオ新富町 −Danzatakara. Studio–,5.0,1.0,0.935,OK,56.05,★5.0(+20pt) | 口コミ1件(+0pt) | 駅近1000m以内 | 複数記事候補×5 | primary_area=銀座
銀座のレンタルダンススタジオおすすめ,エリア,S,13,アルゼンチンタンゴ協会,〒104-0061 東京都中央区銀座７丁目１４-７ 共栄銀座７丁目ビル,0,,新橋駅,579.0,ChIJf2_TgOeLGGARcx-Mu8NF1t0,アルゼンチンタンゴ協会,4.7,6.0,1.0,OK,55.1,★4.7(+19pt) | 口コミ6件(+0pt) | 駅近1000m以内 | 複数記事候補×5 | primary_area=銀座
銀座のレンタルダンススタジオおすすめ,エリア,S,14,レンタルスタジオAivic築地,東京都中央区築地2-10-9 HARVEY築地4階,1,https://dance-studio-lab.com/room/Y2UzMzcxZTMtNDhlNS00ODEwLWJlOGYtZjA1ZjM5Y2YxNjE0/detail,築地駅,84.0,ChIJrdrPJwCJGGAR-EuDpSyEr9o,レンタルジム Aivic 築地,,,0.857,OK,,提携 | ★nan(+nanpt) | 駅近500m以内 | 複数記事候補×5 | primary_area=銀座
銀座のレンタルダンススタジオおすすめ,エリア,S,15,レンタルスタジオAivic新橋,"東京都港区西新橋1-16-14 宮川ビル4階
",1,https://dance-studio-lab.com/room/M2EyMzEzOTUtMjkwNC00MmRlLWI3YWEtYjBiMmM1NGUzYzhl/detail,新橋駅,408.0,ChIJWaWXRACLGGARsTqAAlbfEa8,レンタルスタジオAivic新橋,,,1.0,OK,,提携 | ★nan(+nanpt) | 駅近500m以内 | 複数記事候補×7 | tag/station:銀座
高円寺のレンタルダンススタジオおすすめ,エリア,S,1,Dubway レンタルスタジオ中野,東京都中野区5-32-6 城西ビルB02,1,https://dance-studio-lab.com/room/MzFmYWU5ZjgtNmM0NC00MDYzLTljOGUtMjFlZDI1MmVhMDE5/detail,中野駅,167.0,ChIJ21QXDnjzGGARiL1yJ3naUQA,Dubway Dance Studio中野,5.0,1.0,0.457,OK,165.05,提携 | ★5.0(+20pt) | 口コミ1件(+0pt) | 駅近500m以内 | 複数記事候補×6 | tag/station:高円寺
高円寺のレンタルダンススタジオおすすめ,エリア,S,2,MCSpace,〒167-0053 東京都杉並区西荻南２丁目２５-６ 西荻プラザビル B1F,0,,西荻窪駅,275.0,ChIJ25ACVAXuGGARDoQc57Z5OSY,MCSpace,4.9,17.0,1.0,OK,65.45,★4.9(+20pt) | 口コミ17件(+1pt) | 駅近500m以内 | 複数記事候補×6 | primary_area=高円寺
高円寺のレンタルダンススタジオおすすめ,エリア,S,3,クリエイティブスペース・フュージョン,〒167-0053 東京都杉並区西荻南３丁目２４-２４-１ 西荻マイロード 27,0,,西荻窪駅,141.0,ChIJfQa0MO_vGGARabp1zm6oNk0,クリエイティブスペース・フュージョン,5.0,1.0,1.0,OK,65.05,★5.0(+20pt) | 口コミ1件(+0pt) | 駅近500m以内 | 複数記事候補×6 | primary_area=高円寺
高円寺のレンタルダンススタジオおすすめ,エリア,S,4,レンタルスタジオ 阿佐ヶ谷リノ,〒166-0015 東京都杉並区成田東５丁目２０-９,0,,南阿佐ケ谷駅,434.0,ChIJ8e2xHMLzGGARr-XenjGFBag,レンタルスタジオ 阿佐ヶ谷リノ,5.0,3.0,1.0,OK,63.15,★5.0(+20pt) | 口コミ3件(+0pt) | 駅近500m以内 | 複数記事候補×5 | primary_area=高円寺
高円寺のレンタルダンススタジオおすすめ,エリア,S,5,レンタルスタジオOLI,〒166-0004 東京都杉並区阿佐谷南１丁目１５-１４ サンフェリーペ 101号室,0,,南阿佐ケ谷駅,144.0,ChIJH05DXsTzGGARVbfslTB4NCE,レンタルスタジオOLI,5.0,1.0,1.0,OK,63.05,★5.0(+20pt) | 口コミ1件(+0pt) | 駅近500m以内 | 複数記事候補×5 | primary_area=高円寺
高円寺のレンタルダンススタジオおすすめ,エリア,S,6,ジーロックス・スタジオ,〒168-0073 東京都杉並区下高井戸１丁目１５-１２,0,,下高井戸駅,420.0,ChIJlckWt7PzGGAR459LfPk0MjU,ジーロックス・スタジオ,4.4,79.0,1.0,OK,62.55,★4.4(+18pt) | 口コミ79件(+4pt) | 駅近500m以内 | 複数記事候補×4 | primary_area=高円寺
高円寺のレンタルダンススタジオおすすめ,エリア,S,7,高円寺スタジオ,〒166-0002 東京都杉並区高円寺北２丁目７-７ 地下１階 高円寺名店ビル,0,,高円寺駅,147.0,ChIJ9zWe-HXzGGARGkJQzJ_PtPA,高円寺スタジオ,4.8,4.0,1.0,OK,62.4,★4.8(+19pt) | 口コミ4件(+0pt) | 駅近500m以内 | 複数記事候補×5 | primary_area=高円寺
高円寺のレンタルダンススタジオおすすめ,エリア,S,8,アックミーエアリアルスタジオ ACME AERIAL STUDIO 36,〒168-0064 東京都杉並区永福４丁目８-１４,0,,永福町駅,241.0,ChIJy5pruDjzGGARlk6FbxiYjww,アックミーエアリアルスタジオ ACME AERIAL STUDIO 36,5.0,9.0,1.0,OK,61.45,★5.0(+20pt) | 口コミ9件(+0pt) | 駅近500m以内 | 複数記事候補×4 | primary_area=高円寺
高円寺のレンタルダンススタジオおすすめ,エリア,S,9,バレエ・ダンススタジオ Lino,〒168-0082 東京都杉並区久我山５丁目７-１３ 地下1階 メリディアン,0,,久我山駅,78.0,ChIJFUP6TBDxGGARJCMErNmcOuI,バレエ・ダンススタジオ Lino,5.0,6.0,1.0,OK,61.3,★5.0(+20pt) | 口コミ6件(+0pt) | 駅近500m以内 | 複数記事候補×4 | primary_area=高円寺
高円寺のレンタルダンススタジオおすすめ,エリア,S,10,TRINITY DANCE CENTER桜上水校,〒168-0073 東京都杉並区下高井戸１丁目１８-１６ 桜上水ビル 1F KORG,0,,桜上水駅,300.0,ChIJk2x-_RfzGGARt0BUX73H4HQ,TRINITY DANCE CENTER桜上水校,5.0,1.0,1.0,OK,61.05,★5.0(+20pt) | 口コミ1件(+0pt) | 駅近500m以内 | 複数記事候補×4 | primary_area=高円寺
高円寺のレンタルダンススタジオおすすめ,エリア,S,11,NATURAglam 高円寺スタジオ,〒166-0003 東京都杉並区４５ 高円寺南４丁目４５-２ メインロードビル3階,0,,高円寺駅,100.0,ChIJD1RX9IfyGGAR-Ka-hHMKh0c,ヨガ ピラティス ベリーダンス NATURAglam 高円寺スタジオ,4.3,6.0,0.723,OK,60.5,★4.3(+17pt) | 口コミ6件(+0pt) | 駅近500m以内 | 複数記事候補×5 | primary_area=高円寺
高円寺のレンタルダンススタジオおすすめ,エリア,S,12,ソニズレンタルスタジオ南阿佐ヶ谷店,〒166-0015 東京都杉並区成田東５丁目３９-１２ グローリーハイツ南阿佐ケ谷榎本 B1F,0,,南阿佐ケ谷駅,116.0,ChIJVVV5zXPyGGARPff4MtOvUmA,ソニズレンタルダンススタジオ南阿佐ヶ谷,4.3,3.0,0.889,OK,60.35,★4.3(+17pt) | 口コミ3件(+0pt) | 駅近500m以内 | 複数記事候補×5 | primary_area=高円寺
高円寺のレンタルダンススタジオおすすめ,エリア,S,13,studio RhythMoon（スタジオ・リズムーン）,〒167-0022 東京都杉並区下井草５丁目１６-９,0,,井荻駅,180.0,ChIJBYbYwNvtGGARnAXm73ZSSY0,studio RhythMoon（スタジオ・リズムーン）,4.6,5.0,1.0,OK,59.65,★4.6(+18pt) | 口コミ5件(+0pt) | 駅近500m以内 | 複数記事候補×4 | primary_area=高円寺
八王子のレンタルダンススタジオおすすめ,エリア,A,1,ダンススタジオ ability,〒192-0066 東京都八王子市本町２４-８ クラフトビル 1F,0,,八王子駅,981.0,ChIJB2ZaTXgfGWARLCIthODD-5Y,ブレイクダンス スタジオ アビリティ,5.0,204.0,0.467,OK,54.2,★5.0(+20pt) | 口コミ204件(+10pt) | 駅近1000m以内 | 複数記事候補×4 | primary_area=八王子
八王子のレンタルダンススタジオおすすめ,エリア,A,2,モノダンススタジオ 八王子校,〒192-0911 東京都八王子市打越町３４４-５ クリヤマ北野ビル 3階,0,,北野駅,34.0,ChIJRzWtDZIdGWARsK7Wm3-vT44,モノダンススタジオ 八王子校,5.0,59.0,1.0,OK,53.95,★5.0(+20pt) | 口コミ59件(+3pt) | 駅近500m以内 | 複数記事候補×4 | primary_area=八王子
八王子のレンタルダンススタジオおすすめ,エリア,A,3,レンタルダンススタジオTerrace八王子,〒192-0085 東京都八王子市中町６-６ 店舗（旧 川和ビル 3階,0,,八王子駅,412.0,ChIJ0UdPTrUdGWARYu_2IXJLS20,レンタルダンススタジオTerrace八王子,5.0,2.0,1.0,OK,53.1,★5.0(+20pt) | 口コミ2件(+0pt) | 駅近500m以内 | 複数記事候補×5 | primary_area=八王子
八王子のレンタルダンススタジオおすすめ,エリア,A,4,カミヤマダンススタジオ,〒192-0046 東京都八王子市明神町４丁目６-２ 山口ビル 2F,0,,八王子駅,481.0,ChIJZ40NXd4dGWARdbOvgFiFmhk,カミヤマダンススタジオ,5.0,2.0,1.0,OK,53.1,★5.0(+20pt) | 口コミ2件(+0pt) | 駅近500m以内 | 複数記事候補×5 | primary_area=八王子
八王子のレンタルダンススタジオおすすめ,エリア,A,5,パンキースタジオ,〒192-0355 東京都八王子市堀之内３丁目３５-６,0,,京王堀之内駅,153.0,ChIJoy3vANziGGARNwEG_2p4tJ0,パンキースタジオ,4.8,34.0,1.0,OK,51.9,★4.8(+19pt) | 口コミ34件(+2pt) | 駅近500m以内 | 複数記事候補×4 | primary_area=八王子
八王子のレンタルダンススタジオおすすめ,エリア,A,6,Risley八王子店,〒192-0085 東京都八王子市中町７-１１ 福島ビル B1,0,,八王子駅,402.0,ChIJPSUYVowdGWARjL_Nu7S9-w4,Risley八王子店,4.4,19.0,1.0,OK,51.55,★4.4(+18pt) | 口コミ19件(+1pt) | 駅近500m以内 | 複数記事候補×5 | primary_area=八王子
八王子のレンタルダンススタジオおすすめ,エリア,A,7,ゴールドジム南大沢東京,〒192-0364 東京都八王子市南大沢２丁目30番地 サザンウィンズ南大沢 2F,0,,南大沢駅,111.0,ChIJm4ie77niGGARDJz9ZVxTg8M,ゴールドジム南大沢東京,4.1,76.0,1.0,OK,51.2,★4.1(+16pt) | 口コミ76件(+4pt) | 駅近500m以内 | 複数記事候補×4 | primary_area=八王子
八王子のレンタルダンススタジオおすすめ,エリア,A,8,SHAKE DANCE STUDIO 八王子校,〒192-0081 東京都八王子市横山町５-１４ ｗｉｌｌＤｏ八王子,0,,八王子駅,405.0,ChIJfeKgkNgdGWAR6WQQ2vgaViE,SHAKE DANCE STUDIO 八王子校,4.0,10.0,1.0,OK,49.5,★4.0(+16pt) | 口コミ10件(+0pt) | 駅近500m以内 | 複数記事候補×5 | primary_area=八王子
八王子のレンタルダンススタジオおすすめ,エリア,A,9,シルクスタジオ,〒192-0912 東京都八王子市絹ケ丘１丁目２１-５,0,,長沼駅,495.0,ChIJ5cipWcodGWARgeoRRJy614E,シルクスタジオ,4.0,1.0,1.0,OK,47.05,★4.0(+16pt) | 口コミ1件(+0pt) | 駅近500m以内 | 複数記事候補×4 | primary_area=八王子
八王子のレンタルダンススタジオおすすめ,エリア,A,10,イシカワヒロユキダンススタジオ,〒192-0081 東京都八王子市横山町３-６,0,,八王子駅,437.0,ChIJP0FCu9gdGWARvT17OO32eQc,イシカワヒロユキダンススタジオ,3.3,3.0,1.0,OK,46.35,★3.3(+13pt) | 口コミ3件(+0pt) | 駅近500m以内 | 複数記事候補×5 | primary_area=八王子
八王子のレンタルダンススタジオおすすめ,エリア,A,11,BUZZ レンタルスタジオ八王子店,〒192-0082 東京都八王子市東町１１-３ センチュリーステーションビル B1,0,,八王子駅,264.0,ChIJH-b8m34dGWARfjPtVHs9ncY,BUZZ八王子,2.7,7.0,0.609,OK,44.15,★2.7(+11pt) | 口コミ7件(+0pt) | 駅近500m以内 | 複数記事候補×5 | primary_area=八王子
八王子のレンタルダンススタジオおすすめ,エリア,A,12,八王子フラスタジオ Mauna leo（マウナレオ）,〒192-0046 東京都八王子市明神町２丁目10-１０ 3階,0,,八王子駅,907.0,ChIJ_dKNWhsdGWARpA4bTnxu7Vo,八王子フラスタジオ Mauna leo（マウナレオ）,5.0,1.0,1.0,OK,44.05,★5.0(+20pt) | 口コミ1件(+0pt) | 駅近1000m以内 | 複数記事候補×4 | primary_area=八王子
八王子のレンタルダンススタジオおすすめ,エリア,A,13,FANTASY DANCE SCHOOL 八王子店,〒192-0904 東京都八王子市子安町１丁目２６-１４ 26-14 301,0,,八王子駅,389.0,ChIJ9f44NXsdGWAR0njJi8zKz68,FANTASY DANCE SCHOOL 八王子店,2.7,3.0,1.0,OK,43.95,★2.7(+11pt) | 口コミ3件(+0pt) | 駅近500m以内 | 複数記事候補×5 | primary_area=八王子
八王子のレンタルダンススタジオおすすめ,エリア,A,14,レンタルスタジオ8 NORTH GATE,〒193-0931 東京都八王子市台町２丁目１１-２１ 2F,0,,山田駅,653.0,ChIJDTX2KiocGWAR2-WVj2aPvuc,レンタルスタジオ8 NORTH GATE,5.0,4.0,1.0,OK,42.2,★5.0(+20pt) | 口コミ4件(+0pt) | 駅近1000m以内 | 複数記事候補×3 | primary_area=八王子
八王子のレンタルダンススタジオおすすめ,エリア,A,15,ＤＡＮＣＥＳＴＵＤＩＯ・ＢＩＮＧＯ,〒192-0083 東京都八王子市旭町１３-２５,0,,八王子駅,297.0,ChIJ8Z6jnN4dGWARSS7sVYxZLLw,ＤＡＮＣＥＳＴＵＤＩＯ・ＢＩＮＧＯ,3.0,1.0,1.0,OK,41.05,★3.0(+12pt) | 口コミ1件(+0pt) | 駅近500m以内 | 複数記事候補×3 | primary_area=八王子
北千住のレンタルダンススタジオおすすめ,エリア,A,1,BUZZ竹ノ塚,〒121-0823 東京都足立区伊興３丁目１８-１９ ＮＹビル 3階,1,https://dance-studio-lab.com/room/Zjk4YThkNDItZDI4OC00MTRlLTg2NDgtYTgxZDUyYjgxMjQ2/detail,竹ノ塚駅,295.0,ChIJf4aLng-RGGARawyKUX2WJjo,BUZZ竹ノ塚,3.5,4.0,1.0,OK,149.2,提携 | ★3.5(+14pt) | 口コミ4件(+0pt) | 駅近500m以内 | 複数記事候補×6 | primary_area=北千住
北千住のレンタルダンススタジオおすすめ,エリア,A,2,舎人公園 ドッグラン,〒121-0837 東京都足立区舎人公園１,0,,舎人公園駅,181.0,ChIJuRkRz9STGGARIIef1w11HaI,舎人公園ドッグラン,3.6,302.0,1.0,OK,60.4,★3.6(+14pt) | 口コミ302件(+15pt) | 駅近500m以内 | 複数記事候補×4 | primary_area=北千住
北千住のレンタルダンススタジオおすすめ,エリア,A,3,Studio Sun-Sea,〒124-0006 東京都葛飾区堀切４丁目１１-２ 堀学ビル 302号室,0,,堀切菖蒲園駅,89.0,ChIJEVVf-RGPGGAREH-fvlyCdNA,Studio Sun-Sea,4.9,14.0,1.0,OK,53.3,★4.9(+20pt) | 口コミ14件(+1pt) | 駅近500m以内 | 複数記事候補×5 | tag/station:北千住
北千住のレンタルダンススタジオおすすめ,エリア,A,4,舎人公園陸上競技場,〒121-0837 東京都足立区舎人公園１-１,0,,舎人公園駅,480.0,ChIJzf-oatSTGGARrYeReH9bBMs,舎人公園陸上競技場,3.9,191.0,1.0,OK,52.15,★3.9(+16pt) | 口コミ191件(+10pt) | 駅近500m以内 | 複数記事候補×2 | primary_area=北千住
北千住のレンタルダンススタジオおすすめ,エリア,A,5,キッズダンススタジオSerenita西新井店,〒123-0842 東京都足立区栗原１丁目７-２０ 3階,0,,西新井駅,228.0,ChIJO53AD5iRGGARLqbN8nYVZtg,キッズダンススタジオSerenita西新井店,5.0,1.0,1.0,OK,51.05,★5.0(+20pt) | 口コミ1件(+0pt) | 駅近500m以内 | 複数記事候補×4 | primary_area=北千住
北千住のレンタルダンススタジオおすすめ,エリア,A,6,スタジオアリス 足立舎人店,〒121-0831 東京都足立区舎人１丁目１５-９,0,,舎人駅,47.0,ChIJ5cFPpteTGGARMJaazVGd1Vo,スタジオアリス 足立舎人店,4.2,46.0,1.0,OK,50.1,★4.2(+17pt) | 口コミ46件(+2pt) | 駅近500m以内 | 複数記事候補×4 | primary_area=北千住
北千住のレンタルダンススタジオおすすめ,エリア,A,7,AAPA 日の出町団地スタジオ,〒120-0021 東京都足立区日ノ出町２７ 日の出町団地１号棟 １０３,0,,北千住駅,287.0,ChIJCbb7g9qPGGAReG6S-P6lvOU,AAPA 日の出町団地スタジオ,5.0,3.0,1.0,OK,49.15,★5.0(+20pt) | 口コミ3件(+0pt) | 駅近500m以内 | 複数記事候補×3 | primary_area=北千住
北千住のレンタルダンススタジオおすすめ,エリア,A,8,Dance Studio Broomstick,〒123-0873 東京都足立区扇２丁目２５-１ 扇橋会館 ８F,0,,扇大橋駅,59.0,ChIJ45wQeD2SGGARqBAQtRbYBEo,Dance Studio Broomstick,4.3,3.0,1.0,OK,48.35,★4.3(+17pt) | 口コミ3件(+0pt) | 駅近500m以内 | 複数記事候補×4 | primary_area=北千住
北千住のレンタルダンススタジオおすすめ,エリア,A,9,ココのスタジオ,〒123-0851 東京都足立区梅田６丁目３３-５ ＳＳＫグリーンパーク梅島駅前 801号室,0,,梅島駅,224.0,ChIJs1v1fACPGGARfhcqa2swAQE,ココのスタジオ,4.5,2.0,1.0,OK,45.1,★4.5(+18pt) | 口コミ2件(+0pt) | 駅近500m以内 | 複数記事候補×2 | primary_area=北千住
北千住のレンタルダンススタジオおすすめ,エリア,A,10,Brilliant Me Dance Studio 鹿浜校,〒123-0864 東京都足立区鹿浜７丁目１２-４,0,,西新井大師西駅,571.0,ChIJFfQwKCaSGGAR97UfciqZj_U,Brilliant Me Dance Studio 鹿浜校,5.0,2.0,1.0,OK,42.1,★5.0(+20pt) | 口コミ2件(+0pt) | 駅近1000m以内 | 複数記事候補×3 | primary_area=北千住
北千住のレンタルダンススタジオおすすめ,エリア,A,11,レンタルスタジオ Gスクエア,〒120-0036 東京都足立区千住仲町１-２,0,,北千住駅,855.0,ChIJvWjSLZuPGGARq3Q9EQIxpIs,レンタルスタジオ Gスクエア,4.3,6.0,1.0,OK,41.5,★4.3(+17pt) | 口コミ6件(+0pt) | 駅近1000m以内 | 複数記事候補×4 | primary_area=北千住
北千住のレンタルダンススタジオおすすめ,エリア,A,12,スタジオキャリコ,〒123-0842 東京都足立区栗原３丁目１０-１５ ＴＫＳ税理士ビル,0,,大師前駅,209.0,ChIJr2UfMu6RGGARSgAhBHt8v4Y,スタジオキャリコ,3.4,17.0,1.0,OK,41.45,★3.4(+14pt) | 口コミ17件(+1pt) | 駅近500m以内 | 複数記事候補×2 | primary_area=北千住
北千住のレンタルダンススタジオおすすめ,エリア,A,13,花柳 珠絃,〒123-0873 東京都足立区扇１丁目４４-３,0,,扇大橋駅,587.0,ChIJAQAAAAGSGGARY-FCOXo7-GE,花柳 珠絃,4.3,4.0,1.0,OK,35.4,★4.3(+17pt) | 口コミ4件(+0pt) | 駅近1000m以内 | primary_area=北千住
北千住のレンタルダンススタジオおすすめ,エリア,A,14,SIM STUDIO 西新井,〒123-0872 東京都足立区江北７丁目２７-６ ＩＥＰＪＡＰＡＮ,0,,西新井大師西駅,504.0,ChIJYwefjdGTGGARiTq8sAW6SKw,SIM STUDIO 西新井,2.6,5.0,1.0,OK,32.65,★2.6(+10pt) | 口コミ5件(+0pt) | 駅近1000m以内 | 複数記事候補×3 | primary_area=北千住
吉祥寺のレンタルダンススタジオおすすめ,エリア,A,1,MCSpace,〒167-0053 東京都杉並区西荻南２丁目２５-６ 西荻プラザビル B1F,0,,西荻窪駅,275.0,ChIJ25ACVAXuGGARDoQc57Z5OSY,MCSpace,4.9,17.0,1.0,OK,55.45,★4.9(+20pt) | 口コミ17件(+1pt) | 駅近500m以内 | 複数記事候補×6 | tag/station:吉祥寺
吉祥寺のレンタルダンススタジオおすすめ,エリア,A,2,クリエイティブスペース・フュージョン,〒167-0053 東京都杉並区西荻南３丁目２４-２４-１ 西荻マイロード 27,0,,西荻窪駅,141.0,ChIJfQa0MO_vGGARabp1zm6oNk0,クリエイティブスペース・フュージョン,5.0,1.0,1.0,OK,55.05,★5.0(+20pt) | 口コミ1件(+0pt) | 駅近500m以内 | 複数記事候補×6 | tag/station:吉祥寺
吉祥寺のレンタルダンススタジオおすすめ,エリア,A,3,吉祥寺ダンススタジオ【STUDIO55】スタジオゴーゴー,〒180-0004 東京都武蔵野市吉祥寺本町１丁目３３-１０ 丸二ビル,0,,吉祥寺駅,410.0,ChIJxYijTUfuGGARJjdKc0wlr58,吉祥寺ダンススタジオ【STUDIO55】スタジオゴーゴー,5.0,5.0,1.0,OK,53.25,★5.0(+20pt) | 口コミ5件(+0pt) | 駅近500m以内 | 複数記事候補×5 | primary_area=吉祥寺
吉祥寺のレンタルダンススタジオおすすめ,エリア,A,4,吉祥寺 レンタルスタジオ LC Rental,〒180-0004 東京都武蔵野市吉祥寺本町１丁目２４-７ 吉祥寺光ビル 6F,0,,吉祥寺駅,146.0,ChIJbxk8e9_vGGARrI5IDHgrDfA,吉祥寺 レンタルスタジオ LC Rental,5.0,1.0,1.0,OK,53.05,★5.0(+20pt) | 口コミ1件(+0pt) | 駅近500m以内 | 複数記事候補×5 | primary_area=吉祥寺
吉祥寺のレンタルダンススタジオおすすめ,エリア,A,5,早坂ダンススタジオ,〒180-0003 東京都武蔵野市吉祥寺南町２丁目６-１,0,,吉祥寺駅,178.0,ChIJNTh-XDjuGGARcibx7JP2CTA,早坂ダンススタジオ,5.0,1.0,1.0,OK,53.05,★5.0(+20pt) | 口コミ1件(+0pt) | 駅近500m以内 | 複数記事候補×5 | primary_area=吉祥寺
吉祥寺のレンタルダンススタジオおすすめ,エリア,A,6,[吉祥寺ダンススタジオ] Studio Amrita NORTH,〒180-0004 東京都武蔵野市吉祥寺本町２丁目５-１０ いちご吉祥寺ビル B1,0,,吉祥寺駅,436.0,ChIJ__-PqkjuGGARKuk9YipwnuU,Studio Amrita NORTH スタジオアムリタノース・吉祥寺レンタルスタジオ,4.7,6.0,0.5,OK,52.1,★4.7(+19pt) | 口コミ6件(+0pt) | 駅近500m以内 | 複数記事候補×5 | primary_area=吉祥寺
吉祥寺のレンタルダンススタジオおすすめ,エリア,A,7,ノアスタジオ 吉祥寺店,〒180-0004 東京都武蔵野市吉祥寺本町２丁目１６-１２ B１F,0,,吉祥寺駅,406.0,ChIJBz12J6XvGGARyrrl4J_nleE,ノアスタジオ 吉祥寺店,4.5,11.0,1.0,OK,51.55,★4.5(+18pt) | 口コミ11件(+1pt) | 駅近500m以内 | 複数記事候補×5 | primary_area=吉祥寺
吉祥寺のレンタルダンススタジオおすすめ,エリア,A,8,LIMITED Creaation. dance studio,〒180-0004 東京都武蔵野市１丁目２４-７ 吉祥寺光ビル 6F 吉祥寺,0,,吉祥寺駅,146.0,ChIJ4-SpTbjvGGARvOr_AgkaDEk,LIMITED Creaation. dance studio,4.5,2.0,1.0,OK,51.1,★4.5(+18pt) | 口コミ2件(+0pt) | 駅近500m以内 | 複数記事候補×5 | primary_area=吉祥寺
吉祥寺のレンタルダンススタジオおすすめ,エリア,A,9,吉祥寺スタジオ・レダ,〒180-0002 東京都武蔵野市吉祥寺東町１丁目１１-１８ Ｍビル 2F,0,,吉祥寺駅,430.0,ChIJy-F7OkfuGGAR3JmOIR39OKQ,吉祥寺スタジオ・レダ,4.1,26.0,1.0,OK,50.7,★4.1(+16pt) | 口コミ26件(+1pt) | 駅近500m以内 | 複数記事候補×5 | primary_area=吉祥寺
吉祥寺のレンタルダンススタジオおすすめ,エリア,A,10,吉祥寺レンタルスペース[Studio Amrita WEST],"吉祥寺藤彩ビル B1, ２丁目-１７-１２ 吉祥寺本町 武蔵野市 東京都 180-0004",0,,吉祥寺駅,353.0,ChIJb33ZHUnuGGARe6pYPmFIF4Q,Studio Amrita WEST スタジオアムリタウエスト・吉祥寺レンタルスペース,4.1,7.0,0.471,OK,49.75,★4.1(+16pt) | 口コミ7件(+0pt) | 駅近500m以内 | 複数記事候補×5 | primary_area=吉祥寺
吉祥寺のレンタルダンススタジオおすすめ,エリア,A,11,吉祥寺 三鷹 モリノスタジオ,〒181-0013 東京都三鷹市下連雀１丁目１７-４ GRATO井の頭公園 2F,0,,三鷹駅,923.0,ChIJCcKoZzXuGGARgaI_VSONBtE,吉祥寺 三鷹 モリノスタジオ,5.0,8.0,1.0,OK,48.4,★5.0(+20pt) | 口コミ8件(+0pt) | 駅近1000m以内 | 複数記事候補×6 | tag/station:吉祥寺
吉祥寺のレンタルダンススタジオおすすめ,エリア,A,12,emotionS Dance Studio,〒180-0006 東京都武蔵野市中町１丁目２５-１０ 三祐ビル B1F,0,,三鷹駅,220.0,ChIJdSk0IrDvGGARKNNJyHs3nEU,emotionS Dance Studio,3.0,2.0,1.0,OK,47.1,★3.0(+12pt) | 口コミ2件(+0pt) | 駅近500m以内 | 複数記事候補×6 | primary_area=吉祥寺
吉祥寺のレンタルダンススタジオおすすめ,エリア,A,13,レンタルスタジオOLI（オリ） 三鷹 ［定員30名 教室レッスン、スポットレンタルできます］,〒180-0013 東京都武蔵野市西久保２丁目１-１０ Ｙ’Ｓビル B１ ワイズビル,0,,三鷹駅,628.0,ChIJAdK3eJ_vGGARBhLim9Ju-tE,レンタルスタジオOLI（オリ） 三鷹 ［定員30名 教室レッスン、スポットレンタルできます］,5.0,2.0,1.0,OK,46.1,★5.0(+20pt) | 口コミ2件(+0pt) | 駅近1000m以内 | 複数記事候補×5 | primary_area=吉祥寺
吉祥寺のレンタルダンススタジオおすすめ,エリア,A,14,ダンススペース ベースオントップ吉祥寺店,〒180-0004 東京都武蔵野市吉祥寺本町１丁目２０-３ B1F,0,,吉祥寺駅,326.0,ChIJG7Jx3v_vGGARW-OR60jiaXo,ダンススペース ベースオントップ吉祥寺店,3.0,6.0,1.0,OK,45.3,★3.0(+12pt) | 口コミ6件(+0pt) | 駅近500m以内 | 複数記事候補×5 | primary_area=吉祥寺
後楽園のレンタルダンススタジオおすすめ,エリア,A,1,スタジオピアーチェ江戸川橋店,東京都文京区水道2-10-7エクセルビル地下一階,1,https://dance-studio-lab.com/room/NWM3NGU4NjAtNTU5MS00NzUyLTg5ZTQtZWM3NGYwZTliOGZj/detail,江戸川橋駅,141.0,ChIJq6olm6qNGGARlAx7jgvIXJY,スタジオピアーチェ 江戸川橋店,3.8,9.0,1.0,OK,146.65,提携 | ★3.8(+15pt) | 口コミ9件(+0pt) | 駅近500m以内 | 複数記事候補×4 | primary_area=後楽園
後楽園のレンタルダンススタジオおすすめ,エリア,A,2,スタジオピアーチェ春日後楽園店,東京都文京区春日2丁目23番11号　コア伝通院アネックス地下一階,1,https://dance-studio-lab.com/room/MGRlMzFmOGEtODQ5Ni00YjlkLTliNzktNWRmYmI0NzkwM2Q0/detail,後楽園駅,679.0,ChIJaQUEXQCNGGAR4e3zKrexZ3E,スタジオピアーチェ後楽園,1.0,1.0,0.889,OK,124.05,提携 | ★1.0(+4pt) | 口コミ1件(+0pt) | 駅近1000m以内 | 複数記事候補×2 | primary_area=後楽園
後楽園のレンタルダンススタジオおすすめ,エリア,A,3,レンタルスペース リノスペcamp東京ドーム,〒101-0061 東京都千代田区神田三崎町２丁目１２-５ ニュー千代田ビル 3F-A,0,,水道橋駅,167.0,ChIJT0Df6o6NGGARZOXAyL5q-bg,レンタルスペース リノスペcamp東京ドーム,4.7,23.0,1.0,OK,54.95,★4.7(+19pt) | 口コミ23件(+1pt) | 駅近500m以内 | 複数記事候補×6 | tag/station:後楽園
後楽園のレンタルダンススタジオおすすめ,エリア,A,4,alt studio (オルトスタジオ),〒101-0051 東京都千代田区神田神保町１丁目64-３ 神保町ビル 6F,0,,神保町駅,327.0,ChIJI5qKQX2NGGARXk6A8O7Zcfs,レコーディングスタジオ「alt studio」,4.7,3.0,0.45,OK,53.95,★4.7(+19pt) | 口コミ3件(+0pt) | 駅近500m以内 | 複数記事候補×6 | tag/station:後楽園
後楽園のレンタルダンススタジオおすすめ,エリア,A,5,Zsa Zsa Zsu Dance Studio ザザズ,〒112-0014 東京都文京区関口１丁目４８-５ 第２榎本ビル 2階,0,,江戸川橋駅,249.0,ChIJsUwGUK-NGGARzj4G4e-zXZ8,Zsa Zsa Zsu Studio 1st.,5.0,7.0,0.714,OK,53.35,★5.0(+20pt) | 口コミ7件(+0pt) | 駅近500m以内 | 複数記事候補×5 | primary_area=後楽園
後楽園のレンタルダンススタジオおすすめ,エリア,A,6,Zsa Zsa Zsu Studio,〒112-0014 東京都文京区関口１丁目６-９ 川田ビル 1階,0,,江戸川橋駅,184.0,ChIJsUwGUK-NGGARzj4G4e-zXZ8,Zsa Zsa Zsu Studio 1st.,5.0,7.0,0.882,OK,53.35,★5.0(+20pt) | 口コミ7件(+0pt) | 駅近500m以内 | 複数記事候補×5 | primary_area=後楽園
後楽園のレンタルダンススタジオおすすめ,エリア,A,7,レンタル撮影スタジオDOLLY飯田橋1号店,〒102-0072 東京都千代田区飯田橋３丁目６-６ 港屋ビル 2F,0,,飯田橋駅,134.0,ChIJwf53wGSNGGARvN0n0rejQEQ,レンタル撮影スタジオDOLLYニュー飯田橋1号店,4.3,6.0,0.933,OK,52.5,★4.3(+17pt) | 口コミ6件(+0pt) | 駅近500m以内 | 複数記事候補×6 | tag/station:後楽園
後楽園のレンタルダンススタジオおすすめ,エリア,A,8,茗荷谷ダンスプラザ,〒112-0002 東京都文京区小石川５丁目２-２ わかさビルB1,0,,茗荷谷駅,274.0,ChIJj8m0LayNGGARBqBkMeBsmiI,茗荷谷ダンスプラザ,5.0,2.0,1.0,OK,51.1,★5.0(+20pt) | 口コミ2件(+0pt) | 駅近500m以内 | 複数記事候補×4 | primary_area=後楽園
後楽園のレンタルダンススタジオおすすめ,エリア,A,9,ソニズダンススタジオ茗荷谷店,〒112-0006 東京都文京区小日向４丁目６-１９ 共立会館ビル B1階,0,,茗荷谷駅,42.0,ChIJ_bhAKDWNGGARVthwVdFsysk,ソニズダンススタジオ茗荷谷店,5.0,1.0,1.0,OK,51.05,★5.0(+20pt) | 口コミ1件(+0pt) | 駅近500m以内 | 複数記事候補×4 | primary_area=後楽園
後楽園のレンタルダンススタジオおすすめ,エリア,A,10,水道橋ダンススタジオ,〒101-0061 東京都千代田区神田三崎町３丁目４-４ グラン水道橋,0,,水道橋駅,168.0,ChIJ5wIOfkCMGGARwlM5d75sIhk,水道橋ダンススタジオ,5.0,1.0,1.0,OK,51.05,★5.0(+20pt) | 口コミ1件(+0pt) | 駅近500m以内 | 複数記事候補×4 | tag/station:後楽園
後楽園のレンタルダンススタジオおすすめ,エリア,A,11,スタジオ・マンサナ,〒112-0002 東京都文京区小石川２丁目３-２１,0,,後楽園駅,148.0,ChIJHxOrS0iMGGARaSGo5KIaVFM,スタジオ・マンサナ,5.0,1.0,1.0,OK,51.05,★5.0(+20pt) | 口コミ1件(+0pt) | 駅近500m以内 | 複数記事候補×4 | primary_area=後楽園
後楽園のレンタルダンススタジオおすすめ,エリア,A,12,D→TA (ディータ),〒112-0001 東京都文京区白山５丁目３３-１４ 2階,0,,白山駅,150.0,ChIJ7W8sXWaNGGAR8u0bKQZ_j0k,D→TA (ディータ),4.9,8.0,1.0,OK,51.0,★4.9(+20pt) | 口コミ8件(+0pt) | 駅近500m以内 | 複数記事候補×4 | primary_area=後楽園
後楽園のレンタルダンススタジオおすすめ,エリア,A,13,スタジオ With The Heart,"関口１丁目１５ー１ ミサオビルB１F, 文京区 東京都 112-0014",0,,江戸川橋駅,197.0,ChIJNYNHG1WMGGARM96ZQazHta0,スタジオ With The Heart,4.0,6.0,1.0,OK,49.3,★4.0(+16pt) | 口コミ6件(+0pt) | 駅近500m以内 | 複数記事候補×5 | primary_area=後楽園
後楽園のレンタルダンススタジオおすすめ,エリア,A,14,神楽坂バレエクラス,〒162-0825 東京都新宿区神楽坂３丁目２,0,,飯田橋駅,400.0,ChIJk6li0EuNGGARjXUMD_cj9Nk,神楽坂バレエクラス,3.8,4.0,1.0,OK,48.4,★3.8(+15pt) | 口コミ4件(+0pt) | 駅近500m以内 | 複数記事候補×5 | tag/station:後楽園
後楽園のレンタルダンススタジオおすすめ,エリア,A,15,KBAバレエスタジオ御茶ノ水,〒113-0034 東京都文京区湯島１丁目１２-６ 地下1F 高関ビル,0,,秋葉原駅,763.0,ChIJp9OVD_-NGGAR0d0myl5KIzY,KBAバレエスタジオ御茶ノ水,5.0,1.0,1.0,OK,48.05,★5.0(+20pt) | 口コミ1件(+0pt) | 駅近1000m以内 | 複数記事候補×6 | primary_area=後楽園
成増のレンタルダンススタジオおすすめ,エリア,A,1,ケアリノフラスタジオ,〒179-0081 東京都練馬区北町８丁目３６-２,0,,地下鉄赤塚駅,339.0,ChIJ6z6go73tGGAR4RQjBjoYUp8,ケアリノフラスタジオ,5.0,3.0,1.0,OK,53.15,★5.0(+20pt) | 口コミ3件(+0pt) | 駅近500m以内 | 複数記事候補×5 | tag/station:成増
成増のレンタルダンススタジオおすすめ,エリア,A,2,カルサロ レンタルスタジオサロン,〒179-0073 東京都練馬区田柄２丁目３２-２３ アネックスミスズ ２F,0,,地下鉄赤塚駅,216.0,ChIJSfYh5wDtGGARtvpi1a97XGI,カルサロ レンタルスタジオサロン,4.9,8.0,1.0,OK,53.0,★4.9(+20pt) | 口コミ8件(+0pt) | 駅近500m以内 | 複数記事候補×5 | tag/station:成増
成増のレンタルダンススタジオおすすめ,エリア,A,3,dance studio GROOVY ダンス＆ヨガ,"いづみ屋ビル 4階, ２丁目-２０-２ 成増 板橋区 東京都 175-0094",0,,地下鉄成増駅,130.0,ChIJARm_XHXsGGAR7VOsiu8WFcY,dance studio GROOVY ダンス＆ヨガ,5.0,4.0,1.0,OK,51.2,★5.0(+20pt) | 口コミ4件(+0pt) | 駅近500m以内 | 複数記事候補×4 | primary_area=成増
成増のレンタルダンススタジオおすすめ,エリア,A,4,K-Dance Style【ケイ-ダンス スタイル】,〒174-0076 東京都板橋区上板橋２丁目８-２ WBD上板橋第3 B004,0,,上板橋駅,284.0,ChIJ60dM897sGGARksn6Ef-3cxU,K-Dance Style【ケイ-ダンス スタイル】,5.0,2.0,1.0,OK,51.1,★5.0(+20pt) | 口コミ2件(+0pt) | 駅近500m以内 | 複数記事候補×4 | primary_area=成増
成増のレンタルダンススタジオおすすめ,エリア,A,5,城北公園前レンタルスタジオ,〒174-0043 東京都板橋区坂下２丁目３１-５ ２F,0,,蓮根駅,255.0,ChIJab0IRLfsGGAR4A8VExAA6FU,城北公園前レンタルスタジオ,4.5,12.0,1.0,OK,49.6,★4.5(+18pt) | 口コミ12件(+1pt) | 駅近500m以内 | 複数記事候補×4 | primary_area=成増
成増のレンタルダンススタジオおすすめ,エリア,A,6,マリーコンツェルト,〒173-0016 東京都板橋区中板橋１８-１１,0,,中板橋駅,184.0,ChIJwci6ug6TGGAR-bzy_Q7lX-s,マリーコンツェルト,4.3,92.0,1.0,OK,48.8,★4.3(+17pt) | 口コミ92件(+5pt) | 駅近500m以内 | 複数記事候補×2 | primary_area=成増
成増のレンタルダンススタジオおすすめ,エリア,A,7,サイスタジオ,〒173-0014 東京都板橋区大山東町１９-１ FM10ラ･アクシオンビル4階,0,,大山駅,146.0,ChIJL-VHgLmSGGAR1zS9o3apKKA,サイスタジオ,4.3,4.0,1.0,OK,48.4,★4.3(+17pt) | 口コミ4件(+0pt) | 駅近500m以内 | 複数記事候補×4 | primary_area=成増
成増のレンタルダンススタジオおすすめ,エリア,A,8,swing swing,〒173-0004 東京都板橋区板橋１丁目３６-６,0,,下板橋駅,252.0,ChIJf3WzukiTGGARWdUsnxVof7c,swing swing,5.0,2.0,1.0,OK,47.1,★5.0(+20pt) | 口コミ2件(+0pt) | 駅近500m以内 | 複数記事候補×2 | primary_area=成増
成増のレンタルダンススタジオおすすめ,エリア,A,9,サイスタジオ小茂根,〒173-0037 東京都板橋区小茂根１丁目９-５ サイスタジオ小茂根 2F,0,,小竹向原駅,127.0,ChIJsZvqGTjtGGARiM8515Zrjvc,サイスタジオ小茂根,3.9,9.0,1.0,OK,47.05,★3.9(+16pt) | 口コミ9件(+0pt) | 駅近500m以内 | 複数記事候補×4 | primary_area=成増
成増のレンタルダンススタジオおすすめ,エリア,A,10,多目的貸スタジオ-TSスタジオ,〒174-0056 東京都板橋区志村３丁目１７-２ TSビル 4階,0,,志村三丁目駅,267.0,ChIJF4uSO6ftGGARPtyChFPoEb0,多目的貸スタジオ-TSスタジオ,3.7,3.0,1.0,OK,45.95,★3.7(+15pt) | 口コミ3件(+0pt) | 駅近500m以内 | 複数記事候補×4 | primary_area=成増
成増のレンタルダンススタジオおすすめ,エリア,A,11,ハウススタジオ プラネアールときわ台スタジオ,〒174-0071 東京都板橋区常盤台２丁目９-５,0,,ときわ台駅,159.0,ChIJfzPQmiztGGARsO2GGQ1oXeo,ハウススタジオ プラネアールときわ台スタジオ,3.5,13.0,1.0,OK,45.65,★3.5(+14pt) | 口コミ13件(+1pt) | 駅近500m以内 | 複数記事候補×4 | primary_area=成増
成増のレンタルダンススタジオおすすめ,エリア,A,12,スタジオBOS,〒174-0065 東京都板橋区若木１丁目２６-９,0,,東武練馬駅,787.0,ChIJB-dhcMaSGGARjJ6C8GopdGs,スタジオBOS,4.4,7.0,1.0,OK,39.95,★4.4(+18pt) | 口コミ7件(+0pt) | 駅近1000m以内 | 複数記事候補×3 | primary_area=成増
成増のレンタルダンススタジオおすすめ,エリア,A,13,ＧＯＣＯＯスタジオ,〒174-0041 東京都板橋区舟渡２丁目２０-８,0,,浮間舟渡駅,569.0,ChIJCVnj9KzsGGARMDaruguBEUg,ＧＯＣＯＯスタジオ,4.0,1.0,1.0,OK,34.05,★4.0(+16pt) | 口コミ1件(+0pt) | 駅近1000m以内 | primary_area=成増
成増のレンタルダンススタジオおすすめ,エリア,A,14,スイープスタジオ,〒173-0004 東京都板橋区板橋２丁目６１-４ 板橋マリオン B1,0,,板橋区役所前駅,139.0,ChIJVVVB572SGGARZLgohbC3h_U,スイープスタジオ,1.5,2.0,1.0,OK,33.1,★1.5(+6pt) | 口コミ2件(+0pt) | 駅近500m以内 | 複数記事候補×2 | primary_area=成増
成増のレンタルダンススタジオおすすめ,エリア,A,15,MIZUE Ballet School,〒179-0076 東京都練馬区土支田１丁目２８-１４ ３F,0,,光が丘駅,1144.0,ChIJ_1kHq_ztGGARhb39mcCmqUQ,MIZUE Ballet School,3.7,3.0,1.0,OK,30.95,★3.7(+15pt) | 口コミ3件(+0pt) | 複数記事候補×4 | tag/station:成増
町田のレンタルダンススタジオおすすめ,エリア,A,1,クラウドナインスタジオ 町田店,〒194-0013 東京都町田市原町田４丁目１１-１４ コロンブスビル 6F,0,,町田駅,213.0,ChIJkxuiBEv5GGARC7qG5FLsgDI,クラウドナインスタジオ 町田店,4.3,143.0,1.0,OK,57.35,★4.3(+17pt) | 口コミ143件(+7pt) | 駅近500m以内 | 複数記事候補×5 | primary_area=町田
町田のレンタルダンススタジオおすすめ,エリア,A,2,レンタルスタジオ STUDIO ZERO 町田ターミナル口店,〒194-0013 東京都町田市原町田４丁目７-３ 内藤ビル 地下1階B5号室,0,,町田駅,265.0,ChIJDZGSLlj5GGARoCKJ3J_PuwQ,レンタルスタジオ STUDIO ZERO 町田ターミナル口店,4.6,92.0,1.0,OK,56.0,★4.6(+18pt) | 口コミ92件(+5pt) | 駅近500m以内 | 複数記事候補×5 | primary_area=町田
町田のレンタルダンススタジオおすすめ,エリア,A,3,ボイトレ＆ダンスの NAYUTAS（ナユタス）町田校,〒194-0022 東京都町田市森野１丁目１４-９ ＭＫビル 森野2F,0,,町田駅,352.0,ChIJOU2FEl3_GGARtwyiWwpRQGY,ボイトレ＆ダンスの NAYUTAS（ナユタス）町田校,4.8,38.0,1.0,OK,54.1,★4.8(+19pt) | 口コミ38件(+2pt) | 駅近500m以内 | 複数記事候補×5 | primary_area=町田
町田のレンタルダンススタジオおすすめ,エリア,A,4,スタジオSOPIC,〒194-0045 東京都町田市南成瀬１丁目2-１,0,,成瀬駅,95.0,ChIJ92f_dhz5GGARMvud_ltGIac,スタジオ NARUSE Sta.,5.0,1.0,0.435,OK,51.05,★5.0(+20pt) | 口コミ1件(+0pt) | 駅近500m以内 | 複数記事候補×4 | primary_area=町田
町田のレンタルダンススタジオおすすめ,エリア,A,5,YOKOTA BASE STUDIO,〒194-0013 東京都町田市原町田１丁目６-２４ 田島第二ビル,0,,町田駅,257.0,ChIJby9isUr5GGARjzffqOUB8wk,YOKOTA BASE STUDIO,4.2,12.0,1.0,OK,50.4,★4.2(+17pt) | 口コミ12件(+1pt) | 駅近500m以内 | 複数記事候補×5 | primary_area=町田
町田のレンタルダンススタジオおすすめ,エリア,A,6,Caribbean explosion,〒194-0012 東京都町田市金森１丁目３-１ Hamanoya 202,0,,町田駅,991.0,ChIJWV10t7b5GGARKVKv4I33F8I,Caribbean explosion,5.0,11.0,1.0,OK,44.55,★5.0(+20pt) | 口コミ11件(+1pt) | 駅近1000m以内 | 複数記事候補×4 | primary_area=町田
町田のレンタルダンススタジオおすすめ,エリア,A,7,スタジオクレイン鶴川,〒195-0053 東京都町田市能ヶ谷２丁目１２,0,,鶴川駅,167.0,ChIJEb8_1877GGARqMVOwa6vCf8,スタジオクレイン鶴川,4.0,3.0,1.0,OK,43.15,★4.0(+16pt) | 口コミ3件(+0pt) | 駅近500m以内 | 複数記事候補×2 | primary_area=町田
町田のレンタルダンススタジオおすすめ,エリア,A,8,Funky Gang Dance Studio,〒194-0022 東京都町田市森野１丁目９-１７ B1,0,,町田駅,566.0,ChIJGU8cowj_GGARxrJZZ1fVtpw,Funky Gang Dance Studio,5.0,2.0,1.0,OK,40.1,★5.0(+20pt) | 口コミ2件(+0pt) | 駅近1000m以内 | 複数記事候補×2 | primary_area=町田
町田のレンタルダンススタジオおすすめ,エリア,A,9,レンタルスタジオ マイレッスン 町田スタジオ2号,〒194-0021 東京都町田市中町１丁目１５-１１,0,,町田駅,541.0,ChIJ3ZNswT3_GGARtYFPQZcbdH0,レンタルスタジオマイレッスン 町田２号店,3.6,5.0,0.878,OK,34.65,★3.6(+14pt) | 口コミ5件(+0pt) | 駅近1000m以内 | 複数記事候補×2 | primary_area=町田
町田のレンタルダンススタジオおすすめ,エリア,A,10,シバヨガ鶴川スタジオ,〒195-0061 東京都町田市 鶴川２－１４－１５ ２F,0,,鶴川駅,1402.0,ChIJ4bSFx737GGARoxCKnaI0y3U,シバヨガ鶴川スタジオ,4.8,12.0,1.0,OK,33.8,★4.8(+19pt) | 口コミ12件(+1pt) | 複数記事候補×3 | primary_area=町田
町田のレンタルダンススタジオおすすめ,エリア,A,11,スタジオK,〒195-0064 東京都町田市小野路町２０７３-３,0,,なし,,ChIJkfrO_YL7GGARI5M84GpXnZQ,スタジオK,4.8,5.0,1.0,OK,33.45,★4.8(+19pt) | 口コミ5件(+0pt) | 複数記事候補×3 | primary_area=町田
町田のレンタルダンススタジオおすすめ,エリア,A,12,マウリ・ナニスタジオ,〒194-0004 東京都町田市鶴間１丁目１８-１ ドルフ南町田101,0,,南町田グランベリーパーク駅,347.0,ChIJ29fdYur4GGAR1kU1qvdxF3Y,Mauli Nani Studio,,,0.0,OK,,★nan(+nanpt) | 駅近500m以内 | 複数記事候補×4 | primary_area=町田
練馬のレンタルダンススタジオおすすめ,エリア,A,1,ケアリノフラスタジオ,〒179-0081 東京都練馬区北町８丁目３６-２,0,,地下鉄赤塚駅,339.0,ChIJ6z6go73tGGAR4RQjBjoYUp8,ケアリノフラスタジオ,5.0,3.0,1.0,OK,53.15,★5.0(+20pt) | 口コミ3件(+0pt) | 駅近500m以内 | 複数記事候補×5 | primary_area=練馬
練馬のレンタルダンススタジオおすすめ,エリア,A,2,カルサロ レンタルスタジオサロン,〒179-0073 東京都練馬区田柄２丁目３２-２３ アネックスミスズ ２F,0,,地下鉄赤塚駅,216.0,ChIJSfYh5wDtGGARtvpi1a97XGI,カルサロ レンタルスタジオサロン,4.9,8.0,1.0,OK,53.0,★4.9(+20pt) | 口コミ8件(+0pt) | 駅近500m以内 | 複数記事候補×5 | primary_area=練馬
練馬のレンタルダンススタジオおすすめ,エリア,A,3,スポーツクラブ ルネサンス 富士見台24,〒176-0021 東京都練馬区貫井３丁目１２-３３,0,,富士見台駅,192.0,ChIJj0NQKcrtGGARigLDikS6BXE,スポーツクラブ＆サウナスパ ルネサンス 富士見台24,3.7,143.0,0.857,OK,52.95,★3.7(+15pt) | 口コミ143件(+7pt) | 駅近500m以内 | 複数記事候補×4 | primary_area=練馬
練馬のレンタルダンススタジオおすすめ,エリア,A,4,えこてんハウススタジオ,〒176-0005 東京都練馬区旭丘１丁目７６-１０ 相枝ビル ４F,0,,江古田駅,61.0,ChIJC8nQ3M_tGGARAO1aafw4zP4,えこてんハウススタジオ,5.0,3.0,1.0,OK,51.15,★5.0(+20pt) | 口コミ3件(+0pt) | 駅近500m以内 | 複数記事候補×4 | primary_area=練馬
練馬のレンタルダンススタジオおすすめ,エリア,A,5,レンタルスタジオ ふわり,〒176-0006 東京都練馬区栄町１５-５ 小林ビル Ａ号室,0,,新桜台駅,354.0,ChIJ25JFEqDtGGAR3v2xf4KHGwg,レンタルスタジオ ふわり桜台,4.8,4.0,0.917,OK,50.4,★4.8(+19pt) | 口コミ4件(+0pt) | 駅近500m以内 | 複数記事候補×4 | primary_area=練馬
練馬のレンタルダンススタジオおすすめ,エリア,A,6,mikaバレエスタジオ,〒176-0011 東京都練馬区豊玉上２丁目２０-４ 石原ビル,0,,桜台駅,176.0,ChIJ1089hhLtGGARa0ZdflLHjv8,mikaバレエスタジオ,4.7,3.0,1.0,OK,49.95,★4.7(+19pt) | 口コミ3件(+0pt) | 駅近500m以内 | 複数記事候補×4 | primary_area=練馬
練馬のレンタルダンススタジオおすすめ,エリア,A,7,studio fusion レンタルスタジオ,〒176-0001 東京都練馬区練馬１丁目２０-３ Nビル 2F,0,,練馬駅,186.0,ChIJeXu76EDtGGARoNM4NOx1P_k,studio fusion レンタルスタジオ,4.5,4.0,1.0,OK,49.2,★4.5(+18pt) | 口コミ4件(+0pt) | 駅近500m以内 | 複数記事候補×4 | primary_area=練馬
練馬のレンタルダンススタジオおすすめ,エリア,A,8,大泉学園ノートル,"練馬区東大泉６丁目ー３４－４５ SKビルⅡ ２階 ３４, ３４ 練馬区 東京都 178-0063",0,,大泉学園駅,159.0,ChIJ8y9e5cbuGGARWQJ3RRB4T9s,大泉学園ノートル,3.7,3.0,1.0,OK,47.95,★3.7(+15pt) | 口コミ3件(+0pt) | 駅近500m以内 | 複数記事候補×5 | primary_area=練馬
練馬のレンタルダンススタジオおすすめ,エリア,A,9,リアクション2はなれ,〒179-0084 東京都練馬区氷川台３丁目２４-１５ 石野ＮＴビル 地下1F,0,,氷川台駅,367.0,ChIJ14KifXLtGGARmYc15lho7zs,リアクション2はなれ,4.0,4.0,1.0,OK,47.2,★4.0(+16pt) | 口コミ4件(+0pt) | 駅近500m以内 | 複数記事候補×4 | primary_area=練馬
練馬のレンタルダンススタジオおすすめ,エリア,A,10,スタジオメッセ,〒176-0001 東京都練馬区練馬４丁目１９ １F メッセ豊島園２号館,0,,豊島園駅,225.0,ChIJiy7UdVntGGARMPcFFDX5aNM,スタジオメッセ,5.0,1.0,1.0,OK,47.05,★5.0(+20pt) | 口コミ1件(+0pt) | 駅近500m以内 | 複数記事候補×2 | primary_area=練馬
練馬のレンタルダンススタジオおすすめ,エリア,A,11,バーミリオン フェニックス チアダンス スタジオ,〒176-0023 東京都練馬区中村北１丁目５-９ 第二永崎ビル,0,,練馬駅,512.0,ChIJ___bsKDtGGARIr-7E8MIfAU,#えみチア 練馬校 Vermilion Phoenix Cheerdance Studio,5.0,2.0,0.066,OK,42.1,★5.0(+20pt) | 口コミ2件(+0pt) | 駅近1000m以内 | 複数記事候補×3 | primary_area=練馬
練馬のレンタルダンススタジオおすすめ,エリア,A,12,StudioNEXUS石神井校,〒177-0041 東京都練馬区石神井町６丁目３２-２０,0,,石神井公園駅,898.0,ChIJq2Ou1ZDuGGARwI4MmG-Rzfk,ダンススタジオ StudioNEXUS石神井校 -練馬区-石神井公園-,5.0,1.0,0.667,OK,42.05,★5.0(+20pt) | 口コミ1件(+0pt) | 駅近1000m以内 | 複数記事候補×3 | primary_area=練馬
練馬のレンタルダンススタジオおすすめ,エリア,A,13,ジョイ・バレエ ストゥーディオ 平和台スタジオ,〒179-0083 東京都練馬区平和台３丁目１５-１１ 飯塚ダンススタジオ,0,,氷川台駅,655.0,ChIJpWp4ZFjtGGARMhUGFVFlfjY,ジョイ・バレエ ストゥーディオ 平和台スタジオ,4.8,5.0,1.0,OK,41.45,★4.8(+19pt) | 口コミ5件(+0pt) | 駅近1000m以内 | 複数記事候補×3 | primary_area=練馬
練馬のレンタルダンススタジオおすすめ,エリア,A,14,STRADA STUDIO,〒179-0071 東京都練馬区旭町１丁目８-１ ３F,0,,光が丘駅,873.0,ChIJrQZOn_jtGGARcRHo619S-F8,STRADA STUDIO,4.7,7.0,1.0,OK,41.15,★4.7(+19pt) | 口コミ7件(+0pt) | 駅近1000m以内 | 複数記事候補×3 | primary_area=練馬
練馬のレンタルダンススタジオおすすめ,エリア,A,15,スポーツクラブ ルネサンス 光が丘,〒179-0075 東京都練馬区高松５丁目８ J．CITYビル 1階,0,,光が丘駅,758.0,ChIJQVPFZT3sGGARNedXin01rlc,スポーツクラブ＆サウナスパ ルネサンス 光が丘,3.6,80.0,0.833,OK,40.4,★3.6(+14pt) | 口コミ80件(+4pt) | 駅近1000m以内 | 複数記事候補×3 | primary_area=練馬
蒲田のレンタルダンススタジオおすすめ,エリア,A,1,Studio Leaf,〒144-0047 東京都大田区萩中１丁目４-１２-３０１,0,,糀谷駅,406.0,ChIJPyNy3WphGGAR8rHmSF-jOzo,Studio Leaf,4.9,47.0,1.0,OK,52.95,★4.9(+20pt) | 口コミ47件(+2pt) | 駅近500m以内 | 複数記事候補×4 | primary_area=蒲田
蒲田のレンタルダンススタジオおすすめ,エリア,A,2,REDEIC DANCE STUDIO,〒146-0092 東京都大田区下丸子３丁目２５-５,0,,下丸子駅,334.0,ChIJT01M9-RfGGARpeG3trQmVtU,REDEIC DANCE STUDIO,4.9,30.0,1.0,OK,52.1,★4.9(+20pt) | 口コミ30件(+2pt) | 駅近500m以内 | 複数記事候補×4 | primary_area=蒲田
蒲田のレンタルダンススタジオおすすめ,エリア,A,3,蒲田COZYレンタルダンススタジオ,〒144-0052 東京都大田区蒲田５丁目６-１２ イワシタビル 2F,0,,蒲田駅,257.0,ChIJJ833p1tgGGARHfWvSeDKYHg,蒲田COZYレンタルダンススタジオ,4.7,3.0,1.0,OK,51.95,★4.7(+19pt) | 口コミ3件(+0pt) | 駅近500m以内 | 複数記事候補×5 | primary_area=蒲田
蒲田のレンタルダンススタジオおすすめ,エリア,A,4,コンバレエスタジオ Kon Ballet Studio 糀谷店,〒144-0035 東京都大田区南蒲田３丁目１３-１２ キザキビル2F.3F,0,,糀谷駅,228.0,ChIJyc5JJ_1gGGARLofdBNneDQw,コンバレエスタジオ Kon Ballet Studio 糀谷店,5.0,1.0,1.0,OK,51.05,★5.0(+20pt) | 口コミ1件(+0pt) | 駅近500m以内 | 複数記事候補×4 | primary_area=蒲田
蒲田のレンタルダンススタジオおすすめ,エリア,A,5,佐々木隆子タップダンススタジオ（蒲田本部スタジオ）,〒144-0035 東京都大田区南蒲田３丁目８-３０,0,,糀谷駅,402.0,ChIJMeH32vtgGGARSJ59N1MXm9M,佐々木隆子タップダンススタジオ（蒲田本部スタジオ）,5.0,1.0,1.0,OK,51.05,★5.0(+20pt) | 口コミ1件(+0pt) | 駅近500m以内 | 複数記事候補×4 | primary_area=蒲田
蒲田のレンタルダンススタジオおすすめ,エリア,A,6,レンタルスタジオ N.studio,〒146-0091 東京都大田区鵜の木２丁目５-１ イーグル鵜の木,0,,鵜の木駅,53.0,ChIJlxpzO_VfGGAR0voZA8ps3Qk,レンタルスタジオ N.studio,5.0,1.0,1.0,OK,51.05,★5.0(+20pt) | 口コミ1件(+0pt) | 駅近500m以内 | 複数記事候補×4 | primary_area=蒲田
蒲田のレンタルダンススタジオおすすめ,エリア,A,7,望月愛生バレエスタジオ,〒146-0084 東京都大田区南久が原２丁目７-６ 横川ビル 1階,0,,久が原駅,44.0,ChIJd_JYrPhfGGARlczpQkKQGuo,望月愛生バレエスタジオ,4.7,12.0,1.0,OK,50.4,★4.7(+19pt) | 口コミ12件(+1pt) | 駅近500m以内 | 複数記事候補×4 | primary_area=蒲田
蒲田のレンタルダンススタジオおすすめ,エリア,A,8,東急スポーツオアシス雪谷24Plus,〒145-0073 東京都大田区北嶺町４３-１８,0,,御嶽山駅,410.0,ChIJBW8nPUX1GGARdVT_BZod1Vc,スポーツクラブ&サウナスパ ルネサンス 雪谷24,3.5,99.0,0.45,OK,49.95,★3.5(+14pt) | 口コミ99件(+5pt) | 駅近500m以内 | 複数記事候補×4 | primary_area=蒲田
蒲田のレンタルダンススタジオおすすめ,エリア,A,9,JOYFIT24 石川台,〒145-0065 東京都大田区東雪谷２丁目５-１ 1F・2F エンゼルハイム東雪谷,0,,石川台駅,133.0,ChIJ22Lw2Un1GGARJOb4Yn_qO0U,JOYFIT24 石川台,4.0,50.0,1.0,OK,49.5,★4.0(+16pt) | 口コミ50件(+2pt) | 駅近500m以内 | 複数記事候補×4 | primary_area=蒲田
蒲田のレンタルダンススタジオおすすめ,エリア,A,10,レンタルスタジオ D-Base 大岡山店,〒145-0063 東京都大田区南千束３丁目１-１５ プラシス大岡山 地下1階,0,,大岡山駅,355.0,ChIJe48iNzD1GGARbY-XFSbfgOE,レンタルスタジオ D-Base 大岡山店,4.5,2.0,1.0,OK,49.1,★4.5(+18pt) | 口コミ2件(+0pt) | 駅近500m以内 | 複数記事候補×4 | primary_area=蒲田
蒲田のレンタルダンススタジオおすすめ,エリア,A,11,レンタルスタジオCLI CLI,〒145-0064 東京都大田区上池台１丁目１-１,0,,長原駅,113.0,ChIJ4dUOL7aKGGAR7sqfZwNPh5w,レンタルスタジオCLI CLI,4.4,5.0,1.0,OK,48.85,★4.4(+18pt) | 口コミ5件(+0pt) | 駅近500m以内 | 複数記事候補×4 | primary_area=蒲田
蒲田のレンタルダンススタジオおすすめ,エリア,A,12,蒲田・矢口渡レンタルスタジオ momobana,〒146-0095 東京都大田区多摩川１丁目１８-１ 2階,0,,矢口渡駅,308.0,ChIJPbwimahhGGARQm5A-HseBcA,蒲田・矢口渡レンタルスタジオ momobana,4.3,3.0,1.0,OK,48.35,★4.3(+17pt) | 口コミ3件(+0pt) | 駅近500m以内 | 複数記事候補×4 | primary_area=蒲田
蒲田のレンタルダンススタジオおすすめ,エリア,A,13,スタジオジパング 池上スタジオSTANDARD,〒146-0082 東京都大田区池上６丁目５-１４ プレゼンス池上 地下1階,0,,池上駅,162.0,ChIJCwJZB1FhGGARWaO-wObQMUs,スタジオジパング 池上スタジオSTANDARD,3.8,5.0,1.0,OK,46.45,★3.8(+15pt) | 口コミ5件(+0pt) | 駅近500m以内 | 複数記事候補×4 | primary_area=蒲田
蒲田のレンタルダンススタジオおすすめ,エリア,A,14,梅屋敷スタジオ５０１,〒144-0052 東京都大田区蒲田２丁目２２-１３,0,,蒲田駅,956.0,ChIJg5sLQH5hGGAR_sH3gL252MQ,スタジオゴード（旧: 梅屋敷スタジオ501）,4.0,1.0,0.645,OK,40.05,★4.0(+16pt) | 口コミ1件(+0pt) | 駅近1000m以内 | 複数記事候補×4 | primary_area=蒲田
蒲田のレンタルダンススタジオおすすめ,エリア,A,15,スタジオ クロア,〒145-0071 東京都大田区田園調布２丁目４６-３ ライトハウス田園調布 1F,0,,自由が丘駅,1156.0,ChIJJdn5i231GGARUlZwjWNeOkQ,スタジオ クロア,5.0,5.0,1.0,OK,36.25,★5.0(+20pt) | 口コミ5件(+0pt) | 複数記事候補×4 | primary_area=蒲田
西葛西のレンタルダンススタジオおすすめ,エリア,A,1,Dubway レンタルスタジオ小岩,東京都江戸川区北小岩1-3-4 102,1,https://dance-studio-lab.com/room/ZmU2YzI4MzYtZGY2ZC00YmZkLWI5MWItZDg0OTdkOTdmOGI5/detail,小岩駅,488.0,ChIJSYQwCgSFGGARgpaDHPS-ams,Dubwayレンタルダンス小岩,5.0,1.0,0.839,OK,153.05,提携 | ★5.0(+20pt) | 口コミ1件(+0pt) | 駅近500m以内 | 複数記事候補×5 | primary_area=西葛西
西葛西のレンタルダンススタジオおすすめ,エリア,A,2,舞空間ばくdance studio,〒134-0083 東京都江戸川区中葛西中葛西５丁目３４-７ 昭 産 ビル ７F,0,,葛西駅,70.0,ChIJnSrHb_KHGGARNGC3MeklvT8,舞空間ばく Dance studio,5.0,2.0,1.0,OK,53.1,★5.0(+20pt) | 口コミ2件(+0pt) | 駅近500m以内 | 複数記事候補×5 | primary_area=西葛西
西葛西のレンタルダンススタジオおすすめ,エリア,A,3,ダンススクエア 葛西スタジオ,〒134-0084 東京都江戸川区東葛西６丁目２-１０ 森ビル 7階,0,,葛西駅,134.0,ChIJZ60l5_KHGGARTXdpmzQ3MBs,ダンススクエア 葛西スタジオ,5.0,1.0,1.0,OK,53.05,★5.0(+20pt) | 口コミ1件(+0pt) | 駅近500m以内 | 複数記事候補×5 | primary_area=西葛西
西葛西のレンタルダンススタジオおすすめ,エリア,A,4,Lanikai Dance Studio,〒134-0083 東京都江戸川区中葛西５丁目２０-１９ ローヤルマンション葛西 1階,0,,葛西駅,234.0,ChIJEYLYGPKHGGARSUkItZ_f-k0,Lanikai Dance Studio,5.0,1.0,1.0,OK,53.05,★5.0(+20pt) | 口コミ1件(+0pt) | 駅近500m以内 | 複数記事候補×5 | primary_area=西葛西
西葛西のレンタルダンススタジオおすすめ,エリア,A,5,STUDIO+DINING TREE,〒132-0024 東京都江戸川区一之江４丁目２-２５,0,,一之江駅,393.0,ChIJ3deW44qHGGAR7jqo6z8wLxM,STUDIO+DINING TREE,4.9,22.0,1.0,OK,51.7,★4.9(+20pt) | 口コミ22件(+1pt) | 駅近500m以内 | 複数記事候補×4 | primary_area=西葛西
西葛西のレンタルダンススタジオおすすめ,エリア,A,6,江戸川区キッズアクション,〒133-0051 東京都江戸川区北小岩１丁目１７-１ 小岩アーバンプラザ,0,,江戸川駅,389.0,ChIJBUKLjC2HoawRbtmQJ9sELjU,スターズリンク,5.0,1.0,0.211,OK,51.05,★5.0(+20pt) | 口コミ1件(+0pt) | 駅近500m以内 | 複数記事候補×4 | primary_area=西葛西
西葛西のレンタルダンススタジオおすすめ,エリア,A,7,Tダンスプロダクション,〒132-0033 東京都江戸川区東小松川４丁目４３-１８,0,,船堀駅,323.0,ChIJhVRohNKHGGARwfPucDhxj8Q,Tダンスプロダクション,4.8,10.0,1.0,OK,50.7,★4.8(+19pt) | 口コミ10件(+0pt) | 駅近500m以内 | 複数記事候補×4 | primary_area=西葛西
西葛西のレンタルダンススタジオおすすめ,エリア,A,8,西葛西ダンススタジオ mind-blowing,〒134-0088 東京都江戸川区西葛西５丁目６-２０ 小山ビル 4階,0,,西葛西駅,140.0,ChIJCa5dXpuHGGARDyHnGbHFTKI,西葛西ダンススタジオ mind-blowing,4.6,17.0,1.0,OK,50.25,★4.6(+18pt) | 口コミ17件(+1pt) | 駅近500m以内 | 複数記事候補×4 | primary_area=西葛西
西葛西のレンタルダンススタジオおすすめ,エリア,A,9,フレックススタイル 船堀校,〒134-0091 東京都江戸川区船堀２丁目２３-２４,0,,船堀駅,192.0,ChIJEwH409OHGGAR46I-ENIoKVw,フレックススタイル 船堀校,4.5,2.0,1.0,OK,49.1,★4.5(+18pt) | 口コミ2件(+0pt) | 駅近500m以内 | 複数記事候補×4 | primary_area=西葛西
西葛西のレンタルダンススタジオおすすめ,エリア,A,10,スタジオＤＤＦ,〒134-0088 東京都江戸川区西葛西５丁目５-１５,0,,西葛西駅,146.0,ChIJ03v6uOaHGGARI9WUsSeP2vk,スタジオＤＤＦ,4.0,1.0,1.0,OK,43.05,★4.0(+16pt) | 口コミ1件(+0pt) | 駅近500m以内 | 複数記事候補×2 | primary_area=西葛西
西葛西のレンタルダンススタジオおすすめ,エリア,A,11,EMI HULA STUDIO,〒134-0013 東京都江戸川区江戸川６丁目,0,,一之江駅,989.0,ChIJkxkQbO2HGGARcPhZSS9vKLk,EMI HULA STUDIO,5.0,4.0,1.0,OK,42.2,★5.0(+20pt) | 口コミ4件(+0pt) | 駅近1000m以内 | 複数記事候補×3 | primary_area=西葛西
西葛西のレンタルダンススタジオおすすめ,エリア,A,12,ナガトスタジオ,〒134-0084 東京都江戸川区東葛西５丁目４０-９,0,,葛西駅,688.0,ChIJZRmfLMSHGGAR8I0cLVuk5AM,ナガトスタジオ,3.0,1.0,1.0,OK,36.05,★3.0(+12pt) | 口コミ1件(+0pt) | 駅近1000m以内 | 複数記事候補×4 | primary_area=西葛西
西葛西のレンタルダンススタジオおすすめ,エリア,A,13,リーホースタジオ,〒136-0075 東京都江東区新砂３丁目５-３３ ＤＰＬ南砂 ４階,0,,南砂町駅,756.0,ChIJET0-LVCJGGAR6D63OTbvars,リーホースタジオ,3.3,12.0,1.0,OK,33.8,★3.3(+13pt) | 口コミ12件(+1pt) | 駅近1000m以内 | 複数記事候補×2 | tag/station:西葛西
西葛西のレンタルダンススタジオおすすめ,エリア,A,14,Ｍ＆Ｓダンススタジオ 西葛西スタジオ,〒134-0088 東京都江戸川区西葛西３丁目２-１５ 三谷ビル,0,,西葛西駅,329.0,ChIJiTnLO-CHGGARrhm5W-sqNtA,Ｍ＆Ｓダンススタジオ 西葛西スタジオ,,,1.0,OK,,★nan(+nanpt) | 駅近500m以内 | 複数記事候補×2 | primary_area=西葛西
西葛西のレンタルダンススタジオおすすめ,エリア,A,15,スタジオ・エルカミーノ,〒133-0057 東京都江戸川区西小岩１丁目１９-３２,0,,小岩駅,194.0,ChIJVVXxS9-FGGARQLxPkMzAt8g,スタジオ・エルカミーノ,,,1.0,OK,,★nan(+nanpt) | 駅近500m以内 | 複数記事候補×3 | primary_area=西葛西
調布のレンタルダンススタジオおすすめ,エリア,A,1,富田雅美バレエ＆ダンスユニット,〒182-0024 東京都調布市布田１丁目２９-２ ビルディング川口 B1,0,,調布駅,200.0,ChIJQbC-3BTwGGARWd3hWPux4PY,富田雅美バレエ＆ダンスユニット,5.0,20.0,1.0,OK,54.0,★5.0(+20pt) | 口コミ20件(+1pt) | 駅近500m以内 | 複数記事候補×5 | primary_area=調布
調布のレンタルダンススタジオおすすめ,エリア,A,2,YR CLUB HOUSE 国領店,〒182-0022 東京都調布市国領町３丁目１０-４,0,,国領駅,89.0,ChIJJfF6e0XwGGARPhrOjIakyQc,YR CLUB HOUSE 国領店,5.0,10.0,1.0,OK,51.5,★5.0(+20pt) | 口コミ10件(+0pt) | 駅近500m以内 | 複数記事候補×4 | primary_area=調布
調布のレンタルダンススタジオおすすめ,エリア,A,3,加藤みや子ダンススペース ANNEX SENGAWA-FACTORY,〒182-0002 東京都調布市仙川町２丁目１８-２１,0,,仙川駅,271.0,ChIJcUxKObnxGGARk0X9h3oexeA,加藤みや子ダンススペース ANNEX SENGAWA-FACTORY,5.0,5.0,1.0,OK,51.25,★5.0(+20pt) | 口コミ5件(+0pt) | 駅近500m以内 | 複数記事候補×4 | primary_area=調布
調布のレンタルダンススタジオおすすめ,エリア,A,4,スタジオ白猫屋 調布店,〒182-0021 東京都調布市調布ケ丘１丁目34-５ 調布タカラビル 3階,0,,調布駅,415.0,ChIJP_6-2nLxGGARjHnhXXdAV8U,スタジオ白猫屋 調布店,4.0,1.0,1.0,OK,49.05,★4.0(+16pt) | 口コミ1件(+0pt) | 駅近500m以内 | 複数記事候補×5 | primary_area=調布
調布のレンタルダンススタジオおすすめ,エリア,A,5,K2studio,〒182-0002 東京都調布市仙川町１丁目２７-２４,0,,仙川駅,145.0,ChIJq6r2TLzxGGARYZ7TTmg5aKo,K2studio,5.0,1.0,1.0,OK,47.05,★5.0(+20pt) | 口コミ1件(+0pt) | 駅近500m以内 | 複数記事候補×2 | primary_area=調布
調布のレンタルダンススタジオおすすめ,エリア,A,6,J.K.キューブ101スタジオエチュード,〒182-0007 東京都調布市菊野台１丁目２０-５,0,,柴崎駅,190.0,ChIJ-3MYvkzwGGARtc5BkwgVuQ8,J.K.キューブ101スタジオエチュード,3.9,8.0,1.0,OK,43.0,★3.9(+16pt) | 口コミ8件(+0pt) | 駅近500m以内 | 複数記事候補×2 | primary_area=調布
調布のレンタルダンススタジオおすすめ,エリア,A,7,ソードミュージック多目的スタジオ,〒182-0015 東京都調布市八雲台２丁目１-１０,0,,調布駅,1056.0,ChIJtTEFZUbwGGARVepBgry0fgI,ソードミュージック多目的スタジオ,4.3,13.0,1.0,OK,33.85,★4.3(+17pt) | 口コミ13件(+1pt) | 複数記事候補×4 | primary_area=調布
調布のレンタルダンススタジオおすすめ,エリア,A,8,Gloire Ballet Studio,〒182-0022 東京都調布市国領町４丁目9-４ 九曜国領駅前ビル 4F,0,,調布駅,1180.0,ChIJcx6aEmDxGGARSDkXcbyhHH4,Gloire Ballet Studio,4.5,2.0,1.0,OK,32.1,★4.5(+18pt) | 口コミ2件(+0pt) | 複数記事候補×3 | primary_area=調布
調布のレンタルダンススタジオおすすめ,エリア,A,9,Fali studio ファリ レンタルスペース,〒182-0012 東京都調布市深大寺東町６丁目28-２,0,,なし,,ChIJ-7_D9BTwGGAR2k9nobhQInk,ラフスペース,4.1,40.0,0.37,OK,28.4,★4.1(+16pt) | 口コミ40件(+2pt) | primary_area=調布
調布のレンタルダンススタジオおすすめ,エリア,A,10,フィットネス カルチャー＆アート テラ Terra,〒182-0025 東京都調布市多摩川５丁目７-６ 第３コーポ渡辺 2階,0,,調布駅,1045.0,ChIJDT787NfxGGARqhSet-Jc6TY,フィットネス カルチャー＆アート テラ Terra,,,1.0,OK,,★nan(+nanpt) | 複数記事候補×4 | primary_area=調布
調布のレンタルダンススタジオおすすめ,エリア,A,11,MDL Studio (防音スタジオ),〒182-0021 東京都調布市調布ケ丘３丁目６９-２,0,,調布駅,1165.0,ChIJ5Zo240_xGGARz8ZbE4bfB9w,MDL Studio (防音スタジオ),,,1.0,OK,,★nan(+nanpt) | 複数記事候補×5 | primary_area=調布
調布のレンタルダンススタジオおすすめ,エリア,A,12,仙川 スタジオ 舞仙 レンタルダンススタジオ,〒182-0002 東京都調布市仙川町１丁目１８-２５ 第一富沢ビル 3F,0,,仙川駅,52.0,ChIJC4qhTv_xGGARSslevxRJ20Q,仙川 スタジオ 舞仙 レンタルダンススタジオ,,,1.0,OK,,★nan(+nanpt) | 駅近500m以内 | 複数記事候補×4 | primary_area=調布
豊洲のレンタルダンススタジオおすすめ,エリア,A,1,青海R地区,〒135-0064 東京都江東区青海１丁目１ R地区,0,,青海駅,376.0,ChIJRc3v2PqJGGAR0W6_U5DB6SE,青海地区R区画,4.3,1477.0,0.667,OK,59.2,★4.3(+17pt) | 口コミ1477件(+15pt) | 駅近500m以内 | 複数記事候補×2 | primary_area=豊洲
豊洲のレンタルダンススタジオおすすめ,エリア,A,2,studio WILDKIDS 亀戸水神駅前校 CIERO studio,〒136-0071 東京都江東区亀戸８丁目１４-１１ 1階店舗,0,,亀戸水神駅,48.0,ChIJgdnavaCJGGARvCycfZrv1pI,studio WILDKIDS 亀戸水神駅前校 CIERO studio,5.0,3.0,1.0,OK,53.15,★5.0(+20pt) | 口コミ3件(+0pt) | 駅近500m以内 | 複数記事候補×5 | primary_area=豊洲
豊洲のレンタルダンススタジオおすすめ,エリア,A,3,studio WILDKIDS 亀戸駅前校 SOLstudio,〒136-0071 東京都江東区亀戸６丁目５６-４ 1階店舗,0,,亀戸駅,370.0,ChIJgdnavaCJGGARvCycfZrv1pI,studio WILDKIDS 亀戸水神駅前校 CIERO studio,5.0,3.0,0.867,OK,53.15,★5.0(+20pt) | 口コミ3件(+0pt) | 駅近500m以内 | 複数記事候補×5 | primary_area=豊洲
豊洲のレンタルダンススタジオおすすめ,エリア,A,4,Ballet & Dance DUE,〒136-0071 東京都江東区亀戸７丁目４３-５ 小林ビル,0,,亀戸水神駅,405.0,ChIJnSFJAaSJGGAR0qdEaexuRXk,Ballet & Dance DUE,5.0,1.0,1.0,OK,53.05,★5.0(+20pt) | 口コミ1件(+0pt) | 駅近500m以内 | 複数記事候補×5 | primary_area=豊洲
豊洲のレンタルダンススタジオおすすめ,エリア,A,5,StudioENTRADA森下,〒135-0004 東京都江東区森下３丁目８-７ カーム落合 1F,0,,森下駅,372.0,ChIJR06gymOJGGARs_3ztwC4_-w,StudioENTRADA森下,5.0,1.0,1.0,OK,53.05,★5.0(+20pt) | 口コミ1件(+0pt) | 駅近500m以内 | 複数記事候補×5 | primary_area=豊洲
豊洲のレンタルダンススタジオおすすめ,エリア,A,6,体幹・柔軟性強化&ポールダンス スタジオWeBA（ウィーバ）,〒136-0072 東京都江東区大島５丁目２７-１,0,,大島駅,413.0,ChIJLc2Zp5KIGGARhsTZFcBEH0k,体幹・柔軟性強化&ポールダンス スタジオWeBA（ウィーバ）,4.8,8.0,1.0,OK,50.6,★4.8(+19pt) | 口コミ8件(+0pt) | 駅近500m以内 | 複数記事候補×4 | primary_area=豊洲
豊洲のレンタルダンススタジオおすすめ,エリア,A,7,明治座森下スタジオ,〒135-0004 東京都江東区森下３丁目６-５,0,,森下駅,307.0,ChIJ307hDTuJGGARLb4Apws6nmo,明治座森下スタジオ,3.7,52.0,1.0,OK,50.4,★3.7(+15pt) | 口コミ52件(+3pt) | 駅近500m以内 | 複数記事候補×5 | primary_area=豊洲
豊洲のレンタルダンススタジオおすすめ,エリア,A,8,F1 STUDIO,〒136-0082 東京都江東区新木場１丁目３-１３,0,,新木場駅,259.0,ChIJI-TeFE6JGGARNmhkCvm3pEY,F1 STUDIO,4.5,11.0,1.0,OK,49.55,★4.5(+18pt) | 口コミ11件(+1pt) | 駅近500m以内 | 複数記事候補×4 | primary_area=豊洲
豊洲のレンタルダンススタジオおすすめ,エリア,A,9,SWITCH STAND ODAIBA,"〒135-0064 東京都江東区青海２丁目７-４, The Soho, 1F",0,,テレコムセンター駅,396.0,ChIJafYjoa6JGGARtt4zl5UrS0c,SWITCH STAND ODAIBA,4.4,7.0,1.0,OK,48.95,★4.4(+18pt) | 口コミ7件(+0pt) | 駅近500m以内 | 複数記事候補×4 | primary_area=豊洲
豊洲のレンタルダンススタジオおすすめ,エリア,A,10,レンタルスタジオ シンデレラドリーム,〒136-0076 東京都江東区南砂２丁目１-８ フッコウビル ４F,0,,東陽町駅,264.0,ChIJj3bwRFaIGGARw7Nh6DyQk7o,写真館シンデレラ,3.9,11.0,0.4,OK,47.15,★3.9(+16pt) | 口コミ11件(+1pt) | 駅近500m以内 | 複数記事候補×4 | primary_area=豊洲
豊洲のレンタルダンススタジオおすすめ,エリア,A,11,森下スタジオ,〒135-0004 東京都江東区森下３丁目５-６,0,,森下駅,269.0,ChIJFentnzuJGGARY7C2lhYHkCY,森下スタジオ,4.0,33.0,1.0,OK,46.65,★4.0(+16pt) | 口コミ33件(+2pt) | 駅近500m以内 | 複数記事候補×3 | primary_area=豊洲
豊洲のレンタルダンススタジオおすすめ,エリア,A,12,SIM STUDIOお台場,〒135-0062 東京都江東区東雲２丁目１４-３５,0,,東雲駅,493.0,ChIJpWirZsSJGGARNgFXi1Rf3yk,SIM STUDIOお台場,3.2,35.0,1.0,OK,45.55,★3.2(+13pt) | 口コミ35件(+2pt) | 駅近500m以内 | 複数記事候補×4 | primary_area=豊洲
豊洲のレンタルダンススタジオおすすめ,エリア,A,13,HYPERMIX門前仲町,〒135-0048 東京都江東区門前仲町１丁目１３-１２,0,,門前仲町駅,160.0,ChIJp-tkEhOJGGARRvjNPtK3hUg,HYPERMIX門前仲町,3.8,60.0,1.0,OK,45.2,★3.8(+15pt) | 口コミ60件(+3pt) | 駅近500m以内 | 複数記事候補×2 | primary_area=豊洲
豊洲のレンタルダンススタジオおすすめ,エリア,A,14,STUDIOピア Pia31 ベイサイド,〒136-0082 東京都江東区新木場２丁目１-２３,0,,新木場駅,849.0,ChIJB_1b1y6IGGARIdBKeufBw44,【STUDIOピア】Pia31ﾍﾞｲｻｲﾄﾞ,4.2,36.0,0.65,OK,40.6,★4.2(+17pt) | 口コミ36件(+2pt) | 駅近1000m以内 | 複数記事候補×3 | primary_area=豊洲
豊洲のレンタルダンススタジオおすすめ,エリア,A,15,studio3,〒136-0071 東京都江東区亀戸１丁目３１-８ 北越ビル 2F,0,,錦糸町駅,1077.0,ChIJSa_iEMOIGGARKHNU5T4ZLvs,studio3,5.0,13.0,1.0,OK,38.65,★5.0(+20pt) | 口コミ13件(+1pt) | 複数記事候補×5 | primary_area=豊洲
赤羽のレンタルダンススタジオおすすめ,エリア,A,1,スタジオアンダンティーノ,〒114-0014 東京都北区田端５丁目１-１２,0,,田端駅,152.0,ChIJBWFGbsKNGGARya8yaoTeUsg,スタジオアンダンティーノ,4.3,65.0,1.0,OK,53.45,★4.3(+17pt) | 口コミ65件(+3pt) | 駅近500m以内 | 複数記事候補×5 | primary_area=赤羽
赤羽のレンタルダンススタジオおすすめ,エリア,A,2,ミュージックサロン アマーブルNUTSスタジオ駒込店,〒114-0014 東京都北区田端４丁目１-１１ クレールビル 1F,0,,駒込駅,472.0,ChIJaXxi-IuPGGAR-_tD9Sv7Tig,ミュージックサロン アマーブルNUTSスタジオ駒込店,5.0,1.0,1.0,OK,53.05,★5.0(+20pt) | 口コミ1件(+0pt) | 駅近500m以内 | 複数記事候補×5 | primary_area=赤羽
赤羽のレンタルダンススタジオおすすめ,エリア,A,3,レンタルスタジオ池袋・駒込マイックル,〒114-0015 東京都北区中里２丁目１３-６,0,,駒込駅,334.0,ChIJ21-2JyyNGGARvniybg2LD80,新宿・大久保マイックル,5.0,1.0,0.37,OK,53.05,★5.0(+20pt) | 口コミ1件(+0pt) | 駅近500m以内 | 複数記事候補×5 | primary_area=赤羽
赤羽のレンタルダンススタジオおすすめ,エリア,A,4,SKYレンタルダンススタジオ,〒530-0028 大阪府大阪市北区万歳町３-４１ ホワイトコーポラス 104,0,,中崎町駅,210.0,ChIJQd379QHnAGAR8AqkdpwuDYo,SKYレンタルダンススタジオ,4.5,77.0,1.0,OK,52.85,★4.5(+18pt) | 口コミ77件(+4pt) | 駅近500m以内 | 複数記事候補×4 | primary_area=赤羽
赤羽のレンタルダンススタジオおすすめ,エリア,A,5,ART GROOVE,〒114-0015 東京都北区中里２丁目５-８ レイハウス駒込 302,0,,駒込駅,306.0,ChIJhTQHYJSNGGARr7jeH2Emgc8,ART GROOVE,4.6,21.0,1.0,OK,52.45,★4.6(+18pt) | 口コミ21件(+1pt) | 駅近500m以内 | 複数記事候補×5 | primary_area=赤羽
赤羽のレンタルダンススタジオおすすめ,エリア,A,6,ダンススタジオ・ミカ,"2階, ５丁目-１-３ 麻生町 北区 札幌市 北海道 001-0045",0,,麻生駅,149.0,ChIJk_b2gMcoC18RdeOGFAb_mnQ,ダンススタジオ・ミカ,5.0,9.0,1.0,OK,51.45,★5.0(+20pt) | 口コミ9件(+0pt) | 駅近500m以内 | 複数記事候補×4 | primary_area=赤羽
赤羽のレンタルダンススタジオおすすめ,エリア,A,7,王子飛鳥山レンタルスタジオ,〒114-0023 東京都北区滝野川１丁目４-１１ 滝野川1-4-11塚本ビル1階 塚本ビル,0,,王子駅,267.0,ChIJ77sF2niSGGARKlRPR6Bb7us,王子飛鳥山レンタルスタジオ,5.0,2.0,1.0,OK,51.1,★5.0(+20pt) | 口コミ2件(+0pt) | 駅近500m以内 | 複数記事候補×4 | primary_area=赤羽
赤羽のレンタルダンススタジオおすすめ,エリア,A,8,ダンスラッシュ,〒001-0021 北海道札幌市北区北２１条西５丁目１-１ ベルリネッタN21 2F,0,,北２４条駅,465.0,ChIJj-6Jkx0pC18RoaTBQ9qpRig,ダンスラッシュ,5.0,2.0,1.0,OK,51.1,★5.0(+20pt) | 口コミ2件(+0pt) | 駅近500m以内 | 複数記事候補×4 | primary_area=赤羽
赤羽のレンタルダンススタジオおすすめ,エリア,A,9,レンタルスタジオ Studio One,〒114-0031 東京都北区十条仲原１丁目８-２６ 清水ビル,0,,十条駅,245.0,ChIJBRW0dcSTGGAREkJ-LhfoJJk,レンタルスタジオ Studio One,5.0,1.0,1.0,OK,51.05,★5.0(+20pt) | 口コミ1件(+0pt) | 駅近500m以内 | 複数記事候補×4 | primary_area=赤羽
赤羽のレンタルダンススタジオおすすめ,エリア,A,10,シンフォニー,〒114-0001 東京都北区東十条２丁目４-１２ 金鈴ビル,0,,東十条駅,281.0,ChIJh7C314qSGGARsgUHJgTZq0w,シンフォニー,4.7,3.0,1.0,OK,49.95,★4.7(+19pt) | 口コミ3件(+0pt) | 駅近500m以内 | 複数記事候補×4 | primary_area=赤羽
赤羽のレンタルダンススタジオおすすめ,エリア,A,11,SPROUT DANCE STUDIO 梅田店,〒530-0026 大阪府大阪市北区神山町１-１５ ＴＲＵＳＴ ＢＵＩＬＤＩＮＧ 1 階,0,,扇町駅,428.0,ChIJGTMu08bmAGAR18bFv8X8XKA,SPROUT DANCE STUDIO 梅田店,3.9,51.0,1.0,OK,49.15,★3.9(+16pt) | 口コミ51件(+3pt) | 駅近500m以内 | 複数記事候補×4 | primary_area=赤羽
赤羽のレンタルダンススタジオおすすめ,エリア,A,12,SK.DANCE STUDIO 赤羽 チアダンススタジオ,〒115-0044 東京都北区赤羽南１丁目３-１ 高橋ビル 1F,0,,赤羽駅,283.0,ChIJIYw53PySGGAR7E_OP8yMUdE,SK.DANCE STUDIO 赤羽 チアダンススタジオ,5.0,6.0,1.0,OK,47.3,★5.0(+20pt) | 口コミ6件(+0pt) | 駅近500m以内 | 複数記事候補×2 | primary_area=赤羽
赤羽のレンタルダンススタジオおすすめ,エリア,A,13,studioハレマニ,〒114-0023 東京都北区滝野川６丁目１１-９,0,,西巣鴨駅,380.0,ChIJ_4iNkPWTGGARkAeYyhIjxRY,studioハレマニ,5.0,6.0,1.0,OK,47.3,★5.0(+20pt) | 口コミ6件(+0pt) | 駅近500m以内 | 複数記事候補×2 | primary_area=赤羽
錦糸町のレンタルダンススタジオおすすめ,エリア,A,1,SORAスタジオ3,〒131-0045 東京都墨田区押上１丁目２９-２ 3,0,,押上駅,468.0,ChIJF-6tOJCPGGARB8wryOpruwI,SORAスタジオ3,5.0,3.0,1.0,OK,53.15,★5.0(+20pt) | 口コミ3件(+0pt) | 駅近500m以内 | 複数記事候補×5 | primary_area=錦糸町
錦糸町のレンタルダンススタジオおすすめ,エリア,A,2,studio WILDKIDS 亀戸駅前校 SOLstudio,〒136-0071 東京都江東区亀戸６丁目５６-４ 1階店舗,0,,亀戸駅,370.0,ChIJgdnavaCJGGARvCycfZrv1pI,studio WILDKIDS 亀戸水神駅前校 CIERO studio,5.0,3.0,0.867,OK,53.15,★5.0(+20pt) | 口コミ3件(+0pt) | 駅近500m以内 | 複数記事候補×5 | tag/station:錦糸町
錦糸町のレンタルダンススタジオおすすめ,エリア,A,3,studio WILDKIDS 亀戸水神駅前校 CIERO studio,〒136-0071 東京都江東区亀戸８丁目１４-１１ 1階店舗,0,,亀戸水神駅,48.0,ChIJgdnavaCJGGARvCycfZrv1pI,studio WILDKIDS 亀戸水神駅前校 CIERO studio,5.0,3.0,1.0,OK,53.15,★5.0(+20pt) | 口コミ3件(+0pt) | 駅近500m以内 | 複数記事候補×5 | tag/station:錦糸町
錦糸町のレンタルダンススタジオおすすめ,エリア,A,4,Ballet & Dance DUE,〒136-0071 東京都江東区亀戸７丁目４３-５ 小林ビル,0,,亀戸水神駅,405.0,ChIJnSFJAaSJGGAR0qdEaexuRXk,Ballet & Dance DUE,5.0,1.0,1.0,OK,53.05,★5.0(+20pt) | 口コミ1件(+0pt) | 駅近500m以内 | 複数記事候補×5 | tag/station:錦糸町
錦糸町のレンタルダンススタジオおすすめ,エリア,A,5,押上ＳＯＲＡスタジオ4,〒131-0045 東京都墨田区押上１丁目２８-４ 桐生ビル 1Ｆ,0,,押上駅,451.0,ChIJhcetb66PGGARpVbjpMCM0O0,押上ＳＯＲＡスタジオ4,5.0,1.0,1.0,OK,53.05,★5.0(+20pt) | 口コミ1件(+0pt) | 駅近500m以内 | 複数記事候補×5 | primary_area=錦糸町
錦糸町のレンタルダンススタジオおすすめ,エリア,A,6,StudioENTRADA森下,〒135-0004 東京都江東区森下３丁目８-７ カーム落合 1F,0,,森下駅,372.0,ChIJR06gymOJGGARs_3ztwC4_-w,StudioENTRADA森下,5.0,1.0,1.0,OK,53.05,★5.0(+20pt) | 口コミ1件(+0pt) | 駅近500m以内 | 複数記事候補×5 | tag/station:錦糸町
錦糸町のレンタルダンススタジオおすすめ,エリア,A,7,明治座森下スタジオ,〒135-0004 東京都江東区森下３丁目６-５,0,,森下駅,307.0,ChIJ307hDTuJGGARLb4Apws6nmo,明治座森下スタジオ,3.7,52.0,1.0,OK,50.4,★3.7(+15pt) | 口コミ52件(+3pt) | 駅近500m以内 | 複数記事候補×5 | tag/station:錦糸町
錦糸町のレンタルダンススタジオおすすめ,エリア,A,8,RSC MASAMI STUDIO,〒130-0013 東京都墨田区錦糸３丁目１１-１ 興和2ビル 6F,0,,錦糸町駅,283.0,ChIJAQAR3imJGGAR4LOSkEZddeI,RSC MASAMI STUDIO,5.0,3.0,1.0,OK,49.15,★5.0(+20pt) | 口コミ3件(+0pt) | 駅近500m以内 | 複数記事候補×3 | primary_area=錦糸町
錦糸町のレンタルダンススタジオおすすめ,エリア,A,9,ロゼッタスタジオ錦糸町,〒130-0013 東京都墨田区錦糸２丁目１３-１ 堀越第一ビル 5F,0,,錦糸町駅,317.0,ChIJ--mpGsSJGGARKK5YxEWTMzU,ロゼッタスタジオ錦糸町,4.0,1.0,1.0,OK,49.05,★4.0(+16pt) | 口コミ1件(+0pt) | 駅近500m以内 | 複数記事候補×5 | primary_area=錦糸町
錦糸町のレンタルダンススタジオおすすめ,エリア,A,10,森下スタジオ,〒135-0004 東京都江東区森下３丁目５-６,0,,森下駅,269.0,ChIJFentnzuJGGARY7C2lhYHkCY,森下スタジオ,4.0,33.0,1.0,OK,46.65,★4.0(+16pt) | 口コミ33件(+2pt) | 駅近500m以内 | 複数記事候補×3 | tag/station:錦糸町
錦糸町のレンタルダンススタジオおすすめ,エリア,A,11,Ballet & Dance UNO,〒130-0012 東京都墨田区太平３丁目１９-５ 鈴木ビル 1階,0,,錦糸町駅,664.0,ChIJXTSEcCuPGGARIS0z_zOwJkM,Ballet & Dance UNO,5.0,8.0,1.0,OK,46.4,★5.0(+20pt) | 口コミ8件(+0pt) | 駅近1000m以内 | 複数記事候補×5 | primary_area=錦糸町
錦糸町のレンタルダンススタジオおすすめ,エリア,A,12,ACCA STUDIO,〒130-0005 東京都墨田区東駒形３丁目１９-１３,0,,押上駅,681.0,ChIJ3-oynoiPGGARClB0diegkC8,浅草キッチンガレージスタジオ（旧ACCA STUDIO）,5.0,10.0,0.541,OK,44.5,★5.0(+20pt) | 口コミ10件(+0pt) | 駅近1000m以内 | 複数記事候補×4 | primary_area=錦糸町
錦糸町のレンタルダンススタジオおすすめ,エリア,A,13,Ballet & Dance TRE,〒130-0004 東京都墨田区本所３丁目７-９,0,,押上駅,971.0,ChIJqTbTuCCPGGAREtcZx7oSRB8,Ballet & Dance TRE,4.2,5.0,1.0,OK,43.05,★4.2(+17pt) | 口コミ5件(+0pt) | 駅近1000m以内 | 複数記事候補×5 | primary_area=錦糸町
錦糸町のレンタルダンススタジオおすすめ,エリア,A,14,スタジオジパング 錦糸町スタジオSTANDARD,〒130-0012 東京都墨田区太平３丁目１４-１０ スズキビルディング 1階,0,,錦糸町駅,547.0,ChIJLR2ByzeJGGARwE_SIJYR818,スタジオジパング 錦糸町スタジオSTANDARD,3.5,6.0,1.0,OK,40.3,★3.5(+14pt) | 口コミ6件(+0pt) | 駅近1000m以内 | 複数記事候補×5 | primary_area=錦糸町
錦糸町のレンタルダンススタジオおすすめ,エリア,A,15,studio_MINT 錦糸町,〒130-0012 東京都墨田区太平３丁目１-４,1,https://dance-studio-lab.com/room/ZDgyZDBlYjYtZWM1YS00MGNhLWI3YjEtZjRmNTEzZmU5NjE4/detail,錦糸町駅,356.0,ChIJMf70YLqJGGARg5RsdWimXZM,studio_MINT 錦糸町,,,1.0,OK,,提携 | ★nan(+nanpt) | 駅近500m以内 | 複数記事候補×8 | primary_area=錦糸町
国分寺のレンタルダンススタジオおすすめ,エリア,B,1,BUZZ レンタルスタジオ 国分寺店,〒185-0021 東京都国分寺市南町３丁目２７-７ 白馬ビル B1F,1,https://dance-studio-lab.com/room/ZjIzMWQ0ZjctM2ViOC00Yzg1LWExMzMtMGFkZDYwYzg1Mjhj/detail,国分寺駅,334.0,ChIJ_bWY6_nlGGARtxAFIew6g9I,BUZZ国分寺,2.9,8.0,0.609,OK,137.0,提携 | ★2.9(+12pt) | 口コミ8件(+0pt) | 駅近500m以内 | 複数記事候補×6 | primary_area=国分寺
国分寺のレンタルダンススタジオおすすめ,エリア,B,2,レンタルスタジオクラッセ国分寺,〒185-0021 東京都国分寺市南町３丁目１８-２ 川端ビル ４階A,0,,国分寺駅,179.0,ChIJV-Es59DlGGARQDbjEAe_LEY,レンタルスタジオクラッセ国分寺,5.0,25.0,1.0,OK,44.25,★5.0(+20pt) | 口コミ25件(+1pt) | 駅近500m以内 | 複数記事候補×5 | primary_area=国分寺
国分寺のレンタルダンススタジオおすすめ,エリア,B,3,宮地楽器 国分寺センター,〒185-0021 東京都国分寺市南町３丁目１２-２ 国分寺宮地ビル,0,,国分寺駅,316.0,ChIJBfvRtUnkGGARVTheOwD43c4,宮地楽器 国分寺センター,4.8,8.0,1.0,OK,42.6,★4.8(+19pt) | 口コミ8件(+0pt) | 駅近500m以内 | 複数記事候補×5 | primary_area=国分寺
国分寺のレンタルダンススタジオおすすめ,エリア,B,4,Studio EFU（スタジオ エフ）,〒185-0012 東京都国分寺市本町２丁目２-１１ 鳥越ビル Ｂ１,0,,国分寺駅,124.0,ChIJCa3-CTbkGGARj3JA7WT8luI,Studio EFU（スタジオ エフ）,4.7,3.0,1.0,OK,41.95,★4.7(+19pt) | 口コミ3件(+0pt) | 駅近500m以内 | 複数記事候補×5 | primary_area=国分寺
国分寺のレンタルダンススタジオおすすめ,エリア,B,5,Tap Dance Company Freiheit,〒185-0011 東京都国分寺市本多１丁目１-２０ Cross Stair B,0,,国分寺駅,413.0,ChIJg8E5qTXkGGARs0nhvorwaAI,Tap Dance Company Freiheit,4.5,11.0,1.0,OK,41.55,★4.5(+18pt) | 口コミ11件(+1pt) | 駅近500m以内 | 複数記事候補×5 | primary_area=国分寺
国分寺のレンタルダンススタジオおすすめ,エリア,B,6,スタジオＰＯＰ,〒185-0022 東京都国分寺市東元町２丁目２０-１１ アーバンコア,0,,国分寺駅,451.0,ChIJQXNIbEnkGGARR7KbKHGwric,スタジオＰＯＰ,5.0,1.0,1.0,OK,39.05,★5.0(+20pt) | 口コミ1件(+0pt) | 駅近500m以内 | 複数記事候補×3 | primary_area=国分寺
国分寺のレンタルダンススタジオおすすめ,エリア,B,7,国分寺 プレイス レンタルスタジオ,〒185-0021 東京都国分寺市南町３丁目３-２０ ロイヤルプレイス南町 B1,0,,国分寺駅,404.0,ChIJJX69P0jkGGAR9k0wzpiq-tk,国分寺 プレイス レンタルスタジオ,3.0,3.0,1.0,OK,35.15,★3.0(+12pt) | 口コミ3件(+0pt) | 駅近500m以内 | 複数記事候補×5 | primary_area=国分寺
国分寺のレンタルダンススタジオおすすめ,エリア,B,8,Studio Landin' 国分寺校,〒185-0021 東京都国分寺市南町３丁目２２-３１ 島崎ビルB1F,0,,国分寺駅,254.0,ChIJR1iP1zfkGGAR4QO7AIKxEPM,Studio Landin' 国分寺校,3.4,13.0,1.0,OK,33.25,★3.4(+14pt) | 口コミ13件(+1pt) | 駅近500m以内 | 複数記事候補×3 | primary_area=国分寺
国分寺のレンタルダンススタジオおすすめ,エリア,B,9,BUZZ レンタルスタジオ 西国分寺店,〒185-0024 東京都国分寺市泉町３丁目３７-２５ 天龍ビル B1,1,https://dance-studio-lab.com/room/ZDcyMzBmZWYtMzdiYS00YjY0LThmOGEtZDJjMzQxNTVlZDA2/detail,西国分寺駅,117.0,ChIJD8ADYIflGGAR0Yc6INNQ5v0,BUZZ西国分寺,,,0.64,OK,,提携 | ★nan(+nanpt) | 駅近500m以内 | 複数記事候補×7 | primary_area=国分寺
国分寺のレンタルダンススタジオおすすめ,エリア,B,10,スタジオ ノバック,〒185-0021 東京都国分寺市南町２丁目１７-７ B.C.B TAKURA 3F,0,,国分寺駅,235.0,ChIJX_NHEkrkGGARbvr7YgTkHoU,スタジオ ノバック,,,1.0,OK,,★nan(+nanpt) | 駅近500m以内 | 複数記事候補×3 | primary_area=国分寺
国分寺のレンタルダンススタジオおすすめ,エリア,B,11,スタジオベルゼ-Studio Verger-,〒185-0021 東京都国分寺市南町２丁目１３-５ 地下1F ベルゼ国分寺,0,,国分寺駅,318.0,ChIJ3ZgzKkrkGGAR0DueTKEivTo,スタジオベルゼ,,,0.538,OK,,★nan(+nanpt) | 駅近500m以内 | 複数記事候補×3 | primary_area=国分寺
多摩センターのレンタルダンススタジオおすすめ,エリア,B,1,レンタルホールフレンド永山,〒206-0024 東京都多摩市諏訪２丁目１２-１２ アクロスビル 2階,0,,小田急永山駅,133.0,ChIJXQ_8VFT7GGARdc_T4reY-DU,レンタルホールフレンド永山,5.0,1.0,1.0,OK,37.05,★5.0(+20pt) | 口コミ1件(+0pt) | 駅近500m以内 | 複数記事候補×2 | primary_area=多摩センター
多摩センターのレンタルダンススタジオおすすめ,エリア,B,2,バレエアトリエ クレール,〒206-0034 東京都多摩市 鶴牧3-4 1C,0,,唐木田駅,746.0,ChIJI2jP5cz8GGARKI9OhwXXKno,バレエアトリエ クレール,5.0,2.0,1.0,OK,32.1,★5.0(+20pt) | 口コミ2件(+0pt) | 駅近1000m以内 | 複数記事候補×3 | primary_area=多摩センター
多摩センターのレンタルダンススタジオおすすめ,エリア,B,3,CurioSpace多摩センター,〒206-0042 東京都多摩市山王下１丁目13-１２ パールプラザ 204号,0,,京王多摩センター駅,407.0,ChIJ48w80XzjGGARnGkXkOP4KsY,CurioSpace多摩センター ダンススタジオ,2.0,4.0,0.821,OK,29.2,★2.0(+8pt) | 口コミ4件(+0pt) | 駅近500m以内 | 複数記事候補×4 | primary_area=多摩センター
多摩センターのレンタルダンススタジオおすすめ,エリア,B,4,Clover 26,〒206-0033 東京都多摩市落合２丁目３３ 2階,0,,小田急多摩センター駅,566.0,ChIJ17--uTH9GGARXiMZ6RAGAHM,clover26,4.2,5.0,1.0,OK,29.05,★4.2(+17pt) | 口コミ5件(+0pt) | 駅近1000m以内 | 複数記事候補×3 | primary_area=多摩センター
多摩センターのレンタルダンススタジオおすすめ,エリア,B,5,ダンスレンタルスタジオ プラーナ,〒206-0011 東京都多摩市関戸２丁目３２-５ カネシロビルB1,0,,聖蹟桜ヶ丘駅,552.0,ChIJ5-WEyqPkGGARhGSvVJ0cvL8,多摩市 聖蹟桜ヶ丘 レンタルスタジオ プラーナ,3.0,5.0,0.686,OK,26.25,★3.0(+12pt) | 口コミ5件(+0pt) | 駅近1000m以内 | 複数記事候補×4 | primary_area=多摩センター
多摩センターのレンタルダンススタジオおすすめ,エリア,B,6,K DANCE STUDIO 1024,〒206-0002 東京都多摩市一ノ宮１丁目２５-２ ガーデンヒルズ聖蹟桜ヶ丘 1F,0,,聖蹟桜ヶ丘駅,614.0,ChIJ63JkEILjGGARHzgKvZRgw-w,K DANCE STUDIO 1024,3.0,1.0,1.0,OK,26.05,★3.0(+12pt) | 口コミ1件(+0pt) | 駅近1000m以内 | 複数記事候補×4 | primary_area=多摩センター
多摩センターのレンタルダンススタジオおすすめ,エリア,B,7,キッズダンススタジオstudioCROSS（スタジオクロス）聖蹟桜ヶ丘クラス 多摩市 多摩カルチャーセンター,〒206-0011 東京都多摩市関戸４丁目73-１ よこくらビル 3階,0,,聖蹟桜ヶ丘駅,186.0,ChIJmXP_RNPlGGARO1FKbkv-kDo,キッズダンススタジオstudioCROSS（スタジオクロス）聖蹟桜ヶ丘クラス 多摩市 多摩カルチャーセンター,,,1.0,OK,,★nan(+nanpt) | 駅近500m以内 | 複数記事候補×5 | primary_area=多摩センター
多摩センターのレンタルダンススタジオおすすめ,エリア,B,8,スタジオ in フットサルステージ（多摩センター）,〒206-0033 東京都多摩市落合１丁目４７ ニューシティ多摩センタービル ８F,0,,小田急多摩センター駅,380.0,ChIJE2RpQAzjGGARw7F3rbC2LrM,スタジオ in フットサルステージ（多摩センター）,,,1.0,OK,,★nan(+nanpt) | 駅近500m以内 | 複数記事候補×4 | primary_area=多摩センター
多摩センターのレンタルダンススタジオおすすめ,エリア,B,9,Ballet Fl?gel バレエフリューゲル,〒206-0011 東京都多摩市関戸４丁目７３ ヴィータアネックスよこくらビル 3階,0,,聖蹟桜ヶ丘駅,181.0,ChIJiTCJ5QHlGGARtz4LFnGEZS4,Ballet Flügel バレエフリューゲル,,,0.952,OK,,★nan(+nanpt) | 駅近500m以内 | 複数記事候補×3 | primary_area=多摩センター
小平のレンタルダンススタジオおすすめ,エリア,B,1,レンタルスタジオ/ステップ東村山２号店,〒189-0013 東京都東村山市栄町１丁目10-２３,0,,久米川駅,299.0,ChIJRSXJZgjnGGAR9ExKGODB294,Step 東村山・久米川駅前スタジオ,4.9,7.0,0.229,OK,42.95,★4.9(+20pt) | 口コミ7件(+0pt) | 駅近500m以内 | 複数記事候補×5 | tag/station:小平
小平のレンタルダンススタジオおすすめ,エリア,B,2,レンタルスタジオ/ステップ東村山１号店,〒189-0013 東京都東村山市栄町１丁目３-３２ ビュー久米川 201号室,0,,久米川駅,123.0,ChIJRSXJZgjnGGAR9ExKGODB294,Step 東村山・久米川駅前スタジオ,4.9,7.0,0.229,OK,42.95,★4.9(+20pt) | 口コミ7件(+0pt) | 駅近500m以内 | 複数記事候補×5 | tag/station:小平
小平のレンタルダンススタジオおすすめ,エリア,B,3,学園坂スタジオ,〒187-0043 東京都小平市学園東町７-７ 1-7-41 ナカムラ ビル 3F,0,,一橋学園駅,239.0,ChIJs5AFUITmGGAR79P8CXD88Ws,学園坂スタジオ,5.0,4.0,1.0,OK,41.2,★5.0(+20pt) | 口コミ4件(+0pt) | 駅近500m以内 | 複数記事候補×4 | primary_area=小平
小平のレンタルダンススタジオおすすめ,エリア,B,4,かよバレエスタジオ,〒187-0002 東京都小平市花小金井１丁目１２-７,0,,花小金井駅,150.0,ChIJ64OMZuDlGGARwmXdKB2zH6Y,かよバレエスタジオ,4.0,3.0,1.0,OK,37.15,★4.0(+16pt) | 口コミ3件(+0pt) | 駅近500m以内 | 複数記事候補×4 | primary_area=小平
小平のレンタルダンススタジオおすすめ,エリア,B,5,"学園坂スタジオ（E,Fスタジオ）",〒187-0045 東京都小平市学園西町２丁目１４-２０,0,,一橋学園駅,175.0,ChIJMXrC8oXnGGARM24GaMXiMpk,"学園坂スタジオ（E,Fスタジオ）",5.0,2.0,1.0,OK,37.1,★5.0(+20pt) | 口コミ2件(+0pt) | 駅近500m以内 | 複数記事候補×2 | primary_area=小平
小平のレンタルダンススタジオおすすめ,エリア,B,6,鏡陽司ダンススタジオ,〒187-0035 東京都小平市小川西町３丁目１９-１ ハイム?Ⅱビル １F,0,,小川駅,299.0,ChIJYcVzitzmGGARnHEeMQz8tfk,鏡ダンススクール,5.0,1.0,0.556,OK,37.05,★5.0(+20pt) | 口コミ1件(+0pt) | 駅近500m以内 | 複数記事候補×2 | primary_area=小平
小平のレンタルダンススタジオおすすめ,エリア,B,7,STUDIO CHACHA,〒187-0035 東京都小平市小川西町４丁目１４-２２,0,,小川駅,133.0,ChIJ6xfK4_DnGGARTFWegUP8-Lk,STUDIO CHACHA,4.7,3.0,1.0,OK,35.95,★4.7(+19pt) | 口コミ3件(+0pt) | 駅近500m以内 | 複数記事候補×2 | primary_area=小平
小平のレンタルダンススタジオおすすめ,エリア,B,8,ファーストクラブ,〒187-0043 東京都小平市学園東町１丁目７-４１-４,0,,一橋学園駅,242.0,ChIJ1308UITmGGARmGm5g7j8LWw,ファーストクラブ,3.5,4.0,1.0,OK,35.2,★3.5(+14pt) | 口コミ4件(+0pt) | 駅近500m以内 | 複数記事候補×4 | primary_area=小平
小平のレンタルダンススタジオおすすめ,エリア,B,9,カルチャースタジオ花,〒187-0003 東京都小平市花小金井南町１丁目１４-２４,0,,花小金井駅,361.0,ChIJW_300GvlGGARa7hIukIp2Uk,カルチャースタジオ花,1.0,1.0,1.0,OK,21.05,★1.0(+4pt) | 口コミ1件(+0pt) | 駅近500m以内 | 複数記事候補×2 | primary_area=小平
小平のレンタルダンススタジオおすすめ,エリア,B,10,レンタルスタジオ・Ｆ,〒187-0032 東京都小平市小川町１丁目８３８,0,,鷹の台駅,1115.0,ChIJY59X7c7mGGARE5qxleiIA5s,レンタルスタジオ・Ｆ,5.0,3.0,1.0,OK,20.15,★5.0(+20pt) | 口コミ3件(+0pt) | primary_area=小平
府中のレンタルダンススタジオおすすめ,エリア,B,1,STUDIO ENOCH,〒183-0014 東京都府中市是政５丁目6-6 104,0,,是政駅,40.0,ChIJu-CvsdjlGGARj3W9kp4XH5Y,STUDIO ENOCH（スタジオ エノック）,5.0,3.0,0.688,OK,41.15,★5.0(+20pt) | 口コミ3件(+0pt) | 駅近500m以内 | 複数記事候補×4 | primary_area=府中
府中のレンタルダンススタジオおすすめ,エリア,B,2,ジムスタジオ IT'S MY TIME府中駅前店,〒183-0023 東京都府中市宮町１丁目23-３ 関口ビル 1階,0,,府中駅,505.0,ChIJm_jf0e7lGGARLOtA4BfxMQo,ジムスタジオ IT'S MY TIME府中駅前店,3.7,9.0,1.0,OK,29.25,★3.7(+15pt) | 口コミ9件(+0pt) | 駅近1000m以内 | 複数記事候補×4 | primary_area=府中
府中のレンタルダンススタジオおすすめ,エリア,B,3,Amiバレエダンスアーツ,〒183-0055 東京都府中市府中町２丁目２２-８,0,,府中駅,1042.0,ChIJqQGlMPjkGGARBTBlwP2KzDM,Amiバレエダンスアーツ 【Danceスタジオ】,3.4,7.0,0.686,OK,13.95,★3.4(+14pt) | 口コミ7件(+0pt) | primary_area=府中
府中のレンタルダンススタジオおすすめ,エリア,B,4,Amiバレエアート,"晴見町1-2-1 スミレビル2階, 府中市 東京都 183-0057",0,,府中駅,1078.0,ChIJqQGlMPjkGGARBTBlwP2KzDM,Amiバレエダンスアーツ 【Danceスタジオ】,3.4,7.0,0.5,OK,13.95,★3.4(+14pt) | 口コミ7件(+0pt) | primary_area=府中
府中のレンタルダンススタジオおすすめ,エリア,B,5,ダンススタジオ ユー,〒183-0015 東京都府中市清水が丘１丁目１-３,0,,東府中駅,77.0,ChIJUbnnjBjlGGARnHpRWvM80_I,ダンススタジオ ユー,,,1.0,OK,,★nan(+nanpt) | 駅近500m以内 | 複数記事候補×2 | primary_area=府中
新小岩のレンタルダンススタジオおすすめ,エリア,B,1,Studio Sun-Sea,〒124-0006 東京都葛飾区堀切４丁目１１-２ 堀学ビル 302号室,0,,堀切菖蒲園駅,89.0,ChIJEVVf-RGPGGAREH-fvlyCdNA,Studio Sun-Sea,4.9,14.0,1.0,OK,43.3,★4.9(+20pt) | 口コミ14件(+1pt) | 駅近500m以内 | 複数記事候補×5 | primary_area=新小岩
新小岩のレンタルダンススタジオおすすめ,エリア,B,2,Studio GENIE,〒124-0012 東京都葛飾区立石６丁目１-６,0,,京成立石駅,469.0,ChIJURwAHUqPGGARm8o79DevNw4,Studio GENIE,5.0,3.0,1.0,OK,41.15,★5.0(+20pt) | 口コミ3件(+0pt) | 駅近500m以内 | 複数記事候補×4 | primary_area=新小岩
新小岩のレンタルダンススタジオおすすめ,エリア,B,3,金町カフェレンタルスタジオ,〒125-0041 東京都葛飾区東金町１丁目３８-４ ニュー金町ビル ４F,0,,金町駅,175.0,ChIJ_3rOvXOFGGARcHF_fPgYU2k,金町カフェレンタルスタジオ,5.0,2.0,1.0,OK,41.1,★5.0(+20pt) | 口コミ2件(+0pt) | 駅近500m以内 | 複数記事候補×4 | primary_area=新小岩
新小岩のレンタルダンススタジオおすすめ,エリア,B,4,金町 レンタルスタジオ ダンスロッヂ,〒125-0042 東京都葛飾区金町６丁目１２-１３ セザール金町マンション １０１,0,,京成金町駅,350.0,ChIJUS8ibcmFGGARVz1TiduI4F4,金町 レンタルスタジオ ダンスロッヂ,4.8,4.0,1.0,OK,40.4,★4.8(+19pt) | 口コミ4件(+0pt) | 駅近500m以内 | 複数記事候補×4 | primary_area=新小岩
新小岩のレンタルダンススタジオおすすめ,エリア,B,5,ダンスプレイスフェリーチェ (dance place FELICE),〒125-0041 東京都葛飾区東金町１丁目４２-１０ 東金町ビル ５階,0,,金町駅,110.0,ChIJMadgOhGFGGARrUhZdGwOI_c,ダンスプレイスフェリーチェ (dance place FELICE),4.6,8.0,1.0,OK,39.8,★4.6(+18pt) | 口コミ8件(+0pt) | 駅近500m以内 | 複数記事候補×4 | primary_area=新小岩
新小岩のレンタルダンススタジオおすすめ,エリア,B,6,スタジオリリオ＆カフェ,〒125-0061 東京都葛飾区２９ 亀有3-29-1リリオ弐番館B1,0,,亀有駅,142.0,ChIJsYTESI-PGGARREMz1qNc5Dg,スタジオリリオ＆カフェ,3.0,1.0,1.0,OK,33.05,★3.0(+12pt) | 口コミ1件(+0pt) | 駅近500m以内 | 複数記事候補×4 | primary_area=新小岩
新小岩のレンタルダンススタジオおすすめ,エリア,B,7,スマイルスタジオTAKANO,〒124-0011 東京都葛飾区四つ木１丁目４７-１５,0,,四ツ木駅,627.0,ChIJDbAWkGmPGGARg6DS93wrLwk,スマイルスタジオTAKANO,5.0,1.0,1.0,OK,28.05,★5.0(+20pt) | 口コミ1件(+0pt) | 駅近1000m以内 | primary_area=新小岩
新小岩のレンタルダンススタジオおすすめ,エリア,B,8,HIRAYAMA studio立石,〒124-0012 東京都葛飾区立石１丁目２２-７,0,,京成立石駅,96.0,ChIJYYMXrWCPGGARFU4y9ibGRpc,HIRAYAMA studio立石,,,1.0,OK,,★nan(+nanpt) | 駅近500m以内 | 複数記事候補×2 | primary_area=新小岩
新小岩のレンタルダンススタジオおすすめ,エリア,B,9,STUDIOフェーム,〒124-0024 東京都葛飾区新小岩１丁目４２-４ 明治屋ビル,0,,新小岩駅,154.0,ChIJV3UscgOGGGAR-uxl_mVDqPA,STUDIOフェーム,,,1.0,OK,,★nan(+nanpt) | 駅近500m以内 | 複数記事候補×2 | primary_area=新小岩
新小岩のレンタルダンススタジオおすすめ,エリア,B,10,貸スペース 東京レンタルスタジオ,〒125-0061 東京都葛飾区亀有３丁目１３-２ 亀有鞠子ビル4階,0,,亀有駅,380.0,ChIJvffUWlmNGGARxUbjp1KCSIw,貸スペース 東京レンタルスタジオ,,,1.0,OK,,★nan(+nanpt) | 駅近500m以内 | 複数記事候補×4 | primary_area=新小岩
日暮里のレンタルダンススタジオおすすめ,エリア,B,1,日暮里リーダンススタジオ,東京都荒川区西日暮里2-29-6秋山ビル301,1,https://dance-studio-lab.com/room/MjAxNTcyNmItYmQ2Ny00MmEzLWIyNjktODFkZmYxNGJiOTVh/detail,日暮里駅,232.0,ChIJkz_TqWqNGGARFyM7xMwgIhk,リーダンス,4.9,19.0,0.588,OK,143.55,提携 | ★4.9(+20pt) | 口コミ19件(+1pt) | 駅近500m以内 | 複数記事候補×5 | primary_area=日暮里
日暮里のレンタルダンススタジオおすすめ,エリア,B,2,スタジオアンダンティーノ,〒114-0014 東京都北区田端５丁目１-１２,0,,田端駅,152.0,ChIJBWFGbsKNGGARya8yaoTeUsg,スタジオアンダンティーノ,4.3,65.0,1.0,OK,43.45,★4.3(+17pt) | 口コミ65件(+3pt) | 駅近500m以内 | 複数記事候補×5 | tag/station:日暮里
日暮里のレンタルダンススタジオおすすめ,エリア,B,3,KAJIWARA BALLET WORKS,〒116-0011 東京都荒川区西尾久５丁目２４-１０,0,,荒川遊園地前駅,161.0,ChIJ2cDZGb6NGGART4hLZM6gRaQ,KAJIWARA BALLET WORKS,4.6,7.0,1.0,OK,39.75,★4.6(+18pt) | 口コミ7件(+0pt) | 駅近500m以内 | 複数記事候補×4 | primary_area=日暮里
日暮里のレンタルダンススタジオおすすめ,エリア,B,4,ミライスタジオ上野,〒110-0003 東京都台東区根岸１丁目５-１３,0,,日暮里駅,943.0,ChIJEx8RZU6PGGARao7zHmKHtEs,ミライスタジオ上野,4.9,12.0,1.0,OK,38.2,★4.9(+20pt) | 口コミ12件(+1pt) | 駅近1000m以内 | 複数記事候補×6 | tag/station:日暮里
日暮里のレンタルダンススタジオおすすめ,エリア,B,5,あおちゃんダンスコミュニケーション サルサダンス ブラジルダンス 認知症予防ダンス,〒110-0003 東京都台東区根岸２丁目１２-１１,0,,日暮里駅,726.0,ChIJL5FF-YuOGGARL1gBq1h6He8,【東京サルサ】あおちゃんダンスコミュニケーション,5.0,26.0,0.548,OK,37.3,★5.0(+20pt) | 口コミ26件(+1pt) | 駅近1000m以内 | 複数記事候補×5 | tag/station:日暮里
日暮里のレンタルダンススタジオおすすめ,エリア,B,6,スタジオよもだ A館,〒110-0003 東京都台東区１２ 根岸2丁目12-11 スタジオよもだ,0,,日暮里駅,722.0,ChIJBWVVzYaOGGARUePbqU6upsk,スタジオよもだ A館,4.3,18.0,1.0,OK,34.1,★4.3(+17pt) | 口コミ18件(+1pt) | 駅近1000m以内 | 複数記事候補×5 | tag/station:日暮里
日暮里のレンタルダンススタジオおすすめ,エリア,B,7,BUZZ レンタルスタジオ 上野店,〒110-0003 東京都台東区根岸３丁目６-３ 小林ビル 地下1階,0,,上野駅,975.0,ChIJA0xvfHyPGGARPx1X3lfmPKM,BUZZ上野,3.8,17.0,0.571,OK,34.05,★3.8(+15pt) | 口コミ17件(+1pt) | 駅近1000m以内 | 複数記事候補×6 | tag/station:日暮里
日暮里のレンタルダンススタジオおすすめ,エリア,B,8,白樺ドレス,〒116-0013 東京都荒川区西日暮里５丁目１４-１ 太陽ビル 2F,0,,日暮里駅,603.0,ChIJMbIXVNeNGGARl5rShCNZGPY,白樺ドレス,4.4,18.0,1.0,OK,32.5,★4.4(+18pt) | 口コミ18件(+1pt) | 駅近1000m以内 | 複数記事候補×4 | primary_area=日暮里
日暮里のレンタルダンススタジオおすすめ,エリア,B,9,BUZZ レンタルスタジオ 西日暮里店,〒116-0013 東京都荒川区西日暮里５丁目２４-２ Ｋ．Ｉビル 地下1階,0,,日暮里駅,595.0,ChIJZcun-UiSGGARroEXzMiu80g,BUZZ西日暮里,4.2,30.0,0.64,OK,32.3,★4.2(+17pt) | 口コミ30件(+2pt) | 駅近1000m以内 | 複数記事候補×4 | primary_area=日暮里
日暮里のレンタルダンススタジオおすすめ,エリア,B,10,スタジオＲ,〒110-0001 東京都台東区谷中２丁目８-１２,0,,日暮里駅,757.0,ChIJx7acKdONGGARlrTzOo85dYA,スタジオＲ,4.0,2.0,1.0,OK,32.1,★4.0(+16pt) | 口コミ2件(+0pt) | 駅近1000m以内 | 複数記事候補×5 | tag/station:日暮里
日暮里のレンタルダンススタジオおすすめ,エリア,B,11,I.G.Oスタジオ,"4F, ３丁目-５-１ 西日暮里 荒川区 東京都 116-0013",0,,日暮里駅,619.0,ChIJsebzn9CNGGAR3PLQ72FeM4k,I.G.Oスタジオ,4.4,5.0,1.0,OK,31.85,★4.4(+18pt) | 口コミ5件(+0pt) | 駅近1000m以内 | 複数記事候補×4 | primary_area=日暮里
日暮里のレンタルダンススタジオおすすめ,エリア,B,12,BUZZ レンタルスタジオ 日暮里店,〒116-0014 東京都荒川区東日暮里６丁目６０-９ 日暮里駅前ビル B1F,0,,日暮里駅,151.0,ChIJH9CAwSeNGGAR5MwXnRyPaQE,BUZZ日暮里,2.8,19.0,0.609,OK,31.15,★2.8(+11pt) | 口コミ19件(+1pt) | 駅近500m以内 | 複数記事候補×3 | primary_area=日暮里
日暮里のレンタルダンススタジオおすすめ,エリア,B,13,スタジオよもだB館,〒110-0003 東京都台東区根岸２丁目１７-１,0,,日暮里駅,744.0,ChIJowtU_8aPGGARYvRSfFu2afs,スタジオよもだB館,3.5,4.0,1.0,OK,30.2,★3.5(+14pt) | 口コミ4件(+0pt) | 駅近1000m以内 | 複数記事候補×5 | tag/station:日暮里
日暮里のレンタルダンススタジオおすすめ,エリア,B,14,スタジオプレステージ 根津スタジオ,〒110-0001 東京都台東区谷中２丁目６-５０,0,,日暮里駅,834.0,ChIJh-3d2yyMGGARAvWkKEikbFg,スタジオプレステージ 根津スタジオ,4.1,31.0,1.0,OK,29.95,★4.1(+16pt) | 口コミ31件(+2pt) | 駅近1000m以内 | 複数記事候補×3 | tag/station:日暮里
日暮里のレンタルダンススタジオおすすめ,エリア,B,15,スタジオWITHテライダンスカンパニー,〒116-0014 東京都荒川区東日暮里６丁目４５-３ ハイウエストビル3F ハイウエストビル,0,,日暮里駅,426.0,ChIJZwxiVX6OGGARBwKzCszYmQI,スタジオWITH,1.0,1.0,0.593,OK,27.05,★1.0(+4pt) | 口コミ1件(+0pt) | 駅近500m以内 | 複数記事候補×5 | primary_area=日暮里
立川のレンタルダンススタジオおすすめ,エリア,B,1,レンタルスタジオ マイレッスン 立川店,〒190-0023 東京都立川市柴崎町２丁目６-３ まるごビル,0,,立川駅,410.0,ChIJnaBMAb7hGGARodt9tZGjwJU,レンタルスタジオ マイレッスン 立川店,4.6,5.0,1.0,OK,41.65,★4.6(+18pt) | 口コミ5件(+0pt) | 駅近500m以内 | 複数記事候補×5 | primary_area=立川
立川のレンタルダンススタジオおすすめ,エリア,B,2,レンタルスタジオreimei Tachikawa,〒190-0022 東京都立川市錦町２丁目１-３５ Ktd 錦町ビル 2F,0,,立川駅,279.0,ChIJgd501ZnhGGAR6KwlpvX9WfU,ダンススタジオreimei Tachikawa,4.4,5.0,0.889,OK,40.85,★4.4(+18pt) | 口コミ5件(+0pt) | 駅近500m以内 | 複数記事候補×5 | primary_area=立川
立川のレンタルダンススタジオおすすめ,エリア,B,3,山田誠ダンススタジオ,〒190-0012 東京都立川市曙町２丁目３２-２ 中山本社ビル,0,,立川駅,441.0,ChIJ53BnVGXhGGARPqzHc582e7M,山田誠ダンススタジオ,4.0,2.0,1.0,OK,39.1,★4.0(+16pt) | 口コミ2件(+0pt) | 駅近500m以内 | 複数記事候補×5 | primary_area=立川
立川のレンタルダンススタジオおすすめ,エリア,B,4,U210 【立川レンタルダンススタジオ】,〒190-0022 東京都立川市錦町２丁目２-２８ ＹＳ立川第二ビル １階,0,,立川駅,406.0,ChIJ6fvgsHzhGGARRzzEhjXWl-o,U210 【立川レンタルダンススタジオ】,3.5,2.0,1.0,OK,37.1,★3.5(+14pt) | 口コミ2件(+0pt) | 駅近500m以内 | 複数記事候補×5 | primary_area=立川
立川のレンタルダンススタジオおすすめ,エリア,B,5,レンタルスタジオ STUDIO ZERO 立川南口店,〒190-0023 東京都立川市柴崎町２丁目７-８ エクセル立川 B1F,0,,立川駅,501.0,ChIJBfnTQbHhGGARMkQ7-V5OwRY,レンタルスタジオ STUDIO ZERO 立川南口店,4.6,66.0,1.0,OK,35.7,★4.6(+18pt) | 口コミ66件(+3pt) | 駅近1000m以内 | 複数記事候補×4 | primary_area=立川
立川のレンタルダンススタジオおすすめ,エリア,B,6,スタジオ ランディン 立川校,〒190-0022 東京都立川市錦町２丁目２-５ アオイビル 2F,0,,立川駅,411.0,ChIJUf3KT2PhGGAR1nEDG0-k6O0,スタジオ ランディン 立川校,3.8,12.0,1.0,OK,34.8,★3.8(+15pt) | 口コミ12件(+1pt) | 駅近500m以内 | 複数記事候補×3 | primary_area=立川
立川のレンタルダンススタジオおすすめ,エリア,B,7,レンタルスタジオ C-STUDIO,〒190-0022 東京都立川市錦町１丁目１０-２３ 光洋ビル 3F,0,,立川駅,635.0,ChIJm5GF4WbhGGARWjbI6CpNZak,C-STUDIO 立川市 レンタルスタジオ,4.0,2.0,0.485,OK,30.1,★4.0(+16pt) | 口コミ2件(+0pt) | 駅近1000m以内 | 複数記事候補×4 | primary_area=立川
立川のレンタルダンススタジオおすすめ,エリア,B,8,スタジオ ACTY,〒190-0023 東京都立川市柴崎町３丁目１４-６,0,,立川駅,521.0,ChIJX--Nqn7hGGAR71Sc4TPzSwY,スタジオ ACTY,4.3,3.0,1.0,OK,27.35,★4.3(+17pt) | 口コミ3件(+0pt) | 駅近1000m以内 | 複数記事候補×2 | primary_area=立川
立川のレンタルダンススタジオおすすめ,エリア,B,9,duobus studio｜デュオバススタジオ,〒190-0001 東京都立川市高松町２丁目１７-３ 清水ビル 302,0,,立川駅,1242.0,ChIJV6ZwxS3hGGAR8ZYxO1yvs_Y,duobus studio｜デュオバススタジオ,,,1.0,OK,,★nan(+nanpt) | 複数記事候補×3 | primary_area=立川
立川のレンタルダンススタジオおすすめ,エリア,B,10,エーススタジオ,〒190-0022 東京都立川市錦町１丁目１０-９ 米澤ビル 2F,0,,立川駅,698.0,ChIJtT5d-53hGGARabKklpNv6js,エーススタジオ（廃業）,,,0.778,OK,,★nan(+nanpt) | 駅近1000m以内 | 複数記事候補×2 | primary_area=立川
立川のレンタルダンススタジオおすすめ,エリア,B,11,ベストスタジオ立川,〒190-0022 東京都立川市錦町２丁目１-１０ エリア立川 302号室,0,,立川駅,348.0,ChIJvd_fQKPhGGAR_XAMTgN56WY,ベストスタジオ立川,,,1.0,OK,,★nan(+nanpt) | 駅近500m以内 | 複数記事候補×5 | primary_area=立川
三鷹のレンタルダンススタジオおすすめ,エリア,C,1,三鷹レンタルスタジオRin,〒181-0013 東京都三鷹市下連雀３丁目２３-１２ アージェントビル 402,0,,三鷹駅,165.0,ChIJb7SJCg3vGGAR0FAYMcm58_8,三鷹レンタルスタジオRin,5.0,8.0,1.0,OK,43.4,★5.0(+20pt) | 口コミ8件(+0pt) | 駅近500m以内 | 複数記事候補×5 | primary_area=三鷹
三鷹のレンタルダンススタジオおすすめ,エリア,C,2,吉祥寺 三鷹 モリノスタジオ,〒181-0013 東京都三鷹市下連雀１丁目１７-４ GRATO井の頭公園 2F,0,,三鷹駅,923.0,ChIJCcKoZzXuGGARgaI_VSONBtE,吉祥寺 三鷹 モリノスタジオ,5.0,8.0,1.0,OK,38.4,★5.0(+20pt) | 口コミ8件(+0pt) | 駅近1000m以内 | 複数記事候補×6 | primary_area=三鷹
三鷹のレンタルダンススタジオおすすめ,エリア,C,3,emotionS Dance Studio,〒180-0006 東京都武蔵野市中町１丁目２５-１０ 三祐ビル B1F,0,,三鷹駅,220.0,ChIJdSk0IrDvGGARKNNJyHs3nEU,emotionS Dance Studio,3.0,2.0,1.0,OK,37.1,★3.0(+12pt) | 口コミ2件(+0pt) | 駅近500m以内 | 複数記事候補×6 | tag/station:三鷹
三鷹のレンタルダンススタジオおすすめ,エリア,C,4,三鷹RI劇場(旧名三鷹RIスタジオ),〒181-0013 東京都三鷹市下連雀３丁目 榎本ビル 地下1階,0,,三鷹駅,235.0,ChIJ75gmy7bvGGARdfRHg_wQO9o,三鷹RI劇場(旧名三鷹RIスタジオ),3.6,70.0,1.0,OK,36.9,★3.6(+14pt) | 口コミ70件(+4pt) | 駅近500m以内 | 複数記事候補×3 | primary_area=三鷹
三鷹のレンタルダンススタジオおすすめ,エリア,C,5,レンタルスタジオOLI（オリ） 三鷹 ［定員30名 教室レッスン、スポットレンタルできます］,〒180-0013 東京都武蔵野市西久保２丁目１-１０ Ｙ’Ｓビル B１ ワイズビル,0,,三鷹駅,628.0,ChIJAdK3eJ_vGGARBhLim9Ju-tE,レンタルスタジオOLI（オリ） 三鷹 ［定員30名 教室レッスン、スポットレンタルできます］,5.0,2.0,1.0,OK,36.1,★5.0(+20pt) | 口コミ2件(+0pt) | 駅近1000m以内 | 複数記事候補×5 | tag/station:三鷹
三鷹のレンタルダンススタジオおすすめ,エリア,C,6,三鷹イレブン会館 永谷ダンススタジオ 貸会議室,〒180-0006 東京都武蔵野市中町２丁目１３-１,0,,三鷹駅,397.0,ChIJ8_pwyxHuGGARH47wiSN-Eao,三鷹イレブン会館 永谷ダンススタジオ 貸会議室,3.3,3.0,1.0,OK,34.35,★3.3(+13pt) | 口コミ3件(+0pt) | 駅近500m以内 | 複数記事候補×4 | tag/station:三鷹
三鷹のレンタルダンススタジオおすすめ,エリア,C,7,レンタルスタジオ D-Base 武蔵境店,〒180-0022 東京都武蔵野市境１丁目３-２ 平田ビル 3階,0,,武蔵境駅,185.0,ChIJywyYWHDvGGARdJNwgoX3Y1o,レンタルスタジオ D-Base 武蔵境店,2.3,3.0,1.0,OK,32.35,★2.3(+9pt) | 口コミ3件(+0pt) | 駅近500m以内 | 複数記事候補×5 | tag/station:三鷹
三鷹のレンタルダンススタジオおすすめ,エリア,C,8,Y'sホール三鷹,〒181-0004 東京都三鷹市新川６丁目８-１０ サンシャインビル B1,0,,なし,,ChIJ3S7K4QDxGGARfXuHUjBb6AA,Y'sホール三鷹,5.0,2.0,1.0,OK,24.1,★5.0(+20pt) | 口コミ2件(+0pt) | 複数記事候補×3 | primary_area=三鷹
国立のレンタルダンススタジオおすすめ,エリア,C,1,キッズダンススタジオstudioCROSS（スタジオクロス）国立谷保スタジオ,〒186-0003 東京都国立市富士見台２丁目１８-２ 富士見台ビル 2階,0,,谷保駅,129.0,ChIJFYWW2KPjGGAR3Up55akULCI,キッズダンススタジオstudioCROSS（スタジオクロス）国立谷保スタジオ,5.0,2.0,1.0,OK,41.1,★5.0(+20pt) | 口コミ2件(+0pt) | 駅近500m以内 | 複数記事候補×4 | primary_area=国立
国立のレンタルダンススタジオおすすめ,エリア,C,2,レンタルスタジオ 国立リノ,〒186-0002 東京都国立市東１丁目15-22 4 国立サニービル 階C号室,0,,国立駅,267.0,ChIJqX2rBPjlGGARQOwr82DKg-s,レンタルスタジオ 国立リノ,4.5,2.0,1.0,OK,39.1,★4.5(+18pt) | 口コミ2件(+0pt) | 駅近500m以内 | 複数記事候補×4 | primary_area=国立
国立のレンタルダンススタジオおすすめ,エリア,C,3,国立ミュージカルスタジオ,〒186-0002 東京都国立市東１丁目１-１?２９ 第2いちやまハイツ 3F,0,,国立駅,179.0,ChIJ9xTtOAfkGGARGF4dXFM-brc,国立ミュージカルスタジオ,2.7,3.0,1.0,OK,31.95,★2.7(+11pt) | 口コミ3件(+0pt) | 駅近500m以内 | 複数記事候補×4 | primary_area=国立
国立のレンタルダンススタジオおすすめ,エリア,C,4,BUZZ レンタルスタジオ 西国分寺店,〒185-0024 東京都国分寺市泉町３丁目３７-２５ 天龍ビル B1,1,https://dance-studio-lab.com/room/ZDcyMzBmZWYtMzdiYS00YjY0LThmOGEtZDJjMzQxNTVlZDA2/detail,西国分寺駅,117.0,ChIJD8ADYIflGGAR0Yc6INNQ5v0,BUZZ西国分寺,,,0.64,OK,,提携 | ★nan(+nanpt) | 駅近500m以内 | 複数記事候補×7 | tag/station:国立
国立のレンタルダンススタジオおすすめ,エリア,C,5,キッズダンススタジオstudioCROSS（スタジオクロス）国立駅ゴールドジムクラス,〒186-0004 東京都国立市中１丁目9-３０ 国立せきやビル 5階 ゴールドジム内,0,,国立駅,158.0,ChIJzXTv2_vjGGARY6VAKc4dFWE,キッズダンススタジオstudioCROSS（スタジオクロス）国立駅ゴールドジムクラス,,,1.0,OK,,★nan(+nanpt) | 駅近500m以内 | 複数記事候補×4 | primary_area=国立
国立のレンタルダンススタジオおすすめ,エリア,C,6,塩野啓子バレエスタジオ,〒186-0003 東京都国立市富士見台４丁目12-１,0,,矢川駅,91.0,ChIJKRepLunjGGARH8hORbUkAqY,塩野啓子バレエスタジオ,,,1.0,OK,,★nan(+nanpt) | 駅近500m以内 | 複数記事候補×4 | primary_area=国立
日野のレンタルダンススタジオおすすめ,エリア,C,1,東京バレエ学園,〒191-0053 東京都日野市豊田４丁目４５-３,0,,豊田駅,215.0,ChIJJZ0CIBXiGGARjCVza-5hayQ,東京バレエ学園,5.0,1.0,1.0,OK,37.05,★5.0(+20pt) | 口コミ1件(+0pt) | 駅近500m以内 | 複数記事候補×2 | primary_area=日野
日野のレンタルダンススタジオおすすめ,エリア,C,2,フラメンコスタジオ エル ソニケテ,〒191-0062 東京都日野市多摩平２丁目１２-２ 山崎ビル1F,0,,豊田駅,353.0,ChIJ0dkx7oIdGWARDw6so3y9ssU,フラメンコスタジオ エル ソニケテ,3.7,3.0,1.0,OK,35.95,★3.7(+15pt) | 口コミ3件(+0pt) | 駅近500m以内 | 複数記事候補×4 | primary_area=日野
日野のレンタルダンススタジオおすすめ,エリア,C,3,A-KIDS DANCE STUDIO,〒191-0011 東京都日野市日野本町４丁目５-５ ＨＳビル 2F,0,,日野駅,178.0,ChIJdYpe8g7jGGARxfzO9yTpjtA,A-KIDS DANCE STUDIO,,,1.0,OK,,★nan(+nanpt) | 駅近500m以内 | 複数記事候補×4 | primary_area=日野
日野のレンタルダンススタジオおすすめ,エリア,C,4,キッズダンススタジオstudioCROSS（スタジオクロス）高幡不動クラス 日野市 多摩カルチャーセンター,〒191-0031 東京都日野市高幡３-１０ 遠藤ビル 2階,0,,高幡不動駅,59.0,ChIJGQV2MgXjGGARrVI9T-3jxOs,キッズダンススタジオstudioCROSS（スタジオクロス）高幡不動クラス 日野市 多摩カルチャーセンター,,,1.0,OK,,★nan(+nanpt) | 駅近500m以内 | 複数記事候補×4 | primary_area=日野
日野のレンタルダンススタジオおすすめ,エリア,C,5,Dance Studio Bingo（日野Bingo）,〒191-0062 東京都日野市多摩平１丁目4-１５ ダイマルビル 2階,0,,豊田駅,358.0,ChIJ9TYqL5zjGGARBU25K9Geoa4,DANCE STUDIO BINGO,,,0.78,OK,,★nan(+nanpt) | 駅近500m以内 | 複数記事候補×2 | primary_area=日野
東京のレンタルダンススタジオおすすめ,エリア,C,1,BUZZ レンタルスタジオ 神田店,〒101-0047 東京都千代田区内神田２丁目９-９ 神田西口ビル B1F,1,https://dance-studio-lab.com/room/ODJkZDE5YzQtMTlhZS00NjNlLWJlZTQtNDA3NTU3MTQ5NDg5/detail,秋葉原駅,989.0,ChIJs4poIDGNGGARyb9k_Nit0LI,BUZZ神田,4.1,10.0,0.571,OK,134.9,提携 | ★4.1(+16pt) | 口コミ10件(+0pt) | 駅近1000m以内 | 複数記事候補×8 | tag/station:東京
東京のレンタルダンススタジオおすすめ,エリア,C,2,スタジオインディ 東京駅前店,〒104-0031 東京都中央区京橋１丁目４-１１ 竹本ビルディング ４階,0,,東京駅,397.0,ChIJ_Y-2T92LGGARO0DCyy0N7qM,就活写真のスタジオインディ 東京駅前店,4.9,1417.0,0.839,OK,59.6,★4.9(+20pt) | 口コミ1417件(+15pt) | 駅近500m以内 | 複数記事候補×7 | tag/station:東京
東京のレンタルダンススタジオおすすめ,エリア,C,3,レンタルスタジオSunny高田馬場2号店,〒169-0075 東京都高田馬場１丁目３４-２ 千葉ビル 1F,0,,高田馬場駅,62.0,ChIJNRvvgg2NGGARFFPjbXqiQk8,レンタルスタジオSunny高田馬場2号店,4.7,15.0,1.0,OK,42.55,★4.7(+19pt) | 口コミ15件(+1pt) | 駅近500m以内 | 複数記事候補×5 | primary_area=東京
東京のレンタルダンススタジオおすすめ,エリア,C,4,ATHLETE Studio,〒101-0044 東京都千代田区鍛冶町１丁目８-１ SRビル 3F,0,,秋葉原駅,900.0,ChIJO5qIFvyNGGARKGkCGNWNc1I,ATHLETE Studio,5.0,1.0,1.0,OK,38.05,★5.0(+20pt) | 口コミ1件(+0pt) | 駅近1000m以内 | 複数記事候補×6 | tag/station:東京
東京のレンタルダンススタジオおすすめ,エリア,C,5,ライトハウス神田,〒103-0021 東京都中央区日本橋本石町４丁目５-８,0,,東京駅,948.0,ChIJI4aZNSyNGGAR9cNcuc4jdMk,ライトハウス神田,5.0,1.0,1.0,OK,38.05,★5.0(+20pt) | 口コミ1件(+0pt) | 駅近1000m以内 | 複数記事候補×7 | tag/station:東京
東京のレンタルダンススタジオおすすめ,エリア,C,6,Another ONE+ （銀座レンタルスペース）,〒104-0061 東京都中央区銀座３丁目１２-１８ 新岩間ビル 3F,0,,有楽町駅,700.0,ChIJkfQU00mLGGARzb8iRX4aRgk,Another ONE+ （銀座レンタルスペース）,4.7,14.0,1.0,OK,37.5,★4.7(+19pt) | 口コミ14件(+1pt) | 駅近1000m以内 | 複数記事候補×6 | tag/station:東京
東京のレンタルダンススタジオおすすめ,エリア,C,7,セミナールーム茅場町 Co-Edo 3F 貸会議室,〒104-0033 東京都中央区新川１丁目３-４ ＰＡビル3F,0,,茅場町駅,223.0,ChIJv5hHX1uJGGAR4LYvM_Q2FCo,セミナールーム茅場町 Co-Edo 3F 貸会議室,3.3,4.0,1.0,OK,36.4,★3.3(+13pt) | 口コミ4件(+0pt) | 駅近500m以内 | 複数記事候補×5 | tag/station:東京
東京のレンタルダンススタジオおすすめ,エリア,C,8,レンタルスタジオ新富町 ?Danzatakara. Studio?,"Shintomi 2-1-7, Fujichuo building B1, 中央区 東京都 140-0041",0,,有楽町駅,891.0,ChIJma9JO-CLGGARXy1oRyOGqFw,レンタルスタジオ新富町 −Danzatakara. Studio–,5.0,1.0,0.935,OK,36.05,★5.0(+20pt) | 口コミ1件(+0pt) | 駅近1000m以内 | 複数記事候補×5 | tag/station:東京
東京のレンタルダンススタジオおすすめ,エリア,C,9,HMVP大手町スタジオ,〒101-0047 東京都千代田区内神田１丁目７-１１ B2F,0,,東京駅,995.0,ChIJVVVJvQaMGGARVWvNkw9_Wh4,HMVP大手町スタジオ,4.3,27.0,1.0,OK,34.55,★4.3(+17pt) | 口コミ27件(+1pt) | 駅近1000m以内 | 複数記事候補×5 | tag/station:東京
東京のレンタルダンススタジオおすすめ,エリア,C,10,studio RADA,〒103-0022 東京都中央区日本橋室町１丁目１-５,0,,東京駅,700.0,ChIJRUPuCVaJGGARrOyPItUMkK8,studio RADA,4.5,10.0,1.0,OK,34.5,★4.5(+18pt) | 口コミ10件(+0pt) | 駅近1000m以内 | 複数記事候補×5 | tag/station:東京
東京のレンタルダンススタジオおすすめ,エリア,C,11,OKUTAMA＋,〒198-0102 東京都西多摩郡奥多摩町川井５９４,0,,川井駅,544.0,ChIJ7fsAxIYwGWARRthLQCvv8sU,OKUTAMA＋,4.7,153.0,1.0,OK,34.45,★4.7(+19pt) | 口コミ153件(+8pt) | 駅近1000m以内 | primary_area=東京
東京のレンタルダンススタジオおすすめ,エリア,C,12,Studio ballet with...,〒104-0041 東京都中央区新富１丁目３-１６ 第２アサヒビル １階,0,,有楽町駅,908.0,ChIJWWEVUE-JGGARJVH8nG0Z_Fo,STUDIO BALLET WITH,5.0,1.0,0.914,OK,34.05,★5.0(+20pt) | 口コミ1件(+0pt) | 駅近1000m以内 | 複数記事候補×4 | tag/station:東京
東京のレンタルダンススタジオおすすめ,エリア,C,13,日本橋PACMAN（ニホンバシパックマン）,〒103-0021 東京都中央区日本橋本石町４丁目５-５ 藤ビル 地下1階,0,,東京駅,921.0,ChIJJ5WrWCCNGGARaHRE6Ufc4o0,日本橋PACMAN（ニホンバシパックマン）,3.6,21.0,1.0,OK,33.45,★3.6(+14pt) | 口コミ21件(+1pt) | 駅近1000m以内 | 複数記事候補×7 | tag/station:東京
東京のレンタルダンススタジオおすすめ,エリア,C,14,スペースF・L・S｜昭島レンタルスタジオ,〒196-0025 東京都昭島市朝日町１丁目 １１-５ ２F,0,,中神駅,145.0,ChIJW4KnitLhGGARnf8S-0xt2XQ,スペースF・L・S｜昭島レンタルスタジオ,3.0,1.0,1.0,OK,33.05,★3.0(+12pt) | 口コミ1件(+0pt) | 駅近500m以内 | 複数記事候補×4 | primary_area=東京
東京のレンタルダンススタジオおすすめ,エリア,C,15,Ryo Dance Studio,"〒196-0015 東京都昭島市昭和町２丁目２?番, 16号, 4F",0,,昭島駅,137.0,ChIJUeNl49YfGWARnZJG-DZvMdw,Ryo Dance Studio,3.9,7.0,1.0,OK,32.95,★3.9(+16pt) | 口コミ7件(+0pt) | 駅近500m以内 | 複数記事候補×2 | primary_area=東京
東村山のレンタルダンススタジオおすすめ,エリア,C,1,レンタルスタジオ/ステップ東村山２号店,〒189-0013 東京都東村山市栄町１丁目10-２３,0,,久米川駅,299.0,ChIJRSXJZgjnGGAR9ExKGODB294,Step 東村山・久米川駅前スタジオ,4.9,7.0,0.229,OK,42.95,★4.9(+20pt) | 口コミ7件(+0pt) | 駅近500m以内 | 複数記事候補×5 | primary_area=東村山
東村山のレンタルダンススタジオおすすめ,エリア,C,2,レンタルスタジオ/ステップ東村山１号店,〒189-0013 東京都東村山市栄町１丁目３-３２ ビュー久米川 201号室,0,,久米川駅,123.0,ChIJRSXJZgjnGGAR9ExKGODB294,Step 東村山・久米川駅前スタジオ,4.9,7.0,0.229,OK,42.95,★4.9(+20pt) | 口コミ7件(+0pt) | 駅近500m以内 | 複数記事候補×5 | primary_area=東村山
東村山のレンタルダンススタジオおすすめ,エリア,C,3,NML dance studio,〒189-0014 東京都東村山市本町２丁目21-３ 1F,0,,東村山駅,281.0,ChIJWfQJu4DnGGARjjV0oM_eElw,NML dance studio,5.0,1.0,1.0,OK,41.05,★5.0(+20pt) | 口コミ1件(+0pt) | 駅近500m以内 | 複数記事候補×4 | primary_area=東村山
東村山のレンタルダンススタジオおすすめ,エリア,C,4,Fairy Ballet Studio,〒189-0022 東京都東村山市野口町１丁目３-３ アドヴァンス東村山 ３F,0,,東村山駅,221.0,ChIJ0VvESkLnGGARSLfzKDblDek,Fairy Ballet Studio,5.0,3.0,1.0,OK,37.15,★5.0(+20pt) | 口コミ3件(+0pt) | 駅近500m以内 | 複数記事候補×2 | primary_area=東村山
上野駅のレンタルダンススタジオおすすめ,駅,S,1,スタジオ五軒町／『鏡張り』の多目的に利用できる『防音』スタジオ,東京都千代田区外神田6-16-1,1,https://dance-studio-lab.com/room/ODZiZjA3NDItNjk4ZS00YjMxLWFjMGQtMGU5ZjVkZDg5OWQw/detail,湯島駅,308.0,ChIJqR_N5JuNGGARtspyhrGKB8M,スタジオ五軒町,4.9,18.0,0.368,OK,165.5,提携 | ★4.9(+20pt) | 口コミ18件(+1pt) | 駅近500m以内 | 複数記事候補×7 | haversine:上野駅(≤1200m)
上野駅のレンタルダンススタジオおすすめ,駅,S,2,ノアスタジオ 秋葉原店,〒101-0021 東京都千代田区外神田６丁目１４-８,0,,秋葉原駅,589.0,ChIJBYrhQR6MGGARzKASg6uMah0,サウンドスタジオノア 秋葉原店,4.3,470.0,0.667,OK,68.2,★4.3(+17pt) | 口コミ470件(+15pt) | 駅近1000m以内 | 複数記事候補×5 | haversine:上野駅(≤1200m)
上野駅のレンタルダンススタジオおすすめ,駅,S,3,レンタルスタジオODORU,〒110-0015 東京都台東区東上野３丁目１８-１ B1,0,,上野駅,319.0,ChIJ259S0_CPGGAR4iLDbIyPZB4,レンタルスタジオODORU,4.8,55.0,1.0,OK,64.95,★4.8(+19pt) | 口コミ55件(+3pt) | 駅近500m以内 | 複数記事候補×5 | haversine:上野駅(≤1200m)
上野駅のレンタルダンススタジオおすすめ,駅,S,4,FunnyTips（ファニーティップス）,〒101-0021 東京都千代田区外神田５丁目５-７ パンセ秋葉原 B1F,0,,秋葉原駅,633.0,ChIJic3HKR6MGGARaMdPLHK5NOk,FunnyTips（ファニーティップス）,4.8,42.0,1.0,OK,59.3,★4.8(+19pt) | 口コミ42件(+2pt) | 駅近1000m以内 | 複数記事候補×6 | haversine:上野駅(≤1200m)
上野駅のレンタルダンススタジオおすすめ,駅,S,5,スタジオジパング 上野スタジオSTANDARD,"〒110-0015 東京都台東区東上野３丁目１４-１２, Ueno Bldg., B1 旧 辻井ビル",0,,上野駅,404.0,ChIJAa1J7Z-PGGARYdz1kIxyl0E,スタジオジパング 上野スタジオSTANDARD,4.0,3.0,1.0,OK,59.15,★4.0(+16pt) | 口コミ3件(+0pt) | 駅近500m以内 | 複数記事候補×5 | haversine:上野駅(≤1200m)
上野駅のレンタルダンススタジオおすすめ,駅,S,6,ミライスタジオ上野,〒110-0003 東京都台東区根岸１丁目５-１３,0,,日暮里駅,943.0,ChIJEx8RZU6PGGARao7zHmKHtEs,ミライスタジオ上野,4.9,12.0,1.0,OK,58.2,★4.9(+20pt) | 口コミ12件(+1pt) | 駅近1000m以内 | 複数記事候補×6 | haversine:上野駅(≤1200m)
上野駅のレンタルダンススタジオおすすめ,駅,S,7,レンタルスタジオALOALO,〒110-0016 東京都台東区台東４丁目３１-５ オリオンビル B1,0,,上野駅,717.0,ChIJq4jUEYqPGGARncRj9aiU11U,レンタルスタジオALOALO,5.0,1.0,1.0,OK,58.05,★5.0(+20pt) | 口コミ1件(+0pt) | 駅近1000m以内 | 複数記事候補×6 | haversine:上野駅(≤1200m)
上野駅のレンタルダンススタジオおすすめ,駅,S,8,ブルースペース上野御徒町,〒110-0005 東京都台東区上野３丁目１３-１０ トミヤマビル B1F,0,,秋葉原駅,725.0,ChIJd9NlGkGPGGARVfILjaLOHAM,ブルースペース上野御徒町,4.8,8.0,1.0,OK,57.6,★4.8(+19pt) | 口コミ8件(+0pt) | 駅近1000m以内 | 複数記事候補×6 | haversine:上野駅(≤1200m)
上野駅のレンタルダンススタジオおすすめ,駅,S,9,シャノワールレンタルスタジオ,〒110-0005 東京都台東区上野３丁目１４-５ ヴェルコ黒門ビル 地下1階,0,,秋葉原駅,782.0,ChIJwcBMBzuPGGARgnyNIQN6DKw,シャノワールレンタルスタジオ,4.5,16.0,1.0,OK,56.8,★4.5(+18pt) | 口コミ16件(+1pt) | 駅近1000m以内 | 複数記事候補×6 | haversine:上野駅(≤1200m)
上野駅のレンタルダンススタジオおすすめ,駅,S,10,K'sLinkStudio御徒町,〒110-0005 東京都台東区上野３丁目１９-４ フロンティアサカイビル 1F,0,,秋葉原駅,803.0,ChIJi1OLEyaPGGARjBPBQM__aPo,K'sLinkStudio御徒町,4.0,1.0,1.0,OK,54.05,★4.0(+16pt) | 口コミ1件(+0pt) | 駅近1000m以内 | 複数記事候補×6 | haversine:上野駅(≤1200m)
上野駅のレンタルダンススタジオおすすめ,駅,S,11,BUZZ レンタルスタジオ 上野店,〒110-0003 東京都台東区根岸３丁目６-３ 小林ビル 地下1階,0,,上野駅,975.0,ChIJA0xvfHyPGGARPx1X3lfmPKM,BUZZ上野,3.8,17.0,0.571,OK,54.05,★3.8(+15pt) | 口コミ17件(+1pt) | 駅近1000m以内 | 複数記事候補×6 | haversine:上野駅(≤1200m)
上野駅のレンタルダンススタジオおすすめ,駅,S,12,スタジオ阿弥陀,〒110-0004 東京都台東区下谷１丁目８-２０ 長松寺,0,,上野駅,773.0,ChIJZVOHupqOGGAR9ta36nrZ9Uo,スタジオ阿弥陀,3.9,32.0,1.0,OK,51.2,★3.9(+16pt) | 口コミ32件(+2pt) | 駅近1000m以内 | 複数記事候補×4 | haversine:上野駅(≤1200m)
上野駅のレンタルダンススタジオおすすめ,駅,S,13,スタジオHIKARI 上野,〒110-0003 東京都台東区根岸１丁目１-１５ ルンビニフードカフェ鶯谷店 4階,0,,上野駅,822.0,ChIJAbriT2mPGGAR7IWRCcbBij0,スタジオHIKARI 上野,3.0,4.0,1.0,OK,46.2,★3.0(+12pt) | 口コミ4件(+0pt) | 駅近1000m以内 | 複数記事候補×4 | haversine:上野駅(≤1200m)
恵比寿駅のレンタルダンススタジオおすすめ,駅,S,1,BUZZ渋谷TOWER,東京都渋谷区東2-27-9],1,https://dance-studio-lab.com/room/YWZmOTdhZGMtMjk1MC00ODljLWE2YWUtMDRjMGM5NTIxZTg2/detail,渋谷駅,437.0,ChIJQUYpSQCLGGARsF4hafI8N7A,BUZZ渋谷TOWER,3.9,9.0,1.0,OK,161.05,提携 | ★3.9(+16pt) | 口コミ9件(+0pt) | 駅近500m以内 | 複数記事候補×8 | haversine:恵比寿駅(≤1200m)
恵比寿駅のレンタルダンススタジオおすすめ,駅,S,2,チェリッシュスタジオ9号館,東京都渋谷区鶯谷町15-7 ライブリーYSビル6階,1,https://dance-studio-lab.com/room/NGU3OTQ4YzEtMzA3OS00NDc3LThjODQtYWFkMmUzMTE4ZmFm/detail,渋谷駅,423.0,ChIJ2Umz5_2LGGARzBCaEFk8wWE,チェリッシュスタジオ9号館,3.5,2.0,1.0,OK,159.1,提携 | ★3.5(+14pt) | 口コミ2件(+0pt) | 駅近500m以内 | 複数記事候補×6 | haversine:恵比寿駅(≤1200m)
恵比寿駅のレンタルダンススタジオおすすめ,駅,S,3,ザ・スペース大久保南口,東京都渋谷区桜丘町29-17 さくらマンション205,1,https://dance-studio-lab.com/room/ZDRhYmIxMjgtNzhkMy00Yjk1LTk2MzItNTdiZWJmY2VkYWZk/detail,渋谷駅,515.0,ChIJ___v2VCLGGAR0z3eGgj4BjY,チェリッシュ4号館・8号館,3.9,30.0,0.0,OK,155.1,提携 | ★3.9(+16pt) | 口コミ30件(+2pt) | 駅近1000m以内 | 複数記事候補×6 | candidate_station_fallback:恵比寿駅
恵比寿駅のレンタルダンススタジオおすすめ,駅,S,4,Rei Dance Collection 駅前校,〒150-0002 東京都渋谷区渋谷３丁目２８-７ 青ビル B1F,0,,渋谷駅,324.0,ChIJO-_Nh1aLGGARwLqUxvR0wFM,Rei Dance Collection 渋谷校,4.7,308.0,0.905,OK,78.8,★4.7(+19pt) | 口コミ308件(+15pt) | 駅近500m以内 | 複数記事候補×6 | haversine:恵比寿駅(≤1200m)
恵比寿駅のレンタルダンススタジオおすすめ,駅,S,5,恵比寿ガーデンプレイス,〒150-0013 東京都渋谷区恵比寿４丁目２０,0,,恵比寿駅,576.0,ChIJ3bRi2hWLGGARsMUFP7GRGBI,恵比寿ガーデンプレイス,4.1,7404.0,1.0,OK,67.4,★4.1(+16pt) | 口コミ7404件(+15pt) | 駅近1000m以内 | 複数記事候補×5 | haversine:恵比寿駅(≤1200m)
恵比寿駅のレンタルダンススタジオおすすめ,駅,S,6,恵比寿ヒルサイドスタジオ,〒150-0022 東京都渋谷区恵比寿南２丁目２１-８ 恵比寿ファインヒル B１,0,,恵比寿駅,453.0,ChIJz66xUj6LGGARgH8XUogXl3I,恵比寿ヒルサイドスタジオ,4.5,44.0,1.0,OK,65.2,★4.5(+18pt) | 口コミ44件(+2pt) | 駅近500m以内 | 複数記事候補×6 | haversine:恵比寿駅(≤1200m)
恵比寿駅のレンタルダンススタジオおすすめ,駅,S,7,DANCE WORKS,〒150-0032 東京都渋谷区鶯谷町７-１０ ＮＭＤビル 2F-6F,0,,渋谷駅,447.0,ChIJE9h0frqLGGARZ1rSuNV-jlo,DANCE WORKS,4.4,50.0,1.0,OK,65.1,★4.4(+18pt) | 口コミ50件(+2pt) | 駅近500m以内 | 複数記事候補×6 | haversine:恵比寿駅(≤1200m)
恵比寿駅のレンタルダンススタジオおすすめ,駅,S,8,ピアノスタジオノア 恵比寿店,〒150-0013 東京都渋谷区恵比寿４丁目４-１２,0,,恵比寿駅,206.0,ChIJK7V2_T-LGGARRSCM6VftiIc,ピアノスタジオノア 恵比寿店,4.5,51.0,1.0,OK,63.55,★4.5(+18pt) | 口コミ51件(+3pt) | 駅近500m以内 | 複数記事候補×5 | haversine:恵比寿駅(≤1200m)
恵比寿駅のレンタルダンススタジオおすすめ,駅,S,9,恵比寿ガーデンプレイスタワー,〒150-6003 東京都渋谷区恵比寿４丁目２０-３,0,,恵比寿駅,583.0,ChIJJRd91xWLGGARDktpB9XZvLU,恵比寿ガーデンプレイスタワー,4.1,9585.0,1.0,OK,63.4,★4.1(+16pt) | 口コミ9585件(+15pt) | 駅近1000m以内 | 複数記事候補×3 | haversine:恵比寿駅(≤1200m)
恵比寿駅のレンタルダンススタジオおすすめ,駅,S,10,サラ・プランタ,〒150-0013 東京都渋谷区恵比寿１丁目１６?番28号 2-4階 Tkビル,0,,恵比寿駅,311.0,ChIJa8phhyaLGGARVywT5U0nEjw,サラ・プランタ,5.0,2.0,1.0,OK,63.1,★5.0(+20pt) | 口コミ2件(+0pt) | 駅近500m以内 | 複数記事候補×5 | haversine:恵比寿駅(≤1200m)
恵比寿駅のレンタルダンススタジオおすすめ,駅,S,11,STUDIO A1-04（レンタルスタジオ）,〒150-0021 東京都渋谷区恵比寿西１丁目１４-３ 満栄佐藤ビル 2階 202号室,0,,恵比寿駅,232.0,ChIJkxLsXSCLGGARTM7jAlzcruY,STUDIO A1-04（レンタルスタジオ）,5.0,1.0,1.0,OK,63.05,★5.0(+20pt) | 口コミ1件(+0pt) | 駅近500m以内 | 複数記事候補×5 | haversine:恵比寿駅(≤1200m)
恵比寿駅のレンタルダンススタジオおすすめ,駅,S,12,レンタルスタジオAivic恵比寿2号店,東京都渋谷区恵比寿2-16-16 レクシード恵比寿（旧flegエビスW）111,1,https://dance-studio-lab.com/room/MjM0NzMxMTAtOGQzOS00MDFkLThmMGEtNTgzM2MzMjVjMzlh/detail,広尾駅,628.0,ChIJbddKNQCLGGAR5i2xL19gjec,レンタルスタジオ Aivic恵比寿1号店,,,0.947,OK,,提携 | ★nan(+nanpt) | 駅近1000m以内 | 複数記事候補×5 | haversine:恵比寿駅(≤1200m)
新宿駅のレンタルダンススタジオおすすめ,駅,S,1,Studio-Bio,東京都渋谷区千駄ヶ谷3−41−12　シャトル千駄ヶ谷B1(地下),1,https://dance-studio-lab.com/room/MTI3NDc3MzgtMTBhMy00NGY2LWE3MGQtZmM5YzdiYjVmNzM2/detail,北参道駅,48.0,ChIJeSg5VJWNGGARIJQppzQUS9Q,レンタルダンススタジオ『Studio-Bio北参道』,5.0,5.0,0.529,OK,165.25,提携 | ★5.0(+20pt) | 口コミ5件(+0pt) | 駅近500m以内 | 複数記事候補×8 | candidate_station_fallback:新宿駅
新宿駅のレンタルダンススタジオおすすめ,駅,S,2,BEATs レンタルスタジオ ビーツ,東京都渋谷区代々木1-42-2 藤ビル2階,1,https://dance-studio-lab.com/room/ZWU0MDNlZTUtMDE1Zi00NDcyLWFjZjgtZTAzNzUzZTAwMzNj/detail,代々木駅,259.0,ChIJhZZQrOqNGGARrlbzob-uRo4,RENTAL STUDIO BEATs,5.0,1.0,0.303,OK,165.05,提携 | ★5.0(+20pt) | 口コミ1件(+0pt) | 駅近500m以内 | 複数記事候補×6 | haversine:新宿駅(≤1200m)
新宿駅のレンタルダンススタジオおすすめ,駅,S,3,BUZZ レンタルスタジオ 新宿ハウス店,〒160-0023 東京都新宿区西新宿７丁目１６-１,1,https://dance-studio-lab.com/room/MWYzNmNhZGMtMWZiNi00MjBiLWJjNzMtZmFmNjAxYmQ5MjA3/detail,西武新宿駅,276.0,ChIJRc7vzXuNGGAR0_J9NkqzufI,BUZZ新宿ハウス,5.0,1.0,0.667,OK,165.05,提携 | ★5.0(+20pt) | 口コミ1件(+0pt) | 駅近500m以内 | 複数記事候補×7 | haversine:新宿駅(≤1200m)
新宿駅のレンタルダンススタジオおすすめ,駅,S,4,Hina STUDIO(ヒナスタジオ)【新宿西口スタジオ】,東京都新宿区西新宿7-10-12　ダイハンビルデンス4階,1,https://dance-studio-lab.com/room/ZDEyOTIyNTctYjUwOC00ZTY3LTgxMWYtYTI0MzhkNDg4OGNj/detail,新宿西口駅,136.0,ChIJgYmjocKNGGARlnVYKBAmz6w,Hina STUDIO（ヒナスタジオ） 新宿西口,4.6,10.0,0.8,OK,161.9,提携 | ★4.6(+18pt) | 口コミ10件(+0pt) | 駅近500m以内 | 複数記事候補×5 | haversine:新宿駅(≤1200m)
新宿駅のレンタルダンススタジオおすすめ,駅,S,5,BUZZ新宿,〒160-0023 東京都新宿区西新宿７丁目１６-４ Concierge高橋 BF 地下1階,1,https://dance-studio-lab.com/room/NThmODMwMDctZjkyNi00ZTE3LTgwNjQtMDRmOGIwMmQ5ZTRi/detail,西武新宿駅,298.0,ChIJcxTJc7GNGGAR4051ceCwzfc,BUZZ新宿,4.0,9.0,1.0,OK,161.45,提携 | ★4.0(+16pt) | 口コミ9件(+0pt) | 駅近500m以内 | 複数記事候補×7 | haversine:新宿駅(≤1200m)
新宿駅のレンタルダンススタジオおすすめ,駅,S,6,THビル貸し会議室 レンタルスタジオ,〒151-0053 東京都渋谷区代々木２丁目４-１ Thビル,1,https://dance-studio-lab.com/room/ZGYxYjYyNDgtMDEzOC00MjZhLTgyZDctODZlMDViYTQ0NDgy/detail,新宿駅,451.0,ChIJGb3dtiaNGGAR08--7YnH1VM,THビル貸し会議室 レンタルスタジオ,3.6,5.0,1.0,OK,159.65,提携 | ★3.6(+14pt) | 口コミ5件(+0pt) | 駅近500m以内 | 複数記事候補×8 | haversine:新宿駅(≤1200m)
新宿駅のレンタルダンススタジオおすすめ,駅,S,7,スタジオインディ 新宿店,〒160-0022 東京都新宿区新宿３丁目２２番１１号 新宿ＲＳビル ６階,0,,新宿駅,289.0,ChIJ7_e-EtyMGGARWGKDmmfWr08,就活写真のスタジオインディ 新宿店,4.9,3522.0,0.815,OK,79.6,★4.9(+20pt) | 口コミ3522件(+15pt) | 駅近500m以内 | 複数記事候補×6 | haversine:新宿駅(≤1200m)
新宿駅のレンタルダンススタジオおすすめ,駅,S,8,ノアスタジオ 新宿１号店,〒160-0023 東京都新宿区西新宿１丁目３-１４,0,,新宿駅,319.0,ChIJEZGmV9aMGGARGzRgLKl6a4g,ノアスタジオ 新宿１号店,4.0,205.0,1.0,OK,71.25,★4.0(+16pt) | 口コミ205件(+10pt) | 駅近500m以内 | 複数記事候補×6 | haversine:新宿駅(≤1200m)
新宿駅のレンタルダンススタジオおすすめ,駅,S,9,Studioonda大久保,〒169-0073 東京都新宿区百人町１丁目２３-２ 3F,0,,新大久保駅,388.0,ChIJDZNZgHuNGGARHwvYElpwQqo,StudioOnda大久保,5.0,3.0,1.0,OK,65.15,★5.0(+20pt) | 口コミ3件(+0pt) | 駅近500m以内 | 複数記事候補×6 | haversine:新宿駅(≤1200m)
新宿駅のレンタルダンススタジオおすすめ,駅,S,10,レンタルダンススタジオ LANDstudio 新宿店,〒169-0073 東京都新宿区百人町１丁目２２-１９ 筒井ビル B1F,0,,新大久保駅,276.0,ChIJDZNZgHuNGGARHwvYElpwQqo,StudioOnda大久保,5.0,3.0,0.324,OK,65.15,★5.0(+20pt) | 口コミ3件(+0pt) | 駅近500m以内 | 複数記事候補×6 | haversine:新宿駅(≤1200m)
新宿駅のレンタルダンススタジオおすすめ,駅,S,11,Ｍ＆Ｓダンススタジオ,〒151-0051 東京都渋谷区千駄ケ谷５丁目１１-１３ 俳協ビル B1,0,,代々木駅,374.0,ChIJrVj9y8aMGGARJBeql2jnF8A,Ｍ＆Ｓダンススタジオ,5.0,1.0,1.0,OK,65.05,★5.0(+20pt) | 口コミ1件(+0pt) | 駅近500m以内 | 複数記事候補×7 | haversine:新宿駅(≤1200m)
新宿駅のレンタルダンススタジオおすすめ,駅,S,12,赤レンガ・プレイスタジオStudioStyle+,〒169-0073 東京都新宿区百人町１丁目２４-８ 3F,0,,新大久保駅,346.0,ChIJVVWFFSmNGGAR6VldZoU81rE,赤レンガ・ライブスタジオStudioStyle+,5.0,1.0,0.913,OK,65.05,★5.0(+20pt) | 口コミ1件(+0pt) | 駅近500m以内 | 複数記事候補×6 | haversine:新宿駅(≤1200m)
新宿駅のレンタルダンススタジオおすすめ,駅,S,13,Hina STUDIO(ヒナスタジオ)【新宿西口アネックス】,東京都新宿区西新宿7-15-4　YS第一ビルB1階,1,https://dance-studio-lab.com/room/NWQxZDIzMzUtNWMzOC00MzY4LWE4YmYtMWU3MDBkYWM3ZDY2/detail,西武新宿駅,234.0,ChIJg1nxuYiNGGARw0kzvpNLnQE,Hina STUDIO（ヒナスタジオ） 新宿西口アネックス,,,0.893,OK,,提携 | ★nan(+nanpt) | 駅近500m以内 | 複数記事候補×5 | haversine:新宿駅(≤1200m)
東京駅のレンタルダンススタジオおすすめ,駅,S,1,BUZZ レンタルスタジオ 神田店,〒101-0047 東京都千代田区内神田２丁目９-９ 神田西口ビル B1F,1,https://dance-studio-lab.com/room/ODJkZDE5YzQtMTlhZS00NjNlLWJlZTQtNDA3NTU3MTQ5NDg5/detail,秋葉原駅,989.0,ChIJs4poIDGNGGARyb9k_Nit0LI,BUZZ神田,4.1,10.0,0.571,OK,154.9,提携 | ★4.1(+16pt) | 口コミ10件(+0pt) | 駅近1000m以内 | 複数記事候補×8 | haversine:東京駅(≤1200m)
東京駅のレンタルダンススタジオおすすめ,駅,S,2,スタジオインディ 東京駅前店,〒104-0031 東京都中央区京橋１丁目４-１１ 竹本ビルディング ４階,0,,東京駅,397.0,ChIJ_Y-2T92LGGARO0DCyy0N7qM,就活写真のスタジオインディ 東京駅前店,4.9,1417.0,0.839,OK,79.6,★4.9(+20pt) | 口コミ1417件(+15pt) | 駅近500m以内 | 複数記事候補×7 | haversine:東京駅(≤1200m)
東京駅のレンタルダンススタジオおすすめ,駅,S,3,ATHLETE Studio,〒101-0044 東京都千代田区鍛冶町１丁目８-１ SRビル 3F,0,,秋葉原駅,900.0,ChIJO5qIFvyNGGARKGkCGNWNc1I,ATHLETE Studio,5.0,1.0,1.0,OK,58.05,★5.0(+20pt) | 口コミ1件(+0pt) | 駅近1000m以内 | 複数記事候補×6 | haversine:東京駅(≤1200m)
東京駅のレンタルダンススタジオおすすめ,駅,S,4,ライトハウス神田,〒103-0021 東京都中央区日本橋本石町４丁目５-８,0,,東京駅,948.0,ChIJI4aZNSyNGGAR9cNcuc4jdMk,ライトハウス神田,5.0,1.0,1.0,OK,58.05,★5.0(+20pt) | 口コミ1件(+0pt) | 駅近1000m以内 | 複数記事候補×7 | haversine:東京駅(≤1200m)
東京駅のレンタルダンススタジオおすすめ,駅,S,5,HMVP大手町スタジオ,〒101-0047 東京都千代田区内神田１丁目７-１１ B2F,0,,東京駅,995.0,ChIJVVVJvQaMGGARVWvNkw9_Wh4,HMVP大手町スタジオ,4.3,27.0,1.0,OK,54.55,★4.3(+17pt) | 口コミ27件(+1pt) | 駅近1000m以内 | 複数記事候補×5 | haversine:東京駅(≤1200m)
東京駅のレンタルダンススタジオおすすめ,駅,S,6,studio RADA,〒103-0022 東京都中央区日本橋室町１丁目１-５,0,,東京駅,700.0,ChIJRUPuCVaJGGARrOyPItUMkK8,studio RADA,4.5,10.0,1.0,OK,54.5,★4.5(+18pt) | 口コミ10件(+0pt) | 駅近1000m以内 | 複数記事候補×5 | haversine:東京駅(≤1200m)
東京駅のレンタルダンススタジオおすすめ,駅,S,7,Studio ballet with...,〒104-0041 東京都中央区新富１丁目３-１６ 第２アサヒビル １階,0,,有楽町駅,908.0,ChIJWWEVUE-JGGARJVH8nG0Z_Fo,STUDIO BALLET WITH,5.0,1.0,0.914,OK,54.05,★5.0(+20pt) | 口コミ1件(+0pt) | 駅近1000m以内 | 複数記事候補×4 | haversine:東京駅(≤1200m)
東京駅のレンタルダンススタジオおすすめ,駅,S,8,日本橋PACMAN（ニホンバシパックマン）,〒103-0021 東京都中央区日本橋本石町４丁目５-５ 藤ビル 地下1階,0,,東京駅,921.0,ChIJJ5WrWCCNGGARaHRE6Ufc4o0,日本橋PACMAN（ニホンバシパックマン）,3.6,21.0,1.0,OK,53.45,★3.6(+14pt) | 口コミ21件(+1pt) | 駅近1000m以内 | 複数記事候補×7 | haversine:東京駅(≤1200m)
東京駅のレンタルダンススタジオおすすめ,駅,S,9,サムシン コンビニエンス スタジオ,〒104-0032 東京都中央区八丁堀２丁目１-２ 水澤ビル,0,,東京駅,808.0,ChIJVVVZ-liJGGARvGnhPuKOsXc,サムシン コンビニエンス スタジオ,4.1,8.0,1.0,OK,48.8,★4.1(+16pt) | 口コミ8件(+0pt) | 駅近1000m以内 | 複数記事候補×3 | haversine:東京駅(≤1200m)
東京駅のレンタルダンススタジオおすすめ,駅,S,10,日本橋バレエ＆ダンススタジオ Studio LULL,〒101-0047 東京都千代田区内神田２丁目８-３ 新東ビル 2階,0,,秋葉原駅,1033.0,ChIJRUPuCVaJGGARrOyPItUMkK8,studio RADA,4.5,10.0,0.353,OK,48.5,★4.5(+18pt) | 口コミ10件(+0pt) | 複数記事候補×7 | haversine:東京駅(≤1200m)
東京駅のレンタルダンススタジオおすすめ,駅,S,11,スタジオヴェロニカ,〒104-0032 東京都中央区八丁堀２丁目１９-６ ヤサカ八丁堀ビル B1,0,,東京駅,1036.0,ChIJuUa83LyJGGAR2L4dN98YswU,スタジオヴェロニカ,5.0,1.0,1.0,OK,48.05,★5.0(+20pt) | 口コミ1件(+0pt) | 複数記事候補×5 | haversine:東京駅(≤1200m)
池袋駅のレンタルダンススタジオおすすめ,駅,S,1,スタジオピアーチェ池袋店,東京都豊島区池袋本町1-7-1　池袋本町ビル地下１階,1,https://dance-studio-lab.com/room/YjA4YWEyZDUtYmFmZS00NDQ3LWJjOWYtMzU2MDlmMDc1MTJi/detail,北池袋駅,439.0,ChIJ3_mqOmCNGGARd6j7bGp0DQk,スタジオピアーチェ 池袋店,3.3,4.0,1.0,OK,154.4,提携 | ★3.3(+13pt) | 口コミ4件(+0pt) | 駅近500m以内 | 複数記事候補×4 | haversine:池袋駅(≤1200m)
池袋駅のレンタルダンススタジオおすすめ,駅,S,2,レンタルスタジオAivic池袋東口1号店,東京都豊島区東池袋3-11-9 三島ビル501,1,https://dance-studio-lab.com/room/ZTU1MDVkNDQtZjUzNi00MWRiLWFhMDctZTk3YTg1YjRjNDUx/detail,向原駅,618.0,ChIJg88zWgCNGGARNBf3YX7tGTk,レンタルスタジオAivic池袋東口2号店,5.0,1.0,0.95,OK,154.05,提携 | ★5.0(+20pt) | 口コミ1件(+0pt) | 駅近1000m以内 | 複数記事候補×4 | haversine:池袋駅(≤1200m)
池袋駅のレンタルダンススタジオおすすめ,駅,S,3,レンタルスタジオAivic池袋東口2号店,東京都豊島区東池袋2-57-1 K/B東池袋Ⅱ 5F,1,https://dance-studio-lab.com/room/ZTVmNmYwZGYtZTExNy00YTlkLTk4MDktODhhMWE2ZTYyNmNj/detail,池袋駅,749.0,ChIJg88zWgCNGGARNBf3YX7tGTk,レンタルスタジオAivic池袋東口2号店,5.0,1.0,1.0,OK,154.05,提携 | ★5.0(+20pt) | 口コミ1件(+0pt) | 駅近1000m以内 | 複数記事候補×4 | haversine:池袋駅(≤1200m)
池袋駅のレンタルダンススタジオおすすめ,駅,S,4,BUZZ レンタルスタジオ池袋東口BASE,〒170-0013 東京都豊島区東池袋１丁目３６-７ B1,1,https://dance-studio-lab.com/room/NWY2ZjE2OGUtZDYyYi00ZTk5LThlMjctZDI1YjllMmRjM2Jk/detail,池袋駅,608.0,ChIJHxq3mUqNGGAR6EwwIRL0dQc,BUZZ池袋東口BASE,4.0,9.0,0.75,OK,152.45,提携 | ★4.0(+16pt) | 口コミ9件(+0pt) | 駅近1000m以内 | 複数記事候補×5 | haversine:池袋駅(≤1200m)
池袋駅のレンタルダンススタジオおすすめ,駅,S,5,BUZZ池袋西口PARK,東京都豊島区西池袋3-30-10ライオンビルB1,1,https://dance-studio-lab.com/room/ZjBiN2M3MDEtZTMzYS00ZGZkLTg3YTktYjU3MjdjNDk3Njli/detail,池袋駅,586.0,ChIJHRV4uBSNGGARWrEJ-jU-nPs,BUZZ池袋西口PARK,3.4,9.0,1.0,OK,148.05,提携 | ★3.4(+14pt) | 口コミ9件(+0pt) | 駅近1000m以内 | 複数記事候補×4 | haversine:池袋駅(≤1200m)
池袋駅のレンタルダンススタジオおすすめ,駅,S,6,東京ステップス・アーツ アニメダンス池袋校,〒192-0082 東京都豊島区東池袋１丁目２２-５ サンケェビル６F,0,,池袋駅,475.0,ChIJUSYAo2iNGGARWgyINzotEh0,東京ステップス・アーツ アニメダンス池袋校,4.9,86.0,1.0,OK,66.9,★4.9(+20pt) | 口コミ86件(+4pt) | 駅近500m以内 | 複数記事候補×5 | haversine:池袋駅(≤1200m)
池袋駅のレンタルダンススタジオおすすめ,駅,S,7,studio worcle 池袋店,〒171-0022 東京都豊島区南池袋２丁目２２-４,0,,池袋駅,354.0,ChIJj1c49WiNGGARYz2pRzAay5g,studio worcle 池袋店,3.9,68.0,1.0,OK,62.0,★3.9(+16pt) | 口コミ68件(+3pt) | 駅近500m以内 | 複数記事候補×5 | haversine:池袋駅(≤1200m)
池袋駅のレンタルダンススタジオおすすめ,駅,S,8,BUZZ レンタルスタジオ 池袋本店,〒171-0022 東京都豊島区南池袋１丁目２０-１ 横田ビル 3F,0,,池袋駅,241.0,ChIJvffUWlmNGGAR-a6kOuZRE3Y,BUZZ池袋本店,4.1,32.0,0.667,OK,61.0,★4.1(+16pt) | 口コミ32件(+2pt) | 駅近500m以内 | 複数記事候補×5 | haversine:池袋駅(≤1200m)
池袋駅のレンタルダンススタジオおすすめ,駅,S,9,アカペラスタジオベースオントップ池袋東口店,〒171-0022 東京都豊島区南池袋２丁目２４-５ 加藤ビル B1,0,,池袋駅,323.0,ChIJdW2BUbCNGGARy5wf833k2cE,アカペラスタジオベースオントップ池袋東口店,4.3,15.0,1.0,OK,60.95,★4.3(+17pt) | 口コミ15件(+1pt) | 駅近500m以内 | 複数記事候補×5 | haversine:池袋駅(≤1200m)
池袋駅のレンタルダンススタジオおすすめ,駅,S,10,スタジオｉＤＣ,〒171-0014 東京都豊島区池袋２丁目４７-３ キウレイコンビル ４,0,,池袋駅,500.0,ChIJ2UKJGl6NGGAR565pzzX6-_U,スタジオｉＤＣ,4.2,18.0,1.0,OK,60.7,★4.2(+17pt) | 口コミ18件(+1pt) | 駅近500m以内 | 複数記事候補×5 | haversine:池袋駅(≤1200m)
池袋駅のレンタルダンススタジオおすすめ,駅,S,11,レンタルスタジオAivic池袋西口 レンタルスタジオAivic池袋西口,東京都豊島区西池袋3-23-8 平井ビル7階,0,,池袋駅,353.0,ChIJg88zWgCNGGARNBf3YX7tGTk,レンタルスタジオAivic池袋東口2号店,5.0,1.0,0.593,OK,59.05,★5.0(+20pt) | 口コミ1件(+0pt) | 駅近500m以内 | 複数記事候補×3 | haversine:池袋駅(≤1200m)
池袋駅のレンタルダンススタジオおすすめ,駅,S,12,スタジオジパング 池袋スタジオSTANDARD 7F/8F,〒171-0021 東京都豊島区西池袋３丁目２９-９ 8F Ｃ３ビル 7F,0,,池袋駅,449.0,ChIJn1U8l3mNGGARq1WTVN2lHOY,スタジオジパング 池袋スタジオSTANDARD 7F/8F,3.7,7.0,1.0,OK,58.15,★3.7(+15pt) | 口コミ7件(+0pt) | 駅近500m以内 | 複数記事候補×5 | haversine:池袋駅(≤1200m)
池袋駅のレンタルダンススタジオおすすめ,駅,S,13,レンタルスタジオSunny 池袋3号店,〒170-0013 東京都豊島区東池袋２丁目３９-２ マルミビル 2階 A号室,0,,池袋駅,979.0,ChIJbWshDfiNGGARZHoiyeh1j54,レンタルスタジオ Sunny 池袋店,4.9,29.0,0.941,OK,55.05,★4.9(+20pt) | 口コミ29件(+1pt) | 駅近1000m以内 | 複数記事候補×4 | haversine:池袋駅(≤1200m)
渋谷駅のレンタルダンススタジオおすすめ,駅,S,1,BUZZ渋谷MARKCITY,〒150-0043 東京都渋谷区道玄坂１丁目１７ 9BUZZビル,1,https://dance-studio-lab.com/room/MTJmOWU1NGQtYmViZC00YWEzLWI5Y2ItNGFhYzU3YTAyZTBk/detail,渋谷駅,437.0,ChIJfYAEdgKLGGARHbcNsyh2QfI,BUZZ渋谷MARKCITY,4.3,7.0,1.0,OK,162.55,提携 | ★4.3(+17pt) | 口コミ7件(+0pt) | 駅近500m以内 | 複数記事候補×6 | haversine:渋谷駅(≤1200m)
渋谷駅のレンタルダンススタジオおすすめ,駅,S,2,BUZZ渋谷TOWER,東京都渋谷区東2-27-9],1,https://dance-studio-lab.com/room/YWZmOTdhZGMtMjk1MC00ODljLWE2YWUtMDRjMGM5NTIxZTg2/detail,渋谷駅,437.0,ChIJQUYpSQCLGGARsF4hafI8N7A,BUZZ渋谷TOWER,3.9,9.0,1.0,OK,161.05,提携 | ★3.9(+16pt) | 口コミ9件(+0pt) | 駅近500m以内 | 複数記事候補×8 | haversine:渋谷駅(≤1200m)
渋谷駅のレンタルダンススタジオおすすめ,駅,S,3,BUZZ レンタルスタジオ 渋谷PARK店,〒150-0042 東京都渋谷区宇田川町１９-５,1,https://dance-studio-lab.com/room/YmNlM2RmNGMtNGI0Mi00ZTg4LTk4OTYtNjY4NWRiM2JmNzhm/detail,渋谷駅,448.0,ChIJj1Xu_r2NGGARdm3n9K-BDqY,BUZZ渋谷PARK,3.6,14.0,0.69,OK,160.1,提携 | ★3.6(+14pt) | 口コミ14件(+1pt) | 駅近500m以内 | 複数記事候補×8 | haversine:渋谷駅(≤1200m)
渋谷駅のレンタルダンススタジオおすすめ,駅,S,4,チェリッシュスタジオ1号館/6号館,東京都渋谷区円山町20-1 新大宗円山ビル別館3階,1,https://dance-studio-lab.com/room/Njc0MjgwMDUtMzBjZS00ZmU5LWFkNzgtYTE3Y2U5NDMyYmU0/detail,神泉駅,170.0,ChIJ4wfflFWLGGARbN_uIlPutlI,チェリッシュスタジオ１号館,3.7,29.0,0.867,OK,159.25,提携 | ★3.7(+15pt) | 口コミ29件(+1pt) | 駅近500m以内 | 複数記事候補×5 | haversine:渋谷駅(≤1200m)
渋谷駅のレンタルダンススタジオおすすめ,駅,S,5,チェリッシュスタジオ9号館,東京都渋谷区鶯谷町15-7 ライブリーYSビル6階,1,https://dance-studio-lab.com/room/NGU3OTQ4YzEtMzA3OS00NDc3LThjODQtYWFkMmUzMTE4ZmFm/detail,渋谷駅,423.0,ChIJ2Umz5_2LGGARzBCaEFk8wWE,チェリッシュスタジオ9号館,3.5,2.0,1.0,OK,159.1,提携 | ★3.5(+14pt) | 口コミ2件(+0pt) | 駅近500m以内 | 複数記事候補×6 | haversine:渋谷駅(≤1200m)
渋谷駅のレンタルダンススタジオおすすめ,駅,S,6,チェリッシュスタジオ5号館,東京都渋谷区道玄坂1-16-6 二葉ビル7D,1,https://dance-studio-lab.com/room/NTRjMDczNjgtY2EzMy00YjE4LWJlMjYtYmExOTZiYTBmZWZk/detail,渋谷駅,379.0,ChIJ__9rXFaLGGARXSVew3-Frrw,チェリッシュ５号館,3.6,16.0,0.818,OK,156.2,提携 | ★3.6(+14pt) | 口コミ16件(+1pt) | 駅近500m以内 | 複数記事候補×4 | haversine:渋谷駅(≤1200m)
渋谷駅のレンタルダンススタジオおすすめ,駅,S,7,ザ・スペース大久保南口,東京都渋谷区桜丘町29-17 さくらマンション205,1,https://dance-studio-lab.com/room/ZDRhYmIxMjgtNzhkMy00Yjk1LTk2MzItNTdiZWJmY2VkYWZk/detail,渋谷駅,515.0,ChIJ___v2VCLGGAR0z3eGgj4BjY,チェリッシュ4号館・8号館,3.9,30.0,0.0,OK,155.1,提携 | ★3.9(+16pt) | 口コミ30件(+2pt) | 駅近1000m以内 | 複数記事候補×6 | haversine:渋谷駅(≤1200m)
渋谷駅のレンタルダンススタジオおすすめ,駅,S,8,Rei Dance Collection 駅前校,〒150-0002 東京都渋谷区渋谷３丁目２８-７ 青ビル B1F,0,,渋谷駅,324.0,ChIJO-_Nh1aLGGARwLqUxvR0wFM,Rei Dance Collection 渋谷校,4.7,308.0,0.905,OK,78.8,★4.7(+19pt) | 口コミ308件(+15pt) | 駅近500m以内 | 複数記事候補×6 | haversine:渋谷駅(≤1200m)
渋谷駅のレンタルダンススタジオおすすめ,駅,S,9,JOINT STUDO Harajuku,〒150-0001 東京都渋谷区神宮前４丁目２９-９ Ondenビル B1,0,,原宿駅,400.0,ChIJ2Qjqh6OMGGARZ9XaSYgrKok,JOINT HARAJUKU Bar&Gallery,4.7,59.0,0.619,OK,66.75,★4.7(+19pt) | 口コミ59件(+3pt) | 駅近500m以内 | 複数記事候補×7 | haversine:渋谷駅(≤1200m)
渋谷駅のレンタルダンススタジオおすすめ,駅,S,10,タヒチアンダンススタジオ ライマーラマ表参道,〒150-0001 東京都渋谷区神宮前５丁目１３-１４,0,,表参道駅,493.0,ChIJsXnZT6GMGGAR0uM7dZxo6GE,タヒチアンダンススタジオ ライマーラマ表参道,5.0,10.0,1.0,OK,65.5,★5.0(+20pt) | 口コミ10件(+0pt) | 駅近500m以内 | 複数記事候補×7 | haversine:渋谷駅(≤1200m)
渋谷駅のレンタルダンススタジオおすすめ,駅,S,11,DANCE WORKS,〒150-0032 東京都渋谷区鶯谷町７-１０ ＮＭＤビル 2F-6F,0,,渋谷駅,447.0,ChIJE9h0frqLGGARZ1rSuNV-jlo,DANCE WORKS,4.4,50.0,1.0,OK,65.1,★4.4(+18pt) | 口コミ50件(+2pt) | 駅近500m以内 | 複数記事候補×6 | haversine:渋谷駅(≤1200m)
渋谷駅のレンタルダンススタジオおすすめ,駅,S,12,CARDIO BARRE SHIBUYA (カーディオ・バー 渋谷店),〒150-0002 東京都渋谷区渋谷１丁目１４-１１ BCサロン 地下１階,0,,渋谷駅,222.0,ChIJRUzsD8eLGGARfR8FT7WrT_M,CARDIO BARRE SHIBUYA (カーディオ・バー 渋谷店),4.6,26.0,1.0,OK,64.7,★4.6(+18pt) | 口コミ26件(+1pt) | 駅近500m以内 | 複数記事候補×7 | haversine:渋谷駅(≤1200m)
渋谷駅のレンタルダンススタジオおすすめ,駅,S,13,Rei Dance Collection 本校,〒150-0031 東京都渋谷区桜丘町２９-３５ パーソンズビル地下1階,0,,渋谷駅,409.0,ChIJk4hNJleLGGARp1ksd0cGaE4,Rei Dance Collection 本校（移転しました）,4.6,44.0,0.833,OK,63.6,★4.6(+18pt) | 口コミ44件(+2pt) | 駅近500m以内 | 複数記事候補×5 | haversine:渋谷駅(≤1200m)
渋谷駅のレンタルダンススタジオおすすめ,駅,S,14,BUZZ レンタルスタジオ 渋谷東口SQUARE店,〒150-0002 東京都渋谷区渋谷２丁目２２-８ 名取ビル 1F,0,,渋谷駅,177.0,ChIJ_39HhnqLGGARUr_1MK6C7Bc,BUZZ渋谷東口SQUARE,4.3,20.0,0.757,OK,63.2,★4.3(+17pt) | 口コミ20件(+1pt) | 駅近500m以内 | 複数記事候補×6 | haversine:渋谷駅(≤1200m)
秋葉原駅のレンタルダンススタジオおすすめ,駅,S,1,スタジオ五軒町／『鏡張り』の多目的に利用できる『防音』スタジオ,東京都千代田区外神田6-16-1,1,https://dance-studio-lab.com/room/ODZiZjA3NDItNjk4ZS00YjMxLWFjMGQtMGU5ZjVkZDg5OWQw/detail,湯島駅,308.0,ChIJqR_N5JuNGGARtspyhrGKB8M,スタジオ五軒町,4.9,18.0,0.368,OK,165.5,提携 | ★4.9(+20pt) | 口コミ18件(+1pt) | 駅近500m以内 | 複数記事候補×7 | haversine:秋葉原駅(≤1200m)
秋葉原駅のレンタルダンススタジオおすすめ,駅,S,2,レンタルスタジオAivic神田,"東京都千代田区神田紺屋町21 高山ビル101
",1,https://dance-studio-lab.com/room/MzE4YmJlMGMtZTc3Yy00OTIwLTg3ZTMtZDQxN2E4Yzc1YTFj/detail,神田駅,251.0,ChIJqW7MLwCNGGARxobNUNYiP5w,Aivicスペース神田,4.5,2.0,0.538,OK,161.1,提携 | ★4.5(+18pt) | 口コミ2件(+0pt) | 駅近500m以内 | 複数記事候補×5 | haversine:秋葉原駅(≤1200m)
秋葉原駅のレンタルダンススタジオおすすめ,駅,S,3,SPICYCANDY DANCESTUDIO,東京都台東区浅草橋4-2-8伊藤ビル1階,1,https://dance-studio-lab.com/room/NGFjMTNkYTgtNmQ4My00ZTgxLWI3ZmYtMjM4OGVjNDM4Yjk3/detail,浅草橋駅,341.0,ChIJb_joAnyPGGARY_blojM_gJM,【レンタルスタジオ】SPICY CANDY【ボディメイク】,4.0,1.0,0.408,OK,157.05,提携 | ★4.0(+16pt) | 口コミ1件(+0pt) | 駅近500m以内 | 複数記事候補×4 | haversine:秋葉原駅(≤1200m)
秋葉原駅のレンタルダンススタジオおすすめ,駅,S,4,BUZZ レンタルスタジオ 神田店,〒101-0047 東京都千代田区内神田２丁目９-９ 神田西口ビル B1F,1,https://dance-studio-lab.com/room/ODJkZDE5YzQtMTlhZS00NjNlLWJlZTQtNDA3NTU3MTQ5NDg5/detail,秋葉原駅,989.0,ChIJs4poIDGNGGARyb9k_Nit0LI,BUZZ神田,4.1,10.0,0.571,OK,154.9,提携 | ★4.1(+16pt) | 口コミ10件(+0pt) | 駅近1000m以内 | 複数記事候補×8 | haversine:秋葉原駅(≤1200m)
秋葉原駅のレンタルダンススタジオおすすめ,駅,S,5,ノアスタジオ 秋葉原店,〒101-0021 東京都千代田区外神田６丁目１４-８,0,,秋葉原駅,589.0,ChIJBYrhQR6MGGARzKASg6uMah0,サウンドスタジオノア 秋葉原店,4.3,470.0,0.667,OK,68.2,★4.3(+17pt) | 口コミ470件(+15pt) | 駅近1000m以内 | 複数記事候補×5 | haversine:秋葉原駅(≤1200m)
秋葉原駅のレンタルダンススタジオおすすめ,駅,S,6,バンドスタジオ ベースオントップ秋葉原昭和通り口店,〒101-0025 東京都千代田区神田佐久間町３丁目37-１ 文唱堂ビル B1F,0,,秋葉原駅,326.0,ChIJKYlSUGyPGGAReWy1AyFOtW4,バンドスタジオ ベースオントップ秋葉原昭和通り口店,4.4,53.0,1.0,OK,63.25,★4.4(+18pt) | 口コミ53件(+3pt) | 駅近500m以内 | 複数記事候補×5 | haversine:秋葉原駅(≤1200m)
秋葉原駅のレンタルダンススタジオおすすめ,駅,S,7,ミルクスタジオ,〒101-0021 東京都千代田区外神田３丁目３-５ ヨシヰビル,0,,秋葉原駅,467.0,ChIJq6qaLxyMGGARVy-sqEAphZ0,ミルクスタジオ,4.0,52.0,1.0,OK,61.6,★4.0(+16pt) | 口コミ52件(+3pt) | 駅近500m以内 | 複数記事候補×5 | haversine:秋葉原駅(≤1200m)
秋葉原駅のレンタルダンススタジオおすすめ,駅,S,8,秋葉原ブルーハス レンタルスタジオ,〒110-0006 東京都台東区秋葉原３-１０ 東京商会秋葉原ビルB1階,0,,秋葉原駅,393.0,ChIJi43K6wKPGGARn2_l0sFecn0,秋葉原ブルーハス レンタルスタジオ,4.0,2.0,1.0,OK,61.1,★4.0(+16pt) | 口コミ2件(+0pt) | 駅近500m以内 | 複数記事候補×6 | haversine:秋葉原駅(≤1200m)
秋葉原駅のレンタルダンススタジオおすすめ,駅,S,9,FunnyTips（ファニーティップス）,〒101-0021 東京都千代田区外神田５丁目５-７ パンセ秋葉原 B1F,0,,秋葉原駅,633.0,ChIJic3HKR6MGGARaMdPLHK5NOk,FunnyTips（ファニーティップス）,4.8,42.0,1.0,OK,59.3,★4.8(+19pt) | 口コミ42件(+2pt) | 駅近1000m以内 | 複数記事候補×6 | haversine:秋葉原駅(≤1200m)
秋葉原駅のレンタルダンススタジオおすすめ,駅,S,10,studio FANTO,〒101-0032 東京都千代田区岩本町３丁目１-９ NOVEL WORK Iwamotocho B1F,0,,秋葉原駅,478.0,ChIJM2hFfKmOGGARHHBTGy_ya8M,studio FANTO,5.0,1.0,1.0,OK,59.05,★5.0(+20pt) | 口コミ1件(+0pt) | 駅近500m以内 | 複数記事候補×3 | haversine:秋葉原駅(≤1200m)
秋葉原駅のレンタルダンススタジオおすすめ,駅,S,11,EyeCandyポールダンス秋葉原スタジオ,〒101-0021 東京都千代田区外神田２丁目１-１３,0,,秋葉原駅,544.0,ChIJVVWScByMGGAR2wqIlUMaJDo,EyeCandyポールダンス秋葉原スタジオ,4.9,51.0,1.0,OK,58.15,★4.9(+20pt) | 口コミ51件(+3pt) | 駅近1000m以内 | 複数記事候補×5 | haversine:秋葉原駅(≤1200m)
秋葉原駅のレンタルダンススタジオおすすめ,駅,S,12,ライトハウス神田,〒103-0021 東京都中央区日本橋本石町４丁目５-８,0,,東京駅,948.0,ChIJI4aZNSyNGGAR9cNcuc4jdMk,ライトハウス神田,5.0,1.0,1.0,OK,58.05,★5.0(+20pt) | 口コミ1件(+0pt) | 駅近1000m以内 | 複数記事候補×7 | haversine:秋葉原駅(≤1200m)
秋葉原駅のレンタルダンススタジオおすすめ,駅,S,13,ATHLETE Studio,〒101-0044 東京都千代田区鍛冶町１丁目８-１ SRビル 3F,0,,秋葉原駅,900.0,ChIJO5qIFvyNGGARKGkCGNWNc1I,ATHLETE Studio,5.0,1.0,1.0,OK,58.05,★5.0(+20pt) | 口コミ1件(+0pt) | 駅近1000m以内 | 複数記事候補×6 | haversine:秋葉原駅(≤1200m)
秋葉原駅のレンタルダンススタジオおすすめ,駅,S,14,レンタルスタジオALOALO,〒110-0016 東京都台東区台東４丁目３１-５ オリオンビル B1,0,,上野駅,717.0,ChIJq4jUEYqPGGARncRj9aiU11U,レンタルスタジオALOALO,5.0,1.0,1.0,OK,58.05,★5.0(+20pt) | 口コミ1件(+0pt) | 駅近1000m以内 | 複数記事候補×6 | haversine:秋葉原駅(≤1200m)
中野駅のレンタルダンススタジオおすすめ,駅,A,1,Dubway レンタルスタジオ中野,東京都中野区5-32-6 城西ビルB02,1,https://dance-studio-lab.com/room/MzFmYWU5ZjgtNmM0NC00MDYzLTljOGUtMjFlZDI1MmVhMDE5/detail,中野駅,167.0,ChIJ21QXDnjzGGARiL1yJ3naUQA,Dubway Dance Studio中野,5.0,1.0,0.457,OK,155.05,提携 | ★5.0(+20pt) | 口コミ1件(+0pt) | 駅近500m以内 | 複数記事候補×6 | haversine:中野駅(≤1200m)
中野駅のレンタルダンススタジオおすすめ,駅,A,2,Rinky Dink Studio 中野店,〒164-0001 東京都中野区中野２丁目２５-２ トビタビル ２階,0,,中野駅,133.0,ChIJEXgrDJTyGGARy4nWWYV_3Z4,Rinky Dink Studio 中野店,4.3,60.0,1.0,OK,53.2,★4.3(+17pt) | 口コミ60件(+3pt) | 駅近500m以内 | 複数記事候補×5 | haversine:中野駅(≤1200m)
中野駅のレンタルダンススタジオおすすめ,駅,A,3,中野 レンタルスタジオ オドリバ,〒164-0001 東京都中野区中野５丁目３２-６ 中野城西ビル B-7号室,0,,中野駅,163.0,ChIJAdEgIb_zGGARKKe68JFQG1E,中野 レンタルスタジオ オドリバ,5.0,2.0,1.0,OK,53.1,★5.0(+20pt) | 口コミ2件(+0pt) | 駅近500m以内 | 複数記事候補×5 | haversine:中野駅(≤1200m)
中野駅のレンタルダンススタジオおすすめ,駅,A,4,ノアスタジオ 中野店,"〒164-0001 東京都中野区中野３丁目３９-２, Nakano Noah Building, B1",0,,中野駅,231.0,ChIJaTG8cDTzGGARLDe5KZGdFKg,ノアスタジオ 中野店,4.5,24.0,1.0,OK,52.2,★4.5(+18pt) | 口コミ24件(+1pt) | 駅近500m以内 | 複数記事候補×5 | haversine:中野駅(≤1200m)
中野駅のレンタルダンススタジオおすすめ,駅,A,5,中野ロフトスタジオ～nakano f～,〒164-0001 東京都中野区中野５丁目４６-１０,0,,中野駅,294.0,ChIJl6Pr4ZbyGGARXRLXIUd2soI,レンタルスタジオ＆スペース nakano f,3.9,40.0,0.579,OK,50.6,★3.9(+16pt) | 口コミ40件(+2pt) | 駅近500m以内 | 複数記事候補×5 | haversine:中野駅(≤1200m)
中野駅のレンタルダンススタジオおすすめ,駅,A,6,株式会社ZERO CREATION（Dance Studio FOCUS）,〒166-0003 東京都杉並区高円寺南５丁目３５-１５,0,,中野駅,718.0,ChIJe_k8Co_yGGAR32iwwt2rny8,株式会社ZERO CREATION（Dance Studio FOCUS）,4.5,8.0,1.0,OK,44.4,★4.5(+18pt) | 口コミ8件(+0pt) | 駅近1000m以内 | 複数記事候補×5 | haversine:中野駅(≤1200m)
中野駅のレンタルダンススタジオおすすめ,駅,A,7,高円寺・中野レンタルダンススタジオEmotions,〒166-0002 東京都杉並区高円寺北１丁目３-２,0,,中野駅,971.0,ChIJYZ8gqojyGGAR3vW-vsMQJdU,高円寺・中野レンタルダンススタジオ - EMOTIONS,4.3,10.0,1.0,OK,43.7,★4.3(+17pt) | 口コミ10件(+0pt) | 駅近1000m以内 | 複数記事候補×5 | haversine:中野駅(≤1200m)
中野駅のレンタルダンススタジオおすすめ,駅,A,8,レンタルスタジオ スタジオサイ,〒165-0026 東京都中野区新井１丁目１-５,0,,中野駅,594.0,ChIJQXzzv5fyGGARihRj_FNvZvU,レンタルスタジオ スタジオサイ,3.3,3.0,1.0,OK,37.35,★3.3(+13pt) | 口コミ3件(+0pt) | 駅近1000m以内 | 複数記事候補×4 | haversine:中野駅(≤1200m)
中野駅のレンタルダンススタジオおすすめ,駅,A,9,スタジオ響,〒164-0002 東京都中野区上高田３丁目３８-１１ 響ＳＯＵ,0,,中野駅,1168.0,ChIJj_4tcqLyGGARBKKZy_31-7Q,スタジオ響,5.0,6.0,1.0,OK,36.3,★5.0(+20pt) | 口コミ6件(+0pt) | 複数記事候補×4 | haversine:中野駅(≤1200m)
中野駅のレンタルダンススタジオおすすめ,駅,A,10,中野 ガーデン レンタルスタジオ,〒165-0026 東京都中野区新井１丁目１２-５ ＮＳフラッツ B1階,0,,中野駅,581.0,ChIJM9gd8pnyGGARt_-Z_RVfEf4,中野 ガーデン レンタルスタジオ,3.0,2.0,1.0,OK,36.1,★3.0(+12pt) | 口コミ2件(+0pt) | 駅近1000m以内 | 複数記事候補×4 | haversine:中野駅(≤1200m)
中野駅のレンタルダンススタジオおすすめ,駅,A,11,ソニズレンタルスタジオ東高円寺店,〒166-0003 東京都杉並区高円寺南１丁目６-５ 高円寺サマリヤマンション 松屋の隣,0,,中野駅,1075.0,ChIJucEnMo3yGGARralFSa0f4Pc,ソニズダンススタジオ東高円寺店,4.2,12.0,0.839,OK,35.4,★4.2(+17pt) | 口コミ12件(+1pt) | 複数記事候補×5 | haversine:中野駅(≤1200m)
中野駅のレンタルダンススタジオおすすめ,駅,A,12,ソニズレンタルスタジオ新中野鍋横店,〒164-0011 東京都中野区中央３丁目３４-３ B1階,0,,中野駅,1004.0,ChIJ13npBcLyGGAR9dvQSxedmvI,ソニズダンススタジオ新中野鍋横第1・第3,4.5,4.0,0.722,OK,34.2,★4.5(+18pt) | 口コミ4件(+0pt) | 複数記事候補×4 | haversine:中野駅(≤1200m)
中野駅のレンタルダンススタジオおすすめ,駅,A,13,高円寺 フェニックス レンタルスタジオ,〒166-0003 東京都杉並区高円寺南２丁目５３-１,0,,中野駅,1189.0,ChIJYz68KUbuGGARvaEAMrRdhMs,高円寺フェニックススタジオ,3.0,1.0,0.867,OK,30.05,★3.0(+12pt) | 口コミ1件(+0pt) | 複数記事候補×5 | haversine:中野駅(≤1200m)
中野駅のレンタルダンススタジオおすすめ,駅,A,14,高円寺フェニックススタジオ,〒166-0003 東京都杉並区５３ 高円寺南2-53-1 FLAT・KOU1階,0,,中野駅,1193.0,ChIJYz68KUbuGGARvaEAMrRdhMs,高円寺フェニックススタジオ,3.0,1.0,1.0,OK,30.05,★3.0(+12pt) | 口コミ1件(+0pt) | 複数記事候補×5 | haversine:中野駅(≤1200m)
中野駅のレンタルダンススタジオおすすめ,駅,A,15,レンタルスタジオ HIKARI 東高円寺,〒166-0012 東京都杉並区和田３丁目５９-１０ エレガンス東高円寺 101号室,0,,中野駅,1083.0,ChIJ5WFHNAXzGGAROtAKOzVIjKc,レンタルスタジオ HIKARI 東高円寺,1.0,1.0,1.0,OK,22.05,★1.0(+4pt) | 口コミ1件(+0pt) | 複数記事候補×5 | haversine:中野駅(≤1200m)
五反田駅のレンタルダンススタジオおすすめ,駅,A,1,Hidemi Dancing Vida,〒141-0021 東京都品川区上大崎２丁目１０-３２ フラワープラザビル 202,0,,目黒駅,198.0,ChIJPdLyWLaLGGARzgxvrSQdmFY,Hidemi Dancing Vida,5.0,3.0,1.0,OK,55.15,★5.0(+20pt) | 口コミ3件(+0pt) | 駅近500m以内 | 複数記事候補×6 | haversine:五反田駅(≤1200m)
五反田駅のレンタルダンススタジオおすすめ,駅,A,2,Pole and Aerial Studio POLISH五反田,〒141-0031 東京都品川区西五反田１丁目５-２ トラヤビル 7階,0,,五反田駅,112.0,ChIJ9VJuw4qLGGARkreStlp-krQ,Pole and Aerial Studio POLISH五反田,4.9,9.0,1.0,OK,55.05,★4.9(+20pt) | 口コミ9件(+0pt) | 駅近500m以内 | 複数記事候補×6 | haversine:五反田駅(≤1200m)
五反田駅のレンタルダンススタジオおすすめ,駅,A,3,スタジオペンタ五反田店,〒141-0022 東京都品川区東五反田１丁目１２-９,0,,五反田駅,169.0,ChIJbRmGovuKGGARsy9zFDawRZg,スタジオペンタ五反田店,4.1,50.0,1.0,OK,53.9,★4.1(+16pt) | 口コミ50件(+2pt) | 駅近500m以内 | 複数記事候補×6 | haversine:五反田駅(≤1200m)
五反田駅のレンタルダンススタジオおすすめ,駅,A,4,SoyLatte STUDIO,〒141-0031 東京都品川区西五反田２丁目１７-８ 管野ビル ３F,0,,五反田駅,203.0,ChIJw4kYxOyLGGARVxry0E8g15Q,SoyLatte STUDIO,4.0,4.0,1.0,OK,51.2,★4.0(+16pt) | 口コミ4件(+0pt) | 駅近500m以内 | 複数記事候補×6 | haversine:五反田駅(≤1200m)
五反田駅のレンタルダンススタジオおすすめ,駅,A,5,池田山ノブレスレンタルスタジオ（五反田駅）,〒141-0022 東京都品川区東五反田５丁目２４-７ ノブレス池田山 B1階,0,,五反田駅,120.0,ChIJ8WVlHpmLGGARy3GuR7LmRt4,池田山ノブレスレンタルスタジオ（五反田駅）,3.7,3.0,1.0,OK,49.95,★3.7(+15pt) | 口コミ3件(+0pt) | 駅近500m以内 | 複数記事候補×6 | haversine:五反田駅(≤1200m)
五反田駅のレンタルダンススタジオおすすめ,駅,A,6,studio501,〒141-0032 東京都品川区大崎５丁目４-１２ 八重苅ビル,0,,大崎駅,429.0,ChIJq6pe6_CKGGARTzdo7YzRf-Y,studio501,4.0,17.0,1.0,OK,49.85,★4.0(+16pt) | 口コミ17件(+1pt) | 駅近500m以内 | 複数記事候補×5 | haversine:五反田駅(≤1200m)
五反田駅のレンタルダンススタジオおすすめ,駅,A,7,スタジオ エモーティフ,〒141-0031 東京都品川区西五反田５丁目２２-５ 藤ハイム B1F,0,,五反田駅,911.0,ChIJlU9qWhGLGGARHFF5I_V9dZQ,スタジオ エモーティフ,4.3,3.0,1.0,OK,43.35,★4.3(+17pt) | 口コミ3件(+0pt) | 駅近1000m以内 | 複数記事候補×5 | haversine:五反田駅(≤1200m)
五反田駅のレンタルダンススタジオおすすめ,駅,A,8,ピアノスタジオノア 不動前店,〒141-0031 東京都品川区西五反田４丁目３２-１４,0,,五反田駅,878.0,ChIJp6-LcCmLGGARjwEYTwAdBjU,ピアノスタジオノア 不動前店,4.1,7.0,1.0,OK,42.75,★4.1(+16pt) | 口コミ7件(+0pt) | 駅近1000m以内 | 複数記事候補×5 | haversine:五反田駅(≤1200m)
五反田駅のレンタルダンススタジオおすすめ,駅,A,9,スタジオM,〒141-0032 東京都品川区大崎２丁目７-２,0,,大崎駅,325.0,ChIJgcZBm_OKGGARrhfkUFr77-4,スタジオM,,,1.0,OK,,★nan(+nanpt) | 駅近500m以内 | 複数記事候補×3 | haversine:五反田駅(≤1200m)
五反田駅のレンタルダンススタジオおすすめ,駅,A,10,フラメンコスタジオアスール,〒141-0022 東京都品川区東五反田１丁目１８-４ B1 ＧＴＤイーストビル,0,,五反田駅,277.0,ChIJn96g0_uKGGAR8iTKcyhLeVY,フラメンコスタジオアスール,,,1.0,OK,,★nan(+nanpt) | 駅近500m以内 | 複数記事候補×5 | haversine:五反田駅(≤1200m)
五反田駅のレンタルダンススタジオおすすめ,駅,A,11,Studio Bis,〒141-0031 東京都品川区西五反田２丁目１０-８ ドルミ五反田ドゥメゾン 3階,0,,五反田駅,246.0,ChIJAQCwROOKGGARAIn7cNhQfpE,Studio Bis,,,1.0,OK,,★nan(+nanpt) | 駅近500m以内 | 複数記事候補×6 | haversine:五反田駅(≤1200m)
代々木駅のレンタルダンススタジオおすすめ,駅,A,1,Studio-Bio,東京都渋谷区千駄ヶ谷3−41−12　シャトル千駄ヶ谷B1(地下),1,https://dance-studio-lab.com/room/MTI3NDc3MzgtMTBhMy00NGY2LWE3MGQtZmM5YzdiYjVmNzM2/detail,北参道駅,48.0,ChIJeSg5VJWNGGARIJQppzQUS9Q,レンタルダンススタジオ『Studio-Bio北参道』,5.0,5.0,0.529,OK,155.25,提携 | ★5.0(+20pt) | 口コミ5件(+0pt) | 駅近500m以内 | 複数記事候補×8 | haversine:代々木駅(≤1200m)
代々木駅のレンタルダンススタジオおすすめ,駅,A,2,BEATs レンタルスタジオ ビーツ,東京都渋谷区代々木1-42-2 藤ビル2階,1,https://dance-studio-lab.com/room/ZWU0MDNlZTUtMDE1Zi00NDcyLWFjZjgtZTAzNzUzZTAwMzNj/detail,代々木駅,259.0,ChIJhZZQrOqNGGARrlbzob-uRo4,RENTAL STUDIO BEATs,5.0,1.0,0.303,OK,155.05,提携 | ★5.0(+20pt) | 口コミ1件(+0pt) | 駅近500m以内 | 複数記事候補×6 | haversine:代々木駅(≤1200m)
代々木駅のレンタルダンススタジオおすすめ,駅,A,3,Hina STUDIO(ヒナスタジオ)【新宿西口スタジオ】,東京都新宿区西新宿7-10-12　ダイハンビルデンス4階,1,https://dance-studio-lab.com/room/ZDEyOTIyNTctYjUwOC00ZTY3LTgxMWYtYTI0MzhkNDg4OGNj/detail,新宿西口駅,136.0,ChIJgYmjocKNGGARlnVYKBAmz6w,Hina STUDIO（ヒナスタジオ） 新宿西口,4.6,10.0,0.8,OK,151.9,提携 | ★4.6(+18pt) | 口コミ10件(+0pt) | 駅近500m以内 | 複数記事候補×5 | candidate_station_fallback:代々木駅
代々木駅のレンタルダンススタジオおすすめ,駅,A,4,THビル貸し会議室 レンタルスタジオ,〒151-0053 東京都渋谷区代々木２丁目４-１ Thビル,1,https://dance-studio-lab.com/room/ZGYxYjYyNDgtMDEzOC00MjZhLTgyZDctODZlMDViYTQ0NDgy/detail,新宿駅,451.0,ChIJGb3dtiaNGGAR08--7YnH1VM,THビル貸し会議室 レンタルスタジオ,3.6,5.0,1.0,OK,149.65,提携 | ★3.6(+14pt) | 口コミ5件(+0pt) | 駅近500m以内 | 複数記事候補×8 | haversine:代々木駅(≤1200m)
代々木駅のレンタルダンススタジオおすすめ,駅,A,5,スタジオインディ 新宿店,〒160-0022 東京都新宿区新宿３丁目２２番１１号 新宿ＲＳビル ６階,0,,新宿駅,289.0,ChIJ7_e-EtyMGGARWGKDmmfWr08,就活写真のスタジオインディ 新宿店,4.9,3522.0,0.815,OK,69.6,★4.9(+20pt) | 口コミ3522件(+15pt) | 駅近500m以内 | 複数記事候補×6 | haversine:代々木駅(≤1200m)
代々木駅のレンタルダンススタジオおすすめ,駅,A,6,ノアスタジオ 新宿１号店,〒160-0023 東京都新宿区西新宿１丁目３-１４,0,,新宿駅,319.0,ChIJEZGmV9aMGGARGzRgLKl6a4g,ノアスタジオ 新宿１号店,4.0,205.0,1.0,OK,61.25,★4.0(+16pt) | 口コミ205件(+10pt) | 駅近500m以内 | 複数記事候補×6 | haversine:代々木駅(≤1200m)
代々木駅のレンタルダンススタジオおすすめ,駅,A,7,Ｍ＆Ｓダンススタジオ,〒151-0051 東京都渋谷区千駄ケ谷５丁目１１-１３ 俳協ビル B1,0,,代々木駅,374.0,ChIJrVj9y8aMGGARJBeql2jnF8A,Ｍ＆Ｓダンススタジオ,5.0,1.0,1.0,OK,55.05,★5.0(+20pt) | 口コミ1件(+0pt) | 駅近500m以内 | 複数記事候補×7 | haversine:代々木駅(≤1200m)
代々木駅のレンタルダンススタジオおすすめ,駅,A,8,CARDIO BARRE SHINJUKU (カーディオ・バー 新宿店),〒160-0022 東京都新宿区新宿４丁目２-１６ パシフィックマークス新宿サウスゲート 2階,0,,新宿駅,351.0,ChIJcyHn8LbzGGARqB7CA3R_P-E,CARDIO BARRE SHINJUKU (カーディオ・バー 新宿店),4.6,19.0,1.0,OK,54.35,★4.6(+18pt) | 口コミ19件(+1pt) | 駅近500m以内 | 複数記事候補×6 | haversine:代々木駅(≤1200m)
代々木駅のレンタルダンススタジオおすすめ,駅,A,9,ノアスタジオ代々木店,〒151-0051 東京都渋谷区千駄ケ谷４丁目２４-１９,0,,代々木駅,452.0,ChIJfexmTceMGGARnOOEE8vdLYM,ノアスタジオ代々木店,4.0,39.0,1.0,OK,52.95,★4.0(+16pt) | 口コミ39件(+2pt) | 駅近500m以内 | 複数記事候補×6 | haversine:代々木駅(≤1200m)
代々木駅のレンタルダンススタジオおすすめ,駅,A,10,studio worcle yoyogi,〒151-0053 東京都渋谷区代々木１丁目３６-１２ 2F,0,,代々木駅,141.0,ChIJ3xXb2DKNGGARpoizKJGb9Rw,studio worcle yoyogi,3.9,10.0,1.0,OK,51.1,★3.9(+16pt) | 口コミ10件(+0pt) | 駅近500m以内 | 複数記事候補×7 | haversine:代々木駅(≤1200m)
代々木駅のレンタルダンススタジオおすすめ,駅,A,11,BUZZ レンタルスタジオ新宿4丁目店,〒160-0022 東京都新宿区新宿４丁目２-２１ 相模ビル B1F,0,,新宿駅,355.0,ChIJa4diAY2NGGARk0Jf77DxZHU,BUZZ新宿4丁目,3.5,10.0,0.667,OK,49.5,★3.5(+14pt) | 口コミ10件(+0pt) | 駅近500m以内 | 複数記事候補×6 | haversine:代々木駅(≤1200m)
代々木駅のレンタルダンススタジオおすすめ,駅,A,12,DL Studio,〒151-0053 東京都渋谷区代々木１丁目４５-４ 地下2階 代々木山陽ビル,0,,代々木駅,356.0,ChIJAQCk2s6MGGAR5Q-z8bDSvq0,DL Studio,3.6,10.0,1.0,OK,47.9,★3.6(+14pt) | 口コミ10件(+0pt) | 駅近500m以内 | 複数記事候補×5 | haversine:代々木駅(≤1200m)
八王子駅のレンタルダンススタジオおすすめ,駅,A,1,ダンススタジオ ability,〒192-0066 東京都八王子市本町２４-８ クラフトビル 1F,0,,八王子駅,981.0,ChIJB2ZaTXgfGWARLCIthODD-5Y,ブレイクダンス スタジオ アビリティ,5.0,204.0,0.467,OK,54.2,★5.0(+20pt) | 口コミ204件(+10pt) | 駅近1000m以内 | 複数記事候補×4 | haversine:八王子駅(≤1200m)
八王子駅のレンタルダンススタジオおすすめ,駅,A,2,カミヤマダンススタジオ,〒192-0046 東京都八王子市明神町４丁目６-２ 山口ビル 2F,0,,八王子駅,481.0,ChIJZ40NXd4dGWARdbOvgFiFmhk,カミヤマダンススタジオ,5.0,2.0,1.0,OK,53.1,★5.0(+20pt) | 口コミ2件(+0pt) | 駅近500m以内 | 複数記事候補×5 | haversine:八王子駅(≤1200m)
八王子駅のレンタルダンススタジオおすすめ,駅,A,3,レンタルダンススタジオTerrace八王子,〒192-0085 東京都八王子市中町６-６ 店舗（旧 川和ビル 3階,0,,八王子駅,412.0,ChIJ0UdPTrUdGWARYu_2IXJLS20,レンタルダンススタジオTerrace八王子,5.0,2.0,1.0,OK,53.1,★5.0(+20pt) | 口コミ2件(+0pt) | 駅近500m以内 | 複数記事候補×5 | haversine:八王子駅(≤1200m)
八王子駅のレンタルダンススタジオおすすめ,駅,A,4,Risley八王子店,〒192-0085 東京都八王子市中町７-１１ 福島ビル B1,0,,八王子駅,402.0,ChIJPSUYVowdGWARjL_Nu7S9-w4,Risley八王子店,4.4,19.0,1.0,OK,51.55,★4.4(+18pt) | 口コミ19件(+1pt) | 駅近500m以内 | 複数記事候補×5 | haversine:八王子駅(≤1200m)
八王子駅のレンタルダンススタジオおすすめ,駅,A,5,SHAKE DANCE STUDIO 八王子校,〒192-0081 東京都八王子市横山町５-１４ ｗｉｌｌＤｏ八王子,0,,八王子駅,405.0,ChIJfeKgkNgdGWAR6WQQ2vgaViE,SHAKE DANCE STUDIO 八王子校,4.0,10.0,1.0,OK,49.5,★4.0(+16pt) | 口コミ10件(+0pt) | 駅近500m以内 | 複数記事候補×5 | haversine:八王子駅(≤1200m)
八王子駅のレンタルダンススタジオおすすめ,駅,A,6,イシカワヒロユキダンススタジオ,〒192-0081 東京都八王子市横山町３-６,0,,八王子駅,437.0,ChIJP0FCu9gdGWARvT17OO32eQc,イシカワヒロユキダンススタジオ,3.3,3.0,1.0,OK,46.35,★3.3(+13pt) | 口コミ3件(+0pt) | 駅近500m以内 | 複数記事候補×5 | haversine:八王子駅(≤1200m)
八王子駅のレンタルダンススタジオおすすめ,駅,A,7,BUZZ レンタルスタジオ八王子店,〒192-0082 東京都八王子市東町１１-３ センチュリーステーションビル B1,0,,八王子駅,264.0,ChIJH-b8m34dGWARfjPtVHs9ncY,BUZZ八王子,2.7,7.0,0.609,OK,44.15,★2.7(+11pt) | 口コミ7件(+0pt) | 駅近500m以内 | 複数記事候補×5 | haversine:八王子駅(≤1200m)
八王子駅のレンタルダンススタジオおすすめ,駅,A,8,八王子フラスタジオ Mauna leo（マウナレオ）,〒192-0046 東京都八王子市明神町２丁目10-１０ 3階,0,,八王子駅,907.0,ChIJ_dKNWhsdGWARpA4bTnxu7Vo,八王子フラスタジオ Mauna leo（マウナレオ）,5.0,1.0,1.0,OK,44.05,★5.0(+20pt) | 口コミ1件(+0pt) | 駅近1000m以内 | 複数記事候補×4 | haversine:八王子駅(≤1200m)
八王子駅のレンタルダンススタジオおすすめ,駅,A,9,FANTASY DANCE SCHOOL 八王子店,〒192-0904 東京都八王子市子安町１丁目２６-１４ 26-14 301,0,,八王子駅,389.0,ChIJ9f44NXsdGWAR0njJi8zKz68,FANTASY DANCE SCHOOL 八王子店,2.7,3.0,1.0,OK,43.95,★2.7(+11pt) | 口コミ3件(+0pt) | 駅近500m以内 | 複数記事候補×5 | haversine:八王子駅(≤1200m)
八王子駅のレンタルダンススタジオおすすめ,駅,A,10,ＤＡＮＣＥＳＴＵＤＩＯ・ＢＩＮＧＯ,〒192-0083 東京都八王子市旭町１３-２５,0,,八王子駅,297.0,ChIJ8Z6jnN4dGWARSS7sVYxZLLw,ＤＡＮＣＥＳＴＵＤＩＯ・ＢＩＮＧＯ,3.0,1.0,1.0,OK,41.05,★3.0(+12pt) | 口コミ1件(+0pt) | 駅近500m以内 | 複数記事候補×3 | haversine:八王子駅(≤1200m)
八王子駅のレンタルダンススタジオおすすめ,駅,A,11,studio KAJIMAYA,〒192-0074 東京都八王子市天神町２１-２,0,,八王子駅,800.0,ChIJdbQHLgMfGWAR0-NerqFXYTo,studio KAJIMAYA,4.4,5.0,1.0,OK,37.85,★4.4(+18pt) | 口コミ5件(+0pt) | 駅近1000m以内 | 複数記事候補×2 | haversine:八王子駅(≤1200m)
八王子駅のレンタルダンススタジオおすすめ,駅,A,12,SK,〒192-0902 東京都八王子市上野町１７-５,0,,八王子駅,927.0,ChIJS4h369UdGWARiCLTlYuqHuk,SK ダンススタジオ,4.2,5.0,0.364,OK,37.05,★4.2(+17pt) | 口コミ5件(+0pt) | 駅近1000m以内 | 複数記事候補×2 | haversine:八王子駅(≤1200m)
八王子駅のレンタルダンススタジオおすすめ,駅,A,13,レンタルスタジオ REBRI,〒192-0085 東京都八王子市中町７-７ ニシカワビル 5F,0,,八王子駅,449.0,ChIJAQBkCNgdGWAR0fVgyX8o_bU,レンタルスタジオ REBRI,1.0,1.0,1.0,OK,37.05,★1.0(+4pt) | 口コミ1件(+0pt) | 駅近500m以内 | 複数記事候補×5 | haversine:八王子駅(≤1200m)
八王子駅のレンタルダンススタジオおすすめ,駅,A,14,スタジオ カノン 東町店,〒184-0011 東京都八王子市東町２丁目９ ムジカ八王子ビル,0,,八王子駅,355.0,ChIJGTpvRLjvGGAR5VBuMw1egmM,スタジオ カノン 東町店,,,1.0,OK,,★nan(+nanpt) | 駅近500m以内 | 複数記事候補×5 | haversine:八王子駅(≤1200m)
六本木駅のレンタルダンススタジオおすすめ,駅,A,1,BUZZ レンタルスタジオ 六本木店,〒106-0032 東京都港区六本木４丁目５-７ スタジオＤ 地下1階,1,https://dance-studio-lab.com/room/MGYxY2IwOWYtNDQ4ZS00MmEyLTliYTAtNzg1YjUyOTA0OTlj/detail,六本木駅,269.0,ChIJYSonz5WLGGARQ_tWA-7sdLs,BUZZ六本木,4.3,6.0,0.609,OK,152.5,提携 | ★4.3(+17pt) | 口コミ6件(+0pt) | 駅近500m以内 | 複数記事候補×6 | haversine:六本木駅(≤1200m)
六本木駅のレンタルダンススタジオおすすめ,駅,A,2,チェリッシュスタジオ11号館/12号館/13号館/14号館,東京都港区西麻布-2-21-22 WEST麻布2791ビル2階,1,https://dance-studio-lab.com/room/ZmMxMTg1ZGQtMjUyZS00NjZlLWE3YzMtZjllNWM1N2JhNTdj/detail,表参道駅,809.0,ChIJT9aA3cqLGGARWLJ9gelXaKA,チェリッシュスタジオ11号館・12号館・13号館・14号館,3.8,8.0,0.945,OK,141.6,提携 | ★3.8(+15pt) | 口コミ8件(+0pt) | 駅近1000m以内 | 複数記事候補×5 | haversine:六本木駅(≤1200m)
六本木駅のレンタルダンススタジオおすすめ,駅,A,3,Irodori麻布十番,〒106-0045 東京都港区麻布十番１丁目５-１ ＹＫビル 4F,0,,麻布十番駅,386.0,ChIJRZ-hD1OLGGARe7zo7aag8zM,レンタルスタジオStudioIrodori麻布十番4F,5.0,4.0,0.579,OK,55.2,★5.0(+20pt) | 口コミ4件(+0pt) | 駅近500m以内 | 複数記事候補×6 | haversine:六本木駅(≤1200m)
六本木駅のレンタルダンススタジオおすすめ,駅,A,4,Pole and Aerial Studio POLISH六本木,〒106-0032 東京都港区六本木７丁目１２-３,0,,六本木駅,187.0,ChIJOWZUq3mLGGAR7divxhF0GsQ,Pole and Aerial Studio POLISH六本木,4.8,52.0,1.0,OK,54.8,★4.8(+19pt) | 口コミ52件(+3pt) | 駅近500m以内 | 複数記事候補×5 | haversine:六本木駅(≤1200m)
六本木駅のレンタルダンススタジオおすすめ,駅,A,5,六本木 レンタルスタジオ 十五夜,〒106-0032 東京都港区六本木５丁目１０-３２ 第一アイトービル別館2F,0,,六本木駅,303.0,ChIJJ-9tkZ2LGGARBFB6BgpZNPc,六本木 レンタルスタジオ 十五夜,5.0,5.0,1.0,OK,53.25,★5.0(+20pt) | 口コミ5件(+0pt) | 駅近500m以内 | 複数記事候補×5 | haversine:六本木駅(≤1200m)
六本木駅のレンタルダンススタジオおすすめ,駅,A,6,Z-RAHZ DANCE STUDIO,〒106-0046 東京都港区元麻布１丁目２-２,0,,麻布十番駅,192.0,ChIJJZV3JXeLGGARMdTID7-byWQ,Z-RAHZ DANCE STUDIO,4.5,4.0,1.0,OK,53.2,★4.5(+18pt) | 口コミ4件(+0pt) | 駅近500m以内 | 複数記事候補×6 | haversine:六本木駅(≤1200m)
六本木駅のレンタルダンススタジオおすすめ,駅,A,7,六本木 フォルトゥーナ,〒106-0032 東京都港区六本木７丁目１２-２３ フォルトゥーナビル 3A,0,,六本木駅,236.0,ChIJbReqqnmLGGARiPjBdJILXdM,六本木 フォルトゥーナ,5.0,2.0,1.0,OK,53.1,★5.0(+20pt) | 口コミ2件(+0pt) | 駅近500m以内 | 複数記事候補×5 | haversine:六本木駅(≤1200m)
六本木駅のレンタルダンススタジオおすすめ,駅,A,8,FEELCYCLE 六本木,〒106-0032 東京都港区六本木６丁目４-１ ヒルズ ハリウッドプラザ 3F,0,,六本木駅,198.0,ChIJ-TaDl3eLGGARqoVQ1Ws5f9I,FEELCYCLE 六本木,3.7,48.0,1.0,OK,50.2,★3.7(+15pt) | 口コミ48件(+2pt) | 駅近500m以内 | 複数記事候補×5 | haversine:六本木駅(≤1200m)
六本木駅のレンタルダンススタジオおすすめ,駅,A,9,赤坂茜山スタジオ,〒107-0052 東京都港区赤坂２丁目２１-１ 川本ビル Ｂ１Ｆ,0,,赤坂駅,502.0,ChIJV-0QFYSLGGARtT2kgYaP41k,赤坂茜山スタジオ,4.7,7.0,1.0,OK,45.15,★4.7(+19pt) | 口コミ7件(+0pt) | 駅近1000m以内 | 複数記事候補×5 | haversine:六本木駅(≤1200m)
六本木駅のレンタルダンススタジオおすすめ,駅,A,10,STUDIO TRON,"〒106-0031 東京都港区西麻布３丁目１７-１１ B1F,1F TRONビル",0,,六本木駅,688.0,ChIJg41-3nCLGGARGP-Y9KSNqxU,STUDIO TRON,5.0,2.0,1.0,OK,44.1,★5.0(+20pt) | 口コミ2件(+0pt) | 駅近1000m以内 | 複数記事候補×4 | haversine:六本木駅(≤1200m)
六本木駅のレンタルダンススタジオおすすめ,駅,A,11,KaQiLa～カキラ～スタジオ／株式会社キッズ・カンパニー,〒106-0032 東京都港区六本木２丁目４-９ アソルティー六本木一丁目６Ｆ,0,,六本木駅,566.0,ChIJuX4pW4OLGGAR9Uh1csZyMT4,㈱キッズ･カンパニー,5.0,1.0,0.421,OK,44.05,★5.0(+20pt) | 口コミ1件(+0pt) | 駅近1000m以内 | 複数記事候補×4 | haversine:六本木駅(≤1200m)
六本木駅のレンタルダンススタジオおすすめ,駅,A,12,STUDIO SPACE COREDO NOGIZAKA｜スタジオスペース コレド 乃木坂,〒107-0052 東京都港区赤坂９丁目６-４１ B1,0,,青山一丁目駅,578.0,ChIJX9EYjn6LGGARopZwVj8XD5Q,BAR COREDO 乃木坂,4.1,11.0,0.385,OK,40.95,★4.1(+16pt) | 口コミ11件(+1pt) | 駅近1000m以内 | 複数記事候補×4 | haversine:六本木駅(≤1200m)
六本木駅のレンタルダンススタジオおすすめ,駅,A,13,Studio R 六本木ヒルズ店,〒106-0032 東京都港区六本木６丁目１５-１ ヒルズ けやき坂通り 2F けやき坂テラス,0,,六本木駅,519.0,ChIJpa3N33aLGGARVzJ6GjYO7Pg,Studio R 六本木ヒルズ店,3.0,2.0,1.0,OK,36.1,★3.0(+12pt) | 口コミ2件(+0pt) | 駅近1000m以内 | 複数記事候補×4 | haversine:六本木駅(≤1200m)
六本木駅のレンタルダンススタジオおすすめ,駅,A,14,Ballet Studio M'z,〒107-0052 東京都港区赤坂７丁目９-７ 小林ビル 5F,0,,赤坂駅,561.0,,,,,,NOT_FOUND,,★nan(+nanpt) | 駅近1000m以内 | 複数記事候補×5 | haversine:六本木駅(≤1200m)
北千住駅のレンタルダンススタジオおすすめ,駅,A,1,AAPA 日の出町団地スタジオ,〒120-0021 東京都足立区日ノ出町２７ 日の出町団地１号棟 １０３,0,,北千住駅,287.0,ChIJCbb7g9qPGGAReG6S-P6lvOU,AAPA 日の出町団地スタジオ,5.0,3.0,1.0,OK,49.15,★5.0(+20pt) | 口コミ3件(+0pt) | 駅近500m以内 | 複数記事候補×3 | haversine:北千住駅(≤1200m)
北千住駅のレンタルダンススタジオおすすめ,駅,A,2,レンタルスタジオ Gスクエア,〒120-0036 東京都足立区千住仲町１-２,0,,北千住駅,855.0,ChIJvWjSLZuPGGARq3Q9EQIxpIs,レンタルスタジオ Gスクエア,4.3,6.0,1.0,OK,41.5,★4.3(+17pt) | 口コミ6件(+0pt) | 駅近1000m以内 | 複数記事候補×4 | haversine:北千住駅(≤1200m)
原宿駅のレンタルダンススタジオおすすめ,駅,A,1,Studio-Bio,東京都渋谷区千駄ヶ谷3−41−12　シャトル千駄ヶ谷B1(地下),1,https://dance-studio-lab.com/room/MTI3NDc3MzgtMTBhMy00NGY2LWE3MGQtZmM5YzdiYjVmNzM2/detail,北参道駅,48.0,ChIJeSg5VJWNGGARIJQppzQUS9Q,レンタルダンススタジオ『Studio-Bio北参道』,5.0,5.0,0.529,OK,155.25,提携 | ★5.0(+20pt) | 口コミ5件(+0pt) | 駅近500m以内 | 複数記事候補×8 | haversine:原宿駅(≤1200m)
原宿駅のレンタルダンススタジオおすすめ,駅,A,2,BUZZ レンタルスタジオ 渋谷PARK店,〒150-0042 東京都渋谷区宇田川町１９-５,1,https://dance-studio-lab.com/room/YmNlM2RmNGMtNGI0Mi00ZTg4LTk4OTYtNjY4NWRiM2JmNzhm/detail,渋谷駅,448.0,ChIJj1Xu_r2NGGARdm3n9K-BDqY,BUZZ渋谷PARK,3.6,14.0,0.69,OK,150.1,提携 | ★3.6(+14pt) | 口コミ14件(+1pt) | 駅近500m以内 | 複数記事候補×8 | haversine:原宿駅(≤1200m)
原宿駅のレンタルダンススタジオおすすめ,駅,A,3,JOINT STUDO Harajuku,〒150-0001 東京都渋谷区神宮前４丁目２９-９ Ondenビル B1,0,,原宿駅,400.0,ChIJ2Qjqh6OMGGARZ9XaSYgrKok,JOINT HARAJUKU Bar&Gallery,4.7,59.0,0.619,OK,56.75,★4.7(+19pt) | 口コミ59件(+3pt) | 駅近500m以内 | 複数記事候補×7 | haversine:原宿駅(≤1200m)
原宿駅のレンタルダンススタジオおすすめ,駅,A,4,ナ・ホク・オ・カヘアラニ フラ＆タヒチアン,〒107-0061 東京都港区北青山３丁目５-９ KAZU表参道 202号室,0,,表参道駅,242.0,ChIJ-5aidUWLGGARY60D58XZGpg,ナ・ホク・オ・カヘアラニ フラ＆タヒチアン ダンススタジオ,5.0,11.0,0.829,OK,55.55,★5.0(+20pt) | 口コミ11件(+1pt) | 駅近500m以内 | 複数記事候補×6 | haversine:原宿駅(≤1200m)
原宿駅のレンタルダンススタジオおすすめ,駅,A,5,タヒチアンダンススタジオ ライマーラマ表参道,〒150-0001 東京都渋谷区神宮前５丁目１３-１４,0,,表参道駅,493.0,ChIJsXnZT6GMGGAR0uM7dZxo6GE,タヒチアンダンススタジオ ライマーラマ表参道,5.0,10.0,1.0,OK,55.5,★5.0(+20pt) | 口コミ10件(+0pt) | 駅近500m以内 | 複数記事候補×7 | haversine:原宿駅(≤1200m)
原宿駅のレンタルダンススタジオおすすめ,駅,A,6,『bco』 Private lesson/salon,〒150-0001 東京都渋谷区神宮前１丁目２１-１５ 2F奥 ナポレ原宿,0,,原宿駅,255.0,ChIJnT99eiCNGGARsKx7RbQzU9Y,『bco』 Private lesson/salon,5.0,4.0,1.0,OK,55.2,★5.0(+20pt) | 口コミ4件(+0pt) | 駅近500m以内 | 複数記事候補×6 | haversine:原宿駅(≤1200m)
原宿駅のレンタルダンススタジオおすすめ,駅,A,7,CARDIO BARRE SHIBUYA (カーディオ・バー 渋谷店),〒150-0002 東京都渋谷区渋谷１丁目１４-１１ BCサロン 地下１階,0,,渋谷駅,222.0,ChIJRUzsD8eLGGARfR8FT7WrT_M,CARDIO BARRE SHIBUYA (カーディオ・バー 渋谷店),4.6,26.0,1.0,OK,54.7,★4.6(+18pt) | 口コミ26件(+1pt) | 駅近500m以内 | 複数記事候補×7 | haversine:原宿駅(≤1200m)
原宿駅のレンタルダンススタジオおすすめ,駅,A,8,SOUTH MINT STUDIO 南青山,〒107-0062 東京都港区南青山２丁目２７-２０ B1F,0,,外苑前駅,167.0,ChIJxyCGQhmNGGARftkxLKPyNxU,SOUTH MINT STUDIO 南青山,4.8,4.0,1.0,OK,54.4,★4.8(+19pt) | 口コミ4件(+0pt) | 駅近500m以内 | 複数記事候補×7 | haversine:原宿駅(≤1200m)
原宿駅のレンタルダンススタジオおすすめ,駅,A,9,FLASHスタジオ,〒150-0002 東京都渋谷区渋谷１丁目１０-２ グローリア宮益坂III 東館 3F,0,,渋谷駅,428.0,ChIJeZvtQjuLGGAR5E25xOVrZ7Y,FLASHスタジオ,5.0,1.0,1.0,OK,53.05,★5.0(+20pt) | 口コミ1件(+0pt) | 駅近500m以内 | 複数記事候補×5 | haversine:原宿駅(≤1200m)
原宿駅のレンタルダンススタジオおすすめ,駅,A,10,Hina STUDIO（ヒナスタジオ）【目黒スタジオ】,東京都渋谷区神宮前6-23-11 パークサイドハイツ303,0,,明治神宮前〈原宿〉駅,488.0,ChIJZX1gR6WLGGARH5yodrjZrGA,Hina STUDIO（ヒナスタジオ） 目黒,5.0,1.0,0.87,OK,53.05,★5.0(+20pt) | 口コミ1件(+0pt) | 駅近500m以内 | 複数記事候補×5 | haversine:原宿駅(≤1200m)
原宿駅のレンタルダンススタジオおすすめ,駅,A,11,外苑前アイランドスタジオ,〒150-0001 東京都渋谷区神宮前３丁目１-２５ 神宮前Ikビル 2階,0,,外苑前駅,322.0,ChIJAQBQ1piMGGARUpWq7JCGxJ8,外苑前アイランドスタジオ,4.0,34.0,1.0,OK,52.7,★4.0(+16pt) | 口コミ34件(+2pt) | 駅近500m以内 | 複数記事候補×7 | haversine:原宿駅(≤1200m)
原宿駅のレンタルダンススタジオおすすめ,駅,A,12,宮益坂十間スタジオ,〒150-0002 東京都渋谷区渋谷１丁目１０-７ Ⅲ B1 (受付・Bスタジオ)、北館5F(Aスタジオ 宮益坂Stビル,0,,渋谷駅,406.0,ChIJw4lClFiLGGARlw3GlpwTYdU,宮益坂十間スタジオ・ギャラリー,3.9,20.0,0.783,OK,51.6,★3.9(+16pt) | 口コミ20件(+1pt) | 駅近500m以内 | 複数記事候補×7 | haversine:原宿駅(≤1200m)
原宿駅のレンタルダンススタジオおすすめ,駅,A,13,ノートルスタジオ,〒107-0062 東京都港区南青山３丁目５-１ O&K 南青山,0,,外苑前駅,384.0,ChIJ_dqo4p2MGGARKdHYIwdfy1k,ノートルスタジオ,3.9,8.0,1.0,OK,51.0,★3.9(+16pt) | 口コミ8件(+0pt) | 駅近500m以内 | 複数記事候補×7 | haversine:原宿駅(≤1200m)
原宿駅のレンタルダンススタジオおすすめ,駅,A,14,"in the house / Shibuya ""Gallery""",〒150-0001 東京都渋谷区神宮前６丁目２３-１２,0,,原宿駅,573.0,ChIJb1gB5eKNGGARxkwiYnDVIzY,"in the house / Shibuya ""Gallery""",4.9,13.0,1.0,OK,48.25,★4.9(+20pt) | 口コミ13件(+1pt) | 駅近1000m以内 | 複数記事候補×6 | haversine:原宿駅(≤1200m)
原宿駅のレンタルダンススタジオおすすめ,駅,A,15,原宿ダンススタジオ SHIN RENTAL STUDIO,〒151-0051 東京都渋谷区千駄ケ谷３丁目６０-４ 地下1階,0,,原宿駅,479.0,ChIJ16lhlruMGGARsTLxWodir6I,原宿ダンススタジオ SHIN RENTAL STUDIO,2.9,16.0,1.0,OK,47.4,★2.9(+12pt) | 口コミ16件(+1pt) | 駅近500m以内 | 複数記事候補×7 | haversine:原宿駅(≤1200m)
吉祥寺駅のレンタルダンススタジオおすすめ,駅,A,1,吉祥寺ダンススタジオ【STUDIO55】スタジオゴーゴー,〒180-0004 東京都武蔵野市吉祥寺本町１丁目３３-１０ 丸二ビル,0,,吉祥寺駅,410.0,ChIJxYijTUfuGGARJjdKc0wlr58,吉祥寺ダンススタジオ【STUDIO55】スタジオゴーゴー,5.0,5.0,1.0,OK,53.25,★5.0(+20pt) | 口コミ5件(+0pt) | 駅近500m以内 | 複数記事候補×5 | haversine:吉祥寺駅(≤1200m)
吉祥寺駅のレンタルダンススタジオおすすめ,駅,A,2,吉祥寺 レンタルスタジオ LC Rental,〒180-0004 東京都武蔵野市吉祥寺本町１丁目２４-７ 吉祥寺光ビル 6F,0,,吉祥寺駅,146.0,ChIJbxk8e9_vGGARrI5IDHgrDfA,吉祥寺 レンタルスタジオ LC Rental,5.0,1.0,1.0,OK,53.05,★5.0(+20pt) | 口コミ1件(+0pt) | 駅近500m以内 | 複数記事候補×5 | haversine:吉祥寺駅(≤1200m)
吉祥寺駅のレンタルダンススタジオおすすめ,駅,A,3,早坂ダンススタジオ,〒180-0003 東京都武蔵野市吉祥寺南町２丁目６-１,0,,吉祥寺駅,178.0,ChIJNTh-XDjuGGARcibx7JP2CTA,早坂ダンススタジオ,5.0,1.0,1.0,OK,53.05,★5.0(+20pt) | 口コミ1件(+0pt) | 駅近500m以内 | 複数記事候補×5 | haversine:吉祥寺駅(≤1200m)
吉祥寺駅のレンタルダンススタジオおすすめ,駅,A,4,[吉祥寺ダンススタジオ] Studio Amrita NORTH,〒180-0004 東京都武蔵野市吉祥寺本町２丁目５-１０ いちご吉祥寺ビル B1,0,,吉祥寺駅,436.0,ChIJ__-PqkjuGGARKuk9YipwnuU,Studio Amrita NORTH スタジオアムリタノース・吉祥寺レンタルスタジオ,4.7,6.0,0.5,OK,52.1,★4.7(+19pt) | 口コミ6件(+0pt) | 駅近500m以内 | 複数記事候補×5 | haversine:吉祥寺駅(≤1200m)
吉祥寺駅のレンタルダンススタジオおすすめ,駅,A,5,ノアスタジオ 吉祥寺店,〒180-0004 東京都武蔵野市吉祥寺本町２丁目１６-１２ B１F,0,,吉祥寺駅,406.0,ChIJBz12J6XvGGARyrrl4J_nleE,ノアスタジオ 吉祥寺店,4.5,11.0,1.0,OK,51.55,★4.5(+18pt) | 口コミ11件(+1pt) | 駅近500m以内 | 複数記事候補×5 | haversine:吉祥寺駅(≤1200m)
吉祥寺駅のレンタルダンススタジオおすすめ,駅,A,6,LIMITED Creaation. dance studio,〒180-0004 東京都武蔵野市１丁目２４-７ 吉祥寺光ビル 6F 吉祥寺,0,,吉祥寺駅,146.0,ChIJ4-SpTbjvGGARvOr_AgkaDEk,LIMITED Creaation. dance studio,4.5,2.0,1.0,OK,51.1,★4.5(+18pt) | 口コミ2件(+0pt) | 駅近500m以内 | 複数記事候補×5 | haversine:吉祥寺駅(≤1200m)
吉祥寺駅のレンタルダンススタジオおすすめ,駅,A,7,吉祥寺スタジオ・レダ,〒180-0002 東京都武蔵野市吉祥寺東町１丁目１１-１８ Ｍビル 2F,0,,吉祥寺駅,430.0,ChIJy-F7OkfuGGAR3JmOIR39OKQ,吉祥寺スタジオ・レダ,4.1,26.0,1.0,OK,50.7,★4.1(+16pt) | 口コミ26件(+1pt) | 駅近500m以内 | 複数記事候補×5 | haversine:吉祥寺駅(≤1200m)
吉祥寺駅のレンタルダンススタジオおすすめ,駅,A,8,吉祥寺レンタルスペース[Studio Amrita WEST],"吉祥寺藤彩ビル B1, ２丁目-１７-１２ 吉祥寺本町 武蔵野市 東京都 180-0004",0,,吉祥寺駅,353.0,ChIJb33ZHUnuGGARe6pYPmFIF4Q,Studio Amrita WEST スタジオアムリタウエスト・吉祥寺レンタルスペース,4.1,7.0,0.471,OK,49.75,★4.1(+16pt) | 口コミ7件(+0pt) | 駅近500m以内 | 複数記事候補×5 | haversine:吉祥寺駅(≤1200m)
吉祥寺駅のレンタルダンススタジオおすすめ,駅,A,9,吉祥寺 三鷹 モリノスタジオ,〒181-0013 東京都三鷹市下連雀１丁目１７-４ GRATO井の頭公園 2F,0,,三鷹駅,923.0,ChIJCcKoZzXuGGARgaI_VSONBtE,吉祥寺 三鷹 モリノスタジオ,5.0,8.0,1.0,OK,48.4,★5.0(+20pt) | 口コミ8件(+0pt) | 駅近1000m以内 | 複数記事候補×6 | haversine:吉祥寺駅(≤1200m)
吉祥寺駅のレンタルダンススタジオおすすめ,駅,A,10,ダンススペース ベースオントップ吉祥寺店,〒180-0004 東京都武蔵野市吉祥寺本町１丁目２０-３ B1F,0,,吉祥寺駅,326.0,ChIJG7Jx3v_vGGARW-OR60jiaXo,ダンススペース ベースオントップ吉祥寺店,3.0,6.0,1.0,OK,45.3,★3.0(+12pt) | 口コミ6件(+0pt) | 駅近500m以内 | 複数記事候補×5 | haversine:吉祥寺駅(≤1200m)
吉祥寺駅のレンタルダンススタジオおすすめ,駅,A,11,吉祥寺 吉すた レンタルスタジオ,〒180-0003 東京都武蔵野市吉祥寺南町２丁目２０-８ Ｋ＆Ｆビル 1Ｆ,0,,吉祥寺駅,564.0,ChIJUZimoD7uGGARyGxhKDGV1YA,吉祥寺 吉すた レンタルスタジオ,4.4,5.0,1.0,OK,41.85,★4.4(+18pt) | 口コミ5件(+0pt) | 駅近1000m以内 | 複数記事候補×4 | haversine:吉祥寺駅(≤1200m)
吉祥寺駅のレンタルダンススタジオおすすめ,駅,A,12,吉祥寺ダンスガレージ レンタルスタジオ,〒180-0003 東京都武蔵野市吉祥寺南町２丁目２９-１２ 1F 東伸自動車株式会社ビル,0,,吉祥寺駅,599.0,ChIJWfeaITzuGGAR7XoSX8V21UM,吉祥寺ダンスガレージ レンタルスタジオ,4.0,5.0,1.0,OK,40.25,★4.0(+16pt) | 口コミ5件(+0pt) | 駅近1000m以内 | 複数記事候補×4 | haversine:吉祥寺駅(≤1200m)
吉祥寺駅のレンタルダンススタジオおすすめ,駅,A,13,ブロックオン,〒180-0002 東京都武蔵野市吉祥寺東町１丁目２-２ オリエントプラザ丹野,0,,吉祥寺駅,613.0,ChIJh2wTwEXuGGARKtk8jtJBVRE,ブロックオン,3.0,4.0,1.0,OK,32.2,★3.0(+12pt) | 口コミ4件(+0pt) | 駅近1000m以内 | 複数記事候補×2 | haversine:吉祥寺駅(≤1200m)
新大久保駅のレンタルダンススタジオおすすめ,駅,A,1,Dubwayレンタルスタジオ大久保,東京都新宿区百人町3-15-8,1,https://dance-studio-lab.com/room/YTIzMjllOTEtNzlhMy00YjBiLTgwMDctMGNhMDNkOTgwNDFh/detail,新大久保駅,660.0,ChIJiU3q4XGNGGAR1jXfZQMbpIk,Dubwayレンタルダンス大久保,2.0,1.0,0.848,OK,130.05,提携 | ★2.0(+8pt) | 口コミ1件(+0pt) | 駅近1000m以内 | 複数記事候補×3 | primary_station:新大久保駅(≤1200m)
新大久保駅のレンタルダンススタジオおすすめ,駅,A,2,レンタルダンススタジオ LANDstudio 新宿店,〒169-0073 東京都新宿区百人町１丁目２２-１９ 筒井ビル B1F,0,,新大久保駅,276.0,ChIJDZNZgHuNGGARHwvYElpwQqo,StudioOnda大久保,5.0,3.0,0.324,OK,55.15,★5.0(+20pt) | 口コミ3件(+0pt) | 駅近500m以内 | 複数記事候補×6 | primary_station:新大久保駅(≤1200m)
新大久保駅のレンタルダンススタジオおすすめ,駅,A,3,Studioonda大久保,〒169-0073 東京都新宿区百人町１丁目２３-２ 3F,0,,新大久保駅,388.0,ChIJDZNZgHuNGGARHwvYElpwQqo,StudioOnda大久保,5.0,3.0,1.0,OK,55.15,★5.0(+20pt) | 口コミ3件(+0pt) | 駅近500m以内 | 複数記事候補×6 | primary_station:新大久保駅(≤1200m)
新大久保駅のレンタルダンススタジオおすすめ,駅,A,4,赤レンガ・プレイスタジオStudioStyle+,〒169-0073 東京都新宿区百人町１丁目２４-８ 3F,0,,新大久保駅,346.0,ChIJVVWFFSmNGGAR6VldZoU81rE,赤レンガ・ライブスタジオStudioStyle+,5.0,1.0,0.913,OK,55.05,★5.0(+20pt) | 口コミ1件(+0pt) | 駅近500m以内 | 複数記事候補×6 | primary_station:新大久保駅(≤1200m)
新大久保駅のレンタルダンススタジオおすすめ,駅,A,5,新宿・大久保マイックル,〒169-0073 東京都新宿区百人町１丁目１９-２３,0,,新大久保駅,352.0,ChIJ21-2JyyNGGARvniybg2LD80,新宿・大久保マイックル,5.0,1.0,1.0,OK,53.05,★5.0(+20pt) | 口コミ1件(+0pt) | 駅近500m以内 | 複数記事候補×5 | primary_station:新大久保駅(≤1200m)
新大久保駅のレンタルダンススタジオおすすめ,駅,A,6,シュミネAスタジオStudioStyle+,〒169-0073 東京都新宿区百人町１丁目２４-７,0,,新大久保駅,374.0,ChIJVVVaFSmNGGARAo_jb50TGIU,シュミネAスタジオStudioStyle+,4.0,2.0,1.0,OK,51.1,★4.0(+16pt) | 口コミ2件(+0pt) | 駅近500m以内 | 複数記事候補×6 | primary_station:新大久保駅(≤1200m)
新大久保駅のレンタルダンススタジオおすすめ,駅,A,7,東京バレエ劇場,〒169-0073 東京都新宿区百人町１丁目１６-４,0,,新大久保駅,211.0,ChIJN89uKRqNGGARFvYVRjT0_aE,東京バレエ劇場,4.0,2.0,1.0,OK,51.1,★4.0(+16pt) | 口コミ2件(+0pt) | 駅近500m以内 | 複数記事候補×6 | primary_station:新大久保駅(≤1200m)
新大久保駅のレンタルダンススタジオおすすめ,駅,A,8,studio worcle okubo,〒169-0073 東京都新宿区百人町１丁目２１-５ 新宿Stビル,0,,新大久保駅,342.0,ChIJ-4XPlWeNGGARDYmGv20NGA0,studio worcle okubo,3.8,4.0,1.0,OK,50.4,★3.8(+15pt) | 口コミ4件(+0pt) | 駅近500m以内 | 複数記事候補×6 | primary_station:新大久保駅(≤1200m)
新大久保駅のレンタルダンススタジオおすすめ,駅,A,9,新宿 大久保 BMT レンタルスタジオ,〒169-0074 東京都新宿区北新宿１丁目１３-１９ 弘林ビル Ｂ１Ｆ,0,,新大久保駅,614.0,ChIJh0FrcS2NGGAR7Jv0kz1cTA4,新宿 大久保 BMT レンタルスタジオ,4.0,6.0,1.0,OK,40.3,★4.0(+16pt) | 口コミ6件(+0pt) | 駅近1000m以内 | 複数記事候補×4 | primary_station:新大久保駅(≤1200m)
新大久保駅のレンタルダンススタジオおすすめ,駅,A,10,StudioOnda東中野 Ondabuilding,〒169-0074 東京都新宿区北新宿４丁目３３-５,0,,新大久保駅,1133.0,ChIJWastLwrzGGAR5etWC344olw,StudioOnda東中野（スタジオオンダ東中野）,4.9,20.0,0.52,OK,36.6,★4.9(+20pt) | 口コミ20件(+1pt) | 複数記事候補×4 | primary_station:新大久保駅(≤1200m)
新大久保駅のレンタルダンススタジオおすすめ,駅,A,11,ALOK DANCE DORAMA COMPANY,〒169-0073 東京都新宿区百人町１丁目１３-９,0,,新大久保駅,279.0,ChIJ_x3x4yiNGGARg5UaGhKL7Rw,ALOK DANCE DRAMA COMPANY,,,0.977,OK,,★nan(+nanpt) | 駅近500m以内 | 複数記事候補×6 | primary_station:新大久保駅(≤1200m)
新大久保駅のレンタルダンススタジオおすすめ,駅,A,12,スタジオジパング大久保,〒169-0073 東京都新宿区百人町１丁目２３ みなみビル B1,0,,新大久保駅,331.0,ChIJR9ACT5eNGGAR2wCR9GBv19U,スタジオジパング大久保,,,1.0,OK,,★nan(+nanpt) | 駅近500m以内 | 複数記事候補×6 | primary_station:新大久保駅(≤1200m)
新大久保駅のレンタルダンススタジオおすすめ,駅,A,13,スタジオ プリメーラ(スタジオ プリメラ),〒169-0072 東京都新宿区大久保２丁目８-８ 青葉ビル,0,,新大久保駅,678.0,ChIJAVBcX3aNGGAReQajgpzGSBk,スタジオ プリメーラ(スタジオ プリメラ),,,1.0,OK,,★nan(+nanpt) | 駅近1000m以内 | 複数記事候補×5 | primary_station:新大久保駅(≤1200m)
新橋駅のレンタルダンススタジオおすすめ,駅,A,1,Pole and Aerial Studio Polish 銀座店,〒104-0061 東京都中央区銀座７丁目８-１３ Brown Place 3階,0,,新橋駅,428.0,ChIJm1d8asaLGGARVp4519HNz-w,Pole and Aerial Studio Polish 銀座店,5.0,11.0,1.0,OK,55.55,★5.0(+20pt) | 口コミ11件(+1pt) | 駅近500m以内 | 複数記事候補×6 | haversine:新橋駅(≤1200m)
新橋駅のレンタルダンススタジオおすすめ,駅,A,2,銀座スタジオ ルアン,〒104-0061 東京都中央区銀座８丁目１０-２ ルアンビル 11階,0,,新橋駅,422.0,ChIJpzUNcOiLGGARcnckQ3mmsm0,銀座スタジオ ルアン,4.2,32.0,1.0,OK,53.4,★4.2(+17pt) | 口コミ32件(+2pt) | 駅近500m以内 | 複数記事候補×6 | haversine:新橋駅(≤1200m)
新橋駅のレンタルダンススタジオおすすめ,駅,A,3,第一ホテル東京 フィットネス&アクアゾーン,〒100-0011 東京都千代田区内幸町１丁目５-３ 新幸橋ビルディング ビル内,0,,新橋駅,357.0,ChIJLSTfAuyLGGARhnQIHLjq10k,第一ホテル東京 フィットネス&アクアゾーン,3.6,40.0,1.0,OK,51.4,★3.6(+14pt) | 口コミ40件(+2pt) | 駅近500m以内 | 複数記事候補×6 | haversine:新橋駅(≤1200m)
新橋駅のレンタルダンススタジオおすすめ,駅,A,4,FACTORYカレッタスタジオ,〒105-7001 東京都港区東新橋１丁目８-１ B2 カレッタスタジオ,0,,新橋駅,354.0,ChIJf96XIoSLGGARtU_Ubxhk6h0,FACTORYカレッタスタジオ,3.8,6.0,1.0,OK,50.5,★3.8(+15pt) | 口コミ6件(+0pt) | 駅近500m以内 | 複数記事候補×7 | haversine:新橋駅(≤1200m)
新橋駅のレンタルダンススタジオおすすめ,駅,A,5,レンタルスタジオ・レンタルスペース ZEAL STUDIOS,〒105-0004 東京都港区新橋３丁目５-１０ 新三ビル B1F,0,,新橋駅,347.0,ChIJoWLmblSLGGARAanQwJt7Nig,レンタルスタジオ・レンタルスペース ZEAL STUDIOS,3.3,43.0,1.0,OK,50.35,★3.3(+13pt) | 口コミ43件(+2pt) | 駅近500m以内 | 複数記事候補×7 | haversine:新橋駅(≤1200m)
新橋駅のレンタルダンススタジオおすすめ,駅,A,6,Another ONE+ （銀座レンタルスペース）,〒104-0061 東京都中央区銀座３丁目１２-１８ 新岩間ビル 3F,0,,有楽町駅,700.0,ChIJkfQU00mLGGARzb8iRX4aRgk,Another ONE+ （銀座レンタルスペース）,4.7,14.0,1.0,OK,47.5,★4.7(+19pt) | 口コミ14件(+1pt) | 駅近1000m以内 | 複数記事候補×6 | haversine:新橋駅(≤1200m)
新橋駅のレンタルダンススタジオおすすめ,駅,A,7,ブイラボミュージカル,〒105-0003 東京都港区西新橋３丁目２４,0,,浜松町駅,827.0,ChIJC7Y8-1CLGGARwnfOepgDwho,ブイラボミュージカル,4.9,21.0,1.0,OK,46.65,★4.9(+20pt) | 口コミ21件(+1pt) | 駅近1000m以内 | 複数記事候補×5 | haversine:新橋駅(≤1200m)
新橋駅のレンタルダンススタジオおすすめ,駅,A,8,FINEDAY浜松町,〒105-0012 東京都港区芝大門１丁目２-２２ 2F(200 パレステュディオ芝大門,0,,浜松町駅,520.0,ChIJa7ZkyveLGGARkVvALu3D5Hw,FINEDAY浜松町,5.0,1.0,1.0,OK,46.05,★5.0(+20pt) | 口コミ1件(+0pt) | 駅近1000m以内 | 複数記事候補×5 | haversine:新橋駅(≤1200m)
新橋駅のレンタルダンススタジオおすすめ,駅,A,9,アルゼンチンタンゴ協会,〒104-0061 東京都中央区銀座７丁目１４-７ 共栄銀座７丁目ビル,0,,新橋駅,579.0,ChIJf2_TgOeLGGARcx-Mu8NF1t0,アルゼンチンタンゴ協会,4.7,6.0,1.0,OK,45.1,★4.7(+19pt) | 口コミ6件(+0pt) | 駅近1000m以内 | 複数記事候補×5 | haversine:新橋駅(≤1200m)
新橋駅のレンタルダンススタジオおすすめ,駅,A,10,大人バレエシェリ 東京銀座スタジオ,〒104-0061 東京都中央区銀座５丁目１４-６ 橋ビルⅡ B1,0,,有楽町駅,798.0,ChIJxdycatSLGGAR-h6ygZ28vlU,大人バレエシェリ 東京銀座スタジオ,4.4,18.0,1.0,OK,44.5,★4.4(+18pt) | 口コミ18件(+1pt) | 駅近1000m以内 | 複数記事候補×5 | haversine:新橋駅(≤1200m)
新橋駅のレンタルダンススタジオおすすめ,駅,A,11,セミナー &【JK Room 虎ノ門】,〒105-0003 東京都港区西新橋１丁目１９-１４ 大和ビル ３A,0,,新橋駅,564.0,ChIJUyTIWcKLGGARo6gUkm6o3_k,セミナー & ダンススタジオ【JK Room 虎ノ門】,4.3,4.0,0.821,OK,43.4,★4.3(+17pt) | 口コミ4件(+0pt) | 駅近1000m以内 | 複数記事候補×5 | haversine:新橋駅(≤1200m)
新橋駅のレンタルダンススタジオおすすめ,駅,A,12,スタジオ ダ・ヴィンチ,"〒105-0021 東京都港区東新橋２丁目４-６ パラッツオシエナ 1 2,3F",0,,新橋駅,517.0,ChIJa0Y0W3uLGGARz-1RcuRQzts,STUDIO DA VINCI,3.9,14.0,0.0,OK,42.3,★3.9(+16pt) | 口コミ14件(+1pt) | 駅近1000m以内 | 複数記事候補×5 | haversine:新橋駅(≤1200m)
新橋駅のレンタルダンススタジオおすすめ,駅,A,13,H?lau Hula Coco,〒104-0045 東京都中央区築地１丁目１２-１５ 三ツ田ビル 4F,0,,有楽町駅,967.0,ChIJ0b_uZ96LGGARqGfzdMSKQQQ,Hālau Hula Coco,4.0,1.0,0.923,OK,42.05,★4.0(+16pt) | 口コミ1件(+0pt) | 駅近1000m以内 | 複数記事候補×5 | haversine:新橋駅(≤1200m)
新橋駅のレンタルダンススタジオおすすめ,駅,A,14,銀座花道スタジオ,〒104-0061 東京都中央区銀座３丁目１４-１８ 小野寺ビル 2F,0,,有楽町駅,772.0,ChIJBe158uCLGGARvwBGIZprl0Y,銀座花道スタジオ,4.0,1.0,1.0,OK,42.05,★4.0(+16pt) | 口コミ1件(+0pt) | 駅近1000m以内 | 複数記事候補×5 | haversine:新橋駅(≤1200m)
新橋駅のレンタルダンススタジオおすすめ,駅,A,15,レンタルスタジオAivic新橋,"東京都港区西新橋1-16-14 宮川ビル4階
",1,https://dance-studio-lab.com/room/M2EyMzEzOTUtMjkwNC00MmRlLWI3YWEtYjBiMmM1NGUzYzhl/detail,新橋駅,408.0,ChIJWaWXRACLGGARsTqAAlbfEa8,レンタルスタジオAivic新橋,,,1.0,OK,,提携 | ★nan(+nanpt) | 駅近500m以内 | 複数記事候補×7 | haversine:新橋駅(≤1200m)
有楽町駅のレンタルダンススタジオおすすめ,駅,A,1,スタジオインディ 東京駅前店,〒104-0031 東京都中央区京橋１丁目４-１１ 竹本ビルディング ４階,0,,東京駅,397.0,ChIJ_Y-2T92LGGARO0DCyy0N7qM,就活写真のスタジオインディ 東京駅前店,4.9,1417.0,0.839,OK,69.6,★4.9(+20pt) | 口コミ1417件(+15pt) | 駅近500m以内 | 複数記事候補×7 | haversine:有楽町駅(≤1200m)
有楽町駅のレンタルダンススタジオおすすめ,駅,A,2,Pole and Aerial Studio Polish 銀座店,〒104-0061 東京都中央区銀座７丁目８-１３ Brown Place 3階,0,,新橋駅,428.0,ChIJm1d8asaLGGARVp4519HNz-w,Pole and Aerial Studio Polish 銀座店,5.0,11.0,1.0,OK,55.55,★5.0(+20pt) | 口コミ11件(+1pt) | 駅近500m以内 | 複数記事候補×6 | haversine:有楽町駅(≤1200m)
有楽町駅のレンタルダンススタジオおすすめ,駅,A,3,銀座スタジオ ルアン,〒104-0061 東京都中央区銀座８丁目１０-２ ルアンビル 11階,0,,新橋駅,422.0,ChIJpzUNcOiLGGARcnckQ3mmsm0,銀座スタジオ ルアン,4.2,32.0,1.0,OK,53.4,★4.2(+17pt) | 口コミ32件(+2pt) | 駅近500m以内 | 複数記事候補×6 | haversine:有楽町駅(≤1200m)
有楽町駅のレンタルダンススタジオおすすめ,駅,A,4,第一ホテル東京 フィットネス&アクアゾーン,〒100-0011 東京都千代田区内幸町１丁目５-３ 新幸橋ビルディング ビル内,0,,新橋駅,357.0,ChIJLSTfAuyLGGARhnQIHLjq10k,第一ホテル東京 フィットネス&アクアゾーン,3.6,40.0,1.0,OK,51.4,★3.6(+14pt) | 口コミ40件(+2pt) | 駅近500m以内 | 複数記事候補×6 | haversine:有楽町駅(≤1200m)
有楽町駅のレンタルダンススタジオおすすめ,駅,A,5,FACTORYカレッタスタジオ,〒105-7001 東京都港区東新橋１丁目８-１ B2 カレッタスタジオ,0,,新橋駅,354.0,ChIJf96XIoSLGGARtU_Ubxhk6h0,FACTORYカレッタスタジオ,3.8,6.0,1.0,OK,50.5,★3.8(+15pt) | 口コミ6件(+0pt) | 駅近500m以内 | 複数記事候補×7 | haversine:有楽町駅(≤1200m)
有楽町駅のレンタルダンススタジオおすすめ,駅,A,6,レンタルスタジオ・レンタルスペース ZEAL STUDIOS,〒105-0004 東京都港区新橋３丁目５-１０ 新三ビル B1F,0,,新橋駅,347.0,ChIJoWLmblSLGGARAanQwJt7Nig,レンタルスタジオ・レンタルスペース ZEAL STUDIOS,3.3,43.0,1.0,OK,50.35,★3.3(+13pt) | 口コミ43件(+2pt) | 駅近500m以内 | 複数記事候補×7 | haversine:有楽町駅(≤1200m)
有楽町駅のレンタルダンススタジオおすすめ,駅,A,7,Another ONE+ （銀座レンタルスペース）,〒104-0061 東京都中央区銀座３丁目１２-１８ 新岩間ビル 3F,0,,有楽町駅,700.0,ChIJkfQU00mLGGARzb8iRX4aRgk,Another ONE+ （銀座レンタルスペース）,4.7,14.0,1.0,OK,47.5,★4.7(+19pt) | 口コミ14件(+1pt) | 駅近1000m以内 | 複数記事候補×6 | haversine:有楽町駅(≤1200m)
有楽町駅のレンタルダンススタジオおすすめ,駅,A,8,レンタルスタジオ新富町 ?Danzatakara. Studio?,"Shintomi 2-1-7, Fujichuo building B1, 中央区 東京都 140-0041",0,,有楽町駅,891.0,ChIJma9JO-CLGGARXy1oRyOGqFw,レンタルスタジオ新富町 −Danzatakara. Studio–,5.0,1.0,0.935,OK,46.05,★5.0(+20pt) | 口コミ1件(+0pt) | 駅近1000m以内 | 複数記事候補×5 | haversine:有楽町駅(≤1200m)
有楽町駅のレンタルダンススタジオおすすめ,駅,A,9,アルゼンチンタンゴ協会,〒104-0061 東京都中央区銀座７丁目１４-７ 共栄銀座７丁目ビル,0,,新橋駅,579.0,ChIJf2_TgOeLGGARcx-Mu8NF1t0,アルゼンチンタンゴ協会,4.7,6.0,1.0,OK,45.1,★4.7(+19pt) | 口コミ6件(+0pt) | 駅近1000m以内 | 複数記事候補×5 | haversine:有楽町駅(≤1200m)
有楽町駅のレンタルダンススタジオおすすめ,駅,A,10,大人バレエシェリ 東京銀座スタジオ,〒104-0061 東京都中央区銀座５丁目１４-６ 橋ビルⅡ B1,0,,有楽町駅,798.0,ChIJxdycatSLGGAR-h6ygZ28vlU,大人バレエシェリ 東京銀座スタジオ,4.4,18.0,1.0,OK,44.5,★4.4(+18pt) | 口コミ18件(+1pt) | 駅近1000m以内 | 複数記事候補×5 | haversine:有楽町駅(≤1200m)
有楽町駅のレンタルダンススタジオおすすめ,駅,A,11,Studio ballet with...,〒104-0041 東京都中央区新富１丁目３-１６ 第２アサヒビル １階,0,,有楽町駅,908.0,ChIJWWEVUE-JGGARJVH8nG0Z_Fo,STUDIO BALLET WITH,5.0,1.0,0.914,OK,44.05,★5.0(+20pt) | 口コミ1件(+0pt) | 駅近1000m以内 | 複数記事候補×4 | haversine:有楽町駅(≤1200m)
有楽町駅のレンタルダンススタジオおすすめ,駅,A,12,セミナー &【JK Room 虎ノ門】,〒105-0003 東京都港区西新橋１丁目１９-１４ 大和ビル ３A,0,,新橋駅,564.0,ChIJUyTIWcKLGGARo6gUkm6o3_k,セミナー & ダンススタジオ【JK Room 虎ノ門】,4.3,4.0,0.821,OK,43.4,★4.3(+17pt) | 口コミ4件(+0pt) | 駅近1000m以内 | 複数記事候補×5 | haversine:有楽町駅(≤1200m)
有楽町駅のレンタルダンススタジオおすすめ,駅,A,13,H?lau Hula Coco,〒104-0045 東京都中央区築地１丁目１２-１５ 三ツ田ビル 4F,0,,有楽町駅,967.0,ChIJ0b_uZ96LGGARqGfzdMSKQQQ,Hālau Hula Coco,4.0,1.0,0.923,OK,42.05,★4.0(+16pt) | 口コミ1件(+0pt) | 駅近1000m以内 | 複数記事候補×5 | haversine:有楽町駅(≤1200m)
有楽町駅のレンタルダンススタジオおすすめ,駅,A,14,レンタルスタジオAivic築地,東京都中央区築地2-10-9 HARVEY築地4階,1,https://dance-studio-lab.com/room/Y2UzMzcxZTMtNDhlNS00ODEwLWJlOGYtZjA1ZjM5Y2YxNjE0/detail,築地駅,84.0,ChIJrdrPJwCJGGAR-EuDpSyEr9o,レンタルジム Aivic 築地,,,0.857,OK,,提携 | ★nan(+nanpt) | 駅近500m以内 | 複数記事候補×5 | candidate_station_fallback:有楽町駅
有楽町駅のレンタルダンススタジオおすすめ,駅,A,15,レンタルスタジオAivic新橋,"東京都港区西新橋1-16-14 宮川ビル4階
",1,https://dance-studio-lab.com/room/M2EyMzEzOTUtMjkwNC00MmRlLWI3YWEtYjBiMmM1NGUzYzhl/detail,新橋駅,408.0,ChIJWaWXRACLGGARsTqAAlbfEa8,レンタルスタジオAivic新橋,,,1.0,OK,,提携 | ★nan(+nanpt) | 駅近500m以内 | 複数記事候補×7 | haversine:有楽町駅(≤1200m)
町田駅のレンタルダンススタジオおすすめ,駅,A,1,クラウドナインスタジオ 町田店,〒194-0013 東京都町田市原町田４丁目１１-１４ コロンブスビル 6F,0,,町田駅,213.0,ChIJkxuiBEv5GGARC7qG5FLsgDI,クラウドナインスタジオ 町田店,4.3,143.0,1.0,OK,57.35,★4.3(+17pt) | 口コミ143件(+7pt) | 駅近500m以内 | 複数記事候補×5 | haversine:町田駅(≤1200m)
町田駅のレンタルダンススタジオおすすめ,駅,A,2,レンタルスタジオ STUDIO ZERO 町田ターミナル口店,〒194-0013 東京都町田市原町田４丁目７-３ 内藤ビル 地下1階B5号室,0,,町田駅,265.0,ChIJDZGSLlj5GGARoCKJ3J_PuwQ,レンタルスタジオ STUDIO ZERO 町田ターミナル口店,4.6,92.0,1.0,OK,56.0,★4.6(+18pt) | 口コミ92件(+5pt) | 駅近500m以内 | 複数記事候補×5 | haversine:町田駅(≤1200m)
町田駅のレンタルダンススタジオおすすめ,駅,A,3,ボイトレ＆ダンスの NAYUTAS（ナユタス）町田校,〒194-0022 東京都町田市森野１丁目１４-９ ＭＫビル 森野2F,0,,町田駅,352.0,ChIJOU2FEl3_GGARtwyiWwpRQGY,ボイトレ＆ダンスの NAYUTAS（ナユタス）町田校,4.8,38.0,1.0,OK,54.1,★4.8(+19pt) | 口コミ38件(+2pt) | 駅近500m以内 | 複数記事候補×5 | haversine:町田駅(≤1200m)
町田駅のレンタルダンススタジオおすすめ,駅,A,4,YOKOTA BASE STUDIO,〒194-0013 東京都町田市原町田１丁目６-２４ 田島第二ビル,0,,町田駅,257.0,ChIJby9isUr5GGARjzffqOUB8wk,YOKOTA BASE STUDIO,4.2,12.0,1.0,OK,50.4,★4.2(+17pt) | 口コミ12件(+1pt) | 駅近500m以内 | 複数記事候補×5 | haversine:町田駅(≤1200m)
町田駅のレンタルダンススタジオおすすめ,駅,A,5,Caribbean explosion,〒194-0012 東京都町田市金森１丁目３-１ Hamanoya 202,0,,町田駅,991.0,ChIJWV10t7b5GGARKVKv4I33F8I,Caribbean explosion,5.0,11.0,1.0,OK,44.55,★5.0(+20pt) | 口コミ11件(+1pt) | 駅近1000m以内 | 複数記事候補×4 | haversine:町田駅(≤1200m)
町田駅のレンタルダンススタジオおすすめ,駅,A,6,Funky Gang Dance Studio,〒194-0022 東京都町田市森野１丁目９-１７ B1,0,,町田駅,566.0,ChIJGU8cowj_GGARxrJZZ1fVtpw,Funky Gang Dance Studio,5.0,2.0,1.0,OK,40.1,★5.0(+20pt) | 口コミ2件(+0pt) | 駅近1000m以内 | 複数記事候補×2 | haversine:町田駅(≤1200m)
町田駅のレンタルダンススタジオおすすめ,駅,A,7,レンタルスタジオ マイレッスン 町田スタジオ2号,〒194-0021 東京都町田市中町１丁目１５-１１,0,,町田駅,541.0,ChIJ3ZNswT3_GGARtYFPQZcbdH0,レンタルスタジオマイレッスン 町田２号店,3.6,5.0,0.878,OK,34.65,★3.6(+14pt) | 口コミ5件(+0pt) | 駅近1000m以内 | 複数記事候補×2 | haversine:町田駅(≤1200m)
目黒駅のレンタルダンススタジオおすすめ,駅,A,1,恵比寿ガーデンプレイス,〒150-0013 東京都渋谷区恵比寿４丁目２０,0,,恵比寿駅,576.0,ChIJ3bRi2hWLGGARsMUFP7GRGBI,恵比寿ガーデンプレイス,4.1,7404.0,1.0,OK,57.4,★4.1(+16pt) | 口コミ7404件(+15pt) | 駅近1000m以内 | 複数記事候補×5 | haversine:目黒駅(≤1200m)
目黒駅のレンタルダンススタジオおすすめ,駅,A,2,恵比寿ヒルサイドスタジオ,〒150-0022 東京都渋谷区恵比寿南２丁目２１-８ 恵比寿ファインヒル B１,0,,恵比寿駅,453.0,ChIJz66xUj6LGGARgH8XUogXl3I,恵比寿ヒルサイドスタジオ,4.5,44.0,1.0,OK,55.2,★4.5(+18pt) | 口コミ44件(+2pt) | 駅近500m以内 | 複数記事候補×6 | haversine:目黒駅(≤1200m)
目黒駅のレンタルダンススタジオおすすめ,駅,A,3,Hidemi Dancing Vida,〒141-0021 東京都品川区上大崎２丁目１０-３２ フラワープラザビル 202,0,,目黒駅,198.0,ChIJPdLyWLaLGGARzgxvrSQdmFY,Hidemi Dancing Vida,5.0,3.0,1.0,OK,55.15,★5.0(+20pt) | 口コミ3件(+0pt) | 駅近500m以内 | 複数記事候補×6 | haversine:目黒駅(≤1200m)
目黒駅のレンタルダンススタジオおすすめ,駅,A,4,Pole and Aerial Studio POLISH五反田,〒141-0031 東京都品川区西五反田１丁目５-２ トラヤビル 7階,0,,五反田駅,112.0,ChIJ9VJuw4qLGGARkreStlp-krQ,Pole and Aerial Studio POLISH五反田,4.9,9.0,1.0,OK,55.05,★4.9(+20pt) | 口コミ9件(+0pt) | 駅近500m以内 | 複数記事候補×6 | haversine:目黒駅(≤1200m)
目黒駅のレンタルダンススタジオおすすめ,駅,A,5,スタジオペンタ五反田店,〒141-0022 東京都品川区東五反田１丁目１２-９,0,,五反田駅,169.0,ChIJbRmGovuKGGARsy9zFDawRZg,スタジオペンタ五反田店,4.1,50.0,1.0,OK,53.9,★4.1(+16pt) | 口コミ50件(+2pt) | 駅近500m以内 | 複数記事候補×6 | haversine:目黒駅(≤1200m)
目黒駅のレンタルダンススタジオおすすめ,駅,A,6,恵比寿ガーデンプレイスタワー,〒150-6003 東京都渋谷区恵比寿４丁目２０-３,0,,恵比寿駅,583.0,ChIJJRd91xWLGGARDktpB9XZvLU,恵比寿ガーデンプレイスタワー,4.1,9585.0,1.0,OK,53.4,★4.1(+16pt) | 口コミ9585件(+15pt) | 駅近1000m以内 | 複数記事候補×3 | haversine:目黒駅(≤1200m)
目黒駅のレンタルダンススタジオおすすめ,駅,A,7,ZITA アルゼンチンタンゴ,"Tokyo, 塚原ビル 4F, ２丁目-２７-２ 上大崎 品川区 東京都 141-0021",0,,目黒駅,83.0,ChIJAQA8PBmLGGARrUIMlnbi3GI,ZITA アルゼンチンタンゴ,4.3,20.0,1.0,OK,51.2,★4.3(+17pt) | 口コミ20件(+1pt) | 駅近500m以内 | 複数記事候補×5 | haversine:目黒駅(≤1200m)
目黒駅のレンタルダンススタジオおすすめ,駅,A,8,SoyLatte STUDIO,〒141-0031 東京都品川区西五反田２丁目１７-８ 管野ビル ３F,0,,五反田駅,203.0,ChIJw4kYxOyLGGARVxry0E8g15Q,SoyLatte STUDIO,4.0,4.0,1.0,OK,51.2,★4.0(+16pt) | 口コミ4件(+0pt) | 駅近500m以内 | 複数記事候補×6 | haversine:目黒駅(≤1200m)
目黒駅のレンタルダンススタジオおすすめ,駅,A,9,池田山ノブレスレンタルスタジオ（五反田駅）,〒141-0022 東京都品川区東五反田５丁目２４-７ ノブレス池田山 B1階,0,,五反田駅,120.0,ChIJ8WVlHpmLGGARy3GuR7LmRt4,池田山ノブレスレンタルスタジオ（五反田駅）,3.7,3.0,1.0,OK,49.95,★3.7(+15pt) | 口コミ3件(+0pt) | 駅近500m以内 | 複数記事候補×6 | haversine:目黒駅(≤1200m)
目黒駅のレンタルダンススタジオおすすめ,駅,A,10,スタジオ エモーティフ,〒141-0031 東京都品川区西五反田５丁目２２-５ 藤ハイム B1F,0,,五反田駅,911.0,ChIJlU9qWhGLGGARHFF5I_V9dZQ,スタジオ エモーティフ,4.3,3.0,1.0,OK,43.35,★4.3(+17pt) | 口コミ3件(+0pt) | 駅近1000m以内 | 複数記事候補×5 | haversine:目黒駅(≤1200m)
目黒駅のレンタルダンススタジオおすすめ,駅,A,11,ピアノスタジオノア 不動前店,〒141-0031 東京都品川区西五反田４丁目３２-１４,0,,五反田駅,878.0,ChIJp6-LcCmLGGARjwEYTwAdBjU,ピアノスタジオノア 不動前店,4.1,7.0,1.0,OK,42.75,★4.1(+16pt) | 口コミ7件(+0pt) | 駅近1000m以内 | 複数記事候補×5 | haversine:目黒駅(≤1200m)
目黒駅のレンタルダンススタジオおすすめ,駅,A,12,白金台恵比寿ミュージックスタジオ,〒108-0071 東京都港区白金台５丁目２-５ 502,0,,目黒駅,1050.0,ChIJ8e0ONcOLGGARa4VV0K2kBtk,白金台恵比寿ミュージックスタジオ,5.0,3.0,1.0,OK,38.15,★5.0(+20pt) | 口コミ3件(+0pt) | 複数記事候補×5 | haversine:目黒駅(≤1200m)
目黒駅のレンタルダンススタジオおすすめ,駅,A,13,Mailani feel art studio,〒153-0064 東京都目黒区下目黒５丁目１-１２ 2F,0,,目黒駅,1183.0,ChIJVVX5ByWLGGARq--EdZzPdgg,Mailani feel art studio,,,1.0,OK,,★nan(+nanpt) | 複数記事候補×2 | haversine:目黒駅(≤1200m)
目黒駅のレンタルダンススタジオおすすめ,駅,A,14,レンタルスタジオ,〒150-0013 東京都渋谷区恵比寿３丁目９-１５ 4階,0,,恵比寿駅,654.0,ChIJPUJAqVuLGGAR7jyugbK5BPg,レンタルスタジオ,,,1.0,OK,,★nan(+nanpt) | 駅近1000m以内 | 複数記事候補×5 | haversine:目黒駅(≤1200m)
目黒駅のレンタルダンススタジオおすすめ,駅,A,15,Studio Bis,〒141-0031 東京都品川区西五反田２丁目１０-８ ドルミ五反田ドゥメゾン 3階,0,,五反田駅,246.0,ChIJAQCwROOKGGARAIn7cNhQfpE,Studio Bis,,,1.0,OK,,★nan(+nanpt) | 駅近500m以内 | 複数記事候補×6 | haversine:目黒駅(≤1200m)
立川駅のレンタルダンススタジオおすすめ,駅,A,1,レンタルスタジオ マイレッスン 立川店,〒190-0023 東京都立川市柴崎町２丁目６-３ まるごビル,0,,立川駅,410.0,ChIJnaBMAb7hGGARodt9tZGjwJU,レンタルスタジオ マイレッスン 立川店,4.6,5.0,1.0,OK,51.65,★4.6(+18pt) | 口コミ5件(+0pt) | 駅近500m以内 | 複数記事候補×5 | haversine:立川駅(≤1200m)
立川駅のレンタルダンススタジオおすすめ,駅,A,2,レンタルスタジオreimei Tachikawa,〒190-0022 東京都立川市錦町２丁目１-３５ Ktd 錦町ビル 2F,0,,立川駅,279.0,ChIJgd501ZnhGGAR6KwlpvX9WfU,ダンススタジオreimei Tachikawa,4.4,5.0,0.889,OK,50.85,★4.4(+18pt) | 口コミ5件(+0pt) | 駅近500m以内 | 複数記事候補×5 | haversine:立川駅(≤1200m)
立川駅のレンタルダンススタジオおすすめ,駅,A,3,山田誠ダンススタジオ,〒190-0012 東京都立川市曙町２丁目３２-２ 中山本社ビル,0,,立川駅,441.0,ChIJ53BnVGXhGGARPqzHc582e7M,山田誠ダンススタジオ,4.0,2.0,1.0,OK,49.1,★4.0(+16pt) | 口コミ2件(+0pt) | 駅近500m以内 | 複数記事候補×5 | haversine:立川駅(≤1200m)
立川駅のレンタルダンススタジオおすすめ,駅,A,4,U210 【立川レンタルダンススタジオ】,〒190-0022 東京都立川市錦町２丁目２-２８ ＹＳ立川第二ビル １階,0,,立川駅,406.0,ChIJ6fvgsHzhGGARRzzEhjXWl-o,U210 【立川レンタルダンススタジオ】,3.5,2.0,1.0,OK,47.1,★3.5(+14pt) | 口コミ2件(+0pt) | 駅近500m以内 | 複数記事候補×5 | haversine:立川駅(≤1200m)
立川駅のレンタルダンススタジオおすすめ,駅,A,5,レンタルスタジオ STUDIO ZERO 立川南口店,〒190-0023 東京都立川市柴崎町２丁目７-８ エクセル立川 B1F,0,,立川駅,501.0,ChIJBfnTQbHhGGARMkQ7-V5OwRY,レンタルスタジオ STUDIO ZERO 立川南口店,4.6,66.0,1.0,OK,45.7,★4.6(+18pt) | 口コミ66件(+3pt) | 駅近1000m以内 | 複数記事候補×4 | haversine:立川駅(≤1200m)
立川駅のレンタルダンススタジオおすすめ,駅,A,6,スタジオ ランディン 立川校,〒190-0022 東京都立川市錦町２丁目２-５ アオイビル 2F,0,,立川駅,411.0,ChIJUf3KT2PhGGAR1nEDG0-k6O0,スタジオ ランディン 立川校,3.8,12.0,1.0,OK,44.8,★3.8(+15pt) | 口コミ12件(+1pt) | 駅近500m以内 | 複数記事候補×3 | haversine:立川駅(≤1200m)
立川駅のレンタルダンススタジオおすすめ,駅,A,7,レンタルスタジオ C-STUDIO,〒190-0022 東京都立川市錦町１丁目１０-２３ 光洋ビル 3F,0,,立川駅,635.0,ChIJm5GF4WbhGGARWjbI6CpNZak,C-STUDIO 立川市 レンタルスタジオ,4.0,2.0,0.485,OK,40.1,★4.0(+16pt) | 口コミ2件(+0pt) | 駅近1000m以内 | 複数記事候補×4 | haversine:立川駅(≤1200m)
立川駅のレンタルダンススタジオおすすめ,駅,A,8,スタジオ ACTY,〒190-0023 東京都立川市柴崎町３丁目１４-６,0,,立川駅,521.0,ChIJX--Nqn7hGGAR71Sc4TPzSwY,スタジオ ACTY,4.3,3.0,1.0,OK,37.35,★4.3(+17pt) | 口コミ3件(+0pt) | 駅近1000m以内 | 複数記事候補×2 | haversine:立川駅(≤1200m)
立川駅のレンタルダンススタジオおすすめ,駅,A,9,エーススタジオ,〒190-0022 東京都立川市錦町１丁目１０-９ 米澤ビル 2F,0,,立川駅,698.0,ChIJtT5d-53hGGARabKklpNv6js,エーススタジオ（廃業）,,,0.778,OK,,★nan(+nanpt) | 駅近1000m以内 | 複数記事候補×2 | haversine:立川駅(≤1200m)
立川駅のレンタルダンススタジオおすすめ,駅,A,10,ベストスタジオ立川,〒190-0022 東京都立川市錦町２丁目１-１０ エリア立川 302号室,0,,立川駅,348.0,ChIJvd_fQKPhGGAR_XAMTgN56WY,ベストスタジオ立川,,,1.0,OK,,★nan(+nanpt) | 駅近500m以内 | 複数記事候補×5 | haversine:立川駅(≤1200m)
蒲田駅のレンタルダンススタジオおすすめ,駅,A,1,蒲田COZYレンタルダンススタジオ,〒144-0052 東京都大田区蒲田５丁目６-１２ イワシタビル 2F,0,,蒲田駅,257.0,ChIJJ833p1tgGGARHfWvSeDKYHg,蒲田COZYレンタルダンススタジオ,4.7,3.0,1.0,OK,51.95,★4.7(+19pt) | 口コミ3件(+0pt) | 駅近500m以内 | 複数記事候補×5 | haversine:蒲田駅(≤1200m)
蒲田駅のレンタルダンススタジオおすすめ,駅,A,2,梅屋敷スタジオ５０１,〒144-0052 東京都大田区蒲田２丁目２２-１３,0,,蒲田駅,956.0,ChIJg5sLQH5hGGAR_sH3gL252MQ,スタジオゴード（旧: 梅屋敷スタジオ501）,4.0,1.0,0.645,OK,40.05,★4.0(+16pt) | 口コミ1件(+0pt) | 駅近1000m以内 | 複数記事候補×4 | haversine:蒲田駅(≤1200m)
蒲田駅のレンタルダンススタジオおすすめ,駅,A,3,アメリカンスタイル専門の社交ダンスサークル 【Sunday Dance Cafe】,〒144-0051 東京都大田区西蒲田６丁目３２-１３ 月村マンション １F,0,,蒲田駅,633.0,ChIJk83So1BhGGAR9L94Heg7nno,アメリカンスタイル専門の社交ダンスサークル 【Sunday Dance Cafe】,,,1.0,OK,,★nan(+nanpt) | 駅近1000m以内 | 複数記事候補×4 | haversine:蒲田駅(≤1200m)
表参道駅のレンタルダンススタジオおすすめ,駅,A,1,チェリッシュスタジオ11号館/12号館/13号館/14号館,東京都港区西麻布-2-21-22 WEST麻布2791ビル2階,1,https://dance-studio-lab.com/room/ZmMxMTg1ZGQtMjUyZS00NjZlLWE3YzMtZjllNWM1N2JhNTdj/detail,表参道駅,809.0,ChIJT9aA3cqLGGARWLJ9gelXaKA,チェリッシュスタジオ11号館・12号館・13号館・14号館,3.8,8.0,0.945,OK,141.6,提携 | ★3.8(+15pt) | 口コミ8件(+0pt) | 駅近1000m以内 | 複数記事候補×5 | haversine:表参道駅(≤1200m)
表参道駅のレンタルダンススタジオおすすめ,駅,A,2,JOINT STUDO Harajuku,〒150-0001 東京都渋谷区神宮前４丁目２９-９ Ondenビル B1,0,,原宿駅,400.0,ChIJ2Qjqh6OMGGARZ9XaSYgrKok,JOINT HARAJUKU Bar&Gallery,4.7,59.0,0.619,OK,56.75,★4.7(+19pt) | 口コミ59件(+3pt) | 駅近500m以内 | 複数記事候補×7 | haversine:表参道駅(≤1200m)
表参道駅のレンタルダンススタジオおすすめ,駅,A,3,ナ・ホク・オ・カヘアラニ フラ＆タヒチアン,〒107-0061 東京都港区北青山３丁目５-９ KAZU表参道 202号室,0,,表参道駅,242.0,ChIJ-5aidUWLGGARY60D58XZGpg,ナ・ホク・オ・カヘアラニ フラ＆タヒチアン ダンススタジオ,5.0,11.0,0.829,OK,55.55,★5.0(+20pt) | 口コミ11件(+1pt) | 駅近500m以内 | 複数記事候補×6 | haversine:表参道駅(≤1200m)
表参道駅のレンタルダンススタジオおすすめ,駅,A,4,タヒチアンダンススタジオ ライマーラマ表参道,〒150-0001 東京都渋谷区神宮前５丁目１３-１４,0,,表参道駅,493.0,ChIJsXnZT6GMGGAR0uM7dZxo6GE,タヒチアンダンススタジオ ライマーラマ表参道,5.0,10.0,1.0,OK,55.5,★5.0(+20pt) | 口コミ10件(+0pt) | 駅近500m以内 | 複数記事候補×7 | haversine:表参道駅(≤1200m)
表参道駅のレンタルダンススタジオおすすめ,駅,A,5,『bco』 Private lesson/salon,〒150-0001 東京都渋谷区神宮前１丁目２１-１５ 2F奥 ナポレ原宿,0,,原宿駅,255.0,ChIJnT99eiCNGGARsKx7RbQzU9Y,『bco』 Private lesson/salon,5.0,4.0,1.0,OK,55.2,★5.0(+20pt) | 口コミ4件(+0pt) | 駅近500m以内 | 複数記事候補×6 | haversine:表参道駅(≤1200m)
表参道駅のレンタルダンススタジオおすすめ,駅,A,6,CARDIO BARRE SHIBUYA (カーディオ・バー 渋谷店),〒150-0002 東京都渋谷区渋谷１丁目１４-１１ BCサロン 地下１階,0,,渋谷駅,222.0,ChIJRUzsD8eLGGARfR8FT7WrT_M,CARDIO BARRE SHIBUYA (カーディオ・バー 渋谷店),4.6,26.0,1.0,OK,54.7,★4.6(+18pt) | 口コミ26件(+1pt) | 駅近500m以内 | 複数記事候補×7 | haversine:表参道駅(≤1200m)
表参道駅のレンタルダンススタジオおすすめ,駅,A,7,SOUTH MINT STUDIO 南青山,〒107-0062 東京都港区南青山２丁目２７-２０ B1F,0,,外苑前駅,167.0,ChIJxyCGQhmNGGARftkxLKPyNxU,SOUTH MINT STUDIO 南青山,4.8,4.0,1.0,OK,54.4,★4.8(+19pt) | 口コミ4件(+0pt) | 駅近500m以内 | 複数記事候補×7 | haversine:表参道駅(≤1200m)
表参道駅のレンタルダンススタジオおすすめ,駅,A,8,BUZZ レンタルスタジオ 渋谷東口SQUARE店,〒150-0002 東京都渋谷区渋谷２丁目２２-８ 名取ビル 1F,0,,渋谷駅,177.0,ChIJ_39HhnqLGGARUr_1MK6C7Bc,BUZZ渋谷東口SQUARE,4.3,20.0,0.757,OK,53.2,★4.3(+17pt) | 口コミ20件(+1pt) | 駅近500m以内 | 複数記事候補×6 | haversine:表参道駅(≤1200m)
表参道駅のレンタルダンススタジオおすすめ,駅,A,9,表参道レンタルスタジオ スタジオ ティノラス,〒107-0062 東京都港区南青山５丁目１３-９,0,,表参道駅,491.0,ChIJkS3M2mCLGGARBhN_Yh4YvRg,ティノラス南青山,4.2,25.0,0.357,OK,53.05,★4.2(+17pt) | 口コミ25件(+1pt) | 駅近500m以内 | 複数記事候補×7 | haversine:表参道駅(≤1200m)
表参道駅のレンタルダンススタジオおすすめ,駅,A,10,Hina STUDIO（ヒナスタジオ）【目黒スタジオ】,東京都渋谷区神宮前6-23-11 パークサイドハイツ303,0,,明治神宮前〈原宿〉駅,488.0,ChIJZX1gR6WLGGARH5yodrjZrGA,Hina STUDIO（ヒナスタジオ） 目黒,5.0,1.0,0.87,OK,53.05,★5.0(+20pt) | 口コミ1件(+0pt) | 駅近500m以内 | 複数記事候補×5 | haversine:表参道駅(≤1200m)
表参道駅のレンタルダンススタジオおすすめ,駅,A,11,FLASHスタジオ,〒150-0002 東京都渋谷区渋谷１丁目１０-２ グローリア宮益坂III 東館 3F,0,,渋谷駅,428.0,ChIJeZvtQjuLGGAR5E25xOVrZ7Y,FLASHスタジオ,5.0,1.0,1.0,OK,53.05,★5.0(+20pt) | 口コミ1件(+0pt) | 駅近500m以内 | 複数記事候補×5 | haversine:表参道駅(≤1200m)
表参道駅のレンタルダンススタジオおすすめ,駅,A,12,外苑前アイランドスタジオ,〒150-0001 東京都渋谷区神宮前３丁目１-２５ 神宮前Ikビル 2階,0,,外苑前駅,322.0,ChIJAQBQ1piMGGARUpWq7JCGxJ8,外苑前アイランドスタジオ,4.0,34.0,1.0,OK,52.7,★4.0(+16pt) | 口コミ34件(+2pt) | 駅近500m以内 | 複数記事候補×7 | haversine:表参道駅(≤1200m)
表参道駅のレンタルダンススタジオおすすめ,駅,A,13,東急スポーツオアシス 青山,"〒107-0061 東京都港区北青山２丁目８-４４, Tepia, B2F",0,,外苑前駅,332.0,ChIJx1Fo1JuMGGARWG76eqFuKk8,OASIS RAFEEL 青山,3.5,69.0,0.16,OK,52.45,★3.5(+14pt) | 口コミ69件(+3pt) | 駅近500m以内 | 複数記事候補×6 | haversine:表参道駅(≤1200m)
表参道駅のレンタルダンススタジオおすすめ,駅,A,14,宮益坂十間スタジオ,〒150-0002 東京都渋谷区渋谷１丁目１０-７ Ⅲ B1 (受付・Bスタジオ)、北館5F(Aスタジオ 宮益坂Stビル,0,,渋谷駅,406.0,ChIJw4lClFiLGGARlw3GlpwTYdU,宮益坂十間スタジオ・ギャラリー,3.9,20.0,0.783,OK,51.6,★3.9(+16pt) | 口コミ20件(+1pt) | 駅近500m以内 | 複数記事候補×7 | haversine:表参道駅(≤1200m)
表参道駅のレンタルダンススタジオおすすめ,駅,A,15,ノートルスタジオ,〒107-0062 東京都港区南青山３丁目５-１ O&K 南青山,0,,外苑前駅,384.0,ChIJ_dqo4p2MGGARKdHYIwdfy1k,ノートルスタジオ,3.9,8.0,1.0,OK,51.0,★3.9(+16pt) | 口コミ8件(+0pt) | 駅近500m以内 | 複数記事候補×7 | haversine:表参道駅(≤1200m)
西武新宿駅のレンタルダンススタジオおすすめ,駅,A,1,BUZZ レンタルスタジオ 新宿ハウス店,〒160-0023 東京都新宿区西新宿７丁目１６-１,1,https://dance-studio-lab.com/room/MWYzNmNhZGMtMWZiNi00MjBiLWJjNzMtZmFmNjAxYmQ5MjA3/detail,西武新宿駅,276.0,ChIJRc7vzXuNGGAR0_J9NkqzufI,BUZZ新宿ハウス,5.0,1.0,0.667,OK,155.05,提携 | ★5.0(+20pt) | 口コミ1件(+0pt) | 駅近500m以内 | 複数記事候補×7 | primary_station:西武新宿駅(≤1200m)
西武新宿駅のレンタルダンススタジオおすすめ,駅,A,2,BUZZ新宿,〒160-0023 東京都新宿区西新宿７丁目１６-４ Concierge高橋 BF 地下1階,1,https://dance-studio-lab.com/room/NThmODMwMDctZjkyNi00ZTE3LTgwNjQtMDRmOGIwMmQ5ZTRi/detail,西武新宿駅,298.0,ChIJcxTJc7GNGGAR4051ceCwzfc,BUZZ新宿,4.0,9.0,1.0,OK,151.45,提携 | ★4.0(+16pt) | 口コミ9件(+0pt) | 駅近500m以内 | 複数記事候補×7 | primary_station:西武新宿駅(≤1200m)
西武新宿駅のレンタルダンススタジオおすすめ,駅,A,3,ソニズレンタルスタジオ新宿店,〒160-0023 東京都新宿区西新宿７丁目２２-３１ 柏木 MURA B1F,0,,西武新宿駅,375.0,ChIJdQQ9gimNGGAR098g-EhKpjE,ソニズダンススタジオ新宿店,4.7,3.0,0.815,OK,53.95,★4.7(+19pt) | 口コミ3件(+0pt) | 駅近500m以内 | 複数記事候補×6 | primary_station:西武新宿駅(≤1200m)
西武新宿駅のレンタルダンススタジオおすすめ,駅,A,4,新宿 だんすた レンタルスタジオ,〒160-0023 東京都新宿区西新宿７丁目１３-７ 3F4F タカラビル,0,,西武新宿駅,398.0,ChIJb_6yAdaMGGARvi4HM8EV_Qw,新宿 だんすた レンタルスタジオ,4.4,12.0,1.0,OK,53.2,★4.4(+18pt) | 口コミ12件(+1pt) | 駅近500m以内 | 複数記事候補×6 | primary_station:西武新宿駅(≤1200m)
西武新宿駅のレンタルダンススタジオおすすめ,駅,A,5,新宿マイスタジオ,〒160-0023 東京都新宿区西新宿７丁目９-１７ ６F・５F・４F 伊藤ビル,0,,西武新宿駅,263.0,ChIJi20DOtaMGGARW9hvY9D-Ecc,新宿マイスタジオ,4.0,31.0,1.0,OK,52.55,★4.0(+16pt) | 口コミ31件(+2pt) | 駅近500m以内 | 複数記事候補×6 | primary_station:西武新宿駅(≤1200m)
西武新宿駅のレンタルダンススタジオおすすめ,駅,A,6,ノアスタジオ 新宿２号店,〒160-0023 東京都新宿区西新宿７丁目１０-１２,0,,西武新宿駅,259.0,ChIJq4-lZfeNGGAR9DDI5r96QH0,ノアスタジオ 新宿２号店,4.1,8.0,1.0,OK,51.8,★4.1(+16pt) | 口コミ8件(+0pt) | 駅近500m以内 | 複数記事候補×6 | primary_station:西武新宿駅(≤1200m)
西武新宿駅のレンタルダンススタジオおすすめ,駅,A,7,studio worcle shinjuku,〒160-0023 東京都新宿区西新宿７丁目１６-７ 第２１フジビル,0,,西武新宿駅,278.0,ChIJP-2fvgKNGGARNc1PcdJyHMg,studio worcle shinjuku,3.7,30.0,1.0,OK,51.3,★3.7(+15pt) | 口コミ30件(+2pt) | 駅近500m以内 | 複数記事候補×6 | primary_station:西武新宿駅(≤1200m)
西武新宿駅のレンタルダンススタジオおすすめ,駅,A,8,ジャパンポールダンス,〒160-0021 東京都新宿区歌舞伎町１丁目２３-１２ 第一桑原ビル 5F,0,,西武新宿駅,161.0,ChIJTQ8MAp2NGGARwEuEXIYq9T4,ジャパンポールダンス,4.7,3.0,1.0,OK,49.95,★4.7(+19pt) | 口コミ3件(+0pt) | 駅近500m以内 | 複数記事候補×4 | primary_station:西武新宿駅(≤1200m)
西武新宿駅のレンタルダンススタジオおすすめ,駅,A,9,ロジスタイルB StudioStyle+,〒160-0023 東京都新宿区西新宿７丁目１５-１４ FONTAINE三須 1F,0,,西武新宿駅,255.0,ChIJ1cFU3ymNGGAR3-rIlIEC148,ROJIスタジオStudioStyle+,3.3,3.0,0.718,OK,48.35,★3.3(+13pt) | 口コミ3件(+0pt) | 駅近500m以内 | 複数記事候補×6 | primary_station:西武新宿駅(≤1200m)
西武新宿駅のレンタルダンススタジオおすすめ,駅,A,10,レンタルスタジオ HIKARI 西新宿７丁目,〒160-0023 東京都新宿区西新宿７丁目１０-１７ B館 601号室,0,,西武新宿駅,234.0,ChIJZd7p_B-NGGARNC-M0OR9f30,レンタルスタジオ HIKARI 西新宿７丁目,3.0,1.0,1.0,OK,47.05,★3.0(+12pt) | 口コミ1件(+0pt) | 駅近500m以内 | 複数記事候補×6 | primary_station:西武新宿駅(≤1200m)
西武新宿駅のレンタルダンススタジオおすすめ,駅,A,11,レンタルスペース「301」,〒160-0021 東京都新宿区歌舞伎町２丁目８-１２ 新宿グリーンプラザ 301号,0,,西武新宿駅,507.0,ChIJEyLtsMyNGGARAQsRcSRxDCU,レンタルスペース「301」,5.0,1.0,1.0,OK,46.05,★5.0(+20pt) | 口コミ1件(+0pt) | 駅近1000m以内 | 複数記事候補×5 | primary_station:西武新宿駅(≤1200m)
西武新宿駅のレンタルダンススタジオおすすめ,駅,A,12,Hina STUDIO(ヒナスタジオ)【新宿西口アネックス】,東京都新宿区西新宿7-15-4　YS第一ビルB1階,1,https://dance-studio-lab.com/room/NWQxZDIzMzUtNWMzOC00MzY4LWE4YmYtMWU3MDBkYWM3ZDY2/detail,西武新宿駅,234.0,ChIJg1nxuYiNGGARw0kzvpNLnQE,Hina STUDIO（ヒナスタジオ） 新宿西口アネックス,,,0.893,OK,,提携 | ★nan(+nanpt) | 駅近500m以内 | 複数記事候補×5 | primary_station:西武新宿駅(≤1200m)
赤坂駅のレンタルダンススタジオおすすめ,駅,A,1,BUZZ赤坂見附 ,東京都港区赤坂3-21-14TS 共和六番館地下1階,1,https://dance-studio-lab.com/room/NjYxZDU0NDMtOGEwNS00MDM3LTllNDktMzAyNTQ0MmVlMTE1/detail,赤坂駅,100.0,ChIJVYWN_QmNGGAR9ZZTXuV5ck0,BUZZ赤坂見附,4.0,2.0,1.0,OK,149.1,提携 | ★4.0(+16pt) | 口コミ2件(+0pt) | 駅近500m以内 | 複数記事候補×5 | haversine:赤坂駅(≤1200m)
赤坂駅のレンタルダンススタジオおすすめ,駅,A,2,ノアスタジオ 赤坂店,〒107-0052 東京都港区赤坂３丁目１３-１２ 受付は隣のビル2Fとなります,0,,赤坂駅,62.0,ChIJu6hQNIeLGGARf5rRIjgFNvg,サウンドスタジオノア 赤坂店,4.7,173.0,0.636,OK,60.45,★4.7(+19pt) | 口コミ173件(+9pt) | 駅近500m以内 | 複数記事候補×5 | haversine:赤坂駅(≤1200m)
赤坂駅のレンタルダンススタジオおすすめ,駅,A,3,Pole Dance Tokyo ポールダンス東京,〒107-0052 東京都港区赤坂３丁目１６-８ 東海アネックスビルB1,0,,赤坂駅,150.0,ChIJwWi1RX-MGGARdCHNkBJgrs0,Pole Dance Tokyo ポールダンス東京,4.9,140.0,1.0,OK,59.6,★4.9(+20pt) | 口コミ140件(+7pt) | 駅近500m以内 | 複数記事候補×5 | haversine:赤坂駅(≤1200m)
赤坂駅のレンタルダンススタジオおすすめ,駅,A,4,女性専用フィットネスジム ミットネス 赤坂店,〒107-0052 東京都港区赤坂４丁目３-６ ヒューリック赤坂一ツ木通ビル 3階,0,,赤坂駅,111.0,ChIJVbRkXH-MGGARV9_313t_vB0,MITTNESS赤坂店,4.8,74.0,0.194,OK,55.9,★4.8(+19pt) | 口コミ74件(+4pt) | 駅近500m以内 | 複数記事候補×5 | haversine:赤坂駅(≤1200m)
赤坂駅のレンタルダンススタジオおすすめ,駅,A,5,Nari Gym (ナリジム),〒107-0052 東京都港区赤坂３丁目14番9号 赤坂清水ビル 2F,0,,赤坂駅,48.0,ChIJ_x3OsDeLGGARwb3rmlvIiqs,Nari Gym (ナリジム) English/中文 OK,5.0,38.0,0.684,OK,54.9,★5.0(+20pt) | 口コミ38件(+2pt) | 駅近500m以内 | 複数記事候補×5 | haversine:赤坂駅(≤1200m)
赤坂駅のレンタルダンススタジオおすすめ,駅,A,6,たにどうダンスワールド,〒107-0052 東京都港区赤坂３丁目９-４ 赤坂扇やビル 4階,0,,赤坂駅,396.0,ChIJH_pPxH6MGGARoGOmsgxE0aw,たにどうダンスワールド,4.9,9.0,1.0,OK,53.05,★4.9(+20pt) | 口コミ9件(+0pt) | 駅近500m以内 | 複数記事候補×5 | haversine:赤坂駅(≤1200m)
赤坂駅のレンタルダンススタジオおすすめ,駅,A,7,DAYS赤坂見附,〒107-0052 東京都港区赤坂３丁目９-１ 紀陽 ビル,0,,赤坂駅,433.0,ChIJC2FRx36MGGAR_aTDtm55aIg,DAYS赤坂見附,3.4,83.0,1.0,OK,50.75,★3.4(+14pt) | 口コミ83件(+4pt) | 駅近500m以内 | 複数記事候補×5 | haversine:赤坂駅(≤1200m)
赤坂駅のレンタルダンススタジオおすすめ,駅,A,8,BUZZ レンタルスタジオ赤坂店,〒107-0052 東京都港区赤坂２丁目１３-２０ Tsumugi ビル,0,,赤坂駅,148.0,ChIJ2_V0kG-LGGARj8CecSkq74s,BUZZ赤坂,4.0,20.0,0.571,OK,50.0,★4.0(+16pt) | 口コミ20件(+1pt) | 駅近500m以内 | 複数記事候補×5 | haversine:赤坂駅(≤1200m)
赤坂駅のレンタルダンススタジオおすすめ,駅,A,9,EXスタジオ麹町,〒102-0083 東京都千代田区麹町２丁目２-４ 麹町セントラルビル 5階,0,,半蔵門駅,105.0,ChIJHRID5oiNGGARE1deuN9StWo,EXスタジオ麹町,4.0,12.0,1.0,OK,49.6,★4.0(+16pt) | 口コミ12件(+1pt) | 駅近500m以内 | 複数記事候補×5 | haversine:赤坂駅(≤1200m)
赤坂駅のレンタルダンススタジオおすすめ,駅,A,10,kokokara,〒102-0082 東京都千代田区一番町１３-１６ 一番町法眼坂ビル 1階,0,,半蔵門駅,181.0,ChIJd0iaTzONGGAROqntgoYGYF8,kokokara,5.0,9.0,1.0,OK,49.45,★5.0(+20pt) | 口コミ9件(+0pt) | 駅近500m以内 | 複数記事候補×3 | haversine:赤坂駅(≤1200m)
赤坂駅のレンタルダンススタジオおすすめ,駅,A,11,BUZZ LIVE 赤坂,〒107-0052 東京都港区赤坂３丁目１５-３ 忍路ビル B1,0,,赤坂駅,100.0,ChIJ_S3p0SiLGGAROz3auU-B2uY,BUZZ LIVE 赤坂,4.2,41.0,1.0,OK,47.85,★4.2(+17pt) | 口コミ41件(+2pt) | 駅近500m以内 | 複数記事候補×3 | haversine:赤坂駅(≤1200m)
赤坂駅のレンタルダンススタジオおすすめ,駅,A,12,赤坂茜山スタジオ,〒107-0052 東京都港区赤坂２丁目２１-１ 川本ビル Ｂ１Ｆ,0,,赤坂駅,502.0,ChIJV-0QFYSLGGARtT2kgYaP41k,赤坂茜山スタジオ,4.7,7.0,1.0,OK,45.15,★4.7(+19pt) | 口コミ7件(+0pt) | 駅近1000m以内 | 複数記事候補×5 | haversine:赤坂駅(≤1200m)
赤坂駅のレンタルダンススタジオおすすめ,駅,A,13,ボンジュBallerina 紀尾井町店,〒102-0094 東京都千代田区紀尾井町１-３ 東京ガーデンテラス 1F,0,,赤坂駅,635.0,ChIJKXOY76KNGGARXgX0a99ivGI,ボンジュBallerina 紀尾井町店,3.0,1.0,1.0,OK,36.05,★3.0(+12pt) | 口コミ1件(+0pt) | 駅近1000m以内 | 複数記事候補×4 | haversine:赤坂駅(≤1200m)
赤坂駅のレンタルダンススタジオおすすめ,駅,A,14,麹町スタジオ,〒102-0093 東京都千代田区平河町１丁目５-１６ アオキスタジオビル,0,,赤坂駅,1023.0,ChIJJ8dbBHuMGGARve-mT3I0028,麹町スタジオ,3.9,80.0,1.0,OK,35.6,★3.9(+16pt) | 口コミ80件(+4pt) | 複数記事候補×4 | haversine:赤坂駅(≤1200m)
錦糸町駅のレンタルダンススタジオおすすめ,駅,A,1,RSC MASAMI STUDIO,〒130-0013 東京都墨田区錦糸３丁目１１-１ 興和2ビル 6F,0,,錦糸町駅,283.0,ChIJAQAR3imJGGAR4LOSkEZddeI,RSC MASAMI STUDIO,5.0,3.0,1.0,OK,49.15,★5.0(+20pt) | 口コミ3件(+0pt) | 駅近500m以内 | 複数記事候補×3 | haversine:錦糸町駅(≤1200m)
錦糸町駅のレンタルダンススタジオおすすめ,駅,A,2,ロゼッタスタジオ錦糸町,〒130-0013 東京都墨田区錦糸２丁目１３-１ 堀越第一ビル 5F,0,,錦糸町駅,317.0,ChIJ--mpGsSJGGARKK5YxEWTMzU,ロゼッタスタジオ錦糸町,4.0,1.0,1.0,OK,49.05,★4.0(+16pt) | 口コミ1件(+0pt) | 駅近500m以内 | 複数記事候補×5 | haversine:錦糸町駅(≤1200m)
錦糸町駅のレンタルダンススタジオおすすめ,駅,A,3,Ballet & Dance UNO,〒130-0012 東京都墨田区太平３丁目１９-５ 鈴木ビル 1階,0,,錦糸町駅,664.0,ChIJXTSEcCuPGGARIS0z_zOwJkM,Ballet & Dance UNO,5.0,8.0,1.0,OK,46.4,★5.0(+20pt) | 口コミ8件(+0pt) | 駅近1000m以内 | 複数記事候補×5 | haversine:錦糸町駅(≤1200m)
錦糸町駅のレンタルダンススタジオおすすめ,駅,A,4,Ballet & Dance TRE,〒130-0004 東京都墨田区本所３丁目７-９,0,,押上駅,971.0,ChIJqTbTuCCPGGAREtcZx7oSRB8,Ballet & Dance TRE,4.2,5.0,1.0,OK,43.05,★4.2(+17pt) | 口コミ5件(+0pt) | 駅近1000m以内 | 複数記事候補×5 | haversine:錦糸町駅(≤1200m)
錦糸町駅のレンタルダンススタジオおすすめ,駅,A,5,スタジオジパング 錦糸町スタジオSTANDARD,〒130-0012 東京都墨田区太平３丁目１４-１０ スズキビルディング 1階,0,,錦糸町駅,547.0,ChIJLR2ByzeJGGARwE_SIJYR818,スタジオジパング 錦糸町スタジオSTANDARD,3.5,6.0,1.0,OK,40.3,★3.5(+14pt) | 口コミ6件(+0pt) | 駅近1000m以内 | 複数記事候補×5 | haversine:錦糸町駅(≤1200m)
錦糸町駅のレンタルダンススタジオおすすめ,駅,A,6,studio3,〒136-0071 東京都江東区亀戸１丁目３１-８ 北越ビル 2F,0,,錦糸町駅,1077.0,ChIJSa_iEMOIGGARKHNU5T4ZLvs,studio3,5.0,13.0,1.0,OK,38.65,★5.0(+20pt) | 口コミ13件(+1pt) | 複数記事候補×5 | haversine:錦糸町駅(≤1200m)
錦糸町駅のレンタルダンススタジオおすすめ,駅,A,7,studio_MINT 錦糸町,〒130-0012 東京都墨田区太平３丁目１-４,1,https://dance-studio-lab.com/room/ZDgyZDBlYjYtZWM1YS00MGNhLWI3YjEtZjRmNTEzZmU5NjE4/detail,錦糸町駅,356.0,ChIJMf70YLqJGGARg5RsdWimXZM,studio_MINT 錦糸町,,,1.0,OK,,提携 | ★nan(+nanpt) | 駅近500m以内 | 複数記事候補×8 | haversine:錦糸町駅(≤1200m)
錦糸町駅のレンタルダンススタジオおすすめ,駅,A,8,ウチノダンススタジオ,〒136-0071 東京都江東区亀戸２丁目３７-９ 第一不動産ビル,0,,錦糸町駅,1101.0,ChIJe0Nb8s-IGGAR0v3H-id4Euk,ウチノダンススタジオ,,,1.0,OK,,★nan(+nanpt) | 複数記事候補×3 | haversine:錦糸町駅(≤1200m)
高田馬場駅のレンタルダンススタジオおすすめ,駅,A,1,レンタルスタジオAivic高田馬場,東京都新宿区高田馬場1-31-8 高田馬場ダイカンプラザ1007,1,https://dance-studio-lab.com/room/M2JhMTAxM2EtZmMxNi00ODUwLTllNjUtNWQ4OTY3NmE2MWZj/detail,高田馬場駅,278.0,ChIJ30yR5NiNGGARoQhyMj-JpYQ,レンタルスタジオ HIKARI 高田馬場,4.0,1.0,0.8,OK,149.05,提携 | ★4.0(+16pt) | 口コミ1件(+0pt) | 駅近500m以内 | 複数記事候補×5 | haversine:高田馬場駅(≤1200m)
高田馬場駅のレンタルダンススタジオおすすめ,駅,A,2,BUZZ レンタルスタジオ 高田馬場店,〒169-0075 東京都新宿区高田馬場４丁目１４-６ 地下1階 第二長谷川マンション,1,https://dance-studio-lab.com/room/NjZiZWQwNjEtYmU0ZS00MDllLWI0M2UtNmYxZjdhOWUwY2Mz/detail,高田馬場駅,273.0,ChIJQwsmb2-NGGARIk86UFkZZBY,BUZZ高田馬場,3.0,8.0,0.64,OK,143.4,提携 | ★3.0(+12pt) | 口コミ8件(+0pt) | 駅近500m以内 | 複数記事候補×4 | haversine:高田馬場駅(≤1200m)
高田馬場駅のレンタルダンススタジオおすすめ,駅,A,3,Dubwayレンタルスタジオ大久保,東京都新宿区百人町3-15-8,1,https://dance-studio-lab.com/room/YTIzMjllOTEtNzlhMy00YjBiLTgwMDctMGNhMDNkOTgwNDFh/detail,新大久保駅,660.0,ChIJiU3q4XGNGGAR1jXfZQMbpIk,Dubwayレンタルダンス大久保,2.0,1.0,0.848,OK,130.05,提携 | ★2.0(+8pt) | 口コミ1件(+0pt) | 駅近1000m以内 | 複数記事候補×3 | haversine:高田馬場駅(≤1200m)
高田馬場駅のレンタルダンススタジオおすすめ,駅,A,4,ダンススペース ベースオントップ高田馬場店,〒169-0075 東京都新宿区高田馬場１丁目３３-１４ サンフラワービル 3F,0,,高田馬場駅,120.0,ChIJX3BW0zuNGGARNAjquhhX6y0,ダンススペース ベースオントップ高田馬場店,4.3,120.0,1.0,OK,56.2,★4.3(+17pt) | 口コミ120件(+6pt) | 駅近500m以内 | 複数記事候補×5 | haversine:高田馬場駅(≤1200m)
高田馬場駅のレンタルダンススタジオおすすめ,駅,A,5,STUDIOFLAG高田馬場2号店,〒169-0075 東京都新宿区高田馬場２丁目１１-１ YOKE2ビル 地下1F,0,,高田馬場駅,455.0,ChIJpXBqKC2NGGARXXBiP_fMknA,STUDIOFLAG高田馬場2号店｜レンタルスタジオ,5.0,3.0,0.791,OK,53.15,★5.0(+20pt) | 口コミ3件(+0pt) | 駅近500m以内 | 複数記事候補×5 | haversine:高田馬場駅(≤1200m)
高田馬場駅のレンタルダンススタジオおすすめ,駅,A,6,レンタルスタジオSunny 高田馬場1号店,〒169-0075 東京都新宿区高田馬場４丁目１-５ 5F,0,,高田馬場駅,290.0,ChIJLf14Gi2NGGAR7oKO69uby1U,レンタルスタジオSunny 高田馬場1号店,4.5,40.0,1.0,OK,53.0,★4.5(+18pt) | 口コミ40件(+2pt) | 駅近500m以内 | 複数記事候補×5 | haversine:高田馬場駅(≤1200m)
高田馬場駅のレンタルダンススタジオおすすめ,駅,A,7,レンタルスタジオSunny高田馬場2号店,〒169-0075 東京都高田馬場１丁目３４-２ 千葉ビル 1F,0,,高田馬場駅,62.0,ChIJNRvvgg2NGGARFFPjbXqiQk8,レンタルスタジオSunny高田馬場2号店,4.7,15.0,1.0,OK,52.55,★4.7(+19pt) | 口コミ15件(+1pt) | 駅近500m以内 | 複数記事候補×5 | haversine:高田馬場駅(≤1200m)
高田馬場駅のレンタルダンススタジオおすすめ,駅,A,8,モダミカ アートプラザ,〒169-0075 東京都新宿区高田馬場１丁目３４-１２,0,,高田馬場駅,50.0,ChIJP9JceTmNGGARoCLfPGmBUyY,モダミカ アートプラザ,4.3,4.0,1.0,OK,50.4,★4.3(+17pt) | 口コミ4件(+0pt) | 駅近500m以内 | 複数記事候補×5 | haversine:高田馬場駅(≤1200m)
高田馬場駅のレンタルダンススタジオおすすめ,駅,A,9,studio arty 高田馬場,〒169-0075 東京都新宿区高田馬場３丁目５-３ 第90東京ビル ２F,0,,高田馬場駅,270.0,ChIJleexUYWNGGARaWLNgq9PhC8,studio arty 高田馬場,4.2,11.0,1.0,OK,50.35,★4.2(+17pt) | 口コミ11件(+1pt) | 駅近500m以内 | 複数記事候補×5 | haversine:高田馬場駅(≤1200m)
高田馬場駅のレンタルダンススタジオおすすめ,駅,A,10,スタジオキャンパス 高田馬場店,〒169-0075 東京都新宿区高田馬場４丁目２９-１ B1F,0,,高田馬場駅,483.0,ChIJWVFWsCWNGGARHYTHWcfgEmc,スタジオキャンパス 高田馬場店 ダンススタジオ,4.1,7.0,0.8,OK,49.75,★4.1(+16pt) | 口コミ7件(+0pt) | 駅近500m以内 | 複数記事候補×5 | haversine:高田馬場駅(≤1200m)
高田馬場駅のレンタルダンススタジオおすすめ,駅,A,11,レンタルスタジオ HIKARI 高田馬場,〒169-0075 東京都新宿区高田馬場４丁目４-１ M-haus B.L.D 3階,0,,高田馬場駅,67.0,ChIJ30yR5NiNGGARoQhyMj-JpYQ,レンタルスタジオ HIKARI 高田馬場,4.0,1.0,1.0,OK,49.05,★4.0(+16pt) | 口コミ1件(+0pt) | 駅近500m以内 | 複数記事候補×5 | haversine:高田馬場駅(≤1200m)
高田馬場駅のレンタルダンススタジオおすすめ,駅,A,12,アクセ・スタジオ,〒169-0075 東京都新宿区高田馬場４丁目１-７,0,,高田馬場駅,260.0,ChIJRfdlFjqNGGARfE7209GqZ_c,アクセ・スタジオ,3.8,5.0,1.0,OK,48.45,★3.8(+15pt) | 口コミ5件(+0pt) | 駅近500m以内 | 複数記事候補×5 | haversine:高田馬場駅(≤1200m)
高田馬場駅のレンタルダンススタジオおすすめ,駅,A,13,PLUS DANCE STUDIO,〒169-0075 東京都新宿区高田馬場４丁目１４-４,0,,高田馬場駅,267.0,ChIJHfVNeDeNGGARJtiKUQtppWM,PLUS DANCE STUDIO,3.5,4.0,1.0,OK,47.2,★3.5(+14pt) | 口コミ4件(+0pt) | 駅近500m以内 | 複数記事候補×5 | haversine:高田馬場駅(≤1200m)
高田馬場駅のレンタルダンススタジオおすすめ,駅,A,14,高田馬場 ペガサス,〒171-0033 東京都豊島区高田３丁目１３-８ 吉見ビル 2F,0,,高田馬場駅,368.0,ChIJFyY8xDiNGGARqRWPzko6dQ8,高田馬場 ペガサス,3.3,3.0,1.0,OK,46.35,★3.3(+13pt) | 口コミ3件(+0pt) | 駅近500m以内 | 複数記事候補×5 | haversine:高田馬場駅(≤1200m)
高田馬場駅のレンタルダンススタジオおすすめ,駅,A,15,演劇稽古場ファンファーレレンタルスタジオ高田馬場,〒169-0075 東京都新宿区高田馬場１丁目２１-４ 第５三池ビル B１F,0,,高田馬場駅,337.0,ChIJT7k3VACNGGARUkJP3p1teWw,ファンファーレスタジオ高田馬場,3.3,3.0,0.769,OK,46.35,★3.3(+13pt) | 口コミ3件(+0pt) | 駅近500m以内 | 複数記事候補×5 | haversine:高田馬場駅(≤1200m)
三軒茶屋駅のレンタルダンススタジオおすすめ,駅,B,1,スタジオアニマーダ,〒154-0024 東京都世田谷区三軒茶屋１丁目１６-８,0,,三軒茶屋駅,423.0,ChIJ_9HFcJj0GGARhlZRK4G0ubk,スタジオアニマーダ,4.7,10.0,1.0,OK,42.3,★4.7(+19pt) | 口コミ10件(+0pt) | 駅近500m以内 | 複数記事候補×5 | primary_station:三軒茶屋駅(≤1200m)
三軒茶屋駅のレンタルダンススタジオおすすめ,駅,B,2,レンタルスタジオマイレッスン 三軒茶屋店,〒154-0024 東京都世田谷区三軒茶屋１丁目３０-９,0,,三軒茶屋駅,235.0,ChIJVVXhvZj0GGARhIhx7xvVZuk,レンタルスタジオマイレッスン 三軒茶屋店,3.5,6.0,1.0,OK,37.3,★3.5(+14pt) | 口コミ6件(+0pt) | 駅近500m以内 | 複数記事候補×5 | primary_station:三軒茶屋駅(≤1200m)
三軒茶屋駅のレンタルダンススタジオおすすめ,駅,B,3,レンタルスタジオ KeikoBa P,〒154-0004 東京都世田谷区太子堂２丁目３０-５ 地下一階,0,,三軒茶屋駅,408.0,ChIJ1QW8F6D0GGARPehGek6FAuw,レンタルスタジオ KeikoBa P,3.3,3.0,1.0,OK,36.35,★3.3(+13pt) | 口コミ3件(+0pt) | 駅近500m以内 | 複数記事候補×5 | primary_station:三軒茶屋駅(≤1200m)
三軒茶屋駅のレンタルダンススタジオおすすめ,駅,B,4,スタジオR&Y,〒154-0011 東京都世田谷区上馬２丁目３１-１３ フラワーホーム102,0,,三軒茶屋駅,624.0,ChIJAQCQ65v0GGARmZxSzUR0GyU,スタジオR&Y,5.0,2.0,1.0,OK,34.1,★5.0(+20pt) | 口コミ2件(+0pt) | 駅近1000m以内 | 複数記事候補×4 | primary_station:三軒茶屋駅(≤1200m)
三軒茶屋駅のレンタルダンススタジオおすすめ,駅,B,5,スタジオマーティ 駒沢大学 / STUDIO marty Komazawa,〒154-0011 東京都世田谷区上馬２丁目２-５ ２F,0,,三軒茶屋駅,973.0,ChIJq6oddZr0GGAREg2llRm8qxU,スタジオマーティ 駒沢大学 / STUDIO marty Komazawa,5.0,1.0,1.0,OK,34.05,★5.0(+20pt) | 口コミ1件(+0pt) | 駅近1000m以内 | 複数記事候補×4 | primary_station:三軒茶屋駅(≤1200m)
三軒茶屋駅のレンタルダンススタジオおすすめ,駅,B,6,駒沢ダンスガーデン,〒154-0011 東京都世田谷区上馬３丁目７-８,0,,三軒茶屋駅,1165.0,ChIJa8se85D0GGARIUUgq7X_yDs,駒沢ダンスガーデン,5.0,1.0,1.0,OK,26.05,★5.0(+20pt) | 口コミ1件(+0pt) | 複数記事候補×4 | primary_station:三軒茶屋駅(≤1200m)
三軒茶屋駅のレンタルダンススタジオおすすめ,駅,B,7,STUDIO ELEVATE スタジオエレベート,〒154-0024 東京都世田谷区三軒茶屋２丁目１１-２４ サンタワーズＡ 棟401,0,,三軒茶屋駅,265.0,ChIJwVllqWn1GGAR1DTcmPIfMBw,STUDIO ELEVATE スタジオエレベート,,,1.0,OK,,★nan(+nanpt) | 駅近500m以内 | 複数記事候補×5 | primary_station:三軒茶屋駅(≤1200m)
三軒茶屋駅のレンタルダンススタジオおすすめ,駅,B,8,ポールダンススタジオ Grace A,〒154-0024 東京都世田谷区三軒茶屋２丁目１４-１２ 三元ビル 403,0,,三軒茶屋駅,63.0,,,,,,NOT_FOUND,,★nan(+nanpt) | 駅近500m以内 | 複数記事候補×5 | primary_station:三軒茶屋駅(≤1200m)
三軒茶屋駅のレンタルダンススタジオおすすめ,駅,B,9,三軒茶屋リーフスタジオ,〒154-0004 東京都世田谷区太子堂３丁目１４-８ 太子堂COMPLEX 3F 300号室,0,,三軒茶屋駅,385.0,ChIJl74t4J_0GGAReZ9juwbJ2q8,三軒茶屋リーフ300スタジオ,,,0.88,OK,,★nan(+nanpt) | 駅近500m以内 | 複数記事候補×5 | primary_station:三軒茶屋駅(≤1200m)
三鷹駅のレンタルダンススタジオおすすめ,駅,B,1,三鷹レンタルスタジオRin,〒181-0013 東京都三鷹市下連雀３丁目２３-１２ アージェントビル 402,0,,三鷹駅,165.0,ChIJb7SJCg3vGGAR0FAYMcm58_8,三鷹レンタルスタジオRin,5.0,8.0,1.0,OK,43.4,★5.0(+20pt) | 口コミ8件(+0pt) | 駅近500m以内 | 複数記事候補×5 | haversine:三鷹駅(≤1200m)
三鷹駅のレンタルダンススタジオおすすめ,駅,B,2,吉祥寺 三鷹 モリノスタジオ,〒181-0013 東京都三鷹市下連雀１丁目１７-４ GRATO井の頭公園 2F,0,,三鷹駅,923.0,ChIJCcKoZzXuGGARgaI_VSONBtE,吉祥寺 三鷹 モリノスタジオ,5.0,8.0,1.0,OK,38.4,★5.0(+20pt) | 口コミ8件(+0pt) | 駅近1000m以内 | 複数記事候補×6 | haversine:三鷹駅(≤1200m)
三鷹駅のレンタルダンススタジオおすすめ,駅,B,3,emotionS Dance Studio,〒180-0006 東京都武蔵野市中町１丁目２５-１０ 三祐ビル B1F,0,,三鷹駅,220.0,ChIJdSk0IrDvGGARKNNJyHs3nEU,emotionS Dance Studio,3.0,2.0,1.0,OK,37.1,★3.0(+12pt) | 口コミ2件(+0pt) | 駅近500m以内 | 複数記事候補×6 | haversine:三鷹駅(≤1200m)
三鷹駅のレンタルダンススタジオおすすめ,駅,B,4,三鷹RI劇場(旧名三鷹RIスタジオ),〒181-0013 東京都三鷹市下連雀３丁目 榎本ビル 地下1階,0,,三鷹駅,235.0,ChIJ75gmy7bvGGARdfRHg_wQO9o,三鷹RI劇場(旧名三鷹RIスタジオ),3.6,70.0,1.0,OK,36.9,★3.6(+14pt) | 口コミ70件(+4pt) | 駅近500m以内 | 複数記事候補×3 | haversine:三鷹駅(≤1200m)
三鷹駅のレンタルダンススタジオおすすめ,駅,B,5,レンタルスタジオOLI（オリ） 三鷹 ［定員30名 教室レッスン、スポットレンタルできます］,〒180-0013 東京都武蔵野市西久保２丁目１-１０ Ｙ’Ｓビル B１ ワイズビル,0,,三鷹駅,628.0,ChIJAdK3eJ_vGGARBhLim9Ju-tE,レンタルスタジオOLI（オリ） 三鷹 ［定員30名 教室レッスン、スポットレンタルできます］,5.0,2.0,1.0,OK,36.1,★5.0(+20pt) | 口コミ2件(+0pt) | 駅近1000m以内 | 複数記事候補×5 | haversine:三鷹駅(≤1200m)
三鷹駅のレンタルダンススタジオおすすめ,駅,B,6,三鷹イレブン会館 永谷ダンススタジオ 貸会議室,〒180-0006 東京都武蔵野市中町２丁目１３-１,0,,三鷹駅,397.0,ChIJ8_pwyxHuGGARH47wiSN-Eao,三鷹イレブン会館 永谷ダンススタジオ 貸会議室,3.3,3.0,1.0,OK,34.35,★3.3(+13pt) | 口コミ3件(+0pt) | 駅近500m以内 | 複数記事候補×4 | haversine:三鷹駅(≤1200m)
下北沢駅のレンタルダンススタジオおすすめ,駅,B,1,ピアノスタジオノア 下北沢店,〒155-0031 東京都世田谷区北沢２丁目３４-８,0,,下北沢駅,201.0,ChIJkRZR42rzGGARZUx6Nwvucbk,ピアノスタジオノア 下北沢店,4.4,83.0,1.0,OK,44.75,★4.4(+18pt) | 口コミ83件(+4pt) | 駅近500m以内 | 複数記事候補×5 | primary_station:下北沢駅(≤1200m)
下北沢駅のレンタルダンススタジオおすすめ,駅,B,2,スタジオセンティード Studio SENTIDO（レンタルスタジオ）,〒155-0031 東京都世田谷区北沢２丁目１８-５ 地下１階,0,,下北沢駅,253.0,ChIJ6Vsg52vzGGARG1pIJS-deqg,スタジオセンティード Studio SENTIDO（レンタルスタジオ）,5.0,1.0,1.0,OK,43.05,★5.0(+20pt) | 口コミ1件(+0pt) | 駅近500m以内 | 複数記事候補×5 | primary_station:下北沢駅(≤1200m)
下北沢駅のレンタルダンススタジオおすすめ,駅,B,3,BRONX RENTAL STUDIO,〒155-0031 東京都世田谷区北沢２丁目５-１０,0,,下北沢駅,106.0,ChIJ___jiWnzGGARY1MFvX-_Ce8,BRONX RENTAL STUDIO,3.7,15.0,1.0,OK,38.55,★3.7(+15pt) | 口コミ15件(+1pt) | 駅近500m以内 | 複数記事候補×5 | primary_station:下北沢駅(≤1200m)
下北沢駅のレンタルダンススタジオおすすめ,駅,B,4,アリスト バレエスタジオ,〒155-0031 東京都世田谷区北沢２丁目９-２１ ミナミ10号館ビル 4階,0,,下北沢駅,51.0,ChIJVVXBimrzGGARpwZRDTJgtkQ,Aristo BALLET STUDIO,4.3,6.0,0.0,OK,36.5,★4.3(+17pt) | 口コミ6件(+0pt) | 駅近500m以内 | 複数記事候補×3 | primary_station:下北沢駅(≤1200m)
下北沢駅のレンタルダンススタジオおすすめ,駅,B,5,スタジオハクーロ,〒155-0032 東京都世田谷区代沢２丁目４６ 三宅ビル,0,,下北沢駅,379.0,ChIJVVV6SULzGGARf37U5JLvx9k,スタジオハクーロ,3.3,6.0,1.0,OK,36.5,★3.3(+13pt) | 口コミ6件(+0pt) | 駅近500m以内 | 複数記事候補×5 | primary_station:下北沢駅(≤1200m)
下北沢駅のレンタルダンススタジオおすすめ,駅,B,6,スタジオルゥ,〒155-0031 東京都世田谷区北沢１丁目３９-７ ＳＡビル 2F N,0,,下北沢駅,90.0,ChIJZVe2HmrzGGARVougsgYyGaQ,スタジオルゥ,3.8,8.0,1.0,OK,34.6,★3.8(+15pt) | 口コミ8件(+0pt) | 駅近500m以内 | 複数記事候補×3 | primary_station:下北沢駅(≤1200m)
下北沢駅のレンタルダンススタジオおすすめ,駅,B,7,ダンススタジオ・レンタルスタジオ_DANCE SPACE 365,〒156-0041 東京都世田谷区大原１丁目２４-４ ローザ新代田 B1-2号室,0,,下北沢駅,869.0,ChIJYfCKqkHzGGAR1sSVwO6L8eQ,レンタルスタジオ・ダンススタジオ_DANCE SPACE 365,4.9,11.0,0.821,OK,34.15,★4.9(+20pt) | 口コミ11件(+1pt) | 駅近1000m以内 | 複数記事候補×4 | primary_station:下北沢駅(≤1200m)
下北沢駅のレンタルダンススタジオおすすめ,駅,B,8,演劇舞台稽古場 ファンファーレレンタルスタジオ代田環七（撮影レンタルスタジオとしても利用可）,〒156-0041 東京都世田谷区大原１丁目２３-１５ 三京ビル ６F,0,,下北沢駅,949.0,ChIJ__8z6RHzGGARQwcZ2d-5tSk,ファンファーレスタジオ代田環七,4.0,8.0,0.5,OK,32.4,★4.0(+16pt) | 口コミ8件(+0pt) | 駅近1000m以内 | 複数記事候補×5 | primary_station:下北沢駅(≤1200m)
下北沢駅のレンタルダンススタジオおすすめ,駅,B,9,池ノ上道場 / 池ノ上スタジオ Ikenoue-dojo/Ikenoue studio,〒155-0032 東京都世田谷区代沢２丁目４８-２１ ２階,0,,下北沢駅,520.0,ChIJBRtvoEPzGGARqvP-zXk_z_g,池ノ上道場 / 池ノ上スタジオ Ikenoue-dojo/Ikenoue studio,,,1.0,OK,,★nan(+nanpt) | 駅近1000m以内 | 複数記事候補×4 | primary_station:下北沢駅(≤1200m)
下北沢駅のレンタルダンススタジオおすすめ,駅,B,10,下北沢 ヴィンテージスタジオ,〒155-0031 東京都世田谷区北沢２丁目２６-５ 伊澤ビル 3F,0,,下北沢駅,259.0,ChIJt-FnHKPzGGARYvPHealctgY,下北沢 ヴィンテージスタジオ,,,1.0,OK,,★nan(+nanpt) | 駅近500m以内 | 複数記事候補×5 | primary_station:下北沢駅(≤1200m)
下北沢駅のレンタルダンススタジオおすすめ,駅,B,11,田中美穂フラメンコスタジオ,〒155-0031 東京都世田谷区北沢４丁目３-２３,0,,下北沢駅,661.0,ChIJG943jT_zGGARZ7ZnQMvejg4,田中美穂フラメンコスタジオ,,,1.0,OK,,★nan(+nanpt) | 駅近1000m以内 | 複数記事候補×2 | primary_station:下北沢駅(≤1200m)
国分寺駅のレンタルダンススタジオおすすめ,駅,B,1,BUZZ レンタルスタジオ 国分寺店,〒185-0021 東京都国分寺市南町３丁目２７-７ 白馬ビル B1F,1,https://dance-studio-lab.com/room/ZjIzMWQ0ZjctM2ViOC00Yzg1LWExMzMtMGFkZDYwYzg1Mjhj/detail,国分寺駅,334.0,ChIJ_bWY6_nlGGARtxAFIew6g9I,BUZZ国分寺,2.9,8.0,0.609,OK,137.0,提携 | ★2.9(+12pt) | 口コミ8件(+0pt) | 駅近500m以内 | 複数記事候補×6 | haversine:国分寺駅(≤1200m)
国分寺駅のレンタルダンススタジオおすすめ,駅,B,2,レンタルスタジオクラッセ国分寺,〒185-0021 東京都国分寺市南町３丁目１８-２ 川端ビル ４階A,0,,国分寺駅,179.0,ChIJV-Es59DlGGARQDbjEAe_LEY,レンタルスタジオクラッセ国分寺,5.0,25.0,1.0,OK,44.25,★5.0(+20pt) | 口コミ25件(+1pt) | 駅近500m以内 | 複数記事候補×5 | haversine:国分寺駅(≤1200m)
国分寺駅のレンタルダンススタジオおすすめ,駅,B,3,宮地楽器 国分寺センター,〒185-0021 東京都国分寺市南町３丁目１２-２ 国分寺宮地ビル,0,,国分寺駅,316.0,ChIJBfvRtUnkGGARVTheOwD43c4,宮地楽器 国分寺センター,4.8,8.0,1.0,OK,42.6,★4.8(+19pt) | 口コミ8件(+0pt) | 駅近500m以内 | 複数記事候補×5 | haversine:国分寺駅(≤1200m)
国分寺駅のレンタルダンススタジオおすすめ,駅,B,4,Studio EFU（スタジオ エフ）,〒185-0012 東京都国分寺市本町２丁目２-１１ 鳥越ビル Ｂ１,0,,国分寺駅,124.0,ChIJCa3-CTbkGGARj3JA7WT8luI,Studio EFU（スタジオ エフ）,4.7,3.0,1.0,OK,41.95,★4.7(+19pt) | 口コミ3件(+0pt) | 駅近500m以内 | 複数記事候補×5 | haversine:国分寺駅(≤1200m)
国分寺駅のレンタルダンススタジオおすすめ,駅,B,5,Tap Dance Company Freiheit,〒185-0011 東京都国分寺市本多１丁目１-２０ Cross Stair B,0,,国分寺駅,413.0,ChIJg8E5qTXkGGARs0nhvorwaAI,Tap Dance Company Freiheit,4.5,11.0,1.0,OK,41.55,★4.5(+18pt) | 口コミ11件(+1pt) | 駅近500m以内 | 複数記事候補×5 | haversine:国分寺駅(≤1200m)
国分寺駅のレンタルダンススタジオおすすめ,駅,B,6,スタジオＰＯＰ,〒185-0022 東京都国分寺市東元町２丁目２０-１１ アーバンコア,0,,国分寺駅,451.0,ChIJQXNIbEnkGGARR7KbKHGwric,スタジオＰＯＰ,5.0,1.0,1.0,OK,39.05,★5.0(+20pt) | 口コミ1件(+0pt) | 駅近500m以内 | 複数記事候補×3 | haversine:国分寺駅(≤1200m)
国分寺駅のレンタルダンススタジオおすすめ,駅,B,7,国分寺 プレイス レンタルスタジオ,〒185-0021 東京都国分寺市南町３丁目３-２０ ロイヤルプレイス南町 B1,0,,国分寺駅,404.0,ChIJJX69P0jkGGAR9k0wzpiq-tk,国分寺 プレイス レンタルスタジオ,3.0,3.0,1.0,OK,35.15,★3.0(+12pt) | 口コミ3件(+0pt) | 駅近500m以内 | 複数記事候補×5 | haversine:国分寺駅(≤1200m)
国分寺駅のレンタルダンススタジオおすすめ,駅,B,8,Studio Landin' 国分寺校,〒185-0021 東京都国分寺市南町３丁目２２-３１ 島崎ビルB1F,0,,国分寺駅,254.0,ChIJR1iP1zfkGGAR4QO7AIKxEPM,Studio Landin' 国分寺校,3.4,13.0,1.0,OK,33.25,★3.4(+14pt) | 口コミ13件(+1pt) | 駅近500m以内 | 複数記事候補×3 | haversine:国分寺駅(≤1200m)
国分寺駅のレンタルダンススタジオおすすめ,駅,B,9,BUZZ レンタルスタジオ 西国分寺店,〒185-0024 東京都国分寺市泉町３丁目３７-２５ 天龍ビル B1,1,https://dance-studio-lab.com/room/ZDcyMzBmZWYtMzdiYS00YjY0LThmOGEtZDJjMzQxNTVlZDA2/detail,西国分寺駅,117.0,ChIJD8ADYIflGGAR0Yc6INNQ5v0,BUZZ西国分寺,,,0.64,OK,,提携 | ★nan(+nanpt) | 駅近500m以内 | 複数記事候補×7 | candidate_station_fallback:国分寺駅
国分寺駅のレンタルダンススタジオおすすめ,駅,B,10,スタジオ ノバック,〒185-0021 東京都国分寺市南町２丁目１７-７ B.C.B TAKURA 3F,0,,国分寺駅,235.0,ChIJX_NHEkrkGGARbvr7YgTkHoU,スタジオ ノバック,,,1.0,OK,,★nan(+nanpt) | 駅近500m以内 | 複数記事候補×3 | haversine:国分寺駅(≤1200m)
国分寺駅のレンタルダンススタジオおすすめ,駅,B,11,スタジオベルゼ-Studio Verger-,〒185-0021 東京都国分寺市南町２丁目１３-５ 地下1F ベルゼ国分寺,0,,国分寺駅,318.0,ChIJ3ZgzKkrkGGAR0DueTKEivTo,スタジオベルゼ,,,0.538,OK,,★nan(+nanpt) | 駅近500m以内 | 複数記事候補×3 | haversine:国分寺駅(≤1200m)
学芸大学駅のレンタルダンススタジオおすすめ,駅,B,1,Dancing Appaloosa ダンシング アパルーサ,〒152-0004 東京都目黒区鷹番３丁目４-１９ 江連ビル 3階 イズミダンススクール内,0,,学芸大学駅,53.0,ChIJZxflgEH1GGAR8O76B2Rnr0M,カントリーダンス ダンシング アパルーサ,5.0,2.0,0.455,OK,43.1,★5.0(+20pt) | 口コミ2件(+0pt) | 駅近500m以内 | 複数記事候補×5 | primary_station:学芸大学駅(≤1200m)
学芸大学駅のレンタルダンススタジオおすすめ,駅,B,2,溶岩ホットヨガ LaLa Aasha（ララアーシャ）学芸大学,〒152-0004 東京都目黒区鷹番２丁目２０-６ Kh.01 3F,0,,学芸大学駅,154.0,ChIJge7oMsz0GGARIRcwDFkmNR0,溶岩ホットヨガ LaLa Aasha（ララアーシャ）学芸大学スタジオ,4.2,49.0,0.933,OK,42.25,★4.2(+17pt) | 口コミ49件(+2pt) | 駅近500m以内 | 複数記事候補×5 | primary_station:学芸大学駅(≤1200m)
学芸大学駅のレンタルダンススタジオおすすめ,駅,B,3,ノアスタジオ 学芸大店,〒152-0003 東京都目黒区碑文谷５丁目２５-１０ 1F?7F ノアビル２２,0,,学芸大学駅,753.0,ChIJgX5Xytr0GGARftC2wmx9s_o,ノアスタジオ 学芸大店,3.7,241.0,1.0,OK,40.85,★3.7(+15pt) | 口コミ241件(+12pt) | 駅近1000m以内 | 複数記事候補×4 | primary_station:学芸大学駅(≤1200m)
学芸大学駅のレンタルダンススタジオおすすめ,駅,B,4,祐天寺 キッズダンス！ Navilla Dance School,〒153-0052 東京都目黒区祐天寺２丁目１５-１６,0,,学芸大学駅,940.0,ChIJrahBePz1GGARrE0GroNmEL4,祐天寺 ダンススクール！ Navilla Dance School,5.0,9.0,0.877,OK,34.45,★5.0(+20pt) | 口コミ9件(+0pt) | 駅近1000m以内 | 複数記事候補×4 | primary_station:学芸大学駅(≤1200m)
学芸大学駅のレンタルダンススタジオおすすめ,駅,B,5,スタジオフラップ,〒152-0003 東京都目黒区碑文谷５丁目１４-１３,0,,学芸大学駅,735.0,ChIJ_xN48dD0GGARHi3T5glbr1E,スタジオフラップ,3.5,2.0,1.0,OK,28.1,★3.5(+14pt) | 口コミ2件(+0pt) | 駅近1000m以内 | 複数記事候補×4 | primary_station:学芸大学駅(≤1200m)
学芸大学駅のレンタルダンススタジオおすすめ,駅,B,6,スタジオエイル,〒153-0053 東京都目黒区五本木３丁目１８-７ 第２飯島ビル,0,,学芸大学駅,365.0,ChIJ8xe4Hsz0GGAReKayQosKViI,スタジオエイル,,,1.0,OK,,★nan(+nanpt) | 駅近500m以内 | 複数記事候補×3 | primary_station:学芸大学駅(≤1200m)
日暮里駅のレンタルダンススタジオおすすめ,駅,B,1,日暮里リーダンススタジオ,東京都荒川区西日暮里2-29-6秋山ビル301,1,https://dance-studio-lab.com/room/MjAxNTcyNmItYmQ2Ny00MmEzLWIyNjktODFkZmYxNGJiOTVh/detail,日暮里駅,232.0,ChIJkz_TqWqNGGARFyM7xMwgIhk,リーダンス,4.9,19.0,0.588,OK,143.55,提携 | ★4.9(+20pt) | 口コミ19件(+1pt) | 駅近500m以内 | 複数記事候補×5 | haversine:日暮里駅(≤1200m)
日暮里駅のレンタルダンススタジオおすすめ,駅,B,2,ミライスタジオ上野,〒110-0003 東京都台東区根岸１丁目５-１３,0,,日暮里駅,943.0,ChIJEx8RZU6PGGARao7zHmKHtEs,ミライスタジオ上野,4.9,12.0,1.0,OK,38.2,★4.9(+20pt) | 口コミ12件(+1pt) | 駅近1000m以内 | 複数記事候補×6 | haversine:日暮里駅(≤1200m)
日暮里駅のレンタルダンススタジオおすすめ,駅,B,3,あおちゃんダンスコミュニケーション サルサダンス ブラジルダンス 認知症予防ダンス,〒110-0003 東京都台東区根岸２丁目１２-１１,0,,日暮里駅,726.0,ChIJL5FF-YuOGGARL1gBq1h6He8,【東京サルサ】あおちゃんダンスコミュニケーション,5.0,26.0,0.548,OK,37.3,★5.0(+20pt) | 口コミ26件(+1pt) | 駅近1000m以内 | 複数記事候補×5 | haversine:日暮里駅(≤1200m)
日暮里駅のレンタルダンススタジオおすすめ,駅,B,4,スタジオよもだ A館,〒110-0003 東京都台東区１２ 根岸2丁目12-11 スタジオよもだ,0,,日暮里駅,722.0,ChIJBWVVzYaOGGARUePbqU6upsk,スタジオよもだ A館,4.3,18.0,1.0,OK,34.1,★4.3(+17pt) | 口コミ18件(+1pt) | 駅近1000m以内 | 複数記事候補×5 | haversine:日暮里駅(≤1200m)
日暮里駅のレンタルダンススタジオおすすめ,駅,B,5,BUZZ レンタルスタジオ 上野店,〒110-0003 東京都台東区根岸３丁目６-３ 小林ビル 地下1階,0,,上野駅,975.0,ChIJA0xvfHyPGGARPx1X3lfmPKM,BUZZ上野,3.8,17.0,0.571,OK,34.05,★3.8(+15pt) | 口コミ17件(+1pt) | 駅近1000m以内 | 複数記事候補×6 | haversine:日暮里駅(≤1200m)
日暮里駅のレンタルダンススタジオおすすめ,駅,B,6,白樺ドレス,〒116-0013 東京都荒川区西日暮里５丁目１４-１ 太陽ビル 2F,0,,日暮里駅,603.0,ChIJMbIXVNeNGGARl5rShCNZGPY,白樺ドレス,4.4,18.0,1.0,OK,32.5,★4.4(+18pt) | 口コミ18件(+1pt) | 駅近1000m以内 | 複数記事候補×4 | haversine:日暮里駅(≤1200m)
日暮里駅のレンタルダンススタジオおすすめ,駅,B,7,BUZZ レンタルスタジオ 西日暮里店,〒116-0013 東京都荒川区西日暮里５丁目２４-２ Ｋ．Ｉビル 地下1階,0,,日暮里駅,595.0,ChIJZcun-UiSGGARroEXzMiu80g,BUZZ西日暮里,4.2,30.0,0.64,OK,32.3,★4.2(+17pt) | 口コミ30件(+2pt) | 駅近1000m以内 | 複数記事候補×4 | haversine:日暮里駅(≤1200m)
日暮里駅のレンタルダンススタジオおすすめ,駅,B,8,スタジオＲ,〒110-0001 東京都台東区谷中２丁目８-１２,0,,日暮里駅,757.0,ChIJx7acKdONGGARlrTzOo85dYA,スタジオＲ,4.0,2.0,1.0,OK,32.1,★4.0(+16pt) | 口コミ2件(+0pt) | 駅近1000m以内 | 複数記事候補×5 | haversine:日暮里駅(≤1200m)
日暮里駅のレンタルダンススタジオおすすめ,駅,B,9,I.G.Oスタジオ,"4F, ３丁目-５-１ 西日暮里 荒川区 東京都 116-0013",0,,日暮里駅,619.0,ChIJsebzn9CNGGAR3PLQ72FeM4k,I.G.Oスタジオ,4.4,5.0,1.0,OK,31.85,★4.4(+18pt) | 口コミ5件(+0pt) | 駅近1000m以内 | 複数記事候補×4 | haversine:日暮里駅(≤1200m)
日暮里駅のレンタルダンススタジオおすすめ,駅,B,10,BUZZ レンタルスタジオ 日暮里店,〒116-0014 東京都荒川区東日暮里６丁目６０-９ 日暮里駅前ビル B1F,0,,日暮里駅,151.0,ChIJH9CAwSeNGGAR5MwXnRyPaQE,BUZZ日暮里,2.8,19.0,0.609,OK,31.15,★2.8(+11pt) | 口コミ19件(+1pt) | 駅近500m以内 | 複数記事候補×3 | haversine:日暮里駅(≤1200m)
日暮里駅のレンタルダンススタジオおすすめ,駅,B,11,スタジオよもだB館,〒110-0003 東京都台東区根岸２丁目１７-１,0,,日暮里駅,744.0,ChIJowtU_8aPGGARYvRSfFu2afs,スタジオよもだB館,3.5,4.0,1.0,OK,30.2,★3.5(+14pt) | 口コミ4件(+0pt) | 駅近1000m以内 | 複数記事候補×5 | haversine:日暮里駅(≤1200m)
日暮里駅のレンタルダンススタジオおすすめ,駅,B,12,スタジオプレステージ 根津スタジオ,〒110-0001 東京都台東区谷中２丁目６-５０,0,,日暮里駅,834.0,ChIJh-3d2yyMGGARAvWkKEikbFg,スタジオプレステージ 根津スタジオ,4.1,31.0,1.0,OK,29.95,★4.1(+16pt) | 口コミ31件(+2pt) | 駅近1000m以内 | 複数記事候補×3 | haversine:日暮里駅(≤1200m)
日暮里駅のレンタルダンススタジオおすすめ,駅,B,13,スタジオWITHテライダンスカンパニー,〒116-0014 東京都荒川区東日暮里６丁目４５-３ ハイウエストビル3F ハイウエストビル,0,,日暮里駅,426.0,ChIJZwxiVX6OGGARBwKzCszYmQI,スタジオWITH,1.0,1.0,0.593,OK,27.05,★1.0(+4pt) | 口コミ1件(+0pt) | 駅近500m以内 | 複数記事候補×5 | haversine:日暮里駅(≤1200m)
日暮里駅のレンタルダンススタジオおすすめ,駅,B,14,スタジオHIKARI 上野,〒110-0003 東京都台東区根岸１丁目１-１５ ルンビニフードカフェ鶯谷店 4階,0,,上野駅,822.0,ChIJAbriT2mPGGAR7IWRCcbBij0,スタジオHIKARI 上野,3.0,4.0,1.0,OK,26.2,★3.0(+12pt) | 口コミ4件(+0pt) | 駅近1000m以内 | 複数記事候補×4 | haversine:日暮里駅(≤1200m)
日暮里駅のレンタルダンススタジオおすすめ,駅,B,15,長谷川政義ダンスワールド,〒116-0013 東京都荒川区西日暮里６丁目４７-８ サンライズ21 2F,0,,日暮里駅,926.0,ChIJkbisb9mNGGAREocc3RcVp-Y,長谷川政義ダンスワールド,,,1.0,OK,,★nan(+nanpt) | 駅近1000m以内 | 複数記事候補×4 | haversine:日暮里駅(≤1200m)
池尻大橋駅のレンタルダンススタジオおすすめ,駅,B,1,Dance Studio Linda 中目黒,〒153-0043 東京都目黒区東山１丁目４-１３ ASA東山ビル １F,0,,池尻大橋駅,1023.0,ChIJiW4sFKWLGGARalWX5kUukNw,Dance Studio Linda 中目黒,4.8,5.0,1.0,OK,25.45,★4.8(+19pt) | 口コミ5件(+0pt) | 複数記事候補×4 | primary_station:池尻大橋駅(≤1200m)
池尻大橋駅のレンタルダンススタジオおすすめ,駅,B,2,駒場アートワークス,〒153-0041 東京都目黒区駒場２丁目１２-２,0,,池尻大橋駅,777.0,ChIJi0nzPfjzGGARG526Z3pxP-Q,駒場アートワークス,3.3,3.0,1.0,OK,23.35,★3.3(+13pt) | 口コミ3件(+0pt) | 駅近1000m以内 | 複数記事候補×2 | primary_station:池尻大橋駅(≤1200m)
池尻大橋駅のレンタルダンススタジオおすすめ,駅,B,3,Studio B,〒153-0041 東京都目黒区駒場３丁目５-６,0,,池尻大橋駅,859.0,ChIJ2wybWlTzGGAReW0FH0TU4KI,studio B,,,1.0,OK,,★nan(+nanpt) | 駅近1000m以内 | 複数記事候補×4 | primary_station:池尻大橋駅(≤1200m)
池尻大橋駅のレンタルダンススタジオおすすめ,駅,B,4,池尻大橋レンタルスタジオY3,〒153-0043 東京都目黒区東山３丁目１-１９ メゾン池尻大橋 M.I.O Bldg 305,0,,池尻大橋駅,173.0,ChIJT1jUBdj1GGARlwlQX4hUx0I,池尻大橋レンタルスタジオY3,,,1.0,OK,,★nan(+nanpt) | 駅近500m以内 | 複数記事候補×5 | primary_station:池尻大橋駅(≤1200m)
池尻大橋駅のレンタルダンススタジオおすすめ,駅,B,5,株式会社expg family,〒153-0043 東京都目黒区東山１丁目２-２ 目黒東山スクエアビル 4F,0,,池尻大橋駅,886.0,ChIJjSjPG1-NGGARSXyDaBkBNtk,㈱expg family,,,0.8,OK,,★nan(+nanpt) | 駅近1000m以内 | 複数記事候補×4 | primary_station:池尻大橋駅(≤1200m)
池尻大橋駅のレンタルダンススタジオおすすめ,駅,B,6,三軒茶屋 銀杏の葉 レンタルダンススタジオ,〒154-0004 東京都世田谷区太子堂１丁目４-３３ アークビル 3F,0,,池尻大橋駅,750.0,ChIJsS5mPlL1GGARngJZB1jBBhk,三軒茶屋 銀杏の葉 レンタルダンススタジオ,,,1.0,OK,,★nan(+nanpt) | 駅近1000m以内 | 複数記事候補×4 | primary_station:池尻大橋駅(≤1200m)
自由が丘駅のレンタルダンススタジオおすすめ,駅,B,1,CARDIO BARRE JIYUGAOKA (カーディオ・バー 自由が丘店),〒152-0035 東京都目黒区自由が丘２丁目１０-４ ミルシェ自由が丘 5階,0,,自由が丘駅,132.0,ChIJTSxeVXT1GGAR8L9MZnzOZO0,CARDIO BARRE JIYUGAOKA (カーディオ・バー 自由が丘店),4.8,154.0,1.0,OK,49.9,★4.8(+19pt) | 口コミ154件(+8pt) | 駅近500m以内 | 複数記事候補×5 | primary_station:自由が丘駅(≤1200m)
自由が丘駅のレンタルダンススタジオおすすめ,駅,B,2,ダンススタジオANGELO★,〒152-0035 東京都目黒区自由が丘２丁目１６-２５ シグナルヒル B1,0,,自由が丘駅,270.0,ChIJSyd5GR71GGARmpn_LZ1e4K0,キッズダンススクールANGELO★,5.0,3.0,0.71,OK,43.15,★5.0(+20pt) | 口コミ3件(+0pt) | 駅近500m以内 | 複数記事候補×5 | primary_station:自由が丘駅(≤1200m)
自由が丘駅のレンタルダンススタジオおすすめ,駅,B,3,RAISE UP STUDIO 自由が丘 レンタルスタジオ,〒152-0035 東京都目黒区自由が丘１丁目３-22-B1,0,,自由が丘駅,288.0,ChIJxSEsih_1GGARdDQN9QdwEfE,RAISE UP STUDIO 自由が丘 レンタルスタジオ,4.6,5.0,1.0,OK,41.65,★4.6(+18pt) | 口コミ5件(+0pt) | 駅近500m以内 | 複数記事候補×5 | primary_station:自由が丘駅(≤1200m)
自由が丘駅のレンタルダンススタジオおすすめ,駅,B,4,自由が丘フラスタジオ LAKI ALOHA,〒158-0083 東京都世田谷区奥沢２丁目４５-８,0,,自由が丘駅,597.0,ChIJj5BfViH1GGARDF184wGiM3o,自由が丘フラスタジオ LAKI ALOHA,5.0,8.0,1.0,OK,34.4,★5.0(+20pt) | 口コミ8件(+0pt) | 駅近1000m以内 | 複数記事候補×4 | primary_station:自由が丘駅(≤1200m)
自由が丘駅のレンタルダンススタジオおすすめ,駅,B,5,Musa studio《自由が丘レンタルスタジオ》,〒152-0034 東京都目黒区緑が丘２丁目１９-１１,0,,自由が丘駅,531.0,ChIJx7vASKD1GGARdgtkusLoWoE,Musa studio《自由が丘レンタルスタジオ》,4.0,1.0,1.0,OK,30.05,★4.0(+16pt) | 口コミ1件(+0pt) | 駅近1000m以内 | 複数記事候補×4 | primary_station:自由が丘駅(≤1200m)
自由が丘駅のレンタルダンススタジオおすすめ,駅,B,6,スタジオ クロア,〒145-0071 東京都大田区田園調布２丁目４６-３ ライトハウス田園調布 1F,0,,自由が丘駅,1156.0,ChIJJdn5i231GGARUlZwjWNeOkQ,スタジオ クロア,5.0,5.0,1.0,OK,26.25,★5.0(+20pt) | 口コミ5件(+0pt) | 複数記事候補×4 | primary_station:自由が丘駅(≤1200m)
自由が丘駅のレンタルダンススタジオおすすめ,駅,B,7,スタジオ クロア 第１スタジオ,〒145-0071 東京都大田区田園調布２丁目４６-１６,0,,自由が丘駅,1150.0,ChIJs7l9Bj71GGAR8BULPnJ9At4,Studio Croix・クロア第１スタジオ,5.0,4.0,0.545,OK,26.2,★5.0(+20pt) | 口コミ4件(+0pt) | 複数記事候補×4 | primary_station:自由が丘駅(≤1200m)
自由が丘駅のレンタルダンススタジオおすすめ,駅,B,8,サン・スタジオ,〒152-0034 東京都目黒区緑が丘２丁目７-８,0,,自由が丘駅,536.0,ChIJG1-9aiH1GGARoJO6_x-pCXs,サン・スタジオ,4.0,2.0,1.0,OK,26.1,★4.0(+16pt) | 口コミ2件(+0pt) | 駅近1000m以内 | 複数記事候補×2 | primary_station:自由が丘駅(≤1200m)
自由が丘駅のレンタルダンススタジオおすすめ,駅,B,9,自由が丘バレエレンタルスタジオ＆ピアノスタジオ 『バレット＆ピアノフォルテ』,〒158-0083 東京都世田谷区奥沢１丁目４４-２ 山里ビル,0,,自由が丘駅,1049.0,ChIJ0834i2b1GGARDlghbmbQVes,イプシロン・インターナショナル株式会社 Studio Balletto & Pianoforte,4.4,7.0,0.075,OK,19.95,★4.4(+18pt) | 口コミ7件(+0pt) | 複数記事候補×2 | primary_station:自由が丘駅(≤1200m)
自由が丘駅のレンタルダンススタジオおすすめ,駅,B,10,自由が丘 セレナヴィータ レンタルスタジオ,〒152-0035 東京都目黒区自由が丘２丁目３-１２ ２Ｆ－Ｂ セレナヴィータ自由が丘,0,,自由が丘駅,608.0,ChIJXXJlbOH0GGARz1_vjV2E7gQ,自由が丘 セレナヴィータ レンタルスタジオ,,,1.0,OK,,★nan(+nanpt) | 駅近1000m以内 | 複数記事候補×4 | primary_station:自由が丘駅(≤1200m)
麻布十番駅のレンタルダンススタジオおすすめ,駅,B,1,Irodori麻布十番,〒106-0045 東京都港区麻布十番１丁目５-１ ＹＫビル 4F,0,,麻布十番駅,386.0,ChIJRZ-hD1OLGGARe7zo7aag8zM,レンタルスタジオStudioIrodori麻布十番4F,5.0,4.0,0.579,OK,45.2,★5.0(+20pt) | 口コミ4件(+0pt) | 駅近500m以内 | 複数記事候補×6 | primary_station:麻布十番駅(≤1200m)
麻布十番駅のレンタルダンススタジオおすすめ,駅,B,2,Z-RAHZ DANCE STUDIO,〒106-0046 東京都港区元麻布１丁目２-２,0,,麻布十番駅,192.0,ChIJJZV3JXeLGGARMdTID7-byWQ,Z-RAHZ DANCE STUDIO,4.5,4.0,1.0,OK,43.2,★4.5(+18pt) | 口コミ4件(+0pt) | 駅近500m以内 | 複数記事候補×6 | primary_station:麻布十番駅(≤1200m)
麻布十番駅のレンタルダンススタジオおすすめ,駅,B,3,レンタルスタジオStudioIrodori白金高輪店,〒108-0072 東京都港区白金３丁目１-１２ 第2浅野ビル １０１号室,0,,麻布十番駅,967.0,ChIJkdefYniLGGARSpnJMESf-Vo,レンタルスタジオStudioIrodori白金高輪1号店,5.0,3.0,0.963,OK,34.15,★5.0(+20pt) | 口コミ3件(+0pt) | 駅近1000m以内 | 複数記事候補×4 | primary_station:麻布十番駅(≤1200m)
麻布十番駅のレンタルダンススタジオおすすめ,駅,B,4,レンタルスタジオStudioIrodori赤羽橋,〒106-0044 東京都港区東麻布１丁目１８-７ リヴェールハヤシ B1F,0,,麻布十番駅,749.0,ChIJK4VYoceLGGARqylJBH9dd_k,レンタルスタジオStudioIrodori赤羽橋,5.0,1.0,1.0,OK,34.05,★5.0(+20pt) | 口コミ1件(+0pt) | 駅近1000m以内 | 複数記事候補×4 | primary_station:麻布十番駅(≤1200m)
麻布十番駅のレンタルダンススタジオおすすめ,駅,B,5,タイムズ東京タワーサイド第２,〒105-0011 東京都港区芝公園４丁目４,0,,麻布十番駅,954.0,ChIJrxFnb72LGGARvKFdymQ96Vk,タイムズ東京タワーサイド第２,3.4,18.0,1.0,OK,30.5,★3.4(+14pt) | 口コミ18件(+1pt) | 駅近1000m以内 | 複数記事候補×5 | primary_station:麻布十番駅(≤1200m)
麻布十番駅のレンタルダンススタジオおすすめ,駅,B,6,FREEDA LIFESTYLE＋,〒106-0044 東京都港区東麻布１丁目２６-８ プライム東麻布 3F,0,,麻布十番駅,921.0,ChIJMx_XTjKLGGARsv5TWUEGYe4,FREEDA LIFESTYLE＋,3.0,8.0,1.0,OK,28.4,★3.0(+12pt) | 口コミ8件(+0pt) | 駅近1000m以内 | 複数記事候補×5 | primary_station:麻布十番駅(≤1200m)
麻布十番駅のレンタルダンススタジオおすすめ,駅,B,7,タイムズ東京タワースタジオ前,"4 Chome-4 Shibak?en, Minato City, Tokyo 105-0011",0,,麻布十番駅,1030.0,ChIJWRCco72LGGARcUNsQYYo03w,タイムズ東京タワースタジオ前,4.4,7.0,1.0,OK,23.95,★4.4(+18pt) | 口コミ7件(+0pt) | 複数記事候補×4 | primary_station:麻布十番駅(≤1200m)
麻布十番駅のレンタルダンススタジオおすすめ,駅,B,8,シライシダンススタジオ,〒106-0047 東京都港区南麻布５丁目１０-２６ ＯＲＥ広尾ビル ２階,0,,麻布十番駅,1112.0,ChIJMUPaZHKLGGARd9Obl7raOEA,シライシダンススタジオ,4.0,4.0,1.0,OK,22.2,★4.0(+16pt) | 口コミ4件(+0pt) | 複数記事候補×4 | primary_station:麻布十番駅(≤1200m)
麻布十番駅のレンタルダンススタジオおすすめ,駅,B,9,広尾ピースオブモダンダンススタジオ,〒106-0047 東京都港区南麻布５丁目１３-１２,0,,麻布十番駅,1038.0,ChIJAQAAANOKGGARZdlRSvj8UZ8,広尾ピースオブモダンダンススタジオ,,,1.0,OK,,★nan(+nanpt) | 複数記事候補×4 | primary_station:麻布十番駅(≤1200m)
麻布十番駅のレンタルダンススタジオおすすめ,駅,B,10,東京タワーメディアセンター,〒105-0011 東京都港区芝公園４丁目４-７ 東京タワーメディアセンタ 3F,0,,麻布十番駅,992.0,ChIJu7L-oL2LGGARRQxymZW4RPY,東京タワーメディアセンタ,,,0.96,OK,,★nan(+nanpt) | 駅近1000m以内 | 複数記事候補×5 | primary_station:麻布十番駅(≤1200m)
南阿佐ケ谷駅のレンタルダンススタジオおすすめ,駅,C,1,レンタルスタジオ 阿佐ヶ谷リノ,〒166-0015 東京都杉並区成田東５丁目２０-９,0,,南阿佐ケ谷駅,434.0,ChIJ8e2xHMLzGGARr-XenjGFBag,レンタルスタジオ 阿佐ヶ谷リノ,5.0,3.0,1.0,OK,43.15,★5.0(+20pt) | 口コミ3件(+0pt) | 駅近500m以内 | 複数記事候補×5 | primary_station:南阿佐ケ谷駅(≤1200m)
南阿佐ケ谷駅のレンタルダンススタジオおすすめ,駅,C,2,レンタルスタジオOLI,〒166-0004 東京都杉並区阿佐谷南１丁目１５-１４ サンフェリーペ 101号室,0,,南阿佐ケ谷駅,144.0,ChIJH05DXsTzGGARVbfslTB4NCE,レンタルスタジオOLI,5.0,1.0,1.0,OK,43.05,★5.0(+20pt) | 口コミ1件(+0pt) | 駅近500m以内 | 複数記事候補×5 | primary_station:南阿佐ケ谷駅(≤1200m)
南阿佐ケ谷駅のレンタルダンススタジオおすすめ,駅,C,3,ソニズレンタルスタジオ南阿佐ヶ谷店,〒166-0015 東京都杉並区成田東５丁目３９-１２ グローリーハイツ南阿佐ケ谷榎本 B1F,0,,南阿佐ケ谷駅,116.0,ChIJVVV5zXPyGGARPff4MtOvUmA,ソニズレンタルダンススタジオ南阿佐ヶ谷,4.3,3.0,0.889,OK,40.35,★4.3(+17pt) | 口コミ3件(+0pt) | 駅近500m以内 | 複数記事候補×5 | primary_station:南阿佐ケ谷駅(≤1200m)
南阿佐ケ谷駅のレンタルダンススタジオおすすめ,駅,C,4,TONIC DANCE STUDIO 阿佐ヶ谷,〒166-0004 東京都杉並区阿佐谷南３丁目１-２１ 徳和ビル 地下1階,0,,南阿佐ケ谷駅,248.0,ChIJDxpawbDzGGARX7UHOKSsSeg,TONIC DANCE STUDIO 阿佐ヶ谷,,,1.0,OK,,★nan(+nanpt) | 駅近500m以内 | 複数記事候補×5 | primary_station:南阿佐ケ谷駅(≤1200m)
四谷三丁目駅のレンタルダンススタジオおすすめ,駅,C,1,ENCE Rental Studio 四谷三丁目【新宿エリアのレンタルスタジオ】,〒160-0017 東京都新宿区左門町１-１７ アパルトマン 四谷 102,0,,四谷三丁目駅,109.0,ChIJdal9_omNGGAR5rKEf5ipluU,ENCE Rental Studio 四谷三丁目,4.7,167.0,0.724,OK,50.15,★4.7(+19pt) | 口コミ167件(+8pt) | 駅近500m以内 | 複数記事候補×5 | primary_station:四谷三丁目駅(≤1200m)
四谷三丁目駅のレンタルダンススタジオおすすめ,駅,C,2,スタジオ・ブリエ 四谷,〒160-0008 東京都新宿区四谷三栄町１２-２ 大久保ビル 1階,0,,四谷三丁目駅,430.0,ChIJuZTCOfOMGGARXRrgF9cxO90,スタジオ・ブリエ 四谷,5.0,3.0,1.0,OK,43.15,★5.0(+20pt) | 口コミ3件(+0pt) | 駅近500m以内 | 複数記事候補×5 | primary_station:四谷三丁目駅(≤1200m)
四谷三丁目駅のレンタルダンススタジオおすすめ,駅,C,3,ラシーヌスタジオ,〒160-0004 東京都新宿区四谷４丁目２５-１３ 濱庄ビル B101,0,,四谷三丁目駅,229.0,ChIJM2_vbgONGGARSN6Gx--fx9M,ラシーヌスタジオ,5.0,1.0,1.0,OK,43.05,★5.0(+20pt) | 口コミ1件(+0pt) | 駅近500m以内 | 複数記事候補×5 | primary_station:四谷三丁目駅(≤1200m)
四谷三丁目駅のレンタルダンススタジオおすすめ,駅,C,4,アルゼンチンタンゴ・ダンス チケ,〒160-0011 東京都新宿区若葉１丁目１-１ 2F,0,,四谷三丁目駅,225.0,ChIJYVKNE9ONGGARD9je5bODxrc,アルゼンチンタンゴ教室 チケ,4.9,9.0,0.815,OK,43.05,★4.9(+20pt) | 口コミ9件(+0pt) | 駅近500m以内 | 複数記事候補×5 | primary_station:四谷三丁目駅(≤1200m)
四谷三丁目駅のレンタルダンススタジオおすすめ,駅,C,5,琉球スタジオCanDokoro,〒160-0007 東京都新宿区荒木町６-４ ラ・ベルロシェ 101,0,,四谷三丁目駅,295.0,ChIJ_6ocO3WNGGARCz9dkclXGZs,琉球スタジオCanDokoro,5.0,3.0,1.0,OK,39.15,★5.0(+20pt) | 口コミ3件(+0pt) | 駅近500m以内 | 複数記事候補×3 | primary_station:四谷三丁目駅(≤1200m)
四谷三丁目駅のレンタルダンススタジオおすすめ,駅,C,6,Studio sun and moon,〒160-0004 東京都新宿区四谷４丁目１３-５８,0,,四谷三丁目駅,302.0,ChIJWfQlWt6NGGARyDRWb1dGMIY,Studio sun and moon,4.2,6.0,1.0,OK,36.1,★4.2(+17pt) | 口コミ6件(+0pt) | 駅近500m以内 | 複数記事候補×3 | primary_station:四谷三丁目駅(≤1200m)
外苑前駅のレンタルダンススタジオおすすめ,駅,C,1,SOUTH MINT STUDIO 南青山,〒107-0062 東京都港区南青山２丁目２７-２０ B1F,0,,外苑前駅,167.0,ChIJxyCGQhmNGGARftkxLKPyNxU,SOUTH MINT STUDIO 南青山,4.8,4.0,1.0,OK,44.4,★4.8(+19pt) | 口コミ4件(+0pt) | 駅近500m以内 | 複数記事候補×7 | primary_station:外苑前駅(≤1200m)
外苑前駅のレンタルダンススタジオおすすめ,駅,C,2,外苑前アイランドスタジオ,〒150-0001 東京都渋谷区神宮前３丁目１-２５ 神宮前Ikビル 2階,0,,外苑前駅,322.0,ChIJAQBQ1piMGGARUpWq7JCGxJ8,外苑前アイランドスタジオ,4.0,34.0,1.0,OK,42.7,★4.0(+16pt) | 口コミ34件(+2pt) | 駅近500m以内 | 複数記事候補×7 | primary_station:外苑前駅(≤1200m)
外苑前駅のレンタルダンススタジオおすすめ,駅,C,3,東急スポーツオアシス 青山,"〒107-0061 東京都港区北青山２丁目８-４４, Tepia, B2F",0,,外苑前駅,332.0,ChIJx1Fo1JuMGGARWG76eqFuKk8,OASIS RAFEEL 青山,3.5,69.0,0.16,OK,42.45,★3.5(+14pt) | 口コミ69件(+3pt) | 駅近500m以内 | 複数記事候補×6 | primary_station:外苑前駅(≤1200m)
外苑前駅のレンタルダンススタジオおすすめ,駅,C,4,ノートルスタジオ,〒107-0062 東京都港区南青山３丁目５-１ O&K 南青山,0,,外苑前駅,384.0,ChIJ_dqo4p2MGGARKdHYIwdfy1k,ノートルスタジオ,3.9,8.0,1.0,OK,41.0,★3.9(+16pt) | 口コミ8件(+0pt) | 駅近500m以内 | 複数記事候補×7 | primary_station:外苑前駅(≤1200m)
外苑前駅のレンタルダンススタジオおすすめ,駅,C,5,dスタ（レンタルスタジオ）,〒107-0062 東京都港区南青山２丁目２４-１５ 青山タワービル 15F,0,,外苑前駅,68.0,ChIJGSa5XBaNGGARvoFVoxieqr0,dスタ（レンタルスタジオ）,3.0,1.0,1.0,OK,37.05,★3.0(+12pt) | 口コミ1件(+0pt) | 駅近500m以内 | 複数記事候補×6 | primary_station:外苑前駅(≤1200m)
外苑前駅のレンタルダンススタジオおすすめ,駅,C,6,rjspace外苑前駅4番出口,〒107-0062 東京都港区南青山２丁目１４-１７ アートメイク・トキ 美容室内 ジョワレ南青山 第18吉田ビル 2F,0,,外苑前駅,247.0,ChIJq6pa5pyMGGAR93iY-6cz8og,rjspace外苑前駅4番出口,,,1.0,OK,,★nan(+nanpt) | 駅近500m以内 | 複数記事候補×4 | primary_station:外苑前駅(≤1200m)
大井町駅のレンタルダンススタジオおすすめ,駅,C,1,studio opus-スタジオ オープス-,〒140-0014 東京都品川区大井４丁目１-３ TOKOビル B1F,0,,大井町駅,312.0,ChIJLxm-RdyLGGARiCiCH18L-mw,studio opus-スタジオ オープス-,4.3,3.0,1.0,OK,40.35,★4.3(+17pt) | 口コミ3件(+0pt) | 駅近500m以内 | 複数記事候補×5 | haversine:大井町駅(≤1200m)
大井町駅のレンタルダンススタジオおすすめ,駅,C,2,大井町店 レンタルスペースROOTS,〒140-0014 東京都品川区大井４丁目８-１１ L HOUSE 地下 一階,0,,大井町駅,434.0,ChIJq75HlSeLGGARkUDwbZpUk4Q,大井町店 レンタルスペースROOTS,4.0,3.0,1.0,OK,39.15,★4.0(+16pt) | 口コミ3件(+0pt) | 駅近500m以内 | 複数記事候補×5 | haversine:大井町駅(≤1200m)
大井町駅のレンタルダンススタジオおすすめ,駅,C,3,ルミエールバレエスタジオ,〒140-0014 東京都品川区大井１丁目３１-１,0,,大井町駅,399.0,ChIJEz4ZWw6LGGAR245VIUkGgf8,ルミエールバレエスタジオ,5.0,1.0,1.0,OK,39.05,★5.0(+20pt) | 口コミ1件(+0pt) | 駅近500m以内 | 複数記事候補×3 | haversine:大井町駅(≤1200m)
大井町駅のレンタルダンススタジオおすすめ,駅,C,4,山県順子モダンバレエスタジオ,〒140-0014 東京都品川区大井３丁目４-８,0,,大井町駅,419.0,ChIJS09m1kOLGGARbt_qeskqbhg,山県順子モダンバレエスタジオ,5.0,1.0,1.0,OK,39.05,★5.0(+20pt) | 口コミ1件(+0pt) | 駅近500m以内 | 複数記事候補×3 | haversine:大井町駅(≤1200m)
大塚駅のレンタルダンススタジオおすすめ,駅,C,1,レンタルスタジオAivic大塚,東京都豊島区北大塚2-9-7 豊島電気会館B1,1,https://dance-studio-lab.com/room/MjU5YzI0ZTUtYzE1MC00ODhmLWI2Y2MtNTk5YTFmMWIwMzZi/detail,大塚駅,274.0,ChIJ-d46QwCNGGARR8VBwDwR1VU,レンタルスタジオAivic大塚,5.0,1.0,1.0,OK,143.05,提携 | ★5.0(+20pt) | 口コミ1件(+0pt) | 駅近500m以内 | 複数記事候補×5 | primary_station:大塚駅(≤1200m)
大塚駅のレンタルダンススタジオおすすめ,駅,C,2,monoダンススタジオ-レンタル,〒304 東京都豊島区北大塚２丁目２-１３ JP 1700004 大塚シャトレー・トーコー 304号室,0,,大塚駅,49.0,ChIJAcFlChuNGGAR2ULg6Fut2mg,monoダンススタジオ-レンタル ダンススタジオ,3.5,2.0,0.811,OK,37.1,★3.5(+14pt) | 口コミ2件(+0pt) | 駅近500m以内 | 複数記事候補×5 | primary_station:大塚駅(≤1200m)
大塚駅のレンタルダンススタジオおすすめ,駅,C,3,Dubway レンタルスタジオ大塚,東京都豊島区北大塚2-10-5 BMAビル　B1,1,https://dance-studio-lab.com/room/ODA1MWRkOGQtODA5Yi00NTRlLWIyNzktZmMyNWFkMTc3ZDY4/detail,大塚駅,241.0,ChIJsZq2IUCNGGARPCwCH5PJl0Q,Dubway Lab大塚レンタルスタジオ,,,0.8,OK,,提携 | ★nan(+nanpt) | 駅近500m以内 | 複数記事候補×5 | primary_station:大塚駅(≤1200m)
大泉学園駅のレンタルダンススタジオおすすめ,駅,C,1,大泉学園ノートル,"練馬区東大泉６丁目ー３４－４５ SKビルⅡ ２階 ３４, ３４ 練馬区 東京都 178-0063",0,,大泉学園駅,159.0,ChIJ8y9e5cbuGGARWQJ3RRB4T9s,大泉学園ノートル,3.7,3.0,1.0,OK,37.95,★3.7(+15pt) | 口コミ3件(+0pt) | 駅近500m以内 | 複数記事候補×5 | primary_station:大泉学園駅(≤1200m)
大泉学園駅のレンタルダンススタジオおすすめ,駅,C,2,ＭＩＫＩバレエスタジオ,〒178-0063 東京都練馬区東大泉３丁目５０-３,0,,大泉学園駅,602.0,ChIJXaKnwMnuGGARUSYqULqUgjI,ＭＩＫＩバレエスタジオ 大泉学園バレエ教室,4.9,11.0,0.71,OK,30.15,★4.9(+20pt) | 口コミ11件(+1pt) | 駅近1000m以内 | 複数記事候補×2 | primary_station:大泉学園駅(≤1200m)
大泉学園駅のレンタルダンススタジオおすすめ,駅,C,3,レキップバレエスタジオ,〒178-0063 東京都練馬区東大泉１丁目３７-５,0,,大泉学園駅,107.0,ChIJ35r2V07vGGARpRIHGhQAx54,レキップバレエスタジオ,,,1.0,OK,,★nan(+nanpt) | 駅近500m以内 | 複数記事候補×5 | primary_station:大泉学園駅(≤1200m)
大泉学園駅のレンタルダンススタジオおすすめ,駅,C,4,レンタルスタジオ ワンデースタジオ,〒178-0065 東京都練馬区西大泉１ リバーサイド本橋 Ｂ１Ｆ,0,,大泉学園駅,549.0,ChIJj5CH0BzvGGARspVmd49IgFE,レンタルスタジオ ワンデースタジオ,,,1.0,OK,,★nan(+nanpt) | 駅近1000m以内 | 複数記事候補×4 | primary_station:大泉学園駅(≤1200m)
小岩駅のレンタルダンススタジオおすすめ,駅,C,1,Dubway レンタルスタジオ小岩,東京都江戸川区北小岩1-3-4 102,1,https://dance-studio-lab.com/room/ZmU2YzI4MzYtZGY2ZC00YmZkLWI5MWItZDg0OTdkOTdmOGI5/detail,小岩駅,488.0,ChIJSYQwCgSFGGARgpaDHPS-ams,Dubwayレンタルダンス小岩,5.0,1.0,0.839,OK,143.05,提携 | ★5.0(+20pt) | 口コミ1件(+0pt) | 駅近500m以内 | 複数記事候補×5 | primary_station:小岩駅(≤1200m)
小岩駅のレンタルダンススタジオおすすめ,駅,C,2,スタジオ・エルカミーノ,〒133-0057 東京都江戸川区西小岩１丁目１９-３２,0,,小岩駅,194.0,ChIJVVXxS9-FGGARQLxPkMzAt8g,スタジオ・エルカミーノ,,,1.0,OK,,★nan(+nanpt) | 駅近500m以内 | 複数記事候補×3 | primary_station:小岩駅(≤1200m)
小岩駅のレンタルダンススタジオおすすめ,駅,C,3,スタジオレブローテ,〒133-0052 東京都江戸川区東小岩５丁目４-１４ 小岩セントラルビル,0,,小岩駅,367.0,ChIJN09vGniGGGAROQKvV8RyZpA,スタジオレブローテ,,,1.0,OK,,★nan(+nanpt) | 駅近500m以内 | 複数記事候補×3 | primary_station:小岩駅(≤1200m)
府中駅のレンタルダンススタジオおすすめ,駅,C,1,ジムスタジオ IT'S MY TIME府中駅前店,〒183-0023 東京都府中市宮町１丁目23-３ 関口ビル 1階,0,,府中駅,505.0,ChIJm_jf0e7lGGARLOtA4BfxMQo,ジムスタジオ IT'S MY TIME府中駅前店,3.7,9.0,1.0,OK,29.25,★3.7(+15pt) | 口コミ9件(+0pt) | 駅近1000m以内 | 複数記事候補×4 | haversine:府中駅(≤1200m)
押上駅のレンタルダンススタジオおすすめ,駅,C,1,SORAスタジオ3,〒131-0045 東京都墨田区押上１丁目２９-２ 3,0,,押上駅,468.0,ChIJF-6tOJCPGGARB8wryOpruwI,SORAスタジオ3,5.0,3.0,1.0,OK,43.15,★5.0(+20pt) | 口コミ3件(+0pt) | 駅近500m以内 | 複数記事候補×5 | haversine:押上駅(≤1200m)
押上駅のレンタルダンススタジオおすすめ,駅,C,2,押上ＳＯＲＡスタジオ4,〒131-0045 東京都墨田区押上１丁目２８-４ 桐生ビル 1Ｆ,0,,押上駅,451.0,ChIJhcetb66PGGARpVbjpMCM0O0,押上ＳＯＲＡスタジオ4,5.0,1.0,1.0,OK,43.05,★5.0(+20pt) | 口コミ1件(+0pt) | 駅近500m以内 | 複数記事候補×5 | haversine:押上駅(≤1200m)
押上駅のレンタルダンススタジオおすすめ,駅,C,3,浅草スタジオ２２６,〒111-0033 東京都台東区花川戸２丁目２-６ エビスビル 7階,0,,浅草駅,459.0,ChIJVfl8ecOOGGARD6WTv1XzWQU,浅草スタジオ２２６,3.7,46.0,1.0,OK,40.1,★3.7(+15pt) | 口コミ46件(+2pt) | 駅近500m以内 | 複数記事候補×5 | haversine:押上駅(≤1200m)
押上駅のレンタルダンススタジオおすすめ,駅,C,4,Ballet & Dance UNO,〒130-0012 東京都墨田区太平３丁目１９-５ 鈴木ビル 1階,0,,錦糸町駅,664.0,ChIJXTSEcCuPGGARIS0z_zOwJkM,Ballet & Dance UNO,5.0,8.0,1.0,OK,36.4,★5.0(+20pt) | 口コミ8件(+0pt) | 駅近1000m以内 | 複数記事候補×5 | haversine:押上駅(≤1200m)
押上駅のレンタルダンススタジオおすすめ,駅,C,5,ACCA STUDIO,〒130-0005 東京都墨田区東駒形３丁目１９-１３,0,,押上駅,681.0,ChIJ3-oynoiPGGARClB0diegkC8,浅草キッチンガレージスタジオ（旧ACCA STUDIO）,5.0,10.0,0.541,OK,34.5,★5.0(+20pt) | 口コミ10件(+0pt) | 駅近1000m以内 | 複数記事候補×4 | haversine:押上駅(≤1200m)
押上駅のレンタルダンススタジオおすすめ,駅,C,6,Ballet & Dance TRE,〒130-0004 東京都墨田区本所３丁目７-９,0,,押上駅,971.0,ChIJqTbTuCCPGGAREtcZx7oSRB8,Ballet & Dance TRE,4.2,5.0,1.0,OK,33.05,★4.2(+17pt) | 口コミ5件(+0pt) | 駅近1000m以内 | 複数記事候補×5 | haversine:押上駅(≤1200m)
押上駅のレンタルダンススタジオおすすめ,駅,C,7,スタジオジパング 錦糸町スタジオSTANDARD,〒130-0012 東京都墨田区太平３丁目１４-１０ スズキビルディング 1階,0,,錦糸町駅,547.0,ChIJLR2ByzeJGGARwE_SIJYR818,スタジオジパング 錦糸町スタジオSTANDARD,3.5,6.0,1.0,OK,30.3,★3.5(+14pt) | 口コミ6件(+0pt) | 駅近1000m以内 | 複数記事候補×5 | haversine:押上駅(≤1200m)
押上駅のレンタルダンススタジオおすすめ,駅,C,8,studio_MINT 錦糸町,〒130-0012 東京都墨田区太平３丁目１-４,1,https://dance-studio-lab.com/room/ZDgyZDBlYjYtZWM1YS00MGNhLWI3YjEtZjRmNTEzZmU5NjE4/detail,錦糸町駅,356.0,ChIJMf70YLqJGGARg5RsdWimXZM,studio_MINT 錦糸町,,,1.0,OK,,提携 | ★nan(+nanpt) | 駅近500m以内 | 複数記事候補×8 | candidate_station_fallback:押上駅
押上駅のレンタルダンススタジオおすすめ,駅,C,9,押上SORAスタジオ2,〒131-0045 東京都墨田区押上１丁目２５-５ 西原ビル １階,0,,押上駅,389.0,ChIJtxo3HyqPGGARJWbjWPGgbyE,押上SORAスタジオ2,,,1.0,OK,,★nan(+nanpt) | 駅近500m以内 | 複数記事候補×5 | haversine:押上駅(≤1200m)
押上駅のレンタルダンススタジオおすすめ,駅,C,10,押上とうきょうスカイツリーSORAスタジオ,〒131-0045 東京都墨田区押上１丁目１３-１０ ２ 階,0,,押上駅,339.0,ChIJCZ9r5imPGGAR-yYoznB5riY,押上とうきょうスカイツリーSORAスタジオ,,,1.0,OK,,★nan(+nanpt) | 駅近500m以内 | 複数記事候補×5 | haversine:押上駅(≤1200m)
早稲田駅のレンタルダンススタジオおすすめ,駅,C,1,バレエアトリエリュミエール,〒169-0051 東京都新宿区西早稲田２丁目３-１ 早稲田奉仕園 奉仕園会館一号館地下一階 You-Iホール,0,,早稲田駅,464.0,ChIJjYtOCYuNGGARY9itgkIjwGg,バレエアトリエリュミエール,5.0,1.0,1.0,OK,39.05,★5.0(+20pt) | 口コミ1件(+0pt) | 駅近500m以内 | 複数記事候補×3 | primary_station:早稲田駅(≤1200m)
早稲田駅のレンタルダンススタジオおすすめ,駅,C,2,HARA Studio,〒162-0042 東京都新宿区早稲田町７４-１４ 地下1F S.T ビル,0,,早稲田駅,80.0,EllKYXBhbiwg44CSMTYyLTAwNDIgVG9reW8sIFNoaW5qdWt1IENpdHksIFdhc2VkYW1hY2hpLCDvvJfvvJTiiJLvvJHvvJQgUy5UIOODk-ODqyDlnLDkuIsxRiIkGiIKFgoUChIJtepdsQKNGGARyqIFGU5BlgASCOWcsOS4izFG,早稲田町７４−１４ 地下1F,,,0.0,OK,,★nan(+nanpt) | 駅近500m以内 | 複数記事候補×5 | primary_station:早稲田駅(≤1200m)
江戸川橋駅のレンタルダンススタジオおすすめ,駅,C,1,スタジオピアーチェ江戸川橋店,東京都文京区水道2-10-7エクセルビル地下一階,1,https://dance-studio-lab.com/room/NWM3NGU4NjAtNTU5MS00NzUyLTg5ZTQtZWM3NGYwZTliOGZj/detail,江戸川橋駅,141.0,ChIJq6olm6qNGGARlAx7jgvIXJY,スタジオピアーチェ 江戸川橋店,3.8,9.0,1.0,OK,136.65,提携 | ★3.8(+15pt) | 口コミ9件(+0pt) | 駅近500m以内 | 複数記事候補×4 | primary_station:江戸川橋駅(≤1200m)
江戸川橋駅のレンタルダンススタジオおすすめ,駅,C,2,Zsa Zsa Zsu Dance Studio ザザズ,〒112-0014 東京都文京区関口１丁目４８-５ 第２榎本ビル 2階,0,,江戸川橋駅,249.0,ChIJsUwGUK-NGGARzj4G4e-zXZ8,Zsa Zsa Zsu Studio 1st.,5.0,7.0,0.714,OK,43.35,★5.0(+20pt) | 口コミ7件(+0pt) | 駅近500m以内 | 複数記事候補×5 | primary_station:江戸川橋駅(≤1200m)
江戸川橋駅のレンタルダンススタジオおすすめ,駅,C,3,Zsa Zsa Zsu Studio,〒112-0014 東京都文京区関口１丁目６-９ 川田ビル 1階,0,,江戸川橋駅,184.0,ChIJsUwGUK-NGGARzj4G4e-zXZ8,Zsa Zsa Zsu Studio 1st.,5.0,7.0,0.882,OK,43.35,★5.0(+20pt) | 口コミ7件(+0pt) | 駅近500m以内 | 複数記事候補×5 | primary_station:江戸川橋駅(≤1200m)
江戸川橋駅のレンタルダンススタジオおすすめ,駅,C,4,スタジオ With The Heart,"関口１丁目１５ー１ ミサオビルB１F, 文京区 東京都 112-0014",0,,江戸川橋駅,197.0,ChIJNYNHG1WMGGARM96ZQazHta0,スタジオ With The Heart,4.0,6.0,1.0,OK,39.3,★4.0(+16pt) | 口コミ6件(+0pt) | 駅近500m以内 | 複数記事候補×5 | primary_station:江戸川橋駅(≤1200m)
江戸川橋駅のレンタルダンススタジオおすすめ,駅,C,5,スペーススタジオ - Fresh!Studio,〒162-0041 東京都新宿区早稲田鶴巻町５７４ ＭＢＳ江戸川橋ビル 5階,0,,江戸川橋駅,492.0,ChIJAQDUnAGNGGARSrv21cZdSuQ,スペーススタジオ - Fresh!Studio,2.9,7.0,1.0,OK,34.95,★2.9(+12pt) | 口コミ7件(+0pt) | 駅近500m以内 | 複数記事候補×5 | primary_station:江戸川橋駅(≤1200m)
江戸川橋駅のレンタルダンススタジオおすすめ,駅,C,6,ヨガスタジオ Peace of Mind,〒162-0041 東京都新宿区早稲田鶴巻町５４６ 新滝沢ビル 4階,0,,江戸川橋駅,576.0,ChIJR_3-Gv6MGGARlCoO432ihQg,ヨガスタジオ Peace of Mind,5.0,1.0,1.0,OK,30.05,★5.0(+20pt) | 口コミ1件(+0pt) | 駅近1000m以内 | 複数記事候補×2 | primary_station:江戸川橋駅(≤1200m)
江戸川橋駅のレンタルダンススタジオおすすめ,駅,C,7,Ohana Room Studio新宿,〒162-0801 東京都新宿区山吹町３４４ LOGビル 2F,0,,江戸川橋駅,281.0,ChIJaeo8k4GNGGARJ_0kau4HUt8,Ohana Room Studio新宿,,,1.0,OK,,★nan(+nanpt) | 駅近500m以内 | 複数記事候補×5 | primary_station:江戸川橋駅(≤1200m)
浜松町駅のレンタルダンススタジオおすすめ,駅,C,1,FACTORYカレッタスタジオ,〒105-7001 東京都港区東新橋１丁目８-１ B2 カレッタスタジオ,0,,新橋駅,354.0,ChIJf96XIoSLGGARtU_Ubxhk6h0,FACTORYカレッタスタジオ,3.8,6.0,1.0,OK,40.5,★3.8(+15pt) | 口コミ6件(+0pt) | 駅近500m以内 | 複数記事候補×7 | haversine:浜松町駅(≤1200m)
浜松町駅のレンタルダンススタジオおすすめ,駅,C,2,レンタルスタジオ・レンタルスペース ZEAL STUDIOS,〒105-0004 東京都港区新橋３丁目５-１０ 新三ビル B1F,0,,新橋駅,347.0,ChIJoWLmblSLGGARAanQwJt7Nig,レンタルスタジオ・レンタルスペース ZEAL STUDIOS,3.3,43.0,1.0,OK,40.35,★3.3(+13pt) | 口コミ43件(+2pt) | 駅近500m以内 | 複数記事候補×7 | haversine:浜松町駅(≤1200m)
浜松町駅のレンタルダンススタジオおすすめ,駅,C,3,ブイラボミュージカル,〒105-0003 東京都港区西新橋３丁目２４,0,,浜松町駅,827.0,ChIJC7Y8-1CLGGARwnfOepgDwho,ブイラボミュージカル,4.9,21.0,1.0,OK,36.65,★4.9(+20pt) | 口コミ21件(+1pt) | 駅近1000m以内 | 複数記事候補×5 | haversine:浜松町駅(≤1200m)
浜松町駅のレンタルダンススタジオおすすめ,駅,C,4,FINEDAY浜松町,〒105-0012 東京都港区芝大門１丁目２-２２ 2F(200 パレステュディオ芝大門,0,,浜松町駅,520.0,ChIJa7ZkyveLGGARkVvALu3D5Hw,FINEDAY浜松町,5.0,1.0,1.0,OK,36.05,★5.0(+20pt) | 口コミ1件(+0pt) | 駅近1000m以内 | 複数記事候補×5 | haversine:浜松町駅(≤1200m)
浜松町駅のレンタルダンススタジオおすすめ,駅,C,5,大門スタジオ,〒105-0012 東京都港区芝大門２丁目１０-１ 第一大門ビル,0,,浜松町駅,343.0,ChIJ77fBkceLGGARrkx6EB_koTo,大門スタジオ,4.0,4.0,1.0,OK,35.2,★4.0(+16pt) | 口コミ4件(+0pt) | 駅近500m以内 | 複数記事候補×3 | haversine:浜松町駅(≤1200m)
浜松町駅のレンタルダンススタジオおすすめ,駅,C,6,スタジオ アーキタンツ architanz,〒105-0023 東京都港区芝浦１丁目１３-１０,0,,田町駅,548.0,ChIJTzlAjMqLGGARYFa8M48mcSU,スタジオアーキタンツ studio ARCHITANZ,4.2,37.0,0.864,OK,34.65,★4.2(+17pt) | 口コミ37件(+2pt) | 駅近1000m以内 | 複数記事候補×5 | haversine:浜松町駅(≤1200m)
浜松町駅のレンタルダンススタジオおすすめ,駅,C,7,TKPスター貸会議室 東京タワー通り,〒105-0011 東京都港区芝公園３丁目４-３０ 32芝公園ビル B2階,0,,浜松町駅,998.0,ChIJNX5PHsmLGGARG34sE43R3ek,TKPスター貸会議室 東京タワー通り,5.0,3.0,1.0,OK,34.15,★5.0(+20pt) | 口コミ3件(+0pt) | 駅近1000m以内 | 複数記事候補×4 | haversine:浜松町駅(≤1200m)
浜松町駅のレンタルダンススタジオおすすめ,駅,C,8,スタジオ ダ・ヴィンチ,"〒105-0021 東京都港区東新橋２丁目４-６ パラッツオシエナ 1 2,3F",0,,新橋駅,517.0,ChIJa0Y0W3uLGGARz-1RcuRQzts,STUDIO DA VINCI,3.9,14.0,0.0,OK,32.3,★3.9(+16pt) | 口コミ14件(+1pt) | 駅近1000m以内 | 複数記事候補×5 | haversine:浜松町駅(≤1200m)
浜松町駅のレンタルダンススタジオおすすめ,駅,C,9,タイムズ東京タワーサイド第２,〒105-0011 東京都港区芝公園４丁目４,0,,麻布十番駅,954.0,ChIJrxFnb72LGGARvKFdymQ96Vk,タイムズ東京タワーサイド第２,3.4,18.0,1.0,OK,30.5,★3.4(+14pt) | 口コミ18件(+1pt) | 駅近1000m以内 | 複数記事候補×5 | haversine:浜松町駅(≤1200m)
浜松町駅のレンタルダンススタジオおすすめ,駅,C,10,FREEDA LIFESTYLE＋,〒106-0044 東京都港区東麻布１丁目２６-８ プライム東麻布 3F,0,,麻布十番駅,921.0,ChIJMx_XTjKLGGARsv5TWUEGYe4,FREEDA LIFESTYLE＋,3.0,8.0,1.0,OK,28.4,★3.0(+12pt) | 口コミ8件(+0pt) | 駅近1000m以内 | 複数記事候補×5 | haversine:浜松町駅(≤1200m)
浜松町駅のレンタルダンススタジオおすすめ,駅,C,11,SUMUZO STUDIO SHINBASHI,〒105-0004 東京都港区新橋６丁目７-３ アシスト新橋ビル,0,,新橋駅,555.0,ChIJ4XxPEOCLGGARZkfNqpVz8E0,SUMUZO STUDIO SHINBASHI（すむぞう新橋スタジオ）,3.3,19.0,0.778,OK,26.15,★3.3(+13pt) | 口コミ19件(+1pt) | 駅近1000m以内 | 複数記事候補×3 | haversine:浜松町駅(≤1200m)
浜松町駅のレンタルダンススタジオおすすめ,駅,C,12,スタジオ レンズマン芝公園,〒105-0011 東京都港区芝公園２丁目１２-１５ 大国ビル 2F-A,0,,浜松町駅,518.0,ChIJ8WnKpjuLGGARrOsZ56thNbE,スタジオ レンズマン芝公園,3.7,15.0,1.0,OK,25.55,★3.7(+15pt) | 口コミ15件(+1pt) | 駅近1000m以内 | 複数記事候補×2 | haversine:浜松町駅(≤1200m)
浜松町駅のレンタルダンススタジオおすすめ,駅,C,13,タイムズ東京タワースタジオ前,"4 Chome-4 Shibak?en, Minato City, Tokyo 105-0011",0,,麻布十番駅,1030.0,ChIJWRCco72LGGARcUNsQYYo03w,タイムズ東京タワースタジオ前,4.4,7.0,1.0,OK,23.95,★4.4(+18pt) | 口コミ7件(+0pt) | 複数記事候補×4 | haversine:浜松町駅(≤1200m)
浜松町駅のレンタルダンススタジオおすすめ,駅,C,14,Mita Dance Factory 芝スタジオ,"セレブ 釉 芝公園 1F, ２丁目-１６-１１ 芝 港区 東京都 105-0014",0,,浜松町駅,632.0,ChIJq6oO_rWLGGARu0XH0o0vkeI,Mita Dance Factory 芝スタジオ,,,1.0,OK,,★nan(+nanpt) | 駅近1000m以内 | 複数記事候補×4 | haversine:浜松町駅(≤1200m)
浜松町駅のレンタルダンススタジオおすすめ,駅,C,15,エストゥディオのりこ,〒105-0004 東京都港区１６ 東京都港区 2-16-1 340,0,,新橋駅,85.0,ChIJ44O4KuqLGGARFr3VHfYXIQY,エストゥディオのりこ,,,1.0,OK,,★nan(+nanpt) | 駅近500m以内 | 複数記事候補×7 | haversine:浜松町駅(≤1200m)
浦安駅のレンタルダンススタジオおすすめ,駅,C,1,ダンススクエア 浦安スタジオ,〒279-0002 千葉県浦安市北栄１丁目１-１５ 3階,0,,浦安駅,195.0,ChIJdSNdAYCHGGARjk1QGm0uoB8,ダンススクエア 浦安スタジオ,5.0,2.0,1.0,OK,41.1,★5.0(+20pt) | 口コミ2件(+0pt) | 駅近500m以内 | 複数記事候補×4 | primary_station:浦安駅(≤1200m)
浦安駅のレンタルダンススタジオおすすめ,駅,C,2,ペンテフラットスタジオ,〒279-0002 千葉県浦安市北栄１丁目１１-４０ １F ビル,0,,浦安駅,182.0,ChIJH5ghCweHGGARAX7UiDXNfNA,ペンテフラットスタジオ,5.0,1.0,1.0,OK,41.05,★5.0(+20pt) | 口コミ1件(+0pt) | 駅近500m以内 | 複数記事候補×4 | primary_station:浦安駅(≤1200m)
浦安駅のレンタルダンススタジオおすすめ,駅,C,3,Studio Faith（スタジオフェイス）浦安校,〒279-0001 千葉県浦安市当代島１丁目１７-１９ 第2岡清ビル 5F,0,,浦安駅,203.0,ChIJlVnFWYCHGGAR7MJg9s7E660,Studio Faith（スタジオフェイス）浦安校,4.5,2.0,1.0,OK,39.1,★4.5(+18pt) | 口コミ2件(+0pt) | 駅近500m以内 | 複数記事候補×4 | primary_station:浦安駅(≤1200m)
浦安駅のレンタルダンススタジオおすすめ,駅,C,4,MKH dance fit studio,〒279-0001 千葉県浦安市当代島１丁目１６-１９ 大塚ビル 3階,0,,浦安駅,155.0,ChIJfyLganiHGGARRqf0X2lJsSA,MKH dance fit studio,3.7,3.0,1.0,OK,35.95,★3.7(+15pt) | 口コミ3件(+0pt) | 駅近500m以内 | 複数記事候補×4 | primary_station:浦安駅(≤1200m)
浦安駅のレンタルダンススタジオおすすめ,駅,C,5,Ohana Room Studio浦安,〒279-0002 千葉県浦安市北栄１丁目１５-５ レクス浦安駅前 ４F,0,,浦安駅,119.0,ChIJ55zeAhCHGGARSKs0tbq_CO0,Ohana Room Studio浦安,,,1.0,OK,,★nan(+nanpt) | 駅近500m以内 | 複数記事候補×4 | primary_station:浦安駅(≤1200m)
用賀駅のレンタルダンススタジオおすすめ,駅,C,1,レンタルスタジオKACHA,〒158-0097 東京都世田谷区用賀２丁目３８-１４ 天虎ビル 202,0,,用賀駅,130.0,ChIJA7UWKMn1GGARuVdvRDuprHc,レンタルスタジオKACHA,5.0,2.0,1.0,OK,43.1,★5.0(+20pt) | 口コミ2件(+0pt) | 駅近500m以内 | 複数記事候補×5 | primary_station:用賀駅(≤1200m)
用賀駅のレンタルダンススタジオおすすめ,駅,C,2,J's,〒158-0097 東京都世田谷区用賀３丁目２５-９,0,,用賀駅,485.0,ChIJoTVvm3b0GGARh3OuJ9wZ-2c,J's ダンススタジオ,4.5,2.0,0.462,OK,41.1,★4.5(+18pt) | 口コミ2件(+0pt) | 駅近500m以内 | 複数記事候補×5 | primary_station:用賀駅(≤1200m)
用賀駅のレンタルダンススタジオおすすめ,駅,C,3,アトリエ エマーブル,〒158-0097 東京都世田谷区用賀３丁目１８-８ セントラルSOUI103,0,,用賀駅,374.0,ChIJ1-EfGPn1GGARrS6ylgmVess,アトリエ エマーブル,4.3,12.0,1.0,OK,40.8,★4.3(+17pt) | 口コミ12件(+1pt) | 駅近500m以内 | 複数記事候補×5 | primary_station:用賀駅(≤1200m)
用賀駅のレンタルダンススタジオおすすめ,駅,C,4,サムズダンススタジオ,〒158-0097 東京都世田谷区用賀４丁目１１-４ 福島第一ビル 2F,0,,用賀駅,85.0,ChIJUzgvgJr1GGARMe-gNt7ZXLQ,サムズダンススタジオ,4.0,1.0,1.0,OK,39.05,★4.0(+16pt) | 口コミ1件(+0pt) | 駅近500m以内 | 複数記事候補×5 | primary_station:用賀駅(≤1200m)
田町駅のレンタルダンススタジオおすすめ,駅,C,1,マーティ株式会社,〒108-0073 東京都港区三田２丁目１４-４ 三田慶応ビジデンス１F,0,,田町駅,472.0,ChIJaXTICxyLGGARWFD7JWdsIxI,マーティ株式会社,5.0,2.0,1.0,OK,43.1,★5.0(+20pt) | 口コミ2件(+0pt) | 駅近500m以内 | 複数記事候補×5 | primary_station:田町駅(≤1200m)
田町駅のレンタルダンススタジオおすすめ,駅,C,2,スタジオ アーキタンツ architanz,〒105-0023 東京都港区芝浦１丁目１３-１０,0,,田町駅,548.0,ChIJTzlAjMqLGGARYFa8M48mcSU,スタジオアーキタンツ studio ARCHITANZ,4.2,37.0,0.864,OK,34.65,★4.2(+17pt) | 口コミ37件(+2pt) | 駅近1000m以内 | 複数記事候補×5 | primary_station:田町駅(≤1200m)
田町駅のレンタルダンススタジオおすすめ,駅,C,3,リズムアートダンススタジオ,〒108-0023 東京都港区芝浦４丁目９-１８ グランドパレス田町2F,0,,田町駅,662.0,ChIJ_Zeqg0yKGGARJUrHY_l5avk,リズムアートダンススタジオ,3.6,11.0,1.0,OK,28.95,★3.6(+14pt) | 口コミ11件(+1pt) | 駅近1000m以内 | 複数記事候補×4 | primary_station:田町駅(≤1200m)
田町駅のレンタルダンススタジオおすすめ,駅,C,4,Studio Cosmique（スタジオコスミーク）,〒108-0023 東京都港区芝浦２丁目１４ １４-１３ １ 階 Mck芝浦ビル,0,,田町駅,471.0,ChIJh6uyVbWLGGAR8Cp7UM0N-Sg,Studio Cosmique（スタジオコスミーク）,,,1.0,OK,,★nan(+nanpt) | 駅近500m以内 | 複数記事候補×3 | primary_station:田町駅(≤1200m)
神保町駅のレンタルダンススタジオおすすめ,駅,C,1,BUZZ レンタルスタジオ 神田店,〒101-0047 東京都千代田区内神田２丁目９-９ 神田西口ビル B1F,1,https://dance-studio-lab.com/room/ODJkZDE5YzQtMTlhZS00NjNlLWJlZTQtNDA3NTU3MTQ5NDg5/detail,秋葉原駅,989.0,ChIJs4poIDGNGGARyb9k_Nit0LI,BUZZ神田,4.1,10.0,0.571,OK,134.9,提携 | ★4.1(+16pt) | 口コミ10件(+0pt) | 駅近1000m以内 | 複数記事候補×8 | haversine:神保町駅(≤1200m)
神保町駅のレンタルダンススタジオおすすめ,駅,C,2,レンタルスペース リノスペcamp東京ドーム,〒101-0061 東京都千代田区神田三崎町２丁目１２-５ ニュー千代田ビル 3F-A,0,,水道橋駅,167.0,ChIJT0Df6o6NGGARZOXAyL5q-bg,レンタルスペース リノスペcamp東京ドーム,4.7,23.0,1.0,OK,44.95,★4.7(+19pt) | 口コミ23件(+1pt) | 駅近500m以内 | 複数記事候補×6 | haversine:神保町駅(≤1200m)
神保町駅のレンタルダンススタジオおすすめ,駅,C,3,Estudio ILIA FLAMENCA,〒101-0051 東京都千代田区神田神保町１丁目２５-４ 神保町ビル B1 SH神田南,0,,神保町駅,281.0,ChIJAzSOewCNGGARFP-rGKFK0o4,イリアフラメンコスタジオ,5.0,22.0,0.0,OK,44.1,★5.0(+20pt) | 口コミ22件(+1pt) | 駅近500m以内 | 複数記事候補×5 | haversine:神保町駅(≤1200m)
神保町駅のレンタルダンススタジオおすすめ,駅,C,4,alt studio (オルトスタジオ),〒101-0051 東京都千代田区神田神保町１丁目64-３ 神保町ビル 6F,0,,神保町駅,327.0,ChIJI5qKQX2NGGARXk6A8O7Zcfs,レコーディングスタジオ「alt studio」,4.7,3.0,0.45,OK,43.95,★4.7(+19pt) | 口コミ3件(+0pt) | 駅近500m以内 | 複数記事候補×6 | haversine:神保町駅(≤1200m)
神保町駅のレンタルダンススタジオおすすめ,駅,C,5,レンタルスタジオ YOGA SPICE 神保町,〒101-0065 東京都千代田区西神田２丁目３-２ 牧ビル 402号室,0,,神保町駅,312.0,ChIJbwCftgKNGGARdUPWLgLVASw,レンタルスタジオ YOGA SPICE 神保町,5.0,2.0,1.0,OK,43.1,★5.0(+20pt) | 口コミ2件(+0pt) | 駅近500m以内 | 複数記事候補×5 | haversine:神保町駅(≤1200m)
神保町駅のレンタルダンススタジオおすすめ,駅,C,6,Rinky Dink Studio お茶の水 神保町店,〒101-0051 東京都千代田区 アイピー第1ビル 6F・7F・8F 神田神保町1-2-12,0,,神保町駅,231.0,ChIJbWng3xCMGGARbxQWYAqZh6Q,Rinky Dink Studio お茶の水 神保町店,4.1,74.0,1.0,OK,43.1,★4.1(+16pt) | 口コミ74件(+4pt) | 駅近500m以内 | 複数記事候補×5 | haversine:神保町駅(≤1200m)
神保町駅のレンタルダンススタジオおすすめ,駅,C,7,水道橋ダンススタジオ,〒101-0061 東京都千代田区神田三崎町３丁目４-４ グラン水道橋,0,,水道橋駅,168.0,ChIJ5wIOfkCMGGARwlM5d75sIhk,水道橋ダンススタジオ,5.0,1.0,1.0,OK,41.05,★5.0(+20pt) | 口コミ1件(+0pt) | 駅近500m以内 | 複数記事候補×4 | haversine:神保町駅(≤1200m)
神保町駅のレンタルダンススタジオおすすめ,駅,C,8,EyeCandyポールダンス秋葉原スタジオ,〒101-0021 東京都千代田区外神田２丁目１-１３,0,,秋葉原駅,544.0,ChIJVVWScByMGGAR2wqIlUMaJDo,EyeCandyポールダンス秋葉原スタジオ,4.9,51.0,1.0,OK,38.15,★4.9(+20pt) | 口コミ51件(+3pt) | 駅近1000m以内 | 複数記事候補×5 | haversine:神保町駅(≤1200m)
神保町駅のレンタルダンススタジオおすすめ,駅,C,9,KBAバレエスタジオ御茶ノ水,〒113-0034 東京都文京区湯島１丁目１２-６ 地下1F 高関ビル,0,,秋葉原駅,763.0,ChIJp9OVD_-NGGAR0d0myl5KIzY,KBAバレエスタジオ御茶ノ水,5.0,1.0,1.0,OK,38.05,★5.0(+20pt) | 口コミ1件(+0pt) | 駅近1000m以内 | 複数記事候補×6 | haversine:神保町駅(≤1200m)
神保町駅のレンタルダンススタジオおすすめ,駅,C,10,HMVP大手町スタジオ,〒101-0047 東京都千代田区内神田１丁目７-１１ B2F,0,,東京駅,995.0,ChIJVVVJvQaMGGARVWvNkw9_Wh4,HMVP大手町スタジオ,4.3,27.0,1.0,OK,34.55,★4.3(+17pt) | 口コミ27件(+1pt) | 駅近1000m以内 | 複数記事候補×5 | haversine:神保町駅(≤1200m)
神保町駅のレンタルダンススタジオおすすめ,駅,C,11,御茶ノ水 レンタルスタジオ,〒101-0062 東京都千代田区神田駿河台２丁目６-１５ ４Ｆ,0,,秋葉原駅,891.0,ChIJyWw7wTeNGGAREF23zsFgJGo,ノアスタジオ 御茶ノ水店,4.3,16.0,0.348,OK,34.0,★4.3(+17pt) | 口コミ16件(+1pt) | 駅近1000m以内 | 複数記事候補×5 | haversine:神保町駅(≤1200m)
神保町駅のレンタルダンススタジオおすすめ,駅,C,12,ミライスタジオ御茶ノ水,〒101-0062 東京都千代田区神田駿河台２丁目４-２,0,,秋葉原駅,962.0,ChIJObF3Bu-NGGARAjOCtw_RwYw,ミライスタジオ御茶ノ水,4.4,7.0,1.0,OK,33.95,★4.4(+18pt) | 口コミ7件(+0pt) | 駅近1000m以内 | 複数記事候補×5 | haversine:神保町駅(≤1200m)
神保町駅のレンタルダンススタジオおすすめ,駅,C,13,リハーサルスタジオ,〒101-0048 東京都千代田区神田司町２丁目１３ 神田第四アメレックスビル B1,0,,秋葉原駅,800.0,ChIJKQagmQSMGGARM_WyovCN6NE,Studio Bpm Kanda,4.3,72.0,0.0,OK,32.8,★4.3(+17pt) | 口コミ72件(+4pt) | 駅近1000m以内 | 複数記事候補×3 | haversine:神保町駅(≤1200m)
神保町駅のレンタルダンススタジオおすすめ,駅,C,14,日本橋バレエ＆ダンススタジオ Studio LULL,〒101-0047 東京都千代田区内神田２丁目８-３ 新東ビル 2階,0,,秋葉原駅,1033.0,ChIJRUPuCVaJGGARrOyPItUMkK8,studio RADA,4.5,10.0,0.353,OK,28.5,★4.5(+18pt) | 口コミ10件(+0pt) | 複数記事候補×7 | haversine:神保町駅(≤1200m)
神保町駅のレンタルダンススタジオおすすめ,駅,C,15,ノアスタジオ 御茶ノ水店,〒101-0062 東京都千代田区神田駿河台２丁目1-１７,0,,秋葉原駅,1023.0,ChIJLxw0M8eNGGARS1HVMcEJN5E,サウンドスタジオノア 御茶ノ水店,4.6,117.0,0.692,OK,28.25,★4.6(+18pt) | 口コミ117件(+6pt) | 複数記事候補×3 | haversine:神保町駅(≤1200m)
経堂駅のレンタルダンススタジオおすすめ,駅,C,1,リリィ スタジオ&カフェ レンタルカフェ,〒156-0052 東京都世田谷区経堂２丁目７-１４-１０２,0,,経堂駅,261.0,ChIJ0TNW373zGGARkjs8DR1Ptuk,リリィ スタジオ&カフェ レンタルカフェ,5.0,1.0,1.0,OK,43.05,★5.0(+20pt) | 口コミ1件(+0pt) | 駅近500m以内 | 複数記事候補×5 | primary_station:経堂駅(≤1200m)
経堂駅のレンタルダンススタジオおすすめ,駅,C,2,スタジオ白猫屋 経堂R店,〒156-0052 東京都世田谷区経堂１丁目１１-１３ 長島ビル 3Ｆ,0,,経堂駅,203.0,ChIJ55PkqjLzGGARLPp5G5MYqr8,スタジオ白猫屋 経堂R店,4.3,3.0,1.0,OK,40.35,★4.3(+17pt) | 口コミ3件(+0pt) | 駅近500m以内 | 複数記事候補×5 | primary_station:経堂駅(≤1200m)
経堂駅のレンタルダンススタジオおすすめ,駅,C,3,NATURAglam 経堂スタジオ,〒156-0052 東京都世田谷区経堂１丁目２５-１８ 吉川水産ビル3階,0,,経堂駅,268.0,ChIJ_99YOJbzGGARtY4LmxpuuHM,ヨガ ピラティス NATURAglam 経堂スタジオ,4.0,4.0,0.821,OK,39.2,★4.0(+16pt) | 口コミ4件(+0pt) | 駅近500m以内 | 複数記事候補×5 | primary_station:経堂駅(≤1200m)
経堂駅のレンタルダンススタジオおすすめ,駅,C,4,アロハホヌアフラスタジオ&レンタルスタジオ経堂,〒156-0052 東京都世田谷区経堂１丁目５-６ パルファム経堂 B1,0,,経堂駅,334.0,ChIJG554tZ3zGGARo3Pwo51NeYs,アロハホヌアフラスタジオ&レンタルスタジオ経堂,4.0,1.0,1.0,OK,39.05,★4.0(+16pt) | 口コミ1件(+0pt) | 駅近500m以内 | 複数記事候補×5 | primary_station:経堂駅(≤1200m)
経堂駅のレンタルダンススタジオおすすめ,駅,C,5,あやこバレエスタジオ,〒156-0051 東京都世田谷区４６ 宮坂3-46-3-1F,0,,経堂駅,569.0,ChIJIyU1Kr_zGGARvVDdPn2gBng,あやこバレエスタジオ,5.0,1.0,1.0,OK,30.05,★5.0(+20pt) | 口コミ1件(+0pt) | 駅近1000m以内 | 複数記事候補×2 | primary_station:経堂駅(≤1200m)
聖蹟桜ヶ丘駅のレンタルダンススタジオおすすめ,駅,C,1,ダンスレンタルスタジオ プラーナ,〒206-0011 東京都多摩市関戸２丁目３２-５ カネシロビルB1,0,,聖蹟桜ヶ丘駅,552.0,ChIJ5-WEyqPkGGARhGSvVJ0cvL8,多摩市 聖蹟桜ヶ丘 レンタルスタジオ プラーナ,3.0,5.0,0.686,OK,26.25,★3.0(+12pt) | 口コミ5件(+0pt) | 駅近1000m以内 | 複数記事候補×4 | primary_station:聖蹟桜ヶ丘駅(≤1200m)
聖蹟桜ヶ丘駅のレンタルダンススタジオおすすめ,駅,C,2,K DANCE STUDIO 1024,〒206-0002 東京都多摩市一ノ宮１丁目２５-２ ガーデンヒルズ聖蹟桜ヶ丘 1F,0,,聖蹟桜ヶ丘駅,614.0,ChIJ63JkEILjGGARHzgKvZRgw-w,K DANCE STUDIO 1024,3.0,1.0,1.0,OK,26.05,★3.0(+12pt) | 口コミ1件(+0pt) | 駅近1000m以内 | 複数記事候補×4 | primary_station:聖蹟桜ヶ丘駅(≤1200m)
聖蹟桜ヶ丘駅のレンタルダンススタジオおすすめ,駅,C,3,キッズダンススタジオstudioCROSS（スタジオクロス）聖蹟桜ヶ丘クラス 多摩市 多摩カルチャーセンター,〒206-0011 東京都多摩市関戸４丁目73-１ よこくらビル 3階,0,,聖蹟桜ヶ丘駅,186.0,ChIJmXP_RNPlGGARO1FKbkv-kDo,キッズダンススタジオstudioCROSS（スタジオクロス）聖蹟桜ヶ丘クラス 多摩市 多摩カルチャーセンター,,,1.0,OK,,★nan(+nanpt) | 駅近500m以内 | 複数記事候補×5 | primary_station:聖蹟桜ヶ丘駅(≤1200m)
聖蹟桜ヶ丘駅のレンタルダンススタジオおすすめ,駅,C,4,Ballet Fl?gel バレエフリューゲル,〒206-0011 東京都多摩市関戸４丁目７３ ヴィータアネックスよこくらビル 3階,0,,聖蹟桜ヶ丘駅,181.0,ChIJiTCJ5QHlGGARtz4LFnGEZS4,Ballet Flügel バレエフリューゲル,,,0.952,OK,,★nan(+nanpt) | 駅近500m以内 | 複数記事候補×3 | primary_station:聖蹟桜ヶ丘駅(≤1200m)
葛西駅のレンタルダンススタジオおすすめ,駅,C,1,舞空間ばくdance studio,〒134-0083 東京都江戸川区中葛西中葛西５丁目３４-７ 昭 産 ビル ７F,0,,葛西駅,70.0,ChIJnSrHb_KHGGARNGC3MeklvT8,舞空間ばく Dance studio,5.0,2.0,1.0,OK,43.1,★5.0(+20pt) | 口コミ2件(+0pt) | 駅近500m以内 | 複数記事候補×5 | primary_station:葛西駅(≤1200m)
葛西駅のレンタルダンススタジオおすすめ,駅,C,2,ダンススクエア 葛西スタジオ,〒134-0084 東京都江戸川区東葛西６丁目２-１０ 森ビル 7階,0,,葛西駅,134.0,ChIJZ60l5_KHGGARTXdpmzQ3MBs,ダンススクエア 葛西スタジオ,5.0,1.0,1.0,OK,43.05,★5.0(+20pt) | 口コミ1件(+0pt) | 駅近500m以内 | 複数記事候補×5 | primary_station:葛西駅(≤1200m)
葛西駅のレンタルダンススタジオおすすめ,駅,C,3,Lanikai Dance Studio,〒134-0083 東京都江戸川区中葛西５丁目２０-１９ ローヤルマンション葛西 1階,0,,葛西駅,234.0,ChIJEYLYGPKHGGARSUkItZ_f-k0,Lanikai Dance Studio,5.0,1.0,1.0,OK,43.05,★5.0(+20pt) | 口コミ1件(+0pt) | 駅近500m以内 | 複数記事候補×5 | primary_station:葛西駅(≤1200m)
葛西駅のレンタルダンススタジオおすすめ,駅,C,4,ナガトスタジオ,〒134-0084 東京都江戸川区東葛西５丁目４０-９,0,,葛西駅,688.0,ChIJZRmfLMSHGGAR8I0cLVuk5AM,ナガトスタジオ,3.0,1.0,1.0,OK,26.05,★3.0(+12pt) | 口コミ1件(+0pt) | 駅近1000m以内 | 複数記事候補×4 | primary_station:葛西駅(≤1200m)
葛西駅のレンタルダンススタジオおすすめ,駅,C,5,バレエスタジオ ピアチェーレ,〒134-0085 東京都江戸川区南葛西１丁目１４-１３ シティパレス南葛西 302,0,,葛西駅,991.0,ChIJ28uvfF99GGAReeSAWldXbwQ,バレエスタジオ ピアチェーレ,,,1.0,OK,,★nan(+nanpt) | 駅近1000m以内 | 複数記事候補×4 | primary_station:葛西駅(≤1200m)
葛西駅のレンタルダンススタジオおすすめ,駅,C,6,レンタルスタジオ葛西,〒134-0084 東京都江戸川区東葛西５丁目１-１４-２０２,0,,葛西駅,100.0,ChIJMVa8TiWHGGARXWkxvumIONM,レンタルスペース葛西,,,0.7,OK,,★nan(+nanpt) | 駅近500m以内 | 複数記事候補×5 | primary_station:葛西駅(≤1200m)
蔵前駅のレンタルダンススタジオおすすめ,駅,C,1,ムーンプレイス レンタルスタジオ蔵前,〒111-0043 東京都台東区駒形２丁目１-５ ３階,0,,蔵前駅,224.0,ChIJWc_yyk2PGGARIYIy_QUNMo0,ムーンプレイス レンタルスタジオ蔵前,5.0,1.0,1.0,OK,43.05,★5.0(+20pt) | 口コミ1件(+0pt) | 駅近500m以内 | 複数記事候補×5 | primary_station:蔵前駅(≤1200m)
蔵前駅のレンタルダンススタジオおすすめ,駅,C,2,OnePlace Dance Studio,〒111-0053 東京都台東区浅草橋３丁目１９-２ 地下1階 冨士ビル,0,,蔵前駅,600.0,ChIJEVFlyWHjGGAR2hpkCgAfYQQ,OnePlace Dance Studio,4.5,4.0,1.0,OK,32.2,★4.5(+18pt) | 口コミ4件(+0pt) | 駅近1000m以内 | 複数記事候補×4 | primary_station:蔵前駅(≤1200m)
蔵前駅のレンタルダンススタジオおすすめ,駅,C,3,アナログスタジオ,"笹屋ビル ２F, ４丁目-３４-８ 両国 墨田区 東京都 130-0026",0,,蔵前駅,1102.0,ChIJd97fiEqJGGARZIoZH9lEHHU,アナログスタジオ,5.0,1.0,1.0,OK,22.05,★5.0(+20pt) | 口コミ1件(+0pt) | 複数記事候補×2 | primary_station:蔵前駅(≤1200m)
蔵前駅のレンタルダンススタジオおすすめ,駅,C,4,スタジオブライト｜レンタル撮影スタジオ（完全予約制）,〒111-0051 東京都台東区蔵前４丁目３６-１３ タイルビル 4F,0,,蔵前駅,381.0,ChIJ-X5Oz2GPGGAR4z5MZbV2_ng,スタジオブライト,,,0.471,OK,,★nan(+nanpt) | 駅近500m以内 | 複数記事候補×6 | primary_station:蔵前駅(≤1200m)
蔵前駅のレンタルダンススタジオおすすめ,駅,C,5,スタジオ21（レンタルスタジオ）,"竹中シャルム B1, ３丁目-１-３ 浅草橋 台東区 東京都 111-0053",0,,蔵前駅,643.0,ChIJqylARrGOGGARrb1P82gvmmw,スタジオ21(浅草橋のダンススタジオ/レンタルスペース/会議室),,,0.458,OK,,★nan(+nanpt) | 駅近1000m以内 | 複数記事候補×2 | primary_station:蔵前駅(≤1200m)
西荻窪駅のレンタルダンススタジオおすすめ,駅,C,1,MCSpace,〒167-0053 東京都杉並区西荻南２丁目２５-６ 西荻プラザビル B1F,0,,西荻窪駅,275.0,ChIJ25ACVAXuGGARDoQc57Z5OSY,MCSpace,4.9,17.0,1.0,OK,45.45,★4.9(+20pt) | 口コミ17件(+1pt) | 駅近500m以内 | 複数記事候補×6 | primary_station:西荻窪駅(≤1200m)
西荻窪駅のレンタルダンススタジオおすすめ,駅,C,2,クリエイティブスペース・フュージョン,〒167-0053 東京都杉並区西荻南３丁目２４-２４-１ 西荻マイロード 27,0,,西荻窪駅,141.0,ChIJfQa0MO_vGGARabp1zm6oNk0,クリエイティブスペース・フュージョン,5.0,1.0,1.0,OK,45.05,★5.0(+20pt) | 口コミ1件(+0pt) | 駅近500m以内 | 複数記事候補×6 | primary_station:西荻窪駅(≤1200m)
西荻窪駅のレンタルダンススタジオおすすめ,駅,C,3,スタジオLINOVA（リノ・バ）,〒167-0054 東京都杉並区松庵３丁目１-６ 松庵ユニオンビル B1,0,,西荻窪駅,552.0,ChIJzUIQpuvvGGARU0KjoeA5RKo,スタジオLINOVA（リノ・バ）,4.0,2.0,1.0,OK,32.1,★4.0(+16pt) | 口コミ2件(+0pt) | 駅近1000m以内 | 複数記事候補×5 | primary_station:西荻窪駅(≤1200m)
西荻窪駅のレンタルダンススタジオおすすめ,駅,C,4,レンタルスタジオ西荻リノ,〒167-0042 東京都杉並区西荻北２丁目３-９ グランピア西荻窪 Ｂ101,0,,西荻窪駅,156.0,ChIJyX6gl3rvGGARKn8tSj4p9Ig,レンタルスタジオ西荻リノ,,,1.0,OK,,★nan(+nanpt) | 駅近500m以内 | 複数記事候補×6 | primary_station:西荻窪駅(≤1200m)
西荻窪駅のレンタルダンススタジオおすすめ,駅,C,5,西荻窪永谷ダンススタジオ,〒167-0054 東京都杉並区松庵３丁目４０-９,0,,西荻窪駅,107.0,ChIJ8_pwyxHuGGARfkJPQWo2_JI,西荻窪永谷ダンススタジオ,,,1.0,OK,,★nan(+nanpt) | 駅近500m以内 | 複数記事候補×4 | primary_station:西荻窪駅(≤1200m)
西荻窪駅のレンタルダンススタジオおすすめ,駅,C,6,西荻窪七宝レンタルスペース,〒167-0042 東京都杉並区西荻北３丁目２５-１ 七宝マンション 1階,0,,西荻窪駅,259.0,ChIJa5X5-8DvGGARQI_D7RosR-0,西荻窪七宝レンタルスペース,,,1.0,OK,,★nan(+nanpt) | 駅近500m以内 | 複数記事候補×6 | primary_station:西荻窪駅(≤1200m)
調布駅のレンタルダンススタジオおすすめ,駅,C,1,富田雅美バレエ＆ダンスユニット,〒182-0024 東京都調布市布田１丁目２９-２ ビルディング川口 B1,0,,調布駅,200.0,ChIJQbC-3BTwGGARWd3hWPux4PY,富田雅美バレエ＆ダンスユニット,5.0,20.0,1.0,OK,44.0,★5.0(+20pt) | 口コミ20件(+1pt) | 駅近500m以内 | 複数記事候補×5 | haversine:調布駅(≤1200m)
調布駅のレンタルダンススタジオおすすめ,駅,C,2,スタジオ白猫屋 調布店,〒182-0021 東京都調布市調布ケ丘１丁目34-５ 調布タカラビル 3階,0,,調布駅,415.0,ChIJP_6-2nLxGGARjHnhXXdAV8U,スタジオ白猫屋 調布店,4.0,1.0,1.0,OK,39.05,★4.0(+16pt) | 口コミ1件(+0pt) | 駅近500m以内 | 複数記事候補×5 | haversine:調布駅(≤1200m)
調布駅のレンタルダンススタジオおすすめ,駅,C,3,ソードミュージック多目的スタジオ,〒182-0015 東京都調布市八雲台２丁目１-１０,0,,調布駅,1056.0,ChIJtTEFZUbwGGARVepBgry0fgI,ソードミュージック多目的スタジオ,4.3,13.0,1.0,OK,23.85,★4.3(+17pt) | 口コミ13件(+1pt) | 複数記事候補×4 | haversine:調布駅(≤1200m)
調布駅のレンタルダンススタジオおすすめ,駅,C,4,フィットネス カルチャー＆アート テラ Terra,〒182-0025 東京都調布市多摩川５丁目７-６ 第３コーポ渡辺 2階,0,,調布駅,1045.0,ChIJDT787NfxGGARqhSet-Jc6TY,フィットネス カルチャー＆アート テラ Terra,,,1.0,OK,,★nan(+nanpt) | 複数記事候補×4 | haversine:調布駅(≤1200m)
調布駅のレンタルダンススタジオおすすめ,駅,C,5,MDL Studio (防音スタジオ),〒182-0021 東京都調布市調布ケ丘３丁目６９-２,0,,調布駅,1165.0,ChIJ5Zo240_xGGARz8ZbE4bfB9w,MDL Studio (防音スタジオ),,,1.0,OK,,★nan(+nanpt) | 複数記事候補×5 | haversine:調布駅(≤1200m)
都立大学駅のレンタルダンススタジオおすすめ,駅,C,1,ノアスタジオ 都立大店（ダンス・演劇）,〒152-0031 東京都目黒区中根１丁目７-２３ ＳＴビル,0,,都立大学駅,151.0,ChIJAQC0Gdz0GGARlctSXtd-qDQ,ノアスタジオ 都立大店,4.1,125.0,0.741,OK,45.65,★4.1(+16pt) | 口コミ125件(+6pt) | 駅近500m以内 | 複数記事候補×5 | primary_station:都立大学駅(≤1200m)
都立大学駅のレンタルダンススタジオおすすめ,駅,C,2,ノアスタジオ 都立大２号店,〒152-0031 東京都目黒区中根１丁目２-２ 1F 受付,0,,都立大学駅,61.0,ChIJERLntWT1GGARFZDiT-vW44k,ノアスタジオ 都立大２号店,4.3,12.0,1.0,OK,40.8,★4.3(+17pt) | 口コミ12件(+1pt) | 駅近500m以内 | 複数記事候補×5 | primary_station:都立大学駅(≤1200m)
駒込駅のレンタルダンススタジオおすすめ,駅,C,1,レンタルスタジオ池袋・駒込マイックル,〒114-0015 東京都北区中里２丁目１３-６,0,,駒込駅,334.0,ChIJ21-2JyyNGGARvniybg2LD80,新宿・大久保マイックル,5.0,1.0,0.37,OK,43.05,★5.0(+20pt) | 口コミ1件(+0pt) | 駅近500m以内 | 複数記事候補×5 | primary_station:駒込駅(≤1200m)
駒込駅のレンタルダンススタジオおすすめ,駅,C,2,ミュージックサロン アマーブルNUTSスタジオ駒込店,〒114-0014 東京都北区田端４丁目１-１１ クレールビル 1F,0,,駒込駅,472.0,ChIJaXxi-IuPGGAR-_tD9Sv7Tig,ミュージックサロン アマーブルNUTSスタジオ駒込店,5.0,1.0,1.0,OK,43.05,★5.0(+20pt) | 口コミ1件(+0pt) | 駅近500m以内 | 複数記事候補×5 | primary_station:駒込駅(≤1200m)
駒込駅のレンタルダンススタジオおすすめ,駅,C,3,ART GROOVE,〒114-0015 東京都北区中里２丁目５-８ レイハウス駒込 302,0,,駒込駅,306.0,ChIJhTQHYJSNGGARr7jeH2Emgc8,ART GROOVE,4.6,21.0,1.0,OK,42.45,★4.6(+18pt) | 口コミ21件(+1pt) | 駅近500m以内 | 複数記事候補×5 | primary_station:駒込駅(≤1200m)
駒込駅のレンタルダンススタジオおすすめ,駅,C,4,レンタルスタジオSunny 駒込店,〒113-0021 東京都文京区本駒込５丁目１９-９ ワコー本駒込マンション 地下1F,0,,駒込駅,526.0,ChIJB5mg-Q0N8yIRnjJP7O4q4Qc,レンタルスタジオSunny 駒込店,3.9,20.0,1.0,OK,30.6,★3.9(+16pt) | 口コミ20件(+1pt) | 駅近1000m以内 | 複数記事候補×4 | primary_station:駒込駅(≤1200m)
駒込駅のレンタルダンススタジオおすすめ,駅,C,5,貸し会議室 & 全国蕎麦製粉会館【JK Room 駒込】,〒170-0003 東京都豊島区駒込１丁目４０-４ 全国蕎麦製粉協同組合４０１ コンフォート駒込,0,,駒込駅,168.0,ChIJQdjOJXeNGGAR-JvewXrkI_A,貸し会議室 & ダンススタジオ 全国蕎麦製粉会館【JK Room 駒込】,,,0.873,OK,,★nan(+nanpt) | 駅近500m以内 | 複数記事候補×5 | primary_station:駒込駅(≤1200m)
24時間使えるレンタルダンススタジオ 東京,条件,S,1,BUZZ レンタルスタジオ 新宿ハウス店,〒160-0023 東京都新宿区西新宿７丁目１６-１,1,https://dance-studio-lab.com/room/MWYzNmNhZGMtMWZiNi00MjBiLWJjNzMtZmFmNjAxYmQ5MjA3/detail,西武新宿駅,276.0,ChIJRc7vzXuNGGAR0_J9NkqzufI,BUZZ新宿ハウス,5.0,1.0,0.667,OK,165.05,提携 | ★5.0(+20pt) | 口コミ1件(+0pt) | 駅近500m以内 | 複数記事候補×7 | tag:feature:24h
24時間使えるレンタルダンススタジオ 東京,条件,S,2,BUZZ渋谷MARKCITY,〒150-0043 東京都渋谷区道玄坂１丁目１７ 9BUZZビル,1,https://dance-studio-lab.com/room/MTJmOWU1NGQtYmViZC00YWEzLWI5Y2ItNGFhYzU3YTAyZTBk/detail,渋谷駅,437.0,ChIJfYAEdgKLGGARHbcNsyh2QfI,BUZZ渋谷MARKCITY,4.3,7.0,1.0,OK,162.55,提携 | ★4.3(+17pt) | 口コミ7件(+0pt) | 駅近500m以内 | 複数記事候補×6 | tag:feature:24h
24時間使えるレンタルダンススタジオ 東京,条件,S,3,BUZZ レンタルスタジオ 六本木店,〒106-0032 東京都港区六本木４丁目５-７ スタジオＤ 地下1階,1,https://dance-studio-lab.com/room/MGYxY2IwOWYtNDQ4ZS00MmEyLTliYTAtNzg1YjUyOTA0OTlj/detail,六本木駅,269.0,ChIJYSonz5WLGGARQ_tWA-7sdLs,BUZZ六本木,4.3,6.0,0.609,OK,162.5,提携 | ★4.3(+17pt) | 口コミ6件(+0pt) | 駅近500m以内 | 複数記事候補×6 | tag:feature:24h
24時間使えるレンタルダンススタジオ 東京,条件,S,4,BUZZ新宿,〒160-0023 東京都新宿区西新宿７丁目１６-４ Concierge高橋 BF 地下1階,1,https://dance-studio-lab.com/room/NThmODMwMDctZjkyNi00ZTE3LTgwNjQtMDRmOGIwMmQ5ZTRi/detail,西武新宿駅,298.0,ChIJcxTJc7GNGGAR4051ceCwzfc,BUZZ新宿,4.0,9.0,1.0,OK,161.45,提携 | ★4.0(+16pt) | 口コミ9件(+0pt) | 駅近500m以内 | 複数記事候補×7 | tag:feature:24h
24時間使えるレンタルダンススタジオ 東京,条件,S,5,BUZZ渋谷TOWER,東京都渋谷区東2-27-9],1,https://dance-studio-lab.com/room/YWZmOTdhZGMtMjk1MC00ODljLWE2YWUtMDRjMGM5NTIxZTg2/detail,渋谷駅,437.0,ChIJQUYpSQCLGGARsF4hafI8N7A,BUZZ渋谷TOWER,3.9,9.0,1.0,OK,161.05,提携 | ★3.9(+16pt) | 口コミ9件(+0pt) | 駅近500m以内 | 複数記事候補×8 | tag:feature:24h
24時間使えるレンタルダンススタジオ 東京,条件,S,6,BUZZ レンタルスタジオ巣鴨店,〒170-0002 東京都豊島区巣鴨２丁目４-６ 第二みどりビル B1,1,https://dance-studio-lab.com/room/MmNjNjkxYjEtYjA5ZC00YTZkLWFjMTAtZmVhYzQ1MGY0M2Uy/detail,巣鴨駅,125.0,ChIJFSb9LmONGGARejCvteb7XZk,BUZZ巣鴨,4.4,5.0,0.571,OK,160.85,提携 | ★4.4(+18pt) | 口コミ5件(+0pt) | 駅近500m以内 | 複数記事候補×5 | tag:feature:24h
24時間使えるレンタルダンススタジオ 東京,条件,S,7,BUZZ レンタルスタジオ 渋谷PARK店,〒150-0042 東京都渋谷区宇田川町１９-５,1,https://dance-studio-lab.com/room/YmNlM2RmNGMtNGI0Mi00ZTg4LTk4OTYtNjY4NWRiM2JmNzhm/detail,渋谷駅,448.0,ChIJj1Xu_r2NGGARdm3n9K-BDqY,BUZZ渋谷PARK,3.6,14.0,0.69,OK,160.1,提携 | ★3.6(+14pt) | 口コミ14件(+1pt) | 駅近500m以内 | 複数記事候補×8 | tag:feature:24h
24時間使えるレンタルダンススタジオ 東京,条件,S,8,なかすた（スタジオ神田川）,〒164-0013 東京都中野区弥生町５丁目２２-２ ビラフジミ B号室,1,https://dance-studio-lab.com/room/ODE4NDI3NmEtODY2YS00ZTg2LTgyMzctNzMzNmYwYjNmNDgx/detail,中野富士見町駅,163.0,ChIJh19rEo_zGGARV0GsS_Gy7GM,なかすた,4.2,6.0,0.471,OK,160.1,提携 | ★4.2(+17pt) | 口コミ6件(+0pt) | 駅近500m以内 | 複数記事候補×5 | tag:feature:24h
24時間使えるレンタルダンススタジオ 東京,条件,S,9,スタジオインディ 新宿店,〒160-0022 東京都新宿区新宿３丁目２２番１１号 新宿ＲＳビル ６階,0,,新宿駅,289.0,ChIJ7_e-EtyMGGARWGKDmmfWr08,就活写真のスタジオインディ 新宿店,4.9,3522.0,0.815,OK,79.6,★4.9(+20pt) | 口コミ3522件(+15pt) | 駅近500m以内 | 複数記事候補×6 | tag:feature:24h
24時間使えるレンタルダンススタジオ 東京,条件,S,10,スタジオインディ 東京駅前店,〒104-0031 東京都中央区京橋１丁目４-１１ 竹本ビルディング ４階,0,,東京駅,397.0,ChIJ_Y-2T92LGGARO0DCyy0N7qM,就活写真のスタジオインディ 東京駅前店,4.9,1417.0,0.839,OK,79.6,★4.9(+20pt) | 口コミ1417件(+15pt) | 駅近500m以内 | 複数記事候補×7 | tag:feature:24h
24時間使えるレンタルダンススタジオ 東京,条件,S,11,Rei Dance Collection 駅前校,〒150-0002 東京都渋谷区渋谷３丁目２８-７ 青ビル B1F,0,,渋谷駅,324.0,ChIJO-_Nh1aLGGARwLqUxvR0wFM,Rei Dance Collection 渋谷校,4.7,308.0,0.905,OK,78.8,★4.7(+19pt) | 口コミ308件(+15pt) | 駅近500m以内 | 複数記事候補×6 | tag:feature:24h
24時間使えるレンタルダンススタジオ 東京,条件,S,12,ノアスタジオ 新宿１号店,〒160-0023 東京都新宿区西新宿１丁目３-１４,0,,新宿駅,319.0,ChIJEZGmV9aMGGARGzRgLKl6a4g,ノアスタジオ 新宿１号店,4.0,205.0,1.0,OK,71.25,★4.0(+16pt) | 口コミ205件(+10pt) | 駅近500m以内 | 複数記事候補×6 | tag:feature:24h
24時間使えるレンタルダンススタジオ 東京,条件,S,13,ノアスタジオ 赤坂店,〒107-0052 東京都港区赤坂３丁目１３-１２ 受付は隣のビル2Fとなります,0,,赤坂駅,62.0,ChIJu6hQNIeLGGARf5rRIjgFNvg,サウンドスタジオノア 赤坂店,4.7,173.0,0.636,OK,70.45,★4.7(+19pt) | 口コミ173件(+9pt) | 駅近500m以内 | 複数記事候補×5 | tag:feature:24h
24時間使えるレンタルダンススタジオ 東京,条件,S,14,舎人公園 ドッグラン,〒121-0837 東京都足立区舎人公園１,0,,舎人公園駅,181.0,ChIJuRkRz9STGGARIIef1w11HaI,舎人公園ドッグラン,3.6,302.0,1.0,OK,70.4,★3.6(+14pt) | 口コミ302件(+15pt) | 駅近500m以内 | 複数記事候補×4 | tag:feature:24h
24時間使えるレンタルダンススタジオ 東京,条件,S,15,ENCE Rental Studio 四谷三丁目【新宿エリアのレンタルスタジオ】,〒160-0017 東京都新宿区左門町１-１７ アパルトマン 四谷 102,0,,四谷三丁目駅,109.0,ChIJdal9_omNGGAR5rKEf5ipluU,ENCE Rental Studio 四谷三丁目,4.7,167.0,0.724,OK,70.15,★4.7(+19pt) | 口コミ167件(+8pt) | 駅近500m以内 | 複数記事候補×5 | tag:feature:24h
駅近のレンタルダンススタジオ 東京,条件,S,1,スタジオ五軒町／『鏡張り』の多目的に利用できる『防音』スタジオ,東京都千代田区外神田6-16-1,1,https://dance-studio-lab.com/room/ODZiZjA3NDItNjk4ZS00YjMxLWFjMGQtMGU5ZjVkZDg5OWQw/detail,湯島駅,308.0,ChIJqR_N5JuNGGARtspyhrGKB8M,スタジオ五軒町,4.9,18.0,0.368,OK,165.5,提携 | ★4.9(+20pt) | 口コミ18件(+1pt) | 駅近500m以内 | 複数記事候補×7 | 駅近(≤500m)
駅近のレンタルダンススタジオ 東京,条件,S,2,Studio-Bio,東京都渋谷区千駄ヶ谷3−41−12　シャトル千駄ヶ谷B1(地下),1,https://dance-studio-lab.com/room/MTI3NDc3MzgtMTBhMy00NGY2LWE3MGQtZmM5YzdiYjVmNzM2/detail,北参道駅,48.0,ChIJeSg5VJWNGGARIJQppzQUS9Q,レンタルダンススタジオ『Studio-Bio北参道』,5.0,5.0,0.529,OK,165.25,提携 | ★5.0(+20pt) | 口コミ5件(+0pt) | 駅近500m以内 | 複数記事候補×8 | 駅近(≤500m)
駅近のレンタルダンススタジオ 東京,条件,S,3,Dubway レンタルスタジオ中野,東京都中野区5-32-6 城西ビルB02,1,https://dance-studio-lab.com/room/MzFmYWU5ZjgtNmM0NC00MDYzLTljOGUtMjFlZDI1MmVhMDE5/detail,中野駅,167.0,ChIJ21QXDnjzGGARiL1yJ3naUQA,Dubway Dance Studio中野,5.0,1.0,0.457,OK,165.05,提携 | ★5.0(+20pt) | 口コミ1件(+0pt) | 駅近500m以内 | 複数記事候補×6 | 駅近(≤500m)
駅近のレンタルダンススタジオ 東京,条件,S,4,BUZZ レンタルスタジオ 新宿ハウス店,〒160-0023 東京都新宿区西新宿７丁目１６-１,1,https://dance-studio-lab.com/room/MWYzNmNhZGMtMWZiNi00MjBiLWJjNzMtZmFmNjAxYmQ5MjA3/detail,西武新宿駅,276.0,ChIJRc7vzXuNGGAR0_J9NkqzufI,BUZZ新宿ハウス,5.0,1.0,0.667,OK,165.05,提携 | ★5.0(+20pt) | 口コミ1件(+0pt) | 駅近500m以内 | 複数記事候補×7 | 駅近(≤500m)
駅近のレンタルダンススタジオ 東京,条件,S,5,BEATs レンタルスタジオ ビーツ,東京都渋谷区代々木1-42-2 藤ビル2階,1,https://dance-studio-lab.com/room/ZWU0MDNlZTUtMDE1Zi00NDcyLWFjZjgtZTAzNzUzZTAwMzNj/detail,代々木駅,259.0,ChIJhZZQrOqNGGARrlbzob-uRo4,RENTAL STUDIO BEATs,5.0,1.0,0.303,OK,165.05,提携 | ★5.0(+20pt) | 口コミ1件(+0pt) | 駅近500m以内 | 複数記事候補×6 | 駅近(≤500m)
駅近のレンタルダンススタジオ 東京,条件,S,6,日暮里リーダンススタジオ,東京都荒川区西日暮里2-29-6秋山ビル301,1,https://dance-studio-lab.com/room/MjAxNTcyNmItYmQ2Ny00MmEzLWIyNjktODFkZmYxNGJiOTVh/detail,日暮里駅,232.0,ChIJkz_TqWqNGGARFyM7xMwgIhk,リーダンス,4.9,19.0,0.588,OK,163.55,提携 | ★4.9(+20pt) | 口コミ19件(+1pt) | 駅近500m以内 | 複数記事候補×5 | 駅近(≤500m)
駅近のレンタルダンススタジオ 東京,条件,S,7,レンタルスタジオAivic大塚,東京都豊島区北大塚2-9-7 豊島電気会館B1,1,https://dance-studio-lab.com/room/MjU5YzI0ZTUtYzE1MC00ODhmLWI2Y2MtNTk5YTFmMWIwMzZi/detail,大塚駅,274.0,ChIJ-d46QwCNGGARR8VBwDwR1VU,レンタルスタジオAivic大塚,5.0,1.0,1.0,OK,163.05,提携 | ★5.0(+20pt) | 口コミ1件(+0pt) | 駅近500m以内 | 複数記事候補×5 | 駅近(≤500m)
駅近のレンタルダンススタジオ 東京,条件,S,8,Dubway レンタルスタジオ小岩,東京都江戸川区北小岩1-3-4 102,1,https://dance-studio-lab.com/room/ZmU2YzI4MzYtZGY2ZC00YmZkLWI5MWItZDg0OTdkOTdmOGI5/detail,小岩駅,488.0,ChIJSYQwCgSFGGARgpaDHPS-ams,Dubwayレンタルダンス小岩,5.0,1.0,0.839,OK,163.05,提携 | ★5.0(+20pt) | 口コミ1件(+0pt) | 駅近500m以内 | 複数記事候補×5 | 駅近(≤500m)
駅近のレンタルダンススタジオ 東京,条件,S,9,スタジオインディ 新宿店,〒160-0022 東京都新宿区新宿３丁目２２番１１号 新宿ＲＳビル ６階,0,,新宿駅,289.0,ChIJ7_e-EtyMGGARWGKDmmfWr08,就活写真のスタジオインディ 新宿店,4.9,3522.0,0.815,OK,79.6,★4.9(+20pt) | 口コミ3522件(+15pt) | 駅近500m以内 | 複数記事候補×6 | 駅近(≤500m)
駅近のレンタルダンススタジオ 東京,条件,S,10,スタジオインディ 東京駅前店,〒104-0031 東京都中央区京橋１丁目４-１１ 竹本ビルディング ４階,0,,東京駅,397.0,ChIJ_Y-2T92LGGARO0DCyy0N7qM,就活写真のスタジオインディ 東京駅前店,4.9,1417.0,0.839,OK,79.6,★4.9(+20pt) | 口コミ1417件(+15pt) | 駅近500m以内 | 複数記事候補×7 | 駅近(≤500m)
駅近のレンタルダンススタジオ 東京,条件,S,11,Rei Dance Collection 駅前校,〒150-0002 東京都渋谷区渋谷３丁目２８-７ 青ビル B1F,0,,渋谷駅,324.0,ChIJO-_Nh1aLGGARwLqUxvR0wFM,Rei Dance Collection 渋谷校,4.7,308.0,0.905,OK,78.8,★4.7(+19pt) | 口コミ308件(+15pt) | 駅近500m以内 | 複数記事候補×6 | 駅近(≤500m)
駅近のレンタルダンススタジオ 東京,条件,S,12,ノアスタジオ 新宿１号店,〒160-0023 東京都新宿区西新宿１丁目３-１４,0,,新宿駅,319.0,ChIJEZGmV9aMGGARGzRgLKl6a4g,ノアスタジオ 新宿１号店,4.0,205.0,1.0,OK,71.25,★4.0(+16pt) | 口コミ205件(+10pt) | 駅近500m以内 | 複数記事候補×6 | 駅近(≤500m)
駅近のレンタルダンススタジオ 東京,条件,S,13,ノアスタジオ 赤坂店,〒107-0052 東京都港区赤坂３丁目１３-１２ 受付は隣のビル2Fとなります,0,,赤坂駅,62.0,ChIJu6hQNIeLGGARf5rRIjgFNvg,サウンドスタジオノア 赤坂店,4.7,173.0,0.636,OK,70.45,★4.7(+19pt) | 口コミ173件(+9pt) | 駅近500m以内 | 複数記事候補×5 | 駅近(≤500m)
駅近のレンタルダンススタジオ 東京,条件,S,14,舎人公園 ドッグラン,〒121-0837 東京都足立区舎人公園１,0,,舎人公園駅,181.0,ChIJuRkRz9STGGARIIef1w11HaI,舎人公園ドッグラン,3.6,302.0,1.0,OK,70.4,★3.6(+14pt) | 口コミ302件(+15pt) | 駅近500m以内 | 複数記事候補×4 | 駅近(≤500m)
駅近のレンタルダンススタジオ 東京,条件,S,15,ENCE Rental Studio 四谷三丁目【新宿エリアのレンタルスタジオ】,〒160-0017 東京都新宿区左門町１-１７ アパルトマン 四谷 102,0,,四谷三丁目駅,109.0,ChIJdal9_omNGGAR5rKEf5ipluU,ENCE Rental Studio 四谷三丁目,4.7,167.0,0.724,OK,70.15,★4.7(+19pt) | 口コミ167件(+8pt) | 駅近500m以内 | 複数記事候補×5 | 駅近(≤500m)
深夜利用OKのダンススタジオ 東京,条件,A,1,BUZZ レンタルスタジオ 新宿ハウス店,〒160-0023 東京都新宿区西新宿７丁目１６-１,1,https://dance-studio-lab.com/room/MWYzNmNhZGMtMWZiNi00MjBiLWJjNzMtZmFmNjAxYmQ5MjA3/detail,西武新宿駅,276.0,ChIJRc7vzXuNGGAR0_J9NkqzufI,BUZZ新宿ハウス,5.0,1.0,0.667,OK,155.05,提携 | ★5.0(+20pt) | 口コミ1件(+0pt) | 駅近500m以内 | 複数記事候補×7 | tag:feature:midnight
深夜利用OKのダンススタジオ 東京,条件,A,2,BUZZ渋谷MARKCITY,〒150-0043 東京都渋谷区道玄坂１丁目１７ 9BUZZビル,1,https://dance-studio-lab.com/room/MTJmOWU1NGQtYmViZC00YWEzLWI5Y2ItNGFhYzU3YTAyZTBk/detail,渋谷駅,437.0,ChIJfYAEdgKLGGARHbcNsyh2QfI,BUZZ渋谷MARKCITY,4.3,7.0,1.0,OK,152.55,提携 | ★4.3(+17pt) | 口コミ7件(+0pt) | 駅近500m以内 | 複数記事候補×6 | tag:feature:midnight
深夜利用OKのダンススタジオ 東京,条件,A,3,BUZZ レンタルスタジオ 六本木店,〒106-0032 東京都港区六本木４丁目５-７ スタジオＤ 地下1階,1,https://dance-studio-lab.com/room/MGYxY2IwOWYtNDQ4ZS00MmEyLTliYTAtNzg1YjUyOTA0OTlj/detail,六本木駅,269.0,ChIJYSonz5WLGGARQ_tWA-7sdLs,BUZZ六本木,4.3,6.0,0.609,OK,152.5,提携 | ★4.3(+17pt) | 口コミ6件(+0pt) | 駅近500m以内 | 複数記事候補×6 | tag:feature:midnight
深夜利用OKのダンススタジオ 東京,条件,A,4,BUZZ新宿,〒160-0023 東京都新宿区西新宿７丁目１６-４ Concierge高橋 BF 地下1階,1,https://dance-studio-lab.com/room/NThmODMwMDctZjkyNi00ZTE3LTgwNjQtMDRmOGIwMmQ5ZTRi/detail,西武新宿駅,298.0,ChIJcxTJc7GNGGAR4051ceCwzfc,BUZZ新宿,4.0,9.0,1.0,OK,151.45,提携 | ★4.0(+16pt) | 口コミ9件(+0pt) | 駅近500m以内 | 複数記事候補×7 | tag:feature:midnight
深夜利用OKのダンススタジオ 東京,条件,A,5,BUZZ渋谷TOWER,東京都渋谷区東2-27-9],1,https://dance-studio-lab.com/room/YWZmOTdhZGMtMjk1MC00ODljLWE2YWUtMDRjMGM5NTIxZTg2/detail,渋谷駅,437.0,ChIJQUYpSQCLGGARsF4hafI8N7A,BUZZ渋谷TOWER,3.9,9.0,1.0,OK,151.05,提携 | ★3.9(+16pt) | 口コミ9件(+0pt) | 駅近500m以内 | 複数記事候補×8 | tag:feature:midnight
深夜利用OKのダンススタジオ 東京,条件,A,6,BUZZ レンタルスタジオ巣鴨店,〒170-0002 東京都豊島区巣鴨２丁目４-６ 第二みどりビル B1,1,https://dance-studio-lab.com/room/MmNjNjkxYjEtYjA5ZC00YTZkLWFjMTAtZmVhYzQ1MGY0M2Uy/detail,巣鴨駅,125.0,ChIJFSb9LmONGGARejCvteb7XZk,BUZZ巣鴨,4.4,5.0,0.571,OK,150.85,提携 | ★4.4(+18pt) | 口コミ5件(+0pt) | 駅近500m以内 | 複数記事候補×5 | tag:feature:midnight
深夜利用OKのダンススタジオ 東京,条件,A,7,BUZZ レンタルスタジオ 渋谷PARK店,〒150-0042 東京都渋谷区宇田川町１９-５,1,https://dance-studio-lab.com/room/YmNlM2RmNGMtNGI0Mi00ZTg4LTk4OTYtNjY4NWRiM2JmNzhm/detail,渋谷駅,448.0,ChIJj1Xu_r2NGGARdm3n9K-BDqY,BUZZ渋谷PARK,3.6,14.0,0.69,OK,150.1,提携 | ★3.6(+14pt) | 口コミ14件(+1pt) | 駅近500m以内 | 複数記事候補×8 | tag:feature:midnight
深夜利用OKのダンススタジオ 東京,条件,A,8,なかすた（スタジオ神田川）,〒164-0013 東京都中野区弥生町５丁目２２-２ ビラフジミ B号室,1,https://dance-studio-lab.com/room/ODE4NDI3NmEtODY2YS00ZTg2LTgyMzctNzMzNmYwYjNmNDgx/detail,中野富士見町駅,163.0,ChIJh19rEo_zGGARV0GsS_Gy7GM,なかすた,4.2,6.0,0.471,OK,150.1,提携 | ★4.2(+17pt) | 口コミ6件(+0pt) | 駅近500m以内 | 複数記事候補×5 | tag:feature:midnight
深夜利用OKのダンススタジオ 東京,条件,A,9,スタジオインディ 新宿店,〒160-0022 東京都新宿区新宿３丁目２２番１１号 新宿ＲＳビル ６階,0,,新宿駅,289.0,ChIJ7_e-EtyMGGARWGKDmmfWr08,就活写真のスタジオインディ 新宿店,4.9,3522.0,0.815,OK,69.6,★4.9(+20pt) | 口コミ3522件(+15pt) | 駅近500m以内 | 複数記事候補×6 | tag:feature:midnight
深夜利用OKのダンススタジオ 東京,条件,A,10,スタジオインディ 東京駅前店,〒104-0031 東京都中央区京橋１丁目４-１１ 竹本ビルディング ４階,0,,東京駅,397.0,ChIJ_Y-2T92LGGARO0DCyy0N7qM,就活写真のスタジオインディ 東京駅前店,4.9,1417.0,0.839,OK,69.6,★4.9(+20pt) | 口コミ1417件(+15pt) | 駅近500m以内 | 複数記事候補×7 | tag:feature:midnight
深夜利用OKのダンススタジオ 東京,条件,A,11,Rei Dance Collection 駅前校,〒150-0002 東京都渋谷区渋谷３丁目２８-７ 青ビル B1F,0,,渋谷駅,324.0,ChIJO-_Nh1aLGGARwLqUxvR0wFM,Rei Dance Collection 渋谷校,4.7,308.0,0.905,OK,68.8,★4.7(+19pt) | 口コミ308件(+15pt) | 駅近500m以内 | 複数記事候補×6 | tag:feature:midnight
深夜利用OKのダンススタジオ 東京,条件,A,12,ノアスタジオ 新宿１号店,〒160-0023 東京都新宿区西新宿１丁目３-１４,0,,新宿駅,319.0,ChIJEZGmV9aMGGARGzRgLKl6a4g,ノアスタジオ 新宿１号店,4.0,205.0,1.0,OK,61.25,★4.0(+16pt) | 口コミ205件(+10pt) | 駅近500m以内 | 複数記事候補×6 | tag:feature:midnight
深夜利用OKのダンススタジオ 東京,条件,A,13,ノアスタジオ 赤坂店,〒107-0052 東京都港区赤坂３丁目１３-１２ 受付は隣のビル2Fとなります,0,,赤坂駅,62.0,ChIJu6hQNIeLGGARf5rRIjgFNvg,サウンドスタジオノア 赤坂店,4.7,173.0,0.636,OK,60.45,★4.7(+19pt) | 口コミ173件(+9pt) | 駅近500m以内 | 複数記事候補×5 | tag:feature:midnight
深夜利用OKのダンススタジオ 東京,条件,A,14,舎人公園 ドッグラン,〒121-0837 東京都足立区舎人公園１,0,,舎人公園駅,181.0,ChIJuRkRz9STGGARIIef1w11HaI,舎人公園ドッグラン,3.6,302.0,1.0,OK,60.4,★3.6(+14pt) | 口コミ302件(+15pt) | 駅近500m以内 | 複数記事候補×4 | tag:feature:midnight
深夜利用OKのダンススタジオ 東京,条件,A,15,ENCE Rental Studio 四谷三丁目【新宿エリアのレンタルスタジオ】,〒160-0017 東京都新宿区左門町１-１７ アパルトマン 四谷 102,0,,四谷三丁目駅,109.0,ChIJdal9_omNGGAR5rKEf5ipluU,ENCE Rental Studio 四谷三丁目,4.7,167.0,0.724,OK,60.15,★4.7(+19pt) | 口コミ167件(+8pt) | 駅近500m以内 | 複数記事候補×5 | tag:feature:midnight
鏡付きレンタルダンススタジオ 東京,条件,A,1,スタジオ五軒町／『鏡張り』の多目的に利用できる『防音』スタジオ,東京都千代田区外神田6-16-1,1,https://dance-studio-lab.com/room/ODZiZjA3NDItNjk4ZS00YjMxLWFjMGQtMGU5ZjVkZDg5OWQw/detail,湯島駅,308.0,ChIJqR_N5JuNGGARtspyhrGKB8M,スタジオ五軒町,4.9,18.0,0.368,OK,155.5,提携 | ★4.9(+20pt) | 口コミ18件(+1pt) | 駅近500m以内 | 複数記事候補×7 | tag:feature:mirror
鏡付きレンタルダンススタジオ 東京,条件,A,2,Studio-Bio,東京都渋谷区千駄ヶ谷3−41−12　シャトル千駄ヶ谷B1(地下),1,https://dance-studio-lab.com/room/MTI3NDc3MzgtMTBhMy00NGY2LWE3MGQtZmM5YzdiYjVmNzM2/detail,北参道駅,48.0,ChIJeSg5VJWNGGARIJQppzQUS9Q,レンタルダンススタジオ『Studio-Bio北参道』,5.0,5.0,0.529,OK,155.25,提携 | ★5.0(+20pt) | 口コミ5件(+0pt) | 駅近500m以内 | 複数記事候補×8 | tag:feature:mirror
鏡付きレンタルダンススタジオ 東京,条件,A,3,Dubway レンタルスタジオ中野,東京都中野区5-32-6 城西ビルB02,1,https://dance-studio-lab.com/room/MzFmYWU5ZjgtNmM0NC00MDYzLTljOGUtMjFlZDI1MmVhMDE5/detail,中野駅,167.0,ChIJ21QXDnjzGGARiL1yJ3naUQA,Dubway Dance Studio中野,5.0,1.0,0.457,OK,155.05,提携 | ★5.0(+20pt) | 口コミ1件(+0pt) | 駅近500m以内 | 複数記事候補×6 | tag:feature:mirror
鏡付きレンタルダンススタジオ 東京,条件,A,4,BUZZ レンタルスタジオ 新宿ハウス店,〒160-0023 東京都新宿区西新宿７丁目１６-１,1,https://dance-studio-lab.com/room/MWYzNmNhZGMtMWZiNi00MjBiLWJjNzMtZmFmNjAxYmQ5MjA3/detail,西武新宿駅,276.0,ChIJRc7vzXuNGGAR0_J9NkqzufI,BUZZ新宿ハウス,5.0,1.0,0.667,OK,155.05,提携 | ★5.0(+20pt) | 口コミ1件(+0pt) | 駅近500m以内 | 複数記事候補×7 | tag:feature:mirror
鏡付きレンタルダンススタジオ 東京,条件,A,5,BEATs レンタルスタジオ ビーツ,東京都渋谷区代々木1-42-2 藤ビル2階,1,https://dance-studio-lab.com/room/ZWU0MDNlZTUtMDE1Zi00NDcyLWFjZjgtZTAzNzUzZTAwMzNj/detail,代々木駅,259.0,ChIJhZZQrOqNGGARrlbzob-uRo4,RENTAL STUDIO BEATs,5.0,1.0,0.303,OK,155.05,提携 | ★5.0(+20pt) | 口コミ1件(+0pt) | 駅近500m以内 | 複数記事候補×6 | tag:feature:mirror
鏡付きレンタルダンススタジオ 東京,条件,A,6,日暮里リーダンススタジオ,東京都荒川区西日暮里2-29-6秋山ビル301,1,https://dance-studio-lab.com/room/MjAxNTcyNmItYmQ2Ny00MmEzLWIyNjktODFkZmYxNGJiOTVh/detail,日暮里駅,232.0,ChIJkz_TqWqNGGARFyM7xMwgIhk,リーダンス,4.9,19.0,0.588,OK,153.55,提携 | ★4.9(+20pt) | 口コミ19件(+1pt) | 駅近500m以内 | 複数記事候補×5 | tag:feature:mirror
鏡付きレンタルダンススタジオ 東京,条件,A,7,Dubway レンタルスタジオ小岩,東京都江戸川区北小岩1-3-4 102,1,https://dance-studio-lab.com/room/ZmU2YzI4MzYtZGY2ZC00YmZkLWI5MWItZDg0OTdkOTdmOGI5/detail,小岩駅,488.0,ChIJSYQwCgSFGGARgpaDHPS-ams,Dubwayレンタルダンス小岩,5.0,1.0,0.839,OK,153.05,提携 | ★5.0(+20pt) | 口コミ1件(+0pt) | 駅近500m以内 | 複数記事候補×5 | tag:feature:mirror
鏡付きレンタルダンススタジオ 東京,条件,A,8,レンタルスタジオAivic大塚,東京都豊島区北大塚2-9-7 豊島電気会館B1,1,https://dance-studio-lab.com/room/MjU5YzI0ZTUtYzE1MC00ODhmLWI2Y2MtNTk5YTFmMWIwMzZi/detail,大塚駅,274.0,ChIJ-d46QwCNGGARR8VBwDwR1VU,レンタルスタジオAivic大塚,5.0,1.0,1.0,OK,153.05,提携 | ★5.0(+20pt) | 口コミ1件(+0pt) | 駅近500m以内 | 複数記事候補×5 | tag:feature:mirror
撮影可能なダンススタジオ 東京,条件,B,1,Studio-Bio,東京都渋谷区千駄ヶ谷3−41−12　シャトル千駄ヶ谷B1(地下),1,https://dance-studio-lab.com/room/MTI3NDc3MzgtMTBhMy00NGY2LWE3MGQtZmM5YzdiYjVmNzM2/detail,北参道駅,48.0,ChIJeSg5VJWNGGARIJQppzQUS9Q,レンタルダンススタジオ『Studio-Bio北参道』,5.0,5.0,0.529,OK,145.25,提携 | ★5.0(+20pt) | 口コミ5件(+0pt) | 駅近500m以内 | 複数記事候補×8 | tag:feature:shooting
撮影可能なダンススタジオ 東京,条件,B,2,Dubway レンタルスタジオ中野,東京都中野区5-32-6 城西ビルB02,1,https://dance-studio-lab.com/room/MzFmYWU5ZjgtNmM0NC00MDYzLTljOGUtMjFlZDI1MmVhMDE5/detail,中野駅,167.0,ChIJ21QXDnjzGGARiL1yJ3naUQA,Dubway Dance Studio中野,5.0,1.0,0.457,OK,145.05,提携 | ★5.0(+20pt) | 口コミ1件(+0pt) | 駅近500m以内 | 複数記事候補×6 | tag:feature:shooting
撮影可能なダンススタジオ 東京,条件,B,3,日暮里リーダンススタジオ,東京都荒川区西日暮里2-29-6秋山ビル301,1,https://dance-studio-lab.com/room/MjAxNTcyNmItYmQ2Ny00MmEzLWIyNjktODFkZmYxNGJiOTVh/detail,日暮里駅,232.0,ChIJkz_TqWqNGGARFyM7xMwgIhk,リーダンス,4.9,19.0,0.588,OK,143.55,提携 | ★4.9(+20pt) | 口コミ19件(+1pt) | 駅近500m以内 | 複数記事候補×5 | tag:feature:shooting
撮影可能なダンススタジオ 東京,条件,B,4,Dubway レンタルスタジオ小岩,東京都江戸川区北小岩1-3-4 102,1,https://dance-studio-lab.com/room/ZmU2YzI4MzYtZGY2ZC00YmZkLWI5MWItZDg0OTdkOTdmOGI5/detail,小岩駅,488.0,ChIJSYQwCgSFGGARgpaDHPS-ams,Dubwayレンタルダンス小岩,5.0,1.0,0.839,OK,143.05,提携 | ★5.0(+20pt) | 口コミ1件(+0pt) | 駅近500m以内 | 複数記事候補×5 | tag:feature:shooting
撮影可能なダンススタジオ 東京,条件,B,5,レンタルスタジオAivic大塚,東京都豊島区北大塚2-9-7 豊島電気会館B1,1,https://dance-studio-lab.com/room/MjU5YzI0ZTUtYzE1MC00ODhmLWI2Y2MtNTk5YTFmMWIwMzZi/detail,大塚駅,274.0,ChIJ-d46QwCNGGARR8VBwDwR1VU,レンタルスタジオAivic大塚,5.0,1.0,1.0,OK,143.05,提携 | ★5.0(+20pt) | 口コミ1件(+0pt) | 駅近500m以内 | 複数記事候補×5 | tag:feature:shooting
撮影可能なダンススタジオ 東京,条件,B,6,レンタルスタジオAivic神田,"東京都千代田区神田紺屋町21 高山ビル101
",1,https://dance-studio-lab.com/room/MzE4YmJlMGMtZTc3Yy00OTIwLTg3ZTMtZDQxN2E4Yzc1YTFj/detail,神田駅,251.0,ChIJqW7MLwCNGGARxobNUNYiP5w,Aivicスペース神田,4.5,2.0,0.538,OK,141.1,提携 | ★4.5(+18pt) | 口コミ2件(+0pt) | 駅近500m以内 | 複数記事候補×5 | tag:feature:shooting
撮影可能なダンススタジオ 東京,条件,B,7,BUZZ渋谷TOWER,東京都渋谷区東2-27-9],1,https://dance-studio-lab.com/room/YWZmOTdhZGMtMjk1MC00ODljLWE2YWUtMDRjMGM5NTIxZTg2/detail,渋谷駅,437.0,ChIJQUYpSQCLGGARsF4hafI8N7A,BUZZ渋谷TOWER,3.9,9.0,1.0,OK,141.05,提携 | ★3.9(+16pt) | 口コミ9件(+0pt) | 駅近500m以内 | 複数記事候補×8 | tag:feature:shooting
撮影可能なダンススタジオ 東京,条件,B,8,BUZZ レンタルスタジオ 渋谷PARK店,〒150-0042 東京都渋谷区宇田川町１９-５,1,https://dance-studio-lab.com/room/YmNlM2RmNGMtNGI0Mi00ZTg4LTk4OTYtNjY4NWRiM2JmNzhm/detail,渋谷駅,448.0,ChIJj1Xu_r2NGGARdm3n9K-BDqY,BUZZ渋谷PARK,3.6,14.0,0.69,OK,140.1,提携 | ★3.6(+14pt) | 口コミ14件(+1pt) | 駅近500m以内 | 複数記事候補×8 | tag:feature:shooting
撮影可能なダンススタジオ 東京,条件,B,9,レンタル撮影スタジオDOLLY飯田橋1号店,〒102-0072 東京都千代田区飯田橋３丁目６-６ 港屋ビル 2F,0,,飯田橋駅,134.0,ChIJwf53wGSNGGARvN0n0rejQEQ,レンタル撮影スタジオDOLLYニュー飯田橋1号店,4.3,6.0,0.933,OK,42.5,★4.3(+17pt) | 口コミ6件(+0pt) | 駅近500m以内 | 複数記事候補×6 | tag:feature:shooting
撮影可能なダンススタジオ 東京,条件,B,10,撮影スタジオ【スタジオトランバネーロ】,〒115-0045 東京都北区赤羽１丁目５１-４ 赤銀ビル 201号,0,,赤羽駅,662.0,ChIJKRhjURuTGGARiaf9wLYfaXg,撮影スタジオ【スタジオトランバネーロ】,4.9,42.0,1.0,OK,35.7,★4.9(+20pt) | 口コミ42件(+2pt) | 駅近1000m以内 | 複数記事候補×4 | tag:feature:shooting
撮影可能なダンススタジオ 東京,条件,B,11,演劇舞台稽古場 ファンファーレレンタルスタジオ代田環七（撮影レンタルスタジオとしても利用可）,〒156-0041 東京都世田谷区大原１丁目２３-１５ 三京ビル ６F,0,,下北沢駅,949.0,ChIJ__8z6RHzGGARQwcZ2d-5tSk,ファンファーレスタジオ代田環七,4.0,8.0,0.5,OK,32.4,★4.0(+16pt) | 口コミ8件(+0pt) | 駅近1000m以内 | 複数記事候補×5 | tag:feature:shooting
撮影可能なダンススタジオ 東京,条件,B,12,演劇舞台稽古場 ファンファーレレンタルスタジオ新宿御苑（撮影スタジオとして利用可能）,〒162-0067 東京都新宿区富久町１３-１５ サウスタワー地下2階,0,,新宿御苑前駅,497.0,ChIJh25i7eiMGGARFTzLGzjAa6w,演劇舞台稽古場 ファンファーレ レンタルスタジオ 新宿御苑,2.7,6.0,0.776,OK,30.1,★2.7(+11pt) | 口コミ6件(+0pt) | 駅近500m以内 | 複数記事候補×3 | tag:feature:shooting
撮影可能なダンススタジオ 東京,条件,B,13,スタジオブライト｜レンタル撮影スタジオ（完全予約制）,〒111-0051 東京都台東区蔵前４丁目３６-１３ タイルビル 4F,0,,蔵前駅,381.0,ChIJ-X5Oz2GPGGAR4z5MZbV2_ng,スタジオブライト,,,0.471,OK,,★nan(+nanpt) | 駅近500m以内 | 複数記事候補×6 | tag:feature:shooting
防音完備のダンススタジオ 東京,条件,B,1,スタジオ五軒町／『鏡張り』の多目的に利用できる『防音』スタジオ,東京都千代田区外神田6-16-1,1,https://dance-studio-lab.com/room/ODZiZjA3NDItNjk4ZS00YjMxLWFjMGQtMGU5ZjVkZDg5OWQw/detail,湯島駅,308.0,ChIJqR_N5JuNGGARtspyhrGKB8M,スタジオ五軒町,4.9,18.0,0.368,OK,145.5,提携 | ★4.9(+20pt) | 口コミ18件(+1pt) | 駅近500m以内 | 複数記事候補×7 | tag:feature:soundproof
防音完備のダンススタジオ 東京,条件,B,2,MDL Studio (防音スタジオ),〒182-0021 東京都調布市調布ケ丘３丁目６９-２,0,,調布駅,1165.0,ChIJ5Zo240_xGGARz8ZbE4bfB9w,MDL Studio (防音スタジオ),,,1.0,OK,,★nan(+nanpt) | 複数記事候補×5 | tag:feature:soundproof
