article_title,article_type,article_priority,rank,studio_title,address,is_partner,dslurl,primary_station,distance_to_primary_station_m,selection_score,selection_reason
上野のレンタルダンススタジオおすすめ,エリア,S,1,スタジオ五軒町／『鏡張り』の多目的に利用できる『防音』スタジオ,東京都千代田区外神田6-16-1,1,https://dance-studio-lab.com/room/ODZiZjA3NDItNjk4ZS00YjMxLWFjMGQtMGU5ZjVkZDg5OWQw/detail,湯島駅,308.0,145,提携 | 駅近500m以内 | 複数記事候補 | tag/station:上野
上野のレンタルダンススタジオおすすめ,エリア,S,2,SPICYCANDY DANCESTUDIO,東京都台東区浅草橋4-2-8伊藤ビル1階,1,https://dance-studio-lab.com/room/NGFjMTNkYTgtNmQ4My00ZTgxLWI3ZmYtMjM4OGVjNDM4Yjk3/detail,浅草橋駅,341.0,141,提携 | 駅近500m以内 | 複数記事候補 | primary_area=上野
上野のレンタルダンススタジオおすすめ,エリア,S,3,秋葉原ブルーハス レンタルスタジオ,〒110-0006 東京都台東区秋葉原３-１０ 東京商会秋葉原ビルB1階,0,,秋葉原駅,393.0,45,駅近500m以内 | 複数記事候補 | primary_area=上野
上野のレンタルダンススタジオおすすめ,エリア,S,4,スタジオブライト｜レンタル撮影スタジオ（完全予約制）,〒111-0051 東京都台東区蔵前４丁目３６-１３ タイルビル 4F,0,,蔵前駅,381.0,45,駅近500m以内 | 複数記事候補 | primary_area=上野
上野のレンタルダンススタジオおすすめ,エリア,S,5,ムーンプレイス レンタルスタジオ蔵前,〒111-0043 東京都台東区駒形２丁目１-５ ３階,0,,蔵前駅,224.0,43,駅近500m以内 | 複数記事候補 | primary_area=上野
上野のレンタルダンススタジオおすすめ,エリア,S,6,スタジオジパング 上野スタジオSTANDARD,"〒110-0015 東京都台東区東上野３丁目１４-１２, Ueno Bldg., B1 旧 辻井ビル",0,,上野駅,404.0,43,駅近500m以内 | 複数記事候補 | primary_area=上野
上野のレンタルダンススタジオおすすめ,エリア,S,7,レンタルスタジオODORU,〒110-0015 東京都台東区東上野３丁目１８-１ B1,0,,上野駅,319.0,43,駅近500m以内 | 複数記事候補 | primary_area=上野
上野のレンタルダンススタジオおすすめ,エリア,S,8,浅草スタジオ２２６,〒111-0033 東京都台東区花川戸２丁目２-６ エビスビル 7階,0,,浅草駅,459.0,43,駅近500m以内 | 複数記事候補 | primary_area=上野
上野のレンタルダンススタジオおすすめ,エリア,S,9,レンタルスタジオ三ノ輪,〒110-0011 東京都台東区三ノ輪１丁目１０-９ GATTINO 1F,0,,三ノ輪駅,219.0,41,駅近500m以内 | 複数記事候補 | primary_area=上野
上野のレンタルダンススタジオおすすめ,エリア,S,10,シャノワールレンタルスタジオ,〒110-0005 東京都台東区上野３丁目１４-５ ヴェルコ黒門ビル 地下1階,0,,秋葉原駅,782.0,38,駅近1000m以内 | 複数記事候補 | primary_area=上野
上野のレンタルダンススタジオおすすめ,エリア,S,11,ブルースペース上野御徒町,〒110-0005 東京都台東区上野３丁目１３-１０ トミヤマビル B1F,0,,秋葉原駅,725.0,38,駅近1000m以内 | 複数記事候補 | primary_area=上野
上野のレンタルダンススタジオおすすめ,エリア,S,12,K'sLinkStudio御徒町,〒110-0005 東京都台東区上野３丁目１９-４ フロンティアサカイビル 1F,0,,秋葉原駅,803.0,38,駅近1000m以内 | 複数記事候補 | primary_area=上野
上野のレンタルダンススタジオおすすめ,エリア,S,13,レンタルスタジオALOALO,〒110-0016 東京都台東区台東４丁目３１-５ オリオンビル B1,0,,上野駅,717.0,38,駅近1000m以内 | 複数記事候補 | primary_area=上野
上野のレンタルダンススタジオおすすめ,エリア,S,14,ミライスタジオ上野,〒110-0003 東京都台東区根岸１丁目５-１３,0,,日暮里駅,943.0,38,駅近1000m以内 | 複数記事候補 | primary_area=上野
上野のレンタルダンススタジオおすすめ,エリア,S,15,BUZZ レンタルスタジオ 上野店,〒110-0003 東京都台東区根岸３丁目６-３ 小林ビル 地下1階,0,,上野駅,975.0,38,駅近1000m以内 | 複数記事候補 | primary_area=上野
下北沢のレンタルダンススタジオおすすめ,エリア,S,1,スタジオセンティード Studio SENTIDO（レンタルスタジオ）,〒155-0031 東京都世田谷区北沢２丁目１８-５ 地下１階,0,,下北沢駅,253.0,43,駅近500m以内 | 複数記事候補 | primary_area=下北沢
下北沢のレンタルダンススタジオおすすめ,エリア,S,2,ワーサルレンタルスタジオ（Aスタジオ）,〒151-0073 東京都渋谷区笹塚２丁目２５-２ グランド・ガーラ笹塚 B1,0,,笹塚駅,386.0,43,駅近500m以内 | 複数記事候補 | tag/station:下北沢
下北沢のレンタルダンススタジオおすすめ,エリア,S,3,アロハホヌアフラスタジオ&レンタルスタジオ経堂,〒156-0052 東京都世田谷区経堂１丁目５-６ パルファム経堂 B1,0,,経堂駅,334.0,43,駅近500m以内 | 複数記事候補 | primary_area=下北沢
下北沢のレンタルダンススタジオおすすめ,エリア,S,4,BRONX RENTAL STUDIO,〒155-0031 東京都世田谷区北沢２丁目５-１０,0,,下北沢駅,106.0,43,駅近500m以内 | 複数記事候補 | primary_area=下北沢
下北沢のレンタルダンススタジオおすすめ,エリア,S,5,レンタルスタジオKACHA,〒158-0097 東京都世田谷区用賀２丁目３８-１４ 天虎ビル 202,0,,用賀駅,130.0,43,駅近500m以内 | 複数記事候補 | primary_area=下北沢
下北沢のレンタルダンススタジオおすすめ,エリア,S,6,レンタルスタジオマイレッスン 三軒茶屋店,〒154-0024 東京都世田谷区三軒茶屋１丁目３０-９,0,,三軒茶屋駅,235.0,43,駅近500m以内 | 複数記事候補 | primary_area=下北沢
下北沢のレンタルダンススタジオおすすめ,エリア,S,7,J's,〒158-0097 東京都世田谷区用賀３丁目２５-９,0,,用賀駅,485.0,43,駅近500m以内 | 複数記事候補 | primary_area=下北沢
下北沢のレンタルダンススタジオおすすめ,エリア,S,8,レンタルスタジオ KeikoBa P,〒154-0004 東京都世田谷区太子堂２丁目３０-５ 地下一階,0,,三軒茶屋駅,408.0,43,駅近500m以内 | 複数記事候補 | primary_area=下北沢
下北沢のレンタルダンススタジオおすすめ,エリア,S,9,サムズダンススタジオ,〒158-0097 東京都世田谷区用賀４丁目１１-４ 福島第一ビル 2F,0,,用賀駅,85.0,43,駅近500m以内 | 複数記事候補 | primary_area=下北沢
下北沢のレンタルダンススタジオおすすめ,エリア,S,10,ポールダンススタジオ Grace A,〒154-0024 東京都世田谷区三軒茶屋２丁目１４-１２ 三元ビル 403,0,,三軒茶屋駅,63.0,43,駅近500m以内 | 複数記事候補 | primary_area=下北沢
下北沢のレンタルダンススタジオおすすめ,エリア,S,11,スタジオ白猫屋 経堂R店,〒156-0052 東京都世田谷区経堂１丁目１１-１３ 長島ビル 3Ｆ,0,,経堂駅,203.0,43,駅近500m以内 | 複数記事候補 | primary_area=下北沢
下北沢のレンタルダンススタジオおすすめ,エリア,S,12,NATURAglam 経堂スタジオ,〒156-0052 東京都世田谷区経堂１丁目２５-１８ 吉川水産ビル3階,0,,経堂駅,268.0,43,駅近500m以内 | 複数記事候補 | primary_area=下北沢
下北沢のレンタルダンススタジオおすすめ,エリア,S,13,スタジオアニマーダ,〒154-0024 東京都世田谷区三軒茶屋１丁目１６-８,0,,三軒茶屋駅,423.0,43,駅近500m以内 | 複数記事候補 | primary_area=下北沢
下北沢のレンタルダンススタジオおすすめ,エリア,S,14,スタジオハクーロ,〒155-0032 東京都世田谷区代沢２丁目４６ 三宅ビル,0,,下北沢駅,379.0,43,駅近500m以内 | 複数記事候補 | primary_area=下北沢
下北沢のレンタルダンススタジオおすすめ,エリア,S,15,ピアノスタジオノア 下北沢店,〒155-0031 東京都世田谷区北沢２丁目３４-８,0,,下北沢駅,201.0,43,駅近500m以内 | 複数記事候補 | primary_area=下北沢
中目黒のレンタルダンススタジオおすすめ,エリア,S,1,レンタルスタジオAivic渋谷道玄坂,東京都渋谷区円山町23-10 渋谷ATビル201,1,https://dance-studio-lab.com/room/NWE2MDljYmItN2I0ZC00ZjIzLWI3MGEtMmZiNmEzNWJjOWI4/detail,神泉駅,78.0,145,提携 | 駅近500m以内 | 複数記事候補 | tag/station:中目黒
中目黒のレンタルダンススタジオおすすめ,エリア,S,2,レンタルスタジオAivic恵比寿,東京都渋谷区恵比寿西1-14-3 満栄佐藤ビル202,1,https://dance-studio-lab.com/room/MzMyZDY5NzktNDEzOS00MzAyLWJjNzEtMjZiMjNiNzUwNGMy/detail,恵比寿駅,233.0,145,提携 | 駅近500m以内 | 複数記事候補 | tag/station:中目黒
中目黒のレンタルダンススタジオおすすめ,エリア,S,3,チェリッシュスタジオ9号館,東京都渋谷区鶯谷町15-7 ライブリーYSビル6階,1,https://dance-studio-lab.com/room/NGU3OTQ4YzEtMzA3OS00NDc3LThjODQtYWFkMmUzMTE4ZmFm/detail,渋谷駅,423.0,145,提携 | 駅近500m以内 | 複数記事候補 | tag/station:中目黒
中目黒のレンタルダンススタジオおすすめ,エリア,S,4,チェリッシュスタジオ1号館/6号館,東京都渋谷区円山町20-1 新大宗円山ビル別館3階,1,https://dance-studio-lab.com/room/Njc0MjgwMDUtMzBjZS00ZmU5LWFkNzgtYTE3Y2U5NDMyYmU0/detail,神泉駅,170.0,143,提携 | 駅近500m以内 | 複数記事候補 | tag/station:中目黒
中目黒のレンタルダンススタジオおすすめ,エリア,S,5,チェリッシュスタジオ5号館,東京都渋谷区道玄坂1-16-6 二葉ビル7D,1,https://dance-studio-lab.com/room/NTRjMDczNjgtY2EzMy00YjE4LWJlMjYtYmExOTZiYTBmZWZk/detail,渋谷駅,379.0,141,提携 | 駅近500m以内 | 複数記事候補 | tag/station:中目黒
中目黒のレンタルダンススタジオおすすめ,エリア,S,6,レンタルスタジオAivic恵比寿2号店,東京都渋谷区恵比寿2-16-16 レクシード恵比寿（旧flegエビスW）111,1,https://dance-studio-lab.com/room/MjM0NzMxMTAtOGQzOS00MDFkLThmMGEtNTgzM2MzMjVjMzlh/detail,広尾駅,628.0,136,提携 | 駅近1000m以内 | 複数記事候補 | tag/station:中目黒
中目黒のレンタルダンススタジオおすすめ,エリア,S,7,チェリッシュスタジオ7号館,東京都渋谷区桜丘町29-17 さくらマンション205,1,https://dance-studio-lab.com/room/MjQ5NGIyOTEtZTVmOS00MzZkLWIzNGYtYTFkMmVhOWZiYTE5/detail,渋谷駅,515.0,136,提携 | 駅近1000m以内 | 複数記事候補 | tag/station:中目黒
中目黒のレンタルダンススタジオおすすめ,エリア,S,8,ダンススタジオANGELO★,〒152-0035 東京都目黒区自由が丘２丁目１６-２５ シグナルヒル B1,0,,自由が丘駅,270.0,43,駅近500m以内 | 複数記事候補 | primary_area=中目黒
中目黒のレンタルダンススタジオおすすめ,エリア,S,9,NSH MAJOR RENTAL STUDIO,〒153-0051 東京都目黒区上目黒３丁目６-１８ TYビル9階 Tyビル,0,,中目黒駅,205.0,43,駅近500m以内 | 複数記事候補 | primary_area=中目黒
中目黒のレンタルダンススタジオおすすめ,エリア,S,10,?JDS 自由が丘のレンタルスタジオ,〒152-0035 東京都目黒区自由が丘１丁目３-２２ JSDスタジオ,0,,自由が丘駅,278.0,43,駅近500m以内 | 複数記事候補 | primary_area=中目黒
中目黒のレンタルダンススタジオおすすめ,エリア,S,11,池尻大橋レンタルスタジオY3,〒153-0043 東京都目黒区東山３丁目１-１９ メゾン池尻大橋 M.I.O Bldg 305,0,,池尻大橋駅,173.0,43,駅近500m以内 | 複数記事候補 | primary_area=中目黒
中目黒のレンタルダンススタジオおすすめ,エリア,S,12,Dancing Appaloosa ダンシング アパルーサ,〒152-0004 東京都目黒区鷹番３丁目４-１９ 江連ビル 3階 イズミダンススクール内,0,,学芸大学駅,53.0,43,駅近500m以内 | 複数記事候補 | primary_area=中目黒
中目黒のレンタルダンススタジオおすすめ,エリア,S,13,CARDIO BARRE JIYUGAOKA (カーディオ・バー 自由が丘店),〒152-0035 東京都目黒区自由が丘２丁目１０-４ ミルシェ自由が丘 5階,0,,自由が丘駅,132.0,43,駅近500m以内 | 複数記事候補 | primary_area=中目黒
中目黒のレンタルダンススタジオおすすめ,エリア,S,14,中目黒 すわ山 レンタルスタジオ,〒153-0051 東京都目黒区上目黒２丁目４７-１ 司ビル 2F-B,0,,中目黒駅,412.0,43,駅近500m以内 | 複数記事候補 | primary_area=中目黒
中目黒のレンタルダンススタジオおすすめ,エリア,S,15,ノアスタジオ 都立大店（ダンス・演劇）,〒152-0031 東京都目黒区中根１丁目７-２３ ＳＴビル,0,,都立大学駅,151.0,43,駅近500m以内 | 複数記事候補 | primary_area=中目黒
中野のレンタルダンススタジオおすすめ,エリア,S,1,Dubway レンタルスタジオ中野,東京都中野区5-32-6 城西ビルB02,1,https://dance-studio-lab.com/room/MzFmYWU5ZjgtNmM0NC00MDYzLTljOGUtMjFlZDI1MmVhMDE5/detail,中野駅,167.0,145,提携 | 駅近500m以内 | 複数記事候補 | primary_area=中野
中野のレンタルダンススタジオおすすめ,エリア,S,2,なかすた（スタジオ神田川）,〒164-0013 東京都中野区弥生町５丁目２２-２ ビラフジミ B号室,1,https://dance-studio-lab.com/room/ODE4NDI3NmEtODY2YS00ZTg2LTgyMzctNzMzNmYwYjNmNDgx/detail,中野富士見町駅,163.0,143,提携 | 駅近500m以内 | 複数記事候補 | primary_area=中野
中野のレンタルダンススタジオおすすめ,エリア,S,3,"レンタルスタジオDance""MOVE""!!",〒165-0027 東京都中野区野方５丁目３０-６ ひろきやビル 2階,0,,野方駅,127.0,43,駅近500m以内 | 複数記事候補 | primary_area=中野
中野のレンタルダンススタジオおすすめ,エリア,S,4,中野 レンタルスタジオ オドリバ,〒164-0001 東京都中野区中野５丁目３２-６ 中野城西ビル B-7号室,0,,中野駅,163.0,43,駅近500m以内 | 複数記事候補 | primary_area=中野
中野のレンタルダンススタジオおすすめ,エリア,S,5,中野ロフトスタジオ～nakano f～,〒164-0001 東京都中野区中野５丁目４６-１０,0,,中野駅,294.0,43,駅近500m以内 | 複数記事候補 | primary_area=中野
中野のレンタルダンススタジオおすすめ,エリア,S,6,Rinky Dink Studio 中野店,〒164-0001 東京都中野区中野２丁目２５-２ トビタビル ２階,0,,中野駅,133.0,43,駅近500m以内 | 複数記事候補 | primary_area=中野
中野のレンタルダンススタジオおすすめ,エリア,S,7,NATURAglam 高円寺スタジオ,〒166-0003 東京都杉並区４５ 高円寺南４丁目４５-２ メインロードビル3階,0,,高円寺駅,100.0,43,駅近500m以内 | 複数記事候補 | tag/station:中野
中野のレンタルダンススタジオおすすめ,エリア,S,8,ＳＧ ＳＴＵＤＩＯ,〒166-0012 東京都杉並区和田１丁目１-１３ Ｂ１ 入り口は川沿い,0,,中野富士見町駅,77.0,43,駅近500m以内 | 複数記事候補 | tag/station:中野
中野のレンタルダンススタジオおすすめ,エリア,S,9,ノアスタジオ 中野店,"〒164-0001 東京都中野区中野３丁目３９-２, Nakano Noah Building, B1",0,,中野駅,231.0,43,駅近500m以内 | 複数記事候補 | primary_area=中野
中野のレンタルダンススタジオおすすめ,エリア,S,10,高円寺スタジオ,〒166-0002 東京都杉並区高円寺北２丁目７-７ 地下１階 高円寺名店ビル,0,,高円寺駅,147.0,43,駅近500m以内 | 複数記事候補 | tag/station:中野
中野のレンタルダンススタジオおすすめ,エリア,S,11,スタジオ エレ,〒161-0034 東京都新宿区上落合３丁目２３-１７,0,,落合駅,319.0,43,駅近500m以内 | 複数記事候補 | tag/station:中野
中野のレンタルダンススタジオおすすめ,エリア,S,12,ベストスタジオ中野,〒164-0001 東京都中野区中野５丁目４６ 9ABCハウス 101,0,,中野駅,303.0,43,駅近500m以内 | 複数記事候補 | primary_area=中野
中野のレンタルダンススタジオおすすめ,エリア,S,13,サワミュージカルスタジオ,"関島ビル B2F, １丁目-１４-１２ 弥生町 中野区 東京都 164-0013",0,,西新宿五丁目駅（清水橋）,299.0,41,駅近500m以内 | 複数記事候補 | primary_area=中野
中野のレンタルダンススタジオおすすめ,エリア,S,14,STUDIO ONEWAY TOKYO,〒164-0013 東京都中野区弥生町５丁目２０-１ 弥生町ユニオンビル B2F,0,,中野富士見町駅,208.0,41,駅近500m以内 | 複数記事候補 | primary_area=中野
中野のレンタルダンススタジオおすすめ,エリア,S,15,ホットヨガスタジオLAVA 中野坂上店,〒164-0012 東京都中野区本町２丁目２８-１１ 不二ハイツ 2F,0,,中野坂上駅,254.0,41,駅近500m以内 | 複数記事候補 | primary_area=中野
六本木のレンタルダンススタジオおすすめ,エリア,S,1,BUZZ レンタルスタジオ 六本木店,〒106-0032 東京都港区六本木４丁目５-７ スタジオＤ 地下1階,1,https://dance-studio-lab.com/room/MGYxY2IwOWYtNDQ4ZS00MmEyLTliYTAtNzg1YjUyOTA0OTlj/detail,六本木駅,269.0,145,提携 | 駅近500m以内 | 複数記事候補 | primary_area=六本木
六本木のレンタルダンススタジオおすすめ,エリア,S,2,レンタルスタジオAivic新橋,"東京都港区西新橋1-16-14 宮川ビル4階
",1,https://dance-studio-lab.com/room/M2EyMzEzOTUtMjkwNC00MmRlLWI3YWEtYjBiMmM1NGUzYzhl/detail,新橋駅,408.0,145,提携 | 駅近500m以内 | 複数記事候補 | primary_area=六本木
六本木のレンタルダンススタジオおすすめ,エリア,S,3,BUZZ赤坂見附 ,東京都港区赤坂3-21-14TS 共和六番館地下1階,1,https://dance-studio-lab.com/room/NjYxZDU0NDMtOGEwNS00MDM3LTllNDktMzAyNTQ0MmVlMTE1/detail,赤坂駅,100.0,143,提携 | 駅近500m以内 | 複数記事候補 | primary_area=六本木
六本木のレンタルダンススタジオおすすめ,エリア,S,4,チェリッシュスタジオ11号館/12号館/13号館/14号館,東京都港区西麻布-2-21-22 WEST麻布2791ビル2階,1,https://dance-studio-lab.com/room/ZmMxMTg1ZGQtMjUyZS00NjZlLWE3YzMtZjllNWM1N2JhNTdj/detail,表参道駅,809.0,136,提携 | 駅近1000m以内 | 複数記事候補 | primary_area=六本木
六本木のレンタルダンススタジオおすすめ,エリア,S,5,dスタ（レンタルスタジオ）,〒107-0062 東京都港区南青山２丁目２４-１５ 青山タワービル 15F,0,,外苑前駅,68.0,45,駅近500m以内 | 複数記事候補 | primary_area=六本木
六本木のレンタルダンススタジオおすすめ,エリア,S,6,レンタルスタジオ・レンタルスペース ZEAL STUDIOS,〒105-0004 東京都港区新橋３丁目５-１０ 新三ビル B1F,0,,新橋駅,347.0,45,駅近500m以内 | 複数記事候補 | primary_area=六本木
六本木のレンタルダンススタジオおすすめ,エリア,S,7,レンタルスタジオStudioIrodori麻布十番店,〒106-0045 東京都港区麻布十番１丁目５番１ YKビル 3F,0,,麻布十番駅,385.0,45,駅近500m以内 | 複数記事候補 | primary_area=六本木
六本木のレンタルダンススタジオおすすめ,エリア,S,8,レンタルスタジオ Starshine,〒107-0061 東京都港区北青山３丁目５ 9KAZU表参道 202,0,,表参道駅,76.0,45,駅近500m以内 | 複数記事候補 | primary_area=六本木
六本木のレンタルダンススタジオおすすめ,エリア,S,9,表参道レンタルスタジオ スタジオ ティノラス,〒107-0062 東京都港区南青山５丁目１３-９,0,,表参道駅,491.0,45,駅近500m以内 | 複数記事候補 | primary_area=六本木
六本木のレンタルダンススタジオおすすめ,エリア,S,10,Z-RAHZ DANCE STUDIO,〒106-0046 東京都港区元麻布１丁目２-２,0,,麻布十番駅,192.0,45,駅近500m以内 | 複数記事候補 | primary_area=六本木
六本木のレンタルダンススタジオおすすめ,エリア,S,11,ナ・ホク・オ・カヘアラニ フラ＆タヒチアン,〒107-0061 東京都港区北青山３丁目５-９ KAZU表参道 202号室,0,,表参道駅,242.0,45,駅近500m以内 | 複数記事候補 | primary_area=六本木
六本木のレンタルダンススタジオおすすめ,エリア,S,12,FACTORYカレッタスタジオ,〒105-7001 東京都港区東新橋１丁目８-１ B2 カレッタスタジオ,0,,新橋駅,354.0,45,駅近500m以内 | 複数記事候補 | primary_area=六本木
六本木のレンタルダンススタジオおすすめ,エリア,S,13,エストゥディオのりこ,〒105-0004 東京都港区１６ 東京都港区 2-16-1 340,0,,新橋駅,85.0,45,駅近500m以内 | 複数記事候補 | primary_area=六本木
六本木のレンタルダンススタジオおすすめ,エリア,S,14,SOUTH MINT STUDIO 南青山,〒107-0062 東京都港区南青山２丁目２７-２０ B1F,0,,外苑前駅,167.0,45,駅近500m以内 | 複数記事候補 | primary_area=六本木
六本木のレンタルダンススタジオおすすめ,エリア,S,15,ノートルスタジオ,〒107-0062 東京都港区南青山３丁目５-１ O&K 南青山,0,,外苑前駅,384.0,45,駅近500m以内 | 複数記事候補 | primary_area=六本木
品川のレンタルダンススタジオおすすめ,エリア,S,1,池田山ノブレスレンタルスタジオ（五反田駅）,〒141-0022 東京都品川区東五反田５丁目２４-７ ノブレス池田山 B1階,0,,五反田駅,120.0,45,駅近500m以内 | 複数記事候補 | primary_area=品川
品川のレンタルダンススタジオおすすめ,エリア,S,2,SoyLatte STUDIO,〒141-0031 東京都品川区西五反田２丁目１７-８ 管野ビル ３F,0,,五反田駅,203.0,45,駅近500m以内 | 複数記事候補 | primary_area=品川
品川のレンタルダンススタジオおすすめ,エリア,S,3,Hidemi Dancing Vida,〒141-0021 東京都品川区上大崎２丁目１０-３２ フラワープラザビル 202,0,,目黒駅,198.0,45,駅近500m以内 | 複数記事候補 | primary_area=品川
品川のレンタルダンススタジオおすすめ,エリア,S,4,Pole and Aerial Studio POLISH五反田,〒141-0031 東京都品川区西五反田１丁目５-２ トラヤビル 7階,0,,五反田駅,112.0,45,駅近500m以内 | 複数記事候補 | primary_area=品川
品川のレンタルダンススタジオおすすめ,エリア,S,5,スタジオペンタ五反田店,〒141-0022 東京都品川区東五反田１丁目１２-９,0,,五反田駅,169.0,45,駅近500m以内 | 複数記事候補 | primary_area=品川
品川のレンタルダンススタジオおすすめ,エリア,S,6,Studio Bis,〒141-0031 東京都品川区西五反田２丁目１０-８ ドルミ五反田ドゥメゾン 3階,0,,五反田駅,246.0,45,駅近500m以内 | 複数記事候補 | primary_area=品川
品川のレンタルダンススタジオおすすめ,エリア,S,7,大井町店 レンタルスペースROOTS,〒140-0014 東京都品川区大井４丁目８-１１ L HOUSE 地下 一階,0,,大井町駅,434.0,43,駅近500m以内 | 複数記事候補 | primary_area=品川
品川のレンタルダンススタジオおすすめ,エリア,S,8,studio opus-スタジオ オープス-,〒140-0014 東京都品川区大井４丁目１-３ TOKOビル B1F,0,,大井町駅,312.0,43,駅近500m以内 | 複数記事候補 | primary_area=品川
品川のレンタルダンススタジオおすすめ,エリア,S,9,TOKYO GATE STUDIO 東京ゲートスタジオ レンタルスタジオ,〒108-0074 東京都港区高輪４丁目２４-５８ サマセット品川東京１F,0,,品川駅,387.0,43,駅近500m以内 | 複数記事候補 | tag/station:品川
品川のレンタルダンススタジオおすすめ,エリア,S,10,フラメンコスタジオアスール,〒141-0022 東京都品川区東五反田１丁目１８-４ B1 ＧＴＤイーストビル,0,,五反田駅,277.0,43,駅近500m以内 | 複数記事候補 | primary_area=品川
品川のレンタルダンススタジオおすすめ,エリア,S,11,ZITA アルゼンチンタンゴ,"Tokyo, 塚原ビル 4F, ２丁目-２７-２ 上大崎 品川区 東京都 141-0021",0,,目黒駅,83.0,43,駅近500m以内 | 複数記事候補 | primary_area=品川
品川のレンタルダンススタジオおすすめ,エリア,S,12,studio501,〒141-0032 東京都品川区大崎５丁目４-１２ 八重苅ビル,0,,大崎駅,429.0,43,駅近500m以内 | 複数記事候補 | primary_area=品川
品川のレンタルダンススタジオおすすめ,エリア,S,13,STUDIO FOXTAIL,〒140-0013 東京都品川区南大井２丁目１２-１０ ライオンズマンション大森 1F,0,,大森海岸駅,156.0,41,駅近500m以内 | 複数記事候補 | primary_area=品川
品川のレンタルダンススタジオおすすめ,エリア,S,14,STUDIO POLISH（スタジオポリッシュ）,〒142-0062 東京都品川区小山６丁目７-１４ プランドールＫａｓｅｙａ,0,,西小山駅,121.0,41,駅近500m以内 | 複数記事候補 | primary_area=品川
品川のレンタルダンススタジオおすすめ,エリア,S,15,ティアラ,〒142-0053 東京都品川区中延３丁目２-４,0,,荏原中延駅,91.0,41,駅近500m以内 | 複数記事候補 | primary_area=品川
新宿のレンタルダンススタジオおすすめ,エリア,S,1,BUZZ レンタルスタジオ新宿コンシェルジュ店,〒160-0023 東京都新宿区西新宿７丁目１６-４ Concierge高橋 BF 地下 一階,1,https://dance-studio-lab.com/room/OGUzNmE0NzUtZDU1NS00ZjIyLTg4OGItNDYyOWI2YzkzOTA0/detail,西武新宿駅,292.0,145,提携 | 駅近500m以内 | 複数記事候補 | primary_area=新宿
新宿のレンタルダンススタジオおすすめ,エリア,S,2,BUZZ レンタルスタジオ 新宿ハウス店,〒160-0023 東京都新宿区西新宿７丁目１６-１,1,https://dance-studio-lab.com/room/MWYzNmNhZGMtMWZiNi00MjBiLWJjNzMtZmFmNjAxYmQ5MjA3/detail,西武新宿駅,276.0,145,提携 | 駅近500m以内 | 複数記事候補 | primary_area=新宿
新宿のレンタルダンススタジオおすすめ,エリア,S,3,THビル貸し会議室 レンタルスタジオ,〒151-0053 東京都渋谷区代々木２丁目４-１ Thビル,1,https://dance-studio-lab.com/room/ZGYxYjYyNDgtMDEzOC00MjZhLTgyZDctODZlMDViYTQ0NDgy/detail,新宿駅,451.0,145,提携 | 駅近500m以内 | 複数記事候補 | tag/station:新宿
新宿のレンタルダンススタジオおすすめ,エリア,S,4,BEATs レンタルスタジオ ビーツ,東京都渋谷区代々木1-42-2 藤ビル2階,1,https://dance-studio-lab.com/room/ZWU0MDNlZTUtMDE1Zi00NDcyLWFjZjgtZTAzNzUzZTAwMzNj/detail,代々木駅,259.0,145,提携 | 駅近500m以内 | 複数記事候補 | tag/station:新宿
新宿のレンタルダンススタジオおすすめ,エリア,S,5,Studio-Bio,東京都渋谷区千駄ヶ谷3−41−12　シャトル千駄ヶ谷B1(地下),1,https://dance-studio-lab.com/room/MTI3NDc3MzgtMTBhMy00NGY2LWE3MGQtZmM5YzdiYjVmNzM2/detail,北参道駅,48.0,145,提携 | 駅近500m以内 | 複数記事候補 | tag/station:新宿
新宿のレンタルダンススタジオおすすめ,エリア,S,6,Hina STUDIO(ヒナスタジオ)【新宿西口スタジオ】,東京都新宿区西新宿7-10-12　ダイハンビルデンス4階,1,https://dance-studio-lab.com/room/ZDEyOTIyNTctYjUwOC00ZTY3LTgxMWYtYTI0MzhkNDg4OGNj/detail,新宿西口駅,136.0,143,提携 | 駅近500m以内 | 複数記事候補 | primary_area=新宿
新宿のレンタルダンススタジオおすすめ,エリア,S,7,Hina STUDIO(ヒナスタジオ)【新宿西口アネックス】,東京都新宿区西新宿7-15-4　YS第一ビルB1階,1,https://dance-studio-lab.com/room/NWQxZDIzMzUtNWMzOC00MzY4LWE4YmYtMWU3MDBkYWM3ZDY2/detail,西武新宿駅,234.0,143,提携 | 駅近500m以内 | 複数記事候補 | primary_area=新宿
新宿のレンタルダンススタジオおすすめ,エリア,S,8,レンタルスタジオAivic高田馬場,東京都新宿区高田馬場1-31-8 高田馬場ダイカンプラザ1007,1,https://dance-studio-lab.com/room/M2JhMTAxM2EtZmMxNi00ODUwLTllNjUtNWQ4OTY3NmE2MWZj/detail,高田馬場駅,278.0,143,提携 | 駅近500m以内 | 複数記事候補 | primary_area=新宿
新宿のレンタルダンススタジオおすすめ,エリア,S,9,レンタルダンススタジオ LANDstudio 新宿店,〒169-0073 東京都新宿区百人町１丁目２２-１９ 筒井ビル B1F,0,,新大久保駅,276.0,45,駅近500m以内 | 複数記事候補 | primary_area=新宿
新宿のレンタルダンススタジオおすすめ,エリア,S,10,ソニズレンタルスタジオ新宿店,〒160-0023 東京都新宿区西新宿７丁目２２-３１ 柏木 MURA B1F,0,,西武新宿駅,375.0,45,駅近500m以内 | 複数記事候補 | primary_area=新宿
新宿のレンタルダンススタジオおすすめ,エリア,S,11,新宿 だんすた レンタルスタジオ,〒160-0023 東京都新宿区西新宿７丁目１３-７ 3F4F タカラビル,0,,西武新宿駅,398.0,45,駅近500m以内 | 複数記事候補 | primary_area=新宿
新宿のレンタルダンススタジオおすすめ,エリア,S,12,BUZZ レンタルスタジオ新宿4丁目店,〒160-0022 東京都新宿区新宿４丁目２-２１ 相模ビル B1F,0,,新宿駅,355.0,45,駅近500m以内 | 複数記事候補 | primary_area=新宿
新宿のレンタルダンススタジオおすすめ,エリア,S,13,BUZZ レンタルスタジオ 代々木店,〒151-0053 東京都渋谷区代々木１丁目３６-１ ミユキビル B1F,0,,代々木駅,148.0,45,駅近500m以内 | 複数記事候補 | tag/station:新宿
新宿のレンタルダンススタジオおすすめ,エリア,S,14,レンタルスタジオ HIKARI 西新宿７丁目,〒160-0023 東京都新宿区西新宿７丁目１０-１７ B館 601号室,0,,西武新宿駅,234.0,45,駅近500m以内 | 複数記事候補 | primary_area=新宿
新宿のレンタルダンススタジオおすすめ,エリア,S,15,シュミネAスタジオStudioStyle+,〒169-0073 東京都新宿区百人町１丁目２４-７,0,,新大久保駅,374.0,45,駅近500m以内 | 複数記事候補 | primary_area=新宿
池袋のレンタルダンススタジオおすすめ,エリア,S,1,BUZZ レンタルスタジオ巣鴨店,〒170-0002 東京都豊島区巣鴨２丁目４-６ 第二みどりビル B1,1,https://dance-studio-lab.com/room/MmNjNjkxYjEtYjA5ZC00YTZkLWFjMTAtZmVhYzQ1MGY0M2Uy/detail,巣鴨駅,125.0,143,提携 | 駅近500m以内 | 複数記事候補 | primary_area=池袋
池袋のレンタルダンススタジオおすすめ,エリア,S,2,レンタルスタジオAivic大塚,東京都豊島区北大塚2-9-7 豊島電気会館B1,1,https://dance-studio-lab.com/room/MjU5YzI0ZTUtYzE1MC00ODhmLWI2Y2MtNTk5YTFmMWIwMzZi/detail,大塚駅,274.0,143,提携 | 駅近500m以内 | 複数記事候補 | primary_area=池袋
池袋のレンタルダンススタジオおすすめ,エリア,S,3,Dubway レンタルスタジオ大塚,東京都豊島区北大塚2-10-5 BMAビル　B1,1,https://dance-studio-lab.com/room/ODA1MWRkOGQtODA5Yi00NTRlLWIyNzktZmMyNWFkMTc3ZDY4/detail,大塚駅,241.0,143,提携 | 駅近500m以内 | 複数記事候補 | primary_area=池袋
池袋のレンタルダンススタジオおすすめ,エリア,S,4,スタジオピアーチェ池袋店,東京都豊島区池袋本町1-7-1　池袋本町ビル地下１階,1,https://dance-studio-lab.com/room/YjA4YWEyZDUtYmFmZS00NDQ3LWJjOWYtMzU2MDlmMDc1MTJi/detail,北池袋駅,439.0,141,提携 | 駅近500m以内 | 複数記事候補 | primary_area=池袋
池袋のレンタルダンススタジオおすすめ,エリア,S,5,BUZZ レンタルスタジオ池袋東口BASE,〒170-0013 東京都豊島区東池袋１丁目３６-７ B1,1,https://dance-studio-lab.com/room/NWY2ZjE2OGUtZDYyYi00ZTk5LThlMjctZDI1YjllMmRjM2Jk/detail,池袋駅,608.0,136,提携 | 駅近1000m以内 | 複数記事候補 | primary_area=池袋
池袋のレンタルダンススタジオおすすめ,エリア,S,6,レンタルスタジオAivic池袋東口2号店,東京都豊島区東池袋2-57-1 K/B東池袋Ⅱ 5F,1,https://dance-studio-lab.com/room/ZTVmNmYwZGYtZTExNy00YTlkLTk4MDktODhhMWE2ZTYyNmNj/detail,池袋駅,749.0,134,提携 | 駅近1000m以内 | 複数記事候補 | primary_area=池袋
池袋のレンタルダンススタジオおすすめ,エリア,S,7,レンタルスタジオAivic池袋東口1号店,東京都豊島区東池袋3-11-9 三島ビル501,1,https://dance-studio-lab.com/room/ZTU1MDVkNDQtZjUzNi00MWRiLWFhMDctZTk3YTg1YjRjNDUx/detail,向原駅,618.0,134,提携 | 駅近1000m以内 | 複数記事候補 | primary_area=池袋
池袋のレンタルダンススタジオおすすめ,エリア,S,8,BUZZ池袋西口PARK,東京都豊島区西池袋3-30-10ライオンビルB1,1,https://dance-studio-lab.com/room/ZjBiN2M3MDEtZTMzYS00ZGZkLTg3YTktYjU3MjdjNDk3Njli/detail,池袋駅,586.0,134,提携 | 駅近1000m以内 | 複数記事候補 | primary_area=池袋
池袋のレンタルダンススタジオおすすめ,エリア,S,9,monoダンススタジオ-レンタル,〒304 東京都豊島区北大塚２丁目２-１３ JP 1700004 大塚シャトレー・トーコー 304号室,0,,大塚駅,49.0,43,駅近500m以内 | 複数記事候補 | primary_area=池袋
池袋のレンタルダンススタジオおすすめ,エリア,S,10,BUZZ レンタルスタジオ 池袋本店,〒171-0022 東京都豊島区南池袋１丁目２０-１ 横田ビル 3F,0,,池袋駅,241.0,43,駅近500m以内 | 複数記事候補 | primary_area=池袋
池袋のレンタルダンススタジオおすすめ,エリア,S,11,高田馬場 ペガサス,〒171-0033 東京都豊島区高田３丁目１３-８ 吉見ビル 2F,0,,高田馬場駅,368.0,43,駅近500m以内 | 複数記事候補 | primary_area=池袋
池袋のレンタルダンススタジオおすすめ,エリア,S,12,スタジオジパング 池袋スタジオSTANDARD 7F/8F,〒171-0021 東京都豊島区西池袋３丁目２９-９ 8F Ｃ３ビル 7F,0,,池袋駅,449.0,43,駅近500m以内 | 複数記事候補 | primary_area=池袋
池袋のレンタルダンススタジオおすすめ,エリア,S,13,studio worcle 池袋店,〒171-0022 東京都豊島区南池袋２丁目２２-４,0,,池袋駅,354.0,43,駅近500m以内 | 複数記事候補 | primary_area=池袋
池袋のレンタルダンススタジオおすすめ,エリア,S,14,スタジオｉＤＣ,〒171-0014 東京都豊島区池袋２丁目４７-３ キウレイコンビル ４,0,,池袋駅,500.0,43,駅近500m以内 | 複数記事候補 | primary_area=池袋
池袋のレンタルダンススタジオおすすめ,エリア,S,15,アカペラスタジオベースオントップ池袋東口店,〒171-0022 東京都豊島区南池袋２丁目２４-５ 加藤ビル B1,0,,池袋駅,323.0,43,駅近500m以内 | 複数記事候補 | primary_area=池袋
渋谷のレンタルダンススタジオおすすめ,エリア,S,1,BUZZ レンタルスタジオ 渋谷PARK店,〒150-0042 東京都渋谷区宇田川町１９-５,1,https://dance-studio-lab.com/room/YmNlM2RmNGMtNGI0Mi00ZTg4LTk4OTYtNjY4NWRiM2JmNzhm/detail,渋谷駅,448.0,145,提携 | 駅近500m以内 | 複数記事候補 | primary_area=渋谷
渋谷のレンタルダンススタジオおすすめ,エリア,S,2,THビル貸し会議室 レンタルスタジオ,〒151-0053 東京都渋谷区代々木２丁目４-１ Thビル,1,https://dance-studio-lab.com/room/ZGYxYjYyNDgtMDEzOC00MjZhLTgyZDctODZlMDViYTQ0NDgy/detail,新宿駅,451.0,145,提携 | 駅近500m以内 | 複数記事候補 | primary_area=渋谷
渋谷のレンタルダンススタジオおすすめ,エリア,S,3,レンタルスタジオAivic渋谷道玄坂,東京都渋谷区円山町23-10 渋谷ATビル201,1,https://dance-studio-lab.com/room/NWE2MDljYmItN2I0ZC00ZjIzLWI3MGEtMmZiNmEzNWJjOWI4/detail,神泉駅,78.0,145,提携 | 駅近500m以内 | 複数記事候補 | primary_area=渋谷
渋谷のレンタルダンススタジオおすすめ,エリア,S,4,BEATs レンタルスタジオ ビーツ,東京都渋谷区代々木1-42-2 藤ビル2階,1,https://dance-studio-lab.com/room/ZWU0MDNlZTUtMDE1Zi00NDcyLWFjZjgtZTAzNzUzZTAwMzNj/detail,代々木駅,259.0,145,提携 | 駅近500m以内 | 複数記事候補 | primary_area=渋谷
渋谷のレンタルダンススタジオおすすめ,エリア,S,5,レンタルスタジオAivic恵比寿,東京都渋谷区恵比寿西1-14-3 満栄佐藤ビル202,1,https://dance-studio-lab.com/room/MzMyZDY5NzktNDEzOS00MzAyLWJjNzEtMjZiMjNiNzUwNGMy/detail,恵比寿駅,233.0,145,提携 | 駅近500m以内 | 複数記事候補 | primary_area=渋谷
渋谷のレンタルダンススタジオおすすめ,エリア,S,6,BUZZ渋谷MARKCITY,〒150-0043 東京都渋谷区道玄坂１丁目１７ 9BUZZビル,1,https://dance-studio-lab.com/room/MTJmOWU1NGQtYmViZC00YWEzLWI5Y2ItNGFhYzU3YTAyZTBk/detail,渋谷駅,437.0,145,提携 | 駅近500m以内 | 複数記事候補 | primary_area=渋谷
渋谷のレンタルダンススタジオおすすめ,エリア,S,7,チェリッシュスタジオ9号館,東京都渋谷区鶯谷町15-7 ライブリーYSビル6階,1,https://dance-studio-lab.com/room/NGU3OTQ4YzEtMzA3OS00NDc3LThjODQtYWFkMmUzMTE4ZmFm/detail,渋谷駅,423.0,145,提携 | 駅近500m以内 | 複数記事候補 | primary_area=渋谷
渋谷のレンタルダンススタジオおすすめ,エリア,S,8,BUZZ渋谷TOWER,東京都渋谷区東2-27-9],1,https://dance-studio-lab.com/room/YWZmOTdhZGMtMjk1MC00ODljLWE2YWUtMDRjMGM5NTIxZTg2/detail,渋谷駅,437.0,145,提携 | 駅近500m以内 | 複数記事候補 | primary_area=渋谷
渋谷のレンタルダンススタジオおすすめ,エリア,S,9,原宿ダンススタジオ SHIN RENTAL STUDIO,〒151-0051 東京都渋谷区千駄ケ谷３丁目６０-４ 地下1階,0,,原宿駅,479.0,45,駅近500m以内 | 複数記事候補 | primary_area=渋谷
渋谷のレンタルダンススタジオおすすめ,エリア,S,10,BUZZ レンタルスタジオ 代々木店,〒151-0053 東京都渋谷区代々木１丁目３６-１ ミユキビル B1F,0,,代々木駅,148.0,45,駅近500m以内 | 複数記事候補 | primary_area=渋谷
渋谷のレンタルダンススタジオおすすめ,エリア,S,11,BUZZ レンタルスタジオ 渋谷東口SQUARE店,〒150-0002 東京都渋谷区渋谷２丁目２２-８ 名取ビル 1F,0,,渋谷駅,177.0,45,駅近500m以内 | 複数記事候補 | primary_area=渋谷
渋谷のレンタルダンススタジオおすすめ,エリア,S,12,Ｍ＆Ｓダンススタジオ,〒151-0051 東京都渋谷区千駄ケ谷５丁目１１-１３ 俳協ビル B1,0,,代々木駅,374.0,45,駅近500m以内 | 複数記事候補 | primary_area=渋谷
渋谷のレンタルダンススタジオおすすめ,エリア,S,13,表参道レンタルスタジオ スタジオ ティノラス,〒107-0062 東京都港区南青山５丁目１３-９,0,,表参道駅,491.0,45,駅近500m以内 | 複数記事候補 | tag/station:渋谷
渋谷のレンタルダンススタジオおすすめ,エリア,S,14,タヒチアンダンススタジオ ライマーラマ表参道,〒150-0001 東京都渋谷区神宮前５丁目１３-１４,0,,表参道駅,493.0,45,駅近500m以内 | 複数記事候補 | primary_area=渋谷
渋谷のレンタルダンススタジオおすすめ,エリア,S,15,DANCE WORKS,〒150-0032 東京都渋谷区鶯谷町７-１０ ＮＭＤビル 2F-6F,0,,渋谷駅,447.0,45,駅近500m以内 | 複数記事候補 | primary_area=渋谷
秋葉原のレンタルダンススタジオおすすめ,エリア,S,1,スタジオ五軒町／『鏡張り』の多目的に利用できる『防音』スタジオ,東京都千代田区外神田6-16-1,1,https://dance-studio-lab.com/room/ODZiZjA3NDItNjk4ZS00YjMxLWFjMGQtMGU5ZjVkZDg5OWQw/detail,湯島駅,308.0,145,提携 | 駅近500m以内 | 複数記事候補 | primary_area=秋葉原
秋葉原のレンタルダンススタジオおすすめ,エリア,S,2,レンタルスタジオAivic神田,"東京都千代田区神田紺屋町21 高山ビル101
",1,https://dance-studio-lab.com/room/MzE4YmJlMGMtZTc3Yy00OTIwLTg3ZTMtZDQxN2E4Yzc1YTFj/detail,神田駅,251.0,143,提携 | 駅近500m以内 | 複数記事候補 | primary_area=秋葉原
秋葉原のレンタルダンススタジオおすすめ,エリア,S,3,BUZZ レンタルスタジオ 神田店,〒101-0047 東京都千代田区内神田２丁目９-９ 神田西口ビル B1F,1,https://dance-studio-lab.com/room/ODJkZDE5YzQtMTlhZS00NjNlLWJlZTQtNDA3NTU3MTQ5NDg5/detail,秋葉原駅,989.0,138,提携 | 駅近1000m以内 | 複数記事候補 | primary_area=秋葉原
秋葉原のレンタルダンススタジオおすすめ,エリア,S,4,秋葉原ブルーハス レンタルスタジオ,〒110-0006 東京都台東区秋葉原３-１０ 東京商会秋葉原ビルB1階,0,,秋葉原駅,393.0,45,駅近500m以内 | 複数記事候補 | tag/station:秋葉原
秋葉原のレンタルダンススタジオおすすめ,エリア,S,5,alt studio (オルトスタジオ),〒101-0051 東京都千代田区神田神保町１丁目64-３ 神保町ビル 6F,0,,神保町駅,327.0,45,駅近500m以内 | 複数記事候補 | primary_area=秋葉原
秋葉原のレンタルダンススタジオおすすめ,エリア,S,6,御茶ノ水 おちゃすた レンタルスタジオ,〒101-0052 東京都千代田区神田小川町３丁目１４-２ 漢陽ビル Ｂ1Ｆ,0,,神保町駅,305.0,45,駅近500m以内 | 複数記事候補 | primary_area=秋葉原
秋葉原のレンタルダンススタジオおすすめ,エリア,S,7,第一ホテル東京 フィットネス&アクアゾーン,〒100-0011 東京都千代田区内幸町１丁目５-３ 新幸橋ビルディング ビル内,0,,新橋駅,357.0,45,駅近500m以内 | 複数記事候補 | primary_area=秋葉原
秋葉原のレンタルダンススタジオおすすめ,エリア,S,8,レンタルスペース リノスペcamp東京ドーム,〒101-0061 東京都千代田区神田三崎町２丁目１２-５ ニュー千代田ビル 3F-A,0,,水道橋駅,167.0,45,駅近500m以内 | 複数記事候補 | primary_area=秋葉原
秋葉原のレンタルダンススタジオおすすめ,エリア,S,9,レンタル撮影スタジオDOLLY飯田橋1号店,〒102-0072 東京都千代田区飯田橋３丁目６-６ 港屋ビル 2F,0,,飯田橋駅,134.0,45,駅近500m以内 | 複数記事候補 | primary_area=秋葉原
秋葉原のレンタルダンススタジオおすすめ,エリア,S,10,EXスタジオ麹町,〒102-0083 東京都千代田区麹町２丁目２-４ 麹町セントラルビル 5階,0,,半蔵門駅,105.0,43,駅近500m以内 | 複数記事候補 | primary_area=秋葉原
秋葉原のレンタルダンススタジオおすすめ,エリア,S,11,バンドスタジオ ベースオントップ秋葉原昭和通り口店,〒101-0025 東京都千代田区神田佐久間町３丁目37-１ 文唱堂ビル B1F,0,,秋葉原駅,326.0,43,駅近500m以内 | 複数記事候補 | primary_area=秋葉原
秋葉原のレンタルダンススタジオおすすめ,エリア,S,12,Rinky Dink Studio お茶の水 神保町店,〒101-0051 東京都千代田区 アイピー第1ビル 6F・7F・8F 神田神保町1-2-12,0,,神保町駅,231.0,43,駅近500m以内 | 複数記事候補 | primary_area=秋葉原
秋葉原のレンタルダンススタジオおすすめ,エリア,S,13,Estudio ILIA FLAMENCA,〒101-0051 東京都千代田区神田神保町１丁目２５-４ 神保町ビル B1 SH神田南,0,,神保町駅,281.0,43,駅近500m以内 | 複数記事候補 | primary_area=秋葉原
秋葉原のレンタルダンススタジオおすすめ,エリア,S,14,㈱Tera-coya,〒101-0025 東京都千代田区神田佐久間町３丁目３１-３,0,,秋葉原駅,359.0,43,駅近500m以内 | 複数記事候補 | primary_area=秋葉原
秋葉原のレンタルダンススタジオおすすめ,エリア,S,15,レンタルスタジオ YOGA SPICE 神保町,〒101-0065 東京都千代田区西神田２丁目３-２ 牧ビル 402号室,0,,神保町駅,312.0,43,駅近500m以内 | 複数記事候補 | primary_area=秋葉原
銀座のレンタルダンススタジオおすすめ,エリア,S,1,レンタルスタジオAivic新橋,"東京都港区西新橋1-16-14 宮川ビル4階
",1,https://dance-studio-lab.com/room/M2EyMzEzOTUtMjkwNC00MmRlLWI3YWEtYjBiMmM1NGUzYzhl/detail,新橋駅,408.0,145,提携 | 駅近500m以内 | 複数記事候補 | tag/station:銀座
銀座のレンタルダンススタジオおすすめ,エリア,S,2,レンタルスタジオAivic築地,東京都中央区築地2-10-9 HARVEY築地4階,1,https://dance-studio-lab.com/room/Y2UzMzcxZTMtNDhlNS00ODEwLWJlOGYtZjA1ZjM5Y2YxNjE0/detail,築地駅,84.0,143,提携 | 駅近500m以内 | 複数記事候補 | primary_area=銀座
銀座のレンタルダンススタジオおすすめ,エリア,S,3,Pole and Aerial Studio Polish 銀座店,〒104-0061 東京都中央区銀座７丁目８-１３ Brown Place 3階,0,,新橋駅,428.0,45,駅近500m以内 | 複数記事候補 | primary_area=銀座
銀座のレンタルダンススタジオおすすめ,エリア,S,4,スタジオインディ 東京駅前店,〒104-0031 東京都中央区京橋１丁目４-１１ 竹本ビルディング ４階,0,,東京駅,397.0,45,駅近500m以内 | 複数記事候補 | primary_area=銀座
銀座のレンタルダンススタジオおすすめ,エリア,S,5,銀座スタジオ ルアン,〒104-0061 東京都中央区銀座８丁目１０-２ ルアンビル 11階,0,,新橋駅,422.0,45,駅近500m以内 | 複数記事候補 | primary_area=銀座
銀座のレンタルダンススタジオおすすめ,エリア,S,6,セミナールーム茅場町 Co-Edo 3F 貸会議室,〒104-0033 東京都中央区新川１丁目３-４ ＰＡビル3F,0,,茅場町駅,223.0,43,駅近500m以内 | 複数記事候補 | primary_area=銀座
銀座のレンタルダンススタジオおすすめ,エリア,S,7,BillionDance,〒542-0084 大阪府大阪市中央区宗右衛門町１-２７ ゴールドウッズミッテラビルB1F,0,,近鉄日本橋駅,360.0,41,駅近500m以内 | 複数記事候補 | primary_area=銀座
銀座のレンタルダンススタジオおすすめ,エリア,S,8,エースダンススタジオ,"札幌ＮＳビル 4F, ２丁目-11 南２条西 中央区 札幌市 北海道 060-0062",0,,大通駅,247.0,41,駅近500m以内 | 複数記事候補 | primary_area=銀座
銀座のレンタルダンススタジオおすすめ,エリア,S,9,CAMURO DANCE STUDIO,〒540-0025 大阪府大阪市中央区徳井町１丁目１-７ 松田ビル,0,,谷町四丁目駅,246.0,41,駅近500m以内 | 複数記事候補 | primary_area=銀座
銀座のレンタルダンススタジオおすすめ,エリア,S,10,SOLARI Rental Studio 日本橋 - 日本橋人形町・馬喰町エリアのレンタルスタジオ,〒103-0004 東京都中央区東日本橋１丁目４-２ 徳輝ビル 2階,0,,馬喰横山駅,302.0,41,駅近500m以内 | 複数記事候補 | primary_area=銀座
銀座のレンタルダンススタジオおすすめ,エリア,S,11,DCNスタジオ,〒104-0052 東京都中央区月島１丁目１４-７ 旭倉庫内,0,,月島駅,343.0,41,駅近500m以内 | 複数記事候補 | primary_area=銀座
銀座のレンタルダンススタジオおすすめ,エリア,S,12,Starnite Dance Studio,〒260-0013 千葉県千葉市中央区中央３丁目４-１７ Gaビル 3F,0,,葭川公園駅,160.0,41,駅近500m以内 | 複数記事候補 | primary_area=銀座
銀座のレンタルダンススタジオおすすめ,エリア,S,13,ライトハウス神田,〒103-0021 東京都中央区日本橋本石町４丁目５-８,0,,東京駅,948.0,38,駅近1000m以内 | 複数記事候補 | primary_area=銀座
銀座のレンタルダンススタジオおすすめ,エリア,S,14,日本橋PACMAN（ニホンバシパックマン）,〒103-0021 東京都中央区日本橋本石町４丁目５-５ 藤ビル 地下1階,0,,東京駅,921.0,38,駅近1000m以内 | 複数記事候補 | primary_area=銀座
銀座のレンタルダンススタジオおすすめ,エリア,S,15,Another ONE+ （銀座レンタルスペース）,〒104-0061 東京都中央区銀座３丁目１２-１８ 新岩間ビル 3F,0,,有楽町駅,700.0,38,駅近1000m以内 | 複数記事候補 | primary_area=銀座
高円寺のレンタルダンススタジオおすすめ,エリア,S,1,Dubway レンタルスタジオ中野,東京都中野区5-32-6 城西ビルB02,1,https://dance-studio-lab.com/room/MzFmYWU5ZjgtNmM0NC00MDYzLTljOGUtMjFlZDI1MmVhMDE5/detail,中野駅,167.0,145,提携 | 駅近500m以内 | 複数記事候補 | tag/station:高円寺
高円寺のレンタルダンススタジオおすすめ,エリア,S,2,西荻窪七宝レンタルスペース,〒167-0042 東京都杉並区西荻北３丁目２５-１ 七宝マンション 1階,0,,西荻窪駅,259.0,45,駅近500m以内 | 複数記事候補 | primary_area=高円寺
高円寺のレンタルダンススタジオおすすめ,エリア,S,3,レンタルスタジオ西荻リノ,〒167-0042 東京都杉並区西荻北２丁目３-９ グランピア西荻窪 Ｂ101,0,,西荻窪駅,156.0,45,駅近500m以内 | 複数記事候補 | primary_area=高円寺
高円寺のレンタルダンススタジオおすすめ,エリア,S,4,クリエイティブスペース・フュージョン,〒167-0053 東京都杉並区西荻南３丁目２４-２４-１ 西荻マイロード 27,0,,西荻窪駅,141.0,45,駅近500m以内 | 複数記事候補 | primary_area=高円寺
高円寺のレンタルダンススタジオおすすめ,エリア,S,5,MCSpace,〒167-0053 東京都杉並区西荻南２丁目２５-６ 西荻プラザビル B1F,0,,西荻窪駅,275.0,45,駅近500m以内 | 複数記事候補 | primary_area=高円寺
高円寺のレンタルダンススタジオおすすめ,エリア,S,6,ＳＧ ＳＴＵＤＩＯ,〒166-0012 東京都杉並区和田１丁目１-１３ Ｂ１ 入り口は川沿い,0,,中野富士見町駅,77.0,43,駅近500m以内 | 複数記事候補 | primary_area=高円寺
高円寺のレンタルダンススタジオおすすめ,エリア,S,7,レンタルスタジオOLI,〒166-0004 東京都杉並区阿佐谷南１丁目１５-１４ サンフェリーペ 101号室,0,,南阿佐ケ谷駅,144.0,43,駅近500m以内 | 複数記事候補 | primary_area=高円寺
高円寺のレンタルダンススタジオおすすめ,エリア,S,8,TONIC DANCE STUDIO 阿佐ヶ谷,〒166-0004 東京都杉並区阿佐谷南３丁目１-２１ 徳和ビル 地下1階,0,,南阿佐ケ谷駅,248.0,43,駅近500m以内 | 複数記事候補 | primary_area=高円寺
高円寺のレンタルダンススタジオおすすめ,エリア,S,9,"レンタルスタジオDance""MOVE""!!",〒165-0027 東京都中野区野方５丁目３０-６ ひろきやビル 2階,0,,野方駅,127.0,43,駅近500m以内 | 複数記事候補 | tag/station:高円寺
高円寺のレンタルダンススタジオおすすめ,エリア,S,10,レンタルスタジオ 阿佐ヶ谷リノ,〒166-0015 東京都杉並区成田東５丁目２０-９,0,,南阿佐ケ谷駅,434.0,43,駅近500m以内 | 複数記事候補 | primary_area=高円寺
高円寺のレンタルダンススタジオおすすめ,エリア,S,11,ソニズレンタルスタジオ南阿佐ヶ谷店,〒166-0015 東京都杉並区成田東５丁目３９-１２ グローリーハイツ南阿佐ケ谷榎本 B1F,0,,南阿佐ケ谷駅,116.0,43,駅近500m以内 | 複数記事候補 | primary_area=高円寺
高円寺のレンタルダンススタジオおすすめ,エリア,S,12,NATURAglam 高円寺スタジオ,〒166-0003 東京都杉並区４５ 高円寺南４丁目４５-２ メインロードビル3階,0,,高円寺駅,100.0,43,駅近500m以内 | 複数記事候補 | primary_area=高円寺
高円寺のレンタルダンススタジオおすすめ,エリア,S,13,高円寺スタジオ,〒166-0002 東京都杉並区高円寺北２丁目７-７ 地下１階 高円寺名店ビル,0,,高円寺駅,147.0,43,駅近500m以内 | 複数記事候補 | primary_area=高円寺
高円寺のレンタルダンススタジオおすすめ,エリア,S,14,杉並だんすアトリウム,〒168-0073 東京都杉並区下高井戸１丁目２-１３ 山口ビル ２Ｆ、３Ｆ,0,,下高井戸駅,94.0,41,駅近500m以内 | 複数記事候補 | primary_area=高円寺
高円寺のレンタルダンススタジオおすすめ,エリア,S,15,西荻窪永谷ダンススタジオ,〒167-0054 東京都杉並区松庵３丁目４０-９,0,,西荻窪駅,107.0,41,駅近500m以内 | 複数記事候補 | primary_area=高円寺
八王子のレンタルダンススタジオおすすめ,エリア,A,1,レンタルダンススタジオTerrace八王子,〒192-0085 東京都八王子市中町６-６ 店舗（旧 川和ビル 3階,0,,八王子駅,412.0,33,駅近500m以内 | 複数記事候補 | primary_area=八王子
八王子のレンタルダンススタジオおすすめ,エリア,A,2,BUZZ レンタルスタジオ八王子店,〒192-0082 東京都八王子市東町１１-３ センチュリーステーションビル B1,0,,八王子駅,264.0,33,駅近500m以内 | 複数記事候補 | primary_area=八王子
八王子のレンタルダンススタジオおすすめ,エリア,A,3,レンタルスタジオ REBRI,〒192-0085 東京都八王子市中町７-７ ニシカワビル 5F,0,,八王子駅,449.0,33,駅近500m以内 | 複数記事候補 | primary_area=八王子
八王子のレンタルダンススタジオおすすめ,エリア,A,4,イシカワヒロユキダンススタジオ,〒192-0081 東京都八王子市横山町３-６,0,,八王子駅,437.0,33,駅近500m以内 | 複数記事候補 | primary_area=八王子
八王子のレンタルダンススタジオおすすめ,エリア,A,5,SHAKE DANCE STUDIO 八王子校,〒192-0081 東京都八王子市横山町５-１４ ｗｉｌｌＤｏ八王子,0,,八王子駅,405.0,33,駅近500m以内 | 複数記事候補 | primary_area=八王子
八王子のレンタルダンススタジオおすすめ,エリア,A,6,スタジオ カノン 東町店,〒184-0011 東京都八王子市東町２丁目９ ムジカ八王子ビル,0,,八王子駅,355.0,33,駅近500m以内 | 複数記事候補 | primary_area=八王子
八王子のレンタルダンススタジオおすすめ,エリア,A,7,Risley八王子店,〒192-0085 東京都八王子市中町７-１１ 福島ビル B1,0,,八王子駅,402.0,33,駅近500m以内 | 複数記事候補 | primary_area=八王子
八王子のレンタルダンススタジオおすすめ,エリア,A,8,カミヤマダンススタジオ,〒192-0046 東京都八王子市明神町４丁目６-２ 山口ビル 2F,0,,八王子駅,481.0,33,駅近500m以内 | 複数記事候補 | primary_area=八王子
八王子のレンタルダンススタジオおすすめ,エリア,A,9,FANTASY DANCE SCHOOL 八王子店,〒192-0904 東京都八王子市子安町１丁目２６-１４ 26-14 301,0,,八王子駅,389.0,33,駅近500m以内 | 複数記事候補 | primary_area=八王子
八王子のレンタルダンススタジオおすすめ,エリア,A,10,バレエスタジオコルツァ（Ballet Studio Colza）,〒193-0833 東京都八王子市めじろ台１丁目９-１ 2階,0,,めじろ台駅,108.0,31,駅近500m以内 | 複数記事候補 | primary_area=八王子
八王子のレンタルダンススタジオおすすめ,エリア,A,11,パンキースタジオ,〒192-0355 東京都八王子市堀之内３丁目３５-６,0,,京王堀之内駅,153.0,31,駅近500m以内 | 複数記事候補 | primary_area=八王子
八王子のレンタルダンススタジオおすすめ,エリア,A,12,モノダンススタジオ 八王子校,〒192-0911 東京都八王子市打越町３４４-５ クリヤマ北野ビル 3階,0,,北野駅,34.0,31,駅近500m以内 | 複数記事候補 | primary_area=八王子
八王子のレンタルダンススタジオおすすめ,エリア,A,13,シルクスタジオ,〒192-0912 東京都八王子市絹ケ丘１丁目２１-５,0,,長沼駅,495.0,31,駅近500m以内 | 複数記事候補 | primary_area=八王子
八王子のレンタルダンススタジオおすすめ,エリア,A,14,ゴールドジム南大沢東京,〒192-0364 東京都八王子市南大沢２丁目30番地 サザンウィンズ南大沢 2F,0,,南大沢駅,111.0,31,駅近500m以内 | 複数記事候補 | primary_area=八王子
八王子のレンタルダンススタジオおすすめ,エリア,A,15,ＤＡＮＣＥＳＴＵＤＩＯ・ＢＩＮＧＯ,〒192-0083 東京都八王子市旭町１３-２５,0,,八王子駅,297.0,29,駅近500m以内 | 複数記事候補 | primary_area=八王子
北千住のレンタルダンススタジオおすすめ,エリア,A,1,BUZZ竹ノ塚,〒121-0823 東京都足立区伊興３丁目１８-１９ ＮＹビル 3階,1,https://dance-studio-lab.com/room/Zjk4YThkNDItZDI4OC00MTRlLTg2NDgtYTgxZDUyYjgxMjQ2/detail,竹ノ塚駅,295.0,135,提携 | 駅近500m以内 | 複数記事候補 | primary_area=北千住
北千住のレンタルダンススタジオおすすめ,エリア,A,2,Studio Sun-Sea,〒124-0006 東京都葛飾区堀切４丁目１１-２ 堀学ビル 302号室,0,,堀切菖蒲園駅,89.0,33,駅近500m以内 | 複数記事候補 | tag/station:北千住
北千住のレンタルダンススタジオおすすめ,エリア,A,3,キッズダンススタジオSerenita西新井店,〒123-0842 東京都足立区栗原１丁目７-２０ 3階,0,,西新井駅,228.0,31,駅近500m以内 | 複数記事候補 | primary_area=北千住
北千住のレンタルダンススタジオおすすめ,エリア,A,4,Dance Studio Broomstick,〒123-0873 東京都足立区扇２丁目２５-１ 扇橋会館 ８F,0,,扇大橋駅,59.0,31,駅近500m以内 | 複数記事候補 | primary_area=北千住
北千住のレンタルダンススタジオおすすめ,エリア,A,5,舎人公園 ドッグラン,〒121-0837 東京都足立区舎人公園１,0,,舎人公園駅,181.0,31,駅近500m以内 | 複数記事候補 | primary_area=北千住
北千住のレンタルダンススタジオおすすめ,エリア,A,6,スタジオアリス 足立舎人店,〒121-0831 東京都足立区舎人１丁目１５-９,0,,舎人駅,47.0,31,駅近500m以内 | 複数記事候補 | primary_area=北千住
北千住のレンタルダンススタジオおすすめ,エリア,A,7,AAPA 日の出町団地スタジオ,〒120-0021 東京都足立区日ノ出町２７ 日の出町団地１号棟 １０３,0,,北千住駅,287.0,29,駅近500m以内 | 複数記事候補 | primary_area=北千住
北千住のレンタルダンススタジオおすすめ,エリア,A,8,スタジオキャリコ,〒123-0842 東京都足立区栗原３丁目１０-１５ ＴＫＳ税理士ビル,0,,大師前駅,209.0,27,駅近500m以内 | 複数記事候補 | primary_area=北千住
北千住のレンタルダンススタジオおすすめ,エリア,A,9,ココのスタジオ,〒123-0851 東京都足立区梅田６丁目３３-５ ＳＳＫグリーンパーク梅島駅前 801号室,0,,梅島駅,224.0,27,駅近500m以内 | 複数記事候補 | primary_area=北千住
北千住のレンタルダンススタジオおすすめ,エリア,A,10,梅島ミアスタジオ,〒121-0816 東京都足立区梅島２丁目１９-９,0,,梅島駅,472.0,27,駅近500m以内 | 複数記事候補 | primary_area=北千住
北千住のレンタルダンススタジオおすすめ,エリア,A,11,舎人公園陸上競技場,〒121-0837 東京都足立区舎人公園１-１,0,,舎人公園駅,480.0,27,駅近500m以内 | 複数記事候補 | primary_area=北千住
北千住のレンタルダンススタジオおすすめ,エリア,A,12,レンタルスタジオ Gスクエア,〒120-0036 東京都足立区千住仲町１-２,0,,北千住駅,855.0,24,駅近1000m以内 | 複数記事候補 | primary_area=北千住
北千住のレンタルダンススタジオおすすめ,エリア,A,13,SIM STUDIO 西新井,〒123-0872 東京都足立区江北７丁目２７-６ ＩＥＰＪＡＰＡＮ,0,,西新井大師西駅,504.0,22,駅近1000m以内 | 複数記事候補 | primary_area=北千住
北千住のレンタルダンススタジオおすすめ,エリア,A,14,Brilliant Me Dance Studio 鹿浜校,〒123-0864 東京都足立区鹿浜７丁目１２-４,0,,西新井大師西駅,571.0,22,駅近1000m以内 | 複数記事候補 | primary_area=北千住
北千住のレンタルダンススタジオおすすめ,エリア,A,15,花柳 珠絃,〒123-0873 東京都足立区扇１丁目４４-３,0,,扇大橋駅,587.0,18,駅近1000m以内 | primary_area=北千住
吉祥寺のレンタルダンススタジオおすすめ,エリア,A,1,レンタルスタジオ西荻リノ,〒167-0042 東京都杉並区西荻北２丁目３-９ グランピア西荻窪 Ｂ101,0,,西荻窪駅,156.0,35,駅近500m以内 | 複数記事候補 | tag/station:吉祥寺
吉祥寺のレンタルダンススタジオおすすめ,エリア,A,2,emotionS Dance Studio,〒180-0006 東京都武蔵野市中町１丁目２５-１０ 三祐ビル B1F,0,,三鷹駅,220.0,35,駅近500m以内 | 複数記事候補 | primary_area=吉祥寺
吉祥寺のレンタルダンススタジオおすすめ,エリア,A,3,クリエイティブスペース・フュージョン,〒167-0053 東京都杉並区西荻南３丁目２４-２４-１ 西荻マイロード 27,0,,西荻窪駅,141.0,35,駅近500m以内 | 複数記事候補 | tag/station:吉祥寺
吉祥寺のレンタルダンススタジオおすすめ,エリア,A,4,西荻窪七宝レンタルスペース,〒167-0042 東京都杉並区西荻北３丁目２５-１ 七宝マンション 1階,0,,西荻窪駅,259.0,35,駅近500m以内 | 複数記事候補 | tag/station:吉祥寺
吉祥寺のレンタルダンススタジオおすすめ,エリア,A,5,MCSpace,〒167-0053 東京都杉並区西荻南２丁目２５-６ 西荻プラザビル B1F,0,,西荻窪駅,275.0,35,駅近500m以内 | 複数記事候補 | tag/station:吉祥寺
吉祥寺のレンタルダンススタジオおすすめ,エリア,A,6,[吉祥寺ダンススタジオ] Studio Amrita NORTH,〒180-0004 東京都武蔵野市吉祥寺本町２丁目５-１０ いちご吉祥寺ビル B1,0,,吉祥寺駅,436.0,33,駅近500m以内 | 複数記事候補 | primary_area=吉祥寺
吉祥寺のレンタルダンススタジオおすすめ,エリア,A,7,吉祥寺 レンタルスタジオ さんだる倶楽部,〒180-0003 東京都武蔵野市吉祥寺南町１丁目３０-１ パークヴィラ吉祥寺２階,0,,吉祥寺駅,395.0,33,駅近500m以内 | 複数記事候補 | primary_area=吉祥寺
吉祥寺のレンタルダンススタジオおすすめ,エリア,A,8,LIMITED Creaation. dance studio,〒180-0004 東京都武蔵野市１丁目２４-７ 吉祥寺光ビル 6F 吉祥寺,0,,吉祥寺駅,146.0,33,駅近500m以内 | 複数記事候補 | primary_area=吉祥寺
吉祥寺のレンタルダンススタジオおすすめ,エリア,A,9,吉祥寺 レンタルスタジオ LC Rental,〒180-0004 東京都武蔵野市吉祥寺本町１丁目２４-７ 吉祥寺光ビル 6F,0,,吉祥寺駅,146.0,33,駅近500m以内 | 複数記事候補 | primary_area=吉祥寺
吉祥寺のレンタルダンススタジオおすすめ,エリア,A,10,レンタルスタジオ D-Base 武蔵境店,〒180-0022 東京都武蔵野市境１丁目３-２ 平田ビル 3階,0,,武蔵境駅,185.0,33,駅近500m以内 | 複数記事候補 | primary_area=吉祥寺
吉祥寺のレンタルダンススタジオおすすめ,エリア,A,11,レンタルスタジオ吉祥寺OLI（オリ）,〒180-0003 東京都武蔵野市吉祥寺南町２丁目２０-１ 吉祥寺オリンピックマンション B8,0,,吉祥寺駅,475.0,33,駅近500m以内 | 複数記事候補 | primary_area=吉祥寺
吉祥寺のレンタルダンススタジオおすすめ,エリア,A,12,吉祥寺スタジオ・レダ,〒180-0002 東京都武蔵野市吉祥寺東町１丁目１１-１８ Ｍビル 2F,0,,吉祥寺駅,430.0,33,駅近500m以内 | 複数記事候補 | primary_area=吉祥寺
吉祥寺のレンタルダンススタジオおすすめ,エリア,A,13,ノアスタジオ 吉祥寺店,〒180-0004 東京都武蔵野市吉祥寺本町２丁目１６-１２ B１F,0,,吉祥寺駅,406.0,33,駅近500m以内 | 複数記事候補 | primary_area=吉祥寺
吉祥寺のレンタルダンススタジオおすすめ,エリア,A,14,TONIC DANCE STUDIO 吉祥寺,〒180-0002 東京都武蔵野市吉祥寺東町１丁目１０-２１ 地下1階 西郊ビル,0,,吉祥寺駅,393.0,33,駅近500m以内 | 複数記事候補 | primary_area=吉祥寺
吉祥寺のレンタルダンススタジオおすすめ,エリア,A,15,吉祥寺ダンススタジオ【STUDIO55】スタジオゴーゴー,〒180-0004 東京都武蔵野市吉祥寺本町１丁目３３-１０ 丸二ビル,0,,吉祥寺駅,410.0,33,駅近500m以内 | 複数記事候補 | primary_area=吉祥寺
後楽園のレンタルダンススタジオおすすめ,エリア,A,1,スタジオピアーチェ江戸川橋店,東京都文京区水道2-10-7エクセルビル地下一階,1,https://dance-studio-lab.com/room/NWM3NGU4NjAtNTU5MS00NzUyLTg5ZTQtZWM3NGYwZTliOGZj/detail,江戸川橋駅,141.0,131,提携 | 駅近500m以内 | 複数記事候補 | primary_area=後楽園
後楽園のレンタルダンススタジオおすすめ,エリア,A,2,スタジオピアーチェ春日後楽園店,東京都文京区春日2丁目23番11号　コア伝通院アネックス地下一階,1,https://dance-studio-lab.com/room/MGRlMzFmOGEtODQ5Ni00YjlkLTliNzktNWRmYmI0NzkwM2Q0/detail,後楽園駅,679.0,120,提携 | 駅近1000m以内 | 複数記事候補 | primary_area=後楽園
後楽園のレンタルダンススタジオおすすめ,エリア,A,3,レンタル撮影スタジオDOLLY飯田橋1号店,〒102-0072 東京都千代田区飯田橋３丁目６-６ 港屋ビル 2F,0,,飯田橋駅,134.0,35,駅近500m以内 | 複数記事候補 | tag/station:後楽園
後楽園のレンタルダンススタジオおすすめ,エリア,A,4,alt studio (オルトスタジオ),〒101-0051 東京都千代田区神田神保町１丁目64-３ 神保町ビル 6F,0,,神保町駅,327.0,35,駅近500m以内 | 複数記事候補 | tag/station:後楽園
後楽園のレンタルダンススタジオおすすめ,エリア,A,5,レンタルスペース リノスペcamp東京ドーム,〒101-0061 東京都千代田区神田三崎町２丁目１２-５ ニュー千代田ビル 3F-A,0,,水道橋駅,167.0,35,駅近500m以内 | 複数記事候補 | tag/station:後楽園
後楽園のレンタルダンススタジオおすすめ,エリア,A,6,神楽坂バレエクラス,〒162-0825 東京都新宿区神楽坂３丁目２,0,,飯田橋駅,400.0,33,駅近500m以内 | 複数記事候補 | tag/station:後楽園
後楽園のレンタルダンススタジオおすすめ,エリア,A,7,スタジオ With The Heart,"関口１丁目１５ー１ ミサオビルB１F, 文京区 東京都 112-0014",0,,江戸川橋駅,197.0,33,駅近500m以内 | 複数記事候補 | primary_area=後楽園
後楽園のレンタルダンススタジオおすすめ,エリア,A,8,Zsa Zsa Zsu Dance Studio ザザズ,〒112-0014 東京都文京区関口１丁目４８-５ 第２榎本ビル 2階,0,,江戸川橋駅,249.0,33,駅近500m以内 | 複数記事候補 | primary_area=後楽園
後楽園のレンタルダンススタジオおすすめ,エリア,A,9,Zsa Zsa Zsu Studio,〒112-0014 東京都文京区関口１丁目６-９ 川田ビル 1階,0,,江戸川橋駅,184.0,33,駅近500m以内 | 複数記事候補 | primary_area=後楽園
後楽園のレンタルダンススタジオおすすめ,エリア,A,10,ソニズダンススタジオ茗荷谷店,〒112-0006 東京都文京区小日向４丁目６-１９ 共立会館ビル B1階,0,,茗荷谷駅,42.0,31,駅近500m以内 | 複数記事候補 | primary_area=後楽園
後楽園のレンタルダンススタジオおすすめ,エリア,A,11,茗荷谷ダンスプラザ,〒112-0002 東京都文京区小石川５丁目２-２ わかさビルB1,0,,茗荷谷駅,274.0,31,駅近500m以内 | 複数記事候補 | primary_area=後楽園
後楽園のレンタルダンススタジオおすすめ,エリア,A,12,D→TA (ディータ),〒112-0001 東京都文京区白山５丁目３３-１４ 2階,0,,白山駅,150.0,31,駅近500m以内 | 複数記事候補 | primary_area=後楽園
後楽園のレンタルダンススタジオおすすめ,エリア,A,13,水道橋ダンススタジオ,〒101-0061 東京都千代田区神田三崎町３丁目４-４ グラン水道橋,0,,水道橋駅,168.0,31,駅近500m以内 | 複数記事候補 | tag/station:後楽園
後楽園のレンタルダンススタジオおすすめ,エリア,A,14,スタジオ・マンサナ,〒112-0002 東京都文京区小石川２丁目３-２１,0,,後楽園駅,148.0,31,駅近500m以内 | 複数記事候補 | primary_area=後楽園
後楽園のレンタルダンススタジオおすすめ,エリア,A,15,リアクション2MANA,〒113-0033 東京都文京区本郷２丁目３６-２ 地下1階,0,,本郷三丁目駅,283.0,31,駅近500m以内 | 複数記事候補 | primary_area=後楽園
成増のレンタルダンススタジオおすすめ,エリア,A,1,カルサロ レンタルスタジオサロン,〒179-0073 東京都練馬区田柄２丁目３２-２３ アネックスミスズ ２F,0,,地下鉄赤塚駅,216.0,33,駅近500m以内 | 複数記事候補 | tag/station:成増
成増のレンタルダンススタジオおすすめ,エリア,A,2,ケアリノフラスタジオ,〒179-0081 東京都練馬区北町８丁目３６-２,0,,地下鉄赤塚駅,339.0,33,駅近500m以内 | 複数記事候補 | tag/station:成増
成増のレンタルダンススタジオおすすめ,エリア,A,3,城北公園前レンタルスタジオ,〒174-0043 東京都板橋区坂下２丁目３１-５ ２F,0,,蓮根駅,255.0,31,駅近500m以内 | 複数記事候補 | primary_area=成増
成増のレンタルダンススタジオおすすめ,エリア,A,4,K-Dance Style【ケイ-ダンス スタイル】,〒174-0076 東京都板橋区上板橋２丁目８-２ WBD上板橋第3 B004,0,,上板橋駅,284.0,31,駅近500m以内 | 複数記事候補 | primary_area=成増
成増のレンタルダンススタジオおすすめ,エリア,A,5,dance studio GROOVY ダンス＆ヨガ,"いづみ屋ビル 4階, ２丁目-２０-２ 成増 板橋区 東京都 175-0094",0,,地下鉄成増駅,130.0,31,駅近500m以内 | 複数記事候補 | primary_area=成増
成増のレンタルダンススタジオおすすめ,エリア,A,6,Legato HALL,〒175-0082 東京都板橋区高島平８丁目６-６ ２階,0,,高島平駅,159.0,31,駅近500m以内 | 複数記事候補 | primary_area=成増
成増のレンタルダンススタジオおすすめ,エリア,A,7,ハウススタジオ プラネアールときわ台スタジオ,〒174-0071 東京都板橋区常盤台２丁目９-５,0,,ときわ台駅,159.0,31,駅近500m以内 | 複数記事候補 | primary_area=成増
成増のレンタルダンススタジオおすすめ,エリア,A,8,サイスタジオ小茂根,〒173-0037 東京都板橋区小茂根１丁目９-５ サイスタジオ小茂根 2F,0,,小竹向原駅,127.0,31,駅近500m以内 | 複数記事候補 | primary_area=成増
成増のレンタルダンススタジオおすすめ,エリア,A,9,サイスタジオ,〒173-0014 東京都板橋区大山東町１９-１ FM10ラ･アクシオンビル4階,0,,大山駅,146.0,31,駅近500m以内 | 複数記事候補 | primary_area=成増
成増のレンタルダンススタジオおすすめ,エリア,A,10,多目的貸スタジオ-TSスタジオ,〒174-0056 東京都板橋区志村３丁目１７-２ TSビル 4階,0,,志村三丁目駅,267.0,31,駅近500m以内 | 複数記事候補 | primary_area=成増
成増のレンタルダンススタジオおすすめ,エリア,A,11,スイープスタジオ,〒173-0004 東京都板橋区板橋２丁目６１-４ 板橋マリオン B1,0,,板橋区役所前駅,139.0,27,駅近500m以内 | 複数記事候補 | primary_area=成増
成増のレンタルダンススタジオおすすめ,エリア,A,12,Be Rise Dance Studio,〒174-0056 東京都板橋区志村１丁目３２-３０ 山和建物 1階,0,,志村坂上駅,349.0,27,駅近500m以内 | 複数記事候補 | primary_area=成増
成増のレンタルダンススタジオおすすめ,エリア,A,13,swing swing,〒173-0004 東京都板橋区板橋１丁目３６-６,0,,下板橋駅,252.0,27,駅近500m以内 | 複数記事候補 | primary_area=成増
成増のレンタルダンススタジオおすすめ,エリア,A,14,マリーコンツェルト,〒173-0016 東京都板橋区中板橋１８-１１,0,,中板橋駅,184.0,27,駅近500m以内 | 複数記事候補 | primary_area=成増
成増のレンタルダンススタジオおすすめ,エリア,A,15,スタジオBOS,〒174-0065 東京都板橋区若木１丁目２６-９,0,,東武練馬駅,787.0,22,駅近1000m以内 | 複数記事候補 | primary_area=成増
町田のレンタルダンススタジオおすすめ,エリア,A,1,レンタルスタジオ STUDIO ZERO 町田ターミナル口店,〒194-0013 東京都町田市原町田４丁目７-３ 内藤ビル 地下1階B5号室,0,,町田駅,265.0,33,駅近500m以内 | 複数記事候補 | primary_area=町田
町田のレンタルダンススタジオおすすめ,エリア,A,2,ボイトレ＆ダンスの NAYUTAS（ナユタス）町田校,〒194-0022 東京都町田市森野１丁目１４-９ ＭＫビル 森野2F,0,,町田駅,352.0,33,駅近500m以内 | 複数記事候補 | primary_area=町田
町田のレンタルダンススタジオおすすめ,エリア,A,3,クラウドナインスタジオ 町田店,〒194-0013 東京都町田市原町田４丁目１１-１４ コロンブスビル 6F,0,,町田駅,213.0,33,駅近500m以内 | 複数記事候補 | primary_area=町田
町田のレンタルダンススタジオおすすめ,エリア,A,4,YOKOTA BASE STUDIO,〒194-0013 東京都町田市原町田１丁目６-２４ 田島第二ビル,0,,町田駅,257.0,33,駅近500m以内 | 複数記事候補 | primary_area=町田
町田のレンタルダンススタジオおすすめ,エリア,A,5,マウリ・ナニスタジオ,〒194-0004 東京都町田市鶴間１丁目１８-１ ドルフ南町田101,0,,南町田グランベリーパーク駅,347.0,31,駅近500m以内 | 複数記事候補 | primary_area=町田
町田のレンタルダンススタジオおすすめ,エリア,A,6,スタジオSOPIC,〒194-0045 東京都町田市南成瀬１丁目2-１,0,,成瀬駅,95.0,31,駅近500m以内 | 複数記事候補 | primary_area=町田
町田のレンタルダンススタジオおすすめ,エリア,A,7,スタジオクレイン鶴川,〒195-0053 東京都町田市能ヶ谷２丁目１２,0,,鶴川駅,167.0,27,駅近500m以内 | 複数記事候補 | primary_area=町田
町田のレンタルダンススタジオおすすめ,エリア,A,8,Caribbean explosion,〒194-0012 東京都町田市金森１丁目３-１ Hamanoya 202,0,,町田駅,991.0,24,駅近1000m以内 | 複数記事候補 | primary_area=町田
町田のレンタルダンススタジオおすすめ,エリア,A,9,Funky Gang Dance Studio,〒194-0022 東京都町田市森野１丁目９-１７ B1,0,,町田駅,566.0,20,駅近1000m以内 | 複数記事候補 | primary_area=町田
町田のレンタルダンススタジオおすすめ,エリア,A,10,レンタルスタジオ マイレッスン 町田スタジオ2号,〒194-0021 東京都町田市中町１丁目１５-１１,0,,町田駅,541.0,20,駅近1000m以内 | 複数記事候補 | primary_area=町田
町田のレンタルダンススタジオおすすめ,エリア,A,11,スタジオK,〒195-0064 東京都町田市小野路町２０７３-３,0,,なし,,14,複数記事候補 | primary_area=町田
町田のレンタルダンススタジオおすすめ,エリア,A,12,シバヨガ鶴川スタジオ,〒195-0061 東京都町田市 鶴川２－１４－１５ ２F,0,,鶴川駅,1402.0,14,複数記事候補 | primary_area=町田
練馬のレンタルダンススタジオおすすめ,エリア,A,1,カルサロ レンタルスタジオサロン,〒179-0073 東京都練馬区田柄２丁目３２-２３ アネックスミスズ ２F,0,,地下鉄赤塚駅,216.0,33,駅近500m以内 | 複数記事候補 | primary_area=練馬
練馬のレンタルダンススタジオおすすめ,エリア,A,2,ケアリノフラスタジオ,〒179-0081 東京都練馬区北町８丁目３６-２,0,,地下鉄赤塚駅,339.0,33,駅近500m以内 | 複数記事候補 | primary_area=練馬
練馬のレンタルダンススタジオおすすめ,エリア,A,3,レキップバレエスタジオ,〒178-0063 東京都練馬区東大泉１丁目３７-５,0,,大泉学園駅,107.0,33,駅近500m以内 | 複数記事候補 | primary_area=練馬
練馬のレンタルダンススタジオおすすめ,エリア,A,4,大泉学園ノートル,"練馬区東大泉６丁目ー３４－４５ SKビルⅡ ２階 ３４, ３４ 練馬区 東京都 178-0063",0,,大泉学園駅,159.0,33,駅近500m以内 | 複数記事候補 | primary_area=練馬
練馬のレンタルダンススタジオおすすめ,エリア,A,5,レンタルスタジオ ふわり,〒176-0006 東京都練馬区栄町１５-５ 小林ビル Ａ号室,0,,新桜台駅,354.0,31,駅近500m以内 | 複数記事候補 | primary_area=練馬
練馬のレンタルダンススタジオおすすめ,エリア,A,6,studio fusion レンタルスタジオ,〒176-0001 東京都練馬区練馬１丁目２０-３ Nビル 2F,0,,練馬駅,186.0,31,駅近500m以内 | 複数記事候補 | primary_area=練馬
練馬のレンタルダンススタジオおすすめ,エリア,A,7,リアクション2はなれ,〒179-0084 東京都練馬区氷川台３丁目２４-１５ 石野ＮＴビル 地下1F,0,,氷川台駅,367.0,31,駅近500m以内 | 複数記事候補 | primary_area=練馬
練馬のレンタルダンススタジオおすすめ,エリア,A,8,スポーツクラブ ルネサンス 富士見台24,〒176-0021 東京都練馬区貫井３丁目１２-３３,0,,富士見台駅,192.0,31,駅近500m以内 | 複数記事候補 | primary_area=練馬
練馬のレンタルダンススタジオおすすめ,エリア,A,9,えこてんハウススタジオ,〒176-0005 東京都練馬区旭丘１丁目７６-１０ 相枝ビル ４F,0,,江古田駅,61.0,31,駅近500m以内 | 複数記事候補 | primary_area=練馬
練馬のレンタルダンススタジオおすすめ,エリア,A,10,mikaバレエスタジオ,〒176-0011 東京都練馬区豊玉上２丁目２０-４ 石原ビル,0,,桜台駅,176.0,31,駅近500m以内 | 複数記事候補 | primary_area=練馬
練馬のレンタルダンススタジオおすすめ,エリア,A,11,StudioNEXUS武蔵関校,〒177-0051 東京都練馬区関町北２丁目２２-１３ シャトーセキ B1,0,,武蔵関駅,181.0,31,駅近500m以内 | 複数記事候補 | primary_area=練馬
練馬のレンタルダンススタジオおすすめ,エリア,A,12,スタジオメッセ,〒176-0001 東京都練馬区練馬４丁目１９ １F メッセ豊島園２号館,0,,豊島園駅,225.0,27,駅近500m以内 | 複数記事候補 | primary_area=練馬
練馬のレンタルダンススタジオおすすめ,エリア,A,13,レンタルスタジオ ワンデースタジオ,〒178-0065 東京都練馬区西大泉１ リバーサイド本橋 Ｂ１Ｆ,0,,大泉学園駅,549.0,24,駅近1000m以内 | 複数記事候補 | primary_area=練馬
練馬のレンタルダンススタジオおすすめ,エリア,A,14,練馬 RB レンタルスタジオ,〒176-0023 東京都練馬区中村北１丁目５-９ 第二永崎ビル 4階,0,,練馬駅,513.0,22,駅近1000m以内 | 複数記事候補 | primary_area=練馬
練馬のレンタルダンススタジオおすすめ,エリア,A,15,STRADA STUDIO,〒179-0071 東京都練馬区旭町１丁目８-１ ３F,0,,光が丘駅,873.0,22,駅近1000m以内 | 複数記事候補 | primary_area=練馬
蒲田のレンタルダンススタジオおすすめ,エリア,A,1,蒲田COZYレンタルダンススタジオ,〒144-0052 東京都大田区蒲田５丁目６-１２ イワシタビル 2F,0,,蒲田駅,257.0,33,駅近500m以内 | 複数記事候補 | primary_area=蒲田
蒲田のレンタルダンススタジオおすすめ,エリア,A,2,レンタルスタジオ,〒145-0064 東京都大田区上池台１丁目１６-７,0,,長原駅,91.0,33,駅近500m以内 | 複数記事候補 | primary_area=蒲田
蒲田のレンタルダンススタジオおすすめ,エリア,A,3,蒲田・矢口渡レンタルスタジオ momobana,〒146-0095 東京都大田区多摩川１丁目１８-１ 2階,0,,矢口渡駅,308.0,31,駅近500m以内 | 複数記事候補 | primary_area=蒲田
蒲田のレンタルダンススタジオおすすめ,エリア,A,4,レンタルスタジオ N.studio,〒146-0091 東京都大田区鵜の木２丁目５-１ イーグル鵜の木,0,,鵜の木駅,53.0,31,駅近500m以内 | 複数記事候補 | primary_area=蒲田
蒲田のレンタルダンススタジオおすすめ,エリア,A,5,レンタルスタジオ D-Base 大岡山店,〒145-0063 東京都大田区南千束３丁目１-１５ プラシス大岡山 地下1階,0,,大岡山駅,355.0,31,駅近500m以内 | 複数記事候補 | primary_area=蒲田
蒲田のレンタルダンススタジオおすすめ,エリア,A,6,レンタルスタジオCLI CLI,〒145-0064 東京都大田区上池台１丁目１-１,0,,長原駅,113.0,31,駅近500m以内 | 複数記事候補 | primary_area=蒲田
蒲田のレンタルダンススタジオおすすめ,エリア,A,7,REDEIC DANCE STUDIO,〒146-0092 東京都大田区下丸子３丁目２５-５,0,,下丸子駅,334.0,31,駅近500m以内 | 複数記事候補 | primary_area=蒲田
蒲田のレンタルダンススタジオおすすめ,エリア,A,8,佐々木隆子タップダンススタジオ（蒲田本部スタジオ）,〒144-0035 東京都大田区南蒲田３丁目８-３０,0,,糀谷駅,402.0,31,駅近500m以内 | 複数記事候補 | primary_area=蒲田
蒲田のレンタルダンススタジオおすすめ,エリア,A,9,JOYFIT24 石川台,〒145-0065 東京都大田区東雪谷２丁目５-１ 1F・2F エンゼルハイム東雪谷,0,,石川台駅,133.0,31,駅近500m以内 | 複数記事候補 | primary_area=蒲田
蒲田のレンタルダンススタジオおすすめ,エリア,A,10,New York yuka's Dance Center,〒146-0084 東京都大田区南久が原２丁目１１-８,0,,久が原駅,108.0,31,駅近500m以内 | 複数記事候補 | primary_area=蒲田
蒲田のレンタルダンススタジオおすすめ,エリア,A,11,Studio Leaf,〒144-0047 東京都大田区萩中１丁目４-１２-３０１,0,,糀谷駅,406.0,31,駅近500m以内 | 複数記事候補 | primary_area=蒲田
蒲田のレンタルダンススタジオおすすめ,エリア,A,12,コンバレエスタジオ Kon Ballet Studio 糀谷店,〒144-0035 東京都大田区南蒲田３丁目１３-１２ キザキビル2F.3F,0,,糀谷駅,228.0,31,駅近500m以内 | 複数記事候補 | primary_area=蒲田
蒲田のレンタルダンススタジオおすすめ,エリア,A,13,望月愛生バレエスタジオ,〒146-0084 東京都大田区南久が原２丁目７-６ 横川ビル 1階,0,,久が原駅,44.0,31,駅近500m以内 | 複数記事候補 | primary_area=蒲田
蒲田のレンタルダンススタジオおすすめ,エリア,A,14,スタジオジパング 池上スタジオSTANDARD,〒146-0082 東京都大田区池上６丁目５-１４ プレゼンス池上 地下1階,0,,池上駅,162.0,31,駅近500m以内 | 複数記事候補 | primary_area=蒲田
蒲田のレンタルダンススタジオおすすめ,エリア,A,15,東急スポーツオアシス雪谷24Plus,〒145-0073 東京都大田区北嶺町４３-１８,0,,御嶽山駅,410.0,31,駅近500m以内 | 複数記事候補 | primary_area=蒲田
西葛西のレンタルダンススタジオおすすめ,エリア,A,1,Dubway レンタルスタジオ小岩,東京都江戸川区北小岩1-3-4 102,1,https://dance-studio-lab.com/room/ZmU2YzI4MzYtZGY2ZC00YmZkLWI5MWItZDg0OTdkOTdmOGI5/detail,小岩駅,488.0,133,提携 | 駅近500m以内 | 複数記事候補 | primary_area=西葛西
西葛西のレンタルダンススタジオおすすめ,エリア,A,2,レンタルスタジオ葛西,〒134-0084 東京都江戸川区東葛西５丁目１-１４-２０２,0,,葛西駅,100.0,33,駅近500m以内 | 複数記事候補 | primary_area=西葛西
西葛西のレンタルダンススタジオおすすめ,エリア,A,3,Lanikai Dance Studio,〒134-0083 東京都江戸川区中葛西５丁目２０-１９ ローヤルマンション葛西 1階,0,,葛西駅,234.0,33,駅近500m以内 | 複数記事候補 | primary_area=西葛西
西葛西のレンタルダンススタジオおすすめ,エリア,A,4,舞空間ばくdance studio,〒134-0083 東京都江戸川区中葛西中葛西５丁目３４-７ 昭 産 ビル ７F,0,,葛西駅,70.0,33,駅近500m以内 | 複数記事候補 | primary_area=西葛西
西葛西のレンタルダンススタジオおすすめ,エリア,A,5,ダンススクエア 葛西スタジオ,〒134-0084 東京都江戸川区東葛西６丁目２-１０ 森ビル 7階,0,,葛西駅,134.0,33,駅近500m以内 | 複数記事候補 | primary_area=西葛西
西葛西のレンタルダンススタジオおすすめ,エリア,A,6,西葛西ダンススタジオ mind-blowing,〒134-0088 東京都江戸川区西葛西５丁目６-２０ 小山ビル 4階,0,,西葛西駅,140.0,31,駅近500m以内 | 複数記事候補 | primary_area=西葛西
西葛西のレンタルダンススタジオおすすめ,エリア,A,7,STUDIO+DINING TREE,〒132-0024 東京都江戸川区一之江４丁目２-２５,0,,一之江駅,393.0,31,駅近500m以内 | 複数記事候補 | primary_area=西葛西
西葛西のレンタルダンススタジオおすすめ,エリア,A,8,江戸川区キッズアクション,〒133-0051 東京都江戸川区北小岩１丁目１７-１ 小岩アーバンプラザ,0,,江戸川駅,389.0,31,駅近500m以内 | 複数記事候補 | primary_area=西葛西
西葛西のレンタルダンススタジオおすすめ,エリア,A,9,フレックススタイル 船堀校,〒134-0091 東京都江戸川区船堀２丁目２３-２４,0,,船堀駅,192.0,31,駅近500m以内 | 複数記事候補 | primary_area=西葛西
西葛西のレンタルダンススタジオおすすめ,エリア,A,10,Tダンスプロダクション,〒132-0033 東京都江戸川区東小松川４丁目４３-１８,0,,船堀駅,323.0,31,駅近500m以内 | 複数記事候補 | primary_area=西葛西
西葛西のレンタルダンススタジオおすすめ,エリア,A,11,スタジオレブローテ,〒133-0052 東京都江戸川区東小岩５丁目４-１４ 小岩セントラルビル,0,,小岩駅,367.0,29,駅近500m以内 | 複数記事候補 | primary_area=西葛西
西葛西のレンタルダンススタジオおすすめ,エリア,A,12,スタジオ・エルカミーノ,〒133-0057 東京都江戸川区西小岩１丁目１９-３２,0,,小岩駅,194.0,29,駅近500m以内 | 複数記事候補 | primary_area=西葛西
西葛西のレンタルダンススタジオおすすめ,エリア,A,13,スタジオＤＤＦ,〒134-0088 東京都江戸川区西葛西５丁目５-１５,0,,西葛西駅,146.0,27,駅近500m以内 | 複数記事候補 | primary_area=西葛西
西葛西のレンタルダンススタジオおすすめ,エリア,A,14,Ｍ＆Ｓダンススタジオ 西葛西スタジオ,〒134-0088 東京都江戸川区西葛西３丁目２-１５ 三谷ビル,0,,西葛西駅,329.0,27,駅近500m以内 | 複数記事候補 | primary_area=西葛西
西葛西のレンタルダンススタジオおすすめ,エリア,A,15,バレエスタジオ ピアチェーレ,〒134-0085 東京都江戸川区南葛西１丁目１４-１３ シティパレス南葛西 302,0,,葛西駅,991.0,24,駅近1000m以内 | 複数記事候補 | primary_area=西葛西
調布のレンタルダンススタジオおすすめ,エリア,A,1,スタジオ白猫屋 調布店,〒182-0021 東京都調布市調布ケ丘１丁目34-５ 調布タカラビル 3階,0,,調布駅,415.0,33,駅近500m以内 | 複数記事候補 | primary_area=調布
調布のレンタルダンススタジオおすすめ,エリア,A,2,仙川 スタジオ 舞仙 レンタルダンススタジオ,〒182-0002 東京都調布市仙川町１丁目１８-２５ 第一富沢ビル 3F,0,,仙川駅,52.0,31,駅近500m以内 | 複数記事候補 | primary_area=調布
調布のレンタルダンススタジオおすすめ,エリア,A,3,YR CLUB HOUSE 国領店,〒182-0022 東京都調布市国領町３丁目１０-４,0,,国領駅,89.0,31,駅近500m以内 | 複数記事候補 | primary_area=調布
調布のレンタルダンススタジオおすすめ,エリア,A,4,加藤みや子ダンススペース ANNEX SENGAWA-FACTORY,〒182-0002 東京都調布市仙川町２丁目１８-２１,0,,仙川駅,271.0,31,駅近500m以内 | 複数記事候補 | primary_area=調布
調布のレンタルダンススタジオおすすめ,エリア,A,5,スタジオ川口,〒182-0024 東京都調布市布田１丁目29-２ B1,0,,調布駅,200.0,29,駅近500m以内 | 複数記事候補 | primary_area=調布
調布のレンタルダンススタジオおすすめ,エリア,A,6,K2studio,〒182-0002 東京都調布市仙川町１丁目２７-２４,0,,仙川駅,145.0,27,駅近500m以内 | 複数記事候補 | primary_area=調布
調布のレンタルダンススタジオおすすめ,エリア,A,7,J.K.キューブ101スタジオエチュード,〒182-0007 東京都調布市菊野台１丁目２０-５,0,,柴崎駅,190.0,27,駅近500m以内 | 複数記事候補 | primary_area=調布
調布のレンタルダンススタジオおすすめ,エリア,A,8,MDL Studio (防音スタジオ),〒182-0021 東京都調布市調布ケ丘３丁目６９-２,0,,調布駅,1165.0,18,複数記事候補 | primary_area=調布
調布のレンタルダンススタジオおすすめ,エリア,A,9,ソードミュージック多目的スタジオ,〒182-0015 東京都調布市八雲台２丁目１-１０,0,,調布駅,1056.0,16,複数記事候補 | primary_area=調布
調布のレンタルダンススタジオおすすめ,エリア,A,10,フィットネス カルチャー＆アート テラ Terra,〒182-0025 東京都調布市多摩川５丁目７-６ 第３コーポ渡辺 2階,0,,調布駅,1045.0,16,複数記事候補 | primary_area=調布
調布のレンタルダンススタジオおすすめ,エリア,A,11,Gloire Ballet Studio,〒182-0022 東京都調布市国領町４丁目9-４ 九曜国領駅前ビル 4F,0,,調布駅,1180.0,14,複数記事候補 | primary_area=調布
調布のレンタルダンススタジオおすすめ,エリア,A,12,Fali studio ファリ レンタルスペース,〒182-0012 東京都調布市深大寺東町６丁目28-２,0,,なし,,10,primary_area=調布
豊洲のレンタルダンススタジオおすすめ,エリア,A,1,Ballet & Dance DUE,〒136-0071 東京都江東区亀戸７丁目４３-５ 小林ビル,0,,亀戸水神駅,405.0,33,駅近500m以内 | 複数記事候補 | primary_area=豊洲
豊洲のレンタルダンススタジオおすすめ,エリア,A,2,studio WILDKIDS 亀戸駅前校 SOLstudio,〒136-0071 東京都江東区亀戸６丁目５６-４ 1階店舗,0,,亀戸駅,370.0,33,駅近500m以内 | 複数記事候補 | primary_area=豊洲
豊洲のレンタルダンススタジオおすすめ,エリア,A,3,StudioENTRADA森下,〒135-0004 東京都江東区森下３丁目８-７ カーム落合 1F,0,,森下駅,372.0,33,駅近500m以内 | 複数記事候補 | primary_area=豊洲
豊洲のレンタルダンススタジオおすすめ,エリア,A,4,studio WILDKIDS 亀戸水神駅前校 CIERO studio,〒136-0071 東京都江東区亀戸８丁目１４-１１ 1階店舗,0,,亀戸水神駅,48.0,33,駅近500m以内 | 複数記事候補 | primary_area=豊洲
豊洲のレンタルダンススタジオおすすめ,エリア,A,5,明治座森下スタジオ,〒135-0004 東京都江東区森下３丁目６-５,0,,森下駅,307.0,33,駅近500m以内 | 複数記事候補 | primary_area=豊洲
豊洲のレンタルダンススタジオおすすめ,エリア,A,6,体幹・柔軟性強化&ポールダンス スタジオWeBA（ウィーバ）,〒136-0072 東京都江東区大島５丁目２７-１,0,,大島駅,413.0,31,駅近500m以内 | 複数記事候補 | primary_area=豊洲
豊洲のレンタルダンススタジオおすすめ,エリア,A,7,レンタルスタジオ シンデレラドリーム,〒136-0076 東京都江東区南砂２丁目１-８ フッコウビル ４F,0,,東陽町駅,264.0,31,駅近500m以内 | 複数記事候補 | primary_area=豊洲
豊洲のレンタルダンススタジオおすすめ,エリア,A,8,Starbox,〒135-0016 東京都江東区東陽３丁目２１-１３,0,,木場駅,410.0,31,駅近500m以内 | 複数記事候補 | primary_area=豊洲
豊洲のレンタルダンススタジオおすすめ,エリア,A,9,SIM STUDIOお台場,〒135-0062 東京都江東区東雲２丁目１４-３５,0,,東雲駅,493.0,31,駅近500m以内 | 複数記事候補 | primary_area=豊洲
豊洲のレンタルダンススタジオおすすめ,エリア,A,10,F1 STUDIO,〒136-0082 東京都江東区新木場１丁目３-１３,0,,新木場駅,259.0,31,駅近500m以内 | 複数記事候補 | primary_area=豊洲
豊洲のレンタルダンススタジオおすすめ,エリア,A,11,SWITCH STAND ODAIBA,"〒135-0064 東京都江東区青海２丁目７-４, The Soho, 1F",0,,テレコムセンター駅,396.0,31,駅近500m以内 | 複数記事候補 | primary_area=豊洲
豊洲のレンタルダンススタジオおすすめ,エリア,A,12,森下スタジオ,〒135-0004 東京都江東区森下３丁目５-６,0,,森下駅,269.0,29,駅近500m以内 | 複数記事候補 | primary_area=豊洲
豊洲のレンタルダンススタジオおすすめ,エリア,A,13,HYPERMIX門前仲町,〒135-0048 東京都江東区門前仲町１丁目１３-１２,0,,門前仲町駅,160.0,27,駅近500m以内 | 複数記事候補 | primary_area=豊洲
豊洲のレンタルダンススタジオおすすめ,エリア,A,14,青海R地区,〒135-0064 東京都江東区青海１丁目１ R地区,0,,青海駅,376.0,27,駅近500m以内 | 複数記事候補 | primary_area=豊洲
豊洲のレンタルダンススタジオおすすめ,エリア,A,15,#ERROR!,〒136-0075 東京都江東区新砂３丁目４-３１ ＳＵＮＡＭＯ4Ｆ 南砂町ショッピングセンタ,0,,南砂町駅,599.0,22,駅近1000m以内 | 複数記事候補 | primary_area=豊洲
赤羽のレンタルダンススタジオおすすめ,エリア,A,1,レンタルスタジオ池袋・駒込マイックル,〒114-0015 東京都北区中里２丁目１３-６,0,,駒込駅,334.0,33,駅近500m以内 | 複数記事候補 | primary_area=赤羽
赤羽のレンタルダンススタジオおすすめ,エリア,A,2,ART GROOVE,〒114-0015 東京都北区中里２丁目５-８ レイハウス駒込 302,0,,駒込駅,306.0,33,駅近500m以内 | 複数記事候補 | primary_area=赤羽
赤羽のレンタルダンススタジオおすすめ,エリア,A,3,スタジオアンダンティーノ,〒114-0014 東京都北区田端５丁目１-１２,0,,田端駅,152.0,33,駅近500m以内 | 複数記事候補 | primary_area=赤羽
赤羽のレンタルダンススタジオおすすめ,エリア,A,4,Studio Face東十条店 ダンスも会議もできるレンタルスタジオ,〒114-0001 東京都北区東十条３丁目１４-１３ ジョイフルプラザ３ 3階,0,,東十条駅,370.0,31,駅近500m以内 | 複数記事候補 | primary_area=赤羽
赤羽のレンタルダンススタジオおすすめ,エリア,A,5,SKYレンタルダンススタジオ,〒530-0028 大阪府大阪市北区万歳町３-４１ ホワイトコーポラス 104,0,,中崎町駅,210.0,31,駅近500m以内 | 複数記事候補 | primary_area=赤羽
赤羽のレンタルダンススタジオおすすめ,エリア,A,6,レンタルスタジオ Studio One,〒114-0031 東京都北区十条仲原１丁目８-２６ 清水ビル,0,,十条駅,245.0,31,駅近500m以内 | 複数記事候補 | primary_area=赤羽
赤羽のレンタルダンススタジオおすすめ,エリア,A,7,王子飛鳥山レンタルスタジオ,〒114-0023 東京都北区滝野川１丁目４-１１ 滝野川1-4-11塚本ビル1階 塚本ビル,0,,王子駅,267.0,31,駅近500m以内 | 複数記事候補 | primary_area=赤羽
赤羽のレンタルダンススタジオおすすめ,エリア,A,8,SPROUT DANCE STUDIO 梅田店,〒530-0026 大阪府大阪市北区神山町１-１５ ＴＲＵＳＴ ＢＵＩＬＤＩＮＧ 1 階,0,,扇町駅,428.0,31,駅近500m以内 | 複数記事候補 | primary_area=赤羽
赤羽のレンタルダンススタジオおすすめ,エリア,A,9,レンタルスタジオNSA 1号店,〒001-0014 北海道札幌市北区北１４条西１丁目２-５ 三晃ビル,0,,北１３条東駅,302.0,31,駅近500m以内 | 複数記事候補 | primary_area=赤羽
赤羽のレンタルダンススタジオおすすめ,エリア,A,10,monoダンススタジオ西巣鴨（レンタルスタジオ）,〒114-0023 東京都北区滝野川１丁目９３-５ コスモ西巣鴨 103,0,,西巣鴨駅,212.0,31,駅近500m以内 | 複数記事候補 | primary_area=赤羽
赤羽のレンタルダンススタジオおすすめ,エリア,A,11,Studio Face,〒114-0021 東京都北区岸町１丁目６-２０ 地下1階 レジェンド王子,0,,王子駅前駅,346.0,31,駅近500m以内 | 複数記事候補 | primary_area=赤羽
赤羽のレンタルダンススタジオおすすめ,エリア,A,12,CREO王子駅前｜ダンススタジオ｜レンタルスペース,〒114-0002 東京都北区王子１丁目２-１ 倉長ビル 402号室,0,,王子駅前駅,97.0,31,駅近500m以内 | 複数記事候補 | primary_area=赤羽
赤羽のレンタルダンススタジオおすすめ,エリア,A,13,シンフォニー,〒114-0001 東京都北区東十条２丁目４-１２ 金鈴ビル,0,,東十条駅,281.0,31,駅近500m以内 | 複数記事候補 | primary_area=赤羽
赤羽のレンタルダンススタジオおすすめ,エリア,A,14,ダンススタジオ・ミカ,"2階, ５丁目-１-３ 麻生町 北区 札幌市 北海道 001-0045",0,,麻生駅,149.0,31,駅近500m以内 | 複数記事候補 | primary_area=赤羽
赤羽のレンタルダンススタジオおすすめ,エリア,A,15,スタジオククナ,〒114-0032 東京都北区中十条２丁目９-１５ 地下１階 瀬武興業第一ビル,0,,東十条駅,200.0,31,駅近500m以内 | 複数記事候補 | primary_area=赤羽
錦糸町のレンタルダンススタジオおすすめ,エリア,A,1,studio_MINT 錦糸町,〒130-0012 東京都墨田区太平３丁目１-４,1,https://dance-studio-lab.com/room/ZDgyZDBlYjYtZWM1YS00MGNhLWI3YjEtZjRmNTEzZmU5NjE4/detail,錦糸町駅,356.0,135,提携 | 駅近500m以内 | 複数記事候補 | primary_area=錦糸町
錦糸町のレンタルダンススタジオおすすめ,エリア,A,2,SORAスタジオ3,〒131-0045 東京都墨田区押上１丁目２９-２ 3,0,,押上駅,468.0,33,駅近500m以内 | 複数記事候補 | primary_area=錦糸町
錦糸町のレンタルダンススタジオおすすめ,エリア,A,3,押上ＳＯＲＡスタジオ4,〒131-0045 東京都墨田区押上１丁目２８-４ 桐生ビル 1Ｆ,0,,押上駅,451.0,33,駅近500m以内 | 複数記事候補 | primary_area=錦糸町
錦糸町のレンタルダンススタジオおすすめ,エリア,A,4,押上SORAスタジオ2,〒131-0045 東京都墨田区押上１丁目２５-５ 西原ビル １階,0,,押上駅,389.0,33,駅近500m以内 | 複数記事候補 | primary_area=錦糸町
錦糸町のレンタルダンススタジオおすすめ,エリア,A,5,押上とうきょうスカイツリーSORAスタジオ,〒131-0045 東京都墨田区押上１丁目１３-１０ ２ 階,0,,押上駅,339.0,33,駅近500m以内 | 複数記事候補 | primary_area=錦糸町
錦糸町のレンタルダンススタジオおすすめ,エリア,A,6,studio WILDKIDS 亀戸水神駅前校 CIERO studio,〒136-0071 東京都江東区亀戸８丁目１４-１１ 1階店舗,0,,亀戸水神駅,48.0,33,駅近500m以内 | 複数記事候補 | tag/station:錦糸町
錦糸町のレンタルダンススタジオおすすめ,エリア,A,7,StudioENTRADA森下,〒135-0004 東京都江東区森下３丁目８-７ カーム落合 1F,0,,森下駅,372.0,33,駅近500m以内 | 複数記事候補 | tag/station:錦糸町
錦糸町のレンタルダンススタジオおすすめ,エリア,A,8,Ballet & Dance DUE,〒136-0071 東京都江東区亀戸７丁目４３-５ 小林ビル,0,,亀戸水神駅,405.0,33,駅近500m以内 | 複数記事候補 | tag/station:錦糸町
錦糸町のレンタルダンススタジオおすすめ,エリア,A,9,ロゼッタスタジオ錦糸町,〒130-0013 東京都墨田区錦糸２丁目１３-１ 堀越第一ビル 5F,0,,錦糸町駅,317.0,33,駅近500m以内 | 複数記事候補 | primary_area=錦糸町
錦糸町のレンタルダンススタジオおすすめ,エリア,A,10,studio WILDKIDS 亀戸駅前校 SOLstudio,〒136-0071 東京都江東区亀戸６丁目５６-４ 1階店舗,0,,亀戸駅,370.0,33,駅近500m以内 | 複数記事候補 | tag/station:錦糸町
錦糸町のレンタルダンススタジオおすすめ,エリア,A,11,明治座森下スタジオ,〒135-0004 東京都江東区森下３丁目６-５,0,,森下駅,307.0,33,駅近500m以内 | 複数記事候補 | tag/station:錦糸町
錦糸町のレンタルダンススタジオおすすめ,エリア,A,12,Studio ENTRADA森下ANNEX,〒130-0024 東京都墨田区菊川１丁目９-１４ ４F,0,,菊川駅,332.0,31,駅近500m以内 | 複数記事候補 | primary_area=錦糸町
錦糸町のレンタルダンススタジオおすすめ,エリア,A,13,森下スタジオ,〒135-0004 東京都江東区森下３丁目５-６,0,,森下駅,269.0,29,駅近500m以内 | 複数記事候補 | tag/station:錦糸町
錦糸町のレンタルダンススタジオおすすめ,エリア,A,14,RSC MASAMI STUDIO,〒130-0013 東京都墨田区錦糸３丁目１１-１ 興和2ビル 6F,0,,錦糸町駅,283.0,29,駅近500m以内 | 複数記事候補 | primary_area=錦糸町
錦糸町のレンタルダンススタジオおすすめ,エリア,A,15,ダンススペースオオヤ,〒130-0024 東京都墨田区菊川２丁目６-１４ マーベラスビル5F,0,,菊川駅,80.0,27,駅近500m以内 | 複数記事候補 | primary_area=錦糸町
国分寺のレンタルダンススタジオおすすめ,エリア,B,1,BUZZ レンタルスタジオ 西国分寺店,〒185-0024 東京都国分寺市泉町３丁目３７-２５ 天龍ビル B1,1,https://dance-studio-lab.com/room/ZDcyMzBmZWYtMzdiYS00YjY0LThmOGEtZDJjMzQxNTVlZDA2/detail,西国分寺駅,117.0,125,提携 | 駅近500m以内 | 複数記事候補 | primary_area=国分寺
国分寺のレンタルダンススタジオおすすめ,エリア,B,2,BUZZ レンタルスタジオ 国分寺店,〒185-0021 東京都国分寺市南町３丁目２７-７ 白馬ビル B1F,1,https://dance-studio-lab.com/room/ZjIzMWQ0ZjctM2ViOC00Yzg1LWExMzMtMGFkZDYwYzg1Mjhj/detail,国分寺駅,334.0,125,提携 | 駅近500m以内 | 複数記事候補 | primary_area=国分寺
国分寺のレンタルダンススタジオおすすめ,エリア,B,3,レンタルスタジオクラッセ国分寺,〒185-0021 東京都国分寺市南町３丁目１８-２ 川端ビル ４階A,0,,国分寺駅,179.0,23,駅近500m以内 | 複数記事候補 | primary_area=国分寺
国分寺のレンタルダンススタジオおすすめ,エリア,B,4,国分寺 プレイス レンタルスタジオ,〒185-0021 東京都国分寺市南町３丁目３-２０ ロイヤルプレイス南町 B1,0,,国分寺駅,404.0,23,駅近500m以内 | 複数記事候補 | primary_area=国分寺
国分寺のレンタルダンススタジオおすすめ,エリア,B,5,Studio EFU（スタジオ エフ）,〒185-0012 東京都国分寺市本町２丁目２-１１ 鳥越ビル Ｂ１,0,,国分寺駅,124.0,23,駅近500m以内 | 複数記事候補 | primary_area=国分寺
国分寺のレンタルダンススタジオおすすめ,エリア,B,6,Tap Dance Company Freiheit,〒185-0011 東京都国分寺市本多１丁目１-２０ Cross Stair B,0,,国分寺駅,413.0,23,駅近500m以内 | 複数記事候補 | primary_area=国分寺
国分寺のレンタルダンススタジオおすすめ,エリア,B,7,宮地楽器 国分寺センター,〒185-0021 東京都国分寺市南町３丁目１２-２ 国分寺宮地ビル,0,,国分寺駅,316.0,23,駅近500m以内 | 複数記事候補 | primary_area=国分寺
国分寺のレンタルダンススタジオおすすめ,エリア,B,8,Studio Landin' 国分寺校,〒185-0021 東京都国分寺市南町３丁目２２-３１ 島崎ビルB1F,0,,国分寺駅,254.0,19,駅近500m以内 | 複数記事候補 | primary_area=国分寺
国分寺のレンタルダンススタジオおすすめ,エリア,B,9,スタジオ ノバック,〒185-0021 東京都国分寺市南町２丁目１７-７ B.C.B TAKURA 3F,0,,国分寺駅,235.0,19,駅近500m以内 | 複数記事候補 | primary_area=国分寺
国分寺のレンタルダンススタジオおすすめ,エリア,B,10,スタジオＰＯＰ,〒185-0022 東京都国分寺市東元町２丁目２０-１１ アーバンコア,0,,国分寺駅,451.0,19,駅近500m以内 | 複数記事候補 | primary_area=国分寺
国分寺のレンタルダンススタジオおすすめ,エリア,B,11,スタジオベルゼ-Studio Verger-,〒185-0021 東京都国分寺市南町２丁目１３-５ 地下1F ベルゼ国分寺,0,,国分寺駅,318.0,19,駅近500m以内 | 複数記事候補 | primary_area=国分寺
多摩センターのレンタルダンススタジオおすすめ,エリア,B,1,キッズダンススタジオstudioCROSS（スタジオクロス）聖蹟桜ヶ丘クラス 多摩市 多摩カルチャーセンター,〒206-0011 東京都多摩市関戸４丁目73-１ よこくらビル 3階,0,,聖蹟桜ヶ丘駅,186.0,23,駅近500m以内 | 複数記事候補 | primary_area=多摩センター
多摩センターのレンタルダンススタジオおすすめ,エリア,B,2,スタジオ in フットサルステージ（多摩センター）,〒206-0033 東京都多摩市落合１丁目４７ ニューシティ多摩センタービル ８F,0,,小田急多摩センター駅,380.0,21,駅近500m以内 | 複数記事候補 | primary_area=多摩センター
多摩センターのレンタルダンススタジオおすすめ,エリア,B,3,CurioSpace多摩センター,〒206-0042 東京都多摩市山王下１丁目13-１２ パールプラザ 204号,0,,京王多摩センター駅,407.0,21,駅近500m以内 | 複数記事候補 | primary_area=多摩センター
多摩センターのレンタルダンススタジオおすすめ,エリア,B,4,Ballet Fl?gel バレエフリューゲル,〒206-0011 東京都多摩市関戸４丁目７３ ヴィータアネックスよこくらビル 3階,0,,聖蹟桜ヶ丘駅,181.0,19,駅近500m以内 | 複数記事候補 | primary_area=多摩センター
多摩センターのレンタルダンススタジオおすすめ,エリア,B,5,レンタルホールフレンド永山,〒206-0024 東京都多摩市諏訪２丁目１２-１２ アクロスビル 2階,0,,小田急永山駅,133.0,17,駅近500m以内 | 複数記事候補 | primary_area=多摩センター
多摩センターのレンタルダンススタジオおすすめ,エリア,B,6,ダンスレンタルスタジオ プラーナ,〒206-0011 東京都多摩市関戸２丁目３２-５ カネシロビルB1,0,,聖蹟桜ヶ丘駅,552.0,14,駅近1000m以内 | 複数記事候補 | primary_area=多摩センター
多摩センターのレンタルダンススタジオおすすめ,エリア,B,7,K DANCE STUDIO 1024,〒206-0002 東京都多摩市一ノ宮１丁目２５-２ ガーデンヒルズ聖蹟桜ヶ丘 1F,0,,聖蹟桜ヶ丘駅,614.0,14,駅近1000m以内 | 複数記事候補 | primary_area=多摩センター
多摩センターのレンタルダンススタジオおすすめ,エリア,B,8,Clover 26,〒206-0033 東京都多摩市落合２丁目３３ 2階,0,,小田急多摩センター駅,566.0,12,駅近1000m以内 | 複数記事候補 | primary_area=多摩センター
多摩センターのレンタルダンススタジオおすすめ,エリア,B,9,バレエアトリエ クレール,〒206-0034 東京都多摩市 鶴牧3-4 1C,0,,唐木田駅,746.0,12,駅近1000m以内 | 複数記事候補 | primary_area=多摩センター
小平のレンタルダンススタジオおすすめ,エリア,B,1,レンタルスタジオ/ステップ東村山１号店,〒189-0013 東京都東村山市栄町１丁目３-３２ ビュー久米川 201号室,0,,久米川駅,123.0,23,駅近500m以内 | 複数記事候補 | tag/station:小平
小平のレンタルダンススタジオおすすめ,エリア,B,2,レンタルスタジオ/ステップ東村山２号店,〒189-0013 東京都東村山市栄町１丁目10-２３,0,,久米川駅,299.0,23,駅近500m以内 | 複数記事候補 | tag/station:小平
小平のレンタルダンススタジオおすすめ,エリア,B,3,ファーストクラブ,〒187-0043 東京都小平市学園東町１丁目７-４１-４,0,,一橋学園駅,242.0,21,駅近500m以内 | 複数記事候補 | primary_area=小平
小平のレンタルダンススタジオおすすめ,エリア,B,4,学園坂スタジオ,〒187-0043 東京都小平市学園東町７-７ 1-7-41 ナカムラ ビル 3F,0,,一橋学園駅,239.0,21,駅近500m以内 | 複数記事候補 | primary_area=小平
小平のレンタルダンススタジオおすすめ,エリア,B,5,かよバレエスタジオ,〒187-0002 東京都小平市花小金井１丁目１２-７,0,,花小金井駅,150.0,21,駅近500m以内 | 複数記事候補 | primary_area=小平
小平のレンタルダンススタジオおすすめ,エリア,B,6,カルチャースタジオ花,〒187-0003 東京都小平市花小金井南町１丁目１４-２４,0,,花小金井駅,361.0,17,駅近500m以内 | 複数記事候補 | primary_area=小平
小平のレンタルダンススタジオおすすめ,エリア,B,7,鏡陽司ダンススタジオ,〒187-0035 東京都小平市小川西町３丁目１９-１ ハイム?Ⅱビル １F,0,,小川駅,299.0,17,駅近500m以内 | 複数記事候補 | primary_area=小平
小平のレンタルダンススタジオおすすめ,エリア,B,8,STUDIO CHACHA,〒187-0035 東京都小平市小川西町４丁目１４-２２,0,,小川駅,133.0,17,駅近500m以内 | 複数記事候補 | primary_area=小平
小平のレンタルダンススタジオおすすめ,エリア,B,9,"学園坂スタジオ（E,Fスタジオ）",〒187-0045 東京都小平市学園西町２丁目１４-２０,0,,一橋学園駅,175.0,17,駅近500m以内 | 複数記事候補 | primary_area=小平
小平のレンタルダンススタジオおすすめ,エリア,B,10,レンタルスタジオ・Ｆ,〒187-0032 東京都小平市小川町１丁目８３８,0,,鷹の台駅,1115.0,0,primary_area=小平
府中のレンタルダンススタジオおすすめ,エリア,B,1,STUDIO ENOCH,〒183-0014 東京都府中市是政５丁目6-6 104,0,,是政駅,40.0,21,駅近500m以内 | 複数記事候補 | primary_area=府中
府中のレンタルダンススタジオおすすめ,エリア,B,2,ダンススタジオ ユー,〒183-0015 東京都府中市清水が丘１丁目１-３,0,,東府中駅,77.0,17,駅近500m以内 | 複数記事候補 | primary_area=府中
府中のレンタルダンススタジオおすすめ,エリア,B,3,ジムスタジオ IT'S MY TIME府中駅前店,〒183-0023 東京都府中市宮町１丁目23-３ 関口ビル 1階,0,,府中駅,505.0,14,駅近1000m以内 | 複数記事候補 | primary_area=府中
府中のレンタルダンススタジオおすすめ,エリア,B,4,Amiバレエダンスアーツ,〒183-0055 東京都府中市府中町２丁目２２-８,0,,府中駅,1042.0,0,primary_area=府中
府中のレンタルダンススタジオおすすめ,エリア,B,5,Amiバレエアート,"晴見町1-2-1 スミレビル2階, 府中市 東京都 183-0057",0,,府中駅,1078.0,0,primary_area=府中
新小岩のレンタルダンススタジオおすすめ,エリア,B,1,Studio Sun-Sea,〒124-0006 東京都葛飾区堀切４丁目１１-２ 堀学ビル 302号室,0,,堀切菖蒲園駅,89.0,23,駅近500m以内 | 複数記事候補 | primary_area=新小岩
新小岩のレンタルダンススタジオおすすめ,エリア,B,2,金町 レンタルスタジオ ダンスロッヂ,〒125-0042 東京都葛飾区金町６丁目１２-１３ セザール金町マンション １０１,0,,京成金町駅,350.0,21,駅近500m以内 | 複数記事候補 | primary_area=新小岩
新小岩のレンタルダンススタジオおすすめ,エリア,B,3,金町カフェレンタルスタジオ,〒125-0041 東京都葛飾区東金町１丁目３８-４ ニュー金町ビル ４F,0,,金町駅,175.0,21,駅近500m以内 | 複数記事候補 | primary_area=新小岩
新小岩のレンタルダンススタジオおすすめ,エリア,B,4,貸スペース 東京レンタルスタジオ,〒125-0061 東京都葛飾区亀有３丁目１３-２ 亀有鞠子ビル4階,0,,亀有駅,380.0,21,駅近500m以内 | 複数記事候補 | primary_area=新小岩
新小岩のレンタルダンススタジオおすすめ,エリア,B,5,Studio GENIE,〒124-0012 東京都葛飾区立石６丁目１-６,0,,京成立石駅,469.0,21,駅近500m以内 | 複数記事候補 | primary_area=新小岩
新小岩のレンタルダンススタジオおすすめ,エリア,B,6,スタジオリリオ＆カフェ,〒125-0061 東京都葛飾区２９ 亀有3-29-1リリオ弐番館B1,0,,亀有駅,142.0,21,駅近500m以内 | 複数記事候補 | primary_area=新小岩
新小岩のレンタルダンススタジオおすすめ,エリア,B,7,ダンスプレイスフェリーチェ (dance place FELICE),〒125-0041 東京都葛飾区東金町１丁目４２-１０ 東金町ビル ５階,0,,金町駅,110.0,21,駅近500m以内 | 複数記事候補 | primary_area=新小岩
新小岩のレンタルダンススタジオおすすめ,エリア,B,8,HIRAYAMA studio立石,〒124-0012 東京都葛飾区立石１丁目２２-７,0,,京成立石駅,96.0,17,駅近500m以内 | 複数記事候補 | primary_area=新小岩
新小岩のレンタルダンススタジオおすすめ,エリア,B,9,STUDIOフェーム,〒124-0024 東京都葛飾区新小岩１丁目４２-４ 明治屋ビル,0,,新小岩駅,154.0,17,駅近500m以内 | 複数記事候補 | primary_area=新小岩
新小岩のレンタルダンススタジオおすすめ,エリア,B,10,スマイルスタジオTAKANO,〒124-0011 東京都葛飾区四つ木１丁目４７-１５,0,,四ツ木駅,627.0,8,駅近1000m以内 | primary_area=新小岩
日暮里のレンタルダンススタジオおすすめ,エリア,B,1,日暮里リーダンススタジオ,東京都荒川区西日暮里2-29-6秋山ビル301,1,https://dance-studio-lab.com/room/MjAxNTcyNmItYmQ2Ny00MmEzLWIyNjktODFkZmYxNGJiOTVh/detail,日暮里駅,232.0,123,提携 | 駅近500m以内 | 複数記事候補 | primary_area=日暮里
日暮里のレンタルダンススタジオおすすめ,エリア,B,2,スタジオアンダンティーノ,〒114-0014 東京都北区田端５丁目１-１２,0,,田端駅,152.0,23,駅近500m以内 | 複数記事候補 | tag/station:日暮里
日暮里のレンタルダンススタジオおすすめ,エリア,B,3,スタジオWITHテライダンスカンパニー,〒116-0014 東京都荒川区東日暮里６丁目４５-３ ハイウエストビル3F ハイウエストビル,0,,日暮里駅,426.0,23,駅近500m以内 | 複数記事候補 | primary_area=日暮里
日暮里のレンタルダンススタジオおすすめ,エリア,B,4,KAJIWARA BALLET WORKS,〒116-0011 東京都荒川区西尾久５丁目２４-１０,0,,荒川遊園地前駅,161.0,21,駅近500m以内 | 複数記事候補 | primary_area=日暮里
日暮里のレンタルダンススタジオおすすめ,エリア,B,5,BUZZ レンタルスタジオ 日暮里店,〒116-0014 東京都荒川区東日暮里６丁目６０-９ 日暮里駅前ビル B1F,0,,日暮里駅,151.0,19,駅近500m以内 | 複数記事候補 | primary_area=日暮里
日暮里のレンタルダンススタジオおすすめ,エリア,B,6,BUZZ レンタルスタジオ 上野店,〒110-0003 東京都台東区根岸３丁目６-３ 小林ビル 地下1階,0,,上野駅,975.0,18,駅近1000m以内 | 複数記事候補 | tag/station:日暮里
日暮里のレンタルダンススタジオおすすめ,エリア,B,7,ミライスタジオ上野,〒110-0003 東京都台東区根岸１丁目５-１３,0,,日暮里駅,943.0,18,駅近1000m以内 | 複数記事候補 | tag/station:日暮里
日暮里のレンタルダンススタジオおすすめ,エリア,B,8,LIBRA SQUARE 三ノ輪スタジオ,〒116-0003 東京都荒川区南千住１丁目１５-４,0,,三ノ輪駅,307.0,17,駅近500m以内 | 複数記事候補 | primary_area=日暮里
日暮里のレンタルダンススタジオおすすめ,エリア,B,9,あおちゃんダンスコミュニケーション サルサダンス ブラジルダンス 認知症予防ダンス,〒110-0003 東京都台東区根岸２丁目１２-１１,0,,日暮里駅,726.0,16,駅近1000m以内 | 複数記事候補 | tag/station:日暮里
日暮里のレンタルダンススタジオおすすめ,エリア,B,10,スタジオよもだB館,〒110-0003 東京都台東区根岸２丁目１７-１,0,,日暮里駅,744.0,16,駅近1000m以内 | 複数記事候補 | tag/station:日暮里
日暮里のレンタルダンススタジオおすすめ,エリア,B,11,スタジオＲ,〒110-0001 東京都台東区谷中２丁目８-１２,0,,日暮里駅,757.0,16,駅近1000m以内 | 複数記事候補 | tag/station:日暮里
日暮里のレンタルダンススタジオおすすめ,エリア,B,12,スタジオよもだ A館,〒110-0003 東京都台東区１２ 根岸2丁目12-11 スタジオよもだ,0,,日暮里駅,722.0,16,駅近1000m以内 | 複数記事候補 | tag/station:日暮里
日暮里のレンタルダンススタジオおすすめ,エリア,B,13,BUZZ レンタルスタジオ 西日暮里店,〒116-0013 東京都荒川区西日暮里５丁目２４-２ Ｋ．Ｉビル 地下1階,0,,日暮里駅,595.0,14,駅近1000m以内 | 複数記事候補 | primary_area=日暮里
日暮里のレンタルダンススタジオおすすめ,エリア,B,14,I.G.Oスタジオ,"4F, ３丁目-５-１ 西日暮里 荒川区 東京都 116-0013",0,,日暮里駅,619.0,14,駅近1000m以内 | 複数記事候補 | primary_area=日暮里
日暮里のレンタルダンススタジオおすすめ,エリア,B,15,スタジオHIKARI 上野,〒110-0003 東京都台東区根岸１丁目１-１５ ルンビニフードカフェ鶯谷店 4階,0,,上野駅,822.0,14,駅近1000m以内 | 複数記事候補 | tag/station:日暮里
立川のレンタルダンススタジオおすすめ,エリア,B,1,U210 【立川レンタルダンススタジオ】,〒190-0022 東京都立川市錦町２丁目２-２８ ＹＳ立川第二ビル １階,0,,立川駅,406.0,23,駅近500m以内 | 複数記事候補 | primary_area=立川
立川のレンタルダンススタジオおすすめ,エリア,B,2,レンタルスタジオ マイレッスン 立川店,〒190-0023 東京都立川市柴崎町２丁目６-３ まるごビル,0,,立川駅,410.0,23,駅近500m以内 | 複数記事候補 | primary_area=立川
立川のレンタルダンススタジオおすすめ,エリア,B,3,レンタルスタジオreimei Tachikawa,〒190-0022 東京都立川市錦町２丁目１-３５ Ktd 錦町ビル 2F,0,,立川駅,279.0,23,駅近500m以内 | 複数記事候補 | primary_area=立川
立川のレンタルダンススタジオおすすめ,エリア,B,4,ベストスタジオ立川,〒190-0022 東京都立川市錦町２丁目１-１０ エリア立川 302号室,0,,立川駅,348.0,23,駅近500m以内 | 複数記事候補 | primary_area=立川
立川のレンタルダンススタジオおすすめ,エリア,B,5,山田誠ダンススタジオ,〒190-0012 東京都立川市曙町２丁目３２-２ 中山本社ビル,0,,立川駅,441.0,23,駅近500m以内 | 複数記事候補 | primary_area=立川
立川のレンタルダンススタジオおすすめ,エリア,B,6,スタジオ ランディン 立川校,〒190-0022 東京都立川市錦町２丁目２-５ アオイビル 2F,0,,立川駅,411.0,19,駅近500m以内 | 複数記事候補 | primary_area=立川
立川のレンタルダンススタジオおすすめ,エリア,B,7,レンタルスタジオ STUDIO ZERO 立川南口店,〒190-0023 東京都立川市柴崎町２丁目７-８ エクセル立川 B1F,0,,立川駅,501.0,14,駅近1000m以内 | 複数記事候補 | primary_area=立川
立川のレンタルダンススタジオおすすめ,エリア,B,8,レンタルスタジオ C-STUDIO,〒190-0022 東京都立川市錦町１丁目１０-２３ 光洋ビル 3F,0,,立川駅,635.0,14,駅近1000m以内 | 複数記事候補 | primary_area=立川
立川のレンタルダンススタジオおすすめ,エリア,B,9,スタジオ ACTY,〒190-0023 東京都立川市柴崎町３丁目１４-６,0,,立川駅,521.0,10,駅近1000m以内 | 複数記事候補 | primary_area=立川
立川のレンタルダンススタジオおすすめ,エリア,B,10,エーススタジオ,〒190-0022 東京都立川市錦町１丁目１０-９ 米澤ビル 2F,0,,立川駅,698.0,10,駅近1000m以内 | 複数記事候補 | primary_area=立川
立川のレンタルダンススタジオおすすめ,エリア,B,11,duobus studio｜デュオバススタジオ,〒190-0001 東京都立川市高松町２丁目１７-３ 清水ビル 302,0,,立川駅,1242.0,4,複数記事候補 | primary_area=立川
三鷹のレンタルダンススタジオおすすめ,エリア,C,1,emotionS Dance Studio,〒180-0006 東京都武蔵野市中町１丁目２５-１０ 三祐ビル B1F,0,,三鷹駅,220.0,25,駅近500m以内 | 複数記事候補 | tag/station:三鷹
三鷹のレンタルダンススタジオおすすめ,エリア,C,2,三鷹レンタルスタジオRin,〒181-0013 東京都三鷹市下連雀３丁目２３-１２ アージェントビル 402,0,,三鷹駅,165.0,23,駅近500m以内 | 複数記事候補 | primary_area=三鷹
三鷹のレンタルダンススタジオおすすめ,エリア,C,3,レンタルスタジオ D-Base 武蔵境店,〒180-0022 東京都武蔵野市境１丁目３-２ 平田ビル 3階,0,,武蔵境駅,185.0,23,駅近500m以内 | 複数記事候補 | tag/station:三鷹
三鷹のレンタルダンススタジオおすすめ,エリア,C,4,三鷹イレブン会館 永谷ダンススタジオ 貸会議室,〒180-0006 東京都武蔵野市中町２丁目１３-１,0,,三鷹駅,397.0,21,駅近500m以内 | 複数記事候補 | tag/station:三鷹
三鷹のレンタルダンススタジオおすすめ,エリア,C,5,三鷹RI劇場(旧名三鷹RIスタジオ),〒181-0013 東京都三鷹市下連雀３丁目 榎本ビル 地下1階,0,,三鷹駅,235.0,19,駅近500m以内 | 複数記事候補 | primary_area=三鷹
三鷹のレンタルダンススタジオおすすめ,エリア,C,6,吉祥寺 三鷹 モリノスタジオ,〒181-0013 東京都三鷹市下連雀１丁目１７-４ GRATO井の頭公園 2F,0,,三鷹駅,923.0,18,駅近1000m以内 | 複数記事候補 | primary_area=三鷹
三鷹のレンタルダンススタジオおすすめ,エリア,C,7,レンタルスタジオOLI（オリ） 三鷹 ［定員30名 教室レッスン、スポットレンタルできます］,〒180-0013 東京都武蔵野市西久保２丁目１-１０ Ｙ’Ｓビル B１ ワイズビル,0,,三鷹駅,628.0,16,駅近1000m以内 | 複数記事候補 | tag/station:三鷹
三鷹のレンタルダンススタジオおすすめ,エリア,C,8,Y'sホール三鷹,〒181-0004 東京都三鷹市新川６丁目８-１０ サンシャインビル B1,0,,なし,,4,複数記事候補 | primary_area=三鷹
国立のレンタルダンススタジオおすすめ,エリア,C,1,BUZZ レンタルスタジオ 西国分寺店,〒185-0024 東京都国分寺市泉町３丁目３７-２５ 天龍ビル B1,1,https://dance-studio-lab.com/room/ZDcyMzBmZWYtMzdiYS00YjY0LThmOGEtZDJjMzQxNTVlZDA2/detail,西国分寺駅,117.0,125,提携 | 駅近500m以内 | 複数記事候補 | tag/station:国立
国立のレンタルダンススタジオおすすめ,エリア,C,2,レンタルスタジオ 国立リノ,〒186-0002 東京都国立市東１丁目15-22 4 国立サニービル 階C号室,0,,国立駅,267.0,21,駅近500m以内 | 複数記事候補 | primary_area=国立
国立のレンタルダンススタジオおすすめ,エリア,C,3,キッズダンススタジオstudioCROSS（スタジオクロス）国立駅ゴールドジムクラス,〒186-0004 東京都国立市中１丁目9-３０ 国立せきやビル 5階 ゴールドジム内,0,,国立駅,158.0,21,駅近500m以内 | 複数記事候補 | primary_area=国立
国立のレンタルダンススタジオおすすめ,エリア,C,4,キッズダンススタジオstudioCROSS（スタジオクロス）国立谷保スタジオ,〒186-0003 東京都国立市富士見台２丁目１８-２ 富士見台ビル 2階,0,,谷保駅,129.0,21,駅近500m以内 | 複数記事候補 | primary_area=国立
国立のレンタルダンススタジオおすすめ,エリア,C,5,塩野啓子バレエスタジオ,〒186-0003 東京都国立市富士見台４丁目12-１,0,,矢川駅,91.0,21,駅近500m以内 | 複数記事候補 | primary_area=国立
国立のレンタルダンススタジオおすすめ,エリア,C,6,国立ミュージカルスタジオ,〒186-0002 東京都国立市東１丁目１-１?２９ 第2いちやまハイツ 3F,0,,国立駅,179.0,21,駅近500m以内 | 複数記事候補 | primary_area=国立
日野のレンタルダンススタジオおすすめ,エリア,C,1,A-KIDS DANCE STUDIO,〒191-0011 東京都日野市日野本町４丁目５-５ ＨＳビル 2F,0,,日野駅,178.0,21,駅近500m以内 | 複数記事候補 | primary_area=日野
日野のレンタルダンススタジオおすすめ,エリア,C,2,キッズダンススタジオstudioCROSS（スタジオクロス）高幡不動クラス 日野市 多摩カルチャーセンター,〒191-0031 東京都日野市高幡３-１０ 遠藤ビル 2階,0,,高幡不動駅,59.0,21,駅近500m以内 | 複数記事候補 | primary_area=日野
日野のレンタルダンススタジオおすすめ,エリア,C,3,フラメンコスタジオ エル ソニケテ,〒191-0062 東京都日野市多摩平２丁目１２-２ 山崎ビル1F,0,,豊田駅,353.0,21,駅近500m以内 | 複数記事候補 | primary_area=日野
日野のレンタルダンススタジオおすすめ,エリア,C,4,Dance Studio Bingo（日野Bingo）,〒191-0062 東京都日野市多摩平１丁目4-１５ ダイマルビル 2階,0,,豊田駅,358.0,17,駅近500m以内 | 複数記事候補 | primary_area=日野
日野のレンタルダンススタジオおすすめ,エリア,C,5,東京バレエ学園,〒191-0053 東京都日野市豊田４丁目４５-３,0,,豊田駅,215.0,17,駅近500m以内 | 複数記事候補 | primary_area=日野
東京のレンタルダンススタジオおすすめ,エリア,C,1,BUZZ レンタルスタジオ 神田店,〒101-0047 東京都千代田区内神田２丁目９-９ 神田西口ビル B1F,1,https://dance-studio-lab.com/room/ODJkZDE5YzQtMTlhZS00NjNlLWJlZTQtNDA3NTU3MTQ5NDg5/detail,秋葉原駅,989.0,118,提携 | 駅近1000m以内 | 複数記事候補 | tag/station:東京
東京のレンタルダンススタジオおすすめ,エリア,C,2,スタジオインディ 東京駅前店,〒104-0031 東京都中央区京橋１丁目４-１１ 竹本ビルディング ４階,0,,東京駅,397.0,25,駅近500m以内 | 複数記事候補 | tag/station:東京
東京のレンタルダンススタジオおすすめ,エリア,C,3,セミナールーム茅場町 Co-Edo 3F 貸会議室,〒104-0033 東京都中央区新川１丁目３-４ ＰＡビル3F,0,,茅場町駅,223.0,23,駅近500m以内 | 複数記事候補 | tag/station:東京
東京のレンタルダンススタジオおすすめ,エリア,C,4,レンタルスタジオSunny高田馬場2号店,〒169-0075 東京都高田馬場１丁目３４-２ 千葉ビル 1F,0,,高田馬場駅,62.0,23,駅近500m以内 | 複数記事候補 | primary_area=東京
東京のレンタルダンススタジオおすすめ,エリア,C,5,BLM Dance School,〒196-0033 東京都昭島市１６ 東町1-16-11 4F,0,,西立川駅,255.0,21,駅近500m以内 | 複数記事候補 | primary_area=東京
東京のレンタルダンススタジオおすすめ,エリア,C,6,スペースF・L・S｜昭島レンタルスタジオ,〒196-0025 東京都昭島市朝日町１丁目 １１-５ ２F,0,,中神駅,145.0,21,駅近500m以内 | 複数記事候補 | primary_area=東京
東京のレンタルダンススタジオおすすめ,エリア,C,7,ライトハウス神田,〒103-0021 東京都中央区日本橋本石町４丁目５-８,0,,東京駅,948.0,18,駅近1000m以内 | 複数記事候補 | tag/station:東京
東京のレンタルダンススタジオおすすめ,エリア,C,8,ATHLETE Studio,〒101-0044 東京都千代田区鍛冶町１丁目８-１ SRビル 3F,0,,秋葉原駅,900.0,18,駅近1000m以内 | 複数記事候補 | tag/station:東京
東京のレンタルダンススタジオおすすめ,エリア,C,9,Another ONE+ （銀座レンタルスペース）,〒104-0061 東京都中央区銀座３丁目１２-１８ 新岩間ビル 3F,0,,有楽町駅,700.0,18,駅近1000m以内 | 複数記事候補 | tag/station:東京
東京のレンタルダンススタジオおすすめ,エリア,C,10,日本橋PACMAN（ニホンバシパックマン）,〒103-0021 東京都中央区日本橋本石町４丁目５-５ 藤ビル 地下1階,0,,東京駅,921.0,18,駅近1000m以内 | 複数記事候補 | tag/station:東京
東京のレンタルダンススタジオおすすめ,エリア,C,11,Ryo Dance Studio,"〒196-0015 東京都昭島市昭和町２丁目２?番, 16号, 4F",0,,昭島駅,137.0,17,駅近500m以内 | 複数記事候補 | primary_area=東京
東京のレンタルダンススタジオおすすめ,エリア,C,12,レンタルスタジオ新富町 ?Danzatakara. Studio?,"Shintomi 2-1-7, Fujichuo building B1, 中央区 東京都 140-0041",0,,有楽町駅,891.0,16,駅近1000m以内 | 複数記事候補 | tag/station:東京
東京のレンタルダンススタジオおすすめ,エリア,C,13,HMVP大手町スタジオ,〒101-0047 東京都千代田区内神田１丁目７-１１ B2F,0,,東京駅,995.0,16,駅近1000m以内 | 複数記事候補 | tag/station:東京
東京のレンタルダンススタジオおすすめ,エリア,C,14,studio RADA,〒103-0022 東京都中央区日本橋室町１丁目１-５,0,,東京駅,700.0,16,駅近1000m以内 | 複数記事候補 | tag/station:東京
東京のレンタルダンススタジオおすすめ,エリア,C,15,Studio ballet with...,〒104-0041 東京都中央区新富１丁目３-１６ 第２アサヒビル １階,0,,有楽町駅,908.0,14,駅近1000m以内 | 複数記事候補 | tag/station:東京
東村山のレンタルダンススタジオおすすめ,エリア,C,1,レンタルスタジオ/ステップ東村山１号店,〒189-0013 東京都東村山市栄町１丁目３-３２ ビュー久米川 201号室,0,,久米川駅,123.0,23,駅近500m以内 | 複数記事候補 | primary_area=東村山
東村山のレンタルダンススタジオおすすめ,エリア,C,2,レンタルスタジオ/ステップ東村山２号店,〒189-0013 東京都東村山市栄町１丁目10-２３,0,,久米川駅,299.0,23,駅近500m以内 | 複数記事候補 | primary_area=東村山
東村山のレンタルダンススタジオおすすめ,エリア,C,3,NML dance studio,〒189-0014 東京都東村山市本町２丁目21-３ 1F,0,,東村山駅,281.0,21,駅近500m以内 | 複数記事候補 | primary_area=東村山
東村山のレンタルダンススタジオおすすめ,エリア,C,4,Fairy Ballet Studio,〒189-0022 東京都東村山市野口町１丁目３-３ アドヴァンス東村山 ３F,0,,東村山駅,221.0,17,駅近500m以内 | 複数記事候補 | primary_area=東村山
上野駅のレンタルダンススタジオおすすめ,駅,S,1,スタジオ五軒町／『鏡張り』の多目的に利用できる『防音』スタジオ,東京都千代田区外神田6-16-1,1,https://dance-studio-lab.com/room/ODZiZjA3NDItNjk4ZS00YjMxLWFjMGQtMGU5ZjVkZDg5OWQw/detail,湯島駅,308.0,145,提携 | 駅近500m以内 | 複数記事候補 | haversine:上野駅(≤1200m)
上野駅のレンタルダンススタジオおすすめ,駅,S,2,レンタルスタジオODORU,〒110-0015 東京都台東区東上野３丁目１８-１ B1,0,,上野駅,319.0,43,駅近500m以内 | 複数記事候補 | haversine:上野駅(≤1200m)
上野駅のレンタルダンススタジオおすすめ,駅,S,3,スタジオジパング 上野スタジオSTANDARD,"〒110-0015 東京都台東区東上野３丁目１４-１２, Ueno Bldg., B1 旧 辻井ビル",0,,上野駅,404.0,43,駅近500m以内 | 複数記事候補 | haversine:上野駅(≤1200m)
上野駅のレンタルダンススタジオおすすめ,駅,S,4,シャノワールレンタルスタジオ,〒110-0005 東京都台東区上野３丁目１４-５ ヴェルコ黒門ビル 地下1階,0,,秋葉原駅,782.0,38,駅近1000m以内 | 複数記事候補 | haversine:上野駅(≤1200m)
上野駅のレンタルダンススタジオおすすめ,駅,S,5,レンタルスタジオALOALO,〒110-0016 東京都台東区台東４丁目３１-５ オリオンビル B1,0,,上野駅,717.0,38,駅近1000m以内 | 複数記事候補 | haversine:上野駅(≤1200m)
上野駅のレンタルダンススタジオおすすめ,駅,S,6,ミライスタジオ上野,〒110-0003 東京都台東区根岸１丁目５-１３,0,,日暮里駅,943.0,38,駅近1000m以内 | 複数記事候補 | haversine:上野駅(≤1200m)
上野駅のレンタルダンススタジオおすすめ,駅,S,7,BUZZ レンタルスタジオ 上野店,〒110-0003 東京都台東区根岸３丁目６-３ 小林ビル 地下1階,0,,上野駅,975.0,38,駅近1000m以内 | 複数記事候補 | haversine:上野駅(≤1200m)
上野駅のレンタルダンススタジオおすすめ,駅,S,8,K'sLinkStudio御徒町,〒110-0005 東京都台東区上野３丁目１９-４ フロンティアサカイビル 1F,0,,秋葉原駅,803.0,38,駅近1000m以内 | 複数記事候補 | haversine:上野駅(≤1200m)
上野駅のレンタルダンススタジオおすすめ,駅,S,9,ブルースペース上野御徒町,〒110-0005 東京都台東区上野３丁目１３-１０ トミヤマビル B1F,0,,秋葉原駅,725.0,38,駅近1000m以内 | 複数記事候補 | haversine:上野駅(≤1200m)
上野駅のレンタルダンススタジオおすすめ,駅,S,10,ノアスタジオ 秋葉原店,〒101-0021 東京都千代田区外神田６丁目１４-８,0,,秋葉原駅,589.0,36,駅近1000m以内 | 複数記事候補 | haversine:上野駅(≤1200m)
上野駅のレンタルダンススタジオおすすめ,駅,S,11,レンタルスタジオEVERGREEN,〒110-0005 東京都台東区上野３丁目２０-１０ 木下ビル3階,0,,秋葉原駅,779.0,34,駅近1000m以内 | 複数記事候補 | haversine:上野駅(≤1200m)
上野駅のレンタルダンススタジオおすすめ,駅,S,12,秋葉原レンタルスペース.東京,〒101-0021 東京都千代田区外神田５丁目５-７ パンセ秋葉原 B1F,0,,秋葉原駅,633.0,34,駅近1000m以内 | 複数記事候補 | haversine:上野駅(≤1200m)
上野駅のレンタルダンススタジオおすすめ,駅,S,13,スタジオHIKARI 上野,〒110-0003 東京都台東区根岸１丁目１-１５ ルンビニフードカフェ鶯谷店 4階,0,,上野駅,822.0,34,駅近1000m以内 | 複数記事候補 | haversine:上野駅(≤1200m)
上野駅のレンタルダンススタジオおすすめ,駅,S,14,スタジオ阿弥陀,〒110-0004 東京都台東区下谷１丁目８-２０ 長松寺,0,,上野駅,773.0,34,駅近1000m以内 | 複数記事候補 | haversine:上野駅(≤1200m)
上野駅のレンタルダンススタジオおすすめ,駅,S,15,布川ダンスカンパニー,〒111-0036 東京都台東区松が谷１丁目９-１３ 高橋総本店,0,,浅草駅,799.0,30,駅近1000m以内 | 複数記事候補 | haversine:上野駅(≤1200m)
恵比寿駅のレンタルダンススタジオおすすめ,駅,S,1,レンタルスタジオAivic恵比寿,東京都渋谷区恵比寿西1-14-3 満栄佐藤ビル202,1,https://dance-studio-lab.com/room/MzMyZDY5NzktNDEzOS00MzAyLWJjNzEtMjZiMjNiNzUwNGMy/detail,恵比寿駅,233.0,145,提携 | 駅近500m以内 | 複数記事候補 | haversine:恵比寿駅(≤1200m)
恵比寿駅のレンタルダンススタジオおすすめ,駅,S,2,BUZZ渋谷TOWER,東京都渋谷区東2-27-9],1,https://dance-studio-lab.com/room/YWZmOTdhZGMtMjk1MC00ODljLWE2YWUtMDRjMGM5NTIxZTg2/detail,渋谷駅,437.0,145,提携 | 駅近500m以内 | 複数記事候補 | haversine:恵比寿駅(≤1200m)
恵比寿駅のレンタルダンススタジオおすすめ,駅,S,3,チェリッシュスタジオ9号館,東京都渋谷区鶯谷町15-7 ライブリーYSビル6階,1,https://dance-studio-lab.com/room/NGU3OTQ4YzEtMzA3OS00NDc3LThjODQtYWFkMmUzMTE4ZmFm/detail,渋谷駅,423.0,145,提携 | 駅近500m以内 | 複数記事候補 | haversine:恵比寿駅(≤1200m)
恵比寿駅のレンタルダンススタジオおすすめ,駅,S,4,レンタルスタジオAivic恵比寿2号店,東京都渋谷区恵比寿2-16-16 レクシード恵比寿（旧flegエビスW）111,1,https://dance-studio-lab.com/room/MjM0NzMxMTAtOGQzOS00MDFkLThmMGEtNTgzM2MzMjVjMzlh/detail,広尾駅,628.0,136,提携 | 駅近1000m以内 | 複数記事候補 | haversine:恵比寿駅(≤1200m)
恵比寿駅のレンタルダンススタジオおすすめ,駅,S,5,チェリッシュスタジオ7号館,東京都渋谷区桜丘町29-17 さくらマンション205,1,https://dance-studio-lab.com/room/MjQ5NGIyOTEtZTVmOS00MzZkLWIzNGYtYTFkMmVhOWZiYTE5/detail,渋谷駅,515.0,136,提携 | 駅近1000m以内 | 複数記事候補 | candidate_station_fallback:恵比寿駅
恵比寿駅のレンタルダンススタジオおすすめ,駅,S,6,DANCE WORKS,〒150-0032 東京都渋谷区鶯谷町７-１０ ＮＭＤビル 2F-6F,0,,渋谷駅,447.0,45,駅近500m以内 | 複数記事候補 | haversine:恵比寿駅(≤1200m)
恵比寿駅のレンタルダンススタジオおすすめ,駅,S,7,恵比寿ヒルサイドスタジオ,〒150-0022 東京都渋谷区恵比寿南２丁目２１-８ 恵比寿ファインヒル B１,0,,恵比寿駅,453.0,45,駅近500m以内 | 複数記事候補 | haversine:恵比寿駅(≤1200m)
恵比寿駅のレンタルダンススタジオおすすめ,駅,S,8,Rei Dance Collection 駅前校,〒150-0002 東京都渋谷区渋谷３丁目２８-７ 青ビル B1F,0,,渋谷駅,324.0,45,駅近500m以内 | 複数記事候補 | haversine:恵比寿駅(≤1200m)
恵比寿駅のレンタルダンススタジオおすすめ,駅,S,9,サラ・プランタ,〒150-0013 東京都渋谷区恵比寿１丁目１６?番28号 2-4階 Tkビル,0,,恵比寿駅,311.0,43,駅近500m以内 | 複数記事候補 | haversine:恵比寿駅(≤1200m)
恵比寿駅のレンタルダンススタジオおすすめ,駅,S,10,ピアノスタジオノア 恵比寿店,〒150-0013 東京都渋谷区恵比寿４丁目４-１２,0,,恵比寿駅,206.0,43,駅近500m以内 | 複数記事候補 | haversine:恵比寿駅(≤1200m)
恵比寿駅のレンタルダンススタジオおすすめ,駅,S,11,西島ダンスアカデミィＫ２,〒150-0022 東京都渋谷区恵比寿南３ １－３－６ ＣＩビル３Ｆ,0,,恵比寿駅,215.0,43,駅近500m以内 | 複数記事候補 | haversine:恵比寿駅(≤1200m)
恵比寿駅のレンタルダンススタジオおすすめ,駅,S,12,ティーアイエス（株）,〒150-0021 東京都渋谷区恵比寿西１丁目３０-１４ エコー代官山,0,,恵比寿駅,428.0,39,駅近500m以内 | 複数記事候補 | haversine:恵比寿駅(≤1200m)
恵比寿駅のレンタルダンススタジオおすすめ,駅,S,13,Ka Hula O Hawai?i,〒150-0013 東京都渋谷区恵比寿４丁目４-５ ?三伊藤ビル 3F,0,,恵比寿駅,204.0,39,駅近500m以内 | 複数記事候補 | haversine:恵比寿駅(≤1200m)
恵比寿駅のレンタルダンススタジオおすすめ,駅,S,14,ナプア アラ オナオナ 恵比寿校,〒150-0013 東京都渋谷区恵比寿１丁目１-６ エビスオークビル1-2F,0,,恵比寿駅,186.0,39,駅近500m以内 | 複数記事候補 | haversine:恵比寿駅(≤1200m)
恵比寿駅のレンタルダンススタジオおすすめ,駅,S,15,谷淑江スペイン舞踊スタジオ DANZARTE（ダンサルテ）,〒150-0013 東京都渋谷区恵比寿１丁目１６-28-2F ＴＫビル,0,,恵比寿駅,312.0,39,駅近500m以内 | 複数記事候補 | haversine:恵比寿駅(≤1200m)
新宿駅のレンタルダンススタジオおすすめ,駅,S,1,BUZZ レンタルスタジオ新宿コンシェルジュ店,〒160-0023 東京都新宿区西新宿７丁目１６-４ Concierge高橋 BF 地下 一階,1,https://dance-studio-lab.com/room/OGUzNmE0NzUtZDU1NS00ZjIyLTg4OGItNDYyOWI2YzkzOTA0/detail,西武新宿駅,292.0,145,提携 | 駅近500m以内 | 複数記事候補 | haversine:新宿駅(≤1200m)
新宿駅のレンタルダンススタジオおすすめ,駅,S,2,BUZZ レンタルスタジオ 新宿ハウス店,〒160-0023 東京都新宿区西新宿７丁目１６-１,1,https://dance-studio-lab.com/room/MWYzNmNhZGMtMWZiNi00MjBiLWJjNzMtZmFmNjAxYmQ5MjA3/detail,西武新宿駅,276.0,145,提携 | 駅近500m以内 | 複数記事候補 | haversine:新宿駅(≤1200m)
新宿駅のレンタルダンススタジオおすすめ,駅,S,3,THビル貸し会議室 レンタルスタジオ,〒151-0053 東京都渋谷区代々木２丁目４-１ Thビル,1,https://dance-studio-lab.com/room/ZGYxYjYyNDgtMDEzOC00MjZhLTgyZDctODZlMDViYTQ0NDgy/detail,新宿駅,451.0,145,提携 | 駅近500m以内 | 複数記事候補 | haversine:新宿駅(≤1200m)
新宿駅のレンタルダンススタジオおすすめ,駅,S,4,BEATs レンタルスタジオ ビーツ,東京都渋谷区代々木1-42-2 藤ビル2階,1,https://dance-studio-lab.com/room/ZWU0MDNlZTUtMDE1Zi00NDcyLWFjZjgtZTAzNzUzZTAwMzNj/detail,代々木駅,259.0,145,提携 | 駅近500m以内 | 複数記事候補 | haversine:新宿駅(≤1200m)
新宿駅のレンタルダンススタジオおすすめ,駅,S,5,Studio-Bio,東京都渋谷区千駄ヶ谷3−41−12　シャトル千駄ヶ谷B1(地下),1,https://dance-studio-lab.com/room/MTI3NDc3MzgtMTBhMy00NGY2LWE3MGQtZmM5YzdiYjVmNzM2/detail,北参道駅,48.0,145,提携 | 駅近500m以内 | 複数記事候補 | candidate_station_fallback:新宿駅
新宿駅のレンタルダンススタジオおすすめ,駅,S,6,Hina STUDIO(ヒナスタジオ)【新宿西口アネックス】,東京都新宿区西新宿7-15-4　YS第一ビルB1階,1,https://dance-studio-lab.com/room/NWQxZDIzMzUtNWMzOC00MzY4LWE4YmYtMWU3MDBkYWM3ZDY2/detail,西武新宿駅,234.0,143,提携 | 駅近500m以内 | 複数記事候補 | haversine:新宿駅(≤1200m)
新宿駅のレンタルダンススタジオおすすめ,駅,S,7,Hina STUDIO(ヒナスタジオ)【新宿西口スタジオ】,東京都新宿区西新宿7-10-12　ダイハンビルデンス4階,1,https://dance-studio-lab.com/room/ZDEyOTIyNTctYjUwOC00ZTY3LTgxMWYtYTI0MzhkNDg4OGNj/detail,新宿西口駅,136.0,143,提携 | 駅近500m以内 | 複数記事候補 | haversine:新宿駅(≤1200m)
新宿駅のレンタルダンススタジオおすすめ,駅,S,8,レンタルダンススタジオ LANDstudio 新宿店,〒169-0073 東京都新宿区百人町１丁目２２-１９ 筒井ビル B1F,0,,新大久保駅,276.0,45,駅近500m以内 | 複数記事候補 | haversine:新宿駅(≤1200m)
新宿駅のレンタルダンススタジオおすすめ,駅,S,9,ソニズレンタルスタジオ新宿店,〒160-0023 東京都新宿区西新宿７丁目２２-３１ 柏木 MURA B1F,0,,西武新宿駅,375.0,45,駅近500m以内 | 複数記事候補 | haversine:新宿駅(≤1200m)
新宿駅のレンタルダンススタジオおすすめ,駅,S,10,BUZZ レンタルスタジオ新宿4丁目店,〒160-0022 東京都新宿区新宿４丁目２-２１ 相模ビル B1F,0,,新宿駅,355.0,45,駅近500m以内 | 複数記事候補 | haversine:新宿駅(≤1200m)
新宿駅のレンタルダンススタジオおすすめ,駅,S,11,BUZZ レンタルスタジオ 代々木店,〒151-0053 東京都渋谷区代々木１丁目３６-１ ミユキビル B1F,0,,代々木駅,148.0,45,駅近500m以内 | 複数記事候補 | haversine:新宿駅(≤1200m)
新宿駅のレンタルダンススタジオおすすめ,駅,S,12,ダンススタジオ石井,〒151-0051 東京都渋谷区千駄ケ谷５丁目４-７,0,,代々木駅,480.0,45,駅近500m以内 | 複数記事候補 | haversine:新宿駅(≤1200m)
新宿駅のレンタルダンススタジオおすすめ,駅,S,13,Ｍ＆Ｓダンススタジオ,〒151-0051 東京都渋谷区千駄ケ谷５丁目１１-１３ 俳協ビル B1,0,,代々木駅,374.0,45,駅近500m以内 | 複数記事候補 | haversine:新宿駅(≤1200m)
新宿駅のレンタルダンススタジオおすすめ,駅,S,14,新宿 だんすた レンタルスタジオ,〒160-0023 東京都新宿区西新宿７丁目１３-７ 3F4F タカラビル,0,,西武新宿駅,398.0,45,駅近500m以内 | 複数記事候補 | haversine:新宿駅(≤1200m)
新宿駅のレンタルダンススタジオおすすめ,駅,S,15,レンタルスタジオ HIKARI 西新宿７丁目,〒160-0023 東京都新宿区西新宿７丁目１０-１７ B館 601号室,0,,西武新宿駅,234.0,45,駅近500m以内 | 複数記事候補 | haversine:新宿駅(≤1200m)
東京駅のレンタルダンススタジオおすすめ,駅,S,1,BUZZ レンタルスタジオ 神田店,〒101-0047 東京都千代田区内神田２丁目９-９ 神田西口ビル B1F,1,https://dance-studio-lab.com/room/ODJkZDE5YzQtMTlhZS00NjNlLWJlZTQtNDA3NTU3MTQ5NDg5/detail,秋葉原駅,989.0,138,提携 | 駅近1000m以内 | 複数記事候補 | haversine:東京駅(≤1200m)
東京駅のレンタルダンススタジオおすすめ,駅,S,2,スタジオインディ 東京駅前店,〒104-0031 東京都中央区京橋１丁目４-１１ 竹本ビルディング ４階,0,,東京駅,397.0,45,駅近500m以内 | 複数記事候補 | haversine:東京駅(≤1200m)
東京駅のレンタルダンススタジオおすすめ,駅,S,3,ATHLETE Studio,〒101-0044 東京都千代田区鍛冶町１丁目８-１ SRビル 3F,0,,秋葉原駅,900.0,38,駅近1000m以内 | 複数記事候補 | haversine:東京駅(≤1200m)
東京駅のレンタルダンススタジオおすすめ,駅,S,4,日本橋PACMAN（ニホンバシパックマン）,〒103-0021 東京都中央区日本橋本石町４丁目５-５ 藤ビル 地下1階,0,,東京駅,921.0,38,駅近1000m以内 | 複数記事候補 | haversine:東京駅(≤1200m)
東京駅のレンタルダンススタジオおすすめ,駅,S,5,ライトハウス神田,〒103-0021 東京都中央区日本橋本石町４丁目５-８,0,,東京駅,948.0,38,駅近1000m以内 | 複数記事候補 | haversine:東京駅(≤1200m)
東京駅のレンタルダンススタジオおすすめ,駅,S,6,studio RADA,〒103-0022 東京都中央区日本橋室町１丁目１-５,0,,東京駅,700.0,36,駅近1000m以内 | 複数記事候補 | haversine:東京駅(≤1200m)
東京駅のレンタルダンススタジオおすすめ,駅,S,7,HMVP大手町スタジオ,〒101-0047 東京都千代田区内神田１丁目７-１１ B2F,0,,東京駅,995.0,36,駅近1000m以内 | 複数記事候補 | haversine:東京駅(≤1200m)
東京駅のレンタルダンススタジオおすすめ,駅,S,8,Studio ballet with...,〒104-0041 東京都中央区新富１丁目３-１６ 第２アサヒビル １階,0,,有楽町駅,908.0,34,駅近1000m以内 | 複数記事候補 | haversine:東京駅(≤1200m)
東京駅のレンタルダンススタジオおすすめ,駅,S,9,サムシン コンビニエンス スタジオ,〒104-0032 東京都中央区八丁堀２丁目１-２ 水澤ビル,0,,東京駅,808.0,32,駅近1000m以内 | 複数記事候補 | haversine:東京駅(≤1200m)
東京駅のレンタルダンススタジオおすすめ,駅,S,10,日本橋バレエ＆ダンススタジオ Studio LULL,〒101-0047 東京都千代田区内神田２丁目８-３ 新東ビル 2階,0,,秋葉原駅,1033.0,30,複数記事候補 | haversine:東京駅(≤1200m)
東京駅のレンタルダンススタジオおすすめ,駅,S,11,VERONICA FIT,〒104-0032 東京都中央区八丁堀２丁目１９-６ ヤサカ八丁堀ビルB1,0,,東京駅,1036.0,28,複数記事候補 | haversine:東京駅(≤1200m)
池袋駅のレンタルダンススタジオおすすめ,駅,S,1,スタジオピアーチェ池袋店,東京都豊島区池袋本町1-7-1　池袋本町ビル地下１階,1,https://dance-studio-lab.com/room/YjA4YWEyZDUtYmFmZS00NDQ3LWJjOWYtMzU2MDlmMDc1MTJi/detail,北池袋駅,439.0,141,提携 | 駅近500m以内 | 複数記事候補 | haversine:池袋駅(≤1200m)
池袋駅のレンタルダンススタジオおすすめ,駅,S,2,BUZZ レンタルスタジオ池袋東口BASE,〒170-0013 東京都豊島区東池袋１丁目３６-７ B1,1,https://dance-studio-lab.com/room/NWY2ZjE2OGUtZDYyYi00ZTk5LThlMjctZDI1YjllMmRjM2Jk/detail,池袋駅,608.0,136,提携 | 駅近1000m以内 | 複数記事候補 | haversine:池袋駅(≤1200m)
池袋駅のレンタルダンススタジオおすすめ,駅,S,3,レンタルスタジオAivic池袋東口1号店,東京都豊島区東池袋3-11-9 三島ビル501,1,https://dance-studio-lab.com/room/ZTU1MDVkNDQtZjUzNi00MWRiLWFhMDctZTk3YTg1YjRjNDUx/detail,向原駅,618.0,134,提携 | 駅近1000m以内 | 複数記事候補 | haversine:池袋駅(≤1200m)
池袋駅のレンタルダンススタジオおすすめ,駅,S,4,レンタルスタジオAivic池袋東口2号店,東京都豊島区東池袋2-57-1 K/B東池袋Ⅱ 5F,1,https://dance-studio-lab.com/room/ZTVmNmYwZGYtZTExNy00YTlkLTk4MDktODhhMWE2ZTYyNmNj/detail,池袋駅,749.0,134,提携 | 駅近1000m以内 | 複数記事候補 | haversine:池袋駅(≤1200m)
池袋駅のレンタルダンススタジオおすすめ,駅,S,5,BUZZ池袋西口PARK,東京都豊島区西池袋3-30-10ライオンビルB1,1,https://dance-studio-lab.com/room/ZjBiN2M3MDEtZTMzYS00ZGZkLTg3YTktYjU3MjdjNDk3Njli/detail,池袋駅,586.0,134,提携 | 駅近1000m以内 | 複数記事候補 | haversine:池袋駅(≤1200m)
池袋駅のレンタルダンススタジオおすすめ,駅,S,6,BUZZ レンタルスタジオ 池袋本店,〒171-0022 東京都豊島区南池袋１丁目２０-１ 横田ビル 3F,0,,池袋駅,241.0,43,駅近500m以内 | 複数記事候補 | haversine:池袋駅(≤1200m)
池袋駅のレンタルダンススタジオおすすめ,駅,S,7,スタジオジパング 池袋スタジオSTANDARD 7F/8F,〒171-0021 東京都豊島区西池袋３丁目２９-９ 8F Ｃ３ビル 7F,0,,池袋駅,449.0,43,駅近500m以内 | 複数記事候補 | haversine:池袋駅(≤1200m)
池袋駅のレンタルダンススタジオおすすめ,駅,S,8,スタジオｉＤＣ,〒171-0014 東京都豊島区池袋２丁目４７-３ キウレイコンビル ４,0,,池袋駅,500.0,43,駅近500m以内 | 複数記事候補 | haversine:池袋駅(≤1200m)
池袋駅のレンタルダンススタジオおすすめ,駅,S,9,アカペラスタジオベースオントップ池袋東口店,〒171-0022 東京都豊島区南池袋２丁目２４-５ 加藤ビル B1,0,,池袋駅,323.0,43,駅近500m以内 | 複数記事候補 | haversine:池袋駅(≤1200m)
池袋駅のレンタルダンススタジオおすすめ,駅,S,10,東京ステップス・アーツ アニメダンス池袋校,〒192-0082 東京都豊島区東池袋１丁目２２-５ サンケェビル６F,0,,池袋駅,475.0,43,駅近500m以内 | 複数記事候補 | haversine:池袋駅(≤1200m)
池袋駅のレンタルダンススタジオおすすめ,駅,S,11,studio worcle 池袋店,〒171-0022 東京都豊島区南池袋２丁目２２-４,0,,池袋駅,354.0,43,駅近500m以内 | 複数記事候補 | haversine:池袋駅(≤1200m)
池袋駅のレンタルダンススタジオおすすめ,駅,S,12,レンタルスタジオAivic池袋西口 レンタルスタジオAivic池袋西口,東京都豊島区西池袋3-23-8 平井ビル7階,0,,池袋駅,353.0,39,駅近500m以内 | 複数記事候補 | haversine:池袋駅(≤1200m)
池袋駅のレンタルダンススタジオおすすめ,駅,S,13,目白の杜studio,〒161-0033 東京都新宿区下落合３丁目２０-１１,0,,池袋駅,990.0,38,駅近1000m以内 | 複数記事候補 | haversine:池袋駅(≤1200m)
池袋駅のレンタルダンススタジオおすすめ,駅,S,14,スタジオジパング 目白スタジオPRO,〒171-0031 東京都豊島区目白３ 5-13 地下1階,0,,池袋駅,887.0,36,駅近1000m以内 | 複数記事候補 | haversine:池袋駅(≤1200m)
池袋駅のレンタルダンススタジオおすすめ,駅,S,15,ヒカリババダンスカンパニー,〒171-0031 東京都豊島区目白２丁目１２-４,0,,池袋駅,876.0,36,駅近1000m以内 | 複数記事候補 | haversine:池袋駅(≤1200m)
渋谷駅のレンタルダンススタジオおすすめ,駅,S,1,BUZZ レンタルスタジオ 渋谷PARK店,〒150-0042 東京都渋谷区宇田川町１９-５,1,https://dance-studio-lab.com/room/YmNlM2RmNGMtNGI0Mi00ZTg4LTk4OTYtNjY4NWRiM2JmNzhm/detail,渋谷駅,448.0,145,提携 | 駅近500m以内 | 複数記事候補 | haversine:渋谷駅(≤1200m)
渋谷駅のレンタルダンススタジオおすすめ,駅,S,2,レンタルスタジオAivic渋谷道玄坂,東京都渋谷区円山町23-10 渋谷ATビル201,1,https://dance-studio-lab.com/room/NWE2MDljYmItN2I0ZC00ZjIzLWI3MGEtMmZiNmEzNWJjOWI4/detail,神泉駅,78.0,145,提携 | 駅近500m以内 | 複数記事候補 | haversine:渋谷駅(≤1200m)
渋谷駅のレンタルダンススタジオおすすめ,駅,S,3,レンタルスタジオAivic恵比寿,東京都渋谷区恵比寿西1-14-3 満栄佐藤ビル202,1,https://dance-studio-lab.com/room/MzMyZDY5NzktNDEzOS00MzAyLWJjNzEtMjZiMjNiNzUwNGMy/detail,恵比寿駅,233.0,145,提携 | 駅近500m以内 | 複数記事候補 | candidate_station_fallback:渋谷駅
渋谷駅のレンタルダンススタジオおすすめ,駅,S,4,BUZZ渋谷MARKCITY,〒150-0043 東京都渋谷区道玄坂１丁目１７ 9BUZZビル,1,https://dance-studio-lab.com/room/MTJmOWU1NGQtYmViZC00YWEzLWI5Y2ItNGFhYzU3YTAyZTBk/detail,渋谷駅,437.0,145,提携 | 駅近500m以内 | 複数記事候補 | haversine:渋谷駅(≤1200m)
渋谷駅のレンタルダンススタジオおすすめ,駅,S,5,BUZZ渋谷TOWER,東京都渋谷区東2-27-9],1,https://dance-studio-lab.com/room/YWZmOTdhZGMtMjk1MC00ODljLWE2YWUtMDRjMGM5NTIxZTg2/detail,渋谷駅,437.0,145,提携 | 駅近500m以内 | 複数記事候補 | haversine:渋谷駅(≤1200m)
渋谷駅のレンタルダンススタジオおすすめ,駅,S,6,チェリッシュスタジオ9号館,東京都渋谷区鶯谷町15-7 ライブリーYSビル6階,1,https://dance-studio-lab.com/room/NGU3OTQ4YzEtMzA3OS00NDc3LThjODQtYWFkMmUzMTE4ZmFm/detail,渋谷駅,423.0,145,提携 | 駅近500m以内 | 複数記事候補 | haversine:渋谷駅(≤1200m)
渋谷駅のレンタルダンススタジオおすすめ,駅,S,7,チェリッシュスタジオ1号館/6号館,東京都渋谷区円山町20-1 新大宗円山ビル別館3階,1,https://dance-studio-lab.com/room/Njc0MjgwMDUtMzBjZS00ZmU5LWFkNzgtYTE3Y2U5NDMyYmU0/detail,神泉駅,170.0,143,提携 | 駅近500m以内 | 複数記事候補 | haversine:渋谷駅(≤1200m)
渋谷駅のレンタルダンススタジオおすすめ,駅,S,8,チェリッシュスタジオ5号館,東京都渋谷区道玄坂1-16-6 二葉ビル7D,1,https://dance-studio-lab.com/room/NTRjMDczNjgtY2EzMy00YjE4LWJlMjYtYmExOTZiYTBmZWZk/detail,渋谷駅,379.0,141,提携 | 駅近500m以内 | 複数記事候補 | haversine:渋谷駅(≤1200m)
渋谷駅のレンタルダンススタジオおすすめ,駅,S,9,BUZZ レンタルスタジオ 渋谷東口SQUARE店,〒150-0002 東京都渋谷区渋谷２丁目２２-８ 名取ビル 1F,0,,渋谷駅,177.0,45,駅近500m以内 | 複数記事候補 | haversine:渋谷駅(≤1200m)
渋谷駅のレンタルダンススタジオおすすめ,駅,S,10,表参道レンタルスタジオ スタジオ ティノラス,〒107-0062 東京都港区南青山５丁目１３-９,0,,表参道駅,491.0,45,駅近500m以内 | 複数記事候補 | haversine:渋谷駅(≤1200m)
渋谷駅のレンタルダンススタジオおすすめ,駅,S,11,CARDIO BARRE SHIBUYA (カーディオ・バー 渋谷店),〒150-0002 東京都渋谷区渋谷１丁目１４-１１ BCサロン 地下１階,0,,渋谷駅,222.0,45,駅近500m以内 | 複数記事候補 | haversine:渋谷駅(≤1200m)
渋谷駅のレンタルダンススタジオおすすめ,駅,S,12,DANCE WORKS,〒150-0032 東京都渋谷区鶯谷町７-１０ ＮＭＤビル 2F-6F,0,,渋谷駅,447.0,45,駅近500m以内 | 複数記事候補 | haversine:渋谷駅(≤1200m)
渋谷駅のレンタルダンススタジオおすすめ,駅,S,13,タヒチアンダンススタジオ ライマーラマ表参道,〒150-0001 東京都渋谷区神宮前５丁目１３-１４,0,,表参道駅,493.0,45,駅近500m以内 | 複数記事候補 | haversine:渋谷駅(≤1200m)
渋谷駅のレンタルダンススタジオおすすめ,駅,S,14,JOINT STUDO Harajuku,〒150-0001 東京都渋谷区神宮前４丁目２９-９ Ondenビル B1,0,,原宿駅,400.0,45,駅近500m以内 | 複数記事候補 | haversine:渋谷駅(≤1200m)
渋谷駅のレンタルダンススタジオおすすめ,駅,S,15,Rei Dance Collection 駅前校,〒150-0002 東京都渋谷区渋谷３丁目２８-７ 青ビル B1F,0,,渋谷駅,324.0,45,駅近500m以内 | 複数記事候補 | haversine:渋谷駅(≤1200m)
秋葉原駅のレンタルダンススタジオおすすめ,駅,S,1,スタジオ五軒町／『鏡張り』の多目的に利用できる『防音』スタジオ,東京都千代田区外神田6-16-1,1,https://dance-studio-lab.com/room/ODZiZjA3NDItNjk4ZS00YjMxLWFjMGQtMGU5ZjVkZDg5OWQw/detail,湯島駅,308.0,145,提携 | 駅近500m以内 | 複数記事候補 | haversine:秋葉原駅(≤1200m)
秋葉原駅のレンタルダンススタジオおすすめ,駅,S,2,レンタルスタジオAivic神田,"東京都千代田区神田紺屋町21 高山ビル101
",1,https://dance-studio-lab.com/room/MzE4YmJlMGMtZTc3Yy00OTIwLTg3ZTMtZDQxN2E4Yzc1YTFj/detail,神田駅,251.0,143,提携 | 駅近500m以内 | 複数記事候補 | haversine:秋葉原駅(≤1200m)
秋葉原駅のレンタルダンススタジオおすすめ,駅,S,3,SPICYCANDY DANCESTUDIO,東京都台東区浅草橋4-2-8伊藤ビル1階,1,https://dance-studio-lab.com/room/NGFjMTNkYTgtNmQ4My00ZTgxLWI3ZmYtMjM4OGVjNDM4Yjk3/detail,浅草橋駅,341.0,141,提携 | 駅近500m以内 | 複数記事候補 | haversine:秋葉原駅(≤1200m)
秋葉原駅のレンタルダンススタジオおすすめ,駅,S,4,BUZZ レンタルスタジオ 神田店,〒101-0047 東京都千代田区内神田２丁目９-９ 神田西口ビル B1F,1,https://dance-studio-lab.com/room/ODJkZDE5YzQtMTlhZS00NjNlLWJlZTQtNDA3NTU3MTQ5NDg5/detail,秋葉原駅,989.0,138,提携 | 駅近1000m以内 | 複数記事候補 | haversine:秋葉原駅(≤1200m)
秋葉原駅のレンタルダンススタジオおすすめ,駅,S,5,秋葉原ブルーハス レンタルスタジオ,〒110-0006 東京都台東区秋葉原３-１０ 東京商会秋葉原ビルB1階,0,,秋葉原駅,393.0,45,駅近500m以内 | 複数記事候補 | haversine:秋葉原駅(≤1200m)
秋葉原駅のレンタルダンススタジオおすすめ,駅,S,6,御茶ノ水 おちゃすた レンタルスタジオ,〒101-0052 東京都千代田区神田小川町３丁目１４-２ 漢陽ビル Ｂ1Ｆ,0,,神保町駅,305.0,45,駅近500m以内 | 複数記事候補 | haversine:秋葉原駅(≤1200m)
秋葉原駅のレンタルダンススタジオおすすめ,駅,S,7,バンドスタジオ ベースオントップ秋葉原昭和通り口店,〒101-0025 東京都千代田区神田佐久間町３丁目37-１ 文唱堂ビル B1F,0,,秋葉原駅,326.0,43,駅近500m以内 | 複数記事候補 | haversine:秋葉原駅(≤1200m)
秋葉原駅のレンタルダンススタジオおすすめ,駅,S,8,㈱Tera-coya,〒101-0025 東京都千代田区神田佐久間町３丁目３１-３,0,,秋葉原駅,359.0,43,駅近500m以内 | 複数記事候補 | haversine:秋葉原駅(≤1200m)
秋葉原駅のレンタルダンススタジオおすすめ,駅,S,9,ミルクスタジオ,〒101-0021 東京都千代田区外神田３丁目３-５ ヨシヰビル,0,,秋葉原駅,467.0,43,駅近500m以内 | 複数記事候補 | haversine:秋葉原駅(≤1200m)
秋葉原駅のレンタルダンススタジオおすすめ,駅,S,10,バレエアーツ秋葉原,〒101-0021 東京都千代田区外神田３丁目４-７ 昌平童夢館,0,,秋葉原駅,480.0,39,駅近500m以内 | 複数記事候補 | haversine:秋葉原駅(≤1200m)
秋葉原駅のレンタルダンススタジオおすすめ,駅,S,11,studio FANTO,〒101-0032 東京都千代田区岩本町３丁目１-９ NOVEL WORK Iwamotocho B1F,0,,秋葉原駅,478.0,39,駅近500m以内 | 複数記事候補 | haversine:秋葉原駅(≤1200m)
秋葉原駅のレンタルダンススタジオおすすめ,駅,S,12,シャノワールレンタルスタジオ,〒110-0005 東京都台東区上野３丁目１４-５ ヴェルコ黒門ビル 地下1階,0,,秋葉原駅,782.0,38,駅近1000m以内 | 複数記事候補 | haversine:秋葉原駅(≤1200m)
秋葉原駅のレンタルダンススタジオおすすめ,駅,S,13,ブルースペース上野御徒町,〒110-0005 東京都台東区上野３丁目１３-１０ トミヤマビル B1F,0,,秋葉原駅,725.0,38,駅近1000m以内 | 複数記事候補 | haversine:秋葉原駅(≤1200m)
秋葉原駅のレンタルダンススタジオおすすめ,駅,S,14,KBAバレエスタジオ御茶ノ水,〒113-0034 東京都文京区湯島１丁目１２-６ 地下1F 高関ビル,0,,秋葉原駅,763.0,38,駅近1000m以内 | 複数記事候補 | haversine:秋葉原駅(≤1200m)
秋葉原駅のレンタルダンススタジオおすすめ,駅,S,15,レンタルスタジオALOALO,〒110-0016 東京都台東区台東４丁目３１-５ オリオンビル B1,0,,上野駅,717.0,38,駅近1000m以内 | 複数記事候補 | haversine:秋葉原駅(≤1200m)
中野駅のレンタルダンススタジオおすすめ,駅,A,1,Dubway レンタルスタジオ中野,東京都中野区5-32-6 城西ビルB02,1,https://dance-studio-lab.com/room/MzFmYWU5ZjgtNmM0NC00MDYzLTljOGUtMjFlZDI1MmVhMDE5/detail,中野駅,167.0,135,提携 | 駅近500m以内 | 複数記事候補 | haversine:中野駅(≤1200m)
中野駅のレンタルダンススタジオおすすめ,駅,A,2,中野 レンタルスタジオ オドリバ,〒164-0001 東京都中野区中野５丁目３２-６ 中野城西ビル B-7号室,0,,中野駅,163.0,33,駅近500m以内 | 複数記事候補 | haversine:中野駅(≤1200m)
中野駅のレンタルダンススタジオおすすめ,駅,A,3,中野ロフトスタジオ～nakano f～,〒164-0001 東京都中野区中野５丁目４６-１０,0,,中野駅,294.0,33,駅近500m以内 | 複数記事候補 | haversine:中野駅(≤1200m)
中野駅のレンタルダンススタジオおすすめ,駅,A,4,Rinky Dink Studio 中野店,〒164-0001 東京都中野区中野２丁目２５-２ トビタビル ２階,0,,中野駅,133.0,33,駅近500m以内 | 複数記事候補 | haversine:中野駅(≤1200m)
中野駅のレンタルダンススタジオおすすめ,駅,A,5,ベストスタジオ中野,〒164-0001 東京都中野区中野５丁目４６ 9ABCハウス 101,0,,中野駅,303.0,33,駅近500m以内 | 複数記事候補 | haversine:中野駅(≤1200m)
中野駅のレンタルダンススタジオおすすめ,駅,A,6,ノアスタジオ 中野店,"〒164-0001 東京都中野区中野３丁目３９-２, Nakano Noah Building, B1",0,,中野駅,231.0,33,駅近500m以内 | 複数記事候補 | haversine:中野駅(≤1200m)
中野駅のレンタルダンススタジオおすすめ,駅,A,7,高円寺・中野レンタルダンススタジオEmotions,〒166-0002 東京都杉並区高円寺北１丁目３-２,0,,中野駅,971.0,26,駅近1000m以内 | 複数記事候補 | haversine:中野駅(≤1200m)
中野駅のレンタルダンススタジオおすすめ,駅,A,8,株式会社ZERO CREATION（Dance Studio FOCUS）,〒166-0003 東京都杉並区高円寺南５丁目３５-１５,0,,中野駅,718.0,26,駅近1000m以内 | 複数記事候補 | haversine:中野駅(≤1200m)
中野駅のレンタルダンススタジオおすすめ,駅,A,9,レンタルスタジオ スタジオサイ,〒165-0026 東京都中野区新井１丁目１-５,0,,中野駅,594.0,24,駅近1000m以内 | 複数記事候補 | haversine:中野駅(≤1200m)
中野駅のレンタルダンススタジオおすすめ,駅,A,10,中野 ガーデン レンタルスタジオ,〒165-0026 東京都中野区新井１丁目１２-５ ＮＳフラッツ B1階,0,,中野駅,581.0,24,駅近1000m以内 | 複数記事候補 | haversine:中野駅(≤1200m)
中野駅のレンタルダンススタジオおすすめ,駅,A,11,ソニズレンタルスタジオ東高円寺店,〒166-0003 東京都杉並区高円寺南１丁目６-５ 高円寺サマリヤマンション 松屋の隣,0,,中野駅,1075.0,18,複数記事候補 | haversine:中野駅(≤1200m)
中野駅のレンタルダンススタジオおすすめ,駅,A,12,レンタルスタジオ HIKARI 東高円寺,〒166-0012 東京都杉並区和田３丁目５９-１０ エレガンス東高円寺 101号室,0,,中野駅,1083.0,18,複数記事候補 | haversine:中野駅(≤1200m)
中野駅のレンタルダンススタジオおすすめ,駅,A,13,高円寺 フェニックス レンタルスタジオ,〒166-0003 東京都杉並区高円寺南２丁目５３-１,0,,中野駅,1189.0,18,複数記事候補 | haversine:中野駅(≤1200m)
中野駅のレンタルダンススタジオおすすめ,駅,A,14,高円寺フェニックススタジオ,〒166-0003 東京都杉並区５３ 高円寺南2-53-1 FLAT・KOU1階,0,,中野駅,1193.0,18,複数記事候補 | haversine:中野駅(≤1200m)
中野駅のレンタルダンススタジオおすすめ,駅,A,15,ソニズレンタルスタジオ新中野鍋横第2店,〒164-0012 東京都中野区本町４丁目３０-１１ アーク新中野 B1,0,,中野駅,1155.0,16,複数記事候補 | haversine:中野駅(≤1200m)
五反田駅のレンタルダンススタジオおすすめ,駅,A,1,池田山ノブレスレンタルスタジオ（五反田駅）,〒141-0022 東京都品川区東五反田５丁目２４-７ ノブレス池田山 B1階,0,,五反田駅,120.0,35,駅近500m以内 | 複数記事候補 | haversine:五反田駅(≤1200m)
五反田駅のレンタルダンススタジオおすすめ,駅,A,2,Hidemi Dancing Vida,〒141-0021 東京都品川区上大崎２丁目１０-３２ フラワープラザビル 202,0,,目黒駅,198.0,35,駅近500m以内 | 複数記事候補 | haversine:五反田駅(≤1200m)
五反田駅のレンタルダンススタジオおすすめ,駅,A,3,Pole and Aerial Studio POLISH五反田,〒141-0031 東京都品川区西五反田１丁目５-２ トラヤビル 7階,0,,五反田駅,112.0,35,駅近500m以内 | 複数記事候補 | haversine:五反田駅(≤1200m)
五反田駅のレンタルダンススタジオおすすめ,駅,A,4,SoyLatte STUDIO,〒141-0031 東京都品川区西五反田２丁目１７-８ 管野ビル ３F,0,,五反田駅,203.0,35,駅近500m以内 | 複数記事候補 | haversine:五反田駅(≤1200m)
五反田駅のレンタルダンススタジオおすすめ,駅,A,5,スタジオペンタ五反田店,〒141-0022 東京都品川区東五反田１丁目１２-９,0,,五反田駅,169.0,35,駅近500m以内 | 複数記事候補 | haversine:五反田駅(≤1200m)
五反田駅のレンタルダンススタジオおすすめ,駅,A,6,Studio Bis,〒141-0031 東京都品川区西五反田２丁目１０-８ ドルミ五反田ドゥメゾン 3階,0,,五反田駅,246.0,35,駅近500m以内 | 複数記事候補 | haversine:五反田駅(≤1200m)
五反田駅のレンタルダンススタジオおすすめ,駅,A,7,studio501,〒141-0032 東京都品川区大崎５丁目４-１２ 八重苅ビル,0,,大崎駅,429.0,33,駅近500m以内 | 複数記事候補 | haversine:五反田駅(≤1200m)
五反田駅のレンタルダンススタジオおすすめ,駅,A,8,フラメンコスタジオアスール,〒141-0022 東京都品川区東五反田１丁目１８-４ B1 ＧＴＤイーストビル,0,,五反田駅,277.0,33,駅近500m以内 | 複数記事候補 | haversine:五反田駅(≤1200m)
五反田駅のレンタルダンススタジオおすすめ,駅,A,9,スタジオM,〒141-0032 東京都品川区大崎２丁目７-２,0,,大崎駅,325.0,29,駅近500m以内 | 複数記事候補 | haversine:五反田駅(≤1200m)
五反田駅のレンタルダンススタジオおすすめ,駅,A,10,スタジオ エモーティフ,〒141-0031 東京都品川区西五反田５丁目２２-５ 藤ハイム B1F,0,,五反田駅,911.0,26,駅近1000m以内 | 複数記事候補 | haversine:五反田駅(≤1200m)
五反田駅のレンタルダンススタジオおすすめ,駅,A,11,ピアノスタジオノア 不動前店,〒141-0031 東京都品川区西五反田４丁目３２-１４,0,,五反田駅,878.0,26,駅近1000m以内 | 複数記事候補 | haversine:五反田駅(≤1200m)
代々木駅のレンタルダンススタジオおすすめ,駅,A,1,THビル貸し会議室 レンタルスタジオ,〒151-0053 東京都渋谷区代々木２丁目４-１ Thビル,1,https://dance-studio-lab.com/room/ZGYxYjYyNDgtMDEzOC00MjZhLTgyZDctODZlMDViYTQ0NDgy/detail,新宿駅,451.0,135,提携 | 駅近500m以内 | 複数記事候補 | haversine:代々木駅(≤1200m)
代々木駅のレンタルダンススタジオおすすめ,駅,A,2,BEATs レンタルスタジオ ビーツ,東京都渋谷区代々木1-42-2 藤ビル2階,1,https://dance-studio-lab.com/room/ZWU0MDNlZTUtMDE1Zi00NDcyLWFjZjgtZTAzNzUzZTAwMzNj/detail,代々木駅,259.0,135,提携 | 駅近500m以内 | 複数記事候補 | haversine:代々木駅(≤1200m)
代々木駅のレンタルダンススタジオおすすめ,駅,A,3,Studio-Bio,東京都渋谷区千駄ヶ谷3−41−12　シャトル千駄ヶ谷B1(地下),1,https://dance-studio-lab.com/room/MTI3NDc3MzgtMTBhMy00NGY2LWE3MGQtZmM5YzdiYjVmNzM2/detail,北参道駅,48.0,135,提携 | 駅近500m以内 | 複数記事候補 | haversine:代々木駅(≤1200m)
代々木駅のレンタルダンススタジオおすすめ,駅,A,4,Hina STUDIO(ヒナスタジオ)【新宿西口スタジオ】,東京都新宿区西新宿7-10-12　ダイハンビルデンス4階,1,https://dance-studio-lab.com/room/ZDEyOTIyNTctYjUwOC00ZTY3LTgxMWYtYTI0MzhkNDg4OGNj/detail,新宿西口駅,136.0,133,提携 | 駅近500m以内 | 複数記事候補 | candidate_station_fallback:代々木駅
代々木駅のレンタルダンススタジオおすすめ,駅,A,5,原宿ダンススタジオ SHIN RENTAL STUDIO,〒151-0051 東京都渋谷区千駄ケ谷３丁目６０-４ 地下1階,0,,原宿駅,479.0,35,駅近500m以内 | 複数記事候補 | haversine:代々木駅(≤1200m)
代々木駅のレンタルダンススタジオおすすめ,駅,A,6,BUZZ レンタルスタジオ新宿4丁目店,〒160-0022 東京都新宿区新宿４丁目２-２１ 相模ビル B1F,0,,新宿駅,355.0,35,駅近500m以内 | 複数記事候補 | haversine:代々木駅(≤1200m)
代々木駅のレンタルダンススタジオおすすめ,駅,A,7,BUZZ レンタルスタジオ 代々木店,〒151-0053 東京都渋谷区代々木１丁目３６-１ ミユキビル B1F,0,,代々木駅,148.0,35,駅近500m以内 | 複数記事候補 | haversine:代々木駅(≤1200m)
代々木駅のレンタルダンススタジオおすすめ,駅,A,8,Ｍ＆Ｓダンススタジオ,〒151-0051 東京都渋谷区千駄ケ谷５丁目１１-１３ 俳協ビル B1,0,,代々木駅,374.0,35,駅近500m以内 | 複数記事候補 | haversine:代々木駅(≤1200m)
代々木駅のレンタルダンススタジオおすすめ,駅,A,9,CARDIO BARRE SHINJUKU (カーディオ・バー 新宿店),〒160-0022 東京都新宿区新宿４丁目２-１６ パシフィックマークス新宿サウスゲート 2階,0,,新宿駅,351.0,35,駅近500m以内 | 複数記事候補 | haversine:代々木駅(≤1200m)
代々木駅のレンタルダンススタジオおすすめ,駅,A,10,ダンススタジオ石井,〒151-0051 東京都渋谷区千駄ケ谷５丁目４-７,0,,代々木駅,480.0,35,駅近500m以内 | 複数記事候補 | haversine:代々木駅(≤1200m)
代々木駅のレンタルダンススタジオおすすめ,駅,A,11,ノアスタジオ代々木店,〒151-0051 東京都渋谷区千駄ケ谷４丁目２４-１９,0,,代々木駅,452.0,35,駅近500m以内 | 複数記事候補 | haversine:代々木駅(≤1200m)
代々木駅のレンタルダンススタジオおすすめ,駅,A,12,ノアスタジオ 新宿１号店,〒160-0023 東京都新宿区西新宿１丁目３-１４,0,,新宿駅,319.0,35,駅近500m以内 | 複数記事候補 | haversine:代々木駅(≤1200m)
代々木駅のレンタルダンススタジオおすすめ,駅,A,13,スタジオインディ 新宿店,〒160-0022 東京都新宿区新宿３丁目２２番１１号 新宿ＲＳビル ６階,0,,新宿駅,289.0,35,駅近500m以内 | 複数記事候補 | haversine:代々木駅(≤1200m)
代々木駅のレンタルダンススタジオおすすめ,駅,A,14,studio worcle yoyogi,〒151-0053 東京都渋谷区代々木１丁目３６-１２ 2F,0,,代々木駅,141.0,35,駅近500m以内 | 複数記事候補 | haversine:代々木駅(≤1200m)
代々木駅のレンタルダンススタジオおすすめ,駅,A,15,DL Studio,〒151-0053 東京都渋谷区代々木１丁目４５-４ 地下2階 代々木山陽ビル,0,,代々木駅,356.0,33,駅近500m以内 | 複数記事候補 | haversine:代々木駅(≤1200m)
八王子駅のレンタルダンススタジオおすすめ,駅,A,1,レンタルダンススタジオTerrace八王子,〒192-0085 東京都八王子市中町６-６ 店舗（旧 川和ビル 3階,0,,八王子駅,412.0,33,駅近500m以内 | 複数記事候補 | haversine:八王子駅(≤1200m)
八王子駅のレンタルダンススタジオおすすめ,駅,A,2,レンタルスタジオ REBRI,〒192-0085 東京都八王子市中町７-７ ニシカワビル 5F,0,,八王子駅,449.0,33,駅近500m以内 | 複数記事候補 | haversine:八王子駅(≤1200m)
八王子駅のレンタルダンススタジオおすすめ,駅,A,3,BUZZ レンタルスタジオ八王子店,〒192-0082 東京都八王子市東町１１-３ センチュリーステーションビル B1,0,,八王子駅,264.0,33,駅近500m以内 | 複数記事候補 | haversine:八王子駅(≤1200m)
八王子駅のレンタルダンススタジオおすすめ,駅,A,4,SHAKE DANCE STUDIO 八王子校,〒192-0081 東京都八王子市横山町５-１４ ｗｉｌｌＤｏ八王子,0,,八王子駅,405.0,33,駅近500m以内 | 複数記事候補 | haversine:八王子駅(≤1200m)
八王子駅のレンタルダンススタジオおすすめ,駅,A,5,イシカワヒロユキダンススタジオ,〒192-0081 東京都八王子市横山町３-６,0,,八王子駅,437.0,33,駅近500m以内 | 複数記事候補 | haversine:八王子駅(≤1200m)
八王子駅のレンタルダンススタジオおすすめ,駅,A,6,カミヤマダンススタジオ,〒192-0046 東京都八王子市明神町４丁目６-２ 山口ビル 2F,0,,八王子駅,481.0,33,駅近500m以内 | 複数記事候補 | haversine:八王子駅(≤1200m)
八王子駅のレンタルダンススタジオおすすめ,駅,A,7,FANTASY DANCE SCHOOL 八王子店,〒192-0904 東京都八王子市子安町１丁目２６-１４ 26-14 301,0,,八王子駅,389.0,33,駅近500m以内 | 複数記事候補 | haversine:八王子駅(≤1200m)
八王子駅のレンタルダンススタジオおすすめ,駅,A,8,Risley八王子店,〒192-0085 東京都八王子市中町７-１１ 福島ビル B1,0,,八王子駅,402.0,33,駅近500m以内 | 複数記事候補 | haversine:八王子駅(≤1200m)
八王子駅のレンタルダンススタジオおすすめ,駅,A,9,スタジオ カノン 東町店,〒184-0011 東京都八王子市東町２丁目９ ムジカ八王子ビル,0,,八王子駅,355.0,33,駅近500m以内 | 複数記事候補 | haversine:八王子駅(≤1200m)
八王子駅のレンタルダンススタジオおすすめ,駅,A,10,ＤＡＮＣＥＳＴＵＤＩＯ・ＢＩＮＧＯ,〒192-0083 東京都八王子市旭町１３-２５,0,,八王子駅,297.0,29,駅近500m以内 | 複数記事候補 | haversine:八王子駅(≤1200m)
八王子駅のレンタルダンススタジオおすすめ,駅,A,11,M Ballet Studio,〒192-0902 東京都八王子市上野町１７-５ SKダンススタジオ 内,0,,八王子駅,927.0,24,駅近1000m以内 | 複数記事候補 | haversine:八王子駅(≤1200m)
八王子駅のレンタルダンススタジオおすすめ,駅,A,12,ダンススタジオ ability,〒192-0066 東京都八王子市本町２４-８ クラフトビル 1F,0,,八王子駅,981.0,24,駅近1000m以内 | 複数記事候補 | haversine:八王子駅(≤1200m)
八王子駅のレンタルダンススタジオおすすめ,駅,A,13,八王子フラスタジオ Mauna leo（マウナレオ）,〒192-0046 東京都八王子市明神町２丁目10-１０ 3階,0,,八王子駅,907.0,24,駅近1000m以内 | 複数記事候補 | haversine:八王子駅(≤1200m)
八王子駅のレンタルダンススタジオおすすめ,駅,A,14,studio KAJIMAYA,〒192-0074 東京都八王子市天神町２１-２,0,,八王子駅,800.0,20,駅近1000m以内 | 複数記事候補 | haversine:八王子駅(≤1200m)
六本木駅のレンタルダンススタジオおすすめ,駅,A,1,BUZZ レンタルスタジオ 六本木店,〒106-0032 東京都港区六本木４丁目５-７ スタジオＤ 地下1階,1,https://dance-studio-lab.com/room/MGYxY2IwOWYtNDQ4ZS00MmEyLTliYTAtNzg1YjUyOTA0OTlj/detail,六本木駅,269.0,135,提携 | 駅近500m以内 | 複数記事候補 | haversine:六本木駅(≤1200m)
六本木駅のレンタルダンススタジオおすすめ,駅,A,2,チェリッシュスタジオ11号館/12号館/13号館/14号館,東京都港区西麻布-2-21-22 WEST麻布2791ビル2階,1,https://dance-studio-lab.com/room/ZmMxMTg1ZGQtMjUyZS00NjZlLWE3YzMtZjllNWM1N2JhNTdj/detail,表参道駅,809.0,126,提携 | 駅近1000m以内 | 複数記事候補 | haversine:六本木駅(≤1200m)
六本木駅のレンタルダンススタジオおすすめ,駅,A,3,レンタルスタジオStudioIrodori麻布十番店,〒106-0045 東京都港区麻布十番１丁目５番１ YKビル 3F,0,,麻布十番駅,385.0,35,駅近500m以内 | 複数記事候補 | haversine:六本木駅(≤1200m)
六本木駅のレンタルダンススタジオおすすめ,駅,A,4,Z-RAHZ DANCE STUDIO,〒106-0046 東京都港区元麻布１丁目２-２,0,,麻布十番駅,192.0,35,駅近500m以内 | 複数記事候補 | haversine:六本木駅(≤1200m)
六本木駅のレンタルダンススタジオおすすめ,駅,A,5,六本木 レンタルスタジオ 十五夜,〒106-0032 東京都港区六本木５丁目１０-３２ 第一アイトービル別館2F,0,,六本木駅,303.0,33,駅近500m以内 | 複数記事候補 | haversine:六本木駅(≤1200m)
六本木駅のレンタルダンススタジオおすすめ,駅,A,6,FEELCYCLE 六本木,〒106-0032 東京都港区六本木６丁目４-１ ヒルズ ハリウッドプラザ 3F,0,,六本木駅,198.0,33,駅近500m以内 | 複数記事候補 | haversine:六本木駅(≤1200m)
六本木駅のレンタルダンススタジオおすすめ,駅,A,7,六本木 フォルトゥーナ,〒106-0032 東京都港区六本木７丁目１２-２３ フォルトゥーナビル 3A,0,,六本木駅,236.0,33,駅近500m以内 | 複数記事候補 | haversine:六本木駅(≤1200m)
六本木駅のレンタルダンススタジオおすすめ,駅,A,8,Pole and Aerial Studio POLISH六本木,〒106-0032 東京都港区六本木７丁目１２-３,0,,六本木駅,187.0,33,駅近500m以内 | 複数記事候補 | haversine:六本木駅(≤1200m)
六本木駅のレンタルダンススタジオおすすめ,駅,A,9,Ballet Studio M'z,〒107-0052 東京都港区赤坂７丁目９-７ 小林ビル 5F,0,,赤坂駅,561.0,26,駅近1000m以内 | 複数記事候補 | haversine:六本木駅(≤1200m)
六本木駅のレンタルダンススタジオおすすめ,駅,A,10,赤坂茜山スタジオ,〒107-0052 東京都港区赤坂２丁目２１-１ 川本ビル Ｂ１Ｆ,0,,赤坂駅,502.0,26,駅近1000m以内 | 複数記事候補 | haversine:六本木駅(≤1200m)
六本木駅のレンタルダンススタジオおすすめ,駅,A,11,Studio R 六本木ヒルズ店,〒106-0032 東京都港区六本木６丁目１５-１ ヒルズ けやき坂通り 2F けやき坂テラス,0,,六本木駅,519.0,24,駅近1000m以内 | 複数記事候補 | haversine:六本木駅(≤1200m)
六本木駅のレンタルダンススタジオおすすめ,駅,A,12,KaQiLa～カキラ～スタジオ／株式会社キッズ・カンパニー,〒106-0032 東京都港区六本木２丁目４-９ アソルティー六本木一丁目６Ｆ,0,,六本木駅,566.0,24,駅近1000m以内 | 複数記事候補 | haversine:六本木駅(≤1200m)
六本木駅のレンタルダンススタジオおすすめ,駅,A,13,STUDIO TRON,"〒106-0031 東京都港区西麻布３丁目１７-１１ B1F,1F TRONビル",0,,六本木駅,688.0,24,駅近1000m以内 | 複数記事候補 | haversine:六本木駅(≤1200m)
六本木駅のレンタルダンススタジオおすすめ,駅,A,14,STUDIO SPACE COREDO NOGIZAKA｜スタジオスペース コレド 乃木坂,〒107-0052 東京都港区赤坂９丁目６-４１ B1,0,,青山一丁目駅,578.0,24,駅近1000m以内 | 複数記事候補 | haversine:六本木駅(≤1200m)
北千住駅のレンタルダンススタジオおすすめ,駅,A,1,AAPA 日の出町団地スタジオ,〒120-0021 東京都足立区日ノ出町２７ 日の出町団地１号棟 １０３,0,,北千住駅,287.0,29,駅近500m以内 | 複数記事候補 | haversine:北千住駅(≤1200m)
北千住駅のレンタルダンススタジオおすすめ,駅,A,2,レンタルスタジオ Gスクエア,〒120-0036 東京都足立区千住仲町１-２,0,,北千住駅,855.0,24,駅近1000m以内 | 複数記事候補 | haversine:北千住駅(≤1200m)
原宿駅のレンタルダンススタジオおすすめ,駅,A,1,BUZZ レンタルスタジオ 渋谷PARK店,〒150-0042 東京都渋谷区宇田川町１９-５,1,https://dance-studio-lab.com/room/YmNlM2RmNGMtNGI0Mi00ZTg4LTk4OTYtNjY4NWRiM2JmNzhm/detail,渋谷駅,448.0,135,提携 | 駅近500m以内 | 複数記事候補 | haversine:原宿駅(≤1200m)
原宿駅のレンタルダンススタジオおすすめ,駅,A,2,Studio-Bio,東京都渋谷区千駄ヶ谷3−41−12　シャトル千駄ヶ谷B1(地下),1,https://dance-studio-lab.com/room/MTI3NDc3MzgtMTBhMy00NGY2LWE3MGQtZmM5YzdiYjVmNzM2/detail,北参道駅,48.0,135,提携 | 駅近500m以内 | 複数記事候補 | haversine:原宿駅(≤1200m)
原宿駅のレンタルダンススタジオおすすめ,駅,A,3,原宿ダンススタジオ SHIN RENTAL STUDIO,〒151-0051 東京都渋谷区千駄ケ谷３丁目６０-４ 地下1階,0,,原宿駅,479.0,35,駅近500m以内 | 複数記事候補 | haversine:原宿駅(≤1200m)
原宿駅のレンタルダンススタジオおすすめ,駅,A,4,レンタルスタジオ Starshine,〒107-0061 東京都港区北青山３丁目５ 9KAZU表参道 202,0,,表参道駅,76.0,35,駅近500m以内 | 複数記事候補 | haversine:原宿駅(≤1200m)
原宿駅のレンタルダンススタジオおすすめ,駅,A,5,タヒチアンダンススタジオ ライマーラマ表参道,〒150-0001 東京都渋谷区神宮前５丁目１３-１４,0,,表参道駅,493.0,35,駅近500m以内 | 複数記事候補 | haversine:原宿駅(≤1200m)
原宿駅のレンタルダンススタジオおすすめ,駅,A,6,ナ・ホク・オ・カヘアラニ フラ＆タヒチアン,〒107-0061 東京都港区北青山３丁目５-９ KAZU表参道 202号室,0,,表参道駅,242.0,35,駅近500m以内 | 複数記事候補 | haversine:原宿駅(≤1200m)
原宿駅のレンタルダンススタジオおすすめ,駅,A,7,CARDIO BARRE SHIBUYA (カーディオ・バー 渋谷店),〒150-0002 東京都渋谷区渋谷１丁目１４-１１ BCサロン 地下１階,0,,渋谷駅,222.0,35,駅近500m以内 | 複数記事候補 | haversine:原宿駅(≤1200m)
原宿駅のレンタルダンススタジオおすすめ,駅,A,8,ノートルスタジオ,〒107-0062 東京都港区南青山３丁目５-１ O&K 南青山,0,,外苑前駅,384.0,35,駅近500m以内 | 複数記事候補 | haversine:原宿駅(≤1200m)
原宿駅のレンタルダンススタジオおすすめ,駅,A,9,『bco』 Private lesson/salon,〒150-0001 東京都渋谷区神宮前１丁目２１-１５ 2F奥 ナポレ原宿,0,,原宿駅,255.0,35,駅近500m以内 | 複数記事候補 | haversine:原宿駅(≤1200m)
原宿駅のレンタルダンススタジオおすすめ,駅,A,10,JOINT STUDO Harajuku,〒150-0001 東京都渋谷区神宮前４丁目２９-９ Ondenビル B1,0,,原宿駅,400.0,35,駅近500m以内 | 複数記事候補 | haversine:原宿駅(≤1200m)
原宿駅のレンタルダンススタジオおすすめ,駅,A,11,SOUTH MINT STUDIO 南青山,〒107-0062 東京都港区南青山２丁目２７-２０ B1F,0,,外苑前駅,167.0,35,駅近500m以内 | 複数記事候補 | haversine:原宿駅(≤1200m)
原宿駅のレンタルダンススタジオおすすめ,駅,A,12,外苑前アイランドスタジオ,〒150-0001 東京都渋谷区神宮前３丁目１-２５ 神宮前Ikビル 2階,0,,外苑前駅,322.0,35,駅近500m以内 | 複数記事候補 | haversine:原宿駅(≤1200m)
原宿駅のレンタルダンススタジオおすすめ,駅,A,13,宮益坂十間スタジオ,〒150-0002 東京都渋谷区渋谷１丁目１０-７ Ⅲ B1 (受付・Bスタジオ)、北館5F(Aスタジオ 宮益坂Stビル,0,,渋谷駅,406.0,35,駅近500m以内 | 複数記事候補 | haversine:原宿駅(≤1200m)
原宿駅のレンタルダンススタジオおすすめ,駅,A,14,Hina STUDIO（ヒナスタジオ）【目黒スタジオ】,東京都渋谷区神宮前6-23-11 パークサイドハイツ303,0,,明治神宮前〈原宿〉駅,488.0,33,駅近500m以内 | 複数記事候補 | haversine:原宿駅(≤1200m)
原宿駅のレンタルダンススタジオおすすめ,駅,A,15,FLASHスタジオ,〒150-0002 東京都渋谷区渋谷１丁目１０-２ グローリア宮益坂III 東館 3F,0,,渋谷駅,428.0,33,駅近500m以内 | 複数記事候補 | haversine:原宿駅(≤1200m)
吉祥寺駅のレンタルダンススタジオおすすめ,駅,A,1,レンタルスタジオ吉祥寺OLI（オリ）,〒180-0003 東京都武蔵野市吉祥寺南町２丁目２０-１ 吉祥寺オリンピックマンション B8,0,,吉祥寺駅,475.0,33,駅近500m以内 | 複数記事候補 | haversine:吉祥寺駅(≤1200m)
吉祥寺駅のレンタルダンススタジオおすすめ,駅,A,2,吉祥寺 レンタルスタジオ LC Rental,〒180-0004 東京都武蔵野市吉祥寺本町１丁目２４-７ 吉祥寺光ビル 6F,0,,吉祥寺駅,146.0,33,駅近500m以内 | 複数記事候補 | haversine:吉祥寺駅(≤1200m)
吉祥寺駅のレンタルダンススタジオおすすめ,駅,A,3,[吉祥寺ダンススタジオ] Studio Amrita NORTH,〒180-0004 東京都武蔵野市吉祥寺本町２丁目５-１０ いちご吉祥寺ビル B1,0,,吉祥寺駅,436.0,33,駅近500m以内 | 複数記事候補 | haversine:吉祥寺駅(≤1200m)
吉祥寺駅のレンタルダンススタジオおすすめ,駅,A,4,吉祥寺 レンタルスタジオ さんだる倶楽部,〒180-0003 東京都武蔵野市吉祥寺南町１丁目３０-１ パークヴィラ吉祥寺２階,0,,吉祥寺駅,395.0,33,駅近500m以内 | 複数記事候補 | haversine:吉祥寺駅(≤1200m)
吉祥寺駅のレンタルダンススタジオおすすめ,駅,A,5,TONIC DANCE STUDIO 吉祥寺,〒180-0002 東京都武蔵野市吉祥寺東町１丁目１０-２１ 地下1階 西郊ビル,0,,吉祥寺駅,393.0,33,駅近500m以内 | 複数記事候補 | haversine:吉祥寺駅(≤1200m)
吉祥寺駅のレンタルダンススタジオおすすめ,駅,A,6,吉祥寺ダンススタジオ【STUDIO55】スタジオゴーゴー,〒180-0004 東京都武蔵野市吉祥寺本町１丁目３３-１０ 丸二ビル,0,,吉祥寺駅,410.0,33,駅近500m以内 | 複数記事候補 | haversine:吉祥寺駅(≤1200m)
吉祥寺駅のレンタルダンススタジオおすすめ,駅,A,7,LIMITED Creaation. dance studio,〒180-0004 東京都武蔵野市１丁目２４-７ 吉祥寺光ビル 6F 吉祥寺,0,,吉祥寺駅,146.0,33,駅近500m以内 | 複数記事候補 | haversine:吉祥寺駅(≤1200m)
吉祥寺駅のレンタルダンススタジオおすすめ,駅,A,8,吉祥寺レンタルスペース[Studio Amrita WEST],"吉祥寺藤彩ビル B1, ２丁目-１７-１２ 吉祥寺本町 武蔵野市 東京都 180-0004",0,,吉祥寺駅,353.0,33,駅近500m以内 | 複数記事候補 | haversine:吉祥寺駅(≤1200m)
吉祥寺駅のレンタルダンススタジオおすすめ,駅,A,9,早坂ダンススタジオ,〒180-0003 東京都武蔵野市吉祥寺南町２丁目６-１,0,,吉祥寺駅,178.0,33,駅近500m以内 | 複数記事候補 | haversine:吉祥寺駅(≤1200m)
吉祥寺駅のレンタルダンススタジオおすすめ,駅,A,10,吉祥寺スタジオ・レダ,〒180-0002 東京都武蔵野市吉祥寺東町１丁目１１-１８ Ｍビル 2F,0,,吉祥寺駅,430.0,33,駅近500m以内 | 複数記事候補 | haversine:吉祥寺駅(≤1200m)
吉祥寺駅のレンタルダンススタジオおすすめ,駅,A,11,アカペラスタジオ ベースオントップ吉祥寺店,〒180-0004 東京都武蔵野市吉祥寺本町１丁目２０-３ B1F,0,,吉祥寺駅,312.0,33,駅近500m以内 | 複数記事候補 | haversine:吉祥寺駅(≤1200m)
吉祥寺駅のレンタルダンススタジオおすすめ,駅,A,12,ノアスタジオ 吉祥寺店,〒180-0004 東京都武蔵野市吉祥寺本町２丁目１６-１２ B１F,0,,吉祥寺駅,406.0,33,駅近500m以内 | 複数記事候補 | haversine:吉祥寺駅(≤1200m)
吉祥寺駅のレンタルダンススタジオおすすめ,駅,A,13,御殿山永谷ダンススタジオ,〒180-0005 東京都武蔵野市御殿山１丁目６-４ 太陽ビル,0,,吉祥寺駅,301.0,29,駅近500m以内 | 複数記事候補 | haversine:吉祥寺駅(≤1200m)
吉祥寺駅のレンタルダンススタジオおすすめ,駅,A,14,吉祥寺 三鷹 モリノスタジオ,〒181-0013 東京都三鷹市下連雀１丁目１７-４ GRATO井の頭公園 2F,0,,三鷹駅,923.0,28,駅近1000m以内 | 複数記事候補 | haversine:吉祥寺駅(≤1200m)
吉祥寺駅のレンタルダンススタジオおすすめ,駅,A,15,吉祥寺 吉すた レンタルスタジオ,〒180-0003 東京都武蔵野市吉祥寺南町２丁目２０-８ Ｋ＆Ｆビル 1Ｆ,0,,吉祥寺駅,564.0,24,駅近1000m以内 | 複数記事候補 | haversine:吉祥寺駅(≤1200m)
新大久保駅のレンタルダンススタジオおすすめ,駅,A,1,Dubwayレンタルスタジオ大久保,東京都新宿区百人町3-15-8,1,https://dance-studio-lab.com/room/YTIzMjllOTEtNzlhMy00YjBiLTgwMDctMGNhMDNkOTgwNDFh/detail,新大久保駅,660.0,122,提携 | 駅近1000m以内 | 複数記事候補 | primary_station:新大久保駅(≤1200m)
新大久保駅のレンタルダンススタジオおすすめ,駅,A,2,レンタルダンススタジオ LANDstudio 新宿店,〒169-0073 東京都新宿区百人町１丁目２２-１９ 筒井ビル B1F,0,,新大久保駅,276.0,35,駅近500m以内 | 複数記事候補 | primary_station:新大久保駅(≤1200m)
新大久保駅のレンタルダンススタジオおすすめ,駅,A,3,ALOK DANCE DORAMA COMPANY,〒169-0073 東京都新宿区百人町１丁目１３-９,0,,新大久保駅,279.0,35,駅近500m以内 | 複数記事候補 | primary_station:新大久保駅(≤1200m)
新大久保駅のレンタルダンススタジオおすすめ,駅,A,4,studio worcle okubo,〒169-0073 東京都新宿区百人町１丁目２１-５ 新宿Stビル,0,,新大久保駅,342.0,35,駅近500m以内 | 複数記事候補 | primary_station:新大久保駅(≤1200m)
新大久保駅のレンタルダンススタジオおすすめ,駅,A,5,Studioonda大久保,〒169-0073 東京都新宿区百人町１丁目２３-２ 3F,0,,新大久保駅,388.0,35,駅近500m以内 | 複数記事候補 | primary_station:新大久保駅(≤1200m)
新大久保駅のレンタルダンススタジオおすすめ,駅,A,6,赤レンガ・バレエスタジオStudioStyle+,〒169-0073 東京都新宿区百人町１丁目２４-８ 3F,0,,新大久保駅,347.0,35,駅近500m以内 | 複数記事候補 | primary_station:新大久保駅(≤1200m)
新大久保駅のレンタルダンススタジオおすすめ,駅,A,7,スタジオジパング大久保,〒169-0073 東京都新宿区百人町１丁目２３ みなみビル B1,0,,新大久保駅,331.0,35,駅近500m以内 | 複数記事候補 | primary_station:新大久保駅(≤1200m)
新大久保駅のレンタルダンススタジオおすすめ,駅,A,8,シュミネAスタジオStudioStyle+,〒169-0073 東京都新宿区百人町１丁目２４-７,0,,新大久保駅,374.0,35,駅近500m以内 | 複数記事候補 | primary_station:新大久保駅(≤1200m)
新大久保駅のレンタルダンススタジオおすすめ,駅,A,9,東京バレエ劇場,〒169-0073 東京都新宿区百人町１丁目１６-４,0,,新大久保駅,211.0,35,駅近500m以内 | 複数記事候補 | primary_station:新大久保駅(≤1200m)
新大久保駅のレンタルダンススタジオおすすめ,駅,A,10,新宿・大久保マイックル,〒169-0073 東京都新宿区百人町１丁目１９-２３,0,,新大久保駅,352.0,33,駅近500m以内 | 複数記事候補 | primary_station:新大久保駅(≤1200m)
新大久保駅のレンタルダンススタジオおすすめ,駅,A,11,スタジオ プリメーラ(スタジオ プリメラ),〒169-0072 東京都新宿区大久保２丁目８-８ 青葉ビル,0,,新大久保駅,678.0,26,駅近1000m以内 | 複数記事候補 | primary_station:新大久保駅(≤1200m)
新大久保駅のレンタルダンススタジオおすすめ,駅,A,12,新宿 大久保 BMT レンタルスタジオ,〒169-0074 東京都新宿区北新宿１丁目１３-１９ 弘林ビル Ｂ１Ｆ,0,,新大久保駅,614.0,24,駅近1000m以内 | 複数記事候補 | primary_station:新大久保駅(≤1200m)
新大久保駅のレンタルダンススタジオおすすめ,駅,A,13,StudioOnda東中野 Ondabuilding,〒169-0074 東京都新宿区北新宿４丁目３３-５,0,,新大久保駅,1133.0,16,複数記事候補 | primary_station:新大久保駅(≤1200m)
新橋駅のレンタルダンススタジオおすすめ,駅,A,1,レンタルスタジオAivic新橋,"東京都港区西新橋1-16-14 宮川ビル4階
",1,https://dance-studio-lab.com/room/M2EyMzEzOTUtMjkwNC00MmRlLWI3YWEtYjBiMmM1NGUzYzhl/detail,新橋駅,408.0,135,提携 | 駅近500m以内 | 複数記事候補 | haversine:新橋駅(≤1200m)
新橋駅のレンタルダンススタジオおすすめ,駅,A,2,レンタルスタジオ・レンタルスペース ZEAL STUDIOS,〒105-0004 東京都港区新橋３丁目５-１０ 新三ビル B1F,0,,新橋駅,347.0,35,駅近500m以内 | 複数記事候補 | haversine:新橋駅(≤1200m)
新橋駅のレンタルダンススタジオおすすめ,駅,A,3,銀座スタジオ ルアン,〒104-0061 東京都中央区銀座８丁目１０-２ ルアンビル 11階,0,,新橋駅,422.0,35,駅近500m以内 | 複数記事候補 | haversine:新橋駅(≤1200m)
新橋駅のレンタルダンススタジオおすすめ,駅,A,4,FACTORYカレッタスタジオ,〒105-7001 東京都港区東新橋１丁目８-１ B2 カレッタスタジオ,0,,新橋駅,354.0,35,駅近500m以内 | 複数記事候補 | haversine:新橋駅(≤1200m)
新橋駅のレンタルダンススタジオおすすめ,駅,A,5,Pole and Aerial Studio Polish 銀座店,〒104-0061 東京都中央区銀座７丁目８-１３ Brown Place 3階,0,,新橋駅,428.0,35,駅近500m以内 | 複数記事候補 | haversine:新橋駅(≤1200m)
新橋駅のレンタルダンススタジオおすすめ,駅,A,6,第一ホテル東京 フィットネス&アクアゾーン,〒100-0011 東京都千代田区内幸町１丁目５-３ 新幸橋ビルディング ビル内,0,,新橋駅,357.0,35,駅近500m以内 | 複数記事候補 | haversine:新橋駅(≤1200m)
新橋駅のレンタルダンススタジオおすすめ,駅,A,7,エストゥディオのりこ,〒105-0004 東京都港区１６ 東京都港区 2-16-1 340,0,,新橋駅,85.0,35,駅近500m以内 | 複数記事候補 | haversine:新橋駅(≤1200m)
新橋駅のレンタルダンススタジオおすすめ,駅,A,8,Another ONE+ （銀座レンタルスペース）,〒104-0061 東京都中央区銀座３丁目１２-１８ 新岩間ビル 3F,0,,有楽町駅,700.0,28,駅近1000m以内 | 複数記事候補 | haversine:新橋駅(≤1200m)
新橋駅のレンタルダンススタジオおすすめ,駅,A,9,アルゼンチンタンゴ協会,〒104-0061 東京都中央区銀座７丁目１４-７ 共栄銀座７丁目ビル,0,,新橋駅,579.0,26,駅近1000m以内 | 複数記事候補 | haversine:新橋駅(≤1200m)
新橋駅のレンタルダンススタジオおすすめ,駅,A,10,H?lau Hula Coco,〒104-0045 東京都中央区築地１丁目１２-１５ 三ツ田ビル 4F,0,,有楽町駅,967.0,26,駅近1000m以内 | 複数記事候補 | haversine:新橋駅(≤1200m)
新橋駅のレンタルダンススタジオおすすめ,駅,A,11,FINEDAY浜松町,〒105-0012 東京都港区芝大門１丁目２-２２ 2F(200 パレステュディオ芝大門,0,,浜松町駅,520.0,26,駅近1000m以内 | 複数記事候補 | haversine:新橋駅(≤1200m)
新橋駅のレンタルダンススタジオおすすめ,駅,A,12,デイ・ナイト株式会社,〒100-0011 東京都千代田区内幸町１丁目１-２ Ud日比谷ビル 7F,0,,新橋駅,507.0,26,駅近1000m以内 | 複数記事候補 | haversine:新橋駅(≤1200m)
新橋駅のレンタルダンススタジオおすすめ,駅,A,13,ブイラボミュージカル,〒105-0003 東京都港区西新橋３丁目２４,0,,浜松町駅,827.0,26,駅近1000m以内 | 複数記事候補 | haversine:新橋駅(≤1200m)
新橋駅のレンタルダンススタジオおすすめ,駅,A,14,セミナー &【JK Room 虎ノ門】,〒105-0003 東京都港区西新橋１丁目１９-１４ 大和ビル ３A,0,,新橋駅,564.0,26,駅近1000m以内 | 複数記事候補 | haversine:新橋駅(≤1200m)
新橋駅のレンタルダンススタジオおすすめ,駅,A,15,スタジオ ダ・ヴィンチ,"〒105-0021 東京都港区東新橋２丁目４-６ パラッツオシエナ 1 2,3F",0,,新橋駅,517.0,26,駅近1000m以内 | 複数記事候補 | haversine:新橋駅(≤1200m)
有楽町駅のレンタルダンススタジオおすすめ,駅,A,1,レンタルスタジオAivic新橋,"東京都港区西新橋1-16-14 宮川ビル4階
",1,https://dance-studio-lab.com/room/M2EyMzEzOTUtMjkwNC00MmRlLWI3YWEtYjBiMmM1NGUzYzhl/detail,新橋駅,408.0,135,提携 | 駅近500m以内 | 複数記事候補 | haversine:有楽町駅(≤1200m)
有楽町駅のレンタルダンススタジオおすすめ,駅,A,2,レンタルスタジオAivic築地,東京都中央区築地2-10-9 HARVEY築地4階,1,https://dance-studio-lab.com/room/Y2UzMzcxZTMtNDhlNS00ODEwLWJlOGYtZjA1ZjM5Y2YxNjE0/detail,築地駅,84.0,133,提携 | 駅近500m以内 | 複数記事候補 | candidate_station_fallback:有楽町駅
有楽町駅のレンタルダンススタジオおすすめ,駅,A,3,レンタルスタジオ・レンタルスペース ZEAL STUDIOS,〒105-0004 東京都港区新橋３丁目５-１０ 新三ビル B1F,0,,新橋駅,347.0,35,駅近500m以内 | 複数記事候補 | haversine:有楽町駅(≤1200m)
有楽町駅のレンタルダンススタジオおすすめ,駅,A,4,FACTORYカレッタスタジオ,〒105-7001 東京都港区東新橋１丁目８-１ B2 カレッタスタジオ,0,,新橋駅,354.0,35,駅近500m以内 | 複数記事候補 | haversine:有楽町駅(≤1200m)
有楽町駅のレンタルダンススタジオおすすめ,駅,A,5,銀座スタジオ ルアン,〒104-0061 東京都中央区銀座８丁目１０-２ ルアンビル 11階,0,,新橋駅,422.0,35,駅近500m以内 | 複数記事候補 | haversine:有楽町駅(≤1200m)
有楽町駅のレンタルダンススタジオおすすめ,駅,A,6,スタジオインディ 東京駅前店,〒104-0031 東京都中央区京橋１丁目４-１１ 竹本ビルディング ４階,0,,東京駅,397.0,35,駅近500m以内 | 複数記事候補 | haversine:有楽町駅(≤1200m)
有楽町駅のレンタルダンススタジオおすすめ,駅,A,7,第一ホテル東京 フィットネス&アクアゾーン,〒100-0011 東京都千代田区内幸町１丁目５-３ 新幸橋ビルディング ビル内,0,,新橋駅,357.0,35,駅近500m以内 | 複数記事候補 | haversine:有楽町駅(≤1200m)
有楽町駅のレンタルダンススタジオおすすめ,駅,A,8,Pole and Aerial Studio Polish 銀座店,〒104-0061 東京都中央区銀座７丁目８-１３ Brown Place 3階,0,,新橋駅,428.0,35,駅近500m以内 | 複数記事候補 | haversine:有楽町駅(≤1200m)
有楽町駅のレンタルダンススタジオおすすめ,駅,A,9,エストゥディオのりこ,〒105-0004 東京都港区１６ 東京都港区 2-16-1 340,0,,新橋駅,85.0,35,駅近500m以内 | 複数記事候補 | haversine:有楽町駅(≤1200m)
有楽町駅のレンタルダンススタジオおすすめ,駅,A,10,Another ONE+ （銀座レンタルスペース）,〒104-0061 東京都中央区銀座３丁目１２-１８ 新岩間ビル 3F,0,,有楽町駅,700.0,28,駅近1000m以内 | 複数記事候補 | haversine:有楽町駅(≤1200m)
有楽町駅のレンタルダンススタジオおすすめ,駅,A,11,レンタルスタジオ新富町 ?Danzatakara. Studio?,"Shintomi 2-1-7, Fujichuo building B1, 中央区 東京都 140-0041",0,,有楽町駅,891.0,26,駅近1000m以内 | 複数記事候補 | haversine:有楽町駅(≤1200m)
有楽町駅のレンタルダンススタジオおすすめ,駅,A,12,セミナー &【JK Room 虎ノ門】,〒105-0003 東京都港区西新橋１丁目１９-１４ 大和ビル ３A,0,,新橋駅,564.0,26,駅近1000m以内 | 複数記事候補 | haversine:有楽町駅(≤1200m)
有楽町駅のレンタルダンススタジオおすすめ,駅,A,13,H?lau Hula Coco,〒104-0045 東京都中央区築地１丁目１２-１５ 三ツ田ビル 4F,0,,有楽町駅,967.0,26,駅近1000m以内 | 複数記事候補 | haversine:有楽町駅(≤1200m)
有楽町駅のレンタルダンススタジオおすすめ,駅,A,14,大人バレエシェリ 東京銀座スタジオ,〒104-0061 東京都中央区銀座５丁目１４-６ 橋ビルⅡ B1,0,,有楽町駅,798.0,26,駅近1000m以内 | 複数記事候補 | haversine:有楽町駅(≤1200m)
有楽町駅のレンタルダンススタジオおすすめ,駅,A,15,デイ・ナイト株式会社,〒100-0011 東京都千代田区内幸町１丁目１-２ Ud日比谷ビル 7F,0,,新橋駅,507.0,26,駅近1000m以内 | 複数記事候補 | haversine:有楽町駅(≤1200m)
町田駅のレンタルダンススタジオおすすめ,駅,A,1,レンタルスタジオ STUDIO ZERO 町田ターミナル口店,〒194-0013 東京都町田市原町田４丁目７-３ 内藤ビル 地下1階B5号室,0,,町田駅,265.0,33,駅近500m以内 | 複数記事候補 | haversine:町田駅(≤1200m)
町田駅のレンタルダンススタジオおすすめ,駅,A,2,クラウドナインスタジオ 町田店,〒194-0013 東京都町田市原町田４丁目１１-１４ コロンブスビル 6F,0,,町田駅,213.0,33,駅近500m以内 | 複数記事候補 | haversine:町田駅(≤1200m)
町田駅のレンタルダンススタジオおすすめ,駅,A,3,YOKOTA BASE STUDIO,〒194-0013 東京都町田市原町田１丁目６-２４ 田島第二ビル,0,,町田駅,257.0,33,駅近500m以内 | 複数記事候補 | haversine:町田駅(≤1200m)
町田駅のレンタルダンススタジオおすすめ,駅,A,4,ボイトレ＆ダンスの NAYUTAS（ナユタス）町田校,〒194-0022 東京都町田市森野１丁目１４-９ ＭＫビル 森野2F,0,,町田駅,352.0,33,駅近500m以内 | 複数記事候補 | haversine:町田駅(≤1200m)
町田駅のレンタルダンススタジオおすすめ,駅,A,5,Caribbean explosion,〒194-0012 東京都町田市金森１丁目３-１ Hamanoya 202,0,,町田駅,991.0,24,駅近1000m以内 | 複数記事候補 | haversine:町田駅(≤1200m)
町田駅のレンタルダンススタジオおすすめ,駅,A,6,Funky Gang Dance Studio,〒194-0022 東京都町田市森野１丁目９-１７ B1,0,,町田駅,566.0,20,駅近1000m以内 | 複数記事候補 | haversine:町田駅(≤1200m)
町田駅のレンタルダンススタジオおすすめ,駅,A,7,レンタルスタジオ マイレッスン 町田スタジオ2号,〒194-0021 東京都町田市中町１丁目１５-１１,0,,町田駅,541.0,20,駅近1000m以内 | 複数記事候補 | haversine:町田駅(≤1200m)
目黒駅のレンタルダンススタジオおすすめ,駅,A,1,池田山ノブレスレンタルスタジオ（五反田駅）,〒141-0022 東京都品川区東五反田５丁目２４-７ ノブレス池田山 B1階,0,,五反田駅,120.0,35,駅近500m以内 | 複数記事候補 | haversine:目黒駅(≤1200m)
目黒駅のレンタルダンススタジオおすすめ,駅,A,2,Hidemi Dancing Vida,〒141-0021 東京都品川区上大崎２丁目１０-３２ フラワープラザビル 202,0,,目黒駅,198.0,35,駅近500m以内 | 複数記事候補 | haversine:目黒駅(≤1200m)
目黒駅のレンタルダンススタジオおすすめ,駅,A,3,SoyLatte STUDIO,〒141-0031 東京都品川区西五反田２丁目１７-８ 管野ビル ３F,0,,五反田駅,203.0,35,駅近500m以内 | 複数記事候補 | haversine:目黒駅(≤1200m)
目黒駅のレンタルダンススタジオおすすめ,駅,A,4,Pole and Aerial Studio POLISH五反田,〒141-0031 東京都品川区西五反田１丁目５-２ トラヤビル 7階,0,,五反田駅,112.0,35,駅近500m以内 | 複数記事候補 | haversine:目黒駅(≤1200m)
目黒駅のレンタルダンススタジオおすすめ,駅,A,5,Studio Bis,〒141-0031 東京都品川区西五反田２丁目１０-８ ドルミ五反田ドゥメゾン 3階,0,,五反田駅,246.0,35,駅近500m以内 | 複数記事候補 | haversine:目黒駅(≤1200m)
目黒駅のレンタルダンススタジオおすすめ,駅,A,6,恵比寿ヒルサイドスタジオ,〒150-0022 東京都渋谷区恵比寿南２丁目２１-８ 恵比寿ファインヒル B１,0,,恵比寿駅,453.0,35,駅近500m以内 | 複数記事候補 | haversine:目黒駅(≤1200m)
目黒駅のレンタルダンススタジオおすすめ,駅,A,7,スタジオペンタ五反田店,〒141-0022 東京都品川区東五反田１丁目１２-９,0,,五反田駅,169.0,35,駅近500m以内 | 複数記事候補 | haversine:目黒駅(≤1200m)
目黒駅のレンタルダンススタジオおすすめ,駅,A,8,ZITA アルゼンチンタンゴ,"Tokyo, 塚原ビル 4F, ２丁目-２７-２ 上大崎 品川区 東京都 141-0021",0,,目黒駅,83.0,33,駅近500m以内 | 複数記事候補 | haversine:目黒駅(≤1200m)
目黒駅のレンタルダンススタジオおすすめ,駅,A,9,恵比寿ガーデンプレイス,〒150-0013 東京都渋谷区恵比寿４丁目２０,0,,恵比寿駅,576.0,26,駅近1000m以内 | 複数記事候補 | haversine:目黒駅(≤1200m)
目黒駅のレンタルダンススタジオおすすめ,駅,A,10,スタジオ エモーティフ,〒141-0031 東京都品川区西五反田５丁目２２-５ 藤ハイム B1F,0,,五反田駅,911.0,26,駅近1000m以内 | 複数記事候補 | haversine:目黒駅(≤1200m)
目黒駅のレンタルダンススタジオおすすめ,駅,A,11,レンタルスタジオ,〒150-0013 東京都渋谷区恵比寿３丁目９-１５ 4階,0,,恵比寿駅,654.0,26,駅近1000m以内 | 複数記事候補 | haversine:目黒駅(≤1200m)
目黒駅のレンタルダンススタジオおすすめ,駅,A,12,ピアノスタジオノア 不動前店,〒141-0031 東京都品川区西五反田４丁目３２-１４,0,,五反田駅,878.0,26,駅近1000m以内 | 複数記事候補 | haversine:目黒駅(≤1200m)
目黒駅のレンタルダンススタジオおすすめ,駅,A,13,恵比寿ガーデンプレイスタワー,〒150-6003 東京都渋谷区恵比寿４丁目２０-３,0,,恵比寿駅,583.0,22,駅近1000m以内 | 複数記事候補 | haversine:目黒駅(≤1200m)
目黒駅のレンタルダンススタジオおすすめ,駅,A,14,水村繁子フラメンコスタジオ,〒153-0064 東京都目黒区下目黒２丁目２１-７,0,,目黒駅,605.0,20,駅近1000m以内 | 複数記事候補 | haversine:目黒駅(≤1200m)
目黒駅のレンタルダンススタジオおすすめ,駅,A,15,白金台恵比寿ミュージックスタジオ,〒108-0071 東京都港区白金台５丁目２-５ 502,0,,目黒駅,1050.0,18,複数記事候補 | haversine:目黒駅(≤1200m)
立川駅のレンタルダンススタジオおすすめ,駅,A,1,U210 【立川レンタルダンススタジオ】,〒190-0022 東京都立川市錦町２丁目２-２８ ＹＳ立川第二ビル １階,0,,立川駅,406.0,33,駅近500m以内 | 複数記事候補 | haversine:立川駅(≤1200m)
立川駅のレンタルダンススタジオおすすめ,駅,A,2,レンタルスタジオ マイレッスン 立川店,〒190-0023 東京都立川市柴崎町２丁目６-３ まるごビル,0,,立川駅,410.0,33,駅近500m以内 | 複数記事候補 | haversine:立川駅(≤1200m)
立川駅のレンタルダンススタジオおすすめ,駅,A,3,山田誠ダンススタジオ,〒190-0012 東京都立川市曙町２丁目３２-２ 中山本社ビル,0,,立川駅,441.0,33,駅近500m以内 | 複数記事候補 | haversine:立川駅(≤1200m)
立川駅のレンタルダンススタジオおすすめ,駅,A,4,レンタルスタジオreimei Tachikawa,〒190-0022 東京都立川市錦町２丁目１-３５ Ktd 錦町ビル 2F,0,,立川駅,279.0,33,駅近500m以内 | 複数記事候補 | haversine:立川駅(≤1200m)
立川駅のレンタルダンススタジオおすすめ,駅,A,5,ベストスタジオ立川,〒190-0022 東京都立川市錦町２丁目１-１０ エリア立川 302号室,0,,立川駅,348.0,33,駅近500m以内 | 複数記事候補 | haversine:立川駅(≤1200m)
立川駅のレンタルダンススタジオおすすめ,駅,A,6,スタジオ ランディン 立川校,〒190-0022 東京都立川市錦町２丁目２-５ アオイビル 2F,0,,立川駅,411.0,29,駅近500m以内 | 複数記事候補 | haversine:立川駅(≤1200m)
立川駅のレンタルダンススタジオおすすめ,駅,A,7,レンタルスタジオ STUDIO ZERO 立川南口店,〒190-0023 東京都立川市柴崎町２丁目７-８ エクセル立川 B1F,0,,立川駅,501.0,24,駅近1000m以内 | 複数記事候補 | haversine:立川駅(≤1200m)
立川駅のレンタルダンススタジオおすすめ,駅,A,8,レンタルスタジオ C-STUDIO,〒190-0022 東京都立川市錦町１丁目１０-２３ 光洋ビル 3F,0,,立川駅,635.0,24,駅近1000m以内 | 複数記事候補 | haversine:立川駅(≤1200m)
立川駅のレンタルダンススタジオおすすめ,駅,A,9,スタジオ ACTY,〒190-0023 東京都立川市柴崎町３丁目１４-６,0,,立川駅,521.0,20,駅近1000m以内 | 複数記事候補 | haversine:立川駅(≤1200m)
立川駅のレンタルダンススタジオおすすめ,駅,A,10,エーススタジオ,〒190-0022 東京都立川市錦町１丁目１０-９ 米澤ビル 2F,0,,立川駅,698.0,20,駅近1000m以内 | 複数記事候補 | haversine:立川駅(≤1200m)
蒲田駅のレンタルダンススタジオおすすめ,駅,A,1,蒲田COZYレンタルダンススタジオ,〒144-0052 東京都大田区蒲田５丁目６-１２ イワシタビル 2F,0,,蒲田駅,257.0,33,駅近500m以内 | 複数記事候補 | haversine:蒲田駅(≤1200m)
蒲田駅のレンタルダンススタジオおすすめ,駅,A,2,アメリカンスタイル専門の社交ダンスサークル 【Sunday Dance Cafe】,〒144-0051 東京都大田区西蒲田６丁目３２-１３ 月村マンション １F,0,,蒲田駅,633.0,24,駅近1000m以内 | 複数記事候補 | haversine:蒲田駅(≤1200m)
蒲田駅のレンタルダンススタジオおすすめ,駅,A,3,梅屋敷スタジオ５０１,〒144-0052 東京都大田区蒲田２丁目２２-１３,0,,蒲田駅,956.0,24,駅近1000m以内 | 複数記事候補 | haversine:蒲田駅(≤1200m)
表参道駅のレンタルダンススタジオおすすめ,駅,A,1,チェリッシュスタジオ11号館/12号館/13号館/14号館,東京都港区西麻布-2-21-22 WEST麻布2791ビル2階,1,https://dance-studio-lab.com/room/ZmMxMTg1ZGQtMjUyZS00NjZlLWE3YzMtZjllNWM1N2JhNTdj/detail,表参道駅,809.0,126,提携 | 駅近1000m以内 | 複数記事候補 | haversine:表参道駅(≤1200m)
表参道駅のレンタルダンススタジオおすすめ,駅,A,2,原宿ダンススタジオ SHIN RENTAL STUDIO,〒151-0051 東京都渋谷区千駄ケ谷３丁目６０-４ 地下1階,0,,原宿駅,479.0,35,駅近500m以内 | 複数記事候補 | haversine:表参道駅(≤1200m)
表参道駅のレンタルダンススタジオおすすめ,駅,A,3,BUZZ レンタルスタジオ 渋谷東口SQUARE店,〒150-0002 東京都渋谷区渋谷２丁目２２-８ 名取ビル 1F,0,,渋谷駅,177.0,35,駅近500m以内 | 複数記事候補 | haversine:表参道駅(≤1200m)
表参道駅のレンタルダンススタジオおすすめ,駅,A,4,dスタ（レンタルスタジオ）,〒107-0062 東京都港区南青山２丁目２４-１５ 青山タワービル 15F,0,,外苑前駅,68.0,35,駅近500m以内 | 複数記事候補 | haversine:表参道駅(≤1200m)
表参道駅のレンタルダンススタジオおすすめ,駅,A,5,レンタルスタジオ Starshine,〒107-0061 東京都港区北青山３丁目５ 9KAZU表参道 202,0,,表参道駅,76.0,35,駅近500m以内 | 複数記事候補 | haversine:表参道駅(≤1200m)
表参道駅のレンタルダンススタジオおすすめ,駅,A,6,表参道レンタルスタジオ スタジオ ティノラス,〒107-0062 東京都港区南青山５丁目１３-９,0,,表参道駅,491.0,35,駅近500m以内 | 複数記事候補 | haversine:表参道駅(≤1200m)
表参道駅のレンタルダンススタジオおすすめ,駅,A,7,タヒチアンダンススタジオ ライマーラマ表参道,〒150-0001 東京都渋谷区神宮前５丁目１３-１４,0,,表参道駅,493.0,35,駅近500m以内 | 複数記事候補 | haversine:表参道駅(≤1200m)
表参道駅のレンタルダンススタジオおすすめ,駅,A,8,ナ・ホク・オ・カヘアラニ フラ＆タヒチアン,〒107-0061 東京都港区北青山３丁目５-９ KAZU表参道 202号室,0,,表参道駅,242.0,35,駅近500m以内 | 複数記事候補 | haversine:表参道駅(≤1200m)
表参道駅のレンタルダンススタジオおすすめ,駅,A,9,CARDIO BARRE SHIBUYA (カーディオ・バー 渋谷店),〒150-0002 東京都渋谷区渋谷１丁目１４-１１ BCサロン 地下１階,0,,渋谷駅,222.0,35,駅近500m以内 | 複数記事候補 | haversine:表参道駅(≤1200m)
表参道駅のレンタルダンススタジオおすすめ,駅,A,10,『bco』 Private lesson/salon,〒150-0001 東京都渋谷区神宮前１丁目２１-１５ 2F奥 ナポレ原宿,0,,原宿駅,255.0,35,駅近500m以内 | 複数記事候補 | haversine:表参道駅(≤1200m)
表参道駅のレンタルダンススタジオおすすめ,駅,A,11,宮益坂十間スタジオ,〒150-0002 東京都渋谷区渋谷１丁目１０-７ Ⅲ B1 (受付・Bスタジオ)、北館5F(Aスタジオ 宮益坂Stビル,0,,渋谷駅,406.0,35,駅近500m以内 | 複数記事候補 | haversine:表参道駅(≤1200m)
表参道駅のレンタルダンススタジオおすすめ,駅,A,12,JOINT STUDO Harajuku,〒150-0001 東京都渋谷区神宮前４丁目２９-９ Ondenビル B1,0,,原宿駅,400.0,35,駅近500m以内 | 複数記事候補 | haversine:表参道駅(≤1200m)
表参道駅のレンタルダンススタジオおすすめ,駅,A,13,SOUTH MINT STUDIO 南青山,〒107-0062 東京都港区南青山２丁目２７-２０ B1F,0,,外苑前駅,167.0,35,駅近500m以内 | 複数記事候補 | haversine:表参道駅(≤1200m)
表参道駅のレンタルダンススタジオおすすめ,駅,A,14,ノートルスタジオ,〒107-0062 東京都港区南青山３丁目５-１ O&K 南青山,0,,外苑前駅,384.0,35,駅近500m以内 | 複数記事候補 | haversine:表参道駅(≤1200m)
表参道駅のレンタルダンススタジオおすすめ,駅,A,15,外苑前アイランドスタジオ,〒150-0001 東京都渋谷区神宮前３丁目１-２５ 神宮前Ikビル 2階,0,,外苑前駅,322.0,35,駅近500m以内 | 複数記事候補 | haversine:表参道駅(≤1200m)
西武新宿駅のレンタルダンススタジオおすすめ,駅,A,1,BUZZ レンタルスタジオ新宿コンシェルジュ店,〒160-0023 東京都新宿区西新宿７丁目１６-４ Concierge高橋 BF 地下 一階,1,https://dance-studio-lab.com/room/OGUzNmE0NzUtZDU1NS00ZjIyLTg4OGItNDYyOWI2YzkzOTA0/detail,西武新宿駅,292.0,135,提携 | 駅近500m以内 | 複数記事候補 | primary_station:西武新宿駅(≤1200m)
西武新宿駅のレンタルダンススタジオおすすめ,駅,A,2,BUZZ レンタルスタジオ 新宿ハウス店,〒160-0023 東京都新宿区西新宿７丁目１６-１,1,https://dance-studio-lab.com/room/MWYzNmNhZGMtMWZiNi00MjBiLWJjNzMtZmFmNjAxYmQ5MjA3/detail,西武新宿駅,276.0,135,提携 | 駅近500m以内 | 複数記事候補 | primary_station:西武新宿駅(≤1200m)
西武新宿駅のレンタルダンススタジオおすすめ,駅,A,3,Hina STUDIO(ヒナスタジオ)【新宿西口アネックス】,東京都新宿区西新宿7-15-4　YS第一ビルB1階,1,https://dance-studio-lab.com/room/NWQxZDIzMzUtNWMzOC00MzY4LWE4YmYtMWU3MDBkYWM3ZDY2/detail,西武新宿駅,234.0,133,提携 | 駅近500m以内 | 複数記事候補 | primary_station:西武新宿駅(≤1200m)
西武新宿駅のレンタルダンススタジオおすすめ,駅,A,4,ソニズレンタルスタジオ新宿店,〒160-0023 東京都新宿区西新宿７丁目２２-３１ 柏木 MURA B1F,0,,西武新宿駅,375.0,35,駅近500m以内 | 複数記事候補 | primary_station:西武新宿駅(≤1200m)
西武新宿駅のレンタルダンススタジオおすすめ,駅,A,5,新宿 だんすた レンタルスタジオ,〒160-0023 東京都新宿区西新宿７丁目１３-７ 3F4F タカラビル,0,,西武新宿駅,398.0,35,駅近500m以内 | 複数記事候補 | primary_station:西武新宿駅(≤1200m)
西武新宿駅のレンタルダンススタジオおすすめ,駅,A,6,レンタルスタジオ HIKARI 西新宿７丁目,〒160-0023 東京都新宿区西新宿７丁目１０-１７ B館 601号室,0,,西武新宿駅,234.0,35,駅近500m以内 | 複数記事候補 | primary_station:西武新宿駅(≤1200m)
西武新宿駅のレンタルダンススタジオおすすめ,駅,A,7,ノアスタジオ 新宿２号店,〒160-0023 東京都新宿区西新宿７丁目１０-１２,0,,西武新宿駅,259.0,35,駅近500m以内 | 複数記事候補 | primary_station:西武新宿駅(≤1200m)
西武新宿駅のレンタルダンススタジオおすすめ,駅,A,8,新宿マイスタジオ,〒160-0023 東京都新宿区西新宿７丁目９-１７ ６F・５F・４F 伊藤ビル,0,,西武新宿駅,263.0,35,駅近500m以内 | 複数記事候補 | primary_station:西武新宿駅(≤1200m)
西武新宿駅のレンタルダンススタジオおすすめ,駅,A,9,ROJIスタジオStudioStyle+,〒160-0023 東京都新宿区西新宿７丁目１５-１４,0,,西武新宿駅,265.0,35,駅近500m以内 | 複数記事候補 | primary_station:西武新宿駅(≤1200m)
西武新宿駅のレンタルダンススタジオおすすめ,駅,A,10,studio worcle shinjuku,〒160-0023 東京都新宿区西新宿７丁目１６-７ 第２１フジビル,0,,西武新宿駅,278.0,35,駅近500m以内 | 複数記事候補 | primary_station:西武新宿駅(≤1200m)
西武新宿駅のレンタルダンススタジオおすすめ,駅,A,11,ジャパンポールダンス,〒160-0021 東京都新宿区歌舞伎町１丁目２３-１２ 第一桑原ビル 5F,0,,西武新宿駅,161.0,31,駅近500m以内 | 複数記事候補 | primary_station:西武新宿駅(≤1200m)
西武新宿駅のレンタルダンススタジオおすすめ,駅,A,12,レンタルスタジオ 301,〒160-0021 東京都新宿区歌舞伎町２丁目８-１２ 新宿グリーンプラザ 301号,0,,西武新宿駅,507.0,26,駅近1000m以内 | 複数記事候補 | primary_station:西武新宿駅(≤1200m)
西武新宿駅のレンタルダンススタジオおすすめ,駅,A,13,Studio.m 新宿レンタルスタジオ,〒160-0022 東京都新宿区新宿５丁目１５?号２ 池与ビル ２０３,0,,西武新宿駅,642.0,26,駅近1000m以内 | 複数記事候補 | primary_station:西武新宿駅(≤1200m)
西武新宿駅のレンタルダンススタジオおすすめ,駅,A,14,新宿村スタジオ,〒169-0074 東京都新宿区北新宿２丁目１-２,0,,西武新宿駅,1011.0,16,複数記事候補 | primary_station:西武新宿駅(≤1200m)
赤坂駅のレンタルダンススタジオおすすめ,駅,A,1,BUZZ赤坂見附 ,東京都港区赤坂3-21-14TS 共和六番館地下1階,1,https://dance-studio-lab.com/room/NjYxZDU0NDMtOGEwNS00MDM3LTllNDktMzAyNTQ0MmVlMTE1/detail,赤坂駅,100.0,133,提携 | 駅近500m以内 | 複数記事候補 | haversine:赤坂駅(≤1200m)
赤坂駅のレンタルダンススタジオおすすめ,駅,A,2,BUZZ レンタルスタジオ赤坂店,〒107-0052 東京都港区赤坂２丁目１３-２０ Tsumugi ビル,0,,赤坂駅,148.0,33,駅近500m以内 | 複数記事候補 | haversine:赤坂駅(≤1200m)
赤坂駅のレンタルダンススタジオおすすめ,駅,A,3,ACFit 赤坂見附スタジオ,〒107-0052 東京都港区赤坂３丁目４-３ 赤坂マカベビル B1F,0,,赤坂駅,160.0,33,駅近500m以内 | 複数記事候補 | haversine:赤坂駅(≤1200m)
赤坂駅のレンタルダンススタジオおすすめ,駅,A,4,EXスタジオ麹町,〒102-0083 東京都千代田区麹町２丁目２-４ 麹町セントラルビル 5階,0,,半蔵門駅,105.0,33,駅近500m以内 | 複数記事候補 | haversine:赤坂駅(≤1200m)
赤坂駅のレンタルダンススタジオおすすめ,駅,A,5,DAYS赤坂見附,〒107-0052 東京都港区赤坂３丁目９-１ 紀陽 ビル,0,,赤坂駅,433.0,33,駅近500m以内 | 複数記事候補 | haversine:赤坂駅(≤1200m)
赤坂駅のレンタルダンススタジオおすすめ,駅,A,6,ノアスタジオ 赤坂店,〒107-0052 東京都港区赤坂３丁目１３-１２ 受付は隣のビル2Fとなります,0,,赤坂駅,62.0,33,駅近500m以内 | 複数記事候補 | haversine:赤坂駅(≤1200m)
赤坂駅のレンタルダンススタジオおすすめ,駅,A,7,たにどうダンスワールド,〒107-0052 東京都港区赤坂３丁目９-４ 赤坂扇やビル 4階,0,,赤坂駅,396.0,33,駅近500m以内 | 複数記事候補 | haversine:赤坂駅(≤1200m)
赤坂駅のレンタルダンススタジオおすすめ,駅,A,8,Pole Dance Tokyo ポールダンス東京,〒107-0052 東京都港区赤坂３丁目１６-８ 東海アネックスビルB1,0,,赤坂駅,150.0,33,駅近500m以内 | 複数記事候補 | haversine:赤坂駅(≤1200m)
赤坂駅のレンタルダンススタジオおすすめ,駅,A,9,Nari Gym (ナリジム),〒107-0052 東京都港区赤坂３丁目14番9号 赤坂清水ビル 2F,0,,赤坂駅,48.0,33,駅近500m以内 | 複数記事候補 | haversine:赤坂駅(≤1200m)
赤坂駅のレンタルダンススタジオおすすめ,駅,A,10,女性専用フィットネスジム ミットネス 赤坂店,〒107-0052 東京都港区赤坂４丁目３-６ ヒューリック赤坂一ツ木通ビル 3階,0,,赤坂駅,111.0,33,駅近500m以内 | 複数記事候補 | haversine:赤坂駅(≤1200m)
赤坂駅のレンタルダンススタジオおすすめ,駅,A,11,kokokara,〒102-0082 東京都千代田区一番町１３-１６ 一番町法眼坂ビル 1階,0,,半蔵門駅,181.0,29,駅近500m以内 | 複数記事候補 | haversine:赤坂駅(≤1200m)
赤坂駅のレンタルダンススタジオおすすめ,駅,A,12,BUZZ LIVE 赤坂,〒107-0052 東京都港区赤坂３丁目１５-３ 忍路ビル B1,0,,赤坂駅,100.0,29,駅近500m以内 | 複数記事候補 | haversine:赤坂駅(≤1200m)
赤坂駅のレンタルダンススタジオおすすめ,駅,A,13,Ballet Studio M'z,〒107-0052 東京都港区赤坂７丁目９-７ 小林ビル 5F,0,,赤坂駅,561.0,26,駅近1000m以内 | 複数記事候補 | haversine:赤坂駅(≤1200m)
赤坂駅のレンタルダンススタジオおすすめ,駅,A,14,赤坂茜山スタジオ,〒107-0052 東京都港区赤坂２丁目２１-１ 川本ビル Ｂ１Ｆ,0,,赤坂駅,502.0,26,駅近1000m以内 | 複数記事候補 | haversine:赤坂駅(≤1200m)
赤坂駅のレンタルダンススタジオおすすめ,駅,A,15,アルファビデオレンタルスタジオ,〒107-0051 東京都港区元赤坂１丁目５-７ ラベリテ赤坂 1階,0,,赤坂駅,534.0,24,駅近1000m以内 | 複数記事候補 | haversine:赤坂駅(≤1200m)
錦糸町駅のレンタルダンススタジオおすすめ,駅,A,1,studio_MINT 錦糸町,〒130-0012 東京都墨田区太平３丁目１-４,1,https://dance-studio-lab.com/room/ZDgyZDBlYjYtZWM1YS00MGNhLWI3YjEtZjRmNTEzZmU5NjE4/detail,錦糸町駅,356.0,135,提携 | 駅近500m以内 | 複数記事候補 | haversine:錦糸町駅(≤1200m)
錦糸町駅のレンタルダンススタジオおすすめ,駅,A,2,ロゼッタスタジオ錦糸町,〒130-0013 東京都墨田区錦糸２丁目１３-１ 堀越第一ビル 5F,0,,錦糸町駅,317.0,33,駅近500m以内 | 複数記事候補 | haversine:錦糸町駅(≤1200m)
錦糸町駅のレンタルダンススタジオおすすめ,駅,A,3,RSC MASAMI STUDIO,〒130-0013 東京都墨田区錦糸３丁目１１-１ 興和2ビル 6F,0,,錦糸町駅,283.0,29,駅近500m以内 | 複数記事候補 | haversine:錦糸町駅(≤1200m)
錦糸町駅のレンタルダンススタジオおすすめ,駅,A,4,Ballet & Dance TRE,〒130-0004 東京都墨田区本所３丁目７-９,0,,押上駅,971.0,26,駅近1000m以内 | 複数記事候補 | haversine:錦糸町駅(≤1200m)
錦糸町駅のレンタルダンススタジオおすすめ,駅,A,5,スタジオジパング 錦糸町スタジオSTANDARD,〒130-0012 東京都墨田区太平３丁目１４-１０ スズキビルディング 1階,0,,錦糸町駅,547.0,26,駅近1000m以内 | 複数記事候補 | haversine:錦糸町駅(≤1200m)
錦糸町駅のレンタルダンススタジオおすすめ,駅,A,6,Ballet & Dance UNO,〒130-0012 東京都墨田区太平３丁目１９-５ 鈴木ビル 1階,0,,錦糸町駅,664.0,26,駅近1000m以内 | 複数記事候補 | haversine:錦糸町駅(≤1200m)
錦糸町駅のレンタルダンススタジオおすすめ,駅,A,7,studio3,〒136-0071 東京都江東区亀戸１丁目３１-８ 北越ビル 2F,0,,錦糸町駅,1077.0,18,複数記事候補 | haversine:錦糸町駅(≤1200m)
錦糸町駅のレンタルダンススタジオおすすめ,駅,A,8,ウチノダンススタジオ,〒136-0071 東京都江東区亀戸２丁目３７-９ 第一不動産ビル,0,,錦糸町駅,1101.0,14,複数記事候補 | haversine:錦糸町駅(≤1200m)
高田馬場駅のレンタルダンススタジオおすすめ,駅,A,1,レンタルスタジオAivic高田馬場,東京都新宿区高田馬場1-31-8 高田馬場ダイカンプラザ1007,1,https://dance-studio-lab.com/room/M2JhMTAxM2EtZmMxNi00ODUwLTllNjUtNWQ4OTY3NmE2MWZj/detail,高田馬場駅,278.0,133,提携 | 駅近500m以内 | 複数記事候補 | haversine:高田馬場駅(≤1200m)
高田馬場駅のレンタルダンススタジオおすすめ,駅,A,2,BUZZ レンタルスタジオ 高田馬場店,〒169-0075 東京都新宿区高田馬場４丁目１４-６ 地下1階 第二長谷川マンション,1,https://dance-studio-lab.com/room/NjZiZWQwNjEtYmU0ZS00MDllLWI0M2UtNmYxZjdhOWUwY2Mz/detail,高田馬場駅,273.0,131,提携 | 駅近500m以内 | 複数記事候補 | haversine:高田馬場駅(≤1200m)
高田馬場駅のレンタルダンススタジオおすすめ,駅,A,3,Dubwayレンタルスタジオ大久保,東京都新宿区百人町3-15-8,1,https://dance-studio-lab.com/room/YTIzMjllOTEtNzlhMy00YjBiLTgwMDctMGNhMDNkOTgwNDFh/detail,新大久保駅,660.0,122,提携 | 駅近1000m以内 | 複数記事候補 | haversine:高田馬場駅(≤1200m)
高田馬場駅のレンタルダンススタジオおすすめ,駅,A,4,レンタルスタジオSunny 高田馬場1号店,〒169-0075 東京都新宿区高田馬場４丁目１-５ 5F,0,,高田馬場駅,290.0,33,駅近500m以内 | 複数記事候補 | haversine:高田馬場駅(≤1200m)
高田馬場駅のレンタルダンススタジオおすすめ,駅,A,5,レンタルスタジオSunny高田馬場2号店,〒169-0075 東京都高田馬場１丁目３４-２ 千葉ビル 1F,0,,高田馬場駅,62.0,33,駅近500m以内 | 複数記事候補 | haversine:高田馬場駅(≤1200m)
高田馬場駅のレンタルダンススタジオおすすめ,駅,A,6,スタジオキャンパス 高田馬場店,〒169-0075 東京都新宿区高田馬場４丁目２９-１ B1F,0,,高田馬場駅,483.0,33,駅近500m以内 | 複数記事候補 | haversine:高田馬場駅(≤1200m)
高田馬場駅のレンタルダンススタジオおすすめ,駅,A,7,レンタルスタジオ HIKARI 高田馬場,〒169-0075 東京都新宿区高田馬場４丁目４-１ M-haus B.L.D 3階,0,,高田馬場駅,67.0,33,駅近500m以内 | 複数記事候補 | haversine:高田馬場駅(≤1200m)
高田馬場駅のレンタルダンススタジオおすすめ,駅,A,8,演劇稽古場ファンファーレレンタルスタジオ高田馬場,〒169-0075 東京都新宿区高田馬場１丁目２１-４ 第５三池ビル B１F,0,,高田馬場駅,337.0,33,駅近500m以内 | 複数記事候補 | haversine:高田馬場駅(≤1200m)
高田馬場駅のレンタルダンススタジオおすすめ,駅,A,9,PLUS DANCE STUDIO,〒169-0075 東京都新宿区高田馬場４丁目１４-４,0,,高田馬場駅,267.0,33,駅近500m以内 | 複数記事候補 | haversine:高田馬場駅(≤1200m)
高田馬場駅のレンタルダンススタジオおすすめ,駅,A,10,SHOJIN Show-Base Tokyo,〒169-0075 東京都新宿区高田馬場４丁目１１-10VORT Briller4F SHOJIN Show-Base Tokyo,0,,高田馬場駅,184.0,33,駅近500m以内 | 複数記事候補 | haversine:高田馬場駅(≤1200m)
高田馬場駅のレンタルダンススタジオおすすめ,駅,A,11,アクセ・スタジオ,〒169-0075 東京都新宿区高田馬場４丁目１-７,0,,高田馬場駅,260.0,33,駅近500m以内 | 複数記事候補 | haversine:高田馬場駅(≤1200m)
高田馬場駅のレンタルダンススタジオおすすめ,駅,A,12,STUDIOFLAG高田馬場2号店,〒169-0075 東京都新宿区高田馬場２丁目１１-１ YOKE2ビル 地下1F,0,,高田馬場駅,455.0,33,駅近500m以内 | 複数記事候補 | haversine:高田馬場駅(≤1200m)
高田馬場駅のレンタルダンススタジオおすすめ,駅,A,13,studio arty 高田馬場,〒169-0075 東京都新宿区高田馬場３丁目５-３ 第90東京ビル ２F,0,,高田馬場駅,270.0,33,駅近500m以内 | 複数記事候補 | haversine:高田馬場駅(≤1200m)
高田馬場駅のレンタルダンススタジオおすすめ,駅,A,14,モダミカ アートプラザ,〒169-0075 東京都新宿区高田馬場１丁目３４-１２,0,,高田馬場駅,50.0,33,駅近500m以内 | 複数記事候補 | haversine:高田馬場駅(≤1200m)
高田馬場駅のレンタルダンススタジオおすすめ,駅,A,15,高田馬場 ペガサス,〒171-0033 東京都豊島区高田３丁目１３-８ 吉見ビル 2F,0,,高田馬場駅,368.0,33,駅近500m以内 | 複数記事候補 | haversine:高田馬場駅(≤1200m)
三軒茶屋駅のレンタルダンススタジオおすすめ,駅,B,1,レンタルスタジオマイレッスン 三軒茶屋店,〒154-0024 東京都世田谷区三軒茶屋１丁目３０-９,0,,三軒茶屋駅,235.0,23,駅近500m以内 | 複数記事候補 | primary_station:三軒茶屋駅(≤1200m)
三軒茶屋駅のレンタルダンススタジオおすすめ,駅,B,2,レンタルスタジオ KeikoBa P,〒154-0004 東京都世田谷区太子堂２丁目３０-５ 地下一階,0,,三軒茶屋駅,408.0,23,駅近500m以内 | 複数記事候補 | primary_station:三軒茶屋駅(≤1200m)
三軒茶屋駅のレンタルダンススタジオおすすめ,駅,B,3,ポールダンススタジオ Grace A,〒154-0024 東京都世田谷区三軒茶屋２丁目１４-１２ 三元ビル 403,0,,三軒茶屋駅,63.0,23,駅近500m以内 | 複数記事候補 | primary_station:三軒茶屋駅(≤1200m)
三軒茶屋駅のレンタルダンススタジオおすすめ,駅,B,4,STUDIO ELEVATE スタジオエレベート,〒154-0024 東京都世田谷区三軒茶屋２丁目１１-２４ サンタワーズＡ 棟401,0,,三軒茶屋駅,265.0,23,駅近500m以内 | 複数記事候補 | primary_station:三軒茶屋駅(≤1200m)
三軒茶屋駅のレンタルダンススタジオおすすめ,駅,B,5,スタジオアニマーダ,〒154-0024 東京都世田谷区三軒茶屋１丁目１６-８,0,,三軒茶屋駅,423.0,23,駅近500m以内 | 複数記事候補 | primary_station:三軒茶屋駅(≤1200m)
三軒茶屋駅のレンタルダンススタジオおすすめ,駅,B,6,三軒茶屋リーフスタジオ,〒154-0004 東京都世田谷区太子堂３丁目１４-８ 太子堂COMPLEX 3F 300号室,0,,三軒茶屋駅,385.0,23,駅近500m以内 | 複数記事候補 | primary_station:三軒茶屋駅(≤1200m)
三軒茶屋駅のレンタルダンススタジオおすすめ,駅,B,7,スタジオR&Y,〒154-0011 東京都世田谷区上馬２丁目３１-１３ フラワーホーム102,0,,三軒茶屋駅,624.0,14,駅近1000m以内 | 複数記事候補 | primary_station:三軒茶屋駅(≤1200m)
三軒茶屋駅のレンタルダンススタジオおすすめ,駅,B,8,スタジオマーティ 駒沢大学 / STUDIO marty Komazawa,〒154-0011 東京都世田谷区上馬２丁目２-５ ２F,0,,三軒茶屋駅,973.0,14,駅近1000m以内 | 複数記事候補 | primary_station:三軒茶屋駅(≤1200m)
三軒茶屋駅のレンタルダンススタジオおすすめ,駅,B,9,駒沢ダンスガーデン,〒154-0011 東京都世田谷区上馬３丁目７-８,0,,三軒茶屋駅,1165.0,6,複数記事候補 | primary_station:三軒茶屋駅(≤1200m)
三鷹駅のレンタルダンススタジオおすすめ,駅,B,1,emotionS Dance Studio,〒180-0006 東京都武蔵野市中町１丁目２５-１０ 三祐ビル B1F,0,,三鷹駅,220.0,25,駅近500m以内 | 複数記事候補 | haversine:三鷹駅(≤1200m)
三鷹駅のレンタルダンススタジオおすすめ,駅,B,2,三鷹レンタルスタジオRin,〒181-0013 東京都三鷹市下連雀３丁目２３-１２ アージェントビル 402,0,,三鷹駅,165.0,23,駅近500m以内 | 複数記事候補 | haversine:三鷹駅(≤1200m)
三鷹駅のレンタルダンススタジオおすすめ,駅,B,3,三鷹イレブン会館 永谷ダンススタジオ 貸会議室,〒180-0006 東京都武蔵野市中町２丁目１３-１,0,,三鷹駅,397.0,21,駅近500m以内 | 複数記事候補 | haversine:三鷹駅(≤1200m)
三鷹駅のレンタルダンススタジオおすすめ,駅,B,4,三鷹RI劇場(旧名三鷹RIスタジオ),〒181-0013 東京都三鷹市下連雀３丁目 榎本ビル 地下1階,0,,三鷹駅,235.0,19,駅近500m以内 | 複数記事候補 | haversine:三鷹駅(≤1200m)
三鷹駅のレンタルダンススタジオおすすめ,駅,B,5,吉祥寺 三鷹 モリノスタジオ,〒181-0013 東京都三鷹市下連雀１丁目１７-４ GRATO井の頭公園 2F,0,,三鷹駅,923.0,18,駅近1000m以内 | 複数記事候補 | haversine:三鷹駅(≤1200m)
三鷹駅のレンタルダンススタジオおすすめ,駅,B,6,レンタルスタジオOLI（オリ） 三鷹 ［定員30名 教室レッスン、スポットレンタルできます］,〒180-0013 東京都武蔵野市西久保２丁目１-１０ Ｙ’Ｓビル B１ ワイズビル,0,,三鷹駅,628.0,16,駅近1000m以内 | 複数記事候補 | haversine:三鷹駅(≤1200m)
下北沢駅のレンタルダンススタジオおすすめ,駅,B,1,スタジオセンティード Studio SENTIDO（レンタルスタジオ）,〒155-0031 東京都世田谷区北沢２丁目１８-５ 地下１階,0,,下北沢駅,253.0,23,駅近500m以内 | 複数記事候補 | primary_station:下北沢駅(≤1200m)
下北沢駅のレンタルダンススタジオおすすめ,駅,B,2,BRONX RENTAL STUDIO,〒155-0031 東京都世田谷区北沢２丁目５-１０,0,,下北沢駅,106.0,23,駅近500m以内 | 複数記事候補 | primary_station:下北沢駅(≤1200m)
下北沢駅のレンタルダンススタジオおすすめ,駅,B,3,スタジオハクーロ,〒155-0032 東京都世田谷区代沢２丁目４６ 三宅ビル,0,,下北沢駅,379.0,23,駅近500m以内 | 複数記事候補 | primary_station:下北沢駅(≤1200m)
下北沢駅のレンタルダンススタジオおすすめ,駅,B,4,下北沢 ヴィンテージスタジオ,〒155-0031 東京都世田谷区北沢２丁目２６-５ 伊澤ビル 3F,0,,下北沢駅,259.0,23,駅近500m以内 | 複数記事候補 | primary_station:下北沢駅(≤1200m)
下北沢駅のレンタルダンススタジオおすすめ,駅,B,5,ピアノスタジオノア 下北沢店,〒155-0031 東京都世田谷区北沢２丁目３４-８,0,,下北沢駅,201.0,23,駅近500m以内 | 複数記事候補 | primary_station:下北沢駅(≤1200m)
下北沢駅のレンタルダンススタジオおすすめ,駅,B,6,スタジオルゥ,〒155-0031 東京都世田谷区北沢１丁目３９-７ ＳＡビル 2F N,0,,下北沢駅,90.0,19,駅近500m以内 | 複数記事候補 | primary_station:下北沢駅(≤1200m)
下北沢駅のレンタルダンススタジオおすすめ,駅,B,7,アリスト バレエスタジオ,〒155-0031 東京都世田谷区北沢２丁目９-２１ ミナミ10号館ビル 4階,0,,下北沢駅,51.0,19,駅近500m以内 | 複数記事候補 | primary_station:下北沢駅(≤1200m)
下北沢駅のレンタルダンススタジオおすすめ,駅,B,8,演劇舞台稽古場 ファンファーレレンタルスタジオ代田環七（撮影レンタルスタジオとしても利用可）,〒156-0041 東京都世田谷区大原１丁目２３-１５ 三京ビル ６F,0,,下北沢駅,949.0,16,駅近1000m以内 | 複数記事候補 | primary_station:下北沢駅(≤1200m)
下北沢駅のレンタルダンススタジオおすすめ,駅,B,9,ダンススタジオ・レンタルスタジオ_DANCE SPACE 365,〒156-0041 東京都世田谷区大原１丁目２４-４ ローザ新代田 B1-2号室,0,,下北沢駅,869.0,14,駅近1000m以内 | 複数記事候補 | primary_station:下北沢駅(≤1200m)
下北沢駅のレンタルダンススタジオおすすめ,駅,B,10,池ノ上道場 / 池ノ上スタジオ Ikenoue-dojo/Ikenoue studio,〒155-0032 東京都世田谷区代沢２丁目４８-２１ ２階,0,,下北沢駅,520.0,14,駅近1000m以内 | 複数記事候補 | primary_station:下北沢駅(≤1200m)
下北沢駅のレンタルダンススタジオおすすめ,駅,B,11,田中美穂フラメンコスタジオ,〒155-0031 東京都世田谷区北沢４丁目３-２３,0,,下北沢駅,661.0,10,駅近1000m以内 | 複数記事候補 | primary_station:下北沢駅(≤1200m)
国分寺駅のレンタルダンススタジオおすすめ,駅,B,1,BUZZ レンタルスタジオ 西国分寺店,〒185-0024 東京都国分寺市泉町３丁目３７-２５ 天龍ビル B1,1,https://dance-studio-lab.com/room/ZDcyMzBmZWYtMzdiYS00YjY0LThmOGEtZDJjMzQxNTVlZDA2/detail,西国分寺駅,117.0,125,提携 | 駅近500m以内 | 複数記事候補 | candidate_station_fallback:国分寺駅
国分寺駅のレンタルダンススタジオおすすめ,駅,B,2,BUZZ レンタルスタジオ 国分寺店,〒185-0021 東京都国分寺市南町３丁目２７-７ 白馬ビル B1F,1,https://dance-studio-lab.com/room/ZjIzMWQ0ZjctM2ViOC00Yzg1LWExMzMtMGFkZDYwYzg1Mjhj/detail,国分寺駅,334.0,125,提携 | 駅近500m以内 | 複数記事候補 | haversine:国分寺駅(≤1200m)
国分寺駅のレンタルダンススタジオおすすめ,駅,B,3,レンタルスタジオクラッセ国分寺,〒185-0021 東京都国分寺市南町３丁目１８-２ 川端ビル ４階A,0,,国分寺駅,179.0,23,駅近500m以内 | 複数記事候補 | haversine:国分寺駅(≤1200m)
国分寺駅のレンタルダンススタジオおすすめ,駅,B,4,国分寺 プレイス レンタルスタジオ,〒185-0021 東京都国分寺市南町３丁目３-２０ ロイヤルプレイス南町 B1,0,,国分寺駅,404.0,23,駅近500m以内 | 複数記事候補 | haversine:国分寺駅(≤1200m)
国分寺駅のレンタルダンススタジオおすすめ,駅,B,5,Studio EFU（スタジオ エフ）,〒185-0012 東京都国分寺市本町２丁目２-１１ 鳥越ビル Ｂ１,0,,国分寺駅,124.0,23,駅近500m以内 | 複数記事候補 | haversine:国分寺駅(≤1200m)
国分寺駅のレンタルダンススタジオおすすめ,駅,B,6,Tap Dance Company Freiheit,〒185-0011 東京都国分寺市本多１丁目１-２０ Cross Stair B,0,,国分寺駅,413.0,23,駅近500m以内 | 複数記事候補 | haversine:国分寺駅(≤1200m)
国分寺駅のレンタルダンススタジオおすすめ,駅,B,7,宮地楽器 国分寺センター,〒185-0021 東京都国分寺市南町３丁目１２-２ 国分寺宮地ビル,0,,国分寺駅,316.0,23,駅近500m以内 | 複数記事候補 | haversine:国分寺駅(≤1200m)
国分寺駅のレンタルダンススタジオおすすめ,駅,B,8,Studio Landin' 国分寺校,〒185-0021 東京都国分寺市南町３丁目２２-３１ 島崎ビルB1F,0,,国分寺駅,254.0,19,駅近500m以内 | 複数記事候補 | haversine:国分寺駅(≤1200m)
国分寺駅のレンタルダンススタジオおすすめ,駅,B,9,スタジオ ノバック,〒185-0021 東京都国分寺市南町２丁目１７-７ B.C.B TAKURA 3F,0,,国分寺駅,235.0,19,駅近500m以内 | 複数記事候補 | haversine:国分寺駅(≤1200m)
国分寺駅のレンタルダンススタジオおすすめ,駅,B,10,スタジオＰＯＰ,〒185-0022 東京都国分寺市東元町２丁目２０-１１ アーバンコア,0,,国分寺駅,451.0,19,駅近500m以内 | 複数記事候補 | haversine:国分寺駅(≤1200m)
国分寺駅のレンタルダンススタジオおすすめ,駅,B,11,スタジオベルゼ-Studio Verger-,〒185-0021 東京都国分寺市南町２丁目１３-５ 地下1F ベルゼ国分寺,0,,国分寺駅,318.0,19,駅近500m以内 | 複数記事候補 | haversine:国分寺駅(≤1200m)
学芸大学駅のレンタルダンススタジオおすすめ,駅,B,1,Dancing Appaloosa ダンシング アパルーサ,〒152-0004 東京都目黒区鷹番３丁目４-１９ 江連ビル 3階 イズミダンススクール内,0,,学芸大学駅,53.0,23,駅近500m以内 | 複数記事候補 | primary_station:学芸大学駅(≤1200m)
学芸大学駅のレンタルダンススタジオおすすめ,駅,B,2,溶岩ホットヨガ LaLa Aasha（ララアーシャ）学芸大学,〒152-0004 東京都目黒区鷹番２丁目２０-６ Kh.01 3F,0,,学芸大学駅,154.0,23,駅近500m以内 | 複数記事候補 | primary_station:学芸大学駅(≤1200m)
学芸大学駅のレンタルダンススタジオおすすめ,駅,B,3,スタジオエイル,〒153-0053 東京都目黒区五本木３丁目１８-７ 第２飯島ビル,0,,学芸大学駅,365.0,19,駅近500m以内 | 複数記事候補 | primary_station:学芸大学駅(≤1200m)
学芸大学駅のレンタルダンススタジオおすすめ,駅,B,4,スタジオフラップ,〒152-0003 東京都目黒区碑文谷５丁目１４-１３,0,,学芸大学駅,735.0,14,駅近1000m以内 | 複数記事候補 | primary_station:学芸大学駅(≤1200m)
学芸大学駅のレンタルダンススタジオおすすめ,駅,B,5,ノアスタジオ 学芸大店,〒152-0003 東京都目黒区碑文谷５丁目２５-１０ 1F?7F ノアビル２２,0,,学芸大学駅,753.0,14,駅近1000m以内 | 複数記事候補 | primary_station:学芸大学駅(≤1200m)
学芸大学駅のレンタルダンススタジオおすすめ,駅,B,6,祐天寺 キッズダンス！ Navilla Dance School,〒153-0052 東京都目黒区祐天寺２丁目１５-１６,0,,学芸大学駅,940.0,14,駅近1000m以内 | 複数記事候補 | primary_station:学芸大学駅(≤1200m)
日暮里駅のレンタルダンススタジオおすすめ,駅,B,1,日暮里リーダンススタジオ,東京都荒川区西日暮里2-29-6秋山ビル301,1,https://dance-studio-lab.com/room/MjAxNTcyNmItYmQ2Ny00MmEzLWIyNjktODFkZmYxNGJiOTVh/detail,日暮里駅,232.0,123,提携 | 駅近500m以内 | 複数記事候補 | haversine:日暮里駅(≤1200m)
日暮里駅のレンタルダンススタジオおすすめ,駅,B,2,スタジオWITHテライダンスカンパニー,〒116-0014 東京都荒川区東日暮里６丁目４５-３ ハイウエストビル3F ハイウエストビル,0,,日暮里駅,426.0,23,駅近500m以内 | 複数記事候補 | haversine:日暮里駅(≤1200m)
日暮里駅のレンタルダンススタジオおすすめ,駅,B,3,BUZZ レンタルスタジオ 日暮里店,〒116-0014 東京都荒川区東日暮里６丁目６０-９ 日暮里駅前ビル B1F,0,,日暮里駅,151.0,19,駅近500m以内 | 複数記事候補 | haversine:日暮里駅(≤1200m)
日暮里駅のレンタルダンススタジオおすすめ,駅,B,4,ミライスタジオ上野,〒110-0003 東京都台東区根岸１丁目５-１３,0,,日暮里駅,943.0,18,駅近1000m以内 | 複数記事候補 | haversine:日暮里駅(≤1200m)
日暮里駅のレンタルダンススタジオおすすめ,駅,B,5,BUZZ レンタルスタジオ 上野店,〒110-0003 東京都台東区根岸３丁目６-３ 小林ビル 地下1階,0,,上野駅,975.0,18,駅近1000m以内 | 複数記事候補 | haversine:日暮里駅(≤1200m)
日暮里駅のレンタルダンススタジオおすすめ,駅,B,6,スタジオよもだ A館,〒110-0003 東京都台東区１２ 根岸2丁目12-11 スタジオよもだ,0,,日暮里駅,722.0,16,駅近1000m以内 | 複数記事候補 | haversine:日暮里駅(≤1200m)
日暮里駅のレンタルダンススタジオおすすめ,駅,B,7,あおちゃんダンスコミュニケーション サルサダンス ブラジルダンス 認知症予防ダンス,〒110-0003 東京都台東区根岸２丁目１２-１１,0,,日暮里駅,726.0,16,駅近1000m以内 | 複数記事候補 | haversine:日暮里駅(≤1200m)
日暮里駅のレンタルダンススタジオおすすめ,駅,B,8,スタジオＲ,〒110-0001 東京都台東区谷中２丁目８-１２,0,,日暮里駅,757.0,16,駅近1000m以内 | 複数記事候補 | haversine:日暮里駅(≤1200m)
日暮里駅のレンタルダンススタジオおすすめ,駅,B,9,スタジオよもだB館,〒110-0003 東京都台東区根岸２丁目１７-１,0,,日暮里駅,744.0,16,駅近1000m以内 | 複数記事候補 | haversine:日暮里駅(≤1200m)
日暮里駅のレンタルダンススタジオおすすめ,駅,B,10,BUZZ レンタルスタジオ 西日暮里店,〒116-0013 東京都荒川区西日暮里５丁目２４-２ Ｋ．Ｉビル 地下1階,0,,日暮里駅,595.0,14,駅近1000m以内 | 複数記事候補 | haversine:日暮里駅(≤1200m)
日暮里駅のレンタルダンススタジオおすすめ,駅,B,11,I.G.Oスタジオ,"4F, ３丁目-５-１ 西日暮里 荒川区 東京都 116-0013",0,,日暮里駅,619.0,14,駅近1000m以内 | 複数記事候補 | haversine:日暮里駅(≤1200m)
日暮里駅のレンタルダンススタジオおすすめ,駅,B,12,長谷川政義ダンスワールド,〒116-0013 東京都荒川区西日暮里６丁目４７-８ サンライズ21 2F,0,,日暮里駅,926.0,14,駅近1000m以内 | 複数記事候補 | haversine:日暮里駅(≤1200m)
日暮里駅のレンタルダンススタジオおすすめ,駅,B,13,スタジオHIKARI 上野,〒110-0003 東京都台東区根岸１丁目１-１５ ルンビニフードカフェ鶯谷店 4階,0,,上野駅,822.0,14,駅近1000m以内 | 複数記事候補 | haversine:日暮里駅(≤1200m)
日暮里駅のレンタルダンススタジオおすすめ,駅,B,14,白樺ドレス,〒116-0013 東京都荒川区西日暮里５丁目１４-１ 太陽ビル 2F,0,,日暮里駅,603.0,14,駅近1000m以内 | 複数記事候補 | haversine:日暮里駅(≤1200m)
日暮里駅のレンタルダンススタジオおすすめ,駅,B,15,スタジオプレステージ 根津スタジオ,〒110-0001 東京都台東区谷中２丁目６-５０,0,,日暮里駅,834.0,12,駅近1000m以内 | 複数記事候補 | haversine:日暮里駅(≤1200m)
池尻大橋駅のレンタルダンススタジオおすすめ,駅,B,1,池尻大橋レンタルスタジオY3,〒153-0043 東京都目黒区東山３丁目１-１９ メゾン池尻大橋 M.I.O Bldg 305,0,,池尻大橋駅,173.0,23,駅近500m以内 | 複数記事候補 | primary_station:池尻大橋駅(≤1200m)
池尻大橋駅のレンタルダンススタジオおすすめ,駅,B,2,三軒茶屋 銀杏の葉 レンタルダンススタジオ,〒154-0004 東京都世田谷区太子堂１丁目４-３３ アークビル 3F,0,,池尻大橋駅,750.0,14,駅近1000m以内 | 複数記事候補 | primary_station:池尻大橋駅(≤1200m)
池尻大橋駅のレンタルダンススタジオおすすめ,駅,B,3,Studio B,〒153-0041 東京都目黒区駒場３丁目５-６,0,,池尻大橋駅,859.0,14,駅近1000m以内 | 複数記事候補 | primary_station:池尻大橋駅(≤1200m)
池尻大橋駅のレンタルダンススタジオおすすめ,駅,B,4,株式会社expg family,〒153-0043 東京都目黒区東山１丁目２-２ 目黒東山スクエアビル 4F,0,,池尻大橋駅,886.0,14,駅近1000m以内 | 複数記事候補 | primary_station:池尻大橋駅(≤1200m)
池尻大橋駅のレンタルダンススタジオおすすめ,駅,B,5,駒場アートワークス,〒153-0041 東京都目黒区駒場２丁目１２-２,0,,池尻大橋駅,777.0,10,駅近1000m以内 | 複数記事候補 | primary_station:池尻大橋駅(≤1200m)
池尻大橋駅のレンタルダンススタジオおすすめ,駅,B,6,Dance Studio Linda 中目黒,〒153-0043 東京都目黒区東山１丁目４-１３ ASA東山ビル １F,0,,池尻大橋駅,1023.0,6,複数記事候補 | primary_station:池尻大橋駅(≤1200m)
自由が丘駅のレンタルダンススタジオおすすめ,駅,B,1,ダンススタジオANGELO★,〒152-0035 東京都目黒区自由が丘２丁目１６-２５ シグナルヒル B1,0,,自由が丘駅,270.0,23,駅近500m以内 | 複数記事候補 | primary_station:自由が丘駅(≤1200m)
自由が丘駅のレンタルダンススタジオおすすめ,駅,B,2,?JDS 自由が丘のレンタルスタジオ,〒152-0035 東京都目黒区自由が丘１丁目３-２２ JSDスタジオ,0,,自由が丘駅,278.0,23,駅近500m以内 | 複数記事候補 | primary_station:自由が丘駅(≤1200m)
自由が丘駅のレンタルダンススタジオおすすめ,駅,B,3,CARDIO BARRE JIYUGAOKA (カーディオ・バー 自由が丘店),〒152-0035 東京都目黒区自由が丘２丁目１０-４ ミルシェ自由が丘 5階,0,,自由が丘駅,132.0,23,駅近500m以内 | 複数記事候補 | primary_station:自由が丘駅(≤1200m)
自由が丘駅のレンタルダンススタジオおすすめ,駅,B,4,Musa studio《自由が丘レンタルスタジオ》,〒152-0034 東京都目黒区緑が丘２丁目１９-１１,0,,自由が丘駅,531.0,14,駅近1000m以内 | 複数記事候補 | primary_station:自由が丘駅(≤1200m)
自由が丘駅のレンタルダンススタジオおすすめ,駅,B,5,自由が丘 セレナヴィータ レンタルスタジオ,〒152-0035 東京都目黒区自由が丘２丁目３-１２ ２Ｆ－Ｂ セレナヴィータ自由が丘,0,,自由が丘駅,608.0,14,駅近1000m以内 | 複数記事候補 | primary_station:自由が丘駅(≤1200m)
自由が丘駅のレンタルダンススタジオおすすめ,駅,B,6,自由が丘フラスタジオ LAKI ALOHA,〒158-0083 東京都世田谷区奥沢２丁目４５-８,0,,自由が丘駅,597.0,14,駅近1000m以内 | 複数記事候補 | primary_station:自由が丘駅(≤1200m)
自由が丘駅のレンタルダンススタジオおすすめ,駅,B,7,サン・スタジオ,〒152-0034 東京都目黒区緑が丘２丁目７-８,0,,自由が丘駅,536.0,10,駅近1000m以内 | 複数記事候補 | primary_station:自由が丘駅(≤1200m)
自由が丘駅のレンタルダンススタジオおすすめ,駅,B,8,スタジオ クロア,〒145-0071 東京都大田区田園調布２丁目４６-３ ライトハウス田園調布 1F,0,,自由が丘駅,1156.0,6,複数記事候補 | primary_station:自由が丘駅(≤1200m)
自由が丘駅のレンタルダンススタジオおすすめ,駅,B,9,スタジオ クロア 第１スタジオ,〒145-0071 東京都大田区田園調布２丁目４６-１６,0,,自由が丘駅,1150.0,6,複数記事候補 | primary_station:自由が丘駅(≤1200m)
自由が丘駅のレンタルダンススタジオおすすめ,駅,B,10,自由が丘バレエレンタルスタジオ＆ピアノスタジオ 『バレット＆ピアノフォルテ』,〒158-0083 東京都世田谷区奥沢１丁目４４-２ 山里ビル,0,,自由が丘駅,1049.0,2,複数記事候補 | primary_station:自由が丘駅(≤1200m)
麻布十番駅のレンタルダンススタジオおすすめ,駅,B,1,Z-RAHZ DANCE STUDIO,〒106-0046 東京都港区元麻布１丁目２-２,0,,麻布十番駅,192.0,25,駅近500m以内 | 複数記事候補 | primary_station:麻布十番駅(≤1200m)
麻布十番駅のレンタルダンススタジオおすすめ,駅,B,2,レンタルスタジオStudioIrodori麻布十番店,〒106-0045 東京都港区麻布十番１丁目５番１ YKビル 3F,0,,麻布十番駅,385.0,25,駅近500m以内 | 複数記事候補 | primary_station:麻布十番駅(≤1200m)
麻布十番駅のレンタルダンススタジオおすすめ,駅,B,3,東京タワーメディアセンター,〒105-0011 東京都港区芝公園４丁目４-７ 東京タワーメディアセンタ 3F,0,,麻布十番駅,992.0,16,駅近1000m以内 | 複数記事候補 | primary_station:麻布十番駅(≤1200m)
麻布十番駅のレンタルダンススタジオおすすめ,駅,B,4,FREEDA LIFESTYLE＋,〒106-0044 東京都港区東麻布１丁目２６-８ プライム東麻布 3F,0,,麻布十番駅,921.0,16,駅近1000m以内 | 複数記事候補 | primary_station:麻布十番駅(≤1200m)
麻布十番駅のレンタルダンススタジオおすすめ,駅,B,5,タイムズ東京タワーサイド第２,〒105-0011 東京都港区芝公園４丁目４,0,,麻布十番駅,954.0,16,駅近1000m以内 | 複数記事候補 | primary_station:麻布十番駅(≤1200m)
麻布十番駅のレンタルダンススタジオおすすめ,駅,B,6,レンタルスタジオStudioIrodori赤羽橋,〒106-0044 東京都港区東麻布１丁目１８-７ リヴェールハヤシ B1F,0,,麻布十番駅,749.0,14,駅近1000m以内 | 複数記事候補 | primary_station:麻布十番駅(≤1200m)
麻布十番駅のレンタルダンススタジオおすすめ,駅,B,7,レンタルスタジオStudioIrodori白金高輪店,〒108-0072 東京都港区白金３丁目１-１２ 第2浅野ビル １０１号室,0,,麻布十番駅,967.0,14,駅近1000m以内 | 複数記事候補 | primary_station:麻布十番駅(≤1200m)
麻布十番駅のレンタルダンススタジオおすすめ,駅,B,8,シライシダンススタジオ,〒106-0047 東京都港区南麻布５丁目１０-２６ ＯＲＥ広尾ビル ２階,0,,麻布十番駅,1112.0,6,複数記事候補 | primary_station:麻布十番駅(≤1200m)
麻布十番駅のレンタルダンススタジオおすすめ,駅,B,9,広尾ピースオブモダンダンススタジオ,〒106-0047 東京都港区南麻布５丁目１３-１２,0,,麻布十番駅,1038.0,6,複数記事候補 | primary_station:麻布十番駅(≤1200m)
麻布十番駅のレンタルダンススタジオおすすめ,駅,B,10,タイムズ東京タワースタジオ前,"4 Chome-4 Shibak?en, Minato City, Tokyo 105-0011",0,,麻布十番駅,1030.0,6,複数記事候補 | primary_station:麻布十番駅(≤1200m)
南阿佐ケ谷駅のレンタルダンススタジオおすすめ,駅,C,1,レンタルスタジオOLI,〒166-0004 東京都杉並区阿佐谷南１丁目１５-１４ サンフェリーペ 101号室,0,,南阿佐ケ谷駅,144.0,23,駅近500m以内 | 複数記事候補 | primary_station:南阿佐ケ谷駅(≤1200m)
南阿佐ケ谷駅のレンタルダンススタジオおすすめ,駅,C,2,ソニズレンタルスタジオ南阿佐ヶ谷店,〒166-0015 東京都杉並区成田東５丁目３９-１２ グローリーハイツ南阿佐ケ谷榎本 B1F,0,,南阿佐ケ谷駅,116.0,23,駅近500m以内 | 複数記事候補 | primary_station:南阿佐ケ谷駅(≤1200m)
南阿佐ケ谷駅のレンタルダンススタジオおすすめ,駅,C,3,レンタルスタジオ 阿佐ヶ谷リノ,〒166-0015 東京都杉並区成田東５丁目２０-９,0,,南阿佐ケ谷駅,434.0,23,駅近500m以内 | 複数記事候補 | primary_station:南阿佐ケ谷駅(≤1200m)
南阿佐ケ谷駅のレンタルダンススタジオおすすめ,駅,C,4,TONIC DANCE STUDIO 阿佐ヶ谷,〒166-0004 東京都杉並区阿佐谷南３丁目１-２１ 徳和ビル 地下1階,0,,南阿佐ケ谷駅,248.0,23,駅近500m以内 | 複数記事候補 | primary_station:南阿佐ケ谷駅(≤1200m)
四谷三丁目駅のレンタルダンススタジオおすすめ,駅,C,1,ENCE Rental Studio 四谷三丁目【新宿エリアのレンタルスタジオ】,〒160-0017 東京都新宿区左門町１-１７ アパルトマン 四谷 102,0,,四谷三丁目駅,109.0,23,駅近500m以内 | 複数記事候補 | primary_station:四谷三丁目駅(≤1200m)
四谷三丁目駅のレンタルダンススタジオおすすめ,駅,C,2,ラシーヌスタジオ,〒160-0004 東京都新宿区四谷４丁目２５-１３ 濱庄ビル B101,0,,四谷三丁目駅,229.0,23,駅近500m以内 | 複数記事候補 | primary_station:四谷三丁目駅(≤1200m)
四谷三丁目駅のレンタルダンススタジオおすすめ,駅,C,3,スタジオ・ブリエ 四谷,〒160-0008 東京都新宿区四谷三栄町１２-２ 大久保ビル 1階,0,,四谷三丁目駅,430.0,23,駅近500m以内 | 複数記事候補 | primary_station:四谷三丁目駅(≤1200m)
四谷三丁目駅のレンタルダンススタジオおすすめ,駅,C,4,アルゼンチンタンゴ・ダンス チケ,〒160-0011 東京都新宿区若葉１丁目１-１ 2F,0,,四谷三丁目駅,225.0,23,駅近500m以内 | 複数記事候補 | primary_station:四谷三丁目駅(≤1200m)
四谷三丁目駅のレンタルダンススタジオおすすめ,駅,C,5,琉球スタジオCanDokoro,〒160-0007 東京都新宿区荒木町６-４ ラ・ベルロシェ 101,0,,四谷三丁目駅,295.0,19,駅近500m以内 | 複数記事候補 | primary_station:四谷三丁目駅(≤1200m)
四谷三丁目駅のレンタルダンススタジオおすすめ,駅,C,6,Studio sun and moon,〒160-0004 東京都新宿区四谷４丁目１３-５８,0,,四谷三丁目駅,302.0,19,駅近500m以内 | 複数記事候補 | primary_station:四谷三丁目駅(≤1200m)
外苑前駅のレンタルダンススタジオおすすめ,駅,C,1,dスタ（レンタルスタジオ）,〒107-0062 東京都港区南青山２丁目２４-１５ 青山タワービル 15F,0,,外苑前駅,68.0,25,駅近500m以内 | 複数記事候補 | primary_station:外苑前駅(≤1200m)
外苑前駅のレンタルダンススタジオおすすめ,駅,C,2,SOUTH MINT STUDIO 南青山,〒107-0062 東京都港区南青山２丁目２７-２０ B1F,0,,外苑前駅,167.0,25,駅近500m以内 | 複数記事候補 | primary_station:外苑前駅(≤1200m)
外苑前駅のレンタルダンススタジオおすすめ,駅,C,3,外苑前アイランドスタジオ,〒150-0001 東京都渋谷区神宮前３丁目１-２５ 神宮前Ikビル 2階,0,,外苑前駅,322.0,25,駅近500m以内 | 複数記事候補 | primary_station:外苑前駅(≤1200m)
外苑前駅のレンタルダンススタジオおすすめ,駅,C,4,ノートルスタジオ,〒107-0062 東京都港区南青山３丁目５-１ O&K 南青山,0,,外苑前駅,384.0,25,駅近500m以内 | 複数記事候補 | primary_station:外苑前駅(≤1200m)
外苑前駅のレンタルダンススタジオおすすめ,駅,C,5,東急スポーツオアシス 青山,"〒107-0061 東京都港区北青山２丁目８-４４, Tepia, B2F",0,,外苑前駅,332.0,25,駅近500m以内 | 複数記事候補 | primary_station:外苑前駅(≤1200m)
外苑前駅のレンタルダンススタジオおすすめ,駅,C,6,rjspace外苑前駅4番出口,〒107-0062 東京都港区南青山２丁目１４-１７ アートメイク・トキ 美容室内 ジョワレ南青山 第18吉田ビル 2F,0,,外苑前駅,247.0,21,駅近500m以内 | 複数記事候補 | primary_station:外苑前駅(≤1200m)
大井町駅のレンタルダンススタジオおすすめ,駅,C,1,studio opus-スタジオ オープス-,〒140-0014 東京都品川区大井４丁目１-３ TOKOビル B1F,0,,大井町駅,312.0,23,駅近500m以内 | 複数記事候補 | haversine:大井町駅(≤1200m)
大井町駅のレンタルダンススタジオおすすめ,駅,C,2,大井町店 レンタルスペースROOTS,〒140-0014 東京都品川区大井４丁目８-１１ L HOUSE 地下 一階,0,,大井町駅,434.0,23,駅近500m以内 | 複数記事候補 | haversine:大井町駅(≤1200m)
大井町駅のレンタルダンススタジオおすすめ,駅,C,3,ルミエールバレエスタジオ,〒140-0014 東京都品川区大井１丁目３１-１,0,,大井町駅,399.0,19,駅近500m以内 | 複数記事候補 | haversine:大井町駅(≤1200m)
大井町駅のレンタルダンススタジオおすすめ,駅,C,4,山県順子モダンバレエスタジオ,〒140-0014 東京都品川区大井３丁目４-８,0,,大井町駅,419.0,19,駅近500m以内 | 複数記事候補 | haversine:大井町駅(≤1200m)
大塚駅のレンタルダンススタジオおすすめ,駅,C,1,Dubway レンタルスタジオ大塚,東京都豊島区北大塚2-10-5 BMAビル　B1,1,https://dance-studio-lab.com/room/ODA1MWRkOGQtODA5Yi00NTRlLWIyNzktZmMyNWFkMTc3ZDY4/detail,大塚駅,241.0,123,提携 | 駅近500m以内 | 複数記事候補 | primary_station:大塚駅(≤1200m)
大塚駅のレンタルダンススタジオおすすめ,駅,C,2,レンタルスタジオAivic大塚,東京都豊島区北大塚2-9-7 豊島電気会館B1,1,https://dance-studio-lab.com/room/MjU5YzI0ZTUtYzE1MC00ODhmLWI2Y2MtNTk5YTFmMWIwMzZi/detail,大塚駅,274.0,123,提携 | 駅近500m以内 | 複数記事候補 | primary_station:大塚駅(≤1200m)
大塚駅のレンタルダンススタジオおすすめ,駅,C,3,monoダンススタジオ-レンタル,〒304 東京都豊島区北大塚２丁目２-１３ JP 1700004 大塚シャトレー・トーコー 304号室,0,,大塚駅,49.0,23,駅近500m以内 | 複数記事候補 | primary_station:大塚駅(≤1200m)
大泉学園駅のレンタルダンススタジオおすすめ,駅,C,1,大泉学園ノートル,"練馬区東大泉６丁目ー３４－４５ SKビルⅡ ２階 ３４, ３４ 練馬区 東京都 178-0063",0,,大泉学園駅,159.0,23,駅近500m以内 | 複数記事候補 | primary_station:大泉学園駅(≤1200m)
大泉学園駅のレンタルダンススタジオおすすめ,駅,C,2,レキップバレエスタジオ,〒178-0063 東京都練馬区東大泉１丁目３７-５,0,,大泉学園駅,107.0,23,駅近500m以内 | 複数記事候補 | primary_station:大泉学園駅(≤1200m)
大泉学園駅のレンタルダンススタジオおすすめ,駅,C,3,レンタルスタジオ ワンデースタジオ,〒178-0065 東京都練馬区西大泉１ リバーサイド本橋 Ｂ１Ｆ,0,,大泉学園駅,549.0,14,駅近1000m以内 | 複数記事候補 | primary_station:大泉学園駅(≤1200m)
大泉学園駅のレンタルダンススタジオおすすめ,駅,C,4,ＭＩＫＩバレエスタジオ,〒178-0063 東京都練馬区東大泉３丁目５０-３,0,,大泉学園駅,602.0,10,駅近1000m以内 | 複数記事候補 | primary_station:大泉学園駅(≤1200m)
小岩駅のレンタルダンススタジオおすすめ,駅,C,1,Dubway レンタルスタジオ小岩,東京都江戸川区北小岩1-3-4 102,1,https://dance-studio-lab.com/room/ZmU2YzI4MzYtZGY2ZC00YmZkLWI5MWItZDg0OTdkOTdmOGI5/detail,小岩駅,488.0,123,提携 | 駅近500m以内 | 複数記事候補 | primary_station:小岩駅(≤1200m)
小岩駅のレンタルダンススタジオおすすめ,駅,C,2,スタジオ・エルカミーノ,〒133-0057 東京都江戸川区西小岩１丁目１９-３２,0,,小岩駅,194.0,19,駅近500m以内 | 複数記事候補 | primary_station:小岩駅(≤1200m)
小岩駅のレンタルダンススタジオおすすめ,駅,C,3,スタジオレブローテ,〒133-0052 東京都江戸川区東小岩５丁目４-１４ 小岩セントラルビル,0,,小岩駅,367.0,19,駅近500m以内 | 複数記事候補 | primary_station:小岩駅(≤1200m)
府中駅のレンタルダンススタジオおすすめ,駅,C,1,ジムスタジオ IT'S MY TIME府中駅前店,〒183-0023 東京都府中市宮町１丁目23-３ 関口ビル 1階,0,,府中駅,505.0,14,駅近1000m以内 | 複数記事候補 | haversine:府中駅(≤1200m)
押上駅のレンタルダンススタジオおすすめ,駅,C,1,studio_MINT 錦糸町,〒130-0012 東京都墨田区太平３丁目１-４,1,https://dance-studio-lab.com/room/ZDgyZDBlYjYtZWM1YS00MGNhLWI3YjEtZjRmNTEzZmU5NjE4/detail,錦糸町駅,356.0,125,提携 | 駅近500m以内 | 複数記事候補 | candidate_station_fallback:押上駅
押上駅のレンタルダンススタジオおすすめ,駅,C,2,SORAスタジオ3,〒131-0045 東京都墨田区押上１丁目２９-２ 3,0,,押上駅,468.0,23,駅近500m以内 | 複数記事候補 | haversine:押上駅(≤1200m)
押上駅のレンタルダンススタジオおすすめ,駅,C,3,押上SORAスタジオ2,〒131-0045 東京都墨田区押上１丁目２５-５ 西原ビル １階,0,,押上駅,389.0,23,駅近500m以内 | 複数記事候補 | haversine:押上駅(≤1200m)
押上駅のレンタルダンススタジオおすすめ,駅,C,4,押上ＳＯＲＡスタジオ4,〒131-0045 東京都墨田区押上１丁目２８-４ 桐生ビル 1Ｆ,0,,押上駅,451.0,23,駅近500m以内 | 複数記事候補 | haversine:押上駅(≤1200m)
押上駅のレンタルダンススタジオおすすめ,駅,C,5,押上とうきょうスカイツリーSORAスタジオ,〒131-0045 東京都墨田区押上１丁目１３-１０ ２ 階,0,,押上駅,339.0,23,駅近500m以内 | 複数記事候補 | haversine:押上駅(≤1200m)
押上駅のレンタルダンススタジオおすすめ,駅,C,6,浅草スタジオ２２６,〒111-0033 東京都台東区花川戸２丁目２-６ エビスビル 7階,0,,浅草駅,459.0,23,駅近500m以内 | 複数記事候補 | haversine:押上駅(≤1200m)
押上駅のレンタルダンススタジオおすすめ,駅,C,7,Ballet & Dance UNO,〒130-0012 東京都墨田区太平３丁目１９-５ 鈴木ビル 1階,0,,錦糸町駅,664.0,16,駅近1000m以内 | 複数記事候補 | haversine:押上駅(≤1200m)
押上駅のレンタルダンススタジオおすすめ,駅,C,8,Ballet & Dance TRE,〒130-0004 東京都墨田区本所３丁目７-９,0,,押上駅,971.0,16,駅近1000m以内 | 複数記事候補 | haversine:押上駅(≤1200m)
押上駅のレンタルダンススタジオおすすめ,駅,C,9,スタジオジパング 錦糸町スタジオSTANDARD,〒130-0012 東京都墨田区太平３丁目１４-１０ スズキビルディング 1階,0,,錦糸町駅,547.0,16,駅近1000m以内 | 複数記事候補 | haversine:押上駅(≤1200m)
押上駅のレンタルダンススタジオおすすめ,駅,C,10,ACCA STUDIO,〒130-0005 東京都墨田区東駒形３丁目１９-１３,0,,押上駅,681.0,14,駅近1000m以内 | 複数記事候補 | haversine:押上駅(≤1200m)
早稲田駅のレンタルダンススタジオおすすめ,駅,C,1,HARA Studio,〒162-0042 東京都新宿区早稲田町７４-１４ 地下1F S.T ビル,0,,早稲田駅,80.0,23,駅近500m以内 | 複数記事候補 | primary_station:早稲田駅(≤1200m)
早稲田駅のレンタルダンススタジオおすすめ,駅,C,2,バレエアトリエリュミエール,〒169-0051 東京都新宿区西早稲田２丁目３-１ 早稲田奉仕園 奉仕園会館一号館地下一階 You-Iホール,0,,早稲田駅,464.0,19,駅近500m以内 | 複数記事候補 | primary_station:早稲田駅(≤1200m)
江戸川橋駅のレンタルダンススタジオおすすめ,駅,C,1,スタジオピアーチェ江戸川橋店,東京都文京区水道2-10-7エクセルビル地下一階,1,https://dance-studio-lab.com/room/NWM3NGU4NjAtNTU5MS00NzUyLTg5ZTQtZWM3NGYwZTliOGZj/detail,江戸川橋駅,141.0,121,提携 | 駅近500m以内 | 複数記事候補 | primary_station:江戸川橋駅(≤1200m)
江戸川橋駅のレンタルダンススタジオおすすめ,駅,C,2,Zsa Zsa Zsu Dance Studio ザザズ,〒112-0014 東京都文京区関口１丁目４８-５ 第２榎本ビル 2階,0,,江戸川橋駅,249.0,23,駅近500m以内 | 複数記事候補 | primary_station:江戸川橋駅(≤1200m)
江戸川橋駅のレンタルダンススタジオおすすめ,駅,C,3,Ohana Room Studio新宿,〒162-0801 東京都新宿区山吹町３４４ LOGビル 2F,0,,江戸川橋駅,281.0,23,駅近500m以内 | 複数記事候補 | primary_station:江戸川橋駅(≤1200m)
江戸川橋駅のレンタルダンススタジオおすすめ,駅,C,4,スペーススタジオ - Fresh!Studio,〒162-0041 東京都新宿区早稲田鶴巻町５７４ ＭＢＳ江戸川橋ビル 5階,0,,江戸川橋駅,492.0,23,駅近500m以内 | 複数記事候補 | primary_station:江戸川橋駅(≤1200m)
江戸川橋駅のレンタルダンススタジオおすすめ,駅,C,5,Zsa Zsa Zsu Studio,〒112-0014 東京都文京区関口１丁目６-９ 川田ビル 1階,0,,江戸川橋駅,184.0,23,駅近500m以内 | 複数記事候補 | primary_station:江戸川橋駅(≤1200m)
江戸川橋駅のレンタルダンススタジオおすすめ,駅,C,6,スタジオ With The Heart,"関口１丁目１５ー１ ミサオビルB１F, 文京区 東京都 112-0014",0,,江戸川橋駅,197.0,23,駅近500m以内 | 複数記事候補 | primary_station:江戸川橋駅(≤1200m)
江戸川橋駅のレンタルダンススタジオおすすめ,駅,C,7,ヨガスタジオ Peace of Mind,〒162-0041 東京都新宿区早稲田鶴巻町５４６ 新滝沢ビル 4階,0,,江戸川橋駅,576.0,10,駅近1000m以内 | 複数記事候補 | primary_station:江戸川橋駅(≤1200m)
浜松町駅のレンタルダンススタジオおすすめ,駅,C,1,レンタルスタジオ・レンタルスペース ZEAL STUDIOS,〒105-0004 東京都港区新橋３丁目５-１０ 新三ビル B1F,0,,新橋駅,347.0,25,駅近500m以内 | 複数記事候補 | haversine:浜松町駅(≤1200m)
浜松町駅のレンタルダンススタジオおすすめ,駅,C,2,FACTORYカレッタスタジオ,〒105-7001 東京都港区東新橋１丁目８-１ B2 カレッタスタジオ,0,,新橋駅,354.0,25,駅近500m以内 | 複数記事候補 | haversine:浜松町駅(≤1200m)
浜松町駅のレンタルダンススタジオおすすめ,駅,C,3,エストゥディオのりこ,〒105-0004 東京都港区１６ 東京都港区 2-16-1 340,0,,新橋駅,85.0,25,駅近500m以内 | 複数記事候補 | haversine:浜松町駅(≤1200m)
浜松町駅のレンタルダンススタジオおすすめ,駅,C,4,大門スタジオ,〒105-0012 東京都港区芝大門２丁目１０-１ 第一大門ビル,0,,浜松町駅,343.0,19,駅近500m以内 | 複数記事候補 | haversine:浜松町駅(≤1200m)
浜松町駅のレンタルダンススタジオおすすめ,駅,C,5,スタジオ アーキタンツ architanz,〒105-0023 東京都港区芝浦１丁目１３-１０,0,,田町駅,548.0,16,駅近1000m以内 | 複数記事候補 | haversine:浜松町駅(≤1200m)
浜松町駅のレンタルダンススタジオおすすめ,駅,C,6,ブイラボミュージカル,〒105-0003 東京都港区西新橋３丁目２４,0,,浜松町駅,827.0,16,駅近1000m以内 | 複数記事候補 | haversine:浜松町駅(≤1200m)
浜松町駅のレンタルダンススタジオおすすめ,駅,C,7,FINEDAY浜松町,〒105-0012 東京都港区芝大門１丁目２-２２ 2F(200 パレステュディオ芝大門,0,,浜松町駅,520.0,16,駅近1000m以内 | 複数記事候補 | haversine:浜松町駅(≤1200m)
浜松町駅のレンタルダンススタジオおすすめ,駅,C,8,FREEDA LIFESTYLE＋,〒106-0044 東京都港区東麻布１丁目２６-８ プライム東麻布 3F,0,,麻布十番駅,921.0,16,駅近1000m以内 | 複数記事候補 | haversine:浜松町駅(≤1200m)
浜松町駅のレンタルダンススタジオおすすめ,駅,C,9,タイムズ東京タワーサイド第２,〒105-0011 東京都港区芝公園４丁目４,0,,麻布十番駅,954.0,16,駅近1000m以内 | 複数記事候補 | haversine:浜松町駅(≤1200m)
浜松町駅のレンタルダンススタジオおすすめ,駅,C,10,東京タワーメディアセンター,〒105-0011 東京都港区芝公園４丁目４-７ 東京タワーメディアセンタ 3F,0,,麻布十番駅,992.0,16,駅近1000m以内 | 複数記事候補 | haversine:浜松町駅(≤1200m)
浜松町駅のレンタルダンススタジオおすすめ,駅,C,11,スタジオ ダ・ヴィンチ,"〒105-0021 東京都港区東新橋２丁目４-６ パラッツオシエナ 1 2,3F",0,,新橋駅,517.0,16,駅近1000m以内 | 複数記事候補 | haversine:浜松町駅(≤1200m)
浜松町駅のレンタルダンススタジオおすすめ,駅,C,12,Mita Dance Factory 芝スタジオ,"セレブ 釉 芝公園 1F, ２丁目-１６-１１ 芝 港区 東京都 105-0014",0,,浜松町駅,632.0,14,駅近1000m以内 | 複数記事候補 | haversine:浜松町駅(≤1200m)
浜松町駅のレンタルダンススタジオおすすめ,駅,C,13,TKPスター貸会議室 東京タワー通り,〒105-0011 東京都港区芝公園３丁目４-３０ 32芝公園ビル B2階,0,,浜松町駅,998.0,14,駅近1000m以内 | 複数記事候補 | haversine:浜松町駅(≤1200m)
浜松町駅のレンタルダンススタジオおすすめ,駅,C,14,SUMUZO STUDIO SHINBASHI,〒105-0004 東京都港区新橋６丁目７-３ アシスト新橋ビル,0,,新橋駅,555.0,12,駅近1000m以内 | 複数記事候補 | haversine:浜松町駅(≤1200m)
浜松町駅のレンタルダンススタジオおすすめ,駅,C,15,スタジオ レンズマン芝公園,〒105-0011 東京都港区芝公園２丁目１２-１５ 大国ビル 2F-A,0,,浜松町駅,518.0,10,駅近1000m以内 | 複数記事候補 | haversine:浜松町駅(≤1200m)
浦安駅のレンタルダンススタジオおすすめ,駅,C,1,ダンススクエア 浦安スタジオ,〒279-0002 千葉県浦安市北栄１丁目１-１５ 3階,0,,浦安駅,195.0,21,駅近500m以内 | 複数記事候補 | primary_station:浦安駅(≤1200m)
浦安駅のレンタルダンススタジオおすすめ,駅,C,2,MKH dance fit studio,〒279-0001 千葉県浦安市当代島１丁目１６-１９ 大塚ビル 3階,0,,浦安駅,155.0,21,駅近500m以内 | 複数記事候補 | primary_station:浦安駅(≤1200m)
浦安駅のレンタルダンススタジオおすすめ,駅,C,3,Studio Faith（スタジオフェイス）浦安校,〒279-0001 千葉県浦安市当代島１丁目１７-１９ 第2岡清ビル 5F,0,,浦安駅,203.0,21,駅近500m以内 | 複数記事候補 | primary_station:浦安駅(≤1200m)
浦安駅のレンタルダンススタジオおすすめ,駅,C,4,ペンテフラットスタジオ,〒279-0002 千葉県浦安市北栄１丁目１１-４０ １F ビル,0,,浦安駅,182.0,21,駅近500m以内 | 複数記事候補 | primary_station:浦安駅(≤1200m)
浦安駅のレンタルダンススタジオおすすめ,駅,C,5,Ohana Room Studio浦安,〒279-0002 千葉県浦安市北栄１丁目１５-５ レクス浦安駅前 ４F,0,,浦安駅,119.0,21,駅近500m以内 | 複数記事候補 | primary_station:浦安駅(≤1200m)
用賀駅のレンタルダンススタジオおすすめ,駅,C,1,レンタルスタジオKACHA,〒158-0097 東京都世田谷区用賀２丁目３８-１４ 天虎ビル 202,0,,用賀駅,130.0,23,駅近500m以内 | 複数記事候補 | primary_station:用賀駅(≤1200m)
用賀駅のレンタルダンススタジオおすすめ,駅,C,2,サムズダンススタジオ,〒158-0097 東京都世田谷区用賀４丁目１１-４ 福島第一ビル 2F,0,,用賀駅,85.0,23,駅近500m以内 | 複数記事候補 | primary_station:用賀駅(≤1200m)
用賀駅のレンタルダンススタジオおすすめ,駅,C,3,J's,〒158-0097 東京都世田谷区用賀３丁目２５-９,0,,用賀駅,485.0,23,駅近500m以内 | 複数記事候補 | primary_station:用賀駅(≤1200m)
用賀駅のレンタルダンススタジオおすすめ,駅,C,4,アトリエ エマーブル,〒158-0097 東京都世田谷区用賀３丁目１８-８ セントラルSOUI103,0,,用賀駅,374.0,23,駅近500m以内 | 複数記事候補 | primary_station:用賀駅(≤1200m)
田町駅のレンタルダンススタジオおすすめ,駅,C,1,Studio Cosmique（スタジオコスミーク）,〒108-0023 東京都港区芝浦２丁目１４ １４-１３ １ 階 Mck芝浦ビル,0,,田町駅,471.0,19,駅近500m以内 | 複数記事候補 | primary_station:田町駅(≤1200m)
田町駅のレンタルダンススタジオおすすめ,駅,C,2,スタジオマーティ,〒108-0073 東京都港区三田２丁目１４-４ １Ｆ,0,,田町駅,476.0,19,駅近500m以内 | 複数記事候補 | primary_station:田町駅(≤1200m)
田町駅のレンタルダンススタジオおすすめ,駅,C,3,スタジオ アーキタンツ architanz,〒105-0023 東京都港区芝浦１丁目１３-１０,0,,田町駅,548.0,16,駅近1000m以内 | 複数記事候補 | primary_station:田町駅(≤1200m)
田町駅のレンタルダンススタジオおすすめ,駅,C,4,リズムアートダンススタジオ,〒108-0023 東京都港区芝浦４丁目９-１８ グランドパレス田町2F,0,,田町駅,662.0,14,駅近1000m以内 | 複数記事候補 | primary_station:田町駅(≤1200m)
神保町駅のレンタルダンススタジオおすすめ,駅,C,1,BUZZ レンタルスタジオ 神田店,〒101-0047 東京都千代田区内神田２丁目９-９ 神田西口ビル B1F,1,https://dance-studio-lab.com/room/ODJkZDE5YzQtMTlhZS00NjNlLWJlZTQtNDA3NTU3MTQ5NDg5/detail,秋葉原駅,989.0,118,提携 | 駅近1000m以内 | 複数記事候補 | haversine:神保町駅(≤1200m)
神保町駅のレンタルダンススタジオおすすめ,駅,C,2,御茶ノ水 おちゃすた レンタルスタジオ,〒101-0052 東京都千代田区神田小川町３丁目１４-２ 漢陽ビル Ｂ1Ｆ,0,,神保町駅,305.0,25,駅近500m以内 | 複数記事候補 | haversine:神保町駅(≤1200m)
神保町駅のレンタルダンススタジオおすすめ,駅,C,3,alt studio (オルトスタジオ),〒101-0051 東京都千代田区神田神保町１丁目64-３ 神保町ビル 6F,0,,神保町駅,327.0,25,駅近500m以内 | 複数記事候補 | haversine:神保町駅(≤1200m)
神保町駅のレンタルダンススタジオおすすめ,駅,C,4,レンタルスペース リノスペcamp東京ドーム,〒101-0061 東京都千代田区神田三崎町２丁目１２-５ ニュー千代田ビル 3F-A,0,,水道橋駅,167.0,25,駅近500m以内 | 複数記事候補 | haversine:神保町駅(≤1200m)
神保町駅のレンタルダンススタジオおすすめ,駅,C,5,Estudio ILIA FLAMENCA,〒101-0051 東京都千代田区神田神保町１丁目２５-４ 神保町ビル B1 SH神田南,0,,神保町駅,281.0,23,駅近500m以内 | 複数記事候補 | haversine:神保町駅(≤1200m)
神保町駅のレンタルダンススタジオおすすめ,駅,C,6,レンタルスタジオ YOGA SPICE 神保町,〒101-0065 東京都千代田区西神田２丁目３-２ 牧ビル 402号室,0,,神保町駅,312.0,23,駅近500m以内 | 複数記事候補 | haversine:神保町駅(≤1200m)
神保町駅のレンタルダンススタジオおすすめ,駅,C,7,Rinky Dink Studio お茶の水 神保町店,〒101-0051 東京都千代田区 アイピー第1ビル 6F・7F・8F 神田神保町1-2-12,0,,神保町駅,231.0,23,駅近500m以内 | 複数記事候補 | haversine:神保町駅(≤1200m)
神保町駅のレンタルダンススタジオおすすめ,駅,C,8,水道橋ダンススタジオ,〒101-0061 東京都千代田区神田三崎町３丁目４-４ グラン水道橋,0,,水道橋駅,168.0,21,駅近500m以内 | 複数記事候補 | haversine:神保町駅(≤1200m)
神保町駅のレンタルダンススタジオおすすめ,駅,C,9,KBAバレエスタジオ御茶ノ水,〒113-0034 東京都文京区湯島１丁目１２-６ 地下1F 高関ビル,0,,秋葉原駅,763.0,18,駅近1000m以内 | 複数記事候補 | haversine:神保町駅(≤1200m)
神保町駅のレンタルダンススタジオおすすめ,駅,C,10,御茶ノ水 レンタルスタジオ,〒101-0062 東京都千代田区神田駿河台２丁目６-１５ ４Ｆ,0,,秋葉原駅,891.0,16,駅近1000m以内 | 複数記事候補 | haversine:神保町駅(≤1200m)
神保町駅のレンタルダンススタジオおすすめ,駅,C,11,EyeCandyポールダンス秋葉原スタジオ,〒101-0021 東京都千代田区外神田２丁目１-１３,0,,秋葉原駅,544.0,16,駅近1000m以内 | 複数記事候補 | haversine:神保町駅(≤1200m)
神保町駅のレンタルダンススタジオおすすめ,駅,C,12,HMVP大手町スタジオ,〒101-0047 東京都千代田区内神田１丁目７-１１ B2F,0,,東京駅,995.0,16,駅近1000m以内 | 複数記事候補 | haversine:神保町駅(≤1200m)
神保町駅のレンタルダンススタジオおすすめ,駅,C,13,ミライスタジオ御茶ノ水,〒101-0062 東京都千代田区神田駿河台２丁目４-２,0,,秋葉原駅,962.0,16,駅近1000m以内 | 複数記事候補 | haversine:神保町駅(≤1200m)
神保町駅のレンタルダンススタジオおすすめ,駅,C,14,リハーサルスタジオ,〒101-0048 東京都千代田区神田司町２丁目１３ 神田第四アメレックスビル B1,0,,秋葉原駅,800.0,12,駅近1000m以内 | 複数記事候補 | haversine:神保町駅(≤1200m)
神保町駅のレンタルダンススタジオおすすめ,駅,C,15,日本橋バレエ＆ダンススタジオ Studio LULL,〒101-0047 東京都千代田区内神田２丁目８-３ 新東ビル 2階,0,,秋葉原駅,1033.0,10,複数記事候補 | haversine:神保町駅(≤1200m)
経堂駅のレンタルダンススタジオおすすめ,駅,C,1,アロハホヌアフラスタジオ&レンタルスタジオ経堂,〒156-0052 東京都世田谷区経堂１丁目５-６ パルファム経堂 B1,0,,経堂駅,334.0,23,駅近500m以内 | 複数記事候補 | primary_station:経堂駅(≤1200m)
経堂駅のレンタルダンススタジオおすすめ,駅,C,2,NATURAglam 経堂スタジオ,〒156-0052 東京都世田谷区経堂１丁目２５-１８ 吉川水産ビル3階,0,,経堂駅,268.0,23,駅近500m以内 | 複数記事候補 | primary_station:経堂駅(≤1200m)
経堂駅のレンタルダンススタジオおすすめ,駅,C,3,スタジオ白猫屋 経堂R店,〒156-0052 東京都世田谷区経堂１丁目１１-１３ 長島ビル 3Ｆ,0,,経堂駅,203.0,23,駅近500m以内 | 複数記事候補 | primary_station:経堂駅(≤1200m)
経堂駅のレンタルダンススタジオおすすめ,駅,C,4,リリィ スタジオ&カフェ レンタルカフェ,〒156-0052 東京都世田谷区経堂２丁目７-１４-１０２,0,,経堂駅,261.0,23,駅近500m以内 | 複数記事候補 | primary_station:経堂駅(≤1200m)
経堂駅のレンタルダンススタジオおすすめ,駅,C,5,あやこバレエスタジオ,〒156-0051 東京都世田谷区４６ 宮坂3-46-3-1F,0,,経堂駅,569.0,10,駅近1000m以内 | 複数記事候補 | primary_station:経堂駅(≤1200m)
聖蹟桜ヶ丘駅のレンタルダンススタジオおすすめ,駅,C,1,キッズダンススタジオstudioCROSS（スタジオクロス）聖蹟桜ヶ丘クラス 多摩市 多摩カルチャーセンター,〒206-0011 東京都多摩市関戸４丁目73-１ よこくらビル 3階,0,,聖蹟桜ヶ丘駅,186.0,23,駅近500m以内 | 複数記事候補 | primary_station:聖蹟桜ヶ丘駅(≤1200m)
聖蹟桜ヶ丘駅のレンタルダンススタジオおすすめ,駅,C,2,Ballet Fl?gel バレエフリューゲル,〒206-0011 東京都多摩市関戸４丁目７３ ヴィータアネックスよこくらビル 3階,0,,聖蹟桜ヶ丘駅,181.0,19,駅近500m以内 | 複数記事候補 | primary_station:聖蹟桜ヶ丘駅(≤1200m)
聖蹟桜ヶ丘駅のレンタルダンススタジオおすすめ,駅,C,3,K DANCE STUDIO 1024,〒206-0002 東京都多摩市一ノ宮１丁目２５-２ ガーデンヒルズ聖蹟桜ヶ丘 1F,0,,聖蹟桜ヶ丘駅,614.0,14,駅近1000m以内 | 複数記事候補 | primary_station:聖蹟桜ヶ丘駅(≤1200m)
聖蹟桜ヶ丘駅のレンタルダンススタジオおすすめ,駅,C,4,ダンスレンタルスタジオ プラーナ,〒206-0011 東京都多摩市関戸２丁目３２-５ カネシロビルB1,0,,聖蹟桜ヶ丘駅,552.0,14,駅近1000m以内 | 複数記事候補 | primary_station:聖蹟桜ヶ丘駅(≤1200m)
葛西駅のレンタルダンススタジオおすすめ,駅,C,1,レンタルスタジオ葛西,〒134-0084 東京都江戸川区東葛西５丁目１-１４-２０２,0,,葛西駅,100.0,23,駅近500m以内 | 複数記事候補 | primary_station:葛西駅(≤1200m)
葛西駅のレンタルダンススタジオおすすめ,駅,C,2,Lanikai Dance Studio,〒134-0083 東京都江戸川区中葛西５丁目２０-１９ ローヤルマンション葛西 1階,0,,葛西駅,234.0,23,駅近500m以内 | 複数記事候補 | primary_station:葛西駅(≤1200m)
葛西駅のレンタルダンススタジオおすすめ,駅,C,3,舞空間ばくdance studio,〒134-0083 東京都江戸川区中葛西中葛西５丁目３４-７ 昭 産 ビル ７F,0,,葛西駅,70.0,23,駅近500m以内 | 複数記事候補 | primary_station:葛西駅(≤1200m)
葛西駅のレンタルダンススタジオおすすめ,駅,C,4,ダンススクエア 葛西スタジオ,〒134-0084 東京都江戸川区東葛西６丁目２-１０ 森ビル 7階,0,,葛西駅,134.0,23,駅近500m以内 | 複数記事候補 | primary_station:葛西駅(≤1200m)
葛西駅のレンタルダンススタジオおすすめ,駅,C,5,ナガトスタジオ,〒134-0084 東京都江戸川区東葛西５丁目４０-９,0,,葛西駅,688.0,14,駅近1000m以内 | 複数記事候補 | primary_station:葛西駅(≤1200m)
葛西駅のレンタルダンススタジオおすすめ,駅,C,6,バレエスタジオ ピアチェーレ,〒134-0085 東京都江戸川区南葛西１丁目１４-１３ シティパレス南葛西 302,0,,葛西駅,991.0,14,駅近1000m以内 | 複数記事候補 | primary_station:葛西駅(≤1200m)
蔵前駅のレンタルダンススタジオおすすめ,駅,C,1,スタジオブライト｜レンタル撮影スタジオ（完全予約制）,〒111-0051 東京都台東区蔵前４丁目３６-１３ タイルビル 4F,0,,蔵前駅,381.0,25,駅近500m以内 | 複数記事候補 | primary_station:蔵前駅(≤1200m)
蔵前駅のレンタルダンススタジオおすすめ,駅,C,2,ムーンプレイス レンタルスタジオ蔵前,〒111-0043 東京都台東区駒形２丁目１-５ ３階,0,,蔵前駅,224.0,23,駅近500m以内 | 複数記事候補 | primary_station:蔵前駅(≤1200m)
蔵前駅のレンタルダンススタジオおすすめ,駅,C,3,OnePlace Dance Studio,〒111-0053 東京都台東区浅草橋３丁目１９-２ 地下1階 冨士ビル,0,,蔵前駅,600.0,14,駅近1000m以内 | 複数記事候補 | primary_station:蔵前駅(≤1200m)
蔵前駅のレンタルダンススタジオおすすめ,駅,C,4,スタジオ21（レンタルスタジオ）,"竹中シャルム B1, ３丁目-１-３ 浅草橋 台東区 東京都 111-0053",0,,蔵前駅,643.0,10,駅近1000m以内 | 複数記事候補 | primary_station:蔵前駅(≤1200m)
蔵前駅のレンタルダンススタジオおすすめ,駅,C,5,アナログスタジオ,"笹屋ビル ２F, ４丁目-３４-８ 両国 墨田区 東京都 130-0026",0,,蔵前駅,1102.0,2,複数記事候補 | primary_station:蔵前駅(≤1200m)
西荻窪駅のレンタルダンススタジオおすすめ,駅,C,1,レンタルスタジオ西荻リノ,〒167-0042 東京都杉並区西荻北２丁目３-９ グランピア西荻窪 Ｂ101,0,,西荻窪駅,156.0,25,駅近500m以内 | 複数記事候補 | primary_station:西荻窪駅(≤1200m)
西荻窪駅のレンタルダンススタジオおすすめ,駅,C,2,MCSpace,〒167-0053 東京都杉並区西荻南２丁目２５-６ 西荻プラザビル B1F,0,,西荻窪駅,275.0,25,駅近500m以内 | 複数記事候補 | primary_station:西荻窪駅(≤1200m)
西荻窪駅のレンタルダンススタジオおすすめ,駅,C,3,西荻窪七宝レンタルスペース,〒167-0042 東京都杉並区西荻北３丁目２５-１ 七宝マンション 1階,0,,西荻窪駅,259.0,25,駅近500m以内 | 複数記事候補 | primary_station:西荻窪駅(≤1200m)
西荻窪駅のレンタルダンススタジオおすすめ,駅,C,4,クリエイティブスペース・フュージョン,〒167-0053 東京都杉並区西荻南３丁目２４-２４-１ 西荻マイロード 27,0,,西荻窪駅,141.0,25,駅近500m以内 | 複数記事候補 | primary_station:西荻窪駅(≤1200m)
西荻窪駅のレンタルダンススタジオおすすめ,駅,C,5,西荻窪永谷ダンススタジオ,〒167-0054 東京都杉並区松庵３丁目４０-９,0,,西荻窪駅,107.0,21,駅近500m以内 | 複数記事候補 | primary_station:西荻窪駅(≤1200m)
西荻窪駅のレンタルダンススタジオおすすめ,駅,C,6,スタジオLINOVA（リノ・バ）,〒167-0054 東京都杉並区松庵３丁目１-６ 松庵ユニオンビル B1,0,,西荻窪駅,552.0,16,駅近1000m以内 | 複数記事候補 | primary_station:西荻窪駅(≤1200m)
調布駅のレンタルダンススタジオおすすめ,駅,C,1,スタジオ白猫屋 調布店,〒182-0021 東京都調布市調布ケ丘１丁目34-５ 調布タカラビル 3階,0,,調布駅,415.0,23,駅近500m以内 | 複数記事候補 | haversine:調布駅(≤1200m)
調布駅のレンタルダンススタジオおすすめ,駅,C,2,スタジオ川口,〒182-0024 東京都調布市布田１丁目29-２ B1,0,,調布駅,200.0,19,駅近500m以内 | 複数記事候補 | haversine:調布駅(≤1200m)
調布駅のレンタルダンススタジオおすすめ,駅,C,3,MDL Studio (防音スタジオ),〒182-0021 東京都調布市調布ケ丘３丁目６９-２,0,,調布駅,1165.0,8,複数記事候補 | haversine:調布駅(≤1200m)
調布駅のレンタルダンススタジオおすすめ,駅,C,4,ソードミュージック多目的スタジオ,〒182-0015 東京都調布市八雲台２丁目１-１０,0,,調布駅,1056.0,6,複数記事候補 | haversine:調布駅(≤1200m)
調布駅のレンタルダンススタジオおすすめ,駅,C,5,フィットネス カルチャー＆アート テラ Terra,〒182-0025 東京都調布市多摩川５丁目７-６ 第３コーポ渡辺 2階,0,,調布駅,1045.0,6,複数記事候補 | haversine:調布駅(≤1200m)
都立大学駅のレンタルダンススタジオおすすめ,駅,C,1,ノアスタジオ 都立大２号店,〒152-0031 東京都目黒区中根１丁目２-２ 1F 受付,0,,都立大学駅,61.0,23,駅近500m以内 | 複数記事候補 | primary_station:都立大学駅(≤1200m)
都立大学駅のレンタルダンススタジオおすすめ,駅,C,2,ノアスタジオ 都立大店（ダンス・演劇）,〒152-0031 東京都目黒区中根１丁目７-２３ ＳＴビル,0,,都立大学駅,151.0,23,駅近500m以内 | 複数記事候補 | primary_station:都立大学駅(≤1200m)
駒込駅のレンタルダンススタジオおすすめ,駅,C,1,レンタルスタジオ池袋・駒込マイックル,〒114-0015 東京都北区中里２丁目１３-６,0,,駒込駅,334.0,23,駅近500m以内 | 複数記事候補 | primary_station:駒込駅(≤1200m)
駒込駅のレンタルダンススタジオおすすめ,駅,C,2,貸し会議室 & 全国蕎麦製粉会館【JK Room 駒込】,〒170-0003 東京都豊島区駒込１丁目４０-４ 全国蕎麦製粉協同組合４０１ コンフォート駒込,0,,駒込駅,168.0,23,駅近500m以内 | 複数記事候補 | primary_station:駒込駅(≤1200m)
駒込駅のレンタルダンススタジオおすすめ,駅,C,3,ART GROOVE,〒114-0015 東京都北区中里２丁目５-８ レイハウス駒込 302,0,,駒込駅,306.0,23,駅近500m以内 | 複数記事候補 | primary_station:駒込駅(≤1200m)
駒込駅のレンタルダンススタジオおすすめ,駅,C,4,ナッツ・レンタル・スタジオ,〒114-0014 東京都北区田端４丁目１-１１ クレールビル 1F,0,,駒込駅,469.0,19,駅近500m以内 | 複数記事候補 | primary_station:駒込駅(≤1200m)
駒込駅のレンタルダンススタジオおすすめ,駅,C,5,レンタルスタジオSunny 駒込店,〒113-0021 東京都文京区本駒込５丁目１９-９ ワコー本駒込マンション 地下1F,0,,駒込駅,526.0,14,駅近1000m以内 | 複数記事候補 | primary_station:駒込駅(≤1200m)
24時間使えるレンタルダンススタジオ 東京,条件,S,1,BUZZ レンタルスタジオ新宿コンシェルジュ店,〒160-0023 東京都新宿区西新宿７丁目１６-４ Concierge高橋 BF 地下 一階,1,https://dance-studio-lab.com/room/OGUzNmE0NzUtZDU1NS00ZjIyLTg4OGItNDYyOWI2YzkzOTA0/detail,西武新宿駅,292.0,145,提携 | 駅近500m以内 | 複数記事候補 | tag:feature:24h
24時間使えるレンタルダンススタジオ 東京,条件,S,2,BUZZ レンタルスタジオ 新宿ハウス店,〒160-0023 東京都新宿区西新宿７丁目１６-１,1,https://dance-studio-lab.com/room/MWYzNmNhZGMtMWZiNi00MjBiLWJjNzMtZmFmNjAxYmQ5MjA3/detail,西武新宿駅,276.0,145,提携 | 駅近500m以内 | 複数記事候補 | tag:feature:24h
24時間使えるレンタルダンススタジオ 東京,条件,S,3,BUZZ レンタルスタジオ 渋谷PARK店,〒150-0042 東京都渋谷区宇田川町１９-５,1,https://dance-studio-lab.com/room/YmNlM2RmNGMtNGI0Mi00ZTg4LTk4OTYtNjY4NWRiM2JmNzhm/detail,渋谷駅,448.0,145,提携 | 駅近500m以内 | 複数記事候補 | tag:feature:24h
24時間使えるレンタルダンススタジオ 東京,条件,S,4,BUZZ レンタルスタジオ 西国分寺店,〒185-0024 東京都国分寺市泉町３丁目３７-２５ 天龍ビル B1,1,https://dance-studio-lab.com/room/ZDcyMzBmZWYtMzdiYS00YjY0LThmOGEtZDJjMzQxNTVlZDA2/detail,西国分寺駅,117.0,145,提携 | 駅近500m以内 | 複数記事候補 | tag:feature:24h
24時間使えるレンタルダンススタジオ 東京,条件,S,5,BUZZ レンタルスタジオ 国分寺店,〒185-0021 東京都国分寺市南町３丁目２７-７ 白馬ビル B1F,1,https://dance-studio-lab.com/room/ZjIzMWQ0ZjctM2ViOC00Yzg1LWExMzMtMGFkZDYwYzg1Mjhj/detail,国分寺駅,334.0,145,提携 | 駅近500m以内 | 複数記事候補 | tag:feature:24h
24時間使えるレンタルダンススタジオ 東京,条件,S,6,BUZZ渋谷TOWER,東京都渋谷区東2-27-9],1,https://dance-studio-lab.com/room/YWZmOTdhZGMtMjk1MC00ODljLWE2YWUtMDRjMGM5NTIxZTg2/detail,渋谷駅,437.0,145,提携 | 駅近500m以内 | 複数記事候補 | tag:feature:24h
24時間使えるレンタルダンススタジオ 東京,条件,S,7,THビル貸し会議室 レンタルスタジオ,〒151-0053 東京都渋谷区代々木２丁目４-１ Thビル,1,https://dance-studio-lab.com/room/ZGYxYjYyNDgtMDEzOC00MjZhLTgyZDctODZlMDViYTQ0NDgy/detail,新宿駅,451.0,145,提携 | 駅近500m以内 | 複数記事候補 | tag:feature:24h
24時間使えるレンタルダンススタジオ 東京,条件,S,8,BUZZ竹ノ塚,〒121-0823 東京都足立区伊興３丁目１８-１９ ＮＹビル 3階,1,https://dance-studio-lab.com/room/Zjk4YThkNDItZDI4OC00MTRlLTg2NDgtYTgxZDUyYjgxMjQ2/detail,竹ノ塚駅,295.0,145,提携 | 駅近500m以内 | 複数記事候補 | tag:feature:24h
24時間使えるレンタルダンススタジオ 東京,条件,S,9,第一ホテル東京 フィットネス&アクアゾーン,〒100-0011 東京都千代田区内幸町１丁目５-３ 新幸橋ビルディング ビル内,0,,新橋駅,357.0,45,駅近500m以内 | 複数記事候補 | tag:feature:24h
24時間使えるレンタルダンススタジオ 東京,条件,S,10,Rei Dance Collection 駅前校,〒150-0002 東京都渋谷区渋谷３丁目２８-７ 青ビル B1F,0,,渋谷駅,324.0,45,駅近500m以内 | 複数記事候補 | tag:feature:24h
24時間使えるレンタルダンススタジオ 東京,条件,S,11,MCSpace,〒167-0053 東京都杉並区西荻南２丁目２５-６ 西荻プラザビル B1F,0,,西荻窪駅,275.0,45,駅近500m以内 | 複数記事候補 | tag:feature:24h
24時間使えるレンタルダンススタジオ 東京,条件,S,12,BUZZ レンタルスタジオ 渋谷東口SQUARE店,〒150-0002 東京都渋谷区渋谷２丁目２２-８ 名取ビル 1F,0,,渋谷駅,177.0,45,駅近500m以内 | 複数記事候補 | tag:feature:24h
24時間使えるレンタルダンススタジオ 東京,条件,S,13,Pole and Aerial Studio POLISH五反田,〒141-0031 東京都品川区西五反田１丁目５-２ トラヤビル 7階,0,,五反田駅,112.0,45,駅近500m以内 | 複数記事候補 | tag:feature:24h
24時間使えるレンタルダンススタジオ 東京,条件,S,14,JOINT STUDO Harajuku,〒150-0001 東京都渋谷区神宮前４丁目２９-９ Ondenビル B1,0,,原宿駅,400.0,45,駅近500m以内 | 複数記事候補 | tag:feature:24h
24時間使えるレンタルダンススタジオ 東京,条件,S,15,Hidemi Dancing Vida,〒141-0021 東京都品川区上大崎２丁目１０-３２ フラワープラザビル 202,0,,目黒駅,198.0,45,駅近500m以内 | 複数記事候補 | tag:feature:24h
駅近のレンタルダンススタジオ 東京,条件,S,1,BUZZ レンタルスタジオ 新宿ハウス店,〒160-0023 東京都新宿区西新宿７丁目１６-１,1,https://dance-studio-lab.com/room/MWYzNmNhZGMtMWZiNi00MjBiLWJjNzMtZmFmNjAxYmQ5MjA3/detail,西武新宿駅,276.0,145,提携 | 駅近500m以内 | 複数記事候補 | 駅近(≤500m)
駅近のレンタルダンススタジオ 東京,条件,S,2,BUZZ レンタルスタジオ 六本木店,〒106-0032 東京都港区六本木４丁目５-７ スタジオＤ 地下1階,1,https://dance-studio-lab.com/room/MGYxY2IwOWYtNDQ4ZS00MmEyLTliYTAtNzg1YjUyOTA0OTlj/detail,六本木駅,269.0,145,提携 | 駅近500m以内 | 複数記事候補 | 駅近(≤500m)
駅近のレンタルダンススタジオ 東京,条件,S,3,THビル貸し会議室 レンタルスタジオ,〒151-0053 東京都渋谷区代々木２丁目４-１ Thビル,1,https://dance-studio-lab.com/room/ZGYxYjYyNDgtMDEzOC00MjZhLTgyZDctODZlMDViYTQ0NDgy/detail,新宿駅,451.0,145,提携 | 駅近500m以内 | 複数記事候補 | 駅近(≤500m)
駅近のレンタルダンススタジオ 東京,条件,S,4,チェリッシュスタジオ9号館,東京都渋谷区鶯谷町15-7 ライブリーYSビル6階,1,https://dance-studio-lab.com/room/NGU3OTQ4YzEtMzA3OS00NDc3LThjODQtYWFkMmUzMTE4ZmFm/detail,渋谷駅,423.0,145,提携 | 駅近500m以内 | 複数記事候補 | 駅近(≤500m)
駅近のレンタルダンススタジオ 東京,条件,S,5,Studio-Bio,東京都渋谷区千駄ヶ谷3−41−12　シャトル千駄ヶ谷B1(地下),1,https://dance-studio-lab.com/room/MTI3NDc3MzgtMTBhMy00NGY2LWE3MGQtZmM5YzdiYjVmNzM2/detail,北参道駅,48.0,145,提携 | 駅近500m以内 | 複数記事候補 | 駅近(≤500m)
駅近のレンタルダンススタジオ 東京,条件,S,6,レンタルスタジオAivic新橋,"東京都港区西新橋1-16-14 宮川ビル4階
",1,https://dance-studio-lab.com/room/M2EyMzEzOTUtMjkwNC00MmRlLWI3YWEtYjBiMmM1NGUzYzhl/detail,新橋駅,408.0,145,提携 | 駅近500m以内 | 複数記事候補 | 駅近(≤500m)
駅近のレンタルダンススタジオ 東京,条件,S,7,studio_MINT 錦糸町,〒130-0012 東京都墨田区太平３丁目１-４,1,https://dance-studio-lab.com/room/ZDgyZDBlYjYtZWM1YS00MGNhLWI3YjEtZjRmNTEzZmU5NjE4/detail,錦糸町駅,356.0,145,提携 | 駅近500m以内 | 複数記事候補 | 駅近(≤500m)
駅近のレンタルダンススタジオ 東京,条件,S,8,レンタルスタジオAivic恵比寿,東京都渋谷区恵比寿西1-14-3 満栄佐藤ビル202,1,https://dance-studio-lab.com/room/MzMyZDY5NzktNDEzOS00MzAyLWJjNzEtMjZiMjNiNzUwNGMy/detail,恵比寿駅,233.0,145,提携 | 駅近500m以内 | 複数記事候補 | 駅近(≤500m)
駅近のレンタルダンススタジオ 東京,条件,S,9,赤レンガ・バレエスタジオStudioStyle+,〒169-0073 東京都新宿区百人町１丁目２４-８ 3F,0,,新大久保駅,347.0,45,駅近500m以内 | 複数記事候補 | 駅近(≤500m)
駅近のレンタルダンススタジオ 東京,条件,S,10,西荻窪七宝レンタルスペース,〒167-0042 東京都杉並区西荻北３丁目２５-１ 七宝マンション 1階,0,,西荻窪駅,259.0,45,駅近500m以内 | 複数記事候補 | 駅近(≤500m)
駅近のレンタルダンススタジオ 東京,条件,S,11,BUZZ レンタルスタジオ新宿4丁目店,〒160-0022 東京都新宿区新宿４丁目２-２１ 相模ビル B1F,0,,新宿駅,355.0,45,駅近500m以内 | 複数記事候補 | 駅近(≤500m)
駅近のレンタルダンススタジオ 東京,条件,S,12,ALOK DANCE DORAMA COMPANY,〒169-0073 東京都新宿区百人町１丁目１３-９,0,,新大久保駅,279.0,45,駅近500m以内 | 複数記事候補 | 駅近(≤500m)
駅近のレンタルダンススタジオ 東京,条件,S,13,alt studio (オルトスタジオ),〒101-0051 東京都千代田区神田神保町１丁目64-３ 神保町ビル 6F,0,,神保町駅,327.0,45,駅近500m以内 | 複数記事候補 | 駅近(≤500m)
駅近のレンタルダンススタジオ 東京,条件,S,14,レンタルダンススタジオ LANDstudio 新宿店,〒169-0073 東京都新宿区百人町１丁目２２-１９ 筒井ビル B1F,0,,新大久保駅,276.0,45,駅近500m以内 | 複数記事候補 | 駅近(≤500m)
駅近のレンタルダンススタジオ 東京,条件,S,15,BUZZ レンタルスタジオ 渋谷東口SQUARE店,〒150-0002 東京都渋谷区渋谷２丁目２２-８ 名取ビル 1F,0,,渋谷駅,177.0,45,駅近500m以内 | 複数記事候補 | 駅近(≤500m)
深夜利用OKのダンススタジオ 東京,条件,A,1,BUZZ レンタルスタジオ新宿コンシェルジュ店,〒160-0023 東京都新宿区西新宿７丁目１６-４ Concierge高橋 BF 地下 一階,1,https://dance-studio-lab.com/room/OGUzNmE0NzUtZDU1NS00ZjIyLTg4OGItNDYyOWI2YzkzOTA0/detail,西武新宿駅,292.0,135,提携 | 駅近500m以内 | 複数記事候補 | tag:feature:midnight
深夜利用OKのダンススタジオ 東京,条件,A,2,BUZZ レンタルスタジオ 新宿ハウス店,〒160-0023 東京都新宿区西新宿７丁目１６-１,1,https://dance-studio-lab.com/room/MWYzNmNhZGMtMWZiNi00MjBiLWJjNzMtZmFmNjAxYmQ5MjA3/detail,西武新宿駅,276.0,135,提携 | 駅近500m以内 | 複数記事候補 | tag:feature:midnight
深夜利用OKのダンススタジオ 東京,条件,A,3,BUZZ レンタルスタジオ 渋谷PARK店,〒150-0042 東京都渋谷区宇田川町１９-５,1,https://dance-studio-lab.com/room/YmNlM2RmNGMtNGI0Mi00ZTg4LTk4OTYtNjY4NWRiM2JmNzhm/detail,渋谷駅,448.0,135,提携 | 駅近500m以内 | 複数記事候補 | tag:feature:midnight
深夜利用OKのダンススタジオ 東京,条件,A,4,BUZZ レンタルスタジオ 西国分寺店,〒185-0024 東京都国分寺市泉町３丁目３７-２５ 天龍ビル B1,1,https://dance-studio-lab.com/room/ZDcyMzBmZWYtMzdiYS00YjY0LThmOGEtZDJjMzQxNTVlZDA2/detail,西国分寺駅,117.0,135,提携 | 駅近500m以内 | 複数記事候補 | tag:feature:midnight
深夜利用OKのダンススタジオ 東京,条件,A,5,BUZZ レンタルスタジオ 国分寺店,〒185-0021 東京都国分寺市南町３丁目２７-７ 白馬ビル B1F,1,https://dance-studio-lab.com/room/ZjIzMWQ0ZjctM2ViOC00Yzg1LWExMzMtMGFkZDYwYzg1Mjhj/detail,国分寺駅,334.0,135,提携 | 駅近500m以内 | 複数記事候補 | tag:feature:midnight
深夜利用OKのダンススタジオ 東京,条件,A,6,BUZZ渋谷TOWER,東京都渋谷区東2-27-9],1,https://dance-studio-lab.com/room/YWZmOTdhZGMtMjk1MC00ODljLWE2YWUtMDRjMGM5NTIxZTg2/detail,渋谷駅,437.0,135,提携 | 駅近500m以内 | 複数記事候補 | tag:feature:midnight
深夜利用OKのダンススタジオ 東京,条件,A,7,THビル貸し会議室 レンタルスタジオ,〒151-0053 東京都渋谷区代々木２丁目４-１ Thビル,1,https://dance-studio-lab.com/room/ZGYxYjYyNDgtMDEzOC00MjZhLTgyZDctODZlMDViYTQ0NDgy/detail,新宿駅,451.0,135,提携 | 駅近500m以内 | 複数記事候補 | tag:feature:midnight
深夜利用OKのダンススタジオ 東京,条件,A,8,BUZZ竹ノ塚,〒121-0823 東京都足立区伊興３丁目１８-１９ ＮＹビル 3階,1,https://dance-studio-lab.com/room/Zjk4YThkNDItZDI4OC00MTRlLTg2NDgtYTgxZDUyYjgxMjQ2/detail,竹ノ塚駅,295.0,135,提携 | 駅近500m以内 | 複数記事候補 | tag:feature:midnight
深夜利用OKのダンススタジオ 東京,条件,A,9,第一ホテル東京 フィットネス&アクアゾーン,〒100-0011 東京都千代田区内幸町１丁目５-３ 新幸橋ビルディング ビル内,0,,新橋駅,357.0,35,駅近500m以内 | 複数記事候補 | tag:feature:midnight
深夜利用OKのダンススタジオ 東京,条件,A,10,Rei Dance Collection 駅前校,〒150-0002 東京都渋谷区渋谷３丁目２８-７ 青ビル B1F,0,,渋谷駅,324.0,35,駅近500m以内 | 複数記事候補 | tag:feature:midnight
深夜利用OKのダンススタジオ 東京,条件,A,11,MCSpace,〒167-0053 東京都杉並区西荻南２丁目２５-６ 西荻プラザビル B1F,0,,西荻窪駅,275.0,35,駅近500m以内 | 複数記事候補 | tag:feature:midnight
深夜利用OKのダンススタジオ 東京,条件,A,12,BUZZ レンタルスタジオ 渋谷東口SQUARE店,〒150-0002 東京都渋谷区渋谷２丁目２２-８ 名取ビル 1F,0,,渋谷駅,177.0,35,駅近500m以内 | 複数記事候補 | tag:feature:midnight
深夜利用OKのダンススタジオ 東京,条件,A,13,Pole and Aerial Studio POLISH五反田,〒141-0031 東京都品川区西五反田１丁目５-２ トラヤビル 7階,0,,五反田駅,112.0,35,駅近500m以内 | 複数記事候補 | tag:feature:midnight
深夜利用OKのダンススタジオ 東京,条件,A,14,JOINT STUDO Harajuku,〒150-0001 東京都渋谷区神宮前４丁目２９-９ Ondenビル B1,0,,原宿駅,400.0,35,駅近500m以内 | 複数記事候補 | tag:feature:midnight
深夜利用OKのダンススタジオ 東京,条件,A,15,Hidemi Dancing Vida,〒141-0021 東京都品川区上大崎２丁目１０-３２ フラワープラザビル 202,0,,目黒駅,198.0,35,駅近500m以内 | 複数記事候補 | tag:feature:midnight
鏡付きレンタルダンススタジオ 東京,条件,A,1,BUZZ レンタルスタジオ新宿コンシェルジュ店,〒160-0023 東京都新宿区西新宿７丁目１６-４ Concierge高橋 BF 地下 一階,1,https://dance-studio-lab.com/room/OGUzNmE0NzUtZDU1NS00ZjIyLTg4OGItNDYyOWI2YzkzOTA0/detail,西武新宿駅,292.0,135,提携 | 駅近500m以内 | 複数記事候補 | tag:feature:mirror
鏡付きレンタルダンススタジオ 東京,条件,A,2,BUZZ レンタルスタジオ 新宿ハウス店,〒160-0023 東京都新宿区西新宿７丁目１６-１,1,https://dance-studio-lab.com/room/MWYzNmNhZGMtMWZiNi00MjBiLWJjNzMtZmFmNjAxYmQ5MjA3/detail,西武新宿駅,276.0,135,提携 | 駅近500m以内 | 複数記事候補 | tag:feature:mirror
鏡付きレンタルダンススタジオ 東京,条件,A,3,BUZZ レンタルスタジオ 西国分寺店,〒185-0024 東京都国分寺市泉町３丁目３７-２５ 天龍ビル B1,1,https://dance-studio-lab.com/room/ZDcyMzBmZWYtMzdiYS00YjY0LThmOGEtZDJjMzQxNTVlZDA2/detail,西国分寺駅,117.0,135,提携 | 駅近500m以内 | 複数記事候補 | tag:feature:mirror
鏡付きレンタルダンススタジオ 東京,条件,A,4,BUZZ レンタルスタジオ 渋谷PARK店,〒150-0042 東京都渋谷区宇田川町１９-５,1,https://dance-studio-lab.com/room/YmNlM2RmNGMtNGI0Mi00ZTg4LTk4OTYtNjY4NWRiM2JmNzhm/detail,渋谷駅,448.0,135,提携 | 駅近500m以内 | 複数記事候補 | tag:feature:mirror
鏡付きレンタルダンススタジオ 東京,条件,A,5,BUZZ レンタルスタジオ 六本木店,〒106-0032 東京都港区六本木４丁目５-７ スタジオＤ 地下1階,1,https://dance-studio-lab.com/room/MGYxY2IwOWYtNDQ4ZS00MmEyLTliYTAtNzg1YjUyOTA0OTlj/detail,六本木駅,269.0,135,提携 | 駅近500m以内 | 複数記事候補 | tag:feature:mirror
鏡付きレンタルダンススタジオ 東京,条件,A,6,THビル貸し会議室 レンタルスタジオ,〒151-0053 東京都渋谷区代々木２丁目４-１ Thビル,1,https://dance-studio-lab.com/room/ZGYxYjYyNDgtMDEzOC00MjZhLTgyZDctODZlMDViYTQ0NDgy/detail,新宿駅,451.0,135,提携 | 駅近500m以内 | 複数記事候補 | tag:feature:mirror
鏡付きレンタルダンススタジオ 東京,条件,A,7,BUZZ レンタルスタジオ 国分寺店,〒185-0021 東京都国分寺市南町３丁目２７-７ 白馬ビル B1F,1,https://dance-studio-lab.com/room/ZjIzMWQ0ZjctM2ViOC00Yzg1LWExMzMtMGFkZDYwYzg1Mjhj/detail,国分寺駅,334.0,135,提携 | 駅近500m以内 | 複数記事候補 | tag:feature:mirror
鏡付きレンタルダンススタジオ 東京,条件,A,8,レンタルスタジオAivic恵比寿,東京都渋谷区恵比寿西1-14-3 満栄佐藤ビル202,1,https://dance-studio-lab.com/room/MzMyZDY5NzktNDEzOS00MzAyLWJjNzEtMjZiMjNiNzUwNGMy/detail,恵比寿駅,233.0,135,提携 | 駅近500m以内 | 複数記事候補 | tag:feature:mirror
撮影可能なダンススタジオ 東京,条件,B,1,BUZZ レンタルスタジオ新宿コンシェルジュ店,〒160-0023 東京都新宿区西新宿７丁目１６-４ Concierge高橋 BF 地下 一階,1,https://dance-studio-lab.com/room/OGUzNmE0NzUtZDU1NS00ZjIyLTg4OGItNDYyOWI2YzkzOTA0/detail,西武新宿駅,292.0,125,提携 | 駅近500m以内 | 複数記事候補 | tag:feature:shooting
撮影可能なダンススタジオ 東京,条件,B,2,BUZZ レンタルスタジオ 渋谷PARK店,〒150-0042 東京都渋谷区宇田川町１９-５,1,https://dance-studio-lab.com/room/YmNlM2RmNGMtNGI0Mi00ZTg4LTk4OTYtNjY4NWRiM2JmNzhm/detail,渋谷駅,448.0,125,提携 | 駅近500m以内 | 複数記事候補 | tag:feature:shooting
撮影可能なダンススタジオ 東京,条件,B,3,Dubway レンタルスタジオ中野,東京都中野区5-32-6 城西ビルB02,1,https://dance-studio-lab.com/room/MzFmYWU5ZjgtNmM0NC00MDYzLTljOGUtMjFlZDI1MmVhMDE5/detail,中野駅,167.0,125,提携 | 駅近500m以内 | 複数記事候補 | tag:feature:shooting
撮影可能なダンススタジオ 東京,条件,B,4,レンタルスタジオAivic渋谷道玄坂,東京都渋谷区円山町23-10 渋谷ATビル201,1,https://dance-studio-lab.com/room/NWE2MDljYmItN2I0ZC00ZjIzLWI3MGEtMmZiNmEzNWJjOWI4/detail,神泉駅,78.0,125,提携 | 駅近500m以内 | 複数記事候補 | tag:feature:shooting
撮影可能なダンススタジオ 東京,条件,B,5,チェリッシュスタジオ9号館,東京都渋谷区鶯谷町15-7 ライブリーYSビル6階,1,https://dance-studio-lab.com/room/NGU3OTQ4YzEtMzA3OS00NDc3LThjODQtYWFkMmUzMTE4ZmFm/detail,渋谷駅,423.0,125,提携 | 駅近500m以内 | 複数記事候補 | tag:feature:shooting
撮影可能なダンススタジオ 東京,条件,B,6,Studio-Bio,東京都渋谷区千駄ヶ谷3−41−12　シャトル千駄ヶ谷B1(地下),1,https://dance-studio-lab.com/room/MTI3NDc3MzgtMTBhMy00NGY2LWE3MGQtZmM5YzdiYjVmNzM2/detail,北参道駅,48.0,125,提携 | 駅近500m以内 | 複数記事候補 | tag:feature:shooting
撮影可能なダンススタジオ 東京,条件,B,7,レンタルスタジオAivic恵比寿,東京都渋谷区恵比寿西1-14-3 満栄佐藤ビル202,1,https://dance-studio-lab.com/room/MzMyZDY5NzktNDEzOS00MzAyLWJjNzEtMjZiMjNiNzUwNGMy/detail,恵比寿駅,233.0,125,提携 | 駅近500m以内 | 複数記事候補 | tag:feature:shooting
撮影可能なダンススタジオ 東京,条件,B,8,レンタルスタジオAivic新橋,"東京都港区西新橋1-16-14 宮川ビル4階
",1,https://dance-studio-lab.com/room/M2EyMzEzOTUtMjkwNC00MmRlLWI3YWEtYjBiMmM1NGUzYzhl/detail,新橋駅,408.0,125,提携 | 駅近500m以内 | 複数記事候補 | tag:feature:shooting
撮影可能なダンススタジオ 東京,条件,B,9,スタジオブライト｜レンタル撮影スタジオ（完全予約制）,〒111-0051 東京都台東区蔵前４丁目３６-１３ タイルビル 4F,0,,蔵前駅,381.0,25,駅近500m以内 | 複数記事候補 | tag:feature:shooting
撮影可能なダンススタジオ 東京,条件,B,10,レンタル撮影スタジオDOLLY飯田橋1号店,〒102-0072 東京都千代田区飯田橋３丁目６-６ 港屋ビル 2F,0,,飯田橋駅,134.0,25,駅近500m以内 | 複数記事候補 | tag:feature:shooting
撮影可能なダンススタジオ 東京,条件,B,11,演劇舞台稽古場 ファンファーレレンタルスタジオ新宿御苑（撮影スタジオとして利用可能）,〒162-0067 東京都新宿区富久町１３-１５ サウスタワー地下2階,0,,新宿御苑前駅,497.0,19,駅近500m以内 | 複数記事候補 | tag:feature:shooting
撮影可能なダンススタジオ 東京,条件,B,12,演劇舞台稽古場 ファンファーレレンタルスタジオ代田環七（撮影レンタルスタジオとしても利用可）,〒156-0041 東京都世田谷区大原１丁目２３-１５ 三京ビル ６F,0,,下北沢駅,949.0,16,駅近1000m以内 | 複数記事候補 | tag:feature:shooting
撮影可能なダンススタジオ 東京,条件,B,13,撮影スタジオ【スタジオトランバネーロ】,〒115-0045 東京都北区赤羽１丁目５１-４ 赤銀ビル 201号,0,,赤羽駅,662.0,14,駅近1000m以内 | 複数記事候補 | tag:feature:shooting
防音完備のダンススタジオ 東京,条件,B,1,スタジオ五軒町／『鏡張り』の多目的に利用できる『防音』スタジオ,東京都千代田区外神田6-16-1,1,https://dance-studio-lab.com/room/ODZiZjA3NDItNjk4ZS00YjMxLWFjMGQtMGU5ZjVkZDg5OWQw/detail,湯島駅,308.0,125,提携 | 駅近500m以内 | 複数記事候補 | tag:feature:soundproof
防音完備のダンススタジオ 東京,条件,B,2,MDL Studio (防音スタジオ),〒182-0021 東京都調布市調布ケ丘３丁目６９-２,0,,調布駅,1165.0,8,複数記事候補 | tag:feature:soundproof
