article_title,article_type,article_priority,studio_title,address,dslurl,is_partner,primary_area,candidate_areas,primary_station,candidate_stations,distance_to_primary_station_m,article_station,distance_to_article_station_m,article_match_method,article_match_reason,rental_fit_score,rental_fit_reason,suspicious_location,fallback_allowed
上野のレンタルダンススタジオおすすめ,エリア,S,【レンタルスタジオ】SPICY CANDY【ボディメイク】,〒111-0053 東京都台東区浅草橋４丁目２-８ 伊藤ビル １F,,0,上野,上野|浅草|御徒町|蔵前,秋葉原駅,秋葉原駅|蔵前駅,730.0,,,,primary_area=上野,50,+20(rental=1)|+30(レンタルスタジオ),0,1
上野のレンタルダンススタジオおすすめ,エリア,S,FunnyTips（ファニーティップス）,〒101-0021 東京都千代田区外神田５丁目５-７ パンセ秋葉原 B1F,,0,秋葉原,秋葉原,秋葉原駅,秋葉原駅|上野駅,633.0,,,,tag/station:上野,20,+20(rental=1),0,1
上野のレンタルダンススタジオおすすめ,エリア,S,中村隆彦ダンススタジオ浅草千束,〒111-0031 東京都台東区５ 台東区 千束 4 5 4 提柳泉ビルB1F,,0,上野,上野|浅草|御徒町|蔵前,三ノ輪駅,三ノ輪駅|南千住駅|入谷駅|荒川一中前駅|浅草駅|荒川区役所前駅|田原町駅|鶯谷駅|本所吾妻橋駅|曳舟駅,862.0,,,,primary_area=上野,45,+20(rental=1)|+25(ダンススタジオ),0,1
上野のレンタルダンススタジオおすすめ,エリア,S,ミライスタジオ上野,〒110-0003 東京都台東区根岸１丁目５-１３,,0,上野,上野|浅草|御徒町|蔵前,日暮里駅,日暮里駅|上野駅,943.0,,,,primary_area=上野,20,+20(rental=1),0,1
上野のレンタルダンススタジオおすすめ,エリア,S,K'sLinkStudio御徒町,〒110-0005 東京都台東区上野３丁目１９-４ フロンティアサカイビル 1F,,0,上野,上野|浅草|御徒町|蔵前,秋葉原駅,秋葉原駅|上野駅,803.0,,,,primary_area=上野,20,+20(rental=1),0,1
上野のレンタルダンススタジオおすすめ,エリア,S,ＫＴスタジオ,〒110-0012 東京都台東区竜泉３丁目６-４ あらきビル,,0,上野,上野|浅草|御徒町|蔵前,三ノ輪駅,三ノ輪駅|入谷駅|荒川一中前駅|南千住駅|荒川区役所前駅|鶯谷駅|田原町駅|荒川二丁目駅|浅草駅|三河島駅,551.0,,,,primary_area=上野,20,+20(rental=1),0,1
上野のレンタルダンススタジオおすすめ,エリア,S,BUZZ レンタルスタジオ 上野店,〒110-0003 東京都台東区根岸３丁目６-３ 小林ビル 地下1階,,0,上野,上野|浅草|御徒町|蔵前,上野駅,上野駅|日暮里駅,975.0,,,,primary_area=上野,50,+20(rental=1)|+30(レンタルスタジオ),0,1
上野のレンタルダンススタジオおすすめ,エリア,S,㈱インフォレント,〒111-0053 東京都台東区浅草橋５丁目３-２ 秋葉原スクエアビル,,0,上野,上野|浅草|御徒町|蔵前,秋葉原駅,秋葉原駅|蔵前駅,610.0,,,,primary_area=上野,20,+20(rental=1),0,1
上野のレンタルダンススタジオおすすめ,エリア,S,OnePlace Dance Studio,〒111-0053 東京都台東区浅草橋３丁目１９-２ 地下1階 冨士ビル,,0,上野,上野|浅草|御徒町|蔵前,蔵前駅,蔵前駅,600.0,,,,primary_area=上野,45,+20(rental=1)|+25(ダンススタジオ),0,1
上野のレンタルダンススタジオおすすめ,エリア,S,スタジオ五軒町,〒101-0021 東京都千代田区外神田６丁目１６-１ 外神田フジハイツ 地下1階,,0,秋葉原,秋葉原,秋葉原駅,秋葉原駅|上野駅,714.0,,,,tag/station:上野,20,+20(rental=1),0,1
上野のレンタルダンススタジオおすすめ,エリア,S,あおちゃんダンスコミュニケーション サルサダンス ブラジルダンス 認知症予防ダンス,〒110-0003 東京都台東区根岸２丁目１２-１１,,0,上野,上野|浅草|御徒町|蔵前,日暮里駅,日暮里駅,726.0,,,,primary_area=上野,20,+20(rental=1),0,1
上野のレンタルダンススタジオおすすめ,エリア,S,レンタルスタジオ三ノ輪,〒110-0011 東京都台東区三ノ輪１丁目１０-９ GATTINO 1F,,0,上野,上野|浅草|御徒町|蔵前,三ノ輪駅,三ノ輪駅|荒川一中前駅|荒川区役所前駅|南千住駅|入谷駅|荒川二丁目駅|鶯谷駅|三河島駅|浅草駅|千住大橋駅,219.0,,,,primary_area=上野,70,+20(rental=1)|+30(レンタルスタジオ)|+20(web),0,1
上野のレンタルダンススタジオおすすめ,エリア,S,レンタルスタジオODORU,〒110-0015 東京都台東区東上野３丁目１８-１ B1,,0,上野,上野|浅草|御徒町|蔵前,上野駅,上野駅,319.0,,,,primary_area=上野,50,+20(rental=1)|+30(レンタルスタジオ),0,1
上野のレンタルダンススタジオおすすめ,エリア,S,ムーンプレイス レンタルスタジオ蔵前,〒111-0043 東京都台東区駒形２丁目１-５ ３階,,0,上野,上野|浅草|御徒町|蔵前,蔵前駅,蔵前駅|浅草駅,224.0,,,,primary_area=上野,50,+20(rental=1)|+30(レンタルスタジオ),0,1
上野のレンタルダンススタジオおすすめ,エリア,S,スタジオブライト｜レンタル撮影スタジオ（完全予約制）,〒111-0051 東京都台東区蔵前４丁目３６-１３ タイルビル 4F,,0,上野,上野|浅草|御徒町|蔵前,蔵前駅,蔵前駅|浅草駅,381.0,,,,primary_area=上野,20,+20(rental=1),0,1
上野のレンタルダンススタジオおすすめ,エリア,S,スタジオHIKARI 上野,〒110-0003 東京都台東区根岸１丁目１-１５ ルンビニフードカフェ鶯谷店 4階,,0,上野,上野|浅草|御徒町|蔵前,上野駅,上野駅|日暮里駅,822.0,,,,primary_area=上野,20,+20(rental=1),0,1
上野のレンタルダンススタジオおすすめ,エリア,S,スタジオジパング 上野スタジオSTANDARD,"〒110-0015 東京都台東区東上野３丁目１４-１２, Ueno Bldg., B1 旧 辻井ビル",,0,上野,上野|浅草|御徒町|蔵前,上野駅,上野駅,404.0,,,,primary_area=上野,20,+20(rental=1),0,1
上野のレンタルダンススタジオおすすめ,エリア,S,シャノワールレンタルスタジオ,〒110-0005 東京都台東区上野３丁目１４-５ ヴェルコ黒門ビル 地下1階,,0,上野,上野|浅草|御徒町|蔵前,秋葉原駅,秋葉原駅|上野駅,782.0,,,,primary_area=上野,50,+20(rental=1)|+30(レンタルスタジオ),0,1
上野のレンタルダンススタジオおすすめ,エリア,S,スタジオ21（レンタルスタジオ）,"竹中シャルム B1, ３丁目-１-３ 浅草橋 台東区 東京都 111-0053",,0,上野,上野|浅草|御徒町|蔵前,蔵前駅,蔵前駅,643.0,,,,primary_area=上野,50,+20(rental=1)|+30(レンタルスタジオ),0,1
上野のレンタルダンススタジオおすすめ,エリア,S,スタジオプレステージ 根津スタジオ,〒110-0001 東京都台東区谷中２丁目６-５０,,0,上野,上野|浅草|御徒町|蔵前,日暮里駅,日暮里駅,834.0,,,,primary_area=上野,20,+20(rental=1),0,1
上野のレンタルダンススタジオおすすめ,エリア,S,スタジオよもだ A館,〒110-0003 東京都台東区１２ 根岸2丁目12-11 スタジオよもだ,,0,上野,上野|浅草|御徒町|蔵前,日暮里駅,日暮里駅,722.0,,,,primary_area=上野,20,+20(rental=1),0,1
上野のレンタルダンススタジオおすすめ,エリア,S,スタジオよもだB館,〒110-0003 東京都台東区根岸２丁目１７-１,,0,上野,上野|浅草|御徒町|蔵前,日暮里駅,日暮里駅|上野駅,744.0,,,,primary_area=上野,20,+20(rental=1),0,1
上野のレンタルダンススタジオおすすめ,エリア,S,スタジオ阿弥陀,〒110-0004 東京都台東区下谷１丁目８-２０ 長松寺,,0,上野,上野|浅草|御徒町|蔵前,上野駅,上野駅,773.0,,,,primary_area=上野,20,+20(rental=1),0,1
上野のレンタルダンススタジオおすすめ,エリア,S,ブルースペース上野御徒町,〒110-0005 東京都台東区上野３丁目１３-１０ トミヤマビル B1F,,0,上野,上野|浅草|御徒町|蔵前,秋葉原駅,秋葉原駅|上野駅,725.0,,,,primary_area=上野,20,+20(rental=1),0,1
上野のレンタルダンススタジオおすすめ,エリア,S,SPACE AVAILABLE 浅草橋,〒111-0053 東京都台東区浅草橋１丁目１２-３ KSビル B1F,,0,上野,上野|浅草|御徒町|蔵前,秋葉原駅,秋葉原駅|蔵前駅,864.0,,,,primary_area=上野,20,+20(rental=1),0,1
上野のレンタルダンススタジオおすすめ,エリア,S,レンタルスタジオALOALO,〒110-0016 東京都台東区台東４丁目３１-５ オリオンビル B1,,0,上野,上野|浅草|御徒町|蔵前,上野駅,上野駅|秋葉原駅,717.0,,,,primary_area=上野,50,+20(rental=1)|+30(レンタルスタジオ),0,1
上野のレンタルダンススタジオおすすめ,エリア,S,レンタルスタジオEVERGREEN,〒110-0005 東京都台東区上野３丁目２０-１０ 木下ビル3階,,0,上野,上野|浅草|御徒町|蔵前,秋葉原駅,秋葉原駅|上野駅,779.0,,,,primary_area=上野,50,+20(rental=1)|+30(レンタルスタジオ),0,1
上野のレンタルダンススタジオおすすめ,エリア,S,秋葉原スクエアスタジオ,〒111-0053 東京都台東区浅草橋５丁目３-２ 秋葉原スクエアビル 1F,,0,上野,上野|浅草|御徒町|蔵前,秋葉原駅,秋葉原駅|蔵前駅,615.0,,,,primary_area=上野,20,+20(rental=1),0,1
上野のレンタルダンススタジオおすすめ,エリア,S,秋葉原ブルーハス レンタルスタジオ,〒110-0006 東京都台東区秋葉原３-１０ 東京商会秋葉原ビルB1階,,0,上野,上野|浅草|御徒町|蔵前,秋葉原駅,秋葉原駅,393.0,,,,primary_area=上野,50,+20(rental=1)|+30(レンタルスタジオ),0,1
上野のレンタルダンススタジオおすすめ,エリア,S,秋葉原レンタルスペース.東京,〒101-0021 東京都千代田区外神田５丁目５-７ パンセ秋葉原 B1F,,0,秋葉原,秋葉原,秋葉原駅,秋葉原駅|上野駅,633.0,,,,tag/station:上野,40,+20(rental=1)|+20(web),0,1
上野のレンタルダンススタジオおすすめ,エリア,S,スタジオＲ,〒110-0001 東京都台東区谷中２丁目８-１２,,0,上野,上野|浅草|御徒町|蔵前,日暮里駅,日暮里駅,757.0,,,,primary_area=上野,20,+20(rental=1),0,1
上野のレンタルダンススタジオおすすめ,エリア,S,浅草スタジオ２２６,〒111-0033 東京都台東区花川戸２丁目２-６ エビスビル 7階,,0,上野,上野|浅草|御徒町|蔵前,浅草駅,浅草駅|押上駅,459.0,,,,primary_area=上野,20,+20(rental=1),0,1
上野のレンタルダンススタジオおすすめ,エリア,S,布川ダンスカンパニー,〒111-0036 東京都台東区松が谷１丁目９-１３ 高橋総本店,,0,上野,上野|浅草|御徒町|蔵前,浅草駅,浅草駅|蔵前駅|上野駅,799.0,,,,primary_area=上野,20,+20(rental=1),0,1
上野のレンタルダンススタジオおすすめ,エリア,S,スタジオ五軒町／『鏡張り』の多目的に利用できる『防音』スタジオ,東京都千代田区外神田6-16-1,https://dance-studio-lab.com/room/ODZiZjA3NDItNjk4ZS00YjMxLWFjMGQtMGU5ZjVkZDg5OWQw/detail,1,秋葉原,秋葉原,湯島駅,湯島駅|御徒町駅|京成上野駅|御茶ノ水駅|新御徒町駅|新御茶ノ水駅|岩本町駅|上野駅|神田駅|根津駅,308.0,,,,tag/station:上野,50,+30(dslurl)|+20(rental=1),0,1
上野のレンタルダンススタジオおすすめ,エリア,S,SPICYCANDY DANCESTUDIO,東京都台東区浅草橋4-2-8伊藤ビル1階,https://dance-studio-lab.com/room/NGFjMTNkYTgtNmQ4My00ZTgxLWI3ZmYtMjM4OGVjNDM4Yjk3/detail,1,上野,上野,浅草橋駅,浅草橋駅|馬喰町駅|岩本町駅|両国駅|新御徒町駅|神田駅|御徒町駅|人形町駅|三越前駅|湯島駅,341.0,,,,primary_area=上野,50,+30(dslurl)|+20(rental=1),0,1
下北沢のレンタルダンススタジオおすすめ,エリア,S,ABC明大前スタ,〒156-0043 東京都世田谷区松原１丁目２４-１１,,0,下北沢,下北沢|三軒茶屋|二子玉川|自由が丘,明大前駅,明大前駅|東松原駅|新代田駅|代田橋駅|下高井戸駅|梅ヶ丘駅|松原駅|世田谷代田駅|下北沢駅|豪徳寺駅,370.0,,,,primary_area=下北沢,20,+20(rental=1),0,1
下北沢のレンタルダンススタジオおすすめ,エリア,S,BRONX RENTAL STUDIO,〒155-0031 東京都世田谷区北沢２丁目５-１０,,0,下北沢,下北沢|三軒茶屋|二子玉川|自由が丘,下北沢駅,下北沢駅,106.0,,,,primary_area=下北沢,50,+20(rental=1)|+30(レンタルスタジオ),0,1
下北沢のレンタルダンススタジオおすすめ,エリア,S,ダンススタジオ・レンタルスタジオ_DANCE SPACE 365,〒156-0041 東京都世田谷区大原１丁目２４-４ ローザ新代田 B1-2号室,,0,下北沢,下北沢|三軒茶屋|二子玉川|自由が丘,下北沢駅,下北沢駅,869.0,,,,primary_area=下北沢,50,+20(rental=1)|+30(レンタルスタジオ),0,1
下北沢のレンタルダンススタジオおすすめ,エリア,S,スタジオセンティード Studio SENTIDO（レンタルスタジオ）,〒155-0031 東京都世田谷区北沢２丁目１８-５ 地下１階,,0,下北沢,下北沢|三軒茶屋|二子玉川|自由が丘,下北沢駅,下北沢駅,253.0,,,,primary_area=下北沢,70,+20(rental=1)|+30(レンタルスタジオ)|+20(web),0,1
下北沢のレンタルダンススタジオおすすめ,エリア,S,スタジオジパング 梅ヶ丘スタジオPRO,〒154-0022 東京都世田谷区梅丘１丁目３３-９ モンド梅ヶ丘ビル地下1階,,0,下北沢,下北沢|三軒茶屋|二子玉川|自由が丘,梅ヶ丘駅,梅ヶ丘駅|豪徳寺駅|山下駅|東松原駅|世田谷代田駅|新代田駅|松原駅|宮の坂駅|若林駅|明大前駅,94.0,,,,primary_area=下北沢,20,+20(rental=1),0,1
下北沢のレンタルダンススタジオおすすめ,エリア,S,駒澤大学店 レンタルダンススタジオ ＲＯＯＴＳ,〒154-0012 東京都世田谷区駒沢３丁目１-３ シャトレー駒沢 ２０４,,0,下北沢,下北沢|三軒茶屋|二子玉川|自由が丘,駒沢大学駅,駒沢大学駅|桜新町駅|松陰神社前駅|世田谷駅|上町駅|若林駅|西太子堂駅|三軒茶屋駅,522.0,,,,primary_area=下北沢,60,+20(rental=1)|+40(レンタルダンス),0,1
下北沢のレンタルダンススタジオおすすめ,エリア,S,池ノ上道場 / 池ノ上スタジオ Ikenoue-dojo/Ikenoue studio,〒155-0032 東京都世田谷区代沢２丁目４８-２１ ２階,,0,下北沢,下北沢|三軒茶屋|二子玉川|自由が丘,下北沢駅,下北沢駅,520.0,,,,primary_area=下北沢,20,+20(rental=1),0,1
下北沢のレンタルダンススタジオおすすめ,エリア,S,FIVE O DANCE STUDIO 二子玉川,〒157-0077 東京都世田谷区鎌田２丁目２５-９,,0,下北沢,下北沢|三軒茶屋|二子玉川|自由が丘,二子玉川駅,二子玉川駅|二子新地駅|久地駅,1762.0,,,,primary_area=下北沢,45,+20(rental=1)|+25(ダンススタジオ),0,1
下北沢のレンタルダンススタジオおすすめ,エリア,S,Infinity Gym チアダンス・チアリーディング,〒157-0074 東京都世田谷区大蔵１丁目２-２７,,0,下北沢,下北沢|三軒茶屋|二子玉川|自由が丘,千歳船橋駅,千歳船橋駅|祖師ヶ谷大蔵駅|用賀駅,1321.0,,,,primary_area=下北沢,20,+20(rental=1),0,1
下北沢のレンタルダンススタジオおすすめ,エリア,S,J's,〒158-0097 東京都世田谷区用賀３丁目２５-９,,0,下北沢,下北沢|三軒茶屋|二子玉川|自由が丘,用賀駅,用賀駅|桜新町駅|上町駅|世田谷駅,485.0,,,,primary_area=下北沢,20,+20(rental=1),0,1
下北沢のレンタルダンススタジオおすすめ,エリア,S,J’Z STUDIO 千歳烏山店,〒157-0062 東京都世田谷区南烏山６丁目６-６?２ サンマルシェビルB1F,,0,下北沢,下北沢|三軒茶屋|二子玉川|自由が丘,千歳烏山駅,千歳烏山駅|芦花公園駅|八幡山駅|仙川駅|富士見ヶ丘駅,121.0,,,,primary_area=下北沢,20,+20(rental=1),0,1
下北沢のレンタルダンススタジオおすすめ,エリア,S,NATURAglam 経堂スタジオ,〒156-0052 東京都世田谷区経堂１丁目２５-１８ 吉川水産ビル3階,,0,下北沢,下北沢|三軒茶屋|二子玉川|自由が丘,経堂駅,経堂駅|宮の坂駅|山下駅|上町駅|千歳船橋駅|豪徳寺駅|松原駅|世田谷駅|梅ヶ丘駅|松陰神社前駅,268.0,,,,primary_area=下北沢,20,+20(rental=1),0,1
下北沢のレンタルダンススタジオおすすめ,エリア,S,neu 168 Dance Studio,〒156-0057 東京都世田谷区上北沢３丁目３３-５,,0,下北沢,下北沢|三軒茶屋|二子玉川|自由が丘,上北沢駅,上北沢駅|八幡山駅|桜上水駅|芦花公園駅|浜田山駅|西永福駅|下高井戸駅|高井戸駅|松原駅|永福町駅,94.0,,,,primary_area=下北沢,45,+20(rental=1)|+25(ダンススタジオ),0,1
下北沢のレンタルダンススタジオおすすめ,エリア,S,スタジオ白猫屋 経堂R店,〒156-0052 東京都世田谷区経堂１丁目１１-１３ 長島ビル 3Ｆ,,0,下北沢,下北沢|三軒茶屋|二子玉川|自由が丘,経堂駅,経堂駅|宮の坂駅|山下駅|豪徳寺駅|上町駅|千歳船橋駅|松原駅|世田谷駅|梅ヶ丘駅|松陰神社前駅,203.0,,,,primary_area=下北沢,20,+20(rental=1),0,1
下北沢のレンタルダンススタジオおすすめ,エリア,S,リリィ スタジオ&カフェ レンタルカフェ,〒156-0052 東京都世田谷区経堂２丁目７-１４-１０２,,0,下北沢,下北沢|三軒茶屋|二子玉川|自由が丘,経堂駅,経堂駅|松原駅|山下駅|宮の坂駅|豪徳寺駅|千歳船橋駅|上町駅|下高井戸駅|桜上水駅|梅ヶ丘駅,261.0,,,,primary_area=下北沢,20,+20(rental=1),0,1
下北沢のレンタルダンススタジオおすすめ,エリア,S,レンタルスタジオ スタジオザルツ,〒157-0065 東京都世田谷区上祖師谷１丁目３６-５ ル・クレール 地下一階,,0,下北沢,下北沢|三軒茶屋|二子玉川|自由が丘,千歳烏山駅,千歳烏山駅|芦花公園駅|仙川駅|八幡山駅,216.0,,,,primary_area=下北沢,50,+20(rental=1)|+30(レンタルスタジオ),0,1
下北沢のレンタルダンススタジオおすすめ,エリア,S,Rinky Dink Studio 梅ヶ丘,〒154-0022 東京都世田谷区梅丘１丁目２１-７ ３階～４階 梅丘駅前ビル,,0,下北沢,下北沢|三軒茶屋|二子玉川|自由が丘,梅ヶ丘駅,梅ヶ丘駅|豪徳寺駅|山下駅|世田谷代田駅|東松原駅|新代田駅|松原駅|宮の坂駅|若林駅|松陰神社前駅,36.0,,,,primary_area=下北沢,20,+20(rental=1),0,1
下北沢のレンタルダンススタジオおすすめ,エリア,S,桜新町studio,〒154-0015 東京都世田谷区桜新町１丁目３３-１３,,0,下北沢,下北沢|三軒茶屋|二子玉川|自由が丘,桜新町駅,桜新町駅|用賀駅|駒沢大学駅|上野毛駅|上町駅|世田谷駅,469.0,,,,primary_area=下北沢,20,+20(rental=1),0,1
下北沢のレンタルダンススタジオおすすめ,エリア,S,レンタルスタジオマイレッスン 三軒茶屋店,〒154-0024 東京都世田谷区三軒茶屋１丁目３０-９,,0,下北沢,下北沢|三軒茶屋|二子玉川|自由が丘,三軒茶屋駅,三軒茶屋駅,235.0,,,,primary_area=下北沢,50,+20(rental=1)|+30(レンタルスタジオ),0,1
下北沢のレンタルダンススタジオおすすめ,エリア,S,レンタルスタジオKACHA,〒158-0097 東京都世田谷区用賀２丁目３８-１４ 天虎ビル 202,,0,下北沢,下北沢|三軒茶屋|二子玉川|自由が丘,用賀駅,用賀駅|桜新町駅|上野毛駅|二子玉川駅,130.0,,,,primary_area=下北沢,50,+20(rental=1)|+30(レンタルスタジオ),0,1
下北沢のレンタルダンススタジオおすすめ,エリア,S,STUDIO ELEVATE スタジオエレベート,〒154-0024 東京都世田谷区三軒茶屋２丁目１１-２４ サンタワーズＡ 棟401,,0,下北沢,下北沢|三軒茶屋|二子玉川|自由が丘,三軒茶屋駅,三軒茶屋駅,265.0,,,,primary_area=下北沢,20,+20(rental=1),0,1
下北沢のレンタルダンススタジオおすすめ,エリア,S,アトリエ エマーブル,〒158-0097 東京都世田谷区用賀３丁目１８-８ セントラルSOUI103,,0,下北沢,下北沢|三軒茶屋|二子玉川|自由が丘,用賀駅,用賀駅|桜新町駅|上町駅,374.0,,,,primary_area=下北沢,20,+20(rental=1),0,1
下北沢のレンタルダンススタジオおすすめ,エリア,S,Studio Liberty,〒158-0091 東京都世田谷区１５ 中町4-15-9 B１,,0,下北沢,下北沢|三軒茶屋|二子玉川|自由が丘,上野毛駅,上野毛駅|等々力駅|用賀駅|桜新町駅|尾山台駅|二子玉川駅,875.0,,,,primary_area=下北沢,20,+20(rental=1),0,1
下北沢のレンタルダンススタジオおすすめ,エリア,S,studio LOOP,〒156-0054 東京都世田谷区桜丘４丁目２４-２０ ユニバーサルビル 2F,,0,下北沢,下北沢|三軒茶屋|二子玉川|自由が丘,千歳船橋駅,千歳船橋駅|祖師ヶ谷大蔵駅|成城学園前駅|経堂駅,817.0,,,,primary_area=下北沢,20,+20(rental=1),0,1
下北沢のレンタルダンススタジオおすすめ,エリア,S,アテール明大前第１スタジオ（レンタルスタジオTerritory M ）,〒156-0043 東京都世田谷区松原２丁目４２-７ 第２松岡ビル ２F,,0,下北沢,下北沢|三軒茶屋|二子玉川|自由が丘,明大前駅,明大前駅|下高井戸駅|代田橋駅|東松原駅|永福町駅|松原駅|新代田駅|梅ヶ丘駅|桜上水駅|西永福駅,170.0,,,,primary_area=下北沢,50,+20(rental=1)|+30(レンタルスタジオ),0,1
下北沢のレンタルダンススタジオおすすめ,エリア,S,Sweet Fairy バレエスタジオ,〒156-0057 東京都世田谷区上北沢１丁目３６-８,,0,下北沢,下北沢|三軒茶屋|二子玉川|自由が丘,上北沢駅,上北沢駅|桜上水駅|八幡山駅|芦花公園駅|下高井戸駅|松原駅|経堂駅|千歳船橋駅|西永福駅|浜田山駅,508.0,,,,primary_area=下北沢,20,+20(rental=1),0,1
下北沢のレンタルダンススタジオおすすめ,エリア,S,Tap&Soul,〒156-0043 東京都世田谷区松原２丁目２９-４ メナージュ明大前,,0,下北沢,下北沢|三軒茶屋|二子玉川|自由が丘,明大前駅,明大前駅|下高井戸駅|東松原駅|松原駅|代田橋駅|新代田駅|永福町駅|梅ヶ丘駅|山下駅|豪徳寺駅,226.0,,,,primary_area=下北沢,20,+20(rental=1),0,1
下北沢のレンタルダンススタジオおすすめ,エリア,S,YBS Yukino Ballet Studio,〒156-0041 東京都世田谷区大原２丁目２３-１５ 大原アジアビル 7階,,0,下北沢,下北沢|三軒茶屋|二子玉川|自由が丘,代田橋駅,代田橋駅|笹塚駅|明大前駅|新代田駅|東松原駅|方南町駅|下北沢駅|東北沢駅|世田谷代田駅|幡ヶ谷駅,205.0,,,,primary_area=下北沢,20,+20(rental=1),0,1
下北沢のレンタルダンススタジオおすすめ,エリア,S,アトリエ ベラーノ,〒157-0062 東京都世田谷区南烏山４丁目１３-３ スター ホームズ 千歳烏山 地階118号 スターホームズ千歳烏山,,0,下北沢,下北沢|三軒茶屋|二子玉川|自由が丘,千歳烏山駅,千歳烏山駅|芦花公園駅|八幡山駅|仙川駅|富士見ヶ丘駅|高井戸駅|上北沢駅,195.0,,,,primary_area=下北沢,20,+20(rental=1),0,1
下北沢のレンタルダンススタジオおすすめ,エリア,S,あやこバレエスタジオ,〒156-0051 東京都世田谷区４６ 宮坂3-46-3-1F,,0,下北沢,下北沢|三軒茶屋|二子玉川|自由が丘,経堂駅,経堂駅|松原駅|千歳船橋駅|山下駅|豪徳寺駅|宮の坂駅|桜上水駅|下高井戸駅|上北沢駅|上町駅,569.0,,,,primary_area=下北沢,20,+20(rental=1),0,1
下北沢のレンタルダンススタジオおすすめ,エリア,S,アリスト バレエスタジオ,〒155-0031 東京都世田谷区北沢２丁目９-２１ ミナミ10号館ビル 4階,,0,下北沢,下北沢|三軒茶屋|二子玉川|自由が丘,下北沢駅,下北沢駅,51.0,,,,primary_area=下北沢,20,+20(rental=1),0,1
下北沢のレンタルダンススタジオおすすめ,エリア,S,アロハホヌアフラスタジオ&レンタルスタジオ経堂,〒156-0052 東京都世田谷区経堂１丁目５-６ パルファム経堂 B1,,0,下北沢,下北沢|三軒茶屋|二子玉川|自由が丘,経堂駅,経堂駅|宮の坂駅|上町駅|山下駅|千歳船橋駅|豪徳寺駅|世田谷駅|松原駅|松陰神社前駅|梅ヶ丘駅,334.0,,,,primary_area=下北沢,50,+20(rental=1)|+30(レンタルスタジオ),0,1
下北沢のレンタルダンススタジオおすすめ,エリア,S,サムズダンススタジオ,〒158-0097 東京都世田谷区用賀４丁目１１-４ 福島第一ビル 2F,,0,下北沢,下北沢|三軒茶屋|二子玉川|自由が丘,用賀駅,用賀駅|桜新町駅|上野毛駅|二子玉川駅,85.0,,,,primary_area=下北沢,45,+20(rental=1)|+25(ダンススタジオ),0,1
下北沢のレンタルダンススタジオおすすめ,エリア,S,スキップスタジオ成城,〒157-0066 東京都世田谷区成城１丁目１-５,,0,下北沢,下北沢|三軒茶屋|二子玉川|自由が丘,成城学園前駅,成城学園前駅|祖師ヶ谷大蔵駅|喜多見駅,1019.0,,,,primary_area=下北沢,20,+20(rental=1),0,1
下北沢のレンタルダンススタジオおすすめ,エリア,S,スタジオR&Y,〒154-0011 東京都世田谷区上馬２丁目３１-１３ フラワーホーム102,,0,下北沢,下北沢|三軒茶屋|二子玉川|自由が丘,三軒茶屋駅,三軒茶屋駅,624.0,,,,primary_area=下北沢,20,+20(rental=1),0,1
下北沢のレンタルダンススタジオおすすめ,エリア,S,スタジオアニマーダ,〒154-0024 東京都世田谷区三軒茶屋１丁目１６-８,,0,下北沢,下北沢|三軒茶屋|二子玉川|自由が丘,三軒茶屋駅,三軒茶屋駅,423.0,,,,primary_area=下北沢,20,+20(rental=1),0,1
下北沢のレンタルダンススタジオおすすめ,エリア,S,スタジオハクーロ,〒155-0032 東京都世田谷区代沢２丁目４６ 三宅ビル,,0,下北沢,下北沢|三軒茶屋|二子玉川|自由が丘,下北沢駅,下北沢駅,379.0,,,,primary_area=下北沢,20,+20(rental=1),0,1
下北沢のレンタルダンススタジオおすすめ,エリア,S,スタジオマーティ 駒沢大学 / STUDIO marty Komazawa,〒154-0011 東京都世田谷区上馬２丁目２-５ ２F,,0,下北沢,下北沢|三軒茶屋|二子玉川|自由が丘,三軒茶屋駅,三軒茶屋駅,973.0,,,,primary_area=下北沢,20,+20(rental=1),0,1
下北沢のレンタルダンススタジオおすすめ,エリア,S,スタジオルゥ,〒155-0031 東京都世田谷区北沢１丁目３９-７ ＳＡビル 2F N,,0,下北沢,下北沢|三軒茶屋|二子玉川|自由が丘,下北沢駅,下北沢駅,90.0,,,,primary_area=下北沢,20,+20(rental=1),0,1
下北沢のレンタルダンススタジオおすすめ,エリア,S,個室レンタルジム AllDayGym 松陰神社店,〒154-0023 東京都世田谷区若林４丁目１７-１２ プルミエール松陰神社 202,,0,下北沢,下北沢|三軒茶屋|二子玉川|自由が丘,松陰神社前駅,松陰神社前駅|若林駅|世田谷駅|上町駅|西太子堂駅|宮の坂駅|梅ヶ丘駅|豪徳寺駅|山下駅|三軒茶屋駅,191.0,,,,primary_area=下北沢,20,+20(rental=1),0,1
下北沢のレンタルダンススタジオおすすめ,エリア,S,バレエスタジオJewels,〒156-0052 東京都世田谷区経堂５丁目２１-４,,0,下北沢,下北沢|三軒茶屋|二子玉川|自由が丘,千歳船橋駅,千歳船橋駅|経堂駅|宮の坂駅|上町駅|山下駅|豪徳寺駅|松原駅|世田谷駅|祖師ヶ谷大蔵駅,579.0,,,,primary_area=下北沢,20,+20(rental=1),0,1
下北沢のレンタルダンススタジオおすすめ,エリア,S,ピアノスタジオノア 下北沢店,〒155-0031 東京都世田谷区北沢２丁目３４-８,,0,下北沢,下北沢|三軒茶屋|二子玉川|自由が丘,下北沢駅,下北沢駅,201.0,,,,primary_area=下北沢,20,+20(rental=1),0,1
下北沢のレンタルダンススタジオおすすめ,エリア,S,IK noelle Ballet Contemporary,〒156-0057 東京都世田谷区上北沢３丁目３３-５,,0,下北沢,下北沢|三軒茶屋|二子玉川|自由が丘,上北沢駅,上北沢駅|八幡山駅|桜上水駅|芦花公園駅|浜田山駅|西永福駅|下高井戸駅|高井戸駅|松原駅|永福町駅,94.0,,,,primary_area=下北沢,20,+20(rental=1),0,1
下北沢のレンタルダンススタジオおすすめ,エリア,S,ポールダンススタジオ Grace A,〒154-0024 東京都世田谷区三軒茶屋２丁目１４-１２ 三元ビル 403,,0,下北沢,下北沢|三軒茶屋|二子玉川|自由が丘,三軒茶屋駅,三軒茶屋駅,63.0,,,,primary_area=下北沢,45,+20(rental=1)|+25(ダンススタジオ),0,1
下北沢のレンタルダンススタジオおすすめ,エリア,S,アテール明大前第２スタジオ（レンタルスタジオ）,〒156-0043 東京都世田谷区松原１丁目３８-１９ 東建ビル 1階,,0,下北沢,下北沢|三軒茶屋|二子玉川|自由が丘,明大前駅,明大前駅|代田橋駅|東松原駅|下高井戸駅|永福町駅|新代田駅|松原駅|笹塚駅|梅ヶ丘駅|方南町駅,189.0,,,,primary_area=下北沢,50,+20(rental=1)|+30(レンタルスタジオ),0,1
下北沢のレンタルダンススタジオおすすめ,エリア,S,レンタルスタジオ Grip 下高井戸,〒156-0044 東京都世田谷区赤堤５丁目２６-３ 地下１階,,0,下北沢,下北沢|三軒茶屋|二子玉川|自由が丘,下高井戸駅,下高井戸駅|桜上水駅|松原駅|明大前駅|上北沢駅|永福町駅|山下駅|経堂駅|豪徳寺駅|西永福駅,419.0,,,,primary_area=下北沢,50,+20(rental=1)|+30(レンタルスタジオ),0,1
下北沢のレンタルダンススタジオおすすめ,エリア,S,レンタルスタジオ KeikoBa P,〒154-0004 東京都世田谷区太子堂２丁目３０-５ 地下一階,,0,下北沢,下北沢|三軒茶屋|二子玉川|自由が丘,三軒茶屋駅,三軒茶屋駅,408.0,,,,primary_area=下北沢,50,+20(rental=1)|+30(レンタルスタジオ),0,1
下北沢のレンタルダンススタジオおすすめ,エリア,S,ワーサルレンタルスタジオ（Aスタジオ）,〒151-0073 東京都渋谷区笹塚２丁目２５-２ グランド・ガーラ笹塚 B1,,0,渋谷,渋谷|恵比寿|代官山|原宿,笹塚駅,笹塚駅|代田橋駅|方南町駅|新代田駅|明大前駅|東北沢駅|幡ヶ谷駅|下北沢駅|東松原駅|代々木上原駅,386.0,,,,tag/station:下北沢,70,+20(rental=1)|+30(レンタルスタジオ)|+20(web),0,1
下北沢のレンタルダンススタジオおすすめ,エリア,S,ワーサルレンタルスタジオ（Cスタジオ）,〒156-0041 東京都世田谷区大原２丁目２３-１５ 大原アジアビル 9F,,0,下北沢,下北沢|三軒茶屋|二子玉川|自由が丘,代田橋駅,代田橋駅|笹塚駅|明大前駅|新代田駅|東松原駅|方南町駅|下北沢駅|東北沢駅|世田谷代田駅|幡ヶ谷駅,201.0,,,,primary_area=下北沢,70,+20(rental=1)|+30(レンタルスタジオ)|+20(web),0,1
下北沢のレンタルダンススタジオおすすめ,エリア,S,演劇舞台稽古場 ファンファーレレンタルスタジオ代田環七（撮影レンタルスタジオとしても利用可）,〒156-0041 東京都世田谷区大原１丁目２３-１５ 三京ビル ６F,,0,下北沢,下北沢|三軒茶屋|二子玉川|自由が丘,下北沢駅,下北沢駅,949.0,,,,primary_area=下北沢,50,+20(rental=1)|+30(レンタルスタジオ),0,1
下北沢のレンタルダンススタジオおすすめ,エリア,S,下北沢 ヴィンテージスタジオ,〒155-0031 東京都世田谷区北沢２丁目２６-５ 伊澤ビル 3F,,0,下北沢,下北沢|三軒茶屋|二子玉川|自由が丘,下北沢駅,下北沢駅,259.0,,,,primary_area=下北沢,20,+20(rental=1),0,1
下北沢のレンタルダンススタジオおすすめ,エリア,S,駒沢ダンスガーデン,〒154-0011 東京都世田谷区上馬３丁目７-８,,0,下北沢,下北沢|三軒茶屋|二子玉川|自由が丘,三軒茶屋駅,三軒茶屋駅,1165.0,,,,primary_area=下北沢,20,+20(rental=1),0,1
下北沢のレンタルダンススタジオおすすめ,エリア,S,三軒茶屋 銀杏の葉 レンタルダンススタジオ,〒154-0004 東京都世田谷区太子堂１丁目４-３３ アークビル 3F,,0,下北沢,下北沢|三軒茶屋|二子玉川|自由が丘,池尻大橋駅,池尻大橋駅|三軒茶屋駅,750.0,,,,primary_area=下北沢,60,+20(rental=1)|+40(レンタルダンス),0,1
下北沢のレンタルダンススタジオおすすめ,エリア,S,三軒茶屋リーフスタジオ,〒154-0004 東京都世田谷区太子堂３丁目１４-８ 太子堂COMPLEX 3F 300号室,,0,下北沢,下北沢|三軒茶屋|二子玉川|自由が丘,三軒茶屋駅,三軒茶屋駅,385.0,,,,primary_area=下北沢,20,+20(rental=1),0,1
下北沢のレンタルダンススタジオおすすめ,エリア,S,仕田原 京 バレエスタジオ,〒158-0082 東京都世田谷区等々力２丁目１８-７,,0,下北沢,下北沢|三軒茶屋|二子玉川|自由が丘,尾山台駅,尾山台駅|等々力駅|九品仏駅|上野毛駅|自由が丘駅|田園調布駅|奥沢駅,136.0,,,,primary_area=下北沢,20,+20(rental=1),0,1
下北沢のレンタルダンススタジオおすすめ,エリア,S,寺島ゆかりバレエクラス スタジオ マカロン,〒154-0022 東京都世田谷区梅丘１丁目２０-９ 梅ヶ丘プラザ 2F,,0,下北沢,下北沢|三軒茶屋|二子玉川|自由が丘,梅ヶ丘駅,梅ヶ丘駅|豪徳寺駅|世田谷代田駅|山下駅|東松原駅|新代田駅|若林駅|宮の坂駅|松原駅|松陰神社前駅,81.0,,,,primary_area=下北沢,20,+20(rental=1),0,1
下北沢のレンタルダンススタジオおすすめ,エリア,S,自由が丘バレエレンタルスタジオ＆ピアノスタジオ 『バレット＆ピアノフォルテ』,〒158-0083 東京都世田谷区奥沢１丁目４４-２ 山里ビル,,0,下北沢,下北沢|三軒茶屋|二子玉川|自由が丘,自由が丘駅,自由が丘駅,1049.0,,,,primary_area=下北沢,50,+20(rental=1)|+30(レンタルスタジオ),0,1
下北沢のレンタルダンススタジオおすすめ,エリア,S,自由が丘フラスタジオ LAKI ALOHA,〒158-0083 東京都世田谷区奥沢２丁目４５-８,,0,下北沢,下北沢|三軒茶屋|二子玉川|自由が丘,自由が丘駅,自由が丘駅,597.0,,,,primary_area=下北沢,20,+20(rental=1),0,1
下北沢のレンタルダンススタジオおすすめ,エリア,S,渋谷笹塚スタジオ,〒151-0073 東京都渋谷区笹塚１丁目５８-６ マルシンビル6F,,0,渋谷,渋谷|恵比寿|代官山|原宿,笹塚駅,笹塚駅|代田橋駅|幡ヶ谷駅|東北沢駅|方南町駅|新代田駅|代々木上原駅|下北沢駅|明大前駅|東松原駅,126.0,,,,tag/station:下北沢,20,+20(rental=1),0,1
下北沢のレンタルダンススタジオおすすめ,エリア,S,貸ホールスペース６,〒157-0062 東京都世田谷区南烏山６丁目４-８,,0,下北沢,下北沢|三軒茶屋|二子玉川|自由が丘,千歳烏山駅,千歳烏山駅|芦花公園駅|八幡山駅|仙川駅|富士見ヶ丘駅,100.0,,,,primary_area=下北沢,20,+20(rental=1),0,1
下北沢のレンタルダンススタジオおすすめ,エリア,S,田中美穂フラメンコスタジオ,〒155-0031 東京都世田谷区北沢４丁目３-２３,,0,下北沢,下北沢|三軒茶屋|二子玉川|自由が丘,下北沢駅,下北沢駅,661.0,,,,primary_area=下北沢,20,+20(rental=1),0,1
下北沢のレンタルダンススタジオおすすめ,エリア,S,二子玉川レンタルスタジオ M?ni Frey,〒158-0094 東京都世田谷区玉川１丁目６-８ シティコープ玉川 202,,0,下北沢,下北沢|三軒茶屋|二子玉川|自由が丘,二子玉川駅,二子玉川駅|二子新地駅|上野毛駅|高津駅|等々力駅|用賀駅|溝の口駅|武蔵溝ノ口駅,248.0,,,,primary_area=下北沢,50,+20(rental=1)|+30(レンタルスタジオ),0,1
中目黒のレンタルダンススタジオおすすめ,エリア,S,?JDS 自由が丘のレンタルスタジオ,〒152-0035 東京都目黒区自由が丘１丁目３-２２ JSDスタジオ,,0,中目黒,中目黒,自由が丘駅,自由が丘駅,278.0,,,,primary_area=中目黒,50,+20(rental=1)|+30(レンタルスタジオ),0,1
中目黒のレンタルダンススタジオおすすめ,エリア,S,Aya Ballet School,〒152-0035 東京都目黒区洗足２丁目６-１５ 洗足21 B１F,,0,中目黒,中目黒,洗足駅,洗足駅|北千束駅|西小山駅|大岡山駅|旗の台駅|長原駅|洗足池駅|武蔵小山駅|緑が丘駅|荏原町駅,78.0,,,,primary_area=中目黒,20,+20(rental=1),0,1
中目黒のレンタルダンススタジオおすすめ,エリア,S,CARDIO BARRE JIYUGAOKA (カーディオ・バー 自由が丘店),〒152-0035 東京都目黒区自由が丘２丁目１０-４ ミルシェ自由が丘 5階,,0,中目黒,中目黒,自由が丘駅,自由が丘駅,132.0,,,,primary_area=中目黒,20,+20(rental=1),0,1
中目黒のレンタルダンススタジオおすすめ,エリア,S,Dance Studio Linda 中目黒,〒153-0043 東京都目黒区東山１丁目４-１３ ASA東山ビル １F,,0,中目黒,中目黒,池尻大橋駅,池尻大橋駅,1023.0,,,,primary_area=中目黒,45,+20(rental=1)|+25(ダンススタジオ),0,1
中目黒のレンタルダンススタジオおすすめ,エリア,S,中目黒店 レンタルダンススタジオROOTS,〒153-0051 東京都目黒区上目黒１丁目５-１０ 中目黒マンション B6,,0,中目黒,中目黒,恵比寿駅,恵比寿駅,905.0,,,,primary_area=中目黒,60,+20(rental=1)|+40(レンタルダンス),0,1
中目黒のレンタルダンススタジオおすすめ,エリア,S,Dancing Appaloosa ダンシング アパルーサ,〒152-0004 東京都目黒区鷹番３丁目４-１９ 江連ビル 3階 イズミダンススクール内,,0,中目黒,中目黒,学芸大学駅,学芸大学駅,53.0,,,,primary_area=中目黒,20,+20(rental=1),0,1
中目黒のレンタルダンススタジオおすすめ,エリア,S,LIGHT WORKS STUDIO,〒153-0052 東京都目黒区祐天寺１丁目２２-６,,0,中目黒,中目黒,祐天寺駅,祐天寺駅|中目黒駅|学芸大学駅|代官山駅|池尻大橋駅|恵比寿駅|三軒茶屋駅,132.0,,,,primary_area=中目黒,20,+20(rental=1),0,1
中目黒のレンタルダンススタジオおすすめ,エリア,S,Mailani feel art studio,〒153-0064 東京都目黒区下目黒５丁目１-１２ 2F,,0,中目黒,中目黒,目黒駅,目黒駅,1183.0,,,,primary_area=中目黒,20,+20(rental=1),0,1
中目黒のレンタルダンススタジオおすすめ,エリア,S,Musa studio《自由が丘レンタルスタジオ》,〒152-0034 東京都目黒区緑が丘２丁目１９-１１,,0,中目黒,中目黒,自由が丘駅,自由が丘駅,531.0,,,,primary_area=中目黒,50,+20(rental=1)|+30(レンタルスタジオ),0,1
中目黒のレンタルダンススタジオおすすめ,エリア,S,NSH MAJOR RENTAL STUDIO,〒153-0051 東京都目黒区上目黒３丁目６-１８ TYビル9階 Tyビル,,0,中目黒,中目黒,中目黒駅,中目黒駅|代官山駅|祐天寺駅|恵比寿駅|池尻大橋駅|神泉駅|渋谷駅|学芸大学駅|目黒駅,205.0,,,,primary_area=中目黒,50,+20(rental=1)|+30(レンタルスタジオ),0,1
中目黒のレンタルダンススタジオおすすめ,エリア,S,ENJOINT DANCE CLUB中目黒,〒153-0051 東京都目黒区上目黒１丁目５-１０ 中目黒マンション B1,,0,中目黒,中目黒,恵比寿駅,恵比寿駅,888.0,,,,primary_area=中目黒,20,+20(rental=1),0,1
中目黒のレンタルダンススタジオおすすめ,エリア,S,Pole and Aerial Studio POLISH中目黒,〒153-0051 東京都目黒区上目黒１丁目６-５ 3 階,,0,中目黒,中目黒,恵比寿駅,恵比寿駅,874.0,,,,primary_area=中目黒,20,+20(rental=1),0,1
中目黒のレンタルダンススタジオおすすめ,エリア,S,RAISE UP STUDIO 自由が丘 レンタルスタジオ,〒152-0035 東京都目黒区自由が丘１丁目３-22-B1,,0,中目黒,中目黒,自由が丘駅,自由が丘駅,288.0,,,,primary_area=中目黒,50,+20(rental=1)|+30(レンタルスタジオ),0,1
中目黒のレンタルダンススタジオおすすめ,エリア,S,Studio B,〒153-0041 東京都目黒区駒場３丁目５-６,,0,中目黒,中目黒,池尻大橋駅,池尻大橋駅,859.0,,,,primary_area=中目黒,20,+20(rental=1),0,1
中目黒のレンタルダンススタジオおすすめ,エリア,S,サン・スタジオ,〒152-0034 東京都目黒区緑が丘２丁目７-８,,0,中目黒,中目黒,自由が丘駅,自由が丘駅,536.0,,,,primary_area=中目黒,20,+20(rental=1),0,1
中目黒のレンタルダンススタジオおすすめ,エリア,S,スタジオエイル,〒153-0053 東京都目黒区五本木３丁目１８-７ 第２飯島ビル,,0,中目黒,中目黒,学芸大学駅,学芸大学駅,365.0,,,,primary_area=中目黒,20,+20(rental=1),0,1
中目黒のレンタルダンススタジオおすすめ,エリア,S,スタジオフラップ,〒152-0003 東京都目黒区碑文谷５丁目１４-１３,,0,中目黒,中目黒,学芸大学駅,学芸大学駅,735.0,,,,primary_area=中目黒,20,+20(rental=1),0,1
中目黒のレンタルダンススタジオおすすめ,エリア,S,タップダンススタジオ,〒153-0051 東京都目黒区上目黒１丁目５-１０ 中目黒マンションB1F?10号室,,0,中目黒,中目黒,恵比寿駅,恵比寿駅,888.0,,,,primary_area=中目黒,45,+20(rental=1)|+25(ダンススタジオ),0,1
中目黒のレンタルダンススタジオおすすめ,エリア,S,池尻大橋レンタルスタジオY3,〒153-0043 東京都目黒区東山３丁目１-１９ メゾン池尻大橋 M.I.O Bldg 305,,0,中目黒,中目黒,池尻大橋駅,池尻大橋駅,173.0,,,,primary_area=中目黒,50,+20(rental=1)|+30(レンタルスタジオ),0,1
中目黒のレンタルダンススタジオおすすめ,エリア,S,ダンススタジオANGELO★,〒152-0035 東京都目黒区自由が丘２丁目１６-２５ シグナルヒル B1,,0,中目黒,中目黒,自由が丘駅,自由が丘駅,270.0,,,,primary_area=中目黒,65,+20(rental=1)|+25(ダンススタジオ)|+20(web),0,1
中目黒のレンタルダンススタジオおすすめ,エリア,S,ノアスタジオ 学芸大店,〒152-0003 東京都目黒区碑文谷５丁目２５-１０ 1F?7F ノアビル２２,,0,中目黒,中目黒,学芸大学駅,学芸大学駅,753.0,,,,primary_area=中目黒,20,+20(rental=1),0,1
中目黒のレンタルダンススタジオおすすめ,エリア,S,ノアスタジオ 都立大２号店,〒152-0031 東京都目黒区中根１丁目２-２ 1F 受付,,0,中目黒,中目黒,都立大学駅,都立大学駅|緑が丘駅|自由が丘駅|学芸大学駅|大岡山駅|奥沢駅|洗足駅|九品仏駅|北千束駅,61.0,,,,primary_area=中目黒,20,+20(rental=1),0,1
中目黒のレンタルダンススタジオおすすめ,エリア,S,ノアスタジオ 都立大店（ダンス・演劇）,〒152-0031 東京都目黒区中根１丁目７-２３ ＳＴビル,,0,中目黒,中目黒,都立大学駅,都立大学駅|自由が丘駅|緑が丘駅|大岡山駅|奥沢駅|学芸大学駅|九品仏駅|洗足駅,151.0,,,,primary_area=中目黒,20,+20(rental=1),0,1
中目黒のレンタルダンススタジオおすすめ,エリア,S,マインクラブダンススタジオ,〒153-0052 東京都目黒区祐天寺１丁目２２-５,,0,中目黒,中目黒,祐天寺駅,祐天寺駅|中目黒駅|学芸大学駅|代官山駅|池尻大橋駅|恵比寿駅|三軒茶屋駅,145.0,,,,primary_area=中目黒,45,+20(rental=1)|+25(ダンススタジオ),0,1
中目黒のレンタルダンススタジオおすすめ,エリア,S,レンタルスタジオ ATELIER K.K. ?アトリエKK?,〒153-0051 東京都目黒区上目黒１丁目５-１０ 中目黒マンションB1F?11号室,,0,中目黒,中目黒,恵比寿駅,恵比寿駅,893.0,,,,primary_area=中目黒,50,+20(rental=1)|+30(レンタルスタジオ),0,1
中目黒のレンタルダンススタジオおすすめ,エリア,S,株式会社expg family,〒153-0043 東京都目黒区東山１丁目２-２ 目黒東山スクエアビル 4F,,0,中目黒,中目黒,池尻大橋駅,池尻大橋駅,886.0,,,,primary_area=中目黒,20,+20(rental=1),0,1
中目黒のレンタルダンススタジオおすすめ,エリア,S,駒場アートワークス,〒153-0041 東京都目黒区駒場２丁目１２-２,,0,中目黒,中目黒,池尻大橋駅,池尻大橋駅,777.0,,,,primary_area=中目黒,20,+20(rental=1),0,1
中目黒のレンタルダンススタジオおすすめ,エリア,S,ENJOINT DANCE CLUB,〒153-0061 東京都目黒区中目黒３丁目５-１８-３１２,,0,中目黒,中目黒,恵比寿駅,恵比寿駅,1086.0,,,,primary_area=中目黒,20,+20(rental=1),0,1
中目黒のレンタルダンススタジオおすすめ,エリア,S,Akimotoレンタルスタジオ,〒153-0051 東京都目黒区上目黒１丁目１６-１１ 秋元ビル,,0,中目黒,中目黒,恵比寿駅,恵比寿駅,1130.0,,,,primary_area=中目黒,70,+20(rental=1)|+30(レンタルスタジオ)|+20(web),0,1
中目黒のレンタルダンススタジオおすすめ,エリア,S,自由が丘 セレナヴィータ レンタルスタジオ,〒152-0035 東京都目黒区自由が丘２丁目３-１２ ２Ｆ－Ｂ セレナヴィータ自由が丘,,0,中目黒,中目黒,自由が丘駅,自由が丘駅,608.0,,,,primary_area=中目黒,50,+20(rental=1)|+30(レンタルスタジオ),0,1
中目黒のレンタルダンススタジオおすすめ,エリア,S,水村繁子フラメンコスタジオ,〒153-0064 東京都目黒区下目黒２丁目２１-７,,0,中目黒,中目黒,目黒駅,目黒駅,605.0,,,,primary_area=中目黒,20,+20(rental=1),0,1
中目黒のレンタルダンススタジオおすすめ,エリア,S,代官山スタジオ,〒153-0061 東京都目黒区中目黒１丁目２-１７,,0,中目黒,中目黒,恵比寿駅,恵比寿駅,732.0,,,,primary_area=中目黒,20,+20(rental=1),0,1
中目黒のレンタルダンススタジオおすすめ,エリア,S,中目黒 すわ山 レンタルスタジオ,〒153-0051 東京都目黒区上目黒２丁目４７-１ 司ビル 2F-B,,0,中目黒,中目黒,中目黒駅,中目黒駅|祐天寺駅|代官山駅|池尻大橋駅|恵比寿駅|学芸大学駅|神泉駅|渋谷駅,412.0,,,,primary_area=中目黒,50,+20(rental=1)|+30(レンタルスタジオ),0,1
中目黒のレンタルダンススタジオおすすめ,エリア,S,中目黒 ブロードウェイレンタルスタジオ,〒153-0051 東京都目黒区上目黒１丁目５-１０ 中目黒マンション Ｂ15号室,,0,中目黒,中目黒,恵比寿駅,恵比寿駅,888.0,,,,primary_area=中目黒,50,+20(rental=1)|+30(レンタルスタジオ),0,1
中目黒のレンタルダンススタジオおすすめ,エリア,S,祐天寺 キッズダンス！ Navilla Dance School,〒153-0052 東京都目黒区祐天寺２丁目１５-１６,,0,中目黒,中目黒,学芸大学駅,学芸大学駅,940.0,,,,primary_area=中目黒,20,+20(rental=1),0,1
中目黒のレンタルダンススタジオおすすめ,エリア,S,溶岩ホットヨガ LaLa Aasha（ララアーシャ）学芸大学,〒152-0004 東京都目黒区鷹番２丁目２０-６ Kh.01 3F,,0,中目黒,中目黒,学芸大学駅,学芸大学駅,154.0,,,,primary_area=中目黒,20,+20(rental=1),0,1
中目黒のレンタルダンススタジオおすすめ,エリア,S,チェリッシュスタジオ1号館/6号館,東京都渋谷区円山町20-1 新大宗円山ビル別館3階,https://dance-studio-lab.com/room/Njc0MjgwMDUtMzBjZS00ZmU5LWFkNzgtYTE3Y2U5NDMyYmU0/detail,1,渋谷,渋谷,神泉駅,神泉駅|渋谷駅|駒場東大前駅|池尻大橋駅|代官山駅|中目黒駅|代々木公園駅|代々木八幡駅|明治神宮前〈原宿〉駅|原宿駅,170.0,,,,tag/station:中目黒,50,+30(dslurl)|+20(rental=1),0,1
中目黒のレンタルダンススタジオおすすめ,エリア,S,チェリッシュスタジオ7号館,東京都渋谷区桜丘町29-17 さくらマンション205,https://dance-studio-lab.com/room/MjQ5NGIyOTEtZTVmOS00MzZkLWIzNGYtYTFkMmVhOWZiYTE5/detail,1,渋谷,渋谷,渋谷駅,渋谷駅|神泉駅|代官山駅|中目黒駅|恵比寿駅|池尻大橋駅|駒場東大前駅|表参道駅|明治神宮前〈原宿〉駅|原宿駅,515.0,,,,tag/station:中目黒,50,+30(dslurl)|+20(rental=1),0,1
中目黒のレンタルダンススタジオおすすめ,エリア,S,チェリッシュスタジオ4号館/8号館,東京都渋谷区桜丘町29-17 さくらマンション205,https://dance-studio-lab.com/room/NmJiNDI1YTQtN2EwMi00ODFjLWE0OTMtMjUyYzk4ODY2NGY5/detail,1,渋谷,渋谷,渋谷駅,渋谷駅|神泉駅|代官山駅|中目黒駅|恵比寿駅|池尻大橋駅|駒場東大前駅|表参道駅|明治神宮前〈原宿〉駅|原宿駅,515.0,,,,tag/station:中目黒,50,+30(dslurl)|+20(rental=1),0,1
中目黒のレンタルダンススタジオおすすめ,エリア,S,ザ・スペース大久保南口,東京都渋谷区桜丘町29-17 さくらマンション205,https://dance-studio-lab.com/room/ZDRhYmIxMjgtNzhkMy00Yjk1LTk2MzItNTdiZWJmY2VkYWZk/detail,1,渋谷,渋谷,渋谷駅,渋谷駅|神泉駅|代官山駅|中目黒駅|恵比寿駅|池尻大橋駅|駒場東大前駅|表参道駅|明治神宮前〈原宿〉駅|原宿駅,515.0,,,,tag/station:中目黒,50,+30(dslurl)|+20(rental=1),0,1
中目黒のレンタルダンススタジオおすすめ,エリア,S,チェリッシュスタジオ5号館,東京都渋谷区道玄坂1-16-6 二葉ビル7D,https://dance-studio-lab.com/room/NTRjMDczNjgtY2EzMy00YjE4LWJlMjYtYmExOTZiYTBmZWZk/detail,1,渋谷,渋谷,渋谷駅,渋谷駅|神泉駅|代官山駅|駒場東大前駅|池尻大橋駅|中目黒駅|明治神宮前〈原宿〉駅|原宿駅|代々木公園駅|恵比寿駅,379.0,,,,tag/station:中目黒,50,+30(dslurl)|+20(rental=1),0,1
中目黒のレンタルダンススタジオおすすめ,エリア,S,レンタルスタジオAivic渋谷道玄坂,東京都渋谷区円山町23-10 渋谷ATビル201,https://dance-studio-lab.com/room/NWE2MDljYmItN2I0ZC00ZjIzLWI3MGEtMmZiNmEzNWJjOWI4/detail,1,渋谷,渋谷,神泉駅,神泉駅|渋谷駅|駒場東大前駅|池尻大橋駅|代官山駅|代々木公園駅|中目黒駅|代々木八幡駅|明治神宮前〈原宿〉駅|原宿駅,78.0,,,,tag/station:中目黒,80,+30(dslurl)|+20(rental=1)|+30(レンタルスタジオ),0,1
中目黒のレンタルダンススタジオおすすめ,エリア,S,チェリッシュスタジオ9号館,東京都渋谷区鶯谷町15-7 ライブリーYSビル6階,https://dance-studio-lab.com/room/NGU3OTQ4YzEtMzA3OS00NDc3LThjODQtYWFkMmUzMTE4ZmFm/detail,1,渋谷,渋谷,渋谷駅,渋谷駅|神泉駅|代官山駅|中目黒駅|恵比寿駅|池尻大橋駅|駒場東大前駅|表参道駅|明治神宮前〈原宿〉駅|原宿駅,423.0,,,,tag/station:中目黒,50,+30(dslurl)|+20(rental=1),0,1
中目黒のレンタルダンススタジオおすすめ,エリア,S,レンタルスタジオAivic恵比寿,東京都渋谷区恵比寿西1-14-3 満栄佐藤ビル202,https://dance-studio-lab.com/room/MzMyZDY5NzktNDEzOS00MzAyLWJjNzEtMjZiMjNiNzUwNGMy/detail,1,渋谷,渋谷,恵比寿駅,恵比寿駅|代官山駅|中目黒駅|渋谷駅|広尾駅|神泉駅|目黒駅|祐天寺駅|表参道駅|白金台駅,233.0,,,,tag/station:中目黒,80,+30(dslurl)|+20(rental=1)|+30(レンタルスタジオ),0,1
中目黒のレンタルダンススタジオおすすめ,エリア,S,レンタルスタジオAivic恵比寿2号店,東京都渋谷区恵比寿2-16-16 レクシード恵比寿（旧flegエビスW）111,https://dance-studio-lab.com/room/MjM0NzMxMTAtOGQzOS00MDFkLThmMGEtNTgzM2MzMjVjMzlh/detail,1,渋谷,渋谷,広尾駅,広尾駅|恵比寿駅|白金台駅|代官山駅|目黒駅|白金高輪駅|中目黒駅|麻布十番駅|渋谷駅,628.0,,,,tag/station:中目黒,80,+30(dslurl)|+20(rental=1)|+30(レンタルスタジオ),0,1
中野のレンタルダンススタジオおすすめ,エリア,S,A.R.P studio,〒164-0011 東京都中野区中央２丁目５８-21 B1,,0,中野,中野,中野坂上駅,中野坂上駅|東中野駅|新中野駅|中野新橋駅|落合駅|中野駅|西新宿五丁目駅（清水橋）|西新宿駅|中野富士見町駅|大久保駅,574.0,,,,primary_area=中野,20,+20(rental=1),0,1
中野のレンタルダンススタジオおすすめ,エリア,S,Asia Ballet Agency,〒164-0013 東京都中野区弥生町１丁目４３-１ アーデルホーフ弥生町,,0,中野,中野,中野新橋駅,中野新橋駅|西新宿五丁目駅（清水橋）|中野富士見町駅|中野坂上駅|初台駅|幡ヶ谷駅|新中野駅|都庁前駅|西新宿駅|参宮橋駅,531.0,,,,primary_area=中野,20,+20(rental=1),0,1
中野のレンタルダンススタジオおすすめ,エリア,S,ソニズレンタルスタジオ東高円寺店,〒166-0003 東京都杉並区高円寺南１丁目６-５ 高円寺サマリヤマンション 松屋の隣,,0,高円寺,高円寺,中野駅,中野駅,1075.0,,,,tag/station:中野,50,+20(rental=1)|+30(レンタルスタジオ),0,1
中野のレンタルダンススタジオおすすめ,エリア,S,b-line dance studio,〒164-0012 東京都中野区本町３丁目３２-１５ クラウンズコートなかの 1階,,0,中野,中野,新中野駅,新中野駅|中野新橋駅|中野坂上駅|中野富士見町駅|中野駅|西新宿五丁目駅（清水橋）|東中野駅|東高円寺駅|西新宿駅|落合駅,511.0,,,,primary_area=中野,45,+20(rental=1)|+25(ダンススタジオ),0,1
中野のレンタルダンススタジオおすすめ,エリア,S,中野 レンタルスタジオ オドリバ,〒164-0001 東京都中野区中野５丁目３２-６ 中野城西ビル B-7号室,,0,中野,中野,中野駅,中野駅,163.0,,,,primary_area=中野,50,+20(rental=1)|+30(レンタルスタジオ),0,1
中野のレンタルダンススタジオおすすめ,エリア,S,D'CRE8 Dance Shtajio (ディークリエイトダンスシタジオ),〒164-0013 東京都中野区弥生町１丁目１１-２ B1,,0,中野,中野,西新宿五丁目駅（清水橋）,西新宿五丁目駅（清水橋）|中野坂上駅|中野新橋駅|都庁前駅|西新宿駅|初台駅|中野富士見町駅|新中野駅|幡ヶ谷駅|新宿西口駅,325.0,,,,primary_area=中野,20,+20(rental=1),0,1
中野のレンタルダンススタジオおすすめ,エリア,S,ＪＰスタジオ,〒165-0027 東京都中野区野方５丁目１７-１０,,0,中野,中野,野方駅,野方駅|都立家政駅|鷺ノ宮駅|沼袋駅|高円寺駅|新井薬師前駅,193.0,,,,primary_area=中野,20,+20(rental=1),0,1
中野のレンタルダンススタジオおすすめ,エリア,S,ソニズレンタルスタジオ新中野鍋横第2店,〒164-0012 東京都中野区本町４丁目３０-１１ アーク新中野 B1,,0,中野,中野,中野駅,中野駅,1155.0,,,,primary_area=中野,50,+20(rental=1)|+30(レンタルスタジオ),0,1
中野のレンタルダンススタジオおすすめ,エリア,S,magari 中野坂上スタジオ,〒164-0011 東京都中野区中央１丁目１-３ 新都心中央ビル B1,,0,中野,中野,中野坂上駅,中野坂上駅|西新宿駅|西新宿五丁目駅（清水橋）|都庁前駅|大久保駅|東中野駅|新宿西口駅|中野新橋駅|西武新宿駅|新大久保駅,406.0,,,,primary_area=中野,20,+20(rental=1),0,1
中野のレンタルダンススタジオおすすめ,エリア,S,NATURAglam 高円寺スタジオ,〒166-0003 東京都杉並区４５ 高円寺南４丁目４５-２ メインロードビル3階,,0,高円寺,高円寺,高円寺駅,高円寺駅|新高円寺駅|東高円寺駅|阿佐ヶ谷駅|中野駅|南阿佐ケ谷駅|野方駅|新中野駅,100.0,,,,tag/station:中野,20,+20(rental=1),0,1
中野のレンタルダンススタジオおすすめ,エリア,S,Rinky Dink Studio 中野店,〒164-0001 東京都中野区中野２丁目２５-２ トビタビル ２階,,0,中野,中野,中野駅,中野駅,133.0,,,,primary_area=中野,20,+20(rental=1),0,1
中野のレンタルダンススタジオおすすめ,エリア,S,ＳＧ ＳＴＵＤＩＯ,〒166-0012 東京都杉並区和田１丁目１-１３ Ｂ１ 入り口は川沿い,,0,高円寺,高円寺,中野富士見町駅,中野富士見町駅|中野新橋駅|新中野駅|方南町駅|東高円寺駅|中野坂上駅|西新宿五丁目駅（清水橋）|中野駅|幡ヶ谷駅|新高円寺駅,77.0,,,,tag/station:中野,20,+20(rental=1),0,1
中野のレンタルダンススタジオおすすめ,エリア,S,STUDIO GEM GARAGE,〒164-0014 東京都中野区南台３丁目６-１７ 1F/B1F クリスタルコート８８ イマス中野,,0,中野,中野,中野富士見町駅,中野富士見町駅|中野新橋駅|方南町駅|幡ヶ谷駅|新中野駅|笹塚駅|西新宿五丁目駅（清水橋）|東高円寺駅|初台駅|中野坂上駅,537.0,,,,primary_area=中野,20,+20(rental=1),0,1
中野のレンタルダンススタジオおすすめ,エリア,S,STUDIO ONEWAY TOKYO,〒164-0013 東京都中野区弥生町５丁目２０-１ 弥生町ユニオンビル B2F,,0,中野,中野,中野富士見町駅,中野富士見町駅|中野新橋駅|新中野駅|方南町駅|東高円寺駅|西新宿五丁目駅（清水橋）|中野坂上駅|幡ヶ谷駅|笹塚駅|初台駅,208.0,,,,primary_area=中野,20,+20(rental=1),0,1
中野のレンタルダンススタジオおすすめ,エリア,S,ベストスタジオ中野,〒164-0001 東京都中野区中野５丁目４６ 9ABCハウス 101,,0,中野,中野,中野駅,中野駅,303.0,,,,primary_area=中野,20,+20(rental=1),0,1
中野のレンタルダンススタジオおすすめ,エリア,S,"レンタルスタジオDance""MOVE""!!",〒165-0027 東京都中野区野方５丁目３０-６ ひろきやビル 2階,,0,中野,中野,野方駅,野方駅|都立家政駅|沼袋駅|鷺ノ宮駅|高円寺駅|新井薬師前駅|中野駅,127.0,,,,primary_area=中野,50,+20(rental=1)|+30(レンタルスタジオ),0,1
中野のレンタルダンススタジオおすすめ,エリア,S,サワミュージカルスタジオ,"関島ビル B2F, １丁目-１４-１２ 弥生町 中野区 東京都 164-0013",,0,中野,中野,西新宿五丁目駅（清水橋）,西新宿五丁目駅（清水橋）|中野新橋駅|中野坂上駅|都庁前駅|西新宿駅|初台駅|中野富士見町駅|新中野駅|幡ヶ谷駅|新宿西口駅,299.0,,,,primary_area=中野,20,+20(rental=1),0,1
中野のレンタルダンススタジオおすすめ,エリア,S,スタジオ エレ,〒161-0034 東京都新宿区上落合３丁目２３-１７,,0,新宿,新宿|西新宿|高田馬場|新大久保,落合駅,落合駅|東中野駅|中井駅|新井薬師前駅|下落合駅|落合南長崎駅|中野坂上駅|中野駅|大久保駅|新大久保駅,319.0,,,,tag/station:中野,20,+20(rental=1),0,1
中野のレンタルダンススタジオおすすめ,エリア,S,スタジオ・リアル,〒164-0013 東京都中野区弥生町１丁目５５-１１ エムエスエスビル 2Ｆ,,0,中野,中野,中野新橋駅,中野新橋駅|西新宿五丁目駅（清水橋）|中野坂上駅|中野富士見町駅|新中野駅|都庁前駅|西新宿駅|初台駅|幡ヶ谷駅|東中野駅,316.0,,,,primary_area=中野,20,+20(rental=1),0,1
中野のレンタルダンススタジオおすすめ,エリア,S,スタジオGAEA,〒165-0025 東京都中野区沼袋１丁目１０-５,,0,中野,中野,沼袋駅,沼袋駅|新井薬師前駅|野方駅|中野駅|新江古田駅|落合南長崎駅|中井駅|都立家政駅,174.0,,,,primary_area=中野,20,+20(rental=1),0,1
中野のレンタルダンススタジオおすすめ,エリア,S,スタジオライブラ,〒164-0003 東京都中野区東中野４丁目４-５ 東中野アパートメンツ ４-５ 201,,0,中野,中野,東中野駅,東中野駅|落合駅|中井駅|中野坂上駅|大久保駅|下落合駅|新井薬師前駅|西新宿駅|新大久保駅|中野駅,43.0,,,,primary_area=中野,20,+20(rental=1),0,1
中野のレンタルダンススタジオおすすめ,エリア,S,スタジオ響,〒164-0002 東京都中野区上高田３丁目３８-１１ 響ＳＯＵ,,0,中野,中野,中野駅,中野駅,1168.0,,,,primary_area=中野,20,+20(rental=1),0,1
中野のレンタルダンススタジオおすすめ,エリア,S,ダンススタジオ ファンデーション 東中野落合校,〒164-0003 東京都中野区東中野３丁目１６-１４ 小谷ビル １Ｆ,,0,中野,中野,東中野駅,東中野駅|落合駅|中井駅|新井薬師前駅|中野坂上駅|下落合駅|中野駅|落合南長崎駅|新中野駅|大久保駅,392.0,,,,primary_area=中野,45,+20(rental=1)|+25(ダンススタジオ),0,1
中野のレンタルダンススタジオおすすめ,エリア,S,スタジオグロウ,〒164-0003 東京都中野区東中野１丁目４-４,,0,中野,中野,東中野駅,東中野駅|中野坂上駅|落合駅|西新宿駅|大久保駅|西新宿五丁目駅（清水橋）|新大久保駅|都庁前駅|中野新橋駅|西武新宿駅,532.0,,,,primary_area=中野,20,+20(rental=1),0,1
中野のレンタルダンススタジオおすすめ,エリア,S,なかすた（スタジオ神田川）,〒164-0013 東京都中野区弥生町５丁目２２-２ ビラフジミ B号室,https://dance-studio-lab.com/room/ODE4NDI3NmEtODY2YS00ZTg2LTgyMzctNzMzNmYwYjNmNDgx/detail,1,中野,中野,中野富士見町駅,中野富士見町駅|中野新橋駅|新中野駅|方南町駅|東高円寺駅|幡ヶ谷駅|西新宿五丁目駅（清水橋）|中野坂上駅|笹塚駅|新高円寺駅,163.0,,,,primary_area=中野,50,+30(dslurl)|+20(rental=1),0,1
中野のレンタルダンススタジオおすすめ,エリア,S,ソニズレンタルスタジオ新中野鍋横店,〒164-0011 東京都中野区中央３丁目３４-３ B1階,,0,中野,中野,中野駅,中野駅,1004.0,,,,primary_area=中野,50,+20(rental=1)|+30(レンタルスタジオ),0,1
中野のレンタルダンススタジオおすすめ,エリア,S,ノアスタジオ 中野店,"〒164-0001 東京都中野区中野３丁目３９-２, Nakano Noah Building, B1",,0,中野,中野,中野駅,中野駅,231.0,,,,primary_area=中野,20,+20(rental=1),0,1
中野のレンタルダンススタジオおすすめ,エリア,S,ホットヨガスタジオLAVA 中野坂上店,〒164-0012 東京都中野区本町２丁目２８-１１ 不二ハイツ 2F,,0,中野,中野,中野坂上駅,中野坂上駅|西新宿五丁目駅（清水橋）|中野新橋駅|西新宿駅|都庁前駅|新中野駅|東中野駅|中野富士見町駅|大久保駅|新宿西口駅,254.0,,,,primary_area=中野,20,+20(rental=1),0,1
中野のレンタルダンススタジオおすすめ,エリア,S,レンタルスタジオ HIKARI 東高円寺,〒166-0012 東京都杉並区和田３丁目５９-１０ エレガンス東高円寺 101号室,,0,高円寺,高円寺,中野駅,中野駅,1083.0,,,,tag/station:中野,50,+20(rental=1)|+30(レンタルスタジオ),0,1
中野のレンタルダンススタジオおすすめ,エリア,S,レンタルスタジオ スタジオサイ,〒165-0026 東京都中野区新井１丁目１-５,,0,中野,中野,中野駅,中野駅,594.0,,,,primary_area=中野,50,+20(rental=1)|+30(レンタルスタジオ),0,1
中野のレンタルダンススタジオおすすめ,エリア,S,楽?can,〒164-0012 東京都中野区本町２丁目５-７,,0,中野,中野,西新宿五丁目駅（清水橋）,西新宿五丁目駅（清水橋）|中野坂上駅|中野新橋駅|都庁前駅|西新宿駅|新中野駅|中野富士見町駅|初台駅|東中野駅|新宿西口駅,421.0,,,,primary_area=中野,20,+20(rental=1),0,1
中野のレンタルダンススタジオおすすめ,エリア,S,株式会社ZERO CREATION（Dance Studio FOCUS）,〒166-0003 東京都杉並区高円寺南５丁目３５-１５,,0,高円寺,高円寺,中野駅,中野駅,718.0,,,,tag/station:中野,45,+20(rental=1)|+25(ダンススタジオ),0,1
中野のレンタルダンススタジオおすすめ,エリア,S,高円寺 フェニックス レンタルスタジオ,〒166-0003 東京都杉並区高円寺南２丁目５３-１,,0,高円寺,高円寺,中野駅,中野駅,1189.0,,,,tag/station:中野,50,+20(rental=1)|+30(レンタルスタジオ),0,1
中野のレンタルダンススタジオおすすめ,エリア,S,高円寺・中野レンタルダンススタジオEmotions,〒166-0002 東京都杉並区高円寺北１丁目３-２,,0,高円寺,高円寺,中野駅,中野駅,971.0,,,,tag/station:中野,60,+20(rental=1)|+40(レンタルダンス),0,1
中野のレンタルダンススタジオおすすめ,エリア,S,高円寺スタジオ,〒166-0002 東京都杉並区高円寺北２丁目７-７ 地下１階 高円寺名店ビル,,0,高円寺,高円寺,高円寺駅,高円寺駅|新高円寺駅|東高円寺駅|阿佐ヶ谷駅|中野駅|野方駅|南阿佐ケ谷駅|都立家政駅|沼袋駅|新中野駅,147.0,,,,tag/station:中野,20,+20(rental=1),0,1
中野のレンタルダンススタジオおすすめ,エリア,S,高円寺フェニックススタジオ,〒166-0003 東京都杉並区５３ 高円寺南2-53-1 FLAT・KOU1階,,0,高円寺,高円寺,中野駅,中野駅,1193.0,,,,tag/station:中野,20,+20(rental=1),0,1
中野のレンタルダンススタジオおすすめ,エリア,S,大谷哲章バレエスタジオアプロン,〒164-0011 東京都中野区中央２丁目８-２１,,0,中野,中野,中野坂上駅,中野坂上駅|東中野駅|西新宿五丁目駅（清水橋）|中野新橋駅|西新宿駅|新中野駅|都庁前駅|大久保駅|落合駅|新宿西口駅,181.0,,,,primary_area=中野,20,+20(rental=1),0,1
中野のレンタルダンススタジオおすすめ,エリア,S,中野 ガーデン レンタルスタジオ,〒165-0026 東京都中野区新井１丁目１２-５ ＮＳフラッツ B1階,,0,中野,中野,中野駅,中野駅,581.0,,,,primary_area=中野,50,+20(rental=1)|+30(レンタルスタジオ),0,1
中野のレンタルダンススタジオおすすめ,エリア,S,中野ロフトスタジオ～nakano f～,〒164-0001 東京都中野区中野５丁目４６-１０,,0,中野,中野,中野駅,中野駅,294.0,,,,primary_area=中野,20,+20(rental=1),0,1
中野のレンタルダンススタジオおすすめ,エリア,S,Dubway レンタルスタジオ中野,東京都中野区5-32-6 城西ビルB02,https://dance-studio-lab.com/room/MzFmYWU5ZjgtNmM0NC00MDYzLTljOGUtMjFlZDI1MmVhMDE5/detail,1,中野,中野,中野駅,中野駅|新中野駅|新井薬師前駅|東高円寺駅|沼袋駅|東中野駅|高円寺駅|中野新橋駅|中野坂上駅|落合駅,167.0,,,,primary_area=中野,80,+30(dslurl)|+20(rental=1)|+30(レンタルスタジオ),0,1
六本木のレンタルダンススタジオおすすめ,エリア,S,ACFit 赤坂見附スタジオ,〒107-0052 東京都港区赤坂３丁目４-３ 赤坂マカベビル B1F,,0,六本木,六本木|赤坂|麻布|新橋,赤坂駅,赤坂駅,160.0,,,,primary_area=六本木,20,+20(rental=1),0,1
六本木のレンタルダンススタジオおすすめ,エリア,S,Ballet Studio M'z,〒107-0052 東京都港区赤坂７丁目９-７ 小林ビル 5F,,0,六本木,六本木|赤坂|麻布|新橋,赤坂駅,赤坂駅|六本木駅|青山一丁目駅,561.0,,,,primary_area=六本木,20,+20(rental=1),0,1
六本木のレンタルダンススタジオおすすめ,エリア,S,ナ・ホク・オ・カヘアラニ フラ＆タヒチアン,〒107-0061 東京都港区北青山３丁目５-９ KAZU表参道 202号室,,0,六本木,六本木|赤坂|麻布|新橋,表参道駅,表参道駅|外苑前駅|原宿駅,242.0,,,,primary_area=六本木,20,+20(rental=1),0,1
六本木のレンタルダンススタジオおすすめ,エリア,S,DAYS赤坂見附,〒107-0052 東京都港区赤坂３丁目９-１ 紀陽 ビル,,0,六本木,六本木|赤坂|麻布|新橋,赤坂駅,赤坂駅,433.0,,,,primary_area=六本木,20,+20(rental=1),0,1
六本木のレンタルダンススタジオおすすめ,エリア,S,dスタ（レンタルスタジオ）,〒107-0062 東京都港区南青山２丁目２４-１５ 青山タワービル 15F,,0,六本木,六本木|赤坂|麻布|新橋,外苑前駅,外苑前駅|青山一丁目駅|表参道駅,68.0,,,,primary_area=六本木,50,+20(rental=1)|+30(レンタルスタジオ),0,1
六本木のレンタルダンススタジオおすすめ,エリア,S,FACTORYカレッタスタジオ,〒105-7001 東京都港区東新橋１丁目８-１ B2 カレッタスタジオ,,0,六本木,六本木|赤坂|麻布|新橋,新橋駅,新橋駅|有楽町駅|浜松町駅,354.0,,,,primary_area=六本木,20,+20(rental=1),0,1
六本木のレンタルダンススタジオおすすめ,エリア,S,FREEDA LIFESTYLE＋,〒106-0044 東京都港区東麻布１丁目２６-８ プライム東麻布 3F,,0,六本木,六本木|赤坂|麻布|新橋,麻布十番駅,麻布十番駅|浜松町駅|田町駅,921.0,,,,primary_area=六本木,20,+20(rental=1),0,1
六本木のレンタルダンススタジオおすすめ,エリア,S,Irodori麻布十番,〒106-0045 東京都港区麻布十番１丁目５-１ ＹＫビル 4F,,0,六本木,六本木|赤坂|麻布|新橋,麻布十番駅,麻布十番駅|六本木駅,386.0,,,,primary_area=六本木,20,+20(rental=1),0,1
六本木のレンタルダンススタジオおすすめ,エリア,S,JK Studio 赤羽橋,〒106-0044 東京都港区東麻布１丁目１８-７ リヴェールハヤシ B1,,0,六本木,六本木|赤坂|麻布|新橋,麻布十番駅,麻布十番駅|田町駅,749.0,,,,primary_area=六本木,20,+20(rental=1),0,1
六本木のレンタルダンススタジオおすすめ,エリア,S,KaQiLa～カキラ～スタジオ／株式会社キッズ・カンパニー,〒106-0032 東京都港区六本木２丁目４-９ アソルティー六本木一丁目６Ｆ,,0,六本木,六本木|赤坂|麻布|新橋,六本木駅,六本木駅|赤坂駅,566.0,,,,primary_area=六本木,20,+20(rental=1),0,1
六本木のレンタルダンススタジオおすすめ,エリア,S,スタジオ アーキタンツ architanz,〒105-0023 東京都港区芝浦１丁目１３-１０,,0,六本木,六本木|赤坂|麻布|新橋,田町駅,田町駅|浜松町駅,548.0,,,,primary_area=六本木,20,+20(rental=1),0,1
六本木のレンタルダンススタジオおすすめ,エリア,S,SUMUZO STUDIO SHINBASHI,〒105-0004 東京都港区新橋６丁目７-３ アシスト新橋ビル,,0,六本木,六本木|赤坂|麻布|新橋,新橋駅,新橋駅|浜松町駅,555.0,,,,primary_area=六本木,20,+20(rental=1),0,1
六本木のレンタルダンススタジオおすすめ,エリア,S,BUZZ LIVE 赤坂,〒107-0052 東京都港区赤坂３丁目１５-３ 忍路ビル B1,,0,六本木,六本木|赤坂|麻布|新橋,赤坂駅,赤坂駅|青山一丁目駅,100.0,,,,primary_area=六本木,20,+20(rental=1),0,1
六本木のレンタルダンススタジオおすすめ,エリア,S,FEELCYCLE 六本木,〒106-0032 東京都港区六本木６丁目４-１ ヒルズ ハリウッドプラザ 3F,,0,六本木,六本木|赤坂|麻布|新橋,六本木駅,六本木駅|麻布十番駅,198.0,,,,primary_area=六本木,20,+20(rental=1),0,1
六本木のレンタルダンススタジオおすすめ,エリア,S,Mita Dance Factory 芝スタジオ,"セレブ 釉 芝公園 1F, ２丁目-１６-１１ 芝 港区 東京都 105-0014",,0,六本木,六本木|赤坂|麻布|新橋,浜松町駅,浜松町駅|田町駅,632.0,,,,primary_area=六本木,20,+20(rental=1),0,1
六本木のレンタルダンススタジオおすすめ,エリア,S,FINEDAY浜松町,〒105-0012 東京都港区芝大門１丁目２-２２ 2F(200 パレステュディオ芝大門,,0,六本木,六本木|赤坂|麻布|新橋,浜松町駅,浜松町駅|新橋駅,520.0,,,,primary_area=六本木,40,+20(rental=1)|+20(web),0,1
六本木のレンタルダンススタジオおすすめ,エリア,S,Nari Gym (ナリジム),〒107-0052 東京都港区赤坂３丁目14番9号 赤坂清水ビル 2F,,0,六本木,六本木|赤坂|麻布|新橋,赤坂駅,赤坂駅|青山一丁目駅,48.0,,,,primary_area=六本木,20,+20(rental=1),0,1
六本木のレンタルダンススタジオおすすめ,エリア,S,Pole and Aerial Studio POLISH六本木,〒106-0032 東京都港区六本木７丁目１２-３,,0,六本木,六本木|赤坂|麻布|新橋,六本木駅,六本木駅|青山一丁目駅|麻布十番駅,187.0,,,,primary_area=六本木,20,+20(rental=1),0,1
六本木のレンタルダンススタジオおすすめ,エリア,S,Pole Dance Tokyo ポールダンス東京,〒107-0052 東京都港区赤坂３丁目１６-８ 東海アネックスビルB1,,0,六本木,六本木|赤坂|麻布|新橋,赤坂駅,赤坂駅|青山一丁目駅,150.0,,,,primary_area=六本木,20,+20(rental=1),0,1
六本木のレンタルダンススタジオおすすめ,エリア,S,rjspace外苑前駅4番出口,〒107-0062 東京都港区南青山２丁目１４-１７ アートメイク・トキ 美容室内 ジョワレ南青山 第18吉田ビル 2F,,0,六本木,六本木|赤坂|麻布|新橋,外苑前駅,外苑前駅|青山一丁目駅|表参道駅,247.0,,,,primary_area=六本木,20,+20(rental=1),0,1
六本木のレンタルダンススタジオおすすめ,エリア,S,SOUTH MINT STUDIO 南青山,〒107-0062 東京都港区南青山２丁目２７-２０ B1F,,0,六本木,六本木|赤坂|麻布|新橋,外苑前駅,外苑前駅|表参道駅|青山一丁目駅,167.0,,,,primary_area=六本木,20,+20(rental=1),0,1
六本木のレンタルダンススタジオおすすめ,エリア,S,Studio R 六本木ヒルズ店,〒106-0032 東京都港区六本木６丁目１５-１ ヒルズ けやき坂通り 2F けやき坂テラス,,0,六本木,六本木|赤坂|麻布|新橋,六本木駅,六本木駅|麻布十番駅,519.0,,,,primary_area=六本木,20,+20(rental=1),0,1
六本木のレンタルダンススタジオおすすめ,エリア,S,STUDIO SPACE COREDO NOGIZAKA｜スタジオスペース コレド 乃木坂,〒107-0052 東京都港区赤坂９丁目６-４１ B1,,0,六本木,六本木|赤坂|麻布|新橋,青山一丁目駅,青山一丁目駅|六本木駅|外苑前駅,578.0,,,,primary_area=六本木,20,+20(rental=1),0,1
六本木のレンタルダンススタジオおすすめ,エリア,S,STUDIO TRON,"〒106-0031 東京都港区西麻布３丁目１７-１１ B1F,1F TRONビル",,0,六本木,六本木|赤坂|麻布|新橋,六本木駅,六本木駅|麻布十番駅,688.0,,,,primary_area=六本木,20,+20(rental=1),0,1
六本木のレンタルダンススタジオおすすめ,エリア,S,TKPスター貸会議室 東京タワー通り,〒105-0011 東京都港区芝公園３丁目４-３０ 32芝公園ビル B2階,,0,六本木,六本木|赤坂|麻布|新橋,浜松町駅,浜松町駅|麻布十番駅,998.0,,,,primary_area=六本木,20,+20(rental=1),0,1
六本木のレンタルダンススタジオおすすめ,エリア,S,TOKYO GATE STUDIO 東京ゲートスタジオ レンタルスタジオ,〒108-0074 東京都港区高輪４丁目２４-５８ サマセット品川東京１F,,0,六本木,六本木|赤坂|麻布|新橋,品川駅,品川駅|大崎駅,387.0,,,,primary_area=六本木,50,+20(rental=1)|+30(レンタルスタジオ),0,1
六本木のレンタルダンススタジオおすすめ,エリア,S,Z-RAHZ DANCE STUDIO,〒106-0046 東京都港区元麻布１丁目２-２,,0,六本木,六本木|赤坂|麻布|新橋,麻布十番駅,麻布十番駅|六本木駅,192.0,,,,primary_area=六本木,45,+20(rental=1)|+25(ダンススタジオ),0,1
六本木のレンタルダンススタジオおすすめ,エリア,S,アルファビデオレンタルスタジオ,〒107-0051 東京都港区元赤坂１丁目５-７ ラベリテ赤坂 1階,,0,六本木,六本木|赤坂|麻布|新橋,赤坂駅,赤坂駅|青山一丁目駅,534.0,,,,primary_area=六本木,50,+20(rental=1)|+30(レンタルスタジオ),0,1
六本木のレンタルダンススタジオおすすめ,エリア,S,エストゥディオのりこ,〒105-0004 東京都港区１６ 東京都港区 2-16-1 340,,0,六本木,六本木|赤坂|麻布|新橋,新橋駅,新橋駅|有楽町駅|浜松町駅,85.0,,,,primary_area=六本木,20,+20(rental=1),0,1
六本木のレンタルダンススタジオおすすめ,エリア,S,シライシダンススタジオ,〒106-0047 東京都港区南麻布５丁目１０-２６ ＯＲＥ広尾ビル ２階,,0,六本木,六本木|赤坂|麻布|新橋,麻布十番駅,麻布十番駅,1112.0,,,,primary_area=六本木,45,+20(rental=1)|+25(ダンススタジオ),0,1
六本木のレンタルダンススタジオおすすめ,エリア,S,スタジオ ダ・ヴィンチ,"〒105-0021 東京都港区東新橋２丁目４-６ パラッツオシエナ 1 2,3F",,0,六本木,六本木|赤坂|麻布|新橋,新橋駅,新橋駅|浜松町駅,517.0,,,,primary_area=六本木,20,+20(rental=1),0,1
六本木のレンタルダンススタジオおすすめ,エリア,S,スタジオ レセルバ,〒107-0052 東京都港区赤坂３丁目２１-１４ TS共和六番館地下一階,,0,六本木,六本木|赤坂|麻布|新橋,赤坂駅,赤坂駅|青山一丁目駅,380.0,,,,primary_area=六本木,20,+20(rental=1),0,1
六本木のレンタルダンススタジオおすすめ,エリア,S,スタジオ レンズマン芝公園,〒105-0011 東京都港区芝公園２丁目１２-１５ 大国ビル 2F-A,,0,六本木,六本木|赤坂|麻布|新橋,浜松町駅,浜松町駅|田町駅,518.0,,,,primary_area=六本木,20,+20(rental=1),0,1
六本木のレンタルダンススタジオおすすめ,エリア,S,スタジオ レンズマン青山,〒107-0062 東京都港区南青山２丁目１０-１１ 南青山パールハイム 1F,,0,六本木,六本木|赤坂|麻布|新橋,青山一丁目駅,青山一丁目駅|外苑前駅|表参道駅,316.0,,,,primary_area=六本木,20,+20(rental=1),0,1
六本木のレンタルダンススタジオおすすめ,エリア,S,BUZZ レンタルスタジオ赤坂店,〒107-0052 東京都港区赤坂２丁目１３-２０ Tsumugi ビル,,0,六本木,六本木|赤坂|麻布|新橋,赤坂駅,赤坂駅,148.0,,,,primary_area=六本木,50,+20(rental=1)|+30(レンタルスタジオ),0,1
六本木のレンタルダンススタジオおすすめ,エリア,S,BUZZ レンタルスタジオ 六本木店,〒106-0032 東京都港区六本木４丁目５-７ スタジオＤ 地下1階,https://dance-studio-lab.com/room/MGYxY2IwOWYtNDQ4ZS00MmEyLTliYTAtNzg1YjUyOTA0OTlj/detail,1,六本木,六本木|赤坂|麻布|新橋,六本木駅,六本木駅|赤坂駅|青山一丁目駅,269.0,,,,primary_area=六本木,80,+30(dslurl)|+20(rental=1)|+30(レンタルスタジオ),0,1
六本木のレンタルダンススタジオおすすめ,エリア,S,スタジオマーティ,〒108-0073 東京都港区三田２丁目１４-４ １Ｆ,,0,六本木,六本木|赤坂|麻布|新橋,田町駅,田町駅|麻布十番駅,476.0,,,,primary_area=六本木,20,+20(rental=1),0,1
六本木のレンタルダンススタジオおすすめ,エリア,S,スタジオマーティ 東京三田慶応 / STUDIO marty Tokyo Mita Keio,〒108-0073 東京都港区三田２丁目１４-４ １Ｆ,,0,六本木,六本木|赤坂|麻布|新橋,田町駅,田町駅|麻布十番駅,478.0,,,,primary_area=六本木,20,+20(rental=1),0,1
六本木のレンタルダンススタジオおすすめ,エリア,S,セミナー &【JK Room 虎ノ門】,〒105-0003 東京都港区西新橋１丁目１９-１４ 大和ビル ３A,,0,六本木,六本木|赤坂|麻布|新橋,新橋駅,新橋駅,564.0,,,,primary_area=六本木,20,+20(rental=1),0,1
六本木のレンタルダンススタジオおすすめ,エリア,S,たにどうダンスワールド,〒107-0052 東京都港区赤坂３丁目９-４ 赤坂扇やビル 4階,,0,六本木,六本木|赤坂|麻布|新橋,赤坂駅,赤坂駅,396.0,,,,primary_area=六本木,20,+20(rental=1),0,1
六本木のレンタルダンススタジオおすすめ,エリア,S,ノアスタジオ 赤坂店,〒107-0052 東京都港区赤坂３丁目１３-１２ 受付は隣のビル2Fとなります,,0,六本木,六本木|赤坂|麻布|新橋,赤坂駅,赤坂駅|青山一丁目駅,62.0,,,,primary_area=六本木,20,+20(rental=1),0,1
六本木のレンタルダンススタジオおすすめ,エリア,S,ノートルスタジオ,〒107-0062 東京都港区南青山３丁目５-１ O&K 南青山,,0,六本木,六本木|赤坂|麻布|新橋,外苑前駅,外苑前駅|表参道駅|青山一丁目駅,384.0,,,,primary_area=六本木,20,+20(rental=1),0,1
六本木のレンタルダンススタジオおすすめ,エリア,S,ブイラボミュージカル,〒105-0003 東京都港区西新橋３丁目２４,,0,六本木,六本木|赤坂|麻布|新橋,浜松町駅,浜松町駅|新橋駅,827.0,,,,primary_area=六本木,20,+20(rental=1),0,1
六本木のレンタルダンススタジオおすすめ,エリア,S,マーティ株式会社,〒108-0073 東京都港区三田２丁目１４-４ 三田慶応ビジデンス１F,,0,六本木,六本木|赤坂|麻布|新橋,田町駅,田町駅|麻布十番駅,472.0,,,,primary_area=六本木,20,+20(rental=1),0,1
六本木のレンタルダンススタジオおすすめ,エリア,S,メゾン・ドゥ・バレエ南青山（MAISON DE BALLET Minami-Aoyama）,〒107-0062 東京都港区南青山４丁目２５-１２,,0,六本木,六本木|赤坂|麻布|新橋,表参道駅,表参道駅|外苑前駅|青山一丁目駅,564.0,,,,primary_area=六本木,20,+20(rental=1),0,1
六本木のレンタルダンススタジオおすすめ,エリア,S,リズムアートダンススタジオ,〒108-0023 東京都港区芝浦４丁目９-１８ グランドパレス田町2F,,0,六本木,六本木|赤坂|麻布|新橋,田町駅,田町駅,662.0,,,,primary_area=六本木,45,+20(rental=1)|+25(ダンススタジオ),0,1
六本木のレンタルダンススタジオおすすめ,エリア,S,レンタルスタジオ Starshine,〒107-0061 東京都港区北青山３丁目５ 9KAZU表参道 202,,0,六本木,六本木|赤坂|麻布|新橋,表参道駅,表参道駅|外苑前駅|原宿駅,76.0,,,,primary_area=六本木,50,+20(rental=1)|+30(レンタルスタジオ),0,1
六本木のレンタルダンススタジオおすすめ,エリア,S,レンタルスタジオ・レンタルスペース ZEAL STUDIOS,〒105-0004 東京都港区新橋３丁目５-１０ 新三ビル B1F,,0,六本木,六本木|赤坂|麻布|新橋,新橋駅,新橋駅|浜松町駅,347.0,,,,primary_area=六本木,50,+20(rental=1)|+30(レンタルスタジオ),0,1
六本木のレンタルダンススタジオおすすめ,エリア,S,レンタルスタジオStudioIrodori赤羽橋,〒106-0044 東京都港区東麻布１丁目１８-７ リヴェールハヤシ B1F,,0,六本木,六本木|赤坂|麻布|新橋,麻布十番駅,麻布十番駅|田町駅,749.0,,,,primary_area=六本木,50,+20(rental=1)|+30(レンタルスタジオ),0,1
六本木のレンタルダンススタジオおすすめ,エリア,S,レンタルスタジオStudioIrodori白金高輪店,〒108-0072 東京都港区白金３丁目１-１２ 第2浅野ビル １０１号室,,0,六本木,六本木|赤坂|麻布|新橋,麻布十番駅,麻布十番駅,967.0,,,,primary_area=六本木,50,+20(rental=1)|+30(レンタルスタジオ),0,1
六本木のレンタルダンススタジオおすすめ,エリア,S,レンタルスタジオStudioIrodori麻布十番店,〒106-0045 東京都港区麻布十番１丁目５番１ YKビル 3F,,0,六本木,六本木|赤坂|麻布|新橋,麻布十番駅,麻布十番駅|六本木駅,385.0,,,,primary_area=六本木,50,+20(rental=1)|+30(レンタルスタジオ),0,1
六本木のレンタルダンススタジオおすすめ,エリア,S,SHARE TAKANAWA,〒108-0074 東京都港区高輪２丁目１６-３２ 横川ビル ３Ｆ,,0,六本木,六本木|赤坂|麻布|新橋,品川駅,品川駅|田町駅,1037.0,,,,primary_area=六本木,20,+20(rental=1),0,1
六本木のレンタルダンススタジオおすすめ,エリア,S,Studio Cosmique（スタジオコスミーク）,〒108-0023 東京都港区芝浦２丁目１４ １４-１３ １ 階 Mck芝浦ビル,,0,六本木,六本木|赤坂|麻布|新橋,田町駅,田町駅,471.0,,,,primary_area=六本木,20,+20(rental=1),0,1
六本木のレンタルダンススタジオおすすめ,エリア,S,広尾ピースオブモダンダンススタジオ,〒106-0047 東京都港区南麻布５丁目１３-１２,,0,六本木,六本木|赤坂|麻布|新橋,麻布十番駅,麻布十番駅,1038.0,,,,primary_area=六本木,45,+20(rental=1)|+25(ダンススタジオ),0,1
六本木のレンタルダンススタジオおすすめ,エリア,S,タイムズ東京タワーサイド第２,〒105-0011 東京都港区芝公園４丁目４,,0,六本木,六本木|赤坂|麻布|新橋,麻布十番駅,麻布十番駅|浜松町駅,954.0,,,,primary_area=六本木,20,+20(rental=1),0,1
六本木のレンタルダンススタジオおすすめ,エリア,S,女性専用フィットネスジム ミットネス 赤坂店,〒107-0052 東京都港区赤坂４丁目３-６ ヒューリック赤坂一ツ木通ビル 3階,,0,六本木,六本木|赤坂|麻布|新橋,赤坂駅,赤坂駅|青山一丁目駅,111.0,,,,primary_area=六本木,20,+20(rental=1),0,1
六本木のレンタルダンススタジオおすすめ,エリア,S,赤坂茜山スタジオ,〒107-0052 東京都港区赤坂２丁目２１-１ 川本ビル Ｂ１Ｆ,,0,六本木,六本木|赤坂|麻布|新橋,赤坂駅,赤坂駅|六本木駅,502.0,,,,primary_area=六本木,20,+20(rental=1),0,1
六本木のレンタルダンススタジオおすすめ,エリア,S,大門スタジオ,〒105-0012 東京都港区芝大門２丁目１０-１ 第一大門ビル,,0,六本木,六本木|赤坂|麻布|新橋,浜松町駅,浜松町駅|田町駅,343.0,,,,primary_area=六本木,20,+20(rental=1),0,1
六本木のレンタルダンススタジオおすすめ,エリア,S,東急スポーツオアシス 青山,"〒107-0061 東京都港区北青山２丁目８-４４, Tepia, B2F",,0,六本木,六本木|赤坂|麻布|新橋,外苑前駅,外苑前駅|青山一丁目駅|表参道駅,332.0,,,,primary_area=六本木,20,+20(rental=1),0,1
六本木のレンタルダンススタジオおすすめ,エリア,S,東京タワーメディアセンター,〒105-0011 東京都港区芝公園４丁目４-７ 東京タワーメディアセンタ 3F,,0,六本木,六本木|赤坂|麻布|新橋,麻布十番駅,麻布十番駅|浜松町駅,992.0,,,,primary_area=六本木,20,+20(rental=1),0,1
六本木のレンタルダンススタジオおすすめ,エリア,S,白金台恵比寿ミュージックスタジオ,〒108-0071 東京都港区白金台５丁目２-５ 502,,0,六本木,六本木|赤坂|麻布|新橋,目黒駅,目黒駅|恵比寿駅,1050.0,,,,primary_area=六本木,20,+20(rental=1),0,1
六本木のレンタルダンススタジオおすすめ,エリア,S,表参道レンタルスタジオ スタジオ ティノラス,〒107-0062 東京都港区南青山５丁目１３-９,,0,六本木,六本木|赤坂|麻布|新橋,表参道駅,表参道駅|外苑前駅|渋谷駅,491.0,,,,primary_area=六本木,50,+20(rental=1)|+30(レンタルスタジオ),0,1
六本木のレンタルダンススタジオおすすめ,エリア,S,六本木 フォルトゥーナ,〒106-0032 東京都港区六本木７丁目１２-２３ フォルトゥーナビル 3A,,0,六本木,六本木|赤坂|麻布|新橋,六本木駅,六本木駅|青山一丁目駅|麻布十番駅,236.0,,,,primary_area=六本木,20,+20(rental=1),0,1
六本木のレンタルダンススタジオおすすめ,エリア,S,六本木 レンタルスタジオ 十五夜,〒106-0032 東京都港区六本木５丁目１０-３２ 第一アイトービル別館2F,,0,六本木,六本木|赤坂|麻布|新橋,六本木駅,六本木駅|麻布十番駅,303.0,,,,primary_area=六本木,50,+20(rental=1)|+30(レンタルスタジオ),0,1
六本木のレンタルダンススタジオおすすめ,エリア,S,BUZZ赤坂見附 ,東京都港区赤坂3-21-14TS 共和六番館地下1階,https://dance-studio-lab.com/room/NjYxZDU0NDMtOGEwNS00MDM3LTllNDktMzAyNTQ0MmVlMTE1/detail,1,六本木,六本木|赤坂|麻布|新橋,赤坂駅,赤坂駅|青山一丁目駅,100.0,,,,primary_area=六本木,50,+30(dslurl)|+20(rental=1),0,1
六本木のレンタルダンススタジオおすすめ,エリア,S,チェリッシュスタジオ11号館/12号館/13号館/14号館,東京都港区西麻布-2-21-22 WEST麻布2791ビル2階,https://dance-studio-lab.com/room/ZmMxMTg1ZGQtMjUyZS00NjZlLWE3YzMtZjllNWM1N2JhNTdj/detail,1,六本木,六本木,表参道駅,表参道駅|乃木坂駅|外苑前駅|広尾駅|六本木駅|青山一丁目駅|麻布十番駅|明治神宮前〈原宿〉駅|渋谷駅|六本木一丁目駅,809.0,,,,primary_area=六本木,50,+30(dslurl)|+20(rental=1),0,1
六本木のレンタルダンススタジオおすすめ,エリア,S,レンタルスタジオAivic新橋,"東京都港区西新橋1-16-14 宮川ビル4階
",https://dance-studio-lab.com/room/M2EyMzEzOTUtMjkwNC00MmRlLWI3YWEtYjBiMmM1NGUzYzhl/detail,1,六本木,六本木,新橋駅,新橋駅|虎ノ門駅|虎ノ門ヒルズ駅|汐留駅|日比谷駅|神谷町駅|銀座駅|有楽町駅|東銀座駅|大門駅,408.0,,,,primary_area=六本木,80,+30(dslurl)|+20(rental=1)|+30(レンタルスタジオ),0,1
品川のレンタルダンススタジオおすすめ,エリア,S,㈱フラオリタヒチ,〒140-0013 東京都品川区南大井３丁目２０-１１ 伊藤ビル 201,,0,品川,品川|五反田|大井町|目黒,大森海岸駅,大森海岸駅|大森駅|平和島駅|立会川駅|流通センター駅|大森町駅|西大井駅|鮫洲駅,108.0,,,,primary_area=品川,20,+20(rental=1),0,1
品川のレンタルダンススタジオおすすめ,エリア,S,Hidemi Dancing Vida,〒141-0021 東京都品川区上大崎２丁目１０-３２ フラワープラザビル 202,,0,品川,品川|五反田|大井町|目黒,目黒駅,目黒駅|五反田駅,198.0,,,,primary_area=品川,20,+20(rental=1),0,1
品川のレンタルダンススタジオおすすめ,エリア,S,Manohiva Japan,〒140-0013 東京都品川区南大井３丁目２０-１１ 伊藤ビル 201,,0,品川,品川|五反田|大井町|目黒,大森海岸駅,大森海岸駅|大森駅|平和島駅|立会川駅|流通センター駅|大森町駅|西大井駅|鮫洲駅,108.0,,,,primary_area=品川,20,+20(rental=1),0,1
品川のレンタルダンススタジオおすすめ,エリア,S,Pole and Aerial Studio POLISH五反田,〒141-0031 東京都品川区西五反田１丁目５-２ トラヤビル 7階,,0,品川,品川|五反田|大井町|目黒,五反田駅,五反田駅|大崎駅|目黒駅,112.0,,,,primary_area=品川,20,+20(rental=1),0,1
品川のレンタルダンススタジオおすすめ,エリア,S,SoyLatte STUDIO,〒141-0031 東京都品川区西五反田２丁目１７-８ 管野ビル ３F,,0,品川,品川|五反田|大井町|目黒,五反田駅,五反田駅|目黒駅|大崎駅,203.0,,,,primary_area=品川,20,+20(rental=1),0,1
品川のレンタルダンススタジオおすすめ,エリア,S,STUDIO FOXTAIL,〒140-0013 東京都品川区南大井２丁目１２-１０ ライオンズマンション大森 1F,,0,品川,品川|五反田|大井町|目黒,大森海岸駅,大森海岸駅|大森駅|立会川駅|平和島駅|流通センター駅|鮫洲駅|大森町駅|西大井駅,156.0,,,,primary_area=品川,20,+20(rental=1),0,1
品川のレンタルダンススタジオおすすめ,エリア,S,studio opus-スタジオ オープス-,〒140-0014 東京都品川区大井４丁目１-３ TOKOビル B1F,,0,品川,品川|五反田|大井町|目黒,大井町駅,大井町駅,312.0,,,,primary_area=品川,20,+20(rental=1),0,1
品川のレンタルダンススタジオおすすめ,エリア,S,STUDIO POLISH（スタジオポリッシュ）,〒142-0062 東京都品川区小山６丁目７-１４ プランドールＫａｓｅｙａ,,0,品川,品川|五反田|大井町|目黒,西小山駅,西小山駅|洗足駅|武蔵小山駅|北千束駅|旗の台駅|荏原中延駅|戸越銀座駅|長原駅|荏原町駅|大岡山駅,121.0,,,,primary_area=品川,20,+20(rental=1),0,1
品川のレンタルダンススタジオおすすめ,エリア,S,studio501,〒141-0032 東京都品川区大崎５丁目４-１２ 八重苅ビル,,0,品川,品川|五反田|大井町|目黒,大崎駅,大崎駅|五反田駅,429.0,,,,primary_area=品川,20,+20(rental=1),0,1
品川のレンタルダンススタジオおすすめ,エリア,S,TOKYO GATE STUDIO 東京ゲートスタジオ レンタルスタジオ,〒108-0074 東京都港区高輪４丁目２４-５８ サマセット品川東京１F,,0,六本木,六本木|赤坂|麻布|新橋,品川駅,品川駅|大崎駅,387.0,,,,tag/station:品川,50,+20(rental=1)|+30(レンタルスタジオ),0,1
品川のレンタルダンススタジオおすすめ,エリア,S,ZITA アルゼンチンタンゴ,"Tokyo, 塚原ビル 4F, ２丁目-２７-２ 上大崎 品川区 東京都 141-0021",,0,品川,品川|五反田|大井町|目黒,目黒駅,目黒駅|五反田駅,83.0,,,,primary_area=品川,20,+20(rental=1),0,1
品川のレンタルダンススタジオおすすめ,エリア,S,スタジオ エモーティフ,〒141-0031 東京都品川区西五反田５丁目２２-５ 藤ハイム B1F,,0,品川,品川|五反田|大井町|目黒,五反田駅,五反田駅,911.0,,,,primary_area=品川,20,+20(rental=1),0,1
品川のレンタルダンススタジオおすすめ,エリア,S,スタジオ エルヴール,〒142-0063 東京都品川区荏原４丁目１７-１９ エルヴール 203,,0,品川,品川|五反田|大井町|目黒,西小山駅,西小山駅|武蔵小山駅|荏原中延駅|戸越銀座駅|戸越駅|旗の台駅|洗足駅|中延駅|荏原町駅|戸越公園駅,619.0,,,,primary_area=品川,20,+20(rental=1),0,1
品川のレンタルダンススタジオおすすめ,エリア,S,スタジオM,〒141-0032 東京都品川区大崎２丁目７-２,,0,品川,品川|五反田|大井町|目黒,大崎駅,大崎駅|五反田駅,325.0,,,,primary_area=品川,20,+20(rental=1),0,1
品川のレンタルダンススタジオおすすめ,エリア,S,スタジオペンタ五反田店,〒141-0022 東京都品川区東五反田１丁目１２-９,,0,品川,品川|五反田|大井町|目黒,五反田駅,五反田駅|大崎駅|目黒駅,169.0,,,,primary_area=品川,20,+20(rental=1),0,1
品川のレンタルダンススタジオおすすめ,エリア,S,大井町店 レンタルスペースROOTS,〒140-0014 東京都品川区大井４丁目８-１１ L HOUSE 地下 一階,,0,品川,品川|五反田|大井町|目黒,大井町駅,大井町駅,434.0,,,,primary_area=品川,20,+20(rental=1),0,1
品川のレンタルダンススタジオおすすめ,エリア,S,ティアラ,〒142-0053 東京都品川区中延３丁目２-４,,0,品川,品川|五反田|大井町|目黒,荏原中延駅,荏原中延駅|中延駅|戸越公園駅|荏原町駅|戸越駅|戸越銀座駅|旗の台駅|西大井駅|西小山駅|下神明駅,91.0,,,,primary_area=品川,20,+20(rental=1),0,1
品川のレンタルダンススタジオおすすめ,エリア,S,ピアノスタジオノア 不動前店,〒141-0031 東京都品川区西五反田４丁目３２-１４,,0,品川,品川|五反田|大井町|目黒,五反田駅,五反田駅|目黒駅,878.0,,,,primary_area=品川,20,+20(rental=1),0,1
品川のレンタルダンススタジオおすすめ,エリア,S,フラメンコスタジオアスール,〒141-0022 東京都品川区東五反田１丁目１８-４ B1 ＧＴＤイーストビル,,0,品川,品川|五反田|大井町|目黒,五反田駅,五反田駅|大崎駅|品川駅,277.0,,,,primary_area=品川,20,+20(rental=1),0,1
品川のレンタルダンススタジオおすすめ,エリア,S,ルミエールバレエスタジオ,〒140-0014 東京都品川区大井１丁目３１-１,,0,品川,品川|五反田|大井町|目黒,大井町駅,大井町駅,399.0,,,,primary_area=品川,20,+20(rental=1),0,1
品川のレンタルダンススタジオおすすめ,エリア,S,レンタルスタジオ「マナビバ」戸越スタジオ,〒142-0041 東京都品川区戸越２丁目１-３ 丸雄建築ビル 2F,,0,品川,品川|五反田|大井町|目黒,大崎駅,大崎駅,1081.0,,,,primary_area=品川,50,+20(rental=1)|+30(レンタルスタジオ),0,1
品川のレンタルダンススタジオおすすめ,エリア,S,Studio Bis,〒141-0031 東京都品川区西五反田２丁目１０-８ ドルミ五反田ドゥメゾン 3階,,0,品川,品川|五反田|大井町|目黒,五反田駅,五反田駅|目黒駅|大崎駅,246.0,,,,primary_area=品川,20,+20(rental=1),0,1
品川のレンタルダンススタジオおすすめ,エリア,S,SHARE TAKANAWA,〒108-0074 東京都港区高輪２丁目１６-３２ 横川ビル ３Ｆ,,0,六本木,六本木|赤坂|麻布|新橋,品川駅,品川駅|田町駅,1037.0,,,,tag/station:品川,20,+20(rental=1),0,1
品川のレンタルダンススタジオおすすめ,エリア,S,山県順子モダンバレエスタジオ,〒140-0014 東京都品川区大井３丁目４-８,,0,品川,品川|五反田|大井町|目黒,大井町駅,大井町駅,419.0,,,,primary_area=品川,20,+20(rental=1),0,1
品川のレンタルダンススタジオおすすめ,エリア,S,青木愛子 スペイン舞踊研究所,〒141-0022 東京都品川区東五反田１丁目１８-４ ＧＴＤイーストビル,,0,品川,品川|五反田|大井町|目黒,五反田駅,五反田駅|大崎駅|品川駅,274.0,,,,primary_area=品川,20,+20(rental=1),0,1
品川のレンタルダンススタジオおすすめ,エリア,S,多々納みわ子バレエスタジオ,〒142-0041 東京都品川区戸越１丁目１９-３,,0,品川,品川|五反田|大井町|目黒,大崎駅,大崎駅,893.0,,,,primary_area=品川,20,+20(rental=1),0,1
品川のレンタルダンススタジオおすすめ,エリア,S,池田山ノブレスレンタルスタジオ（五反田駅）,〒141-0022 東京都品川区東五反田５丁目２４-７ ノブレス池田山 B1階,,0,品川,品川|五反田|大井町|目黒,五反田駅,五反田駅|大崎駅|目黒駅,120.0,,,,primary_area=品川,50,+20(rental=1)|+30(レンタルスタジオ),0,1
新宿のレンタルダンススタジオおすすめ,エリア,S,スタジオハイシー,〒160-0023 東京都新宿区西新宿３丁目２-２７ 第7 7 オーチュー B1階,,0,新宿,新宿|西新宿|高田馬場|新大久保,新宿駅,新宿駅|代々木駅|西武新宿駅,714.0,,,,primary_area=新宿,20,+20(rental=1),0,1
新宿のレンタルダンススタジオおすすめ,エリア,S,レンタルスタジオswamp西新宿,〒160-0023 東京都新宿区西新宿５丁目２１-５ ＢＩＴ西新宿 B01号室,,0,新宿,新宿|西新宿|高田馬場|新大久保,西新宿五丁目駅（清水橋）,西新宿五丁目駅（清水橋）|中野坂上駅|都庁前駅|西新宿駅|中野新橋駅|初台駅|新宿西口駅|新中野駅|西武新宿駅|新宿駅,264.0,,,,primary_area=新宿,50,+20(rental=1)|+30(レンタルスタジオ),0,1
新宿のレンタルダンススタジオおすすめ,エリア,S,ソニズレンタルスタジオ新宿店,〒160-0023 東京都新宿区西新宿７丁目２２-３１ 柏木 MURA B1F,,0,新宿,新宿|西新宿|高田馬場|新大久保,西武新宿駅,西武新宿駅|新大久保駅|新宿駅,375.0,,,,primary_area=新宿,50,+20(rental=1)|+30(レンタルスタジオ),0,1
新宿のレンタルダンススタジオおすすめ,エリア,S,BUZZ新宿,〒160-0023 東京都新宿区西新宿７丁目１６-４ Concierge高橋 BF 地下1階,https://dance-studio-lab.com/room/NThmODMwMDctZjkyNi00ZTE3LTgwNjQtMDRmOGIwMmQ5ZTRi/detail,1,新宿,新宿|西新宿|高田馬場|新大久保,西武新宿駅,西武新宿駅|新宿駅|新大久保駅,298.0,,,,primary_area=新宿,50,+30(dslurl)|+20(rental=1),0,1
新宿のレンタルダンススタジオおすすめ,エリア,S,レンタルダンススタジオ LANDstudio 新宿店,〒169-0073 東京都新宿区百人町１丁目２２-１９ 筒井ビル B1F,,0,新宿,新宿|西新宿|高田馬場|新大久保,新大久保駅,新大久保駅|西武新宿駅|新宿駅,276.0,,,,primary_area=新宿,60,+20(rental=1)|+40(レンタルダンス),0,1
新宿のレンタルダンススタジオおすすめ,エリア,S,BUZZ レンタルスタジオ新宿コンシェルジュ店,〒160-0023 東京都新宿区西新宿７丁目１６-４ Concierge高橋 BF 地下 一階,https://dance-studio-lab.com/room/OGUzNmE0NzUtZDU1NS00ZjIyLTg4OGItNDYyOWI2YzkzOTA0/detail,1,新宿,新宿|西新宿|高田馬場|新大久保,西武新宿駅,西武新宿駅|新宿駅|新大久保駅,292.0,,,,primary_area=新宿,80,+30(dslurl)|+20(rental=1)|+30(レンタルスタジオ),0,1
新宿のレンタルダンススタジオおすすめ,エリア,S,BUZZ レンタルスタジオ 新宿ハウス店,〒160-0023 東京都新宿区西新宿７丁目１６-１,https://dance-studio-lab.com/room/MWYzNmNhZGMtMWZiNi00MjBiLWJjNzMtZmFmNjAxYmQ5MjA3/detail,1,新宿,新宿|西新宿|高田馬場|新大久保,西武新宿駅,西武新宿駅|新宿駅|新大久保駅,276.0,,,,primary_area=新宿,80,+30(dslurl)|+20(rental=1)|+30(レンタルスタジオ),0,1
新宿のレンタルダンススタジオおすすめ,エリア,S,ラシーヌスタジオ,〒160-0004 東京都新宿区四谷４丁目２５-１３ 濱庄ビル B101,,0,新宿,新宿|西新宿|高田馬場|新大久保,四谷三丁目駅,四谷三丁目駅|曙橋駅|新宿御苑前駅|四ツ谷駅|若松河田駅|信濃町駅|牛込柳町駅|国立競技場駅|千駄ケ谷駅|新宿三丁目駅,229.0,,,,primary_area=新宿,20,+20(rental=1),0,1
新宿のレンタルダンススタジオおすすめ,エリア,S,Ohana Room Studio新宿,〒162-0801 東京都新宿区山吹町３４４ LOGビル 2F,,0,新宿,新宿|西新宿|高田馬場|新大久保,江戸川橋駅,江戸川橋駅|神楽坂駅|早稲田駅|牛込神楽坂駅|牛込柳町駅|茗荷谷駅|護国寺駅|飯田橋駅|若松河田駅|面影橋駅,281.0,,,,primary_area=新宿,20,+20(rental=1),0,1
新宿のレンタルダンススタジオおすすめ,エリア,S,新宿レンタルスタジオ アルファ,〒160-0022 東京都新宿区８ 新宿5丁目8番21号 サンジュリ23号室,,0,新宿,新宿|西新宿|高田馬場|新大久保,新宿駅,新宿駅|西武新宿駅,823.0,,,,primary_area=新宿,50,+20(rental=1)|+30(レンタルスタジオ),0,1
新宿のレンタルダンススタジオおすすめ,エリア,S,BUZZ レンタルスタジオ新宿4丁目店,〒160-0022 東京都新宿区新宿４丁目２-２１ 相模ビル B1F,,0,新宿,新宿|西新宿|高田馬場|新大久保,新宿駅,新宿駅|代々木駅|西武新宿駅,355.0,,,,primary_area=新宿,50,+20(rental=1)|+30(レンタルスタジオ),0,1
新宿のレンタルダンススタジオおすすめ,エリア,S,スタジオジパング 新宿スタジオSTANDARD,〒160-0022 東京都新宿区新宿５丁目１０-２０ JKKグループ本社ビル1F,,0,新宿,新宿|西新宿|高田馬場|新大久保,新宿駅,新宿駅|西武新宿駅,762.0,,,,primary_area=新宿,20,+20(rental=1),0,1
新宿のレンタルダンススタジオおすすめ,エリア,S,レンタルスタジオマイレッスン 新宿御苑前,〒160-0022 東京都新宿区新宿１丁目１７-１,,0,新宿,新宿|西新宿|高田馬場|新大久保,新宿駅,新宿駅|代々木駅,1066.0,,,,primary_area=新宿,50,+20(rental=1)|+30(レンタルスタジオ),0,1
新宿のレンタルダンススタジオおすすめ,エリア,S,レンタルスタジオ 301,〒160-0021 東京都新宿区歌舞伎町２丁目８-１２ 新宿グリーンプラザ 301号,,0,新宿,新宿|西新宿|高田馬場|新大久保,西武新宿駅,西武新宿駅|新宿駅|新大久保駅,507.0,,,,primary_area=新宿,50,+20(rental=1)|+30(レンタルスタジオ),0,1
新宿のレンタルダンススタジオおすすめ,エリア,S,ENCE Rental Studio 四谷三丁目【新宿エリアのレンタルスタジオ】,〒160-0017 東京都新宿区左門町１-１７ アパルトマン 四谷 102,,0,新宿,新宿|西新宿|高田馬場|新大久保,四谷三丁目駅,四谷三丁目駅|曙橋駅|四ツ谷駅|信濃町駅|新宿御苑前駅|国立競技場駅|千駄ケ谷駅|市ケ谷駅|若松河田駅|麹町駅,109.0,,,,primary_area=新宿,70,+20(rental=1)|+30(レンタルスタジオ)|+20(web),0,1
新宿のレンタルダンススタジオおすすめ,エリア,S,BUZZ レンタルスタジオ 代々木店,〒151-0053 東京都渋谷区代々木１丁目３６-１ ミユキビル B1F,,0,渋谷,渋谷|恵比寿|代官山|原宿,代々木駅,代々木駅|新宿駅,148.0,,,,tag/station:新宿,50,+20(rental=1)|+30(レンタルスタジオ),0,1
新宿のレンタルダンススタジオおすすめ,エリア,S,レンタルスペース「301」,〒160-0021 東京都新宿区歌舞伎町２丁目８-１２ 新宿グリーンプラザ 301号,,0,新宿,新宿|西新宿|高田馬場|新大久保,西武新宿駅,西武新宿駅|新宿駅|新大久保駅,507.0,,,,primary_area=新宿,20,+20(rental=1),0,1
新宿のレンタルダンススタジオおすすめ,エリア,S,レンタルスタジオ「Ten（テン）」,〒160-0021 東京都新宿区歌舞伎町２丁目８-１２ 新宿グリーンプラザ 303号,,0,新宿,新宿|西新宿|高田馬場|新大久保,西武新宿駅,西武新宿駅|新宿駅|新大久保駅,507.0,,,,primary_area=新宿,50,+20(rental=1)|+30(レンタルスタジオ),0,1
新宿のレンタルダンススタジオおすすめ,エリア,S,Studio.m 新宿レンタルスタジオ,〒160-0022 東京都新宿区新宿５丁目１５?号２ 池与ビル ２０３,,0,新宿,新宿|西新宿|高田馬場|新大久保,西武新宿駅,西武新宿駅|新宿駅|新大久保駅,642.0,,,,primary_area=新宿,50,+20(rental=1)|+30(レンタルスタジオ),0,1
新宿のレンタルダンススタジオおすすめ,エリア,S,すむぞう 代々木スタジオ,〒151-0053 東京都渋谷区代々木１丁目４５-７ C's YOYOGI 4F,,0,渋谷,渋谷|恵比寿|代官山|原宿,代々木駅,代々木駅|新宿駅,392.0,,,,tag/station:新宿,20,+20(rental=1),0,1
新宿のレンタルダンススタジオおすすめ,エリア,S,DL Studio,〒151-0053 東京都渋谷区代々木１丁目４５-４ 地下2階 代々木山陽ビル,,0,渋谷,渋谷|恵比寿|代官山|原宿,代々木駅,代々木駅|新宿駅,356.0,,,,tag/station:新宿,20,+20(rental=1),0,1
新宿のレンタルダンススタジオおすすめ,エリア,S,ALOK DANCE DORAMA COMPANY,〒169-0073 東京都新宿区百人町１丁目１３-９,,0,新宿,新宿|西新宿|高田馬場|新大久保,新大久保駅,新大久保駅|西武新宿駅|新宿駅,279.0,,,,primary_area=新宿,20,+20(rental=1),0,1
新宿のレンタルダンススタジオおすすめ,エリア,S,スタジオキャンパス 高田馬場店,〒169-0075 東京都新宿区高田馬場４丁目２９-１ B1F,,0,新宿,新宿|西新宿|高田馬場|新大久保,高田馬場駅,高田馬場駅|新大久保駅,483.0,,,,primary_area=新宿,20,+20(rental=1),0,1
新宿のレンタルダンススタジオおすすめ,エリア,S,スタジオジパング 新宿スタジオPRO,"ニューローレルビル ニューローレルビル地下1階, １丁目-３４-１１ 新宿 新宿区 東京都 160-0022",,0,新宿,新宿|西新宿|高田馬場|新大久保,新宿駅,新宿駅|西武新宿駅|代々木駅,926.0,,,,primary_area=新宿,20,+20(rental=1),0,1
新宿のレンタルダンススタジオおすすめ,エリア,S,"マイレッスン 新宿A,Bスタジオ",〒160-0022 東京都新宿区新宿１丁目１３-１２,,0,新宿,新宿|西新宿|高田馬場|新大久保,新宿駅,新宿駅|代々木駅,1059.0,,,,primary_area=新宿,20,+20(rental=1),0,1
新宿のレンタルダンススタジオおすすめ,エリア,S,ラシーヌスタジオ,〒160-0005 東京都新宿区愛住町１６-１ ＡＮＮＥＸ倉石 2F,,0,新宿,新宿|西新宿|高田馬場|新大久保,なし,,,,,,primary_area=新宿,20,+20(rental=1),0,1
新宿のレンタルダンススタジオおすすめ,エリア,S,Beat Box Dance Studio,〒151-0053 東京都渋谷区代々木１丁目４２-２,,0,渋谷,渋谷|恵比寿|代官山|原宿,代々木駅,代々木駅|新宿駅,232.0,,,,tag/station:新宿,45,+20(rental=1)|+25(ダンススタジオ),0,1
新宿のレンタルダンススタジオおすすめ,エリア,S,石原ダンスクラブ コモレ四谷店,〒160-0004 東京都新宿区四谷１丁目６-1 213,,0,新宿,新宿|西新宿|高田馬場|新大久保,四ツ谷駅,四ツ谷駅|市ケ谷駅|麹町駅|曙橋駅|四谷三丁目駅|半蔵門駅|信濃町駅|牛込柳町駅|赤坂見附駅|永田町駅,197.0,,,,primary_area=新宿,20,+20(rental=1),0,1
新宿のレンタルダンススタジオおすすめ,エリア,S,SHOJIN Show-Base Tokyo,〒169-0075 東京都新宿区高田馬場４丁目１１-10VORT Briller4F SHOJIN Show-Base Tokyo,,0,新宿,新宿|西新宿|高田馬場|新大久保,高田馬場駅,高田馬場駅,184.0,,,,primary_area=新宿,20,+20(rental=1),0,1
新宿のレンタルダンススタジオおすすめ,エリア,S,Cadena Flamenca,〒151-0053 東京都渋谷区代々木１丁目４２-２,,0,渋谷,渋谷|恵比寿|代官山|原宿,代々木駅,代々木駅|新宿駅,246.0,,,,tag/station:新宿,20,+20(rental=1),0,1
新宿のレンタルダンススタジオおすすめ,エリア,S,BUZZ レンタルスタジオ 高田馬場店,〒169-0075 東京都新宿区高田馬場４丁目１４-６ 地下1階 第二長谷川マンション,https://dance-studio-lab.com/room/NjZiZWQwNjEtYmU0ZS00MDllLWI0M2UtNmYxZjdhOWUwY2Mz/detail,1,新宿,新宿|西新宿|高田馬場|新大久保,高田馬場駅,高田馬場駅,273.0,,,,primary_area=新宿,80,+30(dslurl)|+20(rental=1)|+30(レンタルスタジオ),0,1
新宿のレンタルダンススタジオおすすめ,エリア,S,CARDIO BARRE SHINJUKU (カーディオ・バー 新宿店),〒160-0022 東京都新宿区新宿４丁目２-１６ パシフィックマークス新宿サウスゲート 2階,,0,新宿,新宿|西新宿|高田馬場|新大久保,新宿駅,新宿駅|代々木駅|西武新宿駅,351.0,,,,primary_area=新宿,20,+20(rental=1),0,1
新宿のレンタルダンススタジオおすすめ,エリア,S,DＡNCE Studio LEON 多目的スタジオ レオン,〒160-0022 東京都新宿区新宿５丁目１７-６ 201,,0,新宿,新宿|西新宿|高田馬場|新大久保,新宿駅,新宿駅|西武新宿駅|新大久保駅,557.0,,,,primary_area=新宿,20,+20(rental=1),0,1
新宿のレンタルダンススタジオおすすめ,エリア,S,HARA Studio,〒162-0042 東京都新宿区早稲田町７４-１４ 地下1F S.T ビル,,0,新宿,新宿|西新宿|高田馬場|新大久保,早稲田駅,早稲田駅|牛込柳町駅|若松河田駅|面影橋駅|江戸川橋駅|神楽坂駅|西早稲田駅|牛込神楽坂駅|学習院下駅|曙橋駅,80.0,,,,primary_area=新宿,20,+20(rental=1),0,1
新宿のレンタルダンススタジオおすすめ,エリア,S,ICHIBANGAI Dance Studio,〒160-0022 東京都新宿区新宿１丁目３ 12・B1,,0,新宿,新宿|西新宿|高田馬場|新大久保,代々木駅,代々木駅|新宿駅,1059.0,,,,primary_area=新宿,45,+20(rental=1)|+25(ダンススタジオ),0,1
新宿のレンタルダンススタジオおすすめ,エリア,S,"in the house / Nishiwaseda ""Street Dance Park""",〒169-0075 東京都新宿区高田馬場１丁目１-１３ ONE ROOF FLAT NISHIWASEDA B1,,0,新宿,新宿|西新宿|高田馬場|新大久保,高田馬場駅,高田馬場駅,583.0,,,,primary_area=新宿,20,+20(rental=1),0,1
新宿のレンタルダンススタジオおすすめ,エリア,S,Las Danzas in Tokyo,〒162-0065 東京都新宿区住吉町 １-１８TVB曙橋ビル3階,,0,新宿,新宿|西新宿|高田馬場|新大久保,曙橋駅,曙橋駅|四谷三丁目駅|牛込柳町駅|若松河田駅|四ツ谷駅|市ケ谷駅|新宿御苑前駅|信濃町駅|牛込神楽坂駅|早稲田駅,36.0,,,,primary_area=新宿,20,+20(rental=1),0,1
新宿のレンタルダンススタジオおすすめ,エリア,S,スペーススタジオ - Fresh!Studio,〒162-0041 東京都新宿区早稲田鶴巻町５７４ ＭＢＳ江戸川橋ビル 5階,,0,新宿,新宿|西新宿|高田馬場|新大久保,江戸川橋駅,江戸川橋駅|早稲田駅|神楽坂駅|護国寺駅|牛込柳町駅|牛込神楽坂駅|茗荷谷駅|面影橋駅|若松河田駅|学習院下駅,492.0,,,,primary_area=新宿,20,+20(rental=1),0,1
新宿のレンタルダンススタジオおすすめ,エリア,S,Ｍ＆Ｓダンススタジオ,〒151-0051 東京都渋谷区千駄ケ谷５丁目１１-１３ 俳協ビル B1,,0,渋谷,渋谷|恵比寿|代官山|原宿,代々木駅,代々木駅|新宿駅,374.0,,,,tag/station:新宿,45,+20(rental=1)|+25(ダンススタジオ),0,1
新宿のレンタルダンススタジオおすすめ,エリア,S,PLUS DANCE STUDIO,〒169-0075 東京都新宿区高田馬場４丁目１４-４,,0,新宿,新宿|西新宿|高田馬場|新大久保,高田馬場駅,高田馬場駅,267.0,,,,primary_area=新宿,45,+20(rental=1)|+25(ダンススタジオ),0,1
新宿のレンタルダンススタジオおすすめ,エリア,S,レンタルスタジオSunny 高田馬場1号店,〒169-0075 東京都新宿区高田馬場４丁目１-５ 5F,,0,新宿,新宿|西新宿|高田馬場|新大久保,高田馬場駅,高田馬場駅|新大久保駅,290.0,,,,primary_area=新宿,50,+20(rental=1)|+30(レンタルスタジオ),0,1
新宿のレンタルダンススタジオおすすめ,エリア,S,ヨガスタジオ Peace of Mind,〒162-0041 東京都新宿区早稲田鶴巻町５４６ 新滝沢ビル 4階,,0,新宿,新宿|西新宿|高田馬場|新大久保,江戸川橋駅,江戸川橋駅|早稲田駅|神楽坂駅|牛込柳町駅|牛込神楽坂駅|若松河田駅|護国寺駅|面影橋駅|茗荷谷駅|飯田橋駅,576.0,,,,primary_area=新宿,20,+20(rental=1),0,1
新宿のレンタルダンススタジオおすすめ,エリア,S,ROJIスタジオStudioStyle+,〒160-0023 東京都新宿区西新宿７丁目１５-１４,,0,新宿,新宿|西新宿|高田馬場|新大久保,西武新宿駅,西武新宿駅|新宿駅|新大久保駅,265.0,,,,primary_area=新宿,20,+20(rental=1),0,1
新宿のレンタルダンススタジオおすすめ,エリア,S,BUZZ 高田馬場2丁目,〒169-0075 東京都新宿区高田馬場２丁目１０-１０ ミナエビル,,0,新宿,新宿|西新宿|高田馬場|新大久保,高田馬場駅,高田馬場駅,408.0,,,,primary_area=新宿,20,+20(rental=1),0,1
新宿のレンタルダンススタジオおすすめ,エリア,S,studio arty 高田馬場,〒169-0075 東京都新宿区高田馬場３丁目５-３ 第90東京ビル ２F,,0,新宿,新宿|西新宿|高田馬場|新大久保,高田馬場駅,高田馬場駅,270.0,,,,primary_area=新宿,20,+20(rental=1),0,1
新宿のレンタルダンススタジオおすすめ,エリア,S,STUDIO COCORO（スタジオココロ）- 新宿代々木のレンタルスペース&ダンススタジオ - 数々のイベントやメディアに出演,〒151-0053 東京都渋谷区代々木３丁目９-１１,,0,渋谷,渋谷|恵比寿|代官山|原宿,代々木駅,代々木駅|新宿駅,551.0,,,,tag/station:新宿,45,+20(rental=1)|+25(ダンススタジオ),0,1
新宿のレンタルダンススタジオおすすめ,エリア,S,スタジオグロウ市ヶ谷店,〒162-0846 東京都新宿区市谷左内町２７-１ イマジナビル 地下1階,,0,新宿,新宿|西新宿|高田馬場|新大久保,市ケ谷駅,市ケ谷駅|牛込神楽坂駅|四ツ谷駅|牛込柳町駅|曙橋駅|麹町駅|神楽坂駅|半蔵門駅|飯田橋駅|四谷三丁目駅,335.0,,,,primary_area=新宿,20,+20(rental=1),0,1
新宿のレンタルダンススタジオおすすめ,エリア,S,Studio sun and moon,〒160-0004 東京都新宿区四谷４丁目１３-５８,,0,新宿,新宿|西新宿|高田馬場|新大久保,四谷三丁目駅,四谷三丁目駅|新宿御苑前駅|曙橋駅|信濃町駅|千駄ケ谷駅|国立競技場駅|新宿三丁目駅|四ツ谷駅|若松河田駅|東新宿駅,302.0,,,,primary_area=新宿,20,+20(rental=1),0,1
新宿のレンタルダンススタジオおすすめ,エリア,S,琉球スタジオCanDokoro,〒160-0007 東京都新宿区荒木町６-４ ラ・ベルロシェ 101,,0,新宿,新宿|西新宿|高田馬場|新大久保,四谷三丁目駅,四谷三丁目駅|曙橋駅|四ツ谷駅|信濃町駅|新宿御苑前駅|牛込柳町駅|市ケ谷駅|若松河田駅|国立競技場駅|麹町駅,295.0,,,,primary_area=新宿,20,+20(rental=1),0,1
新宿のレンタルダンススタジオおすすめ,エリア,S,studio worcle okubo,〒169-0073 東京都新宿区百人町１丁目２１-５ 新宿Stビル,,0,新宿,新宿|西新宿|高田馬場|新大久保,新大久保駅,新大久保駅|西武新宿駅|新宿駅,342.0,,,,primary_area=新宿,20,+20(rental=1),0,1
新宿のレンタルダンススタジオおすすめ,エリア,S,studio worcle shinjuku,〒160-0023 東京都新宿区西新宿７丁目１６-７ 第２１フジビル,,0,新宿,新宿|西新宿|高田馬場|新大久保,西武新宿駅,西武新宿駅|新大久保駅|新宿駅,278.0,,,,primary_area=新宿,20,+20(rental=1),0,1
新宿のレンタルダンススタジオおすすめ,エリア,S,studio worcle shinjuku-gyoen,〒160-0004 東京都新宿区四谷４丁目３２-４ B1 B2,,0,新宿,新宿|西新宿|高田馬場|新大久保,新宿御苑前駅,新宿御苑前駅|四谷三丁目駅|曙橋駅|新宿三丁目駅|千駄ケ谷駅|国立競技場駅|若松河田駅|東新宿駅|信濃町駅|新宿駅,390.0,,,,primary_area=新宿,20,+20(rental=1),0,1
新宿のレンタルダンススタジオおすすめ,エリア,S,studio worcle yoyogi,〒151-0053 東京都渋谷区代々木１丁目３６-１２ 2F,,0,渋谷,渋谷|恵比寿|代官山|原宿,代々木駅,代々木駅|新宿駅,141.0,,,,tag/station:新宿,20,+20(rental=1),0,1
新宿のレンタルダンススタジオおすすめ,エリア,S,STUDIOFLAG高田馬場2号店,〒169-0075 東京都新宿区高田馬場２丁目１１-１ YOKE2ビル 地下1F,,0,新宿,新宿|西新宿|高田馬場|新大久保,高田馬場駅,高田馬場駅,455.0,,,,primary_area=新宿,20,+20(rental=1),0,1
新宿のレンタルダンススタジオおすすめ,エリア,S,Studioonda大久保,〒169-0073 東京都新宿区百人町１丁目２３-２ 3F,,0,新宿,新宿|西新宿|高田馬場|新大久保,新大久保駅,新大久保駅|西武新宿駅|新宿駅,388.0,,,,primary_area=新宿,20,+20(rental=1),0,1
新宿のレンタルダンススタジオおすすめ,エリア,S,StudioOnda東中野 Ondabuilding,〒169-0074 東京都新宿区北新宿４丁目３３-５,,0,新宿,新宿|西新宿|高田馬場|新大久保,新大久保駅,新大久保駅,1133.0,,,,primary_area=新宿,20,+20(rental=1),0,1
新宿のレンタルダンススタジオおすすめ,エリア,S,THビル貸し会議室 レンタルスタジオ,〒151-0053 東京都渋谷区代々木２丁目４-１ Thビル,https://dance-studio-lab.com/room/ZGYxYjYyNDgtMDEzOC00MjZhLTgyZDctODZlMDViYTQ0NDgy/detail,1,渋谷,渋谷|恵比寿|代官山|原宿,新宿駅,新宿駅|代々木駅|西武新宿駅,451.0,,,,tag/station:新宿,80,+30(dslurl)|+20(rental=1)|+30(レンタルスタジオ),0,1
新宿のレンタルダンススタジオおすすめ,エリア,S,ＴＨ会場,〒151-0053 東京都渋谷区代々木２丁目４-１,,0,渋谷,渋谷|恵比寿|代官山|原宿,新宿駅,新宿駅|代々木駅|西武新宿駅,451.0,,,,tag/station:新宿,20,+20(rental=1),0,1
新宿のレンタルダンススタジオおすすめ,エリア,S,アクセ・スタジオ,〒169-0075 東京都新宿区高田馬場４丁目１-７,,0,新宿,新宿|西新宿|高田馬場|新大久保,高田馬場駅,高田馬場駅|新大久保駅,260.0,,,,primary_area=新宿,20,+20(rental=1),0,1
新宿のレンタルダンススタジオおすすめ,エリア,S,アルゼンチンタンゴ・ダンス チケ,〒160-0011 東京都新宿区若葉１丁目１-１ 2F,,0,新宿,新宿|西新宿|高田馬場|新大久保,四谷三丁目駅,四谷三丁目駅|曙橋駅|四ツ谷駅|信濃町駅|新宿御苑前駅|国立競技場駅|市ケ谷駅|千駄ケ谷駅|麹町駅|牛込柳町駅,225.0,,,,primary_area=新宿,20,+20(rental=1),0,1
新宿のレンタルダンススタジオおすすめ,エリア,S,スタジオジパング大久保,〒169-0073 東京都新宿区百人町１丁目２３ みなみビル B1,,0,新宿,新宿|西新宿|高田馬場|新大久保,新大久保駅,新大久保駅|西武新宿駅|新宿駅,331.0,,,,primary_area=新宿,20,+20(rental=1),0,1
新宿のレンタルダンススタジオおすすめ,エリア,S,グラッドリ,〒160-0004 東京都新宿区四谷１丁目１５,,0,新宿,新宿|西新宿|高田馬場|新大久保,四ツ谷駅,四ツ谷駅|四谷三丁目駅|信濃町駅|麹町駅|曙橋駅|市ケ谷駅|赤坂見附駅|半蔵門駅|永田町駅|国立競技場駅,272.0,,,,primary_area=新宿,20,+20(rental=1),0,1
新宿のレンタルダンススタジオおすすめ,エリア,S,サカモトトモキ・ダンススタジオ,〒162-0805 東京都新宿区矢来町６５ 2階,,0,新宿,新宿|西新宿|高田馬場|新大久保,神楽坂駅,神楽坂駅|牛込神楽坂駅|江戸川橋駅|牛込柳町駅|早稲田駅|飯田橋駅|若松河田駅|市ケ谷駅|茗荷谷駅|曙橋駅,133.0,,,,primary_area=新宿,45,+20(rental=1)|+25(ダンススタジオ),0,1
新宿のレンタルダンススタジオおすすめ,エリア,S,ジャパンポールダンス,〒160-0021 東京都新宿区歌舞伎町１丁目２３-１２ 第一桑原ビル 5F,,0,新宿,新宿|西新宿|高田馬場|新大久保,西武新宿駅,西武新宿駅|新宿駅|新大久保駅,161.0,,,,primary_area=新宿,20,+20(rental=1),0,1
新宿のレンタルダンススタジオおすすめ,エリア,S,シュミネAスタジオStudioStyle+,〒169-0073 東京都新宿区百人町１丁目２４-７,,0,新宿,新宿|西新宿|高田馬場|新大久保,新大久保駅,新大久保駅|西武新宿駅|新宿駅,374.0,,,,primary_area=新宿,20,+20(rental=1),0,1
新宿のレンタルダンススタジオおすすめ,エリア,S,スタジオ エレ,〒161-0034 東京都新宿区上落合３丁目２３-１７,,0,新宿,新宿|西新宿|高田馬場|新大久保,落合駅,落合駅|東中野駅|中井駅|新井薬師前駅|下落合駅|落合南長崎駅|中野坂上駅|中野駅|大久保駅|新大久保駅,319.0,,,,primary_area=新宿,20,+20(rental=1),0,1
新宿のレンタルダンススタジオおすすめ,エリア,S,スタジオ プリメーラ(スタジオ プリメラ),〒169-0072 東京都新宿区大久保２丁目８-８ 青葉ビル,,0,新宿,新宿|西新宿|高田馬場|新大久保,新大久保駅,新大久保駅|西武新宿駅|高田馬場駅,678.0,,,,primary_area=新宿,20,+20(rental=1),0,1
新宿のレンタルダンススタジオおすすめ,エリア,S,スタジオ・ブリエ 四谷,〒160-0008 東京都新宿区四谷三栄町１２-２ 大久保ビル 1階,,0,新宿,新宿|西新宿|高田馬場|新大久保,四谷三丁目駅,四谷三丁目駅|曙橋駅|四ツ谷駅|市ケ谷駅|信濃町駅|麹町駅|牛込柳町駅|新宿御苑前駅|若松河田駅|国立競技場駅,430.0,,,,primary_area=新宿,20,+20(rental=1),0,1
新宿のレンタルダンススタジオおすすめ,エリア,S,スタジオインディ 新宿店,〒160-0022 東京都新宿区新宿３丁目２２番１１号 新宿ＲＳビル ６階,,0,新宿,新宿|西新宿|高田馬場|新大久保,新宿駅,新宿駅|西武新宿駅|新大久保駅,289.0,,,,primary_area=新宿,20,+20(rental=1),0,1
新宿のレンタルダンススタジオおすすめ,エリア,S,スタジオエリース,〒161-0033 東京都新宿区下落合２丁目１-８ 三栄ビル 310号室,,0,新宿,新宿|西新宿|高田馬場|新大久保,高田馬場駅,高田馬場駅,557.0,,,,primary_area=新宿,20,+20(rental=1),0,1
新宿のレンタルダンススタジオおすすめ,エリア,S,スタジオスタイルプラス窓口StudioStyle+,〒160-0023 東京都新宿区西新宿７丁目２２-３１ 1F,,0,新宿,新宿|西新宿|高田馬場|新大久保,西武新宿駅,西武新宿駅|新大久保駅|新宿駅,380.0,,,,primary_area=新宿,20,+20(rental=1),0,1
新宿のレンタルダンススタジオおすすめ,エリア,S,ダンスアンジェロ,〒169-0051 東京都新宿区西早稲田３丁目５-１３ 大永西早稲田ビル １F,,0,新宿,新宿|西新宿|高田馬場|新大久保,高田馬場駅,高田馬場駅,1184.0,,,,primary_area=新宿,20,+20(rental=1),0,1
新宿のレンタルダンススタジオおすすめ,エリア,S,ダンススタジオ石井,〒151-0051 東京都渋谷区千駄ケ谷５丁目４-７,,0,渋谷,渋谷|恵比寿|代官山|原宿,代々木駅,代々木駅|新宿駅,480.0,,,,tag/station:新宿,45,+20(rental=1)|+25(ダンススタジオ),0,1
新宿のレンタルダンススタジオおすすめ,エリア,S,ダンススペース ベースオントップ高田馬場店,〒169-0075 東京都新宿区高田馬場１丁目３３-１４ サンフラワービル 3F,,0,新宿,新宿|西新宿|高田馬場|新大久保,高田馬場駅,高田馬場駅|新大久保駅,120.0,,,,primary_area=新宿,20,+20(rental=1),0,1
新宿のレンタルダンススタジオおすすめ,エリア,S,ノアスタジオ 新宿１号店,〒160-0023 東京都新宿区西新宿１丁目３-１４,,0,新宿,新宿|西新宿|高田馬場|新大久保,新宿駅,新宿駅|西武新宿駅|新大久保駅,319.0,,,,primary_area=新宿,20,+20(rental=1),0,1
新宿のレンタルダンススタジオおすすめ,エリア,S,ノアスタジオ 新宿２号店,〒160-0023 東京都新宿区西新宿７丁目１０-１２,,0,新宿,新宿|西新宿|高田馬場|新大久保,西武新宿駅,西武新宿駅|新宿駅|新大久保駅,259.0,,,,primary_area=新宿,20,+20(rental=1),0,1
新宿のレンタルダンススタジオおすすめ,エリア,S,バレエアトリエリュミエール,〒169-0051 東京都新宿区西早稲田２丁目３-１ 早稲田奉仕園 奉仕園会館一号館地下一階 You-Iホール,,0,新宿,新宿|西新宿|高田馬場|新大久保,早稲田駅,早稲田駅|面影橋駅|西早稲田駅|若松河田駅|学習院下駅|牛込柳町駅|高田馬場駅|東新宿駅|雑司が谷駅|江戸川橋駅,464.0,,,,primary_area=新宿,20,+20(rental=1),0,1
新宿のレンタルダンススタジオおすすめ,エリア,S,メインスタジオStudio Style+,〒160-0023 東京都新宿区西新宿７丁目２２-３１,,0,新宿,新宿|西新宿|高田馬場|新大久保,西武新宿駅,西武新宿駅|新大久保駅|新宿駅,362.0,,,,primary_area=新宿,20,+20(rental=1),0,1
新宿のレンタルダンススタジオおすすめ,エリア,S,モダミカ アートプラザ,〒169-0075 東京都新宿区高田馬場１丁目３４-１２,,0,新宿,新宿|西新宿|高田馬場|新大久保,高田馬場駅,高田馬場駅,50.0,,,,primary_area=新宿,20,+20(rental=1),0,1
新宿のレンタルダンススタジオおすすめ,エリア,S,ラ・ダンサフラメンコスタジオ,〒169-0075 東京都新宿区高田馬場４丁目８-２,,0,新宿,新宿|西新宿|高田馬場|新大久保,高田馬場駅,高田馬場駅,133.0,,,,primary_area=新宿,20,+20(rental=1),0,1
新宿のレンタルダンススタジオおすすめ,エリア,S,レンタルスタジオ HIKARI 高田馬場,〒169-0075 東京都新宿区高田馬場４丁目４-１ M-haus B.L.D 3階,,0,新宿,新宿|西新宿|高田馬場|新大久保,高田馬場駅,高田馬場駅,67.0,,,,primary_area=新宿,50,+20(rental=1)|+30(レンタルスタジオ),0,1
新宿のレンタルダンススタジオおすすめ,エリア,S,レンタルスタジオ HIKARI 新宿三丁目,〒160-0021 東京都新宿区歌舞伎町２丁目８-１２ グリーンプラザ 203,,0,新宿,新宿|西新宿|高田馬場|新大久保,西武新宿駅,西武新宿駅|新宿駅|新大久保駅,507.0,,,,primary_area=新宿,50,+20(rental=1)|+30(レンタルスタジオ),0,1
新宿のレンタルダンススタジオおすすめ,エリア,S,レンタルスタジオ HIKARI 西新宿７丁目,〒160-0023 東京都新宿区西新宿７丁目１０-１７ B館 601号室,,0,新宿,新宿|西新宿|高田馬場|新大久保,西武新宿駅,西武新宿駅|新宿駅|新大久保駅,234.0,,,,primary_area=新宿,50,+20(rental=1)|+30(レンタルスタジオ),0,1
新宿のレンタルダンススタジオおすすめ,エリア,S,ロジスタイルB StudioStyle+,〒160-0023 東京都新宿区西新宿７丁目１５-１４ FONTAINE三須 1F,,0,新宿,新宿|西新宿|高田馬場|新大久保,西武新宿駅,西武新宿駅|新宿駅|新大久保駅,255.0,,,,primary_area=新宿,20,+20(rental=1),0,1
新宿のレンタルダンススタジオおすすめ,エリア,S,演劇稽古場ファンファーレレンタルスタジオ高田馬場,〒169-0075 東京都新宿区高田馬場１丁目２１-４ 第５三池ビル B１F,,0,新宿,新宿|西新宿|高田馬場|新大久保,高田馬場駅,高田馬場駅|新大久保駅,337.0,,,,primary_area=新宿,50,+20(rental=1)|+30(レンタルスタジオ),0,1
新宿のレンタルダンススタジオおすすめ,エリア,S,演劇舞台稽古場 ファンファーレレンタルスタジオ新宿御苑（撮影スタジオとして利用可能）,〒162-0067 東京都新宿区富久町１３-１５ サウスタワー地下2階,,0,新宿,新宿|西新宿|高田馬場|新大久保,新宿御苑前駅,新宿御苑前駅|四谷三丁目駅|曙橋駅|若松河田駅|新宿三丁目駅|東新宿駅|国立競技場駅|新宿駅|信濃町駅|西武新宿駅,497.0,,,,primary_area=新宿,50,+20(rental=1)|+30(レンタルスタジオ),0,1
新宿のレンタルダンススタジオおすすめ,エリア,S,松井亜希子 バレエスタジオ,〒169-0051 東京都新宿区西早稲田２丁目１０-２,,0,新宿,新宿|西新宿|高田馬場|新大久保,高田馬場駅,高田馬場駅,1009.0,,,,primary_area=新宿,20,+20(rental=1),0,1
新宿のレンタルダンススタジオおすすめ,エリア,S,新宿 だんすた レンタルスタジオ,〒160-0023 東京都新宿区西新宿７丁目１３-７ 3F4F タカラビル,,0,新宿,新宿|西新宿|高田馬場|新大久保,西武新宿駅,西武新宿駅|新宿駅|新大久保駅,398.0,,,,primary_area=新宿,50,+20(rental=1)|+30(レンタルスタジオ),0,1
新宿のレンタルダンススタジオおすすめ,エリア,S,新宿 大久保 BMT レンタルスタジオ,〒169-0074 東京都新宿区北新宿１丁目１３-１９ 弘林ビル Ｂ１Ｆ,,0,新宿,新宿|西新宿|高田馬場|新大久保,新大久保駅,新大久保駅|西武新宿駅,614.0,,,,primary_area=新宿,50,+20(rental=1)|+30(レンタルスタジオ),0,1
新宿のレンタルダンススタジオおすすめ,エリア,S,新宿・大久保マイックル,〒169-0073 東京都新宿区百人町１丁目１９-２３,,0,新宿,新宿|西新宿|高田馬場|新大久保,新大久保駅,新大久保駅|西武新宿駅|新宿駅,352.0,,,,primary_area=新宿,20,+20(rental=1),0,1
新宿のレンタルダンススタジオおすすめ,エリア,S,新宿マイスタジオ,〒160-0023 東京都新宿区西新宿７丁目９-１７ ６F・５F・４F 伊藤ビル,,0,新宿,新宿|西新宿|高田馬場|新大久保,西武新宿駅,西武新宿駅|新宿駅|新大久保駅,263.0,,,,primary_area=新宿,20,+20(rental=1),0,1
新宿のレンタルダンススタジオおすすめ,エリア,S,新宿御苑前スタジオ,〒160-0022 東京都新宿区新宿１丁目１３-１２ FIRST bldg 地下1階 FIRST Bldg.,,0,新宿,新宿|西新宿|高田馬場|新大久保,新宿駅,新宿駅|代々木駅,1063.0,,,,primary_area=新宿,20,+20(rental=1),0,1
新宿のレンタルダンススタジオおすすめ,エリア,S,新宿村スタジオ,〒169-0074 東京都新宿区北新宿２丁目１-２,,0,新宿,新宿|西新宿|高田馬場|新大久保,西武新宿駅,西武新宿駅|新大久保駅|新宿駅,1011.0,,,,primary_area=新宿,20,+20(rental=1),0,1
新宿のレンタルダンススタジオおすすめ,エリア,S,神楽坂バレエクラス,〒162-0825 東京都新宿区神楽坂３丁目２,,0,新宿,新宿|西新宿|高田馬場|新大久保,飯田橋駅,飯田橋駅|牛込神楽坂駅|神楽坂駅|江戸川橋駅|水道橋駅|九段下駅|後楽園駅|市ケ谷駅|牛込柳町駅|春日駅,400.0,,,,primary_area=新宿,20,+20(rental=1),0,1
新宿のレンタルダンススタジオおすすめ,エリア,S,石原ダンスクラブ 本店,〒160-0004 東京都新宿区四谷１丁目６-１,,0,新宿,新宿|西新宿|高田馬場|新大久保,四ツ谷駅,四ツ谷駅|市ケ谷駅|四谷三丁目駅|麹町駅|曙橋駅|半蔵門駅|信濃町駅|牛込柳町駅|赤坂見附駅|永田町駅,165.0,,,,primary_area=新宿,20,+20(rental=1),0,1
新宿のレンタルダンススタジオおすすめ,エリア,S,赤レンガ・バレエスタジオStudioStyle+,〒169-0073 東京都新宿区百人町１丁目２４-８ 3F,,0,新宿,新宿|西新宿|高田馬場|新大久保,新大久保駅,新大久保駅|西武新宿駅|新宿駅,347.0,,,,primary_area=新宿,20,+20(rental=1),0,1
新宿のレンタルダンススタジオおすすめ,エリア,S,赤レンガ・プレイスタジオStudioStyle+,〒169-0073 東京都新宿区百人町１丁目２４-８ 3F,,0,新宿,新宿|西新宿|高田馬場|新大久保,新大久保駅,新大久保駅|西武新宿駅|新宿駅,346.0,,,,primary_area=新宿,20,+20(rental=1),0,1
新宿のレンタルダンススタジオおすすめ,エリア,S,赤レンガ・ライブスタジオStudioStyle+,〒169-0073 東京都新宿区百人町１丁目２４-８ 1F,,0,新宿,新宿|西新宿|高田馬場|新大久保,新大久保駅,新大久保駅|西武新宿駅|新宿駅,344.0,,,,primary_area=新宿,20,+20(rental=1),0,1
新宿のレンタルダンススタジオおすすめ,エリア,S,貸空間スタジオStudioStyle+,〒160-0023 東京都新宿区西新宿７丁目２２-３１ BF 柏木 MURA,,0,新宿,新宿|西新宿|高田馬場|新大久保,西武新宿駅,西武新宿駅|新大久保駅|新宿駅,391.0,,,,primary_area=新宿,20,+20(rental=1),0,1
新宿のレンタルダンススタジオおすすめ,エリア,S,天空MURAダンススタジオStudioStyle+,〒160-0023 東京都新宿区西新宿６丁目１２-１６,,0,新宿,新宿|西新宿|高田馬場|新大久保,新宿駅,新宿駅|西武新宿駅,1079.0,,,,primary_area=新宿,45,+20(rental=1)|+25(ダンススタジオ),0,1
新宿のレンタルダンススタジオおすすめ,エリア,S,天空MURAミドルスタジオStudioStyle+,〒160-0023 東京都新宿区西新宿６丁目１２-１６ 天空ＭＵＲＡ一号館,,0,新宿,新宿|西新宿|高田馬場|新大久保,新宿駅,新宿駅|西武新宿駅,1079.0,,,,primary_area=新宿,20,+20(rental=1),0,1
新宿のレンタルダンススタジオおすすめ,エリア,S,渡辺雅子フラメンコラコンチャ,〒160-0022 東京都新宿区新宿２丁目１-３ 1F,,0,新宿,新宿|西新宿|高田馬場|新大久保,新宿駅,新宿駅|代々木駅|西武新宿駅,868.0,,,,primary_area=新宿,20,+20(rental=1),0,1
新宿のレンタルダンススタジオおすすめ,エリア,S,東京バレエ劇場,〒169-0073 東京都新宿区百人町１丁目１６-４,,0,新宿,新宿|西新宿|高田馬場|新大久保,新大久保駅,新大久保駅|西武新宿駅|新宿駅,211.0,,,,primary_area=新宿,20,+20(rental=1),0,1
新宿のレンタルダンススタジオおすすめ,エリア,S,目白の杜studio,〒161-0033 東京都新宿区下落合３丁目２０-１１,,0,新宿,新宿|西新宿|高田馬場|新大久保,池袋駅,池袋駅,990.0,,,,primary_area=新宿,20,+20(rental=1),0,1
新宿のレンタルダンススタジオおすすめ,エリア,S,Hina STUDIO(ヒナスタジオ)【新宿西口アネックス】,東京都新宿区西新宿7-15-4　YS第一ビルB1階,https://dance-studio-lab.com/room/NWQxZDIzMzUtNWMzOC00MzY4LWE4YmYtMWU3MDBkYWM3ZDY2/detail,1,新宿,新宿,西武新宿駅,西武新宿駅|新宿西口駅|西新宿駅|大久保駅|都庁前駅|新宿駅|新大久保駅|新宿三丁目駅|東新宿駅|南新宿駅,234.0,,,,primary_area=新宿,50,+30(dslurl)|+20(rental=1),0,1
新宿のレンタルダンススタジオおすすめ,エリア,S,レンタルスタジオAivic高田馬場,東京都新宿区高田馬場1-31-8 高田馬場ダイカンプラザ1007,https://dance-studio-lab.com/room/M2JhMTAxM2EtZmMxNi00ODUwLTllNjUtNWQ4OTY3NmE2MWZj/detail,1,新宿,新宿,高田馬場駅,高田馬場駅|西早稲田駅|下落合駅|新大久保駅|面影橋駅|学習院下駅|大久保駅|目白駅|東新宿駅|雑司が谷駅,278.0,,,,primary_area=新宿,80,+30(dslurl)|+20(rental=1)|+30(レンタルスタジオ),0,1
新宿のレンタルダンススタジオおすすめ,エリア,S,BEATs レンタルスタジオ ビーツ,東京都渋谷区代々木1-42-2 藤ビル2階,https://dance-studio-lab.com/room/ZWU0MDNlZTUtMDE1Zi00NDcyLWFjZjgtZTAzNzUzZTAwMzNj/detail,1,渋谷,渋谷,代々木駅,代々木駅|参宮橋駅|北参道駅|新宿駅|新宿三丁目駅|都庁前駅|千駄ケ谷駅|新宿西口駅|初台駅|新宿御苑前駅,259.0,,,,tag/station:新宿,80,+30(dslurl)|+20(rental=1)|+30(レンタルスタジオ),0,1
新宿のレンタルダンススタジオおすすめ,エリア,S,Hina STUDIO(ヒナスタジオ)【新宿西口スタジオ】,東京都新宿区西新宿7-10-12　ダイハンビルデンス4階,https://dance-studio-lab.com/room/ZDEyOTIyNTctYjUwOC00ZTY3LTgxMWYtYTI0MzhkNDg4OGNj/detail,1,新宿,新宿,新宿西口駅,新宿西口駅|西武新宿駅|西新宿駅|新宿駅|都庁前駅|新宿三丁目駅|大久保駅|新大久保駅|東新宿駅|代々木駅,136.0,,,,primary_area=新宿,50,+30(dslurl)|+20(rental=1),0,1
新宿のレンタルダンススタジオおすすめ,エリア,S,Studio-Bio,東京都渋谷区千駄ヶ谷3−41−12　シャトル千駄ヶ谷B1(地下),https://dance-studio-lab.com/room/MTI3NDc3MzgtMTBhMy00NGY2LWE3MGQtZmM5YzdiYjVmNzM2/detail,1,渋谷,渋谷,北参道駅,北参道駅|千駄ケ谷駅|代々木駅|国立競技場駅|原宿駅|明治神宮前〈原宿〉駅|参宮橋駅|新宿御苑前駅|新宿駅|信濃町駅,48.0,,,,tag/station:新宿,50,+30(dslurl)|+20(rental=1),0,1
新宿のレンタルダンススタジオおすすめ,エリア,S,Dubwayレンタルスタジオ大久保,東京都新宿区百人町3-15-8,https://dance-studio-lab.com/room/YTIzMjllOTEtNzlhMy00YjBiLTgwMDctMGNhMDNkOTgwNDFh/detail,1,新宿,新宿,新大久保駅,新大久保駅|大久保駅|高田馬場駅|西早稲田駅|下落合駅|落合駅|西武新宿駅|東中野駅|東新宿駅|中井駅,660.0,,,,primary_area=新宿,80,+30(dslurl)|+20(rental=1)|+30(レンタルスタジオ),0,1
池袋のレンタルダンススタジオおすすめ,エリア,S,BUZZ レンタルスタジオ 池袋本店,〒171-0022 東京都豊島区南池袋１丁目２０-１ 横田ビル 3F,,0,池袋,池袋|目白|大塚|巣鴨,池袋駅,池袋駅,241.0,,,,primary_area=池袋,50,+20(rental=1)|+30(レンタルスタジオ),0,1
池袋のレンタルダンススタジオおすすめ,エリア,S,C Production Dance Studio,〒170-0014 東京都豊島区池袋１丁目８-５ シーステージ池袋 5F,,0,池袋,池袋|目白|大塚|巣鴨,池袋駅,池袋駅,806.0,,,,primary_area=池袋,45,+20(rental=1)|+25(ダンススタジオ),0,1
池袋のレンタルダンススタジオおすすめ,エリア,S,BUZZ 池袋西口タワー,〒171-0014 東京都豊島区池袋２丁目３７-８ ジオ・ステージ池袋,,0,池袋,池袋|目白|大塚|巣鴨,池袋駅,池袋駅,586.0,,,,primary_area=池袋,20,+20(rental=1),0,1
池袋のレンタルダンススタジオおすすめ,エリア,S,BUZZ レンタルスタジオ池袋東口BASE,〒170-0013 東京都豊島区東池袋１丁目３６-７ B1,https://dance-studio-lab.com/room/NWY2ZjE2OGUtZDYyYi00ZTk5LThlMjctZDI1YjllMmRjM2Jk/detail,1,池袋,池袋|目白|大塚|巣鴨,池袋駅,池袋駅,608.0,,,,primary_area=池袋,80,+30(dslurl)|+20(rental=1)|+30(レンタルスタジオ),0,1
池袋のレンタルダンススタジオおすすめ,エリア,S,FLAG POINT,〒171-0043 東京都豊島区２１ 豊島区要町1丁目21-10 三井ビル2F,,0,池袋,池袋|目白|大塚|巣鴨,要町駅,要町駅|千川駅|椎名町駅|東長崎駅|池袋駅|落合南長崎駅|大山駅|目白駅|小竹向原駅,283.0,,,,primary_area=池袋,20,+20(rental=1),0,1
池袋のレンタルダンススタジオおすすめ,エリア,S,リアン 高田馬場スタジオ道順,〒171-0033 東京都豊島区高田３丁目２７-１ CLK高田ビル,,0,池袋,池袋|目白|大塚|巣鴨,高田馬場駅,高田馬場駅,484.0,,,,primary_area=池袋,20,+20(rental=1),0,1
池袋のレンタルダンススタジオおすすめ,エリア,S,Studio BLANZ,〒170-0011 東京都豊島区池袋本町４丁目４５-１ 1F&B1F 芙蓉ビル,,0,池袋,池袋|目白|大塚|巣鴨,板橋駅,板橋駅|下板橋駅|北池袋駅|新板橋駅|板橋区役所前駅|西巣鴨駅|新庚申塚駅|庚申塚駅|巣鴨新田駅|西ヶ原四丁目駅,236.0,,,,primary_area=池袋,20,+20(rental=1),0,1
池袋のレンタルダンススタジオおすすめ,エリア,S,Studio growpoint,〒171-0052 東京都豊島区南長崎１丁目１-１０,,0,池袋,池袋|目白|大塚|巣鴨,椎名町駅,椎名町駅|落合南長崎駅|下落合駅|中井駅|東長崎駅|要町駅|目白駅|落合駅|高田馬場駅|千川駅,369.0,,,,primary_area=池袋,20,+20(rental=1),0,1
池袋のレンタルダンススタジオおすすめ,エリア,S,ヒカリババダンスカンパニー,〒171-0031 東京都豊島区目白２丁目１２-４,,0,池袋,池袋|目白|大塚|巣鴨,池袋駅,池袋駅|高田馬場駅,876.0,,,,primary_area=池袋,20,+20(rental=1),0,1
池袋のレンタルダンススタジオおすすめ,エリア,S,Studio ROZE (スタジオロゼ） レンタルスタジオ ヨガスタジオ 整体サロン 池袋 安い,〒171-0014 東京都豊島区池袋２丁目１１-９ 安藤ビル 305,,0,池袋,池袋|目白|大塚|巣鴨,池袋駅,池袋駅,515.0,,,,primary_area=池袋,50,+20(rental=1)|+30(レンタルスタジオ),0,1
池袋のレンタルダンススタジオおすすめ,エリア,S,studio worcle 池袋店,〒171-0022 東京都豊島区南池袋２丁目２２-４,,0,池袋,池袋|目白|大塚|巣鴨,池袋駅,池袋駅,354.0,,,,primary_area=池袋,20,+20(rental=1),0,1
池袋のレンタルダンススタジオおすすめ,エリア,S,TBY-studio,〒171-0014 東京都豊島区池袋２丁目３６-２,,0,池袋,池袋|目白|大塚|巣鴨,池袋駅,池袋駅,532.0,,,,primary_area=池袋,20,+20(rental=1),0,1
池袋のレンタルダンススタジオおすすめ,エリア,S,アカペラスタジオベースオントップ池袋東口店,〒171-0022 東京都豊島区南池袋２丁目２４-５ 加藤ビル B1,,0,池袋,池袋|目白|大塚|巣鴨,池袋駅,池袋駅,323.0,,,,primary_area=池袋,20,+20(rental=1),0,1
池袋のレンタルダンススタジオおすすめ,エリア,S,WPG,〒171-0014 東京都豊島区池袋２丁目６８-９ ＭＩＢ 602号室,,0,池袋,池袋|目白|大塚|巣鴨,池袋駅,池袋駅,763.0,,,,primary_area=池袋,20,+20(rental=1),0,1
池袋のレンタルダンススタジオおすすめ,エリア,S,ジョイ・バレエ ストゥーディオ 本部スタジオ,〒171-0052 東京都豊島区南長崎１丁目９-１６ ヒルトップビルド B1,,0,池袋,池袋|目白|大塚|巣鴨,椎名町駅,椎名町駅|下落合駅|落合南長崎駅|要町駅|目白駅|東長崎駅|中井駅|高田馬場駅|千川駅|池袋駅,241.0,,,,primary_area=池袋,20,+20(rental=1),0,1
池袋のレンタルダンススタジオおすすめ,エリア,S,スタジオｉＤＣ,〒171-0014 東京都豊島区池袋２丁目４７-３ キウレイコンビル ４,,0,池袋,池袋|目白|大塚|巣鴨,池袋駅,池袋駅,500.0,,,,primary_area=池袋,20,+20(rental=1),0,1
池袋のレンタルダンススタジオおすすめ,エリア,S,スタジオリーガル池袋,〒170-0012 東京都豊島区上池袋４丁目２-１,,0,池袋,池袋|目白|大塚|巣鴨,北池袋駅,北池袋駅|巣鴨新田駅|庚申塚駅|板橋駅|西巣鴨駅|新庚申塚駅|下板橋駅|大塚駅|新板橋駅|西ヶ原四丁目駅,507.0,,,,primary_area=池袋,20,+20(rental=1),0,1
池袋のレンタルダンススタジオおすすめ,エリア,S,スタジオ階梯-空-,〒171-0052 東京都豊島区南長崎５丁目１４-２ ヤマザキビル 地下1階,,0,池袋,池袋|目白|大塚|巣鴨,東長崎駅,東長崎駅|落合南長崎駅|椎名町駅|新江古田駅|千川駅|江古田駅|中井駅|要町駅|新井薬師前駅|下落合駅,316.0,,,,primary_area=池袋,20,+20(rental=1),0,1
池袋のレンタルダンススタジオおすすめ,エリア,S,BUZZ レンタルスタジオ巣鴨店,〒170-0002 東京都豊島区巣鴨２丁目４-６ 第二みどりビル B1,https://dance-studio-lab.com/room/MmNjNjkxYjEtYjA5ZC00YTZkLWFjMTAtZmVhYzQ1MGY0M2Uy/detail,1,池袋,池袋|目白|大塚|巣鴨,巣鴨駅,巣鴨駅|駒込駅|千石駅|庚申塚駅|大塚駅|巣鴨新田駅|新庚申塚駅|西ヶ原四丁目駅|新大塚駅|西ケ原駅,125.0,,,,primary_area=池袋,80,+30(dslurl)|+20(rental=1)|+30(レンタルスタジオ),0,1
池袋のレンタルダンススタジオおすすめ,エリア,S,レンタルスタジオ Sunny 池袋店,〒170-0013 東京都豊島区東池袋３丁目１１-９,,0,池袋,池袋|目白|大塚|巣鴨,池袋駅,池袋駅,864.0,,,,primary_area=池袋,50,+20(rental=1)|+30(レンタルスタジオ),0,1
池袋のレンタルダンススタジオおすすめ,エリア,S,monoダンススタジオ-レンタル,〒304 東京都豊島区北大塚２丁目２-１３ JP 1700004 大塚シャトレー・トーコー 304号室,,0,池袋,池袋|目白|大塚|巣鴨,大塚駅,大塚駅|向原駅|新大塚駅|庚申塚駅|東池袋四丁目駅|巣鴨駅|東池袋駅|新庚申塚駅|都電雑司ヶ谷駅|西巣鴨駅,49.0,,,,primary_area=池袋,65,+20(rental=1)|+25(ダンススタジオ)|+20(web),0,1
池袋のレンタルダンススタジオおすすめ,エリア,S,ノアスタジオ 池袋店,〒170-0013 東京都豊島区東池袋１丁目３０-６ B1F-B2F,,0,池袋,池袋|目白|大塚|巣鴨,池袋駅,池袋駅,602.0,,,,primary_area=池袋,20,+20(rental=1),0,1
池袋のレンタルダンススタジオおすすめ,エリア,S,スタジオマーティ / STUDIO marty 池袋出張所,"いちご東池袋ビル 6f, １丁目-３４-５ 東池袋 豊島区 東京都 170-0013",,0,池袋,池袋|目白|大塚|巣鴨,池袋駅,池袋駅,675.0,,,,primary_area=池袋,20,+20(rental=1),0,1
池袋のレンタルダンススタジオおすすめ,エリア,S,ダンスカレッジ古都,〒171-0042 東京都豊島区高松１丁目６-２,,0,池袋,池袋|目白|大塚|巣鴨,要町駅,要町駅|千川駅|椎名町駅|池袋駅|東長崎駅|大山駅|目白駅|北池袋駅|落合南長崎駅|小竹向原駅,220.0,,,,primary_area=池袋,20,+20(rental=1),0,1
池袋のレンタルダンススタジオおすすめ,エリア,S,BUZZ レンタルスタジオ 池袋西口PARK店,〒171-0021 東京都豊島区西池袋３丁目３０-１０ ライオンビル B1,,0,池袋,池袋|目白|大塚|巣鴨,池袋駅,池袋駅,415.0,,,,primary_area=池袋,50,+20(rental=1)|+30(レンタルスタジオ),0,1
池袋のレンタルダンススタジオおすすめ,エリア,S,BUZZ池袋サンシャイン,〒170-0013 東京都豊島区東池袋１丁目２６-３,,0,池袋,池袋|目白|大塚|巣鴨,池袋駅,池袋駅,526.0,,,,primary_area=池袋,20,+20(rental=1),0,1
池袋のレンタルダンススタジオおすすめ,エリア,S,スタジオジパング 池袋スタジオSTANDARD 7F/8F,〒171-0021 東京都豊島区西池袋３丁目２９-９ 8F Ｃ３ビル 7F,,0,池袋,池袋|目白|大塚|巣鴨,池袋駅,池袋駅,449.0,,,,primary_area=池袋,20,+20(rental=1),0,1
池袋のレンタルダンススタジオおすすめ,エリア,S,natsu belly dance club,〒171-0022 東京都豊島区南池袋２丁目２２-４ フジキF2ビル,,0,池袋,池袋|目白|大塚|巣鴨,池袋駅,池袋駅,352.0,,,,primary_area=池袋,20,+20(rental=1),0,1
池袋のレンタルダンススタジオおすすめ,エリア,S,"in the house / Mejiro ""Attic""",〒171-0031 東京都豊島区目白３丁目１-３４ 2F,,0,池袋,池袋|目白|大塚|巣鴨,高田馬場駅,高田馬場駅|池袋駅,873.0,,,,primary_area=池袋,20,+20(rental=1),0,1
池袋のレンタルダンススタジオおすすめ,エリア,S,スタジオジパング 目白スタジオPRO,〒171-0031 東京都豊島区目白３ 5-13 地下1階,,0,池袋,池袋|目白|大塚|巣鴨,池袋駅,池袋駅|高田馬場駅,887.0,,,,primary_area=池袋,20,+20(rental=1),0,1
池袋のレンタルダンススタジオおすすめ,エリア,S,TDSレンタルスタジオ池袋（120㎡）,〒171-0014 東京都豊島区池袋２丁目６４-１１ ｢平和ビル/4F｣,,0,池袋,池袋|目白|大塚|巣鴨,池袋駅,池袋駅,715.0,,,,primary_area=池袋,70,+20(rental=1)|+30(レンタルスタジオ)|+20(web),0,1
池袋のレンタルダンススタジオおすすめ,エリア,S,バレエスタジオＭＯＭＯ,〒171-0043 東京都豊島区要町３丁目２３-１１ カーサプリマ,,0,池袋,池袋|目白|大塚|巣鴨,千川駅,千川駅|小竹向原駅|東長崎駅|要町駅|江古田駅|椎名町駅|大山駅|新桜台駅|新江古田駅|落合南長崎駅,196.0,,,,primary_area=池袋,20,+20(rental=1),0,1
池袋のレンタルダンススタジオおすすめ,エリア,S,ピアノスタジオノア 池袋店,〒170-0013 東京都豊島区東池袋２丁目６３-１ 2F～B1F,,0,池袋,池袋|目白|大塚|巣鴨,池袋駅,池袋駅,803.0,,,,primary_area=池袋,20,+20(rental=1),0,1
池袋のレンタルダンススタジオおすすめ,エリア,S,フラメンコスタジオマリ池袋,〒170-0013 東京都豊島区東池袋１丁目４７-５ B1,,0,池袋,池袋|目白|大塚|巣鴨,池袋駅,池袋駅,689.0,,,,primary_area=池袋,20,+20(rental=1),0,1
池袋のレンタルダンススタジオおすすめ,エリア,S,レンタルスタジオ アーマーズピンクドア,〒171-0051 東京都豊島区長崎４丁目９-５ 地下1階 フェイマスショップビル,,0,池袋,池袋|目白|大塚|巣鴨,東長崎駅,東長崎駅|落合南長崎駅|千川駅|椎名町駅|新江古田駅|江古田駅|要町駅|小竹向原駅|中井駅|新桜台駅,98.0,,,,primary_area=池袋,50,+20(rental=1)|+30(レンタルスタジオ),0,1
池袋のレンタルダンススタジオおすすめ,エリア,S,レンタルスタジオSunny 池袋3号店,〒170-0013 東京都豊島区東池袋２丁目３９-２ マルミビル 2階 A号室,,0,池袋,池袋|目白|大塚|巣鴨,池袋駅,池袋駅,979.0,,,,primary_area=池袋,50,+20(rental=1)|+30(レンタルスタジオ),0,1
池袋のレンタルダンススタジオおすすめ,エリア,S,レンタルスタジオひより,〒171-0014 東京都豊島区池袋２丁目２３-２３ 白鳥ハイツ 107,,0,池袋,池袋|目白|大塚|巣鴨,池袋駅,池袋駅,694.0,,,,primary_area=池袋,50,+20(rental=1)|+30(レンタルスタジオ),0,1
池袋のレンタルダンススタジオおすすめ,エリア,S,高田馬場 ペガサス,〒171-0033 東京都豊島区高田３丁目１３-８ 吉見ビル 2F,,0,池袋,池袋|目白|大塚|巣鴨,高田馬場駅,高田馬場駅,368.0,,,,primary_area=池袋,20,+20(rental=1),0,1
池袋のレンタルダンススタジオおすすめ,エリア,S,貸し会議室 & 全国蕎麦製粉会館【JK Room 駒込】,〒170-0003 東京都豊島区駒込１丁目４０-４ 全国蕎麦製粉協同組合４０１ コンフォート駒込,,0,池袋,池袋|目白|大塚|巣鴨,駒込駅,駒込駅|巣鴨駅|千石駅|田端駅|上中里駅|本駒込駅|西ケ原駅|尾久駅|白山駅|西ヶ原四丁目駅,168.0,,,,primary_area=池袋,20,+20(rental=1),0,1
池袋のレンタルダンススタジオおすすめ,エリア,S,池袋 MIB,〒171-0014 東京都豊島区池袋２丁目６８-９ ＭＩＢ 1-2-3F,,0,池袋,池袋|目白|大塚|巣鴨,池袋駅,池袋駅,763.0,,,,primary_area=池袋,20,+20(rental=1),0,1
池袋のレンタルダンススタジオおすすめ,エリア,S,池袋 ミント,〒170-0014 東京都豊島区池袋１丁目８-５ 池袋MINTORONビルB1F,,0,池袋,池袋|目白|大塚|巣鴨,池袋駅,池袋駅,795.0,,,,primary_area=池袋,20,+20(rental=1),0,1
池袋のレンタルダンススタジオおすすめ,エリア,S,池袋ルピナス,〒170-0013 東京都豊島区東池袋１丁目３１-２ ルピナス池袋102,,0,池袋,池袋|目白|大塚|巣鴨,池袋駅,池袋駅,619.0,,,,primary_area=池袋,20,+20(rental=1),0,1
池袋のレンタルダンススタジオおすすめ,エリア,S,池袋レンタルスタジオ Studio M Ikebukuro Tokyo,〒171-0014 東京都豊島区池袋２丁目５３-３ スクエア21 １Ｆ,,0,池袋,池袋|目白|大塚|巣鴨,池袋駅,池袋駅,561.0,,,,primary_area=池袋,50,+20(rental=1)|+30(レンタルスタジオ),0,1
池袋のレンタルダンススタジオおすすめ,エリア,S,東京ステップス・アーツ アニメダンス池袋校,〒192-0082 東京都豊島区東池袋１丁目２２-５ サンケェビル６F,,0,池袋,池袋|目白|大塚|巣鴨,池袋駅,池袋駅,475.0,,,,primary_area=池袋,20,+20(rental=1),0,1
池袋のレンタルダンススタジオおすすめ,エリア,S,目白の杜studio,〒161-0033 東京都新宿区下落合３丁目２０-１１,,0,新宿,新宿|西新宿|高田馬場|新大久保,池袋駅,池袋駅,990.0,,,,tag/station:池袋,20,+20(rental=1),0,1
池袋のレンタルダンススタジオおすすめ,エリア,S,BUZZ池袋西口PARK,東京都豊島区西池袋3-30-10ライオンビルB1,https://dance-studio-lab.com/room/ZjBiN2M3MDEtZTMzYS00ZGZkLTg3YTktYjU3MjdjNDk3Njli/detail,1,池袋,池袋|目白|大塚|巣鴨,池袋駅,池袋駅,586.0,,,,primary_area=池袋,50,+30(dslurl)|+20(rental=1),0,1
池袋のレンタルダンススタジオおすすめ,エリア,S,スタジオピアーチェ池袋店,東京都豊島区池袋本町1-7-1　池袋本町ビル地下１階,https://dance-studio-lab.com/room/YjA4YWEyZDUtYmFmZS00NDQ3LWJjOWYtMzU2MDlmMDc1MTJi/detail,1,池袋,池袋,北池袋駅,北池袋駅|下板橋駅|池袋駅|板橋駅|新板橋駅|東池袋駅|要町駅|向原駅|庚申塚駅|大塚駅,439.0,,,,primary_area=池袋,50,+30(dslurl)|+20(rental=1),0,1
池袋のレンタルダンススタジオおすすめ,エリア,S,レンタルスタジオAivic池袋東口1号店,東京都豊島区東池袋3-11-9 三島ビル501,https://dance-studio-lab.com/room/ZTU1MDVkNDQtZjUzNi00MWRiLWFhMDctZTk3YTg1YjRjNDUx/detail,1,池袋,池袋,向原駅,向原駅|東池袋駅|東池袋四丁目駅|池袋駅|大塚駅|都電雑司ヶ谷駅|北池袋駅|新大塚駅|庚申塚駅|雑司が谷駅,618.0,,,,primary_area=池袋,80,+30(dslurl)|+20(rental=1)|+30(レンタルスタジオ),0,1
池袋のレンタルダンススタジオおすすめ,エリア,S,Dubway レンタルスタジオ大塚,東京都豊島区北大塚2-10-5 BMAビル　B1,https://dance-studio-lab.com/room/ODA1MWRkOGQtODA5Yi00NTRlLWIyNzktZmMyNWFkMTc3ZDY4/detail,1,池袋,池袋,大塚駅,大塚駅|向原駅|庚申塚駅|新庚申塚駅|新大塚駅|巣鴨駅|西巣鴨駅|東池袋四丁目駅|東池袋駅|北池袋駅,241.0,,,,primary_area=池袋,80,+30(dslurl)|+20(rental=1)|+30(レンタルスタジオ),0,1
池袋のレンタルダンススタジオおすすめ,エリア,S,レンタルスタジオAivic池袋西口 レンタルスタジオAivic池袋西口,東京都豊島区西池袋3-23-8 平井ビル7階,,0,池袋,池袋,池袋駅,池袋駅|要町駅|目白駅|東池袋駅|椎名町駅|都電雑司ヶ谷駅|雑司が谷駅|東池袋四丁目駅|北池袋駅|学習院下駅,353.0,,,,primary_area=池袋,50,+20(rental=1)|+30(レンタルスタジオ),0,1
池袋のレンタルダンススタジオおすすめ,エリア,S,レンタルスタジオAivic池袋東口2号店,東京都豊島区東池袋2-57-1 K/B東池袋Ⅱ 5F,https://dance-studio-lab.com/room/ZTVmNmYwZGYtZTExNy00YTlkLTk4MDktODhhMWE2ZTYyNmNj/detail,1,池袋,池袋,池袋駅,池袋駅|向原駅|東池袋駅|北池袋駅|東池袋四丁目駅|大塚駅|都電雑司ヶ谷駅|庚申塚駅|新大塚駅|板橋駅,749.0,,,,primary_area=池袋,80,+30(dslurl)|+20(rental=1)|+30(レンタルスタジオ),0,1
池袋のレンタルダンススタジオおすすめ,エリア,S,レンタルスタジオAivic大塚,東京都豊島区北大塚2-9-7 豊島電気会館B1,https://dance-studio-lab.com/room/MjU5YzI0ZTUtYzE1MC00ODhmLWI2Y2MtNTk5YTFmMWIwMzZi/detail,1,池袋,池袋,大塚駅,大塚駅|向原駅|庚申塚駅|新庚申塚駅|新大塚駅|西巣鴨駅|巣鴨駅|東池袋四丁目駅|東池袋駅|北池袋駅,274.0,,,,primary_area=池袋,80,+30(dslurl)|+20(rental=1)|+30(レンタルスタジオ),0,1
渋谷のレンタルダンススタジオおすすめ,エリア,S,BUZZ レンタルスタジオ 代々木店,〒151-0053 東京都渋谷区代々木１丁目３６-１ ミユキビル B1F,,0,渋谷,渋谷|恵比寿|代官山|原宿,代々木駅,代々木駅|新宿駅,148.0,,,,primary_area=渋谷,50,+20(rental=1)|+30(レンタルスタジオ),0,1
渋谷のレンタルダンススタジオおすすめ,エリア,S,A la neigeバレエ,〒150-0043 東京都渋谷区道玄坂１丁目１９-１１ 寿道玄坂ビル B１,,0,渋谷,渋谷|恵比寿|代官山|原宿,渋谷駅,渋谷駅,529.0,,,,primary_area=渋谷,20,+20(rental=1),0,1
渋谷のレンタルダンススタジオおすすめ,エリア,S,すむぞう 代々木スタジオ,〒151-0053 東京都渋谷区代々木１丁目４５-７ C's YOYOGI 4F,,0,渋谷,渋谷|恵比寿|代官山|原宿,代々木駅,代々木駅|新宿駅,392.0,,,,primary_area=渋谷,20,+20(rental=1),0,1
渋谷のレンタルダンススタジオおすすめ,エリア,S,DL Studio,〒151-0053 東京都渋谷区代々木１丁目４５-４ 地下2階 代々木山陽ビル,,0,渋谷,渋谷|恵比寿|代官山|原宿,代々木駅,代々木駅|新宿駅,356.0,,,,primary_area=渋谷,20,+20(rental=1),0,1
渋谷のレンタルダンススタジオおすすめ,エリア,S,studio SLASH,〒151-0064 東京都渋谷区上原１丁目２１-１０ B1,,0,渋谷,渋谷|恵比寿|代官山|原宿,代々木上原駅,代々木上原駅|代々木八幡駅|代々木公園駅|東北沢駅|駒場東大前駅|幡ヶ谷駅|池ノ上駅|初台駅|笹塚駅|参宮橋駅,264.0,,,,primary_area=渋谷,20,+20(rental=1),0,1
渋谷のレンタルダンススタジオおすすめ,エリア,S,原宿ダンススタジオ SHIN RENTAL STUDIO,〒151-0051 東京都渋谷区千駄ケ谷３丁目６０-４ 地下1階,,0,渋谷,渋谷|恵比寿|代官山|原宿,原宿駅,原宿駅|代々木駅|表参道駅,479.0,,,,primary_area=渋谷,70,+20(rental=1)|+30(レンタルスタジオ)|+20(web),0,1
渋谷のレンタルダンススタジオおすすめ,エリア,S,渋谷店 レンタルダンススタジオ ＲＯＯＴＳ,〒150-0011 東京都渋谷区東１丁目２４-８ トキワマツ72ビル A号,,0,渋谷,渋谷|恵比寿|代官山|原宿,渋谷駅,渋谷駅|恵比寿駅,681.0,,,,primary_area=渋谷,60,+20(rental=1)|+40(レンタルダンス),0,1
渋谷のレンタルダンススタジオおすすめ,エリア,S,Beat Box Dance Studio,〒151-0053 東京都渋谷区代々木１丁目４２-２,,0,渋谷,渋谷|恵比寿|代官山|原宿,代々木駅,代々木駅|新宿駅,232.0,,,,primary_area=渋谷,45,+20(rental=1)|+25(ダンススタジオ),0,1
渋谷のレンタルダンススタジオおすすめ,エリア,S,ARTIST DANCE STUDIO,〒150-0036 東京都渋谷区南平台町１-９ 南平台宝来ビル B1,,0,渋谷,渋谷|恵比寿|代官山|原宿,渋谷駅,渋谷駅,499.0,,,,primary_area=渋谷,45,+20(rental=1)|+25(ダンススタジオ),0,1
渋谷のレンタルダンススタジオおすすめ,エリア,S,BUZZ SHIBUYA店,〒150-0042 東京都渋谷区宇田川町４-１０ 宇田川町ビル B1～3F,,0,渋谷,渋谷|恵比寿|代官山|原宿,渋谷駅,渋谷駅|原宿駅,624.0,,,,primary_area=渋谷,20,+20(rental=1),0,1
渋谷のレンタルダンススタジオおすすめ,エリア,S,Cadena Flamenca,〒151-0053 東京都渋谷区代々木１丁目４２-２,,0,渋谷,渋谷|恵比寿|代官山|原宿,代々木駅,代々木駅|新宿駅,246.0,,,,primary_area=渋谷,20,+20(rental=1),0,1
渋谷のレンタルダンススタジオおすすめ,エリア,S,CARDIO BARRE SHIBUYA (カーディオ・バー 渋谷店),〒150-0002 東京都渋谷区渋谷１丁目１４-１１ BCサロン 地下１階,,0,渋谷,渋谷|恵比寿|代官山|原宿,渋谷駅,渋谷駅|表参道駅|原宿駅,222.0,,,,primary_area=渋谷,20,+20(rental=1),0,1
渋谷のレンタルダンススタジオおすすめ,エリア,S,Casa Mia Studio カザミアスタジオ ダンス,〒151-0064 東京都渋谷区上原１丁目２２-３ B1F むさしビル,,0,渋谷,渋谷|恵比寿|代官山|原宿,代々木上原駅,代々木上原駅|代々木八幡駅|代々木公園駅|東北沢駅|幡ヶ谷駅|駒場東大前駅|池ノ上駅|初台駅|笹塚駅|参宮橋駅,237.0,,,,primary_area=渋谷,20,+20(rental=1),0,1
渋谷のレンタルダンススタジオおすすめ,エリア,S,BUZZ レンタルスタジオ 渋谷東口SQUARE店,〒150-0002 東京都渋谷区渋谷２丁目２２-８ 名取ビル 1F,,0,渋谷,渋谷|恵比寿|代官山|原宿,渋谷駅,渋谷駅|表参道駅,177.0,,,,primary_area=渋谷,50,+20(rental=1)|+30(レンタルスタジオ),0,1
渋谷のレンタルダンススタジオおすすめ,エリア,S,ダンスルームAA,〒151-0063 東京都渋谷区富ケ谷２丁目９-１３ ワイズファースト B1F,,0,渋谷,渋谷|恵比寿|代官山|原宿,代々木八幡駅,代々木八幡駅|代々木公園駅|駒場東大前駅|代々木上原駅|神泉駅|東北沢駅|池ノ上駅|渋谷駅|原宿駅|池尻大橋駅,576.0,,,,primary_area=渋谷,20,+20(rental=1),0,1
渋谷のレンタルダンススタジオおすすめ,エリア,S,"in the house / Shibuya ""Gallery""",〒150-0001 東京都渋谷区神宮前６丁目２３-１２,,0,渋谷,渋谷|恵比寿|代官山|原宿,原宿駅,原宿駅|渋谷駅|表参道駅,573.0,,,,primary_area=渋谷,20,+20(rental=1),0,1
渋谷のレンタルダンススタジオおすすめ,エリア,S,BUZZ レンタルスタジオ 渋谷PARK店,〒150-0042 東京都渋谷区宇田川町１９-５,https://dance-studio-lab.com/room/YmNlM2RmNGMtNGI0Mi00ZTg4LTk4OTYtNjY4NWRiM2JmNzhm/detail,1,渋谷,渋谷|恵比寿|代官山|原宿,渋谷駅,渋谷駅|原宿駅,448.0,,,,primary_area=渋谷,80,+30(dslurl)|+20(rental=1)|+30(レンタルスタジオ),0,1
渋谷のレンタルダンススタジオおすすめ,エリア,S,『bco』 Private lesson/salon,〒150-0001 東京都渋谷区神宮前１丁目２１-１５ 2F奥 ナポレ原宿,,0,渋谷,渋谷|恵比寿|代官山|原宿,原宿駅,原宿駅|表参道駅|代々木駅,255.0,,,,primary_area=渋谷,20,+20(rental=1),0,1
渋谷のレンタルダンススタジオおすすめ,エリア,S,レンタルスタジオマイレッスン 渋谷店,〒150-0011 東京都渋谷区渋谷 東２-２０-１６ エストマニヴィア B1F,,0,渋谷,渋谷|恵比寿|代官山|原宿,恵比寿駅,恵比寿駅|渋谷駅,770.0,,,,primary_area=渋谷,50,+20(rental=1)|+30(レンタルスタジオ),0,1
渋谷のレンタルダンススタジオおすすめ,エリア,S,"in the house / Hatagaya ""Shack""",〒101 東京都渋谷区幡ケ谷２丁目８-１５ JP 151-0072 KODAビル B1F,,0,渋谷,渋谷|恵比寿|代官山|原宿,幡ヶ谷駅,幡ヶ谷駅|初台駅|笹塚駅|代々木上原駅|代々木八幡駅|東北沢駅|西新宿五丁目駅（清水橋）|参宮橋駅|代々木公園駅|中野新橋駅,85.0,,,,primary_area=渋谷,20,+20(rental=1),0,1
渋谷のレンタルダンススタジオおすすめ,エリア,S,DANCE WORKS,〒150-0032 東京都渋谷区鶯谷町７-１０ ＮＭＤビル 2F-6F,,0,渋谷,渋谷|恵比寿|代官山|原宿,渋谷駅,渋谷駅|恵比寿駅,447.0,,,,primary_area=渋谷,20,+20(rental=1),0,1
渋谷のレンタルダンススタジオおすすめ,エリア,S,JOINT STUDO Harajuku,〒150-0001 東京都渋谷区神宮前４丁目２９-９ Ondenビル B1,,0,渋谷,渋谷|恵比寿|代官山|原宿,原宿駅,原宿駅|表参道駅|外苑前駅,400.0,,,,primary_area=渋谷,20,+20(rental=1),0,1
渋谷のレンタルダンススタジオおすすめ,エリア,S,Ka Hula O Hawai?i,〒150-0013 東京都渋谷区恵比寿４丁目４-５ ?三伊藤ビル 3F,,0,渋谷,渋谷|恵比寿|代官山|原宿,恵比寿駅,恵比寿駅,204.0,,,,primary_area=渋谷,20,+20(rental=1),0,1
渋谷のレンタルダンススタジオおすすめ,エリア,S,Ｍ＆Ｓダンススタジオ,〒151-0051 東京都渋谷区千駄ケ谷５丁目１１-１３ 俳協ビル B1,,0,渋谷,渋谷|恵比寿|代官山|原宿,代々木駅,代々木駅|新宿駅,374.0,,,,primary_area=渋谷,45,+20(rental=1)|+25(ダンススタジオ),0,1
渋谷のレンタルダンススタジオおすすめ,エリア,S,NSH MAJOR RENTAL STUDIO,〒153-0051 東京都目黒区上目黒３丁目６-１８ TYビル9階 Tyビル,,0,中目黒,中目黒,中目黒駅,中目黒駅|代官山駅|祐天寺駅|恵比寿駅|池尻大橋駅|神泉駅|渋谷駅|学芸大学駅|目黒駅,205.0,,,,tag/station:渋谷,50,+20(rental=1)|+30(レンタルスタジオ),0,1
渋谷のレンタルダンススタジオおすすめ,エリア,S,STUDIO A1-04（レンタルスタジオ）,〒150-0021 東京都渋谷区恵比寿西１丁目１４-３ 満栄佐藤ビル 2階 202号室,,0,渋谷,渋谷|恵比寿|代官山|原宿,恵比寿駅,恵比寿駅,232.0,,,,primary_area=渋谷,50,+20(rental=1)|+30(レンタルスタジオ),0,1
渋谷のレンタルダンススタジオおすすめ,エリア,S,谷淑江スペイン舞踊スタジオ DANZARTE（ダンサルテ）,〒150-0013 東京都渋谷区恵比寿１丁目１６-28-2F ＴＫビル,,0,渋谷,渋谷|恵比寿|代官山|原宿,恵比寿駅,恵比寿駅,312.0,,,,primary_area=渋谷,20,+20(rental=1),0,1
渋谷のレンタルダンススタジオおすすめ,エリア,S,Brighton Studio Daikanyama,〒150-0032 東京都渋谷区鶯谷町１-２ PAL bldg 3F&RF,,0,渋谷,渋谷|恵比寿|代官山|原宿,渋谷駅,渋谷駅|恵比寿駅,569.0,,,,primary_area=渋谷,20,+20(rental=1),0,1
渋谷のレンタルダンススタジオおすすめ,エリア,S,TEDDY?S BALANCE,〒150-0034 東京都渋谷区代官山町１３-１ ログロード代官山 L３棟２F,,0,渋谷,渋谷|恵比寿|代官山|原宿,恵比寿駅,恵比寿駅|渋谷駅,621.0,,,,primary_area=渋谷,20,+20(rental=1),0,1
渋谷のレンタルダンススタジオおすすめ,エリア,S,Rei Dance Collection 駅前校,〒150-0002 東京都渋谷区渋谷３丁目２８-７ 青ビル B1F,,0,渋谷,渋谷|恵比寿|代官山|原宿,渋谷駅,渋谷駅|恵比寿駅,324.0,,,,primary_area=渋谷,20,+20(rental=1),0,1
渋谷のレンタルダンススタジオおすすめ,エリア,S,Rei Dance Collection 本校,〒150-0031 東京都渋谷区桜丘町２９-３５ パーソンズビル地下1階,,0,渋谷,渋谷|恵比寿|代官山|原宿,渋谷駅,渋谷駅,409.0,,,,primary_area=渋谷,20,+20(rental=1),0,1
渋谷のレンタルダンススタジオおすすめ,エリア,S,STUDIO COCORO（スタジオココロ）- 新宿代々木のレンタルスペース&ダンススタジオ - 数々のイベントやメディアに出演,〒151-0053 東京都渋谷区代々木３丁目９-１１,,0,渋谷,渋谷|恵比寿|代官山|原宿,代々木駅,代々木駅|新宿駅,551.0,,,,primary_area=渋谷,45,+20(rental=1)|+25(ダンススタジオ),0,1
渋谷のレンタルダンススタジオおすすめ,エリア,S,Studio H,〒150-0013 東京都渋谷区恵比寿２丁目１７-２２,,0,渋谷,渋谷|恵比寿|代官山|原宿,恵比寿駅,恵比寿駅,791.0,,,,primary_area=渋谷,20,+20(rental=1),0,1
渋谷のレンタルダンススタジオおすすめ,エリア,S,STUDIO LIKEMAD,〒150-0042 東京都渋谷区宇田川町１１-２ 宇田川柳光ビル B1,,0,渋谷,渋谷|恵比寿|代官山|原宿,渋谷駅,渋谷駅|原宿駅,620.0,,,,primary_area=渋谷,20,+20(rental=1),0,1
渋谷のレンタルダンススタジオおすすめ,エリア,S,studio worcle shibuya,〒150-0031 東京都渋谷区桜丘町１４-１０ 地下１階,,0,渋谷,渋谷|恵比寿|代官山|原宿,渋谷駅,渋谷駅,259.0,,,,primary_area=渋谷,20,+20(rental=1),0,1
渋谷のレンタルダンススタジオおすすめ,エリア,S,studio worcle yoyogi,〒151-0053 東京都渋谷区代々木１丁目３６-１２ 2F,,0,渋谷,渋谷|恵比寿|代官山|原宿,代々木駅,代々木駅|新宿駅,141.0,,,,primary_area=渋谷,20,+20(rental=1),0,1
渋谷のレンタルダンススタジオおすすめ,エリア,S,渋谷のレンタルスタジオ ユニアス,〒150-0043 東京都渋谷区道玄坂１丁目７-１０ リードシー渋谷道玄坂 B1F 新大宗渋谷,,0,渋谷,渋谷|恵比寿|代官山|原宿,渋谷駅,渋谷駅,213.0,,,,primary_area=渋谷,50,+20(rental=1)|+30(レンタルスタジオ),0,1
渋谷のレンタルダンススタジオおすすめ,エリア,S,FLASHスタジオ,〒150-0002 東京都渋谷区渋谷１丁目１０-２ グローリア宮益坂III 東館 3F,,0,渋谷,渋谷|恵比寿|代官山|原宿,渋谷駅,渋谷駅|表参道駅|原宿駅,428.0,,,,primary_area=渋谷,20,+20(rental=1),0,1
渋谷のレンタルダンススタジオおすすめ,エリア,S,THビル貸し会議室 レンタルスタジオ,〒151-0053 東京都渋谷区代々木２丁目４-１ Thビル,https://dance-studio-lab.com/room/ZGYxYjYyNDgtMDEzOC00MjZhLTgyZDctODZlMDViYTQ0NDgy/detail,1,渋谷,渋谷|恵比寿|代官山|原宿,新宿駅,新宿駅|代々木駅|西武新宿駅,451.0,,,,primary_area=渋谷,80,+30(dslurl)|+20(rental=1)|+30(レンタルスタジオ),0,1
渋谷のレンタルダンススタジオおすすめ,エリア,S,ＴＨ会場,〒151-0053 東京都渋谷区代々木２丁目４-１,,0,渋谷,渋谷|恵比寿|代官山|原宿,新宿駅,新宿駅|代々木駅|西武新宿駅,451.0,,,,primary_area=渋谷,20,+20(rental=1),0,1
渋谷のレンタルダンススタジオおすすめ,エリア,S,すむぞうスタジオ 渋谷公園通りスタジオPINK&BLUE(ピンクアンドブルー),〒150-0042 東京都渋谷区宇田川町１９-５ 山手マンション 604,,0,渋谷,渋谷|恵比寿|代官山|原宿,渋谷駅,渋谷駅|原宿駅,426.0,,,,primary_area=渋谷,20,+20(rental=1),0,1
渋谷のレンタルダンススタジオおすすめ,エリア,S,BUZZ渋谷MARKCITY,〒150-0043 東京都渋谷区道玄坂１丁目１７ 9BUZZビル,https://dance-studio-lab.com/room/MTJmOWU1NGQtYmViZC00YWEzLWI5Y2ItNGFhYzU3YTAyZTBk/detail,1,渋谷,渋谷|恵比寿|代官山|原宿,渋谷駅,渋谷駅,437.0,,,,primary_area=渋谷,50,+30(dslurl)|+20(rental=1),0,1
渋谷のレンタルダンススタジオおすすめ,エリア,S,キャナリー,〒150-0002 東京都渋谷区渋谷１丁目４-６,,0,渋谷,渋谷|恵比寿|代官山|原宿,渋谷駅,渋谷駅|表参道駅|原宿駅,509.0,,,,primary_area=渋谷,20,+20(rental=1),0,1
渋谷のレンタルダンススタジオおすすめ,エリア,S,サラ・プランタ,〒150-0013 東京都渋谷区恵比寿１丁目１６?番28号 2-4階 Tkビル,,0,渋谷,渋谷|恵比寿|代官山|原宿,恵比寿駅,恵比寿駅,311.0,,,,primary_area=渋谷,20,+20(rental=1),0,1
渋谷のレンタルダンススタジオおすすめ,エリア,S,スタジオ アッコルタ,〒150-0013 東京都渋谷区恵比寿２丁目６-２９ ACCOLTATS B1F,,0,渋谷,渋谷|恵比寿|代官山|原宿,恵比寿駅,恵比寿駅,658.0,,,,primary_area=渋谷,20,+20(rental=1),0,1
渋谷のレンタルダンススタジオおすすめ,エリア,S,スタジオタップ７２,〒150-0002 東京都渋谷区渋谷１丁目９-5 B2F ナスタックビル,,0,渋谷,渋谷|恵比寿|代官山|原宿,渋谷駅,渋谷駅|表参道駅|原宿駅,371.0,,,,primary_area=渋谷,20,+20(rental=1),0,1
渋谷のレンタルダンススタジオおすすめ,エリア,S,すむぞうスタジオ,〒150-0041 東京都渋谷区神南１丁目１１-５ ダイネス壱番館渋谷 B1,,0,渋谷,渋谷|恵比寿|代官山|原宿,渋谷駅,渋谷駅|原宿駅|表参道駅,503.0,,,,primary_area=渋谷,20,+20(rental=1),0,1
渋谷のレンタルダンススタジオおすすめ,エリア,S,タヒチアンダンススタジオ ライマーラマ表参道,〒150-0001 東京都渋谷区神宮前５丁目１３-１４,,0,渋谷,渋谷|恵比寿|代官山|原宿,表参道駅,表参道駅|原宿駅|渋谷駅,493.0,,,,primary_area=渋谷,45,+20(rental=1)|+25(ダンススタジオ),0,1
渋谷のレンタルダンススタジオおすすめ,エリア,S,ダンススタジオ石井,〒151-0051 東京都渋谷区千駄ケ谷５丁目４-７,,0,渋谷,渋谷|恵比寿|代官山|原宿,代々木駅,代々木駅|新宿駅,480.0,,,,primary_area=渋谷,45,+20(rental=1)|+25(ダンススタジオ),0,1
渋谷のレンタルダンススタジオおすすめ,エリア,S,チェリッシュスタジオ3号館／10号館,〒150-0045 東京都渋谷区神泉町２０-２５ 神泉ＱＳビル 4階／7階,https://dance-studio-lab.com/room/ODU0ZjgzZjAtNDc3OS00N2YwLTkxZWEtNTNiMTc2MDE4NGRl/detail,1,渋谷,渋谷|恵比寿|代官山|原宿,渋谷駅,渋谷駅|池尻大橋駅,932.0,,,,primary_area=渋谷,50,+30(dslurl)|+20(rental=1),0,1
渋谷のレンタルダンススタジオおすすめ,エリア,S,ティーアイエス（株）,〒150-0021 東京都渋谷区恵比寿西１丁目３０-１４ エコー代官山,,0,渋谷,渋谷|恵比寿|代官山|原宿,恵比寿駅,恵比寿駅|渋谷駅,428.0,,,,primary_area=渋谷,20,+20(rental=1),0,1
渋谷のレンタルダンススタジオおすすめ,エリア,S,ドリーム・パフェ・スタジオ,〒150-0012 東京都渋谷区広尾５丁目１１-１１ 福地ビル,,0,渋谷,渋谷|恵比寿|代官山|原宿,恵比寿駅,恵比寿駅,1096.0,,,,primary_area=渋谷,20,+20(rental=1),0,1
渋谷のレンタルダンススタジオおすすめ,エリア,S,ナプア アラ オナオナ 恵比寿校,〒150-0013 東京都渋谷区恵比寿１丁目１-６ エビスオークビル1-2F,,0,渋谷,渋谷|恵比寿|代官山|原宿,恵比寿駅,恵比寿駅,186.0,,,,primary_area=渋谷,20,+20(rental=1),0,1
渋谷のレンタルダンススタジオおすすめ,エリア,S,ノアスタジオ代々木店,〒151-0051 東京都渋谷区千駄ケ谷４丁目２４-１９,,0,渋谷,渋谷|恵比寿|代官山|原宿,代々木駅,代々木駅,452.0,,,,primary_area=渋谷,20,+20(rental=1),0,1
渋谷のレンタルダンススタジオおすすめ,エリア,S,ハレスタジオ参宮橋,〒151-0053 東京都渋谷区代々木４丁目２８-８ 代々木村田マンション 509,,0,渋谷,渋谷|恵比寿|代官山|原宿,代々木駅,代々木駅,1031.0,,,,primary_area=渋谷,20,+20(rental=1),0,1
渋谷のレンタルダンススタジオおすすめ,エリア,S,ピアノスタジオノア 恵比寿店,〒150-0013 東京都渋谷区恵比寿４丁目４-１２,,0,渋谷,渋谷|恵比寿|代官山|原宿,恵比寿駅,恵比寿駅,206.0,,,,primary_area=渋谷,20,+20(rental=1),0,1
渋谷のレンタルダンススタジオおすすめ,エリア,S,プレジャーガレージ,〒150-0031 東京都渋谷区桜丘町２４-３,,0,渋谷,渋谷|恵比寿|代官山|原宿,渋谷駅,渋谷駅,167.0,,,,primary_area=渋谷,20,+20(rental=1),0,1
渋谷のレンタルダンススタジオおすすめ,エリア,S,レンタルスタジオ,〒150-0013 東京都渋谷区恵比寿３丁目９-１５ 4階,,0,渋谷,渋谷|恵比寿|代官山|原宿,恵比寿駅,恵比寿駅|目黒駅,654.0,,,,primary_area=渋谷,70,+20(rental=1)|+30(レンタルスタジオ)|+20(web),0,1
渋谷のレンタルダンススタジオおすすめ,エリア,S,レンタルスタジオ HIKARI 渋谷,〒150-0043 東京都渋谷区道玄坂２丁目２０-２６ エクシール道玄坂 104号室 藤和,,0,渋谷,渋谷|恵比寿|代官山|原宿,渋谷駅,渋谷駅,461.0,,,,primary_area=渋谷,50,+20(rental=1)|+30(レンタルスタジオ),0,1
渋谷のレンタルダンススタジオおすすめ,エリア,S,ワーサルレンタルスタジオ（Aスタジオ）,〒151-0073 東京都渋谷区笹塚２丁目２５-２ グランド・ガーラ笹塚 B1,,0,渋谷,渋谷|恵比寿|代官山|原宿,笹塚駅,笹塚駅|代田橋駅|方南町駅|新代田駅|明大前駅|東北沢駅|幡ヶ谷駅|下北沢駅|東松原駅|代々木上原駅,386.0,,,,primary_area=渋谷,70,+20(rental=1)|+30(レンタルスタジオ)|+20(web),0,1
渋谷のレンタルダンススタジオおすすめ,エリア,S,外苑前アイランドスタジオ,〒150-0001 東京都渋谷区神宮前３丁目１-２５ 神宮前Ikビル 2階,,0,渋谷,渋谷|恵比寿|代官山|原宿,外苑前駅,外苑前駅|表参道駅|青山一丁目駅,322.0,,,,primary_area=渋谷,20,+20(rental=1),0,1
渋谷のレンタルダンススタジオおすすめ,エリア,S,宮益坂十間スタジオ,〒150-0002 東京都渋谷区渋谷１丁目１０-７ Ⅲ B1 (受付・Bスタジオ)、北館5F(Aスタジオ 宮益坂Stビル,,0,渋谷,渋谷|恵比寿|代官山|原宿,渋谷駅,渋谷駅|表参道駅|原宿駅,406.0,,,,primary_area=渋谷,20,+20(rental=1),0,1
渋谷のレンタルダンススタジオおすすめ,エリア,S,恵比寿ガーデンプレイス,〒150-0013 東京都渋谷区恵比寿４丁目２０,,0,渋谷,渋谷|恵比寿|代官山|原宿,恵比寿駅,恵比寿駅|目黒駅,576.0,,,,primary_area=渋谷,20,+20(rental=1),0,1
渋谷のレンタルダンススタジオおすすめ,エリア,S,恵比寿ガーデンプレイスタワー,〒150-6003 東京都渋谷区恵比寿４丁目２０-３,,0,渋谷,渋谷|恵比寿|代官山|原宿,恵比寿駅,恵比寿駅|目黒駅,583.0,,,,primary_area=渋谷,20,+20(rental=1),0,1
渋谷のレンタルダンススタジオおすすめ,エリア,S,恵比寿ヒルサイドスタジオ,〒150-0022 東京都渋谷区恵比寿南２丁目２１-８ 恵比寿ファインヒル B１,,0,渋谷,渋谷|恵比寿|代官山|原宿,恵比寿駅,恵比寿駅|目黒駅,453.0,,,,primary_area=渋谷,20,+20(rental=1),0,1
渋谷のレンタルダンススタジオおすすめ,エリア,S,原宿MOA,〒151-0051 東京都渋谷区千駄ケ谷３丁目５１-６ 原宿ＭＯＡ ビルM1F,,0,渋谷,渋谷|恵比寿|代官山|原宿,原宿駅,原宿駅|代々木駅|外苑前駅,626.0,,,,primary_area=渋谷,20,+20(rental=1),0,1
渋谷のレンタルダンススタジオおすすめ,エリア,S,渋谷 EYE CANDY,〒150-0011 東京都渋谷区東１丁目２４-８ トキワマツ72ビル A号,,0,渋谷,渋谷|恵比寿|代官山|原宿,渋谷駅,渋谷駅|恵比寿駅,679.0,,,,primary_area=渋谷,20,+20(rental=1),0,1
渋谷のレンタルダンススタジオおすすめ,エリア,S,渋谷 レンタルスタジオ スタジオミッション studio mission,〒150-0043 東京都渋谷区道玄坂２丁目２８-５ 2-10F 渋谷道玄坂ビル 秀永,,0,渋谷,渋谷|恵比寿|代官山|原宿,渋谷駅,渋谷駅,403.0,,,,primary_area=渋谷,50,+20(rental=1)|+30(レンタルスタジオ),0,1
渋谷のレンタルダンススタジオおすすめ,エリア,S,渋谷・代官山・バレエ,〒150-0034 東京都渋谷区代官山町７-５ ブリルビル,,0,渋谷,渋谷|恵比寿|代官山|原宿,恵比寿駅,恵比寿駅|渋谷駅,665.0,,,,primary_area=渋谷,20,+20(rental=1),0,1
渋谷のレンタルダンススタジオおすすめ,エリア,S,渋谷RIZEスタジオ,〒150-0041 東京都渋谷区神南１丁目１３-４ Idoビル 2階A号室,,0,渋谷,渋谷|恵比寿|代官山|原宿,渋谷駅,渋谷駅|原宿駅|表参道駅,582.0,,,,primary_area=渋谷,20,+20(rental=1),0,1
渋谷のレンタルダンススタジオおすすめ,エリア,S,渋谷笹塚スタジオ,〒151-0073 東京都渋谷区笹塚１丁目５８-６ マルシンビル6F,,0,渋谷,渋谷|恵比寿|代官山|原宿,笹塚駅,笹塚駅|代田橋駅|幡ヶ谷駅|東北沢駅|方南町駅|新代田駅|代々木上原駅|下北沢駅|明大前駅|東松原駅,126.0,,,,primary_area=渋谷,20,+20(rental=1),0,1
渋谷のレンタルダンススタジオおすすめ,エリア,S,西島ダンスアカデミィＫ２,〒150-0022 東京都渋谷区恵比寿南３ １－３－６ ＣＩビル３Ｆ,,0,渋谷,渋谷|恵比寿|代官山|原宿,恵比寿駅,恵比寿駅,215.0,,,,primary_area=渋谷,20,+20(rental=1),0,1
渋谷のレンタルダンススタジオおすすめ,エリア,S,中目黒 すわ山 レンタルスタジオ,〒153-0051 東京都目黒区上目黒２丁目４７-１ 司ビル 2F-B,,0,中目黒,中目黒,中目黒駅,中目黒駅|祐天寺駅|代官山駅|池尻大橋駅|恵比寿駅|学芸大学駅|神泉駅|渋谷駅,412.0,,,,tag/station:渋谷,50,+20(rental=1)|+30(レンタルスタジオ),0,1
渋谷のレンタルダンススタジオおすすめ,エリア,S,表参道レンタルスタジオ スタジオ ティノラス,〒107-0062 東京都港区南青山５丁目１３-９,,0,六本木,六本木|赤坂|麻布|新橋,表参道駅,表参道駅|外苑前駅|渋谷駅,491.0,,,,tag/station:渋谷,50,+20(rental=1)|+30(レンタルスタジオ),0,1
渋谷のレンタルダンススタジオおすすめ,エリア,S,BUZZ渋谷TOWER,東京都渋谷区東2-27-9],https://dance-studio-lab.com/room/YWZmOTdhZGMtMjk1MC00ODljLWE2YWUtMDRjMGM5NTIxZTg2/detail,1,渋谷,渋谷|恵比寿|代官山|原宿,渋谷駅,渋谷駅,437.0,,,,primary_area=渋谷,50,+30(dslurl)|+20(rental=1),0,1
渋谷のレンタルダンススタジオおすすめ,エリア,S,チェリッシュスタジオ1号館/6号館,東京都渋谷区円山町20-1 新大宗円山ビル別館3階,https://dance-studio-lab.com/room/Njc0MjgwMDUtMzBjZS00ZmU5LWFkNzgtYTE3Y2U5NDMyYmU0/detail,1,渋谷,渋谷,神泉駅,神泉駅|渋谷駅|駒場東大前駅|池尻大橋駅|代官山駅|中目黒駅|代々木公園駅|代々木八幡駅|明治神宮前〈原宿〉駅|原宿駅,170.0,,,,primary_area=渋谷,50,+30(dslurl)|+20(rental=1),0,1
渋谷のレンタルダンススタジオおすすめ,エリア,S,Hina STUDIO（ヒナスタジオ）【目黒スタジオ】,東京都渋谷区神宮前6-23-11 パークサイドハイツ303,,0,渋谷,渋谷,明治神宮前〈原宿〉駅,明治神宮前〈原宿〉駅|原宿駅|渋谷駅|表参道駅|神泉駅|代々木公園駅|代々木八幡駅|北参道駅|外苑前駅|参宮橋駅,488.0,,,,primary_area=渋谷,20,+20(rental=1),0,1
渋谷のレンタルダンススタジオおすすめ,エリア,S,チェリッシュスタジオ7号館,東京都渋谷区桜丘町29-17 さくらマンション205,https://dance-studio-lab.com/room/MjQ5NGIyOTEtZTVmOS00MzZkLWIzNGYtYTFkMmVhOWZiYTE5/detail,1,渋谷,渋谷,渋谷駅,渋谷駅|神泉駅|代官山駅|中目黒駅|恵比寿駅|池尻大橋駅|駒場東大前駅|表参道駅|明治神宮前〈原宿〉駅|原宿駅,515.0,,,,primary_area=渋谷,50,+30(dslurl)|+20(rental=1),0,1
渋谷のレンタルダンススタジオおすすめ,エリア,S,チェリッシュスタジオ4号館/8号館,東京都渋谷区桜丘町29-17 さくらマンション205,https://dance-studio-lab.com/room/NmJiNDI1YTQtN2EwMi00ODFjLWE0OTMtMjUyYzk4ODY2NGY5/detail,1,渋谷,渋谷,渋谷駅,渋谷駅|神泉駅|代官山駅|中目黒駅|恵比寿駅|池尻大橋駅|駒場東大前駅|表参道駅|明治神宮前〈原宿〉駅|原宿駅,515.0,,,,primary_area=渋谷,50,+30(dslurl)|+20(rental=1),0,1
渋谷のレンタルダンススタジオおすすめ,エリア,S,ザ・スペース大久保南口,東京都渋谷区桜丘町29-17 さくらマンション205,https://dance-studio-lab.com/room/ZDRhYmIxMjgtNzhkMy00Yjk1LTk2MzItNTdiZWJmY2VkYWZk/detail,1,渋谷,渋谷,渋谷駅,渋谷駅|神泉駅|代官山駅|中目黒駅|恵比寿駅|池尻大橋駅|駒場東大前駅|表参道駅|明治神宮前〈原宿〉駅|原宿駅,515.0,,,,primary_area=渋谷,50,+30(dslurl)|+20(rental=1),0,1
渋谷のレンタルダンススタジオおすすめ,エリア,S,チェリッシュスタジオ5号館,東京都渋谷区道玄坂1-16-6 二葉ビル7D,https://dance-studio-lab.com/room/NTRjMDczNjgtY2EzMy00YjE4LWJlMjYtYmExOTZiYTBmZWZk/detail,1,渋谷,渋谷,渋谷駅,渋谷駅|神泉駅|代官山駅|駒場東大前駅|池尻大橋駅|中目黒駅|明治神宮前〈原宿〉駅|原宿駅|代々木公園駅|恵比寿駅,379.0,,,,primary_area=渋谷,50,+30(dslurl)|+20(rental=1),0,1
渋谷のレンタルダンススタジオおすすめ,エリア,S,チェリッシュスタジオ11号館/12号館/13号館/14号館,東京都港区西麻布-2-21-22 WEST麻布2791ビル2階,https://dance-studio-lab.com/room/ZmMxMTg1ZGQtMjUyZS00NjZlLWE3YzMtZjllNWM1N2JhNTdj/detail,1,六本木,六本木,表参道駅,表参道駅|乃木坂駅|外苑前駅|広尾駅|六本木駅|青山一丁目駅|麻布十番駅|明治神宮前〈原宿〉駅|渋谷駅|六本木一丁目駅,809.0,,,,tag/station:渋谷,50,+30(dslurl)|+20(rental=1),0,1
渋谷のレンタルダンススタジオおすすめ,エリア,S,レンタルスタジオAivic渋谷道玄坂,東京都渋谷区円山町23-10 渋谷ATビル201,https://dance-studio-lab.com/room/NWE2MDljYmItN2I0ZC00ZjIzLWI3MGEtMmZiNmEzNWJjOWI4/detail,1,渋谷,渋谷,神泉駅,神泉駅|渋谷駅|駒場東大前駅|池尻大橋駅|代官山駅|代々木公園駅|中目黒駅|代々木八幡駅|明治神宮前〈原宿〉駅|原宿駅,78.0,,,,primary_area=渋谷,80,+30(dslurl)|+20(rental=1)|+30(レンタルスタジオ),0,1
渋谷のレンタルダンススタジオおすすめ,エリア,S,BEATs レンタルスタジオ ビーツ,東京都渋谷区代々木1-42-2 藤ビル2階,https://dance-studio-lab.com/room/ZWU0MDNlZTUtMDE1Zi00NDcyLWFjZjgtZTAzNzUzZTAwMzNj/detail,1,渋谷,渋谷,代々木駅,代々木駅|参宮橋駅|北参道駅|新宿駅|新宿三丁目駅|都庁前駅|千駄ケ谷駅|新宿西口駅|初台駅|新宿御苑前駅,259.0,,,,primary_area=渋谷,80,+30(dslurl)|+20(rental=1)|+30(レンタルスタジオ),0,1
渋谷のレンタルダンススタジオおすすめ,エリア,S,チェリッシュスタジオ9号館,東京都渋谷区鶯谷町15-7 ライブリーYSビル6階,https://dance-studio-lab.com/room/NGU3OTQ4YzEtMzA3OS00NDc3LThjODQtYWFkMmUzMTE4ZmFm/detail,1,渋谷,渋谷,渋谷駅,渋谷駅|神泉駅|代官山駅|中目黒駅|恵比寿駅|池尻大橋駅|駒場東大前駅|表参道駅|明治神宮前〈原宿〉駅|原宿駅,423.0,,,,primary_area=渋谷,50,+30(dslurl)|+20(rental=1),0,1
渋谷のレンタルダンススタジオおすすめ,エリア,S,レンタルスタジオAivic恵比寿,東京都渋谷区恵比寿西1-14-3 満栄佐藤ビル202,https://dance-studio-lab.com/room/MzMyZDY5NzktNDEzOS00MzAyLWJjNzEtMjZiMjNiNzUwNGMy/detail,1,渋谷,渋谷,恵比寿駅,恵比寿駅|代官山駅|中目黒駅|渋谷駅|広尾駅|神泉駅|目黒駅|祐天寺駅|表参道駅|白金台駅,233.0,,,,primary_area=渋谷,80,+30(dslurl)|+20(rental=1)|+30(レンタルスタジオ),0,1
渋谷のレンタルダンススタジオおすすめ,エリア,S,レンタルスタジオAivic恵比寿2号店,東京都渋谷区恵比寿2-16-16 レクシード恵比寿（旧flegエビスW）111,https://dance-studio-lab.com/room/MjM0NzMxMTAtOGQzOS00MDFkLThmMGEtNTgzM2MzMjVjMzlh/detail,1,渋谷,渋谷,広尾駅,広尾駅|恵比寿駅|白金台駅|代官山駅|目黒駅|白金高輪駅|中目黒駅|麻布十番駅|渋谷駅,628.0,,,,primary_area=渋谷,80,+30(dslurl)|+20(rental=1)|+30(レンタルスタジオ),0,1
渋谷のレンタルダンススタジオおすすめ,エリア,S,Studio-Bio,東京都渋谷区千駄ヶ谷3−41−12　シャトル千駄ヶ谷B1(地下),https://dance-studio-lab.com/room/MTI3NDc3MzgtMTBhMy00NGY2LWE3MGQtZmM5YzdiYjVmNzM2/detail,1,渋谷,渋谷,北参道駅,北参道駅|千駄ケ谷駅|代々木駅|国立競技場駅|原宿駅|明治神宮前〈原宿〉駅|参宮橋駅|新宿御苑前駅|新宿駅|信濃町駅,48.0,,,,primary_area=渋谷,50,+30(dslurl)|+20(rental=1),0,1
秋葉原のレンタルダンススタジオおすすめ,エリア,S,㈱Tera-coya,〒101-0025 東京都千代田区神田佐久間町３丁目３１-３,,0,秋葉原,秋葉原,秋葉原駅,秋葉原駅,359.0,,,,primary_area=秋葉原,20,+20(rental=1),0,1
秋葉原のレンタルダンススタジオおすすめ,エリア,S,【レンタルスタジオ】SPICY CANDY【ボディメイク】,〒111-0053 東京都台東区浅草橋４丁目２-８ 伊藤ビル １F,,0,上野,上野|浅草|御徒町|蔵前,秋葉原駅,秋葉原駅|蔵前駅,730.0,,,,tag/station:秋葉原,50,+20(rental=1)|+30(レンタルスタジオ),0,1
秋葉原のレンタルダンススタジオおすすめ,エリア,S,ACEスタジオ馬喰町日本橋,〒103-0003 東京都中央区日本橋横山町７-１９ イチオクビル 地下１階 7-19第３５,,0,銀座,銀座|日本橋|八丁堀|月島,秋葉原駅,秋葉原駅,1042.0,,,,tag/station:秋葉原,20,+20(rental=1),0,1
秋葉原のレンタルダンススタジオおすすめ,エリア,S,alt studio (オルトスタジオ),〒101-0051 東京都千代田区神田神保町１丁目64-３ 神保町ビル 6F,,0,秋葉原,秋葉原,神保町駅,神保町駅|水道橋駅|御茶ノ水駅|新御茶ノ水駅|九段下駅|小川町駅|竹橋駅|本郷三丁目駅|春日駅|後楽園駅,327.0,,,,primary_area=秋葉原,20,+20(rental=1),0,1
秋葉原のレンタルダンススタジオおすすめ,エリア,S,ATHLETE Studio,〒101-0044 東京都千代田区鍛冶町１丁目８-１ SRビル 3F,,0,秋葉原,秋葉原,秋葉原駅,秋葉原駅|東京駅,900.0,,,,primary_area=秋葉原,20,+20(rental=1),0,1
秋葉原のレンタルダンススタジオおすすめ,エリア,S,Estudio ILIA FLAMENCA,〒101-0051 東京都千代田区神田神保町１丁目２５-４ 神保町ビル B1 SH神田南,,0,秋葉原,秋葉原,神保町駅,神保町駅|新御茶ノ水駅|竹橋駅|小川町駅|御茶ノ水駅|九段下駅|神田駅|水道橋駅|大手町駅|岩本町駅,281.0,,,,primary_area=秋葉原,20,+20(rental=1),0,1
秋葉原のレンタルダンススタジオおすすめ,エリア,S,EXスタジオ麹町,〒102-0083 東京都千代田区麹町２丁目２-４ 麹町セントラルビル 5階,,0,秋葉原,秋葉原,半蔵門駅,半蔵門駅|麹町駅|永田町駅|市ケ谷駅|赤坂見附駅|四ツ谷駅|国会議事堂前駅|溜池山王駅|赤坂駅|九段下駅,105.0,,,,primary_area=秋葉原,20,+20(rental=1),0,1
秋葉原のレンタルダンススタジオおすすめ,エリア,S,EyeCandyポールダンス秋葉原スタジオ,〒101-0021 東京都千代田区外神田２丁目１-１３,,0,秋葉原,秋葉原,秋葉原駅,秋葉原駅,544.0,,,,primary_area=秋葉原,20,+20(rental=1),0,1
秋葉原のレンタルダンススタジオおすすめ,エリア,S,FunnyTips（ファニーティップス）,〒101-0021 東京都千代田区外神田５丁目５-７ パンセ秋葉原 B1F,,0,秋葉原,秋葉原,秋葉原駅,秋葉原駅|上野駅,633.0,,,,primary_area=秋葉原,20,+20(rental=1),0,1
秋葉原のレンタルダンススタジオおすすめ,エリア,S,HMVP大手町スタジオ,〒101-0047 東京都千代田区内神田１丁目７-１１ B2F,,0,秋葉原,秋葉原,東京駅,東京駅|秋葉原駅,995.0,,,,primary_area=秋葉原,20,+20(rental=1),0,1
秋葉原のレンタルダンススタジオおすすめ,エリア,S,K'sLinkStudio御徒町,〒110-0005 東京都台東区上野３丁目１９-４ フロンティアサカイビル 1F,,0,上野,上野|浅草|御徒町|蔵前,秋葉原駅,秋葉原駅|上野駅,803.0,,,,tag/station:秋葉原,20,+20(rental=1),0,1
秋葉原のレンタルダンススタジオおすすめ,エリア,S,KBAバレエスタジオ御茶ノ水,〒113-0034 東京都文京区湯島１丁目１２-６ 地下1F 高関ビル,,0,後楽園,後楽園,秋葉原駅,秋葉原駅,763.0,,,,tag/station:秋葉原,20,+20(rental=1),0,1
秋葉原のレンタルダンススタジオおすすめ,エリア,S,KM Dance Arts,〒102-0076 東京都千代田区五番町５-１８ 地下1階,,0,秋葉原,秋葉原,市ケ谷駅,市ケ谷駅|麹町駅|四ツ谷駅|半蔵門駅|牛込神楽坂駅|曙橋駅|永田町駅|四谷三丁目駅|牛込柳町駅|赤坂見附駅,111.0,,,,primary_area=秋葉原,20,+20(rental=1),0,1
秋葉原のレンタルダンススタジオおすすめ,エリア,S,kokokara,〒102-0082 東京都千代田区一番町１３-１６ 一番町法眼坂ビル 1階,,0,秋葉原,秋葉原,半蔵門駅,半蔵門駅|麹町駅|市ケ谷駅|永田町駅|四ツ谷駅|赤坂見附駅|九段下駅|国会議事堂前駅|竹橋駅|牛込神楽坂駅,181.0,,,,primary_area=秋葉原,20,+20(rental=1),0,1
秋葉原のレンタルダンススタジオおすすめ,エリア,S,ライトハウス神田,〒103-0021 東京都中央区日本橋本石町４丁目５-８,,0,銀座,銀座|日本橋|八丁堀|月島,東京駅,東京駅|秋葉原駅,948.0,,,,tag/station:秋葉原,20,+20(rental=1),0,1
秋葉原のレンタルダンススタジオおすすめ,エリア,S,㈱インフォレント,〒111-0053 東京都台東区浅草橋５丁目３-２ 秋葉原スクエアビル,,0,上野,上野|浅草|御徒町|蔵前,秋葉原駅,秋葉原駅|蔵前駅,610.0,,,,tag/station:秋葉原,20,+20(rental=1),0,1
秋葉原のレンタルダンススタジオおすすめ,エリア,S,Rinky Dink Studio お茶の水 神保町店,〒101-0051 東京都千代田区 アイピー第1ビル 6F・7F・8F 神田神保町1-2-12,,0,秋葉原,秋葉原,神保町駅,神保町駅|新御茶ノ水駅|御茶ノ水駅|小川町駅|竹橋駅|九段下駅|水道橋駅|神田駅|大手町駅|岩本町駅,231.0,,,,primary_area=秋葉原,20,+20(rental=1),0,1
秋葉原のレンタルダンススタジオおすすめ,エリア,S,studio FANTO,〒101-0032 東京都千代田区岩本町３丁目１-９ NOVEL WORK Iwamotocho B1F,,0,秋葉原,秋葉原,秋葉原駅,秋葉原駅,478.0,,,,primary_area=秋葉原,20,+20(rental=1),0,1
秋葉原のレンタルダンススタジオおすすめ,エリア,S,レンタルスタジオ モエギ市ヶ谷 ヨガダンスストレッチサロン Moegi市ヶ谷,〒102-0073 東京都千代田区九段北４丁目１-１５ MT市ヶ谷 201,,0,秋葉原,秋葉原,市ケ谷駅,市ケ谷駅|半蔵門駅|麹町駅|牛込神楽坂駅|四ツ谷駅|九段下駅|飯田橋駅|神楽坂駅|牛込柳町駅|曙橋駅,363.0,,,,primary_area=秋葉原,50,+20(rental=1)|+30(レンタルスタジオ),0,1
秋葉原のレンタルダンススタジオおすすめ,エリア,S,スタジオ五軒町,〒101-0021 東京都千代田区外神田６丁目１６-１ 外神田フジハイツ 地下1階,,0,秋葉原,秋葉原,秋葉原駅,秋葉原駅|上野駅,714.0,,,,primary_area=秋葉原,20,+20(rental=1),0,1
秋葉原のレンタルダンススタジオおすすめ,エリア,S,ＴＲＢタップダンススタジオ,〒101-0032 東京都千代田区岩本町１丁目１-６,,0,秋葉原,秋葉原,秋葉原駅,秋葉原駅,828.0,,,,primary_area=秋葉原,45,+20(rental=1)|+25(ダンススタジオ),0,1
秋葉原のレンタルダンススタジオおすすめ,エリア,S,ミライスタジオ御茶ノ水,〒101-0062 東京都千代田区神田駿河台２丁目４-２,,0,秋葉原,秋葉原,秋葉原駅,秋葉原駅,962.0,,,,primary_area=秋葉原,20,+20(rental=1),0,1
秋葉原のレンタルダンススタジオおすすめ,エリア,S,BUZZ レンタルスタジオ 神田店,〒101-0047 東京都千代田区内神田２丁目９-９ 神田西口ビル B1F,https://dance-studio-lab.com/room/ODJkZDE5YzQtMTlhZS00NjNlLWJlZTQtNDA3NTU3MTQ5NDg5/detail,1,秋葉原,秋葉原,秋葉原駅,秋葉原駅|東京駅,989.0,,,,primary_area=秋葉原,80,+30(dslurl)|+20(rental=1)|+30(レンタルスタジオ),0,1
秋葉原のレンタルダンススタジオおすすめ,エリア,S,BUZZ レンタルスタジオ 秋葉原店,〒101-0032 東京都千代田区岩本町２丁目６-１２ 曙ビル B1,,0,秋葉原,秋葉原,秋葉原駅,秋葉原駅,606.0,,,,primary_area=秋葉原,50,+20(rental=1)|+30(レンタルスタジオ),0,1
秋葉原のレンタルダンススタジオおすすめ,エリア,S,バレエアーツ秋葉原,〒101-0021 東京都千代田区外神田３丁目４-７ 昌平童夢館,,0,秋葉原,秋葉原,秋葉原駅,秋葉原駅,480.0,,,,primary_area=秋葉原,20,+20(rental=1),0,1
秋葉原のレンタルダンススタジオおすすめ,エリア,S,レンタルスタジオ YOGA SPICE 神保町,〒101-0065 東京都千代田区西神田２丁目３-２ 牧ビル 402号室,,0,秋葉原,秋葉原,神保町駅,神保町駅|水道橋駅|九段下駅|御茶ノ水駅|竹橋駅|新御茶ノ水駅|飯田橋駅|小川町駅|本郷三丁目駅|春日駅,312.0,,,,primary_area=秋葉原,50,+20(rental=1)|+30(レンタルスタジオ),0,1
秋葉原のレンタルダンススタジオおすすめ,エリア,S,シャノワールレンタルスタジオ,〒110-0005 東京都台東区上野３丁目１４-５ ヴェルコ黒門ビル 地下1階,,0,上野,上野|浅草|御徒町|蔵前,秋葉原駅,秋葉原駅|上野駅,782.0,,,,tag/station:秋葉原,50,+20(rental=1)|+30(レンタルスタジオ),0,1
秋葉原のレンタルダンススタジオおすすめ,エリア,S,スタジオJBA,〒103-0011 東京都中央区日本橋大伝馬町１１-８ ＨＡＴビル B1F,,0,銀座,銀座|日本橋|八丁堀|月島,秋葉原駅,秋葉原駅,1128.0,,,,tag/station:秋葉原,20,+20(rental=1),0,1
秋葉原のレンタルダンススタジオおすすめ,エリア,S,デイ・ナイト株式会社,〒100-0011 東京都千代田区内幸町１丁目１-２ Ud日比谷ビル 7F,,0,秋葉原,秋葉原,新橋駅,新橋駅|有楽町駅,507.0,,,,primary_area=秋葉原,20,+20(rental=1),0,1
秋葉原のレンタルダンススタジオおすすめ,エリア,S,ノアスタジオ 御茶ノ水店,〒101-0062 東京都千代田区神田駿河台２丁目1-１７,,0,秋葉原,秋葉原,秋葉原駅,秋葉原駅,1023.0,,,,primary_area=秋葉原,20,+20(rental=1),0,1
秋葉原のレンタルダンススタジオおすすめ,エリア,S,ノアスタジオ 秋葉原店,〒101-0021 東京都千代田区外神田６丁目１４-８,,0,秋葉原,秋葉原,秋葉原駅,秋葉原駅,589.0,,,,primary_area=秋葉原,20,+20(rental=1),0,1
秋葉原のレンタルダンススタジオおすすめ,エリア,S,バンドスタジオ ベースオントップ秋葉原昭和通り口店,〒101-0025 東京都千代田区神田佐久間町３丁目37-１ 文唱堂ビル B1F,,0,秋葉原,秋葉原,秋葉原駅,秋葉原駅,326.0,,,,primary_area=秋葉原,20,+20(rental=1),0,1
秋葉原のレンタルダンススタジオおすすめ,エリア,S,ブルースペース上野御徒町,〒110-0005 東京都台東区上野３丁目１３-１０ トミヤマビル B1F,,0,上野,上野|浅草|御徒町|蔵前,秋葉原駅,秋葉原駅|上野駅,725.0,,,,tag/station:秋葉原,20,+20(rental=1),0,1
秋葉原のレンタルダンススタジオおすすめ,エリア,S,ボンジュBallerina 紀尾井町店,〒102-0094 東京都千代田区紀尾井町１-３ 東京ガーデンテラス 1F,,0,秋葉原,秋葉原,赤坂駅,赤坂駅,635.0,,,,primary_area=秋葉原,20,+20(rental=1),0,1
秋葉原のレンタルダンススタジオおすすめ,エリア,S,ミライスタジオ神田秋葉原,〒101-0031 東京都千代田区東神田１丁目１７-５,,0,秋葉原,秋葉原,秋葉原駅,秋葉原駅,769.0,,,,primary_area=秋葉原,20,+20(rental=1),0,1
秋葉原のレンタルダンススタジオおすすめ,エリア,S,ミライスタジオ日本橋,〒103-0001 東京都中央区日本橋小伝馬町１４-５,,0,銀座,銀座|日本橋|八丁堀|月島,秋葉原駅,秋葉原駅,957.0,,,,tag/station:秋葉原,20,+20(rental=1),0,1
秋葉原のレンタルダンススタジオおすすめ,エリア,S,ミルクスタジオ,〒101-0021 東京都千代田区外神田３丁目３-５ ヨシヰビル,,0,秋葉原,秋葉原,秋葉原駅,秋葉原駅,467.0,,,,primary_area=秋葉原,20,+20(rental=1),0,1
秋葉原のレンタルダンススタジオおすすめ,エリア,S,studio 空:k?,〒101-0044 東京都千代田区鍛冶町２丁目５-４ Crea神田ビル,,0,秋葉原,秋葉原,秋葉原駅,秋葉原駅,747.0,,,,primary_area=秋葉原,20,+20(rental=1),0,1
秋葉原のレンタルダンススタジオおすすめ,エリア,S,モダン出版株式会社,〒113-0034 東京都文京区湯島３丁目１２-１１,,0,後楽園,後楽園,秋葉原駅,秋葉原駅,811.0,,,,tag/station:秋葉原,20,+20(rental=1),0,1
秋葉原のレンタルダンススタジオおすすめ,エリア,S,ヨガスタジオNOA 秋葉原校,〒101-0021 東京都千代田区外神田６丁目１４-８ 8F,,0,秋葉原,秋葉原,秋葉原駅,秋葉原駅,589.0,,,,primary_area=秋葉原,20,+20(rental=1),0,1
秋葉原のレンタルダンススタジオおすすめ,エリア,S,363_AmitySpace神田/日本橋,〒101-0037 東京都千代田区神田西福田町２-３,,0,秋葉原,秋葉原,秋葉原駅,秋葉原駅,838.0,,,,primary_area=秋葉原,20,+20(rental=1),0,1
秋葉原のレンタルダンススタジオおすすめ,エリア,S,SPACE AVAILABLE 浅草橋,〒111-0053 東京都台東区浅草橋１丁目１２-３ KSビル B1F,,0,上野,上野|浅草|御徒町|蔵前,秋葉原駅,秋葉原駅|蔵前駅,864.0,,,,tag/station:秋葉原,20,+20(rental=1),0,1
秋葉原のレンタルダンススタジオおすすめ,エリア,S,リハーサルスタジオ,〒101-0048 東京都千代田区神田司町２丁目１３ 神田第四アメレックスビル B1,,0,秋葉原,秋葉原,秋葉原駅,秋葉原駅,800.0,,,,primary_area=秋葉原,20,+20(rental=1),0,1
秋葉原のレンタルダンススタジオおすすめ,エリア,S,レンタルスタジオALOALO,〒110-0016 東京都台東区台東４丁目３１-５ オリオンビル B1,,0,上野,上野|浅草|御徒町|蔵前,上野駅,上野駅|秋葉原駅,717.0,,,,tag/station:秋葉原,50,+20(rental=1)|+30(レンタルスタジオ),0,1
秋葉原のレンタルダンススタジオおすすめ,エリア,S,レンタルスタジオEVERGREEN,〒110-0005 東京都台東区上野３丁目２０-１０ 木下ビル3階,,0,上野,上野|浅草|御徒町|蔵前,秋葉原駅,秋葉原駅|上野駅,779.0,,,,tag/station:秋葉原,50,+20(rental=1)|+30(レンタルスタジオ),0,1
秋葉原のレンタルダンススタジオおすすめ,エリア,S,レンタルスペース リノスペcamp東京ドーム,〒101-0061 東京都千代田区神田三崎町２丁目１２-５ ニュー千代田ビル 3F-A,,0,秋葉原,秋葉原,水道橋駅,水道橋駅|九段下駅|神保町駅|飯田橋駅|春日駅|後楽園駅|御茶ノ水駅|本郷三丁目駅|新御茶ノ水駅|竹橋駅,167.0,,,,primary_area=秋葉原,20,+20(rental=1),0,1
秋葉原のレンタルダンススタジオおすすめ,エリア,S,レンタル撮影スタジオDOLLY飯田橋1号店,〒102-0072 東京都千代田区飯田橋３丁目６-６ 港屋ビル 2F,,0,秋葉原,秋葉原,飯田橋駅,飯田橋駅|水道橋駅|九段下駅|後楽園駅|牛込神楽坂駅|春日駅|神楽坂駅|神保町駅|本郷三丁目駅|江戸川橋駅,134.0,,,,primary_area=秋葉原,20,+20(rental=1),0,1
秋葉原のレンタルダンススタジオおすすめ,エリア,S,御茶ノ水 おちゃすた レンタルスタジオ,〒101-0052 東京都千代田区神田小川町３丁目１４-２ 漢陽ビル Ｂ1Ｆ,,0,秋葉原,秋葉原,神保町駅,神保町駅|新御茶ノ水駅|御茶ノ水駅|小川町駅|竹橋駅|九段下駅|水道橋駅|神田駅|大手町駅|岩本町駅,305.0,,,,primary_area=秋葉原,50,+20(rental=1)|+30(レンタルスタジオ),0,1
秋葉原のレンタルダンススタジオおすすめ,エリア,S,御茶ノ水 レンタルスタジオ,〒101-0062 東京都千代田区神田駿河台２丁目６-１５ ４Ｆ,,0,秋葉原,秋葉原,秋葉原駅,秋葉原駅,891.0,,,,primary_area=秋葉原,50,+20(rental=1)|+30(レンタルスタジオ),0,1
秋葉原のレンタルダンススタジオおすすめ,エリア,S,麹町スタジオ,〒102-0093 東京都千代田区平河町１丁目５-１６ アオキスタジオビル,,0,秋葉原,秋葉原,赤坂駅,赤坂駅,1023.0,,,,primary_area=秋葉原,20,+20(rental=1),0,1
秋葉原のレンタルダンススタジオおすすめ,エリア,S,秋葉原スクエアスタジオ,〒111-0053 東京都台東区浅草橋５丁目３-２ 秋葉原スクエアビル 1F,,0,上野,上野|浅草|御徒町|蔵前,秋葉原駅,秋葉原駅|蔵前駅,615.0,,,,tag/station:秋葉原,20,+20(rental=1),0,1
秋葉原のレンタルダンススタジオおすすめ,エリア,S,秋葉原ブルーハス レンタルスタジオ,〒110-0006 東京都台東区秋葉原３-１０ 東京商会秋葉原ビルB1階,,0,上野,上野|浅草|御徒町|蔵前,秋葉原駅,秋葉原駅,393.0,,,,tag/station:秋葉原,50,+20(rental=1)|+30(レンタルスタジオ),0,1
秋葉原のレンタルダンススタジオおすすめ,エリア,S,秋葉原レッスンスタジオてらこや,〒101-0025 東京都千代田区神田佐久間町３丁目３１-３,,0,秋葉原,秋葉原,秋葉原駅,秋葉原駅,359.0,,,,primary_area=秋葉原,20,+20(rental=1),0,1
秋葉原のレンタルダンススタジオおすすめ,エリア,S,秋葉原レンタルスペース.東京,〒101-0021 東京都千代田区外神田５丁目５-７ パンセ秋葉原 B1F,,0,秋葉原,秋葉原,秋葉原駅,秋葉原駅|上野駅,633.0,,,,primary_area=秋葉原,40,+20(rental=1)|+20(web),0,1
秋葉原のレンタルダンススタジオおすすめ,エリア,S,水道橋ダンススタジオ,〒101-0061 東京都千代田区神田三崎町３丁目４-４ グラン水道橋,,0,秋葉原,秋葉原,水道橋駅,水道橋駅|九段下駅|飯田橋駅|神保町駅|後楽園駅|春日駅|本郷三丁目駅|御茶ノ水駅|新御茶ノ水駅|竹橋駅,168.0,,,,primary_area=秋葉原,45,+20(rental=1)|+25(ダンススタジオ),0,1
秋葉原のレンタルダンススタジオおすすめ,エリア,S,第一ホテル東京 フィットネス&アクアゾーン,〒100-0011 東京都千代田区内幸町１丁目５-３ 新幸橋ビルディング ビル内,,0,秋葉原,秋葉原,新橋駅,新橋駅|有楽町駅,357.0,,,,primary_area=秋葉原,20,+20(rental=1),0,1
秋葉原のレンタルダンススタジオおすすめ,エリア,S,日本橋PACMAN（ニホンバシパックマン）,〒103-0021 東京都中央区日本橋本石町４丁目５-５ 藤ビル 地下1階,,0,銀座,銀座|日本橋|八丁堀|月島,東京駅,東京駅|秋葉原駅,921.0,,,,tag/station:秋葉原,20,+20(rental=1),0,1
秋葉原のレンタルダンススタジオおすすめ,エリア,S,日本橋バレエ＆ダンススタジオ Studio LULL,〒101-0047 東京都千代田区内神田２丁目８-３ 新東ビル 2階,,0,秋葉原,秋葉原,秋葉原駅,秋葉原駅|東京駅,1033.0,,,,primary_area=秋葉原,45,+20(rental=1)|+25(ダンススタジオ),0,1
秋葉原のレンタルダンススタジオおすすめ,エリア,S,スタジオ五軒町／『鏡張り』の多目的に利用できる『防音』スタジオ,東京都千代田区外神田6-16-1,https://dance-studio-lab.com/room/ODZiZjA3NDItNjk4ZS00YjMxLWFjMGQtMGU5ZjVkZDg5OWQw/detail,1,秋葉原,秋葉原,湯島駅,湯島駅|御徒町駅|京成上野駅|御茶ノ水駅|新御徒町駅|新御茶ノ水駅|岩本町駅|上野駅|神田駅|根津駅,308.0,,,,primary_area=秋葉原,50,+30(dslurl)|+20(rental=1),0,1
秋葉原のレンタルダンススタジオおすすめ,エリア,S,レンタルスタジオAivic神田,"東京都千代田区神田紺屋町21 高山ビル101
",https://dance-studio-lab.com/room/MzE4YmJlMGMtZTc3Yy00OTIwLTg3ZTMtZDQxN2E4Yzc1YTFj/detail,1,秋葉原,秋葉原,神田駅,神田駅|岩本町駅|三越前駅|馬喰町駅|新御茶ノ水駅|人形町駅|日本橋駅|大手町駅|御茶ノ水駅|浅草橋駅,251.0,,,,primary_area=秋葉原,80,+30(dslurl)|+20(rental=1)|+30(レンタルスタジオ),0,1
銀座のレンタルダンススタジオおすすめ,エリア,S,ACEスタジオ馬喰町日本橋,〒103-0003 東京都中央区日本橋横山町７-１９ イチオクビル 地下１階 7-19第３５,,0,銀座,銀座|日本橋|八丁堀|月島,秋葉原駅,秋葉原駅,1042.0,,,,primary_area=銀座,20,+20(rental=1),0,1
銀座のレンタルダンススタジオおすすめ,エリア,S,Another ONE+ （銀座レンタルスペース）,〒104-0061 東京都中央区銀座３丁目１２-１８ 新岩間ビル 3F,,0,銀座,銀座|日本橋|八丁堀|月島,有楽町駅,有楽町駅|新橋駅|東京駅,700.0,,,,primary_area=銀座,20,+20(rental=1),0,1
銀座のレンタルダンススタジオおすすめ,エリア,S,BillionDance,〒542-0084 大阪府大阪市中央区宗右衛門町１-２７ ゴールドウッズミッテラビルB1F,,0,銀座,銀座|日本橋|八丁堀|月島,近鉄日本橋駅,近鉄日本橋駅|日本橋駅|長堀橋駅|大阪難波駅|心斎橋駅|なんば駅|四ツ橋駅|谷町九丁目駅|ＪＲ難波駅|谷町六丁目駅,360.0,,,,primary_area=銀座,20,+20(rental=1),0,1
銀座のレンタルダンススタジオおすすめ,エリア,S,CAMURO DANCE STUDIO,〒540-0025 大阪府大阪市中央区徳井町１丁目１-７ 松田ビル,,0,銀座,銀座|日本橋|八丁堀|月島,谷町四丁目駅,谷町四丁目駅|天満橋駅|堺筋本町駅|谷町六丁目駅|松屋町駅|北浜駅|長堀橋駅|大阪城北詰駅|大阪ビジネスパーク駅|大阪天満宮駅,246.0,,,,primary_area=銀座,45,+20(rental=1)|+25(ダンススタジオ),0,1
銀座のレンタルダンススタジオおすすめ,エリア,S,Dance zone RESPECT,〒435-0008 静岡県浜松市中央区松小池町４５５-１,,0,銀座,銀座|日本橋|八丁堀|月島,なし,,,,,,primary_area=銀座,20,+20(rental=1),0,1
銀座のレンタルダンススタジオおすすめ,エリア,S,DCNスタジオ,〒104-0052 東京都中央区月島１丁目１４-７ 旭倉庫内,,0,銀座,銀座|日本橋|八丁堀|月島,月島駅,月島駅|築地駅|新富町駅|勝どき駅|越中島駅|八丁堀駅|築地市場駅|宝町駅|東銀座駅|門前仲町駅,343.0,,,,primary_area=銀座,40,+20(rental=1)|+20(web),0,1
銀座のレンタルダンススタジオおすすめ,エリア,S,H?lau Hula Coco,〒104-0045 東京都中央区築地１丁目１２-１５ 三ツ田ビル 4F,,0,銀座,銀座|日本橋|八丁堀|月島,有楽町駅,有楽町駅|新橋駅,967.0,,,,primary_area=銀座,20,+20(rental=1),0,1
銀座のレンタルダンススタジオおすすめ,エリア,S,ライトハウス神田,〒103-0021 東京都中央区日本橋本石町４丁目５-８,,0,銀座,銀座|日本橋|八丁堀|月島,東京駅,東京駅|秋葉原駅,948.0,,,,primary_area=銀座,20,+20(rental=1),0,1
銀座のレンタルダンススタジオおすすめ,エリア,S,東京音楽堂 日本橋 ピアノサロン,〒103-0024 東京都中央区日本橋小舟町３-１２ 日本橋GRIT 6階,,0,銀座,銀座|日本橋|八丁堀|月島,東京駅,東京駅,1145.0,,,,primary_area=銀座,20,+20(rental=1),0,1
銀座のレンタルダンススタジオおすすめ,エリア,S,東京音楽堂 日本橋 ピアノホール,〒103-0024 東京都中央区日本橋小舟町３-１２ 日本橋GRIT 地下1階,,0,銀座,銀座|日本橋|八丁堀|月島,東京駅,東京駅,1144.0,,,,primary_area=銀座,20,+20(rental=1),0,1
銀座のレンタルダンススタジオおすすめ,エリア,S,ダンススタジオ・ポップコーン,〒104-0041 東京都中央区新富２丁目４-６ アーベイン三井 8F,,0,銀座,銀座|日本橋|八丁堀|月島,有楽町駅,有楽町駅,986.0,,,,primary_area=銀座,45,+20(rental=1)|+25(ダンススタジオ),0,1
銀座のレンタルダンススタジオおすすめ,エリア,S,studio RADA,〒103-0022 東京都中央区日本橋室町１丁目１-５,,0,銀座,銀座|日本橋|八丁堀|月島,東京駅,東京駅,700.0,,,,primary_area=銀座,20,+20(rental=1),0,1
銀座のレンタルダンススタジオおすすめ,エリア,S,銀座スタジオ ルアン,〒104-0061 東京都中央区銀座８丁目１０-２ ルアンビル 11階,,0,銀座,銀座|日本橋|八丁堀|月島,新橋駅,新橋駅|有楽町駅,422.0,,,,primary_area=銀座,40,+20(rental=1)|+20(web),0,1
銀座のレンタルダンススタジオおすすめ,エリア,S,レンタルスタジオ新富町 ?Danzatakara. Studio?,"Shintomi 2-1-7, Fujichuo building B1, 中央区 東京都 140-0041",,0,銀座,銀座|日本橋|八丁堀|月島,有楽町駅,有楽町駅|東京駅,891.0,,,,primary_area=銀座,50,+20(rental=1)|+30(レンタルスタジオ),0,1
銀座のレンタルダンススタジオおすすめ,エリア,S,スタジオマーティ / STUDIO marty 銀座出張所,〒104-0061 東京都中央区銀座７丁目１３-６ サガミビル 2階,,0,銀座,銀座|日本橋|八丁堀|月島,新橋駅,新橋駅|有楽町駅,567.0,,,,primary_area=銀座,20,+20(rental=1),0,1
銀座のレンタルダンススタジオおすすめ,エリア,S,Pole and Aerial Studio Polish 銀座店,〒104-0061 東京都中央区銀座７丁目８-１３ Brown Place 3階,,0,銀座,銀座|日本橋|八丁堀|月島,新橋駅,新橋駅|有楽町駅,428.0,,,,primary_area=銀座,20,+20(rental=1),0,1
銀座のレンタルダンススタジオおすすめ,エリア,S,Starnite Dance Studio,〒260-0013 千葉県千葉市中央区中央３丁目４-１７ Gaビル 3F,,0,銀座,銀座|日本橋|八丁堀|月島,葭川公園駅,葭川公園駅|千葉中央駅|栄町駅|県庁前駅|京成千葉駅|本千葉駅|東千葉駅|千葉駅|千葉公園駅|市役所前駅,160.0,,,,primary_area=銀座,45,+20(rental=1)|+25(ダンススタジオ),0,1
銀座のレンタルダンススタジオおすすめ,エリア,S,Studio ballet with...,〒104-0041 東京都中央区新富１丁目３-１６ 第２アサヒビル １階,,0,銀座,銀座|日本橋|八丁堀|月島,有楽町駅,有楽町駅|東京駅,908.0,,,,primary_area=銀座,20,+20(rental=1),0,1
銀座のレンタルダンススタジオおすすめ,エリア,S,STUDIO BUZZ 相模原校,〒252-0239 神奈川県相模原市中央区中央５丁目１-２ ベルドールコート B1,,0,銀座,銀座|日本橋|八丁堀|月島,相模原駅,相模原駅|南橋本駅|上溝駅|矢部駅,1156.0,,,,primary_area=銀座,20,+20(rental=1),0,1
銀座のレンタルダンススタジオおすすめ,エリア,S,STUDIO101,〒252-0106 神奈川県相模原市中央区淵野辺４丁目１３-７,,0,銀座,銀座|日本橋|八丁堀|月島,淵野辺駅,淵野辺駅|矢部駅,366.0,,,,primary_area=銀座,20,+20(rental=1),0,1
銀座のレンタルダンススタジオおすすめ,エリア,S,StudioENTRADA築地,〒104-0045 東京都中央区築地３丁目１１-５ 第二中央ビル 1F,,0,銀座,銀座|日本橋|八丁堀|月島,有楽町駅,有楽町駅,1190.0,,,,primary_area=銀座,20,+20(rental=1),0,1
銀座のレンタルダンススタジオおすすめ,エリア,S,VERONICA FIT,〒104-0032 東京都中央区八丁堀２丁目１９-６ ヤサカ八丁堀ビルB1,,0,銀座,銀座|日本橋|八丁堀|月島,東京駅,東京駅|有楽町駅,1036.0,,,,primary_area=銀座,20,+20(rental=1),0,1
銀座のレンタルダンススタジオおすすめ,エリア,S,アルゼンチンタンゴ協会,〒104-0061 東京都中央区銀座７丁目１４-７ 共栄銀座７丁目ビル,,0,銀座,銀座|日本橋|八丁堀|月島,新橋駅,新橋駅|有楽町駅,579.0,,,,primary_area=銀座,20,+20(rental=1),0,1
銀座のレンタルダンススタジオおすすめ,エリア,S,エースダンススタジオ,"札幌ＮＳビル 4F, ２丁目-11 南２条西 中央区 札幌市 北海道 060-0062",,0,銀座,銀座|日本橋|八丁堀|月島,大通駅,大通駅|すすきの駅|豊水すすきの駅|バスセンター前駅|さっぽろ駅|中島公園駅|西１１丁目駅|札幌駅|菊水駅|学園前駅,247.0,,,,primary_area=銀座,45,+20(rental=1)|+25(ダンススタジオ),0,1
銀座のレンタルダンススタジオおすすめ,エリア,S,サムシン コンビニエンス スタジオ,〒104-0032 東京都中央区八丁堀２丁目１-２ 水澤ビル,,0,銀座,銀座|日本橋|八丁堀|月島,東京駅,東京駅|有楽町駅,808.0,,,,primary_area=銀座,20,+20(rental=1),0,1
銀座のレンタルダンススタジオおすすめ,エリア,S,スタジオJBA,〒103-0011 東京都中央区日本橋大伝馬町１１-８ ＨＡＴビル B1F,,0,銀座,銀座|日本橋|八丁堀|月島,秋葉原駅,秋葉原駅,1128.0,,,,primary_area=銀座,20,+20(rental=1),0,1
銀座のレンタルダンススタジオおすすめ,エリア,S,スタジオインディ 東京駅前店,〒104-0031 東京都中央区京橋１丁目４-１１ 竹本ビルディング ４階,,0,銀座,銀座|日本橋|八丁堀|月島,東京駅,東京駅|有楽町駅,397.0,,,,primary_area=銀座,20,+20(rental=1),0,1
銀座のレンタルダンススタジオおすすめ,エリア,S,スタジオヴェロニカ,〒104-0032 東京都中央区八丁堀２丁目１９-６ ヤサカ八丁堀ビル B1,,0,銀座,銀座|日本橋|八丁堀|月島,東京駅,東京駅|有楽町駅,1036.0,,,,primary_area=銀座,20,+20(rental=1),0,1
銀座のレンタルダンススタジオおすすめ,エリア,S,セミナールーム茅場町 Co-Edo 3F 貸会議室,〒104-0033 東京都中央区新川１丁目３-４ ＰＡビル3F,,0,銀座,銀座|日本橋|八丁堀|月島,茅場町駅,茅場町駅|水天宮前駅|八丁堀駅|日本橋駅|人形町駅|京橋駅|新富町駅|三越前駅|東京駅|門前仲町駅,223.0,,,,primary_area=銀座,20,+20(rental=1),0,1
銀座のレンタルダンススタジオおすすめ,エリア,S,ちるどれ 上町スタジオ,〒540-0005 大阪府大阪市中央区上町１丁目６-１１ 2階,,0,銀座,銀座|日本橋|八丁堀|月島,玉造駅,玉造駅|谷町六丁目駅|森ノ宮駅|谷町四丁目駅|松屋町駅|大阪上本町駅|鶴橋駅|谷町九丁目駅|天満橋駅|大阪城公園駅,710.0,,,,primary_area=銀座,20,+20(rental=1),0,1
銀座のレンタルダンススタジオおすすめ,エリア,S,ブレイクダンスタジオ パワームーブ大阪,〒542-0062 大阪府大阪市中央区上本町西４丁目１?番9号 ヴィレッジヒル上町台 1F,,0,銀座,銀座|日本橋|八丁堀|月島,大阪上本町駅,大阪上本町駅|谷町九丁目駅|谷町六丁目駅|松屋町駅|鶴橋駅|玉造駅|谷町四丁目駅|長堀橋駅|日本橋駅|近鉄日本橋駅,589.0,,,,primary_area=銀座,20,+20(rental=1),0,1
銀座のレンタルダンススタジオおすすめ,エリア,S,SOLARI Rental Studio 日本橋 - 日本橋人形町・馬喰町エリアのレンタルスタジオ,〒103-0004 東京都中央区東日本橋１丁目４-２ 徳輝ビル 2階,,0,銀座,銀座|日本橋|八丁堀|月島,馬喰横山駅,馬喰横山駅|馬喰町駅|人形町駅|小伝馬町駅|浅草橋駅|両国駅|水天宮前駅|新日本橋駅|岩本町駅|森下駅,302.0,,,,primary_area=銀座,70,+20(rental=1)|+30(レンタルスタジオ)|+20(web),0,1
銀座のレンタルダンススタジオおすすめ,エリア,S,ミライスタジオ日本橋,〒103-0001 東京都中央区日本橋小伝馬町１４-５,,0,銀座,銀座|日本橋|八丁堀|月島,秋葉原駅,秋葉原駅,957.0,,,,primary_area=銀座,20,+20(rental=1),0,1
銀座のレンタルダンススタジオおすすめ,エリア,S,レンタルスタジオ HIKARI 築地,〒104-0045 東京都中央区築地２丁目１-１７ 陽光築地ビル 地下一階,,0,銀座,銀座|日本橋|八丁堀|月島,有楽町駅,有楽町駅,1023.0,,,,primary_area=銀座,50,+20(rental=1)|+30(レンタルスタジオ),0,1
銀座のレンタルダンススタジオおすすめ,エリア,S,京橋ララサロン（KYOBASHI LALA SALON）,〒104-0032 東京都中央区八丁堀２丁目１９-６ ヤサカ八丁堀ビルB1,,0,銀座,銀座|日本橋|八丁堀|月島,東京駅,東京駅|有楽町駅,1036.0,,,,primary_area=銀座,20,+20(rental=1),0,1
銀座のレンタルダンススタジオおすすめ,エリア,S,銀座花道スタジオ,〒104-0061 東京都中央区銀座３丁目１４-１８ 小野寺ビル 2F,,0,銀座,銀座|日本橋|八丁堀|月島,有楽町駅,有楽町駅|新橋駅,772.0,,,,primary_area=銀座,20,+20(rental=1),0,1
銀座のレンタルダンススタジオおすすめ,エリア,S,月島スタジオ,〒104-0052 東京都中央区月島１丁目１４-７,,0,銀座,銀座|日本橋|八丁堀|月島,月島駅,月島駅|勝どき駅|築地駅|新富町駅|越中島駅|八丁堀駅|築地市場駅|東銀座駅|宝町駅|門前仲町駅,301.0,,,,primary_area=銀座,20,+20(rental=1),0,1
銀座のレンタルダンススタジオおすすめ,エリア,S,大人バレエシェリ 東京銀座スタジオ,〒104-0061 東京都中央区銀座５丁目１４-６ 橋ビルⅡ B1,,0,銀座,銀座|日本橋|八丁堀|月島,有楽町駅,有楽町駅|新橋駅,798.0,,,,primary_area=銀座,20,+20(rental=1),0,1
銀座のレンタルダンススタジオおすすめ,エリア,S,東急スポーツオアシス聖路加ガーデン,〒104-0044 東京都中央区明石町８ 聖路加タワ B2F,,0,銀座,銀座|日本橋|八丁堀|月島,築地駅,築地駅|月島駅|新富町駅|八丁堀駅|勝どき駅|東銀座駅|築地市場駅|宝町駅|京橋駅|銀座一丁目駅,559.0,,,,primary_area=銀座,20,+20(rental=1),0,1
銀座のレンタルダンススタジオおすすめ,エリア,S,日本橋PACMAN（ニホンバシパックマン）,〒103-0021 東京都中央区日本橋本石町４丁目５-５ 藤ビル 地下1階,,0,銀座,銀座|日本橋|八丁堀|月島,東京駅,東京駅|秋葉原駅,921.0,,,,primary_area=銀座,20,+20(rental=1),0,1
銀座のレンタルダンススタジオおすすめ,エリア,S,レンタルスタジオAivic築地,東京都中央区築地2-10-9 HARVEY築地4階,https://dance-studio-lab.com/room/Y2UzMzcxZTMtNDhlNS00ODEwLWJlOGYtZjA1ZjM5Y2YxNjE0/detail,1,銀座,銀座,築地駅,築地駅|新富町駅|東銀座駅|八丁堀駅|宝町駅|銀座一丁目駅|銀座駅|京橋駅|有楽町駅|月島駅,84.0,,,,primary_area=銀座,80,+30(dslurl)|+20(rental=1)|+30(レンタルスタジオ),0,1
銀座のレンタルダンススタジオおすすめ,エリア,S,レンタルスタジオAivic新橋,"東京都港区西新橋1-16-14 宮川ビル4階
",https://dance-studio-lab.com/room/M2EyMzEzOTUtMjkwNC00MmRlLWI3YWEtYjBiMmM1NGUzYzhl/detail,1,六本木,六本木,新橋駅,新橋駅|虎ノ門駅|虎ノ門ヒルズ駅|汐留駅|日比谷駅|神谷町駅|銀座駅|有楽町駅|東銀座駅|大門駅,408.0,,,,tag/station:銀座,80,+30(dslurl)|+20(rental=1)|+30(レンタルスタジオ),0,1
高円寺のレンタルダンススタジオおすすめ,エリア,S,ソニズレンタルスタジオ東高円寺店,〒166-0003 東京都杉並区高円寺南１丁目６-５ 高円寺サマリヤマンション 松屋の隣,,0,高円寺,高円寺,中野駅,中野駅,1075.0,,,,primary_area=高円寺,50,+20(rental=1)|+30(レンタルスタジオ),0,1
高円寺のレンタルダンススタジオおすすめ,エリア,S,バレエ・ダンススタジオ Lino,〒168-0082 東京都杉並区久我山５丁目７-１３ 地下1階 メリディアン,,0,高円寺,高円寺,久我山駅,久我山駅|富士見ヶ丘駅|三鷹台駅|高井戸駅|西荻窪駅|井の頭公園駅,78.0,,,,primary_area=高円寺,45,+20(rental=1)|+25(ダンススタジオ),0,1
高円寺のレンタルダンススタジオおすすめ,エリア,S,レンタルスタジオ西荻リノ,〒167-0042 東京都杉並区西荻北２丁目３-９ グランピア西荻窪 Ｂ101,,0,高円寺,高円寺,西荻窪駅,西荻窪駅|荻窪駅|三鷹台駅|井の頭公園駅|久我山駅|吉祥寺駅,156.0,,,,primary_area=高円寺,50,+20(rental=1)|+30(レンタルスタジオ),0,1
高円寺のレンタルダンススタジオおすすめ,エリア,S,スタジオLINOVA（リノ・バ）,〒167-0054 東京都杉並区松庵３丁目１-６ 松庵ユニオンビル B1,,0,高円寺,高円寺,西荻窪駅,西荻窪駅|三鷹台駅|久我山駅|井の頭公園駅|吉祥寺駅|富士見ヶ丘駅,552.0,,,,primary_area=高円寺,20,+20(rental=1),0,1
高円寺のレンタルダンススタジオおすすめ,エリア,S,レンタルスタジオOLI,〒166-0004 東京都杉並区阿佐谷南１丁目１５-１４ サンフェリーペ 101号室,,0,高円寺,高円寺,南阿佐ケ谷駅,南阿佐ケ谷駅|阿佐ヶ谷駅|新高円寺駅|高円寺駅|荻窪駅|東高円寺駅,144.0,,,,primary_area=高円寺,70,+20(rental=1)|+30(レンタルスタジオ)|+20(web),0,1
高円寺のレンタルダンススタジオおすすめ,エリア,S,スタジオジパング 久我山スタジオSTANDARD,〒168-0082 東京都杉並区久我山５丁目７-１３ メリディアン B1,,0,高円寺,高円寺,久我山駅,久我山駅|富士見ヶ丘駅|三鷹台駅|高井戸駅|西荻窪駅|井の頭公園駅,83.0,,,,primary_area=高円寺,20,+20(rental=1),0,1
高円寺のレンタルダンススタジオおすすめ,エリア,S,ＪＰスタジオ,〒165-0027 東京都中野区野方５丁目１７-１０,,0,中野,中野,野方駅,野方駅|都立家政駅|鷺ノ宮駅|沼袋駅|高円寺駅|新井薬師前駅,193.0,,,,tag/station:高円寺,20,+20(rental=1),0,1
高円寺のレンタルダンススタジオおすすめ,エリア,S,ソニズレンタルスタジオ方南町店,〒168-0063 東京都杉並区和泉４丁目５１-１４,,0,高円寺,高円寺,方南町駅,方南町駅|中野富士見町駅|代田橋駅|笹塚駅|永福町駅|東高円寺駅|明大前駅|新高円寺駅|中野新橋駅|幡ヶ谷駅,103.0,,,,primary_area=高円寺,50,+20(rental=1)|+30(レンタルスタジオ),0,1
高円寺のレンタルダンススタジオおすすめ,エリア,S,Mazuka Dance Company,〒168-0064 東京都杉並区永福１丁目３９-１３ 1F,,0,高円寺,高円寺,永福町駅,永福町駅|西永福駅|下高井戸駅|明大前駅|桜上水駅|代田橋駅|松原駅|浜田山駅|方南町駅|東松原駅,225.0,,,,primary_area=高円寺,20,+20(rental=1),0,1
高円寺のレンタルダンススタジオおすすめ,エリア,S,MCSpace,〒167-0053 東京都杉並区西荻南２丁目２５-６ 西荻プラザビル B1F,,0,高円寺,高円寺,西荻窪駅,西荻窪駅|三鷹台駅|久我山駅|井の頭公園駅|荻窪駅|吉祥寺駅|富士見ヶ丘駅,275.0,,,,primary_area=高円寺,20,+20(rental=1),0,1
高円寺のレンタルダンススタジオおすすめ,エリア,S,NATURAglam 高円寺スタジオ,〒166-0003 東京都杉並区４５ 高円寺南４丁目４５-２ メインロードビル3階,,0,高円寺,高円寺,高円寺駅,高円寺駅|新高円寺駅|東高円寺駅|阿佐ヶ谷駅|中野駅|南阿佐ケ谷駅|野方駅|新中野駅,100.0,,,,primary_area=高円寺,20,+20(rental=1),0,1
高円寺のレンタルダンススタジオおすすめ,エリア,S,ＳＧ ＳＴＵＤＩＯ,〒166-0012 東京都杉並区和田１丁目１-１３ Ｂ１ 入り口は川沿い,,0,高円寺,高円寺,中野富士見町駅,中野富士見町駅|中野新橋駅|新中野駅|方南町駅|東高円寺駅|中野坂上駅|西新宿五丁目駅（清水橋）|中野駅|幡ヶ谷駅|新高円寺駅,77.0,,,,primary_area=高円寺,20,+20(rental=1),0,1
高円寺のレンタルダンススタジオおすすめ,エリア,S,TRINITY DANCE CENTER桜上水校,〒168-0073 東京都杉並区下高井戸１丁目１８-１６ 桜上水ビル 1F KORG,,0,高円寺,高円寺,桜上水駅,桜上水駅|下高井戸駅|上北沢駅|松原駅|永福町駅|西永福駅|明大前駅|浜田山駅|八幡山駅|山下駅,300.0,,,,primary_area=高円寺,20,+20(rental=1),0,1
高円寺のレンタルダンススタジオおすすめ,エリア,S,アックミーエアリアルスタジオ ACME AERIAL STUDIO 36,〒168-0064 東京都杉並区永福４丁目８-１４,,0,高円寺,高円寺,永福町駅,永福町駅|西永福駅|明大前駅|下高井戸駅|浜田山駅|方南町駅|桜上水駅|代田橋駅,241.0,,,,primary_area=高円寺,20,+20(rental=1),0,1
高円寺のレンタルダンススタジオおすすめ,エリア,S,"レンタルスタジオDance""MOVE""!!",〒165-0027 東京都中野区野方５丁目３０-６ ひろきやビル 2階,,0,中野,中野,野方駅,野方駅|都立家政駅|沼袋駅|鷺ノ宮駅|高円寺駅|新井薬師前駅|中野駅,127.0,,,,tag/station:高円寺,50,+20(rental=1)|+30(レンタルスタジオ),0,1
高円寺のレンタルダンススタジオおすすめ,エリア,S,studio RhythMoon（スタジオ・リズムーン）,〒167-0022 東京都杉並区下井草５丁目１６-９,,0,高円寺,高円寺,井荻駅,井荻駅|下井草駅|上井草駅|富士見台駅|練馬高野台駅,180.0,,,,primary_area=高円寺,20,+20(rental=1),0,1
高円寺のレンタルダンススタジオおすすめ,エリア,S,ソニズレンタルスタジオ南阿佐ヶ谷店,〒166-0015 東京都杉並区成田東５丁目３９-１２ グローリーハイツ南阿佐ケ谷榎本 B1F,,0,高円寺,高円寺,南阿佐ケ谷駅,南阿佐ケ谷駅|阿佐ヶ谷駅|新高円寺駅|荻窪駅|高円寺駅,116.0,,,,primary_area=高円寺,50,+20(rental=1)|+30(レンタルスタジオ),0,1
高円寺のレンタルダンススタジオおすすめ,エリア,S,TONIC DANCE STUDIO 阿佐ヶ谷,〒166-0004 東京都杉並区阿佐谷南３丁目１-２１ 徳和ビル 地下1階,,0,高円寺,高円寺,南阿佐ケ谷駅,南阿佐ケ谷駅|阿佐ヶ谷駅|新高円寺駅|高円寺駅|荻窪駅,248.0,,,,primary_area=高円寺,45,+20(rental=1)|+25(ダンススタジオ),0,1
高円寺のレンタルダンススタジオおすすめ,エリア,S,クリエイティブスペース・フュージョン,〒167-0053 東京都杉並区西荻南３丁目２４-２４-１ 西荻マイロード 27,,0,高円寺,高円寺,西荻窪駅,西荻窪駅|荻窪駅|三鷹台駅|久我山駅|井の頭公園駅|吉祥寺駅,141.0,,,,primary_area=高円寺,20,+20(rental=1),0,1
高円寺のレンタルダンススタジオおすすめ,エリア,S,レンタルスタジオ 阿佐ヶ谷リノ,〒166-0015 東京都杉並区成田東５丁目２０-９,,0,高円寺,高円寺,南阿佐ケ谷駅,南阿佐ケ谷駅|阿佐ヶ谷駅|荻窪駅|新高円寺駅|高円寺駅,434.0,,,,primary_area=高円寺,50,+20(rental=1)|+30(レンタルスタジオ),0,1
高円寺のレンタルダンススタジオおすすめ,エリア,S,ジーロックス・スタジオ,〒168-0073 東京都杉並区下高井戸１丁目１５-１２,,0,高円寺,高円寺,下高井戸駅,下高井戸駅|桜上水駅|松原駅|永福町駅|明大前駅|西永福駅|上北沢駅|山下駅|東松原駅|豪徳寺駅,420.0,,,,primary_area=高円寺,20,+20(rental=1),0,1
高円寺のレンタルダンススタジオおすすめ,エリア,S,スペースアルファ,〒168-0064 東京都杉並区永福４丁目１９-７ ハイツセキ,,0,高円寺,高円寺,西永福駅,西永福駅|永福町駅|浜田山駅|桜上水駅|下高井戸駅|上北沢駅|明大前駅|方南町駅|高井戸駅,183.0,,,,primary_area=高円寺,20,+20(rental=1),0,1
高円寺のレンタルダンススタジオおすすめ,エリア,S,スペースアルファ㈱光音社,〒168-0064 東京都杉並区永福４丁目１９-７ ハイツ セキ B1F,,0,高円寺,高円寺,西永福駅,西永福駅|永福町駅|浜田山駅|桜上水駅|下高井戸駅|上北沢駅|明大前駅|方南町駅|高井戸駅,183.0,,,,primary_area=高円寺,20,+20(rental=1),0,1
高円寺のレンタルダンススタジオおすすめ,エリア,S,ソニズダンススタジオ南阿佐ヶ谷,〒166-0015 東京都杉並区成田東５丁目３９-１２,,0,高円寺,高円寺,南阿佐ケ谷駅,南阿佐ケ谷駅|阿佐ヶ谷駅|新高円寺駅|荻窪駅|高円寺駅,100.0,,,,primary_area=高円寺,45,+20(rental=1)|+25(ダンススタジオ),0,1
高円寺のレンタルダンススタジオおすすめ,エリア,S,ダンスホール ESPACE,〒168-0074 東京都杉並区上高井戸１丁目２-１ 地下１階 第１八幡山マンション,,0,高円寺,高円寺,八幡山駅,八幡山駅|芦花公園駅|上北沢駅|千歳烏山駅|桜上水駅|高井戸駅|浜田山駅|富士見ヶ丘駅,108.0,,,,primary_area=高円寺,20,+20(rental=1),0,1
高円寺のレンタルダンススタジオおすすめ,エリア,S,マヅカダンスカンパニー,〒168-0065 東京都杉並区浜田山２丁目２２-１ ゴディメント浜田山1F 南 浜田山ゴディメント,,0,高円寺,高円寺,浜田山駅,浜田山駅|西永福駅|高井戸駅|永福町駅|上北沢駅|桜上水駅|八幡山駅|下高井戸駅,211.0,,,,primary_area=高円寺,20,+20(rental=1),0,1
高円寺のレンタルダンススタジオおすすめ,エリア,S,ミハタホール,〒168-0074 東京都杉並区上高井戸１丁目２-１ 第１八幡山マンション地下１階,,0,高円寺,高円寺,八幡山駅,八幡山駅|芦花公園駅|上北沢駅|千歳烏山駅|高井戸駅|桜上水駅|浜田山駅|富士見ヶ丘駅,100.0,,,,primary_area=高円寺,20,+20(rental=1),0,1
高円寺のレンタルダンススタジオおすすめ,エリア,S,レンタルスタジオ 【MO-LE STUDIO】,〒166-0013 東京都杉並区堀ノ内２丁目４-２ MO-LE STUDIOビル,,0,高円寺,高円寺,方南町駅,方南町駅|永福町駅|中野富士見町駅|新高円寺駅|東高円寺駅|代田橋駅|西永福駅|笹塚駅|明大前駅|新中野駅,441.0,,,,primary_area=高円寺,50,+20(rental=1)|+30(レンタルスタジオ),0,1
高円寺のレンタルダンススタジオおすすめ,エリア,S,レンタルスタジオ HIKARI 東高円寺,〒166-0012 東京都杉並区和田３丁目５９-１０ エレガンス東高円寺 101号室,,0,高円寺,高円寺,中野駅,中野駅,1083.0,,,,primary_area=高円寺,50,+20(rental=1)|+30(レンタルスタジオ),0,1
高円寺のレンタルダンススタジオおすすめ,エリア,S,永福町スタジオ/ライマーラマ:タヒチアンダンススタジオ,〒168-0064 東京都杉並区永福１丁目３９-１４ １階,,0,高円寺,高円寺,永福町駅,永福町駅|西永福駅|下高井戸駅|明大前駅|桜上水駅|代田橋駅|松原駅|浜田山駅|方南町駅|東松原駅,205.0,,,,primary_area=高円寺,45,+20(rental=1)|+25(ダンススタジオ),0,1
高円寺のレンタルダンススタジオおすすめ,エリア,S,株式会社ZERO CREATION（Dance Studio FOCUS）,〒166-0003 東京都杉並区高円寺南５丁目３５-１５,,0,高円寺,高円寺,中野駅,中野駅,718.0,,,,primary_area=高円寺,45,+20(rental=1)|+25(ダンススタジオ),0,1
高円寺のレンタルダンススタジオおすすめ,エリア,S,高円寺 フェニックス レンタルスタジオ,〒166-0003 東京都杉並区高円寺南２丁目５３-１,,0,高円寺,高円寺,中野駅,中野駅,1189.0,,,,primary_area=高円寺,50,+20(rental=1)|+30(レンタルスタジオ),0,1
高円寺のレンタルダンススタジオおすすめ,エリア,S,高円寺・中野レンタルダンススタジオEmotions,〒166-0002 東京都杉並区高円寺北１丁目３-２,,0,高円寺,高円寺,中野駅,中野駅,971.0,,,,primary_area=高円寺,60,+20(rental=1)|+40(レンタルダンス),0,1
高円寺のレンタルダンススタジオおすすめ,エリア,S,高円寺スタジオ,〒166-0002 東京都杉並区高円寺北２丁目７-７ 地下１階 高円寺名店ビル,,0,高円寺,高円寺,高円寺駅,高円寺駅|新高円寺駅|東高円寺駅|阿佐ヶ谷駅|中野駅|野方駅|南阿佐ケ谷駅|都立家政駅|沼袋駅|新中野駅,147.0,,,,primary_area=高円寺,20,+20(rental=1),0,1
高円寺のレンタルダンススタジオおすすめ,エリア,S,高円寺フェニックススタジオ,〒166-0003 東京都杉並区５３ 高円寺南2-53-1 FLAT・KOU1階,,0,高円寺,高円寺,中野駅,中野駅,1193.0,,,,primary_area=高円寺,20,+20(rental=1),0,1
高円寺のレンタルダンススタジオおすすめ,エリア,S,杉並だんすアトリウム,〒168-0073 東京都杉並区下高井戸１丁目２-１３ 山口ビル ２Ｆ、３Ｆ,,0,高円寺,高円寺,下高井戸駅,下高井戸駅|松原駅|桜上水駅|明大前駅|永福町駅|西永福駅|東松原駅|山下駅|豪徳寺駅|上北沢駅,94.0,,,,primary_area=高円寺,20,+20(rental=1),0,1
高円寺のレンタルダンススタジオおすすめ,エリア,S,西荻窪永谷ダンススタジオ,〒167-0054 東京都杉並区松庵３丁目４０-９,,0,高円寺,高円寺,西荻窪駅,西荻窪駅|三鷹台駅|井の頭公園駅|吉祥寺駅|久我山駅|荻窪駅,107.0,,,,primary_area=高円寺,45,+20(rental=1)|+25(ダンススタジオ),0,1
高円寺のレンタルダンススタジオおすすめ,エリア,S,西荻窪七宝レンタルスペース,〒167-0042 東京都杉並区西荻北３丁目２５-１ 七宝マンション 1階,,0,高円寺,高円寺,西荻窪駅,西荻窪駅|井の頭公園駅|吉祥寺駅|三鷹台駅|久我山駅|荻窪駅,259.0,,,,primary_area=高円寺,20,+20(rental=1),0,1
高円寺のレンタルダンススタジオおすすめ,エリア,S,大人バレエMiho Ballet Arts下高井戸,〒168-0073 東京都杉並区下高井戸１丁目２-１３ 山口ビル 杉並だんすアトリウム,,0,高円寺,高円寺,下高井戸駅,下高井戸駅|松原駅|桜上水駅|明大前駅|永福町駅|西永福駅|東松原駅|山下駅|豪徳寺駅|上北沢駅,92.0,,,,primary_area=高円寺,20,+20(rental=1),0,1
高円寺のレンタルダンススタジオおすすめ,エリア,S,Dubway レンタルスタジオ中野,東京都中野区5-32-6 城西ビルB02,https://dance-studio-lab.com/room/MzFmYWU5ZjgtNmM0NC00MDYzLTljOGUtMjFlZDI1MmVhMDE5/detail,1,中野,中野,中野駅,中野駅|新中野駅|新井薬師前駅|東高円寺駅|沼袋駅|東中野駅|高円寺駅|中野新橋駅|中野坂上駅|落合駅,167.0,,,,tag/station:高円寺,80,+30(dslurl)|+20(rental=1)|+30(レンタルスタジオ),0,1
八王子のレンタルダンススタジオおすすめ,エリア,A,ＤＡＮＣＥＳＴＵＤＩＯ・ＢＩＮＧＯ,〒192-0083 東京都八王子市旭町１３-２５,,0,八王子,八王子,八王子駅,八王子駅,297.0,,,,primary_area=八王子,20,+20(rental=1),0,1
八王子のレンタルダンススタジオおすすめ,エリア,A,FANTASY DANCE SCHOOL 八王子店,〒192-0904 東京都八王子市子安町１丁目２６-１４ 26-14 301,,0,八王子,八王子,八王子駅,八王子駅,389.0,,,,primary_area=八王子,20,+20(rental=1),0,1
八王子のレンタルダンススタジオおすすめ,エリア,A,M Ballet Studio,〒192-0902 東京都八王子市上野町１７-５ SKダンススタジオ 内,,0,八王子,八王子,八王子駅,八王子駅,927.0,,,,primary_area=八王子,20,+20(rental=1),0,1
八王子のレンタルダンススタジオおすすめ,エリア,A,Risley八王子店,〒192-0085 東京都八王子市中町７-１１ 福島ビル B1,,0,八王子,八王子,八王子駅,八王子駅,402.0,,,,primary_area=八王子,20,+20(rental=1),0,1
八王子のレンタルダンススタジオおすすめ,エリア,A,SHAKE DANCE STUDIO 八王子校,〒192-0081 東京都八王子市横山町５-１４ ｗｉｌｌＤｏ八王子,,0,八王子,八王子,八王子駅,八王子駅,405.0,,,,primary_area=八王子,45,+20(rental=1)|+25(ダンススタジオ),0,1
八王子のレンタルダンススタジオおすすめ,エリア,A,SK,〒192-0902 東京都八王子市上野町１７-５,,0,八王子,八王子,八王子駅,八王子駅,927.0,,,,primary_area=八王子,20,+20(rental=1),0,1
八王子のレンタルダンススタジオおすすめ,エリア,A,イシカワヒロユキダンススタジオ,〒192-0081 東京都八王子市横山町３-６,,0,八王子,八王子,八王子駅,八王子駅,437.0,,,,primary_area=八王子,45,+20(rental=1)|+25(ダンススタジオ),0,1
八王子のレンタルダンススタジオおすすめ,エリア,A,カミヤマダンススタジオ,〒192-0046 東京都八王子市明神町４丁目６-２ 山口ビル 2F,,0,八王子,八王子,八王子駅,八王子駅,481.0,,,,primary_area=八王子,45,+20(rental=1)|+25(ダンススタジオ),0,1
八王子のレンタルダンススタジオおすすめ,エリア,A,ゴールドジム南大沢東京,〒192-0364 東京都八王子市南大沢２丁目30番地 サザンウィンズ南大沢 2F,,0,八王子,八王子,南大沢駅,南大沢駅|多摩境駅,111.0,,,,primary_area=八王子,20,+20(rental=1),0,1
八王子のレンタルダンススタジオおすすめ,エリア,A,シルクスタジオ,〒192-0912 東京都八王子市絹ケ丘１丁目２１-５,,0,八王子,八王子,長沼駅,長沼駅|北野駅|平山城址公園駅|片倉駅,495.0,,,,primary_area=八王子,20,+20(rental=1),0,1
八王子のレンタルダンススタジオおすすめ,エリア,A,ダンススタジオ ability,〒192-0066 東京都八王子市本町２４-８ クラフトビル 1F,,0,八王子,八王子,八王子駅,八王子駅,981.0,,,,primary_area=八王子,45,+20(rental=1)|+25(ダンススタジオ),0,1
八王子のレンタルダンススタジオおすすめ,エリア,A,バレエスタジオコルツァ（Ballet Studio Colza）,〒193-0833 東京都八王子市めじろ台１丁目９-１ 2階,,0,八王子,八王子,めじろ台駅,めじろ台駅|狭間駅|山田駅|西八王子駅,108.0,,,,primary_area=八王子,20,+20(rental=1),0,1
八王子のレンタルダンススタジオおすすめ,エリア,A,パンキースタジオ,〒192-0355 東京都八王子市堀之内３丁目３５-６,,0,八王子,八王子,京王堀之内駅,京王堀之内駅|唐木田駅,153.0,,,,primary_area=八王子,20,+20(rental=1),0,1
八王子のレンタルダンススタジオおすすめ,エリア,A,モノダンススタジオ 八王子校,〒192-0911 東京都八王子市打越町３４４-５ クリヤマ北野ビル 3階,,0,八王子,八王子,北野駅,北野駅|長沼駅|片倉駅|京王片倉駅|京王八王子駅|八王子駅,34.0,,,,primary_area=八王子,45,+20(rental=1)|+25(ダンススタジオ),0,1
八王子のレンタルダンススタジオおすすめ,エリア,A,八王子レンタルスタジオ・アドレ,〒193-0832 東京都八王子市散田町５丁目１２-５ 散田B1F パラドール,,0,八王子,八王子,めじろ台駅,めじろ台駅|西八王子駅|狭間駅|山田駅,816.0,,,,primary_area=八王子,70,+20(rental=1)|+30(レンタルスタジオ)|+20(web),0,1
八王子のレンタルダンススタジオおすすめ,エリア,A,レンタルスタジオ REBRI,〒192-0085 東京都八王子市中町７-７ ニシカワビル 5F,,0,八王子,八王子,八王子駅,八王子駅,449.0,,,,primary_area=八王子,50,+20(rental=1)|+30(レンタルスタジオ),0,1
八王子のレンタルダンススタジオおすすめ,エリア,A,studio KAJIMAYA,〒192-0074 東京都八王子市天神町２１-２,,0,八王子,八王子,八王子駅,八王子駅,800.0,,,,primary_area=八王子,20,+20(rental=1),0,1
八王子のレンタルダンススタジオおすすめ,エリア,A,BUZZ レンタルスタジオ八王子店,〒192-0082 東京都八王子市東町１１-３ センチュリーステーションビル B1,,0,八王子,八王子,八王子駅,八王子駅,264.0,,,,primary_area=八王子,50,+20(rental=1)|+30(レンタルスタジオ),0,1
八王子のレンタルダンススタジオおすすめ,エリア,A,スタジオ カノン 東町店,〒184-0011 東京都八王子市東町２丁目９ ムジカ八王子ビル,,0,八王子,八王子,八王子駅,八王子駅,355.0,,,,primary_area=八王子,20,+20(rental=1),0,1
八王子のレンタルダンススタジオおすすめ,エリア,A,レンタルスタジオ8 NORTH GATE,〒193-0931 東京都八王子市台町２丁目１１-２１ 2F,,0,八王子,八王子,山田駅,山田駅|西八王子駅|めじろ台駅|京王片倉駅|八王子駅,653.0,,,,primary_area=八王子,50,+20(rental=1)|+30(レンタルスタジオ),0,1
八王子のレンタルダンススタジオおすすめ,エリア,A,レンタルダンススタジオTerrace八王子,〒192-0085 東京都八王子市中町６-６ 店舗（旧 川和ビル 3階,,0,八王子,八王子,八王子駅,八王子駅,412.0,,,,primary_area=八王子,60,+20(rental=1)|+40(レンタルダンス),0,1
八王子のレンタルダンススタジオおすすめ,エリア,A,八王子フラスタジオ Mauna leo（マウナレオ）,〒192-0046 東京都八王子市明神町２丁目10-１０ 3階,,0,八王子,八王子,八王子駅,八王子駅,907.0,,,,primary_area=八王子,20,+20(rental=1),0,1
北千住のレンタルダンススタジオおすすめ,エリア,A,AAPA 日の出町団地スタジオ,〒120-0021 東京都足立区日ノ出町２７ 日の出町団地１号棟 １０３,,0,北千住,北千住,北千住駅,北千住駅,287.0,,,,primary_area=北千住,20,+20(rental=1),0,1
北千住のレンタルダンススタジオおすすめ,エリア,A,Brilliant Me Dance Studio 鹿浜校,〒123-0864 東京都足立区鹿浜７丁目１２-４,,0,北千住,北千住,西新井大師西駅,西新井大師西駅|谷在家駅|江北駅|舎人公園駅|大師前駅|高野駅,571.0,,,,primary_area=北千住,45,+20(rental=1)|+25(ダンススタジオ),0,1
北千住のレンタルダンススタジオおすすめ,エリア,A,Dance Studio Broomstick,〒123-0873 東京都足立区扇２丁目２５-１ 扇橋会館 ８F,,0,北千住,北千住,扇大橋駅,扇大橋駅|高野駅|足立小台駅|江北駅|宮ノ前駅|小台駅|熊野前駅|荒川遊園地前駅|東尾久三丁目駅|大師前駅,59.0,,,,primary_area=北千住,45,+20(rental=1)|+25(ダンススタジオ),0,1
北千住のレンタルダンススタジオおすすめ,エリア,A,MAR'ｓ DANCE SCHOOL,〒121-0823 東京都足立区伊興３丁目１８-１９ ＮＹビル 1F,,0,北千住,北千住,竹ノ塚駅,竹ノ塚駅|舎人公園駅|谷在家駅|大師前駅|舎人駅,293.0,,,,primary_area=北千住,20,+20(rental=1),0,1
北千住のレンタルダンススタジオおすすめ,エリア,A,SIM STUDIO 西新井,〒123-0872 東京都足立区江北７丁目２７-６ ＩＥＰＪＡＰＡＮ,,0,北千住,北千住,西新井大師西駅,西新井大師西駅|谷在家駅|江北駅|大師前駅|舎人公園駅|高野駅,504.0,,,,primary_area=北千住,20,+20(rental=1),0,1
北千住のレンタルダンススタジオおすすめ,エリア,A,キッズダンススタジオSerenita西新井店,〒123-0842 東京都足立区栗原１丁目７-２０ 3階,,0,北千住,北千住,西新井駅,西新井駅|大師前駅|梅島駅|竹ノ塚駅|西新井大師西駅|江北駅,228.0,,,,primary_area=北千住,45,+20(rental=1)|+25(ダンススタジオ),0,1
北千住のレンタルダンススタジオおすすめ,エリア,A,スタジオアリス 足立舎人店,〒121-0831 東京都足立区舎人１丁目１５-９,,0,北千住,北千住,舎人駅,舎人駅|舎人公園駅|見沼代親水公園駅|谷在家駅,47.0,,,,primary_area=北千住,20,+20(rental=1),0,1
北千住のレンタルダンススタジオおすすめ,エリア,A,スタジオキャリコ,〒123-0842 東京都足立区栗原３丁目１０-１５ ＴＫＳ税理士ビル,,0,北千住,北千住,大師前駅,大師前駅|西新井駅|西新井大師西駅|江北駅|梅島駅|高野駅|谷在家駅|竹ノ塚駅|扇大橋駅,209.0,,,,primary_area=北千住,20,+20(rental=1),0,1
北千住のレンタルダンススタジオおすすめ,エリア,A,レンタルスタジオ Gスクエア,〒120-0036 東京都足立区千住仲町１-２,,0,北千住,北千住,北千住駅,北千住駅,855.0,,,,primary_area=北千住,50,+20(rental=1)|+30(レンタルスタジオ),0,1
北千住のレンタルダンススタジオおすすめ,エリア,A,花柳 珠絃,〒123-0873 東京都足立区扇１丁目４４-３,,0,北千住,北千住,扇大橋駅,扇大橋駅|高野駅|江北駅|足立小台駅|大師前駅|西新井駅|西新井大師西駅,587.0,,,,primary_area=北千住,20,+20(rental=1),0,1
北千住のレンタルダンススタジオおすすめ,エリア,A,舎人公園 ドッグラン,〒121-0837 東京都足立区舎人公園１,,0,北千住,北千住,舎人公園駅,舎人公園駅|舎人駅|谷在家駅|西新井大師西駅|見沼代親水公園駅|竹ノ塚駅,181.0,,,,primary_area=北千住,20,+20(rental=1),0,1
北千住のレンタルダンススタジオおすすめ,エリア,A,舎人公園陸上競技場,〒121-0837 東京都足立区舎人公園１-１,,0,北千住,北千住,舎人公園駅,舎人公園駅|舎人駅|谷在家駅|見沼代親水公園駅,480.0,,,,primary_area=北千住,20,+20(rental=1),0,1
北千住のレンタルダンススタジオおすすめ,エリア,A,Studio Sun-Sea,〒124-0006 東京都葛飾区堀切４丁目１１-２ 堀学ビル 302号室,,0,新小岩,新小岩,堀切菖蒲園駅,堀切菖蒲園駅|堀切駅|お花茶屋駅|京成関屋駅|牛田駅|綾瀬駅|鐘ケ淵駅|小菅駅|四ツ木駅|北千住駅,89.0,,,,tag/station:北千住,40,+20(rental=1)|+20(web),0,1
北千住のレンタルダンススタジオおすすめ,エリア,A,BUZZ竹ノ塚,〒121-0823 東京都足立区伊興３丁目１８-１９ ＮＹビル 3階,https://dance-studio-lab.com/room/Zjk4YThkNDItZDI4OC00MTRlLTg2NDgtYTgxZDUyYjgxMjQ2/detail,1,北千住,北千住,竹ノ塚駅,竹ノ塚駅|舎人公園駅|谷在家駅|大師前駅|舎人駅,295.0,,,,primary_area=北千住,50,+30(dslurl)|+20(rental=1),0,1
北千住のレンタルダンススタジオおすすめ,エリア,A,斉藤ひろ子バレエスタジオ,〒120-0011 東京都足立区中央本町１丁目１２-１０,,0,北千住,北千住,梅島駅,梅島駅|五反野駅|西新井駅|青井駅|小菅駅,562.0,,,,primary_area=北千住,20,+20(rental=1),0,1
北千住のレンタルダンススタジオおすすめ,エリア,A,梅島ミアスタジオ,〒121-0816 東京都足立区梅島２丁目１９-９,,0,北千住,北千住,梅島駅,梅島駅|西新井駅|大師前駅|五反野駅,472.0,,,,primary_area=北千住,20,+20(rental=1),0,1
北千住のレンタルダンススタジオおすすめ,エリア,A,ココのスタジオ,〒123-0851 東京都足立区梅田６丁目３３-５ ＳＳＫグリーンパーク梅島駅前 801号室,,0,北千住,北千住,梅島駅,梅島駅|西新井駅|五反野駅|大師前駅|小菅駅,224.0,,,,primary_area=北千住,20,+20(rental=1),0,1
吉祥寺のレンタルダンススタジオおすすめ,エリア,A,[吉祥寺ダンススタジオ] Studio Amrita NORTH,〒180-0004 東京都武蔵野市吉祥寺本町２丁目５-１０ いちご吉祥寺ビル B1,,0,吉祥寺,吉祥寺,吉祥寺駅,吉祥寺駅,436.0,,,,primary_area=吉祥寺,65,+20(rental=1)|+25(ダンススタジオ)|+20(web),0,1
吉祥寺のレンタルダンススタジオおすすめ,エリア,A,emotionS Dance Studio,〒180-0006 東京都武蔵野市中町１丁目２５-１０ 三祐ビル B1F,,0,吉祥寺,吉祥寺,三鷹駅,三鷹駅,220.0,,,,primary_area=吉祥寺,45,+20(rental=1)|+25(ダンススタジオ),0,1
吉祥寺のレンタルダンススタジオおすすめ,エリア,A,TONIC DANCE STUDIO 吉祥寺,〒180-0002 東京都武蔵野市吉祥寺東町１丁目１０-２１ 地下1階 西郊ビル,,0,吉祥寺,吉祥寺,吉祥寺駅,吉祥寺駅,393.0,,,,primary_area=吉祥寺,45,+20(rental=1)|+25(ダンススタジオ),0,1
吉祥寺のレンタルダンススタジオおすすめ,エリア,A,LIMITED Creaation. dance studio,〒180-0004 東京都武蔵野市１丁目２４-７ 吉祥寺光ビル 6F 吉祥寺,,0,吉祥寺,吉祥寺,吉祥寺駅,吉祥寺駅,146.0,,,,primary_area=吉祥寺,45,+20(rental=1)|+25(ダンススタジオ),0,1
吉祥寺のレンタルダンススタジオおすすめ,エリア,A,レンタルスタジオ吉祥寺OLI（オリ）,〒180-0003 東京都武蔵野市吉祥寺南町２丁目２０-１ 吉祥寺オリンピックマンション B8,,0,吉祥寺,吉祥寺,吉祥寺駅,吉祥寺駅,475.0,,,,primary_area=吉祥寺,70,+20(rental=1)|+30(レンタルスタジオ)|+20(web),0,1
吉祥寺のレンタルダンススタジオおすすめ,エリア,A,ノアスタジオ 吉祥寺店,〒180-0004 東京都武蔵野市吉祥寺本町２丁目１６-１２ B１F,,0,吉祥寺,吉祥寺,吉祥寺駅,吉祥寺駅,406.0,,,,primary_area=吉祥寺,20,+20(rental=1),0,1
吉祥寺のレンタルダンススタジオおすすめ,エリア,A,吉祥寺 レンタルスタジオ さんだる倶楽部,〒180-0003 東京都武蔵野市吉祥寺南町１丁目３０-１ パークヴィラ吉祥寺２階,,0,吉祥寺,吉祥寺,吉祥寺駅,吉祥寺駅,395.0,,,,primary_area=吉祥寺,50,+20(rental=1)|+30(レンタルスタジオ),0,1
吉祥寺のレンタルダンススタジオおすすめ,エリア,A,レンタルスタジオOLI（オリ） 三鷹 ［定員30名 教室レッスン、スポットレンタルできます］,〒180-0013 東京都武蔵野市西久保２丁目１-１０ Ｙ’Ｓビル B１ ワイズビル,,0,吉祥寺,吉祥寺,三鷹駅,三鷹駅,628.0,,,,primary_area=吉祥寺,30,+20(rental=1)|+30(レンタルスタジオ)|+20(web)|-40(教室),0,1
吉祥寺のレンタルダンススタジオおすすめ,エリア,A,レンタルスタジオ西荻リノ,〒167-0042 東京都杉並区西荻北２丁目３-９ グランピア西荻窪 Ｂ101,,0,高円寺,高円寺,西荻窪駅,西荻窪駅|荻窪駅|三鷹台駅|井の頭公園駅|久我山駅|吉祥寺駅,156.0,,,,tag/station:吉祥寺,50,+20(rental=1)|+30(レンタルスタジオ),0,1
吉祥寺のレンタルダンススタジオおすすめ,エリア,A,スタジオLINOVA（リノ・バ）,〒167-0054 東京都杉並区松庵３丁目１-６ 松庵ユニオンビル B1,,0,高円寺,高円寺,西荻窪駅,西荻窪駅|三鷹台駅|久我山駅|井の頭公園駅|吉祥寺駅|富士見ヶ丘駅,552.0,,,,tag/station:吉祥寺,20,+20(rental=1),0,1
吉祥寺のレンタルダンススタジオおすすめ,エリア,A,MCSpace,〒167-0053 東京都杉並区西荻南２丁目２５-６ 西荻プラザビル B1F,,0,高円寺,高円寺,西荻窪駅,西荻窪駅|三鷹台駅|久我山駅|井の頭公園駅|荻窪駅|吉祥寺駅|富士見ヶ丘駅,275.0,,,,tag/station:吉祥寺,20,+20(rental=1),0,1
吉祥寺のレンタルダンススタジオおすすめ,エリア,A,World of Dance Studios Tokyo,〒180-0004 東京都武蔵野市吉祥寺本町１丁目２４-７ 吉祥寺光ビル 6F,,0,吉祥寺,吉祥寺,吉祥寺駅,吉祥寺駅,146.0,,,,primary_area=吉祥寺,45,+20(rental=1)|+25(ダンススタジオ),0,1
吉祥寺のレンタルダンススタジオおすすめ,エリア,A,アカペラスタジオ ベースオントップ吉祥寺店,〒180-0004 東京都武蔵野市吉祥寺本町１丁目２０-３ B1F,,0,吉祥寺,吉祥寺,吉祥寺駅,吉祥寺駅,312.0,,,,primary_area=吉祥寺,20,+20(rental=1),0,1
吉祥寺のレンタルダンススタジオおすすめ,エリア,A,クリエイティブスペース・フュージョン,〒167-0053 東京都杉並区西荻南３丁目２４-２４-１ 西荻マイロード 27,,0,高円寺,高円寺,西荻窪駅,西荻窪駅|荻窪駅|三鷹台駅|久我山駅|井の頭公園駅|吉祥寺駅,141.0,,,,tag/station:吉祥寺,20,+20(rental=1),0,1
吉祥寺のレンタルダンススタジオおすすめ,エリア,A,ダンススペース ベースオントップ吉祥寺店,〒180-0004 東京都武蔵野市吉祥寺本町１丁目２０-３ B1F,,0,吉祥寺,吉祥寺,吉祥寺駅,吉祥寺駅,326.0,,,,primary_area=吉祥寺,20,+20(rental=1),0,1
吉祥寺のレンタルダンススタジオおすすめ,エリア,A,ブロックオン,〒180-0002 東京都武蔵野市吉祥寺東町１丁目２-２ オリエントプラザ丹野,,0,吉祥寺,吉祥寺,吉祥寺駅,吉祥寺駅,613.0,,,,primary_area=吉祥寺,20,+20(rental=1),0,1
吉祥寺のレンタルダンススタジオおすすめ,エリア,A,レンタルスタジオ D-Base 武蔵境店,〒180-0022 東京都武蔵野市境１丁目３-２ 平田ビル 3階,,0,吉祥寺,吉祥寺,武蔵境駅,武蔵境駅|三鷹駅|新小金井駅|東小金井駅,185.0,,,,primary_area=吉祥寺,50,+20(rental=1)|+30(レンタルスタジオ),0,1
吉祥寺のレンタルダンススタジオおすすめ,エリア,A,吉祥寺 レンタルスタジオ LC Rental,〒180-0004 東京都武蔵野市吉祥寺本町１丁目２４-７ 吉祥寺光ビル 6F,,0,吉祥寺,吉祥寺,吉祥寺駅,吉祥寺駅,146.0,,,,primary_area=吉祥寺,70,+20(rental=1)|+30(レンタルスタジオ)|+20(web),0,1
吉祥寺のレンタルダンススタジオおすすめ,エリア,A,吉祥寺 吉すた レンタルスタジオ,〒180-0003 東京都武蔵野市吉祥寺南町２丁目２０-８ Ｋ＆Ｆビル 1Ｆ,,0,吉祥寺,吉祥寺,吉祥寺駅,吉祥寺駅,564.0,,,,primary_area=吉祥寺,50,+20(rental=1)|+30(レンタルスタジオ),0,1
吉祥寺のレンタルダンススタジオおすすめ,エリア,A,吉祥寺 三鷹 モリノスタジオ,〒181-0013 東京都三鷹市下連雀１丁目１７-４ GRATO井の頭公園 2F,,0,三鷹,三鷹,三鷹駅,三鷹駅|吉祥寺駅,923.0,,,,tag/station:吉祥寺,20,+20(rental=1),0,1
吉祥寺のレンタルダンススタジオおすすめ,エリア,A,吉祥寺スタジオ・レダ,〒180-0002 東京都武蔵野市吉祥寺東町１丁目１１-１８ Ｍビル 2F,,0,吉祥寺,吉祥寺,吉祥寺駅,吉祥寺駅,430.0,,,,primary_area=吉祥寺,20,+20(rental=1),0,1
吉祥寺のレンタルダンススタジオおすすめ,エリア,A,吉祥寺ダンスガレージ レンタルスタジオ,〒180-0003 東京都武蔵野市吉祥寺南町２丁目２９-１２ 1F 東伸自動車株式会社ビル,,0,吉祥寺,吉祥寺,吉祥寺駅,吉祥寺駅,599.0,,,,primary_area=吉祥寺,50,+20(rental=1)|+30(レンタルスタジオ),0,1
吉祥寺のレンタルダンススタジオおすすめ,エリア,A,吉祥寺ダンススタジオ【STUDIO55】スタジオゴーゴー,〒180-0004 東京都武蔵野市吉祥寺本町１丁目３３-１０ 丸二ビル,,0,吉祥寺,吉祥寺,吉祥寺駅,吉祥寺駅,410.0,,,,primary_area=吉祥寺,45,+20(rental=1)|+25(ダンススタジオ),0,1
吉祥寺のレンタルダンススタジオおすすめ,エリア,A,吉祥寺レンタルスペース[Studio Amrita WEST],"吉祥寺藤彩ビル B1, ２丁目-１７-１２ 吉祥寺本町 武蔵野市 東京都 180-0004",,0,吉祥寺,吉祥寺,吉祥寺駅,吉祥寺駅,353.0,,,,primary_area=吉祥寺,40,+20(rental=1)|+20(web),0,1
吉祥寺のレンタルダンススタジオおすすめ,エリア,A,御殿山永谷ダンススタジオ,〒180-0005 東京都武蔵野市御殿山１丁目６-４ 太陽ビル,,0,吉祥寺,吉祥寺,吉祥寺駅,吉祥寺駅,301.0,,,,primary_area=吉祥寺,45,+20(rental=1)|+25(ダンススタジオ),0,1
吉祥寺のレンタルダンススタジオおすすめ,エリア,A,三鷹イレブン会館 永谷ダンススタジオ 貸会議室,〒180-0006 東京都武蔵野市中町２丁目１３-１,,0,吉祥寺,吉祥寺,三鷹駅,三鷹駅,397.0,,,,primary_area=吉祥寺,45,+20(rental=1)|+25(ダンススタジオ),0,1
吉祥寺のレンタルダンススタジオおすすめ,エリア,A,西荻窪永谷ダンススタジオ,〒167-0054 東京都杉並区松庵３丁目４０-９,,0,高円寺,高円寺,西荻窪駅,西荻窪駅|三鷹台駅|井の頭公園駅|吉祥寺駅|久我山駅|荻窪駅,107.0,,,,tag/station:吉祥寺,45,+20(rental=1)|+25(ダンススタジオ),0,1
吉祥寺のレンタルダンススタジオおすすめ,エリア,A,西荻窪七宝レンタルスペース,〒167-0042 東京都杉並区西荻北３丁目２５-１ 七宝マンション 1階,,0,高円寺,高円寺,西荻窪駅,西荻窪駅|井の頭公園駅|吉祥寺駅|三鷹台駅|久我山駅|荻窪駅,259.0,,,,tag/station:吉祥寺,20,+20(rental=1),0,1
吉祥寺のレンタルダンススタジオおすすめ,エリア,A,早坂ダンススタジオ,〒180-0003 東京都武蔵野市吉祥寺南町２丁目６-１,,0,吉祥寺,吉祥寺,吉祥寺駅,吉祥寺駅,178.0,,,,primary_area=吉祥寺,45,+20(rental=1)|+25(ダンススタジオ),0,1
後楽園のレンタルダンススタジオおすすめ,エリア,A,alt studio (オルトスタジオ),〒101-0051 東京都千代田区神田神保町１丁目64-３ 神保町ビル 6F,,0,秋葉原,秋葉原,神保町駅,神保町駅|水道橋駅|御茶ノ水駅|新御茶ノ水駅|九段下駅|小川町駅|竹橋駅|本郷三丁目駅|春日駅|後楽園駅,327.0,,,,tag/station:後楽園,20,+20(rental=1),0,1
後楽園のレンタルダンススタジオおすすめ,エリア,A,KBAバレエスタジオ御茶ノ水,〒113-0034 東京都文京区湯島１丁目１２-６ 地下1F 高関ビル,,0,後楽園,後楽園,秋葉原駅,秋葉原駅,763.0,,,,primary_area=後楽園,20,+20(rental=1),0,1
後楽園のレンタルダンススタジオおすすめ,エリア,A,ソニズダンススタジオ茗荷谷店,〒112-0006 東京都文京区小日向４丁目６-１９ 共立会館ビル B1階,,0,後楽園,後楽園,茗荷谷駅,茗荷谷駅|護国寺駅|江戸川橋駅|新大塚駅|千石駅|白山駅|神楽坂駅|後楽園駅|本駒込駅|向原駅,42.0,,,,primary_area=後楽園,45,+20(rental=1)|+25(ダンススタジオ),0,1
後楽園のレンタルダンススタジオおすすめ,エリア,A,Zsa Zsa Zsu Dance Studio ザザズ,〒112-0014 東京都文京区関口１丁目４８-５ 第２榎本ビル 2階,,0,後楽園,後楽園,江戸川橋駅,江戸川橋駅|神楽坂駅|早稲田駅|茗荷谷駅|牛込神楽坂駅|護国寺駅|牛込柳町駅|面影橋駅|飯田橋駅|若松河田駅,249.0,,,,primary_area=後楽園,45,+20(rental=1)|+25(ダンススタジオ),0,1
後楽園のレンタルダンススタジオおすすめ,エリア,A,Zsa Zsa Zsu Studio,〒112-0014 東京都文京区関口１丁目６-９ 川田ビル 1階,,0,後楽園,後楽園,江戸川橋駅,江戸川橋駅|神楽坂駅|牛込神楽坂駅|早稲田駅|茗荷谷駅|牛込柳町駅|護国寺駅|飯田橋駅|若松河田駅|面影橋駅,184.0,,,,primary_area=後楽園,20,+20(rental=1),0,1
後楽園のレンタルダンススタジオおすすめ,エリア,A,D→TA (ディータ),〒112-0001 東京都文京区白山５丁目３３-１４ 2階,,0,後楽園,後楽園,白山駅,白山駅|本駒込駅|東大前駅|千石駅|千駄木駅|根津駅|茗荷谷駅|後楽園駅|春日駅|駒込駅,150.0,,,,primary_area=後楽園,20,+20(rental=1),0,1
後楽園のレンタルダンススタジオおすすめ,エリア,A,スタジオ With The Heart,"関口１丁目１５ー１ ミサオビルB１F, 文京区 東京都 112-0014",,0,後楽園,後楽園,江戸川橋駅,江戸川橋駅|神楽坂駅|牛込神楽坂駅|茗荷谷駅|飯田橋駅|早稲田駅|牛込柳町駅|護国寺駅|後楽園駅|春日駅,197.0,,,,primary_area=後楽園,20,+20(rental=1),0,1
後楽園のレンタルダンススタジオおすすめ,エリア,A,スタジオ・マンサナ,〒112-0002 東京都文京区小石川２丁目３-２１,,0,後楽園,後楽園,後楽園駅,後楽園駅|春日駅|水道橋駅|本郷三丁目駅|飯田橋駅|東大前駅|白山駅|茗荷谷駅|九段下駅|根津駅,148.0,,,,primary_area=後楽園,20,+20(rental=1),0,1
後楽園のレンタルダンススタジオおすすめ,エリア,A,スタジオＤ２,〒113-0001 東京都文京区白山１丁目１８-７ 石川ビル,,0,後楽園,後楽園,白山駅,白山駅|東大前駅|本駒込駅|後楽園駅|春日駅|根津駅|千石駅|千駄木駅|本郷三丁目駅|茗荷谷駅,389.0,,,,primary_area=後楽園,20,+20(rental=1),0,1
後楽園のレンタルダンススタジオおすすめ,エリア,A,レンタルスタジオSunny 駒込店,〒113-0021 東京都文京区本駒込５丁目１９-９ ワコー本駒込マンション 地下1F,,0,後楽園,後楽園,駒込駅,駒込駅|千石駅|本駒込駅|巣鴨駅|田端駅|白山駅|千駄木駅|西日暮里駅|上中里駅|尾久駅,526.0,,,,primary_area=後楽園,50,+20(rental=1)|+30(レンタルスタジオ),0,1
後楽園のレンタルダンススタジオおすすめ,エリア,A,パルティールバレエスタジオ,〒113-0033 東京都文京区本郷４丁目２５-８ レッチフィールド本郷４丁目3F,,0,後楽園,後楽園,春日駅,春日駅|後楽園駅|本郷三丁目駅|東大前駅|水道橋駅|白山駅|飯田橋駅|根津駅|湯島駅|御茶ノ水駅,292.0,,,,primary_area=後楽園,20,+20(rental=1),0,1
後楽園のレンタルダンススタジオおすすめ,エリア,A,モダン出版株式会社,〒113-0034 東京都文京区湯島３丁目１２-１１,,0,後楽園,後楽園,秋葉原駅,秋葉原駅,811.0,,,,primary_area=後楽園,20,+20(rental=1),0,1
後楽園のレンタルダンススタジオおすすめ,エリア,A,リアクション2MANA,〒113-0033 東京都文京区本郷２丁目３６-２ 地下1階,,0,後楽園,後楽園,本郷三丁目駅,本郷三丁目駅|春日駅|後楽園駅|水道橋駅|御茶ノ水駅|湯島駅|東大前駅|神保町駅|飯田橋駅|新御茶ノ水駅,283.0,,,,primary_area=後楽園,20,+20(rental=1),0,1
後楽園のレンタルダンススタジオおすすめ,エリア,A,レンタルスペース リノスペcamp東京ドーム,〒101-0061 東京都千代田区神田三崎町２丁目１２-５ ニュー千代田ビル 3F-A,,0,秋葉原,秋葉原,水道橋駅,水道橋駅|九段下駅|神保町駅|飯田橋駅|春日駅|後楽園駅|御茶ノ水駅|本郷三丁目駅|新御茶ノ水駅|竹橋駅,167.0,,,,tag/station:後楽園,20,+20(rental=1),0,1
後楽園のレンタルダンススタジオおすすめ,エリア,A,レンタル撮影スタジオDOLLY飯田橋1号店,〒102-0072 東京都千代田区飯田橋３丁目６-６ 港屋ビル 2F,,0,秋葉原,秋葉原,飯田橋駅,飯田橋駅|水道橋駅|九段下駅|後楽園駅|牛込神楽坂駅|春日駅|神楽坂駅|神保町駅|本郷三丁目駅|江戸川橋駅,134.0,,,,tag/station:後楽園,20,+20(rental=1),0,1
後楽園のレンタルダンススタジオおすすめ,エリア,A,神楽坂バレエクラス,〒162-0825 東京都新宿区神楽坂３丁目２,,0,新宿,新宿|西新宿|高田馬場|新大久保,飯田橋駅,飯田橋駅|牛込神楽坂駅|神楽坂駅|江戸川橋駅|水道橋駅|九段下駅|後楽園駅|市ケ谷駅|牛込柳町駅|春日駅,400.0,,,,tag/station:後楽園,20,+20(rental=1),0,1
後楽園のレンタルダンススタジオおすすめ,エリア,A,水道橋ダンススタジオ,〒101-0061 東京都千代田区神田三崎町３丁目４-４ グラン水道橋,,0,秋葉原,秋葉原,水道橋駅,水道橋駅|九段下駅|飯田橋駅|神保町駅|後楽園駅|春日駅|本郷三丁目駅|御茶ノ水駅|新御茶ノ水駅|竹橋駅,168.0,,,,tag/station:後楽園,45,+20(rental=1)|+25(ダンススタジオ),0,1
後楽園のレンタルダンススタジオおすすめ,エリア,A,茗荷谷ダンスプラザ,〒112-0002 東京都文京区小石川５丁目２-２ わかさビルB1,,0,後楽園,後楽園,茗荷谷駅,茗荷谷駅|江戸川橋駅|護国寺駅|白山駅|新大塚駅|千石駅|後楽園駅|神楽坂駅|春日駅|本駒込駅,274.0,,,,primary_area=後楽園,20,+20(rental=1),0,1
後楽園のレンタルダンススタジオおすすめ,エリア,A,スタジオピアーチェ春日後楽園店,東京都文京区春日2丁目23番11号　コア伝通院アネックス地下一階,https://dance-studio-lab.com/room/MGRlMzFmOGEtODQ5Ni00YjlkLTliNzktNWRmYmI0NzkwM2Q0/detail,1,後楽園,後楽園,後楽園駅,後楽園駅|春日駅|飯田橋駅|茗荷谷駅|江戸川橋駅|神楽坂駅|水道橋駅|白山駅|牛込神楽坂駅|東大前駅,679.0,,,,primary_area=後楽園,50,+30(dslurl)|+20(rental=1),0,1
後楽園のレンタルダンススタジオおすすめ,エリア,A,スタジオピアーチェ江戸川橋店,東京都文京区水道2-10-7エクセルビル地下一階,https://dance-studio-lab.com/room/NWM3NGU4NjAtNTU5MS00NzUyLTg5ZTQtZWM3NGYwZTliOGZj/detail,1,後楽園,後楽園,江戸川橋駅,江戸川橋駅|神楽坂駅|茗荷谷駅|護国寺駅|早稲田駅|牛込神楽坂駅|牛込柳町駅|飯田橋駅|面影橋駅|新大塚駅,141.0,,,,primary_area=後楽園,50,+30(dslurl)|+20(rental=1),0,1
成増のレンタルダンススタジオおすすめ,エリア,A,Be Rise Dance Studio,〒174-0056 東京都板橋区志村１丁目３２-３０ 山和建物 1階,,0,成増,成増,志村坂上駅,志村坂上駅|志村三丁目駅|本蓮沼駅|蓮根駅|浮間舟渡駅|北赤羽駅|ときわ台駅|上板橋駅,349.0,,,,primary_area=成増,45,+20(rental=1)|+25(ダンススタジオ),0,1
成増のレンタルダンススタジオおすすめ,エリア,A,dance studio GROOVY ダンス＆ヨガ,"いづみ屋ビル 4階, ２丁目-２０-２ 成増 板橋区 東京都 175-0094",,0,成増,成増,地下鉄成増駅,地下鉄成増駅|成増駅|地下鉄赤塚駅|下赤塚駅,130.0,,,,primary_area=成増,45,+20(rental=1)|+25(ダンススタジオ),0,1
成増のレンタルダンススタジオおすすめ,エリア,A,ＧＯＣＯＯスタジオ,〒174-0041 東京都板橋区舟渡２丁目２０-８,,0,成増,成増,浮間舟渡駅,浮間舟渡駅|蓮根駅|戸田公園駅|西台駅|北赤羽駅,569.0,,,,primary_area=成増,20,+20(rental=1),0,1
成増のレンタルダンススタジオおすすめ,エリア,A,K-Dance Style【ケイ-ダンス スタイル】,〒174-0076 東京都板橋区上板橋２丁目８-２ WBD上板橋第3 B004,,0,成増,成増,上板橋駅,上板橋駅|東武練馬駅|ときわ台駅|氷川台駅|平和台駅,284.0,,,,primary_area=成増,20,+20(rental=1),0,1
成増のレンタルダンススタジオおすすめ,エリア,A,MIZUE Ballet School,〒179-0076 東京都練馬区土支田１丁目２８-１４ ３F,,0,練馬,練馬,光が丘駅,光が丘駅|地下鉄成増駅|成増駅,1144.0,,,,tag/station:成増,20,+20(rental=1),0,1
成増のレンタルダンススタジオおすすめ,エリア,A,swing swing,〒173-0004 東京都板橋区板橋１丁目３６-６,,0,成増,成増,下板橋駅,下板橋駅|新板橋駅|板橋駅|板橋区役所前駅|北池袋駅|大山駅|西巣鴨駅|十条駅|新庚申塚駅|庚申塚駅,252.0,,,,primary_area=成増,20,+20(rental=1),0,1
成増のレンタルダンススタジオおすすめ,エリア,A,カルサロ レンタルスタジオサロン,〒179-0073 東京都練馬区田柄２丁目３２-２３ アネックスミスズ ２F,,0,練馬,練馬,地下鉄赤塚駅,地下鉄赤塚駅|下赤塚駅|東武練馬駅|平和台駅|成増駅|地下鉄成増駅|光が丘駅|練馬春日町駅,216.0,,,,tag/station:成増,50,+20(rental=1)|+30(レンタルスタジオ),0,1
成増のレンタルダンススタジオおすすめ,エリア,A,ケアリノフラスタジオ,〒179-0081 東京都練馬区北町８丁目３６-２,,0,練馬,練馬,地下鉄赤塚駅,地下鉄赤塚駅|下赤塚駅|平和台駅|東武練馬駅|成増駅|地下鉄成増駅|光が丘駅|練馬春日町駅,339.0,,,,tag/station:成増,20,+20(rental=1),0,1
成増のレンタルダンススタジオおすすめ,エリア,A,サイスタジオ,〒173-0014 東京都板橋区大山東町１９-１ FM10ラ･アクシオンビル4階,,0,成増,成増,大山駅,大山駅|板橋区役所前駅|下板橋駅|中板橋駅|北池袋駅|板橋本町駅|板橋駅|新板橋駅|千川駅|要町駅,146.0,,,,primary_area=成増,20,+20(rental=1),0,1
成増のレンタルダンススタジオおすすめ,エリア,A,サイスタジオ小茂根,〒173-0037 東京都板橋区小茂根１丁目９-５ サイスタジオ小茂根 2F,,0,成増,成増,小竹向原駅,小竹向原駅|江古田駅|千川駅|新桜台駅|氷川台駅|東長崎駅|新江古田駅|桜台駅|ときわ台駅|中板橋駅,127.0,,,,primary_area=成増,20,+20(rental=1),0,1
成増のレンタルダンススタジオおすすめ,エリア,A,スタジオBOS,〒174-0065 東京都板橋区若木１丁目２６-９,,0,成増,成増,東武練馬駅,東武練馬駅|上板橋駅|志村三丁目駅|蓮根駅|平和台駅,787.0,,,,primary_area=成増,20,+20(rental=1),0,1
成増のレンタルダンススタジオおすすめ,エリア,A,ハウススタジオ プラネアールときわ台スタジオ,〒174-0071 東京都板橋区常盤台２丁目９-５,,0,成増,成増,ときわ台駅,ときわ台駅|中板橋駅|上板橋駅|板橋本町駅|本蓮沼駅|大山駅|志村坂上駅|志村三丁目駅,159.0,,,,primary_area=成増,20,+20(rental=1),0,1
成増のレンタルダンススタジオおすすめ,エリア,A,スイープスタジオ,〒173-0004 東京都板橋区板橋２丁目６１-４ 板橋マリオン B1,,0,成増,成増,板橋区役所前駅,板橋区役所前駅|下板橋駅|大山駅|新板橋駅|板橋駅|北池袋駅|板橋本町駅|中板橋駅|十条駅|西巣鴨駅,139.0,,,,primary_area=成増,20,+20(rental=1),0,1
成増のレンタルダンススタジオおすすめ,エリア,A,Legato HALL,〒175-0082 東京都板橋区高島平８丁目６-６ ２階,,0,成増,成増,高島平駅,高島平駅|新高島平駅|西台駅|蓮根駅|西高島平駅,159.0,,,,primary_area=成増,20,+20(rental=1),0,1
成増のレンタルダンススタジオおすすめ,エリア,A,マリーコンツェルト,〒173-0016 東京都板橋区中板橋１８-１１,,0,成増,成増,中板橋駅,中板橋駅|ときわ台駅|板橋本町駅|大山駅|板橋区役所前駅|本蓮沼駅|上板橋駅,184.0,,,,primary_area=成増,20,+20(rental=1),0,1
成増のレンタルダンススタジオおすすめ,エリア,A,城北公園前レンタルスタジオ,〒174-0043 東京都板橋区坂下２丁目３１-５ ２F,,0,成増,成増,蓮根駅,蓮根駅|志村三丁目駅|西台駅|浮間舟渡駅|志村坂上駅|高島平駅,255.0,,,,primary_area=成増,50,+20(rental=1)|+30(レンタルスタジオ),0,1
成増のレンタルダンススタジオおすすめ,エリア,A,多目的貸スタジオ-TSスタジオ,〒174-0056 東京都板橋区志村３丁目１７-２ TSビル 4階,,0,成増,成増,志村三丁目駅,志村三丁目駅|蓮根駅|志村坂上駅|西台駅|上板橋駅|浮間舟渡駅|本蓮沼駅,267.0,,,,primary_area=成増,20,+20(rental=1),0,1
町田のレンタルダンススタジオおすすめ,エリア,A,Caribbean explosion,〒194-0012 東京都町田市金森１丁目３-１ Hamanoya 202,,0,町田,町田,町田駅,町田駅,991.0,,,,primary_area=町田,20,+20(rental=1),0,1
町田のレンタルダンススタジオおすすめ,エリア,A,Funky Gang Dance Studio,〒194-0022 東京都町田市森野１丁目９-１７ B1,,0,町田,町田,町田駅,町田駅,566.0,,,,primary_area=町田,45,+20(rental=1)|+25(ダンススタジオ),0,1
町田のレンタルダンススタジオおすすめ,エリア,A,YOKOTA BASE STUDIO,〒194-0013 東京都町田市原町田１丁目６-２４ 田島第二ビル,,0,町田,町田,町田駅,町田駅,257.0,,,,primary_area=町田,20,+20(rental=1),0,1
町田のレンタルダンススタジオおすすめ,エリア,A,クラウドナインスタジオ 町田店,〒194-0013 東京都町田市原町田４丁目１１-１４ コロンブスビル 6F,,0,町田,町田,町田駅,町田駅,213.0,,,,primary_area=町田,20,+20(rental=1),0,1
町田のレンタルダンススタジオおすすめ,エリア,A,スタジオK,〒195-0064 東京都町田市小野路町２０７３-３,,0,町田,町田,なし,,,,,,primary_area=町田,20,+20(rental=1),0,1
町田のレンタルダンススタジオおすすめ,エリア,A,スタジオSOPIC,〒194-0045 東京都町田市南成瀬１丁目2-１,,0,町田,町田,成瀬駅,成瀬駅|つくし野駅|長津田駅|恩田駅,95.0,,,,primary_area=町田,20,+20(rental=1),0,1
町田のレンタルダンススタジオおすすめ,エリア,A,ソピックカルチャー総合サイト,〒194-0045 東京都町田市南成瀬１丁目２-１,,0,町田,町田,成瀬駅,成瀬駅|つくし野駅|長津田駅|恩田駅,111.0,,,,primary_area=町田,20,+20(rental=1),0,1
町田のレンタルダンススタジオおすすめ,エリア,A,レンタルスタジオ マイレッスン 町田スタジオ2号,〒194-0021 東京都町田市中町１丁目１５-１１,,0,町田,町田,町田駅,町田駅,541.0,,,,primary_area=町田,50,+20(rental=1)|+30(レンタルスタジオ),0,1
町田のレンタルダンススタジオおすすめ,エリア,A,シバヨガ鶴川スタジオ,〒195-0061 東京都町田市 鶴川２－１４－１５ ２F,,0,町田,町田,鶴川駅,鶴川駅,1402.0,,,,primary_area=町田,20,+20(rental=1),0,1
町田のレンタルダンススタジオおすすめ,エリア,A,スタジオクレイン鶴川,〒195-0053 東京都町田市能ヶ谷２丁目１２,,0,町田,町田,鶴川駅,鶴川駅|柿生駅,167.0,,,,primary_area=町田,20,+20(rental=1),0,1
町田のレンタルダンススタジオおすすめ,エリア,A,ボイトレ＆ダンスの NAYUTAS（ナユタス）町田校,〒194-0022 東京都町田市森野１丁目１４-９ ＭＫビル 森野2F,,0,町田,町田,町田駅,町田駅,352.0,,,,primary_area=町田,20,+20(rental=1),0,1
町田のレンタルダンススタジオおすすめ,エリア,A,マウリ・ナニスタジオ,〒194-0004 東京都町田市鶴間１丁目１８-１ ドルフ南町田101,,0,町田,町田,南町田グランベリーパーク駅,南町田グランベリーパーク駅|つきみ野駅|すずかけ台駅,347.0,,,,primary_area=町田,20,+20(rental=1),0,1
町田のレンタルダンススタジオおすすめ,エリア,A,レンタルスタジオ STUDIO ZERO 町田ターミナル口店,〒194-0013 東京都町田市原町田４丁目７-３ 内藤ビル 地下1階B5号室,,0,町田,町田,町田駅,町田駅,265.0,,,,primary_area=町田,50,+20(rental=1)|+30(レンタルスタジオ),0,1
町田のレンタルダンススタジオおすすめ,エリア,A,森谷クラシックバレエ,〒195-0064 東京都町田市小野路町２０７３-３ スタジオK 内,,0,町田,町田,なし,,,,,,primary_area=町田,20,+20(rental=1),0,1
練馬のレンタルダンススタジオおすすめ,エリア,A,mikaバレエスタジオ,〒176-0011 東京都練馬区豊玉上２丁目２０-４ 石原ビル,,0,練馬,練馬,桜台駅,桜台駅|練馬駅|新桜台駅|新江古田駅|江古田駅|豊島園駅|氷川台駅|小竹向原駅,176.0,,,,primary_area=練馬,20,+20(rental=1),0,1
練馬のレンタルダンススタジオおすすめ,エリア,A,ＭＩＫＩバレエスタジオ,〒178-0063 東京都練馬区東大泉３丁目５０-３,,0,練馬,練馬,大泉学園駅,大泉学園駅|保谷駅,602.0,,,,primary_area=練馬,20,+20(rental=1),0,1
練馬のレンタルダンススタジオおすすめ,エリア,A,MIZUE Ballet School,〒179-0076 東京都練馬区土支田１丁目２８-１４ ３F,,0,練馬,練馬,光が丘駅,光が丘駅|地下鉄成増駅|成増駅,1144.0,,,,primary_area=練馬,20,+20(rental=1),0,1
練馬のレンタルダンススタジオおすすめ,エリア,A,STRADA STUDIO,〒179-0071 東京都練馬区旭町１丁目８-１ ３F,,0,練馬,練馬,光が丘駅,光が丘駅|地下鉄成増駅,873.0,,,,primary_area=練馬,20,+20(rental=1),0,1
練馬のレンタルダンススタジオおすすめ,エリア,A,studio fusion レンタルスタジオ,〒176-0001 東京都練馬区練馬１丁目２０-３ Nビル 2F,,0,練馬,練馬,練馬駅,練馬駅|桜台駅|豊島園駅|新桜台駅|新江古田駅|氷川台駅|江古田駅|中村橋駅,186.0,,,,primary_area=練馬,50,+20(rental=1)|+30(レンタルスタジオ),0,1
練馬のレンタルダンススタジオおすすめ,エリア,A,StudioNEXUS石神井校,〒177-0041 東京都練馬区石神井町６丁目３２-２０,,0,練馬,練馬,石神井公園駅,石神井公園駅|大泉学園駅|上石神井駅|練馬高野台駅|上井草駅,898.0,,,,primary_area=練馬,20,+20(rental=1),0,1
練馬のレンタルダンススタジオおすすめ,エリア,A,StudioNEXUS武蔵関校,〒177-0051 東京都練馬区関町北２丁目２２-１３ シャトーセキ B1,,0,練馬,練馬,武蔵関駅,武蔵関駅|東伏見駅|上石神井駅,181.0,,,,primary_area=練馬,20,+20(rental=1),0,1
練馬のレンタルダンススタジオおすすめ,エリア,A,えこてんハウススタジオ,〒176-0005 東京都練馬区旭丘１丁目７６-１０ 相枝ビル ４F,,0,練馬,練馬,江古田駅,江古田駅|新江古田駅|新桜台駅|小竹向原駅|桜台駅|東長崎駅|千川駅|氷川台駅|練馬駅|落合南長崎駅,61.0,,,,primary_area=練馬,40,+20(rental=1)|+20(web),0,1
練馬のレンタルダンススタジオおすすめ,エリア,A,カルサロ レンタルスタジオサロン,〒179-0073 東京都練馬区田柄２丁目３２-２３ アネックスミスズ ２F,,0,練馬,練馬,地下鉄赤塚駅,地下鉄赤塚駅|下赤塚駅|東武練馬駅|平和台駅|成増駅|地下鉄成増駅|光が丘駅|練馬春日町駅,216.0,,,,primary_area=練馬,50,+20(rental=1)|+30(レンタルスタジオ),0,1
練馬のレンタルダンススタジオおすすめ,エリア,A,ケアリノフラスタジオ,〒179-0081 東京都練馬区北町８丁目３６-２,,0,練馬,練馬,地下鉄赤塚駅,地下鉄赤塚駅|下赤塚駅|平和台駅|東武練馬駅|成増駅|地下鉄成増駅|光が丘駅|練馬春日町駅,339.0,,,,primary_area=練馬,20,+20(rental=1),0,1
練馬のレンタルダンススタジオおすすめ,エリア,A,ジョイ・バレエ ストゥーディオ 平和台スタジオ,〒179-0083 東京都練馬区平和台３丁目１５-１１ 飯塚ダンススタジオ,,0,練馬,練馬,氷川台駅,氷川台駅|平和台駅|東武練馬駅|上板橋駅|新桜台駅|桜台駅|豊島園駅,655.0,,,,primary_area=練馬,20,+20(rental=1),0,1
練馬のレンタルダンススタジオおすすめ,エリア,A,スタジオ ジュエル,〒179-0075 東京都練馬区高松１丁目１２-８,,0,練馬,練馬,練馬春日町駅,練馬春日町駅|中村橋駅|富士見台駅|光が丘駅|豊島園駅|練馬高野台駅,876.0,,,,primary_area=練馬,20,+20(rental=1),0,1
練馬のレンタルダンススタジオおすすめ,エリア,A,スタジオカリヨン,〒179-0081 東京都練馬区北町５丁目１８-４ スズキプリンティングサービス,,0,練馬,練馬,東武練馬駅,東武練馬駅|下赤塚駅|地下鉄赤塚駅|平和台駅,784.0,,,,primary_area=練馬,20,+20(rental=1),0,1
練馬のレンタルダンススタジオおすすめ,エリア,A,スタジオメッセ,〒176-0001 東京都練馬区練馬４丁目１９ １F メッセ豊島園２号館,,0,練馬,練馬,豊島園駅,豊島園駅|練馬駅|練馬春日町駅|中村橋駅|桜台駅|平和台駅|氷川台駅|新桜台駅|富士見台駅,225.0,,,,primary_area=練馬,20,+20(rental=1),0,1
練馬のレンタルダンススタジオおすすめ,エリア,A,スポーツクラブ ルネサンス 光が丘,〒179-0075 東京都練馬区高松５丁目８ J．CITYビル 1階,,0,練馬,練馬,光が丘駅,光が丘駅|練馬高野台駅|練馬春日町駅|石神井公園駅,758.0,,,,primary_area=練馬,20,+20(rental=1),0,1
練馬のレンタルダンススタジオおすすめ,エリア,A,スポーツクラブ ルネサンス 富士見台24,〒176-0021 東京都練馬区貫井３丁目１２-３３,,0,練馬,練馬,富士見台駅,富士見台駅|中村橋駅|練馬高野台駅|下井草駅|井荻駅|鷺ノ宮駅|豊島園駅,192.0,,,,primary_area=練馬,20,+20(rental=1),0,1
練馬のレンタルダンススタジオおすすめ,エリア,A,リアクション2はなれ,〒179-0084 東京都練馬区氷川台３丁目２４-１５ 石野ＮＴビル 地下1F,,0,練馬,練馬,氷川台駅,氷川台駅|新桜台駅|平和台駅|上板橋駅|小竹向原駅|桜台駅|江古田駅|東武練馬駅,367.0,,,,primary_area=練馬,20,+20(rental=1),0,1
練馬のレンタルダンススタジオおすすめ,エリア,A,レキップバレエスタジオ,〒178-0063 東京都練馬区東大泉１丁目３７-５,,0,練馬,練馬,大泉学園駅,大泉学園駅|保谷駅,107.0,,,,primary_area=練馬,20,+20(rental=1),0,1
練馬のレンタルダンススタジオおすすめ,エリア,A,レンタルスタジオ ふわり,〒176-0006 東京都練馬区栄町１５-５ 小林ビル Ａ号室,,0,練馬,練馬,新桜台駅,新桜台駅|桜台駅|江古田駅|新江古田駅|練馬駅|氷川台駅|小竹向原駅|豊島園駅|東長崎駅,354.0,,,,primary_area=練馬,50,+20(rental=1)|+30(レンタルスタジオ),0,1
練馬のレンタルダンススタジオおすすめ,エリア,A,レンタルスタジオ ワンデースタジオ,〒178-0065 東京都練馬区西大泉１ リバーサイド本橋 Ｂ１Ｆ,,0,練馬,練馬,大泉学園駅,大泉学園駅|保谷駅,549.0,,,,primary_area=練馬,50,+20(rental=1)|+30(レンタルスタジオ),0,1
練馬のレンタルダンススタジオおすすめ,エリア,A,大泉学園ノートル,"練馬区東大泉６丁目ー３４－４５ SKビルⅡ ２階 ３４, ３４ 練馬区 東京都 178-0063",,0,練馬,練馬,大泉学園駅,大泉学園駅|保谷駅|石神井公園駅,159.0,,,,primary_area=練馬,20,+20(rental=1),0,1
練馬のレンタルダンススタジオおすすめ,エリア,A,バーミリオン フェニックス チアダンス スタジオ,〒176-0023 東京都練馬区中村北１丁目５-９ 第二永崎ビル,,0,練馬,練馬,練馬駅,練馬駅|豊島園駅|中村橋駅|桜台駅|都立家政駅|鷺ノ宮駅|野方駅|富士見台駅|新桜台駅|新江古田駅,512.0,,,,primary_area=練馬,20,+20(rental=1),0,1
練馬のレンタルダンススタジオおすすめ,エリア,A,練馬 RB レンタルスタジオ,〒176-0023 東京都練馬区中村北１丁目５-９ 第二永崎ビル 4階,,0,練馬,練馬,練馬駅,練馬駅|豊島園駅|中村橋駅|桜台駅|都立家政駅|鷺ノ宮駅|野方駅|富士見台駅|新桜台駅|新江古田駅,513.0,,,,primary_area=練馬,50,+20(rental=1)|+30(レンタルスタジオ),0,1
蒲田のレンタルダンススタジオおすすめ,エリア,A,蒲田・矢口渡レンタルスタジオ momobana,〒146-0095 東京都大田区多摩川１丁目１８-１ 2階,,0,蒲田,蒲田,矢口渡駅,矢口渡駅|武蔵新田駅|蓮沼駅|池上駅|千鳥町駅|下丸子駅|蒲田駅,308.0,,,,primary_area=蒲田,50,+20(rental=1)|+30(レンタルスタジオ),0,1
蒲田のレンタルダンススタジオおすすめ,エリア,A,レンタルスタジオ N.studio,〒146-0091 東京都大田区鵜の木２丁目５-１ イーグル鵜の木,,0,蒲田,蒲田,鵜の木駅,鵜の木駅|下丸子駅|久が原駅|千鳥町駅|沼部駅|御嶽山駅|向河原駅|武蔵新田駅|新丸子駅|平間駅,53.0,,,,primary_area=蒲田,50,+20(rental=1)|+30(レンタルスタジオ),0,1
蒲田のレンタルダンススタジオおすすめ,エリア,A,JOYFIT24 石川台,〒145-0065 東京都大田区東雪谷２丁目５-１ 1F・2F エンゼルハイム東雪谷,,0,蒲田,蒲田,石川台駅,石川台駅|洗足池駅|雪が谷大塚駅|緑が丘駅|大岡山駅|北千束駅|奥沢駅|長原駅|御嶽山駅|田園調布駅,133.0,,,,primary_area=蒲田,20,+20(rental=1),0,1
蒲田のレンタルダンススタジオおすすめ,エリア,A,New York yuka's Dance Center,〒146-0084 東京都大田区南久が原２丁目１１-８,,0,蒲田,蒲田,久が原駅,久が原駅|鵜の木駅|御嶽山駅|千鳥町駅|下丸子駅|沼部駅|武蔵新田駅|雪が谷大塚駅|池上駅|向河原駅,108.0,,,,primary_area=蒲田,20,+20(rental=1),0,1
蒲田のレンタルダンススタジオおすすめ,エリア,A,REDEIC DANCE STUDIO,〒146-0092 東京都大田区下丸子３丁目２５-５,,0,蒲田,蒲田,下丸子駅,下丸子駅|武蔵新田駅|千鳥町駅|鵜の木駅|久が原駅|平間駅|向河原駅|矢口渡駅|池上駅|御嶽山駅,334.0,,,,primary_area=蒲田,45,+20(rental=1)|+25(ダンススタジオ),0,1
蒲田のレンタルダンススタジオおすすめ,エリア,A,Studio Leaf,〒144-0047 東京都大田区萩中１丁目４-１２-３０１,,0,蒲田,蒲田,糀谷駅,糀谷駅|京急蒲田駅|雑色駅|大鳥居駅|蒲田駅|梅屋敷駅|川崎大師駅|穴守稲荷駅|東門前駅|鈴木町駅,406.0,,,,primary_area=蒲田,20,+20(rental=1),0,1
蒲田のレンタルダンススタジオおすすめ,エリア,A,アメリカンスタイル専門の社交ダンスサークル 【Sunday Dance Cafe】,〒144-0051 東京都大田区西蒲田６丁目３２-１３ 月村マンション １F,,0,蒲田,蒲田,蒲田駅,蒲田駅,633.0,,,,primary_area=蒲田,20,+20(rental=1),0,1
蒲田のレンタルダンススタジオおすすめ,エリア,A,コンバレエスタジオ Kon Ballet Studio 糀谷店,〒144-0035 東京都大田区南蒲田３丁目１３-１２ キザキビル2F.3F,,0,蒲田,蒲田,糀谷駅,糀谷駅|大鳥居駅|京急蒲田駅|雑色駅|穴守稲荷駅|梅屋敷駅|蒲田駅|東門前駅|川崎大師駅,228.0,,,,primary_area=蒲田,20,+20(rental=1),0,1
蒲田のレンタルダンススタジオおすすめ,エリア,A,スタジオ クロア,〒145-0071 東京都大田区田園調布２丁目４６-３ ライトハウス田園調布 1F,,0,蒲田,蒲田,自由が丘駅,自由が丘駅,1156.0,,,,primary_area=蒲田,20,+20(rental=1),0,1
蒲田のレンタルダンススタジオおすすめ,エリア,A,スタジオ クロア 第１スタジオ,〒145-0071 東京都大田区田園調布２丁目４６-１６,,0,蒲田,蒲田,自由が丘駅,自由が丘駅,1150.0,,,,primary_area=蒲田,20,+20(rental=1),0,1
蒲田のレンタルダンススタジオおすすめ,エリア,A,スタジオジパング 池上スタジオSTANDARD,〒146-0082 東京都大田区池上６丁目５-１４ プレゼンス池上 地下1階,,0,蒲田,蒲田,池上駅,池上駅|蓮沼駅|矢口渡駅|千鳥町駅|武蔵新田駅|蒲田駅|西馬込駅|下丸子駅|久が原駅,162.0,,,,primary_area=蒲田,20,+20(rental=1),0,1
蒲田のレンタルダンススタジオおすすめ,エリア,A,レンタルスタジオ,〒145-0064 東京都大田区上池台１丁目１６-７,,0,蒲田,蒲田,長原駅,長原駅|洗足池駅|北千束駅|旗の台駅|洗足駅|荏原町駅|大岡山駅|石川台駅|中延駅|馬込駅,91.0,,,,primary_area=蒲田,50,+20(rental=1)|+30(レンタルスタジオ),0,1
蒲田のレンタルダンススタジオおすすめ,エリア,A,レンタルスタジオ D-Base 大岡山店,〒145-0063 東京都大田区南千束３丁目１-１５ プラシス大岡山 地下1階,,0,蒲田,蒲田,大岡山駅,大岡山駅|北千束駅|洗足池駅|緑が丘駅|石川台駅|洗足駅|長原駅|奥沢駅|旗の台駅|雪が谷大塚駅,355.0,,,,primary_area=蒲田,50,+20(rental=1)|+30(レンタルスタジオ),0,1
蒲田のレンタルダンススタジオおすすめ,エリア,A,レンタルスタジオCLI CLI,〒145-0064 東京都大田区上池台１丁目１-１,,0,蒲田,蒲田,長原駅,長原駅|旗の台駅|北千束駅|洗足池駅|荏原町駅|洗足駅|大岡山駅|中延駅|石川台駅|西小山駅,113.0,,,,primary_area=蒲田,50,+20(rental=1)|+30(レンタルスタジオ),0,1
蒲田のレンタルダンススタジオおすすめ,エリア,A,レンタルスペース・スタジオ,〒145-0074 東京都大田区東嶺町４４-９ 1F・102号室 三松スクエアガーデン,,0,蒲田,蒲田,御嶽山駅,御嶽山駅|久が原駅|雪が谷大塚駅|沼部駅|鵜の木駅|多摩川駅|石川台駅|下丸子駅|千鳥町駅|洗足池駅,61.0,,,,primary_area=蒲田,20,+20(rental=1),0,1
蒲田のレンタルダンススタジオおすすめ,エリア,A,蒲田COZYレンタルダンススタジオ,〒144-0052 東京都大田区蒲田５丁目６-１２ イワシタビル 2F,,0,蒲田,蒲田,蒲田駅,蒲田駅,257.0,,,,primary_area=蒲田,60,+20(rental=1)|+40(レンタルダンス),0,1
蒲田のレンタルダンススタジオおすすめ,エリア,A,佐々木隆子タップダンススタジオ（蒲田本部スタジオ）,〒144-0035 東京都大田区南蒲田３丁目８-３０,,0,蒲田,蒲田,糀谷駅,糀谷駅|京急蒲田駅|雑色駅|蒲田駅|大鳥居駅|梅屋敷駅|蓮沼駅,402.0,,,,primary_area=蒲田,45,+20(rental=1)|+25(ダンススタジオ),0,1
蒲田のレンタルダンススタジオおすすめ,エリア,A,東急スポーツオアシス雪谷24Plus,〒145-0073 東京都大田区北嶺町４３-１８,,0,蒲田,蒲田,御嶽山駅,御嶽山駅|雪が谷大塚駅|沼部駅|多摩川駅|久が原駅|石川台駅|鵜の木駅|田園調布駅|新丸子駅|洗足池駅,410.0,,,,primary_area=蒲田,20,+20(rental=1),0,1
蒲田のレンタルダンススタジオおすすめ,エリア,A,梅屋敷スタジオ５０１,〒144-0052 東京都大田区蒲田２丁目２２-１３,,0,蒲田,蒲田,蒲田駅,蒲田駅,956.0,,,,primary_area=蒲田,20,+20(rental=1),0,1
蒲田のレンタルダンススタジオおすすめ,エリア,A,望月愛生バレエスタジオ,〒146-0084 東京都大田区南久が原２丁目７-６ 横川ビル 1階,,0,蒲田,蒲田,久が原駅,久が原駅|鵜の木駅|御嶽山駅|千鳥町駅|下丸子駅|沼部駅|武蔵新田駅|雪が谷大塚駅|池上駅|向河原駅,44.0,,,,primary_area=蒲田,20,+20(rental=1),0,1
西葛西のレンタルダンススタジオおすすめ,エリア,A,EMI HULA STUDIO,〒134-0013 東京都江戸川区江戸川６丁目,,0,西葛西,西葛西,一之江駅,一之江駅|船堀駅|瑞江駅,989.0,,,,primary_area=西葛西,20,+20(rental=1),0,1
西葛西のレンタルダンススタジオおすすめ,エリア,A,ダンススクエア 葛西スタジオ,〒134-0084 東京都江戸川区東葛西６丁目２-１０ 森ビル 7階,,0,西葛西,西葛西,葛西駅,葛西駅|西葛西駅|浦安駅,134.0,,,,primary_area=西葛西,20,+20(rental=1),0,1
西葛西のレンタルダンススタジオおすすめ,エリア,A,江戸川区キッズアクション,〒133-0051 東京都江戸川区北小岩１丁目１７-１ 小岩アーバンプラザ,,0,西葛西,西葛西,江戸川駅,江戸川駅|国府台駅|小岩駅|京成小岩駅|市川駅|市川真間駅,389.0,,,,primary_area=西葛西,20,+20(rental=1),0,1
西葛西のレンタルダンススタジオおすすめ,エリア,A,Lanikai Dance Studio,〒134-0083 東京都江戸川区中葛西５丁目２０-１９ ローヤルマンション葛西 1階,,0,西葛西,西葛西,葛西駅,葛西駅|西葛西駅,234.0,,,,primary_area=西葛西,45,+20(rental=1)|+25(ダンススタジオ),0,1
西葛西のレンタルダンススタジオおすすめ,エリア,A,Ｍ＆Ｓダンススタジオ 西葛西スタジオ,〒134-0088 東京都江戸川区西葛西３丁目２-１５ 三谷ビル,,0,西葛西,西葛西,西葛西駅,西葛西駅|葛西駅,329.0,,,,primary_area=西葛西,45,+20(rental=1)|+25(ダンススタジオ),0,1
西葛西のレンタルダンススタジオおすすめ,エリア,A,STUDIO+DINING TREE,〒132-0024 東京都江戸川区一之江４丁目２-２５,,0,西葛西,西葛西,一之江駅,一之江駅|船堀駅|瑞江駅,393.0,,,,primary_area=西葛西,20,+20(rental=1),0,1
西葛西のレンタルダンススタジオおすすめ,エリア,A,Tダンスプロダクション,〒132-0033 東京都江戸川区東小松川４丁目４３-１８,,0,西葛西,西葛西,船堀駅,船堀駅|東大島駅|一之江駅,323.0,,,,primary_area=西葛西,20,+20(rental=1),0,1
西葛西のレンタルダンススタジオおすすめ,エリア,A,スタジオ・エルカミーノ,〒133-0057 東京都江戸川区西小岩１丁目１９-３２,,0,西葛西,西葛西,小岩駅,小岩駅|京成小岩駅|江戸川駅,194.0,,,,primary_area=西葛西,20,+20(rental=1),0,1
西葛西のレンタルダンススタジオおすすめ,エリア,A,スタジオＤＤＦ,〒134-0088 東京都江戸川区西葛西５丁目５-１５,,0,西葛西,西葛西,西葛西駅,西葛西駅|葛西駅,146.0,,,,primary_area=西葛西,20,+20(rental=1),0,1
西葛西のレンタルダンススタジオおすすめ,エリア,A,スタジオレブローテ,〒133-0052 東京都江戸川区東小岩５丁目４-１４ 小岩セントラルビル,,0,西葛西,西葛西,小岩駅,小岩駅|京成小岩駅|江戸川駅|国府台駅,367.0,,,,primary_area=西葛西,20,+20(rental=1),0,1
西葛西のレンタルダンススタジオおすすめ,エリア,A,ナガトスタジオ,〒134-0084 東京都江戸川区東葛西５丁目４０-９,,0,西葛西,西葛西,葛西駅,葛西駅|浦安駅|西葛西駅,688.0,,,,primary_area=西葛西,20,+20(rental=1),0,1
西葛西のレンタルダンススタジオおすすめ,エリア,A,バレエスタジオ ピアチェーレ,〒134-0085 東京都江戸川区南葛西１丁目１４-１３ シティパレス南葛西 302,,0,西葛西,西葛西,葛西駅,葛西駅|葛西臨海公園駅|西葛西駅,991.0,,,,primary_area=西葛西,20,+20(rental=1),0,1
西葛西のレンタルダンススタジオおすすめ,エリア,A,フレックススタイル 船堀校,〒134-0091 東京都江戸川区船堀２丁目２３-２４,,0,西葛西,西葛西,船堀駅,船堀駅|東大島駅|一之江駅,192.0,,,,primary_area=西葛西,20,+20(rental=1),0,1
西葛西のレンタルダンススタジオおすすめ,エリア,A,リーホースタジオ,〒136-0075 東京都江東区新砂３丁目５-３３ ＤＰＬ南砂 ４階,,0,豊洲,豊洲,南砂町駅,南砂町駅|西葛西駅|東陽町駅,756.0,,,,tag/station:西葛西,20,+20(rental=1),0,1
西葛西のレンタルダンススタジオおすすめ,エリア,A,レンタルスタジオ葛西,〒134-0084 東京都江戸川区東葛西５丁目１-１４-２０２,,0,西葛西,西葛西,葛西駅,葛西駅|西葛西駅|浦安駅,100.0,,,,primary_area=西葛西,50,+20(rental=1)|+30(レンタルスタジオ),0,1
西葛西のレンタルダンススタジオおすすめ,エリア,A,西葛西ダンススタジオ mind-blowing,〒134-0088 東京都江戸川区西葛西５丁目６-２０ 小山ビル 4階,,0,西葛西,西葛西,西葛西駅,西葛西駅|葛西駅,140.0,,,,primary_area=西葛西,45,+20(rental=1)|+25(ダンススタジオ),0,1
西葛西のレンタルダンススタジオおすすめ,エリア,A,舞空間ばくdance studio,〒134-0083 東京都江戸川区中葛西中葛西５丁目３４-７ 昭 産 ビル ７F,,0,西葛西,西葛西,葛西駅,葛西駅|西葛西駅|浦安駅,70.0,,,,primary_area=西葛西,45,+20(rental=1)|+25(ダンススタジオ),0,1
西葛西のレンタルダンススタジオおすすめ,エリア,A,Dubway レンタルスタジオ小岩,東京都江戸川区北小岩1-3-4 102,https://dance-studio-lab.com/room/ZmU2YzI4MzYtZGY2ZC00YmZkLWI5MWItZDg0OTdkOTdmOGI5/detail,1,西葛西,西葛西,小岩駅,小岩駅|京成小岩駅|江戸川駅|国府台駅|新柴又駅,488.0,,,,primary_area=西葛西,80,+30(dslurl)|+20(rental=1)|+30(レンタルスタジオ),0,1
調布のレンタルダンススタジオおすすめ,エリア,A,Gloire Ballet Studio,〒182-0022 東京都調布市国領町４丁目9-４ 九曜国領駅前ビル 4F,,0,調布,調布,調布駅,調布駅,1180.0,,,,primary_area=調布,20,+20(rental=1),0,1
調布のレンタルダンススタジオおすすめ,エリア,A,Fali studio ファリ レンタルスペース,〒182-0012 東京都調布市深大寺東町６丁目28-２,,0,調布,調布,なし,,,,,,primary_area=調布,20,+20(rental=1),0,1
調布のレンタルダンススタジオおすすめ,エリア,A,J.K.キューブ101スタジオエチュード,〒182-0007 東京都調布市菊野台１丁目２０-５,,0,調布,調布,柴崎駅,柴崎駅|つつじヶ丘駅|国領駅|布田駅|仙川駅,190.0,,,,primary_area=調布,20,+20(rental=1),0,1
調布のレンタルダンススタジオおすすめ,エリア,A,K2studio,〒182-0002 東京都調布市仙川町１丁目２７-２４,,0,調布,調布,仙川駅,仙川駅|つつじヶ丘駅|千歳烏山駅,145.0,,,,primary_area=調布,20,+20(rental=1),0,1
調布のレンタルダンススタジオおすすめ,エリア,A,YR CLUB HOUSE 国領店,〒182-0022 東京都調布市国領町３丁目１０-４,,0,調布,調布,国領駅,国領駅|布田駅|柴崎駅|調布駅|つつじヶ丘駅,89.0,,,,primary_area=調布,20,+20(rental=1),0,1
調布のレンタルダンススタジオおすすめ,エリア,A,スタジオ川口,〒182-0024 東京都調布市布田１丁目29-２ B1,,0,調布,調布,調布駅,調布駅,200.0,,,,primary_area=調布,20,+20(rental=1),0,1
調布のレンタルダンススタジオおすすめ,エリア,A,ソードミュージック多目的スタジオ,〒182-0015 東京都調布市八雲台２丁目１-１０,,0,調布,調布,調布駅,調布駅,1056.0,,,,primary_area=調布,20,+20(rental=1),0,1
調布のレンタルダンススタジオおすすめ,エリア,A,スタジオ白猫屋 調布店,〒182-0021 東京都調布市調布ケ丘１丁目34-５ 調布タカラビル 3階,,0,調布,調布,調布駅,調布駅,415.0,,,,primary_area=調布,20,+20(rental=1),0,1
調布のレンタルダンススタジオおすすめ,エリア,A,フィットネス カルチャー＆アート テラ Terra,〒182-0025 東京都調布市多摩川５丁目７-６ 第３コーポ渡辺 2階,,0,調布,調布,調布駅,調布駅,1045.0,,,,primary_area=調布,20,+20(rental=1),0,1
調布のレンタルダンススタジオおすすめ,エリア,A,MDL Studio (防音スタジオ),〒182-0021 東京都調布市調布ケ丘３丁目６９-２,,0,調布,調布,調布駅,調布駅,1165.0,,,,primary_area=調布,20,+20(rental=1),0,1
調布のレンタルダンススタジオおすすめ,エリア,A,加藤みや子ダンススペース ANNEX SENGAWA-FACTORY,〒182-0002 東京都調布市仙川町２丁目１８-２１,,0,調布,調布,仙川駅,仙川駅|つつじヶ丘駅|千歳烏山駅|柴崎駅,271.0,,,,primary_area=調布,20,+20(rental=1),0,1
調布のレンタルダンススタジオおすすめ,エリア,A,仙川 スタジオ 舞仙 レンタルダンススタジオ,〒182-0002 東京都調布市仙川町１丁目１８-２５ 第一富沢ビル 3F,,0,調布,調布,仙川駅,仙川駅|つつじヶ丘駅|千歳烏山駅|柴崎駅,52.0,,,,primary_area=調布,60,+20(rental=1)|+40(レンタルダンス),0,1
調布のレンタルダンススタジオおすすめ,エリア,A,富田雅美バレエ＆ダンスユニット,〒182-0024 東京都調布市布田１丁目２９-２ ビルディング川口 B1,,0,調布,調布,調布駅,調布駅,200.0,,,,primary_area=調布,20,+20(rental=1),0,1
豊洲のレンタルダンススタジオおすすめ,エリア,A,Ballet & Dance DUE,〒136-0071 東京都江東区亀戸７丁目４３-５ 小林ビル,,0,豊洲,豊洲,亀戸水神駅,亀戸水神駅|亀戸駅|大島駅|西大島駅|東あずま駅|平井駅|東大島駅|小村井駅|錦糸町駅|住吉駅,405.0,,,,primary_area=豊洲,20,+20(rental=1),0,1
豊洲のレンタルダンススタジオおすすめ,エリア,A,青海R地区,〒135-0064 東京都江東区青海１丁目１ R地区,,0,豊洲,豊洲,青海駅,青海駅|東京国際クルーズターミナル駅|東京テレポート駅|台場駅|テレコムセンター駅|お台場海浜公園駅|東京ビッグサイト駅|国際展示場駅|有明駅,376.0,,,,primary_area=豊洲,20,+20(rental=1),0,1
豊洲のレンタルダンススタジオおすすめ,エリア,A,F1 STUDIO,〒136-0082 東京都江東区新木場１丁目３-１３,,0,豊洲,豊洲,新木場駅,新木場駅|辰巳駅|潮見駅|東雲駅,259.0,,,,primary_area=豊洲,20,+20(rental=1),0,1
豊洲のレンタルダンススタジオおすすめ,エリア,A,HYPERMIX門前仲町,〒135-0048 東京都江東区門前仲町１丁目１３-１２,,0,豊洲,豊洲,門前仲町駅,門前仲町駅|越中島駅|清澄白河駅|木場駅|水天宮前駅|月島駅|茅場町駅|森下駅|八丁堀駅|浜町駅,160.0,,,,primary_area=豊洲,20,+20(rental=1),0,1
豊洲のレンタルダンススタジオおすすめ,エリア,A,SIM STUDIOお台場,〒135-0062 東京都江東区東雲２丁目１４-３５,,0,豊洲,豊洲,東雲駅,東雲駅|有明駅|国際展示場駅|有明テニスの森駅|東京ビッグサイト駅|辰巳駅|新豊洲駅|市場前駅|豊洲駅,493.0,,,,primary_area=豊洲,20,+20(rental=1),0,1
豊洲のレンタルダンススタジオおすすめ,エリア,A,studio SHEEP（スタジオシープ）,〒135-0003 東京都江東区猿江２丁目２-９ 鈴木ビル 1F,,0,豊洲,豊洲,錦糸町駅,錦糸町駅,1194.0,,,,primary_area=豊洲,20,+20(rental=1),0,1
豊洲のレンタルダンススタジオおすすめ,エリア,A,studio WILDKIDS 亀戸駅前校 SOLstudio,〒136-0071 東京都江東区亀戸６丁目５６-４ 1階店舗,,0,豊洲,豊洲,亀戸駅,亀戸駅|亀戸水神駅|大島駅|西大島駅|東あずま駅|小村井駅|錦糸町駅|平井駅|住吉駅|東大島駅,370.0,,,,primary_area=豊洲,20,+20(rental=1),0,1
豊洲のレンタルダンススタジオおすすめ,エリア,A,studio WILDKIDS 亀戸水神駅前校 CIERO studio,〒136-0071 東京都江東区亀戸８丁目１４-１１ 1階店舗,,0,豊洲,豊洲,亀戸水神駅,亀戸水神駅|亀戸駅|東あずま駅|平井駅|小村井駅|大島駅|西大島駅|東大島駅|錦糸町駅,48.0,,,,primary_area=豊洲,20,+20(rental=1),0,1
豊洲のレンタルダンススタジオおすすめ,エリア,A,studio3,〒136-0071 東京都江東区亀戸１丁目３１-８ 北越ビル 2F,,0,豊洲,豊洲,錦糸町駅,錦糸町駅,1077.0,,,,primary_area=豊洲,20,+20(rental=1),0,1
豊洲のレンタルダンススタジオおすすめ,エリア,A,StudioENTRADA森下,〒135-0004 東京都江東区森下３丁目８-７ カーム落合 1F,,0,豊洲,豊洲,森下駅,森下駅|菊川駅|清澄白河駅|住吉駅|浜町駅|両国駅|錦糸町駅|水天宮前駅|東日本橋駅|門前仲町駅,372.0,,,,primary_area=豊洲,20,+20(rental=1),0,1
豊洲のレンタルダンススタジオおすすめ,エリア,A,STUDIOピア Pia31 ベイサイド,〒136-0082 東京都江東区新木場２丁目１-２３,,0,豊洲,豊洲,新木場駅,新木場駅|辰巳駅|東雲駅,849.0,,,,primary_area=豊洲,20,+20(rental=1),0,1
豊洲のレンタルダンススタジオおすすめ,エリア,A,SWITCH STAND ODAIBA,"〒135-0064 東京都江東区青海２丁目７-４, The Soho, 1F",,0,豊洲,豊洲,テレコムセンター駅,テレコムセンター駅|東京国際クルーズターミナル駅|青海駅|台場駅|東京テレポート駅|お台場海浜公園駅,396.0,,,,primary_area=豊洲,20,+20(rental=1),0,1
豊洲のレンタルダンススタジオおすすめ,エリア,A,ウチノダンススタジオ,〒136-0071 東京都江東区亀戸２丁目３７-９ 第一不動産ビル,,0,豊洲,豊洲,錦糸町駅,錦糸町駅,1101.0,,,,primary_area=豊洲,45,+20(rental=1)|+25(ダンススタジオ),0,1
豊洲のレンタルダンススタジオおすすめ,エリア,A,リーホースタジオ,〒136-0075 東京都江東区新砂３丁目５-３３ ＤＰＬ南砂 ４階,,0,豊洲,豊洲,南砂町駅,南砂町駅|西葛西駅|東陽町駅,756.0,,,,primary_area=豊洲,20,+20(rental=1),0,1
豊洲のレンタルダンススタジオおすすめ,エリア,A,レンタルスタジオ シンデレラドリーム,〒136-0076 東京都江東区南砂２丁目１-８ フッコウビル ４F,,0,豊洲,豊洲,東陽町駅,東陽町駅|南砂町駅|潮見駅|木場駅,264.0,,,,primary_area=豊洲,70,+20(rental=1)|+30(レンタルスタジオ)|+20(web),0,1
豊洲のレンタルダンススタジオおすすめ,エリア,A,森下スタジオ,〒135-0004 東京都江東区森下３丁目５-６,,0,豊洲,豊洲,森下駅,森下駅|菊川駅|清澄白河駅|浜町駅|両国駅|住吉駅|水天宮前駅|東日本橋駅|錦糸町駅|人形町駅,269.0,,,,primary_area=豊洲,20,+20(rental=1),0,1
豊洲のレンタルダンススタジオおすすめ,エリア,A,Starbox,〒135-0016 東京都江東区東陽３丁目２１-１３,,0,豊洲,豊洲,木場駅,木場駅|東陽町駅|潮見駅|門前仲町駅|越中島駅|南砂町駅|清澄白河駅,410.0,,,,primary_area=豊洲,20,+20(rental=1),0,1
豊洲のレンタルダンススタジオおすすめ,エリア,A,多目的スペース「時々海風が吹くスタジオ」,〒136-0071 東京都江東区亀戸７丁目４３-５,,0,豊洲,豊洲,亀戸水神駅,亀戸水神駅|亀戸駅|大島駅|西大島駅|東あずま駅|平井駅|東大島駅|小村井駅|錦糸町駅|住吉駅,399.0,,,,primary_area=豊洲,20,+20(rental=1),0,1
豊洲のレンタルダンススタジオおすすめ,エリア,A,体幹・柔軟性強化&ポールダンス スタジオWeBA（ウィーバ）,〒136-0072 東京都江東区大島５丁目２７-１,,0,豊洲,豊洲,大島駅,大島駅|西大島駅|東大島駅|亀戸駅|亀戸水神駅|住吉駅|南砂町駅,413.0,,,,primary_area=豊洲,20,+20(rental=1),0,1
豊洲のレンタルダンススタジオおすすめ,エリア,A,明治座森下スタジオ,〒135-0004 東京都江東区森下３丁目６-５,,0,豊洲,豊洲,森下駅,森下駅|菊川駅|清澄白河駅|両国駅|浜町駅|住吉駅|錦糸町駅|水天宮前駅|東日本橋駅|馬喰横山駅,307.0,,,,primary_area=豊洲,20,+20(rental=1),0,1
豊洲のレンタルダンススタジオおすすめ,エリア,A,#ERROR!,〒136-0075 東京都江東区新砂３丁目４-３１ ＳＵＮＡＭＯ4Ｆ 南砂町ショッピングセンタ,,0,豊洲,豊洲,南砂町駅,南砂町駅|東陽町駅|潮見駅,599.0,,,,primary_area=豊洲,20,+20(rental=1),0,1
赤羽のレンタルダンススタジオおすすめ,エリア,A,ART GROOVE,〒114-0015 東京都北区中里２丁目５-８ レイハウス駒込 302,,0,赤羽,赤羽,駒込駅,駒込駅|田端駅|上中里駅|尾久駅|巣鴨駅|西ケ原駅|千石駅|荒川車庫前駅|梶原駅|本駒込駅,306.0,,,,primary_area=赤羽,20,+20(rental=1),0,1
赤羽のレンタルダンススタジオおすすめ,エリア,A,SK.DANCE STUDIO 赤羽 チアダンススタジオ,〒115-0044 東京都北区赤羽南１丁目３-１ 高橋ビル 1F,,0,赤羽,赤羽,赤羽駅,赤羽駅,283.0,,,,primary_area=赤羽,45,+20(rental=1)|+25(ダンススタジオ),0,1
赤羽のレンタルダンススタジオおすすめ,エリア,A,SKYレンタルダンススタジオ,〒530-0028 大阪府大阪市北区万歳町３-４１ ホワイトコーポラス 104,,0,赤羽,赤羽,中崎町駅,中崎町駅|大阪梅田駅|扇町駅|東梅田駅|梅田駅|天満駅|大阪駅|天神橋筋六丁目駅|中津駅|南森町駅,210.0,,,,primary_area=赤羽,60,+20(rental=1)|+40(レンタルダンス),0,1
赤羽のレンタルダンススタジオおすすめ,エリア,A,SPROUT DANCE STUDIO 梅田店,〒530-0026 大阪府大阪市北区神山町１-１５ ＴＲＵＳＴ ＢＵＩＬＤＩＮＧ 1 階,,0,赤羽,赤羽,扇町駅,扇町駅|中崎町駅|天満駅|東梅田駅|南森町駅|大阪梅田駅|梅田駅|大阪駅|天神橋筋六丁目駅|北新地駅,428.0,,,,primary_area=赤羽,45,+20(rental=1)|+25(ダンススタジオ),0,1
赤羽のレンタルダンススタジオおすすめ,エリア,A,studio 001,〒115-0055 東京都北区２３ 東京都北区 赤羽西3-23-1 001,,0,赤羽,赤羽,赤羽駅,赤羽駅,901.0,,,,primary_area=赤羽,20,+20(rental=1),0,1
赤羽のレンタルダンススタジオおすすめ,エリア,A,Studio Face東十条店 ダンスも会議もできるレンタルスタジオ,〒114-0001 東京都北区東十条３丁目１４-１３ ジョイフルプラザ３ 3階,,0,赤羽,赤羽,東十条駅,東十条駅|王子神谷駅|十条駅|志茂駅|赤羽駅|王子駅前駅|王子駅|飛鳥山駅,370.0,,,,primary_area=赤羽,50,+20(rental=1)|+30(レンタルスタジオ),0,1
赤羽のレンタルダンススタジオおすすめ,エリア,A,TERAKOYA studio,〒434-0004 静岡県浜松市浜北区宮口４９０７,,0,赤羽,赤羽,なし,,,,,,primary_area=赤羽,20,+20(rental=1),0,1
赤羽のレンタルダンススタジオおすすめ,エリア,A,エフィと虹色のヴェール十条スタジオ,〒114-0021 東京都北区岸町１丁目６-１９ 青葉ビル,,0,赤羽,赤羽,王子駅前駅,王子駅前駅|王子駅|飛鳥山駅|栄町駅|滝野川一丁目駅|西ヶ原四丁目駅|王子神谷駅|西ケ原駅|東十条駅|梶原駅,360.0,,,,primary_area=赤羽,20,+20(rental=1),0,1
赤羽のレンタルダンススタジオおすすめ,エリア,A,クボタナオコバレエスタジオ,〒115-0055 東京都北区赤羽西１丁目１-７,,0,赤羽,赤羽,赤羽駅,赤羽駅,241.0,,,,primary_area=赤羽,20,+20(rental=1),0,1
赤羽のレンタルダンススタジオおすすめ,エリア,A,シンフォニー,〒114-0001 東京都北区東十条２丁目４-１２ 金鈴ビル,,0,赤羽,赤羽,東十条駅,東十条駅|王子神谷駅|十条駅|王子駅前駅|王子駅|飛鳥山駅|栄町駅|新板橋駅|志茂駅|滝野川一丁目駅,281.0,,,,primary_area=赤羽,20,+20(rental=1),0,1
赤羽のレンタルダンススタジオおすすめ,エリア,A,レンタルスタジオNSA 1号店,〒001-0014 北海道札幌市北区北１４条西１丁目２-５ 三晃ビル,,0,赤羽,赤羽,北１３条東駅,北１３条東駅|北１２条駅|北１８条駅|札幌駅|東区役所前駅|さっぽろ駅|北２４条駅|桑園駅|環状通東駅|大通駅,302.0,,,,primary_area=赤羽,50,+20(rental=1)|+30(レンタルスタジオ),0,1
赤羽のレンタルダンススタジオおすすめ,エリア,A,スタジオククナ,〒114-0032 東京都北区中十条２丁目９-１５ 地下１階 瀬武興業第一ビル,,0,赤羽,赤羽,東十条駅,東十条駅|十条駅|王子神谷駅|王子駅前駅|王子駅|新板橋駅|飛鳥山駅|赤羽駅|滝野川一丁目駅|志茂駅,200.0,,,,primary_area=赤羽,20,+20(rental=1),0,1
赤羽のレンタルダンススタジオおすすめ,エリア,A,CREO王子駅前｜ダンススタジオ｜レンタルスペース,〒114-0002 東京都北区王子１丁目２-１ 倉長ビル 402号室,,0,赤羽,赤羽,王子駅前駅,王子駅前駅|王子駅|飛鳥山駅|滝野川一丁目駅|西ケ原駅|梶原駅|西ヶ原四丁目駅|上中里駅|西巣鴨駅|王子神谷駅,97.0,,,,primary_area=赤羽,45,+20(rental=1)|+25(ダンススタジオ),0,1
赤羽のレンタルダンススタジオおすすめ,エリア,A,Studio Face,〒114-0021 東京都北区岸町１丁目６-２０ 地下1階 レジェンド王子,,0,赤羽,赤羽,王子駅前駅,王子駅前駅|王子駅|飛鳥山駅|栄町駅|滝野川一丁目駅|西ヶ原四丁目駅|西ケ原駅|王子神谷駅|梶原駅|東十条駅,346.0,,,,primary_area=赤羽,20,+20(rental=1),0,1
赤羽のレンタルダンススタジオおすすめ,エリア,A,monoダンススタジオ西巣鴨（レンタルスタジオ）,〒114-0023 東京都北区滝野川１丁目９３-５ コスモ西巣鴨 103,,0,赤羽,赤羽,西巣鴨駅,西巣鴨駅|西ヶ原四丁目駅|新庚申塚駅|庚申塚駅|板橋駅|新板橋駅|巣鴨新田駅|王子駅|西ケ原駅|王子駅前駅,212.0,,,,primary_area=赤羽,70,+20(rental=1)|+30(レンタルスタジオ)|+20(web),0,1
赤羽のレンタルダンススタジオおすすめ,エリア,A,ダンススタジオ・ミカ,"2階, ５丁目-１-３ 麻生町 北区 札幌市 北海道 001-0045",,0,赤羽,赤羽,麻生駅,麻生駅|新琴似駅|北３４条駅|新川駅|太平駅,149.0,,,,primary_area=赤羽,45,+20(rental=1)|+25(ダンススタジオ),0,1
赤羽のレンタルダンススタジオおすすめ,エリア,A,ダンスラッシュ,〒001-0021 北海道札幌市北区北２１条西５丁目１-１ ベルリネッタN21 2F,,0,赤羽,赤羽,北２４条駅,北２４条駅|北１８条駅|北１２条駅|北１３条東駅|北３４条駅|東区役所前駅|桑園駅|札幌駅,465.0,,,,primary_area=赤羽,20,+20(rental=1),0,1
赤羽のレンタルダンススタジオおすすめ,エリア,A,テルコ・ダンススタジオ,〒001-0035 北海道札幌市北区北３５条西５丁目１-１５,,0,赤羽,赤羽,北３４条駅,北３４条駅|麻生駅|新琴似駅|北２４条駅|新川駅,331.0,,,,primary_area=赤羽,45,+20(rental=1)|+25(ダンススタジオ),0,1
赤羽のレンタルダンススタジオおすすめ,エリア,A,ナッツ・レンタル・スタジオ,〒114-0014 東京都北区田端４丁目１-１１ クレールビル 1F,,0,赤羽,赤羽,駒込駅,駒込駅|田端駅|千石駅|巣鴨駅|尾久駅|本駒込駅|上中里駅|西日暮里駅|西ケ原駅|千駄木駅,469.0,,,,primary_area=赤羽,20,+20(rental=1),0,1
赤羽のレンタルダンススタジオおすすめ,エリア,A,studioハレマニ,〒114-0023 東京都北区滝野川６丁目１１-９,,0,赤羽,赤羽,西巣鴨駅,西巣鴨駅|板橋駅|新庚申塚駅|庚申塚駅|北池袋駅|新板橋駅|西ヶ原四丁目駅|下板橋駅|大塚駅|向原駅,380.0,,,,primary_area=赤羽,20,+20(rental=1),0,1
赤羽のレンタルダンススタジオおすすめ,エリア,A,スタジオルミエル,〒114-0023 東京都北区滝野川５丁目４１-４ 明成ビル B１F,,0,赤羽,赤羽,新板橋駅,新板橋駅|板橋駅|西巣鴨駅|下板橋駅|西ヶ原四丁目駅|新庚申塚駅|北池袋駅|滝野川一丁目駅|庚申塚駅|板橋区役所前駅,272.0,,,,primary_area=赤羽,20,+20(rental=1),0,1
赤羽のレンタルダンススタジオおすすめ,エリア,A,ミュージックサロン アマーブルNUTSスタジオ駒込店,〒114-0014 東京都北区田端４丁目１-１１ クレールビル 1F,,0,赤羽,赤羽,駒込駅,駒込駅|田端駅|千石駅|巣鴨駅|尾久駅|本駒込駅|上中里駅|西日暮里駅|西ケ原駅|千駄木駅,472.0,,,,primary_area=赤羽,20,+20(rental=1),0,1
赤羽のレンタルダンススタジオおすすめ,エリア,A,ミュージックサロン アマーブル十条店,〒114-0031 東京都北区十条仲原１丁目８-２６ 清水ビル,,0,赤羽,赤羽,十条駅,十条駅|東十条駅|王子神谷駅|板橋本町駅|新板橋駅|板橋区役所前駅|赤羽駅|本蓮沼駅|王子駅前駅|板橋駅,245.0,,,,primary_area=赤羽,20,+20(rental=1),0,1
赤羽のレンタルダンススタジオおすすめ,エリア,A,レンタルスタジオ Studio One,〒114-0031 東京都北区十条仲原１丁目８-２６ 清水ビル,,0,赤羽,赤羽,十条駅,十条駅|東十条駅|王子神谷駅|板橋本町駅|新板橋駅|板橋区役所前駅|赤羽駅|本蓮沼駅|王子駅前駅|板橋駅,245.0,,,,primary_area=赤羽,50,+20(rental=1)|+30(レンタルスタジオ),0,1
赤羽のレンタルダンススタジオおすすめ,エリア,A,レンタルスタジオ池袋・駒込マイックル,〒114-0015 東京都北区中里２丁目１３-６,,0,赤羽,赤羽,駒込駅,駒込駅|上中里駅|尾久駅|西ケ原駅|田端駅|巣鴨駅|千石駅|梶原駅|荒川車庫前駅|本駒込駅,334.0,,,,primary_area=赤羽,50,+20(rental=1)|+30(レンタルスタジオ),0,1
赤羽のレンタルダンススタジオおすすめ,エリア,A,王子飛鳥山レンタルスタジオ,〒114-0023 東京都北区滝野川１丁目４-１１ 滝野川1-4-11塚本ビル1階 塚本ビル,,0,赤羽,赤羽,王子駅,王子駅|王子駅前駅|滝野川一丁目駅|西ケ原駅|西ヶ原四丁目駅|上中里駅|梶原駅|西巣鴨駅|新庚申塚駅|荒川車庫前駅,267.0,,,,primary_area=赤羽,50,+20(rental=1)|+30(レンタルスタジオ),0,1
赤羽のレンタルダンススタジオおすすめ,エリア,A,撮影スタジオ【スタジオトランバネーロ】,〒115-0045 東京都北区赤羽１丁目５１-４ 赤銀ビル 201号,,0,赤羽,赤羽,赤羽駅,赤羽駅,662.0,,,,primary_area=赤羽,20,+20(rental=1),0,1
赤羽のレンタルダンススタジオおすすめ,エリア,A,スタジオアンダンティーノ,〒114-0014 東京都北区田端５丁目１-１２,,0,赤羽,赤羽,田端駅,田端駅|西日暮里駅|赤土小学校前駅|尾久駅|駒込駅|新三河島駅|千駄木駅|小台駅|日暮里駅|上中里駅,152.0,,,,primary_area=赤羽,20,+20(rental=1),0,1
錦糸町のレンタルダンススタジオおすすめ,エリア,A,ACCA STUDIO,〒130-0005 東京都墨田区東駒形３丁目１９-１３,,0,錦糸町,錦糸町,押上駅,押上駅|浅草駅|蔵前駅,681.0,,,,primary_area=錦糸町,20,+20(rental=1),0,1
錦糸町のレンタルダンススタジオおすすめ,エリア,A,Ballet & Dance DUE,〒136-0071 東京都江東区亀戸７丁目４３-５ 小林ビル,,0,豊洲,豊洲,亀戸水神駅,亀戸水神駅|亀戸駅|大島駅|西大島駅|東あずま駅|平井駅|東大島駅|小村井駅|錦糸町駅|住吉駅,405.0,,,,tag/station:錦糸町,20,+20(rental=1),0,1
錦糸町のレンタルダンススタジオおすすめ,エリア,A,Ballet & Dance TRE,〒130-0004 東京都墨田区本所３丁目７-９,,0,錦糸町,錦糸町,押上駅,押上駅|錦糸町駅|蔵前駅,971.0,,,,primary_area=錦糸町,20,+20(rental=1),0,1
錦糸町のレンタルダンススタジオおすすめ,エリア,A,Ballet & Dance UNO,〒130-0012 東京都墨田区太平３丁目１９-５ 鈴木ビル 1階,,0,錦糸町,錦糸町,錦糸町駅,錦糸町駅|押上駅,664.0,,,,primary_area=錦糸町,20,+20(rental=1),0,1
錦糸町のレンタルダンススタジオおすすめ,エリア,A,スタジオジパング 錦糸町スタジオSTANDARD,〒130-0012 東京都墨田区太平３丁目１４-１０ スズキビルディング 1階,,0,錦糸町,錦糸町,錦糸町駅,錦糸町駅|押上駅,547.0,,,,primary_area=錦糸町,20,+20(rental=1),0,1
錦糸町のレンタルダンススタジオおすすめ,エリア,A,アナログスタジオ,"笹屋ビル ２F, ４丁目-３４-８ 両国 墨田区 東京都 130-0026",,0,錦糸町,錦糸町,蔵前駅,蔵前駅,1102.0,,,,primary_area=錦糸町,20,+20(rental=1),0,1
錦糸町のレンタルダンススタジオおすすめ,エリア,A,RSC MASAMI STUDIO,〒130-0013 東京都墨田区錦糸３丁目１１-１ 興和2ビル 6F,,0,錦糸町,錦糸町,錦糸町駅,錦糸町駅,283.0,,,,primary_area=錦糸町,20,+20(rental=1),0,1
錦糸町のレンタルダンススタジオおすすめ,エリア,A,SORAスタジオ3,〒131-0045 東京都墨田区押上１丁目２９-２ 3,,0,錦糸町,錦糸町,押上駅,押上駅,468.0,,,,primary_area=錦糸町,40,+20(rental=1)|+20(web),0,1
錦糸町のレンタルダンススタジオおすすめ,エリア,A,Studio ENTRADA森下ANNEX,〒130-0024 東京都墨田区菊川１丁目９-１４ ４F,,0,錦糸町,錦糸町,菊川駅,菊川駅|森下駅|清澄白河駅|両国駅|住吉駅|浜町駅|錦糸町駅|東日本橋駅|水天宮前駅|馬喰横山駅,332.0,,,,primary_area=錦糸町,20,+20(rental=1),0,1
錦糸町のレンタルダンススタジオおすすめ,エリア,A,studio SHEEP（スタジオシープ）,〒135-0003 東京都江東区猿江２丁目２-９ 鈴木ビル 1F,,0,豊洲,豊洲,錦糸町駅,錦糸町駅,1194.0,,,,tag/station:錦糸町,20,+20(rental=1),0,1
錦糸町のレンタルダンススタジオおすすめ,エリア,A,studio WILDKIDS 亀戸駅前校 SOLstudio,〒136-0071 東京都江東区亀戸６丁目５６-４ 1階店舗,,0,豊洲,豊洲,亀戸駅,亀戸駅|亀戸水神駅|大島駅|西大島駅|東あずま駅|小村井駅|錦糸町駅|平井駅|住吉駅|東大島駅,370.0,,,,tag/station:錦糸町,20,+20(rental=1),0,1
錦糸町のレンタルダンススタジオおすすめ,エリア,A,studio WILDKIDS 亀戸水神駅前校 CIERO studio,〒136-0071 東京都江東区亀戸８丁目１４-１１ 1階店舗,,0,豊洲,豊洲,亀戸水神駅,亀戸水神駅|亀戸駅|東あずま駅|平井駅|小村井駅|大島駅|西大島駅|東大島駅|錦糸町駅,48.0,,,,tag/station:錦糸町,20,+20(rental=1),0,1
錦糸町のレンタルダンススタジオおすすめ,エリア,A,studio_MINT 錦糸町,〒130-0012 東京都墨田区太平３丁目１-４,https://dance-studio-lab.com/room/ZDgyZDBlYjYtZWM1YS00MGNhLWI3YjEtZjRmNTEzZmU5NjE4/detail,1,錦糸町,錦糸町,錦糸町駅,錦糸町駅|押上駅,356.0,,,,primary_area=錦糸町,50,+30(dslurl)|+20(rental=1),0,1
錦糸町のレンタルダンススタジオおすすめ,エリア,A,studio3,〒136-0071 東京都江東区亀戸１丁目３１-８ 北越ビル 2F,,0,豊洲,豊洲,錦糸町駅,錦糸町駅,1077.0,,,,tag/station:錦糸町,20,+20(rental=1),0,1
錦糸町のレンタルダンススタジオおすすめ,エリア,A,StudioENTRADA森下,〒135-0004 東京都江東区森下３丁目８-７ カーム落合 1F,,0,豊洲,豊洲,森下駅,森下駅|菊川駅|清澄白河駅|住吉駅|浜町駅|両国駅|錦糸町駅|水天宮前駅|東日本橋駅|門前仲町駅,372.0,,,,tag/station:錦糸町,20,+20(rental=1),0,1
錦糸町のレンタルダンススタジオおすすめ,エリア,A,ウチノダンススタジオ,〒136-0071 東京都江東区亀戸２丁目３７-９ 第一不動産ビル,,0,豊洲,豊洲,錦糸町駅,錦糸町駅,1101.0,,,,tag/station:錦糸町,45,+20(rental=1)|+25(ダンススタジオ),0,1
錦糸町のレンタルダンススタジオおすすめ,エリア,A,ダンススタジオ ハッピーターン,〒130-0026 東京都墨田区両国４丁目１８-４,,0,錦糸町,錦糸町,両国駅,両国駅|森下駅|菊川駅|浜町駅|浅草橋駅|東日本橋駅|蔵前駅|清澄白河駅|馬喰横山駅|馬喰町駅,503.0,,,,primary_area=錦糸町,45,+20(rental=1)|+25(ダンススタジオ),0,1
錦糸町のレンタルダンススタジオおすすめ,エリア,A,ダンススペースオオヤ,〒130-0024 東京都墨田区菊川２丁目６-１４ マーベラスビル5F,,0,錦糸町,錦糸町,菊川駅,菊川駅|森下駅|清澄白河駅|住吉駅|錦糸町駅|両国駅|浜町駅|東日本橋駅|西大島駅|水天宮前駅,80.0,,,,primary_area=錦糸町,20,+20(rental=1),0,1
錦糸町のレンタルダンススタジオおすすめ,エリア,A,ロゼッタスタジオ錦糸町,〒130-0013 東京都墨田区錦糸２丁目１３-１ 堀越第一ビル 5F,,0,錦糸町,錦糸町,錦糸町駅,錦糸町駅,317.0,,,,primary_area=錦糸町,20,+20(rental=1),0,1
錦糸町のレンタルダンススタジオおすすめ,エリア,A,押上SORAスタジオ2,〒131-0045 東京都墨田区押上１丁目２５-５ 西原ビル １階,,0,錦糸町,錦糸町,押上駅,押上駅,389.0,,,,primary_area=錦糸町,40,+20(rental=1)|+20(web),0,1
錦糸町のレンタルダンススタジオおすすめ,エリア,A,押上ＳＯＲＡスタジオ4,〒131-0045 東京都墨田区押上１丁目２８-４ 桐生ビル 1Ｆ,,0,錦糸町,錦糸町,押上駅,押上駅,451.0,,,,primary_area=錦糸町,40,+20(rental=1)|+20(web),0,1
錦糸町のレンタルダンススタジオおすすめ,エリア,A,押上とうきょうスカイツリーSORAスタジオ,〒131-0045 東京都墨田区押上１丁目１３-１０ ２ 階,,0,錦糸町,錦糸町,押上駅,押上駅,339.0,,,,primary_area=錦糸町,40,+20(rental=1)|+20(web),0,1
錦糸町のレンタルダンススタジオおすすめ,エリア,A,森下スタジオ,〒135-0004 東京都江東区森下３丁目５-６,,0,豊洲,豊洲,森下駅,森下駅|菊川駅|清澄白河駅|浜町駅|両国駅|住吉駅|水天宮前駅|東日本橋駅|錦糸町駅|人形町駅,269.0,,,,tag/station:錦糸町,20,+20(rental=1),0,1
錦糸町のレンタルダンススタジオおすすめ,エリア,A,多目的スペース「時々海風が吹くスタジオ」,〒136-0071 東京都江東区亀戸７丁目４３-５,,0,豊洲,豊洲,亀戸水神駅,亀戸水神駅|亀戸駅|大島駅|西大島駅|東あずま駅|平井駅|東大島駅|小村井駅|錦糸町駅|住吉駅,399.0,,,,tag/station:錦糸町,20,+20(rental=1),0,1
錦糸町のレンタルダンススタジオおすすめ,エリア,A,明治座森下スタジオ,〒135-0004 東京都江東区森下３丁目６-５,,0,豊洲,豊洲,森下駅,森下駅|菊川駅|清澄白河駅|両国駅|浜町駅|住吉駅|錦糸町駅|水天宮前駅|東日本橋駅|馬喰横山駅,307.0,,,,tag/station:錦糸町,20,+20(rental=1),0,1
国分寺のレンタルダンススタジオおすすめ,エリア,B,BUZZ レンタルスタジオ 西国分寺店,〒185-0024 東京都国分寺市泉町３丁目３７-２５ 天龍ビル B1,https://dance-studio-lab.com/room/ZDcyMzBmZWYtMzdiYS00YjY0LThmOGEtZDJjMzQxNTVlZDA2/detail,1,国分寺,国分寺,西国分寺駅,西国分寺駅|恋ヶ窪駅|国分寺駅|国立駅,117.0,,,,primary_area=国分寺,80,+30(dslurl)|+20(rental=1)|+30(レンタルスタジオ),0,1
国分寺のレンタルダンススタジオおすすめ,エリア,B,BUZZ レンタルスタジオ 国分寺店,〒185-0021 東京都国分寺市南町３丁目２７-７ 白馬ビル B1F,https://dance-studio-lab.com/room/ZjIzMWQ0ZjctM2ViOC00Yzg1LWExMzMtMGFkZDYwYzg1Mjhj/detail,1,国分寺,国分寺,国分寺駅,国分寺駅,334.0,,,,primary_area=国分寺,80,+30(dslurl)|+20(rental=1)|+30(レンタルスタジオ),0,1
国分寺のレンタルダンススタジオおすすめ,エリア,B,レンタルスタジオクラッセ国分寺,〒185-0021 東京都国分寺市南町３丁目１８-２ 川端ビル ４階A,,0,国分寺,国分寺,国分寺駅,国分寺駅,179.0,,,,primary_area=国分寺,50,+20(rental=1)|+30(レンタルスタジオ),0,1
国分寺のレンタルダンススタジオおすすめ,エリア,B,Studio EFU（スタジオ エフ）,〒185-0012 東京都国分寺市本町２丁目２-１１ 鳥越ビル Ｂ１,,0,国分寺,国分寺,国分寺駅,国分寺駅,124.0,,,,primary_area=国分寺,20,+20(rental=1),0,1
国分寺のレンタルダンススタジオおすすめ,エリア,B,Studio Landin' 国分寺校,〒185-0021 東京都国分寺市南町３丁目２２-３１ 島崎ビルB1F,,0,国分寺,国分寺,国分寺駅,国分寺駅,254.0,,,,primary_area=国分寺,20,+20(rental=1),0,1
国分寺のレンタルダンススタジオおすすめ,エリア,B,Tap Dance Company Freiheit,〒185-0011 東京都国分寺市本多１丁目１-２０ Cross Stair B,,0,国分寺,国分寺,国分寺駅,国分寺駅,413.0,,,,primary_area=国分寺,20,+20(rental=1),0,1
国分寺のレンタルダンススタジオおすすめ,エリア,B,スタジオ ノバック,〒185-0021 東京都国分寺市南町２丁目１７-７ B.C.B TAKURA 3F,,0,国分寺,国分寺,国分寺駅,国分寺駅,235.0,,,,primary_area=国分寺,20,+20(rental=1),0,1
国分寺のレンタルダンススタジオおすすめ,エリア,B,スタジオＰＯＰ,〒185-0022 東京都国分寺市東元町２丁目２０-１１ アーバンコア,,0,国分寺,国分寺,国分寺駅,国分寺駅,451.0,,,,primary_area=国分寺,20,+20(rental=1),0,1
国分寺のレンタルダンススタジオおすすめ,エリア,B,スタジオベルゼ-Studio Verger-,〒185-0021 東京都国分寺市南町２丁目１３-５ 地下1F ベルゼ国分寺,,0,国分寺,国分寺,国分寺駅,国分寺駅,318.0,,,,primary_area=国分寺,20,+20(rental=1),0,1
国分寺のレンタルダンススタジオおすすめ,エリア,B,宮地楽器 国分寺センター,〒185-0021 東京都国分寺市南町３丁目１２-２ 国分寺宮地ビル,,0,国分寺,国分寺,国分寺駅,国分寺駅,316.0,,,,primary_area=国分寺,20,+20(rental=1),0,1
国分寺のレンタルダンススタジオおすすめ,エリア,B,国分寺 プレイス レンタルスタジオ,〒185-0021 東京都国分寺市南町３丁目３-２０ ロイヤルプレイス南町 B1,,0,国分寺,国分寺,国分寺駅,国分寺駅,404.0,,,,primary_area=国分寺,50,+20(rental=1)|+30(レンタルスタジオ),0,1
多摩センターのレンタルダンススタジオおすすめ,エリア,B,Clover 26,〒206-0033 東京都多摩市落合２丁目３３ 2階,,0,多摩センター,多摩センター,小田急多摩センター駅,小田急多摩センター駅|京王多摩センター駅|唐木田駅,566.0,,,,primary_area=多摩センター,20,+20(rental=1),0,1
多摩センターのレンタルダンススタジオおすすめ,エリア,B,CurioSpace多摩センター,〒206-0042 東京都多摩市山王下１丁目13-１２ パールプラザ 204号,,0,多摩センター,多摩センター,京王多摩センター駅,京王多摩センター駅|小田急多摩センター駅|唐木田駅|京王堀之内駅,407.0,,,,primary_area=多摩センター,20,+20(rental=1),0,1
多摩センターのレンタルダンススタジオおすすめ,エリア,B,K DANCE STUDIO 1024,〒206-0002 東京都多摩市一ノ宮１丁目２５-２ ガーデンヒルズ聖蹟桜ヶ丘 1F,,0,多摩センター,多摩センター,聖蹟桜ヶ丘駅,聖蹟桜ヶ丘駅|百草園駅|中河原駅,614.0,,,,primary_area=多摩センター,45,+20(rental=1)|+25(ダンススタジオ),0,1
多摩センターのレンタルダンススタジオおすすめ,エリア,B,キッズダンススタジオstudioCROSS（スタジオクロス）聖蹟桜ヶ丘クラス 多摩市 多摩カルチャーセンター,〒206-0011 東京都多摩市関戸４丁目73-１ よこくらビル 3階,,0,多摩センター,多摩センター,聖蹟桜ヶ丘駅,聖蹟桜ヶ丘駅|中河原駅|百草園駅,186.0,,,,primary_area=多摩センター,45,+20(rental=1)|+25(ダンススタジオ),0,1
多摩センターのレンタルダンススタジオおすすめ,エリア,B,スタジオ in フットサルステージ（多摩センター）,〒206-0033 東京都多摩市落合１丁目４７ ニューシティ多摩センタービル ８F,,0,多摩センター,多摩センター,小田急多摩センター駅,小田急多摩センター駅|京王多摩センター駅|唐木田駅,380.0,,,,primary_area=多摩センター,20,+20(rental=1),0,1
多摩センターのレンタルダンススタジオおすすめ,エリア,B,Ballet Fl?gel バレエフリューゲル,〒206-0011 東京都多摩市関戸４丁目７３ ヴィータアネックスよこくらビル 3階,,0,多摩センター,多摩センター,聖蹟桜ヶ丘駅,聖蹟桜ヶ丘駅|中河原駅|百草園駅,181.0,,,,primary_area=多摩センター,20,+20(rental=1),0,1
多摩センターのレンタルダンススタジオおすすめ,エリア,B,ダンスレンタルスタジオ プラーナ,〒206-0011 東京都多摩市関戸２丁目３２-５ カネシロビルB1,,0,多摩センター,多摩センター,聖蹟桜ヶ丘駅,聖蹟桜ヶ丘駅|中河原駅,552.0,,,,primary_area=多摩センター,50,+20(rental=1)|+30(レンタルスタジオ),0,1
多摩センターのレンタルダンススタジオおすすめ,エリア,B,バレエアトリエ クレール,〒206-0034 東京都多摩市 鶴牧3-4 1C,,0,多摩センター,多摩センター,唐木田駅,唐木田駅|小田急多摩センター駅|京王多摩センター駅|京王堀之内駅,746.0,,,,primary_area=多摩センター,20,+20(rental=1),0,1
多摩センターのレンタルダンススタジオおすすめ,エリア,B,レンタルホールフレンド永山,〒206-0024 東京都多摩市諏訪２丁目１２-１２ アクロスビル 2階,,0,多摩センター,多摩センター,小田急永山駅,小田急永山駅|京王永山駅|はるひ野駅,133.0,,,,primary_area=多摩センター,20,+20(rental=1),0,1
小平のレンタルダンススタジオおすすめ,エリア,B,STUDIO CHACHA,〒187-0035 東京都小平市小川西町４丁目１４-２２,,0,小平,小平,小川駅,小川駅|新小平駅|八坂駅|萩山駅|青梅街道駅|鷹の台駅|久米川駅,133.0,,,,primary_area=小平,20,+20(rental=1),0,1
小平のレンタルダンススタジオおすすめ,エリア,B,カルチャースタジオ花,〒187-0003 東京都小平市花小金井南町１丁目１４-２４,,0,小平,小平,花小金井駅,花小金井駅,361.0,,,,primary_area=小平,20,+20(rental=1),0,1
小平のレンタルダンススタジオおすすめ,エリア,B,かよバレエスタジオ,〒187-0002 東京都小平市花小金井１丁目１２-７,,0,小平,小平,花小金井駅,花小金井駅,150.0,,,,primary_area=小平,20,+20(rental=1),0,1
小平のレンタルダンススタジオおすすめ,エリア,B,ファーストクラブ,〒187-0043 東京都小平市学園東町１丁目７-４１-４,,0,小平,小平,一橋学園駅,一橋学園駅|青梅街道駅|新小平駅|小平駅|鷹の台駅|萩山駅,242.0,,,,primary_area=小平,20,+20(rental=1),0,1
小平のレンタルダンススタジオおすすめ,エリア,B,レンタルスタジオ・Ｆ,〒187-0032 東京都小平市小川町１丁目８３８,,0,小平,小平,鷹の台駅,鷹の台駅|小川駅|新小平駅|東大和市駅,1115.0,,,,primary_area=小平,50,+20(rental=1)|+30(レンタルスタジオ),0,1
小平のレンタルダンススタジオおすすめ,エリア,B,レンタルスタジオ/ステップ東村山１号店,〒189-0013 東京都東村山市栄町１丁目３-３２ ビュー久米川 201号室,,0,東村山,東村山,久米川駅,久米川駅|八坂駅|萩山駅|東村山駅|小川駅|小平駅,123.0,,,,tag/station:小平,50,+20(rental=1)|+30(レンタルスタジオ),0,1
小平のレンタルダンススタジオおすすめ,エリア,B,レンタルスタジオ/ステップ東村山２号店,〒189-0013 東京都東村山市栄町１丁目10-２３,,0,東村山,東村山,久米川駅,久米川駅|八坂駅|萩山駅|東村山駅|小川駅|小平駅|青梅街道駅|新小平駅,299.0,,,,tag/station:小平,50,+20(rental=1)|+30(レンタルスタジオ),0,1
小平のレンタルダンススタジオおすすめ,エリア,B,学園坂スタジオ,〒187-0043 東京都小平市学園東町７-７ 1-7-41 ナカムラ ビル 3F,,0,小平,小平,一橋学園駅,一橋学園駅|青梅街道駅|新小平駅|小平駅|鷹の台駅|萩山駅,239.0,,,,primary_area=小平,20,+20(rental=1),0,1
小平のレンタルダンススタジオおすすめ,エリア,B,"学園坂スタジオ（E,Fスタジオ）",〒187-0045 東京都小平市学園西町２丁目１４-２０,,0,小平,小平,一橋学園駅,一橋学園駅|青梅街道駅|新小平駅|鷹の台駅|小平駅|萩山駅|恋ヶ窪駅,175.0,,,,primary_area=小平,20,+20(rental=1),0,1
小平のレンタルダンススタジオおすすめ,エリア,B,鏡陽司ダンススタジオ,〒187-0035 東京都小平市小川西町３丁目１９-１ ハイム?Ⅱビル １F,,0,小平,小平,小川駅,小川駅|八坂駅|新小平駅|萩山駅|久米川駅|青梅街道駅|鷹の台駅,299.0,,,,primary_area=小平,45,+20(rental=1)|+25(ダンススタジオ),0,1
府中のレンタルダンススタジオおすすめ,エリア,B,Amiバレエアート,"晴見町1-2-1 スミレビル2階, 府中市 東京都 183-0057",,0,府中,府中,府中駅,府中駅,1078.0,,,,primary_area=府中,20,+20(rental=1),0,1
府中のレンタルダンススタジオおすすめ,エリア,B,Amiバレエダンスアーツ,〒183-0055 東京都府中市府中町２丁目２２-８,,0,府中,府中,府中駅,府中駅,1042.0,,,,primary_area=府中,20,+20(rental=1),0,1
府中のレンタルダンススタジオおすすめ,エリア,B,STUDIO ENOCH,〒183-0014 東京都府中市是政５丁目6-6 104,,0,府中,府中,是政駅,是政駅|南多摩駅|競艇場前駅|府中競馬正門前駅|東府中駅|府中本町駅|多磨霊園駅|稲城長沼駅|府中駅,40.0,,,,primary_area=府中,20,+20(rental=1),0,1
府中のレンタルダンススタジオおすすめ,エリア,B,ジムスタジオ IT'S MY TIME府中駅前店,〒183-0023 東京都府中市宮町１丁目23-３ 関口ビル 1階,,0,府中,府中,府中駅,府中駅,505.0,,,,primary_area=府中,20,+20(rental=1),0,1
府中のレンタルダンススタジオおすすめ,エリア,B,ダンススタジオ ユー,〒183-0015 東京都府中市清水が丘１丁目１-３,,0,府中,府中,東府中駅,東府中駅|多磨霊園駅|府中競馬正門前駅|府中駅|白糸台駅|是政駅|競艇場前駅|府中本町駅|武蔵野台駅,77.0,,,,primary_area=府中,45,+20(rental=1)|+25(ダンススタジオ),0,1
新小岩のレンタルダンススタジオおすすめ,エリア,B,HIRAYAMA studio立石,〒124-0012 東京都葛飾区立石１丁目２２-７,,0,新小岩,新小岩,京成立石駅,京成立石駅|青砥駅|お花茶屋駅|四ツ木駅,96.0,,,,primary_area=新小岩,20,+20(rental=1),0,1
新小岩のレンタルダンススタジオおすすめ,エリア,B,Studio GENIE,〒124-0012 東京都葛飾区立石６丁目１-６,,0,新小岩,新小岩,京成立石駅,京成立石駅|青砥駅|お花茶屋駅|四ツ木駅|京成高砂駅,469.0,,,,primary_area=新小岩,20,+20(rental=1),0,1
新小岩のレンタルダンススタジオおすすめ,エリア,B,STUDIOフェーム,〒124-0024 東京都葛飾区新小岩１丁目４２-４ 明治屋ビル,,0,新小岩,新小岩,新小岩駅,新小岩駅|平井駅,154.0,,,,primary_area=新小岩,20,+20(rental=1),0,1
新小岩のレンタルダンススタジオおすすめ,エリア,B,スタジオリリオ＆カフェ,〒125-0061 東京都葛飾区２９ 亀有3-29-1リリオ弐番館B1,,0,新小岩,新小岩,亀有駅,亀有駅|北綾瀬駅|京成金町駅|金町駅,142.0,,,,primary_area=新小岩,20,+20(rental=1),0,1
新小岩のレンタルダンススタジオおすすめ,エリア,B,スマイルスタジオTAKANO,〒124-0011 東京都葛飾区四つ木１丁目４７-１５,,0,新小岩,新小岩,四ツ木駅,四ツ木駅|京成立石駅|お花茶屋駅|八広駅|堀切菖蒲園駅|青砥駅|鐘ケ淵駅,627.0,,,,primary_area=新小岩,20,+20(rental=1),0,1
新小岩のレンタルダンススタジオおすすめ,エリア,B,タカノ,〒124-0011 東京都葛飾区四つ木１丁目４７-１５,,0,新小岩,新小岩,四ツ木駅,四ツ木駅|京成立石駅|お花茶屋駅|八広駅|堀切菖蒲園駅|鐘ケ淵駅|青砥駅,627.0,,,,primary_area=新小岩,20,+20(rental=1),0,1
新小岩のレンタルダンススタジオおすすめ,エリア,B,ダンスプレイスフェリーチェ (dance place FELICE),〒125-0041 東京都葛飾区東金町１丁目４２-１０ 東金町ビル ５階,,0,新小岩,新小岩,金町駅,金町駅|京成金町駅|柴又駅,110.0,,,,primary_area=新小岩,20,+20(rental=1),0,1
新小岩のレンタルダンススタジオおすすめ,エリア,B,金町 レンタルスタジオ ダンスロッヂ,〒125-0042 東京都葛飾区金町６丁目１２-１３ セザール金町マンション １０１,,0,新小岩,新小岩,京成金町駅,京成金町駅|金町駅|柴又駅,350.0,,,,primary_area=新小岩,50,+20(rental=1)|+30(レンタルスタジオ),0,1
新小岩のレンタルダンススタジオおすすめ,エリア,B,金町カフェレンタルスタジオ,〒125-0041 東京都葛飾区東金町１丁目３８-４ ニュー金町ビル ４F,,0,新小岩,新小岩,金町駅,金町駅|京成金町駅|柴又駅,175.0,,,,primary_area=新小岩,50,+20(rental=1)|+30(レンタルスタジオ),0,1
新小岩のレンタルダンススタジオおすすめ,エリア,B,Studio Sun-Sea,〒124-0006 東京都葛飾区堀切４丁目１１-２ 堀学ビル 302号室,,0,新小岩,新小岩,堀切菖蒲園駅,堀切菖蒲園駅|堀切駅|お花茶屋駅|京成関屋駅|牛田駅|綾瀬駅|鐘ケ淵駅|小菅駅|四ツ木駅|北千住駅,89.0,,,,primary_area=新小岩,40,+20(rental=1)|+20(web),0,1
新小岩のレンタルダンススタジオおすすめ,エリア,B,貸スペース 東京レンタルスタジオ,〒125-0061 東京都葛飾区亀有３丁目１３-２ 亀有鞠子ビル4階,,0,新小岩,新小岩,亀有駅,亀有駅|お花茶屋駅,380.0,,,,primary_area=新小岩,50,+20(rental=1)|+30(レンタルスタジオ),0,1
日暮里のレンタルダンススタジオおすすめ,エリア,B,I.G.Oスタジオ,"4F, ３丁目-５-１ 西日暮里 荒川区 東京都 116-0013",,0,日暮里,日暮里,日暮里駅,日暮里駅,619.0,,,,primary_area=日暮里,20,+20(rental=1),0,1
日暮里のレンタルダンススタジオおすすめ,エリア,B,ミライスタジオ上野,〒110-0003 東京都台東区根岸１丁目５-１３,,0,上野,上野|浅草|御徒町|蔵前,日暮里駅,日暮里駅|上野駅,943.0,,,,tag/station:日暮里,20,+20(rental=1),0,1
日暮里のレンタルダンススタジオおすすめ,エリア,B,KAJIWARA BALLET WORKS,〒116-0011 東京都荒川区西尾久５丁目２４-１０,,0,日暮里,日暮里,荒川遊園地前駅,荒川遊園地前駅|小台駅|尾久駅|荒川車庫前駅|宮ノ前駅|梶原駅|熊野前駅|上中里駅|赤土小学校前駅|足立小台駅,161.0,,,,primary_area=日暮里,20,+20(rental=1),0,1
日暮里のレンタルダンススタジオおすすめ,エリア,B,BUZZ レンタルスタジオ 上野店,〒110-0003 東京都台東区根岸３丁目６-３ 小林ビル 地下1階,,0,上野,上野|浅草|御徒町|蔵前,上野駅,上野駅|日暮里駅,975.0,,,,tag/station:日暮里,50,+20(rental=1)|+30(レンタルスタジオ),0,1
日暮里のレンタルダンススタジオおすすめ,エリア,B,あおちゃんダンスコミュニケーション サルサダンス ブラジルダンス 認知症予防ダンス,〒110-0003 東京都台東区根岸２丁目１２-１１,,0,上野,上野|浅草|御徒町|蔵前,日暮里駅,日暮里駅,726.0,,,,tag/station:日暮里,20,+20(rental=1),0,1
日暮里のレンタルダンススタジオおすすめ,エリア,B,スタジオHIKARI 上野,〒110-0003 東京都台東区根岸１丁目１-１５ ルンビニフードカフェ鶯谷店 4階,,0,上野,上野|浅草|御徒町|蔵前,上野駅,上野駅|日暮里駅,822.0,,,,tag/station:日暮里,20,+20(rental=1),0,1
日暮里のレンタルダンススタジオおすすめ,エリア,B,LIBRA SQUARE 三ノ輪スタジオ,〒116-0003 東京都荒川区南千住１丁目１５-４,,0,日暮里,日暮里,三ノ輪駅,三ノ輪駅|荒川一中前駅|荒川区役所前駅|南千住駅|荒川二丁目駅|千住大橋駅|荒川七丁目駅|三河島駅|入谷駅|町屋駅,307.0,,,,primary_area=日暮里,20,+20(rental=1),0,1
日暮里のレンタルダンススタジオおすすめ,エリア,B,スタジオWITHテライダンスカンパニー,〒116-0014 東京都荒川区東日暮里６丁目４５-３ ハイウエストビル3F ハイウエストビル,,0,日暮里,日暮里,日暮里駅,日暮里駅,426.0,,,,primary_area=日暮里,20,+20(rental=1),0,1
日暮里のレンタルダンススタジオおすすめ,エリア,B,スタジオプレステージ 根津スタジオ,〒110-0001 東京都台東区谷中２丁目６-５０,,0,上野,上野|浅草|御徒町|蔵前,日暮里駅,日暮里駅,834.0,,,,tag/station:日暮里,20,+20(rental=1),0,1
日暮里のレンタルダンススタジオおすすめ,エリア,B,スタジオよもだ A館,〒110-0003 東京都台東区１２ 根岸2丁目12-11 スタジオよもだ,,0,上野,上野|浅草|御徒町|蔵前,日暮里駅,日暮里駅,722.0,,,,tag/station:日暮里,20,+20(rental=1),0,1
日暮里のレンタルダンススタジオおすすめ,エリア,B,スタジオよもだB館,〒110-0003 東京都台東区根岸２丁目１７-１,,0,上野,上野|浅草|御徒町|蔵前,日暮里駅,日暮里駅|上野駅,744.0,,,,tag/station:日暮里,20,+20(rental=1),0,1
日暮里のレンタルダンススタジオおすすめ,エリア,B,BUZZ レンタルスタジオ 日暮里店,〒116-0014 東京都荒川区東日暮里６丁目６０-９ 日暮里駅前ビル B1F,,0,日暮里,日暮里,日暮里駅,日暮里駅,151.0,,,,primary_area=日暮里,50,+20(rental=1)|+30(レンタルスタジオ),0,1
日暮里のレンタルダンススタジオおすすめ,エリア,B,BUZZ レンタルスタジオ 西日暮里店,〒116-0013 東京都荒川区西日暮里５丁目２４-２ Ｋ．Ｉビル 地下1階,,0,日暮里,日暮里,日暮里駅,日暮里駅,595.0,,,,primary_area=日暮里,50,+20(rental=1)|+30(レンタルスタジオ),0,1
日暮里のレンタルダンススタジオおすすめ,エリア,B,スタジオＲ,〒110-0001 東京都台東区谷中２丁目８-１２,,0,上野,上野|浅草|御徒町|蔵前,日暮里駅,日暮里駅,757.0,,,,tag/station:日暮里,20,+20(rental=1),0,1
日暮里のレンタルダンススタジオおすすめ,エリア,B,スタジオアンダンティーノ,〒114-0014 東京都北区田端５丁目１-１２,,0,赤羽,赤羽,田端駅,田端駅|西日暮里駅|赤土小学校前駅|尾久駅|駒込駅|新三河島駅|千駄木駅|小台駅|日暮里駅|上中里駅,152.0,,,,tag/station:日暮里,20,+20(rental=1),0,1
日暮里のレンタルダンススタジオおすすめ,エリア,B,長谷川政義ダンスワールド,〒116-0013 東京都荒川区西日暮里６丁目４７-８ サンライズ21 2F,,0,日暮里,日暮里,日暮里駅,日暮里駅,926.0,,,,primary_area=日暮里,20,+20(rental=1),0,1
日暮里のレンタルダンススタジオおすすめ,エリア,B,白樺ドレス,〒116-0013 東京都荒川区西日暮里５丁目１４-１ 太陽ビル 2F,,0,日暮里,日暮里,日暮里駅,日暮里駅,603.0,,,,primary_area=日暮里,20,+20(rental=1),0,1
日暮里のレンタルダンススタジオおすすめ,エリア,B,日暮里リーダンススタジオ,東京都荒川区西日暮里2-29-6秋山ビル301,https://dance-studio-lab.com/room/MjAxNTcyNmItYmQ2Ny00MmEzLWIyNjktODFkZmYxNGJiOTVh/detail,1,日暮里,日暮里,日暮里駅,日暮里駅|西日暮里駅|三河島駅|新三河島駅|千駄木駅|鶯谷駅|田端駅|荒川区役所前駅|赤土小学校前駅|根津駅,232.0,,,,primary_area=日暮里,75,+30(dslurl)|+20(rental=1)|+25(ダンススタジオ),0,1
立川のレンタルダンススタジオおすすめ,エリア,B,duobus studio｜デュオバススタジオ,〒190-0001 東京都立川市高松町２丁目１７-３ 清水ビル 302,,0,立川,立川,立川駅,立川駅|西国立駅,1242.0,,,,primary_area=立川,20,+20(rental=1),0,1
立川のレンタルダンススタジオおすすめ,エリア,B,U210 【立川レンタルダンススタジオ】,〒190-0022 東京都立川市錦町２丁目２-２８ ＹＳ立川第二ビル １階,,0,立川,立川,立川駅,立川駅,406.0,,,,primary_area=立川,60,+20(rental=1)|+40(レンタルダンス),0,1
立川のレンタルダンススタジオおすすめ,エリア,B,エーススタジオ,〒190-0022 東京都立川市錦町１丁目１０-９ 米澤ビル 2F,,0,立川,立川,立川駅,立川駅,698.0,,,,primary_area=立川,20,+20(rental=1),0,1
立川のレンタルダンススタジオおすすめ,エリア,B,スタジオ ACTY,〒190-0023 東京都立川市柴崎町３丁目１４-６,,0,立川,立川,立川駅,立川駅,521.0,,,,primary_area=立川,20,+20(rental=1),0,1
立川のレンタルダンススタジオおすすめ,エリア,B,スタジオ ランディン 立川校,〒190-0022 東京都立川市錦町２丁目２-５ アオイビル 2F,,0,立川,立川,立川駅,立川駅,411.0,,,,primary_area=立川,20,+20(rental=1),0,1
立川のレンタルダンススタジオおすすめ,エリア,B,ベストスタジオ立川,〒190-0022 東京都立川市錦町２丁目１-１０ エリア立川 302号室,,0,立川,立川,立川駅,立川駅,348.0,,,,primary_area=立川,20,+20(rental=1),0,1
立川のレンタルダンススタジオおすすめ,エリア,B,レンタルスタジオ STUDIO ZERO 立川南口店,〒190-0023 東京都立川市柴崎町２丁目７-８ エクセル立川 B1F,,0,立川,立川,立川駅,立川駅,501.0,,,,primary_area=立川,50,+20(rental=1)|+30(レンタルスタジオ),0,1
立川のレンタルダンススタジオおすすめ,エリア,B,レンタルスタジオ マイレッスン 立川店,〒190-0023 東京都立川市柴崎町２丁目６-３ まるごビル,,0,立川,立川,立川駅,立川駅,410.0,,,,primary_area=立川,50,+20(rental=1)|+30(レンタルスタジオ),0,1
立川のレンタルダンススタジオおすすめ,エリア,B,レンタルスタジオ C-STUDIO,〒190-0022 東京都立川市錦町１丁目１０-２３ 光洋ビル 3F,,0,立川,立川,立川駅,立川駅,635.0,,,,primary_area=立川,50,+20(rental=1)|+30(レンタルスタジオ),0,1
立川のレンタルダンススタジオおすすめ,エリア,B,レンタルスタジオreimei Tachikawa,〒190-0022 東京都立川市錦町２丁目１-３５ Ktd 錦町ビル 2F,,0,立川,立川,立川駅,立川駅,279.0,,,,primary_area=立川,50,+20(rental=1)|+30(レンタルスタジオ),0,1
立川のレンタルダンススタジオおすすめ,エリア,B,山田誠ダンススタジオ,〒190-0012 東京都立川市曙町２丁目３２-２ 中山本社ビル,,0,立川,立川,立川駅,立川駅,441.0,,,,primary_area=立川,45,+20(rental=1)|+25(ダンススタジオ),0,1
三鷹のレンタルダンススタジオおすすめ,エリア,C,emotionS Dance Studio,〒180-0006 東京都武蔵野市中町１丁目２５-１０ 三祐ビル B1F,,0,吉祥寺,吉祥寺,三鷹駅,三鷹駅,220.0,,,,tag/station:三鷹,45,+20(rental=1)|+25(ダンススタジオ),0,1
三鷹のレンタルダンススタジオおすすめ,エリア,C,レンタルスタジオOLI（オリ） 三鷹 ［定員30名 教室レッスン、スポットレンタルできます］,〒180-0013 東京都武蔵野市西久保２丁目１-１０ Ｙ’Ｓビル B１ ワイズビル,,0,吉祥寺,吉祥寺,三鷹駅,三鷹駅,628.0,,,,tag/station:三鷹,30,+20(rental=1)|+30(レンタルスタジオ)|+20(web)|-40(教室),0,1
三鷹のレンタルダンススタジオおすすめ,エリア,C,三鷹RI劇場(旧名三鷹RIスタジオ),〒181-0013 東京都三鷹市下連雀３丁目 榎本ビル 地下1階,,0,三鷹,三鷹,三鷹駅,三鷹駅,235.0,,,,primary_area=三鷹,20,+20(rental=1),0,1
三鷹のレンタルダンススタジオおすすめ,エリア,C,三鷹レンタルスタジオRin,〒181-0013 東京都三鷹市下連雀３丁目２３-１２ アージェントビル 402,,0,三鷹,三鷹,三鷹駅,三鷹駅,165.0,,,,primary_area=三鷹,50,+20(rental=1)|+30(レンタルスタジオ),0,1
三鷹のレンタルダンススタジオおすすめ,エリア,C,Y'sホール三鷹,〒181-0004 東京都三鷹市新川６丁目８-１０ サンシャインビル B1,,0,三鷹,三鷹,なし,,,,,,primary_area=三鷹,20,+20(rental=1),0,1
三鷹のレンタルダンススタジオおすすめ,エリア,C,レンタルスタジオ D-Base 武蔵境店,〒180-0022 東京都武蔵野市境１丁目３-２ 平田ビル 3階,,0,吉祥寺,吉祥寺,武蔵境駅,武蔵境駅|三鷹駅|新小金井駅|東小金井駅,185.0,,,,tag/station:三鷹,50,+20(rental=1)|+30(レンタルスタジオ),0,1
三鷹のレンタルダンススタジオおすすめ,エリア,C,吉祥寺 三鷹 モリノスタジオ,〒181-0013 東京都三鷹市下連雀１丁目１７-４ GRATO井の頭公園 2F,,0,三鷹,三鷹,三鷹駅,三鷹駅|吉祥寺駅,923.0,,,,primary_area=三鷹,20,+20(rental=1),0,1
三鷹のレンタルダンススタジオおすすめ,エリア,C,三鷹イレブン会館 永谷ダンススタジオ 貸会議室,〒180-0006 東京都武蔵野市中町２丁目１３-１,,0,吉祥寺,吉祥寺,三鷹駅,三鷹駅,397.0,,,,tag/station:三鷹,45,+20(rental=1)|+25(ダンススタジオ),0,1
国立のレンタルダンススタジオおすすめ,エリア,C,BUZZ レンタルスタジオ 西国分寺店,〒185-0024 東京都国分寺市泉町３丁目３７-２５ 天龍ビル B1,https://dance-studio-lab.com/room/ZDcyMzBmZWYtMzdiYS00YjY0LThmOGEtZDJjMzQxNTVlZDA2/detail,1,国分寺,国分寺,西国分寺駅,西国分寺駅|恋ヶ窪駅|国分寺駅|国立駅,117.0,,,,tag/station:国立,80,+30(dslurl)|+20(rental=1)|+30(レンタルスタジオ),0,1
国立のレンタルダンススタジオおすすめ,エリア,C,レンタルスタジオ 国立リノ,〒186-0002 東京都国立市東１丁目15-22 4 国立サニービル 階C号室,,0,国立,国立,国立駅,国立駅|西国分寺駅|谷保駅,267.0,,,,primary_area=国立,50,+20(rental=1)|+30(レンタルスタジオ),0,1
国立のレンタルダンススタジオおすすめ,エリア,C,エコール・ド・バレエ・エタンセル,〒186-0002 東京都国立市東１丁目15-２２ 国立サニービル 4F B号室,,0,国立,国立,国立駅,国立駅|西国分寺駅|谷保駅,267.0,,,,primary_area=国立,20,+20(rental=1),0,1
国立のレンタルダンススタジオおすすめ,エリア,C,キッズダンススタジオstudioCROSS（スタジオクロス）国立駅ゴールドジムクラス,〒186-0004 東京都国立市中１丁目9-３０ 国立せきやビル 5階 ゴールドジム内,,0,国立,国立,国立駅,国立駅|西国分寺駅|谷保駅|矢川駅,158.0,,,,primary_area=国立,45,+20(rental=1)|+25(ダンススタジオ),0,1
国立のレンタルダンススタジオおすすめ,エリア,C,キッズダンススタジオstudioCROSS（スタジオクロス）国立谷保スタジオ,〒186-0003 東京都国立市富士見台２丁目１８-２ 富士見台ビル 2階,,0,国立,国立,谷保駅,谷保駅|矢川駅|西府駅|国立駅,129.0,,,,primary_area=国立,45,+20(rental=1)|+25(ダンススタジオ),0,1
国立のレンタルダンススタジオおすすめ,エリア,C,塩野啓子バレエスタジオ,〒186-0003 東京都国立市富士見台４丁目12-１,,0,国立,国立,矢川駅,矢川駅|西国立駅|谷保駅,91.0,,,,primary_area=国立,20,+20(rental=1),0,1
国立のレンタルダンススタジオおすすめ,エリア,C,国立ミュージカルスタジオ,〒186-0002 東京都国立市東１丁目１-１?２９ 第2いちやまハイツ 3F,,0,国立,国立,国立駅,国立駅|西国分寺駅|谷保駅|恋ヶ窪駅,179.0,,,,primary_area=国立,20,+20(rental=1),0,1
日野のレンタルダンススタジオおすすめ,エリア,C,A-KIDS DANCE STUDIO,〒191-0011 東京都日野市日野本町４丁目５-５ ＨＳビル 2F,,0,日野,日野,日野駅,日野駅,178.0,,,,primary_area=日野,45,+20(rental=1)|+25(ダンススタジオ),0,1
日野のレンタルダンススタジオおすすめ,エリア,C,キッズダンススタジオstudioCROSS（スタジオクロス）高幡不動クラス 日野市 多摩カルチャーセンター,〒191-0031 東京都日野市高幡３-１０ 遠藤ビル 2階,,0,日野,日野,高幡不動駅,高幡不動駅|多摩動物公園駅|百草園駅,59.0,,,,primary_area=日野,45,+20(rental=1)|+25(ダンススタジオ),0,1
日野のレンタルダンススタジオおすすめ,エリア,C,Dance Studio Bingo（日野Bingo）,〒191-0062 東京都日野市多摩平１丁目4-１５ ダイマルビル 2階,,0,日野,日野,豊田駅,豊田駅|南平駅|平山城址公園駅|北八王子駅,358.0,,,,primary_area=日野,45,+20(rental=1)|+25(ダンススタジオ),0,1
日野のレンタルダンススタジオおすすめ,エリア,C,フラメンコスタジオ エル ソニケテ,〒191-0062 東京都日野市多摩平２丁目１２-２ 山崎ビル1F,,0,日野,日野,豊田駅,豊田駅|南平駅|平山城址公園駅|北八王子駅,353.0,,,,primary_area=日野,20,+20(rental=1),0,1
日野のレンタルダンススタジオおすすめ,エリア,C,東京バレエ学園,〒191-0053 東京都日野市豊田４丁目４５-３,,0,日野,日野,豊田駅,豊田駅|南平駅|平山城址公園駅,215.0,,,,primary_area=日野,20,+20(rental=1),0,1
東京のレンタルダンススタジオおすすめ,エリア,C,Another ONE+ （銀座レンタルスペース）,〒104-0061 東京都中央区銀座３丁目１２-１８ 新岩間ビル 3F,,0,銀座,銀座|日本橋|八丁堀|月島,有楽町駅,有楽町駅|新橋駅|東京駅,700.0,,,,tag/station:東京,20,+20(rental=1),0,1
東京のレンタルダンススタジオおすすめ,エリア,C,ATHLETE Studio,〒101-0044 東京都千代田区鍛冶町１丁目８-１ SRビル 3F,,0,秋葉原,秋葉原,秋葉原駅,秋葉原駅|東京駅,900.0,,,,tag/station:東京,20,+20(rental=1),0,1
東京のレンタルダンススタジオおすすめ,エリア,C,BLM Dance School,〒196-0033 東京都昭島市１６ 東町1-16-11 4F,,0,東京,東京,西立川駅,西立川駅|東中神駅|中神駅,255.0,,,,primary_area=東京,20,+20(rental=1),0,1
東京のレンタルダンススタジオおすすめ,エリア,C,HMVP大手町スタジオ,〒101-0047 東京都千代田区内神田１丁目７-１１ B2F,,0,秋葉原,秋葉原,東京駅,東京駅|秋葉原駅,995.0,,,,tag/station:東京,20,+20(rental=1),0,1
東京のレンタルダンススタジオおすすめ,エリア,C,ライトハウス神田,〒103-0021 東京都中央区日本橋本石町４丁目５-８,,0,銀座,銀座|日本橋|八丁堀|月島,東京駅,東京駅|秋葉原駅,948.0,,,,tag/station:東京,20,+20(rental=1),0,1
東京のレンタルダンススタジオおすすめ,エリア,C,東京音楽堂 日本橋 ピアノサロン,〒103-0024 東京都中央区日本橋小舟町３-１２ 日本橋GRIT 6階,,0,銀座,銀座|日本橋|八丁堀|月島,東京駅,東京駅,1145.0,,,,tag/station:東京,20,+20(rental=1),0,1
東京のレンタルダンススタジオおすすめ,エリア,C,東京音楽堂 日本橋 ピアノホール,〒103-0024 東京都中央区日本橋小舟町３-１２ 日本橋GRIT 地下1階,,0,銀座,銀座|日本橋|八丁堀|月島,東京駅,東京駅,1144.0,,,,tag/station:東京,20,+20(rental=1),0,1
東京のレンタルダンススタジオおすすめ,エリア,C,studio RADA,〒103-0022 東京都中央区日本橋室町１丁目１-５,,0,銀座,銀座|日本橋|八丁堀|月島,東京駅,東京駅,700.0,,,,tag/station:東京,20,+20(rental=1),0,1
東京のレンタルダンススタジオおすすめ,エリア,C,レンタルスタジオ新富町 ?Danzatakara. Studio?,"Shintomi 2-1-7, Fujichuo building B1, 中央区 東京都 140-0041",,0,銀座,銀座|日本橋|八丁堀|月島,有楽町駅,有楽町駅|東京駅,891.0,,,,tag/station:東京,50,+20(rental=1)|+30(レンタルスタジオ),0,1
東京のレンタルダンススタジオおすすめ,エリア,C,OKUTAMA＋,〒198-0102 東京都西多摩郡奥多摩町川井５９４,,0,東京,東京,川井駅,川井駅|古里駅,544.0,,,,primary_area=東京,20,+20(rental=1),0,1
東京のレンタルダンススタジオおすすめ,エリア,C,レンタルスタジオSunny高田馬場2号店,〒169-0075 東京都高田馬場１丁目３４-２ 千葉ビル 1F,,0,東京,東京,高田馬場駅,高田馬場駅,62.0,,,,primary_area=東京,50,+20(rental=1)|+30(レンタルスタジオ),0,1
東京のレンタルダンススタジオおすすめ,エリア,C,Ryo Dance Studio,"〒196-0015 東京都昭島市昭和町２丁目２?番, 16号, 4F",,0,東京,東京,昭島駅,昭島駅|中神駅|西武立川駅|拝島駅,137.0,,,,primary_area=東京,45,+20(rental=1)|+25(ダンススタジオ),0,1
東京のレンタルダンススタジオおすすめ,エリア,C,Studio ballet with...,〒104-0041 東京都中央区新富１丁目３-１６ 第２アサヒビル １階,,0,銀座,銀座|日本橋|八丁堀|月島,有楽町駅,有楽町駅|東京駅,908.0,,,,tag/station:東京,20,+20(rental=1),0,1
東京のレンタルダンススタジオおすすめ,エリア,C,VERONICA FIT,〒104-0032 東京都中央区八丁堀２丁目１９-６ ヤサカ八丁堀ビルB1,,0,銀座,銀座|日本橋|八丁堀|月島,東京駅,東京駅|有楽町駅,1036.0,,,,tag/station:東京,20,+20(rental=1),0,1
東京のレンタルダンススタジオおすすめ,エリア,C,BUZZ レンタルスタジオ 神田店,〒101-0047 東京都千代田区内神田２丁目９-９ 神田西口ビル B1F,https://dance-studio-lab.com/room/ODJkZDE5YzQtMTlhZS00NjNlLWJlZTQtNDA3NTU3MTQ5NDg5/detail,1,秋葉原,秋葉原,秋葉原駅,秋葉原駅|東京駅,989.0,,,,tag/station:東京,80,+30(dslurl)|+20(rental=1)|+30(レンタルスタジオ),0,1
東京のレンタルダンススタジオおすすめ,エリア,C,サムシン コンビニエンス スタジオ,〒104-0032 東京都中央区八丁堀２丁目１-２ 水澤ビル,,0,銀座,銀座|日本橋|八丁堀|月島,東京駅,東京駅|有楽町駅,808.0,,,,tag/station:東京,20,+20(rental=1),0,1
東京のレンタルダンススタジオおすすめ,エリア,C,スタジオインディ 東京駅前店,〒104-0031 東京都中央区京橋１丁目４-１１ 竹本ビルディング ４階,,0,銀座,銀座|日本橋|八丁堀|月島,東京駅,東京駅|有楽町駅,397.0,,,,tag/station:東京,20,+20(rental=1),0,1
東京のレンタルダンススタジオおすすめ,エリア,C,スタジオヴェロニカ,〒104-0032 東京都中央区八丁堀２丁目１９-６ ヤサカ八丁堀ビル B1,,0,銀座,銀座|日本橋|八丁堀|月島,東京駅,東京駅|有楽町駅,1036.0,,,,tag/station:東京,20,+20(rental=1),0,1
東京のレンタルダンススタジオおすすめ,エリア,C,スペースF・L・S｜昭島レンタルスタジオ,〒196-0025 東京都昭島市朝日町１丁目 １１-５ ２F,,0,東京,東京,中神駅,中神駅|東中神駅|昭島駅|西立川駅|西武立川駅,145.0,,,,primary_area=東京,50,+20(rental=1)|+30(レンタルスタジオ),0,1
東京のレンタルダンススタジオおすすめ,エリア,C,セミナールーム茅場町 Co-Edo 3F 貸会議室,〒104-0033 東京都中央区新川１丁目３-４ ＰＡビル3F,,0,銀座,銀座|日本橋|八丁堀|月島,茅場町駅,茅場町駅|水天宮前駅|八丁堀駅|日本橋駅|人形町駅|京橋駅|新富町駅|三越前駅|東京駅|門前仲町駅,223.0,,,,tag/station:東京,20,+20(rental=1),0,1
東京のレンタルダンススタジオおすすめ,エリア,C,京橋ララサロン（KYOBASHI LALA SALON）,〒104-0032 東京都中央区八丁堀２丁目１９-６ ヤサカ八丁堀ビルB1,,0,銀座,銀座|日本橋|八丁堀|月島,東京駅,東京駅|有楽町駅,1036.0,,,,tag/station:東京,20,+20(rental=1),0,1
東京のレンタルダンススタジオおすすめ,エリア,C,日本橋PACMAN（ニホンバシパックマン）,〒103-0021 東京都中央区日本橋本石町４丁目５-５ 藤ビル 地下1階,,0,銀座,銀座|日本橋|八丁堀|月島,東京駅,東京駅|秋葉原駅,921.0,,,,tag/station:東京,20,+20(rental=1),0,1
東京のレンタルダンススタジオおすすめ,エリア,C,日本橋バレエ＆ダンススタジオ Studio LULL,〒101-0047 東京都千代田区内神田２丁目８-３ 新東ビル 2階,,0,秋葉原,秋葉原,秋葉原駅,秋葉原駅|東京駅,1033.0,,,,tag/station:東京,45,+20(rental=1)|+25(ダンススタジオ),0,1
東村山のレンタルダンススタジオおすすめ,エリア,C,Fairy Ballet Studio,〒189-0022 東京都東村山市野口町１丁目３-３ アドヴァンス東村山 ３F,,0,東村山,東村山,東村山駅,東村山駅|久米川駅|西武園駅|八坂駅,221.0,,,,primary_area=東村山,20,+20(rental=1),0,1
東村山のレンタルダンススタジオおすすめ,エリア,C,NML dance studio,〒189-0014 東京都東村山市本町２丁目21-３ 1F,,0,東村山,東村山,東村山駅,東村山駅|久米川駅|八坂駅|西武園駅,281.0,,,,primary_area=東村山,45,+20(rental=1)|+25(ダンススタジオ),0,1
東村山のレンタルダンススタジオおすすめ,エリア,C,スタジオ・アヴァンティ,〒189-0014 東京都東村山市本町２丁目２１-３ ファーストステージ東村山,,0,東村山,東村山,東村山駅,東村山駅|久米川駅|八坂駅|西武園駅,281.0,,,,primary_area=東村山,20,+20(rental=1),0,1
東村山のレンタルダンススタジオおすすめ,エリア,C,レンタルスタジオ/ステップ東村山１号店,〒189-0013 東京都東村山市栄町１丁目３-３２ ビュー久米川 201号室,,0,東村山,東村山,久米川駅,久米川駅|八坂駅|萩山駅|東村山駅|小川駅|小平駅,123.0,,,,primary_area=東村山,50,+20(rental=1)|+30(レンタルスタジオ),0,1
東村山のレンタルダンススタジオおすすめ,エリア,C,レンタルスタジオ/ステップ東村山２号店,〒189-0013 東京都東村山市栄町１丁目10-２３,,0,東村山,東村山,久米川駅,久米川駅|八坂駅|萩山駅|東村山駅|小川駅|小平駅|青梅街道駅|新小平駅,299.0,,,,primary_area=東村山,50,+20(rental=1)|+30(レンタルスタジオ),0,1
上野駅のレンタルダンススタジオおすすめ,駅,S,FunnyTips（ファニーティップス）,〒101-0021 東京都千代田区外神田５丁目５-７ パンセ秋葉原 B1F,,0,秋葉原,秋葉原,秋葉原駅,秋葉原駅|上野駅,633.0,上野駅,1069.1,station_distance,haversine:上野駅(≤1200m),20,+20(rental=1),0,1
上野駅のレンタルダンススタジオおすすめ,駅,S,ミライスタジオ上野,〒110-0003 東京都台東区根岸１丁目５-１３,,0,上野,上野|浅草|御徒町|蔵前,日暮里駅,日暮里駅|上野駅,943.0,上野駅,1051.7,station_distance,haversine:上野駅(≤1200m),20,+20(rental=1),0,1
上野駅のレンタルダンススタジオおすすめ,駅,S,K'sLinkStudio御徒町,〒110-0005 東京都台東区上野３丁目１９-４ フロンティアサカイビル 1F,,0,上野,上野|浅草|御徒町|蔵前,秋葉原駅,秋葉原駅|上野駅,803.0,上野駅,875.1,station_distance,haversine:上野駅(≤1200m),20,+20(rental=1),0,1
上野駅のレンタルダンススタジオおすすめ,駅,S,BUZZ レンタルスタジオ 上野店,〒110-0003 東京都台東区根岸３丁目６-３ 小林ビル 地下1階,,0,上野,上野|浅草|御徒町|蔵前,上野駅,上野駅|日暮里駅,975.0,上野駅,1038.9,station_distance,haversine:上野駅(≤1200m),50,+20(rental=1)|+30(レンタルスタジオ),0,1
上野駅のレンタルダンススタジオおすすめ,駅,S,スタジオ五軒町,〒101-0021 東京都千代田区外神田６丁目１６-１ 外神田フジハイツ 地下1階,,0,秋葉原,秋葉原,秋葉原駅,秋葉原駅|上野駅,714.0,上野駅,1074.9,station_distance,haversine:上野駅(≤1200m),20,+20(rental=1),0,1
上野駅のレンタルダンススタジオおすすめ,駅,S,レンタルスタジオODORU,〒110-0015 東京都台東区東上野３丁目１８-１ B1,,0,上野,上野|浅草|御徒町|蔵前,上野駅,上野駅,319.0,上野駅,259.0,station_distance,haversine:上野駅(≤1200m),50,+20(rental=1)|+30(レンタルスタジオ),0,1
上野駅のレンタルダンススタジオおすすめ,駅,S,スタジオHIKARI 上野,〒110-0003 東京都台東区根岸１丁目１-１５ ルンビニフードカフェ鶯谷店 4階,,0,上野,上野|浅草|御徒町|蔵前,上野駅,上野駅|日暮里駅,822.0,上野駅,885.4,station_distance,haversine:上野駅(≤1200m),20,+20(rental=1),0,1
上野駅のレンタルダンススタジオおすすめ,駅,S,スタジオジパング 上野スタジオSTANDARD,"〒110-0015 東京都台東区東上野３丁目１４-１２, Ueno Bldg., B1 旧 辻井ビル",,0,上野,上野|浅草|御徒町|蔵前,上野駅,上野駅,404.0,上野駅,360.1,station_distance,haversine:上野駅(≤1200m),20,+20(rental=1),0,1
上野駅のレンタルダンススタジオおすすめ,駅,S,シャノワールレンタルスタジオ,〒110-0005 東京都台東区上野３丁目１４-５ ヴェルコ黒門ビル 地下1階,,0,上野,上野|浅草|御徒町|蔵前,秋葉原駅,秋葉原駅|上野駅,782.0,上野駅,926.7,station_distance,haversine:上野駅(≤1200m),50,+20(rental=1)|+30(レンタルスタジオ),0,1
上野駅のレンタルダンススタジオおすすめ,駅,S,スタジオ阿弥陀,〒110-0004 東京都台東区下谷１丁目８-２０ 長松寺,,0,上野,上野|浅草|御徒町|蔵前,上野駅,上野駅,773.0,上野駅,833.1,station_distance,haversine:上野駅(≤1200m),20,+20(rental=1),0,1
上野駅のレンタルダンススタジオおすすめ,駅,S,ノアスタジオ 秋葉原店,〒101-0021 東京都千代田区外神田６丁目１４-８,,0,秋葉原,秋葉原,秋葉原駅,秋葉原駅,589.0,上野駅,1190.1,station_distance,haversine:上野駅(≤1200m),20,+20(rental=1),0,1
上野駅のレンタルダンススタジオおすすめ,駅,S,ブルースペース上野御徒町,〒110-0005 東京都台東区上野３丁目１３-１０ トミヤマビル B1F,,0,上野,上野|浅草|御徒町|蔵前,秋葉原駅,秋葉原駅|上野駅,725.0,上野駅,962.0,station_distance,haversine:上野駅(≤1200m),20,+20(rental=1),0,1
上野駅のレンタルダンススタジオおすすめ,駅,S,ヨガスタジオNOA 秋葉原校,〒101-0021 東京都千代田区外神田６丁目１４-８ 8F,,0,秋葉原,秋葉原,秋葉原駅,秋葉原駅,589.0,上野駅,1190.1,station_distance,haversine:上野駅(≤1200m),20,+20(rental=1),0,1
上野駅のレンタルダンススタジオおすすめ,駅,S,レンタルスタジオALOALO,〒110-0016 東京都台東区台東４丁目３１-５ オリオンビル B1,,0,上野,上野|浅草|御徒町|蔵前,上野駅,上野駅|秋葉原駅,717.0,上野駅,655.6,station_distance,haversine:上野駅(≤1200m),50,+20(rental=1)|+30(レンタルスタジオ),0,1
上野駅のレンタルダンススタジオおすすめ,駅,S,レンタルスタジオEVERGREEN,〒110-0005 東京都台東区上野３丁目２０-１０ 木下ビル3階,,0,上野,上野|浅草|御徒町|蔵前,秋葉原駅,秋葉原駅|上野駅,779.0,上野駅,877.4,station_distance,haversine:上野駅(≤1200m),50,+20(rental=1)|+30(レンタルスタジオ),0,1
上野駅のレンタルダンススタジオおすすめ,駅,S,秋葉原レンタルスペース.東京,〒101-0021 東京都千代田区外神田５丁目５-７ パンセ秋葉原 B1F,,0,秋葉原,秋葉原,秋葉原駅,秋葉原駅|上野駅,633.0,上野駅,1069.1,station_distance,haversine:上野駅(≤1200m),40,+20(rental=1)|+20(web),0,1
上野駅のレンタルダンススタジオおすすめ,駅,S,布川ダンスカンパニー,〒111-0036 東京都台東区松が谷１丁目９-１３ 高橋総本店,,0,上野,上野|浅草|御徒町|蔵前,浅草駅,浅草駅|蔵前駅|上野駅,799.0,上野駅,1012.9,station_distance,haversine:上野駅(≤1200m),20,+20(rental=1),0,1
上野駅のレンタルダンススタジオおすすめ,駅,S,スタジオ五軒町／『鏡張り』の多目的に利用できる『防音』スタジオ,東京都千代田区外神田6-16-1,https://dance-studio-lab.com/room/ODZiZjA3NDItNjk4ZS00YjMxLWFjMGQtMGU5ZjVkZDg5OWQw/detail,1,秋葉原,秋葉原,湯島駅,湯島駅|御徒町駅|京成上野駅|御茶ノ水駅|新御徒町駅|新御茶ノ水駅|岩本町駅|上野駅|神田駅|根津駅,308.0,上野駅,1075.1,station_distance,haversine:上野駅(≤1200m),50,+30(dslurl)|+20(rental=1),0,1
恵比寿駅のレンタルダンススタジオおすすめ,駅,S,渋谷店 レンタルダンススタジオ ＲＯＯＴＳ,〒150-0011 東京都渋谷区東１丁目２４-８ トキワマツ72ビル A号,,0,渋谷,渋谷|恵比寿|代官山|原宿,渋谷駅,渋谷駅|恵比寿駅,681.0,恵比寿駅,906.4,station_distance,haversine:恵比寿駅(≤1200m),60,+20(rental=1)|+40(レンタルダンス),0,1
恵比寿駅のレンタルダンススタジオおすすめ,駅,S,レンタルスタジオマイレッスン 渋谷店,〒150-0011 東京都渋谷区渋谷 東２-２０-１６ エストマニヴィア B1F,,0,渋谷,渋谷|恵比寿|代官山|原宿,恵比寿駅,恵比寿駅|渋谷駅,770.0,恵比寿駅,753.0,station_distance,haversine:恵比寿駅(≤1200m),50,+20(rental=1)|+30(レンタルスタジオ),0,1
恵比寿駅のレンタルダンススタジオおすすめ,駅,S,中目黒店 レンタルダンススタジオROOTS,〒153-0051 東京都目黒区上目黒１丁目５-１０ 中目黒マンション B6,,0,中目黒,中目黒,恵比寿駅,恵比寿駅,905.0,恵比寿駅,886.4,station_distance,haversine:恵比寿駅(≤1200m),60,+20(rental=1)|+40(レンタルダンス),0,1
恵比寿駅のレンタルダンススタジオおすすめ,駅,S,DANCE WORKS,〒150-0032 東京都渋谷区鶯谷町７-１０ ＮＭＤビル 2F-6F,,0,渋谷,渋谷|恵比寿|代官山|原宿,渋谷駅,渋谷駅|恵比寿駅,447.0,恵比寿駅,1073.9,station_distance,haversine:恵比寿駅(≤1200m),20,+20(rental=1),0,1
恵比寿駅のレンタルダンススタジオおすすめ,駅,S,Ka Hula O Hawai?i,〒150-0013 東京都渋谷区恵比寿４丁目４-５ ?三伊藤ビル 3F,,0,渋谷,渋谷|恵比寿|代官山|原宿,恵比寿駅,恵比寿駅,204.0,恵比寿駅,230.5,station_distance,haversine:恵比寿駅(≤1200m),20,+20(rental=1),0,1
恵比寿駅のレンタルダンススタジオおすすめ,駅,S,ENJOINT DANCE CLUB中目黒,〒153-0051 東京都目黒区上目黒１丁目５-１０ 中目黒マンション B1,,0,中目黒,中目黒,恵比寿駅,恵比寿駅,888.0,恵比寿駅,870.1,station_distance,haversine:恵比寿駅(≤1200m),20,+20(rental=1),0,1
恵比寿駅のレンタルダンススタジオおすすめ,駅,S,Pole and Aerial Studio POLISH中目黒,〒153-0051 東京都目黒区上目黒１丁目６-５ 3 階,,0,中目黒,中目黒,恵比寿駅,恵比寿駅,874.0,恵比寿駅,854.0,station_distance,haversine:恵比寿駅(≤1200m),20,+20(rental=1),0,1
恵比寿駅のレンタルダンススタジオおすすめ,駅,S,STUDIO A1-04（レンタルスタジオ）,〒150-0021 東京都渋谷区恵比寿西１丁目１４-３ 満栄佐藤ビル 2階 202号室,,0,渋谷,渋谷|恵比寿|代官山|原宿,恵比寿駅,恵比寿駅,232.0,恵比寿駅,205.0,station_distance,haversine:恵比寿駅(≤1200m),50,+20(rental=1)|+30(レンタルスタジオ),0,1
恵比寿駅のレンタルダンススタジオおすすめ,駅,S,谷淑江スペイン舞踊スタジオ DANZARTE（ダンサルテ）,〒150-0013 東京都渋谷区恵比寿１丁目１６-28-2F ＴＫビル,,0,渋谷,渋谷|恵比寿|代官山|原宿,恵比寿駅,恵比寿駅,312.0,恵比寿駅,326.6,station_distance,haversine:恵比寿駅(≤1200m),20,+20(rental=1),0,1
恵比寿駅のレンタルダンススタジオおすすめ,駅,S,Brighton Studio Daikanyama,〒150-0032 東京都渋谷区鶯谷町１-２ PAL bldg 3F&RF,,0,渋谷,渋谷|恵比寿|代官山|原宿,渋谷駅,渋谷駅|恵比寿駅,569.0,恵比寿駅,882.9,station_distance,haversine:恵比寿駅(≤1200m),20,+20(rental=1),0,1
恵比寿駅のレンタルダンススタジオおすすめ,駅,S,TEDDY?S BALANCE,〒150-0034 東京都渋谷区代官山町１３-１ ログロード代官山 L３棟２F,,0,渋谷,渋谷|恵比寿|代官山|原宿,恵比寿駅,恵比寿駅|渋谷駅,621.0,恵比寿駅,595.2,station_distance,haversine:恵比寿駅(≤1200m),20,+20(rental=1),0,1
恵比寿駅のレンタルダンススタジオおすすめ,駅,S,Rei Dance Collection 駅前校,〒150-0002 東京都渋谷区渋谷３丁目２８-７ 青ビル B1F,,0,渋谷,渋谷|恵比寿|代官山|原宿,渋谷駅,渋谷駅|恵比寿駅,324.0,恵比寿駅,1150.2,station_distance,haversine:恵比寿駅(≤1200m),20,+20(rental=1),0,1
恵比寿駅のレンタルダンススタジオおすすめ,駅,S,Studio H,〒150-0013 東京都渋谷区恵比寿２丁目１７-２２,,0,渋谷,渋谷|恵比寿|代官山|原宿,恵比寿駅,恵比寿駅,791.0,恵比寿駅,813.0,station_distance,haversine:恵比寿駅(≤1200m),20,+20(rental=1),0,1
恵比寿駅のレンタルダンススタジオおすすめ,駅,S,サラ・プランタ,〒150-0013 東京都渋谷区恵比寿１丁目１６?番28号 2-4階 Tkビル,,0,渋谷,渋谷|恵比寿|代官山|原宿,恵比寿駅,恵比寿駅,311.0,恵比寿駅,326.4,station_distance,haversine:恵比寿駅(≤1200m),20,+20(rental=1),0,1
恵比寿駅のレンタルダンススタジオおすすめ,駅,S,スタジオ アッコルタ,〒150-0013 東京都渋谷区恵比寿２丁目６-２９ ACCOLTATS B1F,,0,渋谷,渋谷|恵比寿|代官山|原宿,恵比寿駅,恵比寿駅,658.0,恵比寿駅,680.4,station_distance,haversine:恵比寿駅(≤1200m),20,+20(rental=1),0,1
恵比寿駅のレンタルダンススタジオおすすめ,駅,S,タップダンススタジオ,〒153-0051 東京都目黒区上目黒１丁目５-１０ 中目黒マンションB1F?10号室,,0,中目黒,中目黒,恵比寿駅,恵比寿駅,888.0,恵比寿駅,870.1,station_distance,haversine:恵比寿駅(≤1200m),45,+20(rental=1)|+25(ダンススタジオ),0,1
恵比寿駅のレンタルダンススタジオおすすめ,駅,S,ティーアイエス（株）,〒150-0021 東京都渋谷区恵比寿西１丁目３０-１４ エコー代官山,,0,渋谷,渋谷|恵比寿|代官山|原宿,恵比寿駅,恵比寿駅|渋谷駅,428.0,恵比寿駅,401.7,station_distance,haversine:恵比寿駅(≤1200m),20,+20(rental=1),0,1
恵比寿駅のレンタルダンススタジオおすすめ,駅,S,ドリーム・パフェ・スタジオ,〒150-0012 東京都渋谷区広尾５丁目１１-１１ 福地ビル,,0,渋谷,渋谷|恵比寿|代官山|原宿,恵比寿駅,恵比寿駅,1096.0,恵比寿駅,1114.6,station_distance,haversine:恵比寿駅(≤1200m),20,+20(rental=1),0,1
恵比寿駅のレンタルダンススタジオおすすめ,駅,S,ナプア アラ オナオナ 恵比寿校,〒150-0013 東京都渋谷区恵比寿１丁目１-６ エビスオークビル1-2F,,0,渋谷,渋谷|恵比寿|代官山|原宿,恵比寿駅,恵比寿駅,186.0,恵比寿駅,186.3,station_distance,haversine:恵比寿駅(≤1200m),20,+20(rental=1),0,1
恵比寿駅のレンタルダンススタジオおすすめ,駅,S,ピアノスタジオノア 恵比寿店,〒150-0013 東京都渋谷区恵比寿４丁目４-１２,,0,渋谷,渋谷|恵比寿|代官山|原宿,恵比寿駅,恵比寿駅,206.0,恵比寿駅,230.9,station_distance,haversine:恵比寿駅(≤1200m),20,+20(rental=1),0,1
恵比寿駅のレンタルダンススタジオおすすめ,駅,S,レンタルスタジオ,〒150-0013 東京都渋谷区恵比寿３丁目９-１５ 4階,,0,渋谷,渋谷|恵比寿|代官山|原宿,恵比寿駅,恵比寿駅|目黒駅,654.0,恵比寿駅,680.8,station_distance,haversine:恵比寿駅(≤1200m),70,+20(rental=1)|+30(レンタルスタジオ)|+20(web),0,1
恵比寿駅のレンタルダンススタジオおすすめ,駅,S,レンタルスタジオ ATELIER K.K. ?アトリエKK?,〒153-0051 東京都目黒区上目黒１丁目５-１０ 中目黒マンションB1F?11号室,,0,中目黒,中目黒,恵比寿駅,恵比寿駅,893.0,恵比寿駅,874.3,station_distance,haversine:恵比寿駅(≤1200m),50,+20(rental=1)|+30(レンタルスタジオ),0,1
恵比寿駅のレンタルダンススタジオおすすめ,駅,S,恵比寿ガーデンプレイス,〒150-0013 東京都渋谷区恵比寿４丁目２０,,0,渋谷,渋谷|恵比寿|代官山|原宿,恵比寿駅,恵比寿駅|目黒駅,576.0,恵比寿駅,600.5,station_distance,haversine:恵比寿駅(≤1200m),20,+20(rental=1),0,1
恵比寿駅のレンタルダンススタジオおすすめ,駅,S,恵比寿ガーデンプレイスタワー,〒150-6003 東京都渋谷区恵比寿４丁目２０-３,,0,渋谷,渋谷|恵比寿|代官山|原宿,恵比寿駅,恵比寿駅|目黒駅,583.0,恵比寿駅,606.3,station_distance,haversine:恵比寿駅(≤1200m),20,+20(rental=1),0,1
恵比寿駅のレンタルダンススタジオおすすめ,駅,S,恵比寿ヒルサイドスタジオ,〒150-0022 東京都渋谷区恵比寿南２丁目２１-８ 恵比寿ファインヒル B１,,0,渋谷,渋谷|恵比寿|代官山|原宿,恵比寿駅,恵比寿駅|目黒駅,453.0,恵比寿駅,464.6,station_distance,haversine:恵比寿駅(≤1200m),20,+20(rental=1),0,1
恵比寿駅のレンタルダンススタジオおすすめ,駅,S,ENJOINT DANCE CLUB,〒153-0061 東京都目黒区中目黒３丁目５-１８-３１２,,0,中目黒,中目黒,恵比寿駅,恵比寿駅,1086.0,恵比寿駅,1081.3,station_distance,haversine:恵比寿駅(≤1200m),20,+20(rental=1),0,1
恵比寿駅のレンタルダンススタジオおすすめ,駅,S,Akimotoレンタルスタジオ,〒153-0051 東京都目黒区上目黒１丁目１６-１１ 秋元ビル,,0,中目黒,中目黒,恵比寿駅,恵比寿駅,1130.0,恵比寿駅,1108.7,station_distance,haversine:恵比寿駅(≤1200m),70,+20(rental=1)|+30(レンタルスタジオ)|+20(web),0,1
恵比寿駅のレンタルダンススタジオおすすめ,駅,S,渋谷 EYE CANDY,〒150-0011 東京都渋谷区東１丁目２４-８ トキワマツ72ビル A号,,0,渋谷,渋谷|恵比寿|代官山|原宿,渋谷駅,渋谷駅|恵比寿駅,679.0,恵比寿駅,907.0,station_distance,haversine:恵比寿駅(≤1200m),20,+20(rental=1),0,1
恵比寿駅のレンタルダンススタジオおすすめ,駅,S,渋谷・代官山・バレエ,〒150-0034 東京都渋谷区代官山町７-５ ブリルビル,,0,渋谷,渋谷|恵比寿|代官山|原宿,恵比寿駅,恵比寿駅|渋谷駅,665.0,恵比寿駅,639.7,station_distance,haversine:恵比寿駅(≤1200m),20,+20(rental=1),0,1
恵比寿駅のレンタルダンススタジオおすすめ,駅,S,西島ダンスアカデミィＫ２,〒150-0022 東京都渋谷区恵比寿南３ １－３－６ ＣＩビル３Ｆ,,0,渋谷,渋谷|恵比寿|代官山|原宿,恵比寿駅,恵比寿駅,215.0,恵比寿駅,202.8,station_distance,haversine:恵比寿駅(≤1200m),20,+20(rental=1),0,1
恵比寿駅のレンタルダンススタジオおすすめ,駅,S,代官山スタジオ,〒153-0061 東京都目黒区中目黒１丁目２-１７,,0,中目黒,中目黒,恵比寿駅,恵比寿駅,732.0,恵比寿駅,712.2,station_distance,haversine:恵比寿駅(≤1200m),20,+20(rental=1),0,1
恵比寿駅のレンタルダンススタジオおすすめ,駅,S,中目黒 ブロードウェイレンタルスタジオ,〒153-0051 東京都目黒区上目黒１丁目５-１０ 中目黒マンション Ｂ15号室,,0,中目黒,中目黒,恵比寿駅,恵比寿駅,888.0,恵比寿駅,870.1,station_distance,haversine:恵比寿駅(≤1200m),50,+20(rental=1)|+30(レンタルスタジオ),0,1
恵比寿駅のレンタルダンススタジオおすすめ,駅,S,白金台恵比寿ミュージックスタジオ,〒108-0071 東京都港区白金台５丁目２-５ 502,,0,六本木,六本木|赤坂|麻布|新橋,目黒駅,目黒駅|恵比寿駅,1050.0,恵比寿駅,1114.6,station_distance,haversine:恵比寿駅(≤1200m),20,+20(rental=1),0,1
恵比寿駅のレンタルダンススタジオおすすめ,駅,S,BUZZ渋谷TOWER,東京都渋谷区東2-27-9],https://dance-studio-lab.com/room/YWZmOTdhZGMtMjk1MC00ODljLWE2YWUtMDRjMGM5NTIxZTg2/detail,1,渋谷,渋谷|恵比寿|代官山|原宿,渋谷駅,渋谷駅,437.0,恵比寿駅,575.9,station_distance,haversine:恵比寿駅(≤1200m),50,+30(dslurl)|+20(rental=1),0,1
恵比寿駅のレンタルダンススタジオおすすめ,駅,S,チェリッシュスタジオ7号館,東京都渋谷区桜丘町29-17 さくらマンション205,https://dance-studio-lab.com/room/MjQ5NGIyOTEtZTVmOS00MzZkLWIzNGYtYTFkMmVhOWZiYTE5/detail,1,渋谷,渋谷,渋谷駅,渋谷駅|神泉駅|代官山駅|中目黒駅|恵比寿駅|池尻大橋駅|駒場東大前駅|表参道駅|明治神宮前〈原宿〉駅|原宿駅,515.0,恵比寿駅,1252.4,candidate_stations_fallback,candidate_station_fallback:恵比寿駅,50,+30(dslurl)|+20(rental=1),0,1
恵比寿駅のレンタルダンススタジオおすすめ,駅,S,チェリッシュスタジオ4号館/8号館,東京都渋谷区桜丘町29-17 さくらマンション205,https://dance-studio-lab.com/room/NmJiNDI1YTQtN2EwMi00ODFjLWE0OTMtMjUyYzk4ODY2NGY5/detail,1,渋谷,渋谷,渋谷駅,渋谷駅|神泉駅|代官山駅|中目黒駅|恵比寿駅|池尻大橋駅|駒場東大前駅|表参道駅|明治神宮前〈原宿〉駅|原宿駅,515.0,恵比寿駅,1252.4,candidate_stations_fallback,candidate_station_fallback:恵比寿駅,50,+30(dslurl)|+20(rental=1),0,1
恵比寿駅のレンタルダンススタジオおすすめ,駅,S,ザ・スペース大久保南口,東京都渋谷区桜丘町29-17 さくらマンション205,https://dance-studio-lab.com/room/ZDRhYmIxMjgtNzhkMy00Yjk1LTk2MzItNTdiZWJmY2VkYWZk/detail,1,渋谷,渋谷,渋谷駅,渋谷駅|神泉駅|代官山駅|中目黒駅|恵比寿駅|池尻大橋駅|駒場東大前駅|表参道駅|明治神宮前〈原宿〉駅|原宿駅,515.0,恵比寿駅,1252.4,candidate_stations_fallback,candidate_station_fallback:恵比寿駅,50,+30(dslurl)|+20(rental=1),0,1
恵比寿駅のレンタルダンススタジオおすすめ,駅,S,チェリッシュスタジオ9号館,東京都渋谷区鶯谷町15-7 ライブリーYSビル6階,https://dance-studio-lab.com/room/NGU3OTQ4YzEtMzA3OS00NDc3LThjODQtYWFkMmUzMTE4ZmFm/detail,1,渋谷,渋谷,渋谷駅,渋谷駅|神泉駅|代官山駅|中目黒駅|恵比寿駅|池尻大橋駅|駒場東大前駅|表参道駅|明治神宮前〈原宿〉駅|原宿駅,423.0,恵比寿駅,1188.7,station_distance,haversine:恵比寿駅(≤1200m),50,+30(dslurl)|+20(rental=1),0,1
恵比寿駅のレンタルダンススタジオおすすめ,駅,S,レンタルスタジオAivic恵比寿,東京都渋谷区恵比寿西1-14-3 満栄佐藤ビル202,https://dance-studio-lab.com/room/MzMyZDY5NzktNDEzOS00MzAyLWJjNzEtMjZiMjNiNzUwNGMy/detail,1,渋谷,渋谷,恵比寿駅,恵比寿駅|代官山駅|中目黒駅|渋谷駅|広尾駅|神泉駅|目黒駅|祐天寺駅|表参道駅|白金台駅,233.0,恵比寿駅,210.1,station_distance,haversine:恵比寿駅(≤1200m),80,+30(dslurl)|+20(rental=1)|+30(レンタルスタジオ),0,1
恵比寿駅のレンタルダンススタジオおすすめ,駅,S,レンタルスタジオAivic恵比寿2号店,東京都渋谷区恵比寿2-16-16 レクシード恵比寿（旧flegエビスW）111,https://dance-studio-lab.com/room/MjM0NzMxMTAtOGQzOS00MDFkLThmMGEtNTgzM2MzMjVjMzlh/detail,1,渋谷,渋谷,広尾駅,広尾駅|恵比寿駅|白金台駅|代官山駅|目黒駅|白金高輪駅|中目黒駅|麻布十番駅|渋谷駅,628.0,恵比寿駅,796.3,station_distance,haversine:恵比寿駅(≤1200m),80,+30(dslurl)|+20(rental=1)|+30(レンタルスタジオ),0,1
新宿駅のレンタルダンススタジオおすすめ,駅,S,スタジオハイシー,〒160-0023 東京都新宿区西新宿３丁目２-２７ 第7 7 オーチュー B1階,,0,新宿,新宿|西新宿|高田馬場|新大久保,新宿駅,新宿駅|代々木駅|西武新宿駅,714.0,新宿駅,628.3,station_distance,haversine:新宿駅(≤1200m),20,+20(rental=1),0,1
新宿駅のレンタルダンススタジオおすすめ,駅,S,ソニズレンタルスタジオ新宿店,〒160-0023 東京都新宿区西新宿７丁目２２-３１ 柏木 MURA B1F,,0,新宿,新宿|西新宿|高田馬場|新大久保,西武新宿駅,西武新宿駅|新大久保駅|新宿駅,375.0,新宿駅,851.5,station_distance,haversine:新宿駅(≤1200m),50,+20(rental=1)|+30(レンタルスタジオ),0,1
新宿駅のレンタルダンススタジオおすすめ,駅,S,BUZZ新宿,〒160-0023 東京都新宿区西新宿７丁目１６-４ Concierge高橋 BF 地下1階,https://dance-studio-lab.com/room/NThmODMwMDctZjkyNi00ZTE3LTgwNjQtMDRmOGIwMmQ5ZTRi/detail,1,新宿,新宿|西新宿|高田馬場|新大久保,西武新宿駅,西武新宿駅|新宿駅|新大久保駅,298.0,新宿駅,723.9,station_distance,haversine:新宿駅(≤1200m),50,+30(dslurl)|+20(rental=1),0,1
新宿駅のレンタルダンススタジオおすすめ,駅,S,レンタルダンススタジオ LANDstudio 新宿店,〒169-0073 東京都新宿区百人町１丁目２２-１９ 筒井ビル B1F,,0,新宿,新宿|西新宿|高田馬場|新大久保,新大久保駅,新大久保駅|西武新宿駅|新宿駅,276.0,新宿駅,1187.5,station_distance,haversine:新宿駅(≤1200m),60,+20(rental=1)|+40(レンタルダンス),0,1
新宿駅のレンタルダンススタジオおすすめ,駅,S,BUZZ レンタルスタジオ新宿コンシェルジュ店,〒160-0023 東京都新宿区西新宿７丁目１６-４ Concierge高橋 BF 地下 一階,https://dance-studio-lab.com/room/OGUzNmE0NzUtZDU1NS00ZjIyLTg4OGItNDYyOWI2YzkzOTA0/detail,1,新宿,新宿|西新宿|高田馬場|新大久保,西武新宿駅,西武新宿駅|新宿駅|新大久保駅,292.0,新宿駅,719.1,station_distance,haversine:新宿駅(≤1200m),80,+30(dslurl)|+20(rental=1)|+30(レンタルスタジオ),0,1
新宿駅のレンタルダンススタジオおすすめ,駅,S,BUZZ レンタルスタジオ 新宿ハウス店,〒160-0023 東京都新宿区西新宿７丁目１６-１,https://dance-studio-lab.com/room/MWYzNmNhZGMtMWZiNi00MjBiLWJjNzMtZmFmNjAxYmQ5MjA3/detail,1,新宿,新宿|西新宿|高田馬場|新大久保,西武新宿駅,西武新宿駅|新宿駅|新大久保駅,276.0,新宿駅,694.9,station_distance,haversine:新宿駅(≤1200m),80,+30(dslurl)|+20(rental=1)|+30(レンタルスタジオ),0,1
新宿駅のレンタルダンススタジオおすすめ,駅,S,新宿レンタルスタジオ アルファ,〒160-0022 東京都新宿区８ 新宿5丁目8番21号 サンジュリ23号室,,0,新宿,新宿|西新宿|高田馬場|新大久保,新宿駅,新宿駅|西武新宿駅,823.0,新宿駅,881.7,station_distance,haversine:新宿駅(≤1200m),50,+20(rental=1)|+30(レンタルスタジオ),0,1
新宿駅のレンタルダンススタジオおすすめ,駅,S,BUZZ レンタルスタジオ新宿4丁目店,〒160-0022 東京都新宿区新宿４丁目２-２１ 相模ビル B1F,,0,新宿,新宿|西新宿|高田馬場|新大久保,新宿駅,新宿駅|代々木駅|西武新宿駅,355.0,新宿駅,319.4,station_distance,haversine:新宿駅(≤1200m),50,+20(rental=1)|+30(レンタルスタジオ),0,1
新宿駅のレンタルダンススタジオおすすめ,駅,S,スタジオジパング 新宿スタジオSTANDARD,〒160-0022 東京都新宿区新宿５丁目１０-２０ JKKグループ本社ビル1F,,0,新宿,新宿|西新宿|高田馬場|新大久保,新宿駅,新宿駅|西武新宿駅,762.0,新宿駅,826.2,station_distance,haversine:新宿駅(≤1200m),20,+20(rental=1),0,1
新宿駅のレンタルダンススタジオおすすめ,駅,S,レンタルスタジオマイレッスン 新宿御苑前,〒160-0022 東京都新宿区新宿１丁目１７-１,,0,新宿,新宿|西新宿|高田馬場|新大久保,新宿駅,新宿駅|代々木駅,1066.0,新宿駅,1077.2,station_distance,haversine:新宿駅(≤1200m),50,+20(rental=1)|+30(レンタルスタジオ),0,1
新宿駅のレンタルダンススタジオおすすめ,駅,S,レンタルスタジオ 301,〒160-0021 東京都新宿区歌舞伎町２丁目８-１２ 新宿グリーンプラザ 301号,,0,新宿,新宿|西新宿|高田馬場|新大久保,西武新宿駅,西武新宿駅|新宿駅|新大久保駅,507.0,新宿駅,798.3,station_distance,haversine:新宿駅(≤1200m),50,+20(rental=1)|+30(レンタルスタジオ),0,1
新宿駅のレンタルダンススタジオおすすめ,駅,S,BUZZ レンタルスタジオ 代々木店,〒151-0053 東京都渋谷区代々木１丁目３６-１ ミユキビル B1F,,0,渋谷,渋谷|恵比寿|代官山|原宿,代々木駅,代々木駅|新宿駅,148.0,新宿駅,635.8,station_distance,haversine:新宿駅(≤1200m),50,+20(rental=1)|+30(レンタルスタジオ),0,1
新宿駅のレンタルダンススタジオおすすめ,駅,S,レンタルスペース「301」,〒160-0021 東京都新宿区歌舞伎町２丁目８-１２ 新宿グリーンプラザ 301号,,0,新宿,新宿|西新宿|高田馬場|新大久保,西武新宿駅,西武新宿駅|新宿駅|新大久保駅,507.0,新宿駅,798.3,station_distance,haversine:新宿駅(≤1200m),20,+20(rental=1),0,1
新宿駅のレンタルダンススタジオおすすめ,駅,S,レンタルスタジオ「Ten（テン）」,〒160-0021 東京都新宿区歌舞伎町２丁目８-１２ 新宿グリーンプラザ 303号,,0,新宿,新宿|西新宿|高田馬場|新大久保,西武新宿駅,西武新宿駅|新宿駅|新大久保駅,507.0,新宿駅,798.3,station_distance,haversine:新宿駅(≤1200m),50,+20(rental=1)|+30(レンタルスタジオ),0,1
新宿駅のレンタルダンススタジオおすすめ,駅,S,Studio.m 新宿レンタルスタジオ,〒160-0022 東京都新宿区新宿５丁目１５?号２ 池与ビル ２０３,,0,新宿,新宿|西新宿|高田馬場|新大久保,西武新宿駅,西武新宿駅|新宿駅|新大久保駅,642.0,新宿駅,767.0,station_distance,haversine:新宿駅(≤1200m),50,+20(rental=1)|+30(レンタルスタジオ),0,1
新宿駅のレンタルダンススタジオおすすめ,駅,S,すむぞう 代々木スタジオ,〒151-0053 東京都渋谷区代々木１丁目４５-７ C's YOYOGI 4F,,0,渋谷,渋谷|恵比寿|代官山|原宿,代々木駅,代々木駅|新宿駅,392.0,新宿駅,867.3,station_distance,haversine:新宿駅(≤1200m),20,+20(rental=1),0,1
新宿駅のレンタルダンススタジオおすすめ,駅,S,DL Studio,〒151-0053 東京都渋谷区代々木１丁目４５-４ 地下2階 代々木山陽ビル,,0,渋谷,渋谷|恵比寿|代官山|原宿,代々木駅,代々木駅|新宿駅,356.0,新宿駅,855.4,station_distance,haversine:新宿駅(≤1200m),20,+20(rental=1),0,1
新宿駅のレンタルダンススタジオおすすめ,駅,S,ALOK DANCE DORAMA COMPANY,〒169-0073 東京都新宿区百人町１丁目１３-９,,0,新宿,新宿|西新宿|高田馬場|新大久保,新大久保駅,新大久保駅|西武新宿駅|新宿駅,279.0,新宿駅,1011.8,station_distance,haversine:新宿駅(≤1200m),20,+20(rental=1),0,1
新宿駅のレンタルダンススタジオおすすめ,駅,S,スタジオジパング 新宿スタジオPRO,"ニューローレルビル ニューローレルビル地下1階, １丁目-３４-１１ 新宿 新宿区 東京都 160-0022",,0,新宿,新宿|西新宿|高田馬場|新大久保,新宿駅,新宿駅|西武新宿駅|代々木駅,926.0,新宿駅,964.9,station_distance,haversine:新宿駅(≤1200m),20,+20(rental=1),0,1
新宿駅のレンタルダンススタジオおすすめ,駅,S,"マイレッスン 新宿A,Bスタジオ",〒160-0022 東京都新宿区新宿１丁目１３-１２,,0,新宿,新宿|西新宿|高田馬場|新大久保,新宿駅,新宿駅|代々木駅,1059.0,新宿駅,1067.2,station_distance,haversine:新宿駅(≤1200m),20,+20(rental=1),0,1
新宿駅のレンタルダンススタジオおすすめ,駅,S,Beat Box Dance Studio,〒151-0053 東京都渋谷区代々木１丁目４２-２,,0,渋谷,渋谷|恵比寿|代官山|原宿,代々木駅,代々木駅|新宿駅,232.0,新宿駅,787.9,station_distance,haversine:新宿駅(≤1200m),45,+20(rental=1)|+25(ダンススタジオ),0,1
新宿駅のレンタルダンススタジオおすすめ,駅,S,Cadena Flamenca,〒151-0053 東京都渋谷区代々木１丁目４２-２,,0,渋谷,渋谷|恵比寿|代官山|原宿,代々木駅,代々木駅|新宿駅,246.0,新宿駅,788.6,station_distance,haversine:新宿駅(≤1200m),20,+20(rental=1),0,1
新宿駅のレンタルダンススタジオおすすめ,駅,S,CARDIO BARRE SHINJUKU (カーディオ・バー 新宿店),〒160-0022 東京都新宿区新宿４丁目２-１６ パシフィックマークス新宿サウスゲート 2階,,0,新宿,新宿|西新宿|高田馬場|新大久保,新宿駅,新宿駅|代々木駅|西武新宿駅,351.0,新宿駅,338.2,station_distance,haversine:新宿駅(≤1200m),20,+20(rental=1),0,1
新宿駅のレンタルダンススタジオおすすめ,駅,S,DＡNCE Studio LEON 多目的スタジオ レオン,〒160-0022 東京都新宿区新宿５丁目１７-６ 201,,0,新宿,新宿|西新宿|高田馬場|新大久保,新宿駅,新宿駅|西武新宿駅|新大久保駅,557.0,新宿駅,638.3,station_distance,haversine:新宿駅(≤1200m),20,+20(rental=1),0,1
新宿駅のレンタルダンススタジオおすすめ,駅,S,ICHIBANGAI Dance Studio,〒160-0022 東京都新宿区新宿１丁目３ 12・B1,,0,新宿,新宿|西新宿|高田馬場|新大久保,代々木駅,代々木駅|新宿駅,1059.0,新宿駅,1126.8,station_distance,haversine:新宿駅(≤1200m),45,+20(rental=1)|+25(ダンススタジオ),0,1
新宿駅のレンタルダンススタジオおすすめ,駅,S,Ｍ＆Ｓダンススタジオ,〒151-0051 東京都渋谷区千駄ケ谷５丁目１１-１３ 俳協ビル B1,,0,渋谷,渋谷|恵比寿|代官山|原宿,代々木駅,代々木駅|新宿駅,374.0,新宿駅,903.2,station_distance,haversine:新宿駅(≤1200m),45,+20(rental=1)|+25(ダンススタジオ),0,1
新宿駅のレンタルダンススタジオおすすめ,駅,S,ROJIスタジオStudioStyle+,〒160-0023 東京都新宿区西新宿７丁目１５-１４,,0,新宿,新宿|西新宿|高田馬場|新大久保,西武新宿駅,西武新宿駅|新宿駅|新大久保駅,265.0,新宿駅,646.5,station_distance,haversine:新宿駅(≤1200m),20,+20(rental=1),0,1
新宿駅のレンタルダンススタジオおすすめ,駅,S,STUDIO COCORO（スタジオココロ）- 新宿代々木のレンタルスペース&ダンススタジオ - 数々のイベントやメディアに出演,〒151-0053 東京都渋谷区代々木３丁目９-１１,,0,渋谷,渋谷|恵比寿|代官山|原宿,代々木駅,代々木駅|新宿駅,551.0,新宿駅,753.4,station_distance,haversine:新宿駅(≤1200m),45,+20(rental=1)|+25(ダンススタジオ),0,1
新宿駅のレンタルダンススタジオおすすめ,駅,S,studio worcle okubo,〒169-0073 東京都新宿区百人町１丁目２１-５ 新宿Stビル,,0,新宿,新宿|西新宿|高田馬場|新大久保,新大久保駅,新大久保駅|西武新宿駅|新宿駅,342.0,新宿駅,1176.3,station_distance,haversine:新宿駅(≤1200m),20,+20(rental=1),0,1
新宿駅のレンタルダンススタジオおすすめ,駅,S,studio worcle shinjuku,〒160-0023 東京都新宿区西新宿７丁目１６-７ 第２１フジビル,,0,新宿,新宿|西新宿|高田馬場|新大久保,西武新宿駅,西武新宿駅|新大久保駅|新宿駅,278.0,新宿駅,752.2,station_distance,haversine:新宿駅(≤1200m),20,+20(rental=1),0,1
新宿駅のレンタルダンススタジオおすすめ,駅,S,studio worcle yoyogi,〒151-0053 東京都渋谷区代々木１丁目３６-１２ 2F,,0,渋谷,渋谷|恵比寿|代官山|原宿,代々木駅,代々木駅|新宿駅,141.0,新宿駅,653.7,station_distance,haversine:新宿駅(≤1200m),20,+20(rental=1),0,1
新宿駅のレンタルダンススタジオおすすめ,駅,S,Studioonda大久保,〒169-0073 東京都新宿区百人町１丁目２３-２ 3F,,0,新宿,新宿|西新宿|高田馬場|新大久保,新大久保駅,新大久保駅|西武新宿駅|新宿駅,388.0,新宿駅,1013.9,station_distance,haversine:新宿駅(≤1200m),20,+20(rental=1),0,1
新宿駅のレンタルダンススタジオおすすめ,駅,S,THビル貸し会議室 レンタルスタジオ,〒151-0053 東京都渋谷区代々木２丁目４-１ Thビル,https://dance-studio-lab.com/room/ZGYxYjYyNDgtMDEzOC00MjZhLTgyZDctODZlMDViYTQ0NDgy/detail,1,渋谷,渋谷|恵比寿|代官山|原宿,新宿駅,新宿駅|代々木駅|西武新宿駅,451.0,新宿駅,331.4,station_distance,haversine:新宿駅(≤1200m),80,+30(dslurl)|+20(rental=1)|+30(レンタルスタジオ),0,1
新宿駅のレンタルダンススタジオおすすめ,駅,S,ＴＨ会場,〒151-0053 東京都渋谷区代々木２丁目４-１,,0,渋谷,渋谷|恵比寿|代官山|原宿,新宿駅,新宿駅|代々木駅|西武新宿駅,451.0,新宿駅,332.2,station_distance,haversine:新宿駅(≤1200m),20,+20(rental=1),0,1
新宿駅のレンタルダンススタジオおすすめ,駅,S,スタジオジパング大久保,〒169-0073 東京都新宿区百人町１丁目２３ みなみビル B1,,0,新宿,新宿|西新宿|高田馬場|新大久保,新大久保駅,新大久保駅|西武新宿駅|新宿駅,331.0,新宿駅,1060.2,station_distance,haversine:新宿駅(≤1200m),20,+20(rental=1),0,1
新宿駅のレンタルダンススタジオおすすめ,駅,S,ジャパンポールダンス,〒160-0021 東京都新宿区歌舞伎町１丁目２３-１２ 第一桑原ビル 5F,,0,新宿,新宿|西新宿|高田馬場|新大久保,西武新宿駅,西武新宿駅|新宿駅|新大久保駅,161.0,新宿駅,525.9,station_distance,haversine:新宿駅(≤1200m),20,+20(rental=1),0,1
新宿駅のレンタルダンススタジオおすすめ,駅,S,シュミネAスタジオStudioStyle+,〒169-0073 東京都新宿区百人町１丁目２４-７,,0,新宿,新宿|西新宿|高田馬場|新大久保,新大久保駅,新大久保駅|西武新宿駅|新宿駅,374.0,新宿駅,1000.7,station_distance,haversine:新宿駅(≤1200m),20,+20(rental=1),0,1
新宿駅のレンタルダンススタジオおすすめ,駅,S,スタジオインディ 新宿店,〒160-0022 東京都新宿区新宿３丁目２２番１１号 新宿ＲＳビル ６階,,0,新宿,新宿|西新宿|高田馬場|新大久保,新宿駅,新宿駅|西武新宿駅|新大久保駅,289.0,新宿駅,409.0,station_distance,haversine:新宿駅(≤1200m),20,+20(rental=1),0,1
新宿駅のレンタルダンススタジオおすすめ,駅,S,スタジオスタイルプラス窓口StudioStyle+,〒160-0023 東京都新宿区西新宿７丁目２２-３１ 1F,,0,新宿,新宿|西新宿|高田馬場|新大久保,西武新宿駅,西武新宿駅|新大久保駅|新宿駅,380.0,新宿駅,853.3,station_distance,haversine:新宿駅(≤1200m),20,+20(rental=1),0,1
新宿駅のレンタルダンススタジオおすすめ,駅,S,ダンススタジオ石井,〒151-0051 東京都渋谷区千駄ケ谷５丁目４-７,,0,渋谷,渋谷|恵比寿|代官山|原宿,代々木駅,代々木駅|新宿駅,480.0,新宿駅,1046.2,station_distance,haversine:新宿駅(≤1200m),45,+20(rental=1)|+25(ダンススタジオ),0,1
新宿駅のレンタルダンススタジオおすすめ,駅,S,ノアスタジオ 新宿１号店,〒160-0023 東京都新宿区西新宿１丁目３-１４,,0,新宿,新宿|西新宿|高田馬場|新大久保,新宿駅,新宿駅|西武新宿駅|新大久保駅,319.0,新宿駅,413.1,station_distance,haversine:新宿駅(≤1200m),20,+20(rental=1),0,1
新宿駅のレンタルダンススタジオおすすめ,駅,S,ノアスタジオ 新宿２号店,〒160-0023 東京都新宿区西新宿７丁目１０-１２,,0,新宿,新宿|西新宿|高田馬場|新大久保,西武新宿駅,西武新宿駅|新宿駅|新大久保駅,259.0,新宿駅,507.2,station_distance,haversine:新宿駅(≤1200m),20,+20(rental=1),0,1
新宿駅のレンタルダンススタジオおすすめ,駅,S,ノアスタジオ代々木店,〒151-0051 東京都渋谷区千駄ケ谷４丁目２４-１９,,0,渋谷,渋谷|恵比寿|代官山|原宿,代々木駅,代々木駅,452.0,新宿駅,1140.9,station_distance,haversine:新宿駅(≤1200m),20,+20(rental=1),0,1
新宿駅のレンタルダンススタジオおすすめ,駅,S,ハレスタジオ参宮橋,〒151-0053 東京都渋谷区代々木４丁目２８-８ 代々木村田マンション 509,,0,渋谷,渋谷|恵比寿|代官山|原宿,代々木駅,代々木駅,1031.0,新宿駅,1131.0,station_distance,haversine:新宿駅(≤1200m),20,+20(rental=1),0,1
新宿駅のレンタルダンススタジオおすすめ,駅,S,メインスタジオStudio Style+,〒160-0023 東京都新宿区西新宿７丁目２２-３１,,0,新宿,新宿|西新宿|高田馬場|新大久保,西武新宿駅,西武新宿駅|新大久保駅|新宿駅,362.0,新宿駅,838.0,station_distance,haversine:新宿駅(≤1200m),20,+20(rental=1),0,1
新宿駅のレンタルダンススタジオおすすめ,駅,S,レンタルスタジオ HIKARI 新宿三丁目,〒160-0021 東京都新宿区歌舞伎町２丁目８-１２ グリーンプラザ 203,,0,新宿,新宿|西新宿|高田馬場|新大久保,西武新宿駅,西武新宿駅|新宿駅|新大久保駅,507.0,新宿駅,798.3,station_distance,haversine:新宿駅(≤1200m),50,+20(rental=1)|+30(レンタルスタジオ),0,1
新宿駅のレンタルダンススタジオおすすめ,駅,S,レンタルスタジオ HIKARI 西新宿７丁目,〒160-0023 東京都新宿区西新宿７丁目１０-１７ B館 601号室,,0,新宿,新宿|西新宿|高田馬場|新大久保,西武新宿駅,西武新宿駅|新宿駅|新大久保駅,234.0,新宿駅,540.6,station_distance,haversine:新宿駅(≤1200m),50,+20(rental=1)|+30(レンタルスタジオ),0,1
新宿駅のレンタルダンススタジオおすすめ,駅,S,ロジスタイルB StudioStyle+,〒160-0023 東京都新宿区西新宿７丁目１５-１４ FONTAINE三須 1F,,0,新宿,新宿|西新宿|高田馬場|新大久保,西武新宿駅,西武新宿駅|新宿駅|新大久保駅,255.0,新宿駅,636.8,station_distance,haversine:新宿駅(≤1200m),20,+20(rental=1),0,1
新宿駅のレンタルダンススタジオおすすめ,駅,S,新宿 だんすた レンタルスタジオ,〒160-0023 東京都新宿区西新宿７丁目１３-７ 3F4F タカラビル,,0,新宿,新宿|西新宿|高田馬場|新大久保,西武新宿駅,西武新宿駅|新宿駅|新大久保駅,398.0,新宿駅,621.9,station_distance,haversine:新宿駅(≤1200m),50,+20(rental=1)|+30(レンタルスタジオ),0,1
新宿駅のレンタルダンススタジオおすすめ,駅,S,新宿マイスタジオ,〒160-0023 東京都新宿区西新宿７丁目９-１７ ６F・５F・４F 伊藤ビル,,0,新宿,新宿|西新宿|高田馬場|新大久保,西武新宿駅,西武新宿駅|新宿駅|新大久保駅,263.0,新宿駅,548.5,station_distance,haversine:新宿駅(≤1200m),20,+20(rental=1),0,1
新宿駅のレンタルダンススタジオおすすめ,駅,S,新宿御苑前スタジオ,〒160-0022 東京都新宿区新宿１丁目１３-１２ FIRST bldg 地下1階 FIRST Bldg.,,0,新宿,新宿|西新宿|高田馬場|新大久保,新宿駅,新宿駅|代々木駅,1063.0,新宿駅,1071.4,station_distance,haversine:新宿駅(≤1200m),20,+20(rental=1),0,1
新宿駅のレンタルダンススタジオおすすめ,駅,S,赤レンガ・バレエスタジオStudioStyle+,〒169-0073 東京都新宿区百人町１丁目２４-８ 3F,,0,新宿,新宿|西新宿|高田馬場|新大久保,新大久保駅,新大久保駅|西武新宿駅|新宿駅,347.0,新宿駅,1002.7,station_distance,haversine:新宿駅(≤1200m),20,+20(rental=1),0,1
新宿駅のレンタルダンススタジオおすすめ,駅,S,赤レンガ・プレイスタジオStudioStyle+,〒169-0073 東京都新宿区百人町１丁目２４-８ 3F,,0,新宿,新宿|西新宿|高田馬場|新大久保,新大久保駅,新大久保駅|西武新宿駅|新宿駅,346.0,新宿駅,1004.3,station_distance,haversine:新宿駅(≤1200m),20,+20(rental=1),0,1
新宿駅のレンタルダンススタジオおすすめ,駅,S,赤レンガ・ライブスタジオStudioStyle+,〒169-0073 東京都新宿区百人町１丁目２４-８ 1F,,0,新宿,新宿|西新宿|高田馬場|新大久保,新大久保駅,新大久保駅|西武新宿駅|新宿駅,344.0,新宿駅,1002.7,station_distance,haversine:新宿駅(≤1200m),20,+20(rental=1),0,1
新宿駅のレンタルダンススタジオおすすめ,駅,S,貸空間スタジオStudioStyle+,〒160-0023 東京都新宿区西新宿７丁目２２-３１ BF 柏木 MURA,,0,新宿,新宿|西新宿|高田馬場|新大久保,西武新宿駅,西武新宿駅|新大久保駅|新宿駅,391.0,新宿駅,869.8,station_distance,haversine:新宿駅(≤1200m),20,+20(rental=1),0,1
新宿駅のレンタルダンススタジオおすすめ,駅,S,天空MURAダンススタジオStudioStyle+,〒160-0023 東京都新宿区西新宿６丁目１２-１６,,0,新宿,新宿|西新宿|高田馬場|新大久保,新宿駅,新宿駅|西武新宿駅,1079.0,新宿駅,1091.3,station_distance,haversine:新宿駅(≤1200m),45,+20(rental=1)|+25(ダンススタジオ),0,1
新宿駅のレンタルダンススタジオおすすめ,駅,S,天空MURAミドルスタジオStudioStyle+,〒160-0023 東京都新宿区西新宿６丁目１２-１６ 天空ＭＵＲＡ一号館,,0,新宿,新宿|西新宿|高田馬場|新大久保,新宿駅,新宿駅|西武新宿駅,1079.0,新宿駅,1091.1,station_distance,haversine:新宿駅(≤1200m),20,+20(rental=1),0,1
新宿駅のレンタルダンススタジオおすすめ,駅,S,渡辺雅子フラメンコラコンチャ,〒160-0022 東京都新宿区新宿２丁目１-３ 1F,,0,新宿,新宿|西新宿|高田馬場|新大久保,新宿駅,新宿駅|代々木駅|西武新宿駅,868.0,新宿駅,862.3,station_distance,haversine:新宿駅(≤1200m),20,+20(rental=1),0,1
新宿駅のレンタルダンススタジオおすすめ,駅,S,東京バレエ劇場,〒169-0073 東京都新宿区百人町１丁目１６-４,,0,新宿,新宿|西新宿|高田馬場|新大久保,新大久保駅,新大久保駅|西武新宿駅|新宿駅,211.0,新宿駅,1166.0,station_distance,haversine:新宿駅(≤1200m),20,+20(rental=1),0,1
新宿駅のレンタルダンススタジオおすすめ,駅,S,Hina STUDIO(ヒナスタジオ)【新宿西口アネックス】,東京都新宿区西新宿7-15-4　YS第一ビルB1階,https://dance-studio-lab.com/room/NWQxZDIzMzUtNWMzOC00MzY4LWE4YmYtMWU3MDBkYWM3ZDY2/detail,1,新宿,新宿,西武新宿駅,西武新宿駅|新宿西口駅|西新宿駅|大久保駅|都庁前駅|新宿駅|新大久保駅|新宿三丁目駅|東新宿駅|南新宿駅,234.0,新宿駅,649.2,station_distance,haversine:新宿駅(≤1200m),50,+30(dslurl)|+20(rental=1),0,1
新宿駅のレンタルダンススタジオおすすめ,駅,S,BEATs レンタルスタジオ ビーツ,東京都渋谷区代々木1-42-2 藤ビル2階,https://dance-studio-lab.com/room/ZWU0MDNlZTUtMDE1Zi00NDcyLWFjZjgtZTAzNzUzZTAwMzNj/detail,1,渋谷,渋谷,代々木駅,代々木駅|参宮橋駅|北参道駅|新宿駅|新宿三丁目駅|都庁前駅|千駄ケ谷駅|新宿西口駅|初台駅|新宿御苑前駅,259.0,新宿駅,787.1,station_distance,haversine:新宿駅(≤1200m),80,+30(dslurl)|+20(rental=1)|+30(レンタルスタジオ),0,1
新宿駅のレンタルダンススタジオおすすめ,駅,S,Hina STUDIO(ヒナスタジオ)【新宿西口スタジオ】,東京都新宿区西新宿7-10-12　ダイハンビルデンス4階,https://dance-studio-lab.com/room/ZDEyOTIyNTctYjUwOC00ZTY3LTgxMWYtYTI0MzhkNDg4OGNj/detail,1,新宿,新宿,新宿西口駅,新宿西口駅|西武新宿駅|西新宿駅|新宿駅|都庁前駅|新宿三丁目駅|大久保駅|新大久保駅|東新宿駅|代々木駅,136.0,新宿駅,518.6,station_distance,haversine:新宿駅(≤1200m),50,+30(dslurl)|+20(rental=1),0,1
新宿駅のレンタルダンススタジオおすすめ,駅,S,Studio-Bio,東京都渋谷区千駄ヶ谷3−41−12　シャトル千駄ヶ谷B1(地下),https://dance-studio-lab.com/room/MTI3NDc3MzgtMTBhMy00NGY2LWE3MGQtZmM5YzdiYjVmNzM2/detail,1,渋谷,渋谷,北参道駅,北参道駅|千駄ケ谷駅|代々木駅|国立競技場駅|原宿駅|明治神宮前〈原宿〉駅|参宮橋駅|新宿御苑前駅|新宿駅|信濃町駅,48.0,新宿駅,1346.2,candidate_stations_fallback,candidate_station_fallback:新宿駅,50,+30(dslurl)|+20(rental=1),0,1
東京駅のレンタルダンススタジオおすすめ,駅,S,ATHLETE Studio,〒101-0044 東京都千代田区鍛冶町１丁目８-１ SRビル 3F,,0,秋葉原,秋葉原,秋葉原駅,秋葉原駅|東京駅,900.0,東京駅,1184.4,station_distance,haversine:東京駅(≤1200m),20,+20(rental=1),0,1
東京駅のレンタルダンススタジオおすすめ,駅,S,HMVP大手町スタジオ,〒101-0047 東京都千代田区内神田１丁目７-１１ B2F,,0,秋葉原,秋葉原,東京駅,東京駅|秋葉原駅,995.0,東京駅,974.0,station_distance,haversine:東京駅(≤1200m),20,+20(rental=1),0,1
東京駅のレンタルダンススタジオおすすめ,駅,S,ライトハウス神田,〒103-0021 東京都中央区日本橋本石町４丁目５-８,,0,銀座,銀座|日本橋|八丁堀|月島,東京駅,東京駅|秋葉原駅,948.0,東京駅,972.2,station_distance,haversine:東京駅(≤1200m),20,+20(rental=1),0,1
東京駅のレンタルダンススタジオおすすめ,駅,S,studio RADA,〒103-0022 東京都中央区日本橋室町１丁目１-５,,0,銀座,銀座|日本橋|八丁堀|月島,東京駅,東京駅,700.0,東京駅,781.2,station_distance,haversine:東京駅(≤1200m),20,+20(rental=1),0,1
東京駅のレンタルダンススタジオおすすめ,駅,S,Studio ballet with...,〒104-0041 東京都中央区新富１丁目３-１６ 第２アサヒビル １階,,0,銀座,銀座|日本橋|八丁堀|月島,有楽町駅,有楽町駅|東京駅,908.0,東京駅,1099.2,station_distance,haversine:東京駅(≤1200m),20,+20(rental=1),0,1
東京駅のレンタルダンススタジオおすすめ,駅,S,VERONICA FIT,〒104-0032 東京都中央区八丁堀２丁目１９-６ ヤサカ八丁堀ビルB1,,0,銀座,銀座|日本橋|八丁堀|月島,東京駅,東京駅|有楽町駅,1036.0,東京駅,1132.9,station_distance,haversine:東京駅(≤1200m),20,+20(rental=1),0,1
東京駅のレンタルダンススタジオおすすめ,駅,S,BUZZ レンタルスタジオ 神田店,〒101-0047 東京都千代田区内神田２丁目９-９ 神田西口ビル B1F,https://dance-studio-lab.com/room/ODJkZDE5YzQtMTlhZS00NjNlLWJlZTQtNDA3NTU3MTQ5NDg5/detail,1,秋葉原,秋葉原,秋葉原駅,秋葉原駅|東京駅,989.0,東京駅,1099.6,station_distance,haversine:東京駅(≤1200m),80,+30(dslurl)|+20(rental=1)|+30(レンタルスタジオ),0,1
東京駅のレンタルダンススタジオおすすめ,駅,S,サムシン コンビニエンス スタジオ,〒104-0032 東京都中央区八丁堀２丁目１-２ 水澤ビル,,0,銀座,銀座|日本橋|八丁堀|月島,東京駅,東京駅|有楽町駅,808.0,東京駅,908.5,station_distance,haversine:東京駅(≤1200m),20,+20(rental=1),0,1
東京駅のレンタルダンススタジオおすすめ,駅,S,スタジオインディ 東京駅前店,〒104-0031 東京都中央区京橋１丁目４-１１ 竹本ビルディング ４階,,0,銀座,銀座|日本橋|八丁堀|月島,東京駅,東京駅|有楽町駅,397.0,東京駅,485.3,station_distance,haversine:東京駅(≤1200m),20,+20(rental=1),0,1
東京駅のレンタルダンススタジオおすすめ,駅,S,スタジオヴェロニカ,〒104-0032 東京都中央区八丁堀２丁目１９-６ ヤサカ八丁堀ビル B1,,0,銀座,銀座|日本橋|八丁堀|月島,東京駅,東京駅|有楽町駅,1036.0,東京駅,1132.9,station_distance,haversine:東京駅(≤1200m),20,+20(rental=1),0,1
東京駅のレンタルダンススタジオおすすめ,駅,S,京橋ララサロン（KYOBASHI LALA SALON）,〒104-0032 東京都中央区八丁堀２丁目１９-６ ヤサカ八丁堀ビルB1,,0,銀座,銀座|日本橋|八丁堀|月島,東京駅,東京駅|有楽町駅,1036.0,東京駅,1131.6,station_distance,haversine:東京駅(≤1200m),20,+20(rental=1),0,1
東京駅のレンタルダンススタジオおすすめ,駅,S,日本橋PACMAN（ニホンバシパックマン）,〒103-0021 東京都中央区日本橋本石町４丁目５-５ 藤ビル 地下1階,,0,銀座,銀座|日本橋|八丁堀|月島,東京駅,東京駅|秋葉原駅,921.0,東京駅,941.9,station_distance,haversine:東京駅(≤1200m),20,+20(rental=1),0,1
東京駅のレンタルダンススタジオおすすめ,駅,S,日本橋バレエ＆ダンススタジオ Studio LULL,〒101-0047 東京都千代田区内神田２丁目８-３ 新東ビル 2階,,0,秋葉原,秋葉原,秋葉原駅,秋葉原駅|東京駅,1033.0,東京駅,1049.1,station_distance,haversine:東京駅(≤1200m),45,+20(rental=1)|+25(ダンススタジオ),0,1
池袋駅のレンタルダンススタジオおすすめ,駅,S,BUZZ レンタルスタジオ 池袋本店,〒171-0022 東京都豊島区南池袋１丁目２０-１ 横田ビル 3F,,0,池袋,池袋|目白|大塚|巣鴨,池袋駅,池袋駅,241.0,池袋駅,318.5,station_distance,haversine:池袋駅(≤1200m),50,+20(rental=1)|+30(レンタルスタジオ),0,1
池袋駅のレンタルダンススタジオおすすめ,駅,S,C Production Dance Studio,〒170-0014 東京都豊島区池袋１丁目８-５ シーステージ池袋 5F,,0,池袋,池袋|目白|大塚|巣鴨,池袋駅,池袋駅,806.0,池袋駅,656.4,station_distance,haversine:池袋駅(≤1200m),45,+20(rental=1)|+25(ダンススタジオ),0,1
池袋駅のレンタルダンススタジオおすすめ,駅,S,BUZZ 池袋西口タワー,〒171-0014 東京都豊島区池袋２丁目３７-８ ジオ・ステージ池袋,,0,池袋,池袋|目白|大塚|巣鴨,池袋駅,池袋駅,586.0,池袋駅,464.6,station_distance,haversine:池袋駅(≤1200m),20,+20(rental=1),0,1
池袋駅のレンタルダンススタジオおすすめ,駅,S,BUZZ レンタルスタジオ池袋東口BASE,〒170-0013 東京都豊島区東池袋１丁目３６-７ B1,https://dance-studio-lab.com/room/NWY2ZjE2OGUtZDYyYi00ZTk5LThlMjctZDI1YjllMmRjM2Jk/detail,1,池袋,池袋|目白|大塚|巣鴨,池袋駅,池袋駅,608.0,池袋駅,488.3,station_distance,haversine:池袋駅(≤1200m),80,+30(dslurl)|+20(rental=1)|+30(レンタルスタジオ),0,1
池袋駅のレンタルダンススタジオおすすめ,駅,S,ヒカリババダンスカンパニー,〒171-0031 東京都豊島区目白２丁目１２-４,,0,池袋,池袋|目白|大塚|巣鴨,池袋駅,池袋駅|高田馬場駅,876.0,池袋駅,1025.5,station_distance,haversine:池袋駅(≤1200m),20,+20(rental=1),0,1
池袋駅のレンタルダンススタジオおすすめ,駅,S,Studio ROZE (スタジオロゼ） レンタルスタジオ ヨガスタジオ 整体サロン 池袋 安い,〒171-0014 東京都豊島区池袋２丁目１１-９ 安藤ビル 305,,0,池袋,池袋|目白|大塚|巣鴨,池袋駅,池袋駅,515.0,池袋駅,410.7,station_distance,haversine:池袋駅(≤1200m),50,+20(rental=1)|+30(レンタルスタジオ),0,1
池袋駅のレンタルダンススタジオおすすめ,駅,S,studio worcle 池袋店,〒171-0022 東京都豊島区南池袋２丁目２２-４,,0,池袋,池袋|目白|大塚|巣鴨,池袋駅,池袋駅,354.0,池袋駅,396.5,station_distance,haversine:池袋駅(≤1200m),20,+20(rental=1),0,1
池袋駅のレンタルダンススタジオおすすめ,駅,S,TBY-studio,〒171-0014 東京都豊島区池袋２丁目３６-２,,0,池袋,池袋|目白|大塚|巣鴨,池袋駅,池袋駅,532.0,池袋駅,422.6,station_distance,haversine:池袋駅(≤1200m),20,+20(rental=1),0,1
池袋駅のレンタルダンススタジオおすすめ,駅,S,アカペラスタジオベースオントップ池袋東口店,〒171-0022 東京都豊島区南池袋２丁目２４-５ 加藤ビル B1,,0,池袋,池袋|目白|大塚|巣鴨,池袋駅,池袋駅,323.0,池袋駅,409.8,station_distance,haversine:池袋駅(≤1200m),20,+20(rental=1),0,1
池袋駅のレンタルダンススタジオおすすめ,駅,S,WPG,〒171-0014 東京都豊島区池袋２丁目６８-９ ＭＩＢ 602号室,,0,池袋,池袋|目白|大塚|巣鴨,池袋駅,池袋駅,763.0,池袋駅,618.9,station_distance,haversine:池袋駅(≤1200m),20,+20(rental=1),0,1
池袋駅のレンタルダンススタジオおすすめ,駅,S,スタジオｉＤＣ,〒171-0014 東京都豊島区池袋２丁目４７-３ キウレイコンビル ４,,0,池袋,池袋|目白|大塚|巣鴨,池袋駅,池袋駅,500.0,池袋駅,350.4,station_distance,haversine:池袋駅(≤1200m),20,+20(rental=1),0,1
池袋駅のレンタルダンススタジオおすすめ,駅,S,レンタルスタジオ Sunny 池袋店,〒170-0013 東京都豊島区東池袋３丁目１１-９,,0,池袋,池袋|目白|大塚|巣鴨,池袋駅,池袋駅,864.0,池袋駅,795.3,station_distance,haversine:池袋駅(≤1200m),50,+20(rental=1)|+30(レンタルスタジオ),0,1
池袋駅のレンタルダンススタジオおすすめ,駅,S,ノアスタジオ 池袋店,〒170-0013 東京都豊島区東池袋１丁目３０-６ B1F-B2F,,0,池袋,池袋|目白|大塚|巣鴨,池袋駅,池袋駅,602.0,池袋駅,528.0,station_distance,haversine:池袋駅(≤1200m),20,+20(rental=1),0,1
池袋駅のレンタルダンススタジオおすすめ,駅,S,スタジオマーティ / STUDIO marty 池袋出張所,"いちご東池袋ビル 6f, １丁目-３４-５ 東池袋 豊島区 東京都 170-0013",,0,池袋,池袋|目白|大塚|巣鴨,池袋駅,池袋駅,675.0,池袋駅,564.1,station_distance,haversine:池袋駅(≤1200m),20,+20(rental=1),0,1
池袋駅のレンタルダンススタジオおすすめ,駅,S,BUZZ レンタルスタジオ 池袋西口PARK店,〒171-0021 東京都豊島区西池袋３丁目３０-１０ ライオンビル B1,,0,池袋,池袋|目白|大塚|巣鴨,池袋駅,池袋駅,415.0,池袋駅,379.7,station_distance,haversine:池袋駅(≤1200m),50,+20(rental=1)|+30(レンタルスタジオ),0,1
池袋駅のレンタルダンススタジオおすすめ,駅,S,BUZZ池袋サンシャイン,〒170-0013 東京都豊島区東池袋１丁目２６-３,,0,池袋,池袋|目白|大塚|巣鴨,池袋駅,池袋駅,526.0,池袋駅,523.4,station_distance,haversine:池袋駅(≤1200m),20,+20(rental=1),0,1
池袋駅のレンタルダンススタジオおすすめ,駅,S,スタジオジパング 池袋スタジオSTANDARD 7F/8F,〒171-0021 東京都豊島区西池袋３丁目２９-９ 8F Ｃ３ビル 7F,,0,池袋,池袋|目白|大塚|巣鴨,池袋駅,池袋駅,449.0,池袋駅,396.6,station_distance,haversine:池袋駅(≤1200m),20,+20(rental=1),0,1
池袋駅のレンタルダンススタジオおすすめ,駅,S,natsu belly dance club,〒171-0022 東京都豊島区南池袋２丁目２２-４ フジキF2ビル,,0,池袋,池袋|目白|大塚|巣鴨,池袋駅,池袋駅,352.0,池袋駅,395.1,station_distance,haversine:池袋駅(≤1200m),20,+20(rental=1),0,1
池袋駅のレンタルダンススタジオおすすめ,駅,S,スタジオジパング 目白スタジオPRO,〒171-0031 東京都豊島区目白３ 5-13 地下1階,,0,池袋,池袋|目白|大塚|巣鴨,池袋駅,池袋駅|高田馬場駅,887.0,池袋駅,1024.8,station_distance,haversine:池袋駅(≤1200m),20,+20(rental=1),0,1
池袋駅のレンタルダンススタジオおすすめ,駅,S,TDSレンタルスタジオ池袋（120㎡）,〒171-0014 東京都豊島区池袋２丁目６４-１１ ｢平和ビル/4F｣,,0,池袋,池袋|目白|大塚|巣鴨,池袋駅,池袋駅,715.0,池袋駅,564.9,station_distance,haversine:池袋駅(≤1200m),70,+20(rental=1)|+30(レンタルスタジオ)|+20(web),0,1
池袋駅のレンタルダンススタジオおすすめ,駅,S,ピアノスタジオノア 池袋店,〒170-0013 東京都豊島区東池袋２丁目６３-１ 2F～B1F,,0,池袋,池袋|目白|大塚|巣鴨,池袋駅,池袋駅,803.0,池袋駅,690.6,station_distance,haversine:池袋駅(≤1200m),20,+20(rental=1),0,1
池袋駅のレンタルダンススタジオおすすめ,駅,S,フラメンコスタジオマリ池袋,〒170-0013 東京都豊島区東池袋１丁目４７-５ B1,,0,池袋,池袋|目白|大塚|巣鴨,池袋駅,池袋駅,689.0,池袋駅,573.5,station_distance,haversine:池袋駅(≤1200m),20,+20(rental=1),0,1
池袋駅のレンタルダンススタジオおすすめ,駅,S,レンタルスタジオSunny 池袋3号店,〒170-0013 東京都豊島区東池袋２丁目３９-２ マルミビル 2階 A号室,,0,池袋,池袋|目白|大塚|巣鴨,池袋駅,池袋駅,979.0,池袋駅,922.6,station_distance,haversine:池袋駅(≤1200m),50,+20(rental=1)|+30(レンタルスタジオ),0,1
池袋駅のレンタルダンススタジオおすすめ,駅,S,レンタルスタジオひより,〒171-0014 東京都豊島区池袋２丁目２３-２３ 白鳥ハイツ 107,,0,池袋,池袋|目白|大塚|巣鴨,池袋駅,池袋駅,694.0,池袋駅,620.1,station_distance,haversine:池袋駅(≤1200m),50,+20(rental=1)|+30(レンタルスタジオ),0,1
池袋駅のレンタルダンススタジオおすすめ,駅,S,池袋 MIB,〒171-0014 東京都豊島区池袋２丁目６８-９ ＭＩＢ 1-2-3F,,0,池袋,池袋|目白|大塚|巣鴨,池袋駅,池袋駅,763.0,池袋駅,618.9,station_distance,haversine:池袋駅(≤1200m),20,+20(rental=1),0,1
池袋駅のレンタルダンススタジオおすすめ,駅,S,池袋 ミント,〒170-0014 東京都豊島区池袋１丁目８-５ 池袋MINTORONビルB1F,,0,池袋,池袋|目白|大塚|巣鴨,池袋駅,池袋駅,795.0,池袋駅,645.0,station_distance,haversine:池袋駅(≤1200m),20,+20(rental=1),0,1
池袋駅のレンタルダンススタジオおすすめ,駅,S,池袋ルピナス,〒170-0013 東京都豊島区東池袋１丁目３１-２ ルピナス池袋102,,0,池袋,池袋|目白|大塚|巣鴨,池袋駅,池袋駅,619.0,池袋駅,540.4,station_distance,haversine:池袋駅(≤1200m),20,+20(rental=1),0,1
池袋駅のレンタルダンススタジオおすすめ,駅,S,池袋レンタルスタジオ Studio M Ikebukuro Tokyo,〒171-0014 東京都豊島区池袋２丁目５３-３ スクエア21 １Ｆ,,0,池袋,池袋|目白|大塚|巣鴨,池袋駅,池袋駅,561.0,池袋駅,425.7,station_distance,haversine:池袋駅(≤1200m),50,+20(rental=1)|+30(レンタルスタジオ),0,1
池袋駅のレンタルダンススタジオおすすめ,駅,S,東京ステップス・アーツ アニメダンス池袋校,〒192-0082 東京都豊島区東池袋１丁目２２-５ サンケェビル６F,,0,池袋,池袋|目白|大塚|巣鴨,池袋駅,池袋駅,475.0,池袋駅,457.8,station_distance,haversine:池袋駅(≤1200m),20,+20(rental=1),0,1
池袋駅のレンタルダンススタジオおすすめ,駅,S,目白の杜studio,〒161-0033 東京都新宿区下落合３丁目２０-１１,,0,新宿,新宿|西新宿|高田馬場|新大久保,池袋駅,池袋駅,990.0,池袋駅,1106.1,station_distance,haversine:池袋駅(≤1200m),20,+20(rental=1),0,1
池袋駅のレンタルダンススタジオおすすめ,駅,S,BUZZ池袋西口PARK,東京都豊島区西池袋3-30-10ライオンビルB1,https://dance-studio-lab.com/room/ZjBiN2M3MDEtZTMzYS00ZGZkLTg3YTktYjU3MjdjNDk3Njli/detail,1,池袋,池袋|目白|大塚|巣鴨,池袋駅,池袋駅,586.0,池袋駅,464.6,station_distance,haversine:池袋駅(≤1200m),50,+30(dslurl)|+20(rental=1),0,1
池袋駅のレンタルダンススタジオおすすめ,駅,S,スタジオピアーチェ池袋店,東京都豊島区池袋本町1-7-1　池袋本町ビル地下１階,https://dance-studio-lab.com/room/YjA4YWEyZDUtYmFmZS00NDQ3LWJjOWYtMzU2MDlmMDc1MTJi/detail,1,池袋,池袋,北池袋駅,北池袋駅|下板橋駅|池袋駅|板橋駅|新板橋駅|東池袋駅|要町駅|向原駅|庚申塚駅|大塚駅,439.0,池袋駅,865.4,station_distance,haversine:池袋駅(≤1200m),50,+30(dslurl)|+20(rental=1),0,1
池袋駅のレンタルダンススタジオおすすめ,駅,S,レンタルスタジオAivic池袋東口1号店,東京都豊島区東池袋3-11-9 三島ビル501,https://dance-studio-lab.com/room/ZTU1MDVkNDQtZjUzNi00MWRiLWFhMDctZTk3YTg1YjRjNDUx/detail,1,池袋,池袋,向原駅,向原駅|東池袋駅|東池袋四丁目駅|池袋駅|大塚駅|都電雑司ヶ谷駅|北池袋駅|新大塚駅|庚申塚駅|雑司が谷駅,618.0,池袋駅,801.3,station_distance,haversine:池袋駅(≤1200m),80,+30(dslurl)|+20(rental=1)|+30(レンタルスタジオ),0,1
池袋駅のレンタルダンススタジオおすすめ,駅,S,レンタルスタジオAivic池袋西口 レンタルスタジオAivic池袋西口,東京都豊島区西池袋3-23-8 平井ビル7階,,0,池袋,池袋,池袋駅,池袋駅|要町駅|目白駅|東池袋駅|椎名町駅|都電雑司ヶ谷駅|雑司が谷駅|東池袋四丁目駅|北池袋駅|学習院下駅,353.0,池袋駅,315.5,station_distance,haversine:池袋駅(≤1200m),50,+20(rental=1)|+30(レンタルスタジオ),0,1
池袋駅のレンタルダンススタジオおすすめ,駅,S,レンタルスタジオAivic池袋東口2号店,東京都豊島区東池袋2-57-1 K/B東池袋Ⅱ 5F,https://dance-studio-lab.com/room/ZTVmNmYwZGYtZTExNy00YTlkLTk4MDktODhhMWE2ZTYyNmNj/detail,1,池袋,池袋,池袋駅,池袋駅|向原駅|東池袋駅|北池袋駅|東池袋四丁目駅|大塚駅|都電雑司ヶ谷駅|庚申塚駅|新大塚駅|板橋駅,749.0,池袋駅,732.9,station_distance,haversine:池袋駅(≤1200m),80,+30(dslurl)|+20(rental=1)|+30(レンタルスタジオ),0,1
渋谷駅のレンタルダンススタジオおすすめ,駅,S,A la neigeバレエ,〒150-0043 東京都渋谷区道玄坂１丁目１９-１１ 寿道玄坂ビル B１,,0,渋谷,渋谷|恵比寿|代官山|原宿,渋谷駅,渋谷駅,529.0,渋谷駅,546.4,station_distance,haversine:渋谷駅(≤1200m),20,+20(rental=1),0,1
渋谷駅のレンタルダンススタジオおすすめ,駅,S,渋谷店 レンタルダンススタジオ ＲＯＯＴＳ,〒150-0011 東京都渋谷区東１丁目２４-８ トキワマツ72ビル A号,,0,渋谷,渋谷|恵比寿|代官山|原宿,渋谷駅,渋谷駅|恵比寿駅,681.0,渋谷駅,751.4,station_distance,haversine:渋谷駅(≤1200m),60,+20(rental=1)|+40(レンタルダンス),0,1
渋谷駅のレンタルダンススタジオおすすめ,駅,S,ARTIST DANCE STUDIO,〒150-0036 東京都渋谷区南平台町１-９ 南平台宝来ビル B1,,0,渋谷,渋谷|恵比寿|代官山|原宿,渋谷駅,渋谷駅,499.0,渋谷駅,543.5,station_distance,haversine:渋谷駅(≤1200m),45,+20(rental=1)|+25(ダンススタジオ),0,1
渋谷駅のレンタルダンススタジオおすすめ,駅,S,BUZZ SHIBUYA店,〒150-0042 東京都渋谷区宇田川町４-１０ 宇田川町ビル B1～3F,,0,渋谷,渋谷|恵比寿|代官山|原宿,渋谷駅,渋谷駅|原宿駅,624.0,渋谷駅,533.6,station_distance,haversine:渋谷駅(≤1200m),20,+20(rental=1),0,1
渋谷駅のレンタルダンススタジオおすすめ,駅,S,CARDIO BARRE SHIBUYA (カーディオ・バー 渋谷店),〒150-0002 東京都渋谷区渋谷１丁目１４-１１ BCサロン 地下１階,,0,渋谷,渋谷|恵比寿|代官山|原宿,渋谷駅,渋谷駅|表参道駅|原宿駅,222.0,渋谷駅,151.8,station_distance,haversine:渋谷駅(≤1200m),20,+20(rental=1),0,1
渋谷駅のレンタルダンススタジオおすすめ,駅,S,BUZZ レンタルスタジオ 渋谷東口SQUARE店,〒150-0002 東京都渋谷区渋谷２丁目２２-８ 名取ビル 1F,,0,渋谷,渋谷|恵比寿|代官山|原宿,渋谷駅,渋谷駅|表参道駅,177.0,渋谷駅,197.0,station_distance,haversine:渋谷駅(≤1200m),50,+20(rental=1)|+30(レンタルスタジオ),0,1
渋谷駅のレンタルダンススタジオおすすめ,駅,S,"in the house / Shibuya ""Gallery""",〒150-0001 東京都渋谷区神宮前６丁目２３-１２,,0,渋谷,渋谷|恵比寿|代官山|原宿,原宿駅,原宿駅|渋谷駅|表参道駅,573.0,渋谷駅,681.3,station_distance,haversine:渋谷駅(≤1200m),20,+20(rental=1),0,1
渋谷駅のレンタルダンススタジオおすすめ,駅,S,BUZZ レンタルスタジオ 渋谷PARK店,〒150-0042 東京都渋谷区宇田川町１９-５,https://dance-studio-lab.com/room/YmNlM2RmNGMtNGI0Mi00ZTg4LTk4OTYtNjY4NWRiM2JmNzhm/detail,1,渋谷,渋谷|恵比寿|代官山|原宿,渋谷駅,渋谷駅|原宿駅,448.0,渋谷駅,351.2,station_distance,haversine:渋谷駅(≤1200m),80,+30(dslurl)|+20(rental=1)|+30(レンタルスタジオ),0,1
渋谷駅のレンタルダンススタジオおすすめ,駅,S,レンタルスタジオマイレッスン 渋谷店,〒150-0011 東京都渋谷区渋谷 東２-２０-１６ エストマニヴィア B1F,,0,渋谷,渋谷|恵比寿|代官山|原宿,恵比寿駅,恵比寿駅|渋谷駅,770.0,渋谷駅,899.7,station_distance,haversine:渋谷駅(≤1200m),50,+20(rental=1)|+30(レンタルスタジオ),0,1
渋谷駅のレンタルダンススタジオおすすめ,駅,S,DANCE WORKS,〒150-0032 東京都渋谷区鶯谷町７-１０ ＮＭＤビル 2F-6F,,0,渋谷,渋谷|恵比寿|代官山|原宿,渋谷駅,渋谷駅|恵比寿駅,447.0,渋谷駅,548.6,station_distance,haversine:渋谷駅(≤1200m),20,+20(rental=1),0,1
渋谷駅のレンタルダンススタジオおすすめ,駅,S,JOINT STUDO Harajuku,〒150-0001 東京都渋谷区神宮前４丁目２９-９ Ondenビル B1,,0,渋谷,渋谷|恵比寿|代官山|原宿,原宿駅,原宿駅|表参道駅|外苑前駅,400.0,渋谷駅,1153.1,station_distance,haversine:渋谷駅(≤1200m),20,+20(rental=1),0,1
渋谷駅のレンタルダンススタジオおすすめ,駅,S,Brighton Studio Daikanyama,〒150-0032 東京都渋谷区鶯谷町１-２ PAL bldg 3F&RF,,0,渋谷,渋谷|恵比寿|代官山|原宿,渋谷駅,渋谷駅|恵比寿駅,569.0,渋谷駅,664.0,station_distance,haversine:渋谷駅(≤1200m),20,+20(rental=1),0,1
渋谷駅のレンタルダンススタジオおすすめ,駅,S,TEDDY?S BALANCE,〒150-0034 東京都渋谷区代官山町１３-１ ログロード代官山 L３棟２F,,0,渋谷,渋谷|恵比寿|代官山|原宿,恵比寿駅,恵比寿駅|渋谷駅,621.0,渋谷駅,984.2,station_distance,haversine:渋谷駅(≤1200m),20,+20(rental=1),0,1
渋谷駅のレンタルダンススタジオおすすめ,駅,S,Rei Dance Collection 駅前校,〒150-0002 東京都渋谷区渋谷３丁目２８-７ 青ビル B1F,,0,渋谷,渋谷|恵比寿|代官山|原宿,渋谷駅,渋谷駅|恵比寿駅,324.0,渋谷駅,406.6,station_distance,haversine:渋谷駅(≤1200m),20,+20(rental=1),0,1
渋谷駅のレンタルダンススタジオおすすめ,駅,S,Rei Dance Collection 本校,〒150-0031 東京都渋谷区桜丘町２９-３５ パーソンズビル地下1階,,0,渋谷,渋谷|恵比寿|代官山|原宿,渋谷駅,渋谷駅,409.0,渋谷駅,487.3,station_distance,haversine:渋谷駅(≤1200m),20,+20(rental=1),0,1
渋谷駅のレンタルダンススタジオおすすめ,駅,S,STUDIO LIKEMAD,〒150-0042 東京都渋谷区宇田川町１１-２ 宇田川柳光ビル B1,,0,渋谷,渋谷|恵比寿|代官山|原宿,渋谷駅,渋谷駅|原宿駅,620.0,渋谷駅,533.3,station_distance,haversine:渋谷駅(≤1200m),20,+20(rental=1),0,1
渋谷駅のレンタルダンススタジオおすすめ,駅,S,studio worcle shibuya,〒150-0031 東京都渋谷区桜丘町１４-１０ 地下１階,,0,渋谷,渋谷|恵比寿|代官山|原宿,渋谷駅,渋谷駅,259.0,渋谷駅,358.7,station_distance,haversine:渋谷駅(≤1200m),20,+20(rental=1),0,1
渋谷駅のレンタルダンススタジオおすすめ,駅,S,渋谷のレンタルスタジオ ユニアス,〒150-0043 東京都渋谷区道玄坂１丁目７-１０ リードシー渋谷道玄坂 B1F 新大宗渋谷,,0,渋谷,渋谷|恵比寿|代官山|原宿,渋谷駅,渋谷駅,213.0,渋谷駅,242.4,station_distance,haversine:渋谷駅(≤1200m),50,+20(rental=1)|+30(レンタルスタジオ),0,1
渋谷駅のレンタルダンススタジオおすすめ,駅,S,FLASHスタジオ,〒150-0002 東京都渋谷区渋谷１丁目１０-２ グローリア宮益坂III 東館 3F,,0,渋谷,渋谷|恵比寿|代官山|原宿,渋谷駅,渋谷駅|表参道駅|原宿駅,428.0,渋谷駅,379.9,station_distance,haversine:渋谷駅(≤1200m),20,+20(rental=1),0,1
渋谷駅のレンタルダンススタジオおすすめ,駅,S,すむぞうスタジオ 渋谷公園通りスタジオPINK&BLUE(ピンクアンドブルー),〒150-0042 東京都渋谷区宇田川町１９-５ 山手マンション 604,,0,渋谷,渋谷|恵比寿|代官山|原宿,渋谷駅,渋谷駅|原宿駅,426.0,渋谷駅,331.4,station_distance,haversine:渋谷駅(≤1200m),20,+20(rental=1),0,1
渋谷駅のレンタルダンススタジオおすすめ,駅,S,BUZZ渋谷MARKCITY,〒150-0043 東京都渋谷区道玄坂１丁目１７ 9BUZZビル,https://dance-studio-lab.com/room/MTJmOWU1NGQtYmViZC00YWEzLWI5Y2ItNGFhYzU3YTAyZTBk/detail,1,渋谷,渋谷|恵比寿|代官山|原宿,渋谷駅,渋谷駅,437.0,渋谷駅,458.6,station_distance,haversine:渋谷駅(≤1200m),50,+30(dslurl)|+20(rental=1),0,1
渋谷駅のレンタルダンススタジオおすすめ,駅,S,キャナリー,〒150-0002 東京都渋谷区渋谷１丁目４-６,,0,渋谷,渋谷|恵比寿|代官山|原宿,渋谷駅,渋谷駅|表参道駅|原宿駅,509.0,渋谷駅,452.7,station_distance,haversine:渋谷駅(≤1200m),20,+20(rental=1),0,1
渋谷駅のレンタルダンススタジオおすすめ,駅,S,スタジオタップ７２,〒150-0002 東京都渋谷区渋谷１丁目９-5 B2F ナスタックビル,,0,渋谷,渋谷|恵比寿|代官山|原宿,渋谷駅,渋谷駅|表参道駅|原宿駅,371.0,渋谷駅,323.0,station_distance,haversine:渋谷駅(≤1200m),20,+20(rental=1),0,1
渋谷駅のレンタルダンススタジオおすすめ,駅,S,すむぞうスタジオ,〒150-0041 東京都渋谷区神南１丁目１１-５ ダイネス壱番館渋谷 B1,,0,渋谷,渋谷|恵比寿|代官山|原宿,渋谷駅,渋谷駅|原宿駅|表参道駅,503.0,渋谷駅,402.0,station_distance,haversine:渋谷駅(≤1200m),20,+20(rental=1),0,1
渋谷駅のレンタルダンススタジオおすすめ,駅,S,タヒチアンダンススタジオ ライマーラマ表参道,〒150-0001 東京都渋谷区神宮前５丁目１３-１４,,0,渋谷,渋谷|恵比寿|代官山|原宿,表参道駅,表参道駅|原宿駅|渋谷駅,493.0,渋谷駅,960.7,station_distance,haversine:渋谷駅(≤1200m),45,+20(rental=1)|+25(ダンススタジオ),0,1
渋谷駅のレンタルダンススタジオおすすめ,駅,S,チェリッシュスタジオ3号館／10号館,〒150-0045 東京都渋谷区神泉町２０-２５ 神泉ＱＳビル 4階／7階,https://dance-studio-lab.com/room/ODU0ZjgzZjAtNDc3OS00N2YwLTkxZWEtNTNiMTc2MDE4NGRl/detail,1,渋谷,渋谷|恵比寿|代官山|原宿,渋谷駅,渋谷駅|池尻大橋駅,932.0,渋谷駅,930.6,station_distance,haversine:渋谷駅(≤1200m),50,+30(dslurl)|+20(rental=1),0,1
渋谷駅のレンタルダンススタジオおすすめ,駅,S,プレジャーガレージ,〒150-0031 東京都渋谷区桜丘町２４-３,,0,渋谷,渋谷|恵比寿|代官山|原宿,渋谷駅,渋谷駅,167.0,渋谷駅,255.1,station_distance,haversine:渋谷駅(≤1200m),20,+20(rental=1),0,1
渋谷駅のレンタルダンススタジオおすすめ,駅,S,レンタルスタジオ HIKARI 渋谷,〒150-0043 東京都渋谷区道玄坂２丁目２０-２６ エクシール道玄坂 104号室 藤和,,0,渋谷,渋谷|恵比寿|代官山|原宿,渋谷駅,渋谷駅,461.0,渋谷駅,424.6,station_distance,haversine:渋谷駅(≤1200m),50,+20(rental=1)|+30(レンタルスタジオ),0,1
渋谷駅のレンタルダンススタジオおすすめ,駅,S,宮益坂十間スタジオ,〒150-0002 東京都渋谷区渋谷１丁目１０-７ Ⅲ B1 (受付・Bスタジオ)、北館5F(Aスタジオ 宮益坂Stビル,,0,渋谷,渋谷|恵比寿|代官山|原宿,渋谷駅,渋谷駅|表参道駅|原宿駅,406.0,渋谷駅,360.6,station_distance,haversine:渋谷駅(≤1200m),20,+20(rental=1),0,1
渋谷駅のレンタルダンススタジオおすすめ,駅,S,渋谷 EYE CANDY,〒150-0011 東京都渋谷区東１丁目２４-８ トキワマツ72ビル A号,,0,渋谷,渋谷|恵比寿|代官山|原宿,渋谷駅,渋谷駅|恵比寿駅,679.0,渋谷駅,749.2,station_distance,haversine:渋谷駅(≤1200m),20,+20(rental=1),0,1
渋谷駅のレンタルダンススタジオおすすめ,駅,S,渋谷 レンタルスタジオ スタジオミッション studio mission,〒150-0043 東京都渋谷区道玄坂２丁目２８-５ 2-10F 渋谷道玄坂ビル 秀永,,0,渋谷,渋谷|恵比寿|代官山|原宿,渋谷駅,渋谷駅,403.0,渋谷駅,375.8,station_distance,haversine:渋谷駅(≤1200m),50,+20(rental=1)|+30(レンタルスタジオ),0,1
渋谷駅のレンタルダンススタジオおすすめ,駅,S,渋谷・代官山・バレエ,〒150-0034 東京都渋谷区代官山町７-５ ブリルビル,,0,渋谷,渋谷|恵比寿|代官山|原宿,恵比寿駅,恵比寿駅|渋谷駅,665.0,渋谷駅,924.7,station_distance,haversine:渋谷駅(≤1200m),20,+20(rental=1),0,1
渋谷駅のレンタルダンススタジオおすすめ,駅,S,渋谷RIZEスタジオ,〒150-0041 東京都渋谷区神南１丁目１３-４ Idoビル 2階A号室,,0,渋谷,渋谷|恵比寿|代官山|原宿,渋谷駅,渋谷駅|原宿駅|表参道駅,582.0,渋谷駅,480.5,station_distance,haversine:渋谷駅(≤1200m),20,+20(rental=1),0,1
渋谷駅のレンタルダンススタジオおすすめ,駅,S,表参道レンタルスタジオ スタジオ ティノラス,〒107-0062 東京都港区南青山５丁目１３-９,,0,六本木,六本木|赤坂|麻布|新橋,表参道駅,表参道駅|外苑前駅|渋谷駅,491.0,渋谷駅,1105.8,station_distance,haversine:渋谷駅(≤1200m),50,+20(rental=1)|+30(レンタルスタジオ),0,1
渋谷駅のレンタルダンススタジオおすすめ,駅,S,BUZZ渋谷TOWER,東京都渋谷区東2-27-9],https://dance-studio-lab.com/room/YWZmOTdhZGMtMjk1MC00ODljLWE2YWUtMDRjMGM5NTIxZTg2/detail,1,渋谷,渋谷|恵比寿|代官山|原宿,渋谷駅,渋谷駅,437.0,渋谷駅,981.8,station_distance,haversine:渋谷駅(≤1200m),50,+30(dslurl)|+20(rental=1),0,1
渋谷駅のレンタルダンススタジオおすすめ,駅,S,チェリッシュスタジオ1号館/6号館,東京都渋谷区円山町20-1 新大宗円山ビル別館3階,https://dance-studio-lab.com/room/Njc0MjgwMDUtMzBjZS00ZmU5LWFkNzgtYTE3Y2U5NDMyYmU0/detail,1,渋谷,渋谷,神泉駅,神泉駅|渋谷駅|駒場東大前駅|池尻大橋駅|代官山駅|中目黒駅|代々木公園駅|代々木八幡駅|明治神宮前〈原宿〉駅|原宿駅,170.0,渋谷駅,649.1,station_distance,haversine:渋谷駅(≤1200m),50,+30(dslurl)|+20(rental=1),0,1
渋谷駅のレンタルダンススタジオおすすめ,駅,S,Hina STUDIO（ヒナスタジオ）【目黒スタジオ】,東京都渋谷区神宮前6-23-11 パークサイドハイツ303,,0,渋谷,渋谷,明治神宮前〈原宿〉駅,明治神宮前〈原宿〉駅|原宿駅|渋谷駅|表参道駅|神泉駅|代々木公園駅|代々木八幡駅|北参道駅|外苑前駅|参宮橋駅,488.0,渋谷駅,671.8,station_distance,haversine:渋谷駅(≤1200m),20,+20(rental=1),0,1
渋谷駅のレンタルダンススタジオおすすめ,駅,S,チェリッシュスタジオ7号館,東京都渋谷区桜丘町29-17 さくらマンション205,https://dance-studio-lab.com/room/MjQ5NGIyOTEtZTVmOS00MzZkLWIzNGYtYTFkMmVhOWZiYTE5/detail,1,渋谷,渋谷,渋谷駅,渋谷駅|神泉駅|代官山駅|中目黒駅|恵比寿駅|池尻大橋駅|駒場東大前駅|表参道駅|明治神宮前〈原宿〉駅|原宿駅,515.0,渋谷駅,600.5,station_distance,haversine:渋谷駅(≤1200m),50,+30(dslurl)|+20(rental=1),0,1
渋谷駅のレンタルダンススタジオおすすめ,駅,S,チェリッシュスタジオ4号館/8号館,東京都渋谷区桜丘町29-17 さくらマンション205,https://dance-studio-lab.com/room/NmJiNDI1YTQtN2EwMi00ODFjLWE0OTMtMjUyYzk4ODY2NGY5/detail,1,渋谷,渋谷,渋谷駅,渋谷駅|神泉駅|代官山駅|中目黒駅|恵比寿駅|池尻大橋駅|駒場東大前駅|表参道駅|明治神宮前〈原宿〉駅|原宿駅,515.0,渋谷駅,600.5,station_distance,haversine:渋谷駅(≤1200m),50,+30(dslurl)|+20(rental=1),0,1
渋谷駅のレンタルダンススタジオおすすめ,駅,S,ザ・スペース大久保南口,東京都渋谷区桜丘町29-17 さくらマンション205,https://dance-studio-lab.com/room/ZDRhYmIxMjgtNzhkMy00Yjk1LTk2MzItNTdiZWJmY2VkYWZk/detail,1,渋谷,渋谷,渋谷駅,渋谷駅|神泉駅|代官山駅|中目黒駅|恵比寿駅|池尻大橋駅|駒場東大前駅|表参道駅|明治神宮前〈原宿〉駅|原宿駅,515.0,渋谷駅,600.5,station_distance,haversine:渋谷駅(≤1200m),50,+30(dslurl)|+20(rental=1),0,1
渋谷駅のレンタルダンススタジオおすすめ,駅,S,チェリッシュスタジオ5号館,東京都渋谷区道玄坂1-16-6 二葉ビル7D,https://dance-studio-lab.com/room/NTRjMDczNjgtY2EzMy00YjE4LWJlMjYtYmExOTZiYTBmZWZk/detail,1,渋谷,渋谷,渋谷駅,渋谷駅|神泉駅|代官山駅|駒場東大前駅|池尻大橋駅|中目黒駅|明治神宮前〈原宿〉駅|原宿駅|代々木公園駅|恵比寿駅,379.0,渋谷駅,415.7,station_distance,haversine:渋谷駅(≤1200m),50,+30(dslurl)|+20(rental=1),0,1
渋谷駅のレンタルダンススタジオおすすめ,駅,S,レンタルスタジオAivic渋谷道玄坂,東京都渋谷区円山町23-10 渋谷ATビル201,https://dance-studio-lab.com/room/NWE2MDljYmItN2I0ZC00ZjIzLWI3MGEtMmZiNmEzNWJjOWI4/detail,1,渋谷,渋谷,神泉駅,神泉駅|渋谷駅|駒場東大前駅|池尻大橋駅|代官山駅|代々木公園駅|中目黒駅|代々木八幡駅|明治神宮前〈原宿〉駅|原宿駅,78.0,渋谷駅,738.9,station_distance,haversine:渋谷駅(≤1200m),80,+30(dslurl)|+20(rental=1)|+30(レンタルスタジオ),0,1
渋谷駅のレンタルダンススタジオおすすめ,駅,S,チェリッシュスタジオ9号館,東京都渋谷区鶯谷町15-7 ライブリーYSビル6階,https://dance-studio-lab.com/room/NGU3OTQ4YzEtMzA3OS00NDc3LThjODQtYWFkMmUzMTE4ZmFm/detail,1,渋谷,渋谷,渋谷駅,渋谷駅|神泉駅|代官山駅|中目黒駅|恵比寿駅|池尻大橋駅|駒場東大前駅|表参道駅|明治神宮前〈原宿〉駅|原宿駅,423.0,渋谷駅,518.1,station_distance,haversine:渋谷駅(≤1200m),50,+30(dslurl)|+20(rental=1),0,1
渋谷駅のレンタルダンススタジオおすすめ,駅,S,レンタルスタジオAivic恵比寿,東京都渋谷区恵比寿西1-14-3 満栄佐藤ビル202,https://dance-studio-lab.com/room/MzMyZDY5NzktNDEzOS00MzAyLWJjNzEtMjZiMjNiNzUwNGMy/detail,1,渋谷,渋谷,恵比寿駅,恵比寿駅|代官山駅|中目黒駅|渋谷駅|広尾駅|神泉駅|目黒駅|祐天寺駅|表参道駅|白金台駅,233.0,渋谷駅,1369.0,candidate_stations_fallback,candidate_station_fallback:渋谷駅,80,+30(dslurl)|+20(rental=1)|+30(レンタルスタジオ),0,1
秋葉原駅のレンタルダンススタジオおすすめ,駅,S,㈱Tera-coya,〒101-0025 東京都千代田区神田佐久間町３丁目３１-３,,0,秋葉原,秋葉原,秋葉原駅,秋葉原駅,359.0,秋葉原駅,385.8,station_distance,haversine:秋葉原駅(≤1200m),20,+20(rental=1),0,1
秋葉原駅のレンタルダンススタジオおすすめ,駅,S,【レンタルスタジオ】SPICY CANDY【ボディメイク】,〒111-0053 東京都台東区浅草橋４丁目２-８ 伊藤ビル １F,,0,上野,上野|浅草|御徒町|蔵前,秋葉原駅,秋葉原駅|蔵前駅,730.0,秋葉原駅,755.6,station_distance,haversine:秋葉原駅(≤1200m),50,+20(rental=1)|+30(レンタルスタジオ),0,1
秋葉原駅のレンタルダンススタジオおすすめ,駅,S,ACEスタジオ馬喰町日本橋,〒103-0003 東京都中央区日本橋横山町７-１９ イチオクビル 地下１階 7-19第３５,,0,銀座,銀座|日本橋|八丁堀|月島,秋葉原駅,秋葉原駅,1042.0,秋葉原駅,1058.5,station_distance,haversine:秋葉原駅(≤1200m),20,+20(rental=1),0,1
秋葉原駅のレンタルダンススタジオおすすめ,駅,S,ATHLETE Studio,〒101-0044 東京都千代田区鍛冶町１丁目８-１ SRビル 3F,,0,秋葉原,秋葉原,秋葉原駅,秋葉原駅|東京駅,900.0,秋葉原駅,884.5,station_distance,haversine:秋葉原駅(≤1200m),20,+20(rental=1),0,1
秋葉原駅のレンタルダンススタジオおすすめ,駅,S,EyeCandyポールダンス秋葉原スタジオ,〒101-0021 東京都千代田区外神田２丁目１-１３,,0,秋葉原,秋葉原,秋葉原駅,秋葉原駅,544.0,秋葉原駅,517.9,station_distance,haversine:秋葉原駅(≤1200m),20,+20(rental=1),0,1
秋葉原駅のレンタルダンススタジオおすすめ,駅,S,FunnyTips（ファニーティップス）,〒101-0021 東京都千代田区外神田５丁目５-７ パンセ秋葉原 B1F,,0,秋葉原,秋葉原,秋葉原駅,秋葉原駅|上野駅,633.0,秋葉原駅,638.7,station_distance,haversine:秋葉原駅(≤1200m),20,+20(rental=1),0,1
秋葉原駅のレンタルダンススタジオおすすめ,駅,S,HMVP大手町スタジオ,〒101-0047 東京都千代田区内神田１丁目７-１１ B2F,,0,秋葉原,秋葉原,東京駅,東京駅|秋葉原駅,995.0,秋葉原駅,1148.3,station_distance,haversine:秋葉原駅(≤1200m),20,+20(rental=1),0,1
秋葉原駅のレンタルダンススタジオおすすめ,駅,S,K'sLinkStudio御徒町,〒110-0005 東京都台東区上野３丁目１９-４ フロンティアサカイビル 1F,,0,上野,上野|浅草|御徒町|蔵前,秋葉原駅,秋葉原駅|上野駅,803.0,秋葉原駅,812.1,station_distance,haversine:秋葉原駅(≤1200m),20,+20(rental=1),0,1
秋葉原駅のレンタルダンススタジオおすすめ,駅,S,KBAバレエスタジオ御茶ノ水,〒113-0034 東京都文京区湯島１丁目１２-６ 地下1F 高関ビル,,0,後楽園,後楽園,秋葉原駅,秋葉原駅,763.0,秋葉原駅,747.9,station_distance,haversine:秋葉原駅(≤1200m),20,+20(rental=1),0,1
秋葉原駅のレンタルダンススタジオおすすめ,駅,S,ライトハウス神田,〒103-0021 東京都中央区日本橋本石町４丁目５-８,,0,銀座,銀座|日本橋|八丁堀|月島,東京駅,東京駅|秋葉原駅,948.0,秋葉原駅,1080.0,station_distance,haversine:秋葉原駅(≤1200m),20,+20(rental=1),0,1
秋葉原駅のレンタルダンススタジオおすすめ,駅,S,㈱インフォレント,〒111-0053 東京都台東区浅草橋５丁目３-２ 秋葉原スクエアビル,,0,上野,上野|浅草|御徒町|蔵前,秋葉原駅,秋葉原駅|蔵前駅,610.0,秋葉原駅,637.7,station_distance,haversine:秋葉原駅(≤1200m),20,+20(rental=1),0,1
秋葉原駅のレンタルダンススタジオおすすめ,駅,S,studio FANTO,〒101-0032 東京都千代田区岩本町３丁目１-９ NOVEL WORK Iwamotocho B1F,,0,秋葉原,秋葉原,秋葉原駅,秋葉原駅,478.0,秋葉原駅,477.1,station_distance,haversine:秋葉原駅(≤1200m),20,+20(rental=1),0,1
秋葉原駅のレンタルダンススタジオおすすめ,駅,S,スタジオ五軒町,〒101-0021 東京都千代田区外神田６丁目１６-１ 外神田フジハイツ 地下1階,,0,秋葉原,秋葉原,秋葉原駅,秋葉原駅|上野駅,714.0,秋葉原駅,715.9,station_distance,haversine:秋葉原駅(≤1200m),20,+20(rental=1),0,1
秋葉原駅のレンタルダンススタジオおすすめ,駅,S,ＴＲＢタップダンススタジオ,〒101-0032 東京都千代田区岩本町１丁目１-６,,0,秋葉原,秋葉原,秋葉原駅,秋葉原駅,828.0,秋葉原駅,823.0,station_distance,haversine:秋葉原駅(≤1200m),45,+20(rental=1)|+25(ダンススタジオ),0,1
秋葉原駅のレンタルダンススタジオおすすめ,駅,S,ミライスタジオ御茶ノ水,〒101-0062 東京都千代田区神田駿河台２丁目４-２,,0,秋葉原,秋葉原,秋葉原駅,秋葉原駅,962.0,秋葉原駅,936.3,station_distance,haversine:秋葉原駅(≤1200m),20,+20(rental=1),0,1
秋葉原駅のレンタルダンススタジオおすすめ,駅,S,BUZZ レンタルスタジオ 神田店,〒101-0047 東京都千代田区内神田２丁目９-９ 神田西口ビル B1F,https://dance-studio-lab.com/room/ODJkZDE5YzQtMTlhZS00NjNlLWJlZTQtNDA3NTU3MTQ5NDg5/detail,1,秋葉原,秋葉原,秋葉原駅,秋葉原駅|東京駅,989.0,秋葉原駅,965.4,station_distance,haversine:秋葉原駅(≤1200m),80,+30(dslurl)|+20(rental=1)|+30(レンタルスタジオ),0,1
秋葉原駅のレンタルダンススタジオおすすめ,駅,S,BUZZ レンタルスタジオ 秋葉原店,〒101-0032 東京都千代田区岩本町２丁目６-１２ 曙ビル B1,,0,秋葉原,秋葉原,秋葉原駅,秋葉原駅,606.0,秋葉原駅,603.5,station_distance,haversine:秋葉原駅(≤1200m),50,+20(rental=1)|+30(レンタルスタジオ),0,1
秋葉原駅のレンタルダンススタジオおすすめ,駅,S,バレエアーツ秋葉原,〒101-0021 東京都千代田区外神田３丁目４-７ 昌平童夢館,,0,秋葉原,秋葉原,秋葉原駅,秋葉原駅,480.0,秋葉原駅,465.4,station_distance,haversine:秋葉原駅(≤1200m),20,+20(rental=1),0,1
秋葉原駅のレンタルダンススタジオおすすめ,駅,S,シャノワールレンタルスタジオ,〒110-0005 東京都台東区上野３丁目１４-５ ヴェルコ黒門ビル 地下1階,,0,上野,上野|浅草|御徒町|蔵前,秋葉原駅,秋葉原駅|上野駅,782.0,秋葉原駅,789.1,station_distance,haversine:秋葉原駅(≤1200m),50,+20(rental=1)|+30(レンタルスタジオ),0,1
秋葉原駅のレンタルダンススタジオおすすめ,駅,S,スタジオJBA,〒103-0011 東京都中央区日本橋大伝馬町１１-８ ＨＡＴビル B1F,,0,銀座,銀座|日本橋|八丁堀|月島,秋葉原駅,秋葉原駅,1128.0,秋葉原駅,1132.6,station_distance,haversine:秋葉原駅(≤1200m),20,+20(rental=1),0,1
秋葉原駅のレンタルダンススタジオおすすめ,駅,S,ノアスタジオ 御茶ノ水店,〒101-0062 東京都千代田区神田駿河台２丁目1-１７,,0,秋葉原,秋葉原,秋葉原駅,秋葉原駅,1023.0,秋葉原駅,997.3,station_distance,haversine:秋葉原駅(≤1200m),20,+20(rental=1),0,1
秋葉原駅のレンタルダンススタジオおすすめ,駅,S,ノアスタジオ 秋葉原店,〒101-0021 東京都千代田区外神田６丁目１４-８,,0,秋葉原,秋葉原,秋葉原駅,秋葉原駅,589.0,秋葉原駅,588.3,station_distance,haversine:秋葉原駅(≤1200m),20,+20(rental=1),0,1
秋葉原駅のレンタルダンススタジオおすすめ,駅,S,バンドスタジオ ベースオントップ秋葉原昭和通り口店,〒101-0025 東京都千代田区神田佐久間町３丁目37-１ 文唱堂ビル B1F,,0,秋葉原,秋葉原,秋葉原駅,秋葉原駅,326.0,秋葉原駅,349.0,station_distance,haversine:秋葉原駅(≤1200m),20,+20(rental=1),0,1
秋葉原駅のレンタルダンススタジオおすすめ,駅,S,ブルースペース上野御徒町,〒110-0005 東京都台東区上野３丁目１３-１０ トミヤマビル B1F,,0,上野,上野|浅草|御徒町|蔵前,秋葉原駅,秋葉原駅|上野駅,725.0,秋葉原駅,733.0,station_distance,haversine:秋葉原駅(≤1200m),20,+20(rental=1),0,1
秋葉原駅のレンタルダンススタジオおすすめ,駅,S,ミライスタジオ神田秋葉原,〒101-0031 東京都千代田区東神田１丁目１７-５,,0,秋葉原,秋葉原,秋葉原駅,秋葉原駅,769.0,秋葉原駅,786.1,station_distance,haversine:秋葉原駅(≤1200m),20,+20(rental=1),0,1
秋葉原駅のレンタルダンススタジオおすすめ,駅,S,ミライスタジオ日本橋,〒103-0001 東京都中央区日本橋小伝馬町１４-５,,0,銀座,銀座|日本橋|八丁堀|月島,秋葉原駅,秋葉原駅,957.0,秋葉原駅,962.8,station_distance,haversine:秋葉原駅(≤1200m),20,+20(rental=1),0,1
秋葉原駅のレンタルダンススタジオおすすめ,駅,S,ミルクスタジオ,〒101-0021 東京都千代田区外神田３丁目３-５ ヨシヰビル,,0,秋葉原,秋葉原,秋葉原駅,秋葉原駅,467.0,秋葉原駅,449.2,station_distance,haversine:秋葉原駅(≤1200m),20,+20(rental=1),0,1
秋葉原駅のレンタルダンススタジオおすすめ,駅,S,studio 空:k?,〒101-0044 東京都千代田区鍛冶町２丁目５-４ Crea神田ビル,,0,秋葉原,秋葉原,秋葉原駅,秋葉原駅,747.0,秋葉原駅,730.3,station_distance,haversine:秋葉原駅(≤1200m),20,+20(rental=1),0,1
秋葉原駅のレンタルダンススタジオおすすめ,駅,S,モダン出版株式会社,〒113-0034 東京都文京区湯島３丁目１２-１１,,0,後楽園,後楽園,秋葉原駅,秋葉原駅,811.0,秋葉原駅,804.9,station_distance,haversine:秋葉原駅(≤1200m),20,+20(rental=1),0,1
秋葉原駅のレンタルダンススタジオおすすめ,駅,S,ヨガスタジオNOA 秋葉原校,〒101-0021 東京都千代田区外神田６丁目１４-８ 8F,,0,秋葉原,秋葉原,秋葉原駅,秋葉原駅,589.0,秋葉原駅,588.3,station_distance,haversine:秋葉原駅(≤1200m),20,+20(rental=1),0,1
秋葉原駅のレンタルダンススタジオおすすめ,駅,S,363_AmitySpace神田/日本橋,〒101-0037 東京都千代田区神田西福田町２-３,,0,秋葉原,秋葉原,秋葉原駅,秋葉原駅,838.0,秋葉原駅,826.1,station_distance,haversine:秋葉原駅(≤1200m),20,+20(rental=1),0,1
秋葉原駅のレンタルダンススタジオおすすめ,駅,S,SPACE AVAILABLE 浅草橋,〒111-0053 東京都台東区浅草橋１丁目１２-３ KSビル B1F,,0,上野,上野|浅草|御徒町|蔵前,秋葉原駅,秋葉原駅|蔵前駅,864.0,秋葉原駅,888.9,station_distance,haversine:秋葉原駅(≤1200m),20,+20(rental=1),0,1
秋葉原駅のレンタルダンススタジオおすすめ,駅,S,リハーサルスタジオ,〒101-0048 東京都千代田区神田司町２丁目１３ 神田第四アメレックスビル B1,,0,秋葉原,秋葉原,秋葉原駅,秋葉原駅,800.0,秋葉原駅,772.1,station_distance,haversine:秋葉原駅(≤1200m),20,+20(rental=1),0,1
秋葉原駅のレンタルダンススタジオおすすめ,駅,S,レンタルスタジオALOALO,〒110-0016 東京都台東区台東４丁目３１-５ オリオンビル B1,,0,上野,上野|浅草|御徒町|蔵前,上野駅,上野駅|秋葉原駅,717.0,秋葉原駅,1015.9,station_distance,haversine:秋葉原駅(≤1200m),50,+20(rental=1)|+30(レンタルスタジオ),0,1
秋葉原駅のレンタルダンススタジオおすすめ,駅,S,レンタルスタジオEVERGREEN,〒110-0005 東京都台東区上野３丁目２０-１０ 木下ビル3階,,0,上野,上野|浅草|御徒町|蔵前,秋葉原駅,秋葉原駅|上野駅,779.0,秋葉原駅,790.5,station_distance,haversine:秋葉原駅(≤1200m),50,+20(rental=1)|+30(レンタルスタジオ),0,1
秋葉原駅のレンタルダンススタジオおすすめ,駅,S,御茶ノ水 おちゃすた レンタルスタジオ,〒101-0052 東京都千代田区神田小川町３丁目１４-２ 漢陽ビル Ｂ1Ｆ,,0,秋葉原,秋葉原,神保町駅,神保町駅|新御茶ノ水駅|御茶ノ水駅|小川町駅|竹橋駅|九段下駅|水道橋駅|神田駅|大手町駅|岩本町駅,305.0,秋葉原駅,1195.8,station_distance,haversine:秋葉原駅(≤1200m),50,+20(rental=1)|+30(レンタルスタジオ),0,1
秋葉原駅のレンタルダンススタジオおすすめ,駅,S,御茶ノ水 レンタルスタジオ,〒101-0062 東京都千代田区神田駿河台２丁目６-１５ ４Ｆ,,0,秋葉原,秋葉原,秋葉原駅,秋葉原駅,891.0,秋葉原駅,865.0,station_distance,haversine:秋葉原駅(≤1200m),50,+20(rental=1)|+30(レンタルスタジオ),0,1
秋葉原駅のレンタルダンススタジオおすすめ,駅,S,秋葉原スクエアスタジオ,〒111-0053 東京都台東区浅草橋５丁目３-２ 秋葉原スクエアビル 1F,,0,上野,上野|浅草|御徒町|蔵前,秋葉原駅,秋葉原駅|蔵前駅,615.0,秋葉原駅,643.2,station_distance,haversine:秋葉原駅(≤1200m),20,+20(rental=1),0,1
秋葉原駅のレンタルダンススタジオおすすめ,駅,S,秋葉原ブルーハス レンタルスタジオ,〒110-0006 東京都台東区秋葉原３-１０ 東京商会秋葉原ビルB1階,,0,上野,上野|浅草|御徒町|蔵前,秋葉原駅,秋葉原駅,393.0,秋葉原駅,410.6,station_distance,haversine:秋葉原駅(≤1200m),50,+20(rental=1)|+30(レンタルスタジオ),0,1
秋葉原駅のレンタルダンススタジオおすすめ,駅,S,秋葉原レッスンスタジオてらこや,〒101-0025 東京都千代田区神田佐久間町３丁目３１-３,,0,秋葉原,秋葉原,秋葉原駅,秋葉原駅,359.0,秋葉原駅,386.4,station_distance,haversine:秋葉原駅(≤1200m),20,+20(rental=1),0,1
秋葉原駅のレンタルダンススタジオおすすめ,駅,S,秋葉原レンタルスペース.東京,〒101-0021 東京都千代田区外神田５丁目５-７ パンセ秋葉原 B1F,,0,秋葉原,秋葉原,秋葉原駅,秋葉原駅|上野駅,633.0,秋葉原駅,638.7,station_distance,haversine:秋葉原駅(≤1200m),40,+20(rental=1)|+20(web),0,1
秋葉原駅のレンタルダンススタジオおすすめ,駅,S,日本橋PACMAN（ニホンバシパックマン）,〒103-0021 東京都中央区日本橋本石町４丁目５-５ 藤ビル 地下1階,,0,銀座,銀座|日本橋|八丁堀|月島,東京駅,東京駅|秋葉原駅,921.0,秋葉原駅,1103.8,station_distance,haversine:秋葉原駅(≤1200m),20,+20(rental=1),0,1
秋葉原駅のレンタルダンススタジオおすすめ,駅,S,日本橋バレエ＆ダンススタジオ Studio LULL,〒101-0047 東京都千代田区内神田２丁目８-３ 新東ビル 2階,,0,秋葉原,秋葉原,秋葉原駅,秋葉原駅|東京駅,1033.0,秋葉原駅,1010.1,station_distance,haversine:秋葉原駅(≤1200m),45,+20(rental=1)|+25(ダンススタジオ),0,1
秋葉原駅のレンタルダンススタジオおすすめ,駅,S,スタジオ五軒町／『鏡張り』の多目的に利用できる『防音』スタジオ,東京都千代田区外神田6-16-1,https://dance-studio-lab.com/room/ODZiZjA3NDItNjk4ZS00YjMxLWFjMGQtMGU5ZjVkZDg5OWQw/detail,1,秋葉原,秋葉原,湯島駅,湯島駅|御徒町駅|京成上野駅|御茶ノ水駅|新御徒町駅|新御茶ノ水駅|岩本町駅|上野駅|神田駅|根津駅,308.0,秋葉原駅,715.6,station_distance,haversine:秋葉原駅(≤1200m),50,+30(dslurl)|+20(rental=1),0,1
秋葉原駅のレンタルダンススタジオおすすめ,駅,S,SPICYCANDY DANCESTUDIO,東京都台東区浅草橋4-2-8伊藤ビル1階,https://dance-studio-lab.com/room/NGFjMTNkYTgtNmQ4My00ZTgxLWI3ZmYtMjM4OGVjNDM4Yjk3/detail,1,上野,上野,浅草橋駅,浅草橋駅|馬喰町駅|岩本町駅|両国駅|新御徒町駅|神田駅|御徒町駅|人形町駅|三越前駅|湯島駅,341.0,秋葉原駅,755.6,station_distance,haversine:秋葉原駅(≤1200m),50,+30(dslurl)|+20(rental=1),0,1
秋葉原駅のレンタルダンススタジオおすすめ,駅,S,レンタルスタジオAivic神田,"東京都千代田区神田紺屋町21 高山ビル101
",https://dance-studio-lab.com/room/MzE4YmJlMGMtZTc3Yy00OTIwLTg3ZTMtZDQxN2E4Yzc1YTFj/detail,1,秋葉原,秋葉原,神田駅,神田駅|岩本町駅|三越前駅|馬喰町駅|新御茶ノ水駅|人形町駅|日本橋駅|大手町駅|御茶ノ水駅|浅草橋駅,251.0,秋葉原駅,741.3,station_distance,haversine:秋葉原駅(≤1200m),80,+30(dslurl)|+20(rental=1)|+30(レンタルスタジオ),0,1
中野駅のレンタルダンススタジオおすすめ,駅,A,ソニズレンタルスタジオ東高円寺店,〒166-0003 東京都杉並区高円寺南１丁目６-５ 高円寺サマリヤマンション 松屋の隣,,0,高円寺,高円寺,中野駅,中野駅,1075.0,中野駅,1074.8,station_distance,haversine:中野駅(≤1200m),50,+20(rental=1)|+30(レンタルスタジオ),0,1
中野駅のレンタルダンススタジオおすすめ,駅,A,中野 レンタルスタジオ オドリバ,〒164-0001 東京都中野区中野５丁目３２-６ 中野城西ビル B-7号室,,0,中野,中野,中野駅,中野駅,163.0,中野駅,163.9,station_distance,haversine:中野駅(≤1200m),50,+20(rental=1)|+30(レンタルスタジオ),0,1
中野駅のレンタルダンススタジオおすすめ,駅,A,ソニズレンタルスタジオ新中野鍋横第2店,〒164-0012 東京都中野区本町４丁目３０-１１ アーク新中野 B1,,0,中野,中野,中野駅,中野駅,1155.0,中野駅,1154.9,station_distance,haversine:中野駅(≤1200m),50,+20(rental=1)|+30(レンタルスタジオ),0,1
中野駅のレンタルダンススタジオおすすめ,駅,A,Rinky Dink Studio 中野店,〒164-0001 東京都中野区中野２丁目２５-２ トビタビル ２階,,0,中野,中野,中野駅,中野駅,133.0,中野駅,133.3,station_distance,haversine:中野駅(≤1200m),20,+20(rental=1),0,1
中野駅のレンタルダンススタジオおすすめ,駅,A,ベストスタジオ中野,〒164-0001 東京都中野区中野５丁目４６ 9ABCハウス 101,,0,中野,中野,中野駅,中野駅,303.0,中野駅,302.7,station_distance,haversine:中野駅(≤1200m),20,+20(rental=1),0,1
中野駅のレンタルダンススタジオおすすめ,駅,A,スタジオ響,〒164-0002 東京都中野区上高田３丁目３８-１１ 響ＳＯＵ,,0,中野,中野,中野駅,中野駅,1168.0,中野駅,1168.4,station_distance,haversine:中野駅(≤1200m),20,+20(rental=1),0,1
中野駅のレンタルダンススタジオおすすめ,駅,A,ソニズレンタルスタジオ新中野鍋横店,〒164-0011 東京都中野区中央３丁目３４-３ B1階,,0,中野,中野,中野駅,中野駅,1004.0,中野駅,1004.6,station_distance,haversine:中野駅(≤1200m),50,+20(rental=1)|+30(レンタルスタジオ),0,1
中野駅のレンタルダンススタジオおすすめ,駅,A,ノアスタジオ 中野店,"〒164-0001 東京都中野区中野３丁目３９-２, Nakano Noah Building, B1",,0,中野,中野,中野駅,中野駅,231.0,中野駅,231.1,station_distance,haversine:中野駅(≤1200m),20,+20(rental=1),0,1
中野駅のレンタルダンススタジオおすすめ,駅,A,レンタルスタジオ HIKARI 東高円寺,〒166-0012 東京都杉並区和田３丁目５９-１０ エレガンス東高円寺 101号室,,0,高円寺,高円寺,中野駅,中野駅,1083.0,中野駅,1082.6,station_distance,haversine:中野駅(≤1200m),50,+20(rental=1)|+30(レンタルスタジオ),0,1
中野駅のレンタルダンススタジオおすすめ,駅,A,レンタルスタジオ スタジオサイ,〒165-0026 東京都中野区新井１丁目１-５,,0,中野,中野,中野駅,中野駅,594.0,中野駅,594.6,station_distance,haversine:中野駅(≤1200m),50,+20(rental=1)|+30(レンタルスタジオ),0,1
中野駅のレンタルダンススタジオおすすめ,駅,A,株式会社ZERO CREATION（Dance Studio FOCUS）,〒166-0003 東京都杉並区高円寺南５丁目３５-１５,,0,高円寺,高円寺,中野駅,中野駅,718.0,中野駅,717.4,station_distance,haversine:中野駅(≤1200m),45,+20(rental=1)|+25(ダンススタジオ),0,1
中野駅のレンタルダンススタジオおすすめ,駅,A,高円寺 フェニックス レンタルスタジオ,〒166-0003 東京都杉並区高円寺南２丁目５３-１,,0,高円寺,高円寺,中野駅,中野駅,1189.0,中野駅,1188.4,station_distance,haversine:中野駅(≤1200m),50,+20(rental=1)|+30(レンタルスタジオ),0,1
中野駅のレンタルダンススタジオおすすめ,駅,A,高円寺・中野レンタルダンススタジオEmotions,〒166-0002 東京都杉並区高円寺北１丁目３-２,,0,高円寺,高円寺,中野駅,中野駅,971.0,中野駅,970.3,station_distance,haversine:中野駅(≤1200m),60,+20(rental=1)|+40(レンタルダンス),0,1
中野駅のレンタルダンススタジオおすすめ,駅,A,高円寺フェニックススタジオ,〒166-0003 東京都杉並区５３ 高円寺南2-53-1 FLAT・KOU1階,,0,高円寺,高円寺,中野駅,中野駅,1193.0,中野駅,1192.2,station_distance,haversine:中野駅(≤1200m),20,+20(rental=1),0,1
中野駅のレンタルダンススタジオおすすめ,駅,A,中野 ガーデン レンタルスタジオ,〒165-0026 東京都中野区新井１丁目１２-５ ＮＳフラッツ B1階,,0,中野,中野,中野駅,中野駅,581.0,中野駅,580.8,station_distance,haversine:中野駅(≤1200m),50,+20(rental=1)|+30(レンタルスタジオ),0,1
中野駅のレンタルダンススタジオおすすめ,駅,A,中野ロフトスタジオ～nakano f～,〒164-0001 東京都中野区中野５丁目４６-１０,,0,中野,中野,中野駅,中野駅,294.0,中野駅,293.8,station_distance,haversine:中野駅(≤1200m),20,+20(rental=1),0,1
中野駅のレンタルダンススタジオおすすめ,駅,A,Dubway レンタルスタジオ中野,東京都中野区5-32-6 城西ビルB02,https://dance-studio-lab.com/room/MzFmYWU5ZjgtNmM0NC00MDYzLTljOGUtMjFlZDI1MmVhMDE5/detail,1,中野,中野,中野駅,中野駅|新中野駅|新井薬師前駅|東高円寺駅|沼袋駅|東中野駅|高円寺駅|中野新橋駅|中野坂上駅|落合駅,167.0,中野駅,163.5,station_distance,haversine:中野駅(≤1200m),80,+30(dslurl)|+20(rental=1)|+30(レンタルスタジオ),0,1
五反田駅のレンタルダンススタジオおすすめ,駅,A,Hidemi Dancing Vida,〒141-0021 東京都品川区上大崎２丁目１０-３２ フラワープラザビル 202,,0,品川,品川|五反田|大井町|目黒,目黒駅,目黒駅|五反田駅,198.0,五反田駅,1193.7,station_distance,haversine:五反田駅(≤1200m),20,+20(rental=1),0,1
五反田駅のレンタルダンススタジオおすすめ,駅,A,Pole and Aerial Studio POLISH五反田,〒141-0031 東京都品川区西五反田１丁目５-２ トラヤビル 7階,,0,品川,品川|五反田|大井町|目黒,五反田駅,五反田駅|大崎駅|目黒駅,112.0,五反田駅,85.7,station_distance,haversine:五反田駅(≤1200m),20,+20(rental=1),0,1
五反田駅のレンタルダンススタジオおすすめ,駅,A,SoyLatte STUDIO,〒141-0031 東京都品川区西五反田２丁目１７-８ 管野ビル ３F,,0,品川,品川|五反田|大井町|目黒,五反田駅,五反田駅|目黒駅|大崎駅,203.0,五反田駅,258.6,station_distance,haversine:五反田駅(≤1200m),20,+20(rental=1),0,1
五反田駅のレンタルダンススタジオおすすめ,駅,A,studio501,〒141-0032 東京都品川区大崎５丁目４-１２ 八重苅ビル,,0,品川,品川|五反田|大井町|目黒,大崎駅,大崎駅|五反田駅,429.0,五反田駅,416.2,station_distance,haversine:五反田駅(≤1200m),20,+20(rental=1),0,1
五反田駅のレンタルダンススタジオおすすめ,駅,A,スタジオ エモーティフ,〒141-0031 東京都品川区西五反田５丁目２２-５ 藤ハイム B1F,,0,品川,品川|五反田|大井町|目黒,五反田駅,五反田駅,911.0,五反田駅,949.8,station_distance,haversine:五反田駅(≤1200m),20,+20(rental=1),0,1
五反田駅のレンタルダンススタジオおすすめ,駅,A,スタジオM,〒141-0032 東京都品川区大崎２丁目７-２,,0,品川,品川|五反田|大井町|目黒,大崎駅,大崎駅|五反田駅,325.0,五反田駅,974.8,station_distance,haversine:五反田駅(≤1200m),20,+20(rental=1),0,1
五反田駅のレンタルダンススタジオおすすめ,駅,A,スタジオペンタ五反田店,〒141-0022 東京都品川区東五反田１丁目１２-９,,0,品川,品川|五反田|大井町|目黒,五反田駅,五反田駅|大崎駅|目黒駅,169.0,五反田駅,146.1,station_distance,haversine:五反田駅(≤1200m),20,+20(rental=1),0,1
五反田駅のレンタルダンススタジオおすすめ,駅,A,ピアノスタジオノア 不動前店,〒141-0031 東京都品川区西五反田４丁目３２-１４,,0,品川,品川|五反田|大井町|目黒,五反田駅,五反田駅|目黒駅,878.0,五反田駅,932.1,station_distance,haversine:五反田駅(≤1200m),20,+20(rental=1),0,1
五反田駅のレンタルダンススタジオおすすめ,駅,A,フラメンコスタジオアスール,〒141-0022 東京都品川区東五反田１丁目１８-４ B1 ＧＴＤイーストビル,,0,品川,品川|五反田|大井町|目黒,五反田駅,五反田駅|大崎駅|品川駅,277.0,五反田駅,228.2,station_distance,haversine:五反田駅(≤1200m),20,+20(rental=1),0,1
五反田駅のレンタルダンススタジオおすすめ,駅,A,Studio Bis,〒141-0031 東京都品川区西五反田２丁目１０-８ ドルミ五反田ドゥメゾン 3階,,0,品川,品川|五反田|大井町|目黒,五反田駅,五反田駅|目黒駅|大崎駅,246.0,五反田駅,310.5,station_distance,haversine:五反田駅(≤1200m),20,+20(rental=1),0,1
五反田駅のレンタルダンススタジオおすすめ,駅,A,青木愛子 スペイン舞踊研究所,〒141-0022 東京都品川区東五反田１丁目１８-４ ＧＴＤイーストビル,,0,品川,品川|五反田|大井町|目黒,五反田駅,五反田駅|大崎駅|品川駅,274.0,五反田駅,225.4,station_distance,haversine:五反田駅(≤1200m),20,+20(rental=1),0,1
五反田駅のレンタルダンススタジオおすすめ,駅,A,池田山ノブレスレンタルスタジオ（五反田駅）,〒141-0022 東京都品川区東五反田５丁目２４-７ ノブレス池田山 B1階,,0,品川,品川|五反田|大井町|目黒,五反田駅,五反田駅|大崎駅|目黒駅,120.0,五反田駅,159.5,station_distance,haversine:五反田駅(≤1200m),50,+20(rental=1)|+30(レンタルスタジオ),0,1
代々木駅のレンタルダンススタジオおすすめ,駅,A,スタジオハイシー,〒160-0023 東京都新宿区西新宿３丁目２-２７ 第7 7 オーチュー B1階,,0,新宿,新宿|西新宿|高田馬場|新大久保,新宿駅,新宿駅|代々木駅|西武新宿駅,714.0,代々木駅,853.4,station_distance,haversine:代々木駅(≤1200m),20,+20(rental=1),0,1
代々木駅のレンタルダンススタジオおすすめ,駅,A,BUZZ レンタルスタジオ新宿4丁目店,〒160-0022 東京都新宿区新宿４丁目２-２１ 相模ビル B1F,,0,新宿,新宿|西新宿|高田馬場|新大久保,新宿駅,新宿駅|代々木駅|西武新宿駅,355.0,代々木駅,658.8,station_distance,haversine:代々木駅(≤1200m),50,+20(rental=1)|+30(レンタルスタジオ),0,1
代々木駅のレンタルダンススタジオおすすめ,駅,A,レンタルスタジオマイレッスン 新宿御苑前,〒160-0022 東京都新宿区新宿１丁目１７-１,,0,新宿,新宿|西新宿|高田馬場|新大久保,新宿駅,新宿駅|代々木駅,1066.0,代々木駅,1125.5,station_distance,haversine:代々木駅(≤1200m),50,+20(rental=1)|+30(レンタルスタジオ),0,1
代々木駅のレンタルダンススタジオおすすめ,駅,A,BUZZ レンタルスタジオ 代々木店,〒151-0053 東京都渋谷区代々木１丁目３６-１ ミユキビル B1F,,0,渋谷,渋谷|恵比寿|代官山|原宿,代々木駅,代々木駅|新宿駅,148.0,代々木駅,137.6,station_distance,haversine:代々木駅(≤1200m),50,+20(rental=1)|+30(レンタルスタジオ),0,1
代々木駅のレンタルダンススタジオおすすめ,駅,A,すむぞう 代々木スタジオ,〒151-0053 東京都渋谷区代々木１丁目４５-７ C's YOYOGI 4F,,0,渋谷,渋谷|恵比寿|代官山|原宿,代々木駅,代々木駅|新宿駅,392.0,代々木駅,382.9,station_distance,haversine:代々木駅(≤1200m),20,+20(rental=1),0,1
代々木駅のレンタルダンススタジオおすすめ,駅,A,DL Studio,〒151-0053 東京都渋谷区代々木１丁目４５-４ 地下2階 代々木山陽ビル,,0,渋谷,渋谷|恵比寿|代官山|原宿,代々木駅,代々木駅|新宿駅,356.0,代々木駅,346.6,station_distance,haversine:代々木駅(≤1200m),20,+20(rental=1),0,1
代々木駅のレンタルダンススタジオおすすめ,駅,A,スタジオジパング 新宿スタジオPRO,"ニューローレルビル ニューローレルビル地下1階, １丁目-３４-１１ 新宿 新宿区 東京都 160-0022",,0,新宿,新宿|西新宿|高田馬場|新大久保,新宿駅,新宿駅|西武新宿駅|代々木駅,926.0,代々木駅,1196.7,station_distance,haversine:代々木駅(≤1200m),20,+20(rental=1),0,1
代々木駅のレンタルダンススタジオおすすめ,駅,A,原宿ダンススタジオ SHIN RENTAL STUDIO,〒151-0051 東京都渋谷区千駄ケ谷３丁目６０-４ 地下1階,,0,渋谷,渋谷|恵比寿|代官山|原宿,原宿駅,原宿駅|代々木駅|表参道駅,479.0,代々木駅,1073.1,station_distance,haversine:代々木駅(≤1200m),70,+20(rental=1)|+30(レンタルスタジオ)|+20(web),0,1
代々木駅のレンタルダンススタジオおすすめ,駅,A,"マイレッスン 新宿A,Bスタジオ",〒160-0022 東京都新宿区新宿１丁目１３-１２,,0,新宿,新宿|西新宿|高田馬場|新大久保,新宿駅,新宿駅|代々木駅,1059.0,代々木駅,1101.0,station_distance,haversine:代々木駅(≤1200m),20,+20(rental=1),0,1
代々木駅のレンタルダンススタジオおすすめ,駅,A,Beat Box Dance Studio,〒151-0053 東京都渋谷区代々木１丁目４２-２,,0,渋谷,渋谷|恵比寿|代官山|原宿,代々木駅,代々木駅|新宿駅,232.0,代々木駅,222.0,station_distance,haversine:代々木駅(≤1200m),45,+20(rental=1)|+25(ダンススタジオ),0,1
代々木駅のレンタルダンススタジオおすすめ,駅,A,Cadena Flamenca,〒151-0053 東京都渋谷区代々木１丁目４２-２,,0,渋谷,渋谷|恵比寿|代官山|原宿,代々木駅,代々木駅|新宿駅,246.0,代々木駅,235.9,station_distance,haversine:代々木駅(≤1200m),20,+20(rental=1),0,1
代々木駅のレンタルダンススタジオおすすめ,駅,A,CARDIO BARRE SHINJUKU (カーディオ・バー 新宿店),〒160-0022 東京都新宿区新宿４丁目２-１６ パシフィックマークス新宿サウスゲート 2階,,0,新宿,新宿|西新宿|高田馬場|新大久保,新宿駅,新宿駅|代々木駅|西武新宿駅,351.0,代々木駅,720.2,station_distance,haversine:代々木駅(≤1200m),20,+20(rental=1),0,1
代々木駅のレンタルダンススタジオおすすめ,駅,A,DＡNCE Studio LEON 多目的スタジオ レオン,〒160-0022 東京都新宿区新宿５丁目１７-６ 201,,0,新宿,新宿|西新宿|高田馬場|新大久保,新宿駅,新宿駅|西武新宿駅|新大久保駅,557.0,代々木駅,1159.2,station_distance,haversine:代々木駅(≤1200m),20,+20(rental=1),0,1
代々木駅のレンタルダンススタジオおすすめ,駅,A,ICHIBANGAI Dance Studio,〒160-0022 東京都新宿区新宿１丁目３ 12・B1,,0,新宿,新宿|西新宿|高田馬場|新大久保,代々木駅,代々木駅|新宿駅,1059.0,代々木駅,1065.6,station_distance,haversine:代々木駅(≤1200m),45,+20(rental=1)|+25(ダンススタジオ),0,1
代々木駅のレンタルダンススタジオおすすめ,駅,A,Ｍ＆Ｓダンススタジオ,〒151-0051 東京都渋谷区千駄ケ谷５丁目１１-１３ 俳協ビル B1,,0,渋谷,渋谷|恵比寿|代官山|原宿,代々木駅,代々木駅|新宿駅,374.0,代々木駅,384.4,station_distance,haversine:代々木駅(≤1200m),45,+20(rental=1)|+25(ダンススタジオ),0,1
代々木駅のレンタルダンススタジオおすすめ,駅,A,STUDIO COCORO（スタジオココロ）- 新宿代々木のレンタルスペース&ダンススタジオ - 数々のイベントやメディアに出演,〒151-0053 東京都渋谷区代々木３丁目９-１１,,0,渋谷,渋谷|恵比寿|代官山|原宿,代々木駅,代々木駅|新宿駅,551.0,代々木駅,539.1,station_distance,haversine:代々木駅(≤1200m),45,+20(rental=1)|+25(ダンススタジオ),0,1
代々木駅のレンタルダンススタジオおすすめ,駅,A,studio worcle yoyogi,〒151-0053 東京都渋谷区代々木１丁目３６-１２ 2F,,0,渋谷,渋谷|恵比寿|代官山|原宿,代々木駅,代々木駅|新宿駅,141.0,代々木駅,129.5,station_distance,haversine:代々木駅(≤1200m),20,+20(rental=1),0,1
代々木駅のレンタルダンススタジオおすすめ,駅,A,THビル貸し会議室 レンタルスタジオ,〒151-0053 東京都渋谷区代々木２丁目４-１ Thビル,https://dance-studio-lab.com/room/ZGYxYjYyNDgtMDEzOC00MjZhLTgyZDctODZlMDViYTQ0NDgy/detail,1,渋谷,渋谷|恵比寿|代官山|原宿,新宿駅,新宿駅|代々木駅|西武新宿駅,451.0,代々木駅,557.9,station_distance,haversine:代々木駅(≤1200m),80,+30(dslurl)|+20(rental=1)|+30(レンタルスタジオ),0,1
代々木駅のレンタルダンススタジオおすすめ,駅,A,ＴＨ会場,〒151-0053 東京都渋谷区代々木２丁目４-１,,0,渋谷,渋谷|恵比寿|代官山|原宿,新宿駅,新宿駅|代々木駅|西武新宿駅,451.0,代々木駅,558.3,station_distance,haversine:代々木駅(≤1200m),20,+20(rental=1),0,1
代々木駅のレンタルダンススタジオおすすめ,駅,A,スタジオインディ 新宿店,〒160-0022 東京都新宿区新宿３丁目２２番１１号 新宿ＲＳビル ６階,,0,新宿,新宿|西新宿|高田馬場|新大久保,新宿駅,新宿駅|西武新宿駅|新大久保駅,289.0,代々木駅,1127.1,station_distance,haversine:代々木駅(≤1200m),20,+20(rental=1),0,1
代々木駅のレンタルダンススタジオおすすめ,駅,A,ダンススタジオ石井,〒151-0051 東京都渋谷区千駄ケ谷５丁目４-７,,0,渋谷,渋谷|恵比寿|代官山|原宿,代々木駅,代々木駅|新宿駅,480.0,代々木駅,491.8,station_distance,haversine:代々木駅(≤1200m),45,+20(rental=1)|+25(ダンススタジオ),0,1
代々木駅のレンタルダンススタジオおすすめ,駅,A,ノアスタジオ 新宿１号店,〒160-0023 東京都新宿区西新宿１丁目３-１４,,0,新宿,新宿|西新宿|高田馬場|新大久保,新宿駅,新宿駅|西武新宿駅|新大久保駅,319.0,代々木駅,1179.0,station_distance,haversine:代々木駅(≤1200m),20,+20(rental=1),0,1
代々木駅のレンタルダンススタジオおすすめ,駅,A,ノアスタジオ代々木店,〒151-0051 東京都渋谷区千駄ケ谷４丁目２４-１９,,0,渋谷,渋谷|恵比寿|代官山|原宿,代々木駅,代々木駅,452.0,代々木駅,464.7,station_distance,haversine:代々木駅(≤1200m),20,+20(rental=1),0,1
代々木駅のレンタルダンススタジオおすすめ,駅,A,ハレスタジオ参宮橋,〒151-0053 東京都渋谷区代々木４丁目２８-８ 代々木村田マンション 509,,0,渋谷,渋谷|恵比寿|代官山|原宿,代々木駅,代々木駅,1031.0,代々木駅,1019.5,station_distance,haversine:代々木駅(≤1200m),20,+20(rental=1),0,1
代々木駅のレンタルダンススタジオおすすめ,駅,A,原宿MOA,〒151-0051 東京都渋谷区千駄ケ谷３丁目５１-６ 原宿ＭＯＡ ビルM1F,,0,渋谷,渋谷|恵比寿|代官山|原宿,原宿駅,原宿駅|代々木駅|外苑前駅,626.0,代々木駅,985.9,station_distance,haversine:代々木駅(≤1200m),20,+20(rental=1),0,1
代々木駅のレンタルダンススタジオおすすめ,駅,A,新宿御苑前スタジオ,〒160-0022 東京都新宿区新宿１丁目１３-１２ FIRST bldg 地下1階 FIRST Bldg.,,0,新宿,新宿|西新宿|高田馬場|新大久保,新宿駅,新宿駅|代々木駅,1063.0,代々木駅,1104.8,station_distance,haversine:代々木駅(≤1200m),20,+20(rental=1),0,1
代々木駅のレンタルダンススタジオおすすめ,駅,A,渡辺雅子フラメンコラコンチャ,〒160-0022 東京都新宿区新宿２丁目１-３ 1F,,0,新宿,新宿|西新宿|高田馬場|新大久保,新宿駅,新宿駅|代々木駅|西武新宿駅,868.0,代々木駅,890.0,station_distance,haversine:代々木駅(≤1200m),20,+20(rental=1),0,1
代々木駅のレンタルダンススタジオおすすめ,駅,A,BEATs レンタルスタジオ ビーツ,東京都渋谷区代々木1-42-2 藤ビル2階,https://dance-studio-lab.com/room/ZWU0MDNlZTUtMDE1Zi00NDcyLWFjZjgtZTAzNzUzZTAwMzNj/detail,1,渋谷,渋谷,代々木駅,代々木駅|参宮橋駅|北参道駅|新宿駅|新宿三丁目駅|都庁前駅|千駄ケ谷駅|新宿西口駅|初台駅|新宿御苑前駅,259.0,代々木駅,248.0,station_distance,haversine:代々木駅(≤1200m),80,+30(dslurl)|+20(rental=1)|+30(レンタルスタジオ),0,1
代々木駅のレンタルダンススタジオおすすめ,駅,A,Hina STUDIO(ヒナスタジオ)【新宿西口スタジオ】,東京都新宿区西新宿7-10-12　ダイハンビルデンス4階,https://dance-studio-lab.com/room/ZDEyOTIyNTctYjUwOC00ZTY3LTgxMWYtYTI0MzhkNDg4OGNj/detail,1,新宿,新宿,新宿西口駅,新宿西口駅|西武新宿駅|西新宿駅|新宿駅|都庁前駅|新宿三丁目駅|大久保駅|新大久保駅|東新宿駅|代々木駅,136.0,代々木駅,1286.9,candidate_stations_fallback,candidate_station_fallback:代々木駅,50,+30(dslurl)|+20(rental=1),0,1
代々木駅のレンタルダンススタジオおすすめ,駅,A,Studio-Bio,東京都渋谷区千駄ヶ谷3−41−12　シャトル千駄ヶ谷B1(地下),https://dance-studio-lab.com/room/MTI3NDc3MzgtMTBhMy00NGY2LWE3MGQtZmM5YzdiYjVmNzM2/detail,1,渋谷,渋谷,北参道駅,北参道駅|千駄ケ谷駅|代々木駅|国立競技場駅|原宿駅|明治神宮前〈原宿〉駅|参宮橋駅|新宿御苑前駅|新宿駅|信濃町駅,48.0,代々木駅,604.0,station_distance,haversine:代々木駅(≤1200m),50,+30(dslurl)|+20(rental=1),0,1
八王子駅のレンタルダンススタジオおすすめ,駅,A,ＤＡＮＣＥＳＴＵＤＩＯ・ＢＩＮＧＯ,〒192-0083 東京都八王子市旭町１３-２５,,0,八王子,八王子,八王子駅,八王子駅,297.0,八王子駅,295.7,station_distance,haversine:八王子駅(≤1200m),20,+20(rental=1),0,1
八王子駅のレンタルダンススタジオおすすめ,駅,A,FANTASY DANCE SCHOOL 八王子店,〒192-0904 東京都八王子市子安町１丁目２６-１４ 26-14 301,,0,八王子,八王子,八王子駅,八王子駅,389.0,八王子駅,376.6,station_distance,haversine:八王子駅(≤1200m),20,+20(rental=1),0,1
八王子駅のレンタルダンススタジオおすすめ,駅,A,M Ballet Studio,〒192-0902 東京都八王子市上野町１７-５ SKダンススタジオ 内,,0,八王子,八王子,八王子駅,八王子駅,927.0,八王子駅,934.1,station_distance,haversine:八王子駅(≤1200m),20,+20(rental=1),0,1
八王子駅のレンタルダンススタジオおすすめ,駅,A,Risley八王子店,〒192-0085 東京都八王子市中町７-１１ 福島ビル B1,,0,八王子,八王子,八王子駅,八王子駅,402.0,八王子駅,414.2,station_distance,haversine:八王子駅(≤1200m),20,+20(rental=1),0,1
八王子駅のレンタルダンススタジオおすすめ,駅,A,SHAKE DANCE STUDIO 八王子校,〒192-0081 東京都八王子市横山町５-１４ ｗｉｌｌＤｏ八王子,,0,八王子,八王子,八王子駅,八王子駅,405.0,八王子駅,416.4,station_distance,haversine:八王子駅(≤1200m),45,+20(rental=1)|+25(ダンススタジオ),0,1
八王子駅のレンタルダンススタジオおすすめ,駅,A,SK,〒192-0902 東京都八王子市上野町１７-５,,0,八王子,八王子,八王子駅,八王子駅,927.0,八王子駅,934.1,station_distance,haversine:八王子駅(≤1200m),20,+20(rental=1),0,1
八王子駅のレンタルダンススタジオおすすめ,駅,A,イシカワヒロユキダンススタジオ,〒192-0081 東京都八王子市横山町３-６,,0,八王子,八王子,八王子駅,八王子駅,437.0,八王子駅,446.9,station_distance,haversine:八王子駅(≤1200m),45,+20(rental=1)|+25(ダンススタジオ),0,1
八王子駅のレンタルダンススタジオおすすめ,駅,A,カミヤマダンススタジオ,〒192-0046 東京都八王子市明神町４丁目６-２ 山口ビル 2F,,0,八王子,八王子,八王子駅,八王子駅,481.0,八王子駅,481.3,station_distance,haversine:八王子駅(≤1200m),45,+20(rental=1)|+25(ダンススタジオ),0,1
八王子駅のレンタルダンススタジオおすすめ,駅,A,ダンススタジオ ability,〒192-0066 東京都八王子市本町２４-８ クラフトビル 1F,,0,八王子,八王子,八王子駅,八王子駅,981.0,八王子駅,993.5,station_distance,haversine:八王子駅(≤1200m),45,+20(rental=1)|+25(ダンススタジオ),0,1
八王子駅のレンタルダンススタジオおすすめ,駅,A,レンタルスタジオ REBRI,〒192-0085 東京都八王子市中町７-７ ニシカワビル 5F,,0,八王子,八王子,八王子駅,八王子駅,449.0,八王子駅,462.1,station_distance,haversine:八王子駅(≤1200m),50,+20(rental=1)|+30(レンタルスタジオ),0,1
八王子駅のレンタルダンススタジオおすすめ,駅,A,studio KAJIMAYA,〒192-0074 東京都八王子市天神町２１-２,,0,八王子,八王子,八王子駅,八王子駅,800.0,八王子駅,809.5,station_distance,haversine:八王子駅(≤1200m),20,+20(rental=1),0,1
八王子駅のレンタルダンススタジオおすすめ,駅,A,BUZZ レンタルスタジオ八王子店,〒192-0082 東京都八王子市東町１１-３ センチュリーステーションビル B1,,0,八王子,八王子,八王子駅,八王子駅,264.0,八王子駅,275.2,station_distance,haversine:八王子駅(≤1200m),50,+20(rental=1)|+30(レンタルスタジオ),0,1
八王子駅のレンタルダンススタジオおすすめ,駅,A,スタジオ カノン 東町店,〒184-0011 東京都八王子市東町２丁目９ ムジカ八王子ビル,,0,八王子,八王子,八王子駅,八王子駅,355.0,八王子駅,359.0,station_distance,haversine:八王子駅(≤1200m),20,+20(rental=1),0,1
八王子駅のレンタルダンススタジオおすすめ,駅,A,レンタルダンススタジオTerrace八王子,〒192-0085 東京都八王子市中町６-６ 店舗（旧 川和ビル 3階,,0,八王子,八王子,八王子駅,八王子駅,412.0,八王子駅,424.6,station_distance,haversine:八王子駅(≤1200m),60,+20(rental=1)|+40(レンタルダンス),0,1
八王子駅のレンタルダンススタジオおすすめ,駅,A,八王子フラスタジオ Mauna leo（マウナレオ）,〒192-0046 東京都八王子市明神町２丁目10-１０ 3階,,0,八王子,八王子,八王子駅,八王子駅,907.0,八王子駅,899.7,station_distance,haversine:八王子駅(≤1200m),20,+20(rental=1),0,1
六本木駅のレンタルダンススタジオおすすめ,駅,A,Ballet Studio M'z,〒107-0052 東京都港区赤坂７丁目９-７ 小林ビル 5F,,0,六本木,六本木|赤坂|麻布|新橋,赤坂駅,赤坂駅|六本木駅|青山一丁目駅,561.0,六本木駅,706.4,station_distance,haversine:六本木駅(≤1200m),20,+20(rental=1),0,1
六本木駅のレンタルダンススタジオおすすめ,駅,A,Irodori麻布十番,〒106-0045 東京都港区麻布十番１丁目５-１ ＹＫビル 4F,,0,六本木,六本木|赤坂|麻布|新橋,麻布十番駅,麻布十番駅|六本木駅,386.0,六本木駅,635.4,station_distance,haversine:六本木駅(≤1200m),20,+20(rental=1),0,1
六本木駅のレンタルダンススタジオおすすめ,駅,A,KaQiLa～カキラ～スタジオ／株式会社キッズ・カンパニー,〒106-0032 東京都港区六本木２丁目４-９ アソルティー六本木一丁目６Ｆ,,0,六本木,六本木|赤坂|麻布|新橋,六本木駅,六本木駅|赤坂駅,566.0,六本木駅,520.7,station_distance,haversine:六本木駅(≤1200m),20,+20(rental=1),0,1
六本木駅のレンタルダンススタジオおすすめ,駅,A,FEELCYCLE 六本木,〒106-0032 東京都港区六本木６丁目４-１ ヒルズ ハリウッドプラザ 3F,,0,六本木,六本木|赤坂|麻布|新橋,六本木駅,六本木駅|麻布十番駅,198.0,六本木駅,257.2,station_distance,haversine:六本木駅(≤1200m),20,+20(rental=1),0,1
六本木駅のレンタルダンススタジオおすすめ,駅,A,Pole and Aerial Studio POLISH六本木,〒106-0032 東京都港区六本木７丁目１２-３,,0,六本木,六本木|赤坂|麻布|新橋,六本木駅,六本木駅|青山一丁目駅|麻布十番駅,187.0,六本木駅,141.2,station_distance,haversine:六本木駅(≤1200m),20,+20(rental=1),0,1
六本木駅のレンタルダンススタジオおすすめ,駅,A,Studio R 六本木ヒルズ店,〒106-0032 東京都港区六本木６丁目１５-１ ヒルズ けやき坂通り 2F けやき坂テラス,,0,六本木,六本木|赤坂|麻布|新橋,六本木駅,六本木駅|麻布十番駅,519.0,六本木駅,577.9,station_distance,haversine:六本木駅(≤1200m),20,+20(rental=1),0,1
六本木駅のレンタルダンススタジオおすすめ,駅,A,STUDIO SPACE COREDO NOGIZAKA｜スタジオスペース コレド 乃木坂,〒107-0052 東京都港区赤坂９丁目６-４１ B1,,0,六本木,六本木|赤坂|麻布|新橋,青山一丁目駅,青山一丁目駅|六本木駅|外苑前駅,578.0,六本木駅,592.3,station_distance,haversine:六本木駅(≤1200m),20,+20(rental=1),0,1
六本木駅のレンタルダンススタジオおすすめ,駅,A,STUDIO TRON,"〒106-0031 東京都港区西麻布３丁目１７-１１ B1F,1F TRONビル",,0,六本木,六本木|赤坂|麻布|新橋,六本木駅,六本木駅|麻布十番駅,688.0,六本木駅,742.0,station_distance,haversine:六本木駅(≤1200m),20,+20(rental=1),0,1
六本木駅のレンタルダンススタジオおすすめ,駅,A,Z-RAHZ DANCE STUDIO,〒106-0046 東京都港区元麻布１丁目２-２,,0,六本木,六本木|赤坂|麻布|新橋,麻布十番駅,麻布十番駅|六本木駅,192.0,六本木駅,938.0,station_distance,haversine:六本木駅(≤1200m),45,+20(rental=1)|+25(ダンススタジオ),0,1
六本木駅のレンタルダンススタジオおすすめ,駅,A,BUZZ レンタルスタジオ 六本木店,〒106-0032 東京都港区六本木４丁目５-７ スタジオＤ 地下1階,https://dance-studio-lab.com/room/MGYxY2IwOWYtNDQ4ZS00MmEyLTliYTAtNzg1YjUyOTA0OTlj/detail,1,六本木,六本木|赤坂|麻布|新橋,六本木駅,六本木駅|赤坂駅|青山一丁目駅,269.0,六本木駅,211.1,station_distance,haversine:六本木駅(≤1200m),80,+30(dslurl)|+20(rental=1)|+30(レンタルスタジオ),0,1
六本木駅のレンタルダンススタジオおすすめ,駅,A,レンタルスタジオStudioIrodori麻布十番店,〒106-0045 東京都港区麻布十番１丁目５番１ YKビル 3F,,0,六本木,六本木|赤坂|麻布|新橋,麻布十番駅,麻布十番駅|六本木駅,385.0,六本木駅,636.6,station_distance,haversine:六本木駅(≤1200m),50,+20(rental=1)|+30(レンタルスタジオ),0,1
六本木駅のレンタルダンススタジオおすすめ,駅,A,赤坂茜山スタジオ,〒107-0052 東京都港区赤坂２丁目２１-１ 川本ビル Ｂ１Ｆ,,0,六本木,六本木|赤坂|麻布|新橋,赤坂駅,赤坂駅|六本木駅,502.0,六本木駅,888.0,station_distance,haversine:六本木駅(≤1200m),20,+20(rental=1),0,1
六本木駅のレンタルダンススタジオおすすめ,駅,A,六本木 フォルトゥーナ,〒106-0032 東京都港区六本木７丁目１２-２３ フォルトゥーナビル 3A,,0,六本木,六本木|赤坂|麻布|新橋,六本木駅,六本木駅|青山一丁目駅|麻布十番駅,236.0,六本木駅,211.4,station_distance,haversine:六本木駅(≤1200m),20,+20(rental=1),0,1
六本木駅のレンタルダンススタジオおすすめ,駅,A,六本木 レンタルスタジオ 十五夜,〒106-0032 東京都港区六本木５丁目１０-３２ 第一アイトービル別館2F,,0,六本木,六本木|赤坂|麻布|新橋,六本木駅,六本木駅|麻布十番駅,303.0,六本木駅,352.1,station_distance,haversine:六本木駅(≤1200m),50,+20(rental=1)|+30(レンタルスタジオ),0,1
六本木駅のレンタルダンススタジオおすすめ,駅,A,チェリッシュスタジオ11号館/12号館/13号館/14号館,東京都港区西麻布-2-21-22 WEST麻布2791ビル2階,https://dance-studio-lab.com/room/ZmMxMTg1ZGQtMjUyZS00NjZlLWE3YzMtZjllNWM1N2JhNTdj/detail,1,六本木,六本木,表参道駅,表参道駅|乃木坂駅|外苑前駅|広尾駅|六本木駅|青山一丁目駅|麻布十番駅|明治神宮前〈原宿〉駅|渋谷駅|六本木一丁目駅,809.0,六本木駅,1107.9,station_distance,haversine:六本木駅(≤1200m),50,+30(dslurl)|+20(rental=1),0,1
北千住駅のレンタルダンススタジオおすすめ,駅,A,AAPA 日の出町団地スタジオ,〒120-0021 東京都足立区日ノ出町２７ 日の出町団地１号棟 １０３,,0,北千住,北千住,北千住駅,北千住駅,287.0,北千住駅,348.7,station_distance,haversine:北千住駅(≤1200m),20,+20(rental=1),0,1
北千住駅のレンタルダンススタジオおすすめ,駅,A,レンタルスタジオ Gスクエア,〒120-0036 東京都足立区千住仲町１-２,,0,北千住,北千住,北千住駅,北千住駅,855.0,北千住駅,796.2,station_distance,haversine:北千住駅(≤1200m),50,+20(rental=1)|+30(レンタルスタジオ),0,1
原宿駅のレンタルダンススタジオおすすめ,駅,A,原宿ダンススタジオ SHIN RENTAL STUDIO,〒151-0051 東京都渋谷区千駄ケ谷３丁目６０-４ 地下1階,,0,渋谷,渋谷|恵比寿|代官山|原宿,原宿駅,原宿駅|代々木駅|表参道駅,479.0,原宿駅,513.1,station_distance,haversine:原宿駅(≤1200m),70,+20(rental=1)|+30(レンタルスタジオ)|+20(web),0,1
原宿駅のレンタルダンススタジオおすすめ,駅,A,ナ・ホク・オ・カヘアラニ フラ＆タヒチアン,〒107-0061 東京都港区北青山３丁目５-９ KAZU表参道 202号室,,0,六本木,六本木|赤坂|麻布|新橋,表参道駅,表参道駅|外苑前駅|原宿駅,242.0,原宿駅,897.6,station_distance,haversine:原宿駅(≤1200m),20,+20(rental=1),0,1
原宿駅のレンタルダンススタジオおすすめ,駅,A,BUZZ SHIBUYA店,〒150-0042 東京都渋谷区宇田川町４-１０ 宇田川町ビル B1～3F,,0,渋谷,渋谷|恵比寿|代官山|原宿,渋谷駅,渋谷駅|原宿駅,624.0,原宿駅,938.3,station_distance,haversine:原宿駅(≤1200m),20,+20(rental=1),0,1
原宿駅のレンタルダンススタジオおすすめ,駅,A,CARDIO BARRE SHIBUYA (カーディオ・バー 渋谷店),〒150-0002 東京都渋谷区渋谷１丁目１４-１１ BCサロン 地下１階,,0,渋谷,渋谷|恵比寿|代官山|原宿,渋谷駅,渋谷駅|表参道駅|原宿駅,222.0,原宿駅,1072.2,station_distance,haversine:原宿駅(≤1200m),20,+20(rental=1),0,1
原宿駅のレンタルダンススタジオおすすめ,駅,A,"in the house / Shibuya ""Gallery""",〒150-0001 東京都渋谷区神宮前６丁目２３-１２,,0,渋谷,渋谷|恵比寿|代官山|原宿,原宿駅,原宿駅|渋谷駅|表参道駅,573.0,原宿駅,510.4,station_distance,haversine:原宿駅(≤1200m),20,+20(rental=1),0,1
原宿駅のレンタルダンススタジオおすすめ,駅,A,BUZZ レンタルスタジオ 渋谷PARK店,〒150-0042 東京都渋谷区宇田川町１９-５,https://dance-studio-lab.com/room/YmNlM2RmNGMtNGI0Mi00ZTg4LTk4OTYtNjY4NWRiM2JmNzhm/detail,1,渋谷,渋谷|恵比寿|代官山|原宿,渋谷駅,渋谷駅|原宿駅,448.0,原宿駅,946.8,station_distance,haversine:原宿駅(≤1200m),80,+30(dslurl)|+20(rental=1)|+30(レンタルスタジオ),0,1
原宿駅のレンタルダンススタジオおすすめ,駅,A,『bco』 Private lesson/salon,〒150-0001 東京都渋谷区神宮前１丁目２１-１５ 2F奥 ナポレ原宿,,0,渋谷,渋谷|恵比寿|代官山|原宿,原宿駅,原宿駅|表参道駅|代々木駅,255.0,原宿駅,329.5,station_distance,haversine:原宿駅(≤1200m),20,+20(rental=1),0,1
原宿駅のレンタルダンススタジオおすすめ,駅,A,JOINT STUDO Harajuku,〒150-0001 東京都渋谷区神宮前４丁目２９-９ Ondenビル B1,,0,渋谷,渋谷|恵比寿|代官山|原宿,原宿駅,原宿駅|表参道駅|外苑前駅,400.0,原宿駅,256.5,station_distance,haversine:原宿駅(≤1200m),20,+20(rental=1),0,1
原宿駅のレンタルダンススタジオおすすめ,駅,A,SOUTH MINT STUDIO 南青山,〒107-0062 東京都港区南青山２丁目２７-２０ B1F,,0,六本木,六本木|赤坂|麻布|新橋,外苑前駅,外苑前駅|表参道駅|青山一丁目駅,167.0,原宿駅,1125.3,station_distance,haversine:原宿駅(≤1200m),20,+20(rental=1),0,1
原宿駅のレンタルダンススタジオおすすめ,駅,A,STUDIO LIKEMAD,〒150-0042 東京都渋谷区宇田川町１１-２ 宇田川柳光ビル B1,,0,渋谷,渋谷|恵比寿|代官山|原宿,渋谷駅,渋谷駅|原宿駅,620.0,原宿駅,978.4,station_distance,haversine:原宿駅(≤1200m),20,+20(rental=1),0,1
原宿駅のレンタルダンススタジオおすすめ,駅,A,FLASHスタジオ,〒150-0002 東京都渋谷区渋谷１丁目１０-２ グローリア宮益坂III 東館 3F,,0,渋谷,渋谷|恵比寿|代官山|原宿,渋谷駅,渋谷駅|表参道駅|原宿駅,428.0,原宿駅,974.9,station_distance,haversine:原宿駅(≤1200m),20,+20(rental=1),0,1
原宿駅のレンタルダンススタジオおすすめ,駅,A,すむぞうスタジオ 渋谷公園通りスタジオPINK&BLUE(ピンクアンドブルー),〒150-0042 東京都渋谷区宇田川町１９-５ 山手マンション 604,,0,渋谷,渋谷|恵比寿|代官山|原宿,渋谷駅,渋谷駅|原宿駅,426.0,原宿駅,975.0,station_distance,haversine:原宿駅(≤1200m),20,+20(rental=1),0,1
原宿駅のレンタルダンススタジオおすすめ,駅,A,キャナリー,〒150-0002 東京都渋谷区渋谷１丁目４-６,,0,渋谷,渋谷|恵比寿|代官山|原宿,渋谷駅,渋谷駅|表参道駅|原宿駅,509.0,原宿駅,896.2,station_distance,haversine:原宿駅(≤1200m),20,+20(rental=1),0,1
原宿駅のレンタルダンススタジオおすすめ,駅,A,スタジオタップ７２,〒150-0002 東京都渋谷区渋谷１丁目９-5 B2F ナスタックビル,,0,渋谷,渋谷|恵比寿|代官山|原宿,渋谷駅,渋谷駅|表参道駅|原宿駅,371.0,原宿駅,1004.6,station_distance,haversine:原宿駅(≤1200m),20,+20(rental=1),0,1
原宿駅のレンタルダンススタジオおすすめ,駅,A,すむぞうスタジオ,〒150-0041 東京都渋谷区神南１丁目１１-５ ダイネス壱番館渋谷 B1,,0,渋谷,渋谷|恵比寿|代官山|原宿,渋谷駅,渋谷駅|原宿駅|表参道駅,503.0,原宿駅,807.1,station_distance,haversine:原宿駅(≤1200m),20,+20(rental=1),0,1
原宿駅のレンタルダンススタジオおすすめ,駅,A,タヒチアンダンススタジオ ライマーラマ表参道,〒150-0001 東京都渋谷区神宮前５丁目１３-１４,,0,渋谷,渋谷|恵比寿|代官山|原宿,表参道駅,表参道駅|原宿駅|渋谷駅,493.0,原宿駅,438.9,station_distance,haversine:原宿駅(≤1200m),45,+20(rental=1)|+25(ダンススタジオ),0,1
原宿駅のレンタルダンススタジオおすすめ,駅,A,ノートルスタジオ,〒107-0062 東京都港区南青山３丁目５-１ O&K 南青山,,0,六本木,六本木|赤坂|麻布|新橋,外苑前駅,外苑前駅|表参道駅|青山一丁目駅,384.0,原宿駅,1184.7,station_distance,haversine:原宿駅(≤1200m),20,+20(rental=1),0,1
原宿駅のレンタルダンススタジオおすすめ,駅,A,レンタルスタジオ Starshine,〒107-0061 東京都港区北青山３丁目５ 9KAZU表参道 202,,0,六本木,六本木|赤坂|麻布|新橋,表参道駅,表参道駅|外苑前駅|原宿駅,76.0,原宿駅,871.9,station_distance,haversine:原宿駅(≤1200m),50,+20(rental=1)|+30(レンタルスタジオ),0,1
原宿駅のレンタルダンススタジオおすすめ,駅,A,外苑前アイランドスタジオ,〒150-0001 東京都渋谷区神宮前３丁目１-２５ 神宮前Ikビル 2階,,0,渋谷,渋谷|恵比寿|代官山|原宿,外苑前駅,外苑前駅|表参道駅|青山一丁目駅,322.0,原宿駅,910.2,station_distance,haversine:原宿駅(≤1200m),20,+20(rental=1),0,1
原宿駅のレンタルダンススタジオおすすめ,駅,A,宮益坂十間スタジオ,〒150-0002 東京都渋谷区渋谷１丁目１０-７ Ⅲ B1 (受付・Bスタジオ)、北館5F(Aスタジオ 宮益坂Stビル,,0,渋谷,渋谷|恵比寿|代官山|原宿,渋谷駅,渋谷駅|表参道駅|原宿駅,406.0,原宿駅,993.8,station_distance,haversine:原宿駅(≤1200m),20,+20(rental=1),0,1
原宿駅のレンタルダンススタジオおすすめ,駅,A,原宿MOA,〒151-0051 東京都渋谷区千駄ケ谷３丁目５１-６ 原宿ＭＯＡ ビルM1F,,0,渋谷,渋谷|恵比寿|代官山|原宿,原宿駅,原宿駅|代々木駅|外苑前駅,626.0,原宿駅,653.9,station_distance,haversine:原宿駅(≤1200m),20,+20(rental=1),0,1
原宿駅のレンタルダンススタジオおすすめ,駅,A,渋谷RIZEスタジオ,〒150-0041 東京都渋谷区神南１丁目１３-４ Idoビル 2階A号室,,0,渋谷,渋谷|恵比寿|代官山|原宿,渋谷駅,渋谷駅|原宿駅|表参道駅,582.0,原宿駅,762.4,station_distance,haversine:原宿駅(≤1200m),20,+20(rental=1),0,1
原宿駅のレンタルダンススタジオおすすめ,駅,A,Hina STUDIO（ヒナスタジオ）【目黒スタジオ】,東京都渋谷区神宮前6-23-11 パークサイドハイツ303,,0,渋谷,渋谷,明治神宮前〈原宿〉駅,明治神宮前〈原宿〉駅|原宿駅|渋谷駅|表参道駅|神泉駅|代々木公園駅|代々木八幡駅|北参道駅|外苑前駅|参宮橋駅,488.0,原宿駅,519.8,station_distance,haversine:原宿駅(≤1200m),20,+20(rental=1),0,1
原宿駅のレンタルダンススタジオおすすめ,駅,A,Studio-Bio,東京都渋谷区千駄ヶ谷3−41−12　シャトル千駄ヶ谷B1(地下),https://dance-studio-lab.com/room/MTI3NDc3MzgtMTBhMy00NGY2LWE3MGQtZmM5YzdiYjVmNzM2/detail,1,渋谷,渋谷,北参道駅,北参道駅|千駄ケ谷駅|代々木駅|国立競技場駅|原宿駅|明治神宮前〈原宿〉駅|参宮橋駅|新宿御苑前駅|新宿駅|信濃町駅,48.0,原宿駅,1049.5,station_distance,haversine:原宿駅(≤1200m),50,+30(dslurl)|+20(rental=1),0,1
吉祥寺駅のレンタルダンススタジオおすすめ,駅,A,[吉祥寺ダンススタジオ] Studio Amrita NORTH,〒180-0004 東京都武蔵野市吉祥寺本町２丁目５-１０ いちご吉祥寺ビル B1,,0,吉祥寺,吉祥寺,吉祥寺駅,吉祥寺駅,436.0,吉祥寺駅,463.1,station_distance,haversine:吉祥寺駅(≤1200m),65,+20(rental=1)|+25(ダンススタジオ)|+20(web),0,1
吉祥寺駅のレンタルダンススタジオおすすめ,駅,A,TONIC DANCE STUDIO 吉祥寺,〒180-0002 東京都武蔵野市吉祥寺東町１丁目１０-２１ 地下1階 西郊ビル,,0,吉祥寺,吉祥寺,吉祥寺駅,吉祥寺駅,393.0,吉祥寺駅,412.4,station_distance,haversine:吉祥寺駅(≤1200m),45,+20(rental=1)|+25(ダンススタジオ),0,1
吉祥寺駅のレンタルダンススタジオおすすめ,駅,A,LIMITED Creaation. dance studio,〒180-0004 東京都武蔵野市１丁目２４-７ 吉祥寺光ビル 6F 吉祥寺,,0,吉祥寺,吉祥寺,吉祥寺駅,吉祥寺駅,146.0,吉祥寺駅,150.6,station_distance,haversine:吉祥寺駅(≤1200m),45,+20(rental=1)|+25(ダンススタジオ),0,1
吉祥寺駅のレンタルダンススタジオおすすめ,駅,A,レンタルスタジオ吉祥寺OLI（オリ）,〒180-0003 東京都武蔵野市吉祥寺南町２丁目２０-１ 吉祥寺オリンピックマンション B8,,0,吉祥寺,吉祥寺,吉祥寺駅,吉祥寺駅,475.0,吉祥寺駅,457.0,station_distance,haversine:吉祥寺駅(≤1200m),70,+20(rental=1)|+30(レンタルスタジオ)|+20(web),0,1
吉祥寺駅のレンタルダンススタジオおすすめ,駅,A,ノアスタジオ 吉祥寺店,〒180-0004 東京都武蔵野市吉祥寺本町２丁目１６-１２ B１F,,0,吉祥寺,吉祥寺,吉祥寺駅,吉祥寺駅,406.0,吉祥寺駅,429.4,station_distance,haversine:吉祥寺駅(≤1200m),20,+20(rental=1),0,1
吉祥寺駅のレンタルダンススタジオおすすめ,駅,A,吉祥寺 レンタルスタジオ さんだる倶楽部,〒180-0003 東京都武蔵野市吉祥寺南町１丁目３０-１ パークヴィラ吉祥寺２階,,0,吉祥寺,吉祥寺,吉祥寺駅,吉祥寺駅,395.0,吉祥寺駅,374.5,station_distance,haversine:吉祥寺駅(≤1200m),50,+20(rental=1)|+30(レンタルスタジオ),0,1
吉祥寺駅のレンタルダンススタジオおすすめ,駅,A,World of Dance Studios Tokyo,〒180-0004 東京都武蔵野市吉祥寺本町１丁目２４-７ 吉祥寺光ビル 6F,,0,吉祥寺,吉祥寺,吉祥寺駅,吉祥寺駅,146.0,吉祥寺駅,150.6,station_distance,haversine:吉祥寺駅(≤1200m),45,+20(rental=1)|+25(ダンススタジオ),0,1
吉祥寺駅のレンタルダンススタジオおすすめ,駅,A,アカペラスタジオ ベースオントップ吉祥寺店,〒180-0004 東京都武蔵野市吉祥寺本町１丁目２０-３ B1F,,0,吉祥寺,吉祥寺,吉祥寺駅,吉祥寺駅,312.0,吉祥寺駅,332.3,station_distance,haversine:吉祥寺駅(≤1200m),20,+20(rental=1),0,1
吉祥寺駅のレンタルダンススタジオおすすめ,駅,A,ダンススペース ベースオントップ吉祥寺店,〒180-0004 東京都武蔵野市吉祥寺本町１丁目２０-３ B1F,,0,吉祥寺,吉祥寺,吉祥寺駅,吉祥寺駅,326.0,吉祥寺駅,346.2,station_distance,haversine:吉祥寺駅(≤1200m),20,+20(rental=1),0,1
吉祥寺駅のレンタルダンススタジオおすすめ,駅,A,ブロックオン,〒180-0002 東京都武蔵野市吉祥寺東町１丁目２-２ オリエントプラザ丹野,,0,吉祥寺,吉祥寺,吉祥寺駅,吉祥寺駅,613.0,吉祥寺駅,639.3,station_distance,haversine:吉祥寺駅(≤1200m),20,+20(rental=1),0,1
吉祥寺駅のレンタルダンススタジオおすすめ,駅,A,吉祥寺 レンタルスタジオ LC Rental,〒180-0004 東京都武蔵野市吉祥寺本町１丁目２４-７ 吉祥寺光ビル 6F,,0,吉祥寺,吉祥寺,吉祥寺駅,吉祥寺駅,146.0,吉祥寺駅,150.6,station_distance,haversine:吉祥寺駅(≤1200m),70,+20(rental=1)|+30(レンタルスタジオ)|+20(web),0,1
吉祥寺駅のレンタルダンススタジオおすすめ,駅,A,吉祥寺 吉すた レンタルスタジオ,〒180-0003 東京都武蔵野市吉祥寺南町２丁目２０-８ Ｋ＆Ｆビル 1Ｆ,,0,吉祥寺,吉祥寺,吉祥寺駅,吉祥寺駅,564.0,吉祥寺駅,545.3,station_distance,haversine:吉祥寺駅(≤1200m),50,+20(rental=1)|+30(レンタルスタジオ),0,1
吉祥寺駅のレンタルダンススタジオおすすめ,駅,A,吉祥寺 三鷹 モリノスタジオ,〒181-0013 東京都三鷹市下連雀１丁目１７-４ GRATO井の頭公園 2F,,0,三鷹,三鷹,三鷹駅,三鷹駅|吉祥寺駅,923.0,吉祥寺駅,1015.0,station_distance,haversine:吉祥寺駅(≤1200m),20,+20(rental=1),0,1
吉祥寺駅のレンタルダンススタジオおすすめ,駅,A,吉祥寺スタジオ・レダ,〒180-0002 東京都武蔵野市吉祥寺東町１丁目１１-１８ Ｍビル 2F,,0,吉祥寺,吉祥寺,吉祥寺駅,吉祥寺駅,430.0,吉祥寺駅,443.8,station_distance,haversine:吉祥寺駅(≤1200m),20,+20(rental=1),0,1
吉祥寺駅のレンタルダンススタジオおすすめ,駅,A,吉祥寺ダンスガレージ レンタルスタジオ,〒180-0003 東京都武蔵野市吉祥寺南町２丁目２９-１２ 1F 東伸自動車株式会社ビル,,0,吉祥寺,吉祥寺,吉祥寺駅,吉祥寺駅,599.0,吉祥寺駅,581.3,station_distance,haversine:吉祥寺駅(≤1200m),50,+20(rental=1)|+30(レンタルスタジオ),0,1
吉祥寺駅のレンタルダンススタジオおすすめ,駅,A,吉祥寺ダンススタジオ【STUDIO55】スタジオゴーゴー,〒180-0004 東京都武蔵野市吉祥寺本町１丁目３３-１０ 丸二ビル,,0,吉祥寺,吉祥寺,吉祥寺駅,吉祥寺駅,410.0,吉祥寺駅,420.3,station_distance,haversine:吉祥寺駅(≤1200m),45,+20(rental=1)|+25(ダンススタジオ),0,1
吉祥寺駅のレンタルダンススタジオおすすめ,駅,A,吉祥寺レンタルスペース[Studio Amrita WEST],"吉祥寺藤彩ビル B1, ２丁目-１７-１２ 吉祥寺本町 武蔵野市 東京都 180-0004",,0,吉祥寺,吉祥寺,吉祥寺駅,吉祥寺駅,353.0,吉祥寺駅,368.6,station_distance,haversine:吉祥寺駅(≤1200m),40,+20(rental=1)|+20(web),0,1
吉祥寺駅のレンタルダンススタジオおすすめ,駅,A,御殿山永谷ダンススタジオ,〒180-0005 東京都武蔵野市御殿山１丁目６-４ 太陽ビル,,0,吉祥寺,吉祥寺,吉祥寺駅,吉祥寺駅,301.0,吉祥寺駅,301.8,station_distance,haversine:吉祥寺駅(≤1200m),45,+20(rental=1)|+25(ダンススタジオ),0,1
吉祥寺駅のレンタルダンススタジオおすすめ,駅,A,早坂ダンススタジオ,〒180-0003 東京都武蔵野市吉祥寺南町２丁目６-１,,0,吉祥寺,吉祥寺,吉祥寺駅,吉祥寺駅,178.0,吉祥寺駅,154.4,station_distance,haversine:吉祥寺駅(≤1200m),45,+20(rental=1)|+25(ダンススタジオ),0,1
新大久保駅のレンタルダンススタジオおすすめ,駅,A,レンタルダンススタジオ LANDstudio 新宿店,〒169-0073 東京都新宿区百人町１丁目２２-１９ 筒井ビル B1F,,0,新宿,新宿|西新宿|高田馬場|新大久保,新大久保駅,新大久保駅|西武新宿駅|新宿駅,276.0,新大久保駅,,primary_station_dist,primary_station:新大久保駅(≤1200m),60,+20(rental=1)|+40(レンタルダンス),0,1
新大久保駅のレンタルダンススタジオおすすめ,駅,A,ALOK DANCE DORAMA COMPANY,〒169-0073 東京都新宿区百人町１丁目１３-９,,0,新宿,新宿|西新宿|高田馬場|新大久保,新大久保駅,新大久保駅|西武新宿駅|新宿駅,279.0,新大久保駅,,primary_station_dist,primary_station:新大久保駅(≤1200m),20,+20(rental=1),0,1
新大久保駅のレンタルダンススタジオおすすめ,駅,A,studio worcle okubo,〒169-0073 東京都新宿区百人町１丁目２１-５ 新宿Stビル,,0,新宿,新宿|西新宿|高田馬場|新大久保,新大久保駅,新大久保駅|西武新宿駅|新宿駅,342.0,新大久保駅,,primary_station_dist,primary_station:新大久保駅(≤1200m),20,+20(rental=1),0,1
新大久保駅のレンタルダンススタジオおすすめ,駅,A,Studioonda大久保,〒169-0073 東京都新宿区百人町１丁目２３-２ 3F,,0,新宿,新宿|西新宿|高田馬場|新大久保,新大久保駅,新大久保駅|西武新宿駅|新宿駅,388.0,新大久保駅,,primary_station_dist,primary_station:新大久保駅(≤1200m),20,+20(rental=1),0,1
新大久保駅のレンタルダンススタジオおすすめ,駅,A,StudioOnda東中野 Ondabuilding,〒169-0074 東京都新宿区北新宿４丁目３３-５,,0,新宿,新宿|西新宿|高田馬場|新大久保,新大久保駅,新大久保駅,1133.0,新大久保駅,,primary_station_dist,primary_station:新大久保駅(≤1200m),20,+20(rental=1),0,1
新大久保駅のレンタルダンススタジオおすすめ,駅,A,スタジオジパング大久保,〒169-0073 東京都新宿区百人町１丁目２３ みなみビル B1,,0,新宿,新宿|西新宿|高田馬場|新大久保,新大久保駅,新大久保駅|西武新宿駅|新宿駅,331.0,新大久保駅,,primary_station_dist,primary_station:新大久保駅(≤1200m),20,+20(rental=1),0,1
新大久保駅のレンタルダンススタジオおすすめ,駅,A,シュミネAスタジオStudioStyle+,〒169-0073 東京都新宿区百人町１丁目２４-７,,0,新宿,新宿|西新宿|高田馬場|新大久保,新大久保駅,新大久保駅|西武新宿駅|新宿駅,374.0,新大久保駅,,primary_station_dist,primary_station:新大久保駅(≤1200m),20,+20(rental=1),0,1
新大久保駅のレンタルダンススタジオおすすめ,駅,A,スタジオ プリメーラ(スタジオ プリメラ),〒169-0072 東京都新宿区大久保２丁目８-８ 青葉ビル,,0,新宿,新宿|西新宿|高田馬場|新大久保,新大久保駅,新大久保駅|西武新宿駅|高田馬場駅,678.0,新大久保駅,,primary_station_dist,primary_station:新大久保駅(≤1200m),20,+20(rental=1),0,1
新大久保駅のレンタルダンススタジオおすすめ,駅,A,新宿 大久保 BMT レンタルスタジオ,〒169-0074 東京都新宿区北新宿１丁目１３-１９ 弘林ビル Ｂ１Ｆ,,0,新宿,新宿|西新宿|高田馬場|新大久保,新大久保駅,新大久保駅|西武新宿駅,614.0,新大久保駅,,primary_station_dist,primary_station:新大久保駅(≤1200m),50,+20(rental=1)|+30(レンタルスタジオ),0,1
新大久保駅のレンタルダンススタジオおすすめ,駅,A,新宿・大久保マイックル,〒169-0073 東京都新宿区百人町１丁目１９-２３,,0,新宿,新宿|西新宿|高田馬場|新大久保,新大久保駅,新大久保駅|西武新宿駅|新宿駅,352.0,新大久保駅,,primary_station_dist,primary_station:新大久保駅(≤1200m),20,+20(rental=1),0,1
新大久保駅のレンタルダンススタジオおすすめ,駅,A,赤レンガ・バレエスタジオStudioStyle+,〒169-0073 東京都新宿区百人町１丁目２４-８ 3F,,0,新宿,新宿|西新宿|高田馬場|新大久保,新大久保駅,新大久保駅|西武新宿駅|新宿駅,347.0,新大久保駅,,primary_station_dist,primary_station:新大久保駅(≤1200m),20,+20(rental=1),0,1
新大久保駅のレンタルダンススタジオおすすめ,駅,A,赤レンガ・プレイスタジオStudioStyle+,〒169-0073 東京都新宿区百人町１丁目２４-８ 3F,,0,新宿,新宿|西新宿|高田馬場|新大久保,新大久保駅,新大久保駅|西武新宿駅|新宿駅,346.0,新大久保駅,,primary_station_dist,primary_station:新大久保駅(≤1200m),20,+20(rental=1),0,1
新大久保駅のレンタルダンススタジオおすすめ,駅,A,赤レンガ・ライブスタジオStudioStyle+,〒169-0073 東京都新宿区百人町１丁目２４-８ 1F,,0,新宿,新宿|西新宿|高田馬場|新大久保,新大久保駅,新大久保駅|西武新宿駅|新宿駅,344.0,新大久保駅,,primary_station_dist,primary_station:新大久保駅(≤1200m),20,+20(rental=1),0,1
新大久保駅のレンタルダンススタジオおすすめ,駅,A,東京バレエ劇場,〒169-0073 東京都新宿区百人町１丁目１６-４,,0,新宿,新宿|西新宿|高田馬場|新大久保,新大久保駅,新大久保駅|西武新宿駅|新宿駅,211.0,新大久保駅,,primary_station_dist,primary_station:新大久保駅(≤1200m),20,+20(rental=1),0,1
新大久保駅のレンタルダンススタジオおすすめ,駅,A,Dubwayレンタルスタジオ大久保,東京都新宿区百人町3-15-8,https://dance-studio-lab.com/room/YTIzMjllOTEtNzlhMy00YjBiLTgwMDctMGNhMDNkOTgwNDFh/detail,1,新宿,新宿,新大久保駅,新大久保駅|大久保駅|高田馬場駅|西早稲田駅|下落合駅|落合駅|西武新宿駅|東中野駅|東新宿駅|中井駅,660.0,新大久保駅,,primary_station_dist,primary_station:新大久保駅(≤1200m),80,+30(dslurl)|+20(rental=1)|+30(レンタルスタジオ),0,1
新橋駅のレンタルダンススタジオおすすめ,駅,A,Another ONE+ （銀座レンタルスペース）,〒104-0061 東京都中央区銀座３丁目１２-１８ 新岩間ビル 3F,,0,銀座,銀座|日本橋|八丁堀|月島,有楽町駅,有楽町駅|新橋駅|東京駅,700.0,新橋駅,1065.0,station_distance,haversine:新橋駅(≤1200m),20,+20(rental=1),0,1
新橋駅のレンタルダンススタジオおすすめ,駅,A,FACTORYカレッタスタジオ,〒105-7001 東京都港区東新橋１丁目８-１ B2 カレッタスタジオ,,0,六本木,六本木|赤坂|麻布|新橋,新橋駅,新橋駅|有楽町駅|浜松町駅,354.0,新橋駅,335.7,station_distance,haversine:新橋駅(≤1200m),20,+20(rental=1),0,1
新橋駅のレンタルダンススタジオおすすめ,駅,A,H?lau Hula Coco,〒104-0045 東京都中央区築地１丁目１２-１５ 三ツ田ビル 4F,,0,銀座,銀座|日本橋|八丁堀|月島,有楽町駅,有楽町駅|新橋駅,967.0,新橋駅,1049.3,station_distance,haversine:新橋駅(≤1200m),20,+20(rental=1),0,1
新橋駅のレンタルダンススタジオおすすめ,駅,A,SUMUZO STUDIO SHINBASHI,〒105-0004 東京都港区新橋６丁目７-３ アシスト新橋ビル,,0,六本木,六本木|赤坂|麻布|新橋,新橋駅,新橋駅|浜松町駅,555.0,新橋駅,564.0,station_distance,haversine:新橋駅(≤1200m),20,+20(rental=1),0,1
新橋駅のレンタルダンススタジオおすすめ,駅,A,銀座スタジオ ルアン,〒104-0061 東京都中央区銀座８丁目１０-２ ルアンビル 11階,,0,銀座,銀座|日本橋|八丁堀|月島,新橋駅,新橋駅|有楽町駅,422.0,新橋駅,406.3,station_distance,haversine:新橋駅(≤1200m),40,+20(rental=1)|+20(web),0,1
新橋駅のレンタルダンススタジオおすすめ,駅,A,スタジオマーティ / STUDIO marty 銀座出張所,〒104-0061 東京都中央区銀座７丁目１３-６ サガミビル 2階,,0,銀座,銀座|日本橋|八丁堀|月島,新橋駅,新橋駅|有楽町駅,567.0,新橋駅,549.2,station_distance,haversine:新橋駅(≤1200m),20,+20(rental=1),0,1
新橋駅のレンタルダンススタジオおすすめ,駅,A,FINEDAY浜松町,〒105-0012 東京都港区芝大門１丁目２-２２ 2F(200 パレステュディオ芝大門,,0,六本木,六本木|赤坂|麻布|新橋,浜松町駅,浜松町駅|新橋駅,520.0,新橋駅,818.6,station_distance,haversine:新橋駅(≤1200m),40,+20(rental=1)|+20(web),0,1
新橋駅のレンタルダンススタジオおすすめ,駅,A,Pole and Aerial Studio Polish 銀座店,〒104-0061 東京都中央区銀座７丁目８-１３ Brown Place 3階,,0,銀座,銀座|日本橋|八丁堀|月島,新橋駅,新橋駅|有楽町駅,428.0,新橋駅,415.7,station_distance,haversine:新橋駅(≤1200m),20,+20(rental=1),0,1
新橋駅のレンタルダンススタジオおすすめ,駅,A,アルゼンチンタンゴ協会,〒104-0061 東京都中央区銀座７丁目１４-７ 共栄銀座７丁目ビル,,0,銀座,銀座|日本橋|八丁堀|月島,新橋駅,新橋駅|有楽町駅,579.0,新橋駅,560.1,station_distance,haversine:新橋駅(≤1200m),20,+20(rental=1),0,1
新橋駅のレンタルダンススタジオおすすめ,駅,A,エストゥディオのりこ,〒105-0004 東京都港区１６ 東京都港区 2-16-1 340,,0,六本木,六本木|赤坂|麻布|新橋,新橋駅,新橋駅|有楽町駅|浜松町駅,85.0,新橋駅,104.3,station_distance,haversine:新橋駅(≤1200m),20,+20(rental=1),0,1
新橋駅のレンタルダンススタジオおすすめ,駅,A,スタジオ ダ・ヴィンチ,"〒105-0021 東京都港区東新橋２丁目４-６ パラッツオシエナ 1 2,3F",,0,六本木,六本木|赤坂|麻布|新橋,新橋駅,新橋駅|浜松町駅,517.0,新橋駅,520.2,station_distance,haversine:新橋駅(≤1200m),20,+20(rental=1),0,1
新橋駅のレンタルダンススタジオおすすめ,駅,A,セミナー &【JK Room 虎ノ門】,〒105-0003 東京都港区西新橋１丁目１９-１４ 大和ビル ３A,,0,六本木,六本木|赤坂|麻布|新橋,新橋駅,新橋駅,564.0,新橋駅,582.5,station_distance,haversine:新橋駅(≤1200m),20,+20(rental=1),0,1
新橋駅のレンタルダンススタジオおすすめ,駅,A,デイ・ナイト株式会社,〒100-0011 東京都千代田区内幸町１丁目１-２ Ud日比谷ビル 7F,,0,秋葉原,秋葉原,新橋駅,新橋駅|有楽町駅,507.0,新橋駅,506.9,station_distance,haversine:新橋駅(≤1200m),20,+20(rental=1),0,1
新橋駅のレンタルダンススタジオおすすめ,駅,A,ブイラボミュージカル,〒105-0003 東京都港区西新橋３丁目２４,,0,六本木,六本木|赤坂|麻布|新橋,浜松町駅,浜松町駅|新橋駅,827.0,新橋駅,884.6,station_distance,haversine:新橋駅(≤1200m),20,+20(rental=1),0,1
新橋駅のレンタルダンススタジオおすすめ,駅,A,レンタルスタジオ・レンタルスペース ZEAL STUDIOS,〒105-0004 東京都港区新橋３丁目５-１０ 新三ビル B1F,,0,六本木,六本木|赤坂|麻布|新橋,新橋駅,新橋駅|浜松町駅,347.0,新橋駅,366.0,station_distance,haversine:新橋駅(≤1200m),50,+20(rental=1)|+30(レンタルスタジオ),0,1
新橋駅のレンタルダンススタジオおすすめ,駅,A,銀座花道スタジオ,〒104-0061 東京都中央区銀座３丁目１４-１８ 小野寺ビル 2F,,0,銀座,銀座|日本橋|八丁堀|月島,有楽町駅,有楽町駅|新橋駅,772.0,新橋駅,1081.2,station_distance,haversine:新橋駅(≤1200m),20,+20(rental=1),0,1
新橋駅のレンタルダンススタジオおすすめ,駅,A,大人バレエシェリ 東京銀座スタジオ,〒104-0061 東京都中央区銀座５丁目１４-６ 橋ビルⅡ B1,,0,銀座,銀座|日本橋|八丁堀|月島,有楽町駅,有楽町駅|新橋駅,798.0,新橋駅,800.9,station_distance,haversine:新橋駅(≤1200m),20,+20(rental=1),0,1
新橋駅のレンタルダンススタジオおすすめ,駅,A,第一ホテル東京 フィットネス&アクアゾーン,〒100-0011 東京都千代田区内幸町１丁目５-３ 新幸橋ビルディング ビル内,,0,秋葉原,秋葉原,新橋駅,新橋駅|有楽町駅,357.0,新橋駅,364.3,station_distance,haversine:新橋駅(≤1200m),20,+20(rental=1),0,1
新橋駅のレンタルダンススタジオおすすめ,駅,A,レンタルスタジオAivic新橋,"東京都港区西新橋1-16-14 宮川ビル4階
",https://dance-studio-lab.com/room/M2EyMzEzOTUtMjkwNC00MmRlLWI3YWEtYjBiMmM1NGUzYzhl/detail,1,六本木,六本木,新橋駅,新橋駅|虎ノ門駅|虎ノ門ヒルズ駅|汐留駅|日比谷駅|神谷町駅|銀座駅|有楽町駅|東銀座駅|大門駅,408.0,新橋駅,458.2,station_distance,haversine:新橋駅(≤1200m),80,+30(dslurl)|+20(rental=1)|+30(レンタルスタジオ),0,1
有楽町駅のレンタルダンススタジオおすすめ,駅,A,Another ONE+ （銀座レンタルスペース）,〒104-0061 東京都中央区銀座３丁目１２-１８ 新岩間ビル 3F,,0,銀座,銀座|日本橋|八丁堀|月島,有楽町駅,有楽町駅|新橋駅|東京駅,700.0,有楽町駅,831.7,station_distance,haversine:有楽町駅(≤1200m),20,+20(rental=1),0,1
有楽町駅のレンタルダンススタジオおすすめ,駅,A,FACTORYカレッタスタジオ,〒105-7001 東京都港区東新橋１丁目８-１ B2 カレッタスタジオ,,0,六本木,六本木|赤坂|麻布|新橋,新橋駅,新橋駅|有楽町駅|浜松町駅,354.0,有楽町駅,1148.2,station_distance,haversine:有楽町駅(≤1200m),20,+20(rental=1),0,1
有楽町駅のレンタルダンススタジオおすすめ,駅,A,H?lau Hula Coco,〒104-0045 東京都中央区築地１丁目１２-１５ 三ツ田ビル 4F,,0,銀座,銀座|日本橋|八丁堀|月島,有楽町駅,有楽町駅|新橋駅,967.0,有楽町駅,1084.6,station_distance,haversine:有楽町駅(≤1200m),20,+20(rental=1),0,1
有楽町駅のレンタルダンススタジオおすすめ,駅,A,ダンススタジオ・ポップコーン,〒104-0041 東京都中央区新富２丁目４-６ アーベイン三井 8F,,0,銀座,銀座|日本橋|八丁堀|月島,有楽町駅,有楽町駅,986.0,有楽町駅,1134.7,station_distance,haversine:有楽町駅(≤1200m),45,+20(rental=1)|+25(ダンススタジオ),0,1
有楽町駅のレンタルダンススタジオおすすめ,駅,A,銀座スタジオ ルアン,〒104-0061 東京都中央区銀座８丁目１０-２ ルアンビル 11階,,0,銀座,銀座|日本橋|八丁堀|月島,新橋駅,新橋駅|有楽町駅,422.0,有楽町駅,806.8,station_distance,haversine:有楽町駅(≤1200m),40,+20(rental=1)|+20(web),0,1
有楽町駅のレンタルダンススタジオおすすめ,駅,A,レンタルスタジオ新富町 ?Danzatakara. Studio?,"Shintomi 2-1-7, Fujichuo building B1, 中央区 東京都 140-0041",,0,銀座,銀座|日本橋|八丁堀|月島,有楽町駅,有楽町駅|東京駅,891.0,有楽町駅,1039.3,station_distance,haversine:有楽町駅(≤1200m),50,+20(rental=1)|+30(レンタルスタジオ),0,1
有楽町駅のレンタルダンススタジオおすすめ,駅,A,スタジオマーティ / STUDIO marty 銀座出張所,〒104-0061 東京都中央区銀座７丁目１３-６ サガミビル 2階,,0,銀座,銀座|日本橋|八丁堀|月島,新橋駅,新橋駅|有楽町駅,567.0,有楽町駅,860.1,station_distance,haversine:有楽町駅(≤1200m),20,+20(rental=1),0,1
有楽町駅のレンタルダンススタジオおすすめ,駅,A,Pole and Aerial Studio Polish 銀座店,〒104-0061 東京都中央区銀座７丁目８-１３ Brown Place 3階,,0,銀座,銀座|日本橋|八丁堀|月島,新橋駅,新橋駅|有楽町駅,428.0,有楽町駅,708.1,station_distance,haversine:有楽町駅(≤1200m),20,+20(rental=1),0,1
有楽町駅のレンタルダンススタジオおすすめ,駅,A,Studio ballet with...,〒104-0041 東京都中央区新富１丁目３-１６ 第２アサヒビル １階,,0,銀座,銀座|日本橋|八丁堀|月島,有楽町駅,有楽町駅|東京駅,908.0,有楽町駅,1062.8,station_distance,haversine:有楽町駅(≤1200m),20,+20(rental=1),0,1
有楽町駅のレンタルダンススタジオおすすめ,駅,A,アルゼンチンタンゴ協会,〒104-0061 東京都中央区銀座７丁目１４-７ 共栄銀座７丁目ビル,,0,銀座,銀座|日本橋|八丁堀|月島,新橋駅,新橋駅|有楽町駅,579.0,有楽町駅,935.0,station_distance,haversine:有楽町駅(≤1200m),20,+20(rental=1),0,1
有楽町駅のレンタルダンススタジオおすすめ,駅,A,エストゥディオのりこ,〒105-0004 東京都港区１６ 東京都港区 2-16-1 340,,0,六本木,六本木|赤坂|麻布|新橋,新橋駅,新橋駅|有楽町駅|浜松町駅,85.0,有楽町駅,1074.4,station_distance,haversine:有楽町駅(≤1200m),20,+20(rental=1),0,1
有楽町駅のレンタルダンススタジオおすすめ,駅,A,スタジオインディ 東京駅前店,〒104-0031 東京都中央区京橋１丁目４-１１ 竹本ビルディング ４階,,0,銀座,銀座|日本橋|八丁堀|月島,東京駅,東京駅|有楽町駅,397.0,有楽町駅,851.8,station_distance,haversine:有楽町駅(≤1200m),20,+20(rental=1),0,1
有楽町駅のレンタルダンススタジオおすすめ,駅,A,セミナー &【JK Room 虎ノ門】,〒105-0003 東京都港区西新橋１丁目１９-１４ 大和ビル ３A,,0,六本木,六本木|赤坂|麻布|新橋,新橋駅,新橋駅,564.0,有楽町駅,1109.5,station_distance,haversine:有楽町駅(≤1200m),20,+20(rental=1),0,1
有楽町駅のレンタルダンススタジオおすすめ,駅,A,デイ・ナイト株式会社,〒100-0011 東京都千代田区内幸町１丁目１-２ Ud日比谷ビル 7F,,0,秋葉原,秋葉原,新橋駅,新橋駅|有楽町駅,507.0,有楽町駅,551.4,station_distance,haversine:有楽町駅(≤1200m),20,+20(rental=1),0,1
有楽町駅のレンタルダンススタジオおすすめ,駅,A,レンタルスタジオ HIKARI 築地,〒104-0045 東京都中央区築地２丁目１-１７ 陽光築地ビル 地下一階,,0,銀座,銀座|日本橋|八丁堀|月島,有楽町駅,有楽町駅,1023.0,有楽町駅,1166.7,station_distance,haversine:有楽町駅(≤1200m),50,+20(rental=1)|+30(レンタルスタジオ),0,1
有楽町駅のレンタルダンススタジオおすすめ,駅,A,レンタルスタジオ・レンタルスペース ZEAL STUDIOS,〒105-0004 東京都港区新橋３丁目５-１０ 新三ビル B1F,,0,六本木,六本木|赤坂|麻布|新橋,新橋駅,新橋駅|浜松町駅,347.0,有楽町駅,1192.9,station_distance,haversine:有楽町駅(≤1200m),50,+20(rental=1)|+30(レンタルスタジオ),0,1
有楽町駅のレンタルダンススタジオおすすめ,駅,A,銀座花道スタジオ,〒104-0061 東京都中央区銀座３丁目１４-１８ 小野寺ビル 2F,,0,銀座,銀座|日本橋|八丁堀|月島,有楽町駅,有楽町駅|新橋駅,772.0,有楽町駅,902.3,station_distance,haversine:有楽町駅(≤1200m),20,+20(rental=1),0,1
有楽町駅のレンタルダンススタジオおすすめ,駅,A,大人バレエシェリ 東京銀座スタジオ,〒104-0061 東京都中央区銀座５丁目１４-６ 橋ビルⅡ B1,,0,銀座,銀座|日本橋|八丁堀|月島,有楽町駅,有楽町駅|新橋駅,798.0,有楽町駅,891.7,station_distance,haversine:有楽町駅(≤1200m),20,+20(rental=1),0,1
有楽町駅のレンタルダンススタジオおすすめ,駅,A,第一ホテル東京 フィットネス&アクアゾーン,〒100-0011 東京都千代田区内幸町１丁目５-３ 新幸橋ビルディング ビル内,,0,秋葉原,秋葉原,新橋駅,新橋駅|有楽町駅,357.0,有楽町駅,769.7,station_distance,haversine:有楽町駅(≤1200m),20,+20(rental=1),0,1
有楽町駅のレンタルダンススタジオおすすめ,駅,A,レンタルスタジオAivic築地,東京都中央区築地2-10-9 HARVEY築地4階,https://dance-studio-lab.com/room/Y2UzMzcxZTMtNDhlNS00ODEwLWJlOGYtZjA1ZjM5Y2YxNjE0/detail,1,銀座,銀座,築地駅,築地駅|新富町駅|東銀座駅|八丁堀駅|宝町駅|銀座一丁目駅|銀座駅|京橋駅|有楽町駅|月島駅,84.0,有楽町駅,1245.4,candidate_stations_fallback,candidate_station_fallback:有楽町駅,80,+30(dslurl)|+20(rental=1)|+30(レンタルスタジオ),0,1
有楽町駅のレンタルダンススタジオおすすめ,駅,A,レンタルスタジオAivic新橋,"東京都港区西新橋1-16-14 宮川ビル4階
",https://dance-studio-lab.com/room/M2EyMzEzOTUtMjkwNC00MmRlLWI3YWEtYjBiMmM1NGUzYzhl/detail,1,六本木,六本木,新橋駅,新橋駅|虎ノ門駅|虎ノ門ヒルズ駅|汐留駅|日比谷駅|神谷町駅|銀座駅|有楽町駅|東銀座駅|大門駅,408.0,有楽町駅,1061.4,station_distance,haversine:有楽町駅(≤1200m),80,+30(dslurl)|+20(rental=1)|+30(レンタルスタジオ),0,1
町田駅のレンタルダンススタジオおすすめ,駅,A,Caribbean explosion,〒194-0012 東京都町田市金森１丁目３-１ Hamanoya 202,,0,町田,町田,町田駅,町田駅,991.0,町田駅,1130.0,station_distance,haversine:町田駅(≤1200m),20,+20(rental=1),0,1
町田駅のレンタルダンススタジオおすすめ,駅,A,Funky Gang Dance Studio,〒194-0022 東京都町田市森野１丁目９-１７ B1,,0,町田,町田,町田駅,町田駅,566.0,町田駅,423.8,station_distance,haversine:町田駅(≤1200m),45,+20(rental=1)|+25(ダンススタジオ),0,1
町田駅のレンタルダンススタジオおすすめ,駅,A,YOKOTA BASE STUDIO,〒194-0013 東京都町田市原町田１丁目６-２４ 田島第二ビル,,0,町田,町田,町田駅,町田駅,257.0,町田駅,401.7,station_distance,haversine:町田駅(≤1200m),20,+20(rental=1),0,1
町田駅のレンタルダンススタジオおすすめ,駅,A,クラウドナインスタジオ 町田店,〒194-0013 東京都町田市原町田４丁目１１-１４ コロンブスビル 6F,,0,町田,町田,町田駅,町田駅,213.0,町田駅,300.6,station_distance,haversine:町田駅(≤1200m),20,+20(rental=1),0,1
町田駅のレンタルダンススタジオおすすめ,駅,A,レンタルスタジオ マイレッスン 町田スタジオ2号,〒194-0021 東京都町田市中町１丁目１５-１１,,0,町田,町田,町田駅,町田駅,541.0,町田駅,427.3,station_distance,haversine:町田駅(≤1200m),50,+20(rental=1)|+30(レンタルスタジオ),0,1
町田駅のレンタルダンススタジオおすすめ,駅,A,ボイトレ＆ダンスの NAYUTAS（ナユタス）町田校,〒194-0022 東京都町田市森野１丁目１４-９ ＭＫビル 森野2F,,0,町田,町田,町田駅,町田駅,352.0,町田駅,226.4,station_distance,haversine:町田駅(≤1200m),20,+20(rental=1),0,1
町田駅のレンタルダンススタジオおすすめ,駅,A,レンタルスタジオ STUDIO ZERO 町田ターミナル口店,〒194-0013 東京都町田市原町田４丁目７-３ 内藤ビル 地下1階B5号室,,0,町田,町田,町田駅,町田駅,265.0,町田駅,396.1,station_distance,haversine:町田駅(≤1200m),50,+20(rental=1)|+30(レンタルスタジオ),0,1
目黒駅のレンタルダンススタジオおすすめ,駅,A,Hidemi Dancing Vida,〒141-0021 東京都品川区上大崎２丁目１０-３２ フラワープラザビル 202,,0,品川,品川|五反田|大井町|目黒,目黒駅,目黒駅|五反田駅,198.0,目黒駅,261.7,station_distance,haversine:目黒駅(≤1200m),20,+20(rental=1),0,1
目黒駅のレンタルダンススタジオおすすめ,駅,A,Mailani feel art studio,〒153-0064 東京都目黒区下目黒５丁目１-１２ 2F,,0,中目黒,中目黒,目黒駅,目黒駅,1183.0,目黒駅,1143.8,station_distance,haversine:目黒駅(≤1200m),20,+20(rental=1),0,1
目黒駅のレンタルダンススタジオおすすめ,駅,A,Pole and Aerial Studio POLISH五反田,〒141-0031 東京都品川区西五反田１丁目５-２ トラヤビル 7階,,0,品川,品川|五反田|大井町|目黒,五反田駅,五反田駅|大崎駅|目黒駅,112.0,目黒駅,1146.7,station_distance,haversine:目黒駅(≤1200m),20,+20(rental=1),0,1
目黒駅のレンタルダンススタジオおすすめ,駅,A,SoyLatte STUDIO,〒141-0031 東京都品川区西五反田２丁目１７-８ 管野ビル ３F,,0,品川,品川|五反田|大井町|目黒,五反田駅,五反田駅|目黒駅|大崎駅,203.0,目黒駅,944.7,station_distance,haversine:目黒駅(≤1200m),20,+20(rental=1),0,1
目黒駅のレンタルダンススタジオおすすめ,駅,A,ZITA アルゼンチンタンゴ,"Tokyo, 塚原ビル 4F, ２丁目-２７-２ 上大崎 品川区 東京都 141-0021",,0,品川,品川|五反田|大井町|目黒,目黒駅,目黒駅|五反田駅,83.0,目黒駅,113.0,station_distance,haversine:目黒駅(≤1200m),20,+20(rental=1),0,1
目黒駅のレンタルダンススタジオおすすめ,駅,A,スタジオ エモーティフ,〒141-0031 東京都品川区西五反田５丁目２２-５ 藤ハイム B1F,,0,品川,品川|五反田|大井町|目黒,五反田駅,五反田駅,911.0,目黒駅,1138.1,station_distance,haversine:目黒駅(≤1200m),20,+20(rental=1),0,1
目黒駅のレンタルダンススタジオおすすめ,駅,A,スタジオペンタ五反田店,〒141-0022 東京都品川区東五反田１丁目１２-９,,0,品川,品川|五反田|大井町|目黒,五反田駅,五反田駅|大崎駅|目黒駅,169.0,目黒駅,1116.9,station_distance,haversine:目黒駅(≤1200m),20,+20(rental=1),0,1
目黒駅のレンタルダンススタジオおすすめ,駅,A,ピアノスタジオノア 不動前店,〒141-0031 東京都品川区西五反田４丁目３２-１４,,0,品川,品川|五反田|大井町|目黒,五反田駅,五反田駅|目黒駅,878.0,目黒駅,846.1,station_distance,haversine:目黒駅(≤1200m),20,+20(rental=1),0,1
目黒駅のレンタルダンススタジオおすすめ,駅,A,レンタルスタジオ,〒150-0013 東京都渋谷区恵比寿３丁目９-１５ 4階,,0,渋谷,渋谷|恵比寿|代官山|原宿,恵比寿駅,恵比寿駅|目黒駅,654.0,目黒駅,1181.7,station_distance,haversine:目黒駅(≤1200m),70,+20(rental=1)|+30(レンタルスタジオ)|+20(web),0,1
目黒駅のレンタルダンススタジオおすすめ,駅,A,Studio Bis,〒141-0031 東京都品川区西五反田２丁目１０-８ ドルミ五反田ドゥメゾン 3階,,0,品川,品川|五反田|大井町|目黒,五反田駅,五反田駅|目黒駅|大崎駅,246.0,目黒駅,848.5,station_distance,haversine:目黒駅(≤1200m),20,+20(rental=1),0,1
目黒駅のレンタルダンススタジオおすすめ,駅,A,恵比寿ガーデンプレイス,〒150-0013 東京都渋谷区恵比寿４丁目２０,,0,渋谷,渋谷|恵比寿|代官山|原宿,恵比寿駅,恵比寿駅|目黒駅,576.0,目黒駅,1018.9,station_distance,haversine:目黒駅(≤1200m),20,+20(rental=1),0,1
目黒駅のレンタルダンススタジオおすすめ,駅,A,恵比寿ガーデンプレイスタワー,〒150-6003 東京都渋谷区恵比寿４丁目２０-３,,0,渋谷,渋谷|恵比寿|代官山|原宿,恵比寿駅,恵比寿駅|目黒駅,583.0,目黒駅,993.5,station_distance,haversine:目黒駅(≤1200m),20,+20(rental=1),0,1
目黒駅のレンタルダンススタジオおすすめ,駅,A,恵比寿ヒルサイドスタジオ,〒150-0022 東京都渋谷区恵比寿南２丁目２１-８ 恵比寿ファインヒル B１,,0,渋谷,渋谷|恵比寿|代官山|原宿,恵比寿駅,恵比寿駅|目黒駅,453.0,目黒駅,1157.7,station_distance,haversine:目黒駅(≤1200m),20,+20(rental=1),0,1
目黒駅のレンタルダンススタジオおすすめ,駅,A,水村繁子フラメンコスタジオ,〒153-0064 東京都目黒区下目黒２丁目２１-７,,0,中目黒,中目黒,目黒駅,目黒駅,605.0,目黒駅,564.8,station_distance,haversine:目黒駅(≤1200m),20,+20(rental=1),0,1
目黒駅のレンタルダンススタジオおすすめ,駅,A,池田山ノブレスレンタルスタジオ（五反田駅）,〒141-0022 東京都品川区東五反田５丁目２４-７ ノブレス池田山 B1階,,0,品川,品川|五反田|大井町|目黒,五反田駅,五反田駅|大崎駅|目黒駅,120.0,目黒駅,984.3,station_distance,haversine:目黒駅(≤1200m),50,+20(rental=1)|+30(レンタルスタジオ),0,1
目黒駅のレンタルダンススタジオおすすめ,駅,A,白金台恵比寿ミュージックスタジオ,〒108-0071 東京都港区白金台５丁目２-５ 502,,0,六本木,六本木|赤坂|麻布|新橋,目黒駅,目黒駅|恵比寿駅,1050.0,目黒駅,1116.4,station_distance,haversine:目黒駅(≤1200m),20,+20(rental=1),0,1
立川駅のレンタルダンススタジオおすすめ,駅,A,U210 【立川レンタルダンススタジオ】,〒190-0022 東京都立川市錦町２丁目２-２８ ＹＳ立川第二ビル １階,,0,立川,立川,立川駅,立川駅,406.0,立川駅,393.2,station_distance,haversine:立川駅(≤1200m),60,+20(rental=1)|+40(レンタルダンス),0,1
立川駅のレンタルダンススタジオおすすめ,駅,A,エーススタジオ,〒190-0022 東京都立川市錦町１丁目１０-９ 米澤ビル 2F,,0,立川,立川,立川駅,立川駅,698.0,立川駅,673.1,station_distance,haversine:立川駅(≤1200m),20,+20(rental=1),0,1
立川駅のレンタルダンススタジオおすすめ,駅,A,スタジオ ACTY,〒190-0023 東京都立川市柴崎町３丁目１４-６,,0,立川,立川,立川駅,立川駅,521.0,立川駅,533.4,station_distance,haversine:立川駅(≤1200m),20,+20(rental=1),0,1
立川駅のレンタルダンススタジオおすすめ,駅,A,スタジオ ランディン 立川校,〒190-0022 東京都立川市錦町２丁目２-５ アオイビル 2F,,0,立川,立川,立川駅,立川駅,411.0,立川駅,391.6,station_distance,haversine:立川駅(≤1200m),20,+20(rental=1),0,1
立川駅のレンタルダンススタジオおすすめ,駅,A,ベストスタジオ立川,〒190-0022 東京都立川市錦町２丁目１-１０ エリア立川 302号室,,0,立川,立川,立川駅,立川駅,348.0,立川駅,333.9,station_distance,haversine:立川駅(≤1200m),20,+20(rental=1),0,1
立川駅のレンタルダンススタジオおすすめ,駅,A,レンタルスタジオ STUDIO ZERO 立川南口店,〒190-0023 東京都立川市柴崎町２丁目７-８ エクセル立川 B1F,,0,立川,立川,立川駅,立川駅,501.0,立川駅,527.6,station_distance,haversine:立川駅(≤1200m),50,+20(rental=1)|+30(レンタルスタジオ),0,1
立川駅のレンタルダンススタジオおすすめ,駅,A,レンタルスタジオ マイレッスン 立川店,〒190-0023 東京都立川市柴崎町２丁目６-３ まるごビル,,0,立川,立川,立川駅,立川駅,410.0,立川駅,436.0,station_distance,haversine:立川駅(≤1200m),50,+20(rental=1)|+30(レンタルスタジオ),0,1
立川駅のレンタルダンススタジオおすすめ,駅,A,レンタルスタジオ C-STUDIO,〒190-0022 東京都立川市錦町１丁目１０-２３ 光洋ビル 3F,,0,立川,立川,立川駅,立川駅,635.0,立川駅,610.8,station_distance,haversine:立川駅(≤1200m),50,+20(rental=1)|+30(レンタルスタジオ),0,1
立川駅のレンタルダンススタジオおすすめ,駅,A,レンタルスタジオreimei Tachikawa,〒190-0022 東京都立川市錦町２丁目１-３５ Ktd 錦町ビル 2F,,0,立川,立川,立川駅,立川駅,279.0,立川駅,266.2,station_distance,haversine:立川駅(≤1200m),50,+20(rental=1)|+30(レンタルスタジオ),0,1
立川駅のレンタルダンススタジオおすすめ,駅,A,山田誠ダンススタジオ,〒190-0012 東京都立川市曙町２丁目３２-２ 中山本社ビル,,0,立川,立川,立川駅,立川駅,441.0,立川駅,428.2,station_distance,haversine:立川駅(≤1200m),45,+20(rental=1)|+25(ダンススタジオ),0,1
蒲田駅のレンタルダンススタジオおすすめ,駅,A,アメリカンスタイル専門の社交ダンスサークル 【Sunday Dance Cafe】,〒144-0051 東京都大田区西蒲田６丁目３２-１３ 月村マンション １F,,0,蒲田,蒲田,蒲田駅,蒲田駅,633.0,蒲田駅,580.3,station_distance,haversine:蒲田駅(≤1200m),20,+20(rental=1),0,1
蒲田駅のレンタルダンススタジオおすすめ,駅,A,蒲田COZYレンタルダンススタジオ,〒144-0052 東京都大田区蒲田５丁目６-１２ イワシタビル 2F,,0,蒲田,蒲田,蒲田駅,蒲田駅,257.0,蒲田駅,356.7,station_distance,haversine:蒲田駅(≤1200m),60,+20(rental=1)|+40(レンタルダンス),0,1
蒲田駅のレンタルダンススタジオおすすめ,駅,A,梅屋敷スタジオ５０１,〒144-0052 東京都大田区蒲田２丁目２２-１３,,0,蒲田,蒲田,蒲田駅,蒲田駅,956.0,蒲田駅,1053.1,station_distance,haversine:蒲田駅(≤1200m),20,+20(rental=1),0,1
表参道駅のレンタルダンススタジオおすすめ,駅,A,原宿ダンススタジオ SHIN RENTAL STUDIO,〒151-0051 東京都渋谷区千駄ケ谷３丁目６０-４ 地下1階,,0,渋谷,渋谷|恵比寿|代官山|原宿,原宿駅,原宿駅|代々木駅|表参道駅,479.0,表参道駅,1146.5,station_distance,haversine:表参道駅(≤1200m),70,+20(rental=1)|+30(レンタルスタジオ)|+20(web),0,1
表参道駅のレンタルダンススタジオおすすめ,駅,A,ナ・ホク・オ・カヘアラニ フラ＆タヒチアン,〒107-0061 東京都港区北青山３丁目５-９ KAZU表参道 202号室,,0,六本木,六本木|赤坂|麻布|新橋,表参道駅,表参道駅|外苑前駅|原宿駅,242.0,表参道駅,241.5,station_distance,haversine:表参道駅(≤1200m),20,+20(rental=1),0,1
表参道駅のレンタルダンススタジオおすすめ,駅,A,CARDIO BARRE SHIBUYA (カーディオ・バー 渋谷店),〒150-0002 東京都渋谷区渋谷１丁目１４-１１ BCサロン 地下１階,,0,渋谷,渋谷|恵比寿|代官山|原宿,渋谷駅,渋谷駅|表参道駅|原宿駅,222.0,表参道駅,1054.6,station_distance,haversine:表参道駅(≤1200m),20,+20(rental=1),0,1
表参道駅のレンタルダンススタジオおすすめ,駅,A,BUZZ レンタルスタジオ 渋谷東口SQUARE店,〒150-0002 東京都渋谷区渋谷２丁目２２-８ 名取ビル 1F,,0,渋谷,渋谷|恵比寿|代官山|原宿,渋谷駅,渋谷駅|表参道駅,177.0,表参道駅,1097.8,station_distance,haversine:表参道駅(≤1200m),50,+20(rental=1)|+30(レンタルスタジオ),0,1
表参道駅のレンタルダンススタジオおすすめ,駅,A,"in the house / Shibuya ""Gallery""",〒150-0001 東京都渋谷区神宮前６丁目２３-１２,,0,渋谷,渋谷|恵比寿|代官山|原宿,原宿駅,原宿駅|渋谷駅|表参道駅,573.0,表参道駅,905.6,station_distance,haversine:表参道駅(≤1200m),20,+20(rental=1),0,1
表参道駅のレンタルダンススタジオおすすめ,駅,A,『bco』 Private lesson/salon,〒150-0001 東京都渋谷区神宮前１丁目２１-１５ 2F奥 ナポレ原宿,,0,渋谷,渋谷|恵比寿|代官山|原宿,原宿駅,原宿駅|表参道駅|代々木駅,255.0,表参道駅,1117.9,station_distance,haversine:表参道駅(≤1200m),20,+20(rental=1),0,1
表参道駅のレンタルダンススタジオおすすめ,駅,A,dスタ（レンタルスタジオ）,〒107-0062 東京都港区南青山２丁目２４-１５ 青山タワービル 15F,,0,六本木,六本木|赤坂|麻布|新橋,外苑前駅,外苑前駅|青山一丁目駅|表参道駅,68.0,表参道駅,780.0,station_distance,haversine:表参道駅(≤1200m),50,+20(rental=1)|+30(レンタルスタジオ),0,1
表参道駅のレンタルダンススタジオおすすめ,駅,A,JOINT STUDO Harajuku,〒150-0001 東京都渋谷区神宮前４丁目２９-９ Ondenビル B1,,0,渋谷,渋谷|恵比寿|代官山|原宿,原宿駅,原宿駅|表参道駅|外苑前駅,400.0,表参道駅,629.1,station_distance,haversine:表参道駅(≤1200m),20,+20(rental=1),0,1
表参道駅のレンタルダンススタジオおすすめ,駅,A,rjspace外苑前駅4番出口,〒107-0062 東京都港区南青山２丁目１４-１７ アートメイク・トキ 美容室内 ジョワレ南青山 第18吉田ビル 2F,,0,六本木,六本木|赤坂|麻布|新橋,外苑前駅,外苑前駅|青山一丁目駅|表参道駅,247.0,表参道駅,919.8,station_distance,haversine:表参道駅(≤1200m),20,+20(rental=1),0,1
表参道駅のレンタルダンススタジオおすすめ,駅,A,SOUTH MINT STUDIO 南青山,〒107-0062 東京都港区南青山２丁目２７-２０ B1F,,0,六本木,六本木|赤坂|麻布|新橋,外苑前駅,外苑前駅|表参道駅|青山一丁目駅,167.0,表参道駅,555.2,station_distance,haversine:表参道駅(≤1200m),20,+20(rental=1),0,1
表参道駅のレンタルダンススタジオおすすめ,駅,A,FLASHスタジオ,〒150-0002 東京都渋谷区渋谷１丁目１０-２ グローリア宮益坂III 東館 3F,,0,渋谷,渋谷|恵比寿|代官山|原宿,渋谷駅,渋谷駅|表参道駅|原宿駅,428.0,表参道駅,828.0,station_distance,haversine:表参道駅(≤1200m),20,+20(rental=1),0,1
表参道駅のレンタルダンススタジオおすすめ,駅,A,キャナリー,〒150-0002 東京都渋谷区渋谷１丁目４-６,,0,渋谷,渋谷|恵比寿|代官山|原宿,渋谷駅,渋谷駅|表参道駅|原宿駅,509.0,表参道駅,753.7,station_distance,haversine:表参道駅(≤1200m),20,+20(rental=1),0,1
表参道駅のレンタルダンススタジオおすすめ,駅,A,スタジオ レンズマン青山,〒107-0062 東京都港区南青山２丁目１０-１１ 南青山パールハイム 1F,,0,六本木,六本木|赤坂|麻布|新橋,青山一丁目駅,青山一丁目駅|外苑前駅|表参道駅,316.0,表参道駅,1015.1,station_distance,haversine:表参道駅(≤1200m),20,+20(rental=1),0,1
表参道駅のレンタルダンススタジオおすすめ,駅,A,スタジオタップ７２,〒150-0002 東京都渋谷区渋谷１丁目９-5 B2F ナスタックビル,,0,渋谷,渋谷|恵比寿|代官山|原宿,渋谷駅,渋谷駅|表参道駅|原宿駅,371.0,表参道駅,885.0,station_distance,haversine:表参道駅(≤1200m),20,+20(rental=1),0,1
表参道駅のレンタルダンススタジオおすすめ,駅,A,すむぞうスタジオ,〒150-0041 東京都渋谷区神南１丁目１１-５ ダイネス壱番館渋谷 B1,,0,渋谷,渋谷|恵比寿|代官山|原宿,渋谷駅,渋谷駅|原宿駅|表参道駅,503.0,表参道駅,1057.8,station_distance,haversine:表参道駅(≤1200m),20,+20(rental=1),0,1
表参道駅のレンタルダンススタジオおすすめ,駅,A,タヒチアンダンススタジオ ライマーラマ表参道,〒150-0001 東京都渋谷区神宮前５丁目１３-１４,,0,渋谷,渋谷|恵比寿|代官山|原宿,表参道駅,表参道駅|原宿駅|渋谷駅,493.0,表参道駅,494.4,station_distance,haversine:表参道駅(≤1200m),45,+20(rental=1)|+25(ダンススタジオ),0,1
表参道駅のレンタルダンススタジオおすすめ,駅,A,ノートルスタジオ,〒107-0062 東京都港区南青山３丁目５-１ O&K 南青山,,0,六本木,六本木|赤坂|麻布|新橋,外苑前駅,外苑前駅|表参道駅|青山一丁目駅,384.0,表参道駅,429.5,station_distance,haversine:表参道駅(≤1200m),20,+20(rental=1),0,1
表参道駅のレンタルダンススタジオおすすめ,駅,A,メゾン・ドゥ・バレエ南青山（MAISON DE BALLET Minami-Aoyama）,〒107-0062 東京都港区南青山４丁目２５-１２,,0,六本木,六本木|赤坂|麻布|新橋,表参道駅,表参道駅|外苑前駅|青山一丁目駅,564.0,表参道駅,563.2,station_distance,haversine:表参道駅(≤1200m),20,+20(rental=1),0,1
表参道駅のレンタルダンススタジオおすすめ,駅,A,レンタルスタジオ Starshine,〒107-0061 東京都港区北青山３丁目５ 9KAZU表参道 202,,0,六本木,六本木|赤坂|麻布|新橋,表参道駅,表参道駅|外苑前駅|原宿駅,76.0,表参道駅,75.6,station_distance,haversine:表参道駅(≤1200m),50,+20(rental=1)|+30(レンタルスタジオ),0,1
表参道駅のレンタルダンススタジオおすすめ,駅,A,外苑前アイランドスタジオ,〒150-0001 東京都渋谷区神宮前３丁目１-２５ 神宮前Ikビル 2階,,0,渋谷,渋谷|恵比寿|代官山|原宿,外苑前駅,外苑前駅|表参道駅|青山一丁目駅,322.0,表参道駅,560.0,station_distance,haversine:表参道駅(≤1200m),20,+20(rental=1),0,1
表参道駅のレンタルダンススタジオおすすめ,駅,A,宮益坂十間スタジオ,〒150-0002 東京都渋谷区渋谷１丁目１０-７ Ⅲ B1 (受付・Bスタジオ)、北館5F(Aスタジオ 宮益坂Stビル,,0,渋谷,渋谷|恵比寿|代官山|原宿,渋谷駅,渋谷駅|表参道駅|原宿駅,406.0,表参道駅,848.8,station_distance,haversine:表参道駅(≤1200m),20,+20(rental=1),0,1
表参道駅のレンタルダンススタジオおすすめ,駅,A,渋谷RIZEスタジオ,〒150-0041 東京都渋谷区神南１丁目１３-４ Idoビル 2階A号室,,0,渋谷,渋谷|恵比寿|代官山|原宿,渋谷駅,渋谷駅|原宿駅|表参道駅,582.0,表参道駅,1096.1,station_distance,haversine:表参道駅(≤1200m),20,+20(rental=1),0,1
表参道駅のレンタルダンススタジオおすすめ,駅,A,東急スポーツオアシス 青山,"〒107-0061 東京都港区北青山２丁目８-４４, Tepia, B2F",,0,六本木,六本木|赤坂|麻布|新橋,外苑前駅,外苑前駅|青山一丁目駅|表参道駅,332.0,表参道駅,963.7,station_distance,haversine:表参道駅(≤1200m),20,+20(rental=1),0,1
表参道駅のレンタルダンススタジオおすすめ,駅,A,表参道レンタルスタジオ スタジオ ティノラス,〒107-0062 東京都港区南青山５丁目１３-９,,0,六本木,六本木|赤坂|麻布|新橋,表参道駅,表参道駅|外苑前駅|渋谷駅,491.0,表参道駅,490.8,station_distance,haversine:表参道駅(≤1200m),50,+20(rental=1)|+30(レンタルスタジオ),0,1
表参道駅のレンタルダンススタジオおすすめ,駅,A,Hina STUDIO（ヒナスタジオ）【目黒スタジオ】,東京都渋谷区神宮前6-23-11 パークサイドハイツ303,,0,渋谷,渋谷,明治神宮前〈原宿〉駅,明治神宮前〈原宿〉駅|原宿駅|渋谷駅|表参道駅|神泉駅|代々木公園駅|代々木八幡駅|北参道駅|外苑前駅|参宮橋駅,488.0,表参道駅,907.0,station_distance,haversine:表参道駅(≤1200m),20,+20(rental=1),0,1
表参道駅のレンタルダンススタジオおすすめ,駅,A,チェリッシュスタジオ11号館/12号館/13号館/14号館,東京都港区西麻布-2-21-22 WEST麻布2791ビル2階,https://dance-studio-lab.com/room/ZmMxMTg1ZGQtMjUyZS00NjZlLWE3YzMtZjllNWM1N2JhNTdj/detail,1,六本木,六本木,表参道駅,表参道駅|乃木坂駅|外苑前駅|広尾駅|六本木駅|青山一丁目駅|麻布十番駅|明治神宮前〈原宿〉駅|渋谷駅|六本木一丁目駅,809.0,表参道駅,791.7,station_distance,haversine:表参道駅(≤1200m),50,+30(dslurl)|+20(rental=1),0,1
西武新宿駅のレンタルダンススタジオおすすめ,駅,A,ソニズレンタルスタジオ新宿店,〒160-0023 東京都新宿区西新宿７丁目２２-３１ 柏木 MURA B1F,,0,新宿,新宿|西新宿|高田馬場|新大久保,西武新宿駅,西武新宿駅|新大久保駅|新宿駅,375.0,西武新宿駅,,primary_station_dist,primary_station:西武新宿駅(≤1200m),50,+20(rental=1)|+30(レンタルスタジオ),0,1
西武新宿駅のレンタルダンススタジオおすすめ,駅,A,BUZZ新宿,〒160-0023 東京都新宿区西新宿７丁目１６-４ Concierge高橋 BF 地下1階,https://dance-studio-lab.com/room/NThmODMwMDctZjkyNi00ZTE3LTgwNjQtMDRmOGIwMmQ5ZTRi/detail,1,新宿,新宿|西新宿|高田馬場|新大久保,西武新宿駅,西武新宿駅|新宿駅|新大久保駅,298.0,西武新宿駅,,primary_station_dist,primary_station:西武新宿駅(≤1200m),50,+30(dslurl)|+20(rental=1),0,1
西武新宿駅のレンタルダンススタジオおすすめ,駅,A,BUZZ レンタルスタジオ新宿コンシェルジュ店,〒160-0023 東京都新宿区西新宿７丁目１６-４ Concierge高橋 BF 地下 一階,https://dance-studio-lab.com/room/OGUzNmE0NzUtZDU1NS00ZjIyLTg4OGItNDYyOWI2YzkzOTA0/detail,1,新宿,新宿|西新宿|高田馬場|新大久保,西武新宿駅,西武新宿駅|新宿駅|新大久保駅,292.0,西武新宿駅,,primary_station_dist,primary_station:西武新宿駅(≤1200m),80,+30(dslurl)|+20(rental=1)|+30(レンタルスタジオ),0,1
西武新宿駅のレンタルダンススタジオおすすめ,駅,A,BUZZ レンタルスタジオ 新宿ハウス店,〒160-0023 東京都新宿区西新宿７丁目１６-１,https://dance-studio-lab.com/room/MWYzNmNhZGMtMWZiNi00MjBiLWJjNzMtZmFmNjAxYmQ5MjA3/detail,1,新宿,新宿|西新宿|高田馬場|新大久保,西武新宿駅,西武新宿駅|新宿駅|新大久保駅,276.0,西武新宿駅,,primary_station_dist,primary_station:西武新宿駅(≤1200m),80,+30(dslurl)|+20(rental=1)|+30(レンタルスタジオ),0,1
西武新宿駅のレンタルダンススタジオおすすめ,駅,A,レンタルスタジオ 301,〒160-0021 東京都新宿区歌舞伎町２丁目８-１２ 新宿グリーンプラザ 301号,,0,新宿,新宿|西新宿|高田馬場|新大久保,西武新宿駅,西武新宿駅|新宿駅|新大久保駅,507.0,西武新宿駅,,primary_station_dist,primary_station:西武新宿駅(≤1200m),50,+20(rental=1)|+30(レンタルスタジオ),0,1
西武新宿駅のレンタルダンススタジオおすすめ,駅,A,レンタルスペース「301」,〒160-0021 東京都新宿区歌舞伎町２丁目８-１２ 新宿グリーンプラザ 301号,,0,新宿,新宿|西新宿|高田馬場|新大久保,西武新宿駅,西武新宿駅|新宿駅|新大久保駅,507.0,西武新宿駅,,primary_station_dist,primary_station:西武新宿駅(≤1200m),20,+20(rental=1),0,1
西武新宿駅のレンタルダンススタジオおすすめ,駅,A,レンタルスタジオ「Ten（テン）」,〒160-0021 東京都新宿区歌舞伎町２丁目８-１２ 新宿グリーンプラザ 303号,,0,新宿,新宿|西新宿|高田馬場|新大久保,西武新宿駅,西武新宿駅|新宿駅|新大久保駅,507.0,西武新宿駅,,primary_station_dist,primary_station:西武新宿駅(≤1200m),50,+20(rental=1)|+30(レンタルスタジオ),0,1
西武新宿駅のレンタルダンススタジオおすすめ,駅,A,Studio.m 新宿レンタルスタジオ,〒160-0022 東京都新宿区新宿５丁目１５?号２ 池与ビル ２０３,,0,新宿,新宿|西新宿|高田馬場|新大久保,西武新宿駅,西武新宿駅|新宿駅|新大久保駅,642.0,西武新宿駅,,primary_station_dist,primary_station:西武新宿駅(≤1200m),50,+20(rental=1)|+30(レンタルスタジオ),0,1
西武新宿駅のレンタルダンススタジオおすすめ,駅,A,ROJIスタジオStudioStyle+,〒160-0023 東京都新宿区西新宿７丁目１５-１４,,0,新宿,新宿|西新宿|高田馬場|新大久保,西武新宿駅,西武新宿駅|新宿駅|新大久保駅,265.0,西武新宿駅,,primary_station_dist,primary_station:西武新宿駅(≤1200m),20,+20(rental=1),0,1
西武新宿駅のレンタルダンススタジオおすすめ,駅,A,studio worcle shinjuku,〒160-0023 東京都新宿区西新宿７丁目１６-７ 第２１フジビル,,0,新宿,新宿|西新宿|高田馬場|新大久保,西武新宿駅,西武新宿駅|新大久保駅|新宿駅,278.0,西武新宿駅,,primary_station_dist,primary_station:西武新宿駅(≤1200m),20,+20(rental=1),0,1
西武新宿駅のレンタルダンススタジオおすすめ,駅,A,ジャパンポールダンス,〒160-0021 東京都新宿区歌舞伎町１丁目２３-１２ 第一桑原ビル 5F,,0,新宿,新宿|西新宿|高田馬場|新大久保,西武新宿駅,西武新宿駅|新宿駅|新大久保駅,161.0,西武新宿駅,,primary_station_dist,primary_station:西武新宿駅(≤1200m),20,+20(rental=1),0,1
西武新宿駅のレンタルダンススタジオおすすめ,駅,A,スタジオスタイルプラス窓口StudioStyle+,〒160-0023 東京都新宿区西新宿７丁目２２-３１ 1F,,0,新宿,新宿|西新宿|高田馬場|新大久保,西武新宿駅,西武新宿駅|新大久保駅|新宿駅,380.0,西武新宿駅,,primary_station_dist,primary_station:西武新宿駅(≤1200m),20,+20(rental=1),0,1
西武新宿駅のレンタルダンススタジオおすすめ,駅,A,ノアスタジオ 新宿２号店,〒160-0023 東京都新宿区西新宿７丁目１０-１２,,0,新宿,新宿|西新宿|高田馬場|新大久保,西武新宿駅,西武新宿駅|新宿駅|新大久保駅,259.0,西武新宿駅,,primary_station_dist,primary_station:西武新宿駅(≤1200m),20,+20(rental=1),0,1
西武新宿駅のレンタルダンススタジオおすすめ,駅,A,メインスタジオStudio Style+,〒160-0023 東京都新宿区西新宿７丁目２２-３１,,0,新宿,新宿|西新宿|高田馬場|新大久保,西武新宿駅,西武新宿駅|新大久保駅|新宿駅,362.0,西武新宿駅,,primary_station_dist,primary_station:西武新宿駅(≤1200m),20,+20(rental=1),0,1
西武新宿駅のレンタルダンススタジオおすすめ,駅,A,レンタルスタジオ HIKARI 新宿三丁目,〒160-0021 東京都新宿区歌舞伎町２丁目８-１２ グリーンプラザ 203,,0,新宿,新宿|西新宿|高田馬場|新大久保,西武新宿駅,西武新宿駅|新宿駅|新大久保駅,507.0,西武新宿駅,,primary_station_dist,primary_station:西武新宿駅(≤1200m),50,+20(rental=1)|+30(レンタルスタジオ),0,1
西武新宿駅のレンタルダンススタジオおすすめ,駅,A,レンタルスタジオ HIKARI 西新宿７丁目,〒160-0023 東京都新宿区西新宿７丁目１０-１７ B館 601号室,,0,新宿,新宿|西新宿|高田馬場|新大久保,西武新宿駅,西武新宿駅|新宿駅|新大久保駅,234.0,西武新宿駅,,primary_station_dist,primary_station:西武新宿駅(≤1200m),50,+20(rental=1)|+30(レンタルスタジオ),0,1
西武新宿駅のレンタルダンススタジオおすすめ,駅,A,ロジスタイルB StudioStyle+,〒160-0023 東京都新宿区西新宿７丁目１５-１４ FONTAINE三須 1F,,0,新宿,新宿|西新宿|高田馬場|新大久保,西武新宿駅,西武新宿駅|新宿駅|新大久保駅,255.0,西武新宿駅,,primary_station_dist,primary_station:西武新宿駅(≤1200m),20,+20(rental=1),0,1
西武新宿駅のレンタルダンススタジオおすすめ,駅,A,新宿 だんすた レンタルスタジオ,〒160-0023 東京都新宿区西新宿７丁目１３-７ 3F4F タカラビル,,0,新宿,新宿|西新宿|高田馬場|新大久保,西武新宿駅,西武新宿駅|新宿駅|新大久保駅,398.0,西武新宿駅,,primary_station_dist,primary_station:西武新宿駅(≤1200m),50,+20(rental=1)|+30(レンタルスタジオ),0,1
西武新宿駅のレンタルダンススタジオおすすめ,駅,A,新宿マイスタジオ,〒160-0023 東京都新宿区西新宿７丁目９-１７ ６F・５F・４F 伊藤ビル,,0,新宿,新宿|西新宿|高田馬場|新大久保,西武新宿駅,西武新宿駅|新宿駅|新大久保駅,263.0,西武新宿駅,,primary_station_dist,primary_station:西武新宿駅(≤1200m),20,+20(rental=1),0,1
西武新宿駅のレンタルダンススタジオおすすめ,駅,A,新宿村スタジオ,〒169-0074 東京都新宿区北新宿２丁目１-２,,0,新宿,新宿|西新宿|高田馬場|新大久保,西武新宿駅,西武新宿駅|新大久保駅|新宿駅,1011.0,西武新宿駅,,primary_station_dist,primary_station:西武新宿駅(≤1200m),20,+20(rental=1),0,1
西武新宿駅のレンタルダンススタジオおすすめ,駅,A,貸空間スタジオStudioStyle+,〒160-0023 東京都新宿区西新宿７丁目２２-３１ BF 柏木 MURA,,0,新宿,新宿|西新宿|高田馬場|新大久保,西武新宿駅,西武新宿駅|新大久保駅|新宿駅,391.0,西武新宿駅,,primary_station_dist,primary_station:西武新宿駅(≤1200m),20,+20(rental=1),0,1
西武新宿駅のレンタルダンススタジオおすすめ,駅,A,Hina STUDIO(ヒナスタジオ)【新宿西口アネックス】,東京都新宿区西新宿7-15-4　YS第一ビルB1階,https://dance-studio-lab.com/room/NWQxZDIzMzUtNWMzOC00MzY4LWE4YmYtMWU3MDBkYWM3ZDY2/detail,1,新宿,新宿,西武新宿駅,西武新宿駅|新宿西口駅|西新宿駅|大久保駅|都庁前駅|新宿駅|新大久保駅|新宿三丁目駅|東新宿駅|南新宿駅,234.0,西武新宿駅,,primary_station_dist,primary_station:西武新宿駅(≤1200m),50,+30(dslurl)|+20(rental=1),0,1
赤坂駅のレンタルダンススタジオおすすめ,駅,A,ACFit 赤坂見附スタジオ,〒107-0052 東京都港区赤坂３丁目４-３ 赤坂マカベビル B1F,,0,六本木,六本木|赤坂|麻布|新橋,赤坂駅,赤坂駅,160.0,赤坂駅,436.1,station_distance,haversine:赤坂駅(≤1200m),20,+20(rental=1),0,1
赤坂駅のレンタルダンススタジオおすすめ,駅,A,Ballet Studio M'z,〒107-0052 東京都港区赤坂７丁目９-７ 小林ビル 5F,,0,六本木,六本木|赤坂|麻布|新橋,赤坂駅,赤坂駅|六本木駅|青山一丁目駅,561.0,赤坂駅,1087.1,station_distance,haversine:赤坂駅(≤1200m),20,+20(rental=1),0,1
赤坂駅のレンタルダンススタジオおすすめ,駅,A,DAYS赤坂見附,〒107-0052 東京都港区赤坂３丁目９-１ 紀陽 ビル,,0,六本木,六本木|赤坂|麻布|新橋,赤坂駅,赤坂駅,433.0,赤坂駅,249.7,station_distance,haversine:赤坂駅(≤1200m),20,+20(rental=1),0,1
赤坂駅のレンタルダンススタジオおすすめ,駅,A,EXスタジオ麹町,〒102-0083 東京都千代田区麹町２丁目２-４ 麹町セントラルビル 5階,,0,秋葉原,秋葉原,半蔵門駅,半蔵門駅|麹町駅|永田町駅|市ケ谷駅|赤坂見附駅|四ツ谷駅|国会議事堂前駅|溜池山王駅|赤坂駅|九段下駅,105.0,赤坂駅,738.7,station_distance,haversine:赤坂駅(≤1200m),20,+20(rental=1),0,1
赤坂駅のレンタルダンススタジオおすすめ,駅,A,kokokara,〒102-0082 東京都千代田区一番町１３-１６ 一番町法眼坂ビル 1階,,0,秋葉原,秋葉原,半蔵門駅,半蔵門駅|麹町駅|市ケ谷駅|永田町駅|四ツ谷駅|赤坂見附駅|九段下駅|国会議事堂前駅|竹橋駅|牛込神楽坂駅,181.0,赤坂駅,1001.3,station_distance,haversine:赤坂駅(≤1200m),20,+20(rental=1),0,1
赤坂駅のレンタルダンススタジオおすすめ,駅,A,BUZZ LIVE 赤坂,〒107-0052 東京都港区赤坂３丁目１５-３ 忍路ビル B1,,0,六本木,六本木|赤坂|麻布|新橋,赤坂駅,赤坂駅|青山一丁目駅,100.0,赤坂駅,439.6,station_distance,haversine:赤坂駅(≤1200m),20,+20(rental=1),0,1
赤坂駅のレンタルダンススタジオおすすめ,駅,A,Nari Gym (ナリジム),〒107-0052 東京都港区赤坂３丁目14番9号 赤坂清水ビル 2F,,0,六本木,六本木|赤坂|麻布|新橋,赤坂駅,赤坂駅|青山一丁目駅,48.0,赤坂駅,491.5,station_distance,haversine:赤坂駅(≤1200m),20,+20(rental=1),0,1
赤坂駅のレンタルダンススタジオおすすめ,駅,A,Pole Dance Tokyo ポールダンス東京,〒107-0052 東京都港区赤坂３丁目１６-８ 東海アネックスビルB1,,0,六本木,六本木|赤坂|麻布|新橋,赤坂駅,赤坂駅|青山一丁目駅,150.0,赤坂駅,432.7,station_distance,haversine:赤坂駅(≤1200m),20,+20(rental=1),0,1
赤坂駅のレンタルダンススタジオおすすめ,駅,A,アルファビデオレンタルスタジオ,〒107-0051 東京都港区元赤坂１丁目５-７ ラベリテ赤坂 1階,,0,六本木,六本木|赤坂|麻布|新橋,赤坂駅,赤坂駅|青山一丁目駅,534.0,赤坂駅,468.5,station_distance,haversine:赤坂駅(≤1200m),50,+20(rental=1)|+30(レンタルスタジオ),0,1
赤坂駅のレンタルダンススタジオおすすめ,駅,A,スタジオ レセルバ,〒107-0052 東京都港区赤坂３丁目２１-１４ TS共和六番館地下一階,,0,六本木,六本木|赤坂|麻布|新橋,赤坂駅,赤坂駅|青山一丁目駅,380.0,赤坂駅,326.4,station_distance,haversine:赤坂駅(≤1200m),20,+20(rental=1),0,1
赤坂駅のレンタルダンススタジオおすすめ,駅,A,BUZZ レンタルスタジオ赤坂店,〒107-0052 東京都港区赤坂２丁目１３-２０ Tsumugi ビル,,0,六本木,六本木|赤坂|麻布|新橋,赤坂駅,赤坂駅,148.0,赤坂駅,590.4,station_distance,haversine:赤坂駅(≤1200m),50,+20(rental=1)|+30(レンタルスタジオ),0,1
赤坂駅のレンタルダンススタジオおすすめ,駅,A,たにどうダンスワールド,〒107-0052 東京都港区赤坂３丁目９-４ 赤坂扇やビル 4階,,0,六本木,六本木|赤坂|麻布|新橋,赤坂駅,赤坂駅,396.0,赤坂駅,268.5,station_distance,haversine:赤坂駅(≤1200m),20,+20(rental=1),0,1
赤坂駅のレンタルダンススタジオおすすめ,駅,A,ノアスタジオ 赤坂店,〒107-0052 東京都港区赤坂３丁目１３-１２ 受付は隣のビル2Fとなります,,0,六本木,六本木|赤坂|麻布|新橋,赤坂駅,赤坂駅|青山一丁目駅,62.0,赤坂駅,560.7,station_distance,haversine:赤坂駅(≤1200m),20,+20(rental=1),0,1
赤坂駅のレンタルダンススタジオおすすめ,駅,A,ボンジュBallerina 紀尾井町店,〒102-0094 東京都千代田区紀尾井町１-３ 東京ガーデンテラス 1F,,0,秋葉原,秋葉原,赤坂駅,赤坂駅,635.0,赤坂駅,202.6,station_distance,haversine:赤坂駅(≤1200m),20,+20(rental=1),0,1
赤坂駅のレンタルダンススタジオおすすめ,駅,A,麹町スタジオ,〒102-0093 東京都千代田区平河町１丁目５-１６ アオキスタジオビル,,0,秋葉原,秋葉原,赤坂駅,赤坂駅,1023.0,赤坂駅,497.3,station_distance,haversine:赤坂駅(≤1200m),20,+20(rental=1),0,1
赤坂駅のレンタルダンススタジオおすすめ,駅,A,女性専用フィットネスジム ミットネス 赤坂店,〒107-0052 東京都港区赤坂４丁目３-６ ヒューリック赤坂一ツ木通ビル 3階,,0,六本木,六本木|赤坂|麻布|新橋,赤坂駅,赤坂駅|青山一丁目駅,111.0,赤坂駅,487.1,station_distance,haversine:赤坂駅(≤1200m),20,+20(rental=1),0,1
赤坂駅のレンタルダンススタジオおすすめ,駅,A,赤坂茜山スタジオ,〒107-0052 東京都港区赤坂２丁目２１-１ 川本ビル Ｂ１Ｆ,,0,六本木,六本木|赤坂|麻布|新橋,赤坂駅,赤坂駅|六本木駅,502.0,赤坂駅,989.8,station_distance,haversine:赤坂駅(≤1200m),20,+20(rental=1),0,1
赤坂駅のレンタルダンススタジオおすすめ,駅,A,BUZZ赤坂見附 ,東京都港区赤坂3-21-14TS 共和六番館地下1階,https://dance-studio-lab.com/room/NjYxZDU0NDMtOGEwNS00MDM3LTllNDktMzAyNTQ0MmVlMTE1/detail,1,六本木,六本木|赤坂|麻布|新橋,赤坂駅,赤坂駅|青山一丁目駅,100.0,赤坂駅,331.2,station_distance,haversine:赤坂駅(≤1200m),50,+30(dslurl)|+20(rental=1),0,1
錦糸町駅のレンタルダンススタジオおすすめ,駅,A,Ballet & Dance TRE,〒130-0004 東京都墨田区本所３丁目７-９,,0,錦糸町,錦糸町,押上駅,押上駅|錦糸町駅|蔵前駅,971.0,錦糸町駅,1091.4,station_distance,haversine:錦糸町駅(≤1200m),20,+20(rental=1),0,1
錦糸町駅のレンタルダンススタジオおすすめ,駅,A,Ballet & Dance UNO,〒130-0012 東京都墨田区太平３丁目１９-５ 鈴木ビル 1階,,0,錦糸町,錦糸町,錦糸町駅,錦糸町駅|押上駅,664.0,錦糸町駅,626.7,station_distance,haversine:錦糸町駅(≤1200m),20,+20(rental=1),0,1
錦糸町駅のレンタルダンススタジオおすすめ,駅,A,スタジオジパング 錦糸町スタジオSTANDARD,〒130-0012 東京都墨田区太平３丁目１４-１０ スズキビルディング 1階,,0,錦糸町,錦糸町,錦糸町駅,錦糸町駅|押上駅,547.0,錦糸町駅,510.3,station_distance,haversine:錦糸町駅(≤1200m),20,+20(rental=1),0,1
錦糸町駅のレンタルダンススタジオおすすめ,駅,A,RSC MASAMI STUDIO,〒130-0013 東京都墨田区錦糸３丁目１１-１ 興和2ビル 6F,,0,錦糸町,錦糸町,錦糸町駅,錦糸町駅,283.0,錦糸町駅,251.4,station_distance,haversine:錦糸町駅(≤1200m),20,+20(rental=1),0,1
錦糸町駅のレンタルダンススタジオおすすめ,駅,A,studio_MINT 錦糸町,〒130-0012 東京都墨田区太平３丁目１-４,https://dance-studio-lab.com/room/ZDgyZDBlYjYtZWM1YS00MGNhLWI3YjEtZjRmNTEzZmU5NjE4/detail,1,錦糸町,錦糸町,錦糸町駅,錦糸町駅|押上駅,356.0,錦糸町駅,322.1,station_distance,haversine:錦糸町駅(≤1200m),50,+30(dslurl)|+20(rental=1),0,1
錦糸町駅のレンタルダンススタジオおすすめ,駅,A,studio3,〒136-0071 東京都江東区亀戸１丁目３１-８ 北越ビル 2F,,0,豊洲,豊洲,錦糸町駅,錦糸町駅,1077.0,錦糸町駅,1062.4,station_distance,haversine:錦糸町駅(≤1200m),20,+20(rental=1),0,1
錦糸町駅のレンタルダンススタジオおすすめ,駅,A,ウチノダンススタジオ,〒136-0071 東京都江東区亀戸２丁目３７-９ 第一不動産ビル,,0,豊洲,豊洲,錦糸町駅,錦糸町駅,1101.0,錦糸町駅,1061.0,station_distance,haversine:錦糸町駅(≤1200m),45,+20(rental=1)|+25(ダンススタジオ),0,1
錦糸町駅のレンタルダンススタジオおすすめ,駅,A,ロゼッタスタジオ錦糸町,〒130-0013 東京都墨田区錦糸２丁目１３-１ 堀越第一ビル 5F,,0,錦糸町,錦糸町,錦糸町駅,錦糸町駅,317.0,錦糸町駅,293.4,station_distance,haversine:錦糸町駅(≤1200m),20,+20(rental=1),0,1
高田馬場駅のレンタルダンススタジオおすすめ,駅,A,スタジオキャンパス 高田馬場店,〒169-0075 東京都新宿区高田馬場４丁目２９-１ B1F,,0,新宿,新宿|西新宿|高田馬場|新大久保,高田馬場駅,高田馬場駅|新大久保駅,483.0,高田馬場駅,536.7,station_distance,haversine:高田馬場駅(≤1200m),20,+20(rental=1),0,1
高田馬場駅のレンタルダンススタジオおすすめ,駅,A,SHOJIN Show-Base Tokyo,〒169-0075 東京都新宿区高田馬場４丁目１１-10VORT Briller4F SHOJIN Show-Base Tokyo,,0,新宿,新宿|西新宿|高田馬場|新大久保,高田馬場駅,高田馬場駅,184.0,高田馬場駅,173.5,station_distance,haversine:高田馬場駅(≤1200m),20,+20(rental=1),0,1
高田馬場駅のレンタルダンススタジオおすすめ,駅,A,BUZZ レンタルスタジオ 高田馬場店,〒169-0075 東京都新宿区高田馬場４丁目１４-６ 地下1階 第二長谷川マンション,https://dance-studio-lab.com/room/NjZiZWQwNjEtYmU0ZS00MDllLWI0M2UtNmYxZjdhOWUwY2Mz/detail,1,新宿,新宿|西新宿|高田馬場|新大久保,高田馬場駅,高田馬場駅,273.0,高田馬場駅,299.7,station_distance,haversine:高田馬場駅(≤1200m),80,+30(dslurl)|+20(rental=1)|+30(レンタルスタジオ),0,1
高田馬場駅のレンタルダンススタジオおすすめ,駅,A,Cuuby dance school,,,0,その他,その他,高田馬場駅,高田馬場駅,877.0,高田馬場駅,879.0,station_distance,haversine:高田馬場駅(≤1200m),20,+20(rental=1),0,1
高田馬場駅のレンタルダンススタジオおすすめ,駅,A,"in the house / Nishiwaseda ""Street Dance Park""",〒169-0075 東京都新宿区高田馬場１丁目１-１３ ONE ROOF FLAT NISHIWASEDA B1,,0,新宿,新宿|西新宿|高田馬場|新大久保,高田馬場駅,高田馬場駅,583.0,高田馬場駅,604.9,station_distance,haversine:高田馬場駅(≤1200m),20,+20(rental=1),0,1
高田馬場駅のレンタルダンススタジオおすすめ,駅,A,PLUS DANCE STUDIO,〒169-0075 東京都新宿区高田馬場４丁目１４-４,,0,新宿,新宿|西新宿|高田馬場|新大久保,高田馬場駅,高田馬場駅,267.0,高田馬場駅,296.4,station_distance,haversine:高田馬場駅(≤1200m),45,+20(rental=1)|+25(ダンススタジオ),0,1
高田馬場駅のレンタルダンススタジオおすすめ,駅,A,レンタルスタジオSunny 高田馬場1号店,〒169-0075 東京都新宿区高田馬場４丁目１-５ 5F,,0,新宿,新宿|西新宿|高田馬場|新大久保,高田馬場駅,高田馬場駅|新大久保駅,290.0,高田馬場駅,362.2,station_distance,haversine:高田馬場駅(≤1200m),50,+20(rental=1)|+30(レンタルスタジオ),0,1
高田馬場駅のレンタルダンススタジオおすすめ,駅,A,リアン 高田馬場スタジオ道順,〒171-0033 東京都豊島区高田３丁目２７-１ CLK高田ビル,,0,池袋,池袋|目白|大塚|巣鴨,高田馬場駅,高田馬場駅,484.0,高田馬場駅,415.9,station_distance,haversine:高田馬場駅(≤1200m),20,+20(rental=1),0,1
高田馬場駅のレンタルダンススタジオおすすめ,駅,A,レンタルスタジオSunny高田馬場2号店,〒169-0075 東京都高田馬場１丁目３４-２ 千葉ビル 1F,,0,東京,東京,高田馬場駅,高田馬場駅,62.0,高田馬場駅,129.9,station_distance,haversine:高田馬場駅(≤1200m),50,+20(rental=1)|+30(レンタルスタジオ),0,1
高田馬場駅のレンタルダンススタジオおすすめ,駅,A,BUZZ 高田馬場2丁目,〒169-0075 東京都新宿区高田馬場２丁目１０-１０ ミナエビル,,0,新宿,新宿|西新宿|高田馬場|新大久保,高田馬場駅,高田馬場駅,408.0,高田馬場駅,368.9,station_distance,haversine:高田馬場駅(≤1200m),20,+20(rental=1),0,1
高田馬場駅のレンタルダンススタジオおすすめ,駅,A,studio arty 高田馬場,〒169-0075 東京都新宿区高田馬場３丁目５-３ 第90東京ビル ２F,,0,新宿,新宿|西新宿|高田馬場|新大久保,高田馬場駅,高田馬場駅,270.0,高田馬場駅,212.7,station_distance,haversine:高田馬場駅(≤1200m),20,+20(rental=1),0,1
高田馬場駅のレンタルダンススタジオおすすめ,駅,A,ヒカリババダンスカンパニー,〒171-0031 東京都豊島区目白２丁目１２-４,,0,池袋,池袋|目白|大塚|巣鴨,池袋駅,池袋駅|高田馬場駅,876.0,高田馬場駅,1030.8,station_distance,haversine:高田馬場駅(≤1200m),20,+20(rental=1),0,1
高田馬場駅のレンタルダンススタジオおすすめ,駅,A,STUDIOFLAG高田馬場2号店,〒169-0075 東京都新宿区高田馬場２丁目１１-１ YOKE2ビル 地下1F,,0,新宿,新宿|西新宿|高田馬場|新大久保,高田馬場駅,高田馬場駅,455.0,高田馬場駅,411.6,station_distance,haversine:高田馬場駅(≤1200m),20,+20(rental=1),0,1
高田馬場駅のレンタルダンススタジオおすすめ,駅,A,アクセ・スタジオ,〒169-0075 東京都新宿区高田馬場４丁目１-７,,0,新宿,新宿|西新宿|高田馬場|新大久保,高田馬場駅,高田馬場駅|新大久保駅,260.0,高田馬場駅,332.1,station_distance,haversine:高田馬場駅(≤1200m),20,+20(rental=1),0,1
高田馬場駅のレンタルダンススタジオおすすめ,駅,A,スタジオ プリメーラ(スタジオ プリメラ),〒169-0072 東京都新宿区大久保２丁目８-８ 青葉ビル,,0,新宿,新宿|西新宿|高田馬場|新大久保,新大久保駅,新大久保駅|西武新宿駅|高田馬場駅,678.0,高田馬場駅,1172.6,station_distance,haversine:高田馬場駅(≤1200m),20,+20(rental=1),0,1
高田馬場駅のレンタルダンススタジオおすすめ,駅,A,スタジオエリース,〒161-0033 東京都新宿区下落合２丁目１-８ 三栄ビル 310号室,,0,新宿,新宿|西新宿|高田馬場|新大久保,高田馬場駅,高田馬場駅,557.0,高田馬場駅,487.2,station_distance,haversine:高田馬場駅(≤1200m),20,+20(rental=1),0,1
高田馬場駅のレンタルダンススタジオおすすめ,駅,A,ダンスアンジェロ,〒169-0051 東京都新宿区西早稲田３丁目５-１３ 大永西早稲田ビル １F,,0,新宿,新宿|西新宿|高田馬場|新大久保,高田馬場駅,高田馬場駅,1184.0,高田馬場駅,1161.2,station_distance,haversine:高田馬場駅(≤1200m),20,+20(rental=1),0,1
高田馬場駅のレンタルダンススタジオおすすめ,駅,A,ダンススペース ベースオントップ高田馬場店,〒169-0075 東京都新宿区高田馬場１丁目３３-１４ サンフラワービル 3F,,0,新宿,新宿|西新宿|高田馬場|新大久保,高田馬場駅,高田馬場駅|新大久保駅,120.0,高田馬場駅,187.2,station_distance,haversine:高田馬場駅(≤1200m),20,+20(rental=1),0,1
高田馬場駅のレンタルダンススタジオおすすめ,駅,A,"in the house / Mejiro ""Attic""",〒171-0031 東京都豊島区目白３丁目１-３４ 2F,,0,池袋,池袋|目白|大塚|巣鴨,高田馬場駅,高田馬場駅|池袋駅,873.0,高田馬場駅,801.0,station_distance,haversine:高田馬場駅(≤1200m),20,+20(rental=1),0,1
高田馬場駅のレンタルダンススタジオおすすめ,駅,A,スタジオジパング 目白スタジオPRO,〒171-0031 東京都豊島区目白３ 5-13 地下1階,,0,池袋,池袋|目白|大塚|巣鴨,池袋駅,池袋駅|高田馬場駅,887.0,高田馬場駅,1045.3,station_distance,haversine:高田馬場駅(≤1200m),20,+20(rental=1),0,1
高田馬場駅のレンタルダンススタジオおすすめ,駅,A,モダミカ アートプラザ,〒169-0075 東京都新宿区高田馬場１丁目３４-１２,,0,新宿,新宿|西新宿|高田馬場|新大久保,高田馬場駅,高田馬場駅,50.0,高田馬場駅,103.8,station_distance,haversine:高田馬場駅(≤1200m),20,+20(rental=1),0,1
高田馬場駅のレンタルダンススタジオおすすめ,駅,A,ラ・ダンサフラメンコスタジオ,〒169-0075 東京都新宿区高田馬場４丁目８-２,,0,新宿,新宿|西新宿|高田馬場|新大久保,高田馬場駅,高田馬場駅,133.0,高田馬場駅,88.8,station_distance,haversine:高田馬場駅(≤1200m),20,+20(rental=1),0,1
高田馬場駅のレンタルダンススタジオおすすめ,駅,A,レンタルスタジオ HIKARI 高田馬場,〒169-0075 東京都新宿区高田馬場４丁目４-１ M-haus B.L.D 3階,,0,新宿,新宿|西新宿|高田馬場|新大久保,高田馬場駅,高田馬場駅,67.0,高田馬場駅,133.0,station_distance,haversine:高田馬場駅(≤1200m),50,+20(rental=1)|+30(レンタルスタジオ),0,1
高田馬場駅のレンタルダンススタジオおすすめ,駅,A,演劇稽古場ファンファーレレンタルスタジオ高田馬場,〒169-0075 東京都新宿区高田馬場１丁目２１-４ 第５三池ビル B１F,,0,新宿,新宿|西新宿|高田馬場|新大久保,高田馬場駅,高田馬場駅|新大久保駅,337.0,高田馬場駅,399.5,station_distance,haversine:高田馬場駅(≤1200m),50,+20(rental=1)|+30(レンタルスタジオ),0,1
高田馬場駅のレンタルダンススタジオおすすめ,駅,A,高田馬場 ペガサス,〒171-0033 東京都豊島区高田３丁目１３-８ 吉見ビル 2F,,0,池袋,池袋|目白|大塚|巣鴨,高田馬場駅,高田馬場駅,368.0,高田馬場駅,296.0,station_distance,haversine:高田馬場駅(≤1200m),20,+20(rental=1),0,1
高田馬場駅のレンタルダンススタジオおすすめ,駅,A,松井亜希子 バレエスタジオ,〒169-0051 東京都新宿区西早稲田２丁目１０-２,,0,新宿,新宿|西新宿|高田馬場|新大久保,高田馬場駅,高田馬場駅,1009.0,高田馬場駅,1013.5,station_distance,haversine:高田馬場駅(≤1200m),20,+20(rental=1),0,1
高田馬場駅のレンタルダンススタジオおすすめ,駅,A,目白の杜studio,〒161-0033 東京都新宿区下落合３丁目２０-１１,,0,新宿,新宿|西新宿|高田馬場|新大久保,池袋駅,池袋駅,990.0,高田馬場駅,1157.8,station_distance,haversine:高田馬場駅(≤1200m),20,+20(rental=1),0,1
高田馬場駅のレンタルダンススタジオおすすめ,駅,A,レンタルスタジオAivic高田馬場,東京都新宿区高田馬場1-31-8 高田馬場ダイカンプラザ1007,https://dance-studio-lab.com/room/M2JhMTAxM2EtZmMxNi00ODUwLTllNjUtNWQ4OTY3NmE2MWZj/detail,1,新宿,新宿,高田馬場駅,高田馬場駅|西早稲田駅|下落合駅|新大久保駅|面影橋駅|学習院下駅|大久保駅|目白駅|東新宿駅|雑司が谷駅,278.0,高田馬場駅,317.6,station_distance,haversine:高田馬場駅(≤1200m),80,+30(dslurl)|+20(rental=1)|+30(レンタルスタジオ),0,1
高田馬場駅のレンタルダンススタジオおすすめ,駅,A,Dubwayレンタルスタジオ大久保,東京都新宿区百人町3-15-8,https://dance-studio-lab.com/room/YTIzMjllOTEtNzlhMy00YjBiLTgwMDctMGNhMDNkOTgwNDFh/detail,1,新宿,新宿,新大久保駅,新大久保駅|大久保駅|高田馬場駅|西早稲田駅|下落合駅|落合駅|西武新宿駅|東中野駅|東新宿駅|中井駅,660.0,高田馬場駅,849.9,station_distance,haversine:高田馬場駅(≤1200m),80,+30(dslurl)|+20(rental=1)|+30(レンタルスタジオ),0,1
三軒茶屋駅のレンタルダンススタジオおすすめ,駅,B,レンタルスタジオマイレッスン 三軒茶屋店,〒154-0024 東京都世田谷区三軒茶屋１丁目３０-９,,0,下北沢,下北沢|三軒茶屋|二子玉川|自由が丘,三軒茶屋駅,三軒茶屋駅,235.0,三軒茶屋駅,,primary_station_dist,primary_station:三軒茶屋駅(≤1200m),50,+20(rental=1)|+30(レンタルスタジオ),0,1
三軒茶屋駅のレンタルダンススタジオおすすめ,駅,B,STUDIO ELEVATE スタジオエレベート,〒154-0024 東京都世田谷区三軒茶屋２丁目１１-２４ サンタワーズＡ 棟401,,0,下北沢,下北沢|三軒茶屋|二子玉川|自由が丘,三軒茶屋駅,三軒茶屋駅,265.0,三軒茶屋駅,,primary_station_dist,primary_station:三軒茶屋駅(≤1200m),20,+20(rental=1),0,1
三軒茶屋駅のレンタルダンススタジオおすすめ,駅,B,スタジオR&Y,〒154-0011 東京都世田谷区上馬２丁目３１-１３ フラワーホーム102,,0,下北沢,下北沢|三軒茶屋|二子玉川|自由が丘,三軒茶屋駅,三軒茶屋駅,624.0,三軒茶屋駅,,primary_station_dist,primary_station:三軒茶屋駅(≤1200m),20,+20(rental=1),0,1
三軒茶屋駅のレンタルダンススタジオおすすめ,駅,B,スタジオアニマーダ,〒154-0024 東京都世田谷区三軒茶屋１丁目１６-８,,0,下北沢,下北沢|三軒茶屋|二子玉川|自由が丘,三軒茶屋駅,三軒茶屋駅,423.0,三軒茶屋駅,,primary_station_dist,primary_station:三軒茶屋駅(≤1200m),20,+20(rental=1),0,1
三軒茶屋駅のレンタルダンススタジオおすすめ,駅,B,スタジオマーティ 駒沢大学 / STUDIO marty Komazawa,〒154-0011 東京都世田谷区上馬２丁目２-５ ２F,,0,下北沢,下北沢|三軒茶屋|二子玉川|自由が丘,三軒茶屋駅,三軒茶屋駅,973.0,三軒茶屋駅,,primary_station_dist,primary_station:三軒茶屋駅(≤1200m),20,+20(rental=1),0,1
三軒茶屋駅のレンタルダンススタジオおすすめ,駅,B,ポールダンススタジオ Grace A,〒154-0024 東京都世田谷区三軒茶屋２丁目１４-１２ 三元ビル 403,,0,下北沢,下北沢|三軒茶屋|二子玉川|自由が丘,三軒茶屋駅,三軒茶屋駅,63.0,三軒茶屋駅,,primary_station_dist,primary_station:三軒茶屋駅(≤1200m),45,+20(rental=1)|+25(ダンススタジオ),0,1
三軒茶屋駅のレンタルダンススタジオおすすめ,駅,B,レンタルスタジオ KeikoBa P,〒154-0004 東京都世田谷区太子堂２丁目３０-５ 地下一階,,0,下北沢,下北沢|三軒茶屋|二子玉川|自由が丘,三軒茶屋駅,三軒茶屋駅,408.0,三軒茶屋駅,,primary_station_dist,primary_station:三軒茶屋駅(≤1200m),50,+20(rental=1)|+30(レンタルスタジオ),0,1
三軒茶屋駅のレンタルダンススタジオおすすめ,駅,B,駒沢ダンスガーデン,〒154-0011 東京都世田谷区上馬３丁目７-８,,0,下北沢,下北沢|三軒茶屋|二子玉川|自由が丘,三軒茶屋駅,三軒茶屋駅,1165.0,三軒茶屋駅,,primary_station_dist,primary_station:三軒茶屋駅(≤1200m),20,+20(rental=1),0,1
三軒茶屋駅のレンタルダンススタジオおすすめ,駅,B,三軒茶屋リーフスタジオ,〒154-0004 東京都世田谷区太子堂３丁目１４-８ 太子堂COMPLEX 3F 300号室,,0,下北沢,下北沢|三軒茶屋|二子玉川|自由が丘,三軒茶屋駅,三軒茶屋駅,385.0,三軒茶屋駅,,primary_station_dist,primary_station:三軒茶屋駅(≤1200m),20,+20(rental=1),0,1
三鷹駅のレンタルダンススタジオおすすめ,駅,B,emotionS Dance Studio,〒180-0006 東京都武蔵野市中町１丁目２５-１０ 三祐ビル B1F,,0,吉祥寺,吉祥寺,三鷹駅,三鷹駅,220.0,三鷹駅,239.1,station_distance,haversine:三鷹駅(≤1200m),45,+20(rental=1)|+25(ダンススタジオ),0,1
三鷹駅のレンタルダンススタジオおすすめ,駅,B,レンタルスタジオOLI（オリ） 三鷹 ［定員30名 教室レッスン、スポットレンタルできます］,〒180-0013 東京都武蔵野市西久保２丁目１-１０ Ｙ’Ｓビル B１ ワイズビル,,0,吉祥寺,吉祥寺,三鷹駅,三鷹駅,628.0,三鷹駅,561.7,station_distance,haversine:三鷹駅(≤1200m),30,+20(rental=1)|+30(レンタルスタジオ)|+20(web)|-40(教室),0,1
三鷹駅のレンタルダンススタジオおすすめ,駅,B,三鷹RI劇場(旧名三鷹RIスタジオ),〒181-0013 東京都三鷹市下連雀３丁目 榎本ビル 地下1階,,0,三鷹,三鷹,三鷹駅,三鷹駅,235.0,三鷹駅,319.5,station_distance,haversine:三鷹駅(≤1200m),20,+20(rental=1),0,1
三鷹駅のレンタルダンススタジオおすすめ,駅,B,三鷹レンタルスタジオRin,〒181-0013 東京都三鷹市下連雀３丁目２３-１２ アージェントビル 402,,0,三鷹,三鷹,三鷹駅,三鷹駅,165.0,三鷹駅,248.7,station_distance,haversine:三鷹駅(≤1200m),50,+20(rental=1)|+30(レンタルスタジオ),0,1
三鷹駅のレンタルダンススタジオおすすめ,駅,B,吉祥寺 三鷹 モリノスタジオ,〒181-0013 東京都三鷹市下連雀１丁目１７-４ GRATO井の頭公園 2F,,0,三鷹,三鷹,三鷹駅,三鷹駅|吉祥寺駅,923.0,三鷹駅,996.5,station_distance,haversine:三鷹駅(≤1200m),20,+20(rental=1),0,1
三鷹駅のレンタルダンススタジオおすすめ,駅,B,三鷹イレブン会館 永谷ダンススタジオ 貸会議室,〒180-0006 東京都武蔵野市中町２丁目１３-１,,0,吉祥寺,吉祥寺,三鷹駅,三鷹駅,397.0,三鷹駅,377.4,station_distance,haversine:三鷹駅(≤1200m),45,+20(rental=1)|+25(ダンススタジオ),0,1
下北沢駅のレンタルダンススタジオおすすめ,駅,B,BRONX RENTAL STUDIO,〒155-0031 東京都世田谷区北沢２丁目５-１０,,0,下北沢,下北沢|三軒茶屋|二子玉川|自由が丘,下北沢駅,下北沢駅,106.0,下北沢駅,,primary_station_dist,primary_station:下北沢駅(≤1200m),50,+20(rental=1)|+30(レンタルスタジオ),0,1
下北沢駅のレンタルダンススタジオおすすめ,駅,B,ダンススタジオ・レンタルスタジオ_DANCE SPACE 365,〒156-0041 東京都世田谷区大原１丁目２４-４ ローザ新代田 B1-2号室,,0,下北沢,下北沢|三軒茶屋|二子玉川|自由が丘,下北沢駅,下北沢駅,869.0,下北沢駅,,primary_station_dist,primary_station:下北沢駅(≤1200m),50,+20(rental=1)|+30(レンタルスタジオ),0,1
下北沢駅のレンタルダンススタジオおすすめ,駅,B,スタジオセンティード Studio SENTIDO（レンタルスタジオ）,〒155-0031 東京都世田谷区北沢２丁目１８-５ 地下１階,,0,下北沢,下北沢|三軒茶屋|二子玉川|自由が丘,下北沢駅,下北沢駅,253.0,下北沢駅,,primary_station_dist,primary_station:下北沢駅(≤1200m),70,+20(rental=1)|+30(レンタルスタジオ)|+20(web),0,1
下北沢駅のレンタルダンススタジオおすすめ,駅,B,池ノ上道場 / 池ノ上スタジオ Ikenoue-dojo/Ikenoue studio,〒155-0032 東京都世田谷区代沢２丁目４８-２１ ２階,,0,下北沢,下北沢|三軒茶屋|二子玉川|自由が丘,下北沢駅,下北沢駅,520.0,下北沢駅,,primary_station_dist,primary_station:下北沢駅(≤1200m),20,+20(rental=1),0,1
下北沢駅のレンタルダンススタジオおすすめ,駅,B,アリスト バレエスタジオ,〒155-0031 東京都世田谷区北沢２丁目９-２１ ミナミ10号館ビル 4階,,0,下北沢,下北沢|三軒茶屋|二子玉川|自由が丘,下北沢駅,下北沢駅,51.0,下北沢駅,,primary_station_dist,primary_station:下北沢駅(≤1200m),20,+20(rental=1),0,1
下北沢駅のレンタルダンススタジオおすすめ,駅,B,スタジオハクーロ,〒155-0032 東京都世田谷区代沢２丁目４６ 三宅ビル,,0,下北沢,下北沢|三軒茶屋|二子玉川|自由が丘,下北沢駅,下北沢駅,379.0,下北沢駅,,primary_station_dist,primary_station:下北沢駅(≤1200m),20,+20(rental=1),0,1
下北沢駅のレンタルダンススタジオおすすめ,駅,B,スタジオルゥ,〒155-0031 東京都世田谷区北沢１丁目３９-７ ＳＡビル 2F N,,0,下北沢,下北沢|三軒茶屋|二子玉川|自由が丘,下北沢駅,下北沢駅,90.0,下北沢駅,,primary_station_dist,primary_station:下北沢駅(≤1200m),20,+20(rental=1),0,1
下北沢駅のレンタルダンススタジオおすすめ,駅,B,ピアノスタジオノア 下北沢店,〒155-0031 東京都世田谷区北沢２丁目３４-８,,0,下北沢,下北沢|三軒茶屋|二子玉川|自由が丘,下北沢駅,下北沢駅,201.0,下北沢駅,,primary_station_dist,primary_station:下北沢駅(≤1200m),20,+20(rental=1),0,1
下北沢駅のレンタルダンススタジオおすすめ,駅,B,演劇舞台稽古場 ファンファーレレンタルスタジオ代田環七（撮影レンタルスタジオとしても利用可）,〒156-0041 東京都世田谷区大原１丁目２３-１５ 三京ビル ６F,,0,下北沢,下北沢|三軒茶屋|二子玉川|自由が丘,下北沢駅,下北沢駅,949.0,下北沢駅,,primary_station_dist,primary_station:下北沢駅(≤1200m),50,+20(rental=1)|+30(レンタルスタジオ),0,1
下北沢駅のレンタルダンススタジオおすすめ,駅,B,下北沢 ヴィンテージスタジオ,〒155-0031 東京都世田谷区北沢２丁目２６-５ 伊澤ビル 3F,,0,下北沢,下北沢|三軒茶屋|二子玉川|自由が丘,下北沢駅,下北沢駅,259.0,下北沢駅,,primary_station_dist,primary_station:下北沢駅(≤1200m),20,+20(rental=1),0,1
下北沢駅のレンタルダンススタジオおすすめ,駅,B,田中美穂フラメンコスタジオ,〒155-0031 東京都世田谷区北沢４丁目３-２３,,0,下北沢,下北沢|三軒茶屋|二子玉川|自由が丘,下北沢駅,下北沢駅,661.0,下北沢駅,,primary_station_dist,primary_station:下北沢駅(≤1200m),20,+20(rental=1),0,1
国分寺駅のレンタルダンススタジオおすすめ,駅,B,BUZZ レンタルスタジオ 西国分寺店,〒185-0024 東京都国分寺市泉町３丁目３７-２５ 天龍ビル B1,https://dance-studio-lab.com/room/ZDcyMzBmZWYtMzdiYS00YjY0LThmOGEtZDJjMzQxNTVlZDA2/detail,1,国分寺,国分寺,西国分寺駅,西国分寺駅|恋ヶ窪駅|国分寺駅|国立駅,117.0,国分寺駅,1446.5,candidate_stations_fallback,candidate_station_fallback:国分寺駅,80,+30(dslurl)|+20(rental=1)|+30(レンタルスタジオ),0,1
国分寺駅のレンタルダンススタジオおすすめ,駅,B,BUZZ レンタルスタジオ 国分寺店,〒185-0021 東京都国分寺市南町３丁目２７-７ 白馬ビル B1F,https://dance-studio-lab.com/room/ZjIzMWQ0ZjctM2ViOC00Yzg1LWExMzMtMGFkZDYwYzg1Mjhj/detail,1,国分寺,国分寺,国分寺駅,国分寺駅,334.0,国分寺駅,296.4,station_distance,haversine:国分寺駅(≤1200m),80,+30(dslurl)|+20(rental=1)|+30(レンタルスタジオ),0,1
国分寺駅のレンタルダンススタジオおすすめ,駅,B,レンタルスタジオクラッセ国分寺,〒185-0021 東京都国分寺市南町３丁目１８-２ 川端ビル ４階A,,0,国分寺,国分寺,国分寺駅,国分寺駅,179.0,国分寺駅,140.7,station_distance,haversine:国分寺駅(≤1200m),50,+20(rental=1)|+30(レンタルスタジオ),0,1
国分寺駅のレンタルダンススタジオおすすめ,駅,B,Studio EFU（スタジオ エフ）,〒185-0012 東京都国分寺市本町２丁目２-１１ 鳥越ビル Ｂ１,,0,国分寺,国分寺,国分寺駅,国分寺駅,124.0,国分寺駅,160.2,station_distance,haversine:国分寺駅(≤1200m),20,+20(rental=1),0,1
国分寺駅のレンタルダンススタジオおすすめ,駅,B,Studio Landin' 国分寺校,〒185-0021 東京都国分寺市南町３丁目２２-３１ 島崎ビルB1F,,0,国分寺,国分寺,国分寺駅,国分寺駅,254.0,国分寺駅,213.8,station_distance,haversine:国分寺駅(≤1200m),20,+20(rental=1),0,1
国分寺駅のレンタルダンススタジオおすすめ,駅,B,Tap Dance Company Freiheit,〒185-0011 東京都国分寺市本多１丁目１-２０ Cross Stair B,,0,国分寺,国分寺,国分寺駅,国分寺駅,413.0,国分寺駅,453.1,station_distance,haversine:国分寺駅(≤1200m),20,+20(rental=1),0,1
国分寺駅のレンタルダンススタジオおすすめ,駅,B,スタジオ ノバック,〒185-0021 東京都国分寺市南町２丁目１７-７ B.C.B TAKURA 3F,,0,国分寺,国分寺,国分寺駅,国分寺駅,235.0,国分寺駅,253.2,station_distance,haversine:国分寺駅(≤1200m),20,+20(rental=1),0,1
国分寺駅のレンタルダンススタジオおすすめ,駅,B,スタジオＰＯＰ,〒185-0022 東京都国分寺市東元町２丁目２０-１１ アーバンコア,,0,国分寺,国分寺,国分寺駅,国分寺駅,451.0,国分寺駅,425.9,station_distance,haversine:国分寺駅(≤1200m),20,+20(rental=1),0,1
国分寺駅のレンタルダンススタジオおすすめ,駅,B,スタジオベルゼ-Studio Verger-,〒185-0021 東京都国分寺市南町２丁目１３-５ 地下1F ベルゼ国分寺,,0,国分寺,国分寺,国分寺駅,国分寺駅,318.0,国分寺駅,307.1,station_distance,haversine:国分寺駅(≤1200m),20,+20(rental=1),0,1
国分寺駅のレンタルダンススタジオおすすめ,駅,B,宮地楽器 国分寺センター,〒185-0021 東京都国分寺市南町３丁目１２-２ 国分寺宮地ビル,,0,国分寺,国分寺,国分寺駅,国分寺駅,316.0,国分寺駅,281.5,station_distance,haversine:国分寺駅(≤1200m),20,+20(rental=1),0,1
国分寺駅のレンタルダンススタジオおすすめ,駅,B,国分寺 プレイス レンタルスタジオ,〒185-0021 東京都国分寺市南町３丁目３-２０ ロイヤルプレイス南町 B1,,0,国分寺,国分寺,国分寺駅,国分寺駅,404.0,国分寺駅,364.6,station_distance,haversine:国分寺駅(≤1200m),50,+20(rental=1)|+30(レンタルスタジオ),0,1
学芸大学駅のレンタルダンススタジオおすすめ,駅,B,Dancing Appaloosa ダンシング アパルーサ,〒152-0004 東京都目黒区鷹番３丁目４-１９ 江連ビル 3階 イズミダンススクール内,,0,中目黒,中目黒,学芸大学駅,学芸大学駅,53.0,学芸大学駅,,primary_station_dist,primary_station:学芸大学駅(≤1200m),20,+20(rental=1),0,1
学芸大学駅のレンタルダンススタジオおすすめ,駅,B,スタジオエイル,〒153-0053 東京都目黒区五本木３丁目１８-７ 第２飯島ビル,,0,中目黒,中目黒,学芸大学駅,学芸大学駅,365.0,学芸大学駅,,primary_station_dist,primary_station:学芸大学駅(≤1200m),20,+20(rental=1),0,1
学芸大学駅のレンタルダンススタジオおすすめ,駅,B,スタジオフラップ,〒152-0003 東京都目黒区碑文谷５丁目１４-１３,,0,中目黒,中目黒,学芸大学駅,学芸大学駅,735.0,学芸大学駅,,primary_station_dist,primary_station:学芸大学駅(≤1200m),20,+20(rental=1),0,1
学芸大学駅のレンタルダンススタジオおすすめ,駅,B,ノアスタジオ 学芸大店,〒152-0003 東京都目黒区碑文谷５丁目２５-１０ 1F?7F ノアビル２２,,0,中目黒,中目黒,学芸大学駅,学芸大学駅,753.0,学芸大学駅,,primary_station_dist,primary_station:学芸大学駅(≤1200m),20,+20(rental=1),0,1
学芸大学駅のレンタルダンススタジオおすすめ,駅,B,祐天寺 キッズダンス！ Navilla Dance School,〒153-0052 東京都目黒区祐天寺２丁目１５-１６,,0,中目黒,中目黒,学芸大学駅,学芸大学駅,940.0,学芸大学駅,,primary_station_dist,primary_station:学芸大学駅(≤1200m),20,+20(rental=1),0,1
学芸大学駅のレンタルダンススタジオおすすめ,駅,B,溶岩ホットヨガ LaLa Aasha（ララアーシャ）学芸大学,〒152-0004 東京都目黒区鷹番２丁目２０-６ Kh.01 3F,,0,中目黒,中目黒,学芸大学駅,学芸大学駅,154.0,学芸大学駅,,primary_station_dist,primary_station:学芸大学駅(≤1200m),20,+20(rental=1),0,1
日暮里駅のレンタルダンススタジオおすすめ,駅,B,I.G.Oスタジオ,"4F, ３丁目-５-１ 西日暮里 荒川区 東京都 116-0013",,0,日暮里,日暮里,日暮里駅,日暮里駅,619.0,日暮里駅,625.8,station_distance,haversine:日暮里駅(≤1200m),20,+20(rental=1),0,1
日暮里駅のレンタルダンススタジオおすすめ,駅,B,ミライスタジオ上野,〒110-0003 東京都台東区根岸１丁目５-１３,,0,上野,上野|浅草|御徒町|蔵前,日暮里駅,日暮里駅|上野駅,943.0,日暮里駅,931.2,station_distance,haversine:日暮里駅(≤1200m),20,+20(rental=1),0,1
日暮里駅のレンタルダンススタジオおすすめ,駅,B,BUZZ レンタルスタジオ 上野店,〒110-0003 東京都台東区根岸３丁目６-３ 小林ビル 地下1階,,0,上野,上野|浅草|御徒町|蔵前,上野駅,上野駅|日暮里駅,975.0,日暮里駅,1011.2,station_distance,haversine:日暮里駅(≤1200m),50,+20(rental=1)|+30(レンタルスタジオ),0,1
日暮里駅のレンタルダンススタジオおすすめ,駅,B,あおちゃんダンスコミュニケーション サルサダンス ブラジルダンス 認知症予防ダンス,〒110-0003 東京都台東区根岸２丁目１２-１１,,0,上野,上野|浅草|御徒町|蔵前,日暮里駅,日暮里駅,726.0,日暮里駅,710.0,station_distance,haversine:日暮里駅(≤1200m),20,+20(rental=1),0,1
日暮里駅のレンタルダンススタジオおすすめ,駅,B,スタジオHIKARI 上野,〒110-0003 東京都台東区根岸１丁目１-１５ ルンビニフードカフェ鶯谷店 4階,,0,上野,上野|浅草|御徒町|蔵前,上野駅,上野駅|日暮里駅,822.0,日暮里駅,1158.6,station_distance,haversine:日暮里駅(≤1200m),20,+20(rental=1),0,1
日暮里駅のレンタルダンススタジオおすすめ,駅,B,スタジオWITHテライダンスカンパニー,〒116-0014 東京都荒川区東日暮里６丁目４５-３ ハイウエストビル3F ハイウエストビル,,0,日暮里,日暮里,日暮里駅,日暮里駅,426.0,日暮里駅,395.9,station_distance,haversine:日暮里駅(≤1200m),20,+20(rental=1),0,1
日暮里駅のレンタルダンススタジオおすすめ,駅,B,スタジオプレステージ 根津スタジオ,〒110-0001 東京都台東区谷中２丁目６-５０,,0,上野,上野|浅草|御徒町|蔵前,日暮里駅,日暮里駅,834.0,日暮里駅,862.4,station_distance,haversine:日暮里駅(≤1200m),20,+20(rental=1),0,1
日暮里駅のレンタルダンススタジオおすすめ,駅,B,スタジオよもだ A館,〒110-0003 東京都台東区１２ 根岸2丁目12-11 スタジオよもだ,,0,上野,上野|浅草|御徒町|蔵前,日暮里駅,日暮里駅,722.0,日暮里駅,706.7,station_distance,haversine:日暮里駅(≤1200m),20,+20(rental=1),0,1
日暮里駅のレンタルダンススタジオおすすめ,駅,B,スタジオよもだB館,〒110-0003 東京都台東区根岸２丁目１７-１,,0,上野,上野|浅草|御徒町|蔵前,日暮里駅,日暮里駅|上野駅,744.0,日暮里駅,728.5,station_distance,haversine:日暮里駅(≤1200m),20,+20(rental=1),0,1
日暮里駅のレンタルダンススタジオおすすめ,駅,B,BUZZ レンタルスタジオ 日暮里店,〒116-0014 東京都荒川区東日暮里６丁目６０-９ 日暮里駅前ビル B1F,,0,日暮里,日暮里,日暮里駅,日暮里駅,151.0,日暮里駅,120.8,station_distance,haversine:日暮里駅(≤1200m),50,+20(rental=1)|+30(レンタルスタジオ),0,1
日暮里駅のレンタルダンススタジオおすすめ,駅,B,BUZZ レンタルスタジオ 西日暮里店,〒116-0013 東京都荒川区西日暮里５丁目２４-２ Ｋ．Ｉビル 地下1階,,0,日暮里,日暮里,日暮里駅,日暮里駅,595.0,日暮里駅,596.2,station_distance,haversine:日暮里駅(≤1200m),50,+20(rental=1)|+30(レンタルスタジオ),0,1
日暮里駅のレンタルダンススタジオおすすめ,駅,B,スタジオＲ,〒110-0001 東京都台東区谷中２丁目８-１２,,0,上野,上野|浅草|御徒町|蔵前,日暮里駅,日暮里駅,757.0,日暮里駅,786.0,station_distance,haversine:日暮里駅(≤1200m),20,+20(rental=1),0,1
日暮里駅のレンタルダンススタジオおすすめ,駅,B,長谷川政義ダンスワールド,〒116-0013 東京都荒川区西日暮里６丁目４７-８ サンライズ21 2F,,0,日暮里,日暮里,日暮里駅,日暮里駅,926.0,日暮里駅,918.4,station_distance,haversine:日暮里駅(≤1200m),20,+20(rental=1),0,1
日暮里駅のレンタルダンススタジオおすすめ,駅,B,白樺ドレス,〒116-0013 東京都荒川区西日暮里５丁目１４-１ 太陽ビル 2F,,0,日暮里,日暮里,日暮里駅,日暮里駅,603.0,日暮里駅,602.7,station_distance,haversine:日暮里駅(≤1200m),20,+20(rental=1),0,1
日暮里駅のレンタルダンススタジオおすすめ,駅,B,日暮里リーダンススタジオ,東京都荒川区西日暮里2-29-6秋山ビル301,https://dance-studio-lab.com/room/MjAxNTcyNmItYmQ2Ny00MmEzLWIyNjktODFkZmYxNGJiOTVh/detail,1,日暮里,日暮里,日暮里駅,日暮里駅|西日暮里駅|三河島駅|新三河島駅|千駄木駅|鶯谷駅|田端駅|荒川区役所前駅|赤土小学校前駅|根津駅,232.0,日暮里駅,237.0,station_distance,haversine:日暮里駅(≤1200m),75,+30(dslurl)|+20(rental=1)|+25(ダンススタジオ),0,1
池尻大橋駅のレンタルダンススタジオおすすめ,駅,B,Dance Studio Linda 中目黒,〒153-0043 東京都目黒区東山１丁目４-１３ ASA東山ビル １F,,0,中目黒,中目黒,池尻大橋駅,池尻大橋駅,1023.0,池尻大橋駅,,primary_station_dist,primary_station:池尻大橋駅(≤1200m),45,+20(rental=1)|+25(ダンススタジオ),0,1
池尻大橋駅のレンタルダンススタジオおすすめ,駅,B,Studio B,〒153-0041 東京都目黒区駒場３丁目５-６,,0,中目黒,中目黒,池尻大橋駅,池尻大橋駅,859.0,池尻大橋駅,,primary_station_dist,primary_station:池尻大橋駅(≤1200m),20,+20(rental=1),0,1
池尻大橋駅のレンタルダンススタジオおすすめ,駅,B,池尻大橋レンタルスタジオY3,〒153-0043 東京都目黒区東山３丁目１-１９ メゾン池尻大橋 M.I.O Bldg 305,,0,中目黒,中目黒,池尻大橋駅,池尻大橋駅,173.0,池尻大橋駅,,primary_station_dist,primary_station:池尻大橋駅(≤1200m),50,+20(rental=1)|+30(レンタルスタジオ),0,1
池尻大橋駅のレンタルダンススタジオおすすめ,駅,B,株式会社expg family,〒153-0043 東京都目黒区東山１丁目２-２ 目黒東山スクエアビル 4F,,0,中目黒,中目黒,池尻大橋駅,池尻大橋駅,886.0,池尻大橋駅,,primary_station_dist,primary_station:池尻大橋駅(≤1200m),20,+20(rental=1),0,1
池尻大橋駅のレンタルダンススタジオおすすめ,駅,B,駒場アートワークス,〒153-0041 東京都目黒区駒場２丁目１２-２,,0,中目黒,中目黒,池尻大橋駅,池尻大橋駅,777.0,池尻大橋駅,,primary_station_dist,primary_station:池尻大橋駅(≤1200m),20,+20(rental=1),0,1
池尻大橋駅のレンタルダンススタジオおすすめ,駅,B,三軒茶屋 銀杏の葉 レンタルダンススタジオ,〒154-0004 東京都世田谷区太子堂１丁目４-３３ アークビル 3F,,0,下北沢,下北沢|三軒茶屋|二子玉川|自由が丘,池尻大橋駅,池尻大橋駅|三軒茶屋駅,750.0,池尻大橋駅,,primary_station_dist,primary_station:池尻大橋駅(≤1200m),60,+20(rental=1)|+40(レンタルダンス),0,1
自由が丘駅のレンタルダンススタジオおすすめ,駅,B,?JDS 自由が丘のレンタルスタジオ,〒152-0035 東京都目黒区自由が丘１丁目３-２２ JSDスタジオ,,0,中目黒,中目黒,自由が丘駅,自由が丘駅,278.0,自由が丘駅,,primary_station_dist,primary_station:自由が丘駅(≤1200m),50,+20(rental=1)|+30(レンタルスタジオ),0,1
自由が丘駅のレンタルダンススタジオおすすめ,駅,B,CARDIO BARRE JIYUGAOKA (カーディオ・バー 自由が丘店),〒152-0035 東京都目黒区自由が丘２丁目１０-４ ミルシェ自由が丘 5階,,0,中目黒,中目黒,自由が丘駅,自由が丘駅,132.0,自由が丘駅,,primary_station_dist,primary_station:自由が丘駅(≤1200m),20,+20(rental=1),0,1
自由が丘駅のレンタルダンススタジオおすすめ,駅,B,Musa studio《自由が丘レンタルスタジオ》,〒152-0034 東京都目黒区緑が丘２丁目１９-１１,,0,中目黒,中目黒,自由が丘駅,自由が丘駅,531.0,自由が丘駅,,primary_station_dist,primary_station:自由が丘駅(≤1200m),50,+20(rental=1)|+30(レンタルスタジオ),0,1
自由が丘駅のレンタルダンススタジオおすすめ,駅,B,RAISE UP STUDIO 自由が丘 レンタルスタジオ,〒152-0035 東京都目黒区自由が丘１丁目３-22-B1,,0,中目黒,中目黒,自由が丘駅,自由が丘駅,288.0,自由が丘駅,,primary_station_dist,primary_station:自由が丘駅(≤1200m),50,+20(rental=1)|+30(レンタルスタジオ),0,1
自由が丘駅のレンタルダンススタジオおすすめ,駅,B,サン・スタジオ,〒152-0034 東京都目黒区緑が丘２丁目７-８,,0,中目黒,中目黒,自由が丘駅,自由が丘駅,536.0,自由が丘駅,,primary_station_dist,primary_station:自由が丘駅(≤1200m),20,+20(rental=1),0,1
自由が丘駅のレンタルダンススタジオおすすめ,駅,B,スタジオ クロア,〒145-0071 東京都大田区田園調布２丁目４６-３ ライトハウス田園調布 1F,,0,蒲田,蒲田,自由が丘駅,自由が丘駅,1156.0,自由が丘駅,,primary_station_dist,primary_station:自由が丘駅(≤1200m),20,+20(rental=1),0,1
自由が丘駅のレンタルダンススタジオおすすめ,駅,B,スタジオ クロア 第１スタジオ,〒145-0071 東京都大田区田園調布２丁目４６-１６,,0,蒲田,蒲田,自由が丘駅,自由が丘駅,1150.0,自由が丘駅,,primary_station_dist,primary_station:自由が丘駅(≤1200m),20,+20(rental=1),0,1
自由が丘駅のレンタルダンススタジオおすすめ,駅,B,ダンススタジオANGELO★,〒152-0035 東京都目黒区自由が丘２丁目１６-２５ シグナルヒル B1,,0,中目黒,中目黒,自由が丘駅,自由が丘駅,270.0,自由が丘駅,,primary_station_dist,primary_station:自由が丘駅(≤1200m),65,+20(rental=1)|+25(ダンススタジオ)|+20(web),0,1
自由が丘駅のレンタルダンススタジオおすすめ,駅,B,自由が丘 セレナヴィータ レンタルスタジオ,〒152-0035 東京都目黒区自由が丘２丁目３-１２ ２Ｆ－Ｂ セレナヴィータ自由が丘,,0,中目黒,中目黒,自由が丘駅,自由が丘駅,608.0,自由が丘駅,,primary_station_dist,primary_station:自由が丘駅(≤1200m),50,+20(rental=1)|+30(レンタルスタジオ),0,1
自由が丘駅のレンタルダンススタジオおすすめ,駅,B,自由が丘バレエレンタルスタジオ＆ピアノスタジオ 『バレット＆ピアノフォルテ』,〒158-0083 東京都世田谷区奥沢１丁目４４-２ 山里ビル,,0,下北沢,下北沢|三軒茶屋|二子玉川|自由が丘,自由が丘駅,自由が丘駅,1049.0,自由が丘駅,,primary_station_dist,primary_station:自由が丘駅(≤1200m),50,+20(rental=1)|+30(レンタルスタジオ),0,1
自由が丘駅のレンタルダンススタジオおすすめ,駅,B,自由が丘フラスタジオ LAKI ALOHA,〒158-0083 東京都世田谷区奥沢２丁目４５-８,,0,下北沢,下北沢|三軒茶屋|二子玉川|自由が丘,自由が丘駅,自由が丘駅,597.0,自由が丘駅,,primary_station_dist,primary_station:自由が丘駅(≤1200m),20,+20(rental=1),0,1
麻布十番駅のレンタルダンススタジオおすすめ,駅,B,FREEDA LIFESTYLE＋,〒106-0044 東京都港区東麻布１丁目２６-８ プライム東麻布 3F,,0,六本木,六本木|赤坂|麻布|新橋,麻布十番駅,麻布十番駅|浜松町駅|田町駅,921.0,麻布十番駅,,primary_station_dist,primary_station:麻布十番駅(≤1200m),20,+20(rental=1),0,1
麻布十番駅のレンタルダンススタジオおすすめ,駅,B,Irodori麻布十番,〒106-0045 東京都港区麻布十番１丁目５-１ ＹＫビル 4F,,0,六本木,六本木|赤坂|麻布|新橋,麻布十番駅,麻布十番駅|六本木駅,386.0,麻布十番駅,,primary_station_dist,primary_station:麻布十番駅(≤1200m),20,+20(rental=1),0,1
麻布十番駅のレンタルダンススタジオおすすめ,駅,B,JK Studio 赤羽橋,〒106-0044 東京都港区東麻布１丁目１８-７ リヴェールハヤシ B1,,0,六本木,六本木|赤坂|麻布|新橋,麻布十番駅,麻布十番駅|田町駅,749.0,麻布十番駅,,primary_station_dist,primary_station:麻布十番駅(≤1200m),20,+20(rental=1),0,1
麻布十番駅のレンタルダンススタジオおすすめ,駅,B,Z-RAHZ DANCE STUDIO,〒106-0046 東京都港区元麻布１丁目２-２,,0,六本木,六本木|赤坂|麻布|新橋,麻布十番駅,麻布十番駅|六本木駅,192.0,麻布十番駅,,primary_station_dist,primary_station:麻布十番駅(≤1200m),45,+20(rental=1)|+25(ダンススタジオ),0,1
麻布十番駅のレンタルダンススタジオおすすめ,駅,B,シライシダンススタジオ,〒106-0047 東京都港区南麻布５丁目１０-２６ ＯＲＥ広尾ビル ２階,,0,六本木,六本木|赤坂|麻布|新橋,麻布十番駅,麻布十番駅,1112.0,麻布十番駅,,primary_station_dist,primary_station:麻布十番駅(≤1200m),45,+20(rental=1)|+25(ダンススタジオ),0,1
麻布十番駅のレンタルダンススタジオおすすめ,駅,B,タイムズ東京タワースタジオ前,"4 Chome-4 Shibak?en, Minato City, Tokyo 105-0011",,0,その他,その他,麻布十番駅,麻布十番駅|浜松町駅,1030.0,麻布十番駅,,primary_station_dist,primary_station:麻布十番駅(≤1200m),20,+20(rental=1),0,1
麻布十番駅のレンタルダンススタジオおすすめ,駅,B,レンタルスタジオStudioIrodori赤羽橋,〒106-0044 東京都港区東麻布１丁目１８-７ リヴェールハヤシ B1F,,0,六本木,六本木|赤坂|麻布|新橋,麻布十番駅,麻布十番駅|田町駅,749.0,麻布十番駅,,primary_station_dist,primary_station:麻布十番駅(≤1200m),50,+20(rental=1)|+30(レンタルスタジオ),0,1
麻布十番駅のレンタルダンススタジオおすすめ,駅,B,レンタルスタジオStudioIrodori白金高輪店,〒108-0072 東京都港区白金３丁目１-１２ 第2浅野ビル １０１号室,,0,六本木,六本木|赤坂|麻布|新橋,麻布十番駅,麻布十番駅,967.0,麻布十番駅,,primary_station_dist,primary_station:麻布十番駅(≤1200m),50,+20(rental=1)|+30(レンタルスタジオ),0,1
麻布十番駅のレンタルダンススタジオおすすめ,駅,B,レンタルスタジオStudioIrodori麻布十番店,〒106-0045 東京都港区麻布十番１丁目５番１ YKビル 3F,,0,六本木,六本木|赤坂|麻布|新橋,麻布十番駅,麻布十番駅|六本木駅,385.0,麻布十番駅,,primary_station_dist,primary_station:麻布十番駅(≤1200m),50,+20(rental=1)|+30(レンタルスタジオ),0,1
麻布十番駅のレンタルダンススタジオおすすめ,駅,B,広尾ピースオブモダンダンススタジオ,〒106-0047 東京都港区南麻布５丁目１３-１２,,0,六本木,六本木|赤坂|麻布|新橋,麻布十番駅,麻布十番駅,1038.0,麻布十番駅,,primary_station_dist,primary_station:麻布十番駅(≤1200m),45,+20(rental=1)|+25(ダンススタジオ),0,1
麻布十番駅のレンタルダンススタジオおすすめ,駅,B,タイムズ東京タワーサイド第２,〒105-0011 東京都港区芝公園４丁目４,,0,六本木,六本木|赤坂|麻布|新橋,麻布十番駅,麻布十番駅|浜松町駅,954.0,麻布十番駅,,primary_station_dist,primary_station:麻布十番駅(≤1200m),20,+20(rental=1),0,1
麻布十番駅のレンタルダンススタジオおすすめ,駅,B,東京タワーメディアセンター,〒105-0011 東京都港区芝公園４丁目４-７ 東京タワーメディアセンタ 3F,,0,六本木,六本木|赤坂|麻布|新橋,麻布十番駅,麻布十番駅|浜松町駅,992.0,麻布十番駅,,primary_station_dist,primary_station:麻布十番駅(≤1200m),20,+20(rental=1),0,1
南阿佐ケ谷駅のレンタルダンススタジオおすすめ,駅,C,レンタルスタジオOLI,〒166-0004 東京都杉並区阿佐谷南１丁目１５-１４ サンフェリーペ 101号室,,0,高円寺,高円寺,南阿佐ケ谷駅,南阿佐ケ谷駅|阿佐ヶ谷駅|新高円寺駅|高円寺駅|荻窪駅|東高円寺駅,144.0,南阿佐ケ谷駅,,primary_station_dist,primary_station:南阿佐ケ谷駅(≤1200m),70,+20(rental=1)|+30(レンタルスタジオ)|+20(web),0,1
南阿佐ケ谷駅のレンタルダンススタジオおすすめ,駅,C,ソニズレンタルスタジオ南阿佐ヶ谷店,〒166-0015 東京都杉並区成田東５丁目３９-１２ グローリーハイツ南阿佐ケ谷榎本 B1F,,0,高円寺,高円寺,南阿佐ケ谷駅,南阿佐ケ谷駅|阿佐ヶ谷駅|新高円寺駅|荻窪駅|高円寺駅,116.0,南阿佐ケ谷駅,,primary_station_dist,primary_station:南阿佐ケ谷駅(≤1200m),50,+20(rental=1)|+30(レンタルスタジオ),0,1
南阿佐ケ谷駅のレンタルダンススタジオおすすめ,駅,C,TONIC DANCE STUDIO 阿佐ヶ谷,〒166-0004 東京都杉並区阿佐谷南３丁目１-２１ 徳和ビル 地下1階,,0,高円寺,高円寺,南阿佐ケ谷駅,南阿佐ケ谷駅|阿佐ヶ谷駅|新高円寺駅|高円寺駅|荻窪駅,248.0,南阿佐ケ谷駅,,primary_station_dist,primary_station:南阿佐ケ谷駅(≤1200m),45,+20(rental=1)|+25(ダンススタジオ),0,1
南阿佐ケ谷駅のレンタルダンススタジオおすすめ,駅,C,レンタルスタジオ 阿佐ヶ谷リノ,〒166-0015 東京都杉並区成田東５丁目２０-９,,0,高円寺,高円寺,南阿佐ケ谷駅,南阿佐ケ谷駅|阿佐ヶ谷駅|荻窪駅|新高円寺駅|高円寺駅,434.0,南阿佐ケ谷駅,,primary_station_dist,primary_station:南阿佐ケ谷駅(≤1200m),50,+20(rental=1)|+30(レンタルスタジオ),0,1
南阿佐ケ谷駅のレンタルダンススタジオおすすめ,駅,C,ソニズダンススタジオ南阿佐ヶ谷,〒166-0015 東京都杉並区成田東５丁目３９-１２,,0,高円寺,高円寺,南阿佐ケ谷駅,南阿佐ケ谷駅|阿佐ヶ谷駅|新高円寺駅|荻窪駅|高円寺駅,100.0,南阿佐ケ谷駅,,primary_station_dist,primary_station:南阿佐ケ谷駅(≤1200m),45,+20(rental=1)|+25(ダンススタジオ),0,1
四谷三丁目駅のレンタルダンススタジオおすすめ,駅,C,ラシーヌスタジオ,〒160-0004 東京都新宿区四谷４丁目２５-１３ 濱庄ビル B101,,0,新宿,新宿|西新宿|高田馬場|新大久保,四谷三丁目駅,四谷三丁目駅|曙橋駅|新宿御苑前駅|四ツ谷駅|若松河田駅|信濃町駅|牛込柳町駅|国立競技場駅|千駄ケ谷駅|新宿三丁目駅,229.0,四谷三丁目駅,,primary_station_dist,primary_station:四谷三丁目駅(≤1200m),20,+20(rental=1),0,1
四谷三丁目駅のレンタルダンススタジオおすすめ,駅,C,ENCE Rental Studio 四谷三丁目【新宿エリアのレンタルスタジオ】,〒160-0017 東京都新宿区左門町１-１７ アパルトマン 四谷 102,,0,新宿,新宿|西新宿|高田馬場|新大久保,四谷三丁目駅,四谷三丁目駅|曙橋駅|四ツ谷駅|信濃町駅|新宿御苑前駅|国立競技場駅|千駄ケ谷駅|市ケ谷駅|若松河田駅|麹町駅,109.0,四谷三丁目駅,,primary_station_dist,primary_station:四谷三丁目駅(≤1200m),70,+20(rental=1)|+30(レンタルスタジオ)|+20(web),0,1
四谷三丁目駅のレンタルダンススタジオおすすめ,駅,C,Studio sun and moon,〒160-0004 東京都新宿区四谷４丁目１３-５８,,0,新宿,新宿|西新宿|高田馬場|新大久保,四谷三丁目駅,四谷三丁目駅|新宿御苑前駅|曙橋駅|信濃町駅|千駄ケ谷駅|国立競技場駅|新宿三丁目駅|四ツ谷駅|若松河田駅|東新宿駅,302.0,四谷三丁目駅,,primary_station_dist,primary_station:四谷三丁目駅(≤1200m),20,+20(rental=1),0,1
四谷三丁目駅のレンタルダンススタジオおすすめ,駅,C,琉球スタジオCanDokoro,〒160-0007 東京都新宿区荒木町６-４ ラ・ベルロシェ 101,,0,新宿,新宿|西新宿|高田馬場|新大久保,四谷三丁目駅,四谷三丁目駅|曙橋駅|四ツ谷駅|信濃町駅|新宿御苑前駅|牛込柳町駅|市ケ谷駅|若松河田駅|国立競技場駅|麹町駅,295.0,四谷三丁目駅,,primary_station_dist,primary_station:四谷三丁目駅(≤1200m),20,+20(rental=1),0,1
四谷三丁目駅のレンタルダンススタジオおすすめ,駅,C,アルゼンチンタンゴ・ダンス チケ,〒160-0011 東京都新宿区若葉１丁目１-１ 2F,,0,新宿,新宿|西新宿|高田馬場|新大久保,四谷三丁目駅,四谷三丁目駅|曙橋駅|四ツ谷駅|信濃町駅|新宿御苑前駅|国立競技場駅|市ケ谷駅|千駄ケ谷駅|麹町駅|牛込柳町駅,225.0,四谷三丁目駅,,primary_station_dist,primary_station:四谷三丁目駅(≤1200m),20,+20(rental=1),0,1
四谷三丁目駅のレンタルダンススタジオおすすめ,駅,C,スタジオ・ブリエ 四谷,〒160-0008 東京都新宿区四谷三栄町１２-２ 大久保ビル 1階,,0,新宿,新宿|西新宿|高田馬場|新大久保,四谷三丁目駅,四谷三丁目駅|曙橋駅|四ツ谷駅|市ケ谷駅|信濃町駅|麹町駅|牛込柳町駅|新宿御苑前駅|若松河田駅|国立競技場駅,430.0,四谷三丁目駅,,primary_station_dist,primary_station:四谷三丁目駅(≤1200m),20,+20(rental=1),0,1
外苑前駅のレンタルダンススタジオおすすめ,駅,C,dスタ（レンタルスタジオ）,〒107-0062 東京都港区南青山２丁目２４-１５ 青山タワービル 15F,,0,六本木,六本木|赤坂|麻布|新橋,外苑前駅,外苑前駅|青山一丁目駅|表参道駅,68.0,外苑前駅,,primary_station_dist,primary_station:外苑前駅(≤1200m),50,+20(rental=1)|+30(レンタルスタジオ),0,1
外苑前駅のレンタルダンススタジオおすすめ,駅,C,rjspace外苑前駅4番出口,〒107-0062 東京都港区南青山２丁目１４-１７ アートメイク・トキ 美容室内 ジョワレ南青山 第18吉田ビル 2F,,0,六本木,六本木|赤坂|麻布|新橋,外苑前駅,外苑前駅|青山一丁目駅|表参道駅,247.0,外苑前駅,,primary_station_dist,primary_station:外苑前駅(≤1200m),20,+20(rental=1),0,1
外苑前駅のレンタルダンススタジオおすすめ,駅,C,SOUTH MINT STUDIO 南青山,〒107-0062 東京都港区南青山２丁目２７-２０ B1F,,0,六本木,六本木|赤坂|麻布|新橋,外苑前駅,外苑前駅|表参道駅|青山一丁目駅,167.0,外苑前駅,,primary_station_dist,primary_station:外苑前駅(≤1200m),20,+20(rental=1),0,1
外苑前駅のレンタルダンススタジオおすすめ,駅,C,ノートルスタジオ,〒107-0062 東京都港区南青山３丁目５-１ O&K 南青山,,0,六本木,六本木|赤坂|麻布|新橋,外苑前駅,外苑前駅|表参道駅|青山一丁目駅,384.0,外苑前駅,,primary_station_dist,primary_station:外苑前駅(≤1200m),20,+20(rental=1),0,1
外苑前駅のレンタルダンススタジオおすすめ,駅,C,外苑前アイランドスタジオ,〒150-0001 東京都渋谷区神宮前３丁目１-２５ 神宮前Ikビル 2階,,0,渋谷,渋谷|恵比寿|代官山|原宿,外苑前駅,外苑前駅|表参道駅|青山一丁目駅,322.0,外苑前駅,,primary_station_dist,primary_station:外苑前駅(≤1200m),20,+20(rental=1),0,1
外苑前駅のレンタルダンススタジオおすすめ,駅,C,東急スポーツオアシス 青山,"〒107-0061 東京都港区北青山２丁目８-４４, Tepia, B2F",,0,六本木,六本木|赤坂|麻布|新橋,外苑前駅,外苑前駅|青山一丁目駅|表参道駅,332.0,外苑前駅,,primary_station_dist,primary_station:外苑前駅(≤1200m),20,+20(rental=1),0,1
大井町駅のレンタルダンススタジオおすすめ,駅,C,studio opus-スタジオ オープス-,〒140-0014 東京都品川区大井４丁目１-３ TOKOビル B1F,,0,品川,品川|五反田|大井町|目黒,大井町駅,大井町駅,312.0,大井町駅,383.5,station_distance,haversine:大井町駅(≤1200m),20,+20(rental=1),0,1
大井町駅のレンタルダンススタジオおすすめ,駅,C,大井町店 レンタルスペースROOTS,〒140-0014 東京都品川区大井４丁目８-１１ L HOUSE 地下 一階,,0,品川,品川|五反田|大井町|目黒,大井町駅,大井町駅,434.0,大井町駅,509.0,station_distance,haversine:大井町駅(≤1200m),20,+20(rental=1),0,1
大井町駅のレンタルダンススタジオおすすめ,駅,C,ルミエールバレエスタジオ,〒140-0014 東京都品川区大井１丁目３１-１,,0,品川,品川|五反田|大井町|目黒,大井町駅,大井町駅,399.0,大井町駅,432.7,station_distance,haversine:大井町駅(≤1200m),20,+20(rental=1),0,1
大井町駅のレンタルダンススタジオおすすめ,駅,C,山県順子モダンバレエスタジオ,〒140-0014 東京都品川区大井３丁目４-８,,0,品川,品川|五反田|大井町|目黒,大井町駅,大井町駅,419.0,大井町駅,486.3,station_distance,haversine:大井町駅(≤1200m),20,+20(rental=1),0,1
大塚駅のレンタルダンススタジオおすすめ,駅,C,monoダンススタジオ-レンタル,〒304 東京都豊島区北大塚２丁目２-１３ JP 1700004 大塚シャトレー・トーコー 304号室,,0,池袋,池袋|目白|大塚|巣鴨,大塚駅,大塚駅|向原駅|新大塚駅|庚申塚駅|東池袋四丁目駅|巣鴨駅|東池袋駅|新庚申塚駅|都電雑司ヶ谷駅|西巣鴨駅,49.0,大塚駅,,primary_station_dist,primary_station:大塚駅(≤1200m),65,+20(rental=1)|+25(ダンススタジオ)|+20(web),0,1
大塚駅のレンタルダンススタジオおすすめ,駅,C,Dubway レンタルスタジオ大塚,東京都豊島区北大塚2-10-5 BMAビル　B1,https://dance-studio-lab.com/room/ODA1MWRkOGQtODA5Yi00NTRlLWIyNzktZmMyNWFkMTc3ZDY4/detail,1,池袋,池袋,大塚駅,大塚駅|向原駅|庚申塚駅|新庚申塚駅|新大塚駅|巣鴨駅|西巣鴨駅|東池袋四丁目駅|東池袋駅|北池袋駅,241.0,大塚駅,,primary_station_dist,primary_station:大塚駅(≤1200m),80,+30(dslurl)|+20(rental=1)|+30(レンタルスタジオ),0,1
大塚駅のレンタルダンススタジオおすすめ,駅,C,レンタルスタジオAivic大塚,東京都豊島区北大塚2-9-7 豊島電気会館B1,https://dance-studio-lab.com/room/MjU5YzI0ZTUtYzE1MC00ODhmLWI2Y2MtNTk5YTFmMWIwMzZi/detail,1,池袋,池袋,大塚駅,大塚駅|向原駅|庚申塚駅|新庚申塚駅|新大塚駅|西巣鴨駅|巣鴨駅|東池袋四丁目駅|東池袋駅|北池袋駅,274.0,大塚駅,,primary_station_dist,primary_station:大塚駅(≤1200m),80,+30(dslurl)|+20(rental=1)|+30(レンタルスタジオ),0,1
大泉学園駅のレンタルダンススタジオおすすめ,駅,C,ＭＩＫＩバレエスタジオ,〒178-0063 東京都練馬区東大泉３丁目５０-３,,0,練馬,練馬,大泉学園駅,大泉学園駅|保谷駅,602.0,大泉学園駅,,primary_station_dist,primary_station:大泉学園駅(≤1200m),20,+20(rental=1),0,1
大泉学園駅のレンタルダンススタジオおすすめ,駅,C,レキップバレエスタジオ,〒178-0063 東京都練馬区東大泉１丁目３７-５,,0,練馬,練馬,大泉学園駅,大泉学園駅|保谷駅,107.0,大泉学園駅,,primary_station_dist,primary_station:大泉学園駅(≤1200m),20,+20(rental=1),0,1
大泉学園駅のレンタルダンススタジオおすすめ,駅,C,レンタルスタジオ ワンデースタジオ,〒178-0065 東京都練馬区西大泉１ リバーサイド本橋 Ｂ１Ｆ,,0,練馬,練馬,大泉学園駅,大泉学園駅|保谷駅,549.0,大泉学園駅,,primary_station_dist,primary_station:大泉学園駅(≤1200m),50,+20(rental=1)|+30(レンタルスタジオ),0,1
大泉学園駅のレンタルダンススタジオおすすめ,駅,C,大泉学園ノートル,"練馬区東大泉６丁目ー３４－４５ SKビルⅡ ２階 ３４, ３４ 練馬区 東京都 178-0063",,0,練馬,練馬,大泉学園駅,大泉学園駅|保谷駅|石神井公園駅,159.0,大泉学園駅,,primary_station_dist,primary_station:大泉学園駅(≤1200m),20,+20(rental=1),0,1
小岩駅のレンタルダンススタジオおすすめ,駅,C,スタジオ・エルカミーノ,〒133-0057 東京都江戸川区西小岩１丁目１９-３２,,0,西葛西,西葛西,小岩駅,小岩駅|京成小岩駅|江戸川駅,194.0,小岩駅,,primary_station_dist,primary_station:小岩駅(≤1200m),20,+20(rental=1),0,1
小岩駅のレンタルダンススタジオおすすめ,駅,C,スタジオレブローテ,〒133-0052 東京都江戸川区東小岩５丁目４-１４ 小岩セントラルビル,,0,西葛西,西葛西,小岩駅,小岩駅|京成小岩駅|江戸川駅|国府台駅,367.0,小岩駅,,primary_station_dist,primary_station:小岩駅(≤1200m),20,+20(rental=1),0,1
小岩駅のレンタルダンススタジオおすすめ,駅,C,Dubway レンタルスタジオ小岩,東京都江戸川区北小岩1-3-4 102,https://dance-studio-lab.com/room/ZmU2YzI4MzYtZGY2ZC00YmZkLWI5MWItZDg0OTdkOTdmOGI5/detail,1,西葛西,西葛西,小岩駅,小岩駅|京成小岩駅|江戸川駅|国府台駅|新柴又駅,488.0,小岩駅,,primary_station_dist,primary_station:小岩駅(≤1200m),80,+30(dslurl)|+20(rental=1)|+30(レンタルスタジオ),0,1
府中駅のレンタルダンススタジオおすすめ,駅,C,ジムスタジオ IT'S MY TIME府中駅前店,〒183-0023 東京都府中市宮町１丁目23-３ 関口ビル 1階,,0,府中,府中,府中駅,府中駅,505.0,府中駅,705.4,station_distance,haversine:府中駅(≤1200m),20,+20(rental=1),0,1
押上駅のレンタルダンススタジオおすすめ,駅,C,ACCA STUDIO,〒130-0005 東京都墨田区東駒形３丁目１９-１３,,0,錦糸町,錦糸町,押上駅,押上駅|浅草駅|蔵前駅,681.0,押上駅,893.3,station_distance,haversine:押上駅(≤1200m),20,+20(rental=1),0,1
押上駅のレンタルダンススタジオおすすめ,駅,C,Ballet & Dance TRE,〒130-0004 東京都墨田区本所３丁目７-９,,0,錦糸町,錦糸町,押上駅,押上駅|錦糸町駅|蔵前駅,971.0,押上駅,1150.1,station_distance,haversine:押上駅(≤1200m),20,+20(rental=1),0,1
押上駅のレンタルダンススタジオおすすめ,駅,C,Ballet & Dance UNO,〒130-0012 東京都墨田区太平３丁目１９-５ 鈴木ビル 1階,,0,錦糸町,錦糸町,錦糸町駅,錦糸町駅|押上駅,664.0,押上駅,896.7,station_distance,haversine:押上駅(≤1200m),20,+20(rental=1),0,1
押上駅のレンタルダンススタジオおすすめ,駅,C,スタジオジパング 錦糸町スタジオSTANDARD,〒130-0012 東京都墨田区太平３丁目１４-１０ スズキビルディング 1階,,0,錦糸町,錦糸町,錦糸町駅,錦糸町駅|押上駅,547.0,押上駅,1013.9,station_distance,haversine:押上駅(≤1200m),20,+20(rental=1),0,1
押上駅のレンタルダンススタジオおすすめ,駅,C,SORAスタジオ3,〒131-0045 東京都墨田区押上１丁目２９-２ 3,,0,錦糸町,錦糸町,押上駅,押上駅,468.0,押上駅,257.7,station_distance,haversine:押上駅(≤1200m),40,+20(rental=1)|+20(web),0,1
押上駅のレンタルダンススタジオおすすめ,駅,C,studio_MINT 錦糸町,〒130-0012 東京都墨田区太平３丁目１-４,https://dance-studio-lab.com/room/ZDgyZDBlYjYtZWM1YS00MGNhLWI3YjEtZjRmNTEzZmU5NjE4/detail,1,錦糸町,錦糸町,錦糸町駅,錦糸町駅|押上駅,356.0,押上駅,1206.5,candidate_stations_fallback,candidate_station_fallback:押上駅,50,+30(dslurl)|+20(rental=1),0,1
押上駅のレンタルダンススタジオおすすめ,駅,C,押上SORAスタジオ2,〒131-0045 東京都墨田区押上１丁目２５-５ 西原ビル １階,,0,錦糸町,錦糸町,押上駅,押上駅,389.0,押上駅,207.5,station_distance,haversine:押上駅(≤1200m),40,+20(rental=1)|+20(web),0,1
押上駅のレンタルダンススタジオおすすめ,駅,C,押上ＳＯＲＡスタジオ4,〒131-0045 東京都墨田区押上１丁目２８-４ 桐生ビル 1Ｆ,,0,錦糸町,錦糸町,押上駅,押上駅,451.0,押上駅,251.3,station_distance,haversine:押上駅(≤1200m),40,+20(rental=1)|+20(web),0,1
押上駅のレンタルダンススタジオおすすめ,駅,C,押上とうきょうスカイツリーSORAスタジオ,〒131-0045 東京都墨田区押上１丁目１３-１０ ２ 階,,0,錦糸町,錦糸町,押上駅,押上駅,339.0,押上駅,127.2,station_distance,haversine:押上駅(≤1200m),40,+20(rental=1)|+20(web),0,1
押上駅のレンタルダンススタジオおすすめ,駅,C,浅草スタジオ２２６,〒111-0033 東京都台東区花川戸２丁目２-６ エビスビル 7階,,0,上野,上野|浅草|御徒町|蔵前,浅草駅,浅草駅|押上駅,459.0,押上駅,1123.7,station_distance,haversine:押上駅(≤1200m),20,+20(rental=1),0,1
早稲田駅のレンタルダンススタジオおすすめ,駅,C,HARA Studio,〒162-0042 東京都新宿区早稲田町７４-１４ 地下1F S.T ビル,,0,新宿,新宿|西新宿|高田馬場|新大久保,早稲田駅,早稲田駅|牛込柳町駅|若松河田駅|面影橋駅|江戸川橋駅|神楽坂駅|西早稲田駅|牛込神楽坂駅|学習院下駅|曙橋駅,80.0,早稲田駅,,primary_station_dist,primary_station:早稲田駅(≤1200m),20,+20(rental=1),0,1
早稲田駅のレンタルダンススタジオおすすめ,駅,C,バレエアトリエリュミエール,〒169-0051 東京都新宿区西早稲田２丁目３-１ 早稲田奉仕園 奉仕園会館一号館地下一階 You-Iホール,,0,新宿,新宿|西新宿|高田馬場|新大久保,早稲田駅,早稲田駅|面影橋駅|西早稲田駅|若松河田駅|学習院下駅|牛込柳町駅|高田馬場駅|東新宿駅|雑司が谷駅|江戸川橋駅,464.0,早稲田駅,,primary_station_dist,primary_station:早稲田駅(≤1200m),20,+20(rental=1),0,1
江戸川橋駅のレンタルダンススタジオおすすめ,駅,C,Ohana Room Studio新宿,〒162-0801 東京都新宿区山吹町３４４ LOGビル 2F,,0,新宿,新宿|西新宿|高田馬場|新大久保,江戸川橋駅,江戸川橋駅|神楽坂駅|早稲田駅|牛込神楽坂駅|牛込柳町駅|茗荷谷駅|護国寺駅|飯田橋駅|若松河田駅|面影橋駅,281.0,江戸川橋駅,,primary_station_dist,primary_station:江戸川橋駅(≤1200m),20,+20(rental=1),0,1
江戸川橋駅のレンタルダンススタジオおすすめ,駅,C,スペーススタジオ - Fresh!Studio,〒162-0041 東京都新宿区早稲田鶴巻町５７４ ＭＢＳ江戸川橋ビル 5階,,0,新宿,新宿|西新宿|高田馬場|新大久保,江戸川橋駅,江戸川橋駅|早稲田駅|神楽坂駅|護国寺駅|牛込柳町駅|牛込神楽坂駅|茗荷谷駅|面影橋駅|若松河田駅|学習院下駅,492.0,江戸川橋駅,,primary_station_dist,primary_station:江戸川橋駅(≤1200m),20,+20(rental=1),0,1
江戸川橋駅のレンタルダンススタジオおすすめ,駅,C,ヨガスタジオ Peace of Mind,〒162-0041 東京都新宿区早稲田鶴巻町５４６ 新滝沢ビル 4階,,0,新宿,新宿|西新宿|高田馬場|新大久保,江戸川橋駅,江戸川橋駅|早稲田駅|神楽坂駅|牛込柳町駅|牛込神楽坂駅|若松河田駅|護国寺駅|面影橋駅|茗荷谷駅|飯田橋駅,576.0,江戸川橋駅,,primary_station_dist,primary_station:江戸川橋駅(≤1200m),20,+20(rental=1),0,1
江戸川橋駅のレンタルダンススタジオおすすめ,駅,C,Zsa Zsa Zsu Dance Studio ザザズ,〒112-0014 東京都文京区関口１丁目４８-５ 第２榎本ビル 2階,,0,後楽園,後楽園,江戸川橋駅,江戸川橋駅|神楽坂駅|早稲田駅|茗荷谷駅|牛込神楽坂駅|護国寺駅|牛込柳町駅|面影橋駅|飯田橋駅|若松河田駅,249.0,江戸川橋駅,,primary_station_dist,primary_station:江戸川橋駅(≤1200m),45,+20(rental=1)|+25(ダンススタジオ),0,1
江戸川橋駅のレンタルダンススタジオおすすめ,駅,C,Zsa Zsa Zsu Studio,〒112-0014 東京都文京区関口１丁目６-９ 川田ビル 1階,,0,後楽園,後楽園,江戸川橋駅,江戸川橋駅|神楽坂駅|牛込神楽坂駅|早稲田駅|茗荷谷駅|牛込柳町駅|護国寺駅|飯田橋駅|若松河田駅|面影橋駅,184.0,江戸川橋駅,,primary_station_dist,primary_station:江戸川橋駅(≤1200m),20,+20(rental=1),0,1
江戸川橋駅のレンタルダンススタジオおすすめ,駅,C,スタジオ With The Heart,"関口１丁目１５ー１ ミサオビルB１F, 文京区 東京都 112-0014",,0,後楽園,後楽園,江戸川橋駅,江戸川橋駅|神楽坂駅|牛込神楽坂駅|茗荷谷駅|飯田橋駅|早稲田駅|牛込柳町駅|護国寺駅|後楽園駅|春日駅,197.0,江戸川橋駅,,primary_station_dist,primary_station:江戸川橋駅(≤1200m),20,+20(rental=1),0,1
江戸川橋駅のレンタルダンススタジオおすすめ,駅,C,スタジオピアーチェ江戸川橋店,東京都文京区水道2-10-7エクセルビル地下一階,https://dance-studio-lab.com/room/NWM3NGU4NjAtNTU5MS00NzUyLTg5ZTQtZWM3NGYwZTliOGZj/detail,1,後楽園,後楽園,江戸川橋駅,江戸川橋駅|神楽坂駅|茗荷谷駅|護国寺駅|早稲田駅|牛込神楽坂駅|牛込柳町駅|飯田橋駅|面影橋駅|新大塚駅,141.0,江戸川橋駅,,primary_station_dist,primary_station:江戸川橋駅(≤1200m),50,+30(dslurl)|+20(rental=1),0,1
浜松町駅のレンタルダンススタジオおすすめ,駅,C,FACTORYカレッタスタジオ,〒105-7001 東京都港区東新橋１丁目８-１ B2 カレッタスタジオ,,0,六本木,六本木|赤坂|麻布|新橋,新橋駅,新橋駅|有楽町駅|浜松町駅,354.0,浜松町駅,1151.1,station_distance,haversine:浜松町駅(≤1200m),20,+20(rental=1),0,1
浜松町駅のレンタルダンススタジオおすすめ,駅,C,FREEDA LIFESTYLE＋,〒106-0044 東京都港区東麻布１丁目２６-８ プライム東麻布 3F,,0,六本木,六本木|赤坂|麻布|新橋,麻布十番駅,麻布十番駅|浜松町駅|田町駅,921.0,浜松町駅,1111.3,station_distance,haversine:浜松町駅(≤1200m),20,+20(rental=1),0,1
浜松町駅のレンタルダンススタジオおすすめ,駅,C,スタジオ アーキタンツ architanz,〒105-0023 東京都港区芝浦１丁目１３-１０,,0,六本木,六本木|赤坂|麻布|新橋,田町駅,田町駅|浜松町駅,548.0,浜松町駅,1072.4,station_distance,haversine:浜松町駅(≤1200m),20,+20(rental=1),0,1
浜松町駅のレンタルダンススタジオおすすめ,駅,C,SUMUZO STUDIO SHINBASHI,〒105-0004 東京都港区新橋６丁目７-３ アシスト新橋ビル,,0,六本木,六本木|赤坂|麻布|新橋,新橋駅,新橋駅|浜松町駅,555.0,浜松町駅,729.0,station_distance,haversine:浜松町駅(≤1200m),20,+20(rental=1),0,1
浜松町駅のレンタルダンススタジオおすすめ,駅,C,Mita Dance Factory 芝スタジオ,"セレブ 釉 芝公園 1F, ２丁目-１６-１１ 芝 港区 東京都 105-0014",,0,六本木,六本木|赤坂|麻布|新橋,浜松町駅,浜松町駅|田町駅,632.0,浜松町駅,635.6,station_distance,haversine:浜松町駅(≤1200m),20,+20(rental=1),0,1
浜松町駅のレンタルダンススタジオおすすめ,駅,C,FINEDAY浜松町,〒105-0012 東京都港区芝大門１丁目２-２２ 2F(200 パレステュディオ芝大門,,0,六本木,六本木|赤坂|麻布|新橋,浜松町駅,浜松町駅|新橋駅,520.0,浜松町駅,546.8,station_distance,haversine:浜松町駅(≤1200m),40,+20(rental=1)|+20(web),0,1
浜松町駅のレンタルダンススタジオおすすめ,駅,C,TKPスター貸会議室 東京タワー通り,〒105-0011 東京都港区芝公園３丁目４-３０ 32芝公園ビル B2階,,0,六本木,六本木|赤坂|麻布|新橋,浜松町駅,浜松町駅|麻布十番駅,998.0,浜松町駅,1026.7,station_distance,haversine:浜松町駅(≤1200m),20,+20(rental=1),0,1
浜松町駅のレンタルダンススタジオおすすめ,駅,C,エストゥディオのりこ,〒105-0004 東京都港区１６ 東京都港区 2-16-1 340,,0,六本木,六本木|赤坂|麻布|新橋,新橋駅,新橋駅|有楽町駅|浜松町駅,85.0,浜松町駅,1185.2,station_distance,haversine:浜松町駅(≤1200m),20,+20(rental=1),0,1
浜松町駅のレンタルダンススタジオおすすめ,駅,C,スタジオ ダ・ヴィンチ,"〒105-0021 東京都港区東新橋２丁目４-６ パラッツオシエナ 1 2,3F",,0,六本木,六本木|赤坂|麻布|新橋,新橋駅,新橋駅|浜松町駅,517.0,浜松町駅,684.1,station_distance,haversine:浜松町駅(≤1200m),20,+20(rental=1),0,1
浜松町駅のレンタルダンススタジオおすすめ,駅,C,スタジオ レンズマン芝公園,〒105-0011 東京都港区芝公園２丁目１２-１５ 大国ビル 2F-A,,0,六本木,六本木|赤坂|麻布|新橋,浜松町駅,浜松町駅|田町駅,518.0,浜松町駅,532.7,station_distance,haversine:浜松町駅(≤1200m),20,+20(rental=1),0,1
浜松町駅のレンタルダンススタジオおすすめ,駅,C,タイムズ東京タワースタジオ前,"4 Chome-4 Shibak?en, Minato City, Tokyo 105-0011",,0,その他,その他,麻布十番駅,麻布十番駅|浜松町駅,1030.0,浜松町駅,1096.8,station_distance,haversine:浜松町駅(≤1200m),20,+20(rental=1),0,1
浜松町駅のレンタルダンススタジオおすすめ,駅,C,ブイラボミュージカル,〒105-0003 東京都港区西新橋３丁目２４,,0,六本木,六本木|赤坂|麻布|新橋,浜松町駅,浜松町駅|新橋駅,827.0,浜松町駅,855.3,station_distance,haversine:浜松町駅(≤1200m),20,+20(rental=1),0,1
浜松町駅のレンタルダンススタジオおすすめ,駅,C,レンタルスタジオ・レンタルスペース ZEAL STUDIOS,〒105-0004 東京都港区新橋３丁目５-１０ 新三ビル B1F,,0,六本木,六本木|赤坂|麻布|新橋,新橋駅,新橋駅|浜松町駅,347.0,浜松町駅,1193.7,station_distance,haversine:浜松町駅(≤1200m),50,+20(rental=1)|+30(レンタルスタジオ),0,1
浜松町駅のレンタルダンススタジオおすすめ,駅,C,タイムズ東京タワーサイド第２,〒105-0011 東京都港区芝公園４丁目４,,0,六本木,六本木|赤坂|麻布|新橋,麻布十番駅,麻布十番駅|浜松町駅,954.0,浜松町駅,1157.2,station_distance,haversine:浜松町駅(≤1200m),20,+20(rental=1),0,1
浜松町駅のレンタルダンススタジオおすすめ,駅,C,大門スタジオ,〒105-0012 東京都港区芝大門２丁目１０-１ 第一大門ビル,,0,六本木,六本木|赤坂|麻布|新橋,浜松町駅,浜松町駅|田町駅,343.0,浜松町駅,360.3,station_distance,haversine:浜松町駅(≤1200m),20,+20(rental=1),0,1
浜松町駅のレンタルダンススタジオおすすめ,駅,C,東京タワーメディアセンター,〒105-0011 東京都港区芝公園４丁目４-７ 東京タワーメディアセンタ 3F,,0,六本木,六本木|赤坂|麻布|新橋,麻布十番駅,麻布十番駅|浜松町駅,992.0,浜松町駅,1130.8,station_distance,haversine:浜松町駅(≤1200m),20,+20(rental=1),0,1
浦安駅のレンタルダンススタジオおすすめ,駅,C,ダンススクエア 浦安スタジオ,〒279-0002 千葉県浦安市北栄１丁目１-１５ 3階,,0,その他,その他,浦安駅,浦安駅|南行徳駅,195.0,浦安駅,,primary_station_dist,primary_station:浦安駅(≤1200m),20,+20(rental=1),0,1
浦安駅のレンタルダンススタジオおすすめ,駅,C,MKH dance fit studio,〒279-0001 千葉県浦安市当代島１丁目１６-１９ 大塚ビル 3階,,0,その他,その他,浦安駅,浦安駅|南行徳駅|葛西駅,155.0,浦安駅,,primary_station_dist,primary_station:浦安駅(≤1200m),20,+20(rental=1),0,1
浦安駅のレンタルダンススタジオおすすめ,駅,C,Studio Faith（スタジオフェイス）浦安校,〒279-0001 千葉県浦安市当代島１丁目１７-１９ 第2岡清ビル 5F,,0,その他,その他,浦安駅,浦安駅|南行徳駅|葛西駅,203.0,浦安駅,,primary_station_dist,primary_station:浦安駅(≤1200m),20,+20(rental=1),0,1
浦安駅のレンタルダンススタジオおすすめ,駅,C,ペンテフラットスタジオ,〒279-0002 千葉県浦安市北栄１丁目１１-４０ １F ビル,,0,その他,その他,浦安駅,浦安駅|南行徳駅,182.0,浦安駅,,primary_station_dist,primary_station:浦安駅(≤1200m),20,+20(rental=1),0,1
浦安駅のレンタルダンススタジオおすすめ,駅,C,Ohana Room Studio浦安,〒279-0002 千葉県浦安市北栄１丁目１５-５ レクス浦安駅前 ４F,,0,その他,その他,浦安駅,浦安駅|南行徳駅|葛西駅,119.0,浦安駅,,primary_station_dist,primary_station:浦安駅(≤1200m),20,+20(rental=1),0,1
用賀駅のレンタルダンススタジオおすすめ,駅,C,J's,〒158-0097 東京都世田谷区用賀３丁目２５-９,,0,下北沢,下北沢|三軒茶屋|二子玉川|自由が丘,用賀駅,用賀駅|桜新町駅|上町駅|世田谷駅,485.0,用賀駅,,primary_station_dist,primary_station:用賀駅(≤1200m),20,+20(rental=1),0,1
用賀駅のレンタルダンススタジオおすすめ,駅,C,レンタルスタジオKACHA,〒158-0097 東京都世田谷区用賀２丁目３８-１４ 天虎ビル 202,,0,下北沢,下北沢|三軒茶屋|二子玉川|自由が丘,用賀駅,用賀駅|桜新町駅|上野毛駅|二子玉川駅,130.0,用賀駅,,primary_station_dist,primary_station:用賀駅(≤1200m),50,+20(rental=1)|+30(レンタルスタジオ),0,1
用賀駅のレンタルダンススタジオおすすめ,駅,C,アトリエ エマーブル,〒158-0097 東京都世田谷区用賀３丁目１８-８ セントラルSOUI103,,0,下北沢,下北沢|三軒茶屋|二子玉川|自由が丘,用賀駅,用賀駅|桜新町駅|上町駅,374.0,用賀駅,,primary_station_dist,primary_station:用賀駅(≤1200m),20,+20(rental=1),0,1
用賀駅のレンタルダンススタジオおすすめ,駅,C,サムズダンススタジオ,〒158-0097 東京都世田谷区用賀４丁目１１-４ 福島第一ビル 2F,,0,下北沢,下北沢|三軒茶屋|二子玉川|自由が丘,用賀駅,用賀駅|桜新町駅|上野毛駅|二子玉川駅,85.0,用賀駅,,primary_station_dist,primary_station:用賀駅(≤1200m),45,+20(rental=1)|+25(ダンススタジオ),0,1
田町駅のレンタルダンススタジオおすすめ,駅,C,スタジオ アーキタンツ architanz,〒105-0023 東京都港区芝浦１丁目１３-１０,,0,六本木,六本木|赤坂|麻布|新橋,田町駅,田町駅|浜松町駅,548.0,田町駅,,primary_station_dist,primary_station:田町駅(≤1200m),20,+20(rental=1),0,1
田町駅のレンタルダンススタジオおすすめ,駅,C,スタジオマーティ,〒108-0073 東京都港区三田２丁目１４-４ １Ｆ,,0,六本木,六本木|赤坂|麻布|新橋,田町駅,田町駅|麻布十番駅,476.0,田町駅,,primary_station_dist,primary_station:田町駅(≤1200m),20,+20(rental=1),0,1
田町駅のレンタルダンススタジオおすすめ,駅,C,スタジオマーティ 東京三田慶応 / STUDIO marty Tokyo Mita Keio,〒108-0073 東京都港区三田２丁目１４-４ １Ｆ,,0,六本木,六本木|赤坂|麻布|新橋,田町駅,田町駅|麻布十番駅,478.0,田町駅,,primary_station_dist,primary_station:田町駅(≤1200m),20,+20(rental=1),0,1
田町駅のレンタルダンススタジオおすすめ,駅,C,マーティ株式会社,〒108-0073 東京都港区三田２丁目１４-４ 三田慶応ビジデンス１F,,0,六本木,六本木|赤坂|麻布|新橋,田町駅,田町駅|麻布十番駅,472.0,田町駅,,primary_station_dist,primary_station:田町駅(≤1200m),20,+20(rental=1),0,1
田町駅のレンタルダンススタジオおすすめ,駅,C,リズムアートダンススタジオ,〒108-0023 東京都港区芝浦４丁目９-１８ グランドパレス田町2F,,0,六本木,六本木|赤坂|麻布|新橋,田町駅,田町駅,662.0,田町駅,,primary_station_dist,primary_station:田町駅(≤1200m),45,+20(rental=1)|+25(ダンススタジオ),0,1
田町駅のレンタルダンススタジオおすすめ,駅,C,Studio Cosmique（スタジオコスミーク）,〒108-0023 東京都港区芝浦２丁目１４ １４-１３ １ 階 Mck芝浦ビル,,0,六本木,六本木|赤坂|麻布|新橋,田町駅,田町駅,471.0,田町駅,,primary_station_dist,primary_station:田町駅(≤1200m),20,+20(rental=1),0,1
神保町駅のレンタルダンススタジオおすすめ,駅,C,alt studio (オルトスタジオ),〒101-0051 東京都千代田区神田神保町１丁目64-３ 神保町ビル 6F,,0,秋葉原,秋葉原,神保町駅,神保町駅|水道橋駅|御茶ノ水駅|新御茶ノ水駅|九段下駅|小川町駅|竹橋駅|本郷三丁目駅|春日駅|後楽園駅,327.0,神保町駅,338.9,station_distance,haversine:神保町駅(≤1200m),20,+20(rental=1),0,1
神保町駅のレンタルダンススタジオおすすめ,駅,C,Estudio ILIA FLAMENCA,〒101-0051 東京都千代田区神田神保町１丁目２５-４ 神保町ビル B1 SH神田南,,0,秋葉原,秋葉原,神保町駅,神保町駅|新御茶ノ水駅|竹橋駅|小川町駅|御茶ノ水駅|九段下駅|神田駅|水道橋駅|大手町駅|岩本町駅,281.0,神保町駅,263.0,station_distance,haversine:神保町駅(≤1200m),20,+20(rental=1),0,1
神保町駅のレンタルダンススタジオおすすめ,駅,C,EyeCandyポールダンス秋葉原スタジオ,〒101-0021 東京都千代田区外神田２丁目１-１３,,0,秋葉原,秋葉原,秋葉原駅,秋葉原駅,544.0,神保町駅,1004.5,station_distance,haversine:神保町駅(≤1200m),20,+20(rental=1),0,1
神保町駅のレンタルダンススタジオおすすめ,駅,C,HMVP大手町スタジオ,〒101-0047 東京都千代田区内神田１丁目７-１１ B2F,,0,秋葉原,秋葉原,東京駅,東京駅|秋葉原駅,995.0,神保町駅,1010.1,station_distance,haversine:神保町駅(≤1200m),20,+20(rental=1),0,1
神保町駅のレンタルダンススタジオおすすめ,駅,C,KBAバレエスタジオ御茶ノ水,〒113-0034 東京都文京区湯島１丁目１２-６ 地下1F 高関ビル,,0,後楽園,後楽園,秋葉原駅,秋葉原駅,763.0,神保町駅,1150.7,station_distance,haversine:神保町駅(≤1200m),20,+20(rental=1),0,1
神保町駅のレンタルダンススタジオおすすめ,駅,C,Rinky Dink Studio お茶の水 神保町店,〒101-0051 東京都千代田区 アイピー第1ビル 6F・7F・8F 神田神保町1-2-12,,0,秋葉原,秋葉原,神保町駅,神保町駅|新御茶ノ水駅|御茶ノ水駅|小川町駅|竹橋駅|九段下駅|水道橋駅|神田駅|大手町駅|岩本町駅,231.0,神保町駅,219.6,station_distance,haversine:神保町駅(≤1200m),20,+20(rental=1),0,1
神保町駅のレンタルダンススタジオおすすめ,駅,C,ミライスタジオ御茶ノ水,〒101-0062 東京都千代田区神田駿河台２丁目４-２,,0,秋葉原,秋葉原,秋葉原駅,秋葉原駅,962.0,神保町駅,676.6,station_distance,haversine:神保町駅(≤1200m),20,+20(rental=1),0,1
神保町駅のレンタルダンススタジオおすすめ,駅,C,BUZZ レンタルスタジオ 神田店,〒101-0047 東京都千代田区内神田２丁目９-９ 神田西口ビル B1F,https://dance-studio-lab.com/room/ODJkZDE5YzQtMTlhZS00NjNlLWJlZTQtNDA3NTU3MTQ5NDg5/detail,1,秋葉原,秋葉原,秋葉原駅,秋葉原駅|東京駅,989.0,神保町駅,1101.2,station_distance,haversine:神保町駅(≤1200m),80,+30(dslurl)|+20(rental=1)|+30(レンタルスタジオ),0,1
神保町駅のレンタルダンススタジオおすすめ,駅,C,レンタルスタジオ YOGA SPICE 神保町,〒101-0065 東京都千代田区西神田２丁目３-２ 牧ビル 402号室,,0,秋葉原,秋葉原,神保町駅,神保町駅|水道橋駅|九段下駅|御茶ノ水駅|竹橋駅|新御茶ノ水駅|飯田橋駅|小川町駅|本郷三丁目駅|春日駅,312.0,神保町駅,331.7,station_distance,haversine:神保町駅(≤1200m),50,+20(rental=1)|+30(レンタルスタジオ),0,1
神保町駅のレンタルダンススタジオおすすめ,駅,C,ノアスタジオ 御茶ノ水店,〒101-0062 東京都千代田区神田駿河台２丁目1-１７,,0,秋葉原,秋葉原,秋葉原駅,秋葉原駅,1023.0,神保町駅,640.9,station_distance,haversine:神保町駅(≤1200m),20,+20(rental=1),0,1
神保町駅のレンタルダンススタジオおすすめ,駅,C,リハーサルスタジオ,〒101-0048 東京都千代田区神田司町２丁目１３ 神田第四アメレックスビル B1,,0,秋葉原,秋葉原,秋葉原駅,秋葉原駅,800.0,神保町駅,874.7,station_distance,haversine:神保町駅(≤1200m),20,+20(rental=1),0,1
神保町駅のレンタルダンススタジオおすすめ,駅,C,レンタルスペース リノスペcamp東京ドーム,〒101-0061 東京都千代田区神田三崎町２丁目１２-５ ニュー千代田ビル 3F-A,,0,秋葉原,秋葉原,水道橋駅,水道橋駅|九段下駅|神保町駅|飯田橋駅|春日駅|後楽園駅|御茶ノ水駅|本郷三丁目駅|新御茶ノ水駅|竹橋駅,167.0,神保町駅,647.6,station_distance,haversine:神保町駅(≤1200m),20,+20(rental=1),0,1
神保町駅のレンタルダンススタジオおすすめ,駅,C,御茶ノ水 おちゃすた レンタルスタジオ,〒101-0052 東京都千代田区神田小川町３丁目１４-２ 漢陽ビル Ｂ1Ｆ,,0,秋葉原,秋葉原,神保町駅,神保町駅|新御茶ノ水駅|御茶ノ水駅|小川町駅|竹橋駅|九段下駅|水道橋駅|神田駅|大手町駅|岩本町駅,305.0,神保町駅,294.2,station_distance,haversine:神保町駅(≤1200m),50,+20(rental=1)|+30(レンタルスタジオ),0,1
神保町駅のレンタルダンススタジオおすすめ,駅,C,御茶ノ水 レンタルスタジオ,〒101-0062 東京都千代田区神田駿河台２丁目６-１５ ４Ｆ,,0,秋葉原,秋葉原,秋葉原駅,秋葉原駅,891.0,神保町駅,728.1,station_distance,haversine:神保町駅(≤1200m),50,+20(rental=1)|+30(レンタルスタジオ),0,1
神保町駅のレンタルダンススタジオおすすめ,駅,C,水道橋ダンススタジオ,〒101-0061 東京都千代田区神田三崎町３丁目４-４ グラン水道橋,,0,秋葉原,秋葉原,水道橋駅,水道橋駅|九段下駅|飯田橋駅|神保町駅|後楽園駅|春日駅|本郷三丁目駅|御茶ノ水駅|新御茶ノ水駅|竹橋駅,168.0,神保町駅,769.4,station_distance,haversine:神保町駅(≤1200m),45,+20(rental=1)|+25(ダンススタジオ),0,1
神保町駅のレンタルダンススタジオおすすめ,駅,C,日本橋バレエ＆ダンススタジオ Studio LULL,〒101-0047 東京都千代田区内神田２丁目８-３ 新東ビル 2階,,0,秋葉原,秋葉原,秋葉原駅,秋葉原駅|東京駅,1033.0,神保町駅,1127.5,station_distance,haversine:神保町駅(≤1200m),45,+20(rental=1)|+25(ダンススタジオ),0,1
経堂駅のレンタルダンススタジオおすすめ,駅,C,NATURAglam 経堂スタジオ,〒156-0052 東京都世田谷区経堂１丁目２５-１８ 吉川水産ビル3階,,0,下北沢,下北沢|三軒茶屋|二子玉川|自由が丘,経堂駅,経堂駅|宮の坂駅|山下駅|上町駅|千歳船橋駅|豪徳寺駅|松原駅|世田谷駅|梅ヶ丘駅|松陰神社前駅,268.0,経堂駅,,primary_station_dist,primary_station:経堂駅(≤1200m),20,+20(rental=1),0,1
経堂駅のレンタルダンススタジオおすすめ,駅,C,スタジオ白猫屋 経堂R店,〒156-0052 東京都世田谷区経堂１丁目１１-１３ 長島ビル 3Ｆ,,0,下北沢,下北沢|三軒茶屋|二子玉川|自由が丘,経堂駅,経堂駅|宮の坂駅|山下駅|豪徳寺駅|上町駅|千歳船橋駅|松原駅|世田谷駅|梅ヶ丘駅|松陰神社前駅,203.0,経堂駅,,primary_station_dist,primary_station:経堂駅(≤1200m),20,+20(rental=1),0,1
経堂駅のレンタルダンススタジオおすすめ,駅,C,リリィ スタジオ&カフェ レンタルカフェ,〒156-0052 東京都世田谷区経堂２丁目７-１４-１０２,,0,下北沢,下北沢|三軒茶屋|二子玉川|自由が丘,経堂駅,経堂駅|松原駅|山下駅|宮の坂駅|豪徳寺駅|千歳船橋駅|上町駅|下高井戸駅|桜上水駅|梅ヶ丘駅,261.0,経堂駅,,primary_station_dist,primary_station:経堂駅(≤1200m),20,+20(rental=1),0,1
経堂駅のレンタルダンススタジオおすすめ,駅,C,あやこバレエスタジオ,〒156-0051 東京都世田谷区４６ 宮坂3-46-3-1F,,0,下北沢,下北沢|三軒茶屋|二子玉川|自由が丘,経堂駅,経堂駅|松原駅|千歳船橋駅|山下駅|豪徳寺駅|宮の坂駅|桜上水駅|下高井戸駅|上北沢駅|上町駅,569.0,経堂駅,,primary_station_dist,primary_station:経堂駅(≤1200m),20,+20(rental=1),0,1
経堂駅のレンタルダンススタジオおすすめ,駅,C,アロハホヌアフラスタジオ&レンタルスタジオ経堂,〒156-0052 東京都世田谷区経堂１丁目５-６ パルファム経堂 B1,,0,下北沢,下北沢|三軒茶屋|二子玉川|自由が丘,経堂駅,経堂駅|宮の坂駅|上町駅|山下駅|千歳船橋駅|豪徳寺駅|世田谷駅|松原駅|松陰神社前駅|梅ヶ丘駅,334.0,経堂駅,,primary_station_dist,primary_station:経堂駅(≤1200m),50,+20(rental=1)|+30(レンタルスタジオ),0,1
聖蹟桜ヶ丘駅のレンタルダンススタジオおすすめ,駅,C,K DANCE STUDIO 1024,〒206-0002 東京都多摩市一ノ宮１丁目２５-２ ガーデンヒルズ聖蹟桜ヶ丘 1F,,0,多摩センター,多摩センター,聖蹟桜ヶ丘駅,聖蹟桜ヶ丘駅|百草園駅|中河原駅,614.0,聖蹟桜ヶ丘駅,,primary_station_dist,primary_station:聖蹟桜ヶ丘駅(≤1200m),45,+20(rental=1)|+25(ダンススタジオ),0,1
聖蹟桜ヶ丘駅のレンタルダンススタジオおすすめ,駅,C,キッズダンススタジオstudioCROSS（スタジオクロス）聖蹟桜ヶ丘クラス 多摩市 多摩カルチャーセンター,〒206-0011 東京都多摩市関戸４丁目73-１ よこくらビル 3階,,0,多摩センター,多摩センター,聖蹟桜ヶ丘駅,聖蹟桜ヶ丘駅|中河原駅|百草園駅,186.0,聖蹟桜ヶ丘駅,,primary_station_dist,primary_station:聖蹟桜ヶ丘駅(≤1200m),45,+20(rental=1)|+25(ダンススタジオ),0,1
聖蹟桜ヶ丘駅のレンタルダンススタジオおすすめ,駅,C,Ballet Fl?gel バレエフリューゲル,〒206-0011 東京都多摩市関戸４丁目７３ ヴィータアネックスよこくらビル 3階,,0,多摩センター,多摩センター,聖蹟桜ヶ丘駅,聖蹟桜ヶ丘駅|中河原駅|百草園駅,181.0,聖蹟桜ヶ丘駅,,primary_station_dist,primary_station:聖蹟桜ヶ丘駅(≤1200m),20,+20(rental=1),0,1
聖蹟桜ヶ丘駅のレンタルダンススタジオおすすめ,駅,C,ダンスレンタルスタジオ プラーナ,〒206-0011 東京都多摩市関戸２丁目３２-５ カネシロビルB1,,0,多摩センター,多摩センター,聖蹟桜ヶ丘駅,聖蹟桜ヶ丘駅|中河原駅,552.0,聖蹟桜ヶ丘駅,,primary_station_dist,primary_station:聖蹟桜ヶ丘駅(≤1200m),50,+20(rental=1)|+30(レンタルスタジオ),0,1
葛西駅のレンタルダンススタジオおすすめ,駅,C,ダンススクエア 葛西スタジオ,〒134-0084 東京都江戸川区東葛西６丁目２-１０ 森ビル 7階,,0,西葛西,西葛西,葛西駅,葛西駅|西葛西駅|浦安駅,134.0,葛西駅,,primary_station_dist,primary_station:葛西駅(≤1200m),20,+20(rental=1),0,1
葛西駅のレンタルダンススタジオおすすめ,駅,C,Lanikai Dance Studio,〒134-0083 東京都江戸川区中葛西５丁目２０-１９ ローヤルマンション葛西 1階,,0,西葛西,西葛西,葛西駅,葛西駅|西葛西駅,234.0,葛西駅,,primary_station_dist,primary_station:葛西駅(≤1200m),45,+20(rental=1)|+25(ダンススタジオ),0,1
葛西駅のレンタルダンススタジオおすすめ,駅,C,ナガトスタジオ,〒134-0084 東京都江戸川区東葛西５丁目４０-９,,0,西葛西,西葛西,葛西駅,葛西駅|浦安駅|西葛西駅,688.0,葛西駅,,primary_station_dist,primary_station:葛西駅(≤1200m),20,+20(rental=1),0,1
葛西駅のレンタルダンススタジオおすすめ,駅,C,バレエスタジオ ピアチェーレ,〒134-0085 東京都江戸川区南葛西１丁目１４-１３ シティパレス南葛西 302,,0,西葛西,西葛西,葛西駅,葛西駅|葛西臨海公園駅|西葛西駅,991.0,葛西駅,,primary_station_dist,primary_station:葛西駅(≤1200m),20,+20(rental=1),0,1
葛西駅のレンタルダンススタジオおすすめ,駅,C,レンタルスタジオ葛西,〒134-0084 東京都江戸川区東葛西５丁目１-１４-２０２,,0,西葛西,西葛西,葛西駅,葛西駅|西葛西駅|浦安駅,100.0,葛西駅,,primary_station_dist,primary_station:葛西駅(≤1200m),50,+20(rental=1)|+30(レンタルスタジオ),0,1
葛西駅のレンタルダンススタジオおすすめ,駅,C,舞空間ばくdance studio,〒134-0083 東京都江戸川区中葛西中葛西５丁目３４-７ 昭 産 ビル ７F,,0,西葛西,西葛西,葛西駅,葛西駅|西葛西駅|浦安駅,70.0,葛西駅,,primary_station_dist,primary_station:葛西駅(≤1200m),45,+20(rental=1)|+25(ダンススタジオ),0,1
蔵前駅のレンタルダンススタジオおすすめ,駅,C,アナログスタジオ,"笹屋ビル ２F, ４丁目-３４-８ 両国 墨田区 東京都 130-0026",,0,錦糸町,錦糸町,蔵前駅,蔵前駅,1102.0,蔵前駅,,primary_station_dist,primary_station:蔵前駅(≤1200m),20,+20(rental=1),0,1
蔵前駅のレンタルダンススタジオおすすめ,駅,C,OnePlace Dance Studio,〒111-0053 東京都台東区浅草橋３丁目１９-２ 地下1階 冨士ビル,,0,上野,上野|浅草|御徒町|蔵前,蔵前駅,蔵前駅,600.0,蔵前駅,,primary_station_dist,primary_station:蔵前駅(≤1200m),45,+20(rental=1)|+25(ダンススタジオ),0,1
蔵前駅のレンタルダンススタジオおすすめ,駅,C,ムーンプレイス レンタルスタジオ蔵前,〒111-0043 東京都台東区駒形２丁目１-５ ３階,,0,上野,上野|浅草|御徒町|蔵前,蔵前駅,蔵前駅|浅草駅,224.0,蔵前駅,,primary_station_dist,primary_station:蔵前駅(≤1200m),50,+20(rental=1)|+30(レンタルスタジオ),0,1
蔵前駅のレンタルダンススタジオおすすめ,駅,C,スタジオブライト｜レンタル撮影スタジオ（完全予約制）,〒111-0051 東京都台東区蔵前４丁目３６-１３ タイルビル 4F,,0,上野,上野|浅草|御徒町|蔵前,蔵前駅,蔵前駅|浅草駅,381.0,蔵前駅,,primary_station_dist,primary_station:蔵前駅(≤1200m),20,+20(rental=1),0,1
蔵前駅のレンタルダンススタジオおすすめ,駅,C,スタジオ21（レンタルスタジオ）,"竹中シャルム B1, ３丁目-１-３ 浅草橋 台東区 東京都 111-0053",,0,上野,上野|浅草|御徒町|蔵前,蔵前駅,蔵前駅,643.0,蔵前駅,,primary_station_dist,primary_station:蔵前駅(≤1200m),50,+20(rental=1)|+30(レンタルスタジオ),0,1
西荻窪駅のレンタルダンススタジオおすすめ,駅,C,レンタルスタジオ西荻リノ,〒167-0042 東京都杉並区西荻北２丁目３-９ グランピア西荻窪 Ｂ101,,0,高円寺,高円寺,西荻窪駅,西荻窪駅|荻窪駅|三鷹台駅|井の頭公園駅|久我山駅|吉祥寺駅,156.0,西荻窪駅,,primary_station_dist,primary_station:西荻窪駅(≤1200m),50,+20(rental=1)|+30(レンタルスタジオ),0,1
西荻窪駅のレンタルダンススタジオおすすめ,駅,C,スタジオLINOVA（リノ・バ）,〒167-0054 東京都杉並区松庵３丁目１-６ 松庵ユニオンビル B1,,0,高円寺,高円寺,西荻窪駅,西荻窪駅|三鷹台駅|久我山駅|井の頭公園駅|吉祥寺駅|富士見ヶ丘駅,552.0,西荻窪駅,,primary_station_dist,primary_station:西荻窪駅(≤1200m),20,+20(rental=1),0,1
西荻窪駅のレンタルダンススタジオおすすめ,駅,C,MCSpace,〒167-0053 東京都杉並区西荻南２丁目２５-６ 西荻プラザビル B1F,,0,高円寺,高円寺,西荻窪駅,西荻窪駅|三鷹台駅|久我山駅|井の頭公園駅|荻窪駅|吉祥寺駅|富士見ヶ丘駅,275.0,西荻窪駅,,primary_station_dist,primary_station:西荻窪駅(≤1200m),20,+20(rental=1),0,1
西荻窪駅のレンタルダンススタジオおすすめ,駅,C,クリエイティブスペース・フュージョン,〒167-0053 東京都杉並区西荻南３丁目２４-２４-１ 西荻マイロード 27,,0,高円寺,高円寺,西荻窪駅,西荻窪駅|荻窪駅|三鷹台駅|久我山駅|井の頭公園駅|吉祥寺駅,141.0,西荻窪駅,,primary_station_dist,primary_station:西荻窪駅(≤1200m),20,+20(rental=1),0,1
西荻窪駅のレンタルダンススタジオおすすめ,駅,C,西荻窪永谷ダンススタジオ,〒167-0054 東京都杉並区松庵３丁目４０-９,,0,高円寺,高円寺,西荻窪駅,西荻窪駅|三鷹台駅|井の頭公園駅|吉祥寺駅|久我山駅|荻窪駅,107.0,西荻窪駅,,primary_station_dist,primary_station:西荻窪駅(≤1200m),45,+20(rental=1)|+25(ダンススタジオ),0,1
西荻窪駅のレンタルダンススタジオおすすめ,駅,C,西荻窪七宝レンタルスペース,〒167-0042 東京都杉並区西荻北３丁目２５-１ 七宝マンション 1階,,0,高円寺,高円寺,西荻窪駅,西荻窪駅|井の頭公園駅|吉祥寺駅|三鷹台駅|久我山駅|荻窪駅,259.0,西荻窪駅,,primary_station_dist,primary_station:西荻窪駅(≤1200m),20,+20(rental=1),0,1
調布駅のレンタルダンススタジオおすすめ,駅,C,スタジオ川口,〒182-0024 東京都調布市布田１丁目29-２ B1,,0,調布,調布,調布駅,調布駅,200.0,調布駅,149.5,station_distance,haversine:調布駅(≤1200m),20,+20(rental=1),0,1
調布駅のレンタルダンススタジオおすすめ,駅,C,ソードミュージック多目的スタジオ,〒182-0015 東京都調布市八雲台２丁目１-１０,,0,調布,調布,調布駅,調布駅,1056.0,調布駅,1134.6,station_distance,haversine:調布駅(≤1200m),20,+20(rental=1),0,1
調布駅のレンタルダンススタジオおすすめ,駅,C,スタジオ白猫屋 調布店,〒182-0021 東京都調布市調布ケ丘１丁目34-５ 調布タカラビル 3階,,0,調布,調布,調布駅,調布駅,415.0,調布駅,388.2,station_distance,haversine:調布駅(≤1200m),20,+20(rental=1),0,1
調布駅のレンタルダンススタジオおすすめ,駅,C,フィットネス カルチャー＆アート テラ Terra,〒182-0025 東京都調布市多摩川５丁目７-６ 第３コーポ渡辺 2階,,0,調布,調布,調布駅,調布駅,1045.0,調布駅,1070.1,station_distance,haversine:調布駅(≤1200m),20,+20(rental=1),0,1
調布駅のレンタルダンススタジオおすすめ,駅,C,MDL Studio (防音スタジオ),〒182-0021 東京都調布市調布ケ丘３丁目６９-２,,0,調布,調布,調布駅,調布駅,1165.0,調布駅,1093.0,station_distance,haversine:調布駅(≤1200m),20,+20(rental=1),0,1
調布駅のレンタルダンススタジオおすすめ,駅,C,富田雅美バレエ＆ダンスユニット,〒182-0024 東京都調布市布田１丁目２９-２ ビルディング川口 B1,,0,調布,調布,調布駅,調布駅,200.0,調布駅,149.5,station_distance,haversine:調布駅(≤1200m),20,+20(rental=1),0,1
都立大学駅のレンタルダンススタジオおすすめ,駅,C,ノアスタジオ 都立大２号店,〒152-0031 東京都目黒区中根１丁目２-２ 1F 受付,,0,中目黒,中目黒,都立大学駅,都立大学駅|緑が丘駅|自由が丘駅|学芸大学駅|大岡山駅|奥沢駅|洗足駅|九品仏駅|北千束駅,61.0,都立大学駅,,primary_station_dist,primary_station:都立大学駅(≤1200m),20,+20(rental=1),0,1
都立大学駅のレンタルダンススタジオおすすめ,駅,C,ノアスタジオ 都立大店（ダンス・演劇）,〒152-0031 東京都目黒区中根１丁目７-２３ ＳＴビル,,0,中目黒,中目黒,都立大学駅,都立大学駅|自由が丘駅|緑が丘駅|大岡山駅|奥沢駅|学芸大学駅|九品仏駅|洗足駅,151.0,都立大学駅,,primary_station_dist,primary_station:都立大学駅(≤1200m),20,+20(rental=1),0,1
駒込駅のレンタルダンススタジオおすすめ,駅,C,ART GROOVE,〒114-0015 東京都北区中里２丁目５-８ レイハウス駒込 302,,0,赤羽,赤羽,駒込駅,駒込駅|田端駅|上中里駅|尾久駅|巣鴨駅|西ケ原駅|千石駅|荒川車庫前駅|梶原駅|本駒込駅,306.0,駒込駅,,primary_station_dist,primary_station:駒込駅(≤1200m),20,+20(rental=1),0,1
駒込駅のレンタルダンススタジオおすすめ,駅,C,レンタルスタジオSunny 駒込店,〒113-0021 東京都文京区本駒込５丁目１９-９ ワコー本駒込マンション 地下1F,,0,後楽園,後楽園,駒込駅,駒込駅|千石駅|本駒込駅|巣鴨駅|田端駅|白山駅|千駄木駅|西日暮里駅|上中里駅|尾久駅,526.0,駒込駅,,primary_station_dist,primary_station:駒込駅(≤1200m),50,+20(rental=1)|+30(レンタルスタジオ),0,1
駒込駅のレンタルダンススタジオおすすめ,駅,C,ナッツ・レンタル・スタジオ,〒114-0014 東京都北区田端４丁目１-１１ クレールビル 1F,,0,赤羽,赤羽,駒込駅,駒込駅|田端駅|千石駅|巣鴨駅|尾久駅|本駒込駅|上中里駅|西日暮里駅|西ケ原駅|千駄木駅,469.0,駒込駅,,primary_station_dist,primary_station:駒込駅(≤1200m),20,+20(rental=1),0,1
駒込駅のレンタルダンススタジオおすすめ,駅,C,ミュージックサロン アマーブルNUTSスタジオ駒込店,〒114-0014 東京都北区田端４丁目１-１１ クレールビル 1F,,0,赤羽,赤羽,駒込駅,駒込駅|田端駅|千石駅|巣鴨駅|尾久駅|本駒込駅|上中里駅|西日暮里駅|西ケ原駅|千駄木駅,472.0,駒込駅,,primary_station_dist,primary_station:駒込駅(≤1200m),20,+20(rental=1),0,1
駒込駅のレンタルダンススタジオおすすめ,駅,C,レンタルスタジオ池袋・駒込マイックル,〒114-0015 東京都北区中里２丁目１３-６,,0,赤羽,赤羽,駒込駅,駒込駅|上中里駅|尾久駅|西ケ原駅|田端駅|巣鴨駅|千石駅|梶原駅|荒川車庫前駅|本駒込駅,334.0,駒込駅,,primary_station_dist,primary_station:駒込駅(≤1200m),50,+20(rental=1)|+30(レンタルスタジオ),0,1
駒込駅のレンタルダンススタジオおすすめ,駅,C,貸し会議室 & 全国蕎麦製粉会館【JK Room 駒込】,〒170-0003 東京都豊島区駒込１丁目４０-４ 全国蕎麦製粉協同組合４０１ コンフォート駒込,,0,池袋,池袋|目白|大塚|巣鴨,駒込駅,駒込駅|巣鴨駅|千石駅|田端駅|上中里駅|本駒込駅|西ケ原駅|尾久駅|白山駅|西ヶ原四丁目駅,168.0,駒込駅,,primary_station_dist,primary_station:駒込駅(≤1200m),20,+20(rental=1),0,1
24時間使えるレンタルダンススタジオ 東京,条件,S,スタジオハイシー,〒160-0023 東京都新宿区西新宿３丁目２-２７ 第7 7 オーチュー B1階,,0,新宿,新宿|西新宿|高田馬場|新大久保,新宿駅,新宿駅|代々木駅|西武新宿駅,714.0,,,,tag:feature:24h,20,+20(rental=1),0,1
24時間使えるレンタルダンススタジオ 東京,条件,S,レンタルスタジオswamp西新宿,〒160-0023 東京都新宿区西新宿５丁目２１-５ ＢＩＴ西新宿 B01号室,,0,新宿,新宿|西新宿|高田馬場|新大久保,西新宿五丁目駅（清水橋）,西新宿五丁目駅（清水橋）|中野坂上駅|都庁前駅|西新宿駅|中野新橋駅|初台駅|新宿西口駅|新中野駅|西武新宿駅|新宿駅,264.0,,,,tag:feature:24h,50,+20(rental=1)|+30(レンタルスタジオ),0,1
24時間使えるレンタルダンススタジオ 東京,条件,S,ソニズレンタルスタジオ新宿店,〒160-0023 東京都新宿区西新宿７丁目２２-３１ 柏木 MURA B1F,,0,新宿,新宿|西新宿|高田馬場|新大久保,西武新宿駅,西武新宿駅|新大久保駅|新宿駅,375.0,,,,tag:feature:24h,50,+20(rental=1)|+30(レンタルスタジオ),0,1
24時間使えるレンタルダンススタジオ 東京,条件,S,BUZZ新宿,〒160-0023 東京都新宿区西新宿７丁目１６-４ Concierge高橋 BF 地下1階,https://dance-studio-lab.com/room/NThmODMwMDctZjkyNi00ZTE3LTgwNjQtMDRmOGIwMmQ5ZTRi/detail,1,新宿,新宿|西新宿|高田馬場|新大久保,西武新宿駅,西武新宿駅|新宿駅|新大久保駅,298.0,,,,tag:feature:24h,50,+30(dslurl)|+20(rental=1),0,1
24時間使えるレンタルダンススタジオ 東京,条件,S,レンタルダンススタジオ LANDstudio 新宿店,〒169-0073 東京都新宿区百人町１丁目２２-１９ 筒井ビル B1F,,0,新宿,新宿|西新宿|高田馬場|新大久保,新大久保駅,新大久保駅|西武新宿駅|新宿駅,276.0,,,,tag:feature:24h,60,+20(rental=1)|+40(レンタルダンス),0,1
24時間使えるレンタルダンススタジオ 東京,条件,S,BUZZ レンタルスタジオ新宿コンシェルジュ店,〒160-0023 東京都新宿区西新宿７丁目１６-４ Concierge高橋 BF 地下 一階,https://dance-studio-lab.com/room/OGUzNmE0NzUtZDU1NS00ZjIyLTg4OGItNDYyOWI2YzkzOTA0/detail,1,新宿,新宿|西新宿|高田馬場|新大久保,西武新宿駅,西武新宿駅|新宿駅|新大久保駅,292.0,,,,tag:feature:24h,80,+30(dslurl)|+20(rental=1)|+30(レンタルスタジオ),0,1
24時間使えるレンタルダンススタジオ 東京,条件,S,BUZZ レンタルスタジオ 新宿ハウス店,〒160-0023 東京都新宿区西新宿７丁目１６-１,https://dance-studio-lab.com/room/MWYzNmNhZGMtMWZiNi00MjBiLWJjNzMtZmFmNjAxYmQ5MjA3/detail,1,新宿,新宿|西新宿|高田馬場|新大久保,西武新宿駅,西武新宿駅|新宿駅|新大久保駅,276.0,,,,tag:feature:24h,80,+30(dslurl)|+20(rental=1)|+30(レンタルスタジオ),0,1
24時間使えるレンタルダンススタジオ 東京,条件,S,㈱Tera-coya,〒101-0025 東京都千代田区神田佐久間町３丁目３１-３,,0,秋葉原,秋葉原,秋葉原駅,秋葉原駅,359.0,,,,tag:feature:24h,20,+20(rental=1),0,1
24時間使えるレンタルダンススタジオ 東京,条件,S,ラシーヌスタジオ,〒160-0004 東京都新宿区四谷４丁目２５-１３ 濱庄ビル B101,,0,新宿,新宿|西新宿|高田馬場|新大久保,四谷三丁目駅,四谷三丁目駅|曙橋駅|新宿御苑前駅|四ツ谷駅|若松河田駅|信濃町駅|牛込柳町駅|国立競技場駅|千駄ケ谷駅|新宿三丁目駅,229.0,,,,tag:feature:24h,20,+20(rental=1),0,1
24時間使えるレンタルダンススタジオ 東京,条件,S,Ohana Room Studio新宿,〒162-0801 東京都新宿区山吹町３４４ LOGビル 2F,,0,新宿,新宿|西新宿|高田馬場|新大久保,江戸川橋駅,江戸川橋駅|神楽坂駅|早稲田駅|牛込神楽坂駅|牛込柳町駅|茗荷谷駅|護国寺駅|飯田橋駅|若松河田駅|面影橋駅,281.0,,,,tag:feature:24h,20,+20(rental=1),0,1
24時間使えるレンタルダンススタジオ 東京,条件,S,[吉祥寺ダンススタジオ] Studio Amrita NORTH,〒180-0004 東京都武蔵野市吉祥寺本町２丁目５-１０ いちご吉祥寺ビル B1,,0,吉祥寺,吉祥寺,吉祥寺駅,吉祥寺駅,436.0,,,,tag:feature:24h,65,+20(rental=1)|+25(ダンススタジオ)|+20(web),0,1
24時間使えるレンタルダンススタジオ 東京,条件,S,新宿レンタルスタジオ アルファ,〒160-0022 東京都新宿区８ 新宿5丁目8番21号 サンジュリ23号室,,0,新宿,新宿|西新宿|高田馬場|新大久保,新宿駅,新宿駅|西武新宿駅,823.0,,,,tag:feature:24h,50,+20(rental=1)|+30(レンタルスタジオ),0,1
24時間使えるレンタルダンススタジオ 東京,条件,S,【レンタルスタジオ】SPICY CANDY【ボディメイク】,〒111-0053 東京都台東区浅草橋４丁目２-８ 伊藤ビル １F,,0,上野,上野|浅草|御徒町|蔵前,秋葉原駅,秋葉原駅|蔵前駅,730.0,,,,tag:feature:24h,50,+20(rental=1)|+30(レンタルスタジオ),0,1
24時間使えるレンタルダンススタジオ 東京,条件,S,BUZZ レンタルスタジオ新宿4丁目店,〒160-0022 東京都新宿区新宿４丁目２-２１ 相模ビル B1F,,0,新宿,新宿|西新宿|高田馬場|新大久保,新宿駅,新宿駅|代々木駅|西武新宿駅,355.0,,,,tag:feature:24h,50,+20(rental=1)|+30(レンタルスタジオ),0,1
24時間使えるレンタルダンススタジオ 東京,条件,S,スタジオジパング 新宿スタジオSTANDARD,〒160-0022 東京都新宿区新宿５丁目１０-２０ JKKグループ本社ビル1F,,0,新宿,新宿|西新宿|高田馬場|新大久保,新宿駅,新宿駅|西武新宿駅,762.0,,,,tag:feature:24h,20,+20(rental=1),0,1
24時間使えるレンタルダンススタジオ 東京,条件,S,レンタルスタジオマイレッスン 新宿御苑前,〒160-0022 東京都新宿区新宿１丁目１７-１,,0,新宿,新宿|西新宿|高田馬場|新大久保,新宿駅,新宿駅|代々木駅,1066.0,,,,tag:feature:24h,50,+20(rental=1)|+30(レンタルスタジオ),0,1
24時間使えるレンタルダンススタジオ 東京,条件,S,レンタルスタジオ 301,〒160-0021 東京都新宿区歌舞伎町２丁目８-１２ 新宿グリーンプラザ 301号,,0,新宿,新宿|西新宿|高田馬場|新大久保,西武新宿駅,西武新宿駅|新宿駅|新大久保駅,507.0,,,,tag:feature:24h,50,+20(rental=1)|+30(レンタルスタジオ),0,1
24時間使えるレンタルダンススタジオ 東京,条件,S,【福岡校】YKAダンススタジオ,〒812-0023 福岡県福岡市博多区奈良屋町１-１８ ハードビル 3階,,0,その他,その他,呉服町駅,呉服町駅|中洲川端駅|千代県庁口駅|櫛田神社前駅|祇園駅|天神駅|天神南駅|西鉄福岡（天神）駅|博多駅|渡辺通駅,294.0,,,,tag:feature:24h,45,+20(rental=1)|+25(ダンススタジオ),0,1
24時間使えるレンタルダンススタジオ 東京,条件,S,ENCE Rental Studio 四谷三丁目【新宿エリアのレンタルスタジオ】,〒160-0017 東京都新宿区左門町１-１７ アパルトマン 四谷 102,,0,新宿,新宿|西新宿|高田馬場|新大久保,四谷三丁目駅,四谷三丁目駅|曙橋駅|四ツ谷駅|信濃町駅|新宿御苑前駅|国立競技場駅|千駄ケ谷駅|市ケ谷駅|若松河田駅|麹町駅,109.0,,,,tag:feature:24h,70,+20(rental=1)|+30(レンタルスタジオ)|+20(web),0,1
24時間使えるレンタルダンススタジオ 東京,条件,S,BUZZ レンタルスタジオ 代々木店,〒151-0053 東京都渋谷区代々木１丁目３６-１ ミユキビル B1F,,0,渋谷,渋谷|恵比寿|代官山|原宿,代々木駅,代々木駅|新宿駅,148.0,,,,tag:feature:24h,50,+20(rental=1)|+30(レンタルスタジオ),0,1
24時間使えるレンタルダンススタジオ 東京,条件,S,?JDS 自由が丘のレンタルスタジオ,〒152-0035 東京都目黒区自由が丘１丁目３-２２ JSDスタジオ,,0,中目黒,中目黒,自由が丘駅,自由が丘駅,278.0,,,,tag:feature:24h,50,+20(rental=1)|+30(レンタルスタジオ),0,1
24時間使えるレンタルダンススタジオ 東京,条件,S,レンタルスペース「301」,〒160-0021 東京都新宿区歌舞伎町２丁目８-１２ 新宿グリーンプラザ 301号,,0,新宿,新宿|西新宿|高田馬場|新大久保,西武新宿駅,西武新宿駅|新宿駅|新大久保駅,507.0,,,,tag:feature:24h,20,+20(rental=1),0,1
24時間使えるレンタルダンススタジオ 東京,条件,S,レンタルスタジオ「Ten（テン）」,〒160-0021 東京都新宿区歌舞伎町２丁目８-１２ 新宿グリーンプラザ 303号,,0,新宿,新宿|西新宿|高田馬場|新大久保,西武新宿駅,西武新宿駅|新宿駅|新大久保駅,507.0,,,,tag:feature:24h,50,+20(rental=1)|+30(レンタルスタジオ),0,1
24時間使えるレンタルダンススタジオ 東京,条件,S,Studio.m 新宿レンタルスタジオ,〒160-0022 東京都新宿区新宿５丁目１５?号２ 池与ビル ２０３,,0,新宿,新宿|西新宿|高田馬場|新大久保,西武新宿駅,西武新宿駅|新宿駅|新大久保駅,642.0,,,,tag:feature:24h,50,+20(rental=1)|+30(レンタルスタジオ),0,1
24時間使えるレンタルダンススタジオ 東京,条件,S,A la neigeバレエ,〒150-0043 東京都渋谷区道玄坂１丁目１９-１１ 寿道玄坂ビル B１,,0,渋谷,渋谷|恵比寿|代官山|原宿,渋谷駅,渋谷駅,529.0,,,,tag:feature:24h,20,+20(rental=1),0,1
24時間使えるレンタルダンススタジオ 東京,条件,S,A-KIDS DANCE STUDIO,〒191-0011 東京都日野市日野本町４丁目５-５ ＨＳビル 2F,,0,日野,日野,日野駅,日野駅,178.0,,,,tag:feature:24h,45,+20(rental=1)|+25(ダンススタジオ),0,1
24時間使えるレンタルダンススタジオ 東京,条件,S,A.R.P studio,〒164-0011 東京都中野区中央２丁目５８-21 B1,,0,中野,中野,中野坂上駅,中野坂上駅|東中野駅|新中野駅|中野新橋駅|落合駅|中野駅|西新宿五丁目駅（清水橋）|西新宿駅|中野富士見町駅|大久保駅,574.0,,,,tag:feature:24h,20,+20(rental=1),0,1
24時間使えるレンタルダンススタジオ 東京,条件,S,studio SLASH,〒151-0064 東京都渋谷区上原１丁目２１-１０ B1,,0,渋谷,渋谷|恵比寿|代官山|原宿,代々木上原駅,代々木上原駅|代々木八幡駅|代々木公園駅|東北沢駅|駒場東大前駅|幡ヶ谷駅|池ノ上駅|初台駅|笹塚駅|参宮橋駅,264.0,,,,tag:feature:24h,20,+20(rental=1),0,1
24時間使えるレンタルダンススタジオ 東京,条件,S,ACCA STUDIO,〒130-0005 東京都墨田区東駒形３丁目１９-１３,,0,錦糸町,錦糸町,押上駅,押上駅|浅草駅|蔵前駅,681.0,,,,tag:feature:24h,20,+20(rental=1),0,1
24時間使えるレンタルダンススタジオ 東京,条件,S,ACEスタジオ馬喰町日本橋,〒103-0003 東京都中央区日本橋横山町７-１９ イチオクビル 地下１階 7-19第３５,,0,銀座,銀座|日本橋|八丁堀|月島,秋葉原駅,秋葉原駅,1042.0,,,,tag:feature:24h,20,+20(rental=1),0,1
24時間使えるレンタルダンススタジオ 東京,条件,S,ACFit 赤坂見附スタジオ,〒107-0052 東京都港区赤坂３丁目４-３ 赤坂マカベビル B1F,,0,六本木,六本木|赤坂|麻布|新橋,赤坂駅,赤坂駅,160.0,,,,tag:feature:24h,20,+20(rental=1),0,1
24時間使えるレンタルダンススタジオ 東京,条件,S,AK BALLET SCHOOL浦安,〒279-0003 千葉県浦安市海楽１丁目２-６ 2F Room3,,0,その他,その他,新浦安駅,新浦安駅|浦安駅,975.0,,,,tag:feature:24h,20,+20(rental=1),0,1
24時間使えるレンタルダンススタジオ 東京,条件,S,ALOK DANCE DORAMA COMPANY,〒169-0073 東京都新宿区百人町１丁目１３-９,,0,新宿,新宿|西新宿|高田馬場|新大久保,新大久保駅,新大久保駅|西武新宿駅|新宿駅,279.0,,,,tag:feature:24h,20,+20(rental=1),0,1
24時間使えるレンタルダンススタジオ 東京,条件,S,alt studio (オルトスタジオ),〒101-0051 東京都千代田区神田神保町１丁目64-３ 神保町ビル 6F,,0,秋葉原,秋葉原,神保町駅,神保町駅|水道橋駅|御茶ノ水駅|新御茶ノ水駅|九段下駅|小川町駅|竹橋駅|本郷三丁目駅|春日駅|後楽園駅,327.0,,,,tag:feature:24h,20,+20(rental=1),0,1
24時間使えるレンタルダンススタジオ 東京,条件,S,スタジオキャンパス 高田馬場店,〒169-0075 東京都新宿区高田馬場４丁目２９-１ B1F,,0,新宿,新宿|西新宿|高田馬場|新大久保,高田馬場駅,高田馬場駅|新大久保駅,483.0,,,,tag:feature:24h,20,+20(rental=1),0,1
24時間使えるレンタルダンススタジオ 東京,条件,S,Another ONE+ （銀座レンタルスペース）,〒104-0061 東京都中央区銀座３丁目１２-１８ 新岩間ビル 3F,,0,銀座,銀座|日本橋|八丁堀|月島,有楽町駅,有楽町駅|新橋駅|東京駅,700.0,,,,tag:feature:24h,20,+20(rental=1),0,1
24時間使えるレンタルダンススタジオ 東京,条件,S,スタジオジパング 新宿スタジオPRO,"ニューローレルビル ニューローレルビル地下1階, １丁目-３４-１１ 新宿 新宿区 東京都 160-0022",,0,新宿,新宿|西新宿|高田馬場|新大久保,新宿駅,新宿駅|西武新宿駅|代々木駅,926.0,,,,tag:feature:24h,20,+20(rental=1),0,1
24時間使えるレンタルダンススタジオ 東京,条件,S,ART GROOVE,〒114-0015 東京都北区中里２丁目５-８ レイハウス駒込 302,,0,赤羽,赤羽,駒込駅,駒込駅|田端駅|上中里駅|尾久駅|巣鴨駅|西ケ原駅|千石駅|荒川車庫前駅|梶原駅|本駒込駅,306.0,,,,tag:feature:24h,20,+20(rental=1),0,1
24時間使えるレンタルダンススタジオ 東京,条件,S,ソニズレンタルスタジオ東高円寺店,〒166-0003 東京都杉並区高円寺南１丁目６-５ 高円寺サマリヤマンション 松屋の隣,,0,高円寺,高円寺,中野駅,中野駅,1075.0,,,,tag:feature:24h,50,+20(rental=1)|+30(レンタルスタジオ),0,1
24時間使えるレンタルダンススタジオ 東京,条件,S,ATHLETE Studio,〒101-0044 東京都千代田区鍛冶町１丁目８-１ SRビル 3F,,0,秋葉原,秋葉原,秋葉原駅,秋葉原駅|東京駅,900.0,,,,tag:feature:24h,20,+20(rental=1),0,1
24時間使えるレンタルダンススタジオ 東京,条件,S,Aya Ballet School,〒152-0035 東京都目黒区洗足２丁目６-１５ 洗足21 B１F,,0,中目黒,中目黒,洗足駅,洗足駅|北千束駅|西小山駅|大岡山駅|旗の台駅|長原駅|洗足池駅|武蔵小山駅|緑が丘駅|荏原町駅,78.0,,,,tag:feature:24h,20,+20(rental=1),0,1
24時間使えるレンタルダンススタジオ 東京,条件,S,b-line dance studio,〒164-0012 東京都中野区本町３丁目３２-１５ クラウンズコートなかの 1階,,0,中野,中野,新中野駅,新中野駅|中野新橋駅|中野坂上駅|中野富士見町駅|中野駅|西新宿五丁目駅（清水橋）|東中野駅|東高円寺駅|西新宿駅|落合駅,511.0,,,,tag:feature:24h,45,+20(rental=1)|+25(ダンススタジオ),0,1
24時間使えるレンタルダンススタジオ 東京,条件,S,原宿ダンススタジオ SHIN RENTAL STUDIO,〒151-0051 東京都渋谷区千駄ケ谷３丁目６０-４ 地下1階,,0,渋谷,渋谷|恵比寿|代官山|原宿,原宿駅,原宿駅|代々木駅|表参道駅,479.0,,,,tag:feature:24h,70,+20(rental=1)|+30(レンタルスタジオ)|+20(web),0,1
24時間使えるレンタルダンススタジオ 東京,条件,S,Ballet & Dance DUE,〒136-0071 東京都江東区亀戸７丁目４３-５ 小林ビル,,0,豊洲,豊洲,亀戸水神駅,亀戸水神駅|亀戸駅|大島駅|西大島駅|東あずま駅|平井駅|東大島駅|小村井駅|錦糸町駅|住吉駅,405.0,,,,tag:feature:24h,20,+20(rental=1),0,1
24時間使えるレンタルダンススタジオ 東京,条件,S,Ballet & Dance TRE,〒130-0004 東京都墨田区本所３丁目７-９,,0,錦糸町,錦糸町,押上駅,押上駅|錦糸町駅|蔵前駅,971.0,,,,tag:feature:24h,20,+20(rental=1),0,1
24時間使えるレンタルダンススタジオ 東京,条件,S,Ballet & Dance UNO,〒130-0012 東京都墨田区太平３丁目１９-５ 鈴木ビル 1階,,0,錦糸町,錦糸町,錦糸町駅,錦糸町駅|押上駅,664.0,,,,tag:feature:24h,20,+20(rental=1),0,1
24時間使えるレンタルダンススタジオ 東京,条件,S,"マイレッスン 新宿A,Bスタジオ",〒160-0022 東京都新宿区新宿１丁目１３-１２,,0,新宿,新宿|西新宿|高田馬場|新大久保,新宿駅,新宿駅|代々木駅,1059.0,,,,tag:feature:24h,20,+20(rental=1),0,1
24時間使えるレンタルダンススタジオ 東京,条件,S,ラシーヌスタジオ,〒160-0005 東京都新宿区愛住町１６-１ ＡＮＮＥＸ倉石 2F,,0,新宿,新宿|西新宿|高田馬場|新大久保,なし,,,,,,tag:feature:24h,20,+20(rental=1),0,1
24時間使えるレンタルダンススタジオ 東京,条件,S,Ballet Studio M'z,〒107-0052 東京都港区赤坂７丁目９-７ 小林ビル 5F,,0,六本木,六本木|赤坂|麻布|新橋,赤坂駅,赤坂駅|六本木駅|青山一丁目駅,561.0,,,,tag:feature:24h,20,+20(rental=1),0,1
24時間使えるレンタルダンススタジオ 東京,条件,S,渋谷店 レンタルダンススタジオ ＲＯＯＴＳ,〒150-0011 東京都渋谷区東１丁目２４-８ トキワマツ72ビル A号,,0,渋谷,渋谷|恵比寿|代官山|原宿,渋谷駅,渋谷駅|恵比寿駅,681.0,,,,tag:feature:24h,60,+20(rental=1)|+40(レンタルダンス),0,1
24時間使えるレンタルダンススタジオ 東京,条件,S,Beat Box Dance Studio,〒151-0053 東京都渋谷区代々木１丁目４２-２,,0,渋谷,渋谷|恵比寿|代官山|原宿,代々木駅,代々木駅|新宿駅,232.0,,,,tag:feature:24h,45,+20(rental=1)|+25(ダンススタジオ),0,1
24時間使えるレンタルダンススタジオ 東京,条件,S,中野 レンタルスタジオ オドリバ,〒164-0001 東京都中野区中野５丁目３２-６ 中野城西ビル B-7号室,,0,中野,中野,中野駅,中野駅,163.0,,,,tag:feature:24h,50,+20(rental=1)|+30(レンタルスタジオ),0,1
24時間使えるレンタルダンススタジオ 東京,条件,S,ナ・ホク・オ・カヘアラニ フラ＆タヒチアン,〒107-0061 東京都港区北青山３丁目５-９ KAZU表参道 202号室,,0,六本木,六本木|赤坂|麻布|新橋,表参道駅,表参道駅|外苑前駅|原宿駅,242.0,,,,tag:feature:24h,20,+20(rental=1),0,1
24時間使えるレンタルダンススタジオ 東京,条件,S,BillionDance,〒542-0084 大阪府大阪市中央区宗右衛門町１-２７ ゴールドウッズミッテラビルB1F,,0,銀座,銀座|日本橋|八丁堀|月島,近鉄日本橋駅,近鉄日本橋駅|日本橋駅|長堀橋駅|大阪難波駅|心斎橋駅|なんば駅|四ツ橋駅|谷町九丁目駅|ＪＲ難波駅|谷町六丁目駅,360.0,,,,tag:feature:24h,20,+20(rental=1),0,1
24時間使えるレンタルダンススタジオ 東京,条件,S,BLM Dance School,〒196-0033 東京都昭島市１６ 東町1-16-11 4F,,0,東京,東京,西立川駅,西立川駅|東中神駅|中神駅,255.0,,,,tag:feature:24h,20,+20(rental=1),0,1
24時間使えるレンタルダンススタジオ 東京,条件,S,BLOOMIN'新丸子店,〒211-0004 神奈川県川崎市中原区新丸子東１丁目７９４,,0,その他,その他,新丸子駅,新丸子駅|武蔵小杉駅|沼部駅|向河原駅|多摩川駅|鵜の木駅|御嶽山駅|田園調布駅|久が原駅|雪が谷大塚駅,224.0,,,,tag:feature:24h,20,+20(rental=1),0,1
24時間使えるレンタルダンススタジオ 東京,条件,S,SHOJIN Show-Base Tokyo,〒169-0075 東京都新宿区高田馬場４丁目１１-10VORT Briller4F SHOJIN Show-Base Tokyo,,0,新宿,新宿|西新宿|高田馬場|新大久保,高田馬場駅,高田馬場駅,184.0,,,,tag:feature:24h,20,+20(rental=1),0,1
24時間使えるレンタルダンススタジオ 東京,条件,S,Brilliant Me Dance Studio 鹿浜校,〒123-0864 東京都足立区鹿浜７丁目１２-４,,0,北千住,北千住,西新井大師西駅,西新井大師西駅|谷在家駅|江北駅|舎人公園駅|大師前駅|高野駅,571.0,,,,tag:feature:24h,45,+20(rental=1)|+25(ダンススタジオ),0,1
24時間使えるレンタルダンススタジオ 東京,条件,S,ARTIST DANCE STUDIO,〒150-0036 東京都渋谷区南平台町１-９ 南平台宝来ビル B1,,0,渋谷,渋谷|恵比寿|代官山|原宿,渋谷駅,渋谷駅,499.0,,,,tag:feature:24h,45,+20(rental=1)|+25(ダンススタジオ),0,1
24時間使えるレンタルダンススタジオ 東京,条件,S,BRONX RENTAL STUDIO,〒155-0031 東京都世田谷区北沢２丁目５-１０,,0,下北沢,下北沢|三軒茶屋|二子玉川|自由が丘,下北沢駅,下北沢駅,106.0,,,,tag:feature:24h,50,+20(rental=1)|+30(レンタルスタジオ),0,1
24時間使えるレンタルダンススタジオ 東京,条件,S,BT Dance Studio,〒444-0852 愛知県岡崎市南明大寺町４-１４,,0,その他,その他,六名駅,六名駅|東岡崎駅|岡崎公園前駅|中岡崎駅|岡崎駅|男川駅,893.0,,,,tag:feature:24h,45,+20(rental=1)|+25(ダンススタジオ),0,1
24時間使えるレンタルダンススタジオ 東京,条件,S,BUZZ SHIBUYA店,〒150-0042 東京都渋谷区宇田川町４-１０ 宇田川町ビル B1～3F,,0,渋谷,渋谷|恵比寿|代官山|原宿,渋谷駅,渋谷駅|原宿駅,624.0,,,,tag:feature:24h,20,+20(rental=1),0,1
24時間使えるレンタルダンススタジオ 東京,条件,S,BUZZ レンタルスタジオ 池袋本店,〒171-0022 東京都豊島区南池袋１丁目２０-１ 横田ビル 3F,,0,池袋,池袋|目白|大塚|巣鴨,池袋駅,池袋駅,241.0,,,,tag:feature:24h,50,+20(rental=1)|+30(レンタルスタジオ),0,1
24時間使えるレンタルダンススタジオ 東京,条件,S,C Production Dance Studio,〒170-0014 東京都豊島区池袋１丁目８-５ シーステージ池袋 5F,,0,池袋,池袋|目白|大塚|巣鴨,池袋駅,池袋駅,806.0,,,,tag:feature:24h,45,+20(rental=1)|+25(ダンススタジオ),0,1
24時間使えるレンタルダンススタジオ 東京,条件,S,Cadena Flamenca,〒151-0053 東京都渋谷区代々木１丁目４２-２,,0,渋谷,渋谷|恵比寿|代官山|原宿,代々木駅,代々木駅|新宿駅,246.0,,,,tag:feature:24h,20,+20(rental=1),0,1
24時間使えるレンタルダンススタジオ 東京,条件,S,BUZZ 池袋西口タワー,〒171-0014 東京都豊島区池袋２丁目３７-８ ジオ・ステージ池袋,,0,池袋,池袋|目白|大塚|巣鴨,池袋駅,池袋駅,586.0,,,,tag:feature:24h,20,+20(rental=1),0,1
24時間使えるレンタルダンススタジオ 東京,条件,S,CAMURO DANCE STUDIO,〒540-0025 大阪府大阪市中央区徳井町１丁目１-７ 松田ビル,,0,銀座,銀座|日本橋|八丁堀|月島,谷町四丁目駅,谷町四丁目駅|天満橋駅|堺筋本町駅|谷町六丁目駅|松屋町駅|北浜駅|長堀橋駅|大阪城北詰駅|大阪ビジネスパーク駅|大阪天満宮駅,246.0,,,,tag:feature:24h,45,+20(rental=1)|+25(ダンススタジオ),0,1
24時間使えるレンタルダンススタジオ 東京,条件,S,CARDIO BARRE JIYUGAOKA (カーディオ・バー 自由が丘店),〒152-0035 東京都目黒区自由が丘２丁目１０-４ ミルシェ自由が丘 5階,,0,中目黒,中目黒,自由が丘駅,自由が丘駅,132.0,,,,tag:feature:24h,20,+20(rental=1),0,1
24時間使えるレンタルダンススタジオ 東京,条件,S,CARDIO BARRE SHIBUYA (カーディオ・バー 渋谷店),〒150-0002 東京都渋谷区渋谷１丁目１４-１１ BCサロン 地下１階,,0,渋谷,渋谷|恵比寿|代官山|原宿,渋谷駅,渋谷駅|表参道駅|原宿駅,222.0,,,,tag:feature:24h,20,+20(rental=1),0,1
24時間使えるレンタルダンススタジオ 東京,条件,S,CARDIO BARRE SHINJUKU (カーディオ・バー 新宿店),〒160-0022 東京都新宿区新宿４丁目２-１６ パシフィックマークス新宿サウスゲート 2階,,0,新宿,新宿|西新宿|高田馬場|新大久保,新宿駅,新宿駅|代々木駅|西武新宿駅,351.0,,,,tag:feature:24h,20,+20(rental=1),0,1
24時間使えるレンタルダンススタジオ 東京,条件,S,Caribbean explosion,〒194-0012 東京都町田市金森１丁目３-１ Hamanoya 202,,0,町田,町田,町田駅,町田駅,991.0,,,,tag:feature:24h,20,+20(rental=1),0,1
24時間使えるレンタルダンススタジオ 東京,条件,S,BUZZ レンタルスタジオ池袋東口BASE,〒170-0013 東京都豊島区東池袋１丁目３６-７ B1,https://dance-studio-lab.com/room/NWY2ZjE2OGUtZDYyYi00ZTk5LThlMjctZDI1YjllMmRjM2Jk/detail,1,池袋,池袋|目白|大塚|巣鴨,池袋駅,池袋駅,608.0,,,,tag:feature:24h,80,+30(dslurl)|+20(rental=1)|+30(レンタルスタジオ),0,1
24時間使えるレンタルダンススタジオ 東京,条件,S,BUZZ レンタルスタジオ 渋谷東口SQUARE店,〒150-0002 東京都渋谷区渋谷２丁目２２-８ 名取ビル 1F,,0,渋谷,渋谷|恵比寿|代官山|原宿,渋谷駅,渋谷駅|表参道駅,177.0,,,,tag:feature:24h,50,+20(rental=1)|+30(レンタルスタジオ),0,1
24時間使えるレンタルダンススタジオ 東京,条件,S,Clover 26,〒206-0033 東京都多摩市落合２丁目３３ 2階,,0,多摩センター,多摩センター,小田急多摩センター駅,小田急多摩センター駅|京王多摩センター駅|唐木田駅,566.0,,,,tag:feature:24h,20,+20(rental=1),0,1
24時間使えるレンタルダンススタジオ 東京,条件,S,"in the house / Shibuya ""Gallery""",〒150-0001 東京都渋谷区神宮前６丁目２３-１２,,0,渋谷,渋谷|恵比寿|代官山|原宿,原宿駅,原宿駅|渋谷駅|表参道駅,573.0,,,,tag:feature:24h,20,+20(rental=1),0,1
24時間使えるレンタルダンススタジオ 東京,条件,S,CurioSpace多摩センター,〒206-0042 東京都多摩市山王下１丁目13-１２ パールプラザ 204号,,0,多摩センター,多摩センター,京王多摩センター駅,京王多摩センター駅|小田急多摩センター駅|唐木田駅|京王堀之内駅,407.0,,,,tag:feature:24h,20,+20(rental=1),0,1
24時間使えるレンタルダンススタジオ 東京,条件,S,BUZZ レンタルスタジオ 渋谷PARK店,〒150-0042 東京都渋谷区宇田川町１９-５,https://dance-studio-lab.com/room/YmNlM2RmNGMtNGI0Mi00ZTg4LTk4OTYtNjY4NWRiM2JmNzhm/detail,1,渋谷,渋谷|恵比寿|代官山|原宿,渋谷駅,渋谷駅|原宿駅,448.0,,,,tag:feature:24h,80,+30(dslurl)|+20(rental=1)|+30(レンタルスタジオ),0,1
24時間使えるレンタルダンススタジオ 東京,条件,S,Cuuby dance school,,,0,その他,その他,高田馬場駅,高田馬場駅,877.0,,,,tag:feature:24h,20,+20(rental=1),0,1
24時間使えるレンタルダンススタジオ 東京,条件,S,『bco』 Private lesson/salon,〒150-0001 東京都渋谷区神宮前１丁目２１-１５ 2F奥 ナポレ原宿,,0,渋谷,渋谷|恵比寿|代官山|原宿,原宿駅,原宿駅|表参道駅|代々木駅,255.0,,,,tag:feature:24h,20,+20(rental=1),0,1
24時間使えるレンタルダンススタジオ 東京,条件,S,ダンススタジオ・レンタルスタジオ_DANCE SPACE 365,〒156-0041 東京都世田谷区大原１丁目２４-４ ローザ新代田 B1-2号室,,0,下北沢,下北沢|三軒茶屋|二子玉川|自由が丘,下北沢駅,下北沢駅,869.0,,,,tag:feature:24h,50,+20(rental=1)|+30(レンタルスタジオ),0,1
24時間使えるレンタルダンススタジオ 東京,条件,S,レンタルスタジオマイレッスン 渋谷店,〒150-0011 東京都渋谷区渋谷 東２-２０-１６ エストマニヴィア B1F,,0,渋谷,渋谷|恵比寿|代官山|原宿,恵比寿駅,恵比寿駅|渋谷駅,770.0,,,,tag:feature:24h,50,+20(rental=1)|+30(レンタルスタジオ),0,1
24時間使えるレンタルダンススタジオ 東京,条件,S,"in the house / Hatagaya ""Shack""",〒101 東京都渋谷区幡ケ谷２丁目８-１５ JP 151-0072 KODAビル B1F,,0,渋谷,渋谷|恵比寿|代官山|原宿,幡ヶ谷駅,幡ヶ谷駅|初台駅|笹塚駅|代々木上原駅|代々木八幡駅|東北沢駅|西新宿五丁目駅（清水橋）|参宮橋駅|代々木公園駅|中野新橋駅,85.0,,,,tag:feature:24h,20,+20(rental=1),0,1
24時間使えるレンタルダンススタジオ 東京,条件,S,Dance Studio Linda 中目黒,〒153-0043 東京都目黒区東山１丁目４-１３ ASA東山ビル １F,,0,中目黒,中目黒,池尻大橋駅,池尻大橋駅,1023.0,,,,tag:feature:24h,45,+20(rental=1)|+25(ダンススタジオ),0,1
24時間使えるレンタルダンススタジオ 東京,条件,S,D'CRE8 Dance Shtajio (ディークリエイトダンスシタジオ),〒164-0013 東京都中野区弥生町１丁目１１-２ B1,,0,中野,中野,西新宿五丁目駅（清水橋）,西新宿五丁目駅（清水橋）|中野坂上駅|中野新橋駅|都庁前駅|西新宿駅|初台駅|中野富士見町駅|新中野駅|幡ヶ谷駅|新宿西口駅,325.0,,,,tag:feature:24h,20,+20(rental=1),0,1
24時間使えるレンタルダンススタジオ 東京,条件,S,中目黒店 レンタルダンススタジオROOTS,〒153-0051 東京都目黒区上目黒１丁目５-１０ 中目黒マンション B6,,0,中目黒,中目黒,恵比寿駅,恵比寿駅,905.0,,,,tag:feature:24h,60,+20(rental=1)|+40(レンタルダンス),0,1
24時間使えるレンタルダンススタジオ 東京,条件,S,DANCE STUDIO A??,〒490-1111 愛知県あま市甚目寺八尻90,,0,その他,その他,甚目寺駅,甚目寺駅|須ヶ口駅|丸ノ内駅（名鉄）|新川橋駅,736.0,,,,tag:feature:24h,45,+20(rental=1)|+25(ダンススタジオ),0,1
24時間使えるレンタルダンススタジオ 東京,条件,S,Dance Studio Broomstick,〒123-0873 東京都足立区扇２丁目２５-１ 扇橋会館 ８F,,0,北千住,北千住,扇大橋駅,扇大橋駅|高野駅|足立小台駅|江北駅|宮ノ前駅|小台駅|熊野前駅|荒川遊園地前駅|東尾久三丁目駅|大師前駅,59.0,,,,tag:feature:24h,45,+20(rental=1)|+25(ダンススタジオ),0,1
24時間使えるレンタルダンススタジオ 東京,条件,S,スタジオセンティード Studio SENTIDO（レンタルスタジオ）,〒155-0031 東京都世田谷区北沢２丁目１８-５ 地下１階,,0,下北沢,下北沢|三軒茶屋|二子玉川|自由が丘,下北沢駅,下北沢駅,253.0,,,,tag:feature:24h,70,+20(rental=1)|+30(レンタルスタジオ)|+20(web),0,1
24時間使えるレンタルダンススタジオ 東京,条件,S,DANCE STUDIO Fossette -フォセット -,〒214-0032 神奈川県川崎市多摩区枡形３丁目２-１９,,0,その他,その他,向ヶ丘遊園駅,向ヶ丘遊園駅|登戸駅|生田駅|中野島駅|和泉多摩川駅,667.0,,,,tag:feature:24h,45,+20(rental=1)|+25(ダンススタジオ),0,1
24時間使えるレンタルダンススタジオ 東京,条件,S,スタジオジパング 梅ヶ丘スタジオPRO,〒154-0022 東京都世田谷区梅丘１丁目３３-９ モンド梅ヶ丘ビル地下1階,,0,下北沢,下北沢|三軒茶屋|二子玉川|自由が丘,梅ヶ丘駅,梅ヶ丘駅|豪徳寺駅|山下駅|東松原駅|世田谷代田駅|新代田駅|松原駅|宮の坂駅|若林駅|明大前駅,94.0,,,,tag:feature:24h,20,+20(rental=1),0,1
24時間使えるレンタルダンススタジオ 東京,条件,S,dance studio GROOVY ダンス＆ヨガ,"いづみ屋ビル 4階, ２丁目-２０-２ 成増 板橋区 東京都 175-0094",,0,成増,成増,地下鉄成増駅,地下鉄成増駅|成増駅|地下鉄赤塚駅|下赤塚駅,130.0,,,,tag:feature:24h,45,+20(rental=1)|+25(ダンススタジオ),0,1
24時間使えるレンタルダンススタジオ 東京,条件,S,駒澤大学店 レンタルダンススタジオ ＲＯＯＴＳ,〒154-0012 東京都世田谷区駒沢３丁目１-３ シャトレー駒沢 ２０４,,0,下北沢,下北沢|三軒茶屋|二子玉川|自由が丘,駒沢大学駅,駒沢大学駅|桜新町駅|松陰神社前駅|世田谷駅|上町駅|若林駅|西太子堂駅|三軒茶屋駅,522.0,,,,tag:feature:24h,60,+20(rental=1)|+40(レンタルダンス),0,1
24時間使えるレンタルダンススタジオ 東京,条件,S,DANCE STUDIO KOTOHA,〒454-0854 愛知県名古屋市中川区松年町３丁目５０,,0,その他,その他,中島駅,中島駅|港北駅|六番町駅|東海通駅|南荒子駅,1146.0,,,,tag:feature:24h,45,+20(rental=1)|+25(ダンススタジオ),0,1
24時間使えるレンタルダンススタジオ 東京,条件,S,DＡNCE Studio LEON 多目的スタジオ レオン,〒160-0022 東京都新宿区新宿５丁目１７-６ 201,,0,新宿,新宿|西新宿|高田馬場|新大久保,新宿駅,新宿駅|西武新宿駅|新大久保駅,557.0,,,,tag:feature:24h,20,+20(rental=1),0,1
24時間使えるレンタルダンススタジオ 東京,条件,S,レンタルスタジオ・ラカーサミア（カガダンサーズサポート）,〒980-0804 宮城県仙台市青葉区大町２丁目１０-２４ La casa mia ビル ２Ｆ,,0,その他,その他,大町西公園駅,大町西公園駅|国際センター駅|青葉通一番町駅|勾当台公園駅|広瀬通駅|川内駅|あおば通駅|北四番丁駅|仙台駅|五橋駅,132.0,,,,tag:feature:24h,50,+20(rental=1)|+30(レンタルスタジオ),0,1
24時間使えるレンタルダンススタジオ 東京,条件,S,DANCE STUDIO NEO,〒444-0009 愛知県岡崎市小呂町２丁目７０,,0,その他,その他,東岡崎駅,東岡崎駅,1969.0,,,,tag:feature:24h,45,+20(rental=1)|+25(ダンススタジオ),0,1
24時間使えるレンタルダンススタジオ 東京,条件,S,DANCE WORKS,〒150-0032 東京都渋谷区鶯谷町７-１０ ＮＭＤビル 2F-6F,,0,渋谷,渋谷|恵比寿|代官山|原宿,渋谷駅,渋谷駅|恵比寿駅,447.0,,,,tag:feature:24h,20,+20(rental=1),0,1
24時間使えるレンタルダンススタジオ 東京,条件,S,池ノ上道場 / 池ノ上スタジオ Ikenoue-dojo/Ikenoue studio,〒155-0032 東京都世田谷区代沢２丁目４８-２１ ２階,,0,下北沢,下北沢|三軒茶屋|二子玉川|自由が丘,下北沢駅,下北沢駅,520.0,,,,tag:feature:24h,20,+20(rental=1),0,1
24時間使えるレンタルダンススタジオ 東京,条件,S,Dance zone RESPECT,〒435-0008 静岡県浜松市中央区松小池町４５５-１,,0,銀座,銀座|日本橋|八丁堀|月島,なし,,,,,,tag:feature:24h,20,+20(rental=1),0,1
24時間使えるレンタルダンススタジオ 東京,条件,S,DANCE&RENTAL STUDIO ONEWAY,"パークサイド村本ビル 1F, １丁目-１-２７ 泉 東区 名古屋市 愛知県 461-0001",,0,その他,その他,久屋大通駅,久屋大通駅|名古屋城駅|高岳駅|栄町駅|東大手駅|栄駅|丸の内駅|清水駅|新栄町駅|伏見駅,403.0,,,,tag:feature:24h,50,+20(rental=1)|+30(レンタルスタジオ),0,1
24時間使えるレンタルダンススタジオ 東京,条件,S,Dancing Appaloosa ダンシング アパルーサ,〒152-0004 東京都目黒区鷹番３丁目４-１９ 江連ビル 3階 イズミダンススクール内,,0,中目黒,中目黒,学芸大学駅,学芸大学駅,53.0,,,,tag:feature:24h,20,+20(rental=1),0,1
24時間使えるレンタルダンススタジオ 東京,条件,S,蒲田・矢口渡レンタルスタジオ momobana,〒146-0095 東京都大田区多摩川１丁目１８-１ 2階,,0,蒲田,蒲田,矢口渡駅,矢口渡駅|武蔵新田駅|蓮沼駅|池上駅|千鳥町駅|下丸子駅|蒲田駅,308.0,,,,tag:feature:24h,50,+20(rental=1)|+30(レンタルスタジオ),0,1
24時間使えるレンタルダンススタジオ 東京,条件,S,DAYS赤坂見附,〒107-0052 東京都港区赤坂３丁目９-１ 紀陽 ビル,,0,六本木,六本木|赤坂|麻布|新橋,赤坂駅,赤坂駅,433.0,,,,tag:feature:24h,20,+20(rental=1),0,1
24時間使えるレンタルダンススタジオ 東京,条件,S,レンタルスタジオ N.studio,〒146-0091 東京都大田区鵜の木２丁目５-１ イーグル鵜の木,,0,蒲田,蒲田,鵜の木駅,鵜の木駅|下丸子駅|久が原駅|千鳥町駅|沼部駅|御嶽山駅|向河原駅|武蔵新田駅|新丸子駅|平間駅,53.0,,,,tag:feature:24h,50,+20(rental=1)|+30(レンタルスタジオ),0,1
24時間使えるレンタルダンススタジオ 東京,条件,S,DCNスタジオ,〒104-0052 東京都中央区月島１丁目１４-７ 旭倉庫内,,0,銀座,銀座|日本橋|八丁堀|月島,月島駅,月島駅|築地駅|新富町駅|勝どき駅|越中島駅|八丁堀駅|築地市場駅|宝町駅|東銀座駅|門前仲町駅,343.0,,,,tag:feature:24h,40,+20(rental=1)|+20(web),0,1
24時間使えるレンタルダンススタジオ 東京,条件,S,dスタ（レンタルスタジオ）,〒107-0062 東京都港区南青山２丁目２４-１５ 青山タワービル 15F,,0,六本木,六本木|赤坂|麻布|新橋,外苑前駅,外苑前駅|青山一丁目駅|表参道駅,68.0,,,,tag:feature:24h,50,+20(rental=1)|+30(レンタルスタジオ),0,1
24時間使えるレンタルダンススタジオ 東京,条件,S,EMI HULA STUDIO,〒134-0013 東京都江戸川区江戸川６丁目,,0,西葛西,西葛西,一之江駅,一之江駅|船堀駅|瑞江駅,989.0,,,,tag:feature:24h,20,+20(rental=1),0,1
24時間使えるレンタルダンススタジオ 東京,条件,S,EMI HULA STUDIO,,,0,その他,その他,なし,,,,,,tag:feature:24h,20,+20(rental=1),0,1
24時間使えるレンタルダンススタジオ 東京,条件,S,emotionS Dance Studio,〒180-0006 東京都武蔵野市中町１丁目２５-１０ 三祐ビル B1F,,0,吉祥寺,吉祥寺,三鷹駅,三鷹駅,220.0,,,,tag:feature:24h,45,+20(rental=1)|+25(ダンススタジオ),0,1
24時間使えるレンタルダンススタジオ 東京,条件,S,ENERGY DANCE STUDIO,〒354-0018 埼玉県富士見市西みずほ台１丁目２２-１１ テル・ビル 1F,,0,その他,その他,みずほ台駅,みずほ台駅|鶴瀬駅|柳瀬川駅,303.0,,,,tag:feature:24h,45,+20(rental=1)|+25(ダンススタジオ),0,1
24時間使えるレンタルダンススタジオ 東京,条件,S,Estudio ILIA FLAMENCA,〒101-0051 東京都千代田区神田神保町１丁目２５-４ 神保町ビル B1 SH神田南,,0,秋葉原,秋葉原,神保町駅,神保町駅|新御茶ノ水駅|竹橋駅|小川町駅|御茶ノ水駅|九段下駅|神田駅|水道橋駅|大手町駅|岩本町駅,281.0,,,,tag:feature:24h,20,+20(rental=1),0,1
24時間使えるレンタルダンススタジオ 東京,条件,S,ETERNAL DANCE STUDIO,〒197-0022 東京都福生市本町１４２ ２Ｆ,,0,福生,福生,福生駅,福生駅|東福生駅|牛浜駅|熊川駅,105.0,,,,tag:feature:24h,45,+20(rental=1)|+25(ダンススタジオ),0,1
24時間使えるレンタルダンススタジオ 東京,条件,S,EXスタジオ麹町,〒102-0083 東京都千代田区麹町２丁目２-４ 麹町セントラルビル 5階,,0,秋葉原,秋葉原,半蔵門駅,半蔵門駅|麹町駅|永田町駅|市ケ谷駅|赤坂見附駅|四ツ谷駅|国会議事堂前駅|溜池山王駅|赤坂駅|九段下駅,105.0,,,,tag:feature:24h,20,+20(rental=1),0,1
24時間使えるレンタルダンススタジオ 東京,条件,S,EyeCandyポールダンス秋葉原スタジオ,〒101-0021 東京都千代田区外神田２丁目１-１３,,0,秋葉原,秋葉原,秋葉原駅,秋葉原駅,544.0,,,,tag:feature:24h,20,+20(rental=1),0,1
24時間使えるレンタルダンススタジオ 東京,条件,S,F1 STUDIO,〒136-0082 東京都江東区新木場１丁目３-１３,,0,豊洲,豊洲,新木場駅,新木場駅|辰巳駅|潮見駅|東雲駅,259.0,,,,tag:feature:24h,20,+20(rental=1),0,1
24時間使えるレンタルダンススタジオ 東京,条件,S,FACTORYカレッタスタジオ,〒105-7001 東京都港区東新橋１丁目８-１ B2 カレッタスタジオ,,0,六本木,六本木|赤坂|麻布|新橋,新橋駅,新橋駅|有楽町駅|浜松町駅,354.0,,,,tag:feature:24h,20,+20(rental=1),0,1
24時間使えるレンタルダンススタジオ 東京,条件,S,FANTASY DANCE SCHOOL 八王子店,〒192-0904 東京都八王子市子安町１丁目２６-１４ 26-14 301,,0,八王子,八王子,八王子駅,八王子駅,389.0,,,,tag:feature:24h,20,+20(rental=1),0,1
24時間使えるレンタルダンススタジオ 東京,条件,S,TONIC DANCE STUDIO 吉祥寺,〒180-0002 東京都武蔵野市吉祥寺東町１丁目１０-２１ 地下1階 西郊ビル,,0,吉祥寺,吉祥寺,吉祥寺駅,吉祥寺駅,393.0,,,,tag:feature:24h,45,+20(rental=1)|+25(ダンススタジオ),0,1
24時間使えるレンタルダンススタジオ 東京,条件,S,LIMITED Creaation. dance studio,〒180-0004 東京都武蔵野市１丁目２４-７ 吉祥寺光ビル 6F 吉祥寺,,0,吉祥寺,吉祥寺,吉祥寺駅,吉祥寺駅,146.0,,,,tag:feature:24h,45,+20(rental=1)|+25(ダンススタジオ),0,1
24時間使えるレンタルダンススタジオ 東京,条件,S,レンタルスタジオ吉祥寺OLI（オリ）,〒180-0003 東京都武蔵野市吉祥寺南町２丁目２０-１ 吉祥寺オリンピックマンション B8,,0,吉祥寺,吉祥寺,吉祥寺駅,吉祥寺駅,475.0,,,,tag:feature:24h,70,+20(rental=1)|+30(レンタルスタジオ)|+20(web),0,1
24時間使えるレンタルダンススタジオ 東京,条件,S,ノアスタジオ 吉祥寺店,〒180-0004 東京都武蔵野市吉祥寺本町２丁目１６-１２ B１F,,0,吉祥寺,吉祥寺,吉祥寺駅,吉祥寺駅,406.0,,,,tag:feature:24h,20,+20(rental=1),0,1
24時間使えるレンタルダンススタジオ 東京,条件,S,吉祥寺 レンタルスタジオ さんだる倶楽部,〒180-0003 東京都武蔵野市吉祥寺南町１丁目３０-１ パークヴィラ吉祥寺２階,,0,吉祥寺,吉祥寺,吉祥寺駅,吉祥寺駅,395.0,,,,tag:feature:24h,50,+20(rental=1)|+30(レンタルスタジオ),0,1
24時間使えるレンタルダンススタジオ 東京,条件,S,FIVE O DANCE STUDIO 狛江（ファイブオーダンススタジオ）,〒201-0014 東京都狛江市東和泉１丁目２０-１ 第三登戸ビル,,0,狛江,狛江,狛江駅,狛江駅|和泉多摩川駅|喜多見駅|登戸駅|宿河原駅,76.0,,,,tag:feature:24h,45,+20(rental=1)|+25(ダンススタジオ),0,1
24時間使えるレンタルダンススタジオ 東京,条件,S,レンタルスタジオOLI（オリ） 三鷹 ［定員30名 教室レッスン、スポットレンタルできます］,〒180-0013 東京都武蔵野市西久保２丁目１-１０ Ｙ’Ｓビル B１ ワイズビル,,0,吉祥寺,吉祥寺,三鷹駅,三鷹駅,628.0,,,,tag:feature:24h,30,+20(rental=1)|+30(レンタルスタジオ)|+20(web)|-40(教室),0,1
24時間使えるレンタルダンススタジオ 東京,条件,S,FIVE O DANCE STUDIO 二子玉川,〒157-0077 東京都世田谷区鎌田２丁目２５-９,,0,下北沢,下北沢|三軒茶屋|二子玉川|自由が丘,二子玉川駅,二子玉川駅|二子新地駅|久地駅,1762.0,,,,tag:feature:24h,45,+20(rental=1)|+25(ダンススタジオ),0,1
24時間使えるレンタルダンススタジオ 東京,条件,S,FLAG POINT,〒171-0043 東京都豊島区２１ 豊島区要町1丁目21-10 三井ビル2F,,0,池袋,池袋|目白|大塚|巣鴨,要町駅,要町駅|千川駅|椎名町駅|東長崎駅|池袋駅|落合南長崎駅|大山駅|目白駅|小竹向原駅,283.0,,,,tag:feature:24h,20,+20(rental=1),0,1
24時間使えるレンタルダンススタジオ 東京,条件,S,FREEDA LIFESTYLE＋,〒106-0044 東京都港区東麻布１丁目２６-８ プライム東麻布 3F,,0,六本木,六本木|赤坂|麻布|新橋,麻布十番駅,麻布十番駅|浜松町駅|田町駅,921.0,,,,tag:feature:24h,20,+20(rental=1),0,1
24時間使えるレンタルダンススタジオ 東京,条件,S,FunnyTips（ファニーティップス）,〒101-0021 東京都千代田区外神田５丁目５-７ パンセ秋葉原 B1F,,0,秋葉原,秋葉原,秋葉原駅,秋葉原駅|上野駅,633.0,,,,tag:feature:24h,20,+20(rental=1),0,1
24時間使えるレンタルダンススタジオ 東京,条件,S,バレエ・ダンススタジオ Lino,〒168-0082 東京都杉並区久我山５丁目７-１３ 地下1階 メリディアン,,0,高円寺,高円寺,久我山駅,久我山駅|富士見ヶ丘駅|三鷹台駅|高井戸駅|西荻窪駅|井の頭公園駅,78.0,,,,tag:feature:24h,45,+20(rental=1)|+25(ダンススタジオ),0,1
24時間使えるレンタルダンススタジオ 東京,条件,S,レンタルスタジオ西荻リノ,〒167-0042 東京都杉並区西荻北２丁目３-９ グランピア西荻窪 Ｂ101,,0,高円寺,高円寺,西荻窪駅,西荻窪駅|荻窪駅|三鷹台駅|井の頭公園駅|久我山駅|吉祥寺駅,156.0,,,,tag:feature:24h,50,+20(rental=1)|+30(レンタルスタジオ),0,1
24時間使えるレンタルダンススタジオ 東京,条件,S,スタジオLINOVA（リノ・バ）,〒167-0054 東京都杉並区松庵３丁目１-６ 松庵ユニオンビル B1,,0,高円寺,高円寺,西荻窪駅,西荻窪駅|三鷹台駅|久我山駅|井の頭公園駅|吉祥寺駅|富士見ヶ丘駅,552.0,,,,tag:feature:24h,20,+20(rental=1),0,1
24時間使えるレンタルダンススタジオ 東京,条件,S,Gloire Ballet Studio,〒182-0022 東京都調布市国領町４丁目9-４ 九曜国領駅前ビル 4F,,0,調布,調布,調布駅,調布駅,1180.0,,,,tag:feature:24h,20,+20(rental=1),0,1
24時間使えるレンタルダンススタジオ 東京,条件,S,レンタルスタジオOLI,〒166-0004 東京都杉並区阿佐谷南１丁目１５-１４ サンフェリーペ 101号室,,0,高円寺,高円寺,南阿佐ケ谷駅,南阿佐ケ谷駅|阿佐ヶ谷駅|新高円寺駅|高円寺駅|荻窪駅|東高円寺駅,144.0,,,,tag:feature:24h,70,+20(rental=1)|+30(レンタルスタジオ)|+20(web),0,1
24時間使えるレンタルダンススタジオ 東京,条件,S,スタジオジパング 久我山スタジオSTANDARD,〒168-0082 東京都杉並区久我山５丁目７-１３ メリディアン B1,,0,高円寺,高円寺,久我山駅,久我山駅|富士見ヶ丘駅|三鷹台駅|高井戸駅|西荻窪駅|井の頭公園駅,83.0,,,,tag:feature:24h,20,+20(rental=1),0,1
24時間使えるレンタルダンススタジオ 東京,条件,S,三鷹レンタルスタジオRin,〒181-0013 東京都三鷹市下連雀３丁目２３-１２ アージェントビル 402,,0,三鷹,三鷹,三鷹駅,三鷹駅,165.0,,,,tag:feature:24h,50,+20(rental=1)|+30(レンタルスタジオ),0,1
24時間使えるレンタルダンススタジオ 東京,条件,S,grow dance studio,〒522-0043 滋賀県彦根市小泉町６２０-３,,0,その他,その他,南彦根駅,南彦根駅|彦根口駅|高宮駅,300.0,,,,tag:feature:24h,45,+20(rental=1)|+25(ダンススタジオ),0,1
24時間使えるレンタルダンススタジオ 東京,条件,S,H?lau Hula Coco,〒104-0045 東京都中央区築地１丁目１２-１５ 三ツ田ビル 4F,,0,銀座,銀座|日本橋|八丁堀|月島,有楽町駅,有楽町駅|新橋駅,967.0,,,,tag:feature:24h,20,+20(rental=1),0,1
24時間使えるレンタルダンススタジオ 東京,条件,S,HARA Studio,〒162-0042 東京都新宿区早稲田町７４-１４ 地下1F S.T ビル,,0,新宿,新宿|西新宿|高田馬場|新大久保,早稲田駅,早稲田駅|牛込柳町駅|若松河田駅|面影橋駅|江戸川橋駅|神楽坂駅|西早稲田駅|牛込神楽坂駅|学習院下駅|曙橋駅,80.0,,,,tag:feature:24h,20,+20(rental=1),0,1
24時間使えるレンタルダンススタジオ 東京,条件,S,レンタルスタジオ、ダンススタジオ アレイティ,〒272-0132 千葉県市川市湊新田２丁目６-６ モロマンションB A棟 106号,,0,その他,その他,行徳駅,行徳駅|南行徳駅|市川塩浜駅|妙典駅,453.0,,,,tag:feature:24h,50,+20(rental=1)|+30(レンタルスタジオ),0,1
24時間使えるレンタルダンススタジオ 東京,条件,S,Hidemi Dancing Vida,〒141-0021 東京都品川区上大崎２丁目１０-３２ フラワープラザビル 202,,0,品川,品川|五反田|大井町|目黒,目黒駅,目黒駅|五反田駅,198.0,,,,tag:feature:24h,20,+20(rental=1),0,1
24時間使えるレンタルダンススタジオ 東京,条件,S,HuE スタジオ,〒676-0078 兵庫県高砂市伊保２丁目５-１８ ロイヤルコーポ 伊保 103,,0,その他,その他,伊保駅,伊保駅|荒井駅|山陽曽根駅,239.0,,,,tag:feature:24h,20,+20(rental=1),0,1
24時間使えるレンタルダンススタジオ 東京,条件,S,Hula Studio Huali,〒984-0838 宮城県仙台市若林区上飯田１丁目１９-５０,,0,その他,その他,なし,,,,,,tag:feature:24h,20,+20(rental=1),0,1
24時間使えるレンタルダンススタジオ 東京,条件,S,I.G.Oスタジオ,"4F, ３丁目-５-１ 西日暮里 荒川区 東京都 116-0013",,0,日暮里,日暮里,日暮里駅,日暮里駅,619.0,,,,tag:feature:24h,20,+20(rental=1),0,1
24時間使えるレンタルダンススタジオ 東京,条件,S,"in the house / Nishiwaseda ""Street Dance Park""",〒169-0075 東京都新宿区高田馬場１丁目１-１３ ONE ROOF FLAT NISHIWASEDA B1,,0,新宿,新宿|西新宿|高田馬場|新大久保,高田馬場駅,高田馬場駅,583.0,,,,tag:feature:24h,20,+20(rental=1),0,1
24時間使えるレンタルダンススタジオ 東京,条件,S,ダンススクエア 葛西スタジオ,〒134-0084 東京都江戸川区東葛西６丁目２-１０ 森ビル 7階,,0,西葛西,西葛西,葛西駅,葛西駅|西葛西駅|浦安駅,134.0,,,,tag:feature:24h,20,+20(rental=1),0,1
24時間使えるレンタルダンススタジオ 東京,条件,S,スタジオジパング 錦糸町スタジオSTANDARD,〒130-0012 東京都墨田区太平３丁目１４-１０ スズキビルディング 1階,,0,錦糸町,錦糸町,錦糸町駅,錦糸町駅|押上駅,547.0,,,,tag:feature:24h,20,+20(rental=1),0,1
24時間使えるレンタルダンススタジオ 東京,条件,S,Infinity Gym チアダンス・チアリーディング,〒157-0074 東京都世田谷区大蔵１丁目２-２７,,0,下北沢,下北沢|三軒茶屋|二子玉川|自由が丘,千歳船橋駅,千歳船橋駅|祖師ヶ谷大蔵駅|用賀駅,1321.0,,,,tag:feature:24h,20,+20(rental=1),0,1
24時間使えるレンタルダンススタジオ 東京,条件,S,Irodori麻布十番,〒106-0045 東京都港区麻布十番１丁目５-１ ＹＫビル 4F,,0,六本木,六本木|赤坂|麻布|新橋,麻布十番駅,麻布十番駅|六本木駅,386.0,,,,tag:feature:24h,20,+20(rental=1),0,1
24時間使えるレンタルダンススタジオ 東京,条件,S,IS DANCE STUDIO,"ＩＳビル 2F, ４-１１ 東田町 川崎区 川崎市 神奈川県 210-0005",,0,その他,その他,京急川崎駅,京急川崎駅|川崎駅|港町駅|八丁畷駅|川崎新町駅|六郷土手駅|小田栄駅|尻手駅|鈴木町駅|鶴見市場駅,463.0,,,,tag:feature:24h,45,+20(rental=1)|+25(ダンススタジオ),0,1
24時間使えるレンタルダンススタジオ 東京,条件,S,中村隆彦ダンススタジオ浅草千束,〒111-0031 東京都台東区５ 台東区 千束 4 5 4 提柳泉ビルB1F,,0,上野,上野|浅草|御徒町|蔵前,三ノ輪駅,三ノ輪駅|南千住駅|入谷駅|荒川一中前駅|浅草駅|荒川区役所前駅|田原町駅|鶯谷駅|本所吾妻橋駅|曳舟駅,862.0,,,,tag:feature:24h,45,+20(rental=1)|+25(ダンススタジオ),0,1
24時間使えるレンタルダンススタジオ 東京,条件,S,J's,〒158-0097 東京都世田谷区用賀３丁目２５-９,,0,下北沢,下北沢|三軒茶屋|二子玉川|自由が丘,用賀駅,用賀駅|桜新町駅|上町駅|世田谷駅,485.0,,,,tag:feature:24h,20,+20(rental=1),0,1
24時間使えるレンタルダンススタジオ 東京,条件,S,J’Z STUDIO 千歳烏山店,〒157-0062 東京都世田谷区南烏山６丁目６-６?２ サンマルシェビルB1F,,0,下北沢,下北沢|三軒茶屋|二子玉川|自由が丘,千歳烏山駅,千歳烏山駅|芦花公園駅|八幡山駅|仙川駅|富士見ヶ丘駅,121.0,,,,tag:feature:24h,20,+20(rental=1),0,1
24時間使えるレンタルダンススタジオ 東京,条件,S,ミライスタジオ上野,〒110-0003 東京都台東区根岸１丁目５-１３,,0,上野,上野|浅草|御徒町|蔵前,日暮里駅,日暮里駅|上野駅,943.0,,,,tag:feature:24h,20,+20(rental=1),0,1
24時間使えるレンタルダンススタジオ 東京,条件,S,JK Studio 赤羽橋,〒106-0044 東京都港区東麻布１丁目１８-７ リヴェールハヤシ B1,,0,六本木,六本木|赤坂|麻布|新橋,麻布十番駅,麻布十番駅|田町駅,749.0,,,,tag:feature:24h,20,+20(rental=1),0,1
24時間使えるレンタルダンススタジオ 東京,条件,S,JOINT STUDO Harajuku,〒150-0001 東京都渋谷区神宮前４丁目２９-９ Ondenビル B1,,0,渋谷,渋谷|恵比寿|代官山|原宿,原宿駅,原宿駅|表参道駅|外苑前駅,400.0,,,,tag:feature:24h,20,+20(rental=1),0,1
24時間使えるレンタルダンススタジオ 東京,条件,S,JOYFIT24 石川台,〒145-0065 東京都大田区東雪谷２丁目５-１ 1F・2F エンゼルハイム東雪谷,,0,蒲田,蒲田,石川台駅,石川台駅|洗足池駅|雪が谷大塚駅|緑が丘駅|大岡山駅|北千束駅|奥沢駅|長原駅|御嶽山駅|田園調布駅,133.0,,,,tag:feature:24h,20,+20(rental=1),0,1
24時間使えるレンタルダンススタジオ 東京,条件,S,K DANCE STUDIO 1024,〒206-0002 東京都多摩市一ノ宮１丁目２５-２ ガーデンヒルズ聖蹟桜ヶ丘 1F,,0,多摩センター,多摩センター,聖蹟桜ヶ丘駅,聖蹟桜ヶ丘駅|百草園駅|中河原駅,614.0,,,,tag:feature:24h,45,+20(rental=1)|+25(ダンススタジオ),0,1
24時間使えるレンタルダンススタジオ 東京,条件,S,K-Dance Style【ケイ-ダンス スタイル】,〒174-0076 東京都板橋区上板橋２丁目８-２ WBD上板橋第3 B004,,0,成増,成増,上板橋駅,上板橋駅|東武練馬駅|ときわ台駅|氷川台駅|平和台駅,284.0,,,,tag:feature:24h,20,+20(rental=1),0,1
24時間使えるレンタルダンススタジオ 東京,条件,S,K'sLinkStudio御徒町,〒110-0005 東京都台東区上野３丁目１９-４ フロンティアサカイビル 1F,,0,上野,上野|浅草|御徒町|蔵前,秋葉原駅,秋葉原駅|上野駅,803.0,,,,tag:feature:24h,20,+20(rental=1),0,1
24時間使えるレンタルダンススタジオ 東京,条件,S,KAJIWARA BALLET WORKS,〒116-0011 東京都荒川区西尾久５丁目２４-１０,,0,日暮里,日暮里,荒川遊園地前駅,荒川遊園地前駅|小台駅|尾久駅|荒川車庫前駅|宮ノ前駅|梶原駅|熊野前駅|上中里駅|赤土小学校前駅|足立小台駅,161.0,,,,tag:feature:24h,20,+20(rental=1),0,1
24時間使えるレンタルダンススタジオ 東京,条件,S,KaQiLa～カキラ～スタジオ／株式会社キッズ・カンパニー,〒106-0032 東京都港区六本木２丁目４-９ アソルティー六本木一丁目６Ｆ,,0,六本木,六本木|赤坂|麻布|新橋,六本木駅,六本木駅|赤坂駅,566.0,,,,tag:feature:24h,20,+20(rental=1),0,1
24時間使えるレンタルダンススタジオ 東京,条件,S,KBAバレエスタジオ御茶ノ水,〒113-0034 東京都文京区湯島１丁目１２-６ 地下1F 高関ビル,,0,後楽園,後楽園,秋葉原駅,秋葉原駅,763.0,,,,tag:feature:24h,20,+20(rental=1),0,1
24時間使えるレンタルダンススタジオ 東京,条件,S,スタジオ アーキタンツ architanz,〒105-0023 東京都港区芝浦１丁目１３-１０,,0,六本木,六本木|赤坂|麻布|新橋,田町駅,田町駅|浜松町駅,548.0,,,,tag:feature:24h,20,+20(rental=1),0,1
24時間使えるレンタルダンススタジオ 東京,条件,S,KM Dance Arts,〒102-0076 東京都千代田区五番町５-１８ 地下1階,,0,秋葉原,秋葉原,市ケ谷駅,市ケ谷駅|麹町駅|四ツ谷駅|半蔵門駅|牛込神楽坂駅|曙橋駅|永田町駅|四谷三丁目駅|牛込柳町駅|赤坂見附駅,111.0,,,,tag:feature:24h,20,+20(rental=1),0,1
24時間使えるレンタルダンススタジオ 東京,条件,S,江戸川区キッズアクション,〒133-0051 東京都江戸川区北小岩１丁目１７-１ 小岩アーバンプラザ,,0,西葛西,西葛西,江戸川駅,江戸川駅|国府台駅|小岩駅|京成小岩駅|市川駅|市川真間駅,389.0,,,,tag:feature:24h,20,+20(rental=1),0,1
24時間使えるレンタルダンススタジオ 東京,条件,S,ダンススクエア 浦安スタジオ,〒279-0002 千葉県浦安市北栄１丁目１-１５ 3階,,0,その他,その他,浦安駅,浦安駅|南行徳駅,195.0,,,,tag:feature:24h,20,+20(rental=1),0,1
24時間使えるレンタルダンススタジオ 東京,条件,S,ＫＳＣダンススタジオ,〒211-0024 神奈川県川崎市中原区西加瀬１８-６ ＫＳＣハイツ,,0,その他,その他,元住吉駅,元住吉駅|日吉駅|平間駅|新川崎駅|鹿島田駅|向河原駅,842.0,,,,tag:feature:24h,45,+20(rental=1)|+25(ダンススタジオ),0,1
24時間使えるレンタルダンススタジオ 東京,条件,S,ＫＴスタジオ,〒110-0012 東京都台東区竜泉３丁目６-４ あらきビル,,0,上野,上野|浅草|御徒町|蔵前,三ノ輪駅,三ノ輪駅|入谷駅|荒川一中前駅|南千住駅|荒川区役所前駅|鶯谷駅|田原町駅|荒川二丁目駅|浅草駅|三河島駅,551.0,,,,tag:feature:24h,20,+20(rental=1),0,1
24時間使えるレンタルダンススタジオ 東京,条件,S,Lanikai Dance Studio,〒134-0083 東京都江戸川区中葛西５丁目２０-１９ ローヤルマンション葛西 1階,,0,西葛西,西葛西,葛西駅,葛西駅|西葛西駅,234.0,,,,tag:feature:24h,45,+20(rental=1)|+25(ダンススタジオ),0,1
24時間使えるレンタルダンススタジオ 東京,条件,S,Las Danzas in Tokyo,〒162-0065 東京都新宿区住吉町 １-１８TVB曙橋ビル3階,,0,新宿,新宿|西新宿|高田馬場|新大久保,曙橋駅,曙橋駅|四谷三丁目駅|牛込柳町駅|若松河田駅|四ツ谷駅|市ケ谷駅|新宿御苑前駅|信濃町駅|牛込神楽坂駅|早稲田駅,36.0,,,,tag:feature:24h,20,+20(rental=1),0,1
24時間使えるレンタルダンススタジオ 東京,条件,S,ソニズダンススタジオ茗荷谷店,〒112-0006 東京都文京区小日向４丁目６-１９ 共立会館ビル B1階,,0,後楽園,後楽園,茗荷谷駅,茗荷谷駅|護国寺駅|江戸川橋駅|新大塚駅|千石駅|白山駅|神楽坂駅|後楽園駅|本駒込駅|向原駅,42.0,,,,tag:feature:24h,45,+20(rental=1)|+25(ダンススタジオ),0,1
24時間使えるレンタルダンススタジオ 東京,条件,S,Letmedanceダンススタジオ 橋本南口本校,〒252-0143 神奈川県相模原市緑区橋本２丁目１０-１７,,0,その他,その他,橋本駅,橋本駅|相原駅,437.0,,,,tag:feature:24h,45,+20(rental=1)|+25(ダンススタジオ),0,1
24時間使えるレンタルダンススタジオ 東京,条件,S,Letmedanceダンススタジオ 橋本北口校,〒252-0143 神奈川県相模原市緑区橋本３丁目３-１ ＳＩＮＧ橋本 2F,,0,その他,その他,橋本駅,橋本駅|南橋本駅|多摩境駅,324.0,,,,tag:feature:24h,45,+20(rental=1)|+25(ダンススタジオ),0,1
24時間使えるレンタルダンススタジオ 東京,条件,S,BUZZ レンタルスタジオ 上野店,〒110-0003 東京都台東区根岸３丁目６-３ 小林ビル 地下1階,,0,上野,上野|浅草|御徒町|蔵前,上野駅,上野駅|日暮里駅,975.0,,,,tag:feature:24h,50,+20(rental=1)|+30(レンタルスタジオ),0,1
24時間使えるレンタルダンススタジオ 東京,条件,S,LOICX DANCE STUDIO,〒460-0002 愛知県名古屋市中区丸の内３丁目２０-９,,0,その他,その他,久屋大通駅,久屋大通駅|栄町駅|栄駅|名古屋城駅|丸の内駅|高岳駅|伏見駅|東大手駅|矢場町駅|新栄町駅,173.0,,,,tag:feature:24h,45,+20(rental=1)|+25(ダンススタジオ),0,1
24時間使えるレンタルダンススタジオ 東京,条件,S,ソニズレンタルスタジオ方南町店,〒168-0063 東京都杉並区和泉４丁目５１-１４,,0,高円寺,高円寺,方南町駅,方南町駅|中野富士見町駅|代田橋駅|笹塚駅|永福町駅|東高円寺駅|明大前駅|新高円寺駅|中野新橋駅|幡ヶ谷駅,103.0,,,,tag:feature:24h,50,+20(rental=1)|+30(レンタルスタジオ),0,1
24時間使えるレンタルダンススタジオ 東京,条件,S,ソニズレンタルスタジオ新中野鍋横第2店,〒164-0012 東京都中野区本町４丁目３０-１１ アーク新中野 B1,,0,中野,中野,中野駅,中野駅,1155.0,,,,tag:feature:24h,50,+20(rental=1)|+30(レンタルスタジオ),0,1
24時間使えるレンタルダンススタジオ 東京,条件,S,スペーススタジオ - Fresh!Studio,〒162-0041 東京都新宿区早稲田鶴巻町５７４ ＭＢＳ江戸川橋ビル 5階,,0,新宿,新宿|西新宿|高田馬場|新大久保,江戸川橋駅,江戸川橋駅|早稲田駅|神楽坂駅|護国寺駅|牛込柳町駅|牛込神楽坂駅|茗荷谷駅|面影橋駅|若松河田駅|学習院下駅,492.0,,,,tag:feature:24h,20,+20(rental=1),0,1
24時間使えるレンタルダンススタジオ 東京,条件,S,ライトハウス神田,〒103-0021 東京都中央区日本橋本石町４丁目５-８,,0,銀座,銀座|日本橋|八丁堀|月島,東京駅,東京駅|秋葉原駅,948.0,,,,tag:feature:24h,20,+20(rental=1),0,1
24時間使えるレンタルダンススタジオ 東京,条件,S,東京音楽堂 日本橋 ピアノサロン,〒103-0024 東京都中央区日本橋小舟町３-１２ 日本橋GRIT 6階,,0,銀座,銀座|日本橋|八丁堀|月島,東京駅,東京駅,1145.0,,,,tag:feature:24h,20,+20(rental=1),0,1
24時間使えるレンタルダンススタジオ 東京,条件,S,東京音楽堂 日本橋 ピアノホール,〒103-0024 東京都中央区日本橋小舟町３-１２ 日本橋GRIT 地下1階,,0,銀座,銀座|日本橋|八丁堀|月島,東京駅,東京駅,1144.0,,,,tag:feature:24h,20,+20(rental=1),0,1
24時間使えるレンタルダンススタジオ 東京,条件,S,Dance studio LOOP,〒321-0203 栃木県下都賀郡壬生町幸町２丁目２-４ 草竹ビル 2階,,0,その他,その他,おもちゃのまち駅,おもちゃのまち駅|国谷駅,98.0,,,,tag:feature:24h,45,+20(rental=1)|+25(ダンススタジオ),0,1
24時間使えるレンタルダンススタジオ 東京,条件,S,BUZZ YOKOHAMA,〒221-0835 神奈川県横浜市神奈川区鶴屋町１丁目2-１ INUYAMA BUILD地下1階,,0,その他,その他,神奈川駅,神奈川駅|横浜駅|反町駅|新高島駅|三ッ沢下町駅|東神奈川駅|京急東神奈川駅|高島町駅|平沼橋駅|戸部駅,270.0,,,,tag:feature:24h,20,+20(rental=1),0,1
24時間使えるレンタルダンススタジオ 東京,条件,S,M Ballet Studio,〒192-0902 東京都八王子市上野町１７-５ SKダンススタジオ 内,,0,八王子,八王子,八王子駅,八王子駅,927.0,,,,tag:feature:24h,20,+20(rental=1),0,1
24時間使えるレンタルダンススタジオ 東京,条件,S,BUZZ レンタルスタジオ浦和店,〒330-0063 埼玉県さいたま市浦和区高砂２丁目６-１３ あずさビル B1,,0,その他,その他,浦和駅,浦和駅|武蔵浦和駅|中浦和駅|北浦和駅|南浦和駅,277.0,,,,tag:feature:24h,50,+20(rental=1)|+30(レンタルスタジオ),0,1
24時間使えるレンタルダンススタジオ 東京,条件,S,FEELCYCLE 六本木,〒106-0032 東京都港区六本木６丁目４-１ ヒルズ ハリウッドプラザ 3F,,0,六本木,六本木|赤坂|麻布|新橋,六本木駅,六本木駅|麻布十番駅,198.0,,,,tag:feature:24h,20,+20(rental=1),0,1
24時間使えるレンタルダンススタジオ 東京,条件,S,ダンススタジオ・ポップコーン,〒104-0041 東京都中央区新富２丁目４-６ アーベイン三井 8F,,0,銀座,銀座|日本橋|八丁堀|月島,有楽町駅,有楽町駅,986.0,,,,tag:feature:24h,45,+20(rental=1)|+25(ダンススタジオ),0,1
24時間使えるレンタルダンススタジオ 東京,条件,S,Ｍ＆Ｓダンススタジオ,〒151-0051 東京都渋谷区千駄ケ谷５丁目１１-１３ 俳協ビル B1,,0,渋谷,渋谷|恵比寿|代官山|原宿,代々木駅,代々木駅|新宿駅,374.0,,,,tag:feature:24h,45,+20(rental=1)|+25(ダンススタジオ),0,1
24時間使えるレンタルダンススタジオ 東京,条件,S,studio RADA,〒103-0022 東京都中央区日本橋室町１丁目１-５,,0,銀座,銀座|日本橋|八丁堀|月島,東京駅,東京駅,700.0,,,,tag:feature:24h,20,+20(rental=1),0,1
24時間使えるレンタルダンススタジオ 東京,条件,S,magari 中野坂上スタジオ,〒164-0011 東京都中野区中央１丁目１-３ 新都心中央ビル B1,,0,中野,中野,中野坂上駅,中野坂上駅|西新宿駅|西新宿五丁目駅（清水橋）|都庁前駅|大久保駅|東中野駅|新宿西口駅|中野新橋駅|西武新宿駅|新大久保駅,406.0,,,,tag:feature:24h,20,+20(rental=1),0,1
24時間使えるレンタルダンススタジオ 東京,条件,S,銀座スタジオ ルアン,〒104-0061 東京都中央区銀座８丁目１０-２ ルアンビル 11階,,0,銀座,銀座|日本橋|八丁堀|月島,新橋駅,新橋駅|有楽町駅,422.0,,,,tag:feature:24h,40,+20(rental=1)|+20(web),0,1
24時間使えるレンタルダンススタジオ 東京,条件,S,MAR'ｓ DANCE SCHOOL,〒121-0823 東京都足立区伊興３丁目１８-１９ ＮＹビル 1F,,0,北千住,北千住,竹ノ塚駅,竹ノ塚駅|舎人公園駅|谷在家駅|大師前駅|舎人駅,293.0,,,,tag:feature:24h,20,+20(rental=1),0,1
24時間使えるレンタルダンススタジオ 東京,条件,S,Studio GENIE,〒124-0012 東京都葛飾区立石６丁目１-６,,0,新小岩,新小岩,京成立石駅,京成立石駅|青砥駅|お花茶屋駅|四ツ木駅|京成高砂駅,469.0,,,,tag:feature:24h,20,+20(rental=1),0,1
24時間使えるレンタルダンススタジオ 東京,条件,S,㈱インフォレント,〒111-0053 東京都台東区浅草橋５丁目３-２ 秋葉原スクエアビル,,0,上野,上野|浅草|御徒町|蔵前,秋葉原駅,秋葉原駅|蔵前駅,610.0,,,,tag:feature:24h,20,+20(rental=1),0,1
24時間使えるレンタルダンススタジオ 東京,条件,S,MCSpace,〒167-0053 東京都杉並区西荻南２丁目２５-６ 西荻プラザビル B1F,,0,高円寺,高円寺,西荻窪駅,西荻窪駅|三鷹台駅|久我山駅|井の頭公園駅|荻窪駅|吉祥寺駅|富士見ヶ丘駅,275.0,,,,tag:feature:24h,20,+20(rental=1),0,1
24時間使えるレンタルダンススタジオ 東京,条件,S,レンタルスタジオ新富町 ?Danzatakara. Studio?,"Shintomi 2-1-7, Fujichuo building B1, 中央区 東京都 140-0041",,0,銀座,銀座|日本橋|八丁堀|月島,有楽町駅,有楽町駅|東京駅,891.0,,,,tag:feature:24h,50,+20(rental=1)|+30(レンタルスタジオ),0,1
24時間使えるレンタルダンススタジオ 東京,条件,S,mikaバレエスタジオ,〒176-0011 東京都練馬区豊玉上２丁目２０-４ 石原ビル,,0,練馬,練馬,桜台駅,桜台駅|練馬駅|新桜台駅|新江古田駅|江古田駅|豊島園駅|氷川台駅|小竹向原駅,176.0,,,,tag:feature:24h,20,+20(rental=1),0,1
24時間使えるレンタルダンススタジオ 東京,条件,S,Mita Dance Factory 芝スタジオ,"セレブ 釉 芝公園 1F, ２丁目-１６-１１ 芝 港区 東京都 105-0014",,0,六本木,六本木|赤坂|麻布|新橋,浜松町駅,浜松町駅|田町駅,632.0,,,,tag:feature:24h,20,+20(rental=1),0,1
24時間使えるレンタルダンススタジオ 東京,条件,S,MIZUE Ballet School,〒179-0076 東京都練馬区土支田１丁目２８-１４ ３F,,0,練馬,練馬,光が丘駅,光が丘駅|地下鉄成増駅|成増駅,1144.0,,,,tag:feature:24h,20,+20(rental=1),0,1
24時間使えるレンタルダンススタジオ 東京,条件,S,MKH dance fit studio,〒279-0001 千葉県浦安市当代島１丁目１６-１９ 大塚ビル 3階,,0,その他,その他,浦安駅,浦安駅|南行徳駅|葛西駅,155.0,,,,tag:feature:24h,20,+20(rental=1),0,1
24時間使えるレンタルダンススタジオ 東京,条件,S,Musa studio《自由が丘レンタルスタジオ》,〒152-0034 東京都目黒区緑が丘２丁目１９-１１,,0,中目黒,中目黒,自由が丘駅,自由が丘駅,531.0,,,,tag:feature:24h,50,+20(rental=1)|+30(レンタルスタジオ),0,1
24時間使えるレンタルダンススタジオ 東京,条件,S,Muuta Dance Studio,〒669-1535 兵庫県三田市南が丘２丁目１４-３４,,0,その他,その他,横山駅,横山駅|三田本町駅|フラワータウン駅|神鉄道場駅|三田駅,445.0,,,,tag:feature:24h,45,+20(rental=1)|+25(ダンススタジオ),0,1
24時間使えるレンタルダンススタジオ 東京,条件,S,NANSO STUDIO,〒298-0133 千葉県いすみ市引田１１８,,0,その他,その他,国吉駅,国吉駅|上総中川駅,1428.0,,,,tag:feature:24h,20,+20(rental=1),0,1
24時間使えるレンタルダンススタジオ 東京,条件,S,FINEDAY浜松町,〒105-0012 東京都港区芝大門１丁目２-２２ 2F(200 パレステュディオ芝大門,,0,六本木,六本木|赤坂|麻布|新橋,浜松町駅,浜松町駅|新橋駅,520.0,,,,tag:feature:24h,40,+20(rental=1)|+20(web),0,1
24時間使えるレンタルダンススタジオ 東京,条件,S,Nari Gym (ナリジム),〒107-0052 東京都港区赤坂３丁目14番9号 赤坂清水ビル 2F,,0,六本木,六本木|赤坂|麻布|新橋,赤坂駅,赤坂駅|青山一丁目駅,48.0,,,,tag:feature:24h,20,+20(rental=1),0,1
24時間使えるレンタルダンススタジオ 東京,条件,S,NATURAglam 経堂スタジオ,〒156-0052 東京都世田谷区経堂１丁目２５-１８ 吉川水産ビル3階,,0,下北沢,下北沢|三軒茶屋|二子玉川|自由が丘,経堂駅,経堂駅|宮の坂駅|山下駅|上町駅|千歳船橋駅|豪徳寺駅|松原駅|世田谷駅|梅ヶ丘駅|松陰神社前駅,268.0,,,,tag:feature:24h,20,+20(rental=1),0,1
24時間使えるレンタルダンススタジオ 東京,条件,S,NATURAglam 高円寺スタジオ,〒166-0003 東京都杉並区４５ 高円寺南４丁目４５-２ メインロードビル3階,,0,高円寺,高円寺,高円寺駅,高円寺駅|新高円寺駅|東高円寺駅|阿佐ヶ谷駅|中野駅|南阿佐ケ谷駅|野方駅|新中野駅,100.0,,,,tag:feature:24h,20,+20(rental=1),0,1
24時間使えるレンタルダンススタジオ 東京,条件,S,New York yuka's Dance Center,〒146-0084 東京都大田区南久が原２丁目１１-８,,0,蒲田,蒲田,久が原駅,久が原駅|鵜の木駅|御嶽山駅|千鳥町駅|下丸子駅|沼部駅|武蔵新田駅|雪が谷大塚駅|池上駅|向河原駅,108.0,,,,tag:feature:24h,20,+20(rental=1),0,1
24時間使えるレンタルダンススタジオ 東京,条件,S,NML dance studio,〒189-0014 東京都東村山市本町２丁目21-３ 1F,,0,東村山,東村山,東村山駅,東村山駅|久米川駅|八坂駅|西武園駅,281.0,,,,tag:feature:24h,45,+20(rental=1)|+25(ダンススタジオ),0,1
24時間使えるレンタルダンススタジオ 東京,条件,S,NML dance studioふじみ野校,〒354-0036 埼玉県富士見市ふじみ野東２丁目１-１ グリーンテラスふじみ野 2F,,0,その他,その他,ふじみ野駅,ふじみ野駅|上福岡駅,144.0,,,,tag:feature:24h,45,+20(rental=1)|+25(ダンススタジオ),0,1
24時間使えるレンタルダンススタジオ 東京,条件,S,NSH MAJOR RENTAL STUDIO,〒153-0051 東京都目黒区上目黒３丁目６-１８ TYビル9階 Tyビル,,0,中目黒,中目黒,中目黒駅,中目黒駅|代官山駅|祐天寺駅|恵比寿駅|池尻大橋駅|神泉駅|渋谷駅|学芸大学駅|目黒駅,205.0,,,,tag:feature:24h,50,+20(rental=1)|+30(レンタルスタジオ),0,1
24時間使えるレンタルダンススタジオ 東京,条件,S,ＯＤＦ 大治レンタルダンスフロア,〒490-1142 愛知県海部郡大治町三本木金久７０,,0,その他,その他,なし,,,,,,tag:feature:24h,20,+20(rental=1),0,1
24時間使えるレンタルダンススタジオ 東京,条件,S,okayレンタルスタジオ(ダンス、楽器練習スタジオ),〒761-1703 香川県高松市香川町浅野69-２,,0,その他,その他,空港通り駅,空港通り駅|仏生山駅,1231.0,,,,tag:feature:24h,70,+20(rental=1)|+30(レンタルスタジオ)|+20(web),0,1
24時間使えるレンタルダンススタジオ 東京,条件,S,OnePlace Dance Studio,〒111-0053 東京都台東区浅草橋３丁目１９-２ 地下1階 冨士ビル,,0,上野,上野|浅草|御徒町|蔵前,蔵前駅,蔵前駅,600.0,,,,tag:feature:24h,45,+20(rental=1)|+25(ダンススタジオ),0,1
24時間使えるレンタルダンススタジオ 東京,条件,S,ENJOINT DANCE CLUB中目黒,〒153-0051 東京都目黒区上目黒１丁目５-１０ 中目黒マンション B1,,0,中目黒,中目黒,恵比寿駅,恵比寿駅,888.0,,,,tag:feature:24h,20,+20(rental=1),0,1
24時間使えるレンタルダンススタジオ 東京,条件,S,Pole and Aerial Studio POLISH中目黒,〒153-0051 東京都目黒区上目黒１丁目６-５ 3 階,,0,中目黒,中目黒,恵比寿駅,恵比寿駅,874.0,,,,tag:feature:24h,20,+20(rental=1),0,1
24時間使えるレンタルダンススタジオ 東京,条件,S,PLUS DANCE STUDIO,〒169-0075 東京都新宿区高田馬場４丁目１４-４,,0,新宿,新宿|西新宿|高田馬場|新大久保,高田馬場駅,高田馬場駅,267.0,,,,tag:feature:24h,45,+20(rental=1)|+25(ダンススタジオ),0,1
24時間使えるレンタルダンススタジオ 東京,条件,S,Pole and Aerial Studio Polish 銀座店,〒104-0061 東京都中央区銀座７丁目８-１３ Brown Place 3階,,0,銀座,銀座|日本橋|八丁堀|月島,新橋駅,新橋駅|有楽町駅,428.0,,,,tag:feature:24h,20,+20(rental=1),0,1
24時間使えるレンタルダンススタジオ 東京,条件,S,Pole and Aerial Studio POLISH五反田,〒141-0031 東京都品川区西五反田１丁目５-２ トラヤビル 7階,,0,品川,品川|五反田|大井町|目黒,五反田駅,五反田駅|大崎駅|目黒駅,112.0,,,,tag:feature:24h,20,+20(rental=1),0,1
24時間使えるレンタルダンススタジオ 東京,条件,S,Pole and Aerial Studio POLISH六本木,〒106-0032 東京都港区六本木７丁目１２-３,,0,六本木,六本木|赤坂|麻布|新橋,六本木駅,六本木駅|青山一丁目駅|麻布十番駅,187.0,,,,tag:feature:24h,20,+20(rental=1),0,1
24時間使えるレンタルダンススタジオ 東京,条件,S,Pole Dance Tokyo ポールダンス東京,〒107-0052 東京都港区赤坂３丁目１６-８ 東海アネックスビルB1,,0,六本木,六本木|赤坂|麻布|新橋,赤坂駅,赤坂駅|青山一丁目駅,150.0,,,,tag:feature:24h,20,+20(rental=1),0,1
24時間使えるレンタルダンススタジオ 東京,条件,S,STUDIO A1-04（レンタルスタジオ）,〒150-0021 東京都渋谷区恵比寿西１丁目１４-３ 満栄佐藤ビル 2階 202号室,,0,渋谷,渋谷|恵比寿|代官山|原宿,恵比寿駅,恵比寿駅,232.0,,,,tag:feature:24h,50,+20(rental=1)|+30(レンタルスタジオ),0,1
24時間使えるレンタルダンススタジオ 東京,条件,S,Brighton Studio Daikanyama,〒150-0032 東京都渋谷区鶯谷町１-２ PAL bldg 3F&RF,,0,渋谷,渋谷|恵比寿|代官山|原宿,渋谷駅,渋谷駅|恵比寿駅,569.0,,,,tag:feature:24h,20,+20(rental=1),0,1
24時間使えるレンタルダンススタジオ 東京,条件,S,TEDDY?S BALANCE,〒150-0034 東京都渋谷区代官山町１３-１ ログロード代官山 L３棟２F,,0,渋谷,渋谷|恵比寿|代官山|原宿,恵比寿駅,恵比寿駅|渋谷駅,621.0,,,,tag:feature:24h,20,+20(rental=1),0,1
24時間使えるレンタルダンススタジオ 東京,条件,S,スタジオ白猫屋 経堂R店,〒156-0052 東京都世田谷区経堂１丁目１１-１３ 長島ビル 3Ｆ,,0,下北沢,下北沢|三軒茶屋|二子玉川|自由が丘,経堂駅,経堂駅|宮の坂駅|山下駅|豪徳寺駅|上町駅|千歳船橋駅|松原駅|世田谷駅|梅ヶ丘駅|松陰神社前駅,203.0,,,,tag:feature:24h,20,+20(rental=1),0,1
24時間使えるレンタルダンススタジオ 東京,条件,S,リリィ スタジオ&カフェ レンタルカフェ,〒156-0052 東京都世田谷区経堂２丁目７-１４-１０２,,0,下北沢,下北沢|三軒茶屋|二子玉川|自由が丘,経堂駅,経堂駅|松原駅|山下駅|宮の坂駅|豪徳寺駅|千歳船橋駅|上町駅|下高井戸駅|桜上水駅|梅ヶ丘駅,261.0,,,,tag:feature:24h,20,+20(rental=1),0,1
24時間使えるレンタルダンススタジオ 東京,条件,S,RAISE UP STUDIO 自由が丘 レンタルスタジオ,〒152-0035 東京都目黒区自由が丘１丁目３-22-B1,,0,中目黒,中目黒,自由が丘駅,自由が丘駅,288.0,,,,tag:feature:24h,50,+20(rental=1)|+30(レンタルスタジオ),0,1
24時間使えるレンタルダンススタジオ 東京,条件,S,RE:STUDIO body&life,〒215-0021 神奈川県川崎市麻生区上麻生５丁目３８-７ 東和サープラス柿生 211号室,,0,その他,その他,柿生駅,柿生駅|五月台駅|新百合ヶ丘駅|鶴川駅,61.0,,,,tag:feature:24h,20,+20(rental=1),0,1
24時間使えるレンタルダンススタジオ 東京,条件,S,REDEIC DANCE STUDIO,〒146-0092 東京都大田区下丸子３丁目２５-５,,0,蒲田,蒲田,下丸子駅,下丸子駅|武蔵新田駅|千鳥町駅|鵜の木駅|久が原駅|平間駅|向河原駅|矢口渡駅|池上駅|御嶽山駅,334.0,,,,tag:feature:24h,45,+20(rental=1)|+25(ダンススタジオ),0,1
24時間使えるレンタルダンススタジオ 東京,条件,S,レンタルスタジオ スタジオザルツ,〒157-0065 東京都世田谷区上祖師谷１丁目３６-５ ル・クレール 地下一階,,0,下北沢,下北沢|三軒茶屋|二子玉川|自由が丘,千歳烏山駅,千歳烏山駅|芦花公園駅|仙川駅|八幡山駅,216.0,,,,tag:feature:24h,50,+20(rental=1)|+30(レンタルスタジオ),0,1
24時間使えるレンタルダンススタジオ 東京,条件,S,Refinement リファインメント PBT専門スタジオ,,,0,その他,その他,中河原駅,中河原駅|西府駅|分倍河原駅|聖蹟桜ヶ丘駅,656.0,,,,tag:feature:24h,20,+20(rental=1),0,1
24時間使えるレンタルダンススタジオ 東京,条件,S,Rei Dance Collection 駅前校,〒150-0002 東京都渋谷区渋谷３丁目２８-７ 青ビル B1F,,0,渋谷,渋谷|恵比寿|代官山|原宿,渋谷駅,渋谷駅|恵比寿駅,324.0,,,,tag:feature:24h,20,+20(rental=1),0,1
24時間使えるレンタルダンススタジオ 東京,条件,S,Rei Dance Collection 本校,〒150-0031 東京都渋谷区桜丘町２９-３５ パーソンズビル地下1階,,0,渋谷,渋谷|恵比寿|代官山|原宿,渋谷駅,渋谷駅,409.0,,,,tag:feature:24h,20,+20(rental=1),0,1
24時間使えるレンタルダンススタジオ 東京,条件,S,レンタルスタジオSunny 高田馬場1号店,〒169-0075 東京都新宿区高田馬場４丁目１-５ 5F,,0,新宿,新宿|西新宿|高田馬場|新大久保,高田馬場駅,高田馬場駅|新大久保駅,290.0,,,,tag:feature:24h,50,+20(rental=1)|+30(レンタルスタジオ),0,1
24時間使えるレンタルダンススタジオ 東京,条件,S,RHYTHM STEP (幼児ダンス、キッズヒップホップダンス、レンタル),"1番地4, １丁目 緑が丘西 八千代市 千葉県 266-0046",,0,その他,その他,八千代緑が丘駅,八千代緑が丘駅|船橋日大前駅,253.0,,,,tag:feature:24h,20,+20(rental=1),0,1
24時間使えるレンタルダンススタジオ 東京,条件,S,レンタルスタジオSunny高田馬場2号店,〒169-0075 東京都高田馬場１丁目３４-２ 千葉ビル 1F,,0,東京,東京,高田馬場駅,高田馬場駅,62.0,,,,tag:feature:24h,50,+20(rental=1)|+30(レンタルスタジオ),0,1
24時間使えるレンタルダンススタジオ 東京,条件,S,Rinky Dink Studio お茶の水 神保町店,〒101-0051 東京都千代田区 アイピー第1ビル 6F・7F・8F 神田神保町1-2-12,,0,秋葉原,秋葉原,神保町駅,神保町駅|新御茶ノ水駅|御茶ノ水駅|小川町駅|竹橋駅|九段下駅|水道橋駅|神田駅|大手町駅|岩本町駅,231.0,,,,tag:feature:24h,20,+20(rental=1),0,1
24時間使えるレンタルダンススタジオ 東京,条件,S,Rinky Dink Studio 中野店,〒164-0001 東京都中野区中野２丁目２５-２ トビタビル ２階,,0,中野,中野,中野駅,中野駅,133.0,,,,tag:feature:24h,20,+20(rental=1),0,1
24時間使えるレンタルダンススタジオ 東京,条件,S,Rinky Dink Studio 梅ヶ丘,〒154-0022 東京都世田谷区梅丘１丁目２１-７ ３階～４階 梅丘駅前ビル,,0,下北沢,下北沢|三軒茶屋|二子玉川|自由が丘,梅ヶ丘駅,梅ヶ丘駅|豪徳寺駅|山下駅|世田谷代田駅|東松原駅|新代田駅|松原駅|宮の坂駅|若林駅|松陰神社前駅,36.0,,,,tag:feature:24h,20,+20(rental=1),0,1
24時間使えるレンタルダンススタジオ 東京,条件,S,Risley八王子店,〒192-0085 東京都八王子市中町７-１１ 福島ビル B1,,0,八王子,八王子,八王子駅,八王子駅,402.0,,,,tag:feature:24h,20,+20(rental=1),0,1
24時間使えるレンタルダンススタジオ 東京,条件,S,ROJIスタジオStudioStyle+,〒160-0023 東京都新宿区西新宿７丁目１５-１４,,0,新宿,新宿|西新宿|高田馬場|新大久保,西武新宿駅,西武新宿駅|新宿駅|新大久保駅,265.0,,,,tag:feature:24h,20,+20(rental=1),0,1
24時間使えるレンタルダンススタジオ 東京,条件,S,S.O.L.A.studio&bodyworks,〒439-0037 静岡県菊川市西方１２９４-１,,0,その他,その他,菊川駅,菊川駅,691.0,,,,tag:feature:24h,20,+20(rental=1),0,1
24時間使えるレンタルダンススタジオ 東京,条件,S,ＳＧ ＳＴＵＤＩＯ,〒166-0012 東京都杉並区和田１丁目１-１３ Ｂ１ 入り口は川沿い,,0,高円寺,高円寺,中野富士見町駅,中野富士見町駅|中野新橋駅|新中野駅|方南町駅|東高円寺駅|中野坂上駅|西新宿五丁目駅（清水橋）|中野駅|幡ヶ谷駅|新高円寺駅,77.0,,,,tag:feature:24h,20,+20(rental=1),0,1
24時間使えるレンタルダンススタジオ 東京,条件,S,SHAKE DANCE STUDIO 橋本校,〒252-0144 神奈川県相模原市緑区東橋本１丁目２４-２０ Ｓ．Ｇ－ＢＬＤ２,,0,その他,その他,橋本駅,橋本駅|南橋本駅|多摩境駅,501.0,,,,tag:feature:24h,45,+20(rental=1)|+25(ダンススタジオ),0,1
24時間使えるレンタルダンススタジオ 東京,条件,S,SHAKE DANCE STUDIO 八王子校,〒192-0081 東京都八王子市横山町５-１４ ｗｉｌｌＤｏ八王子,,0,八王子,八王子,八王子駅,八王子駅,405.0,,,,tag:feature:24h,45,+20(rental=1)|+25(ダンススタジオ),0,1
24時間使えるレンタルダンススタジオ 東京,条件,S,BUZZ レンタルスタジオ 西国分寺店,〒185-0024 東京都国分寺市泉町３丁目３７-２５ 天龍ビル B1,https://dance-studio-lab.com/room/ZDcyMzBmZWYtMzdiYS00YjY0LThmOGEtZDJjMzQxNTVlZDA2/detail,1,国分寺,国分寺,西国分寺駅,西国分寺駅|恋ヶ窪駅|国分寺駅|国立駅,117.0,,,,tag:feature:24h,80,+30(dslurl)|+20(rental=1)|+30(レンタルスタジオ),0,1
24時間使えるレンタルダンススタジオ 東京,条件,S,レンタルスタジオ 国立リノ,〒186-0002 東京都国立市東１丁目15-22 4 国立サニービル 階C号室,,0,国立,国立,国立駅,国立駅|西国分寺駅|谷保駅,267.0,,,,tag:feature:24h,50,+20(rental=1)|+30(レンタルスタジオ),0,1
24時間使えるレンタルダンススタジオ 東京,条件,S,SIM STUDIO 西新井,〒123-0872 東京都足立区江北７丁目２７-６ ＩＥＰＪＡＰＡＮ,,0,北千住,北千住,西新井大師西駅,西新井大師西駅|谷在家駅|江北駅|大師前駅|舎人公園駅|高野駅,504.0,,,,tag:feature:24h,20,+20(rental=1),0,1
24時間使えるレンタルダンススタジオ 東京,条件,S,SIM STUDIOお台場,〒135-0062 東京都江東区東雲２丁目１４-３５,,0,豊洲,豊洲,東雲駅,東雲駅|有明駅|国際展示場駅|有明テニスの森駅|東京ビッグサイト駅|辰巳駅|新豊洲駅|市場前駅|豊洲駅,493.0,,,,tag:feature:24h,20,+20(rental=1),0,1
24時間使えるレンタルダンススタジオ 東京,条件,S,SKYレンタルダンススタジオ,〒530-0028 大阪府大阪市北区万歳町３-４１ ホワイトコーポラス 104,,0,赤羽,赤羽,中崎町駅,中崎町駅|大阪梅田駅|扇町駅|東梅田駅|梅田駅|天満駅|大阪駅|天神橋筋六丁目駅|中津駅|南森町駅,210.0,,,,tag:feature:24h,60,+20(rental=1)|+40(レンタルダンス),0,1
24時間使えるレンタルダンススタジオ 東京,条件,S,SORAスタジオ3,〒131-0045 東京都墨田区押上１丁目２９-２ 3,,0,錦糸町,錦糸町,押上駅,押上駅,468.0,,,,tag:feature:24h,40,+20(rental=1)|+20(web),0,1
24時間使えるレンタルダンススタジオ 東京,条件,S,BUZZ レンタルスタジオ 国分寺店,〒185-0021 東京都国分寺市南町３丁目２７-７ 白馬ビル B1F,https://dance-studio-lab.com/room/ZjIzMWQ0ZjctM2ViOC00Yzg1LWExMzMtMGFkZDYwYzg1Mjhj/detail,1,国分寺,国分寺,国分寺駅,国分寺駅,334.0,,,,tag:feature:24h,80,+30(dslurl)|+20(rental=1)|+30(レンタルスタジオ),0,1
24時間使えるレンタルダンススタジオ 東京,条件,S,レンタルスタジオクラッセ国分寺,〒185-0021 東京都国分寺市南町３丁目１８-２ 川端ビル ４階A,,0,国分寺,国分寺,国分寺駅,国分寺駅,179.0,,,,tag:feature:24h,50,+20(rental=1)|+30(レンタルスタジオ),0,1
24時間使えるレンタルダンススタジオ 東京,条件,S,SOUTH MINT STUDIO 南青山,〒107-0062 東京都港区南青山２丁目２７-２０ B1F,,0,六本木,六本木|赤坂|麻布|新橋,外苑前駅,外苑前駅|表参道駅|青山一丁目駅,167.0,,,,tag:feature:24h,20,+20(rental=1),0,1
24時間使えるレンタルダンススタジオ 東京,条件,S,SoyLatte STUDIO,〒141-0031 東京都品川区西五反田２丁目１７-８ 管野ビル ３F,,0,品川,品川|五反田|大井町|目黒,五反田駅,五反田駅|目黒駅|大崎駅,203.0,,,,tag:feature:24h,20,+20(rental=1),0,1
24時間使えるレンタルダンススタジオ 東京,条件,S,SPACE BUNNY,〒289-1123 千葉県八街市滝台１１８３-１,,0,その他,その他,なし,,,,,,tag:feature:24h,20,+20(rental=1),0,1
24時間使えるレンタルダンススタジオ 東京,条件,S,SPROUT DANCE STUDIO 梅田店,〒530-0026 大阪府大阪市北区神山町１-１５ ＴＲＵＳＴ ＢＵＩＬＤＩＮＧ 1 階,,0,赤羽,赤羽,扇町駅,扇町駅|中崎町駅|天満駅|東梅田駅|南森町駅|大阪梅田駅|梅田駅|大阪駅|天神橋筋六丁目駅|北新地駅,428.0,,,,tag:feature:24h,45,+20(rental=1)|+25(ダンススタジオ),0,1
24時間使えるレンタルダンススタジオ 東京,条件,S,Starnite Dance Studio,〒260-0013 千葉県千葉市中央区中央３丁目４-１７ Gaビル 3F,,0,銀座,銀座|日本橋|八丁堀|月島,葭川公園駅,葭川公園駅|千葉中央駅|栄町駅|県庁前駅|京成千葉駅|本千葉駅|東千葉駅|千葉駅|千葉公園駅|市役所前駅,160.0,,,,tag:feature:24h,45,+20(rental=1)|+25(ダンススタジオ),0,1
24時間使えるレンタルダンススタジオ 東京,条件,S,STRADA STUDIO,〒179-0071 東京都練馬区旭町１丁目８-１ ３F,,0,練馬,練馬,光が丘駅,光が丘駅|地下鉄成増駅,873.0,,,,tag:feature:24h,20,+20(rental=1),0,1
24時間使えるレンタルダンススタジオ 東京,条件,S,studio ∞ Fi (スタジオ フィー),〒214-0022 神奈川県川崎市多摩区堰２丁目４-６,,0,その他,その他,久地駅,久地駅|宿河原駅|津田山駅,374.0,,,,tag:feature:24h,20,+20(rental=1),0,1
24時間使えるレンタルダンススタジオ 東京,条件,S,25 DANCE SPOT(ニコスポ),〒213-0002 神奈川県川崎市高津区二子４丁目８-２１ プリモクラッセ高津 B1階,,0,その他,その他,高津駅,高津駅|二子新地駅|溝の口駅|武蔵溝ノ口駅|二子玉川駅|梶が谷駅|津田山駅|武蔵新城駅,178.0,,,,tag:feature:24h,20,+20(rental=1),0,1
24時間使えるレンタルダンススタジオ 東京,条件,S,studio 001,〒115-0055 東京都北区２３ 東京都北区 赤羽西3-23-1 001,,0,赤羽,赤羽,赤羽駅,赤羽駅,901.0,,,,tag:feature:24h,20,+20(rental=1),0,1
24時間使えるレンタルダンススタジオ 東京,条件,S,studio arty 高田馬場,〒169-0075 東京都新宿区高田馬場３丁目５-３ 第90東京ビル ２F,,0,新宿,新宿|西新宿|高田馬場|新大久保,高田馬場駅,高田馬場駅,270.0,,,,tag:feature:24h,20,+20(rental=1),0,1
24時間使えるレンタルダンススタジオ 東京,条件,S,Studio B,〒153-0041 東京都目黒区駒場３丁目５-６,,0,中目黒,中目黒,池尻大橋駅,池尻大橋駅,859.0,,,,tag:feature:24h,20,+20(rental=1),0,1
24時間使えるレンタルダンススタジオ 東京,条件,S,STUDIO BUZZ 相模原校,〒252-0239 神奈川県相模原市中央区中央５丁目１-２ ベルドールコート B1,,0,銀座,銀座|日本橋|八丁堀|月島,相模原駅,相模原駅|南橋本駅|上溝駅|矢部駅,1156.0,,,,tag:feature:24h,20,+20(rental=1),0,1
24時間使えるレンタルダンススタジオ 東京,条件,S,レンタルスタジオマイレッスン 三軒茶屋店,〒154-0024 東京都世田谷区三軒茶屋１丁目３０-９,,0,下北沢,下北沢|三軒茶屋|二子玉川|自由が丘,三軒茶屋駅,三軒茶屋駅,235.0,,,,tag:feature:24h,50,+20(rental=1)|+30(レンタルスタジオ),0,1
24時間使えるレンタルダンススタジオ 東京,条件,S,STUDIO COCORO（スタジオココロ）- 新宿代々木のレンタルスペース&ダンススタジオ - 数々のイベントやメディアに出演,〒151-0053 東京都渋谷区代々木３丁目９-１１,,0,渋谷,渋谷|恵比寿|代官山|原宿,代々木駅,代々木駅|新宿駅,551.0,,,,tag:feature:24h,45,+20(rental=1)|+25(ダンススタジオ),0,1
24時間使えるレンタルダンススタジオ 東京,条件,S,レンタルスタジオKACHA,〒158-0097 東京都世田谷区用賀２丁目３８-１４ 天虎ビル 202,,0,下北沢,下北沢|三軒茶屋|二子玉川|自由が丘,用賀駅,用賀駅|桜新町駅|上野毛駅|二子玉川駅,130.0,,,,tag:feature:24h,50,+20(rental=1)|+30(レンタルスタジオ),0,1
24時間使えるレンタルダンススタジオ 東京,条件,S,duobus studio｜デュオバススタジオ,〒190-0001 東京都立川市高松町２丁目１７-３ 清水ビル 302,,0,立川,立川,立川駅,立川駅|西国立駅,1242.0,,,,tag:feature:24h,20,+20(rental=1),0,1
24時間使えるレンタルダンススタジオ 東京,条件,S,Studio Crucial スタジオ クルーシャル,〒202-0014 東京都西東京市富士町４丁目１７-６ B1,,0,ひばりヶ丘,ひばりヶ丘,東伏見駅,東伏見駅|武蔵関駅|西武柳沢駅,100.0,,,,tag:feature:24h,20,+20(rental=1),0,1
24時間使えるレンタルダンススタジオ 東京,条件,S,STUDIO DANCE ALIVE 河原町本校,〒600-8029 京都府京都市下京区西橋詰町７６２ 7F,,0,その他,その他,清水五条駅,清水五条駅|京阪電車祇園四条駅|五条駅|京都河原町駅|七条駅|祇園四条駅|京阪電車 七条駅|四条駅|烏丸駅|駅ナカスイーツ 西店,184.0,,,,tag:feature:24h,20,+20(rental=1),0,1
24時間使えるレンタルダンススタジオ 東京,条件,S,Studio EFU（スタジオ エフ）,〒185-0012 東京都国分寺市本町２丁目２-１１ 鳥越ビル Ｂ１,,0,国分寺,国分寺,国分寺駅,国分寺駅,124.0,,,,tag:feature:24h,20,+20(rental=1),0,1
24時間使えるレンタルダンススタジオ 東京,条件,S,STUDIO ELEVATE スタジオエレベート,〒154-0024 東京都世田谷区三軒茶屋２丁目１１-２４ サンタワーズＡ 棟401,,0,下北沢,下北沢|三軒茶屋|二子玉川|自由が丘,三軒茶屋駅,三軒茶屋駅,265.0,,,,tag:feature:24h,20,+20(rental=1),0,1
24時間使えるレンタルダンススタジオ 東京,条件,S,STUDIO ENOCH,〒183-0014 東京都府中市是政５丁目6-6 104,,0,府中,府中,是政駅,是政駅|南多摩駅|競艇場前駅|府中競馬正門前駅|東府中駅|府中本町駅|多磨霊園駅|稲城長沼駅|府中駅,40.0,,,,tag:feature:24h,20,+20(rental=1),0,1
24時間使えるレンタルダンススタジオ 東京,条件,S,Studio ENTRADA森下ANNEX,〒130-0024 東京都墨田区菊川１丁目９-１４ ４F,,0,錦糸町,錦糸町,菊川駅,菊川駅|森下駅|清澄白河駅|両国駅|住吉駅|浜町駅|錦糸町駅|東日本橋駅|水天宮前駅|馬喰横山駅,332.0,,,,tag:feature:24h,20,+20(rental=1),0,1
24時間使えるレンタルダンススタジオ 東京,条件,S,Studio Face東十条店 ダンスも会議もできるレンタルスタジオ,〒114-0001 東京都北区東十条３丁目１４-１３ ジョイフルプラザ３ 3階,,0,赤羽,赤羽,東十条駅,東十条駅|王子神谷駅|十条駅|志茂駅|赤羽駅|王子駅前駅|王子駅|飛鳥山駅,370.0,,,,tag:feature:24h,50,+20(rental=1)|+30(レンタルスタジオ),0,1
24時間使えるレンタルダンススタジオ 東京,条件,S,Studio Faith（スタジオフェイス）浦安校,〒279-0001 千葉県浦安市当代島１丁目１７-１９ 第2岡清ビル 5F,,0,その他,その他,浦安駅,浦安駅|南行徳駅|葛西駅,203.0,,,,tag:feature:24h,20,+20(rental=1),0,1
24時間使えるレンタルダンススタジオ 東京,条件,S,STUDIO FOXTAIL,〒140-0013 東京都品川区南大井２丁目１２-１０ ライオンズマンション大森 1F,,0,品川,品川|五反田|大井町|目黒,大森海岸駅,大森海岸駅|大森駅|立会川駅|平和島駅|流通センター駅|鮫洲駅|大森町駅|西大井駅,156.0,,,,tag:feature:24h,20,+20(rental=1),0,1
24時間使えるレンタルダンススタジオ 東京,条件,S,studio fusion レンタルスタジオ,〒176-0001 東京都練馬区練馬１丁目２０-３ Nビル 2F,,0,練馬,練馬,練馬駅,練馬駅|桜台駅|豊島園駅|新桜台駅|新江古田駅|氷川台駅|江古田駅|中村橋駅,186.0,,,,tag:feature:24h,50,+20(rental=1)|+30(レンタルスタジオ),0,1
24時間使えるレンタルダンススタジオ 東京,条件,S,STUDIO GEM GARAGE,〒164-0014 東京都中野区南台３丁目６-１７ 1F/B1F クリスタルコート８８ イマス中野,,0,中野,中野,中野富士見町駅,中野富士見町駅|中野新橋駅|方南町駅|幡ヶ谷駅|新中野駅|笹塚駅|西新宿五丁目駅（清水橋）|東高円寺駅|初台駅|中野坂上駅,537.0,,,,tag:feature:24h,20,+20(rental=1),0,1
24時間使えるレンタルダンススタジオ 東京,条件,S,Studio H,〒150-0013 東京都渋谷区恵比寿２丁目１７-２２,,0,渋谷,渋谷|恵比寿|代官山|原宿,恵比寿駅,恵比寿駅,791.0,,,,tag:feature:24h,20,+20(rental=1),0,1
24時間使えるレンタルダンススタジオ 東京,条件,S,ヒカリババダンスカンパニー,〒171-0031 東京都豊島区目白２丁目１２-４,,0,池袋,池袋|目白|大塚|巣鴨,池袋駅,池袋駅|高田馬場駅,876.0,,,,tag:feature:24h,20,+20(rental=1),0,1
24時間使えるレンタルダンススタジオ 東京,条件,S,アトリエ エマーブル,〒158-0097 東京都世田谷区用賀３丁目１８-８ セントラルSOUI103,,0,下北沢,下北沢|三軒茶屋|二子玉川|自由が丘,用賀駅,用賀駅|桜新町駅|上町駅,374.0,,,,tag:feature:24h,20,+20(rental=1),0,1
24時間使えるレンタルダンススタジオ 東京,条件,S,レンタルスタジオ モエギ市ヶ谷 ヨガダンスストレッチサロン Moegi市ヶ谷,〒102-0073 東京都千代田区九段北４丁目１-１５ MT市ヶ谷 201,,0,秋葉原,秋葉原,市ケ谷駅,市ケ谷駅|半蔵門駅|麹町駅|牛込神楽坂駅|四ツ谷駅|九段下駅|飯田橋駅|神楽坂駅|牛込柳町駅|曙橋駅,363.0,,,,tag:feature:24h,50,+20(rental=1)|+30(レンタルスタジオ),0,1
24時間使えるレンタルダンススタジオ 東京,条件,S,STUDIO KIRINJI,〒446-0032 愛知県安城市御幸本町７-１７ 安城壹番館４階,,0,その他,その他,安城駅,安城駅|北安城駅|南安城駅,181.0,,,,tag:feature:24h,20,+20(rental=1),0,1
24時間使えるレンタルダンススタジオ 東京,条件,S,STUDIO KYU,〒812-0895 福岡県福岡市博多区竹下４丁目１４-３０ 博多山ビル 2F,,0,その他,その他,竹下駅,竹下駅|大橋駅|高宮駅|井尻駅,171.0,,,,tag:feature:24h,20,+20(rental=1),0,1
24時間使えるレンタルダンススタジオ 東京,条件,S,Studio Leaf,〒144-0047 東京都大田区萩中１丁目４-１２-３０１,,0,蒲田,蒲田,糀谷駅,糀谷駅|京急蒲田駅|雑色駅|大鳥居駅|蒲田駅|梅屋敷駅|川崎大師駅|穴守稲荷駅|東門前駅|鈴木町駅,406.0,,,,tag:feature:24h,20,+20(rental=1),0,1
24時間使えるレンタルダンススタジオ 東京,条件,S,Studio Liberty,〒158-0091 東京都世田谷区１５ 中町4-15-9 B１,,0,下北沢,下北沢|三軒茶屋|二子玉川|自由が丘,上野毛駅,上野毛駅|等々力駅|用賀駅|桜新町駅|尾山台駅|二子玉川駅,875.0,,,,tag:feature:24h,20,+20(rental=1),0,1
24時間使えるレンタルダンススタジオ 東京,条件,S,STUDIO LIKEMAD,〒150-0042 東京都渋谷区宇田川町１１-２ 宇田川柳光ビル B1,,0,渋谷,渋谷|恵比寿|代官山|原宿,渋谷駅,渋谷駅|原宿駅,620.0,,,,tag:feature:24h,20,+20(rental=1),0,1
24時間使えるレンタルダンススタジオ 東京,条件,S,studio LOOP,〒156-0054 東京都世田谷区桜丘４丁目２４-２０ ユニバーサルビル 2F,,0,下北沢,下北沢|三軒茶屋|二子玉川|自由が丘,千歳船橋駅,千歳船橋駅|祖師ヶ谷大蔵駅|成城学園前駅|経堂駅,817.0,,,,tag:feature:24h,20,+20(rental=1),0,1
24時間使えるレンタルダンススタジオ 東京,条件,S,STUDIO ONEWAY TOKYO,〒164-0013 東京都中野区弥生町５丁目２０-１ 弥生町ユニオンビル B2F,,0,中野,中野,中野富士見町駅,中野富士見町駅|中野新橋駅|新中野駅|方南町駅|東高円寺駅|西新宿五丁目駅（清水橋）|中野坂上駅|幡ヶ谷駅|笹塚駅|初台駅,208.0,,,,tag:feature:24h,20,+20(rental=1),0,1
24時間使えるレンタルダンススタジオ 東京,条件,S,studio opus-スタジオ オープス-,〒140-0014 東京都品川区大井４丁目１-３ TOKOビル B1F,,0,品川,品川|五反田|大井町|目黒,大井町駅,大井町駅,312.0,,,,tag:feature:24h,20,+20(rental=1),0,1
24時間使えるレンタルダンススタジオ 東京,条件,S,STUDIO POLISH（スタジオポリッシュ）,〒142-0062 東京都品川区小山６丁目７-１４ プランドールＫａｓｅｙａ,,0,品川,品川|五反田|大井町|目黒,西小山駅,西小山駅|洗足駅|武蔵小山駅|北千束駅|旗の台駅|荏原中延駅|戸越銀座駅|長原駅|荏原町駅|大岡山駅,121.0,,,,tag:feature:24h,20,+20(rental=1),0,1
24時間使えるレンタルダンススタジオ 東京,条件,S,STUDIO PRIME 若葉校,〒350-0214 埼玉県坂戸市千代田３丁目５-１０ 庄司ビル 1F,,0,その他,その他,若葉駅,若葉駅|坂戸駅,542.0,,,,tag:feature:24h,20,+20(rental=1),0,1
24時間使えるレンタルダンススタジオ 東京,条件,S,Studio R 六本木ヒルズ店,〒106-0032 東京都港区六本木６丁目１５-１ ヒルズ けやき坂通り 2F けやき坂テラス,,0,六本木,六本木|赤坂|麻布|新橋,六本木駅,六本木駅|麻布十番駅,519.0,,,,tag:feature:24h,20,+20(rental=1),0,1
24時間使えるレンタルダンススタジオ 東京,条件,S,スタジオ五軒町,〒101-0021 東京都千代田区外神田６丁目１６-１ 外神田フジハイツ 地下1階,,0,秋葉原,秋葉原,秋葉原駅,秋葉原駅|上野駅,714.0,,,,tag:feature:24h,20,+20(rental=1),0,1
24時間使えるレンタルダンススタジオ 東京,条件,S,Studio ROZE (スタジオロゼ） レンタルスタジオ ヨガスタジオ 整体サロン 池袋 安い,〒171-0014 東京都豊島区池袋２丁目１１-９ 安藤ビル 305,,0,池袋,池袋|目白|大塚|巣鴨,池袋駅,池袋駅,515.0,,,,tag:feature:24h,50,+20(rental=1)|+30(レンタルスタジオ),0,1
24時間使えるレンタルダンススタジオ 東京,条件,S,studio SHEEP（スタジオシープ）,〒135-0003 東京都江東区猿江２丁目２-９ 鈴木ビル 1F,,0,豊洲,豊洲,錦糸町駅,錦糸町駅,1194.0,,,,tag:feature:24h,20,+20(rental=1),0,1
24時間使えるレンタルダンススタジオ 東京,条件,S,多摩スタジオ,〒201-0014 東京都狛江市東和泉３丁目３-１０,,0,狛江,狛江,和泉多摩川駅,和泉多摩川駅|狛江駅|登戸駅|宿河原駅|向ヶ丘遊園駅|喜多見駅,64.0,,,,tag:feature:24h,40,+20(rental=1)|+20(web),0,1
24時間使えるレンタルダンススタジオ 東京,条件,S,STUDIO SPACE COREDO NOGIZAKA｜スタジオスペース コレド 乃木坂,〒107-0052 東京都港区赤坂９丁目６-４１ B1,,0,六本木,六本木|赤坂|麻布|新橋,青山一丁目駅,青山一丁目駅|六本木駅|外苑前駅,578.0,,,,tag:feature:24h,20,+20(rental=1),0,1
24時間使えるレンタルダンススタジオ 東京,条件,S,STUDIO SPACE N 二子新地校,〒213-0002 神奈川県川崎市高津区二子２丁目１５,,0,その他,その他,高津駅,高津駅|二子新地駅|二子玉川駅|溝の口駅|武蔵溝ノ口駅|津田山駅|梶が谷駅|上野毛駅,323.0,,,,tag:feature:24h,20,+20(rental=1),0,1
24時間使えるレンタルダンススタジオ 東京,条件,S,STUDIO TRON,"〒106-0031 東京都港区西麻布３丁目１７-１１ B1F,1F TRONビル",,0,六本木,六本木|赤坂|麻布|新橋,六本木駅,六本木駅|麻布十番駅,688.0,,,,tag:feature:24h,20,+20(rental=1),0,1
24時間使えるレンタルダンススタジオ 東京,条件,S,studio WILDKIDS 亀戸駅前校 SOLstudio,〒136-0071 東京都江東区亀戸６丁目５６-４ 1階店舗,,0,豊洲,豊洲,亀戸駅,亀戸駅|亀戸水神駅|大島駅|西大島駅|東あずま駅|小村井駅|錦糸町駅|平井駅|住吉駅|東大島駅,370.0,,,,tag:feature:24h,20,+20(rental=1),0,1
24時間使えるレンタルダンススタジオ 東京,条件,S,studio WILDKIDS 亀戸水神駅前校 CIERO studio,〒136-0071 東京都江東区亀戸８丁目１４-１１ 1階店舗,,0,豊洲,豊洲,亀戸水神駅,亀戸水神駅|亀戸駅|東あずま駅|平井駅|小村井駅|大島駅|西大島駅|東大島駅|錦糸町駅,48.0,,,,tag:feature:24h,20,+20(rental=1),0,1
24時間使えるレンタルダンススタジオ 東京,条件,S,studio worcle okubo,〒169-0073 東京都新宿区百人町１丁目２１-５ 新宿Stビル,,0,新宿,新宿|西新宿|高田馬場|新大久保,新大久保駅,新大久保駅|西武新宿駅|新宿駅,342.0,,,,tag:feature:24h,20,+20(rental=1),0,1
24時間使えるレンタルダンススタジオ 東京,条件,S,studio worcle shibuya,〒150-0031 東京都渋谷区桜丘町１４-１０ 地下１階,,0,渋谷,渋谷|恵比寿|代官山|原宿,渋谷駅,渋谷駅,259.0,,,,tag:feature:24h,20,+20(rental=1),0,1
24時間使えるレンタルダンススタジオ 東京,条件,S,studio worcle shinjuku,〒160-0023 東京都新宿区西新宿７丁目１６-７ 第２１フジビル,,0,新宿,新宿|西新宿|高田馬場|新大久保,西武新宿駅,西武新宿駅|新大久保駅|新宿駅,278.0,,,,tag:feature:24h,20,+20(rental=1),0,1
24時間使えるレンタルダンススタジオ 東京,条件,S,studio worcle shinjuku-gyoen,〒160-0004 東京都新宿区四谷４丁目３２-４ B1 B2,,0,新宿,新宿|西新宿|高田馬場|新大久保,新宿御苑前駅,新宿御苑前駅|四谷三丁目駅|曙橋駅|新宿三丁目駅|千駄ケ谷駅|国立競技場駅|若松河田駅|東新宿駅|信濃町駅|新宿駅,390.0,,,,tag:feature:24h,20,+20(rental=1),0,1
24時間使えるレンタルダンススタジオ 東京,条件,S,studio worcle yoyogi,〒151-0053 東京都渋谷区代々木１丁目３６-１２ 2F,,0,渋谷,渋谷|恵比寿|代官山|原宿,代々木駅,代々木駅|新宿駅,141.0,,,,tag:feature:24h,20,+20(rental=1),0,1
24時間使えるレンタルダンススタジオ 東京,条件,S,studio worcle 池袋店,〒171-0022 東京都豊島区南池袋２丁目２２-４,,0,池袋,池袋|目白|大塚|巣鴨,池袋駅,池袋駅,354.0,,,,tag:feature:24h,20,+20(rental=1),0,1
24時間使えるレンタルダンススタジオ 東京,条件,S,studio_MINT 錦糸町,〒130-0012 東京都墨田区太平３丁目１-４,https://dance-studio-lab.com/room/ZDgyZDBlYjYtZWM1YS00MGNhLWI3YjEtZjRmNTEzZmU5NjE4/detail,1,錦糸町,錦糸町,錦糸町駅,錦糸町駅|押上駅,356.0,,,,tag:feature:24h,50,+30(dslurl)|+20(rental=1),0,1
24時間使えるレンタルダンススタジオ 東京,条件,S,ダンススタジオR 小杉レンタルスタジオ,〒211-0062 神奈川県川崎市中原区小杉陣屋町１丁目２３-７,,0,その他,その他,新丸子駅,新丸子駅|多摩川駅|武蔵小杉駅|沼部駅|田園調布駅|武蔵中原駅|向河原駅,651.0,,,,tag:feature:24h,50,+20(rental=1)|+30(レンタルスタジオ),0,1
24時間使えるレンタルダンススタジオ 東京,条件,S,STUDIO+DINING TREE,〒132-0024 東京都江戸川区一之江４丁目２-２５,,0,西葛西,西葛西,一之江駅,一之江駅|船堀駅|瑞江駅,393.0,,,,tag:feature:24h,20,+20(rental=1),0,1
24時間使えるレンタルダンススタジオ 東京,条件,S,studio3,〒136-0071 東京都江東区亀戸１丁目３１-８ 北越ビル 2F,,0,豊洲,豊洲,錦糸町駅,錦糸町駅,1077.0,,,,tag:feature:24h,20,+20(rental=1),0,1
24時間使えるレンタルダンススタジオ 東京,条件,S,studio501,〒141-0032 東京都品川区大崎５丁目４-１２ 八重苅ビル,,0,品川,品川|五反田|大井町|目黒,大崎駅,大崎駅|五反田駅,429.0,,,,tag:feature:24h,20,+20(rental=1),0,1
24時間使えるレンタルダンススタジオ 東京,条件,S,StudioENTRADA森下,〒135-0004 東京都江東区森下３丁目８-７ カーム落合 1F,,0,豊洲,豊洲,森下駅,森下駅|菊川駅|清澄白河駅|住吉駅|浜町駅|両国駅|錦糸町駅|水天宮前駅|東日本橋駅|門前仲町駅,372.0,,,,tag:feature:24h,20,+20(rental=1),0,1
24時間使えるレンタルダンススタジオ 東京,条件,S,StudioENTRADA築地,〒104-0045 東京都中央区築地３丁目１１-５ 第二中央ビル 1F,,0,銀座,銀座|日本橋|八丁堀|月島,有楽町駅,有楽町駅,1190.0,,,,tag:feature:24h,20,+20(rental=1),0,1
24時間使えるレンタルダンススタジオ 東京,条件,S,STUDIOFLAG高田馬場2号店,〒169-0075 東京都新宿区高田馬場２丁目１１-１ YOKE2ビル 地下1F,,0,新宿,新宿|西新宿|高田馬場|新大久保,高田馬場駅,高田馬場駅,455.0,,,,tag:feature:24h,20,+20(rental=1),0,1
24時間使えるレンタルダンススタジオ 東京,条件,S,StudioNEXUS石神井校,〒177-0041 東京都練馬区石神井町６丁目３２-２０,,0,練馬,練馬,石神井公園駅,石神井公園駅|大泉学園駅|上石神井駅|練馬高野台駅|上井草駅,898.0,,,,tag:feature:24h,20,+20(rental=1),0,1
24時間使えるレンタルダンススタジオ 東京,条件,S,渋谷のレンタルスタジオ ユニアス,〒150-0043 東京都渋谷区道玄坂１丁目７-１０ リードシー渋谷道玄坂 B1F 新大宗渋谷,,0,渋谷,渋谷|恵比寿|代官山|原宿,渋谷駅,渋谷駅,213.0,,,,tag:feature:24h,50,+20(rental=1)|+30(レンタルスタジオ),0,1
24時間使えるレンタルダンススタジオ 東京,条件,S,StudioNEXUS武蔵関校,〒177-0051 東京都練馬区関町北２丁目２２-１３ シャトーセキ B1,,0,練馬,練馬,武蔵関駅,武蔵関駅|東伏見駅|上石神井駅,181.0,,,,tag:feature:24h,20,+20(rental=1),0,1
24時間使えるレンタルダンススタジオ 東京,条件,S,Studioonda大久保,〒169-0073 東京都新宿区百人町１丁目２３-２ 3F,,0,新宿,新宿|西新宿|高田馬場|新大久保,新大久保駅,新大久保駅|西武新宿駅|新宿駅,388.0,,,,tag:feature:24h,20,+20(rental=1),0,1
24時間使えるレンタルダンススタジオ 東京,条件,S,StudioOnda東中野 Ondabuilding,〒169-0074 東京都新宿区北新宿４丁目３３-５,,0,新宿,新宿|西新宿|高田馬場|新大久保,新大久保駅,新大久保駅,1133.0,,,,tag:feature:24h,20,+20(rental=1),0,1
24時間使えるレンタルダンススタジオ 東京,条件,S,STUDIOピア Pia31 ベイサイド,〒136-0082 東京都江東区新木場２丁目１-２３,,0,豊洲,豊洲,新木場駅,新木場駅|辰巳駅|東雲駅,849.0,,,,tag:feature:24h,20,+20(rental=1),0,1
24時間使えるレンタルダンススタジオ 東京,条件,S,SWITCH STAND ODAIBA,"〒135-0064 東京都江東区青海２丁目７-４, The Soho, 1F",,0,豊洲,豊洲,テレコムセンター駅,テレコムセンター駅|東京国際クルーズターミナル駅|青海駅|台場駅|東京テレポート駅|お台場海浜公園駅,396.0,,,,tag:feature:24h,20,+20(rental=1),0,1
24時間使えるレンタルダンススタジオ 東京,条件,S,Tap Dance Company Freiheit,〒185-0011 東京都国分寺市本多１丁目１-２０ Cross Stair B,,0,国分寺,国分寺,国分寺駅,国分寺駅,413.0,,,,tag:feature:24h,20,+20(rental=1),0,1
24時間使えるレンタルダンススタジオ 東京,条件,S,TBY-studio,〒171-0014 東京都豊島区池袋２丁目３６-２,,0,池袋,池袋|目白|大塚|巣鴨,池袋駅,池袋駅,532.0,,,,tag:feature:24h,20,+20(rental=1),0,1
24時間使えるレンタルダンススタジオ 東京,条件,S,TERAKOYA studio,〒434-0004 静岡県浜松市浜北区宮口４９０７,,0,赤羽,赤羽,なし,,,,,,tag:feature:24h,20,+20(rental=1),0,1
24時間使えるレンタルダンススタジオ 東京,条件,S,THビル貸し会議室 レンタルスタジオ,〒151-0053 東京都渋谷区代々木２丁目４-１ Thビル,https://dance-studio-lab.com/room/ZGYxYjYyNDgtMDEzOC00MjZhLTgyZDctODZlMDViYTQ0NDgy/detail,1,渋谷,渋谷|恵比寿|代官山|原宿,新宿駅,新宿駅|代々木駅|西武新宿駅,451.0,,,,tag:feature:24h,80,+30(dslurl)|+20(rental=1)|+30(レンタルスタジオ),0,1
24時間使えるレンタルダンススタジオ 東京,条件,S,ＴＨ会場,〒151-0053 東京都渋谷区代々木２丁目４-１,,0,渋谷,渋谷|恵比寿|代官山|原宿,新宿駅,新宿駅|代々木駅|西武新宿駅,451.0,,,,tag:feature:24h,20,+20(rental=1),0,1
24時間使えるレンタルダンススタジオ 東京,条件,S,TKO DANCE STUDIO(TKOダンススタジオ),〒340-0023 埼玉県草加市谷塚町５７８-１ 梅香堂ビル 305,,0,その他,その他,谷塚駅,谷塚駅|草加駅,92.0,,,,tag:feature:24h,45,+20(rental=1)|+25(ダンススタジオ),0,1
24時間使えるレンタルダンススタジオ 東京,条件,S,TKPスター貸会議室 東京タワー通り,〒105-0011 東京都港区芝公園３丁目４-３０ 32芝公園ビル B2階,,0,六本木,六本木|赤坂|麻布|新橋,浜松町駅,浜松町駅|麻布十番駅,998.0,,,,tag:feature:24h,20,+20(rental=1),0,1
24時間使えるレンタルダンススタジオ 東京,条件,S,TOHNO DANCE STUDIO,〒202-0002 東京都西東京市ひばりが丘北３丁目４-３ T&Kひばりが丘B1,,0,ひばりヶ丘,ひばりヶ丘,ひばりヶ丘駅,ひばりヶ丘駅|東久留米駅|保谷駅,106.0,,,,tag:feature:24h,45,+20(rental=1)|+25(ダンススタジオ),0,1
24時間使えるレンタルダンススタジオ 東京,条件,S,TOKYO GATE STUDIO 東京ゲートスタジオ レンタルスタジオ,〒108-0074 東京都港区高輪４丁目２４-５８ サマセット品川東京１F,,0,六本木,六本木|赤坂|麻布|新橋,品川駅,品川駅|大崎駅,387.0,,,,tag:feature:24h,50,+20(rental=1)|+30(レンタルスタジオ),0,1
24時間使えるレンタルダンススタジオ 東京,条件,S,ＴＲＢタップダンススタジオ,〒101-0032 東京都千代田区岩本町１丁目１-６,,0,秋葉原,秋葉原,秋葉原駅,秋葉原駅,828.0,,,,tag:feature:24h,45,+20(rental=1)|+25(ダンススタジオ),0,1
24時間使えるレンタルダンススタジオ 東京,条件,S,TRINITY DANCE CENTER桜上水校,〒168-0073 東京都杉並区下高井戸１丁目１８-１６ 桜上水ビル 1F KORG,,0,高円寺,高円寺,桜上水駅,桜上水駅|下高井戸駅|上北沢駅|松原駅|永福町駅|西永福駅|明大前駅|浜田山駅|八幡山駅|山下駅,300.0,,,,tag:feature:24h,20,+20(rental=1),0,1
24時間使えるレンタルダンススタジオ 東京,条件,S,Tダンスプロダクション,〒132-0033 東京都江戸川区東小松川４丁目４３-１８,,0,西葛西,西葛西,船堀駅,船堀駅|東大島駅|一之江駅,323.0,,,,tag:feature:24h,20,+20(rental=1),0,1
24時間使えるレンタルダンススタジオ 東京,条件,S,U210 【立川レンタルダンススタジオ】,〒190-0022 東京都立川市錦町２丁目２-２８ ＹＳ立川第二ビル １階,,0,立川,立川,立川駅,立川駅,406.0,,,,tag:feature:24h,60,+20(rental=1)|+40(レンタルダンス),0,1
24時間使えるレンタルダンススタジオ 東京,条件,S,UBクリエイティブベース,〒448-0011 愛知県刈谷市築地町２丁目１６-２,,0,その他,その他,一ツ木駅,一ツ木駅|富士松駅,506.0,,,,tag:feature:24h,20,+20(rental=1),0,1
24時間使えるレンタルダンススタジオ 東京,条件,S,VERONICA FIT,〒104-0032 東京都中央区八丁堀２丁目１９-６ ヤサカ八丁堀ビルB1,,0,銀座,銀座|日本橋|八丁堀|月島,東京駅,東京駅|有楽町駅,1036.0,,,,tag:feature:24h,20,+20(rental=1),0,1
24時間使えるレンタルダンススタジオ 東京,条件,S,BUZZ渋谷MARKCITY,〒150-0043 東京都渋谷区道玄坂１丁目１７ 9BUZZビル,https://dance-studio-lab.com/room/MTJmOWU1NGQtYmViZC00YWEzLWI5Y2ItNGFhYzU3YTAyZTBk/detail,1,渋谷,渋谷|恵比寿|代官山|原宿,渋谷駅,渋谷駅,437.0,,,,tag:feature:24h,50,+30(dslurl)|+20(rental=1),0,1
24時間使えるレンタルダンススタジオ 東京,条件,S,World of Dance Studios Tokyo,〒180-0004 東京都武蔵野市吉祥寺本町１丁目２４-７ 吉祥寺光ビル 6F,,0,吉祥寺,吉祥寺,吉祥寺駅,吉祥寺駅,146.0,,,,tag:feature:24h,45,+20(rental=1)|+25(ダンススタジオ),0,1
24時間使えるレンタルダンススタジオ 東京,条件,S,Y'sホール三鷹,〒181-0004 東京都三鷹市新川６丁目８-１０ サンシャインビル B1,,0,三鷹,三鷹,なし,,,,,,tag:feature:24h,20,+20(rental=1),0,1
24時間使えるレンタルダンススタジオ 東京,条件,S,YBS Yukino Ballet Studio,〒156-0041 東京都世田谷区大原２丁目２３-１５ 大原アジアビル 7階,,0,下北沢,下北沢|三軒茶屋|二子玉川|自由が丘,代田橋駅,代田橋駅|笹塚駅|明大前駅|新代田駅|東松原駅|方南町駅|下北沢駅|東北沢駅|世田谷代田駅|幡ヶ谷駅,205.0,,,,tag:feature:24h,20,+20(rental=1),0,1
24時間使えるレンタルダンススタジオ 東京,条件,S,YOKOTA BASE STUDIO,〒194-0013 東京都町田市原町田１丁目６-２４ 田島第二ビル,,0,町田,町田,町田駅,町田駅,257.0,,,,tag:feature:24h,20,+20(rental=1),0,1
24時間使えるレンタルダンススタジオ 東京,条件,S,YR CLUB HOUSE 国領店,〒182-0022 東京都調布市国領町３丁目１０-４,,0,調布,調布,国領駅,国領駅|布田駅|柴崎駅|調布駅|つつじヶ丘駅,89.0,,,,tag:feature:24h,20,+20(rental=1),0,1
24時間使えるレンタルダンススタジオ 東京,条件,S,Z-RAHZ DANCE STUDIO,〒106-0046 東京都港区元麻布１丁目２-２,,0,六本木,六本木|赤坂|麻布|新橋,麻布十番駅,麻布十番駅|六本木駅,192.0,,,,tag:feature:24h,45,+20(rental=1)|+25(ダンススタジオ),0,1
24時間使えるレンタルダンススタジオ 東京,条件,S,ZITA アルゼンチンタンゴ,"Tokyo, 塚原ビル 4F, ２丁目-２７-２ 上大崎 品川区 東京都 141-0021",,0,品川,品川|五反田|大井町|目黒,目黒駅,目黒駅|五反田駅,83.0,,,,tag:feature:24h,20,+20(rental=1),0,1
24時間使えるレンタルダンススタジオ 東京,条件,S,Zsa Zsa Zsu Dance Studio ザザズ,〒112-0014 東京都文京区関口１丁目４８-５ 第２榎本ビル 2階,,0,後楽園,後楽園,江戸川橋駅,江戸川橋駅|神楽坂駅|早稲田駅|茗荷谷駅|牛込神楽坂駅|護国寺駅|牛込柳町駅|面影橋駅|飯田橋駅|若松河田駅,249.0,,,,tag:feature:24h,45,+20(rental=1)|+25(ダンススタジオ),0,1
24時間使えるレンタルダンススタジオ 東京,条件,S,Zsa Zsa Zsu Studio,〒112-0014 東京都文京区関口１丁目６-９ 川田ビル 1階,,0,後楽園,後楽園,江戸川橋駅,江戸川橋駅|神楽坂駅|牛込神楽坂駅|早稲田駅|茗荷谷駅|牛込柳町駅|護国寺駅|飯田橋駅|若松河田駅|面影橋駅,184.0,,,,tag:feature:24h,20,+20(rental=1),0,1
24時間使えるレンタルダンススタジオ 東京,条件,S,あおちゃんダンスコミュニケーション サルサダンス ブラジルダンス 認知症予防ダンス,〒110-0003 東京都台東区根岸２丁目１２-１１,,0,上野,上野|浅草|御徒町|蔵前,日暮里駅,日暮里駅,726.0,,,,tag:feature:24h,20,+20(rental=1),0,1
24時間使えるレンタルダンススタジオ 東京,条件,S,アカペラスタジオ ベースオントップ吉祥寺店,〒180-0004 東京都武蔵野市吉祥寺本町１丁目２０-３ B1F,,0,吉祥寺,吉祥寺,吉祥寺駅,吉祥寺駅,312.0,,,,tag:feature:24h,20,+20(rental=1),0,1
24時間使えるレンタルダンススタジオ 東京,条件,S,アカペラスタジオベースオントップ池袋東口店,〒171-0022 東京都豊島区南池袋２丁目２４-５ 加藤ビル B1,,0,池袋,池袋|目白|大塚|巣鴨,池袋駅,池袋駅,323.0,,,,tag:feature:24h,20,+20(rental=1),0,1
24時間使えるレンタルダンススタジオ 東京,条件,S,アクセ・スタジオ,〒169-0075 東京都新宿区高田馬場４丁目１-７,,0,新宿,新宿|西新宿|高田馬場|新大久保,高田馬場駅,高田馬場駅|新大久保駅,260.0,,,,tag:feature:24h,20,+20(rental=1),0,1
24時間使えるレンタルダンススタジオ 東京,条件,S,アックミーエアリアルスタジオ ACME AERIAL STUDIO 36,〒168-0064 東京都杉並区永福４丁目８-１４,,0,高円寺,高円寺,永福町駅,永福町駅|西永福駅|明大前駅|下高井戸駅|浜田山駅|方南町駅|桜上水駅|代田橋駅,241.0,,,,tag:feature:24h,20,+20(rental=1),0,1
24時間使えるレンタルダンススタジオ 東京,条件,S,アミューゼダンススポーツクラブ,〒470-0348 愛知県豊田市貝津町柚木１３９-１,,0,その他,その他,貝津駅,貝津駅|保見駅|浄水駅|四郷駅|上豊田駅,142.0,,,,tag:feature:24h,20,+20(rental=1),0,1
24時間使えるレンタルダンススタジオ 東京,条件,S,アメリカンスタイル専門の社交ダンスサークル 【Sunday Dance Cafe】,〒144-0051 東京都大田区西蒲田６丁目３２-１３ 月村マンション １F,,0,蒲田,蒲田,蒲田駅,蒲田駅,633.0,,,,tag:feature:24h,20,+20(rental=1),0,1
24時間使えるレンタルダンススタジオ 東京,条件,S,レンタルスタジオ三ノ輪,〒110-0011 東京都台東区三ノ輪１丁目１０-９ GATTINO 1F,,0,上野,上野|浅草|御徒町|蔵前,三ノ輪駅,三ノ輪駅|荒川一中前駅|荒川区役所前駅|南千住駅|入谷駅|荒川二丁目駅|鶯谷駅|三河島駅|浅草駅|千住大橋駅,219.0,,,,tag:feature:24h,70,+20(rental=1)|+30(レンタルスタジオ)|+20(web),0,1
24時間使えるレンタルダンススタジオ 東京,条件,S,レンタルスタジオODORU,〒110-0015 東京都台東区東上野３丁目１８-１ B1,,0,上野,上野|浅草|御徒町|蔵前,上野駅,上野駅,319.0,,,,tag:feature:24h,50,+20(rental=1)|+30(レンタルスタジオ),0,1
24時間使えるレンタルダンススタジオ 東京,条件,S,アルゼンチンタンゴ・ダンス チケ,〒160-0011 東京都新宿区若葉１丁目１-１ 2F,,0,新宿,新宿|西新宿|高田馬場|新大久保,四谷三丁目駅,四谷三丁目駅|曙橋駅|四ツ谷駅|信濃町駅|新宿御苑前駅|国立競技場駅|市ケ谷駅|千駄ケ谷駅|麹町駅|牛込柳町駅,225.0,,,,tag:feature:24h,20,+20(rental=1),0,1
24時間使えるレンタルダンススタジオ 東京,条件,S,アルゼンチンタンゴ協会,〒104-0061 東京都中央区銀座７丁目１４-７ 共栄銀座７丁目ビル,,0,銀座,銀座|日本橋|八丁堀|月島,新橋駅,新橋駅|有楽町駅,579.0,,,,tag:feature:24h,20,+20(rental=1),0,1
24時間使えるレンタルダンススタジオ 東京,条件,S,ムーンプレイス レンタルスタジオ蔵前,〒111-0043 東京都台東区駒形２丁目１-５ ３階,,0,上野,上野|浅草|御徒町|蔵前,蔵前駅,蔵前駅|浅草駅,224.0,,,,tag:feature:24h,50,+20(rental=1)|+30(レンタルスタジオ),0,1
24時間使えるレンタルダンススタジオ 東京,条件,S,アルファビデオレンタルスタジオ,〒107-0051 東京都港区元赤坂１丁目５-７ ラベリテ赤坂 1階,,0,六本木,六本木|赤坂|麻布|新橋,赤坂駅,赤坂駅|青山一丁目駅,534.0,,,,tag:feature:24h,50,+20(rental=1)|+30(レンタルスタジオ),0,1
24時間使えるレンタルダンススタジオ 東京,条件,S,スタジオブライト｜レンタル撮影スタジオ（完全予約制）,〒111-0051 東京都台東区蔵前４丁目３６-１３ タイルビル 4F,,0,上野,上野|浅草|御徒町|蔵前,蔵前駅,蔵前駅|浅草駅,381.0,,,,tag:feature:24h,20,+20(rental=1),0,1
24時間使えるレンタルダンススタジオ 東京,条件,S,アロハホヌアフラスタジオ&レンタルスタジオ経堂,〒156-0052 東京都世田谷区経堂１丁目５-６ パルファム経堂 B1,,0,下北沢,下北沢|三軒茶屋|二子玉川|自由が丘,経堂駅,経堂駅|宮の坂駅|上町駅|山下駅|千歳船橋駅|豪徳寺駅|世田谷駅|松原駅|松陰神社前駅|梅ヶ丘駅,334.0,,,,tag:feature:24h,50,+20(rental=1)|+30(レンタルスタジオ),0,1
24時間使えるレンタルダンススタジオ 東京,条件,S,スタジオジパング 上野スタジオSTANDARD,"〒110-0015 東京都台東区東上野３丁目１４-１２, Ueno Bldg., B1 旧 辻井ビル",,0,上野,上野|浅草|御徒町|蔵前,上野駅,上野駅,404.0,,,,tag:feature:24h,20,+20(rental=1),0,1
24時間使えるレンタルダンススタジオ 東京,条件,S,イシカワヒロユキダンススタジオ,〒192-0081 東京都八王子市横山町３-６,,0,八王子,八王子,八王子駅,八王子駅,437.0,,,,tag:feature:24h,45,+20(rental=1)|+25(ダンススタジオ),0,1
24時間使えるレンタルダンススタジオ 東京,条件,S,ミライスタジオ御茶ノ水,〒101-0062 東京都千代田区神田駿河台２丁目４-２,,0,秋葉原,秋葉原,秋葉原駅,秋葉原駅,962.0,,,,tag:feature:24h,20,+20(rental=1),0,1
24時間使えるレンタルダンススタジオ 東京,条件,S,スタジオジパング大久保,〒169-0073 東京都新宿区百人町１丁目２３ みなみビル B1,,0,新宿,新宿|西新宿|高田馬場|新大久保,新大久保駅,新大久保駅|西武新宿駅|新宿駅,331.0,,,,tag:feature:24h,20,+20(rental=1),0,1
24時間使えるレンタルダンススタジオ 東京,条件,S,BUZZ レンタルスタジオ 神田店,〒101-0047 東京都千代田区内神田２丁目９-９ 神田西口ビル B1F,https://dance-studio-lab.com/room/ODJkZDE5YzQtMTlhZS00NjNlLWJlZTQtNDA3NTU3MTQ5NDg5/detail,1,秋葉原,秋葉原,秋葉原駅,秋葉原駅|東京駅,989.0,,,,tag:feature:24h,80,+30(dslurl)|+20(rental=1)|+30(レンタルスタジオ),0,1
24時間使えるレンタルダンススタジオ 東京,条件,S,BUZZ レンタルスタジオ 秋葉原店,〒101-0032 東京都千代田区岩本町２丁目６-１２ 曙ビル B1,,0,秋葉原,秋葉原,秋葉原駅,秋葉原駅,606.0,,,,tag:feature:24h,50,+20(rental=1)|+30(レンタルスタジオ),0,1
24時間使えるレンタルダンススタジオ 東京,条件,S,D→TA (ディータ),〒112-0001 東京都文京区白山５丁目３３-１４ 2階,,0,後楽園,後楽園,白山駅,白山駅|本駒込駅|東大前駅|千石駅|千駄木駅|根津駅|茗荷谷駅|後楽園駅|春日駅|駒込駅,150.0,,,,tag:feature:24h,20,+20(rental=1),0,1
24時間使えるレンタルダンススタジオ 東京,条件,S,レンタルスタジオ YOGA SPICE 神保町,〒101-0065 東京都千代田区西神田２丁目３-２ 牧ビル 402号室,,0,秋葉原,秋葉原,神保町駅,神保町駅|水道橋駅|九段下駅|御茶ノ水駅|竹橋駅|新御茶ノ水駅|飯田橋駅|小川町駅|本郷三丁目駅|春日駅,312.0,,,,tag:feature:24h,50,+20(rental=1)|+30(レンタルスタジオ),0,1
24時間使えるレンタルダンススタジオ 東京,条件,S,エイベックス・ダンスマスタートータルフィットネスクラブわらわら ふじみ野,〒356-0056 埼玉県ふじみ野市うれし野２丁目１０-３５ アウトレットモールリズムE-2F １,,0,その他,その他,ふじみ野駅,ふじみ野駅|鶴瀬駅,329.0,,,,tag:feature:24h,20,+20(rental=1),0,1
24時間使えるレンタルダンススタジオ 東京,条件,S,キッズダンススタジオ Sunny Piece,〒350-0056 埼玉県川越市松江町１丁目７-５,,0,その他,その他,本川越駅,本川越駅|川越市駅|川越駅,548.0,,,,tag:feature:24h,45,+20(rental=1)|+25(ダンススタジオ),0,1
24時間使えるレンタルダンススタジオ 東京,条件,S,エースダンススタジオ,"札幌ＮＳビル 4F, ２丁目-11 南２条西 中央区 札幌市 北海道 060-0062",,0,銀座,銀座|日本橋|八丁堀|月島,大通駅,大通駅|すすきの駅|豊水すすきの駅|バスセンター前駅|さっぽろ駅|中島公園駅|西１１丁目駅|札幌駅|菊水駅|学園前駅,247.0,,,,tag:feature:24h,45,+20(rental=1)|+25(ダンススタジオ),0,1
24時間使えるレンタルダンススタジオ 東京,条件,S,えこてんハウススタジオ,〒176-0005 東京都練馬区旭丘１丁目７６-１０ 相枝ビル ４F,,0,練馬,練馬,江古田駅,江古田駅|新江古田駅|新桜台駅|小竹向原駅|桜台駅|東長崎駅|千川駅|氷川台駅|練馬駅|落合南長崎駅,61.0,,,,tag:feature:24h,40,+20(rental=1)|+20(web),0,1
24時間使えるレンタルダンススタジオ 東京,条件,S,エストゥディオのりこ,〒105-0004 東京都港区１６ 東京都港区 2-16-1 340,,0,六本木,六本木|赤坂|麻布|新橋,新橋駅,新橋駅|有楽町駅|浜松町駅,85.0,,,,tag:feature:24h,20,+20(rental=1),0,1
24時間使えるレンタルダンススタジオ 東京,条件,S,エルメスダンスカンパニー豊橋校,〒440-0897 愛知県豊橋市松葉町３丁目59 医療法人誠流会 まつば藤城歯科様建物1階 まつばスタジオ,,0,その他,その他,豊橋駅,豊橋駅|新豊橋駅|船町駅|柳生橋駅|下地駅,479.0,,,,tag:feature:24h,20,+20(rental=1),0,1
24時間使えるレンタルダンススタジオ 東京,条件,S,オガワ ダンス スタジオ,〒220-0023 神奈川県横浜市西区西区平沼１丁目３３-１,,0,その他,その他,平沼橋駅,平沼橋駅|高島町駅|戸部駅|新高島駅|横浜駅|みなとみらい駅|西横浜駅|神奈川駅|桜木町駅|反町駅,350.0,,,,tag:feature:24h,20,+20(rental=1),0,1
24時間使えるレンタルダンススタジオ 東京,条件,S,カミヤマダンススタジオ,〒192-0046 東京都八王子市明神町４丁目６-２ 山口ビル 2F,,0,八王子,八王子,八王子駅,八王子駅,481.0,,,,tag:feature:24h,45,+20(rental=1)|+25(ダンススタジオ),0,1
24時間使えるレンタルダンススタジオ 東京,条件,S,かよバレエスタジオ,〒187-0002 東京都小平市花小金井１丁目１２-７,,0,小平,小平,花小金井駅,花小金井駅,150.0,,,,tag:feature:24h,20,+20(rental=1),0,1
24時間使えるレンタルダンススタジオ 東京,条件,S,カルサロ レンタルスタジオサロン,〒179-0073 東京都練馬区田柄２丁目３２-２３ アネックスミスズ ２F,,0,練馬,練馬,地下鉄赤塚駅,地下鉄赤塚駅|下赤塚駅|東武練馬駅|平和台駅|成増駅|地下鉄成増駅|光が丘駅|練馬春日町駅,216.0,,,,tag:feature:24h,50,+20(rental=1)|+30(レンタルスタジオ),0,1
24時間使えるレンタルダンススタジオ 東京,条件,S,カワチダンススタジオ,"１丁目-１１, １丁目-１１-３ 小坂本町 豊田市 愛知県 471-0034",,0,その他,その他,新豊田駅,新豊田駅|豊田市駅|上挙母駅|新上挙母駅|梅坪駅,141.0,,,,tag:feature:24h,45,+20(rental=1)|+25(ダンススタジオ),0,1
24時間使えるレンタルダンススタジオ 東京,条件,S,レベルアップレンタルスタジオ,〒430-0939 静岡県浜松市中区連尺町３１４-３６ 206号,,0,その他,その他,第一通り駅,第一通り駅|新浜松駅|遠州病院駅|浜松駅|八幡駅,423.0,,,,tag:feature:24h,50,+20(rental=1)|+30(レンタルスタジオ),0,1
24時間使えるレンタルダンススタジオ 東京,条件,S,キッズダンススタジオSerenita西新井店,〒123-0842 東京都足立区栗原１丁目７-２０ 3階,,0,北千住,北千住,西新井駅,西新井駅|大師前駅|梅島駅|竹ノ塚駅|西新井大師西駅|江北駅,228.0,,,,tag:feature:24h,45,+20(rental=1)|+25(ダンススタジオ),0,1
24時間使えるレンタルダンススタジオ 東京,条件,S,キッズダンススタジオstudioCROSS（スタジオクロス）高幡不動クラス 日野市 多摩カルチャーセンター,〒191-0031 東京都日野市高幡３-１０ 遠藤ビル 2階,,0,日野,日野,高幡不動駅,高幡不動駅|多摩動物公園駅|百草園駅,59.0,,,,tag:feature:24h,45,+20(rental=1)|+25(ダンススタジオ),0,1
24時間使えるレンタルダンススタジオ 東京,条件,S,キッズダンススタジオstudioCROSS（スタジオクロス）国立駅ゴールドジムクラス,〒186-0004 東京都国立市中１丁目9-３０ 国立せきやビル 5階 ゴールドジム内,,0,国立,国立,国立駅,国立駅|西国分寺駅|谷保駅|矢川駅,158.0,,,,tag:feature:24h,45,+20(rental=1)|+25(ダンススタジオ),0,1
24時間使えるレンタルダンススタジオ 東京,条件,S,キッズダンススタジオstudioCROSS（スタジオクロス）国立谷保スタジオ,〒186-0003 東京都国立市富士見台２丁目１８-２ 富士見台ビル 2階,,0,国立,国立,谷保駅,谷保駅|矢川駅|西府駅|国立駅,129.0,,,,tag:feature:24h,45,+20(rental=1)|+25(ダンススタジオ),0,1
24時間使えるレンタルダンススタジオ 東京,条件,S,キッズダンススタジオstudioCROSS（スタジオクロス）聖蹟桜ヶ丘クラス 多摩市 多摩カルチャーセンター,〒206-0011 東京都多摩市関戸４丁目73-１ よこくらビル 3階,,0,多摩センター,多摩センター,聖蹟桜ヶ丘駅,聖蹟桜ヶ丘駅|中河原駅|百草園駅,186.0,,,,tag:feature:24h,45,+20(rental=1)|+25(ダンススタジオ),0,1
24時間使えるレンタルダンススタジオ 東京,条件,S,フラメンコスタジオ エル ソニケテ,〒191-0062 東京都日野市多摩平２丁目１２-２ 山崎ビル1F,,0,日野,日野,豊田駅,豊田駅|南平駅|平山城址公園駅|北八王子駅,353.0,,,,tag:feature:24h,20,+20(rental=1),0,1
24時間使えるレンタルダンススタジオ 東京,条件,S,キューブキッズスポーツ,〒214-0012 神奈川県川崎市多摩区中野島２丁目９-３０ スポーツキューブ,,0,その他,その他,中野島駅,中野島駅|生田駅|稲田堤駅|向ヶ丘遊園駅|京王稲田堤駅|登戸駅,535.0,,,,tag:feature:24h,20,+20(rental=1),0,1
24時間使えるレンタルダンススタジオ 東京,条件,S,クラウドナインスタジオ 町田店,〒194-0013 東京都町田市原町田４丁目１１-１４ コロンブスビル 6F,,0,町田,町田,町田駅,町田駅,213.0,,,,tag:feature:24h,20,+20(rental=1),0,1
24時間使えるレンタルダンススタジオ 東京,条件,S,ベストスタジオ中野,〒164-0001 東京都中野区中野５丁目４６ 9ABCハウス 101,,0,中野,中野,中野駅,中野駅,303.0,,,,tag:feature:24h,20,+20(rental=1),0,1
24時間使えるレンタルダンススタジオ 東京,条件,S,グラッドリ,〒160-0004 東京都新宿区四谷１丁目１５,,0,新宿,新宿|西新宿|高田馬場|新大久保,四ツ谷駅,四ツ谷駅|四谷三丁目駅|信濃町駅|麹町駅|曙橋駅|市ケ谷駅|赤坂見附駅|半蔵門駅|永田町駅|国立競技場駅,272.0,,,,tag:feature:24h,20,+20(rental=1),0,1
24時間使えるレンタルダンススタジオ 東京,条件,S,ケアリノフラスタジオ,〒179-0081 東京都練馬区北町８丁目３６-２,,0,練馬,練馬,地下鉄赤塚駅,地下鉄赤塚駅|下赤塚駅|平和台駅|東武練馬駅|成増駅|地下鉄成増駅|光が丘駅|練馬春日町駅,339.0,,,,tag:feature:24h,20,+20(rental=1),0,1
24時間使えるレンタルダンススタジオ 東京,条件,S,"レンタルスタジオDance""MOVE""!!",〒165-0027 東京都中野区野方５丁目３０-６ ひろきやビル 2階,,0,中野,中野,野方駅,野方駅|都立家政駅|沼袋駅|鷺ノ宮駅|高円寺駅|新井薬師前駅|中野駅,127.0,,,,tag:feature:24h,50,+20(rental=1)|+30(レンタルスタジオ),0,1
24時間使えるレンタルダンススタジオ 東京,条件,S,ゴールドジム南大沢東京,〒192-0364 東京都八王子市南大沢２丁目30番地 サザンウィンズ南大沢 2F,,0,八王子,八王子,南大沢駅,南大沢駅|多摩境駅,111.0,,,,tag:feature:24h,20,+20(rental=1),0,1
24時間使えるレンタルダンススタジオ 東京,条件,S,studio RhythMoon（スタジオ・リズムーン）,〒167-0022 東京都杉並区下井草５丁目１６-９,,0,高円寺,高円寺,井荻駅,井荻駅|下井草駅|上井草駅|富士見台駅|練馬高野台駅,180.0,,,,tag:feature:24h,20,+20(rental=1),0,1
24時間使えるレンタルダンススタジオ 東京,条件,S,コンバレエスタジオ Kon Ballet Studio 糀谷店,〒144-0035 東京都大田区南蒲田３丁目１３-１２ キザキビル2F.3F,,0,蒲田,蒲田,糀谷駅,糀谷駅|大鳥居駅|京急蒲田駅|雑色駅|穴守稲荷駅|梅屋敷駅|蒲田駅|東門前駅|川崎大師駅,228.0,,,,tag:feature:24h,20,+20(rental=1),0,1
24時間使えるレンタルダンススタジオ 東京,条件,S,サイスタジオ,〒173-0014 東京都板橋区大山東町１９-１ FM10ラ･アクシオンビル4階,,0,成増,成増,大山駅,大山駅|板橋区役所前駅|下板橋駅|中板橋駅|北池袋駅|板橋本町駅|板橋駅|新板橋駅|千川駅|要町駅,146.0,,,,tag:feature:24h,20,+20(rental=1),0,1
24時間使えるレンタルダンススタジオ 東京,条件,S,サイスタジオ小茂根,〒173-0037 東京都板橋区小茂根１丁目９-５ サイスタジオ小茂根 2F,,0,成増,成増,小竹向原駅,小竹向原駅|江古田駅|千川駅|新桜台駅|氷川台駅|東長崎駅|新江古田駅|桜台駅|ときわ台駅|中板橋駅,127.0,,,,tag:feature:24h,20,+20(rental=1),0,1
24時間使えるレンタルダンススタジオ 東京,条件,S,ソニズレンタルスタジオ南阿佐ヶ谷店,〒166-0015 東京都杉並区成田東５丁目３９-１２ グローリーハイツ南阿佐ケ谷榎本 B1F,,0,高円寺,高円寺,南阿佐ケ谷駅,南阿佐ケ谷駅|阿佐ヶ谷駅|新高円寺駅|荻窪駅|高円寺駅,116.0,,,,tag:feature:24h,50,+20(rental=1)|+30(レンタルスタジオ),0,1
24時間使えるレンタルダンススタジオ 東京,条件,S,サカモトトモキ・ダンススタジオ,〒162-0805 東京都新宿区矢来町６５ 2階,,0,新宿,新宿|西新宿|高田馬場|新大久保,神楽坂駅,神楽坂駅|牛込神楽坂駅|江戸川橋駅|牛込柳町駅|早稲田駅|飯田橋駅|若松河田駅|市ケ谷駅|茗荷谷駅|曙橋駅,133.0,,,,tag:feature:24h,45,+20(rental=1)|+25(ダンススタジオ),0,1
24時間使えるレンタルダンススタジオ 東京,条件,S,TONIC DANCE STUDIO 阿佐ヶ谷,〒166-0004 東京都杉並区阿佐谷南３丁目１-２１ 徳和ビル 地下1階,,0,高円寺,高円寺,南阿佐ケ谷駅,南阿佐ケ谷駅|阿佐ヶ谷駅|新高円寺駅|高円寺駅|荻窪駅,248.0,,,,tag:feature:24h,45,+20(rental=1)|+25(ダンススタジオ),0,1
24時間使えるレンタルダンススタジオ 東京,条件,S,サムズダンススタジオ,〒158-0097 東京都世田谷区用賀４丁目１１-４ 福島第一ビル 2F,,0,下北沢,下北沢|三軒茶屋|二子玉川|自由が丘,用賀駅,用賀駅|桜新町駅|上野毛駅|二子玉川駅,85.0,,,,tag:feature:24h,45,+20(rental=1)|+25(ダンススタジオ),0,1
24時間使えるレンタルダンススタジオ 東京,条件,S,サラ・プランタ,〒150-0013 東京都渋谷区恵比寿１丁目１６?番28号 2-4階 Tkビル,,0,渋谷,渋谷|恵比寿|代官山|原宿,恵比寿駅,恵比寿駅,311.0,,,,tag:feature:24h,20,+20(rental=1),0,1
24時間使えるレンタルダンススタジオ 東京,条件,S,サワミュージカルスタジオ,"関島ビル B2F, １丁目-１４-１２ 弥生町 中野区 東京都 164-0013",,0,中野,中野,西新宿五丁目駅（清水橋）,西新宿五丁目駅（清水橋）|中野新橋駅|中野坂上駅|都庁前駅|西新宿駅|初台駅|中野富士見町駅|新中野駅|幡ヶ谷駅|新宿西口駅,299.0,,,,tag:feature:24h,20,+20(rental=1),0,1
24時間使えるレンタルダンススタジオ 東京,条件,S,クリエイティブスペース・フュージョン,〒167-0053 東京都杉並区西荻南３丁目２４-２４-１ 西荻マイロード 27,,0,高円寺,高円寺,西荻窪駅,西荻窪駅|荻窪駅|三鷹台駅|久我山駅|井の頭公園駅|吉祥寺駅,141.0,,,,tag:feature:24h,20,+20(rental=1),0,1
24時間使えるレンタルダンススタジオ 東京,条件,S,レンタルスタジオ 阿佐ヶ谷リノ,〒166-0015 東京都杉並区成田東５丁目２０-９,,0,高円寺,高円寺,南阿佐ケ谷駅,南阿佐ケ谷駅|阿佐ヶ谷駅|荻窪駅|新高円寺駅|高円寺駅,434.0,,,,tag:feature:24h,50,+20(rental=1)|+30(レンタルスタジオ),0,1
24時間使えるレンタルダンススタジオ 東京,条件,S,ジーロックス・スタジオ,〒168-0073 東京都杉並区下高井戸１丁目１５-１２,,0,高円寺,高円寺,下高井戸駅,下高井戸駅|桜上水駅|松原駅|永福町駅|明大前駅|西永福駅|上北沢駅|山下駅|東松原駅|豪徳寺駅,420.0,,,,tag:feature:24h,20,+20(rental=1),0,1
24時間使えるレンタルダンススタジオ 東京,条件,S,BUZZ田無,〒188-8511 東京都西東京市田無町３丁目１０-１５ 京屋ビル 2階,,0,ひばりヶ丘,ひばりヶ丘,田無駅,田無駅|西武柳沢駅,337.0,,,,tag:feature:24h,20,+20(rental=1),0,1
24時間使えるレンタルダンススタジオ 東京,条件,S,ジムスタジオ IT'S MY TIME府中駅前店,〒183-0023 東京都府中市宮町１丁目23-３ 関口ビル 1階,,0,府中,府中,府中駅,府中駅,505.0,,,,tag:feature:24h,20,+20(rental=1),0,1
24時間使えるレンタルダンススタジオ 東京,条件,S,シャノワールレンタルスタジオ,〒110-0005 東京都台東区上野３丁目１４-５ ヴェルコ黒門ビル 地下1階,,0,上野,上野|浅草|御徒町|蔵前,秋葉原駅,秋葉原駅|上野駅,782.0,,,,tag:feature:24h,50,+20(rental=1)|+30(レンタルスタジオ),0,1
24時間使えるレンタルダンススタジオ 東京,条件,S,シュミネAスタジオStudioStyle+,〒169-0073 東京都新宿区百人町１丁目２４-７,,0,新宿,新宿|西新宿|高田馬場|新大久保,新大久保駅,新大久保駅|西武新宿駅|新宿駅,374.0,,,,tag:feature:24h,20,+20(rental=1),0,1
24時間使えるレンタルダンススタジオ 東京,条件,S,ジョイ・バレエ ストゥーディオ 平和台スタジオ,〒179-0083 東京都練馬区平和台３丁目１５-１１ 飯塚ダンススタジオ,,0,練馬,練馬,氷川台駅,氷川台駅|平和台駅|東武練馬駅|上板橋駅|新桜台駅|桜台駅|豊島園駅,655.0,,,,tag:feature:24h,20,+20(rental=1),0,1
24時間使えるレンタルダンススタジオ 東京,条件,S,ジョイ・バレエ ストゥーディオ 本部スタジオ,〒171-0052 東京都豊島区南長崎１丁目９-１６ ヒルトップビルド B1,,0,池袋,池袋|目白|大塚|巣鴨,椎名町駅,椎名町駅|下落合駅|落合南長崎駅|要町駅|目白駅|東長崎駅|中井駅|高田馬場駅|千川駅|池袋駅,241.0,,,,tag:feature:24h,20,+20(rental=1),0,1
24時間使えるレンタルダンススタジオ 東京,条件,S,シライシダンススタジオ,〒106-0047 東京都港区南麻布５丁目１０-２６ ＯＲＥ広尾ビル ２階,,0,六本木,六本木|赤坂|麻布|新橋,麻布十番駅,麻布十番駅,1112.0,,,,tag:feature:24h,45,+20(rental=1)|+25(ダンススタジオ),0,1
24時間使えるレンタルダンススタジオ 東京,条件,S,シルクスタジオ,〒192-0912 東京都八王子市絹ケ丘１丁目２１-５,,0,八王子,八王子,長沼駅,長沼駅|北野駅|平山城址公園駅|片倉駅,495.0,,,,tag:feature:24h,20,+20(rental=1),0,1
24時間使えるレンタルダンススタジオ 東京,条件,S,ジンドー学園,〒203-0014 東京都東久留米市東本町１-５ ジンドー学園ビル,,0,東久留米,東久留米,東久留米駅,東久留米駅|ひばりヶ丘駅|清瀬駅,138.0,,,,tag:feature:24h,20,+20(rental=1),0,1
24時間使えるレンタルダンススタジオ 東京,条件,S,シンフォニー,〒114-0001 東京都北区東十条２丁目４-１２ 金鈴ビル,,0,赤羽,赤羽,東十条駅,東十条駅|王子神谷駅|十条駅|王子駅前駅|王子駅|飛鳥山駅|栄町駅|新板橋駅|志茂駅|滝野川一丁目駅,281.0,,,,tag:feature:24h,20,+20(rental=1),0,1
24時間使えるレンタルダンススタジオ 東京,条件,S,スキップスタジオ成城,〒157-0066 東京都世田谷区成城１丁目１-５,,0,下北沢,下北沢|三軒茶屋|二子玉川|自由が丘,成城学園前駅,成城学園前駅|祖師ヶ谷大蔵駅|喜多見駅,1019.0,,,,tag:feature:24h,20,+20(rental=1),0,1
24時間使えるレンタルダンススタジオ 東京,条件,S,スタジオ in フットサルステージ（多摩センター）,〒206-0033 東京都多摩市落合１丁目４７ ニューシティ多摩センタービル ８F,,0,多摩センター,多摩センター,小田急多摩センター駅,小田急多摩センター駅|京王多摩センター駅|唐木田駅,380.0,,,,tag:feature:24h,20,+20(rental=1),0,1
24時間使えるレンタルダンススタジオ 東京,条件,S,スタジオ With The Heart,"関口１丁目１５ー１ ミサオビルB１F, 文京区 東京都 112-0014",,0,後楽園,後楽園,江戸川橋駅,江戸川橋駅|神楽坂駅|牛込神楽坂駅|茗荷谷駅|飯田橋駅|早稲田駅|牛込柳町駅|護国寺駅|後楽園駅|春日駅,197.0,,,,tag:feature:24h,20,+20(rental=1),0,1
24時間使えるレンタルダンススタジオ 東京,条件,S,スタジオ アッコルタ,〒150-0013 東京都渋谷区恵比寿２丁目６-２９ ACCOLTATS B1F,,0,渋谷,渋谷|恵比寿|代官山|原宿,恵比寿駅,恵比寿駅,658.0,,,,tag:feature:24h,20,+20(rental=1),0,1
24時間使えるレンタルダンススタジオ 東京,条件,S,スタジオ アドバンス,〒263-0031 千葉県千葉市稲毛区稲毛東３丁目１６-２,,0,その他,その他,稲毛駅,稲毛駅|京成稲毛駅|みどり台駅|稲毛海岸駅|穴川駅|西千葉駅,83.0,,,,tag:feature:24h,20,+20(rental=1),0,1
24時間使えるレンタルダンススタジオ 東京,条件,S,スタジオ エモーティフ,〒141-0031 東京都品川区西五反田５丁目２２-５ 藤ハイム B1F,,0,品川,品川|五反田|大井町|目黒,五反田駅,五反田駅,911.0,,,,tag:feature:24h,20,+20(rental=1),0,1
24時間使えるレンタルダンススタジオ 東京,条件,S,スタジオ エルヴール,〒142-0063 東京都品川区荏原４丁目１７-１９ エルヴール 203,,0,品川,品川|五反田|大井町|目黒,西小山駅,西小山駅|武蔵小山駅|荏原中延駅|戸越銀座駅|戸越駅|旗の台駅|洗足駅|中延駅|荏原町駅|戸越公園駅,619.0,,,,tag:feature:24h,20,+20(rental=1),0,1
24時間使えるレンタルダンススタジオ 東京,条件,S,スタジオ エレ,〒161-0034 東京都新宿区上落合３丁目２３-１７,,0,新宿,新宿|西新宿|高田馬場|新大久保,落合駅,落合駅|東中野駅|中井駅|新井薬師前駅|下落合駅|落合南長崎駅|中野坂上駅|中野駅|大久保駅|新大久保駅,319.0,,,,tag:feature:24h,20,+20(rental=1),0,1
24時間使えるレンタルダンススタジオ 東京,条件,S,スタジオ クロア,〒145-0071 東京都大田区田園調布２丁目４６-３ ライトハウス田園調布 1F,,0,蒲田,蒲田,自由が丘駅,自由が丘駅,1156.0,,,,tag:feature:24h,20,+20(rental=1),0,1
24時間使えるレンタルダンススタジオ 東京,条件,S,スタジオ クロア 第１スタジオ,〒145-0071 東京都大田区田園調布２丁目４６-１６,,0,蒲田,蒲田,自由が丘駅,自由が丘駅,1150.0,,,,tag:feature:24h,20,+20(rental=1),0,1
24時間使えるレンタルダンススタジオ 東京,条件,S,ダンススタジオ ability,〒192-0066 東京都八王子市本町２４-８ クラフトビル 1F,,0,八王子,八王子,八王子駅,八王子駅,981.0,,,,tag:feature:24h,45,+20(rental=1)|+25(ダンススタジオ),0,1
24時間使えるレンタルダンススタジオ 東京,条件,S,レンタルスタジオNSA 1号店,〒001-0014 北海道札幌市北区北１４条西１丁目２-５ 三晃ビル,,0,赤羽,赤羽,北１３条東駅,北１３条東駅|北１２条駅|北１８条駅|札幌駅|東区役所前駅|さっぽろ駅|北２４条駅|桑園駅|環状通東駅|大通駅,302.0,,,,tag:feature:24h,50,+20(rental=1)|+30(レンタルスタジオ),0,1
24時間使えるレンタルダンススタジオ 東京,条件,S,スタジオ ジュエル,〒179-0075 東京都練馬区高松１丁目１２-８,,0,練馬,練馬,練馬春日町駅,練馬春日町駅|中村橋駅|富士見台駅|光が丘駅|豊島園駅|練馬高野台駅,876.0,,,,tag:feature:24h,20,+20(rental=1),0,1
24時間使えるレンタルダンススタジオ 東京,条件,S,スタジオ ダ・ヴィンチ,"〒105-0021 東京都港区東新橋２丁目４-６ パラッツオシエナ 1 2,3F",,0,六本木,六本木|赤坂|麻布|新橋,新橋駅,新橋駅|浜松町駅,517.0,,,,tag:feature:24h,20,+20(rental=1),0,1
24時間使えるレンタルダンススタジオ 東京,条件,S,スタジオククナ,〒114-0032 東京都北区中十条２丁目９-１５ 地下１階 瀬武興業第一ビル,,0,赤羽,赤羽,東十条駅,東十条駅|十条駅|王子神谷駅|王子駅前駅|王子駅|新板橋駅|飛鳥山駅|赤羽駅|滝野川一丁目駅|志茂駅,200.0,,,,tag:feature:24h,20,+20(rental=1),0,1
24時間使えるレンタルダンススタジオ 東京,条件,S,スタジオ プリメーラ(スタジオ プリメラ),〒169-0072 東京都新宿区大久保２丁目８-８ 青葉ビル,,0,新宿,新宿|西新宿|高田馬場|新大久保,新大久保駅,新大久保駅|西武新宿駅|高田馬場駅,678.0,,,,tag:feature:24h,20,+20(rental=1),0,1
24時間使えるレンタルダンススタジオ 東京,条件,S,CREO王子駅前｜ダンススタジオ｜レンタルスペース,〒114-0002 東京都北区王子１丁目２-１ 倉長ビル 402号室,,0,赤羽,赤羽,王子駅前駅,王子駅前駅|王子駅|飛鳥山駅|滝野川一丁目駅|西ケ原駅|梶原駅|西ヶ原四丁目駅|上中里駅|西巣鴨駅|王子神谷駅,97.0,,,,tag:feature:24h,45,+20(rental=1)|+25(ダンススタジオ),0,1
24時間使えるレンタルダンススタジオ 東京,条件,S,Studio Face,〒114-0021 東京都北区岸町１丁目６-２０ 地下1階 レジェンド王子,,0,赤羽,赤羽,王子駅前駅,王子駅前駅|王子駅|飛鳥山駅|栄町駅|滝野川一丁目駅|西ヶ原四丁目駅|西ケ原駅|王子神谷駅|梶原駅|東十条駅,346.0,,,,tag:feature:24h,20,+20(rental=1),0,1
24時間使えるレンタルダンススタジオ 東京,条件,S,スタジオ リル 千葉市川市店,〒272-0133 千葉県市川市行徳駅前１丁目１７-９ ステップワンビル 303,,0,その他,その他,行徳駅,行徳駅|妙典駅|南行徳駅|瑞江駅,164.0,,,,tag:feature:24h,20,+20(rental=1),0,1
24時間使えるレンタルダンススタジオ 東京,条件,S,スタジオ ルカロ,〒453-0856 愛知県名古屋市中村区並木１丁目１４２,,0,その他,その他,岩塚駅,岩塚駅|近鉄八田駅|八田駅|小本駅|烏森駅|高畑駅|中村公園駅|黄金駅|荒子駅,523.0,,,,tag:feature:24h,20,+20(rental=1),0,1
24時間使えるレンタルダンススタジオ 東京,条件,S,スタジオ レセルバ,〒107-0052 東京都港区赤坂３丁目２１-１４ TS共和六番館地下一階,,0,六本木,六本木|赤坂|麻布|新橋,赤坂駅,赤坂駅|青山一丁目駅,380.0,,,,tag:feature:24h,20,+20(rental=1),0,1
24時間使えるレンタルダンススタジオ 東京,条件,S,スタジオ レンズマン青山,〒107-0062 東京都港区南青山２丁目１０-１１ 南青山パールハイム 1F,,0,六本木,六本木|赤坂|麻布|新橋,青山一丁目駅,青山一丁目駅|外苑前駅|表参道駅,316.0,,,,tag:feature:24h,20,+20(rental=1),0,1
24時間使えるレンタルダンススタジオ 東京,条件,S,スタジオ・アヴァンティ,〒189-0014 東京都東村山市本町２丁目２１-３ ファーストステージ東村山,,0,東村山,東村山,東村山駅,東村山駅|久米川駅|八坂駅|西武園駅,281.0,,,,tag:feature:24h,20,+20(rental=1),0,1
24時間使えるレンタルダンススタジオ 東京,条件,S,BUZZ レンタルスタジオ赤坂店,〒107-0052 東京都港区赤坂２丁目１３-２０ Tsumugi ビル,,0,六本木,六本木|赤坂|麻布|新橋,赤坂駅,赤坂駅,148.0,,,,tag:feature:24h,50,+20(rental=1)|+30(レンタルスタジオ),0,1
24時間使えるレンタルダンススタジオ 東京,条件,S,スタジオ・ブリエ 四谷,〒160-0008 東京都新宿区四谷三栄町１２-２ 大久保ビル 1階,,0,新宿,新宿|西新宿|高田馬場|新大久保,四谷三丁目駅,四谷三丁目駅|曙橋駅|四ツ谷駅|市ケ谷駅|信濃町駅|麹町駅|牛込柳町駅|新宿御苑前駅|若松河田駅|国立競技場駅,430.0,,,,tag:feature:24h,20,+20(rental=1),0,1
24時間使えるレンタルダンススタジオ 東京,条件,S,スタジオ・マンサナ,〒112-0002 東京都文京区小石川２丁目３-２１,,0,後楽園,後楽園,後楽園駅,後楽園駅|春日駅|水道橋駅|本郷三丁目駅|飯田橋駅|東大前駅|白山駅|茗荷谷駅|九段下駅|根津駅,148.0,,,,tag:feature:24h,20,+20(rental=1),0,1
24時間使えるレンタルダンススタジオ 東京,条件,S,BUZZ レンタルスタジオ 六本木店,〒106-0032 東京都港区六本木４丁目５-７ スタジオＤ 地下1階,https://dance-studio-lab.com/room/MGYxY2IwOWYtNDQ4ZS00MmEyLTliYTAtNzg1YjUyOTA0OTlj/detail,1,六本木,六本木|赤坂|麻布|新橋,六本木駅,六本木駅|赤坂駅|青山一丁目駅,269.0,,,,tag:feature:24h,80,+30(dslurl)|+20(rental=1)|+30(レンタルスタジオ),0,1
24時間使えるレンタルダンススタジオ 東京,条件,S,スタジオBOS,〒174-0065 東京都板橋区若木１丁目２６-９,,0,成増,成増,東武練馬駅,東武練馬駅|上板橋駅|志村三丁目駅|蓮根駅|平和台駅,787.0,,,,tag:feature:24h,20,+20(rental=1),0,1
24時間使えるレンタルダンススタジオ 東京,条件,S,スタジオｉＤＣ,〒171-0014 東京都豊島区池袋２丁目４７-３ キウレイコンビル ４,,0,池袋,池袋|目白|大塚|巣鴨,池袋駅,池袋駅,500.0,,,,tag:feature:24h,20,+20(rental=1),0,1
24時間使えるレンタルダンススタジオ 東京,条件,S,スタジオJBA,〒103-0011 東京都中央区日本橋大伝馬町１１-８ ＨＡＴビル B1F,,0,銀座,銀座|日本橋|八丁堀|月島,秋葉原駅,秋葉原駅,1128.0,,,,tag:feature:24h,20,+20(rental=1),0,1
24時間使えるレンタルダンススタジオ 東京,条件,S,スタジオK,〒195-0064 東京都町田市小野路町２０７３-３,,0,町田,町田,なし,,,,,,tag:feature:24h,20,+20(rental=1),0,1
24時間使えるレンタルダンススタジオ 東京,条件,S,スタジオR&Y,〒154-0011 東京都世田谷区上馬２丁目３１-１３ フラワーホーム102,,0,下北沢,下北沢|三軒茶屋|二子玉川|自由が丘,三軒茶屋駅,三軒茶屋駅,624.0,,,,tag:feature:24h,20,+20(rental=1),0,1
24時間使えるレンタルダンススタジオ 東京,条件,S,スタジオSOPIC,〒194-0045 東京都町田市南成瀬１丁目2-１,,0,町田,町田,成瀬駅,成瀬駅|つくし野駅|長津田駅|恩田駅,95.0,,,,tag:feature:24h,20,+20(rental=1),0,1
24時間使えるレンタルダンススタジオ 東京,条件,S,スタジオWITHテライダンスカンパニー,〒116-0014 東京都荒川区東日暮里６丁目４５-３ ハイウエストビル3F ハイウエストビル,,0,日暮里,日暮里,日暮里駅,日暮里駅,426.0,,,,tag:feature:24h,20,+20(rental=1),0,1
24時間使えるレンタルダンススタジオ 東京,条件,S,スタジオアニマーダ,〒154-0024 東京都世田谷区三軒茶屋１丁目１６-８,,0,下北沢,下北沢|三軒茶屋|二子玉川|自由が丘,三軒茶屋駅,三軒茶屋駅,423.0,,,,tag:feature:24h,20,+20(rental=1),0,1
24時間使えるレンタルダンススタジオ 東京,条件,S,スタジオアリス 足立舎人店,〒121-0831 東京都足立区舎人１丁目１５-９,,0,北千住,北千住,舎人駅,舎人駅|舎人公園駅|見沼代親水公園駅|谷在家駅,47.0,,,,tag:feature:24h,20,+20(rental=1),0,1
24時間使えるレンタルダンススタジオ 東京,条件,S,スタジオインディ 新宿店,〒160-0022 東京都新宿区新宿３丁目２２番１１号 新宿ＲＳビル ６階,,0,新宿,新宿|西新宿|高田馬場|新大久保,新宿駅,新宿駅|西武新宿駅|新大久保駅,289.0,,,,tag:feature:24h,20,+20(rental=1),0,1
24時間使えるレンタルダンススタジオ 東京,条件,S,スタジオインディ 東京駅前店,〒104-0031 東京都中央区京橋１丁目４-１１ 竹本ビルディング ４階,,0,銀座,銀座|日本橋|八丁堀|月島,東京駅,東京駅|有楽町駅,397.0,,,,tag:feature:24h,20,+20(rental=1),0,1
24時間使えるレンタルダンススタジオ 東京,条件,S,スタジオヴェロニカ,〒104-0032 東京都中央区八丁堀２丁目１９-６ ヤサカ八丁堀ビル B1,,0,銀座,銀座|日本橋|八丁堀|月島,東京駅,東京駅|有楽町駅,1036.0,,,,tag:feature:24h,20,+20(rental=1),0,1
24時間使えるレンタルダンススタジオ 東京,条件,S,スタジオエリース,〒161-0033 東京都新宿区下落合２丁目１-８ 三栄ビル 310号室,,0,新宿,新宿|西新宿|高田馬場|新大久保,高田馬場駅,高田馬場駅,557.0,,,,tag:feature:24h,20,+20(rental=1),0,1
24時間使えるレンタルダンススタジオ 東京,条件,S,スタジオカリヨン,〒179-0081 東京都練馬区北町５丁目１８-４ スズキプリンティングサービス,,0,練馬,練馬,東武練馬駅,東武練馬駅|下赤塚駅|地下鉄赤塚駅|平和台駅,784.0,,,,tag:feature:24h,20,+20(rental=1),0,1
24時間使えるレンタルダンススタジオ 東京,条件,S,スタジオスタイルプラス窓口StudioStyle+,〒160-0023 東京都新宿区西新宿７丁目２２-３１ 1F,,0,新宿,新宿|西新宿|高田馬場|新大久保,西武新宿駅,西武新宿駅|新大久保駅|新宿駅,380.0,,,,tag:feature:24h,20,+20(rental=1),0,1
24時間使えるレンタルダンススタジオ 東京,条件,S,スタジオジパング 池上スタジオSTANDARD,〒146-0082 東京都大田区池上６丁目５-１４ プレゼンス池上 地下1階,,0,蒲田,蒲田,池上駅,池上駅|蓮沼駅|矢口渡駅|千鳥町駅|武蔵新田駅|蒲田駅|西馬込駅|下丸子駅|久が原駅,162.0,,,,tag:feature:24h,20,+20(rental=1),0,1
24時間使えるレンタルダンススタジオ 東京,条件,S,スタジオハクーロ,〒155-0032 東京都世田谷区代沢２丁目４６ 三宅ビル,,0,下北沢,下北沢|三軒茶屋|二子玉川|自由が丘,下北沢駅,下北沢駅,379.0,,,,tag:feature:24h,20,+20(rental=1),0,1
24時間使えるレンタルダンススタジオ 東京,条件,S,スタジオプラーナ,〒454-0852 愛知県名古屋市中川区昭和橋通５丁目４０-２,,0,その他,その他,中島駅,中島駅|南荒子駅|港北駅|荒子駅|高畑駅,31.0,,,,tag:feature:24h,20,+20(rental=1),0,1
24時間使えるレンタルダンススタジオ 東京,条件,S,スタジオフラップ,〒152-0003 東京都目黒区碑文谷５丁目１４-１３,,0,中目黒,中目黒,学芸大学駅,学芸大学駅,735.0,,,,tag:feature:24h,20,+20(rental=1),0,1
24時間使えるレンタルダンススタジオ 東京,条件,S,スタジオペンタ五反田店,〒141-0022 東京都品川区東五反田１丁目１２-９,,0,品川,品川|五反田|大井町|目黒,五反田駅,五反田駅|大崎駅|目黒駅,169.0,,,,tag:feature:24h,20,+20(rental=1),0,1
24時間使えるレンタルダンススタジオ 東京,条件,S,スタジオマーティ 駒沢大学 / STUDIO marty Komazawa,〒154-0011 東京都世田谷区上馬２丁目２-５ ２F,,0,下北沢,下北沢|三軒茶屋|二子玉川|自由が丘,三軒茶屋駅,三軒茶屋駅,973.0,,,,tag:feature:24h,20,+20(rental=1),0,1
24時間使えるレンタルダンススタジオ 東京,条件,S,スタジオマーティ 東京三田慶応 / STUDIO marty Tokyo Mita Keio,〒108-0073 東京都港区三田２丁目１４-４ １Ｆ,,0,六本木,六本木|赤坂|麻布|新橋,田町駅,田町駅|麻布十番駅,478.0,,,,tag:feature:24h,20,+20(rental=1),0,1
24時間使えるレンタルダンススタジオ 東京,条件,S,スタジオよもだ A館,〒110-0003 東京都台東区１２ 根岸2丁目12-11 スタジオよもだ,,0,上野,上野|浅草|御徒町|蔵前,日暮里駅,日暮里駅,722.0,,,,tag:feature:24h,20,+20(rental=1),0,1
24時間使えるレンタルダンススタジオ 東京,条件,S,スタジオよもだB館,〒110-0003 東京都台東区根岸２丁目１７-１,,0,上野,上野|浅草|御徒町|蔵前,日暮里駅,日暮里駅|上野駅,744.0,,,,tag:feature:24h,20,+20(rental=1),0,1
24時間使えるレンタルダンススタジオ 東京,条件,S,スタジオリーガル池袋,〒170-0012 東京都豊島区上池袋４丁目２-１,,0,池袋,池袋|目白|大塚|巣鴨,北池袋駅,北池袋駅|巣鴨新田駅|庚申塚駅|板橋駅|西巣鴨駅|新庚申塚駅|下板橋駅|大塚駅|新板橋駅|西ヶ原四丁目駅,507.0,,,,tag:feature:24h,20,+20(rental=1),0,1
24時間使えるレンタルダンススタジオ 東京,条件,S,スタジオリリオ＆カフェ,〒125-0061 東京都葛飾区２９ 亀有3-29-1リリオ弐番館B1,,0,新小岩,新小岩,亀有駅,亀有駅|北綾瀬駅|京成金町駅|金町駅,142.0,,,,tag:feature:24h,20,+20(rental=1),0,1
24時間使えるレンタルダンススタジオ 東京,条件,S,スタジオ阿弥陀,〒110-0004 東京都台東区下谷１丁目８-２０ 長松寺,,0,上野,上野|浅草|御徒町|蔵前,上野駅,上野駅,773.0,,,,tag:feature:24h,20,+20(rental=1),0,1
24時間使えるレンタルダンススタジオ 東京,条件,S,スタジオ階梯-空-,〒171-0052 東京都豊島区南長崎５丁目１４-２ ヤマザキビル 地下1階,,0,池袋,池袋|目白|大塚|巣鴨,東長崎駅,東長崎駅|落合南長崎駅|椎名町駅|新江古田駅|千川駅|江古田駅|中井駅|要町駅|新井薬師前駅|下落合駅,316.0,,,,tag:feature:24h,20,+20(rental=1),0,1
24時間使えるレンタルダンススタジオ 東京,条件,S,monoダンススタジオ西巣鴨（レンタルスタジオ）,〒114-0023 東京都北区滝野川１丁目９３-５ コスモ西巣鴨 103,,0,赤羽,赤羽,西巣鴨駅,西巣鴨駅|西ヶ原四丁目駅|新庚申塚駅|庚申塚駅|板橋駅|新板橋駅|巣鴨新田駅|王子駅|西ケ原駅|王子駅前駅,212.0,,,,tag:feature:24h,70,+20(rental=1)|+30(レンタルスタジオ)|+20(web),0,1
24時間使えるレンタルダンススタジオ 東京,条件,S,スタジオ響,〒164-0002 東京都中野区上高田３丁目３８-１１ 響ＳＯＵ,,0,中野,中野,中野駅,中野駅,1168.0,,,,tag:feature:24h,20,+20(rental=1),0,1
24時間使えるレンタルダンススタジオ 東京,条件,S,BUZZ レンタルスタジオ巣鴨店,〒170-0002 東京都豊島区巣鴨２丁目４-６ 第二みどりビル B1,https://dance-studio-lab.com/room/MmNjNjkxYjEtYjA5ZC00YTZkLWFjMTAtZmVhYzQ1MGY0M2Uy/detail,1,池袋,池袋|目白|大塚|巣鴨,巣鴨駅,巣鴨駅|駒込駅|千石駅|庚申塚駅|大塚駅|巣鴨新田駅|新庚申塚駅|西ヶ原四丁目駅|新大塚駅|西ケ原駅,125.0,,,,tag:feature:24h,80,+30(dslurl)|+20(rental=1)|+30(レンタルスタジオ),0,1
24時間使えるレンタルダンススタジオ 東京,条件,S,スタジオα,〒202-0001 東京都西東京市ひばりが丘１丁目５-１７ メゾンドα,,0,ひばりヶ丘,ひばりヶ丘,ひばりヶ丘駅,ひばりヶ丘駅|東久留米駅,326.0,,,,tag:feature:24h,20,+20(rental=1),0,1
24時間使えるレンタルダンススタジオ 東京,条件,S,レンタルスタジオ Sunny 池袋店,〒170-0013 東京都豊島区東池袋３丁目１１-９,,0,池袋,池袋|目白|大塚|巣鴨,池袋駅,池袋駅,864.0,,,,tag:feature:24h,50,+20(rental=1)|+30(レンタルスタジオ),0,1
24時間使えるレンタルダンススタジオ 東京,条件,S,monoダンススタジオ-レンタル,〒304 東京都豊島区北大塚２丁目２-１３ JP 1700004 大塚シャトレー・トーコー 304号室,,0,池袋,池袋|目白|大塚|巣鴨,大塚駅,大塚駅|向原駅|新大塚駅|庚申塚駅|東池袋四丁目駅|巣鴨駅|東池袋駅|新庚申塚駅|都電雑司ヶ谷駅|西巣鴨駅,49.0,,,,tag:feature:24h,65,+20(rental=1)|+25(ダンススタジオ)|+20(web),0,1
24時間使えるレンタルダンススタジオ 東京,条件,S,レンタルスタジオSunny 駒込店,〒113-0021 東京都文京区本駒込５丁目１９-９ ワコー本駒込マンション 地下1F,,0,後楽園,後楽園,駒込駅,駒込駅|千石駅|本駒込駅|巣鴨駅|田端駅|白山駅|千駄木駅|西日暮里駅|上中里駅|尾久駅,526.0,,,,tag:feature:24h,50,+20(rental=1)|+30(レンタルスタジオ),0,1
24時間使えるレンタルダンススタジオ 東京,条件,S,スペースF・L・S｜昭島レンタルスタジオ,〒196-0025 東京都昭島市朝日町１丁目 １１-５ ２F,,0,東京,東京,中神駅,中神駅|東中神駅|昭島駅|西立川駅|西武立川駅,145.0,,,,tag:feature:24h,50,+20(rental=1)|+30(レンタルスタジオ),0,1
24時間使えるレンタルダンススタジオ 東京,条件,S,スポーツクラブ ルネサンス 光が丘,〒179-0075 東京都練馬区高松５丁目８ J．CITYビル 1階,,0,練馬,練馬,光が丘駅,光が丘駅|練馬高野台駅|練馬春日町駅|石神井公園駅,758.0,,,,tag:feature:24h,20,+20(rental=1),0,1
24時間使えるレンタルダンススタジオ 東京,条件,S,スポーツクラブ ルネサンス 富士見台24,〒176-0021 東京都練馬区貫井３丁目１２-３３,,0,練馬,練馬,富士見台駅,富士見台駅|中村橋駅|練馬高野台駅|下井草駅|井荻駅|鷺ノ宮駅|豊島園駅,192.0,,,,tag:feature:24h,20,+20(rental=1),0,1
24時間使えるレンタルダンススタジオ 東京,条件,S,すむぞうスタジオ,〒150-0041 東京都渋谷区神南１丁目１１-５ ダイネス壱番館渋谷 B1,,0,渋谷,渋谷|恵比寿|代官山|原宿,渋谷駅,渋谷駅|原宿駅|表参道駅,503.0,,,,tag:feature:24h,20,+20(rental=1),0,1
24時間使えるレンタルダンススタジオ 東京,条件,S,ノアスタジオ 池袋店,〒170-0013 東京都豊島区東池袋１丁目３０-６ B1F-B2F,,0,池袋,池袋|目白|大塚|巣鴨,池袋駅,池袋駅,602.0,,,,tag:feature:24h,20,+20(rental=1),0,1
24時間使えるレンタルダンススタジオ 東京,条件,S,セミナー &【JK Room 虎ノ門】,〒105-0003 東京都港区西新橋１丁目１９-１４ 大和ビル ３A,,0,六本木,六本木|赤坂|麻布|新橋,新橋駅,新橋駅,564.0,,,,tag:feature:24h,20,+20(rental=1),0,1
24時間使えるレンタルダンススタジオ 東京,条件,S,セミナールーム茅場町 Co-Edo 3F 貸会議室,〒104-0033 東京都中央区新川１丁目３-４ ＰＡビル3F,,0,銀座,銀座|日本橋|八丁堀|月島,茅場町駅,茅場町駅|水天宮前駅|八丁堀駅|日本橋駅|人形町駅|京橋駅|新富町駅|三越前駅|東京駅|門前仲町駅,223.0,,,,tag:feature:24h,20,+20(rental=1),0,1
24時間使えるレンタルダンススタジオ 東京,条件,S,ソードミュージック多目的スタジオ,〒182-0015 東京都調布市八雲台２丁目１-１０,,0,調布,調布,調布駅,調布駅,1056.0,,,,tag:feature:24h,20,+20(rental=1),0,1
24時間使えるレンタルダンススタジオ 東京,条件,S,スタジオ白猫屋 調布店,〒182-0021 東京都調布市調布ケ丘１丁目34-５ 調布タカラビル 3階,,0,調布,調布,調布駅,調布駅,415.0,,,,tag:feature:24h,20,+20(rental=1),0,1
24時間使えるレンタルダンススタジオ 東京,条件,S,ソニズダンススタジオ南阿佐ヶ谷,〒166-0015 東京都杉並区成田東５丁目３９-１２,,0,高円寺,高円寺,南阿佐ケ谷駅,南阿佐ケ谷駅|阿佐ヶ谷駅|新高円寺駅|荻窪駅|高円寺駅,100.0,,,,tag:feature:24h,45,+20(rental=1)|+25(ダンススタジオ),0,1
24時間使えるレンタルダンススタジオ 東京,条件,S,ソピックカルチャー総合サイト,〒194-0045 東京都町田市南成瀬１丁目２-１,,0,町田,町田,成瀬駅,成瀬駅|つくし野駅|長津田駅|恩田駅,111.0,,,,tag:feature:24h,20,+20(rental=1),0,1
24時間使えるレンタルダンススタジオ 東京,条件,S,タイムズ東京タワースタジオ前,"4 Chome-4 Shibak?en, Minato City, Tokyo 105-0011",,0,その他,その他,麻布十番駅,麻布十番駅|浜松町駅,1030.0,,,,tag:feature:24h,20,+20(rental=1),0,1
24時間使えるレンタルダンススタジオ 東京,条件,S,タカノ,〒124-0011 東京都葛飾区四つ木１丁目４７-１５,,0,新小岩,新小岩,四ツ木駅,四ツ木駅|京成立石駅|お花茶屋駅|八広駅|堀切菖蒲園駅|鐘ケ淵駅|青砥駅,627.0,,,,tag:feature:24h,20,+20(rental=1),0,1
24時間使えるレンタルダンススタジオ 東京,条件,S,タケウチ,〒211-0006 神奈川県川崎市中原区丸子通１丁目６３６-１,,0,その他,その他,新丸子駅,新丸子駅|武蔵小杉駅|沼部駅|多摩川駅|向河原駅|田園調布駅|鵜の木駅|御嶽山駅|雪が谷大塚駅|武蔵中原駅,226.0,,,,tag:feature:24h,20,+20(rental=1),0,1
24時間使えるレンタルダンススタジオ 東京,条件,S,タップダンススタジオ,〒153-0051 東京都目黒区上目黒１丁目５-１０ 中目黒マンションB1F?10号室,,0,中目黒,中目黒,恵比寿駅,恵比寿駅,888.0,,,,tag:feature:24h,45,+20(rental=1)|+25(ダンススタジオ),0,1
24時間使えるレンタルダンススタジオ 東京,条件,S,たにどうダンスワールド,〒107-0052 東京都港区赤坂３丁目９-４ 赤坂扇やビル 4階,,0,六本木,六本木|赤坂|麻布|新橋,赤坂駅,赤坂駅,396.0,,,,tag:feature:24h,20,+20(rental=1),0,1
24時間使えるレンタルダンススタジオ 東京,条件,S,タヒチアンダンススタジオ ライマーラマ表参道,〒150-0001 東京都渋谷区神宮前５丁目１３-１４,,0,渋谷,渋谷|恵比寿|代官山|原宿,表参道駅,表参道駅|原宿駅|渋谷駅,493.0,,,,tag:feature:24h,45,+20(rental=1)|+25(ダンススタジオ),0,1
24時間使えるレンタルダンススタジオ 東京,条件,S,ダンスアンジェロ,〒169-0051 東京都新宿区西早稲田３丁目５-１３ 大永西早稲田ビル １F,,0,新宿,新宿|西新宿|高田馬場|新大久保,高田馬場駅,高田馬場駅,1184.0,,,,tag:feature:24h,20,+20(rental=1),0,1
24時間使えるレンタルダンススタジオ 東京,条件,S,大井町店 レンタルスペースROOTS,〒140-0014 東京都品川区大井４丁目８-１１ L HOUSE 地下 一階,,0,品川,品川|五反田|大井町|目黒,大井町駅,大井町駅,434.0,,,,tag:feature:24h,20,+20(rental=1),0,1
24時間使えるレンタルダンススタジオ 東京,条件,S,ダンスカレッジ古都,〒171-0042 東京都豊島区高松１丁目６-２,,0,池袋,池袋|目白|大塚|巣鴨,要町駅,要町駅|千川駅|椎名町駅|池袋駅|東長崎駅|大山駅|目白駅|北池袋駅|落合南長崎駅|小竹向原駅,220.0,,,,tag:feature:24h,20,+20(rental=1),0,1
24時間使えるレンタルダンススタジオ 東京,条件,S,ダンススタジオ,〒090-0042 北海道北見市北２条西４丁目13-１,,0,その他,その他,北見駅,北見駅,471.0,,,,tag:feature:24h,45,+20(rental=1)|+25(ダンススタジオ),0,1
24時間使えるレンタルダンススタジオ 東京,条件,S,ダンススタジオ スターゲート,〒457-0004 愛知県名古屋市南区中江１丁目６-８,,0,その他,その他,鶴里駅,鶴里駅|桜本町駅|桜駅|野並駅|本笠寺駅|新瑞橋駅|呼続駅|妙音通駅|瑞穂運動場東駅,53.0,,,,tag:feature:24h,45,+20(rental=1)|+25(ダンススタジオ),0,1
24時間使えるレンタルダンススタジオ 東京,条件,S,ダンススタジオ ハッピーターン,〒130-0026 東京都墨田区両国４丁目１８-４,,0,錦糸町,錦糸町,両国駅,両国駅|森下駅|菊川駅|浜町駅|浅草橋駅|東日本橋駅|蔵前駅|清澄白河駅|馬喰横山駅|馬喰町駅,503.0,,,,tag:feature:24h,45,+20(rental=1)|+25(ダンススタジオ),0,1
24時間使えるレンタルダンススタジオ 東京,条件,S,ダンススタジオ ファンデーション 東中野落合校,〒164-0003 東京都中野区東中野３丁目１６-１４ 小谷ビル １Ｆ,,0,中野,中野,東中野駅,東中野駅|落合駅|中井駅|新井薬師前駅|中野坂上駅|下落合駅|中野駅|落合南長崎駅|新中野駅|大久保駅,392.0,,,,tag:feature:24h,45,+20(rental=1)|+25(ダンススタジオ),0,1
24時間使えるレンタルダンススタジオ 東京,条件,S,ダンススタジオ ファンデーション 茂原校,〒297-0073 千葉県茂原市長尾２５４２-２,,0,その他,その他,新茂原駅,新茂原駅,381.0,,,,tag:feature:24h,45,+20(rental=1)|+25(ダンススタジオ),0,1
24時間使えるレンタルダンススタジオ 東京,条件,S,池尻大橋レンタルスタジオY3,〒153-0043 東京都目黒区東山３丁目１-１９ メゾン池尻大橋 M.I.O Bldg 305,,0,中目黒,中目黒,池尻大橋駅,池尻大橋駅,173.0,,,,tag:feature:24h,50,+20(rental=1)|+30(レンタルスタジオ),0,1
24時間使えるレンタルダンススタジオ 東京,条件,S,ダンススタジオ・スターハウス,〒279-0013 千葉県浦安市日の出５丁目６-１,,0,その他,その他,新浦安駅,新浦安駅,1841.0,,,,tag:feature:24h,45,+20(rental=1)|+25(ダンススタジオ),0,1
24時間使えるレンタルダンススタジオ 東京,条件,S,"Dance space BUG FIX,",〒283-0826 千葉県東金市山田 字稲荷谷669-38,,0,その他,その他,なし,,,,,,tag:feature:24h,20,+20(rental=1),0,1
24時間使えるレンタルダンススタジオ 東京,条件,S,ダンススタジオ・ミカ,"2階, ５丁目-１-３ 麻生町 北区 札幌市 北海道 001-0045",,0,赤羽,赤羽,麻生駅,麻生駅|新琴似駅|北３４条駅|新川駅|太平駅,149.0,,,,tag:feature:24h,45,+20(rental=1)|+25(ダンススタジオ),0,1
24時間使えるレンタルダンススタジオ 東京,条件,S,ダンススタジオANGELO★,〒152-0035 東京都目黒区自由が丘２丁目１６-２５ シグナルヒル B1,,0,中目黒,中目黒,自由が丘駅,自由が丘駅,270.0,,,,tag:feature:24h,65,+20(rental=1)|+25(ダンススタジオ)|+20(web),0,1
24時間使えるレンタルダンススタジオ 東京,条件,S,ダンススタジオhow to fly fellows 新浦安校,〒279-0024 千葉県浦安市港３,,0,その他,その他,新浦安駅,新浦安駅|東京ディズニーシー・ステーション駅|リゾートゲートウェイ・ステーション駅,1593.0,,,,tag:feature:24h,45,+20(rental=1)|+25(ダンススタジオ),0,1
24時間使えるレンタルダンススタジオ 東京,条件,S,ダンススタジオｈｏｗｔｏｆｌｙ,〒272-0133 千葉県市川市行徳駅前２丁目２０-１,,0,その他,その他,行徳駅,行徳駅|妙典駅|南行徳駅|瑞江駅,194.0,,,,tag:feature:24h,45,+20(rental=1)|+25(ダンススタジオ),0,1
24時間使えるレンタルダンススタジオ 東京,条件,S,ダンススタジオJJ,〒350-1122 埼玉県川越市脇田町３-１６ 丸石ビルディング 6階,,0,その他,その他,川越駅,川越駅|本川越駅|川越市駅,241.0,,,,tag:feature:24h,45,+20(rental=1)|+25(ダンススタジオ),0,1
24時間使えるレンタルダンススタジオ 東京,条件,S,ダンススタジオRUCHIRU,〒340-0015 埼玉県草加市高砂２丁目２-２８ 丸善草加ビル ３-A,,0,その他,その他,草加駅,草加駅|谷塚駅|獨協大学前(草加松原)駅,240.0,,,,tag:feature:24h,45,+20(rental=1)|+25(ダンススタジオ),0,1
24時間使えるレンタルダンススタジオ 東京,条件,S,バレエスタジオ ソレイユ 大阪高槻校,〒569-1121 大阪府高槻市真上町３丁目１０-１２,,0,その他,その他,高槻駅,高槻駅|高槻市駅,1391.0,,,,tag:feature:24h,20,+20(rental=1),0,1
24時間使えるレンタルダンススタジオ 東京,条件,S,レンタルスタジオ man?ge,〒569-1121 大阪府高槻市真上町３丁目１０-１２,,0,その他,その他,高槻駅,高槻駅|高槻市駅,1393.0,,,,tag:feature:24h,50,+20(rental=1)|+30(レンタルスタジオ),0,1
24時間使えるレンタルダンススタジオ 東京,条件,S,個室レンタルジム AllDayGym 松陰神社店,〒154-0023 東京都世田谷区若林４丁目１７-１２ プルミエール松陰神社 202,,0,下北沢,下北沢|三軒茶屋|二子玉川|自由が丘,松陰神社前駅,松陰神社前駅|若林駅|世田谷駅|上町駅|西太子堂駅|宮の坂駅|梅ヶ丘駅|豪徳寺駅|山下駅|三軒茶屋駅,191.0,,,,tag:feature:24h,20,+20(rental=1),0,1
24時間使えるレンタルダンススタジオ 東京,条件,S,ダンススタジオファンデーション 一宮校,〒299-4303 千葉県長生郡一宮町東浪見７４２７-２,,0,その他,その他,東浪見駅,東浪見駅,1399.0,,,,tag:feature:24h,45,+20(rental=1)|+25(ダンススタジオ),0,1
24時間使えるレンタルダンススタジオ 東京,条件,S,ダンススタジオブリリアント,〒669-1522 兵庫県三田市下田中５８７-１,,0,その他,その他,三田本町駅,三田本町駅|三田駅|道場駅,1250.0,,,,tag:feature:24h,45,+20(rental=1)|+25(ダンススタジオ),0,1
24時間使えるレンタルダンススタジオ 東京,条件,S,ダンススタジオ新宿（レンタルスタジオ）,〒350-1124 埼玉県川越市新宿町５丁目１９-５８,,0,その他,その他,川越駅,川越駅|川越市駅|本川越駅,937.0,,,,tag:feature:24h,50,+20(rental=1)|+30(レンタルスタジオ),0,1
24時間使えるレンタルダンススタジオ 東京,条件,S,ダンススタジオ石井,〒151-0051 東京都渋谷区千駄ケ谷５丁目４-７,,0,渋谷,渋谷|恵比寿|代官山|原宿,代々木駅,代々木駅|新宿駅,480.0,,,,tag:feature:24h,45,+20(rental=1)|+25(ダンススタジオ),0,1
24時間使えるレンタルダンススタジオ 東京,条件,S,ダンススペース ベースオントップ吉祥寺店,〒180-0004 東京都武蔵野市吉祥寺本町１丁目２０-３ B1F,,0,吉祥寺,吉祥寺,吉祥寺駅,吉祥寺駅,326.0,,,,tag:feature:24h,20,+20(rental=1),0,1
24時間使えるレンタルダンススタジオ 東京,条件,S,ダンススペース ベースオントップ高田馬場店,〒169-0075 東京都新宿区高田馬場１丁目３３-１４ サンフラワービル 3F,,0,新宿,新宿|西新宿|高田馬場|新大久保,高田馬場駅,高田馬場駅|新大久保駅,120.0,,,,tag:feature:24h,20,+20(rental=1),0,1
24時間使えるレンタルダンススタジオ 東京,条件,S,ダンススペースDD,〒213-0004 神奈川県川崎市高津区１０ 高津区諏訪1-10-8 クラッセコート1-1,,0,その他,その他,二子新地駅,二子新地駅|高津駅|二子玉川駅|溝の口駅|武蔵溝ノ口駅|上野毛駅,81.0,,,,tag:feature:24h,20,+20(rental=1),0,1
24時間使えるレンタルダンススタジオ 東京,条件,S,ダンスプレイスフェリーチェ (dance place FELICE),〒125-0041 東京都葛飾区東金町１丁目４２-１０ 東金町ビル ５階,,0,新小岩,新小岩,金町駅,金町駅|京成金町駅|柴又駅,110.0,,,,tag:feature:24h,20,+20(rental=1),0,1
24時間使えるレンタルダンススタジオ 東京,条件,S,ダンスフロアーNEWプラスパ,〒203-0014 東京都東久留米市東本町７-１５ プラスパ小山 2F ビル,,0,東久留米,東久留米,東久留米駅,東久留米駅|清瀬駅|ひばりヶ丘駅,318.0,,,,tag:feature:24h,20,+20(rental=1),0,1
24時間使えるレンタルダンススタジオ 東京,条件,S,ダンスラッシュ,〒001-0021 北海道札幌市北区北２１条西５丁目１-１ ベルリネッタN21 2F,,0,赤羽,赤羽,北２４条駅,北２４条駅|北１８条駅|北１２条駅|北１３条東駅|北３４条駅|東区役所前駅|桑園駅|札幌駅,465.0,,,,tag:feature:24h,20,+20(rental=1),0,1
24時間使えるレンタルダンススタジオ 東京,条件,S,ダンスレンタルスタジオ プラーナ,〒206-0011 東京都多摩市関戸２丁目３２-５ カネシロビルB1,,0,多摩センター,多摩センター,聖蹟桜ヶ丘駅,聖蹟桜ヶ丘駅|中河原駅,552.0,,,,tag:feature:24h,50,+20(rental=1)|+30(レンタルスタジオ),0,1
24時間使えるレンタルダンススタジオ 東京,条件,S,BUZZ レンタルスタジオ 池袋西口PARK店,〒171-0021 東京都豊島区西池袋３丁目３０-１０ ライオンビル B1,,0,池袋,池袋|目白|大塚|巣鴨,池袋駅,池袋駅,415.0,,,,tag:feature:24h,50,+20(rental=1)|+30(レンタルスタジオ),0,1
24時間使えるレンタルダンススタジオ 東京,条件,S,BUZZ池袋サンシャイン,〒170-0013 東京都豊島区東池袋１丁目２６-３,,0,池袋,池袋|目白|大塚|巣鴨,池袋駅,池袋駅,526.0,,,,tag:feature:24h,20,+20(rental=1),0,1
24時間使えるレンタルダンススタジオ 東京,条件,S,スタジオジパング 池袋スタジオSTANDARD 7F/8F,〒171-0021 東京都豊島区西池袋３丁目２９-９ 8F Ｃ３ビル 7F,,0,池袋,池袋|目白|大塚|巣鴨,池袋駅,池袋駅,449.0,,,,tag:feature:24h,20,+20(rental=1),0,1
24時間使えるレンタルダンススタジオ 東京,条件,S,natsu belly dance club,〒171-0022 東京都豊島区南池袋２丁目２２-４ フジキF2ビル,,0,池袋,池袋|目白|大塚|巣鴨,池袋駅,池袋駅,352.0,,,,tag:feature:24h,20,+20(rental=1),0,1
24時間使えるレンタルダンススタジオ 東京,条件,S,"in the house / Mejiro ""Attic""",〒171-0031 東京都豊島区目白３丁目１-３４ 2F,,0,池袋,池袋|目白|大塚|巣鴨,高田馬場駅,高田馬場駅|池袋駅,873.0,,,,tag:feature:24h,20,+20(rental=1),0,1
24時間使えるレンタルダンススタジオ 東京,条件,S,スタジオジパング 目白スタジオPRO,〒171-0031 東京都豊島区目白３ 5-13 地下1階,,0,池袋,池袋|目白|大塚|巣鴨,池袋駅,池袋駅|高田馬場駅,887.0,,,,tag:feature:24h,20,+20(rental=1),0,1
24時間使えるレンタルダンススタジオ 東京,条件,S,チェリッシュスタジオ3号館／10号館,〒150-0045 東京都渋谷区神泉町２０-２５ 神泉ＱＳビル 4階／7階,https://dance-studio-lab.com/room/ODU0ZjgzZjAtNDc3OS00N2YwLTkxZWEtNTNiMTc2MDE4NGRl/detail,1,渋谷,渋谷|恵比寿|代官山|原宿,渋谷駅,渋谷駅|池尻大橋駅,932.0,,,,tag:feature:24h,50,+30(dslurl)|+20(rental=1),0,1
24時間使えるレンタルダンススタジオ 東京,条件,S,ちるどれ 上町スタジオ,〒540-0005 大阪府大阪市中央区上町１丁目６-１１ 2階,,0,銀座,銀座|日本橋|八丁堀|月島,玉造駅,玉造駅|谷町六丁目駅|森ノ宮駅|谷町四丁目駅|松屋町駅|大阪上本町駅|鶴橋駅|谷町九丁目駅|天満橋駅|大阪城公園駅,710.0,,,,tag:feature:24h,20,+20(rental=1),0,1
24時間使えるレンタルダンススタジオ 東京,条件,S,ツチヤダンスガーデン,〒213-0002 神奈川県川崎市高津区二子５丁目２-１,,0,その他,その他,高津駅,高津駅|溝の口駅|武蔵溝ノ口駅|二子新地駅|二子玉川駅|梶が谷駅|津田山駅,74.0,,,,tag:feature:24h,20,+20(rental=1),0,1
24時間使えるレンタルダンススタジオ 東京,条件,S,デイ・ナイト株式会社,〒100-0011 東京都千代田区内幸町１丁目１-２ Ud日比谷ビル 7F,,0,秋葉原,秋葉原,新橋駅,新橋駅|有楽町駅,507.0,,,,tag:feature:24h,20,+20(rental=1),0,1
24時間使えるレンタルダンススタジオ 東京,条件,S,ティアラ,〒142-0053 東京都品川区中延３丁目２-４,,0,品川,品川|五反田|大井町|目黒,荏原中延駅,荏原中延駅|中延駅|戸越公園駅|荏原町駅|戸越駅|戸越銀座駅|旗の台駅|西大井駅|西小山駅|下神明駅,91.0,,,,tag:feature:24h,20,+20(rental=1),0,1
24時間使えるレンタルダンススタジオ 東京,条件,S,トゥインクルクラブ,〒471-0835 愛知県豊田市曙町２丁目16番地 BLUS16 101号室,,0,その他,その他,土橋駅,土橋駅|三河豊田駅,162.0,,,,tag:feature:24h,20,+20(rental=1),0,1
24時間使えるレンタルダンススタジオ 東京,条件,S,ドリーム・パフェ・スタジオ,〒150-0012 東京都渋谷区広尾５丁目１１-１１ 福地ビル,,0,渋谷,渋谷|恵比寿|代官山|原宿,恵比寿駅,恵比寿駅,1096.0,,,,tag:feature:24h,20,+20(rental=1),0,1
24時間使えるレンタルダンススタジオ 東京,条件,S,なかすた（スタジオ神田川）,〒164-0013 東京都中野区弥生町５丁目２２-２ ビラフジミ B号室,https://dance-studio-lab.com/room/ODE4NDI3NmEtODY2YS00ZTg2LTgyMzctNzMzNmYwYjNmNDgx/detail,1,中野,中野,中野富士見町駅,中野富士見町駅|中野新橋駅|新中野駅|方南町駅|東高円寺駅|幡ヶ谷駅|西新宿五丁目駅（清水橋）|中野坂上駅|笹塚駅|新高円寺駅,163.0,,,,tag:feature:24h,50,+30(dslurl)|+20(rental=1),0,1
24時間使えるレンタルダンススタジオ 東京,条件,S,ナガトスタジオ,〒134-0084 東京都江戸川区東葛西５丁目４０-９,,0,西葛西,西葛西,葛西駅,葛西駅|浦安駅|西葛西駅,688.0,,,,tag:feature:24h,20,+20(rental=1),0,1
24時間使えるレンタルダンススタジオ 東京,条件,S,ノアスタジオ 学芸大店,〒152-0003 東京都目黒区碑文谷５丁目２５-１０ 1F?7F ノアビル２２,,0,中目黒,中目黒,学芸大学駅,学芸大学駅,753.0,,,,tag:feature:24h,20,+20(rental=1),0,1
24時間使えるレンタルダンススタジオ 東京,条件,S,ノアスタジオ 秋葉原店,〒101-0021 東京都千代田区外神田６丁目１４-８,,0,秋葉原,秋葉原,秋葉原駅,秋葉原駅,589.0,,,,tag:feature:24h,20,+20(rental=1),0,1
24時間使えるレンタルダンススタジオ 東京,条件,S,ノアスタジオ 新宿１号店,〒160-0023 東京都新宿区西新宿１丁目３-１４,,0,新宿,新宿|西新宿|高田馬場|新大久保,新宿駅,新宿駅|西武新宿駅|新大久保駅,319.0,,,,tag:feature:24h,20,+20(rental=1),0,1
24時間使えるレンタルダンススタジオ 東京,条件,S,ノアスタジオ 新宿２号店,〒160-0023 東京都新宿区西新宿７丁目１０-１２,,0,新宿,新宿|西新宿|高田馬場|新大久保,西武新宿駅,西武新宿駅|新宿駅|新大久保駅,259.0,,,,tag:feature:24h,20,+20(rental=1),0,1
24時間使えるレンタルダンススタジオ 東京,条件,S,ノアスタジオ 赤坂店,〒107-0052 東京都港区赤坂３丁目１３-１２ 受付は隣のビル2Fとなります,,0,六本木,六本木|赤坂|麻布|新橋,赤坂駅,赤坂駅|青山一丁目駅,62.0,,,,tag:feature:24h,20,+20(rental=1),0,1
24時間使えるレンタルダンススタジオ 東京,条件,S,ソニズレンタルスタジオ新中野鍋横店,〒164-0011 東京都中野区中央３丁目３４-３ B1階,,0,中野,中野,中野駅,中野駅,1004.0,,,,tag:feature:24h,50,+20(rental=1)|+30(レンタルスタジオ),0,1
24時間使えるレンタルダンススタジオ 東京,条件,S,ノアスタジオ 中野店,"〒164-0001 東京都中野区中野３丁目３９-２, Nakano Noah Building, B1",,0,中野,中野,中野駅,中野駅,231.0,,,,tag:feature:24h,20,+20(rental=1),0,1
24時間使えるレンタルダンススタジオ 東京,条件,S,ノアスタジオ 都立大２号店,〒152-0031 東京都目黒区中根１丁目２-２ 1F 受付,,0,中目黒,中目黒,都立大学駅,都立大学駅|緑が丘駅|自由が丘駅|学芸大学駅|大岡山駅|奥沢駅|洗足駅|九品仏駅|北千束駅,61.0,,,,tag:feature:24h,20,+20(rental=1),0,1
24時間使えるレンタルダンススタジオ 東京,条件,S,ノアスタジオ 都立大店（ダンス・演劇）,〒152-0031 東京都目黒区中根１丁目７-２３ ＳＴビル,,0,中目黒,中目黒,都立大学駅,都立大学駅|自由が丘駅|緑が丘駅|大岡山駅|奥沢駅|学芸大学駅|九品仏駅|洗足駅,151.0,,,,tag:feature:24h,20,+20(rental=1),0,1
24時間使えるレンタルダンススタジオ 東京,条件,S,ノアスタジオ代々木店,〒151-0051 東京都渋谷区千駄ケ谷４丁目２４-１９,,0,渋谷,渋谷|恵比寿|代官山|原宿,代々木駅,代々木駅,452.0,,,,tag:feature:24h,20,+20(rental=1),0,1
24時間使えるレンタルダンススタジオ 東京,条件,S,ノートルスタジオ,〒107-0062 東京都港区南青山３丁目５-１ O&K 南青山,,0,六本木,六本木|赤坂|麻布|新橋,外苑前駅,外苑前駅|表参道駅|青山一丁目駅,384.0,,,,tag:feature:24h,20,+20(rental=1),0,1
24時間使えるレンタルダンススタジオ 東京,条件,S,シバヨガ鶴川スタジオ,〒195-0061 東京都町田市 鶴川２－１４－１５ ２F,,0,町田,町田,鶴川駅,鶴川駅,1402.0,,,,tag:feature:24h,20,+20(rental=1),0,1
24時間使えるレンタルダンススタジオ 東京,条件,S,ハーラウ ナー マモ オ カアラ‐ナゴヤ,〒471-0813 愛知県豊田市野見山町３丁目１６-１,,0,その他,その他,なし,,,,,,tag:feature:24h,20,+20(rental=1),0,1
24時間使えるレンタルダンススタジオ 東京,条件,S,ハウススタジオ プラネアールときわ台スタジオ,〒174-0071 東京都板橋区常盤台２丁目９-５,,0,成増,成増,ときわ台駅,ときわ台駅|中板橋駅|上板橋駅|板橋本町駅|本蓮沼駅|大山駅|志村坂上駅|志村三丁目駅,159.0,,,,tag:feature:24h,20,+20(rental=1),0,1
24時間使えるレンタルダンススタジオ 東京,条件,S,バレエアトリエ クレール,〒206-0034 東京都多摩市 鶴牧3-4 1C,,0,多摩センター,多摩センター,唐木田駅,唐木田駅|小田急多摩センター駅|京王多摩センター駅|京王堀之内駅,746.0,,,,tag:feature:24h,20,+20(rental=1),0,1
24時間使えるレンタルダンススタジオ 東京,条件,S,バレエスタジオ ピアチェーレ,〒134-0085 東京都江戸川区南葛西１丁目１４-１３ シティパレス南葛西 302,,0,西葛西,西葛西,葛西駅,葛西駅|葛西臨海公園駅|西葛西駅,991.0,,,,tag:feature:24h,20,+20(rental=1),0,1
24時間使えるレンタルダンススタジオ 東京,条件,S,K Dance Nexus DANCE STUDIO 百合ヶ丘A,〒215-0011 神奈川県川崎市麻生区百合丘１丁目１９-５,,0,その他,その他,百合ヶ丘駅,百合ヶ丘駅|新百合ヶ丘駅|読売ランド前駅,95.0,,,,tag:feature:24h,45,+20(rental=1)|+25(ダンススタジオ),0,1
24時間使えるレンタルダンススタジオ 東京,条件,S,K Dance Nexus DANCE STUDIO 百合ケ丘B,〒215-0011 神奈川県川崎市麻生区百合丘２丁目２-４ Tcre新百合ヶ丘 B1,,0,その他,その他,百合ヶ丘駅,百合ヶ丘駅|新百合ヶ丘駅|読売ランド前駅|五月台駅,382.0,,,,tag:feature:24h,45,+20(rental=1)|+25(ダンススタジオ),0,1
24時間使えるレンタルダンススタジオ 東京,条件,S,バレエスタジオJewels,〒156-0052 東京都世田谷区経堂５丁目２１-４,,0,下北沢,下北沢|三軒茶屋|二子玉川|自由が丘,千歳船橋駅,千歳船橋駅|経堂駅|宮の坂駅|上町駅|山下駅|豪徳寺駅|松原駅|世田谷駅|祖師ヶ谷大蔵駅,579.0,,,,tag:feature:24h,20,+20(rental=1),0,1
24時間使えるレンタルダンススタジオ 東京,条件,S,K Dance Nexus Dance Studio 読売ランド前,〒214-0037 神奈川県川崎市多摩区西生田３丁目９-３０,,0,その他,その他,読売ランド前駅,読売ランド前駅|生田駅|百合ヶ丘駅,92.0,,,,tag:feature:24h,45,+20(rental=1)|+25(ダンススタジオ),0,1
24時間使えるレンタルダンススタジオ 東京,条件,S,バレエスタジオコルツァ（Ballet Studio Colza）,〒193-0833 東京都八王子市めじろ台１丁目９-１ 2階,,0,八王子,八王子,めじろ台駅,めじろ台駅|狭間駅|山田駅|西八王子駅,108.0,,,,tag:feature:24h,20,+20(rental=1),0,1
24時間使えるレンタルダンススタジオ 東京,条件,S,ハレスタジオ参宮橋,〒151-0053 東京都渋谷区代々木４丁目２８-８ 代々木村田マンション 509,,0,渋谷,渋谷|恵比寿|代官山|原宿,代々木駅,代々木駅,1031.0,,,,tag:feature:24h,20,+20(rental=1),0,1
24時間使えるレンタルダンススタジオ 東京,条件,S,パンキースタジオ,〒192-0355 東京都八王子市堀之内３丁目３５-６,,0,八王子,八王子,京王堀之内駅,京王堀之内駅|唐木田駅,153.0,,,,tag:feature:24h,20,+20(rental=1),0,1
24時間使えるレンタルダンススタジオ 東京,条件,S,バンドスタジオ ベースオントップ京橋店,〒536-0016 大阪府大阪市城東区蒲生１丁目８-４,,0,その他,その他,京橋駅,京橋駅|蒲生四丁目駅|大阪ビジネスパーク駅|鴫野駅|ＪＲ野江駅|大阪城北詰駅|大阪城公園駅|野江駅|野江内代駅|都島駅,345.0,,,,tag:feature:24h,20,+20(rental=1),0,1
24時間使えるレンタルダンススタジオ 東京,条件,S,バンドスタジオ ベースオントップ秋葉原昭和通り口店,〒101-0025 東京都千代田区神田佐久間町３丁目37-１ 文唱堂ビル B1F,,0,秋葉原,秋葉原,秋葉原駅,秋葉原駅,326.0,,,,tag:feature:24h,20,+20(rental=1),0,1
24時間使えるレンタルダンススタジオ 東京,条件,S,ピアノスタジオノア 下北沢店,〒155-0031 東京都世田谷区北沢２丁目３４-８,,0,下北沢,下北沢|三軒茶屋|二子玉川|自由が丘,下北沢駅,下北沢駅,201.0,,,,tag:feature:24h,20,+20(rental=1),0,1
24時間使えるレンタルダンススタジオ 東京,条件,S,ピアノスタジオノア 恵比寿店,〒150-0013 東京都渋谷区恵比寿４丁目４-１２,,0,渋谷,渋谷|恵比寿|代官山|原宿,恵比寿駅,恵比寿駅,206.0,,,,tag:feature:24h,20,+20(rental=1),0,1
24時間使えるレンタルダンススタジオ 東京,条件,S,ピアノスタジオノア 池袋店,〒170-0013 東京都豊島区東池袋２丁目６３-１ 2F～B1F,,0,池袋,池袋|目白|大塚|巣鴨,池袋駅,池袋駅,803.0,,,,tag:feature:24h,20,+20(rental=1),0,1
24時間使えるレンタルダンススタジオ 東京,条件,S,ピアノスタジオノア 不動前店,〒141-0031 東京都品川区西五反田４丁目３２-１４,,0,品川,品川|五反田|大井町|目黒,五反田駅,五反田駅|目黒駅,878.0,,,,tag:feature:24h,20,+20(rental=1),0,1
24時間使えるレンタルダンススタジオ 東京,条件,S,ファーストクラブ,〒187-0043 東京都小平市学園東町１丁目７-４１-４,,0,小平,小平,一橋学園駅,一橋学園駅|青梅街道駅|新小平駅|小平駅|鷹の台駅|萩山駅,242.0,,,,tag:feature:24h,20,+20(rental=1),0,1
24時間使えるレンタルダンススタジオ 東京,条件,S,フィットネス カルチャー＆アート テラ Terra,〒182-0025 東京都調布市多摩川５丁目７-６ 第３コーポ渡辺 2階,,0,調布,調布,調布駅,調布駅,1045.0,,,,tag:feature:24h,20,+20(rental=1),0,1
24時間使えるレンタルダンススタジオ 東京,条件,S,ブイラボミュージカル,〒105-0003 東京都港区西新橋３丁目２４,,0,六本木,六本木|赤坂|麻布|新橋,浜松町駅,浜松町駅|新橋駅,827.0,,,,tag:feature:24h,20,+20(rental=1),0,1
24時間使えるレンタルダンススタジオ 東京,条件,S,MDL Studio (防音スタジオ),〒182-0021 東京都調布市調布ケ丘３丁目６９-２,,0,調布,調布,調布駅,調布駅,1165.0,,,,tag:feature:24h,20,+20(rental=1),0,1
24時間使えるレンタルダンススタジオ 東京,条件,S,フラメンコスタジオアスール,〒141-0022 東京都品川区東五反田１丁目１８-４ B1 ＧＴＤイーストビル,,0,品川,品川|五反田|大井町|目黒,五反田駅,五反田駅|大崎駅|品川駅,277.0,,,,tag:feature:24h,20,+20(rental=1),0,1
24時間使えるレンタルダンススタジオ 東京,条件,S,ブルースペース上野御徒町,〒110-0005 東京都台東区上野３丁目１３-１０ トミヤマビル B1F,,0,上野,上野|浅草|御徒町|蔵前,秋葉原駅,秋葉原駅|上野駅,725.0,,,,tag:feature:24h,20,+20(rental=1),0,1
24時間使えるレンタルダンススタジオ 東京,条件,S,ブレイクダンスタジオ パワームーブ大阪,〒542-0062 大阪府大阪市中央区上本町西４丁目１?番9号 ヴィレッジヒル上町台 1F,,0,銀座,銀座|日本橋|八丁堀|月島,大阪上本町駅,大阪上本町駅|谷町九丁目駅|谷町六丁目駅|松屋町駅|鶴橋駅|玉造駅|谷町四丁目駅|長堀橋駅|日本橋駅|近鉄日本橋駅,589.0,,,,tag:feature:24h,20,+20(rental=1),0,1
24時間使えるレンタルダンススタジオ 東京,条件,S,フレックススタイル 船堀校,〒134-0091 東京都江戸川区船堀２丁目２３-２４,,0,西葛西,西葛西,船堀駅,船堀駅|東大島駅|一之江駅,192.0,,,,tag:feature:24h,20,+20(rental=1),0,1
24時間使えるレンタルダンススタジオ 東京,条件,S,ベストスタジオ立川,〒190-0022 東京都立川市錦町２丁目１-１０ エリア立川 302号室,,0,立川,立川,立川駅,立川駅,348.0,,,,tag:feature:24h,20,+20(rental=1),0,1
24時間使えるレンタルダンススタジオ 東京,条件,S,ペンテフラットスタジオ,〒279-0002 千葉県浦安市北栄１丁目１１-４０ １F ビル,,0,その他,その他,浦安駅,浦安駅|南行徳駅,182.0,,,,tag:feature:24h,20,+20(rental=1),0,1
24時間使えるレンタルダンススタジオ 東京,条件,S,ボイトレ＆ダンスの NAYUTAS（ナユタス）町田校,〒194-0022 東京都町田市森野１丁目１４-９ ＭＫビル 森野2F,,0,町田,町田,町田駅,町田駅,352.0,,,,tag:feature:24h,20,+20(rental=1),0,1
24時間使えるレンタルダンススタジオ 東京,条件,S,ポールダンススタジオ Grace A,〒154-0024 東京都世田谷区三軒茶屋２丁目１４-１２ 三元ビル 403,,0,下北沢,下北沢|三軒茶屋|二子玉川|自由が丘,三軒茶屋駅,三軒茶屋駅,63.0,,,,tag:feature:24h,45,+20(rental=1)|+25(ダンススタジオ),0,1
24時間使えるレンタルダンススタジオ 東京,条件,S,ポールダンススタジオBird of Paradise,〒283-0801 千葉県東金市八坂台４丁目12-２４,,0,その他,その他,東金駅,東金駅,1903.0,,,,tag:feature:24h,45,+20(rental=1)|+25(ダンススタジオ),0,1
24時間使えるレンタルダンススタジオ 東京,条件,S,ホットヨガスタジオLAVA 中野坂上店,〒164-0012 東京都中野区本町２丁目２８-１１ 不二ハイツ 2F,,0,中野,中野,中野坂上駅,中野坂上駅|西新宿五丁目駅（清水橋）|中野新橋駅|西新宿駅|都庁前駅|新中野駅|東中野駅|中野富士見町駅|大久保駅|新宿西口駅,254.0,,,,tag:feature:24h,20,+20(rental=1),0,1
24時間使えるレンタルダンススタジオ 東京,条件,S,ボンジュBallerina 紀尾井町店,〒102-0094 東京都千代田区紀尾井町１-３ 東京ガーデンテラス 1F,,0,秋葉原,秋葉原,赤坂駅,赤坂駅,635.0,,,,tag:feature:24h,20,+20(rental=1),0,1
24時間使えるレンタルダンススタジオ 東京,条件,S,スタジオルミエル,〒114-0023 東京都北区滝野川５丁目４１-４ 明成ビル B１F,,0,赤羽,赤羽,新板橋駅,新板橋駅|板橋駅|西巣鴨駅|下板橋駅|西ヶ原四丁目駅|新庚申塚駅|北池袋駅|滝野川一丁目駅|庚申塚駅|板橋区役所前駅,272.0,,,,tag:feature:24h,20,+20(rental=1),0,1
24時間使えるレンタルダンススタジオ 東京,条件,S,Legato HALL,〒175-0082 東京都板橋区高島平８丁目６-６ ２階,,0,成増,成増,高島平駅,高島平駅|新高島平駅|西台駅|蓮根駅|西高島平駅,159.0,,,,tag:feature:24h,20,+20(rental=1),0,1
24時間使えるレンタルダンススタジオ 東京,条件,S,マーティ株式会社,〒108-0073 東京都港区三田２丁目１４-４ 三田慶応ビジデンス１F,,0,六本木,六本木|赤坂|麻布|新橋,田町駅,田町駅|麻布十番駅,472.0,,,,tag:feature:24h,20,+20(rental=1),0,1
24時間使えるレンタルダンススタジオ 東京,条件,S,マインクラブダンススタジオ,〒153-0052 東京都目黒区祐天寺１丁目２２-５,,0,中目黒,中目黒,祐天寺駅,祐天寺駅|中目黒駅|学芸大学駅|代官山駅|池尻大橋駅|恵比寿駅|三軒茶屋駅,145.0,,,,tag:feature:24h,45,+20(rental=1)|+25(ダンススタジオ),0,1
24時間使えるレンタルダンススタジオ 東京,条件,S,マウリ・ナニスタジオ,〒194-0004 東京都町田市鶴間１丁目１８-１ ドルフ南町田101,,0,町田,町田,南町田グランベリーパーク駅,南町田グランベリーパーク駅|つきみ野駅|すずかけ台駅,347.0,,,,tag:feature:24h,20,+20(rental=1),0,1
24時間使えるレンタルダンススタジオ 東京,条件,S,BUZZ レンタルスタジオ 大阪京橋店,〒534-0024 大阪府大阪市都島区東野田町２丁目９-２３ 晃進ビル B2F,,0,その他,その他,京橋駅,京橋駅|大阪城北詰駅|大阪ビジネスパーク駅|大阪城公園駅|ＪＲ野江駅|蒲生四丁目駅|鴫野駅|桜ノ宮駅|都島駅|野江内代駅,280.0,,,,tag:feature:24h,50,+20(rental=1)|+30(レンタルスタジオ),0,1
24時間使えるレンタルダンススタジオ 東京,条件,S,マヅカダンスカンパニー,〒168-0065 東京都杉並区浜田山２丁目２２-１ ゴディメント浜田山1F 南 浜田山ゴディメント,,0,高円寺,高円寺,浜田山駅,浜田山駅|西永福駅|高井戸駅|永福町駅|上北沢駅|桜上水駅|八幡山駅|下高井戸駅,211.0,,,,tag:feature:24h,20,+20(rental=1),0,1
24時間使えるレンタルダンススタジオ 東京,条件,S,ミュージックサロン アマーブルNUTSスタジオ駒込店,〒114-0014 東京都北区田端４丁目１-１１ クレールビル 1F,,0,赤羽,赤羽,駒込駅,駒込駅|田端駅|千石駅|巣鴨駅|尾久駅|本駒込駅|上中里駅|西日暮里駅|西ケ原駅|千駄木駅,472.0,,,,tag:feature:24h,20,+20(rental=1),0,1
24時間使えるレンタルダンススタジオ 東京,条件,S,ミュージックサロン アマーブル十条店,〒114-0031 東京都北区十条仲原１丁目８-２６ 清水ビル,,0,赤羽,赤羽,十条駅,十条駅|東十条駅|王子神谷駅|板橋本町駅|新板橋駅|板橋区役所前駅|赤羽駅|本蓮沼駅|王子駅前駅|板橋駅,245.0,,,,tag:feature:24h,20,+20(rental=1),0,1
24時間使えるレンタルダンススタジオ 東京,条件,S,SOLARI Rental Studio 日本橋 - 日本橋人形町・馬喰町エリアのレンタルスタジオ,〒103-0004 東京都中央区東日本橋１丁目４-２ 徳輝ビル 2階,,0,銀座,銀座|日本橋|八丁堀|月島,馬喰横山駅,馬喰横山駅|馬喰町駅|人形町駅|小伝馬町駅|浅草橋駅|両国駅|水天宮前駅|新日本橋駅|岩本町駅|森下駅,302.0,,,,tag:feature:24h,70,+20(rental=1)|+30(レンタルスタジオ)|+20(web),0,1
24時間使えるレンタルダンススタジオ 東京,条件,S,ミライスタジオ神田秋葉原,〒101-0031 東京都千代田区東神田１丁目１７-５,,0,秋葉原,秋葉原,秋葉原駅,秋葉原駅,769.0,,,,tag:feature:24h,20,+20(rental=1),0,1
24時間使えるレンタルダンススタジオ 東京,条件,S,ミライスタジオ日本橋,〒103-0001 東京都中央区日本橋小伝馬町１４-５,,0,銀座,銀座|日本橋|八丁堀|月島,秋葉原駅,秋葉原駅,957.0,,,,tag:feature:24h,20,+20(rental=1),0,1
24時間使えるレンタルダンススタジオ 東京,条件,S,ミルクスタジオ,〒101-0021 東京都千代田区外神田３丁目３-５ ヨシヰビル,,0,秋葉原,秋葉原,秋葉原駅,秋葉原駅,467.0,,,,tag:feature:24h,20,+20(rental=1),0,1
24時間使えるレンタルダンススタジオ 東京,条件,S,メインスタジオStudio Style+,〒160-0023 東京都新宿区西新宿７丁目２２-３１,,0,新宿,新宿|西新宿|高田馬場|新大久保,西武新宿駅,西武新宿駅|新大久保駅|新宿駅,362.0,,,,tag:feature:24h,20,+20(rental=1),0,1
24時間使えるレンタルダンススタジオ 東京,条件,S,メゾン・ドゥ・バレエ南青山（MAISON DE BALLET Minami-Aoyama）,〒107-0062 東京都港区南青山４丁目２５-１２,,0,六本木,六本木|赤坂|麻布|新橋,表参道駅,表参道駅|外苑前駅|青山一丁目駅,564.0,,,,tag:feature:24h,20,+20(rental=1),0,1
24時間使えるレンタルダンススタジオ 東京,条件,S,studio 空:k?,〒101-0044 東京都千代田区鍛冶町２丁目５-４ Crea神田ビル,,0,秋葉原,秋葉原,秋葉原駅,秋葉原駅,747.0,,,,tag:feature:24h,20,+20(rental=1),0,1
24時間使えるレンタルダンススタジオ 東京,条件,S,モダミカ アートプラザ,〒169-0075 東京都新宿区高田馬場１丁目３４-１２,,0,新宿,新宿|西新宿|高田馬場|新大久保,高田馬場駅,高田馬場駅,50.0,,,,tag:feature:24h,20,+20(rental=1),0,1
24時間使えるレンタルダンススタジオ 東京,条件,S,モダン出版株式会社,〒113-0034 東京都文京区湯島３丁目１２-１１,,0,後楽園,後楽園,秋葉原駅,秋葉原駅,811.0,,,,tag:feature:24h,20,+20(rental=1),0,1
24時間使えるレンタルダンススタジオ 東京,条件,S,モノダンススタジオ 八王子校,〒192-0911 東京都八王子市打越町３４４-５ クリヤマ北野ビル 3階,,0,八王子,八王子,北野駅,北野駅|長沼駅|片倉駅|京王片倉駅|京王八王子駅|八王子駅,34.0,,,,tag:feature:24h,45,+20(rental=1)|+25(ダンススタジオ),0,1
24時間使えるレンタルダンススタジオ 東京,条件,S,ヨガスタジオNOA 秋葉原校,〒101-0021 東京都千代田区外神田６丁目１４-８ 8F,,0,秋葉原,秋葉原,秋葉原駅,秋葉原駅,589.0,,,,tag:feature:24h,20,+20(rental=1),0,1
24時間使えるレンタルダンススタジオ 東京,条件,S,リアクション2MANA,〒113-0033 東京都文京区本郷２丁目３６-２ 地下1階,,0,後楽園,後楽園,本郷三丁目駅,本郷三丁目駅|春日駅|後楽園駅|水道橋駅|御茶ノ水駅|湯島駅|東大前駅|神保町駅|飯田橋駅|新御茶ノ水駅,283.0,,,,tag:feature:24h,20,+20(rental=1),0,1
24時間使えるレンタルダンススタジオ 東京,条件,S,リアクション2はなれ,〒179-0084 東京都練馬区氷川台３丁目２４-１５ 石野ＮＴビル 地下1F,,0,練馬,練馬,氷川台駅,氷川台駅|新桜台駅|平和台駅|上板橋駅|小竹向原駅|桜台駅|江古田駅|東武練馬駅,367.0,,,,tag:feature:24h,20,+20(rental=1),0,1
24時間使えるレンタルダンススタジオ 東京,条件,S,リズムアートダンススタジオ,〒108-0023 東京都港区芝浦４丁目９-１８ グランドパレス田町2F,,0,六本木,六本木|赤坂|麻布|新橋,田町駅,田町駅,662.0,,,,tag:feature:24h,45,+20(rental=1)|+25(ダンススタジオ),0,1
24時間使えるレンタルダンススタジオ 東京,条件,S,レキップバレエスタジオ,〒178-0063 東京都練馬区東大泉１丁目３７-５,,0,練馬,練馬,大泉学園駅,大泉学園駅|保谷駅,107.0,,,,tag:feature:24h,20,+20(rental=1),0,1
24時間使えるレンタルダンススタジオ 東京,条件,S,レンタルスタジオ 【MO-LE STUDIO】,〒166-0013 東京都杉並区堀ノ内２丁目４-２ MO-LE STUDIOビル,,0,高円寺,高円寺,方南町駅,方南町駅|永福町駅|中野富士見町駅|新高円寺駅|東高円寺駅|代田橋駅|西永福駅|笹塚駅|明大前駅|新中野駅,441.0,,,,tag:feature:24h,50,+20(rental=1)|+30(レンタルスタジオ),0,1
24時間使えるレンタルダンススタジオ 東京,条件,S,レンタルスタジオ D-Base 高津店,〒213-0002 神奈川県川崎市二子４丁目８-２１ プリモクラッセ高津 B1階,,0,その他,その他,高津駅,高津駅|二子新地駅|溝の口駅|武蔵溝ノ口駅|二子玉川駅|梶が谷駅|津田山駅|武蔵新城駅,187.0,,,,tag:feature:24h,50,+20(rental=1)|+30(レンタルスタジオ),0,1
24時間使えるレンタルダンススタジオ 東京,条件,S,レンタルスタジオ D-Base 大岡山店,〒145-0063 東京都大田区南千束３丁目１-１５ プラシス大岡山 地下1階,,0,蒲田,蒲田,大岡山駅,大岡山駅|北千束駅|洗足池駅|緑が丘駅|石川台駅|洗足駅|長原駅|奥沢駅|旗の台駅|雪が谷大塚駅,355.0,,,,tag:feature:24h,50,+20(rental=1)|+30(レンタルスタジオ),0,1
24時間使えるレンタルダンススタジオ 東京,条件,S,レンタルスタジオ D-Base 武蔵境店,〒180-0022 東京都武蔵野市境１丁目３-２ 平田ビル 3階,,0,吉祥寺,吉祥寺,武蔵境駅,武蔵境駅|三鷹駅|新小金井駅|東小金井駅,185.0,,,,tag:feature:24h,50,+20(rental=1)|+30(レンタルスタジオ),0,1
24時間使えるレンタルダンススタジオ 東京,条件,S,レンタルスタジオ Grip 下高井戸,〒156-0044 東京都世田谷区赤堤５丁目２６-３ 地下１階,,0,下北沢,下北沢|三軒茶屋|二子玉川|自由が丘,下高井戸駅,下高井戸駅|桜上水駅|松原駅|明大前駅|上北沢駅|永福町駅|山下駅|経堂駅|豪徳寺駅|西永福駅,419.0,,,,tag:feature:24h,50,+20(rental=1)|+30(レンタルスタジオ),0,1
24時間使えるレンタルダンススタジオ 東京,条件,S,レンタルスタジオ Gスクエア,〒120-0036 東京都足立区千住仲町１-２,,0,北千住,北千住,北千住駅,北千住駅,855.0,,,,tag:feature:24h,50,+20(rental=1)|+30(レンタルスタジオ),0,1
24時間使えるレンタルダンススタジオ 東京,条件,S,レンタルスタジオ HIKARI 高田馬場,〒169-0075 東京都新宿区高田馬場４丁目４-１ M-haus B.L.D 3階,,0,新宿,新宿|西新宿|高田馬場|新大久保,高田馬場駅,高田馬場駅,67.0,,,,tag:feature:24h,50,+20(rental=1)|+30(レンタルスタジオ),0,1
24時間使えるレンタルダンススタジオ 東京,条件,S,レンタルスタジオ HIKARI 渋谷,〒150-0043 東京都渋谷区道玄坂２丁目２０-２６ エクシール道玄坂 104号室 藤和,,0,渋谷,渋谷|恵比寿|代官山|原宿,渋谷駅,渋谷駅,461.0,,,,tag:feature:24h,50,+20(rental=1)|+30(レンタルスタジオ),0,1
24時間使えるレンタルダンススタジオ 東京,条件,S,レンタルスタジオ HIKARI 新宿三丁目,〒160-0021 東京都新宿区歌舞伎町２丁目８-１２ グリーンプラザ 203,,0,新宿,新宿|西新宿|高田馬場|新大久保,西武新宿駅,西武新宿駅|新宿駅|新大久保駅,507.0,,,,tag:feature:24h,50,+20(rental=1)|+30(レンタルスタジオ),0,1
24時間使えるレンタルダンススタジオ 東京,条件,S,レンタルスタジオ HIKARI 西新宿７丁目,〒160-0023 東京都新宿区西新宿７丁目１０-１７ B館 601号室,,0,新宿,新宿|西新宿|高田馬場|新大久保,西武新宿駅,西武新宿駅|新宿駅|新大久保駅,234.0,,,,tag:feature:24h,50,+20(rental=1)|+30(レンタルスタジオ),0,1
24時間使えるレンタルダンススタジオ 東京,条件,S,八王子レンタルスタジオ・アドレ,〒193-0832 東京都八王子市散田町５丁目１２-５ 散田B1F パラドール,,0,八王子,八王子,めじろ台駅,めじろ台駅|西八王子駅|狭間駅|山田駅,816.0,,,,tag:feature:24h,70,+20(rental=1)|+30(レンタルスタジオ)|+20(web),0,1
24時間使えるレンタルダンススタジオ 東京,条件,S,レンタルスタジオ HIKARI 築地,〒104-0045 東京都中央区築地２丁目１-１７ 陽光築地ビル 地下一階,,0,銀座,銀座|日本橋|八丁堀|月島,有楽町駅,有楽町駅,1023.0,,,,tag:feature:24h,50,+20(rental=1)|+30(レンタルスタジオ),0,1
24時間使えるレンタルダンススタジオ 東京,条件,S,レンタルスタジオ STUDIO ZERO 立川南口店,〒190-0023 東京都立川市柴崎町２丁目７-８ エクセル立川 B1F,,0,立川,立川,立川駅,立川駅,501.0,,,,tag:feature:24h,50,+20(rental=1)|+30(レンタルスタジオ),0,1
24時間使えるレンタルダンススタジオ 東京,条件,S,レンタルスタジオ マイレッスン 立川店,〒190-0023 東京都立川市柴崎町２丁目６-３ まるごビル,,0,立川,立川,立川駅,立川駅,410.0,,,,tag:feature:24h,50,+20(rental=1)|+30(レンタルスタジオ),0,1
24時間使えるレンタルダンススタジオ 東京,条件,S,レンタルスタジオ HIKARI 東高円寺,〒166-0012 東京都杉並区和田３丁目５９-１０ エレガンス東高円寺 101号室,,0,高円寺,高円寺,中野駅,中野駅,1083.0,,,,tag:feature:24h,50,+20(rental=1)|+30(レンタルスタジオ),0,1
24時間使えるレンタルダンススタジオ 東京,条件,S,レンタルスタジオ KeikoBa P,〒154-0004 東京都世田谷区太子堂２丁目３０-５ 地下一階,,0,下北沢,下北沢|三軒茶屋|二子玉川|自由が丘,三軒茶屋駅,三軒茶屋駅,408.0,,,,tag:feature:24h,50,+20(rental=1)|+30(レンタルスタジオ),0,1
24時間使えるレンタルダンススタジオ 東京,条件,S,レンタルスタジオ C-STUDIO,〒190-0022 東京都立川市錦町１丁目１０-２３ 光洋ビル 3F,,0,立川,立川,立川駅,立川駅,635.0,,,,tag:feature:24h,50,+20(rental=1)|+30(レンタルスタジオ),0,1
24時間使えるレンタルダンススタジオ 東京,条件,S,レンタルスタジオ LOOP,〒497-0038 愛知県海部郡蟹江町桜１丁目1,,0,その他,その他,蟹江駅,蟹江駅|近鉄蟹江駅|戸田駅,277.0,,,,tag:feature:24h,50,+20(rental=1)|+30(レンタルスタジオ),0,1
24時間使えるレンタルダンススタジオ 東京,条件,S,レンタルスタジオ REBRI,〒192-0085 東京都八王子市中町７-７ ニシカワビル 5F,,0,八王子,八王子,八王子駅,八王子駅,449.0,,,,tag:feature:24h,50,+20(rental=1)|+30(レンタルスタジオ),0,1
24時間使えるレンタルダンススタジオ 東京,条件,S,レンタルスタジオ Starshine,〒107-0061 東京都港区北青山３丁目５ 9KAZU表参道 202,,0,六本木,六本木|赤坂|麻布|新橋,表参道駅,表参道駅|外苑前駅|原宿駅,76.0,,,,tag:feature:24h,50,+20(rental=1)|+30(レンタルスタジオ),0,1
24時間使えるレンタルダンススタジオ 東京,条件,S,レンタルスタジオ studio agend 浦安・市川,〒272-0138 千葉県市川市南行徳１丁目２０-１ 3F,,0,その他,その他,南行徳駅,南行徳駅|浦安駅|行徳駅,42.0,,,,tag:feature:24h,50,+20(rental=1)|+30(レンタルスタジオ),0,1
24時間使えるレンタルダンススタジオ 東京,条件,S,レンタルスタジオ Studio One,〒114-0031 東京都北区十条仲原１丁目８-２６ 清水ビル,,0,赤羽,赤羽,十条駅,十条駅|東十条駅|王子神谷駅|板橋本町駅|新板橋駅|板橋区役所前駅|赤羽駅|本蓮沼駅|王子駅前駅|板橋駅,245.0,,,,tag:feature:24h,50,+20(rental=1)|+30(レンタルスタジオ),0,1
24時間使えるレンタルダンススタジオ 東京,条件,S,レンタルスタジオ STUDIO ZERO 町田ターミナル口店,〒194-0013 東京都町田市原町田４丁目７-３ 内藤ビル 地下1階B5号室,,0,町田,町田,町田駅,町田駅,265.0,,,,tag:feature:24h,50,+20(rental=1)|+30(レンタルスタジオ),0,1
24時間使えるレンタルダンススタジオ 東京,条件,S,レンタルスタジオ アーマーズピンクドア,〒171-0051 東京都豊島区長崎４丁目９-５ 地下1階 フェイマスショップビル,,0,池袋,池袋|目白|大塚|巣鴨,東長崎駅,東長崎駅|落合南長崎駅|千川駅|椎名町駅|新江古田駅|江古田駅|要町駅|小竹向原駅|中井駅|新桜台駅,98.0,,,,tag:feature:24h,50,+20(rental=1)|+30(レンタルスタジオ),0,1
24時間使えるレンタルダンススタジオ 東京,条件,S,レンタルスタジオ シンデレラドリーム,〒136-0076 東京都江東区南砂２丁目１-８ フッコウビル ４F,,0,豊洲,豊洲,東陽町駅,東陽町駅|南砂町駅|潮見駅|木場駅,264.0,,,,tag:feature:24h,70,+20(rental=1)|+30(レンタルスタジオ)|+20(web),0,1
24時間使えるレンタルダンススタジオ 東京,条件,S,レンタルスタジオ スタジオサイ,〒165-0026 東京都中野区新井１丁目１-５,,0,中野,中野,中野駅,中野駅,594.0,,,,tag:feature:24h,50,+20(rental=1)|+30(レンタルスタジオ),0,1
24時間使えるレンタルダンススタジオ 東京,条件,S,レンタルスタジオ ふわり,〒176-0006 東京都練馬区栄町１５-５ 小林ビル Ａ号室,,0,練馬,練馬,新桜台駅,新桜台駅|桜台駅|江古田駅|新江古田駅|練馬駅|氷川台駅|小竹向原駅|豊島園駅|東長崎駅,354.0,,,,tag:feature:24h,50,+20(rental=1)|+30(レンタルスタジオ),0,1
24時間使えるレンタルダンススタジオ 東京,条件,S,レンタルスタジオ ワンデースタジオ,〒178-0065 東京都練馬区西大泉１ リバーサイド本橋 Ｂ１Ｆ,,0,練馬,練馬,大泉学園駅,大泉学園駅|保谷駅,549.0,,,,tag:feature:24h,50,+20(rental=1)|+30(レンタルスタジオ),0,1
24時間使えるレンタルダンススタジオ 東京,条件,S,BUZZ レンタルスタジオ八王子店,〒192-0082 東京都八王子市東町１１-３ センチュリーステーションビル B1,,0,八王子,八王子,八王子駅,八王子駅,264.0,,,,tag:feature:24h,50,+20(rental=1)|+30(レンタルスタジオ),0,1
24時間使えるレンタルダンススタジオ 東京,条件,S,レンタルスタジオ・レンタルスペース ZEAL STUDIOS,〒105-0004 東京都港区新橋３丁目５-１０ 新三ビル B1F,,0,六本木,六本木|赤坂|麻布|新橋,新橋駅,新橋駅|浜松町駅,347.0,,,,tag:feature:24h,50,+20(rental=1)|+30(レンタルスタジオ),0,1
24時間使えるレンタルダンススタジオ 東京,条件,S,スタジオ カノン 東町店,〒184-0011 東京都八王子市東町２丁目９ ムジカ八王子ビル,,0,八王子,八王子,八王子駅,八王子駅,355.0,,,,tag:feature:24h,20,+20(rental=1),0,1
24時間使えるレンタルダンススタジオ 東京,条件,S,レンタルスタジオ「マナビバ」戸越スタジオ,〒142-0041 東京都品川区戸越２丁目１-３ 丸雄建築ビル 2F,,0,品川,品川|五反田|大井町|目黒,大崎駅,大崎駅,1081.0,,,,tag:feature:24h,50,+20(rental=1)|+30(レンタルスタジオ),0,1
24時間使えるレンタルダンススタジオ 東京,条件,S,レンタルスタジオ/ステップ東村山１号店,〒189-0013 東京都東村山市栄町１丁目３-３２ ビュー久米川 201号室,,0,東村山,東村山,久米川駅,久米川駅|八坂駅|萩山駅|東村山駅|小川駅|小平駅,123.0,,,,tag:feature:24h,50,+20(rental=1)|+30(レンタルスタジオ),0,1
24時間使えるレンタルダンススタジオ 東京,条件,S,レンタルスタジオ/ステップ東村山２号店,〒189-0013 東京都東村山市栄町１丁目10-２３,,0,東村山,東村山,久米川駅,久米川駅|八坂駅|萩山駅|東村山駅|小川駅|小平駅|青梅街道駅|新小平駅,299.0,,,,tag:feature:24h,50,+20(rental=1)|+30(レンタルスタジオ),0,1
24時間使えるレンタルダンススタジオ 東京,条件,S,レンタルスタジオ8 NORTH GATE,〒193-0931 東京都八王子市台町２丁目１１-２１ 2F,,0,八王子,八王子,山田駅,山田駅|西八王子駅|めじろ台駅|京王片倉駅|八王子駅,653.0,,,,tag:feature:24h,50,+20(rental=1)|+30(レンタルスタジオ),0,1
24時間使えるレンタルダンススタジオ 東京,条件,S,レンタルスタジオALOALO,〒110-0016 東京都台東区台東４丁目３１-５ オリオンビル B1,,0,上野,上野|浅草|御徒町|蔵前,上野駅,上野駅|秋葉原駅,717.0,,,,tag:feature:24h,50,+20(rental=1)|+30(レンタルスタジオ),0,1
24時間使えるレンタルダンススタジオ 東京,条件,S,レンタルスタジオART FACTORY淡路店,〒533-0023 大阪府大阪市東淀川区東淡路４丁目１８-８ 東淡路商店街ビル 3F,,0,その他,その他,淡路駅,淡路駅|ＪＲ淡路駅|下新庄駅|崇禅寺駅|東淀川駅|柴島駅|南吹田駅|新大阪駅|東三国駅|上新庄駅,77.0,,,,tag:feature:24h,50,+20(rental=1)|+30(レンタルスタジオ),0,1
24時間使えるレンタルダンススタジオ 東京,条件,S,レンタルスタジオCLI CLI,〒145-0064 東京都大田区上池台１丁目１-１,,0,蒲田,蒲田,長原駅,長原駅|旗の台駅|北千束駅|洗足池駅|荏原町駅|洗足駅|大岡山駅|中延駅|石川台駅|西小山駅,113.0,,,,tag:feature:24h,50,+20(rental=1)|+30(レンタルスタジオ),0,1
24時間使えるレンタルダンススタジオ 東京,条件,S,レンタルスタジオreimei Tachikawa,〒190-0022 東京都立川市錦町２丁目１-３５ Ktd 錦町ビル 2F,,0,立川,立川,立川駅,立川駅,279.0,,,,tag:feature:24h,50,+20(rental=1)|+30(レンタルスタジオ),0,1
24時間使えるレンタルダンススタジオ 東京,条件,S,レンタルスタジオStudioIrodori赤羽橋,〒106-0044 東京都港区東麻布１丁目１８-７ リヴェールハヤシ B1F,,0,六本木,六本木|赤坂|麻布|新橋,麻布十番駅,麻布十番駅|田町駅,749.0,,,,tag:feature:24h,50,+20(rental=1)|+30(レンタルスタジオ),0,1
24時間使えるレンタルダンススタジオ 東京,条件,S,レンタルスタジオStudioIrodori白金高輪店,〒108-0072 東京都港区白金３丁目１-１２ 第2浅野ビル １０１号室,,0,六本木,六本木|赤坂|麻布|新橋,麻布十番駅,麻布十番駅,967.0,,,,tag:feature:24h,50,+20(rental=1)|+30(レンタルスタジオ),0,1
24時間使えるレンタルダンススタジオ 東京,条件,S,レンタルスタジオStudioIrodori麻布十番店,〒106-0045 東京都港区麻布十番１丁目５番１ YKビル 3F,,0,六本木,六本木|赤坂|麻布|新橋,麻布十番駅,麻布十番駅|六本木駅,385.0,,,,tag:feature:24h,50,+20(rental=1)|+30(レンタルスタジオ),0,1
24時間使えるレンタルダンススタジオ 東京,条件,S,レンタルスタジオSunny 池袋3号店,〒170-0013 東京都豊島区東池袋２丁目３９-２ マルミビル 2階 A号室,,0,池袋,池袋|目白|大塚|巣鴨,池袋駅,池袋駅,979.0,,,,tag:feature:24h,50,+20(rental=1)|+30(レンタルスタジオ),0,1
24時間使えるレンタルダンススタジオ 東京,条件,S,レンタルスタジオひより,〒171-0014 東京都豊島区池袋２丁目２３-２３ 白鳥ハイツ 107,,0,池袋,池袋|目白|大塚|巣鴨,池袋駅,池袋駅,694.0,,,,tag:feature:24h,50,+20(rental=1)|+30(レンタルスタジオ),0,1
24時間使えるレンタルダンススタジオ 東京,条件,S,レンタルスタジオ葛西,〒134-0084 東京都江戸川区東葛西５丁目１-１４-２０２,,0,西葛西,西葛西,葛西駅,葛西駅|西葛西駅|浦安駅,100.0,,,,tag:feature:24h,50,+20(rental=1)|+30(レンタルスタジオ),0,1
24時間使えるレンタルダンススタジオ 東京,条件,S,レンタルスタジオ池袋・駒込マイックル,〒114-0015 東京都北区中里２丁目１３-６,,0,赤羽,赤羽,駒込駅,駒込駅|上中里駅|尾久駅|西ケ原駅|田端駅|巣鴨駅|千石駅|梶原駅|荒川車庫前駅|本駒込駅,334.0,,,,tag:feature:24h,50,+20(rental=1)|+30(レンタルスタジオ),0,1
24時間使えるレンタルダンススタジオ 東京,条件,S,レンタルスペース リノスペcamp東京ドーム,〒101-0061 東京都千代田区神田三崎町２丁目１２-５ ニュー千代田ビル 3F-A,,0,秋葉原,秋葉原,水道橋駅,水道橋駅|九段下駅|神保町駅|飯田橋駅|春日駅|後楽園駅|御茶ノ水駅|本郷三丁目駅|新御茶ノ水駅|竹橋駅,167.0,,,,tag:feature:24h,20,+20(rental=1),0,1
24時間使えるレンタルダンススタジオ 東京,条件,S,レンタルスペース・スタジオ,〒145-0074 東京都大田区東嶺町４４-９ 1F・102号室 三松スクエアガーデン,,0,蒲田,蒲田,御嶽山駅,御嶽山駅|久が原駅|雪が谷大塚駅|沼部駅|鵜の木駅|多摩川駅|石川台駅|下丸子駅|千鳥町駅|洗足池駅,61.0,,,,tag:feature:24h,20,+20(rental=1),0,1
24時間使えるレンタルダンススタジオ 東京,条件,S,レンタルリレイション(下馬校),〒985-0835 宮城県多賀城市下馬５丁目１５-２５,,0,その他,その他,下馬駅,下馬駅|塩釜駅|多賀城駅|西塩釜駅,711.0,,,,tag:feature:24h,20,+20(rental=1),0,1
24時間使えるレンタルダンススタジオ 東京,条件,S,レンタル撮影スタジオDOLLY飯田橋1号店,〒102-0072 東京都千代田区飯田橋３丁目６-６ 港屋ビル 2F,,0,秋葉原,秋葉原,飯田橋駅,飯田橋駅|水道橋駅|九段下駅|後楽園駅|牛込神楽坂駅|春日駅|神楽坂駅|神保町駅|本郷三丁目駅|江戸川橋駅,134.0,,,,tag:feature:24h,20,+20(rental=1),0,1
24時間使えるレンタルダンススタジオ 東京,条件,S,ロジスタイルB StudioStyle+,〒160-0023 東京都新宿区西新宿７丁目１５-１４ FONTAINE三須 1F,,0,新宿,新宿|西新宿|高田馬場|新大久保,西武新宿駅,西武新宿駅|新宿駅|新大久保駅,255.0,,,,tag:feature:24h,20,+20(rental=1),0,1
24時間使えるレンタルダンススタジオ 東京,条件,S,ロゼッタスタジオ錦糸町,〒130-0013 東京都墨田区錦糸２丁目１３-１ 堀越第一ビル 5F,,0,錦糸町,錦糸町,錦糸町駅,錦糸町駅,317.0,,,,tag:feature:24h,20,+20(rental=1),0,1
24時間使えるレンタルダンススタジオ 東京,条件,S,ワーサルレンタルスタジオ（Aスタジオ）,〒151-0073 東京都渋谷区笹塚２丁目２５-２ グランド・ガーラ笹塚 B1,,0,渋谷,渋谷|恵比寿|代官山|原宿,笹塚駅,笹塚駅|代田橋駅|方南町駅|新代田駅|明大前駅|東北沢駅|幡ヶ谷駅|下北沢駅|東松原駅|代々木上原駅,386.0,,,,tag:feature:24h,70,+20(rental=1)|+30(レンタルスタジオ)|+20(web),0,1
24時間使えるレンタルダンススタジオ 東京,条件,S,ワーサルレンタルスタジオ（Cスタジオ）,〒156-0041 東京都世田谷区大原２丁目２３-１５ 大原アジアビル 9F,,0,下北沢,下北沢|三軒茶屋|二子玉川|自由が丘,代田橋駅,代田橋駅|笹塚駅|明大前駅|新代田駅|東松原駅|方南町駅|下北沢駅|東北沢駅|世田谷代田駅|幡ヶ谷駅,201.0,,,,tag:feature:24h,70,+20(rental=1)|+30(レンタルスタジオ)|+20(web),0,1
24時間使えるレンタルダンススタジオ 東京,条件,S,レンタルダンススタジオTerrace八王子,〒192-0085 東京都八王子市中町６-６ 店舗（旧 川和ビル 3階,,0,八王子,八王子,八王子駅,八王子駅,412.0,,,,tag:feature:24h,60,+20(rental=1)|+40(レンタルダンス),0,1
24時間使えるレンタルダンススタジオ 東京,条件,S,永福町スタジオ/ライマーラマ:タヒチアンダンススタジオ,〒168-0064 東京都杉並区永福１丁目３９-１４ １階,,0,高円寺,高円寺,永福町駅,永福町駅|西永福駅|下高井戸駅|明大前駅|桜上水駅|代田橋駅|松原駅|浜田山駅|方南町駅|東松原駅,205.0,,,,tag:feature:24h,45,+20(rental=1)|+25(ダンススタジオ),0,1
24時間使えるレンタルダンススタジオ 東京,条件,S,Studio Bis,〒141-0031 東京都品川区西五反田２丁目１０-８ ドルミ五反田ドゥメゾン 3階,,0,品川,品川|五反田|大井町|目黒,五反田駅,五反田駅|目黒駅|大崎駅,246.0,,,,tag:feature:24h,20,+20(rental=1),0,1
24時間使えるレンタルダンススタジオ 東京,条件,S,演劇稽古場ファンファーレレンタルスタジオ高田馬場,〒169-0075 東京都新宿区高田馬場１丁目２１-４ 第５三池ビル B１F,,0,新宿,新宿|西新宿|高田馬場|新大久保,高田馬場駅,高田馬場駅|新大久保駅,337.0,,,,tag:feature:24h,50,+20(rental=1)|+30(レンタルスタジオ),0,1
24時間使えるレンタルダンススタジオ 東京,条件,S,演劇舞台稽古場 ファンファーレレンタルスタジオ代田環七（撮影レンタルスタジオとしても利用可）,〒156-0041 東京都世田谷区大原１丁目２３-１５ 三京ビル ６F,,0,下北沢,下北沢|三軒茶屋|二子玉川|自由が丘,下北沢駅,下北沢駅,949.0,,,,tag:feature:24h,50,+20(rental=1)|+30(レンタルスタジオ),0,1
24時間使えるレンタルダンススタジオ 東京,条件,S,塩野啓子バレエスタジオ,〒186-0003 東京都国立市富士見台４丁目12-１,,0,国立,国立,矢川駅,矢川駅|西国立駅|谷保駅,91.0,,,,tag:feature:24h,20,+20(rental=1),0,1
24時間使えるレンタルダンススタジオ 東京,条件,S,押上SORAスタジオ2,〒131-0045 東京都墨田区押上１丁目２５-５ 西原ビル １階,,0,錦糸町,錦糸町,押上駅,押上駅,389.0,,,,tag:feature:24h,40,+20(rental=1)|+20(web),0,1
24時間使えるレンタルダンススタジオ 東京,条件,S,押上ＳＯＲＡスタジオ4,〒131-0045 東京都墨田区押上１丁目２８-４ 桐生ビル 1Ｆ,,0,錦糸町,錦糸町,押上駅,押上駅,451.0,,,,tag:feature:24h,40,+20(rental=1)|+20(web),0,1
24時間使えるレンタルダンススタジオ 東京,条件,S,押上とうきょうスカイツリーSORAスタジオ,〒131-0045 東京都墨田区押上１丁目１３-１０ ２ 階,,0,錦糸町,錦糸町,押上駅,押上駅,339.0,,,,tag:feature:24h,40,+20(rental=1)|+20(web),0,1
24時間使えるレンタルダンススタジオ 東京,条件,S,王子飛鳥山レンタルスタジオ,〒114-0023 東京都北区滝野川１丁目４-１１ 滝野川1-4-11塚本ビル1階 塚本ビル,,0,赤羽,赤羽,王子駅,王子駅|王子駅前駅|滝野川一丁目駅|西ケ原駅|西ヶ原四丁目駅|上中里駅|梶原駅|西巣鴨駅|新庚申塚駅|荒川車庫前駅,267.0,,,,tag:feature:24h,50,+20(rental=1)|+30(レンタルスタジオ),0,1
24時間使えるレンタルダンススタジオ 東京,条件,S,SHARE TAKANAWA,〒108-0074 東京都港区高輪２丁目１６-３２ 横川ビル ３Ｆ,,0,六本木,六本木|赤坂|麻布|新橋,品川駅,品川駅|田町駅,1037.0,,,,tag:feature:24h,20,+20(rental=1),0,1
24時間使えるレンタルダンススタジオ 東京,条件,S,下北沢 ヴィンテージスタジオ,〒155-0031 東京都世田谷区北沢２丁目２６-５ 伊澤ビル 3F,,0,下北沢,下北沢|三軒茶屋|二子玉川|自由が丘,下北沢駅,下北沢駅,259.0,,,,tag:feature:24h,20,+20(rental=1),0,1
24時間使えるレンタルダンススタジオ 東京,条件,S,加藤みや子ダンススペース ANNEX SENGAWA-FACTORY,〒182-0002 東京都調布市仙川町２丁目１８-２１,,0,調布,調布,仙川駅,仙川駅|つつじヶ丘駅|千歳烏山駅|柴崎駅,271.0,,,,tag:feature:24h,20,+20(rental=1),0,1
24時間使えるレンタルダンススタジオ 東京,条件,S,外苑前アイランドスタジオ,〒150-0001 東京都渋谷区神宮前３丁目１-２５ 神宮前Ikビル 2階,,0,渋谷,渋谷|恵比寿|代官山|原宿,外苑前駅,外苑前駅|表参道駅|青山一丁目駅,322.0,,,,tag:feature:24h,20,+20(rental=1),0,1
24時間使えるレンタルダンススタジオ 東京,条件,S,学園坂スタジオ,〒187-0043 東京都小平市学園東町７-７ 1-7-41 ナカムラ ビル 3F,,0,小平,小平,一橋学園駅,一橋学園駅|青梅街道駅|新小平駅|小平駅|鷹の台駅|萩山駅,239.0,,,,tag:feature:24h,20,+20(rental=1),0,1
24時間使えるレンタルダンススタジオ 東京,条件,S,株式会社Dia Corporation,〒471-0835 愛知県豊田市曙町２丁目16番地 BULS16 101号室,,0,その他,その他,土橋駅,土橋駅|三河豊田駅,162.0,,,,tag:feature:24h,20,+20(rental=1),0,1
24時間使えるレンタルダンススタジオ 東京,条件,S,株式会社expg family,〒153-0043 東京都目黒区東山１丁目２-２ 目黒東山スクエアビル 4F,,0,中目黒,中目黒,池尻大橋駅,池尻大橋駅,886.0,,,,tag:feature:24h,20,+20(rental=1),0,1
24時間使えるレンタルダンススタジオ 東京,条件,S,株式会社ZERO CREATION（Dance Studio FOCUS）,〒166-0003 東京都杉並区高円寺南５丁目３５-１５,,0,高円寺,高円寺,中野駅,中野駅,718.0,,,,tag:feature:24h,45,+20(rental=1)|+25(ダンススタジオ),0,1
24時間使えるレンタルダンススタジオ 東京,条件,S,蒲田COZYレンタルダンススタジオ,〒144-0052 東京都大田区蒲田５丁目６-１２ イワシタビル 2F,,0,蒲田,蒲田,蒲田駅,蒲田駅,257.0,,,,tag:feature:24h,60,+20(rental=1)|+40(レンタルダンス),0,1
24時間使えるレンタルダンススタジオ 東京,条件,S,吉祥寺 レンタルスタジオ LC Rental,〒180-0004 東京都武蔵野市吉祥寺本町１丁目２４-７ 吉祥寺光ビル 6F,,0,吉祥寺,吉祥寺,吉祥寺駅,吉祥寺駅,146.0,,,,tag:feature:24h,70,+20(rental=1)|+30(レンタルスタジオ)|+20(web),0,1
24時間使えるレンタルダンススタジオ 東京,条件,S,吉祥寺 吉すた レンタルスタジオ,〒180-0003 東京都武蔵野市吉祥寺南町２丁目２０-８ Ｋ＆Ｆビル 1Ｆ,,0,吉祥寺,吉祥寺,吉祥寺駅,吉祥寺駅,564.0,,,,tag:feature:24h,50,+20(rental=1)|+30(レンタルスタジオ),0,1
24時間使えるレンタルダンススタジオ 東京,条件,S,吉祥寺 三鷹 モリノスタジオ,〒181-0013 東京都三鷹市下連雀１丁目１７-４ GRATO井の頭公園 2F,,0,三鷹,三鷹,三鷹駅,三鷹駅|吉祥寺駅,923.0,,,,tag:feature:24h,20,+20(rental=1),0,1
24時間使えるレンタルダンススタジオ 東京,条件,S,吉祥寺スタジオ・レダ,〒180-0002 東京都武蔵野市吉祥寺東町１丁目１１-１８ Ｍビル 2F,,0,吉祥寺,吉祥寺,吉祥寺駅,吉祥寺駅,430.0,,,,tag:feature:24h,20,+20(rental=1),0,1
24時間使えるレンタルダンススタジオ 東京,条件,S,吉祥寺ダンスガレージ レンタルスタジオ,〒180-0003 東京都武蔵野市吉祥寺南町２丁目２９-１２ 1F 東伸自動車株式会社ビル,,0,吉祥寺,吉祥寺,吉祥寺駅,吉祥寺駅,599.0,,,,tag:feature:24h,50,+20(rental=1)|+30(レンタルスタジオ),0,1
24時間使えるレンタルダンススタジオ 東京,条件,S,吉祥寺ダンススタジオ【STUDIO55】スタジオゴーゴー,〒180-0004 東京都武蔵野市吉祥寺本町１丁目３３-１０ 丸二ビル,,0,吉祥寺,吉祥寺,吉祥寺駅,吉祥寺駅,410.0,,,,tag:feature:24h,45,+20(rental=1)|+25(ダンススタジオ),0,1
24時間使えるレンタルダンススタジオ 東京,条件,S,吉祥寺レンタルスペース[Studio Amrita WEST],"吉祥寺藤彩ビル B1, ２丁目-１７-１２ 吉祥寺本町 武蔵野市 東京都 180-0004",,0,吉祥寺,吉祥寺,吉祥寺駅,吉祥寺駅,353.0,,,,tag:feature:24h,40,+20(rental=1)|+20(web),0,1
24時間使えるレンタルダンススタジオ 東京,条件,S,宮益坂十間スタジオ,〒150-0002 東京都渋谷区渋谷１丁目１０-７ Ⅲ B1 (受付・Bスタジオ)、北館5F(Aスタジオ 宮益坂Stビル,,0,渋谷,渋谷|恵比寿|代官山|原宿,渋谷駅,渋谷駅|表参道駅|原宿駅,406.0,,,,tag:feature:24h,20,+20(rental=1),0,1
24時間使えるレンタルダンススタジオ 東京,条件,S,宮地楽器 国分寺センター,〒185-0021 東京都国分寺市南町３丁目１２-２ 国分寺宮地ビル,,0,国分寺,国分寺,国分寺駅,国分寺駅,316.0,,,,tag:feature:24h,20,+20(rental=1),0,1
24時間使えるレンタルダンススタジオ 東京,条件,S,GUIDANCE DANCE STUDIO,〒987-0702 宮城県登米市登米町寺池目子待井34,,0,その他,その他,なし,,,,,,tag:feature:24h,45,+20(rental=1)|+25(ダンススタジオ),0,1
24時間使えるレンタルダンススタジオ 東京,条件,S,京橋ララサロン（KYOBASHI LALA SALON）,〒104-0032 東京都中央区八丁堀２丁目１９-６ ヤサカ八丁堀ビルB1,,0,銀座,銀座|日本橋|八丁堀|月島,東京駅,東京駅|有楽町駅,1036.0,,,,tag:feature:24h,20,+20(rental=1),0,1
24時間使えるレンタルダンススタジオ 東京,条件,S,金町 レンタルスタジオ ダンスロッヂ,〒125-0042 東京都葛飾区金町６丁目１２-１３ セザール金町マンション １０１,,0,新小岩,新小岩,京成金町駅,京成金町駅|金町駅|柴又駅,350.0,,,,tag:feature:24h,50,+20(rental=1)|+30(レンタルスタジオ),0,1
24時間使えるレンタルダンススタジオ 東京,条件,S,金町カフェレンタルスタジオ,〒125-0041 東京都葛飾区東金町１丁目３８-４ ニュー金町ビル ４F,,0,新小岩,新小岩,金町駅,金町駅|京成金町駅|柴又駅,175.0,,,,tag:feature:24h,50,+20(rental=1)|+30(レンタルスタジオ),0,1
24時間使えるレンタルダンススタジオ 東京,条件,S,銀座花道スタジオ,〒104-0061 東京都中央区銀座３丁目１４-１８ 小野寺ビル 2F,,0,銀座,銀座|日本橋|八丁堀|月島,有楽町駅,有楽町駅|新橋駅,772.0,,,,tag:feature:24h,20,+20(rental=1),0,1
24時間使えるレンタルダンススタジオ 東京,条件,S,駒沢ダンスガーデン,〒154-0011 東京都世田谷区上馬３丁目７-８,,0,下北沢,下北沢|三軒茶屋|二子玉川|自由が丘,三軒茶屋駅,三軒茶屋駅,1165.0,,,,tag:feature:24h,20,+20(rental=1),0,1
24時間使えるレンタルダンススタジオ 東京,条件,S,恵比寿ガーデンプレイス,〒150-0013 東京都渋谷区恵比寿４丁目２０,,0,渋谷,渋谷|恵比寿|代官山|原宿,恵比寿駅,恵比寿駅|目黒駅,576.0,,,,tag:feature:24h,20,+20(rental=1),0,1
24時間使えるレンタルダンススタジオ 東京,条件,S,恵比寿ヒルサイドスタジオ,〒150-0022 東京都渋谷区恵比寿南２丁目２１-８ 恵比寿ファインヒル B１,,0,渋谷,渋谷|恵比寿|代官山|原宿,恵比寿駅,恵比寿駅|目黒駅,453.0,,,,tag:feature:24h,20,+20(rental=1),0,1
24時間使えるレンタルダンススタジオ 東京,条件,S,原宿MOA,〒151-0051 東京都渋谷区千駄ケ谷３丁目５１-６ 原宿ＭＯＡ ビルM1F,,0,渋谷,渋谷|恵比寿|代官山|原宿,原宿駅,原宿駅|代々木駅|外苑前駅,626.0,,,,tag:feature:24h,20,+20(rental=1),0,1
24時間使えるレンタルダンススタジオ 東京,条件,S,御茶ノ水 おちゃすた レンタルスタジオ,〒101-0052 東京都千代田区神田小川町３丁目１４-２ 漢陽ビル Ｂ1Ｆ,,0,秋葉原,秋葉原,神保町駅,神保町駅|新御茶ノ水駅|御茶ノ水駅|小川町駅|竹橋駅|九段下駅|水道橋駅|神田駅|大手町駅|岩本町駅,305.0,,,,tag:feature:24h,50,+20(rental=1)|+30(レンタルスタジオ),0,1
24時間使えるレンタルダンススタジオ 東京,条件,S,Akimotoレンタルスタジオ,〒153-0051 東京都目黒区上目黒１丁目１６-１１ 秋元ビル,,0,中目黒,中目黒,恵比寿駅,恵比寿駅,1130.0,,,,tag:feature:24h,70,+20(rental=1)|+30(レンタルスタジオ)|+20(web),0,1
24時間使えるレンタルダンススタジオ 東京,条件,S,御茶ノ水 レンタルスタジオ,〒101-0062 東京都千代田区神田駿河台２丁目６-１５ ４Ｆ,,0,秋葉原,秋葉原,秋葉原駅,秋葉原駅,891.0,,,,tag:feature:24h,50,+20(rental=1)|+30(レンタルスタジオ),0,1
24時間使えるレンタルダンススタジオ 東京,条件,S,広尾ピースオブモダンダンススタジオ,〒106-0047 東京都港区南麻布５丁目１３-１２,,0,六本木,六本木|赤坂|麻布|新橋,麻布十番駅,麻布十番駅,1038.0,,,,tag:feature:24h,45,+20(rental=1)|+25(ダンススタジオ),0,1
24時間使えるレンタルダンススタジオ 東京,条件,S,高円寺 フェニックス レンタルスタジオ,〒166-0003 東京都杉並区高円寺南２丁目５３-１,,0,高円寺,高円寺,中野駅,中野駅,1189.0,,,,tag:feature:24h,50,+20(rental=1)|+30(レンタルスタジオ),0,1
24時間使えるレンタルダンススタジオ 東京,条件,S,高円寺・中野レンタルダンススタジオEmotions,〒166-0002 東京都杉並区高円寺北１丁目３-２,,0,高円寺,高円寺,中野駅,中野駅,971.0,,,,tag:feature:24h,60,+20(rental=1)|+40(レンタルダンス),0,1
24時間使えるレンタルダンススタジオ 東京,条件,S,高円寺スタジオ,〒166-0002 東京都杉並区高円寺北２丁目７-７ 地下１階 高円寺名店ビル,,0,高円寺,高円寺,高円寺駅,高円寺駅|新高円寺駅|東高円寺駅|阿佐ヶ谷駅|中野駅|野方駅|南阿佐ケ谷駅|都立家政駅|沼袋駅|新中野駅,147.0,,,,tag:feature:24h,20,+20(rental=1),0,1
24時間使えるレンタルダンススタジオ 東京,条件,S,高円寺フェニックススタジオ,〒166-0003 東京都杉並区５３ 高円寺南2-53-1 FLAT・KOU1階,,0,高円寺,高円寺,中野駅,中野駅,1193.0,,,,tag:feature:24h,20,+20(rental=1),0,1
24時間使えるレンタルダンススタジオ 東京,条件,S,高田馬場 ペガサス,〒171-0033 東京都豊島区高田３丁目１３-８ 吉見ビル 2F,,0,池袋,池袋|目白|大塚|巣鴨,高田馬場駅,高田馬場駅,368.0,,,,tag:feature:24h,20,+20(rental=1),0,1
24時間使えるレンタルダンススタジオ 東京,条件,S,麹町スタジオ,〒102-0093 東京都千代田区平河町１丁目５-１６ アオキスタジオビル,,0,秋葉原,秋葉原,赤坂駅,赤坂駅,1023.0,,,,tag:feature:24h,20,+20(rental=1),0,1
24時間使えるレンタルダンススタジオ 東京,条件,S,国分寺 プレイス レンタルスタジオ,〒185-0021 東京都国分寺市南町３丁目３-２０ ロイヤルプレイス南町 B1,,0,国分寺,国分寺,国分寺駅,国分寺駅,404.0,,,,tag:feature:24h,50,+20(rental=1)|+30(レンタルスタジオ),0,1
24時間使えるレンタルダンススタジオ 東京,条件,S,国立ミュージカルスタジオ,〒186-0002 東京都国立市東１丁目１-１?２９ 第2いちやまハイツ 3F,,0,国立,国立,国立駅,国立駅|西国分寺駅|谷保駅|恋ヶ窪駅,179.0,,,,tag:feature:24h,20,+20(rental=1),0,1
24時間使えるレンタルダンススタジオ 東京,条件,S,佐々木隆子タップダンススタジオ（蒲田本部スタジオ）,〒144-0035 東京都大田区南蒲田３丁目８-３０,,0,蒲田,蒲田,糀谷駅,糀谷駅|京急蒲田駅|雑色駅|蒲田駅|大鳥居駅|梅屋敷駅|蓮沼駅,402.0,,,,tag:feature:24h,45,+20(rental=1)|+25(ダンススタジオ),0,1
24時間使えるレンタルダンススタジオ 東京,条件,S,タイムズ東京タワーサイド第２,〒105-0011 東京都港区芝公園４丁目４,,0,六本木,六本木|赤坂|麻布|新橋,麻布十番駅,麻布十番駅|浜松町駅,954.0,,,,tag:feature:24h,20,+20(rental=1),0,1
24時間使えるレンタルダンススタジオ 東京,条件,S,撮影スタジオ【スタジオトランバネーロ】,〒115-0045 東京都北区赤羽１丁目５１-４ 赤銀ビル 201号,,0,赤羽,赤羽,赤羽駅,赤羽駅,662.0,,,,tag:feature:24h,20,+20(rental=1),0,1
24時間使えるレンタルダンススタジオ 東京,条件,S,三軒茶屋 銀杏の葉 レンタルダンススタジオ,〒154-0004 東京都世田谷区太子堂１丁目４-３３ アークビル 3F,,0,下北沢,下北沢|三軒茶屋|二子玉川|自由が丘,池尻大橋駅,池尻大橋駅|三軒茶屋駅,750.0,,,,tag:feature:24h,60,+20(rental=1)|+40(レンタルダンス),0,1
24時間使えるレンタルダンススタジオ 東京,条件,S,三軒茶屋リーフスタジオ,〒154-0004 東京都世田谷区太子堂３丁目１４-８ 太子堂COMPLEX 3F 300号室,,0,下北沢,下北沢|三軒茶屋|二子玉川|自由が丘,三軒茶屋駅,三軒茶屋駅,385.0,,,,tag:feature:24h,20,+20(rental=1),0,1
24時間使えるレンタルダンススタジオ 東京,条件,S,山田誠ダンススタジオ,〒190-0012 東京都立川市曙町２丁目３２-２ 中山本社ビル,,0,立川,立川,立川駅,立川駅,441.0,,,,tag:feature:24h,45,+20(rental=1)|+25(ダンススタジオ),0,1
24時間使えるレンタルダンススタジオ 東京,条件,S,寺島ゆかりバレエクラス スタジオ マカロン,〒154-0022 東京都世田谷区梅丘１丁目２０-９ 梅ヶ丘プラザ 2F,,0,下北沢,下北沢|三軒茶屋|二子玉川|自由が丘,梅ヶ丘駅,梅ヶ丘駅|豪徳寺駅|世田谷代田駅|山下駅|東松原駅|新代田駅|若林駅|宮の坂駅|松原駅|松陰神社前駅,81.0,,,,tag:feature:24h,20,+20(rental=1),0,1
24時間使えるレンタルダンススタジオ 東京,条件,S,自由が丘 セレナヴィータ レンタルスタジオ,〒152-0035 東京都目黒区自由が丘２丁目３-１２ ２Ｆ－Ｂ セレナヴィータ自由が丘,,0,中目黒,中目黒,自由が丘駅,自由が丘駅,608.0,,,,tag:feature:24h,50,+20(rental=1)|+30(レンタルスタジオ),0,1
24時間使えるレンタルダンススタジオ 東京,条件,S,自由が丘フラスタジオ LAKI ALOHA,〒158-0083 東京都世田谷区奥沢２丁目４５-８,,0,下北沢,下北沢|三軒茶屋|二子玉川|自由が丘,自由が丘駅,自由が丘駅,597.0,,,,tag:feature:24h,20,+20(rental=1),0,1
24時間使えるレンタルダンススタジオ 東京,条件,S,舎人公園 ドッグラン,〒121-0837 東京都足立区舎人公園１,,0,北千住,北千住,舎人公園駅,舎人公園駅|舎人駅|谷在家駅|西新井大師西駅|見沼代親水公園駅|竹ノ塚駅,181.0,,,,tag:feature:24h,20,+20(rental=1),0,1
24時間使えるレンタルダンススタジオ 東京,条件,S,社交ダンススタジオリハーサル,〒208-0023 東京都武蔵村山市伊奈平６丁目２２-４,,0,武蔵村山,武蔵村山,西武立川駅,西武立川駅,1833.0,,,,tag:feature:24h,45,+20(rental=1)|+25(ダンススタジオ),0,1
24時間使えるレンタルダンススタジオ 東京,条件,S,秋葉原スクエアスタジオ,〒111-0053 東京都台東区浅草橋５丁目３-２ 秋葉原スクエアビル 1F,,0,上野,上野|浅草|御徒町|蔵前,秋葉原駅,秋葉原駅|蔵前駅,615.0,,,,tag:feature:24h,20,+20(rental=1),0,1
24時間使えるレンタルダンススタジオ 東京,条件,S,Studio Sun-Sea,〒124-0006 東京都葛飾区堀切４丁目１１-２ 堀学ビル 302号室,,0,新小岩,新小岩,堀切菖蒲園駅,堀切菖蒲園駅|堀切駅|お花茶屋駅|京成関屋駅|牛田駅|綾瀬駅|鐘ケ淵駅|小菅駅|四ツ木駅|北千住駅,89.0,,,,tag:feature:24h,40,+20(rental=1)|+20(web),0,1
24時間使えるレンタルダンススタジオ 東京,条件,S,秋葉原ブルーハス レンタルスタジオ,〒110-0006 東京都台東区秋葉原３-１０ 東京商会秋葉原ビルB1階,,0,上野,上野|浅草|御徒町|蔵前,秋葉原駅,秋葉原駅,393.0,,,,tag:feature:24h,50,+20(rental=1)|+30(レンタルスタジオ),0,1
24時間使えるレンタルダンススタジオ 東京,条件,S,秋葉原レッスンスタジオてらこや,〒101-0025 東京都千代田区神田佐久間町３丁目３１-３,,0,秋葉原,秋葉原,秋葉原駅,秋葉原駅,359.0,,,,tag:feature:24h,20,+20(rental=1),0,1
24時間使えるレンタルダンススタジオ 東京,条件,S,渋谷 EYE CANDY,〒150-0011 東京都渋谷区東１丁目２４-８ トキワマツ72ビル A号,,0,渋谷,渋谷|恵比寿|代官山|原宿,渋谷駅,渋谷駅|恵比寿駅,679.0,,,,tag:feature:24h,20,+20(rental=1),0,1
24時間使えるレンタルダンススタジオ 東京,条件,S,渋谷 レンタルスタジオ スタジオミッション studio mission,〒150-0043 東京都渋谷区道玄坂２丁目２８-５ 2-10F 渋谷道玄坂ビル 秀永,,0,渋谷,渋谷|恵比寿|代官山|原宿,渋谷駅,渋谷駅,403.0,,,,tag:feature:24h,50,+20(rental=1)|+30(レンタルスタジオ),0,1
24時間使えるレンタルダンススタジオ 東京,条件,S,渋谷RIZEスタジオ,〒150-0041 東京都渋谷区神南１丁目１３-４ Idoビル 2階A号室,,0,渋谷,渋谷|恵比寿|代官山|原宿,渋谷駅,渋谷駅|原宿駅|表参道駅,582.0,,,,tag:feature:24h,20,+20(rental=1),0,1
24時間使えるレンタルダンススタジオ 東京,条件,S,渋谷笹塚スタジオ,〒151-0073 東京都渋谷区笹塚１丁目５８-６ マルシンビル6F,,0,渋谷,渋谷|恵比寿|代官山|原宿,笹塚駅,笹塚駅|代田橋駅|幡ヶ谷駅|東北沢駅|方南町駅|新代田駅|代々木上原駅|下北沢駅|明大前駅|東松原駅,126.0,,,,tag:feature:24h,20,+20(rental=1),0,1
24時間使えるレンタルダンススタジオ 東京,条件,S,BUZZ レンタルスタジオ 西日暮里店,〒116-0013 東京都荒川区西日暮里５丁目２４-２ Ｋ．Ｉビル 地下1階,,0,日暮里,日暮里,日暮里駅,日暮里駅,595.0,,,,tag:feature:24h,50,+20(rental=1)|+30(レンタルスタジオ),0,1
24時間使えるレンタルダンススタジオ 東京,条件,S,女性専用フィットネスジム ミットネス 赤坂店,〒107-0052 東京都港区赤坂４丁目３-６ ヒューリック赤坂一ツ木通ビル 3階,,0,六本木,六本木|赤坂|麻布|新橋,赤坂駅,赤坂駅|青山一丁目駅,111.0,,,,tag:feature:24h,20,+20(rental=1),0,1
24時間使えるレンタルダンススタジオ 東京,条件,S,BUZZ竹ノ塚,〒121-0823 東京都足立区伊興３丁目１８-１９ ＮＹビル 3階,https://dance-studio-lab.com/room/Zjk4YThkNDItZDI4OC00MTRlLTg2NDgtYTgxZDUyYjgxMjQ2/detail,1,北千住,北千住,竹ノ塚駅,竹ノ塚駅|舎人公園駅|谷在家駅|大師前駅|舎人駅,295.0,,,,tag:feature:24h,50,+30(dslurl)|+20(rental=1),0,1
24時間使えるレンタルダンススタジオ 東京,条件,S,城北公園前レンタルスタジオ,〒174-0043 東京都板橋区坂下２丁目３１-５ ２F,,0,成増,成増,蓮根駅,蓮根駅|志村三丁目駅|西台駅|浮間舟渡駅|志村坂上駅|高島平駅,255.0,,,,tag:feature:24h,50,+20(rental=1)|+30(レンタルスタジオ),0,1
24時間使えるレンタルダンススタジオ 東京,条件,S,新宿 だんすた レンタルスタジオ,〒160-0023 東京都新宿区西新宿７丁目１３-７ 3F4F タカラビル,,0,新宿,新宿|西新宿|高田馬場|新大久保,西武新宿駅,西武新宿駅|新宿駅|新大久保駅,398.0,,,,tag:feature:24h,50,+20(rental=1)|+30(レンタルスタジオ),0,1
24時間使えるレンタルダンススタジオ 東京,条件,S,新宿 大久保 BMT レンタルスタジオ,〒169-0074 東京都新宿区北新宿１丁目１３-１９ 弘林ビル Ｂ１Ｆ,,0,新宿,新宿|西新宿|高田馬場|新大久保,新大久保駅,新大久保駅|西武新宿駅,614.0,,,,tag:feature:24h,50,+20(rental=1)|+30(レンタルスタジオ),0,1
24時間使えるレンタルダンススタジオ 東京,条件,S,新宿・大久保マイックル,〒169-0073 東京都新宿区百人町１丁目１９-２３,,0,新宿,新宿|西新宿|高田馬場|新大久保,新大久保駅,新大久保駅|西武新宿駅|新宿駅,352.0,,,,tag:feature:24h,20,+20(rental=1),0,1
24時間使えるレンタルダンススタジオ 東京,条件,S,新宿マイスタジオ,〒160-0023 東京都新宿区西新宿７丁目９-１７ ６F・５F・４F 伊藤ビル,,0,新宿,新宿|西新宿|高田馬場|新大久保,西武新宿駅,西武新宿駅|新宿駅|新大久保駅,263.0,,,,tag:feature:24h,20,+20(rental=1),0,1
24時間使えるレンタルダンススタジオ 東京,条件,S,新宿御苑前スタジオ,〒160-0022 東京都新宿区新宿１丁目１３-１２ FIRST bldg 地下1階 FIRST Bldg.,,0,新宿,新宿|西新宿|高田馬場|新大久保,新宿駅,新宿駅|代々木駅,1063.0,,,,tag:feature:24h,20,+20(rental=1),0,1
24時間使えるレンタルダンススタジオ 東京,条件,S,新宿村スタジオ,〒169-0074 東京都新宿区北新宿２丁目１-２,,0,新宿,新宿|西新宿|高田馬場|新大久保,西武新宿駅,西武新宿駅|新大久保駅|新宿駅,1011.0,,,,tag:feature:24h,20,+20(rental=1),0,1
24時間使えるレンタルダンススタジオ 東京,条件,S,神楽坂バレエクラス,〒162-0825 東京都新宿区神楽坂３丁目２,,0,新宿,新宿|西新宿|高田馬場|新大久保,飯田橋駅,飯田橋駅|牛込神楽坂駅|神楽坂駅|江戸川橋駅|水道橋駅|九段下駅|後楽園駅|市ケ谷駅|牛込柳町駅|春日駅,400.0,,,,tag:feature:24h,20,+20(rental=1),0,1
24時間使えるレンタルダンススタジオ 東京,条件,S,杉並だんすアトリウム,〒168-0073 東京都杉並区下高井戸１丁目２-１３ 山口ビル ２Ｆ、３Ｆ,,0,高円寺,高円寺,下高井戸駅,下高井戸駅|松原駅|桜上水駅|明大前駅|永福町駅|西永福駅|東松原駅|山下駅|豪徳寺駅|上北沢駅,94.0,,,,tag:feature:24h,20,+20(rental=1),0,1
24時間使えるレンタルダンススタジオ 東京,条件,S,清瀬のレンタルスタジオ｜ダンススタジオ｜レンタルスタジオ｜レンタルスペース【studio NEW YORK】,〒204-0022 東京都清瀬市松山１丁目１３-２５ 清瀬平塚ビル 2F 山合,,0,清瀬,清瀬,清瀬駅,清瀬駅|東久留米駅,255.0,,,,tag:feature:24h,50,+20(rental=1)|+30(レンタルスタジオ),0,1
24時間使えるレンタルダンススタジオ 東京,条件,S,スタジオＲ,〒110-0001 東京都台東区谷中２丁目８-１２,,0,上野,上野|浅草|御徒町|蔵前,日暮里駅,日暮里駅,757.0,,,,tag:feature:24h,20,+20(rental=1),0,1
24時間使えるレンタルダンススタジオ 東京,条件,S,西荻窪七宝レンタルスペース,〒167-0042 東京都杉並区西荻北３丁目２５-１ 七宝マンション 1階,,0,高円寺,高円寺,西荻窪駅,西荻窪駅|井の頭公園駅|吉祥寺駅|三鷹台駅|久我山駅|荻窪駅,259.0,,,,tag:feature:24h,20,+20(rental=1),0,1
24時間使えるレンタルダンススタジオ 東京,条件,S,西葛西ダンススタジオ mind-blowing,〒134-0088 東京都江戸川区西葛西５丁目６-２０ 小山ビル 4階,,0,西葛西,西葛西,西葛西駅,西葛西駅|葛西駅,140.0,,,,tag:feature:24h,45,+20(rental=1)|+25(ダンススタジオ),0,1
24時間使えるレンタルダンススタジオ 東京,条件,S,スタジオアンダンティーノ,〒114-0014 東京都北区田端５丁目１-１２,,0,赤羽,赤羽,田端駅,田端駅|西日暮里駅|赤土小学校前駅|尾久駅|駒込駅|新三河島駅|千駄木駅|小台駅|日暮里駅|上中里駅,152.0,,,,tag:feature:24h,20,+20(rental=1),0,1
24時間使えるレンタルダンススタジオ 東京,条件,S,西島ダンスアカデミィＫ２,〒150-0022 東京都渋谷区恵比寿南３ １－３－６ ＣＩビル３Ｆ,,0,渋谷,渋谷|恵比寿|代官山|原宿,恵比寿駅,恵比寿駅,215.0,,,,tag:feature:24h,20,+20(rental=1),0,1
24時間使えるレンタルダンススタジオ 東京,条件,S,石原ダンスクラブ 本店,〒160-0004 東京都新宿区四谷１丁目６-１,,0,新宿,新宿|西新宿|高田馬場|新大久保,四ツ谷駅,四ツ谷駅|市ケ谷駅|四谷三丁目駅|麹町駅|曙橋駅|半蔵門駅|信濃町駅|牛込柳町駅|赤坂見附駅|永田町駅,165.0,,,,tag:feature:24h,20,+20(rental=1),0,1
24時間使えるレンタルダンススタジオ 東京,条件,S,赤レンガ・バレエスタジオStudioStyle+,〒169-0073 東京都新宿区百人町１丁目２４-８ 3F,,0,新宿,新宿|西新宿|高田馬場|新大久保,新大久保駅,新大久保駅|西武新宿駅|新宿駅,347.0,,,,tag:feature:24h,20,+20(rental=1),0,1
24時間使えるレンタルダンススタジオ 東京,条件,S,赤レンガ・プレイスタジオStudioStyle+,〒169-0073 東京都新宿区百人町１丁目２４-８ 3F,,0,新宿,新宿|西新宿|高田馬場|新大久保,新大久保駅,新大久保駅|西武新宿駅|新宿駅,346.0,,,,tag:feature:24h,20,+20(rental=1),0,1
24時間使えるレンタルダンススタジオ 東京,条件,S,赤レンガ・ライブスタジオStudioStyle+,〒169-0073 東京都新宿区百人町１丁目２４-８ 1F,,0,新宿,新宿|西新宿|高田馬場|新大久保,新大久保駅,新大久保駅|西武新宿駅|新宿駅,344.0,,,,tag:feature:24h,20,+20(rental=1),0,1
24時間使えるレンタルダンススタジオ 東京,条件,S,赤坂茜山スタジオ,〒107-0052 東京都港区赤坂２丁目２１-１ 川本ビル Ｂ１Ｆ,,0,六本木,六本木|赤坂|麻布|新橋,赤坂駅,赤坂駅|六本木駅,502.0,,,,tag:feature:24h,20,+20(rental=1),0,1
24時間使えるレンタルダンススタジオ 東京,条件,S,仙川 スタジオ 舞仙 レンタルダンススタジオ,〒182-0002 東京都調布市仙川町１丁目１８-２５ 第一富沢ビル 3F,,0,調布,調布,仙川駅,仙川駅|つつじヶ丘駅|千歳烏山駅|柴崎駅,52.0,,,,tag:feature:24h,60,+20(rental=1)|+40(レンタルダンス),0,1
24時間使えるレンタルダンススタジオ 東京,条件,S,浅草スタジオ２２６,〒111-0033 東京都台東区花川戸２丁目２-６ エビスビル 7階,,0,上野,上野|浅草|御徒町|蔵前,浅草駅,浅草駅|押上駅,459.0,,,,tag:feature:24h,20,+20(rental=1),0,1
24時間使えるレンタルダンススタジオ 東京,条件,S,早坂ダンススタジオ,〒180-0003 東京都武蔵野市吉祥寺南町２丁目６-１,,0,吉祥寺,吉祥寺,吉祥寺駅,吉祥寺駅,178.0,,,,tag:feature:24h,45,+20(rental=1)|+25(ダンススタジオ),0,1
24時間使えるレンタルダンススタジオ 東京,条件,S,Starbox,〒135-0016 東京都江東区東陽３丁目２１-１３,,0,豊洲,豊洲,木場駅,木場駅|東陽町駅|潮見駅|門前仲町駅|越中島駅|南砂町駅|清澄白河駅,410.0,,,,tag:feature:24h,20,+20(rental=1),0,1
24時間使えるレンタルダンススタジオ 東京,条件,S,多目的スペース「時々海風が吹くスタジオ」,〒136-0071 東京都江東区亀戸７丁目４３-５,,0,豊洲,豊洲,亀戸水神駅,亀戸水神駅|亀戸駅|大島駅|西大島駅|東あずま駅|平井駅|東大島駅|小村井駅|錦糸町駅|住吉駅,399.0,,,,tag:feature:24h,20,+20(rental=1),0,1
24時間使えるレンタルダンススタジオ 東京,条件,S,多目的貸スタジオ-TSスタジオ,〒174-0056 東京都板橋区志村３丁目１７-２ TSビル 4階,,0,成増,成増,志村三丁目駅,志村三丁目駅|蓮根駅|志村坂上駅|西台駅|上板橋駅|浮間舟渡駅|本蓮沼駅,267.0,,,,tag:feature:24h,20,+20(rental=1),0,1
24時間使えるレンタルダンススタジオ 東京,条件,S,体幹・柔軟性強化&ポールダンス スタジオWeBA（ウィーバ）,〒136-0072 東京都江東区大島５丁目２７-１,,0,豊洲,豊洲,大島駅,大島駅|西大島駅|東大島駅|亀戸駅|亀戸水神駅|住吉駅|南砂町駅,413.0,,,,tag:feature:24h,20,+20(rental=1),0,1
24時間使えるレンタルダンススタジオ 東京,条件,S,貸し会議室 & 全国蕎麦製粉会館【JK Room 駒込】,〒170-0003 東京都豊島区駒込１丁目４０-４ 全国蕎麦製粉協同組合４０１ コンフォート駒込,,0,池袋,池袋|目白|大塚|巣鴨,駒込駅,駒込駅|巣鴨駅|千石駅|田端駅|上中里駅|本駒込駅|西ケ原駅|尾久駅|白山駅|西ヶ原四丁目駅,168.0,,,,tag:feature:24h,20,+20(rental=1),0,1
24時間使えるレンタルダンススタジオ 東京,条件,S,貸スペース 東京レンタルスタジオ,〒125-0061 東京都葛飾区亀有３丁目１３-２ 亀有鞠子ビル4階,,0,新小岩,新小岩,亀有駅,亀有駅|お花茶屋駅,380.0,,,,tag:feature:24h,50,+20(rental=1)|+30(レンタルスタジオ),0,1
24時間使えるレンタルダンススタジオ 東京,条件,S,貸ホールスペース６,〒157-0062 東京都世田谷区南烏山６丁目４-８,,0,下北沢,下北沢|三軒茶屋|二子玉川|自由が丘,千歳烏山駅,千歳烏山駅|芦花公園駅|八幡山駅|仙川駅|富士見ヶ丘駅,100.0,,,,tag:feature:24h,20,+20(rental=1),0,1
24時間使えるレンタルダンススタジオ 東京,条件,S,貸空間スタジオStudioStyle+,〒160-0023 東京都新宿区西新宿７丁目２２-３１ BF 柏木 MURA,,0,新宿,新宿|西新宿|高田馬場|新大久保,西武新宿駅,西武新宿駅|新大久保駅|新宿駅,391.0,,,,tag:feature:24h,20,+20(rental=1),0,1
24時間使えるレンタルダンススタジオ 東京,条件,S,Ohana Room Studio浦安,〒279-0002 千葉県浦安市北栄１丁目１５-５ レクス浦安駅前 ４F,,0,その他,その他,浦安駅,浦安駅|南行徳駅|葛西駅,119.0,,,,tag:feature:24h,20,+20(rental=1),0,1
24時間使えるレンタルダンススタジオ 東京,条件,S,大宮 ラージス レンタルスタジオ,〒330-0846 埼玉県さいたま市大宮区大門町３丁目８２-３ 大和（やまと）ビル3F,,0,その他,その他,大宮駅,大宮駅|北大宮駅|さいたま新都心駅|鉄道博物館駅|大宮公園駅|北与野駅,511.0,,,,tag:feature:24h,50,+20(rental=1)|+30(レンタルスタジオ),0,1
24時間使えるレンタルダンススタジオ 東京,条件,S,大人バレエMiho Ballet Arts下高井戸,〒168-0073 東京都杉並区下高井戸１丁目２-１３ 山口ビル 杉並だんすアトリウム,,0,高円寺,高円寺,下高井戸駅,下高井戸駅|松原駅|桜上水駅|明大前駅|永福町駅|西永福駅|東松原駅|山下駅|豪徳寺駅|上北沢駅,92.0,,,,tag:feature:24h,20,+20(rental=1),0,1
24時間使えるレンタルダンススタジオ 東京,条件,S,大人バレエシェリ 東京銀座スタジオ,〒104-0061 東京都中央区銀座５丁目１４-６ 橋ビルⅡ B1,,0,銀座,銀座|日本橋|八丁堀|月島,有楽町駅,有楽町駅|新橋駅,798.0,,,,tag:feature:24h,20,+20(rental=1),0,1
24時間使えるレンタルダンススタジオ 東京,条件,S,大泉学園ノートル,"練馬区東大泉６丁目ー３４－４５ SKビルⅡ ２階 ３４, ３４ 練馬区 東京都 178-0063",,0,練馬,練馬,大泉学園駅,大泉学園駅|保谷駅|石神井公園駅,159.0,,,,tag:feature:24h,20,+20(rental=1),0,1
24時間使えるレンタルダンススタジオ 東京,条件,S,大谷哲章バレエスタジオアプロン,〒164-0011 東京都中野区中央２丁目８-２１,,0,中野,中野,中野坂上駅,中野坂上駅|東中野駅|西新宿五丁目駅（清水橋）|中野新橋駅|西新宿駅|新中野駅|都庁前駅|大久保駅|落合駅|新宿西口駅,181.0,,,,tag:feature:24h,20,+20(rental=1),0,1
24時間使えるレンタルダンススタジオ 東京,条件,S,第一ホテル東京 フィットネス&アクアゾーン,〒100-0011 東京都千代田区内幸町１丁目５-３ 新幸橋ビルディング ビル内,,0,秋葉原,秋葉原,新橋駅,新橋駅|有楽町駅,357.0,,,,tag:feature:24h,20,+20(rental=1),0,1
24時間使えるレンタルダンススタジオ 東京,条件,S,池袋 MIB,〒171-0014 東京都豊島区池袋２丁目６８-９ ＭＩＢ 1-2-3F,,0,池袋,池袋|目白|大塚|巣鴨,池袋駅,池袋駅,763.0,,,,tag:feature:24h,20,+20(rental=1),0,1
24時間使えるレンタルダンススタジオ 東京,条件,S,池袋 ミント,〒170-0014 東京都豊島区池袋１丁目８-５ 池袋MINTORONビルB1F,,0,池袋,池袋|目白|大塚|巣鴨,池袋駅,池袋駅,795.0,,,,tag:feature:24h,20,+20(rental=1),0,1
24時間使えるレンタルダンススタジオ 東京,条件,S,池袋ルピナス,〒170-0013 東京都豊島区東池袋１丁目３１-２ ルピナス池袋102,,0,池袋,池袋|目白|大塚|巣鴨,池袋駅,池袋駅,619.0,,,,tag:feature:24h,20,+20(rental=1),0,1
24時間使えるレンタルダンススタジオ 東京,条件,S,池袋レンタルスタジオ Studio M Ikebukuro Tokyo,〒171-0014 東京都豊島区池袋２丁目５３-３ スクエア21 １Ｆ,,0,池袋,池袋|目白|大塚|巣鴨,池袋駅,池袋駅,561.0,,,,tag:feature:24h,50,+20(rental=1)|+30(レンタルスタジオ),0,1
24時間使えるレンタルダンススタジオ 東京,条件,S,池田山ノブレスレンタルスタジオ（五反田駅）,〒141-0022 東京都品川区東五反田５丁目２４-７ ノブレス池田山 B1階,,0,品川,品川|五反田|大井町|目黒,五反田駅,五反田駅|大崎駅|目黒駅,120.0,,,,tag:feature:24h,50,+20(rental=1)|+30(レンタルスタジオ),0,1
24時間使えるレンタルダンススタジオ 東京,条件,S,中目黒 すわ山 レンタルスタジオ,〒153-0051 東京都目黒区上目黒２丁目４７-１ 司ビル 2F-B,,0,中目黒,中目黒,中目黒駅,中目黒駅|祐天寺駅|代官山駅|池尻大橋駅|恵比寿駅|学芸大学駅|神泉駅|渋谷駅,412.0,,,,tag:feature:24h,50,+20(rental=1)|+30(レンタルスタジオ),0,1
24時間使えるレンタルダンススタジオ 東京,条件,S,中目黒 ブロードウェイレンタルスタジオ,〒153-0051 東京都目黒区上目黒１丁目５-１０ 中目黒マンション Ｂ15号室,,0,中目黒,中目黒,恵比寿駅,恵比寿駅,888.0,,,,tag:feature:24h,50,+20(rental=1)|+30(レンタルスタジオ),0,1
24時間使えるレンタルダンススタジオ 東京,条件,S,中野 ガーデン レンタルスタジオ,〒165-0026 東京都中野区新井１丁目１２-５ ＮＳフラッツ B1階,,0,中野,中野,中野駅,中野駅,581.0,,,,tag:feature:24h,50,+20(rental=1)|+30(レンタルスタジオ),0,1
24時間使えるレンタルダンススタジオ 東京,条件,S,中野ロフトスタジオ～nakano f～,〒164-0001 東京都中野区中野５丁目４６-１０,,0,中野,中野,中野駅,中野駅,294.0,,,,tag:feature:24h,20,+20(rental=1),0,1
24時間使えるレンタルダンススタジオ 東京,条件,S,長谷川政義ダンスワールド,〒116-0013 東京都荒川区西日暮里６丁目４７-８ サンライズ21 2F,,0,日暮里,日暮里,日暮里駅,日暮里駅,926.0,,,,tag:feature:24h,20,+20(rental=1),0,1
24時間使えるレンタルダンススタジオ 東京,条件,S,天空MURAダンススタジオStudioStyle+,〒160-0023 東京都新宿区西新宿６丁目１２-１６,,0,新宿,新宿|西新宿|高田馬場|新大久保,新宿駅,新宿駅|西武新宿駅,1079.0,,,,tag:feature:24h,45,+20(rental=1)|+25(ダンススタジオ),0,1
24時間使えるレンタルダンススタジオ 東京,条件,S,天空MURAミドルスタジオStudioStyle+,〒160-0023 東京都新宿区西新宿６丁目１２-１６ 天空ＭＵＲＡ一号館,,0,新宿,新宿|西新宿|高田馬場|新大久保,新宿駅,新宿駅|西武新宿駅,1079.0,,,,tag:feature:24h,20,+20(rental=1),0,1
24時間使えるレンタルダンススタジオ 東京,条件,S,渡辺雅子フラメンコラコンチャ,〒160-0022 東京都新宿区新宿２丁目１-３ 1F,,0,新宿,新宿|西新宿|高田馬場|新大久保,新宿駅,新宿駅|代々木駅|西武新宿駅,868.0,,,,tag:feature:24h,20,+20(rental=1),0,1
24時間使えるレンタルダンススタジオ 東京,条件,S,島村楽器 イオンモール札幌平岡店,〒004-0873 北海道札幌市清田区平岡３条５丁目３-１ イオンモール札幌平岡 2F,,0,その他,その他,なし,,,,,,tag:feature:24h,20,+20(rental=1),0,1
24時間使えるレンタルダンススタジオ 東京,条件,S,東久留米駅前ダンススタジオテレマーク,〒203-0014 東京都東久留米市東本町２-６ 2階,,0,東久留米,東久留米,東久留米駅,東久留米駅|ひばりヶ丘駅|清瀬駅,95.0,,,,tag:feature:24h,45,+20(rental=1)|+25(ダンススタジオ),0,1
24時間使えるレンタルダンススタジオ 東京,条件,S,東急スポーツオアシス 青山,"〒107-0061 東京都港区北青山２丁目８-４４, Tepia, B2F",,0,六本木,六本木|赤坂|麻布|新橋,外苑前駅,外苑前駅|青山一丁目駅|表参道駅,332.0,,,,tag:feature:24h,20,+20(rental=1),0,1
24時間使えるレンタルダンススタジオ 東京,条件,S,東急スポーツオアシス聖路加ガーデン,〒104-0044 東京都中央区明石町８ 聖路加タワ B2F,,0,銀座,銀座|日本橋|八丁堀|月島,築地駅,築地駅|月島駅|新富町駅|八丁堀駅|勝どき駅|東銀座駅|築地市場駅|宝町駅|京橋駅|銀座一丁目駅,559.0,,,,tag:feature:24h,20,+20(rental=1),0,1
24時間使えるレンタルダンススタジオ 東京,条件,S,東急スポーツオアシス雪谷24Plus,〒145-0073 東京都大田区北嶺町４３-１８,,0,蒲田,蒲田,御嶽山駅,御嶽山駅|雪が谷大塚駅|沼部駅|多摩川駅|久が原駅|石川台駅|鵜の木駅|田園調布駅|新丸子駅|洗足池駅,410.0,,,,tag:feature:24h,20,+20(rental=1),0,1
24時間使えるレンタルダンススタジオ 東京,条件,S,東京ステップス・アーツ アニメダンス池袋校,〒192-0082 東京都豊島区東池袋１丁目２２-５ サンケェビル６F,,0,池袋,池袋|目白|大塚|巣鴨,池袋駅,池袋駅,475.0,,,,tag:feature:24h,20,+20(rental=1),0,1
24時間使えるレンタルダンススタジオ 東京,条件,S,東京タワーメディアセンター,〒105-0011 東京都港区芝公園４丁目４-７ 東京タワーメディアセンタ 3F,,0,六本木,六本木|赤坂|麻布|新橋,麻布十番駅,麻布十番駅|浜松町駅,992.0,,,,tag:feature:24h,20,+20(rental=1),0,1
24時間使えるレンタルダンススタジオ 東京,条件,S,スタジオ イリス,,,0,その他,その他,なし,,,,,,tag:feature:24h,20,+20(rental=1),0,1
24時間使えるレンタルダンススタジオ 東京,条件,S,東京バレエ劇場,〒169-0073 東京都新宿区百人町１丁目１６-４,,0,新宿,新宿|西新宿|高田馬場|新大久保,新大久保駅,新大久保駅|西武新宿駅|新宿駅,211.0,,,,tag:feature:24h,20,+20(rental=1),0,1
24時間使えるレンタルダンススタジオ 東京,条件,S,二子玉川レンタルスタジオ M?ni Frey,〒158-0094 東京都世田谷区玉川１丁目６-８ シティコープ玉川 202,,0,下北沢,下北沢|三軒茶屋|二子玉川|自由が丘,二子玉川駅,二子玉川駅|二子新地駅|上野毛駅|高津駅|等々力駅|用賀駅|溝の口駅|武蔵溝ノ口駅,248.0,,,,tag:feature:24h,50,+20(rental=1)|+30(レンタルスタジオ),0,1
24時間使えるレンタルダンススタジオ 東京,条件,S,日本橋PACMAN（ニホンバシパックマン）,〒103-0021 東京都中央区日本橋本石町４丁目５-５ 藤ビル 地下1階,,0,銀座,銀座|日本橋|八丁堀|月島,東京駅,東京駅|秋葉原駅,921.0,,,,tag:feature:24h,20,+20(rental=1),0,1
24時間使えるレンタルダンススタジオ 東京,条件,S,日本橋バレエ＆ダンススタジオ Studio LULL,〒101-0047 東京都千代田区内神田２丁目８-３ 新東ビル 2階,,0,秋葉原,秋葉原,秋葉原駅,秋葉原駅|東京駅,1033.0,,,,tag:feature:24h,45,+20(rental=1)|+25(ダンススタジオ),0,1
24時間使えるレンタルダンススタジオ 東京,条件,S,梅屋敷スタジオ５０１,〒144-0052 東京都大田区蒲田２丁目２２-１３,,0,蒲田,蒲田,蒲田駅,蒲田駅,956.0,,,,tag:feature:24h,20,+20(rental=1),0,1
24時間使えるレンタルダンススタジオ 東京,条件,S,白樺ドレス,〒116-0013 東京都荒川区西日暮里５丁目１４-１ 太陽ビル 2F,,0,日暮里,日暮里,日暮里駅,日暮里駅,603.0,,,,tag:feature:24h,20,+20(rental=1),0,1
24時間使えるレンタルダンススタジオ 東京,条件,S,白金台恵比寿ミュージックスタジオ,〒108-0071 東京都港区白金台５丁目２-５ 502,,0,六本木,六本木|赤坂|麻布|新橋,目黒駅,目黒駅|恵比寿駅,1050.0,,,,tag:feature:24h,20,+20(rental=1),0,1
24時間使えるレンタルダンススタジオ 東京,条件,S,八王子フラスタジオ Mauna leo（マウナレオ）,〒192-0046 東京都八王子市明神町２丁目10-１０ 3階,,0,八王子,八王子,八王子駅,八王子駅,907.0,,,,tag:feature:24h,20,+20(rental=1),0,1
24時間使えるレンタルダンススタジオ 東京,条件,S,バーミリオン フェニックス チアダンス スタジオ,〒176-0023 東京都練馬区中村北１丁目５-９ 第二永崎ビル,,0,練馬,練馬,練馬駅,練馬駅|豊島園駅|中村橋駅|桜台駅|都立家政駅|鷺ノ宮駅|野方駅|富士見台駅|新桜台駅|新江古田駅,512.0,,,,tag:feature:24h,20,+20(rental=1),0,1
24時間使えるレンタルダンススタジオ 東京,条件,S,表参道レンタルスタジオ スタジオ ティノラス,〒107-0062 東京都港区南青山５丁目１３-９,,0,六本木,六本木|赤坂|麻布|新橋,表参道駅,表参道駅|外苑前駅|渋谷駅,491.0,,,,tag:feature:24h,50,+20(rental=1)|+30(レンタルスタジオ),0,1
24時間使えるレンタルダンススタジオ 東京,条件,S,富田雅美バレエ＆ダンスユニット,〒182-0024 東京都調布市布田１丁目２９-２ ビルディング川口 B1,,0,調布,調布,調布駅,調布駅,200.0,,,,tag:feature:24h,20,+20(rental=1),0,1
24時間使えるレンタルダンススタジオ 東京,条件,S,舞空間ばくdance studio,〒134-0083 東京都江戸川区中葛西中葛西５丁目３４-７ 昭 産 ビル ７F,,0,西葛西,西葛西,葛西駅,葛西駅|西葛西駅|浦安駅,70.0,,,,tag:feature:24h,45,+20(rental=1)|+25(ダンススタジオ),0,1
24時間使えるレンタルダンススタジオ 東京,条件,S,望月愛生バレエスタジオ,〒146-0084 東京都大田区南久が原２丁目７-６ 横川ビル 1階,,0,蒲田,蒲田,久が原駅,久が原駅|鵜の木駅|御嶽山駅|千鳥町駅|下丸子駅|沼部駅|武蔵新田駅|雪が谷大塚駅|池上駅|向河原駅,44.0,,,,tag:feature:24h,20,+20(rental=1),0,1
24時間使えるレンタルダンススタジオ 東京,条件,S,名古屋レンタルスタジオPovit,〒453-0015 愛知県名古屋市中村区椿町２２-１ 第二カニエビル 3F,,0,その他,その他,名古屋駅,名古屋駅|名鉄名古屋駅|近鉄名古屋駅|太閤通駅|米野駅|ささしまライブ駅|国際センター駅|亀島駅|黄金駅|本陣駅,404.0,,,,tag:feature:24h,50,+20(rental=1)|+30(レンタルスタジオ),0,1
24時間使えるレンタルダンススタジオ 東京,条件,S,名古屋今池 NY 9st. Studio ｜ニューヨークナインストリートスタジオ,〒464-0077 愛知県名古屋市千種区神田町３２-１３,,0,その他,その他,今池駅,今池駅|千種駅|車道駅|池下駅|覚王山駅|吹上駅|新栄町駅|森下駅|ナゴヤドーム前矢田駅|大曽根駅,501.0,,,,tag:feature:24h,20,+20(rental=1),0,1
24時間使えるレンタルダンススタジオ 東京,条件,S,明治座森下スタジオ,〒135-0004 東京都江東区森下３丁目６-５,,0,豊洲,豊洲,森下駅,森下駅|菊川駅|清澄白河駅|両国駅|浜町駅|住吉駅|錦糸町駅|水天宮前駅|東日本橋駅|馬喰横山駅,307.0,,,,tag:feature:24h,20,+20(rental=1),0,1
24時間使えるレンタルダンススタジオ 東京,条件,S,目白の杜studio,〒161-0033 東京都新宿区下落合３丁目２０-１１,,0,新宿,新宿|西新宿|高田馬場|新大久保,池袋駅,池袋駅,990.0,,,,tag:feature:24h,20,+20(rental=1),0,1
24時間使えるレンタルダンススタジオ 東京,条件,S,祐天寺 キッズダンス！ Navilla Dance School,〒153-0052 東京都目黒区祐天寺２丁目１５-１６,,0,中目黒,中目黒,学芸大学駅,学芸大学駅,940.0,,,,tag:feature:24h,20,+20(rental=1),0,1
24時間使えるレンタルダンススタジオ 東京,条件,S,溶岩ホットヨガ LaLa Aasha（ララアーシャ）学芸大学,〒152-0004 東京都目黒区鷹番２丁目２０-６ Kh.01 3F,,0,中目黒,中目黒,学芸大学駅,学芸大学駅,154.0,,,,tag:feature:24h,20,+20(rental=1),0,1
24時間使えるレンタルダンススタジオ 東京,条件,S,練馬 RB レンタルスタジオ,〒176-0023 東京都練馬区中村北１丁目５-９ 第二永崎ビル 4階,,0,練馬,練馬,練馬駅,練馬駅|豊島園駅|中村橋駅|桜台駅|都立家政駅|鷺ノ宮駅|野方駅|富士見台駅|新桜台駅|新江古田駅,513.0,,,,tag:feature:24h,50,+20(rental=1)|+30(レンタルスタジオ),0,1
24時間使えるレンタルダンススタジオ 東京,条件,S,六本木 フォルトゥーナ,〒106-0032 東京都港区六本木７丁目１２-２３ フォルトゥーナビル 3A,,0,六本木,六本木|赤坂|麻布|新橋,六本木駅,六本木駅|青山一丁目駅|麻布十番駅,236.0,,,,tag:feature:24h,20,+20(rental=1),0,1
24時間使えるレンタルダンススタジオ 東京,条件,S,六本木 レンタルスタジオ 十五夜,〒106-0032 東京都港区六本木５丁目１０-３２ 第一アイトービル別館2F,,0,六本木,六本木|赤坂|麻布|新橋,六本木駅,六本木駅|麻布十番駅,303.0,,,,tag:feature:24h,50,+20(rental=1)|+30(レンタルスタジオ),0,1
24時間使えるレンタルダンススタジオ 東京,条件,S,茗荷谷ダンスプラザ,〒112-0002 東京都文京区小石川５丁目２-２ わかさビルB1,,0,後楽園,後楽園,茗荷谷駅,茗荷谷駅|江戸川橋駅|護国寺駅|白山駅|新大塚駅|千石駅|後楽園駅|神楽坂駅|春日駅|本駒込駅,274.0,,,,tag:feature:24h,20,+20(rental=1),0,1
24時間使えるレンタルダンススタジオ 東京,条件,S,#ERROR!,〒136-0075 東京都江東区新砂３丁目４-３１ ＳＵＮＡＭＯ4Ｆ 南砂町ショッピングセンタ,,0,豊洲,豊洲,南砂町駅,南砂町駅|東陽町駅|潮見駅,599.0,,,,tag:feature:24h,20,+20(rental=1),0,1
24時間使えるレンタルダンススタジオ 東京,条件,S,BUZZ渋谷TOWER,東京都渋谷区東2-27-9],https://dance-studio-lab.com/room/YWZmOTdhZGMtMjk1MC00ODljLWE2YWUtMDRjMGM5NTIxZTg2/detail,1,渋谷,渋谷|恵比寿|代官山|原宿,渋谷駅,渋谷駅,437.0,,,,tag:feature:24h,50,+30(dslurl)|+20(rental=1),0,1
駅近のレンタルダンススタジオ 東京,条件,S,レンタルスタジオswamp西新宿,〒160-0023 東京都新宿区西新宿５丁目２１-５ ＢＩＴ西新宿 B01号室,,0,新宿,新宿|西新宿|高田馬場|新大久保,西新宿五丁目駅（清水橋）,西新宿五丁目駅（清水橋）|中野坂上駅|都庁前駅|西新宿駅|中野新橋駅|初台駅|新宿西口駅|新中野駅|西武新宿駅|新宿駅,264.0,,,,駅近(≤500m),50,+20(rental=1)|+30(レンタルスタジオ),0,1
駅近のレンタルダンススタジオ 東京,条件,S,ソニズレンタルスタジオ新宿店,〒160-0023 東京都新宿区西新宿７丁目２２-３１ 柏木 MURA B1F,,0,新宿,新宿|西新宿|高田馬場|新大久保,西武新宿駅,西武新宿駅|新大久保駅|新宿駅,375.0,,,,駅近(≤500m),50,+20(rental=1)|+30(レンタルスタジオ),0,1
駅近のレンタルダンススタジオ 東京,条件,S,BUZZ新宿,〒160-0023 東京都新宿区西新宿７丁目１６-４ Concierge高橋 BF 地下1階,https://dance-studio-lab.com/room/NThmODMwMDctZjkyNi00ZTE3LTgwNjQtMDRmOGIwMmQ5ZTRi/detail,1,新宿,新宿|西新宿|高田馬場|新大久保,西武新宿駅,西武新宿駅|新宿駅|新大久保駅,298.0,,,,駅近(≤500m),50,+30(dslurl)|+20(rental=1),0,1
駅近のレンタルダンススタジオ 東京,条件,S,レンタルダンススタジオ LANDstudio 新宿店,〒169-0073 東京都新宿区百人町１丁目２２-１９ 筒井ビル B1F,,0,新宿,新宿|西新宿|高田馬場|新大久保,新大久保駅,新大久保駅|西武新宿駅|新宿駅,276.0,,,,駅近(≤500m),60,+20(rental=1)|+40(レンタルダンス),0,1
駅近のレンタルダンススタジオ 東京,条件,S,BUZZ レンタルスタジオ新宿コンシェルジュ店,〒160-0023 東京都新宿区西新宿７丁目１６-４ Concierge高橋 BF 地下 一階,https://dance-studio-lab.com/room/OGUzNmE0NzUtZDU1NS00ZjIyLTg4OGItNDYyOWI2YzkzOTA0/detail,1,新宿,新宿|西新宿|高田馬場|新大久保,西武新宿駅,西武新宿駅|新宿駅|新大久保駅,292.0,,,,駅近(≤500m),80,+30(dslurl)|+20(rental=1)|+30(レンタルスタジオ),0,1
駅近のレンタルダンススタジオ 東京,条件,S,BUZZ レンタルスタジオ 新宿ハウス店,〒160-0023 東京都新宿区西新宿７丁目１６-１,https://dance-studio-lab.com/room/MWYzNmNhZGMtMWZiNi00MjBiLWJjNzMtZmFmNjAxYmQ5MjA3/detail,1,新宿,新宿|西新宿|高田馬場|新大久保,西武新宿駅,西武新宿駅|新宿駅|新大久保駅,276.0,,,,駅近(≤500m),80,+30(dslurl)|+20(rental=1)|+30(レンタルスタジオ),0,1
駅近のレンタルダンススタジオ 東京,条件,S,㈱Tera-coya,〒101-0025 東京都千代田区神田佐久間町３丁目３１-３,,0,秋葉原,秋葉原,秋葉原駅,秋葉原駅,359.0,,,,駅近(≤500m),20,+20(rental=1),0,1
駅近のレンタルダンススタジオ 東京,条件,S,ラシーヌスタジオ,〒160-0004 東京都新宿区四谷４丁目２５-１３ 濱庄ビル B101,,0,新宿,新宿|西新宿|高田馬場|新大久保,四谷三丁目駅,四谷三丁目駅|曙橋駅|新宿御苑前駅|四ツ谷駅|若松河田駅|信濃町駅|牛込柳町駅|国立競技場駅|千駄ケ谷駅|新宿三丁目駅,229.0,,,,駅近(≤500m),20,+20(rental=1),0,1
駅近のレンタルダンススタジオ 東京,条件,S,Ohana Room Studio新宿,〒162-0801 東京都新宿区山吹町３４４ LOGビル 2F,,0,新宿,新宿|西新宿|高田馬場|新大久保,江戸川橋駅,江戸川橋駅|神楽坂駅|早稲田駅|牛込神楽坂駅|牛込柳町駅|茗荷谷駅|護国寺駅|飯田橋駅|若松河田駅|面影橋駅,281.0,,,,駅近(≤500m),20,+20(rental=1),0,1
駅近のレンタルダンススタジオ 東京,条件,S,㈱フラオリタヒチ,〒140-0013 東京都品川区南大井３丁目２０-１１ 伊藤ビル 201,,0,品川,品川|五反田|大井町|目黒,大森海岸駅,大森海岸駅|大森駅|平和島駅|立会川駅|流通センター駅|大森町駅|西大井駅|鮫洲駅,108.0,,,,駅近(≤500m),20,+20(rental=1),0,1
駅近のレンタルダンススタジオ 東京,条件,S,[吉祥寺ダンススタジオ] Studio Amrita NORTH,〒180-0004 東京都武蔵野市吉祥寺本町２丁目５-１０ いちご吉祥寺ビル B1,,0,吉祥寺,吉祥寺,吉祥寺駅,吉祥寺駅,436.0,,,,駅近(≤500m),65,+20(rental=1)|+25(ダンススタジオ)|+20(web),0,1
駅近のレンタルダンススタジオ 東京,条件,S,BUZZ レンタルスタジオ新宿4丁目店,〒160-0022 東京都新宿区新宿４丁目２-２１ 相模ビル B1F,,0,新宿,新宿|西新宿|高田馬場|新大久保,新宿駅,新宿駅|代々木駅|西武新宿駅,355.0,,,,駅近(≤500m),50,+20(rental=1)|+30(レンタルスタジオ),0,1
駅近のレンタルダンススタジオ 東京,条件,S,【福岡校】YKAダンススタジオ,〒812-0023 福岡県福岡市博多区奈良屋町１-１８ ハードビル 3階,,0,その他,その他,呉服町駅,呉服町駅|中洲川端駅|千代県庁口駅|櫛田神社前駅|祇園駅|天神駅|天神南駅|西鉄福岡（天神）駅|博多駅|渡辺通駅,294.0,,,,駅近(≤500m),45,+20(rental=1)|+25(ダンススタジオ),0,1
駅近のレンタルダンススタジオ 東京,条件,S,ENCE Rental Studio 四谷三丁目【新宿エリアのレンタルスタジオ】,〒160-0017 東京都新宿区左門町１-１７ アパルトマン 四谷 102,,0,新宿,新宿|西新宿|高田馬場|新大久保,四谷三丁目駅,四谷三丁目駅|曙橋駅|四ツ谷駅|信濃町駅|新宿御苑前駅|国立競技場駅|千駄ケ谷駅|市ケ谷駅|若松河田駅|麹町駅,109.0,,,,駅近(≤500m),70,+20(rental=1)|+30(レンタルスタジオ)|+20(web),0,1
駅近のレンタルダンススタジオ 東京,条件,S,BUZZ レンタルスタジオ 代々木店,〒151-0053 東京都渋谷区代々木１丁目３６-１ ミユキビル B1F,,0,渋谷,渋谷|恵比寿|代官山|原宿,代々木駅,代々木駅|新宿駅,148.0,,,,駅近(≤500m),50,+20(rental=1)|+30(レンタルスタジオ),0,1
駅近のレンタルダンススタジオ 東京,条件,S,?JDS 自由が丘のレンタルスタジオ,〒152-0035 東京都目黒区自由が丘１丁目３-２２ JSDスタジオ,,0,中目黒,中目黒,自由が丘駅,自由が丘駅,278.0,,,,駅近(≤500m),50,+20(rental=1)|+30(レンタルスタジオ),0,1
駅近のレンタルダンススタジオ 東京,条件,S,A-KIDS DANCE STUDIO,〒191-0011 東京都日野市日野本町４丁目５-５ ＨＳビル 2F,,0,日野,日野,日野駅,日野駅,178.0,,,,駅近(≤500m),45,+20(rental=1)|+25(ダンススタジオ),0,1
駅近のレンタルダンススタジオ 東京,条件,S,A.K.バレエスタジオ,〒201-0013 東京都狛江市元和泉１丁目２-１ 貸スタジオノタリーノ2F HOPOホール,,0,狛江,狛江,狛江駅,狛江駅|和泉多摩川駅|喜多見駅|登戸駅,127.0,,,,駅近(≤500m),20,+20(rental=1),0,1
駅近のレンタルダンススタジオ 東京,条件,S,すむぞう 代々木スタジオ,〒151-0053 東京都渋谷区代々木１丁目４５-７ C's YOYOGI 4F,,0,渋谷,渋谷|恵比寿|代官山|原宿,代々木駅,代々木駅|新宿駅,392.0,,,,駅近(≤500m),20,+20(rental=1),0,1
駅近のレンタルダンススタジオ 東京,条件,S,DL Studio,〒151-0053 東京都渋谷区代々木１丁目４５-４ 地下2階 代々木山陽ビル,,0,渋谷,渋谷|恵比寿|代官山|原宿,代々木駅,代々木駅|新宿駅,356.0,,,,駅近(≤500m),20,+20(rental=1),0,1
駅近のレンタルダンススタジオ 東京,条件,S,AAPA 日の出町団地スタジオ,〒120-0021 東京都足立区日ノ出町２７ 日の出町団地１号棟 １０３,,0,北千住,北千住,北千住駅,北千住駅,287.0,,,,駅近(≤500m),20,+20(rental=1),0,1
駅近のレンタルダンススタジオ 東京,条件,S,studio SLASH,〒151-0064 東京都渋谷区上原１丁目２１-１０ B1,,0,渋谷,渋谷|恵比寿|代官山|原宿,代々木上原駅,代々木上原駅|代々木八幡駅|代々木公園駅|東北沢駅|駒場東大前駅|幡ヶ谷駅|池ノ上駅|初台駅|笹塚駅|参宮橋駅,264.0,,,,駅近(≤500m),20,+20(rental=1),0,1
駅近のレンタルダンススタジオ 東京,条件,S,ABC明大前スタ,〒156-0043 東京都世田谷区松原１丁目２４-１１,,0,下北沢,下北沢|三軒茶屋|二子玉川|自由が丘,明大前駅,明大前駅|東松原駅|新代田駅|代田橋駅|下高井戸駅|梅ヶ丘駅|松原駅|世田谷代田駅|下北沢駅|豪徳寺駅,370.0,,,,駅近(≤500m),20,+20(rental=1),0,1
駅近のレンタルダンススタジオ 東京,条件,S,ACFit 赤坂見附スタジオ,〒107-0052 東京都港区赤坂３丁目４-３ 赤坂マカベビル B1F,,0,六本木,六本木|赤坂|麻布|新橋,赤坂駅,赤坂駅,160.0,,,,駅近(≤500m),20,+20(rental=1),0,1
駅近のレンタルダンススタジオ 東京,条件,S,ALOK DANCE DORAMA COMPANY,〒169-0073 東京都新宿区百人町１丁目１３-９,,0,新宿,新宿|西新宿|高田馬場|新大久保,新大久保駅,新大久保駅|西武新宿駅|新宿駅,279.0,,,,駅近(≤500m),20,+20(rental=1),0,1
駅近のレンタルダンススタジオ 東京,条件,S,alt studio (オルトスタジオ),〒101-0051 東京都千代田区神田神保町１丁目64-３ 神保町ビル 6F,,0,秋葉原,秋葉原,神保町駅,神保町駅|水道橋駅|御茶ノ水駅|新御茶ノ水駅|九段下駅|小川町駅|竹橋駅|本郷三丁目駅|春日駅|後楽園駅,327.0,,,,駅近(≤500m),20,+20(rental=1),0,1
駅近のレンタルダンススタジオ 東京,条件,S,スタジオキャンパス 高田馬場店,〒169-0075 東京都新宿区高田馬場４丁目２９-１ B1F,,0,新宿,新宿|西新宿|高田馬場|新大久保,高田馬場駅,高田馬場駅|新大久保駅,483.0,,,,駅近(≤500m),20,+20(rental=1),0,1
駅近のレンタルダンススタジオ 東京,条件,S,ART GROOVE,〒114-0015 東京都北区中里２丁目５-８ レイハウス駒込 302,,0,赤羽,赤羽,駒込駅,駒込駅|田端駅|上中里駅|尾久駅|巣鴨駅|西ケ原駅|千石駅|荒川車庫前駅|梶原駅|本駒込駅,306.0,,,,駅近(≤500m),20,+20(rental=1),0,1
駅近のレンタルダンススタジオ 東京,条件,S,Aya Ballet School,〒152-0035 東京都目黒区洗足２丁目６-１５ 洗足21 B１F,,0,中目黒,中目黒,洗足駅,洗足駅|北千束駅|西小山駅|大岡山駅|旗の台駅|長原駅|洗足池駅|武蔵小山駅|緑が丘駅|荏原町駅,78.0,,,,駅近(≤500m),20,+20(rental=1),0,1
駅近のレンタルダンススタジオ 東京,条件,S,原宿ダンススタジオ SHIN RENTAL STUDIO,〒151-0051 東京都渋谷区千駄ケ谷３丁目６０-４ 地下1階,,0,渋谷,渋谷|恵比寿|代官山|原宿,原宿駅,原宿駅|代々木駅|表参道駅,479.0,,,,駅近(≤500m),70,+20(rental=1)|+30(レンタルスタジオ)|+20(web),0,1
駅近のレンタルダンススタジオ 東京,条件,S,Ballet & Dance DUE,〒136-0071 東京都江東区亀戸７丁目４３-５ 小林ビル,,0,豊洲,豊洲,亀戸水神駅,亀戸水神駅|亀戸駅|大島駅|西大島駅|東あずま駅|平井駅|東大島駅|小村井駅|錦糸町駅|住吉駅,405.0,,,,駅近(≤500m),20,+20(rental=1),0,1
駅近のレンタルダンススタジオ 東京,条件,S,Be Rise Dance Studio,〒174-0056 東京都板橋区志村１丁目３２-３０ 山和建物 1階,,0,成増,成増,志村坂上駅,志村坂上駅|志村三丁目駅|本蓮沼駅|蓮根駅|浮間舟渡駅|北赤羽駅|ときわ台駅|上板橋駅,349.0,,,,駅近(≤500m),45,+20(rental=1)|+25(ダンススタジオ),0,1
駅近のレンタルダンススタジオ 東京,条件,S,Beat Box Dance Studio,〒151-0053 東京都渋谷区代々木１丁目４２-２,,0,渋谷,渋谷|恵比寿|代官山|原宿,代々木駅,代々木駅|新宿駅,232.0,,,,駅近(≤500m),45,+20(rental=1)|+25(ダンススタジオ),0,1
駅近のレンタルダンススタジオ 東京,条件,S,中野 レンタルスタジオ オドリバ,〒164-0001 東京都中野区中野５丁目３２-６ 中野城西ビル B-7号室,,0,中野,中野,中野駅,中野駅,163.0,,,,駅近(≤500m),50,+20(rental=1)|+30(レンタルスタジオ),0,1
駅近のレンタルダンススタジオ 東京,条件,S,ナ・ホク・オ・カヘアラニ フラ＆タヒチアン,〒107-0061 東京都港区北青山３丁目５-９ KAZU表参道 202号室,,0,六本木,六本木|赤坂|麻布|新橋,表参道駅,表参道駅|外苑前駅|原宿駅,242.0,,,,駅近(≤500m),20,+20(rental=1),0,1
駅近のレンタルダンススタジオ 東京,条件,S,BillionDance,〒542-0084 大阪府大阪市中央区宗右衛門町１-２７ ゴールドウッズミッテラビルB1F,,0,銀座,銀座|日本橋|八丁堀|月島,近鉄日本橋駅,近鉄日本橋駅|日本橋駅|長堀橋駅|大阪難波駅|心斎橋駅|なんば駅|四ツ橋駅|谷町九丁目駅|ＪＲ難波駅|谷町六丁目駅,360.0,,,,駅近(≤500m),20,+20(rental=1),0,1
駅近のレンタルダンススタジオ 東京,条件,S,石原ダンスクラブ コモレ四谷店,〒160-0004 東京都新宿区四谷１丁目６-1 213,,0,新宿,新宿|西新宿|高田馬場|新大久保,四ツ谷駅,四ツ谷駅|市ケ谷駅|麹町駅|曙橋駅|四谷三丁目駅|半蔵門駅|信濃町駅|牛込柳町駅|赤坂見附駅|永田町駅,197.0,,,,駅近(≤500m),20,+20(rental=1),0,1
駅近のレンタルダンススタジオ 東京,条件,S,BLM Dance School,〒196-0033 東京都昭島市１６ 東町1-16-11 4F,,0,東京,東京,西立川駅,西立川駅|東中神駅|中神駅,255.0,,,,駅近(≤500m),20,+20(rental=1),0,1
駅近のレンタルダンススタジオ 東京,条件,S,BLOOMIN'新丸子店,〒211-0004 神奈川県川崎市中原区新丸子東１丁目７９４,,0,その他,その他,新丸子駅,新丸子駅|武蔵小杉駅|沼部駅|向河原駅|多摩川駅|鵜の木駅|御嶽山駅|田園調布駅|久が原駅|雪が谷大塚駅,224.0,,,,駅近(≤500m),20,+20(rental=1),0,1
駅近のレンタルダンススタジオ 東京,条件,S,SHOJIN Show-Base Tokyo,〒169-0075 東京都新宿区高田馬場４丁目１１-10VORT Briller4F SHOJIN Show-Base Tokyo,,0,新宿,新宿|西新宿|高田馬場|新大久保,高田馬場駅,高田馬場駅,184.0,,,,駅近(≤500m),20,+20(rental=1),0,1
駅近のレンタルダンススタジオ 東京,条件,S,ARTIST DANCE STUDIO,〒150-0036 東京都渋谷区南平台町１-９ 南平台宝来ビル B1,,0,渋谷,渋谷|恵比寿|代官山|原宿,渋谷駅,渋谷駅,499.0,,,,駅近(≤500m),45,+20(rental=1)|+25(ダンススタジオ),0,1
駅近のレンタルダンススタジオ 東京,条件,S,BRONX RENTAL STUDIO,〒155-0031 東京都世田谷区北沢２丁目５-１０,,0,下北沢,下北沢|三軒茶屋|二子玉川|自由が丘,下北沢駅,下北沢駅,106.0,,,,駅近(≤500m),50,+20(rental=1)|+30(レンタルスタジオ),0,1
駅近のレンタルダンススタジオ 東京,条件,S,BUZZ レンタルスタジオ 池袋本店,〒171-0022 東京都豊島区南池袋１丁目２０-１ 横田ビル 3F,,0,池袋,池袋|目白|大塚|巣鴨,池袋駅,池袋駅,241.0,,,,駅近(≤500m),50,+20(rental=1)|+30(レンタルスタジオ),0,1
駅近のレンタルダンススタジオ 東京,条件,S,Cadena Flamenca,〒151-0053 東京都渋谷区代々木１丁目４２-２,,0,渋谷,渋谷|恵比寿|代官山|原宿,代々木駅,代々木駅|新宿駅,246.0,,,,駅近(≤500m),20,+20(rental=1),0,1
駅近のレンタルダンススタジオ 東京,条件,S,BUZZ レンタルスタジオ 高田馬場店,〒169-0075 東京都新宿区高田馬場４丁目１４-６ 地下1階 第二長谷川マンション,https://dance-studio-lab.com/room/NjZiZWQwNjEtYmU0ZS00MDllLWI0M2UtNmYxZjdhOWUwY2Mz/detail,1,新宿,新宿|西新宿|高田馬場|新大久保,高田馬場駅,高田馬場駅,273.0,,,,駅近(≤500m),80,+30(dslurl)|+20(rental=1)|+30(レンタルスタジオ),0,1
駅近のレンタルダンススタジオ 東京,条件,S,CAMURO DANCE STUDIO,〒540-0025 大阪府大阪市中央区徳井町１丁目１-７ 松田ビル,,0,銀座,銀座|日本橋|八丁堀|月島,谷町四丁目駅,谷町四丁目駅|天満橋駅|堺筋本町駅|谷町六丁目駅|松屋町駅|北浜駅|長堀橋駅|大阪城北詰駅|大阪ビジネスパーク駅|大阪天満宮駅,246.0,,,,駅近(≤500m),45,+20(rental=1)|+25(ダンススタジオ),0,1
駅近のレンタルダンススタジオ 東京,条件,S,CARDIO BARRE JIYUGAOKA (カーディオ・バー 自由が丘店),〒152-0035 東京都目黒区自由が丘２丁目１０-４ ミルシェ自由が丘 5階,,0,中目黒,中目黒,自由が丘駅,自由が丘駅,132.0,,,,駅近(≤500m),20,+20(rental=1),0,1
駅近のレンタルダンススタジオ 東京,条件,S,CARDIO BARRE SHIBUYA (カーディオ・バー 渋谷店),〒150-0002 東京都渋谷区渋谷１丁目１４-１１ BCサロン 地下１階,,0,渋谷,渋谷|恵比寿|代官山|原宿,渋谷駅,渋谷駅|表参道駅|原宿駅,222.0,,,,駅近(≤500m),20,+20(rental=1),0,1
駅近のレンタルダンススタジオ 東京,条件,S,CARDIO BARRE SHINJUKU (カーディオ・バー 新宿店),〒160-0022 東京都新宿区新宿４丁目２-１６ パシフィックマークス新宿サウスゲート 2階,,0,新宿,新宿|西新宿|高田馬場|新大久保,新宿駅,新宿駅|代々木駅|西武新宿駅,351.0,,,,駅近(≤500m),20,+20(rental=1),0,1
駅近のレンタルダンススタジオ 東京,条件,S,Casa Mia Studio カザミアスタジオ ダンス,〒151-0064 東京都渋谷区上原１丁目２２-３ B1F むさしビル,,0,渋谷,渋谷|恵比寿|代官山|原宿,代々木上原駅,代々木上原駅|代々木八幡駅|代々木公園駅|東北沢駅|幡ヶ谷駅|駒場東大前駅|池ノ上駅|初台駅|笹塚駅|参宮橋駅,237.0,,,,駅近(≤500m),20,+20(rental=1),0,1
駅近のレンタルダンススタジオ 東京,条件,S,BUZZ レンタルスタジオ 渋谷東口SQUARE店,〒150-0002 東京都渋谷区渋谷２丁目２２-８ 名取ビル 1F,,0,渋谷,渋谷|恵比寿|代官山|原宿,渋谷駅,渋谷駅|表参道駅,177.0,,,,駅近(≤500m),50,+20(rental=1)|+30(レンタルスタジオ),0,1
駅近のレンタルダンススタジオ 東京,条件,S,CurioSpace多摩センター,〒206-0042 東京都多摩市山王下１丁目13-１２ パールプラザ 204号,,0,多摩センター,多摩センター,京王多摩センター駅,京王多摩センター駅|小田急多摩センター駅|唐木田駅|京王堀之内駅,407.0,,,,駅近(≤500m),20,+20(rental=1),0,1
駅近のレンタルダンススタジオ 東京,条件,S,BUZZ レンタルスタジオ 渋谷PARK店,〒150-0042 東京都渋谷区宇田川町１９-５,https://dance-studio-lab.com/room/YmNlM2RmNGMtNGI0Mi00ZTg4LTk4OTYtNjY4NWRiM2JmNzhm/detail,1,渋谷,渋谷|恵比寿|代官山|原宿,渋谷駅,渋谷駅|原宿駅,448.0,,,,駅近(≤500m),80,+30(dslurl)|+20(rental=1)|+30(レンタルスタジオ),0,1
駅近のレンタルダンススタジオ 東京,条件,S,『bco』 Private lesson/salon,〒150-0001 東京都渋谷区神宮前１丁目２１-１５ 2F奥 ナポレ原宿,,0,渋谷,渋谷|恵比寿|代官山|原宿,原宿駅,原宿駅|表参道駅|代々木駅,255.0,,,,駅近(≤500m),20,+20(rental=1),0,1
駅近のレンタルダンススタジオ 東京,条件,S,"in the house / Hatagaya ""Shack""",〒101 東京都渋谷区幡ケ谷２丁目８-１５ JP 151-0072 KODAビル B1F,,0,渋谷,渋谷|恵比寿|代官山|原宿,幡ヶ谷駅,幡ヶ谷駅|初台駅|笹塚駅|代々木上原駅|代々木八幡駅|東北沢駅|西新宿五丁目駅（清水橋）|参宮橋駅|代々木公園駅|中野新橋駅,85.0,,,,駅近(≤500m),20,+20(rental=1),0,1
駅近のレンタルダンススタジオ 東京,条件,S,D'CRE8 Dance Shtajio (ディークリエイトダンスシタジオ),〒164-0013 東京都中野区弥生町１丁目１１-２ B1,,0,中野,中野,西新宿五丁目駅（清水橋）,西新宿五丁目駅（清水橋）|中野坂上駅|中野新橋駅|都庁前駅|西新宿駅|初台駅|中野富士見町駅|新中野駅|幡ヶ谷駅|新宿西口駅,325.0,,,,駅近(≤500m),20,+20(rental=1),0,1
駅近のレンタルダンススタジオ 東京,条件,S,青海R地区,〒135-0064 東京都江東区青海１丁目１ R地区,,0,豊洲,豊洲,青海駅,青海駅|東京国際クルーズターミナル駅|東京テレポート駅|台場駅|テレコムセンター駅|お台場海浜公園駅|東京ビッグサイト駅|国際展示場駅|有明駅,376.0,,,,駅近(≤500m),20,+20(rental=1),0,1
駅近のレンタルダンススタジオ 東京,条件,S,Dance School & Studio Upbeat,〒676-0808 兵庫県高砂市米田町神爪１０９-１,,0,その他,その他,宝殿駅,宝殿駅,271.0,,,,駅近(≤500m),20,+20(rental=1),0,1
駅近のレンタルダンススタジオ 東京,条件,S,DANCE STUDIO BAUM,〒204-0022 東京都清瀬市松山３丁目３-２ 地下一階 コーポラスＢ＆Ｍ,,0,清瀬,清瀬,清瀬駅,清瀬駅|東久留米駅,454.0,,,,駅近(≤500m),45,+20(rental=1)|+25(ダンススタジオ),0,1
駅近のレンタルダンススタジオ 東京,条件,S,Dance Studio Broomstick,〒123-0873 東京都足立区扇２丁目２５-１ 扇橋会館 ８F,,0,北千住,北千住,扇大橋駅,扇大橋駅|高野駅|足立小台駅|江北駅|宮ノ前駅|小台駅|熊野前駅|荒川遊園地前駅|東尾久三丁目駅|大師前駅,59.0,,,,駅近(≤500m),45,+20(rental=1)|+25(ダンススタジオ),0,1
駅近のレンタルダンススタジオ 東京,条件,S,スタジオセンティード Studio SENTIDO（レンタルスタジオ）,〒155-0031 東京都世田谷区北沢２丁目１８-５ 地下１階,,0,下北沢,下北沢|三軒茶屋|二子玉川|自由が丘,下北沢駅,下北沢駅,253.0,,,,駅近(≤500m),70,+20(rental=1)|+30(レンタルスタジオ)|+20(web),0,1
駅近のレンタルダンススタジオ 東京,条件,S,スタジオジパング 梅ヶ丘スタジオPRO,〒154-0022 東京都世田谷区梅丘１丁目３３-９ モンド梅ヶ丘ビル地下1階,,0,下北沢,下北沢|三軒茶屋|二子玉川|自由が丘,梅ヶ丘駅,梅ヶ丘駅|豪徳寺駅|山下駅|東松原駅|世田谷代田駅|新代田駅|松原駅|宮の坂駅|若林駅|明大前駅,94.0,,,,駅近(≤500m),20,+20(rental=1),0,1
駅近のレンタルダンススタジオ 東京,条件,S,dance studio GROOVY ダンス＆ヨガ,"いづみ屋ビル 4階, ２丁目-２０-２ 成増 板橋区 東京都 175-0094",,0,成増,成増,地下鉄成増駅,地下鉄成増駅|成増駅|地下鉄赤塚駅|下赤塚駅,130.0,,,,駅近(≤500m),45,+20(rental=1)|+25(ダンススタジオ),0,1
駅近のレンタルダンススタジオ 東京,条件,S,レンタルスタジオ・ラカーサミア（カガダンサーズサポート）,〒980-0804 宮城県仙台市青葉区大町２丁目１０-２４ La casa mia ビル ２Ｆ,,0,その他,その他,大町西公園駅,大町西公園駅|国際センター駅|青葉通一番町駅|勾当台公園駅|広瀬通駅|川内駅|あおば通駅|北四番丁駅|仙台駅|五橋駅,132.0,,,,駅近(≤500m),50,+20(rental=1)|+30(レンタルスタジオ),0,1
駅近のレンタルダンススタジオ 東京,条件,S,DANCE WORKS,〒150-0032 東京都渋谷区鶯谷町７-１０ ＮＭＤビル 2F-6F,,0,渋谷,渋谷|恵比寿|代官山|原宿,渋谷駅,渋谷駅|恵比寿駅,447.0,,,,駅近(≤500m),20,+20(rental=1),0,1
駅近のレンタルダンススタジオ 東京,条件,S,DANCE&RENTAL STUDIO ONEWAY,"パークサイド村本ビル 1F, １丁目-１-２７ 泉 東区 名古屋市 愛知県 461-0001",,0,その他,その他,久屋大通駅,久屋大通駅|名古屋城駅|高岳駅|栄町駅|東大手駅|栄駅|丸の内駅|清水駅|新栄町駅|伏見駅,403.0,,,,駅近(≤500m),50,+20(rental=1)|+30(レンタルスタジオ),0,1
駅近のレンタルダンススタジオ 東京,条件,S,ＤＡＮＣＥＳＴＵＤＩＯ・ＢＩＮＧＯ,〒192-0083 東京都八王子市旭町１３-２５,,0,八王子,八王子,八王子駅,八王子駅,297.0,,,,駅近(≤500m),20,+20(rental=1),0,1
駅近のレンタルダンススタジオ 東京,条件,S,Dancing Appaloosa ダンシング アパルーサ,〒152-0004 東京都目黒区鷹番３丁目４-１９ 江連ビル 3階 イズミダンススクール内,,0,中目黒,中目黒,学芸大学駅,学芸大学駅,53.0,,,,駅近(≤500m),20,+20(rental=1),0,1
駅近のレンタルダンススタジオ 東京,条件,S,蒲田・矢口渡レンタルスタジオ momobana,〒146-0095 東京都大田区多摩川１丁目１８-１ 2階,,0,蒲田,蒲田,矢口渡駅,矢口渡駅|武蔵新田駅|蓮沼駅|池上駅|千鳥町駅|下丸子駅|蒲田駅,308.0,,,,駅近(≤500m),50,+20(rental=1)|+30(レンタルスタジオ),0,1
駅近のレンタルダンススタジオ 東京,条件,S,DAYS赤坂見附,〒107-0052 東京都港区赤坂３丁目９-１ 紀陽 ビル,,0,六本木,六本木|赤坂|麻布|新橋,赤坂駅,赤坂駅,433.0,,,,駅近(≤500m),20,+20(rental=1),0,1
駅近のレンタルダンススタジオ 東京,条件,S,レンタルスタジオ N.studio,〒146-0091 東京都大田区鵜の木２丁目５-１ イーグル鵜の木,,0,蒲田,蒲田,鵜の木駅,鵜の木駅|下丸子駅|久が原駅|千鳥町駅|沼部駅|御嶽山駅|向河原駅|武蔵新田駅|新丸子駅|平間駅,53.0,,,,駅近(≤500m),50,+20(rental=1)|+30(レンタルスタジオ),0,1
駅近のレンタルダンススタジオ 東京,条件,S,DCNスタジオ,〒104-0052 東京都中央区月島１丁目１４-７ 旭倉庫内,,0,銀座,銀座|日本橋|八丁堀|月島,月島駅,月島駅|築地駅|新富町駅|勝どき駅|越中島駅|八丁堀駅|築地市場駅|宝町駅|東銀座駅|門前仲町駅,343.0,,,,駅近(≤500m),40,+20(rental=1)|+20(web),0,1
駅近のレンタルダンススタジオ 東京,条件,S,dスタ（レンタルスタジオ）,〒107-0062 東京都港区南青山２丁目２４-１５ 青山タワービル 15F,,0,六本木,六本木|赤坂|麻布|新橋,外苑前駅,外苑前駅|青山一丁目駅|表参道駅,68.0,,,,駅近(≤500m),50,+20(rental=1)|+30(レンタルスタジオ),0,1
駅近のレンタルダンススタジオ 東京,条件,S,emotionS Dance Studio,〒180-0006 東京都武蔵野市中町１丁目２５-１０ 三祐ビル B1F,,0,吉祥寺,吉祥寺,三鷹駅,三鷹駅,220.0,,,,駅近(≤500m),45,+20(rental=1)|+25(ダンススタジオ),0,1
駅近のレンタルダンススタジオ 東京,条件,S,ENERGY DANCE STUDIO,〒354-0018 埼玉県富士見市西みずほ台１丁目２２-１１ テル・ビル 1F,,0,その他,その他,みずほ台駅,みずほ台駅|鶴瀬駅|柳瀬川駅,303.0,,,,駅近(≤500m),45,+20(rental=1)|+25(ダンススタジオ),0,1
駅近のレンタルダンススタジオ 東京,条件,S,Estudio ILIA FLAMENCA,〒101-0051 東京都千代田区神田神保町１丁目２５-４ 神保町ビル B1 SH神田南,,0,秋葉原,秋葉原,神保町駅,神保町駅|新御茶ノ水駅|竹橋駅|小川町駅|御茶ノ水駅|九段下駅|神田駅|水道橋駅|大手町駅|岩本町駅,281.0,,,,駅近(≤500m),20,+20(rental=1),0,1
駅近のレンタルダンススタジオ 東京,条件,S,ETERNAL DANCE STUDIO,〒197-0022 東京都福生市本町１４２ ２Ｆ,,0,福生,福生,福生駅,福生駅|東福生駅|牛浜駅|熊川駅,105.0,,,,駅近(≤500m),45,+20(rental=1)|+25(ダンススタジオ),0,1
駅近のレンタルダンススタジオ 東京,条件,S,EXスタジオ麹町,〒102-0083 東京都千代田区麹町２丁目２-４ 麹町セントラルビル 5階,,0,秋葉原,秋葉原,半蔵門駅,半蔵門駅|麹町駅|永田町駅|市ケ谷駅|赤坂見附駅|四ツ谷駅|国会議事堂前駅|溜池山王駅|赤坂駅|九段下駅,105.0,,,,駅近(≤500m),20,+20(rental=1),0,1
駅近のレンタルダンススタジオ 東京,条件,S,F1 STUDIO,〒136-0082 東京都江東区新木場１丁目３-１３,,0,豊洲,豊洲,新木場駅,新木場駅|辰巳駅|潮見駅|東雲駅,259.0,,,,駅近(≤500m),20,+20(rental=1),0,1
駅近のレンタルダンススタジオ 東京,条件,S,FACTORYカレッタスタジオ,〒105-7001 東京都港区東新橋１丁目８-１ B2 カレッタスタジオ,,0,六本木,六本木|赤坂|麻布|新橋,新橋駅,新橋駅|有楽町駅|浜松町駅,354.0,,,,駅近(≤500m),20,+20(rental=1),0,1
駅近のレンタルダンススタジオ 東京,条件,S,Fairy Ballet Studio,〒189-0022 東京都東村山市野口町１丁目３-３ アドヴァンス東村山 ３F,,0,東村山,東村山,東村山駅,東村山駅|久米川駅|西武園駅|八坂駅,221.0,,,,駅近(≤500m),20,+20(rental=1),0,1
駅近のレンタルダンススタジオ 東京,条件,S,FANTASY DANCE SCHOOL 八王子店,〒192-0904 東京都八王子市子安町１丁目２６-１４ 26-14 301,,0,八王子,八王子,八王子駅,八王子駅,389.0,,,,駅近(≤500m),20,+20(rental=1),0,1
駅近のレンタルダンススタジオ 東京,条件,S,TONIC DANCE STUDIO 吉祥寺,〒180-0002 東京都武蔵野市吉祥寺東町１丁目１０-２１ 地下1階 西郊ビル,,0,吉祥寺,吉祥寺,吉祥寺駅,吉祥寺駅,393.0,,,,駅近(≤500m),45,+20(rental=1)|+25(ダンススタジオ),0,1
駅近のレンタルダンススタジオ 東京,条件,S,LIMITED Creaation. dance studio,〒180-0004 東京都武蔵野市１丁目２４-７ 吉祥寺光ビル 6F 吉祥寺,,0,吉祥寺,吉祥寺,吉祥寺駅,吉祥寺駅,146.0,,,,駅近(≤500m),45,+20(rental=1)|+25(ダンススタジオ),0,1
駅近のレンタルダンススタジオ 東京,条件,S,レンタルスタジオ吉祥寺OLI（オリ）,〒180-0003 東京都武蔵野市吉祥寺南町２丁目２０-１ 吉祥寺オリンピックマンション B8,,0,吉祥寺,吉祥寺,吉祥寺駅,吉祥寺駅,475.0,,,,駅近(≤500m),70,+20(rental=1)|+30(レンタルスタジオ)|+20(web),0,1
駅近のレンタルダンススタジオ 東京,条件,S,ノアスタジオ 吉祥寺店,〒180-0004 東京都武蔵野市吉祥寺本町２丁目１６-１２ B１F,,0,吉祥寺,吉祥寺,吉祥寺駅,吉祥寺駅,406.0,,,,駅近(≤500m),20,+20(rental=1),0,1
駅近のレンタルダンススタジオ 東京,条件,S,Fine Studio,〒332-0017 埼玉県川口市栄町３丁目３-３ 3F,,0,その他,その他,川口駅,川口駅|川口元郷駅|西川口駅,295.0,,,,駅近(≤500m),20,+20(rental=1),0,1
駅近のレンタルダンススタジオ 東京,条件,S,吉祥寺 レンタルスタジオ さんだる倶楽部,〒180-0003 東京都武蔵野市吉祥寺南町１丁目３０-１ パークヴィラ吉祥寺２階,,0,吉祥寺,吉祥寺,吉祥寺駅,吉祥寺駅,395.0,,,,駅近(≤500m),50,+20(rental=1)|+30(レンタルスタジオ),0,1
駅近のレンタルダンススタジオ 東京,条件,S,FIVE O DANCE STUDIO 狛江（ファイブオーダンススタジオ）,〒201-0014 東京都狛江市東和泉１丁目２０-１ 第三登戸ビル,,0,狛江,狛江,狛江駅,狛江駅|和泉多摩川駅|喜多見駅|登戸駅|宿河原駅,76.0,,,,駅近(≤500m),45,+20(rental=1)|+25(ダンススタジオ),0,1
駅近のレンタルダンススタジオ 東京,条件,S,FLAG POINT,〒171-0043 東京都豊島区２１ 豊島区要町1丁目21-10 三井ビル2F,,0,池袋,池袋|目白|大塚|巣鴨,要町駅,要町駅|千川駅|椎名町駅|東長崎駅|池袋駅|落合南長崎駅|大山駅|目白駅|小竹向原駅,283.0,,,,駅近(≤500m),20,+20(rental=1),0,1
駅近のレンタルダンススタジオ 東京,条件,S,バレエ・ダンススタジオ Lino,〒168-0082 東京都杉並区久我山５丁目７-１３ 地下1階 メリディアン,,0,高円寺,高円寺,久我山駅,久我山駅|富士見ヶ丘駅|三鷹台駅|高井戸駅|西荻窪駅|井の頭公園駅,78.0,,,,駅近(≤500m),45,+20(rental=1)|+25(ダンススタジオ),0,1
駅近のレンタルダンススタジオ 東京,条件,S,レンタルスタジオ西荻リノ,〒167-0042 東京都杉並区西荻北２丁目３-９ グランピア西荻窪 Ｂ101,,0,高円寺,高円寺,西荻窪駅,西荻窪駅|荻窪駅|三鷹台駅|井の頭公園駅|久我山駅|吉祥寺駅,156.0,,,,駅近(≤500m),50,+20(rental=1)|+30(レンタルスタジオ),0,1
駅近のレンタルダンススタジオ 東京,条件,S,レンタルスタジオOLI,〒166-0004 東京都杉並区阿佐谷南１丁目１５-１４ サンフェリーペ 101号室,,0,高円寺,高円寺,南阿佐ケ谷駅,南阿佐ケ谷駅|阿佐ヶ谷駅|新高円寺駅|高円寺駅|荻窪駅|東高円寺駅,144.0,,,,駅近(≤500m),70,+20(rental=1)|+30(レンタルスタジオ)|+20(web),0,1
駅近のレンタルダンススタジオ 東京,条件,S,スタジオジパング 久我山スタジオSTANDARD,〒168-0082 東京都杉並区久我山５丁目７-１３ メリディアン B1,,0,高円寺,高円寺,久我山駅,久我山駅|富士見ヶ丘駅|三鷹台駅|高井戸駅|西荻窪駅|井の頭公園駅,83.0,,,,駅近(≤500m),20,+20(rental=1),0,1
駅近のレンタルダンススタジオ 東京,条件,S,三鷹RI劇場(旧名三鷹RIスタジオ),〒181-0013 東京都三鷹市下連雀３丁目 榎本ビル 地下1階,,0,三鷹,三鷹,三鷹駅,三鷹駅,235.0,,,,駅近(≤500m),20,+20(rental=1),0,1
駅近のレンタルダンススタジオ 東京,条件,S,三鷹レンタルスタジオRin,〒181-0013 東京都三鷹市下連雀３丁目２３-１２ アージェントビル 402,,0,三鷹,三鷹,三鷹駅,三鷹駅,165.0,,,,駅近(≤500m),50,+20(rental=1)|+30(レンタルスタジオ),0,1
駅近のレンタルダンススタジオ 東京,条件,S,grow dance studio,〒522-0043 滋賀県彦根市小泉町６２０-３,,0,その他,その他,南彦根駅,南彦根駅|彦根口駅|高宮駅,300.0,,,,駅近(≤500m),45,+20(rental=1)|+25(ダンススタジオ),0,1
駅近のレンタルダンススタジオ 東京,条件,S,HARA Studio,〒162-0042 東京都新宿区早稲田町７４-１４ 地下1F S.T ビル,,0,新宿,新宿|西新宿|高田馬場|新大久保,早稲田駅,早稲田駅|牛込柳町駅|若松河田駅|面影橋駅|江戸川橋駅|神楽坂駅|西早稲田駅|牛込神楽坂駅|学習院下駅|曙橋駅,80.0,,,,駅近(≤500m),20,+20(rental=1),0,1
駅近のレンタルダンススタジオ 東京,条件,S,レンタルスタジオ、ダンススタジオ アレイティ,〒272-0132 千葉県市川市湊新田２丁目６-６ モロマンションB A棟 106号,,0,その他,その他,行徳駅,行徳駅|南行徳駅|市川塩浜駅|妙典駅,453.0,,,,駅近(≤500m),50,+20(rental=1)|+30(レンタルスタジオ),0,1
駅近のレンタルダンススタジオ 東京,条件,S,Hidemi Dancing Vida,〒141-0021 東京都品川区上大崎２丁目１０-３２ フラワープラザビル 202,,0,品川,品川|五反田|大井町|目黒,目黒駅,目黒駅|五反田駅,198.0,,,,駅近(≤500m),20,+20(rental=1),0,1
駅近のレンタルダンススタジオ 東京,条件,S,HIRAYAMA studio立石,〒124-0012 東京都葛飾区立石１丁目２２-７,,0,新小岩,新小岩,京成立石駅,京成立石駅|青砥駅|お花茶屋駅|四ツ木駅,96.0,,,,駅近(≤500m),20,+20(rental=1),0,1
駅近のレンタルダンススタジオ 東京,条件,S,HuE スタジオ,〒676-0078 兵庫県高砂市伊保２丁目５-１８ ロイヤルコーポ 伊保 103,,0,その他,その他,伊保駅,伊保駅|荒井駅|山陽曽根駅,239.0,,,,駅近(≤500m),20,+20(rental=1),0,1
駅近のレンタルダンススタジオ 東京,条件,S,HYPERMIX門前仲町,〒135-0048 東京都江東区門前仲町１丁目１３-１２,,0,豊洲,豊洲,門前仲町駅,門前仲町駅|越中島駅|清澄白河駅|木場駅|水天宮前駅|月島駅|茅場町駅|森下駅|八丁堀駅|浜町駅,160.0,,,,駅近(≤500m),20,+20(rental=1),0,1
駅近のレンタルダンススタジオ 東京,条件,S,ダンススクエア 葛西スタジオ,〒134-0084 東京都江戸川区東葛西６丁目２-１０ 森ビル 7階,,0,西葛西,西葛西,葛西駅,葛西駅|西葛西駅|浦安駅,134.0,,,,駅近(≤500m),20,+20(rental=1),0,1
駅近のレンタルダンススタジオ 東京,条件,S,Irodori麻布十番,〒106-0045 東京都港区麻布十番１丁目５-１ ＹＫビル 4F,,0,六本木,六本木|赤坂|麻布|新橋,麻布十番駅,麻布十番駅|六本木駅,386.0,,,,駅近(≤500m),20,+20(rental=1),0,1
駅近のレンタルダンススタジオ 東京,条件,S,IS DANCE STUDIO,"ＩＳビル 2F, ４-１１ 東田町 川崎区 川崎市 神奈川県 210-0005",,0,その他,その他,京急川崎駅,京急川崎駅|川崎駅|港町駅|八丁畷駅|川崎新町駅|六郷土手駅|小田栄駅|尻手駅|鈴木町駅|鶴見市場駅,463.0,,,,駅近(≤500m),45,+20(rental=1)|+25(ダンススタジオ),0,1
駅近のレンタルダンススタジオ 東京,条件,S,J.K.キューブ101スタジオエチュード,〒182-0007 東京都調布市菊野台１丁目２０-５,,0,調布,調布,柴崎駅,柴崎駅|つつじヶ丘駅|国領駅|布田駅|仙川駅,190.0,,,,駅近(≤500m),20,+20(rental=1),0,1
駅近のレンタルダンススタジオ 東京,条件,S,J's,〒158-0097 東京都世田谷区用賀３丁目２５-９,,0,下北沢,下北沢|三軒茶屋|二子玉川|自由が丘,用賀駅,用賀駅|桜新町駅|上町駅|世田谷駅,485.0,,,,駅近(≤500m),20,+20(rental=1),0,1
駅近のレンタルダンススタジオ 東京,条件,S,J’Z STUDIO 千歳烏山店,〒157-0062 東京都世田谷区南烏山６丁目６-６?２ サンマルシェビルB1F,,0,下北沢,下北沢|三軒茶屋|二子玉川|自由が丘,千歳烏山駅,千歳烏山駅|芦花公園駅|八幡山駅|仙川駅|富士見ヶ丘駅,121.0,,,,駅近(≤500m),20,+20(rental=1),0,1
駅近のレンタルダンススタジオ 東京,条件,S,JOINT STUDO Harajuku,〒150-0001 東京都渋谷区神宮前４丁目２９-９ Ondenビル B1,,0,渋谷,渋谷|恵比寿|代官山|原宿,原宿駅,原宿駅|表参道駅|外苑前駅,400.0,,,,駅近(≤500m),20,+20(rental=1),0,1
駅近のレンタルダンススタジオ 東京,条件,S,JOYFIT24 石川台,〒145-0065 東京都大田区東雪谷２丁目５-１ 1F・2F エンゼルハイム東雪谷,,0,蒲田,蒲田,石川台駅,石川台駅|洗足池駅|雪が谷大塚駅|緑が丘駅|大岡山駅|北千束駅|奥沢駅|長原駅|御嶽山駅|田園調布駅,133.0,,,,駅近(≤500m),20,+20(rental=1),0,1
駅近のレンタルダンススタジオ 東京,条件,S,ＪＰスタジオ,〒165-0027 東京都中野区野方５丁目１７-１０,,0,中野,中野,野方駅,野方駅|都立家政駅|鷺ノ宮駅|沼袋駅|高円寺駅|新井薬師前駅,193.0,,,,駅近(≤500m),20,+20(rental=1),0,1
駅近のレンタルダンススタジオ 東京,条件,S,K-Dance Style【ケイ-ダンス スタイル】,〒174-0076 東京都板橋区上板橋２丁目８-２ WBD上板橋第3 B004,,0,成増,成増,上板橋駅,上板橋駅|東武練馬駅|ときわ台駅|氷川台駅|平和台駅,284.0,,,,駅近(≤500m),20,+20(rental=1),0,1
駅近のレンタルダンススタジオ 東京,条件,S,K2studio,〒182-0002 東京都調布市仙川町１丁目２７-２４,,0,調布,調布,仙川駅,仙川駅|つつじヶ丘駅|千歳烏山駅,145.0,,,,駅近(≤500m),20,+20(rental=1),0,1
駅近のレンタルダンススタジオ 東京,条件,S,Ka Hula O Hawai?i,〒150-0013 東京都渋谷区恵比寿４丁目４-５ ?三伊藤ビル 3F,,0,渋谷,渋谷|恵比寿|代官山|原宿,恵比寿駅,恵比寿駅,204.0,,,,駅近(≤500m),20,+20(rental=1),0,1
駅近のレンタルダンススタジオ 東京,条件,S,KAJIWARA BALLET WORKS,〒116-0011 東京都荒川区西尾久５丁目２４-１０,,0,日暮里,日暮里,荒川遊園地前駅,荒川遊園地前駅|小台駅|尾久駅|荒川車庫前駅|宮ノ前駅|梶原駅|熊野前駅|上中里駅|赤土小学校前駅|足立小台駅,161.0,,,,駅近(≤500m),20,+20(rental=1),0,1
駅近のレンタルダンススタジオ 東京,条件,S,KM Dance Arts,〒102-0076 東京都千代田区五番町５-１８ 地下1階,,0,秋葉原,秋葉原,市ケ谷駅,市ケ谷駅|麹町駅|四ツ谷駅|半蔵門駅|牛込神楽坂駅|曙橋駅|永田町駅|四谷三丁目駅|牛込柳町駅|赤坂見附駅,111.0,,,,駅近(≤500m),20,+20(rental=1),0,1
駅近のレンタルダンススタジオ 東京,条件,S,江戸川区キッズアクション,〒133-0051 東京都江戸川区北小岩１丁目１７-１ 小岩アーバンプラザ,,0,西葛西,西葛西,江戸川駅,江戸川駅|国府台駅|小岩駅|京成小岩駅|市川駅|市川真間駅,389.0,,,,駅近(≤500m),20,+20(rental=1),0,1
駅近のレンタルダンススタジオ 東京,条件,S,kokokara,〒102-0082 東京都千代田区一番町１３-１６ 一番町法眼坂ビル 1階,,0,秋葉原,秋葉原,半蔵門駅,半蔵門駅|麹町駅|市ケ谷駅|永田町駅|四ツ谷駅|赤坂見附駅|九段下駅|国会議事堂前駅|竹橋駅|牛込神楽坂駅,181.0,,,,駅近(≤500m),20,+20(rental=1),0,1
駅近のレンタルダンススタジオ 東京,条件,S,ダンススクエア 浦安スタジオ,〒279-0002 千葉県浦安市北栄１丁目１-１５ 3階,,0,その他,その他,浦安駅,浦安駅|南行徳駅,195.0,,,,駅近(≤500m),20,+20(rental=1),0,1
駅近のレンタルダンススタジオ 東京,条件,S,Lanikai Dance Studio,〒134-0083 東京都江戸川区中葛西５丁目２０-１９ ローヤルマンション葛西 1階,,0,西葛西,西葛西,葛西駅,葛西駅|西葛西駅,234.0,,,,駅近(≤500m),45,+20(rental=1)|+25(ダンススタジオ),0,1
駅近のレンタルダンススタジオ 東京,条件,S,Las Danzas in Tokyo,〒162-0065 東京都新宿区住吉町 １-１８TVB曙橋ビル3階,,0,新宿,新宿|西新宿|高田馬場|新大久保,曙橋駅,曙橋駅|四谷三丁目駅|牛込柳町駅|若松河田駅|四ツ谷駅|市ケ谷駅|新宿御苑前駅|信濃町駅|牛込神楽坂駅|早稲田駅,36.0,,,,駅近(≤500m),20,+20(rental=1),0,1
駅近のレンタルダンススタジオ 東京,条件,S,ソニズダンススタジオ茗荷谷店,〒112-0006 東京都文京区小日向４丁目６-１９ 共立会館ビル B1階,,0,後楽園,後楽園,茗荷谷駅,茗荷谷駅|護国寺駅|江戸川橋駅|新大塚駅|千石駅|白山駅|神楽坂駅|後楽園駅|本駒込駅|向原駅,42.0,,,,駅近(≤500m),45,+20(rental=1)|+25(ダンススタジオ),0,1
駅近のレンタルダンススタジオ 東京,条件,S,Letmedanceダンススタジオ 橋本南口本校,〒252-0143 神奈川県相模原市緑区橋本２丁目１０-１７,,0,その他,その他,橋本駅,橋本駅|相原駅,437.0,,,,駅近(≤500m),45,+20(rental=1)|+25(ダンススタジオ),0,1
駅近のレンタルダンススタジオ 東京,条件,S,Letmedanceダンススタジオ 橋本北口校,〒252-0143 神奈川県相模原市緑区橋本３丁目３-１ ＳＩＮＧ橋本 2F,,0,その他,その他,橋本駅,橋本駅|南橋本駅|多摩境駅,324.0,,,,駅近(≤500m),45,+20(rental=1)|+25(ダンススタジオ),0,1
駅近のレンタルダンススタジオ 東京,条件,S,LIGHT WORKS STUDIO,〒153-0052 東京都目黒区祐天寺１丁目２２-６,,0,中目黒,中目黒,祐天寺駅,祐天寺駅|中目黒駅|学芸大学駅|代官山駅|池尻大橋駅|恵比寿駅|三軒茶屋駅,132.0,,,,駅近(≤500m),20,+20(rental=1),0,1
駅近のレンタルダンススタジオ 東京,条件,S,BUZZ LIVE 赤坂,〒107-0052 東京都港区赤坂３丁目１５-３ 忍路ビル B1,,0,六本木,六本木|赤坂|麻布|新橋,赤坂駅,赤坂駅|青山一丁目駅,100.0,,,,駅近(≤500m),20,+20(rental=1),0,1
駅近のレンタルダンススタジオ 東京,条件,S,LOICX DANCE STUDIO,〒460-0002 愛知県名古屋市中区丸の内３丁目２０-９,,0,その他,その他,久屋大通駅,久屋大通駅|栄町駅|栄駅|名古屋城駅|丸の内駅|高岳駅|伏見駅|東大手駅|矢場町駅|新栄町駅,173.0,,,,駅近(≤500m),45,+20(rental=1)|+25(ダンススタジオ),0,1
駅近のレンタルダンススタジオ 東京,条件,S,ソニズレンタルスタジオ方南町店,〒168-0063 東京都杉並区和泉４丁目５１-１４,,0,高円寺,高円寺,方南町駅,方南町駅|中野富士見町駅|代田橋駅|笹塚駅|永福町駅|東高円寺駅|明大前駅|新高円寺駅|中野新橋駅|幡ヶ谷駅,103.0,,,,駅近(≤500m),50,+20(rental=1)|+30(レンタルスタジオ),0,1
駅近のレンタルダンススタジオ 東京,条件,S,スペーススタジオ - Fresh!Studio,〒162-0041 東京都新宿区早稲田鶴巻町５７４ ＭＢＳ江戸川橋ビル 5階,,0,新宿,新宿|西新宿|高田馬場|新大久保,江戸川橋駅,江戸川橋駅|早稲田駅|神楽坂駅|護国寺駅|牛込柳町駅|牛込神楽坂駅|茗荷谷駅|面影橋駅|若松河田駅|学習院下駅,492.0,,,,駅近(≤500m),20,+20(rental=1),0,1
駅近のレンタルダンススタジオ 東京,条件,S,Dance studio LOOP,〒321-0203 栃木県下都賀郡壬生町幸町２丁目２-４ 草竹ビル 2階,,0,その他,その他,おもちゃのまち駅,おもちゃのまち駅|国谷駅,98.0,,,,駅近(≤500m),45,+20(rental=1)|+25(ダンススタジオ),0,1
駅近のレンタルダンススタジオ 東京,条件,S,BUZZ YOKOHAMA,〒221-0835 神奈川県横浜市神奈川区鶴屋町１丁目2-１ INUYAMA BUILD地下1階,,0,その他,その他,神奈川駅,神奈川駅|横浜駅|反町駅|新高島駅|三ッ沢下町駅|東神奈川駅|京急東神奈川駅|高島町駅|平沼橋駅|戸部駅,270.0,,,,駅近(≤500m),20,+20(rental=1),0,1
駅近のレンタルダンススタジオ 東京,条件,S,BUZZ レンタルスタジオ浦和店,〒330-0063 埼玉県さいたま市浦和区高砂２丁目６-１３ あずさビル B1,,0,その他,その他,浦和駅,浦和駅|武蔵浦和駅|中浦和駅|北浦和駅|南浦和駅,277.0,,,,駅近(≤500m),50,+20(rental=1)|+30(レンタルスタジオ),0,1
駅近のレンタルダンススタジオ 東京,条件,S,FEELCYCLE 六本木,〒106-0032 東京都港区六本木６丁目４-１ ヒルズ ハリウッドプラザ 3F,,0,六本木,六本木|赤坂|麻布|新橋,六本木駅,六本木駅|麻布十番駅,198.0,,,,駅近(≤500m),20,+20(rental=1),0,1
駅近のレンタルダンススタジオ 東京,条件,S,Ｍ＆Ｓダンススタジオ,〒151-0051 東京都渋谷区千駄ケ谷５丁目１１-１３ 俳協ビル B1,,0,渋谷,渋谷|恵比寿|代官山|原宿,代々木駅,代々木駅|新宿駅,374.0,,,,駅近(≤500m),45,+20(rental=1)|+25(ダンススタジオ),0,1
駅近のレンタルダンススタジオ 東京,条件,S,Ｍ＆Ｓダンススタジオ 西葛西スタジオ,〒134-0088 東京都江戸川区西葛西３丁目２-１５ 三谷ビル,,0,西葛西,西葛西,西葛西駅,西葛西駅|葛西駅,329.0,,,,駅近(≤500m),45,+20(rental=1)|+25(ダンススタジオ),0,1
駅近のレンタルダンススタジオ 東京,条件,S,magari 中野坂上スタジオ,〒164-0011 東京都中野区中央１丁目１-３ 新都心中央ビル B1,,0,中野,中野,中野坂上駅,中野坂上駅|西新宿駅|西新宿五丁目駅（清水橋）|都庁前駅|大久保駅|東中野駅|新宿西口駅|中野新橋駅|西武新宿駅|新大久保駅,406.0,,,,駅近(≤500m),20,+20(rental=1),0,1
駅近のレンタルダンススタジオ 東京,条件,S,銀座スタジオ ルアン,〒104-0061 東京都中央区銀座８丁目１０-２ ルアンビル 11階,,0,銀座,銀座|日本橋|八丁堀|月島,新橋駅,新橋駅|有楽町駅,422.0,,,,駅近(≤500m),40,+20(rental=1)|+20(web),0,1
駅近のレンタルダンススタジオ 東京,条件,S,Manohiva Japan,〒140-0013 東京都品川区南大井３丁目２０-１１ 伊藤ビル 201,,0,品川,品川|五反田|大井町|目黒,大森海岸駅,大森海岸駅|大森駅|平和島駅|立会川駅|流通センター駅|大森町駅|西大井駅|鮫洲駅,108.0,,,,駅近(≤500m),20,+20(rental=1),0,1
駅近のレンタルダンススタジオ 東京,条件,S,MAR'ｓ DANCE SCHOOL,〒121-0823 東京都足立区伊興３丁目１８-１９ ＮＹビル 1F,,0,北千住,北千住,竹ノ塚駅,竹ノ塚駅|舎人公園駅|谷在家駅|大師前駅|舎人駅,293.0,,,,駅近(≤500m),20,+20(rental=1),0,1
駅近のレンタルダンススタジオ 東京,条件,S,Studio GENIE,〒124-0012 東京都葛飾区立石６丁目１-６,,0,新小岩,新小岩,京成立石駅,京成立石駅|青砥駅|お花茶屋駅|四ツ木駅|京成高砂駅,469.0,,,,駅近(≤500m),20,+20(rental=1),0,1
駅近のレンタルダンススタジオ 東京,条件,S,Mazuka Dance Company,〒168-0064 東京都杉並区永福１丁目３９-１３ 1F,,0,高円寺,高円寺,永福町駅,永福町駅|西永福駅|下高井戸駅|明大前駅|桜上水駅|代田橋駅|松原駅|浜田山駅|方南町駅|東松原駅,225.0,,,,駅近(≤500m),20,+20(rental=1),0,1
駅近のレンタルダンススタジオ 東京,条件,S,MCSpace,〒167-0053 東京都杉並区西荻南２丁目２５-６ 西荻プラザビル B1F,,0,高円寺,高円寺,西荻窪駅,西荻窪駅|三鷹台駅|久我山駅|井の頭公園駅|荻窪駅|吉祥寺駅|富士見ヶ丘駅,275.0,,,,駅近(≤500m),20,+20(rental=1),0,1
駅近のレンタルダンススタジオ 東京,条件,S,mikaバレエスタジオ,〒176-0011 東京都練馬区豊玉上２丁目２０-４ 石原ビル,,0,練馬,練馬,桜台駅,桜台駅|練馬駅|新桜台駅|新江古田駅|江古田駅|豊島園駅|氷川台駅|小竹向原駅,176.0,,,,駅近(≤500m),20,+20(rental=1),0,1
駅近のレンタルダンススタジオ 東京,条件,S,MKH dance fit studio,〒279-0001 千葉県浦安市当代島１丁目１６-１９ 大塚ビル 3階,,0,その他,その他,浦安駅,浦安駅|南行徳駅|葛西駅,155.0,,,,駅近(≤500m),20,+20(rental=1),0,1
駅近のレンタルダンススタジオ 東京,条件,S,Muuta Dance Studio,〒669-1535 兵庫県三田市南が丘２丁目１４-３４,,0,その他,その他,横山駅,横山駅|三田本町駅|フラワータウン駅|神鉄道場駅|三田駅,445.0,,,,駅近(≤500m),45,+20(rental=1)|+25(ダンススタジオ),0,1
駅近のレンタルダンススタジオ 東京,条件,S,Nari Gym (ナリジム),〒107-0052 東京都港区赤坂３丁目14番9号 赤坂清水ビル 2F,,0,六本木,六本木|赤坂|麻布|新橋,赤坂駅,赤坂駅|青山一丁目駅,48.0,,,,駅近(≤500m),20,+20(rental=1),0,1
駅近のレンタルダンススタジオ 東京,条件,S,NATURAglam 経堂スタジオ,〒156-0052 東京都世田谷区経堂１丁目２５-１８ 吉川水産ビル3階,,0,下北沢,下北沢|三軒茶屋|二子玉川|自由が丘,経堂駅,経堂駅|宮の坂駅|山下駅|上町駅|千歳船橋駅|豪徳寺駅|松原駅|世田谷駅|梅ヶ丘駅|松陰神社前駅,268.0,,,,駅近(≤500m),20,+20(rental=1),0,1
駅近のレンタルダンススタジオ 東京,条件,S,NATURAglam 高円寺スタジオ,〒166-0003 東京都杉並区４５ 高円寺南４丁目４５-２ メインロードビル3階,,0,高円寺,高円寺,高円寺駅,高円寺駅|新高円寺駅|東高円寺駅|阿佐ヶ谷駅|中野駅|南阿佐ケ谷駅|野方駅|新中野駅,100.0,,,,駅近(≤500m),20,+20(rental=1),0,1
駅近のレンタルダンススタジオ 東京,条件,S,neu 168 Dance Studio,〒156-0057 東京都世田谷区上北沢３丁目３３-５,,0,下北沢,下北沢|三軒茶屋|二子玉川|自由が丘,上北沢駅,上北沢駅|八幡山駅|桜上水駅|芦花公園駅|浜田山駅|西永福駅|下高井戸駅|高井戸駅|松原駅|永福町駅,94.0,,,,駅近(≤500m),45,+20(rental=1)|+25(ダンススタジオ),0,1
駅近のレンタルダンススタジオ 東京,条件,S,New York yuka's Dance Center,〒146-0084 東京都大田区南久が原２丁目１１-８,,0,蒲田,蒲田,久が原駅,久が原駅|鵜の木駅|御嶽山駅|千鳥町駅|下丸子駅|沼部駅|武蔵新田駅|雪が谷大塚駅|池上駅|向河原駅,108.0,,,,駅近(≤500m),20,+20(rental=1),0,1
駅近のレンタルダンススタジオ 東京,条件,S,NML dance studio,〒189-0014 東京都東村山市本町２丁目21-３ 1F,,0,東村山,東村山,東村山駅,東村山駅|久米川駅|八坂駅|西武園駅,281.0,,,,駅近(≤500m),45,+20(rental=1)|+25(ダンススタジオ),0,1
駅近のレンタルダンススタジオ 東京,条件,S,NML dance studioふじみ野校,〒354-0036 埼玉県富士見市ふじみ野東２丁目１-１ グリーンテラスふじみ野 2F,,0,その他,その他,ふじみ野駅,ふじみ野駅|上福岡駅,144.0,,,,駅近(≤500m),45,+20(rental=1)|+25(ダンススタジオ),0,1
駅近のレンタルダンススタジオ 東京,条件,S,NSH MAJOR RENTAL STUDIO,〒153-0051 東京都目黒区上目黒３丁目６-１８ TYビル9階 Tyビル,,0,中目黒,中目黒,中目黒駅,中目黒駅|代官山駅|祐天寺駅|恵比寿駅|池尻大橋駅|神泉駅|渋谷駅|学芸大学駅|目黒駅,205.0,,,,駅近(≤500m),50,+20(rental=1)|+30(レンタルスタジオ),0,1
駅近のレンタルダンススタジオ 東京,条件,S,PLUS DANCE STUDIO,〒169-0075 東京都新宿区高田馬場４丁目１４-４,,0,新宿,新宿|西新宿|高田馬場|新大久保,高田馬場駅,高田馬場駅,267.0,,,,駅近(≤500m),45,+20(rental=1)|+25(ダンススタジオ),0,1
駅近のレンタルダンススタジオ 東京,条件,S,Pole and Aerial Studio Polish 銀座店,〒104-0061 東京都中央区銀座７丁目８-１３ Brown Place 3階,,0,銀座,銀座|日本橋|八丁堀|月島,新橋駅,新橋駅|有楽町駅,428.0,,,,駅近(≤500m),20,+20(rental=1),0,1
駅近のレンタルダンススタジオ 東京,条件,S,Pole and Aerial Studio POLISH五反田,〒141-0031 東京都品川区西五反田１丁目５-２ トラヤビル 7階,,0,品川,品川|五反田|大井町|目黒,五反田駅,五反田駅|大崎駅|目黒駅,112.0,,,,駅近(≤500m),20,+20(rental=1),0,1
駅近のレンタルダンススタジオ 東京,条件,S,Pole and Aerial Studio POLISH六本木,〒106-0032 東京都港区六本木７丁目１２-３,,0,六本木,六本木|赤坂|麻布|新橋,六本木駅,六本木駅|青山一丁目駅|麻布十番駅,187.0,,,,駅近(≤500m),20,+20(rental=1),0,1
駅近のレンタルダンススタジオ 東京,条件,S,Pole Dance Tokyo ポールダンス東京,〒107-0052 東京都港区赤坂３丁目１６-８ 東海アネックスビルB1,,0,六本木,六本木|赤坂|麻布|新橋,赤坂駅,赤坂駅|青山一丁目駅,150.0,,,,駅近(≤500m),20,+20(rental=1),0,1
駅近のレンタルダンススタジオ 東京,条件,S,STUDIO A1-04（レンタルスタジオ）,〒150-0021 東京都渋谷区恵比寿西１丁目１４-３ 満栄佐藤ビル 2階 202号室,,0,渋谷,渋谷|恵比寿|代官山|原宿,恵比寿駅,恵比寿駅,232.0,,,,駅近(≤500m),50,+20(rental=1)|+30(レンタルスタジオ),0,1
駅近のレンタルダンススタジオ 東京,条件,S,谷淑江スペイン舞踊スタジオ DANZARTE（ダンサルテ）,〒150-0013 東京都渋谷区恵比寿１丁目１６-28-2F ＴＫビル,,0,渋谷,渋谷|恵比寿|代官山|原宿,恵比寿駅,恵比寿駅,312.0,,,,駅近(≤500m),20,+20(rental=1),0,1
駅近のレンタルダンススタジオ 東京,条件,S,スタジオ白猫屋 経堂R店,〒156-0052 東京都世田谷区経堂１丁目１１-１３ 長島ビル 3Ｆ,,0,下北沢,下北沢|三軒茶屋|二子玉川|自由が丘,経堂駅,経堂駅|宮の坂駅|山下駅|豪徳寺駅|上町駅|千歳船橋駅|松原駅|世田谷駅|梅ヶ丘駅|松陰神社前駅,203.0,,,,駅近(≤500m),20,+20(rental=1),0,1
駅近のレンタルダンススタジオ 東京,条件,S,リリィ スタジオ&カフェ レンタルカフェ,〒156-0052 東京都世田谷区経堂２丁目７-１４-１０２,,0,下北沢,下北沢|三軒茶屋|二子玉川|自由が丘,経堂駅,経堂駅|松原駅|山下駅|宮の坂駅|豪徳寺駅|千歳船橋駅|上町駅|下高井戸駅|桜上水駅|梅ヶ丘駅,261.0,,,,駅近(≤500m),20,+20(rental=1),0,1
駅近のレンタルダンススタジオ 東京,条件,S,RAISE UP STUDIO 自由が丘 レンタルスタジオ,〒152-0035 東京都目黒区自由が丘１丁目３-22-B1,,0,中目黒,中目黒,自由が丘駅,自由が丘駅,288.0,,,,駅近(≤500m),50,+20(rental=1)|+30(レンタルスタジオ),0,1
駅近のレンタルダンススタジオ 東京,条件,S,RE:STUDIO body&life,〒215-0021 神奈川県川崎市麻生区上麻生５丁目３８-７ 東和サープラス柿生 211号室,,0,その他,その他,柿生駅,柿生駅|五月台駅|新百合ヶ丘駅|鶴川駅,61.0,,,,駅近(≤500m),20,+20(rental=1),0,1
駅近のレンタルダンススタジオ 東京,条件,S,REDEIC DANCE STUDIO,〒146-0092 東京都大田区下丸子３丁目２５-５,,0,蒲田,蒲田,下丸子駅,下丸子駅|武蔵新田駅|千鳥町駅|鵜の木駅|久が原駅|平間駅|向河原駅|矢口渡駅|池上駅|御嶽山駅,334.0,,,,駅近(≤500m),45,+20(rental=1)|+25(ダンススタジオ),0,1
駅近のレンタルダンススタジオ 東京,条件,S,レンタルスタジオ スタジオザルツ,〒157-0065 東京都世田谷区上祖師谷１丁目３６-５ ル・クレール 地下一階,,0,下北沢,下北沢|三軒茶屋|二子玉川|自由が丘,千歳烏山駅,千歳烏山駅|芦花公園駅|仙川駅|八幡山駅,216.0,,,,駅近(≤500m),50,+20(rental=1)|+30(レンタルスタジオ),0,1
駅近のレンタルダンススタジオ 東京,条件,S,Rei Dance Collection 駅前校,〒150-0002 東京都渋谷区渋谷３丁目２８-７ 青ビル B1F,,0,渋谷,渋谷|恵比寿|代官山|原宿,渋谷駅,渋谷駅|恵比寿駅,324.0,,,,駅近(≤500m),20,+20(rental=1),0,1
駅近のレンタルダンススタジオ 東京,条件,S,Rei Dance Collection 本校,〒150-0031 東京都渋谷区桜丘町２９-３５ パーソンズビル地下1階,,0,渋谷,渋谷|恵比寿|代官山|原宿,渋谷駅,渋谷駅,409.0,,,,駅近(≤500m),20,+20(rental=1),0,1
駅近のレンタルダンススタジオ 東京,条件,S,rjspace外苑前駅4番出口,〒107-0062 東京都港区南青山２丁目１４-１７ アートメイク・トキ 美容室内 ジョワレ南青山 第18吉田ビル 2F,,0,六本木,六本木|赤坂|麻布|新橋,外苑前駅,外苑前駅|青山一丁目駅|表参道駅,247.0,,,,駅近(≤500m),20,+20(rental=1),0,1
駅近のレンタルダンススタジオ 東京,条件,S,レンタルスタジオSunny 高田馬場1号店,〒169-0075 東京都新宿区高田馬場４丁目１-５ 5F,,0,新宿,新宿|西新宿|高田馬場|新大久保,高田馬場駅,高田馬場駅|新大久保駅,290.0,,,,駅近(≤500m),50,+20(rental=1)|+30(レンタルスタジオ),0,1
駅近のレンタルダンススタジオ 東京,条件,S,RHYTHM STEP (幼児ダンス、キッズヒップホップダンス、レンタル),"1番地4, １丁目 緑が丘西 八千代市 千葉県 266-0046",,0,その他,その他,八千代緑が丘駅,八千代緑が丘駅|船橋日大前駅,253.0,,,,駅近(≤500m),20,+20(rental=1),0,1
駅近のレンタルダンススタジオ 東京,条件,S,リアン 高田馬場スタジオ道順,〒171-0033 東京都豊島区高田３丁目２７-１ CLK高田ビル,,0,池袋,池袋|目白|大塚|巣鴨,高田馬場駅,高田馬場駅,484.0,,,,駅近(≤500m),20,+20(rental=1),0,1
駅近のレンタルダンススタジオ 東京,条件,S,レンタルスタジオSunny高田馬場2号店,〒169-0075 東京都高田馬場１丁目３４-２ 千葉ビル 1F,,0,東京,東京,高田馬場駅,高田馬場駅,62.0,,,,駅近(≤500m),50,+20(rental=1)|+30(レンタルスタジオ),0,1
駅近のレンタルダンススタジオ 東京,条件,S,Rinky Dink Studio お茶の水 神保町店,〒101-0051 東京都千代田区 アイピー第1ビル 6F・7F・8F 神田神保町1-2-12,,0,秋葉原,秋葉原,神保町駅,神保町駅|新御茶ノ水駅|御茶ノ水駅|小川町駅|竹橋駅|九段下駅|水道橋駅|神田駅|大手町駅|岩本町駅,231.0,,,,駅近(≤500m),20,+20(rental=1),0,1
駅近のレンタルダンススタジオ 東京,条件,S,Rinky Dink Studio 中野店,〒164-0001 東京都中野区中野２丁目２５-２ トビタビル ２階,,0,中野,中野,中野駅,中野駅,133.0,,,,駅近(≤500m),20,+20(rental=1),0,1
駅近のレンタルダンススタジオ 東京,条件,S,Rinky Dink Studio 梅ヶ丘,〒154-0022 東京都世田谷区梅丘１丁目２１-７ ３階～４階 梅丘駅前ビル,,0,下北沢,下北沢|三軒茶屋|二子玉川|自由が丘,梅ヶ丘駅,梅ヶ丘駅|豪徳寺駅|山下駅|世田谷代田駅|東松原駅|新代田駅|松原駅|宮の坂駅|若林駅|松陰神社前駅,36.0,,,,駅近(≤500m),20,+20(rental=1),0,1
駅近のレンタルダンススタジオ 東京,条件,S,Risley八王子店,〒192-0085 東京都八王子市中町７-１１ 福島ビル B1,,0,八王子,八王子,八王子駅,八王子駅,402.0,,,,駅近(≤500m),20,+20(rental=1),0,1
駅近のレンタルダンススタジオ 東京,条件,S,ROJIスタジオStudioStyle+,〒160-0023 東京都新宿区西新宿７丁目１５-１４,,0,新宿,新宿|西新宿|高田馬場|新大久保,西武新宿駅,西武新宿駅|新宿駅|新大久保駅,265.0,,,,駅近(≤500m),20,+20(rental=1),0,1
駅近のレンタルダンススタジオ 東京,条件,S,RSC MASAMI STUDIO,〒130-0013 東京都墨田区錦糸３丁目１１-１ 興和2ビル 6F,,0,錦糸町,錦糸町,錦糸町駅,錦糸町駅,283.0,,,,駅近(≤500m),20,+20(rental=1),0,1
駅近のレンタルダンススタジオ 東京,条件,S,Ryo Dance Studio,"〒196-0015 東京都昭島市昭和町２丁目２?番, 16号, 4F",,0,東京,東京,昭島駅,昭島駅|中神駅|西武立川駅|拝島駅,137.0,,,,駅近(≤500m),45,+20(rental=1)|+25(ダンススタジオ),0,1
駅近のレンタルダンススタジオ 東京,条件,S,BUZZ 高田馬場2丁目,〒169-0075 東京都新宿区高田馬場２丁目１０-１０ ミナエビル,,0,新宿,新宿|西新宿|高田馬場|新大久保,高田馬場駅,高田馬場駅,408.0,,,,駅近(≤500m),20,+20(rental=1),0,1
駅近のレンタルダンススタジオ 東京,条件,S,ＳＧ ＳＴＵＤＩＯ,〒166-0012 東京都杉並区和田１丁目１-１３ Ｂ１ 入り口は川沿い,,0,高円寺,高円寺,中野富士見町駅,中野富士見町駅|中野新橋駅|新中野駅|方南町駅|東高円寺駅|中野坂上駅|西新宿五丁目駅（清水橋）|中野駅|幡ヶ谷駅|新高円寺駅,77.0,,,,駅近(≤500m),20,+20(rental=1),0,1
駅近のレンタルダンススタジオ 東京,条件,S,SHAKE DANCE STUDIO 八王子校,〒192-0081 東京都八王子市横山町５-１４ ｗｉｌｌＤｏ八王子,,0,八王子,八王子,八王子駅,八王子駅,405.0,,,,駅近(≤500m),45,+20(rental=1)|+25(ダンススタジオ),0,1
駅近のレンタルダンススタジオ 東京,条件,S,BUZZ レンタルスタジオ 西国分寺店,〒185-0024 東京都国分寺市泉町３丁目３７-２５ 天龍ビル B1,https://dance-studio-lab.com/room/ZDcyMzBmZWYtMzdiYS00YjY0LThmOGEtZDJjMzQxNTVlZDA2/detail,1,国分寺,国分寺,西国分寺駅,西国分寺駅|恋ヶ窪駅|国分寺駅|国立駅,117.0,,,,駅近(≤500m),80,+30(dslurl)|+20(rental=1)|+30(レンタルスタジオ),0,1
駅近のレンタルダンススタジオ 東京,条件,S,レンタルスタジオ 国立リノ,〒186-0002 東京都国立市東１丁目15-22 4 国立サニービル 階C号室,,0,国立,国立,国立駅,国立駅|西国分寺駅|谷保駅,267.0,,,,駅近(≤500m),50,+20(rental=1)|+30(レンタルスタジオ),0,1
駅近のレンタルダンススタジオ 東京,条件,S,エコール・ド・バレエ・エタンセル,〒186-0002 東京都国立市東１丁目15-２２ 国立サニービル 4F B号室,,0,国立,国立,国立駅,国立駅|西国分寺駅|谷保駅,267.0,,,,駅近(≤500m),20,+20(rental=1),0,1
駅近のレンタルダンススタジオ 東京,条件,S,STUDIO CHACHA,〒187-0035 東京都小平市小川西町４丁目１４-２２,,0,小平,小平,小川駅,小川駅|新小平駅|八坂駅|萩山駅|青梅街道駅|鷹の台駅|久米川駅,133.0,,,,駅近(≤500m),20,+20(rental=1),0,1
駅近のレンタルダンススタジオ 東京,条件,S,SIM STUDIOお台場,〒135-0062 東京都江東区東雲２丁目１４-３５,,0,豊洲,豊洲,東雲駅,東雲駅|有明駅|国際展示場駅|有明テニスの森駅|東京ビッグサイト駅|辰巳駅|新豊洲駅|市場前駅|豊洲駅,493.0,,,,駅近(≤500m),20,+20(rental=1),0,1
駅近のレンタルダンススタジオ 東京,条件,S,カルチャースタジオ花,〒187-0003 東京都小平市花小金井南町１丁目１４-２４,,0,小平,小平,花小金井駅,花小金井駅,361.0,,,,駅近(≤500m),20,+20(rental=1),0,1
駅近のレンタルダンススタジオ 東京,条件,S,SK.DANCE STUDIO 赤羽 チアダンススタジオ,〒115-0044 東京都北区赤羽南１丁目３-１ 高橋ビル 1F,,0,赤羽,赤羽,赤羽駅,赤羽駅,283.0,,,,駅近(≤500m),45,+20(rental=1)|+25(ダンススタジオ),0,1
駅近のレンタルダンススタジオ 東京,条件,S,SKYレンタルダンススタジオ,〒530-0028 大阪府大阪市北区万歳町３-４１ ホワイトコーポラス 104,,0,赤羽,赤羽,中崎町駅,中崎町駅|大阪梅田駅|扇町駅|東梅田駅|梅田駅|天満駅|大阪駅|天神橋筋六丁目駅|中津駅|南森町駅,210.0,,,,駅近(≤500m),60,+20(rental=1)|+40(レンタルダンス),0,1
駅近のレンタルダンススタジオ 東京,条件,S,SORAスタジオ3,〒131-0045 東京都墨田区押上１丁目２９-２ 3,,0,錦糸町,錦糸町,押上駅,押上駅,468.0,,,,駅近(≤500m),40,+20(rental=1)|+20(web),0,1
駅近のレンタルダンススタジオ 東京,条件,S,BUZZ レンタルスタジオ 国分寺店,〒185-0021 東京都国分寺市南町３丁目２７-７ 白馬ビル B1F,https://dance-studio-lab.com/room/ZjIzMWQ0ZjctM2ViOC00Yzg1LWExMzMtMGFkZDYwYzg1Mjhj/detail,1,国分寺,国分寺,国分寺駅,国分寺駅,334.0,,,,駅近(≤500m),80,+30(dslurl)|+20(rental=1)|+30(レンタルスタジオ),0,1
駅近のレンタルダンススタジオ 東京,条件,S,レンタルスタジオクラッセ国分寺,〒185-0021 東京都国分寺市南町３丁目１８-２ 川端ビル ４階A,,0,国分寺,国分寺,国分寺駅,国分寺駅,179.0,,,,駅近(≤500m),50,+20(rental=1)|+30(レンタルスタジオ),0,1
駅近のレンタルダンススタジオ 東京,条件,S,SOUTH MINT STUDIO 南青山,〒107-0062 東京都港区南青山２丁目２７-２０ B1F,,0,六本木,六本木|赤坂|麻布|新橋,外苑前駅,外苑前駅|表参道駅|青山一丁目駅,167.0,,,,駅近(≤500m),20,+20(rental=1),0,1
駅近のレンタルダンススタジオ 東京,条件,S,SoyLatte STUDIO,〒141-0031 東京都品川区西五反田２丁目１７-８ 管野ビル ３F,,0,品川,品川|五反田|大井町|目黒,五反田駅,五反田駅|目黒駅|大崎駅,203.0,,,,駅近(≤500m),20,+20(rental=1),0,1
駅近のレンタルダンススタジオ 東京,条件,S,SPROUT DANCE STUDIO 梅田店,〒530-0026 大阪府大阪市北区神山町１-１５ ＴＲＵＳＴ ＢＵＩＬＤＩＮＧ 1 階,,0,赤羽,赤羽,扇町駅,扇町駅|中崎町駅|天満駅|東梅田駅|南森町駅|大阪梅田駅|梅田駅|大阪駅|天神橋筋六丁目駅|北新地駅,428.0,,,,駅近(≤500m),45,+20(rental=1)|+25(ダンススタジオ),0,1
駅近のレンタルダンススタジオ 東京,条件,S,Starnite Dance Studio,〒260-0013 千葉県千葉市中央区中央３丁目４-１７ Gaビル 3F,,0,銀座,銀座|日本橋|八丁堀|月島,葭川公園駅,葭川公園駅|千葉中央駅|栄町駅|県庁前駅|京成千葉駅|本千葉駅|東千葉駅|千葉駅|千葉公園駅|市役所前駅,160.0,,,,駅近(≤500m),45,+20(rental=1)|+25(ダンススタジオ),0,1
駅近のレンタルダンススタジオ 東京,条件,S,studio ∞ Fi (スタジオ フィー),〒214-0022 神奈川県川崎市多摩区堰２丁目４-６,,0,その他,その他,久地駅,久地駅|宿河原駅|津田山駅,374.0,,,,駅近(≤500m),20,+20(rental=1),0,1
駅近のレンタルダンススタジオ 東京,条件,S,25 DANCE SPOT(ニコスポ),〒213-0002 神奈川県川崎市高津区二子４丁目８-２１ プリモクラッセ高津 B1階,,0,その他,その他,高津駅,高津駅|二子新地駅|溝の口駅|武蔵溝ノ口駅|二子玉川駅|梶が谷駅|津田山駅|武蔵新城駅,178.0,,,,駅近(≤500m),20,+20(rental=1),0,1
駅近のレンタルダンススタジオ 東京,条件,S,studio arty 高田馬場,〒169-0075 東京都新宿区高田馬場３丁目５-３ 第90東京ビル ２F,,0,新宿,新宿|西新宿|高田馬場|新大久保,高田馬場駅,高田馬場駅,270.0,,,,駅近(≤500m),20,+20(rental=1),0,1
駅近のレンタルダンススタジオ 東京,条件,S,Studio BLANZ,〒170-0011 東京都豊島区池袋本町４丁目４５-１ 1F&B1F 芙蓉ビル,,0,池袋,池袋|目白|大塚|巣鴨,板橋駅,板橋駅|下板橋駅|北池袋駅|新板橋駅|板橋区役所前駅|西巣鴨駅|新庚申塚駅|庚申塚駅|巣鴨新田駅|西ヶ原四丁目駅,236.0,,,,駅近(≤500m),20,+20(rental=1),0,1
駅近のレンタルダンススタジオ 東京,条件,S,桜新町studio,〒154-0015 東京都世田谷区桜新町１丁目３３-１３,,0,下北沢,下北沢|三軒茶屋|二子玉川|自由が丘,桜新町駅,桜新町駅|用賀駅|駒沢大学駅|上野毛駅|上町駅|世田谷駅,469.0,,,,駅近(≤500m),20,+20(rental=1),0,1
駅近のレンタルダンススタジオ 東京,条件,S,レンタルスタジオマイレッスン 三軒茶屋店,〒154-0024 東京都世田谷区三軒茶屋１丁目３０-９,,0,下北沢,下北沢|三軒茶屋|二子玉川|自由が丘,三軒茶屋駅,三軒茶屋駅,235.0,,,,駅近(≤500m),50,+20(rental=1)|+30(レンタルスタジオ),0,1
駅近のレンタルダンススタジオ 東京,条件,S,レンタルスタジオKACHA,〒158-0097 東京都世田谷区用賀２丁目３８-１４ 天虎ビル 202,,0,下北沢,下北沢|三軒茶屋|二子玉川|自由が丘,用賀駅,用賀駅|桜新町駅|上野毛駅|二子玉川駅,130.0,,,,駅近(≤500m),50,+20(rental=1)|+30(レンタルスタジオ),0,1
駅近のレンタルダンススタジオ 東京,条件,S,Studio Crucial スタジオ クルーシャル,〒202-0014 東京都西東京市富士町４丁目１７-６ B1,,0,ひばりヶ丘,ひばりヶ丘,東伏見駅,東伏見駅|武蔵関駅|西武柳沢駅,100.0,,,,駅近(≤500m),20,+20(rental=1),0,1
駅近のレンタルダンススタジオ 東京,条件,S,STUDIO DANCE ALIVE 河原町本校,〒600-8029 京都府京都市下京区西橋詰町７６２ 7F,,0,その他,その他,清水五条駅,清水五条駅|京阪電車祇園四条駅|五条駅|京都河原町駅|七条駅|祇園四条駅|京阪電車 七条駅|四条駅|烏丸駅|駅ナカスイーツ 西店,184.0,,,,駅近(≤500m),20,+20(rental=1),0,1
駅近のレンタルダンススタジオ 東京,条件,S,Studio EFU（スタジオ エフ）,〒185-0012 東京都国分寺市本町２丁目２-１１ 鳥越ビル Ｂ１,,0,国分寺,国分寺,国分寺駅,国分寺駅,124.0,,,,駅近(≤500m),20,+20(rental=1),0,1
駅近のレンタルダンススタジオ 東京,条件,S,STUDIO ELEVATE スタジオエレベート,〒154-0024 東京都世田谷区三軒茶屋２丁目１１-２４ サンタワーズＡ 棟401,,0,下北沢,下北沢|三軒茶屋|二子玉川|自由が丘,三軒茶屋駅,三軒茶屋駅,265.0,,,,駅近(≤500m),20,+20(rental=1),0,1
駅近のレンタルダンススタジオ 東京,条件,S,STUDIO ENOCH,〒183-0014 東京都府中市是政５丁目6-6 104,,0,府中,府中,是政駅,是政駅|南多摩駅|競艇場前駅|府中競馬正門前駅|東府中駅|府中本町駅|多磨霊園駅|稲城長沼駅|府中駅,40.0,,,,駅近(≤500m),20,+20(rental=1),0,1
駅近のレンタルダンススタジオ 東京,条件,S,Studio ENTRADA森下ANNEX,〒130-0024 東京都墨田区菊川１丁目９-１４ ４F,,0,錦糸町,錦糸町,菊川駅,菊川駅|森下駅|清澄白河駅|両国駅|住吉駅|浜町駅|錦糸町駅|東日本橋駅|水天宮前駅|馬喰横山駅,332.0,,,,駅近(≤500m),20,+20(rental=1),0,1
駅近のレンタルダンススタジオ 東京,条件,S,Studio Face東十条店 ダンスも会議もできるレンタルスタジオ,〒114-0001 東京都北区東十条３丁目１４-１３ ジョイフルプラザ３ 3階,,0,赤羽,赤羽,東十条駅,東十条駅|王子神谷駅|十条駅|志茂駅|赤羽駅|王子駅前駅|王子駅|飛鳥山駅,370.0,,,,駅近(≤500m),50,+20(rental=1)|+30(レンタルスタジオ),0,1
駅近のレンタルダンススタジオ 東京,条件,S,Studio Faith（スタジオフェイス）浦安校,〒279-0001 千葉県浦安市当代島１丁目１７-１９ 第2岡清ビル 5F,,0,その他,その他,浦安駅,浦安駅|南行徳駅|葛西駅,203.0,,,,駅近(≤500m),20,+20(rental=1),0,1
駅近のレンタルダンススタジオ 東京,条件,S,studio FANTO,〒101-0032 東京都千代田区岩本町３丁目１-９ NOVEL WORK Iwamotocho B1F,,0,秋葉原,秋葉原,秋葉原駅,秋葉原駅,478.0,,,,駅近(≤500m),20,+20(rental=1),0,1
駅近のレンタルダンススタジオ 東京,条件,S,STUDIO FOXTAIL,〒140-0013 東京都品川区南大井２丁目１２-１０ ライオンズマンション大森 1F,,0,品川,品川|五反田|大井町|目黒,大森海岸駅,大森海岸駅|大森駅|立会川駅|平和島駅|流通センター駅|鮫洲駅|大森町駅|西大井駅,156.0,,,,駅近(≤500m),20,+20(rental=1),0,1
駅近のレンタルダンススタジオ 東京,条件,S,studio fusion レンタルスタジオ,〒176-0001 東京都練馬区練馬１丁目２０-３ Nビル 2F,,0,練馬,練馬,練馬駅,練馬駅|桜台駅|豊島園駅|新桜台駅|新江古田駅|氷川台駅|江古田駅|中村橋駅,186.0,,,,駅近(≤500m),50,+20(rental=1)|+30(レンタルスタジオ),0,1
駅近のレンタルダンススタジオ 東京,条件,S,Studio growpoint,〒171-0052 東京都豊島区南長崎１丁目１-１０,,0,池袋,池袋|目白|大塚|巣鴨,椎名町駅,椎名町駅|落合南長崎駅|下落合駅|中井駅|東長崎駅|要町駅|目白駅|落合駅|高田馬場駅|千川駅,369.0,,,,駅近(≤500m),20,+20(rental=1),0,1
駅近のレンタルダンススタジオ 東京,条件,S,アトリエ エマーブル,〒158-0097 東京都世田谷区用賀３丁目１８-８ セントラルSOUI103,,0,下北沢,下北沢|三軒茶屋|二子玉川|自由が丘,用賀駅,用賀駅|桜新町駅|上町駅,374.0,,,,駅近(≤500m),20,+20(rental=1),0,1
駅近のレンタルダンススタジオ 東京,条件,S,スタジオグロウ市ヶ谷店,〒162-0846 東京都新宿区市谷左内町２７-１ イマジナビル 地下1階,,0,新宿,新宿|西新宿|高田馬場|新大久保,市ケ谷駅,市ケ谷駅|牛込神楽坂駅|四ツ谷駅|牛込柳町駅|曙橋駅|麹町駅|神楽坂駅|半蔵門駅|飯田橋駅|四谷三丁目駅,335.0,,,,駅近(≤500m),20,+20(rental=1),0,1
駅近のレンタルダンススタジオ 東京,条件,S,レンタルスタジオ モエギ市ヶ谷 ヨガダンスストレッチサロン Moegi市ヶ谷,〒102-0073 東京都千代田区九段北４丁目１-１５ MT市ヶ谷 201,,0,秋葉原,秋葉原,市ケ谷駅,市ケ谷駅|半蔵門駅|麹町駅|牛込神楽坂駅|四ツ谷駅|九段下駅|飯田橋駅|神楽坂駅|牛込柳町駅|曙橋駅,363.0,,,,駅近(≤500m),50,+20(rental=1)|+30(レンタルスタジオ),0,1
駅近のレンタルダンススタジオ 東京,条件,S,STUDIO KIRINJI,〒446-0032 愛知県安城市御幸本町７-１７ 安城壹番館４階,,0,その他,その他,安城駅,安城駅|北安城駅|南安城駅,181.0,,,,駅近(≤500m),20,+20(rental=1),0,1
駅近のレンタルダンススタジオ 東京,条件,S,Studio sun and moon,〒160-0004 東京都新宿区四谷４丁目１３-５８,,0,新宿,新宿|西新宿|高田馬場|新大久保,四谷三丁目駅,四谷三丁目駅|新宿御苑前駅|曙橋駅|信濃町駅|千駄ケ谷駅|国立競技場駅|新宿三丁目駅|四ツ谷駅|若松河田駅|東新宿駅,302.0,,,,駅近(≤500m),20,+20(rental=1),0,1
駅近のレンタルダンススタジオ 東京,条件,S,STUDIO KYU,〒812-0895 福岡県福岡市博多区竹下４丁目１４-３０ 博多山ビル 2F,,0,その他,その他,竹下駅,竹下駅|大橋駅|高宮駅|井尻駅,171.0,,,,駅近(≤500m),20,+20(rental=1),0,1
駅近のレンタルダンススタジオ 東京,条件,S,Studio Landin' 国分寺校,〒185-0021 東京都国分寺市南町３丁目２２-３１ 島崎ビルB1F,,0,国分寺,国分寺,国分寺駅,国分寺駅,254.0,,,,駅近(≤500m),20,+20(rental=1),0,1
駅近のレンタルダンススタジオ 東京,条件,S,Studio Leaf,〒144-0047 東京都大田区萩中１丁目４-１２-３０１,,0,蒲田,蒲田,糀谷駅,糀谷駅|京急蒲田駅|雑色駅|大鳥居駅|蒲田駅|梅屋敷駅|川崎大師駅|穴守稲荷駅|東門前駅|鈴木町駅,406.0,,,,駅近(≤500m),20,+20(rental=1),0,1
駅近のレンタルダンススタジオ 東京,条件,S,琉球スタジオCanDokoro,〒160-0007 東京都新宿区荒木町６-４ ラ・ベルロシェ 101,,0,新宿,新宿|西新宿|高田馬場|新大久保,四谷三丁目駅,四谷三丁目駅|曙橋駅|四ツ谷駅|信濃町駅|新宿御苑前駅|牛込柳町駅|市ケ谷駅|若松河田駅|国立競技場駅|麹町駅,295.0,,,,駅近(≤500m),20,+20(rental=1),0,1
駅近のレンタルダンススタジオ 東京,条件,S,Studio LIBRE（スタジオ リーブル）,〒215-0025 神奈川県川崎市麻生区五力田２丁目８-３,,0,その他,その他,五月台駅,五月台駅|栗平駅|柿生駅|新百合ヶ丘駅,126.0,,,,駅近(≤500m),20,+20(rental=1),0,1
駅近のレンタルダンススタジオ 東京,条件,S,STUDIO ONEWAY TOKYO,〒164-0013 東京都中野区弥生町５丁目２０-１ 弥生町ユニオンビル B2F,,0,中野,中野,中野富士見町駅,中野富士見町駅|中野新橋駅|新中野駅|方南町駅|東高円寺駅|西新宿五丁目駅（清水橋）|中野坂上駅|幡ヶ谷駅|笹塚駅|初台駅,208.0,,,,駅近(≤500m),20,+20(rental=1),0,1
駅近のレンタルダンススタジオ 東京,条件,S,studio opus-スタジオ オープス-,〒140-0014 東京都品川区大井４丁目１-３ TOKOビル B1F,,0,品川,品川|五反田|大井町|目黒,大井町駅,大井町駅,312.0,,,,駅近(≤500m),20,+20(rental=1),0,1
駅近のレンタルダンススタジオ 東京,条件,S,STUDIO POLISH（スタジオポリッシュ）,〒142-0062 東京都品川区小山６丁目７-１４ プランドールＫａｓｅｙａ,,0,品川,品川|五反田|大井町|目黒,西小山駅,西小山駅|洗足駅|武蔵小山駅|北千束駅|旗の台駅|荏原中延駅|戸越銀座駅|長原駅|荏原町駅|大岡山駅,121.0,,,,駅近(≤500m),20,+20(rental=1),0,1
駅近のレンタルダンススタジオ 東京,条件,S,多摩スタジオ,〒201-0014 東京都狛江市東和泉３丁目３-１０,,0,狛江,狛江,和泉多摩川駅,和泉多摩川駅|狛江駅|登戸駅|宿河原駅|向ヶ丘遊園駅|喜多見駅,64.0,,,,駅近(≤500m),40,+20(rental=1)|+20(web),0,1
駅近のレンタルダンススタジオ 東京,条件,S,STUDIO SPACE N 二子新地校,〒213-0002 神奈川県川崎市高津区二子２丁目１５,,0,その他,その他,高津駅,高津駅|二子新地駅|二子玉川駅|溝の口駅|武蔵溝ノ口駅|津田山駅|梶が谷駅|上野毛駅,323.0,,,,駅近(≤500m),20,+20(rental=1),0,1
駅近のレンタルダンススタジオ 東京,条件,S,アテール明大前第１スタジオ（レンタルスタジオTerritory M ）,〒156-0043 東京都世田谷区松原２丁目４２-７ 第２松岡ビル ２F,,0,下北沢,下北沢|三軒茶屋|二子玉川|自由が丘,明大前駅,明大前駅|下高井戸駅|代田橋駅|東松原駅|永福町駅|松原駅|新代田駅|梅ヶ丘駅|桜上水駅|西永福駅,170.0,,,,駅近(≤500m),50,+20(rental=1)|+30(レンタルスタジオ),0,1
駅近のレンタルダンススタジオ 東京,条件,S,studio WILDKIDS 亀戸駅前校 SOLstudio,〒136-0071 東京都江東区亀戸６丁目５６-４ 1階店舗,,0,豊洲,豊洲,亀戸駅,亀戸駅|亀戸水神駅|大島駅|西大島駅|東あずま駅|小村井駅|錦糸町駅|平井駅|住吉駅|東大島駅,370.0,,,,駅近(≤500m),20,+20(rental=1),0,1
駅近のレンタルダンススタジオ 東京,条件,S,studio WILDKIDS 亀戸水神駅前校 CIERO studio,〒136-0071 東京都江東区亀戸８丁目１４-１１ 1階店舗,,0,豊洲,豊洲,亀戸水神駅,亀戸水神駅|亀戸駅|東あずま駅|平井駅|小村井駅|大島駅|西大島駅|東大島駅|錦糸町駅,48.0,,,,駅近(≤500m),20,+20(rental=1),0,1
駅近のレンタルダンススタジオ 東京,条件,S,studio worcle okubo,〒169-0073 東京都新宿区百人町１丁目２１-５ 新宿Stビル,,0,新宿,新宿|西新宿|高田馬場|新大久保,新大久保駅,新大久保駅|西武新宿駅|新宿駅,342.0,,,,駅近(≤500m),20,+20(rental=1),0,1
駅近のレンタルダンススタジオ 東京,条件,S,studio worcle shibuya,〒150-0031 東京都渋谷区桜丘町１４-１０ 地下１階,,0,渋谷,渋谷|恵比寿|代官山|原宿,渋谷駅,渋谷駅,259.0,,,,駅近(≤500m),20,+20(rental=1),0,1
駅近のレンタルダンススタジオ 東京,条件,S,studio worcle shinjuku,〒160-0023 東京都新宿区西新宿７丁目１６-７ 第２１フジビル,,0,新宿,新宿|西新宿|高田馬場|新大久保,西武新宿駅,西武新宿駅|新大久保駅|新宿駅,278.0,,,,駅近(≤500m),20,+20(rental=1),0,1
駅近のレンタルダンススタジオ 東京,条件,S,studio worcle shinjuku-gyoen,〒160-0004 東京都新宿区四谷４丁目３２-４ B1 B2,,0,新宿,新宿|西新宿|高田馬場|新大久保,新宿御苑前駅,新宿御苑前駅|四谷三丁目駅|曙橋駅|新宿三丁目駅|千駄ケ谷駅|国立競技場駅|若松河田駅|東新宿駅|信濃町駅|新宿駅,390.0,,,,駅近(≤500m),20,+20(rental=1),0,1
駅近のレンタルダンススタジオ 東京,条件,S,studio worcle yoyogi,〒151-0053 東京都渋谷区代々木１丁目３６-１２ 2F,,0,渋谷,渋谷|恵比寿|代官山|原宿,代々木駅,代々木駅|新宿駅,141.0,,,,駅近(≤500m),20,+20(rental=1),0,1
駅近のレンタルダンススタジオ 東京,条件,S,studio worcle 池袋店,〒171-0022 東京都豊島区南池袋２丁目２２-４,,0,池袋,池袋|目白|大塚|巣鴨,池袋駅,池袋駅,354.0,,,,駅近(≤500m),20,+20(rental=1),0,1
駅近のレンタルダンススタジオ 東京,条件,S,studio_MINT 錦糸町,〒130-0012 東京都墨田区太平３丁目１-４,https://dance-studio-lab.com/room/ZDgyZDBlYjYtZWM1YS00MGNhLWI3YjEtZjRmNTEzZmU5NjE4/detail,1,錦糸町,錦糸町,錦糸町駅,錦糸町駅|押上駅,356.0,,,,駅近(≤500m),50,+30(dslurl)|+20(rental=1),0,1
駅近のレンタルダンススタジオ 東京,条件,S,STUDIO+DINING TREE,〒132-0024 東京都江戸川区一之江４丁目２-２５,,0,西葛西,西葛西,一之江駅,一之江駅|船堀駅|瑞江駅,393.0,,,,駅近(≤500m),20,+20(rental=1),0,1
駅近のレンタルダンススタジオ 東京,条件,S,STUDIO101,〒252-0106 神奈川県相模原市中央区淵野辺４丁目１３-７,,0,銀座,銀座|日本橋|八丁堀|月島,淵野辺駅,淵野辺駅|矢部駅,366.0,,,,駅近(≤500m),20,+20(rental=1),0,1
駅近のレンタルダンススタジオ 東京,条件,S,studio501,〒141-0032 東京都品川区大崎５丁目４-１２ 八重苅ビル,,0,品川,品川|五反田|大井町|目黒,大崎駅,大崎駅|五反田駅,429.0,,,,駅近(≤500m),20,+20(rental=1),0,1
駅近のレンタルダンススタジオ 東京,条件,S,StudioENTRADA森下,〒135-0004 東京都江東区森下３丁目８-７ カーム落合 1F,,0,豊洲,豊洲,森下駅,森下駅|菊川駅|清澄白河駅|住吉駅|浜町駅|両国駅|錦糸町駅|水天宮前駅|東日本橋駅|門前仲町駅,372.0,,,,駅近(≤500m),20,+20(rental=1),0,1
駅近のレンタルダンススタジオ 東京,条件,S,STUDIOFLAG高田馬場2号店,〒169-0075 東京都新宿区高田馬場２丁目１１-１ YOKE2ビル 地下1F,,0,新宿,新宿|西新宿|高田馬場|新大久保,高田馬場駅,高田馬場駅,455.0,,,,駅近(≤500m),20,+20(rental=1),0,1
駅近のレンタルダンススタジオ 東京,条件,S,渋谷のレンタルスタジオ ユニアス,〒150-0043 東京都渋谷区道玄坂１丁目７-１０ リードシー渋谷道玄坂 B1F 新大宗渋谷,,0,渋谷,渋谷|恵比寿|代官山|原宿,渋谷駅,渋谷駅,213.0,,,,駅近(≤500m),50,+20(rental=1)|+30(レンタルスタジオ),0,1
駅近のレンタルダンススタジオ 東京,条件,S,StudioNEXUS武蔵関校,〒177-0051 東京都練馬区関町北２丁目２２-１３ シャトーセキ B1,,0,練馬,練馬,武蔵関駅,武蔵関駅|東伏見駅|上石神井駅,181.0,,,,駅近(≤500m),20,+20(rental=1),0,1
駅近のレンタルダンススタジオ 東京,条件,S,Studioonda大久保,〒169-0073 東京都新宿区百人町１丁目２３-２ 3F,,0,新宿,新宿|西新宿|高田馬場|新大久保,新大久保駅,新大久保駅|西武新宿駅|新宿駅,388.0,,,,駅近(≤500m),20,+20(rental=1),0,1
駅近のレンタルダンススタジオ 東京,条件,S,STUDIOフェーム,〒124-0024 東京都葛飾区新小岩１丁目４２-４ 明治屋ビル,,0,新小岩,新小岩,新小岩駅,新小岩駅|平井駅,154.0,,,,駅近(≤500m),20,+20(rental=1),0,1
駅近のレンタルダンススタジオ 東京,条件,S,swing swing,〒173-0004 東京都板橋区板橋１丁目３６-６,,0,成増,成増,下板橋駅,下板橋駅|新板橋駅|板橋駅|板橋区役所前駅|北池袋駅|大山駅|西巣鴨駅|十条駅|新庚申塚駅|庚申塚駅,252.0,,,,駅近(≤500m),20,+20(rental=1),0,1
駅近のレンタルダンススタジオ 東京,条件,S,SWITCH STAND ODAIBA,"〒135-0064 東京都江東区青海２丁目７-４, The Soho, 1F",,0,豊洲,豊洲,テレコムセンター駅,テレコムセンター駅|東京国際クルーズターミナル駅|青海駅|台場駅|東京テレポート駅|お台場海浜公園駅,396.0,,,,駅近(≤500m),20,+20(rental=1),0,1
駅近のレンタルダンススタジオ 東京,条件,S,Tap Dance Company Freiheit,〒185-0011 東京都国分寺市本多１丁目１-２０ Cross Stair B,,0,国分寺,国分寺,国分寺駅,国分寺駅,413.0,,,,駅近(≤500m),20,+20(rental=1),0,1
駅近のレンタルダンススタジオ 東京,条件,S,FLASHスタジオ,〒150-0002 東京都渋谷区渋谷１丁目１０-２ グローリア宮益坂III 東館 3F,,0,渋谷,渋谷|恵比寿|代官山|原宿,渋谷駅,渋谷駅|表参道駅|原宿駅,428.0,,,,駅近(≤500m),20,+20(rental=1),0,1
駅近のレンタルダンススタジオ 東京,条件,S,Tap&Soul,〒156-0043 東京都世田谷区松原２丁目２９-４ メナージュ明大前,,0,下北沢,下北沢|三軒茶屋|二子玉川|自由が丘,明大前駅,明大前駅|下高井戸駅|東松原駅|松原駅|代田橋駅|新代田駅|永福町駅|梅ヶ丘駅|山下駅|豪徳寺駅,226.0,,,,駅近(≤500m),20,+20(rental=1),0,1
駅近のレンタルダンススタジオ 東京,条件,S,THビル貸し会議室 レンタルスタジオ,〒151-0053 東京都渋谷区代々木２丁目４-１ Thビル,https://dance-studio-lab.com/room/ZGYxYjYyNDgtMDEzOC00MjZhLTgyZDctODZlMDViYTQ0NDgy/detail,1,渋谷,渋谷|恵比寿|代官山|原宿,新宿駅,新宿駅|代々木駅|西武新宿駅,451.0,,,,駅近(≤500m),80,+30(dslurl)|+20(rental=1)|+30(レンタルスタジオ),0,1
駅近のレンタルダンススタジオ 東京,条件,S,ＴＨ会場,〒151-0053 東京都渋谷区代々木２丁目４-１,,0,渋谷,渋谷|恵比寿|代官山|原宿,新宿駅,新宿駅|代々木駅|西武新宿駅,451.0,,,,駅近(≤500m),20,+20(rental=1),0,1
駅近のレンタルダンススタジオ 東京,条件,S,TKO DANCE STUDIO(TKOダンススタジオ),〒340-0023 埼玉県草加市谷塚町５７８-１ 梅香堂ビル 305,,0,その他,その他,谷塚駅,谷塚駅|草加駅,92.0,,,,駅近(≤500m),45,+20(rental=1)|+25(ダンススタジオ),0,1
駅近のレンタルダンススタジオ 東京,条件,S,TOHNO DANCE STUDIO,〒202-0002 東京都西東京市ひばりが丘北３丁目４-３ T&Kひばりが丘B1,,0,ひばりヶ丘,ひばりヶ丘,ひばりヶ丘駅,ひばりヶ丘駅|東久留米駅|保谷駅,106.0,,,,駅近(≤500m),45,+20(rental=1)|+25(ダンススタジオ),0,1
駅近のレンタルダンススタジオ 東京,条件,S,TOKYO GATE STUDIO 東京ゲートスタジオ レンタルスタジオ,〒108-0074 東京都港区高輪４丁目２４-５８ サマセット品川東京１F,,0,六本木,六本木|赤坂|麻布|新橋,品川駅,品川駅|大崎駅,387.0,,,,駅近(≤500m),50,+20(rental=1)|+30(レンタルスタジオ),0,1
駅近のレンタルダンススタジオ 東京,条件,S,すむぞうスタジオ 渋谷公園通りスタジオPINK&BLUE(ピンクアンドブルー),〒150-0042 東京都渋谷区宇田川町１９-５ 山手マンション 604,,0,渋谷,渋谷|恵比寿|代官山|原宿,渋谷駅,渋谷駅|原宿駅,426.0,,,,駅近(≤500m),20,+20(rental=1),0,1
駅近のレンタルダンススタジオ 東京,条件,S,TRINITY DANCE CENTER桜上水校,〒168-0073 東京都杉並区下高井戸１丁目１８-１６ 桜上水ビル 1F KORG,,0,高円寺,高円寺,桜上水駅,桜上水駅|下高井戸駅|上北沢駅|松原駅|永福町駅|西永福駅|明大前駅|浜田山駅|八幡山駅|山下駅,300.0,,,,駅近(≤500m),20,+20(rental=1),0,1
駅近のレンタルダンススタジオ 東京,条件,S,Tダンスプロダクション,〒132-0033 東京都江戸川区東小松川４丁目４３-１８,,0,西葛西,西葛西,船堀駅,船堀駅|東大島駅|一之江駅,323.0,,,,駅近(≤500m),20,+20(rental=1),0,1
駅近のレンタルダンススタジオ 東京,条件,S,U210 【立川レンタルダンススタジオ】,〒190-0022 東京都立川市錦町２丁目２-２８ ＹＳ立川第二ビル １階,,0,立川,立川,立川駅,立川駅,406.0,,,,駅近(≤500m),60,+20(rental=1)|+40(レンタルダンス),0,1
駅近のレンタルダンススタジオ 東京,条件,S,BUZZ渋谷MARKCITY,〒150-0043 東京都渋谷区道玄坂１丁目１７ 9BUZZビル,https://dance-studio-lab.com/room/MTJmOWU1NGQtYmViZC00YWEzLWI5Y2ItNGFhYzU3YTAyZTBk/detail,1,渋谷,渋谷|恵比寿|代官山|原宿,渋谷駅,渋谷駅,437.0,,,,駅近(≤500m),50,+30(dslurl)|+20(rental=1),0,1
駅近のレンタルダンススタジオ 東京,条件,S,World of Dance Studios Tokyo,〒180-0004 東京都武蔵野市吉祥寺本町１丁目２４-７ 吉祥寺光ビル 6F,,0,吉祥寺,吉祥寺,吉祥寺駅,吉祥寺駅,146.0,,,,駅近(≤500m),45,+20(rental=1)|+25(ダンススタジオ),0,1
駅近のレンタルダンススタジオ 東京,条件,S,ＹＡＲＩＴＡＹＵ‐ＢＡＬＬＥＴ・ＳＴＵＤＩＯ,〒206-0824 東京都稲城市若葉台２丁目４-２,,0,稲城,稲城,若葉台駅,若葉台駅|はるひ野駅|黒川駅|栗平駅,181.0,,,,駅近(≤500m),20,+20(rental=1),0,1
駅近のレンタルダンススタジオ 東京,条件,S,YBS Yukino Ballet Studio,〒156-0041 東京都世田谷区大原２丁目２３-１５ 大原アジアビル 7階,,0,下北沢,下北沢|三軒茶屋|二子玉川|自由が丘,代田橋駅,代田橋駅|笹塚駅|明大前駅|新代田駅|東松原駅|方南町駅|下北沢駅|東北沢駅|世田谷代田駅|幡ヶ谷駅,205.0,,,,駅近(≤500m),20,+20(rental=1),0,1
駅近のレンタルダンススタジオ 東京,条件,S,YOKOTA BASE STUDIO,〒194-0013 東京都町田市原町田１丁目６-２４ 田島第二ビル,,0,町田,町田,町田駅,町田駅,257.0,,,,駅近(≤500m),20,+20(rental=1),0,1
駅近のレンタルダンススタジオ 東京,条件,S,YR CLUB HOUSE 国領店,〒182-0022 東京都調布市国領町３丁目１０-４,,0,調布,調布,国領駅,国領駅|布田駅|柴崎駅|調布駅|つつじヶ丘駅,89.0,,,,駅近(≤500m),20,+20(rental=1),0,1
駅近のレンタルダンススタジオ 東京,条件,S,Z-RAHZ DANCE STUDIO,〒106-0046 東京都港区元麻布１丁目２-２,,0,六本木,六本木|赤坂|麻布|新橋,麻布十番駅,麻布十番駅|六本木駅,192.0,,,,駅近(≤500m),45,+20(rental=1)|+25(ダンススタジオ),0,1
駅近のレンタルダンススタジオ 東京,条件,S,ZITA アルゼンチンタンゴ,"Tokyo, 塚原ビル 4F, ２丁目-２７-２ 上大崎 品川区 東京都 141-0021",,0,品川,品川|五反田|大井町|目黒,目黒駅,目黒駅|五反田駅,83.0,,,,駅近(≤500m),20,+20(rental=1),0,1
駅近のレンタルダンススタジオ 東京,条件,S,Zsa Zsa Zsu Dance Studio ザザズ,〒112-0014 東京都文京区関口１丁目４８-５ 第２榎本ビル 2階,,0,後楽園,後楽園,江戸川橋駅,江戸川橋駅|神楽坂駅|早稲田駅|茗荷谷駅|牛込神楽坂駅|護国寺駅|牛込柳町駅|面影橋駅|飯田橋駅|若松河田駅,249.0,,,,駅近(≤500m),45,+20(rental=1)|+25(ダンススタジオ),0,1
駅近のレンタルダンススタジオ 東京,条件,S,Zsa Zsa Zsu Studio,〒112-0014 東京都文京区関口１丁目６-９ 川田ビル 1階,,0,後楽園,後楽園,江戸川橋駅,江戸川橋駅|神楽坂駅|牛込神楽坂駅|早稲田駅|茗荷谷駅|牛込柳町駅|護国寺駅|飯田橋駅|若松河田駅|面影橋駅,184.0,,,,駅近(≤500m),20,+20(rental=1),0,1
駅近のレンタルダンススタジオ 東京,条件,S,アートスタジオバレエ,〒206-0812 東京都稲城市矢野口１６６５,,0,稲城,稲城,京王よみうりランド駅,京王よみうりランド駅|矢野口駅|京王稲田堤駅|稲城駅|稲城長沼駅|稲田堤駅,329.0,,,,駅近(≤500m),20,+20(rental=1),0,1
駅近のレンタルダンススタジオ 東京,条件,S,アイスタジオ,〒201-0014 東京都狛江市東和泉３丁目６-４ １F＆BF 泉プラザ,,0,狛江,狛江,和泉多摩川駅,和泉多摩川駅|狛江駅|登戸駅|宿河原駅|向ヶ丘遊園駅|喜多見駅,181.0,,,,駅近(≤500m),20,+20(rental=1),0,1
駅近のレンタルダンススタジオ 東京,条件,S,アカペラスタジオ ベースオントップ吉祥寺店,〒180-0004 東京都武蔵野市吉祥寺本町１丁目２０-３ B1F,,0,吉祥寺,吉祥寺,吉祥寺駅,吉祥寺駅,312.0,,,,駅近(≤500m),20,+20(rental=1),0,1
駅近のレンタルダンススタジオ 東京,条件,S,アカペラスタジオベースオントップ池袋東口店,〒171-0022 東京都豊島区南池袋２丁目２４-５ 加藤ビル B1,,0,池袋,池袋|目白|大塚|巣鴨,池袋駅,池袋駅,323.0,,,,駅近(≤500m),20,+20(rental=1),0,1
駅近のレンタルダンススタジオ 東京,条件,S,アクセ・スタジオ,〒169-0075 東京都新宿区高田馬場４丁目１-７,,0,新宿,新宿|西新宿|高田馬場|新大久保,高田馬場駅,高田馬場駅|新大久保駅,260.0,,,,駅近(≤500m),20,+20(rental=1),0,1
駅近のレンタルダンススタジオ 東京,条件,S,アックミーエアリアルスタジオ ACME AERIAL STUDIO 36,〒168-0064 東京都杉並区永福４丁目８-１４,,0,高円寺,高円寺,永福町駅,永福町駅|西永福駅|明大前駅|下高井戸駅|浜田山駅|方南町駅|桜上水駅|代田橋駅,241.0,,,,駅近(≤500m),20,+20(rental=1),0,1
駅近のレンタルダンススタジオ 東京,条件,S,アトリエ ベラーノ,〒157-0062 東京都世田谷区南烏山４丁目１３-３ スター ホームズ 千歳烏山 地階118号 スターホームズ千歳烏山,,0,下北沢,下北沢|三軒茶屋|二子玉川|自由が丘,千歳烏山駅,千歳烏山駅|芦花公園駅|八幡山駅|仙川駅|富士見ヶ丘駅|高井戸駅|上北沢駅,195.0,,,,駅近(≤500m),20,+20(rental=1),0,1
駅近のレンタルダンススタジオ 東京,条件,S,アミューゼダンススポーツクラブ,〒470-0348 愛知県豊田市貝津町柚木１３９-１,,0,その他,その他,貝津駅,貝津駅|保見駅|浄水駅|四郷駅|上豊田駅,142.0,,,,駅近(≤500m),20,+20(rental=1),0,1
駅近のレンタルダンススタジオ 東京,条件,S,アリスト バレエスタジオ,〒155-0031 東京都世田谷区北沢２丁目９-２１ ミナミ10号館ビル 4階,,0,下北沢,下北沢|三軒茶屋|二子玉川|自由が丘,下北沢駅,下北沢駅,51.0,,,,駅近(≤500m),20,+20(rental=1),0,1
駅近のレンタルダンススタジオ 東京,条件,S,レンタルスタジオ三ノ輪,〒110-0011 東京都台東区三ノ輪１丁目１０-９ GATTINO 1F,,0,上野,上野|浅草|御徒町|蔵前,三ノ輪駅,三ノ輪駅|荒川一中前駅|荒川区役所前駅|南千住駅|入谷駅|荒川二丁目駅|鶯谷駅|三河島駅|浅草駅|千住大橋駅,219.0,,,,駅近(≤500m),70,+20(rental=1)|+30(レンタルスタジオ)|+20(web),0,1
駅近のレンタルダンススタジオ 東京,条件,S,レンタルスタジオODORU,〒110-0015 東京都台東区東上野３丁目１８-１ B1,,0,上野,上野|浅草|御徒町|蔵前,上野駅,上野駅,319.0,,,,駅近(≤500m),50,+20(rental=1)|+30(レンタルスタジオ),0,1
駅近のレンタルダンススタジオ 東京,条件,S,アルゼンチンタンゴ・ダンス チケ,〒160-0011 東京都新宿区若葉１丁目１-１ 2F,,0,新宿,新宿|西新宿|高田馬場|新大久保,四谷三丁目駅,四谷三丁目駅|曙橋駅|四ツ谷駅|信濃町駅|新宿御苑前駅|国立競技場駅|市ケ谷駅|千駄ケ谷駅|麹町駅|牛込柳町駅,225.0,,,,駅近(≤500m),20,+20(rental=1),0,1
駅近のレンタルダンススタジオ 東京,条件,S,ムーンプレイス レンタルスタジオ蔵前,〒111-0043 東京都台東区駒形２丁目１-５ ３階,,0,上野,上野|浅草|御徒町|蔵前,蔵前駅,蔵前駅|浅草駅,224.0,,,,駅近(≤500m),50,+20(rental=1)|+30(レンタルスタジオ),0,1
駅近のレンタルダンススタジオ 東京,条件,S,スタジオブライト｜レンタル撮影スタジオ（完全予約制）,〒111-0051 東京都台東区蔵前４丁目３６-１３ タイルビル 4F,,0,上野,上野|浅草|御徒町|蔵前,蔵前駅,蔵前駅|浅草駅,381.0,,,,駅近(≤500m),20,+20(rental=1),0,1
駅近のレンタルダンススタジオ 東京,条件,S,アロハホヌアフラスタジオ&レンタルスタジオ経堂,〒156-0052 東京都世田谷区経堂１丁目５-６ パルファム経堂 B1,,0,下北沢,下北沢|三軒茶屋|二子玉川|自由が丘,経堂駅,経堂駅|宮の坂駅|上町駅|山下駅|千歳船橋駅|豪徳寺駅|世田谷駅|松原駅|松陰神社前駅|梅ヶ丘駅,334.0,,,,駅近(≤500m),50,+20(rental=1)|+30(レンタルスタジオ),0,1
駅近のレンタルダンススタジオ 東京,条件,S,スタジオジパング 上野スタジオSTANDARD,"〒110-0015 東京都台東区東上野３丁目１４-１２, Ueno Bldg., B1 旧 辻井ビル",,0,上野,上野|浅草|御徒町|蔵前,上野駅,上野駅,404.0,,,,駅近(≤500m),20,+20(rental=1),0,1
駅近のレンタルダンススタジオ 東京,条件,S,イシカワヒロユキダンススタジオ,〒192-0081 東京都八王子市横山町３-６,,0,八王子,八王子,八王子駅,八王子駅,437.0,,,,駅近(≤500m),45,+20(rental=1)|+25(ダンススタジオ),0,1
駅近のレンタルダンススタジオ 東京,条件,S,LIBRA SQUARE 三ノ輪スタジオ,〒116-0003 東京都荒川区南千住１丁目１５-４,,0,日暮里,日暮里,三ノ輪駅,三ノ輪駅|荒川一中前駅|荒川区役所前駅|南千住駅|荒川二丁目駅|千住大橋駅|荒川七丁目駅|三河島駅|入谷駅|町屋駅,307.0,,,,駅近(≤500m),20,+20(rental=1),0,1
駅近のレンタルダンススタジオ 東京,条件,S,スタジオジパング大久保,〒169-0073 東京都新宿区百人町１丁目２３ みなみビル B1,,0,新宿,新宿|西新宿|高田馬場|新大久保,新大久保駅,新大久保駅|西武新宿駅|新宿駅,331.0,,,,駅近(≤500m),20,+20(rental=1),0,1
駅近のレンタルダンススタジオ 東京,条件,S,バレエアーツ秋葉原,〒101-0021 東京都千代田区外神田３丁目４-７ 昌平童夢館,,0,秋葉原,秋葉原,秋葉原駅,秋葉原駅,480.0,,,,駅近(≤500m),20,+20(rental=1),0,1
駅近のレンタルダンススタジオ 東京,条件,S,D→TA (ディータ),〒112-0001 東京都文京区白山５丁目３３-１４ 2階,,0,後楽園,後楽園,白山駅,白山駅|本駒込駅|東大前駅|千石駅|千駄木駅|根津駅|茗荷谷駅|後楽園駅|春日駅|駒込駅,150.0,,,,駅近(≤500m),20,+20(rental=1),0,1
駅近のレンタルダンススタジオ 東京,条件,S,レンタルスタジオ YOGA SPICE 神保町,〒101-0065 東京都千代田区西神田２丁目３-２ 牧ビル 402号室,,0,秋葉原,秋葉原,神保町駅,神保町駅|水道橋駅|九段下駅|御茶ノ水駅|竹橋駅|新御茶ノ水駅|飯田橋駅|小川町駅|本郷三丁目駅|春日駅,312.0,,,,駅近(≤500m),50,+20(rental=1)|+30(レンタルスタジオ),0,1
駅近のレンタルダンススタジオ 東京,条件,S,エイベックス・ダンスマスタートータルフィットネスクラブわらわら ふじみ野,〒356-0056 埼玉県ふじみ野市うれし野２丁目１０-３５ アウトレットモールリズムE-2F １,,0,その他,その他,ふじみ野駅,ふじみ野駅|鶴瀬駅,329.0,,,,駅近(≤500m),20,+20(rental=1),0,1
駅近のレンタルダンススタジオ 東京,条件,S,エースダンススタジオ,"札幌ＮＳビル 4F, ２丁目-11 南２条西 中央区 札幌市 北海道 060-0062",,0,銀座,銀座|日本橋|八丁堀|月島,大通駅,大通駅|すすきの駅|豊水すすきの駅|バスセンター前駅|さっぽろ駅|中島公園駅|西１１丁目駅|札幌駅|菊水駅|学園前駅,247.0,,,,駅近(≤500m),45,+20(rental=1)|+25(ダンススタジオ),0,1
駅近のレンタルダンススタジオ 東京,条件,S,えこてんハウススタジオ,〒176-0005 東京都練馬区旭丘１丁目７６-１０ 相枝ビル ４F,,0,練馬,練馬,江古田駅,江古田駅|新江古田駅|新桜台駅|小竹向原駅|桜台駅|東長崎駅|千川駅|氷川台駅|練馬駅|落合南長崎駅,61.0,,,,駅近(≤500m),40,+20(rental=1)|+20(web),0,1
駅近のレンタルダンススタジオ 東京,条件,S,エストゥディオのりこ,〒105-0004 東京都港区１６ 東京都港区 2-16-1 340,,0,六本木,六本木|赤坂|麻布|新橋,新橋駅,新橋駅|有楽町駅|浜松町駅,85.0,,,,駅近(≤500m),20,+20(rental=1),0,1
駅近のレンタルダンススタジオ 東京,条件,S,エフィと虹色のヴェール十条スタジオ,〒114-0021 東京都北区岸町１丁目６-１９ 青葉ビル,,0,赤羽,赤羽,王子駅前駅,王子駅前駅|王子駅|飛鳥山駅|栄町駅|滝野川一丁目駅|西ヶ原四丁目駅|王子神谷駅|西ケ原駅|東十条駅|梶原駅,360.0,,,,駅近(≤500m),20,+20(rental=1),0,1
駅近のレンタルダンススタジオ 東京,条件,S,エルメスダンスカンパニー豊橋校,〒440-0897 愛知県豊橋市松葉町３丁目59 医療法人誠流会 まつば藤城歯科様建物1階 まつばスタジオ,,0,その他,その他,豊橋駅,豊橋駅|新豊橋駅|船町駅|柳生橋駅|下地駅,479.0,,,,駅近(≤500m),20,+20(rental=1),0,1
駅近のレンタルダンススタジオ 東京,条件,S,オガワ ダンス スタジオ,〒220-0023 神奈川県横浜市西区西区平沼１丁目３３-１,,0,その他,その他,平沼橋駅,平沼橋駅|高島町駅|戸部駅|新高島駅|横浜駅|みなとみらい駅|西横浜駅|神奈川駅|桜木町駅|反町駅,350.0,,,,駅近(≤500m),20,+20(rental=1),0,1
駅近のレンタルダンススタジオ 東京,条件,S,カミヤマダンススタジオ,〒192-0046 東京都八王子市明神町４丁目６-２ 山口ビル 2F,,0,八王子,八王子,八王子駅,八王子駅,481.0,,,,駅近(≤500m),45,+20(rental=1)|+25(ダンススタジオ),0,1
駅近のレンタルダンススタジオ 東京,条件,S,かよバレエスタジオ,〒187-0002 東京都小平市花小金井１丁目１２-７,,0,小平,小平,花小金井駅,花小金井駅,150.0,,,,駅近(≤500m),20,+20(rental=1),0,1
駅近のレンタルダンススタジオ 東京,条件,S,カルサロ レンタルスタジオサロン,〒179-0073 東京都練馬区田柄２丁目３２-２３ アネックスミスズ ２F,,0,練馬,練馬,地下鉄赤塚駅,地下鉄赤塚駅|下赤塚駅|東武練馬駅|平和台駅|成増駅|地下鉄成増駅|光が丘駅|練馬春日町駅,216.0,,,,駅近(≤500m),50,+20(rental=1)|+30(レンタルスタジオ),0,1
駅近のレンタルダンススタジオ 東京,条件,S,カワチダンススタジオ,"１丁目-１１, １丁目-１１-３ 小坂本町 豊田市 愛知県 471-0034",,0,その他,その他,新豊田駅,新豊田駅|豊田市駅|上挙母駅|新上挙母駅|梅坪駅,141.0,,,,駅近(≤500m),45,+20(rental=1)|+25(ダンススタジオ),0,1
駅近のレンタルダンススタジオ 東京,条件,S,レベルアップレンタルスタジオ,〒430-0939 静岡県浜松市中区連尺町３１４-３６ 206号,,0,その他,その他,第一通り駅,第一通り駅|新浜松駅|遠州病院駅|浜松駅|八幡駅,423.0,,,,駅近(≤500m),50,+20(rental=1)|+30(レンタルスタジオ),0,1
駅近のレンタルダンススタジオ 東京,条件,S,キッズダンススタジオSerenita西新井店,〒123-0842 東京都足立区栗原１丁目７-２０ 3階,,0,北千住,北千住,西新井駅,西新井駅|大師前駅|梅島駅|竹ノ塚駅|西新井大師西駅|江北駅,228.0,,,,駅近(≤500m),45,+20(rental=1)|+25(ダンススタジオ),0,1
駅近のレンタルダンススタジオ 東京,条件,S,キッズダンススタジオstudioCROSS（スタジオクロス）高幡不動クラス 日野市 多摩カルチャーセンター,〒191-0031 東京都日野市高幡３-１０ 遠藤ビル 2階,,0,日野,日野,高幡不動駅,高幡不動駅|多摩動物公園駅|百草園駅,59.0,,,,駅近(≤500m),45,+20(rental=1)|+25(ダンススタジオ),0,1
駅近のレンタルダンススタジオ 東京,条件,S,キッズダンススタジオstudioCROSS（スタジオクロス）国立駅ゴールドジムクラス,〒186-0004 東京都国立市中１丁目9-３０ 国立せきやビル 5階 ゴールドジム内,,0,国立,国立,国立駅,国立駅|西国分寺駅|谷保駅|矢川駅,158.0,,,,駅近(≤500m),45,+20(rental=1)|+25(ダンススタジオ),0,1
駅近のレンタルダンススタジオ 東京,条件,S,キッズダンススタジオstudioCROSS（スタジオクロス）国立谷保スタジオ,〒186-0003 東京都国立市富士見台２丁目１８-２ 富士見台ビル 2階,,0,国立,国立,谷保駅,谷保駅|矢川駅|西府駅|国立駅,129.0,,,,駅近(≤500m),45,+20(rental=1)|+25(ダンススタジオ),0,1
駅近のレンタルダンススタジオ 東京,条件,S,キッズダンススタジオstudioCROSS（スタジオクロス）聖蹟桜ヶ丘クラス 多摩市 多摩カルチャーセンター,〒206-0011 東京都多摩市関戸４丁目73-１ よこくらビル 3階,,0,多摩センター,多摩センター,聖蹟桜ヶ丘駅,聖蹟桜ヶ丘駅|中河原駅|百草園駅,186.0,,,,駅近(≤500m),45,+20(rental=1)|+25(ダンススタジオ),0,1
駅近のレンタルダンススタジオ 東京,条件,S,Dance Studio Bingo（日野Bingo）,〒191-0062 東京都日野市多摩平１丁目4-１５ ダイマルビル 2階,,0,日野,日野,豊田駅,豊田駅|南平駅|平山城址公園駅|北八王子駅,358.0,,,,駅近(≤500m),45,+20(rental=1)|+25(ダンススタジオ),0,1
駅近のレンタルダンススタジオ 東京,条件,S,フラメンコスタジオ エル ソニケテ,〒191-0062 東京都日野市多摩平２丁目１２-２ 山崎ビル1F,,0,日野,日野,豊田駅,豊田駅|南平駅|平山城址公園駅|北八王子駅,353.0,,,,駅近(≤500m),20,+20(rental=1),0,1
駅近のレンタルダンススタジオ 東京,条件,S,クボタナオコバレエスタジオ,〒115-0055 東京都北区赤羽西１丁目１-７,,0,赤羽,赤羽,赤羽駅,赤羽駅,241.0,,,,駅近(≤500m),20,+20(rental=1),0,1
駅近のレンタルダンススタジオ 東京,条件,S,クラウドナインスタジオ 町田店,〒194-0013 東京都町田市原町田４丁目１１-１４ コロンブスビル 6F,,0,町田,町田,町田駅,町田駅,213.0,,,,駅近(≤500m),20,+20(rental=1),0,1
駅近のレンタルダンススタジオ 東京,条件,S,ベストスタジオ中野,〒164-0001 東京都中野区中野５丁目４６ 9ABCハウス 101,,0,中野,中野,中野駅,中野駅,303.0,,,,駅近(≤500m),20,+20(rental=1),0,1
駅近のレンタルダンススタジオ 東京,条件,S,グラッドリ,〒160-0004 東京都新宿区四谷１丁目１５,,0,新宿,新宿|西新宿|高田馬場|新大久保,四ツ谷駅,四ツ谷駅|四谷三丁目駅|信濃町駅|麹町駅|曙橋駅|市ケ谷駅|赤坂見附駅|半蔵門駅|永田町駅|国立競技場駅,272.0,,,,駅近(≤500m),20,+20(rental=1),0,1
駅近のレンタルダンススタジオ 東京,条件,S,ケアリノフラスタジオ,〒179-0081 東京都練馬区北町８丁目３６-２,,0,練馬,練馬,地下鉄赤塚駅,地下鉄赤塚駅|下赤塚駅|平和台駅|東武練馬駅|成増駅|地下鉄成増駅|光が丘駅|練馬春日町駅,339.0,,,,駅近(≤500m),20,+20(rental=1),0,1
駅近のレンタルダンススタジオ 東京,条件,S,"レンタルスタジオDance""MOVE""!!",〒165-0027 東京都中野区野方５丁目３０-６ ひろきやビル 2階,,0,中野,中野,野方駅,野方駅|都立家政駅|沼袋駅|鷺ノ宮駅|高円寺駅|新井薬師前駅|中野駅,127.0,,,,駅近(≤500m),50,+20(rental=1)|+30(レンタルスタジオ),0,1
駅近のレンタルダンススタジオ 東京,条件,S,ゴールドジム南大沢東京,〒192-0364 東京都八王子市南大沢２丁目30番地 サザンウィンズ南大沢 2F,,0,八王子,八王子,南大沢駅,南大沢駅|多摩境駅,111.0,,,,駅近(≤500m),20,+20(rental=1),0,1
駅近のレンタルダンススタジオ 東京,条件,S,studio RhythMoon（スタジオ・リズムーン）,〒167-0022 東京都杉並区下井草５丁目１６-９,,0,高円寺,高円寺,井荻駅,井荻駅|下井草駅|上井草駅|富士見台駅|練馬高野台駅,180.0,,,,駅近(≤500m),20,+20(rental=1),0,1
駅近のレンタルダンススタジオ 東京,条件,S,コンバレエスタジオ Kon Ballet Studio 糀谷店,〒144-0035 東京都大田区南蒲田３丁目１３-１２ キザキビル2F.3F,,0,蒲田,蒲田,糀谷駅,糀谷駅|大鳥居駅|京急蒲田駅|雑色駅|穴守稲荷駅|梅屋敷駅|蒲田駅|東門前駅|川崎大師駅,228.0,,,,駅近(≤500m),20,+20(rental=1),0,1
駅近のレンタルダンススタジオ 東京,条件,S,サイスタジオ,〒173-0014 東京都板橋区大山東町１９-１ FM10ラ･アクシオンビル4階,,0,成増,成増,大山駅,大山駅|板橋区役所前駅|下板橋駅|中板橋駅|北池袋駅|板橋本町駅|板橋駅|新板橋駅|千川駅|要町駅,146.0,,,,駅近(≤500m),20,+20(rental=1),0,1
駅近のレンタルダンススタジオ 東京,条件,S,サイスタジオ小茂根,〒173-0037 東京都板橋区小茂根１丁目９-５ サイスタジオ小茂根 2F,,0,成増,成増,小竹向原駅,小竹向原駅|江古田駅|千川駅|新桜台駅|氷川台駅|東長崎駅|新江古田駅|桜台駅|ときわ台駅|中板橋駅,127.0,,,,駅近(≤500m),20,+20(rental=1),0,1
駅近のレンタルダンススタジオ 東京,条件,S,ソニズレンタルスタジオ南阿佐ヶ谷店,〒166-0015 東京都杉並区成田東５丁目３９-１２ グローリーハイツ南阿佐ケ谷榎本 B1F,,0,高円寺,高円寺,南阿佐ケ谷駅,南阿佐ケ谷駅|阿佐ヶ谷駅|新高円寺駅|荻窪駅|高円寺駅,116.0,,,,駅近(≤500m),50,+20(rental=1)|+30(レンタルスタジオ),0,1
駅近のレンタルダンススタジオ 東京,条件,S,サカモトトモキ・ダンススタジオ,〒162-0805 東京都新宿区矢来町６５ 2階,,0,新宿,新宿|西新宿|高田馬場|新大久保,神楽坂駅,神楽坂駅|牛込神楽坂駅|江戸川橋駅|牛込柳町駅|早稲田駅|飯田橋駅|若松河田駅|市ケ谷駅|茗荷谷駅|曙橋駅,133.0,,,,駅近(≤500m),45,+20(rental=1)|+25(ダンススタジオ),0,1
駅近のレンタルダンススタジオ 東京,条件,S,TONIC DANCE STUDIO 阿佐ヶ谷,〒166-0004 東京都杉並区阿佐谷南３丁目１-２１ 徳和ビル 地下1階,,0,高円寺,高円寺,南阿佐ケ谷駅,南阿佐ケ谷駅|阿佐ヶ谷駅|新高円寺駅|高円寺駅|荻窪駅,248.0,,,,駅近(≤500m),45,+20(rental=1)|+25(ダンススタジオ),0,1
駅近のレンタルダンススタジオ 東京,条件,S,サムズダンススタジオ,〒158-0097 東京都世田谷区用賀４丁目１１-４ 福島第一ビル 2F,,0,下北沢,下北沢|三軒茶屋|二子玉川|自由が丘,用賀駅,用賀駅|桜新町駅|上野毛駅|二子玉川駅,85.0,,,,駅近(≤500m),45,+20(rental=1)|+25(ダンススタジオ),0,1
駅近のレンタルダンススタジオ 東京,条件,S,サラ・プランタ,〒150-0013 東京都渋谷区恵比寿１丁目１６?番28号 2-4階 Tkビル,,0,渋谷,渋谷|恵比寿|代官山|原宿,恵比寿駅,恵比寿駅,311.0,,,,駅近(≤500m),20,+20(rental=1),0,1
駅近のレンタルダンススタジオ 東京,条件,S,サワミュージカルスタジオ,"関島ビル B2F, １丁目-１４-１２ 弥生町 中野区 東京都 164-0013",,0,中野,中野,西新宿五丁目駅（清水橋）,西新宿五丁目駅（清水橋）|中野新橋駅|中野坂上駅|都庁前駅|西新宿駅|初台駅|中野富士見町駅|新中野駅|幡ヶ谷駅|新宿西口駅,299.0,,,,駅近(≤500m),20,+20(rental=1),0,1
駅近のレンタルダンススタジオ 東京,条件,S,クリエイティブスペース・フュージョン,〒167-0053 東京都杉並区西荻南３丁目２４-２４-１ 西荻マイロード 27,,0,高円寺,高円寺,西荻窪駅,西荻窪駅|荻窪駅|三鷹台駅|久我山駅|井の頭公園駅|吉祥寺駅,141.0,,,,駅近(≤500m),20,+20(rental=1),0,1
駅近のレンタルダンススタジオ 東京,条件,S,レンタルスタジオ 阿佐ヶ谷リノ,〒166-0015 東京都杉並区成田東５丁目２０-９,,0,高円寺,高円寺,南阿佐ケ谷駅,南阿佐ケ谷駅|阿佐ヶ谷駅|荻窪駅|新高円寺駅|高円寺駅,434.0,,,,駅近(≤500m),50,+20(rental=1)|+30(レンタルスタジオ),0,1
駅近のレンタルダンススタジオ 東京,条件,S,ジーロックス・スタジオ,〒168-0073 東京都杉並区下高井戸１丁目１５-１２,,0,高円寺,高円寺,下高井戸駅,下高井戸駅|桜上水駅|松原駅|永福町駅|明大前駅|西永福駅|上北沢駅|山下駅|東松原駅|豪徳寺駅,420.0,,,,駅近(≤500m),20,+20(rental=1),0,1
駅近のレンタルダンススタジオ 東京,条件,S,BUZZ田無,〒188-8511 東京都西東京市田無町３丁目１０-１５ 京屋ビル 2階,,0,ひばりヶ丘,ひばりヶ丘,田無駅,田無駅|西武柳沢駅,337.0,,,,駅近(≤500m),20,+20(rental=1),0,1
駅近のレンタルダンススタジオ 東京,条件,S,ジャパンポールダンス,〒160-0021 東京都新宿区歌舞伎町１丁目２３-１２ 第一桑原ビル 5F,,0,新宿,新宿|西新宿|高田馬場|新大久保,西武新宿駅,西武新宿駅|新宿駅|新大久保駅,161.0,,,,駅近(≤500m),20,+20(rental=1),0,1
駅近のレンタルダンススタジオ 東京,条件,S,シュミネAスタジオStudioStyle+,〒169-0073 東京都新宿区百人町１丁目２４-７,,0,新宿,新宿|西新宿|高田馬場|新大久保,新大久保駅,新大久保駅|西武新宿駅|新宿駅,374.0,,,,駅近(≤500m),20,+20(rental=1),0,1
駅近のレンタルダンススタジオ 東京,条件,S,ジョイ・バレエ ストゥーディオ 本部スタジオ,〒171-0052 東京都豊島区南長崎１丁目９-１６ ヒルトップビルド B1,,0,池袋,池袋|目白|大塚|巣鴨,椎名町駅,椎名町駅|下落合駅|落合南長崎駅|要町駅|目白駅|東長崎駅|中井駅|高田馬場駅|千川駅|池袋駅,241.0,,,,駅近(≤500m),20,+20(rental=1),0,1
駅近のレンタルダンススタジオ 東京,条件,S,シルクスタジオ,〒192-0912 東京都八王子市絹ケ丘１丁目２１-５,,0,八王子,八王子,長沼駅,長沼駅|北野駅|平山城址公園駅|片倉駅,495.0,,,,駅近(≤500m),20,+20(rental=1),0,1
駅近のレンタルダンススタジオ 東京,条件,S,ジンドー学園,〒203-0014 東京都東久留米市東本町１-５ ジンドー学園ビル,,0,東久留米,東久留米,東久留米駅,東久留米駅|ひばりヶ丘駅|清瀬駅,138.0,,,,駅近(≤500m),20,+20(rental=1),0,1
駅近のレンタルダンススタジオ 東京,条件,S,シンフォニー,〒114-0001 東京都北区東十条２丁目４-１２ 金鈴ビル,,0,赤羽,赤羽,東十条駅,東十条駅|王子神谷駅|十条駅|王子駅前駅|王子駅|飛鳥山駅|栄町駅|新板橋駅|志茂駅|滝野川一丁目駅,281.0,,,,駅近(≤500m),20,+20(rental=1),0,1
駅近のレンタルダンススタジオ 東京,条件,S,スタジオ in フットサルステージ（多摩センター）,〒206-0033 東京都多摩市落合１丁目４７ ニューシティ多摩センタービル ８F,,0,多摩センター,多摩センター,小田急多摩センター駅,小田急多摩センター駅|京王多摩センター駅|唐木田駅,380.0,,,,駅近(≤500m),20,+20(rental=1),0,1
駅近のレンタルダンススタジオ 東京,条件,S,スタジオ With The Heart,"関口１丁目１５ー１ ミサオビルB１F, 文京区 東京都 112-0014",,0,後楽園,後楽園,江戸川橋駅,江戸川橋駅|神楽坂駅|牛込神楽坂駅|茗荷谷駅|飯田橋駅|早稲田駅|牛込柳町駅|護国寺駅|後楽園駅|春日駅,197.0,,,,駅近(≤500m),20,+20(rental=1),0,1
駅近のレンタルダンススタジオ 東京,条件,S,スタジオ アドバンス,〒263-0031 千葉県千葉市稲毛区稲毛東３丁目１６-２,,0,その他,その他,稲毛駅,稲毛駅|京成稲毛駅|みどり台駅|稲毛海岸駅|穴川駅|西千葉駅,83.0,,,,駅近(≤500m),20,+20(rental=1),0,1
駅近のレンタルダンススタジオ 東京,条件,S,スタジオ エレ,〒161-0034 東京都新宿区上落合３丁目２３-１７,,0,新宿,新宿|西新宿|高田馬場|新大久保,落合駅,落合駅|東中野駅|中井駅|新井薬師前駅|下落合駅|落合南長崎駅|中野坂上駅|中野駅|大久保駅|新大久保駅,319.0,,,,駅近(≤500m),20,+20(rental=1),0,1
駅近のレンタルダンススタジオ 東京,条件,S,レンタルスタジオNSA 1号店,〒001-0014 北海道札幌市北区北１４条西１丁目２-５ 三晃ビル,,0,赤羽,赤羽,北１３条東駅,北１３条東駅|北１２条駅|北１８条駅|札幌駅|東区役所前駅|さっぽろ駅|北２４条駅|桑園駅|環状通東駅|大通駅,302.0,,,,駅近(≤500m),50,+20(rental=1)|+30(レンタルスタジオ),0,1
駅近のレンタルダンススタジオ 東京,条件,S,スタジオ ノバック,〒185-0021 東京都国分寺市南町２丁目１７-７ B.C.B TAKURA 3F,,0,国分寺,国分寺,国分寺駅,国分寺駅,235.0,,,,駅近(≤500m),20,+20(rental=1),0,1
駅近のレンタルダンススタジオ 東京,条件,S,スタジオククナ,〒114-0032 東京都北区中十条２丁目９-１５ 地下１階 瀬武興業第一ビル,,0,赤羽,赤羽,東十条駅,東十条駅|十条駅|王子神谷駅|王子駅前駅|王子駅|新板橋駅|飛鳥山駅|赤羽駅|滝野川一丁目駅|志茂駅,200.0,,,,駅近(≤500m),20,+20(rental=1),0,1
駅近のレンタルダンススタジオ 東京,条件,S,CREO王子駅前｜ダンススタジオ｜レンタルスペース,〒114-0002 東京都北区王子１丁目２-１ 倉長ビル 402号室,,0,赤羽,赤羽,王子駅前駅,王子駅前駅|王子駅|飛鳥山駅|滝野川一丁目駅|西ケ原駅|梶原駅|西ヶ原四丁目駅|上中里駅|西巣鴨駅|王子神谷駅,97.0,,,,駅近(≤500m),45,+20(rental=1)|+25(ダンススタジオ),0,1
駅近のレンタルダンススタジオ 東京,条件,S,Studio Face,〒114-0021 東京都北区岸町１丁目６-２０ 地下1階 レジェンド王子,,0,赤羽,赤羽,王子駅前駅,王子駅前駅|王子駅|飛鳥山駅|栄町駅|滝野川一丁目駅|西ヶ原四丁目駅|西ケ原駅|王子神谷駅|梶原駅|東十条駅,346.0,,,,駅近(≤500m),20,+20(rental=1),0,1
駅近のレンタルダンススタジオ 東京,条件,S,スタジオ ランディン 立川校,〒190-0022 東京都立川市錦町２丁目２-５ アオイビル 2F,,0,立川,立川,立川駅,立川駅,411.0,,,,駅近(≤500m),20,+20(rental=1),0,1
駅近のレンタルダンススタジオ 東京,条件,S,スタジオ リル 千葉市川市店,〒272-0133 千葉県市川市行徳駅前１丁目１７-９ ステップワンビル 303,,0,その他,その他,行徳駅,行徳駅|妙典駅|南行徳駅|瑞江駅,164.0,,,,駅近(≤500m),20,+20(rental=1),0,1
駅近のレンタルダンススタジオ 東京,条件,S,スタジオ レセルバ,〒107-0052 東京都港区赤坂３丁目２１-１４ TS共和六番館地下一階,,0,六本木,六本木|赤坂|麻布|新橋,赤坂駅,赤坂駅|青山一丁目駅,380.0,,,,駅近(≤500m),20,+20(rental=1),0,1
駅近のレンタルダンススタジオ 東京,条件,S,スタジオ レンズマン青山,〒107-0062 東京都港区南青山２丁目１０-１１ 南青山パールハイム 1F,,0,六本木,六本木|赤坂|麻布|新橋,青山一丁目駅,青山一丁目駅|外苑前駅|表参道駅,316.0,,,,駅近(≤500m),20,+20(rental=1),0,1
駅近のレンタルダンススタジオ 東京,条件,S,スタジオ・アヴァンティ,〒189-0014 東京都東村山市本町２丁目２１-３ ファーストステージ東村山,,0,東村山,東村山,東村山駅,東村山駅|久米川駅|八坂駅|西武園駅,281.0,,,,駅近(≤500m),20,+20(rental=1),0,1
駅近のレンタルダンススタジオ 東京,条件,S,スタジオ・エルカミーノ,〒133-0057 東京都江戸川区西小岩１丁目１９-３２,,0,西葛西,西葛西,小岩駅,小岩駅|京成小岩駅|江戸川駅,194.0,,,,駅近(≤500m),20,+20(rental=1),0,1
駅近のレンタルダンススタジオ 東京,条件,S,BUZZ レンタルスタジオ赤坂店,〒107-0052 東京都港区赤坂２丁目１３-２０ Tsumugi ビル,,0,六本木,六本木|赤坂|麻布|新橋,赤坂駅,赤坂駅,148.0,,,,駅近(≤500m),50,+20(rental=1)|+30(レンタルスタジオ),0,1
駅近のレンタルダンススタジオ 東京,条件,S,スタジオ・ブリエ 四谷,〒160-0008 東京都新宿区四谷三栄町１２-２ 大久保ビル 1階,,0,新宿,新宿|西新宿|高田馬場|新大久保,四谷三丁目駅,四谷三丁目駅|曙橋駅|四ツ谷駅|市ケ谷駅|信濃町駅|麹町駅|牛込柳町駅|新宿御苑前駅|若松河田駅|国立競技場駅,430.0,,,,駅近(≤500m),20,+20(rental=1),0,1
駅近のレンタルダンススタジオ 東京,条件,S,スタジオ・マンサナ,〒112-0002 東京都文京区小石川２丁目３-２１,,0,後楽園,後楽園,後楽園駅,後楽園駅|春日駅|水道橋駅|本郷三丁目駅|飯田橋駅|東大前駅|白山駅|茗荷谷駅|九段下駅|根津駅,148.0,,,,駅近(≤500m),20,+20(rental=1),0,1
駅近のレンタルダンススタジオ 東京,条件,S,スタジオ・リアル,〒164-0013 東京都中野区弥生町１丁目５５-１１ エムエスエスビル 2Ｆ,,0,中野,中野,中野新橋駅,中野新橋駅|西新宿五丁目駅（清水橋）|中野坂上駅|中野富士見町駅|新中野駅|都庁前駅|西新宿駅|初台駅|幡ヶ谷駅|東中野駅,316.0,,,,駅近(≤500m),20,+20(rental=1),0,1
駅近のレンタルダンススタジオ 東京,条件,S,BUZZ レンタルスタジオ 六本木店,〒106-0032 東京都港区六本木４丁目５-７ スタジオＤ 地下1階,https://dance-studio-lab.com/room/MGYxY2IwOWYtNDQ4ZS00MmEyLTliYTAtNzg1YjUyOTA0OTlj/detail,1,六本木,六本木|赤坂|麻布|新橋,六本木駅,六本木駅|赤坂駅|青山一丁目駅,269.0,,,,駅近(≤500m),80,+30(dslurl)|+20(rental=1)|+30(レンタルスタジオ),0,1
駅近のレンタルダンススタジオ 東京,条件,S,スタジオＤ２,〒113-0001 東京都文京区白山１丁目１８-７ 石川ビル,,0,後楽園,後楽園,白山駅,白山駅|東大前駅|本駒込駅|後楽園駅|春日駅|根津駅|千石駅|千駄木駅|本郷三丁目駅|茗荷谷駅,389.0,,,,駅近(≤500m),20,+20(rental=1),0,1
駅近のレンタルダンススタジオ 東京,条件,S,スタジオＤＤＦ,〒134-0088 東京都江戸川区西葛西５丁目５-１５,,0,西葛西,西葛西,西葛西駅,西葛西駅|葛西駅,146.0,,,,駅近(≤500m),20,+20(rental=1),0,1
駅近のレンタルダンススタジオ 東京,条件,S,スタジオGAEA,〒165-0025 東京都中野区沼袋１丁目１０-５,,0,中野,中野,沼袋駅,沼袋駅|新井薬師前駅|野方駅|中野駅|新江古田駅|落合南長崎駅|中井駅|都立家政駅,174.0,,,,駅近(≤500m),20,+20(rental=1),0,1
駅近のレンタルダンススタジオ 東京,条件,S,スタジオｉＤＣ,〒171-0014 東京都豊島区池袋２丁目４７-３ キウレイコンビル ４,,0,池袋,池袋|目白|大塚|巣鴨,池袋駅,池袋駅,500.0,,,,駅近(≤500m),20,+20(rental=1),0,1
駅近のレンタルダンススタジオ 東京,条件,S,スタジオM,〒141-0032 東京都品川区大崎２丁目７-２,,0,品川,品川|五反田|大井町|目黒,大崎駅,大崎駅|五反田駅,325.0,,,,駅近(≤500m),20,+20(rental=1),0,1
駅近のレンタルダンススタジオ 東京,条件,S,スタジオＰＯＰ,〒185-0022 東京都国分寺市東元町２丁目２０-１１ アーバンコア,,0,国分寺,国分寺,国分寺駅,国分寺駅,451.0,,,,駅近(≤500m),20,+20(rental=1),0,1
駅近のレンタルダンススタジオ 東京,条件,S,スタジオSOPIC,〒194-0045 東京都町田市南成瀬１丁目2-１,,0,町田,町田,成瀬駅,成瀬駅|つくし野駅|長津田駅|恩田駅,95.0,,,,駅近(≤500m),20,+20(rental=1),0,1
駅近のレンタルダンススタジオ 東京,条件,S,スタジオWITHテライダンスカンパニー,〒116-0014 東京都荒川区東日暮里６丁目４５-３ ハイウエストビル3F ハイウエストビル,,0,日暮里,日暮里,日暮里駅,日暮里駅,426.0,,,,駅近(≤500m),20,+20(rental=1),0,1
駅近のレンタルダンススタジオ 東京,条件,S,スタジオアニマーダ,〒154-0024 東京都世田谷区三軒茶屋１丁目１６-８,,0,下北沢,下北沢|三軒茶屋|二子玉川|自由が丘,三軒茶屋駅,三軒茶屋駅,423.0,,,,駅近(≤500m),20,+20(rental=1),0,1
駅近のレンタルダンススタジオ 東京,条件,S,スタジオアリス 足立舎人店,〒121-0831 東京都足立区舎人１丁目１５-９,,0,北千住,北千住,舎人駅,舎人駅|舎人公園駅|見沼代親水公園駅|谷在家駅,47.0,,,,駅近(≤500m),20,+20(rental=1),0,1
駅近のレンタルダンススタジオ 東京,条件,S,スタジオインディ 新宿店,〒160-0022 東京都新宿区新宿３丁目２２番１１号 新宿ＲＳビル ６階,,0,新宿,新宿|西新宿|高田馬場|新大久保,新宿駅,新宿駅|西武新宿駅|新大久保駅,289.0,,,,駅近(≤500m),20,+20(rental=1),0,1
駅近のレンタルダンススタジオ 東京,条件,S,スタジオインディ 東京駅前店,〒104-0031 東京都中央区京橋１丁目４-１１ 竹本ビルディング ４階,,0,銀座,銀座|日本橋|八丁堀|月島,東京駅,東京駅|有楽町駅,397.0,,,,駅近(≤500m),20,+20(rental=1),0,1
駅近のレンタルダンススタジオ 東京,条件,S,スタジオエイル,〒153-0053 東京都目黒区五本木３丁目１８-７ 第２飯島ビル,,0,中目黒,中目黒,学芸大学駅,学芸大学駅,365.0,,,,駅近(≤500m),20,+20(rental=1),0,1
駅近のレンタルダンススタジオ 東京,条件,S,スタジオキャリコ,〒123-0842 東京都足立区栗原３丁目１０-１５ ＴＫＳ税理士ビル,,0,北千住,北千住,大師前駅,大師前駅|西新井駅|西新井大師西駅|江北駅|梅島駅|高野駅|谷在家駅|竹ノ塚駅|扇大橋駅,209.0,,,,駅近(≤500m),20,+20(rental=1),0,1
駅近のレンタルダンススタジオ 東京,条件,S,スタジオスタイルプラス窓口StudioStyle+,〒160-0023 東京都新宿区西新宿７丁目２２-３１ 1F,,0,新宿,新宿|西新宿|高田馬場|新大久保,西武新宿駅,西武新宿駅|新大久保駅|新宿駅,380.0,,,,駅近(≤500m),20,+20(rental=1),0,1
駅近のレンタルダンススタジオ 東京,条件,S,スタジオタップ７２,〒150-0002 東京都渋谷区渋谷１丁目９-5 B2F ナスタックビル,,0,渋谷,渋谷|恵比寿|代官山|原宿,渋谷駅,渋谷駅|表参道駅|原宿駅,371.0,,,,駅近(≤500m),20,+20(rental=1),0,1
駅近のレンタルダンススタジオ 東京,条件,S,スタジオジパング 池上スタジオSTANDARD,〒146-0082 東京都大田区池上６丁目５-１４ プレゼンス池上 地下1階,,0,蒲田,蒲田,池上駅,池上駅|蓮沼駅|矢口渡駅|千鳥町駅|武蔵新田駅|蒲田駅|西馬込駅|下丸子駅|久が原駅,162.0,,,,駅近(≤500m),20,+20(rental=1),0,1
駅近のレンタルダンススタジオ 東京,条件,S,スタジオハクーロ,〒155-0032 東京都世田谷区代沢２丁目４６ 三宅ビル,,0,下北沢,下北沢|三軒茶屋|二子玉川|自由が丘,下北沢駅,下北沢駅,379.0,,,,駅近(≤500m),20,+20(rental=1),0,1
駅近のレンタルダンススタジオ 東京,条件,S,スタジオプラーナ,〒454-0852 愛知県名古屋市中川区昭和橋通５丁目４０-２,,0,その他,その他,中島駅,中島駅|南荒子駅|港北駅|荒子駅|高畑駅,31.0,,,,駅近(≤500m),20,+20(rental=1),0,1
駅近のレンタルダンススタジオ 東京,条件,S,スタジオベルゼ-Studio Verger-,〒185-0021 東京都国分寺市南町２丁目１３-５ 地下1F ベルゼ国分寺,,0,国分寺,国分寺,国分寺駅,国分寺駅,318.0,,,,駅近(≤500m),20,+20(rental=1),0,1
駅近のレンタルダンススタジオ 東京,条件,S,スタジオペンタ五反田店,〒141-0022 東京都品川区東五反田１丁目１２-９,,0,品川,品川|五反田|大井町|目黒,五反田駅,五反田駅|大崎駅|目黒駅,169.0,,,,駅近(≤500m),20,+20(rental=1),0,1
駅近のレンタルダンススタジオ 東京,条件,S,スタジオマーティ,〒108-0073 東京都港区三田２丁目１４-４ １Ｆ,,0,六本木,六本木|赤坂|麻布|新橋,田町駅,田町駅|麻布十番駅,476.0,,,,駅近(≤500m),20,+20(rental=1),0,1
駅近のレンタルダンススタジオ 東京,条件,S,スタジオマーティ 東京三田慶応 / STUDIO marty Tokyo Mita Keio,〒108-0073 東京都港区三田２丁目１４-４ １Ｆ,,0,六本木,六本木|赤坂|麻布|新橋,田町駅,田町駅|麻布十番駅,478.0,,,,駅近(≤500m),20,+20(rental=1),0,1
駅近のレンタルダンススタジオ 東京,条件,S,スタジオメッセ,〒176-0001 東京都練馬区練馬４丁目１９ １F メッセ豊島園２号館,,0,練馬,練馬,豊島園駅,豊島園駅|練馬駅|練馬春日町駅|中村橋駅|桜台駅|平和台駅|氷川台駅|新桜台駅|富士見台駅,225.0,,,,駅近(≤500m),20,+20(rental=1),0,1
駅近のレンタルダンススタジオ 東京,条件,S,スタジオライブラ,〒164-0003 東京都中野区東中野４丁目４-５ 東中野アパートメンツ ４-５ 201,,0,中野,中野,東中野駅,東中野駅|落合駅|中井駅|中野坂上駅|大久保駅|下落合駅|新井薬師前駅|西新宿駅|新大久保駅|中野駅,43.0,,,,駅近(≤500m),20,+20(rental=1),0,1
駅近のレンタルダンススタジオ 東京,条件,S,スタジオリリオ＆カフェ,〒125-0061 東京都葛飾区２９ 亀有3-29-1リリオ弐番館B1,,0,新小岩,新小岩,亀有駅,亀有駅|北綾瀬駅|京成金町駅|金町駅,142.0,,,,駅近(≤500m),20,+20(rental=1),0,1
駅近のレンタルダンススタジオ 東京,条件,S,スタジオルゥ,〒155-0031 東京都世田谷区北沢１丁目３９-７ ＳＡビル 2F N,,0,下北沢,下北沢|三軒茶屋|二子玉川|自由が丘,下北沢駅,下北沢駅,90.0,,,,駅近(≤500m),20,+20(rental=1),0,1
駅近のレンタルダンススタジオ 東京,条件,S,スタジオレブローテ,〒133-0052 東京都江戸川区東小岩５丁目４-１４ 小岩セントラルビル,,0,西葛西,西葛西,小岩駅,小岩駅|京成小岩駅|江戸川駅|国府台駅,367.0,,,,駅近(≤500m),20,+20(rental=1),0,1
駅近のレンタルダンススタジオ 東京,条件,S,スタジオ階梯-空-,〒171-0052 東京都豊島区南長崎５丁目１４-２ ヤマザキビル 地下1階,,0,池袋,池袋|目白|大塚|巣鴨,東長崎駅,東長崎駅|落合南長崎駅|椎名町駅|新江古田駅|千川駅|江古田駅|中井駅|要町駅|新井薬師前駅|下落合駅,316.0,,,,駅近(≤500m),20,+20(rental=1),0,1
駅近のレンタルダンススタジオ 東京,条件,S,monoダンススタジオ西巣鴨（レンタルスタジオ）,〒114-0023 東京都北区滝野川１丁目９３-５ コスモ西巣鴨 103,,0,赤羽,赤羽,西巣鴨駅,西巣鴨駅|西ヶ原四丁目駅|新庚申塚駅|庚申塚駅|板橋駅|新板橋駅|巣鴨新田駅|王子駅|西ケ原駅|王子駅前駅,212.0,,,,駅近(≤500m),70,+20(rental=1)|+30(レンタルスタジオ)|+20(web),0,1
駅近のレンタルダンススタジオ 東京,条件,S,BUZZ レンタルスタジオ巣鴨店,〒170-0002 東京都豊島区巣鴨２丁目４-６ 第二みどりビル B1,https://dance-studio-lab.com/room/MmNjNjkxYjEtYjA5ZC00YTZkLWFjMTAtZmVhYzQ1MGY0M2Uy/detail,1,池袋,池袋|目白|大塚|巣鴨,巣鴨駅,巣鴨駅|駒込駅|千石駅|庚申塚駅|大塚駅|巣鴨新田駅|新庚申塚駅|西ヶ原四丁目駅|新大塚駅|西ケ原駅,125.0,,,,駅近(≤500m),80,+30(dslurl)|+20(rental=1)|+30(レンタルスタジオ),0,1
駅近のレンタルダンススタジオ 東京,条件,S,スタジオ川口,〒182-0024 東京都調布市布田１丁目29-２ B1,,0,調布,調布,調布駅,調布駅,200.0,,,,駅近(≤500m),20,+20(rental=1),0,1
駅近のレンタルダンススタジオ 東京,条件,S,スタジオα,〒202-0001 東京都西東京市ひばりが丘１丁目５-１７ メゾンドα,,0,ひばりヶ丘,ひばりヶ丘,ひばりヶ丘駅,ひばりヶ丘駅|東久留米駅,326.0,,,,駅近(≤500m),20,+20(rental=1),0,1
駅近のレンタルダンススタジオ 東京,条件,S,monoダンススタジオ-レンタル,〒304 東京都豊島区北大塚２丁目２-１３ JP 1700004 大塚シャトレー・トーコー 304号室,,0,池袋,池袋|目白|大塚|巣鴨,大塚駅,大塚駅|向原駅|新大塚駅|庚申塚駅|東池袋四丁目駅|巣鴨駅|東池袋駅|新庚申塚駅|都電雑司ヶ谷駅|西巣鴨駅,49.0,,,,駅近(≤500m),65,+20(rental=1)|+25(ダンススタジオ)|+20(web),0,1
駅近のレンタルダンススタジオ 東京,条件,S,スペースF・L・S｜昭島レンタルスタジオ,〒196-0025 東京都昭島市朝日町１丁目 １１-５ ２F,,0,東京,東京,中神駅,中神駅|東中神駅|昭島駅|西立川駅|西武立川駅,145.0,,,,駅近(≤500m),50,+20(rental=1)|+30(レンタルスタジオ),0,1
駅近のレンタルダンススタジオ 東京,条件,S,スペースアルファ,〒168-0064 東京都杉並区永福４丁目１９-７ ハイツセキ,,0,高円寺,高円寺,西永福駅,西永福駅|永福町駅|浜田山駅|桜上水駅|下高井戸駅|上北沢駅|明大前駅|方南町駅|高井戸駅,183.0,,,,駅近(≤500m),20,+20(rental=1),0,1
駅近のレンタルダンススタジオ 東京,条件,S,スペースアルファ㈱光音社,〒168-0064 東京都杉並区永福４丁目１９-７ ハイツ セキ B1F,,0,高円寺,高円寺,西永福駅,西永福駅|永福町駅|浜田山駅|桜上水駅|下高井戸駅|上北沢駅|明大前駅|方南町駅|高井戸駅,183.0,,,,駅近(≤500m),20,+20(rental=1),0,1
駅近のレンタルダンススタジオ 東京,条件,S,スポーツクラブ ルネサンス 富士見台24,〒176-0021 東京都練馬区貫井３丁目１２-３３,,0,練馬,練馬,富士見台駅,富士見台駅|中村橋駅|練馬高野台駅|下井草駅|井荻駅|鷺ノ宮駅|豊島園駅,192.0,,,,駅近(≤500m),20,+20(rental=1),0,1
駅近のレンタルダンススタジオ 東京,条件,S,セミナールーム茅場町 Co-Edo 3F 貸会議室,〒104-0033 東京都中央区新川１丁目３-４ ＰＡビル3F,,0,銀座,銀座|日本橋|八丁堀|月島,茅場町駅,茅場町駅|水天宮前駅|八丁堀駅|日本橋駅|人形町駅|京橋駅|新富町駅|三越前駅|東京駅|門前仲町駅,223.0,,,,駅近(≤500m),20,+20(rental=1),0,1
駅近のレンタルダンススタジオ 東京,条件,S,スタジオ白猫屋 調布店,〒182-0021 東京都調布市調布ケ丘１丁目34-５ 調布タカラビル 3階,,0,調布,調布,調布駅,調布駅,415.0,,,,駅近(≤500m),20,+20(rental=1),0,1
駅近のレンタルダンススタジオ 東京,条件,S,ソニズダンススタジオ南阿佐ヶ谷,〒166-0015 東京都杉並区成田東５丁目３９-１２,,0,高円寺,高円寺,南阿佐ケ谷駅,南阿佐ケ谷駅|阿佐ヶ谷駅|新高円寺駅|荻窪駅|高円寺駅,100.0,,,,駅近(≤500m),45,+20(rental=1)|+25(ダンススタジオ),0,1
駅近のレンタルダンススタジオ 東京,条件,S,ソピックカルチャー総合サイト,〒194-0045 東京都町田市南成瀬１丁目２-１,,0,町田,町田,成瀬駅,成瀬駅|つくし野駅|長津田駅|恩田駅,111.0,,,,駅近(≤500m),20,+20(rental=1),0,1
駅近のレンタルダンススタジオ 東京,条件,S,タケウチ,〒211-0006 神奈川県川崎市中原区丸子通１丁目６３６-１,,0,その他,その他,新丸子駅,新丸子駅|武蔵小杉駅|沼部駅|多摩川駅|向河原駅|田園調布駅|鵜の木駅|御嶽山駅|雪が谷大塚駅|武蔵中原駅,226.0,,,,駅近(≤500m),20,+20(rental=1),0,1
駅近のレンタルダンススタジオ 東京,条件,S,たにどうダンスワールド,〒107-0052 東京都港区赤坂３丁目９-４ 赤坂扇やビル 4階,,0,六本木,六本木|赤坂|麻布|新橋,赤坂駅,赤坂駅,396.0,,,,駅近(≤500m),20,+20(rental=1),0,1
駅近のレンタルダンススタジオ 東京,条件,S,Ballet Fl?gel バレエフリューゲル,〒206-0011 東京都多摩市関戸４丁目７３ ヴィータアネックスよこくらビル 3階,,0,多摩センター,多摩センター,聖蹟桜ヶ丘駅,聖蹟桜ヶ丘駅|中河原駅|百草園駅,181.0,,,,駅近(≤500m),20,+20(rental=1),0,1
駅近のレンタルダンススタジオ 東京,条件,S,タヒチアンダンススタジオ ライマーラマ表参道,〒150-0001 東京都渋谷区神宮前５丁目１３-１４,,0,渋谷,渋谷|恵比寿|代官山|原宿,表参道駅,表参道駅|原宿駅|渋谷駅,493.0,,,,駅近(≤500m),45,+20(rental=1)|+25(ダンススタジオ),0,1
駅近のレンタルダンススタジオ 東京,条件,S,大井町店 レンタルスペースROOTS,〒140-0014 東京都品川区大井４丁目８-１１ L HOUSE 地下 一階,,0,品川,品川|五反田|大井町|目黒,大井町駅,大井町駅,434.0,,,,駅近(≤500m),20,+20(rental=1),0,1
駅近のレンタルダンススタジオ 東京,条件,S,ダンスカレッジ古都,〒171-0042 東京都豊島区高松１丁目６-２,,0,池袋,池袋|目白|大塚|巣鴨,要町駅,要町駅|千川駅|椎名町駅|池袋駅|東長崎駅|大山駅|目白駅|北池袋駅|落合南長崎駅|小竹向原駅,220.0,,,,駅近(≤500m),20,+20(rental=1),0,1
駅近のレンタルダンススタジオ 東京,条件,S,ダンススタジオ,〒090-0042 北海道北見市北２条西４丁目13-１,,0,その他,その他,北見駅,北見駅,471.0,,,,駅近(≤500m),45,+20(rental=1)|+25(ダンススタジオ),0,1
駅近のレンタルダンススタジオ 東京,条件,S,ダンススタジオ スターゲート,〒457-0004 愛知県名古屋市南区中江１丁目６-８,,0,その他,その他,鶴里駅,鶴里駅|桜本町駅|桜駅|野並駅|本笠寺駅|新瑞橋駅|呼続駅|妙音通駅|瑞穂運動場東駅,53.0,,,,駅近(≤500m),45,+20(rental=1)|+25(ダンススタジオ),0,1
駅近のレンタルダンススタジオ 東京,条件,S,ダンススタジオ セピア,〒272-0033 千葉県市川市市川南３丁目１４-１６,,0,その他,その他,市川駅,市川駅|市川真間駅|国府台駅|江戸川駅|菅野駅,348.0,,,,駅近(≤500m),45,+20(rental=1)|+25(ダンススタジオ),0,1
駅近のレンタルダンススタジオ 東京,条件,S,ダンススタジオ ファンデーション 東中野落合校,〒164-0003 東京都中野区東中野３丁目１６-１４ 小谷ビル １Ｆ,,0,中野,中野,東中野駅,東中野駅|落合駅|中井駅|新井薬師前駅|中野坂上駅|下落合駅|中野駅|落合南長崎駅|新中野駅|大久保駅,392.0,,,,駅近(≤500m),45,+20(rental=1)|+25(ダンススタジオ),0,1
駅近のレンタルダンススタジオ 東京,条件,S,ダンススタジオ ファンデーション 茂原校,〒297-0073 千葉県茂原市長尾２５４２-２,,0,その他,その他,新茂原駅,新茂原駅,381.0,,,,駅近(≤500m),45,+20(rental=1)|+25(ダンススタジオ),0,1
駅近のレンタルダンススタジオ 東京,条件,S,ダンススタジオ ユー,〒183-0015 東京都府中市清水が丘１丁目１-３,,0,府中,府中,東府中駅,東府中駅|多磨霊園駅|府中競馬正門前駅|府中駅|白糸台駅|是政駅|競艇場前駅|府中本町駅|武蔵野台駅,77.0,,,,駅近(≤500m),45,+20(rental=1)|+25(ダンススタジオ),0,1
駅近のレンタルダンススタジオ 東京,条件,S,池尻大橋レンタルスタジオY3,〒153-0043 東京都目黒区東山３丁目１-１９ メゾン池尻大橋 M.I.O Bldg 305,,0,中目黒,中目黒,池尻大橋駅,池尻大橋駅,173.0,,,,駅近(≤500m),50,+20(rental=1)|+30(レンタルスタジオ),0,1
駅近のレンタルダンススタジオ 東京,条件,S,ダンススタジオ・ミカ,"2階, ５丁目-１-３ 麻生町 北区 札幌市 北海道 001-0045",,0,赤羽,赤羽,麻生駅,麻生駅|新琴似駅|北３４条駅|新川駅|太平駅,149.0,,,,駅近(≤500m),45,+20(rental=1)|+25(ダンススタジオ),0,1
駅近のレンタルダンススタジオ 東京,条件,S,ダンススタジオANGELO★,〒152-0035 東京都目黒区自由が丘２丁目１６-２５ シグナルヒル B1,,0,中目黒,中目黒,自由が丘駅,自由が丘駅,270.0,,,,駅近(≤500m),65,+20(rental=1)|+25(ダンススタジオ)|+20(web),0,1
駅近のレンタルダンススタジオ 東京,条件,S,ダンススタジオｈｏｗｔｏｆｌｙ,〒272-0133 千葉県市川市行徳駅前２丁目２０-１,,0,その他,その他,行徳駅,行徳駅|妙典駅|南行徳駅|瑞江駅,194.0,,,,駅近(≤500m),45,+20(rental=1)|+25(ダンススタジオ),0,1
駅近のレンタルダンススタジオ 東京,条件,S,ダンススタジオｉｎｇ,〒812-0053 福岡県福岡市東区箱崎２丁目４１-７,,0,その他,その他,箱崎九大前駅,箱崎九大前駅|箱崎宮前駅|箱崎駅|馬出九大病院前駅|貝塚駅|吉塚駅,216.0,,,,駅近(≤500m),45,+20(rental=1)|+25(ダンススタジオ),0,1
駅近のレンタルダンススタジオ 東京,条件,S,ダンススタジオJJ,〒350-1122 埼玉県川越市脇田町３-１６ 丸石ビルディング 6階,,0,その他,その他,川越駅,川越駅|本川越駅|川越市駅,241.0,,,,駅近(≤500m),45,+20(rental=1)|+25(ダンススタジオ),0,1
駅近のレンタルダンススタジオ 東京,条件,S,ダンススタジオRUCHIRU,〒340-0015 埼玉県草加市高砂２丁目２-２８ 丸善草加ビル ３-A,,0,その他,その他,草加駅,草加駅|谷塚駅|獨協大学前(草加松原)駅,240.0,,,,駅近(≤500m),45,+20(rental=1)|+25(ダンススタジオ),0,1
駅近のレンタルダンススタジオ 東京,条件,S,個室レンタルジム AllDayGym 松陰神社店,〒154-0023 東京都世田谷区若林４丁目１７-１２ プルミエール松陰神社 202,,0,下北沢,下北沢|三軒茶屋|二子玉川|自由が丘,松陰神社前駅,松陰神社前駅|若林駅|世田谷駅|上町駅|西太子堂駅|宮の坂駅|梅ヶ丘駅|豪徳寺駅|山下駅|三軒茶屋駅,191.0,,,,駅近(≤500m),20,+20(rental=1),0,1
駅近のレンタルダンススタジオ 東京,条件,S,NEW STEP Dance Arts Studio,〒580-0024 大阪府松原市東新町４丁目８-２８,,0,その他,その他,布忍駅,布忍駅|高見ノ里駅|河内天美駅|河内松原駅,269.0,,,,駅近(≤500m),20,+20(rental=1),0,1
駅近のレンタルダンススタジオ 東京,条件,S,ダンススタジオ石井,〒151-0051 東京都渋谷区千駄ケ谷５丁目４-７,,0,渋谷,渋谷|恵比寿|代官山|原宿,代々木駅,代々木駅|新宿駅,480.0,,,,駅近(≤500m),45,+20(rental=1)|+25(ダンススタジオ),0,1
駅近のレンタルダンススタジオ 東京,条件,S,ダンススペース ベースオントップ吉祥寺店,〒180-0004 東京都武蔵野市吉祥寺本町１丁目２０-３ B1F,,0,吉祥寺,吉祥寺,吉祥寺駅,吉祥寺駅,326.0,,,,駅近(≤500m),20,+20(rental=1),0,1
駅近のレンタルダンススタジオ 東京,条件,S,ダンススペース ベースオントップ高田馬場店,〒169-0075 東京都新宿区高田馬場１丁目３３-１４ サンフラワービル 3F,,0,新宿,新宿|西新宿|高田馬場|新大久保,高田馬場駅,高田馬場駅|新大久保駅,120.0,,,,駅近(≤500m),20,+20(rental=1),0,1
駅近のレンタルダンススタジオ 東京,条件,S,ダンススペースDD,〒213-0004 神奈川県川崎市高津区１０ 高津区諏訪1-10-8 クラッセコート1-1,,0,その他,その他,二子新地駅,二子新地駅|高津駅|二子玉川駅|溝の口駅|武蔵溝ノ口駅|上野毛駅,81.0,,,,駅近(≤500m),20,+20(rental=1),0,1
駅近のレンタルダンススタジオ 東京,条件,S,ダンススペースオオヤ,〒130-0024 東京都墨田区菊川２丁目６-１４ マーベラスビル5F,,0,錦糸町,錦糸町,菊川駅,菊川駅|森下駅|清澄白河駅|住吉駅|錦糸町駅|両国駅|浜町駅|東日本橋駅|西大島駅|水天宮前駅,80.0,,,,駅近(≤500m),20,+20(rental=1),0,1
駅近のレンタルダンススタジオ 東京,条件,S,ダンスプレイスフェリーチェ (dance place FELICE),〒125-0041 東京都葛飾区東金町１丁目４２-１０ 東金町ビル ５階,,0,新小岩,新小岩,金町駅,金町駅|京成金町駅|柴又駅,110.0,,,,駅近(≤500m),20,+20(rental=1),0,1
駅近のレンタルダンススタジオ 東京,条件,S,ダンスフロアーNEWプラスパ,〒203-0014 東京都東久留米市東本町７-１５ プラスパ小山 2F ビル,,0,東久留米,東久留米,東久留米駅,東久留米駅|清瀬駅|ひばりヶ丘駅,318.0,,,,駅近(≤500m),20,+20(rental=1),0,1
駅近のレンタルダンススタジオ 東京,条件,S,ダンスホール ESPACE,〒168-0074 東京都杉並区上高井戸１丁目２-１ 地下１階 第１八幡山マンション,,0,高円寺,高円寺,八幡山駅,八幡山駅|芦花公園駅|上北沢駅|千歳烏山駅|桜上水駅|高井戸駅|浜田山駅|富士見ヶ丘駅,108.0,,,,駅近(≤500m),20,+20(rental=1),0,1
駅近のレンタルダンススタジオ 東京,条件,S,ダンスラッシュ,〒001-0021 北海道札幌市北区北２１条西５丁目１-１ ベルリネッタN21 2F,,0,赤羽,赤羽,北２４条駅,北２４条駅|北１８条駅|北１２条駅|北１３条東駅|北３４条駅|東区役所前駅|桑園駅|札幌駅,465.0,,,,駅近(≤500m),20,+20(rental=1),0,1
駅近のレンタルダンススタジオ 東京,条件,S,BUZZ レンタルスタジオ 池袋西口PARK店,〒171-0021 東京都豊島区西池袋３丁目３０-１０ ライオンビル B1,,0,池袋,池袋|目白|大塚|巣鴨,池袋駅,池袋駅,415.0,,,,駅近(≤500m),50,+20(rental=1)|+30(レンタルスタジオ),0,1
駅近のレンタルダンススタジオ 東京,条件,S,スタジオジパング 池袋スタジオSTANDARD 7F/8F,〒171-0021 東京都豊島区西池袋３丁目２９-９ 8F Ｃ３ビル 7F,,0,池袋,池袋|目白|大塚|巣鴨,池袋駅,池袋駅,449.0,,,,駅近(≤500m),20,+20(rental=1),0,1
駅近のレンタルダンススタジオ 東京,条件,S,natsu belly dance club,〒171-0022 東京都豊島区南池袋２丁目２２-４ フジキF2ビル,,0,池袋,池袋|目白|大塚|巣鴨,池袋駅,池袋駅,352.0,,,,駅近(≤500m),20,+20(rental=1),0,1
駅近のレンタルダンススタジオ 東京,条件,S,ツチヤダンスガーデン,〒213-0002 神奈川県川崎市高津区二子５丁目２-１,,0,その他,その他,高津駅,高津駅|溝の口駅|武蔵溝ノ口駅|二子新地駅|二子玉川駅|梶が谷駅|津田山駅,74.0,,,,駅近(≤500m),20,+20(rental=1),0,1
駅近のレンタルダンススタジオ 東京,条件,S,ティアラ,〒142-0053 東京都品川区中延３丁目２-４,,0,品川,品川|五反田|大井町|目黒,荏原中延駅,荏原中延駅|中延駅|戸越公園駅|荏原町駅|戸越駅|戸越銀座駅|旗の台駅|西大井駅|西小山駅|下神明駅,91.0,,,,駅近(≤500m),20,+20(rental=1),0,1
駅近のレンタルダンススタジオ 東京,条件,S,ティーアイエス（株）,〒150-0021 東京都渋谷区恵比寿西１丁目３０-１４ エコー代官山,,0,渋谷,渋谷|恵比寿|代官山|原宿,恵比寿駅,恵比寿駅|渋谷駅,428.0,,,,駅近(≤500m),20,+20(rental=1),0,1
駅近のレンタルダンススタジオ 東京,条件,S,テルコ・ダンススタジオ,〒001-0035 北海道札幌市北区北３５条西５丁目１-１５,,0,赤羽,赤羽,北３４条駅,北３４条駅|麻生駅|新琴似駅|北２４条駅|新川駅,331.0,,,,駅近(≤500m),45,+20(rental=1)|+25(ダンススタジオ),0,1
駅近のレンタルダンススタジオ 東京,条件,S,トゥインクルクラブ,〒471-0835 愛知県豊田市曙町２丁目16番地 BLUS16 101号室,,0,その他,その他,土橋駅,土橋駅|三河豊田駅,162.0,,,,駅近(≤500m),20,+20(rental=1),0,1
駅近のレンタルダンススタジオ 東京,条件,S,なかすた（スタジオ神田川）,〒164-0013 東京都中野区弥生町５丁目２２-２ ビラフジミ B号室,https://dance-studio-lab.com/room/ODE4NDI3NmEtODY2YS00ZTg2LTgyMzctNzMzNmYwYjNmNDgx/detail,1,中野,中野,中野富士見町駅,中野富士見町駅|中野新橋駅|新中野駅|方南町駅|東高円寺駅|幡ヶ谷駅|西新宿五丁目駅（清水橋）|中野坂上駅|笹塚駅|新高円寺駅,163.0,,,,駅近(≤500m),50,+30(dslurl)|+20(rental=1),0,1
駅近のレンタルダンススタジオ 東京,条件,S,ナッツ・レンタル・スタジオ,〒114-0014 東京都北区田端４丁目１-１１ クレールビル 1F,,0,赤羽,赤羽,駒込駅,駒込駅|田端駅|千石駅|巣鴨駅|尾久駅|本駒込駅|上中里駅|西日暮里駅|西ケ原駅|千駄木駅,469.0,,,,駅近(≤500m),20,+20(rental=1),0,1
駅近のレンタルダンススタジオ 東京,条件,S,ナプア アラ オナオナ 恵比寿校,〒150-0013 東京都渋谷区恵比寿１丁目１-６ エビスオークビル1-2F,,0,渋谷,渋谷|恵比寿|代官山|原宿,恵比寿駅,恵比寿駅,186.0,,,,駅近(≤500m),20,+20(rental=1),0,1
駅近のレンタルダンススタジオ 東京,条件,S,ノアスタジオ 新宿１号店,〒160-0023 東京都新宿区西新宿１丁目３-１４,,0,新宿,新宿|西新宿|高田馬場|新大久保,新宿駅,新宿駅|西武新宿駅|新大久保駅,319.0,,,,駅近(≤500m),20,+20(rental=1),0,1
駅近のレンタルダンススタジオ 東京,条件,S,ノアスタジオ 新宿２号店,〒160-0023 東京都新宿区西新宿７丁目１０-１２,,0,新宿,新宿|西新宿|高田馬場|新大久保,西武新宿駅,西武新宿駅|新宿駅|新大久保駅,259.0,,,,駅近(≤500m),20,+20(rental=1),0,1
駅近のレンタルダンススタジオ 東京,条件,S,ノアスタジオ 赤坂店,〒107-0052 東京都港区赤坂３丁目１３-１２ 受付は隣のビル2Fとなります,,0,六本木,六本木|赤坂|麻布|新橋,赤坂駅,赤坂駅|青山一丁目駅,62.0,,,,駅近(≤500m),20,+20(rental=1),0,1
駅近のレンタルダンススタジオ 東京,条件,S,ノアスタジオ 中野店,"〒164-0001 東京都中野区中野３丁目３９-２, Nakano Noah Building, B1",,0,中野,中野,中野駅,中野駅,231.0,,,,駅近(≤500m),20,+20(rental=1),0,1
駅近のレンタルダンススタジオ 東京,条件,S,ノアスタジオ 都立大２号店,〒152-0031 東京都目黒区中根１丁目２-２ 1F 受付,,0,中目黒,中目黒,都立大学駅,都立大学駅|緑が丘駅|自由が丘駅|学芸大学駅|大岡山駅|奥沢駅|洗足駅|九品仏駅|北千束駅,61.0,,,,駅近(≤500m),20,+20(rental=1),0,1
駅近のレンタルダンススタジオ 東京,条件,S,ノアスタジオ 都立大店（ダンス・演劇）,〒152-0031 東京都目黒区中根１丁目７-２３ ＳＴビル,,0,中目黒,中目黒,都立大学駅,都立大学駅|自由が丘駅|緑が丘駅|大岡山駅|奥沢駅|学芸大学駅|九品仏駅|洗足駅,151.0,,,,駅近(≤500m),20,+20(rental=1),0,1
駅近のレンタルダンススタジオ 東京,条件,S,ノアスタジオ代々木店,〒151-0051 東京都渋谷区千駄ケ谷４丁目２４-１９,,0,渋谷,渋谷|恵比寿|代官山|原宿,代々木駅,代々木駅,452.0,,,,駅近(≤500m),20,+20(rental=1),0,1
駅近のレンタルダンススタジオ 東京,条件,S,ノートルスタジオ,〒107-0062 東京都港区南青山３丁目５-１ O&K 南青山,,0,六本木,六本木|赤坂|麻布|新橋,外苑前駅,外苑前駅|表参道駅|青山一丁目駅,384.0,,,,駅近(≤500m),20,+20(rental=1),0,1
駅近のレンタルダンススタジオ 東京,条件,S,スタジオクレイン鶴川,〒195-0053 東京都町田市能ヶ谷２丁目１２,,0,町田,町田,鶴川駅,鶴川駅|柿生駅,167.0,,,,駅近(≤500m),20,+20(rental=1),0,1
駅近のレンタルダンススタジオ 東京,条件,S,ハウススタジオ プラネアールときわ台スタジオ,〒174-0071 東京都板橋区常盤台２丁目９-５,,0,成増,成増,ときわ台駅,ときわ台駅|中板橋駅|上板橋駅|板橋本町駅|本蓮沼駅|大山駅|志村坂上駅|志村三丁目駅,159.0,,,,駅近(≤500m),20,+20(rental=1),0,1
駅近のレンタルダンススタジオ 東京,条件,S,パルティールバレエスタジオ,〒113-0033 東京都文京区本郷４丁目２５-８ レッチフィールド本郷４丁目3F,,0,後楽園,後楽園,春日駅,春日駅|後楽園駅|本郷三丁目駅|東大前駅|水道橋駅|白山駅|飯田橋駅|根津駅|湯島駅|御茶ノ水駅,292.0,,,,駅近(≤500m),20,+20(rental=1),0,1
駅近のレンタルダンススタジオ 東京,条件,S,バレエアトリエリュミエール,〒169-0051 東京都新宿区西早稲田２丁目３-１ 早稲田奉仕園 奉仕園会館一号館地下一階 You-Iホール,,0,新宿,新宿|西新宿|高田馬場|新大久保,早稲田駅,早稲田駅|面影橋駅|西早稲田駅|若松河田駅|学習院下駅|牛込柳町駅|高田馬場駅|東新宿駅|雑司が谷駅|江戸川橋駅,464.0,,,,駅近(≤500m),20,+20(rental=1),0,1
駅近のレンタルダンススタジオ 東京,条件,S,K Dance Nexus DANCE STUDIO 百合ヶ丘A,〒215-0011 神奈川県川崎市麻生区百合丘１丁目１９-５,,0,その他,その他,百合ヶ丘駅,百合ヶ丘駅|新百合ヶ丘駅|読売ランド前駅,95.0,,,,駅近(≤500m),45,+20(rental=1)|+25(ダンススタジオ),0,1
駅近のレンタルダンススタジオ 東京,条件,S,K Dance Nexus DANCE STUDIO 百合ケ丘B,〒215-0011 神奈川県川崎市麻生区百合丘２丁目２-４ Tcre新百合ヶ丘 B1,,0,その他,その他,百合ヶ丘駅,百合ヶ丘駅|新百合ヶ丘駅|読売ランド前駅|五月台駅,382.0,,,,駅近(≤500m),45,+20(rental=1)|+25(ダンススタジオ),0,1
駅近のレンタルダンススタジオ 東京,条件,S,バレエスタジオＭＯＭＯ,〒171-0043 東京都豊島区要町３丁目２３-１１ カーサプリマ,,0,池袋,池袋|目白|大塚|巣鴨,千川駅,千川駅|小竹向原駅|東長崎駅|要町駅|江古田駅|椎名町駅|大山駅|新桜台駅|新江古田駅|落合南長崎駅,196.0,,,,駅近(≤500m),20,+20(rental=1),0,1
駅近のレンタルダンススタジオ 東京,条件,S,K Dance Nexus Dance Studio 読売ランド前,〒214-0037 神奈川県川崎市多摩区西生田３丁目９-３０,,0,その他,その他,読売ランド前駅,読売ランド前駅|生田駅|百合ヶ丘駅,92.0,,,,駅近(≤500m),45,+20(rental=1)|+25(ダンススタジオ),0,1
駅近のレンタルダンススタジオ 東京,条件,S,バレエスタジオコルツァ（Ballet Studio Colza）,〒193-0833 東京都八王子市めじろ台１丁目９-１ 2階,,0,八王子,八王子,めじろ台駅,めじろ台駅|狭間駅|山田駅|西八王子駅,108.0,,,,駅近(≤500m),20,+20(rental=1),0,1
駅近のレンタルダンススタジオ 東京,条件,S,パンキースタジオ,〒192-0355 東京都八王子市堀之内３丁目３５-６,,0,八王子,八王子,京王堀之内駅,京王堀之内駅|唐木田駅,153.0,,,,駅近(≤500m),20,+20(rental=1),0,1
駅近のレンタルダンススタジオ 東京,条件,S,バンドスタジオ ベースオントップ京橋店,〒536-0016 大阪府大阪市城東区蒲生１丁目８-４,,0,その他,その他,京橋駅,京橋駅|蒲生四丁目駅|大阪ビジネスパーク駅|鴫野駅|ＪＲ野江駅|大阪城北詰駅|大阪城公園駅|野江駅|野江内代駅|都島駅,345.0,,,,駅近(≤500m),20,+20(rental=1),0,1
駅近のレンタルダンススタジオ 東京,条件,S,バンドスタジオ ベースオントップ秋葉原昭和通り口店,〒101-0025 東京都千代田区神田佐久間町３丁目37-１ 文唱堂ビル B1F,,0,秋葉原,秋葉原,秋葉原駅,秋葉原駅,326.0,,,,駅近(≤500m),20,+20(rental=1),0,1
駅近のレンタルダンススタジオ 東京,条件,S,ピアノスタジオノア 下北沢店,〒155-0031 東京都世田谷区北沢２丁目３４-８,,0,下北沢,下北沢|三軒茶屋|二子玉川|自由が丘,下北沢駅,下北沢駅,201.0,,,,駅近(≤500m),20,+20(rental=1),0,1
駅近のレンタルダンススタジオ 東京,条件,S,ピアノスタジオノア 恵比寿店,〒150-0013 東京都渋谷区恵比寿４丁目４-１２,,0,渋谷,渋谷|恵比寿|代官山|原宿,恵比寿駅,恵比寿駅,206.0,,,,駅近(≤500m),20,+20(rental=1),0,1
駅近のレンタルダンススタジオ 東京,条件,S,ファーストクラブ,〒187-0043 東京都小平市学園東町１丁目７-４１-４,,0,小平,小平,一橋学園駅,一橋学園駅|青梅街道駅|新小平駅|小平駅|鷹の台駅|萩山駅,242.0,,,,駅近(≤500m),20,+20(rental=1),0,1
駅近のレンタルダンススタジオ 東京,条件,S,フラメンコスタジオアスール,〒141-0022 東京都品川区東五反田１丁目１８-４ B1 ＧＴＤイーストビル,,0,品川,品川|五反田|大井町|目黒,五反田駅,五反田駅|大崎駅|品川駅,277.0,,,,駅近(≤500m),20,+20(rental=1),0,1
駅近のレンタルダンススタジオ 東京,条件,S,IK noelle Ballet Contemporary,〒156-0057 東京都世田谷区上北沢３丁目３３-５,,0,下北沢,下北沢|三軒茶屋|二子玉川|自由が丘,上北沢駅,上北沢駅|八幡山駅|桜上水駅|芦花公園駅|浜田山駅|西永福駅|下高井戸駅|高井戸駅|松原駅|永福町駅,94.0,,,,駅近(≤500m),20,+20(rental=1),0,1
駅近のレンタルダンススタジオ 東京,条件,S,プレジャーガレージ,〒150-0031 東京都渋谷区桜丘町２４-３,,0,渋谷,渋谷|恵比寿|代官山|原宿,渋谷駅,渋谷駅,167.0,,,,駅近(≤500m),20,+20(rental=1),0,1
駅近のレンタルダンススタジオ 東京,条件,S,フレックススタイル 船堀校,〒134-0091 東京都江戸川区船堀２丁目２３-２４,,0,西葛西,西葛西,船堀駅,船堀駅|東大島駅|一之江駅,192.0,,,,駅近(≤500m),20,+20(rental=1),0,1
駅近のレンタルダンススタジオ 東京,条件,S,ベストスタジオ立川,〒190-0022 東京都立川市錦町２丁目１-１０ エリア立川 302号室,,0,立川,立川,立川駅,立川駅,348.0,,,,駅近(≤500m),20,+20(rental=1),0,1
駅近のレンタルダンススタジオ 東京,条件,S,ペンテフラットスタジオ,〒279-0002 千葉県浦安市北栄１丁目１１-４０ １F ビル,,0,その他,その他,浦安駅,浦安駅|南行徳駅,182.0,,,,駅近(≤500m),20,+20(rental=1),0,1
駅近のレンタルダンススタジオ 東京,条件,S,ボイトレ＆ダンスの NAYUTAS（ナユタス）町田校,〒194-0022 東京都町田市森野１丁目１４-９ ＭＫビル 森野2F,,0,町田,町田,町田駅,町田駅,352.0,,,,駅近(≤500m),20,+20(rental=1),0,1
駅近のレンタルダンススタジオ 東京,条件,S,ポールダンススタジオ Grace A,〒154-0024 東京都世田谷区三軒茶屋２丁目１４-１２ 三元ビル 403,,0,下北沢,下北沢|三軒茶屋|二子玉川|自由が丘,三軒茶屋駅,三軒茶屋駅,63.0,,,,駅近(≤500m),45,+20(rental=1)|+25(ダンススタジオ),0,1
駅近のレンタルダンススタジオ 東京,条件,S,スイープスタジオ,〒173-0004 東京都板橋区板橋２丁目６１-４ 板橋マリオン B1,,0,成増,成増,板橋区役所前駅,板橋区役所前駅|下板橋駅|大山駅|新板橋駅|板橋駅|北池袋駅|板橋本町駅|中板橋駅|十条駅|西巣鴨駅,139.0,,,,駅近(≤500m),20,+20(rental=1),0,1
駅近のレンタルダンススタジオ 東京,条件,S,studioハレマニ,〒114-0023 東京都北区滝野川６丁目１１-９,,0,赤羽,赤羽,西巣鴨駅,西巣鴨駅|板橋駅|新庚申塚駅|庚申塚駅|北池袋駅|新板橋駅|西ヶ原四丁目駅|下板橋駅|大塚駅|向原駅,380.0,,,,駅近(≤500m),20,+20(rental=1),0,1
駅近のレンタルダンススタジオ 東京,条件,S,ホットヨガスタジオLAVA 中野坂上店,〒164-0012 東京都中野区本町２丁目２８-１１ 不二ハイツ 2F,,0,中野,中野,中野坂上駅,中野坂上駅|西新宿五丁目駅（清水橋）|中野新橋駅|西新宿駅|都庁前駅|新中野駅|東中野駅|中野富士見町駅|大久保駅|新宿西口駅,254.0,,,,駅近(≤500m),20,+20(rental=1),0,1
駅近のレンタルダンススタジオ 東京,条件,S,スタジオルミエル,〒114-0023 東京都北区滝野川５丁目４１-４ 明成ビル B１F,,0,赤羽,赤羽,新板橋駅,新板橋駅|板橋駅|西巣鴨駅|下板橋駅|西ヶ原四丁目駅|新庚申塚駅|北池袋駅|滝野川一丁目駅|庚申塚駅|板橋区役所前駅,272.0,,,,駅近(≤500m),20,+20(rental=1),0,1
駅近のレンタルダンススタジオ 東京,条件,S,Legato HALL,〒175-0082 東京都板橋区高島平８丁目６-６ ２階,,0,成増,成増,高島平駅,高島平駅|新高島平駅|西台駅|蓮根駅|西高島平駅,159.0,,,,駅近(≤500m),20,+20(rental=1),0,1
駅近のレンタルダンススタジオ 東京,条件,S,マーティ株式会社,〒108-0073 東京都港区三田２丁目１４-４ 三田慶応ビジデンス１F,,0,六本木,六本木|赤坂|麻布|新橋,田町駅,田町駅|麻布十番駅,472.0,,,,駅近(≤500m),20,+20(rental=1),0,1
駅近のレンタルダンススタジオ 東京,条件,S,マインクラブダンススタジオ,〒153-0052 東京都目黒区祐天寺１丁目２２-５,,0,中目黒,中目黒,祐天寺駅,祐天寺駅|中目黒駅|学芸大学駅|代官山駅|池尻大橋駅|恵比寿駅|三軒茶屋駅,145.0,,,,駅近(≤500m),45,+20(rental=1)|+25(ダンススタジオ),0,1
駅近のレンタルダンススタジオ 東京,条件,S,マウリ・ナニスタジオ,〒194-0004 東京都町田市鶴間１丁目１８-１ ドルフ南町田101,,0,町田,町田,南町田グランベリーパーク駅,南町田グランベリーパーク駅|つきみ野駅|すずかけ台駅,347.0,,,,駅近(≤500m),20,+20(rental=1),0,1
駅近のレンタルダンススタジオ 東京,条件,S,BUZZ レンタルスタジオ 大阪京橋店,〒534-0024 大阪府大阪市都島区東野田町２丁目９-２３ 晃進ビル B2F,,0,その他,その他,京橋駅,京橋駅|大阪城北詰駅|大阪ビジネスパーク駅|大阪城公園駅|ＪＲ野江駅|蒲生四丁目駅|鴫野駅|桜ノ宮駅|都島駅|野江内代駅,280.0,,,,駅近(≤500m),50,+20(rental=1)|+30(レンタルスタジオ),0,1
駅近のレンタルダンススタジオ 東京,条件,S,マヅカダンスカンパニー,〒168-0065 東京都杉並区浜田山２丁目２２-１ ゴディメント浜田山1F 南 浜田山ゴディメント,,0,高円寺,高円寺,浜田山駅,浜田山駅|西永福駅|高井戸駅|永福町駅|上北沢駅|桜上水駅|八幡山駅|下高井戸駅,211.0,,,,駅近(≤500m),20,+20(rental=1),0,1
駅近のレンタルダンススタジオ 東京,条件,S,マリーコンツェルト,〒173-0016 東京都板橋区中板橋１８-１１,,0,成増,成増,中板橋駅,中板橋駅|ときわ台駅|板橋本町駅|大山駅|板橋区役所前駅|本蓮沼駅|上板橋駅,184.0,,,,駅近(≤500m),20,+20(rental=1),0,1
駅近のレンタルダンススタジオ 東京,条件,S,ミタニダンススタジオ,〒522-0201 滋賀県彦根市高宮町１５５５-１,,0,その他,その他,高宮駅,高宮駅|南彦根駅|スクリーン駅|彦根口駅,463.0,,,,駅近(≤500m),45,+20(rental=1)|+25(ダンススタジオ),0,1
駅近のレンタルダンススタジオ 東京,条件,S,ミハタホール,〒168-0074 東京都杉並区上高井戸１丁目２-１ 第１八幡山マンション地下１階,,0,高円寺,高円寺,八幡山駅,八幡山駅|芦花公園駅|上北沢駅|千歳烏山駅|高井戸駅|桜上水駅|浜田山駅|富士見ヶ丘駅,100.0,,,,駅近(≤500m),20,+20(rental=1),0,1
駅近のレンタルダンススタジオ 東京,条件,S,ミュージックサロン アマーブルNUTSスタジオ駒込店,〒114-0014 東京都北区田端４丁目１-１１ クレールビル 1F,,0,赤羽,赤羽,駒込駅,駒込駅|田端駅|千石駅|巣鴨駅|尾久駅|本駒込駅|上中里駅|西日暮里駅|西ケ原駅|千駄木駅,472.0,,,,駅近(≤500m),20,+20(rental=1),0,1
駅近のレンタルダンススタジオ 東京,条件,S,ミュージックサロン アマーブル十条店,〒114-0031 東京都北区十条仲原１丁目８-２６ 清水ビル,,0,赤羽,赤羽,十条駅,十条駅|東十条駅|王子神谷駅|板橋本町駅|新板橋駅|板橋区役所前駅|赤羽駅|本蓮沼駅|王子駅前駅|板橋駅,245.0,,,,駅近(≤500m),20,+20(rental=1),0,1
駅近のレンタルダンススタジオ 東京,条件,S,SOLARI Rental Studio 日本橋 - 日本橋人形町・馬喰町エリアのレンタルスタジオ,〒103-0004 東京都中央区東日本橋１丁目４-２ 徳輝ビル 2階,,0,銀座,銀座|日本橋|八丁堀|月島,馬喰横山駅,馬喰横山駅|馬喰町駅|人形町駅|小伝馬町駅|浅草橋駅|両国駅|水天宮前駅|新日本橋駅|岩本町駅|森下駅,302.0,,,,駅近(≤500m),70,+20(rental=1)|+30(レンタルスタジオ)|+20(web),0,1
駅近のレンタルダンススタジオ 東京,条件,S,ミルクスタジオ,〒101-0021 東京都千代田区外神田３丁目３-５ ヨシヰビル,,0,秋葉原,秋葉原,秋葉原駅,秋葉原駅,467.0,,,,駅近(≤500m),20,+20(rental=1),0,1
駅近のレンタルダンススタジオ 東京,条件,S,メインスタジオStudio Style+,〒160-0023 東京都新宿区西新宿７丁目２２-３１,,0,新宿,新宿|西新宿|高田馬場|新大久保,西武新宿駅,西武新宿駅|新大久保駅|新宿駅,362.0,,,,駅近(≤500m),20,+20(rental=1),0,1
駅近のレンタルダンススタジオ 東京,条件,S,モダミカ アートプラザ,〒169-0075 東京都新宿区高田馬場１丁目３４-１２,,0,新宿,新宿|西新宿|高田馬場|新大久保,高田馬場駅,高田馬場駅,50.0,,,,駅近(≤500m),20,+20(rental=1),0,1
駅近のレンタルダンススタジオ 東京,条件,S,モノダンススタジオ 八王子校,〒192-0911 東京都八王子市打越町３４４-５ クリヤマ北野ビル 3階,,0,八王子,八王子,北野駅,北野駅|長沼駅|片倉駅|京王片倉駅|京王八王子駅|八王子駅,34.0,,,,駅近(≤500m),45,+20(rental=1)|+25(ダンススタジオ),0,1
駅近のレンタルダンススタジオ 東京,条件,S,ラ・ダンサフラメンコスタジオ,〒169-0075 東京都新宿区高田馬場４丁目８-２,,0,新宿,新宿|西新宿|高田馬場|新大久保,高田馬場駅,高田馬場駅,133.0,,,,駅近(≤500m),20,+20(rental=1),0,1
駅近のレンタルダンススタジオ 東京,条件,S,リアクション2MANA,〒113-0033 東京都文京区本郷２丁目３６-２ 地下1階,,0,後楽園,後楽園,本郷三丁目駅,本郷三丁目駅|春日駅|後楽園駅|水道橋駅|御茶ノ水駅|湯島駅|東大前駅|神保町駅|飯田橋駅|新御茶ノ水駅,283.0,,,,駅近(≤500m),20,+20(rental=1),0,1
駅近のレンタルダンススタジオ 東京,条件,S,リアクション2はなれ,〒179-0084 東京都練馬区氷川台３丁目２４-１５ 石野ＮＴビル 地下1F,,0,練馬,練馬,氷川台駅,氷川台駅|新桜台駅|平和台駅|上板橋駅|小竹向原駅|桜台駅|江古田駅|東武練馬駅,367.0,,,,駅近(≤500m),20,+20(rental=1),0,1
駅近のレンタルダンススタジオ 東京,条件,S,ルミエールバレエスタジオ,〒140-0014 東京都品川区大井１丁目３１-１,,0,品川,品川|五反田|大井町|目黒,大井町駅,大井町駅,399.0,,,,駅近(≤500m),20,+20(rental=1),0,1
駅近のレンタルダンススタジオ 東京,条件,S,レキップバレエスタジオ,〒178-0063 東京都練馬区東大泉１丁目３７-５,,0,練馬,練馬,大泉学園駅,大泉学園駅|保谷駅,107.0,,,,駅近(≤500m),20,+20(rental=1),0,1
駅近のレンタルダンススタジオ 東京,条件,S,レンタルスタジオ,〒145-0064 東京都大田区上池台１丁目１６-７,,0,蒲田,蒲田,長原駅,長原駅|洗足池駅|北千束駅|旗の台駅|洗足駅|荏原町駅|大岡山駅|石川台駅|中延駅|馬込駅,91.0,,,,駅近(≤500m),50,+20(rental=1)|+30(レンタルスタジオ),0,1
駅近のレンタルダンススタジオ 東京,条件,S,レンタルスタジオ 【MO-LE STUDIO】,〒166-0013 東京都杉並区堀ノ内２丁目４-２ MO-LE STUDIOビル,,0,高円寺,高円寺,方南町駅,方南町駅|永福町駅|中野富士見町駅|新高円寺駅|東高円寺駅|代田橋駅|西永福駅|笹塚駅|明大前駅|新中野駅,441.0,,,,駅近(≤500m),50,+20(rental=1)|+30(レンタルスタジオ),0,1
駅近のレンタルダンススタジオ 東京,条件,S,レンタルスタジオ D-Base 高津店,〒213-0002 神奈川県川崎市二子４丁目８-２１ プリモクラッセ高津 B1階,,0,その他,その他,高津駅,高津駅|二子新地駅|溝の口駅|武蔵溝ノ口駅|二子玉川駅|梶が谷駅|津田山駅|武蔵新城駅,187.0,,,,駅近(≤500m),50,+20(rental=1)|+30(レンタルスタジオ),0,1
駅近のレンタルダンススタジオ 東京,条件,S,レンタルスタジオ D-Base 大岡山店,〒145-0063 東京都大田区南千束３丁目１-１５ プラシス大岡山 地下1階,,0,蒲田,蒲田,大岡山駅,大岡山駅|北千束駅|洗足池駅|緑が丘駅|石川台駅|洗足駅|長原駅|奥沢駅|旗の台駅|雪が谷大塚駅,355.0,,,,駅近(≤500m),50,+20(rental=1)|+30(レンタルスタジオ),0,1
駅近のレンタルダンススタジオ 東京,条件,S,アテール明大前第２スタジオ（レンタルスタジオ）,〒156-0043 東京都世田谷区松原１丁目３８-１９ 東建ビル 1階,,0,下北沢,下北沢|三軒茶屋|二子玉川|自由が丘,明大前駅,明大前駅|代田橋駅|東松原駅|下高井戸駅|永福町駅|新代田駅|松原駅|笹塚駅|梅ヶ丘駅|方南町駅,189.0,,,,駅近(≤500m),50,+20(rental=1)|+30(レンタルスタジオ),0,1
駅近のレンタルダンススタジオ 東京,条件,S,レンタルスタジオ D-Base 武蔵境店,〒180-0022 東京都武蔵野市境１丁目３-２ 平田ビル 3階,,0,吉祥寺,吉祥寺,武蔵境駅,武蔵境駅|三鷹駅|新小金井駅|東小金井駅,185.0,,,,駅近(≤500m),50,+20(rental=1)|+30(レンタルスタジオ),0,1
駅近のレンタルダンススタジオ 東京,条件,S,レンタルスタジオ Grip 下高井戸,〒156-0044 東京都世田谷区赤堤５丁目２６-３ 地下１階,,0,下北沢,下北沢|三軒茶屋|二子玉川|自由が丘,下高井戸駅,下高井戸駅|桜上水駅|松原駅|明大前駅|上北沢駅|永福町駅|山下駅|経堂駅|豪徳寺駅|西永福駅,419.0,,,,駅近(≤500m),50,+20(rental=1)|+30(レンタルスタジオ),0,1
駅近のレンタルダンススタジオ 東京,条件,S,レンタルスタジオ HIKARI 高田馬場,〒169-0075 東京都新宿区高田馬場４丁目４-１ M-haus B.L.D 3階,,0,新宿,新宿|西新宿|高田馬場|新大久保,高田馬場駅,高田馬場駅,67.0,,,,駅近(≤500m),50,+20(rental=1)|+30(レンタルスタジオ),0,1
駅近のレンタルダンススタジオ 東京,条件,S,レンタルスタジオ HIKARI 渋谷,〒150-0043 東京都渋谷区道玄坂２丁目２０-２６ エクシール道玄坂 104号室 藤和,,0,渋谷,渋谷|恵比寿|代官山|原宿,渋谷駅,渋谷駅,461.0,,,,駅近(≤500m),50,+20(rental=1)|+30(レンタルスタジオ),0,1
駅近のレンタルダンススタジオ 東京,条件,S,レンタルスタジオ HIKARI 西新宿７丁目,〒160-0023 東京都新宿区西新宿７丁目１０-１７ B館 601号室,,0,新宿,新宿|西新宿|高田馬場|新大久保,西武新宿駅,西武新宿駅|新宿駅|新大久保駅,234.0,,,,駅近(≤500m),50,+20(rental=1)|+30(レンタルスタジオ),0,1
駅近のレンタルダンススタジオ 東京,条件,S,レンタルスタジオ マイレッスン 立川店,〒190-0023 東京都立川市柴崎町２丁目６-３ まるごビル,,0,立川,立川,立川駅,立川駅,410.0,,,,駅近(≤500m),50,+20(rental=1)|+30(レンタルスタジオ),0,1
駅近のレンタルダンススタジオ 東京,条件,S,レンタルスタジオ KeikoBa P,〒154-0004 東京都世田谷区太子堂２丁目３０-５ 地下一階,,0,下北沢,下北沢|三軒茶屋|二子玉川|自由が丘,三軒茶屋駅,三軒茶屋駅,408.0,,,,駅近(≤500m),50,+20(rental=1)|+30(レンタルスタジオ),0,1
駅近のレンタルダンススタジオ 東京,条件,S,レンタルスタジオ LOOP,〒497-0038 愛知県海部郡蟹江町桜１丁目1,,0,その他,その他,蟹江駅,蟹江駅|近鉄蟹江駅|戸田駅,277.0,,,,駅近(≤500m),50,+20(rental=1)|+30(レンタルスタジオ),0,1
駅近のレンタルダンススタジオ 東京,条件,S,レンタルスタジオ REBRI,〒192-0085 東京都八王子市中町７-７ ニシカワビル 5F,,0,八王子,八王子,八王子駅,八王子駅,449.0,,,,駅近(≤500m),50,+20(rental=1)|+30(レンタルスタジオ),0,1
駅近のレンタルダンススタジオ 東京,条件,S,レンタルスタジオ Starshine,〒107-0061 東京都港区北青山３丁目５ 9KAZU表参道 202,,0,六本木,六本木|赤坂|麻布|新橋,表参道駅,表参道駅|外苑前駅|原宿駅,76.0,,,,駅近(≤500m),50,+20(rental=1)|+30(レンタルスタジオ),0,1
駅近のレンタルダンススタジオ 東京,条件,S,レンタルスタジオ studio agend 浦安・市川,〒272-0138 千葉県市川市南行徳１丁目２０-１ 3F,,0,その他,その他,南行徳駅,南行徳駅|浦安駅|行徳駅,42.0,,,,駅近(≤500m),50,+20(rental=1)|+30(レンタルスタジオ),0,1
駅近のレンタルダンススタジオ 東京,条件,S,レンタルスタジオ Studio One,〒114-0031 東京都北区十条仲原１丁目８-２６ 清水ビル,,0,赤羽,赤羽,十条駅,十条駅|東十条駅|王子神谷駅|板橋本町駅|新板橋駅|板橋区役所前駅|赤羽駅|本蓮沼駅|王子駅前駅|板橋駅,245.0,,,,駅近(≤500m),50,+20(rental=1)|+30(レンタルスタジオ),0,1
駅近のレンタルダンススタジオ 東京,条件,S,レンタルスタジオ STUDIO ZERO 町田ターミナル口店,〒194-0013 東京都町田市原町田４丁目７-３ 内藤ビル 地下1階B5号室,,0,町田,町田,町田駅,町田駅,265.0,,,,駅近(≤500m),50,+20(rental=1)|+30(レンタルスタジオ),0,1
駅近のレンタルダンススタジオ 東京,条件,S,レンタルスタジオ アーマーズピンクドア,〒171-0051 東京都豊島区長崎４丁目９-５ 地下1階 フェイマスショップビル,,0,池袋,池袋|目白|大塚|巣鴨,東長崎駅,東長崎駅|落合南長崎駅|千川駅|椎名町駅|新江古田駅|江古田駅|要町駅|小竹向原駅|中井駅|新桜台駅,98.0,,,,駅近(≤500m),50,+20(rental=1)|+30(レンタルスタジオ),0,1
駅近のレンタルダンススタジオ 東京,条件,S,レンタルスタジオ シンデレラドリーム,〒136-0076 東京都江東区南砂２丁目１-８ フッコウビル ４F,,0,豊洲,豊洲,東陽町駅,東陽町駅|南砂町駅|潮見駅|木場駅,264.0,,,,駅近(≤500m),70,+20(rental=1)|+30(レンタルスタジオ)|+20(web),0,1
駅近のレンタルダンススタジオ 東京,条件,S,レンタルスタジオ ふわり,〒176-0006 東京都練馬区栄町１５-５ 小林ビル Ａ号室,,0,練馬,練馬,新桜台駅,新桜台駅|桜台駅|江古田駅|新江古田駅|練馬駅|氷川台駅|小竹向原駅|豊島園駅|東長崎駅,354.0,,,,駅近(≤500m),50,+20(rental=1)|+30(レンタルスタジオ),0,1
駅近のレンタルダンススタジオ 東京,条件,S,BUZZ レンタルスタジオ八王子店,〒192-0082 東京都八王子市東町１１-３ センチュリーステーションビル B1,,0,八王子,八王子,八王子駅,八王子駅,264.0,,,,駅近(≤500m),50,+20(rental=1)|+30(レンタルスタジオ),0,1
駅近のレンタルダンススタジオ 東京,条件,S,レンタルスタジオ・ジェッター,〒409-0112 山梨県上野原市上野原１００１ 協栄ビル,,0,その他,その他,上野原駅,上野原駅,464.0,,,,駅近(≤500m),50,+20(rental=1)|+30(レンタルスタジオ),0,1
駅近のレンタルダンススタジオ 東京,条件,S,レンタルスタジオ・レンタルスペース ZEAL STUDIOS,〒105-0004 東京都港区新橋３丁目５-１０ 新三ビル B1F,,0,六本木,六本木|赤坂|麻布|新橋,新橋駅,新橋駅|浜松町駅,347.0,,,,駅近(≤500m),50,+20(rental=1)|+30(レンタルスタジオ),0,1
駅近のレンタルダンススタジオ 東京,条件,S,スタジオ カノン 東町店,〒184-0011 東京都八王子市東町２丁目９ ムジカ八王子ビル,,0,八王子,八王子,八王子駅,八王子駅,355.0,,,,駅近(≤500m),20,+20(rental=1),0,1
駅近のレンタルダンススタジオ 東京,条件,S,レンタルスタジオ/ステップ東村山１号店,〒189-0013 東京都東村山市栄町１丁目３-３２ ビュー久米川 201号室,,0,東村山,東村山,久米川駅,久米川駅|八坂駅|萩山駅|東村山駅|小川駅|小平駅,123.0,,,,駅近(≤500m),50,+20(rental=1)|+30(レンタルスタジオ),0,1
駅近のレンタルダンススタジオ 東京,条件,S,レンタルスタジオ/ステップ東村山２号店,〒189-0013 東京都東村山市栄町１丁目10-２３,,0,東村山,東村山,久米川駅,久米川駅|八坂駅|萩山駅|東村山駅|小川駅|小平駅|青梅街道駅|新小平駅,299.0,,,,駅近(≤500m),50,+20(rental=1)|+30(レンタルスタジオ),0,1
駅近のレンタルダンススタジオ 東京,条件,S,レンタルスタジオART FACTORY淡路店,〒533-0023 大阪府大阪市東淀川区東淡路４丁目１８-８ 東淡路商店街ビル 3F,,0,その他,その他,淡路駅,淡路駅|ＪＲ淡路駅|下新庄駅|崇禅寺駅|東淀川駅|柴島駅|南吹田駅|新大阪駅|東三国駅|上新庄駅,77.0,,,,駅近(≤500m),50,+20(rental=1)|+30(レンタルスタジオ),0,1
駅近のレンタルダンススタジオ 東京,条件,S,レンタルスタジオCLI CLI,〒145-0064 東京都大田区上池台１丁目１-１,,0,蒲田,蒲田,長原駅,長原駅|旗の台駅|北千束駅|洗足池駅|荏原町駅|洗足駅|大岡山駅|中延駅|石川台駅|西小山駅,113.0,,,,駅近(≤500m),50,+20(rental=1)|+30(レンタルスタジオ),0,1
駅近のレンタルダンススタジオ 東京,条件,S,レンタルスタジオreimei Tachikawa,〒190-0022 東京都立川市錦町２丁目１-３５ Ktd 錦町ビル 2F,,0,立川,立川,立川駅,立川駅,279.0,,,,駅近(≤500m),50,+20(rental=1)|+30(レンタルスタジオ),0,1
駅近のレンタルダンススタジオ 東京,条件,S,レンタルスタジオStudioIrodori麻布十番店,〒106-0045 東京都港区麻布十番１丁目５番１ YKビル 3F,,0,六本木,六本木|赤坂|麻布|新橋,麻布十番駅,麻布十番駅|六本木駅,385.0,,,,駅近(≤500m),50,+20(rental=1)|+30(レンタルスタジオ),0,1
駅近のレンタルダンススタジオ 東京,条件,S,レンタルスタジオ葛西,〒134-0084 東京都江戸川区東葛西５丁目１-１４-２０２,,0,西葛西,西葛西,葛西駅,葛西駅|西葛西駅|浦安駅,100.0,,,,駅近(≤500m),50,+20(rental=1)|+30(レンタルスタジオ),0,1
駅近のレンタルダンススタジオ 東京,条件,S,レンタルスタジオ池袋・駒込マイックル,〒114-0015 東京都北区中里２丁目１３-６,,0,赤羽,赤羽,駒込駅,駒込駅|上中里駅|尾久駅|西ケ原駅|田端駅|巣鴨駅|千石駅|梶原駅|荒川車庫前駅|本駒込駅,334.0,,,,駅近(≤500m),50,+20(rental=1)|+30(レンタルスタジオ),0,1
駅近のレンタルダンススタジオ 東京,条件,S,レンタルスペース リノスペcamp東京ドーム,〒101-0061 東京都千代田区神田三崎町２丁目１２-５ ニュー千代田ビル 3F-A,,0,秋葉原,秋葉原,水道橋駅,水道橋駅|九段下駅|神保町駅|飯田橋駅|春日駅|後楽園駅|御茶ノ水駅|本郷三丁目駅|新御茶ノ水駅|竹橋駅,167.0,,,,駅近(≤500m),20,+20(rental=1),0,1
駅近のレンタルダンススタジオ 東京,条件,S,レンタルスペース・スタジオ,〒145-0074 東京都大田区東嶺町４４-９ 1F・102号室 三松スクエアガーデン,,0,蒲田,蒲田,御嶽山駅,御嶽山駅|久が原駅|雪が谷大塚駅|沼部駅|鵜の木駅|多摩川駅|石川台駅|下丸子駅|千鳥町駅|洗足池駅,61.0,,,,駅近(≤500m),20,+20(rental=1),0,1
駅近のレンタルダンススタジオ 東京,条件,S,レンタルホールフレンド永山,〒206-0024 東京都多摩市諏訪２丁目１２-１２ アクロスビル 2階,,0,多摩センター,多摩センター,小田急永山駅,小田急永山駅|京王永山駅|はるひ野駅,133.0,,,,駅近(≤500m),20,+20(rental=1),0,1
駅近のレンタルダンススタジオ 東京,条件,S,レンタル撮影スタジオDOLLY飯田橋1号店,〒102-0072 東京都千代田区飯田橋３丁目６-６ 港屋ビル 2F,,0,秋葉原,秋葉原,飯田橋駅,飯田橋駅|水道橋駅|九段下駅|後楽園駅|牛込神楽坂駅|春日駅|神楽坂駅|神保町駅|本郷三丁目駅|江戸川橋駅,134.0,,,,駅近(≤500m),20,+20(rental=1),0,1
駅近のレンタルダンススタジオ 東京,条件,S,ロジスタイルB StudioStyle+,〒160-0023 東京都新宿区西新宿７丁目１５-１４ FONTAINE三須 1F,,0,新宿,新宿|西新宿|高田馬場|新大久保,西武新宿駅,西武新宿駅|新宿駅|新大久保駅,255.0,,,,駅近(≤500m),20,+20(rental=1),0,1
駅近のレンタルダンススタジオ 東京,条件,S,ロゼッタスタジオ錦糸町,〒130-0013 東京都墨田区錦糸２丁目１３-１ 堀越第一ビル 5F,,0,錦糸町,錦糸町,錦糸町駅,錦糸町駅,317.0,,,,駅近(≤500m),20,+20(rental=1),0,1
駅近のレンタルダンススタジオ 東京,条件,S,ワーサルレンタルスタジオ（Aスタジオ）,〒151-0073 東京都渋谷区笹塚２丁目２５-２ グランド・ガーラ笹塚 B1,,0,渋谷,渋谷|恵比寿|代官山|原宿,笹塚駅,笹塚駅|代田橋駅|方南町駅|新代田駅|明大前駅|東北沢駅|幡ヶ谷駅|下北沢駅|東松原駅|代々木上原駅,386.0,,,,駅近(≤500m),70,+20(rental=1)|+30(レンタルスタジオ)|+20(web),0,1
駅近のレンタルダンススタジオ 東京,条件,S,ワーサルレンタルスタジオ（Cスタジオ）,〒156-0041 東京都世田谷区大原２丁目２３-１５ 大原アジアビル 9F,,0,下北沢,下北沢|三軒茶屋|二子玉川|自由が丘,代田橋駅,代田橋駅|笹塚駅|明大前駅|新代田駅|東松原駅|方南町駅|下北沢駅|東北沢駅|世田谷代田駅|幡ヶ谷駅,201.0,,,,駅近(≤500m),70,+20(rental=1)|+30(レンタルスタジオ)|+20(web),0,1
駅近のレンタルダンススタジオ 東京,条件,S,レンタルダンススタジオTerrace八王子,〒192-0085 東京都八王子市中町６-６ 店舗（旧 川和ビル 3階,,0,八王子,八王子,八王子駅,八王子駅,412.0,,,,駅近(≤500m),60,+20(rental=1)|+40(レンタルダンス),0,1
駅近のレンタルダンススタジオ 東京,条件,S,永福町スタジオ/ライマーラマ:タヒチアンダンススタジオ,〒168-0064 東京都杉並区永福１丁目３９-１４ １階,,0,高円寺,高円寺,永福町駅,永福町駅|西永福駅|下高井戸駅|明大前駅|桜上水駅|代田橋駅|松原駅|浜田山駅|方南町駅|東松原駅,205.0,,,,駅近(≤500m),45,+20(rental=1)|+25(ダンススタジオ),0,1
駅近のレンタルダンススタジオ 東京,条件,S,Studio Bis,〒141-0031 東京都品川区西五反田２丁目１０-８ ドルミ五反田ドゥメゾン 3階,,0,品川,品川|五反田|大井町|目黒,五反田駅,五反田駅|目黒駅|大崎駅,246.0,,,,駅近(≤500m),20,+20(rental=1),0,1
駅近のレンタルダンススタジオ 東京,条件,S,演劇稽古場ファンファーレレンタルスタジオ高田馬場,〒169-0075 東京都新宿区高田馬場１丁目２１-４ 第５三池ビル B１F,,0,新宿,新宿|西新宿|高田馬場|新大久保,高田馬場駅,高田馬場駅|新大久保駅,337.0,,,,駅近(≤500m),50,+20(rental=1)|+30(レンタルスタジオ),0,1
駅近のレンタルダンススタジオ 東京,条件,S,演劇舞台稽古場 ファンファーレレンタルスタジオ新宿御苑（撮影スタジオとして利用可能）,〒162-0067 東京都新宿区富久町１３-１５ サウスタワー地下2階,,0,新宿,新宿|西新宿|高田馬場|新大久保,新宿御苑前駅,新宿御苑前駅|四谷三丁目駅|曙橋駅|若松河田駅|新宿三丁目駅|東新宿駅|国立競技場駅|新宿駅|信濃町駅|西武新宿駅,497.0,,,,駅近(≤500m),50,+20(rental=1)|+30(レンタルスタジオ),0,1
駅近のレンタルダンススタジオ 東京,条件,S,塩野啓子バレエスタジオ,〒186-0003 東京都国立市富士見台４丁目12-１,,0,国立,国立,矢川駅,矢川駅|西国立駅|谷保駅,91.0,,,,駅近(≤500m),20,+20(rental=1),0,1
駅近のレンタルダンススタジオ 東京,条件,S,押上SORAスタジオ2,〒131-0045 東京都墨田区押上１丁目２５-５ 西原ビル １階,,0,錦糸町,錦糸町,押上駅,押上駅,389.0,,,,駅近(≤500m),40,+20(rental=1)|+20(web),0,1
駅近のレンタルダンススタジオ 東京,条件,S,押上ＳＯＲＡスタジオ4,〒131-0045 東京都墨田区押上１丁目２８-４ 桐生ビル 1Ｆ,,0,錦糸町,錦糸町,押上駅,押上駅,451.0,,,,駅近(≤500m),40,+20(rental=1)|+20(web),0,1
駅近のレンタルダンススタジオ 東京,条件,S,押上とうきょうスカイツリーSORAスタジオ,〒131-0045 東京都墨田区押上１丁目１３-１０ ２ 階,,0,錦糸町,錦糸町,押上駅,押上駅,339.0,,,,駅近(≤500m),40,+20(rental=1)|+20(web),0,1
駅近のレンタルダンススタジオ 東京,条件,S,王子飛鳥山レンタルスタジオ,〒114-0023 東京都北区滝野川１丁目４-１１ 滝野川1-4-11塚本ビル1階 塚本ビル,,0,赤羽,赤羽,王子駅,王子駅|王子駅前駅|滝野川一丁目駅|西ケ原駅|西ヶ原四丁目駅|上中里駅|梶原駅|西巣鴨駅|新庚申塚駅|荒川車庫前駅,267.0,,,,駅近(≤500m),50,+20(rental=1)|+30(レンタルスタジオ),0,1
駅近のレンタルダンススタジオ 東京,条件,S,下北沢 ヴィンテージスタジオ,〒155-0031 東京都世田谷区北沢２丁目２６-５ 伊澤ビル 3F,,0,下北沢,下北沢|三軒茶屋|二子玉川|自由が丘,下北沢駅,下北沢駅,259.0,,,,駅近(≤500m),20,+20(rental=1),0,1
駅近のレンタルダンススタジオ 東京,条件,S,加藤みや子ダンススペース ANNEX SENGAWA-FACTORY,〒182-0002 東京都調布市仙川町２丁目１８-２１,,0,調布,調布,仙川駅,仙川駅|つつじヶ丘駅|千歳烏山駅|柴崎駅,271.0,,,,駅近(≤500m),20,+20(rental=1),0,1
駅近のレンタルダンススタジオ 東京,条件,S,外苑前アイランドスタジオ,〒150-0001 東京都渋谷区神宮前３丁目１-２５ 神宮前Ikビル 2階,,0,渋谷,渋谷|恵比寿|代官山|原宿,外苑前駅,外苑前駅|表参道駅|青山一丁目駅,322.0,,,,駅近(≤500m),20,+20(rental=1),0,1
駅近のレンタルダンススタジオ 東京,条件,S,学園坂スタジオ,〒187-0043 東京都小平市学園東町７-７ 1-7-41 ナカムラ ビル 3F,,0,小平,小平,一橋学園駅,一橋学園駅|青梅街道駅|新小平駅|小平駅|鷹の台駅|萩山駅,239.0,,,,駅近(≤500m),20,+20(rental=1),0,1
駅近のレンタルダンススタジオ 東京,条件,S,"学園坂スタジオ（E,Fスタジオ）",〒187-0045 東京都小平市学園西町２丁目１４-２０,,0,小平,小平,一橋学園駅,一橋学園駅|青梅街道駅|新小平駅|鷹の台駅|小平駅|萩山駅|恋ヶ窪駅,175.0,,,,駅近(≤500m),20,+20(rental=1),0,1
駅近のレンタルダンススタジオ 東京,条件,S,楽?can,〒164-0012 東京都中野区本町２丁目５-７,,0,中野,中野,西新宿五丁目駅（清水橋）,西新宿五丁目駅（清水橋）|中野坂上駅|中野新橋駅|都庁前駅|西新宿駅|新中野駅|中野富士見町駅|初台駅|東中野駅|新宿西口駅,421.0,,,,駅近(≤500m),20,+20(rental=1),0,1
駅近のレンタルダンススタジオ 東京,条件,S,株式会社Dia Corporation,〒471-0835 愛知県豊田市曙町２丁目16番地 BULS16 101号室,,0,その他,その他,土橋駅,土橋駅|三河豊田駅,162.0,,,,駅近(≤500m),20,+20(rental=1),0,1
駅近のレンタルダンススタジオ 東京,条件,S,Studio Cosmique（スタジオコスミーク）,〒108-0023 東京都港区芝浦２丁目１４ １４-１３ １ 階 Mck芝浦ビル,,0,六本木,六本木|赤坂|麻布|新橋,田町駅,田町駅,471.0,,,,駅近(≤500m),20,+20(rental=1),0,1
駅近のレンタルダンススタジオ 東京,条件,S,蒲田COZYレンタルダンススタジオ,〒144-0052 東京都大田区蒲田５丁目６-１２ イワシタビル 2F,,0,蒲田,蒲田,蒲田駅,蒲田駅,257.0,,,,駅近(≤500m),60,+20(rental=1)|+40(レンタルダンス),0,1
駅近のレンタルダンススタジオ 東京,条件,S,吉祥寺 レンタルスタジオ LC Rental,〒180-0004 東京都武蔵野市吉祥寺本町１丁目２４-７ 吉祥寺光ビル 6F,,0,吉祥寺,吉祥寺,吉祥寺駅,吉祥寺駅,146.0,,,,駅近(≤500m),70,+20(rental=1)|+30(レンタルスタジオ)|+20(web),0,1
駅近のレンタルダンススタジオ 東京,条件,S,吉祥寺スタジオ・レダ,〒180-0002 東京都武蔵野市吉祥寺東町１丁目１１-１８ Ｍビル 2F,,0,吉祥寺,吉祥寺,吉祥寺駅,吉祥寺駅,430.0,,,,駅近(≤500m),20,+20(rental=1),0,1
駅近のレンタルダンススタジオ 東京,条件,S,吉祥寺ダンススタジオ【STUDIO55】スタジオゴーゴー,〒180-0004 東京都武蔵野市吉祥寺本町１丁目３３-１０ 丸二ビル,,0,吉祥寺,吉祥寺,吉祥寺駅,吉祥寺駅,410.0,,,,駅近(≤500m),45,+20(rental=1)|+25(ダンススタジオ),0,1
駅近のレンタルダンススタジオ 東京,条件,S,吉祥寺レンタルスペース[Studio Amrita WEST],"吉祥寺藤彩ビル B1, ２丁目-１７-１２ 吉祥寺本町 武蔵野市 東京都 180-0004",,0,吉祥寺,吉祥寺,吉祥寺駅,吉祥寺駅,353.0,,,,駅近(≤500m),40,+20(rental=1)|+20(web),0,1
駅近のレンタルダンススタジオ 東京,条件,S,宮益坂十間スタジオ,〒150-0002 東京都渋谷区渋谷１丁目１０-７ Ⅲ B1 (受付・Bスタジオ)、北館5F(Aスタジオ 宮益坂Stビル,,0,渋谷,渋谷|恵比寿|代官山|原宿,渋谷駅,渋谷駅|表参道駅|原宿駅,406.0,,,,駅近(≤500m),20,+20(rental=1),0,1
駅近のレンタルダンススタジオ 東京,条件,S,宮地楽器 国分寺センター,〒185-0021 東京都国分寺市南町３丁目１２-２ 国分寺宮地ビル,,0,国分寺,国分寺,国分寺駅,国分寺駅,316.0,,,,駅近(≤500m),20,+20(rental=1),0,1
駅近のレンタルダンススタジオ 東京,条件,S,鏡陽司ダンススタジオ,〒187-0035 東京都小平市小川西町３丁目１９-１ ハイム?Ⅱビル １F,,0,小平,小平,小川駅,小川駅|八坂駅|新小平駅|萩山駅|久米川駅|青梅街道駅|鷹の台駅,299.0,,,,駅近(≤500m),45,+20(rental=1)|+25(ダンススタジオ),0,1
駅近のレンタルダンススタジオ 東京,条件,S,金町 レンタルスタジオ ダンスロッヂ,〒125-0042 東京都葛飾区金町６丁目１２-１３ セザール金町マンション １０１,,0,新小岩,新小岩,京成金町駅,京成金町駅|金町駅|柴又駅,350.0,,,,駅近(≤500m),50,+20(rental=1)|+30(レンタルスタジオ),0,1
駅近のレンタルダンススタジオ 東京,条件,S,金町カフェレンタルスタジオ,〒125-0041 東京都葛飾区東金町１丁目３８-４ ニュー金町ビル ４F,,0,新小岩,新小岩,金町駅,金町駅|京成金町駅|柴又駅,175.0,,,,駅近(≤500m),50,+20(rental=1)|+30(レンタルスタジオ),0,1
駅近のレンタルダンススタジオ 東京,条件,S,恵比寿ヒルサイドスタジオ,〒150-0022 東京都渋谷区恵比寿南２丁目２１-８ 恵比寿ファインヒル B１,,0,渋谷,渋谷|恵比寿|代官山|原宿,恵比寿駅,恵比寿駅|目黒駅,453.0,,,,駅近(≤500m),20,+20(rental=1),0,1
駅近のレンタルダンススタジオ 東京,条件,S,月島スタジオ,〒104-0052 東京都中央区月島１丁目１４-７,,0,銀座,銀座|日本橋|八丁堀|月島,月島駅,月島駅|勝どき駅|築地駅|新富町駅|越中島駅|八丁堀駅|築地市場駅|東銀座駅|宝町駅|門前仲町駅,301.0,,,,駅近(≤500m),20,+20(rental=1),0,1
駅近のレンタルダンススタジオ 東京,条件,S,御茶ノ水 おちゃすた レンタルスタジオ,〒101-0052 東京都千代田区神田小川町３丁目１４-２ 漢陽ビル Ｂ1Ｆ,,0,秋葉原,秋葉原,神保町駅,神保町駅|新御茶ノ水駅|御茶ノ水駅|小川町駅|竹橋駅|九段下駅|水道橋駅|神田駅|大手町駅|岩本町駅,305.0,,,,駅近(≤500m),50,+20(rental=1)|+30(レンタルスタジオ),0,1
駅近のレンタルダンススタジオ 東京,条件,S,御殿山永谷ダンススタジオ,〒180-0005 東京都武蔵野市御殿山１丁目６-４ 太陽ビル,,0,吉祥寺,吉祥寺,吉祥寺駅,吉祥寺駅,301.0,,,,駅近(≤500m),45,+20(rental=1)|+25(ダンススタジオ),0,1
駅近のレンタルダンススタジオ 東京,条件,S,高円寺スタジオ,〒166-0002 東京都杉並区高円寺北２丁目７-７ 地下１階 高円寺名店ビル,,0,高円寺,高円寺,高円寺駅,高円寺駅|新高円寺駅|東高円寺駅|阿佐ヶ谷駅|中野駅|野方駅|南阿佐ケ谷駅|都立家政駅|沼袋駅|新中野駅,147.0,,,,駅近(≤500m),20,+20(rental=1),0,1
駅近のレンタルダンススタジオ 東京,条件,S,高田馬場 ペガサス,〒171-0033 東京都豊島区高田３丁目１３-８ 吉見ビル 2F,,0,池袋,池袋|目白|大塚|巣鴨,高田馬場駅,高田馬場駅,368.0,,,,駅近(≤500m),20,+20(rental=1),0,1
駅近のレンタルダンススタジオ 東京,条件,S,国分寺 プレイス レンタルスタジオ,〒185-0021 東京都国分寺市南町３丁目３-２０ ロイヤルプレイス南町 B1,,0,国分寺,国分寺,国分寺駅,国分寺駅,404.0,,,,駅近(≤500m),50,+20(rental=1)|+30(レンタルスタジオ),0,1
駅近のレンタルダンススタジオ 東京,条件,S,国立ミュージカルスタジオ,〒186-0002 東京都国立市東１丁目１-１?２９ 第2いちやまハイツ 3F,,0,国立,国立,国立駅,国立駅|西国分寺駅|谷保駅|恋ヶ窪駅,179.0,,,,駅近(≤500m),20,+20(rental=1),0,1
駅近のレンタルダンススタジオ 東京,条件,S,佐々木隆子タップダンススタジオ（蒲田本部スタジオ）,〒144-0035 東京都大田区南蒲田３丁目８-３０,,0,蒲田,蒲田,糀谷駅,糀谷駅|京急蒲田駅|雑色駅|蒲田駅|大鳥居駅|梅屋敷駅|蓮沼駅,402.0,,,,駅近(≤500m),45,+20(rental=1)|+25(ダンススタジオ),0,1
駅近のレンタルダンススタジオ 東京,条件,S,桜丘けい子ジャズダンススタジオ,〒275-0016 千葉県習志野市１１ 習志野市津田沼２丁目１１-２０ ハイツエバグリーン津田沼二号棟 1F,,0,その他,その他,新津田沼駅,新津田沼駅|京成津田沼駅|津田沼駅|谷津駅|前原駅,285.0,,,,駅近(≤500m),45,+20(rental=1)|+25(ダンススタジオ),0,1
駅近のレンタルダンススタジオ 東京,条件,S,三軒茶屋リーフスタジオ,〒154-0004 東京都世田谷区太子堂３丁目１４-８ 太子堂COMPLEX 3F 300号室,,0,下北沢,下北沢|三軒茶屋|二子玉川|自由が丘,三軒茶屋駅,三軒茶屋駅,385.0,,,,駅近(≤500m),20,+20(rental=1),0,1
駅近のレンタルダンススタジオ 東京,条件,S,三鷹イレブン会館 永谷ダンススタジオ 貸会議室,〒180-0006 東京都武蔵野市中町２丁目１３-１,,0,吉祥寺,吉祥寺,三鷹駅,三鷹駅,397.0,,,,駅近(≤500m),45,+20(rental=1)|+25(ダンススタジオ),0,1
駅近のレンタルダンススタジオ 東京,条件,S,山県順子モダンバレエスタジオ,〒140-0014 東京都品川区大井３丁目４-８,,0,品川,品川|五反田|大井町|目黒,大井町駅,大井町駅,419.0,,,,駅近(≤500m),20,+20(rental=1),0,1
駅近のレンタルダンススタジオ 東京,条件,S,山田誠ダンススタジオ,〒190-0012 東京都立川市曙町２丁目３２-２ 中山本社ビル,,0,立川,立川,立川駅,立川駅,441.0,,,,駅近(≤500m),45,+20(rental=1)|+25(ダンススタジオ),0,1
駅近のレンタルダンススタジオ 東京,条件,S,仕田原 京 バレエスタジオ,〒158-0082 東京都世田谷区等々力２丁目１８-７,,0,下北沢,下北沢|三軒茶屋|二子玉川|自由が丘,尾山台駅,尾山台駅|等々力駅|九品仏駅|上野毛駅|自由が丘駅|田園調布駅|奥沢駅,136.0,,,,駅近(≤500m),20,+20(rental=1),0,1
駅近のレンタルダンススタジオ 東京,条件,S,寺島ゆかりバレエクラス スタジオ マカロン,〒154-0022 東京都世田谷区梅丘１丁目２０-９ 梅ヶ丘プラザ 2F,,0,下北沢,下北沢|三軒茶屋|二子玉川|自由が丘,梅ヶ丘駅,梅ヶ丘駅|豪徳寺駅|世田谷代田駅|山下駅|東松原駅|新代田駅|若林駅|宮の坂駅|松原駅|松陰神社前駅,81.0,,,,駅近(≤500m),20,+20(rental=1),0,1
駅近のレンタルダンススタジオ 東京,条件,S,舎人公園 ドッグラン,〒121-0837 東京都足立区舎人公園１,,0,北千住,北千住,舎人公園駅,舎人公園駅|舎人駅|谷在家駅|西新井大師西駅|見沼代親水公園駅|竹ノ塚駅,181.0,,,,駅近(≤500m),20,+20(rental=1),0,1
駅近のレンタルダンススタジオ 東京,条件,S,舎人公園陸上競技場,〒121-0837 東京都足立区舎人公園１-１,,0,北千住,北千住,舎人公園駅,舎人公園駅|舎人駅|谷在家駅|見沼代親水公園駅,480.0,,,,駅近(≤500m),20,+20(rental=1),0,1
駅近のレンタルダンススタジオ 東京,条件,S,Studio Sun-Sea,〒124-0006 東京都葛飾区堀切４丁目１１-２ 堀学ビル 302号室,,0,新小岩,新小岩,堀切菖蒲園駅,堀切菖蒲園駅|堀切駅|お花茶屋駅|京成関屋駅|牛田駅|綾瀬駅|鐘ケ淵駅|小菅駅|四ツ木駅|北千住駅,89.0,,,,駅近(≤500m),40,+20(rental=1)|+20(web),0,1
駅近のレンタルダンススタジオ 東京,条件,S,秋葉原ブルーハス レンタルスタジオ,〒110-0006 東京都台東区秋葉原３-１０ 東京商会秋葉原ビルB1階,,0,上野,上野|浅草|御徒町|蔵前,秋葉原駅,秋葉原駅,393.0,,,,駅近(≤500m),50,+20(rental=1)|+30(レンタルスタジオ),0,1
駅近のレンタルダンススタジオ 東京,条件,S,秋葉原レッスンスタジオてらこや,〒101-0025 東京都千代田区神田佐久間町３丁目３１-３,,0,秋葉原,秋葉原,秋葉原駅,秋葉原駅,359.0,,,,駅近(≤500m),20,+20(rental=1),0,1
駅近のレンタルダンススタジオ 東京,条件,S,渋谷 レンタルスタジオ スタジオミッション studio mission,〒150-0043 東京都渋谷区道玄坂２丁目２８-５ 2-10F 渋谷道玄坂ビル 秀永,,0,渋谷,渋谷|恵比寿|代官山|原宿,渋谷駅,渋谷駅,403.0,,,,駅近(≤500m),50,+20(rental=1)|+30(レンタルスタジオ),0,1
駅近のレンタルダンススタジオ 東京,条件,S,渋谷笹塚スタジオ,〒151-0073 東京都渋谷区笹塚１丁目５８-６ マルシンビル6F,,0,渋谷,渋谷|恵比寿|代官山|原宿,笹塚駅,笹塚駅|代田橋駅|幡ヶ谷駅|東北沢駅|方南町駅|新代田駅|代々木上原駅|下北沢駅|明大前駅|東松原駅,126.0,,,,駅近(≤500m),20,+20(rental=1),0,1
駅近のレンタルダンススタジオ 東京,条件,S,BUZZ レンタルスタジオ 日暮里店,〒116-0014 東京都荒川区東日暮里６丁目６０-９ 日暮里駅前ビル B1F,,0,日暮里,日暮里,日暮里駅,日暮里駅,151.0,,,,駅近(≤500m),50,+20(rental=1)|+30(レンタルスタジオ),0,1
駅近のレンタルダンススタジオ 東京,条件,S,女性専用フィットネスジム ミットネス 赤坂店,〒107-0052 東京都港区赤坂４丁目３-６ ヒューリック赤坂一ツ木通ビル 3階,,0,六本木,六本木|赤坂|麻布|新橋,赤坂駅,赤坂駅|青山一丁目駅,111.0,,,,駅近(≤500m),20,+20(rental=1),0,1
駅近のレンタルダンススタジオ 東京,条件,S,BUZZ竹ノ塚,〒121-0823 東京都足立区伊興３丁目１８-１９ ＮＹビル 3階,https://dance-studio-lab.com/room/Zjk4YThkNDItZDI4OC00MTRlLTg2NDgtYTgxZDUyYjgxMjQ2/detail,1,北千住,北千住,竹ノ塚駅,竹ノ塚駅|舎人公園駅|谷在家駅|大師前駅|舎人駅,295.0,,,,駅近(≤500m),50,+30(dslurl)|+20(rental=1),0,1
駅近のレンタルダンススタジオ 東京,条件,S,城北公園前レンタルスタジオ,〒174-0043 東京都板橋区坂下２丁目３１-５ ２F,,0,成増,成増,蓮根駅,蓮根駅|志村三丁目駅|西台駅|浮間舟渡駅|志村坂上駅|高島平駅,255.0,,,,駅近(≤500m),50,+20(rental=1)|+30(レンタルスタジオ),0,1
駅近のレンタルダンススタジオ 東京,条件,S,新宿 だんすた レンタルスタジオ,〒160-0023 東京都新宿区西新宿７丁目１３-７ 3F4F タカラビル,,0,新宿,新宿|西新宿|高田馬場|新大久保,西武新宿駅,西武新宿駅|新宿駅|新大久保駅,398.0,,,,駅近(≤500m),50,+20(rental=1)|+30(レンタルスタジオ),0,1
駅近のレンタルダンススタジオ 東京,条件,S,新宿・大久保マイックル,〒169-0073 東京都新宿区百人町１丁目１９-２３,,0,新宿,新宿|西新宿|高田馬場|新大久保,新大久保駅,新大久保駅|西武新宿駅|新宿駅,352.0,,,,駅近(≤500m),20,+20(rental=1),0,1
駅近のレンタルダンススタジオ 東京,条件,S,新宿マイスタジオ,〒160-0023 東京都新宿区西新宿７丁目９-１７ ６F・５F・４F 伊藤ビル,,0,新宿,新宿|西新宿|高田馬場|新大久保,西武新宿駅,西武新宿駅|新宿駅|新大久保駅,263.0,,,,駅近(≤500m),20,+20(rental=1),0,1
駅近のレンタルダンススタジオ 東京,条件,S,森下スタジオ,〒135-0004 東京都江東区森下３丁目５-６,,0,豊洲,豊洲,森下駅,森下駅|菊川駅|清澄白河駅|浜町駅|両国駅|住吉駅|水天宮前駅|東日本橋駅|錦糸町駅|人形町駅,269.0,,,,駅近(≤500m),20,+20(rental=1),0,1
駅近のレンタルダンススタジオ 東京,条件,S,神楽坂バレエクラス,〒162-0825 東京都新宿区神楽坂３丁目２,,0,新宿,新宿|西新宿|高田馬場|新大久保,飯田橋駅,飯田橋駅|牛込神楽坂駅|神楽坂駅|江戸川橋駅|水道橋駅|九段下駅|後楽園駅|市ケ谷駅|牛込柳町駅|春日駅,400.0,,,,駅近(≤500m),20,+20(rental=1),0,1
駅近のレンタルダンススタジオ 東京,条件,S,水道橋ダンススタジオ,〒101-0061 東京都千代田区神田三崎町３丁目４-４ グラン水道橋,,0,秋葉原,秋葉原,水道橋駅,水道橋駅|九段下駅|飯田橋駅|神保町駅|後楽園駅|春日駅|本郷三丁目駅|御茶ノ水駅|新御茶ノ水駅|竹橋駅,168.0,,,,駅近(≤500m),45,+20(rental=1)|+25(ダンススタジオ),0,1
駅近のレンタルダンススタジオ 東京,条件,S,杉並だんすアトリウム,〒168-0073 東京都杉並区下高井戸１丁目２-１３ 山口ビル ２Ｆ、３Ｆ,,0,高円寺,高円寺,下高井戸駅,下高井戸駅|松原駅|桜上水駅|明大前駅|永福町駅|西永福駅|東松原駅|山下駅|豪徳寺駅|上北沢駅,94.0,,,,駅近(≤500m),20,+20(rental=1),0,1
駅近のレンタルダンススタジオ 東京,条件,S,菅井ダンス・スタジオ,〒984-0053 宮城県仙台市若林区連坊小路６０-２,,0,その他,その他,連坊駅,連坊駅|五橋駅|愛宕橋駅|榴ヶ岡駅|宮城野通駅|河原町駅|仙台駅|薬師堂駅|あおば通駅|宮城野原駅,193.0,,,,駅近(≤500m),20,+20(rental=1),0,1
駅近のレンタルダンススタジオ 東京,条件,S,清瀬のレンタルスタジオ｜ダンススタジオ｜レンタルスタジオ｜レンタルスペース【studio NEW YORK】,〒204-0022 東京都清瀬市松山１丁目１３-２５ 清瀬平塚ビル 2F 山合,,0,清瀬,清瀬,清瀬駅,清瀬駅|東久留米駅,255.0,,,,駅近(≤500m),50,+20(rental=1)|+30(レンタルスタジオ),0,1
駅近のレンタルダンススタジオ 東京,条件,S,西荻窪永谷ダンススタジオ,〒167-0054 東京都杉並区松庵３丁目４０-９,,0,高円寺,高円寺,西荻窪駅,西荻窪駅|三鷹台駅|井の頭公園駅|吉祥寺駅|久我山駅|荻窪駅,107.0,,,,駅近(≤500m),45,+20(rental=1)|+25(ダンススタジオ),0,1
駅近のレンタルダンススタジオ 東京,条件,S,西荻窪七宝レンタルスペース,〒167-0042 東京都杉並区西荻北３丁目２５-１ 七宝マンション 1階,,0,高円寺,高円寺,西荻窪駅,西荻窪駅|井の頭公園駅|吉祥寺駅|三鷹台駅|久我山駅|荻窪駅,259.0,,,,駅近(≤500m),20,+20(rental=1),0,1
駅近のレンタルダンススタジオ 東京,条件,S,西葛西ダンススタジオ mind-blowing,〒134-0088 東京都江戸川区西葛西５丁目６-２０ 小山ビル 4階,,0,西葛西,西葛西,西葛西駅,西葛西駅|葛西駅,140.0,,,,駅近(≤500m),45,+20(rental=1)|+25(ダンススタジオ),0,1
駅近のレンタルダンススタジオ 東京,条件,S,スタジオアンダンティーノ,〒114-0014 東京都北区田端５丁目１-１２,,0,赤羽,赤羽,田端駅,田端駅|西日暮里駅|赤土小学校前駅|尾久駅|駒込駅|新三河島駅|千駄木駅|小台駅|日暮里駅|上中里駅,152.0,,,,駅近(≤500m),20,+20(rental=1),0,1
駅近のレンタルダンススタジオ 東京,条件,S,西島ダンスアカデミィＫ２,〒150-0022 東京都渋谷区恵比寿南３ １－３－６ ＣＩビル３Ｆ,,0,渋谷,渋谷|恵比寿|代官山|原宿,恵比寿駅,恵比寿駅,215.0,,,,駅近(≤500m),20,+20(rental=1),0,1
駅近のレンタルダンススタジオ 東京,条件,S,青木愛子 スペイン舞踊研究所,〒141-0022 東京都品川区東五反田１丁目１８-４ ＧＴＤイーストビル,,0,品川,品川|五反田|大井町|目黒,五反田駅,五反田駅|大崎駅|品川駅,274.0,,,,駅近(≤500m),20,+20(rental=1),0,1
駅近のレンタルダンススタジオ 東京,条件,S,石原ダンスクラブ 本店,〒160-0004 東京都新宿区四谷１丁目６-１,,0,新宿,新宿|西新宿|高田馬場|新大久保,四ツ谷駅,四ツ谷駅|市ケ谷駅|四谷三丁目駅|麹町駅|曙橋駅|半蔵門駅|信濃町駅|牛込柳町駅|赤坂見附駅|永田町駅,165.0,,,,駅近(≤500m),20,+20(rental=1),0,1
駅近のレンタルダンススタジオ 東京,条件,S,梅島ミアスタジオ,〒121-0816 東京都足立区梅島２丁目１９-９,,0,北千住,北千住,梅島駅,梅島駅|西新井駅|大師前駅|五反野駅,472.0,,,,駅近(≤500m),20,+20(rental=1),0,1
駅近のレンタルダンススタジオ 東京,条件,S,赤レンガ・バレエスタジオStudioStyle+,〒169-0073 東京都新宿区百人町１丁目２４-８ 3F,,0,新宿,新宿|西新宿|高田馬場|新大久保,新大久保駅,新大久保駅|西武新宿駅|新宿駅,347.0,,,,駅近(≤500m),20,+20(rental=1),0,1
駅近のレンタルダンススタジオ 東京,条件,S,赤レンガ・プレイスタジオStudioStyle+,〒169-0073 東京都新宿区百人町１丁目２４-８ 3F,,0,新宿,新宿|西新宿|高田馬場|新大久保,新大久保駅,新大久保駅|西武新宿駅|新宿駅,346.0,,,,駅近(≤500m),20,+20(rental=1),0,1
駅近のレンタルダンススタジオ 東京,条件,S,赤レンガ・ライブスタジオStudioStyle+,〒169-0073 東京都新宿区百人町１丁目２４-８ 1F,,0,新宿,新宿|西新宿|高田馬場|新大久保,新大久保駅,新大久保駅|西武新宿駅|新宿駅,344.0,,,,駅近(≤500m),20,+20(rental=1),0,1
駅近のレンタルダンススタジオ 東京,条件,S,ココのスタジオ,〒123-0851 東京都足立区梅田６丁目３３-５ ＳＳＫグリーンパーク梅島駅前 801号室,,0,北千住,北千住,梅島駅,梅島駅|西新井駅|五反野駅|大師前駅|小菅駅,224.0,,,,駅近(≤500m),20,+20(rental=1),0,1
駅近のレンタルダンススタジオ 東京,条件,S,仙川 スタジオ 舞仙 レンタルダンススタジオ,〒182-0002 東京都調布市仙川町１丁目１８-２５ 第一富沢ビル 3F,,0,調布,調布,仙川駅,仙川駅|つつじヶ丘駅|千歳烏山駅|柴崎駅,52.0,,,,駅近(≤500m),60,+20(rental=1)|+40(レンタルダンス),0,1
駅近のレンタルダンススタジオ 東京,条件,S,浅草スタジオ２２６,〒111-0033 東京都台東区花川戸２丁目２-６ エビスビル 7階,,0,上野,上野|浅草|御徒町|蔵前,浅草駅,浅草駅|押上駅,459.0,,,,駅近(≤500m),20,+20(rental=1),0,1
駅近のレンタルダンススタジオ 東京,条件,S,早坂ダンススタジオ,〒180-0003 東京都武蔵野市吉祥寺南町２丁目６-１,,0,吉祥寺,吉祥寺,吉祥寺駅,吉祥寺駅,178.0,,,,駅近(≤500m),45,+20(rental=1)|+25(ダンススタジオ),0,1
駅近のレンタルダンススタジオ 東京,条件,S,Starbox,〒135-0016 東京都江東区東陽３丁目２１-１３,,0,豊洲,豊洲,木場駅,木場駅|東陽町駅|潮見駅|門前仲町駅|越中島駅|南砂町駅|清澄白河駅,410.0,,,,駅近(≤500m),20,+20(rental=1),0,1
駅近のレンタルダンススタジオ 東京,条件,S,多目的スペース「時々海風が吹くスタジオ」,〒136-0071 東京都江東区亀戸７丁目４３-５,,0,豊洲,豊洲,亀戸水神駅,亀戸水神駅|亀戸駅|大島駅|西大島駅|東あずま駅|平井駅|東大島駅|小村井駅|錦糸町駅|住吉駅,399.0,,,,駅近(≤500m),20,+20(rental=1),0,1
駅近のレンタルダンススタジオ 東京,条件,S,多目的貸スタジオ-TSスタジオ,〒174-0056 東京都板橋区志村３丁目１７-２ TSビル 4階,,0,成増,成増,志村三丁目駅,志村三丁目駅|蓮根駅|志村坂上駅|西台駅|上板橋駅|浮間舟渡駅|本蓮沼駅,267.0,,,,駅近(≤500m),20,+20(rental=1),0,1
駅近のレンタルダンススタジオ 東京,条件,S,体幹・柔軟性強化&ポールダンス スタジオWeBA（ウィーバ）,〒136-0072 東京都江東区大島５丁目２７-１,,0,豊洲,豊洲,大島駅,大島駅|西大島駅|東大島駅|亀戸駅|亀戸水神駅|住吉駅|南砂町駅,413.0,,,,駅近(≤500m),20,+20(rental=1),0,1
駅近のレンタルダンススタジオ 東京,条件,S,貸し会議室 & 全国蕎麦製粉会館【JK Room 駒込】,〒170-0003 東京都豊島区駒込１丁目４０-４ 全国蕎麦製粉協同組合４０１ コンフォート駒込,,0,池袋,池袋|目白|大塚|巣鴨,駒込駅,駒込駅|巣鴨駅|千石駅|田端駅|上中里駅|本駒込駅|西ケ原駅|尾久駅|白山駅|西ヶ原四丁目駅,168.0,,,,駅近(≤500m),20,+20(rental=1),0,1
駅近のレンタルダンススタジオ 東京,条件,S,貸スペース 東京レンタルスタジオ,〒125-0061 東京都葛飾区亀有３丁目１３-２ 亀有鞠子ビル4階,,0,新小岩,新小岩,亀有駅,亀有駅|お花茶屋駅,380.0,,,,駅近(≤500m),50,+20(rental=1)|+30(レンタルスタジオ),0,1
駅近のレンタルダンススタジオ 東京,条件,S,貸ホールスペース６,〒157-0062 東京都世田谷区南烏山６丁目４-８,,0,下北沢,下北沢|三軒茶屋|二子玉川|自由が丘,千歳烏山駅,千歳烏山駅|芦花公園駅|八幡山駅|仙川駅|富士見ヶ丘駅,100.0,,,,駅近(≤500m),20,+20(rental=1),0,1
駅近のレンタルダンススタジオ 東京,条件,S,貸空間スタジオStudioStyle+,〒160-0023 東京都新宿区西新宿７丁目２２-３１ BF 柏木 MURA,,0,新宿,新宿|西新宿|高田馬場|新大久保,西武新宿駅,西武新宿駅|新大久保駅|新宿駅,391.0,,,,駅近(≤500m),20,+20(rental=1),0,1
駅近のレンタルダンススタジオ 東京,条件,S,Ohana Room Studio浦安,〒279-0002 千葉県浦安市北栄１丁目１５-５ レクス浦安駅前 ４F,,0,その他,その他,浦安駅,浦安駅|南行徳駅|葛西駅,119.0,,,,駅近(≤500m),20,+20(rental=1),0,1
駅近のレンタルダンススタジオ 東京,条件,S,大人バレエMiho Ballet Arts下高井戸,〒168-0073 東京都杉並区下高井戸１丁目２-１３ 山口ビル 杉並だんすアトリウム,,0,高円寺,高円寺,下高井戸駅,下高井戸駅|松原駅|桜上水駅|明大前駅|永福町駅|西永福駅|東松原駅|山下駅|豪徳寺駅|上北沢駅,92.0,,,,駅近(≤500m),20,+20(rental=1),0,1
駅近のレンタルダンススタジオ 東京,条件,S,大泉学園ノートル,"練馬区東大泉６丁目ー３４－４５ SKビルⅡ ２階 ３４, ３４ 練馬区 東京都 178-0063",,0,練馬,練馬,大泉学園駅,大泉学園駅|保谷駅|石神井公園駅,159.0,,,,駅近(≤500m),20,+20(rental=1),0,1
駅近のレンタルダンススタジオ 東京,条件,S,大谷哲章バレエスタジオアプロン,〒164-0011 東京都中野区中央２丁目８-２１,,0,中野,中野,中野坂上駅,中野坂上駅|東中野駅|西新宿五丁目駅（清水橋）|中野新橋駅|西新宿駅|新中野駅|都庁前駅|大久保駅|落合駅|新宿西口駅,181.0,,,,駅近(≤500m),20,+20(rental=1),0,1
駅近のレンタルダンススタジオ 東京,条件,S,大門スタジオ,〒105-0012 東京都港区芝大門２丁目１０-１ 第一大門ビル,,0,六本木,六本木|赤坂|麻布|新橋,浜松町駅,浜松町駅|田町駅,343.0,,,,駅近(≤500m),20,+20(rental=1),0,1
駅近のレンタルダンススタジオ 東京,条件,S,第一ホテル東京 フィットネス&アクアゾーン,〒100-0011 東京都千代田区内幸町１丁目５-３ 新幸橋ビルディング ビル内,,0,秋葉原,秋葉原,新橋駅,新橋駅|有楽町駅,357.0,,,,駅近(≤500m),20,+20(rental=1),0,1
駅近のレンタルダンススタジオ 東京,条件,S,池田山ノブレスレンタルスタジオ（五反田駅）,〒141-0022 東京都品川区東五反田５丁目２４-７ ノブレス池田山 B1階,,0,品川,品川|五反田|大井町|目黒,五反田駅,五反田駅|大崎駅|目黒駅,120.0,,,,駅近(≤500m),50,+20(rental=1)|+30(レンタルスタジオ),0,1
駅近のレンタルダンススタジオ 東京,条件,S,中目黒 すわ山 レンタルスタジオ,〒153-0051 東京都目黒区上目黒２丁目４７-１ 司ビル 2F-B,,0,中目黒,中目黒,中目黒駅,中目黒駅|祐天寺駅|代官山駅|池尻大橋駅|恵比寿駅|学芸大学駅|神泉駅|渋谷駅,412.0,,,,駅近(≤500m),50,+20(rental=1)|+30(レンタルスタジオ),0,1
駅近のレンタルダンススタジオ 東京,条件,S,中野ロフトスタジオ～nakano f～,〒164-0001 東京都中野区中野５丁目４６-１０,,0,中野,中野,中野駅,中野駅,294.0,,,,駅近(≤500m),20,+20(rental=1),0,1
駅近のレンタルダンススタジオ 東京,条件,S,東久留米駅前ダンススタジオテレマーク,〒203-0014 東京都東久留米市東本町２-６ 2階,,0,東久留米,東久留米,東久留米駅,東久留米駅|ひばりヶ丘駅|清瀬駅,95.0,,,,駅近(≤500m),45,+20(rental=1)|+25(ダンススタジオ),0,1
駅近のレンタルダンススタジオ 東京,条件,S,東急スポーツオアシス 青山,"〒107-0061 東京都港区北青山２丁目８-４４, Tepia, B2F",,0,六本木,六本木|赤坂|麻布|新橋,外苑前駅,外苑前駅|青山一丁目駅|表参道駅,332.0,,,,駅近(≤500m),20,+20(rental=1),0,1
駅近のレンタルダンススタジオ 東京,条件,S,東急スポーツオアシス雪谷24Plus,〒145-0073 東京都大田区北嶺町４３-１８,,0,蒲田,蒲田,御嶽山駅,御嶽山駅|雪が谷大塚駅|沼部駅|多摩川駅|久が原駅|石川台駅|鵜の木駅|田園調布駅|新丸子駅|洗足池駅,410.0,,,,駅近(≤500m),20,+20(rental=1),0,1
駅近のレンタルダンススタジオ 東京,条件,S,東京ステップス・アーツ アニメダンス池袋校,〒192-0082 東京都豊島区東池袋１丁目２２-５ サンケェビル６F,,0,池袋,池袋|目白|大塚|巣鴨,池袋駅,池袋駅,475.0,,,,駅近(≤500m),20,+20(rental=1),0,1
駅近のレンタルダンススタジオ 東京,条件,S,東京バレエ学園,〒191-0053 東京都日野市豊田４丁目４５-３,,0,日野,日野,豊田駅,豊田駅|南平駅|平山城址公園駅,215.0,,,,駅近(≤500m),20,+20(rental=1),0,1
駅近のレンタルダンススタジオ 東京,条件,S,東京バレエ劇場,〒169-0073 東京都新宿区百人町１丁目１６-４,,0,新宿,新宿|西新宿|高田馬場|新大久保,新大久保駅,新大久保駅|西武新宿駅|新宿駅,211.0,,,,駅近(≤500m),20,+20(rental=1),0,1
駅近のレンタルダンススタジオ 東京,条件,S,二子玉川レンタルスタジオ M?ni Frey,〒158-0094 東京都世田谷区玉川１丁目６-８ シティコープ玉川 202,,0,下北沢,下北沢|三軒茶屋|二子玉川|自由が丘,二子玉川駅,二子玉川駅|二子新地駅|上野毛駅|高津駅|等々力駅|用賀駅|溝の口駅|武蔵溝ノ口駅,248.0,,,,駅近(≤500m),50,+20(rental=1)|+30(レンタルスタジオ),0,1
駅近のレンタルダンススタジオ 東京,条件,S,表参道レンタルスタジオ スタジオ ティノラス,〒107-0062 東京都港区南青山５丁目１３-９,,0,六本木,六本木|赤坂|麻布|新橋,表参道駅,表参道駅|外苑前駅|渋谷駅,491.0,,,,駅近(≤500m),50,+20(rental=1)|+30(レンタルスタジオ),0,1
駅近のレンタルダンススタジオ 東京,条件,S,富田雅美バレエ＆ダンスユニット,〒182-0024 東京都調布市布田１丁目２９-２ ビルディング川口 B1,,0,調布,調布,調布駅,調布駅,200.0,,,,駅近(≤500m),20,+20(rental=1),0,1
駅近のレンタルダンススタジオ 東京,条件,S,舞空間ばくdance studio,〒134-0083 東京都江戸川区中葛西中葛西５丁目３４-７ 昭 産 ビル ７F,,0,西葛西,西葛西,葛西駅,葛西駅|西葛西駅|浦安駅,70.0,,,,駅近(≤500m),45,+20(rental=1)|+25(ダンススタジオ),0,1
駅近のレンタルダンススタジオ 東京,条件,S,望月愛生バレエスタジオ,〒146-0084 東京都大田区南久が原２丁目７-６ 横川ビル 1階,,0,蒲田,蒲田,久が原駅,久が原駅|鵜の木駅|御嶽山駅|千鳥町駅|下丸子駅|沼部駅|武蔵新田駅|雪が谷大塚駅|池上駅|向河原駅,44.0,,,,駅近(≤500m),20,+20(rental=1),0,1
駅近のレンタルダンススタジオ 東京,条件,S,名古屋レンタルスタジオPovit,〒453-0015 愛知県名古屋市中村区椿町２２-１ 第二カニエビル 3F,,0,その他,その他,名古屋駅,名古屋駅|名鉄名古屋駅|近鉄名古屋駅|太閤通駅|米野駅|ささしまライブ駅|国際センター駅|亀島駅|黄金駅|本陣駅,404.0,,,,駅近(≤500m),50,+20(rental=1)|+30(レンタルスタジオ),0,1
駅近のレンタルダンススタジオ 東京,条件,S,明治座森下スタジオ,〒135-0004 東京都江東区森下３丁目６-５,,0,豊洲,豊洲,森下駅,森下駅|菊川駅|清澄白河駅|両国駅|浜町駅|住吉駅|錦糸町駅|水天宮前駅|東日本橋駅|馬喰横山駅,307.0,,,,駅近(≤500m),20,+20(rental=1),0,1
駅近のレンタルダンススタジオ 東京,条件,S,溶岩ホットヨガ LaLa Aasha（ララアーシャ）学芸大学,〒152-0004 東京都目黒区鷹番２丁目２０-６ Kh.01 3F,,0,中目黒,中目黒,学芸大学駅,学芸大学駅,154.0,,,,駅近(≤500m),20,+20(rental=1),0,1
駅近のレンタルダンススタジオ 東京,条件,S,六本木 フォルトゥーナ,〒106-0032 東京都港区六本木７丁目１２-２３ フォルトゥーナビル 3A,,0,六本木,六本木|赤坂|麻布|新橋,六本木駅,六本木駅|青山一丁目駅|麻布十番駅,236.0,,,,駅近(≤500m),20,+20(rental=1),0,1
駅近のレンタルダンススタジオ 東京,条件,S,六本木 レンタルスタジオ 十五夜,〒106-0032 東京都港区六本木５丁目１０-３２ 第一アイトービル別館2F,,0,六本木,六本木|赤坂|麻布|新橋,六本木駅,六本木駅|麻布十番駅,303.0,,,,駅近(≤500m),50,+20(rental=1)|+30(レンタルスタジオ),0,1
駅近のレンタルダンススタジオ 東京,条件,S,茗荷谷ダンスプラザ,〒112-0002 東京都文京区小石川５丁目２-２ わかさビルB1,,0,後楽園,後楽園,茗荷谷駅,茗荷谷駅|江戸川橋駅|護国寺駅|白山駅|新大塚駅|千石駅|後楽園駅|神楽坂駅|春日駅|本駒込駅,274.0,,,,駅近(≤500m),20,+20(rental=1),0,1
駅近のレンタルダンススタジオ 東京,条件,S,BUZZ赤坂見附 ,東京都港区赤坂3-21-14TS 共和六番館地下1階,https://dance-studio-lab.com/room/NjYxZDU0NDMtOGEwNS00MDM3LTllNDktMzAyNTQ0MmVlMTE1/detail,1,六本木,六本木|赤坂|麻布|新橋,赤坂駅,赤坂駅|青山一丁目駅,100.0,,,,駅近(≤500m),50,+30(dslurl)|+20(rental=1),0,1
駅近のレンタルダンススタジオ 東京,条件,S,BUZZ渋谷TOWER,東京都渋谷区東2-27-9],https://dance-studio-lab.com/room/YWZmOTdhZGMtMjk1MC00ODljLWE2YWUtMDRjMGM5NTIxZTg2/detail,1,渋谷,渋谷|恵比寿|代官山|原宿,渋谷駅,渋谷駅,437.0,,,,駅近(≤500m),50,+30(dslurl)|+20(rental=1),0,1
駅近のレンタルダンススタジオ 東京,条件,S,スタジオピアーチェ池袋店,東京都豊島区池袋本町1-7-1　池袋本町ビル地下１階,https://dance-studio-lab.com/room/YjA4YWEyZDUtYmFmZS00NDQ3LWJjOWYtMzU2MDlmMDc1MTJi/detail,1,池袋,池袋,北池袋駅,北池袋駅|下板橋駅|池袋駅|板橋駅|新板橋駅|東池袋駅|要町駅|向原駅|庚申塚駅|大塚駅,439.0,,,,駅近(≤500m),50,+30(dslurl)|+20(rental=1),0,1
駅近のレンタルダンススタジオ 東京,条件,S,スタジオ五軒町／『鏡張り』の多目的に利用できる『防音』スタジオ,東京都千代田区外神田6-16-1,https://dance-studio-lab.com/room/ODZiZjA3NDItNjk4ZS00YjMxLWFjMGQtMGU5ZjVkZDg5OWQw/detail,1,秋葉原,秋葉原,湯島駅,湯島駅|御徒町駅|京成上野駅|御茶ノ水駅|新御徒町駅|新御茶ノ水駅|岩本町駅|上野駅|神田駅|根津駅,308.0,,,,駅近(≤500m),50,+30(dslurl)|+20(rental=1),0,1
駅近のレンタルダンススタジオ 東京,条件,S,SPICYCANDY DANCESTUDIO,東京都台東区浅草橋4-2-8伊藤ビル1階,https://dance-studio-lab.com/room/NGFjMTNkYTgtNmQ4My00ZTgxLWI3ZmYtMjM4OGVjNDM4Yjk3/detail,1,上野,上野,浅草橋駅,浅草橋駅|馬喰町駅|岩本町駅|両国駅|新御徒町駅|神田駅|御徒町駅|人形町駅|三越前駅|湯島駅,341.0,,,,駅近(≤500m),50,+30(dslurl)|+20(rental=1),0,1
駅近のレンタルダンススタジオ 東京,条件,S,スタジオピアーチェ江戸川橋店,東京都文京区水道2-10-7エクセルビル地下一階,https://dance-studio-lab.com/room/NWM3NGU4NjAtNTU5MS00NzUyLTg5ZTQtZWM3NGYwZTliOGZj/detail,1,後楽園,後楽園,江戸川橋駅,江戸川橋駅|神楽坂駅|茗荷谷駅|護国寺駅|早稲田駅|牛込神楽坂駅|牛込柳町駅|飯田橋駅|面影橋駅|新大塚駅,141.0,,,,駅近(≤500m),50,+30(dslurl)|+20(rental=1),0,1
駅近のレンタルダンススタジオ 東京,条件,S,レンタルスタジオAivic築地,東京都中央区築地2-10-9 HARVEY築地4階,https://dance-studio-lab.com/room/Y2UzMzcxZTMtNDhlNS00ODEwLWJlOGYtZjA1ZjM5Y2YxNjE0/detail,1,銀座,銀座,築地駅,築地駅|新富町駅|東銀座駅|八丁堀駅|宝町駅|銀座一丁目駅|銀座駅|京橋駅|有楽町駅|月島駅,84.0,,,,駅近(≤500m),80,+30(dslurl)|+20(rental=1)|+30(レンタルスタジオ),0,1
駅近のレンタルダンススタジオ 東京,条件,S,Dubway レンタルスタジオ小岩,東京都江戸川区北小岩1-3-4 102,https://dance-studio-lab.com/room/ZmU2YzI4MzYtZGY2ZC00YmZkLWI5MWItZDg0OTdkOTdmOGI5/detail,1,西葛西,西葛西,小岩駅,小岩駅|京成小岩駅|江戸川駅|国府台駅|新柴又駅,488.0,,,,駅近(≤500m),80,+30(dslurl)|+20(rental=1)|+30(レンタルスタジオ),0,1
駅近のレンタルダンススタジオ 東京,条件,S,日暮里リーダンススタジオ,東京都荒川区西日暮里2-29-6秋山ビル301,https://dance-studio-lab.com/room/MjAxNTcyNmItYmQ2Ny00MmEzLWIyNjktODFkZmYxNGJiOTVh/detail,1,日暮里,日暮里,日暮里駅,日暮里駅|西日暮里駅|三河島駅|新三河島駅|千駄木駅|鶯谷駅|田端駅|荒川区役所前駅|赤土小学校前駅|根津駅,232.0,,,,駅近(≤500m),75,+30(dslurl)|+20(rental=1)|+25(ダンススタジオ),0,1
駅近のレンタルダンススタジオ 東京,条件,S,Hina STUDIO(ヒナスタジオ)【新宿西口アネックス】,東京都新宿区西新宿7-15-4　YS第一ビルB1階,https://dance-studio-lab.com/room/NWQxZDIzMzUtNWMzOC00MzY4LWE4YmYtMWU3MDBkYWM3ZDY2/detail,1,新宿,新宿,西武新宿駅,西武新宿駅|新宿西口駅|西新宿駅|大久保駅|都庁前駅|新宿駅|新大久保駅|新宿三丁目駅|東新宿駅|南新宿駅,234.0,,,,駅近(≤500m),50,+30(dslurl)|+20(rental=1),0,1
駅近のレンタルダンススタジオ 東京,条件,S,チェリッシュスタジオ1号館/6号館,東京都渋谷区円山町20-1 新大宗円山ビル別館3階,https://dance-studio-lab.com/room/Njc0MjgwMDUtMzBjZS00ZmU5LWFkNzgtYTE3Y2U5NDMyYmU0/detail,1,渋谷,渋谷,神泉駅,神泉駅|渋谷駅|駒場東大前駅|池尻大橋駅|代官山駅|中目黒駅|代々木公園駅|代々木八幡駅|明治神宮前〈原宿〉駅|原宿駅,170.0,,,,駅近(≤500m),50,+30(dslurl)|+20(rental=1),0,1
駅近のレンタルダンススタジオ 東京,条件,S,Hina STUDIO（ヒナスタジオ）【目黒スタジオ】,東京都渋谷区神宮前6-23-11 パークサイドハイツ303,,0,渋谷,渋谷,明治神宮前〈原宿〉駅,明治神宮前〈原宿〉駅|原宿駅|渋谷駅|表参道駅|神泉駅|代々木公園駅|代々木八幡駅|北参道駅|外苑前駅|参宮橋駅,488.0,,,,駅近(≤500m),20,+20(rental=1),0,1
駅近のレンタルダンススタジオ 東京,条件,S,チェリッシュスタジオ5号館,東京都渋谷区道玄坂1-16-6 二葉ビル7D,https://dance-studio-lab.com/room/NTRjMDczNjgtY2EzMy00YjE4LWJlMjYtYmExOTZiYTBmZWZk/detail,1,渋谷,渋谷,渋谷駅,渋谷駅|神泉駅|代官山駅|駒場東大前駅|池尻大橋駅|中目黒駅|明治神宮前〈原宿〉駅|原宿駅|代々木公園駅|恵比寿駅,379.0,,,,駅近(≤500m),50,+30(dslurl)|+20(rental=1),0,1
駅近のレンタルダンススタジオ 東京,条件,S,BUZZ関内,神奈川県横浜市中区太田町1-18-2関内エスビル B1,https://dance-studio-lab.com/room/OWEzMTEwNDEtMjc2Yi00NzA0LTk0NmMtYTU1NGNhNTY4YTM3/detail,1,横浜,横浜,日本大通り駅,日本大通り駅|関内駅|馬車道駅|伊勢佐木長者町駅|石川町(元町・中華街)駅|桜木町駅|元町・中華街 (山下公園)駅|日ノ出町駅|みなとみらい駅|阪東橋駅,274.0,,,,駅近(≤500m),50,+30(dslurl)|+20(rental=1),0,1
駅近のレンタルダンススタジオ 東京,条件,S,Dubway レンタルスタジオ大塚,東京都豊島区北大塚2-10-5 BMAビル　B1,https://dance-studio-lab.com/room/ODA1MWRkOGQtODA5Yi00NTRlLWIyNzktZmMyNWFkMTc3ZDY4/detail,1,池袋,池袋,大塚駅,大塚駅|向原駅|庚申塚駅|新庚申塚駅|新大塚駅|巣鴨駅|西巣鴨駅|東池袋四丁目駅|東池袋駅|北池袋駅,241.0,,,,駅近(≤500m),80,+30(dslurl)|+20(rental=1)|+30(レンタルスタジオ),0,1
駅近のレンタルダンススタジオ 東京,条件,S,レンタルスタジオAivic渋谷道玄坂,東京都渋谷区円山町23-10 渋谷ATビル201,https://dance-studio-lab.com/room/NWE2MDljYmItN2I0ZC00ZjIzLWI3MGEtMmZiNmEzNWJjOWI4/detail,1,渋谷,渋谷,神泉駅,神泉駅|渋谷駅|駒場東大前駅|池尻大橋駅|代官山駅|代々木公園駅|中目黒駅|代々木八幡駅|明治神宮前〈原宿〉駅|原宿駅,78.0,,,,駅近(≤500m),80,+30(dslurl)|+20(rental=1)|+30(レンタルスタジオ),0,1
駅近のレンタルダンススタジオ 東京,条件,S,レンタルスタジオAivic神田,"東京都千代田区神田紺屋町21 高山ビル101
",https://dance-studio-lab.com/room/MzE4YmJlMGMtZTc3Yy00OTIwLTg3ZTMtZDQxN2E4Yzc1YTFj/detail,1,秋葉原,秋葉原,神田駅,神田駅|岩本町駅|三越前駅|馬喰町駅|新御茶ノ水駅|人形町駅|日本橋駅|大手町駅|御茶ノ水駅|浅草橋駅,251.0,,,,駅近(≤500m),80,+30(dslurl)|+20(rental=1)|+30(レンタルスタジオ),0,1
駅近のレンタルダンススタジオ 東京,条件,S,レンタルスタジオAivic高田馬場,東京都新宿区高田馬場1-31-8 高田馬場ダイカンプラザ1007,https://dance-studio-lab.com/room/M2JhMTAxM2EtZmMxNi00ODUwLTllNjUtNWQ4OTY3NmE2MWZj/detail,1,新宿,新宿,高田馬場駅,高田馬場駅|西早稲田駅|下落合駅|新大久保駅|面影橋駅|学習院下駅|大久保駅|目白駅|東新宿駅|雑司が谷駅,278.0,,,,駅近(≤500m),80,+30(dslurl)|+20(rental=1)|+30(レンタルスタジオ),0,1
駅近のレンタルダンススタジオ 東京,条件,S,レンタルスタジオAivic池袋西口 レンタルスタジオAivic池袋西口,東京都豊島区西池袋3-23-8 平井ビル7階,,0,池袋,池袋,池袋駅,池袋駅|要町駅|目白駅|東池袋駅|椎名町駅|都電雑司ヶ谷駅|雑司が谷駅|東池袋四丁目駅|北池袋駅|学習院下駅,353.0,,,,駅近(≤500m),50,+20(rental=1)|+30(レンタルスタジオ),0,1
駅近のレンタルダンススタジオ 東京,条件,S,BEATs レンタルスタジオ ビーツ,東京都渋谷区代々木1-42-2 藤ビル2階,https://dance-studio-lab.com/room/ZWU0MDNlZTUtMDE1Zi00NDcyLWFjZjgtZTAzNzUzZTAwMzNj/detail,1,渋谷,渋谷,代々木駅,代々木駅|参宮橋駅|北参道駅|新宿駅|新宿三丁目駅|都庁前駅|千駄ケ谷駅|新宿西口駅|初台駅|新宿御苑前駅,259.0,,,,駅近(≤500m),80,+30(dslurl)|+20(rental=1)|+30(レンタルスタジオ),0,1
駅近のレンタルダンススタジオ 東京,条件,S,Dubway レンタルスタジオ中野,東京都中野区5-32-6 城西ビルB02,https://dance-studio-lab.com/room/MzFmYWU5ZjgtNmM0NC00MDYzLTljOGUtMjFlZDI1MmVhMDE5/detail,1,中野,中野,中野駅,中野駅|新中野駅|新井薬師前駅|東高円寺駅|沼袋駅|東中野駅|高円寺駅|中野新橋駅|中野坂上駅|落合駅,167.0,,,,駅近(≤500m),80,+30(dslurl)|+20(rental=1)|+30(レンタルスタジオ),0,1
駅近のレンタルダンススタジオ 東京,条件,S,チェリッシュスタジオ9号館,東京都渋谷区鶯谷町15-7 ライブリーYSビル6階,https://dance-studio-lab.com/room/NGU3OTQ4YzEtMzA3OS00NDc3LThjODQtYWFkMmUzMTE4ZmFm/detail,1,渋谷,渋谷,渋谷駅,渋谷駅|神泉駅|代官山駅|中目黒駅|恵比寿駅|池尻大橋駅|駒場東大前駅|表参道駅|明治神宮前〈原宿〉駅|原宿駅,423.0,,,,駅近(≤500m),50,+30(dslurl)|+20(rental=1),0,1
駅近のレンタルダンススタジオ 東京,条件,S,レンタルスタジオAivic新橋,"東京都港区西新橋1-16-14 宮川ビル4階
",https://dance-studio-lab.com/room/M2EyMzEzOTUtMjkwNC00MmRlLWI3YWEtYjBiMmM1NGUzYzhl/detail,1,六本木,六本木,新橋駅,新橋駅|虎ノ門駅|虎ノ門ヒルズ駅|汐留駅|日比谷駅|神谷町駅|銀座駅|有楽町駅|東銀座駅|大門駅,408.0,,,,駅近(≤500m),80,+30(dslurl)|+20(rental=1)|+30(レンタルスタジオ),0,1
駅近のレンタルダンススタジオ 東京,条件,S,Hina STUDIO(ヒナスタジオ)【新宿西口スタジオ】,東京都新宿区西新宿7-10-12　ダイハンビルデンス4階,https://dance-studio-lab.com/room/ZDEyOTIyNTctYjUwOC00ZTY3LTgxMWYtYTI0MzhkNDg4OGNj/detail,1,新宿,新宿,新宿西口駅,新宿西口駅|西武新宿駅|西新宿駅|新宿駅|都庁前駅|新宿三丁目駅|大久保駅|新大久保駅|東新宿駅|代々木駅,136.0,,,,駅近(≤500m),50,+30(dslurl)|+20(rental=1),0,1
駅近のレンタルダンススタジオ 東京,条件,S,レンタルスタジオAivic大塚,東京都豊島区北大塚2-9-7 豊島電気会館B1,https://dance-studio-lab.com/room/MjU5YzI0ZTUtYzE1MC00ODhmLWI2Y2MtNTk5YTFmMWIwMzZi/detail,1,池袋,池袋,大塚駅,大塚駅|向原駅|庚申塚駅|新庚申塚駅|新大塚駅|西巣鴨駅|巣鴨駅|東池袋四丁目駅|東池袋駅|北池袋駅,274.0,,,,駅近(≤500m),80,+30(dslurl)|+20(rental=1)|+30(レンタルスタジオ),0,1
駅近のレンタルダンススタジオ 東京,条件,S,レンタルスタジオAivic恵比寿,東京都渋谷区恵比寿西1-14-3 満栄佐藤ビル202,https://dance-studio-lab.com/room/MzMyZDY5NzktNDEzOS00MzAyLWJjNzEtMjZiMjNiNzUwNGMy/detail,1,渋谷,渋谷,恵比寿駅,恵比寿駅|代官山駅|中目黒駅|渋谷駅|広尾駅|神泉駅|目黒駅|祐天寺駅|表参道駅|白金台駅,233.0,,,,駅近(≤500m),80,+30(dslurl)|+20(rental=1)|+30(レンタルスタジオ),0,1
駅近のレンタルダンススタジオ 東京,条件,S,Studio-Bio,東京都渋谷区千駄ヶ谷3−41−12　シャトル千駄ヶ谷B1(地下),https://dance-studio-lab.com/room/MTI3NDc3MzgtMTBhMy00NGY2LWE3MGQtZmM5YzdiYjVmNzM2/detail,1,渋谷,渋谷,北参道駅,北参道駅|千駄ケ谷駅|代々木駅|国立競技場駅|原宿駅|明治神宮前〈原宿〉駅|参宮橋駅|新宿御苑前駅|新宿駅|信濃町駅,48.0,,,,駅近(≤500m),50,+30(dslurl)|+20(rental=1),0,1
駅近のレンタルダンススタジオ 東京,条件,S,レンタルスタジオAivic元町中華街,神奈川県横浜市中区山下町25-16 ニューポートビル202,https://dance-studio-lab.com/room/MDE1MGRkYjEtNjcxMS00Njg1LTg2YmQtODBjODQxZmFlYjg0/detail,1,横浜,横浜,日本大通り駅,日本大通り駅|元町・中華街 (山下公園)駅|石川町(元町・中華街)駅|関内駅|馬車道駅|伊勢佐木長者町駅|桜木町駅|日ノ出町駅|みなとみらい駅,412.0,,,,駅近(≤500m),80,+30(dslurl)|+20(rental=1)|+30(レンタルスタジオ),0,1
深夜利用OKのダンススタジオ 東京,条件,A,スタジオハイシー,〒160-0023 東京都新宿区西新宿３丁目２-２７ 第7 7 オーチュー B1階,,0,新宿,新宿|西新宿|高田馬場|新大久保,新宿駅,新宿駅|代々木駅|西武新宿駅,714.0,,,,tag:feature:midnight,20,+20(rental=1),0,1
深夜利用OKのダンススタジオ 東京,条件,A,レンタルスタジオswamp西新宿,〒160-0023 東京都新宿区西新宿５丁目２１-５ ＢＩＴ西新宿 B01号室,,0,新宿,新宿|西新宿|高田馬場|新大久保,西新宿五丁目駅（清水橋）,西新宿五丁目駅（清水橋）|中野坂上駅|都庁前駅|西新宿駅|中野新橋駅|初台駅|新宿西口駅|新中野駅|西武新宿駅|新宿駅,264.0,,,,tag:feature:midnight,50,+20(rental=1)|+30(レンタルスタジオ),0,1
深夜利用OKのダンススタジオ 東京,条件,A,ソニズレンタルスタジオ新宿店,〒160-0023 東京都新宿区西新宿７丁目２２-３１ 柏木 MURA B1F,,0,新宿,新宿|西新宿|高田馬場|新大久保,西武新宿駅,西武新宿駅|新大久保駅|新宿駅,375.0,,,,tag:feature:midnight,50,+20(rental=1)|+30(レンタルスタジオ),0,1
深夜利用OKのダンススタジオ 東京,条件,A,BUZZ新宿,〒160-0023 東京都新宿区西新宿７丁目１６-４ Concierge高橋 BF 地下1階,https://dance-studio-lab.com/room/NThmODMwMDctZjkyNi00ZTE3LTgwNjQtMDRmOGIwMmQ5ZTRi/detail,1,新宿,新宿|西新宿|高田馬場|新大久保,西武新宿駅,西武新宿駅|新宿駅|新大久保駅,298.0,,,,tag:feature:midnight,50,+30(dslurl)|+20(rental=1),0,1
深夜利用OKのダンススタジオ 東京,条件,A,レンタルダンススタジオ LANDstudio 新宿店,〒169-0073 東京都新宿区百人町１丁目２２-１９ 筒井ビル B1F,,0,新宿,新宿|西新宿|高田馬場|新大久保,新大久保駅,新大久保駅|西武新宿駅|新宿駅,276.0,,,,tag:feature:midnight,60,+20(rental=1)|+40(レンタルダンス),0,1
深夜利用OKのダンススタジオ 東京,条件,A,BUZZ レンタルスタジオ新宿コンシェルジュ店,〒160-0023 東京都新宿区西新宿７丁目１６-４ Concierge高橋 BF 地下 一階,https://dance-studio-lab.com/room/OGUzNmE0NzUtZDU1NS00ZjIyLTg4OGItNDYyOWI2YzkzOTA0/detail,1,新宿,新宿|西新宿|高田馬場|新大久保,西武新宿駅,西武新宿駅|新宿駅|新大久保駅,292.0,,,,tag:feature:midnight,80,+30(dslurl)|+20(rental=1)|+30(レンタルスタジオ),0,1
深夜利用OKのダンススタジオ 東京,条件,A,BUZZ レンタルスタジオ 新宿ハウス店,〒160-0023 東京都新宿区西新宿７丁目１６-１,https://dance-studio-lab.com/room/MWYzNmNhZGMtMWZiNi00MjBiLWJjNzMtZmFmNjAxYmQ5MjA3/detail,1,新宿,新宿|西新宿|高田馬場|新大久保,西武新宿駅,西武新宿駅|新宿駅|新大久保駅,276.0,,,,tag:feature:midnight,80,+30(dslurl)|+20(rental=1)|+30(レンタルスタジオ),0,1
深夜利用OKのダンススタジオ 東京,条件,A,㈱Tera-coya,〒101-0025 東京都千代田区神田佐久間町３丁目３１-３,,0,秋葉原,秋葉原,秋葉原駅,秋葉原駅,359.0,,,,tag:feature:midnight,20,+20(rental=1),0,1
深夜利用OKのダンススタジオ 東京,条件,A,ラシーヌスタジオ,〒160-0004 東京都新宿区四谷４丁目２５-１３ 濱庄ビル B101,,0,新宿,新宿|西新宿|高田馬場|新大久保,四谷三丁目駅,四谷三丁目駅|曙橋駅|新宿御苑前駅|四ツ谷駅|若松河田駅|信濃町駅|牛込柳町駅|国立競技場駅|千駄ケ谷駅|新宿三丁目駅,229.0,,,,tag:feature:midnight,20,+20(rental=1),0,1
深夜利用OKのダンススタジオ 東京,条件,A,Ohana Room Studio新宿,〒162-0801 東京都新宿区山吹町３４４ LOGビル 2F,,0,新宿,新宿|西新宿|高田馬場|新大久保,江戸川橋駅,江戸川橋駅|神楽坂駅|早稲田駅|牛込神楽坂駅|牛込柳町駅|茗荷谷駅|護国寺駅|飯田橋駅|若松河田駅|面影橋駅,281.0,,,,tag:feature:midnight,20,+20(rental=1),0,1
深夜利用OKのダンススタジオ 東京,条件,A,[吉祥寺ダンススタジオ] Studio Amrita NORTH,〒180-0004 東京都武蔵野市吉祥寺本町２丁目５-１０ いちご吉祥寺ビル B1,,0,吉祥寺,吉祥寺,吉祥寺駅,吉祥寺駅,436.0,,,,tag:feature:midnight,65,+20(rental=1)|+25(ダンススタジオ)|+20(web),0,1
深夜利用OKのダンススタジオ 東京,条件,A,新宿レンタルスタジオ アルファ,〒160-0022 東京都新宿区８ 新宿5丁目8番21号 サンジュリ23号室,,0,新宿,新宿|西新宿|高田馬場|新大久保,新宿駅,新宿駅|西武新宿駅,823.0,,,,tag:feature:midnight,50,+20(rental=1)|+30(レンタルスタジオ),0,1
深夜利用OKのダンススタジオ 東京,条件,A,【レンタルスタジオ】SPICY CANDY【ボディメイク】,〒111-0053 東京都台東区浅草橋４丁目２-８ 伊藤ビル １F,,0,上野,上野|浅草|御徒町|蔵前,秋葉原駅,秋葉原駅|蔵前駅,730.0,,,,tag:feature:midnight,50,+20(rental=1)|+30(レンタルスタジオ),0,1
深夜利用OKのダンススタジオ 東京,条件,A,BUZZ レンタルスタジオ新宿4丁目店,〒160-0022 東京都新宿区新宿４丁目２-２１ 相模ビル B1F,,0,新宿,新宿|西新宿|高田馬場|新大久保,新宿駅,新宿駅|代々木駅|西武新宿駅,355.0,,,,tag:feature:midnight,50,+20(rental=1)|+30(レンタルスタジオ),0,1
深夜利用OKのダンススタジオ 東京,条件,A,スタジオジパング 新宿スタジオSTANDARD,〒160-0022 東京都新宿区新宿５丁目１０-２０ JKKグループ本社ビル1F,,0,新宿,新宿|西新宿|高田馬場|新大久保,新宿駅,新宿駅|西武新宿駅,762.0,,,,tag:feature:midnight,20,+20(rental=1),0,1
深夜利用OKのダンススタジオ 東京,条件,A,レンタルスタジオマイレッスン 新宿御苑前,〒160-0022 東京都新宿区新宿１丁目１７-１,,0,新宿,新宿|西新宿|高田馬場|新大久保,新宿駅,新宿駅|代々木駅,1066.0,,,,tag:feature:midnight,50,+20(rental=1)|+30(レンタルスタジオ),0,1
深夜利用OKのダンススタジオ 東京,条件,A,レンタルスタジオ 301,〒160-0021 東京都新宿区歌舞伎町２丁目８-１２ 新宿グリーンプラザ 301号,,0,新宿,新宿|西新宿|高田馬場|新大久保,西武新宿駅,西武新宿駅|新宿駅|新大久保駅,507.0,,,,tag:feature:midnight,50,+20(rental=1)|+30(レンタルスタジオ),0,1
深夜利用OKのダンススタジオ 東京,条件,A,【福岡校】YKAダンススタジオ,〒812-0023 福岡県福岡市博多区奈良屋町１-１８ ハードビル 3階,,0,その他,その他,呉服町駅,呉服町駅|中洲川端駅|千代県庁口駅|櫛田神社前駅|祇園駅|天神駅|天神南駅|西鉄福岡（天神）駅|博多駅|渡辺通駅,294.0,,,,tag:feature:midnight,45,+20(rental=1)|+25(ダンススタジオ),0,1
深夜利用OKのダンススタジオ 東京,条件,A,ENCE Rental Studio 四谷三丁目【新宿エリアのレンタルスタジオ】,〒160-0017 東京都新宿区左門町１-１７ アパルトマン 四谷 102,,0,新宿,新宿|西新宿|高田馬場|新大久保,四谷三丁目駅,四谷三丁目駅|曙橋駅|四ツ谷駅|信濃町駅|新宿御苑前駅|国立競技場駅|千駄ケ谷駅|市ケ谷駅|若松河田駅|麹町駅,109.0,,,,tag:feature:midnight,70,+20(rental=1)|+30(レンタルスタジオ)|+20(web),0,1
深夜利用OKのダンススタジオ 東京,条件,A,BUZZ レンタルスタジオ 代々木店,〒151-0053 東京都渋谷区代々木１丁目３６-１ ミユキビル B1F,,0,渋谷,渋谷|恵比寿|代官山|原宿,代々木駅,代々木駅|新宿駅,148.0,,,,tag:feature:midnight,50,+20(rental=1)|+30(レンタルスタジオ),0,1
深夜利用OKのダンススタジオ 東京,条件,A,?JDS 自由が丘のレンタルスタジオ,〒152-0035 東京都目黒区自由が丘１丁目３-２２ JSDスタジオ,,0,中目黒,中目黒,自由が丘駅,自由が丘駅,278.0,,,,tag:feature:midnight,50,+20(rental=1)|+30(レンタルスタジオ),0,1
深夜利用OKのダンススタジオ 東京,条件,A,レンタルスペース「301」,〒160-0021 東京都新宿区歌舞伎町２丁目８-１２ 新宿グリーンプラザ 301号,,0,新宿,新宿|西新宿|高田馬場|新大久保,西武新宿駅,西武新宿駅|新宿駅|新大久保駅,507.0,,,,tag:feature:midnight,20,+20(rental=1),0,1
深夜利用OKのダンススタジオ 東京,条件,A,レンタルスタジオ「Ten（テン）」,〒160-0021 東京都新宿区歌舞伎町２丁目８-１２ 新宿グリーンプラザ 303号,,0,新宿,新宿|西新宿|高田馬場|新大久保,西武新宿駅,西武新宿駅|新宿駅|新大久保駅,507.0,,,,tag:feature:midnight,50,+20(rental=1)|+30(レンタルスタジオ),0,1
深夜利用OKのダンススタジオ 東京,条件,A,Studio.m 新宿レンタルスタジオ,〒160-0022 東京都新宿区新宿５丁目１５?号２ 池与ビル ２０３,,0,新宿,新宿|西新宿|高田馬場|新大久保,西武新宿駅,西武新宿駅|新宿駅|新大久保駅,642.0,,,,tag:feature:midnight,50,+20(rental=1)|+30(レンタルスタジオ),0,1
深夜利用OKのダンススタジオ 東京,条件,A,A la neigeバレエ,〒150-0043 東京都渋谷区道玄坂１丁目１９-１１ 寿道玄坂ビル B１,,0,渋谷,渋谷|恵比寿|代官山|原宿,渋谷駅,渋谷駅,529.0,,,,tag:feature:midnight,20,+20(rental=1),0,1
深夜利用OKのダンススタジオ 東京,条件,A,A-KIDS DANCE STUDIO,〒191-0011 東京都日野市日野本町４丁目５-５ ＨＳビル 2F,,0,日野,日野,日野駅,日野駅,178.0,,,,tag:feature:midnight,45,+20(rental=1)|+25(ダンススタジオ),0,1
深夜利用OKのダンススタジオ 東京,条件,A,A.R.P studio,〒164-0011 東京都中野区中央２丁目５８-21 B1,,0,中野,中野,中野坂上駅,中野坂上駅|東中野駅|新中野駅|中野新橋駅|落合駅|中野駅|西新宿五丁目駅（清水橋）|西新宿駅|中野富士見町駅|大久保駅,574.0,,,,tag:feature:midnight,20,+20(rental=1),0,1
深夜利用OKのダンススタジオ 東京,条件,A,studio SLASH,〒151-0064 東京都渋谷区上原１丁目２１-１０ B1,,0,渋谷,渋谷|恵比寿|代官山|原宿,代々木上原駅,代々木上原駅|代々木八幡駅|代々木公園駅|東北沢駅|駒場東大前駅|幡ヶ谷駅|池ノ上駅|初台駅|笹塚駅|参宮橋駅,264.0,,,,tag:feature:midnight,20,+20(rental=1),0,1
深夜利用OKのダンススタジオ 東京,条件,A,ACCA STUDIO,〒130-0005 東京都墨田区東駒形３丁目１９-１３,,0,錦糸町,錦糸町,押上駅,押上駅|浅草駅|蔵前駅,681.0,,,,tag:feature:midnight,20,+20(rental=1),0,1
深夜利用OKのダンススタジオ 東京,条件,A,ACEスタジオ馬喰町日本橋,〒103-0003 東京都中央区日本橋横山町７-１９ イチオクビル 地下１階 7-19第３５,,0,銀座,銀座|日本橋|八丁堀|月島,秋葉原駅,秋葉原駅,1042.0,,,,tag:feature:midnight,20,+20(rental=1),0,1
深夜利用OKのダンススタジオ 東京,条件,A,ACFit 赤坂見附スタジオ,〒107-0052 東京都港区赤坂３丁目４-３ 赤坂マカベビル B1F,,0,六本木,六本木|赤坂|麻布|新橋,赤坂駅,赤坂駅,160.0,,,,tag:feature:midnight,20,+20(rental=1),0,1
深夜利用OKのダンススタジオ 東京,条件,A,AK BALLET SCHOOL浦安,〒279-0003 千葉県浦安市海楽１丁目２-６ 2F Room3,,0,その他,その他,新浦安駅,新浦安駅|浦安駅,975.0,,,,tag:feature:midnight,20,+20(rental=1),0,1
深夜利用OKのダンススタジオ 東京,条件,A,ALOK DANCE DORAMA COMPANY,〒169-0073 東京都新宿区百人町１丁目１３-９,,0,新宿,新宿|西新宿|高田馬場|新大久保,新大久保駅,新大久保駅|西武新宿駅|新宿駅,279.0,,,,tag:feature:midnight,20,+20(rental=1),0,1
深夜利用OKのダンススタジオ 東京,条件,A,alt studio (オルトスタジオ),〒101-0051 東京都千代田区神田神保町１丁目64-３ 神保町ビル 6F,,0,秋葉原,秋葉原,神保町駅,神保町駅|水道橋駅|御茶ノ水駅|新御茶ノ水駅|九段下駅|小川町駅|竹橋駅|本郷三丁目駅|春日駅|後楽園駅,327.0,,,,tag:feature:midnight,20,+20(rental=1),0,1
深夜利用OKのダンススタジオ 東京,条件,A,スタジオキャンパス 高田馬場店,〒169-0075 東京都新宿区高田馬場４丁目２９-１ B1F,,0,新宿,新宿|西新宿|高田馬場|新大久保,高田馬場駅,高田馬場駅|新大久保駅,483.0,,,,tag:feature:midnight,20,+20(rental=1),0,1
深夜利用OKのダンススタジオ 東京,条件,A,Another ONE+ （銀座レンタルスペース）,〒104-0061 東京都中央区銀座３丁目１２-１８ 新岩間ビル 3F,,0,銀座,銀座|日本橋|八丁堀|月島,有楽町駅,有楽町駅|新橋駅|東京駅,700.0,,,,tag:feature:midnight,20,+20(rental=1),0,1
深夜利用OKのダンススタジオ 東京,条件,A,スタジオジパング 新宿スタジオPRO,"ニューローレルビル ニューローレルビル地下1階, １丁目-３４-１１ 新宿 新宿区 東京都 160-0022",,0,新宿,新宿|西新宿|高田馬場|新大久保,新宿駅,新宿駅|西武新宿駅|代々木駅,926.0,,,,tag:feature:midnight,20,+20(rental=1),0,1
深夜利用OKのダンススタジオ 東京,条件,A,ART GROOVE,〒114-0015 東京都北区中里２丁目５-８ レイハウス駒込 302,,0,赤羽,赤羽,駒込駅,駒込駅|田端駅|上中里駅|尾久駅|巣鴨駅|西ケ原駅|千石駅|荒川車庫前駅|梶原駅|本駒込駅,306.0,,,,tag:feature:midnight,20,+20(rental=1),0,1
深夜利用OKのダンススタジオ 東京,条件,A,ソニズレンタルスタジオ東高円寺店,〒166-0003 東京都杉並区高円寺南１丁目６-５ 高円寺サマリヤマンション 松屋の隣,,0,高円寺,高円寺,中野駅,中野駅,1075.0,,,,tag:feature:midnight,50,+20(rental=1)|+30(レンタルスタジオ),0,1
深夜利用OKのダンススタジオ 東京,条件,A,ATHLETE Studio,〒101-0044 東京都千代田区鍛冶町１丁目８-１ SRビル 3F,,0,秋葉原,秋葉原,秋葉原駅,秋葉原駅|東京駅,900.0,,,,tag:feature:midnight,20,+20(rental=1),0,1
深夜利用OKのダンススタジオ 東京,条件,A,Aya Ballet School,〒152-0035 東京都目黒区洗足２丁目６-１５ 洗足21 B１F,,0,中目黒,中目黒,洗足駅,洗足駅|北千束駅|西小山駅|大岡山駅|旗の台駅|長原駅|洗足池駅|武蔵小山駅|緑が丘駅|荏原町駅,78.0,,,,tag:feature:midnight,20,+20(rental=1),0,1
深夜利用OKのダンススタジオ 東京,条件,A,b-line dance studio,〒164-0012 東京都中野区本町３丁目３２-１５ クラウンズコートなかの 1階,,0,中野,中野,新中野駅,新中野駅|中野新橋駅|中野坂上駅|中野富士見町駅|中野駅|西新宿五丁目駅（清水橋）|東中野駅|東高円寺駅|西新宿駅|落合駅,511.0,,,,tag:feature:midnight,45,+20(rental=1)|+25(ダンススタジオ),0,1
深夜利用OKのダンススタジオ 東京,条件,A,原宿ダンススタジオ SHIN RENTAL STUDIO,〒151-0051 東京都渋谷区千駄ケ谷３丁目６０-４ 地下1階,,0,渋谷,渋谷|恵比寿|代官山|原宿,原宿駅,原宿駅|代々木駅|表参道駅,479.0,,,,tag:feature:midnight,70,+20(rental=1)|+30(レンタルスタジオ)|+20(web),0,1
深夜利用OKのダンススタジオ 東京,条件,A,Ballet & Dance DUE,〒136-0071 東京都江東区亀戸７丁目４３-５ 小林ビル,,0,豊洲,豊洲,亀戸水神駅,亀戸水神駅|亀戸駅|大島駅|西大島駅|東あずま駅|平井駅|東大島駅|小村井駅|錦糸町駅|住吉駅,405.0,,,,tag:feature:midnight,20,+20(rental=1),0,1
深夜利用OKのダンススタジオ 東京,条件,A,Ballet & Dance TRE,〒130-0004 東京都墨田区本所３丁目７-９,,0,錦糸町,錦糸町,押上駅,押上駅|錦糸町駅|蔵前駅,971.0,,,,tag:feature:midnight,20,+20(rental=1),0,1
深夜利用OKのダンススタジオ 東京,条件,A,Ballet & Dance UNO,〒130-0012 東京都墨田区太平３丁目１９-５ 鈴木ビル 1階,,0,錦糸町,錦糸町,錦糸町駅,錦糸町駅|押上駅,664.0,,,,tag:feature:midnight,20,+20(rental=1),0,1
深夜利用OKのダンススタジオ 東京,条件,A,"マイレッスン 新宿A,Bスタジオ",〒160-0022 東京都新宿区新宿１丁目１３-１２,,0,新宿,新宿|西新宿|高田馬場|新大久保,新宿駅,新宿駅|代々木駅,1059.0,,,,tag:feature:midnight,20,+20(rental=1),0,1
深夜利用OKのダンススタジオ 東京,条件,A,ラシーヌスタジオ,〒160-0005 東京都新宿区愛住町１６-１ ＡＮＮＥＸ倉石 2F,,0,新宿,新宿|西新宿|高田馬場|新大久保,なし,,,,,,tag:feature:midnight,20,+20(rental=1),0,1
深夜利用OKのダンススタジオ 東京,条件,A,Ballet Studio M'z,〒107-0052 東京都港区赤坂７丁目９-７ 小林ビル 5F,,0,六本木,六本木|赤坂|麻布|新橋,赤坂駅,赤坂駅|六本木駅|青山一丁目駅,561.0,,,,tag:feature:midnight,20,+20(rental=1),0,1
深夜利用OKのダンススタジオ 東京,条件,A,渋谷店 レンタルダンススタジオ ＲＯＯＴＳ,〒150-0011 東京都渋谷区東１丁目２４-８ トキワマツ72ビル A号,,0,渋谷,渋谷|恵比寿|代官山|原宿,渋谷駅,渋谷駅|恵比寿駅,681.0,,,,tag:feature:midnight,60,+20(rental=1)|+40(レンタルダンス),0,1
深夜利用OKのダンススタジオ 東京,条件,A,Beat Box Dance Studio,〒151-0053 東京都渋谷区代々木１丁目４２-２,,0,渋谷,渋谷|恵比寿|代官山|原宿,代々木駅,代々木駅|新宿駅,232.0,,,,tag:feature:midnight,45,+20(rental=1)|+25(ダンススタジオ),0,1
深夜利用OKのダンススタジオ 東京,条件,A,中野 レンタルスタジオ オドリバ,〒164-0001 東京都中野区中野５丁目３２-６ 中野城西ビル B-7号室,,0,中野,中野,中野駅,中野駅,163.0,,,,tag:feature:midnight,50,+20(rental=1)|+30(レンタルスタジオ),0,1
深夜利用OKのダンススタジオ 東京,条件,A,ナ・ホク・オ・カヘアラニ フラ＆タヒチアン,〒107-0061 東京都港区北青山３丁目５-９ KAZU表参道 202号室,,0,六本木,六本木|赤坂|麻布|新橋,表参道駅,表参道駅|外苑前駅|原宿駅,242.0,,,,tag:feature:midnight,20,+20(rental=1),0,1
深夜利用OKのダンススタジオ 東京,条件,A,BillionDance,〒542-0084 大阪府大阪市中央区宗右衛門町１-２７ ゴールドウッズミッテラビルB1F,,0,銀座,銀座|日本橋|八丁堀|月島,近鉄日本橋駅,近鉄日本橋駅|日本橋駅|長堀橋駅|大阪難波駅|心斎橋駅|なんば駅|四ツ橋駅|谷町九丁目駅|ＪＲ難波駅|谷町六丁目駅,360.0,,,,tag:feature:midnight,20,+20(rental=1),0,1
深夜利用OKのダンススタジオ 東京,条件,A,BLM Dance School,〒196-0033 東京都昭島市１６ 東町1-16-11 4F,,0,東京,東京,西立川駅,西立川駅|東中神駅|中神駅,255.0,,,,tag:feature:midnight,20,+20(rental=1),0,1
深夜利用OKのダンススタジオ 東京,条件,A,BLOOMIN'新丸子店,〒211-0004 神奈川県川崎市中原区新丸子東１丁目７９４,,0,その他,その他,新丸子駅,新丸子駅|武蔵小杉駅|沼部駅|向河原駅|多摩川駅|鵜の木駅|御嶽山駅|田園調布駅|久が原駅|雪が谷大塚駅,224.0,,,,tag:feature:midnight,20,+20(rental=1),0,1
深夜利用OKのダンススタジオ 東京,条件,A,SHOJIN Show-Base Tokyo,〒169-0075 東京都新宿区高田馬場４丁目１１-10VORT Briller4F SHOJIN Show-Base Tokyo,,0,新宿,新宿|西新宿|高田馬場|新大久保,高田馬場駅,高田馬場駅,184.0,,,,tag:feature:midnight,20,+20(rental=1),0,1
深夜利用OKのダンススタジオ 東京,条件,A,Brilliant Me Dance Studio 鹿浜校,〒123-0864 東京都足立区鹿浜７丁目１２-４,,0,北千住,北千住,西新井大師西駅,西新井大師西駅|谷在家駅|江北駅|舎人公園駅|大師前駅|高野駅,571.0,,,,tag:feature:midnight,45,+20(rental=1)|+25(ダンススタジオ),0,1
深夜利用OKのダンススタジオ 東京,条件,A,ARTIST DANCE STUDIO,〒150-0036 東京都渋谷区南平台町１-９ 南平台宝来ビル B1,,0,渋谷,渋谷|恵比寿|代官山|原宿,渋谷駅,渋谷駅,499.0,,,,tag:feature:midnight,45,+20(rental=1)|+25(ダンススタジオ),0,1
深夜利用OKのダンススタジオ 東京,条件,A,BRONX RENTAL STUDIO,〒155-0031 東京都世田谷区北沢２丁目５-１０,,0,下北沢,下北沢|三軒茶屋|二子玉川|自由が丘,下北沢駅,下北沢駅,106.0,,,,tag:feature:midnight,50,+20(rental=1)|+30(レンタルスタジオ),0,1
深夜利用OKのダンススタジオ 東京,条件,A,BT Dance Studio,〒444-0852 愛知県岡崎市南明大寺町４-１４,,0,その他,その他,六名駅,六名駅|東岡崎駅|岡崎公園前駅|中岡崎駅|岡崎駅|男川駅,893.0,,,,tag:feature:midnight,45,+20(rental=1)|+25(ダンススタジオ),0,1
深夜利用OKのダンススタジオ 東京,条件,A,BUZZ SHIBUYA店,〒150-0042 東京都渋谷区宇田川町４-１０ 宇田川町ビル B1～3F,,0,渋谷,渋谷|恵比寿|代官山|原宿,渋谷駅,渋谷駅|原宿駅,624.0,,,,tag:feature:midnight,20,+20(rental=1),0,1
深夜利用OKのダンススタジオ 東京,条件,A,BUZZ レンタルスタジオ 池袋本店,〒171-0022 東京都豊島区南池袋１丁目２０-１ 横田ビル 3F,,0,池袋,池袋|目白|大塚|巣鴨,池袋駅,池袋駅,241.0,,,,tag:feature:midnight,50,+20(rental=1)|+30(レンタルスタジオ),0,1
深夜利用OKのダンススタジオ 東京,条件,A,C Production Dance Studio,〒170-0014 東京都豊島区池袋１丁目８-５ シーステージ池袋 5F,,0,池袋,池袋|目白|大塚|巣鴨,池袋駅,池袋駅,806.0,,,,tag:feature:midnight,45,+20(rental=1)|+25(ダンススタジオ),0,1
深夜利用OKのダンススタジオ 東京,条件,A,Cadena Flamenca,〒151-0053 東京都渋谷区代々木１丁目４２-２,,0,渋谷,渋谷|恵比寿|代官山|原宿,代々木駅,代々木駅|新宿駅,246.0,,,,tag:feature:midnight,20,+20(rental=1),0,1
深夜利用OKのダンススタジオ 東京,条件,A,BUZZ 池袋西口タワー,〒171-0014 東京都豊島区池袋２丁目３７-８ ジオ・ステージ池袋,,0,池袋,池袋|目白|大塚|巣鴨,池袋駅,池袋駅,586.0,,,,tag:feature:midnight,20,+20(rental=1),0,1
深夜利用OKのダンススタジオ 東京,条件,A,CAMURO DANCE STUDIO,〒540-0025 大阪府大阪市中央区徳井町１丁目１-７ 松田ビル,,0,銀座,銀座|日本橋|八丁堀|月島,谷町四丁目駅,谷町四丁目駅|天満橋駅|堺筋本町駅|谷町六丁目駅|松屋町駅|北浜駅|長堀橋駅|大阪城北詰駅|大阪ビジネスパーク駅|大阪天満宮駅,246.0,,,,tag:feature:midnight,45,+20(rental=1)|+25(ダンススタジオ),0,1
深夜利用OKのダンススタジオ 東京,条件,A,CARDIO BARRE JIYUGAOKA (カーディオ・バー 自由が丘店),〒152-0035 東京都目黒区自由が丘２丁目１０-４ ミルシェ自由が丘 5階,,0,中目黒,中目黒,自由が丘駅,自由が丘駅,132.0,,,,tag:feature:midnight,20,+20(rental=1),0,1
深夜利用OKのダンススタジオ 東京,条件,A,CARDIO BARRE SHIBUYA (カーディオ・バー 渋谷店),〒150-0002 東京都渋谷区渋谷１丁目１４-１１ BCサロン 地下１階,,0,渋谷,渋谷|恵比寿|代官山|原宿,渋谷駅,渋谷駅|表参道駅|原宿駅,222.0,,,,tag:feature:midnight,20,+20(rental=1),0,1
深夜利用OKのダンススタジオ 東京,条件,A,CARDIO BARRE SHINJUKU (カーディオ・バー 新宿店),〒160-0022 東京都新宿区新宿４丁目２-１６ パシフィックマークス新宿サウスゲート 2階,,0,新宿,新宿|西新宿|高田馬場|新大久保,新宿駅,新宿駅|代々木駅|西武新宿駅,351.0,,,,tag:feature:midnight,20,+20(rental=1),0,1
深夜利用OKのダンススタジオ 東京,条件,A,Caribbean explosion,〒194-0012 東京都町田市金森１丁目３-１ Hamanoya 202,,0,町田,町田,町田駅,町田駅,991.0,,,,tag:feature:midnight,20,+20(rental=1),0,1
深夜利用OKのダンススタジオ 東京,条件,A,BUZZ レンタルスタジオ池袋東口BASE,〒170-0013 東京都豊島区東池袋１丁目３６-７ B1,https://dance-studio-lab.com/room/NWY2ZjE2OGUtZDYyYi00ZTk5LThlMjctZDI1YjllMmRjM2Jk/detail,1,池袋,池袋|目白|大塚|巣鴨,池袋駅,池袋駅,608.0,,,,tag:feature:midnight,80,+30(dslurl)|+20(rental=1)|+30(レンタルスタジオ),0,1
深夜利用OKのダンススタジオ 東京,条件,A,BUZZ レンタルスタジオ 渋谷東口SQUARE店,〒150-0002 東京都渋谷区渋谷２丁目２２-８ 名取ビル 1F,,0,渋谷,渋谷|恵比寿|代官山|原宿,渋谷駅,渋谷駅|表参道駅,177.0,,,,tag:feature:midnight,50,+20(rental=1)|+30(レンタルスタジオ),0,1
深夜利用OKのダンススタジオ 東京,条件,A,Clover 26,〒206-0033 東京都多摩市落合２丁目３３ 2階,,0,多摩センター,多摩センター,小田急多摩センター駅,小田急多摩センター駅|京王多摩センター駅|唐木田駅,566.0,,,,tag:feature:midnight,20,+20(rental=1),0,1
深夜利用OKのダンススタジオ 東京,条件,A,"in the house / Shibuya ""Gallery""",〒150-0001 東京都渋谷区神宮前６丁目２３-１２,,0,渋谷,渋谷|恵比寿|代官山|原宿,原宿駅,原宿駅|渋谷駅|表参道駅,573.0,,,,tag:feature:midnight,20,+20(rental=1),0,1
深夜利用OKのダンススタジオ 東京,条件,A,CurioSpace多摩センター,〒206-0042 東京都多摩市山王下１丁目13-１２ パールプラザ 204号,,0,多摩センター,多摩センター,京王多摩センター駅,京王多摩センター駅|小田急多摩センター駅|唐木田駅|京王堀之内駅,407.0,,,,tag:feature:midnight,20,+20(rental=1),0,1
深夜利用OKのダンススタジオ 東京,条件,A,BUZZ レンタルスタジオ 渋谷PARK店,〒150-0042 東京都渋谷区宇田川町１９-５,https://dance-studio-lab.com/room/YmNlM2RmNGMtNGI0Mi00ZTg4LTk4OTYtNjY4NWRiM2JmNzhm/detail,1,渋谷,渋谷|恵比寿|代官山|原宿,渋谷駅,渋谷駅|原宿駅,448.0,,,,tag:feature:midnight,80,+30(dslurl)|+20(rental=1)|+30(レンタルスタジオ),0,1
深夜利用OKのダンススタジオ 東京,条件,A,Cuuby dance school,,,0,その他,その他,高田馬場駅,高田馬場駅,877.0,,,,tag:feature:midnight,20,+20(rental=1),0,1
深夜利用OKのダンススタジオ 東京,条件,A,『bco』 Private lesson/salon,〒150-0001 東京都渋谷区神宮前１丁目２１-１５ 2F奥 ナポレ原宿,,0,渋谷,渋谷|恵比寿|代官山|原宿,原宿駅,原宿駅|表参道駅|代々木駅,255.0,,,,tag:feature:midnight,20,+20(rental=1),0,1
深夜利用OKのダンススタジオ 東京,条件,A,ダンススタジオ・レンタルスタジオ_DANCE SPACE 365,〒156-0041 東京都世田谷区大原１丁目２４-４ ローザ新代田 B1-2号室,,0,下北沢,下北沢|三軒茶屋|二子玉川|自由が丘,下北沢駅,下北沢駅,869.0,,,,tag:feature:midnight,50,+20(rental=1)|+30(レンタルスタジオ),0,1
深夜利用OKのダンススタジオ 東京,条件,A,レンタルスタジオマイレッスン 渋谷店,〒150-0011 東京都渋谷区渋谷 東２-２０-１６ エストマニヴィア B1F,,0,渋谷,渋谷|恵比寿|代官山|原宿,恵比寿駅,恵比寿駅|渋谷駅,770.0,,,,tag:feature:midnight,50,+20(rental=1)|+30(レンタルスタジオ),0,1
深夜利用OKのダンススタジオ 東京,条件,A,"in the house / Hatagaya ""Shack""",〒101 東京都渋谷区幡ケ谷２丁目８-１５ JP 151-0072 KODAビル B1F,,0,渋谷,渋谷|恵比寿|代官山|原宿,幡ヶ谷駅,幡ヶ谷駅|初台駅|笹塚駅|代々木上原駅|代々木八幡駅|東北沢駅|西新宿五丁目駅（清水橋）|参宮橋駅|代々木公園駅|中野新橋駅,85.0,,,,tag:feature:midnight,20,+20(rental=1),0,1
深夜利用OKのダンススタジオ 東京,条件,A,Dance Studio Linda 中目黒,〒153-0043 東京都目黒区東山１丁目４-１３ ASA東山ビル １F,,0,中目黒,中目黒,池尻大橋駅,池尻大橋駅,1023.0,,,,tag:feature:midnight,45,+20(rental=1)|+25(ダンススタジオ),0,1
深夜利用OKのダンススタジオ 東京,条件,A,D'CRE8 Dance Shtajio (ディークリエイトダンスシタジオ),〒164-0013 東京都中野区弥生町１丁目１１-２ B1,,0,中野,中野,西新宿五丁目駅（清水橋）,西新宿五丁目駅（清水橋）|中野坂上駅|中野新橋駅|都庁前駅|西新宿駅|初台駅|中野富士見町駅|新中野駅|幡ヶ谷駅|新宿西口駅,325.0,,,,tag:feature:midnight,20,+20(rental=1),0,1
深夜利用OKのダンススタジオ 東京,条件,A,中目黒店 レンタルダンススタジオROOTS,〒153-0051 東京都目黒区上目黒１丁目５-１０ 中目黒マンション B6,,0,中目黒,中目黒,恵比寿駅,恵比寿駅,905.0,,,,tag:feature:midnight,60,+20(rental=1)|+40(レンタルダンス),0,1
深夜利用OKのダンススタジオ 東京,条件,A,DANCE STUDIO A??,〒490-1111 愛知県あま市甚目寺八尻90,,0,その他,その他,甚目寺駅,甚目寺駅|須ヶ口駅|丸ノ内駅（名鉄）|新川橋駅,736.0,,,,tag:feature:midnight,45,+20(rental=1)|+25(ダンススタジオ),0,1
深夜利用OKのダンススタジオ 東京,条件,A,Dance Studio Broomstick,〒123-0873 東京都足立区扇２丁目２５-１ 扇橋会館 ８F,,0,北千住,北千住,扇大橋駅,扇大橋駅|高野駅|足立小台駅|江北駅|宮ノ前駅|小台駅|熊野前駅|荒川遊園地前駅|東尾久三丁目駅|大師前駅,59.0,,,,tag:feature:midnight,45,+20(rental=1)|+25(ダンススタジオ),0,1
深夜利用OKのダンススタジオ 東京,条件,A,スタジオセンティード Studio SENTIDO（レンタルスタジオ）,〒155-0031 東京都世田谷区北沢２丁目１８-５ 地下１階,,0,下北沢,下北沢|三軒茶屋|二子玉川|自由が丘,下北沢駅,下北沢駅,253.0,,,,tag:feature:midnight,70,+20(rental=1)|+30(レンタルスタジオ)|+20(web),0,1
深夜利用OKのダンススタジオ 東京,条件,A,DANCE STUDIO Fossette -フォセット -,〒214-0032 神奈川県川崎市多摩区枡形３丁目２-１９,,0,その他,その他,向ヶ丘遊園駅,向ヶ丘遊園駅|登戸駅|生田駅|中野島駅|和泉多摩川駅,667.0,,,,tag:feature:midnight,45,+20(rental=1)|+25(ダンススタジオ),0,1
深夜利用OKのダンススタジオ 東京,条件,A,スタジオジパング 梅ヶ丘スタジオPRO,〒154-0022 東京都世田谷区梅丘１丁目３３-９ モンド梅ヶ丘ビル地下1階,,0,下北沢,下北沢|三軒茶屋|二子玉川|自由が丘,梅ヶ丘駅,梅ヶ丘駅|豪徳寺駅|山下駅|東松原駅|世田谷代田駅|新代田駅|松原駅|宮の坂駅|若林駅|明大前駅,94.0,,,,tag:feature:midnight,20,+20(rental=1),0,1
深夜利用OKのダンススタジオ 東京,条件,A,dance studio GROOVY ダンス＆ヨガ,"いづみ屋ビル 4階, ２丁目-２０-２ 成増 板橋区 東京都 175-0094",,0,成増,成増,地下鉄成増駅,地下鉄成増駅|成増駅|地下鉄赤塚駅|下赤塚駅,130.0,,,,tag:feature:midnight,45,+20(rental=1)|+25(ダンススタジオ),0,1
深夜利用OKのダンススタジオ 東京,条件,A,駒澤大学店 レンタルダンススタジオ ＲＯＯＴＳ,〒154-0012 東京都世田谷区駒沢３丁目１-３ シャトレー駒沢 ２０４,,0,下北沢,下北沢|三軒茶屋|二子玉川|自由が丘,駒沢大学駅,駒沢大学駅|桜新町駅|松陰神社前駅|世田谷駅|上町駅|若林駅|西太子堂駅|三軒茶屋駅,522.0,,,,tag:feature:midnight,60,+20(rental=1)|+40(レンタルダンス),0,1
深夜利用OKのダンススタジオ 東京,条件,A,DANCE STUDIO KOTOHA,〒454-0854 愛知県名古屋市中川区松年町３丁目５０,,0,その他,その他,中島駅,中島駅|港北駅|六番町駅|東海通駅|南荒子駅,1146.0,,,,tag:feature:midnight,45,+20(rental=1)|+25(ダンススタジオ),0,1
深夜利用OKのダンススタジオ 東京,条件,A,DＡNCE Studio LEON 多目的スタジオ レオン,〒160-0022 東京都新宿区新宿５丁目１７-６ 201,,0,新宿,新宿|西新宿|高田馬場|新大久保,新宿駅,新宿駅|西武新宿駅|新大久保駅,557.0,,,,tag:feature:midnight,20,+20(rental=1),0,1
深夜利用OKのダンススタジオ 東京,条件,A,レンタルスタジオ・ラカーサミア（カガダンサーズサポート）,〒980-0804 宮城県仙台市青葉区大町２丁目１０-２４ La casa mia ビル ２Ｆ,,0,その他,その他,大町西公園駅,大町西公園駅|国際センター駅|青葉通一番町駅|勾当台公園駅|広瀬通駅|川内駅|あおば通駅|北四番丁駅|仙台駅|五橋駅,132.0,,,,tag:feature:midnight,50,+20(rental=1)|+30(レンタルスタジオ),0,1
深夜利用OKのダンススタジオ 東京,条件,A,DANCE STUDIO NEO,〒444-0009 愛知県岡崎市小呂町２丁目７０,,0,その他,その他,東岡崎駅,東岡崎駅,1969.0,,,,tag:feature:midnight,45,+20(rental=1)|+25(ダンススタジオ),0,1
深夜利用OKのダンススタジオ 東京,条件,A,DANCE WORKS,〒150-0032 東京都渋谷区鶯谷町７-１０ ＮＭＤビル 2F-6F,,0,渋谷,渋谷|恵比寿|代官山|原宿,渋谷駅,渋谷駅|恵比寿駅,447.0,,,,tag:feature:midnight,20,+20(rental=1),0,1
深夜利用OKのダンススタジオ 東京,条件,A,池ノ上道場 / 池ノ上スタジオ Ikenoue-dojo/Ikenoue studio,〒155-0032 東京都世田谷区代沢２丁目４８-２１ ２階,,0,下北沢,下北沢|三軒茶屋|二子玉川|自由が丘,下北沢駅,下北沢駅,520.0,,,,tag:feature:midnight,20,+20(rental=1),0,1
深夜利用OKのダンススタジオ 東京,条件,A,Dance zone RESPECT,〒435-0008 静岡県浜松市中央区松小池町４５５-１,,0,銀座,銀座|日本橋|八丁堀|月島,なし,,,,,,tag:feature:midnight,20,+20(rental=1),0,1
深夜利用OKのダンススタジオ 東京,条件,A,DANCE&RENTAL STUDIO ONEWAY,"パークサイド村本ビル 1F, １丁目-１-２７ 泉 東区 名古屋市 愛知県 461-0001",,0,その他,その他,久屋大通駅,久屋大通駅|名古屋城駅|高岳駅|栄町駅|東大手駅|栄駅|丸の内駅|清水駅|新栄町駅|伏見駅,403.0,,,,tag:feature:midnight,50,+20(rental=1)|+30(レンタルスタジオ),0,1
深夜利用OKのダンススタジオ 東京,条件,A,Dancing Appaloosa ダンシング アパルーサ,〒152-0004 東京都目黒区鷹番３丁目４-１９ 江連ビル 3階 イズミダンススクール内,,0,中目黒,中目黒,学芸大学駅,学芸大学駅,53.0,,,,tag:feature:midnight,20,+20(rental=1),0,1
深夜利用OKのダンススタジオ 東京,条件,A,蒲田・矢口渡レンタルスタジオ momobana,〒146-0095 東京都大田区多摩川１丁目１８-１ 2階,,0,蒲田,蒲田,矢口渡駅,矢口渡駅|武蔵新田駅|蓮沼駅|池上駅|千鳥町駅|下丸子駅|蒲田駅,308.0,,,,tag:feature:midnight,50,+20(rental=1)|+30(レンタルスタジオ),0,1
深夜利用OKのダンススタジオ 東京,条件,A,DAYS赤坂見附,〒107-0052 東京都港区赤坂３丁目９-１ 紀陽 ビル,,0,六本木,六本木|赤坂|麻布|新橋,赤坂駅,赤坂駅,433.0,,,,tag:feature:midnight,20,+20(rental=1),0,1
深夜利用OKのダンススタジオ 東京,条件,A,レンタルスタジオ N.studio,〒146-0091 東京都大田区鵜の木２丁目５-１ イーグル鵜の木,,0,蒲田,蒲田,鵜の木駅,鵜の木駅|下丸子駅|久が原駅|千鳥町駅|沼部駅|御嶽山駅|向河原駅|武蔵新田駅|新丸子駅|平間駅,53.0,,,,tag:feature:midnight,50,+20(rental=1)|+30(レンタルスタジオ),0,1
深夜利用OKのダンススタジオ 東京,条件,A,DCNスタジオ,〒104-0052 東京都中央区月島１丁目１４-７ 旭倉庫内,,0,銀座,銀座|日本橋|八丁堀|月島,月島駅,月島駅|築地駅|新富町駅|勝どき駅|越中島駅|八丁堀駅|築地市場駅|宝町駅|東銀座駅|門前仲町駅,343.0,,,,tag:feature:midnight,40,+20(rental=1)|+20(web),0,1
深夜利用OKのダンススタジオ 東京,条件,A,dスタ（レンタルスタジオ）,〒107-0062 東京都港区南青山２丁目２４-１５ 青山タワービル 15F,,0,六本木,六本木|赤坂|麻布|新橋,外苑前駅,外苑前駅|青山一丁目駅|表参道駅,68.0,,,,tag:feature:midnight,50,+20(rental=1)|+30(レンタルスタジオ),0,1
深夜利用OKのダンススタジオ 東京,条件,A,EMI HULA STUDIO,〒134-0013 東京都江戸川区江戸川６丁目,,0,西葛西,西葛西,一之江駅,一之江駅|船堀駅|瑞江駅,989.0,,,,tag:feature:midnight,20,+20(rental=1),0,1
深夜利用OKのダンススタジオ 東京,条件,A,EMI HULA STUDIO,,,0,その他,その他,なし,,,,,,tag:feature:midnight,20,+20(rental=1),0,1
深夜利用OKのダンススタジオ 東京,条件,A,emotionS Dance Studio,〒180-0006 東京都武蔵野市中町１丁目２５-１０ 三祐ビル B1F,,0,吉祥寺,吉祥寺,三鷹駅,三鷹駅,220.0,,,,tag:feature:midnight,45,+20(rental=1)|+25(ダンススタジオ),0,1
深夜利用OKのダンススタジオ 東京,条件,A,ENERGY DANCE STUDIO,〒354-0018 埼玉県富士見市西みずほ台１丁目２２-１１ テル・ビル 1F,,0,その他,その他,みずほ台駅,みずほ台駅|鶴瀬駅|柳瀬川駅,303.0,,,,tag:feature:midnight,45,+20(rental=1)|+25(ダンススタジオ),0,1
深夜利用OKのダンススタジオ 東京,条件,A,Estudio ILIA FLAMENCA,〒101-0051 東京都千代田区神田神保町１丁目２５-４ 神保町ビル B1 SH神田南,,0,秋葉原,秋葉原,神保町駅,神保町駅|新御茶ノ水駅|竹橋駅|小川町駅|御茶ノ水駅|九段下駅|神田駅|水道橋駅|大手町駅|岩本町駅,281.0,,,,tag:feature:midnight,20,+20(rental=1),0,1
深夜利用OKのダンススタジオ 東京,条件,A,ETERNAL DANCE STUDIO,〒197-0022 東京都福生市本町１４２ ２Ｆ,,0,福生,福生,福生駅,福生駅|東福生駅|牛浜駅|熊川駅,105.0,,,,tag:feature:midnight,45,+20(rental=1)|+25(ダンススタジオ),0,1
深夜利用OKのダンススタジオ 東京,条件,A,EXスタジオ麹町,〒102-0083 東京都千代田区麹町２丁目２-４ 麹町セントラルビル 5階,,0,秋葉原,秋葉原,半蔵門駅,半蔵門駅|麹町駅|永田町駅|市ケ谷駅|赤坂見附駅|四ツ谷駅|国会議事堂前駅|溜池山王駅|赤坂駅|九段下駅,105.0,,,,tag:feature:midnight,20,+20(rental=1),0,1
深夜利用OKのダンススタジオ 東京,条件,A,EyeCandyポールダンス秋葉原スタジオ,〒101-0021 東京都千代田区外神田２丁目１-１３,,0,秋葉原,秋葉原,秋葉原駅,秋葉原駅,544.0,,,,tag:feature:midnight,20,+20(rental=1),0,1
深夜利用OKのダンススタジオ 東京,条件,A,F1 STUDIO,〒136-0082 東京都江東区新木場１丁目３-１３,,0,豊洲,豊洲,新木場駅,新木場駅|辰巳駅|潮見駅|東雲駅,259.0,,,,tag:feature:midnight,20,+20(rental=1),0,1
深夜利用OKのダンススタジオ 東京,条件,A,FACTORYカレッタスタジオ,〒105-7001 東京都港区東新橋１丁目８-１ B2 カレッタスタジオ,,0,六本木,六本木|赤坂|麻布|新橋,新橋駅,新橋駅|有楽町駅|浜松町駅,354.0,,,,tag:feature:midnight,20,+20(rental=1),0,1
深夜利用OKのダンススタジオ 東京,条件,A,FANTASY DANCE SCHOOL 八王子店,〒192-0904 東京都八王子市子安町１丁目２６-１４ 26-14 301,,0,八王子,八王子,八王子駅,八王子駅,389.0,,,,tag:feature:midnight,20,+20(rental=1),0,1
深夜利用OKのダンススタジオ 東京,条件,A,TONIC DANCE STUDIO 吉祥寺,〒180-0002 東京都武蔵野市吉祥寺東町１丁目１０-２１ 地下1階 西郊ビル,,0,吉祥寺,吉祥寺,吉祥寺駅,吉祥寺駅,393.0,,,,tag:feature:midnight,45,+20(rental=1)|+25(ダンススタジオ),0,1
深夜利用OKのダンススタジオ 東京,条件,A,LIMITED Creaation. dance studio,〒180-0004 東京都武蔵野市１丁目２４-７ 吉祥寺光ビル 6F 吉祥寺,,0,吉祥寺,吉祥寺,吉祥寺駅,吉祥寺駅,146.0,,,,tag:feature:midnight,45,+20(rental=1)|+25(ダンススタジオ),0,1
深夜利用OKのダンススタジオ 東京,条件,A,レンタルスタジオ吉祥寺OLI（オリ）,〒180-0003 東京都武蔵野市吉祥寺南町２丁目２０-１ 吉祥寺オリンピックマンション B8,,0,吉祥寺,吉祥寺,吉祥寺駅,吉祥寺駅,475.0,,,,tag:feature:midnight,70,+20(rental=1)|+30(レンタルスタジオ)|+20(web),0,1
深夜利用OKのダンススタジオ 東京,条件,A,ノアスタジオ 吉祥寺店,〒180-0004 東京都武蔵野市吉祥寺本町２丁目１６-１２ B１F,,0,吉祥寺,吉祥寺,吉祥寺駅,吉祥寺駅,406.0,,,,tag:feature:midnight,20,+20(rental=1),0,1
深夜利用OKのダンススタジオ 東京,条件,A,吉祥寺 レンタルスタジオ さんだる倶楽部,〒180-0003 東京都武蔵野市吉祥寺南町１丁目３０-１ パークヴィラ吉祥寺２階,,0,吉祥寺,吉祥寺,吉祥寺駅,吉祥寺駅,395.0,,,,tag:feature:midnight,50,+20(rental=1)|+30(レンタルスタジオ),0,1
深夜利用OKのダンススタジオ 東京,条件,A,FIVE O DANCE STUDIO 狛江（ファイブオーダンススタジオ）,〒201-0014 東京都狛江市東和泉１丁目２０-１ 第三登戸ビル,,0,狛江,狛江,狛江駅,狛江駅|和泉多摩川駅|喜多見駅|登戸駅|宿河原駅,76.0,,,,tag:feature:midnight,45,+20(rental=1)|+25(ダンススタジオ),0,1
深夜利用OKのダンススタジオ 東京,条件,A,レンタルスタジオOLI（オリ） 三鷹 ［定員30名 教室レッスン、スポットレンタルできます］,〒180-0013 東京都武蔵野市西久保２丁目１-１０ Ｙ’Ｓビル B１ ワイズビル,,0,吉祥寺,吉祥寺,三鷹駅,三鷹駅,628.0,,,,tag:feature:midnight,30,+20(rental=1)|+30(レンタルスタジオ)|+20(web)|-40(教室),0,1
深夜利用OKのダンススタジオ 東京,条件,A,FIVE O DANCE STUDIO 二子玉川,〒157-0077 東京都世田谷区鎌田２丁目２５-９,,0,下北沢,下北沢|三軒茶屋|二子玉川|自由が丘,二子玉川駅,二子玉川駅|二子新地駅|久地駅,1762.0,,,,tag:feature:midnight,45,+20(rental=1)|+25(ダンススタジオ),0,1
深夜利用OKのダンススタジオ 東京,条件,A,FLAG POINT,〒171-0043 東京都豊島区２１ 豊島区要町1丁目21-10 三井ビル2F,,0,池袋,池袋|目白|大塚|巣鴨,要町駅,要町駅|千川駅|椎名町駅|東長崎駅|池袋駅|落合南長崎駅|大山駅|目白駅|小竹向原駅,283.0,,,,tag:feature:midnight,20,+20(rental=1),0,1
深夜利用OKのダンススタジオ 東京,条件,A,FREEDA LIFESTYLE＋,〒106-0044 東京都港区東麻布１丁目２６-８ プライム東麻布 3F,,0,六本木,六本木|赤坂|麻布|新橋,麻布十番駅,麻布十番駅|浜松町駅|田町駅,921.0,,,,tag:feature:midnight,20,+20(rental=1),0,1
深夜利用OKのダンススタジオ 東京,条件,A,FunnyTips（ファニーティップス）,〒101-0021 東京都千代田区外神田５丁目５-７ パンセ秋葉原 B1F,,0,秋葉原,秋葉原,秋葉原駅,秋葉原駅|上野駅,633.0,,,,tag:feature:midnight,20,+20(rental=1),0,1
深夜利用OKのダンススタジオ 東京,条件,A,バレエ・ダンススタジオ Lino,〒168-0082 東京都杉並区久我山５丁目７-１３ 地下1階 メリディアン,,0,高円寺,高円寺,久我山駅,久我山駅|富士見ヶ丘駅|三鷹台駅|高井戸駅|西荻窪駅|井の頭公園駅,78.0,,,,tag:feature:midnight,45,+20(rental=1)|+25(ダンススタジオ),0,1
深夜利用OKのダンススタジオ 東京,条件,A,レンタルスタジオ西荻リノ,〒167-0042 東京都杉並区西荻北２丁目３-９ グランピア西荻窪 Ｂ101,,0,高円寺,高円寺,西荻窪駅,西荻窪駅|荻窪駅|三鷹台駅|井の頭公園駅|久我山駅|吉祥寺駅,156.0,,,,tag:feature:midnight,50,+20(rental=1)|+30(レンタルスタジオ),0,1
深夜利用OKのダンススタジオ 東京,条件,A,スタジオLINOVA（リノ・バ）,〒167-0054 東京都杉並区松庵３丁目１-６ 松庵ユニオンビル B1,,0,高円寺,高円寺,西荻窪駅,西荻窪駅|三鷹台駅|久我山駅|井の頭公園駅|吉祥寺駅|富士見ヶ丘駅,552.0,,,,tag:feature:midnight,20,+20(rental=1),0,1
深夜利用OKのダンススタジオ 東京,条件,A,Gloire Ballet Studio,〒182-0022 東京都調布市国領町４丁目9-４ 九曜国領駅前ビル 4F,,0,調布,調布,調布駅,調布駅,1180.0,,,,tag:feature:midnight,20,+20(rental=1),0,1
深夜利用OKのダンススタジオ 東京,条件,A,レンタルスタジオOLI,〒166-0004 東京都杉並区阿佐谷南１丁目１５-１４ サンフェリーペ 101号室,,0,高円寺,高円寺,南阿佐ケ谷駅,南阿佐ケ谷駅|阿佐ヶ谷駅|新高円寺駅|高円寺駅|荻窪駅|東高円寺駅,144.0,,,,tag:feature:midnight,70,+20(rental=1)|+30(レンタルスタジオ)|+20(web),0,1
深夜利用OKのダンススタジオ 東京,条件,A,スタジオジパング 久我山スタジオSTANDARD,〒168-0082 東京都杉並区久我山５丁目７-１３ メリディアン B1,,0,高円寺,高円寺,久我山駅,久我山駅|富士見ヶ丘駅|三鷹台駅|高井戸駅|西荻窪駅|井の頭公園駅,83.0,,,,tag:feature:midnight,20,+20(rental=1),0,1
深夜利用OKのダンススタジオ 東京,条件,A,三鷹レンタルスタジオRin,〒181-0013 東京都三鷹市下連雀３丁目２３-１２ アージェントビル 402,,0,三鷹,三鷹,三鷹駅,三鷹駅,165.0,,,,tag:feature:midnight,50,+20(rental=1)|+30(レンタルスタジオ),0,1
深夜利用OKのダンススタジオ 東京,条件,A,grow dance studio,〒522-0043 滋賀県彦根市小泉町６２０-３,,0,その他,その他,南彦根駅,南彦根駅|彦根口駅|高宮駅,300.0,,,,tag:feature:midnight,45,+20(rental=1)|+25(ダンススタジオ),0,1
深夜利用OKのダンススタジオ 東京,条件,A,H?lau Hula Coco,〒104-0045 東京都中央区築地１丁目１２-１５ 三ツ田ビル 4F,,0,銀座,銀座|日本橋|八丁堀|月島,有楽町駅,有楽町駅|新橋駅,967.0,,,,tag:feature:midnight,20,+20(rental=1),0,1
深夜利用OKのダンススタジオ 東京,条件,A,HARA Studio,〒162-0042 東京都新宿区早稲田町７４-１４ 地下1F S.T ビル,,0,新宿,新宿|西新宿|高田馬場|新大久保,早稲田駅,早稲田駅|牛込柳町駅|若松河田駅|面影橋駅|江戸川橋駅|神楽坂駅|西早稲田駅|牛込神楽坂駅|学習院下駅|曙橋駅,80.0,,,,tag:feature:midnight,20,+20(rental=1),0,1
深夜利用OKのダンススタジオ 東京,条件,A,レンタルスタジオ、ダンススタジオ アレイティ,〒272-0132 千葉県市川市湊新田２丁目６-６ モロマンションB A棟 106号,,0,その他,その他,行徳駅,行徳駅|南行徳駅|市川塩浜駅|妙典駅,453.0,,,,tag:feature:midnight,50,+20(rental=1)|+30(レンタルスタジオ),0,1
深夜利用OKのダンススタジオ 東京,条件,A,Hidemi Dancing Vida,〒141-0021 東京都品川区上大崎２丁目１０-３２ フラワープラザビル 202,,0,品川,品川|五反田|大井町|目黒,目黒駅,目黒駅|五反田駅,198.0,,,,tag:feature:midnight,20,+20(rental=1),0,1
深夜利用OKのダンススタジオ 東京,条件,A,HuE スタジオ,〒676-0078 兵庫県高砂市伊保２丁目５-１８ ロイヤルコーポ 伊保 103,,0,その他,その他,伊保駅,伊保駅|荒井駅|山陽曽根駅,239.0,,,,tag:feature:midnight,20,+20(rental=1),0,1
深夜利用OKのダンススタジオ 東京,条件,A,Hula Studio Huali,〒984-0838 宮城県仙台市若林区上飯田１丁目１９-５０,,0,その他,その他,なし,,,,,,tag:feature:midnight,20,+20(rental=1),0,1
深夜利用OKのダンススタジオ 東京,条件,A,I.G.Oスタジオ,"4F, ３丁目-５-１ 西日暮里 荒川区 東京都 116-0013",,0,日暮里,日暮里,日暮里駅,日暮里駅,619.0,,,,tag:feature:midnight,20,+20(rental=1),0,1
深夜利用OKのダンススタジオ 東京,条件,A,"in the house / Nishiwaseda ""Street Dance Park""",〒169-0075 東京都新宿区高田馬場１丁目１-１３ ONE ROOF FLAT NISHIWASEDA B1,,0,新宿,新宿|西新宿|高田馬場|新大久保,高田馬場駅,高田馬場駅,583.0,,,,tag:feature:midnight,20,+20(rental=1),0,1
深夜利用OKのダンススタジオ 東京,条件,A,ダンススクエア 葛西スタジオ,〒134-0084 東京都江戸川区東葛西６丁目２-１０ 森ビル 7階,,0,西葛西,西葛西,葛西駅,葛西駅|西葛西駅|浦安駅,134.0,,,,tag:feature:midnight,20,+20(rental=1),0,1
深夜利用OKのダンススタジオ 東京,条件,A,スタジオジパング 錦糸町スタジオSTANDARD,〒130-0012 東京都墨田区太平３丁目１４-１０ スズキビルディング 1階,,0,錦糸町,錦糸町,錦糸町駅,錦糸町駅|押上駅,547.0,,,,tag:feature:midnight,20,+20(rental=1),0,1
深夜利用OKのダンススタジオ 東京,条件,A,Infinity Gym チアダンス・チアリーディング,〒157-0074 東京都世田谷区大蔵１丁目２-２７,,0,下北沢,下北沢|三軒茶屋|二子玉川|自由が丘,千歳船橋駅,千歳船橋駅|祖師ヶ谷大蔵駅|用賀駅,1321.0,,,,tag:feature:midnight,20,+20(rental=1),0,1
深夜利用OKのダンススタジオ 東京,条件,A,Irodori麻布十番,〒106-0045 東京都港区麻布十番１丁目５-１ ＹＫビル 4F,,0,六本木,六本木|赤坂|麻布|新橋,麻布十番駅,麻布十番駅|六本木駅,386.0,,,,tag:feature:midnight,20,+20(rental=1),0,1
深夜利用OKのダンススタジオ 東京,条件,A,IS DANCE STUDIO,"ＩＳビル 2F, ４-１１ 東田町 川崎区 川崎市 神奈川県 210-0005",,0,その他,その他,京急川崎駅,京急川崎駅|川崎駅|港町駅|八丁畷駅|川崎新町駅|六郷土手駅|小田栄駅|尻手駅|鈴木町駅|鶴見市場駅,463.0,,,,tag:feature:midnight,45,+20(rental=1)|+25(ダンススタジオ),0,1
深夜利用OKのダンススタジオ 東京,条件,A,中村隆彦ダンススタジオ浅草千束,〒111-0031 東京都台東区５ 台東区 千束 4 5 4 提柳泉ビルB1F,,0,上野,上野|浅草|御徒町|蔵前,三ノ輪駅,三ノ輪駅|南千住駅|入谷駅|荒川一中前駅|浅草駅|荒川区役所前駅|田原町駅|鶯谷駅|本所吾妻橋駅|曳舟駅,862.0,,,,tag:feature:midnight,45,+20(rental=1)|+25(ダンススタジオ),0,1
深夜利用OKのダンススタジオ 東京,条件,A,J's,〒158-0097 東京都世田谷区用賀３丁目２５-９,,0,下北沢,下北沢|三軒茶屋|二子玉川|自由が丘,用賀駅,用賀駅|桜新町駅|上町駅|世田谷駅,485.0,,,,tag:feature:midnight,20,+20(rental=1),0,1
深夜利用OKのダンススタジオ 東京,条件,A,J’Z STUDIO 千歳烏山店,〒157-0062 東京都世田谷区南烏山６丁目６-６?２ サンマルシェビルB1F,,0,下北沢,下北沢|三軒茶屋|二子玉川|自由が丘,千歳烏山駅,千歳烏山駅|芦花公園駅|八幡山駅|仙川駅|富士見ヶ丘駅,121.0,,,,tag:feature:midnight,20,+20(rental=1),0,1
深夜利用OKのダンススタジオ 東京,条件,A,ミライスタジオ上野,〒110-0003 東京都台東区根岸１丁目５-１３,,0,上野,上野|浅草|御徒町|蔵前,日暮里駅,日暮里駅|上野駅,943.0,,,,tag:feature:midnight,20,+20(rental=1),0,1
深夜利用OKのダンススタジオ 東京,条件,A,JK Studio 赤羽橋,〒106-0044 東京都港区東麻布１丁目１８-７ リヴェールハヤシ B1,,0,六本木,六本木|赤坂|麻布|新橋,麻布十番駅,麻布十番駅|田町駅,749.0,,,,tag:feature:midnight,20,+20(rental=1),0,1
深夜利用OKのダンススタジオ 東京,条件,A,JOINT STUDO Harajuku,〒150-0001 東京都渋谷区神宮前４丁目２９-９ Ondenビル B1,,0,渋谷,渋谷|恵比寿|代官山|原宿,原宿駅,原宿駅|表参道駅|外苑前駅,400.0,,,,tag:feature:midnight,20,+20(rental=1),0,1
深夜利用OKのダンススタジオ 東京,条件,A,JOYFIT24 石川台,〒145-0065 東京都大田区東雪谷２丁目５-１ 1F・2F エンゼルハイム東雪谷,,0,蒲田,蒲田,石川台駅,石川台駅|洗足池駅|雪が谷大塚駅|緑が丘駅|大岡山駅|北千束駅|奥沢駅|長原駅|御嶽山駅|田園調布駅,133.0,,,,tag:feature:midnight,20,+20(rental=1),0,1
深夜利用OKのダンススタジオ 東京,条件,A,K DANCE STUDIO 1024,〒206-0002 東京都多摩市一ノ宮１丁目２５-２ ガーデンヒルズ聖蹟桜ヶ丘 1F,,0,多摩センター,多摩センター,聖蹟桜ヶ丘駅,聖蹟桜ヶ丘駅|百草園駅|中河原駅,614.0,,,,tag:feature:midnight,45,+20(rental=1)|+25(ダンススタジオ),0,1
深夜利用OKのダンススタジオ 東京,条件,A,K-Dance Style【ケイ-ダンス スタイル】,〒174-0076 東京都板橋区上板橋２丁目８-２ WBD上板橋第3 B004,,0,成増,成増,上板橋駅,上板橋駅|東武練馬駅|ときわ台駅|氷川台駅|平和台駅,284.0,,,,tag:feature:midnight,20,+20(rental=1),0,1
深夜利用OKのダンススタジオ 東京,条件,A,K'sLinkStudio御徒町,〒110-0005 東京都台東区上野３丁目１９-４ フロンティアサカイビル 1F,,0,上野,上野|浅草|御徒町|蔵前,秋葉原駅,秋葉原駅|上野駅,803.0,,,,tag:feature:midnight,20,+20(rental=1),0,1
深夜利用OKのダンススタジオ 東京,条件,A,KAJIWARA BALLET WORKS,〒116-0011 東京都荒川区西尾久５丁目２４-１０,,0,日暮里,日暮里,荒川遊園地前駅,荒川遊園地前駅|小台駅|尾久駅|荒川車庫前駅|宮ノ前駅|梶原駅|熊野前駅|上中里駅|赤土小学校前駅|足立小台駅,161.0,,,,tag:feature:midnight,20,+20(rental=1),0,1
深夜利用OKのダンススタジオ 東京,条件,A,KaQiLa～カキラ～スタジオ／株式会社キッズ・カンパニー,〒106-0032 東京都港区六本木２丁目４-９ アソルティー六本木一丁目６Ｆ,,0,六本木,六本木|赤坂|麻布|新橋,六本木駅,六本木駅|赤坂駅,566.0,,,,tag:feature:midnight,20,+20(rental=1),0,1
深夜利用OKのダンススタジオ 東京,条件,A,KBAバレエスタジオ御茶ノ水,〒113-0034 東京都文京区湯島１丁目１２-６ 地下1F 高関ビル,,0,後楽園,後楽園,秋葉原駅,秋葉原駅,763.0,,,,tag:feature:midnight,20,+20(rental=1),0,1
深夜利用OKのダンススタジオ 東京,条件,A,スタジオ アーキタンツ architanz,〒105-0023 東京都港区芝浦１丁目１３-１０,,0,六本木,六本木|赤坂|麻布|新橋,田町駅,田町駅|浜松町駅,548.0,,,,tag:feature:midnight,20,+20(rental=1),0,1
深夜利用OKのダンススタジオ 東京,条件,A,KM Dance Arts,〒102-0076 東京都千代田区五番町５-１８ 地下1階,,0,秋葉原,秋葉原,市ケ谷駅,市ケ谷駅|麹町駅|四ツ谷駅|半蔵門駅|牛込神楽坂駅|曙橋駅|永田町駅|四谷三丁目駅|牛込柳町駅|赤坂見附駅,111.0,,,,tag:feature:midnight,20,+20(rental=1),0,1
深夜利用OKのダンススタジオ 東京,条件,A,江戸川区キッズアクション,〒133-0051 東京都江戸川区北小岩１丁目１７-１ 小岩アーバンプラザ,,0,西葛西,西葛西,江戸川駅,江戸川駅|国府台駅|小岩駅|京成小岩駅|市川駅|市川真間駅,389.0,,,,tag:feature:midnight,20,+20(rental=1),0,1
深夜利用OKのダンススタジオ 東京,条件,A,ダンススクエア 浦安スタジオ,〒279-0002 千葉県浦安市北栄１丁目１-１５ 3階,,0,その他,その他,浦安駅,浦安駅|南行徳駅,195.0,,,,tag:feature:midnight,20,+20(rental=1),0,1
深夜利用OKのダンススタジオ 東京,条件,A,ＫＳＣダンススタジオ,〒211-0024 神奈川県川崎市中原区西加瀬１８-６ ＫＳＣハイツ,,0,その他,その他,元住吉駅,元住吉駅|日吉駅|平間駅|新川崎駅|鹿島田駅|向河原駅,842.0,,,,tag:feature:midnight,45,+20(rental=1)|+25(ダンススタジオ),0,1
深夜利用OKのダンススタジオ 東京,条件,A,ＫＴスタジオ,〒110-0012 東京都台東区竜泉３丁目６-４ あらきビル,,0,上野,上野|浅草|御徒町|蔵前,三ノ輪駅,三ノ輪駅|入谷駅|荒川一中前駅|南千住駅|荒川区役所前駅|鶯谷駅|田原町駅|荒川二丁目駅|浅草駅|三河島駅,551.0,,,,tag:feature:midnight,20,+20(rental=1),0,1
深夜利用OKのダンススタジオ 東京,条件,A,Lanikai Dance Studio,〒134-0083 東京都江戸川区中葛西５丁目２０-１９ ローヤルマンション葛西 1階,,0,西葛西,西葛西,葛西駅,葛西駅|西葛西駅,234.0,,,,tag:feature:midnight,45,+20(rental=1)|+25(ダンススタジオ),0,1
深夜利用OKのダンススタジオ 東京,条件,A,Las Danzas in Tokyo,〒162-0065 東京都新宿区住吉町 １-１８TVB曙橋ビル3階,,0,新宿,新宿|西新宿|高田馬場|新大久保,曙橋駅,曙橋駅|四谷三丁目駅|牛込柳町駅|若松河田駅|四ツ谷駅|市ケ谷駅|新宿御苑前駅|信濃町駅|牛込神楽坂駅|早稲田駅,36.0,,,,tag:feature:midnight,20,+20(rental=1),0,1
深夜利用OKのダンススタジオ 東京,条件,A,ソニズダンススタジオ茗荷谷店,〒112-0006 東京都文京区小日向４丁目６-１９ 共立会館ビル B1階,,0,後楽園,後楽園,茗荷谷駅,茗荷谷駅|護国寺駅|江戸川橋駅|新大塚駅|千石駅|白山駅|神楽坂駅|後楽園駅|本駒込駅|向原駅,42.0,,,,tag:feature:midnight,45,+20(rental=1)|+25(ダンススタジオ),0,1
深夜利用OKのダンススタジオ 東京,条件,A,Letmedanceダンススタジオ 橋本南口本校,〒252-0143 神奈川県相模原市緑区橋本２丁目１０-１７,,0,その他,その他,橋本駅,橋本駅|相原駅,437.0,,,,tag:feature:midnight,45,+20(rental=1)|+25(ダンススタジオ),0,1
深夜利用OKのダンススタジオ 東京,条件,A,Letmedanceダンススタジオ 橋本北口校,〒252-0143 神奈川県相模原市緑区橋本３丁目３-１ ＳＩＮＧ橋本 2F,,0,その他,その他,橋本駅,橋本駅|南橋本駅|多摩境駅,324.0,,,,tag:feature:midnight,45,+20(rental=1)|+25(ダンススタジオ),0,1
深夜利用OKのダンススタジオ 東京,条件,A,BUZZ レンタルスタジオ 上野店,〒110-0003 東京都台東区根岸３丁目６-３ 小林ビル 地下1階,,0,上野,上野|浅草|御徒町|蔵前,上野駅,上野駅|日暮里駅,975.0,,,,tag:feature:midnight,50,+20(rental=1)|+30(レンタルスタジオ),0,1
深夜利用OKのダンススタジオ 東京,条件,A,LOICX DANCE STUDIO,〒460-0002 愛知県名古屋市中区丸の内３丁目２０-９,,0,その他,その他,久屋大通駅,久屋大通駅|栄町駅|栄駅|名古屋城駅|丸の内駅|高岳駅|伏見駅|東大手駅|矢場町駅|新栄町駅,173.0,,,,tag:feature:midnight,45,+20(rental=1)|+25(ダンススタジオ),0,1
深夜利用OKのダンススタジオ 東京,条件,A,ソニズレンタルスタジオ方南町店,〒168-0063 東京都杉並区和泉４丁目５１-１４,,0,高円寺,高円寺,方南町駅,方南町駅|中野富士見町駅|代田橋駅|笹塚駅|永福町駅|東高円寺駅|明大前駅|新高円寺駅|中野新橋駅|幡ヶ谷駅,103.0,,,,tag:feature:midnight,50,+20(rental=1)|+30(レンタルスタジオ),0,1
深夜利用OKのダンススタジオ 東京,条件,A,ソニズレンタルスタジオ新中野鍋横第2店,〒164-0012 東京都中野区本町４丁目３０-１１ アーク新中野 B1,,0,中野,中野,中野駅,中野駅,1155.0,,,,tag:feature:midnight,50,+20(rental=1)|+30(レンタルスタジオ),0,1
深夜利用OKのダンススタジオ 東京,条件,A,スペーススタジオ - Fresh!Studio,〒162-0041 東京都新宿区早稲田鶴巻町５７４ ＭＢＳ江戸川橋ビル 5階,,0,新宿,新宿|西新宿|高田馬場|新大久保,江戸川橋駅,江戸川橋駅|早稲田駅|神楽坂駅|護国寺駅|牛込柳町駅|牛込神楽坂駅|茗荷谷駅|面影橋駅|若松河田駅|学習院下駅,492.0,,,,tag:feature:midnight,20,+20(rental=1),0,1
深夜利用OKのダンススタジオ 東京,条件,A,ライトハウス神田,〒103-0021 東京都中央区日本橋本石町４丁目５-８,,0,銀座,銀座|日本橋|八丁堀|月島,東京駅,東京駅|秋葉原駅,948.0,,,,tag:feature:midnight,20,+20(rental=1),0,1
深夜利用OKのダンススタジオ 東京,条件,A,東京音楽堂 日本橋 ピアノサロン,〒103-0024 東京都中央区日本橋小舟町３-１２ 日本橋GRIT 6階,,0,銀座,銀座|日本橋|八丁堀|月島,東京駅,東京駅,1145.0,,,,tag:feature:midnight,20,+20(rental=1),0,1
深夜利用OKのダンススタジオ 東京,条件,A,東京音楽堂 日本橋 ピアノホール,〒103-0024 東京都中央区日本橋小舟町３-１２ 日本橋GRIT 地下1階,,0,銀座,銀座|日本橋|八丁堀|月島,東京駅,東京駅,1144.0,,,,tag:feature:midnight,20,+20(rental=1),0,1
深夜利用OKのダンススタジオ 東京,条件,A,Dance studio LOOP,〒321-0203 栃木県下都賀郡壬生町幸町２丁目２-４ 草竹ビル 2階,,0,その他,その他,おもちゃのまち駅,おもちゃのまち駅|国谷駅,98.0,,,,tag:feature:midnight,45,+20(rental=1)|+25(ダンススタジオ),0,1
深夜利用OKのダンススタジオ 東京,条件,A,BUZZ YOKOHAMA,〒221-0835 神奈川県横浜市神奈川区鶴屋町１丁目2-１ INUYAMA BUILD地下1階,,0,その他,その他,神奈川駅,神奈川駅|横浜駅|反町駅|新高島駅|三ッ沢下町駅|東神奈川駅|京急東神奈川駅|高島町駅|平沼橋駅|戸部駅,270.0,,,,tag:feature:midnight,20,+20(rental=1),0,1
深夜利用OKのダンススタジオ 東京,条件,A,M Ballet Studio,〒192-0902 東京都八王子市上野町１７-５ SKダンススタジオ 内,,0,八王子,八王子,八王子駅,八王子駅,927.0,,,,tag:feature:midnight,20,+20(rental=1),0,1
深夜利用OKのダンススタジオ 東京,条件,A,BUZZ レンタルスタジオ浦和店,〒330-0063 埼玉県さいたま市浦和区高砂２丁目６-１３ あずさビル B1,,0,その他,その他,浦和駅,浦和駅|武蔵浦和駅|中浦和駅|北浦和駅|南浦和駅,277.0,,,,tag:feature:midnight,50,+20(rental=1)|+30(レンタルスタジオ),0,1
深夜利用OKのダンススタジオ 東京,条件,A,FEELCYCLE 六本木,〒106-0032 東京都港区六本木６丁目４-１ ヒルズ ハリウッドプラザ 3F,,0,六本木,六本木|赤坂|麻布|新橋,六本木駅,六本木駅|麻布十番駅,198.0,,,,tag:feature:midnight,20,+20(rental=1),0,1
深夜利用OKのダンススタジオ 東京,条件,A,ダンススタジオ・ポップコーン,〒104-0041 東京都中央区新富２丁目４-６ アーベイン三井 8F,,0,銀座,銀座|日本橋|八丁堀|月島,有楽町駅,有楽町駅,986.0,,,,tag:feature:midnight,45,+20(rental=1)|+25(ダンススタジオ),0,1
深夜利用OKのダンススタジオ 東京,条件,A,Ｍ＆Ｓダンススタジオ,〒151-0051 東京都渋谷区千駄ケ谷５丁目１１-１３ 俳協ビル B1,,0,渋谷,渋谷|恵比寿|代官山|原宿,代々木駅,代々木駅|新宿駅,374.0,,,,tag:feature:midnight,45,+20(rental=1)|+25(ダンススタジオ),0,1
深夜利用OKのダンススタジオ 東京,条件,A,studio RADA,〒103-0022 東京都中央区日本橋室町１丁目１-５,,0,銀座,銀座|日本橋|八丁堀|月島,東京駅,東京駅,700.0,,,,tag:feature:midnight,20,+20(rental=1),0,1
深夜利用OKのダンススタジオ 東京,条件,A,magari 中野坂上スタジオ,〒164-0011 東京都中野区中央１丁目１-３ 新都心中央ビル B1,,0,中野,中野,中野坂上駅,中野坂上駅|西新宿駅|西新宿五丁目駅（清水橋）|都庁前駅|大久保駅|東中野駅|新宿西口駅|中野新橋駅|西武新宿駅|新大久保駅,406.0,,,,tag:feature:midnight,20,+20(rental=1),0,1
深夜利用OKのダンススタジオ 東京,条件,A,銀座スタジオ ルアン,〒104-0061 東京都中央区銀座８丁目１０-２ ルアンビル 11階,,0,銀座,銀座|日本橋|八丁堀|月島,新橋駅,新橋駅|有楽町駅,422.0,,,,tag:feature:midnight,40,+20(rental=1)|+20(web),0,1
深夜利用OKのダンススタジオ 東京,条件,A,MAR'ｓ DANCE SCHOOL,〒121-0823 東京都足立区伊興３丁目１８-１９ ＮＹビル 1F,,0,北千住,北千住,竹ノ塚駅,竹ノ塚駅|舎人公園駅|谷在家駅|大師前駅|舎人駅,293.0,,,,tag:feature:midnight,20,+20(rental=1),0,1
深夜利用OKのダンススタジオ 東京,条件,A,Studio GENIE,〒124-0012 東京都葛飾区立石６丁目１-６,,0,新小岩,新小岩,京成立石駅,京成立石駅|青砥駅|お花茶屋駅|四ツ木駅|京成高砂駅,469.0,,,,tag:feature:midnight,20,+20(rental=1),0,1
深夜利用OKのダンススタジオ 東京,条件,A,㈱インフォレント,〒111-0053 東京都台東区浅草橋５丁目３-２ 秋葉原スクエアビル,,0,上野,上野|浅草|御徒町|蔵前,秋葉原駅,秋葉原駅|蔵前駅,610.0,,,,tag:feature:midnight,20,+20(rental=1),0,1
深夜利用OKのダンススタジオ 東京,条件,A,MCSpace,〒167-0053 東京都杉並区西荻南２丁目２５-６ 西荻プラザビル B1F,,0,高円寺,高円寺,西荻窪駅,西荻窪駅|三鷹台駅|久我山駅|井の頭公園駅|荻窪駅|吉祥寺駅|富士見ヶ丘駅,275.0,,,,tag:feature:midnight,20,+20(rental=1),0,1
深夜利用OKのダンススタジオ 東京,条件,A,レンタルスタジオ新富町 ?Danzatakara. Studio?,"Shintomi 2-1-7, Fujichuo building B1, 中央区 東京都 140-0041",,0,銀座,銀座|日本橋|八丁堀|月島,有楽町駅,有楽町駅|東京駅,891.0,,,,tag:feature:midnight,50,+20(rental=1)|+30(レンタルスタジオ),0,1
深夜利用OKのダンススタジオ 東京,条件,A,mikaバレエスタジオ,〒176-0011 東京都練馬区豊玉上２丁目２０-４ 石原ビル,,0,練馬,練馬,桜台駅,桜台駅|練馬駅|新桜台駅|新江古田駅|江古田駅|豊島園駅|氷川台駅|小竹向原駅,176.0,,,,tag:feature:midnight,20,+20(rental=1),0,1
深夜利用OKのダンススタジオ 東京,条件,A,Mita Dance Factory 芝スタジオ,"セレブ 釉 芝公園 1F, ２丁目-１６-１１ 芝 港区 東京都 105-0014",,0,六本木,六本木|赤坂|麻布|新橋,浜松町駅,浜松町駅|田町駅,632.0,,,,tag:feature:midnight,20,+20(rental=1),0,1
深夜利用OKのダンススタジオ 東京,条件,A,MIZUE Ballet School,〒179-0076 東京都練馬区土支田１丁目２８-１４ ３F,,0,練馬,練馬,光が丘駅,光が丘駅|地下鉄成増駅|成増駅,1144.0,,,,tag:feature:midnight,20,+20(rental=1),0,1
深夜利用OKのダンススタジオ 東京,条件,A,MKH dance fit studio,〒279-0001 千葉県浦安市当代島１丁目１６-１９ 大塚ビル 3階,,0,その他,その他,浦安駅,浦安駅|南行徳駅|葛西駅,155.0,,,,tag:feature:midnight,20,+20(rental=1),0,1
深夜利用OKのダンススタジオ 東京,条件,A,Musa studio《自由が丘レンタルスタジオ》,〒152-0034 東京都目黒区緑が丘２丁目１９-１１,,0,中目黒,中目黒,自由が丘駅,自由が丘駅,531.0,,,,tag:feature:midnight,50,+20(rental=1)|+30(レンタルスタジオ),0,1
深夜利用OKのダンススタジオ 東京,条件,A,Muuta Dance Studio,〒669-1535 兵庫県三田市南が丘２丁目１４-３４,,0,その他,その他,横山駅,横山駅|三田本町駅|フラワータウン駅|神鉄道場駅|三田駅,445.0,,,,tag:feature:midnight,45,+20(rental=1)|+25(ダンススタジオ),0,1
深夜利用OKのダンススタジオ 東京,条件,A,NANSO STUDIO,〒298-0133 千葉県いすみ市引田１１８,,0,その他,その他,国吉駅,国吉駅|上総中川駅,1428.0,,,,tag:feature:midnight,20,+20(rental=1),0,1
深夜利用OKのダンススタジオ 東京,条件,A,FINEDAY浜松町,〒105-0012 東京都港区芝大門１丁目２-２２ 2F(200 パレステュディオ芝大門,,0,六本木,六本木|赤坂|麻布|新橋,浜松町駅,浜松町駅|新橋駅,520.0,,,,tag:feature:midnight,40,+20(rental=1)|+20(web),0,1
深夜利用OKのダンススタジオ 東京,条件,A,Nari Gym (ナリジム),〒107-0052 東京都港区赤坂３丁目14番9号 赤坂清水ビル 2F,,0,六本木,六本木|赤坂|麻布|新橋,赤坂駅,赤坂駅|青山一丁目駅,48.0,,,,tag:feature:midnight,20,+20(rental=1),0,1
深夜利用OKのダンススタジオ 東京,条件,A,NATURAglam 経堂スタジオ,〒156-0052 東京都世田谷区経堂１丁目２５-１８ 吉川水産ビル3階,,0,下北沢,下北沢|三軒茶屋|二子玉川|自由が丘,経堂駅,経堂駅|宮の坂駅|山下駅|上町駅|千歳船橋駅|豪徳寺駅|松原駅|世田谷駅|梅ヶ丘駅|松陰神社前駅,268.0,,,,tag:feature:midnight,20,+20(rental=1),0,1
深夜利用OKのダンススタジオ 東京,条件,A,NATURAglam 高円寺スタジオ,〒166-0003 東京都杉並区４５ 高円寺南４丁目４５-２ メインロードビル3階,,0,高円寺,高円寺,高円寺駅,高円寺駅|新高円寺駅|東高円寺駅|阿佐ヶ谷駅|中野駅|南阿佐ケ谷駅|野方駅|新中野駅,100.0,,,,tag:feature:midnight,20,+20(rental=1),0,1
深夜利用OKのダンススタジオ 東京,条件,A,New York yuka's Dance Center,〒146-0084 東京都大田区南久が原２丁目１１-８,,0,蒲田,蒲田,久が原駅,久が原駅|鵜の木駅|御嶽山駅|千鳥町駅|下丸子駅|沼部駅|武蔵新田駅|雪が谷大塚駅|池上駅|向河原駅,108.0,,,,tag:feature:midnight,20,+20(rental=1),0,1
深夜利用OKのダンススタジオ 東京,条件,A,NML dance studio,〒189-0014 東京都東村山市本町２丁目21-３ 1F,,0,東村山,東村山,東村山駅,東村山駅|久米川駅|八坂駅|西武園駅,281.0,,,,tag:feature:midnight,45,+20(rental=1)|+25(ダンススタジオ),0,1
深夜利用OKのダンススタジオ 東京,条件,A,NML dance studioふじみ野校,〒354-0036 埼玉県富士見市ふじみ野東２丁目１-１ グリーンテラスふじみ野 2F,,0,その他,その他,ふじみ野駅,ふじみ野駅|上福岡駅,144.0,,,,tag:feature:midnight,45,+20(rental=1)|+25(ダンススタジオ),0,1
深夜利用OKのダンススタジオ 東京,条件,A,NSH MAJOR RENTAL STUDIO,〒153-0051 東京都目黒区上目黒３丁目６-１８ TYビル9階 Tyビル,,0,中目黒,中目黒,中目黒駅,中目黒駅|代官山駅|祐天寺駅|恵比寿駅|池尻大橋駅|神泉駅|渋谷駅|学芸大学駅|目黒駅,205.0,,,,tag:feature:midnight,50,+20(rental=1)|+30(レンタルスタジオ),0,1
深夜利用OKのダンススタジオ 東京,条件,A,ＯＤＦ 大治レンタルダンスフロア,〒490-1142 愛知県海部郡大治町三本木金久７０,,0,その他,その他,なし,,,,,,tag:feature:midnight,20,+20(rental=1),0,1
深夜利用OKのダンススタジオ 東京,条件,A,okayレンタルスタジオ(ダンス、楽器練習スタジオ),〒761-1703 香川県高松市香川町浅野69-２,,0,その他,その他,空港通り駅,空港通り駅|仏生山駅,1231.0,,,,tag:feature:midnight,70,+20(rental=1)|+30(レンタルスタジオ)|+20(web),0,1
深夜利用OKのダンススタジオ 東京,条件,A,OnePlace Dance Studio,〒111-0053 東京都台東区浅草橋３丁目１９-２ 地下1階 冨士ビル,,0,上野,上野|浅草|御徒町|蔵前,蔵前駅,蔵前駅,600.0,,,,tag:feature:midnight,45,+20(rental=1)|+25(ダンススタジオ),0,1
深夜利用OKのダンススタジオ 東京,条件,A,ENJOINT DANCE CLUB中目黒,〒153-0051 東京都目黒区上目黒１丁目５-１０ 中目黒マンション B1,,0,中目黒,中目黒,恵比寿駅,恵比寿駅,888.0,,,,tag:feature:midnight,20,+20(rental=1),0,1
深夜利用OKのダンススタジオ 東京,条件,A,Pole and Aerial Studio POLISH中目黒,〒153-0051 東京都目黒区上目黒１丁目６-５ 3 階,,0,中目黒,中目黒,恵比寿駅,恵比寿駅,874.0,,,,tag:feature:midnight,20,+20(rental=1),0,1
深夜利用OKのダンススタジオ 東京,条件,A,PLUS DANCE STUDIO,〒169-0075 東京都新宿区高田馬場４丁目１４-４,,0,新宿,新宿|西新宿|高田馬場|新大久保,高田馬場駅,高田馬場駅,267.0,,,,tag:feature:midnight,45,+20(rental=1)|+25(ダンススタジオ),0,1
深夜利用OKのダンススタジオ 東京,条件,A,Pole and Aerial Studio Polish 銀座店,〒104-0061 東京都中央区銀座７丁目８-１３ Brown Place 3階,,0,銀座,銀座|日本橋|八丁堀|月島,新橋駅,新橋駅|有楽町駅,428.0,,,,tag:feature:midnight,20,+20(rental=1),0,1
深夜利用OKのダンススタジオ 東京,条件,A,Pole and Aerial Studio POLISH五反田,〒141-0031 東京都品川区西五反田１丁目５-２ トラヤビル 7階,,0,品川,品川|五反田|大井町|目黒,五反田駅,五反田駅|大崎駅|目黒駅,112.0,,,,tag:feature:midnight,20,+20(rental=1),0,1
深夜利用OKのダンススタジオ 東京,条件,A,Pole and Aerial Studio POLISH六本木,〒106-0032 東京都港区六本木７丁目１２-３,,0,六本木,六本木|赤坂|麻布|新橋,六本木駅,六本木駅|青山一丁目駅|麻布十番駅,187.0,,,,tag:feature:midnight,20,+20(rental=1),0,1
深夜利用OKのダンススタジオ 東京,条件,A,Pole Dance Tokyo ポールダンス東京,〒107-0052 東京都港区赤坂３丁目１６-８ 東海アネックスビルB1,,0,六本木,六本木|赤坂|麻布|新橋,赤坂駅,赤坂駅|青山一丁目駅,150.0,,,,tag:feature:midnight,20,+20(rental=1),0,1
深夜利用OKのダンススタジオ 東京,条件,A,STUDIO A1-04（レンタルスタジオ）,〒150-0021 東京都渋谷区恵比寿西１丁目１４-３ 満栄佐藤ビル 2階 202号室,,0,渋谷,渋谷|恵比寿|代官山|原宿,恵比寿駅,恵比寿駅,232.0,,,,tag:feature:midnight,50,+20(rental=1)|+30(レンタルスタジオ),0,1
深夜利用OKのダンススタジオ 東京,条件,A,Brighton Studio Daikanyama,〒150-0032 東京都渋谷区鶯谷町１-２ PAL bldg 3F&RF,,0,渋谷,渋谷|恵比寿|代官山|原宿,渋谷駅,渋谷駅|恵比寿駅,569.0,,,,tag:feature:midnight,20,+20(rental=1),0,1
深夜利用OKのダンススタジオ 東京,条件,A,TEDDY?S BALANCE,〒150-0034 東京都渋谷区代官山町１３-１ ログロード代官山 L３棟２F,,0,渋谷,渋谷|恵比寿|代官山|原宿,恵比寿駅,恵比寿駅|渋谷駅,621.0,,,,tag:feature:midnight,20,+20(rental=1),0,1
深夜利用OKのダンススタジオ 東京,条件,A,スタジオ白猫屋 経堂R店,〒156-0052 東京都世田谷区経堂１丁目１１-１３ 長島ビル 3Ｆ,,0,下北沢,下北沢|三軒茶屋|二子玉川|自由が丘,経堂駅,経堂駅|宮の坂駅|山下駅|豪徳寺駅|上町駅|千歳船橋駅|松原駅|世田谷駅|梅ヶ丘駅|松陰神社前駅,203.0,,,,tag:feature:midnight,20,+20(rental=1),0,1
深夜利用OKのダンススタジオ 東京,条件,A,リリィ スタジオ&カフェ レンタルカフェ,〒156-0052 東京都世田谷区経堂２丁目７-１４-１０２,,0,下北沢,下北沢|三軒茶屋|二子玉川|自由が丘,経堂駅,経堂駅|松原駅|山下駅|宮の坂駅|豪徳寺駅|千歳船橋駅|上町駅|下高井戸駅|桜上水駅|梅ヶ丘駅,261.0,,,,tag:feature:midnight,20,+20(rental=1),0,1
深夜利用OKのダンススタジオ 東京,条件,A,RAISE UP STUDIO 自由が丘 レンタルスタジオ,〒152-0035 東京都目黒区自由が丘１丁目３-22-B1,,0,中目黒,中目黒,自由が丘駅,自由が丘駅,288.0,,,,tag:feature:midnight,50,+20(rental=1)|+30(レンタルスタジオ),0,1
深夜利用OKのダンススタジオ 東京,条件,A,RE:STUDIO body&life,〒215-0021 神奈川県川崎市麻生区上麻生５丁目３８-７ 東和サープラス柿生 211号室,,0,その他,その他,柿生駅,柿生駅|五月台駅|新百合ヶ丘駅|鶴川駅,61.0,,,,tag:feature:midnight,20,+20(rental=1),0,1
深夜利用OKのダンススタジオ 東京,条件,A,REDEIC DANCE STUDIO,〒146-0092 東京都大田区下丸子３丁目２５-５,,0,蒲田,蒲田,下丸子駅,下丸子駅|武蔵新田駅|千鳥町駅|鵜の木駅|久が原駅|平間駅|向河原駅|矢口渡駅|池上駅|御嶽山駅,334.0,,,,tag:feature:midnight,45,+20(rental=1)|+25(ダンススタジオ),0,1
深夜利用OKのダンススタジオ 東京,条件,A,レンタルスタジオ スタジオザルツ,〒157-0065 東京都世田谷区上祖師谷１丁目３６-５ ル・クレール 地下一階,,0,下北沢,下北沢|三軒茶屋|二子玉川|自由が丘,千歳烏山駅,千歳烏山駅|芦花公園駅|仙川駅|八幡山駅,216.0,,,,tag:feature:midnight,50,+20(rental=1)|+30(レンタルスタジオ),0,1
深夜利用OKのダンススタジオ 東京,条件,A,Refinement リファインメント PBT専門スタジオ,,,0,その他,その他,中河原駅,中河原駅|西府駅|分倍河原駅|聖蹟桜ヶ丘駅,656.0,,,,tag:feature:midnight,20,+20(rental=1),0,1
深夜利用OKのダンススタジオ 東京,条件,A,Rei Dance Collection 駅前校,〒150-0002 東京都渋谷区渋谷３丁目２８-７ 青ビル B1F,,0,渋谷,渋谷|恵比寿|代官山|原宿,渋谷駅,渋谷駅|恵比寿駅,324.0,,,,tag:feature:midnight,20,+20(rental=1),0,1
深夜利用OKのダンススタジオ 東京,条件,A,Rei Dance Collection 本校,〒150-0031 東京都渋谷区桜丘町２９-３５ パーソンズビル地下1階,,0,渋谷,渋谷|恵比寿|代官山|原宿,渋谷駅,渋谷駅,409.0,,,,tag:feature:midnight,20,+20(rental=1),0,1
深夜利用OKのダンススタジオ 東京,条件,A,レンタルスタジオSunny 高田馬場1号店,〒169-0075 東京都新宿区高田馬場４丁目１-５ 5F,,0,新宿,新宿|西新宿|高田馬場|新大久保,高田馬場駅,高田馬場駅|新大久保駅,290.0,,,,tag:feature:midnight,50,+20(rental=1)|+30(レンタルスタジオ),0,1
深夜利用OKのダンススタジオ 東京,条件,A,RHYTHM STEP (幼児ダンス、キッズヒップホップダンス、レンタル),"1番地4, １丁目 緑が丘西 八千代市 千葉県 266-0046",,0,その他,その他,八千代緑が丘駅,八千代緑が丘駅|船橋日大前駅,253.0,,,,tag:feature:midnight,20,+20(rental=1),0,1
深夜利用OKのダンススタジオ 東京,条件,A,レンタルスタジオSunny高田馬場2号店,〒169-0075 東京都高田馬場１丁目３４-２ 千葉ビル 1F,,0,東京,東京,高田馬場駅,高田馬場駅,62.0,,,,tag:feature:midnight,50,+20(rental=1)|+30(レンタルスタジオ),0,1
深夜利用OKのダンススタジオ 東京,条件,A,Rinky Dink Studio お茶の水 神保町店,〒101-0051 東京都千代田区 アイピー第1ビル 6F・7F・8F 神田神保町1-2-12,,0,秋葉原,秋葉原,神保町駅,神保町駅|新御茶ノ水駅|御茶ノ水駅|小川町駅|竹橋駅|九段下駅|水道橋駅|神田駅|大手町駅|岩本町駅,231.0,,,,tag:feature:midnight,20,+20(rental=1),0,1
深夜利用OKのダンススタジオ 東京,条件,A,Rinky Dink Studio 中野店,〒164-0001 東京都中野区中野２丁目２５-２ トビタビル ２階,,0,中野,中野,中野駅,中野駅,133.0,,,,tag:feature:midnight,20,+20(rental=1),0,1
深夜利用OKのダンススタジオ 東京,条件,A,Rinky Dink Studio 梅ヶ丘,〒154-0022 東京都世田谷区梅丘１丁目２１-７ ３階～４階 梅丘駅前ビル,,0,下北沢,下北沢|三軒茶屋|二子玉川|自由が丘,梅ヶ丘駅,梅ヶ丘駅|豪徳寺駅|山下駅|世田谷代田駅|東松原駅|新代田駅|松原駅|宮の坂駅|若林駅|松陰神社前駅,36.0,,,,tag:feature:midnight,20,+20(rental=1),0,1
深夜利用OKのダンススタジオ 東京,条件,A,Risley八王子店,〒192-0085 東京都八王子市中町７-１１ 福島ビル B1,,0,八王子,八王子,八王子駅,八王子駅,402.0,,,,tag:feature:midnight,20,+20(rental=1),0,1
深夜利用OKのダンススタジオ 東京,条件,A,ROJIスタジオStudioStyle+,〒160-0023 東京都新宿区西新宿７丁目１５-１４,,0,新宿,新宿|西新宿|高田馬場|新大久保,西武新宿駅,西武新宿駅|新宿駅|新大久保駅,265.0,,,,tag:feature:midnight,20,+20(rental=1),0,1
深夜利用OKのダンススタジオ 東京,条件,A,S.O.L.A.studio&bodyworks,〒439-0037 静岡県菊川市西方１２９４-１,,0,その他,その他,菊川駅,菊川駅,691.0,,,,tag:feature:midnight,20,+20(rental=1),0,1
深夜利用OKのダンススタジオ 東京,条件,A,ＳＧ ＳＴＵＤＩＯ,〒166-0012 東京都杉並区和田１丁目１-１３ Ｂ１ 入り口は川沿い,,0,高円寺,高円寺,中野富士見町駅,中野富士見町駅|中野新橋駅|新中野駅|方南町駅|東高円寺駅|中野坂上駅|西新宿五丁目駅（清水橋）|中野駅|幡ヶ谷駅|新高円寺駅,77.0,,,,tag:feature:midnight,20,+20(rental=1),0,1
深夜利用OKのダンススタジオ 東京,条件,A,SHAKE DANCE STUDIO 橋本校,〒252-0144 神奈川県相模原市緑区東橋本１丁目２４-２０ Ｓ．Ｇ－ＢＬＤ２,,0,その他,その他,橋本駅,橋本駅|南橋本駅|多摩境駅,501.0,,,,tag:feature:midnight,45,+20(rental=1)|+25(ダンススタジオ),0,1
深夜利用OKのダンススタジオ 東京,条件,A,SHAKE DANCE STUDIO 八王子校,〒192-0081 東京都八王子市横山町５-１４ ｗｉｌｌＤｏ八王子,,0,八王子,八王子,八王子駅,八王子駅,405.0,,,,tag:feature:midnight,45,+20(rental=1)|+25(ダンススタジオ),0,1
深夜利用OKのダンススタジオ 東京,条件,A,BUZZ レンタルスタジオ 西国分寺店,〒185-0024 東京都国分寺市泉町３丁目３７-２５ 天龍ビル B1,https://dance-studio-lab.com/room/ZDcyMzBmZWYtMzdiYS00YjY0LThmOGEtZDJjMzQxNTVlZDA2/detail,1,国分寺,国分寺,西国分寺駅,西国分寺駅|恋ヶ窪駅|国分寺駅|国立駅,117.0,,,,tag:feature:midnight,80,+30(dslurl)|+20(rental=1)|+30(レンタルスタジオ),0,1
深夜利用OKのダンススタジオ 東京,条件,A,レンタルスタジオ 国立リノ,〒186-0002 東京都国立市東１丁目15-22 4 国立サニービル 階C号室,,0,国立,国立,国立駅,国立駅|西国分寺駅|谷保駅,267.0,,,,tag:feature:midnight,50,+20(rental=1)|+30(レンタルスタジオ),0,1
深夜利用OKのダンススタジオ 東京,条件,A,SIM STUDIO 西新井,〒123-0872 東京都足立区江北７丁目２７-６ ＩＥＰＪＡＰＡＮ,,0,北千住,北千住,西新井大師西駅,西新井大師西駅|谷在家駅|江北駅|大師前駅|舎人公園駅|高野駅,504.0,,,,tag:feature:midnight,20,+20(rental=1),0,1
深夜利用OKのダンススタジオ 東京,条件,A,SIM STUDIOお台場,〒135-0062 東京都江東区東雲２丁目１４-３５,,0,豊洲,豊洲,東雲駅,東雲駅|有明駅|国際展示場駅|有明テニスの森駅|東京ビッグサイト駅|辰巳駅|新豊洲駅|市場前駅|豊洲駅,493.0,,,,tag:feature:midnight,20,+20(rental=1),0,1
深夜利用OKのダンススタジオ 東京,条件,A,SKYレンタルダンススタジオ,〒530-0028 大阪府大阪市北区万歳町３-４１ ホワイトコーポラス 104,,0,赤羽,赤羽,中崎町駅,中崎町駅|大阪梅田駅|扇町駅|東梅田駅|梅田駅|天満駅|大阪駅|天神橋筋六丁目駅|中津駅|南森町駅,210.0,,,,tag:feature:midnight,60,+20(rental=1)|+40(レンタルダンス),0,1
深夜利用OKのダンススタジオ 東京,条件,A,SORAスタジオ3,〒131-0045 東京都墨田区押上１丁目２９-２ 3,,0,錦糸町,錦糸町,押上駅,押上駅,468.0,,,,tag:feature:midnight,40,+20(rental=1)|+20(web),0,1
深夜利用OKのダンススタジオ 東京,条件,A,BUZZ レンタルスタジオ 国分寺店,〒185-0021 東京都国分寺市南町３丁目２７-７ 白馬ビル B1F,https://dance-studio-lab.com/room/ZjIzMWQ0ZjctM2ViOC00Yzg1LWExMzMtMGFkZDYwYzg1Mjhj/detail,1,国分寺,国分寺,国分寺駅,国分寺駅,334.0,,,,tag:feature:midnight,80,+30(dslurl)|+20(rental=1)|+30(レンタルスタジオ),0,1
深夜利用OKのダンススタジオ 東京,条件,A,レンタルスタジオクラッセ国分寺,〒185-0021 東京都国分寺市南町３丁目１８-２ 川端ビル ４階A,,0,国分寺,国分寺,国分寺駅,国分寺駅,179.0,,,,tag:feature:midnight,50,+20(rental=1)|+30(レンタルスタジオ),0,1
深夜利用OKのダンススタジオ 東京,条件,A,SOUTH MINT STUDIO 南青山,〒107-0062 東京都港区南青山２丁目２７-２０ B1F,,0,六本木,六本木|赤坂|麻布|新橋,外苑前駅,外苑前駅|表参道駅|青山一丁目駅,167.0,,,,tag:feature:midnight,20,+20(rental=1),0,1
深夜利用OKのダンススタジオ 東京,条件,A,SoyLatte STUDIO,〒141-0031 東京都品川区西五反田２丁目１７-８ 管野ビル ３F,,0,品川,品川|五反田|大井町|目黒,五反田駅,五反田駅|目黒駅|大崎駅,203.0,,,,tag:feature:midnight,20,+20(rental=1),0,1
深夜利用OKのダンススタジオ 東京,条件,A,SPACE BUNNY,〒289-1123 千葉県八街市滝台１１８３-１,,0,その他,その他,なし,,,,,,tag:feature:midnight,20,+20(rental=1),0,1
深夜利用OKのダンススタジオ 東京,条件,A,SPROUT DANCE STUDIO 梅田店,〒530-0026 大阪府大阪市北区神山町１-１５ ＴＲＵＳＴ ＢＵＩＬＤＩＮＧ 1 階,,0,赤羽,赤羽,扇町駅,扇町駅|中崎町駅|天満駅|東梅田駅|南森町駅|大阪梅田駅|梅田駅|大阪駅|天神橋筋六丁目駅|北新地駅,428.0,,,,tag:feature:midnight,45,+20(rental=1)|+25(ダンススタジオ),0,1
深夜利用OKのダンススタジオ 東京,条件,A,Starnite Dance Studio,〒260-0013 千葉県千葉市中央区中央３丁目４-１７ Gaビル 3F,,0,銀座,銀座|日本橋|八丁堀|月島,葭川公園駅,葭川公園駅|千葉中央駅|栄町駅|県庁前駅|京成千葉駅|本千葉駅|東千葉駅|千葉駅|千葉公園駅|市役所前駅,160.0,,,,tag:feature:midnight,45,+20(rental=1)|+25(ダンススタジオ),0,1
深夜利用OKのダンススタジオ 東京,条件,A,STRADA STUDIO,〒179-0071 東京都練馬区旭町１丁目８-１ ３F,,0,練馬,練馬,光が丘駅,光が丘駅|地下鉄成増駅,873.0,,,,tag:feature:midnight,20,+20(rental=1),0,1
深夜利用OKのダンススタジオ 東京,条件,A,studio ∞ Fi (スタジオ フィー),〒214-0022 神奈川県川崎市多摩区堰２丁目４-６,,0,その他,その他,久地駅,久地駅|宿河原駅|津田山駅,374.0,,,,tag:feature:midnight,20,+20(rental=1),0,1
深夜利用OKのダンススタジオ 東京,条件,A,25 DANCE SPOT(ニコスポ),〒213-0002 神奈川県川崎市高津区二子４丁目８-２１ プリモクラッセ高津 B1階,,0,その他,その他,高津駅,高津駅|二子新地駅|溝の口駅|武蔵溝ノ口駅|二子玉川駅|梶が谷駅|津田山駅|武蔵新城駅,178.0,,,,tag:feature:midnight,20,+20(rental=1),0,1
深夜利用OKのダンススタジオ 東京,条件,A,studio 001,〒115-0055 東京都北区２３ 東京都北区 赤羽西3-23-1 001,,0,赤羽,赤羽,赤羽駅,赤羽駅,901.0,,,,tag:feature:midnight,20,+20(rental=1),0,1
深夜利用OKのダンススタジオ 東京,条件,A,studio arty 高田馬場,〒169-0075 東京都新宿区高田馬場３丁目５-３ 第90東京ビル ２F,,0,新宿,新宿|西新宿|高田馬場|新大久保,高田馬場駅,高田馬場駅,270.0,,,,tag:feature:midnight,20,+20(rental=1),0,1
深夜利用OKのダンススタジオ 東京,条件,A,Studio B,〒153-0041 東京都目黒区駒場３丁目５-６,,0,中目黒,中目黒,池尻大橋駅,池尻大橋駅,859.0,,,,tag:feature:midnight,20,+20(rental=1),0,1
深夜利用OKのダンススタジオ 東京,条件,A,STUDIO BUZZ 相模原校,〒252-0239 神奈川県相模原市中央区中央５丁目１-２ ベルドールコート B1,,0,銀座,銀座|日本橋|八丁堀|月島,相模原駅,相模原駅|南橋本駅|上溝駅|矢部駅,1156.0,,,,tag:feature:midnight,20,+20(rental=1),0,1
深夜利用OKのダンススタジオ 東京,条件,A,レンタルスタジオマイレッスン 三軒茶屋店,〒154-0024 東京都世田谷区三軒茶屋１丁目３０-９,,0,下北沢,下北沢|三軒茶屋|二子玉川|自由が丘,三軒茶屋駅,三軒茶屋駅,235.0,,,,tag:feature:midnight,50,+20(rental=1)|+30(レンタルスタジオ),0,1
深夜利用OKのダンススタジオ 東京,条件,A,STUDIO COCORO（スタジオココロ）- 新宿代々木のレンタルスペース&ダンススタジオ - 数々のイベントやメディアに出演,〒151-0053 東京都渋谷区代々木３丁目９-１１,,0,渋谷,渋谷|恵比寿|代官山|原宿,代々木駅,代々木駅|新宿駅,551.0,,,,tag:feature:midnight,45,+20(rental=1)|+25(ダンススタジオ),0,1
深夜利用OKのダンススタジオ 東京,条件,A,レンタルスタジオKACHA,〒158-0097 東京都世田谷区用賀２丁目３８-１４ 天虎ビル 202,,0,下北沢,下北沢|三軒茶屋|二子玉川|自由が丘,用賀駅,用賀駅|桜新町駅|上野毛駅|二子玉川駅,130.0,,,,tag:feature:midnight,50,+20(rental=1)|+30(レンタルスタジオ),0,1
深夜利用OKのダンススタジオ 東京,条件,A,duobus studio｜デュオバススタジオ,〒190-0001 東京都立川市高松町２丁目１７-３ 清水ビル 302,,0,立川,立川,立川駅,立川駅|西国立駅,1242.0,,,,tag:feature:midnight,20,+20(rental=1),0,1
深夜利用OKのダンススタジオ 東京,条件,A,Studio Crucial スタジオ クルーシャル,〒202-0014 東京都西東京市富士町４丁目１７-６ B1,,0,ひばりヶ丘,ひばりヶ丘,東伏見駅,東伏見駅|武蔵関駅|西武柳沢駅,100.0,,,,tag:feature:midnight,20,+20(rental=1),0,1
深夜利用OKのダンススタジオ 東京,条件,A,STUDIO DANCE ALIVE 河原町本校,〒600-8029 京都府京都市下京区西橋詰町７６２ 7F,,0,その他,その他,清水五条駅,清水五条駅|京阪電車祇園四条駅|五条駅|京都河原町駅|七条駅|祇園四条駅|京阪電車 七条駅|四条駅|烏丸駅|駅ナカスイーツ 西店,184.0,,,,tag:feature:midnight,20,+20(rental=1),0,1
深夜利用OKのダンススタジオ 東京,条件,A,Studio EFU（スタジオ エフ）,〒185-0012 東京都国分寺市本町２丁目２-１１ 鳥越ビル Ｂ１,,0,国分寺,国分寺,国分寺駅,国分寺駅,124.0,,,,tag:feature:midnight,20,+20(rental=1),0,1
深夜利用OKのダンススタジオ 東京,条件,A,STUDIO ELEVATE スタジオエレベート,〒154-0024 東京都世田谷区三軒茶屋２丁目１１-２４ サンタワーズＡ 棟401,,0,下北沢,下北沢|三軒茶屋|二子玉川|自由が丘,三軒茶屋駅,三軒茶屋駅,265.0,,,,tag:feature:midnight,20,+20(rental=1),0,1
深夜利用OKのダンススタジオ 東京,条件,A,STUDIO ENOCH,〒183-0014 東京都府中市是政５丁目6-6 104,,0,府中,府中,是政駅,是政駅|南多摩駅|競艇場前駅|府中競馬正門前駅|東府中駅|府中本町駅|多磨霊園駅|稲城長沼駅|府中駅,40.0,,,,tag:feature:midnight,20,+20(rental=1),0,1
深夜利用OKのダンススタジオ 東京,条件,A,Studio ENTRADA森下ANNEX,〒130-0024 東京都墨田区菊川１丁目９-１４ ４F,,0,錦糸町,錦糸町,菊川駅,菊川駅|森下駅|清澄白河駅|両国駅|住吉駅|浜町駅|錦糸町駅|東日本橋駅|水天宮前駅|馬喰横山駅,332.0,,,,tag:feature:midnight,20,+20(rental=1),0,1
深夜利用OKのダンススタジオ 東京,条件,A,Studio Face東十条店 ダンスも会議もできるレンタルスタジオ,〒114-0001 東京都北区東十条３丁目１４-１３ ジョイフルプラザ３ 3階,,0,赤羽,赤羽,東十条駅,東十条駅|王子神谷駅|十条駅|志茂駅|赤羽駅|王子駅前駅|王子駅|飛鳥山駅,370.0,,,,tag:feature:midnight,50,+20(rental=1)|+30(レンタルスタジオ),0,1
深夜利用OKのダンススタジオ 東京,条件,A,Studio Faith（スタジオフェイス）浦安校,〒279-0001 千葉県浦安市当代島１丁目１７-１９ 第2岡清ビル 5F,,0,その他,その他,浦安駅,浦安駅|南行徳駅|葛西駅,203.0,,,,tag:feature:midnight,20,+20(rental=1),0,1
深夜利用OKのダンススタジオ 東京,条件,A,STUDIO FOXTAIL,〒140-0013 東京都品川区南大井２丁目１２-１０ ライオンズマンション大森 1F,,0,品川,品川|五反田|大井町|目黒,大森海岸駅,大森海岸駅|大森駅|立会川駅|平和島駅|流通センター駅|鮫洲駅|大森町駅|西大井駅,156.0,,,,tag:feature:midnight,20,+20(rental=1),0,1
深夜利用OKのダンススタジオ 東京,条件,A,studio fusion レンタルスタジオ,〒176-0001 東京都練馬区練馬１丁目２０-３ Nビル 2F,,0,練馬,練馬,練馬駅,練馬駅|桜台駅|豊島園駅|新桜台駅|新江古田駅|氷川台駅|江古田駅|中村橋駅,186.0,,,,tag:feature:midnight,50,+20(rental=1)|+30(レンタルスタジオ),0,1
深夜利用OKのダンススタジオ 東京,条件,A,STUDIO GEM GARAGE,〒164-0014 東京都中野区南台３丁目６-１７ 1F/B1F クリスタルコート８８ イマス中野,,0,中野,中野,中野富士見町駅,中野富士見町駅|中野新橋駅|方南町駅|幡ヶ谷駅|新中野駅|笹塚駅|西新宿五丁目駅（清水橋）|東高円寺駅|初台駅|中野坂上駅,537.0,,,,tag:feature:midnight,20,+20(rental=1),0,1
深夜利用OKのダンススタジオ 東京,条件,A,Studio H,〒150-0013 東京都渋谷区恵比寿２丁目１７-２２,,0,渋谷,渋谷|恵比寿|代官山|原宿,恵比寿駅,恵比寿駅,791.0,,,,tag:feature:midnight,20,+20(rental=1),0,1
深夜利用OKのダンススタジオ 東京,条件,A,ヒカリババダンスカンパニー,〒171-0031 東京都豊島区目白２丁目１２-４,,0,池袋,池袋|目白|大塚|巣鴨,池袋駅,池袋駅|高田馬場駅,876.0,,,,tag:feature:midnight,20,+20(rental=1),0,1
深夜利用OKのダンススタジオ 東京,条件,A,アトリエ エマーブル,〒158-0097 東京都世田谷区用賀３丁目１８-８ セントラルSOUI103,,0,下北沢,下北沢|三軒茶屋|二子玉川|自由が丘,用賀駅,用賀駅|桜新町駅|上町駅,374.0,,,,tag:feature:midnight,20,+20(rental=1),0,1
深夜利用OKのダンススタジオ 東京,条件,A,レンタルスタジオ モエギ市ヶ谷 ヨガダンスストレッチサロン Moegi市ヶ谷,〒102-0073 東京都千代田区九段北４丁目１-１５ MT市ヶ谷 201,,0,秋葉原,秋葉原,市ケ谷駅,市ケ谷駅|半蔵門駅|麹町駅|牛込神楽坂駅|四ツ谷駅|九段下駅|飯田橋駅|神楽坂駅|牛込柳町駅|曙橋駅,363.0,,,,tag:feature:midnight,50,+20(rental=1)|+30(レンタルスタジオ),0,1
深夜利用OKのダンススタジオ 東京,条件,A,STUDIO KIRINJI,〒446-0032 愛知県安城市御幸本町７-１７ 安城壹番館４階,,0,その他,その他,安城駅,安城駅|北安城駅|南安城駅,181.0,,,,tag:feature:midnight,20,+20(rental=1),0,1
深夜利用OKのダンススタジオ 東京,条件,A,STUDIO KYU,〒812-0895 福岡県福岡市博多区竹下４丁目１４-３０ 博多山ビル 2F,,0,その他,その他,竹下駅,竹下駅|大橋駅|高宮駅|井尻駅,171.0,,,,tag:feature:midnight,20,+20(rental=1),0,1
深夜利用OKのダンススタジオ 東京,条件,A,Studio Leaf,〒144-0047 東京都大田区萩中１丁目４-１２-３０１,,0,蒲田,蒲田,糀谷駅,糀谷駅|京急蒲田駅|雑色駅|大鳥居駅|蒲田駅|梅屋敷駅|川崎大師駅|穴守稲荷駅|東門前駅|鈴木町駅,406.0,,,,tag:feature:midnight,20,+20(rental=1),0,1
深夜利用OKのダンススタジオ 東京,条件,A,Studio Liberty,〒158-0091 東京都世田谷区１５ 中町4-15-9 B１,,0,下北沢,下北沢|三軒茶屋|二子玉川|自由が丘,上野毛駅,上野毛駅|等々力駅|用賀駅|桜新町駅|尾山台駅|二子玉川駅,875.0,,,,tag:feature:midnight,20,+20(rental=1),0,1
深夜利用OKのダンススタジオ 東京,条件,A,STUDIO LIKEMAD,〒150-0042 東京都渋谷区宇田川町１１-２ 宇田川柳光ビル B1,,0,渋谷,渋谷|恵比寿|代官山|原宿,渋谷駅,渋谷駅|原宿駅,620.0,,,,tag:feature:midnight,20,+20(rental=1),0,1
深夜利用OKのダンススタジオ 東京,条件,A,studio LOOP,〒156-0054 東京都世田谷区桜丘４丁目２４-２０ ユニバーサルビル 2F,,0,下北沢,下北沢|三軒茶屋|二子玉川|自由が丘,千歳船橋駅,千歳船橋駅|祖師ヶ谷大蔵駅|成城学園前駅|経堂駅,817.0,,,,tag:feature:midnight,20,+20(rental=1),0,1
深夜利用OKのダンススタジオ 東京,条件,A,STUDIO ONEWAY TOKYO,〒164-0013 東京都中野区弥生町５丁目２０-１ 弥生町ユニオンビル B2F,,0,中野,中野,中野富士見町駅,中野富士見町駅|中野新橋駅|新中野駅|方南町駅|東高円寺駅|西新宿五丁目駅（清水橋）|中野坂上駅|幡ヶ谷駅|笹塚駅|初台駅,208.0,,,,tag:feature:midnight,20,+20(rental=1),0,1
深夜利用OKのダンススタジオ 東京,条件,A,studio opus-スタジオ オープス-,〒140-0014 東京都品川区大井４丁目１-３ TOKOビル B1F,,0,品川,品川|五反田|大井町|目黒,大井町駅,大井町駅,312.0,,,,tag:feature:midnight,20,+20(rental=1),0,1
深夜利用OKのダンススタジオ 東京,条件,A,STUDIO POLISH（スタジオポリッシュ）,〒142-0062 東京都品川区小山６丁目７-１４ プランドールＫａｓｅｙａ,,0,品川,品川|五反田|大井町|目黒,西小山駅,西小山駅|洗足駅|武蔵小山駅|北千束駅|旗の台駅|荏原中延駅|戸越銀座駅|長原駅|荏原町駅|大岡山駅,121.0,,,,tag:feature:midnight,20,+20(rental=1),0,1
深夜利用OKのダンススタジオ 東京,条件,A,STUDIO PRIME 若葉校,〒350-0214 埼玉県坂戸市千代田３丁目５-１０ 庄司ビル 1F,,0,その他,その他,若葉駅,若葉駅|坂戸駅,542.0,,,,tag:feature:midnight,20,+20(rental=1),0,1
深夜利用OKのダンススタジオ 東京,条件,A,Studio R 六本木ヒルズ店,〒106-0032 東京都港区六本木６丁目１５-１ ヒルズ けやき坂通り 2F けやき坂テラス,,0,六本木,六本木|赤坂|麻布|新橋,六本木駅,六本木駅|麻布十番駅,519.0,,,,tag:feature:midnight,20,+20(rental=1),0,1
深夜利用OKのダンススタジオ 東京,条件,A,スタジオ五軒町,〒101-0021 東京都千代田区外神田６丁目１６-１ 外神田フジハイツ 地下1階,,0,秋葉原,秋葉原,秋葉原駅,秋葉原駅|上野駅,714.0,,,,tag:feature:midnight,20,+20(rental=1),0,1
深夜利用OKのダンススタジオ 東京,条件,A,Studio ROZE (スタジオロゼ） レンタルスタジオ ヨガスタジオ 整体サロン 池袋 安い,〒171-0014 東京都豊島区池袋２丁目１１-９ 安藤ビル 305,,0,池袋,池袋|目白|大塚|巣鴨,池袋駅,池袋駅,515.0,,,,tag:feature:midnight,50,+20(rental=1)|+30(レンタルスタジオ),0,1
深夜利用OKのダンススタジオ 東京,条件,A,studio SHEEP（スタジオシープ）,〒135-0003 東京都江東区猿江２丁目２-９ 鈴木ビル 1F,,0,豊洲,豊洲,錦糸町駅,錦糸町駅,1194.0,,,,tag:feature:midnight,20,+20(rental=1),0,1
深夜利用OKのダンススタジオ 東京,条件,A,多摩スタジオ,〒201-0014 東京都狛江市東和泉３丁目３-１０,,0,狛江,狛江,和泉多摩川駅,和泉多摩川駅|狛江駅|登戸駅|宿河原駅|向ヶ丘遊園駅|喜多見駅,64.0,,,,tag:feature:midnight,40,+20(rental=1)|+20(web),0,1
深夜利用OKのダンススタジオ 東京,条件,A,STUDIO SPACE COREDO NOGIZAKA｜スタジオスペース コレド 乃木坂,〒107-0052 東京都港区赤坂９丁目６-４１ B1,,0,六本木,六本木|赤坂|麻布|新橋,青山一丁目駅,青山一丁目駅|六本木駅|外苑前駅,578.0,,,,tag:feature:midnight,20,+20(rental=1),0,1
深夜利用OKのダンススタジオ 東京,条件,A,STUDIO SPACE N 二子新地校,〒213-0002 神奈川県川崎市高津区二子２丁目１５,,0,その他,その他,高津駅,高津駅|二子新地駅|二子玉川駅|溝の口駅|武蔵溝ノ口駅|津田山駅|梶が谷駅|上野毛駅,323.0,,,,tag:feature:midnight,20,+20(rental=1),0,1
深夜利用OKのダンススタジオ 東京,条件,A,STUDIO TRON,"〒106-0031 東京都港区西麻布３丁目１７-１１ B1F,1F TRONビル",,0,六本木,六本木|赤坂|麻布|新橋,六本木駅,六本木駅|麻布十番駅,688.0,,,,tag:feature:midnight,20,+20(rental=1),0,1
深夜利用OKのダンススタジオ 東京,条件,A,studio WILDKIDS 亀戸駅前校 SOLstudio,〒136-0071 東京都江東区亀戸６丁目５６-４ 1階店舗,,0,豊洲,豊洲,亀戸駅,亀戸駅|亀戸水神駅|大島駅|西大島駅|東あずま駅|小村井駅|錦糸町駅|平井駅|住吉駅|東大島駅,370.0,,,,tag:feature:midnight,20,+20(rental=1),0,1
深夜利用OKのダンススタジオ 東京,条件,A,studio WILDKIDS 亀戸水神駅前校 CIERO studio,〒136-0071 東京都江東区亀戸８丁目１４-１１ 1階店舗,,0,豊洲,豊洲,亀戸水神駅,亀戸水神駅|亀戸駅|東あずま駅|平井駅|小村井駅|大島駅|西大島駅|東大島駅|錦糸町駅,48.0,,,,tag:feature:midnight,20,+20(rental=1),0,1
深夜利用OKのダンススタジオ 東京,条件,A,studio worcle okubo,〒169-0073 東京都新宿区百人町１丁目２１-５ 新宿Stビル,,0,新宿,新宿|西新宿|高田馬場|新大久保,新大久保駅,新大久保駅|西武新宿駅|新宿駅,342.0,,,,tag:feature:midnight,20,+20(rental=1),0,1
深夜利用OKのダンススタジオ 東京,条件,A,studio worcle shibuya,〒150-0031 東京都渋谷区桜丘町１４-１０ 地下１階,,0,渋谷,渋谷|恵比寿|代官山|原宿,渋谷駅,渋谷駅,259.0,,,,tag:feature:midnight,20,+20(rental=1),0,1
深夜利用OKのダンススタジオ 東京,条件,A,studio worcle shinjuku,〒160-0023 東京都新宿区西新宿７丁目１６-７ 第２１フジビル,,0,新宿,新宿|西新宿|高田馬場|新大久保,西武新宿駅,西武新宿駅|新大久保駅|新宿駅,278.0,,,,tag:feature:midnight,20,+20(rental=1),0,1
深夜利用OKのダンススタジオ 東京,条件,A,studio worcle shinjuku-gyoen,〒160-0004 東京都新宿区四谷４丁目３２-４ B1 B2,,0,新宿,新宿|西新宿|高田馬場|新大久保,新宿御苑前駅,新宿御苑前駅|四谷三丁目駅|曙橋駅|新宿三丁目駅|千駄ケ谷駅|国立競技場駅|若松河田駅|東新宿駅|信濃町駅|新宿駅,390.0,,,,tag:feature:midnight,20,+20(rental=1),0,1
深夜利用OKのダンススタジオ 東京,条件,A,studio worcle yoyogi,〒151-0053 東京都渋谷区代々木１丁目３６-１２ 2F,,0,渋谷,渋谷|恵比寿|代官山|原宿,代々木駅,代々木駅|新宿駅,141.0,,,,tag:feature:midnight,20,+20(rental=1),0,1
深夜利用OKのダンススタジオ 東京,条件,A,studio worcle 池袋店,〒171-0022 東京都豊島区南池袋２丁目２２-４,,0,池袋,池袋|目白|大塚|巣鴨,池袋駅,池袋駅,354.0,,,,tag:feature:midnight,20,+20(rental=1),0,1
深夜利用OKのダンススタジオ 東京,条件,A,studio_MINT 錦糸町,〒130-0012 東京都墨田区太平３丁目１-４,https://dance-studio-lab.com/room/ZDgyZDBlYjYtZWM1YS00MGNhLWI3YjEtZjRmNTEzZmU5NjE4/detail,1,錦糸町,錦糸町,錦糸町駅,錦糸町駅|押上駅,356.0,,,,tag:feature:midnight,50,+30(dslurl)|+20(rental=1),0,1
深夜利用OKのダンススタジオ 東京,条件,A,ダンススタジオR 小杉レンタルスタジオ,〒211-0062 神奈川県川崎市中原区小杉陣屋町１丁目２３-７,,0,その他,その他,新丸子駅,新丸子駅|多摩川駅|武蔵小杉駅|沼部駅|田園調布駅|武蔵中原駅|向河原駅,651.0,,,,tag:feature:midnight,50,+20(rental=1)|+30(レンタルスタジオ),0,1
深夜利用OKのダンススタジオ 東京,条件,A,STUDIO+DINING TREE,〒132-0024 東京都江戸川区一之江４丁目２-２５,,0,西葛西,西葛西,一之江駅,一之江駅|船堀駅|瑞江駅,393.0,,,,tag:feature:midnight,20,+20(rental=1),0,1
深夜利用OKのダンススタジオ 東京,条件,A,studio3,〒136-0071 東京都江東区亀戸１丁目３１-８ 北越ビル 2F,,0,豊洲,豊洲,錦糸町駅,錦糸町駅,1077.0,,,,tag:feature:midnight,20,+20(rental=1),0,1
深夜利用OKのダンススタジオ 東京,条件,A,studio501,〒141-0032 東京都品川区大崎５丁目４-１２ 八重苅ビル,,0,品川,品川|五反田|大井町|目黒,大崎駅,大崎駅|五反田駅,429.0,,,,tag:feature:midnight,20,+20(rental=1),0,1
深夜利用OKのダンススタジオ 東京,条件,A,StudioENTRADA森下,〒135-0004 東京都江東区森下３丁目８-７ カーム落合 1F,,0,豊洲,豊洲,森下駅,森下駅|菊川駅|清澄白河駅|住吉駅|浜町駅|両国駅|錦糸町駅|水天宮前駅|東日本橋駅|門前仲町駅,372.0,,,,tag:feature:midnight,20,+20(rental=1),0,1
深夜利用OKのダンススタジオ 東京,条件,A,StudioENTRADA築地,〒104-0045 東京都中央区築地３丁目１１-５ 第二中央ビル 1F,,0,銀座,銀座|日本橋|八丁堀|月島,有楽町駅,有楽町駅,1190.0,,,,tag:feature:midnight,20,+20(rental=1),0,1
深夜利用OKのダンススタジオ 東京,条件,A,STUDIOFLAG高田馬場2号店,〒169-0075 東京都新宿区高田馬場２丁目１１-１ YOKE2ビル 地下1F,,0,新宿,新宿|西新宿|高田馬場|新大久保,高田馬場駅,高田馬場駅,455.0,,,,tag:feature:midnight,20,+20(rental=1),0,1
深夜利用OKのダンススタジオ 東京,条件,A,StudioNEXUS石神井校,〒177-0041 東京都練馬区石神井町６丁目３２-２０,,0,練馬,練馬,石神井公園駅,石神井公園駅|大泉学園駅|上石神井駅|練馬高野台駅|上井草駅,898.0,,,,tag:feature:midnight,20,+20(rental=1),0,1
深夜利用OKのダンススタジオ 東京,条件,A,渋谷のレンタルスタジオ ユニアス,〒150-0043 東京都渋谷区道玄坂１丁目７-１０ リードシー渋谷道玄坂 B1F 新大宗渋谷,,0,渋谷,渋谷|恵比寿|代官山|原宿,渋谷駅,渋谷駅,213.0,,,,tag:feature:midnight,50,+20(rental=1)|+30(レンタルスタジオ),0,1
深夜利用OKのダンススタジオ 東京,条件,A,StudioNEXUS武蔵関校,〒177-0051 東京都練馬区関町北２丁目２２-１３ シャトーセキ B1,,0,練馬,練馬,武蔵関駅,武蔵関駅|東伏見駅|上石神井駅,181.0,,,,tag:feature:midnight,20,+20(rental=1),0,1
深夜利用OKのダンススタジオ 東京,条件,A,Studioonda大久保,〒169-0073 東京都新宿区百人町１丁目２３-２ 3F,,0,新宿,新宿|西新宿|高田馬場|新大久保,新大久保駅,新大久保駅|西武新宿駅|新宿駅,388.0,,,,tag:feature:midnight,20,+20(rental=1),0,1
深夜利用OKのダンススタジオ 東京,条件,A,StudioOnda東中野 Ondabuilding,〒169-0074 東京都新宿区北新宿４丁目３３-５,,0,新宿,新宿|西新宿|高田馬場|新大久保,新大久保駅,新大久保駅,1133.0,,,,tag:feature:midnight,20,+20(rental=1),0,1
深夜利用OKのダンススタジオ 東京,条件,A,STUDIOピア Pia31 ベイサイド,〒136-0082 東京都江東区新木場２丁目１-２３,,0,豊洲,豊洲,新木場駅,新木場駅|辰巳駅|東雲駅,849.0,,,,tag:feature:midnight,20,+20(rental=1),0,1
深夜利用OKのダンススタジオ 東京,条件,A,SWITCH STAND ODAIBA,"〒135-0064 東京都江東区青海２丁目７-４, The Soho, 1F",,0,豊洲,豊洲,テレコムセンター駅,テレコムセンター駅|東京国際クルーズターミナル駅|青海駅|台場駅|東京テレポート駅|お台場海浜公園駅,396.0,,,,tag:feature:midnight,20,+20(rental=1),0,1
深夜利用OKのダンススタジオ 東京,条件,A,Tap Dance Company Freiheit,〒185-0011 東京都国分寺市本多１丁目１-２０ Cross Stair B,,0,国分寺,国分寺,国分寺駅,国分寺駅,413.0,,,,tag:feature:midnight,20,+20(rental=1),0,1
深夜利用OKのダンススタジオ 東京,条件,A,TBY-studio,〒171-0014 東京都豊島区池袋２丁目３６-２,,0,池袋,池袋|目白|大塚|巣鴨,池袋駅,池袋駅,532.0,,,,tag:feature:midnight,20,+20(rental=1),0,1
深夜利用OKのダンススタジオ 東京,条件,A,TERAKOYA studio,〒434-0004 静岡県浜松市浜北区宮口４９０７,,0,赤羽,赤羽,なし,,,,,,tag:feature:midnight,20,+20(rental=1),0,1
深夜利用OKのダンススタジオ 東京,条件,A,THビル貸し会議室 レンタルスタジオ,〒151-0053 東京都渋谷区代々木２丁目４-１ Thビル,https://dance-studio-lab.com/room/ZGYxYjYyNDgtMDEzOC00MjZhLTgyZDctODZlMDViYTQ0NDgy/detail,1,渋谷,渋谷|恵比寿|代官山|原宿,新宿駅,新宿駅|代々木駅|西武新宿駅,451.0,,,,tag:feature:midnight,80,+30(dslurl)|+20(rental=1)|+30(レンタルスタジオ),0,1
深夜利用OKのダンススタジオ 東京,条件,A,ＴＨ会場,〒151-0053 東京都渋谷区代々木２丁目４-１,,0,渋谷,渋谷|恵比寿|代官山|原宿,新宿駅,新宿駅|代々木駅|西武新宿駅,451.0,,,,tag:feature:midnight,20,+20(rental=1),0,1
深夜利用OKのダンススタジオ 東京,条件,A,TKO DANCE STUDIO(TKOダンススタジオ),〒340-0023 埼玉県草加市谷塚町５７８-１ 梅香堂ビル 305,,0,その他,その他,谷塚駅,谷塚駅|草加駅,92.0,,,,tag:feature:midnight,45,+20(rental=1)|+25(ダンススタジオ),0,1
深夜利用OKのダンススタジオ 東京,条件,A,TKPスター貸会議室 東京タワー通り,〒105-0011 東京都港区芝公園３丁目４-３０ 32芝公園ビル B2階,,0,六本木,六本木|赤坂|麻布|新橋,浜松町駅,浜松町駅|麻布十番駅,998.0,,,,tag:feature:midnight,20,+20(rental=1),0,1
深夜利用OKのダンススタジオ 東京,条件,A,TOHNO DANCE STUDIO,〒202-0002 東京都西東京市ひばりが丘北３丁目４-３ T&Kひばりが丘B1,,0,ひばりヶ丘,ひばりヶ丘,ひばりヶ丘駅,ひばりヶ丘駅|東久留米駅|保谷駅,106.0,,,,tag:feature:midnight,45,+20(rental=1)|+25(ダンススタジオ),0,1
深夜利用OKのダンススタジオ 東京,条件,A,TOKYO GATE STUDIO 東京ゲートスタジオ レンタルスタジオ,〒108-0074 東京都港区高輪４丁目２４-５８ サマセット品川東京１F,,0,六本木,六本木|赤坂|麻布|新橋,品川駅,品川駅|大崎駅,387.0,,,,tag:feature:midnight,50,+20(rental=1)|+30(レンタルスタジオ),0,1
深夜利用OKのダンススタジオ 東京,条件,A,ＴＲＢタップダンススタジオ,〒101-0032 東京都千代田区岩本町１丁目１-６,,0,秋葉原,秋葉原,秋葉原駅,秋葉原駅,828.0,,,,tag:feature:midnight,45,+20(rental=1)|+25(ダンススタジオ),0,1
深夜利用OKのダンススタジオ 東京,条件,A,TRINITY DANCE CENTER桜上水校,〒168-0073 東京都杉並区下高井戸１丁目１８-１６ 桜上水ビル 1F KORG,,0,高円寺,高円寺,桜上水駅,桜上水駅|下高井戸駅|上北沢駅|松原駅|永福町駅|西永福駅|明大前駅|浜田山駅|八幡山駅|山下駅,300.0,,,,tag:feature:midnight,20,+20(rental=1),0,1
深夜利用OKのダンススタジオ 東京,条件,A,Tダンスプロダクション,〒132-0033 東京都江戸川区東小松川４丁目４３-１８,,0,西葛西,西葛西,船堀駅,船堀駅|東大島駅|一之江駅,323.0,,,,tag:feature:midnight,20,+20(rental=1),0,1
深夜利用OKのダンススタジオ 東京,条件,A,U210 【立川レンタルダンススタジオ】,〒190-0022 東京都立川市錦町２丁目２-２８ ＹＳ立川第二ビル １階,,0,立川,立川,立川駅,立川駅,406.0,,,,tag:feature:midnight,60,+20(rental=1)|+40(レンタルダンス),0,1
深夜利用OKのダンススタジオ 東京,条件,A,UBクリエイティブベース,〒448-0011 愛知県刈谷市築地町２丁目１６-２,,0,その他,その他,一ツ木駅,一ツ木駅|富士松駅,506.0,,,,tag:feature:midnight,20,+20(rental=1),0,1
深夜利用OKのダンススタジオ 東京,条件,A,VERONICA FIT,〒104-0032 東京都中央区八丁堀２丁目１９-６ ヤサカ八丁堀ビルB1,,0,銀座,銀座|日本橋|八丁堀|月島,東京駅,東京駅|有楽町駅,1036.0,,,,tag:feature:midnight,20,+20(rental=1),0,1
深夜利用OKのダンススタジオ 東京,条件,A,BUZZ渋谷MARKCITY,〒150-0043 東京都渋谷区道玄坂１丁目１７ 9BUZZビル,https://dance-studio-lab.com/room/MTJmOWU1NGQtYmViZC00YWEzLWI5Y2ItNGFhYzU3YTAyZTBk/detail,1,渋谷,渋谷|恵比寿|代官山|原宿,渋谷駅,渋谷駅,437.0,,,,tag:feature:midnight,50,+30(dslurl)|+20(rental=1),0,1
深夜利用OKのダンススタジオ 東京,条件,A,World of Dance Studios Tokyo,〒180-0004 東京都武蔵野市吉祥寺本町１丁目２４-７ 吉祥寺光ビル 6F,,0,吉祥寺,吉祥寺,吉祥寺駅,吉祥寺駅,146.0,,,,tag:feature:midnight,45,+20(rental=1)|+25(ダンススタジオ),0,1
深夜利用OKのダンススタジオ 東京,条件,A,Y'sホール三鷹,〒181-0004 東京都三鷹市新川６丁目８-１０ サンシャインビル B1,,0,三鷹,三鷹,なし,,,,,,tag:feature:midnight,20,+20(rental=1),0,1
深夜利用OKのダンススタジオ 東京,条件,A,YBS Yukino Ballet Studio,〒156-0041 東京都世田谷区大原２丁目２３-１５ 大原アジアビル 7階,,0,下北沢,下北沢|三軒茶屋|二子玉川|自由が丘,代田橋駅,代田橋駅|笹塚駅|明大前駅|新代田駅|東松原駅|方南町駅|下北沢駅|東北沢駅|世田谷代田駅|幡ヶ谷駅,205.0,,,,tag:feature:midnight,20,+20(rental=1),0,1
深夜利用OKのダンススタジオ 東京,条件,A,YOKOTA BASE STUDIO,〒194-0013 東京都町田市原町田１丁目６-２４ 田島第二ビル,,0,町田,町田,町田駅,町田駅,257.0,,,,tag:feature:midnight,20,+20(rental=1),0,1
深夜利用OKのダンススタジオ 東京,条件,A,YR CLUB HOUSE 国領店,〒182-0022 東京都調布市国領町３丁目１０-４,,0,調布,調布,国領駅,国領駅|布田駅|柴崎駅|調布駅|つつじヶ丘駅,89.0,,,,tag:feature:midnight,20,+20(rental=1),0,1
深夜利用OKのダンススタジオ 東京,条件,A,Z-RAHZ DANCE STUDIO,〒106-0046 東京都港区元麻布１丁目２-２,,0,六本木,六本木|赤坂|麻布|新橋,麻布十番駅,麻布十番駅|六本木駅,192.0,,,,tag:feature:midnight,45,+20(rental=1)|+25(ダンススタジオ),0,1
深夜利用OKのダンススタジオ 東京,条件,A,ZITA アルゼンチンタンゴ,"Tokyo, 塚原ビル 4F, ２丁目-２７-２ 上大崎 品川区 東京都 141-0021",,0,品川,品川|五反田|大井町|目黒,目黒駅,目黒駅|五反田駅,83.0,,,,tag:feature:midnight,20,+20(rental=1),0,1
深夜利用OKのダンススタジオ 東京,条件,A,Zsa Zsa Zsu Dance Studio ザザズ,〒112-0014 東京都文京区関口１丁目４８-５ 第２榎本ビル 2階,,0,後楽園,後楽園,江戸川橋駅,江戸川橋駅|神楽坂駅|早稲田駅|茗荷谷駅|牛込神楽坂駅|護国寺駅|牛込柳町駅|面影橋駅|飯田橋駅|若松河田駅,249.0,,,,tag:feature:midnight,45,+20(rental=1)|+25(ダンススタジオ),0,1
深夜利用OKのダンススタジオ 東京,条件,A,Zsa Zsa Zsu Studio,〒112-0014 東京都文京区関口１丁目６-９ 川田ビル 1階,,0,後楽園,後楽園,江戸川橋駅,江戸川橋駅|神楽坂駅|牛込神楽坂駅|早稲田駅|茗荷谷駅|牛込柳町駅|護国寺駅|飯田橋駅|若松河田駅|面影橋駅,184.0,,,,tag:feature:midnight,20,+20(rental=1),0,1
深夜利用OKのダンススタジオ 東京,条件,A,あおちゃんダンスコミュニケーション サルサダンス ブラジルダンス 認知症予防ダンス,〒110-0003 東京都台東区根岸２丁目１２-１１,,0,上野,上野|浅草|御徒町|蔵前,日暮里駅,日暮里駅,726.0,,,,tag:feature:midnight,20,+20(rental=1),0,1
深夜利用OKのダンススタジオ 東京,条件,A,アカペラスタジオ ベースオントップ吉祥寺店,〒180-0004 東京都武蔵野市吉祥寺本町１丁目２０-３ B1F,,0,吉祥寺,吉祥寺,吉祥寺駅,吉祥寺駅,312.0,,,,tag:feature:midnight,20,+20(rental=1),0,1
深夜利用OKのダンススタジオ 東京,条件,A,アカペラスタジオベースオントップ池袋東口店,〒171-0022 東京都豊島区南池袋２丁目２４-５ 加藤ビル B1,,0,池袋,池袋|目白|大塚|巣鴨,池袋駅,池袋駅,323.0,,,,tag:feature:midnight,20,+20(rental=1),0,1
深夜利用OKのダンススタジオ 東京,条件,A,アクセ・スタジオ,〒169-0075 東京都新宿区高田馬場４丁目１-７,,0,新宿,新宿|西新宿|高田馬場|新大久保,高田馬場駅,高田馬場駅|新大久保駅,260.0,,,,tag:feature:midnight,20,+20(rental=1),0,1
深夜利用OKのダンススタジオ 東京,条件,A,アックミーエアリアルスタジオ ACME AERIAL STUDIO 36,〒168-0064 東京都杉並区永福４丁目８-１４,,0,高円寺,高円寺,永福町駅,永福町駅|西永福駅|明大前駅|下高井戸駅|浜田山駅|方南町駅|桜上水駅|代田橋駅,241.0,,,,tag:feature:midnight,20,+20(rental=1),0,1
深夜利用OKのダンススタジオ 東京,条件,A,アミューゼダンススポーツクラブ,〒470-0348 愛知県豊田市貝津町柚木１３９-１,,0,その他,その他,貝津駅,貝津駅|保見駅|浄水駅|四郷駅|上豊田駅,142.0,,,,tag:feature:midnight,20,+20(rental=1),0,1
深夜利用OKのダンススタジオ 東京,条件,A,アメリカンスタイル専門の社交ダンスサークル 【Sunday Dance Cafe】,〒144-0051 東京都大田区西蒲田６丁目３２-１３ 月村マンション １F,,0,蒲田,蒲田,蒲田駅,蒲田駅,633.0,,,,tag:feature:midnight,20,+20(rental=1),0,1
深夜利用OKのダンススタジオ 東京,条件,A,レンタルスタジオ三ノ輪,〒110-0011 東京都台東区三ノ輪１丁目１０-９ GATTINO 1F,,0,上野,上野|浅草|御徒町|蔵前,三ノ輪駅,三ノ輪駅|荒川一中前駅|荒川区役所前駅|南千住駅|入谷駅|荒川二丁目駅|鶯谷駅|三河島駅|浅草駅|千住大橋駅,219.0,,,,tag:feature:midnight,70,+20(rental=1)|+30(レンタルスタジオ)|+20(web),0,1
深夜利用OKのダンススタジオ 東京,条件,A,レンタルスタジオODORU,〒110-0015 東京都台東区東上野３丁目１８-１ B1,,0,上野,上野|浅草|御徒町|蔵前,上野駅,上野駅,319.0,,,,tag:feature:midnight,50,+20(rental=1)|+30(レンタルスタジオ),0,1
深夜利用OKのダンススタジオ 東京,条件,A,アルゼンチンタンゴ・ダンス チケ,〒160-0011 東京都新宿区若葉１丁目１-１ 2F,,0,新宿,新宿|西新宿|高田馬場|新大久保,四谷三丁目駅,四谷三丁目駅|曙橋駅|四ツ谷駅|信濃町駅|新宿御苑前駅|国立競技場駅|市ケ谷駅|千駄ケ谷駅|麹町駅|牛込柳町駅,225.0,,,,tag:feature:midnight,20,+20(rental=1),0,1
深夜利用OKのダンススタジオ 東京,条件,A,アルゼンチンタンゴ協会,〒104-0061 東京都中央区銀座７丁目１４-７ 共栄銀座７丁目ビル,,0,銀座,銀座|日本橋|八丁堀|月島,新橋駅,新橋駅|有楽町駅,579.0,,,,tag:feature:midnight,20,+20(rental=1),0,1
深夜利用OKのダンススタジオ 東京,条件,A,ムーンプレイス レンタルスタジオ蔵前,〒111-0043 東京都台東区駒形２丁目１-５ ３階,,0,上野,上野|浅草|御徒町|蔵前,蔵前駅,蔵前駅|浅草駅,224.0,,,,tag:feature:midnight,50,+20(rental=1)|+30(レンタルスタジオ),0,1
深夜利用OKのダンススタジオ 東京,条件,A,アルファビデオレンタルスタジオ,〒107-0051 東京都港区元赤坂１丁目５-７ ラベリテ赤坂 1階,,0,六本木,六本木|赤坂|麻布|新橋,赤坂駅,赤坂駅|青山一丁目駅,534.0,,,,tag:feature:midnight,50,+20(rental=1)|+30(レンタルスタジオ),0,1
深夜利用OKのダンススタジオ 東京,条件,A,スタジオブライト｜レンタル撮影スタジオ（完全予約制）,〒111-0051 東京都台東区蔵前４丁目３６-１３ タイルビル 4F,,0,上野,上野|浅草|御徒町|蔵前,蔵前駅,蔵前駅|浅草駅,381.0,,,,tag:feature:midnight,20,+20(rental=1),0,1
深夜利用OKのダンススタジオ 東京,条件,A,アロハホヌアフラスタジオ&レンタルスタジオ経堂,〒156-0052 東京都世田谷区経堂１丁目５-６ パルファム経堂 B1,,0,下北沢,下北沢|三軒茶屋|二子玉川|自由が丘,経堂駅,経堂駅|宮の坂駅|上町駅|山下駅|千歳船橋駅|豪徳寺駅|世田谷駅|松原駅|松陰神社前駅|梅ヶ丘駅,334.0,,,,tag:feature:midnight,50,+20(rental=1)|+30(レンタルスタジオ),0,1
深夜利用OKのダンススタジオ 東京,条件,A,スタジオジパング 上野スタジオSTANDARD,"〒110-0015 東京都台東区東上野３丁目１４-１２, Ueno Bldg., B1 旧 辻井ビル",,0,上野,上野|浅草|御徒町|蔵前,上野駅,上野駅,404.0,,,,tag:feature:midnight,20,+20(rental=1),0,1
深夜利用OKのダンススタジオ 東京,条件,A,イシカワヒロユキダンススタジオ,〒192-0081 東京都八王子市横山町３-６,,0,八王子,八王子,八王子駅,八王子駅,437.0,,,,tag:feature:midnight,45,+20(rental=1)|+25(ダンススタジオ),0,1
深夜利用OKのダンススタジオ 東京,条件,A,ミライスタジオ御茶ノ水,〒101-0062 東京都千代田区神田駿河台２丁目４-２,,0,秋葉原,秋葉原,秋葉原駅,秋葉原駅,962.0,,,,tag:feature:midnight,20,+20(rental=1),0,1
深夜利用OKのダンススタジオ 東京,条件,A,スタジオジパング大久保,〒169-0073 東京都新宿区百人町１丁目２３ みなみビル B1,,0,新宿,新宿|西新宿|高田馬場|新大久保,新大久保駅,新大久保駅|西武新宿駅|新宿駅,331.0,,,,tag:feature:midnight,20,+20(rental=1),0,1
深夜利用OKのダンススタジオ 東京,条件,A,BUZZ レンタルスタジオ 神田店,〒101-0047 東京都千代田区内神田２丁目９-９ 神田西口ビル B1F,https://dance-studio-lab.com/room/ODJkZDE5YzQtMTlhZS00NjNlLWJlZTQtNDA3NTU3MTQ5NDg5/detail,1,秋葉原,秋葉原,秋葉原駅,秋葉原駅|東京駅,989.0,,,,tag:feature:midnight,80,+30(dslurl)|+20(rental=1)|+30(レンタルスタジオ),0,1
深夜利用OKのダンススタジオ 東京,条件,A,BUZZ レンタルスタジオ 秋葉原店,〒101-0032 東京都千代田区岩本町２丁目６-１２ 曙ビル B1,,0,秋葉原,秋葉原,秋葉原駅,秋葉原駅,606.0,,,,tag:feature:midnight,50,+20(rental=1)|+30(レンタルスタジオ),0,1
深夜利用OKのダンススタジオ 東京,条件,A,D→TA (ディータ),〒112-0001 東京都文京区白山５丁目３３-１４ 2階,,0,後楽園,後楽園,白山駅,白山駅|本駒込駅|東大前駅|千石駅|千駄木駅|根津駅|茗荷谷駅|後楽園駅|春日駅|駒込駅,150.0,,,,tag:feature:midnight,20,+20(rental=1),0,1
深夜利用OKのダンススタジオ 東京,条件,A,レンタルスタジオ YOGA SPICE 神保町,〒101-0065 東京都千代田区西神田２丁目３-２ 牧ビル 402号室,,0,秋葉原,秋葉原,神保町駅,神保町駅|水道橋駅|九段下駅|御茶ノ水駅|竹橋駅|新御茶ノ水駅|飯田橋駅|小川町駅|本郷三丁目駅|春日駅,312.0,,,,tag:feature:midnight,50,+20(rental=1)|+30(レンタルスタジオ),0,1
深夜利用OKのダンススタジオ 東京,条件,A,エイベックス・ダンスマスタートータルフィットネスクラブわらわら ふじみ野,〒356-0056 埼玉県ふじみ野市うれし野２丁目１０-３５ アウトレットモールリズムE-2F １,,0,その他,その他,ふじみ野駅,ふじみ野駅|鶴瀬駅,329.0,,,,tag:feature:midnight,20,+20(rental=1),0,1
深夜利用OKのダンススタジオ 東京,条件,A,キッズダンススタジオ Sunny Piece,〒350-0056 埼玉県川越市松江町１丁目７-５,,0,その他,その他,本川越駅,本川越駅|川越市駅|川越駅,548.0,,,,tag:feature:midnight,45,+20(rental=1)|+25(ダンススタジオ),0,1
深夜利用OKのダンススタジオ 東京,条件,A,エースダンススタジオ,"札幌ＮＳビル 4F, ２丁目-11 南２条西 中央区 札幌市 北海道 060-0062",,0,銀座,銀座|日本橋|八丁堀|月島,大通駅,大通駅|すすきの駅|豊水すすきの駅|バスセンター前駅|さっぽろ駅|中島公園駅|西１１丁目駅|札幌駅|菊水駅|学園前駅,247.0,,,,tag:feature:midnight,45,+20(rental=1)|+25(ダンススタジオ),0,1
深夜利用OKのダンススタジオ 東京,条件,A,えこてんハウススタジオ,〒176-0005 東京都練馬区旭丘１丁目７６-１０ 相枝ビル ４F,,0,練馬,練馬,江古田駅,江古田駅|新江古田駅|新桜台駅|小竹向原駅|桜台駅|東長崎駅|千川駅|氷川台駅|練馬駅|落合南長崎駅,61.0,,,,tag:feature:midnight,40,+20(rental=1)|+20(web),0,1
深夜利用OKのダンススタジオ 東京,条件,A,エストゥディオのりこ,〒105-0004 東京都港区１６ 東京都港区 2-16-1 340,,0,六本木,六本木|赤坂|麻布|新橋,新橋駅,新橋駅|有楽町駅|浜松町駅,85.0,,,,tag:feature:midnight,20,+20(rental=1),0,1
深夜利用OKのダンススタジオ 東京,条件,A,エルメスダンスカンパニー豊橋校,〒440-0897 愛知県豊橋市松葉町３丁目59 医療法人誠流会 まつば藤城歯科様建物1階 まつばスタジオ,,0,その他,その他,豊橋駅,豊橋駅|新豊橋駅|船町駅|柳生橋駅|下地駅,479.0,,,,tag:feature:midnight,20,+20(rental=1),0,1
深夜利用OKのダンススタジオ 東京,条件,A,オガワ ダンス スタジオ,〒220-0023 神奈川県横浜市西区西区平沼１丁目３３-１,,0,その他,その他,平沼橋駅,平沼橋駅|高島町駅|戸部駅|新高島駅|横浜駅|みなとみらい駅|西横浜駅|神奈川駅|桜木町駅|反町駅,350.0,,,,tag:feature:midnight,20,+20(rental=1),0,1
深夜利用OKのダンススタジオ 東京,条件,A,カミヤマダンススタジオ,〒192-0046 東京都八王子市明神町４丁目６-２ 山口ビル 2F,,0,八王子,八王子,八王子駅,八王子駅,481.0,,,,tag:feature:midnight,45,+20(rental=1)|+25(ダンススタジオ),0,1
深夜利用OKのダンススタジオ 東京,条件,A,かよバレエスタジオ,〒187-0002 東京都小平市花小金井１丁目１２-７,,0,小平,小平,花小金井駅,花小金井駅,150.0,,,,tag:feature:midnight,20,+20(rental=1),0,1
深夜利用OKのダンススタジオ 東京,条件,A,カルサロ レンタルスタジオサロン,〒179-0073 東京都練馬区田柄２丁目３２-２３ アネックスミスズ ２F,,0,練馬,練馬,地下鉄赤塚駅,地下鉄赤塚駅|下赤塚駅|東武練馬駅|平和台駅|成増駅|地下鉄成増駅|光が丘駅|練馬春日町駅,216.0,,,,tag:feature:midnight,50,+20(rental=1)|+30(レンタルスタジオ),0,1
深夜利用OKのダンススタジオ 東京,条件,A,カワチダンススタジオ,"１丁目-１１, １丁目-１１-３ 小坂本町 豊田市 愛知県 471-0034",,0,その他,その他,新豊田駅,新豊田駅|豊田市駅|上挙母駅|新上挙母駅|梅坪駅,141.0,,,,tag:feature:midnight,45,+20(rental=1)|+25(ダンススタジオ),0,1
深夜利用OKのダンススタジオ 東京,条件,A,レベルアップレンタルスタジオ,〒430-0939 静岡県浜松市中区連尺町３１４-３６ 206号,,0,その他,その他,第一通り駅,第一通り駅|新浜松駅|遠州病院駅|浜松駅|八幡駅,423.0,,,,tag:feature:midnight,50,+20(rental=1)|+30(レンタルスタジオ),0,1
深夜利用OKのダンススタジオ 東京,条件,A,キッズダンススタジオSerenita西新井店,〒123-0842 東京都足立区栗原１丁目７-２０ 3階,,0,北千住,北千住,西新井駅,西新井駅|大師前駅|梅島駅|竹ノ塚駅|西新井大師西駅|江北駅,228.0,,,,tag:feature:midnight,45,+20(rental=1)|+25(ダンススタジオ),0,1
深夜利用OKのダンススタジオ 東京,条件,A,キッズダンススタジオstudioCROSS（スタジオクロス）高幡不動クラス 日野市 多摩カルチャーセンター,〒191-0031 東京都日野市高幡３-１０ 遠藤ビル 2階,,0,日野,日野,高幡不動駅,高幡不動駅|多摩動物公園駅|百草園駅,59.0,,,,tag:feature:midnight,45,+20(rental=1)|+25(ダンススタジオ),0,1
深夜利用OKのダンススタジオ 東京,条件,A,キッズダンススタジオstudioCROSS（スタジオクロス）国立駅ゴールドジムクラス,〒186-0004 東京都国立市中１丁目9-３０ 国立せきやビル 5階 ゴールドジム内,,0,国立,国立,国立駅,国立駅|西国分寺駅|谷保駅|矢川駅,158.0,,,,tag:feature:midnight,45,+20(rental=1)|+25(ダンススタジオ),0,1
深夜利用OKのダンススタジオ 東京,条件,A,キッズダンススタジオstudioCROSS（スタジオクロス）国立谷保スタジオ,〒186-0003 東京都国立市富士見台２丁目１８-２ 富士見台ビル 2階,,0,国立,国立,谷保駅,谷保駅|矢川駅|西府駅|国立駅,129.0,,,,tag:feature:midnight,45,+20(rental=1)|+25(ダンススタジオ),0,1
深夜利用OKのダンススタジオ 東京,条件,A,キッズダンススタジオstudioCROSS（スタジオクロス）聖蹟桜ヶ丘クラス 多摩市 多摩カルチャーセンター,〒206-0011 東京都多摩市関戸４丁目73-１ よこくらビル 3階,,0,多摩センター,多摩センター,聖蹟桜ヶ丘駅,聖蹟桜ヶ丘駅|中河原駅|百草園駅,186.0,,,,tag:feature:midnight,45,+20(rental=1)|+25(ダンススタジオ),0,1
深夜利用OKのダンススタジオ 東京,条件,A,フラメンコスタジオ エル ソニケテ,〒191-0062 東京都日野市多摩平２丁目１２-２ 山崎ビル1F,,0,日野,日野,豊田駅,豊田駅|南平駅|平山城址公園駅|北八王子駅,353.0,,,,tag:feature:midnight,20,+20(rental=1),0,1
深夜利用OKのダンススタジオ 東京,条件,A,キューブキッズスポーツ,〒214-0012 神奈川県川崎市多摩区中野島２丁目９-３０ スポーツキューブ,,0,その他,その他,中野島駅,中野島駅|生田駅|稲田堤駅|向ヶ丘遊園駅|京王稲田堤駅|登戸駅,535.0,,,,tag:feature:midnight,20,+20(rental=1),0,1
深夜利用OKのダンススタジオ 東京,条件,A,クラウドナインスタジオ 町田店,〒194-0013 東京都町田市原町田４丁目１１-１４ コロンブスビル 6F,,0,町田,町田,町田駅,町田駅,213.0,,,,tag:feature:midnight,20,+20(rental=1),0,1
深夜利用OKのダンススタジオ 東京,条件,A,ベストスタジオ中野,〒164-0001 東京都中野区中野５丁目４６ 9ABCハウス 101,,0,中野,中野,中野駅,中野駅,303.0,,,,tag:feature:midnight,20,+20(rental=1),0,1
深夜利用OKのダンススタジオ 東京,条件,A,グラッドリ,〒160-0004 東京都新宿区四谷１丁目１５,,0,新宿,新宿|西新宿|高田馬場|新大久保,四ツ谷駅,四ツ谷駅|四谷三丁目駅|信濃町駅|麹町駅|曙橋駅|市ケ谷駅|赤坂見附駅|半蔵門駅|永田町駅|国立競技場駅,272.0,,,,tag:feature:midnight,20,+20(rental=1),0,1
深夜利用OKのダンススタジオ 東京,条件,A,ケアリノフラスタジオ,〒179-0081 東京都練馬区北町８丁目３６-２,,0,練馬,練馬,地下鉄赤塚駅,地下鉄赤塚駅|下赤塚駅|平和台駅|東武練馬駅|成増駅|地下鉄成増駅|光が丘駅|練馬春日町駅,339.0,,,,tag:feature:midnight,20,+20(rental=1),0,1
深夜利用OKのダンススタジオ 東京,条件,A,"レンタルスタジオDance""MOVE""!!",〒165-0027 東京都中野区野方５丁目３０-６ ひろきやビル 2階,,0,中野,中野,野方駅,野方駅|都立家政駅|沼袋駅|鷺ノ宮駅|高円寺駅|新井薬師前駅|中野駅,127.0,,,,tag:feature:midnight,50,+20(rental=1)|+30(レンタルスタジオ),0,1
深夜利用OKのダンススタジオ 東京,条件,A,ゴールドジム南大沢東京,〒192-0364 東京都八王子市南大沢２丁目30番地 サザンウィンズ南大沢 2F,,0,八王子,八王子,南大沢駅,南大沢駅|多摩境駅,111.0,,,,tag:feature:midnight,20,+20(rental=1),0,1
深夜利用OKのダンススタジオ 東京,条件,A,studio RhythMoon（スタジオ・リズムーン）,〒167-0022 東京都杉並区下井草５丁目１６-９,,0,高円寺,高円寺,井荻駅,井荻駅|下井草駅|上井草駅|富士見台駅|練馬高野台駅,180.0,,,,tag:feature:midnight,20,+20(rental=1),0,1
深夜利用OKのダンススタジオ 東京,条件,A,コンバレエスタジオ Kon Ballet Studio 糀谷店,〒144-0035 東京都大田区南蒲田３丁目１３-１２ キザキビル2F.3F,,0,蒲田,蒲田,糀谷駅,糀谷駅|大鳥居駅|京急蒲田駅|雑色駅|穴守稲荷駅|梅屋敷駅|蒲田駅|東門前駅|川崎大師駅,228.0,,,,tag:feature:midnight,20,+20(rental=1),0,1
深夜利用OKのダンススタジオ 東京,条件,A,サイスタジオ,〒173-0014 東京都板橋区大山東町１９-１ FM10ラ･アクシオンビル4階,,0,成増,成増,大山駅,大山駅|板橋区役所前駅|下板橋駅|中板橋駅|北池袋駅|板橋本町駅|板橋駅|新板橋駅|千川駅|要町駅,146.0,,,,tag:feature:midnight,20,+20(rental=1),0,1
深夜利用OKのダンススタジオ 東京,条件,A,サイスタジオ小茂根,〒173-0037 東京都板橋区小茂根１丁目９-５ サイスタジオ小茂根 2F,,0,成増,成増,小竹向原駅,小竹向原駅|江古田駅|千川駅|新桜台駅|氷川台駅|東長崎駅|新江古田駅|桜台駅|ときわ台駅|中板橋駅,127.0,,,,tag:feature:midnight,20,+20(rental=1),0,1
深夜利用OKのダンススタジオ 東京,条件,A,ソニズレンタルスタジオ南阿佐ヶ谷店,〒166-0015 東京都杉並区成田東５丁目３９-１２ グローリーハイツ南阿佐ケ谷榎本 B1F,,0,高円寺,高円寺,南阿佐ケ谷駅,南阿佐ケ谷駅|阿佐ヶ谷駅|新高円寺駅|荻窪駅|高円寺駅,116.0,,,,tag:feature:midnight,50,+20(rental=1)|+30(レンタルスタジオ),0,1
深夜利用OKのダンススタジオ 東京,条件,A,サカモトトモキ・ダンススタジオ,〒162-0805 東京都新宿区矢来町６５ 2階,,0,新宿,新宿|西新宿|高田馬場|新大久保,神楽坂駅,神楽坂駅|牛込神楽坂駅|江戸川橋駅|牛込柳町駅|早稲田駅|飯田橋駅|若松河田駅|市ケ谷駅|茗荷谷駅|曙橋駅,133.0,,,,tag:feature:midnight,45,+20(rental=1)|+25(ダンススタジオ),0,1
深夜利用OKのダンススタジオ 東京,条件,A,TONIC DANCE STUDIO 阿佐ヶ谷,〒166-0004 東京都杉並区阿佐谷南３丁目１-２１ 徳和ビル 地下1階,,0,高円寺,高円寺,南阿佐ケ谷駅,南阿佐ケ谷駅|阿佐ヶ谷駅|新高円寺駅|高円寺駅|荻窪駅,248.0,,,,tag:feature:midnight,45,+20(rental=1)|+25(ダンススタジオ),0,1
深夜利用OKのダンススタジオ 東京,条件,A,サムズダンススタジオ,〒158-0097 東京都世田谷区用賀４丁目１１-４ 福島第一ビル 2F,,0,下北沢,下北沢|三軒茶屋|二子玉川|自由が丘,用賀駅,用賀駅|桜新町駅|上野毛駅|二子玉川駅,85.0,,,,tag:feature:midnight,45,+20(rental=1)|+25(ダンススタジオ),0,1
深夜利用OKのダンススタジオ 東京,条件,A,サラ・プランタ,〒150-0013 東京都渋谷区恵比寿１丁目１６?番28号 2-4階 Tkビル,,0,渋谷,渋谷|恵比寿|代官山|原宿,恵比寿駅,恵比寿駅,311.0,,,,tag:feature:midnight,20,+20(rental=1),0,1
深夜利用OKのダンススタジオ 東京,条件,A,サワミュージカルスタジオ,"関島ビル B2F, １丁目-１４-１２ 弥生町 中野区 東京都 164-0013",,0,中野,中野,西新宿五丁目駅（清水橋）,西新宿五丁目駅（清水橋）|中野新橋駅|中野坂上駅|都庁前駅|西新宿駅|初台駅|中野富士見町駅|新中野駅|幡ヶ谷駅|新宿西口駅,299.0,,,,tag:feature:midnight,20,+20(rental=1),0,1
深夜利用OKのダンススタジオ 東京,条件,A,クリエイティブスペース・フュージョン,〒167-0053 東京都杉並区西荻南３丁目２４-２４-１ 西荻マイロード 27,,0,高円寺,高円寺,西荻窪駅,西荻窪駅|荻窪駅|三鷹台駅|久我山駅|井の頭公園駅|吉祥寺駅,141.0,,,,tag:feature:midnight,20,+20(rental=1),0,1
深夜利用OKのダンススタジオ 東京,条件,A,レンタルスタジオ 阿佐ヶ谷リノ,〒166-0015 東京都杉並区成田東５丁目２０-９,,0,高円寺,高円寺,南阿佐ケ谷駅,南阿佐ケ谷駅|阿佐ヶ谷駅|荻窪駅|新高円寺駅|高円寺駅,434.0,,,,tag:feature:midnight,50,+20(rental=1)|+30(レンタルスタジオ),0,1
深夜利用OKのダンススタジオ 東京,条件,A,ジーロックス・スタジオ,〒168-0073 東京都杉並区下高井戸１丁目１５-１２,,0,高円寺,高円寺,下高井戸駅,下高井戸駅|桜上水駅|松原駅|永福町駅|明大前駅|西永福駅|上北沢駅|山下駅|東松原駅|豪徳寺駅,420.0,,,,tag:feature:midnight,20,+20(rental=1),0,1
深夜利用OKのダンススタジオ 東京,条件,A,BUZZ田無,〒188-8511 東京都西東京市田無町３丁目１０-１５ 京屋ビル 2階,,0,ひばりヶ丘,ひばりヶ丘,田無駅,田無駅|西武柳沢駅,337.0,,,,tag:feature:midnight,20,+20(rental=1),0,1
深夜利用OKのダンススタジオ 東京,条件,A,ジムスタジオ IT'S MY TIME府中駅前店,〒183-0023 東京都府中市宮町１丁目23-３ 関口ビル 1階,,0,府中,府中,府中駅,府中駅,505.0,,,,tag:feature:midnight,20,+20(rental=1),0,1
深夜利用OKのダンススタジオ 東京,条件,A,シャノワールレンタルスタジオ,〒110-0005 東京都台東区上野３丁目１４-５ ヴェルコ黒門ビル 地下1階,,0,上野,上野|浅草|御徒町|蔵前,秋葉原駅,秋葉原駅|上野駅,782.0,,,,tag:feature:midnight,50,+20(rental=1)|+30(レンタルスタジオ),0,1
深夜利用OKのダンススタジオ 東京,条件,A,シュミネAスタジオStudioStyle+,〒169-0073 東京都新宿区百人町１丁目２４-７,,0,新宿,新宿|西新宿|高田馬場|新大久保,新大久保駅,新大久保駅|西武新宿駅|新宿駅,374.0,,,,tag:feature:midnight,20,+20(rental=1),0,1
深夜利用OKのダンススタジオ 東京,条件,A,ジョイ・バレエ ストゥーディオ 平和台スタジオ,〒179-0083 東京都練馬区平和台３丁目１５-１１ 飯塚ダンススタジオ,,0,練馬,練馬,氷川台駅,氷川台駅|平和台駅|東武練馬駅|上板橋駅|新桜台駅|桜台駅|豊島園駅,655.0,,,,tag:feature:midnight,20,+20(rental=1),0,1
深夜利用OKのダンススタジオ 東京,条件,A,ジョイ・バレエ ストゥーディオ 本部スタジオ,〒171-0052 東京都豊島区南長崎１丁目９-１６ ヒルトップビルド B1,,0,池袋,池袋|目白|大塚|巣鴨,椎名町駅,椎名町駅|下落合駅|落合南長崎駅|要町駅|目白駅|東長崎駅|中井駅|高田馬場駅|千川駅|池袋駅,241.0,,,,tag:feature:midnight,20,+20(rental=1),0,1
深夜利用OKのダンススタジオ 東京,条件,A,シライシダンススタジオ,〒106-0047 東京都港区南麻布５丁目１０-２６ ＯＲＥ広尾ビル ２階,,0,六本木,六本木|赤坂|麻布|新橋,麻布十番駅,麻布十番駅,1112.0,,,,tag:feature:midnight,45,+20(rental=1)|+25(ダンススタジオ),0,1
深夜利用OKのダンススタジオ 東京,条件,A,シルクスタジオ,〒192-0912 東京都八王子市絹ケ丘１丁目２１-５,,0,八王子,八王子,長沼駅,長沼駅|北野駅|平山城址公園駅|片倉駅,495.0,,,,tag:feature:midnight,20,+20(rental=1),0,1
深夜利用OKのダンススタジオ 東京,条件,A,ジンドー学園,〒203-0014 東京都東久留米市東本町１-５ ジンドー学園ビル,,0,東久留米,東久留米,東久留米駅,東久留米駅|ひばりヶ丘駅|清瀬駅,138.0,,,,tag:feature:midnight,20,+20(rental=1),0,1
深夜利用OKのダンススタジオ 東京,条件,A,シンフォニー,〒114-0001 東京都北区東十条２丁目４-１２ 金鈴ビル,,0,赤羽,赤羽,東十条駅,東十条駅|王子神谷駅|十条駅|王子駅前駅|王子駅|飛鳥山駅|栄町駅|新板橋駅|志茂駅|滝野川一丁目駅,281.0,,,,tag:feature:midnight,20,+20(rental=1),0,1
深夜利用OKのダンススタジオ 東京,条件,A,スキップスタジオ成城,〒157-0066 東京都世田谷区成城１丁目１-５,,0,下北沢,下北沢|三軒茶屋|二子玉川|自由が丘,成城学園前駅,成城学園前駅|祖師ヶ谷大蔵駅|喜多見駅,1019.0,,,,tag:feature:midnight,20,+20(rental=1),0,1
深夜利用OKのダンススタジオ 東京,条件,A,スタジオ in フットサルステージ（多摩センター）,〒206-0033 東京都多摩市落合１丁目４７ ニューシティ多摩センタービル ８F,,0,多摩センター,多摩センター,小田急多摩センター駅,小田急多摩センター駅|京王多摩センター駅|唐木田駅,380.0,,,,tag:feature:midnight,20,+20(rental=1),0,1
深夜利用OKのダンススタジオ 東京,条件,A,スタジオ With The Heart,"関口１丁目１５ー１ ミサオビルB１F, 文京区 東京都 112-0014",,0,後楽園,後楽園,江戸川橋駅,江戸川橋駅|神楽坂駅|牛込神楽坂駅|茗荷谷駅|飯田橋駅|早稲田駅|牛込柳町駅|護国寺駅|後楽園駅|春日駅,197.0,,,,tag:feature:midnight,20,+20(rental=1),0,1
深夜利用OKのダンススタジオ 東京,条件,A,スタジオ アッコルタ,〒150-0013 東京都渋谷区恵比寿２丁目６-２９ ACCOLTATS B1F,,0,渋谷,渋谷|恵比寿|代官山|原宿,恵比寿駅,恵比寿駅,658.0,,,,tag:feature:midnight,20,+20(rental=1),0,1
深夜利用OKのダンススタジオ 東京,条件,A,スタジオ アドバンス,〒263-0031 千葉県千葉市稲毛区稲毛東３丁目１６-２,,0,その他,その他,稲毛駅,稲毛駅|京成稲毛駅|みどり台駅|稲毛海岸駅|穴川駅|西千葉駅,83.0,,,,tag:feature:midnight,20,+20(rental=1),0,1
深夜利用OKのダンススタジオ 東京,条件,A,スタジオ エモーティフ,〒141-0031 東京都品川区西五反田５丁目２２-５ 藤ハイム B1F,,0,品川,品川|五反田|大井町|目黒,五反田駅,五反田駅,911.0,,,,tag:feature:midnight,20,+20(rental=1),0,1
深夜利用OKのダンススタジオ 東京,条件,A,スタジオ エルヴール,〒142-0063 東京都品川区荏原４丁目１７-１９ エルヴール 203,,0,品川,品川|五反田|大井町|目黒,西小山駅,西小山駅|武蔵小山駅|荏原中延駅|戸越銀座駅|戸越駅|旗の台駅|洗足駅|中延駅|荏原町駅|戸越公園駅,619.0,,,,tag:feature:midnight,20,+20(rental=1),0,1
深夜利用OKのダンススタジオ 東京,条件,A,スタジオ エレ,〒161-0034 東京都新宿区上落合３丁目２３-１７,,0,新宿,新宿|西新宿|高田馬場|新大久保,落合駅,落合駅|東中野駅|中井駅|新井薬師前駅|下落合駅|落合南長崎駅|中野坂上駅|中野駅|大久保駅|新大久保駅,319.0,,,,tag:feature:midnight,20,+20(rental=1),0,1
深夜利用OKのダンススタジオ 東京,条件,A,スタジオ クロア,〒145-0071 東京都大田区田園調布２丁目４６-３ ライトハウス田園調布 1F,,0,蒲田,蒲田,自由が丘駅,自由が丘駅,1156.0,,,,tag:feature:midnight,20,+20(rental=1),0,1
深夜利用OKのダンススタジオ 東京,条件,A,スタジオ クロア 第１スタジオ,〒145-0071 東京都大田区田園調布２丁目４６-１６,,0,蒲田,蒲田,自由が丘駅,自由が丘駅,1150.0,,,,tag:feature:midnight,20,+20(rental=1),0,1
深夜利用OKのダンススタジオ 東京,条件,A,ダンススタジオ ability,〒192-0066 東京都八王子市本町２４-８ クラフトビル 1F,,0,八王子,八王子,八王子駅,八王子駅,981.0,,,,tag:feature:midnight,45,+20(rental=1)|+25(ダンススタジオ),0,1
深夜利用OKのダンススタジオ 東京,条件,A,レンタルスタジオNSA 1号店,〒001-0014 北海道札幌市北区北１４条西１丁目２-５ 三晃ビル,,0,赤羽,赤羽,北１３条東駅,北１３条東駅|北１２条駅|北１８条駅|札幌駅|東区役所前駅|さっぽろ駅|北２４条駅|桑園駅|環状通東駅|大通駅,302.0,,,,tag:feature:midnight,50,+20(rental=1)|+30(レンタルスタジオ),0,1
深夜利用OKのダンススタジオ 東京,条件,A,スタジオ ジュエル,〒179-0075 東京都練馬区高松１丁目１２-８,,0,練馬,練馬,練馬春日町駅,練馬春日町駅|中村橋駅|富士見台駅|光が丘駅|豊島園駅|練馬高野台駅,876.0,,,,tag:feature:midnight,20,+20(rental=1),0,1
深夜利用OKのダンススタジオ 東京,条件,A,スタジオ ダ・ヴィンチ,"〒105-0021 東京都港区東新橋２丁目４-６ パラッツオシエナ 1 2,3F",,0,六本木,六本木|赤坂|麻布|新橋,新橋駅,新橋駅|浜松町駅,517.0,,,,tag:feature:midnight,20,+20(rental=1),0,1
深夜利用OKのダンススタジオ 東京,条件,A,スタジオククナ,〒114-0032 東京都北区中十条２丁目９-１５ 地下１階 瀬武興業第一ビル,,0,赤羽,赤羽,東十条駅,東十条駅|十条駅|王子神谷駅|王子駅前駅|王子駅|新板橋駅|飛鳥山駅|赤羽駅|滝野川一丁目駅|志茂駅,200.0,,,,tag:feature:midnight,20,+20(rental=1),0,1
深夜利用OKのダンススタジオ 東京,条件,A,スタジオ プリメーラ(スタジオ プリメラ),〒169-0072 東京都新宿区大久保２丁目８-８ 青葉ビル,,0,新宿,新宿|西新宿|高田馬場|新大久保,新大久保駅,新大久保駅|西武新宿駅|高田馬場駅,678.0,,,,tag:feature:midnight,20,+20(rental=1),0,1
深夜利用OKのダンススタジオ 東京,条件,A,CREO王子駅前｜ダンススタジオ｜レンタルスペース,〒114-0002 東京都北区王子１丁目２-１ 倉長ビル 402号室,,0,赤羽,赤羽,王子駅前駅,王子駅前駅|王子駅|飛鳥山駅|滝野川一丁目駅|西ケ原駅|梶原駅|西ヶ原四丁目駅|上中里駅|西巣鴨駅|王子神谷駅,97.0,,,,tag:feature:midnight,45,+20(rental=1)|+25(ダンススタジオ),0,1
深夜利用OKのダンススタジオ 東京,条件,A,Studio Face,〒114-0021 東京都北区岸町１丁目６-２０ 地下1階 レジェンド王子,,0,赤羽,赤羽,王子駅前駅,王子駅前駅|王子駅|飛鳥山駅|栄町駅|滝野川一丁目駅|西ヶ原四丁目駅|西ケ原駅|王子神谷駅|梶原駅|東十条駅,346.0,,,,tag:feature:midnight,20,+20(rental=1),0,1
深夜利用OKのダンススタジオ 東京,条件,A,スタジオ リル 千葉市川市店,〒272-0133 千葉県市川市行徳駅前１丁目１７-９ ステップワンビル 303,,0,その他,その他,行徳駅,行徳駅|妙典駅|南行徳駅|瑞江駅,164.0,,,,tag:feature:midnight,20,+20(rental=1),0,1
深夜利用OKのダンススタジオ 東京,条件,A,スタジオ ルカロ,〒453-0856 愛知県名古屋市中村区並木１丁目１４２,,0,その他,その他,岩塚駅,岩塚駅|近鉄八田駅|八田駅|小本駅|烏森駅|高畑駅|中村公園駅|黄金駅|荒子駅,523.0,,,,tag:feature:midnight,20,+20(rental=1),0,1
深夜利用OKのダンススタジオ 東京,条件,A,スタジオ レセルバ,〒107-0052 東京都港区赤坂３丁目２１-１４ TS共和六番館地下一階,,0,六本木,六本木|赤坂|麻布|新橋,赤坂駅,赤坂駅|青山一丁目駅,380.0,,,,tag:feature:midnight,20,+20(rental=1),0,1
深夜利用OKのダンススタジオ 東京,条件,A,スタジオ レンズマン青山,〒107-0062 東京都港区南青山２丁目１０-１１ 南青山パールハイム 1F,,0,六本木,六本木|赤坂|麻布|新橋,青山一丁目駅,青山一丁目駅|外苑前駅|表参道駅,316.0,,,,tag:feature:midnight,20,+20(rental=1),0,1
深夜利用OKのダンススタジオ 東京,条件,A,スタジオ・アヴァンティ,〒189-0014 東京都東村山市本町２丁目２１-３ ファーストステージ東村山,,0,東村山,東村山,東村山駅,東村山駅|久米川駅|八坂駅|西武園駅,281.0,,,,tag:feature:midnight,20,+20(rental=1),0,1
深夜利用OKのダンススタジオ 東京,条件,A,BUZZ レンタルスタジオ赤坂店,〒107-0052 東京都港区赤坂２丁目１３-２０ Tsumugi ビル,,0,六本木,六本木|赤坂|麻布|新橋,赤坂駅,赤坂駅,148.0,,,,tag:feature:midnight,50,+20(rental=1)|+30(レンタルスタジオ),0,1
深夜利用OKのダンススタジオ 東京,条件,A,スタジオ・ブリエ 四谷,〒160-0008 東京都新宿区四谷三栄町１２-２ 大久保ビル 1階,,0,新宿,新宿|西新宿|高田馬場|新大久保,四谷三丁目駅,四谷三丁目駅|曙橋駅|四ツ谷駅|市ケ谷駅|信濃町駅|麹町駅|牛込柳町駅|新宿御苑前駅|若松河田駅|国立競技場駅,430.0,,,,tag:feature:midnight,20,+20(rental=1),0,1
深夜利用OKのダンススタジオ 東京,条件,A,スタジオ・マンサナ,〒112-0002 東京都文京区小石川２丁目３-２１,,0,後楽園,後楽園,後楽園駅,後楽園駅|春日駅|水道橋駅|本郷三丁目駅|飯田橋駅|東大前駅|白山駅|茗荷谷駅|九段下駅|根津駅,148.0,,,,tag:feature:midnight,20,+20(rental=1),0,1
深夜利用OKのダンススタジオ 東京,条件,A,BUZZ レンタルスタジオ 六本木店,〒106-0032 東京都港区六本木４丁目５-７ スタジオＤ 地下1階,https://dance-studio-lab.com/room/MGYxY2IwOWYtNDQ4ZS00MmEyLTliYTAtNzg1YjUyOTA0OTlj/detail,1,六本木,六本木|赤坂|麻布|新橋,六本木駅,六本木駅|赤坂駅|青山一丁目駅,269.0,,,,tag:feature:midnight,80,+30(dslurl)|+20(rental=1)|+30(レンタルスタジオ),0,1
深夜利用OKのダンススタジオ 東京,条件,A,スタジオBOS,〒174-0065 東京都板橋区若木１丁目２６-９,,0,成増,成増,東武練馬駅,東武練馬駅|上板橋駅|志村三丁目駅|蓮根駅|平和台駅,787.0,,,,tag:feature:midnight,20,+20(rental=1),0,1
深夜利用OKのダンススタジオ 東京,条件,A,スタジオｉＤＣ,〒171-0014 東京都豊島区池袋２丁目４７-３ キウレイコンビル ４,,0,池袋,池袋|目白|大塚|巣鴨,池袋駅,池袋駅,500.0,,,,tag:feature:midnight,20,+20(rental=1),0,1
深夜利用OKのダンススタジオ 東京,条件,A,スタジオJBA,〒103-0011 東京都中央区日本橋大伝馬町１１-８ ＨＡＴビル B1F,,0,銀座,銀座|日本橋|八丁堀|月島,秋葉原駅,秋葉原駅,1128.0,,,,tag:feature:midnight,20,+20(rental=1),0,1
深夜利用OKのダンススタジオ 東京,条件,A,スタジオK,〒195-0064 東京都町田市小野路町２０７３-３,,0,町田,町田,なし,,,,,,tag:feature:midnight,20,+20(rental=1),0,1
深夜利用OKのダンススタジオ 東京,条件,A,スタジオR&Y,〒154-0011 東京都世田谷区上馬２丁目３１-１３ フラワーホーム102,,0,下北沢,下北沢|三軒茶屋|二子玉川|自由が丘,三軒茶屋駅,三軒茶屋駅,624.0,,,,tag:feature:midnight,20,+20(rental=1),0,1
深夜利用OKのダンススタジオ 東京,条件,A,スタジオSOPIC,〒194-0045 東京都町田市南成瀬１丁目2-１,,0,町田,町田,成瀬駅,成瀬駅|つくし野駅|長津田駅|恩田駅,95.0,,,,tag:feature:midnight,20,+20(rental=1),0,1
深夜利用OKのダンススタジオ 東京,条件,A,スタジオWITHテライダンスカンパニー,〒116-0014 東京都荒川区東日暮里６丁目４５-３ ハイウエストビル3F ハイウエストビル,,0,日暮里,日暮里,日暮里駅,日暮里駅,426.0,,,,tag:feature:midnight,20,+20(rental=1),0,1
深夜利用OKのダンススタジオ 東京,条件,A,スタジオアニマーダ,〒154-0024 東京都世田谷区三軒茶屋１丁目１６-８,,0,下北沢,下北沢|三軒茶屋|二子玉川|自由が丘,三軒茶屋駅,三軒茶屋駅,423.0,,,,tag:feature:midnight,20,+20(rental=1),0,1
深夜利用OKのダンススタジオ 東京,条件,A,スタジオアリス 足立舎人店,〒121-0831 東京都足立区舎人１丁目１５-９,,0,北千住,北千住,舎人駅,舎人駅|舎人公園駅|見沼代親水公園駅|谷在家駅,47.0,,,,tag:feature:midnight,20,+20(rental=1),0,1
深夜利用OKのダンススタジオ 東京,条件,A,スタジオインディ 新宿店,〒160-0022 東京都新宿区新宿３丁目２２番１１号 新宿ＲＳビル ６階,,0,新宿,新宿|西新宿|高田馬場|新大久保,新宿駅,新宿駅|西武新宿駅|新大久保駅,289.0,,,,tag:feature:midnight,20,+20(rental=1),0,1
深夜利用OKのダンススタジオ 東京,条件,A,スタジオインディ 東京駅前店,〒104-0031 東京都中央区京橋１丁目４-１１ 竹本ビルディング ４階,,0,銀座,銀座|日本橋|八丁堀|月島,東京駅,東京駅|有楽町駅,397.0,,,,tag:feature:midnight,20,+20(rental=1),0,1
深夜利用OKのダンススタジオ 東京,条件,A,スタジオヴェロニカ,〒104-0032 東京都中央区八丁堀２丁目１９-６ ヤサカ八丁堀ビル B1,,0,銀座,銀座|日本橋|八丁堀|月島,東京駅,東京駅|有楽町駅,1036.0,,,,tag:feature:midnight,20,+20(rental=1),0,1
深夜利用OKのダンススタジオ 東京,条件,A,スタジオエリース,〒161-0033 東京都新宿区下落合２丁目１-８ 三栄ビル 310号室,,0,新宿,新宿|西新宿|高田馬場|新大久保,高田馬場駅,高田馬場駅,557.0,,,,tag:feature:midnight,20,+20(rental=1),0,1
深夜利用OKのダンススタジオ 東京,条件,A,スタジオカリヨン,〒179-0081 東京都練馬区北町５丁目１８-４ スズキプリンティングサービス,,0,練馬,練馬,東武練馬駅,東武練馬駅|下赤塚駅|地下鉄赤塚駅|平和台駅,784.0,,,,tag:feature:midnight,20,+20(rental=1),0,1
深夜利用OKのダンススタジオ 東京,条件,A,スタジオスタイルプラス窓口StudioStyle+,〒160-0023 東京都新宿区西新宿７丁目２２-３１ 1F,,0,新宿,新宿|西新宿|高田馬場|新大久保,西武新宿駅,西武新宿駅|新大久保駅|新宿駅,380.0,,,,tag:feature:midnight,20,+20(rental=1),0,1
深夜利用OKのダンススタジオ 東京,条件,A,スタジオジパング 池上スタジオSTANDARD,〒146-0082 東京都大田区池上６丁目５-１４ プレゼンス池上 地下1階,,0,蒲田,蒲田,池上駅,池上駅|蓮沼駅|矢口渡駅|千鳥町駅|武蔵新田駅|蒲田駅|西馬込駅|下丸子駅|久が原駅,162.0,,,,tag:feature:midnight,20,+20(rental=1),0,1
深夜利用OKのダンススタジオ 東京,条件,A,スタジオハクーロ,〒155-0032 東京都世田谷区代沢２丁目４６ 三宅ビル,,0,下北沢,下北沢|三軒茶屋|二子玉川|自由が丘,下北沢駅,下北沢駅,379.0,,,,tag:feature:midnight,20,+20(rental=1),0,1
深夜利用OKのダンススタジオ 東京,条件,A,スタジオプラーナ,〒454-0852 愛知県名古屋市中川区昭和橋通５丁目４０-２,,0,その他,その他,中島駅,中島駅|南荒子駅|港北駅|荒子駅|高畑駅,31.0,,,,tag:feature:midnight,20,+20(rental=1),0,1
深夜利用OKのダンススタジオ 東京,条件,A,スタジオフラップ,〒152-0003 東京都目黒区碑文谷５丁目１４-１３,,0,中目黒,中目黒,学芸大学駅,学芸大学駅,735.0,,,,tag:feature:midnight,20,+20(rental=1),0,1
深夜利用OKのダンススタジオ 東京,条件,A,スタジオペンタ五反田店,〒141-0022 東京都品川区東五反田１丁目１２-９,,0,品川,品川|五反田|大井町|目黒,五反田駅,五反田駅|大崎駅|目黒駅,169.0,,,,tag:feature:midnight,20,+20(rental=1),0,1
深夜利用OKのダンススタジオ 東京,条件,A,スタジオマーティ 駒沢大学 / STUDIO marty Komazawa,〒154-0011 東京都世田谷区上馬２丁目２-５ ２F,,0,下北沢,下北沢|三軒茶屋|二子玉川|自由が丘,三軒茶屋駅,三軒茶屋駅,973.0,,,,tag:feature:midnight,20,+20(rental=1),0,1
深夜利用OKのダンススタジオ 東京,条件,A,スタジオマーティ 東京三田慶応 / STUDIO marty Tokyo Mita Keio,〒108-0073 東京都港区三田２丁目１４-４ １Ｆ,,0,六本木,六本木|赤坂|麻布|新橋,田町駅,田町駅|麻布十番駅,478.0,,,,tag:feature:midnight,20,+20(rental=1),0,1
深夜利用OKのダンススタジオ 東京,条件,A,スタジオよもだ A館,〒110-0003 東京都台東区１２ 根岸2丁目12-11 スタジオよもだ,,0,上野,上野|浅草|御徒町|蔵前,日暮里駅,日暮里駅,722.0,,,,tag:feature:midnight,20,+20(rental=1),0,1
深夜利用OKのダンススタジオ 東京,条件,A,スタジオよもだB館,〒110-0003 東京都台東区根岸２丁目１７-１,,0,上野,上野|浅草|御徒町|蔵前,日暮里駅,日暮里駅|上野駅,744.0,,,,tag:feature:midnight,20,+20(rental=1),0,1
深夜利用OKのダンススタジオ 東京,条件,A,スタジオリーガル池袋,〒170-0012 東京都豊島区上池袋４丁目２-１,,0,池袋,池袋|目白|大塚|巣鴨,北池袋駅,北池袋駅|巣鴨新田駅|庚申塚駅|板橋駅|西巣鴨駅|新庚申塚駅|下板橋駅|大塚駅|新板橋駅|西ヶ原四丁目駅,507.0,,,,tag:feature:midnight,20,+20(rental=1),0,1
深夜利用OKのダンススタジオ 東京,条件,A,スタジオリリオ＆カフェ,〒125-0061 東京都葛飾区２９ 亀有3-29-1リリオ弐番館B1,,0,新小岩,新小岩,亀有駅,亀有駅|北綾瀬駅|京成金町駅|金町駅,142.0,,,,tag:feature:midnight,20,+20(rental=1),0,1
深夜利用OKのダンススタジオ 東京,条件,A,スタジオ阿弥陀,〒110-0004 東京都台東区下谷１丁目８-２０ 長松寺,,0,上野,上野|浅草|御徒町|蔵前,上野駅,上野駅,773.0,,,,tag:feature:midnight,20,+20(rental=1),0,1
深夜利用OKのダンススタジオ 東京,条件,A,スタジオ階梯-空-,〒171-0052 東京都豊島区南長崎５丁目１４-２ ヤマザキビル 地下1階,,0,池袋,池袋|目白|大塚|巣鴨,東長崎駅,東長崎駅|落合南長崎駅|椎名町駅|新江古田駅|千川駅|江古田駅|中井駅|要町駅|新井薬師前駅|下落合駅,316.0,,,,tag:feature:midnight,20,+20(rental=1),0,1
深夜利用OKのダンススタジオ 東京,条件,A,monoダンススタジオ西巣鴨（レンタルスタジオ）,〒114-0023 東京都北区滝野川１丁目９３-５ コスモ西巣鴨 103,,0,赤羽,赤羽,西巣鴨駅,西巣鴨駅|西ヶ原四丁目駅|新庚申塚駅|庚申塚駅|板橋駅|新板橋駅|巣鴨新田駅|王子駅|西ケ原駅|王子駅前駅,212.0,,,,tag:feature:midnight,70,+20(rental=1)|+30(レンタルスタジオ)|+20(web),0,1
深夜利用OKのダンススタジオ 東京,条件,A,スタジオ響,〒164-0002 東京都中野区上高田３丁目３８-１１ 響ＳＯＵ,,0,中野,中野,中野駅,中野駅,1168.0,,,,tag:feature:midnight,20,+20(rental=1),0,1
深夜利用OKのダンススタジオ 東京,条件,A,BUZZ レンタルスタジオ巣鴨店,〒170-0002 東京都豊島区巣鴨２丁目４-６ 第二みどりビル B1,https://dance-studio-lab.com/room/MmNjNjkxYjEtYjA5ZC00YTZkLWFjMTAtZmVhYzQ1MGY0M2Uy/detail,1,池袋,池袋|目白|大塚|巣鴨,巣鴨駅,巣鴨駅|駒込駅|千石駅|庚申塚駅|大塚駅|巣鴨新田駅|新庚申塚駅|西ヶ原四丁目駅|新大塚駅|西ケ原駅,125.0,,,,tag:feature:midnight,80,+30(dslurl)|+20(rental=1)|+30(レンタルスタジオ),0,1
深夜利用OKのダンススタジオ 東京,条件,A,スタジオα,〒202-0001 東京都西東京市ひばりが丘１丁目５-１７ メゾンドα,,0,ひばりヶ丘,ひばりヶ丘,ひばりヶ丘駅,ひばりヶ丘駅|東久留米駅,326.0,,,,tag:feature:midnight,20,+20(rental=1),0,1
深夜利用OKのダンススタジオ 東京,条件,A,レンタルスタジオ Sunny 池袋店,〒170-0013 東京都豊島区東池袋３丁目１１-９,,0,池袋,池袋|目白|大塚|巣鴨,池袋駅,池袋駅,864.0,,,,tag:feature:midnight,50,+20(rental=1)|+30(レンタルスタジオ),0,1
深夜利用OKのダンススタジオ 東京,条件,A,monoダンススタジオ-レンタル,〒304 東京都豊島区北大塚２丁目２-１３ JP 1700004 大塚シャトレー・トーコー 304号室,,0,池袋,池袋|目白|大塚|巣鴨,大塚駅,大塚駅|向原駅|新大塚駅|庚申塚駅|東池袋四丁目駅|巣鴨駅|東池袋駅|新庚申塚駅|都電雑司ヶ谷駅|西巣鴨駅,49.0,,,,tag:feature:midnight,65,+20(rental=1)|+25(ダンススタジオ)|+20(web),0,1
深夜利用OKのダンススタジオ 東京,条件,A,レンタルスタジオSunny 駒込店,〒113-0021 東京都文京区本駒込５丁目１９-９ ワコー本駒込マンション 地下1F,,0,後楽園,後楽園,駒込駅,駒込駅|千石駅|本駒込駅|巣鴨駅|田端駅|白山駅|千駄木駅|西日暮里駅|上中里駅|尾久駅,526.0,,,,tag:feature:midnight,50,+20(rental=1)|+30(レンタルスタジオ),0,1
深夜利用OKのダンススタジオ 東京,条件,A,スペースF・L・S｜昭島レンタルスタジオ,〒196-0025 東京都昭島市朝日町１丁目 １１-５ ２F,,0,東京,東京,中神駅,中神駅|東中神駅|昭島駅|西立川駅|西武立川駅,145.0,,,,tag:feature:midnight,50,+20(rental=1)|+30(レンタルスタジオ),0,1
深夜利用OKのダンススタジオ 東京,条件,A,スポーツクラブ ルネサンス 光が丘,〒179-0075 東京都練馬区高松５丁目８ J．CITYビル 1階,,0,練馬,練馬,光が丘駅,光が丘駅|練馬高野台駅|練馬春日町駅|石神井公園駅,758.0,,,,tag:feature:midnight,20,+20(rental=1),0,1
深夜利用OKのダンススタジオ 東京,条件,A,スポーツクラブ ルネサンス 富士見台24,〒176-0021 東京都練馬区貫井３丁目１２-３３,,0,練馬,練馬,富士見台駅,富士見台駅|中村橋駅|練馬高野台駅|下井草駅|井荻駅|鷺ノ宮駅|豊島園駅,192.0,,,,tag:feature:midnight,20,+20(rental=1),0,1
深夜利用OKのダンススタジオ 東京,条件,A,すむぞうスタジオ,〒150-0041 東京都渋谷区神南１丁目１１-５ ダイネス壱番館渋谷 B1,,0,渋谷,渋谷|恵比寿|代官山|原宿,渋谷駅,渋谷駅|原宿駅|表参道駅,503.0,,,,tag:feature:midnight,20,+20(rental=1),0,1
深夜利用OKのダンススタジオ 東京,条件,A,ノアスタジオ 池袋店,〒170-0013 東京都豊島区東池袋１丁目３０-６ B1F-B2F,,0,池袋,池袋|目白|大塚|巣鴨,池袋駅,池袋駅,602.0,,,,tag:feature:midnight,20,+20(rental=1),0,1
深夜利用OKのダンススタジオ 東京,条件,A,セミナー &【JK Room 虎ノ門】,〒105-0003 東京都港区西新橋１丁目１９-１４ 大和ビル ３A,,0,六本木,六本木|赤坂|麻布|新橋,新橋駅,新橋駅,564.0,,,,tag:feature:midnight,20,+20(rental=1),0,1
深夜利用OKのダンススタジオ 東京,条件,A,セミナールーム茅場町 Co-Edo 3F 貸会議室,〒104-0033 東京都中央区新川１丁目３-４ ＰＡビル3F,,0,銀座,銀座|日本橋|八丁堀|月島,茅場町駅,茅場町駅|水天宮前駅|八丁堀駅|日本橋駅|人形町駅|京橋駅|新富町駅|三越前駅|東京駅|門前仲町駅,223.0,,,,tag:feature:midnight,20,+20(rental=1),0,1
深夜利用OKのダンススタジオ 東京,条件,A,ソードミュージック多目的スタジオ,〒182-0015 東京都調布市八雲台２丁目１-１０,,0,調布,調布,調布駅,調布駅,1056.0,,,,tag:feature:midnight,20,+20(rental=1),0,1
深夜利用OKのダンススタジオ 東京,条件,A,スタジオ白猫屋 調布店,〒182-0021 東京都調布市調布ケ丘１丁目34-５ 調布タカラビル 3階,,0,調布,調布,調布駅,調布駅,415.0,,,,tag:feature:midnight,20,+20(rental=1),0,1
深夜利用OKのダンススタジオ 東京,条件,A,ソニズダンススタジオ南阿佐ヶ谷,〒166-0015 東京都杉並区成田東５丁目３９-１２,,0,高円寺,高円寺,南阿佐ケ谷駅,南阿佐ケ谷駅|阿佐ヶ谷駅|新高円寺駅|荻窪駅|高円寺駅,100.0,,,,tag:feature:midnight,45,+20(rental=1)|+25(ダンススタジオ),0,1
深夜利用OKのダンススタジオ 東京,条件,A,ソピックカルチャー総合サイト,〒194-0045 東京都町田市南成瀬１丁目２-１,,0,町田,町田,成瀬駅,成瀬駅|つくし野駅|長津田駅|恩田駅,111.0,,,,tag:feature:midnight,20,+20(rental=1),0,1
深夜利用OKのダンススタジオ 東京,条件,A,タイムズ東京タワースタジオ前,"4 Chome-4 Shibak?en, Minato City, Tokyo 105-0011",,0,その他,その他,麻布十番駅,麻布十番駅|浜松町駅,1030.0,,,,tag:feature:midnight,20,+20(rental=1),0,1
深夜利用OKのダンススタジオ 東京,条件,A,タカノ,〒124-0011 東京都葛飾区四つ木１丁目４７-１５,,0,新小岩,新小岩,四ツ木駅,四ツ木駅|京成立石駅|お花茶屋駅|八広駅|堀切菖蒲園駅|鐘ケ淵駅|青砥駅,627.0,,,,tag:feature:midnight,20,+20(rental=1),0,1
深夜利用OKのダンススタジオ 東京,条件,A,タケウチ,〒211-0006 神奈川県川崎市中原区丸子通１丁目６３６-１,,0,その他,その他,新丸子駅,新丸子駅|武蔵小杉駅|沼部駅|多摩川駅|向河原駅|田園調布駅|鵜の木駅|御嶽山駅|雪が谷大塚駅|武蔵中原駅,226.0,,,,tag:feature:midnight,20,+20(rental=1),0,1
深夜利用OKのダンススタジオ 東京,条件,A,タップダンススタジオ,〒153-0051 東京都目黒区上目黒１丁目５-１０ 中目黒マンションB1F?10号室,,0,中目黒,中目黒,恵比寿駅,恵比寿駅,888.0,,,,tag:feature:midnight,45,+20(rental=1)|+25(ダンススタジオ),0,1
深夜利用OKのダンススタジオ 東京,条件,A,たにどうダンスワールド,〒107-0052 東京都港区赤坂３丁目９-４ 赤坂扇やビル 4階,,0,六本木,六本木|赤坂|麻布|新橋,赤坂駅,赤坂駅,396.0,,,,tag:feature:midnight,20,+20(rental=1),0,1
深夜利用OKのダンススタジオ 東京,条件,A,タヒチアンダンススタジオ ライマーラマ表参道,〒150-0001 東京都渋谷区神宮前５丁目１３-１４,,0,渋谷,渋谷|恵比寿|代官山|原宿,表参道駅,表参道駅|原宿駅|渋谷駅,493.0,,,,tag:feature:midnight,45,+20(rental=1)|+25(ダンススタジオ),0,1
深夜利用OKのダンススタジオ 東京,条件,A,ダンスアンジェロ,〒169-0051 東京都新宿区西早稲田３丁目５-１３ 大永西早稲田ビル １F,,0,新宿,新宿|西新宿|高田馬場|新大久保,高田馬場駅,高田馬場駅,1184.0,,,,tag:feature:midnight,20,+20(rental=1),0,1
深夜利用OKのダンススタジオ 東京,条件,A,大井町店 レンタルスペースROOTS,〒140-0014 東京都品川区大井４丁目８-１１ L HOUSE 地下 一階,,0,品川,品川|五反田|大井町|目黒,大井町駅,大井町駅,434.0,,,,tag:feature:midnight,20,+20(rental=1),0,1
深夜利用OKのダンススタジオ 東京,条件,A,ダンスカレッジ古都,〒171-0042 東京都豊島区高松１丁目６-２,,0,池袋,池袋|目白|大塚|巣鴨,要町駅,要町駅|千川駅|椎名町駅|池袋駅|東長崎駅|大山駅|目白駅|北池袋駅|落合南長崎駅|小竹向原駅,220.0,,,,tag:feature:midnight,20,+20(rental=1),0,1
深夜利用OKのダンススタジオ 東京,条件,A,ダンススタジオ,〒090-0042 北海道北見市北２条西４丁目13-１,,0,その他,その他,北見駅,北見駅,471.0,,,,tag:feature:midnight,45,+20(rental=1)|+25(ダンススタジオ),0,1
深夜利用OKのダンススタジオ 東京,条件,A,ダンススタジオ スターゲート,〒457-0004 愛知県名古屋市南区中江１丁目６-８,,0,その他,その他,鶴里駅,鶴里駅|桜本町駅|桜駅|野並駅|本笠寺駅|新瑞橋駅|呼続駅|妙音通駅|瑞穂運動場東駅,53.0,,,,tag:feature:midnight,45,+20(rental=1)|+25(ダンススタジオ),0,1
深夜利用OKのダンススタジオ 東京,条件,A,ダンススタジオ ハッピーターン,〒130-0026 東京都墨田区両国４丁目１８-４,,0,錦糸町,錦糸町,両国駅,両国駅|森下駅|菊川駅|浜町駅|浅草橋駅|東日本橋駅|蔵前駅|清澄白河駅|馬喰横山駅|馬喰町駅,503.0,,,,tag:feature:midnight,45,+20(rental=1)|+25(ダンススタジオ),0,1
深夜利用OKのダンススタジオ 東京,条件,A,ダンススタジオ ファンデーション 東中野落合校,〒164-0003 東京都中野区東中野３丁目１６-１４ 小谷ビル １Ｆ,,0,中野,中野,東中野駅,東中野駅|落合駅|中井駅|新井薬師前駅|中野坂上駅|下落合駅|中野駅|落合南長崎駅|新中野駅|大久保駅,392.0,,,,tag:feature:midnight,45,+20(rental=1)|+25(ダンススタジオ),0,1
深夜利用OKのダンススタジオ 東京,条件,A,ダンススタジオ ファンデーション 茂原校,〒297-0073 千葉県茂原市長尾２５４２-２,,0,その他,その他,新茂原駅,新茂原駅,381.0,,,,tag:feature:midnight,45,+20(rental=1)|+25(ダンススタジオ),0,1
深夜利用OKのダンススタジオ 東京,条件,A,池尻大橋レンタルスタジオY3,〒153-0043 東京都目黒区東山３丁目１-１９ メゾン池尻大橋 M.I.O Bldg 305,,0,中目黒,中目黒,池尻大橋駅,池尻大橋駅,173.0,,,,tag:feature:midnight,50,+20(rental=1)|+30(レンタルスタジオ),0,1
深夜利用OKのダンススタジオ 東京,条件,A,ダンススタジオ・スターハウス,〒279-0013 千葉県浦安市日の出５丁目６-１,,0,その他,その他,新浦安駅,新浦安駅,1841.0,,,,tag:feature:midnight,45,+20(rental=1)|+25(ダンススタジオ),0,1
深夜利用OKのダンススタジオ 東京,条件,A,"Dance space BUG FIX,",〒283-0826 千葉県東金市山田 字稲荷谷669-38,,0,その他,その他,なし,,,,,,tag:feature:midnight,20,+20(rental=1),0,1
深夜利用OKのダンススタジオ 東京,条件,A,ダンススタジオ・ミカ,"2階, ５丁目-１-３ 麻生町 北区 札幌市 北海道 001-0045",,0,赤羽,赤羽,麻生駅,麻生駅|新琴似駅|北３４条駅|新川駅|太平駅,149.0,,,,tag:feature:midnight,45,+20(rental=1)|+25(ダンススタジオ),0,1
深夜利用OKのダンススタジオ 東京,条件,A,ダンススタジオANGELO★,〒152-0035 東京都目黒区自由が丘２丁目１６-２５ シグナルヒル B1,,0,中目黒,中目黒,自由が丘駅,自由が丘駅,270.0,,,,tag:feature:midnight,65,+20(rental=1)|+25(ダンススタジオ)|+20(web),0,1
深夜利用OKのダンススタジオ 東京,条件,A,ダンススタジオhow to fly fellows 新浦安校,〒279-0024 千葉県浦安市港３,,0,その他,その他,新浦安駅,新浦安駅|東京ディズニーシー・ステーション駅|リゾートゲートウェイ・ステーション駅,1593.0,,,,tag:feature:midnight,45,+20(rental=1)|+25(ダンススタジオ),0,1
深夜利用OKのダンススタジオ 東京,条件,A,ダンススタジオｈｏｗｔｏｆｌｙ,〒272-0133 千葉県市川市行徳駅前２丁目２０-１,,0,その他,その他,行徳駅,行徳駅|妙典駅|南行徳駅|瑞江駅,194.0,,,,tag:feature:midnight,45,+20(rental=1)|+25(ダンススタジオ),0,1
深夜利用OKのダンススタジオ 東京,条件,A,ダンススタジオJJ,〒350-1122 埼玉県川越市脇田町３-１６ 丸石ビルディング 6階,,0,その他,その他,川越駅,川越駅|本川越駅|川越市駅,241.0,,,,tag:feature:midnight,45,+20(rental=1)|+25(ダンススタジオ),0,1
深夜利用OKのダンススタジオ 東京,条件,A,ダンススタジオRUCHIRU,〒340-0015 埼玉県草加市高砂２丁目２-２８ 丸善草加ビル ３-A,,0,その他,その他,草加駅,草加駅|谷塚駅|獨協大学前(草加松原)駅,240.0,,,,tag:feature:midnight,45,+20(rental=1)|+25(ダンススタジオ),0,1
深夜利用OKのダンススタジオ 東京,条件,A,バレエスタジオ ソレイユ 大阪高槻校,〒569-1121 大阪府高槻市真上町３丁目１０-１２,,0,その他,その他,高槻駅,高槻駅|高槻市駅,1391.0,,,,tag:feature:midnight,20,+20(rental=1),0,1
深夜利用OKのダンススタジオ 東京,条件,A,レンタルスタジオ man?ge,〒569-1121 大阪府高槻市真上町３丁目１０-１２,,0,その他,その他,高槻駅,高槻駅|高槻市駅,1393.0,,,,tag:feature:midnight,50,+20(rental=1)|+30(レンタルスタジオ),0,1
深夜利用OKのダンススタジオ 東京,条件,A,個室レンタルジム AllDayGym 松陰神社店,〒154-0023 東京都世田谷区若林４丁目１７-１２ プルミエール松陰神社 202,,0,下北沢,下北沢|三軒茶屋|二子玉川|自由が丘,松陰神社前駅,松陰神社前駅|若林駅|世田谷駅|上町駅|西太子堂駅|宮の坂駅|梅ヶ丘駅|豪徳寺駅|山下駅|三軒茶屋駅,191.0,,,,tag:feature:midnight,20,+20(rental=1),0,1
深夜利用OKのダンススタジオ 東京,条件,A,ダンススタジオファンデーション 一宮校,〒299-4303 千葉県長生郡一宮町東浪見７４２７-２,,0,その他,その他,東浪見駅,東浪見駅,1399.0,,,,tag:feature:midnight,45,+20(rental=1)|+25(ダンススタジオ),0,1
深夜利用OKのダンススタジオ 東京,条件,A,ダンススタジオブリリアント,〒669-1522 兵庫県三田市下田中５８７-１,,0,その他,その他,三田本町駅,三田本町駅|三田駅|道場駅,1250.0,,,,tag:feature:midnight,45,+20(rental=1)|+25(ダンススタジオ),0,1
深夜利用OKのダンススタジオ 東京,条件,A,ダンススタジオ新宿（レンタルスタジオ）,〒350-1124 埼玉県川越市新宿町５丁目１９-５８,,0,その他,その他,川越駅,川越駅|川越市駅|本川越駅,937.0,,,,tag:feature:midnight,50,+20(rental=1)|+30(レンタルスタジオ),0,1
深夜利用OKのダンススタジオ 東京,条件,A,ダンススタジオ石井,〒151-0051 東京都渋谷区千駄ケ谷５丁目４-７,,0,渋谷,渋谷|恵比寿|代官山|原宿,代々木駅,代々木駅|新宿駅,480.0,,,,tag:feature:midnight,45,+20(rental=1)|+25(ダンススタジオ),0,1
深夜利用OKのダンススタジオ 東京,条件,A,ダンススペース ベースオントップ吉祥寺店,〒180-0004 東京都武蔵野市吉祥寺本町１丁目２０-３ B1F,,0,吉祥寺,吉祥寺,吉祥寺駅,吉祥寺駅,326.0,,,,tag:feature:midnight,20,+20(rental=1),0,1
深夜利用OKのダンススタジオ 東京,条件,A,ダンススペース ベースオントップ高田馬場店,〒169-0075 東京都新宿区高田馬場１丁目３３-１４ サンフラワービル 3F,,0,新宿,新宿|西新宿|高田馬場|新大久保,高田馬場駅,高田馬場駅|新大久保駅,120.0,,,,tag:feature:midnight,20,+20(rental=1),0,1
深夜利用OKのダンススタジオ 東京,条件,A,ダンススペースDD,〒213-0004 神奈川県川崎市高津区１０ 高津区諏訪1-10-8 クラッセコート1-1,,0,その他,その他,二子新地駅,二子新地駅|高津駅|二子玉川駅|溝の口駅|武蔵溝ノ口駅|上野毛駅,81.0,,,,tag:feature:midnight,20,+20(rental=1),0,1
深夜利用OKのダンススタジオ 東京,条件,A,ダンスプレイスフェリーチェ (dance place FELICE),〒125-0041 東京都葛飾区東金町１丁目４２-１０ 東金町ビル ５階,,0,新小岩,新小岩,金町駅,金町駅|京成金町駅|柴又駅,110.0,,,,tag:feature:midnight,20,+20(rental=1),0,1
深夜利用OKのダンススタジオ 東京,条件,A,ダンスフロアーNEWプラスパ,〒203-0014 東京都東久留米市東本町７-１５ プラスパ小山 2F ビル,,0,東久留米,東久留米,東久留米駅,東久留米駅|清瀬駅|ひばりヶ丘駅,318.0,,,,tag:feature:midnight,20,+20(rental=1),0,1
深夜利用OKのダンススタジオ 東京,条件,A,ダンスラッシュ,〒001-0021 北海道札幌市北区北２１条西５丁目１-１ ベルリネッタN21 2F,,0,赤羽,赤羽,北２４条駅,北２４条駅|北１８条駅|北１２条駅|北１３条東駅|北３４条駅|東区役所前駅|桑園駅|札幌駅,465.0,,,,tag:feature:midnight,20,+20(rental=1),0,1
深夜利用OKのダンススタジオ 東京,条件,A,ダンスレンタルスタジオ プラーナ,〒206-0011 東京都多摩市関戸２丁目３２-５ カネシロビルB1,,0,多摩センター,多摩センター,聖蹟桜ヶ丘駅,聖蹟桜ヶ丘駅|中河原駅,552.0,,,,tag:feature:midnight,50,+20(rental=1)|+30(レンタルスタジオ),0,1
深夜利用OKのダンススタジオ 東京,条件,A,BUZZ レンタルスタジオ 池袋西口PARK店,〒171-0021 東京都豊島区西池袋３丁目３０-１０ ライオンビル B1,,0,池袋,池袋|目白|大塚|巣鴨,池袋駅,池袋駅,415.0,,,,tag:feature:midnight,50,+20(rental=1)|+30(レンタルスタジオ),0,1
深夜利用OKのダンススタジオ 東京,条件,A,BUZZ池袋サンシャイン,〒170-0013 東京都豊島区東池袋１丁目２６-３,,0,池袋,池袋|目白|大塚|巣鴨,池袋駅,池袋駅,526.0,,,,tag:feature:midnight,20,+20(rental=1),0,1
深夜利用OKのダンススタジオ 東京,条件,A,スタジオジパング 池袋スタジオSTANDARD 7F/8F,〒171-0021 東京都豊島区西池袋３丁目２９-９ 8F Ｃ３ビル 7F,,0,池袋,池袋|目白|大塚|巣鴨,池袋駅,池袋駅,449.0,,,,tag:feature:midnight,20,+20(rental=1),0,1
深夜利用OKのダンススタジオ 東京,条件,A,natsu belly dance club,〒171-0022 東京都豊島区南池袋２丁目２２-４ フジキF2ビル,,0,池袋,池袋|目白|大塚|巣鴨,池袋駅,池袋駅,352.0,,,,tag:feature:midnight,20,+20(rental=1),0,1
深夜利用OKのダンススタジオ 東京,条件,A,"in the house / Mejiro ""Attic""",〒171-0031 東京都豊島区目白３丁目１-３４ 2F,,0,池袋,池袋|目白|大塚|巣鴨,高田馬場駅,高田馬場駅|池袋駅,873.0,,,,tag:feature:midnight,20,+20(rental=1),0,1
深夜利用OKのダンススタジオ 東京,条件,A,スタジオジパング 目白スタジオPRO,〒171-0031 東京都豊島区目白３ 5-13 地下1階,,0,池袋,池袋|目白|大塚|巣鴨,池袋駅,池袋駅|高田馬場駅,887.0,,,,tag:feature:midnight,20,+20(rental=1),0,1
深夜利用OKのダンススタジオ 東京,条件,A,チェリッシュスタジオ3号館／10号館,〒150-0045 東京都渋谷区神泉町２０-２５ 神泉ＱＳビル 4階／7階,https://dance-studio-lab.com/room/ODU0ZjgzZjAtNDc3OS00N2YwLTkxZWEtNTNiMTc2MDE4NGRl/detail,1,渋谷,渋谷|恵比寿|代官山|原宿,渋谷駅,渋谷駅|池尻大橋駅,932.0,,,,tag:feature:midnight,50,+30(dslurl)|+20(rental=1),0,1
深夜利用OKのダンススタジオ 東京,条件,A,ちるどれ 上町スタジオ,〒540-0005 大阪府大阪市中央区上町１丁目６-１１ 2階,,0,銀座,銀座|日本橋|八丁堀|月島,玉造駅,玉造駅|谷町六丁目駅|森ノ宮駅|谷町四丁目駅|松屋町駅|大阪上本町駅|鶴橋駅|谷町九丁目駅|天満橋駅|大阪城公園駅,710.0,,,,tag:feature:midnight,20,+20(rental=1),0,1
深夜利用OKのダンススタジオ 東京,条件,A,ツチヤダンスガーデン,〒213-0002 神奈川県川崎市高津区二子５丁目２-１,,0,その他,その他,高津駅,高津駅|溝の口駅|武蔵溝ノ口駅|二子新地駅|二子玉川駅|梶が谷駅|津田山駅,74.0,,,,tag:feature:midnight,20,+20(rental=1),0,1
深夜利用OKのダンススタジオ 東京,条件,A,デイ・ナイト株式会社,〒100-0011 東京都千代田区内幸町１丁目１-２ Ud日比谷ビル 7F,,0,秋葉原,秋葉原,新橋駅,新橋駅|有楽町駅,507.0,,,,tag:feature:midnight,20,+20(rental=1),0,1
深夜利用OKのダンススタジオ 東京,条件,A,ティアラ,〒142-0053 東京都品川区中延３丁目２-４,,0,品川,品川|五反田|大井町|目黒,荏原中延駅,荏原中延駅|中延駅|戸越公園駅|荏原町駅|戸越駅|戸越銀座駅|旗の台駅|西大井駅|西小山駅|下神明駅,91.0,,,,tag:feature:midnight,20,+20(rental=1),0,1
深夜利用OKのダンススタジオ 東京,条件,A,トゥインクルクラブ,〒471-0835 愛知県豊田市曙町２丁目16番地 BLUS16 101号室,,0,その他,その他,土橋駅,土橋駅|三河豊田駅,162.0,,,,tag:feature:midnight,20,+20(rental=1),0,1
深夜利用OKのダンススタジオ 東京,条件,A,ドリーム・パフェ・スタジオ,〒150-0012 東京都渋谷区広尾５丁目１１-１１ 福地ビル,,0,渋谷,渋谷|恵比寿|代官山|原宿,恵比寿駅,恵比寿駅,1096.0,,,,tag:feature:midnight,20,+20(rental=1),0,1
深夜利用OKのダンススタジオ 東京,条件,A,なかすた（スタジオ神田川）,〒164-0013 東京都中野区弥生町５丁目２２-２ ビラフジミ B号室,https://dance-studio-lab.com/room/ODE4NDI3NmEtODY2YS00ZTg2LTgyMzctNzMzNmYwYjNmNDgx/detail,1,中野,中野,中野富士見町駅,中野富士見町駅|中野新橋駅|新中野駅|方南町駅|東高円寺駅|幡ヶ谷駅|西新宿五丁目駅（清水橋）|中野坂上駅|笹塚駅|新高円寺駅,163.0,,,,tag:feature:midnight,50,+30(dslurl)|+20(rental=1),0,1
深夜利用OKのダンススタジオ 東京,条件,A,ナガトスタジオ,〒134-0084 東京都江戸川区東葛西５丁目４０-９,,0,西葛西,西葛西,葛西駅,葛西駅|浦安駅|西葛西駅,688.0,,,,tag:feature:midnight,20,+20(rental=1),0,1
深夜利用OKのダンススタジオ 東京,条件,A,ノアスタジオ 学芸大店,〒152-0003 東京都目黒区碑文谷５丁目２５-１０ 1F?7F ノアビル２２,,0,中目黒,中目黒,学芸大学駅,学芸大学駅,753.0,,,,tag:feature:midnight,20,+20(rental=1),0,1
深夜利用OKのダンススタジオ 東京,条件,A,ノアスタジオ 秋葉原店,〒101-0021 東京都千代田区外神田６丁目１４-８,,0,秋葉原,秋葉原,秋葉原駅,秋葉原駅,589.0,,,,tag:feature:midnight,20,+20(rental=1),0,1
深夜利用OKのダンススタジオ 東京,条件,A,ノアスタジオ 新宿１号店,〒160-0023 東京都新宿区西新宿１丁目３-１４,,0,新宿,新宿|西新宿|高田馬場|新大久保,新宿駅,新宿駅|西武新宿駅|新大久保駅,319.0,,,,tag:feature:midnight,20,+20(rental=1),0,1
深夜利用OKのダンススタジオ 東京,条件,A,ノアスタジオ 新宿２号店,〒160-0023 東京都新宿区西新宿７丁目１０-１２,,0,新宿,新宿|西新宿|高田馬場|新大久保,西武新宿駅,西武新宿駅|新宿駅|新大久保駅,259.0,,,,tag:feature:midnight,20,+20(rental=1),0,1
深夜利用OKのダンススタジオ 東京,条件,A,ノアスタジオ 赤坂店,〒107-0052 東京都港区赤坂３丁目１３-１２ 受付は隣のビル2Fとなります,,0,六本木,六本木|赤坂|麻布|新橋,赤坂駅,赤坂駅|青山一丁目駅,62.0,,,,tag:feature:midnight,20,+20(rental=1),0,1
深夜利用OKのダンススタジオ 東京,条件,A,ソニズレンタルスタジオ新中野鍋横店,〒164-0011 東京都中野区中央３丁目３４-３ B1階,,0,中野,中野,中野駅,中野駅,1004.0,,,,tag:feature:midnight,50,+20(rental=1)|+30(レンタルスタジオ),0,1
深夜利用OKのダンススタジオ 東京,条件,A,ノアスタジオ 中野店,"〒164-0001 東京都中野区中野３丁目３９-２, Nakano Noah Building, B1",,0,中野,中野,中野駅,中野駅,231.0,,,,tag:feature:midnight,20,+20(rental=1),0,1
深夜利用OKのダンススタジオ 東京,条件,A,ノアスタジオ 都立大２号店,〒152-0031 東京都目黒区中根１丁目２-２ 1F 受付,,0,中目黒,中目黒,都立大学駅,都立大学駅|緑が丘駅|自由が丘駅|学芸大学駅|大岡山駅|奥沢駅|洗足駅|九品仏駅|北千束駅,61.0,,,,tag:feature:midnight,20,+20(rental=1),0,1
深夜利用OKのダンススタジオ 東京,条件,A,ノアスタジオ 都立大店（ダンス・演劇）,〒152-0031 東京都目黒区中根１丁目７-２３ ＳＴビル,,0,中目黒,中目黒,都立大学駅,都立大学駅|自由が丘駅|緑が丘駅|大岡山駅|奥沢駅|学芸大学駅|九品仏駅|洗足駅,151.0,,,,tag:feature:midnight,20,+20(rental=1),0,1
深夜利用OKのダンススタジオ 東京,条件,A,ノアスタジオ代々木店,〒151-0051 東京都渋谷区千駄ケ谷４丁目２４-１９,,0,渋谷,渋谷|恵比寿|代官山|原宿,代々木駅,代々木駅,452.0,,,,tag:feature:midnight,20,+20(rental=1),0,1
深夜利用OKのダンススタジオ 東京,条件,A,ノートルスタジオ,〒107-0062 東京都港区南青山３丁目５-１ O&K 南青山,,0,六本木,六本木|赤坂|麻布|新橋,外苑前駅,外苑前駅|表参道駅|青山一丁目駅,384.0,,,,tag:feature:midnight,20,+20(rental=1),0,1
深夜利用OKのダンススタジオ 東京,条件,A,シバヨガ鶴川スタジオ,〒195-0061 東京都町田市 鶴川２－１４－１５ ２F,,0,町田,町田,鶴川駅,鶴川駅,1402.0,,,,tag:feature:midnight,20,+20(rental=1),0,1
深夜利用OKのダンススタジオ 東京,条件,A,ハーラウ ナー マモ オ カアラ‐ナゴヤ,〒471-0813 愛知県豊田市野見山町３丁目１６-１,,0,その他,その他,なし,,,,,,tag:feature:midnight,20,+20(rental=1),0,1
深夜利用OKのダンススタジオ 東京,条件,A,ハウススタジオ プラネアールときわ台スタジオ,〒174-0071 東京都板橋区常盤台２丁目９-５,,0,成増,成増,ときわ台駅,ときわ台駅|中板橋駅|上板橋駅|板橋本町駅|本蓮沼駅|大山駅|志村坂上駅|志村三丁目駅,159.0,,,,tag:feature:midnight,20,+20(rental=1),0,1
深夜利用OKのダンススタジオ 東京,条件,A,バレエアトリエ クレール,〒206-0034 東京都多摩市 鶴牧3-4 1C,,0,多摩センター,多摩センター,唐木田駅,唐木田駅|小田急多摩センター駅|京王多摩センター駅|京王堀之内駅,746.0,,,,tag:feature:midnight,20,+20(rental=1),0,1
深夜利用OKのダンススタジオ 東京,条件,A,バレエスタジオ ピアチェーレ,〒134-0085 東京都江戸川区南葛西１丁目１４-１３ シティパレス南葛西 302,,0,西葛西,西葛西,葛西駅,葛西駅|葛西臨海公園駅|西葛西駅,991.0,,,,tag:feature:midnight,20,+20(rental=1),0,1
深夜利用OKのダンススタジオ 東京,条件,A,K Dance Nexus DANCE STUDIO 百合ヶ丘A,〒215-0011 神奈川県川崎市麻生区百合丘１丁目１９-５,,0,その他,その他,百合ヶ丘駅,百合ヶ丘駅|新百合ヶ丘駅|読売ランド前駅,95.0,,,,tag:feature:midnight,45,+20(rental=1)|+25(ダンススタジオ),0,1
深夜利用OKのダンススタジオ 東京,条件,A,K Dance Nexus DANCE STUDIO 百合ケ丘B,〒215-0011 神奈川県川崎市麻生区百合丘２丁目２-４ Tcre新百合ヶ丘 B1,,0,その他,その他,百合ヶ丘駅,百合ヶ丘駅|新百合ヶ丘駅|読売ランド前駅|五月台駅,382.0,,,,tag:feature:midnight,45,+20(rental=1)|+25(ダンススタジオ),0,1
深夜利用OKのダンススタジオ 東京,条件,A,バレエスタジオJewels,〒156-0052 東京都世田谷区経堂５丁目２１-４,,0,下北沢,下北沢|三軒茶屋|二子玉川|自由が丘,千歳船橋駅,千歳船橋駅|経堂駅|宮の坂駅|上町駅|山下駅|豪徳寺駅|松原駅|世田谷駅|祖師ヶ谷大蔵駅,579.0,,,,tag:feature:midnight,20,+20(rental=1),0,1
深夜利用OKのダンススタジオ 東京,条件,A,K Dance Nexus Dance Studio 読売ランド前,〒214-0037 神奈川県川崎市多摩区西生田３丁目９-３０,,0,その他,その他,読売ランド前駅,読売ランド前駅|生田駅|百合ヶ丘駅,92.0,,,,tag:feature:midnight,45,+20(rental=1)|+25(ダンススタジオ),0,1
深夜利用OKのダンススタジオ 東京,条件,A,バレエスタジオコルツァ（Ballet Studio Colza）,〒193-0833 東京都八王子市めじろ台１丁目９-１ 2階,,0,八王子,八王子,めじろ台駅,めじろ台駅|狭間駅|山田駅|西八王子駅,108.0,,,,tag:feature:midnight,20,+20(rental=1),0,1
深夜利用OKのダンススタジオ 東京,条件,A,ハレスタジオ参宮橋,〒151-0053 東京都渋谷区代々木４丁目２８-８ 代々木村田マンション 509,,0,渋谷,渋谷|恵比寿|代官山|原宿,代々木駅,代々木駅,1031.0,,,,tag:feature:midnight,20,+20(rental=1),0,1
深夜利用OKのダンススタジオ 東京,条件,A,パンキースタジオ,〒192-0355 東京都八王子市堀之内３丁目３５-６,,0,八王子,八王子,京王堀之内駅,京王堀之内駅|唐木田駅,153.0,,,,tag:feature:midnight,20,+20(rental=1),0,1
深夜利用OKのダンススタジオ 東京,条件,A,バンドスタジオ ベースオントップ京橋店,〒536-0016 大阪府大阪市城東区蒲生１丁目８-４,,0,その他,その他,京橋駅,京橋駅|蒲生四丁目駅|大阪ビジネスパーク駅|鴫野駅|ＪＲ野江駅|大阪城北詰駅|大阪城公園駅|野江駅|野江内代駅|都島駅,345.0,,,,tag:feature:midnight,20,+20(rental=1),0,1
深夜利用OKのダンススタジオ 東京,条件,A,バンドスタジオ ベースオントップ秋葉原昭和通り口店,〒101-0025 東京都千代田区神田佐久間町３丁目37-１ 文唱堂ビル B1F,,0,秋葉原,秋葉原,秋葉原駅,秋葉原駅,326.0,,,,tag:feature:midnight,20,+20(rental=1),0,1
深夜利用OKのダンススタジオ 東京,条件,A,ピアノスタジオノア 下北沢店,〒155-0031 東京都世田谷区北沢２丁目３４-８,,0,下北沢,下北沢|三軒茶屋|二子玉川|自由が丘,下北沢駅,下北沢駅,201.0,,,,tag:feature:midnight,20,+20(rental=1),0,1
深夜利用OKのダンススタジオ 東京,条件,A,ピアノスタジオノア 恵比寿店,〒150-0013 東京都渋谷区恵比寿４丁目４-１２,,0,渋谷,渋谷|恵比寿|代官山|原宿,恵比寿駅,恵比寿駅,206.0,,,,tag:feature:midnight,20,+20(rental=1),0,1
深夜利用OKのダンススタジオ 東京,条件,A,ピアノスタジオノア 池袋店,〒170-0013 東京都豊島区東池袋２丁目６３-１ 2F～B1F,,0,池袋,池袋|目白|大塚|巣鴨,池袋駅,池袋駅,803.0,,,,tag:feature:midnight,20,+20(rental=1),0,1
深夜利用OKのダンススタジオ 東京,条件,A,ピアノスタジオノア 不動前店,〒141-0031 東京都品川区西五反田４丁目３２-１４,,0,品川,品川|五反田|大井町|目黒,五反田駅,五反田駅|目黒駅,878.0,,,,tag:feature:midnight,20,+20(rental=1),0,1
深夜利用OKのダンススタジオ 東京,条件,A,ファーストクラブ,〒187-0043 東京都小平市学園東町１丁目７-４１-４,,0,小平,小平,一橋学園駅,一橋学園駅|青梅街道駅|新小平駅|小平駅|鷹の台駅|萩山駅,242.0,,,,tag:feature:midnight,20,+20(rental=1),0,1
深夜利用OKのダンススタジオ 東京,条件,A,フィットネス カルチャー＆アート テラ Terra,〒182-0025 東京都調布市多摩川５丁目７-６ 第３コーポ渡辺 2階,,0,調布,調布,調布駅,調布駅,1045.0,,,,tag:feature:midnight,20,+20(rental=1),0,1
深夜利用OKのダンススタジオ 東京,条件,A,ブイラボミュージカル,〒105-0003 東京都港区西新橋３丁目２４,,0,六本木,六本木|赤坂|麻布|新橋,浜松町駅,浜松町駅|新橋駅,827.0,,,,tag:feature:midnight,20,+20(rental=1),0,1
深夜利用OKのダンススタジオ 東京,条件,A,MDL Studio (防音スタジオ),〒182-0021 東京都調布市調布ケ丘３丁目６９-２,,0,調布,調布,調布駅,調布駅,1165.0,,,,tag:feature:midnight,20,+20(rental=1),0,1
深夜利用OKのダンススタジオ 東京,条件,A,フラメンコスタジオアスール,〒141-0022 東京都品川区東五反田１丁目１８-４ B1 ＧＴＤイーストビル,,0,品川,品川|五反田|大井町|目黒,五反田駅,五反田駅|大崎駅|品川駅,277.0,,,,tag:feature:midnight,20,+20(rental=1),0,1
深夜利用OKのダンススタジオ 東京,条件,A,ブルースペース上野御徒町,〒110-0005 東京都台東区上野３丁目１３-１０ トミヤマビル B1F,,0,上野,上野|浅草|御徒町|蔵前,秋葉原駅,秋葉原駅|上野駅,725.0,,,,tag:feature:midnight,20,+20(rental=1),0,1
深夜利用OKのダンススタジオ 東京,条件,A,ブレイクダンスタジオ パワームーブ大阪,〒542-0062 大阪府大阪市中央区上本町西４丁目１?番9号 ヴィレッジヒル上町台 1F,,0,銀座,銀座|日本橋|八丁堀|月島,大阪上本町駅,大阪上本町駅|谷町九丁目駅|谷町六丁目駅|松屋町駅|鶴橋駅|玉造駅|谷町四丁目駅|長堀橋駅|日本橋駅|近鉄日本橋駅,589.0,,,,tag:feature:midnight,20,+20(rental=1),0,1
深夜利用OKのダンススタジオ 東京,条件,A,フレックススタイル 船堀校,〒134-0091 東京都江戸川区船堀２丁目２３-２４,,0,西葛西,西葛西,船堀駅,船堀駅|東大島駅|一之江駅,192.0,,,,tag:feature:midnight,20,+20(rental=1),0,1
深夜利用OKのダンススタジオ 東京,条件,A,ベストスタジオ立川,〒190-0022 東京都立川市錦町２丁目１-１０ エリア立川 302号室,,0,立川,立川,立川駅,立川駅,348.0,,,,tag:feature:midnight,20,+20(rental=1),0,1
深夜利用OKのダンススタジオ 東京,条件,A,ペンテフラットスタジオ,〒279-0002 千葉県浦安市北栄１丁目１１-４０ １F ビル,,0,その他,その他,浦安駅,浦安駅|南行徳駅,182.0,,,,tag:feature:midnight,20,+20(rental=1),0,1
深夜利用OKのダンススタジオ 東京,条件,A,ボイトレ＆ダンスの NAYUTAS（ナユタス）町田校,〒194-0022 東京都町田市森野１丁目１４-９ ＭＫビル 森野2F,,0,町田,町田,町田駅,町田駅,352.0,,,,tag:feature:midnight,20,+20(rental=1),0,1
深夜利用OKのダンススタジオ 東京,条件,A,ポールダンススタジオ Grace A,〒154-0024 東京都世田谷区三軒茶屋２丁目１４-１２ 三元ビル 403,,0,下北沢,下北沢|三軒茶屋|二子玉川|自由が丘,三軒茶屋駅,三軒茶屋駅,63.0,,,,tag:feature:midnight,45,+20(rental=1)|+25(ダンススタジオ),0,1
深夜利用OKのダンススタジオ 東京,条件,A,ポールダンススタジオBird of Paradise,〒283-0801 千葉県東金市八坂台４丁目12-２４,,0,その他,その他,東金駅,東金駅,1903.0,,,,tag:feature:midnight,45,+20(rental=1)|+25(ダンススタジオ),0,1
深夜利用OKのダンススタジオ 東京,条件,A,ホットヨガスタジオLAVA 中野坂上店,〒164-0012 東京都中野区本町２丁目２８-１１ 不二ハイツ 2F,,0,中野,中野,中野坂上駅,中野坂上駅|西新宿五丁目駅（清水橋）|中野新橋駅|西新宿駅|都庁前駅|新中野駅|東中野駅|中野富士見町駅|大久保駅|新宿西口駅,254.0,,,,tag:feature:midnight,20,+20(rental=1),0,1
深夜利用OKのダンススタジオ 東京,条件,A,ボンジュBallerina 紀尾井町店,〒102-0094 東京都千代田区紀尾井町１-３ 東京ガーデンテラス 1F,,0,秋葉原,秋葉原,赤坂駅,赤坂駅,635.0,,,,tag:feature:midnight,20,+20(rental=1),0,1
深夜利用OKのダンススタジオ 東京,条件,A,スタジオルミエル,〒114-0023 東京都北区滝野川５丁目４１-４ 明成ビル B１F,,0,赤羽,赤羽,新板橋駅,新板橋駅|板橋駅|西巣鴨駅|下板橋駅|西ヶ原四丁目駅|新庚申塚駅|北池袋駅|滝野川一丁目駅|庚申塚駅|板橋区役所前駅,272.0,,,,tag:feature:midnight,20,+20(rental=1),0,1
深夜利用OKのダンススタジオ 東京,条件,A,Legato HALL,〒175-0082 東京都板橋区高島平８丁目６-６ ２階,,0,成増,成増,高島平駅,高島平駅|新高島平駅|西台駅|蓮根駅|西高島平駅,159.0,,,,tag:feature:midnight,20,+20(rental=1),0,1
深夜利用OKのダンススタジオ 東京,条件,A,マーティ株式会社,〒108-0073 東京都港区三田２丁目１４-４ 三田慶応ビジデンス１F,,0,六本木,六本木|赤坂|麻布|新橋,田町駅,田町駅|麻布十番駅,472.0,,,,tag:feature:midnight,20,+20(rental=1),0,1
深夜利用OKのダンススタジオ 東京,条件,A,マインクラブダンススタジオ,〒153-0052 東京都目黒区祐天寺１丁目２２-５,,0,中目黒,中目黒,祐天寺駅,祐天寺駅|中目黒駅|学芸大学駅|代官山駅|池尻大橋駅|恵比寿駅|三軒茶屋駅,145.0,,,,tag:feature:midnight,45,+20(rental=1)|+25(ダンススタジオ),0,1
深夜利用OKのダンススタジオ 東京,条件,A,マウリ・ナニスタジオ,〒194-0004 東京都町田市鶴間１丁目１８-１ ドルフ南町田101,,0,町田,町田,南町田グランベリーパーク駅,南町田グランベリーパーク駅|つきみ野駅|すずかけ台駅,347.0,,,,tag:feature:midnight,20,+20(rental=1),0,1
深夜利用OKのダンススタジオ 東京,条件,A,BUZZ レンタルスタジオ 大阪京橋店,〒534-0024 大阪府大阪市都島区東野田町２丁目９-２３ 晃進ビル B2F,,0,その他,その他,京橋駅,京橋駅|大阪城北詰駅|大阪ビジネスパーク駅|大阪城公園駅|ＪＲ野江駅|蒲生四丁目駅|鴫野駅|桜ノ宮駅|都島駅|野江内代駅,280.0,,,,tag:feature:midnight,50,+20(rental=1)|+30(レンタルスタジオ),0,1
深夜利用OKのダンススタジオ 東京,条件,A,マヅカダンスカンパニー,〒168-0065 東京都杉並区浜田山２丁目２２-１ ゴディメント浜田山1F 南 浜田山ゴディメント,,0,高円寺,高円寺,浜田山駅,浜田山駅|西永福駅|高井戸駅|永福町駅|上北沢駅|桜上水駅|八幡山駅|下高井戸駅,211.0,,,,tag:feature:midnight,20,+20(rental=1),0,1
深夜利用OKのダンススタジオ 東京,条件,A,ミュージックサロン アマーブルNUTSスタジオ駒込店,〒114-0014 東京都北区田端４丁目１-１１ クレールビル 1F,,0,赤羽,赤羽,駒込駅,駒込駅|田端駅|千石駅|巣鴨駅|尾久駅|本駒込駅|上中里駅|西日暮里駅|西ケ原駅|千駄木駅,472.0,,,,tag:feature:midnight,20,+20(rental=1),0,1
深夜利用OKのダンススタジオ 東京,条件,A,ミュージックサロン アマーブル十条店,〒114-0031 東京都北区十条仲原１丁目８-２６ 清水ビル,,0,赤羽,赤羽,十条駅,十条駅|東十条駅|王子神谷駅|板橋本町駅|新板橋駅|板橋区役所前駅|赤羽駅|本蓮沼駅|王子駅前駅|板橋駅,245.0,,,,tag:feature:midnight,20,+20(rental=1),0,1
深夜利用OKのダンススタジオ 東京,条件,A,SOLARI Rental Studio 日本橋 - 日本橋人形町・馬喰町エリアのレンタルスタジオ,〒103-0004 東京都中央区東日本橋１丁目４-２ 徳輝ビル 2階,,0,銀座,銀座|日本橋|八丁堀|月島,馬喰横山駅,馬喰横山駅|馬喰町駅|人形町駅|小伝馬町駅|浅草橋駅|両国駅|水天宮前駅|新日本橋駅|岩本町駅|森下駅,302.0,,,,tag:feature:midnight,70,+20(rental=1)|+30(レンタルスタジオ)|+20(web),0,1
深夜利用OKのダンススタジオ 東京,条件,A,ミライスタジオ神田秋葉原,〒101-0031 東京都千代田区東神田１丁目１７-５,,0,秋葉原,秋葉原,秋葉原駅,秋葉原駅,769.0,,,,tag:feature:midnight,20,+20(rental=1),0,1
深夜利用OKのダンススタジオ 東京,条件,A,ミライスタジオ日本橋,〒103-0001 東京都中央区日本橋小伝馬町１４-５,,0,銀座,銀座|日本橋|八丁堀|月島,秋葉原駅,秋葉原駅,957.0,,,,tag:feature:midnight,20,+20(rental=1),0,1
深夜利用OKのダンススタジオ 東京,条件,A,ミルクスタジオ,〒101-0021 東京都千代田区外神田３丁目３-５ ヨシヰビル,,0,秋葉原,秋葉原,秋葉原駅,秋葉原駅,467.0,,,,tag:feature:midnight,20,+20(rental=1),0,1
深夜利用OKのダンススタジオ 東京,条件,A,メインスタジオStudio Style+,〒160-0023 東京都新宿区西新宿７丁目２２-３１,,0,新宿,新宿|西新宿|高田馬場|新大久保,西武新宿駅,西武新宿駅|新大久保駅|新宿駅,362.0,,,,tag:feature:midnight,20,+20(rental=1),0,1
深夜利用OKのダンススタジオ 東京,条件,A,メゾン・ドゥ・バレエ南青山（MAISON DE BALLET Minami-Aoyama）,〒107-0062 東京都港区南青山４丁目２５-１２,,0,六本木,六本木|赤坂|麻布|新橋,表参道駅,表参道駅|外苑前駅|青山一丁目駅,564.0,,,,tag:feature:midnight,20,+20(rental=1),0,1
深夜利用OKのダンススタジオ 東京,条件,A,studio 空:k?,〒101-0044 東京都千代田区鍛冶町２丁目５-４ Crea神田ビル,,0,秋葉原,秋葉原,秋葉原駅,秋葉原駅,747.0,,,,tag:feature:midnight,20,+20(rental=1),0,1
深夜利用OKのダンススタジオ 東京,条件,A,モダミカ アートプラザ,〒169-0075 東京都新宿区高田馬場１丁目３４-１２,,0,新宿,新宿|西新宿|高田馬場|新大久保,高田馬場駅,高田馬場駅,50.0,,,,tag:feature:midnight,20,+20(rental=1),0,1
深夜利用OKのダンススタジオ 東京,条件,A,モダン出版株式会社,〒113-0034 東京都文京区湯島３丁目１２-１１,,0,後楽園,後楽園,秋葉原駅,秋葉原駅,811.0,,,,tag:feature:midnight,20,+20(rental=1),0,1
深夜利用OKのダンススタジオ 東京,条件,A,モノダンススタジオ 八王子校,〒192-0911 東京都八王子市打越町３４４-５ クリヤマ北野ビル 3階,,0,八王子,八王子,北野駅,北野駅|長沼駅|片倉駅|京王片倉駅|京王八王子駅|八王子駅,34.0,,,,tag:feature:midnight,45,+20(rental=1)|+25(ダンススタジオ),0,1
深夜利用OKのダンススタジオ 東京,条件,A,ヨガスタジオNOA 秋葉原校,〒101-0021 東京都千代田区外神田６丁目１４-８ 8F,,0,秋葉原,秋葉原,秋葉原駅,秋葉原駅,589.0,,,,tag:feature:midnight,20,+20(rental=1),0,1
深夜利用OKのダンススタジオ 東京,条件,A,リアクション2MANA,〒113-0033 東京都文京区本郷２丁目３６-２ 地下1階,,0,後楽園,後楽園,本郷三丁目駅,本郷三丁目駅|春日駅|後楽園駅|水道橋駅|御茶ノ水駅|湯島駅|東大前駅|神保町駅|飯田橋駅|新御茶ノ水駅,283.0,,,,tag:feature:midnight,20,+20(rental=1),0,1
深夜利用OKのダンススタジオ 東京,条件,A,リアクション2はなれ,〒179-0084 東京都練馬区氷川台３丁目２４-１５ 石野ＮＴビル 地下1F,,0,練馬,練馬,氷川台駅,氷川台駅|新桜台駅|平和台駅|上板橋駅|小竹向原駅|桜台駅|江古田駅|東武練馬駅,367.0,,,,tag:feature:midnight,20,+20(rental=1),0,1
深夜利用OKのダンススタジオ 東京,条件,A,リズムアートダンススタジオ,〒108-0023 東京都港区芝浦４丁目９-１８ グランドパレス田町2F,,0,六本木,六本木|赤坂|麻布|新橋,田町駅,田町駅,662.0,,,,tag:feature:midnight,45,+20(rental=1)|+25(ダンススタジオ),0,1
深夜利用OKのダンススタジオ 東京,条件,A,レキップバレエスタジオ,〒178-0063 東京都練馬区東大泉１丁目３７-５,,0,練馬,練馬,大泉学園駅,大泉学園駅|保谷駅,107.0,,,,tag:feature:midnight,20,+20(rental=1),0,1
深夜利用OKのダンススタジオ 東京,条件,A,レンタルスタジオ 【MO-LE STUDIO】,〒166-0013 東京都杉並区堀ノ内２丁目４-２ MO-LE STUDIOビル,,0,高円寺,高円寺,方南町駅,方南町駅|永福町駅|中野富士見町駅|新高円寺駅|東高円寺駅|代田橋駅|西永福駅|笹塚駅|明大前駅|新中野駅,441.0,,,,tag:feature:midnight,50,+20(rental=1)|+30(レンタルスタジオ),0,1
深夜利用OKのダンススタジオ 東京,条件,A,レンタルスタジオ D-Base 高津店,〒213-0002 神奈川県川崎市二子４丁目８-２１ プリモクラッセ高津 B1階,,0,その他,その他,高津駅,高津駅|二子新地駅|溝の口駅|武蔵溝ノ口駅|二子玉川駅|梶が谷駅|津田山駅|武蔵新城駅,187.0,,,,tag:feature:midnight,50,+20(rental=1)|+30(レンタルスタジオ),0,1
深夜利用OKのダンススタジオ 東京,条件,A,レンタルスタジオ D-Base 大岡山店,〒145-0063 東京都大田区南千束３丁目１-１５ プラシス大岡山 地下1階,,0,蒲田,蒲田,大岡山駅,大岡山駅|北千束駅|洗足池駅|緑が丘駅|石川台駅|洗足駅|長原駅|奥沢駅|旗の台駅|雪が谷大塚駅,355.0,,,,tag:feature:midnight,50,+20(rental=1)|+30(レンタルスタジオ),0,1
深夜利用OKのダンススタジオ 東京,条件,A,レンタルスタジオ D-Base 武蔵境店,〒180-0022 東京都武蔵野市境１丁目３-２ 平田ビル 3階,,0,吉祥寺,吉祥寺,武蔵境駅,武蔵境駅|三鷹駅|新小金井駅|東小金井駅,185.0,,,,tag:feature:midnight,50,+20(rental=1)|+30(レンタルスタジオ),0,1
深夜利用OKのダンススタジオ 東京,条件,A,レンタルスタジオ Grip 下高井戸,〒156-0044 東京都世田谷区赤堤５丁目２６-３ 地下１階,,0,下北沢,下北沢|三軒茶屋|二子玉川|自由が丘,下高井戸駅,下高井戸駅|桜上水駅|松原駅|明大前駅|上北沢駅|永福町駅|山下駅|経堂駅|豪徳寺駅|西永福駅,419.0,,,,tag:feature:midnight,50,+20(rental=1)|+30(レンタルスタジオ),0,1
深夜利用OKのダンススタジオ 東京,条件,A,レンタルスタジオ Gスクエア,〒120-0036 東京都足立区千住仲町１-２,,0,北千住,北千住,北千住駅,北千住駅,855.0,,,,tag:feature:midnight,50,+20(rental=1)|+30(レンタルスタジオ),0,1
深夜利用OKのダンススタジオ 東京,条件,A,レンタルスタジオ HIKARI 高田馬場,〒169-0075 東京都新宿区高田馬場４丁目４-１ M-haus B.L.D 3階,,0,新宿,新宿|西新宿|高田馬場|新大久保,高田馬場駅,高田馬場駅,67.0,,,,tag:feature:midnight,50,+20(rental=1)|+30(レンタルスタジオ),0,1
深夜利用OKのダンススタジオ 東京,条件,A,レンタルスタジオ HIKARI 渋谷,〒150-0043 東京都渋谷区道玄坂２丁目２０-２６ エクシール道玄坂 104号室 藤和,,0,渋谷,渋谷|恵比寿|代官山|原宿,渋谷駅,渋谷駅,461.0,,,,tag:feature:midnight,50,+20(rental=1)|+30(レンタルスタジオ),0,1
深夜利用OKのダンススタジオ 東京,条件,A,レンタルスタジオ HIKARI 新宿三丁目,〒160-0021 東京都新宿区歌舞伎町２丁目８-１２ グリーンプラザ 203,,0,新宿,新宿|西新宿|高田馬場|新大久保,西武新宿駅,西武新宿駅|新宿駅|新大久保駅,507.0,,,,tag:feature:midnight,50,+20(rental=1)|+30(レンタルスタジオ),0,1
深夜利用OKのダンススタジオ 東京,条件,A,レンタルスタジオ HIKARI 西新宿７丁目,〒160-0023 東京都新宿区西新宿７丁目１０-１７ B館 601号室,,0,新宿,新宿|西新宿|高田馬場|新大久保,西武新宿駅,西武新宿駅|新宿駅|新大久保駅,234.0,,,,tag:feature:midnight,50,+20(rental=1)|+30(レンタルスタジオ),0,1
深夜利用OKのダンススタジオ 東京,条件,A,八王子レンタルスタジオ・アドレ,〒193-0832 東京都八王子市散田町５丁目１２-５ 散田B1F パラドール,,0,八王子,八王子,めじろ台駅,めじろ台駅|西八王子駅|狭間駅|山田駅,816.0,,,,tag:feature:midnight,70,+20(rental=1)|+30(レンタルスタジオ)|+20(web),0,1
深夜利用OKのダンススタジオ 東京,条件,A,レンタルスタジオ HIKARI 築地,〒104-0045 東京都中央区築地２丁目１-１７ 陽光築地ビル 地下一階,,0,銀座,銀座|日本橋|八丁堀|月島,有楽町駅,有楽町駅,1023.0,,,,tag:feature:midnight,50,+20(rental=1)|+30(レンタルスタジオ),0,1
深夜利用OKのダンススタジオ 東京,条件,A,レンタルスタジオ STUDIO ZERO 立川南口店,〒190-0023 東京都立川市柴崎町２丁目７-８ エクセル立川 B1F,,0,立川,立川,立川駅,立川駅,501.0,,,,tag:feature:midnight,50,+20(rental=1)|+30(レンタルスタジオ),0,1
深夜利用OKのダンススタジオ 東京,条件,A,レンタルスタジオ マイレッスン 立川店,〒190-0023 東京都立川市柴崎町２丁目６-３ まるごビル,,0,立川,立川,立川駅,立川駅,410.0,,,,tag:feature:midnight,50,+20(rental=1)|+30(レンタルスタジオ),0,1
深夜利用OKのダンススタジオ 東京,条件,A,レンタルスタジオ HIKARI 東高円寺,〒166-0012 東京都杉並区和田３丁目５９-１０ エレガンス東高円寺 101号室,,0,高円寺,高円寺,中野駅,中野駅,1083.0,,,,tag:feature:midnight,50,+20(rental=1)|+30(レンタルスタジオ),0,1
深夜利用OKのダンススタジオ 東京,条件,A,レンタルスタジオ KeikoBa P,〒154-0004 東京都世田谷区太子堂２丁目３０-５ 地下一階,,0,下北沢,下北沢|三軒茶屋|二子玉川|自由が丘,三軒茶屋駅,三軒茶屋駅,408.0,,,,tag:feature:midnight,50,+20(rental=1)|+30(レンタルスタジオ),0,1
深夜利用OKのダンススタジオ 東京,条件,A,レンタルスタジオ C-STUDIO,〒190-0022 東京都立川市錦町１丁目１０-２３ 光洋ビル 3F,,0,立川,立川,立川駅,立川駅,635.0,,,,tag:feature:midnight,50,+20(rental=1)|+30(レンタルスタジオ),0,1
深夜利用OKのダンススタジオ 東京,条件,A,レンタルスタジオ LOOP,〒497-0038 愛知県海部郡蟹江町桜１丁目1,,0,その他,その他,蟹江駅,蟹江駅|近鉄蟹江駅|戸田駅,277.0,,,,tag:feature:midnight,50,+20(rental=1)|+30(レンタルスタジオ),0,1
深夜利用OKのダンススタジオ 東京,条件,A,レンタルスタジオ REBRI,〒192-0085 東京都八王子市中町７-７ ニシカワビル 5F,,0,八王子,八王子,八王子駅,八王子駅,449.0,,,,tag:feature:midnight,50,+20(rental=1)|+30(レンタルスタジオ),0,1
深夜利用OKのダンススタジオ 東京,条件,A,レンタルスタジオ Starshine,〒107-0061 東京都港区北青山３丁目５ 9KAZU表参道 202,,0,六本木,六本木|赤坂|麻布|新橋,表参道駅,表参道駅|外苑前駅|原宿駅,76.0,,,,tag:feature:midnight,50,+20(rental=1)|+30(レンタルスタジオ),0,1
深夜利用OKのダンススタジオ 東京,条件,A,レンタルスタジオ studio agend 浦安・市川,〒272-0138 千葉県市川市南行徳１丁目２０-１ 3F,,0,その他,その他,南行徳駅,南行徳駅|浦安駅|行徳駅,42.0,,,,tag:feature:midnight,50,+20(rental=1)|+30(レンタルスタジオ),0,1
深夜利用OKのダンススタジオ 東京,条件,A,レンタルスタジオ Studio One,〒114-0031 東京都北区十条仲原１丁目８-２６ 清水ビル,,0,赤羽,赤羽,十条駅,十条駅|東十条駅|王子神谷駅|板橋本町駅|新板橋駅|板橋区役所前駅|赤羽駅|本蓮沼駅|王子駅前駅|板橋駅,245.0,,,,tag:feature:midnight,50,+20(rental=1)|+30(レンタルスタジオ),0,1
深夜利用OKのダンススタジオ 東京,条件,A,レンタルスタジオ STUDIO ZERO 町田ターミナル口店,〒194-0013 東京都町田市原町田４丁目７-３ 内藤ビル 地下1階B5号室,,0,町田,町田,町田駅,町田駅,265.0,,,,tag:feature:midnight,50,+20(rental=1)|+30(レンタルスタジオ),0,1
深夜利用OKのダンススタジオ 東京,条件,A,レンタルスタジオ アーマーズピンクドア,〒171-0051 東京都豊島区長崎４丁目９-５ 地下1階 フェイマスショップビル,,0,池袋,池袋|目白|大塚|巣鴨,東長崎駅,東長崎駅|落合南長崎駅|千川駅|椎名町駅|新江古田駅|江古田駅|要町駅|小竹向原駅|中井駅|新桜台駅,98.0,,,,tag:feature:midnight,50,+20(rental=1)|+30(レンタルスタジオ),0,1
深夜利用OKのダンススタジオ 東京,条件,A,レンタルスタジオ シンデレラドリーム,〒136-0076 東京都江東区南砂２丁目１-８ フッコウビル ４F,,0,豊洲,豊洲,東陽町駅,東陽町駅|南砂町駅|潮見駅|木場駅,264.0,,,,tag:feature:midnight,70,+20(rental=1)|+30(レンタルスタジオ)|+20(web),0,1
深夜利用OKのダンススタジオ 東京,条件,A,レンタルスタジオ スタジオサイ,〒165-0026 東京都中野区新井１丁目１-５,,0,中野,中野,中野駅,中野駅,594.0,,,,tag:feature:midnight,50,+20(rental=1)|+30(レンタルスタジオ),0,1
深夜利用OKのダンススタジオ 東京,条件,A,レンタルスタジオ ふわり,〒176-0006 東京都練馬区栄町１５-５ 小林ビル Ａ号室,,0,練馬,練馬,新桜台駅,新桜台駅|桜台駅|江古田駅|新江古田駅|練馬駅|氷川台駅|小竹向原駅|豊島園駅|東長崎駅,354.0,,,,tag:feature:midnight,50,+20(rental=1)|+30(レンタルスタジオ),0,1
深夜利用OKのダンススタジオ 東京,条件,A,レンタルスタジオ ワンデースタジオ,〒178-0065 東京都練馬区西大泉１ リバーサイド本橋 Ｂ１Ｆ,,0,練馬,練馬,大泉学園駅,大泉学園駅|保谷駅,549.0,,,,tag:feature:midnight,50,+20(rental=1)|+30(レンタルスタジオ),0,1
深夜利用OKのダンススタジオ 東京,条件,A,BUZZ レンタルスタジオ八王子店,〒192-0082 東京都八王子市東町１１-３ センチュリーステーションビル B1,,0,八王子,八王子,八王子駅,八王子駅,264.0,,,,tag:feature:midnight,50,+20(rental=1)|+30(レンタルスタジオ),0,1
深夜利用OKのダンススタジオ 東京,条件,A,レンタルスタジオ・レンタルスペース ZEAL STUDIOS,〒105-0004 東京都港区新橋３丁目５-１０ 新三ビル B1F,,0,六本木,六本木|赤坂|麻布|新橋,新橋駅,新橋駅|浜松町駅,347.0,,,,tag:feature:midnight,50,+20(rental=1)|+30(レンタルスタジオ),0,1
深夜利用OKのダンススタジオ 東京,条件,A,スタジオ カノン 東町店,〒184-0011 東京都八王子市東町２丁目９ ムジカ八王子ビル,,0,八王子,八王子,八王子駅,八王子駅,355.0,,,,tag:feature:midnight,20,+20(rental=1),0,1
深夜利用OKのダンススタジオ 東京,条件,A,レンタルスタジオ「マナビバ」戸越スタジオ,〒142-0041 東京都品川区戸越２丁目１-３ 丸雄建築ビル 2F,,0,品川,品川|五反田|大井町|目黒,大崎駅,大崎駅,1081.0,,,,tag:feature:midnight,50,+20(rental=1)|+30(レンタルスタジオ),0,1
深夜利用OKのダンススタジオ 東京,条件,A,レンタルスタジオ/ステップ東村山１号店,〒189-0013 東京都東村山市栄町１丁目３-３２ ビュー久米川 201号室,,0,東村山,東村山,久米川駅,久米川駅|八坂駅|萩山駅|東村山駅|小川駅|小平駅,123.0,,,,tag:feature:midnight,50,+20(rental=1)|+30(レンタルスタジオ),0,1
深夜利用OKのダンススタジオ 東京,条件,A,レンタルスタジオ/ステップ東村山２号店,〒189-0013 東京都東村山市栄町１丁目10-２３,,0,東村山,東村山,久米川駅,久米川駅|八坂駅|萩山駅|東村山駅|小川駅|小平駅|青梅街道駅|新小平駅,299.0,,,,tag:feature:midnight,50,+20(rental=1)|+30(レンタルスタジオ),0,1
深夜利用OKのダンススタジオ 東京,条件,A,レンタルスタジオ8 NORTH GATE,〒193-0931 東京都八王子市台町２丁目１１-２１ 2F,,0,八王子,八王子,山田駅,山田駅|西八王子駅|めじろ台駅|京王片倉駅|八王子駅,653.0,,,,tag:feature:midnight,50,+20(rental=1)|+30(レンタルスタジオ),0,1
深夜利用OKのダンススタジオ 東京,条件,A,レンタルスタジオALOALO,〒110-0016 東京都台東区台東４丁目３１-５ オリオンビル B1,,0,上野,上野|浅草|御徒町|蔵前,上野駅,上野駅|秋葉原駅,717.0,,,,tag:feature:midnight,50,+20(rental=1)|+30(レンタルスタジオ),0,1
深夜利用OKのダンススタジオ 東京,条件,A,レンタルスタジオART FACTORY淡路店,〒533-0023 大阪府大阪市東淀川区東淡路４丁目１８-８ 東淡路商店街ビル 3F,,0,その他,その他,淡路駅,淡路駅|ＪＲ淡路駅|下新庄駅|崇禅寺駅|東淀川駅|柴島駅|南吹田駅|新大阪駅|東三国駅|上新庄駅,77.0,,,,tag:feature:midnight,50,+20(rental=1)|+30(レンタルスタジオ),0,1
深夜利用OKのダンススタジオ 東京,条件,A,レンタルスタジオCLI CLI,〒145-0064 東京都大田区上池台１丁目１-１,,0,蒲田,蒲田,長原駅,長原駅|旗の台駅|北千束駅|洗足池駅|荏原町駅|洗足駅|大岡山駅|中延駅|石川台駅|西小山駅,113.0,,,,tag:feature:midnight,50,+20(rental=1)|+30(レンタルスタジオ),0,1
深夜利用OKのダンススタジオ 東京,条件,A,レンタルスタジオreimei Tachikawa,〒190-0022 東京都立川市錦町２丁目１-３５ Ktd 錦町ビル 2F,,0,立川,立川,立川駅,立川駅,279.0,,,,tag:feature:midnight,50,+20(rental=1)|+30(レンタルスタジオ),0,1
深夜利用OKのダンススタジオ 東京,条件,A,レンタルスタジオStudioIrodori赤羽橋,〒106-0044 東京都港区東麻布１丁目１８-７ リヴェールハヤシ B1F,,0,六本木,六本木|赤坂|麻布|新橋,麻布十番駅,麻布十番駅|田町駅,749.0,,,,tag:feature:midnight,50,+20(rental=1)|+30(レンタルスタジオ),0,1
深夜利用OKのダンススタジオ 東京,条件,A,レンタルスタジオStudioIrodori白金高輪店,〒108-0072 東京都港区白金３丁目１-１２ 第2浅野ビル １０１号室,,0,六本木,六本木|赤坂|麻布|新橋,麻布十番駅,麻布十番駅,967.0,,,,tag:feature:midnight,50,+20(rental=1)|+30(レンタルスタジオ),0,1
深夜利用OKのダンススタジオ 東京,条件,A,レンタルスタジオStudioIrodori麻布十番店,〒106-0045 東京都港区麻布十番１丁目５番１ YKビル 3F,,0,六本木,六本木|赤坂|麻布|新橋,麻布十番駅,麻布十番駅|六本木駅,385.0,,,,tag:feature:midnight,50,+20(rental=1)|+30(レンタルスタジオ),0,1
深夜利用OKのダンススタジオ 東京,条件,A,レンタルスタジオSunny 池袋3号店,〒170-0013 東京都豊島区東池袋２丁目３９-２ マルミビル 2階 A号室,,0,池袋,池袋|目白|大塚|巣鴨,池袋駅,池袋駅,979.0,,,,tag:feature:midnight,50,+20(rental=1)|+30(レンタルスタジオ),0,1
深夜利用OKのダンススタジオ 東京,条件,A,レンタルスタジオひより,〒171-0014 東京都豊島区池袋２丁目２３-２３ 白鳥ハイツ 107,,0,池袋,池袋|目白|大塚|巣鴨,池袋駅,池袋駅,694.0,,,,tag:feature:midnight,50,+20(rental=1)|+30(レンタルスタジオ),0,1
深夜利用OKのダンススタジオ 東京,条件,A,レンタルスタジオ葛西,〒134-0084 東京都江戸川区東葛西５丁目１-１４-２０２,,0,西葛西,西葛西,葛西駅,葛西駅|西葛西駅|浦安駅,100.0,,,,tag:feature:midnight,50,+20(rental=1)|+30(レンタルスタジオ),0,1
深夜利用OKのダンススタジオ 東京,条件,A,レンタルスタジオ池袋・駒込マイックル,〒114-0015 東京都北区中里２丁目１３-６,,0,赤羽,赤羽,駒込駅,駒込駅|上中里駅|尾久駅|西ケ原駅|田端駅|巣鴨駅|千石駅|梶原駅|荒川車庫前駅|本駒込駅,334.0,,,,tag:feature:midnight,50,+20(rental=1)|+30(レンタルスタジオ),0,1
深夜利用OKのダンススタジオ 東京,条件,A,レンタルスペース リノスペcamp東京ドーム,〒101-0061 東京都千代田区神田三崎町２丁目１２-５ ニュー千代田ビル 3F-A,,0,秋葉原,秋葉原,水道橋駅,水道橋駅|九段下駅|神保町駅|飯田橋駅|春日駅|後楽園駅|御茶ノ水駅|本郷三丁目駅|新御茶ノ水駅|竹橋駅,167.0,,,,tag:feature:midnight,20,+20(rental=1),0,1
深夜利用OKのダンススタジオ 東京,条件,A,レンタルスペース・スタジオ,〒145-0074 東京都大田区東嶺町４４-９ 1F・102号室 三松スクエアガーデン,,0,蒲田,蒲田,御嶽山駅,御嶽山駅|久が原駅|雪が谷大塚駅|沼部駅|鵜の木駅|多摩川駅|石川台駅|下丸子駅|千鳥町駅|洗足池駅,61.0,,,,tag:feature:midnight,20,+20(rental=1),0,1
深夜利用OKのダンススタジオ 東京,条件,A,レンタルリレイション(下馬校),〒985-0835 宮城県多賀城市下馬５丁目１５-２５,,0,その他,その他,下馬駅,下馬駅|塩釜駅|多賀城駅|西塩釜駅,711.0,,,,tag:feature:midnight,20,+20(rental=1),0,1
深夜利用OKのダンススタジオ 東京,条件,A,レンタル撮影スタジオDOLLY飯田橋1号店,〒102-0072 東京都千代田区飯田橋３丁目６-６ 港屋ビル 2F,,0,秋葉原,秋葉原,飯田橋駅,飯田橋駅|水道橋駅|九段下駅|後楽園駅|牛込神楽坂駅|春日駅|神楽坂駅|神保町駅|本郷三丁目駅|江戸川橋駅,134.0,,,,tag:feature:midnight,20,+20(rental=1),0,1
深夜利用OKのダンススタジオ 東京,条件,A,ロジスタイルB StudioStyle+,〒160-0023 東京都新宿区西新宿７丁目１５-１４ FONTAINE三須 1F,,0,新宿,新宿|西新宿|高田馬場|新大久保,西武新宿駅,西武新宿駅|新宿駅|新大久保駅,255.0,,,,tag:feature:midnight,20,+20(rental=1),0,1
深夜利用OKのダンススタジオ 東京,条件,A,ロゼッタスタジオ錦糸町,〒130-0013 東京都墨田区錦糸２丁目１３-１ 堀越第一ビル 5F,,0,錦糸町,錦糸町,錦糸町駅,錦糸町駅,317.0,,,,tag:feature:midnight,20,+20(rental=1),0,1
深夜利用OKのダンススタジオ 東京,条件,A,ワーサルレンタルスタジオ（Aスタジオ）,〒151-0073 東京都渋谷区笹塚２丁目２５-２ グランド・ガーラ笹塚 B1,,0,渋谷,渋谷|恵比寿|代官山|原宿,笹塚駅,笹塚駅|代田橋駅|方南町駅|新代田駅|明大前駅|東北沢駅|幡ヶ谷駅|下北沢駅|東松原駅|代々木上原駅,386.0,,,,tag:feature:midnight,70,+20(rental=1)|+30(レンタルスタジオ)|+20(web),0,1
深夜利用OKのダンススタジオ 東京,条件,A,ワーサルレンタルスタジオ（Cスタジオ）,〒156-0041 東京都世田谷区大原２丁目２３-１５ 大原アジアビル 9F,,0,下北沢,下北沢|三軒茶屋|二子玉川|自由が丘,代田橋駅,代田橋駅|笹塚駅|明大前駅|新代田駅|東松原駅|方南町駅|下北沢駅|東北沢駅|世田谷代田駅|幡ヶ谷駅,201.0,,,,tag:feature:midnight,70,+20(rental=1)|+30(レンタルスタジオ)|+20(web),0,1
深夜利用OKのダンススタジオ 東京,条件,A,レンタルダンススタジオTerrace八王子,〒192-0085 東京都八王子市中町６-６ 店舗（旧 川和ビル 3階,,0,八王子,八王子,八王子駅,八王子駅,412.0,,,,tag:feature:midnight,60,+20(rental=1)|+40(レンタルダンス),0,1
深夜利用OKのダンススタジオ 東京,条件,A,永福町スタジオ/ライマーラマ:タヒチアンダンススタジオ,〒168-0064 東京都杉並区永福１丁目３９-１４ １階,,0,高円寺,高円寺,永福町駅,永福町駅|西永福駅|下高井戸駅|明大前駅|桜上水駅|代田橋駅|松原駅|浜田山駅|方南町駅|東松原駅,205.0,,,,tag:feature:midnight,45,+20(rental=1)|+25(ダンススタジオ),0,1
深夜利用OKのダンススタジオ 東京,条件,A,Studio Bis,〒141-0031 東京都品川区西五反田２丁目１０-８ ドルミ五反田ドゥメゾン 3階,,0,品川,品川|五反田|大井町|目黒,五反田駅,五反田駅|目黒駅|大崎駅,246.0,,,,tag:feature:midnight,20,+20(rental=1),0,1
深夜利用OKのダンススタジオ 東京,条件,A,演劇稽古場ファンファーレレンタルスタジオ高田馬場,〒169-0075 東京都新宿区高田馬場１丁目２１-４ 第５三池ビル B１F,,0,新宿,新宿|西新宿|高田馬場|新大久保,高田馬場駅,高田馬場駅|新大久保駅,337.0,,,,tag:feature:midnight,50,+20(rental=1)|+30(レンタルスタジオ),0,1
深夜利用OKのダンススタジオ 東京,条件,A,演劇舞台稽古場 ファンファーレレンタルスタジオ代田環七（撮影レンタルスタジオとしても利用可）,〒156-0041 東京都世田谷区大原１丁目２３-１５ 三京ビル ６F,,0,下北沢,下北沢|三軒茶屋|二子玉川|自由が丘,下北沢駅,下北沢駅,949.0,,,,tag:feature:midnight,50,+20(rental=1)|+30(レンタルスタジオ),0,1
深夜利用OKのダンススタジオ 東京,条件,A,塩野啓子バレエスタジオ,〒186-0003 東京都国立市富士見台４丁目12-１,,0,国立,国立,矢川駅,矢川駅|西国立駅|谷保駅,91.0,,,,tag:feature:midnight,20,+20(rental=1),0,1
深夜利用OKのダンススタジオ 東京,条件,A,押上SORAスタジオ2,〒131-0045 東京都墨田区押上１丁目２５-５ 西原ビル １階,,0,錦糸町,錦糸町,押上駅,押上駅,389.0,,,,tag:feature:midnight,40,+20(rental=1)|+20(web),0,1
深夜利用OKのダンススタジオ 東京,条件,A,押上ＳＯＲＡスタジオ4,〒131-0045 東京都墨田区押上１丁目２８-４ 桐生ビル 1Ｆ,,0,錦糸町,錦糸町,押上駅,押上駅,451.0,,,,tag:feature:midnight,40,+20(rental=1)|+20(web),0,1
深夜利用OKのダンススタジオ 東京,条件,A,押上とうきょうスカイツリーSORAスタジオ,〒131-0045 東京都墨田区押上１丁目１３-１０ ２ 階,,0,錦糸町,錦糸町,押上駅,押上駅,339.0,,,,tag:feature:midnight,40,+20(rental=1)|+20(web),0,1
深夜利用OKのダンススタジオ 東京,条件,A,王子飛鳥山レンタルスタジオ,〒114-0023 東京都北区滝野川１丁目４-１１ 滝野川1-4-11塚本ビル1階 塚本ビル,,0,赤羽,赤羽,王子駅,王子駅|王子駅前駅|滝野川一丁目駅|西ケ原駅|西ヶ原四丁目駅|上中里駅|梶原駅|西巣鴨駅|新庚申塚駅|荒川車庫前駅,267.0,,,,tag:feature:midnight,50,+20(rental=1)|+30(レンタルスタジオ),0,1
深夜利用OKのダンススタジオ 東京,条件,A,SHARE TAKANAWA,〒108-0074 東京都港区高輪２丁目１６-３２ 横川ビル ３Ｆ,,0,六本木,六本木|赤坂|麻布|新橋,品川駅,品川駅|田町駅,1037.0,,,,tag:feature:midnight,20,+20(rental=1),0,1
深夜利用OKのダンススタジオ 東京,条件,A,下北沢 ヴィンテージスタジオ,〒155-0031 東京都世田谷区北沢２丁目２６-５ 伊澤ビル 3F,,0,下北沢,下北沢|三軒茶屋|二子玉川|自由が丘,下北沢駅,下北沢駅,259.0,,,,tag:feature:midnight,20,+20(rental=1),0,1
深夜利用OKのダンススタジオ 東京,条件,A,加藤みや子ダンススペース ANNEX SENGAWA-FACTORY,〒182-0002 東京都調布市仙川町２丁目１８-２１,,0,調布,調布,仙川駅,仙川駅|つつじヶ丘駅|千歳烏山駅|柴崎駅,271.0,,,,tag:feature:midnight,20,+20(rental=1),0,1
深夜利用OKのダンススタジオ 東京,条件,A,外苑前アイランドスタジオ,〒150-0001 東京都渋谷区神宮前３丁目１-２５ 神宮前Ikビル 2階,,0,渋谷,渋谷|恵比寿|代官山|原宿,外苑前駅,外苑前駅|表参道駅|青山一丁目駅,322.0,,,,tag:feature:midnight,20,+20(rental=1),0,1
深夜利用OKのダンススタジオ 東京,条件,A,学園坂スタジオ,〒187-0043 東京都小平市学園東町７-７ 1-7-41 ナカムラ ビル 3F,,0,小平,小平,一橋学園駅,一橋学園駅|青梅街道駅|新小平駅|小平駅|鷹の台駅|萩山駅,239.0,,,,tag:feature:midnight,20,+20(rental=1),0,1
深夜利用OKのダンススタジオ 東京,条件,A,株式会社Dia Corporation,〒471-0835 愛知県豊田市曙町２丁目16番地 BULS16 101号室,,0,その他,その他,土橋駅,土橋駅|三河豊田駅,162.0,,,,tag:feature:midnight,20,+20(rental=1),0,1
深夜利用OKのダンススタジオ 東京,条件,A,株式会社expg family,〒153-0043 東京都目黒区東山１丁目２-２ 目黒東山スクエアビル 4F,,0,中目黒,中目黒,池尻大橋駅,池尻大橋駅,886.0,,,,tag:feature:midnight,20,+20(rental=1),0,1
深夜利用OKのダンススタジオ 東京,条件,A,株式会社ZERO CREATION（Dance Studio FOCUS）,〒166-0003 東京都杉並区高円寺南５丁目３５-１５,,0,高円寺,高円寺,中野駅,中野駅,718.0,,,,tag:feature:midnight,45,+20(rental=1)|+25(ダンススタジオ),0,1
深夜利用OKのダンススタジオ 東京,条件,A,蒲田COZYレンタルダンススタジオ,〒144-0052 東京都大田区蒲田５丁目６-１２ イワシタビル 2F,,0,蒲田,蒲田,蒲田駅,蒲田駅,257.0,,,,tag:feature:midnight,60,+20(rental=1)|+40(レンタルダンス),0,1
深夜利用OKのダンススタジオ 東京,条件,A,吉祥寺 レンタルスタジオ LC Rental,〒180-0004 東京都武蔵野市吉祥寺本町１丁目２４-７ 吉祥寺光ビル 6F,,0,吉祥寺,吉祥寺,吉祥寺駅,吉祥寺駅,146.0,,,,tag:feature:midnight,70,+20(rental=1)|+30(レンタルスタジオ)|+20(web),0,1
深夜利用OKのダンススタジオ 東京,条件,A,吉祥寺 吉すた レンタルスタジオ,〒180-0003 東京都武蔵野市吉祥寺南町２丁目２０-８ Ｋ＆Ｆビル 1Ｆ,,0,吉祥寺,吉祥寺,吉祥寺駅,吉祥寺駅,564.0,,,,tag:feature:midnight,50,+20(rental=1)|+30(レンタルスタジオ),0,1
深夜利用OKのダンススタジオ 東京,条件,A,吉祥寺 三鷹 モリノスタジオ,〒181-0013 東京都三鷹市下連雀１丁目１７-４ GRATO井の頭公園 2F,,0,三鷹,三鷹,三鷹駅,三鷹駅|吉祥寺駅,923.0,,,,tag:feature:midnight,20,+20(rental=1),0,1
深夜利用OKのダンススタジオ 東京,条件,A,吉祥寺スタジオ・レダ,〒180-0002 東京都武蔵野市吉祥寺東町１丁目１１-１８ Ｍビル 2F,,0,吉祥寺,吉祥寺,吉祥寺駅,吉祥寺駅,430.0,,,,tag:feature:midnight,20,+20(rental=1),0,1
深夜利用OKのダンススタジオ 東京,条件,A,吉祥寺ダンスガレージ レンタルスタジオ,〒180-0003 東京都武蔵野市吉祥寺南町２丁目２９-１２ 1F 東伸自動車株式会社ビル,,0,吉祥寺,吉祥寺,吉祥寺駅,吉祥寺駅,599.0,,,,tag:feature:midnight,50,+20(rental=1)|+30(レンタルスタジオ),0,1
深夜利用OKのダンススタジオ 東京,条件,A,吉祥寺ダンススタジオ【STUDIO55】スタジオゴーゴー,〒180-0004 東京都武蔵野市吉祥寺本町１丁目３３-１０ 丸二ビル,,0,吉祥寺,吉祥寺,吉祥寺駅,吉祥寺駅,410.0,,,,tag:feature:midnight,45,+20(rental=1)|+25(ダンススタジオ),0,1
深夜利用OKのダンススタジオ 東京,条件,A,吉祥寺レンタルスペース[Studio Amrita WEST],"吉祥寺藤彩ビル B1, ２丁目-１７-１２ 吉祥寺本町 武蔵野市 東京都 180-0004",,0,吉祥寺,吉祥寺,吉祥寺駅,吉祥寺駅,353.0,,,,tag:feature:midnight,40,+20(rental=1)|+20(web),0,1
深夜利用OKのダンススタジオ 東京,条件,A,宮益坂十間スタジオ,〒150-0002 東京都渋谷区渋谷１丁目１０-７ Ⅲ B1 (受付・Bスタジオ)、北館5F(Aスタジオ 宮益坂Stビル,,0,渋谷,渋谷|恵比寿|代官山|原宿,渋谷駅,渋谷駅|表参道駅|原宿駅,406.0,,,,tag:feature:midnight,20,+20(rental=1),0,1
深夜利用OKのダンススタジオ 東京,条件,A,宮地楽器 国分寺センター,〒185-0021 東京都国分寺市南町３丁目１２-２ 国分寺宮地ビル,,0,国分寺,国分寺,国分寺駅,国分寺駅,316.0,,,,tag:feature:midnight,20,+20(rental=1),0,1
深夜利用OKのダンススタジオ 東京,条件,A,GUIDANCE DANCE STUDIO,〒987-0702 宮城県登米市登米町寺池目子待井34,,0,その他,その他,なし,,,,,,tag:feature:midnight,45,+20(rental=1)|+25(ダンススタジオ),0,1
深夜利用OKのダンススタジオ 東京,条件,A,京橋ララサロン（KYOBASHI LALA SALON）,〒104-0032 東京都中央区八丁堀２丁目１９-６ ヤサカ八丁堀ビルB1,,0,銀座,銀座|日本橋|八丁堀|月島,東京駅,東京駅|有楽町駅,1036.0,,,,tag:feature:midnight,20,+20(rental=1),0,1
深夜利用OKのダンススタジオ 東京,条件,A,金町 レンタルスタジオ ダンスロッヂ,〒125-0042 東京都葛飾区金町６丁目１２-１３ セザール金町マンション １０１,,0,新小岩,新小岩,京成金町駅,京成金町駅|金町駅|柴又駅,350.0,,,,tag:feature:midnight,50,+20(rental=1)|+30(レンタルスタジオ),0,1
深夜利用OKのダンススタジオ 東京,条件,A,金町カフェレンタルスタジオ,〒125-0041 東京都葛飾区東金町１丁目３８-４ ニュー金町ビル ４F,,0,新小岩,新小岩,金町駅,金町駅|京成金町駅|柴又駅,175.0,,,,tag:feature:midnight,50,+20(rental=1)|+30(レンタルスタジオ),0,1
深夜利用OKのダンススタジオ 東京,条件,A,銀座花道スタジオ,〒104-0061 東京都中央区銀座３丁目１４-１８ 小野寺ビル 2F,,0,銀座,銀座|日本橋|八丁堀|月島,有楽町駅,有楽町駅|新橋駅,772.0,,,,tag:feature:midnight,20,+20(rental=1),0,1
深夜利用OKのダンススタジオ 東京,条件,A,駒沢ダンスガーデン,〒154-0011 東京都世田谷区上馬３丁目７-８,,0,下北沢,下北沢|三軒茶屋|二子玉川|自由が丘,三軒茶屋駅,三軒茶屋駅,1165.0,,,,tag:feature:midnight,20,+20(rental=1),0,1
深夜利用OKのダンススタジオ 東京,条件,A,恵比寿ガーデンプレイス,〒150-0013 東京都渋谷区恵比寿４丁目２０,,0,渋谷,渋谷|恵比寿|代官山|原宿,恵比寿駅,恵比寿駅|目黒駅,576.0,,,,tag:feature:midnight,20,+20(rental=1),0,1
深夜利用OKのダンススタジオ 東京,条件,A,恵比寿ヒルサイドスタジオ,〒150-0022 東京都渋谷区恵比寿南２丁目２１-８ 恵比寿ファインヒル B１,,0,渋谷,渋谷|恵比寿|代官山|原宿,恵比寿駅,恵比寿駅|目黒駅,453.0,,,,tag:feature:midnight,20,+20(rental=1),0,1
深夜利用OKのダンススタジオ 東京,条件,A,原宿MOA,〒151-0051 東京都渋谷区千駄ケ谷３丁目５１-６ 原宿ＭＯＡ ビルM1F,,0,渋谷,渋谷|恵比寿|代官山|原宿,原宿駅,原宿駅|代々木駅|外苑前駅,626.0,,,,tag:feature:midnight,20,+20(rental=1),0,1
深夜利用OKのダンススタジオ 東京,条件,A,御茶ノ水 おちゃすた レンタルスタジオ,〒101-0052 東京都千代田区神田小川町３丁目１４-２ 漢陽ビル Ｂ1Ｆ,,0,秋葉原,秋葉原,神保町駅,神保町駅|新御茶ノ水駅|御茶ノ水駅|小川町駅|竹橋駅|九段下駅|水道橋駅|神田駅|大手町駅|岩本町駅,305.0,,,,tag:feature:midnight,50,+20(rental=1)|+30(レンタルスタジオ),0,1
深夜利用OKのダンススタジオ 東京,条件,A,Akimotoレンタルスタジオ,〒153-0051 東京都目黒区上目黒１丁目１６-１１ 秋元ビル,,0,中目黒,中目黒,恵比寿駅,恵比寿駅,1130.0,,,,tag:feature:midnight,70,+20(rental=1)|+30(レンタルスタジオ)|+20(web),0,1
深夜利用OKのダンススタジオ 東京,条件,A,御茶ノ水 レンタルスタジオ,〒101-0062 東京都千代田区神田駿河台２丁目６-１５ ４Ｆ,,0,秋葉原,秋葉原,秋葉原駅,秋葉原駅,891.0,,,,tag:feature:midnight,50,+20(rental=1)|+30(レンタルスタジオ),0,1
深夜利用OKのダンススタジオ 東京,条件,A,広尾ピースオブモダンダンススタジオ,〒106-0047 東京都港区南麻布５丁目１３-１２,,0,六本木,六本木|赤坂|麻布|新橋,麻布十番駅,麻布十番駅,1038.0,,,,tag:feature:midnight,45,+20(rental=1)|+25(ダンススタジオ),0,1
深夜利用OKのダンススタジオ 東京,条件,A,高円寺 フェニックス レンタルスタジオ,〒166-0003 東京都杉並区高円寺南２丁目５３-１,,0,高円寺,高円寺,中野駅,中野駅,1189.0,,,,tag:feature:midnight,50,+20(rental=1)|+30(レンタルスタジオ),0,1
深夜利用OKのダンススタジオ 東京,条件,A,高円寺・中野レンタルダンススタジオEmotions,〒166-0002 東京都杉並区高円寺北１丁目３-２,,0,高円寺,高円寺,中野駅,中野駅,971.0,,,,tag:feature:midnight,60,+20(rental=1)|+40(レンタルダンス),0,1
深夜利用OKのダンススタジオ 東京,条件,A,高円寺スタジオ,〒166-0002 東京都杉並区高円寺北２丁目７-７ 地下１階 高円寺名店ビル,,0,高円寺,高円寺,高円寺駅,高円寺駅|新高円寺駅|東高円寺駅|阿佐ヶ谷駅|中野駅|野方駅|南阿佐ケ谷駅|都立家政駅|沼袋駅|新中野駅,147.0,,,,tag:feature:midnight,20,+20(rental=1),0,1
深夜利用OKのダンススタジオ 東京,条件,A,高円寺フェニックススタジオ,〒166-0003 東京都杉並区５３ 高円寺南2-53-1 FLAT・KOU1階,,0,高円寺,高円寺,中野駅,中野駅,1193.0,,,,tag:feature:midnight,20,+20(rental=1),0,1
深夜利用OKのダンススタジオ 東京,条件,A,高田馬場 ペガサス,〒171-0033 東京都豊島区高田３丁目１３-８ 吉見ビル 2F,,0,池袋,池袋|目白|大塚|巣鴨,高田馬場駅,高田馬場駅,368.0,,,,tag:feature:midnight,20,+20(rental=1),0,1
深夜利用OKのダンススタジオ 東京,条件,A,麹町スタジオ,〒102-0093 東京都千代田区平河町１丁目５-１６ アオキスタジオビル,,0,秋葉原,秋葉原,赤坂駅,赤坂駅,1023.0,,,,tag:feature:midnight,20,+20(rental=1),0,1
深夜利用OKのダンススタジオ 東京,条件,A,国分寺 プレイス レンタルスタジオ,〒185-0021 東京都国分寺市南町３丁目３-２０ ロイヤルプレイス南町 B1,,0,国分寺,国分寺,国分寺駅,国分寺駅,404.0,,,,tag:feature:midnight,50,+20(rental=1)|+30(レンタルスタジオ),0,1
深夜利用OKのダンススタジオ 東京,条件,A,国立ミュージカルスタジオ,〒186-0002 東京都国立市東１丁目１-１?２９ 第2いちやまハイツ 3F,,0,国立,国立,国立駅,国立駅|西国分寺駅|谷保駅|恋ヶ窪駅,179.0,,,,tag:feature:midnight,20,+20(rental=1),0,1
深夜利用OKのダンススタジオ 東京,条件,A,佐々木隆子タップダンススタジオ（蒲田本部スタジオ）,〒144-0035 東京都大田区南蒲田３丁目８-３０,,0,蒲田,蒲田,糀谷駅,糀谷駅|京急蒲田駅|雑色駅|蒲田駅|大鳥居駅|梅屋敷駅|蓮沼駅,402.0,,,,tag:feature:midnight,45,+20(rental=1)|+25(ダンススタジオ),0,1
深夜利用OKのダンススタジオ 東京,条件,A,タイムズ東京タワーサイド第２,〒105-0011 東京都港区芝公園４丁目４,,0,六本木,六本木|赤坂|麻布|新橋,麻布十番駅,麻布十番駅|浜松町駅,954.0,,,,tag:feature:midnight,20,+20(rental=1),0,1
深夜利用OKのダンススタジオ 東京,条件,A,撮影スタジオ【スタジオトランバネーロ】,〒115-0045 東京都北区赤羽１丁目５１-４ 赤銀ビル 201号,,0,赤羽,赤羽,赤羽駅,赤羽駅,662.0,,,,tag:feature:midnight,20,+20(rental=1),0,1
深夜利用OKのダンススタジオ 東京,条件,A,三軒茶屋 銀杏の葉 レンタルダンススタジオ,〒154-0004 東京都世田谷区太子堂１丁目４-３３ アークビル 3F,,0,下北沢,下北沢|三軒茶屋|二子玉川|自由が丘,池尻大橋駅,池尻大橋駅|三軒茶屋駅,750.0,,,,tag:feature:midnight,60,+20(rental=1)|+40(レンタルダンス),0,1
深夜利用OKのダンススタジオ 東京,条件,A,三軒茶屋リーフスタジオ,〒154-0004 東京都世田谷区太子堂３丁目１４-８ 太子堂COMPLEX 3F 300号室,,0,下北沢,下北沢|三軒茶屋|二子玉川|自由が丘,三軒茶屋駅,三軒茶屋駅,385.0,,,,tag:feature:midnight,20,+20(rental=1),0,1
深夜利用OKのダンススタジオ 東京,条件,A,山田誠ダンススタジオ,〒190-0012 東京都立川市曙町２丁目３２-２ 中山本社ビル,,0,立川,立川,立川駅,立川駅,441.0,,,,tag:feature:midnight,45,+20(rental=1)|+25(ダンススタジオ),0,1
深夜利用OKのダンススタジオ 東京,条件,A,寺島ゆかりバレエクラス スタジオ マカロン,〒154-0022 東京都世田谷区梅丘１丁目２０-９ 梅ヶ丘プラザ 2F,,0,下北沢,下北沢|三軒茶屋|二子玉川|自由が丘,梅ヶ丘駅,梅ヶ丘駅|豪徳寺駅|世田谷代田駅|山下駅|東松原駅|新代田駅|若林駅|宮の坂駅|松原駅|松陰神社前駅,81.0,,,,tag:feature:midnight,20,+20(rental=1),0,1
深夜利用OKのダンススタジオ 東京,条件,A,自由が丘 セレナヴィータ レンタルスタジオ,〒152-0035 東京都目黒区自由が丘２丁目３-１２ ２Ｆ－Ｂ セレナヴィータ自由が丘,,0,中目黒,中目黒,自由が丘駅,自由が丘駅,608.0,,,,tag:feature:midnight,50,+20(rental=1)|+30(レンタルスタジオ),0,1
深夜利用OKのダンススタジオ 東京,条件,A,自由が丘フラスタジオ LAKI ALOHA,〒158-0083 東京都世田谷区奥沢２丁目４５-８,,0,下北沢,下北沢|三軒茶屋|二子玉川|自由が丘,自由が丘駅,自由が丘駅,597.0,,,,tag:feature:midnight,20,+20(rental=1),0,1
深夜利用OKのダンススタジオ 東京,条件,A,舎人公園 ドッグラン,〒121-0837 東京都足立区舎人公園１,,0,北千住,北千住,舎人公園駅,舎人公園駅|舎人駅|谷在家駅|西新井大師西駅|見沼代親水公園駅|竹ノ塚駅,181.0,,,,tag:feature:midnight,20,+20(rental=1),0,1
深夜利用OKのダンススタジオ 東京,条件,A,社交ダンススタジオリハーサル,〒208-0023 東京都武蔵村山市伊奈平６丁目２２-４,,0,武蔵村山,武蔵村山,西武立川駅,西武立川駅,1833.0,,,,tag:feature:midnight,45,+20(rental=1)|+25(ダンススタジオ),0,1
深夜利用OKのダンススタジオ 東京,条件,A,秋葉原スクエアスタジオ,〒111-0053 東京都台東区浅草橋５丁目３-２ 秋葉原スクエアビル 1F,,0,上野,上野|浅草|御徒町|蔵前,秋葉原駅,秋葉原駅|蔵前駅,615.0,,,,tag:feature:midnight,20,+20(rental=1),0,1
深夜利用OKのダンススタジオ 東京,条件,A,Studio Sun-Sea,〒124-0006 東京都葛飾区堀切４丁目１１-２ 堀学ビル 302号室,,0,新小岩,新小岩,堀切菖蒲園駅,堀切菖蒲園駅|堀切駅|お花茶屋駅|京成関屋駅|牛田駅|綾瀬駅|鐘ケ淵駅|小菅駅|四ツ木駅|北千住駅,89.0,,,,tag:feature:midnight,40,+20(rental=1)|+20(web),0,1
深夜利用OKのダンススタジオ 東京,条件,A,秋葉原ブルーハス レンタルスタジオ,〒110-0006 東京都台東区秋葉原３-１０ 東京商会秋葉原ビルB1階,,0,上野,上野|浅草|御徒町|蔵前,秋葉原駅,秋葉原駅,393.0,,,,tag:feature:midnight,50,+20(rental=1)|+30(レンタルスタジオ),0,1
深夜利用OKのダンススタジオ 東京,条件,A,秋葉原レッスンスタジオてらこや,〒101-0025 東京都千代田区神田佐久間町３丁目３１-３,,0,秋葉原,秋葉原,秋葉原駅,秋葉原駅,359.0,,,,tag:feature:midnight,20,+20(rental=1),0,1
深夜利用OKのダンススタジオ 東京,条件,A,渋谷 EYE CANDY,〒150-0011 東京都渋谷区東１丁目２４-８ トキワマツ72ビル A号,,0,渋谷,渋谷|恵比寿|代官山|原宿,渋谷駅,渋谷駅|恵比寿駅,679.0,,,,tag:feature:midnight,20,+20(rental=1),0,1
深夜利用OKのダンススタジオ 東京,条件,A,渋谷 レンタルスタジオ スタジオミッション studio mission,〒150-0043 東京都渋谷区道玄坂２丁目２８-５ 2-10F 渋谷道玄坂ビル 秀永,,0,渋谷,渋谷|恵比寿|代官山|原宿,渋谷駅,渋谷駅,403.0,,,,tag:feature:midnight,50,+20(rental=1)|+30(レンタルスタジオ),0,1
深夜利用OKのダンススタジオ 東京,条件,A,渋谷RIZEスタジオ,〒150-0041 東京都渋谷区神南１丁目１３-４ Idoビル 2階A号室,,0,渋谷,渋谷|恵比寿|代官山|原宿,渋谷駅,渋谷駅|原宿駅|表参道駅,582.0,,,,tag:feature:midnight,20,+20(rental=1),0,1
深夜利用OKのダンススタジオ 東京,条件,A,渋谷笹塚スタジオ,〒151-0073 東京都渋谷区笹塚１丁目５８-６ マルシンビル6F,,0,渋谷,渋谷|恵比寿|代官山|原宿,笹塚駅,笹塚駅|代田橋駅|幡ヶ谷駅|東北沢駅|方南町駅|新代田駅|代々木上原駅|下北沢駅|明大前駅|東松原駅,126.0,,,,tag:feature:midnight,20,+20(rental=1),0,1
深夜利用OKのダンススタジオ 東京,条件,A,BUZZ レンタルスタジオ 西日暮里店,〒116-0013 東京都荒川区西日暮里５丁目２４-２ Ｋ．Ｉビル 地下1階,,0,日暮里,日暮里,日暮里駅,日暮里駅,595.0,,,,tag:feature:midnight,50,+20(rental=1)|+30(レンタルスタジオ),0,1
深夜利用OKのダンススタジオ 東京,条件,A,女性専用フィットネスジム ミットネス 赤坂店,〒107-0052 東京都港区赤坂４丁目３-６ ヒューリック赤坂一ツ木通ビル 3階,,0,六本木,六本木|赤坂|麻布|新橋,赤坂駅,赤坂駅|青山一丁目駅,111.0,,,,tag:feature:midnight,20,+20(rental=1),0,1
深夜利用OKのダンススタジオ 東京,条件,A,BUZZ竹ノ塚,〒121-0823 東京都足立区伊興３丁目１８-１９ ＮＹビル 3階,https://dance-studio-lab.com/room/Zjk4YThkNDItZDI4OC00MTRlLTg2NDgtYTgxZDUyYjgxMjQ2/detail,1,北千住,北千住,竹ノ塚駅,竹ノ塚駅|舎人公園駅|谷在家駅|大師前駅|舎人駅,295.0,,,,tag:feature:midnight,50,+30(dslurl)|+20(rental=1),0,1
深夜利用OKのダンススタジオ 東京,条件,A,城北公園前レンタルスタジオ,〒174-0043 東京都板橋区坂下２丁目３１-５ ２F,,0,成増,成増,蓮根駅,蓮根駅|志村三丁目駅|西台駅|浮間舟渡駅|志村坂上駅|高島平駅,255.0,,,,tag:feature:midnight,50,+20(rental=1)|+30(レンタルスタジオ),0,1
深夜利用OKのダンススタジオ 東京,条件,A,新宿 だんすた レンタルスタジオ,〒160-0023 東京都新宿区西新宿７丁目１３-７ 3F4F タカラビル,,0,新宿,新宿|西新宿|高田馬場|新大久保,西武新宿駅,西武新宿駅|新宿駅|新大久保駅,398.0,,,,tag:feature:midnight,50,+20(rental=1)|+30(レンタルスタジオ),0,1
深夜利用OKのダンススタジオ 東京,条件,A,新宿 大久保 BMT レンタルスタジオ,〒169-0074 東京都新宿区北新宿１丁目１３-１９ 弘林ビル Ｂ１Ｆ,,0,新宿,新宿|西新宿|高田馬場|新大久保,新大久保駅,新大久保駅|西武新宿駅,614.0,,,,tag:feature:midnight,50,+20(rental=1)|+30(レンタルスタジオ),0,1
深夜利用OKのダンススタジオ 東京,条件,A,新宿・大久保マイックル,〒169-0073 東京都新宿区百人町１丁目１９-２３,,0,新宿,新宿|西新宿|高田馬場|新大久保,新大久保駅,新大久保駅|西武新宿駅|新宿駅,352.0,,,,tag:feature:midnight,20,+20(rental=1),0,1
深夜利用OKのダンススタジオ 東京,条件,A,新宿マイスタジオ,〒160-0023 東京都新宿区西新宿７丁目９-１７ ６F・５F・４F 伊藤ビル,,0,新宿,新宿|西新宿|高田馬場|新大久保,西武新宿駅,西武新宿駅|新宿駅|新大久保駅,263.0,,,,tag:feature:midnight,20,+20(rental=1),0,1
深夜利用OKのダンススタジオ 東京,条件,A,新宿御苑前スタジオ,〒160-0022 東京都新宿区新宿１丁目１３-１２ FIRST bldg 地下1階 FIRST Bldg.,,0,新宿,新宿|西新宿|高田馬場|新大久保,新宿駅,新宿駅|代々木駅,1063.0,,,,tag:feature:midnight,20,+20(rental=1),0,1
深夜利用OKのダンススタジオ 東京,条件,A,新宿村スタジオ,〒169-0074 東京都新宿区北新宿２丁目１-２,,0,新宿,新宿|西新宿|高田馬場|新大久保,西武新宿駅,西武新宿駅|新大久保駅|新宿駅,1011.0,,,,tag:feature:midnight,20,+20(rental=1),0,1
深夜利用OKのダンススタジオ 東京,条件,A,神楽坂バレエクラス,〒162-0825 東京都新宿区神楽坂３丁目２,,0,新宿,新宿|西新宿|高田馬場|新大久保,飯田橋駅,飯田橋駅|牛込神楽坂駅|神楽坂駅|江戸川橋駅|水道橋駅|九段下駅|後楽園駅|市ケ谷駅|牛込柳町駅|春日駅,400.0,,,,tag:feature:midnight,20,+20(rental=1),0,1
深夜利用OKのダンススタジオ 東京,条件,A,杉並だんすアトリウム,〒168-0073 東京都杉並区下高井戸１丁目２-１３ 山口ビル ２Ｆ、３Ｆ,,0,高円寺,高円寺,下高井戸駅,下高井戸駅|松原駅|桜上水駅|明大前駅|永福町駅|西永福駅|東松原駅|山下駅|豪徳寺駅|上北沢駅,94.0,,,,tag:feature:midnight,20,+20(rental=1),0,1
深夜利用OKのダンススタジオ 東京,条件,A,清瀬のレンタルスタジオ｜ダンススタジオ｜レンタルスタジオ｜レンタルスペース【studio NEW YORK】,〒204-0022 東京都清瀬市松山１丁目１３-２５ 清瀬平塚ビル 2F 山合,,0,清瀬,清瀬,清瀬駅,清瀬駅|東久留米駅,255.0,,,,tag:feature:midnight,50,+20(rental=1)|+30(レンタルスタジオ),0,1
深夜利用OKのダンススタジオ 東京,条件,A,スタジオＲ,〒110-0001 東京都台東区谷中２丁目８-１２,,0,上野,上野|浅草|御徒町|蔵前,日暮里駅,日暮里駅,757.0,,,,tag:feature:midnight,20,+20(rental=1),0,1
深夜利用OKのダンススタジオ 東京,条件,A,西荻窪七宝レンタルスペース,〒167-0042 東京都杉並区西荻北３丁目２５-１ 七宝マンション 1階,,0,高円寺,高円寺,西荻窪駅,西荻窪駅|井の頭公園駅|吉祥寺駅|三鷹台駅|久我山駅|荻窪駅,259.0,,,,tag:feature:midnight,20,+20(rental=1),0,1
深夜利用OKのダンススタジオ 東京,条件,A,西葛西ダンススタジオ mind-blowing,〒134-0088 東京都江戸川区西葛西５丁目６-２０ 小山ビル 4階,,0,西葛西,西葛西,西葛西駅,西葛西駅|葛西駅,140.0,,,,tag:feature:midnight,45,+20(rental=1)|+25(ダンススタジオ),0,1
深夜利用OKのダンススタジオ 東京,条件,A,スタジオアンダンティーノ,〒114-0014 東京都北区田端５丁目１-１２,,0,赤羽,赤羽,田端駅,田端駅|西日暮里駅|赤土小学校前駅|尾久駅|駒込駅|新三河島駅|千駄木駅|小台駅|日暮里駅|上中里駅,152.0,,,,tag:feature:midnight,20,+20(rental=1),0,1
深夜利用OKのダンススタジオ 東京,条件,A,西島ダンスアカデミィＫ２,〒150-0022 東京都渋谷区恵比寿南３ １－３－６ ＣＩビル３Ｆ,,0,渋谷,渋谷|恵比寿|代官山|原宿,恵比寿駅,恵比寿駅,215.0,,,,tag:feature:midnight,20,+20(rental=1),0,1
深夜利用OKのダンススタジオ 東京,条件,A,石原ダンスクラブ 本店,〒160-0004 東京都新宿区四谷１丁目６-１,,0,新宿,新宿|西新宿|高田馬場|新大久保,四ツ谷駅,四ツ谷駅|市ケ谷駅|四谷三丁目駅|麹町駅|曙橋駅|半蔵門駅|信濃町駅|牛込柳町駅|赤坂見附駅|永田町駅,165.0,,,,tag:feature:midnight,20,+20(rental=1),0,1
深夜利用OKのダンススタジオ 東京,条件,A,赤レンガ・バレエスタジオStudioStyle+,〒169-0073 東京都新宿区百人町１丁目２４-８ 3F,,0,新宿,新宿|西新宿|高田馬場|新大久保,新大久保駅,新大久保駅|西武新宿駅|新宿駅,347.0,,,,tag:feature:midnight,20,+20(rental=1),0,1
深夜利用OKのダンススタジオ 東京,条件,A,赤レンガ・プレイスタジオStudioStyle+,〒169-0073 東京都新宿区百人町１丁目２４-８ 3F,,0,新宿,新宿|西新宿|高田馬場|新大久保,新大久保駅,新大久保駅|西武新宿駅|新宿駅,346.0,,,,tag:feature:midnight,20,+20(rental=1),0,1
深夜利用OKのダンススタジオ 東京,条件,A,赤レンガ・ライブスタジオStudioStyle+,〒169-0073 東京都新宿区百人町１丁目２４-８ 1F,,0,新宿,新宿|西新宿|高田馬場|新大久保,新大久保駅,新大久保駅|西武新宿駅|新宿駅,344.0,,,,tag:feature:midnight,20,+20(rental=1),0,1
深夜利用OKのダンススタジオ 東京,条件,A,赤坂茜山スタジオ,〒107-0052 東京都港区赤坂２丁目２１-１ 川本ビル Ｂ１Ｆ,,0,六本木,六本木|赤坂|麻布|新橋,赤坂駅,赤坂駅|六本木駅,502.0,,,,tag:feature:midnight,20,+20(rental=1),0,1
深夜利用OKのダンススタジオ 東京,条件,A,仙川 スタジオ 舞仙 レンタルダンススタジオ,〒182-0002 東京都調布市仙川町１丁目１８-２５ 第一富沢ビル 3F,,0,調布,調布,仙川駅,仙川駅|つつじヶ丘駅|千歳烏山駅|柴崎駅,52.0,,,,tag:feature:midnight,60,+20(rental=1)|+40(レンタルダンス),0,1
深夜利用OKのダンススタジオ 東京,条件,A,浅草スタジオ２２６,〒111-0033 東京都台東区花川戸２丁目２-６ エビスビル 7階,,0,上野,上野|浅草|御徒町|蔵前,浅草駅,浅草駅|押上駅,459.0,,,,tag:feature:midnight,20,+20(rental=1),0,1
深夜利用OKのダンススタジオ 東京,条件,A,早坂ダンススタジオ,〒180-0003 東京都武蔵野市吉祥寺南町２丁目６-１,,0,吉祥寺,吉祥寺,吉祥寺駅,吉祥寺駅,178.0,,,,tag:feature:midnight,45,+20(rental=1)|+25(ダンススタジオ),0,1
深夜利用OKのダンススタジオ 東京,条件,A,Starbox,〒135-0016 東京都江東区東陽３丁目２１-１３,,0,豊洲,豊洲,木場駅,木場駅|東陽町駅|潮見駅|門前仲町駅|越中島駅|南砂町駅|清澄白河駅,410.0,,,,tag:feature:midnight,20,+20(rental=1),0,1
深夜利用OKのダンススタジオ 東京,条件,A,多目的スペース「時々海風が吹くスタジオ」,〒136-0071 東京都江東区亀戸７丁目４３-５,,0,豊洲,豊洲,亀戸水神駅,亀戸水神駅|亀戸駅|大島駅|西大島駅|東あずま駅|平井駅|東大島駅|小村井駅|錦糸町駅|住吉駅,399.0,,,,tag:feature:midnight,20,+20(rental=1),0,1
深夜利用OKのダンススタジオ 東京,条件,A,多目的貸スタジオ-TSスタジオ,〒174-0056 東京都板橋区志村３丁目１７-２ TSビル 4階,,0,成増,成増,志村三丁目駅,志村三丁目駅|蓮根駅|志村坂上駅|西台駅|上板橋駅|浮間舟渡駅|本蓮沼駅,267.0,,,,tag:feature:midnight,20,+20(rental=1),0,1
深夜利用OKのダンススタジオ 東京,条件,A,体幹・柔軟性強化&ポールダンス スタジオWeBA（ウィーバ）,〒136-0072 東京都江東区大島５丁目２７-１,,0,豊洲,豊洲,大島駅,大島駅|西大島駅|東大島駅|亀戸駅|亀戸水神駅|住吉駅|南砂町駅,413.0,,,,tag:feature:midnight,20,+20(rental=1),0,1
深夜利用OKのダンススタジオ 東京,条件,A,貸し会議室 & 全国蕎麦製粉会館【JK Room 駒込】,〒170-0003 東京都豊島区駒込１丁目４０-４ 全国蕎麦製粉協同組合４０１ コンフォート駒込,,0,池袋,池袋|目白|大塚|巣鴨,駒込駅,駒込駅|巣鴨駅|千石駅|田端駅|上中里駅|本駒込駅|西ケ原駅|尾久駅|白山駅|西ヶ原四丁目駅,168.0,,,,tag:feature:midnight,20,+20(rental=1),0,1
深夜利用OKのダンススタジオ 東京,条件,A,貸スペース 東京レンタルスタジオ,〒125-0061 東京都葛飾区亀有３丁目１３-２ 亀有鞠子ビル4階,,0,新小岩,新小岩,亀有駅,亀有駅|お花茶屋駅,380.0,,,,tag:feature:midnight,50,+20(rental=1)|+30(レンタルスタジオ),0,1
深夜利用OKのダンススタジオ 東京,条件,A,貸ホールスペース６,〒157-0062 東京都世田谷区南烏山６丁目４-８,,0,下北沢,下北沢|三軒茶屋|二子玉川|自由が丘,千歳烏山駅,千歳烏山駅|芦花公園駅|八幡山駅|仙川駅|富士見ヶ丘駅,100.0,,,,tag:feature:midnight,20,+20(rental=1),0,1
深夜利用OKのダンススタジオ 東京,条件,A,貸空間スタジオStudioStyle+,〒160-0023 東京都新宿区西新宿７丁目２２-３１ BF 柏木 MURA,,0,新宿,新宿|西新宿|高田馬場|新大久保,西武新宿駅,西武新宿駅|新大久保駅|新宿駅,391.0,,,,tag:feature:midnight,20,+20(rental=1),0,1
深夜利用OKのダンススタジオ 東京,条件,A,Ohana Room Studio浦安,〒279-0002 千葉県浦安市北栄１丁目１５-５ レクス浦安駅前 ４F,,0,その他,その他,浦安駅,浦安駅|南行徳駅|葛西駅,119.0,,,,tag:feature:midnight,20,+20(rental=1),0,1
深夜利用OKのダンススタジオ 東京,条件,A,大宮 ラージス レンタルスタジオ,〒330-0846 埼玉県さいたま市大宮区大門町３丁目８２-３ 大和（やまと）ビル3F,,0,その他,その他,大宮駅,大宮駅|北大宮駅|さいたま新都心駅|鉄道博物館駅|大宮公園駅|北与野駅,511.0,,,,tag:feature:midnight,50,+20(rental=1)|+30(レンタルスタジオ),0,1
深夜利用OKのダンススタジオ 東京,条件,A,大人バレエMiho Ballet Arts下高井戸,〒168-0073 東京都杉並区下高井戸１丁目２-１３ 山口ビル 杉並だんすアトリウム,,0,高円寺,高円寺,下高井戸駅,下高井戸駅|松原駅|桜上水駅|明大前駅|永福町駅|西永福駅|東松原駅|山下駅|豪徳寺駅|上北沢駅,92.0,,,,tag:feature:midnight,20,+20(rental=1),0,1
深夜利用OKのダンススタジオ 東京,条件,A,大人バレエシェリ 東京銀座スタジオ,〒104-0061 東京都中央区銀座５丁目１４-６ 橋ビルⅡ B1,,0,銀座,銀座|日本橋|八丁堀|月島,有楽町駅,有楽町駅|新橋駅,798.0,,,,tag:feature:midnight,20,+20(rental=1),0,1
深夜利用OKのダンススタジオ 東京,条件,A,大泉学園ノートル,"練馬区東大泉６丁目ー３４－４５ SKビルⅡ ２階 ３４, ３４ 練馬区 東京都 178-0063",,0,練馬,練馬,大泉学園駅,大泉学園駅|保谷駅|石神井公園駅,159.0,,,,tag:feature:midnight,20,+20(rental=1),0,1
深夜利用OKのダンススタジオ 東京,条件,A,大谷哲章バレエスタジオアプロン,〒164-0011 東京都中野区中央２丁目８-２１,,0,中野,中野,中野坂上駅,中野坂上駅|東中野駅|西新宿五丁目駅（清水橋）|中野新橋駅|西新宿駅|新中野駅|都庁前駅|大久保駅|落合駅|新宿西口駅,181.0,,,,tag:feature:midnight,20,+20(rental=1),0,1
深夜利用OKのダンススタジオ 東京,条件,A,第一ホテル東京 フィットネス&アクアゾーン,〒100-0011 東京都千代田区内幸町１丁目５-３ 新幸橋ビルディング ビル内,,0,秋葉原,秋葉原,新橋駅,新橋駅|有楽町駅,357.0,,,,tag:feature:midnight,20,+20(rental=1),0,1
深夜利用OKのダンススタジオ 東京,条件,A,池袋 MIB,〒171-0014 東京都豊島区池袋２丁目６８-９ ＭＩＢ 1-2-3F,,0,池袋,池袋|目白|大塚|巣鴨,池袋駅,池袋駅,763.0,,,,tag:feature:midnight,20,+20(rental=1),0,1
深夜利用OKのダンススタジオ 東京,条件,A,池袋 ミント,〒170-0014 東京都豊島区池袋１丁目８-５ 池袋MINTORONビルB1F,,0,池袋,池袋|目白|大塚|巣鴨,池袋駅,池袋駅,795.0,,,,tag:feature:midnight,20,+20(rental=1),0,1
深夜利用OKのダンススタジオ 東京,条件,A,池袋ルピナス,〒170-0013 東京都豊島区東池袋１丁目３１-２ ルピナス池袋102,,0,池袋,池袋|目白|大塚|巣鴨,池袋駅,池袋駅,619.0,,,,tag:feature:midnight,20,+20(rental=1),0,1
深夜利用OKのダンススタジオ 東京,条件,A,池袋レンタルスタジオ Studio M Ikebukuro Tokyo,〒171-0014 東京都豊島区池袋２丁目５３-３ スクエア21 １Ｆ,,0,池袋,池袋|目白|大塚|巣鴨,池袋駅,池袋駅,561.0,,,,tag:feature:midnight,50,+20(rental=1)|+30(レンタルスタジオ),0,1
深夜利用OKのダンススタジオ 東京,条件,A,池田山ノブレスレンタルスタジオ（五反田駅）,〒141-0022 東京都品川区東五反田５丁目２４-７ ノブレス池田山 B1階,,0,品川,品川|五反田|大井町|目黒,五反田駅,五反田駅|大崎駅|目黒駅,120.0,,,,tag:feature:midnight,50,+20(rental=1)|+30(レンタルスタジオ),0,1
深夜利用OKのダンススタジオ 東京,条件,A,中目黒 すわ山 レンタルスタジオ,〒153-0051 東京都目黒区上目黒２丁目４７-１ 司ビル 2F-B,,0,中目黒,中目黒,中目黒駅,中目黒駅|祐天寺駅|代官山駅|池尻大橋駅|恵比寿駅|学芸大学駅|神泉駅|渋谷駅,412.0,,,,tag:feature:midnight,50,+20(rental=1)|+30(レンタルスタジオ),0,1
深夜利用OKのダンススタジオ 東京,条件,A,中目黒 ブロードウェイレンタルスタジオ,〒153-0051 東京都目黒区上目黒１丁目５-１０ 中目黒マンション Ｂ15号室,,0,中目黒,中目黒,恵比寿駅,恵比寿駅,888.0,,,,tag:feature:midnight,50,+20(rental=1)|+30(レンタルスタジオ),0,1
深夜利用OKのダンススタジオ 東京,条件,A,中野 ガーデン レンタルスタジオ,〒165-0026 東京都中野区新井１丁目１２-５ ＮＳフラッツ B1階,,0,中野,中野,中野駅,中野駅,581.0,,,,tag:feature:midnight,50,+20(rental=1)|+30(レンタルスタジオ),0,1
深夜利用OKのダンススタジオ 東京,条件,A,中野ロフトスタジオ～nakano f～,〒164-0001 東京都中野区中野５丁目４６-１０,,0,中野,中野,中野駅,中野駅,294.0,,,,tag:feature:midnight,20,+20(rental=1),0,1
深夜利用OKのダンススタジオ 東京,条件,A,長谷川政義ダンスワールド,〒116-0013 東京都荒川区西日暮里６丁目４７-８ サンライズ21 2F,,0,日暮里,日暮里,日暮里駅,日暮里駅,926.0,,,,tag:feature:midnight,20,+20(rental=1),0,1
深夜利用OKのダンススタジオ 東京,条件,A,天空MURAダンススタジオStudioStyle+,〒160-0023 東京都新宿区西新宿６丁目１２-１６,,0,新宿,新宿|西新宿|高田馬場|新大久保,新宿駅,新宿駅|西武新宿駅,1079.0,,,,tag:feature:midnight,45,+20(rental=1)|+25(ダンススタジオ),0,1
深夜利用OKのダンススタジオ 東京,条件,A,天空MURAミドルスタジオStudioStyle+,〒160-0023 東京都新宿区西新宿６丁目１２-１６ 天空ＭＵＲＡ一号館,,0,新宿,新宿|西新宿|高田馬場|新大久保,新宿駅,新宿駅|西武新宿駅,1079.0,,,,tag:feature:midnight,20,+20(rental=1),0,1
深夜利用OKのダンススタジオ 東京,条件,A,渡辺雅子フラメンコラコンチャ,〒160-0022 東京都新宿区新宿２丁目１-３ 1F,,0,新宿,新宿|西新宿|高田馬場|新大久保,新宿駅,新宿駅|代々木駅|西武新宿駅,868.0,,,,tag:feature:midnight,20,+20(rental=1),0,1
深夜利用OKのダンススタジオ 東京,条件,A,島村楽器 イオンモール札幌平岡店,〒004-0873 北海道札幌市清田区平岡３条５丁目３-１ イオンモール札幌平岡 2F,,0,その他,その他,なし,,,,,,tag:feature:midnight,20,+20(rental=1),0,1
深夜利用OKのダンススタジオ 東京,条件,A,東久留米駅前ダンススタジオテレマーク,〒203-0014 東京都東久留米市東本町２-６ 2階,,0,東久留米,東久留米,東久留米駅,東久留米駅|ひばりヶ丘駅|清瀬駅,95.0,,,,tag:feature:midnight,45,+20(rental=1)|+25(ダンススタジオ),0,1
深夜利用OKのダンススタジオ 東京,条件,A,東急スポーツオアシス 青山,"〒107-0061 東京都港区北青山２丁目８-４４, Tepia, B2F",,0,六本木,六本木|赤坂|麻布|新橋,外苑前駅,外苑前駅|青山一丁目駅|表参道駅,332.0,,,,tag:feature:midnight,20,+20(rental=1),0,1
深夜利用OKのダンススタジオ 東京,条件,A,東急スポーツオアシス聖路加ガーデン,〒104-0044 東京都中央区明石町８ 聖路加タワ B2F,,0,銀座,銀座|日本橋|八丁堀|月島,築地駅,築地駅|月島駅|新富町駅|八丁堀駅|勝どき駅|東銀座駅|築地市場駅|宝町駅|京橋駅|銀座一丁目駅,559.0,,,,tag:feature:midnight,20,+20(rental=1),0,1
深夜利用OKのダンススタジオ 東京,条件,A,東急スポーツオアシス雪谷24Plus,〒145-0073 東京都大田区北嶺町４３-１８,,0,蒲田,蒲田,御嶽山駅,御嶽山駅|雪が谷大塚駅|沼部駅|多摩川駅|久が原駅|石川台駅|鵜の木駅|田園調布駅|新丸子駅|洗足池駅,410.0,,,,tag:feature:midnight,20,+20(rental=1),0,1
深夜利用OKのダンススタジオ 東京,条件,A,東京ステップス・アーツ アニメダンス池袋校,〒192-0082 東京都豊島区東池袋１丁目２２-５ サンケェビル６F,,0,池袋,池袋|目白|大塚|巣鴨,池袋駅,池袋駅,475.0,,,,tag:feature:midnight,20,+20(rental=1),0,1
深夜利用OKのダンススタジオ 東京,条件,A,東京タワーメディアセンター,〒105-0011 東京都港区芝公園４丁目４-７ 東京タワーメディアセンタ 3F,,0,六本木,六本木|赤坂|麻布|新橋,麻布十番駅,麻布十番駅|浜松町駅,992.0,,,,tag:feature:midnight,20,+20(rental=1),0,1
深夜利用OKのダンススタジオ 東京,条件,A,スタジオ イリス,,,0,その他,その他,なし,,,,,,tag:feature:midnight,20,+20(rental=1),0,1
深夜利用OKのダンススタジオ 東京,条件,A,東京バレエ劇場,〒169-0073 東京都新宿区百人町１丁目１６-４,,0,新宿,新宿|西新宿|高田馬場|新大久保,新大久保駅,新大久保駅|西武新宿駅|新宿駅,211.0,,,,tag:feature:midnight,20,+20(rental=1),0,1
深夜利用OKのダンススタジオ 東京,条件,A,二子玉川レンタルスタジオ M?ni Frey,〒158-0094 東京都世田谷区玉川１丁目６-８ シティコープ玉川 202,,0,下北沢,下北沢|三軒茶屋|二子玉川|自由が丘,二子玉川駅,二子玉川駅|二子新地駅|上野毛駅|高津駅|等々力駅|用賀駅|溝の口駅|武蔵溝ノ口駅,248.0,,,,tag:feature:midnight,50,+20(rental=1)|+30(レンタルスタジオ),0,1
深夜利用OKのダンススタジオ 東京,条件,A,日本橋PACMAN（ニホンバシパックマン）,〒103-0021 東京都中央区日本橋本石町４丁目５-５ 藤ビル 地下1階,,0,銀座,銀座|日本橋|八丁堀|月島,東京駅,東京駅|秋葉原駅,921.0,,,,tag:feature:midnight,20,+20(rental=1),0,1
深夜利用OKのダンススタジオ 東京,条件,A,日本橋バレエ＆ダンススタジオ Studio LULL,〒101-0047 東京都千代田区内神田２丁目８-３ 新東ビル 2階,,0,秋葉原,秋葉原,秋葉原駅,秋葉原駅|東京駅,1033.0,,,,tag:feature:midnight,45,+20(rental=1)|+25(ダンススタジオ),0,1
深夜利用OKのダンススタジオ 東京,条件,A,梅屋敷スタジオ５０１,〒144-0052 東京都大田区蒲田２丁目２２-１３,,0,蒲田,蒲田,蒲田駅,蒲田駅,956.0,,,,tag:feature:midnight,20,+20(rental=1),0,1
深夜利用OKのダンススタジオ 東京,条件,A,白樺ドレス,〒116-0013 東京都荒川区西日暮里５丁目１４-１ 太陽ビル 2F,,0,日暮里,日暮里,日暮里駅,日暮里駅,603.0,,,,tag:feature:midnight,20,+20(rental=1),0,1
深夜利用OKのダンススタジオ 東京,条件,A,白金台恵比寿ミュージックスタジオ,〒108-0071 東京都港区白金台５丁目２-５ 502,,0,六本木,六本木|赤坂|麻布|新橋,目黒駅,目黒駅|恵比寿駅,1050.0,,,,tag:feature:midnight,20,+20(rental=1),0,1
深夜利用OKのダンススタジオ 東京,条件,A,八王子フラスタジオ Mauna leo（マウナレオ）,〒192-0046 東京都八王子市明神町２丁目10-１０ 3階,,0,八王子,八王子,八王子駅,八王子駅,907.0,,,,tag:feature:midnight,20,+20(rental=1),0,1
深夜利用OKのダンススタジオ 東京,条件,A,バーミリオン フェニックス チアダンス スタジオ,〒176-0023 東京都練馬区中村北１丁目５-９ 第二永崎ビル,,0,練馬,練馬,練馬駅,練馬駅|豊島園駅|中村橋駅|桜台駅|都立家政駅|鷺ノ宮駅|野方駅|富士見台駅|新桜台駅|新江古田駅,512.0,,,,tag:feature:midnight,20,+20(rental=1),0,1
深夜利用OKのダンススタジオ 東京,条件,A,表参道レンタルスタジオ スタジオ ティノラス,〒107-0062 東京都港区南青山５丁目１３-９,,0,六本木,六本木|赤坂|麻布|新橋,表参道駅,表参道駅|外苑前駅|渋谷駅,491.0,,,,tag:feature:midnight,50,+20(rental=1)|+30(レンタルスタジオ),0,1
深夜利用OKのダンススタジオ 東京,条件,A,富田雅美バレエ＆ダンスユニット,〒182-0024 東京都調布市布田１丁目２９-２ ビルディング川口 B1,,0,調布,調布,調布駅,調布駅,200.0,,,,tag:feature:midnight,20,+20(rental=1),0,1
深夜利用OKのダンススタジオ 東京,条件,A,舞空間ばくdance studio,〒134-0083 東京都江戸川区中葛西中葛西５丁目３４-７ 昭 産 ビル ７F,,0,西葛西,西葛西,葛西駅,葛西駅|西葛西駅|浦安駅,70.0,,,,tag:feature:midnight,45,+20(rental=1)|+25(ダンススタジオ),0,1
深夜利用OKのダンススタジオ 東京,条件,A,望月愛生バレエスタジオ,〒146-0084 東京都大田区南久が原２丁目７-６ 横川ビル 1階,,0,蒲田,蒲田,久が原駅,久が原駅|鵜の木駅|御嶽山駅|千鳥町駅|下丸子駅|沼部駅|武蔵新田駅|雪が谷大塚駅|池上駅|向河原駅,44.0,,,,tag:feature:midnight,20,+20(rental=1),0,1
深夜利用OKのダンススタジオ 東京,条件,A,名古屋レンタルスタジオPovit,〒453-0015 愛知県名古屋市中村区椿町２２-１ 第二カニエビル 3F,,0,その他,その他,名古屋駅,名古屋駅|名鉄名古屋駅|近鉄名古屋駅|太閤通駅|米野駅|ささしまライブ駅|国際センター駅|亀島駅|黄金駅|本陣駅,404.0,,,,tag:feature:midnight,50,+20(rental=1)|+30(レンタルスタジオ),0,1
深夜利用OKのダンススタジオ 東京,条件,A,名古屋今池 NY 9st. Studio ｜ニューヨークナインストリートスタジオ,〒464-0077 愛知県名古屋市千種区神田町３２-１３,,0,その他,その他,今池駅,今池駅|千種駅|車道駅|池下駅|覚王山駅|吹上駅|新栄町駅|森下駅|ナゴヤドーム前矢田駅|大曽根駅,501.0,,,,tag:feature:midnight,20,+20(rental=1),0,1
深夜利用OKのダンススタジオ 東京,条件,A,明治座森下スタジオ,〒135-0004 東京都江東区森下３丁目６-５,,0,豊洲,豊洲,森下駅,森下駅|菊川駅|清澄白河駅|両国駅|浜町駅|住吉駅|錦糸町駅|水天宮前駅|東日本橋駅|馬喰横山駅,307.0,,,,tag:feature:midnight,20,+20(rental=1),0,1
深夜利用OKのダンススタジオ 東京,条件,A,目白の杜studio,〒161-0033 東京都新宿区下落合３丁目２０-１１,,0,新宿,新宿|西新宿|高田馬場|新大久保,池袋駅,池袋駅,990.0,,,,tag:feature:midnight,20,+20(rental=1),0,1
深夜利用OKのダンススタジオ 東京,条件,A,祐天寺 キッズダンス！ Navilla Dance School,〒153-0052 東京都目黒区祐天寺２丁目１５-１６,,0,中目黒,中目黒,学芸大学駅,学芸大学駅,940.0,,,,tag:feature:midnight,20,+20(rental=1),0,1
深夜利用OKのダンススタジオ 東京,条件,A,溶岩ホットヨガ LaLa Aasha（ララアーシャ）学芸大学,〒152-0004 東京都目黒区鷹番２丁目２０-６ Kh.01 3F,,0,中目黒,中目黒,学芸大学駅,学芸大学駅,154.0,,,,tag:feature:midnight,20,+20(rental=1),0,1
深夜利用OKのダンススタジオ 東京,条件,A,練馬 RB レンタルスタジオ,〒176-0023 東京都練馬区中村北１丁目５-９ 第二永崎ビル 4階,,0,練馬,練馬,練馬駅,練馬駅|豊島園駅|中村橋駅|桜台駅|都立家政駅|鷺ノ宮駅|野方駅|富士見台駅|新桜台駅|新江古田駅,513.0,,,,tag:feature:midnight,50,+20(rental=1)|+30(レンタルスタジオ),0,1
深夜利用OKのダンススタジオ 東京,条件,A,六本木 フォルトゥーナ,〒106-0032 東京都港区六本木７丁目１２-２３ フォルトゥーナビル 3A,,0,六本木,六本木|赤坂|麻布|新橋,六本木駅,六本木駅|青山一丁目駅|麻布十番駅,236.0,,,,tag:feature:midnight,20,+20(rental=1),0,1
深夜利用OKのダンススタジオ 東京,条件,A,六本木 レンタルスタジオ 十五夜,〒106-0032 東京都港区六本木５丁目１０-３２ 第一アイトービル別館2F,,0,六本木,六本木|赤坂|麻布|新橋,六本木駅,六本木駅|麻布十番駅,303.0,,,,tag:feature:midnight,50,+20(rental=1)|+30(レンタルスタジオ),0,1
深夜利用OKのダンススタジオ 東京,条件,A,茗荷谷ダンスプラザ,〒112-0002 東京都文京区小石川５丁目２-２ わかさビルB1,,0,後楽園,後楽園,茗荷谷駅,茗荷谷駅|江戸川橋駅|護国寺駅|白山駅|新大塚駅|千石駅|後楽園駅|神楽坂駅|春日駅|本駒込駅,274.0,,,,tag:feature:midnight,20,+20(rental=1),0,1
深夜利用OKのダンススタジオ 東京,条件,A,#ERROR!,〒136-0075 東京都江東区新砂３丁目４-３１ ＳＵＮＡＭＯ4Ｆ 南砂町ショッピングセンタ,,0,豊洲,豊洲,南砂町駅,南砂町駅|東陽町駅|潮見駅,599.0,,,,tag:feature:midnight,20,+20(rental=1),0,1
深夜利用OKのダンススタジオ 東京,条件,A,BUZZ渋谷TOWER,東京都渋谷区東2-27-9],https://dance-studio-lab.com/room/YWZmOTdhZGMtMjk1MC00ODljLWE2YWUtMDRjMGM5NTIxZTg2/detail,1,渋谷,渋谷|恵比寿|代官山|原宿,渋谷駅,渋谷駅,437.0,,,,tag:feature:midnight,50,+30(dslurl)|+20(rental=1),0,1
鏡付きレンタルダンススタジオ 東京,条件,A,BUZZ新宿,〒160-0023 東京都新宿区西新宿７丁目１６-４ Concierge高橋 BF 地下1階,https://dance-studio-lab.com/room/NThmODMwMDctZjkyNi00ZTE3LTgwNjQtMDRmOGIwMmQ5ZTRi/detail,1,新宿,新宿|西新宿|高田馬場|新大久保,西武新宿駅,西武新宿駅|新宿駅|新大久保駅,298.0,,,,tag:feature:mirror,50,+30(dslurl)|+20(rental=1),0,1
鏡付きレンタルダンススタジオ 東京,条件,A,BUZZ レンタルスタジオ新宿コンシェルジュ店,〒160-0023 東京都新宿区西新宿７丁目１６-４ Concierge高橋 BF 地下 一階,https://dance-studio-lab.com/room/OGUzNmE0NzUtZDU1NS00ZjIyLTg4OGItNDYyOWI2YzkzOTA0/detail,1,新宿,新宿|西新宿|高田馬場|新大久保,西武新宿駅,西武新宿駅|新宿駅|新大久保駅,292.0,,,,tag:feature:mirror,80,+30(dslurl)|+20(rental=1)|+30(レンタルスタジオ),0,1
鏡付きレンタルダンススタジオ 東京,条件,A,BUZZ レンタルスタジオ 新宿ハウス店,〒160-0023 東京都新宿区西新宿７丁目１６-１,https://dance-studio-lab.com/room/MWYzNmNhZGMtMWZiNi00MjBiLWJjNzMtZmFmNjAxYmQ5MjA3/detail,1,新宿,新宿|西新宿|高田馬場|新大久保,西武新宿駅,西武新宿駅|新宿駅|新大久保駅,276.0,,,,tag:feature:mirror,80,+30(dslurl)|+20(rental=1)|+30(レンタルスタジオ),0,1
鏡付きレンタルダンススタジオ 東京,条件,A,BUZZ レンタルスタジオ 高田馬場店,〒169-0075 東京都新宿区高田馬場４丁目１４-６ 地下1階 第二長谷川マンション,https://dance-studio-lab.com/room/NjZiZWQwNjEtYmU0ZS00MDllLWI0M2UtNmYxZjdhOWUwY2Mz/detail,1,新宿,新宿|西新宿|高田馬場|新大久保,高田馬場駅,高田馬場駅,273.0,,,,tag:feature:mirror,80,+30(dslurl)|+20(rental=1)|+30(レンタルスタジオ),0,1
鏡付きレンタルダンススタジオ 東京,条件,A,BUZZ レンタルスタジオ池袋東口BASE,〒170-0013 東京都豊島区東池袋１丁目３６-７ B1,https://dance-studio-lab.com/room/NWY2ZjE2OGUtZDYyYi00ZTk5LThlMjctZDI1YjllMmRjM2Jk/detail,1,池袋,池袋|目白|大塚|巣鴨,池袋駅,池袋駅,608.0,,,,tag:feature:mirror,80,+30(dslurl)|+20(rental=1)|+30(レンタルスタジオ),0,1
鏡付きレンタルダンススタジオ 東京,条件,A,BUZZ レンタルスタジオ 渋谷PARK店,〒150-0042 東京都渋谷区宇田川町１９-５,https://dance-studio-lab.com/room/YmNlM2RmNGMtNGI0Mi00ZTg4LTk4OTYtNjY4NWRiM2JmNzhm/detail,1,渋谷,渋谷|恵比寿|代官山|原宿,渋谷駅,渋谷駅|原宿駅,448.0,,,,tag:feature:mirror,80,+30(dslurl)|+20(rental=1)|+30(レンタルスタジオ),0,1
鏡付きレンタルダンススタジオ 東京,条件,A,BUZZ レンタルスタジオ 西国分寺店,〒185-0024 東京都国分寺市泉町３丁目３７-２５ 天龍ビル B1,https://dance-studio-lab.com/room/ZDcyMzBmZWYtMzdiYS00YjY0LThmOGEtZDJjMzQxNTVlZDA2/detail,1,国分寺,国分寺,西国分寺駅,西国分寺駅|恋ヶ窪駅|国分寺駅|国立駅,117.0,,,,tag:feature:mirror,80,+30(dslurl)|+20(rental=1)|+30(レンタルスタジオ),0,1
鏡付きレンタルダンススタジオ 東京,条件,A,BUZZ レンタルスタジオ 国分寺店,〒185-0021 東京都国分寺市南町３丁目２７-７ 白馬ビル B1F,https://dance-studio-lab.com/room/ZjIzMWQ0ZjctM2ViOC00Yzg1LWExMzMtMGFkZDYwYzg1Mjhj/detail,1,国分寺,国分寺,国分寺駅,国分寺駅,334.0,,,,tag:feature:mirror,80,+30(dslurl)|+20(rental=1)|+30(レンタルスタジオ),0,1
鏡付きレンタルダンススタジオ 東京,条件,A,studio_MINT 錦糸町,〒130-0012 東京都墨田区太平３丁目１-４,https://dance-studio-lab.com/room/ZDgyZDBlYjYtZWM1YS00MGNhLWI3YjEtZjRmNTEzZmU5NjE4/detail,1,錦糸町,錦糸町,錦糸町駅,錦糸町駅|押上駅,356.0,,,,tag:feature:mirror,50,+30(dslurl)|+20(rental=1),0,1
鏡付きレンタルダンススタジオ 東京,条件,A,THビル貸し会議室 レンタルスタジオ,〒151-0053 東京都渋谷区代々木２丁目４-１ Thビル,https://dance-studio-lab.com/room/ZGYxYjYyNDgtMDEzOC00MjZhLTgyZDctODZlMDViYTQ0NDgy/detail,1,渋谷,渋谷|恵比寿|代官山|原宿,新宿駅,新宿駅|代々木駅|西武新宿駅,451.0,,,,tag:feature:mirror,80,+30(dslurl)|+20(rental=1)|+30(レンタルスタジオ),0,1
鏡付きレンタルダンススタジオ 東京,条件,A,BUZZ渋谷MARKCITY,〒150-0043 東京都渋谷区道玄坂１丁目１７ 9BUZZビル,https://dance-studio-lab.com/room/MTJmOWU1NGQtYmViZC00YWEzLWI5Y2ItNGFhYzU3YTAyZTBk/detail,1,渋谷,渋谷|恵比寿|代官山|原宿,渋谷駅,渋谷駅,437.0,,,,tag:feature:mirror,50,+30(dslurl)|+20(rental=1),0,1
鏡付きレンタルダンススタジオ 東京,条件,A,BUZZ レンタルスタジオ 神田店,〒101-0047 東京都千代田区内神田２丁目９-９ 神田西口ビル B1F,https://dance-studio-lab.com/room/ODJkZDE5YzQtMTlhZS00NjNlLWJlZTQtNDA3NTU3MTQ5NDg5/detail,1,秋葉原,秋葉原,秋葉原駅,秋葉原駅|東京駅,989.0,,,,tag:feature:mirror,80,+30(dslurl)|+20(rental=1)|+30(レンタルスタジオ),0,1
鏡付きレンタルダンススタジオ 東京,条件,A,BUZZ レンタルスタジオ 六本木店,〒106-0032 東京都港区六本木４丁目５-７ スタジオＤ 地下1階,https://dance-studio-lab.com/room/MGYxY2IwOWYtNDQ4ZS00MmEyLTliYTAtNzg1YjUyOTA0OTlj/detail,1,六本木,六本木|赤坂|麻布|新橋,六本木駅,六本木駅|赤坂駅|青山一丁目駅,269.0,,,,tag:feature:mirror,80,+30(dslurl)|+20(rental=1)|+30(レンタルスタジオ),0,1
鏡付きレンタルダンススタジオ 東京,条件,A,BUZZ レンタルスタジオ巣鴨店,〒170-0002 東京都豊島区巣鴨２丁目４-６ 第二みどりビル B1,https://dance-studio-lab.com/room/MmNjNjkxYjEtYjA5ZC00YTZkLWFjMTAtZmVhYzQ1MGY0M2Uy/detail,1,池袋,池袋|目白|大塚|巣鴨,巣鴨駅,巣鴨駅|駒込駅|千石駅|庚申塚駅|大塚駅|巣鴨新田駅|新庚申塚駅|西ヶ原四丁目駅|新大塚駅|西ケ原駅,125.0,,,,tag:feature:mirror,80,+30(dslurl)|+20(rental=1)|+30(レンタルスタジオ),0,1
鏡付きレンタルダンススタジオ 東京,条件,A,BUZZ竹ノ塚,〒121-0823 東京都足立区伊興３丁目１８-１９ ＮＹビル 3階,https://dance-studio-lab.com/room/Zjk4YThkNDItZDI4OC00MTRlLTg2NDgtYTgxZDUyYjgxMjQ2/detail,1,北千住,北千住,竹ノ塚駅,竹ノ塚駅|舎人公園駅|谷在家駅|大師前駅|舎人駅,295.0,,,,tag:feature:mirror,50,+30(dslurl)|+20(rental=1),0,1
鏡付きレンタルダンススタジオ 東京,条件,A,BUZZ赤坂見附 ,東京都港区赤坂3-21-14TS 共和六番館地下1階,https://dance-studio-lab.com/room/NjYxZDU0NDMtOGEwNS00MDM3LTllNDktMzAyNTQ0MmVlMTE1/detail,1,六本木,六本木|赤坂|麻布|新橋,赤坂駅,赤坂駅|青山一丁目駅,100.0,,,,tag:feature:mirror,50,+30(dslurl)|+20(rental=1),0,1
鏡付きレンタルダンススタジオ 東京,条件,A,BUZZ渋谷TOWER,東京都渋谷区東2-27-9],https://dance-studio-lab.com/room/YWZmOTdhZGMtMjk1MC00ODljLWE2YWUtMDRjMGM5NTIxZTg2/detail,1,渋谷,渋谷|恵比寿|代官山|原宿,渋谷駅,渋谷駅,437.0,,,,tag:feature:mirror,50,+30(dslurl)|+20(rental=1),0,1
鏡付きレンタルダンススタジオ 東京,条件,A,BUZZ池袋西口PARK,東京都豊島区西池袋3-30-10ライオンビルB1,https://dance-studio-lab.com/room/ZjBiN2M3MDEtZTMzYS00ZGZkLTg3YTktYjU3MjdjNDk3Njli/detail,1,池袋,池袋|目白|大塚|巣鴨,池袋駅,池袋駅,586.0,,,,tag:feature:mirror,50,+30(dslurl)|+20(rental=1),0,1
鏡付きレンタルダンススタジオ 東京,条件,A,スタジオピアーチェ春日後楽園店,東京都文京区春日2丁目23番11号　コア伝通院アネックス地下一階,https://dance-studio-lab.com/room/MGRlMzFmOGEtODQ5Ni00YjlkLTliNzktNWRmYmI0NzkwM2Q0/detail,1,後楽園,後楽園,後楽園駅,後楽園駅|春日駅|飯田橋駅|茗荷谷駅|江戸川橋駅|神楽坂駅|水道橋駅|白山駅|牛込神楽坂駅|東大前駅,679.0,,,,tag:feature:mirror,50,+30(dslurl)|+20(rental=1),0,1
鏡付きレンタルダンススタジオ 東京,条件,A,スタジオピアーチェ池袋店,東京都豊島区池袋本町1-7-1　池袋本町ビル地下１階,https://dance-studio-lab.com/room/YjA4YWEyZDUtYmFmZS00NDQ3LWJjOWYtMzU2MDlmMDc1MTJi/detail,1,池袋,池袋,北池袋駅,北池袋駅|下板橋駅|池袋駅|板橋駅|新板橋駅|東池袋駅|要町駅|向原駅|庚申塚駅|大塚駅,439.0,,,,tag:feature:mirror,50,+30(dslurl)|+20(rental=1),0,1
鏡付きレンタルダンススタジオ 東京,条件,A,レンタルスタジオAivic池袋東口1号店,東京都豊島区東池袋3-11-9 三島ビル501,https://dance-studio-lab.com/room/ZTU1MDVkNDQtZjUzNi00MWRiLWFhMDctZTk3YTg1YjRjNDUx/detail,1,池袋,池袋,向原駅,向原駅|東池袋駅|東池袋四丁目駅|池袋駅|大塚駅|都電雑司ヶ谷駅|北池袋駅|新大塚駅|庚申塚駅|雑司が谷駅,618.0,,,,tag:feature:mirror,80,+30(dslurl)|+20(rental=1)|+30(レンタルスタジオ),0,1
鏡付きレンタルダンススタジオ 東京,条件,A,スタジオ五軒町／『鏡張り』の多目的に利用できる『防音』スタジオ,東京都千代田区外神田6-16-1,https://dance-studio-lab.com/room/ODZiZjA3NDItNjk4ZS00YjMxLWFjMGQtMGU5ZjVkZDg5OWQw/detail,1,秋葉原,秋葉原,湯島駅,湯島駅|御徒町駅|京成上野駅|御茶ノ水駅|新御徒町駅|新御茶ノ水駅|岩本町駅|上野駅|神田駅|根津駅,308.0,,,,tag:feature:mirror,50,+30(dslurl)|+20(rental=1),0,1
鏡付きレンタルダンススタジオ 東京,条件,A,SPICYCANDY DANCESTUDIO,東京都台東区浅草橋4-2-8伊藤ビル1階,https://dance-studio-lab.com/room/NGFjMTNkYTgtNmQ4My00ZTgxLWI3ZmYtMjM4OGVjNDM4Yjk3/detail,1,上野,上野,浅草橋駅,浅草橋駅|馬喰町駅|岩本町駅|両国駅|新御徒町駅|神田駅|御徒町駅|人形町駅|三越前駅|湯島駅,341.0,,,,tag:feature:mirror,50,+30(dslurl)|+20(rental=1),0,1
鏡付きレンタルダンススタジオ 東京,条件,A,スタジオピアーチェ江戸川橋店,東京都文京区水道2-10-7エクセルビル地下一階,https://dance-studio-lab.com/room/NWM3NGU4NjAtNTU5MS00NzUyLTg5ZTQtZWM3NGYwZTliOGZj/detail,1,後楽園,後楽園,江戸川橋駅,江戸川橋駅|神楽坂駅|茗荷谷駅|護国寺駅|早稲田駅|牛込神楽坂駅|牛込柳町駅|飯田橋駅|面影橋駅|新大塚駅,141.0,,,,tag:feature:mirror,50,+30(dslurl)|+20(rental=1),0,1
鏡付きレンタルダンススタジオ 東京,条件,A,レンタルスタジオAivic築地,東京都中央区築地2-10-9 HARVEY築地4階,https://dance-studio-lab.com/room/Y2UzMzcxZTMtNDhlNS00ODEwLWJlOGYtZjA1ZjM5Y2YxNjE0/detail,1,銀座,銀座,築地駅,築地駅|新富町駅|東銀座駅|八丁堀駅|宝町駅|銀座一丁目駅|銀座駅|京橋駅|有楽町駅|月島駅,84.0,,,,tag:feature:mirror,80,+30(dslurl)|+20(rental=1)|+30(レンタルスタジオ),0,1
鏡付きレンタルダンススタジオ 東京,条件,A,Dubway レンタルスタジオ小岩,東京都江戸川区北小岩1-3-4 102,https://dance-studio-lab.com/room/ZmU2YzI4MzYtZGY2ZC00YmZkLWI5MWItZDg0OTdkOTdmOGI5/detail,1,西葛西,西葛西,小岩駅,小岩駅|京成小岩駅|江戸川駅|国府台駅|新柴又駅,488.0,,,,tag:feature:mirror,80,+30(dslurl)|+20(rental=1)|+30(レンタルスタジオ),0,1
鏡付きレンタルダンススタジオ 東京,条件,A,日暮里リーダンススタジオ,東京都荒川区西日暮里2-29-6秋山ビル301,https://dance-studio-lab.com/room/MjAxNTcyNmItYmQ2Ny00MmEzLWIyNjktODFkZmYxNGJiOTVh/detail,1,日暮里,日暮里,日暮里駅,日暮里駅|西日暮里駅|三河島駅|新三河島駅|千駄木駅|鶯谷駅|田端駅|荒川区役所前駅|赤土小学校前駅|根津駅,232.0,,,,tag:feature:mirror,75,+30(dslurl)|+20(rental=1)|+25(ダンススタジオ),0,1
鏡付きレンタルダンススタジオ 東京,条件,A,Hina STUDIO(ヒナスタジオ)【新宿西口アネックス】,東京都新宿区西新宿7-15-4　YS第一ビルB1階,https://dance-studio-lab.com/room/NWQxZDIzMzUtNWMzOC00MzY4LWE4YmYtMWU3MDBkYWM3ZDY2/detail,1,新宿,新宿,西武新宿駅,西武新宿駅|新宿西口駅|西新宿駅|大久保駅|都庁前駅|新宿駅|新大久保駅|新宿三丁目駅|東新宿駅|南新宿駅,234.0,,,,tag:feature:mirror,50,+30(dslurl)|+20(rental=1),0,1
鏡付きレンタルダンススタジオ 東京,条件,A,ザ・スペース大久保南口,東京都渋谷区桜丘町29-17 さくらマンション205,https://dance-studio-lab.com/room/ZDRhYmIxMjgtNzhkMy00Yjk1LTk2MzItNTdiZWJmY2VkYWZk/detail,1,渋谷,渋谷,渋谷駅,渋谷駅|神泉駅|代官山駅|中目黒駅|恵比寿駅|池尻大橋駅|駒場東大前駅|表参道駅|明治神宮前〈原宿〉駅|原宿駅,515.0,,,,tag:feature:mirror,50,+30(dslurl)|+20(rental=1),0,1
鏡付きレンタルダンススタジオ 東京,条件,A,BUZZ関内,神奈川県横浜市中区太田町1-18-2関内エスビル B1,https://dance-studio-lab.com/room/OWEzMTEwNDEtMjc2Yi00NzA0LTk0NmMtYTU1NGNhNTY4YTM3/detail,1,横浜,横浜,日本大通り駅,日本大通り駅|関内駅|馬車道駅|伊勢佐木長者町駅|石川町(元町・中華街)駅|桜木町駅|元町・中華街 (山下公園)駅|日ノ出町駅|みなとみらい駅|阪東橋駅,274.0,,,,tag:feature:mirror,50,+30(dslurl)|+20(rental=1),0,1
鏡付きレンタルダンススタジオ 東京,条件,A,Dubway レンタルスタジオ大塚,東京都豊島区北大塚2-10-5 BMAビル　B1,https://dance-studio-lab.com/room/ODA1MWRkOGQtODA5Yi00NTRlLWIyNzktZmMyNWFkMTc3ZDY4/detail,1,池袋,池袋,大塚駅,大塚駅|向原駅|庚申塚駅|新庚申塚駅|新大塚駅|巣鴨駅|西巣鴨駅|東池袋四丁目駅|東池袋駅|北池袋駅,241.0,,,,tag:feature:mirror,80,+30(dslurl)|+20(rental=1)|+30(レンタルスタジオ),0,1
鏡付きレンタルダンススタジオ 東京,条件,A,レンタルスタジオAivic渋谷道玄坂,東京都渋谷区円山町23-10 渋谷ATビル201,https://dance-studio-lab.com/room/NWE2MDljYmItN2I0ZC00ZjIzLWI3MGEtMmZiNmEzNWJjOWI4/detail,1,渋谷,渋谷,神泉駅,神泉駅|渋谷駅|駒場東大前駅|池尻大橋駅|代官山駅|代々木公園駅|中目黒駅|代々木八幡駅|明治神宮前〈原宿〉駅|原宿駅,78.0,,,,tag:feature:mirror,80,+30(dslurl)|+20(rental=1)|+30(レンタルスタジオ),0,1
鏡付きレンタルダンススタジオ 東京,条件,A,レンタルスタジオAivic神田,"東京都千代田区神田紺屋町21 高山ビル101
",https://dance-studio-lab.com/room/MzE4YmJlMGMtZTc3Yy00OTIwLTg3ZTMtZDQxN2E4Yzc1YTFj/detail,1,秋葉原,秋葉原,神田駅,神田駅|岩本町駅|三越前駅|馬喰町駅|新御茶ノ水駅|人形町駅|日本橋駅|大手町駅|御茶ノ水駅|浅草橋駅,251.0,,,,tag:feature:mirror,80,+30(dslurl)|+20(rental=1)|+30(レンタルスタジオ),0,1
鏡付きレンタルダンススタジオ 東京,条件,A,レンタルスタジオAivic高田馬場,東京都新宿区高田馬場1-31-8 高田馬場ダイカンプラザ1007,https://dance-studio-lab.com/room/M2JhMTAxM2EtZmMxNi00ODUwLTllNjUtNWQ4OTY3NmE2MWZj/detail,1,新宿,新宿,高田馬場駅,高田馬場駅|西早稲田駅|下落合駅|新大久保駅|面影橋駅|学習院下駅|大久保駅|目白駅|東新宿駅|雑司が谷駅,278.0,,,,tag:feature:mirror,80,+30(dslurl)|+20(rental=1)|+30(レンタルスタジオ),0,1
鏡付きレンタルダンススタジオ 東京,条件,A,レンタルスタジオAivic池袋西口,,https://dance-studio-lab.com/room/OGY0MGIxYWEtNDM4Yi00YzAwLWI0OGMtOTAyOTkyYTJhMDYz/detail,1,,,,,,,,,tag:feature:mirror,80,+30(dslurl)|+20(rental=1)|+30(レンタルスタジオ),0,1
鏡付きレンタルダンススタジオ 東京,条件,A,レンタルスタジオAivic池袋東口2号店,東京都豊島区東池袋2-57-1 K/B東池袋Ⅱ 5F,https://dance-studio-lab.com/room/ZTVmNmYwZGYtZTExNy00YTlkLTk4MDktODhhMWE2ZTYyNmNj/detail,1,池袋,池袋,池袋駅,池袋駅|向原駅|東池袋駅|北池袋駅|東池袋四丁目駅|大塚駅|都電雑司ヶ谷駅|庚申塚駅|新大塚駅|板橋駅,749.0,,,,tag:feature:mirror,80,+30(dslurl)|+20(rental=1)|+30(レンタルスタジオ),0,1
鏡付きレンタルダンススタジオ 東京,条件,A,BEATs レンタルスタジオ ビーツ,東京都渋谷区代々木1-42-2 藤ビル2階,https://dance-studio-lab.com/room/ZWU0MDNlZTUtMDE1Zi00NDcyLWFjZjgtZTAzNzUzZTAwMzNj/detail,1,渋谷,渋谷,代々木駅,代々木駅|参宮橋駅|北参道駅|新宿駅|新宿三丁目駅|都庁前駅|千駄ケ谷駅|新宿西口駅|初台駅|新宿御苑前駅,259.0,,,,tag:feature:mirror,80,+30(dslurl)|+20(rental=1)|+30(レンタルスタジオ),0,1
鏡付きレンタルダンススタジオ 東京,条件,A,Dubway レンタルスタジオ中野,東京都中野区5-32-6 城西ビルB02,https://dance-studio-lab.com/room/MzFmYWU5ZjgtNmM0NC00MDYzLTljOGUtMjFlZDI1MmVhMDE5/detail,1,中野,中野,中野駅,中野駅|新中野駅|新井薬師前駅|東高円寺駅|沼袋駅|東中野駅|高円寺駅|中野新橋駅|中野坂上駅|落合駅,167.0,,,,tag:feature:mirror,80,+30(dslurl)|+20(rental=1)|+30(レンタルスタジオ),0,1
鏡付きレンタルダンススタジオ 東京,条件,A,レンタルスタジオAivic新橋,"東京都港区西新橋1-16-14 宮川ビル4階
",https://dance-studio-lab.com/room/M2EyMzEzOTUtMjkwNC00MmRlLWI3YWEtYjBiMmM1NGUzYzhl/detail,1,六本木,六本木,新橋駅,新橋駅|虎ノ門駅|虎ノ門ヒルズ駅|汐留駅|日比谷駅|神谷町駅|銀座駅|有楽町駅|東銀座駅|大門駅,408.0,,,,tag:feature:mirror,80,+30(dslurl)|+20(rental=1)|+30(レンタルスタジオ),0,1
鏡付きレンタルダンススタジオ 東京,条件,A,Hina STUDIO(ヒナスタジオ)【新宿西口スタジオ】,東京都新宿区西新宿7-10-12　ダイハンビルデンス4階,https://dance-studio-lab.com/room/ZDEyOTIyNTctYjUwOC00ZTY3LTgxMWYtYTI0MzhkNDg4OGNj/detail,1,新宿,新宿,新宿西口駅,新宿西口駅|西武新宿駅|西新宿駅|新宿駅|都庁前駅|新宿三丁目駅|大久保駅|新大久保駅|東新宿駅|代々木駅,136.0,,,,tag:feature:mirror,50,+30(dslurl)|+20(rental=1),0,1
鏡付きレンタルダンススタジオ 東京,条件,A,レンタルスタジオAivic大塚,東京都豊島区北大塚2-9-7 豊島電気会館B1,https://dance-studio-lab.com/room/MjU5YzI0ZTUtYzE1MC00ODhmLWI2Y2MtNTk5YTFmMWIwMzZi/detail,1,池袋,池袋,大塚駅,大塚駅|向原駅|庚申塚駅|新庚申塚駅|新大塚駅|西巣鴨駅|巣鴨駅|東池袋四丁目駅|東池袋駅|北池袋駅,274.0,,,,tag:feature:mirror,80,+30(dslurl)|+20(rental=1)|+30(レンタルスタジオ),0,1
鏡付きレンタルダンススタジオ 東京,条件,A,レンタルスタジオAivic恵比寿,東京都渋谷区恵比寿西1-14-3 満栄佐藤ビル202,https://dance-studio-lab.com/room/MzMyZDY5NzktNDEzOS00MzAyLWJjNzEtMjZiMjNiNzUwNGMy/detail,1,渋谷,渋谷,恵比寿駅,恵比寿駅|代官山駅|中目黒駅|渋谷駅|広尾駅|神泉駅|目黒駅|祐天寺駅|表参道駅|白金台駅,233.0,,,,tag:feature:mirror,80,+30(dslurl)|+20(rental=1)|+30(レンタルスタジオ),0,1
鏡付きレンタルダンススタジオ 東京,条件,A,レンタルスタジオAivic恵比寿2号店,東京都渋谷区恵比寿2-16-16 レクシード恵比寿（旧flegエビスW）111,https://dance-studio-lab.com/room/MjM0NzMxMTAtOGQzOS00MDFkLThmMGEtNTgzM2MzMjVjMzlh/detail,1,渋谷,渋谷,広尾駅,広尾駅|恵比寿駅|白金台駅|代官山駅|目黒駅|白金高輪駅|中目黒駅|麻布十番駅|渋谷駅,628.0,,,,tag:feature:mirror,80,+30(dslurl)|+20(rental=1)|+30(レンタルスタジオ),0,1
鏡付きレンタルダンススタジオ 東京,条件,A,Studio-Bio,東京都渋谷区千駄ヶ谷3−41−12　シャトル千駄ヶ谷B1(地下),https://dance-studio-lab.com/room/MTI3NDc3MzgtMTBhMy00NGY2LWE3MGQtZmM5YzdiYjVmNzM2/detail,1,渋谷,渋谷,北参道駅,北参道駅|千駄ケ谷駅|代々木駅|国立競技場駅|原宿駅|明治神宮前〈原宿〉駅|参宮橋駅|新宿御苑前駅|新宿駅|信濃町駅,48.0,,,,tag:feature:mirror,50,+30(dslurl)|+20(rental=1),0,1
鏡付きレンタルダンススタジオ 東京,条件,A,レンタルスタジオAivic元町中華街,神奈川県横浜市中区山下町25-16 ニューポートビル202,https://dance-studio-lab.com/room/MDE1MGRkYjEtNjcxMS00Njg1LTg2YmQtODBjODQxZmFlYjg0/detail,1,横浜,横浜,日本大通り駅,日本大通り駅|元町・中華街 (山下公園)駅|石川町(元町・中華街)駅|関内駅|馬車道駅|伊勢佐木長者町駅|桜木町駅|日ノ出町駅|みなとみらい駅,412.0,,,,tag:feature:mirror,80,+30(dslurl)|+20(rental=1)|+30(レンタルスタジオ),0,1
撮影可能なダンススタジオ 東京,条件,B,BUZZ レンタルスタジオ新宿コンシェルジュ店,〒160-0023 東京都新宿区西新宿７丁目１６-４ Concierge高橋 BF 地下 一階,https://dance-studio-lab.com/room/OGUzNmE0NzUtZDU1NS00ZjIyLTg4OGItNDYyOWI2YzkzOTA0/detail,1,新宿,新宿|西新宿|高田馬場|新大久保,西武新宿駅,西武新宿駅|新宿駅|新大久保駅,292.0,,,,tag:feature:shooting,80,+30(dslurl)|+20(rental=1)|+30(レンタルスタジオ),0,1
撮影可能なダンススタジオ 東京,条件,B,BUZZ レンタルスタジオ 渋谷PARK店,〒150-0042 東京都渋谷区宇田川町１９-５,https://dance-studio-lab.com/room/YmNlM2RmNGMtNGI0Mi00ZTg4LTk4OTYtNjY4NWRiM2JmNzhm/detail,1,渋谷,渋谷|恵比寿|代官山|原宿,渋谷駅,渋谷駅|原宿駅,448.0,,,,tag:feature:shooting,80,+30(dslurl)|+20(rental=1)|+30(レンタルスタジオ),0,1
撮影可能なダンススタジオ 東京,条件,B,studio_MINT 錦糸町,〒130-0012 東京都墨田区太平３丁目１-４,https://dance-studio-lab.com/room/ZDgyZDBlYjYtZWM1YS00MGNhLWI3YjEtZjRmNTEzZmU5NjE4/detail,1,錦糸町,錦糸町,錦糸町駅,錦糸町駅|押上駅,356.0,,,,tag:feature:shooting,50,+30(dslurl)|+20(rental=1),0,1
撮影可能なダンススタジオ 東京,条件,B,スタジオブライト｜レンタル撮影スタジオ（完全予約制）,〒111-0051 東京都台東区蔵前４丁目３６-１３ タイルビル 4F,,0,上野,上野|浅草|御徒町|蔵前,蔵前駅,蔵前駅|浅草駅,381.0,,,,tag:feature:shooting,20,+20(rental=1),0,1
撮影可能なダンススタジオ 東京,条件,B,チェリッシュスタジオ3号館／10号館,〒150-0045 東京都渋谷区神泉町２０-２５ 神泉ＱＳビル 4階／7階,https://dance-studio-lab.com/room/ODU0ZjgzZjAtNDc3OS00N2YwLTkxZWEtNTNiMTc2MDE4NGRl/detail,1,渋谷,渋谷|恵比寿|代官山|原宿,渋谷駅,渋谷駅|池尻大橋駅,932.0,,,,tag:feature:shooting,50,+30(dslurl)|+20(rental=1),0,1
撮影可能なダンススタジオ 東京,条件,B,なかすた（スタジオ神田川）,〒164-0013 東京都中野区弥生町５丁目２２-２ ビラフジミ B号室,https://dance-studio-lab.com/room/ODE4NDI3NmEtODY2YS00ZTg2LTgyMzctNzMzNmYwYjNmNDgx/detail,1,中野,中野,中野富士見町駅,中野富士見町駅|中野新橋駅|新中野駅|方南町駅|東高円寺駅|幡ヶ谷駅|西新宿五丁目駅（清水橋）|中野坂上駅|笹塚駅|新高円寺駅,163.0,,,,tag:feature:shooting,50,+30(dslurl)|+20(rental=1),0,1
撮影可能なダンススタジオ 東京,条件,B,レンタル撮影スタジオDOLLY飯田橋1号店,〒102-0072 東京都千代田区飯田橋３丁目６-６ 港屋ビル 2F,,0,秋葉原,秋葉原,飯田橋駅,飯田橋駅|水道橋駅|九段下駅|後楽園駅|牛込神楽坂駅|春日駅|神楽坂駅|神保町駅|本郷三丁目駅|江戸川橋駅,134.0,,,,tag:feature:shooting,20,+20(rental=1),0,1
撮影可能なダンススタジオ 東京,条件,B,演劇舞台稽古場 ファンファーレレンタルスタジオ新宿御苑（撮影スタジオとして利用可能）,〒162-0067 東京都新宿区富久町１３-１５ サウスタワー地下2階,,0,新宿,新宿|西新宿|高田馬場|新大久保,新宿御苑前駅,新宿御苑前駅|四谷三丁目駅|曙橋駅|若松河田駅|新宿三丁目駅|東新宿駅|国立競技場駅|新宿駅|信濃町駅|西武新宿駅,497.0,,,,tag:feature:shooting,50,+20(rental=1)|+30(レンタルスタジオ),0,1
撮影可能なダンススタジオ 東京,条件,B,演劇舞台稽古場 ファンファーレレンタルスタジオ代田環七（撮影レンタルスタジオとしても利用可）,〒156-0041 東京都世田谷区大原１丁目２３-１５ 三京ビル ６F,,0,下北沢,下北沢|三軒茶屋|二子玉川|自由が丘,下北沢駅,下北沢駅,949.0,,,,tag:feature:shooting,50,+20(rental=1)|+30(レンタルスタジオ),0,1
撮影可能なダンススタジオ 東京,条件,B,撮影スタジオ【スタジオトランバネーロ】,〒115-0045 東京都北区赤羽１丁目５１-４ 赤銀ビル 201号,,0,赤羽,赤羽,赤羽駅,赤羽駅,662.0,,,,tag:feature:shooting,20,+20(rental=1),0,1
撮影可能なダンススタジオ 東京,条件,B,BUZZ竹ノ塚,〒121-0823 東京都足立区伊興３丁目１８-１９ ＮＹビル 3階,https://dance-studio-lab.com/room/Zjk4YThkNDItZDI4OC00MTRlLTg2NDgtYTgxZDUyYjgxMjQ2/detail,1,北千住,北千住,竹ノ塚駅,竹ノ塚駅|舎人公園駅|谷在家駅|大師前駅|舎人駅,295.0,,,,tag:feature:shooting,50,+30(dslurl)|+20(rental=1),0,1
撮影可能なダンススタジオ 東京,条件,B,BUZZ赤坂見附 ,東京都港区赤坂3-21-14TS 共和六番館地下1階,https://dance-studio-lab.com/room/NjYxZDU0NDMtOGEwNS00MDM3LTllNDktMzAyNTQ0MmVlMTE1/detail,1,六本木,六本木|赤坂|麻布|新橋,赤坂駅,赤坂駅|青山一丁目駅,100.0,,,,tag:feature:shooting,50,+30(dslurl)|+20(rental=1),0,1
撮影可能なダンススタジオ 東京,条件,B,BUZZ渋谷TOWER,東京都渋谷区東2-27-9],https://dance-studio-lab.com/room/YWZmOTdhZGMtMjk1MC00ODljLWE2YWUtMDRjMGM5NTIxZTg2/detail,1,渋谷,渋谷|恵比寿|代官山|原宿,渋谷駅,渋谷駅,437.0,,,,tag:feature:shooting,50,+30(dslurl)|+20(rental=1),0,1
撮影可能なダンススタジオ 東京,条件,B,BUZZ池袋西口PARK,東京都豊島区西池袋3-30-10ライオンビルB1,https://dance-studio-lab.com/room/ZjBiN2M3MDEtZTMzYS00ZGZkLTg3YTktYjU3MjdjNDk3Njli/detail,1,池袋,池袋|目白|大塚|巣鴨,池袋駅,池袋駅,586.0,,,,tag:feature:shooting,50,+30(dslurl)|+20(rental=1),0,1
撮影可能なダンススタジオ 東京,条件,B,レンタルスタジオAivic池袋東口1号店,東京都豊島区東池袋3-11-9 三島ビル501,https://dance-studio-lab.com/room/ZTU1MDVkNDQtZjUzNi00MWRiLWFhMDctZTk3YTg1YjRjNDUx/detail,1,池袋,池袋,向原駅,向原駅|東池袋駅|東池袋四丁目駅|池袋駅|大塚駅|都電雑司ヶ谷駅|北池袋駅|新大塚駅|庚申塚駅|雑司が谷駅,618.0,,,,tag:feature:shooting,80,+30(dslurl)|+20(rental=1)|+30(レンタルスタジオ),0,1
撮影可能なダンススタジオ 東京,条件,B,レンタルスタジオAivic築地,東京都中央区築地2-10-9 HARVEY築地4階,https://dance-studio-lab.com/room/Y2UzMzcxZTMtNDhlNS00ODEwLWJlOGYtZjA1ZjM5Y2YxNjE0/detail,1,銀座,銀座,築地駅,築地駅|新富町駅|東銀座駅|八丁堀駅|宝町駅|銀座一丁目駅|銀座駅|京橋駅|有楽町駅|月島駅,84.0,,,,tag:feature:shooting,80,+30(dslurl)|+20(rental=1)|+30(レンタルスタジオ),0,1
撮影可能なダンススタジオ 東京,条件,B,Dubway レンタルスタジオ小岩,東京都江戸川区北小岩1-3-4 102,https://dance-studio-lab.com/room/ZmU2YzI4MzYtZGY2ZC00YmZkLWI5MWItZDg0OTdkOTdmOGI5/detail,1,西葛西,西葛西,小岩駅,小岩駅|京成小岩駅|江戸川駅|国府台駅|新柴又駅,488.0,,,,tag:feature:shooting,80,+30(dslurl)|+20(rental=1)|+30(レンタルスタジオ),0,1
撮影可能なダンススタジオ 東京,条件,B,日暮里リーダンススタジオ,東京都荒川区西日暮里2-29-6秋山ビル301,https://dance-studio-lab.com/room/MjAxNTcyNmItYmQ2Ny00MmEzLWIyNjktODFkZmYxNGJiOTVh/detail,1,日暮里,日暮里,日暮里駅,日暮里駅|西日暮里駅|三河島駅|新三河島駅|千駄木駅|鶯谷駅|田端駅|荒川区役所前駅|赤土小学校前駅|根津駅,232.0,,,,tag:feature:shooting,75,+30(dslurl)|+20(rental=1)|+25(ダンススタジオ),0,1
撮影可能なダンススタジオ 東京,条件,B,チェリッシュスタジオ1号館/6号館,東京都渋谷区円山町20-1 新大宗円山ビル別館3階,https://dance-studio-lab.com/room/Njc0MjgwMDUtMzBjZS00ZmU5LWFkNzgtYTE3Y2U5NDMyYmU0/detail,1,渋谷,渋谷,神泉駅,神泉駅|渋谷駅|駒場東大前駅|池尻大橋駅|代官山駅|中目黒駅|代々木公園駅|代々木八幡駅|明治神宮前〈原宿〉駅|原宿駅,170.0,,,,tag:feature:shooting,50,+30(dslurl)|+20(rental=1),0,1
撮影可能なダンススタジオ 東京,条件,B,チェリッシュスタジオ7号館,東京都渋谷区桜丘町29-17 さくらマンション205,https://dance-studio-lab.com/room/MjQ5NGIyOTEtZTVmOS00MzZkLWIzNGYtYTFkMmVhOWZiYTE5/detail,1,渋谷,渋谷,渋谷駅,渋谷駅|神泉駅|代官山駅|中目黒駅|恵比寿駅|池尻大橋駅|駒場東大前駅|表参道駅|明治神宮前〈原宿〉駅|原宿駅,515.0,,,,tag:feature:shooting,50,+30(dslurl)|+20(rental=1),0,1
撮影可能なダンススタジオ 東京,条件,B,チェリッシュスタジオ4号館/8号館,東京都渋谷区桜丘町29-17 さくらマンション205,https://dance-studio-lab.com/room/NmJiNDI1YTQtN2EwMi00ODFjLWE0OTMtMjUyYzk4ODY2NGY5/detail,1,渋谷,渋谷,渋谷駅,渋谷駅|神泉駅|代官山駅|中目黒駅|恵比寿駅|池尻大橋駅|駒場東大前駅|表参道駅|明治神宮前〈原宿〉駅|原宿駅,515.0,,,,tag:feature:shooting,50,+30(dslurl)|+20(rental=1),0,1
撮影可能なダンススタジオ 東京,条件,B,ザ・スペース大久保南口,東京都渋谷区桜丘町29-17 さくらマンション205,https://dance-studio-lab.com/room/ZDRhYmIxMjgtNzhkMy00Yjk1LTk2MzItNTdiZWJmY2VkYWZk/detail,1,渋谷,渋谷,渋谷駅,渋谷駅|神泉駅|代官山駅|中目黒駅|恵比寿駅|池尻大橋駅|駒場東大前駅|表参道駅|明治神宮前〈原宿〉駅|原宿駅,515.0,,,,tag:feature:shooting,50,+30(dslurl)|+20(rental=1),0,1
撮影可能なダンススタジオ 東京,条件,B,チェリッシュスタジオ11号館/12号館/13号館/14号館,東京都港区西麻布-2-21-22 WEST麻布2791ビル2階,https://dance-studio-lab.com/room/ZmMxMTg1ZGQtMjUyZS00NjZlLWE3YzMtZjllNWM1N2JhNTdj/detail,1,六本木,六本木,表参道駅,表参道駅|乃木坂駅|外苑前駅|広尾駅|六本木駅|青山一丁目駅|麻布十番駅|明治神宮前〈原宿〉駅|渋谷駅|六本木一丁目駅,809.0,,,,tag:feature:shooting,50,+30(dslurl)|+20(rental=1),0,1
撮影可能なダンススタジオ 東京,条件,B,BUZZ関内,神奈川県横浜市中区太田町1-18-2関内エスビル B1,https://dance-studio-lab.com/room/OWEzMTEwNDEtMjc2Yi00NzA0LTk0NmMtYTU1NGNhNTY4YTM3/detail,1,横浜,横浜,日本大通り駅,日本大通り駅|関内駅|馬車道駅|伊勢佐木長者町駅|石川町(元町・中華街)駅|桜木町駅|元町・中華街 (山下公園)駅|日ノ出町駅|みなとみらい駅|阪東橋駅,274.0,,,,tag:feature:shooting,50,+30(dslurl)|+20(rental=1),0,1
撮影可能なダンススタジオ 東京,条件,B,Dubway レンタルスタジオ大塚,東京都豊島区北大塚2-10-5 BMAビル　B1,https://dance-studio-lab.com/room/ODA1MWRkOGQtODA5Yi00NTRlLWIyNzktZmMyNWFkMTc3ZDY4/detail,1,池袋,池袋,大塚駅,大塚駅|向原駅|庚申塚駅|新庚申塚駅|新大塚駅|巣鴨駅|西巣鴨駅|東池袋四丁目駅|東池袋駅|北池袋駅,241.0,,,,tag:feature:shooting,80,+30(dslurl)|+20(rental=1)|+30(レンタルスタジオ),0,1
撮影可能なダンススタジオ 東京,条件,B,レンタルスタジオAivic渋谷道玄坂,東京都渋谷区円山町23-10 渋谷ATビル201,https://dance-studio-lab.com/room/NWE2MDljYmItN2I0ZC00ZjIzLWI3MGEtMmZiNmEzNWJjOWI4/detail,1,渋谷,渋谷,神泉駅,神泉駅|渋谷駅|駒場東大前駅|池尻大橋駅|代官山駅|代々木公園駅|中目黒駅|代々木八幡駅|明治神宮前〈原宿〉駅|原宿駅,78.0,,,,tag:feature:shooting,80,+30(dslurl)|+20(rental=1)|+30(レンタルスタジオ),0,1
撮影可能なダンススタジオ 東京,条件,B,レンタルスタジオAivic神田,"東京都千代田区神田紺屋町21 高山ビル101
",https://dance-studio-lab.com/room/MzE4YmJlMGMtZTc3Yy00OTIwLTg3ZTMtZDQxN2E4Yzc1YTFj/detail,1,秋葉原,秋葉原,神田駅,神田駅|岩本町駅|三越前駅|馬喰町駅|新御茶ノ水駅|人形町駅|日本橋駅|大手町駅|御茶ノ水駅|浅草橋駅,251.0,,,,tag:feature:shooting,80,+30(dslurl)|+20(rental=1)|+30(レンタルスタジオ),0,1
撮影可能なダンススタジオ 東京,条件,B,レンタルスタジオAivic高田馬場,東京都新宿区高田馬場1-31-8 高田馬場ダイカンプラザ1007,https://dance-studio-lab.com/room/M2JhMTAxM2EtZmMxNi00ODUwLTllNjUtNWQ4OTY3NmE2MWZj/detail,1,新宿,新宿,高田馬場駅,高田馬場駅|西早稲田駅|下落合駅|新大久保駅|面影橋駅|学習院下駅|大久保駅|目白駅|東新宿駅|雑司が谷駅,278.0,,,,tag:feature:shooting,80,+30(dslurl)|+20(rental=1)|+30(レンタルスタジオ),0,1
撮影可能なダンススタジオ 東京,条件,B,レンタルスタジオAivic池袋西口,,https://dance-studio-lab.com/room/OGY0MGIxYWEtNDM4Yi00YzAwLWI0OGMtOTAyOTkyYTJhMDYz/detail,1,,,,,,,,,tag:feature:shooting,80,+30(dslurl)|+20(rental=1)|+30(レンタルスタジオ),0,1
撮影可能なダンススタジオ 東京,条件,B,レンタルスタジオAivic池袋東口2号店,東京都豊島区東池袋2-57-1 K/B東池袋Ⅱ 5F,https://dance-studio-lab.com/room/ZTVmNmYwZGYtZTExNy00YTlkLTk4MDktODhhMWE2ZTYyNmNj/detail,1,池袋,池袋,池袋駅,池袋駅|向原駅|東池袋駅|北池袋駅|東池袋四丁目駅|大塚駅|都電雑司ヶ谷駅|庚申塚駅|新大塚駅|板橋駅,749.0,,,,tag:feature:shooting,80,+30(dslurl)|+20(rental=1)|+30(レンタルスタジオ),0,1
撮影可能なダンススタジオ 東京,条件,B,Dubway レンタルスタジオ中野,東京都中野区5-32-6 城西ビルB02,https://dance-studio-lab.com/room/MzFmYWU5ZjgtNmM0NC00MDYzLTljOGUtMjFlZDI1MmVhMDE5/detail,1,中野,中野,中野駅,中野駅|新中野駅|新井薬師前駅|東高円寺駅|沼袋駅|東中野駅|高円寺駅|中野新橋駅|中野坂上駅|落合駅,167.0,,,,tag:feature:shooting,80,+30(dslurl)|+20(rental=1)|+30(レンタルスタジオ),0,1
撮影可能なダンススタジオ 東京,条件,B,チェリッシュスタジオ9号館,東京都渋谷区鶯谷町15-7 ライブリーYSビル6階,https://dance-studio-lab.com/room/NGU3OTQ4YzEtMzA3OS00NDc3LThjODQtYWFkMmUzMTE4ZmFm/detail,1,渋谷,渋谷,渋谷駅,渋谷駅|神泉駅|代官山駅|中目黒駅|恵比寿駅|池尻大橋駅|駒場東大前駅|表参道駅|明治神宮前〈原宿〉駅|原宿駅,423.0,,,,tag:feature:shooting,50,+30(dslurl)|+20(rental=1),0,1
撮影可能なダンススタジオ 東京,条件,B,レンタルスタジオAivic新橋,"東京都港区西新橋1-16-14 宮川ビル4階
",https://dance-studio-lab.com/room/M2EyMzEzOTUtMjkwNC00MmRlLWI3YWEtYjBiMmM1NGUzYzhl/detail,1,六本木,六本木,新橋駅,新橋駅|虎ノ門駅|虎ノ門ヒルズ駅|汐留駅|日比谷駅|神谷町駅|銀座駅|有楽町駅|東銀座駅|大門駅,408.0,,,,tag:feature:shooting,80,+30(dslurl)|+20(rental=1)|+30(レンタルスタジオ),0,1
撮影可能なダンススタジオ 東京,条件,B,レンタルスタジオAivic大塚,東京都豊島区北大塚2-9-7 豊島電気会館B1,https://dance-studio-lab.com/room/MjU5YzI0ZTUtYzE1MC00ODhmLWI2Y2MtNTk5YTFmMWIwMzZi/detail,1,池袋,池袋,大塚駅,大塚駅|向原駅|庚申塚駅|新庚申塚駅|新大塚駅|西巣鴨駅|巣鴨駅|東池袋四丁目駅|東池袋駅|北池袋駅,274.0,,,,tag:feature:shooting,80,+30(dslurl)|+20(rental=1)|+30(レンタルスタジオ),0,1
撮影可能なダンススタジオ 東京,条件,B,レンタルスタジオAivic恵比寿,東京都渋谷区恵比寿西1-14-3 満栄佐藤ビル202,https://dance-studio-lab.com/room/MzMyZDY5NzktNDEzOS00MzAyLWJjNzEtMjZiMjNiNzUwNGMy/detail,1,渋谷,渋谷,恵比寿駅,恵比寿駅|代官山駅|中目黒駅|渋谷駅|広尾駅|神泉駅|目黒駅|祐天寺駅|表参道駅|白金台駅,233.0,,,,tag:feature:shooting,80,+30(dslurl)|+20(rental=1)|+30(レンタルスタジオ),0,1
撮影可能なダンススタジオ 東京,条件,B,レンタルスタジオAivic恵比寿2号店,東京都渋谷区恵比寿2-16-16 レクシード恵比寿（旧flegエビスW）111,https://dance-studio-lab.com/room/MjM0NzMxMTAtOGQzOS00MDFkLThmMGEtNTgzM2MzMjVjMzlh/detail,1,渋谷,渋谷,広尾駅,広尾駅|恵比寿駅|白金台駅|代官山駅|目黒駅|白金高輪駅|中目黒駅|麻布十番駅|渋谷駅,628.0,,,,tag:feature:shooting,80,+30(dslurl)|+20(rental=1)|+30(レンタルスタジオ),0,1
撮影可能なダンススタジオ 東京,条件,B,Studio-Bio,東京都渋谷区千駄ヶ谷3−41−12　シャトル千駄ヶ谷B1(地下),https://dance-studio-lab.com/room/MTI3NDc3MzgtMTBhMy00NGY2LWE3MGQtZmM5YzdiYjVmNzM2/detail,1,渋谷,渋谷,北参道駅,北参道駅|千駄ケ谷駅|代々木駅|国立競技場駅|原宿駅|明治神宮前〈原宿〉駅|参宮橋駅|新宿御苑前駅|新宿駅|信濃町駅,48.0,,,,tag:feature:shooting,50,+30(dslurl)|+20(rental=1),0,1
撮影可能なダンススタジオ 東京,条件,B,レンタルスタジオAivic元町中華街,神奈川県横浜市中区山下町25-16 ニューポートビル202,https://dance-studio-lab.com/room/MDE1MGRkYjEtNjcxMS00Njg1LTg2YmQtODBjODQxZmFlYjg0/detail,1,横浜,横浜,日本大通り駅,日本大通り駅|元町・中華街 (山下公園)駅|石川町(元町・中華街)駅|関内駅|馬車道駅|伊勢佐木長者町駅|桜木町駅|日ノ出町駅|みなとみらい駅,412.0,,,,tag:feature:shooting,80,+30(dslurl)|+20(rental=1)|+30(レンタルスタジオ),0,1
防音完備のダンススタジオ 東京,条件,B,MDL Studio (防音スタジオ),〒182-0021 東京都調布市調布ケ丘３丁目６９-２,,0,調布,調布,調布駅,調布駅,1165.0,,,,tag:feature:soundproof,20,+20(rental=1),0,1
防音完備のダンススタジオ 東京,条件,B,スタジオ五軒町／『鏡張り』の多目的に利用できる『防音』スタジオ,東京都千代田区外神田6-16-1,https://dance-studio-lab.com/room/ODZiZjA3NDItNjk4ZS00YjMxLWFjMGQtMGU5ZjVkZDg5OWQw/detail,1,秋葉原,秋葉原,湯島駅,湯島駅|御徒町駅|京成上野駅|御茶ノ水駅|新御徒町駅|新御茶ノ水駅|岩本町駅|上野駅|神田駅|根津駅,308.0,,,,tag:feature:soundproof,50,+30(dslurl)|+20(rental=1),0,1
