studio_title,address,website,phone,dslurl,is_partner,candidate_article_count,s_article_count,api_priority_score,api_target_reason,place_id,google_name,rating,review_count,google_address,match_confidence,api_status,query_used
スタジオ五軒町／『鏡張り』の多目的に利用できる『防音』スタジオ,東京都千代田区外神田6-16-1,,,https://dance-studio-lab.com/room/ODZiZjA3NDItNjk4ZS00YjMxLWFjMGQtMGU5ZjVkZDg5OWQw/detail,1,7,5,200,提携スタジオ|S優先度記事×5|複数記事候補×7|候補少記事に出現,ChIJqR_N5JuNGGARtspyhrGKB8M,スタジオ五軒町,4.9,18.0,〒101-0021 東京都千代田区外神田６丁目１６−１ 外神田フジハイツ 地下1階,0.368,OK,スタジオ五軒町／『鏡張り』の多目的に利用できる『防音』スタジオ 東京都千代田区外神田6-16-1
BUZZ渋谷TOWER,東京都渋谷区東2-27-9],,,https://dance-studio-lab.com/room/YWZmOTdhZGMtMjk1MC00ODljLWE2YWUtMDRjMGM5NTIxZTg2/detail,1,8,5,190,提携スタジオ|S優先度記事×5|複数記事候補×8,ChIJQUYpSQCLGGARsF4hafI8N7A,BUZZ渋谷TOWER,3.9,9.0,〒150-0011 東京都渋谷区東２丁目２７−９,1.0,OK,BUZZ渋谷TOWER 東京都渋谷区東2-27-9]
THビル貸し会議室 レンタルスタジオ,〒151-0053 東京都渋谷区代々木２丁目４-１ Thビル,https://sinjukuth.jimdofree.com/,090-2558-7140,https://dance-studio-lab.com/room/ZGYxYjYyNDgtMDEzOC00MjZhLTgyZDctODZlMDViYTQ0NDgy/detail,1,8,5,190,提携スタジオ|S優先度記事×5|複数記事候補×8,ChIJGb3dtiaNGGAR08--7YnH1VM,THビル貸し会議室 レンタルスタジオ,3.6,5.0,〒151-0053 東京都渋谷区代々木２丁目４−１ THビル,1.0,OK,THビル貸し会議室 レンタルスタジオ 東京都渋谷区代々木
レンタルスタジオAivic恵比寿,東京都渋谷区恵比寿西1-14-3 満栄佐藤ビル202,,,https://dance-studio-lab.com/room/MzMyZDY5NzktNDEzOS00MzAyLWJjNzEtMjZiMjNiNzUwNGMy/detail,1,7,5,185,提携スタジオ|S優先度記事×5|複数記事候補×7,ChIJbddKNQCLGGAR5i2xL19gjec,レンタルスタジオ Aivic恵比寿1号店,,,〒150-0021 東京都渋谷区恵比寿西１丁目１４−３ 佐藤ビル 満栄佐藤ビル202,0.914,OK,レンタルスタジオAivic恵比寿 東京都渋谷区恵比寿西1-14-3 満栄佐藤ビル202
BUZZ レンタルスタジオ 神田店,〒101-0047 東京都千代田区内神田２丁目９-９ 神田西口ビル B1F,,,https://dance-studio-lab.com/room/ODJkZDE5YzQtMTlhZS00NjNlLWJlZTQtNDA3NTU3MTQ5NDg5/detail,1,8,4,185,提携スタジオ|S優先度記事×4|複数記事候補×8|候補少記事に出現,ChIJs4poIDGNGGARyb9k_Nit0LI,BUZZ神田,4.1,10.0,〒101-0047 東京都千代田区内神田２丁目９−９ 神田西口ビル B1F,0.571,OK,BUZZ レンタルスタジオ 神田店 東京都千代田区内神田
チェリッシュスタジオ9号館,東京都渋谷区鶯谷町15-7 ライブリーYSビル6階,https://cherish-studio.com/09st/,,https://dance-studio-lab.com/room/NGU3OTQ4YzEtMzA3OS00NDc3LThjODQtYWFkMmUzMTE4ZmFm/detail,1,6,5,180,提携スタジオ|S優先度記事×5|複数記事候補×6,ChIJ2Umz5_2LGGARzBCaEFk8wWE,チェリッシュスタジオ9号館,3.5,2.0,〒150-0032 東京都渋谷区鶯谷町１５−７ ライブリーＹＳビル 6階,1.0,OK,チェリッシュスタジオ9号館 東京都渋谷区鶯谷町15-7 ライブリーYSビル6階
BUZZ レンタルスタジオ新宿コンシェルジュ店,〒160-0023 東京都新宿区西新宿７丁目１６-４ Concierge高橋 BF 地下 一階,,,https://dance-studio-lab.com/room/OGUzNmE0NzUtZDU1NS00ZjIyLTg4OGItNDYyOWI2YzkzOTA0/detail,1,8,4,170,提携スタジオ|S優先度記事×4|複数記事候補×8,ChIJf860TjWNGGARUKRbl5Uu9ss,BUZZ新宿コンシェルジュ,,,〒160-0023 東京都新宿区西新宿７丁目１６−４ Concierge高橋 BF 地下 一階,0.743,OK,BUZZ レンタルスタジオ新宿コンシェルジュ店 東京都新宿区西新宿
BUZZ レンタルスタジオ 渋谷PARK店,〒150-0042 東京都渋谷区宇田川町１９-５,,,https://dance-studio-lab.com/room/YmNlM2RmNGMtNGI0Mi00ZTg4LTk4OTYtNjY4NWRiM2JmNzhm/detail,1,8,4,170,提携スタジオ|S優先度記事×4|複数記事候補×8,ChIJj1Xu_r2NGGARdm3n9K-BDqY,BUZZ渋谷PARK,3.6,14.0,〒150-0042 東京都渋谷区宇田川町１９−５,0.69,OK,BUZZ レンタルスタジオ 渋谷PARK店 東京都渋谷区宇田川町１９?５
Studio-Bio,東京都渋谷区千駄ヶ谷3−41−12　シャトル千駄ヶ谷B1(地下),https://studio-bio123.com/,,https://dance-studio-lab.com/room/MTI3NDc3MzgtMTBhMy00NGY2LWE3MGQtZmM5YzdiYjVmNzM2/detail,1,8,4,170,提携スタジオ|S優先度記事×4|複数記事候補×8,ChIJeSg5VJWNGGARIJQppzQUS9Q,レンタルダンススタジオ『Studio-Bio北参道』,5.0,5.0,〒151-0051 東京都渋谷区千駄ケ谷３丁目４１−１２ シャトル 千駄ヶ谷 B1,0.529,OK,Studio-Bio 東京都渋谷区千駄ヶ谷3−41−12　シャトル千駄ヶ谷B1(地下)
BUZZ新宿,〒160-0023 東京都新宿区西新宿７丁目１６-４ Concierge高橋 BF 地下1階,,,https://dance-studio-lab.com/room/NThmODMwMDctZjkyNi00ZTE3LTgwNjQtMDRmOGIwMmQ5ZTRi/detail,1,7,4,165,提携スタジオ|S優先度記事×4|複数記事候補×7,ChIJcxTJc7GNGGAR4051ceCwzfc,BUZZ新宿,4.0,9.0,〒160-0023 東京都新宿区西新宿７丁目１６−４ 地下1階 Concierge高橋 BF,1.0,OK,BUZZ新宿 東京都新宿区西新宿
BUZZ レンタルスタジオ 新宿ハウス店,〒160-0023 東京都新宿区西新宿７丁目１６-１,,,https://dance-studio-lab.com/room/MWYzNmNhZGMtMWZiNi00MjBiLWJjNzMtZmFmNjAxYmQ5MjA3/detail,1,7,4,165,提携スタジオ|S優先度記事×4|複数記事候補×7,ChIJRc7vzXuNGGAR0_J9NkqzufI,BUZZ新宿ハウス,5.0,1.0,〒160-0023 東京都新宿区西新宿７丁目１６−１ Ｃｏｎｃｉｅｒｇｅ石原 スタジオ1F・2F,0.667,OK,BUZZ レンタルスタジオ 新宿ハウス店 東京都新宿区西新宿
BUZZ渋谷MARKCITY,〒150-0043 東京都渋谷区道玄坂１丁目１７ 9BUZZビル,,,https://dance-studio-lab.com/room/MTJmOWU1NGQtYmViZC00YWEzLWI5Y2ItNGFhYzU3YTAyZTBk/detail,1,6,4,160,提携スタジオ|S優先度記事×4|複数記事候補×6,ChIJfYAEdgKLGGARHbcNsyh2QfI,BUZZ渋谷MARKCITY,4.3,7.0,〒150-0043 東京都渋谷区道玄坂１丁目１７−１７ 9BUZZビル,1.0,OK,BUZZ渋谷MARKCITY 東京都渋谷区道玄坂
レンタルスタジオAivic渋谷道玄坂,東京都渋谷区円山町23-10 渋谷ATビル201,,,https://dance-studio-lab.com/room/NWE2MDljYmItN2I0ZC00ZjIzLWI3MGEtMmZiNmEzNWJjOWI4/detail,1,6,4,160,提携スタジオ|S優先度記事×4|複数記事候補×6,ChIJuZbmQQCLGGARLH-u9VtZJWo,レンタルスタジオAivic渋谷道玄坂,,,〒150-0044 東京都渋谷区円山町２３−１０ 渋谷ATビル 201,1.0,OK,レンタルスタジオAivic渋谷道玄坂 東京都渋谷区円山町23-10 渋谷ATビル201
BEATs レンタルスタジオ ビーツ,東京都渋谷区代々木1-42-2 藤ビル2階,,,https://dance-studio-lab.com/room/ZWU0MDNlZTUtMDE1Zi00NDcyLWFjZjgtZTAzNzUzZTAwMzNj/detail,1,6,4,160,提携スタジオ|S優先度記事×4|複数記事候補×6,ChIJhZZQrOqNGGARrlbzob-uRo4,RENTAL STUDIO BEATs,5.0,1.0,〒151-0053 東京都渋谷区代々木１丁目４２−２ 藤ビル 2階,0.303,OK,BEATs レンタルスタジオ ビーツ 東京都渋谷区代々木1-42-2 藤ビル2階
ザ・スペース大久保南口,東京都渋谷区桜丘町29-17 さくらマンション205,,,https://dance-studio-lab.com/room/ZDRhYmIxMjgtNzhkMy00Yjk1LTk2MzItNTdiZWJmY2VkYWZk/detail,1,6,4,160,提携スタジオ|S優先度記事×4|複数記事候補×6,ChIJ___v2VCLGGAR0z3eGgj4BjY,チェリッシュ4号館・8号館,3.9,30.0,〒150-0031 東京都渋谷区桜丘町２９−１７ さくらマンション 203／205,0.0,OK,ザ・スペース大久保南口 東京都渋谷区桜丘町29-17 さくらマンション205
チェリッシュスタジオ1号館/6号館,東京都渋谷区円山町20-1 新大宗円山ビル別館3階,http://cherish-studio.com/01st,,https://dance-studio-lab.com/room/Njc0MjgwMDUtMzBjZS00ZmU5LWFkNzgtYTE3Y2U5NDMyYmU0/detail,1,5,4,155,提携スタジオ|S優先度記事×4|複数記事候補×5,ChIJ4wfflFWLGGARbN_uIlPutlI,チェリッシュスタジオ１号館,3.7,29.0,〒150-0044 東京都渋谷区円山町２０−１ 新大宗円山ビル別館3階,0.867,OK,チェリッシュスタジオ1号館/6号館 東京都渋谷区円山町20-1 新大宗円山ビル別館3階
チェリッシュスタジオ7号館,東京都渋谷区桜丘町29-17 さくらマンション205,http://cherish-studio.com/04st/,,https://dance-studio-lab.com/room/MjQ5NGIyOTEtZTVmOS00MzZkLWIzNGYtYTFkMmVhOWZiYTE5/detail,1,5,4,155,提携スタジオ|S優先度記事×4|複数記事候補×5,ChIJ___v2VCLGGAR0z3eGgj4BjY,チェリッシュ4号館・8号館,3.9,30.0,〒150-0031 東京都渋谷区桜丘町２９−１７ さくらマンション 203／205,0.64,OK,チェリッシュスタジオ7号館 東京都渋谷区桜丘町29-17 さくらマンション205
チェリッシュスタジオ4号館/8号館,東京都渋谷区桜丘町29-17 さくらマンション205,http://cherish-studio.com/04st/,,https://dance-studio-lab.com/room/NmJiNDI1YTQtN2EwMi00ODFjLWE0OTMtMjUyYzk4ODY2NGY5/detail,1,5,4,155,提携スタジオ|S優先度記事×4|複数記事候補×5,ChIJ___v2VCLGGAR0z3eGgj4BjY,チェリッシュ4号館・8号館,3.9,30.0,〒150-0031 東京都渋谷区桜丘町２９−１７ さくらマンション 203／205,0.828,OK,チェリッシュスタジオ4号館/8号館 東京都渋谷区桜丘町29-17 さくらマンション205
日本橋PACMAN（ニホンバシパックマン）,〒103-0021 東京都中央区日本橋本石町４丁目５-５ 藤ビル 地下1階,https://pacman.tokyo/,03-6260-9526,,0,7,5,150,S優先度記事×5|複数記事候補×7|候補少記事に出現,ChIJJ5WrWCCNGGARaHRE6Ufc4o0,日本橋PACMAN（ニホンバシパックマン）,3.6,21.0,〒103-0021 東京都中央区日本橋本石町４丁目５−５ 藤ビル 地下1階,1.0,OK,日本橋PACMAN（ニホンバシパックマン） 東京都中央区日本橋本石町
ライトハウス神田,〒103-0021 東京都中央区日本橋本石町４丁目５-８,https://www.instabase.jp/space/7443145996,,,0,7,5,150,S優先度記事×5|複数記事候補×7|候補少記事に出現,ChIJI4aZNSyNGGAR9cNcuc4jdMk,ライトハウス神田,5.0,1.0,〒103-0021 東京都中央区日本橋本石町４丁目５−８ 3階,1.0,OK,ライトハウス神田 東京都中央区日本橋本石町
チェリッシュスタジオ5号館,東京都渋谷区道玄坂1-16-6 二葉ビル7D,http://cherish-studio.com/05st/,,https://dance-studio-lab.com/room/NTRjMDczNjgtY2EzMy00YjE4LWJlMjYtYmExOTZiYTBmZWZk/detail,1,4,4,150,提携スタジオ|S優先度記事×4|複数記事候補×4,ChIJ__9rXFaLGGARXSVew3-Frrw,チェリッシュ５号館,3.6,16.0,"〒150-0043 東京都都, １６渋谷区道玄坂１丁目１６−６ 7D",0.818,OK,チェリッシュスタジオ5号館 東京都渋谷区道玄坂1-16-6 二葉ビル7D
studio_MINT 錦糸町,〒130-0012 東京都墨田区太平３丁目１-４,https://eaglet01.com/,090-3312-9984,https://dance-studio-lab.com/room/ZDgyZDBlYjYtZWM1YS00MGNhLWI3YjEtZjRmNTEzZmU5NjE4/detail,1,8,2,145,提携スタジオ|S優先度記事×2|複数記事候補×8|候補少記事に出現,ChIJMf70YLqJGGARg5RsdWimXZM,studio_MINT 錦糸町,,,〒130-0012 東京都墨田区太平３丁目１−４ 大室コータース 203号室,1.0,OK,studio_MINT 錦糸町 東京都墨田区太平
レンタルスタジオAivic新橋,"東京都港区西新橋1-16-14 宮川ビル4階
",,,https://dance-studio-lab.com/room/M2EyMzEzOTUtMjkwNC00MmRlLWI3YWEtYjBiMmM1NGUzYzhl/detail,1,7,3,145,提携スタジオ|S優先度記事×3|複数記事候補×7,ChIJWaWXRACLGGARsTqAAlbfEa8,レンタルスタジオAivic新橋,,,〒105-0003 東京都港区西新橋１丁目１６−１４ 宮川ビル ４階,1.0,OK,レンタルスタジオAivic新橋 東京都港区西新橋1-16-14 宮川ビル4階
BUZZ レンタルスタジオ 西国分寺店,〒185-0024 東京都国分寺市泉町３丁目３７-２５ 天龍ビル B1,,,https://dance-studio-lab.com/room/ZDcyMzBmZWYtMzdiYS00YjY0LThmOGEtZDJjMzQxNTVlZDA2/detail,1,7,2,140,提携スタジオ|S優先度記事×2|複数記事候補×7|候補少記事に出現,ChIJD8ADYIflGGAR0Yc6INNQ5v0,BUZZ西国分寺,,,〒185-0024 東京都国分寺市泉町３丁目３７−２５ 天龍ビル B1,0.64,OK,BUZZ レンタルスタジオ 西国分寺店 東京都国分寺市泉町
BUZZ レンタルスタジオ 六本木店,〒106-0032 東京都港区六本木４丁目５-７ スタジオＤ 地下1階,,,https://dance-studio-lab.com/room/MGYxY2IwOWYtNDQ4ZS00MmEyLTliYTAtNzg1YjUyOTA0OTlj/detail,1,6,3,140,提携スタジオ|S優先度記事×3|複数記事候補×6,ChIJYSonz5WLGGARQ_tWA-7sdLs,BUZZ六本木,4.3,6.0,〒106-0032 東京都港区六本木４丁目５−７ 地下1階,0.609,OK,BUZZ レンタルスタジオ 六本木店 東京都港区六本木
Dubway レンタルスタジオ中野,東京都中野区5-32-6 城西ビルB02,,,https://dance-studio-lab.com/room/MzFmYWU5ZjgtNmM0NC00MDYzLTljOGUtMjFlZDI1MmVhMDE5/detail,1,6,3,140,提携スタジオ|S優先度記事×3|複数記事候補×6,ChIJ21QXDnjzGGARiL1yJ3naUQA,Dubway Dance Studio中野,5.0,1.0,"城西ビル, B02室, ５丁目-３２-6 中野 中野区 東京都 164-0001",0.457,OK,Dubway レンタルスタジオ中野 東京都中野区5-32-6 城西ビルB02
ラシーヌスタジオ,〒160-0004 東京都新宿区四谷４丁目２５-１３ 濱庄ビル B101,https://racinestudio.com/,,,0,5,5,140,S優先度記事×5|複数記事候補×5|候補少記事に出現,ChIJM2_vbgONGGARSN6Gx--fx9M,ラシーヌスタジオ,5.0,1.0,〒160-0004 東京都新宿区四谷４丁目２５−１３ B101,1.0,OK,ラシーヌスタジオ 東京都新宿区四谷
ラシーヌスタジオ,〒160-0004 東京都新宿区四谷４丁目２５-１３ 濱庄ビル B101,https://racinestudio.com/,,,0,5,5,140,S優先度記事×5|複数記事候補×5|候補少記事に出現,ChIJM2_vbgONGGARSN6Gx--fx9M,ラシーヌスタジオ,5.0,1.0,〒160-0004 東京都新宿区四谷４丁目２５−１３ B101,1.0,OK,ラシーヌスタジオ 東京都新宿区四谷
Ｍ＆Ｓダンススタジオ,〒151-0051 東京都渋谷区千駄ケ谷５丁目１１-１３ 俳協ビル B1,http://www.msc-dance.net/,03-3350-5350,,0,7,5,135,S優先度記事×5|複数記事候補×7,ChIJrVj9y8aMGGARJBeql2jnF8A,Ｍ＆Ｓダンススタジオ,5.0,1.0,〒151-0051 東京都渋谷区千駄ケ谷５丁目１１−１３ 俳協ビル B1,1.0,OK,Ｍ＆Ｓダンススタジオ 東京都渋谷区千駄ケ谷
BUZZ レンタルスタジオ 国分寺店,〒185-0021 東京都国分寺市南町３丁目２７-７ 白馬ビル B1F,,,https://dance-studio-lab.com/room/ZjIzMWQ0ZjctM2ViOC00Yzg1LWExMzMtMGFkZDYwYzg1Mjhj/detail,1,6,2,135,提携スタジオ|S優先度記事×2|複数記事候補×6|候補少記事に出現,ChIJ_bWY6_nlGGARtxAFIew6g9I,BUZZ国分寺,2.9,8.0,〒185-0021 東京都国分寺市南町３丁目２７−７ 白馬ビル B1F,0.609,OK,BUZZ レンタルスタジオ 国分寺店 東京都国分寺市南町
チェリッシュスタジオ3号館／10号館,〒150-0045 東京都渋谷区神泉町２０-２５ 神泉ＱＳビル 4階／7階,http://cherish-studio.com/03st/,03-6277-5760,https://dance-studio-lab.com/room/ODU0ZjgzZjAtNDc3OS00N2YwLTkxZWEtNTNiMTc2MDE4NGRl/detail,1,5,3,135,提携スタジオ|S優先度記事×3|複数記事候補×5,ChIJAQC0y6qMGGARrRwh_oKsXEw,チェリッシュスタジオ3号館／10号館,3.6,12.0,〒150-0045 東京都渋谷区神泉町２０−２５ 神泉ＱＳビル 4階／7階,1.0,OK,チェリッシュスタジオ3号館／10号館 東京都渋谷区神泉町２０?２５ 神泉ＱＳビル 4階／7階
レンタルスタジオAivic神田,"東京都千代田区神田紺屋町21 高山ビル101
",,,https://dance-studio-lab.com/room/MzE4YmJlMGMtZTc3Yy00OTIwLTg3ZTMtZDQxN2E4Yzc1YTFj/detail,1,5,3,135,提携スタジオ|S優先度記事×3|複数記事候補×5,ChIJqW7MLwCNGGARxobNUNYiP5w,Aivicスペース神田,4.5,2.0,〒101-0044 東京都千代田区鍛冶町２丁目９−１７ 柴崎ビル 4f,0.538,OK,レンタルスタジオAivic神田 東京都千代田区神田紺屋町21 高山ビル101
なかすた（スタジオ神田川）,〒164-0013 東京都中野区弥生町５丁目２２-２ ビラフジミ B号室,http://nkn.photographer.tokyo.jp/,090-5495-8257,https://dance-studio-lab.com/room/ODE4NDI3NmEtODY2YS00ZTg2LTgyMzctNzMzNmYwYjNmNDgx/detail,1,5,3,135,提携スタジオ|S優先度記事×3|複数記事候補×5,ChIJh19rEo_zGGARV0GsS_Gy7GM,なかすた,4.2,6.0,〒164-0013 東京都中野区弥生町５丁目２２−２ ビラフジミ B号室,0.471,OK,なかすた（スタジオ神田川） 東京都中野区弥生町
Cadena Flamenca,〒151-0053 東京都渋谷区代々木１丁目４２-２,https://cadenaflamenca.jp/,03-5304-3535,,0,7,5,135,S優先度記事×5|複数記事候補×7,ChIJW1FWJc-MGGAR1jBm4eZkowQ,Cadena Flamenca,5.0,2.0,〒151-0053 東京都渋谷区代々木１丁目４２−２,1.0,OK,Cadena Flamenca 東京都渋谷区代々木
studio worcle yoyogi,〒151-0053 東京都渋谷区代々木１丁目３６-１２ 2F,https://www.studioworcle.com/yoyogi/,03-6381-6255,,0,7,5,135,S優先度記事×5|複数記事候補×7,ChIJ3xXb2DKNGGARpoizKJGb9Rw,studio worcle yoyogi,3.9,10.0,〒151-0053 東京都渋谷区代々木１丁目３６−１２ 2F,1.0,OK,studio worcle yoyogi 東京都渋谷区代々木
BUZZ レンタルスタジオ池袋東口BASE,〒170-0013 東京都豊島区東池袋１丁目３６-７ B1,,,https://dance-studio-lab.com/room/NWY2ZjE2OGUtZDYyYi00ZTk5LThlMjctZDI1YjllMmRjM2Jk/detail,1,5,3,135,提携スタジオ|S優先度記事×3|複数記事候補×5,ChIJHxq3mUqNGGAR6EwwIRL0dQc,BUZZ池袋東口BASE,4.0,9.0,〒170-0013 東京都豊島区東池袋１丁目３６−７ B1,0.75,OK,BUZZ レンタルスタジオ池袋東口BASE 東京都豊島区東池袋
表参道レンタルスタジオ スタジオ ティノラス,〒107-0062 東京都港区南青山５丁目１３-９,https://www.s-tenoras.com/,03-6418-8181,,0,7,5,135,S優先度記事×5|複数記事候補×7,ChIJkS3M2mCLGGARBhN_Yh4YvRg,ティノラス南青山,4.2,25.0,〒107-0062 東京都港区南青山５丁目１３−９,0.357,OK,表参道レンタルスタジオ スタジオ ティノラス 東京都港区南青山
Beat Box Dance Studio,〒151-0053 東京都渋谷区代々木１丁目４２-２,http://www.beatbox-jp.com/,03-5388-6774,,0,7,5,135,S優先度記事×5|複数記事候補×7,ChIJW1FWJc-MGGARhLg18Lk3U1A,Beat Box Dance Studio,3.8,4.0,〒151-0053 東京都渋谷区代々木１丁目４２−２,1.0,OK,Beat Box Dance Studio 東京都渋谷区代々木
ダンススタジオ石井,〒151-0051 東京都渋谷区千駄ケ谷５丁目４-７,http://www.ds-ishii.com/,03-3350-4310,,0,7,5,135,S優先度記事×5|複数記事候補×7,ChIJUV9Q2sCMGGARGOZ0Yf8rTBg,ダンススタジオ石井,,,〒151-0051 東京都渋谷区千駄ケ谷５丁目４−７,1.0,OK,ダンススタジオ石井 東京都渋谷区千駄ケ谷
レンタルスタジオAivic恵比寿2号店,東京都渋谷区恵比寿2-16-16 レクシード恵比寿（旧flegエビスW）111,,,https://dance-studio-lab.com/room/MjM0NzMxMTAtOGQzOS00MDFkLThmMGEtNTgzM2MzMjVjMzlh/detail,1,5,3,135,提携スタジオ|S優先度記事×3|複数記事候補×5,ChIJbddKNQCLGGAR5i2xL19gjec,レンタルスタジオ Aivic恵比寿1号店,,,〒150-0021 東京都渋谷区恵比寿西１丁目１４−３ 佐藤ビル 満栄佐藤ビル202,0.947,OK,レンタルスタジオAivic恵比寿2号店 東京都渋谷区恵比寿2-16-16 レクシード恵比寿（旧flegエビスW）111
Hina STUDIO(ヒナスタジオ)【新宿西口アネックス】,東京都新宿区西新宿7-15-4　YS第一ビルB1階,https://hinastudio.jp/,,https://dance-studio-lab.com/room/NWQxZDIzMzUtNWMzOC00MzY4LWE4YmYtMWU3MDBkYWM3ZDY2/detail,1,5,3,135,提携スタジオ|S優先度記事×3|複数記事候補×5,ChIJg1nxuYiNGGARw0kzvpNLnQE,Hina STUDIO（ヒナスタジオ） 新宿西口アネックス,,,〒160-0023 東京都新宿区西新宿７丁目１５−４ YS第一ビル B1階,0.893,OK,Hina STUDIO(ヒナスタジオ)【新宿西口アネックス】 東京都新宿区西新宿7-15-4　YS第一ビルB1階
Hina STUDIO(ヒナスタジオ)【新宿西口スタジオ】,東京都新宿区西新宿7-10-12　ダイハンビルデンス4階,https://hinastudio.jp/,,https://dance-studio-lab.com/room/ZDEyOTIyNTctYjUwOC00ZTY3LTgxMWYtYTI0MzhkNDg4OGNj/detail,1,5,3,135,提携スタジオ|S優先度記事×3|複数記事候補×5,ChIJgYmjocKNGGARlnVYKBAmz6w,Hina STUDIO（ヒナスタジオ） 新宿西口,4.6,10.0,〒160-0023 東京都新宿区西新宿７丁目１０−１２ ダイハンビルデンス 4階,0.8,OK,Hina STUDIO(ヒナスタジオ)【新宿西口スタジオ】 東京都新宿区西新宿7-10-12　ダイハンビルデンス4階
BUZZ レンタルスタジオ巣鴨店,〒170-0002 東京都豊島区巣鴨２丁目４-６ 第二みどりビル B1,,,https://dance-studio-lab.com/room/MmNjNjkxYjEtYjA5ZC00YTZkLWFjMTAtZmVhYzQ1MGY0M2Uy/detail,1,5,3,135,提携スタジオ|S優先度記事×3|複数記事候補×5,ChIJFSb9LmONGGARejCvteb7XZk,BUZZ巣鴨,4.4,5.0,〒170-0002 東京都豊島区巣鴨２丁目４−６ B1,0.571,OK,BUZZ レンタルスタジオ巣鴨店 東京都豊島区巣鴨
BUZZ レンタルスタジオ 代々木店,〒151-0053 東京都渋谷区代々木１丁目３６-１ ミユキビル B1F,,,,0,7,5,135,S優先度記事×5|複数記事候補×7,ChIJg1BF0LuNGGARTdoIQwq5K7k,BUZZ代々木,2.8,14.0,〒151-0053 東京都渋谷区代々木１丁目３６−１ B1,0.609,OK,BUZZ レンタルスタジオ 代々木店 東京都渋谷区代々木
ＴＨ会場,〒151-0053 東京都渋谷区代々木２丁目４-１,https://sinjukuth.jimdofree.com/,03-3370-6264,,0,7,5,135,S優先度記事×5|複数記事候補×7,ChIJqYnUyNGMGGARoZKLw9rrr_g,ＴＨ会場,4.3,3.0,〒151-0053 東京都渋谷区代々木２丁目４−１,1.0,OK,ＴＨ会場 東京都渋谷区代々木
スタジオ五軒町,〒101-0021 東京都千代田区外神田６丁目１６-１ 外神田フジハイツ 地下1階,https://studio-gokencho.com/,,,0,6,5,130,S優先度記事×5|複数記事候補×6,ChIJqR_N5JuNGGARtspyhrGKB8M,スタジオ五軒町,4.9,18.0,〒101-0021 東京都千代田区外神田６丁目１６−１ 外神田フジハイツ 地下1階,1.0,OK,スタジオ五軒町 東京都千代田区外神田
ブルースペース上野御徒町,〒110-0005 東京都台東区上野３丁目１３-１０ トミヤマビル B1F,http://bit.ly/2MTtC4u,070-8440-8407,,0,6,5,130,S優先度記事×5|複数記事候補×6,ChIJd9NlGkGPGGARVfILjaLOHAM,ブルースペース上野御徒町,4.8,8.0,〒110-0005 東京都台東区上野３丁目１３−１０ トミヤマビル B1F,1.0,OK,ブルースペース上野御徒町 東京都台東区上野
SPICYCANDY DANCESTUDIO,東京都台東区浅草橋4-2-8伊藤ビル1階,,,https://dance-studio-lab.com/room/NGFjMTNkYTgtNmQ4My00ZTgxLWI3ZmYtMjM4OGVjNDM4Yjk3/detail,1,4,3,130,提携スタジオ|S優先度記事×3|複数記事候補×4,ChIJb_joAnyPGGARY_blojM_gJM,【レンタルスタジオ】SPICY CANDY【ボディメイク】,4.0,1.0,〒111-0053 東京都台東区浅草橋４丁目２−８ 伊藤ビル １F,0.408,OK,SPICYCANDY DANCESTUDIO 東京都台東区浅草橋4-2-8伊藤ビル1階
スタジオピアーチェ池袋店,東京都豊島区池袋本町1-7-1　池袋本町ビル地下１階,http://studio-piace.com/access-ikebukuro.html,,https://dance-studio-lab.com/room/YjA4YWEyZDUtYmFmZS00NDQ3LWJjOWYtMzU2MDlmMDc1MTJi/detail,1,4,3,130,提携スタジオ|S優先度記事×3|複数記事候補×4,ChIJ3_mqOmCNGGARd6j7bGp0DQk,スタジオピアーチェ 池袋店,3.3,4.0,〒170-0011 東京都豊島区池袋本町１丁目７−１ 池袋本町ビル 地下 １ 階,1.0,OK,スタジオピアーチェ池袋店 東京都豊島区池袋本町1-7-1　池袋本町ビル地下１階
DANCE WORKS,〒150-0032 東京都渋谷区鶯谷町７-１０ ＮＭＤビル 2F-6F,https://danceworks.jp/,03-5459-1234,,0,6,5,130,S優先度記事×5|複数記事候補×6,ChIJE9h0frqLGGARZ1rSuNV-jlo,DANCE WORKS,4.4,50.0,〒150-0032 東京都渋谷区鶯谷町７−１０ ＮＭＤビル 2F-6F,1.0,OK,DANCE WORKS 東京都渋谷区鶯谷町７?１０ ＮＭＤビル 2F-6F
Dubway レンタルスタジオ大塚,東京都豊島区北大塚2-10-5 BMAビル　B1,,,https://dance-studio-lab.com/room/ODA1MWRkOGQtODA5Yi00NTRlLWIyNzktZmMyNWFkMTc3ZDY4/detail,1,5,2,130,提携スタジオ|S優先度記事×2|複数記事候補×5|候補少記事に出現,ChIJsZq2IUCNGGARPCwCH5PJl0Q,Dubway Lab大塚レンタルスタジオ,,,"〒174-0004 東京都豊島区北大塚２丁目１０−５ ＢＭＡビル, B1F",0.8,OK,Dubway レンタルスタジオ大塚 東京都豊島区北大塚2-10-5 BMAビル　B1
レンタルスタジオALOALO,〒110-0016 東京都台東区台東４丁目３１-５ オリオンビル B1,https://upnow.jp/aloalostudio/%E3%83%AC%E3%83%B3%E3%82%BF%E3%83%AB%E3%82%B9%E3%82%BF%E3%82%B8%E3%82%AAaloalo,080-4818-5577,,0,6,5,130,S優先度記事×5|複数記事候補×6,ChIJq4jUEYqPGGARncRj9aiU11U,レンタルスタジオALOALO,5.0,1.0,〒110-0016 東京都台東区台東４丁目３１−５ オリオンビル B1,1.0,OK,レンタルスタジオALOALO 東京都台東区台東
秋葉原ブルーハス レンタルスタジオ,〒110-0006 東京都台東区秋葉原３-１０ 東京商会秋葉原ビルB1階,https://akihabara.inforent.jp/,03-5822-4050,,0,6,5,130,S優先度記事×5|複数記事候補×6,ChIJi43K6wKPGGARn2_l0sFecn0,秋葉原ブルーハス レンタルスタジオ,4.0,2.0,〒110-0006 東京都台東区秋葉原３−１０ 東京商会秋葉原ビルB1階,1.0,OK,秋葉原ブルーハス レンタルスタジオ 東京都台東区秋葉原３?１０ 東京商会秋葉原ビルB1階
FunnyTips（ファニーティップス）,〒101-0021 東京都千代田区外神田５丁目５-７ パンセ秋葉原 B1F,https://infofunnytips.wixsite.com/funnytips,03-6684-9954,,0,6,5,130,S優先度記事×5|複数記事候補×6,ChIJic3HKR6MGGARaMdPLHK5NOk,FunnyTips（ファニーティップス）,4.8,42.0,〒101-0021 東京都千代田区外神田５丁目５−７ パンセ秋葉原 B1F,1.0,OK,FunnyTips（ファニーティップス） 東京都千代田区外神田
シャノワールレンタルスタジオ,〒110-0005 東京都台東区上野３丁目１４-５ ヴェルコ黒門ビル 地下1階,https://chatnoir-studio.com/,050-3706-0720,,0,6,5,130,S優先度記事×5|複数記事候補×6,ChIJwcBMBzuPGGARgnyNIQN6DKw,シャノワールレンタルスタジオ,4.5,16.0,〒110-0005 東京都台東区上野３丁目１４−５ ヴェルコ黒門ビル 地下1階,1.0,OK,シャノワールレンタルスタジオ 東京都台東区上野
K'sLinkStudio御徒町,〒110-0005 東京都台東区上野３丁目１９-４ フロンティアサカイビル 1F,https://kslink.jp/?page_id=1557,03-4546-1610,,0,6,5,130,S優先度記事×5|複数記事候補×6,ChIJi1OLEyaPGGARjBPBQM__aPo,K'sLinkStudio御徒町,4.0,1.0,〒110-0005 東京都台東区上野３丁目１９−４ フロンティアサカイビル 1F,1.0,OK,K'sLinkStudio御徒町 東京都台東区上野
Rei Dance Collection 駅前校,〒150-0002 東京都渋谷区渋谷３丁目２８-７ 青ビル B1F,http://www.rei-dance.com/,03-6427-2719,,0,6,5,130,S優先度記事×5|複数記事候補×6,ChIJO-_Nh1aLGGARwLqUxvR0wFM,Rei Dance Collection 渋谷校,4.7,308.0,〒150-0042 東京都渋谷区宇田川町３４−５ 渋谷サイト―ビルⅢ B1F,0.905,OK,Rei Dance Collection 駅前校 東京都渋谷区渋谷
レンタルスタジオAivic大塚,東京都豊島区北大塚2-9-7 豊島電気会館B1,https://www.aivic.jp/wp/studio-otsuka/,,https://dance-studio-lab.com/room/MjU5YzI0ZTUtYzE1MC00ODhmLWI2Y2MtNTk5YTFmMWIwMzZi/detail,1,5,2,130,提携スタジオ|S優先度記事×2|複数記事候補×5|候補少記事に出現,ChIJ-d46QwCNGGARR8VBwDwR1VU,レンタルスタジオAivic大塚,5.0,1.0,〒170-0004 東京都豊島区北大塚２丁目９−７ 豊島電気会館ビル,1.0,OK,レンタルスタジオAivic大塚 東京都豊島区北大塚2-9-7 豊島電気会館B1
スタジオインディ 東京駅前店,〒104-0031 東京都中央区京橋１丁目４-１１ 竹本ビルディング ４階,https://studioindi.jp/access/tokyo?argument=UxWRQv9t&dmai=a5e0703f812c34,050-1709-0498,,0,7,4,130,S優先度記事×4|複数記事候補×7|候補少記事に出現,ChIJ_Y-2T92LGGARO0DCyy0N7qM,就活写真のスタジオインディ 東京駅前店,4.9,1417.0,〒104-0031 東京都中央区京橋１丁目４−１１ 竹本ビル ４階,0.839,OK,スタジオインディ 東京駅前店 東京都中央区京橋
日本橋バレエ＆ダンススタジオ Studio LULL,〒101-0047 東京都千代田区内神田２丁目８-３ 新東ビル 2階,https://coubic.com/studiolullnagi,080-9648-9027,,0,7,4,130,S優先度記事×4|複数記事候補×7|候補少記事に出現,ChIJRUPuCVaJGGARrOyPItUMkK8,studio RADA,4.5,10.0,〒103-0022 東京都中央区日本橋室町１丁目１−５,0.353,OK,日本橋バレエ＆ダンススタジオ Studio LULL 東京都千代田区内神田
ATHLETE Studio,〒101-0044 東京都千代田区鍛冶町１丁目８-１ SRビル 3F,https://www.athletestudio.org/,03-6413-7889,,0,6,4,125,S優先度記事×4|複数記事候補×6|候補少記事に出現,ChIJO5qIFvyNGGARKGkCGNWNc1I,ATHLETE Studio,5.0,1.0,〒101-0044 東京都千代田区鍛冶町１丁目８−１ SRビル 3F,1.0,OK,ATHLETE Studio 東京都千代田区鍛冶町
BUZZ竹ノ塚,〒121-0823 東京都足立区伊興３丁目１８-１９ ＮＹビル 3階,,,https://dance-studio-lab.com/room/Zjk4YThkNDItZDI4OC00MTRlLTg2NDgtYTgxZDUyYjgxMjQ2/detail,1,6,2,120,提携スタジオ|S優先度記事×2|複数記事候補×6,ChIJf4aLng-RGGARawyKUX2WJjo,BUZZ竹ノ塚,3.5,4.0,〒121-0823 東京都足立区伊興３丁目１８−１９ ＮＹビル 3階,1.0,OK,BUZZ竹ノ塚 東京都足立区伊興
レンタルスタジオAivic築地,東京都中央区築地2-10-9 HARVEY築地4階,,,https://dance-studio-lab.com/room/Y2UzMzcxZTMtNDhlNS00ODEwLWJlOGYtZjA1ZjM5Y2YxNjE0/detail,1,5,2,115,提携スタジオ|S優先度記事×2|複数記事候補×5,ChIJrdrPJwCJGGAR-EuDpSyEr9o,レンタルジム Aivic 築地,,,"HARVEY築地 5階, ２丁目-１０-9 築地 中央区 東京都 104-0045",0.857,OK,レンタルスタジオAivic築地 東京都中央区築地2-10-9 HARVEY築地4階
JOINT STUDO Harajuku,〒150-0001 東京都渋谷区神宮前４丁目２９-９ Ondenビル B1,https://joint-harajuku.com/,03-6455-5356,,0,7,4,115,S優先度記事×4|複数記事候補×7,ChIJ2Qjqh6OMGGARZ9XaSYgrKok,JOINT HARAJUKU Bar&Gallery,4.7,59.0,〒150-0001 東京都渋谷区神宮前４丁目２９−９ 2F,0.619,OK,JOINT STUDO Harajuku 東京都渋谷区神宮前
宮益坂十間スタジオ,〒150-0002 東京都渋谷区渋谷１丁目１０-７ Ⅲ B1 (受付・Bスタジオ)、北館5F(Aスタジオ 宮益坂Stビル,http://www.jikkenst.com/,03-6712-5853,,0,7,4,115,S優先度記事×4|複数記事候補×7,ChIJw4lClFiLGGARlw3GlpwTYdU,宮益坂十間スタジオ・ギャラリー,3.9,20.0,〒150-0002 東京都渋谷区渋谷１丁目１０−７ グローリア宮益坂III B1 受付・Bスタジオ)、北館5F(Aスタジオ,0.783,OK,宮益坂十間スタジオ 東京都渋谷区渋谷
レンタルスタジオAivic高田馬場,東京都新宿区高田馬場1-31-8 高田馬場ダイカンプラザ1007,,,https://dance-studio-lab.com/room/M2JhMTAxM2EtZmMxNi00ODUwLTllNjUtNWQ4OTY3NmE2MWZj/detail,1,5,2,115,提携スタジオ|S優先度記事×2|複数記事候補×5,ChIJ30yR5NiNGGARoQhyMj-JpYQ,レンタルスタジオ HIKARI 高田馬場,4.0,1.0,〒169-0075 東京都新宿区高田馬場４丁目４−１ M-haus B.L.D 3階,0.8,OK,レンタルスタジオAivic高田馬場 東京都新宿区高田馬場1-31-8 高田馬場ダイカンプラザ1007
CARDIO BARRE SHIBUYA (カーディオ・バー 渋谷店),〒150-0002 東京都渋谷区渋谷１丁目１４-１１ BCサロン 地下１階,https://cardio-barre.jp/lp/03/?utm_source=facebook&utm_medium=cpc&fbclid=IwAR3Kheu4QwOEsq_Vf6-cZeTgzJ1VLZ2eB-BkHUf42kUJQKr9BH3OyQwSaSg,03-5778-9860,,0,7,4,115,S優先度記事×4|複数記事候補×7,ChIJRUzsD8eLGGARfR8FT7WrT_M,CARDIO BARRE SHIBUYA (カーディオ・バー 渋谷店),4.6,26.0,〒150-0002 東京都渋谷区渋谷１丁目１４−１１ BCサロン 地下１階,1.0,OK,CARDIO BARRE SHIBUYA (カーディオ・バー 渋谷店) 東京都渋谷区渋谷
タヒチアンダンススタジオ ライマーラマ表参道,〒150-0001 東京都渋谷区神宮前５丁目１３-１４,https://raimarama.com/tahiti/terms/view/WPT00000008,03-3469-0672,,0,7,4,115,S優先度記事×4|複数記事候補×7,ChIJsXnZT6GMGGAR0uM7dZxo6GE,タヒチアンダンススタジオ ライマーラマ表参道,5.0,10.0,〒150-0001 東京都渋谷区神宮前５丁目１３−１４,1.0,OK,タヒチアンダンススタジオ ライマーラマ表参道 東京都渋谷区神宮前
BUZZ赤坂見附 ,東京都港区赤坂3-21-14TS 共和六番館地下1階,,,https://dance-studio-lab.com/room/NjYxZDU0NDMtOGEwNS00MDM3LTllNDktMzAyNTQ0MmVlMTE1/detail,1,5,2,115,提携スタジオ|S優先度記事×2|複数記事候補×5,ChIJVYWN_QmNGGAR9ZZTXuV5ck0,BUZZ赤坂見附,4.0,2.0,〒107-0052 東京都港区赤坂３丁目２１−２１ 14TS 共和六番館 地下1階,1.0,OK,BUZZ赤坂見附  東京都港区赤坂3-21-14TS 共和六番館地下1階
チェリッシュスタジオ11号館/12号館/13号館/14号館,東京都港区西麻布-2-21-22 WEST麻布2791ビル2階,https://cherish-studio.com/,,https://dance-studio-lab.com/room/ZmMxMTg1ZGQtMjUyZS00NjZlLWE3YzMtZjllNWM1N2JhNTdj/detail,1,5,2,115,提携スタジオ|S優先度記事×2|複数記事候補×5,ChIJT9aA3cqLGGARWLJ9gelXaKA,チェリッシュスタジオ11号館・12号館・13号館・14号館,3.8,8.0,〒106-0031 東京都港区西麻布２丁目２１−２２ ＷＥＳＴ麻布２７９１ 2階,0.945,OK,チェリッシュスタジオ11号館/12号館/13号館/14号館 東京都港区西麻布-2-21-22 WEST麻布2791ビル2階
赤レンガ・ライブスタジオStudioStyle+,〒169-0073 東京都新宿区百人町１丁目２４-８ 1F,https://studiostyle.jp/akarenga-live-studio,090-8306-7493,,0,6,4,110,S優先度記事×4|複数記事候補×6,ChIJVVWFFSmNGGAR6VldZoU81rE,赤レンガ・ライブスタジオStudioStyle+,5.0,1.0,〒169-0073 東京都新宿区百人町１丁目２４−８ 1F,1.0,OK,赤レンガ・ライブスタジオStudioStyle+ 東京都新宿区百人町
赤レンガ・バレエスタジオStudioStyle+,〒169-0073 東京都新宿区百人町１丁目２４-８ 3F,https://studiostyle.jp/akarenga-ballet-studio/,090-8306-7493,,0,6,4,110,S優先度記事×4|複数記事候補×6,ChIJzZkSFimNGGARJsosGYiheKU,赤レンガ・バレエスタジオStudioStyle+,3.5,2.0,〒169-0073 東京都新宿区百人町１丁目２４−８ 3F,1.0,OK,赤レンガ・バレエスタジオStudioStyle+ 東京都新宿区百人町
Dubway レンタルスタジオ小岩,東京都江戸川区北小岩1-3-4 102,,,https://dance-studio-lab.com/room/ZmU2YzI4MzYtZGY2ZC00YmZkLWI5MWItZDg0OTdkOTdmOGI5/detail,1,5,1,110,提携スタジオ|S優先度記事×1|複数記事候補×5|候補少記事に出現,ChIJSYQwCgSFGGARgpaDHPS-ams,Dubwayレンタルダンス小岩,5.0,1.0,〒133-0051 東京都江戸川区北小岩１丁目３−４ 102,0.839,OK,Dubway レンタルスタジオ小岩 東京都江戸川区北小岩1-3-4 102
レンタルダンススタジオ LANDstudio 新宿店,〒169-0073 東京都新宿区百人町１丁目２２-１９ 筒井ビル B1F,,,,0,6,4,110,S優先度記事×4|複数記事候補×6,ChIJDZNZgHuNGGARHwvYElpwQqo,StudioOnda大久保,5.0,3.0,〒169-0073 東京都新宿区百人町１丁目２３−２ 3F,0.324,OK,レンタルダンススタジオ LANDstudio 新宿店 東京都新宿区百人町
ロジスタイルB StudioStyle+,〒160-0023 東京都新宿区西新宿７丁目１５-１４ FONTAINE三須 1F,https://studiostyle.jp/roji-studio-b/,090-8306-7493,,0,6,4,110,S優先度記事×4|複数記事候補×6,ChIJ1cFU3ymNGGAR3-rIlIEC148,ROJIスタジオStudioStyle+,3.3,3.0,〒160-0023 東京都新宿区西新宿７丁目１５−１４,0.718,OK,ロジスタイルB StudioStyle+ 東京都新宿区西新宿
Studioonda大久保,〒169-0073 東京都新宿区百人町１丁目２３-２ 3F,https://studioonda.com/,080-4947-2985,,0,6,4,110,S優先度記事×4|複数記事候補×6,ChIJDZNZgHuNGGARHwvYElpwQqo,StudioOnda大久保,5.0,3.0,〒169-0073 東京都新宿区百人町１丁目２３−２ 3F,1.0,OK,Studioonda大久保 東京都新宿区百人町
レンタルスタジオAivic池袋東口1号店,東京都豊島区東池袋3-11-9 三島ビル501,,,https://dance-studio-lab.com/room/ZTU1MDVkNDQtZjUzNi00MWRiLWFhMDctZTk3YTg1YjRjNDUx/detail,1,4,2,110,提携スタジオ|S優先度記事×2|複数記事候補×4,ChIJg88zWgCNGGARNBf3YX7tGTk,レンタルスタジオAivic池袋東口2号店,5.0,1.0,〒170-0013 東京都豊島区東池袋２丁目５７−１ Kb東池袋II,0.95,OK,レンタルスタジオAivic池袋東口1号店 東京都豊島区東池袋3-11-9 三島ビル501
CARDIO BARRE SHINJUKU (カーディオ・バー 新宿店),〒160-0022 東京都新宿区新宿４丁目２-１６ パシフィックマークス新宿サウスゲート 2階,https://cardio-barre.jp/lp/03/?utm_source=facebook&utm_medium=cpc&fbclid=IwAR3Kheu4QwOEsq_Vf6-cZeTgzJ1VLZ2eB-BkHUf42kUJQKr9BH3OyQwSaSg,03-5361-6751,,0,6,4,110,S優先度記事×4|複数記事候補×6,ChIJcyHn8LbzGGARqB7CA3R_P-E,CARDIO BARRE SHINJUKU (カーディオ・バー 新宿店),4.6,19.0,〒160-0022 東京都新宿区新宿４丁目２−１６ パシフィックマークス新宿サウスゲート 2階,1.0,OK,CARDIO BARRE SHINJUKU (カーディオ・バー 新宿店) 東京都新宿区新宿
外苑前アイランドスタジオ,〒150-0001 東京都渋谷区神宮前３丁目１-２５ 神宮前Ikビル 2階,https://www.ai-land.co.jp/studio/?utm_source=mybusiness,03-5413-7077,,0,7,3,110,S優先度記事×3|複数記事候補×7|候補少記事に出現,ChIJAQBQ1piMGGARUpWq7JCGxJ8,外苑前アイランドスタジオ,4.0,34.0,〒150-0001 東京都渋谷区神宮前３丁目１−２５ 2階,1.0,OK,外苑前アイランドスタジオ 東京都渋谷区神宮前
ALOK DANCE DORAMA COMPANY,〒169-0073 東京都新宿区百人町１丁目１３-９,http://alokddc.wordpress.com/,03-5386-8192,,0,6,4,110,S優先度記事×4|複数記事候補×6,ChIJ_x3x4yiNGGARg5UaGhKL7Rw,ALOK DANCE DRAMA COMPANY,,,〒169-0073 東京都新宿区百人町１丁目１３−９,0.977,OK,ALOK DANCE DORAMA COMPANY 東京都新宿区百人町
ノアスタジオ代々木店,〒151-0051 東京都渋谷区千駄ケ谷４丁目２４-１９,https://www.noahstudio.jp/shop/yoyogi/,03-5413-3955,,0,6,4,110,S優先度記事×4|複数記事候補×6,ChIJfexmTceMGGARnOOEE8vdLYM,ノアスタジオ代々木店,4.0,39.0,〒151-0051 東京都渋谷区千駄ケ谷４丁目２４−１９,1.0,OK,ノアスタジオ代々木店 東京都渋谷区千駄ケ谷
メインスタジオStudio Style+,〒160-0023 東京都新宿区西新宿７丁目２２-３１,https://studiostyle.jp/main-studio/,090-8306-7493,,0,6,4,110,S優先度記事×4|複数記事候補×6,ChIJRXOFBvaNGGARACwfI84j1Gg,メインスタジオStudio Style+,,,〒160-0023 東京都新宿区西新宿７丁目２２−３１,1.0,OK,メインスタジオStudio Style+ 東京都新宿区西新宿
SOUTH MINT STUDIO 南青山,〒107-0062 東京都港区南青山２丁目２７-２０ B1F,https://southmint.jp/,03-6434-9311,,0,7,3,110,S優先度記事×3|複数記事候補×7|候補少記事に出現,ChIJxyCGQhmNGGARftkxLKPyNxU,SOUTH MINT STUDIO 南青山,4.8,4.0,〒107-0062 東京都港区南青山２丁目２７−２０ B1F,1.0,OK,SOUTH MINT STUDIO 南青山 東京都港区南青山
スタジオジパング大久保,〒169-0073 東京都新宿区百人町１丁目２３ みなみビル B1,https://studiozipang.com/okubo-standard/,,,0,6,4,110,S優先度記事×4|複数記事候補×6,ChIJR9ACT5eNGGAR2wCR9GBv19U,スタジオジパング大久保,,,〒169-0073 東京都新宿区百人町１丁目２３−２３ みなみビル B1,1.0,OK,スタジオジパング大久保 東京都新宿区百人町
スタジオスタイルプラス窓口StudioStyle+,〒160-0023 東京都新宿区西新宿７丁目２２-３１ 1F,https://studiostyle.jp/,090-8306-7493,,0,6,4,110,S優先度記事×4|複数記事候補×6,ChIJQdWMvK6NGGARXoaRiNAvvkE,スタジオスタイルプラス窓口StudioStyle+,,,〒160-0023 東京都新宿区西新宿７丁目２２−３１ 1F,1.0,OK,スタジオスタイルプラス窓口StudioStyle+ 東京都新宿区西新宿
東京バレエ劇場,〒169-0073 東京都新宿区百人町１丁目１６-４,http://tokyo-ballet.com/,03-3361-0958,,0,6,4,110,S優先度記事×4|複数記事候補×6,ChIJN89uKRqNGGARFvYVRjT0_aE,東京バレエ劇場,4.0,2.0,〒169-0073 東京都新宿区百人町１丁目１６−４,1.0,OK,東京バレエ劇場 東京都新宿区百人町
ノートルスタジオ,〒107-0062 東京都港区南青山３丁目５-１ O&K 南青山,http://notre-studio.com/,03-6721-0035,,0,7,3,110,S優先度記事×3|複数記事候補×7|候補少記事に出現,ChIJ_dqo4p2MGGARKdHYIwdfy1k,ノートルスタジオ,3.9,8.0,〒107-0062 東京都港区南青山３丁目５−１ O&K 南青山,1.0,OK,ノートルスタジオ 東京都港区南青山
ノアスタジオ 新宿２号店,〒160-0023 東京都新宿区西新宿７丁目１０-１２,https://www.noahstudio.jp/shop/shinjuku2/,03-5332-8366,,0,6,4,110,S優先度記事×4|複数記事候補×6,ChIJq4-lZfeNGGAR9DDI5r96QH0,ノアスタジオ 新宿２号店,4.1,8.0,〒160-0023 東京都新宿区西新宿７丁目１０−１２,1.0,OK,ノアスタジオ 新宿２号店 東京都新宿区西新宿
studio worcle shinjuku,〒160-0023 東京都新宿区西新宿７丁目１６-７ 第２１フジビル,https://www.studioworcle.com/shinjuku/,03-3361-0123,,0,6,4,110,S優先度記事×4|複数記事候補×6,ChIJP-2fvgKNGGARNc1PcdJyHMg,studio worcle shinjuku,3.7,30.0,〒160-0023 東京都新宿区西新宿７丁目１６−７ 第２１フジビル,1.0,OK,studio worcle shinjuku 東京都新宿区西新宿
赤レンガ・プレイスタジオStudioStyle+,〒169-0073 東京都新宿区百人町１丁目２４-８ 3F,https://studiostyle.jp/akarenga-play-studio,090-8306-7493,,0,6,4,110,S優先度記事×4|複数記事候補×6,ChIJVVWFFSmNGGAR6VldZoU81rE,赤レンガ・ライブスタジオStudioStyle+,5.0,1.0,〒169-0073 東京都新宿区百人町１丁目２４−８ 1F,0.913,OK,赤レンガ・プレイスタジオStudioStyle+ 東京都新宿区百人町
ソニズレンタルスタジオ新宿店,〒160-0023 東京都新宿区西新宿７丁目２２-３１ 柏木 MURA B1F,https://sonysdance.com/,,,0,6,4,110,S優先度記事×4|複数記事候補×6,ChIJdQQ9gimNGGAR098g-EhKpjE,ソニズダンススタジオ新宿店,4.7,3.0,〒160-0023 東京都新宿区西新宿７丁目２２−３１ 柏木 MURA B1F,0.815,OK,ソニズレンタルスタジオ新宿店 東京都新宿区西新宿
BUZZ レンタルスタジオ新宿4丁目店,〒160-0022 東京都新宿区新宿４丁目２-２１ 相模ビル B1F,,,,0,6,4,110,S優先度記事×4|複数記事候補×6,ChIJa4diAY2NGGARk0Jf77DxZHU,BUZZ新宿4丁目,3.5,10.0,〒160-0022 東京都新宿区新宿４丁目２−２１ 相模ビル B1F,0.667,OK,BUZZ レンタルスタジオ新宿4丁目店 東京都新宿区新宿
ノアスタジオ 新宿１号店,〒160-0023 東京都新宿区西新宿１丁目３-１４,https://www.noahstudio.jp/shop/shinjuku/,03-5909-0331,,0,6,4,110,S優先度記事×4|複数記事候補×6,ChIJEZGmV9aMGGARGzRgLKl6a4g,ノアスタジオ 新宿１号店,4.0,205.0,〒160-0023 東京都新宿区西新宿１丁目３−１４ 新宿プラザ ３階,1.0,OK,ノアスタジオ 新宿１号店 東京都新宿区西新宿
レンタルスタジオAivic池袋東口2号店,東京都豊島区東池袋2-57-1 K/B東池袋Ⅱ 5F,,,https://dance-studio-lab.com/room/ZTVmNmYwZGYtZTExNy00YTlkLTk4MDktODhhMWE2ZTYyNmNj/detail,1,4,2,110,提携スタジオ|S優先度記事×2|複数記事候補×4,ChIJg88zWgCNGGARNBf3YX7tGTk,レンタルスタジオAivic池袋東口2号店,5.0,1.0,〒170-0013 東京都豊島区東池袋２丁目５７−１ Kb東池袋II,1.0,OK,レンタルスタジオAivic池袋東口2号店 東京都豊島区東池袋2-57-1 K/B東池袋Ⅱ 5F
新宿マイスタジオ,〒160-0023 東京都新宿区西新宿７丁目９-１７ ６F・５F・４F 伊藤ビル,http://shinjukustudio.jp/,03-3364-6820,,0,6,4,110,S優先度記事×4|複数記事候補×6,ChIJi20DOtaMGGARW9hvY9D-Ecc,新宿マイスタジオ,4.0,31.0,〒160-0023 東京都新宿区西新宿７丁目９−１７ ６F・５F・４F,1.0,OK,新宿マイスタジオ 東京都新宿区西新宿
恵比寿ヒルサイドスタジオ,〒150-0022 東京都渋谷区恵比寿南２丁目２１-８ 恵比寿ファインヒル B１,http://ebisustudio.tokyo/studio/,03-5725-7980,,0,6,4,110,S優先度記事×4|複数記事候補×6,ChIJz66xUj6LGGARgH8XUogXl3I,恵比寿ヒルサイドスタジオ,4.5,44.0,〒150-0022 東京都渋谷区恵比寿南２丁目２１−８ 恵比寿ファインヒル B１,1.0,OK,恵比寿ヒルサイドスタジオ 東京都渋谷区恵比寿南
新宿 だんすた レンタルスタジオ,〒160-0023 東京都新宿区西新宿７丁目１３-７ 3F4F タカラビル,https://shinjuku2.inforent.jp/,03-5822-4050,,0,6,4,110,S優先度記事×4|複数記事候補×6,ChIJb_6yAdaMGGARvi4HM8EV_Qw,新宿 だんすた レンタルスタジオ,4.4,12.0,〒160-0023 東京都新宿区西新宿７丁目１３−７ 2F 3F4F,1.0,OK,新宿 だんすた レンタルスタジオ 東京都新宿区西新宿
シュミネAスタジオStudioStyle+,〒169-0073 東京都新宿区百人町１丁目２４-７,,090-8306-7493,,0,6,4,110,S優先度記事×4|複数記事候補×6,ChIJVVVaFSmNGGARAo_jb50TGIU,シュミネAスタジオStudioStyle+,4.0,2.0,〒169-0073 東京都新宿区百人町１丁目２４−７,1.0,OK,シュミネAスタジオStudioStyle+ 東京都新宿区百人町
御茶ノ水 おちゃすた レンタルスタジオ,〒101-0052 東京都千代田区神田小川町３丁目１４-２ 漢陽ビル Ｂ1Ｆ,https://ocha.studiosquare.jp/,03-5822-4050,,0,6,4,110,S優先度記事×4|複数記事候補×6,ChIJpVal6RCMGGARRtff4FrdpkE,御茶ノ水 おちゃすた レンタルスタジオ,,,〒101-0052 東京都千代田区神田小川町３丁目１４−２ 漢陽ビル Ｂ1Ｆ,1.0,OK,御茶ノ水 おちゃすた レンタルスタジオ 東京都千代田区神田小川町
スタジオインディ 新宿店,〒160-0022 東京都新宿区新宿３丁目２２番１１号 新宿ＲＳビル ６階,https://studioindi.jp/access/shinjuku/?argument=UxWRQv9t&dmai=a5e07032924d4a,050-1709-0496,,0,6,4,110,S優先度記事×4|複数記事候補×6,ChIJ7_e-EtyMGGARWGKDmmfWr08,就活写真のスタジオインディ 新宿店,4.9,3522.0,〒160-0022 東京都新宿区新宿３丁目２２−２２番１１号 新宿ＲＳビル ６階,0.815,OK,スタジオインディ 新宿店 東京都新宿区新宿
ROJIスタジオStudioStyle+,〒160-0023 東京都新宿区西新宿７丁目１５-１４,https://studiostyle.jp/roji-studio-b/,090-8306-7493,,0,6,4,110,S優先度記事×4|複数記事候補×6,ChIJ1cFU3ymNGGAR3-rIlIEC148,ROJIスタジオStudioStyle+,3.3,3.0,〒160-0023 東京都新宿区西新宿７丁目１５−１４,1.0,OK,ROJIスタジオStudioStyle+ 東京都新宿区西新宿
STUDIO COCORO（スタジオココロ）- 新宿代々木のレンタルスペース&ダンススタジオ - 数々のイベントやメディアに出演,〒151-0053 東京都渋谷区代々木３丁目９-１１,http://studio-cocoro.tokyo/,080-7632-2020,,0,6,4,110,S優先度記事×4|複数記事候補×6,ChIJm7g3Xn2NGGARy6N300q8zmQ,STUDIO COCORO（スタジオココロ）- 新宿代々木のレンタルスペース&ダンススタジオ - 数々のイベントやメディアに出演,3.9,11.0,〒151-0053 東京都渋谷区代々木３丁目９−１１,1.0,OK,STUDIO COCORO（スタジオココロ）- 新宿代々木のレンタルスペース&ダンススタジオ - 数々のイベントやメディアに出演 東京都渋谷区代々木
レンタルスタジオ HIKARI 西新宿７丁目,〒160-0023 東京都新宿区西新宿７丁目１０-１７ B館 601号室,https://hikari-studio.net/,050-3196-4716,,0,6,4,110,S優先度記事×4|複数記事候補×6,ChIJZd7p_B-NGGARNC-M0OR9f30,レンタルスタジオ HIKARI 西新宿７丁目,3.0,1.0,〒160-0023 東京都新宿区西新宿７丁目１０−１７ B館 601号室,1.0,OK,レンタルスタジオ HIKARI 西新宿７丁目 東京都新宿区西新宿
studio worcle okubo,〒169-0073 東京都新宿区百人町１丁目２１-５ 新宿Stビル,https://www.studioworcle.com/okubo/,03-5358-9082,,0,6,4,110,S優先度記事×4|複数記事候補×6,ChIJ-4XPlWeNGGARDYmGv20NGA0,studio worcle okubo,3.8,4.0,〒169-0073 東京都新宿区百人町１丁目２１−５ 新宿Stビル,1.0,OK,studio worcle okubo 東京都新宿区百人町
BUZZ レンタルスタジオ 高田馬場店,〒169-0075 東京都新宿区高田馬場４丁目１４-６ 地下1階 第二長谷川マンション,,,https://dance-studio-lab.com/room/NjZiZWQwNjEtYmU0ZS00MDllLWI0M2UtNmYxZjdhOWUwY2Mz/detail,1,4,2,110,提携スタジオ|S優先度記事×2|複数記事候補×4,ChIJQwsmb2-NGGARIk86UFkZZBY,BUZZ高田馬場,3.0,8.0,〒169-0075 東京都新宿区高田馬場４丁目１４−６ 地下1階,0.64,OK,BUZZ レンタルスタジオ 高田馬場店 東京都新宿区高田馬場
目白の杜studio,〒161-0033 東京都新宿区下落合３丁目２０-１１,http://www.mejironomori.com/,03-3951-5888,,0,6,4,110,S優先度記事×4|複数記事候補×6,ChIJ00KbaEWNGGARhKLDmhUE1DY,目白の杜studio,3.8,18.0,〒161-0033 東京都新宿区下落合３丁目２０−１１,1.0,OK,目白の杜studio 東京都新宿区下落合
貸空間スタジオStudioStyle+,〒160-0023 東京都新宿区西新宿７丁目２２-３１ BF 柏木 MURA,https://studiostyle.jp/tenku-dance-studio/,090-8306-7493,,0,6,4,110,S優先度記事×4|複数記事候補×6,ChIJ8VoxfymNGGARm46H6DnzeDY,貸空間スタジオStudioStyle+,,,〒160-0023 東京都新宿区西新宿７丁目２２−３１ 柏木 MURA BF,1.0,OK,貸空間スタジオStudioStyle+ 東京都新宿区西新宿
BUZZ レンタルスタジオ 渋谷東口SQUARE店,〒150-0002 東京都渋谷区渋谷２丁目２２-８ 名取ビル 1F,,,,0,6,4,110,S優先度記事×4|複数記事候補×6,ChIJ_39HhnqLGGARUr_1MK6C7Bc,BUZZ渋谷東口SQUARE,4.3,20.0,〒150-0002 東京都渋谷区渋谷２丁目２２−８ 名取ビル 1F,0.757,OK,BUZZ レンタルスタジオ 渋谷東口SQUARE店 東京都渋谷区渋谷
BUZZ池袋西口PARK,東京都豊島区西池袋3-30-10ライオンビルB1,,,https://dance-studio-lab.com/room/ZjBiN2M3MDEtZTMzYS00ZGZkLTg3YTktYjU3MjdjNDk3Njli/detail,1,4,2,110,提携スタジオ|S優先度記事×2|複数記事候補×4,ChIJHRV4uBSNGGARWrEJ-jU-nPs,BUZZ池袋西口PARK,3.4,9.0,〒171-0021 東京都豊島区西池袋３丁目３０−１０ ライオンビル B1,1.0,OK,BUZZ池袋西口PARK 東京都豊島区西池袋3-30-10ライオンビルB1
高円寺スタジオ,〒166-0002 東京都杉並区高円寺北２丁目７-７ 地下１階 高円寺名店ビル,https://kouenji-studio.com/,03-3337-5116,,0,5,4,105,S優先度記事×4|複数記事候補×5,ChIJ9zWe-HXzGGARGkJQzJ_PtPA,高円寺スタジオ,4.8,4.0,〒166-0002 東京都杉並区高円寺北２丁目７−７ 高円寺名店ビル 地下１階,1.0,OK,高円寺スタジオ 東京都杉並区高円寺北
スタジオジパング 上野スタジオSTANDARD,"〒110-0015 東京都台東区東上野３丁目１４-１２, Ueno Bldg., B1 旧 辻井ビル",https://studiozipang.com/,,,0,5,4,105,S優先度記事×4|複数記事候補×5,ChIJAa1J7Z-PGGARYdz1kIxyl0E,スタジオジパング 上野スタジオSTANDARD,4.0,3.0,〒110-0015 東京都台東区東上野３丁目１４−１２ B1 旧 辻井ビル,1.0,OK,スタジオジパング 上野スタジオSTANDARD 東京都台東区東上野
スタジオピアーチェ江戸川橋店,東京都文京区水道2-10-7エクセルビル地下一階,http://studio-piace.com/,,https://dance-studio-lab.com/room/NWM3NGU4NjAtNTU5MS00NzUyLTg5ZTQtZWM3NGYwZTliOGZj/detail,1,4,1,105,提携スタジオ|S優先度記事×1|複数記事候補×4|候補少記事に出現,ChIJq6olm6qNGGARlAx7jgvIXJY,スタジオピアーチェ 江戸川橋店,3.8,9.0,〒112-0005 東京都文京区水道２丁目１０−７ エクセルビル,1.0,OK,スタジオピアーチェ江戸川橋店 東京都文京区水道2-10-7エクセルビル地下一階
クリエイティブスペース・フュージョン,〒167-0053 東京都杉並区西荻南３丁目２４-２４-１ 西荻マイロード 27,https://creativespacefusion.com/,,,0,6,3,105,S優先度記事×3|複数記事候補×6|候補少記事に出現,ChIJfQa0MO_vGGARabp1zm6oNk0,クリエイティブスペース・フュージョン,5.0,1.0,〒167-0053 東京都杉並区西荻南３丁目２４−２４−１ 西荻マイロード 27,1.0,OK,クリエイティブスペース・フュージョン 東京都杉並区西荻南
スタジオ エレ,〒161-0034 東京都新宿区上落合３丁目２３-１７,http://www.dancestudio-ailee.jp/,0120-555-043,,0,5,4,105,S優先度記事×4|複数記事候補×5,ChIJx_XFEbfyGGARybHLrnejH-I,スタジオ エレ,4.4,12.0,〒161-0034 東京都新宿区上落合３丁目２３−１７,1.0,OK,スタジオ エレ 東京都新宿区上落合
渋谷 EYE CANDY,〒150-0011 東京都渋谷区東１丁目２４-８ トキワマツ72ビル A号,http://www.eyecandypole.com/,03-3377-0507,,0,5,4,105,S優先度記事×4|複数記事候補×5,ChIJPX196VyLGGARbtgfFSrece8,渋谷 ダンススタジオ EYE CANDY,4.7,3.0,〒150-0011 東京都渋谷区東１丁目２４−８ トキワマツ72ビル A号,0.741,OK,渋谷 EYE CANDY 東京都渋谷区東
レンタルスタジオマイレッスン 渋谷店,〒150-0011 東京都渋谷区渋谷 東２-２０-１６ エストマニヴィア B1F,https://www.my-lesson.jp/,,,0,5,4,105,S優先度記事×4|複数記事候補×5,ChIJpVKEKUOLGGARhOPRV4VpRqQ,レンタルスタジオマイレッスン 渋谷店,3.9,13.0,〒150-0011 東京都渋谷区渋谷２丁目２０ 東２−２０−１６ エストマニヴィア B1F,1.0,OK,レンタルスタジオマイレッスン 渋谷店 東京都渋谷区渋谷 東２?２０?１６ エストマニヴィア B1F
サラ・プランタ,〒150-0013 東京都渋谷区恵比寿１丁目１６?番28号 2-4階 Tkビル,https://sala-planta.iberia-j.com/,03-3449-0596,,0,5,4,105,S優先度記事×4|複数記事候補×5,ChIJa8phhyaLGGARVywT5U0nEjw,サラ・プランタ,5.0,2.0,〒150-0013 東京都渋谷区恵比寿１丁目１６−番28号 Tkビル 2〜4階,1.0,OK,サラ・プランタ 東京都渋谷区恵比寿
STUDIO A1-04（レンタルスタジオ）,〒150-0021 東京都渋谷区恵比寿西１丁目１４-３ 満栄佐藤ビル 2階 202号室,,,,0,5,4,105,S優先度記事×4|複数記事候補×5,ChIJkxLsXSCLGGARTM7jAlzcruY,STUDIO A1-04（レンタルスタジオ）,5.0,1.0,〒150-0021 東京都渋谷区恵比寿西１丁目１４−３ 満栄佐藤ビル 2階 202号室,1.0,OK,STUDIO A1-04（レンタルスタジオ） 東京都渋谷区恵比寿西
レンタルスタジオ西荻リノ,〒167-0042 東京都杉並区西荻北２丁目３-９ グランピア西荻窪 Ｂ101,https://nishiogi-lino.linovery.com/,,,0,6,3,105,S優先度記事×3|複数記事候補×6|候補少記事に出現,ChIJyX6gl3rvGGARKn8tSj4p9Ig,レンタルスタジオ西荻リノ,,,〒167-0042 東京都杉並区西荻北２丁目３−９ グランピア西荻窪 Ｂ101,1.0,OK,レンタルスタジオ西荻リノ 東京都杉並区西荻北
㈱インフォレント,〒111-0053 東京都台東区浅草橋５丁目３-２ 秋葉原スクエアビル,https://studiosquare.jp/,,,0,5,4,105,S優先度記事×4|複数記事候補×5,ChIJP_Iar6-OGGARtg3JLtZPXvo,株式会社インフォレント,3.3,8.0,〒111-0053 東京都台東区浅草橋５丁目３−２ 秋葉原スクエアビル,0.737,OK,㈱インフォレント 東京都台東区浅草橋
SoyLatte STUDIO,〒141-0031 東京都品川区西五反田２丁目１７-８ 管野ビル ３F,https://soylatte-studio.net/,090-9363-8415,,0,6,3,105,S優先度記事×3|複数記事候補×6|候補少記事に出現,ChIJw4kYxOyLGGARVxry0E8g15Q,SoyLatte STUDIO,4.0,4.0,〒141-0031 東京都品川区西五反田２丁目１７−８ 管野ビル ３F,1.0,OK,SoyLatte STUDIO 東京都品川区西五反田
すむぞう 代々木スタジオ,〒151-0053 東京都渋谷区代々木１丁目４５-７ C's YOYOGI 4F,,,,0,5,4,105,S優先度記事×4|複数記事候補×5,ChIJyz-3bOGNGGARzAOyGPkWfPE,すむぞう 代々木スタジオ,2.6,5.0,〒151-0053 東京都渋谷区代々木１丁目４５−７ C's YOYOGI 4F,1.0,OK,すむぞう 代々木スタジオ 東京都渋谷区代々木
アカペラスタジオベースオントップ池袋東口店,〒171-0022 東京都豊島区南池袋２丁目２４-５ 加藤ビル B1,https://bassontop.tokyo.jp/a-cappella_ikebukurohigashi/,03-6384-4070,,0,5,4,105,S優先度記事×4|複数記事候補×5,ChIJdW2BUbCNGGARy5wf833k2cE,アカペラスタジオベースオントップ池袋東口店,4.3,15.0,〒171-0022 東京都豊島区南池袋２丁目２４−５ 加藤ビル B1,1.0,OK,アカペラスタジオベースオントップ池袋東口店 東京都豊島区南池袋
ワーサルレンタルスタジオ（Aスタジオ）,〒151-0073 東京都渋谷区笹塚２丁目２５-２ グランド・ガーラ笹塚 B1,https://worsal.com/rental/index.html#studio-a,03-6276-3608,,0,5,4,105,S優先度記事×4|複数記事候補×5,ChIJ76OT9RrzGGARDhgvl1LSKOs,ワーサルレンタルスタジオ（Aスタジオ）,3.9,7.0,〒151-0073 東京都渋谷区笹塚２丁目２５−２ グランド・ガーラ笹塚 B1,1.0,OK,ワーサルレンタルスタジオ（Aスタジオ） 東京都渋谷区笹塚
㈱Tera-coya,〒101-0025 東京都千代田区神田佐久間町３丁目３１-３,http://teracoya.tokyo/,03-5829-8450,,0,5,4,105,S優先度記事×4|複数記事候補×5,ChIJs3hwNK-OGGARN3ZZ3cDxsIs,㈱Tera-coya,2.5,2.0,〒101-0025 東京都千代田区神田佐久間町３丁目３１−３,1.0,OK,㈱Tera-coya 東京都千代田区神田佐久間町
Brighton Studio Daikanyama,〒150-0032 東京都渋谷区鶯谷町１-２ PAL bldg 3F&RF,https://www.projectofbrighton.com/,,,0,5,4,105,S優先度記事×4|複数記事候補×5,ChIJaRECFFuLGGARcoG43n3FwF8,Brighton Studio Daikanyama / ブライトン スタジオ 代官山,4.7,14.0,〒150-0032 東京都渋谷区鶯谷町１−２ PAL bldg 3F&RF,0.787,OK,Brighton Studio Daikanyama 東京都渋谷区鶯谷町１?２ PAL bldg 3F&RF
Irodori麻布十番,〒106-0045 東京都港区麻布十番１丁目５-１ ＹＫビル 4F,https://spaceirodori.com/,050-3628-5392,,0,6,3,105,S優先度記事×3|複数記事候補×6|候補少記事に出現,ChIJRZ-hD1OLGGARe7zo7aag8zM,レンタルスタジオStudioIrodori麻布十番4F,5.0,4.0,〒106-0045 東京都港区麻布十番１丁目５−１ ＹＫビル 4F,0.579,OK,Irodori麻布十番 東京都港区麻布十番
西荻窪七宝レンタルスペース,〒167-0042 東京都杉並区西荻北３丁目２５-１ 七宝マンション 1階,,03-3397-4119,,0,6,3,105,S優先度記事×3|複数記事候補×6|候補少記事に出現,ChIJa5X5-8DvGGARQI_D7RosR-0,西荻窪七宝レンタルスペース,,,〒167-0042 東京都杉並区西荻北３丁目２５−１ 1階,1.0,OK,西荻窪七宝レンタルスペース 東京都杉並区西荻北
Studio Bis,〒141-0031 東京都品川区西五反田２丁目１０-８ ドルミ五反田ドゥメゾン 3階,http://studio-bis.tokyo/,,,0,6,3,105,S優先度記事×3|複数記事候補×6|候補少記事に出現,ChIJAQCwROOKGGARAIn7cNhQfpE,Studio Bis,,,〒141-0031 東京都品川区西五反田２丁目１０−８ ドルミ五反田ドゥメゾン 3階,1.0,OK,Studio Bis 東京都品川区西五反田
スタジオｉＤＣ,〒171-0014 東京都豊島区池袋２丁目４７-３ キウレイコンビル ４,http://www.izumikubo-dc.com/,03-5985-4433,,0,5,4,105,S優先度記事×4|複数記事候補×5,ChIJ2UKJGl6NGGAR565pzzX6-_U,スタジオｉＤＣ,4.2,18.0,〒171-0014 東京都豊島区池袋２丁目４７−３ ４,1.0,OK,スタジオｉＤＣ 東京都豊島区池袋
秋葉原レッスンスタジオてらこや,〒101-0025 東京都千代田区神田佐久間町３丁目３１-３,https://teracoya.tokyo/,03-5829-9431,,0,5,4,105,S優先度記事×4|複数記事候補×5,ChIJZ64JAWePGGARR9sC6qAKWUE,秋葉原レッスンスタジオてらこや,,,〒101-0025 東京都千代田区神田佐久間町３丁目３１−３,1.0,OK,秋葉原レッスンスタジオてらこや 東京都千代田区神田佐久間町
BUZZ レンタルスタジオ 池袋本店,〒171-0022 東京都豊島区南池袋１丁目２０-１ 横田ビル 3F,,03-6907-2144,,0,5,4,105,S優先度記事×4|複数記事候補×5,ChIJvffUWlmNGGAR-a6kOuZRE3Y,BUZZ池袋本店,4.1,32.0,〒171-0022 東京都豊島区南池袋１丁目２０−１ 3F,0.667,OK,BUZZ レンタルスタジオ 池袋本店 東京都豊島区南池袋
BUZZ レンタルスタジオ 池袋西口PARK店,〒171-0021 東京都豊島区西池袋３丁目３０-１０ ライオンビル B1,,,,0,5,4,105,S優先度記事×4|複数記事候補×5,ChIJHRV4uBSNGGARWrEJ-jU-nPs,BUZZ池袋西口PARK,3.4,9.0,〒171-0021 東京都豊島区西池袋３丁目３０−１０ ライオンビル B1,0.727,OK,BUZZ レンタルスタジオ 池袋西口PARK店 東京都豊島区西池袋
TOKYO GATE STUDIO 東京ゲートスタジオ レンタルスタジオ,〒108-0074 東京都港区高輪４丁目２４-５８ サマセット品川東京１F,https://shinagawa.studiosquare.jp/,03-5822-4050,,0,5,4,105,S優先度記事×4|複数記事候補×5,ChIJ_yHuxlCKGGARSBL76JB2KdE,TOKYO GATE STUDIO 東京ゲートスタジオ レンタルスタジオ,,,〒108-0074 東京都港区高輪４丁目２４−５８ サマセット品川東京１F,1.0,OK,TOKYO GATE STUDIO 東京ゲートスタジオ レンタルスタジオ 東京都港区高輪
【レンタルスタジオ】SPICY CANDY【ボディメイク】,〒111-0053 東京都台東区浅草橋４丁目２-８ 伊藤ビル １F,https://www.instabase.jp/space/6730746951,03-3862-3939,,0,5,4,105,S優先度記事×4|複数記事候補×5,ChIJb_joAnyPGGARY_blojM_gJM,【レンタルスタジオ】SPICY CANDY【ボディメイク】,4.0,1.0,〒111-0053 東京都台東区浅草橋４丁目２−８ 伊藤ビル １F,1.0,OK,【レンタルスタジオ】SPICY CANDY【ボディメイク】 東京都台東区浅草橋
studio worcle 池袋店,〒171-0022 東京都豊島区南池袋２丁目２２-４,http://www.studioworcle.com/ikebukuro,03-5950-2700,,0,5,4,105,S優先度記事×4|複数記事候補×5,ChIJj1c49WiNGGARYz2pRzAay5g,studio worcle 池袋店,3.9,68.0,〒171-0022 東京都豊島区南池袋２丁目２２−４,1.0,OK,studio worcle 池袋店 東京都豊島区南池袋
中目黒 すわ山 レンタルスタジオ,〒153-0051 東京都目黒区上目黒２丁目４７-１ 司ビル 2F-B,https://suwayama.studiosquare.jp/,03-5822-4050,,0,5,4,105,S優先度記事×4|複数記事候補×5,ChIJ24yokvaLGGARcYRPlO0I2XY,中目黒 すわ山 レンタルスタジオ,,,〒153-0051 東京都目黒区上目黒２丁目４７−１ 司ビル 2F-B,1.0,OK,中目黒 すわ山 レンタルスタジオ 東京都目黒区上目黒
ヨガスタジオNOA 秋葉原校,〒101-0021 東京都千代田区外神田６丁目１４-８ 8F,http://www.noa-yoga.com/,03-3834-5321,,0,5,4,105,S優先度記事×4|複数記事候補×5,ChIJWW0TRx6MGGARtSPPwfM3gv8,ヨガスタジオNOA 秋葉原校,4.5,19.0,〒101-0021 東京都千代田区外神田６丁目１４−８ 8F,1.0,OK,ヨガスタジオNOA 秋葉原校 東京都千代田区外神田
渋谷のレンタルスタジオ ユニアス,〒150-0043 東京都渋谷区道玄坂１丁目７-１０ リードシー渋谷道玄坂 B1F 新大宗渋谷,https://unius.studio/,,,0,5,4,105,S優先度記事×4|複数記事候補×5,ChIJb47DYnKLGGAR4x4SgY8KRSg,渋谷のレンタルスタジオ ユニアス,3.9,30.0,〒150-0043 東京都渋谷区道玄坂１丁目７−１０ 道玄坂一丁目ビル B1F 新大宗渋谷,1.0,OK,渋谷のレンタルスタジオ ユニアス 東京都渋谷区道玄坂
渋谷笹塚スタジオ,〒151-0073 東京都渋谷区笹塚１丁目５８-６ マルシンビル6F,http://sasazuka.inforent.jp/,03-5822-4050,,0,5,4,105,S優先度記事×4|複数記事候補×5,ChIJrefG-RnzGGARDRwErD0uWLY,渋谷笹塚スタジオ,,,〒151-0073 東京都渋谷区笹塚１丁目５８−６ マルシンビル6F,1.0,OK,渋谷笹塚スタジオ 東京都渋谷区笹塚
渋谷店 レンタルダンススタジオ ＲＯＯＴＳ,〒150-0011 東京都渋谷区東１丁目２４-８ トキワマツ72ビル A号,,,,0,5,4,105,S優先度記事×4|複数記事候補×5,ChIJpwzX61yLGGAReNdrVmnp9bQ,渋谷店 レンタルダンススタジオ ＲＯＯＴＳ,3.0,1.0,〒150-0011 東京都渋谷区東１丁目２４−８ トキワマツ72ビル A号,1.0,OK,渋谷店 レンタルダンススタジオ ＲＯＯＴＳ 東京都渋谷区東
秋葉原スクエアスタジオ,〒111-0053 東京都台東区浅草橋５丁目３-２ 秋葉原スクエアビル 1F,https://akihabara2.inforent.jp/,03-5822-4050,,0,5,4,105,S優先度記事×4|複数記事候補×5,ChIJOSC4GKeOGGARld_5aDwvBXc,秋葉原スクエアスタジオ,5.0,1.0,〒111-0053 東京都台東区浅草橋５丁目３−２ 秋葉原スクエアビル 1F,1.0,OK,秋葉原スクエアスタジオ 東京都台東区浅草橋
西島ダンスアカデミィＫ２,〒150-0022 東京都渋谷区恵比寿南３ １－３－６ ＣＩビル３Ｆ,https://www.koji-nishijima.com/,03-6303-1903,,0,5,4,105,S優先度記事×4|複数記事候補×5,ChIJNar560CLGGARj1D5Pd6yFik,西島ダンスアカデミィＫ２,,,〒150-0022 東京都渋谷区恵比寿南恵比寿南１丁目３ １－３－６ ＣＩビル３Ｆ,1.0,OK,西島ダンスアカデミィＫ２ 東京都渋谷区恵比寿南３ １－３－６ ＣＩビル３Ｆ
ＳＧ ＳＴＵＤＩＯ,〒166-0012 東京都杉並区和田１丁目１-１３ Ｂ１ 入り口は川沿い,https://www.izsound.jp/SG/index.html,03-3229-7790,,0,5,4,105,S優先度記事×4|複数記事候補×5,ChIJhdP9cubyGGARpR3XHBa0NTg,ＳＧ ＳＴＵＤＩＯ,,,〒166-0012 東京都杉並区和田１丁目１−１３ Ｂ１ 入り口は川沿い,1.0,OK,ＳＧ ＳＴＵＤＩＯ 東京都杉並区和田
ピアノスタジオノア 恵比寿店,〒150-0013 東京都渋谷区恵比寿４丁目４-１２,http://www.grandpiano.jp/ebisu/,03-5447-6068,,0,5,4,105,S優先度記事×4|複数記事候補×5,ChIJK7V2_T-LGGARRSCM6VftiIc,ピアノスタジオノア 恵比寿店,4.5,51.0,〒150-0013 東京都渋谷区恵比寿４丁目４−１２,1.0,OK,ピアノスタジオノア 恵比寿店 東京都渋谷区恵比寿
"レンタルスタジオDance""MOVE""!!",〒165-0027 東京都中野区野方５丁目３０-６ ひろきやビル 2階,https://www.instagram.com/mikimove.miki?igsh=MXBza25xOW0zdnIyNA%3D%3D&utm_source=qr,,,0,5,4,105,S優先度記事×4|複数記事候補×5,ChIJDTUW63jtGGARIyGy4ImCovg,"ダンスムーヴ Dance""MOVE""!!",3.0,2.0,〒165-0027 東京都中野区野方５丁目３０−６ ひろきやビル 2階,0.75,OK,"レンタルスタジオDance""MOVE""!! 東京都中野区野方"
東京ステップス・アーツ アニメダンス池袋校,〒192-0082 東京都豊島区東池袋１丁目２２-５ サンケェビル６F,https://www.t-steps.jp/anime_dance,03-5957-5858,,0,5,4,105,S優先度記事×4|複数記事候補×5,ChIJUSYAo2iNGGARWgyINzotEh0,東京ステップス・アーツ アニメダンス池袋校,4.9,86.0,〒192-0082 東京都豊島区東池袋１丁目２２−５ サンケェビル６F,1.0,OK,東京ステップス・アーツ アニメダンス池袋校 東京都豊島区東池袋
レンタルスタジオODORU,〒110-0015 東京都台東区東上野３丁目１８-１ B1,https://odorudance.jp/,,,0,5,4,105,S優先度記事×4|複数記事候補×5,ChIJ259S0_CPGGAR4iLDbIyPZB4,レンタルスタジオODORU,4.8,55.0,〒110-0015 東京都台東区東上野３丁目１８−１ B1,1.0,OK,レンタルスタジオODORU 東京都台東区東上野
Rei Dance Collection 本校,〒150-0031 東京都渋谷区桜丘町２９-３５ パーソンズビル地下1階,http://www.rei-dance.com/,03-3462-0844,,0,5,4,105,S優先度記事×4|複数記事候補×5,ChIJk4hNJleLGGARp1ksd0cGaE4,Rei Dance Collection 本校（移転しました）,4.6,44.0,〒150-0031 東京都渋谷区桜丘町２９−３５ パーソンズビル 地下1階 Rei Dance Collection 本校,0.833,OK,Rei Dance Collection 本校 東京都渋谷区桜丘町２９?３５ パーソンズビル地下1階
レンタルスタジオStudioIrodori麻布十番店,〒106-0045 東京都港区麻布十番１丁目５番１ YKビル 3F,https://studioirodori.com/,050-3628-5392,,0,6,3,105,S優先度記事×3|複数記事候補×6|候補少記事に出現,ChIJRZ-hD1OLGGARe7zo7aag8zM,レンタルスタジオStudioIrodori麻布十番4F,5.0,4.0,〒106-0045 東京都港区麻布十番１丁目５−１ ＹＫビル 4F,0.943,OK,レンタルスタジオStudioIrodori麻布十番店 東京都港区麻布十番
スタジオペンタ五反田店,〒141-0022 東京都品川区東五反田１丁目１２-９,https://studiopenta.jp/rehearsal/gotanda/,03-3447-2333,,0,6,3,105,S優先度記事×3|複数記事候補×6|候補少記事に出現,ChIJbRmGovuKGGARsy9zFDawRZg,スタジオペンタ五反田店,4.1,50.0,〒141-0022 東京都品川区東五反田１丁目１２−９,1.0,OK,スタジオペンタ五反田店 東京都品川区東五反田
ミライスタジオ日本橋,〒103-0001 東京都中央区日本橋小伝馬町１４-５,https://studio-mirai55.com/,,,0,5,4,105,S優先度記事×4|複数記事候補×5,ChIJbYAL1SKPGGARJUbO0Lskb0I,ザ・ゲートスタジオ東京＜日本橋＞,5.0,7.0,〒103-0001 東京都中央区日本橋小伝馬町１４−５,0.56,OK,ミライスタジオ日本橋 東京都中央区日本橋小伝馬町１４?５
レンタルスタジオ HIKARI 渋谷,〒150-0043 東京都渋谷区道玄坂２丁目２０-２６ エクシール道玄坂 104号室 藤和,https://hikari-studio.net/,050-3196-4716,,0,5,4,105,S優先度記事×4|複数記事候補×5,ChIJtWnAAZqNGGAR0KKiuR9F57k,レンタルスタジオ HIKARI 渋谷,4.5,2.0,〒150-0043 東京都渋谷区道玄坂２丁目２０−２６ エクシール道玄坂 104号室 藤和,1.0,OK,レンタルスタジオ HIKARI 渋谷 東京都渋谷区道玄坂
バンドスタジオ ベースオントップ秋葉原昭和通り口店,〒101-0025 東京都千代田区神田佐久間町３丁目37-１ 文唱堂ビル B1F,https://bassontop.tokyo.jp/band/akihabara/,03-5825-4544,,0,5,4,105,S優先度記事×4|複数記事候補×5,ChIJKYlSUGyPGGAReWy1AyFOtW4,バンドスタジオ ベースオントップ秋葉原昭和通り口店,4.4,53.0,〒101-0025 東京都千代田区神田佐久間町３丁目37−１ 文唱堂ビル B1F,1.0,OK,バンドスタジオ ベースオントップ秋葉原昭和通り口店 東京都千代田区神田佐久間町
ミルクスタジオ,〒101-0021 東京都千代田区外神田３丁目３-５ ヨシヰビル,https://milk-studio.jp/,03-6886-4333,,0,5,4,105,S優先度記事×4|複数記事候補×5,ChIJq6qaLxyMGGARVy-sqEAphZ0,ミルクスタジオ,4.0,52.0,〒101-0021 東京都千代田区外神田３丁目３−５ ヨシヰビル,1.0,OK,ミルクスタジオ 東京都千代田区外神田
Hidemi Dancing Vida,〒141-0021 東京都品川区上大崎２丁目１０-３２ フラワープラザビル 202,https://www.yh-dancev.com/,03-6277-4775,,0,6,3,105,S優先度記事×3|複数記事候補×6|候補少記事に出現,ChIJPdLyWLaLGGARzgxvrSQdmFY,Hidemi Dancing Vida,5.0,3.0,〒141-0021 東京都品川区上大崎２丁目１０−３２ フラワープラザビル 202,1.0,OK,Hidemi Dancing Vida 東京都品川区上大崎
渋谷 レンタルスタジオ スタジオミッション studio mission,〒150-0043 東京都渋谷区道玄坂２丁目２８-５ 2-10F 渋谷道玄坂ビル 秀永,http://www.studio-mission.com/,03-6823-4800,,0,5,4,105,S優先度記事×4|複数記事候補×5,ChIJVVUlHFaLGGARHG6TC__DE0U,渋谷 レンタルスタジオ スタジオミッション studio mission,3.5,82.0,〒150-0043 東京都渋谷区道玄坂２丁目２８−５ 渋谷道玄坂ビル 秀永 2-10F,1.0,OK,渋谷 レンタルスタジオ スタジオミッション studio mission 東京都渋谷区道玄坂
池田山ノブレスレンタルスタジオ（五反田駅）,〒141-0022 東京都品川区東五反田５丁目２４-７ ノブレス池田山 B1階,https://ikedayama.studiosquare.jp/,03-5822-4050,,0,6,3,105,S優先度記事×3|複数記事候補×6|候補少記事に出現,ChIJ8WVlHpmLGGARy3GuR7LmRt4,池田山ノブレスレンタルスタジオ（五反田駅）,3.7,3.0,〒141-0022 東京都品川区東五反田５丁目２４−７ ノブレス池田山 B1階,1.0,OK,池田山ノブレスレンタルスタジオ（五反田駅） 東京都品川区東五反田
Pole and Aerial Studio POLISH五反田,〒141-0031 東京都品川区西五反田１丁目５-２ トラヤビル 7階,https://www.polish-415.com/,03-6420-0535,,0,6,3,105,S優先度記事×3|複数記事候補×6|候補少記事に出現,ChIJ9VJuw4qLGGARkreStlp-krQ,Pole and Aerial Studio POLISH五反田,4.9,9.0,〒141-0031 東京都品川区西五反田１丁目５−２ トラヤビル 7階,1.0,OK,Pole and Aerial Studio POLISH五反田 東京都品川区西五反田
スタジオブライト｜レンタル撮影スタジオ（完全予約制）,〒111-0051 東京都台東区蔵前４丁目３６-１３ タイルビル 4F,https://studiobright.co.jp/,,,0,6,3,105,S優先度記事×3|複数記事候補×6|候補少記事に出現,ChIJ-X5Oz2GPGGAR4z5MZbV2_ng,スタジオブライト,,,〒111-0051 東京都台東区蔵前４丁目３６−１３ タイルビル 4F,0.471,OK,スタジオブライト｜レンタル撮影スタジオ（完全予約制） 東京都台東区蔵前
スタジオジパング 池袋スタジオSTANDARD 7F/8F,〒171-0021 東京都豊島区西池袋３丁目２９-９ 8F Ｃ３ビル 7F,https://studiozipang.com/,,,0,5,4,105,S優先度記事×4|複数記事候補×5,ChIJn1U8l3mNGGARq1WTVN2lHOY,スタジオジパング 池袋スタジオSTANDARD 7F/8F,3.7,7.0,〒171-0021 東京都豊島区西池袋３丁目２９−９ Ｃ３ビル 7F 8F,1.0,OK,スタジオジパング 池袋スタジオSTANDARD 7F/8F 東京都豊島区西池袋
東急スポーツオアシス 青山,"〒107-0061 東京都港区北青山２丁目８-４４, Tepia, B2F",https://www.sportsoasis.co.jp/sh58/,03-5770-6109,,0,6,3,105,S優先度記事×3|複数記事候補×6|候補少記事に出現,ChIJx1Fo1JuMGGARWG76eqFuKk8,OASIS RAFEEL 青山,3.5,69.0,"〒107-0061 東京都港区北青山２丁目８−４４ Tepia, B2F",0.16,OK,東急スポーツオアシス 青山 東京都港区北青山
natsu belly dance club,〒171-0022 東京都豊島区南池袋２丁目２２-４ フジキF2ビル,https://peraichi.com/landing_pages/view/nbdc,,,0,5,4,105,S優先度記事×4|複数記事候補×5,ChIJ9yBWEzSNGGARYAl9F60WsUs,natsu belly dance club,,,〒171-0022 東京都豊島区南池袋２丁目２２−４ フジキF2ビル,1.0,OK,natsu belly dance club 東京都豊島区南池袋
スタジオJBA,〒103-0011 東京都中央区日本橋大伝馬町１１-８ ＨＡＴビル B1F,https://studiojba.com/,03-6231-0638,,0,5,4,105,S優先度記事×4|複数記事候補×5,ChIJn8oP_VKJGGARMmw5RahbHMQ,スタジオJBA,4.4,43.0,〒103-0011 東京都中央区日本橋大伝馬町１１−８ ＨＡＴビル B1F,1.0,OK,スタジオJBA 東京都中央区日本橋大伝馬町１１?８ ＨＡＴビル B1F
MCSpace,〒167-0053 東京都杉並区西荻南２丁目２５-６ 西荻プラザビル B1F,http://mcspace1.com/,03-5941-3065,,0,6,3,105,S優先度記事×3|複数記事候補×6|候補少記事に出現,ChIJ25ACVAXuGGARDoQc57Z5OSY,MCSpace,4.9,17.0,〒167-0053 東京都杉並区西荻南２丁目２５−６ 西荻プラザビル B1F,1.0,OK,MCSpace 東京都杉並区西荻南
NATURAglam 高円寺スタジオ,〒166-0003 東京都杉並区４５ 高円寺南４丁目４５-２ メインロードビル3階,http://www.naturaglam.com/koenji/,050-5307-3439,,0,5,4,105,S優先度記事×4|複数記事候補×5,ChIJD1RX9IfyGGAR-Ka-hHMKh0c,ヨガ ピラティス ベリーダンス NATURAglam 高円寺スタジオ,4.3,6.0,〒166-0003 東京都杉並区高円寺南４丁目４５−２ メインロードビル 3階,0.723,OK,NATURAglam 高円寺スタジオ 東京都杉並区４５ 高円寺南
NSH MAJOR RENTAL STUDIO,〒153-0051 東京都目黒区上目黒３丁目６-１８ TYビル9階 Tyビル,https://studiomajor.jp/,03-5734-1040,,0,5,4,105,S優先度記事×4|複数記事候補×5,ChIJTzy8UUaLGGARO3pP9Y5MU4Y,MAJOR Dance Studio,4.8,17.0,〒153-0051 東京都目黒区上目黒３丁目６−１８ TYビル9階,0.667,OK,NSH MAJOR RENTAL STUDIO 東京都目黒区上目黒
ノアスタジオ 秋葉原店,〒101-0021 東京都千代田区外神田６丁目１４-８,https://www.noahstudio.jp/shop/akihabara/,03-5816-8383,,0,5,4,105,S優先度記事×4|複数記事候補×5,ChIJBYrhQR6MGGARzKASg6uMah0,サウンドスタジオノア 秋葉原店,4.3,470.0,〒101-0021 東京都千代田区外神田６丁目１４−８,0.667,OK,ノアスタジオ 秋葉原店 東京都千代田区外神田
Z-RAHZ DANCE STUDIO,〒106-0046 東京都港区元麻布１丁目２-２,http://studio.z-rahz.com/,03-6434-9118,,0,6,3,105,S優先度記事×3|複数記事候補×6|候補少記事に出現,ChIJJZV3JXeLGGARMdTID7-byWQ,Z-RAHZ DANCE STUDIO,4.5,4.0,〒106-0046 東京都港区元麻布１丁目２−２ Hill Point元麻布 B2F,1.0,OK,Z-RAHZ DANCE STUDIO 東京都港区元麻布
DL Studio,〒151-0053 東京都渋谷区代々木１丁目４５-４ 地下2階 代々木山陽ビル,http://www.instabase.jp/rooms/2630,,,0,5,4,105,S優先度記事×4|複数記事候補×5,ChIJAQCk2s6MGGAR5Q-z8bDSvq0,DL Studio,3.6,10.0,〒151-0053 東京都渋谷区代々木１丁目４５−４ 代々木山陽ビル 地下2階,1.0,OK,DL Studio 東京都渋谷区代々木
TEDDY?S BALANCE,〒150-0034 東京都渋谷区代官山町１３-１ ログロード代官山 L３棟２F,https://ted-balance.com/,,,0,5,4,105,S優先度記事×4|複数記事候補×5,ChIJD5tomhaLGGART65Sha6DZMQ,TEDDYʼS BALANCE,5.0,1.0,〒150-0034 東京都渋谷区代官山町１３−１ ログロード代官山 L３棟２F,0.929,OK,TEDDY?S BALANCE 東京都渋谷区代官山町１３?１ ログロード代官山 L３棟２F
studio worcle shibuya,〒150-0031 東京都渋谷区桜丘町１４-１０ 地下１階,https://www.studioworcle.com/,03-6416-9393,,0,5,4,105,S優先度記事×4|複数記事候補×5,ChIJs9sS_lmLGGARTTD9ppXq5OE,studio worcle shibuya,3.6,81.0,〒150-0031 東京都渋谷区桜丘町１４−１０ 地下１階,1.0,OK,studio worcle shibuya 東京都渋谷区桜丘町１４?１０ 地下１階
dスタ（レンタルスタジオ）,〒107-0062 東京都港区南青山２丁目２４-１５ 青山タワービル 15F,https://dstudio-dbs.com/,03-6804-5257,,0,6,3,105,S優先度記事×3|複数記事候補×6|候補少記事に出現,ChIJGSa5XBaNGGARvoFVoxieqr0,dスタ（レンタルスタジオ）,3.0,1.0,〒107-0062 東京都港区南青山２丁目２４−１５ 青山タワービル 15F,1.0,OK,dスタ（レンタルスタジオ） 東京都港区南青山
ACEスタジオ馬喰町日本橋,〒103-0003 東京都中央区日本橋横山町７-１９ イチオクビル 地下１階 7-19第３５,https://mestudio.tokyo/,090-1261-7939,,0,5,4,105,S優先度記事×4|複数記事候補×5,ChIJazwo6COPGGARaUsR_EzzWto,ACEスタジオ馬喰町日本橋,4.3,4.0,〒103-0003 東京都中央区日本橋横山町７−１９ 友泉東日本橋駅前ビル イチオクビル 地下１階,1.0,OK,ACEスタジオ馬喰町日本橋 東京都中央区日本橋横山町７?１９ イチオクビル 地下１階 7-19第３５
ARTIST DANCE STUDIO,〒150-0036 東京都渋谷区南平台町１-９ 南平台宝来ビル B1,https://artist-dance.jp/,,,0,5,4,105,S優先度記事×4|複数記事候補×5,ChIJ7UnCHJtTMiMR-EYpHScg1rk,ARTIST DANCE STUDIO - RENTAL -,5.0,1.0,〒150-0036 東京都渋谷区南平台町１−９ 南平台宝来ビル B1,0.85,OK,ARTIST DANCE STUDIO 東京都渋谷区南平台町１?９ 南平台宝来ビル B1
VERONICA FIT,〒104-0032 東京都中央区八丁堀２丁目１９-６ ヤサカ八丁堀ビルB1,https://veronicafit.tokyo/,03-4288-8680,,0,5,3,100,S優先度記事×3|複数記事候補×5|候補少記事に出現,ChIJZzTncU2JGGARfaH-gWu_lj4,VERONICA FIT,4.8,13.0,〒104-0032 東京都中央区八丁堀２丁目１９−６ ヤサカ八丁堀ビルB1,1.0,OK,VERONICA FIT 東京都中央区八丁堀
monoダンススタジオ-レンタル,〒304 東京都豊島区北大塚２丁目２-１３ JP 1700004 大塚シャトレー・トーコー 304号室,https://rental-dance-studio.com/ootsuka/kihon-jyouhou,,,0,5,3,100,S優先度記事×3|複数記事候補×5|候補少記事に出現,ChIJAcFlChuNGGAR2ULg6Fut2mg,monoダンススタジオ-レンタル ダンススタジオ,3.5,2.0,〒304 東京都豊島区北大塚２丁目２−１３ 304号室 JP 1700004,0.811,OK,monoダンススタジオ-レンタル 〒304 東京都豊島区北大塚
BRONX RENTAL STUDIO,〒155-0031 東京都世田谷区北沢２丁目５-１０,http://thebronx-dancestudio.com/,080-3081-8726,,0,5,3,100,S優先度記事×3|複数記事候補×5|候補少記事に出現,ChIJ___jiWnzGGARY1MFvX-_Ce8,BRONX RENTAL STUDIO,3.7,15.0,〒155-0031 東京都世田谷区北沢２丁目５−１０ マツヤビル 第五 4F,1.0,OK,BRONX RENTAL STUDIO 東京都世田谷区北沢
ノアスタジオ 都立大２号店,〒152-0031 東京都目黒区中根１丁目２-２ 1F 受付,https://www.noahstudio.jp/shop/toritsudai2/,03-3725-0010,,0,5,3,100,S優先度記事×3|複数記事候補×5|候補少記事に出現,ChIJERLntWT1GGARFZDiT-vW44k,ノアスタジオ 都立大２号店,4.3,12.0,〒152-0031 東京都目黒区中根１丁目２−２ 1F 受付,1.0,OK,ノアスタジオ 都立大２号店 東京都目黒区中根
ノアスタジオ 都立大店（ダンス・演劇）,〒152-0031 東京都目黒区中根１丁目７-２３ ＳＴビル,https://www.noahstudio.jp/shop/toritsudai/,03-3723-2011,,0,5,3,100,S優先度記事×3|複数記事候補×5|候補少記事に出現,ChIJAQC0Gdz0GGARlctSXtd-qDQ,ノアスタジオ 都立大店,4.1,125.0,〒152-0031 東京都目黒区中根１丁目７−２３ ＳＴビル,0.741,OK,ノアスタジオ 都立大店（ダンス・演劇） 東京都目黒区中根
NATURAglam 経堂スタジオ,〒156-0052 東京都世田谷区経堂１丁目２５-１８ 吉川水産ビル3階,https://www.naturaglam.com/kyodo/,050-5307-3439,,0,5,3,100,S優先度記事×3|複数記事候補×5|候補少記事に出現,ChIJ_99YOJbzGGARtY4LmxpuuHM,ヨガ ピラティス NATURAglam 経堂スタジオ,4.0,4.0,〒156-0052 東京都世田谷区経堂１丁目２５−１８ 吉川水産ビル3階,0.821,OK,NATURAglam 経堂スタジオ 東京都世田谷区経堂
レンタルスタジオKACHA,〒158-0097 東京都世田谷区用賀２丁目３８-１４ 天虎ビル 202,,,,0,5,3,100,S優先度記事×3|複数記事候補×5|候補少記事に出現,ChIJA7UWKMn1GGARuVdvRDuprHc,レンタルスタジオKACHA,5.0,2.0,〒158-0097 東京都世田谷区用賀２丁目３８−１４ 天虎ビル 202,1.0,OK,レンタルスタジオKACHA 東京都世田谷区用賀
Ohana Room Studio新宿,〒162-0801 東京都新宿区山吹町３４４ LOGビル 2F,https://ohanaroom.jp/,,,0,5,3,100,S優先度記事×3|複数記事候補×5|候補少記事に出現,ChIJaeo8k4GNGGARJ_0kau4HUt8,Ohana Room Studio新宿,,,〒162-0801 東京都新宿区山吹町３４４ 2F,1.0,OK,Ohana Room Studio新宿 東京都新宿区山吹町３４４ LOGビル 2F
浅草スタジオ２２６,〒111-0033 東京都台東区花川戸２丁目２-６ エビスビル 7階,http://asakusastudio226.com/,03-6802-4499,,0,5,3,100,S優先度記事×3|複数記事候補×5|候補少記事に出現,ChIJVfl8ecOOGGARD6WTv1XzWQU,浅草スタジオ２２６,3.7,46.0,〒111-0033 東京都台東区花川戸２丁目２−６ エビスビル 7階,1.0,OK,浅草スタジオ２２６ 東京都台東区花川戸
レンタルスタジオマイレッスン 三軒茶屋店,〒154-0024 東京都世田谷区三軒茶屋１丁目３０-９,http://www.my-lesson.jp/,,,0,5,3,100,S優先度記事×3|複数記事候補×5|候補少記事に出現,ChIJVVXhvZj0GGARhIhx7xvVZuk,レンタルスタジオマイレッスン 三軒茶屋店,3.5,6.0,〒154-0024 東京都世田谷区三軒茶屋１丁目３０−９,1.0,OK,レンタルスタジオマイレッスン 三軒茶屋店 東京都世田谷区三軒茶屋
ENCE Rental Studio 四谷三丁目【新宿エリアのレンタルスタジオ】,〒160-0017 東京都新宿区左門町１-１７ アパルトマン 四谷 102,http://encerentalstudio.com/,,,0,5,3,100,S優先度記事×3|複数記事候補×5|候補少記事に出現,ChIJdal9_omNGGAR5rKEf5ipluU,ENCE Rental Studio 四谷三丁目,4.7,167.0,〒160-0017 東京都新宿区左門町１−１７ アパルトマン 四谷 102,0.724,OK,ENCE Rental Studio 四谷三丁目【新宿エリアのレンタルスタジオ】 東京都新宿区左門町１?１７ アパルトマン 四谷 102
スタジオ白猫屋 経堂R店,〒156-0052 東京都世田谷区経堂１丁目１１-１３ 長島ビル 3Ｆ,https://soyokaze-shironekoya.jp/kyodor.html,,,0,5,3,100,S優先度記事×3|複数記事候補×5|候補少記事に出現,ChIJ55PkqjLzGGARLPp5G5MYqr8,スタジオ白猫屋 経堂R店,4.3,3.0,〒156-0052 東京都世田谷区経堂１丁目１１−１３ 長島ビル 3Ｆ,1.0,OK,スタジオ白猫屋 経堂R店 東京都世田谷区経堂
スタジオマーティ 東京三田慶応 / STUDIO marty Tokyo Mita Keio,〒108-0073 東京都港区三田２丁目１４-４ １Ｆ,https://www.studiomarty.co.jp/tokyo-mitakeio/,03-6809-6565,,0,5,3,100,S優先度記事×3|複数記事候補×5|候補少記事に出現,ChIJwcnjrraLGGARcDOhEVrHL34,スタジオマーティ 東京三田慶応 / STUDIO marty Tokyo Mita Keio,3.7,6.0,〒108-0073 東京都港区三田２丁目１４−４ １Ｆ,1.0,OK,スタジオマーティ 東京三田慶応 / STUDIO marty Tokyo Mita Keio 東京都港区三田
マーティ株式会社,〒108-0073 東京都港区三田２丁目１４-４ 三田慶応ビジデンス１F,https://www.marty.co.jp/,03-6417-4422,,0,5,3,100,S優先度記事×3|複数記事候補×5|候補少記事に出現,ChIJaXTICxyLGGARWFD7JWdsIxI,マーティ株式会社,5.0,2.0,〒108-0073 東京都港区三田２丁目１４−４ 三田慶応ビジデンス１F,1.0,OK,マーティ株式会社 東京都港区三田
池尻大橋レンタルスタジオY3,〒153-0043 東京都目黒区東山３丁目１-１９ メゾン池尻大橋 M.I.O Bldg 305,https://y3gym.com/,,,0,5,3,100,S優先度記事×3|複数記事候補×5|候補少記事に出現,ChIJT1jUBdj1GGARlwlQX4hUx0I,池尻大橋レンタルスタジオY3,,,〒153-0043 東京都目黒区東山３丁目１−１９ メゾン池尻大橋 M.I.O Bldg 305,1.0,OK,池尻大橋レンタルスタジオY3 東京都目黒区東山
HMVP大手町スタジオ,〒101-0047 東京都千代田区内神田１丁目７-１１ B2F,http://hmvp.net/,03-5283-1475,,0,5,3,100,S優先度記事×3|複数記事候補×5|候補少記事に出現,ChIJVVVJvQaMGGARVWvNkw9_Wh4,HMVP大手町スタジオ,4.3,27.0,〒101-0047 東京都千代田区内神田１丁目７−１１ B2F,1.0,OK,HMVP大手町スタジオ 東京都千代田区内神田
ムーンプレイス レンタルスタジオ蔵前,〒111-0043 東京都台東区駒形２丁目１-５ ３階,https://kashispace.com/room/detail?id=5058,,,0,5,3,100,S優先度記事×3|複数記事候補×5|候補少記事に出現,ChIJWc_yyk2PGGARIYIy_QUNMo0,ムーンプレイス レンタルスタジオ蔵前,5.0,1.0,〒111-0043 東京都台東区駒形２丁目１−５ ３階,1.0,OK,ムーンプレイス レンタルスタジオ蔵前 東京都台東区駒形
RAISE UP STUDIO 自由が丘 レンタルスタジオ,〒152-0035 東京都目黒区自由が丘１丁目３-22-B1,http://www.raiseup-studio.com/,03-6421-2448,,0,5,3,100,S優先度記事×3|複数記事候補×5|候補少記事に出現,ChIJxSEsih_1GGARdDQN9QdwEfE,RAISE UP STUDIO 自由が丘 レンタルスタジオ,4.6,5.0,〒152-0035 東京都目黒区自由が丘１丁目３−22-B1,1.0,OK,RAISE UP STUDIO 自由が丘 レンタルスタジオ 東京都目黒区自由が丘
スタジオアニマーダ,〒154-0024 東京都世田谷区三軒茶屋１丁目１６-８,https://animada8.wixsite.com/mysite-1/home,03-3418-3415,,0,5,3,100,S優先度記事×3|複数記事候補×5|候補少記事に出現,ChIJ_9HFcJj0GGARhlZRK4G0ubk,スタジオアニマーダ,4.7,10.0,〒154-0024 東京都世田谷区三軒茶屋１丁目１６−８,1.0,OK,スタジオアニマーダ 東京都世田谷区三軒茶屋
レンタルスタジオEVERGREEN,〒110-0005 東京都台東区上野３丁目２０-１０ 木下ビル3階,,03-6795-0837,,0,4,4,100,S優先度記事×4|複数記事候補×4,ChIJl72XXaCOGGAR98tEW1s1XIM,レンタルスタジオEVERGREEN,,,〒110-0005 東京都台東区上野３丁目２０−１０ 木下ビル 3階,1.0,OK,レンタルスタジオEVERGREEN 東京都台東区上野
レンタルスタジオOLI,〒166-0004 東京都杉並区阿佐谷南１丁目１５-１４ サンフェリーペ 101号室,https://www.rentalstudio-oli.com/,,,0,5,3,100,S優先度記事×3|複数記事候補×5|候補少記事に出現,ChIJH05DXsTzGGARVbfslTB4NCE,レンタルスタジオOLI,5.0,1.0,〒166-0004 東京都杉並区阿佐谷南１丁目１５−１４ サンフェリーペ 101号室,1.0,OK,レンタルスタジオOLI 東京都杉並区阿佐谷南
スタジオセンティード Studio SENTIDO（レンタルスタジオ）,〒155-0031 東京都世田谷区北沢２丁目１８-５ 地下１階,https://studiosentido.wixsite.com/rental,,,0,5,3,100,S優先度記事×3|複数記事候補×5|候補少記事に出現,ChIJ6Vsg52vzGGARG1pIJS-deqg,スタジオセンティード Studio SENTIDO（レンタルスタジオ）,5.0,1.0,〒155-0031 東京都世田谷区北沢２丁目１８−５ 地下１階,1.0,OK,スタジオセンティード Studio SENTIDO（レンタルスタジオ） 東京都世田谷区北沢
スタジオハクーロ,〒155-0032 東京都世田谷区代沢２丁目４６ 三宅ビル,,03-3460-2568,,0,5,3,100,S優先度記事×3|複数記事候補×5|候補少記事に出現,ChIJVVV6SULzGGARf37U5JLvx9k,スタジオハクーロ,3.3,6.0,〒155-0032 東京都世田谷区代沢２丁目４６ 三宅ビル,1.0,OK,スタジオハクーロ 東京都世田谷区代沢
ピアノスタジオノア 下北沢店,〒155-0031 東京都世田谷区北沢２丁目３４-８,https://www.grandpiano.jp/shimokita/,03-5738-0212,,0,5,3,100,S優先度記事×3|複数記事候補×5|候補少記事に出現,ChIJkRZR42rzGGARZUx6Nwvucbk,ピアノスタジオノア 下北沢店,4.4,83.0,〒155-0031 東京都世田谷区北沢２丁目３４−８,1.0,OK,ピアノスタジオノア 下北沢店 東京都世田谷区北沢
フラメンコスタジオアスール,〒141-0022 東京都品川区東五反田１丁目１８-４ B1 ＧＴＤイーストビル,http://www.aikoaoki.com/,03-3473-3435,,0,5,3,100,S優先度記事×3|複数記事候補×5|候補少記事に出現,ChIJn96g0_uKGGAR8iTKcyhLeVY,フラメンコスタジオアスール,,,〒141-0022 東京都品川区東五反田１丁目１８−４ ＧＴＤイーストビル B1,1.0,OK,フラメンコスタジオアスール 東京都品川区東五反田
下北沢 ヴィンテージスタジオ,〒155-0031 東京都世田谷区北沢２丁目２６-５ 伊澤ビル 3F,http://vintage.studiosquare.jp/,03-5822-4050,,0,5,3,100,S優先度記事×3|複数記事候補×5|候補少記事に出現,ChIJt-FnHKPzGGARYvPHealctgY,下北沢 ヴィンテージスタジオ,,,〒155-0031 東京都世田谷区北沢２丁目２６−５ 3F,1.0,OK,下北沢 ヴィンテージスタジオ 東京都世田谷区北沢
大井町店 レンタルスペースROOTS,〒140-0014 東京都品川区大井４丁目８-１１ L HOUSE 地下 一階,https://dancestudioroots.com/ooimachi/,,,0,5,3,100,S優先度記事×3|複数記事候補×5|候補少記事に出現,ChIJq75HlSeLGGARkUDwbZpUk4Q,大井町店 レンタルスペースROOTS,4.0,3.0,〒140-0014 東京都品川区大井４丁目８−１１ L HOUSE 地下 一階,1.0,OK,大井町店 レンタルスペースROOTS 東京都品川区大井
秋葉原レンタルスペース.東京,〒101-0021 東京都千代田区外神田５丁目５-７ パンセ秋葉原 B1F,https://www.akihabara-rental-space.tokyo/,03-6684-9954,,0,4,4,100,S優先度記事×4|複数記事候補×4,ChIJT7LHKR6MGGARN3QKBlgFAfM,秋葉原レンタルスペース.東京,,,〒101-0021 東京都千代田区外神田５丁目５−７ パンセ秋葉原 B1F,1.0,OK,秋葉原レンタルスペース.東京 東京都千代田区外神田
studio opus-スタジオ オープス-,〒140-0014 東京都品川区大井４丁目１-３ TOKOビル B1F,http://www.studio-opus.jp/,03-6410-7112,,0,5,3,100,S優先度記事×3|複数記事候補×5|候補少記事に出現,ChIJLxm-RdyLGGARiCiCH18L-mw,studio opus-スタジオ オープス-,4.3,3.0,〒140-0014 東京都品川区大井４丁目１−３ TOKOビル B1F,1.0,OK,studio opus-スタジオ オープス- 東京都品川区大井
スタジオヴェロニカ,〒104-0032 東京都中央区八丁堀２丁目１９-６ ヤサカ八丁堀ビル B1,https://veronica.asia/,03-4288-8680,,0,5,3,100,S優先度記事×3|複数記事候補×5|候補少記事に出現,ChIJuUa83LyJGGAR2L4dN98YswU,スタジオヴェロニカ,5.0,1.0,〒104-0032 東京都中央区八丁堀２丁目１９−６ ヤサカ八丁堀ビル B1,1.0,OK,スタジオヴェロニカ 東京都中央区八丁堀
京橋ララサロン（KYOBASHI LALA SALON）,〒104-0032 東京都中央区八丁堀２丁目１９-６ ヤサカ八丁堀ビルB1,https://www.instabase.jp/space/2350926945,03-4288-8680,,0,5,3,100,S優先度記事×3|複数記事候補×5|候補少記事に出現,ChIJS60iElCJGGARov0_FTjfqhE,京橋ララサロン（KYOBASHI LALA SALON）,4.3,4.0,〒104-0032 東京都中央区八丁堀２丁目１９−６ ヤサカ八丁堀ビルB1,1.0,OK,京橋ララサロン（KYOBASHI LALA SALON） 東京都中央区八丁堀
HARA Studio,〒162-0042 東京都新宿区早稲田町７４-１４ 地下1F S.T ビル,https://harastudio.wixsite.com/website,090-9001-1935,,0,5,3,100,S優先度記事×3|複数記事候補×5|候補少記事に出現,EllKYXBhbiwg44CSMTYyLTAwNDIgVG9reW8sIFNoaW5qdWt1IENpdHksIFdhc2VkYW1hY2hpLCDvvJfvvJTiiJLvvJHvvJQgUy5UIOODk-ODqyDlnLDkuIsxRiIkGiIKFgoUChIJtepdsQKNGGARyqIFGU5BlgASCOWcsOS4izFG,早稲田町７４−１４ 地下1F,,,〒162-0042 東京都新宿区早稲田町７４−１４ S.T ビル 地下1F,0.0,OK,HARA Studio 東京都新宿区早稲田町７４?１４ 地下1F S.T ビル
スペーススタジオ - Fresh!Studio,〒162-0041 東京都新宿区早稲田鶴巻町５７４ ＭＢＳ江戸川橋ビル 5階,http://freshspacestudio.site/,,,0,5,3,100,S優先度記事×3|複数記事候補×5|候補少記事に出現,ChIJAQDUnAGNGGARSrv21cZdSuQ,スペーススタジオ - Fresh!Studio,2.9,7.0,〒162-0041 東京都新宿区早稲田鶴巻町５７４ ＭＢＳ江戸川橋ビル 5階,1.0,OK,スペーススタジオ - Fresh!Studio 東京都新宿区早稲田鶴巻町５７４ ＭＢＳ江戸川橋ビル 5階
ソニズレンタルスタジオ南阿佐ヶ谷店,〒166-0015 東京都杉並区成田東５丁目３９-１２ グローリーハイツ南阿佐ケ谷榎本 B1F,https://sonysdance.com/,,,0,5,3,100,S優先度記事×3|複数記事候補×5|候補少記事に出現,ChIJVVV5zXPyGGARPff4MtOvUmA,ソニズレンタルダンススタジオ南阿佐ヶ谷,4.3,3.0,〒166-0015 東京都杉並区成田東５丁目３９−１２ グローリーハイツ南阿佐ケ谷榎本 B1F,0.889,OK,ソニズレンタルスタジオ南阿佐ヶ谷店 東京都杉並区成田東
ソニズダンススタジオ南阿佐ヶ谷,〒166-0015 東京都杉並区成田東５丁目３９-１２,https://sonysdance.com/studio/m-m,03-5306-0711,,0,5,3,100,S優先度記事×3|複数記事候補×5|候補少記事に出現,ChIJVVV5zXPyGGARPff4MtOvUmA,ソニズレンタルダンススタジオ南阿佐ヶ谷,4.3,3.0,〒166-0015 東京都杉並区成田東５丁目３９−１２ グローリーハイツ南阿佐ケ谷榎本 B1F,0.882,OK,ソニズダンススタジオ南阿佐ヶ谷 東京都杉並区成田東
ポールダンススタジオ Grace A,〒154-0024 東京都世田谷区三軒茶屋２丁目１４-１２ 三元ビル 403,http://www.poledance.jp/,03-3421-2836,,0,5,3,100,S優先度記事×3|複数記事候補×5|候補少記事に出現,,,,,,,NOT_FOUND,ポールダンススタジオ Grace A 東京都世田谷区三軒茶屋
?JDS 自由が丘のレンタルスタジオ,〒152-0035 東京都目黒区自由が丘１丁目３-２２ JSDスタジオ,http://jiyugaokastudio.com/,03-3718-9228,,0,5,3,100,S優先度記事×3|複数記事候補×5|候補少記事に出現,ChIJx2MviB_1GGARvVH5wrm-_5U,✅JDS 自由が丘のレンタルスタジオ,3.0,6.0,〒152-0035 東京都目黒区自由が丘１丁目３−２２ JSDスタジオ,0.941,OK,?JDS 自由が丘のレンタルスタジオ 東京都目黒区自由が丘
studio501,〒141-0032 東京都品川区大崎５丁目４-１２ 八重苅ビル,http://studio.5project.co.jp/,03-4405-9716,,0,5,3,100,S優先度記事×3|複数記事候補×5|候補少記事に出現,ChIJq6pe6_CKGGARTzdo7YzRf-Y,studio501,4.0,17.0,〒141-0032 東京都品川区大崎５丁目４−１２ 八重苅ビル,1.0,OK,studio501 東京都品川区大崎
TONIC DANCE STUDIO 阿佐ヶ谷,〒166-0004 東京都杉並区阿佐谷南３丁目１-２１ 徳和ビル 地下1階,https://www.tonicdancestudio.com/asagaya,,,0,5,3,100,S優先度記事×3|複数記事候補×5|候補少記事に出現,ChIJDxpawbDzGGARX7UHOKSsSeg,TONIC DANCE STUDIO 阿佐ヶ谷,,,〒166-0004 東京都杉並区阿佐谷南３丁目１−２１ 徳和ビル 地下1階,1.0,OK,TONIC DANCE STUDIO 阿佐ヶ谷 東京都杉並区阿佐谷南
スタジオ・ブリエ 四谷,〒160-0008 東京都新宿区四谷三栄町１２-２ 大久保ビル 1階,http://www.studio-brillia.com/,03-6380-0648,,0,5,3,100,S優先度記事×3|複数記事候補×5|候補少記事に出現,ChIJuZTCOfOMGGARXRrgF9cxO90,スタジオ・ブリエ 四谷,5.0,3.0,〒160-0008 東京都新宿区四谷三栄町１２−２ 大久保ビル 1階,1.0,OK,スタジオ・ブリエ 四谷 東京都新宿区四谷三栄町１２?２ 大久保ビル 1階
studio RADA,〒103-0022 東京都中央区日本橋室町１丁目１-５,http://www.studiorada.com/,,,0,5,3,100,S優先度記事×3|複数記事候補×5|候補少記事に出現,ChIJRUPuCVaJGGARrOyPItUMkK8,studio RADA,4.5,10.0,〒103-0022 東京都中央区日本橋室町１丁目１−５,1.0,OK,studio RADA 東京都中央区日本橋室町
ダンススタジオANGELO★,〒152-0035 東京都目黒区自由が丘２丁目１６-２５ シグナルヒル B1,http://angelo123.com/blog/important_news/studiorentalinfo,03-3725-9341,,0,5,3,100,S優先度記事×3|複数記事候補×5|候補少記事に出現,ChIJSyd5GR71GGARmpn_LZ1e4K0,キッズダンススクールANGELO★,5.0,3.0,〒152-0035 東京都目黒区自由が丘２丁目１６−２５ シグナルヒル B1,0.71,OK,ダンススタジオANGELO★ 東京都目黒区自由が丘
STUDIO ELEVATE スタジオエレベート,〒154-0024 東京都世田谷区三軒茶屋２丁目１１-２４ サンタワーズＡ 棟401,https://studioelevate.amebaownd.com/,070-8478-3872,,0,5,3,100,S優先度記事×3|複数記事候補×5|候補少記事に出現,ChIJwVllqWn1GGAR1DTcmPIfMBw,STUDIO ELEVATE スタジオエレベート,,,〒154-0024 東京都世田谷区三軒茶屋２丁目１１−２４ サンタワーズＡ 棟401,1.0,OK,STUDIO ELEVATE スタジオエレベート 東京都世田谷区三軒茶屋
アルゼンチンタンゴ・ダンス チケ,〒160-0011 東京都新宿区若葉１丁目１-１ 2F,https://tangochique.com/,03-6384-2988,,0,5,3,100,S優先度記事×3|複数記事候補×5|候補少記事に出現,ChIJYVKNE9ONGGARD9je5bODxrc,アルゼンチンタンゴ教室 チケ,4.9,9.0,〒160-0011 東京都新宿区若葉１丁目１−１ 2F,0.815,OK,アルゼンチンタンゴ・ダンス チケ 東京都新宿区若葉
サムズダンススタジオ,〒158-0097 東京都世田谷区用賀４丁目１１-４ 福島第一ビル 2F,http://www.sams-ds.com/,03-3708-3945,,0,5,3,100,S優先度記事×3|複数記事候補×5|候補少記事に出現,ChIJUzgvgJr1GGARMe-gNt7ZXLQ,サムズダンススタジオ,4.0,1.0,〒158-0097 東京都世田谷区用賀４丁目１１−４ 福島第一ビル 2F,1.0,OK,サムズダンススタジオ 東京都世田谷区用賀
レンタルスタジオ KeikoBa P,〒154-0004 東京都世田谷区太子堂２丁目３０-５ 地下一階,https://www.tehono.jp/keikoba-p,03-3487-5681,,0,5,3,100,S優先度記事×3|複数記事候補×5|候補少記事に出現,ChIJ1QW8F6D0GGARPehGek6FAuw,レンタルスタジオ KeikoBa P,3.3,3.0,〒154-0004 東京都世田谷区太子堂２丁目３０−５ 地下一階,1.0,OK,レンタルスタジオ KeikoBa P 東京都世田谷区太子堂
J's,〒158-0097 東京都世田谷区用賀３丁目２５-９,http://www.js-dance-studio.com/,03-3700-9728,,0,5,3,100,S優先度記事×3|複数記事候補×5|候補少記事に出現,ChIJoTVvm3b0GGARh3OuJ9wZ-2c,J's ダンススタジオ,4.5,2.0,〒158-0097 東京都世田谷区用賀３丁目２５−９,0.462,OK,J's 東京都世田谷区用賀
CARDIO BARRE JIYUGAOKA (カーディオ・バー 自由が丘店),〒152-0035 東京都目黒区自由が丘２丁目１０-４ ミルシェ自由が丘 5階,https://cardio-barre.jp/lp/03/?utm_source=facebook&utm_medium=cpc&fbclid=IwAR3Kheu4QwOEsq_Vf6-cZeTgzJ1VLZ2eB-BkHUf42kUJQKr9BH3OyQwSaSg,03-5731-5670,,0,5,3,100,S優先度記事×3|複数記事候補×5|候補少記事に出現,ChIJTSxeVXT1GGAR8L9MZnzOZO0,CARDIO BARRE JIYUGAOKA (カーディオ・バー 自由が丘店),4.8,154.0,〒152-0035 東京都目黒区自由が丘２丁目１０−４ ミルシェ自由が丘 5階,1.0,OK,CARDIO BARRE JIYUGAOKA (カーディオ・バー 自由が丘店) 東京都目黒区自由が丘
アロハホヌアフラスタジオ&レンタルスタジオ経堂,〒156-0052 東京都世田谷区経堂１丁目５-６ パルファム経堂 B1,https://alohahonua.net/,090-1208-0802,,0,5,3,100,S優先度記事×3|複数記事候補×5|候補少記事に出現,ChIJG554tZ3zGGARo3Pwo51NeYs,アロハホヌアフラスタジオ&レンタルスタジオ経堂,4.0,1.0,〒156-0052 東京都世田谷区経堂１丁目５−６ パルファム経堂 B1,1.0,OK,アロハホヌアフラスタジオ&レンタルスタジオ経堂 東京都世田谷区経堂
貸し会議室 & 全国蕎麦製粉会館【JK Room 駒込】,〒170-0003 東京都豊島区駒込１丁目４０-４ 全国蕎麦製粉協同組合４０１ コンフォート駒込,https://jk-room.com/location.html#komagome,050-5372-4665,,0,5,3,100,S優先度記事×3|複数記事候補×5|候補少記事に出現,ChIJQdjOJXeNGGAR-JvewXrkI_A,貸し会議室 & ダンススタジオ 全国蕎麦製粉会館【JK Room 駒込】,,,〒170-0003 東京都豊島区駒込１丁目４０−４ コンフォート駒込 全国蕎麦製粉協同組合４０１,0.873,OK,貸し会議室 & 全国蕎麦製粉会館【JK Room 駒込】 東京都豊島区駒込
レンタルスタジオ 阿佐ヶ谷リノ,〒166-0015 東京都杉並区成田東５丁目２０-９,https://asagaya-lino.linovery.com/,,,0,5,3,100,S優先度記事×3|複数記事候補×5|候補少記事に出現,ChIJ8e2xHMLzGGARr-XenjGFBag,レンタルスタジオ 阿佐ヶ谷リノ,5.0,3.0,〒166-0015 東京都杉並区成田東５丁目２０−９,1.0,OK,レンタルスタジオ 阿佐ヶ谷リノ 東京都杉並区成田東
溶岩ホットヨガ LaLa Aasha（ララアーシャ）学芸大学,〒152-0004 東京都目黒区鷹番２丁目２０-６ Kh.01 3F,https://www.lalaaasha.jp/studios/gakugeidai/,03-5768-7768,,0,5,3,100,S優先度記事×3|複数記事候補×5|候補少記事に出現,ChIJge7oMsz0GGARIRcwDFkmNR0,溶岩ホットヨガ LaLa Aasha（ララアーシャ）学芸大学スタジオ,4.2,49.0,〒152-0004 東京都目黒区鷹番２丁目２０−６ Kh.01 3F,0.933,OK,溶岩ホットヨガ LaLa Aasha（ララアーシャ）学芸大学 東京都目黒区鷹番
Dancing Appaloosa ダンシング アパルーサ,〒152-0004 東京都目黒区鷹番３丁目４-１９ 江連ビル 3階 イズミダンススクール内,http://www.dancingappaloosa.com/,090-1696-0434,,0,5,3,100,S優先度記事×3|複数記事候補×5|候補少記事に出現,ChIJZxflgEH1GGAR8O76B2Rnr0M,カントリーダンス ダンシング アパルーサ,5.0,2.0,〒152-0004 東京都目黒区鷹番３丁目４−１９ 江連ビル 3階 イズミダンススクール内,0.455,OK,Dancing Appaloosa ダンシング アパルーサ 東京都目黒区鷹番
アトリエ エマーブル,〒158-0097 東京都世田谷区用賀３丁目１８-８ セントラルSOUI103,https://www.atelieraimable.com/,,,0,5,3,100,S優先度記事×3|複数記事候補×5|候補少記事に出現,ChIJ1-EfGPn1GGARrS6ylgmVess,アトリエ エマーブル,4.3,12.0,〒158-0097 東京都世田谷区用賀３丁目１８−８ セントラルSOUI103,1.0,OK,アトリエ エマーブル 東京都世田谷区用賀
リリィ スタジオ&カフェ レンタルカフェ,〒156-0052 東京都世田谷区経堂２丁目７-１４-１０２,,,,0,5,3,100,S優先度記事×3|複数記事候補×5|候補少記事に出現,ChIJ0TNW373zGGARkjs8DR1Ptuk,リリィ スタジオ&カフェ レンタルカフェ,5.0,1.0,〒156-0052 東京都世田谷区経堂２丁目７−１４−１０２,1.0,OK,リリィ スタジオ&カフェ レンタルカフェ 東京都世田谷区経堂
三軒茶屋リーフスタジオ,〒154-0004 東京都世田谷区太子堂３丁目１４-８ 太子堂COMPLEX 3F 300号室,http://leaf.studiosquare.jp/,03-5822-4050,,0,5,3,100,S優先度記事×3|複数記事候補×5|候補少記事に出現,ChIJl74t4J_0GGAReZ9juwbJ2q8,三軒茶屋リーフ300スタジオ,,,〒154-0004 東京都世田谷区太子堂３丁目１４−８ 太子堂COMPLEX 3F 300号室,0.88,OK,三軒茶屋リーフスタジオ 東京都世田谷区太子堂
日暮里リーダンススタジオ,東京都荒川区西日暮里2-29-6秋山ビル301,https://liidance.square.site/,,https://dance-studio-lab.com/room/MjAxNTcyNmItYmQ2Ny00MmEzLWIyNjktODFkZmYxNGJiOTVh/detail,1,5,1,95,提携スタジオ|S優先度記事×1|複数記事候補×5,ChIJkz_TqWqNGGARFyM7xMwgIhk,リーダンス,4.9,19.0,〒116-0013 東京都荒川区西日暮里２丁目２９−６ 秋山ビル 301,0.588,OK,日暮里リーダンススタジオ 東京都荒川区西日暮里2-29-6秋山ビル301
エストゥディオのりこ,〒105-0004 東京都港区１６ 東京都港区 2-16-1 340,http://estudio.lolipop.jp/,03-3591-5924,,0,7,3,95,S優先度記事×3|複数記事候補×7,ChIJ44O4KuqLGGARFr3VHfYXIQY,エストゥディオのりこ,,,〒105-0004 東京都港区新橋２丁目１６ 東京都港区 2-16-1 340,1.0,OK,エストゥディオのりこ 東京都港区１６ 東京都港区 2-16-1 340
FACTORYカレッタスタジオ,〒105-7001 東京都港区東新橋１丁目８-１ B2 カレッタスタジオ,https://www.factory-studio.jp/caretta/,03-6216-9710,,0,7,3,95,S優先度記事×3|複数記事候補×7,ChIJf96XIoSLGGARtU_Ubxhk6h0,FACTORYカレッタスタジオ,3.8,6.0,〒105-7001 東京都港区東新橋１丁目８−１ B2 カレッタスタジオ,1.0,OK,FACTORYカレッタスタジオ 東京都港区東新橋
原宿ダンススタジオ SHIN RENTAL STUDIO,〒151-0051 東京都渋谷区千駄ケ谷３丁目６０-４ 地下1階,https://harajuku-rentalstudio.com/,,,0,7,3,95,S優先度記事×3|複数記事候補×7,ChIJ16lhlruMGGARsTLxWodir6I,原宿ダンススタジオ SHIN RENTAL STUDIO,2.9,16.0,〒151-0051 東京都渋谷区千駄ケ谷３丁目６０−４ 地下1階,1.0,OK,原宿ダンススタジオ SHIN RENTAL STUDIO 東京都渋谷区千駄ケ谷
レンタルスタジオ・レンタルスペース ZEAL STUDIOS,〒105-0004 東京都港区新橋３丁目５-１０ 新三ビル B1F,http://zeal-studios.com/?utm_source=google&utm_medium=map,03-3503-0288,,0,7,3,95,S優先度記事×3|複数記事候補×7,ChIJoWLmblSLGGARAanQwJt7Nig,レンタルスタジオ・レンタルスペース ZEAL STUDIOS,3.3,43.0,〒105-0004 東京都港区新橋３丁目５−１０,1.0,OK,レンタルスタジオ・レンタルスペース ZEAL STUDIOS 東京都港区新橋
alt studio (オルトスタジオ),〒101-0051 東京都千代田区神田神保町１丁目64-３ 神保町ビル 6F,https://upnow.jp/Altstudio/jimbocho,090-1793-8220,,0,6,3,90,S優先度記事×3|複数記事候補×6,ChIJI5qKQX2NGGARXk6A8O7Zcfs,レコーディングスタジオ「alt studio」,4.7,3.0,〒101-0051 東京都千代田区神田神保町１丁目64−３ 黒政ビル 6F,0.45,OK,alt studio (オルトスタジオ) 東京都千代田区神田神保町
レンタルスペース リノスペcamp東京ドーム,〒101-0061 東京都千代田区神田三崎町２丁目１２-５ ニュー千代田ビル 3F-A,https://lin.ee/a6tOsHu,050-1808-7637,,0,6,3,90,S優先度記事×3|複数記事候補×6,ChIJT0Df6o6NGGARZOXAyL5q-bg,レンタルスペース リノスペcamp東京ドーム,4.7,23.0,〒101-0061 東京都千代田区神田三崎町２丁目１２−５ 3F-A,1.0,OK,レンタルスペース リノスペcamp東京ドーム 東京都千代田区神田三崎町
ナ・ホク・オ・カヘアラニ フラ＆タヒチアン,〒107-0061 東京都港区北青山３丁目５-９ KAZU表参道 202号室,https://nahokuokahealanijp.com/,,,0,6,3,90,S優先度記事×3|複数記事候補×6,ChIJ-5aidUWLGGARY60D58XZGpg,ナ・ホク・オ・カヘアラニ フラ＆タヒチアン ダンススタジオ,5.0,11.0,〒107-0061 東京都港区北青山３丁目５−９ KAZU表参道 202号室,0.829,OK,ナ・ホク・オ・カヘアラニ フラ＆タヒチアン 東京都港区北青山
すむぞうスタジオ,〒150-0041 東京都渋谷区神南１丁目１１-５ ダイネス壱番館渋谷 B1,https://studio.sumuzo.info/,03-6712-7630,,0,6,3,90,S優先度記事×3|複数記事候補×6,ChIJiTfAMxGNGGARrPE-RKWphYM,すむぞうスタジオ,1.7,16.0,〒150-0041 東京都渋谷区神南１丁目１１−５ B1,1.0,OK,すむぞうスタジオ 東京都渋谷区神南
レンタル撮影スタジオDOLLY飯田橋1号店,〒102-0072 東京都千代田区飯田橋３丁目６-６ 港屋ビル 2F,https://studio-dolly.com/studio/iidabashi1/?utm_source=map,050-3196-4992,,0,6,3,90,S優先度記事×3|複数記事候補×6,ChIJwf53wGSNGGARvN0n0rejQEQ,レンタル撮影スタジオDOLLYニュー飯田橋1号店,4.3,6.0,〒102-0072 東京都千代田区飯田橋３丁目６−６ 港屋ビル 2F,0.933,OK,レンタル撮影スタジオDOLLY飯田橋1号店 東京都千代田区飯田橋
Pole and Aerial Studio Polish 銀座店,〒104-0061 東京都中央区銀座７丁目８-１３ Brown Place 3階,https://www.polish-415.com/,03-5412-2555,,0,6,3,90,S優先度記事×3|複数記事候補×6,ChIJm1d8asaLGGARVp4519HNz-w,Pole and Aerial Studio Polish 銀座店,5.0,11.0,〒104-0061 東京都中央区銀座７丁目８−１３ Brown Place 3階,1.0,OK,Pole and Aerial Studio Polish 銀座店 東京都中央区銀座
ミライスタジオ上野,〒110-0003 東京都台東区根岸１丁目５-１３,https://studio-mirai55.com/,,,0,6,3,90,S優先度記事×3|複数記事候補×6,ChIJEx8RZU6PGGARao7zHmKHtEs,ミライスタジオ上野,4.9,12.0,〒110-0003 東京都台東区根岸１丁目５−１３,1.0,OK,ミライスタジオ上野 東京都台東区根岸
レンタルスタジオ Starshine,〒107-0061 東京都港区北青山３丁目５ 9KAZU表参道 202,https://nahokuokahealanijp.com/alohayoga/,03-6455-0264,,0,6,3,90,S優先度記事×3|複数記事候補×6,ChIJQUZZjmiNGGARVV-0nFQsO6k,レンタルスタジオ Starshine,,,〒107-0061 東京都港区北青山３丁目５−５ 9KAZU表参道 202,1.0,OK,レンタルスタジオ Starshine 東京都港区北青山
渋谷RIZEスタジオ,〒150-0041 東京都渋谷区神南１丁目１３-４ Idoビル 2階A号室,http://shibuya-rize.com/,080-3095-0108,,0,6,3,90,S優先度記事×3|複数記事候補×6,ChIJYSvT7puNGGARZWUQJTil-X0,渋谷RIZEスタジオ｜レンタルスタジオ,4.3,12.0,〒150-0041 東京都渋谷区神南１丁目１３−４ 2階A号室,0.69,OK,渋谷RIZEスタジオ 東京都渋谷区神南
『bco』 Private lesson/salon,〒150-0001 東京都渋谷区神宮前１丁目２１-１５ 2F奥 ナポレ原宿,http://bobbyconditioning.com/,,,0,6,3,90,S優先度記事×3|複数記事候補×6,ChIJnT99eiCNGGARsKx7RbQzU9Y,『bco』 Private lesson/salon,5.0,4.0,〒156-0043 東京都世田谷区松原２丁目４５−８,1.0,OK,『bco』 Private lesson/salon 東京都渋谷区神宮前
銀座スタジオ ルアン,〒104-0061 東京都中央区銀座８丁目１０-２ ルアンビル 11階,https://rentalstudio.ruan.co.jp/,,,0,6,3,90,S優先度記事×3|複数記事候補×6,ChIJpzUNcOiLGGARcnckQ3mmsm0,銀座スタジオ ルアン,4.2,32.0,〒104-0061 東京都中央区銀座８丁目１０−２ ルアンビル 11階,1.0,OK,銀座スタジオ ルアン 東京都中央区銀座
KBAバレエスタジオ御茶ノ水,〒113-0034 東京都文京区湯島１丁目１２-６ 地下1F 高関ビル,https://ballet-kba.com/,03-3772-3426,,0,6,3,90,S優先度記事×3|複数記事候補×6,ChIJp9OVD_-NGGAR0d0myl5KIzY,KBAバレエスタジオ御茶ノ水,5.0,1.0,〒113-0034 東京都文京区湯島１丁目１２−６ 高関ビル 地下1F,1.0,OK,KBAバレエスタジオ御茶ノ水 東京都文京区湯島
"in the house / Shibuya ""Gallery""",〒150-0001 東京都渋谷区神宮前６丁目２３-１２,https://inthehouse.tokyo/,,,0,6,3,90,S優先度記事×3|複数記事候補×6,ChIJb1gB5eKNGGARxkwiYnDVIzY,"in the house / Shibuya ""Gallery""",4.9,13.0,〒150-0001 東京都渋谷区神宮前６丁目２３−１２,1.0,OK,"in the house / Shibuya ""Gallery"" 東京都渋谷区神宮前"
第一ホテル東京 フィットネス&アクアゾーン,〒100-0011 東京都千代田区内幸町１丁目５-３ 新幸橋ビルディング ビル内,https://www.hankyu-hotel.com/hotel/dh/dhtokyo/contents/refacilities?utm_source=googlemybusiness&utm_medium=organic,03-3596-7740,,0,6,3,90,S優先度記事×3|複数記事候補×6,ChIJLSTfAuyLGGARhnQIHLjq10k,第一ホテル東京 フィットネス&アクアゾーン,3.6,40.0,〒100-0011 東京都千代田区内幸町１丁目５−３ 新幸橋ビルディング ビル内,1.0,OK,第一ホテル東京 フィットネス&アクアゾーン 東京都千代田区内幸町
BUZZ レンタルスタジオ 上野店,〒110-0003 東京都台東区根岸３丁目６-３ 小林ビル 地下1階,,,,0,6,3,90,S優先度記事×3|複数記事候補×6,ChIJA0xvfHyPGGARPx1X3lfmPKM,BUZZ上野,3.8,17.0,〒110-0003 東京都台東区根岸３丁目６−３ 地下1階,0.571,OK,BUZZ レンタルスタジオ 上野店 東京都台東区根岸
スタジオ レンズマン青山,〒107-0062 東京都港区南青山２丁目１０-１１ 南青山パールハイム 1F,http://lensman.jp/,03-6804-1241,,0,5,3,85,S優先度記事×3|複数記事候補×5,ChIJAQC8xZyMGGARdPV3ZnPUoog,スタジオ レンズマン青山,4.0,24.0,〒107-0062 東京都港区南青山２丁目１０−１１ 南青山パールハイム 1F,1.0,OK,スタジオ レンズマン青山 東京都港区南青山
株式会社ZERO CREATION（Dance Studio FOCUS）,〒166-0003 東京都杉並区高円寺南５丁目３５-１５,http://dancestudio-focus.com/,03-6304-9061,,0,5,3,85,S優先度記事×3|複数記事候補×5,ChIJe_k8Co_yGGAR32iwwt2rny8,株式会社ZERO CREATION（Dance Studio FOCUS）,4.5,8.0,〒166-0003 東京都杉並区高円寺南５丁目３５−１５,1.0,OK,株式会社ZERO CREATION（Dance Studio FOCUS） 東京都杉並区高円寺南
Pole Dance Tokyo ポールダンス東京,〒107-0052 東京都港区赤坂３丁目１６-８ 東海アネックスビルB1,http://www.poledancetokyo.com/,03-5941-8998,,0,5,3,85,S優先度記事×3|複数記事候補×5,ChIJwWi1RX-MGGARdCHNkBJgrs0,Pole Dance Tokyo ポールダンス東京,4.9,140.0,〒107-0052 東京都港区赤坂３丁目１６−８ 東海アネックスビルB1,1.0,OK,Pole Dance Tokyo ポールダンス東京 東京都港区赤坂
PLUS DANCE STUDIO,〒169-0075 東京都新宿区高田馬場４丁目１４-４,http://plus-dance-studio.com/,03-6908-6822,,0,5,3,85,S優先度記事×3|複数記事候補×5,ChIJHfVNeDeNGGARJtiKUQtppWM,PLUS DANCE STUDIO,3.5,4.0,〒169-0075 東京都新宿区高田馬場４丁目１４−４,1.0,OK,PLUS DANCE STUDIO 東京都新宿区高田馬場
スタジオ レセルバ,〒107-0052 東京都港区赤坂３丁目２１-１４ TS共和六番館地下一階,,03-6426-5858,,0,5,3,85,S優先度記事×3|複数記事候補×5,ChIJ2_V0kG-LGGARj8CecSkq74s,BUZZ赤坂,4.0,20.0,〒107-0052 東京都港区赤坂２丁目１３−２０ BUZZ Bldg,0.0,OK,スタジオ レセルバ 東京都港区赤坂
emotionS Dance Studio,〒180-0006 東京都武蔵野市中町１丁目２５-１０ 三祐ビル B1F,http://dance-studio-emotions.com/,080-9215-5325,,0,6,2,85,S優先度記事×2|複数記事候補×6|候補少記事に出現,ChIJdSk0IrDvGGARKNNJyHs3nEU,emotionS Dance Studio,3.0,2.0,〒180-0006 東京都武蔵野市中町１丁目２５−１０ 三祐ビル B1F,1.0,OK,emotionS Dance Studio 東京都武蔵野市中町
高円寺 フェニックス レンタルスタジオ,〒166-0003 東京都杉並区高円寺南２丁目５３-１,https://phoenix.studiosquare.jp/,03-5822-4050,,0,5,3,85,S優先度記事×3|複数記事候補×5,ChIJYz68KUbuGGARvaEAMrRdhMs,高円寺フェニックススタジオ,3.0,1.0,〒166-0003 東京都杉並区高円寺南２丁目５３−１ FLAT・KOU1階,0.867,OK,高円寺 フェニックス レンタルスタジオ 東京都杉並区高円寺南
ノアスタジオ 中野店,"〒164-0001 東京都中野区中野３丁目３９-２, Nakano Noah Building, B1",https://www.noahstudio.jp/shop/nakano/,03-6304-8606,,0,5,3,85,S優先度記事×3|複数記事候補×5,ChIJaTG8cDTzGGARLDe5KZGdFKg,ノアスタジオ 中野店,4.5,24.0,"〒164-0001 東京都中野区中野３丁目３９−２ Nakano Noah Building, B1",1.0,OK,ノアスタジオ 中野店 東京都中野区中野
ACFit 赤坂見附スタジオ,〒107-0052 東京都港区赤坂３丁目４-３ 赤坂マカベビル B1F,,03-3560-9212,,0,5,3,85,S優先度記事×3|複数記事候補×5,ChIJB5OIYgCLGGARu7Arw171wts,ACFit 赤坂見附スタジオ,,,〒107-0052 東京都港区赤坂３丁目４−３ 赤坂マカベビル B1F,1.0,OK,ACFit 赤坂見附スタジオ 東京都港区赤坂
BUZZ SHIBUYA店,〒150-0042 東京都渋谷区宇田川町４-１０ 宇田川町ビル B1～3F,,03-6907-2144,,0,5,3,85,S優先度記事×3|複数記事候補×5,ChIJqaoTQ8mNGGAR1Z620uuMPaI,BUZZ渋谷,3.3,43.0,〒150-0042 東京都渋谷区宇田川町４−１０ 宇田川町ビル B1～3F,0.444,OK,BUZZ SHIBUYA店 東京都渋谷区宇田川町４?１０ 宇田川町ビル B1～3F
ソニズレンタルスタジオ東高円寺店,〒166-0003 東京都杉並区高円寺南１丁目６-５ 高円寺サマリヤマンション 松屋の隣,https://sonysdance.com/,,,0,5,3,85,S優先度記事×3|複数記事候補×5,ChIJucEnMo3yGGARralFSa0f4Pc,ソニズダンススタジオ東高円寺店,4.2,12.0,〒166-0003 東京都杉並区高円寺南１丁目６−５ 高円寺サマリヤマンション 松屋の隣,0.839,OK,ソニズレンタルスタジオ東高円寺店 東京都杉並区高円寺南
BUZZ関内,神奈川県横浜市中区太田町1-18-2関内エスビル B1,,,https://dance-studio-lab.com/room/OWEzMTEwNDEtMjc2Yi00NzA0LTk0NmMtYTU1NGNhNTY4YTM3/detail,1,3,1,85,提携スタジオ|S優先度記事×1|複数記事候補×3,ChIJ3xGKdBNdGGARJcGFufRBAks,BUZZ関内,4.3,17.0,〒231-0011 神奈川県横浜市中区太田町１丁目18−２ B1,1.0,OK,BUZZ関内 神奈川県横浜市中区太田町1-18-2関内エスビル B1
Nari Gym (ナリジム),〒107-0052 東京都港区赤坂３丁目14番9号 赤坂清水ビル 2F,https://beauty.hotpepper.jp/kr/slnH000588196/,03-6277-7369,,0,5,3,85,S優先度記事×3|複数記事候補×5,ChIJ_x3OsDeLGGARwb3rmlvIiqs,Nari Gym (ナリジム) English/中文 OK,5.0,38.0,〒107-0052 東京都港区赤坂４丁目１１−１９ 新陽赤坂ビル 3F,0.684,OK,Nari Gym (ナリジム) 東京都港区赤坂
スタジオキャンパス 高田馬場店,〒169-0075 東京都新宿区高田馬場４丁目２９-１ B1F,https://st-campus.net/baba/,,,0,5,3,85,S優先度記事×3|複数記事候補×5,ChIJWVFWsCWNGGARHYTHWcfgEmc,スタジオキャンパス 高田馬場店 ダンススタジオ,4.1,7.0,〒169-0075 東京都新宿区高田馬場４丁目２９−１ ラージヒルズ高田馬場 B1F,0.8,OK,スタジオキャンパス 高田馬場店 東京都新宿区高田馬場
ハレスタジオ参宮橋,〒151-0053 東京都渋谷区代々木４丁目２８-８ 代々木村田マンション 509,,090-3874-1762,,0,5,3,85,S優先度記事×3|複数記事候補×5,ChIJF0l4FOzzGGARDytIk9Qv0r8,ハレスタジオ参宮橋,5.0,1.0,〒151-0053 東京都渋谷区代々木４丁目２８−８ 代々木村田マンション 509,1.0,OK,ハレスタジオ参宮橋 東京都渋谷区代々木
レンタルスタジオ HIKARI 高田馬場,〒169-0075 東京都新宿区高田馬場４丁目４-１ M-haus B.L.D 3階,https://hikari-studio.net/,050-3196-4716,,0,5,3,85,S優先度記事×3|複数記事候補×5,ChIJ30yR5NiNGGARoQhyMj-JpYQ,レンタルスタジオ HIKARI 高田馬場,4.0,1.0,〒169-0075 東京都新宿区高田馬場４丁目４−１ M-haus B.L.D 3階,1.0,OK,レンタルスタジオ HIKARI 高田馬場 東京都新宿区高田馬場
ダンススペース ベースオントップ高田馬場店,〒169-0075 東京都新宿区高田馬場１丁目３３-１４ サンフラワービル 3F,https://bassontop.tokyo.jp/dance/,03-6273-8587,,0,5,3,85,S優先度記事×3|複数記事候補×5,ChIJX3BW0zuNGGARNAjquhhX6y0,ダンススペース ベースオントップ高田馬場店,4.3,120.0,〒169-0075 東京都新宿区高田馬場１丁目３３−１４ サンフラワービル 3F,1.0,OK,ダンススペース ベースオントップ高田馬場店 東京都新宿区高田馬場
FEELCYCLE 六本木,〒106-0032 東京都港区六本木６丁目４-１ ヒルズ ハリウッドプラザ 3F,https://www.feelcycle.com/studios/rpg/?utm_source=google&utm_medium=gbp&utm_content=RPG&utm_campaign=google_gbp_RPG,,,0,5,3,85,S優先度記事×3|複数記事候補×5,ChIJ-TaDl3eLGGARqoVQ1Ws5f9I,FEELCYCLE 六本木,3.7,48.0,〒106-0032 東京都港区六本木６丁目４−１ ヒルズ ハリウッドプラザ 3F,1.0,OK,FEELCYCLE 六本木 東京都港区六本木
レンタルスタジオマイレッスン 新宿御苑前,〒160-0022 東京都新宿区新宿１丁目１７-１,https://www.my-lesson.jp/,,,0,5,3,85,S優先度記事×3|複数記事候補×5,ChIJ__AA1OmMGGARswAXKt15y_0,レンタルスタジオマイレッスン Cst 新宿御苑前,4.0,13.0,〒160-0022 東京都新宿区新宿１丁目１７−１,0.927,OK,レンタルスタジオマイレッスン 新宿御苑前 東京都新宿区新宿
レンタルスタジオAivic元町中華街,神奈川県横浜市中区山下町25-16 ニューポートビル202,https://www.aivic.jp/wp/studio-chukagai/,,https://dance-studio-lab.com/room/MDE1MGRkYjEtNjcxMS00Njg1LTg2YmQtODBjODQxZmFlYjg0/detail,1,3,1,85,提携スタジオ|S優先度記事×1|複数記事候補×3,ChIJ0f3uZABdGGAR4GbLtTntRA0,Aivic元町中華街,,,〒231-0023 神奈川県横浜市中区山下町２５−１６,0.714,OK,レンタルスタジオAivic元町中華街 神奈川県横浜市中区山下町25-16 ニューポートビル202
レンタルスタジオ,〒150-0013 東京都渋谷区恵比寿３丁目９-１５ 4階,http://studioespec.jp/,080-5687-9683,,0,5,3,85,S優先度記事×3|複数記事候補×5,ChIJPUJAqVuLGGAR7jyugbK5BPg,レンタルスタジオ,,,〒150-0013 東京都渋谷区恵比寿３丁目９−１５ 4階,1.0,OK,レンタルスタジオ 東京都渋谷区恵比寿
御茶ノ水 レンタルスタジオ,〒101-0062 東京都千代田区神田駿河台２丁目６-１５ ４Ｆ,https://ochanomizu.inforent.jp/,03-5822-4050,,0,5,3,85,S優先度記事×3|複数記事候補×5,ChIJyWw7wTeNGGAREF23zsFgJGo,ノアスタジオ 御茶ノ水店,4.3,16.0,〒101-0062 東京都千代田区神田駿河台２丁目1−１７,0.348,OK,御茶ノ水 レンタルスタジオ 東京都千代田区神田駿河台
恵比寿ガーデンプレイス,〒150-0013 東京都渋谷区恵比寿４丁目２０,https://gardenplace.jp/,03-5423-7111,,0,5,3,85,S優先度記事×3|複数記事候補×5,ChIJ3bRi2hWLGGARsMUFP7GRGBI,恵比寿ガーデンプレイス,4.1,7404.0,〒150-0013 東京都渋谷区恵比寿４丁目２０−２０,1.0,OK,恵比寿ガーデンプレイス 東京都渋谷区恵比寿
SHOJIN Show-Base Tokyo,〒169-0075 東京都新宿区高田馬場４丁目１１-10VORT Briller4F SHOJIN Show-Base Tokyo,https://shojin-enter-labo.work/,,,0,5,3,85,S優先度記事×3|複数記事候補×5,ChIJ1xeMlTaNGGARLzsJgznTJgg,SHOJIN Show-Base Tokyo,2.6,5.0,〒169-0075 東京都新宿区高田馬場４丁目１１−10VORT Briller4F SHOJIN Show-Base Tokyo,1.0,OK,SHOJIN Show-Base Tokyo 東京都新宿区高田馬場
STUDIO LIKEMAD,〒150-0042 東京都渋谷区宇田川町１１-２ 宇田川柳光ビル B1,https://www.studiolikemad.tokyo/,03-6455-2924,,0,5,3,85,S優先度記事×3|複数記事候補×5,ChIJi4wOIi6NGGARS6TCpBnE3C8,STUDIO LIKEMAD,5.0,1.0,〒150-0042 東京都渋谷区宇田川町１１−２ 宇田川柳光ビル B1,1.0,OK,STUDIO LIKEMAD 東京都渋谷区宇田川町１１?２ 宇田川柳光ビル B1
EXスタジオ麹町,〒102-0083 東京都千代田区麹町２丁目２-４ 麹町セントラルビル 5階,,050-1743-6868,,0,5,3,85,S優先度記事×3|複数記事候補×5,ChIJHRID5oiNGGARE1deuN9StWo,EXスタジオ麹町,4.0,12.0,〒102-0083 東京都千代田区麹町２丁目２−４ 5階,1.0,OK,EXスタジオ麹町 東京都千代田区麹町
Estudio ILIA FLAMENCA,〒101-0051 東京都千代田区神田神保町１丁目２５-４ 神保町ビル B1 SH神田南,https://www.ilia-f.com/,03-5577-6818,,0,5,3,85,S優先度記事×3|複数記事候補×5,ChIJAzSOewCNGGARFP-rGKFK0o4,イリアフラメンコスタジオ,5.0,22.0,〒101-0051 東京都千代田区神田神保町１丁目２５−４ SH神田 南 神保町ビルB1,0.0,OK,Estudio ILIA FLAMENCA 東京都千代田区神田神保町
DAYS赤坂見附,〒107-0052 東京都港区赤坂３丁目９-１ 紀陽 ビル,https://days-akasaka.tokyo/,03-3584-5011,,0,5,3,85,S優先度記事×3|複数記事候補×5,ChIJC2FRx36MGGAR_aTDtm55aIg,DAYS赤坂見附,3.4,83.0,〒107-0052 東京都港区赤坂３丁目９−１,1.0,OK,DAYS赤坂見附 東京都港区赤坂
白金台恵比寿ミュージックスタジオ,〒108-0071 東京都港区白金台５丁目２-５ 502,,050-3196-9973,,0,5,3,85,S優先度記事×3|複数記事候補×5,ChIJ8e0ONcOLGGARa4VV0K2kBtk,白金台恵比寿ミュージックスタジオ,5.0,3.0,〒108-0071 東京都港区白金台５丁目２−５ 502,1.0,OK,白金台恵比寿ミュージックスタジオ 東京都港区白金台
レンタルスタジオ 301,〒160-0021 東京都新宿区歌舞伎町２丁目８-１２ 新宿グリーンプラザ 301号,,,,0,5,3,85,S優先度記事×3|複数記事候補×5,ChIJS5BmUmqNGGARrXEcrG1KuI0,レンタルスタジオ 301,,,〒160-0021 東京都新宿区歌舞伎町２丁目８−１２ 新宿グリーンプラザ 301号,1.0,OK,レンタルスタジオ 301 東京都新宿区歌舞伎町
レンタルスタジオ,〒150-0013 東京都渋谷区恵比寿３丁目９-１５ 4階,http://hula-tahiti.com/rental-studio/,03-6277-1754,,0,5,3,85,S優先度記事×3|複数記事候補×5,ChIJPUJAqVuLGGAR7jyugbK5BPg,レンタルスタジオ,,,〒150-0013 東京都渋谷区恵比寿３丁目９−１５ 4階,1.0,OK,レンタルスタジオ 東京都渋谷区恵比寿
女性専用フィットネスジム ミットネス 赤坂店,〒107-0052 東京都港区赤坂４丁目３-６ ヒューリック赤坂一ツ木通ビル 3階,https://mittness.jp/shop-akasaka/?utm_source=google&utm_medium=map&utm_campaign=akasaka,03-6277-7791,,0,5,3,85,S優先度記事×3|複数記事候補×5,ChIJVbRkXH-MGGARV9_313t_vB0,MITTNESS赤坂店,4.8,74.0,〒107-0052 東京都港区赤坂４丁目３−６ 一ツ木通ビル 3階,0.194,OK,女性専用フィットネスジム ミットネス 赤坂店 東京都港区赤坂
ノアスタジオ 赤坂店,〒107-0052 東京都港区赤坂３丁目１３-１２ 受付は隣のビル2Fとなります,https://www.noahstudio.jp/shop/akasaka/,03-3589-6211,,0,5,3,85,S優先度記事×3|複数記事候補×5,ChIJu6hQNIeLGGARf5rRIjgFNvg,サウンドスタジオノア 赤坂店,4.7,173.0,〒107-0052 東京都港区赤坂３丁目１３−１１,0.636,OK,ノアスタジオ 赤坂店 東京都港区赤坂
新宿御苑前スタジオ,〒160-0022 東京都新宿区新宿１丁目１３-１２ FIRST bldg 地下1階 FIRST Bldg.,https://www.studio-barbie.jp/06/,03-6822-3000,,0,5,3,85,S優先度記事×3|複数記事候補×5,ChIJT1Kw6sKMGGARcvUxgOmx2_U,御苑スタジオ,4.1,45.0,〒160-0022 東京都新宿区新宿１丁目１５−７ 御苑ハイツ,0.8,OK,新宿御苑前スタジオ 東京都新宿区新宿
新宿・大久保マイックル,〒169-0073 東京都新宿区百人町１丁目１９-２３,http://maikkuru.com/,03-5937-2345,,0,5,3,85,S優先度記事×3|複数記事候補×5,ChIJ21-2JyyNGGARvniybg2LD80,新宿・大久保マイックル,5.0,1.0,〒169-0073 東京都新宿区百人町１丁目１９−２３,1.0,OK,新宿・大久保マイックル 東京都新宿区百人町
スタジオハイシー,〒160-0023 東京都新宿区西新宿３丁目２-２７ 第7 7 オーチュー B1階,https://studio-hide-and-seek.co.jp/,,,0,5,3,85,S優先度記事×3|複数記事候補×5,ChIJJcMss3WNGGAReDjG_-ZXlY8,スタジオハイシー,4.0,2.0,〒160-0023 東京都新宿区西新宿３丁目２−２７ 第7 B1階,1.0,OK,スタジオハイシー 東京都新宿区西新宿
スタジオタップ７２,〒150-0002 東京都渋谷区渋谷１丁目９-5 B2F ナスタックビル,http://www.studiotap72.com/,03-3406-0728,,0,5,3,85,S優先度記事×3|複数記事候補×5,ChIJxQ0TkliLGGARCTjRaVlKjkM,スタジオタップ７２,3.0,2.0,〒150-0002 東京都渋谷区渋谷１丁目９−5 B2F ナスタックビル,1.0,OK,スタジオタップ７２ 東京都渋谷区渋谷
Pole and Aerial Studio POLISH六本木,〒106-0032 東京都港区六本木７丁目１２-３,http://www.polish-415.com/,03-5412-2555,,0,5,3,85,S優先度記事×3|複数記事候補×5,ChIJOWZUq3mLGGAR7divxhF0GsQ,Pole and Aerial Studio POLISH六本木,4.8,52.0,〒106-0031 東京都港区西麻布１丁目５−１９ 1F ビル,1.0,OK,Pole and Aerial Studio POLISH六本木 東京都港区六本木
Rinky Dink Studio 中野店,〒164-0001 東京都中野区中野２丁目２５-２ トビタビル ２階,https://rinky.info/studio/nakano/,03-5385-0354,,0,5,3,85,S優先度記事×3|複数記事候補×5,ChIJEXgrDJTyGGARy4nWWYV_3Z4,Rinky Dink Studio 中野店,4.3,60.0,〒164-0001 東京都中野区中野２丁目２５−２ トビタビル ２階,1.0,OK,Rinky Dink Studio 中野店 東京都中野区中野
Rinky Dink Studio お茶の水 神保町店,〒101-0051 東京都千代田区 アイピー第1ビル 6F・7F・8F 神田神保町1-2-12,https://rinky.info/studio/ochanomizu/,03-3294-6909,,0,5,3,85,S優先度記事×3|複数記事候補×5,ChIJbWng3xCMGGARbxQWYAqZh6Q,Rinky Dink Studio お茶の水 神保町店,4.1,74.0,〒101-0051 東京都千代田区神田神保町１丁目 アイピー第1ビル 6F・7F・8F 神田神保町1-2-12,1.0,OK,Rinky Dink Studio お茶の水 神保町店 東京都千代田区 アイピー第1ビル 6F・7F・8F 神田神保町1-2-12
ヒカリババダンスカンパニー,〒171-0031 東京都豊島区目白２丁目１２-４,https://hikaribaba.com/,,,0,5,3,85,S優先度記事×3|複数記事候補×5,ChIJWRlAXTWNGGARaZz8_9-s-oU,ヒカリババダンスカンパニー,,,〒171-0031 東京都豊島区目白２丁目１２−４,1.0,OK,ヒカリババダンスカンパニー 東京都豊島区目白
ミライスタジオ御茶ノ水,〒101-0062 東京都千代田区神田駿河台２丁目４-２,https://studio-mirai55.com/,,,0,5,3,85,S優先度記事×3|複数記事候補×5,ChIJObF3Bu-NGGARAjOCtw_RwYw,ミライスタジオ御茶ノ水,4.4,7.0,〒101-0062 東京都千代田区神田駿河台２丁目４−２,1.0,OK,ミライスタジオ御茶ノ水 東京都千代田区神田駿河台
Hina STUDIO（ヒナスタジオ）【目黒スタジオ】,東京都渋谷区神宮前6-23-11 パークサイドハイツ303,https://hinastudio.jp/,,,0,5,3,85,S優先度記事×3|複数記事候補×5,ChIJZX1gR6WLGGARH5yodrjZrGA,Hina STUDIO（ヒナスタジオ） 目黒,5.0,1.0,〒141-0021 東京都品川区上大崎２丁目１７−４ 美都ビル B1階,0.87,OK,Hina STUDIO（ヒナスタジオ）【目黒スタジオ】 東京都渋谷区神宮前6-23-11 パークサイドハイツ303
レンタルスタジオ HIKARI 東高円寺,〒166-0012 東京都杉並区和田３丁目５９-１０ エレガンス東高円寺 101号室,https://hikari-studio.net/,050-3196-4716,,0,5,3,85,S優先度記事×3|複数記事候補×5,ChIJ5WFHNAXzGGAROtAKOzVIjKc,レンタルスタジオ HIKARI 東高円寺,1.0,1.0,〒166-0012 東京都杉並区和田３丁目５９−１０ 101号室,1.0,OK,レンタルスタジオ HIKARI 東高円寺 東京都杉並区和田
レンタルスタジオ HIKARI 新宿三丁目,〒160-0021 東京都新宿区歌舞伎町２丁目８-１２ グリーンプラザ 203,https://hikari-studio.net/,050-3196-4716,,0,5,3,85,S優先度記事×3|複数記事候補×5,ChIJGUBxKYCNGGAR_yPkT8ofwXw,レンタルスタジオ HIKARI 新宿三丁目,3.0,1.0,〒160-0021 東京都新宿区歌舞伎町２丁目８−１２ グリーンプラザ 203,1.0,OK,レンタルスタジオ HIKARI 新宿三丁目 東京都新宿区歌舞伎町
レンタルスタジオ「Ten（テン）」,〒160-0021 東京都新宿区歌舞伎町２丁目８-１２ 新宿グリーンプラザ 303号,,,,0,5,3,85,S優先度記事×3|複数記事候補×5,ChIJZWKZSdmMGGAR-2bqsy8zaik,レンタルスタジオ「Ten（テン）」,5.0,1.0,〒160-0021 東京都新宿区歌舞伎町２丁目８−１２ 新宿グリーンプラザ 303号,1.0,OK,レンタルスタジオ「Ten（テン）」 東京都新宿区歌舞伎町
スタジオジパング 目白スタジオPRO,〒171-0031 東京都豊島区目白３ 5-13 地下1階,https://studiozipang.com/,,,0,5,3,85,S優先度記事×3|複数記事候補×5,ChIJG8006P7tGGARNE2KtTmC7ao,スタジオジパング 目白スタジオPRO,4.0,3.0,〒171-0031 東京都豊島区目白３丁目５−１３ フジヤビル B1F,1.0,OK,スタジオジパング 目白スタジオPRO 東京都豊島区目白３ 5-13 地下1階
レンタルスタジオSunny 高田馬場1号店,〒169-0075 東京都新宿区高田馬場４丁目１-５ 5F,https://11dance.com/,,,0,5,3,85,S優先度記事×3|複数記事候補×5,ChIJLf14Gi2NGGAR7oKO69uby1U,レンタルスタジオSunny 高田馬場1号店,4.5,40.0,〒169-0075 東京都新宿区高田馬場４丁目１−５ 5F,1.0,OK,レンタルスタジオSunny 高田馬場1号店 東京都新宿区高田馬場
レンタルスタジオ YOGA SPICE 神保町,〒101-0065 東京都千代田区西神田２丁目３-２ 牧ビル 402号室,https://yogaspice.jp/,,,0,5,3,85,S優先度記事×3|複数記事候補×5,ChIJbwCftgKNGGARdUPWLgLVASw,レンタルスタジオ YOGA SPICE 神保町,5.0,2.0,〒101-0065 東京都千代田区西神田２丁目３−２ 牧ビル 402号室,1.0,OK,レンタルスタジオ YOGA SPICE 神保町 東京都千代田区西神田
EyeCandyポールダンス秋葉原スタジオ,〒101-0021 東京都千代田区外神田２丁目１-１３,http://www.eyecandypole.com/,03-3525-4890,,0,5,3,85,S優先度記事×3|複数記事候補×5,ChIJVVWScByMGGAR2wqIlUMaJDo,EyeCandyポールダンス秋葉原スタジオ,4.9,51.0,〒101-0021 東京都千代田区外神田２丁目１−１３,1.0,OK,EyeCandyポールダンス秋葉原スタジオ 東京都千代田区外神田
演劇稽古場ファンファーレレンタルスタジオ高田馬場,〒169-0075 東京都新宿区高田馬場１丁目２１-４ 第５三池ビル B１F,https://atelier-fanfare.jp/,03-6205-9436,,0,5,3,85,S優先度記事×3|複数記事候補×5,ChIJT7k3VACNGGARUkJP3p1teWw,ファンファーレスタジオ高田馬場,3.3,3.0,〒169-0075 東京都新宿区高田馬場１丁目２１−４ 第５三池ビル B1、B2,0.769,OK,演劇稽古場ファンファーレレンタルスタジオ高田馬場 東京都新宿区高田馬場
DＡNCE Studio LEON 多目的スタジオ レオン,〒160-0022 東京都新宿区新宿５丁目１７-６ 201,http://lilly-company.com/,090-9101-3317,,0,5,3,85,S優先度記事×3|複数記事候補×5,ChIJR_BuGCKNGGARRdc18YsRmwM,DANCE Studio LEON 多目的スタジオ レオン,,,〒160-0022 東京都新宿区新宿５丁目１７−６ 201,1.0,OK,DＡNCE Studio LEON 多目的スタジオ レオン 東京都新宿区新宿
渡辺雅子フラメンコラコンチャ,〒160-0022 東京都新宿区新宿２丁目１-３ 1F,https://www.masako-watanabe.net/,090-6659-1031,,0,5,3,85,S優先度記事×3|複数記事候補×5,ChIJfRWtcaaNGGARjSoTZVI5BKA,渡辺雅子フラメンコラコンチャ,,,〒160-0022 東京都新宿区新宿２丁目１−３ 1F,1.0,OK,渡辺雅子フラメンコラコンチャ 東京都新宿区新宿
アクセ・スタジオ,〒169-0075 東京都新宿区高田馬場４丁目１-７,http://accestudio.com/,03-3371-5222,,0,5,3,85,S優先度記事×3|複数記事候補×5,ChIJRfdlFjqNGGARfE7209GqZ_c,アクセ・スタジオ,3.8,5.0,〒169-0075 東京都新宿区高田馬場４丁目１−７,1.0,OK,アクセ・スタジオ 東京都新宿区高田馬場
レンタルスペース「301」,〒160-0021 東京都新宿区歌舞伎町２丁目８-１２ 新宿グリーンプラザ 301号,,,,0,5,3,85,S優先度記事×3|複数記事候補×5,ChIJEyLtsMyNGGARAQsRcSRxDCU,レンタルスペース「301」,5.0,1.0,〒160-0021 東京都新宿区歌舞伎町２丁目８−１２ 新宿グリーンプラザ 301号,1.0,OK,レンタルスペース「301」 東京都新宿区歌舞伎町
Studio.m 新宿レンタルスタジオ,〒160-0022 東京都新宿区新宿５丁目１５?号２ 池与ビル ２０３,https://studioaqua88.wixsite.com/my-site,,,0,5,3,85,S優先度記事×3|複数記事候補×5,ChIJiaL_DdyMGGARfJl4JtpXlm0,Studio.m 新宿レンタルスタジオ,,,〒160-0022 東京都新宿区新宿５丁目１５−号２ ２０３,1.0,OK,Studio.m 新宿レンタルスタジオ 東京都新宿区新宿
STUDIOFLAG高田馬場2号店,〒169-0075 東京都新宿区高田馬場２丁目１１-１ YOKE2ビル 地下1F,https://studioflaginfo.com/,03-6823-1404,,0,5,3,85,S優先度記事×3|複数記事候補×5,ChIJpXBqKC2NGGARXXBiP_fMknA,STUDIOFLAG高田馬場2号店｜レンタルスタジオ,5.0,3.0,〒169-0075 東京都新宿区高田馬場２丁目１１−１ YOKE2ビル 地下1F,0.791,OK,STUDIOFLAG高田馬場2号店 東京都新宿区高田馬場
BUZZ レンタルスタジオ赤坂店,〒107-0052 東京都港区赤坂２丁目１３-２０ Tsumugi ビル,,,,0,5,3,85,S優先度記事×3|複数記事候補×5,ChIJ2_V0kG-LGGARj8CecSkq74s,BUZZ赤坂,4.0,20.0,〒107-0052 東京都港区赤坂２丁目１３−２０ BUZZ Bldg,0.571,OK,BUZZ レンタルスタジオ赤坂店 東京都港区赤坂
たにどうダンスワールド,〒107-0052 東京都港区赤坂３丁目９-４ 赤坂扇やビル 4階,http://www.tanido-dance.com/,03-3583-1788,,0,5,3,85,S優先度記事×3|複数記事候補×5,ChIJH_pPxH6MGGARoGOmsgxE0aw,たにどうダンスワールド,4.9,9.0,〒107-0052 東京都港区赤坂３丁目９−４ 赤坂扇やビル 4階,1.0,OK,たにどうダンスワールド 東京都港区赤坂
セミナールーム茅場町 Co-Edo 3F 貸会議室,〒104-0033 東京都中央区新川１丁目３-４ ＰＡビル3F,https://seminar.coworking.tokyo.jp/,03-5542-0470,,0,5,3,85,S優先度記事×3|複数記事候補×5,ChIJv5hHX1uJGGAR4LYvM_Q2FCo,セミナールーム茅場町 Co-Edo 3F 貸会議室,3.3,4.0,〒104-0033 東京都中央区新川１丁目３−４ ＰＡビル3F,1.0,OK,セミナールーム茅場町 Co-Edo 3F 貸会議室 東京都中央区新川
Dubwayレンタルスタジオ大久保,東京都新宿区百人町3-15-8,,,https://dance-studio-lab.com/room/YTIzMjllOTEtNzlhMy00YjBiLTgwMDctMGNhMDNkOTgwNDFh/detail,1,3,1,85,提携スタジオ|S優先度記事×1|複数記事候補×3,ChIJiU3q4XGNGGAR1jXfZQMbpIk,Dubwayレンタルダンス大久保,2.0,1.0,"B1, ３丁目-１５-8 百人町 新宿区 東京都 169-0073",0.848,OK,Dubwayレンタルスタジオ大久保 東京都新宿区百人町3-15-8
モダミカ アートプラザ,〒169-0075 東京都新宿区高田馬場１丁目３４-１２,http://www.modamica.jp/,03-3200-8939,,0,5,3,85,S優先度記事×3|複数記事候補×5,ChIJP9JceTmNGGARoCLfPGmBUyY,モダミカ アートプラザ,4.3,4.0,〒169-0075 東京都新宿区高田馬場１丁目３４−１２,1.0,OK,モダミカ アートプラザ 東京都新宿区高田馬場
モダン出版株式会社,〒113-0034 東京都文京区湯島３丁目１２-１１,https://www.danceview.co.jp/,03-5812-1055,,0,5,3,85,S優先度記事×3|複数記事候補×5,ChIJW59oVh-MGGARhrEYkBRIlUU,モダン出版株式会社,3.7,3.0,〒113-0034 東京都文京区湯島３丁目１２−１１,1.0,OK,モダン出版株式会社 東京都文京区湯島
FLASHスタジオ,〒150-0002 東京都渋谷区渋谷１丁目１０-２ グローリア宮益坂III 東館 3F,https://www.flash-studio.tokyo/,,,0,5,3,85,S優先度記事×3|複数記事候補×5,ChIJeZvtQjuLGGAR5E25xOVrZ7Y,FLASHスタジオ,5.0,1.0,〒150-0002 東京都渋谷区渋谷１丁目１０−２ グローリア宮益坂III 東館 3F,1.0,OK,FLASHスタジオ 東京都渋谷区渋谷
神楽坂バレエクラス,〒162-0825 東京都新宿区神楽坂３丁目２,http://kagurazaka-ballet.com/,090-9845-9695,,0,5,3,85,S優先度記事×3|複数記事候補×5,ChIJk6li0EuNGGARjXUMD_cj9Nk,神楽坂バレエクラス,3.8,4.0,〒162-0825 東京都新宿区神楽坂３丁目２,1.0,OK,神楽坂バレエクラス 東京都新宿区神楽坂
中野ロフトスタジオ～nakano f～,〒164-0001 東京都中野区中野５丁目４６-１０,https://nakanof.jp/,03-6276-3917,,0,5,3,85,S優先度記事×3|複数記事候補×5,ChIJl6Pr4ZbyGGARXRLXIUd2soI,レンタルスタジオ＆スペース nakano f,3.9,40.0,〒164-0001 東京都中野区中野５丁目４６−１０ Ｊ’Ｓコート 1階・2階,0.579,OK,中野ロフトスタジオ～nakano f～ 東京都中野区中野
ZITA アルゼンチンタンゴ,"Tokyo, 塚原ビル 4F, ２丁目-２７-２ 上大崎 品川区 東京都 141-0021",https://www.laestacion.jp/,080-6660-6864,,0,5,3,85,S優先度記事×3|複数記事候補×5,ChIJAQA8PBmLGGARrUIMlnbi3GI,ZITA アルゼンチンタンゴ,4.3,20.0,"塚原ビル 4F, ２丁目-２７-2 上大崎 品川区 東京都 141-0021",1.0,OK,"ZITA アルゼンチンタンゴ Tokyo, 塚原ビル 4F,"
高円寺・中野レンタルダンススタジオEmotions,〒166-0002 東京都杉並区高円寺北１丁目３-２,https://studio-emotions.com/,03-6382-5933,,0,5,3,85,S優先度記事×3|複数記事候補×5,ChIJYZ8gqojyGGAR3vW-vsMQJdU,高円寺・中野レンタルダンススタジオ - EMOTIONS,4.3,10.0,〒166-0002 東京都杉並区高円寺北１丁目３−２,1.0,OK,高円寺・中野レンタルダンススタジオEmotions 東京都杉並区高円寺北
中野 レンタルスタジオ オドリバ,〒164-0001 東京都中野区中野５丁目３２-６ 中野城西ビル B-7号室,https://nakano-odoriba.com/,,,0,5,3,85,S優先度記事×3|複数記事候補×5,ChIJAdEgIb_zGGARKKe68JFQG1E,中野 レンタルスタジオ オドリバ,5.0,2.0,〒164-0001 東京都中野区中野５丁目３２−６ B-7号室,1.0,OK,中野 レンタルスタジオ オドリバ 東京都中野区中野
スタジオジパング 新宿スタジオPRO,"ニューローレルビル ニューローレルビル地下1階, １丁目-３４-１１ 新宿 新宿区 東京都 160-0022",https://studiozipang.com/,,,0,5,3,85,S優先度記事×3|複数記事候補×5,ChIJxwP-St2MGGARuKDcBy3Xik8,スタジオジパング 新宿スタジオPRO,4.0,21.0,"ニューローレルビル 地下1階, １丁目-３４-11 新宿 新宿区 東京都 160-0022",1.0,OK,"スタジオジパング 新宿スタジオPRO ニューローレルビル ニューローレルビル地下1階,"
高円寺フェニックススタジオ,〒166-0003 東京都杉並区５３ 高円寺南2-53-1 FLAT・KOU1階,http://phoenix.studiosquare.jp/,03-5822-4050,,0,5,3,85,S優先度記事×3|複数記事候補×5,ChIJYz68KUbuGGARvaEAMrRdhMs,高円寺フェニックススタジオ,3.0,1.0,〒166-0003 東京都杉並区高円寺南２丁目５３−１ FLAT・KOU1階,1.0,OK,高円寺フェニックススタジオ 東京都杉並区５３ 高円寺南2-53-1 FLAT・KOU1階
高田馬場 ペガサス,〒171-0033 東京都豊島区高田３丁目１３-８ 吉見ビル 2F,https://pegasus.studiosquare.jp/,03-5822-4050,,0,5,3,85,S優先度記事×3|複数記事候補×5,ChIJFyY8xDiNGGARqRWPzko6dQ8,高田馬場 ペガサス,3.3,3.0,〒171-0033 東京都豊島区高田３丁目１３−８ 吉見ビル 2F,1.0,OK,高田馬場 ペガサス 東京都豊島区高田
studio arty 高田馬場,〒169-0075 東京都新宿区高田馬場３丁目５-３ 第90東京ビル ２F,https://studio-arty.com/,080-1252-3188,,0,5,3,85,S優先度記事×3|複数記事候補×5,ChIJleexUYWNGGARaWLNgq9PhC8,studio arty 高田馬場,4.2,11.0,〒169-0075 東京都新宿区高田馬場３丁目５−３ 第90東京ビル ２F,1.0,OK,studio arty 高田馬場 東京都新宿区高田馬場
六本木 フォルトゥーナ,〒106-0032 東京都港区六本木７丁目１２-２３ フォルトゥーナビル 3A,https://roppongi.studiosquare.jp/,03-5822-4050,,0,5,3,85,S優先度記事×3|複数記事候補×5,ChIJbReqqnmLGGARiPjBdJILXdM,六本木 フォルトゥーナ,5.0,2.0,〒106-0032 東京都港区六本木７丁目１２−２３ フォルトゥーナビル 3A,1.0,OK,六本木 フォルトゥーナ 東京都港区六本木
六本木 レンタルスタジオ 十五夜,〒106-0032 東京都港区六本木５丁目１０-３２ 第一アイトービル別館2F,https://jugoya.studiosquare.jp/,03-5822-4050,,0,5,3,85,S優先度記事×3|複数記事候補×5,ChIJJ-9tkZ2LGGARBFB6BgpZNPc,六本木 レンタルスタジオ 十五夜,5.0,5.0,〒106-0032 東京都港区六本木３丁目６−１４ 六本木不動坂ビル B1F,1.0,OK,六本木 レンタルスタジオ 十五夜 東京都港区六本木
"マイレッスン 新宿A,Bスタジオ",〒160-0022 東京都新宿区新宿１丁目１３-１２,http://www.my-lesson.jp/,,,0,5,3,85,S優先度記事×3|複数記事候補×5,ChIJYf0D1-mMGGARkXMpEJX-GyY,"マイレッスン 新宿A,Bスタジオ",3.9,8.0,〒160-0022 東京都新宿区新宿１丁目１３−１２,1.0,OK,"マイレッスン 新宿A,Bスタジオ 東京都新宿区新宿"
ベストスタジオ中野,〒164-0001 東京都中野区中野５丁目４６ 9ABCハウス 101,https://beststudio.jp/,,,0,5,3,85,S優先度記事×3|複数記事候補×5,ChIJ6yiDi-zzGGARwKuy82_KGZI,ベストスタジオ中野,,,〒164-0001 東京都中野区中野５丁目４６−４６ 9ABCハウス 101,1.0,OK,ベストスタジオ中野 東京都中野区中野
ＴＲＢタップダンススタジオ,〒101-0032 東京都千代田区岩本町１丁目１-６,http://trbtap.com/,03-3861-5144,,0,4,3,80,S優先度記事×3|複数記事候補×4,ChIJ3ziFGauOGGARWh3_s-LjEbA,ＴＲＢタップダンススタジオ,5.0,1.0,〒101-0032 東京都千代田区岩本町１丁目１−６,1.0,OK,ＴＲＢタップダンススタジオ 東京都千代田区岩本町
蒲田COZYレンタルダンススタジオ,〒144-0052 東京都大田区蒲田５丁目６-１２ イワシタビル 2F,https://cozy.studiosquare.jp/,03-5822-4050,,0,5,2,80,S優先度記事×2|複数記事候補×5|候補少記事に出現,ChIJJ833p1tgGGARHfWvSeDKYHg,蒲田COZYレンタルダンススタジオ,4.7,3.0,〒144-0052 東京都大田区蒲田５丁目６−１２ イワシタビル 2F,1.0,OK,蒲田COZYレンタルダンススタジオ 東京都大田区蒲田
レンタルスタジオ/ステップ東村山１号店,〒189-0013 東京都東村山市栄町１丁目３-３２ ビュー久米川 201号室,https://tokyo-step.space/,080-6885-7536,,0,5,2,80,S優先度記事×2|複数記事候補×5|候補少記事に出現,ChIJRSXJZgjnGGAR9ExKGODB294,Step 東村山・久米川駅前スタジオ,4.9,7.0,〒189-0013 東京都東村山市栄町１丁目３−３２ ビュー久米川 201号室,0.229,OK,レンタルスタジオ/ステップ東村山１号店 東京都東村山市栄町
ダンススクエア 葛西スタジオ,〒134-0084 東京都江戸川区東葛西６丁目２-１０ 森ビル 7階,http://d-s-u-s.com/,,,0,5,2,80,S優先度記事×2|複数記事候補×5|候補少記事に出現,ChIJZ60l5_KHGGARTXdpmzQ3MBs,ダンススクエア 葛西スタジオ,5.0,1.0,〒134-0084 東京都江戸川区東葛西６丁目２−１０ 森ビル 7階,1.0,OK,ダンススクエア 葛西スタジオ 東京都江戸川区東葛西
ダンススタジオ ファンデーション 東中野落合校,〒164-0003 東京都中野区東中野３丁目１６-１４ 小谷ビル １Ｆ,http://www.fun-d-tion.net/,03-3362-2688,,0,4,3,80,S優先度記事×3|複数記事候補×4,ChIJVVX5grfyGGARi4fjA1PDesI,ダンススタジオ ファンデーション 東中野落合校,4.8,6.0,〒164-0003 東京都中野区東中野３丁目１６−１４ 小谷ビル １Ｆ,1.0,OK,ダンススタジオ ファンデーション 東中野落合校 東京都中野区東中野
BUZZ レンタルスタジオ 秋葉原店,〒101-0032 東京都千代田区岩本町２丁目６-１２ 曙ビル B1,,,,0,4,3,80,S優先度記事×3|複数記事候補×4,ChIJJxbVmTSPGGARbKdB1GHvEgI,BUZZ秋葉原,3.8,17.0,〒101-0032 東京都千代田区岩本町２丁目６−１２ 曙ビル B1,0.609,OK,BUZZ レンタルスタジオ 秋葉原店 東京都千代田区岩本町
レンタルスタジオ/ステップ東村山２号店,〒189-0013 東京都東村山市栄町１丁目10-２３,https://tokyo-step.space/,080-6885-7536,,0,5,2,80,S優先度記事×2|複数記事候補×5|候補少記事に出現,ChIJRSXJZgjnGGAR9ExKGODB294,Step 東村山・久米川駅前スタジオ,4.9,7.0,〒189-0013 東京都東村山市栄町１丁目３−３２ ビュー久米川 201号室,0.229,OK,レンタルスタジオ/ステップ東村山２号店 東京都東村山市栄町
スタジオ阿弥陀,〒110-0004 東京都台東区下谷１丁目８-２０ 長松寺,http://www7b.biglobe.ne.jp/~matte/index.html,03-3844-5949,,0,4,3,80,S優先度記事×3|複数記事候補×4,ChIJZVOHupqOGGAR9ta36nrZ9Uo,スタジオ阿弥陀,3.9,32.0,〒110-0004 東京都台東区下谷１丁目８−２０ 長松寺,1.0,OK,スタジオ阿弥陀 東京都台東区下谷
スタジオ階梯-空-,〒171-0052 東京都豊島区南長崎５丁目１４-２ ヤマザキビル 地下1階,https://studio-kaitei.e-w-arts.biz/,03-5906-5588,,0,4,3,80,S優先度記事×3|複数記事候補×4,ChIJq6r62FbtGGARj1xrz97lBpc,スタジオ階梯-空-,5.0,2.0,〒171-0052 東京都豊島区南長崎５丁目１４−２ ヤマザキビル 地下1階,1.0,OK,スタジオ階梯-空- 東京都豊島区南長崎
ダンスカレッジ古都,〒171-0042 東京都豊島区高松１丁目６-２,https://www.dance-koto.com/,03-5926-9355,,0,4,3,80,S優先度記事×3|複数記事候補×4,ChIJ9SRvBamSGGARHy_vvt7n-T0,ダンスカレッジ古都,5.0,6.0,〒171-0042 東京都豊島区高松１丁目６−２,1.0,OK,ダンスカレッジ古都 東京都豊島区高松
レンタルスタジオ マイレッスン 立川店,〒190-0023 東京都立川市柴崎町２丁目６-３ まるごビル,https://www.my-lesson.jp/,,,0,5,2,80,S優先度記事×2|複数記事候補×5|候補少記事に出現,ChIJnaBMAb7hGGARodt9tZGjwJU,レンタルスタジオ マイレッスン 立川店,4.6,5.0,〒190-0023 東京都立川市柴崎町２丁目６−３ まるごビル B１,1.0,OK,レンタルスタジオ マイレッスン 立川店 東京都立川市柴崎町
レンタルスタジオ モエギ市ヶ谷 ヨガダンスストレッチサロン Moegi市ヶ谷,〒102-0073 東京都千代田区九段北４丁目１-１５ MT市ヶ谷 201,https://upnow.jp/fukufuku-meetingroom,,,0,4,3,80,S優先度記事×3|複数記事候補×4,ChIJ91CX-Arn0y8RRhaf9zn1SRA,レンタルスタジオ モエギ市ヶ谷 ヨガダンスストレッチサロン Moegi市ヶ谷,5.0,3.0,〒102-0073 東京都千代田区九段北４丁目１−１５ MT市ヶ谷 201,1.0,OK,レンタルスタジオ モエギ市ヶ谷 ヨガダンスストレッチサロン Moegi市ヶ谷 東京都千代田区九段北
Studio Sun-Sea,〒124-0006 東京都葛飾区堀切４丁目１１-２ 堀学ビル 302号室,https://studiorentalspace-sun-sea.com/,,,0,5,2,80,S優先度記事×2|複数記事候補×5|候補少記事に出現,ChIJEVVf-RGPGGAREH-fvlyCdNA,Studio Sun-Sea,4.9,14.0,〒124-0006 東京都葛飾区堀切４丁目１１−２ 堀学ビル 302号室,1.0,OK,Studio Sun-Sea 東京都葛飾区堀切
TRINITY DANCE CENTER桜上水校,〒168-0073 東京都杉並区下高井戸１丁目１８-１６ 桜上水ビル 1F KORG,https://tdc-kids.com/,03-6379-3817,,0,4,3,80,S優先度記事×3|複数記事候補×4,ChIJk2x-_RfzGGARt0BUX73H4HQ,TRINITY DANCE CENTER桜上水校,5.0,1.0,〒168-0073 東京都杉並区下高井戸１丁目１８−１６ 桜上水ビル 1F KORG,1.0,OK,TRINITY DANCE CENTER桜上水校 東京都杉並区下高井戸
U210 【立川レンタルダンススタジオ】,〒190-0022 東京都立川市錦町２丁目２-２８ ＹＳ立川第二ビル １階,https://www.studiou210.com/,070-6484-1881,,0,5,2,80,S優先度記事×2|複数記事候補×5|候補少記事に出現,ChIJ6fvgsHzhGGARRzzEhjXWl-o,U210 【立川レンタルダンススタジオ】,3.5,2.0,〒190-0022 東京都立川市錦町２丁目２−２８ ＹＳ立川第二ビル １階,1.0,OK,U210 【立川レンタルダンススタジオ】 東京都立川市錦町
Tap Dance Company Freiheit,〒185-0011 東京都国分寺市本多１丁目１-２０ Cross Stair B,https://www.tdc-freiheit.com/,042-307-8733,,0,5,2,80,S優先度記事×2|複数記事候補×5|候補少記事に出現,ChIJg8E5qTXkGGARs0nhvorwaAI,Tap Dance Company Freiheit,4.5,11.0,〒185-0011 東京都国分寺市本多１丁目１−２０ Cross Stair B,1.0,OK,Tap Dance Company Freiheit 東京都国分寺市本多
個室レンタルジム AllDayGym 松陰神社店,〒154-0023 東京都世田谷区若林４丁目１７-１２ プルミエール松陰神社 202,https://www.all-day-gym.com/,,,0,4,3,80,S優先度記事×3|複数記事候補×4,ChIJq-e2rYbzGGAR6ccRv_mijI0,レンタルジムAlldaygym 世田谷 松陰神社店,4.9,14.0,〒154-0023 東京都世田谷区若林４丁目１７−１２ プルミエール松陰神社 202,0.889,OK,個室レンタルジム AllDayGym 松陰神社店 東京都世田谷区若林
レンタルスタジオ スタジオザルツ,〒157-0065 東京都世田谷区上祖師谷１丁目３６-５ ル・クレール 地下一階,https://studio-salz.com/chitokara/,,,0,4,3,80,S優先度記事×3|複数記事候補×4,ChIJjQTMdMTxGGARtO_e9ncPCn8,レンタルスタジオ スタジオザルツ,2.0,1.0,〒157-0065 東京都世田谷区上祖師谷１丁目３６−５ ル・クレール 地下一階,1.0,OK,レンタルスタジオ スタジオザルツ 東京都世田谷区上祖師谷
レンタルスタジオ STUDIO ZERO 町田ターミナル口店,〒194-0013 東京都町田市原町田４丁目７-３ 内藤ビル 地下1階B5号室,https://zero-studio.jp/machida/,050-3205-1194,,0,5,2,80,S優先度記事×2|複数記事候補×5|候補少記事に出現,ChIJDZGSLlj5GGARoCKJ3J_PuwQ,レンタルスタジオ STUDIO ZERO 町田ターミナル口店,4.6,92.0,〒194-0013 東京都町田市原町田４丁目７−３ 内藤ビル 地下1階B5号室,1.0,OK,レンタルスタジオ STUDIO ZERO 町田ターミナル口店 東京都町田市原町田
FLAG POINT,〒171-0043 東京都豊島区２１ 豊島区要町1丁目21-10 三井ビル2F,http://www.flag-point.com/,03-5926-7813,,0,4,3,80,S優先度記事×3|複数記事候補×4,ChIJZ58KCNOTGGAR6Vr_8r50bBI,FLAG POINT,5.0,2.0,〒171-0043 東京都豊島区要町１丁目２１ 豊島区要町1丁目21-10 三井ビル2F,1.0,OK,FLAG POINT 東京都豊島区２１ 豊島区要町
BillionDance,〒542-0084 大阪府大阪市中央区宗右衛門町１-２７ ゴールドウッズミッテラビルB1F,https://sites.google.com/view/billiondance/,080-6313-7665,,0,4,3,80,S優先度記事×3|複数記事候補×4,ChIJg2iDqivnAGARLw7rBEFY86A,BillionDance,3.0,2.0,〒542-0084 大阪府大阪市中央区宗右衛門町１−２７ ゴールドウッズミッテラビルB1F,1.0,OK,BillionDance 大阪府大阪市中央区宗右衛門町１-２７ ゴールドウッズミッテラビルB1F
レンタルスタジオ アーマーズピンクドア,〒171-0051 東京都豊島区長崎４丁目９-５ 地下1階 フェイマスショップビル,http://planet-hand.com/,03-5964-0032,,0,4,3,80,S優先度記事×3|複数記事候補×4,ChIJGyKFAqLtGGARzs7zzHdJs6Y,レンタルスタジオ アーマーズピンクドア,4.0,2.0,〒171-0051 東京都豊島区長崎４丁目９−５ フェイマスショップビル 地下1階,1.0,OK,レンタルスタジオ アーマーズピンクドア 東京都豊島区長崎
タップダンススタジオ,〒153-0051 東京都目黒区上目黒１丁目５-１０ 中目黒マンションB1F?10号室,https://www.instagram.com/kaztapstudio?igsh=MXNhdG1rOG81OGUwNw%3D%3D&utm_source=qr,03-6906-6076,,0,4,3,80,S優先度記事×3|複数記事候補×4,ChIJvaasl0iLGGARvlfC3LOk1dk,KAZ TAP STUDIO TOKYO タップダンススタジオ,,,〒153-0051 東京都目黒区上目黒１丁目５−１０ B1 中目黒マンションB1F−10号室,0.541,OK,タップダンススタジオ 東京都目黒区上目黒
タイムズ東京タワーサイド第２,〒105-0011 東京都港区芝公園４丁目４,https://times-info.net/P13-tokyo/C103/park-detail-BUK0032408/?utm_source=detail&utm_medium=map&utm_campaign=mybusiness,,,0,5,2,80,S優先度記事×2|複数記事候補×5|候補少記事に出現,ChIJrxFnb72LGGARvKFdymQ96Vk,タイムズ東京タワーサイド第２,3.4,18.0,〒105-0011 東京都港区芝公園４丁目４−４,1.0,OK,タイムズ東京タワーサイド第２ 東京都港区芝公園
magari 中野坂上スタジオ,〒164-0011 東京都中野区中央１丁目１-３ 新都心中央ビル B1,https://cafe-magari.com/,070-6630-7215,,0,4,3,80,S優先度記事×3|複数記事候補×4,ChIJOTjh1xLzGGARUbKpUyg4C_0,magari 中野坂上スタジオ,3.0,1.0,〒164-0011 東京都中野区中央１丁目１−３ 新都心中央ビル B1,1.0,OK,magari 中野坂上スタジオ 東京都中野区中央
ノアスタジオ 池袋店,〒170-0013 東京都豊島区東池袋１丁目３０-６ B1F-B2F,https://www.noahstudio.jp/shop/ikebukuro/,,,0,4,3,80,S優先度記事×3|複数記事候補×4,ChIJ17NRhT6NGGAR8_DoEymifcY,ノアスタジオ 池袋店（ANNEX池袋店）,4.4,22.0,〒170-0013 東京都豊島区東池袋１丁目３０−６ B1F-B2F,0.643,OK,ノアスタジオ 池袋店 東京都豊島区東池袋
Studio ROZE (スタジオロゼ） レンタルスタジオ ヨガスタジオ 整体サロン 池袋 安い,〒171-0014 東京都豊島区池袋２丁目１１-９ 安藤ビル 305,https://www.instabase.jp/space/9053717528,090-9101-7296,,0,4,3,80,S優先度記事×3|複数記事候補×4,ChIJS4ZDqG6NGGARG6UBaTYojf4,Studio ROZE (スタジオロゼ）,4.3,3.0,〒171-0014 東京都豊島区池袋２丁目１１−９ 305,0.61,OK,Studio ROZE (スタジオロゼ） レンタルスタジオ ヨガスタジオ 整体サロン 池袋 安い 東京都豊島区池袋
"in the house / Hatagaya ""Shack""",〒101 東京都渋谷区幡ケ谷２丁目８-１５ JP 151-0072 KODAビル B1F,https://inthehouse.tokyo/hatagaya/,,,0,4,3,80,S優先度記事×3|複数記事候補×4,ChIJI_lvUbzzGGAR6IQu6U06kYk,"in the house / Hatagaya ""Shack""",4.5,6.0,〒101-0072 東京都渋谷区幡ケ谷２丁目８−１５ ｢ＫＯＤＡビル幡ヶ谷 B1F｣,1.0,OK,"in the house / Hatagaya ""Shack"" 〒101 東京都渋谷区幡ケ谷"
studio worcle shinjuku-gyoen,〒160-0004 東京都新宿区四谷４丁目３２-４ B1 B2,http://www.studioworcle.com/gyoen/,03-6273-1270,,0,4,3,80,S優先度記事×3|複数記事候補×4,ChIJNekPE-mMGGARFoTu30V2oQU,studio worcle shinjuku-gyoen,3.6,30.0,〒160-0004 東京都新宿区四谷４丁目３２−４ B1 B2,1.0,OK,studio worcle shinjuku-gyoen 東京都新宿区四谷
studio RhythMoon（スタジオ・リズムーン）,〒167-0022 東京都杉並区下井草５丁目１６-９,http://www.studiorhythmoon.com/,,,0,4,3,80,S優先度記事×3|複数記事候補×4,ChIJBYbYwNvtGGARnAXm73ZSSY0,studio RhythMoon（スタジオ・リズムーン）,4.6,5.0,〒167-0022 東京都杉並区下井草５丁目１６−９,1.0,OK,studio RhythMoon（スタジオ・リズムーン） 東京都杉並区下井草
三鷹レンタルスタジオRin,〒181-0013 東京都三鷹市下連雀３丁目２３-１２ アージェントビル 402,https://dance-studio-rin.com/,,,0,5,2,80,S優先度記事×2|複数記事候補×5|候補少記事に出現,ChIJb7SJCg3vGGAR0FAYMcm58_8,三鷹レンタルスタジオRin,5.0,8.0,〒181-0013 東京都三鷹市下連雀３丁目２３−１２ アージェントビル 402,1.0,OK,三鷹レンタルスタジオRin 東京都三鷹市下連雀
studio SLASH,〒151-0064 東京都渋谷区上原１丁目２１-１０ B1,http://slash-jpn.com/studio/,,,0,4,3,80,S優先度記事×3|複数記事候補×4,ChIJxbAF9EjzGGARhIhFwofVL_o,studio SLASH,3.7,3.0,〒151-0064 東京都渋谷区上原１丁目２１−１０ B1,1.0,OK,studio SLASH 東京都渋谷区上原
国分寺 プレイス レンタルスタジオ,〒185-0021 東京都国分寺市南町３丁目３-２０ ロイヤルプレイス南町 B1,https://kokubunji.studiosquare.jp/,03-5822-4050,,0,5,2,80,S優先度記事×2|複数記事候補×5|候補少記事に出現,ChIJJX69P0jkGGAR9k0wzpiq-tk,国分寺 プレイス レンタルスタジオ,3.0,3.0,〒185-0021 東京都国分寺市南町３丁目３−２０ ロイヤルプレイス南町 B1,1.0,OK,国分寺 プレイス レンタルスタジオ 東京都国分寺市南町
大人バレエMiho Ballet Arts下高井戸,〒168-0073 東京都杉並区下高井戸１丁目２-１３ 山口ビル 杉並だんすアトリウム,http://miho-arts.com/,03-6825-2729,,0,4,3,80,S優先度記事×3|複数記事候補×4,ChIJk04vkK7zGGARNeWvQrThy7o,大人バレエMiho Ballet Arts下高井戸,,,〒168-0073 東京都杉並区下高井戸１丁目２−１３ 山口ビル 杉並だんすアトリウム,1.0,OK,大人バレエMiho Ballet Arts下高井戸 東京都杉並区下高井戸
studio 空:k?,〒101-0044 東京都千代田区鍛冶町２丁目５-４ Crea神田ビル,https://www.instabase.jp/space/5734550284?cat=salon,,,0,4,3,80,S優先度記事×3|複数記事候補×4,ChIJO5qIFvyNGGARKGkCGNWNc1I,ATHLETE Studio,5.0,1.0,〒101-0044 東京都千代田区鍛冶町１丁目８−１ SRビル 3F,0.522,OK,studio 空:k? 東京都千代田区鍛冶町
ドリーム・パフェ・スタジオ,〒150-0012 東京都渋谷区広尾５丁目１１-１１ 福地ビル,http://dreamparfait.com/,03-5795-0132,,0,4,3,80,S優先度記事×3|複数記事候補×4,ChIJgf5uWA2LGGAR3p9D4Ha00Xw,ドリーム・パフェ・スタジオ,4.0,3.0,〒150-0012 東京都渋谷区広尾５丁目１１−１１ 福地ビル,1.0,OK,ドリーム・パフェ・スタジオ 東京都渋谷区広尾
石原ダンスクラブ 本店,〒160-0004 東京都新宿区四谷１丁目６-１,http://www.ishiharadance.jp/,03-3357-6383,,0,4,3,80,S優先度記事×3|複数記事候補×4,ChIJZUQ544qMGGARQNLQfa7vR6A,石原ダンスクラブ 本店,4.3,3.0,〒160-0004 東京都新宿区四谷１丁目６−１,1.0,OK,石原ダンスクラブ 本店 東京都新宿区四谷
舞空間ばくdance studio,〒134-0083 東京都江戸川区中葛西中葛西５丁目３４-７ 昭 産 ビル ７F,http://baku-studio.com/,03-6906-8946,,0,5,2,80,S優先度記事×2|複数記事候補×5|候補少記事に出現,ChIJnSrHb_KHGGARNGC3MeklvT8,舞空間ばく Dance studio,5.0,2.0,〒134-0083 東京都江戸川区中葛西５丁目３４−７ 昭産ビル 7階,1.0,OK,舞空間ばくdance studio 東京都江戸川区中葛西中葛西
アックミーエアリアルスタジオ ACME AERIAL STUDIO 36,〒168-0064 東京都杉並区永福４丁目８-１４,https://www.acmejapan54.com/,03-6754-8505,,0,4,3,80,S優先度記事×3|複数記事候補×4,ChIJy5pruDjzGGARlk6FbxiYjww,アックミーエアリアルスタジオ ACME AERIAL STUDIO 36,5.0,9.0,〒168-0064 東京都杉並区永福４丁目８−１４,1.0,OK,アックミーエアリアルスタジオ ACME AERIAL STUDIO 36 東京都杉並区永福
Starnite Dance Studio,〒260-0013 千葉県千葉市中央区中央３丁目４-１７ Gaビル 3F,https://www.starnite-danceschool.com/,043-224-6160,,0,4,3,80,S優先度記事×3|複数記事候補×4,ChIJzfAbosqEImARZWc9bjfCGE4,Starnite Dance Studio,5.0,9.0,〒260-0013 千葉県千葉市中央区中央３丁目４−１７ Gaビル 3F,1.0,OK,Starnite Dance Studio 千葉県千葉市中央区中央
大泉学園ノートル,"練馬区東大泉６丁目ー３４－４５ SKビルⅡ ２階 ３４, ３４ 練馬区 東京都 178-0063",https://oizumi.studiosquare.jp/,03-5822-4050,,0,5,2,80,S優先度記事×2|複数記事候補×5|候補少記事に出現,ChIJ8y9e5cbuGGARWQJ3RRB4T9s,大泉学園ノートル,3.7,3.0,"練馬区東大泉６丁目ー３４－４５ SKビルⅡ ２階 ３４, ６丁目-３４ 東大泉 練馬区 東京都 178-0063",1.0,OK,大泉学園ノートル 練馬区東大泉
すむぞうスタジオ 渋谷公園通りスタジオPINK&BLUE(ピンクアンドブルー),〒150-0042 東京都渋谷区宇田川町１９-５ 山手マンション 604,,,,0,4,3,80,S優先度記事×3|複数記事候補×4,ChIJP2O-XcWNGGARUk-PHqsgmQ4,PINK&BLUE,2.0,2.0,〒150-0042 東京都渋谷区宇田川町１９−５ 山手マンション ６０４,0.383,OK,すむぞうスタジオ 渋谷公園通りスタジオPINK&BLUE(ピンクアンドブルー) 東京都渋谷区宇田川町１９?５ 山手マンション 604
大谷哲章バレエスタジオアプロン,〒164-0011 東京都中野区中央２丁目８-２１,,03-5338-8303,,0,4,3,80,S優先度記事×3|複数記事候補×4,ChIJu9DaBYHzGGAR9hWXR5oOYLg,Alpha Ballet Studio アルファ•バレエ•スタジオ,5.0,3.0,〒164-0013 東京都中野区弥生町１丁目１３−７ ＪＢビル 3階,0.311,OK,大谷哲章バレエスタジオアプロン 東京都中野区中央
天空MURAダンススタジオStudioStyle+,〒160-0023 東京都新宿区西新宿６丁目１２-１６,https://studiostyle.jp/tenku-dance-studio/,090-8306-7493,,0,4,3,80,S優先度記事×3|複数記事候補×4,ChIJS-AKCNXyGGAR2ZH3_YgL6GQ,天空MURAダンススタジオStudioStyle+,3.3,3.0,〒160-0023 東京都新宿区西新宿６丁目１２−１６,1.0,OK,天空MURAダンススタジオStudioStyle+ 東京都新宿区西新宿
TBY-studio,〒171-0014 東京都豊島区池袋２丁目３６-２,http://tby-studio.com/,03-3985-6777,,0,4,3,80,S優先度記事×3|複数記事候補×4,ChIJdQP23F6NGGARc9VDQIODZlk,TBY-studio,3.9,29.0,〒171-0014 東京都豊島区池袋２丁目３６−２,1.0,OK,TBY-studio 東京都豊島区池袋
Zsa Zsa Zsu Dance Studio ザザズ,〒112-0014 東京都文京区関口１丁目４８-５ 第２榎本ビル 2階,https://zsazsazsu-studio.com/,03-5579-2424,,0,5,2,80,S優先度記事×2|複数記事候補×5|候補少記事に出現,ChIJsUwGUK-NGGARzj4G4e-zXZ8,Zsa Zsa Zsu Studio 1st.,5.0,7.0,〒112-0014 東京都文京区関口１丁目６−９ 川田ビル 1階,0.714,OK,Zsa Zsa Zsu Dance Studio ザザズ 東京都文京区関口
Zsa Zsa Zsu Studio,〒112-0014 東京都文京区関口１丁目６-９ 川田ビル 1階,https://zsazsazsu-studio.com/,03-5579-2424,,0,5,2,80,S優先度記事×2|複数記事候補×5|候補少記事に出現,ChIJsUwGUK-NGGARzj4G4e-zXZ8,Zsa Zsa Zsu Studio 1st.,5.0,7.0,〒112-0014 東京都文京区関口１丁目６−９ 川田ビル 1階,0.882,OK,Zsa Zsa Zsu Studio 東京都文京区関口
中目黒 ブロードウェイレンタルスタジオ,〒153-0051 東京都目黒区上目黒１丁目５-１０ 中目黒マンション Ｂ15号室,https://nakameguro.inforent.jp/,03-5822-4050,,0,4,3,80,S優先度記事×3|複数記事候補×4,ChIJZe6KlkiLGGARJ07brpyGlHs,中目黒 ブロードウェイレンタルスタジオ,4.5,4.0,〒153-0051 東京都目黒区上目黒１丁目５−１０ Ｂ15号室,1.0,OK,中目黒 ブロードウェイレンタルスタジオ 東京都目黒区上目黒
中目黒店 レンタルダンススタジオROOTS,〒153-0051 東京都目黒区上目黒１丁目５-１０ 中目黒マンション B6,https://dancestudioroots.com/nakameguro/,,,0,4,3,80,S優先度記事×3|複数記事候補×4,ChIJmaasl0iLGGARa39WAEysGf4,中目黒店 レンタルダンススタジオROOTS,3.0,2.0,〒153-0051 東京都目黒区上目黒１丁目５−１０ B6,1.0,OK,中目黒店 レンタルダンススタジオROOTS 東京都目黒区上目黒
二子玉川レンタルスタジオ M?ni Frey,〒158-0094 東京都世田谷区玉川１丁目６-８ シティコープ玉川 202,https://www.jiyugaoka-salon.com/salon-futakotamagawa-b,090-9297-3148,,0,4,3,80,S優先度記事×3|複数記事候補×4,ChIJGxHxo7_1GGARn0gsgUfuBCM,二子玉川レンタルスタジオ Máni Frey,,,〒158-0094 東京都世田谷区玉川１丁目６−８ シティコープ玉川 202,0.95,OK,二子玉川レンタルスタジオ M?ni Frey 東京都世田谷区玉川
エースダンススタジオ,"札幌ＮＳビル 4F, ２丁目-11 南２条西 中央区 札幌市 北海道 060-0062",http://ace-dance.com/,011-231-8077,,0,4,3,80,S優先度記事×3|複数記事候補×4,ChIJp9a_2wcpC18R6bqMOjIiOdo,エースダンススタジオ,5.0,5.0,〒060-0062 北海道札幌市中央区南２条西２丁目１１,1.0,OK,"エースダンススタジオ 札幌ＮＳビル 4F,"
キッズダンススタジオstudioCROSS（スタジオクロス）聖蹟桜ヶ丘クラス 多摩市 多摩カルチャーセンター,〒206-0011 東京都多摩市関戸４丁目73-１ よこくらビル 3階,https://studiocross.info/,042-505-8179,,0,5,2,80,S優先度記事×2|複数記事候補×5|候補少記事に出現,ChIJmXP_RNPlGGARO1FKbkv-kDo,キッズダンススタジオstudioCROSS（スタジオクロス）聖蹟桜ヶ丘クラス 多摩市 多摩カルチャーセンター,,,〒206-0011 東京都多摩市関戸４丁目73−１ よこくらビル 3階,1.0,OK,キッズダンススタジオstudioCROSS（スタジオクロス）聖蹟桜ヶ丘クラス 多摩市 多摩カルチャーセンター 東京都多摩市関戸
C Production Dance Studio,〒170-0014 東京都豊島区池袋１丁目８-５ シーステージ池袋 5F,https://www.c-production-dancestudio.com/,070-8984-0814,,0,4,3,80,S優先度記事×3|複数記事候補×4,ChIJU-3f89uNGGARIJ8eAMyHnk4,C Production Dance Studio,,,〒170-0014 東京都豊島区池袋１丁目８−５ シーステージ池袋 5F,1.0,OK,C Production Dance Studio 東京都豊島区池袋
CAMURO DANCE STUDIO,〒540-0025 大阪府大阪市中央区徳井町１丁目１-７ 松田ビル,http://camuro.jp/,06-6942-8889,,0,4,3,80,S優先度記事×3|複数記事候補×4,ChIJ__-bgy_nAGARiuzQ6q5xdaY,CAMURO DANCE STUDIO,4.2,36.0,〒540-0025 大阪府大阪市中央区徳井町１丁目１−７ 松田ビル,1.0,OK,CAMURO DANCE STUDIO 大阪府大阪市中央区徳井町
レンタルスタジオ 【MO-LE STUDIO】,〒166-0013 東京都杉並区堀ノ内２丁目４-２ MO-LE STUDIOビル,http://www.mo-le.com/,03-3317-5546,,0,4,3,80,S優先度記事×3|複数記事候補×4,ChIJr62utfnyGGARTJzmxzE46lk,レンタルスタジオ 【MO-LE STUDIO】,4.1,8.0,〒166-0013 東京都杉並区堀ノ内２丁目４−２ MO-LE STUDIOビル,1.0,OK,レンタルスタジオ 【MO-LE STUDIO】 東京都杉並区堀ノ内
レンタルスタジオ Sunny 池袋店,〒170-0013 東京都豊島区東池袋３丁目１１-９,https://11dance.com/,,,0,4,3,80,S優先度記事×3|複数記事候補×4,ChIJbWshDfiNGGARZHoiyeh1j54,レンタルスタジオ Sunny 池袋店,4.9,29.0,〒170-0013 東京都豊島区東池袋３丁目１１−９,1.0,OK,レンタルスタジオ Sunny 池袋店 東京都豊島区東池袋
クラウドナインスタジオ 町田店,〒194-0013 東京都町田市原町田４丁目１１-１４ コロンブスビル 6F,https://www.cloud-9-studio.com/studio/machida.html,042-721-9091,,0,5,2,80,S優先度記事×2|複数記事候補×5|候補少記事に出現,ChIJkxuiBEv5GGARC7qG5FLsgDI,クラウドナインスタジオ 町田店,4.3,143.0,〒194-0013 東京都町田市原町田４丁目１１−１４ コロンブスビル 6F,1.0,OK,クラウドナインスタジオ 町田店 東京都町田市原町田
D'CRE8 Dance Shtajio (ディークリエイトダンスシタジオ),〒164-0013 東京都中野区弥生町１丁目１１-２ B1,https://dcre8.com/,03-6822-2132,,0,4,3,80,S優先度記事×3|複数記事候補×4,ChIJkwHn3knzGGARe1H1020zo1E,D'CRE8 Dance Shtajio (ディークリエイトダンスシタジオ),5.0,29.0,〒164-0013 東京都中野区弥生町１丁目１１−２ B1,1.0,OK,D'CRE8 Dance Shtajio (ディークリエイトダンスシタジオ) 東京都中野区弥生町
ジーロックス・スタジオ,〒168-0073 東京都杉並区下高井戸１丁目１５-１２,http://www.groks.co.jp/,03-3325-3311,,0,4,3,80,S優先度記事×3|複数記事候補×4,ChIJlckWt7PzGGAR459LfPk0MjU,ジーロックス・スタジオ,4.4,79.0,〒168-0073 東京都杉並区下高井戸１丁目１５−１２,1.0,OK,ジーロックス・スタジオ 東京都杉並区下高井戸
スタジオ With The Heart,"関口１丁目１５ー１ ミサオビルB１F, 文京区 東京都 112-0014",http://studiowth.com/,03-5579-8548,,0,5,2,80,S優先度記事×2|複数記事候補×5|候補少記事に出現,ChIJNYNHG1WMGGARM96ZQazHta0,スタジオ With The Heart,4.0,6.0,"関口１丁目１５ー１ ミサオビルB１F, １丁目-１５-1 関口 文京区 東京都 112-0014",1.0,OK,スタジオ With The Heart 関口
押上SORAスタジオ2,〒131-0045 東京都墨田区押上１丁目２５-５ 西原ビル １階,http://os-rental.com/,03-6284-1723,,0,5,2,80,S優先度記事×2|複数記事候補×5|候補少記事に出現,ChIJtxo3HyqPGGARJWbjWPGgbyE,押上SORAスタジオ2,,,〒131-0045 東京都墨田区押上１丁目２５−５ 西原ビル １階,1.0,OK,押上SORAスタジオ2 東京都墨田区押上
押上とうきょうスカイツリーSORAスタジオ,〒131-0045 東京都墨田区押上１丁目１３-１０ ２ 階,http://oshiage-rental.com/,03-6284-1723,,0,5,2,80,S優先度記事×2|複数記事候補×5|候補少記事に出現,ChIJCZ9r5imPGGAR-yYoznB5riY,押上とうきょうスカイツリーSORAスタジオ,,,〒131-0045 東京都墨田区押上１丁目１３−１０ ２ 階,1.0,OK,押上とうきょうスカイツリーSORAスタジオ 東京都墨田区押上
押上ＳＯＲＡスタジオ4,〒131-0045 東京都墨田区押上１丁目２８-４ 桐生ビル 1Ｆ,https://os-rental.com/,03-6284-1723,,0,5,2,80,S優先度記事×2|複数記事候補×5|候補少記事に出現,ChIJhcetb66PGGARpVbjpMCM0O0,押上ＳＯＲＡスタジオ4,5.0,1.0,〒131-0045 東京都墨田区押上１丁目２８−４ 桐生ビル 1Ｆ,1.0,OK,押上ＳＯＲＡスタジオ4 東京都墨田区押上
ジャパンポールダンス,〒160-0021 東京都新宿区歌舞伎町１丁目２３-１２ 第一桑原ビル 5F,,03-6233-8042,,0,4,3,80,S優先度記事×3|複数記事候補×4,ChIJTQ8MAp2NGGARwEuEXIYq9T4,ジャパンポールダンス,4.7,3.0,〒160-0021 東京都新宿区歌舞伎町１丁目２３−１２ 第一桑原ビル 5F,1.0,OK,ジャパンポールダンス 東京都新宿区歌舞伎町
ジョイ・バレエ ストゥーディオ 本部スタジオ,〒171-0052 東京都豊島区南長崎１丁目９-１６ ヒルトップビルド B1,https://joy-ballet-studio.com/,090-9802-6402,,0,4,3,80,S優先度記事×3|複数記事候補×4,ChIJYVVnt6qNGGARNbUUPINa4sQ,ジョイ・バレエ ストゥーディオ 本部スタジオ,5.0,7.0,〒171-0052 東京都豊島区南長崎１丁目９−１６ ヒルトップビルド B1,1.0,OK,ジョイ・バレエ ストゥーディオ 本部スタジオ 東京都豊島区南長崎
DCNスタジオ,〒104-0052 東京都中央区月島１丁目１４-７ 旭倉庫内,https://www.rental-studio.tokyo/,03-3532-0731,,0,4,3,80,S優先度記事×3|複数記事候補×4,ChIJB4ivQ0eJGGARcA1eLOx_Txw,キッチンスタジオ【東京中央区】 - DCNスタジオ,2.0,1.0,〒104-0052 東京都中央区月島１丁目１４−７,0.483,OK,DCNスタジオ 東京都中央区月島
レンタルスタジオ葛西,〒134-0084 東京都江戸川区東葛西５丁目１-１４-２０２,https://freespacekasai.jimdofree.com/,03-6456-0178,,0,5,2,80,S優先度記事×2|複数記事候補×5|候補少記事に出現,ChIJMVa8TiWHGGARXWkxvumIONM,レンタルスペース葛西,,,〒134-0084 東京都江戸川区東葛西５丁目１−１４−２０２,0.7,OK,レンタルスタジオ葛西 東京都江戸川区東葛西
レンタルスタジオ池袋・駒込マイックル,〒114-0015 東京都北区中里２丁目１３-６,http://komagome-maikkuru.com/,03-5937-2345,,0,5,2,80,S優先度記事×2|複数記事候補×5|候補少記事に出現,ChIJ21-2JyyNGGARvniybg2LD80,新宿・大久保マイックル,5.0,1.0,〒169-0073 東京都新宿区百人町１丁目１９−２３,0.37,OK,レンタルスタジオ池袋・駒込マイックル 東京都北区中里
レンタルスタジオ三ノ輪,〒110-0011 東京都台東区三ノ輪１丁目１０-９ GATTINO 1F,http://rental.studio-minowa.com/,,,0,4,3,80,S優先度記事×3|複数記事候補×4,ChIJl9-UloyOGGARnFoqPb_I9bk,レンタルスタジオ三ノ輪,5.0,1.0,〒110-0011 東京都台東区三ノ輪１丁目１０−９ GATTINO 1F,1.0,OK,レンタルスタジオ三ノ輪 東京都台東区三ノ輪
富田雅美バレエ＆ダンスユニット,〒182-0024 東京都調布市布田１丁目２９-２ ビルディング川口 B1,https://masami.hp.peraichi.com/dance,042-487-8878,,0,5,2,80,S優先度記事×2|複数記事候補×5|候補少記事に出現,ChIJQbC-3BTwGGARWd3hWPux4PY,富田雅美バレエ＆ダンスユニット,5.0,20.0,〒182-0024 東京都調布市布田１丁目２９−２ ビルディング川口 B1,1.0,OK,富田雅美バレエ＆ダンスユニット 東京都調布市布田
寺島ゆかりバレエクラス スタジオ マカロン,〒154-0022 東京都世田谷区梅丘１丁目２０-９ 梅ヶ丘プラザ 2F,http://macaron-ballet.jp/,080-4345-1102,,0,4,3,80,S優先度記事×3|複数記事候補×4,ChIJHeviOQvzGGAR3FY0psQSAy4,ジェラフォリ・ドゥ・バレエ(梅ヶ丘・東松原),,,〒156-0043 東京都世田谷区松原６丁目９−１７,0.158,OK,寺島ゆかりバレエクラス スタジオ マカロン 東京都世田谷区梅丘
山田誠ダンススタジオ,〒190-0012 東京都立川市曙町２丁目３２-２ 中山本社ビル,http://www7b.biglobe.ne.jp/~yamadamakotodance/,042-525-1588,,0,5,2,80,S優先度記事×2|複数記事候補×5|候補少記事に出現,ChIJ53BnVGXhGGARPqzHc582e7M,山田誠ダンススタジオ,4.0,2.0,〒190-0012 東京都立川市曙町２丁目３２−２ 中山本社ビル,1.0,OK,山田誠ダンススタジオ 東京都立川市曙町
STUDIO FOXTAIL,〒140-0013 東京都品川区南大井２丁目１２-１０ ライオンズマンション大森 1F,https://28garden-studio.com/studio/foxtail/,080-7896-9973,,0,4,3,80,S優先度記事×3|複数記事候補×4,ChIJeW9EMMdhGGARXzJHJFszX4A,STUDIO FOXTAIL,4.8,5.0,〒140-0013 東京都品川区南大井２丁目１２−１０ ライオンズマンション大森 1F,1.0,OK,STUDIO FOXTAIL 東京都品川区南大井
宮地楽器 国分寺センター,〒185-0021 東京都国分寺市南町３丁目１２-２ 国分寺宮地ビル,https://www.miyajimusic.com/school/kokubunji/,042-321-2821,,0,5,2,80,S優先度記事×2|複数記事候補×5|候補少記事に出現,ChIJBfvRtUnkGGARVTheOwD43c4,宮地楽器 国分寺センター,4.8,8.0,〒185-0021 東京都国分寺市南町３丁目１２−２ 国分寺宮地ビル,1.0,OK,宮地楽器 国分寺センター 東京都国分寺市南町
Studio H,〒150-0013 東京都渋谷区恵比寿２丁目１７-２２,http://studioh.tokyo/,03-6447-7723,,0,4,3,80,S優先度記事×3|複数記事候補×4,ChIJX3OcmtuLGGARxb-vd_lIi8o,Studio H,4.1,9.0,〒150-0013 東京都渋谷区恵比寿２丁目１７−２２ studioH,1.0,OK,Studio H 東京都渋谷区恵比寿
STUDIO ONEWAY TOKYO,〒164-0013 東京都中野区弥生町５丁目２０-１ 弥生町ユニオンビル B2F,https://www.studio-oneway.tokyo/,03-4400-2870,,0,4,3,80,S優先度記事×3|複数記事候補×4,ChIJcbX8ZjPzGGAR9JHyoKRUDfI,STUDIO ONEWAY TOKYO,3.0,4.0,〒164-0013 東京都中野区弥生町５丁目２０−１ 弥生町ユニオンビル B2F,1.0,OK,STUDIO ONEWAY TOKYO 東京都中野区弥生町
Studio EFU（スタジオ エフ）,〒185-0012 東京都国分寺市本町２丁目２-１１ 鳥越ビル Ｂ１,http://www.studio-efu.com/,042-323-8066,,0,5,2,80,S優先度記事×2|複数記事候補×5|候補少記事に出現,ChIJCa3-CTbkGGARj3JA7WT8luI,Studio EFU（スタジオ エフ）,4.7,3.0,〒185-0012 東京都国分寺市本町２丁目２−１１ 鳥越ビル Ｂ１,1.0,OK,Studio EFU（スタジオ エフ） 東京都国分寺市本町
STUDIO POLISH（スタジオポリッシュ）,〒142-0062 東京都品川区小山６丁目７-１４ プランドールＫａｓｅｙａ,http://www.studio-polish.com/,03-6451-3521,,0,4,3,80,S優先度記事×3|複数記事候補×4,ChIJq6pmRtCKGGARVIhMqk3CjEM,STUDIO POLISH（スタジオポリッシュ）,,,〒142-0062 東京都品川区小山６丁目７−１４ プランドールＫａｓｅｙａ,1.0,OK,STUDIO POLISH（スタジオポリッシュ） 東京都品川区小山
ロゼッタスタジオ錦糸町,〒130-0013 東京都墨田区錦糸２丁目１３-１ 堀越第一ビル 5F,https://kinshicho.studiosquare.jp/,03-5822-4050,,0,5,2,80,S優先度記事×2|複数記事候補×5|候補少記事に出現,ChIJ--mpGsSJGGARKK5YxEWTMzU,ロゼッタスタジオ錦糸町,4.0,1.0,〒130-0013 東京都墨田区錦糸２丁目１３−１ 堀越第一ビル 5F,1.0,OK,ロゼッタスタジオ錦糸町 東京都墨田区錦糸
ワーサルレンタルスタジオ（Cスタジオ）,〒156-0041 東京都世田谷区大原２丁目２３-１５ 大原アジアビル 9F,https://worsal.com/rental/studio_c.html,03-6276-3608,,0,4,3,80,S優先度記事×3|複数記事候補×4,ChIJiU58NQXzGGART_vyaE46Ahw,ワーサルレンタルスタジオ（Cスタジオ）,5.0,7.0,〒156-0041 東京都世田谷区大原２丁目２３−１５ 9F,1.0,OK,ワーサルレンタルスタジオ（Cスタジオ） 東京都世田谷区大原
サカモトトモキ・ダンススタジオ,〒162-0805 東京都新宿区矢来町６５ 2階,https://sinjyuku-shakoudance.webnode.jp/,03-5261-5830,,0,4,3,80,S優先度記事×3|複数記事候補×4,ChIJaS2NzSGNGGARuztZSL45J4c,サカモトトモキ・ダンススタジオ,5.0,1.0,〒162-0805 東京都新宿区矢来町６５ 2階,1.0,OK,サカモトトモキ・ダンススタジオ 東京都新宿区矢来町６５ 2階
サワミュージカルスタジオ,"関島ビル B2F, １丁目-１４-１２ 弥生町 中野区 東京都 164-0013",http://studio.dp-sawa.com/,03-3352-1822,,0,4,3,80,S優先度記事×3|複数記事候補×4,ChIJ7wiGhNfyGGARW6CreQ-Qf-E,サワミュージカルスタジオ,5.0,1.0,"関島ビル B2F, １丁目-１４-12 弥生町 中野区 東京都 164-0013",1.0,OK,"サワミュージカルスタジオ 関島ビル B2F,"
ベストスタジオ立川,〒190-0022 東京都立川市錦町２丁目１-１０ エリア立川 302号室,https://beststudio.jp/,090-8558-0582,,0,5,2,80,S優先度記事×2|複数記事候補×5|候補少記事に出現,ChIJvd_fQKPhGGAR_XAMTgN56WY,ベストスタジオ立川,,,〒190-0022 東京都立川市錦町２丁目１−１０ エリア立川 302号室,1.0,OK,ベストスタジオ立川 東京都立川市錦町
ボイトレ＆ダンスの NAYUTAS（ナユタス）町田校,〒194-0022 東京都町田市森野１丁目１４-９ ＭＫビル 森野2F,https://nayutas.net/school/machida/,03-5302-5500,,0,5,2,80,S優先度記事×2|複数記事候補×5|候補少記事に出現,ChIJOU2FEl3_GGARtwyiWwpRQGY,ボイトレ＆ダンスの NAYUTAS（ナユタス）町田校,4.8,38.0,〒194-0022 東京都町田市森野１丁目１４−９ ＭＫビル 森野2F,1.0,OK,ボイトレ＆ダンスの NAYUTAS（ナユタス）町田校 東京都町田市森野
マインクラブダンススタジオ,〒153-0052 東京都目黒区祐天寺１丁目２２-５,http://mineclubyutenji.com/,03-3713-1619,,0,4,3,80,S優先度記事×3|複数記事候補×4,ChIJl6Epu0qLGGARHsGCtT87iF0,マインクラブダンススタジオ,3.7,3.0,〒153-0052 東京都目黒区祐天寺１丁目２２−５ エムワイビル,1.0,OK,マインクラブダンススタジオ 東京都目黒区祐天寺
Aya Ballet School,〒152-0035 東京都目黒区洗足２丁目６-１５ 洗足21 B１F,https://www.aya-ballet-school.net/,080-3055-8737,,0,4,3,80,S優先度記事×3|複数記事候補×4,ChIJEZojh82KGGARJZA9jarW9Z4,Avant Ballet Studio │アヴァンバレエスタジオ (旧Aya Ballet School),5.0,6.0,〒152-0035 東京都目黒区洗足２丁目６−１５ 洗足21 B１F,0.484,OK,Aya Ballet School 東京都目黒区洗足
ホットヨガスタジオLAVA 中野坂上店,〒164-0012 東京都中野区本町２丁目２８-１１ 不二ハイツ 2F,https://yoga-lava.com/lp/cp/virabhadra/?code=153&name=nakonosakaue&utm_source=google&utm_medium=maps_campaign=nakonosakaue&argument=zxgEiAwg&dmai=a6360df736d8bd,03-6387-3577,,0,4,3,80,S優先度記事×3|複数記事候補×4,ChIJf4iuldDyGGAR2NYr4RuYSpc,ホットヨガスタジオLAVA 中野坂上店,4.6,139.0,〒164-0012 東京都中野区本町２丁目２８−１１ 2F,1.0,OK,ホットヨガスタジオLAVA 中野坂上店 東京都中野区本町
ソニズレンタルスタジオ方南町店,〒168-0063 東京都杉並区和泉４丁目５１-１４,https://sonysdance.com/studio/hounan-a,,,0,4,3,80,S優先度記事×3|複数記事候補×4,ChIJf6LiDPzyGGAR32i2OUTB_wU,ソニズレンタルダンススタジオ方南町,4.3,12.0,〒168-0063 東京都杉並区和泉４丁目５１−１４,0.875,OK,ソニズレンタルスタジオ方南町店 東京都杉並区和泉
A la neigeバレエ,〒150-0043 東京都渋谷区道玄坂１丁目１９-１１ 寿道玄坂ビル B１,https://www.alaneige.co.jp/,080-3395-4887,,0,4,3,80,S優先度記事×3|複数記事候補×4,ChIJPcWMmmOLGGARdC-7GHiv3mQ,A la neigeバレエ,5.0,1.0,〒150-0043 東京都渋谷区道玄坂１丁目１９−１１ 寿道玄坂ビル B１,1.0,OK,A la neigeバレエ 東京都渋谷区道玄坂
BUZZ池袋サンシャイン,〒170-0013 東京都豊島区東池袋１丁目２６-３,,,,0,4,3,80,S優先度記事×3|複数記事候補×4,ChIJncVCOneNGGARMuydINeVYXo,BUZZ池袋サンシャイン,4.0,26.0,〒170-0013 東京都豊島区東池袋１丁目２６−３,1.0,OK,BUZZ池袋サンシャイン 東京都豊島区東池袋
Akimotoレンタルスタジオ,〒153-0051 東京都目黒区上目黒１丁目１６-１１ 秋元ビル,https://www.rentalspace-akimoto.com/,,,0,4,3,80,S優先度記事×3|複数記事候補×4,ChIJQY_xbTmLGGARKh9UAZo-0Pk,Akimotoレンタルスタジオ,,,〒153-0051 東京都目黒区上目黒１丁目１６−１１ 秋元ビル,1.0,OK,Akimotoレンタルスタジオ 東京都目黒区上目黒
ART GROOVE,〒114-0015 東京都北区中里２丁目５-８ レイハウス駒込 302,https://art-groove.com/net/,03-5972-4133,,0,5,2,80,S優先度記事×2|複数記事候補×5|候補少記事に出現,ChIJhTQHYJSNGGARr7jeH2Emgc8,ART GROOVE,4.6,21.0,〒114-0015 東京都北区中里２丁目５−８ 302,1.0,OK,ART GROOVE 東京都北区中里
杉並だんすアトリウム,〒168-0073 東京都杉並区下高井戸１丁目２-１３ 山口ビル ２Ｆ、３Ｆ,http://atrium.studiosquare.jp/,03-5822-4050,,0,4,3,80,S優先度記事×3|複数記事候補×4,ChIJYQk-F67zGGAR9cHTL3WL0To,杉並だんすアトリウム,4.2,5.0,〒168-0073 東京都杉並区下高井戸１丁目２−１３ 山口ビル ２Ｆ、３Ｆ,1.0,OK,杉並だんすアトリウム 東京都杉並区下高井戸
KM Dance Arts,〒102-0076 東京都千代田区五番町５-１８ 地下1階,https://www.kmdancearts-ichigaya.com/,03-6879-9796,,0,4,3,80,S優先度記事×3|複数記事候補×4,ChIJTVxLwPmNGGAREW2W8hasKEM,KM Dance Arts,5.0,9.0,〒102-0076 東京都千代田区五番町５−１８ 地下1階,1.0,OK,KM Dance Arts 東京都千代田区五番町５?１８ 地下1階
マヅカダンスカンパニー,〒168-0065 東京都杉並区浜田山２丁目２２-１ ゴディメント浜田山1F 南 浜田山ゴディメント,https://mazuka-studio.com/,03-3302-7186,,0,4,3,80,S優先度記事×3|複数記事候補×4,ChIJsfoSljjyGGARqFjqQCiJbYE,マヅカダンスカンパニー,3.1,11.0,〒168-0065 東京都杉並区浜田山２丁目２２−１ 浜田山ゴディメント ゴディメント浜田山1F 南,1.0,OK,マヅカダンスカンパニー 東京都杉並区浜田山
ミュージックサロン アマーブルNUTSスタジオ駒込店,〒114-0014 東京都北区田端４丁目１-１１ クレールビル 1F,https://www.music-salon-amable.com/,050-3708-5930,,0,5,2,80,S優先度記事×2|複数記事候補×5|候補少記事に出現,ChIJaXxi-IuPGGAR-_tD9Sv7Tig,ミュージックサロン アマーブルNUTSスタジオ駒込店,5.0,1.0,〒114-0014 東京都北区田端４丁目１−１１ クレールビル 1F,1.0,OK,ミュージックサロン アマーブルNUTSスタジオ駒込店 東京都北区田端
ミライスタジオ神田秋葉原,〒101-0031 東京都千代田区東神田１丁目１７-５,https://studio-mirai55.com/,03-5829-8647,,0,4,3,80,S優先度記事×3|複数記事候補×4,ChIJ3Ys9goaPGGAR4ZrvG4VvmgM,ミライスタジオ神田秋葉原,4.5,12.0,〒101-0031 東京都千代田区東神田１丁目１７−５,1.0,OK,ミライスタジオ神田秋葉原 東京都千代田区東神田
演劇舞台稽古場 ファンファーレレンタルスタジオ代田環七（撮影レンタルスタジオとしても利用可）,〒156-0041 東京都世田谷区大原１丁目２３-１５ 三京ビル ６F,https://atelier-fanfare.jp/,03-6205-9436,,0,5,2,80,S優先度記事×2|複数記事候補×5|候補少記事に出現,ChIJ__8z6RHzGGARQwcZ2d-5tSk,ファンファーレスタジオ代田環七,4.0,8.0,〒156-0041 東京都世田谷区大原１丁目２３−１５ 三京ビル ６F,0.5,OK,演劇舞台稽古場 ファンファーレレンタルスタジオ代田環七（撮影レンタルスタジオとしても利用可） 東京都世田谷区大原
BUZZ 池袋西口タワー,〒171-0014 東京都豊島区池袋２丁目３７-８ ジオ・ステージ池袋,,,,0,4,3,80,S優先度記事×3|複数記事候補×4,ChIJ38bNqrmNGGARkL0dR4XhhkU,BUZZ池袋西口タワー,3.5,57.0,〒171-0014 東京都豊島区池袋２丁目３７−７ ジオ・ステージ池袋,1.0,OK,BUZZ 池袋西口タワー 東京都豊島区池袋
貸ホールスペース６,〒157-0062 東京都世田谷区南烏山６丁目４-８,,03-3300-8181,,0,4,3,80,S優先度記事×3|複数記事候補×4,ChIJJdP5PI7xGGARfExeQZckKig,貸ホールスペース６,5.0,3.0,〒157-0062 東京都世田谷区南烏山６丁目４−８,1.0,OK,貸ホールスペース６ 東京都世田谷区南烏山
YOKOTA BASE STUDIO,〒194-0013 東京都町田市原町田１丁目６-２４ 田島第二ビル,https://yokotabasestudio.com/,042-723-4888,,0,5,2,80,S優先度記事×2|複数記事候補×5|候補少記事に出現,ChIJby9isUr5GGARjzffqOUB8wk,YOKOTA BASE STUDIO,4.2,12.0,〒194-0013 東京都町田市原町田１丁目６−２４ 田島第二ビル,1.0,OK,YOKOTA BASE STUDIO 東京都町田市原町田
YBS Yukino Ballet Studio,〒156-0041 東京都世田谷区大原２丁目２３-１５ 大原アジアビル 7階,https://yukino-ballet-studio.com/,03-6379-2380,,0,4,3,80,S優先度記事×3|複数記事候補×4,ChIJuZJZ00jzGGAROTxtOP2himA,YBS Yukino Ballet Studio,5.0,2.0,〒156-0041 東京都世田谷区大原２丁目２３−１５ 7階,1.0,OK,YBS Yukino Ballet Studio 東京都世田谷区大原
バレエ・ダンススタジオ Lino,〒168-0082 東京都杉並区久我山５丁目７-１３ 地下1階 メリディアン,https://lino.releve.fun/,,,0,4,3,80,S優先度記事×3|複数記事候補×4,ChIJFUP6TBDxGGARJCMErNmcOuI,バレエ・ダンススタジオ Lino,5.0,6.0,〒168-0082 東京都杉並区久我山５丁目７−１３ 地下1階,1.0,OK,バレエ・ダンススタジオ Lino 東京都杉並区久我山
池袋ルピナス,〒170-0013 東京都豊島区東池袋１丁目３１-２ ルピナス池袋102,https://ikebukuro.inforent.jp/,03-5822-4050,,0,4,3,80,S優先度記事×3|複数記事候補×4,ChIJhY_9c2aNGGAR7tabHLEQ1Xg,池袋ルピナス,4.0,1.0,〒170-0013 東京都豊島区東池袋１丁目３１−２ ルピナス池袋102,1.0,OK,池袋ルピナス 東京都豊島区東池袋
池袋レンタルスタジオ Studio M Ikebukuro Tokyo,〒171-0014 東京都豊島区池袋２丁目５３-３ スクエア21 １Ｆ,http://mstudio-ikebukuro.com/,03-5911-6800,,0,4,3,80,S優先度記事×3|複数記事候補×4,ChIJV_Bl89mNGGAR5kTtVvpgsow,池袋レンタルスタジオ Studio M Ikebukuro Tokyo,4.8,30.0,〒171-0014 東京都豊島区池袋２丁目５３−３ スクエア２１ １Ｆ,1.0,OK,池袋レンタルスタジオ Studio M Ikebukuro Tokyo 東京都豊島区池袋
スタジオ白猫屋 調布店,〒182-0021 東京都調布市調布ケ丘１丁目34-５ 調布タカラビル 3階,http://soyokaze-shironekoya.jp/choufu,,,0,5,2,80,S優先度記事×2|複数記事候補×5|候補少記事に出現,ChIJP_6-2nLxGGARjHnhXXdAV8U,スタジオ白猫屋 調布店,4.0,1.0,〒182-0021 東京都調布市調布ケ丘１丁目34−５ 調布タカラビル 3階,1.0,OK,スタジオ白猫屋 調布店 東京都調布市調布ケ丘
永福町スタジオ/ライマーラマ:タヒチアンダンススタジオ,〒168-0064 東京都杉並区永福１丁目３９-１４ １階,http://www.raimarama.com/,03-3469-0672,,0,4,3,80,S優先度記事×3|複数記事候補×4,ChIJ3W4ywgvzGGARNDABfM3CvU8,永福町スタジオ/ライマーラマ:タヒチアンダンススタジオ,,,〒168-0064 東京都杉並区永福１丁目３９−１４ １階,1.0,OK,永福町スタジオ/ライマーラマ:タヒチアンダンススタジオ 東京都杉並区永福
池袋 MIB,〒171-0014 東京都豊島区池袋２丁目６８-９ ＭＩＢ 1-2-3F,https://mib.studiosquare.jp/,03-5822-4050,,0,4,3,80,S優先度記事×3|複数記事候補×4,ChIJVVUlamaNGGARNY9VZx1TpPI,池袋 MIB,4.0,1.0,〒171-0014 東京都豊島区池袋２丁目６８−９ 1-2-3F,1.0,OK,池袋 MIB 東京都豊島区池袋
グラッドリ,〒160-0004 東京都新宿区四谷１丁目１５,http://www.gladdori.com/,03-6457-7817,,0,4,3,80,S優先度記事×3|複数記事候補×4,ChIJGRZ75YuMGGARM43Fai17mNs,グラッドリ,4.6,5.0,〒160-0004 東京都新宿区四谷１丁目１５,1.0,OK,グラッドリ 東京都新宿区四谷
レンタルスタジオ Grip 下高井戸,〒156-0044 東京都世田谷区赤堤５丁目２６-３ 地下１階,https://studio-s77.com/,050-5465-7868,,0,4,3,80,S優先度記事×3|複数記事候補×4,ChIJCXuwAXnzGGARectX4NrLZRg,レンタルスタジオ Grip 下高井戸,4.5,2.0,〒156-0044 東京都世田谷区赤堤５丁目２６−３ 地下１階,1.0,OK,レンタルスタジオ Grip 下高井戸 東京都世田谷区赤堤
レキップバレエスタジオ,〒178-0063 東京都練馬区東大泉１丁目３７-５,https://kimkimr628.wixsite.com/balletlequipe,03-6768-7080,,0,5,2,80,S優先度記事×2|複数記事候補×5|候補少記事に出現,ChIJ35r2V07vGGARpRIHGhQAx54,レキップバレエスタジオ,,,〒178-0063 東京都練馬区東大泉１丁目３７−５,1.0,OK,レキップバレエスタジオ 東京都練馬区東大泉
スタジオジパング 梅ヶ丘スタジオPRO,〒154-0022 東京都世田谷区梅丘１丁目３３-９ モンド梅ヶ丘ビル地下1階,https://studiozipang.com/,,,0,4,3,80,S優先度記事×3|複数記事候補×4,ChIJfYb5q3XzGGAROeVxaFyShQc,スタジオジパング 梅ヶ丘スタジオPRO,4.7,3.0,〒154-0022 東京都世田谷区梅丘１丁目３３−９ モンド梅ヶ丘ビル地下1階,1.0,OK,スタジオジパング 梅ヶ丘スタジオPRO 東京都世田谷区梅丘
スタジオジパング 久我山スタジオSTANDARD,〒168-0082 東京都杉並区久我山５丁目７-１３ メリディアン B1,https://studiozipang.com/kugayama-standard/,,,0,4,3,80,S優先度記事×3|複数記事候補×4,ChIJ5ZgQIgvxGGARulrRVboKvW8,スタジオジパング 久我山スタジオSTANDARD,4.5,6.0,〒168-0082 東京都杉並区久我山５丁目７−１３ メリディアン B1,1.0,OK,スタジオジパング 久我山スタジオSTANDARD 東京都杉並区久我山
スタジオジパング 新宿スタジオSTANDARD,〒160-0022 東京都新宿区新宿５丁目１０-２０ JKKグループ本社ビル1F,http://studiozipang.com/,,,0,4,3,80,S優先度記事×3|複数記事候補×4,ChIJZbjRWdyMGGARkN2b2Ai2JcE,スタジオジパング 新宿スタジオSTANDARD,3.6,18.0,〒160-0022 東京都新宿区新宿５丁目１０−２０ JKKグループ本社ビル1F,1.0,OK,スタジオジパング 新宿スタジオSTANDARD 東京都新宿区新宿
レンタルスタジオswamp西新宿,〒160-0023 東京都新宿区西新宿５丁目２１-５ ＢＩＴ西新宿 B01号室,https://www.st-swamp2023.com/,,,0,4,3,80,S優先度記事×3|複数記事候補×4,ChIJ_ZPLBkrzGGARVTuYf6ZX9OE,レンタルスタジオswamp西新宿,4.9,16.0,〒160-0023 東京都新宿区西新宿５丁目２１−５ ＢＩＴ西新宿 B01号室,1.0,OK,レンタルスタジオswamp西新宿 東京都新宿区西新宿
スタジオ エモーティフ,〒141-0031 東京都品川区西五反田５丁目２２-５ 藤ハイム B1F,https://emotif.jp/,090-9382-6258,,0,5,2,80,S優先度記事×2|複数記事候補×5|候補少記事に出現,ChIJlU9qWhGLGGARHFF5I_V9dZQ,スタジオ エモーティフ,4.3,3.0,〒141-0031 東京都品川区西五反田５丁目２２−５ 藤ハイム B1F,1.0,OK,スタジオ エモーティフ 東京都品川区西五反田
スタジオ アーキタンツ architanz,〒105-0023 東京都港区芝浦１丁目１３-１０,http://a-tanz.com/,,,0,5,2,80,S優先度記事×2|複数記事候補×5|候補少記事に出現,ChIJTzlAjMqLGGARYFa8M48mcSU,スタジオアーキタンツ studio ARCHITANZ,4.2,37.0,〒105-0023 東京都港区芝浦１丁目１３−１０,0.864,OK,スタジオ アーキタンツ architanz 東京都港区芝浦
スタジオ アッコルタ,〒150-0013 東京都渋谷区恵比寿２丁目６-２９ ACCOLTATS B1F,https://www.accolta.com/,03-3440-5105,,0,4,3,80,S優先度記事×3|複数記事候補×4,ChIJy7ECaROLGGARig29QnenA5I,スタジオ アッコルタ,,,〒150-0013 東京都渋谷区恵比寿２丁目６−２９ ACCOLTATS B1F,1.0,OK,スタジオ アッコルタ 東京都渋谷区恵比寿
レンタルスタジオSunny 池袋3号店,〒170-0013 東京都豊島区東池袋２丁目３９-２ マルミビル 2階 A号室,https://11dance.com/,03-6874-1401,,0,4,3,80,S優先度記事×3|複数記事候補×4,ChIJbWshDfiNGGARZHoiyeh1j54,レンタルスタジオ Sunny 池袋店,4.9,29.0,〒170-0013 東京都豊島区東池袋３丁目１１−９,0.941,OK,レンタルスタジオSunny 池袋3号店 東京都豊島区東池袋
レンタルスタジオ D-Base 武蔵境店,〒180-0022 東京都武蔵野市境１丁目３-２ 平田ビル 3階,https://st-dbase.jp/,03-4446-5101,,0,5,2,80,S優先度記事×2|複数記事候補×5|候補少記事に出現,ChIJywyYWHDvGGARdJNwgoX3Y1o,レンタルスタジオ D-Base 武蔵境店,2.3,3.0,〒180-0022 東京都武蔵野市境１丁目３−２ 3階,1.0,OK,レンタルスタジオ D-Base 武蔵境店 東京都武蔵野市境
SOLARI Rental Studio 日本橋 - 日本橋人形町・馬喰町エリアのレンタルスタジオ,〒103-0004 東京都中央区東日本橋１丁目４-２ 徳輝ビル 2階,https://solari-rentalstudio.com/,,,0,4,3,80,S優先度記事×3|複数記事候補×4,ChIJb1YwqWaJGGARvccclhSDJKc,SOLARI レンタルスタジオ 日本橋,4.8,23.0,〒103-0004 東京都中央区東日本橋１丁目４−２ 徳輝ビル 2階,0.475,OK,SOLARI Rental Studio 日本橋 - 日本橋人形町・馬喰町エリアのレンタルスタジオ 東京都中央区東日本橋
SORAスタジオ3,〒131-0045 東京都墨田区押上１丁目２９-２ 3,https://os-rental.com/,03-6284-1723,,0,5,2,80,S優先度記事×2|複数記事候補×5|候補少記事に出現,ChIJF-6tOJCPGGARB8wryOpruwI,SORAスタジオ3,5.0,3.0,〒131-0045 東京都墨田区押上１丁目２９−２ 3,1.0,OK,SORAスタジオ3 東京都墨田区押上
新宿レンタルスタジオ アルファ,〒160-0022 東京都新宿区８ 新宿5丁目8番21号 サンジュリ23号室,https://studioalpha88.wixsite.com/advisor-consult-jp,,,0,4,3,80,S優先度記事×3|複数記事候補×4,ChIJy4f-At2MGGARJ856mYJD-9Y,新宿レンタルスタジオ アルファ,2.0,1.0,〒160-0022 東京都新宿区新宿５丁目８ 新宿5丁目8番21号 サンジュリ23号室,1.0,OK,新宿レンタルスタジオ アルファ 東京都新宿区８ 新宿
ピアノスタジオノア 不動前店,〒141-0031 東京都品川区西五反田４丁目３２-１４,https://www.grandpiano.jp/fudomae/,03-6910-4550,,0,5,2,80,S優先度記事×2|複数記事候補×5|候補少記事に出現,ChIJp6-LcCmLGGARjwEYTwAdBjU,ピアノスタジオノア 不動前店,4.1,7.0,〒141-0031 東京都品川区西五反田４丁目３２−１４,1.0,OK,ピアノスタジオノア 不動前店 東京都品川区西五反田
ピアノスタジオノア 池袋店,〒170-0013 東京都豊島区東池袋２丁目６３-１ 2F～B1F,https://www.grandpiano.jp/ikebukuro/,03-5951-8481,,0,4,3,80,S優先度記事×3|複数記事候補×4,ChIJeRnSH2SNGGARUBShADuJM9Q,ピアノスタジオノア 池袋店,4.3,64.0,〒170-0013 東京都豊島区東池袋２丁目６３−１ 2F～B1F,1.0,OK,ピアノスタジオノア 池袋店 東京都豊島区東池袋
SHARE TAKANAWA,〒108-0074 東京都港区高輪２丁目１６-３２ 横川ビル ３Ｆ,https://www.takanawa.space/,,,0,4,3,80,S優先度記事×3|複数記事候補×4,ChIJ73RMue2LGGARTYwyu9tn2oA,SHARE TAKANAWA,5.0,3.0,〒108-0074 東京都港区高輪２丁目１６−３２ 横川ビル ３Ｆ,1.0,OK,SHARE TAKANAWA 東京都港区高輪
天空MURAミドルスタジオStudioStyle+,〒160-0023 東京都新宿区西新宿６丁目１２-１６ 天空ＭＵＲＡ一号館,https://studiostyle.jp/tenku-dance-studio/,090-8306-7493,,0,4,3,80,S優先度記事×3|複数記事候補×4,ChIJS-AKCNXyGGAR2ZH3_YgL6GQ,天空MURAダンススタジオStudioStyle+,3.3,3.0,〒160-0023 東京都新宿区西新宿６丁目１２−１６,0.88,OK,天空MURAミドルスタジオStudioStyle+ 東京都新宿区西新宿
レンタルスタジオひより,〒171-0014 東京都豊島区池袋２丁目２３-２３ 白鳥ハイツ 107,https://rs-hiyori.com/,080-5175-6676,,0,4,3,80,S優先度記事×3|複数記事候補×4,ChIJzUOn3JSNGGARxPlSKAOn3Ug,レンタルスタジオひより,,,〒171-0014 東京都豊島区池袋２丁目２３−２３ 白鳥ハイツ 107,1.0,OK,レンタルスタジオひより 東京都豊島区池袋
レンタルスタジオクラッセ国分寺,〒185-0021 東京都国分寺市南町３丁目１８-２ 川端ビル ４階A,https://studio-classe.jp/,,,0,5,2,80,S優先度記事×2|複数記事候補×5|候補少記事に出現,ChIJV-Es59DlGGARQDbjEAe_LEY,レンタルスタジオクラッセ国分寺,5.0,25.0,〒185-0021 東京都国分寺市南町３丁目１８−２ 川端ビル ４階A,1.0,OK,レンタルスタジオクラッセ国分寺 東京都国分寺市南町
ティアラ,〒142-0053 東京都品川区中延３丁目２-４,http://www.shupla-gp.com/tiara/,03-6426-8828,,0,4,3,80,S優先度記事×3|複数記事候補×4,ChIJGwbqA8CKGGARxxN21BrmzIA,ティアラ,3.0,2.0,〒142-0053 東京都品川区中延３丁目２−４ スタジオティアラ,1.0,OK,ティアラ 東京都品川区中延
レンタルスタジオreimei Tachikawa,〒190-0022 東京都立川市錦町２丁目１-３５ Ktd 錦町ビル 2F,https://reimeikunitachi.com/,050-1809-3917,,0,5,2,80,S優先度記事×2|複数記事候補×5|候補少記事に出現,ChIJgd501ZnhGGAR6KwlpvX9WfU,ダンススタジオreimei Tachikawa,4.4,5.0,〒190-0022 東京都立川市錦町２丁目１−３５ Ktd 錦町ビル 2F,0.889,OK,レンタルスタジオreimei Tachikawa 東京都立川市錦町
FREEDA LIFESTYLE＋,〒106-0044 東京都港区東麻布１丁目２６-８ プライム東麻布 3F,http://www.freeda.jp/,03-6807-4322,,0,5,2,80,S優先度記事×2|複数記事候補×5|候補少記事に出現,ChIJMx_XTjKLGGARsv5TWUEGYe4,FREEDA LIFESTYLE＋,3.0,8.0,〒106-0044 東京都港区東麻布１丁目２６−８ Prime Higashiazabu 3F,1.0,OK,FREEDA LIFESTYLE＋ 東京都港区東麻布
ENJOINT DANCE CLUB中目黒,〒153-0051 東京都目黒区上目黒１丁目５-１０ 中目黒マンション B1,https://www.enjoint.tokyo/,,,0,4,3,80,S優先度記事×3|複数記事候補×4,ChIJeV1wk5uLGGARGDoliZE8K1c,ENJOINT DANCE CLUB中目黒,,,〒153-0051 東京都目黒区上目黒１丁目５−１０ B1,1.0,OK,ENJOINT DANCE CLUB中目黒 東京都目黒区上目黒
J’Z STUDIO 千歳烏山店,〒157-0062 東京都世田谷区南烏山６丁目６-６?２ サンマルシェビルB1F,http://www.jz-studio.jp/,03-6909-1181,,0,4,3,80,S優先度記事×3|複数記事候補×4,ChIJN43BL47xGGARFAMPAC5YKW0,J’Z STUDIO 千歳烏山店,4.2,12.0,〒157-0062 東京都世田谷区南烏山６丁目６−６−２ サンマルシェビル B1F,1.0,OK,J’Z STUDIO 千歳烏山店 東京都世田谷区南烏山
池袋 ミント,〒170-0014 東京都豊島区池袋１丁目８-５ 池袋MINTORONビルB1F,https://mint.studiosquare.jp/,03-5822-4050,,0,4,3,80,S優先度記事×3|複数記事候補×4,ChIJy41edwCNGGAROWc6-aGossc,ミント,,,〒171-0014 東京都豊島区池袋２丁目４−４ 徳永第５ビル,0.75,OK,池袋 ミント 東京都豊島区池袋
Las Danzas in Tokyo,〒162-0065 東京都新宿区住吉町 １-１８TVB曙橋ビル3階,https://las-danzas.com/,03-6274-8408,,0,4,3,80,S優先度記事×3|複数記事候補×4,ChIJielf7fGMGGARuGOmzOHXkMc,Las Danzas in Tokyo,5.0,2.0,〒162-0065 東京都新宿区住吉町1-18TVB−１ 曙橋ビル 3階,1.0,OK,Las Danzas in Tokyo 東京都新宿区住吉町 １?１８TVB曙橋ビル3階
Lanikai Dance Studio,〒134-0083 東京都江戸川区中葛西５丁目２０-１９ ローヤルマンション葛西 1階,https://lanikai.tokyo/,03-5878-0230,,0,5,2,80,S優先度記事×2|複数記事候補×5|候補少記事に出現,ChIJEYLYGPKHGGARSUkItZ_f-k0,Lanikai Dance Studio,5.0,1.0,〒134-0083 東京都江戸川区中葛西５丁目２０−１９ ローヤルマンション葛西 1階,1.0,OK,Lanikai Dance Studio 東京都江戸川区中葛西
Pole and Aerial Studio POLISH中目黒,〒153-0051 東京都目黒区上目黒１丁目６-５ 3 階,https://www.polish-415.com/,,,0,4,3,80,S優先度記事×3|複数記事候補×4,ChIJq6p-ukiLGGAR8qMWWy2tDbc,Pole and Aerial Studio POLISH中目黒,4.3,19.0,〒153-0051 東京都目黒区上目黒１丁目６−５ 3 階,1.0,OK,Pole and Aerial Studio POLISH中目黒 東京都目黒区上目黒
スタジオLINOVA（リノ・バ）,〒167-0054 東京都杉並区松庵３丁目１-６ 松庵ユニオンビル B1,,,,0,5,2,80,S優先度記事×2|複数記事候補×5|候補少記事に出現,ChIJzUIQpuvvGGARU0KjoeA5RKo,スタジオLINOVA（リノ・バ）,4.0,2.0,〒167-0054 東京都杉並区松庵３丁目１−６ 松庵ユニオンビル B1,1.0,OK,スタジオLINOVA（リノ・バ） 東京都杉並区松庵
東京タワーメディアセンター,〒105-0011 東京都港区芝公園４丁目４-７ 東京タワーメディアセンタ 3F,http://starrise-tower.com/,03-6721-5450,,0,5,2,80,S優先度記事×2|複数記事候補×5|候補少記事に出現,ChIJu7L-oL2LGGARRQxymZW4RPY,東京タワーメディアセンタ,,,〒105-0011 東京都港区芝公園４丁目４−７ 東京タワーメディアセンタ,0.96,OK,東京タワーメディアセンター 東京都港区芝公園
Rinky Dink Studio 梅ヶ丘,〒154-0022 東京都世田谷区梅丘１丁目２１-７ ３階～４階 梅丘駅前ビル,https://rinky.info/studio/umegaoka/,03-3420-3721,,0,4,3,80,S優先度記事×3|複数記事候補×4,ChIJl6feOHTzGGAReFbMaMJeFzA,Rinky Dink Studio 梅ヶ丘,4.0,35.0,〒154-0022 東京都世田谷区梅丘１丁目２１−７ 梅丘駅前ビル ３階～４階,1.0,OK,Rinky Dink Studio 梅ヶ丘 東京都世田谷区梅丘
西荻窪永谷ダンススタジオ,〒167-0054 東京都杉並区松庵３丁目４０-９,http://www.ntgp.co.jp/,0422-21-9325,,0,4,2,75,S優先度記事×2|複数記事候補×4|候補少記事に出現,ChIJ8_pwyxHuGGARfkJPQWo2_JI,西荻窪永谷ダンススタジオ,,,〒167-0054 東京都杉並区松庵３丁目４０−９,1.0,OK,西荻窪永谷ダンススタジオ 東京都杉並区松庵
金町 レンタルスタジオ ダンスロッヂ,〒125-0042 東京都葛飾区金町６丁目１２-１３ セザール金町マンション １０１,https://lodge.studiosquare.jp/,03-5822-4050,,0,4,2,75,S優先度記事×2|複数記事候補×4|候補少記事に出現,ChIJUS8ibcmFGGARVz1TiduI4F4,金町 レンタルスタジオ ダンスロッヂ,4.8,4.0,〒125-0042 東京都葛飾区金町６丁目１２−１３ セザール金町マンション １０１,1.0,OK,金町 レンタルスタジオ ダンスロッヂ 東京都葛飾区金町
駒沢ダンスガーデン,〒154-0011 東京都世田谷区上馬３丁目７-８,https://www.ks-co.co.jp/,03-3419-9876,,0,4,2,75,S優先度記事×2|複数記事候補×4|候補少記事に出現,ChIJa8se85D0GGARIUUgq7X_yDs,駒沢ダンスガーデン,5.0,1.0,〒154-0011 東京都世田谷区上馬３丁目７−８,1.0,OK,駒沢ダンスガーデン 東京都世田谷区上馬
ＪＰスタジオ,〒165-0027 東京都中野区野方５丁目１７-１０,http://jp-studio.net/,03-3310-7771,,0,3,3,75,S優先度記事×3|複数記事候補×3,ChIJc7NFhXjtGGARf90fzSEn1Uc,ＪＰスタジオ,5.0,2.0,〒165-0027 東京都中野区野方５丁目１７−１０,1.0,OK,ＪＰスタジオ 東京都中野区野方
レンタルスタジオ 国立リノ,〒186-0002 東京都国立市東１丁目15-22 4 国立サニービル 階C号室,http://kunitachi-lino.linovery.com/,,,0,4,2,75,S優先度記事×2|複数記事候補×4|候補少記事に出現,ChIJqX2rBPjlGGARQOwr82DKg-s,レンタルスタジオ 国立リノ,4.5,2.0,〒186-0002 東京都国立市東１丁目15−22 4 階C号室,1.0,OK,レンタルスタジオ 国立リノ 東京都国立市東
キッズダンススタジオstudioCROSS（スタジオクロス）国立谷保スタジオ,〒186-0003 東京都国立市富士見台２丁目１８-２ 富士見台ビル 2階,http://www.studiocross.info/,042-505-8179,,0,4,2,75,S優先度記事×2|複数記事候補×4|候補少記事に出現,ChIJFYWW2KPjGGAR3Up55akULCI,キッズダンススタジオstudioCROSS（スタジオクロス）国立谷保スタジオ,5.0,2.0,〒186-0003 東京都国立市富士見台２丁目１８−２ 2階,1.0,OK,キッズダンススタジオstudioCROSS（スタジオクロス）国立谷保スタジオ 東京都国立市富士見台
キッズダンススタジオstudioCROSS（スタジオクロス）国立駅ゴールドジムクラス,〒186-0004 東京都国立市中１丁目9-３０ 国立せきやビル 5階 ゴールドジム内,https://studiocross.info/,042-505-8179,,0,4,2,75,S優先度記事×2|複数記事候補×4|候補少記事に出現,ChIJzXTv2_vjGGARY6VAKc4dFWE,キッズダンススタジオstudioCROSS（スタジオクロス）国立駅ゴールドジムクラス,,,〒186-0004 東京都国立市中１丁目9−３０ 国立せきやビル 5階 ゴールドジム内,1.0,OK,キッズダンススタジオstudioCROSS（スタジオクロス）国立駅ゴールドジムクラス 東京都国立市中
Dance Studio Linda 中目黒,〒153-0043 東京都目黒区東山１丁目４-１３ ASA東山ビル １F,,,,0,4,2,75,S優先度記事×2|複数記事候補×4|候補少記事に出現,ChIJiW4sFKWLGGARalWX5kUukNw,Dance Studio Linda 中目黒,4.8,5.0,〒153-0043 東京都目黒区東山１丁目４−１３ ASA東山ビル １F,1.0,OK,Dance Studio Linda 中目黒 東京都目黒区東山
キッズダンススタジオstudioCROSS（スタジオクロス）高幡不動クラス 日野市 多摩カルチャーセンター,〒191-0031 東京都日野市高幡３-１０ 遠藤ビル 2階,http://www.studiocross.info/,042-505-8179,,0,4,2,75,S優先度記事×2|複数記事候補×4|候補少記事に出現,ChIJGQV2MgXjGGARrVI9T-3jxOs,キッズダンススタジオstudioCROSS（スタジオクロス）高幡不動クラス 日野市 多摩カルチャーセンター,,,〒191-0031 東京都日野市高幡３−１０ 遠藤ビル 2階,1.0,OK,キッズダンススタジオstudioCROSS（スタジオクロス）高幡不動クラス 日野市 多摩カルチャーセンター 東京都日野市高幡３-１０ 遠藤ビル 2階
Studio B,〒153-0041 東京都目黒区駒場３丁目５-６,http://www.photo-studiob.com/,03-6407-9915,,0,4,2,75,S優先度記事×2|複数記事候補×4|候補少記事に出現,ChIJ2wybWlTzGGAReW0FH0TU4KI,studio B,,,〒153-0041 東京都目黒区駒場３丁目５−６ studio B,1.0,OK,Studio B 東京都目黒区駒場
かよバレエスタジオ,〒187-0002 東京都小平市花小金井１丁目１２-７,http://www.kayoballet.com/,042-452-5817,,0,4,2,75,S優先度記事×2|複数記事候補×4|候補少記事に出現,ChIJ64OMZuDlGGARwmXdKB2zH6Y,かよバレエスタジオ,4.0,3.0,〒187-0002 東京都小平市花小金井１丁目１２−７,1.0,OK,かよバレエスタジオ 東京都小平市花小金井
ノアスタジオ 学芸大店,〒152-0003 東京都目黒区碑文谷５丁目２５-１０ 1F?7F ノアビル２２,https://www.noahstudio.jp/shop/gakugeidai/,03-3710-2011,,0,4,2,75,S優先度記事×2|複数記事候補×4|候補少記事に出現,ChIJgX5Xytr0GGARftC2wmx9s_o,ノアスタジオ 学芸大店,3.7,241.0,〒152-0003 東京都目黒区碑文谷５丁目２５−１０ ノアビル22 1F〜7F,1.0,OK,ノアスタジオ 学芸大店 東京都目黒区碑文谷
ダンスプレイスフェリーチェ (dance place FELICE),〒125-0041 東京都葛飾区東金町１丁目４２-１０ 東金町ビル ５階,http://danceplacefelice.com/,03-5876-4649,,0,4,2,75,S優先度記事×2|複数記事候補×4|候補少記事に出現,ChIJMadgOhGFGGARrUhZdGwOI_c,ダンスプレイスフェリーチェ (dance place FELICE),4.6,8.0,〒125-0041 東京都葛飾区東金町１丁目４２−１０ 東金町ビル ５階,1.0,OK,ダンスプレイスフェリーチェ (dance place FELICE) 東京都葛飾区東金町
studio FANTO,〒101-0032 東京都千代田区岩本町３丁目１-９ NOVEL WORK Iwamotocho B1F,https://www.fanto.studio/,03-3866-8699,,0,3,3,75,S優先度記事×3|複数記事候補×3,ChIJM2hFfKmOGGARHHBTGy_ya8M,studio FANTO,5.0,1.0,〒101-0032 東京都千代田区岩本町３丁目１−９ NOVEL WORK Iwamotocho B1F,1.0,OK,studio FANTO 東京都千代田区岩本町
国立ミュージカルスタジオ,〒186-0002 東京都国立市東１丁目１-１?２９ 第2いちやまハイツ 3F,http://un-even.com/,042-505-5968,,0,4,2,75,S優先度記事×2|複数記事候補×4|候補少記事に出現,ChIJ9xTtOAfkGGARGF4dXFM-brc,国立ミュージカルスタジオ,2.7,3.0,〒186-0002 東京都国立市東１丁目１−１−２９ 第2いちやまハイツ 3F,1.0,OK,国立ミュージカルスタジオ 東京都国立市東
塩野啓子バレエスタジオ,〒186-0003 東京都国立市富士見台４丁目12-１,http://shionoballet.jp/,042-577-5663,,0,4,2,75,S優先度記事×2|複数記事候補×4|候補少記事に出現,ChIJKRepLunjGGARH8hORbUkAqY,塩野啓子バレエスタジオ,,,〒186-0003 東京都国立市富士見台３丁目8−１３ 右1,1.0,OK,塩野啓子バレエスタジオ 東京都国立市富士見台
ナプア アラ オナオナ 恵比寿校,〒150-0013 東京都渋谷区恵比寿１丁目１-６ エビスオークビル1-2F,http://www.napua.jp/,03-3446-0236,,0,3,3,75,S優先度記事×3|複数記事候補×3,ChIJydBK0EGLGGARJ_8EZ_XqgQU,ナプア アラ オナオナ 恵比寿校,,,〒150-0013 東京都渋谷区恵比寿１丁目１−６ エビスオークビル 1 201,1.0,OK,ナプア アラ オナオナ 恵比寿校 東京都渋谷区恵比寿
Studio GENIE,〒124-0012 東京都葛飾区立石６丁目１-６,https://studio-genie.tokyo/,,,0,4,2,75,S優先度記事×2|複数記事候補×4|候補少記事に出現,ChIJURwAHUqPGGARm8o79DevNw4,Studio GENIE,5.0,3.0,〒124-0012 東京都葛飾区立石６丁目１−６,1.0,OK,Studio GENIE 東京都葛飾区立石
リズムアートダンススタジオ,〒108-0023 東京都港区芝浦４丁目９-１８ グランドパレス田町2F,http://rhythm-art.jp/,03-6809-6610,,0,4,2,75,S優先度記事×2|複数記事候補×4|候補少記事に出現,ChIJ_Zeqg0yKGGARJUrHY_l5avk,リズムアートダンススタジオ,3.6,11.0,〒108-0023 東京都港区芝浦４丁目９−１８ グランドパレス田町 2F,1.0,OK,リズムアートダンススタジオ 東京都港区芝浦
Studio Faith（スタジオフェイス）浦安校,〒279-0001 千葉県浦安市当代島１丁目１７-１９ 第2岡清ビル 5F,http://www.s-faith.com/urayasu/,047-352-5747,,0,4,2,75,S優先度記事×2|複数記事候補×4|候補少記事に出現,ChIJlVnFWYCHGGAR7MJg9s7E660,Studio Faith（スタジオフェイス）浦安校,4.5,2.0,〒279-0001 千葉県浦安市当代島１丁目１７−１９ 第2岡清ビル 5F,1.0,OK,Studio Faith（スタジオフェイス）浦安校 千葉県浦安市当代島
仙川 スタジオ 舞仙 レンタルダンススタジオ,〒182-0002 東京都調布市仙川町１丁目１８-２５ 第一富沢ビル 3F,https://sengawa.studiosquare.jp/,03-5822-4050,,0,4,2,75,S優先度記事×2|複数記事候補×4|候補少記事に出現,ChIJC4qhTv_xGGARSslevxRJ20Q,仙川 スタジオ 舞仙 レンタルダンススタジオ,,,〒182-0002 東京都調布市仙川町１丁目１８−２５ 3F,1.0,OK,仙川 スタジオ 舞仙 レンタルダンススタジオ 東京都調布市仙川町
加藤みや子ダンススペース ANNEX SENGAWA-FACTORY,〒182-0002 東京都調布市仙川町２丁目１８-２１,https://www.asfkdspace.com/,03-3309-7200,,0,4,2,75,S優先度記事×2|複数記事候補×4|候補少記事に出現,ChIJcUxKObnxGGARk0X9h3oexeA,加藤みや子ダンススペース ANNEX SENGAWA-FACTORY,5.0,5.0,〒182-0002 東京都調布市仙川町２丁目１８−２１,1.0,OK,加藤みや子ダンススペース ANNEX SENGAWA-FACTORY 東京都調布市仙川町
祐天寺 キッズダンス！ Navilla Dance School,〒153-0052 東京都目黒区祐天寺２丁目１５-１６,https://dance-navilla.com/,090-6489-4564,,0,4,2,75,S優先度記事×2|複数記事候補×4|候補少記事に出現,ChIJrahBePz1GGARrE0GroNmEL4,祐天寺 ダンススクール！ Navilla Dance School,5.0,9.0,〒153-0052 東京都目黒区祐天寺２丁目１５−１６,0.877,OK,祐天寺 キッズダンス！ Navilla Dance School 東京都目黒区祐天寺
Studio ballet with...,〒104-0041 東京都中央区新富１丁目３-１６ 第２アサヒビル １階,https://balletwithyou.com/,070-3786-8505,,0,4,2,75,S優先度記事×2|複数記事候補×4|候補少記事に出現,ChIJWWEVUE-JGGARJVH8nG0Z_Fo,STUDIO BALLET WITH,5.0,1.0,〒104-0041 東京都中央区新富１丁目３−１６ 第２アサヒビル １階,0.914,OK,Studio ballet with... 東京都中央区新富
rjspace外苑前駅4番出口,〒107-0062 東京都港区南青山２丁目１４-１７ アートメイク・トキ 美容室内 ジョワレ南青山 第18吉田ビル 2F,http://rjspace.com/,,,0,4,2,75,S優先度記事×2|複数記事候補×4|候補少記事に出現,ChIJq6pa5pyMGGAR93iY-6cz8og,rjspace外苑前駅4番出口,,,〒107-0062 東京都港区南青山２丁目１４−１７ ジョワレ南青山 第18吉田ビル 2F アートメイク・トキ 美容室内,1.0,OK,rjspace外苑前駅4番出口 東京都港区南青山
ダンススクエア 浦安スタジオ,〒279-0002 千葉県浦安市北栄１丁目１-１５ 3階,http://d-s-u-s.com/,,,0,4,2,75,S優先度記事×2|複数記事候補×4|候補少記事に出現,ChIJdSNdAYCHGGARjk1QGm0uoB8,ダンススクエア 浦安スタジオ,5.0,2.0,〒279-0002 千葉県浦安市北栄１丁目１−１５ 3階,1.0,OK,ダンススクエア 浦安スタジオ 千葉県浦安市北栄
CurioSpace多摩センター,〒206-0042 東京都多摩市山王下１丁目13-１２ パールプラザ 204号,https://upnow.jp/curiospace/tamacenterstudio,050-3101-4159,,0,4,2,75,S優先度記事×2|複数記事候補×4|候補少記事に出現,ChIJ48w80XzjGGARnGkXkOP4KsY,CurioSpace多摩センター ダンススタジオ,2.0,4.0,〒206-0042 東京都多摩市山王下１丁目13−１２ パールプラザ 204号,0.821,OK,CurioSpace多摩センター 東京都多摩市山王下
ダンススタジオ・レンタルスタジオ_DANCE SPACE 365,〒156-0041 東京都世田谷区大原１丁目２４-４ ローザ新代田 B1-2号室,https://www.dancespace365.com/,,,0,4,2,75,S優先度記事×2|複数記事候補×4|候補少記事に出現,ChIJYfCKqkHzGGAR1sSVwO6L8eQ,レンタルスタジオ・ダンススタジオ_DANCE SPACE 365,4.9,11.0,〒156-0041 東京都世田谷区大原１丁目２４−４ ローザ新代田 B1-2号室,0.821,OK,ダンススタジオ・レンタルスタジオ_DANCE SPACE 365 東京都世田谷区大原
バレエアーツ秋葉原,〒101-0021 東京都千代田区外神田３丁目４-７ 昌平童夢館,http://ballet-kba.com/,,,0,3,3,75,S優先度記事×3|複数記事候補×3,ChIJxzVjgh6MGGARbdRAZaiDrLQ,バレエアーツ秋葉原,,,〒101-0021 東京都千代田区外神田３丁目４−７ 昌平童夢館 ５F,1.0,OK,バレエアーツ秋葉原 東京都千代田区外神田
スタジオリリオ＆カフェ,〒125-0061 東京都葛飾区２９ 亀有3-29-1リリオ弐番館B1,,03-6662-6054,,0,4,2,75,S優先度記事×2|複数記事候補×4|候補少記事に出現,ChIJsYTESI-PGGARREMz1qNc5Dg,スタジオリリオ＆カフェ,3.0,1.0,〒125-0061 東京都葛飾区亀有３丁目２９ 亀有3-29-1リリオ弐番館B1,1.0,OK,スタジオリリオ＆カフェ 東京都葛飾区２９ 亀有3-29-1リリオ弐番館B1
自由が丘フラスタジオ LAKI ALOHA,〒158-0083 東京都世田谷区奥沢２丁目４５-８,https://lakialoha.com/,050-5328-4863,,0,4,2,75,S優先度記事×2|複数記事候補×4|候補少記事に出現,ChIJj5BfViH1GGARDF184wGiM3o,自由が丘フラスタジオ LAKI ALOHA,5.0,8.0,〒158-0083 東京都世田谷区奥沢２丁目４５−８,1.0,OK,自由が丘フラスタジオ LAKI ALOHA 東京都世田谷区奥沢
広尾ピースオブモダンダンススタジオ,〒106-0047 東京都港区南麻布５丁目１３-１２,https://pomdance.com/,03-6277-1052,,0,4,2,75,S優先度記事×2|複数記事候補×4|候補少記事に出現,ChIJAQAAANOKGGARZdlRSvj8UZ8,広尾ピースオブモダンダンススタジオ,,,〒106-0047 東京都港区南麻布５丁目１３−１２,1.0,OK,広尾ピースオブモダンダンススタジオ 東京都港区南麻布
三軒茶屋 銀杏の葉 レンタルダンススタジオ,〒154-0004 東京都世田谷区太子堂１丁目４-３３ アークビル 3F,https://icho.studiosquare.jp/,03-5822-4050,,0,4,2,75,S優先度記事×2|複数記事候補×4|候補少記事に出現,ChIJsS5mPlL1GGARngJZB1jBBhk,三軒茶屋 銀杏の葉 レンタルダンススタジオ,,,〒154-0004 東京都世田谷区太子堂１丁目４−３３ アークビル 3F,1.0,OK,三軒茶屋 銀杏の葉 レンタルダンススタジオ 東京都世田谷区太子堂
学園坂スタジオ,〒187-0043 東京都小平市学園東町７-７ 1-7-41 ナカムラ ビル 3F,https://www.gakuenzaka.com/,042-202-0423,,0,4,2,75,S優先度記事×2|複数記事候補×4|候補少記事に出現,ChIJs5AFUITmGGAR79P8CXD88Ws,学園坂スタジオ,5.0,4.0,〒187-0043 東京都小平市学園東町１丁目７−４１ ナカムラビル 3F,1.0,OK,学園坂スタジオ 東京都小平市学園東町７-７ 1-7-41 ナカムラ ビル 3F
STUDIO ENOCH,〒183-0014 東京都府中市是政５丁目6-6 104,https://studio-enoch.jp/,070-2832-1221,,0,4,2,75,S優先度記事×2|複数記事候補×4|候補少記事に出現,ChIJu-CvsdjlGGARj3W9kp4XH5Y,STUDIO ENOCH（スタジオ エノック）,5.0,3.0,〒183-0014 東京都府中市是政５丁目6−６ 104,0.688,OK,STUDIO ENOCH 東京都府中市是政
シライシダンススタジオ,〒106-0047 東京都港区南麻布５丁目１０-２６ ＯＲＥ広尾ビル ２階,http://shiraishidance.com/,03-6450-4143,,0,4,2,75,S優先度記事×2|複数記事候補×4|候補少記事に出現,ChIJMUPaZHKLGGARd9Obl7raOEA,シライシダンススタジオ,4.0,4.0,〒106-0047 東京都港区南麻布５丁目１０−２６ ２階,1.0,OK,シライシダンススタジオ 東京都港区南麻布
ティーアイエス（株）,〒150-0021 東京都渋谷区恵比寿西１丁目３０-１４ エコー代官山,http://tisandyou.jp/,03-3476-0082,,0,3,3,75,S優先度記事×3|複数記事候補×3,ChIJa1uoGkSLGGARIjs1cwQ64Fk,ティーアイエス㈱,,,〒150-0021 東京都渋谷区恵比寿西１丁目３０−１４ エコー代官山,0.778,OK,ティーアイエス（株） 東京都渋谷区恵比寿西
スタジオ in フットサルステージ（多摩センター）,〒206-0033 東京都多摩市落合１丁目４７ ニューシティ多摩センタービル ８F,http://futsal-stage.com/studio/,042-316-7231,,0,4,2,75,S優先度記事×2|複数記事候補×4|候補少記事に出現,ChIJE2RpQAzjGGARw7F3rbC2LrM,スタジオ in フットサルステージ（多摩センター）,,,〒206-0033 東京都多摩市落合１丁目４７ ニューシティ多摩センタービル ８F,1.0,OK,スタジオ in フットサルステージ（多摩センター） 東京都多摩市落合
ファーストクラブ,〒187-0043 東京都小平市学園東町１丁目７-４１-４,http://amusementbarmr1stx.wixsite.com/mr1stx,042-313-4155,,0,4,2,75,S優先度記事×2|複数記事候補×4|候補少記事に出現,ChIJ1308UITmGGARmGm5g7j8LWw,ファーストクラブ,3.5,4.0,〒187-0043 東京都小平市学園東町１丁目７−４１−４,1.0,OK,ファーストクラブ 東京都小平市学園東町
自由が丘 セレナヴィータ レンタルスタジオ,〒152-0035 東京都目黒区自由が丘２丁目３-１２ ２Ｆ－Ｂ セレナヴィータ自由が丘,https://jiyugaoka.studiosquare.jp/,03-5822-4050,,0,4,2,75,S優先度記事×2|複数記事候補×4|候補少記事に出現,ChIJXXJlbOH0GGARz1_vjV2E7gQ,自由が丘 セレナヴィータ レンタルスタジオ,,,〒152-0035 東京都目黒区自由が丘２丁目３−１２ セレナヴィータ自由が丘 ２Ｆ－Ｂ,1.0,OK,自由が丘 セレナヴィータ レンタルスタジオ 東京都目黒区自由が丘
スタジオ・アヴァンティ,〒189-0014 東京都東村山市本町２丁目２１-３ ファーストステージ東村山,https://www.a-dance.com/,042-397-1475,,0,4,2,75,S優先度記事×2|複数記事候補×4|候補少記事に出現,ChIJIYq8BWnnGGARlJPAky46bp4,アヴァンティ,4.4,15.0,〒189-0023 東京都東村山市本町２丁目21−3(1 階・地下,0.75,OK,スタジオ・アヴァンティ 東京都東村山市本町
渋谷・代官山・バレエ,〒150-0034 東京都渋谷区代官山町７-５ ブリルビル,https://shibuya-daikanyama-ballet.com/,03-6455-2879,,0,3,3,75,S優先度記事×3|複数記事候補×3,ChIJv2Ri60SLGGARPZB_BJ_M6S4,渋谷・代官山・バレエ,,,〒150-0034 東京都渋谷区代官山町７−５,1.0,OK,渋谷・代官山・バレエ 東京都渋谷区代官山町７?５ ブリルビル
フラメンコスタジオ エル ソニケテ,〒191-0062 東京都日野市多摩平２丁目１２-２ 山崎ビル1F,http://www.soniquete.info/,,,0,4,2,75,S優先度記事×2|複数記事候補×4|候補少記事に出現,ChIJ0dkx7oIdGWARDw6so3y9ssU,フラメンコスタジオ エル ソニケテ,3.7,3.0,〒191-0062 東京都日野市多摩平２丁目12−２ 山崎ビル 1F,1.0,OK,フラメンコスタジオ エル ソニケテ 東京都日野市多摩平
レンタルスタジオStudioIrodori白金高輪店,〒108-0072 東京都港区白金３丁目１-１２ 第2浅野ビル １０１号室,https://studioirodori.com/,050-3628-5392,,0,4,2,75,S優先度記事×2|複数記事候補×4|候補少記事に出現,ChIJkdefYniLGGARSpnJMESf-Vo,レンタルスタジオStudioIrodori白金高輪1号店,5.0,3.0,〒108-0072 東京都港区白金３丁目１−１２ 第2浅野ビル １０１号室,0.963,OK,レンタルスタジオStudioIrodori白金高輪店 東京都港区白金
レンタルスタジオStudioIrodori赤羽橋,〒106-0044 東京都港区東麻布１丁目１８-７ リヴェールハヤシ B1F,https://studioirodori.com/,050-3628-5392,,0,4,2,75,S優先度記事×2|複数記事候補×4|候補少記事に出現,ChIJK4VYoceLGGARqylJBH9dd_k,レンタルスタジオStudioIrodori赤羽橋,5.0,1.0,〒106-0044 東京都港区東麻布１丁目１８−７ B1F,1.0,OK,レンタルスタジオStudioIrodori赤羽橋 東京都港区東麻布
NML dance studio,〒189-0014 東京都東村山市本町２丁目21-３ 1F,http://nmldancestudio.com/,090-8045-3811,,0,4,2,75,S優先度記事×2|複数記事候補×4|候補少記事に出現,ChIJWfQJu4DnGGARjjV0oM_eElw,NML dance studio,5.0,1.0,〒189-0014 東京都東村山市本町２丁目21−３ 1F,1.0,OK,NML dance studio 東京都東村山市本町
Ohana Room Studio浦安,〒279-0002 千葉県浦安市北栄１丁目１５-５ レクス浦安駅前 ４F,https://ohanaroom.jp/,,,0,4,2,75,S優先度記事×2|複数記事候補×4|候補少記事に出現,ChIJ55zeAhCHGGARSKs0tbq_CO0,Ohana Room Studio浦安,,,〒279-0002 千葉県浦安市北栄１丁目１５−５ レクス浦安駅前 ４F,1.0,OK,Ohana Room Studio浦安 千葉県浦安市北栄
OnePlace Dance Studio,〒111-0053 東京都台東区浅草橋３丁目１９-２ 地下1階 冨士ビル,https://one-place-llc.wixsite.com/oneplace,03-5825-4043,,0,4,2,75,S優先度記事×2|複数記事候補×4|候補少記事に出現,ChIJEVFlyWHjGGAR2hpkCgAfYQQ,OnePlace Dance Studio,4.5,4.0,〒111-0053 東京都台東区浅草橋３丁目１９−２ 冨士ビル 地下1階,1.0,OK,OnePlace Dance Studio 東京都台東区浅草橋
Musa studio《自由が丘レンタルスタジオ》,〒152-0034 東京都目黒区緑が丘２丁目１９-１１,https://ja-jp.facebook.com/musastudio/,080-4384-5228,,0,4,2,75,S優先度記事×2|複数記事候補×4|候補少記事に出現,ChIJx7vASKD1GGARdgtkusLoWoE,Musa studio《自由が丘レンタルスタジオ》,4.0,1.0,〒152-0034 東京都目黒区緑が丘２丁目１９−１１,1.0,OK,Musa studio《自由が丘レンタルスタジオ》 東京都目黒区緑が丘
SPACE AVAILABLE 浅草橋,〒111-0053 東京都台東区浅草橋１丁目１２-３ KSビル B1F,https://www.space-avail.com/,,,0,3,3,75,S優先度記事×3|複数記事候補×3,ChIJs3iM_x2PGGAR-5k8dMbAbf8,SPACE AVAILABLE 浅草橋,4.6,13.0,〒111-0053 東京都台東区浅草橋１丁目１２−３ KSビル B1F,1.0,OK,SPACE AVAILABLE 浅草橋 東京都台東区浅草橋
レンタルスタジオAivic池袋西口 レンタルスタジオAivic池袋西口,東京都豊島区西池袋3-23-8 平井ビル7階,,,,0,3,3,75,S優先度記事×3|複数記事候補×3,ChIJg88zWgCNGGARNBf3YX7tGTk,レンタルスタジオAivic池袋東口2号店,5.0,1.0,〒170-0013 東京都豊島区東池袋２丁目５７−１ Kb東池袋II,0.593,OK,レンタルスタジオAivic池袋西口 レンタルスタジオAivic池袋西口 東京都豊島区西池袋3-23-8 平井ビル7階
スタジオSOPIC,〒194-0045 東京都町田市南成瀬１丁目2-１,https://studio.sopic-jp.com/,042-728-8784,,0,4,2,75,S優先度記事×2|複数記事候補×4|候補少記事に出現,ChIJ92f_dhz5GGARMvud_ltGIac,スタジオ NARUSE Sta.,5.0,1.0,〒194-0045 東京都町田市南成瀬１丁目2−１,0.435,OK,スタジオSOPIC 東京都町田市南成瀬
スタジオR&Y,〒154-0011 東京都世田谷区上馬２丁目３１-１３ フラワーホーム102,https://www.studio-r-and-y.com/,090-7233-3934,,0,4,2,75,S優先度記事×2|複数記事候補×4|候補少記事に出現,ChIJAQCQ65v0GGARmZxSzUR0GyU,スタジオR&Y,5.0,2.0,〒154-0011 東京都世田谷区上馬２丁目３１−１３ フラワーホーム102,1.0,OK,スタジオR&Y 東京都世田谷区上馬
池ノ上道場 / 池ノ上スタジオ Ikenoue-dojo/Ikenoue studio,〒155-0032 東京都世田谷区代沢２丁目４８-２１ ２階,https://ikenouedojo.com/,,,0,4,2,75,S優先度記事×2|複数記事候補×4|候補少記事に出現,ChIJBRtvoEPzGGARqvP-zXk_z_g,池ノ上道場 / 池ノ上スタジオ Ikenoue-dojo/Ikenoue studio,,,〒155-0032 東京都世田谷区代沢２丁目４８−２１ ２階,1.0,OK,池ノ上道場 / 池ノ上スタジオ Ikenoue-dojo/Ikenoue studio 東京都世田谷区代沢
スタジオフラップ,〒152-0003 東京都目黒区碑文谷５丁目１４-１３,http://dance-flap.com/,03-5724-5581,,0,4,2,75,S優先度記事×2|複数記事候補×4|候補少記事に出現,ChIJ_xN48dD0GGARHi3T5glbr1E,スタジオフラップ,3.5,2.0,〒152-0003 東京都目黒区碑文谷５丁目１４−１３,1.0,OK,スタジオフラップ 東京都目黒区碑文谷
JK Studio 赤羽橋,〒106-0044 東京都港区東麻布１丁目１８-７ リヴェールハヤシ B1,https://www.instabase.jp/space/8187721432,050-5372-4665,,0,4,2,75,S優先度記事×2|複数記事候補×4|候補少記事に出現,ChIJQ10eOgCTGGAR-SpyTeCRp5M,JIC Studio 赤羽,4.6,11.0,〒115-0045 東京都北区赤羽２丁目２５−５ TS-2 101,0.818,OK,JK Studio 赤羽橋 東京都港区東麻布
スタジオマーティ 駒沢大学 / STUDIO marty Komazawa,〒154-0011 東京都世田谷区上馬２丁目２-５ ２F,https://www.studiomarty.co.jp/komazawadaigaku/,03-6450-8689,,0,4,2,75,S優先度記事×2|複数記事候補×4|候補少記事に出現,ChIJq6oddZr0GGAREg2llRm8qxU,スタジオマーティ 駒沢大学 / STUDIO marty Komazawa,5.0,1.0,〒154-0011 東京都世田谷区上馬２丁目２−５ ２F,1.0,OK,スタジオマーティ 駒沢大学 / STUDIO marty Komazawa 東京都世田谷区上馬
MKH dance fit studio,〒279-0001 千葉県浦安市当代島１丁目１６-１９ 大塚ビル 3階,https://www.mkhdancefitstudio.com/,047-712-7489,,0,4,2,75,S優先度記事×2|複数記事候補×4|候補少記事に出現,ChIJfyLganiHGGARRqf0X2lJsSA,MKH dance fit studio,3.7,3.0,〒279-0001 千葉県浦安市当代島１丁目１６−１９ 大塚ビル 3階,1.0,OK,MKH dance fit studio 千葉県浦安市当代島
A-KIDS DANCE STUDIO,〒191-0011 東京都日野市日野本町４丁目５-５ ＨＳビル 2F,http://www.akidsdancestudio.com/,080-5884-7544,,0,4,2,75,S優先度記事×2|複数記事候補×4|候補少記事に出現,ChIJdYpe8g7jGGARxfzO9yTpjtA,A-KIDS DANCE STUDIO,,,〒191-0011 東京都日野市日野本町４丁目５−５ ＨＳビル 2F,1.0,OK,A-KIDS DANCE STUDIO 東京都日野市日野本町
株式会社expg family,〒153-0043 東京都目黒区東山１丁目２-２ 目黒東山スクエアビル 4F,http://www.e-t-c.net/,03-5725-0430,,0,4,2,75,S優先度記事×2|複数記事候補×4|候補少記事に出現,ChIJjSjPG1-NGGARSXyDaBkBNtk,㈱expg family,,,〒153-0043 東京都目黒区東山１丁目２−２ 目黒東山スクエアビル 4F,0.8,OK,株式会社expg family 東京都目黒区東山
Ka Hula O Hawai?i,〒150-0013 東京都渋谷区恵比寿４丁目４-５ ?三伊藤ビル 3F,https://kahulaohawaii.com/,03-5795-2873,,0,3,3,75,S優先度記事×3|複数記事候補×3,ChIJ8-vyDouLGGARw84lbmKiNNA,Ka Hula O Hawaiʻi,,,〒150-0013 東京都渋谷区恵比寿４丁目４−５ 㐧三伊藤ビル 3F,0.929,OK,Ka Hula O Hawai?i 東京都渋谷区恵比寿
ソピックカルチャー総合サイト,〒194-0045 東京都町田市南成瀬１丁目２-１,https://culture.sopic-jp.com/,042-728-8784,,0,4,2,75,S優先度記事×2|複数記事候補×4|候補少記事に出現,ChIJz-XwiRv5GGARacqjVOjIj5Y,成瀬駅前カルチャー総合サイト,1.0,1.0,〒194-0045 東京都町田市南成瀬１丁目２−１,0.714,OK,ソピックカルチャー総合サイト 東京都町田市南成瀬
YR CLUB HOUSE 国領店,〒182-0022 東京都調布市国領町３丁目１０-４,http://yrch.jp/,042-426-7711,,0,4,2,75,S優先度記事×2|複数記事候補×4|候補少記事に出現,ChIJJfF6e0XwGGARPhrOjIakyQc,YR CLUB HOUSE 国領店,5.0,10.0,〒182-0022 東京都調布市国領町３丁目１０−４,1.0,OK,YR CLUB HOUSE 国領店 東京都調布市国領町
マウリ・ナニスタジオ,〒194-0004 東京都町田市鶴間１丁目１８-１ ドルフ南町田101,http://maulinani.com/,090-4968-9496,,0,4,2,75,S優先度記事×2|複数記事候補×4|候補少記事に出現,ChIJ29fdYur4GGAR1kU1qvdxF3Y,Mauli Nani Studio,,,〒194-0004 東京都町田市鶴間１丁目18−１,0.0,OK,マウリ・ナニスタジオ 東京都町田市鶴間
貸スペース 東京レンタルスタジオ,〒125-0061 東京都葛飾区亀有３丁目１３-２ 亀有鞠子ビル4階,,070-5087-2001,,0,4,2,75,S優先度記事×2|複数記事候補×4|候補少記事に出現,ChIJvffUWlmNGGARxUbjp1KCSIw,貸スペース 東京レンタルスタジオ,,,〒125-0061 東京都葛飾区亀有３丁目１３−２ 亀有鞠子ビル4階,1.0,OK,貸スペース 東京レンタルスタジオ 東京都葛飾区亀有
谷淑江スペイン舞踊スタジオ DANZARTE（ダンサルテ）,〒150-0013 東京都渋谷区恵比寿１丁目１６-28-2F ＴＫビル,http://www.danzarte.xyz/,,,0,3,3,75,S優先度記事×3|複数記事候補×3,ChIJG-bd7mqLGGAR_rj-pDkXWGU,谷淑江スペイン舞踊スタジオ DANZARTE（ダンサルテ）,,,〒150-0013 東京都渋谷区恵比寿１丁目１６−28-2F ＴＫビル,1.0,OK,谷淑江スペイン舞踊スタジオ DANZARTE（ダンサルテ） 東京都渋谷区恵比寿
金町カフェレンタルスタジオ,〒125-0041 東京都葛飾区東金町１丁目３８-４ ニュー金町ビル ４F,https://kanamachi.inforent.jp/,03-5822-4050,,0,4,2,75,S優先度記事×2|複数記事候補×4|候補少記事に出現,ChIJ_3rOvXOFGGARcHF_fPgYU2k,金町カフェレンタルスタジオ,5.0,2.0,〒125-0041 東京都葛飾区東金町１丁目３８−４ ニュー金町ビル ４F,1.0,OK,金町カフェレンタルスタジオ 東京都葛飾区東金町
ペンテフラットスタジオ,〒279-0002 千葉県浦安市北栄１丁目１１-４０ １F ビル,http://penteflat.com/,047-350-8338,,0,4,2,75,S優先度記事×2|複数記事候補×4|候補少記事に出現,ChIJH5ghCweHGGARAX7UiDXNfNA,ペンテフラットスタジオ,5.0,1.0,〒279-0002 千葉県浦安市北栄１丁目１１−４０ １F ビル,1.0,OK,ペンテフラットスタジオ 千葉県浦安市北栄
プレジャーガレージ,〒150-0031 東京都渋谷区桜丘町２４-３,http://www.pg-g.com/,03-3770-7651,,0,3,3,75,S優先度記事×3|複数記事候補×3,ChIJY0-RZVeLGGARV72k4oZ9K8U,プレジャーガレージ,,,〒150-0031 東京都渋谷区桜丘町２４−３,1.0,OK,プレジャーガレージ 東京都渋谷区桜丘町２４?３
Another ONE+ （銀座レンタルスペース）,〒104-0061 東京都中央区銀座３丁目１２-１８ 新岩間ビル 3F,https://aopg.jp/,090-4610-1850,,0,6,2,70,S優先度記事×2|複数記事候補×6,ChIJkfQU00mLGGARzb8iRX4aRgk,Another ONE+ （銀座レンタルスペース）,4.7,14.0,〒104-0061 東京都中央区銀座３丁目１２−１８ 新岩間ビル 3F,1.0,OK,Another ONE+ （銀座レンタルスペース） 東京都中央区銀座
スタジオマーティ,〒108-0073 東京都港区三田２丁目１４-４ １Ｆ,https://www.studiomarty.co.jp/yoga-pilates/tokyo-mitakeio/,03-6809-6565,,0,3,2,70,S優先度記事×2|複数記事候補×3|候補少記事に出現,ChIJwcnjrraLGGARcDOhEVrHL34,スタジオマーティ 東京三田慶応 / STUDIO marty Tokyo Mita Keio,3.7,6.0,〒108-0073 東京都港区三田２丁目１４−４ １Ｆ,0.34,OK,スタジオマーティ 東京都港区三田
青木愛子 スペイン舞踊研究所,〒141-0022 東京都品川区東五反田１丁目１８-４ ＧＴＤイーストビル,http://flamenco.co.jp/,03-3473-3435,,0,3,2,70,S優先度記事×2|複数記事候補×3|候補少記事に出現,ChIJn96g0_uKGGARnDdDjIVMGao,青木愛子 スペイン舞踊研究所,,,〒141-0022 東京都品川区東五反田１丁目１８−４ ＧＴＤイーストビル,1.0,OK,青木愛子 スペイン舞踊研究所 東京都品川区東五反田
Studio Cosmique（スタジオコスミーク）,〒108-0023 東京都港区芝浦２丁目１４ １４-１３ １ 階 Mck芝浦ビル,http://studiocosmique.com/,,,0,3,2,70,S優先度記事×2|複数記事候補×3|候補少記事に出現,ChIJh6uyVbWLGGAR8Cp7UM0N-Sg,Studio Cosmique（スタジオコスミーク）,,,〒108-0023 東京都港区芝浦２丁目１４ Mck芝浦ビル １４−１３ １ 階,1.0,OK,Studio Cosmique（スタジオコスミーク） 東京都港区芝浦
サムシン コンビニエンス スタジオ,〒104-0032 東京都中央区八丁堀２丁目１-２ 水澤ビル,,03-6222-8987,,0,3,2,70,S優先度記事×2|複数記事候補×3|候補少記事に出現,ChIJVVVZ-liJGGARvGnhPuKOsXc,サムシン コンビニエンス スタジオ,4.1,8.0,〒104-0032 東京都中央区八丁堀２丁目１−２ 水澤ビル 3F,1.0,OK,サムシン コンビニエンス スタジオ 東京都中央区八丁堀
スタジオM,〒141-0032 東京都品川区大崎２丁目７-２,,090-1504-2825,,0,3,2,70,S優先度記事×2|複数記事候補×3|候補少記事に出現,ChIJgcZBm_OKGGARrhfkUFr77-4,スタジオM,,,〒141-0032 東京都品川区大崎２丁目７−２,1.0,OK,スタジオM 東京都品川区大崎
スタジオエイル,〒153-0053 東京都目黒区五本木３丁目１８-７ 第２飯島ビル,http://studio-ailes.com/,03-5721-2911,,0,3,2,70,S優先度記事×2|複数記事候補×3|候補少記事に出現,ChIJ8xe4Hsz0GGAReKayQosKViI,スタジオエイル,,,〒153-0053 東京都目黒区五本木３丁目１８−７ 第２飯島ビル,1.0,OK,スタジオエイル 東京都目黒区五本木
スタジオルゥ,〒155-0031 東京都世田谷区北沢１丁目３９-７ ＳＡビル 2F N,http://www.lou.co.jp/,03-6407-0081,,0,3,2,70,S優先度記事×2|複数記事候補×3|候補少記事に出現,ChIJZVe2HmrzGGARVougsgYyGaQ,スタジオルゥ,3.8,8.0,〒155-0031 東京都世田谷区北沢１丁目３９−７ ＳＡビル 2F N,1.0,OK,スタジオルゥ 東京都世田谷区北沢
琉球スタジオCanDokoro,〒160-0007 東京都新宿区荒木町６-４ ラ・ベルロシェ 101,https://candokoro.com/,,,0,3,2,70,S優先度記事×2|複数記事候補×3|候補少記事に出現,ChIJ_6ocO3WNGGARCz9dkclXGZs,琉球スタジオCanDokoro,5.0,3.0,〒160-0007 東京都新宿区荒木町６−４ ラ・ベルロシェ 101,1.0,OK,琉球スタジオCanDokoro 東京都新宿区荒木町６-４ ラ・ベルロシェ 101
バレエアトリエリュミエール,〒169-0051 東京都新宿区西早稲田２丁目３-１ 早稲田奉仕園 奉仕園会館一号館地下一階 You-Iホール,https://ballet-atelier-lumiere.net/,050-3749-6386,,0,3,2,70,S優先度記事×2|複数記事候補×3|候補少記事に出現,ChIJjYtOCYuNGGARY9itgkIjwGg,バレエアトリエリュミエール,5.0,1.0,〒169-0051 東京都新宿区西早稲田２丁目３−１ 早稲田奉仕園 奉仕園会館一号館地下一階 You-Iホール,1.0,OK,バレエアトリエリュミエール 東京都新宿区西早稲田
ルミエールバレエスタジオ,〒140-0014 東京都品川区大井１丁目３１-１,https://oimachi-lbs.com/,080-5539-2735,,0,3,2,70,S優先度記事×2|複数記事候補×3|候補少記事に出現,ChIJEz4ZWw6LGGAR245VIUkGgf8,ルミエールバレエスタジオ,5.0,1.0,〒140-0014 東京都品川区大井１丁目３１−１,1.0,OK,ルミエールバレエスタジオ 東京都品川区大井
アリスト バレエスタジオ,〒155-0031 東京都世田谷区北沢２丁目９-２１ ミナミ10号館ビル 4階,https://aristoballetstudio.com/,03-3485-1522,,0,3,2,70,S優先度記事×2|複数記事候補×3|候補少記事に出現,ChIJVVXBimrzGGARpwZRDTJgtkQ,Aristo BALLET STUDIO,4.3,6.0,〒155-0031 東京都世田谷区北沢２丁目９−２１ ミナミ10号館ビル 4階,0.0,OK,アリスト バレエスタジオ 東京都世田谷区北沢
Studio sun and moon,〒160-0004 東京都新宿区四谷４丁目１３-５８,http://www.sunandmoon.tokyo.jp/index.html,,,0,3,2,70,S優先度記事×2|複数記事候補×3|候補少記事に出現,ChIJWfQlWt6NGGARyDRWb1dGMIY,Studio sun and moon,4.2,6.0,〒160-0004 東京都新宿区四谷４丁目１３−５８,1.0,OK,Studio sun and moon 東京都新宿区四谷
山県順子モダンバレエスタジオ,〒140-0014 東京都品川区大井３丁目４-８,http://www.yoriko-dance.com/index.html,03-3773-7355,,0,3,2,70,S優先度記事×2|複数記事候補×3|候補少記事に出現,ChIJS09m1kOLGGARbt_qeskqbhg,山県順子モダンバレエスタジオ,5.0,1.0,〒140-0014 東京都品川区大井３丁目４−８,1.0,OK,山県順子モダンバレエスタジオ 東京都品川区大井
BUZZ レンタルスタジオ八王子店,〒192-0082 東京都八王子市東町１１-３ センチュリーステーションビル B1,,,,0,5,2,65,S優先度記事×2|複数記事候補×5,ChIJH-b8m34dGWARfjPtVHs9ncY,BUZZ八王子,2.7,7.0,〒192-0082 東京都八王子市東町１１−３ センチュリーステーションビル B1,0.609,OK,BUZZ レンタルスタジオ八王子店 東京都八王子市東町１１?３ センチュリーステーションビル B1
吉祥寺 三鷹 モリノスタジオ,〒181-0013 東京都三鷹市下連雀１丁目１７-４ GRATO井の頭公園 2F,https://morino.studiosquare.jp/,03-5822-4050,,0,6,1,65,S優先度記事×1|複数記事候補×6|候補少記事に出現,ChIJCcKoZzXuGGARgaI_VSONBtE,吉祥寺 三鷹 モリノスタジオ,5.0,8.0,〒181-0013 東京都三鷹市下連雀１丁目１７−４ GRATO井の頭公園 2F,1.0,OK,吉祥寺 三鷹 モリノスタジオ 東京都三鷹市下連雀
明治座森下スタジオ,〒135-0004 東京都江東区森下３丁目６-５,http://www.meijiza.co.jp/morishita/,03-5638-0481,,0,5,2,65,S優先度記事×2|複数記事候補×5,ChIJ307hDTuJGGARLb4Apws6nmo,明治座森下スタジオ,3.7,52.0,〒135-0004 東京都江東区森下３丁目６−５,1.0,OK,明治座森下スタジオ 東京都江東区森下
ブイラボミュージカル,〒105-0003 東京都港区西新橋３丁目２４,http://vlab-musical.net/,090-6480-0091,,0,5,2,65,S優先度記事×2|複数記事候補×5,ChIJC7Y8-1CLGGARwnfOepgDwho,ブイラボミュージカル,4.9,21.0,〒105-0003 東京都港区西新橋３丁目２４−５,1.0,OK,ブイラボミュージカル 東京都港区西新橋
早坂ダンススタジオ,〒180-0003 東京都武蔵野市吉祥寺南町２丁目６-１,https://hayasaka-dance-school.com/,0422-46-1127,,0,5,2,65,S優先度記事×2|複数記事候補×5,ChIJNTh-XDjuGGARcibx7JP2CTA,早坂ダンススタジオ,5.0,1.0,〒180-0003 東京都武蔵野市吉祥寺南町２丁目６−１ 早坂ビル 301,1.0,OK,早坂ダンススタジオ 東京都武蔵野市吉祥寺南町
H?lau Hula Coco,〒104-0045 東京都中央区築地１丁目１２-１５ 三ツ田ビル 4F,http://www.hula-coco.jp/,03-6228-4696,,0,5,2,65,S優先度記事×2|複数記事候補×5,ChIJ0b_uZ96LGGARqGfzdMSKQQQ,Hālau Hula Coco,4.0,1.0,〒104-0045 東京都中央区築地１丁目１２−１５ 三ツ田ビル 4F,0.923,OK,H?lau Hula Coco 東京都中央区築地
スタジオよもだB館,〒110-0003 東京都台東区根岸２丁目１７-１,https://www.studioyomoda.com/,03-5849-4191,,0,5,2,65,S優先度記事×2|複数記事候補×5,ChIJowtU_8aPGGARYvRSfFu2afs,スタジオよもだB館,3.5,4.0,〒110-0003 東京都台東区根岸２丁目１７−１,1.0,OK,スタジオよもだB館 東京都台東区根岸
スタジオアンダンティーノ,〒114-0014 東京都北区田端５丁目１-１２,https://studio-andantino.com/index.html,,,0,5,2,65,S優先度記事×2|複数記事候補×5,ChIJBWFGbsKNGGARya8yaoTeUsg,スタジオアンダンティーノ,4.3,65.0,〒114-0014 東京都北区田端５丁目１−１２,1.0,OK,スタジオアンダンティーノ 東京都北区田端
LIMITED Creaation. dance studio,〒180-0004 東京都武蔵野市１丁目２４-７ 吉祥寺光ビル 6F 吉祥寺,https://limited-studio.com/,,,0,5,2,65,S優先度記事×2|複数記事候補×5,ChIJ4-SpTbjvGGARvOr_AgkaDEk,LIMITED Creaation. dance studio,4.5,2.0,〒180-0004 東京都武蔵野市吉祥寺本町１丁目２４−７ 吉祥寺光ビル 6F 吉祥寺,1.0,OK,LIMITED Creaation. dance studio 東京都武蔵野市
SHAKE DANCE STUDIO 八王子校,〒192-0081 東京都八王子市横山町５-１４ ｗｉｌｌＤｏ八王子,http://www.studio-shake.com/,042-649-8828,,0,5,2,65,S優先度記事×2|複数記事候補×5,ChIJfeKgkNgdGWAR6WQQ2vgaViE,SHAKE DANCE STUDIO 八王子校,4.0,10.0,〒192-0081 東京都八王子市横山町５−１４,1.0,OK,SHAKE DANCE STUDIO 八王子校 東京都八王子市横山町５?１４ ｗｉｌｌＤｏ八王子
レンタルスタジオSunny高田馬場2号店,〒169-0075 東京都高田馬場１丁目３４-２ 千葉ビル 1F,https://11dance.com/,,,0,5,2,65,S優先度記事×2|複数記事候補×5,ChIJNRvvgg2NGGARFFPjbXqiQk8,レンタルスタジオSunny高田馬場2号店,4.7,15.0,〒169-0075 東京都新宿区高田馬場１丁目３４−２ 千葉ビル 1F,1.0,OK,レンタルスタジオSunny高田馬場2号店 東京都高田馬場
スタジオＲ,〒110-0001 東京都台東区谷中２丁目８-１２,http://studior.tokyo/,,,0,5,2,65,S優先度記事×2|複数記事候補×5,ChIJx7acKdONGGARlrTzOo85dYA,スタジオＲ,4.0,2.0,〒110-0001 東京都台東区谷中２丁目８−１２,1.0,OK,スタジオＲ 東京都台東区谷中
スタジオWITHテライダンスカンパニー,〒116-0014 東京都荒川区東日暮里６丁目４５-３ ハイウエストビル3F ハイウエストビル,,03-3806-3837,,0,5,2,65,S優先度記事×2|複数記事候補×5,ChIJZwxiVX6OGGARBwKzCszYmQI,スタジオWITH,1.0,1.0,〒116-0014 東京都荒川区東日暮里６丁目４５−３ ハイウエストビル ハイウエストビル3F,0.593,OK,スタジオWITHテライダンスカンパニー 東京都荒川区東日暮里
セミナー &【JK Room 虎ノ門】,〒105-0003 東京都港区西新橋１丁目１９-１４ 大和ビル ３A,https://jk-room.com/location.html,050-5372-4665,,0,5,2,65,S優先度記事×2|複数記事候補×5,ChIJUyTIWcKLGGARo6gUkm6o3_k,セミナー & ダンススタジオ【JK Room 虎ノ門】,4.3,4.0,〒105-0003 東京都港区西新橋１丁目１９−１４ 大和ビル ３A,0.821,OK,セミナー &【JK Room 虎ノ門】 東京都港区西新橋
FANTASY DANCE SCHOOL 八王子店,〒192-0904 東京都八王子市子安町１丁目２６-１４ 26-14 301,,042-401-8781,,0,5,2,65,S優先度記事×2|複数記事候補×5,ChIJ9f44NXsdGWAR0njJi8zKz68,FANTASY DANCE SCHOOL 八王子店,2.7,3.0,〒192-0904 東京都八王子市子安町１丁目２６−１４,1.0,OK,FANTASY DANCE SCHOOL 八王子店 東京都八王子市子安町
FINEDAY浜松町,〒105-0012 東京都港区芝大門１丁目２-２２ 2F(200 パレステュディオ芝大門,https://www.finedayrental.com/,,,0,5,2,65,S優先度記事×2|複数記事候補×5,ChIJa7ZkyveLGGARkVvALu3D5Hw,FINEDAY浜松町,5.0,1.0,〒105-0012 東京都港区芝大門１丁目２−２２ パレステュディオ芝大門 2F(200,1.0,OK,FINEDAY浜松町 東京都港区芝大門
スタジオよもだ A館,〒110-0003 東京都台東区１２ 根岸2丁目12-11 スタジオよもだ,https://www.studioyomoda.com/,03-5849-4191,,0,5,2,65,S優先度記事×2|複数記事候補×5,ChIJBWVVzYaOGGARUePbqU6upsk,スタジオよもだ A館,4.3,18.0,〒110-0003 東京都台東区根岸２丁目１２ 根岸2丁目12-11 スタジオよもだ,1.0,OK,スタジオよもだ A館 東京都台東区１２ 根岸
銀座花道スタジオ,〒104-0061 東京都中央区銀座３丁目１４-１８ 小野寺ビル 2F,https://ginza.studiosquare.jp/,03-5822-4050,,0,5,2,65,S優先度記事×2|複数記事候補×5,ChIJBe158uCLGGARvwBGIZprl0Y,銀座花道スタジオ,4.0,1.0,〒104-0061 東京都中央区銀座３丁目１４−１８ 小野寺ビル 2F,1.0,OK,銀座花道スタジオ 東京都中央区銀座
吉祥寺スタジオ・レダ,〒180-0002 東京都武蔵野市吉祥寺東町１丁目１１-１８ Ｍビル 2F,,0422-23-7227,,0,5,2,65,S優先度記事×2|複数記事候補×5,ChIJy-F7OkfuGGAR3JmOIR39OKQ,吉祥寺スタジオ・レダ,4.1,26.0,〒180-0002 東京都武蔵野市吉祥寺東町１丁目１１−１８ Ｍビル 2F,1.0,OK,吉祥寺スタジオ・レダ 東京都武蔵野市吉祥寺東町
Ballet & Dance DUE,〒136-0071 東京都江東区亀戸７丁目４３-５ 小林ビル,https://ballet-dance-uno.com/,090-5584-7922,,0,5,2,65,S優先度記事×2|複数記事候補×5,ChIJnSFJAaSJGGAR0qdEaexuRXk,Ballet & Dance DUE,5.0,1.0,〒130-0023 東京都墨田区立川１丁目１０−３ 片岡ビル 201,1.0,OK,Ballet & Dance DUE 東京都江東区亀戸
World of Dance Studios Tokyo,〒180-0004 東京都武蔵野市吉祥寺本町１丁目２４-７ 吉祥寺光ビル 6F,https://wod-studio.tokyo/?utm_source=google&utm_medium=maps&utm_id=googlemybusiness,0422-29-3048,,0,5,2,65,S優先度記事×2|複数記事候補×5,ChIJjXJBSWLvGGARqw9vfj6b12g,World of Dance Studios Tokyo,3.6,5.0,〒180-0004 東京都武蔵野市吉祥寺本町１丁目２４−７ 吉祥寺光ビル 6F,1.0,OK,World of Dance Studios Tokyo 東京都武蔵野市吉祥寺本町
Risley八王子店,〒192-0085 東京都八王子市中町７-１１ 福島ビル B1,https://hachioji-risley.space/,090-6689-2537,,0,5,2,65,S優先度記事×2|複数記事候補×5,ChIJPSUYVowdGWARjL_Nu7S9-w4,Risley八王子店,4.4,19.0,〒192-0085 東京都八王子市中町７−１１ 福島ビル B1,1.0,OK,Risley八王子店 東京都八王子市中町７?１１ 福島ビル B1
スタジオ プリメーラ(スタジオ プリメラ),〒169-0072 東京都新宿区大久保２丁目８-８ 青葉ビル,http://primera.moo.jp/?page_id=2,080-8948-3449,,0,5,2,65,S優先度記事×2|複数記事候補×5,ChIJAVBcX3aNGGAReQajgpzGSBk,スタジオ プリメーラ(スタジオ プリメラ),,,〒169-0072 東京都新宿区大久保２丁目８−８ 青葉ビル,1.0,OK,スタジオ プリメーラ(スタジオ プリメラ) 東京都新宿区大久保
スタジオ ダ・ヴィンチ,"〒105-0021 東京都港区東新橋２丁目４-６ パラッツオシエナ 1 2,3F",https://studio-davinci.jp/,03-6432-0160,,0,5,2,65,S優先度記事×2|複数記事候補×5,ChIJa0Y0W3uLGGARz-1RcuRQzts,STUDIO DA VINCI,3.9,14.0,〒105-0021 東京都港区東新橋２丁目４−６ パラッツオシエナ 1F〜3F,0.0,OK,スタジオ ダ・ヴィンチ 東京都港区東新橋
スタジオ カノン 東町店,〒184-0011 東京都八王子市東町２丁目９ ムジカ八王子ビル,,,,0,5,2,65,S優先度記事×2|複数記事候補×5,ChIJGTpvRLjvGGAR5VBuMw1egmM,スタジオ カノン 東町店,,,〒184-0011 東京都八王子市東町２丁目２−９,1.0,OK,スタジオ カノン 東町店 東京都八王子市東町
ケアリノフラスタジオ,〒179-0081 東京都練馬区北町８丁目３６-２,http://kealino-hula.com/,03-6915-7537,,0,5,2,65,S優先度記事×2|複数記事候補×5,ChIJ6z6go73tGGAR4RQjBjoYUp8,ケアリノフラスタジオ,5.0,3.0,〒179-0081 東京都練馬区北町８丁目３６−２,1.0,OK,ケアリノフラスタジオ 東京都練馬区北町
アルゼンチンタンゴ協会,〒104-0061 東京都中央区銀座７丁目１４-７ 共栄銀座７丁目ビル,http://tangokyoukai.com/,03-3544-5600,,0,5,2,65,S優先度記事×2|複数記事候補×5,ChIJf2_TgOeLGGARcx-Mu8NF1t0,アルゼンチンタンゴ協会,4.7,6.0,〒104-0061 東京都中央区銀座７丁目１４−７ 共栄銀座７丁目ビル ３階,1.0,OK,アルゼンチンタンゴ協会 東京都中央区銀座
レンタルスタジオ吉祥寺OLI（オリ）,〒180-0003 東京都武蔵野市吉祥寺南町２丁目２０-１ 吉祥寺オリンピックマンション B8,https://www.rentalstudio-oli.com/,,,0,5,2,65,S優先度記事×2|複数記事候補×5,ChIJ3ek16LjvGGARwKdW2c4NUk8,レンタルスタジオ吉祥寺OLI（オリ）,,,〒180-0003 東京都武蔵野市吉祥寺南町２丁目２０−１ B8,1.0,OK,レンタルスタジオ吉祥寺OLI（オリ） 東京都武蔵野市吉祥寺南町
レンタルスタジオ新富町 ?Danzatakara. Studio?,"Shintomi 2-1-7, Fujichuo building B1, 中央区 東京都 140-0041",https://www.instabase.jp/space/2165415368,,,0,5,2,65,S優先度記事×2|複数記事候補×5,ChIJma9JO-CLGGARXy1oRyOGqFw,レンタルスタジオ新富町 −Danzatakara. Studio–,5.0,1.0,"〒140-0041 東京都中央区Shintomi, ２丁目１−７ Fujichuo building B1, １",0.935,OK,"レンタルスタジオ新富町 ?Danzatakara. Studio? Shintomi 2-1-7, Fujichuo building B1, 中央区 東京都 140-0041"
ダンススペース ベースオントップ吉祥寺店,〒180-0004 東京都武蔵野市吉祥寺本町１丁目２０-３ B1F,https://bassontop.tokyo.jp/dance_kichijoji/,0422-27-1334,,0,5,2,65,S優先度記事×2|複数記事候補×5,ChIJG7Jx3v_vGGARW-OR60jiaXo,ダンススペース ベースオントップ吉祥寺店,3.0,6.0,〒180-0004 東京都武蔵野市吉祥寺本町１丁目２０−３ B1F,1.0,OK,ダンススペース ベースオントップ吉祥寺店 東京都武蔵野市吉祥寺本町
レンタルスタジオ REBRI,〒192-0085 東京都八王子市中町７-７ ニシカワビル 5F,,070-1541-0908,,0,5,2,65,S優先度記事×2|複数記事候補×5,ChIJAQBkCNgdGWAR0fVgyX8o_bU,レンタルスタジオ REBRI,1.0,1.0,〒192-0085 東京都八王子市中町７−７ ニシカワビル 5F,1.0,OK,レンタルスタジオ REBRI 東京都八王子市中町７?７ ニシカワビル 5F
Ballet Studio M'z,〒107-0052 東京都港区赤坂７丁目９-７ 小林ビル 5F,https://balletstudio-mz.com/,03-3583-2038,,0,5,2,65,S優先度記事×2|複数記事候補×5,,,,,,,NOT_FOUND,Ballet Studio M'z 東京都港区赤坂
吉祥寺ダンススタジオ【STUDIO55】スタジオゴーゴー,〒180-0004 東京都武蔵野市吉祥寺本町１丁目３３-１０ 丸二ビル,https://www.studio55.tv/,0422-27-5514,,0,5,2,65,S優先度記事×2|複数記事候補×5,ChIJxYijTUfuGGARJjdKc0wlr58,吉祥寺ダンススタジオ【STUDIO55】スタジオゴーゴー,5.0,5.0,〒180-0004 東京都武蔵野市吉祥寺本町１丁目３３−１０ 丸二ビル,1.0,OK,吉祥寺ダンススタジオ【STUDIO55】スタジオゴーゴー 東京都武蔵野市吉祥寺本町
吉祥寺レンタルスペース[Studio Amrita WEST],"吉祥寺藤彩ビル B1, ２丁目-１７-１２ 吉祥寺本町 武蔵野市 東京都 180-0004",http://rental.studioamrita.com/,0422-23-6611,,0,5,2,65,S優先度記事×2|複数記事候補×5,ChIJb33ZHUnuGGARe6pYPmFIF4Q,Studio Amrita WEST スタジオアムリタウエスト・吉祥寺レンタルスペース,4.1,7.0,"吉祥寺藤彩ビル B1, ２丁目-１７-12 吉祥寺本町 武蔵野市 東京都 180-0004",0.471,OK,"吉祥寺レンタルスペース[Studio Amrita WEST] 吉祥寺藤彩ビル B1,"
アカペラスタジオ ベースオントップ吉祥寺店,〒180-0004 東京都武蔵野市吉祥寺本町１丁目２０-３ B1F,https://bassontop.tokyo.jp/a-cappella_kichijoji/,0422-27-1334,,0,5,2,65,S優先度記事×2|複数記事候補×5,ChIJQffrHirvGGAR-XwS5lO98aA,アカペラスタジオ ベースオントップ吉祥寺店,3.0,4.0,〒180-0004 東京都武蔵野市吉祥寺本町１丁目２０−３ B1F,1.0,OK,アカペラスタジオ ベースオントップ吉祥寺店 東京都武蔵野市吉祥寺本町
カミヤマダンススタジオ,〒192-0046 東京都八王子市明神町４丁目６-２ 山口ビル 2F,http://www.kamiyama-d-s.jp/,042-642-4038,,0,5,2,65,S優先度記事×2|複数記事候補×5,ChIJZ40NXd4dGWARdbOvgFiFmhk,カミヤマダンススタジオ,5.0,2.0,〒192-0046 東京都八王子市明神町４丁目６−２ 山口ビルシャンボール京王八王子 山口ビル 2F,1.0,OK,カミヤマダンススタジオ 東京都八王子市明神町
カルサロ レンタルスタジオサロン,〒179-0073 東京都練馬区田柄２丁目３２-２３ アネックスミスズ ２F,https://www.okeiko-culsalo.com/,080-5885-5636,,0,5,2,65,S優先度記事×2|複数記事候補×5,ChIJSfYh5wDtGGARtvpi1a97XGI,カルサロ レンタルスタジオサロン,4.9,8.0,〒179-0073 東京都練馬区田柄２丁目３２−２３ アネックスミスズ ２F,1.0,OK,カルサロ レンタルスタジオサロン 東京都練馬区田柄
大人バレエシェリ 東京銀座スタジオ,〒104-0061 東京都中央区銀座５丁目１４-６ 橋ビルⅡ B1,https://cheriegroup.com/adult/ginza/,06-7777-0246,,0,5,2,65,S優先度記事×2|複数記事候補×5,ChIJxdycatSLGGAR-h6ygZ28vlU,大人バレエシェリ 東京銀座スタジオ,4.4,18.0,〒104-0061 東京都中央区銀座５丁目１４−６ 橋ビルⅡ B1,1.0,OK,大人バレエシェリ 東京銀座スタジオ 東京都中央区銀座
レンタルダンススタジオTerrace八王子,〒192-0085 東京都八王子市中町６-６ 店舗（旧 川和ビル 3階,,,,0,5,2,65,S優先度記事×2|複数記事候補×5,ChIJ0UdPTrUdGWARYu_2IXJLS20,レンタルダンススタジオTerrace八王子,5.0,2.0,〒192-0085 東京都八王子市中町６−６ 店舗（旧 川和ビル 3階,1.0,OK,レンタルダンススタジオTerrace八王子 東京都八王子市中町６?６ 店舗（旧 川和ビル 3階
[吉祥寺ダンススタジオ] Studio Amrita NORTH,〒180-0004 東京都武蔵野市吉祥寺本町２丁目５-１０ いちご吉祥寺ビル B1,http://rental.studioamrita.com/,0422-23-6611,,0,5,2,65,S優先度記事×2|複数記事候補×5,ChIJ__-PqkjuGGARKuk9YipwnuU,Studio Amrita NORTH スタジオアムリタノース・吉祥寺レンタルスタジオ,4.7,6.0,〒180-0004 東京都武蔵野市吉祥寺本町２丁目５−１０ いちご吉祥寺ビル B1,0.5,OK,[吉祥寺ダンススタジオ] Studio Amrita NORTH 東京都武蔵野市吉祥寺本町
StudioENTRADA森下,〒135-0004 東京都江東区森下３丁目８-７ カーム落合 1F,https://www.studio-entrada.com/,080-5057-5963,,0,5,2,65,S優先度記事×2|複数記事候補×5,ChIJR06gymOJGGARs_3ztwC4_-w,StudioENTRADA森下,5.0,1.0,〒135-0004 東京都江東区森下３丁目８−７ カーム落合 1F,1.0,OK,StudioENTRADA森下 東京都江東区森下
デイ・ナイト株式会社,〒100-0011 東京都千代田区内幸町１丁目１-２ Ud日比谷ビル 7F,https://cocoloca.jp/location/ud-hibiya/,03-6257-3986,,0,5,2,65,S優先度記事×2|複数記事候補×5,ChIJvTzY18eLGGARgVNdC2O4exU,デイ・ナイト株式会社,,,〒101-0035 東京都千代田区神田紺屋町７ 神田システムビル 2F,1.0,OK,デイ・ナイト株式会社 東京都千代田区内幸町
あおちゃんダンスコミュニケーション サルサダンス ブラジルダンス 認知症予防ダンス,〒110-0003 東京都台東区根岸２丁目１２-１１,https://danceclub.jp/,080-1253-1003,,0,5,2,65,S優先度記事×2|複数記事候補×5,ChIJL5FF-YuOGGARL1gBq1h6He8,【東京サルサ】あおちゃんダンスコミュニケーション,5.0,26.0,〒110-0003 東京都台東区根岸２丁目１２−１１,0.548,OK,あおちゃんダンスコミュニケーション サルサダンス ブラジルダンス 認知症予防ダンス 東京都台東区根岸
studio WILDKIDS 亀戸水神駅前校 CIERO studio,〒136-0071 東京都江東区亀戸８丁目１４-１１ 1階店舗,https://www.studio-wildkids.com/,080-9583-0025,,0,5,2,65,S優先度記事×2|複数記事候補×5,ChIJgdnavaCJGGARvCycfZrv1pI,studio WILDKIDS 亀戸水神駅前校 CIERO studio,5.0,3.0,〒136-0071 東京都江東区亀戸８丁目１４−１１ 1階店舗,1.0,OK,studio WILDKIDS 亀戸水神駅前校 CIERO studio 東京都江東区亀戸
イシカワヒロユキダンススタジオ,〒192-0081 東京都八王子市横山町３-６,https://ishi-hiro-d-s.com/,042-642-1056,,0,5,2,65,S優先度記事×2|複数記事候補×5,ChIJP0FCu9gdGWARvT17OO32eQc,イシカワヒロユキダンススタジオ,3.3,3.0,〒192-0081 東京都八王子市横山町３−６ 八王子横山町ＪＥビル,1.0,OK,イシカワヒロユキダンススタジオ 東京都八王子市横山町３?６
studio WILDKIDS 亀戸駅前校 SOLstudio,〒136-0071 東京都江東区亀戸６丁目５６-４ 1階店舗,https://www.studio-wildkids.com/,080-9583-0025,,0,5,2,65,S優先度記事×2|複数記事候補×5,ChIJgdnavaCJGGARvCycfZrv1pI,studio WILDKIDS 亀戸水神駅前校 CIERO studio,5.0,3.0,〒136-0071 東京都江東区亀戸８丁目１４−１１ 1階店舗,0.867,OK,studio WILDKIDS 亀戸駅前校 SOLstudio 東京都江東区亀戸
多目的スペース「時々海風が吹くスタジオ」,〒136-0071 東京都江東区亀戸７丁目４３-５,http://seisakuplus.com/umikazestudio/,03-5628-1325,,0,5,2,65,S優先度記事×2|複数記事候補×5,ChIJo7KBGnKJGGARto2FjAeU9FE,多目的スペース「時々海風が吹くスタジオ」,,,〒136-0071 東京都江東区亀戸７丁目４３−５,1.0,OK,多目的スペース「時々海風が吹くスタジオ」 東京都江東区亀戸
ノアスタジオ 吉祥寺店,〒180-0004 東京都武蔵野市吉祥寺本町２丁目１６-１２ B１F,https://www.noahstudio.jp/shop/kichijoji/,,,0,5,2,65,S優先度記事×2|複数記事候補×5,ChIJBz12J6XvGGARyrrl4J_nleE,ノアスタジオ 吉祥寺店,4.5,11.0,〒180-0004 東京都武蔵野市吉祥寺本町２丁目１６−１２ ヨキヒ吉祥寺 B１F,1.0,OK,ノアスタジオ 吉祥寺店 東京都武蔵野市吉祥寺本町
TONIC DANCE STUDIO 吉祥寺,〒180-0002 東京都武蔵野市吉祥寺東町１丁目１０-２１ 地下1階 西郊ビル,https://www.tonicdancestudio.com/,,,0,5,2,65,S優先度記事×2|複数記事候補×5,ChIJWSvvuPrvGGARFSvxfzuA_Os,TONIC DANCE STUDIO 吉祥寺,,,〒180-0002 東京都武蔵野市吉祥寺東町１丁目１０−２１ 西郊ビル 地下1階,1.0,OK,TONIC DANCE STUDIO 吉祥寺 東京都武蔵野市吉祥寺東町
原宿MOA,〒151-0051 東京都渋谷区千駄ケ谷３丁目５１-６ 原宿ＭＯＡ ビルM1F,https://harajuku.inforent.jp/,03-5822-4050,,0,5,2,65,S優先度記事×2|複数記事候補×5,ChIJD6wd97uMGGARmCYyEQBU6SA,原宿MOA,4.0,2.0,〒151-0051 東京都渋谷区千駄ケ谷３丁目５１−６ ビルM1F,1.0,OK,原宿MOA 東京都渋谷区千駄ケ谷
吉祥寺 レンタルスタジオ LC Rental,〒180-0004 東京都武蔵野市吉祥寺本町１丁目２４-７ 吉祥寺光ビル 6F,http://lcrental.xyz/,0422-29-3095,,0,5,2,65,S優先度記事×2|複数記事候補×5,ChIJbxk8e9_vGGARrI5IDHgrDfA,吉祥寺 レンタルスタジオ LC Rental,5.0,1.0,〒180-0004 東京都武蔵野市吉祥寺本町１丁目２４−７ 吉祥寺光ビル 6F,1.0,OK,吉祥寺 レンタルスタジオ LC Rental 東京都武蔵野市吉祥寺本町
吉祥寺 レンタルスタジオ さんだる倶楽部,〒180-0003 東京都武蔵野市吉祥寺南町１丁目３０-１ パークヴィラ吉祥寺２階,https://www.3daru.com/,,,0,5,2,65,S優先度記事×2|複数記事候補×5,ChIJ_f8zDUnuGGAR2OvRjjqgytw,吉祥寺 レンタルスタジオ さんだる倶楽部,,,〒180-0003 東京都武蔵野市吉祥寺南町１丁目３０−１ パークヴィラ吉祥寺 7F パークヴィラ吉祥寺２階,1.0,OK,吉祥寺 レンタルスタジオ さんだる倶楽部 東京都武蔵野市吉祥寺南町
赤坂茜山スタジオ,〒107-0052 東京都港区赤坂２丁目２１-１ 川本ビル Ｂ１Ｆ,http://akasaka.studiosquare.jp/,03-5822-4050,,0,5,2,65,S優先度記事×2|複数記事候補×5,ChIJV-0QFYSLGGARtT2kgYaP41k,赤坂茜山スタジオ,4.7,7.0,〒107-0052 東京都港区赤坂２丁目２１−１ 川本ビル Ｂ１Ｆ,1.0,OK,赤坂茜山スタジオ 東京都港区赤坂
BLM Dance School,〒196-0033 東京都昭島市１６ 東町1-16-11 4F,http://www.blm-music.com/,042-521-3365,,0,4,2,60,S優先度記事×2|複数記事候補×4,ChIJW-MS_7vhGGARXULIhlG7fZ4,BLM Dance School,,,〒196-0033 東京都昭島市東町１丁目１６ 東町1-16-11 4F,1.0,OK,BLM Dance School 東京都昭島市１６ 東町1-16-11 4F
麹町スタジオ,〒102-0093 東京都千代田区平河町１丁目５-１６ アオキスタジオビル,http://www.kpla.co.jp/studio/,03-3264-3951,,0,4,2,60,S優先度記事×2|複数記事候補×4,ChIJJ8dbBHuMGGARve-mT3I0028,麹町スタジオ,3.9,80.0,〒102-0093 東京都千代田区平河町１丁目５−１６ アオキスタジオビル,1.0,OK,麹町スタジオ 東京都千代田区平河町
ソニズレンタルスタジオ新中野鍋横第2店,〒164-0012 東京都中野区本町４丁目３０-１１ アーク新中野 B1,https://sonysdance.com/studio/nabe2,,,0,4,2,60,S優先度記事×2|複数記事候補×4,ChIJaXSMDsLzGGARv0iazikDRis,ソニズダンススタジオ新中野鍋横第2店,,,〒164-0012 東京都中野区本町４丁目３０−１１ B1,0.865,OK,ソニズレンタルスタジオ新中野鍋横第2店 東京都中野区本町
ソニズレンタルスタジオ新中野鍋横店,〒164-0011 東京都中野区中央３丁目３４-３ B1階,https://sonysdance.com/,,,0,4,2,60,S優先度記事×2|複数記事候補×4,ChIJ13npBcLyGGAR9dvQSxedmvI,ソニズダンススタジオ新中野鍋横第1・第3,4.5,4.0,〒164-0011 東京都中野区中央３丁目３４−３ B1階,0.722,OK,ソニズレンタルスタジオ新中野鍋横店 東京都中野区中央
ソニズダンススタジオ茗荷谷店,〒112-0006 東京都文京区小日向４丁目６-１９ 共立会館ビル B1階,https://sonysdance.com/,,,0,4,2,60,S優先度記事×2|複数記事候補×4,ChIJ_bhAKDWNGGARVthwVdFsysk,ソニズダンススタジオ茗荷谷店,5.0,1.0,〒112-0006 東京都文京区小日向４丁目６−１９ 共立会館ビル B1階,1.0,OK,ソニズダンススタジオ茗荷谷店 東京都文京区小日向
ダンスアンジェロ,〒169-0051 東京都新宿区西早稲田３丁目５-１３ 大永西早稲田ビル １F,https://danceangelo-dress.com/,070-6590-2015,,0,4,2,60,S優先度記事×2|複数記事候補×4,ChIJ8_qwCbyNGGAR5jx2f4WVTho,ダンスアンジェロ,5.0,1.0,〒169-0051 東京都新宿区西早稲田３丁目５−１３ 大永西早稲田ビル １F,1.0,OK,ダンスアンジェロ 東京都新宿区西早稲田
レンタルスタジオ スタジオサイ,〒165-0026 東京都中野区新井１丁目１-５,http://kikh.com/studiosai/,03-3385-2066,,0,4,2,60,S優先度記事×2|複数記事候補×4,ChIJQXzzv5fyGGARihRj_FNvZvU,レンタルスタジオ スタジオサイ,3.3,3.0,〒165-0026 東京都中野区新井１丁目１−５,1.0,OK,レンタルスタジオ スタジオサイ 東京都中野区新井
レンタルスタジオ シンデレラドリーム,〒136-0076 東京都江東区南砂２丁目１-８ フッコウビル ４F,http://rentalstudio-cinderella.com/,03-6458-6805,,0,4,2,60,S優先度記事×2|複数記事候補×4,ChIJj3bwRFaIGGARw7Nh6DyQk7o,写真館シンデレラ,3.9,11.0,〒136-0076 東京都江東区南砂２丁目１ 南砂２－１－８ フッコウビル４F,0.4,OK,レンタルスタジオ シンデレラドリーム 東京都江東区南砂
レンタルスタジオ ふわり,〒176-0006 東京都練馬区栄町１５-５ 小林ビル Ａ号室,https://fuwarimusic.jp/studio/,03-6915-8539,,0,4,2,60,S優先度記事×2|複数記事候補×4,ChIJ25JFEqDtGGAR3v2xf4KHGwg,レンタルスタジオ ふわり桜台,4.8,4.0,〒176-0006 東京都練馬区栄町１５−５ 小林ビル Ａ号室,0.917,OK,レンタルスタジオ ふわり 東京都練馬区栄町１５-５ 小林ビル Ａ号室
レンタルスタジオ Studio One,〒114-0031 東京都北区十条仲原１丁目８-２６ 清水ビル,,090-1269-7379,,0,4,2,60,S優先度記事×2|複数記事候補×4,ChIJBRW0dcSTGGAREkJ-LhfoJJk,レンタルスタジオ Studio One,5.0,1.0,〒114-0031 東京都北区十条仲原１丁目８−２６ 清水ビル,1.0,OK,レンタルスタジオ Studio One 東京都北区十条仲原
レンタルスタジオ N.studio,〒146-0091 東京都大田区鵜の木２丁目５-１ イーグル鵜の木,https://www.arabesque-n.com/n-studio/,,,0,4,2,60,S優先度記事×2|複数記事候補×4,ChIJlxpzO_VfGGAR0voZA8ps3Qk,レンタルスタジオ N.studio,5.0,1.0,〒146-0091 東京都大田区鵜の木２丁目５−１ イーグル鵜の木,1.0,OK,レンタルスタジオ N.studio 東京都大田区鵜の木
レンタルスタジオ HIKARI 築地,〒104-0045 東京都中央区築地２丁目１-１７ 陽光築地ビル 地下一階,https://hikari-studio.net/,050-3196-4716,,0,4,2,60,S優先度記事×2|複数記事候補×4,ChIJxfSGZp6JGGAR1Xb4MTunU-Y,レンタルスタジオ HIKARI 築地,1.3,3.0,〒104-0045 東京都中央区築地２丁目１−１７ 陽光築地ビル 地下一階,1.0,OK,レンタルスタジオ HIKARI 築地 東京都中央区築地
スタジオ・マンサナ,〒112-0002 東京都文京区小石川２丁目３-２１,http://flamenco-manzana.com/,03-5840-6578,,0,4,2,60,S優先度記事×2|複数記事候補×4,ChIJHxOrS0iMGGARaSGo5KIaVFM,スタジオ・マンサナ,5.0,1.0,〒112-0002 東京都文京区小石川２丁目３−２１,1.0,OK,スタジオ・マンサナ 東京都文京区小石川
スタジオルミエル,〒114-0023 東京都北区滝野川５丁目４１-４ 明成ビル B１F,http://lumiere.littlestar.jp/studio/,,,0,4,2,60,S優先度記事×2|複数記事候補×4,ChIJL0rk3sKTGGARCAR_ha-HQGs,スタジオルミエル,,,〒114-0023 東京都北区滝野川５丁目４１−４ 明成ビル B１F,1.0,OK,スタジオルミエル 東京都北区滝野川
スポーツクラブ ルネサンス 富士見台24,〒176-0021 東京都練馬区貫井３丁目１２-３３,https://www.s-re.jp/fujimidai/?utm_source=google&utm_medium=gMybusiness,03-5987-2433,,0,4,2,60,S優先度記事×2|複数記事候補×4,ChIJj0NQKcrtGGARigLDikS6BXE,スポーツクラブ＆サウナスパ ルネサンス 富士見台24,3.7,143.0,〒176-0021 東京都練馬区貫井３丁目１２−３３,0.857,OK,スポーツクラブ ルネサンス 富士見台24 東京都練馬区貫井
スペースF・L・S｜昭島レンタルスタジオ,〒196-0025 東京都昭島市朝日町１丁目 １１-５ ２F,http://ryuyu7.com/,042-542-4632,,0,4,2,60,S優先度記事×2|複数記事候補×4,ChIJW4KnitLhGGARnf8S-0xt2XQ,スペースF・L・S｜昭島レンタルスタジオ,3.0,1.0,〒196-0025 東京都昭島市朝日町１丁目１１−５ ２F,1.0,OK,スペースF・L・S｜昭島レンタルスタジオ 東京都昭島市朝日町
スタジオ響,〒164-0002 東京都中野区上高田３丁目３８-１１ 響ＳＯＵ,http://studiohibiki.nomaki.jp/,03-5380-6822,,0,4,2,60,S優先度記事×2|複数記事候補×4,ChIJj_4tcqLyGGARBKKZy_31-7Q,スタジオ響,5.0,6.0,〒164-0002 東京都中野区上高田３丁目３８−１１ 響ＳＯＵ,1.0,OK,スタジオ響 東京都中野区上高田
スタジオピアーチェ春日後楽園店,東京都文京区春日2丁目23番11号　コア伝通院アネックス地下一階,https://studio-piace.com/,,https://dance-studio-lab.com/room/MGRlMzFmOGEtODQ5Ni00YjlkLTliNzktNWRmYmI0NzkwM2Q0/detail,1,2,0,60,提携スタジオ|複数記事候補×2,ChIJaQUEXQCNGGAR4e3zKrexZ3E,スタジオピアーチェ後楽園,1.0,1.0,〒112-0003 東京都文京区春日２丁目２３−１１ コア伝通院アネックス 地下一階,0.889,OK,スタジオピアーチェ春日後楽園店 東京都文京区春日
スタジオジパング 錦糸町スタジオSTANDARD,〒130-0012 東京都墨田区太平３丁目１４-１０ スズキビルディング 1階,https://studiozipang.com/,,,0,5,1,60,S優先度記事×1|複数記事候補×5|候補少記事に出現,ChIJLR2ByzeJGGARwE_SIJYR818,スタジオジパング 錦糸町スタジオSTANDARD,3.5,6.0,〒130-0012 東京都墨田区太平３丁目１４−１０ スズキビルディング 1階,1.0,OK,スタジオジパング 錦糸町スタジオSTANDARD 東京都墨田区太平
スタジオジパング 池上スタジオSTANDARD,〒146-0082 東京都大田区池上６丁目５-１４ プレゼンス池上 地下1階,https://studiozipang.com/,,,0,4,2,60,S優先度記事×2|複数記事候補×4,ChIJCwJZB1FhGGARWaO-wObQMUs,スタジオジパング 池上スタジオSTANDARD,3.8,5.0,〒146-0082 東京都大田区池上６丁目５−１４ プレゼンス池上 地下1階,1.0,OK,スタジオジパング 池上スタジオSTANDARD 東京都大田区池上
スタジオアリス 足立舎人店,〒121-0831 東京都足立区舎人１丁目１５-９,https://www.studio-alice.co.jp/shop/store_detail.php?id=227,0120-722-753,,0,4,2,60,S優先度記事×2|複数記事候補×4,ChIJ5cFPpteTGGARMJaazVGd1Vo,スタジオアリス 足立舎人店,4.2,46.0,〒121-0831 東京都足立区舎人１丁目１５−９,1.0,OK,スタジオアリス 足立舎人店 東京都足立区舎人
レンタルスタジオCLI CLI,〒145-0064 東京都大田区上池台１丁目１-１,https://clicli.shopinfo.jp/,03-5702-1065,,0,4,2,60,S優先度記事×2|複数記事候補×4,ChIJ4dUOL7aKGGAR7sqfZwNPh5w,レンタルスタジオCLI CLI,4.4,5.0,〒145-0064 東京都大田区上池台１丁目１−１ Ｋ’Ｓ上池台,1.0,OK,レンタルスタジオCLI CLI 東京都大田区上池台
レンタルスタジオAivic池袋西口,,https://takuspace.com/ikebukuro/,,https://dance-studio-lab.com/room/OGY0MGIxYWEtNDM4Yi00YzAwLWI0OGMtOTAyOTkyYTJhMDYz/detail,1,2,0,60,提携スタジオ|複数記事候補×2,ChIJFX7LKtWNGGARhqZDPOaMsDE,Aivic 池袋西口,3.3,3.0,〒171-0021 東京都豊島区西池袋３丁目２６−６ 天沼ビル 502号室,0.692,OK,レンタルスタジオAivic池袋西口 東京
レンタルスタジオNSA 1号店,〒001-0014 北海道札幌市北区北１４条西１丁目２-５ 三晃ビル,https://www.studio-nsa.com/,,,0,4,2,60,S優先度記事×2|複数記事候補×4,ChIJLag1jqQpC18RNcGG1jf1Iko,レンタルスタジオNSA 1号店,3.8,11.0,〒001-0014 北海道札幌市北区北１４条西１丁目２−５ 三晃ビル 4階-405号室,1.0,OK,レンタルスタジオNSA 1号店 北海道札幌市北区北１４条西
スタジオHIKARI 上野,〒110-0003 東京都台東区根岸１丁目１-１５ ルンビニフードカフェ鶯谷店 4階,https://hikari-studio.net/ueno/,,,0,4,2,60,S優先度記事×2|複数記事候補×4,ChIJAbriT2mPGGAR7IWRCcbBij0,スタジオHIKARI 上野,3.0,4.0,〒110-0003 東京都台東区根岸１丁目１−１５ 4階,1.0,OK,スタジオHIKARI 上野 東京都台東区根岸
スタジオククナ,〒114-0032 東京都北区中十条２丁目９-１５ 地下１階 瀬武興業第一ビル,https://studio-kukuna.amebaownd.com/,,,0,4,2,60,S優先度記事×2|複数記事候補×4,ChIJFfJfz-aTGGARPEcTzRSftHU,スタジオククナ,,,〒114-0032 東京都北区中十条２丁目９−１５ 瀬武興業第一ビル 地下１階,1.0,OK,スタジオククナ 東京都北区中十条
スタジオエリース,〒161-0033 東京都新宿区下落合２丁目１-８ 三栄ビル 310号室,http://studioaries.net/wp/,090-4545-1784,,0,4,2,60,S優先度記事×2|複数記事候補×4,ChIJvTUYpUeNGGARn8giBzXk18o,スタジオエリース,5.0,3.0,〒161-0033 東京都新宿区下落合２丁目１−８ 310号室,1.0,OK,スタジオエリース 東京都新宿区下落合
レンタルスタジオOLI（オリ） 三鷹 ［定員30名 教室レッスン、スポットレンタルできます］,〒180-0013 東京都武蔵野市西久保２丁目１-１０ Ｙ’Ｓビル B１ ワイズビル,https://www.rentalstudio-oli.com/,,,0,5,1,60,S優先度記事×1|複数記事候補×5|候補少記事に出現,ChIJAdK3eJ_vGGARBhLim9Ju-tE,レンタルスタジオOLI（オリ） 三鷹 ［定員30名 教室レッスン、スポットレンタルできます］,5.0,2.0,〒180-0013 東京都武蔵野市西久保２丁目１−１０ Ｙ’Ｓビル B１ ワイズビル,1.0,OK,レンタルスタジオOLI（オリ） 三鷹 ［定員30名 教室レッスン、スポットレンタルできます］ 東京都武蔵野市西久保
ダンススタジオ・ミカ,"2階, ５丁目-１-３ 麻生町 北区 札幌市 北海道 001-0045",http://www.dance-mika.com/,011-700-9001,,0,4,2,60,S優先度記事×2|複数記事候補×4,ChIJk_b2gMcoC18RdeOGFAb_mnQ,ダンススタジオ・ミカ,5.0,9.0,"2階, ５丁目-１-3 麻生町 北区 札幌市 北海道 001-0045",1.0,OK,"ダンススタジオ・ミカ 2階,"
ダンススタジオ・ポップコーン,〒104-0041 東京都中央区新富２丁目４-６ アーベイン三井 8F,http://www.studio-popcorn.jp/,,,0,4,2,60,S優先度記事×2|複数記事候補×4,ChIJhdTv81-JGGARWVFb13roMT4,ダンススタジオ・ポップコーン,,,〒104-0041 東京都中央区新富２丁目４−６ 8F,1.0,OK,ダンススタジオ・ポップコーン 東京都中央区新富
レンタルスタジオ D-Base 大岡山店,〒145-0063 東京都大田区南千束３丁目１-１５ プラシス大岡山 地下1階,https://st-dbase.jp/,03-4446-5101,,0,4,2,60,S優先度記事×2|複数記事候補×4,ChIJe48iNzD1GGARbY-XFSbfgOE,レンタルスタジオ D-Base 大岡山店,4.5,2.0,〒145-0063 東京都大田区南千束３丁目１−１５ プラシス大岡山 地下1階,1.0,OK,レンタルスタジオ D-Base 大岡山店 東京都大田区南千束
シンフォニー,〒114-0001 東京都北区東十条２丁目４-１２ 金鈴ビル,https://sites.google.com/view/higashijujo-symphony/ホーム,03-3927-9255,,0,4,2,60,S優先度記事×2|複数記事候補×4,ChIJh7C314qSGGARsgUHJgTZq0w,シンフォニー,4.7,3.0,〒114-0001 東京都北区東十条２丁目４−１２ 金鈴ビル,1.0,OK,シンフォニー 東京都北区東十条
シルクスタジオ,〒192-0912 東京都八王子市絹ケ丘１丁目２１-５,https://hachioji.mypl.net/shop/00000359076/,042-657-3183,,0,4,2,60,S優先度記事×2|複数記事候補×4,ChIJ5cipWcodGWARgeoRRJy614E,シルクスタジオ,4.0,1.0,〒192-0912 東京都八王子市絹ケ丘１丁目２１−５,1.0,OK,シルクスタジオ 東京都八王子市絹ケ丘
サイスタジオ,〒173-0014 東京都板橋区大山東町１９-１ FM10ラ･アクシオンビル4階,http://www.saistudio.net/,03-5375-1118,,0,4,2,60,S優先度記事×2|複数記事候補×4,ChIJL-VHgLmSGGAR1zS9o3apKKA,サイスタジオ,4.3,4.0,〒173-0014 東京都板橋区大山東町１９−１ ＦＭ１０ラアクシオン FM10ラ･アクシオンビル4階,1.0,OK,サイスタジオ 東京都板橋区大山東町１９-１ FM10ラ･アクシオンビル4階
ゴールドジム南大沢東京,〒192-0364 東京都八王子市南大沢２丁目30番地 サザンウィンズ南大沢 2F,https://www.goldsgym.jp/shop/10210,042-670-3737,,0,4,2,60,S優先度記事×2|複数記事候補×4,ChIJm4ie77niGGARDJz9ZVxTg8M,ゴールドジム南大沢東京,4.1,76.0,〒192-0364 東京都八王子市南大沢２丁目30番地 サザンウィンズ南大沢 2F,1.0,OK,ゴールドジム南大沢東京 東京都八王子市南大沢
コンバレエスタジオ Kon Ballet Studio 糀谷店,〒144-0035 東京都大田区南蒲田３丁目１３-１２ キザキビル2F.3F,http://konballetstudio.com/kojiya/,080-1872-6788,,0,4,2,60,S優先度記事×2|複数記事候補×4,ChIJyc5JJ_1gGGARLofdBNneDQw,コンバレエスタジオ Kon Ballet Studio 糀谷店,5.0,1.0,〒144-0035 東京都大田区南蒲田３丁目１３−１２ キザキビル2F.3F,1.0,OK,コンバレエスタジオ Kon Ballet Studio 糀谷店 東京都大田区南蒲田
キャナリー,〒150-0002 東京都渋谷区渋谷１丁目４-６,,03-6427-7392,,0,4,2,60,S優先度記事×2|複数記事候補×4,ChIJn-spCkjzGGARxtcV9LLjz2Y,CaNARi TOKYO UEHARA,3.8,19.0,〒151-0064 東京都渋谷区上原１丁目３３−１６,0.0,OK,キャナリー 東京都渋谷区渋谷
キッズダンススタジオSerenita西新井店,〒123-0842 東京都足立区栗原１丁目７-２０ 3階,,050-3555-0206,,0,4,2,60,S優先度記事×2|複数記事候補×4,ChIJO53AD5iRGGARLqbN8nYVZtg,キッズダンススタジオSerenita西新井店,5.0,1.0,〒123-0842 東京都足立区栗原１丁目７−２０ 3階,1.0,OK,キッズダンススタジオSerenita西新井店 東京都足立区栗原
サイスタジオ小茂根,〒173-0037 東京都板橋区小茂根１丁目９-５ サイスタジオ小茂根 2F,http://www.saistudio.net/,03-5375-1118,,0,4,2,60,S優先度記事×2|複数記事候補×4,ChIJsZvqGTjtGGARiM8515Zrjvc,サイスタジオ小茂根,3.9,9.0,〒173-0037 東京都板橋区小茂根１丁目９−５ サイスタジオ小茂根 2F,1.0,OK,サイスタジオ小茂根 東京都板橋区小茂根
レンタルスペース・スタジオ,〒145-0074 東京都大田区東嶺町４４-９ 1F・102号室 三松スクエアガーデン,https://www.kudo-ota.com/space,090-6293-5874,,0,4,2,60,S優先度記事×2|複数記事候補×4,ChIJDWLsWc_1GGARzdHxhK17lhI,レンタルスペース・スタジオ,,,〒145-0074 東京都大田区東嶺町４４−９ 三松スクエアガーデン 1F・102号室,1.0,OK,レンタルスペース・スタジオ 東京都大田区東嶺町４４-９ 1F・102号室 三松スクエアガーデン
アルファビデオレンタルスタジオ,〒107-0051 東京都港区元赤坂１丁目５-７ ラベリテ赤坂 1階,https://www.alphavideo.co.jp/service/studio/,03-5412-0707,,0,4,2,60,S優先度記事×2|複数記事候補×4,ChIJk9dtqNWNGGARtLYCJol48cY,アルファビデオレンタルスタジオ,,,〒107-0051 東京都港区元赤坂１丁目５−７ ラベリテ赤坂 1階,1.0,OK,アルファビデオレンタルスタジオ 東京都港区元赤坂
studio3,〒136-0071 東京都江東区亀戸１丁目３１-８ 北越ビル 2F,http://www.studio3.jp/,090-3319-3611,,0,5,1,60,S優先度記事×1|複数記事候補×5|候補少記事に出現,ChIJSa_iEMOIGGARKHNU5T4ZLvs,studio3,5.0,13.0,〒136-0071 東京都江東区亀戸１丁目３１−８ 北越ビル 2F,1.0,OK,studio3 東京都江東区亀戸
中野 ガーデン レンタルスタジオ,〒165-0026 東京都中野区新井１丁目１２-５ ＮＳフラッツ B1階,https://nakano.studiosquare.jp/,03-5822-4050,,0,4,2,60,S優先度記事×2|複数記事候補×4,ChIJM9gd8pnyGGARt_-Z_RVfEf4,中野 ガーデン レンタルスタジオ,3.0,2.0,〒165-0026 東京都中野区新井１丁目１２−５ ＮＳフラッツ B1階,1.0,OK,中野 ガーデン レンタルスタジオ 東京都中野区新井
studio fusion レンタルスタジオ,〒176-0001 東京都練馬区練馬１丁目２０-３ Nビル 2F,https://ks-works-fusion-studio-tokyo.com/,03-6914-6546,,0,4,2,60,S優先度記事×2|複数記事候補×4,ChIJeXu76EDtGGARoNM4NOx1P_k,studio fusion レンタルスタジオ,4.5,4.0,〒176-0001 東京都練馬区練馬１丁目２０−３ Nビル 2F,1.0,OK,studio fusion レンタルスタジオ 東京都練馬区練馬
えこてんハウススタジオ,〒176-0005 東京都練馬区旭丘１丁目７６-１０ 相枝ビル ４F,https://ekoten.tokyo/rental-studio/,050-5326-1373,,0,4,2,60,S優先度記事×2|複数記事候補×4,ChIJC8nQ3M_tGGARAO1aafw4zP4,えこてんハウススタジオ,5.0,3.0,〒176-0005 東京都練馬区旭丘１丁目７６−１０ 相枝ビル ４F,1.0,OK,えこてんハウススタジオ 東京都練馬区旭丘
ダンスラッシュ,〒001-0021 北海道札幌市北区北２１条西５丁目１-１ ベルリネッタN21 2F,http://danslash.jp/,011-776-7734,,0,4,2,60,S優先度記事×2|複数記事候補×4,ChIJj-6Jkx0pC18RoaTBQ9qpRig,ダンスラッシュ,5.0,2.0,〒001-0021 北海道札幌市北区北２１条西５丁目１−１ ベルリネッタN21 2F,1.0,OK,ダンスラッシュ 北海道札幌市北区北２１条西
体幹・柔軟性強化&ポールダンス スタジオWeBA（ウィーバ）,〒136-0072 東京都江東区大島５丁目２７-１,https://weba.style/,03-5858-6459,,0,4,2,60,S優先度記事×2|複数記事候補×4,ChIJLc2Zp5KIGGARhsTZFcBEH0k,体幹・柔軟性強化&ポールダンス スタジオWeBA（ウィーバ）,4.8,8.0,〒136-0072 東京都江東区大島５丁目２７−１,1.0,OK,体幹・柔軟性強化&ポールダンス スタジオWeBA（ウィーバ） 東京都江東区大島
佐々木隆子タップダンススタジオ（蒲田本部スタジオ）,〒144-0035 東京都大田区南蒲田３丁目８-３０,https://gooschool.jp/sc/7104147/sh0001/,090-1794-0992,,0,4,2,60,S優先度記事×2|複数記事候補×4,ChIJMeH32vtgGGARSJ59N1MXm9M,佐々木隆子タップダンススタジオ（蒲田本部スタジオ）,5.0,1.0,〒144-0035 東京都大田区南蒲田３丁目８−３０,1.0,OK,佐々木隆子タップダンススタジオ（蒲田本部スタジオ） 東京都大田区南蒲田
monoダンススタジオ西巣鴨（レンタルスタジオ）,〒114-0023 東京都北区滝野川１丁目９３-５ コスモ西巣鴨 103,https://rental-dance-studio.com/nishisugamo/kihon-jyouhou,,,0,4,2,60,S優先度記事×2|複数記事候補×4,ChIJBRNoHMuTGGARIVx55_ca4tw,monoダンススタジオ西巣鴨（レンタルスタジオ）,,,〒114-0023 東京都北区滝野川１丁目９３−５ コスモ西巣鴨 103,1.0,OK,monoダンススタジオ西巣鴨（レンタルスタジオ） 東京都北区滝野川
mikaバレエスタジオ,〒176-0011 東京都練馬区豊玉上２丁目２０-４ 石原ビル,http://mikaballetstudio.com/,080-6766-1655,,0,4,2,60,S優先度記事×2|複数記事候補×4,ChIJ1089hhLtGGARa0ZdflLHjv8,mikaバレエスタジオ,4.7,3.0,〒176-0011 東京都練馬区豊玉上２丁目２０−４ 石原ビル,1.0,OK,mikaバレエスタジオ 東京都練馬区豊玉上
"in the house / Nishiwaseda ""Street Dance Park""",〒169-0075 東京都新宿区高田馬場１丁目１-１３ ONE ROOF FLAT NISHIWASEDA B1,http://inthehouse.tokyo/,050-3558-1384,,0,4,2,60,S優先度記事×2|複数記事候補×4,ChIJK1igh36NGGARHYYCLEGnCGI,"in the house / Nishiwaseda ""Street Dance Park""",4.5,52.0,〒169-0075 東京都新宿区高田馬場１丁目１−１３ ONE ROOF FLAT NISHIWASEDA B1,1.0,OK,"in the house / Nishiwaseda ""Street Dance Park"" 東京都新宿区高田馬場"
"in the house / Mejiro ""Attic""",〒171-0031 東京都豊島区目白３丁目１-３４ 2F,https://inthehouse.tokyo/,,,0,4,2,60,S優先度記事×2|複数記事候補×4,ChIJzz8RANeNGGARL4RMeANZbfw,"in the house / Mejiro ""Attic""",4.3,7.0,〒171-0031 東京都豊島区目白３丁目１−３４ 2F,1.0,OK,"in the house / Mejiro ""Attic"" 東京都豊島区目白"
Tダンスプロダクション,〒132-0033 東京都江戸川区東小松川４丁目４３-１８,https://dancespacefunabori.com/,03-6808-0293,,0,4,2,60,S優先度記事×2|複数記事候補×4,ChIJhVRohNKHGGARwfPucDhxj8Q,Tダンスプロダクション,4.8,10.0,〒132-0033 東京都江戸川区東小松川４丁目４３−１８,1.0,OK,Tダンスプロダクション 東京都江戸川区東小松川
TKPスター貸会議室 東京タワー通り,〒105-0011 東京都港区芝公園３丁目４-３０ 32芝公園ビル B2階,https://www.kashikaigishitsu.net/facilitys/st-tokyotowerdori/?utm_source=google&utm_medium=maps&utm_campaign=gmb,03-5425-4626,,0,4,2,60,S優先度記事×2|複数記事候補×4,ChIJNX5PHsmLGGARG34sE43R3ek,TKPスター貸会議室 東京タワー通り,5.0,3.0,〒105-0011 東京都港区芝公園３丁目４−３０ 32芝公園ビル B2階,1.0,OK,TKPスター貸会議室 東京タワー通り 東京都港区芝公園
dance studio GROOVY ダンス＆ヨガ,"いづみ屋ビル 4階, ２丁目-２０-２ 成増 板橋区 東京都 175-0094",http://www.groovy2005.com/,050-3555-3677,,0,4,2,60,S優先度記事×2|複数記事候補×4,ChIJARm_XHXsGGAR7VOsiu8WFcY,dance studio GROOVY ダンス＆ヨガ,5.0,4.0,"いづみ屋ビル 4階, ２丁目-２０-2 成増 板橋区 東京都 175-0094",1.0,OK,"dance studio GROOVY ダンス＆ヨガ いづみ屋ビル 4階,"
Studio R 六本木ヒルズ店,〒106-0032 東京都港区六本木６丁目１５-１ ヒルズ けやき坂通り 2F けやき坂テラス,https://www.studio-ryo.net/,03-3405-1678,,0,4,2,60,S優先度記事×2|複数記事候補×4,ChIJpa3N33aLGGARVzJ6GjYO7Pg,Studio R 六本木ヒルズ店,3.0,2.0,〒106-0032 東京都港区六本木６丁目１５−１ ヒルズ けやき坂通り 2F けやき坂テラス,1.0,OK,Studio R 六本木ヒルズ店 東京都港区六本木
多目的貸スタジオ-TSスタジオ,〒174-0056 東京都板橋区志村３丁目１７-２ TSビル 4階,http://makeuponeslife.site/,03-6906-7731,,0,4,2,60,S優先度記事×2|複数記事候補×4,ChIJF4uSO6ftGGARPtyChFPoEb0,多目的貸スタジオ-TSスタジオ,3.7,3.0,〒174-0056 東京都板橋区志村３丁目１７−２ TSビル 4階,1.0,OK,多目的貸スタジオ-TSスタジオ 東京都板橋区志村
城北公園前レンタルスタジオ,〒174-0043 東京都板橋区坂下２丁目３１-５ ２F,http://jrds.jp/,03-5918-6017,,0,4,2,60,S優先度記事×2|複数記事候補×4,ChIJab0IRLfsGGAR4A8VExAA6FU,城北公園前レンタルスタジオ,4.5,12.0,〒174-0043 東京都板橋区坂下２丁目３１−５ ２F,1.0,OK,城北公園前レンタルスタジオ 東京都板橋区坂下
リアクション2はなれ,〒179-0084 東京都練馬区氷川台３丁目２４-１５ 石野ＮＴビル 地下1F,https://www.reaction-no2hanare.com/,080-7565-5575,,0,4,2,60,S優先度記事×2|複数記事候補×4,ChIJ14KifXLtGGARmYc15lho7zs,リアクション2はなれ,4.0,4.0,〒179-0084 東京都練馬区氷川台３丁目２４−１５ 石野ＮＴビル 地下1F,1.0,OK,リアクション2はなれ 東京都練馬区氷川台
リアクション2MANA,〒113-0033 東京都文京区本郷２丁目３６-２ 地下1階,https://www.reaction-no2mana.com/,080-7565-5575,,0,4,2,60,S優先度記事×2|複数記事候補×4,ChIJT2rE2yeNGGARtT0WL2KQpik,リアクション2MANA,,,〒113-0033 東京都文京区本郷２丁目３６−２ 地下1階,1.0,OK,リアクション2MANA 東京都文京区本郷
モノダンススタジオ 八王子校,〒192-0911 東京都八王子市打越町３４４-５ クリヤマ北野ビル 3階,https://www.monodance.com/,042-645-6561,,0,4,2,60,S優先度記事×2|複数記事候補×4,ChIJRzWtDZIdGWARsK7Wm3-vT44,モノダンススタジオ 八王子校,5.0,59.0,〒192-0911 東京都八王子市打越町３４４−５ クリヤマ北野ビル 3階,1.0,OK,モノダンススタジオ 八王子校 東京都八王子市打越町３４４-５ クリヤマ北野ビル 3階
バレエスタジオコルツァ（Ballet Studio Colza）,〒193-0833 東京都八王子市めじろ台１丁目９-１ 2階,https://bs-colza.com/,070-4458-3534,,0,4,2,60,S優先度記事×2|複数記事候補×4,ChIJyX5WPAAdGWARaTHrPdILV4s,バレエスタジオコルツァ(Ballet Studio Colza)アゴラビルStudio,,,〒193-0833 東京都八王子市めじろ台１丁目８−２５ アゴラビル F101,0.789,OK,バレエスタジオコルツァ（Ballet Studio Colza） 東京都八王子市めじろ台
Studio Face東十条店 ダンスも会議もできるレンタルスタジオ,〒114-0001 東京都北区東十条３丁目１４-１３ ジョイフルプラザ３ 3階,https://studioface0712.com/,090-2740-0781,,0,4,2,60,S優先度記事×2|複数記事候補×4,ChIJh0gawCKTGGARA_6YWi9rhWE,Studio Face東十条店 ダンスも会議もできるレンタルスタジオ,,,〒114-0001 東京都北区東十条３丁目１４−１３ ジョイフルプラザ３ 3階,1.0,OK,Studio Face東十条店 ダンスも会議もできるレンタルスタジオ 東京都北区東十条
Studio Face,〒114-0021 東京都北区岸町１丁目６-２０ 地下1階 レジェンド王子,https://studioface0712.com/,,,0,4,2,60,S優先度記事×2|複数記事候補×4,ChIJmQQrhZKTGGAReuADNFol-RY,Studio Face,3.5,2.0,〒114-0021 東京都北区岸町１丁目６−２０ レジェンド王子 地下1階,1.0,OK,Studio Face 東京都北区岸町
Studio ENTRADA森下ANNEX,〒130-0024 東京都墨田区菊川１丁目９-１４ ４F,https://www.studio-entrada.com/,080-5057-5963,,0,4,2,60,S優先度記事×2|複数記事候補×4,ChIJ1xvwCWiJGGAReAT5G7AcdcA,Studio ENTRADA森下ANNEX,,,〒130-0024 東京都墨田区菊川１丁目９−１４ ４F,1.0,OK,Studio ENTRADA森下ANNEX 東京都墨田区菊川
StudioOnda東中野 Ondabuilding,〒169-0074 東京都新宿区北新宿４丁目３３-５,https://ondacompany.com/,080-4947-2985,,0,4,2,60,S優先度記事×2|複数記事候補×4,ChIJWastLwrzGGAR5etWC344olw,StudioOnda東中野（スタジオオンダ東中野）,4.9,20.0,〒169-0074 東京都新宿区北新宿４丁目３３−５,0.52,OK,StudioOnda東中野 Ondabuilding 東京都新宿区北新宿
StudioNEXUS武蔵関校,〒177-0051 東京都練馬区関町北２丁目２２-１３ シャトーセキ B1,https://nfc-dance.com/,03-6753-0989,,0,4,2,60,S優先度記事×2|複数記事候補×4,ChIJhQjF7hLvGGARWI3Ek3xDuAY,ダンススタジオ StudioNEXUS武蔵関校 -練馬区-武蔵関-,,,〒177-0051 東京都練馬区関町北２丁目２２−１３ シャトーセキ B1,0.698,OK,StudioNEXUS武蔵関校 東京都練馬区関町北
Starbox,〒135-0016 東京都江東区東陽３丁目２１-１３,http://starbox.jp/,,,0,4,2,60,S優先度記事×2|複数記事候補×4,ChIJi1tgWACJGGARuMOQ4XdBfBM,Starbox,,,〒135-0016 東京都江東区東陽３丁目２１−１３,1.0,OK,Starbox 東京都江東区東陽
SWITCH STAND ODAIBA,"〒135-0064 東京都江東区青海２丁目７-４, The Soho, 1F",https://switch-stand.com/odaiba/,050-1865-4108,,0,4,2,60,S優先度記事×2|複数記事候補×4,ChIJafYjoa6JGGARtt4zl5UrS0c,SWITCH STAND ODAIBA,4.4,7.0,〒135-0064 東京都江東区青海２丁目７−４ 1F,1.0,OK,SWITCH STAND ODAIBA 東京都江東区青海
STUDIO+DINING TREE,〒132-0024 東京都江戸川区一之江４丁目２-２５,https://edogawa.mypl.net/shop/00000370544/,080-6585-4477,,0,4,2,60,S優先度記事×2|複数記事候補×4,ChIJ3deW44qHGGAR7jqo6z8wLxM,STUDIO+DINING TREE,4.9,22.0,〒132-0024 東京都江戸川区一之江４丁目２−２５,1.0,OK,STUDIO+DINING TREE 東京都江戸川区一之江
STUDIO TRON,"〒106-0031 東京都港区西麻布３丁目１７-１１ B1F,1F TRONビル",http://studiotron.jp/,03-5770-2535,,0,4,2,60,S優先度記事×2|複数記事候補×4,ChIJg41-3nCLGGARGP-Y9KSNqxU,STUDIO TRON,5.0,2.0,"〒106-0031 東京都港区西麻布３丁目１７−１１ TRONビル B1F,1F",1.0,OK,STUDIO TRON 東京都港区西麻布
STUDIO SPACE COREDO NOGIZAKA｜スタジオスペース コレド 乃木坂,〒107-0052 東京都港区赤坂９丁目６-４１ B1,,03-6434-7808,,0,4,2,60,S優先度記事×2|複数記事候補×4,ChIJX9EYjn6LGGARopZwVj8XD5Q,BAR COREDO 乃木坂,4.1,11.0,〒107-0052 東京都港区赤坂９丁目６−４１ 乃木坂ビル B1,0.385,OK,STUDIO SPACE COREDO NOGIZAKA｜スタジオスペース コレド 乃木坂 東京都港区赤坂
Studio Leaf,〒144-0047 東京都大田区萩中１丁目４-１２-３０１,http://www.studioleaf.co/,090-3815-4340,,0,4,2,60,S優先度記事×2|複数記事候補×4,ChIJPyNy3WphGGAR8rHmSF-jOzo,Studio Leaf,4.9,47.0,〒144-0047 東京都大田区萩中１丁目４−１２−３０１,1.0,OK,Studio Leaf 東京都大田区萩中
SPROUT DANCE STUDIO 梅田店,〒530-0026 大阪府大阪市北区神山町１-１５ ＴＲＵＳＴ ＢＵＩＬＤＩＮＧ 1 階,https://www.sprout-dance.com/,06-6365-6288,,0,4,2,60,S優先度記事×2|複数記事候補×4,ChIJGTMu08bmAGAR18bFv8X8XKA,SPROUT DANCE STUDIO 梅田店,3.9,51.0,〒530-0026 大阪府大阪市北区神山町１−１５ 1 階,1.0,OK,SPROUT DANCE STUDIO 梅田店 大阪府大阪市北区神山町１-１５ ＴＲＵＳＴ ＢＵＩＬＤＩＮＧ 1 階
SIM STUDIOお台場,〒135-0062 東京都江東区東雲２丁目１４-３５,https://www.sim-odaiba.com/,0120-154-646,,0,4,2,60,S優先度記事×2|複数記事候補×4,ChIJpWirZsSJGGARNgFXi1Rf3yk,SIM STUDIOお台場,3.2,35.0,〒135-0062 東京都江東区東雲２丁目１４−３５,1.0,OK,SIM STUDIOお台場 東京都江東区東雲
新宿 大久保 BMT レンタルスタジオ,〒169-0074 東京都新宿区北新宿１丁目１３-１９ 弘林ビル Ｂ１Ｆ,https://shinjuku.inforent.jp/,03-5822-4050,,0,4,2,60,S優先度記事×2|複数記事候補×4,ChIJh0FrcS2NGGAR7Jv0kz1cTA4,新宿 大久保 BMT レンタルスタジオ,4.0,6.0,〒169-0074 東京都新宿区北新宿１丁目１３−１９ 弘林ビル Ｂ１Ｆ,1.0,OK,新宿 大久保 BMT レンタルスタジオ 東京都新宿区北新宿
REDEIC DANCE STUDIO,〒146-0092 東京都大田区下丸子３丁目２５-５,http://redeic.info/,080-3455-4455,,0,4,2,60,S優先度記事×2|複数記事候補×4,ChIJT01M9-RfGGARpeG3trQmVtU,REDEIC DANCE STUDIO,4.9,30.0,〒146-0092 東京都大田区下丸子３丁目２５−５,1.0,OK,REDEIC DANCE STUDIO 東京都大田区下丸子
SKYレンタルダンススタジオ,〒530-0028 大阪府大阪市北区万歳町３-４１ ホワイトコーポラス 104,https://nakazakicho.skyspace.jp/,070-9096-7478,,0,4,2,60,S優先度記事×2|複数記事候補×4,ChIJQd379QHnAGAR8AqkdpwuDYo,SKYレンタルダンススタジオ,4.5,77.0,〒530-0028 大阪府大阪市北区万歳町３−４１ ホワイトコーポラス 104,1.0,OK,SKYレンタルダンススタジオ 大阪府大阪市北区万歳町３-４１ ホワイトコーポラス 104
ハウススタジオ プラネアールときわ台スタジオ,〒174-0071 東京都板橋区常盤台２丁目９-５,http://www.planear.co.jp/studio/tokiwadai.html,0120-424-548,,0,4,2,60,S優先度記事×2|複数記事候補×4,ChIJfzPQmiztGGARsO2GGQ1oXeo,ハウススタジオ プラネアールときわ台スタジオ,3.5,13.0,〒174-0071 東京都板橋区常盤台２丁目９−５,1.0,OK,ハウススタジオ プラネアールときわ台スタジオ 東京都板橋区常盤台
New York yuka's Dance Center,〒146-0084 東京都大田区南久が原２丁目１１-８,http://www.t-nydc.jp/,080-8915-3750,,0,4,2,60,S優先度記事×2|複数記事候補×4,ChIJ7UwuNmNfGGARpO7qUHcs3mA,New York yuka's Dance Center,,,〒146-0084 東京都大田区南久が原２丁目１１−８,1.0,OK,New York yuka's Dance Center 東京都大田区南久が原
MDL Studio (防音スタジオ),〒182-0021 東京都調布市調布ケ丘３丁目６９-２,https://maisondulapintokyo.wixsite.com/maison-du-lapin/studio,,,0,5,1,60,S優先度記事×1|複数記事候補×5|候補少記事に出現,ChIJ5Zo240_xGGARz8ZbE4bfB9w,MDL Studio (防音スタジオ),,,〒182-0021 東京都調布市調布ケ丘３丁目６９−２,1.0,OK,MDL Studio (防音スタジオ) 東京都調布市調布ケ丘
MAR'ｓ DANCE SCHOOL,〒121-0823 東京都足立区伊興３丁目１８-１９ ＮＹビル 1F,http://www.mars-ds.com/,03-3897-6225,,0,4,2,60,S優先度記事×2|複数記事候補×4,ChIJO_mErJCRGGARvHJlH6oRteo,MAR'ｓ DANCE SCHOOL,3.5,13.0,〒121-0823 東京都足立区伊興３丁目１８−１９ ＮＹビル 1F,1.0,OK,MAR'ｓ DANCE SCHOOL 東京都足立区伊興
Legato HALL,〒175-0082 東京都板橋区高島平８丁目６-６ ２階,https://www.smartkaigisitsu.net/properties/view/511,,,0,4,2,60,S優先度記事×2|複数記事候補×4,ChIJravjxnDtGGARYFqsvCR8i_k,Legato HALL,,,〒175-0082 東京都板橋区高島平８丁目６−６ ２階,1.0,OK,Legato HALL 東京都板橋区高島平
望月愛生バレエスタジオ,〒146-0084 東京都大田区南久が原２丁目７-６ 横川ビル 1階,https://aimiballet.com/,03-6677-8334,,0,4,2,60,S優先度記事×2|複数記事候補×4,ChIJd_JYrPhfGGARlczpQkKQGuo,望月愛生バレエスタジオ,4.7,12.0,〒146-0084 東京都大田区南久が原２丁目７−６ 1階,1.0,OK,望月愛生バレエスタジオ 東京都大田区南久が原
新宿村スタジオ,〒169-0074 東京都新宿区北新宿２丁目１-２,http://www.shinjukumura.co.jp/,03-3361-5946,,0,4,2,60,S優先度記事×2|複数記事候補×4,ChIJhYe8etPyGGARnZ-m0WNxvoI,新宿村スタジオ,3.8,94.0,〒169-0074 東京都新宿区北新宿２丁目１−２,1.0,OK,新宿村スタジオ 東京都新宿区北新宿
KAJIWARA BALLET WORKS,〒116-0011 東京都荒川区西尾久５丁目２４-１０,https://www.kajiwara-ballet.com/,090-1769-2446,,0,4,2,60,S優先度記事×2|複数記事候補×4,ChIJ2cDZGb6NGGART4hLZM6gRaQ,KAJIWARA BALLET WORKS,4.6,7.0,〒116-0011 東京都荒川区西尾久５丁目２４−１０,1.0,OK,KAJIWARA BALLET WORKS 東京都荒川区西尾久
K-Dance Style【ケイ-ダンス スタイル】,〒174-0076 東京都板橋区上板橋２丁目８-２ WBD上板橋第3 B004,https://k-dance-style.com/,03-6913-0778,,0,4,2,60,S優先度記事×2|複数記事候補×4,ChIJ60dM897sGGARksn6Ef-3cxU,K-Dance Style【ケイ-ダンス スタイル】,5.0,2.0,〒174-0076 東京都板橋区上板橋２丁目８−２ WBD上板橋第3 B004,1.0,OK,K-Dance Style【ケイ-ダンス スタイル】 東京都板橋区上板橋
東急スポーツオアシス雪谷24Plus,〒145-0073 東京都大田区北嶺町４３-１８,https://www.sportsoasis.co.jp/sh73/,03-6425-0109,,0,4,2,60,S優先度記事×2|複数記事候補×4,ChIJBW8nPUX1GGARdVT_BZod1Vc,スポーツクラブ&サウナスパ ルネサンス 雪谷24,3.5,99.0,〒145-0073 東京都大田区北嶺町４３−１８,0.45,OK,東急スポーツオアシス雪谷24Plus 東京都大田区北嶺町４３-１８
東京音楽堂 日本橋 ピアノホール,〒103-0024 東京都中央区日本橋小舟町３-１２ 日本橋GRIT 地下1階,https://coubic.com/ongakudou/576226#pageContent,,,0,4,2,60,S優先度記事×2|複数記事候補×4,ChIJce1YmdyJGGARSM2qemes2t8,東京音楽堂 日本橋 ピアノホール,4.2,16.0,〒103-0024 東京都中央区日本橋小舟町３−１２ 日本橋GRIT 地下 1階,1.0,OK,東京音楽堂 日本橋 ピアノホール 東京都中央区日本橋小舟町３-１２ 日本橋GRIT 地下1階
東京音楽堂 日本橋 ピアノサロン,〒103-0024 東京都中央区日本橋小舟町３-１２ 日本橋GRIT 6階,https://coubic.com/ongakudou/436052#pageContent,,,0,4,2,60,S優先度記事×2|複数記事候補×4,ChIJX9yRu3iJGGARHA89fLEqdEo,東京音楽堂 日本橋 ピアノサロン,4.8,4.0,〒103-0024 東京都中央区日本橋小舟町３−１２ 日本橋GRIT 6階,1.0,OK,東京音楽堂 日本橋 ピアノサロン 東京都中央区日本橋小舟町３-１２ 日本橋GRIT 6階
Mita Dance Factory 芝スタジオ,"セレブ 釉 芝公園 1F, ２丁目-１６-１１ 芝 港区 東京都 105-0014",https://peraichi.com/landing_pages/view/mitadancefactory,070-6949-6814,,0,4,2,60,S優先度記事×2|複数記事候補×4,ChIJq6oO_rWLGGARu0XH0o0vkeI,Mita Dance Factory 芝スタジオ,,,"セレブ 釉 芝公園 1F, ２丁目-１６-11 芝 港区 東京都 105-0014",1.0,OK,"Mita Dance Factory 芝スタジオ セレブ 釉 芝公園 1F,"
パンキースタジオ,〒192-0355 東京都八王子市堀之内３丁目３５-６,http://www.pandkey.co.jp/,042-677-9500,,0,4,2,60,S優先度記事×2|複数記事候補×4,ChIJoy3vANziGGARNwEG_2p4tJ0,パンキースタジオ,4.8,34.0,〒192-0355 東京都八王子市堀之内３丁目３５−６,1.0,OK,パンキースタジオ 東京都八王子市堀之内
メゾン・ドゥ・バレエ南青山（MAISON DE BALLET Minami-Aoyama）,〒107-0062 東京都港区南青山４丁目２５-１２,http://mbma.jp/,03-6418-4437,,0,4,2,60,S優先度記事×2|複数記事候補×4,ChIJbxoxlWOLGGARmRzfubQsFwk,メゾン・ドゥ・バレエ南青山（MAISON DE BALLET Minami-Aoyama）,4.4,5.0,〒107-0062 東京都港区南青山４丁目２５−１２,1.0,OK,メゾン・ドゥ・バレエ南青山（MAISON DE BALLET Minami-Aoyama） 東京都港区南青山
ミュージックサロン アマーブル十条店,〒114-0031 東京都北区十条仲原１丁目８-２６ 清水ビル,https://www.music-salon-amable.com/,050-3708-5930,,0,4,2,60,S優先度記事×2|複数記事候補×4,ChIJVahlxnKTGGARt23UN3abDJs,ミュージックサロン アマーブル十条店,4.6,5.0,〒114-0031 東京都北区十条仲原１丁目８−２６ 清水ビル,1.0,OK,ミュージックサロン アマーブル十条店 東京都北区十条仲原
江戸川区キッズアクション,〒133-0051 東京都江戸川区北小岩１丁目１７-１ 小岩アーバンプラザ,https://kidsactiontheater.com/,,,0,4,2,60,S優先度記事×2|複数記事候補×4,ChIJBUKLjC2HoawRbtmQJ9sELjU,スターズリンク,5.0,1.0,〒133-0052 東京都江戸川区東小岩６丁目９−１４,0.211,OK,江戸川区キッズアクション 東京都江戸川区北小岩
水道橋ダンススタジオ,〒101-0061 東京都千代田区神田三崎町３丁目４-４ グラン水道橋,http://sds.velvet.jp/,03-3264-0699,,0,4,2,60,S優先度記事×2|複数記事候補×4,ChIJ5wIOfkCMGGARwlM5d75sIhk,水道橋ダンススタジオ,5.0,1.0,〒101-0061 東京都千代田区神田三崎町３丁目４−４ グラン水道橋 3F,1.0,OK,水道橋ダンススタジオ 東京都千代田区神田三崎町
KaQiLa～カキラ～スタジオ／株式会社キッズ・カンパニー,〒106-0032 東京都港区六本木２丁目４-９ アソルティー六本木一丁目６Ｆ,http://www.kaqila.com/,03-3568-2010,,0,4,2,60,S優先度記事×2|複数記事候補×4,ChIJuX4pW4OLGGAR9Uh1csZyMT4,㈱キッズ･カンパニー,5.0,1.0,〒106-0032 東京都港区六本木２丁目４−９,0.421,OK,KaQiLa～カキラ～スタジオ／株式会社キッズ・カンパニー 東京都港区六本木
JOYFIT24 石川台,〒145-0065 東京都大田区東雪谷２丁目５-１ 1F・2F エンゼルハイム東雪谷,http://joyfit.jp/ishikawadai/?utm_source=google&utm_medium=maps&utm_campaign=gmb,03-6425-9993,,0,4,2,60,S優先度記事×2|複数記事候補×4,ChIJ22Lw2Un1GGARJOb4Yn_qO0U,JOYFIT24 石川台,4.0,50.0,〒145-0065 東京都大田区東雪谷２丁目５−１ エンゼルハイム東雪谷 1F・2F,1.0,OK,JOYFIT24 石川台 東京都大田区東雪谷
王子飛鳥山レンタルスタジオ,〒114-0023 東京都北区滝野川１丁目４-１１ 滝野川1-4-11塚本ビル1階 塚本ビル,https://oji.studiosquare.jp/,03-5822-4050,,0,4,2,60,S優先度記事×2|複数記事候補×4,ChIJ77sF2niSGGARKlRPR6Bb7us,王子飛鳥山レンタルスタジオ,5.0,2.0,〒114-0023 東京都北区滝野川１丁目４−１１ 塚本ビル 滝野川1-4-11塚本ビル1階,1.0,OK,王子飛鳥山レンタルスタジオ 東京都北区滝野川
D→TA (ディータ),〒112-0001 東京都文京区白山５丁目３３-１４ 2階,https://peraichi.com/landing_pages/view/dta,,,0,4,2,60,S優先度記事×2|複数記事候補×4,ChIJ7W8sXWaNGGAR8u0bKQZ_j0k,D→TA (ディータ),4.9,8.0,〒112-0001 東京都文京区白山５丁目３３−１４ 2階,1.0,OK,D→TA (ディータ) 東京都文京区白山
Dance Studio Broomstick,〒123-0873 東京都足立区扇２丁目２５-１ 扇橋会館 ８F,https://studio-broomstick.jp/,03-3890-4822,,0,4,2,60,S優先度記事×2|複数記事候補×4,ChIJ45wQeD2SGGARqBAQtRbYBEo,Dance Studio Broomstick,4.3,3.0,〒123-0873 東京都足立区扇２丁目２５−１ 扇橋会館 ８F,1.0,OK,Dance Studio Broomstick 東京都足立区扇
F1 STUDIO,〒136-0082 東京都江東区新木場１丁目３-１３,https://handoff-all.jp/,03-6457-0310,,0,4,2,60,S優先度記事×2|複数記事候補×4,ChIJI-TeFE6JGGARNmhkCvm3pEY,F1 STUDIO,4.5,11.0,〒136-0082 東京都江東区新木場１丁目３−１３,1.0,OK,F1 STUDIO 東京都江東区新木場
舎人公園 ドッグラン,〒121-0837 東京都足立区舎人公園１,https://www.tokyo-park.or.jp/park/format/facilities024.html,03-3857-2308,,0,4,2,60,S優先度記事×2|複数記事候補×4,ChIJuRkRz9STGGARIIef1w11HaI,舎人公園ドッグラン,3.6,302.0,〒121-0837 東京都足立区舎人公園１,1.0,OK,舎人公園 ドッグラン 東京都足立区舎人公園１
茗荷谷ダンスプラザ,〒112-0002 東京都文京区小石川５丁目２-２ わかさビルB1,http://myogadani-dance.blogdehp.ne.jp/,03-3812-7955,,0,4,2,60,S優先度記事×2|複数記事候補×4,ChIJj8m0LayNGGARBqBkMeBsmiI,茗荷谷ダンスプラザ,5.0,2.0,〒112-0002 東京都文京区小石川５丁目２−２ 明日香ビル B1,1.0,OK,茗荷谷ダンスプラザ 東京都文京区小石川
CREO王子駅前｜ダンススタジオ｜レンタルスペース,〒114-0002 東京都北区王子１丁目２-１ 倉長ビル 402号室,https://spacemarket.com/p/-N7dQTRzl0H4tYXS,,,0,4,2,60,S優先度記事×2|複数記事候補×4,ChIJPwZYM2iTGGARAnYHSgW0WDI,CREO王子駅前｜ダンススタジオ｜レンタルスペース,3.7,3.0,〒114-0002 東京都北区王子１丁目２−１ 倉長ビル 402号室,1.0,OK,CREO王子駅前｜ダンススタジオ｜レンタルスペース 東京都北区王子
Ballet & Dance UNO,〒130-0012 東京都墨田区太平３丁目１９-５ 鈴木ビル 1階,https://ballet-dance-uno.com/,090-5584-7922,,0,5,1,60,S優先度記事×1|複数記事候補×5|候補少記事に出現,ChIJXTSEcCuPGGARIS0z_zOwJkM,Ballet & Dance UNO,5.0,8.0,〒130-0012 東京都墨田区太平３丁目１９−５ 鈴木ビル 1階,1.0,OK,Ballet & Dance UNO 東京都墨田区太平
Ballet & Dance TRE,〒130-0004 東京都墨田区本所３丁目７-９,https://ballet-dance-uno.com/,090-6514-7233,,0,5,1,60,S優先度記事×1|複数記事候補×5|候補少記事に出現,ChIJqTbTuCCPGGAREtcZx7oSRB8,Ballet & Dance TRE,4.2,5.0,〒130-0004 東京都墨田区本所３丁目７−９ 森福ビル 3階,1.0,OK,Ballet & Dance TRE 東京都墨田区本所
西葛西ダンススタジオ mind-blowing,〒134-0088 東京都江戸川区西葛西５丁目６-２０ 小山ビル 4階,https://www.studio-mind-blowing.com/,050-5373-2233,,0,4,2,60,S優先度記事×2|複数記事候補×4,ChIJCa5dXpuHGGARDyHnGbHFTKI,西葛西ダンススタジオ mind-blowing,4.6,17.0,〒134-0088 東京都江戸川区西葛西５丁目６−２０ 小山ビル 4階,1.0,OK,西葛西ダンススタジオ mind-blowing 東京都江戸川区西葛西
蒲田・矢口渡レンタルスタジオ momobana,〒146-0095 東京都大田区多摩川１丁目１８-１ 2階,,,,0,4,2,60,S優先度記事×2|複数記事候補×4,ChIJPbwimahhGGARQm5A-HseBcA,蒲田・矢口渡レンタルスタジオ momobana,4.3,3.0,〒146-0095 東京都大田区多摩川１丁目１８−１ マーシュウェル多摩川 2階,1.0,OK,蒲田・矢口渡レンタルスタジオ momobana 東京都大田区多摩川
ボンジュBallerina 紀尾井町店,〒102-0094 東京都千代田区紀尾井町１-３ 東京ガーデンテラス 1F,https://www.tgt-kioicho.jp/shop/list/f103.html,03-6257-1797,,0,4,2,60,S優先度記事×2|複数記事候補×4,ChIJKXOY76KNGGARXgX0a99ivGI,ボンジュBallerina 紀尾井町店,3.0,1.0,〒102-0094 東京都千代田区紀尾井町１−３ 東京ガーデンテラス 1F,1.0,OK,ボンジュBallerina 紀尾井町店 東京都千代田区紀尾井町１?３ 東京ガーデンテラス 1F
フレックススタイル 船堀校,〒134-0091 東京都江戸川区船堀２丁目２３-２４,http://www.flexstyleweb.com/funabori/,03-3680-5330,,0,4,2,60,S優先度記事×2|複数記事候補×4,ChIJEwH409OHGGAR46I-ENIoKVw,フレックススタイル 船堀校,4.5,2.0,〒134-0091 東京都江戸川区船堀２丁目２３−２４,1.0,OK,フレックススタイル 船堀校 東京都江戸川区船堀
25 DANCE SPOT(ニコスポ),〒213-0002 神奈川県川崎市高津区二子４丁目８-２１ プリモクラッセ高津 B1階,https://nimonoinc.com/25dancespot,,,0,3,2,55,S優先度記事×2|複数記事候補×3,ChIJFTVYZ1agwkERg2zR3-yUnr8,25 DANCE SPOT(ニコスポ)高津,5.0,1.0,〒213-0002 神奈川県川崎市高津区二子４丁目８−２１ プリモクラッセ高津 B1階,0.944,OK,25 DANCE SPOT(ニコスポ) 神奈川県川崎市高津区二子
駒澤大学店 レンタルダンススタジオ ＲＯＯＴＳ,〒154-0012 東京都世田谷区駒沢３丁目１-３ シャトレー駒沢 ２０４,http://dancestudioroots.com/komazawadaigaku/,,,0,3,2,55,S優先度記事×2|複数記事候補×3,ChIJk0kqOo_0GGARo31xJOo71H4,駒澤大学店 レンタルダンススタジオ ＲＯＯＴＳ,3.7,3.0,〒154-0012 東京都世田谷区駒沢３丁目１−３ シャトレー駒沢 ２０４,1.0,OK,駒澤大学店 レンタルダンススタジオ ＲＯＯＴＳ 東京都世田谷区駒沢
A.R.P studio,〒164-0011 東京都中野区中央２丁目５８-21 B1,http://arpstudio.main.jp/,03-5358-9841,,0,3,2,55,S優先度記事×2|複数記事候補×3,ChIJz5O5QkbzGGARixkvPX9Kl8c,A.R.P studio,4.3,26.0,〒164-0011 東京都中野区中央２丁目５８−21 B1,1.0,OK,A.R.P studio 東京都中野区中央
DANCE&RENTAL STUDIO ONEWAY,"パークサイド村本ビル 1F, １丁目-１-２７ 泉 東区 名古屋市 愛知県 461-0001",http://www.studio-oneway.nagoya/,052-228-6364,,0,3,2,55,S優先度記事×2|複数記事候補×3,ChIJPc9PpylxA2ARNawwzJ9ZkOE,DANCE&RENTAL STUDIO ONEWAY,5.0,3.0,"パークサイド村本ビル 1F, １丁目-１-27 泉 東区 名古屋市 愛知県 461-0001",1.0,OK,"DANCE&RENTAL STUDIO ONEWAY パークサイド村本ビル 1F,"
Caribbean explosion,〒194-0012 東京都町田市金森１丁目３-１ Hamanoya 202,http://www.caribbeanexplosion.com/,090-1542-9080,,0,4,1,55,S優先度記事×1|複数記事候補×4|候補少記事に出現,ChIJWV10t7b5GGARKVKv4I33F8I,Caribbean explosion,5.0,11.0,〒194-0012 東京都町田市金森１丁目３−１ Hamanoya 202,1.0,OK,Caribbean explosion 東京都町田市金森
リハーサルスタジオ,〒101-0048 東京都千代田区神田司町２丁目１３ 神田第四アメレックスビル B1,https://studiobpm.jp/remote/,03-5244-5666,,0,3,2,55,S優先度記事×2|複数記事候補×3,ChIJKQagmQSMGGARM_WyovCN6NE,Studio Bpm Kanda,4.3,72.0,〒101-0048 東京都千代田区神田司町２丁目１３−B1,0.0,OK,リハーサルスタジオ 東京都千代田区神田司町
リアン 高田馬場スタジオ道順,〒171-0033 東京都豊島区高田３丁目２７-１ CLK高田ビル,http://2nd-street.biz/,,,0,3,2,55,S優先度記事×2|複数記事候補×3,ChIJAWRJJT-NGGAR1jPiz9hTydI,リアン 高田馬場スタジオ道順,,,〒171-0033 東京都豊島区高田３丁目２７−１ CLK高田ビル,1.0,OK,リアン 高田馬場スタジオ道順 東京都豊島区高田
ラ・ダンサフラメンコスタジオ,〒169-0075 東京都新宿区高田馬場４丁目８-２,https://estudioladanza.net/,03-3360-6656,,0,3,2,55,S優先度記事×2|複数記事候補×3,ChIJC_qdrTmNGGARZ3rxnG_1C_I,ラ・ダンサフラメンコスタジオ,,,〒169-0075 東京都新宿区高田馬場４丁目８−２ エル･プエンテ,1.0,OK,ラ・ダンサフラメンコスタジオ 東京都新宿区高田馬場
バレエスタジオJewels,〒156-0052 東京都世田谷区経堂５丁目２１-４,https://www.balletstudiojewels.com/,090-4627-7946,,0,3,2,55,S優先度記事×2|複数記事候補×3,ChIJ3w2-xWPzGGARajFoL5pkeWs,バレエスタジオJewels,,,〒156-0052 東京都世田谷区経堂５丁目２１−４,1.0,OK,バレエスタジオJewels 東京都世田谷区経堂
バレエスタジオ ピアチェーレ,〒134-0085 東京都江戸川区南葛西１丁目１４-１３ シティパレス南葛西 302,http://balletstudio-piacere.ballet.place/,080-9573-5936,,0,4,1,55,S優先度記事×1|複数記事候補×4|候補少記事に出現,ChIJ28uvfF99GGAReeSAWldXbwQ,バレエスタジオ ピアチェーレ,,,〒134-0085 東京都江戸川区南葛西１丁目１４−１３ シティパレス南葛西 302,1.0,OK,バレエスタジオ ピアチェーレ 東京都江戸川区南葛西
フィットネス カルチャー＆アート テラ Terra,〒182-0025 東京都調布市多摩川５丁目７-６ 第３コーポ渡辺 2階,https://www.terra-chofu.com/,070-1405-2200,,0,4,1,55,S優先度記事×1|複数記事候補×4|候補少記事に出現,ChIJDT787NfxGGARqhSet-Jc6TY,フィットネス カルチャー＆アート テラ Terra,,,〒182-0025 東京都調布市多摩川５丁目７−６ 第３コーポ渡辺 2階,1.0,OK,フィットネス カルチャー＆アート テラ Terra 東京都調布市多摩川
バンドスタジオ ベースオントップ京橋店,〒536-0016 大阪府大阪市城東区蒲生１丁目８-４,https://www.bassontop.co.jp/studio_kyobashi/,06-6939-6262,,0,3,2,55,S優先度記事×2|複数記事候補×3,ChIJ6R5nU9jgAGARxUwt0B2R7EM,バンドスタジオ ベースオントップ京橋店,4.2,92.0,〒536-0016 大阪府大阪市城東区蒲生１丁目８−４,1.0,OK,バンドスタジオ ベースオントップ京橋店 大阪府大阪市城東区蒲生
EMI HULA STUDIO,〒134-0013 東京都江戸川区江戸川６丁目,https://edogawa.mypl.net/shop/00000364787/,090-4918-2940,,0,3,2,55,S優先度記事×2|複数記事候補×3,ChIJkxkQbO2HGGARcPhZSS9vKLk,EMI HULA STUDIO,5.0,4.0,〒134-0084 東京都江戸川区東葛西４丁目１２−８,1.0,OK,EMI HULA STUDIO 東京都江戸川区江戸川
EMI HULA STUDIO,〒134-0013 東京都江戸川区江戸川６丁目,https://edogawa.mypl.net/shop/00000364787/,090-4918-2940,,0,3,2,55,S優先度記事×2|複数記事候補×3,ChIJkxkQbO2HGGARcPhZSS9vKLk,EMI HULA STUDIO,5.0,4.0,〒134-0084 東京都江戸川区東葛西４丁目１２−８,1.0,OK,EMI HULA STUDIO 東京都江戸川区江戸川
Dance zone RESPECT,〒435-0008 静岡県浜松市中央区松小池町４５５-１,,090-8543-5030,,0,3,2,55,S優先度記事×2|複数記事候補×3,ChIJt-QWLmjhGmARQHW0qnHyTHY,Dance zone RESPECT,5.0,13.0,〒435-0008 静岡県浜松市中央区松小池町４５５−１,1.0,OK,Dance zone RESPECT 静岡県浜松市中央区松小池町４５５-１
Dance studio LOOP,〒321-0203 栃木県下都賀郡壬生町幸町２丁目２-４ 草竹ビル 2階,http://ds-loop.com/,,,0,3,2,55,S優先度記事×2|複数記事候補×3,ChIJRfTyuitDH2ARuF40Wt_88-M,Dance studio LOOP,5.0,2.0,〒321-0203 栃木県下都賀郡壬生町幸町２丁目２−４ 草竹ビル 2階,1.0,OK,Dance studio LOOP 栃木県下都賀郡壬生町幸町
FIVE O DANCE STUDIO 狛江（ファイブオーダンススタジオ）,〒201-0014 東京都狛江市東和泉１丁目２０-１ 第三登戸ビル,https://fiveodancestudio.jp/,050-3134-4277,,0,3,2,55,S優先度記事×2|複数記事候補×3,ChIJGcNnzwzxGGARIJ9_d2AT98g,FIVE O DANCE STUDIO 狛江（ファイブオーダンススタジオ）,,,〒201-0014 東京都狛江市東和泉１丁目２０−１ 第三登戸ビル,1.0,OK,FIVE O DANCE STUDIO 狛江（ファイブオーダンススタジオ） 東京都狛江市東和泉
FIVE O DANCE STUDIO 二子玉川,〒157-0077 東京都世田谷区鎌田２丁目２５-９,https://fiveoentinc.com/,050-3134-4277,,0,3,2,55,S優先度記事×2|複数記事候補×3,ChIJKUMiG8v1GGARqf82UyhqoXk,FIVE O DANCE STUDIO 二子玉川,4.9,7.0,〒157-0077 東京都世田谷区鎌田２丁目２５−９,1.0,OK,FIVE O DANCE STUDIO 二子玉川 東京都世田谷区鎌田
ETERNAL DANCE STUDIO,〒197-0022 東京都福生市本町１４２ ２Ｆ,http://eternal-st.com/,042-513-0280,,0,3,2,55,S優先度記事×2|複数記事候補×3,ChIJYeZHnDMgGWARsq4N5ZwgKaU,ETERNAL DANCE STUDIO,5.0,5.0,〒197-0022 東京都福生市本町１４２ ２Ｆ,1.0,OK,ETERNAL DANCE STUDIO 東京都福生市本町１４２ ２Ｆ
ENERGY DANCE STUDIO,〒354-0018 埼玉県富士見市西みずほ台１丁目２２-１１ テル・ビル 1F,http://energy-dance.net/,049-257-4732,,0,3,2,55,S優先度記事×2|複数記事候補×3,ChIJjb15zX7DGGARynwMdyf_CyU,ENERGY DANCE STUDIO,4.8,5.0,〒354-0018 埼玉県富士見市西みずほ台１丁目22−１１ テル・ビル 1F,1.0,OK,ENERGY DANCE STUDIO 埼玉県富士見市西みずほ台
レンタルスタジオ Gスクエア,〒120-0036 東京都足立区千住仲町１-２,https://g-square-kitasenju.jimdofree.com/,03-3870-7566,,0,4,1,55,S優先度記事×1|複数記事候補×4|候補少記事に出現,ChIJvWjSLZuPGGARq3Q9EQIxpIs,レンタルスタジオ Gスクエア,4.3,6.0,〒120-0036 東京都足立区千住仲町１−２,1.0,OK,レンタルスタジオ Gスクエア 東京都足立区千住仲町１?２
レンタルスタジオ D-Base 高津店,〒213-0002 神奈川県川崎市二子４丁目８-２１ プリモクラッセ高津 B1階,https://st-dbase.jp/,03-4446-5101,,0,3,2,55,S優先度記事×2|複数記事候補×3,ChIJO9Z2i5b1GGAR5vzW0eUvgn8,レンタルスタジオ D-Base 高津店,4.0,5.0,〒213-0002 神奈川県川崎市高津区二子４丁目８−２１ B1階,1.0,OK,レンタルスタジオ D-Base 高津店 神奈川県川崎市二子
レンタルスタジオ C-STUDIO,〒190-0022 東京都立川市錦町１丁目１０-２３ 光洋ビル 3F,https://bottled1999cask.wixsite.com/c-studio,,,0,4,1,55,S優先度記事×1|複数記事候補×4|候補少記事に出現,ChIJm5GF4WbhGGARWjbI6CpNZak,C-STUDIO 立川市 レンタルスタジオ,4.0,2.0,〒190-0022 東京都立川市錦町１丁目１０−２３ 光洋ビル 3F,0.485,OK,レンタルスタジオ C-STUDIO 東京都立川市錦町
レベルアップレンタルスタジオ,〒430-0939 静岡県浜松市中区連尺町３１４-３６ 206号,https://www.instagram.com/levelupren/,,,0,3,2,55,S優先度記事×2|複数記事候補×3,ChIJEUuQyHTfGmARgX5y4p9g_f4,レベルアップレンタルスタジオ,5.0,1.0,〒430-0939 静岡県浜松市中央区連尺町３１４−３６ 206号,1.0,OK,レベルアップレンタルスタジオ 静岡県浜松市中区連尺町３１４-３６ 206号
ツチヤダンスガーデン,〒213-0002 神奈川県川崎市高津区二子５丁目２-１,http://www.tsuchiyadance.com/,044-822-3242,,0,3,2,55,S優先度記事×2|複数記事候補×3,ChIJFwC5YiT0GGAR-6d4zvjaLgY,ツチヤダンスガーデン,4.7,6.0,〒213-0002 神奈川県川崎市高津区二子５丁目２−１,1.0,OK,ツチヤダンスガーデン 神奈川県川崎市高津区二子
ダンスレンタルスタジオ プラーナ,〒206-0011 東京都多摩市関戸２丁目３２-５ カネシロビルB1,http://www.studio-pura-na.com/,090-9343-6116,,0,4,1,55,S優先度記事×1|複数記事候補×4|候補少記事に出現,ChIJ5-WEyqPkGGARhGSvVJ0cvL8,多摩市 聖蹟桜ヶ丘 レンタルスタジオ プラーナ,3.0,5.0,〒206-0011 東京都多摩市関戸２丁目３２−５ カネシロビルB1,0.686,OK,ダンスレンタルスタジオ プラーナ 東京都多摩市関戸
ダンスフロアーNEWプラスパ,〒203-0014 東京都東久留米市東本町７-１５ プラスパ小山 2F ビル,https://dancenewprosper.com/,042-470-0103,,0,3,2,55,S優先度記事×2|複数記事候補×3,ChIJH4ouapzoGGART9AUopwMZuk,ダンスフロアーNEWプラスパ,5.0,1.0,〒203-0014 東京都東久留米市東本町７−１５ プラスパ小山 2F ビル,1.0,OK,ダンスフロアーNEWプラスパ 東京都東久留米市東本町７-１５ プラスパ小山 2F ビル
ノアスタジオ 御茶ノ水店,〒101-0062 東京都千代田区神田駿河台２丁目1-１７,https://www.noahstudio.jp/shop/ochanomizu/,03-5217-7680,,0,3,2,55,S優先度記事×2|複数記事候補×3,ChIJLxw0M8eNGGARS1HVMcEJN5E,サウンドスタジオノア 御茶ノ水店,4.6,117.0,〒101-0062 東京都千代田区神田駿河台２丁目１−１７,0.692,OK,ノアスタジオ 御茶ノ水店 東京都千代田区神田駿河台
ナガトスタジオ,〒134-0084 東京都江戸川区東葛西５丁目４０-９,http://www.nagatostudio.com/,080-4323-2200,,0,4,1,55,S優先度記事×1|複数記事候補×4|候補少記事に出現,ChIJZRmfLMSHGGAR8I0cLVuk5AM,ナガトスタジオ,3.0,1.0,〒134-0084 東京都江戸川区東葛西５丁目４０−９,1.0,OK,ナガトスタジオ 東京都江戸川区東葛西
トゥインクルクラブ,〒471-0835 愛知県豊田市曙町２丁目16番地 BLUS16 101号室,https://npotwinkleclub.com/,080-7012-1919,,0,3,2,55,S優先度記事×2|複数記事候補×3,ChIJl3jatm2hBGAR2rj7_-EZEUo,D.School（ディースクール）,4.3,9.0,〒471-0026 愛知県豊田市若宮町１丁目１−１ ＴＭ若宮 １階,0.154,OK,トゥインクルクラブ 愛知県豊田市曙町
演劇舞台稽古場 ファンファーレレンタルスタジオ新宿御苑（撮影スタジオとして利用可能）,〒162-0067 東京都新宿区富久町１３-１５ サウスタワー地下2階,https://atelier-fanfare.jp/,03-6205-9436,,0,3,2,55,S優先度記事×2|複数記事候補×3,ChIJh25i7eiMGGARFTzLGzjAa6w,演劇舞台稽古場 ファンファーレ レンタルスタジオ 新宿御苑,2.7,6.0,〒162-0067 東京都新宿区富久町１３−１５ サウスタワー サウスタワー地下2階,0.776,OK,演劇舞台稽古場 ファンファーレレンタルスタジオ新宿御苑（撮影スタジオとして利用可能） 東京都新宿区富久町１３-１５ サウスタワー地下2階
Infinity Gym チアダンス・チアリーディング,〒157-0074 東京都世田谷区大蔵１丁目２-２７,https://infinitygymsetagaya.com/,080-3317-1985,,0,3,2,55,S優先度記事×2|複数記事候補×3,ChIJlxQKhjXzGGARXPt1hVmsB_E,Infinity Gym チアダンス・チアリーディング・体操,5.0,7.0,〒157-0074 東京都世田谷区大蔵１丁目２−２７,0.96,OK,Infinity Gym チアダンス・チアリーディング 東京都世田谷区大蔵
IS DANCE STUDIO,"ＩＳビル 2F, ４-１１ 東田町 川崎区 川崎市 神奈川県 210-0005",https://is-dance.net/,044-211-2167,,0,3,2,55,S優先度記事×2|複数記事候補×3,ChIJtXzu3bxgGGARXJYMfwN6Iyw,IS DANCE STUDIO,,,"2F, ４-11 東田町 川崎区 川崎市 神奈川県 210-0005",1.0,OK,"IS DANCE STUDIO ＩＳビル 2F, ４-１１ 東田町 川崎区 川崎市 神奈川県 210-0005"
ICHIBANGAI Dance Studio,〒160-0022 東京都新宿区新宿１丁目３ 12・B1,http://www.studio1b.jp/,03-6273-1759,,0,3,2,55,S優先度記事×2|複数記事候補×3,ChIJQ6ah-umMGGARVKVWcr3JhKM,ICHIBANGAI Dance Studio,4.8,8.0,〒160-0022 東京都新宿区新宿１丁目３−１２ B1,1.0,OK,ICHIBANGAI Dance Studio 東京都新宿区新宿
HuE スタジオ,〒676-0078 兵庫県高砂市伊保２丁目５-１８ ロイヤルコーポ 伊保 103,,070-8492-1112,,0,3,2,55,S優先度記事×2|複数記事候補×3,ChIJodXiYmDZVDURuSfXFmVerls,HUE DANCE STUDIO,4.8,17.0,〒676-0078 兵庫県高砂市伊保２丁目５−１８ ロイヤルコーポ 伊保 103,0.286,OK,HuE スタジオ 兵庫県高砂市伊保
清瀬のレンタルスタジオ｜ダンススタジオ｜レンタルスタジオ｜レンタルスペース【studio NEW YORK】,〒204-0022 東京都清瀬市松山１丁目１３-２５ 清瀬平塚ビル 2F 山合,,050-8881-9821,,0,3,2,55,S優先度記事×2|複数記事候補×3,ChIJh1b8P7vnGGARNNz8aXwtvaw,清瀬のレンタルスタジオ｜ダンススタジオ｜レンタルスタジオ｜レンタルスペース【studio NEW YORK】,5.0,1.0,〒204-0022 東京都清瀬市松山１丁目１３−２５ 清瀬平塚ビル 2F 山合,1.0,OK,清瀬のレンタルスタジオ｜ダンススタジオ｜レンタルスタジオ｜レンタルスペース【studio NEW YORK】 東京都清瀬市松山
LOICX DANCE STUDIO,〒460-0002 愛知県名古屋市中区丸の内３丁目２０-９,http://www.loicx-girls.com/,0120-619-355,,0,3,2,55,S優先度記事×2|複数記事候補×3,ChIJYQAfZoRxA2ARtUm-dzZ4pjY,LOICX☆チアダンススクール久屋大通本校/LOICX DANCE STUDIO,5.0,3.0,〒460-0002 愛知県名古屋市中区丸の内３丁目２０−９ 三晃社本社ビル,0.593,OK,LOICX DANCE STUDIO 愛知県名古屋市中区丸の内
K Dance Nexus Dance Studio 読売ランド前,〒214-0037 神奈川県川崎市多摩区西生田３丁目９-３０,http://k-dancenexus.jp/studio/index.html,,,0,3,2,55,S優先度記事×2|複数記事候補×3,ChIJq6qq6p3wGGARtnYDxB1F3OY,K Dance Nexus Dance Studio 読売ランド前,1.8,13.0,〒214-0037 神奈川県川崎市多摩区西生田３丁目９−３０,1.0,OK,K Dance Nexus Dance Studio 読売ランド前 神奈川県川崎市多摩区西生田
K Dance Nexus DANCE STUDIO 百合ヶ丘A,〒215-0011 神奈川県川崎市麻生区百合丘１丁目１９-５,http://k-dancenexus.jp/studio_yurigaoka/index.html,,,0,3,2,55,S優先度記事×2|複数記事候補×3,ChIJ3WBcckn7GGARamDGrhlGg8E,K Dance Nexus DANCE STUDIO 百合ヶ丘A,3.0,2.0,〒215-0011 神奈川県川崎市麻生区百合丘１丁目１９−５,1.0,OK,K Dance Nexus DANCE STUDIO 百合ヶ丘A 神奈川県川崎市麻生区百合丘
K Dance Nexus DANCE STUDIO 百合ケ丘B,〒215-0011 神奈川県川崎市麻生区百合丘２丁目２-４ Tcre新百合ヶ丘 B1,http://k-dancenexus.jp/studio_yurigaoka2/index.html,,,0,3,2,55,S優先度記事×2|複数記事候補×3,ChIJ3WBcckn7GGARamDGrhlGg8E,K Dance Nexus DANCE STUDIO 百合ヶ丘A,3.0,2.0,〒215-0011 神奈川県川崎市麻生区百合丘１丁目１９−５,0.926,OK,K Dance Nexus DANCE STUDIO 百合ケ丘B 神奈川県川崎市麻生区百合丘
K DANCE STUDIO 1024,〒206-0002 東京都多摩市一ノ宮１丁目２５-２ ガーデンヒルズ聖蹟桜ヶ丘 1F,https://k-dancestudio1024.com/,042-316-9567,,0,4,1,55,S優先度記事×1|複数記事候補×4|候補少記事に出現,ChIJ63JkEILjGGARHzgKvZRgw-w,K DANCE STUDIO 1024,3.0,1.0,〒206-0002 東京都多摩市一ノ宮１丁目２５−２ ガーデンヒルズ聖蹟桜ヶ丘 1F,1.0,OK,K DANCE STUDIO 1024 東京都多摩市一ノ宮
梅屋敷スタジオ５０１,〒144-0052 東京都大田区蒲田２丁目２２-１３,https://umeyashikistudio501.com/,03-3738-6510,,0,4,1,55,S優先度記事×1|複数記事候補×4|候補少記事に出現,ChIJg5sLQH5hGGAR_sH3gL252MQ,スタジオゴード（旧: 梅屋敷スタジオ501）,4.0,1.0,〒144-0052 東京都大田区蒲田２丁目２２−１３ ドミールゴードＢ,0.645,OK,梅屋敷スタジオ５０１ 東京都大田区蒲田
ダンススタジオ,〒090-0042 北海道北見市北２条西４丁目13-１,,090-9081-0807,,0,3,2,55,S優先度記事×2|複数記事候補×3,ChIJn_zwHd1XbV8R0AZHrl1VIKM,DANCE STUDIO BOOGIE（北見ダンススタジオブギー）,3.7,3.0,〒090-0042 北海道北見市北２条西４丁目13−２,0.368,OK,ダンススタジオ 北海道北見市北２条西
レンタルスタジオ studio agend 浦安・市川,〒272-0138 千葉県市川市南行徳１丁目２０-１ 3F,http://agend.net/,047-700-7633,,0,3,2,55,S優先度記事×2|複数記事候補×3,ChIJCdqXk3uHGGARc-iIfVc_r58,レンタルスタジオ studio agend 浦安・市川,4.7,3.0,〒272-0138 千葉県市川市南行徳１丁目２０−１ 3F,1.0,OK,レンタルスタジオ studio agend 浦安・市川 千葉県市川市南行徳
レンタルスタジオ STUDIO ZERO 立川南口店,〒190-0023 東京都立川市柴崎町２丁目７-８ エクセル立川 B1F,https://zero-studio.jp/tachikawa/,,,0,4,1,55,S優先度記事×1|複数記事候補×4|候補少記事に出現,ChIJBfnTQbHhGGARMkQ7-V5OwRY,レンタルスタジオ STUDIO ZERO 立川南口店,4.6,66.0,〒190-0023 東京都立川市柴崎町２丁目７−８ エクセル立川 B1F,1.0,OK,レンタルスタジオ STUDIO ZERO 立川南口店 東京都立川市柴崎町
レンタルスタジオ LOOP,〒497-0038 愛知県海部郡蟹江町桜１丁目1,http://space-loop.biz/,090-6141-3731,,0,3,2,55,S優先度記事×2|複数記事候補×3,ChIJ8frY6fydA2ARdXH12-GDlhE,レンタルスタジオ LOOP,5.0,2.0,〒497-0038 愛知県海部郡蟹江町桜１丁目1,1.0,OK,レンタルスタジオ LOOP 愛知県海部郡蟹江町桜
ダンススペースDD,〒213-0004 神奈川県川崎市高津区１０ 高津区諏訪1-10-8 クラッセコート1-1,http://ds-dd.com/,090-6000-4009,,0,3,2,55,S優先度記事×2|複数記事候補×3,ChIJx2W3ZTz0GGARJb1bkIR7lMM,ダンススペースDD,4.5,2.0,〒213-0004 神奈川県川崎市高津区諏訪１丁目１０ 高津区諏訪1-10-8 クラッセコート1-1,1.0,OK,ダンススペースDD 神奈川県川崎市高津区１０ 高津区諏訪1-10-8 クラッセコート1-1
ダンススタジオｈｏｗｔｏｆｌｙ,〒272-0133 千葉県市川市行徳駅前２丁目２０-１,http://wazacule.com/,047-701-0390,,0,3,2,55,S優先度記事×2|複数記事候補×3,ChIJ8cafbWmHGGAR8haqm-wVdH0,ダンススタジオｈｏｗｔｏｆｌｙ,5.0,10.0,〒272-0133 千葉県市川市行徳駅前２丁目２０−１,1.0,OK,ダンススタジオｈｏｗｔｏｆｌｙ 千葉県市川市行徳駅前
ダンススタジオRUCHIRU,〒340-0015 埼玉県草加市高砂２丁目２-２８ 丸善草加ビル ３-A,https://dancestudio-ruchiru.com/,048-922-8715,,0,3,2,55,S優先度記事×2|複数記事候補×3,ChIJo_ZSoRmRGGAR5_Hbt2nFRdI,ダンススタジオRUCHIRU,3.8,5.0,〒340-0015 埼玉県草加市高砂２丁目２−２８ 丸善草加ビル ３-A,1.0,OK,ダンススタジオRUCHIRU 埼玉県草加市高砂
株式会社Dia Corporation,〒471-0835 愛知県豊田市曙町２丁目16番地 BULS16 101号室,https://www.instabase.jp/space/7048473698,080-7012-1919,,0,3,2,55,S優先度記事×2|複数記事候補×3,ChIJlxiUhBjnAGAR65yI138qJ9g,株式会社Dia,,,〒541-0051 大阪府大阪市中央区備後町１丁目４−８,0.56,OK,株式会社Dia Corporation 愛知県豊田市曙町
東急スポーツオアシス聖路加ガーデン,〒104-0044 東京都中央区明石町８ 聖路加タワ B2F,https://www.sportsoasis.co.jp/sh65/,03-3545-0109,,0,3,2,55,S優先度記事×2|複数記事候補×3,ChIJ2YA2bGSJGGARl8EBapnnJv8,スポーツクラブ&サウナスパ ルネサンス 聖路加ガーデン,3.2,93.0,〒104-0044 東京都中央区明石町８−８ 聖路加タワ B2F,0.571,OK,東急スポーツオアシス聖路加ガーデン 東京都中央区明石町８ 聖路加タワ B2F
Letmedanceダンススタジオ 橋本南口本校,〒252-0143 神奈川県相模原市緑区橋本２丁目１０-１７,https://letmedance.jp/,080-3240-3326,,0,3,2,55,S優先度記事×2|複数記事候補×3,ChIJES5_k0kdGWAROVi0iQ2HxtA,Letmedanceダンススタジオ 橋本南口本校,5.0,8.0,〒252-0143 神奈川県相模原市緑区橋本２丁目１０−１７,1.0,OK,Letmedanceダンススタジオ 橋本南口本校 神奈川県相模原市緑区橋本
Letmedanceダンススタジオ 橋本北口校,〒252-0143 神奈川県相模原市緑区橋本３丁目３-１ ＳＩＮＧ橋本 2F,https://letmedance.jp/,080-3240-3326,,0,3,2,55,S優先度記事×2|複数記事候補×3,ChIJj3gGgGEdGWAR3uJM7Zdo7Vs,Letmedanceダンススタジオ 橋本北口校,5.0,1.0,〒252-0143 神奈川県相模原市緑区橋本３丁目３−１ ＳＩＮＧ橋本 2F,1.0,OK,Letmedanceダンススタジオ 橋本北口校 神奈川県相模原市緑区橋本
東久留米駅前ダンススタジオテレマーク,〒203-0014 東京都東久留米市東本町２-６ 2階,,080-3271-8029,,0,3,2,55,S優先度記事×2|複数記事候補×3,ChIJCxJtqNHpGGARuMio77q2Lc0,東久留米駅前ダンススタジオテレマーク,5.0,2.0,〒203-0014 東京都東久留米市東本町２−６ 2階,1.0,OK,東久留米駅前ダンススタジオテレマーク 東京都東久留米市東本町２-６ 2階
レンタルスタジオART FACTORY淡路店,〒533-0023 大阪府大阪市東淀川区東淡路４丁目１８-８ 東淡路商店街ビル 3F,http://www.artfactory-studio.com/,070-1748-3200,,0,3,2,55,S優先度記事×2|複数記事候補×3,ChIJdQJaH_zlAGARSs7H8HRMksw,レンタルスタジオART FACTORY淡路店,5.0,4.0,〒533-0023 大阪府大阪市東淀川区東淡路４丁目１８−８ 東淡路商店街ビル 3F,1.0,OK,レンタルスタジオART FACTORY淡路店 大阪府大阪市東淀川区東淡路
レンタルスタジオ ワンデースタジオ,〒178-0065 東京都練馬区西大泉１ リバーサイド本橋 Ｂ１Ｆ,http://oneday-studio.com/,080-7502-3963,,0,4,1,55,S優先度記事×1|複数記事候補×4|候補少記事に出現,ChIJj5CH0BzvGGARspVmd49IgFE,レンタルスタジオ ワンデースタジオ,,,〒178-0065 東京都練馬区西大泉１丁目１−１ リバーサイド本橋 Ｂ１Ｆ,1.0,OK,レンタルスタジオ ワンデースタジオ 東京都練馬区西大泉１ リバーサイド本橋 Ｂ１Ｆ
タケウチ,〒211-0006 神奈川県川崎市中原区丸子通１丁目６３６-１,,044-434-6645,,0,3,2,55,S優先度記事×2|複数記事候補×3,ChIJsSEeEm_1GGARXrqJQwW4t_U,タケウチ ダンススタジオ,5.0,3.0,〒211-0006 神奈川県川崎市中原区丸子通１丁目６３６−１,0.533,OK,タケウチ 神奈川県川崎市中原区丸子通
タイムズ東京タワースタジオ前,"4 Chome-4 Shibak?en, Minato City, Tokyo 105-0011",https://times-info.net/P13-tokyo/C103/park-detail-BUK0032407/,0120-778-924,,0,4,1,55,S優先度記事×1|複数記事候補×4|候補少記事に出現,ChIJWRCco72LGGARcUNsQYYo03w,タイムズ東京タワースタジオ前,4.4,7.0,〒105-0011 東京都港区芝公園４丁目４−４,1.0,OK,"タイムズ東京タワースタジオ前 4 Chome-4 Shibak?en, Minato City, Tokyo 105-0011"
ソードミュージック多目的スタジオ,〒182-0015 東京都調布市八雲台２丁目１-１０,https://www.swordmusic.com/studio,042-489-9771,,0,4,1,55,S優先度記事×1|複数記事候補×4|候補少記事に出現,ChIJtTEFZUbwGGARVepBgry0fgI,ソードミュージック多目的スタジオ,4.3,13.0,〒182-0015 東京都調布市八雲台２丁目１−１０,1.0,OK,ソードミュージック多目的スタジオ 東京都調布市八雲台
ダンススタジオJJ,〒350-1122 埼玉県川越市脇田町３-１６ 丸石ビルディング 6階,http://stjjkawagoe.com/,049-298-7772,,0,3,2,55,S優先度記事×2|複数記事候補×3,ChIJWSEPxSDbGGARz9DLZRyEzec,ダンススタジオJJ,4.7,3.0,〒350-1123 埼玉県川越市脇田本町１４−３７ Mビル ５階,1.0,OK,ダンススタジオJJ 埼玉県川越市脇田町３-１６ 丸石ビルディング 6階
ダンススタジオ ファンデーション 茂原校,〒297-0073 千葉県茂原市長尾２５４２-２,http://www.fun-d-tion.net/,0475-28-9203,,0,3,2,55,S優先度記事×2|複数記事候補×3,ChIJcVTMRvi5ImAR7ozMVe6Yk6E,ダンススタジオ ファンデーション 茂原校,4.7,10.0,〒297-0073 千葉県茂原市長尾２５４２−２,1.0,OK,ダンススタジオ ファンデーション 茂原校 千葉県茂原市長尾２５４２-２
ダンススタジオ スターゲート,〒457-0004 愛知県名古屋市南区中江１丁目６-８,http://stargate-school.com/,052-693-5765,,0,3,2,55,S優先度記事×2|複数記事候補×3,ChIJ_zJFcAl7A2ARyyE2U2WOgmo,ダンススタジオ スターゲート,4.5,34.0,〒457-0004 愛知県名古屋市南区中江１丁目６−８,1.0,OK,ダンススタジオ スターゲート 愛知県名古屋市南区中江
NML dance studioふじみ野校,〒354-0036 埼玉県富士見市ふじみ野東２丁目１-１ グリーンテラスふじみ野 2F,,090-8045-3811,,0,3,2,55,S優先度記事×2|複数記事候補×3,ChIJ6aI0JwXdGGARqr-57x4Oh3E,NML dance studioふじみ野校,,,〒356-0057 埼玉県入間郡ふじみ野市市沢１丁目１１−４６ FNビル 101,1.0,OK,NML dance studioふじみ野校 埼玉県富士見市ふじみ野東
Muuta Dance Studio,〒669-1535 兵庫県三田市南が丘２丁目１４-３４,https://muuta-dance.net/,079-558-8080,,0,3,2,55,S優先度記事×2|複数記事候補×3,ChIJRXTuawVkAGARslCtLrHiGfE,Muuta Dance Studio,3.0,2.0,〒669-1535 兵庫県三田市南が丘２丁目１４−３４,1.0,OK,Muuta Dance Studio 兵庫県三田市南が丘
RHYTHM STEP (幼児ダンス、キッズヒップホップダンス、レンタル),"1番地4, １丁目 緑が丘西 八千代市 千葉県 266-0046",https://rhythmstep.amebaownd.com/,047-450-2850,,0,3,2,55,S優先度記事×2|複数記事候補×3,ChIJV-wTewSBImARX-WsVkWt81M,RHYTHM STEP (幼児ダンス、キッズヒップホップダンス、HOUSE、サルサダンス),5.0,1.0,〒266-0046 千葉県八千代市緑が丘西１丁目,0.821,OK,"RHYTHM STEP (幼児ダンス、キッズヒップホップダンス、レンタル) 1番地4,"
RE:STUDIO body&life,〒215-0021 神奈川県川崎市麻生区上麻生５丁目３８-７ 東和サープラス柿生 211号室,https://www.re-studio-bodylife.com/?utm_source=google&utm_medium=wix_google_business_profile&utm_campaign=8724145320600633228,044-455-5675,,0,3,2,55,S優先度記事×2|複数記事候補×3,ChIJXVzVIhr7GGARd4PLfLQyidc,RE:STUDIO body&life,4.9,24.0,〒215-0021 神奈川県川崎市麻生区上麻生５丁目３８−７ 211号室,1.0,OK,RE:STUDIO body&life 神奈川県川崎市麻生区上麻生
恵比寿ガーデンプレイスタワー,〒150-6003 東京都渋谷区恵比寿４丁目２０-３,https://gardenplace.jp/,03-5423-7111,,0,3,2,55,S優先度記事×2|複数記事候補×3,ChIJJRd91xWLGGARDktpB9XZvLU,恵比寿ガーデンプレイスタワー,4.1,9585.0,〒150-6004 東京都渋谷区恵比寿４丁目２０−３,1.0,OK,恵比寿ガーデンプレイスタワー 東京都渋谷区恵比寿
STUDIO KYU,〒812-0895 福岡県福岡市博多区竹下４丁目１４-３０ 博多山ビル 2F,https://select-type.com/p/studio-kyu_0301/,092-409-8387,,0,3,2,55,S優先度記事×2|複数記事候補×3,ChIJgQGbRlGRQTUR5XDscZYi9wI,STUDIO KYU,3.0,2.0,〒812-0895 福岡県福岡市博多区竹下４丁目１４−３０ 博多山ビル 2F,1.0,OK,STUDIO KYU 福岡県福岡市博多区竹下
STUDIO KIRINJI,〒446-0032 愛知県安城市御幸本町７-１７ 安城壹番館４階,http://kirinji.sakura.ne.jp/studio/,0566-72-5040,,0,3,2,55,S優先度記事×2|複数記事候補×3,ChIJtYhkFLGZBGARL9OziLjRI1g,ダンススクール KIRINJI,4.2,6.0,〒446-0032 愛知県安城市御幸本町７−１７ 3F 安城壹番館４階,0.519,OK,STUDIO KIRINJI 愛知県安城市御幸本町７-１７ 安城壹番館４階
STUDIO GEM GARAGE,〒164-0014 東京都中野区南台３丁目６-１７ 1F/B1F クリスタルコート８８ イマス中野,http://gemgarage.jp/,03-6382-6985,,0,3,2,55,S優先度記事×2|複数記事候補×3,ChIJJRg-zsbzGGARzQWKcMNg1rU,STUDIO GEM GARAGE スタジオジェムガレージ,4.8,16.0,〒164-0014 東京都中野区南台３丁目６−１７ イマス中野 1F/B1F,0.732,OK,STUDIO GEM GARAGE 東京都中野区南台
STUDIO DANCE ALIVE 河原町本校,〒600-8029 京都府京都市下京区西橋詰町７６２ 7F,http://www.dance-alive.com/,075-361-3311,,0,3,2,55,S優先度記事×2|複数記事候補×3,ChIJRbZIaJgIAWARylaH8zv7tW0,STUDIO DANCE ALIVE 河原町本校,3.9,8.0,〒600-8029 京都府京都市下京区西橋詰町７６２ 7F,1.0,OK,STUDIO DANCE ALIVE 河原町本校 京都府京都市下京区西橋詰町７６２ 7F
STUDIO BUZZ 相模原校,〒252-0239 神奈川県相模原市中央区中央５丁目１-２ ベルドールコート B1,,042-851-3015,,0,3,2,55,S優先度記事×2|複数記事候補×3,ChIJmdgT7aECGWARfPQ6rRNVgSo,スクールBUZZ 相模原校,4.5,4.0,〒252-0239 神奈川県相模原市中央区中央５丁目１−２ ベルドールコート B1,0.615,OK,STUDIO BUZZ 相模原校 神奈川県相模原市中央区中央
大門スタジオ,〒105-0012 東京都港区芝大門２丁目１０-１ 第一大門ビル,http://www.magnux.co.jp/postpro/,03-5777-6511,,0,3,2,55,S優先度記事×2|複数記事候補×3,ChIJ77fBkceLGGARrkx6EB_koTo,大門スタジオ,4.0,4.0,〒105-0012 東京都港区芝大門２丁目１０−１ 第一大門ビル ４Ｆ,1.0,OK,大門スタジオ 東京都港区芝大門
スタジオプラーナ,〒454-0852 愛知県名古屋市中川区昭和橋通５丁目４０-２,http://studio-praana.com/,052-351-8686,,0,3,2,55,S優先度記事×2|複数記事候補×3,ChIJ26Skonl3A2ARbkkBki2wcdU,スタジオ•プラーナ,4.0,12.0,〒454-0852 愛知県名古屋市中川区昭和橋通５丁目４０−２,0.941,OK,スタジオプラーナ 愛知県名古屋市中川区昭和橋通
スタジオリーガル池袋,〒170-0012 東京都豊島区上池袋４丁目２-１,https://studioregal.tokyo/,03-6903-5562,,0,3,2,55,S優先度記事×2|複数記事候補×3,ChIJkzBb1HyNGGARvV-2uAwwcwE,スタジオリーガル池袋,3.1,9.0,〒170-0012 東京都豊島区上池袋４丁目２−１,1.0,OK,スタジオリーガル池袋 東京都豊島区上池袋
STUDIO SPACE N 二子新地校,〒213-0002 神奈川県川崎市高津区二子２丁目１５,http://space-n.jp/,044-812-3848,,0,3,2,55,S優先度記事×2|複数記事候補×3,ChIJb3fZMCP0GGARS2c79C_MJlo,STUDIO SPACE N 二子新地校,4.3,6.0,日本、〒213-0002 神奈川県川崎市高津区二子２丁目１５,1.0,OK,STUDIO SPACE N 二子新地校 神奈川県川崎市高津区二子
Studio Liberty,〒158-0091 東京都世田谷区１５ 中町4-15-9 B１,https://spacemarket.com/p/IhqvvJWNv9WY8BJK,03-6809-7323,,0,3,2,55,S優先度記事×2|複数記事候補×3,ChIJNXjs8F30GGARAIpXvU1tvFk,Studio Liberty,,,〒158-0091 東京都世田谷区15 中町４丁目１５−９ B１,1.0,OK,Studio Liberty 東京都世田谷区１５ 中町4-15-9 B１
Studio Crucial スタジオ クルーシャル,〒202-0014 東京都西東京市富士町４丁目１７-６ B1,https://studio-crucial.com/,050-5362-6010,,0,3,2,55,S優先度記事×2|複数記事候補×3,ChIJd4TOMg3vGGARU52otCl_WDM,Studio Crucial スタジオ クルーシャル,3.7,3.0,〒202-0014 東京都西東京市富士町４丁目１７−６ B1,1.0,OK,Studio Crucial スタジオ クルーシャル 東京都西東京市富士町
StudioENTRADA築地,〒104-0045 東京都中央区築地３丁目１１-５ 第二中央ビル 1F,https://www.studio-entrada.com/,080-5057-5963,,0,3,2,55,S優先度記事×2|複数記事候補×3,ChIJDUGzYg2LGGARuO1BV9MRwaE,StudioENTRADA築地,,,〒104-0045 東京都中央区築地３丁目１１−５ 第二中央ビル 1F,1.0,OK,StudioENTRADA築地 東京都中央区築地
多摩スタジオ,〒201-0014 東京都狛江市東和泉３丁目３-１０,https://rentalstama.wixsite.com/tamastudio,,,0,3,2,55,S優先度記事×2|複数記事候補×3,ChIJhVPuo_rxGGARJARGfT-brMI,多摩スタジオ,,,〒201-0014 東京都狛江市東和泉３丁目３−１０,1.0,OK,多摩スタジオ 東京都狛江市東和泉
名古屋レンタルスタジオPovit,〒453-0015 愛知県名古屋市中村区椿町２２-１ 第二カニエビル 3F,https://nagoya-povit.com/,080-5376-8136,,0,3,2,55,S優先度記事×2|複数記事候補×3,ChIJLaGImwZ3A2ARzp0utC5VUy4,レンタルスタジオPovit,4.6,90.0,〒453-0015 愛知県名古屋市中村区椿町２２−１ スパーク椿町Ⅱ 3F,0.897,OK,名古屋レンタルスタジオPovit 愛知県名古屋市中村区椿町２２-１ 第二カニエビル 3F
TOHNO DANCE STUDIO,〒202-0002 東京都西東京市ひばりが丘北３丁目４-３ T&Kひばりが丘B1,http://tohno-dancestudio.com/,042-439-3390,,0,3,2,55,S優先度記事×2|複数記事候補×3,ChIJFxJamLfoGGARyZi3jChlzQQ,TOHNO DANCE STUDIO,4.2,5.0,〒202-0002 東京都西東京市ひばりが丘北３丁目４−４−３ T&Kひばりが丘 B1,1.0,OK,TOHNO DANCE STUDIO 東京都西東京市ひばりが丘北
TKO DANCE STUDIO(TKOダンススタジオ),〒340-0023 埼玉県草加市谷塚町５７８-１ 梅香堂ビル 305,http://tkodancestudio.com/,080-4172-2050,,0,3,2,55,S優先度記事×2|複数記事候補×3,ChIJEx1YJQmRGGARfKV9tGGfiP4,TKO DANCE STUDIO(TKOダンススタジオ),5.0,1.0,〒340-0023 埼玉県草加市谷塚町５７８−１ 305,1.0,OK,TKO DANCE STUDIO(TKOダンススタジオ) 埼玉県草加市谷塚町５７８-１ 梅香堂ビル 305
b-line dance studio,〒164-0012 東京都中野区本町３丁目３２-１５ クラウンズコートなかの 1階,http://www.sbline.jp/,03-3373-8603,,0,3,2,55,S優先度記事×2|複数記事候補×3,ChIJadUsZc3zGGARwqWisIZnONI,S-BLINE DANCE STUDIO,4.9,14.0,〒164-0012 東京都中野区本町３丁目３２−１５ クラウンズコートなかの 1階,0.97,OK,b-line dance studio 東京都中野区本町
レンタルスタジオSunny 駒込店,〒113-0021 東京都文京区本駒込５丁目１９-９ ワコー本駒込マンション 地下1F,https://11dance.com/,,,0,4,1,55,S優先度記事×1|複数記事候補×4|候補少記事に出現,ChIJB5mg-Q0N8yIRnjJP7O4q4Qc,レンタルスタジオSunny 駒込店,3.9,20.0,〒113-0021 東京都文京区本駒込５丁目１９−９ ワコー本駒込マンション 地下1F,1.0,OK,レンタルスタジオSunny 駒込店 東京都文京区本駒込
スタジオ リル 千葉市川市店,〒272-0133 千葉県市川市行徳駅前１丁目１７-９ ステップワンビル 303,https://upnow.jp/Studiorill,080-1199-7763,,0,3,2,55,S優先度記事×2|複数記事候補×3,ChIJAS1lrESHGGARvTZMcDaX3LE,バファースペース 行徳駅前 ダンスもできる貸し会議室,4.5,2.0,〒272-0133 千葉県市川市行徳駅前１丁目１７−９ ステップワンビル 303,0.056,OK,スタジオ リル 千葉市川市店 千葉県市川市行徳駅前
スタジオα,〒202-0001 東京都西東京市ひばりが丘１丁目５-１７ メゾンドα,http://www.std-alpha.net/,042-444-3420,,0,3,2,55,S優先度記事×2|複数記事候補×3,ChIJ9cJi2rDoGGARKkF078tqlkE,スタジオα,4.8,5.0,〒202-0001 東京都西東京市ひばりが丘１丁目５−１７ メゾンドα,1.0,OK,スタジオα 東京都西東京市ひばりが丘
kokokara,〒102-0082 東京都千代田区一番町１３-１６ 一番町法眼坂ビル 1階,https://www.tokyo-ballet.co.jp/,090-7649-9641,,0,3,2,55,S優先度記事×2|複数記事候補×3,ChIJd0iaTzONGGAROqntgoYGYF8,kokokara,5.0,9.0,〒102-0082 東京都千代田区一番町１３−１６ 一番町法眼坂ビル 1階,1.0,OK,kokokara 東京都千代田区一番町１３-１６ 一番町法眼坂ビル 1階
grow dance studio,〒522-0043 滋賀県彦根市小泉町６２０-３,http://www.grow-dancestudio.com/,0749-20-9600,,0,3,2,55,S優先度記事×2|複数記事候補×3,ChIJhwOoRfnUA2ARyKEWEoA5QSQ,grow dance studio,4.8,5.0,〒522-0043 滋賀県彦根市小泉町６２０−３,1.0,OK,grow dance studio 滋賀県彦根市小泉町６２０-３
studio LOOP,〒156-0054 東京都世田谷区桜丘４丁目２４-２０ ユニバーサルビル 2F,http://studio-loop.jp/,080-9718-2391,,0,3,2,55,S優先度記事×2|複数記事候補×3,ChIJqdGcIOfzGGAR7HpAhalFoJk,studio LOOP,4.7,14.0,〒156-0054 東京都世田谷区桜丘４丁目２４−２０ ユニバーサルビル 2F,1.0,OK,studio LOOP 東京都世田谷区桜丘
【福岡校】YKAダンススタジオ,〒812-0023 福岡県福岡市博多区奈良屋町１-１８ ハードビル 3階,https://yka-fukuoka.com/,080-4624-9889,,0,3,2,55,S優先度記事×2|複数記事候補×3,ChIJ69rMU5ORQTUR3-nDeXxFaQU,【福岡校】YKAダンススタジオ,,,〒812-0023 福岡県福岡市博多区奈良屋町１−１８ ハードビル 3階,1.0,OK,【福岡校】YKAダンススタジオ 福岡県福岡市博多区奈良屋町１-１８ ハードビル 3階
studio ∞ Fi (スタジオ フィー),〒214-0022 神奈川県川崎市多摩区堰２丁目４-６,https://www.studio-fi-dance.com/,070-1576-7272,,0,3,2,55,S優先度記事×2|複数記事候補×3,ChIJ____v7P2GGARLbqXhK7JqJI,studio ∞ Fi (スタジオ フィー),4.9,9.0,〒214-0022 神奈川県川崎市多摩区堰２丁目４−６,1.0,OK,studio ∞ Fi (スタジオ フィー) 神奈川県川崎市多摩区堰
中村隆彦ダンススタジオ浅草千束,〒111-0031 東京都台東区５ 台東区 千束 4 5 4 提柳泉ビルB1F,http://senzok.ntdance.site/,,,0,3,2,55,S優先度記事×2|複数記事候補×3,ChIJxV9WrwePGGARkfK_Ni3wFK8,中村隆彦ダンススタジオ浅草千束,,,〒111-0031 東京都台東区千束４丁目５ 台東区 千束 4 5 4 提柳泉ビルB1F,1.0,OK,中村隆彦ダンススタジオ浅草千束 東京都台東区５ 台東区 千束 4 5 4 提柳泉ビルB1F
三鷹イレブン会館 永谷ダンススタジオ 貸会議室,〒180-0006 東京都武蔵野市中町２丁目１３-１,http://www.ntgp.co.jp/,0422-21-9325,,0,4,1,55,S優先度記事×1|複数記事候補×4|候補少記事に出現,ChIJ8_pwyxHuGGARH47wiSN-Eao,三鷹イレブン会館 永谷ダンススタジオ 貸会議室,3.3,3.0,〒180-0006 東京都武蔵野市中町２丁目１３−１,1.0,OK,三鷹イレブン会館 永谷ダンススタジオ 貸会議室 東京都武蔵野市中町
ちるどれ 上町スタジオ,〒540-0005 大阪府大阪市中央区上町１丁目６-１１ 2階,,06-6773-9649,,0,3,2,55,S優先度記事×2|複数記事候補×3,ChIJ1XgUFgDhAGAR2zNAK5Z_5rM,ちるどれぷらす,,,〒540-0005 大阪府大阪市中央区上町１丁目６−１１,0.471,OK,ちるどれ 上町スタジオ 大阪府大阪市中央区上町
エルメスダンスカンパニー豊橋校,〒440-0897 愛知県豊橋市松葉町３丁目59 医療法人誠流会 まつば藤城歯科様建物1階 まつばスタジオ,http://www.lahabana.co.jp/,052-220-3213,,0,3,2,55,S優先度記事×2|複数記事候補×3,ChIJ-eSulYbTBGARBkvb7ib1tn0,エルメスダンスカンパニー豊橋校,,,〒440-0897 愛知県豊橋市松葉町３丁目59 医療法人誠流会 まつば藤城歯科様建物1階 まつばスタジオ,1.0,OK,エルメスダンスカンパニー豊橋校 愛知県豊橋市松葉町
エイベックス・ダンスマスタートータルフィットネスクラブわらわら ふじみ野,〒356-0056 埼玉県ふじみ野市うれし野２丁目１０-３５ アウトレットモールリズムE-2F １,https://dancemaster.avex.jp/studios/%E3%83%88%E3%83%BC%E3%82%BF%E3%83%AB%E3%83%95%E3%82%A3%E3%83%83%E3%83%88%E3%83%8D%E3%82%B9%E3%82%AF%E3%83%A9%E3%83%96%E3%82%8F%E3%82%89%E3%82%8F%E3%82%89%E3%81%B5%E3%81%98%E3%81%BF%E9%87%8E,050-3487-0174,,0,3,2,55,S優先度記事×2|複数記事候補×3,ChIJMcAeuOTdGGARQwWoc7rS4MA,エイベックス・ダンスマスター,,,〒356-0056 埼玉県ふじみ野市うれし野２丁目１０−３５ １ アウトレットモールリズムE-2F,0.553,OK,エイベックス・ダンスマスタートータルフィットネスクラブわらわら ふじみ野 埼玉県ふじみ野市うれし野
アメリカンスタイル専門の社交ダンスサークル 【Sunday Dance Cafe】,〒144-0051 東京都大田区西蒲田６丁目３２-１３ 月村マンション １F,https://sundaydancecafe.hp.peraichi.com/,03-6424-9580,,0,4,1,55,S優先度記事×1|複数記事候補×4|候補少記事に出現,ChIJk83So1BhGGAR9L94Heg7nno,アメリカンスタイル専門の社交ダンスサークル 【Sunday Dance Cafe】,,,〒144-0051 東京都大田区西蒲田６丁目３２−１３ 月村マンション １F,1.0,OK,アメリカンスタイル専門の社交ダンスサークル 【Sunday Dance Cafe】 東京都大田区西蒲田
アミューゼダンススポーツクラブ,〒470-0348 愛知県豊田市貝津町柚木１３９-１,https://amuserdance.com/,0565-46-4447,,0,3,2,55,S優先度記事×2|複数記事候補×3,ChIJo_5adM1fA2ARyIO-rg1i4ek,アミューゼダンススポーツクラブ,5.0,2.0,〒470-0348 愛知県豊田市貝津町柚木１３９−１,1.0,OK,アミューゼダンススポーツクラブ 愛知県豊田市貝津町柚木１３９-１
カワチダンススタジオ,"１丁目-１１, １丁目-１１-３ 小坂本町 豊田市 愛知県 471-0034",http://kawachi-dance.com/,0565-34-1048,,0,3,2,55,S優先度記事×2|複数記事候補×3,ChIJh_3gWk-JGGARXyfc7r902BY,カワハラ・ダンススタジオ 浜町,5.0,4.0,〒103-0007 東京都中央区日本橋浜町２丁目２２−３ ３F,0.783,OK,カワチダンススタジオ 東京
オガワ ダンス スタジオ,〒220-0023 神奈川県横浜市西区西区平沼１丁目３３-１,http://www.yokohama-ogawadance.com/,045-316-6166,,0,3,2,55,S優先度記事×2|複数記事候補×3,ChIJx7zFY21cGGARmE1JLgCD69U,オガワ ダンス スタジオ,,,〒220-0023 神奈川県横浜市西区西区平沼１丁目３３−１,1.0,OK,オガワ ダンス スタジオ 神奈川県横浜市西区西区平沼
レンタルスタジオ・ラカーサミア（カガダンサーズサポート）,〒980-0804 宮城県仙台市青葉区大町２丁目１０-２４ La casa mia ビル ２Ｆ,https://kds-sendai.com/,,,0,3,2,55,S優先度記事×2|複数記事候補×3,ChIJLWi7_Tgoil8RErpQ33nDmb0,レンタルスタジオ・ラカーサミア（カガダンサーズサポート）,5.0,4.0,〒980-0804 宮城県仙台市青葉区大町２丁目１０−２４ La casa mia ビル ２Ｆ,1.0,OK,レンタルスタジオ・ラカーサミア（カガダンサーズサポート） 宮城県仙台市青葉区大町
レンタルスタジオ「マナビバ」戸越スタジオ,〒142-0041 東京都品川区戸越２丁目１-３ 丸雄建築ビル 2F,,03-6421-5071,,0,3,2,55,S優先度記事×2|複数記事候補×3,ChIJKc2q5buLGGARPubQz9Z5lpo,レンタルスタジオ戸越,3.0,1.0,〒142-0041 東京都品川区戸越２丁目１−３ 丸雄建築ビル 2F,0.667,OK,レンタルスタジオ「マナビバ」戸越スタジオ 東京都品川区戸越
スキップスタジオ成城,〒157-0066 東京都世田谷区成城１丁目１-５,http://studio.skip-corporation.com/seijo/index.php,070-3257-2196,,0,3,2,55,S優先度記事×2|複数記事候補×3,ChIJiY4kClLxGGARn4t0YdtgjrY,スキップスタジオ成城,5.0,2.0,〒157-0066 東京都世田谷区成城１丁目１−５,1.0,OK,スキップスタジオ成城 東京都世田谷区成城
ジンドー学園,〒203-0014 東京都東久留米市東本町１-５ ジンドー学園ビル,http://gakuen.jindo.jp/,042-475-6666,,0,3,2,55,S優先度記事×2|複数記事候補×3,ChIJ38jPU5noGGARPJlBRMgNh3w,ジンドー学園ビル,,,〒203-0014 東京都東久留米市東本町１−５ ジンドー学園ビル,0.857,OK,ジンドー学園 東京都東久留米市東本町１-５ ジンドー学園ビル
ジムスタジオ IT'S MY TIME府中駅前店,〒183-0023 東京都府中市宮町１丁目23-３ 関口ビル 1階,http://mytime2000.com/,080-4356-1174,,0,4,1,55,S優先度記事×1|複数記事候補×4|候補少記事に出現,ChIJm_jf0e7lGGARLOtA4BfxMQo,ジムスタジオ IT'S MY TIME府中駅前店,3.7,9.0,〒183-0023 東京都府中市宮町１丁目23−３ 関口ビル 1階,1.0,OK,ジムスタジオ IT'S MY TIME府中駅前店 東京都府中市宮町
スタジオ クロア 第１スタジオ,〒145-0071 東京都大田区田園調布２丁目４６-１６,https://studiocroix.jp/,03-3722-7096,,0,4,1,55,S優先度記事×1|複数記事候補×4|候補少記事に出現,ChIJs7l9Bj71GGAR8BULPnJ9At4,Studio Croix・クロア第１スタジオ,5.0,4.0,〒145-0071 東京都大田区田園調布２丁目４６−１６,0.545,OK,スタジオ クロア 第１スタジオ 東京都大田区田園調布
スタジオ クロア,〒145-0071 東京都大田区田園調布２丁目４６-３ ライトハウス田園調布 1F,https://studiocroix.jp/,03-3722-7096,,0,4,1,55,S優先度記事×1|複数記事候補×4|候補少記事に出現,ChIJJdn5i231GGARUlZwjWNeOkQ,スタジオ クロア,5.0,5.0,〒145-0071 東京都大田区田園調布２丁目４６−３ ライトハウス田園調布 1F,1.0,OK,スタジオ クロア 東京都大田区田園調布
スタジオ エルヴール,〒142-0063 東京都品川区荏原４丁目１７-１９ エルヴール 203,http://studio-eleveur.com/,03-3782-2800,,0,3,2,55,S優先度記事×2|複数記事候補×3,ChIJO6LNk8SKGGARAoTC7jwlDUE,スタジオ エルヴール,4.0,5.0,〒142-0063 東京都品川区荏原４丁目１７−１９ エルヴール 203,1.0,OK,スタジオ エルヴール 東京都品川区荏原
スタジオ アドバンス,〒263-0031 千葉県千葉市稲毛区稲毛東３丁目１６-２,http://studio-advance.com/,090-7186-1475,,0,3,2,55,S優先度記事×2|複数記事候補×3,ChIJq6qq6pCDImARCy2fwHiGIC4,スタジオ アドバンス,,,〒263-0031 千葉県千葉市稲毛区稲毛東３丁目１６−２,1.0,OK,スタジオ アドバンス 千葉県千葉市稲毛区稲毛東
レンタルスタジオ、ダンススタジオ アレイティ,〒272-0132 千葉県市川市湊新田２丁目６-６ モロマンションB A棟 106号,https://studio-areiti.amebaownd.com/,,,0,3,2,55,S優先度記事×2|複数記事候補×3,ChIJ_0bHE82HGGARU0maSH5pfEE,レンタルスタジオ、ダンススタジオ アレイティ,,,〒272-0132 千葉県市川市湊新田２丁目６−６ モロマンションB A棟 106号,1.0,OK,レンタルスタジオ、ダンススタジオ アレイティ 千葉県市川市湊新田
BUZZ YOKOHAMA,〒221-0835 神奈川県横浜市神奈川区鶴屋町１丁目2-１ INUYAMA BUILD地下1階,,,,0,3,2,55,S優先度記事×2|複数記事候補×3,ChIJqb3RXvRdGGARik17AhF4lBE,BUZZ横浜,3.2,5.0,〒221-0835 神奈川県横浜市神奈川区鶴屋町１丁目2−１ INUYAMA BUILD 地下1階,0.444,OK,BUZZ YOKOHAMA 神奈川県横浜市神奈川区鶴屋町
BUZZ LIVE 赤坂,〒107-0052 東京都港区赤坂３丁目１５-３ 忍路ビル B1,,,,0,3,2,55,S優先度記事×2|複数記事候補×3,ChIJ_S3p0SiLGGAROz3auU-B2uY,BUZZ LIVE 赤坂,4.2,41.0,〒107-0052 東京都港区赤坂３丁目１５−３ 忍路ビル B1,1.0,OK,BUZZ LIVE 赤坂 東京都港区赤坂
BLOOMIN'新丸子店,〒211-0004 神奈川県川崎市中原区新丸子東１丁目７９４,http://studio-bloomin.com/,044-948-5263,,0,3,2,55,S優先度記事×2|複数記事候補×3,ChIJlflz82X1GGARMXJr_Xe7RQw,BLOOMIN'新丸子店,5.0,1.0,〒211-0004 神奈川県川崎市中原区新丸子東１丁目７９４,1.0,OK,BLOOMIN'新丸子店 神奈川県川崎市中原区新丸子東
BUZZ レンタルスタジオ 大阪京橋店,〒534-0024 大阪府大阪市都島区東野田町２丁目９-２３ 晃進ビル B2F,,,,0,3,2,55,S優先度記事×2|複数記事候補×3,ChIJsb2guKHhAGARGaBWDuVfO-U,BUZZ大阪京橋,3.5,10.0,〒534-0024 大阪府大阪市都島区東野田町２丁目９−２３ 晃進ビル B2F,0.64,OK,BUZZ レンタルスタジオ 大阪京橋店 大阪府大阪市都島区東野田町
BUZZ田無,〒188-8511 東京都西東京市田無町３丁目１０-１５ 京屋ビル 2階,,,,0,3,2,55,S優先度記事×2|複数記事候補×3,ChIJHZEpGFbvGGAR5NRviR7s0Kg,BUZZ田無,3.4,17.0,〒188-8511 東京都西東京市田無町３丁目１０−１５ 京屋ビル 2階,1.0,OK,BUZZ田無 東京都西東京市田無町
BUZZ 高田馬場2丁目,〒169-0075 東京都新宿区高田馬場２丁目１０-１０ ミナエビル,,,,0,3,2,55,S優先度記事×2|複数記事候補×3,ChIJVcwPdK6NGGARNi6xLEHfTec,BUZZ高田馬場2丁目,4.1,16.0,〒169-0075 東京都新宿区高田馬場２丁目１０−１０ ミナエビル,1.0,OK,BUZZ 高田馬場2丁目 東京都新宿区高田馬場
BUZZ レンタルスタジオ浦和店,〒330-0063 埼玉県さいたま市浦和区高砂２丁目６-１３ あずさビル B1,,,,0,3,2,55,S優先度記事×2|複数記事候補×3,ChIJ2yaXrL3rGGARB4jMbLlpnYM,BUZZ浦和,4.5,8.0,〒330-0063 埼玉県さいたま市浦和区高砂２丁目６−１３ あずさビル B1,0.571,OK,BUZZ レンタルスタジオ浦和店 埼玉県さいたま市浦和区高砂
ブレイクダンスタジオ パワームーブ大阪,〒542-0062 大阪府大阪市中央区上本町西４丁目１?番9号 ヴィレッジヒル上町台 1F,https://www.powermove.jp/,06-4392-7550,,0,3,2,55,S優先度記事×2|複数記事候補×3,ChIJK7IrTxfnAGARCDjBexNvgf0,ブレイクダンスタジオ パワームーブ大阪 上本町本校,4.9,33.0,〒542-0062 大阪府大阪市中央区上本町西４丁目１−９ ヴィレッジヒル上町台 1F,0.878,OK,ブレイクダンスタジオ パワームーブ大阪 大阪府大阪市中央区上本町西
ＫＴスタジオ,〒110-0012 東京都台東区竜泉３丁目６-４ あらきビル,http://ktdancestudio.blog.fc2.com/blog-entry-1.html?sp,03-3875-2116,,0,3,2,55,S優先度記事×2|複数記事候補×3,ChIJzwJ-rvKOGGARdj7nqn9g9ss,ＫＴスタジオ,,,〒110-0012 東京都台東区竜泉３丁目６−４ あらきビル,1.0,OK,ＫＴスタジオ 東京都台東区竜泉
ACCA STUDIO,〒130-0005 東京都墨田区東駒形３丁目１９-１３,https://acca-studio.com/,03-5637-8639,,0,4,1,55,S優先度記事×1|複数記事候補×4|候補少記事に出現,ChIJ3-oynoiPGGARClB0diegkC8,浅草キッチンガレージスタジオ（旧ACCA STUDIO）,5.0,10.0,〒130-0005 東京都墨田区東駒形３丁目１９−１３,0.541,OK,ACCA STUDIO 東京都墨田区東駒形
ABC明大前スタ,〒156-0043 東京都世田谷区松原１丁目２４-１１,https://ameblo.jp/meidaimae2011/entry-12532735132.html,090-2143-8422,,0,2,2,50,S優先度記事×2|複数記事候補×2,ChIJ5V5cqwnzGGARBh82rFNc_9w,ABC明大前スタ,,,〒156-0043 東京都世田谷区松原１丁目２４−１１,1.0,OK,ABC明大前スタ 東京都世田谷区松原
363_AmitySpace神田/日本橋,〒101-0037 東京都千代田区神田西福田町２-３,https://www.instabase.jp/space/5468001035,,,0,2,2,50,S優先度記事×2|複数記事候補×2,ChIJH7zjVOSPGGAR15lSwpTIRxY,363_AmitySpace神田/日本橋,,,〒101-0037 東京都千代田区神田西福田町２−３,1.0,OK,363_AmitySpace神田/日本橋 東京都千代田区神田西福田町２-３
シバヨガ鶴川スタジオ,〒195-0061 東京都町田市 鶴川２－１４－１５ ２F,https://tsurukawa.yogi2.com/,,,0,3,1,50,S優先度記事×1|複数記事候補×3|候補少記事に出現,ChIJ4bSFx737GGARoxCKnaI0y3U,シバヨガ鶴川スタジオ,4.8,12.0,〒195-0061 東京都町田市鶴川２丁目１４−１５,1.0,OK,シバヨガ鶴川スタジオ 東京都町田市 鶴川２－１４－１５ ２F
スタジオ ランディン 立川校,〒190-0022 東京都立川市錦町２丁目２-５ アオイビル 2F,http://www.namelessproduction.com/,042-523-4940,,0,3,1,50,S優先度記事×1|複数記事候補×3|候補少記事に出現,ChIJUf3KT2PhGGAR1nEDG0-k6O0,スタジオ ランディン 立川校,3.8,12.0,〒190-0022 東京都立川市錦町２丁目２−５ アオイビル 2F,1.0,OK,スタジオ ランディン 立川校 東京都立川市錦町
スタジオ ノバック,〒185-0021 東京都国分寺市南町２丁目１７-７ B.C.B TAKURA 3F,https://noback.co.jp/school/,042-359-7630,,0,3,1,50,S優先度記事×1|複数記事候補×3|候補少記事に出現,ChIJX_NHEkrkGGARbvr7YgTkHoU,スタジオ ノバック,,,〒185-0021 東京都国分寺市南町２丁目１７−７ B.C.B TAKURA 3F,1.0,OK,スタジオ ノバック 東京都国分寺市南町
スタジオGAEA,〒165-0025 東京都中野区沼袋１丁目１０-５,https://studiogaea.wixsite.com/gaea,03-3388-6585,,0,2,2,50,S優先度記事×2|複数記事候補×2,ChIJbS7X04jzGGAR1ELSKZ7C3_s,スタジオGAEA,,,〒165-0025 東京都中野区沼袋１丁目１０−５,1.0,OK,スタジオGAEA 東京都中野区沼袋
Studio growpoint,〒171-0052 東京都豊島区南長崎１丁目１-１０,http://www.studiogrowpoint.jp/pages/787702/page_201701061209,,,0,2,2,50,S優先度記事×2|複数記事候補×2,ChIJ2XHPSyfkAGARSbDd9-cr4Ro,Studio growpoint,4.8,4.0,〒171-0052 東京都豊島区南長崎１丁目１−１０,1.0,OK,Studio growpoint 東京都豊島区南長崎
スタジオグロウ市ヶ谷店,〒162-0846 東京都新宿区市谷左内町２７-１ イマジナビル 地下1階,https://www.tokyo-dancelife.com/studio/kantou/tokyo/shinjuku/glow_ichigaya.html,,,0,2,2,50,S優先度記事×2|複数記事候補×2,ChIJQW6bFEaNGGAR-8n9nYL3Hyg,スタジオグロウ市ヶ谷店,3.0,1.0,〒162-0846 東京都新宿区市谷左内町２７−１ 地下1階,1.0,OK,スタジオグロウ市ヶ谷店 東京都新宿区市谷左内町２７-１ イマジナビル 地下1階
neu 168 Dance Studio,〒156-0057 東京都世田谷区上北沢３丁目３３-５,https://www.iknoelleballetcontemporary.com/,070-3203-0168,,0,2,2,50,S優先度記事×2|複数記事候補×2,ChIJ8RF2ISLzGGARMriCr_VKsAs,neu 168 Dance Studio,,,〒156-0057 東京都世田谷区上北沢３丁目３３−５,1.0,OK,neu 168 Dance Studio 東京都世田谷区上北沢
アテール明大前第２スタジオ（レンタルスタジオ）,〒156-0043 東京都世田谷区松原１丁目３８-１９ 東建ビル 1階,https://a-terre.com/studio2/,,,0,2,2,50,S優先度記事×2|複数記事候補×2,ChIJwWjNRdDzGGARtjQF7_pMLwc,アテール明大前第２スタジオ（レンタルスタジオ）,5.0,1.0,〒156-0043 東京都世田谷区松原１丁目３８−１９ 東建ビル 1階,1.0,OK,アテール明大前第２スタジオ（レンタルスタジオ） 東京都世田谷区松原
アトリエ ベラーノ,〒157-0062 東京都世田谷区南烏山４丁目１３-３ スター ホームズ 千歳烏山 地階118号 スターホームズ千歳烏山,http://verano.tokyo/,070-4095-8959,,0,2,2,50,S優先度記事×2|複数記事候補×2,ChIJhdd-eY7xGGARb_aLTNRlIio,アトリエ ベラーノ,4.3,9.0,〒157-0062 東京都世田谷区南烏山４丁目１３−３ スターホームズ千歳烏山 スター ホームズ 千歳烏山 地階118号,1.0,OK,アトリエ ベラーノ 東京都世田谷区南烏山
三鷹RI劇場(旧名三鷹RIスタジオ),〒181-0013 東京都三鷹市下連雀３丁目 榎本ビル 地下1階,http://seigetsu-entertainment.com/ristudio/,,,0,3,1,50,S優先度記事×1|複数記事候補×3|候補少記事に出現,ChIJ75gmy7bvGGARdfRHg_wQO9o,三鷹RI劇場(旧名三鷹RIスタジオ),3.6,70.0,〒181-0013 東京都三鷹市下連雀３丁目２２−１０ 地下,1.0,OK,三鷹RI劇場(旧名三鷹RIスタジオ) 東京都三鷹市下連雀
STUDIO101,〒252-0106 神奈川県相模原市中央区淵野辺４丁目１３-７,http://www.101violins.com/,042-738-8487,,0,2,2,50,S優先度記事×2|複数記事候補×2,ChIJzdUD8aj9GGARNGaY-cUbAF8,STUDIO101淵野辺校,1.0,1.0,〒252-0106 神奈川県相模原市中央区淵野辺４丁目１３−７,0.818,OK,STUDIO101 神奈川県相模原市中央区淵野辺
Studio BLANZ,〒170-0011 東京都豊島区池袋本町４丁目４５-１ 1F&B1F 芙蓉ビル,,070-6477-9409,,0,2,2,50,S優先度記事×2|複数記事候補×2,ChIJiyuM-puSGGARD8oRfIOcM_c,Studio BLANZ,3.9,7.0,〒170-0011 東京都豊島区池袋本町４丁目４５−１ 芙蓉ビル 1F&B1F,1.0,OK,Studio BLANZ 東京都豊島区池袋本町
Studio Landin' 国分寺校,〒185-0021 東京都国分寺市南町３丁目２２-３１ 島崎ビルB1F,http://www.namelessproduction.com/,042-322-9494,,0,3,1,50,S優先度記事×1|複数記事候補×3|候補少記事に出現,ChIJR1iP1zfkGGAR4QO7AIKxEPM,Studio Landin' 国分寺校,3.4,13.0,〒185-0021 東京都国分寺市南町３丁目２２−３１ 島崎ビルB1F,1.0,OK,Studio Landin' 国分寺校 東京都国分寺市南町
Tap&Soul,〒156-0043 東京都世田谷区松原２丁目２９-４ メナージュ明大前,https://tapandsoul.weebly.com/,080-6630-6299,,0,2,2,50,S優先度記事×2|複数記事候補×2,ChIJ81CrNODzGGARg_EmyEzoQqw,Tap&Soul,,,〒156-0043 東京都世田谷区松原２丁目２９−４ メナージュ明大前,1.0,OK,Tap&Soul 東京都世田谷区松原
TDSレンタルスタジオ池袋（120㎡）,〒171-0014 東京都豊島区池袋２丁目６４-１１ ｢平和ビル/4F｣,https://takigawa-ds.com/rental/index.php?%E6%B1%A0%E8%A2%8B,,,0,2,2,50,S優先度記事×2|複数記事候補×2,ChIJp0AWKzGNGGARkIN54LvtmEs,TDSレンタルスタジオ池袋（120㎡）,,,〒171-0014 東京都豊島区池袋２丁目６４−１１ ｢平和ビル/4F｣,1.0,OK,TDSレンタルスタジオ池袋（120㎡） 東京都豊島区池袋
WPG,〒171-0014 東京都豊島区池袋２丁目６８-９ ＭＩＢ 602号室,,,,0,2,2,50,S優先度記事×2|複数記事候補×2,ChIJgfLG19aNGGAR0x9BIyTHYu4,WPG,5.0,1.0,〒171-0014 東京都豊島区池袋２丁目６８−９ 602号室,1.0,OK,WPG 東京都豊島区池袋
Y'sホール三鷹,〒181-0004 東京都三鷹市新川６丁目８-１０ サンシャインビル B1,https://yshall-mitaka.jp/,0422-24-7332,,0,3,1,50,S優先度記事×1|複数記事候補×3|候補少記事に出現,ChIJ3S7K4QDxGGARfXuHUjBb6AA,Y'sホール三鷹,5.0,2.0,〒181-0004 東京都三鷹市新川６丁目８−１０ サンシャインビル B1,1.0,OK,Y'sホール三鷹 東京都三鷹市新川
スタジオK,〒195-0064 東京都町田市小野路町２０７３-３,https://studio-k-net.com/,090-3409-5240,,0,3,1,50,S優先度記事×1|複数記事候補×3|候補少記事に出現,ChIJkfrO_YL7GGARI5M84GpXnZQ,スタジオK,4.8,5.0,〒195-0064 東京都町田市小野路町２０７３−３,1.0,OK,スタジオK 東京都町田市小野路町２０７３-３
duobus studio｜デュオバススタジオ,〒190-0001 東京都立川市高松町２丁目１７-３ 清水ビル 302,,,,0,3,1,50,S優先度記事×1|複数記事候補×3|候補少記事に出現,ChIJV6ZwxS3hGGAR8ZYxO1yvs_Y,duobus studio｜デュオバススタジオ,,,〒190-0011 東京都立川市高松町２丁目１７−３ 清水ビル 302,1.0,OK,duobus studio｜デュオバススタジオ 東京都立川市高松町
代官山スタジオ,〒153-0061 東京都目黒区中目黒１丁目２-１７,http://daikanyamastudio.jp/,03-3719-0222,,0,2,2,50,S優先度記事×2|複数記事候補×2,ChIJF7PPEEaLGGARVEt8AljK4vU,代官山スタジオ,4.1,43.0,〒153-0061 東京都目黒区中目黒１丁目２−１７,1.0,OK,代官山スタジオ 東京都目黒区中目黒
スタジオライブラ,〒164-0003 東京都中野区東中野４丁目４-５ 東中野アパートメンツ ４-５ 201,http://libra-ch.com/studio/,090-1209-9449,,0,2,2,50,S優先度記事×2|複数記事候補×2,ChIJAQCwtsnyGGARurmeEEf-vSc,スタジオライブラ,5.0,5.0,〒164-0003 東京都中野区東中野４丁目４−５ ファミリーマート 東中野駅西口店 ４−５ 201,1.0,OK,スタジオライブラ 東京都中野区東中野
㈱フラオリタヒチ,〒140-0013 東京都品川区南大井３丁目２０-１１ 伊藤ビル 201,https://www.hulaoritahiti.jp/,03-6433-2981,,0,2,2,50,S優先度記事×2|複数記事候補×2,ChIJJ3F1s2mKGGARUzzdY9FyMbo,㈱フラオリタヒチ,,,〒152-0003 東京都目黒区碑文谷５丁目８−２ 碑文谷５丁目ハウス 204,1.0,OK,㈱フラオリタヒチ 東京都品川区南大井
アテール明大前第１スタジオ（レンタルスタジオTerritory M ）,〒156-0043 東京都世田谷区松原２丁目４２-７ 第２松岡ビル ２F,https://a-terre.com/territorym/,,,0,2,2,50,S優先度記事×2|複数記事候補×2,ChIJ54mWHMnzGGAR0oJGssnqLYk,アテール明大前第１スタジオ（レンタルスタジオTerritory M ）,,,〒156-0043 東京都世田谷区松原２丁目４２−７ 第２松岡ビル ２F,1.0,OK,アテール明大前第１スタジオ（レンタルスタジオTerritory M ） 東京都世田谷区松原
仕田原 京 バレエスタジオ,〒158-0082 東京都世田谷区等々力２丁目１８-７,http://www.miyako-ballet.biz/,03-5707-0863,,0,2,2,50,S優先度記事×2|複数記事候補×2,ChIJmYWbBP_0GGARas-lY4_ftlU,仕田原 京 バレエスタジオ,4.0,5.0,〒158-0082 東京都世田谷区等々力２丁目１８−７,1.0,OK,仕田原 京 バレエスタジオ 東京都世田谷区等々力
スタジオ・リアル,〒164-0013 東京都中野区弥生町１丁目５５-１１ エムエスエスビル 2Ｆ,,03-3372-4366,,0,2,2,50,S優先度記事×2|複数記事候補×2,ChIJ98tT2NvyGGARx10fKdFfjQY,スタジオ・リアル,4.5,4.0,〒164-0013 東京都中野区弥生町１丁目５５−１１ エムエスエスビル 2Ｆ,1.0,OK,スタジオ・リアル 東京都中野区弥生町
スタジオ川口,〒182-0024 東京都調布市布田１丁目29-２ B1,https://chofu.com/tensi,090-1809-3834,,0,3,1,50,S優先度記事×1|複数記事候補×3|候補少記事に出現,ChIJZ2ocbcbxGGARU9Hn_xJyGWA,スタジオ川口,,,〒182-0024 東京都調布市布田１丁目29−２ B1,1.0,OK,スタジオ川口 東京都調布市布田
スタジオベルゼ-Studio Verger-,〒185-0021 東京都国分寺市南町２丁目１３-５ 地下1F ベルゼ国分寺,https://ameblo.jp/studioverger,042-323-3066,,0,3,1,50,S優先度記事×1|複数記事候補×3|候補少記事に出現,ChIJ3ZgzKkrkGGAR0DueTKEivTo,スタジオベルゼ,,,〒185-0021 東京都国分寺市南町２丁目１３−５ ベルゼ国分寺 B1F,0.538,OK,スタジオベルゼ-Studio Verger- 東京都国分寺市南町
スペースアルファ㈱光音社,〒168-0064 東京都杉並区永福４丁目１９-７ ハイツ セキ B1F,,03-3313-7181,,0,2,2,50,S優先度記事×2|複数記事候補×2,ChIJg-YJiUXyGGARaJWCgQFnebw,スペースアルファ㈱光音社,,,〒168-0064 東京都杉並区永福４丁目１９−７ ハイツ セキ B1F,1.0,OK,スペースアルファ㈱光音社 東京都杉並区永福
スタジオレブローテ,〒133-0052 東京都江戸川区東小岩５丁目４-１４ 小岩セントラルビル,http://www.studio-rebrote.com/,03-5694-3670,,0,3,1,50,S優先度記事×1|複数記事候補×3|候補少記事に出現,ChIJN09vGniGGGAROQKvV8RyZpA,スタジオレブローテ,,,〒133-0052 東京都江戸川区東小岩５丁目４−１４ 小岩セントラルビル 1F,1.0,OK,スタジオレブローテ 東京都江戸川区東小岩
スタジオＰＯＰ,〒185-0022 東京都国分寺市東元町２丁目２０-１１ アーバンコア,http://www.studio-pop.com/,042-323-8706,,0,3,1,50,S優先度記事×1|複数記事候補×3|候補少記事に出現,ChIJQXNIbEnkGGARR7KbKHGwric,スタジオＰＯＰ,5.0,1.0,〒185-0022 東京都国分寺市東元町２丁目２０−１１ アーバンコア,1.0,OK,スタジオＰＯＰ 東京都国分寺市東元町
スペースアルファ,〒168-0064 東京都杉並区永福４丁目１９-７ ハイツセキ,,03-3313-7182,,0,2,2,50,S優先度記事×2|複数記事候補×2,ChIJc0igiUXyGGARc0tAP8iXiYM,スペースアルファ,4.0,1.0,〒168-0064 東京都杉並区永福４丁目１９−７,1.0,OK,スペースアルファ 東京都杉並区永福
楽?can,〒164-0012 東京都中野区本町２丁目５-７,http://rakucan.com/,03-6304-2118,,0,2,2,50,S優先度記事×2|複数記事候補×2,ChIJaQrPbW7zGGARFBP0pdMLNlA,楽〜can,,,〒164-0012 東京都中野区本町２丁目５−７,0.8,OK,楽?can 東京都中野区本町
LIGHT WORKS STUDIO,〒153-0052 東京都目黒区祐天寺１丁目２２-６,https://www.lightworks-studio.jp/,03-5720-8673,,0,2,2,50,S優先度記事×2|複数記事候補×2,ChIJpa4WpUqLGGARspu2GFndePw,LIGHT WORKS STUDIO,3.7,6.0,〒153-0052 東京都目黒区祐天寺１丁目２２−６ 中村ビル,1.0,OK,LIGHT WORKS STUDIO 東京都目黒区祐天寺
IK noelle Ballet Contemporary,〒156-0057 東京都世田谷区上北沢３丁目３３-５,https://www.iknoelleballetcontemporary.com/,,,0,2,2,50,S優先度記事×2|複数記事候補×2,ChIJPaNSUSLzGGARHFzuL2Ws2T4,IK noelle Ballet Contemporary,,,〒156-0057 東京都世田谷区上北沢３丁目３３−５,1.0,OK,IK noelle Ballet Contemporary 東京都世田谷区上北沢
ENJOINT DANCE CLUB,〒153-0061 東京都目黒区中目黒３丁目５-１８-３１２,http://www.enjoint.tokyo/,,,0,2,2,50,S優先度記事×2|複数記事候補×2,ChIJb8hmKimLGGAR-7w-URZLivs,ENJOINT DANCE CLUB,,,〒153-0061 東京都目黒区中目黒３丁目５−１８−３１２,1.0,OK,ENJOINT DANCE CLUB 東京都目黒区中目黒
レンタルスタジオ ATELIER K.K. ?アトリエKK?,〒153-0051 東京都目黒区上目黒１丁目５-１０ 中目黒マンションB1F?11号室,,03-6906-6076,,0,2,2,50,S優先度記事×2|複数記事候補×2,ChIJGWKpl0iLGGAR4ttLmKkTSWQ,レンタルスタジオ ATELIER K.K. −アトリエKK−,4.0,4.0,〒153-0051 東京都目黒区上目黒１丁目５−１０ B1F−11号室,0.926,OK,レンタルスタジオ ATELIER K.K. ?アトリエKK? 東京都目黒区上目黒
ナッツ・レンタル・スタジオ,〒114-0014 東京都北区田端４丁目１-１１ クレールビル 1F,http://www.nuts-vocal.com/studio.html,0120-772-466,,0,3,1,50,S優先度記事×1|複数記事候補×3|候補少記事に出現,ChIJAQD0U5WNGGAR-s6pf3rrsQc,ナッツ・レンタル・スタジオ,4.5,2.0,〒114-0014 東京都北区田端４丁目１−１１ クレールビル 1F,1.0,OK,ナッツ・レンタル・スタジオ 東京都北区田端
ダンスホール ESPACE,〒168-0074 東京都杉並区上高井戸１丁目２-１ 地下１階 第１八幡山マンション,http://dancehall-espace.com/,080-5374-2028,,0,2,2,50,S優先度記事×2|複数記事候補×2,ChIJPVSjGxnzGGARHXVzhflMOK4,ダンスホール ESPACE,3.7,3.0,〒168-0074 東京都杉並区上高井戸１丁目２−１ 第１ 八幡山マンション 地下１階,1.0,OK,ダンスホール ESPACE 東京都杉並区上高井戸
Gloire Ballet Studio,〒182-0022 東京都調布市国領町４丁目9-４ 九曜国領駅前ビル 4F,https://gloire-ballet-studio.com/,042-444-7473,,0,3,1,50,S優先度記事×1|複数記事候補×3|候補少記事に出現,ChIJcx6aEmDxGGARSDkXcbyhHH4,Gloire Ballet Studio,4.5,2.0,〒182-0022 東京都調布市国領町４丁目9−４ 九曜国領駅前ビル 4F,1.0,OK,Gloire Ballet Studio 東京都調布市国領町
Ballet Fl?gel バレエフリューゲル,〒206-0011 東京都多摩市関戸４丁目７３ ヴィータアネックスよこくらビル 3階,http://tama-cul.com/2023/09/21/ballet-flugel/,,,0,3,1,50,S優先度記事×1|複数記事候補×3|候補少記事に出現,ChIJiTCJ5QHlGGARtz4LFnGEZS4,Ballet Flügel バレエフリューゲル,,,〒206-0011 東京都多摩市関戸４丁目７３ ヴィータアネックスよこくらビル 3階,0.952,OK,Ballet Fl?gel バレエフリューゲル 東京都多摩市関戸
バレエスタジオＭＯＭＯ,〒171-0043 東京都豊島区要町３丁目２３-１１ カーサプリマ,http://balletstudiomomo.com/about/,070-3846-8465,,0,2,2,50,S優先度記事×2|複数記事候補×2,ChIJq2qltE3tGGARF2XiCntHpMM,バレエスタジオＭＯＭＯ,,,〒171-0043 東京都豊島区要町３丁目２３−１１ カーサプリマ ２F,1.0,OK,バレエスタジオＭＯＭＯ 東京都豊島区要町
Clover 26,〒206-0033 東京都多摩市落合２丁目３３ 2階,https://www.clover26.com/,042-319-6001,,0,3,1,50,S優先度記事×1|複数記事候補×3|候補少記事に出現,ChIJ17--uTH9GGARXiMZ6RAGAHM,clover26,4.2,5.0,〒206-0033 東京都多摩市落合２丁目３３ 2階,1.0,OK,Clover 26 東京都多摩市落合
Casa Mia Studio カザミアスタジオ ダンス,〒151-0064 東京都渋谷区上原１丁目２２-３ B1F むさしビル,http://casamiastudio.jp/,03-5790-5710,,0,2,2,50,S優先度記事×2|複数記事候補×2,ChIJR6JlXkjzGGARXkxiiggLmxc,Casa Mia Studio カザミアスタジオ ダンス,3.9,7.0,〒151-0064 東京都渋谷区上原１丁目２２−３ むさしビル B1F,1.0,OK,Casa Mia Studio カザミアスタジオ ダンス 東京都渋谷区上原
フラメンコスタジオマリ池袋,〒170-0013 東京都豊島区東池袋１丁目４７-５ B1,https://flamenco-mari.com/,090-9207-4070,,0,2,2,50,S優先度記事×2|複数記事候補×2,ChIJ2zqgZcONGGARjs9uaaDp0vE,フラメンコスタジオマリ池袋,1.0,1.0,〒170-0013 東京都豊島区東池袋１丁目４７−５ B1,1.0,OK,フラメンコスタジオマリ池袋 東京都豊島区東池袋
バレエアトリエ クレール,〒206-0034 東京都多摩市 鶴牧3-4 1C,http://www.clair-ballet.com/,042-371-0466,,0,3,1,50,S優先度記事×1|複数記事候補×3|候補少記事に出現,ChIJI2jP5cz8GGARKI9OhwXXKno,バレエアトリエ クレール,5.0,2.0,〒206-0034 東京都多摩市鶴牧３丁目４ Ｄ’グラフォート多摩センターガーデンサンクタム 1C,1.0,OK,バレエアトリエ クレール 東京都多摩市 鶴牧3-4 1C
ミハタホール,〒168-0074 東京都杉並区上高井戸１丁目２-１ 第１八幡山マンション地下１階,,03-3302-2632,,0,2,2,50,S優先度記事×2|複数記事候補×2,ChIJ-b5JNC_yGGAR5LAdRXQi_KE,ミハタ・貸ダンスホール,,,〒168-0074 東京都杉並区上高井戸１丁目２−４ ポルトメウス,0.75,OK,ミハタホール 東京都杉並区上高井戸
石原ダンスクラブ コモレ四谷店,〒160-0004 東京都新宿区四谷１丁目６-1 213,http://ishiharadance.jp/,,,0,2,2,50,S優先度記事×2|複数記事候補×2,ChIJ1yEC3KuNGGARpOvZXM2rVXY,石原ダンスクラブ コモレ四谷店,,,〒160-0004 東京都新宿区四谷１丁目６−1 213,1.0,OK,石原ダンスクラブ コモレ四谷店 東京都新宿区四谷
RSC MASAMI STUDIO,〒130-0013 東京都墨田区錦糸３丁目１１-１ 興和2ビル 6F,http://www.masamistudio.com/,03-3621-8648,,0,3,1,50,S優先度記事×1|複数記事候補×3|候補少記事に出現,ChIJAQAR3imJGGAR4LOSkEZddeI,RSC MASAMI STUDIO,5.0,3.0,〒130-0013 東京都墨田区錦糸３丁目１１−１ 興和2ビル 6F,1.0,OK,RSC MASAMI STUDIO 東京都墨田区錦糸
タカノ,〒124-0011 東京都葛飾区四つ木１丁目４７-１５,http://www.takano-gallery.com/,03-3693-2611,,0,3,1,50,S優先度記事×1|複数記事候補×3|候補少記事に出現,ChIJOyMEkGmPGGARAo58mNA0nbA,㈱タカノ,,,〒124-0011 東京都葛飾区四つ木１丁目４７−１５,0.857,OK,タカノ 東京都葛飾区四つ木
月島スタジオ,〒104-0052 東京都中央区月島１丁目１４-７,https://www.daikanyamastudio.jp/studio_space/studio_tsukishima/,03-6890-0789,,0,2,2,50,S優先度記事×2|複数記事候補×2,ChIJTWJ_Q2WJGGAR94xADF3yzog,月島スタジオ,4.1,19.0,〒104-0052 東京都中央区月島１丁目１４−７,1.0,OK,月島スタジオ 東京都中央区月島
Manohiva Japan,〒140-0013 東京都品川区南大井３丁目２０-１１ 伊藤ビル 201,https://www.manohivajapan.net/,090-4811-8040,,0,2,2,50,S優先度記事×2|複数記事候補×2,ChIJC_KiX8RhGGARsUf0MHVwez0,Manohiva Japan,5.0,1.0,〒140-0013 東京都品川区南大井３丁目２０−１１ 伊藤ビル 201,1.0,OK,Manohiva Japan 東京都品川区南大井
Mazuka Dance Company,〒168-0064 東京都杉並区永福１丁目３９-１３ 1F,https://mazuka-studio.com/,03-6265-7333,,0,2,2,50,S優先度記事×2|複数記事候補×2,ChIJf0UxIlPyGGARU2SJm4L5VGc,Mazuka Dance Company,,,〒168-0064 東京都杉並区永福１丁目３９−１３ 1F,1.0,OK,Mazuka Dance Company 東京都杉並区永福
桜新町studio,〒154-0015 東京都世田谷区桜新町１丁目３３-１３,https://www.instabase.jp/space/2094,,,0,2,2,50,S優先度記事×2|複数記事候補×2,ChIJK-kGllP1GGARL_12aVdlbiU,桜新町studio,4.5,2.0,〒154-0015 東京都世田谷区桜新町１丁目３３−１３,1.0,OK,桜新町studio 東京都世田谷区桜新町
布川ダンスカンパニー,〒111-0036 東京都台東区松が谷１丁目９-１３ 高橋総本店,http://nunokawa-dance.la.coocan.jp/,03-3843-3458,,0,2,2,50,S優先度記事×2|複数記事候補×2,ChIJtV25172OGGARpDkfzUrxjl4,布川ダンスカンパニー,,,〒111-0036 東京都台東区松が谷１丁目９−１３,1.0,OK,布川ダンスカンパニー 東京都台東区松が谷
スタジオマーティ / STUDIO marty 池袋出張所,"いちご東池袋ビル 6f, １丁目-３４-５ 東池袋 豊島区 東京都 170-0013",https://www.studiomarty.co.jp/tokyo-mitakeio/,,,0,2,2,50,S優先度記事×2|複数記事候補×2,ChIJ7aFUqzuNGGARuJkv9gADUos,スタジオマーティ / STUDIO marty 池袋出張所,,,〒170-0013 東京都豊島区東池袋１丁目３４−５ 6F,1.0,OK,"スタジオマーティ / STUDIO marty 池袋出張所 いちご東池袋ビル 6f,"
スタジオ・エルカミーノ,〒133-0057 東京都江戸川区西小岩１丁目１９-３２,http://elcamino-koiwa.com/,03-3671-3309,,0,3,1,50,S優先度記事×1|複数記事候補×3|候補少記事に出現,ChIJVVXxS9-FGGARQLxPkMzAt8g,スタジオ・エルカミーノ,,,〒133-0057 東京都江戸川区西小岩１丁目１９−２９ エトワール第2ビル 1F,1.0,OK,スタジオ・エルカミーノ 東京都江戸川区西小岩
AAPA 日の出町団地スタジオ,〒120-0021 東京都足立区日ノ出町２７ 日の出町団地１号棟 １０３,https://aapa.jp/,070-6457-8036,,0,3,1,50,S優先度記事×1|複数記事候補×3|候補少記事に出現,ChIJCbb7g9qPGGAReG6S-P6lvOU,AAPA 日の出町団地スタジオ,5.0,3.0,〒120-0021 東京都足立区日ノ出町２７ 日の出町団地１号棟 １０３,1.0,OK,AAPA 日の出町団地スタジオ 東京都足立区日ノ出町２７ 日の出町団地１号棟 １０３
Dance Studio Bingo（日野Bingo）,〒191-0062 東京都日野市多摩平１丁目4-１５ ダイマルビル 2階,https://dancestudio-bingo.com/,,,0,2,1,45,S優先度記事×1|複数記事候補×2|候補少記事に出現,ChIJ9TYqL5zjGGARBU25K9Geoa4,DANCE STUDIO BINGO,,,〒192-0083 東京都日野市多摩平１丁目4−１５ ダイマルビル 2F,0.78,OK,Dance Studio Bingo（日野Bingo） 東京都日野市多摩平
Fairy Ballet Studio,〒189-0022 東京都東村山市野口町１丁目３-３ アドヴァンス東村山 ３F,https://www.fairy-ballet.net/,080-2331-6323,,0,2,1,45,S優先度記事×1|複数記事候補×2|候補少記事に出現,ChIJ0VvESkLnGGARSLfzKDblDek,Fairy Ballet Studio,5.0,3.0,〒189-0022 東京都東村山市野口町１丁目3−３ アドヴァンス東村山 3F,1.0,OK,Fairy Ballet Studio 東京都東村山市野口町
東京バレエ学園,〒191-0053 東京都日野市豊田４丁目４５-３,http://www.tokyo-ballet.co.jp/,042-581-5515,,0,2,1,45,S優先度記事×1|複数記事候補×2|候補少記事に出現,ChIJJZ0CIBXiGGARjCVza-5hayQ,東京バレエ学園,5.0,1.0,〒191-0053 東京都日野市豊田４丁目４５−３,1.0,OK,東京バレエ学園 東京都日野市豊田
"学園坂スタジオ（E,Fスタジオ）",〒187-0045 東京都小平市学園西町２丁目１４-２０,https://www.gakuenzaka.com/,042-202-0423,,0,2,1,45,S優先度記事×1|複数記事候補×2|候補少記事に出現,ChIJMXrC8oXnGGARM24GaMXiMpk,"学園坂スタジオ（E,Fスタジオ）",5.0,2.0,〒187-0045 東京都小平市学園西町２丁目１４−２０,1.0,OK,"学園坂スタジオ（E,Fスタジオ） 東京都小平市学園西町"
ダンススタジオ ユー,〒183-0015 東京都府中市清水が丘１丁目１-３,http://dance-studio-you.sakura.ne.jp/,042-360-3595,,0,2,1,45,S優先度記事×1|複数記事候補×2|候補少記事に出現,ChIJUbnnjBjlGGARnHpRWvM80_I,ダンススタジオ ユー,,,"３０１号, １丁目-１-3 清水が丘 府中市 東京都 183-0015",1.0,OK,ダンススタジオ ユー 東京都府中市清水が丘
STUDIO CHACHA,〒187-0035 東京都小平市小川西町４丁目１４-２２,,,,0,2,1,45,S優先度記事×1|複数記事候補×2|候補少記事に出現,ChIJ6xfK4_DnGGARTFWegUP8-Lk,STUDIO CHACHA,4.7,3.0,〒187-0035 東京都小平市小川西町４丁目１４−２２,1.0,OK,STUDIO CHACHA 東京都小平市小川西町
カルチャースタジオ花,〒187-0003 東京都小平市花小金井南町１丁目１４-２４,https://www.kodaira-net.jp/kd1134338/,,,0,2,1,45,S優先度記事×1|複数記事候補×2|候補少記事に出現,ChIJW_300GvlGGARa7hIukIp2Uk,カルチャースタジオ花,1.0,1.0,〒187-0003 東京都小平市花小金井南町１丁目１４−２４,1.0,OK,カルチャースタジオ花 東京都小平市花小金井南町
HIRAYAMA studio立石,〒124-0012 東京都葛飾区立石１丁目２２-７,https://hirayamastudio.com/tateishi.html,090-5419-4965,,0,2,1,45,S優先度記事×1|複数記事候補×2|候補少記事に出現,ChIJYYMXrWCPGGARFU4y9ibGRpc,HIRAYAMA studio立石,,,〒124-0012 東京都葛飾区立石１丁目２２−７,1.0,OK,HIRAYAMA studio立石 東京都葛飾区立石
J.K.キューブ101スタジオエチュード,〒182-0007 東京都調布市菊野台１丁目２０-５,https://www.studioasp.com/mdata/detail.aspx?i=13031,090-4969-7531,,0,2,1,45,S優先度記事×1|複数記事候補×2|候補少記事に出現,ChIJ-3MYvkzwGGARtc5BkwgVuQ8,J.K.キューブ101スタジオエチュード,3.9,8.0,〒182-0007 東京都調布市菊野台１丁目２０−５,1.0,OK,J.K.キューブ101スタジオエチュード 東京都調布市菊野台
田中美穂フラメンコスタジオ,〒155-0031 東京都世田谷区北沢４丁目３-２３,https://najahouse.jp/school/30-4,03-3485-2620,,0,2,1,45,S優先度記事×1|複数記事候補×2|候補少記事に出現,ChIJG943jT_zGGARZ7ZnQMvejg4,田中美穂フラメンコスタジオ,,,〒155-0031 東京都世田谷区北沢４丁目３−２３ ラヴィドール下北沢,1.0,OK,田中美穂フラメンコスタジオ 東京都世田谷区北沢
ヨガスタジオ Peace of Mind,〒162-0041 東京都新宿区早稲田鶴巻町５４６ 新滝沢ビル 4階,http://www.peaceofmind.tokyo/,,,0,2,1,45,S優先度記事×1|複数記事候補×2|候補少記事に出現,ChIJR_3-Gv6MGGARlCoO432ihQg,ヨガスタジオ Peace of Mind,5.0,1.0,〒162-0041 東京都新宿区早稲田鶴巻町５４６ 新滝沢ビル 4階,1.0,OK,ヨガスタジオ Peace of Mind 東京都新宿区早稲田鶴巻町５４６ 新滝沢ビル 4階
自由が丘バレエレンタルスタジオ＆ピアノスタジオ 『バレット＆ピアノフォルテ』,〒158-0083 東京都世田谷区奥沢１丁目４４-２ 山里ビル,http://balletto-pianoforte.com/,03-5499-5228,,0,2,1,45,S優先度記事×1|複数記事候補×2|候補少記事に出現,ChIJ0834i2b1GGARDlghbmbQVes,イプシロン・インターナショナル株式会社 Studio Balletto & Pianoforte,4.4,7.0,〒158-0083 東京都世田谷区奥沢１丁目４４−２,0.075,OK,自由が丘バレエレンタルスタジオ＆ピアノスタジオ 『バレット＆ピアノフォルテ』 東京都世田谷区奥沢
駒場アートワークス,〒153-0041 東京都目黒区駒場２丁目１２-２,https://www.artworks-st.com/komaba,03-3404-1004,,0,2,1,45,S優先度記事×1|複数記事候補×2|候補少記事に出現,ChIJi0nzPfjzGGARG526Z3pxP-Q,駒場アートワークス,3.3,3.0,〒153-0041 東京都目黒区駒場２丁目１２−２,1.0,OK,駒場アートワークス 東京都目黒区駒場
K2studio,〒182-0002 東京都調布市仙川町１丁目２７-２４,http://www.k2-studio.info/K2studio/,03-5314-9974,,0,2,1,45,S優先度記事×1|複数記事候補×2|候補少記事に出現,ChIJq6r2TLzxGGARYZ7TTmg5aKo,K2studio,5.0,1.0,〒182-0002 東京都調布市仙川町１丁目２７−２４,1.0,OK,K2studio 東京都調布市仙川町
STUDIOフェーム,〒124-0024 東京都葛飾区新小岩１丁目４２-４ 明治屋ビル,,090-8031-8390,,0,2,1,45,S優先度記事×1|複数記事候補×2|候補少記事に出現,ChIJV3UscgOGGGAR-uxl_mVDqPA,STUDIOフェーム,,,〒124-0024 東京都葛飾区新小岩１丁目４２−４ 明治屋ビル,1.0,OK,STUDIOフェーム 東京都葛飾区新小岩
スタジオ21（レンタルスタジオ）,"竹中シャルム B1, ３丁目-１-３ 浅草橋 台東区 東京都 111-0053",https://upnow.jp/studio21/asakusabashi,080-6600-1221,,0,2,1,45,S優先度記事×1|複数記事候補×2|候補少記事に出現,ChIJqylARrGOGGARrb1P82gvmmw,スタジオ21(浅草橋のダンススタジオ/レンタルスペース/会議室),,,"竹中シャルム B1, ３丁目-１-3 浅草橋 台東区 東京都 111-0053",0.458,OK,"スタジオ21（レンタルスタジオ） 竹中シャルム B1,"
スタジオクレイン鶴川,〒195-0053 東京都町田市能ヶ谷２丁目１２,http://studio-crane-tsurukawa.com/,,,0,2,1,45,S優先度記事×1|複数記事候補×2|候補少記事に出現,ChIJEb8_1877GGARqMVOwa6vCf8,スタジオクレイン鶴川,4.0,3.0,〒195-0053 東京都町田市能ヶ谷２丁目１２−４,1.0,OK,スタジオクレイン鶴川 東京都町田市能ヶ谷
サン・スタジオ,〒152-0034 東京都目黒区緑が丘２丁目７-８,,03-5729-0065,,0,2,1,45,S優先度記事×1|複数記事候補×2|候補少記事に出現,ChIJG1-9aiH1GGARoJO6_x-pCXs,サン・スタジオ,4.0,2.0,〒152-0034 東京都目黒区緑が丘２丁目７−８,1.0,OK,サン・スタジオ 東京都目黒区緑が丘
鏡陽司ダンススタジオ,〒187-0035 東京都小平市小川西町３丁目１９-１ ハイム?Ⅱビル １F,https://startskoko.wixsite.com/mysite6,042-344-7177,,0,2,1,45,S優先度記事×1|複数記事候補×2|候補少記事に出現,ChIJYcVzitzmGGARnHEeMQz8tfk,鏡ダンススクール,5.0,1.0,〒187-0035 東京都小平市小川西町３丁目１９−１ ハイム KⅡ1階,0.556,OK,鏡陽司ダンススタジオ 東京都小平市小川西町
あやこバレエスタジオ,〒156-0051 東京都世田谷区４６ 宮坂3-46-3-1F,http://ayako-ballet-studio.tokyo/,090-8773-6789,,0,2,1,45,S優先度記事×1|複数記事候補×2|候補少記事に出現,ChIJIyU1Kr_zGGARvVDdPn2gBng,あやこバレエスタジオ,5.0,1.0,〒156-0051 東京都世田谷区宮坂３丁目４６−３ ボストンコート経堂 宮坂3-46-3-1F,1.0,OK,あやこバレエスタジオ 東京都世田谷区４６ 宮坂3-46-3-1F
エコール・ド・バレエ・エタンセル,〒186-0002 東京都国立市東１丁目15-２２ 国立サニービル 4F B号室,https://etincelle-ballet.com/,,,0,2,1,45,S優先度記事×1|複数記事候補×2|候補少記事に出現,ChIJaVEhJAHkGGARD1A_5qlMgw4,エコール・ド・バレエ・エタンセル,,,〒186-0002 東京都国立市東１丁目15−２２ 4F B号室,1.0,OK,エコール・ド・バレエ・エタンセル 東京都国立市東
レンタルホールフレンド永山,〒206-0024 東京都多摩市諏訪２丁目１２-１２ アクロスビル 2階,,042-339-1925,,0,2,1,45,S優先度記事×1|複数記事候補×2|候補少記事に出現,ChIJXQ_8VFT7GGARdc_T4reY-DU,レンタルホールフレンド永山,5.0,1.0,〒206-0024 東京都多摩市諏訪２丁目１２−１２ アクロスビル 2階,1.0,OK,レンタルホールフレンド永山 東京都多摩市諏訪
I.G.Oスタジオ,"4F, ３丁目-５-１ 西日暮里 荒川区 東京都 116-0013",http://igomusic.jp/,03-5848-4032,,0,4,1,40,S優先度記事×1|複数記事候補×4,ChIJsebzn9CNGGAR3PLQ72FeM4k,I.G.Oスタジオ,4.4,5.0,"4F, ３丁目-５-1 西日暮里 荒川区 東京都 116-0013",1.0,OK,"I.G.Oスタジオ 4F,"
八王子フラスタジオ Mauna leo（マウナレオ）,〒192-0046 東京都八王子市明神町２丁目10-１０ 3階,https://hachioji.mypl.net/shop/00000369954/,090-2932-7659,,0,4,1,40,S優先度記事×1|複数記事候補×4,ChIJ_dKNWhsdGWARpA4bTnxu7Vo,八王子フラスタジオ Mauna leo（マウナレオ）,5.0,1.0,〒192-0046 東京都八王子市明神町２丁目１０−１０ 3階,1.0,OK,八王子フラスタジオ Mauna leo（マウナレオ） 東京都八王子市明神町
BUZZ レンタルスタジオ 西日暮里店,〒116-0013 東京都荒川区西日暮里５丁目２４-２ Ｋ．Ｉビル 地下1階,,,,0,4,1,40,S優先度記事×1|複数記事候補×4,ChIJZcun-UiSGGARroEXzMiu80g,BUZZ西日暮里,4.2,30.0,〒116-0013 東京都荒川区西日暮里５丁目２４−２ Ｋ．Ｉビル 地下1階,0.64,OK,BUZZ レンタルスタジオ 西日暮里店 東京都荒川区西日暮里
吉祥寺 吉すた レンタルスタジオ,〒180-0003 東京都武蔵野市吉祥寺南町２丁目２０-８ Ｋ＆Ｆビル 1Ｆ,https://kichijoji.studiosquare.jp/,03-5822-4050,,0,4,1,40,S優先度記事×1|複数記事候補×4,ChIJUZimoD7uGGARyGxhKDGV1YA,吉祥寺 吉すた レンタルスタジオ,4.4,5.0,〒180-0003 東京都武蔵野市吉祥寺南町２丁目２０−８ Ｋ＆Ｆビル 1Ｆ,1.0,OK,吉祥寺 吉すた レンタルスタジオ 東京都武蔵野市吉祥寺南町
吉祥寺ダンスガレージ レンタルスタジオ,〒180-0003 東京都武蔵野市吉祥寺南町２丁目２９-１２ 1F 東伸自動車株式会社ビル,https://garage.studiosquare.jp/,03-5822-4050,,0,4,1,40,S優先度記事×1|複数記事候補×4,ChIJWfeaITzuGGAR7XoSX8V21UM,吉祥寺ダンスガレージ レンタルスタジオ,4.0,5.0,〒180-0003 東京都武蔵野市吉祥寺南町２丁目２９−１２ 1F 東伸自動車株式会社ビル,1.0,OK,吉祥寺ダンスガレージ レンタルスタジオ 東京都武蔵野市吉祥寺南町
studio SHEEP（スタジオシープ）,〒135-0003 東京都江東区猿江２丁目２-９ 鈴木ビル 1F,https://studio-sheep.com/,03-6659-5345,,0,4,1,40,S優先度記事×1|複数記事候補×4,ChIJ48xH_PyJGGARDph3TdmIYjo,studio SHEEP住吉,4.5,2.0,〒135-0003 東京都江東区猿江２丁目２−９ 1F,0.667,OK,studio SHEEP（スタジオシープ） 東京都江東区猿江
ダンススタジオ ability,〒192-0066 東京都八王子市本町２４-８ クラフトビル 1F,https://studio-ability.com/,,,0,4,1,40,S優先度記事×1|複数記事候補×4,ChIJB2ZaTXgfGWARLCIthODD-5Y,ブレイクダンス スタジオ アビリティ,5.0,204.0,〒192-0066 東京都八王子市本町２４−８ クラフトビル 1F,0.467,OK,ダンススタジオ ability 東京都八王子市本町２４-８ クラフトビル 1F
撮影スタジオ【スタジオトランバネーロ】,〒115-0045 東京都北区赤羽１丁目５１-４ 赤銀ビル 201号,http://studio-tranbanero.jp/,070-4762-9950,,0,4,1,40,S優先度記事×1|複数記事候補×4,ChIJKRhjURuTGGARiaf9wLYfaXg,撮影スタジオ【スタジオトランバネーロ】,4.9,42.0,〒115-0045 東京都北区赤羽１丁目５１−４ 赤銀ビル,1.0,OK,撮影スタジオ【スタジオトランバネーロ】 東京都北区赤羽
白樺ドレス,〒116-0013 東京都荒川区西日暮里５丁目１４-１ 太陽ビル 2F,https://www.shirakabadress.com/,03-3805-2975,,0,4,1,40,S優先度記事×1|複数記事候補×4,ChIJMbIXVNeNGGARl5rShCNZGPY,白樺ドレス,4.4,18.0,〒116-0013 東京都荒川区西日暮里５丁目１４−１ 太陽ビル 2F,1.0,OK,白樺ドレス 東京都荒川区西日暮里
M Ballet Studio,〒192-0902 東京都八王子市上野町１７-５ SKダンススタジオ 内,,090-4069-3278,,0,4,1,40,S優先度記事×1|複数記事候補×4,ChIJ9TgHR7AdGWARHop6k9qzJMQ,M Ballet Studio,,,〒192-0902 東京都八王子市上野町１７−５ SKダンススタジオ 内,1.0,OK,M Ballet Studio 東京都八王子市上野町１７-５ SKダンススタジオ 内
MIZUE Ballet School,〒179-0076 東京都練馬区土支田１丁目２８-１４ ３F,https://sites.google.com/site/mizueballet/,090-6019-1142,,0,4,1,40,S優先度記事×1|複数記事候補×4,ChIJ_1kHq_ztGGARhb39mcCmqUQ,MIZUE Ballet School,3.7,3.0,〒179-0076 東京都練馬区土支田１丁目２８−１４ ３F,1.0,OK,MIZUE Ballet School 東京都練馬区土支田
長谷川政義ダンスワールド,〒116-0013 東京都荒川区西日暮里６丁目４７-８ サンライズ21 2F,http://hm-dw.com/,03-6807-8645,,0,4,1,40,S優先度記事×1|複数記事候補×4,ChIJkbisb9mNGGAREocc3RcVp-Y,長谷川政義ダンスワールド,,,〒116-0013 東京都荒川区西日暮里６丁目４７−８ サンライズ21 2F,1.0,OK,長谷川政義ダンスワールド 東京都荒川区西日暮里
ＤＡＮＣＥＳＴＵＤＩＯ・ＢＩＮＧＯ,〒192-0083 東京都八王子市旭町１３-２５,https://dancestudio-bingo.com/,042-645-5507,,0,3,1,35,S優先度記事×1|複数記事候補×3,ChIJ8Z6jnN4dGWARSS7sVYxZLLw,ＤＡＮＣＥＳＴＵＤＩＯ・ＢＩＮＧＯ,3.0,1.0,〒192-0083 東京都八王子市旭町１３−２５ YFビル,1.0,OK,ＤＡＮＣＥＳＴＵＤＩＯ・ＢＩＮＧＯ 東京都八王子市旭町１３-２５
BUZZ レンタルスタジオ 日暮里店,〒116-0014 東京都荒川区東日暮里６丁目６０-９ 日暮里駅前ビル B1F,,,,0,3,1,35,S優先度記事×1|複数記事候補×3,ChIJH9CAwSeNGGAR5MwXnRyPaQE,BUZZ日暮里,2.8,19.0,〒116-0014 東京都荒川区東日暮里６丁目６０−９ 日暮里駅前ビル B1F,0.609,OK,BUZZ レンタルスタジオ 日暮里店 東京都荒川区東日暮里
STUDIOピア Pia31 ベイサイド,〒136-0082 東京都江東区新木場２丁目１-２３,https://www.studio-pia.com/,03-5606-5461,,0,3,1,35,S優先度記事×1|複数記事候補×3,ChIJB_1b1y6IGGARIdBKeufBw44,【STUDIOピア】Pia31ﾍﾞｲｻｲﾄﾞ,4.2,36.0,〒136-0082 東京都江東区新木場２丁目１−２３,0.65,OK,STUDIOピア Pia31 ベイサイド 東京都江東区新木場
StudioNEXUS石神井校,〒177-0041 東京都練馬区石神井町６丁目３２-２０,https://nfc-dance.com/,03-6753-0989,,0,3,1,35,S優先度記事×1|複数記事候補×3,ChIJq2Ou1ZDuGGARwI4MmG-Rzfk,ダンススタジオ StudioNEXUS石神井校 -練馬区-石神井公園-,5.0,1.0,〒177-0041 東京都練馬区石神井町６丁目３２−２０,0.667,OK,StudioNEXUS石神井校 東京都練馬区石神井町
#ERROR!,〒136-0075 東京都江東区新砂３丁目４-３１ ＳＵＮＡＭＯ4Ｆ 南砂町ショッピングセンタ,https://www.arc-web.com/kids/?utm_source=google&utm_medium=map&utm_content=sunamo&utm_campaign=MAP-sunamo,072-242-3074,,0,3,1,35,S優先度記事×1|複数記事候補×3,ChIJqS5MQQCJGGARYDJ1OSjt1S4,新砂３丁目アパート,,,〒136-0075 東京都江東区新砂３丁目３−１７ 都営住宅新砂三丁目アパート,0.0,OK,#ERROR! 東京都江東区新砂
Brilliant Me Dance Studio 鹿浜校,〒123-0864 東京都足立区鹿浜７丁目１２-４,http://brilliant-me.com/,03-3857-6111,,0,3,1,35,S優先度記事×1|複数記事候補×3,ChIJFfQwKCaSGGAR97UfciqZj_U,Brilliant Me Dance Studio 鹿浜校,5.0,2.0,〒123-0864 東京都足立区鹿浜７丁目１２−４,1.0,OK,Brilliant Me Dance Studio 鹿浜校 東京都足立区鹿浜
バーミリオン フェニックス チアダンス スタジオ,〒176-0023 東京都練馬区中村北１丁目５-９ 第二永崎ビル,,,,0,3,1,35,S優先度記事×1|複数記事候補×3,ChIJ___bsKDtGGARIr-7E8MIfAU,#えみチア 練馬校 Vermilion Phoenix Cheerdance Studio,5.0,2.0,〒176-0023 東京都練馬区中村北１丁目５−９,0.066,OK,バーミリオン フェニックス チアダンス スタジオ 東京都練馬区中村北
Cuuby dance school,,,090-9202-9872,,0,3,1,35,S優先度記事×1|複数記事候補×3,,,,,,,NOT_FOUND,Cuuby dance school 東京
練馬 RB レンタルスタジオ,〒176-0023 東京都練馬区中村北１丁目５-９ 第二永崎ビル 4階,https://nerima.studiosquare.jp/,03-5822-4050,,0,3,1,35,S優先度記事×1|複数記事候補×3,ChIJjcrZsKDtGGAR2Uxqe2qsz24,練馬 RB レンタルスタジオ,4.1,11.0,〒176-0023 東京都練馬区中村北１丁目５−９ 4階,1.0,OK,練馬 RB レンタルスタジオ 東京都練馬区中村北
スタジオBOS,〒174-0065 東京都板橋区若木１丁目２６-９,http://www.studio-bos.com/,03-6795-4845,,0,3,1,35,S優先度記事×1|複数記事候補×3,ChIJB-dhcMaSGGARjJ6C8GopdGs,スタジオBOS,4.4,7.0,〒174-0065 東京都板橋区若木１丁目２６−９,1.0,OK,スタジオBOS 東京都板橋区若木
森下スタジオ,〒135-0004 東京都江東区森下３丁目５-６,https://www.saison.or.jp/studio,03-5624-5951,,0,3,1,35,S優先度記事×1|複数記事候補×3,ChIJFentnzuJGGARY7C2lhYHkCY,森下スタジオ,4.0,33.0,〒135-0004 東京都江東区森下３丁目５−６,1.0,OK,森下スタジオ 東京都江東区森下
ダンススタジオ ハッピーターン,〒130-0026 東京都墨田区両国４丁目１８-４,http://www.happy-turn.com/,080-4185-4202,,0,3,1,35,S優先度記事×1|複数記事候補×3,ChIJQw69pDaJGGAR-x2Xu0X0flY,Space Pono スペースポノ両国 (旧 ハッピーターン),3.0,2.0,〒130-0026 東京都墨田区両国４丁目１８−４ グレイス両国 ２０３,0.439,OK,ダンススタジオ ハッピーターン 東京都墨田区両国
レンタルスタジオ8 NORTH GATE,〒193-0931 東京都八王子市台町２丁目１１-２１ 2F,http://studio.8ng.net/,080-9540-8261,,0,3,1,35,S優先度記事×1|複数記事候補×3,ChIJDTX2KiocGWAR2-WVj2aPvuc,レンタルスタジオ8 NORTH GATE,5.0,4.0,〒193-0931 東京都八王子市台町２丁目１１−２１ 2F,1.0,OK,レンタルスタジオ8 NORTH GATE 東京都八王子市台町
御殿山永谷ダンススタジオ,〒180-0005 東京都武蔵野市御殿山１丁目６-４ 太陽ビル,http://www.ntgp.co.jp/,0422-21-9325,,0,3,1,35,S優先度記事×1|複数記事候補×3,ChIJ_0FnSkjuGGARum21aHohTY4,御殿山永谷ダンススタジオ,,,〒180-0005 東京都武蔵野市御殿山１丁目６−４ 太陽ビル,1.0,OK,御殿山永谷ダンススタジオ 東京都武蔵野市御殿山
SUMUZO STUDIO SHINBASHI,〒105-0004 東京都港区新橋６丁目７-３ アシスト新橋ビル,https://studio.sumuzo.info/,,,0,3,1,35,S優先度記事×1|複数記事候補×3,ChIJ4XxPEOCLGGARZkfNqpVz8E0,SUMUZO STUDIO SHINBASHI（すむぞう新橋スタジオ）,3.3,19.0,〒105-0004 東京都港区新橋６丁目７−３ アシスト新橋ビル,0.778,OK,SUMUZO STUDIO SHINBASHI 東京都港区新橋
スタジオマーティ / STUDIO marty 銀座出張所,〒104-0061 東京都中央区銀座７丁目１３-６ サガミビル 2階,https://www.studiomarty.co.jp/tokyo-mitakeio/,,,0,3,1,35,S優先度記事×1|複数記事候補×3,ChIJ72rASs-LGGARKGjnm9XERF0,スタジオマーティ / STUDIO marty 銀座出張所,,,〒104-0061 東京都中央区銀座７丁目１３−６ 2階,1.0,OK,スタジオマーティ / STUDIO marty 銀座出張所 東京都中央区銀座
SIM STUDIO 西新井,〒123-0872 東京都足立区江北７丁目２７-６ ＩＥＰＪＡＰＡＮ,https://www.sim-nishiarai.com/,0120-154-646,,0,3,1,35,S優先度記事×1|複数記事候補×3,ChIJYwefjdGTGGARiTq8sAW6SKw,SIM STUDIO 西新井,2.6,5.0,〒123-0872 東京都足立区江北７丁目２７−６ ＩＥＰＪＡＰＡＮ,1.0,OK,SIM STUDIO 西新井 東京都足立区江北
STRADA STUDIO,〒179-0071 東京都練馬区旭町１丁目８-１ ３F,https://stradastudio1.wixsite.com/strada,080-4936-3660,,0,3,1,35,S優先度記事×1|複数記事候補×3,ChIJrQZOn_jtGGARcRHo619S-F8,STRADA STUDIO,4.7,7.0,〒179-0071 東京都練馬区旭町１丁目８−１ ３F,1.0,OK,STRADA STUDIO 東京都練馬区旭町
スポーツクラブ ルネサンス 光が丘,〒179-0075 東京都練馬区高松５丁目８ J．CITYビル 1階,https://www.s-re.jp/hikarigaoka/?utm_source=google&utm_medium=gMybusiness,03-5372-4400,,0,3,1,35,S優先度記事×1|複数記事候補×3,ChIJQVPFZT3sGGARNedXin01rlc,スポーツクラブ＆サウナスパ ルネサンス 光が丘,3.6,80.0,〒179-0075 東京都練馬区高松５丁目８−８ J．CITYビル 1階,0.833,OK,スポーツクラブ ルネサンス 光が丘 東京都練馬区高松
スタジオ ジュエル,〒179-0075 東京都練馬区高松１丁目１２-８,http://www.studiojewel-r.com/,090-4835-3767,,0,3,1,35,S優先度記事×1|複数記事候補×3,ChIJ5c9AtEvsGGARKz423HkDQr4,スタジオ ジュエル,,,〒179-0075 東京都練馬区高松１丁目１２−８,1.0,OK,スタジオ ジュエル 東京都練馬区高松
ジョイ・バレエ ストゥーディオ 平和台スタジオ,〒179-0083 東京都練馬区平和台３丁目１５-１１ 飯塚ダンススタジオ,https://joy-ballet-studio.com/,090-9802-6402,,0,3,1,35,S優先度記事×1|複数記事候補×3,ChIJpWp4ZFjtGGARMhUGFVFlfjY,ジョイ・バレエ ストゥーディオ 平和台スタジオ,4.8,5.0,〒179-0083 東京都練馬区平和台３丁目１５−１１ 飯塚ダンススタジオ,1.0,OK,ジョイ・バレエ ストゥーディオ 平和台スタジオ 東京都練馬区平和台
studio 001,〒115-0055 東京都北区２３ 東京都北区 赤羽西3-23-1 001,,090-2627-9751,,0,3,1,35,S優先度記事×1|複数記事候補×3,ChIJn5d0yOWSGGARbm9NtGjPVIA,studio 001,4.0,6.0,〒115-0055 東京都北区赤羽西３丁目２３−１ 001,1.0,OK,studio 001 東京都北区２３ 東京都北区 赤羽西3-23-1 001
スタジオカリヨン,〒179-0081 東京都練馬区北町５丁目１８-４ スズキプリンティングサービス,https://www.e-sps.net/carillon/,03-5920-3041,,0,3,1,35,S優先度記事×1|複数記事候補×3,ChIJt7KIUPTsGGARFEU0Xx-oRtA,スタジオカリヨン,4.5,4.0,〒179-0081 東京都練馬区北町５丁目１８−４,1.0,OK,スタジオカリヨン 東京都練馬区北町
八王子レンタルスタジオ・アドレ,〒193-0832 東京都八王子市散田町５丁目１２-５ 散田B1F パラドール,https://rentalstudio-adorea.com/,,,0,3,1,35,S優先度記事×1|複数記事候補×3,ChIJgSqwID8fGWARiEV9omtKitA,八王子レンタルスタジオ・アドレ,3.6,5.0,〒193-0832 東京都八王子市散田町５丁目１２−５ パラドール 散田B1F,1.0,OK,八王子レンタルスタジオ・アドレ 東京都八王子市散田町
TERAKOYA studio,〒434-0004 静岡県浜松市浜北区宮口４９０７,https://www.terakoyastudio.com/,090-3424-0577,,0,3,1,35,S優先度記事×1|複数記事候補×3,ChIJvVqNbO0hG2ARmopMMSV9wTk,TERAKOYA studio,5.0,2.0,〒434-0004 静岡県浜松市浜名区宮口４９０７,1.0,OK,TERAKOYA studio 静岡県浜松市浜北区宮口４９０７
スタジオプレステージ 根津スタジオ,〒110-0001 東京都台東区谷中２丁目６-５０,http://studio-prestige.co.jp/nedu.html,03-6427-5421,,0,3,1,35,S優先度記事×1|複数記事候補×3,ChIJh-3d2yyMGGARAvWkKEikbFg,スタジオプレステージ 根津スタジオ,4.1,31.0,〒110-0001 東京都台東区谷中２丁目６−５０,1.0,OK,スタジオプレステージ 根津スタジオ 東京都台東区谷中
バレエスタジオ ソレイユ 大阪高槻校,〒569-1121 大阪府高槻市真上町３丁目１０-１２,http://takatsuki.ballet-studio-soleil.com/,,,0,2,1,30,S優先度記事×1|複数記事候補×2,ChIJpdxBYMkDAWAR-jW8MFDB2Nk,バレエスタジオ ソレイユ 大阪高槻校,,,〒569-1121 大阪府高槻市真上町３丁目１０−１２,1.0,OK,バレエスタジオ ソレイユ 大阪高槻校 大阪府高槻市真上町
社交ダンススタジオリハーサル,〒208-0023 東京都武蔵村山市伊奈平６丁目２２-４,http://www.st-rehearsal.com/,042-560-3027,,0,2,1,30,S優先度記事×1|複数記事候補×2,ChIJc-CA2QXgGGARnuRTYynQ498,社交ダンススタジオリハーサル,4.0,5.0,〒208-0023 東京都武蔵村山市伊奈平６丁目２２−４,1.0,OK,社交ダンススタジオリハーサル 東京都武蔵村山市伊奈平
Hula Studio Huali,〒984-0838 宮城県仙台市若林区上飯田１丁目１９-５０,http://huali.venus.bindcloud.jp/,090-6686-5815,,0,2,1,30,S優先度記事×1|複数記事候補×2,ChIJBTx6y34nil8RZJsHopCs8Y4,Hula Studio Huali,,,〒984-0838 宮城県仙台市若林区上飯田１丁目１９−５０,1.0,OK,Hula Studio Huali 宮城県仙台市若林区上飯田
松井亜希子 バレエスタジオ,〒169-0051 東京都新宿区西早稲田２丁目１０-２,http://akikomatsui-balletstudio.com/,080-2267-0098,,0,2,1,30,S優先度記事×1|複数記事候補×2,ChIJVVVWYz2NGGARCuzSJL08mCc,松井亜希子 バレエスタジオ,4.4,5.0,〒169-0051 東京都新宿区西早稲田２丁目１０−２,1.0,OK,松井亜希子 バレエスタジオ 東京都新宿区西早稲田
Mailani feel art studio,〒153-0064 東京都目黒区下目黒５丁目１-１２ 2F,http://mailani-fas.co.jp/,03-5722-9785,,0,2,1,30,S優先度記事×1|複数記事候補×2,ChIJVVX5ByWLGGARq--EdZzPdgg,Mailani feel art studio,,,〒153-0064 東京都目黒区下目黒５丁目１−１２ 2F,1.0,OK,Mailani feel art studio 東京都目黒区下目黒
ダンススタジオR 小杉レンタルスタジオ,〒211-0062 神奈川県川崎市中原区小杉陣屋町１丁目２３-７,,,,0,2,1,30,S優先度記事×1|複数記事候補×2,ChIJvzsQ-nL1GGARUgj0kbRolK0,ダンススタジオR 小杉新丸子 dancestudioR Kosugi Shinmaruko,4.7,18.0,〒211-0062 神奈川県川崎市中原区小杉陣屋町１丁目２３−７,0.339,OK,ダンススタジオR 小杉レンタルスタジオ 神奈川県川崎市中原区小杉陣屋町
ダンススタジオブリリアント,〒669-1522 兵庫県三田市下田中５８７-１,https://dancestudio-brilliant.jimdofree.com/,090-3999-9623,,0,2,1,30,S優先度記事×1|複数記事候補×2,ChIJmWlr_UlhAGARl_kTMQoV9jc,ダンススタジオブリリアント,4.7,3.0,〒669-1522 兵庫県三田市下田中５８７−１,1.0,OK,ダンススタジオブリリアント 兵庫県三田市下田中５８７-１
ダンススタジオhow to fly fellows 新浦安校,〒279-0024 千葉県浦安市港３,https://wazacule.com/,047-355-8300,,0,2,1,30,S優先度記事×1|複数記事候補×2,ChIJnwXjO9R9GGARievS_uzGu1U,ダンススタジオhow to fly fellows 新浦安校,5.0,1.0,〒279-0024 千葉県浦安市港３,1.0,OK,ダンススタジオhow to fly fellows 新浦安校 千葉県浦安市港３
DANCE STUDIO A??,〒490-1111 愛知県あま市甚目寺八尻90,https://studio-a-heart.com/,090-3262-5577,,0,2,1,30,S優先度記事×1|複数記事候補×2,ChIJezRqKA91A2AR5Tu7jbYls9w,DANCE STUDIO A❤︎,5.0,1.0,〒490-1111 愛知県あま市甚目寺八尻90,0.857,OK,DANCE STUDIO A?? 愛知県あま市甚目寺八尻90
パルティールバレエスタジオ,〒113-0033 東京都文京区本郷４丁目２５-８ レッチフィールド本郷４丁目3F,https://www.balletstudio-partir.com/,03-5684-2225,,0,2,1,30,S優先度記事×1|複数記事候補×2,ChIJj13EMTaMGGAR_K5seeiFtzU,パルティールバレエスタジオ,5.0,3.0,〒113-0033 東京都文京区本郷４丁目２５−８ レッチフィールド本郷４丁目3F,1.0,OK,パルティールバレエスタジオ 東京都文京区本郷
ココのスタジオ,〒123-0851 東京都足立区梅田６丁目３３-５ ＳＳＫグリーンパーク梅島駅前 801号室,https://ameblo.jp/magohinyon1214/entry-12804781106.html,,,0,2,1,30,S優先度記事×1|複数記事候補×2,ChIJs1v1fACPGGARfhcqa2swAQE,ココのスタジオ,4.5,2.0,〒123-0851 東京都足立区梅田６丁目３３−５ ＳＳＫグリーンパーク梅島駅前 801号室,1.0,OK,ココのスタジオ 東京都足立区梅田
スイープスタジオ,〒173-0004 東京都板橋区板橋２丁目６１-４ 板橋マリオン B1,https://www.on-stage.shop/,,,0,2,1,30,S優先度記事×1|複数記事候補×2,ChIJVVVB572SGGARZLgohbC3h_U,スイープスタジオ,1.5,2.0,〒173-0004 東京都板橋区板橋２丁目６１−４ 板橋マリオン B1,1.0,OK,スイープスタジオ 東京都板橋区板橋
スタジオ イリス,,https://kazumiiris.com/,,,0,2,1,30,S優先度記事×1|複数記事候補×2,ChIJW7EEC5SNGGARi2_33ut-AaA,スタジオメイリス,5.0,1.0,〒160-0001 東京都新宿区片町１−８ 2階,0.933,OK,スタジオ イリス 東京
BT Dance Studio,〒444-0852 愛知県岡崎市南明大寺町４-１４,http://www.btstudio.jp/,0564-51-5192,,0,2,1,30,S優先度記事×1|複数記事候補×2,ChIJ9XxXXRa9BGARlkH687s0tTA,BT Dance Studio,3.8,13.0,〒444-0852 愛知県岡崎市南明大寺町４−１４,1.0,OK,BT Dance Studio 愛知県岡崎市南明大寺町４-１４
ウチノダンススタジオ,〒136-0071 東京都江東区亀戸２丁目３７-９ 第一不動産ビル,,03-3681-2151,,0,3,0,30,複数記事候補×3|候補少記事に出現,ChIJe0Nb8s-IGGAR0v3H-id4Euk,ウチノダンススタジオ,,,〒136-0071 東京都江東区亀戸２丁目３７−９ 第一不動産ビル,1.0,OK,ウチノダンススタジオ 東京都江東区亀戸
キューブキッズスポーツ,〒214-0012 神奈川県川崎市多摩区中野島２丁目９-３０ スポーツキューブ,http://www.asaya-corp.co.jp/contact/,044-933-8866,,0,2,1,30,S優先度記事×1|複数記事候補×2,ChIJ0aP1P-3wGGARsaMxhtPZ2IM,キューブキッズスポーツ,2.0,3.0,〒214-0012 神奈川県川崎市多摩区中野島２丁目９−３０ スポーツキューブ,1.0,OK,キューブキッズスポーツ 神奈川県川崎市多摩区中野島
レンタルリレイション(下馬校),〒985-0835 宮城県多賀城市下馬５丁目１５-２５,http://dance-relation.com/,022-205-5355,,0,2,1,30,S優先度記事×1|複数記事候補×2,ChIJbcWkwoiFiV8Rq0_ykwuNE84,レンタル ダンススタジオリレイション(下馬校),5.0,2.0,〒985-0835 宮城県多賀城市下馬５丁目１５−２５,0.811,OK,レンタルリレイション(下馬校) 宮城県多賀城市下馬
エフィと虹色のヴェール十条スタジオ,〒114-0021 東京都北区岸町１丁目６-１９ 青葉ビル,http://effieballetconcert.com/,03-3906-9434,,0,2,1,30,S優先度記事×1|複数記事候補×2,ChIJq6qqWuySGGAR2Dg8Swo8aD4,エフィと虹色のヴェール十条スタジオ,,,〒114-0021 東京都北区岸町１丁目６−１９ 青葉ビル,1.0,OK,エフィと虹色のヴェール十条スタジオ 東京都北区岸町
okayレンタルスタジオ(ダンス、楽器練習スタジオ),〒761-1703 香川県高松市香川町浅野69-２,https://sites.google.com/view/okayrental,090-7783-2101,,0,2,1,30,S優先度記事×1|複数記事候補×2,ChIJpUMxe7zBUzURahR0dBB3JJk,okayレンタルスタジオ,4.8,4.0,〒761-1703 香川県高松市香川町浅野69−２,0.632,OK,okayレンタルスタジオ(ダンス、楽器練習スタジオ) 香川県高松市香川町浅野69-２
Ｍ＆Ｓダンススタジオ 西葛西スタジオ,〒134-0088 東京都江戸川区西葛西３丁目２-１５ 三谷ビル,http://www.msc-dance.net/,03-6808-5037,,0,2,1,30,S優先度記事×1|複数記事候補×2,ChIJiTnLO-CHGGARrhm5W-sqNtA,Ｍ＆Ｓダンススタジオ 西葛西スタジオ,,,〒134-0088 東京都江戸川区西葛西３丁目２−１５ 三谷ビル,1.0,OK,Ｍ＆Ｓダンススタジオ 西葛西スタジオ 東京都江戸川区西葛西
ポールダンススタジオBird of Paradise,〒283-0801 千葉県東金市八坂台４丁目12-２４,https://sakurakoggr.wixsite.com/birdofparadise,090-7816-4006,,0,2,1,30,S優先度記事×1|複数記事候補×2,ChIJ7di2GK_rImARWPJLTiERKaM,ポールダンススタジオBird of Paradise,5.0,3.0,〒283-0801 千葉県東金市八坂台４丁目12−２４,1.0,OK,ポールダンススタジオBird of Paradise 千葉県東金市八坂台
マリーコンツェルト,〒173-0016 東京都板橋区中板橋１８-１１,https://malykoncert.com/,03-5944-2436,,0,2,1,30,S優先度記事×1|複数記事候補×2,ChIJwci6ug6TGGAR-bzy_Q7lX-s,マリーコンツェルト,4.3,92.0,〒173-0016 東京都板橋区中板橋１８−１１,1.0,OK,マリーコンツェルト 東京都板橋区中板橋１８-１１
ＯＤＦ 大治レンタルダンスフロア,〒490-1142 愛知県海部郡大治町三本木金久７０,https://www.go-odf.com/,080-1579-3772,,0,2,1,30,S優先度記事×1|複数記事候補×2,ChIJR3r8cfydA2ARjNvlrt27U_o,ＯＤＦ 大治レンタルダンスフロア,1.7,3.0,〒490-1142 愛知県海部郡大治町三本木金久７０,1.0,OK,ＯＤＦ 大治レンタルダンスフロア 愛知県海部郡大治町三本木金久７０
AK BALLET SCHOOL浦安,〒279-0003 千葉県浦安市海楽１丁目２-６ 2F Room3,https://www.ak-bs.com/,080-6988-2229,,0,2,1,30,S優先度記事×1|複数記事候補×2,ChIJ7R5Zsvh9GGARopIK_ljh2yw,AK BALLET SCHOOL浦安,,,〒279-0003 千葉県浦安市海楽１丁目２−６ 2F Room3,1.0,OK,AK BALLET SCHOOL浦安 千葉県浦安市海楽
ＫＳＣダンススタジオ,〒211-0024 神奈川県川崎市中原区西加瀬１８-６ ＫＳＣハイツ,http://www.ksc-dance.com/,044-433-5173,,0,2,1,30,S優先度記事×1|複数記事候補×2,ChIJT8bYWZpfGGARQIFN4UsDIdc,ＫＳＣダンススタジオ,3.0,3.0,〒211-0024 神奈川県川崎市中原区西加瀬１８−６ ＫＳＣハイツ,1.0,OK,ＫＳＣダンススタジオ 神奈川県川崎市中原区西加瀬１８-６ ＫＳＣハイツ
ハーラウ ナー マモ オ カアラ‐ナゴヤ,〒471-0813 愛知県豊田市野見山町３丁目１６-１,https://kaalanagoya.com/,090-7316-3301,,0,2,1,30,S優先度記事×1|複数記事候補×2,ChIJ8XsOBvGhBGAReYto3iFST7I,ハーラウ ナー マモ オ カアラ‐ナゴヤ,4.8,4.0,〒471-0813 愛知県豊田市野見山町３丁目１６−１,1.0,OK,ハーラウ ナー マモ オ カアラ‐ナゴヤ 愛知県豊田市野見山町
スタジオＤ２,〒113-0001 東京都文京区白山１丁目１８-７ 石川ビル,http://studio-d2.net/,03-3812-1174,,0,2,1,30,S優先度記事×1|複数記事候補×2,ChIJX2AxL8qNGGARiLAZR-pvIvA,スタジオＤ２,5.0,2.0,〒113-0001 東京都文京区白山１丁目１８−７ 石川ビル,1.0,OK,スタジオＤ２ 東京都文京区白山
NANSO STUDIO,〒298-0133 千葉県いすみ市引田１１８,,080-6781-1024,,0,2,1,30,S優先度記事×1|複数記事候補×2,ChIJz9ZX9h21ImARlsly_CCGDRc,キックボクシングいすみ NANSO STUDIO,,,〒298-0133 千葉県いすみ市引田１１８,0.667,OK,NANSO STUDIO 千葉県いすみ市引田１１８
Refinement リファインメント PBT専門スタジオ,,,080-5958-1808,,0,2,1,30,S優先度記事×1|複数記事候補×2,ChIJ____z6KLGGARUAzOCQESOTw,リペアスタジオREFINE,5.0,152.0,〒106-0044 東京都港区東麻布２丁目２２−２,0.3,OK,Refinement リファインメント PBT専門スタジオ 東京
Ryo Dance Studio,"〒196-0015 東京都昭島市昭和町２丁目２?番, 16号, 4F",http://dancer-ryo.com/,0428-23-8472,,0,2,1,30,S優先度記事×1|複数記事候補×2,ChIJUeNl49YfGWARnZJG-DZvMdw,Ryo Dance Studio,3.9,7.0,"〒196-0015 東京都昭島市昭和町２丁目２−番 16号, 4F",1.0,OK,Ryo Dance Studio 東京都昭島市昭和町
SHAKE DANCE STUDIO 橋本校,〒252-0144 神奈川県相模原市緑区東橋本１丁目２４-２０ Ｓ．Ｇ－ＢＬＤ２,http://www.studio-shake.com/,042-703-1809,,0,2,1,30,S優先度記事×1|複数記事候補×2,ChIJlycNfkwdGWARWrSChWOC0F0,SHAKE DANCE STUDIO 橋本校,3.0,1.0,〒252-0144 神奈川県相模原市緑区東橋本１丁目２４−２０ Ｓ．Ｇ－ＢＬＤ２,1.0,OK,SHAKE DANCE STUDIO 橋本校 神奈川県相模原市緑区東橋本
クボタナオコバレエスタジオ,〒115-0055 東京都北区赤羽西１丁目１-７,https://kubotanaoko-ballet.com/,03-3900-4733,,0,2,1,30,S優先度記事×1|複数記事候補×2,ChIJq9XSJOOSGGARDrNb6kztz48,クボタナオコバレエスタジオ,,,〒115-0055 東京都北区赤羽西１丁目１−７ 1番7号,1.0,OK,クボタナオコバレエスタジオ 東京都北区赤羽西
キッズダンススタジオ Sunny Piece,〒350-0056 埼玉県川越市松江町１丁目７-５,https://sunnypiece.jp/kawagoe,,,0,2,1,30,S優先度記事×1|複数記事候補×2,ChIJg_CyHl_aGGARMSDLOAEMups,キッズダンススタジオ Sunny Piece,3.8,4.0,〒350-0056 埼玉県川越市松江町１丁目７−５,1.0,OK,キッズダンススタジオ Sunny Piece 埼玉県川越市松江町
swing swing,〒173-0004 東京都板橋区板橋１丁目３６-６,https://swingswing.roofin.jp/,070-9062-2572,,0,2,1,30,S優先度記事×1|複数記事候補×2,ChIJf3WzukiTGGARWdUsnxVof7c,swing swing,5.0,2.0,〒173-0004 東京都板橋区板橋１丁目３６−６,1.0,OK,swing swing 東京都板橋区板橋
studioハレマニ,〒114-0023 東京都北区滝野川６丁目１１-９,https://www.studio-haremani.com/,,,0,2,1,30,S優先度記事×1|複数記事候補×2,ChIJ_4iNkPWTGGARkAeYyhIjxRY,studioハレマニ,5.0,6.0,〒114-0023 東京都北区滝野川６丁目１１−９,1.0,OK,studioハレマニ 東京都北区滝野川
スタジオキャリコ,〒123-0842 東京都足立区栗原３丁目１０-１５ ＴＫＳ税理士ビル,https://calico.xrea.jp/,03-5845-5451,,0,2,1,30,S優先度記事×1|複数記事候補×2,ChIJr2UfMu6RGGARSgAhBHt8v4Y,スタジオキャリコ,3.4,17.0,〒123-0842 東京都足立区栗原３丁目１０−１５ ＴＫＳ税理士ビル,1.0,OK,スタジオキャリコ 東京都足立区栗原
スタジオメッセ,〒176-0001 東京都練馬区練馬４丁目１９ １F メッセ豊島園２号館,https://www.studio-mece.com/,03-3557-0164,,0,2,1,30,S優先度記事×1|複数記事候補×2,ChIJiy7UdVntGGARMPcFFDX5aNM,スタジオメッセ,5.0,1.0,〒176-0001 東京都練馬区練馬４丁目１９ メッセ豊島園２号館 １F,1.0,OK,スタジオメッセ 東京都練馬区練馬
スタジオ ルカロ,〒453-0856 愛知県名古屋市中村区並木１丁目１４２,https://www.studio-rucalo.com/,052-485-5155,,0,2,1,30,S優先度記事×1|複数記事候補×2,ChIJi9IA0012A2ARryVh-FX5IQ4,スタジオ ルカロ,3.8,5.0,〒453-0856 愛知県名古屋市中村区並木１丁目１４２,1.0,OK,スタジオ ルカロ 愛知県名古屋市中村区並木
名古屋今池 NY 9st. Studio ｜ニューヨークナインストリートスタジオ,〒464-0077 愛知県名古屋市千種区神田町３２-１３,https://www.ny9ststudio.com/,090-7952-8973,,0,2,1,30,S優先度記事×1|複数記事候補×2,ChIJT-BvA7VxA2ARSkdAXT6hGQk,名古屋今池 ダンススタジオ NY 9st. Studio ｜ニューヨークナインストリートスタジオ,,,〒464-0077 愛知県名古屋市千種区神田町３２−１３,0.911,OK,名古屋今池 NY 9st. Studio ｜ニューヨークナインストリートスタジオ 愛知県名古屋市千種区神田町３２-１３
UBクリエイティブベース,〒448-0011 愛知県刈谷市築地町２丁目１６-２,https://www.ubcb.jp/,0566-87-1409,,0,2,1,30,S優先度記事×1|複数記事候補×2,ChIJr0BY0KmdBGARATTKi60_omI,UBクリエイティブベース,3.1,19.0,〒448-0011 愛知県刈谷市築地町２丁目１６−２,1.0,OK,UBクリエイティブベース 愛知県刈谷市築地町
スタジオ レンズマン芝公園,〒105-0011 東京都港区芝公園２丁目１２-１５ 大国ビル 2F-A,http://lensman.jp/,03-6809-1454,,0,2,1,30,S優先度記事×1|複数記事候補×2,ChIJ8WnKpjuLGGARrOsZ56thNbE,スタジオ レンズマン芝公園,3.7,15.0,〒105-0011 東京都港区芝公園２丁目１２−１５ 大国ビル 2F-A,1.0,OK,スタジオ レンズマン芝公園 東京都港区芝公園
STUDIO PRIME 若葉校,〒350-0214 埼玉県坂戸市千代田３丁目５-１０ 庄司ビル 1F,,049-277-4731,,0,2,1,30,S優先度記事×1|複数記事候補×2,ChIJh76mZPfWGGARRJVpazExd7w,STUDIO PRIME 若葉校,4.2,5.0,〒350-0214 埼玉県坂戸市千代田３丁目５−１０ 庄司ビル 1F,1.0,OK,STUDIO PRIME 若葉校 埼玉県坂戸市千代田
青海R地区,〒135-0064 東京都江東区青海１丁目１ R地区,https://www.tokyo-odaiba.net/parkevent/space/place.html,,,0,2,1,30,S優先度記事×1|複数記事候補×2,ChIJRc3v2PqJGGAR0W6_U5DB6SE,青海地区R区画,4.3,1477.0,〒135-0064 東京都江東区青海１丁目１ R地区,0.667,OK,青海R地区 東京都江東区青海
Be Rise Dance Studio,〒174-0056 東京都板橋区志村１丁目３２-３０ 山和建物 1階,,03-5918-9035,,0,2,1,30,S優先度記事×1|複数記事候補×2,ChIJmfL1rjKTGGARS_aRvs57VU4,Be Rise Dance Studio,,,〒174-0056 東京都板橋区志村１丁目３２−３０ 山和建物 1階,1.0,OK,Be Rise Dance Studio 東京都板橋区志村
DANCE STUDIO KOTOHA,〒454-0854 愛知県名古屋市中川区松年町３丁目５０,https://www.dancestudiokotoha.jp/,052-355-8480,,0,2,1,30,S優先度記事×1|複数記事候補×2,ChIJ3ahMC415A2ARciHcKmn9F80,DANCE STUDIO KOTOHA,5.0,15.0,〒454-0854 愛知県名古屋市中川区松年町３丁目５０,1.0,OK,DANCE STUDIO KOTOHA 愛知県名古屋市中川区松年町
DANCE STUDIO NEO,〒444-0009 愛知県岡崎市小呂町２丁目７０,http://www.dance-neo.com/,0564-65-8180,,0,2,1,30,S優先度記事×1|複数記事候補×2,ChIJTWj65sS8BGARQmYtstXETcQ,DANCE STUDIO NEO,5.0,4.0,〒444-0009 愛知県岡崎市小呂町２丁目７０,1.0,OK,DANCE STUDIO NEO 愛知県岡崎市小呂町
舎人公園陸上競技場,〒121-0837 東京都足立区舎人公園１-１,https://www.tokyo-park.or.jp/park/format/facilities024.html,03-3857-2308,,0,2,1,30,S優先度記事×1|複数記事候補×2,ChIJzf-oatSTGGARrYeReH9bBMs,舎人公園陸上競技場,3.9,191.0,〒121-0837 東京都足立区舎人公園１−１,1.0,OK,舎人公園陸上競技場 東京都足立区舎人公園１-１
DANCE STUDIO Fossette -フォセット -,〒214-0032 神奈川県川崎市多摩区枡形３丁目２-１９,https://fossette-dance.wixsite.com/home,044-281-5051,,0,2,1,30,S優先度記事×1|複数記事候補×2,ChIJBYnWKhzxGGARofJSksHbknM,DANCE STUDIO Fossette -フォセット -,3.7,6.0,〒214-0032 神奈川県川崎市多摩区枡形３丁目２−１９,1.0,OK,DANCE STUDIO Fossette -フォセット - 神奈川県川崎市多摩区枡形
テルコ・ダンススタジオ,〒001-0035 北海道札幌市北区北３５条西５丁目１-１５,https://teruko-dance.com/,011-736-3330,,0,2,1,30,S優先度記事×1|複数記事候補×2,ChIJd-5kNcEoC18RYcvnIKOWJhM,テルコ・ダンススタジオ,,,〒001-0035 北海道札幌市北区北３５条西５丁目１−１５ 折目ビル,1.0,OK,テルコ・ダンススタジオ 北海道札幌市北区北３５条西
"Dance space BUG FIX,",〒283-0826 千葉県東金市山田 字稲荷谷669-38,https://www.studiobugfix.com/,,,0,2,1,30,S優先度記事×1|複数記事候補×2,ChIJ6y4i3J-VImARi1dNO1UJrSc,"Dance space BUG FIX,",1.0,1.0,〒283-0826 千葉県東金市山田字稲荷谷６６９−３８,1.0,OK,"Dance space BUG FIX, 千葉県東金市山田 字稲荷谷669-38"
HYPERMIX門前仲町,〒135-0048 東京都江東区門前仲町１丁目１３-１２,https://hypermix.jp/,03-5875-8320,,0,2,1,30,S優先度記事×1|複数記事候補×2,ChIJp-tkEhOJGGARRvjNPtK3hUg,HYPERMIX門前仲町,3.8,60.0,〒135-0048 東京都江東区門前仲町１丁目１３−１２ ４０９,1.0,OK,HYPERMIX門前仲町 東京都江東区門前仲町
水村繁子フラメンコスタジオ,〒153-0064 東京都目黒区下目黒２丁目２１-７,http://www.estudioreina.com/,03-3490-4325,,0,2,1,30,S優先度記事×1|複数記事候補×2,ChIJoaeCWyKLGGARgjkA5NvOfek,水村繁子フラメンコスタジオ,,,〒153-0064 東京都目黒区下目黒２丁目２１−７,1.0,OK,水村繁子フラメンコスタジオ 東京都目黒区下目黒
梅島ミアスタジオ,〒121-0816 東京都足立区梅島２丁目１９-９,https://www.spacemarket.com/spaces/wj4q6vc5lur1jgmm/,,,0,2,1,30,S優先度記事×1|複数記事候補×2,ChIJ6XPkUeuRGGARQNajEb4ChUc,梅島ミアスタジオ,,,〒121-0816 東京都足立区梅島２丁目１９−９,1.0,OK,梅島ミアスタジオ 東京都足立区梅島
LIBRA SQUARE 三ノ輪スタジオ,〒116-0003 東京都荒川区南千住１丁目１５-４,http://liberus-grp.com/studio/,,,0,2,1,30,S優先度記事×1|複数記事候補×2,ChIJ-b8puYqOGGARRnW5xwAceV4,LIBRA SQUARE 三ノ輪スタジオ,,,〒116-0003 東京都荒川区南千住１丁目１５−４,1.0,OK,LIBRA SQUARE 三ノ輪スタジオ 東京都荒川区南千住
GUIDANCE DANCE STUDIO,〒987-0702 宮城県登米市登米町寺池目子待井34,https://www.guidance-studio.com/,,,0,2,1,30,S優先度記事×1|複数記事候補×2,ChIJ2zFEnLcDiV8RDRp7hvUMzBs,GUIDANCE DANCE STUDIO,4.0,4.0,〒987-0702 宮城県登米市登米町寺池目子待井３４ 石巻市開北2－1－10,1.0,OK,GUIDANCE DANCE STUDIO 宮城県登米市登米町寺池目子待井34
ダンススタジオ・スターハウス,〒279-0013 千葉県浦安市日の出５丁目６-１,http://star-house.moo.jp/,070-6426-1476,,0,2,1,30,S優先度記事×1|複数記事候補×2,ChIJl3wxIC18GGARwl_aH3C3L5I,ダンススタジオ・スターハウス,,,〒279-0013 千葉県浦安市日の出５丁目６−１,1.0,OK,ダンススタジオ・スターハウス 千葉県浦安市日の出
ダンススペースオオヤ,〒130-0024 東京都墨田区菊川２丁目６-１４ マーベラスビル5F,http://www.ds-ohya.com/,03-3634-5602,,0,2,1,30,S優先度記事×1|複数記事候補×2,ChIJZ52GkCSJGGARP9znDQxbHJI,ダンススペースオオヤ,,,〒130-0024 東京都墨田区菊川２丁目６−１４ マーベラスビル 5F,1.0,OK,ダンススペースオオヤ 東京都墨田区菊川
レンタルスタジオ man?ge,〒569-1121 大阪府高槻市真上町３丁目１０-１２,https://manege-studio.com/,,,0,2,1,30,S優先度記事×1|複数記事候補×2,ChIJa0MR8boDAWARKbITifqQ-r0,レンタルスタジオ manège,4.8,5.0,〒569-1121 大阪府高槻市真上町３丁目１０−１２,0.929,OK,レンタルスタジオ man?ge 大阪府高槻市真上町
SK.DANCE STUDIO 赤羽 チアダンススタジオ,〒115-0044 東京都北区赤羽南１丁目３-１ 高橋ビル 1F,https://sk-dancestudio.themedia.jp/,080-3211-4682,,0,2,1,30,S優先度記事×1|複数記事候補×2,ChIJIYw53PySGGAR7E_OP8yMUdE,SK.DANCE STUDIO 赤羽 チアダンススタジオ,5.0,6.0,〒115-0044 東京都北区赤羽南１丁目３−１ 高橋ビル 1F,1.0,OK,SK.DANCE STUDIO 赤羽 チアダンススタジオ 東京都北区赤羽南
SPACE BUNNY,〒289-1123 千葉県八街市滝台１１８３-１,http://asaka-dc.com/,043-440-5554,,0,2,1,30,S優先度記事×1|複数記事候補×2,ChIJOxUGKBKVImARMJAo9RPcQDw,SPACE BUNNY,5.0,2.0,〒289-1123 千葉県八街市滝台１１８３−１,1.0,OK,SPACE BUNNY 千葉県八街市滝台１１８３-１
S.O.L.A.studio&bodyworks,〒439-0037 静岡県菊川市西方１２９４-１,http://www.sola-studio.com/,0537-64-6300,,0,2,1,30,S優先度記事×1|複数記事候補×2,ChIJa5mlUuL3GmARAyX2ETzq0_E,S.O.L.A. studio,5.0,1.0,〒439-0037 静岡県菊川市西方１２９４−１,0.737,OK,S.O.L.A.studio&bodyworks 静岡県菊川市西方１２９４-１
ダンススタジオ新宿（レンタルスタジオ）,〒350-1124 埼玉県川越市新宿町５丁目１９-５８,,090-9366-7332,,0,2,1,30,S優先度記事×1|複数記事候補×2,ChIJJyMqI8HbGGAROFg1rj33oBQ,ダンススタジオ新宿（レンタルスタジオ）,,,〒350-1124 埼玉県川越市新宿町５丁目19−５８,1.0,OK,ダンススタジオ新宿（レンタルスタジオ） 埼玉県川越市新宿町
ダンススタジオファンデーション 一宮校,〒299-4303 千葉県長生郡一宮町東浪見７４２７-２,http://www.fun-d-tion.net/,0475-28-9203,,0,2,1,30,S優先度記事×1|複数記事候補×2,ChIJnRprGVTJImAR-0CF2VISUjY,ダンススタジオファンデーション 一宮校,5.0,1.0,〒299-4303 千葉県長生郡一宮町東浪見７４２７−２,1.0,OK,ダンススタジオファンデーション 一宮校 千葉県長生郡一宮町東浪見７４２７-２
スタジオＤＤＦ,〒134-0088 東京都江戸川区西葛西５丁目５-１５,http://www.studio-ddf.com/,03-6808-0052,,0,2,1,30,S優先度記事×1|複数記事候補×2,ChIJ03v6uOaHGGARI9WUsSeP2vk,スタジオＤＤＦ,4.0,1.0,〒134-0088 東京都江戸川区西葛西５丁目５−１５,1.0,OK,スタジオＤＤＦ 東京都江戸川区西葛西
島村楽器 イオンモール札幌平岡店,〒004-0873 北海道札幌市清田区平岡３条５丁目３-１ イオンモール札幌平岡 2F,https://www.shimamura.co.jp/shop/sapporo-h/?utm_source=gmb&utm_medium=organic,011-889-5120,,0,2,1,30,S優先度記事×1|複数記事候補×2,ChIJ9bvm_NfUdF8RTedzbMaQKis,島村楽器 イオンモール札幌平岡店,3.8,167.0,〒004-0873 北海道札幌市清田区平岡３条５丁目３−１ イオンモール札幌平岡 2F,1.0,OK,島村楽器 イオンモール札幌平岡店 北海道札幌市清田区平岡３条
大宮 ラージス レンタルスタジオ,〒330-0846 埼玉県さいたま市大宮区大門町３丁目８２-３ 大和（やまと）ビル3F,https://omiya.studiosquare.jp/,03-5822-4050,,0,2,1,30,S優先度記事×1|複数記事候補×2,ChIJBcHi_-jBGGARfNQGdlkUQJA,大宮 ラージス レンタルスタジオ,5.0,4.0,〒330-0846 埼玉県さいたま市大宮区大門町３丁目８２−３ 大和（やまと）ビル3F,1.0,OK,大宮 ラージス レンタルスタジオ 埼玉県さいたま市大宮区大門町
レンタルスタジオ・ジェッター,〒409-0112 山梨県上野原市上野原１００１ 協栄ビル,http://www.kyoei-1001.com/?page_id=2585,0554-63-6850,,0,1,1,25,S優先度記事×1,ChIJwbRFeN0VGWARYazx-Q2dg_w,レンタルスタジオ・ジェッター,,,〒409-0112 山梨県上野原市上野原１００１ 協栄ビル,1.0,OK,レンタルスタジオ・ジェッター 山梨県上野原市上野原１００１ 協栄ビル
菅井ダンス・スタジオ,〒984-0053 宮城県仙台市若林区連坊小路６０-２,http://sugai-dance.com/,022-354-1754,,0,1,1,25,S優先度記事×1,ChIJP53NTg8oil8RENbE4ZMvlzk,菅井ダンス・スタジオ,,,〒984-0053 宮城県仙台市若林区連坊小路６０−２,1.0,OK,菅井ダンス・スタジオ 宮城県仙台市若林区連坊小路６０-２
Asia Ballet Agency,〒164-0013 東京都中野区弥生町１丁目４３-１ アーデルホーフ弥生町,https://www.asiaballet.net/,03-6300-9560,,0,1,1,25,S優先度記事×1,ChIJgfXd7djyGGARNH8BF6ADBMU,Asia Ballet Agency,,,〒164-0013 東京都中野区弥生町１丁目４３−１ アーデルホーフ弥生町,1.0,OK,Asia Ballet Agency 東京都中野区弥生町
ミタニダンススタジオ,〒522-0201 滋賀県彦根市高宮町１５５５-１,http://www.mitani-dance.com/,0749-26-0762,,0,1,1,25,S優先度記事×1,ChIJqT-Yt1nUA2ARXlXkFYVpX5M,ミタニダンススタジオ,4.0,1.0,〒522-0201 滋賀県彦根市高宮町１５５５−１ フェーザントビル,1.0,OK,ミタニダンススタジオ 滋賀県彦根市高宮町１５５５-１
ＭＩＫＩバレエスタジオ,〒178-0063 東京都練馬区東大泉３丁目５０-３,https://miki-ballet.p-kit.com/,03-5387-5739,,0,2,0,25,複数記事候補×2|候補少記事に出現,ChIJXaKnwMnuGGARUSYqULqUgjI,ＭＩＫＩバレエスタジオ 大泉学園バレエ教室,4.9,11.0,〒178-0063 東京都練馬区東大泉３丁目５０−３,0.71,OK,ＭＩＫＩバレエスタジオ 東京都練馬区東大泉
アートスタジオバレエ,〒206-0812 東京都稲城市矢野口１６６５,http://art-studio-ballet.jp/,042-378-3409,,0,1,1,25,S優先度記事×1,ChIJVVUprpD6GGARNigodq1Fw2Y,アートスタジオバレエ,5.0,1.0,〒206-0812 東京都稲城市矢野口１６６５,1.0,OK,アートスタジオバレエ 東京都稲城市矢野口１６６５
アナログスタジオ,"笹屋ビル ２F, ４丁目-３４-８ 両国 墨田区 東京都 130-0026",https://www.analog-st.com/,,,0,2,0,25,複数記事候補×2|候補少記事に出現,ChIJd97fiEqJGGARZIoZH9lEHHU,アナログスタジオ,5.0,1.0,"笹屋ビル ２F, ４丁目-３４-8 両国 墨田区 東京都 130-0026",1.0,OK,"アナログスタジオ 笹屋ビル ２F,"
スタジオグロウ,〒164-0003 東京都中野区東中野１丁目４-４,http://studio-glow.jp/,,,0,1,1,25,S優先度記事×1,ChIJVVUpfc7yGGARmG3IGA3zdcg,スタジオグロウ,3.1,7.0,〒164-0003 東京都中野区東中野１丁目４−４ Ｍ．Ｔビル,1.0,OK,スタジオグロウ 東京都中野区東中野
Funky Gang Dance Studio,〒194-0022 東京都町田市森野１丁目９-１７ B1,https://www.funky-gang.com/,042-851-7225,,0,2,0,25,複数記事候補×2|候補少記事に出現,ChIJGU8cowj_GGARxrJZZ1fVtpw,Funky Gang Dance Studio,5.0,2.0,〒194-0022 東京都町田市森野１丁目９−１７ B1,1.0,OK,Funky Gang Dance Studio 東京都町田市森野
DANCE STUDIO BAUM,〒204-0022 東京都清瀬市松山３丁目３-２ 地下一階 コーポラスＢ＆Ｍ,https://www.studio-baum.net/,070-8974-2104,,0,1,1,25,S優先度記事×1,ChIJ2ZrY3ZLnGGARNtnyey6VC0Q,DANCE STUDIO BAUM,4.3,3.0,〒204-0022 東京都清瀬市松山３丁目３−２ コーポラスＢ＆Ｍ 地下一階,1.0,OK,DANCE STUDIO BAUM 東京都清瀬市松山
A.K.バレエスタジオ,〒201-0013 東京都狛江市元和泉１丁目２-１ 貸スタジオノタリーノ2F HOPOホール,https://akballetstudio.amebaownd.com/,080-7852-0777,,0,1,1,25,S優先度記事×1,,,,,,,NOT_FOUND,A.K.バレエスタジオ 東京都狛江市元和泉
Dance School & Studio Upbeat,〒676-0808 兵庫県高砂市米田町神爪１０９-１,https://danceschool-upbeat.com/,079-441-9181,,0,1,1,25,S優先度記事×1,ChIJN5RiQIHYVDUR7TdtfRtV9ck,Dance School & Studio Upbeat,3.0,7.0,〒676-0808 兵庫県高砂市米田町神爪１０９−１,1.0,OK,Dance School & Studio Upbeat 兵庫県高砂市米田町神爪１０９-１
ダンススタジオ セピア,〒272-0033 千葉県市川市市川南３丁目１４-１６,https://peraichi.com/landing_pages/view/studio-sepia/,047-324-3235,,0,1,1,25,S優先度記事×1,ChIJVYDkTI6GGGARMdihSgE8bZs,ダンススタジオ セピア,5.0,1.0,〒272-0033 千葉県市川市市川南３丁目１４−１６,1.0,OK,ダンススタジオ セピア 千葉県市川市市川南
ダンススタジオｉｎｇ,〒812-0053 福岡県福岡市東区箱崎２丁目４１-７,http://dance-ing.com/,092-643-1539,,0,1,1,25,S優先度記事×1,ChIJY1yURjqOQTURrRwqcoLgPVw,ダンススタジオｉｎｇ,,,〒812-0053 福岡県福岡市東区箱崎２丁目４１−７,1.0,OK,ダンススタジオｉｎｇ 福岡県福岡市東区箱崎
ダンスルームAA,〒151-0063 東京都渋谷区富ケ谷２丁目９-１３ ワイズファースト B1F,https://danceroomaa.com/,,,0,1,1,25,S優先度記事×1,ChIJVdGXQa3zGGARTAsG3xBecG4,ダンスルームAA,5.0,1.0,〒151-0063 東京都渋谷区富ケ谷２丁目９−１３ ワイズファースト B1F,1.0,OK,ダンスルームAA 東京都渋谷区富ケ谷
Sweet Fairy バレエスタジオ,〒156-0057 東京都世田谷区上北沢１丁目３６-８,https://www.sweet-fairy-ballet.com/,080-1124-3918,,0,1,1,25,S優先度記事×1,ChIJ8yq2k-TzGGARJjOJqwwPVdE,Sweet Fairy バレエスタジオ,5.0,1.0,〒156-0057 東京都世田谷区上北沢１丁目３６−８,1.0,OK,Sweet Fairy バレエスタジオ 東京都世田谷区上北沢
エーススタジオ,〒190-0022 東京都立川市錦町１丁目１０-９ 米澤ビル 2F,,042-540-6877,,0,2,0,25,複数記事候補×2|候補少記事に出現,ChIJtT5d-53hGGARabKklpNv6js,エーススタジオ（廃業）,,,〒190-0022 東京都立川市錦町２丁目１,0.778,OK,エーススタジオ 東京都立川市錦町
スタジオ ACTY,〒190-0023 東京都立川市柴崎町３丁目１４-６,http://studio-acty.com/,090-2155-7991,,0,2,0,25,複数記事候補×2|候補少記事に出現,ChIJX--Nqn7hGGAR71Sc4TPzSwY,スタジオ ACTY,4.3,3.0,〒190-0023 東京都立川市柴崎町３丁目１４−６,1.0,OK,スタジオ ACTY 東京都立川市柴崎町
多々納みわ子バレエスタジオ,〒142-0041 東京都品川区戸越１丁目１９-３,http://www.ballet-studio.com/,03-3490-4672,,0,1,1,25,S優先度記事×1,ChIJq_ulo-2KGGARjJBs89Tul6k,多々納みわ子バレエスタジオ,,,〒142-0041 東京都品川区戸越１丁目１９−３ 戸越ポイントビル,1.0,OK,多々納みわ子バレエスタジオ 東京都品川区戸越
Studio LIBRE（スタジオ リーブル）,〒215-0025 神奈川県川崎市麻生区五力田２丁目８-３,https://www.studio-libre.com/,044-701-3150,,0,1,1,25,S優先度記事×1,ChIJjZg-J0z6GGARMeoSXT_n8Cc,Studio LIBRE（スタジオ リーブル）,4.0,5.0,〒215-0025 神奈川県川崎市麻生区五力田２丁目８−３,1.0,OK,Studio LIBRE（スタジオ リーブル） 神奈川県川崎市麻生区五力田
アイスタジオ,〒201-0014 東京都狛江市東和泉３丁目６-４ １F＆BF 泉プラザ,http://www.iistudio.jp/,03-3489-2433,,0,1,1,25,S優先度記事×1,ChIJvffUWlmNGGARj2XUUYNdbnE,アイスタジオ,3.9,8.0,〒201-0014 東京都狛江市東和泉３丁目６−４ 泉プラザ １F＆BF,1.0,OK,アイスタジオ 東京都狛江市東和泉
NEW STEP Dance Arts Studio,〒580-0024 大阪府松原市東新町４丁目８-２８,https://www.newstepdanceartsstudio.com/,,,0,1,1,25,S優先度記事×1,ChIJpYsy2cnZAGARSkWGZVdF0Ro,NEW STEP Dance Arts Studio 布忍,5.0,1.0,〒580-0024 大阪府松原市東新町４丁目８−２８,0.957,OK,NEW STEP Dance Arts Studio 大阪府松原市東新町
レンタルスタジオ マイレッスン 町田スタジオ2号,〒194-0021 東京都町田市中町１丁目１５-１１,,,,0,2,0,25,複数記事候補×2|候補少記事に出現,ChIJ3ZNswT3_GGARtYFPQZcbdH0,レンタルスタジオマイレッスン 町田２号店,3.6,5.0,〒194-0021 東京都町田市中町１丁目１５−１１ U&Eビル B1F,0.878,OK,レンタルスタジオ マイレッスン 町田スタジオ2号 東京都町田市中町
桜丘けい子ジャズダンススタジオ,〒275-0016 千葉県習志野市１１ 習志野市津田沼２丁目１１-２０ ハイツエバグリーン津田沼二号棟 1F,https://sakuraokajazz.wixsite.com/sakujazz,047-475-5696,,0,1,1,25,S優先度記事×1,ChIJqaVNVC-AImARsLemSTWLBa8,桜丘けい子ジャズダンススタジオ,,,〒275-0016 千葉県習志野市津田沼２丁目１１ 習志野市津田沼２丁目１１−２０ ハイツエバグリーン津田沼二号棟 1F,1.0,OK,桜丘けい子ジャズダンススタジオ 千葉県習志野市１１ 習志野市津田沼
ＹＡＲＩＴＡＹＵ‐ＢＡＬＬＥＴ・ＳＴＵＤＩＯ,〒206-0824 東京都稲城市若葉台２丁目４-２,,042-350-2522,,0,1,1,25,S優先度記事×1,ChIJdUJhyBX7GGARV47yuGvT7A0,ＹＡＲＩＴＡＹＵ‐ＢＡＬＬＥＴ・ＳＴＵＤＩＯ,3.4,5.0,〒206-0824 東京都稲城市若葉台２丁目４−２,1.0,OK,ＹＡＲＩＴＡＹＵ‐ＢＡＬＬＥＴ・ＳＴＵＤＩＯ 東京都稲城市若葉台
Fine Studio,〒332-0017 埼玉県川口市栄町３丁目３-３ 3F,http://www.go2fine.com/,090-2926-6574,,0,1,1,25,S優先度記事×1,ChIJcQ_A8WWTGGARB55myTpqKGY,Fine Studio,4.9,7.0,〒332-0017 埼玉県川口市栄町３丁目３−３ ＫＡＴＯビル 3階,1.0,OK,Fine Studio 埼玉県川口市栄町
Fali studio ファリ レンタルスペース,〒182-0012 東京都調布市深大寺東町６丁目28-２,https://upnow.jp/jindaijispace,,,0,1,0,20,候補少記事に出現,ChIJ-7_D9BTwGGAR2k9nobhQInk,ラフスペース,4.1,40.0,〒182-0024 東京都調布市布田１丁目３５−３ ダイモンビル ３階,0.37,OK,Fali studio ファリ レンタルスペース 東京都調布市深大寺東町
森谷クラシックバレエ,〒195-0064 東京都町田市小野路町２０７３-３ スタジオK 内,http://www.moriya-classicballet.com/,042-736-1851,,0,1,0,20,候補少記事に出現,ChIJPXtxcYb7GGARQesrJJDYUzw,森谷クラシックバレエ,5.0,3.0,〒195-0064 東京都町田市小野路町２０７３−３ スタジオK 内,1.0,OK,森谷クラシックバレエ 東京都町田市小野路町２０７３-３ スタジオK 内
レンタルスタジオ・Ｆ,〒187-0032 東京都小平市小川町１丁目８３８,,042-341-7910,,0,1,0,20,候補少記事に出現,ChIJY59X7c7mGGARE5qxleiIA5s,レンタルスタジオ・Ｆ,5.0,3.0,〒187-0032 東京都小平市小川町１丁目８３８,1.0,OK,レンタルスタジオ・Ｆ 東京都小平市小川町
Amiバレエアート,"晴見町1-2-1 スミレビル2階, 府中市 東京都 183-0057",http://www.ami-ballet.com/,090-9342-9033,,0,1,0,20,候補少記事に出現,ChIJqQGlMPjkGGARBTBlwP2KzDM,Amiバレエダンスアーツ 【Danceスタジオ】,3.4,7.0,〒183-0057 東京都府中市晴見町１丁目2−１ すみれビル 2F,0.5,OK,"Amiバレエアート 晴見町1-2-1 スミレビル2階, 府中市 東京都 183-0057"
Amiバレエダンスアーツ,〒183-0055 東京都府中市府中町２丁目２２-８,http://www.ami-ballet.com/,090-9342-9033,,0,1,0,20,候補少記事に出現,ChIJqQGlMPjkGGARBTBlwP2KzDM,Amiバレエダンスアーツ 【Danceスタジオ】,3.4,7.0,〒183-0057 東京都府中市晴見町１丁目2−１ すみれビル 2F,0.686,OK,Amiバレエダンスアーツ 東京都府中市府中町
スマイルスタジオTAKANO,〒124-0011 東京都葛飾区四つ木１丁目４７-１５,http://takano-gallery.com/,03-3693-3117,,0,1,0,20,候補少記事に出現,ChIJDbAWkGmPGGARg6DS93wrLwk,スマイルスタジオTAKANO,5.0,1.0,〒124-0011 東京都葛飾区四つ木１丁目４７−４７−１５,1.0,OK,スマイルスタジオTAKANO 東京都葛飾区四つ木
SK,〒192-0902 東京都八王子市上野町１７-５,http://www.sk-dancestudio.com/,042-625-2245,,0,2,0,10,複数記事候補×2,ChIJS4h369UdGWARiCLTlYuqHuk,SK ダンススタジオ,4.2,5.0,〒192-0902 東京都八王子市上野町１７−５,0.364,OK,SK 東京都八王子市上野町１７-５
リーホースタジオ,〒136-0075 東京都江東区新砂３丁目５-３３ ＤＰＬ南砂 ４階,https://lee-hos-studio.com/,080-7832-9855,,0,2,0,10,複数記事候補×2,ChIJET0-LVCJGGAR6D63OTbvars,リーホースタジオ,3.3,12.0,〒136-0075 東京都江東区新砂３丁目５−３３ ＤＰＬ南砂 ４階,1.0,OK,リーホースタジオ 東京都江東区新砂
studio KAJIMAYA,〒192-0074 東京都八王子市天神町２１-２,https://studiokajimaya.com/,,,0,2,0,10,複数記事候補×2,ChIJdbQHLgMfGWAR0-NerqFXYTo,studio KAJIMAYA,4.4,5.0,〒192-0074 東京都八王子市天神町２１−２,1.0,OK,studio KAJIMAYA 東京都八王子市天神町２１-２
ブロックオン,〒180-0002 東京都武蔵野市吉祥寺東町１丁目２-２ オリエントプラザ丹野,,0422-21-8223,,0,2,0,10,複数記事候補×2,ChIJh2wTwEXuGGARKtk8jtJBVRE,ブロックオン,3.0,4.0,〒180-0002 東京都武蔵野市吉祥寺東町１丁目２−２ オリエントプラザ丹野,1.0,OK,ブロックオン 東京都武蔵野市吉祥寺東町
花柳 珠絃,〒123-0873 東京都足立区扇１丁目４４-３,https://www.hanayagi-tamaito.com/about_us/,03-3856-5650,,0,1,0,5,一般候補,ChIJAQAAAAGSGGARY-FCOXo7-GE,花柳 珠絃,4.3,4.0,〒123-0873 東京都足立区扇１丁目４４−３,1.0,OK,花柳 珠絃 東京都足立区扇
ＧＯＣＯＯスタジオ,〒174-0041 東京都板橋区舟渡２丁目２０-８,http://stunt-japan.com/,03-5392-4059,,0,1,0,5,一般候補,ChIJCVnj9KzsGGARMDaruguBEUg,ＧＯＣＯＯスタジオ,4.0,1.0,〒174-0041 東京都板橋区舟渡２丁目２０−８,1.0,OK,ＧＯＣＯＯスタジオ 東京都板橋区舟渡
OKUTAMA＋,〒198-0102 東京都西多摩郡奥多摩町川井５９４,https://okutamaplus.com/,0428-85-8575,,0,1,0,5,一般候補,ChIJ7fsAxIYwGWARRthLQCvv8sU,OKUTAMA＋,4.7,153.0,〒198-0102 東京都西多摩郡奥多摩町川井５９４,1.0,OK,OKUTAMA＋ 東京都西多摩郡奥多摩町川井５９４
斉藤ひろ子バレエスタジオ,〒120-0011 東京都足立区中央本町１丁目１２-１０,http://saito-bs.o.oo7.jp/,03-3840-0980,,0,1,0,5,一般候補,ChIJCfP9DCiOGGAR09SJlf1OypA,斉藤ひろ子バレエスタジオ,,,〒120-0011 東京都足立区中央本町１丁目１２−１０,1.0,OK,斉藤ひろ子バレエスタジオ 東京都足立区中央本町
