studio_title,address,website,phone,dslurl,is_partner,candidate_article_count,s_article_count,api_priority_score,api_target_reason
スタジオ五軒町／『鏡張り』の多目的に利用できる『防音』スタジオ,東京都千代田区外神田6-16-1,,,https://dance-studio-lab.com/room/ODZiZjA3NDItNjk4ZS00YjMxLWFjMGQtMGU5ZjVkZDg5OWQw/detail,1,7,5,200,提携スタジオ|S優先度記事×5|複数記事候補×7|候補少記事に出現
BUZZ渋谷TOWER,東京都渋谷区東2-27-9],,,https://dance-studio-lab.com/room/YWZmOTdhZGMtMjk1MC00ODljLWE2YWUtMDRjMGM5NTIxZTg2/detail,1,8,5,190,提携スタジオ|S優先度記事×5|複数記事候補×8
THビル貸し会議室 レンタルスタジオ,〒151-0053 東京都渋谷区代々木２丁目４-１ Thビル,https://sinjukuth.jimdofree.com/,090-2558-7140,https://dance-studio-lab.com/room/ZGYxYjYyNDgtMDEzOC00MjZhLTgyZDctODZlMDViYTQ0NDgy/detail,1,8,5,190,提携スタジオ|S優先度記事×5|複数記事候補×8
レンタルスタジオAivic恵比寿,東京都渋谷区恵比寿西1-14-3 満栄佐藤ビル202,,,https://dance-studio-lab.com/room/MzMyZDY5NzktNDEzOS00MzAyLWJjNzEtMjZiMjNiNzUwNGMy/detail,1,7,5,185,提携スタジオ|S優先度記事×5|複数記事候補×7
BUZZ レンタルスタジオ 神田店,〒101-0047 東京都千代田区内神田２丁目９-９ 神田西口ビル B1F,,,https://dance-studio-lab.com/room/ODJkZDE5YzQtMTlhZS00NjNlLWJlZTQtNDA3NTU3MTQ5NDg5/detail,1,8,4,185,提携スタジオ|S優先度記事×4|複数記事候補×8|候補少記事に出現
チェリッシュスタジオ9号館,東京都渋谷区鶯谷町15-7 ライブリーYSビル6階,https://cherish-studio.com/09st/,,https://dance-studio-lab.com/room/NGU3OTQ4YzEtMzA3OS00NDc3LThjODQtYWFkMmUzMTE4ZmFm/detail,1,6,5,180,提携スタジオ|S優先度記事×5|複数記事候補×6
BUZZ レンタルスタジオ新宿コンシェルジュ店,〒160-0023 東京都新宿区西新宿７丁目１６-４ Concierge高橋 BF 地下 一階,,,https://dance-studio-lab.com/room/OGUzNmE0NzUtZDU1NS00ZjIyLTg4OGItNDYyOWI2YzkzOTA0/detail,1,8,4,170,提携スタジオ|S優先度記事×4|複数記事候補×8
BUZZ レンタルスタジオ 渋谷PARK店,〒150-0042 東京都渋谷区宇田川町１９-５,,,https://dance-studio-lab.com/room/YmNlM2RmNGMtNGI0Mi00ZTg4LTk4OTYtNjY4NWRiM2JmNzhm/detail,1,8,4,170,提携スタジオ|S優先度記事×4|複数記事候補×8
Studio-Bio,東京都渋谷区千駄ヶ谷3−41−12　シャトル千駄ヶ谷B1(地下),https://studio-bio123.com/,,https://dance-studio-lab.com/room/MTI3NDc3MzgtMTBhMy00NGY2LWE3MGQtZmM5YzdiYjVmNzM2/detail,1,8,4,170,提携スタジオ|S優先度記事×4|複数記事候補×8
BUZZ新宿,〒160-0023 東京都新宿区西新宿７丁目１６-４ Concierge高橋 BF 地下1階,,,https://dance-studio-lab.com/room/NThmODMwMDctZjkyNi00ZTE3LTgwNjQtMDRmOGIwMmQ5ZTRi/detail,1,7,4,165,提携スタジオ|S優先度記事×4|複数記事候補×7
BUZZ レンタルスタジオ 新宿ハウス店,〒160-0023 東京都新宿区西新宿７丁目１６-１,,,https://dance-studio-lab.com/room/MWYzNmNhZGMtMWZiNi00MjBiLWJjNzMtZmFmNjAxYmQ5MjA3/detail,1,7,4,165,提携スタジオ|S優先度記事×4|複数記事候補×7
BUZZ渋谷MARKCITY,〒150-0043 東京都渋谷区道玄坂１丁目１７ 9BUZZビル,,,https://dance-studio-lab.com/room/MTJmOWU1NGQtYmViZC00YWEzLWI5Y2ItNGFhYzU3YTAyZTBk/detail,1,6,4,160,提携スタジオ|S優先度記事×4|複数記事候補×6
レンタルスタジオAivic渋谷道玄坂,東京都渋谷区円山町23-10 渋谷ATビル201,,,https://dance-studio-lab.com/room/NWE2MDljYmItN2I0ZC00ZjIzLWI3MGEtMmZiNmEzNWJjOWI4/detail,1,6,4,160,提携スタジオ|S優先度記事×4|複数記事候補×6
BEATs レンタルスタジオ ビーツ,東京都渋谷区代々木1-42-2 藤ビル2階,,,https://dance-studio-lab.com/room/ZWU0MDNlZTUtMDE1Zi00NDcyLWFjZjgtZTAzNzUzZTAwMzNj/detail,1,6,4,160,提携スタジオ|S優先度記事×4|複数記事候補×6
ザ・スペース大久保南口,東京都渋谷区桜丘町29-17 さくらマンション205,,,https://dance-studio-lab.com/room/ZDRhYmIxMjgtNzhkMy00Yjk1LTk2MzItNTdiZWJmY2VkYWZk/detail,1,6,4,160,提携スタジオ|S優先度記事×4|複数記事候補×6
チェリッシュスタジオ1号館/6号館,東京都渋谷区円山町20-1 新大宗円山ビル別館3階,http://cherish-studio.com/01st,,https://dance-studio-lab.com/room/Njc0MjgwMDUtMzBjZS00ZmU5LWFkNzgtYTE3Y2U5NDMyYmU0/detail,1,5,4,155,提携スタジオ|S優先度記事×4|複数記事候補×5
チェリッシュスタジオ7号館,東京都渋谷区桜丘町29-17 さくらマンション205,http://cherish-studio.com/04st/,,https://dance-studio-lab.com/room/MjQ5NGIyOTEtZTVmOS00MzZkLWIzNGYtYTFkMmVhOWZiYTE5/detail,1,5,4,155,提携スタジオ|S優先度記事×4|複数記事候補×5
チェリッシュスタジオ4号館/8号館,東京都渋谷区桜丘町29-17 さくらマンション205,http://cherish-studio.com/04st/,,https://dance-studio-lab.com/room/NmJiNDI1YTQtN2EwMi00ODFjLWE0OTMtMjUyYzk4ODY2NGY5/detail,1,5,4,155,提携スタジオ|S優先度記事×4|複数記事候補×5
日本橋PACMAN（ニホンバシパックマン）,〒103-0021 東京都中央区日本橋本石町４丁目５-５ 藤ビル 地下1階,https://pacman.tokyo/,03-6260-9526,,0,7,5,150,S優先度記事×5|複数記事候補×7|候補少記事に出現
ライトハウス神田,〒103-0021 東京都中央区日本橋本石町４丁目５-８,https://www.instabase.jp/space/7443145996,,,0,7,5,150,S優先度記事×5|複数記事候補×7|候補少記事に出現
チェリッシュスタジオ5号館,東京都渋谷区道玄坂1-16-6 二葉ビル7D,http://cherish-studio.com/05st/,,https://dance-studio-lab.com/room/NTRjMDczNjgtY2EzMy00YjE4LWJlMjYtYmExOTZiYTBmZWZk/detail,1,4,4,150,提携スタジオ|S優先度記事×4|複数記事候補×4
studio_MINT 錦糸町,〒130-0012 東京都墨田区太平３丁目１-４,https://eaglet01.com/,090-3312-9984,https://dance-studio-lab.com/room/ZDgyZDBlYjYtZWM1YS00MGNhLWI3YjEtZjRmNTEzZmU5NjE4/detail,1,8,2,145,提携スタジオ|S優先度記事×2|複数記事候補×8|候補少記事に出現
レンタルスタジオAivic新橋,"東京都港区西新橋1-16-14 宮川ビル4階
",,,https://dance-studio-lab.com/room/M2EyMzEzOTUtMjkwNC00MmRlLWI3YWEtYjBiMmM1NGUzYzhl/detail,1,7,3,145,提携スタジオ|S優先度記事×3|複数記事候補×7
BUZZ レンタルスタジオ 西国分寺店,〒185-0024 東京都国分寺市泉町３丁目３７-２５ 天龍ビル B1,,,https://dance-studio-lab.com/room/ZDcyMzBmZWYtMzdiYS00YjY0LThmOGEtZDJjMzQxNTVlZDA2/detail,1,7,2,140,提携スタジオ|S優先度記事×2|複数記事候補×7|候補少記事に出現
BUZZ レンタルスタジオ 六本木店,〒106-0032 東京都港区六本木４丁目５-７ スタジオＤ 地下1階,,,https://dance-studio-lab.com/room/MGYxY2IwOWYtNDQ4ZS00MmEyLTliYTAtNzg1YjUyOTA0OTlj/detail,1,6,3,140,提携スタジオ|S優先度記事×3|複数記事候補×6
Dubway レンタルスタジオ中野,東京都中野区5-32-6 城西ビルB02,,,https://dance-studio-lab.com/room/MzFmYWU5ZjgtNmM0NC00MDYzLTljOGUtMjFlZDI1MmVhMDE5/detail,1,6,3,140,提携スタジオ|S優先度記事×3|複数記事候補×6
ラシーヌスタジオ,〒160-0004 東京都新宿区四谷４丁目２５-１３ 濱庄ビル B101,https://racinestudio.com/,,,0,5,5,140,S優先度記事×5|複数記事候補×5|候補少記事に出現
ラシーヌスタジオ,〒160-0004 東京都新宿区四谷４丁目２５-１３ 濱庄ビル B101,https://racinestudio.com/,,,0,5,5,140,S優先度記事×5|複数記事候補×5|候補少記事に出現
Ｍ＆Ｓダンススタジオ,〒151-0051 東京都渋谷区千駄ケ谷５丁目１１-１３ 俳協ビル B1,http://www.msc-dance.net/,03-3350-5350,,0,7,5,135,S優先度記事×5|複数記事候補×7
BUZZ レンタルスタジオ 国分寺店,〒185-0021 東京都国分寺市南町３丁目２７-７ 白馬ビル B1F,,,https://dance-studio-lab.com/room/ZjIzMWQ0ZjctM2ViOC00Yzg1LWExMzMtMGFkZDYwYzg1Mjhj/detail,1,6,2,135,提携スタジオ|S優先度記事×2|複数記事候補×6|候補少記事に出現
チェリッシュスタジオ3号館／10号館,〒150-0045 東京都渋谷区神泉町２０-２５ 神泉ＱＳビル 4階／7階,http://cherish-studio.com/03st/,03-6277-5760,https://dance-studio-lab.com/room/ODU0ZjgzZjAtNDc3OS00N2YwLTkxZWEtNTNiMTc2MDE4NGRl/detail,1,5,3,135,提携スタジオ|S優先度記事×3|複数記事候補×5
レンタルスタジオAivic神田,"東京都千代田区神田紺屋町21 高山ビル101
",,,https://dance-studio-lab.com/room/MzE4YmJlMGMtZTc3Yy00OTIwLTg3ZTMtZDQxN2E4Yzc1YTFj/detail,1,5,3,135,提携スタジオ|S優先度記事×3|複数記事候補×5
なかすた（スタジオ神田川）,〒164-0013 東京都中野区弥生町５丁目２２-２ ビラフジミ B号室,http://nkn.photographer.tokyo.jp/,090-5495-8257,https://dance-studio-lab.com/room/ODE4NDI3NmEtODY2YS00ZTg2LTgyMzctNzMzNmYwYjNmNDgx/detail,1,5,3,135,提携スタジオ|S優先度記事×3|複数記事候補×5
Cadena Flamenca,〒151-0053 東京都渋谷区代々木１丁目４２-２,https://cadenaflamenca.jp/,03-5304-3535,,0,7,5,135,S優先度記事×5|複数記事候補×7
studio worcle yoyogi,〒151-0053 東京都渋谷区代々木１丁目３６-１２ 2F,https://www.studioworcle.com/yoyogi/,03-6381-6255,,0,7,5,135,S優先度記事×5|複数記事候補×7
BUZZ レンタルスタジオ池袋東口BASE,〒170-0013 東京都豊島区東池袋１丁目３６-７ B1,,,https://dance-studio-lab.com/room/NWY2ZjE2OGUtZDYyYi00ZTk5LThlMjctZDI1YjllMmRjM2Jk/detail,1,5,3,135,提携スタジオ|S優先度記事×3|複数記事候補×5
表参道レンタルスタジオ スタジオ ティノラス,〒107-0062 東京都港区南青山５丁目１３-９,https://www.s-tenoras.com/,03-6418-8181,,0,7,5,135,S優先度記事×5|複数記事候補×7
Beat Box Dance Studio,〒151-0053 東京都渋谷区代々木１丁目４２-２,http://www.beatbox-jp.com/,03-5388-6774,,0,7,5,135,S優先度記事×5|複数記事候補×7
ダンススタジオ石井,〒151-0051 東京都渋谷区千駄ケ谷５丁目４-７,http://www.ds-ishii.com/,03-3350-4310,,0,7,5,135,S優先度記事×5|複数記事候補×7
レンタルスタジオAivic恵比寿2号店,東京都渋谷区恵比寿2-16-16 レクシード恵比寿（旧flegエビスW）111,,,https://dance-studio-lab.com/room/MjM0NzMxMTAtOGQzOS00MDFkLThmMGEtNTgzM2MzMjVjMzlh/detail,1,5,3,135,提携スタジオ|S優先度記事×3|複数記事候補×5
Hina STUDIO(ヒナスタジオ)【新宿西口アネックス】,東京都新宿区西新宿7-15-4　YS第一ビルB1階,https://hinastudio.jp/,,https://dance-studio-lab.com/room/NWQxZDIzMzUtNWMzOC00MzY4LWE4YmYtMWU3MDBkYWM3ZDY2/detail,1,5,3,135,提携スタジオ|S優先度記事×3|複数記事候補×5
Hina STUDIO(ヒナスタジオ)【新宿西口スタジオ】,東京都新宿区西新宿7-10-12　ダイハンビルデンス4階,https://hinastudio.jp/,,https://dance-studio-lab.com/room/ZDEyOTIyNTctYjUwOC00ZTY3LTgxMWYtYTI0MzhkNDg4OGNj/detail,1,5,3,135,提携スタジオ|S優先度記事×3|複数記事候補×5
BUZZ レンタルスタジオ巣鴨店,〒170-0002 東京都豊島区巣鴨２丁目４-６ 第二みどりビル B1,,,https://dance-studio-lab.com/room/MmNjNjkxYjEtYjA5ZC00YTZkLWFjMTAtZmVhYzQ1MGY0M2Uy/detail,1,5,3,135,提携スタジオ|S優先度記事×3|複数記事候補×5
BUZZ レンタルスタジオ 代々木店,〒151-0053 東京都渋谷区代々木１丁目３６-１ ミユキビル B1F,,,,0,7,5,135,S優先度記事×5|複数記事候補×7
ＴＨ会場,〒151-0053 東京都渋谷区代々木２丁目４-１,https://sinjukuth.jimdofree.com/,03-3370-6264,,0,7,5,135,S優先度記事×5|複数記事候補×7
スタジオ五軒町,〒101-0021 東京都千代田区外神田６丁目１６-１ 外神田フジハイツ 地下1階,https://studio-gokencho.com/,,,0,6,5,130,S優先度記事×5|複数記事候補×6
ブルースペース上野御徒町,〒110-0005 東京都台東区上野３丁目１３-１０ トミヤマビル B1F,http://bit.ly/2MTtC4u,070-8440-8407,,0,6,5,130,S優先度記事×5|複数記事候補×6
SPICYCANDY DANCESTUDIO,東京都台東区浅草橋4-2-8伊藤ビル1階,,,https://dance-studio-lab.com/room/NGFjMTNkYTgtNmQ4My00ZTgxLWI3ZmYtMjM4OGVjNDM4Yjk3/detail,1,4,3,130,提携スタジオ|S優先度記事×3|複数記事候補×4
スタジオピアーチェ池袋店,東京都豊島区池袋本町1-7-1　池袋本町ビル地下１階,http://studio-piace.com/access-ikebukuro.html,,https://dance-studio-lab.com/room/YjA4YWEyZDUtYmFmZS00NDQ3LWJjOWYtMzU2MDlmMDc1MTJi/detail,1,4,3,130,提携スタジオ|S優先度記事×3|複数記事候補×4
DANCE WORKS,〒150-0032 東京都渋谷区鶯谷町７-１０ ＮＭＤビル 2F-6F,https://danceworks.jp/,03-5459-1234,,0,6,5,130,S優先度記事×5|複数記事候補×6
Dubway レンタルスタジオ大塚,東京都豊島区北大塚2-10-5 BMAビル　B1,,,https://dance-studio-lab.com/room/ODA1MWRkOGQtODA5Yi00NTRlLWIyNzktZmMyNWFkMTc3ZDY4/detail,1,5,2,130,提携スタジオ|S優先度記事×2|複数記事候補×5|候補少記事に出現
レンタルスタジオALOALO,〒110-0016 東京都台東区台東４丁目３１-５ オリオンビル B1,https://upnow.jp/aloalostudio/%E3%83%AC%E3%83%B3%E3%82%BF%E3%83%AB%E3%82%B9%E3%82%BF%E3%82%B8%E3%82%AAaloalo,080-4818-5577,,0,6,5,130,S優先度記事×5|複数記事候補×6
秋葉原ブルーハス レンタルスタジオ,〒110-0006 東京都台東区秋葉原３-１０ 東京商会秋葉原ビルB1階,https://akihabara.inforent.jp/,03-5822-4050,,0,6,5,130,S優先度記事×5|複数記事候補×6
FunnyTips（ファニーティップス）,〒101-0021 東京都千代田区外神田５丁目５-７ パンセ秋葉原 B1F,https://infofunnytips.wixsite.com/funnytips,03-6684-9954,,0,6,5,130,S優先度記事×5|複数記事候補×6
シャノワールレンタルスタジオ,〒110-0005 東京都台東区上野３丁目１４-５ ヴェルコ黒門ビル 地下1階,https://chatnoir-studio.com/,050-3706-0720,,0,6,5,130,S優先度記事×5|複数記事候補×6
K'sLinkStudio御徒町,〒110-0005 東京都台東区上野３丁目１９-４ フロンティアサカイビル 1F,https://kslink.jp/?page_id=1557,03-4546-1610,,0,6,5,130,S優先度記事×5|複数記事候補×6
Rei Dance Collection 駅前校,〒150-0002 東京都渋谷区渋谷３丁目２８-７ 青ビル B1F,http://www.rei-dance.com/,03-6427-2719,,0,6,5,130,S優先度記事×5|複数記事候補×6
レンタルスタジオAivic大塚,東京都豊島区北大塚2-9-7 豊島電気会館B1,https://www.aivic.jp/wp/studio-otsuka/,,https://dance-studio-lab.com/room/MjU5YzI0ZTUtYzE1MC00ODhmLWI2Y2MtNTk5YTFmMWIwMzZi/detail,1,5,2,130,提携スタジオ|S優先度記事×2|複数記事候補×5|候補少記事に出現
スタジオインディ 東京駅前店,〒104-0031 東京都中央区京橋１丁目４-１１ 竹本ビルディング ４階,https://studioindi.jp/access/tokyo?argument=UxWRQv9t&dmai=a5e0703f812c34,050-1709-0498,,0,7,4,130,S優先度記事×4|複数記事候補×7|候補少記事に出現
日本橋バレエ＆ダンススタジオ Studio LULL,〒101-0047 東京都千代田区内神田２丁目８-３ 新東ビル 2階,https://coubic.com/studiolullnagi,080-9648-9027,,0,7,4,130,S優先度記事×4|複数記事候補×7|候補少記事に出現
ATHLETE Studio,〒101-0044 東京都千代田区鍛冶町１丁目８-１ SRビル 3F,https://www.athletestudio.org/,03-6413-7889,,0,6,4,125,S優先度記事×4|複数記事候補×6|候補少記事に出現
BUZZ竹ノ塚,〒121-0823 東京都足立区伊興３丁目１８-１９ ＮＹビル 3階,,,https://dance-studio-lab.com/room/Zjk4YThkNDItZDI4OC00MTRlLTg2NDgtYTgxZDUyYjgxMjQ2/detail,1,6,2,120,提携スタジオ|S優先度記事×2|複数記事候補×6
レンタルスタジオAivic築地,東京都中央区築地2-10-9 HARVEY築地4階,,,https://dance-studio-lab.com/room/Y2UzMzcxZTMtNDhlNS00ODEwLWJlOGYtZjA1ZjM5Y2YxNjE0/detail,1,5,2,115,提携スタジオ|S優先度記事×2|複数記事候補×5
JOINT STUDO Harajuku,〒150-0001 東京都渋谷区神宮前４丁目２９-９ Ondenビル B1,https://joint-harajuku.com/,03-6455-5356,,0,7,4,115,S優先度記事×4|複数記事候補×7
宮益坂十間スタジオ,〒150-0002 東京都渋谷区渋谷１丁目１０-７ Ⅲ B1 (受付・Bスタジオ)、北館5F(Aスタジオ 宮益坂Stビル,http://www.jikkenst.com/,03-6712-5853,,0,7,4,115,S優先度記事×4|複数記事候補×7
レンタルスタジオAivic高田馬場,東京都新宿区高田馬場1-31-8 高田馬場ダイカンプラザ1007,,,https://dance-studio-lab.com/room/M2JhMTAxM2EtZmMxNi00ODUwLTllNjUtNWQ4OTY3NmE2MWZj/detail,1,5,2,115,提携スタジオ|S優先度記事×2|複数記事候補×5
CARDIO BARRE SHIBUYA (カーディオ・バー 渋谷店),〒150-0002 東京都渋谷区渋谷１丁目１４-１１ BCサロン 地下１階,https://cardio-barre.jp/lp/03/?utm_source=facebook&utm_medium=cpc&fbclid=IwAR3Kheu4QwOEsq_Vf6-cZeTgzJ1VLZ2eB-BkHUf42kUJQKr9BH3OyQwSaSg,03-5778-9860,,0,7,4,115,S優先度記事×4|複数記事候補×7
タヒチアンダンススタジオ ライマーラマ表参道,〒150-0001 東京都渋谷区神宮前５丁目１３-１４,https://raimarama.com/tahiti/terms/view/WPT00000008,03-3469-0672,,0,7,4,115,S優先度記事×4|複数記事候補×7
BUZZ赤坂見附 ,東京都港区赤坂3-21-14TS 共和六番館地下1階,,,https://dance-studio-lab.com/room/NjYxZDU0NDMtOGEwNS00MDM3LTllNDktMzAyNTQ0MmVlMTE1/detail,1,5,2,115,提携スタジオ|S優先度記事×2|複数記事候補×5
チェリッシュスタジオ11号館/12号館/13号館/14号館,東京都港区西麻布-2-21-22 WEST麻布2791ビル2階,https://cherish-studio.com/,,https://dance-studio-lab.com/room/ZmMxMTg1ZGQtMjUyZS00NjZlLWE3YzMtZjllNWM1N2JhNTdj/detail,1,5,2,115,提携スタジオ|S優先度記事×2|複数記事候補×5
赤レンガ・ライブスタジオStudioStyle+,〒169-0073 東京都新宿区百人町１丁目２４-８ 1F,https://studiostyle.jp/akarenga-live-studio,090-8306-7493,,0,6,4,110,S優先度記事×4|複数記事候補×6
赤レンガ・バレエスタジオStudioStyle+,〒169-0073 東京都新宿区百人町１丁目２４-８ 3F,https://studiostyle.jp/akarenga-ballet-studio/,090-8306-7493,,0,6,4,110,S優先度記事×4|複数記事候補×6
Dubway レンタルスタジオ小岩,東京都江戸川区北小岩1-3-4 102,,,https://dance-studio-lab.com/room/ZmU2YzI4MzYtZGY2ZC00YmZkLWI5MWItZDg0OTdkOTdmOGI5/detail,1,5,1,110,提携スタジオ|S優先度記事×1|複数記事候補×5|候補少記事に出現
レンタルダンススタジオ LANDstudio 新宿店,〒169-0073 東京都新宿区百人町１丁目２２-１９ 筒井ビル B1F,,,,0,6,4,110,S優先度記事×4|複数記事候補×6
ロジスタイルB StudioStyle+,〒160-0023 東京都新宿区西新宿７丁目１５-１４ FONTAINE三須 1F,https://studiostyle.jp/roji-studio-b/,090-8306-7493,,0,6,4,110,S優先度記事×4|複数記事候補×6
Studioonda大久保,〒169-0073 東京都新宿区百人町１丁目２３-２ 3F,https://studioonda.com/,080-4947-2985,,0,6,4,110,S優先度記事×4|複数記事候補×6
レンタルスタジオAivic池袋東口1号店,東京都豊島区東池袋3-11-9 三島ビル501,,,https://dance-studio-lab.com/room/ZTU1MDVkNDQtZjUzNi00MWRiLWFhMDctZTk3YTg1YjRjNDUx/detail,1,4,2,110,提携スタジオ|S優先度記事×2|複数記事候補×4
CARDIO BARRE SHINJUKU (カーディオ・バー 新宿店),〒160-0022 東京都新宿区新宿４丁目２-１６ パシフィックマークス新宿サウスゲート 2階,https://cardio-barre.jp/lp/03/?utm_source=facebook&utm_medium=cpc&fbclid=IwAR3Kheu4QwOEsq_Vf6-cZeTgzJ1VLZ2eB-BkHUf42kUJQKr9BH3OyQwSaSg,03-5361-6751,,0,6,4,110,S優先度記事×4|複数記事候補×6
外苑前アイランドスタジオ,〒150-0001 東京都渋谷区神宮前３丁目１-２５ 神宮前Ikビル 2階,https://www.ai-land.co.jp/studio/?utm_source=mybusiness,03-5413-7077,,0,7,3,110,S優先度記事×3|複数記事候補×7|候補少記事に出現
ALOK DANCE DORAMA COMPANY,〒169-0073 東京都新宿区百人町１丁目１３-９,http://alokddc.wordpress.com/,03-5386-8192,,0,6,4,110,S優先度記事×4|複数記事候補×6
ノアスタジオ代々木店,〒151-0051 東京都渋谷区千駄ケ谷４丁目２４-１９,https://www.noahstudio.jp/shop/yoyogi/,03-5413-3955,,0,6,4,110,S優先度記事×4|複数記事候補×6
メインスタジオStudio Style+,〒160-0023 東京都新宿区西新宿７丁目２２-３１,https://studiostyle.jp/main-studio/,090-8306-7493,,0,6,4,110,S優先度記事×4|複数記事候補×6
SOUTH MINT STUDIO 南青山,〒107-0062 東京都港区南青山２丁目２７-２０ B1F,https://southmint.jp/,03-6434-9311,,0,7,3,110,S優先度記事×3|複数記事候補×7|候補少記事に出現
スタジオジパング大久保,〒169-0073 東京都新宿区百人町１丁目２３ みなみビル B1,https://studiozipang.com/okubo-standard/,,,0,6,4,110,S優先度記事×4|複数記事候補×6
スタジオスタイルプラス窓口StudioStyle+,〒160-0023 東京都新宿区西新宿７丁目２２-３１ 1F,https://studiostyle.jp/,090-8306-7493,,0,6,4,110,S優先度記事×4|複数記事候補×6
東京バレエ劇場,〒169-0073 東京都新宿区百人町１丁目１６-４,http://tokyo-ballet.com/,03-3361-0958,,0,6,4,110,S優先度記事×4|複数記事候補×6
ノートルスタジオ,〒107-0062 東京都港区南青山３丁目５-１ O&K 南青山,http://notre-studio.com/,03-6721-0035,,0,7,3,110,S優先度記事×3|複数記事候補×7|候補少記事に出現
ノアスタジオ 新宿２号店,〒160-0023 東京都新宿区西新宿７丁目１０-１２,https://www.noahstudio.jp/shop/shinjuku2/,03-5332-8366,,0,6,4,110,S優先度記事×4|複数記事候補×6
studio worcle shinjuku,〒160-0023 東京都新宿区西新宿７丁目１６-７ 第２１フジビル,https://www.studioworcle.com/shinjuku/,03-3361-0123,,0,6,4,110,S優先度記事×4|複数記事候補×6
赤レンガ・プレイスタジオStudioStyle+,〒169-0073 東京都新宿区百人町１丁目２４-８ 3F,https://studiostyle.jp/akarenga-play-studio,090-8306-7493,,0,6,4,110,S優先度記事×4|複数記事候補×6
ソニズレンタルスタジオ新宿店,〒160-0023 東京都新宿区西新宿７丁目２２-３１ 柏木 MURA B1F,https://sonysdance.com/,,,0,6,4,110,S優先度記事×4|複数記事候補×6
BUZZ レンタルスタジオ新宿4丁目店,〒160-0022 東京都新宿区新宿４丁目２-２１ 相模ビル B1F,,,,0,6,4,110,S優先度記事×4|複数記事候補×6
ノアスタジオ 新宿１号店,〒160-0023 東京都新宿区西新宿１丁目３-１４,https://www.noahstudio.jp/shop/shinjuku/,03-5909-0331,,0,6,4,110,S優先度記事×4|複数記事候補×6
レンタルスタジオAivic池袋東口2号店,東京都豊島区東池袋2-57-1 K/B東池袋Ⅱ 5F,,,https://dance-studio-lab.com/room/ZTVmNmYwZGYtZTExNy00YTlkLTk4MDktODhhMWE2ZTYyNmNj/detail,1,4,2,110,提携スタジオ|S優先度記事×2|複数記事候補×4
新宿マイスタジオ,〒160-0023 東京都新宿区西新宿７丁目９-１７ ６F・５F・４F 伊藤ビル,http://shinjukustudio.jp/,03-3364-6820,,0,6,4,110,S優先度記事×4|複数記事候補×6
恵比寿ヒルサイドスタジオ,〒150-0022 東京都渋谷区恵比寿南２丁目２１-８ 恵比寿ファインヒル B１,http://ebisustudio.tokyo/studio/,03-5725-7980,,0,6,4,110,S優先度記事×4|複数記事候補×6
新宿 だんすた レンタルスタジオ,〒160-0023 東京都新宿区西新宿７丁目１３-７ 3F4F タカラビル,https://shinjuku2.inforent.jp/,03-5822-4050,,0,6,4,110,S優先度記事×4|複数記事候補×6
シュミネAスタジオStudioStyle+,〒169-0073 東京都新宿区百人町１丁目２４-７,,090-8306-7493,,0,6,4,110,S優先度記事×4|複数記事候補×6
御茶ノ水 おちゃすた レンタルスタジオ,〒101-0052 東京都千代田区神田小川町３丁目１４-２ 漢陽ビル Ｂ1Ｆ,https://ocha.studiosquare.jp/,03-5822-4050,,0,6,4,110,S優先度記事×4|複数記事候補×6
スタジオインディ 新宿店,〒160-0022 東京都新宿区新宿３丁目２２番１１号 新宿ＲＳビル ６階,https://studioindi.jp/access/shinjuku/?argument=UxWRQv9t&dmai=a5e07032924d4a,050-1709-0496,,0,6,4,110,S優先度記事×4|複数記事候補×6
ROJIスタジオStudioStyle+,〒160-0023 東京都新宿区西新宿７丁目１５-１４,https://studiostyle.jp/roji-studio-b/,090-8306-7493,,0,6,4,110,S優先度記事×4|複数記事候補×6
STUDIO COCORO（スタジオココロ）- 新宿代々木のレンタルスペース&ダンススタジオ - 数々のイベントやメディアに出演,〒151-0053 東京都渋谷区代々木３丁目９-１１,http://studio-cocoro.tokyo/,080-7632-2020,,0,6,4,110,S優先度記事×4|複数記事候補×6
レンタルスタジオ HIKARI 西新宿７丁目,〒160-0023 東京都新宿区西新宿７丁目１０-１７ B館 601号室,https://hikari-studio.net/,050-3196-4716,,0,6,4,110,S優先度記事×4|複数記事候補×6
studio worcle okubo,〒169-0073 東京都新宿区百人町１丁目２１-５ 新宿Stビル,https://www.studioworcle.com/okubo/,03-5358-9082,,0,6,4,110,S優先度記事×4|複数記事候補×6
BUZZ レンタルスタジオ 高田馬場店,〒169-0075 東京都新宿区高田馬場４丁目１４-６ 地下1階 第二長谷川マンション,,,https://dance-studio-lab.com/room/NjZiZWQwNjEtYmU0ZS00MDllLWI0M2UtNmYxZjdhOWUwY2Mz/detail,1,4,2,110,提携スタジオ|S優先度記事×2|複数記事候補×4
目白の杜studio,〒161-0033 東京都新宿区下落合３丁目２０-１１,http://www.mejironomori.com/,03-3951-5888,,0,6,4,110,S優先度記事×4|複数記事候補×6
貸空間スタジオStudioStyle+,〒160-0023 東京都新宿区西新宿７丁目２２-３１ BF 柏木 MURA,https://studiostyle.jp/tenku-dance-studio/,090-8306-7493,,0,6,4,110,S優先度記事×4|複数記事候補×6
BUZZ レンタルスタジオ 渋谷東口SQUARE店,〒150-0002 東京都渋谷区渋谷２丁目２２-８ 名取ビル 1F,,,,0,6,4,110,S優先度記事×4|複数記事候補×6
BUZZ池袋西口PARK,東京都豊島区西池袋3-30-10ライオンビルB1,,,https://dance-studio-lab.com/room/ZjBiN2M3MDEtZTMzYS00ZGZkLTg3YTktYjU3MjdjNDk3Njli/detail,1,4,2,110,提携スタジオ|S優先度記事×2|複数記事候補×4
高円寺スタジオ,〒166-0002 東京都杉並区高円寺北２丁目７-７ 地下１階 高円寺名店ビル,https://kouenji-studio.com/,03-3337-5116,,0,5,4,105,S優先度記事×4|複数記事候補×5
スタジオジパング 上野スタジオSTANDARD,"〒110-0015 東京都台東区東上野３丁目１４-１２, Ueno Bldg., B1 旧 辻井ビル",https://studiozipang.com/,,,0,5,4,105,S優先度記事×4|複数記事候補×5
スタジオピアーチェ江戸川橋店,東京都文京区水道2-10-7エクセルビル地下一階,http://studio-piace.com/,,https://dance-studio-lab.com/room/NWM3NGU4NjAtNTU5MS00NzUyLTg5ZTQtZWM3NGYwZTliOGZj/detail,1,4,1,105,提携スタジオ|S優先度記事×1|複数記事候補×4|候補少記事に出現
クリエイティブスペース・フュージョン,〒167-0053 東京都杉並区西荻南３丁目２４-２４-１ 西荻マイロード 27,https://creativespacefusion.com/,,,0,6,3,105,S優先度記事×3|複数記事候補×6|候補少記事に出現
スタジオ エレ,〒161-0034 東京都新宿区上落合３丁目２３-１７,http://www.dancestudio-ailee.jp/,0120-555-043,,0,5,4,105,S優先度記事×4|複数記事候補×5
渋谷 EYE CANDY,〒150-0011 東京都渋谷区東１丁目２４-８ トキワマツ72ビル A号,http://www.eyecandypole.com/,03-3377-0507,,0,5,4,105,S優先度記事×4|複数記事候補×5
レンタルスタジオマイレッスン 渋谷店,〒150-0011 東京都渋谷区渋谷 東２-２０-１６ エストマニヴィア B1F,https://www.my-lesson.jp/,,,0,5,4,105,S優先度記事×4|複数記事候補×5
サラ・プランタ,〒150-0013 東京都渋谷区恵比寿１丁目１６?番28号 2-4階 Tkビル,https://sala-planta.iberia-j.com/,03-3449-0596,,0,5,4,105,S優先度記事×4|複数記事候補×5
STUDIO A1-04（レンタルスタジオ）,〒150-0021 東京都渋谷区恵比寿西１丁目１４-３ 満栄佐藤ビル 2階 202号室,,,,0,5,4,105,S優先度記事×4|複数記事候補×5
レンタルスタジオ西荻リノ,〒167-0042 東京都杉並区西荻北２丁目３-９ グランピア西荻窪 Ｂ101,https://nishiogi-lino.linovery.com/,,,0,6,3,105,S優先度記事×3|複数記事候補×6|候補少記事に出現
㈱インフォレント,〒111-0053 東京都台東区浅草橋５丁目３-２ 秋葉原スクエアビル,https://studiosquare.jp/,,,0,5,4,105,S優先度記事×4|複数記事候補×5
SoyLatte STUDIO,〒141-0031 東京都品川区西五反田２丁目１７-８ 管野ビル ３F,https://soylatte-studio.net/,090-9363-8415,,0,6,3,105,S優先度記事×3|複数記事候補×6|候補少記事に出現
すむぞう 代々木スタジオ,〒151-0053 東京都渋谷区代々木１丁目４５-７ C's YOYOGI 4F,,,,0,5,4,105,S優先度記事×4|複数記事候補×5
アカペラスタジオベースオントップ池袋東口店,〒171-0022 東京都豊島区南池袋２丁目２４-５ 加藤ビル B1,https://bassontop.tokyo.jp/a-cappella_ikebukurohigashi/,03-6384-4070,,0,5,4,105,S優先度記事×4|複数記事候補×5
ワーサルレンタルスタジオ（Aスタジオ）,〒151-0073 東京都渋谷区笹塚２丁目２５-２ グランド・ガーラ笹塚 B1,https://worsal.com/rental/index.html#studio-a,03-6276-3608,,0,5,4,105,S優先度記事×4|複数記事候補×5
㈱Tera-coya,〒101-0025 東京都千代田区神田佐久間町３丁目３１-３,http://teracoya.tokyo/,03-5829-8450,,0,5,4,105,S優先度記事×4|複数記事候補×5
Brighton Studio Daikanyama,〒150-0032 東京都渋谷区鶯谷町１-２ PAL bldg 3F&RF,https://www.projectofbrighton.com/,,,0,5,4,105,S優先度記事×4|複数記事候補×5
Irodori麻布十番,〒106-0045 東京都港区麻布十番１丁目５-１ ＹＫビル 4F,https://spaceirodori.com/,050-3628-5392,,0,6,3,105,S優先度記事×3|複数記事候補×6|候補少記事に出現
西荻窪七宝レンタルスペース,〒167-0042 東京都杉並区西荻北３丁目２５-１ 七宝マンション 1階,,03-3397-4119,,0,6,3,105,S優先度記事×3|複数記事候補×6|候補少記事に出現
Studio Bis,〒141-0031 東京都品川区西五反田２丁目１０-８ ドルミ五反田ドゥメゾン 3階,http://studio-bis.tokyo/,,,0,6,3,105,S優先度記事×3|複数記事候補×6|候補少記事に出現
スタジオｉＤＣ,〒171-0014 東京都豊島区池袋２丁目４７-３ キウレイコンビル ４,http://www.izumikubo-dc.com/,03-5985-4433,,0,5,4,105,S優先度記事×4|複数記事候補×5
秋葉原レッスンスタジオてらこや,〒101-0025 東京都千代田区神田佐久間町３丁目３１-３,https://teracoya.tokyo/,03-5829-9431,,0,5,4,105,S優先度記事×4|複数記事候補×5
BUZZ レンタルスタジオ 池袋本店,〒171-0022 東京都豊島区南池袋１丁目２０-１ 横田ビル 3F,,03-6907-2144,,0,5,4,105,S優先度記事×4|複数記事候補×5
BUZZ レンタルスタジオ 池袋西口PARK店,〒171-0021 東京都豊島区西池袋３丁目３０-１０ ライオンビル B1,,,,0,5,4,105,S優先度記事×4|複数記事候補×5
TOKYO GATE STUDIO 東京ゲートスタジオ レンタルスタジオ,〒108-0074 東京都港区高輪４丁目２４-５８ サマセット品川東京１F,https://shinagawa.studiosquare.jp/,03-5822-4050,,0,5,4,105,S優先度記事×4|複数記事候補×5
【レンタルスタジオ】SPICY CANDY【ボディメイク】,〒111-0053 東京都台東区浅草橋４丁目２-８ 伊藤ビル １F,https://www.instabase.jp/space/6730746951,03-3862-3939,,0,5,4,105,S優先度記事×4|複数記事候補×5
studio worcle 池袋店,〒171-0022 東京都豊島区南池袋２丁目２２-４,http://www.studioworcle.com/ikebukuro,03-5950-2700,,0,5,4,105,S優先度記事×4|複数記事候補×5
中目黒 すわ山 レンタルスタジオ,〒153-0051 東京都目黒区上目黒２丁目４７-１ 司ビル 2F-B,https://suwayama.studiosquare.jp/,03-5822-4050,,0,5,4,105,S優先度記事×4|複数記事候補×5
ヨガスタジオNOA 秋葉原校,〒101-0021 東京都千代田区外神田６丁目１４-８ 8F,http://www.noa-yoga.com/,03-3834-5321,,0,5,4,105,S優先度記事×4|複数記事候補×5
渋谷のレンタルスタジオ ユニアス,〒150-0043 東京都渋谷区道玄坂１丁目７-１０ リードシー渋谷道玄坂 B1F 新大宗渋谷,https://unius.studio/,,,0,5,4,105,S優先度記事×4|複数記事候補×5
渋谷笹塚スタジオ,〒151-0073 東京都渋谷区笹塚１丁目５８-６ マルシンビル6F,http://sasazuka.inforent.jp/,03-5822-4050,,0,5,4,105,S優先度記事×4|複数記事候補×5
渋谷店 レンタルダンススタジオ ＲＯＯＴＳ,〒150-0011 東京都渋谷区東１丁目２４-８ トキワマツ72ビル A号,,,,0,5,4,105,S優先度記事×4|複数記事候補×5
秋葉原スクエアスタジオ,〒111-0053 東京都台東区浅草橋５丁目３-２ 秋葉原スクエアビル 1F,https://akihabara2.inforent.jp/,03-5822-4050,,0,5,4,105,S優先度記事×4|複数記事候補×5
西島ダンスアカデミィＫ２,〒150-0022 東京都渋谷区恵比寿南３ １－３－６ ＣＩビル３Ｆ,https://www.koji-nishijima.com/,03-6303-1903,,0,5,4,105,S優先度記事×4|複数記事候補×5
ＳＧ ＳＴＵＤＩＯ,〒166-0012 東京都杉並区和田１丁目１-１３ Ｂ１ 入り口は川沿い,https://www.izsound.jp/SG/index.html,03-3229-7790,,0,5,4,105,S優先度記事×4|複数記事候補×5
ピアノスタジオノア 恵比寿店,〒150-0013 東京都渋谷区恵比寿４丁目４-１２,http://www.grandpiano.jp/ebisu/,03-5447-6068,,0,5,4,105,S優先度記事×4|複数記事候補×5
"レンタルスタジオDance""MOVE""!!",〒165-0027 東京都中野区野方５丁目３０-６ ひろきやビル 2階,https://www.instagram.com/mikimove.miki?igsh=MXBza25xOW0zdnIyNA%3D%3D&utm_source=qr,,,0,5,4,105,S優先度記事×4|複数記事候補×5
東京ステップス・アーツ アニメダンス池袋校,〒192-0082 東京都豊島区東池袋１丁目２２-５ サンケェビル６F,https://www.t-steps.jp/anime_dance,03-5957-5858,,0,5,4,105,S優先度記事×4|複数記事候補×5
レンタルスタジオODORU,〒110-0015 東京都台東区東上野３丁目１８-１ B1,https://odorudance.jp/,,,0,5,4,105,S優先度記事×4|複数記事候補×5
Rei Dance Collection 本校,〒150-0031 東京都渋谷区桜丘町２９-３５ パーソンズビル地下1階,http://www.rei-dance.com/,03-3462-0844,,0,5,4,105,S優先度記事×4|複数記事候補×5
レンタルスタジオStudioIrodori麻布十番店,〒106-0045 東京都港区麻布十番１丁目５番１ YKビル 3F,https://studioirodori.com/,050-3628-5392,,0,6,3,105,S優先度記事×3|複数記事候補×6|候補少記事に出現
スタジオペンタ五反田店,〒141-0022 東京都品川区東五反田１丁目１２-９,https://studiopenta.jp/rehearsal/gotanda/,03-3447-2333,,0,6,3,105,S優先度記事×3|複数記事候補×6|候補少記事に出現
ミライスタジオ日本橋,〒103-0001 東京都中央区日本橋小伝馬町１４-５,https://studio-mirai55.com/,,,0,5,4,105,S優先度記事×4|複数記事候補×5
レンタルスタジオ HIKARI 渋谷,〒150-0043 東京都渋谷区道玄坂２丁目２０-２６ エクシール道玄坂 104号室 藤和,https://hikari-studio.net/,050-3196-4716,,0,5,4,105,S優先度記事×4|複数記事候補×5
バンドスタジオ ベースオントップ秋葉原昭和通り口店,〒101-0025 東京都千代田区神田佐久間町３丁目37-１ 文唱堂ビル B1F,https://bassontop.tokyo.jp/band/akihabara/,03-5825-4544,,0,5,4,105,S優先度記事×4|複数記事候補×5
ミルクスタジオ,〒101-0021 東京都千代田区外神田３丁目３-５ ヨシヰビル,https://milk-studio.jp/,03-6886-4333,,0,5,4,105,S優先度記事×4|複数記事候補×5
Hidemi Dancing Vida,〒141-0021 東京都品川区上大崎２丁目１０-３２ フラワープラザビル 202,https://www.yh-dancev.com/,03-6277-4775,,0,6,3,105,S優先度記事×3|複数記事候補×6|候補少記事に出現
渋谷 レンタルスタジオ スタジオミッション studio mission,〒150-0043 東京都渋谷区道玄坂２丁目２８-５ 2-10F 渋谷道玄坂ビル 秀永,http://www.studio-mission.com/,03-6823-4800,,0,5,4,105,S優先度記事×4|複数記事候補×5
池田山ノブレスレンタルスタジオ（五反田駅）,〒141-0022 東京都品川区東五反田５丁目２４-７ ノブレス池田山 B1階,https://ikedayama.studiosquare.jp/,03-5822-4050,,0,6,3,105,S優先度記事×3|複数記事候補×6|候補少記事に出現
Pole and Aerial Studio POLISH五反田,〒141-0031 東京都品川区西五反田１丁目５-２ トラヤビル 7階,https://www.polish-415.com/,03-6420-0535,,0,6,3,105,S優先度記事×3|複数記事候補×6|候補少記事に出現
スタジオブライト｜レンタル撮影スタジオ（完全予約制）,〒111-0051 東京都台東区蔵前４丁目３６-１３ タイルビル 4F,https://studiobright.co.jp/,,,0,6,3,105,S優先度記事×3|複数記事候補×6|候補少記事に出現
スタジオジパング 池袋スタジオSTANDARD 7F/8F,〒171-0021 東京都豊島区西池袋３丁目２９-９ 8F Ｃ３ビル 7F,https://studiozipang.com/,,,0,5,4,105,S優先度記事×4|複数記事候補×5
東急スポーツオアシス 青山,"〒107-0061 東京都港区北青山２丁目８-４４, Tepia, B2F",https://www.sportsoasis.co.jp/sh58/,03-5770-6109,,0,6,3,105,S優先度記事×3|複数記事候補×6|候補少記事に出現
natsu belly dance club,〒171-0022 東京都豊島区南池袋２丁目２２-４ フジキF2ビル,https://peraichi.com/landing_pages/view/nbdc,,,0,5,4,105,S優先度記事×4|複数記事候補×5
スタジオJBA,〒103-0011 東京都中央区日本橋大伝馬町１１-８ ＨＡＴビル B1F,https://studiojba.com/,03-6231-0638,,0,5,4,105,S優先度記事×4|複数記事候補×5
MCSpace,〒167-0053 東京都杉並区西荻南２丁目２５-６ 西荻プラザビル B1F,http://mcspace1.com/,03-5941-3065,,0,6,3,105,S優先度記事×3|複数記事候補×6|候補少記事に出現
NATURAglam 高円寺スタジオ,〒166-0003 東京都杉並区４５ 高円寺南４丁目４５-２ メインロードビル3階,http://www.naturaglam.com/koenji/,050-5307-3439,,0,5,4,105,S優先度記事×4|複数記事候補×5
NSH MAJOR RENTAL STUDIO,〒153-0051 東京都目黒区上目黒３丁目６-１８ TYビル9階 Tyビル,https://studiomajor.jp/,03-5734-1040,,0,5,4,105,S優先度記事×4|複数記事候補×5
ノアスタジオ 秋葉原店,〒101-0021 東京都千代田区外神田６丁目１４-８,https://www.noahstudio.jp/shop/akihabara/,03-5816-8383,,0,5,4,105,S優先度記事×4|複数記事候補×5
Z-RAHZ DANCE STUDIO,〒106-0046 東京都港区元麻布１丁目２-２,http://studio.z-rahz.com/,03-6434-9118,,0,6,3,105,S優先度記事×3|複数記事候補×6|候補少記事に出現
DL Studio,〒151-0053 東京都渋谷区代々木１丁目４５-４ 地下2階 代々木山陽ビル,http://www.instabase.jp/rooms/2630,,,0,5,4,105,S優先度記事×4|複数記事候補×5
TEDDY?S BALANCE,〒150-0034 東京都渋谷区代官山町１３-１ ログロード代官山 L３棟２F,https://ted-balance.com/,,,0,5,4,105,S優先度記事×4|複数記事候補×5
studio worcle shibuya,〒150-0031 東京都渋谷区桜丘町１４-１０ 地下１階,https://www.studioworcle.com/,03-6416-9393,,0,5,4,105,S優先度記事×4|複数記事候補×5
dスタ（レンタルスタジオ）,〒107-0062 東京都港区南青山２丁目２４-１５ 青山タワービル 15F,https://dstudio-dbs.com/,03-6804-5257,,0,6,3,105,S優先度記事×3|複数記事候補×6|候補少記事に出現
ACEスタジオ馬喰町日本橋,〒103-0003 東京都中央区日本橋横山町７-１９ イチオクビル 地下１階 7-19第３５,https://mestudio.tokyo/,090-1261-7939,,0,5,4,105,S優先度記事×4|複数記事候補×5
ARTIST DANCE STUDIO,〒150-0036 東京都渋谷区南平台町１-９ 南平台宝来ビル B1,https://artist-dance.jp/,,,0,5,4,105,S優先度記事×4|複数記事候補×5
VERONICA FIT,〒104-0032 東京都中央区八丁堀２丁目１９-６ ヤサカ八丁堀ビルB1,https://veronicafit.tokyo/,03-4288-8680,,0,5,3,100,S優先度記事×3|複数記事候補×5|候補少記事に出現
monoダンススタジオ-レンタル,〒304 東京都豊島区北大塚２丁目２-１３ JP 1700004 大塚シャトレー・トーコー 304号室,https://rental-dance-studio.com/ootsuka/kihon-jyouhou,,,0,5,3,100,S優先度記事×3|複数記事候補×5|候補少記事に出現
BRONX RENTAL STUDIO,〒155-0031 東京都世田谷区北沢２丁目５-１０,http://thebronx-dancestudio.com/,080-3081-8726,,0,5,3,100,S優先度記事×3|複数記事候補×5|候補少記事に出現
ノアスタジオ 都立大２号店,〒152-0031 東京都目黒区中根１丁目２-２ 1F 受付,https://www.noahstudio.jp/shop/toritsudai2/,03-3725-0010,,0,5,3,100,S優先度記事×3|複数記事候補×5|候補少記事に出現
ノアスタジオ 都立大店（ダンス・演劇）,〒152-0031 東京都目黒区中根１丁目７-２３ ＳＴビル,https://www.noahstudio.jp/shop/toritsudai/,03-3723-2011,,0,5,3,100,S優先度記事×3|複数記事候補×5|候補少記事に出現
NATURAglam 経堂スタジオ,〒156-0052 東京都世田谷区経堂１丁目２５-１８ 吉川水産ビル3階,https://www.naturaglam.com/kyodo/,050-5307-3439,,0,5,3,100,S優先度記事×3|複数記事候補×5|候補少記事に出現
レンタルスタジオKACHA,〒158-0097 東京都世田谷区用賀２丁目３８-１４ 天虎ビル 202,,,,0,5,3,100,S優先度記事×3|複数記事候補×5|候補少記事に出現
Ohana Room Studio新宿,〒162-0801 東京都新宿区山吹町３４４ LOGビル 2F,https://ohanaroom.jp/,,,0,5,3,100,S優先度記事×3|複数記事候補×5|候補少記事に出現
浅草スタジオ２２６,〒111-0033 東京都台東区花川戸２丁目２-６ エビスビル 7階,http://asakusastudio226.com/,03-6802-4499,,0,5,3,100,S優先度記事×3|複数記事候補×5|候補少記事に出現
レンタルスタジオマイレッスン 三軒茶屋店,〒154-0024 東京都世田谷区三軒茶屋１丁目３０-９,http://www.my-lesson.jp/,,,0,5,3,100,S優先度記事×3|複数記事候補×5|候補少記事に出現
ENCE Rental Studio 四谷三丁目【新宿エリアのレンタルスタジオ】,〒160-0017 東京都新宿区左門町１-１７ アパルトマン 四谷 102,http://encerentalstudio.com/,,,0,5,3,100,S優先度記事×3|複数記事候補×5|候補少記事に出現
スタジオ白猫屋 経堂R店,〒156-0052 東京都世田谷区経堂１丁目１１-１３ 長島ビル 3Ｆ,https://soyokaze-shironekoya.jp/kyodor.html,,,0,5,3,100,S優先度記事×3|複数記事候補×5|候補少記事に出現
スタジオマーティ 東京三田慶応 / STUDIO marty Tokyo Mita Keio,〒108-0073 東京都港区三田２丁目１４-４ １Ｆ,https://www.studiomarty.co.jp/tokyo-mitakeio/,03-6809-6565,,0,5,3,100,S優先度記事×3|複数記事候補×5|候補少記事に出現
マーティ株式会社,〒108-0073 東京都港区三田２丁目１４-４ 三田慶応ビジデンス１F,https://www.marty.co.jp/,03-6417-4422,,0,5,3,100,S優先度記事×3|複数記事候補×5|候補少記事に出現
池尻大橋レンタルスタジオY3,〒153-0043 東京都目黒区東山３丁目１-１９ メゾン池尻大橋 M.I.O Bldg 305,https://y3gym.com/,,,0,5,3,100,S優先度記事×3|複数記事候補×5|候補少記事に出現
HMVP大手町スタジオ,〒101-0047 東京都千代田区内神田１丁目７-１１ B2F,http://hmvp.net/,03-5283-1475,,0,5,3,100,S優先度記事×3|複数記事候補×5|候補少記事に出現
ムーンプレイス レンタルスタジオ蔵前,〒111-0043 東京都台東区駒形２丁目１-５ ３階,https://kashispace.com/room/detail?id=5058,,,0,5,3,100,S優先度記事×3|複数記事候補×5|候補少記事に出現
RAISE UP STUDIO 自由が丘 レンタルスタジオ,〒152-0035 東京都目黒区自由が丘１丁目３-22-B1,http://www.raiseup-studio.com/,03-6421-2448,,0,5,3,100,S優先度記事×3|複数記事候補×5|候補少記事に出現
スタジオアニマーダ,〒154-0024 東京都世田谷区三軒茶屋１丁目１６-８,https://animada8.wixsite.com/mysite-1/home,03-3418-3415,,0,5,3,100,S優先度記事×3|複数記事候補×5|候補少記事に出現
レンタルスタジオEVERGREEN,〒110-0005 東京都台東区上野３丁目２０-１０ 木下ビル3階,,03-6795-0837,,0,4,4,100,S優先度記事×4|複数記事候補×4
レンタルスタジオOLI,〒166-0004 東京都杉並区阿佐谷南１丁目１５-１４ サンフェリーペ 101号室,https://www.rentalstudio-oli.com/,,,0,5,3,100,S優先度記事×3|複数記事候補×5|候補少記事に出現
スタジオセンティード Studio SENTIDO（レンタルスタジオ）,〒155-0031 東京都世田谷区北沢２丁目１８-５ 地下１階,https://studiosentido.wixsite.com/rental,,,0,5,3,100,S優先度記事×3|複数記事候補×5|候補少記事に出現
スタジオハクーロ,〒155-0032 東京都世田谷区代沢２丁目４６ 三宅ビル,,03-3460-2568,,0,5,3,100,S優先度記事×3|複数記事候補×5|候補少記事に出現
ピアノスタジオノア 下北沢店,〒155-0031 東京都世田谷区北沢２丁目３４-８,https://www.grandpiano.jp/shimokita/,03-5738-0212,,0,5,3,100,S優先度記事×3|複数記事候補×5|候補少記事に出現
フラメンコスタジオアスール,〒141-0022 東京都品川区東五反田１丁目１８-４ B1 ＧＴＤイーストビル,http://www.aikoaoki.com/,03-3473-3435,,0,5,3,100,S優先度記事×3|複数記事候補×5|候補少記事に出現
下北沢 ヴィンテージスタジオ,〒155-0031 東京都世田谷区北沢２丁目２６-５ 伊澤ビル 3F,http://vintage.studiosquare.jp/,03-5822-4050,,0,5,3,100,S優先度記事×3|複数記事候補×5|候補少記事に出現
大井町店 レンタルスペースROOTS,〒140-0014 東京都品川区大井４丁目８-１１ L HOUSE 地下 一階,https://dancestudioroots.com/ooimachi/,,,0,5,3,100,S優先度記事×3|複数記事候補×5|候補少記事に出現
秋葉原レンタルスペース.東京,〒101-0021 東京都千代田区外神田５丁目５-７ パンセ秋葉原 B1F,https://www.akihabara-rental-space.tokyo/,03-6684-9954,,0,4,4,100,S優先度記事×4|複数記事候補×4
studio opus-スタジオ オープス-,〒140-0014 東京都品川区大井４丁目１-３ TOKOビル B1F,http://www.studio-opus.jp/,03-6410-7112,,0,5,3,100,S優先度記事×3|複数記事候補×5|候補少記事に出現
スタジオヴェロニカ,〒104-0032 東京都中央区八丁堀２丁目１９-６ ヤサカ八丁堀ビル B1,https://veronica.asia/,03-4288-8680,,0,5,3,100,S優先度記事×3|複数記事候補×5|候補少記事に出現
京橋ララサロン（KYOBASHI LALA SALON）,〒104-0032 東京都中央区八丁堀２丁目１９-６ ヤサカ八丁堀ビルB1,https://www.instabase.jp/space/2350926945,03-4288-8680,,0,5,3,100,S優先度記事×3|複数記事候補×5|候補少記事に出現
HARA Studio,〒162-0042 東京都新宿区早稲田町７４-１４ 地下1F S.T ビル,https://harastudio.wixsite.com/website,090-9001-1935,,0,5,3,100,S優先度記事×3|複数記事候補×5|候補少記事に出現
スペーススタジオ - Fresh!Studio,〒162-0041 東京都新宿区早稲田鶴巻町５７４ ＭＢＳ江戸川橋ビル 5階,http://freshspacestudio.site/,,,0,5,3,100,S優先度記事×3|複数記事候補×5|候補少記事に出現
ソニズレンタルスタジオ南阿佐ヶ谷店,〒166-0015 東京都杉並区成田東５丁目３９-１２ グローリーハイツ南阿佐ケ谷榎本 B1F,https://sonysdance.com/,,,0,5,3,100,S優先度記事×3|複数記事候補×5|候補少記事に出現
ソニズダンススタジオ南阿佐ヶ谷,〒166-0015 東京都杉並区成田東５丁目３９-１２,https://sonysdance.com/studio/m-m,03-5306-0711,,0,5,3,100,S優先度記事×3|複数記事候補×5|候補少記事に出現
ポールダンススタジオ Grace A,〒154-0024 東京都世田谷区三軒茶屋２丁目１４-１２ 三元ビル 403,http://www.poledance.jp/,03-3421-2836,,0,5,3,100,S優先度記事×3|複数記事候補×5|候補少記事に出現
?JDS 自由が丘のレンタルスタジオ,〒152-0035 東京都目黒区自由が丘１丁目３-２２ JSDスタジオ,http://jiyugaokastudio.com/,03-3718-9228,,0,5,3,100,S優先度記事×3|複数記事候補×5|候補少記事に出現
studio501,〒141-0032 東京都品川区大崎５丁目４-１２ 八重苅ビル,http://studio.5project.co.jp/,03-4405-9716,,0,5,3,100,S優先度記事×3|複数記事候補×5|候補少記事に出現
TONIC DANCE STUDIO 阿佐ヶ谷,〒166-0004 東京都杉並区阿佐谷南３丁目１-２１ 徳和ビル 地下1階,https://www.tonicdancestudio.com/asagaya,,,0,5,3,100,S優先度記事×3|複数記事候補×5|候補少記事に出現
スタジオ・ブリエ 四谷,〒160-0008 東京都新宿区四谷三栄町１２-２ 大久保ビル 1階,http://www.studio-brillia.com/,03-6380-0648,,0,5,3,100,S優先度記事×3|複数記事候補×5|候補少記事に出現
studio RADA,〒103-0022 東京都中央区日本橋室町１丁目１-５,http://www.studiorada.com/,,,0,5,3,100,S優先度記事×3|複数記事候補×5|候補少記事に出現
ダンススタジオANGELO★,〒152-0035 東京都目黒区自由が丘２丁目１６-２５ シグナルヒル B1,http://angelo123.com/blog/important_news/studiorentalinfo,03-3725-9341,,0,5,3,100,S優先度記事×3|複数記事候補×5|候補少記事に出現
STUDIO ELEVATE スタジオエレベート,〒154-0024 東京都世田谷区三軒茶屋２丁目１１-２４ サンタワーズＡ 棟401,https://studioelevate.amebaownd.com/,070-8478-3872,,0,5,3,100,S優先度記事×3|複数記事候補×5|候補少記事に出現
アルゼンチンタンゴ・ダンス チケ,〒160-0011 東京都新宿区若葉１丁目１-１ 2F,https://tangochique.com/,03-6384-2988,,0,5,3,100,S優先度記事×3|複数記事候補×5|候補少記事に出現
サムズダンススタジオ,〒158-0097 東京都世田谷区用賀４丁目１１-４ 福島第一ビル 2F,http://www.sams-ds.com/,03-3708-3945,,0,5,3,100,S優先度記事×3|複数記事候補×5|候補少記事に出現
レンタルスタジオ KeikoBa P,〒154-0004 東京都世田谷区太子堂２丁目３０-５ 地下一階,https://www.tehono.jp/keikoba-p,03-3487-5681,,0,5,3,100,S優先度記事×3|複数記事候補×5|候補少記事に出現
J's,〒158-0097 東京都世田谷区用賀３丁目２５-９,http://www.js-dance-studio.com/,03-3700-9728,,0,5,3,100,S優先度記事×3|複数記事候補×5|候補少記事に出現
CARDIO BARRE JIYUGAOKA (カーディオ・バー 自由が丘店),〒152-0035 東京都目黒区自由が丘２丁目１０-４ ミルシェ自由が丘 5階,https://cardio-barre.jp/lp/03/?utm_source=facebook&utm_medium=cpc&fbclid=IwAR3Kheu4QwOEsq_Vf6-cZeTgzJ1VLZ2eB-BkHUf42kUJQKr9BH3OyQwSaSg,03-5731-5670,,0,5,3,100,S優先度記事×3|複数記事候補×5|候補少記事に出現
アロハホヌアフラスタジオ&レンタルスタジオ経堂,〒156-0052 東京都世田谷区経堂１丁目５-６ パルファム経堂 B1,https://alohahonua.net/,090-1208-0802,,0,5,3,100,S優先度記事×3|複数記事候補×5|候補少記事に出現
貸し会議室 & 全国蕎麦製粉会館【JK Room 駒込】,〒170-0003 東京都豊島区駒込１丁目４０-４ 全国蕎麦製粉協同組合４０１ コンフォート駒込,https://jk-room.com/location.html#komagome,050-5372-4665,,0,5,3,100,S優先度記事×3|複数記事候補×5|候補少記事に出現
レンタルスタジオ 阿佐ヶ谷リノ,〒166-0015 東京都杉並区成田東５丁目２０-９,https://asagaya-lino.linovery.com/,,,0,5,3,100,S優先度記事×3|複数記事候補×5|候補少記事に出現
溶岩ホットヨガ LaLa Aasha（ララアーシャ）学芸大学,〒152-0004 東京都目黒区鷹番２丁目２０-６ Kh.01 3F,https://www.lalaaasha.jp/studios/gakugeidai/,03-5768-7768,,0,5,3,100,S優先度記事×3|複数記事候補×5|候補少記事に出現
Dancing Appaloosa ダンシング アパルーサ,〒152-0004 東京都目黒区鷹番３丁目４-１９ 江連ビル 3階 イズミダンススクール内,http://www.dancingappaloosa.com/,090-1696-0434,,0,5,3,100,S優先度記事×3|複数記事候補×5|候補少記事に出現
アトリエ エマーブル,〒158-0097 東京都世田谷区用賀３丁目１８-８ セントラルSOUI103,https://www.atelieraimable.com/,,,0,5,3,100,S優先度記事×3|複数記事候補×5|候補少記事に出現
リリィ スタジオ&カフェ レンタルカフェ,〒156-0052 東京都世田谷区経堂２丁目７-１４-１０２,,,,0,5,3,100,S優先度記事×3|複数記事候補×5|候補少記事に出現
三軒茶屋リーフスタジオ,〒154-0004 東京都世田谷区太子堂３丁目１４-８ 太子堂COMPLEX 3F 300号室,http://leaf.studiosquare.jp/,03-5822-4050,,0,5,3,100,S優先度記事×3|複数記事候補×5|候補少記事に出現
日暮里リーダンススタジオ,東京都荒川区西日暮里2-29-6秋山ビル301,https://liidance.square.site/,,https://dance-studio-lab.com/room/MjAxNTcyNmItYmQ2Ny00MmEzLWIyNjktODFkZmYxNGJiOTVh/detail,1,5,1,95,提携スタジオ|S優先度記事×1|複数記事候補×5
エストゥディオのりこ,〒105-0004 東京都港区１６ 東京都港区 2-16-1 340,http://estudio.lolipop.jp/,03-3591-5924,,0,7,3,95,S優先度記事×3|複数記事候補×7
FACTORYカレッタスタジオ,〒105-7001 東京都港区東新橋１丁目８-１ B2 カレッタスタジオ,https://www.factory-studio.jp/caretta/,03-6216-9710,,0,7,3,95,S優先度記事×3|複数記事候補×7
原宿ダンススタジオ SHIN RENTAL STUDIO,〒151-0051 東京都渋谷区千駄ケ谷３丁目６０-４ 地下1階,https://harajuku-rentalstudio.com/,,,0,7,3,95,S優先度記事×3|複数記事候補×7
レンタルスタジオ・レンタルスペース ZEAL STUDIOS,〒105-0004 東京都港区新橋３丁目５-１０ 新三ビル B1F,http://zeal-studios.com/?utm_source=google&utm_medium=map,03-3503-0288,,0,7,3,95,S優先度記事×3|複数記事候補×7
alt studio (オルトスタジオ),〒101-0051 東京都千代田区神田神保町１丁目64-３ 神保町ビル 6F,https://upnow.jp/Altstudio/jimbocho,090-1793-8220,,0,6,3,90,S優先度記事×3|複数記事候補×6
レンタルスペース リノスペcamp東京ドーム,〒101-0061 東京都千代田区神田三崎町２丁目１２-５ ニュー千代田ビル 3F-A,https://lin.ee/a6tOsHu,050-1808-7637,,0,6,3,90,S優先度記事×3|複数記事候補×6
ナ・ホク・オ・カヘアラニ フラ＆タヒチアン,〒107-0061 東京都港区北青山３丁目５-９ KAZU表参道 202号室,https://nahokuokahealanijp.com/,,,0,6,3,90,S優先度記事×3|複数記事候補×6
すむぞうスタジオ,〒150-0041 東京都渋谷区神南１丁目１１-５ ダイネス壱番館渋谷 B1,https://studio.sumuzo.info/,03-6712-7630,,0,6,3,90,S優先度記事×3|複数記事候補×6
レンタル撮影スタジオDOLLY飯田橋1号店,〒102-0072 東京都千代田区飯田橋３丁目６-６ 港屋ビル 2F,https://studio-dolly.com/studio/iidabashi1/?utm_source=map,050-3196-4992,,0,6,3,90,S優先度記事×3|複数記事候補×6
Pole and Aerial Studio Polish 銀座店,〒104-0061 東京都中央区銀座７丁目８-１３ Brown Place 3階,https://www.polish-415.com/,03-5412-2555,,0,6,3,90,S優先度記事×3|複数記事候補×6
ミライスタジオ上野,〒110-0003 東京都台東区根岸１丁目５-１３,https://studio-mirai55.com/,,,0,6,3,90,S優先度記事×3|複数記事候補×6
レンタルスタジオ Starshine,〒107-0061 東京都港区北青山３丁目５ 9KAZU表参道 202,https://nahokuokahealanijp.com/alohayoga/,03-6455-0264,,0,6,3,90,S優先度記事×3|複数記事候補×6
渋谷RIZEスタジオ,〒150-0041 東京都渋谷区神南１丁目１３-４ Idoビル 2階A号室,http://shibuya-rize.com/,080-3095-0108,,0,6,3,90,S優先度記事×3|複数記事候補×6
『bco』 Private lesson/salon,〒150-0001 東京都渋谷区神宮前１丁目２１-１５ 2F奥 ナポレ原宿,http://bobbyconditioning.com/,,,0,6,3,90,S優先度記事×3|複数記事候補×6
銀座スタジオ ルアン,〒104-0061 東京都中央区銀座８丁目１０-２ ルアンビル 11階,https://rentalstudio.ruan.co.jp/,,,0,6,3,90,S優先度記事×3|複数記事候補×6
KBAバレエスタジオ御茶ノ水,〒113-0034 東京都文京区湯島１丁目１２-６ 地下1F 高関ビル,https://ballet-kba.com/,03-3772-3426,,0,6,3,90,S優先度記事×3|複数記事候補×6
"in the house / Shibuya ""Gallery""",〒150-0001 東京都渋谷区神宮前６丁目２３-１２,https://inthehouse.tokyo/,,,0,6,3,90,S優先度記事×3|複数記事候補×6
第一ホテル東京 フィットネス&アクアゾーン,〒100-0011 東京都千代田区内幸町１丁目５-３ 新幸橋ビルディング ビル内,https://www.hankyu-hotel.com/hotel/dh/dhtokyo/contents/refacilities?utm_source=googlemybusiness&utm_medium=organic,03-3596-7740,,0,6,3,90,S優先度記事×3|複数記事候補×6
BUZZ レンタルスタジオ 上野店,〒110-0003 東京都台東区根岸３丁目６-３ 小林ビル 地下1階,,,,0,6,3,90,S優先度記事×3|複数記事候補×6
スタジオ レンズマン青山,〒107-0062 東京都港区南青山２丁目１０-１１ 南青山パールハイム 1F,http://lensman.jp/,03-6804-1241,,0,5,3,85,S優先度記事×3|複数記事候補×5
株式会社ZERO CREATION（Dance Studio FOCUS）,〒166-0003 東京都杉並区高円寺南５丁目３５-１５,http://dancestudio-focus.com/,03-6304-9061,,0,5,3,85,S優先度記事×3|複数記事候補×5
Pole Dance Tokyo ポールダンス東京,〒107-0052 東京都港区赤坂３丁目１６-８ 東海アネックスビルB1,http://www.poledancetokyo.com/,03-5941-8998,,0,5,3,85,S優先度記事×3|複数記事候補×5
PLUS DANCE STUDIO,〒169-0075 東京都新宿区高田馬場４丁目１４-４,http://plus-dance-studio.com/,03-6908-6822,,0,5,3,85,S優先度記事×3|複数記事候補×5
スタジオ レセルバ,〒107-0052 東京都港区赤坂３丁目２１-１４ TS共和六番館地下一階,,03-6426-5858,,0,5,3,85,S優先度記事×3|複数記事候補×5
emotionS Dance Studio,〒180-0006 東京都武蔵野市中町１丁目２５-１０ 三祐ビル B1F,http://dance-studio-emotions.com/,080-9215-5325,,0,6,2,85,S優先度記事×2|複数記事候補×6|候補少記事に出現
高円寺 フェニックス レンタルスタジオ,〒166-0003 東京都杉並区高円寺南２丁目５３-１,https://phoenix.studiosquare.jp/,03-5822-4050,,0,5,3,85,S優先度記事×3|複数記事候補×5
ノアスタジオ 中野店,"〒164-0001 東京都中野区中野３丁目３９-２, Nakano Noah Building, B1",https://www.noahstudio.jp/shop/nakano/,03-6304-8606,,0,5,3,85,S優先度記事×3|複数記事候補×5
ACFit 赤坂見附スタジオ,〒107-0052 東京都港区赤坂３丁目４-３ 赤坂マカベビル B1F,,03-3560-9212,,0,5,3,85,S優先度記事×3|複数記事候補×5
BUZZ SHIBUYA店,〒150-0042 東京都渋谷区宇田川町４-１０ 宇田川町ビル B1～3F,,03-6907-2144,,0,5,3,85,S優先度記事×3|複数記事候補×5
ソニズレンタルスタジオ東高円寺店,〒166-0003 東京都杉並区高円寺南１丁目６-５ 高円寺サマリヤマンション 松屋の隣,https://sonysdance.com/,,,0,5,3,85,S優先度記事×3|複数記事候補×5
BUZZ関内,神奈川県横浜市中区太田町1-18-2関内エスビル B1,,,https://dance-studio-lab.com/room/OWEzMTEwNDEtMjc2Yi00NzA0LTk0NmMtYTU1NGNhNTY4YTM3/detail,1,3,1,85,提携スタジオ|S優先度記事×1|複数記事候補×3
Nari Gym (ナリジム),〒107-0052 東京都港区赤坂３丁目14番9号 赤坂清水ビル 2F,https://beauty.hotpepper.jp/kr/slnH000588196/,03-6277-7369,,0,5,3,85,S優先度記事×3|複数記事候補×5
スタジオキャンパス 高田馬場店,〒169-0075 東京都新宿区高田馬場４丁目２９-１ B1F,https://st-campus.net/baba/,,,0,5,3,85,S優先度記事×3|複数記事候補×5
ハレスタジオ参宮橋,〒151-0053 東京都渋谷区代々木４丁目２８-８ 代々木村田マンション 509,,090-3874-1762,,0,5,3,85,S優先度記事×3|複数記事候補×5
レンタルスタジオ HIKARI 高田馬場,〒169-0075 東京都新宿区高田馬場４丁目４-１ M-haus B.L.D 3階,https://hikari-studio.net/,050-3196-4716,,0,5,3,85,S優先度記事×3|複数記事候補×5
ダンススペース ベースオントップ高田馬場店,〒169-0075 東京都新宿区高田馬場１丁目３３-１４ サンフラワービル 3F,https://bassontop.tokyo.jp/dance/,03-6273-8587,,0,5,3,85,S優先度記事×3|複数記事候補×5
FEELCYCLE 六本木,〒106-0032 東京都港区六本木６丁目４-１ ヒルズ ハリウッドプラザ 3F,https://www.feelcycle.com/studios/rpg/?utm_source=google&utm_medium=gbp&utm_content=RPG&utm_campaign=google_gbp_RPG,,,0,5,3,85,S優先度記事×3|複数記事候補×5
レンタルスタジオマイレッスン 新宿御苑前,〒160-0022 東京都新宿区新宿１丁目１７-１,https://www.my-lesson.jp/,,,0,5,3,85,S優先度記事×3|複数記事候補×5
レンタルスタジオAivic元町中華街,神奈川県横浜市中区山下町25-16 ニューポートビル202,https://www.aivic.jp/wp/studio-chukagai/,,https://dance-studio-lab.com/room/MDE1MGRkYjEtNjcxMS00Njg1LTg2YmQtODBjODQxZmFlYjg0/detail,1,3,1,85,提携スタジオ|S優先度記事×1|複数記事候補×3
レンタルスタジオ,〒150-0013 東京都渋谷区恵比寿３丁目９-１５ 4階,http://studioespec.jp/,080-5687-9683,,0,5,3,85,S優先度記事×3|複数記事候補×5
御茶ノ水 レンタルスタジオ,〒101-0062 東京都千代田区神田駿河台２丁目６-１５ ４Ｆ,https://ochanomizu.inforent.jp/,03-5822-4050,,0,5,3,85,S優先度記事×3|複数記事候補×5
恵比寿ガーデンプレイス,〒150-0013 東京都渋谷区恵比寿４丁目２０,https://gardenplace.jp/,03-5423-7111,,0,5,3,85,S優先度記事×3|複数記事候補×5
SHOJIN Show-Base Tokyo,〒169-0075 東京都新宿区高田馬場４丁目１１-10VORT Briller4F SHOJIN Show-Base Tokyo,https://shojin-enter-labo.work/,,,0,5,3,85,S優先度記事×3|複数記事候補×5
STUDIO LIKEMAD,〒150-0042 東京都渋谷区宇田川町１１-２ 宇田川柳光ビル B1,https://www.studiolikemad.tokyo/,03-6455-2924,,0,5,3,85,S優先度記事×3|複数記事候補×5
EXスタジオ麹町,〒102-0083 東京都千代田区麹町２丁目２-４ 麹町セントラルビル 5階,,050-1743-6868,,0,5,3,85,S優先度記事×3|複数記事候補×5
Estudio ILIA FLAMENCA,〒101-0051 東京都千代田区神田神保町１丁目２５-４ 神保町ビル B1 SH神田南,https://www.ilia-f.com/,03-5577-6818,,0,5,3,85,S優先度記事×3|複数記事候補×5
DAYS赤坂見附,〒107-0052 東京都港区赤坂３丁目９-１ 紀陽 ビル,https://days-akasaka.tokyo/,03-3584-5011,,0,5,3,85,S優先度記事×3|複数記事候補×5
白金台恵比寿ミュージックスタジオ,〒108-0071 東京都港区白金台５丁目２-５ 502,,050-3196-9973,,0,5,3,85,S優先度記事×3|複数記事候補×5
レンタルスタジオ 301,〒160-0021 東京都新宿区歌舞伎町２丁目８-１２ 新宿グリーンプラザ 301号,,,,0,5,3,85,S優先度記事×3|複数記事候補×5
レンタルスタジオ,〒150-0013 東京都渋谷区恵比寿３丁目９-１５ 4階,http://hula-tahiti.com/rental-studio/,03-6277-1754,,0,5,3,85,S優先度記事×3|複数記事候補×5
女性専用フィットネスジム ミットネス 赤坂店,〒107-0052 東京都港区赤坂４丁目３-６ ヒューリック赤坂一ツ木通ビル 3階,https://mittness.jp/shop-akasaka/?utm_source=google&utm_medium=map&utm_campaign=akasaka,03-6277-7791,,0,5,3,85,S優先度記事×3|複数記事候補×5
ノアスタジオ 赤坂店,〒107-0052 東京都港区赤坂３丁目１３-１２ 受付は隣のビル2Fとなります,https://www.noahstudio.jp/shop/akasaka/,03-3589-6211,,0,5,3,85,S優先度記事×3|複数記事候補×5
新宿御苑前スタジオ,〒160-0022 東京都新宿区新宿１丁目１３-１２ FIRST bldg 地下1階 FIRST Bldg.,https://www.studio-barbie.jp/06/,03-6822-3000,,0,5,3,85,S優先度記事×3|複数記事候補×5
新宿・大久保マイックル,〒169-0073 東京都新宿区百人町１丁目１９-２３,http://maikkuru.com/,03-5937-2345,,0,5,3,85,S優先度記事×3|複数記事候補×5
スタジオハイシー,〒160-0023 東京都新宿区西新宿３丁目２-２７ 第7 7 オーチュー B1階,https://studio-hide-and-seek.co.jp/,,,0,5,3,85,S優先度記事×3|複数記事候補×5
スタジオタップ７２,〒150-0002 東京都渋谷区渋谷１丁目９-5 B2F ナスタックビル,http://www.studiotap72.com/,03-3406-0728,,0,5,3,85,S優先度記事×3|複数記事候補×5
Pole and Aerial Studio POLISH六本木,〒106-0032 東京都港区六本木７丁目１２-３,http://www.polish-415.com/,03-5412-2555,,0,5,3,85,S優先度記事×3|複数記事候補×5
Rinky Dink Studio 中野店,〒164-0001 東京都中野区中野２丁目２５-２ トビタビル ２階,https://rinky.info/studio/nakano/,03-5385-0354,,0,5,3,85,S優先度記事×3|複数記事候補×5
Rinky Dink Studio お茶の水 神保町店,〒101-0051 東京都千代田区 アイピー第1ビル 6F・7F・8F 神田神保町1-2-12,https://rinky.info/studio/ochanomizu/,03-3294-6909,,0,5,3,85,S優先度記事×3|複数記事候補×5
ヒカリババダンスカンパニー,〒171-0031 東京都豊島区目白２丁目１２-４,https://hikaribaba.com/,,,0,5,3,85,S優先度記事×3|複数記事候補×5
ミライスタジオ御茶ノ水,〒101-0062 東京都千代田区神田駿河台２丁目４-２,https://studio-mirai55.com/,,,0,5,3,85,S優先度記事×3|複数記事候補×5
Hina STUDIO（ヒナスタジオ）【目黒スタジオ】,東京都渋谷区神宮前6-23-11 パークサイドハイツ303,https://hinastudio.jp/,,,0,5,3,85,S優先度記事×3|複数記事候補×5
レンタルスタジオ HIKARI 東高円寺,〒166-0012 東京都杉並区和田３丁目５９-１０ エレガンス東高円寺 101号室,https://hikari-studio.net/,050-3196-4716,,0,5,3,85,S優先度記事×3|複数記事候補×5
レンタルスタジオ HIKARI 新宿三丁目,〒160-0021 東京都新宿区歌舞伎町２丁目８-１２ グリーンプラザ 203,https://hikari-studio.net/,050-3196-4716,,0,5,3,85,S優先度記事×3|複数記事候補×5
レンタルスタジオ「Ten（テン）」,〒160-0021 東京都新宿区歌舞伎町２丁目８-１２ 新宿グリーンプラザ 303号,,,,0,5,3,85,S優先度記事×3|複数記事候補×5
スタジオジパング 目白スタジオPRO,〒171-0031 東京都豊島区目白３ 5-13 地下1階,https://studiozipang.com/,,,0,5,3,85,S優先度記事×3|複数記事候補×5
レンタルスタジオSunny 高田馬場1号店,〒169-0075 東京都新宿区高田馬場４丁目１-５ 5F,https://11dance.com/,,,0,5,3,85,S優先度記事×3|複数記事候補×5
レンタルスタジオ YOGA SPICE 神保町,〒101-0065 東京都千代田区西神田２丁目３-２ 牧ビル 402号室,https://yogaspice.jp/,,,0,5,3,85,S優先度記事×3|複数記事候補×5
EyeCandyポールダンス秋葉原スタジオ,〒101-0021 東京都千代田区外神田２丁目１-１３,http://www.eyecandypole.com/,03-3525-4890,,0,5,3,85,S優先度記事×3|複数記事候補×5
演劇稽古場ファンファーレレンタルスタジオ高田馬場,〒169-0075 東京都新宿区高田馬場１丁目２１-４ 第５三池ビル B１F,https://atelier-fanfare.jp/,03-6205-9436,,0,5,3,85,S優先度記事×3|複数記事候補×5
DＡNCE Studio LEON 多目的スタジオ レオン,〒160-0022 東京都新宿区新宿５丁目１７-６ 201,http://lilly-company.com/,090-9101-3317,,0,5,3,85,S優先度記事×3|複数記事候補×5
渡辺雅子フラメンコラコンチャ,〒160-0022 東京都新宿区新宿２丁目１-３ 1F,https://www.masako-watanabe.net/,090-6659-1031,,0,5,3,85,S優先度記事×3|複数記事候補×5
アクセ・スタジオ,〒169-0075 東京都新宿区高田馬場４丁目１-７,http://accestudio.com/,03-3371-5222,,0,5,3,85,S優先度記事×3|複数記事候補×5
レンタルスペース「301」,〒160-0021 東京都新宿区歌舞伎町２丁目８-１２ 新宿グリーンプラザ 301号,,,,0,5,3,85,S優先度記事×3|複数記事候補×5
Studio.m 新宿レンタルスタジオ,〒160-0022 東京都新宿区新宿５丁目１５?号２ 池与ビル ２０３,https://studioaqua88.wixsite.com/my-site,,,0,5,3,85,S優先度記事×3|複数記事候補×5
STUDIOFLAG高田馬場2号店,〒169-0075 東京都新宿区高田馬場２丁目１１-１ YOKE2ビル 地下1F,https://studioflaginfo.com/,03-6823-1404,,0,5,3,85,S優先度記事×3|複数記事候補×5
BUZZ レンタルスタジオ赤坂店,〒107-0052 東京都港区赤坂２丁目１３-２０ Tsumugi ビル,,,,0,5,3,85,S優先度記事×3|複数記事候補×5
たにどうダンスワールド,〒107-0052 東京都港区赤坂３丁目９-４ 赤坂扇やビル 4階,http://www.tanido-dance.com/,03-3583-1788,,0,5,3,85,S優先度記事×3|複数記事候補×5
セミナールーム茅場町 Co-Edo 3F 貸会議室,〒104-0033 東京都中央区新川１丁目３-４ ＰＡビル3F,https://seminar.coworking.tokyo.jp/,03-5542-0470,,0,5,3,85,S優先度記事×3|複数記事候補×5
Dubwayレンタルスタジオ大久保,東京都新宿区百人町3-15-8,,,https://dance-studio-lab.com/room/YTIzMjllOTEtNzlhMy00YjBiLTgwMDctMGNhMDNkOTgwNDFh/detail,1,3,1,85,提携スタジオ|S優先度記事×1|複数記事候補×3
モダミカ アートプラザ,〒169-0075 東京都新宿区高田馬場１丁目３４-１２,http://www.modamica.jp/,03-3200-8939,,0,5,3,85,S優先度記事×3|複数記事候補×5
モダン出版株式会社,〒113-0034 東京都文京区湯島３丁目１２-１１,https://www.danceview.co.jp/,03-5812-1055,,0,5,3,85,S優先度記事×3|複数記事候補×5
FLASHスタジオ,〒150-0002 東京都渋谷区渋谷１丁目１０-２ グローリア宮益坂III 東館 3F,https://www.flash-studio.tokyo/,,,0,5,3,85,S優先度記事×3|複数記事候補×5
神楽坂バレエクラス,〒162-0825 東京都新宿区神楽坂３丁目２,http://kagurazaka-ballet.com/,090-9845-9695,,0,5,3,85,S優先度記事×3|複数記事候補×5
中野ロフトスタジオ～nakano f～,〒164-0001 東京都中野区中野５丁目４６-１０,https://nakanof.jp/,03-6276-3917,,0,5,3,85,S優先度記事×3|複数記事候補×5
ZITA アルゼンチンタンゴ,"Tokyo, 塚原ビル 4F, ２丁目-２７-２ 上大崎 品川区 東京都 141-0021",https://www.laestacion.jp/,080-6660-6864,,0,5,3,85,S優先度記事×3|複数記事候補×5
高円寺・中野レンタルダンススタジオEmotions,〒166-0002 東京都杉並区高円寺北１丁目３-２,https://studio-emotions.com/,03-6382-5933,,0,5,3,85,S優先度記事×3|複数記事候補×5
中野 レンタルスタジオ オドリバ,〒164-0001 東京都中野区中野５丁目３２-６ 中野城西ビル B-7号室,https://nakano-odoriba.com/,,,0,5,3,85,S優先度記事×3|複数記事候補×5
スタジオジパング 新宿スタジオPRO,"ニューローレルビル ニューローレルビル地下1階, １丁目-３４-１１ 新宿 新宿区 東京都 160-0022",https://studiozipang.com/,,,0,5,3,85,S優先度記事×3|複数記事候補×5
高円寺フェニックススタジオ,〒166-0003 東京都杉並区５３ 高円寺南2-53-1 FLAT・KOU1階,http://phoenix.studiosquare.jp/,03-5822-4050,,0,5,3,85,S優先度記事×3|複数記事候補×5
高田馬場 ペガサス,〒171-0033 東京都豊島区高田３丁目１３-８ 吉見ビル 2F,https://pegasus.studiosquare.jp/,03-5822-4050,,0,5,3,85,S優先度記事×3|複数記事候補×5
studio arty 高田馬場,〒169-0075 東京都新宿区高田馬場３丁目５-３ 第90東京ビル ２F,https://studio-arty.com/,080-1252-3188,,0,5,3,85,S優先度記事×3|複数記事候補×5
六本木 フォルトゥーナ,〒106-0032 東京都港区六本木７丁目１２-２３ フォルトゥーナビル 3A,https://roppongi.studiosquare.jp/,03-5822-4050,,0,5,3,85,S優先度記事×3|複数記事候補×5
六本木 レンタルスタジオ 十五夜,〒106-0032 東京都港区六本木５丁目１０-３２ 第一アイトービル別館2F,https://jugoya.studiosquare.jp/,03-5822-4050,,0,5,3,85,S優先度記事×3|複数記事候補×5
"マイレッスン 新宿A,Bスタジオ",〒160-0022 東京都新宿区新宿１丁目１３-１２,http://www.my-lesson.jp/,,,0,5,3,85,S優先度記事×3|複数記事候補×5
ベストスタジオ中野,〒164-0001 東京都中野区中野５丁目４６ 9ABCハウス 101,https://beststudio.jp/,,,0,5,3,85,S優先度記事×3|複数記事候補×5
ＴＲＢタップダンススタジオ,〒101-0032 東京都千代田区岩本町１丁目１-６,http://trbtap.com/,03-3861-5144,,0,4,3,80,S優先度記事×3|複数記事候補×4
蒲田COZYレンタルダンススタジオ,〒144-0052 東京都大田区蒲田５丁目６-１２ イワシタビル 2F,https://cozy.studiosquare.jp/,03-5822-4050,,0,5,2,80,S優先度記事×2|複数記事候補×5|候補少記事に出現
レンタルスタジオ/ステップ東村山１号店,〒189-0013 東京都東村山市栄町１丁目３-３２ ビュー久米川 201号室,https://tokyo-step.space/,080-6885-7536,,0,5,2,80,S優先度記事×2|複数記事候補×5|候補少記事に出現
ダンススクエア 葛西スタジオ,〒134-0084 東京都江戸川区東葛西６丁目２-１０ 森ビル 7階,http://d-s-u-s.com/,,,0,5,2,80,S優先度記事×2|複数記事候補×5|候補少記事に出現
ダンススタジオ ファンデーション 東中野落合校,〒164-0003 東京都中野区東中野３丁目１６-１４ 小谷ビル １Ｆ,http://www.fun-d-tion.net/,03-3362-2688,,0,4,3,80,S優先度記事×3|複数記事候補×4
BUZZ レンタルスタジオ 秋葉原店,〒101-0032 東京都千代田区岩本町２丁目６-１２ 曙ビル B1,,,,0,4,3,80,S優先度記事×3|複数記事候補×4
レンタルスタジオ/ステップ東村山２号店,〒189-0013 東京都東村山市栄町１丁目10-２３,https://tokyo-step.space/,080-6885-7536,,0,5,2,80,S優先度記事×2|複数記事候補×5|候補少記事に出現
スタジオ阿弥陀,〒110-0004 東京都台東区下谷１丁目８-２０ 長松寺,http://www7b.biglobe.ne.jp/~matte/index.html,03-3844-5949,,0,4,3,80,S優先度記事×3|複数記事候補×4
スタジオ階梯-空-,〒171-0052 東京都豊島区南長崎５丁目１４-２ ヤマザキビル 地下1階,https://studio-kaitei.e-w-arts.biz/,03-5906-5588,,0,4,3,80,S優先度記事×3|複数記事候補×4
ダンスカレッジ古都,〒171-0042 東京都豊島区高松１丁目６-２,https://www.dance-koto.com/,03-5926-9355,,0,4,3,80,S優先度記事×3|複数記事候補×4
レンタルスタジオ マイレッスン 立川店,〒190-0023 東京都立川市柴崎町２丁目６-３ まるごビル,https://www.my-lesson.jp/,,,0,5,2,80,S優先度記事×2|複数記事候補×5|候補少記事に出現
レンタルスタジオ モエギ市ヶ谷 ヨガダンスストレッチサロン Moegi市ヶ谷,〒102-0073 東京都千代田区九段北４丁目１-１５ MT市ヶ谷 201,https://upnow.jp/fukufuku-meetingroom,,,0,4,3,80,S優先度記事×3|複数記事候補×4
Studio Sun-Sea,〒124-0006 東京都葛飾区堀切４丁目１１-２ 堀学ビル 302号室,https://studiorentalspace-sun-sea.com/,,,0,5,2,80,S優先度記事×2|複数記事候補×5|候補少記事に出現
TRINITY DANCE CENTER桜上水校,〒168-0073 東京都杉並区下高井戸１丁目１８-１６ 桜上水ビル 1F KORG,https://tdc-kids.com/,03-6379-3817,,0,4,3,80,S優先度記事×3|複数記事候補×4
U210 【立川レンタルダンススタジオ】,〒190-0022 東京都立川市錦町２丁目２-２８ ＹＳ立川第二ビル １階,https://www.studiou210.com/,070-6484-1881,,0,5,2,80,S優先度記事×2|複数記事候補×5|候補少記事に出現
Tap Dance Company Freiheit,〒185-0011 東京都国分寺市本多１丁目１-２０ Cross Stair B,https://www.tdc-freiheit.com/,042-307-8733,,0,5,2,80,S優先度記事×2|複数記事候補×5|候補少記事に出現
個室レンタルジム AllDayGym 松陰神社店,〒154-0023 東京都世田谷区若林４丁目１７-１２ プルミエール松陰神社 202,https://www.all-day-gym.com/,,,0,4,3,80,S優先度記事×3|複数記事候補×4
レンタルスタジオ スタジオザルツ,〒157-0065 東京都世田谷区上祖師谷１丁目３６-５ ル・クレール 地下一階,https://studio-salz.com/chitokara/,,,0,4,3,80,S優先度記事×3|複数記事候補×4
レンタルスタジオ STUDIO ZERO 町田ターミナル口店,〒194-0013 東京都町田市原町田４丁目７-３ 内藤ビル 地下1階B5号室,https://zero-studio.jp/machida/,050-3205-1194,,0,5,2,80,S優先度記事×2|複数記事候補×5|候補少記事に出現
FLAG POINT,〒171-0043 東京都豊島区２１ 豊島区要町1丁目21-10 三井ビル2F,http://www.flag-point.com/,03-5926-7813,,0,4,3,80,S優先度記事×3|複数記事候補×4
BillionDance,〒542-0084 大阪府大阪市中央区宗右衛門町１-２７ ゴールドウッズミッテラビルB1F,https://sites.google.com/view/billiondance/,080-6313-7665,,0,4,3,80,S優先度記事×3|複数記事候補×4
レンタルスタジオ アーマーズピンクドア,〒171-0051 東京都豊島区長崎４丁目９-５ 地下1階 フェイマスショップビル,http://planet-hand.com/,03-5964-0032,,0,4,3,80,S優先度記事×3|複数記事候補×4
タップダンススタジオ,〒153-0051 東京都目黒区上目黒１丁目５-１０ 中目黒マンションB1F?10号室,https://www.instagram.com/kaztapstudio?igsh=MXNhdG1rOG81OGUwNw%3D%3D&utm_source=qr,03-6906-6076,,0,4,3,80,S優先度記事×3|複数記事候補×4
タイムズ東京タワーサイド第２,〒105-0011 東京都港区芝公園４丁目４,https://times-info.net/P13-tokyo/C103/park-detail-BUK0032408/?utm_source=detail&utm_medium=map&utm_campaign=mybusiness,,,0,5,2,80,S優先度記事×2|複数記事候補×5|候補少記事に出現
magari 中野坂上スタジオ,〒164-0011 東京都中野区中央１丁目１-３ 新都心中央ビル B1,https://cafe-magari.com/,070-6630-7215,,0,4,3,80,S優先度記事×3|複数記事候補×4
ノアスタジオ 池袋店,〒170-0013 東京都豊島区東池袋１丁目３０-６ B1F-B2F,https://www.noahstudio.jp/shop/ikebukuro/,,,0,4,3,80,S優先度記事×3|複数記事候補×4
Studio ROZE (スタジオロゼ） レンタルスタジオ ヨガスタジオ 整体サロン 池袋 安い,〒171-0014 東京都豊島区池袋２丁目１１-９ 安藤ビル 305,https://www.instabase.jp/space/9053717528,090-9101-7296,,0,4,3,80,S優先度記事×3|複数記事候補×4
"in the house / Hatagaya ""Shack""",〒101 東京都渋谷区幡ケ谷２丁目８-１５ JP 151-0072 KODAビル B1F,https://inthehouse.tokyo/hatagaya/,,,0,4,3,80,S優先度記事×3|複数記事候補×4
studio worcle shinjuku-gyoen,〒160-0004 東京都新宿区四谷４丁目３２-４ B1 B2,http://www.studioworcle.com/gyoen/,03-6273-1270,,0,4,3,80,S優先度記事×3|複数記事候補×4
studio RhythMoon（スタジオ・リズムーン）,〒167-0022 東京都杉並区下井草５丁目１６-９,http://www.studiorhythmoon.com/,,,0,4,3,80,S優先度記事×3|複数記事候補×4
三鷹レンタルスタジオRin,〒181-0013 東京都三鷹市下連雀３丁目２３-１２ アージェントビル 402,https://dance-studio-rin.com/,,,0,5,2,80,S優先度記事×2|複数記事候補×5|候補少記事に出現
studio SLASH,〒151-0064 東京都渋谷区上原１丁目２１-１０ B1,http://slash-jpn.com/studio/,,,0,4,3,80,S優先度記事×3|複数記事候補×4
国分寺 プレイス レンタルスタジオ,〒185-0021 東京都国分寺市南町３丁目３-２０ ロイヤルプレイス南町 B1,https://kokubunji.studiosquare.jp/,03-5822-4050,,0,5,2,80,S優先度記事×2|複数記事候補×5|候補少記事に出現
大人バレエMiho Ballet Arts下高井戸,〒168-0073 東京都杉並区下高井戸１丁目２-１３ 山口ビル 杉並だんすアトリウム,http://miho-arts.com/,03-6825-2729,,0,4,3,80,S優先度記事×3|複数記事候補×4
studio 空:k?,〒101-0044 東京都千代田区鍛冶町２丁目５-４ Crea神田ビル,https://www.instabase.jp/space/5734550284?cat=salon,,,0,4,3,80,S優先度記事×3|複数記事候補×4
ドリーム・パフェ・スタジオ,〒150-0012 東京都渋谷区広尾５丁目１１-１１ 福地ビル,http://dreamparfait.com/,03-5795-0132,,0,4,3,80,S優先度記事×3|複数記事候補×4
石原ダンスクラブ 本店,〒160-0004 東京都新宿区四谷１丁目６-１,http://www.ishiharadance.jp/,03-3357-6383,,0,4,3,80,S優先度記事×3|複数記事候補×4
舞空間ばくdance studio,〒134-0083 東京都江戸川区中葛西中葛西５丁目３４-７ 昭 産 ビル ７F,http://baku-studio.com/,03-6906-8946,,0,5,2,80,S優先度記事×2|複数記事候補×5|候補少記事に出現
アックミーエアリアルスタジオ ACME AERIAL STUDIO 36,〒168-0064 東京都杉並区永福４丁目８-１４,https://www.acmejapan54.com/,03-6754-8505,,0,4,3,80,S優先度記事×3|複数記事候補×4
Starnite Dance Studio,〒260-0013 千葉県千葉市中央区中央３丁目４-１７ Gaビル 3F,https://www.starnite-danceschool.com/,043-224-6160,,0,4,3,80,S優先度記事×3|複数記事候補×4
大泉学園ノートル,"練馬区東大泉６丁目ー３４－４５ SKビルⅡ ２階 ３４, ３４ 練馬区 東京都 178-0063",https://oizumi.studiosquare.jp/,03-5822-4050,,0,5,2,80,S優先度記事×2|複数記事候補×5|候補少記事に出現
すむぞうスタジオ 渋谷公園通りスタジオPINK&BLUE(ピンクアンドブルー),〒150-0042 東京都渋谷区宇田川町１９-５ 山手マンション 604,,,,0,4,3,80,S優先度記事×3|複数記事候補×4
大谷哲章バレエスタジオアプロン,〒164-0011 東京都中野区中央２丁目８-２１,,03-5338-8303,,0,4,3,80,S優先度記事×3|複数記事候補×4
天空MURAダンススタジオStudioStyle+,〒160-0023 東京都新宿区西新宿６丁目１２-１６,https://studiostyle.jp/tenku-dance-studio/,090-8306-7493,,0,4,3,80,S優先度記事×3|複数記事候補×4
TBY-studio,〒171-0014 東京都豊島区池袋２丁目３６-２,http://tby-studio.com/,03-3985-6777,,0,4,3,80,S優先度記事×3|複数記事候補×4
Zsa Zsa Zsu Dance Studio ザザズ,〒112-0014 東京都文京区関口１丁目４８-５ 第２榎本ビル 2階,https://zsazsazsu-studio.com/,03-5579-2424,,0,5,2,80,S優先度記事×2|複数記事候補×5|候補少記事に出現
Zsa Zsa Zsu Studio,〒112-0014 東京都文京区関口１丁目６-９ 川田ビル 1階,https://zsazsazsu-studio.com/,03-5579-2424,,0,5,2,80,S優先度記事×2|複数記事候補×5|候補少記事に出現
中目黒 ブロードウェイレンタルスタジオ,〒153-0051 東京都目黒区上目黒１丁目５-１０ 中目黒マンション Ｂ15号室,https://nakameguro.inforent.jp/,03-5822-4050,,0,4,3,80,S優先度記事×3|複数記事候補×4
中目黒店 レンタルダンススタジオROOTS,〒153-0051 東京都目黒区上目黒１丁目５-１０ 中目黒マンション B6,https://dancestudioroots.com/nakameguro/,,,0,4,3,80,S優先度記事×3|複数記事候補×4
二子玉川レンタルスタジオ M?ni Frey,〒158-0094 東京都世田谷区玉川１丁目６-８ シティコープ玉川 202,https://www.jiyugaoka-salon.com/salon-futakotamagawa-b,090-9297-3148,,0,4,3,80,S優先度記事×3|複数記事候補×4
エースダンススタジオ,"札幌ＮＳビル 4F, ２丁目-11 南２条西 中央区 札幌市 北海道 060-0062",http://ace-dance.com/,011-231-8077,,0,4,3,80,S優先度記事×3|複数記事候補×4
キッズダンススタジオstudioCROSS（スタジオクロス）聖蹟桜ヶ丘クラス 多摩市 多摩カルチャーセンター,〒206-0011 東京都多摩市関戸４丁目73-１ よこくらビル 3階,https://studiocross.info/,042-505-8179,,0,5,2,80,S優先度記事×2|複数記事候補×5|候補少記事に出現
C Production Dance Studio,〒170-0014 東京都豊島区池袋１丁目８-５ シーステージ池袋 5F,https://www.c-production-dancestudio.com/,070-8984-0814,,0,4,3,80,S優先度記事×3|複数記事候補×4
CAMURO DANCE STUDIO,〒540-0025 大阪府大阪市中央区徳井町１丁目１-７ 松田ビル,http://camuro.jp/,06-6942-8889,,0,4,3,80,S優先度記事×3|複数記事候補×4
レンタルスタジオ 【MO-LE STUDIO】,〒166-0013 東京都杉並区堀ノ内２丁目４-２ MO-LE STUDIOビル,http://www.mo-le.com/,03-3317-5546,,0,4,3,80,S優先度記事×3|複数記事候補×4
レンタルスタジオ Sunny 池袋店,〒170-0013 東京都豊島区東池袋３丁目１１-９,https://11dance.com/,,,0,4,3,80,S優先度記事×3|複数記事候補×4
クラウドナインスタジオ 町田店,〒194-0013 東京都町田市原町田４丁目１１-１４ コロンブスビル 6F,https://www.cloud-9-studio.com/studio/machida.html,042-721-9091,,0,5,2,80,S優先度記事×2|複数記事候補×5|候補少記事に出現
D'CRE8 Dance Shtajio (ディークリエイトダンスシタジオ),〒164-0013 東京都中野区弥生町１丁目１１-２ B1,https://dcre8.com/,03-6822-2132,,0,4,3,80,S優先度記事×3|複数記事候補×4
ジーロックス・スタジオ,〒168-0073 東京都杉並区下高井戸１丁目１５-１２,http://www.groks.co.jp/,03-3325-3311,,0,4,3,80,S優先度記事×3|複数記事候補×4
スタジオ With The Heart,"関口１丁目１５ー１ ミサオビルB１F, 文京区 東京都 112-0014",http://studiowth.com/,03-5579-8548,,0,5,2,80,S優先度記事×2|複数記事候補×5|候補少記事に出現
押上SORAスタジオ2,〒131-0045 東京都墨田区押上１丁目２５-５ 西原ビル １階,http://os-rental.com/,03-6284-1723,,0,5,2,80,S優先度記事×2|複数記事候補×5|候補少記事に出現
押上とうきょうスカイツリーSORAスタジオ,〒131-0045 東京都墨田区押上１丁目１３-１０ ２ 階,http://oshiage-rental.com/,03-6284-1723,,0,5,2,80,S優先度記事×2|複数記事候補×5|候補少記事に出現
押上ＳＯＲＡスタジオ4,〒131-0045 東京都墨田区押上１丁目２８-４ 桐生ビル 1Ｆ,https://os-rental.com/,03-6284-1723,,0,5,2,80,S優先度記事×2|複数記事候補×5|候補少記事に出現
ジャパンポールダンス,〒160-0021 東京都新宿区歌舞伎町１丁目２３-１２ 第一桑原ビル 5F,,03-6233-8042,,0,4,3,80,S優先度記事×3|複数記事候補×4
ジョイ・バレエ ストゥーディオ 本部スタジオ,〒171-0052 東京都豊島区南長崎１丁目９-１６ ヒルトップビルド B1,https://joy-ballet-studio.com/,090-9802-6402,,0,4,3,80,S優先度記事×3|複数記事候補×4
DCNスタジオ,〒104-0052 東京都中央区月島１丁目１４-７ 旭倉庫内,https://www.rental-studio.tokyo/,03-3532-0731,,0,4,3,80,S優先度記事×3|複数記事候補×4
レンタルスタジオ葛西,〒134-0084 東京都江戸川区東葛西５丁目１-１４-２０２,https://freespacekasai.jimdofree.com/,03-6456-0178,,0,5,2,80,S優先度記事×2|複数記事候補×5|候補少記事に出現
レンタルスタジオ池袋・駒込マイックル,〒114-0015 東京都北区中里２丁目１３-６,http://komagome-maikkuru.com/,03-5937-2345,,0,5,2,80,S優先度記事×2|複数記事候補×5|候補少記事に出現
レンタルスタジオ三ノ輪,〒110-0011 東京都台東区三ノ輪１丁目１０-９ GATTINO 1F,http://rental.studio-minowa.com/,,,0,4,3,80,S優先度記事×3|複数記事候補×4
富田雅美バレエ＆ダンスユニット,〒182-0024 東京都調布市布田１丁目２９-２ ビルディング川口 B1,https://masami.hp.peraichi.com/dance,042-487-8878,,0,5,2,80,S優先度記事×2|複数記事候補×5|候補少記事に出現
寺島ゆかりバレエクラス スタジオ マカロン,〒154-0022 東京都世田谷区梅丘１丁目２０-９ 梅ヶ丘プラザ 2F,http://macaron-ballet.jp/,080-4345-1102,,0,4,3,80,S優先度記事×3|複数記事候補×4
山田誠ダンススタジオ,〒190-0012 東京都立川市曙町２丁目３２-２ 中山本社ビル,http://www7b.biglobe.ne.jp/~yamadamakotodance/,042-525-1588,,0,5,2,80,S優先度記事×2|複数記事候補×5|候補少記事に出現
STUDIO FOXTAIL,〒140-0013 東京都品川区南大井２丁目１２-１０ ライオンズマンション大森 1F,https://28garden-studio.com/studio/foxtail/,080-7896-9973,,0,4,3,80,S優先度記事×3|複数記事候補×4
宮地楽器 国分寺センター,〒185-0021 東京都国分寺市南町３丁目１２-２ 国分寺宮地ビル,https://www.miyajimusic.com/school/kokubunji/,042-321-2821,,0,5,2,80,S優先度記事×2|複数記事候補×5|候補少記事に出現
Studio H,〒150-0013 東京都渋谷区恵比寿２丁目１７-２２,http://studioh.tokyo/,03-6447-7723,,0,4,3,80,S優先度記事×3|複数記事候補×4
STUDIO ONEWAY TOKYO,〒164-0013 東京都中野区弥生町５丁目２０-１ 弥生町ユニオンビル B2F,https://www.studio-oneway.tokyo/,03-4400-2870,,0,4,3,80,S優先度記事×3|複数記事候補×4
Studio EFU（スタジオ エフ）,〒185-0012 東京都国分寺市本町２丁目２-１１ 鳥越ビル Ｂ１,http://www.studio-efu.com/,042-323-8066,,0,5,2,80,S優先度記事×2|複数記事候補×5|候補少記事に出現
STUDIO POLISH（スタジオポリッシュ）,〒142-0062 東京都品川区小山６丁目７-１４ プランドールＫａｓｅｙａ,http://www.studio-polish.com/,03-6451-3521,,0,4,3,80,S優先度記事×3|複数記事候補×4
ロゼッタスタジオ錦糸町,〒130-0013 東京都墨田区錦糸２丁目１３-１ 堀越第一ビル 5F,https://kinshicho.studiosquare.jp/,03-5822-4050,,0,5,2,80,S優先度記事×2|複数記事候補×5|候補少記事に出現
ワーサルレンタルスタジオ（Cスタジオ）,〒156-0041 東京都世田谷区大原２丁目２３-１５ 大原アジアビル 9F,https://worsal.com/rental/studio_c.html,03-6276-3608,,0,4,3,80,S優先度記事×3|複数記事候補×4
サカモトトモキ・ダンススタジオ,〒162-0805 東京都新宿区矢来町６５ 2階,https://sinjyuku-shakoudance.webnode.jp/,03-5261-5830,,0,4,3,80,S優先度記事×3|複数記事候補×4
サワミュージカルスタジオ,"関島ビル B2F, １丁目-１４-１２ 弥生町 中野区 東京都 164-0013",http://studio.dp-sawa.com/,03-3352-1822,,0,4,3,80,S優先度記事×3|複数記事候補×4
ベストスタジオ立川,〒190-0022 東京都立川市錦町２丁目１-１０ エリア立川 302号室,https://beststudio.jp/,090-8558-0582,,0,5,2,80,S優先度記事×2|複数記事候補×5|候補少記事に出現
ボイトレ＆ダンスの NAYUTAS（ナユタス）町田校,〒194-0022 東京都町田市森野１丁目１４-９ ＭＫビル 森野2F,https://nayutas.net/school/machida/,03-5302-5500,,0,5,2,80,S優先度記事×2|複数記事候補×5|候補少記事に出現
マインクラブダンススタジオ,〒153-0052 東京都目黒区祐天寺１丁目２２-５,http://mineclubyutenji.com/,03-3713-1619,,0,4,3,80,S優先度記事×3|複数記事候補×4
Aya Ballet School,〒152-0035 東京都目黒区洗足２丁目６-１５ 洗足21 B１F,https://www.aya-ballet-school.net/,080-3055-8737,,0,4,3,80,S優先度記事×3|複数記事候補×4
ホットヨガスタジオLAVA 中野坂上店,〒164-0012 東京都中野区本町２丁目２８-１１ 不二ハイツ 2F,https://yoga-lava.com/lp/cp/virabhadra/?code=153&name=nakonosakaue&utm_source=google&utm_medium=maps_campaign=nakonosakaue&argument=zxgEiAwg&dmai=a6360df736d8bd,03-6387-3577,,0,4,3,80,S優先度記事×3|複数記事候補×4
ソニズレンタルスタジオ方南町店,〒168-0063 東京都杉並区和泉４丁目５１-１４,https://sonysdance.com/studio/hounan-a,,,0,4,3,80,S優先度記事×3|複数記事候補×4
A la neigeバレエ,〒150-0043 東京都渋谷区道玄坂１丁目１９-１１ 寿道玄坂ビル B１,https://www.alaneige.co.jp/,080-3395-4887,,0,4,3,80,S優先度記事×3|複数記事候補×4
BUZZ池袋サンシャイン,〒170-0013 東京都豊島区東池袋１丁目２６-３,,,,0,4,3,80,S優先度記事×3|複数記事候補×4
Akimotoレンタルスタジオ,〒153-0051 東京都目黒区上目黒１丁目１６-１１ 秋元ビル,https://www.rentalspace-akimoto.com/,,,0,4,3,80,S優先度記事×3|複数記事候補×4
ART GROOVE,〒114-0015 東京都北区中里２丁目５-８ レイハウス駒込 302,https://art-groove.com/net/,03-5972-4133,,0,5,2,80,S優先度記事×2|複数記事候補×5|候補少記事に出現
杉並だんすアトリウム,〒168-0073 東京都杉並区下高井戸１丁目２-１３ 山口ビル ２Ｆ、３Ｆ,http://atrium.studiosquare.jp/,03-5822-4050,,0,4,3,80,S優先度記事×3|複数記事候補×4
KM Dance Arts,〒102-0076 東京都千代田区五番町５-１８ 地下1階,https://www.kmdancearts-ichigaya.com/,03-6879-9796,,0,4,3,80,S優先度記事×3|複数記事候補×4
マヅカダンスカンパニー,〒168-0065 東京都杉並区浜田山２丁目２２-１ ゴディメント浜田山1F 南 浜田山ゴディメント,https://mazuka-studio.com/,03-3302-7186,,0,4,3,80,S優先度記事×3|複数記事候補×4
ミュージックサロン アマーブルNUTSスタジオ駒込店,〒114-0014 東京都北区田端４丁目１-１１ クレールビル 1F,https://www.music-salon-amable.com/,050-3708-5930,,0,5,2,80,S優先度記事×2|複数記事候補×5|候補少記事に出現
ミライスタジオ神田秋葉原,〒101-0031 東京都千代田区東神田１丁目１７-５,https://studio-mirai55.com/,03-5829-8647,,0,4,3,80,S優先度記事×3|複数記事候補×4
演劇舞台稽古場 ファンファーレレンタルスタジオ代田環七（撮影レンタルスタジオとしても利用可）,〒156-0041 東京都世田谷区大原１丁目２３-１５ 三京ビル ６F,https://atelier-fanfare.jp/,03-6205-9436,,0,5,2,80,S優先度記事×2|複数記事候補×5|候補少記事に出現
BUZZ 池袋西口タワー,〒171-0014 東京都豊島区池袋２丁目３７-８ ジオ・ステージ池袋,,,,0,4,3,80,S優先度記事×3|複数記事候補×4
貸ホールスペース６,〒157-0062 東京都世田谷区南烏山６丁目４-８,,03-3300-8181,,0,4,3,80,S優先度記事×3|複数記事候補×4
YOKOTA BASE STUDIO,〒194-0013 東京都町田市原町田１丁目６-２４ 田島第二ビル,https://yokotabasestudio.com/,042-723-4888,,0,5,2,80,S優先度記事×2|複数記事候補×5|候補少記事に出現
YBS Yukino Ballet Studio,〒156-0041 東京都世田谷区大原２丁目２３-１５ 大原アジアビル 7階,https://yukino-ballet-studio.com/,03-6379-2380,,0,4,3,80,S優先度記事×3|複数記事候補×4
バレエ・ダンススタジオ Lino,〒168-0082 東京都杉並区久我山５丁目７-１３ 地下1階 メリディアン,https://lino.releve.fun/,,,0,4,3,80,S優先度記事×3|複数記事候補×4
池袋ルピナス,〒170-0013 東京都豊島区東池袋１丁目３１-２ ルピナス池袋102,https://ikebukuro.inforent.jp/,03-5822-4050,,0,4,3,80,S優先度記事×3|複数記事候補×4
池袋レンタルスタジオ Studio M Ikebukuro Tokyo,〒171-0014 東京都豊島区池袋２丁目５３-３ スクエア21 １Ｆ,http://mstudio-ikebukuro.com/,03-5911-6800,,0,4,3,80,S優先度記事×3|複数記事候補×4
スタジオ白猫屋 調布店,〒182-0021 東京都調布市調布ケ丘１丁目34-５ 調布タカラビル 3階,http://soyokaze-shironekoya.jp/choufu,,,0,5,2,80,S優先度記事×2|複数記事候補×5|候補少記事に出現
永福町スタジオ/ライマーラマ:タヒチアンダンススタジオ,〒168-0064 東京都杉並区永福１丁目３９-１４ １階,http://www.raimarama.com/,03-3469-0672,,0,4,3,80,S優先度記事×3|複数記事候補×4
池袋 MIB,〒171-0014 東京都豊島区池袋２丁目６８-９ ＭＩＢ 1-2-3F,https://mib.studiosquare.jp/,03-5822-4050,,0,4,3,80,S優先度記事×3|複数記事候補×4
グラッドリ,〒160-0004 東京都新宿区四谷１丁目１５,http://www.gladdori.com/,03-6457-7817,,0,4,3,80,S優先度記事×3|複数記事候補×4
レンタルスタジオ Grip 下高井戸,〒156-0044 東京都世田谷区赤堤５丁目２６-３ 地下１階,https://studio-s77.com/,050-5465-7868,,0,4,3,80,S優先度記事×3|複数記事候補×4
レキップバレエスタジオ,〒178-0063 東京都練馬区東大泉１丁目３７-５,https://kimkimr628.wixsite.com/balletlequipe,03-6768-7080,,0,5,2,80,S優先度記事×2|複数記事候補×5|候補少記事に出現
スタジオジパング 梅ヶ丘スタジオPRO,〒154-0022 東京都世田谷区梅丘１丁目３３-９ モンド梅ヶ丘ビル地下1階,https://studiozipang.com/,,,0,4,3,80,S優先度記事×3|複数記事候補×4
スタジオジパング 久我山スタジオSTANDARD,〒168-0082 東京都杉並区久我山５丁目７-１３ メリディアン B1,https://studiozipang.com/kugayama-standard/,,,0,4,3,80,S優先度記事×3|複数記事候補×4
スタジオジパング 新宿スタジオSTANDARD,〒160-0022 東京都新宿区新宿５丁目１０-２０ JKKグループ本社ビル1F,http://studiozipang.com/,,,0,4,3,80,S優先度記事×3|複数記事候補×4
レンタルスタジオswamp西新宿,〒160-0023 東京都新宿区西新宿５丁目２１-５ ＢＩＴ西新宿 B01号室,https://www.st-swamp2023.com/,,,0,4,3,80,S優先度記事×3|複数記事候補×4
スタジオ エモーティフ,〒141-0031 東京都品川区西五反田５丁目２２-５ 藤ハイム B1F,https://emotif.jp/,090-9382-6258,,0,5,2,80,S優先度記事×2|複数記事候補×5|候補少記事に出現
スタジオ アーキタンツ architanz,〒105-0023 東京都港区芝浦１丁目１３-１０,http://a-tanz.com/,,,0,5,2,80,S優先度記事×2|複数記事候補×5|候補少記事に出現
スタジオ アッコルタ,〒150-0013 東京都渋谷区恵比寿２丁目６-２９ ACCOLTATS B1F,https://www.accolta.com/,03-3440-5105,,0,4,3,80,S優先度記事×3|複数記事候補×4
レンタルスタジオSunny 池袋3号店,〒170-0013 東京都豊島区東池袋２丁目３９-２ マルミビル 2階 A号室,https://11dance.com/,03-6874-1401,,0,4,3,80,S優先度記事×3|複数記事候補×4
レンタルスタジオ D-Base 武蔵境店,〒180-0022 東京都武蔵野市境１丁目３-２ 平田ビル 3階,https://st-dbase.jp/,03-4446-5101,,0,5,2,80,S優先度記事×2|複数記事候補×5|候補少記事に出現
SOLARI Rental Studio 日本橋 - 日本橋人形町・馬喰町エリアのレンタルスタジオ,〒103-0004 東京都中央区東日本橋１丁目４-２ 徳輝ビル 2階,https://solari-rentalstudio.com/,,,0,4,3,80,S優先度記事×3|複数記事候補×4
SORAスタジオ3,〒131-0045 東京都墨田区押上１丁目２９-２ 3,https://os-rental.com/,03-6284-1723,,0,5,2,80,S優先度記事×2|複数記事候補×5|候補少記事に出現
新宿レンタルスタジオ アルファ,〒160-0022 東京都新宿区８ 新宿5丁目8番21号 サンジュリ23号室,https://studioalpha88.wixsite.com/advisor-consult-jp,,,0,4,3,80,S優先度記事×3|複数記事候補×4
ピアノスタジオノア 不動前店,〒141-0031 東京都品川区西五反田４丁目３２-１４,https://www.grandpiano.jp/fudomae/,03-6910-4550,,0,5,2,80,S優先度記事×2|複数記事候補×5|候補少記事に出現
ピアノスタジオノア 池袋店,〒170-0013 東京都豊島区東池袋２丁目６３-１ 2F～B1F,https://www.grandpiano.jp/ikebukuro/,03-5951-8481,,0,4,3,80,S優先度記事×3|複数記事候補×4
SHARE TAKANAWA,〒108-0074 東京都港区高輪２丁目１６-３２ 横川ビル ３Ｆ,https://www.takanawa.space/,,,0,4,3,80,S優先度記事×3|複数記事候補×4
天空MURAミドルスタジオStudioStyle+,〒160-0023 東京都新宿区西新宿６丁目１２-１６ 天空ＭＵＲＡ一号館,https://studiostyle.jp/tenku-dance-studio/,090-8306-7493,,0,4,3,80,S優先度記事×3|複数記事候補×4
レンタルスタジオひより,〒171-0014 東京都豊島区池袋２丁目２３-２３ 白鳥ハイツ 107,https://rs-hiyori.com/,080-5175-6676,,0,4,3,80,S優先度記事×3|複数記事候補×4
レンタルスタジオクラッセ国分寺,〒185-0021 東京都国分寺市南町３丁目１８-２ 川端ビル ４階A,https://studio-classe.jp/,,,0,5,2,80,S優先度記事×2|複数記事候補×5|候補少記事に出現
ティアラ,〒142-0053 東京都品川区中延３丁目２-４,http://www.shupla-gp.com/tiara/,03-6426-8828,,0,4,3,80,S優先度記事×3|複数記事候補×4
レンタルスタジオreimei Tachikawa,〒190-0022 東京都立川市錦町２丁目１-３５ Ktd 錦町ビル 2F,https://reimeikunitachi.com/,050-1809-3917,,0,5,2,80,S優先度記事×2|複数記事候補×5|候補少記事に出現
FREEDA LIFESTYLE＋,〒106-0044 東京都港区東麻布１丁目２６-８ プライム東麻布 3F,http://www.freeda.jp/,03-6807-4322,,0,5,2,80,S優先度記事×2|複数記事候補×5|候補少記事に出現
ENJOINT DANCE CLUB中目黒,〒153-0051 東京都目黒区上目黒１丁目５-１０ 中目黒マンション B1,https://www.enjoint.tokyo/,,,0,4,3,80,S優先度記事×3|複数記事候補×4
J’Z STUDIO 千歳烏山店,〒157-0062 東京都世田谷区南烏山６丁目６-６?２ サンマルシェビルB1F,http://www.jz-studio.jp/,03-6909-1181,,0,4,3,80,S優先度記事×3|複数記事候補×4
池袋 ミント,〒170-0014 東京都豊島区池袋１丁目８-５ 池袋MINTORONビルB1F,https://mint.studiosquare.jp/,03-5822-4050,,0,4,3,80,S優先度記事×3|複数記事候補×4
Las Danzas in Tokyo,〒162-0065 東京都新宿区住吉町 １-１８TVB曙橋ビル3階,https://las-danzas.com/,03-6274-8408,,0,4,3,80,S優先度記事×3|複数記事候補×4
Lanikai Dance Studio,〒134-0083 東京都江戸川区中葛西５丁目２０-１９ ローヤルマンション葛西 1階,https://lanikai.tokyo/,03-5878-0230,,0,5,2,80,S優先度記事×2|複数記事候補×5|候補少記事に出現
Pole and Aerial Studio POLISH中目黒,〒153-0051 東京都目黒区上目黒１丁目６-５ 3 階,https://www.polish-415.com/,,,0,4,3,80,S優先度記事×3|複数記事候補×4
スタジオLINOVA（リノ・バ）,〒167-0054 東京都杉並区松庵３丁目１-６ 松庵ユニオンビル B1,,,,0,5,2,80,S優先度記事×2|複数記事候補×5|候補少記事に出現
東京タワーメディアセンター,〒105-0011 東京都港区芝公園４丁目４-７ 東京タワーメディアセンタ 3F,http://starrise-tower.com/,03-6721-5450,,0,5,2,80,S優先度記事×2|複数記事候補×5|候補少記事に出現
Rinky Dink Studio 梅ヶ丘,〒154-0022 東京都世田谷区梅丘１丁目２１-７ ３階～４階 梅丘駅前ビル,https://rinky.info/studio/umegaoka/,03-3420-3721,,0,4,3,80,S優先度記事×3|複数記事候補×4
西荻窪永谷ダンススタジオ,〒167-0054 東京都杉並区松庵３丁目４０-９,http://www.ntgp.co.jp/,0422-21-9325,,0,4,2,75,S優先度記事×2|複数記事候補×4|候補少記事に出現
金町 レンタルスタジオ ダンスロッヂ,〒125-0042 東京都葛飾区金町６丁目１２-１３ セザール金町マンション １０１,https://lodge.studiosquare.jp/,03-5822-4050,,0,4,2,75,S優先度記事×2|複数記事候補×4|候補少記事に出現
駒沢ダンスガーデン,〒154-0011 東京都世田谷区上馬３丁目７-８,https://www.ks-co.co.jp/,03-3419-9876,,0,4,2,75,S優先度記事×2|複数記事候補×4|候補少記事に出現
ＪＰスタジオ,〒165-0027 東京都中野区野方５丁目１７-１０,http://jp-studio.net/,03-3310-7771,,0,3,3,75,S優先度記事×3|複数記事候補×3
レンタルスタジオ 国立リノ,〒186-0002 東京都国立市東１丁目15-22 4 国立サニービル 階C号室,http://kunitachi-lino.linovery.com/,,,0,4,2,75,S優先度記事×2|複数記事候補×4|候補少記事に出現
キッズダンススタジオstudioCROSS（スタジオクロス）国立谷保スタジオ,〒186-0003 東京都国立市富士見台２丁目１８-２ 富士見台ビル 2階,http://www.studiocross.info/,042-505-8179,,0,4,2,75,S優先度記事×2|複数記事候補×4|候補少記事に出現
キッズダンススタジオstudioCROSS（スタジオクロス）国立駅ゴールドジムクラス,〒186-0004 東京都国立市中１丁目9-３０ 国立せきやビル 5階 ゴールドジム内,https://studiocross.info/,042-505-8179,,0,4,2,75,S優先度記事×2|複数記事候補×4|候補少記事に出現
Dance Studio Linda 中目黒,〒153-0043 東京都目黒区東山１丁目４-１３ ASA東山ビル １F,,,,0,4,2,75,S優先度記事×2|複数記事候補×4|候補少記事に出現
キッズダンススタジオstudioCROSS（スタジオクロス）高幡不動クラス 日野市 多摩カルチャーセンター,〒191-0031 東京都日野市高幡３-１０ 遠藤ビル 2階,http://www.studiocross.info/,042-505-8179,,0,4,2,75,S優先度記事×2|複数記事候補×4|候補少記事に出現
Studio B,〒153-0041 東京都目黒区駒場３丁目５-６,http://www.photo-studiob.com/,03-6407-9915,,0,4,2,75,S優先度記事×2|複数記事候補×4|候補少記事に出現
かよバレエスタジオ,〒187-0002 東京都小平市花小金井１丁目１２-７,http://www.kayoballet.com/,042-452-5817,,0,4,2,75,S優先度記事×2|複数記事候補×4|候補少記事に出現
ノアスタジオ 学芸大店,〒152-0003 東京都目黒区碑文谷５丁目２５-１０ 1F?7F ノアビル２２,https://www.noahstudio.jp/shop/gakugeidai/,03-3710-2011,,0,4,2,75,S優先度記事×2|複数記事候補×4|候補少記事に出現
ダンスプレイスフェリーチェ (dance place FELICE),〒125-0041 東京都葛飾区東金町１丁目４２-１０ 東金町ビル ５階,http://danceplacefelice.com/,03-5876-4649,,0,4,2,75,S優先度記事×2|複数記事候補×4|候補少記事に出現
studio FANTO,〒101-0032 東京都千代田区岩本町３丁目１-９ NOVEL WORK Iwamotocho B1F,https://www.fanto.studio/,03-3866-8699,,0,3,3,75,S優先度記事×3|複数記事候補×3
国立ミュージカルスタジオ,〒186-0002 東京都国立市東１丁目１-１?２９ 第2いちやまハイツ 3F,http://un-even.com/,042-505-5968,,0,4,2,75,S優先度記事×2|複数記事候補×4|候補少記事に出現
塩野啓子バレエスタジオ,〒186-0003 東京都国立市富士見台４丁目12-１,http://shionoballet.jp/,042-577-5663,,0,4,2,75,S優先度記事×2|複数記事候補×4|候補少記事に出現
ナプア アラ オナオナ 恵比寿校,〒150-0013 東京都渋谷区恵比寿１丁目１-６ エビスオークビル1-2F,http://www.napua.jp/,03-3446-0236,,0,3,3,75,S優先度記事×3|複数記事候補×3
Studio GENIE,〒124-0012 東京都葛飾区立石６丁目１-６,https://studio-genie.tokyo/,,,0,4,2,75,S優先度記事×2|複数記事候補×4|候補少記事に出現
リズムアートダンススタジオ,〒108-0023 東京都港区芝浦４丁目９-１８ グランドパレス田町2F,http://rhythm-art.jp/,03-6809-6610,,0,4,2,75,S優先度記事×2|複数記事候補×4|候補少記事に出現
Studio Faith（スタジオフェイス）浦安校,〒279-0001 千葉県浦安市当代島１丁目１７-１９ 第2岡清ビル 5F,http://www.s-faith.com/urayasu/,047-352-5747,,0,4,2,75,S優先度記事×2|複数記事候補×4|候補少記事に出現
仙川 スタジオ 舞仙 レンタルダンススタジオ,〒182-0002 東京都調布市仙川町１丁目１８-２５ 第一富沢ビル 3F,https://sengawa.studiosquare.jp/,03-5822-4050,,0,4,2,75,S優先度記事×2|複数記事候補×4|候補少記事に出現
加藤みや子ダンススペース ANNEX SENGAWA-FACTORY,〒182-0002 東京都調布市仙川町２丁目１８-２１,https://www.asfkdspace.com/,03-3309-7200,,0,4,2,75,S優先度記事×2|複数記事候補×4|候補少記事に出現
祐天寺 キッズダンス！ Navilla Dance School,〒153-0052 東京都目黒区祐天寺２丁目１５-１６,https://dance-navilla.com/,090-6489-4564,,0,4,2,75,S優先度記事×2|複数記事候補×4|候補少記事に出現
Studio ballet with...,〒104-0041 東京都中央区新富１丁目３-１６ 第２アサヒビル １階,https://balletwithyou.com/,070-3786-8505,,0,4,2,75,S優先度記事×2|複数記事候補×4|候補少記事に出現
rjspace外苑前駅4番出口,〒107-0062 東京都港区南青山２丁目１４-１７ アートメイク・トキ 美容室内 ジョワレ南青山 第18吉田ビル 2F,http://rjspace.com/,,,0,4,2,75,S優先度記事×2|複数記事候補×4|候補少記事に出現
ダンススクエア 浦安スタジオ,〒279-0002 千葉県浦安市北栄１丁目１-１５ 3階,http://d-s-u-s.com/,,,0,4,2,75,S優先度記事×2|複数記事候補×4|候補少記事に出現
CurioSpace多摩センター,〒206-0042 東京都多摩市山王下１丁目13-１２ パールプラザ 204号,https://upnow.jp/curiospace/tamacenterstudio,050-3101-4159,,0,4,2,75,S優先度記事×2|複数記事候補×4|候補少記事に出現
ダンススタジオ・レンタルスタジオ_DANCE SPACE 365,〒156-0041 東京都世田谷区大原１丁目２４-４ ローザ新代田 B1-2号室,https://www.dancespace365.com/,,,0,4,2,75,S優先度記事×2|複数記事候補×4|候補少記事に出現
バレエアーツ秋葉原,〒101-0021 東京都千代田区外神田３丁目４-７ 昌平童夢館,http://ballet-kba.com/,,,0,3,3,75,S優先度記事×3|複数記事候補×3
スタジオリリオ＆カフェ,〒125-0061 東京都葛飾区２９ 亀有3-29-1リリオ弐番館B1,,03-6662-6054,,0,4,2,75,S優先度記事×2|複数記事候補×4|候補少記事に出現
自由が丘フラスタジオ LAKI ALOHA,〒158-0083 東京都世田谷区奥沢２丁目４５-８,https://lakialoha.com/,050-5328-4863,,0,4,2,75,S優先度記事×2|複数記事候補×4|候補少記事に出現
広尾ピースオブモダンダンススタジオ,〒106-0047 東京都港区南麻布５丁目１３-１２,https://pomdance.com/,03-6277-1052,,0,4,2,75,S優先度記事×2|複数記事候補×4|候補少記事に出現
三軒茶屋 銀杏の葉 レンタルダンススタジオ,〒154-0004 東京都世田谷区太子堂１丁目４-３３ アークビル 3F,https://icho.studiosquare.jp/,03-5822-4050,,0,4,2,75,S優先度記事×2|複数記事候補×4|候補少記事に出現
学園坂スタジオ,〒187-0043 東京都小平市学園東町７-７ 1-7-41 ナカムラ ビル 3F,https://www.gakuenzaka.com/,042-202-0423,,0,4,2,75,S優先度記事×2|複数記事候補×4|候補少記事に出現
STUDIO ENOCH,〒183-0014 東京都府中市是政５丁目6-6 104,https://studio-enoch.jp/,070-2832-1221,,0,4,2,75,S優先度記事×2|複数記事候補×4|候補少記事に出現
シライシダンススタジオ,〒106-0047 東京都港区南麻布５丁目１０-２６ ＯＲＥ広尾ビル ２階,http://shiraishidance.com/,03-6450-4143,,0,4,2,75,S優先度記事×2|複数記事候補×4|候補少記事に出現
ティーアイエス（株）,〒150-0021 東京都渋谷区恵比寿西１丁目３０-１４ エコー代官山,http://tisandyou.jp/,03-3476-0082,,0,3,3,75,S優先度記事×3|複数記事候補×3
スタジオ in フットサルステージ（多摩センター）,〒206-0033 東京都多摩市落合１丁目４７ ニューシティ多摩センタービル ８F,http://futsal-stage.com/studio/,042-316-7231,,0,4,2,75,S優先度記事×2|複数記事候補×4|候補少記事に出現
ファーストクラブ,〒187-0043 東京都小平市学園東町１丁目７-４１-４,http://amusementbarmr1stx.wixsite.com/mr1stx,042-313-4155,,0,4,2,75,S優先度記事×2|複数記事候補×4|候補少記事に出現
自由が丘 セレナヴィータ レンタルスタジオ,〒152-0035 東京都目黒区自由が丘２丁目３-１２ ２Ｆ－Ｂ セレナヴィータ自由が丘,https://jiyugaoka.studiosquare.jp/,03-5822-4050,,0,4,2,75,S優先度記事×2|複数記事候補×4|候補少記事に出現
スタジオ・アヴァンティ,〒189-0014 東京都東村山市本町２丁目２１-３ ファーストステージ東村山,https://www.a-dance.com/,042-397-1475,,0,4,2,75,S優先度記事×2|複数記事候補×4|候補少記事に出現
渋谷・代官山・バレエ,〒150-0034 東京都渋谷区代官山町７-５ ブリルビル,https://shibuya-daikanyama-ballet.com/,03-6455-2879,,0,3,3,75,S優先度記事×3|複数記事候補×3
フラメンコスタジオ エル ソニケテ,〒191-0062 東京都日野市多摩平２丁目１２-２ 山崎ビル1F,http://www.soniquete.info/,,,0,4,2,75,S優先度記事×2|複数記事候補×4|候補少記事に出現
レンタルスタジオStudioIrodori白金高輪店,〒108-0072 東京都港区白金３丁目１-１２ 第2浅野ビル １０１号室,https://studioirodori.com/,050-3628-5392,,0,4,2,75,S優先度記事×2|複数記事候補×4|候補少記事に出現
レンタルスタジオStudioIrodori赤羽橋,〒106-0044 東京都港区東麻布１丁目１８-７ リヴェールハヤシ B1F,https://studioirodori.com/,050-3628-5392,,0,4,2,75,S優先度記事×2|複数記事候補×4|候補少記事に出現
NML dance studio,〒189-0014 東京都東村山市本町２丁目21-３ 1F,http://nmldancestudio.com/,090-8045-3811,,0,4,2,75,S優先度記事×2|複数記事候補×4|候補少記事に出現
Ohana Room Studio浦安,〒279-0002 千葉県浦安市北栄１丁目１５-５ レクス浦安駅前 ４F,https://ohanaroom.jp/,,,0,4,2,75,S優先度記事×2|複数記事候補×4|候補少記事に出現
OnePlace Dance Studio,〒111-0053 東京都台東区浅草橋３丁目１９-２ 地下1階 冨士ビル,https://one-place-llc.wixsite.com/oneplace,03-5825-4043,,0,4,2,75,S優先度記事×2|複数記事候補×4|候補少記事に出現
Musa studio《自由が丘レンタルスタジオ》,〒152-0034 東京都目黒区緑が丘２丁目１９-１１,https://ja-jp.facebook.com/musastudio/,080-4384-5228,,0,4,2,75,S優先度記事×2|複数記事候補×4|候補少記事に出現
SPACE AVAILABLE 浅草橋,〒111-0053 東京都台東区浅草橋１丁目１２-３ KSビル B1F,https://www.space-avail.com/,,,0,3,3,75,S優先度記事×3|複数記事候補×3
レンタルスタジオAivic池袋西口 レンタルスタジオAivic池袋西口,東京都豊島区西池袋3-23-8 平井ビル7階,,,,0,3,3,75,S優先度記事×3|複数記事候補×3
スタジオSOPIC,〒194-0045 東京都町田市南成瀬１丁目2-１,https://studio.sopic-jp.com/,042-728-8784,,0,4,2,75,S優先度記事×2|複数記事候補×4|候補少記事に出現
スタジオR&Y,〒154-0011 東京都世田谷区上馬２丁目３１-１３ フラワーホーム102,https://www.studio-r-and-y.com/,090-7233-3934,,0,4,2,75,S優先度記事×2|複数記事候補×4|候補少記事に出現
池ノ上道場 / 池ノ上スタジオ Ikenoue-dojo/Ikenoue studio,〒155-0032 東京都世田谷区代沢２丁目４８-２１ ２階,https://ikenouedojo.com/,,,0,4,2,75,S優先度記事×2|複数記事候補×4|候補少記事に出現
スタジオフラップ,〒152-0003 東京都目黒区碑文谷５丁目１４-１３,http://dance-flap.com/,03-5724-5581,,0,4,2,75,S優先度記事×2|複数記事候補×4|候補少記事に出現
JK Studio 赤羽橋,〒106-0044 東京都港区東麻布１丁目１８-７ リヴェールハヤシ B1,https://www.instabase.jp/space/8187721432,050-5372-4665,,0,4,2,75,S優先度記事×2|複数記事候補×4|候補少記事に出現
スタジオマーティ 駒沢大学 / STUDIO marty Komazawa,〒154-0011 東京都世田谷区上馬２丁目２-５ ２F,https://www.studiomarty.co.jp/komazawadaigaku/,03-6450-8689,,0,4,2,75,S優先度記事×2|複数記事候補×4|候補少記事に出現
MKH dance fit studio,〒279-0001 千葉県浦安市当代島１丁目１６-１９ 大塚ビル 3階,https://www.mkhdancefitstudio.com/,047-712-7489,,0,4,2,75,S優先度記事×2|複数記事候補×4|候補少記事に出現
A-KIDS DANCE STUDIO,〒191-0011 東京都日野市日野本町４丁目５-５ ＨＳビル 2F,http://www.akidsdancestudio.com/,080-5884-7544,,0,4,2,75,S優先度記事×2|複数記事候補×4|候補少記事に出現
株式会社expg family,〒153-0043 東京都目黒区東山１丁目２-２ 目黒東山スクエアビル 4F,http://www.e-t-c.net/,03-5725-0430,,0,4,2,75,S優先度記事×2|複数記事候補×4|候補少記事に出現
Ka Hula O Hawai?i,〒150-0013 東京都渋谷区恵比寿４丁目４-５ ?三伊藤ビル 3F,https://kahulaohawaii.com/,03-5795-2873,,0,3,3,75,S優先度記事×3|複数記事候補×3
ソピックカルチャー総合サイト,〒194-0045 東京都町田市南成瀬１丁目２-１,https://culture.sopic-jp.com/,042-728-8784,,0,4,2,75,S優先度記事×2|複数記事候補×4|候補少記事に出現
YR CLUB HOUSE 国領店,〒182-0022 東京都調布市国領町３丁目１０-４,http://yrch.jp/,042-426-7711,,0,4,2,75,S優先度記事×2|複数記事候補×4|候補少記事に出現
マウリ・ナニスタジオ,〒194-0004 東京都町田市鶴間１丁目１８-１ ドルフ南町田101,http://maulinani.com/,090-4968-9496,,0,4,2,75,S優先度記事×2|複数記事候補×4|候補少記事に出現
貸スペース 東京レンタルスタジオ,〒125-0061 東京都葛飾区亀有３丁目１３-２ 亀有鞠子ビル4階,,070-5087-2001,,0,4,2,75,S優先度記事×2|複数記事候補×4|候補少記事に出現
谷淑江スペイン舞踊スタジオ DANZARTE（ダンサルテ）,〒150-0013 東京都渋谷区恵比寿１丁目１６-28-2F ＴＫビル,http://www.danzarte.xyz/,,,0,3,3,75,S優先度記事×3|複数記事候補×3
金町カフェレンタルスタジオ,〒125-0041 東京都葛飾区東金町１丁目３８-４ ニュー金町ビル ４F,https://kanamachi.inforent.jp/,03-5822-4050,,0,4,2,75,S優先度記事×2|複数記事候補×4|候補少記事に出現
ペンテフラットスタジオ,〒279-0002 千葉県浦安市北栄１丁目１１-４０ １F ビル,http://penteflat.com/,047-350-8338,,0,4,2,75,S優先度記事×2|複数記事候補×4|候補少記事に出現
プレジャーガレージ,〒150-0031 東京都渋谷区桜丘町２４-３,http://www.pg-g.com/,03-3770-7651,,0,3,3,75,S優先度記事×3|複数記事候補×3
Another ONE+ （銀座レンタルスペース）,〒104-0061 東京都中央区銀座３丁目１２-１８ 新岩間ビル 3F,https://aopg.jp/,090-4610-1850,,0,6,2,70,S優先度記事×2|複数記事候補×6
スタジオマーティ,〒108-0073 東京都港区三田２丁目１４-４ １Ｆ,https://www.studiomarty.co.jp/yoga-pilates/tokyo-mitakeio/,03-6809-6565,,0,3,2,70,S優先度記事×2|複数記事候補×3|候補少記事に出現
青木愛子 スペイン舞踊研究所,〒141-0022 東京都品川区東五反田１丁目１８-４ ＧＴＤイーストビル,http://flamenco.co.jp/,03-3473-3435,,0,3,2,70,S優先度記事×2|複数記事候補×3|候補少記事に出現
Studio Cosmique（スタジオコスミーク）,〒108-0023 東京都港区芝浦２丁目１４ １４-１３ １ 階 Mck芝浦ビル,http://studiocosmique.com/,,,0,3,2,70,S優先度記事×2|複数記事候補×3|候補少記事に出現
サムシン コンビニエンス スタジオ,〒104-0032 東京都中央区八丁堀２丁目１-２ 水澤ビル,,03-6222-8987,,0,3,2,70,S優先度記事×2|複数記事候補×3|候補少記事に出現
スタジオM,〒141-0032 東京都品川区大崎２丁目７-２,,090-1504-2825,,0,3,2,70,S優先度記事×2|複数記事候補×3|候補少記事に出現
スタジオエイル,〒153-0053 東京都目黒区五本木３丁目１８-７ 第２飯島ビル,http://studio-ailes.com/,03-5721-2911,,0,3,2,70,S優先度記事×2|複数記事候補×3|候補少記事に出現
スタジオルゥ,〒155-0031 東京都世田谷区北沢１丁目３９-７ ＳＡビル 2F N,http://www.lou.co.jp/,03-6407-0081,,0,3,2,70,S優先度記事×2|複数記事候補×3|候補少記事に出現
琉球スタジオCanDokoro,〒160-0007 東京都新宿区荒木町６-４ ラ・ベルロシェ 101,https://candokoro.com/,,,0,3,2,70,S優先度記事×2|複数記事候補×3|候補少記事に出現
バレエアトリエリュミエール,〒169-0051 東京都新宿区西早稲田２丁目３-１ 早稲田奉仕園 奉仕園会館一号館地下一階 You-Iホール,https://ballet-atelier-lumiere.net/,050-3749-6386,,0,3,2,70,S優先度記事×2|複数記事候補×3|候補少記事に出現
ルミエールバレエスタジオ,〒140-0014 東京都品川区大井１丁目３１-１,https://oimachi-lbs.com/,080-5539-2735,,0,3,2,70,S優先度記事×2|複数記事候補×3|候補少記事に出現
アリスト バレエスタジオ,〒155-0031 東京都世田谷区北沢２丁目９-２１ ミナミ10号館ビル 4階,https://aristoballetstudio.com/,03-3485-1522,,0,3,2,70,S優先度記事×2|複数記事候補×3|候補少記事に出現
Studio sun and moon,〒160-0004 東京都新宿区四谷４丁目１３-５８,http://www.sunandmoon.tokyo.jp/index.html,,,0,3,2,70,S優先度記事×2|複数記事候補×3|候補少記事に出現
山県順子モダンバレエスタジオ,〒140-0014 東京都品川区大井３丁目４-８,http://www.yoriko-dance.com/index.html,03-3773-7355,,0,3,2,70,S優先度記事×2|複数記事候補×3|候補少記事に出現
BUZZ レンタルスタジオ八王子店,〒192-0082 東京都八王子市東町１１-３ センチュリーステーションビル B1,,,,0,5,2,65,S優先度記事×2|複数記事候補×5
吉祥寺 三鷹 モリノスタジオ,〒181-0013 東京都三鷹市下連雀１丁目１７-４ GRATO井の頭公園 2F,https://morino.studiosquare.jp/,03-5822-4050,,0,6,1,65,S優先度記事×1|複数記事候補×6|候補少記事に出現
明治座森下スタジオ,〒135-0004 東京都江東区森下３丁目６-５,http://www.meijiza.co.jp/morishita/,03-5638-0481,,0,5,2,65,S優先度記事×2|複数記事候補×5
ブイラボミュージカル,〒105-0003 東京都港区西新橋３丁目２４,http://vlab-musical.net/,090-6480-0091,,0,5,2,65,S優先度記事×2|複数記事候補×5
早坂ダンススタジオ,〒180-0003 東京都武蔵野市吉祥寺南町２丁目６-１,https://hayasaka-dance-school.com/,0422-46-1127,,0,5,2,65,S優先度記事×2|複数記事候補×5
H?lau Hula Coco,〒104-0045 東京都中央区築地１丁目１２-１５ 三ツ田ビル 4F,http://www.hula-coco.jp/,03-6228-4696,,0,5,2,65,S優先度記事×2|複数記事候補×5
スタジオよもだB館,〒110-0003 東京都台東区根岸２丁目１７-１,https://www.studioyomoda.com/,03-5849-4191,,0,5,2,65,S優先度記事×2|複数記事候補×5
スタジオアンダンティーノ,〒114-0014 東京都北区田端５丁目１-１２,https://studio-andantino.com/index.html,,,0,5,2,65,S優先度記事×2|複数記事候補×5
LIMITED Creaation. dance studio,〒180-0004 東京都武蔵野市１丁目２４-７ 吉祥寺光ビル 6F 吉祥寺,https://limited-studio.com/,,,0,5,2,65,S優先度記事×2|複数記事候補×5
SHAKE DANCE STUDIO 八王子校,〒192-0081 東京都八王子市横山町５-１４ ｗｉｌｌＤｏ八王子,http://www.studio-shake.com/,042-649-8828,,0,5,2,65,S優先度記事×2|複数記事候補×5
レンタルスタジオSunny高田馬場2号店,〒169-0075 東京都高田馬場１丁目３４-２ 千葉ビル 1F,https://11dance.com/,,,0,5,2,65,S優先度記事×2|複数記事候補×5
スタジオＲ,〒110-0001 東京都台東区谷中２丁目８-１２,http://studior.tokyo/,,,0,5,2,65,S優先度記事×2|複数記事候補×5
スタジオWITHテライダンスカンパニー,〒116-0014 東京都荒川区東日暮里６丁目４５-３ ハイウエストビル3F ハイウエストビル,,03-3806-3837,,0,5,2,65,S優先度記事×2|複数記事候補×5
セミナー &【JK Room 虎ノ門】,〒105-0003 東京都港区西新橋１丁目１９-１４ 大和ビル ３A,https://jk-room.com/location.html,050-5372-4665,,0,5,2,65,S優先度記事×2|複数記事候補×5
FANTASY DANCE SCHOOL 八王子店,〒192-0904 東京都八王子市子安町１丁目２６-１４ 26-14 301,,042-401-8781,,0,5,2,65,S優先度記事×2|複数記事候補×5
FINEDAY浜松町,〒105-0012 東京都港区芝大門１丁目２-２２ 2F(200 パレステュディオ芝大門,https://www.finedayrental.com/,,,0,5,2,65,S優先度記事×2|複数記事候補×5
スタジオよもだ A館,〒110-0003 東京都台東区１２ 根岸2丁目12-11 スタジオよもだ,https://www.studioyomoda.com/,03-5849-4191,,0,5,2,65,S優先度記事×2|複数記事候補×5
銀座花道スタジオ,〒104-0061 東京都中央区銀座３丁目１４-１８ 小野寺ビル 2F,https://ginza.studiosquare.jp/,03-5822-4050,,0,5,2,65,S優先度記事×2|複数記事候補×5
吉祥寺スタジオ・レダ,〒180-0002 東京都武蔵野市吉祥寺東町１丁目１１-１８ Ｍビル 2F,,0422-23-7227,,0,5,2,65,S優先度記事×2|複数記事候補×5
Ballet & Dance DUE,〒136-0071 東京都江東区亀戸７丁目４３-５ 小林ビル,https://ballet-dance-uno.com/,090-5584-7922,,0,5,2,65,S優先度記事×2|複数記事候補×5
World of Dance Studios Tokyo,〒180-0004 東京都武蔵野市吉祥寺本町１丁目２４-７ 吉祥寺光ビル 6F,https://wod-studio.tokyo/?utm_source=google&utm_medium=maps&utm_id=googlemybusiness,0422-29-3048,,0,5,2,65,S優先度記事×2|複数記事候補×5
Risley八王子店,〒192-0085 東京都八王子市中町７-１１ 福島ビル B1,https://hachioji-risley.space/,090-6689-2537,,0,5,2,65,S優先度記事×2|複数記事候補×5
スタジオ プリメーラ(スタジオ プリメラ),〒169-0072 東京都新宿区大久保２丁目８-８ 青葉ビル,http://primera.moo.jp/?page_id=2,080-8948-3449,,0,5,2,65,S優先度記事×2|複数記事候補×5
スタジオ ダ・ヴィンチ,"〒105-0021 東京都港区東新橋２丁目４-６ パラッツオシエナ 1 2,3F",https://studio-davinci.jp/,03-6432-0160,,0,5,2,65,S優先度記事×2|複数記事候補×5
スタジオ カノン 東町店,〒184-0011 東京都八王子市東町２丁目９ ムジカ八王子ビル,,,,0,5,2,65,S優先度記事×2|複数記事候補×5
ケアリノフラスタジオ,〒179-0081 東京都練馬区北町８丁目３６-２,http://kealino-hula.com/,03-6915-7537,,0,5,2,65,S優先度記事×2|複数記事候補×5
アルゼンチンタンゴ協会,〒104-0061 東京都中央区銀座７丁目１４-７ 共栄銀座７丁目ビル,http://tangokyoukai.com/,03-3544-5600,,0,5,2,65,S優先度記事×2|複数記事候補×5
レンタルスタジオ吉祥寺OLI（オリ）,〒180-0003 東京都武蔵野市吉祥寺南町２丁目２０-１ 吉祥寺オリンピックマンション B8,https://www.rentalstudio-oli.com/,,,0,5,2,65,S優先度記事×2|複数記事候補×5
レンタルスタジオ新富町 ?Danzatakara. Studio?,"Shintomi 2-1-7, Fujichuo building B1, 中央区 東京都 140-0041",https://www.instabase.jp/space/2165415368,,,0,5,2,65,S優先度記事×2|複数記事候補×5
ダンススペース ベースオントップ吉祥寺店,〒180-0004 東京都武蔵野市吉祥寺本町１丁目２０-３ B1F,https://bassontop.tokyo.jp/dance_kichijoji/,0422-27-1334,,0,5,2,65,S優先度記事×2|複数記事候補×5
レンタルスタジオ REBRI,〒192-0085 東京都八王子市中町７-７ ニシカワビル 5F,,070-1541-0908,,0,5,2,65,S優先度記事×2|複数記事候補×5
Ballet Studio M'z,〒107-0052 東京都港区赤坂７丁目９-７ 小林ビル 5F,https://balletstudio-mz.com/,03-3583-2038,,0,5,2,65,S優先度記事×2|複数記事候補×5
吉祥寺ダンススタジオ【STUDIO55】スタジオゴーゴー,〒180-0004 東京都武蔵野市吉祥寺本町１丁目３３-１０ 丸二ビル,https://www.studio55.tv/,0422-27-5514,,0,5,2,65,S優先度記事×2|複数記事候補×5
吉祥寺レンタルスペース[Studio Amrita WEST],"吉祥寺藤彩ビル B1, ２丁目-１７-１２ 吉祥寺本町 武蔵野市 東京都 180-0004",http://rental.studioamrita.com/,0422-23-6611,,0,5,2,65,S優先度記事×2|複数記事候補×5
アカペラスタジオ ベースオントップ吉祥寺店,〒180-0004 東京都武蔵野市吉祥寺本町１丁目２０-３ B1F,https://bassontop.tokyo.jp/a-cappella_kichijoji/,0422-27-1334,,0,5,2,65,S優先度記事×2|複数記事候補×5
カミヤマダンススタジオ,〒192-0046 東京都八王子市明神町４丁目６-２ 山口ビル 2F,http://www.kamiyama-d-s.jp/,042-642-4038,,0,5,2,65,S優先度記事×2|複数記事候補×5
カルサロ レンタルスタジオサロン,〒179-0073 東京都練馬区田柄２丁目３２-２３ アネックスミスズ ２F,https://www.okeiko-culsalo.com/,080-5885-5636,,0,5,2,65,S優先度記事×2|複数記事候補×5
大人バレエシェリ 東京銀座スタジオ,〒104-0061 東京都中央区銀座５丁目１４-６ 橋ビルⅡ B1,https://cheriegroup.com/adult/ginza/,06-7777-0246,,0,5,2,65,S優先度記事×2|複数記事候補×5
レンタルダンススタジオTerrace八王子,〒192-0085 東京都八王子市中町６-６ 店舗（旧 川和ビル 3階,,,,0,5,2,65,S優先度記事×2|複数記事候補×5
[吉祥寺ダンススタジオ] Studio Amrita NORTH,〒180-0004 東京都武蔵野市吉祥寺本町２丁目５-１０ いちご吉祥寺ビル B1,http://rental.studioamrita.com/,0422-23-6611,,0,5,2,65,S優先度記事×2|複数記事候補×5
StudioENTRADA森下,〒135-0004 東京都江東区森下３丁目８-７ カーム落合 1F,https://www.studio-entrada.com/,080-5057-5963,,0,5,2,65,S優先度記事×2|複数記事候補×5
デイ・ナイト株式会社,〒100-0011 東京都千代田区内幸町１丁目１-２ Ud日比谷ビル 7F,https://cocoloca.jp/location/ud-hibiya/,03-6257-3986,,0,5,2,65,S優先度記事×2|複数記事候補×5
あおちゃんダンスコミュニケーション サルサダンス ブラジルダンス 認知症予防ダンス,〒110-0003 東京都台東区根岸２丁目１２-１１,https://danceclub.jp/,080-1253-1003,,0,5,2,65,S優先度記事×2|複数記事候補×5
studio WILDKIDS 亀戸水神駅前校 CIERO studio,〒136-0071 東京都江東区亀戸８丁目１４-１１ 1階店舗,https://www.studio-wildkids.com/,080-9583-0025,,0,5,2,65,S優先度記事×2|複数記事候補×5
イシカワヒロユキダンススタジオ,〒192-0081 東京都八王子市横山町３-６,https://ishi-hiro-d-s.com/,042-642-1056,,0,5,2,65,S優先度記事×2|複数記事候補×5
studio WILDKIDS 亀戸駅前校 SOLstudio,〒136-0071 東京都江東区亀戸６丁目５６-４ 1階店舗,https://www.studio-wildkids.com/,080-9583-0025,,0,5,2,65,S優先度記事×2|複数記事候補×5
多目的スペース「時々海風が吹くスタジオ」,〒136-0071 東京都江東区亀戸７丁目４３-５,http://seisakuplus.com/umikazestudio/,03-5628-1325,,0,5,2,65,S優先度記事×2|複数記事候補×5
ノアスタジオ 吉祥寺店,〒180-0004 東京都武蔵野市吉祥寺本町２丁目１６-１２ B１F,https://www.noahstudio.jp/shop/kichijoji/,,,0,5,2,65,S優先度記事×2|複数記事候補×5
TONIC DANCE STUDIO 吉祥寺,〒180-0002 東京都武蔵野市吉祥寺東町１丁目１０-２１ 地下1階 西郊ビル,https://www.tonicdancestudio.com/,,,0,5,2,65,S優先度記事×2|複数記事候補×5
原宿MOA,〒151-0051 東京都渋谷区千駄ケ谷３丁目５１-６ 原宿ＭＯＡ ビルM1F,https://harajuku.inforent.jp/,03-5822-4050,,0,5,2,65,S優先度記事×2|複数記事候補×5
吉祥寺 レンタルスタジオ LC Rental,〒180-0004 東京都武蔵野市吉祥寺本町１丁目２４-７ 吉祥寺光ビル 6F,http://lcrental.xyz/,0422-29-3095,,0,5,2,65,S優先度記事×2|複数記事候補×5
吉祥寺 レンタルスタジオ さんだる倶楽部,〒180-0003 東京都武蔵野市吉祥寺南町１丁目３０-１ パークヴィラ吉祥寺２階,https://www.3daru.com/,,,0,5,2,65,S優先度記事×2|複数記事候補×5
赤坂茜山スタジオ,〒107-0052 東京都港区赤坂２丁目２１-１ 川本ビル Ｂ１Ｆ,http://akasaka.studiosquare.jp/,03-5822-4050,,0,5,2,65,S優先度記事×2|複数記事候補×5
BLM Dance School,〒196-0033 東京都昭島市１６ 東町1-16-11 4F,http://www.blm-music.com/,042-521-3365,,0,4,2,60,S優先度記事×2|複数記事候補×4
麹町スタジオ,〒102-0093 東京都千代田区平河町１丁目５-１６ アオキスタジオビル,http://www.kpla.co.jp/studio/,03-3264-3951,,0,4,2,60,S優先度記事×2|複数記事候補×4
ソニズレンタルスタジオ新中野鍋横第2店,〒164-0012 東京都中野区本町４丁目３０-１１ アーク新中野 B1,https://sonysdance.com/studio/nabe2,,,0,4,2,60,S優先度記事×2|複数記事候補×4
ソニズレンタルスタジオ新中野鍋横店,〒164-0011 東京都中野区中央３丁目３４-３ B1階,https://sonysdance.com/,,,0,4,2,60,S優先度記事×2|複数記事候補×4
ソニズダンススタジオ茗荷谷店,〒112-0006 東京都文京区小日向４丁目６-１９ 共立会館ビル B1階,https://sonysdance.com/,,,0,4,2,60,S優先度記事×2|複数記事候補×4
ダンスアンジェロ,〒169-0051 東京都新宿区西早稲田３丁目５-１３ 大永西早稲田ビル １F,https://danceangelo-dress.com/,070-6590-2015,,0,4,2,60,S優先度記事×2|複数記事候補×4
レンタルスタジオ スタジオサイ,〒165-0026 東京都中野区新井１丁目１-５,http://kikh.com/studiosai/,03-3385-2066,,0,4,2,60,S優先度記事×2|複数記事候補×4
レンタルスタジオ シンデレラドリーム,〒136-0076 東京都江東区南砂２丁目１-８ フッコウビル ４F,http://rentalstudio-cinderella.com/,03-6458-6805,,0,4,2,60,S優先度記事×2|複数記事候補×4
レンタルスタジオ ふわり,〒176-0006 東京都練馬区栄町１５-５ 小林ビル Ａ号室,https://fuwarimusic.jp/studio/,03-6915-8539,,0,4,2,60,S優先度記事×2|複数記事候補×4
レンタルスタジオ Studio One,〒114-0031 東京都北区十条仲原１丁目８-２６ 清水ビル,,090-1269-7379,,0,4,2,60,S優先度記事×2|複数記事候補×4
レンタルスタジオ N.studio,〒146-0091 東京都大田区鵜の木２丁目５-１ イーグル鵜の木,https://www.arabesque-n.com/n-studio/,,,0,4,2,60,S優先度記事×2|複数記事候補×4
レンタルスタジオ HIKARI 築地,〒104-0045 東京都中央区築地２丁目１-１７ 陽光築地ビル 地下一階,https://hikari-studio.net/,050-3196-4716,,0,4,2,60,S優先度記事×2|複数記事候補×4
スタジオ・マンサナ,〒112-0002 東京都文京区小石川２丁目３-２１,http://flamenco-manzana.com/,03-5840-6578,,0,4,2,60,S優先度記事×2|複数記事候補×4
スタジオルミエル,〒114-0023 東京都北区滝野川５丁目４１-４ 明成ビル B１F,http://lumiere.littlestar.jp/studio/,,,0,4,2,60,S優先度記事×2|複数記事候補×4
スポーツクラブ ルネサンス 富士見台24,〒176-0021 東京都練馬区貫井３丁目１２-３３,https://www.s-re.jp/fujimidai/?utm_source=google&utm_medium=gMybusiness,03-5987-2433,,0,4,2,60,S優先度記事×2|複数記事候補×4
スペースF・L・S｜昭島レンタルスタジオ,〒196-0025 東京都昭島市朝日町１丁目 １１-５ ２F,http://ryuyu7.com/,042-542-4632,,0,4,2,60,S優先度記事×2|複数記事候補×4
スタジオ響,〒164-0002 東京都中野区上高田３丁目３８-１１ 響ＳＯＵ,http://studiohibiki.nomaki.jp/,03-5380-6822,,0,4,2,60,S優先度記事×2|複数記事候補×4
スタジオピアーチェ春日後楽園店,東京都文京区春日2丁目23番11号　コア伝通院アネックス地下一階,https://studio-piace.com/,,https://dance-studio-lab.com/room/MGRlMzFmOGEtODQ5Ni00YjlkLTliNzktNWRmYmI0NzkwM2Q0/detail,1,2,0,60,提携スタジオ|複数記事候補×2
スタジオジパング 錦糸町スタジオSTANDARD,〒130-0012 東京都墨田区太平３丁目１４-１０ スズキビルディング 1階,https://studiozipang.com/,,,0,5,1,60,S優先度記事×1|複数記事候補×5|候補少記事に出現
スタジオジパング 池上スタジオSTANDARD,〒146-0082 東京都大田区池上６丁目５-１４ プレゼンス池上 地下1階,https://studiozipang.com/,,,0,4,2,60,S優先度記事×2|複数記事候補×4
スタジオアリス 足立舎人店,〒121-0831 東京都足立区舎人１丁目１５-９,https://www.studio-alice.co.jp/shop/store_detail.php?id=227,0120-722-753,,0,4,2,60,S優先度記事×2|複数記事候補×4
レンタルスタジオCLI CLI,〒145-0064 東京都大田区上池台１丁目１-１,https://clicli.shopinfo.jp/,03-5702-1065,,0,4,2,60,S優先度記事×2|複数記事候補×4
レンタルスタジオAivic池袋西口,,https://takuspace.com/ikebukuro/,,https://dance-studio-lab.com/room/OGY0MGIxYWEtNDM4Yi00YzAwLWI0OGMtOTAyOTkyYTJhMDYz/detail,1,2,0,60,提携スタジオ|複数記事候補×2
レンタルスタジオNSA 1号店,〒001-0014 北海道札幌市北区北１４条西１丁目２-５ 三晃ビル,https://www.studio-nsa.com/,,,0,4,2,60,S優先度記事×2|複数記事候補×4
スタジオHIKARI 上野,〒110-0003 東京都台東区根岸１丁目１-１５ ルンビニフードカフェ鶯谷店 4階,https://hikari-studio.net/ueno/,,,0,4,2,60,S優先度記事×2|複数記事候補×4
スタジオククナ,〒114-0032 東京都北区中十条２丁目９-１５ 地下１階 瀬武興業第一ビル,https://studio-kukuna.amebaownd.com/,,,0,4,2,60,S優先度記事×2|複数記事候補×4
スタジオエリース,〒161-0033 東京都新宿区下落合２丁目１-８ 三栄ビル 310号室,http://studioaries.net/wp/,090-4545-1784,,0,4,2,60,S優先度記事×2|複数記事候補×4
レンタルスタジオOLI（オリ） 三鷹 ［定員30名 教室レッスン、スポットレンタルできます］,〒180-0013 東京都武蔵野市西久保２丁目１-１０ Ｙ’Ｓビル B１ ワイズビル,https://www.rentalstudio-oli.com/,,,0,5,1,60,S優先度記事×1|複数記事候補×5|候補少記事に出現
ダンススタジオ・ミカ,"2階, ５丁目-１-３ 麻生町 北区 札幌市 北海道 001-0045",http://www.dance-mika.com/,011-700-9001,,0,4,2,60,S優先度記事×2|複数記事候補×4
ダンススタジオ・ポップコーン,〒104-0041 東京都中央区新富２丁目４-６ アーベイン三井 8F,http://www.studio-popcorn.jp/,,,0,4,2,60,S優先度記事×2|複数記事候補×4
レンタルスタジオ D-Base 大岡山店,〒145-0063 東京都大田区南千束３丁目１-１５ プラシス大岡山 地下1階,https://st-dbase.jp/,03-4446-5101,,0,4,2,60,S優先度記事×2|複数記事候補×4
シンフォニー,〒114-0001 東京都北区東十条２丁目４-１２ 金鈴ビル,https://sites.google.com/view/higashijujo-symphony/ホーム,03-3927-9255,,0,4,2,60,S優先度記事×2|複数記事候補×4
シルクスタジオ,〒192-0912 東京都八王子市絹ケ丘１丁目２１-５,https://hachioji.mypl.net/shop/00000359076/,042-657-3183,,0,4,2,60,S優先度記事×2|複数記事候補×4
サイスタジオ,〒173-0014 東京都板橋区大山東町１９-１ FM10ラ･アクシオンビル4階,http://www.saistudio.net/,03-5375-1118,,0,4,2,60,S優先度記事×2|複数記事候補×4
ゴールドジム南大沢東京,〒192-0364 東京都八王子市南大沢２丁目30番地 サザンウィンズ南大沢 2F,https://www.goldsgym.jp/shop/10210,042-670-3737,,0,4,2,60,S優先度記事×2|複数記事候補×4
コンバレエスタジオ Kon Ballet Studio 糀谷店,〒144-0035 東京都大田区南蒲田３丁目１３-１２ キザキビル2F.3F,http://konballetstudio.com/kojiya/,080-1872-6788,,0,4,2,60,S優先度記事×2|複数記事候補×4
キャナリー,〒150-0002 東京都渋谷区渋谷１丁目４-６,,03-6427-7392,,0,4,2,60,S優先度記事×2|複数記事候補×4
キッズダンススタジオSerenita西新井店,〒123-0842 東京都足立区栗原１丁目７-２０ 3階,,050-3555-0206,,0,4,2,60,S優先度記事×2|複数記事候補×4
サイスタジオ小茂根,〒173-0037 東京都板橋区小茂根１丁目９-５ サイスタジオ小茂根 2F,http://www.saistudio.net/,03-5375-1118,,0,4,2,60,S優先度記事×2|複数記事候補×4
レンタルスペース・スタジオ,〒145-0074 東京都大田区東嶺町４４-９ 1F・102号室 三松スクエアガーデン,https://www.kudo-ota.com/space,090-6293-5874,,0,4,2,60,S優先度記事×2|複数記事候補×4
アルファビデオレンタルスタジオ,〒107-0051 東京都港区元赤坂１丁目５-７ ラベリテ赤坂 1階,https://www.alphavideo.co.jp/service/studio/,03-5412-0707,,0,4,2,60,S優先度記事×2|複数記事候補×4
studio3,〒136-0071 東京都江東区亀戸１丁目３１-８ 北越ビル 2F,http://www.studio3.jp/,090-3319-3611,,0,5,1,60,S優先度記事×1|複数記事候補×5|候補少記事に出現
中野 ガーデン レンタルスタジオ,〒165-0026 東京都中野区新井１丁目１２-５ ＮＳフラッツ B1階,https://nakano.studiosquare.jp/,03-5822-4050,,0,4,2,60,S優先度記事×2|複数記事候補×4
studio fusion レンタルスタジオ,〒176-0001 東京都練馬区練馬１丁目２０-３ Nビル 2F,https://ks-works-fusion-studio-tokyo.com/,03-6914-6546,,0,4,2,60,S優先度記事×2|複数記事候補×4
えこてんハウススタジオ,〒176-0005 東京都練馬区旭丘１丁目７６-１０ 相枝ビル ４F,https://ekoten.tokyo/rental-studio/,050-5326-1373,,0,4,2,60,S優先度記事×2|複数記事候補×4
ダンスラッシュ,〒001-0021 北海道札幌市北区北２１条西５丁目１-１ ベルリネッタN21 2F,http://danslash.jp/,011-776-7734,,0,4,2,60,S優先度記事×2|複数記事候補×4
体幹・柔軟性強化&ポールダンス スタジオWeBA（ウィーバ）,〒136-0072 東京都江東区大島５丁目２７-１,https://weba.style/,03-5858-6459,,0,4,2,60,S優先度記事×2|複数記事候補×4
佐々木隆子タップダンススタジオ（蒲田本部スタジオ）,〒144-0035 東京都大田区南蒲田３丁目８-３０,https://gooschool.jp/sc/7104147/sh0001/,090-1794-0992,,0,4,2,60,S優先度記事×2|複数記事候補×4
monoダンススタジオ西巣鴨（レンタルスタジオ）,〒114-0023 東京都北区滝野川１丁目９３-５ コスモ西巣鴨 103,https://rental-dance-studio.com/nishisugamo/kihon-jyouhou,,,0,4,2,60,S優先度記事×2|複数記事候補×4
mikaバレエスタジオ,〒176-0011 東京都練馬区豊玉上２丁目２０-４ 石原ビル,http://mikaballetstudio.com/,080-6766-1655,,0,4,2,60,S優先度記事×2|複数記事候補×4
"in the house / Nishiwaseda ""Street Dance Park""",〒169-0075 東京都新宿区高田馬場１丁目１-１３ ONE ROOF FLAT NISHIWASEDA B1,http://inthehouse.tokyo/,050-3558-1384,,0,4,2,60,S優先度記事×2|複数記事候補×4
"in the house / Mejiro ""Attic""",〒171-0031 東京都豊島区目白３丁目１-３４ 2F,https://inthehouse.tokyo/,,,0,4,2,60,S優先度記事×2|複数記事候補×4
Tダンスプロダクション,〒132-0033 東京都江戸川区東小松川４丁目４３-１８,https://dancespacefunabori.com/,03-6808-0293,,0,4,2,60,S優先度記事×2|複数記事候補×4
TKPスター貸会議室 東京タワー通り,〒105-0011 東京都港区芝公園３丁目４-３０ 32芝公園ビル B2階,https://www.kashikaigishitsu.net/facilitys/st-tokyotowerdori/?utm_source=google&utm_medium=maps&utm_campaign=gmb,03-5425-4626,,0,4,2,60,S優先度記事×2|複数記事候補×4
dance studio GROOVY ダンス＆ヨガ,"いづみ屋ビル 4階, ２丁目-２０-２ 成増 板橋区 東京都 175-0094",http://www.groovy2005.com/,050-3555-3677,,0,4,2,60,S優先度記事×2|複数記事候補×4
Studio R 六本木ヒルズ店,〒106-0032 東京都港区六本木６丁目１５-１ ヒルズ けやき坂通り 2F けやき坂テラス,https://www.studio-ryo.net/,03-3405-1678,,0,4,2,60,S優先度記事×2|複数記事候補×4
多目的貸スタジオ-TSスタジオ,〒174-0056 東京都板橋区志村３丁目１７-２ TSビル 4階,http://makeuponeslife.site/,03-6906-7731,,0,4,2,60,S優先度記事×2|複数記事候補×4
城北公園前レンタルスタジオ,〒174-0043 東京都板橋区坂下２丁目３１-５ ２F,http://jrds.jp/,03-5918-6017,,0,4,2,60,S優先度記事×2|複数記事候補×4
リアクション2はなれ,〒179-0084 東京都練馬区氷川台３丁目２４-１５ 石野ＮＴビル 地下1F,https://www.reaction-no2hanare.com/,080-7565-5575,,0,4,2,60,S優先度記事×2|複数記事候補×4
リアクション2MANA,〒113-0033 東京都文京区本郷２丁目３６-２ 地下1階,https://www.reaction-no2mana.com/,080-7565-5575,,0,4,2,60,S優先度記事×2|複数記事候補×4
モノダンススタジオ 八王子校,〒192-0911 東京都八王子市打越町３４４-５ クリヤマ北野ビル 3階,https://www.monodance.com/,042-645-6561,,0,4,2,60,S優先度記事×2|複数記事候補×4
バレエスタジオコルツァ（Ballet Studio Colza）,〒193-0833 東京都八王子市めじろ台１丁目９-１ 2階,https://bs-colza.com/,070-4458-3534,,0,4,2,60,S優先度記事×2|複数記事候補×4
Studio Face東十条店 ダンスも会議もできるレンタルスタジオ,〒114-0001 東京都北区東十条３丁目１４-１３ ジョイフルプラザ３ 3階,https://studioface0712.com/,090-2740-0781,,0,4,2,60,S優先度記事×2|複数記事候補×4
Studio Face,〒114-0021 東京都北区岸町１丁目６-２０ 地下1階 レジェンド王子,https://studioface0712.com/,,,0,4,2,60,S優先度記事×2|複数記事候補×4
Studio ENTRADA森下ANNEX,〒130-0024 東京都墨田区菊川１丁目９-１４ ４F,https://www.studio-entrada.com/,080-5057-5963,,0,4,2,60,S優先度記事×2|複数記事候補×4
StudioOnda東中野 Ondabuilding,〒169-0074 東京都新宿区北新宿４丁目３３-５,https://ondacompany.com/,080-4947-2985,,0,4,2,60,S優先度記事×2|複数記事候補×4
StudioNEXUS武蔵関校,〒177-0051 東京都練馬区関町北２丁目２２-１３ シャトーセキ B1,https://nfc-dance.com/,03-6753-0989,,0,4,2,60,S優先度記事×2|複数記事候補×4
Starbox,〒135-0016 東京都江東区東陽３丁目２１-１３,http://starbox.jp/,,,0,4,2,60,S優先度記事×2|複数記事候補×4
SWITCH STAND ODAIBA,"〒135-0064 東京都江東区青海２丁目７-４, The Soho, 1F",https://switch-stand.com/odaiba/,050-1865-4108,,0,4,2,60,S優先度記事×2|複数記事候補×4
STUDIO+DINING TREE,〒132-0024 東京都江戸川区一之江４丁目２-２５,https://edogawa.mypl.net/shop/00000370544/,080-6585-4477,,0,4,2,60,S優先度記事×2|複数記事候補×4
STUDIO TRON,"〒106-0031 東京都港区西麻布３丁目１７-１１ B1F,1F TRONビル",http://studiotron.jp/,03-5770-2535,,0,4,2,60,S優先度記事×2|複数記事候補×4
STUDIO SPACE COREDO NOGIZAKA｜スタジオスペース コレド 乃木坂,〒107-0052 東京都港区赤坂９丁目６-４１ B1,,03-6434-7808,,0,4,2,60,S優先度記事×2|複数記事候補×4
Studio Leaf,〒144-0047 東京都大田区萩中１丁目４-１２-３０１,http://www.studioleaf.co/,090-3815-4340,,0,4,2,60,S優先度記事×2|複数記事候補×4
SPROUT DANCE STUDIO 梅田店,〒530-0026 大阪府大阪市北区神山町１-１５ ＴＲＵＳＴ ＢＵＩＬＤＩＮＧ 1 階,https://www.sprout-dance.com/,06-6365-6288,,0,4,2,60,S優先度記事×2|複数記事候補×4
SIM STUDIOお台場,〒135-0062 東京都江東区東雲２丁目１４-３５,https://www.sim-odaiba.com/,0120-154-646,,0,4,2,60,S優先度記事×2|複数記事候補×4
新宿 大久保 BMT レンタルスタジオ,〒169-0074 東京都新宿区北新宿１丁目１３-１９ 弘林ビル Ｂ１Ｆ,https://shinjuku.inforent.jp/,03-5822-4050,,0,4,2,60,S優先度記事×2|複数記事候補×4
REDEIC DANCE STUDIO,〒146-0092 東京都大田区下丸子３丁目２５-５,http://redeic.info/,080-3455-4455,,0,4,2,60,S優先度記事×2|複数記事候補×4
SKYレンタルダンススタジオ,〒530-0028 大阪府大阪市北区万歳町３-４１ ホワイトコーポラス 104,https://nakazakicho.skyspace.jp/,070-9096-7478,,0,4,2,60,S優先度記事×2|複数記事候補×4
ハウススタジオ プラネアールときわ台スタジオ,〒174-0071 東京都板橋区常盤台２丁目９-５,http://www.planear.co.jp/studio/tokiwadai.html,0120-424-548,,0,4,2,60,S優先度記事×2|複数記事候補×4
New York yuka's Dance Center,〒146-0084 東京都大田区南久が原２丁目１１-８,http://www.t-nydc.jp/,080-8915-3750,,0,4,2,60,S優先度記事×2|複数記事候補×4
MDL Studio (防音スタジオ),〒182-0021 東京都調布市調布ケ丘３丁目６９-２,https://maisondulapintokyo.wixsite.com/maison-du-lapin/studio,,,0,5,1,60,S優先度記事×1|複数記事候補×5|候補少記事に出現
MAR'ｓ DANCE SCHOOL,〒121-0823 東京都足立区伊興３丁目１８-１９ ＮＹビル 1F,http://www.mars-ds.com/,03-3897-6225,,0,4,2,60,S優先度記事×2|複数記事候補×4
Legato HALL,〒175-0082 東京都板橋区高島平８丁目６-６ ２階,https://www.smartkaigisitsu.net/properties/view/511,,,0,4,2,60,S優先度記事×2|複数記事候補×4
望月愛生バレエスタジオ,〒146-0084 東京都大田区南久が原２丁目７-６ 横川ビル 1階,https://aimiballet.com/,03-6677-8334,,0,4,2,60,S優先度記事×2|複数記事候補×4
新宿村スタジオ,〒169-0074 東京都新宿区北新宿２丁目１-２,http://www.shinjukumura.co.jp/,03-3361-5946,,0,4,2,60,S優先度記事×2|複数記事候補×4
KAJIWARA BALLET WORKS,〒116-0011 東京都荒川区西尾久５丁目２４-１０,https://www.kajiwara-ballet.com/,090-1769-2446,,0,4,2,60,S優先度記事×2|複数記事候補×4
K-Dance Style【ケイ-ダンス スタイル】,〒174-0076 東京都板橋区上板橋２丁目８-２ WBD上板橋第3 B004,https://k-dance-style.com/,03-6913-0778,,0,4,2,60,S優先度記事×2|複数記事候補×4
東急スポーツオアシス雪谷24Plus,〒145-0073 東京都大田区北嶺町４３-１８,https://www.sportsoasis.co.jp/sh73/,03-6425-0109,,0,4,2,60,S優先度記事×2|複数記事候補×4
東京音楽堂 日本橋 ピアノホール,〒103-0024 東京都中央区日本橋小舟町３-１２ 日本橋GRIT 地下1階,https://coubic.com/ongakudou/576226#pageContent,,,0,4,2,60,S優先度記事×2|複数記事候補×4
東京音楽堂 日本橋 ピアノサロン,〒103-0024 東京都中央区日本橋小舟町３-１２ 日本橋GRIT 6階,https://coubic.com/ongakudou/436052#pageContent,,,0,4,2,60,S優先度記事×2|複数記事候補×4
Mita Dance Factory 芝スタジオ,"セレブ 釉 芝公園 1F, ２丁目-１６-１１ 芝 港区 東京都 105-0014",https://peraichi.com/landing_pages/view/mitadancefactory,070-6949-6814,,0,4,2,60,S優先度記事×2|複数記事候補×4
パンキースタジオ,〒192-0355 東京都八王子市堀之内３丁目３５-６,http://www.pandkey.co.jp/,042-677-9500,,0,4,2,60,S優先度記事×2|複数記事候補×4
メゾン・ドゥ・バレエ南青山（MAISON DE BALLET Minami-Aoyama）,〒107-0062 東京都港区南青山４丁目２５-１２,http://mbma.jp/,03-6418-4437,,0,4,2,60,S優先度記事×2|複数記事候補×4
ミュージックサロン アマーブル十条店,〒114-0031 東京都北区十条仲原１丁目８-２６ 清水ビル,https://www.music-salon-amable.com/,050-3708-5930,,0,4,2,60,S優先度記事×2|複数記事候補×4
江戸川区キッズアクション,〒133-0051 東京都江戸川区北小岩１丁目１７-１ 小岩アーバンプラザ,https://kidsactiontheater.com/,,,0,4,2,60,S優先度記事×2|複数記事候補×4
水道橋ダンススタジオ,〒101-0061 東京都千代田区神田三崎町３丁目４-４ グラン水道橋,http://sds.velvet.jp/,03-3264-0699,,0,4,2,60,S優先度記事×2|複数記事候補×4
KaQiLa～カキラ～スタジオ／株式会社キッズ・カンパニー,〒106-0032 東京都港区六本木２丁目４-９ アソルティー六本木一丁目６Ｆ,http://www.kaqila.com/,03-3568-2010,,0,4,2,60,S優先度記事×2|複数記事候補×4
JOYFIT24 石川台,〒145-0065 東京都大田区東雪谷２丁目５-１ 1F・2F エンゼルハイム東雪谷,http://joyfit.jp/ishikawadai/?utm_source=google&utm_medium=maps&utm_campaign=gmb,03-6425-9993,,0,4,2,60,S優先度記事×2|複数記事候補×4
王子飛鳥山レンタルスタジオ,〒114-0023 東京都北区滝野川１丁目４-１１ 滝野川1-4-11塚本ビル1階 塚本ビル,https://oji.studiosquare.jp/,03-5822-4050,,0,4,2,60,S優先度記事×2|複数記事候補×4
D→TA (ディータ),〒112-0001 東京都文京区白山５丁目３３-１４ 2階,https://peraichi.com/landing_pages/view/dta,,,0,4,2,60,S優先度記事×2|複数記事候補×4
Dance Studio Broomstick,〒123-0873 東京都足立区扇２丁目２５-１ 扇橋会館 ８F,https://studio-broomstick.jp/,03-3890-4822,,0,4,2,60,S優先度記事×2|複数記事候補×4
F1 STUDIO,〒136-0082 東京都江東区新木場１丁目３-１３,https://handoff-all.jp/,03-6457-0310,,0,4,2,60,S優先度記事×2|複数記事候補×4
舎人公園 ドッグラン,〒121-0837 東京都足立区舎人公園１,https://www.tokyo-park.or.jp/park/format/facilities024.html,03-3857-2308,,0,4,2,60,S優先度記事×2|複数記事候補×4
茗荷谷ダンスプラザ,〒112-0002 東京都文京区小石川５丁目２-２ わかさビルB1,http://myogadani-dance.blogdehp.ne.jp/,03-3812-7955,,0,4,2,60,S優先度記事×2|複数記事候補×4
CREO王子駅前｜ダンススタジオ｜レンタルスペース,〒114-0002 東京都北区王子１丁目２-１ 倉長ビル 402号室,https://spacemarket.com/p/-N7dQTRzl0H4tYXS,,,0,4,2,60,S優先度記事×2|複数記事候補×4
Ballet & Dance UNO,〒130-0012 東京都墨田区太平３丁目１９-５ 鈴木ビル 1階,https://ballet-dance-uno.com/,090-5584-7922,,0,5,1,60,S優先度記事×1|複数記事候補×5|候補少記事に出現
Ballet & Dance TRE,〒130-0004 東京都墨田区本所３丁目７-９,https://ballet-dance-uno.com/,090-6514-7233,,0,5,1,60,S優先度記事×1|複数記事候補×5|候補少記事に出現
西葛西ダンススタジオ mind-blowing,〒134-0088 東京都江戸川区西葛西５丁目６-２０ 小山ビル 4階,https://www.studio-mind-blowing.com/,050-5373-2233,,0,4,2,60,S優先度記事×2|複数記事候補×4
蒲田・矢口渡レンタルスタジオ momobana,〒146-0095 東京都大田区多摩川１丁目１８-１ 2階,,,,0,4,2,60,S優先度記事×2|複数記事候補×4
ボンジュBallerina 紀尾井町店,〒102-0094 東京都千代田区紀尾井町１-３ 東京ガーデンテラス 1F,https://www.tgt-kioicho.jp/shop/list/f103.html,03-6257-1797,,0,4,2,60,S優先度記事×2|複数記事候補×4
フレックススタイル 船堀校,〒134-0091 東京都江戸川区船堀２丁目２３-２４,http://www.flexstyleweb.com/funabori/,03-3680-5330,,0,4,2,60,S優先度記事×2|複数記事候補×4
25 DANCE SPOT(ニコスポ),〒213-0002 神奈川県川崎市高津区二子４丁目８-２１ プリモクラッセ高津 B1階,https://nimonoinc.com/25dancespot,,,0,3,2,55,S優先度記事×2|複数記事候補×3
駒澤大学店 レンタルダンススタジオ ＲＯＯＴＳ,〒154-0012 東京都世田谷区駒沢３丁目１-３ シャトレー駒沢 ２０４,http://dancestudioroots.com/komazawadaigaku/,,,0,3,2,55,S優先度記事×2|複数記事候補×3
A.R.P studio,〒164-0011 東京都中野区中央２丁目５８-21 B1,http://arpstudio.main.jp/,03-5358-9841,,0,3,2,55,S優先度記事×2|複数記事候補×3
DANCE&RENTAL STUDIO ONEWAY,"パークサイド村本ビル 1F, １丁目-１-２７ 泉 東区 名古屋市 愛知県 461-0001",http://www.studio-oneway.nagoya/,052-228-6364,,0,3,2,55,S優先度記事×2|複数記事候補×3
Caribbean explosion,〒194-0012 東京都町田市金森１丁目３-１ Hamanoya 202,http://www.caribbeanexplosion.com/,090-1542-9080,,0,4,1,55,S優先度記事×1|複数記事候補×4|候補少記事に出現
リハーサルスタジオ,〒101-0048 東京都千代田区神田司町２丁目１３ 神田第四アメレックスビル B1,https://studiobpm.jp/remote/,03-5244-5666,,0,3,2,55,S優先度記事×2|複数記事候補×3
リアン 高田馬場スタジオ道順,〒171-0033 東京都豊島区高田３丁目２７-１ CLK高田ビル,http://2nd-street.biz/,,,0,3,2,55,S優先度記事×2|複数記事候補×3
ラ・ダンサフラメンコスタジオ,〒169-0075 東京都新宿区高田馬場４丁目８-２,https://estudioladanza.net/,03-3360-6656,,0,3,2,55,S優先度記事×2|複数記事候補×3
バレエスタジオJewels,〒156-0052 東京都世田谷区経堂５丁目２１-４,https://www.balletstudiojewels.com/,090-4627-7946,,0,3,2,55,S優先度記事×2|複数記事候補×3
バレエスタジオ ピアチェーレ,〒134-0085 東京都江戸川区南葛西１丁目１４-１３ シティパレス南葛西 302,http://balletstudio-piacere.ballet.place/,080-9573-5936,,0,4,1,55,S優先度記事×1|複数記事候補×4|候補少記事に出現
フィットネス カルチャー＆アート テラ Terra,〒182-0025 東京都調布市多摩川５丁目７-６ 第３コーポ渡辺 2階,https://www.terra-chofu.com/,070-1405-2200,,0,4,1,55,S優先度記事×1|複数記事候補×4|候補少記事に出現
バンドスタジオ ベースオントップ京橋店,〒536-0016 大阪府大阪市城東区蒲生１丁目８-４,https://www.bassontop.co.jp/studio_kyobashi/,06-6939-6262,,0,3,2,55,S優先度記事×2|複数記事候補×3
EMI HULA STUDIO,〒134-0013 東京都江戸川区江戸川６丁目,https://edogawa.mypl.net/shop/00000364787/,090-4918-2940,,0,3,2,55,S優先度記事×2|複数記事候補×3
EMI HULA STUDIO,〒134-0013 東京都江戸川区江戸川６丁目,https://edogawa.mypl.net/shop/00000364787/,090-4918-2940,,0,3,2,55,S優先度記事×2|複数記事候補×3
Dance zone RESPECT,〒435-0008 静岡県浜松市中央区松小池町４５５-１,,090-8543-5030,,0,3,2,55,S優先度記事×2|複数記事候補×3
Dance studio LOOP,〒321-0203 栃木県下都賀郡壬生町幸町２丁目２-４ 草竹ビル 2階,http://ds-loop.com/,,,0,3,2,55,S優先度記事×2|複数記事候補×3
FIVE O DANCE STUDIO 狛江（ファイブオーダンススタジオ）,〒201-0014 東京都狛江市東和泉１丁目２０-１ 第三登戸ビル,https://fiveodancestudio.jp/,050-3134-4277,,0,3,2,55,S優先度記事×2|複数記事候補×3
FIVE O DANCE STUDIO 二子玉川,〒157-0077 東京都世田谷区鎌田２丁目２５-９,https://fiveoentinc.com/,050-3134-4277,,0,3,2,55,S優先度記事×2|複数記事候補×3
ETERNAL DANCE STUDIO,〒197-0022 東京都福生市本町１４２ ２Ｆ,http://eternal-st.com/,042-513-0280,,0,3,2,55,S優先度記事×2|複数記事候補×3
ENERGY DANCE STUDIO,〒354-0018 埼玉県富士見市西みずほ台１丁目２２-１１ テル・ビル 1F,http://energy-dance.net/,049-257-4732,,0,3,2,55,S優先度記事×2|複数記事候補×3
レンタルスタジオ Gスクエア,〒120-0036 東京都足立区千住仲町１-２,https://g-square-kitasenju.jimdofree.com/,03-3870-7566,,0,4,1,55,S優先度記事×1|複数記事候補×4|候補少記事に出現
レンタルスタジオ D-Base 高津店,〒213-0002 神奈川県川崎市二子４丁目８-２１ プリモクラッセ高津 B1階,https://st-dbase.jp/,03-4446-5101,,0,3,2,55,S優先度記事×2|複数記事候補×3
レンタルスタジオ C-STUDIO,〒190-0022 東京都立川市錦町１丁目１０-２３ 光洋ビル 3F,https://bottled1999cask.wixsite.com/c-studio,,,0,4,1,55,S優先度記事×1|複数記事候補×4|候補少記事に出現
レベルアップレンタルスタジオ,〒430-0939 静岡県浜松市中区連尺町３１４-３６ 206号,https://www.instagram.com/levelupren/,,,0,3,2,55,S優先度記事×2|複数記事候補×3
ツチヤダンスガーデン,〒213-0002 神奈川県川崎市高津区二子５丁目２-１,http://www.tsuchiyadance.com/,044-822-3242,,0,3,2,55,S優先度記事×2|複数記事候補×3
ダンスレンタルスタジオ プラーナ,〒206-0011 東京都多摩市関戸２丁目３２-５ カネシロビルB1,http://www.studio-pura-na.com/,090-9343-6116,,0,4,1,55,S優先度記事×1|複数記事候補×4|候補少記事に出現
ダンスフロアーNEWプラスパ,〒203-0014 東京都東久留米市東本町７-１５ プラスパ小山 2F ビル,https://dancenewprosper.com/,042-470-0103,,0,3,2,55,S優先度記事×2|複数記事候補×3
ノアスタジオ 御茶ノ水店,〒101-0062 東京都千代田区神田駿河台２丁目1-１７,https://www.noahstudio.jp/shop/ochanomizu/,03-5217-7680,,0,3,2,55,S優先度記事×2|複数記事候補×3
ナガトスタジオ,〒134-0084 東京都江戸川区東葛西５丁目４０-９,http://www.nagatostudio.com/,080-4323-2200,,0,4,1,55,S優先度記事×1|複数記事候補×4|候補少記事に出現
トゥインクルクラブ,〒471-0835 愛知県豊田市曙町２丁目16番地 BLUS16 101号室,https://npotwinkleclub.com/,080-7012-1919,,0,3,2,55,S優先度記事×2|複数記事候補×3
演劇舞台稽古場 ファンファーレレンタルスタジオ新宿御苑（撮影スタジオとして利用可能）,〒162-0067 東京都新宿区富久町１３-１５ サウスタワー地下2階,https://atelier-fanfare.jp/,03-6205-9436,,0,3,2,55,S優先度記事×2|複数記事候補×3
Infinity Gym チアダンス・チアリーディング,〒157-0074 東京都世田谷区大蔵１丁目２-２７,https://infinitygymsetagaya.com/,080-3317-1985,,0,3,2,55,S優先度記事×2|複数記事候補×3
IS DANCE STUDIO,"ＩＳビル 2F, ４-１１ 東田町 川崎区 川崎市 神奈川県 210-0005",https://is-dance.net/,044-211-2167,,0,3,2,55,S優先度記事×2|複数記事候補×3
ICHIBANGAI Dance Studio,〒160-0022 東京都新宿区新宿１丁目３ 12・B1,http://www.studio1b.jp/,03-6273-1759,,0,3,2,55,S優先度記事×2|複数記事候補×3
HuE スタジオ,〒676-0078 兵庫県高砂市伊保２丁目５-１８ ロイヤルコーポ 伊保 103,,070-8492-1112,,0,3,2,55,S優先度記事×2|複数記事候補×3
清瀬のレンタルスタジオ｜ダンススタジオ｜レンタルスタジオ｜レンタルスペース【studio NEW YORK】,〒204-0022 東京都清瀬市松山１丁目１３-２５ 清瀬平塚ビル 2F 山合,,050-8881-9821,,0,3,2,55,S優先度記事×2|複数記事候補×3
LOICX DANCE STUDIO,〒460-0002 愛知県名古屋市中区丸の内３丁目２０-９,http://www.loicx-girls.com/,0120-619-355,,0,3,2,55,S優先度記事×2|複数記事候補×3
K Dance Nexus Dance Studio 読売ランド前,〒214-0037 神奈川県川崎市多摩区西生田３丁目９-３０,http://k-dancenexus.jp/studio/index.html,,,0,3,2,55,S優先度記事×2|複数記事候補×3
K Dance Nexus DANCE STUDIO 百合ヶ丘A,〒215-0011 神奈川県川崎市麻生区百合丘１丁目１９-５,http://k-dancenexus.jp/studio_yurigaoka/index.html,,,0,3,2,55,S優先度記事×2|複数記事候補×3
K Dance Nexus DANCE STUDIO 百合ケ丘B,〒215-0011 神奈川県川崎市麻生区百合丘２丁目２-４ Tcre新百合ヶ丘 B1,http://k-dancenexus.jp/studio_yurigaoka2/index.html,,,0,3,2,55,S優先度記事×2|複数記事候補×3
K DANCE STUDIO 1024,〒206-0002 東京都多摩市一ノ宮１丁目２５-２ ガーデンヒルズ聖蹟桜ヶ丘 1F,https://k-dancestudio1024.com/,042-316-9567,,0,4,1,55,S優先度記事×1|複数記事候補×4|候補少記事に出現
梅屋敷スタジオ５０１,〒144-0052 東京都大田区蒲田２丁目２２-１３,https://umeyashikistudio501.com/,03-3738-6510,,0,4,1,55,S優先度記事×1|複数記事候補×4|候補少記事に出現
ダンススタジオ,〒090-0042 北海道北見市北２条西４丁目13-１,,090-9081-0807,,0,3,2,55,S優先度記事×2|複数記事候補×3
レンタルスタジオ studio agend 浦安・市川,〒272-0138 千葉県市川市南行徳１丁目２０-１ 3F,http://agend.net/,047-700-7633,,0,3,2,55,S優先度記事×2|複数記事候補×3
レンタルスタジオ STUDIO ZERO 立川南口店,〒190-0023 東京都立川市柴崎町２丁目７-８ エクセル立川 B1F,https://zero-studio.jp/tachikawa/,,,0,4,1,55,S優先度記事×1|複数記事候補×4|候補少記事に出現
レンタルスタジオ LOOP,〒497-0038 愛知県海部郡蟹江町桜１丁目1,http://space-loop.biz/,090-6141-3731,,0,3,2,55,S優先度記事×2|複数記事候補×3
ダンススペースDD,〒213-0004 神奈川県川崎市高津区１０ 高津区諏訪1-10-8 クラッセコート1-1,http://ds-dd.com/,090-6000-4009,,0,3,2,55,S優先度記事×2|複数記事候補×3
ダンススタジオｈｏｗｔｏｆｌｙ,〒272-0133 千葉県市川市行徳駅前２丁目２０-１,http://wazacule.com/,047-701-0390,,0,3,2,55,S優先度記事×2|複数記事候補×3
ダンススタジオRUCHIRU,〒340-0015 埼玉県草加市高砂２丁目２-２８ 丸善草加ビル ３-A,https://dancestudio-ruchiru.com/,048-922-8715,,0,3,2,55,S優先度記事×2|複数記事候補×3
株式会社Dia Corporation,〒471-0835 愛知県豊田市曙町２丁目16番地 BULS16 101号室,https://www.instabase.jp/space/7048473698,080-7012-1919,,0,3,2,55,S優先度記事×2|複数記事候補×3
東急スポーツオアシス聖路加ガーデン,〒104-0044 東京都中央区明石町８ 聖路加タワ B2F,https://www.sportsoasis.co.jp/sh65/,03-3545-0109,,0,3,2,55,S優先度記事×2|複数記事候補×3
Letmedanceダンススタジオ 橋本南口本校,〒252-0143 神奈川県相模原市緑区橋本２丁目１０-１７,https://letmedance.jp/,080-3240-3326,,0,3,2,55,S優先度記事×2|複数記事候補×3
Letmedanceダンススタジオ 橋本北口校,〒252-0143 神奈川県相模原市緑区橋本３丁目３-１ ＳＩＮＧ橋本 2F,https://letmedance.jp/,080-3240-3326,,0,3,2,55,S優先度記事×2|複数記事候補×3
東久留米駅前ダンススタジオテレマーク,〒203-0014 東京都東久留米市東本町２-６ 2階,,080-3271-8029,,0,3,2,55,S優先度記事×2|複数記事候補×3
レンタルスタジオART FACTORY淡路店,〒533-0023 大阪府大阪市東淀川区東淡路４丁目１８-８ 東淡路商店街ビル 3F,http://www.artfactory-studio.com/,070-1748-3200,,0,3,2,55,S優先度記事×2|複数記事候補×3
レンタルスタジオ ワンデースタジオ,〒178-0065 東京都練馬区西大泉１ リバーサイド本橋 Ｂ１Ｆ,http://oneday-studio.com/,080-7502-3963,,0,4,1,55,S優先度記事×1|複数記事候補×4|候補少記事に出現
タケウチ,〒211-0006 神奈川県川崎市中原区丸子通１丁目６３６-１,,044-434-6645,,0,3,2,55,S優先度記事×2|複数記事候補×3
タイムズ東京タワースタジオ前,"4 Chome-4 Shibak?en, Minato City, Tokyo 105-0011",https://times-info.net/P13-tokyo/C103/park-detail-BUK0032407/,0120-778-924,,0,4,1,55,S優先度記事×1|複数記事候補×4|候補少記事に出現
ソードミュージック多目的スタジオ,〒182-0015 東京都調布市八雲台２丁目１-１０,https://www.swordmusic.com/studio,042-489-9771,,0,4,1,55,S優先度記事×1|複数記事候補×4|候補少記事に出現
ダンススタジオJJ,〒350-1122 埼玉県川越市脇田町３-１６ 丸石ビルディング 6階,http://stjjkawagoe.com/,049-298-7772,,0,3,2,55,S優先度記事×2|複数記事候補×3
ダンススタジオ ファンデーション 茂原校,〒297-0073 千葉県茂原市長尾２５４２-２,http://www.fun-d-tion.net/,0475-28-9203,,0,3,2,55,S優先度記事×2|複数記事候補×3
ダンススタジオ スターゲート,〒457-0004 愛知県名古屋市南区中江１丁目６-８,http://stargate-school.com/,052-693-5765,,0,3,2,55,S優先度記事×2|複数記事候補×3
NML dance studioふじみ野校,〒354-0036 埼玉県富士見市ふじみ野東２丁目１-１ グリーンテラスふじみ野 2F,,090-8045-3811,,0,3,2,55,S優先度記事×2|複数記事候補×3
Muuta Dance Studio,〒669-1535 兵庫県三田市南が丘２丁目１４-３４,https://muuta-dance.net/,079-558-8080,,0,3,2,55,S優先度記事×2|複数記事候補×3
RHYTHM STEP (幼児ダンス、キッズヒップホップダンス、レンタル),"1番地4, １丁目 緑が丘西 八千代市 千葉県 266-0046",https://rhythmstep.amebaownd.com/,047-450-2850,,0,3,2,55,S優先度記事×2|複数記事候補×3
RE:STUDIO body&life,〒215-0021 神奈川県川崎市麻生区上麻生５丁目３８-７ 東和サープラス柿生 211号室,https://www.re-studio-bodylife.com/?utm_source=google&utm_medium=wix_google_business_profile&utm_campaign=8724145320600633228,044-455-5675,,0,3,2,55,S優先度記事×2|複数記事候補×3
恵比寿ガーデンプレイスタワー,〒150-6003 東京都渋谷区恵比寿４丁目２０-３,https://gardenplace.jp/,03-5423-7111,,0,3,2,55,S優先度記事×2|複数記事候補×3
STUDIO KYU,〒812-0895 福岡県福岡市博多区竹下４丁目１４-３０ 博多山ビル 2F,https://select-type.com/p/studio-kyu_0301/,092-409-8387,,0,3,2,55,S優先度記事×2|複数記事候補×3
STUDIO KIRINJI,〒446-0032 愛知県安城市御幸本町７-１７ 安城壹番館４階,http://kirinji.sakura.ne.jp/studio/,0566-72-5040,,0,3,2,55,S優先度記事×2|複数記事候補×3
STUDIO GEM GARAGE,〒164-0014 東京都中野区南台３丁目６-１７ 1F/B1F クリスタルコート８８ イマス中野,http://gemgarage.jp/,03-6382-6985,,0,3,2,55,S優先度記事×2|複数記事候補×3
STUDIO DANCE ALIVE 河原町本校,〒600-8029 京都府京都市下京区西橋詰町７６２ 7F,http://www.dance-alive.com/,075-361-3311,,0,3,2,55,S優先度記事×2|複数記事候補×3
STUDIO BUZZ 相模原校,〒252-0239 神奈川県相模原市中央区中央５丁目１-２ ベルドールコート B1,,042-851-3015,,0,3,2,55,S優先度記事×2|複数記事候補×3
大門スタジオ,〒105-0012 東京都港区芝大門２丁目１０-１ 第一大門ビル,http://www.magnux.co.jp/postpro/,03-5777-6511,,0,3,2,55,S優先度記事×2|複数記事候補×3
スタジオプラーナ,〒454-0852 愛知県名古屋市中川区昭和橋通５丁目４０-２,http://studio-praana.com/,052-351-8686,,0,3,2,55,S優先度記事×2|複数記事候補×3
スタジオリーガル池袋,〒170-0012 東京都豊島区上池袋４丁目２-１,https://studioregal.tokyo/,03-6903-5562,,0,3,2,55,S優先度記事×2|複数記事候補×3
STUDIO SPACE N 二子新地校,〒213-0002 神奈川県川崎市高津区二子２丁目１５,http://space-n.jp/,044-812-3848,,0,3,2,55,S優先度記事×2|複数記事候補×3
Studio Liberty,〒158-0091 東京都世田谷区１５ 中町4-15-9 B１,https://spacemarket.com/p/IhqvvJWNv9WY8BJK,03-6809-7323,,0,3,2,55,S優先度記事×2|複数記事候補×3
Studio Crucial スタジオ クルーシャル,〒202-0014 東京都西東京市富士町４丁目１７-６ B1,https://studio-crucial.com/,050-5362-6010,,0,3,2,55,S優先度記事×2|複数記事候補×3
StudioENTRADA築地,〒104-0045 東京都中央区築地３丁目１１-５ 第二中央ビル 1F,https://www.studio-entrada.com/,080-5057-5963,,0,3,2,55,S優先度記事×2|複数記事候補×3
多摩スタジオ,〒201-0014 東京都狛江市東和泉３丁目３-１０,https://rentalstama.wixsite.com/tamastudio,,,0,3,2,55,S優先度記事×2|複数記事候補×3
名古屋レンタルスタジオPovit,〒453-0015 愛知県名古屋市中村区椿町２２-１ 第二カニエビル 3F,https://nagoya-povit.com/,080-5376-8136,,0,3,2,55,S優先度記事×2|複数記事候補×3
TOHNO DANCE STUDIO,〒202-0002 東京都西東京市ひばりが丘北３丁目４-３ T&Kひばりが丘B1,http://tohno-dancestudio.com/,042-439-3390,,0,3,2,55,S優先度記事×2|複数記事候補×3
TKO DANCE STUDIO(TKOダンススタジオ),〒340-0023 埼玉県草加市谷塚町５７８-１ 梅香堂ビル 305,http://tkodancestudio.com/,080-4172-2050,,0,3,2,55,S優先度記事×2|複数記事候補×3
b-line dance studio,〒164-0012 東京都中野区本町３丁目３２-１５ クラウンズコートなかの 1階,http://www.sbline.jp/,03-3373-8603,,0,3,2,55,S優先度記事×2|複数記事候補×3
レンタルスタジオSunny 駒込店,〒113-0021 東京都文京区本駒込５丁目１９-９ ワコー本駒込マンション 地下1F,https://11dance.com/,,,0,4,1,55,S優先度記事×1|複数記事候補×4|候補少記事に出現
スタジオ リル 千葉市川市店,〒272-0133 千葉県市川市行徳駅前１丁目１７-９ ステップワンビル 303,https://upnow.jp/Studiorill,080-1199-7763,,0,3,2,55,S優先度記事×2|複数記事候補×3
スタジオα,〒202-0001 東京都西東京市ひばりが丘１丁目５-１７ メゾンドα,http://www.std-alpha.net/,042-444-3420,,0,3,2,55,S優先度記事×2|複数記事候補×3
kokokara,〒102-0082 東京都千代田区一番町１３-１６ 一番町法眼坂ビル 1階,https://www.tokyo-ballet.co.jp/,090-7649-9641,,0,3,2,55,S優先度記事×2|複数記事候補×3
grow dance studio,〒522-0043 滋賀県彦根市小泉町６２０-３,http://www.grow-dancestudio.com/,0749-20-9600,,0,3,2,55,S優先度記事×2|複数記事候補×3
studio LOOP,〒156-0054 東京都世田谷区桜丘４丁目２４-２０ ユニバーサルビル 2F,http://studio-loop.jp/,080-9718-2391,,0,3,2,55,S優先度記事×2|複数記事候補×3
【福岡校】YKAダンススタジオ,〒812-0023 福岡県福岡市博多区奈良屋町１-１８ ハードビル 3階,https://yka-fukuoka.com/,080-4624-9889,,0,3,2,55,S優先度記事×2|複数記事候補×3
studio ∞ Fi (スタジオ フィー),〒214-0022 神奈川県川崎市多摩区堰２丁目４-６,https://www.studio-fi-dance.com/,070-1576-7272,,0,3,2,55,S優先度記事×2|複数記事候補×3
中村隆彦ダンススタジオ浅草千束,〒111-0031 東京都台東区５ 台東区 千束 4 5 4 提柳泉ビルB1F,http://senzok.ntdance.site/,,,0,3,2,55,S優先度記事×2|複数記事候補×3
三鷹イレブン会館 永谷ダンススタジオ 貸会議室,〒180-0006 東京都武蔵野市中町２丁目１３-１,http://www.ntgp.co.jp/,0422-21-9325,,0,4,1,55,S優先度記事×1|複数記事候補×4|候補少記事に出現
ちるどれ 上町スタジオ,〒540-0005 大阪府大阪市中央区上町１丁目６-１１ 2階,,06-6773-9649,,0,3,2,55,S優先度記事×2|複数記事候補×3
エルメスダンスカンパニー豊橋校,〒440-0897 愛知県豊橋市松葉町３丁目59 医療法人誠流会 まつば藤城歯科様建物1階 まつばスタジオ,http://www.lahabana.co.jp/,052-220-3213,,0,3,2,55,S優先度記事×2|複数記事候補×3
エイベックス・ダンスマスタートータルフィットネスクラブわらわら ふじみ野,〒356-0056 埼玉県ふじみ野市うれし野２丁目１０-３５ アウトレットモールリズムE-2F １,https://dancemaster.avex.jp/studios/%E3%83%88%E3%83%BC%E3%82%BF%E3%83%AB%E3%83%95%E3%82%A3%E3%83%83%E3%83%88%E3%83%8D%E3%82%B9%E3%82%AF%E3%83%A9%E3%83%96%E3%82%8F%E3%82%89%E3%82%8F%E3%82%89%E3%81%B5%E3%81%98%E3%81%BF%E9%87%8E,050-3487-0174,,0,3,2,55,S優先度記事×2|複数記事候補×3
アメリカンスタイル専門の社交ダンスサークル 【Sunday Dance Cafe】,〒144-0051 東京都大田区西蒲田６丁目３２-１３ 月村マンション １F,https://sundaydancecafe.hp.peraichi.com/,03-6424-9580,,0,4,1,55,S優先度記事×1|複数記事候補×4|候補少記事に出現
アミューゼダンススポーツクラブ,〒470-0348 愛知県豊田市貝津町柚木１３９-１,https://amuserdance.com/,0565-46-4447,,0,3,2,55,S優先度記事×2|複数記事候補×3
カワチダンススタジオ,"１丁目-１１, １丁目-１１-３ 小坂本町 豊田市 愛知県 471-0034",http://kawachi-dance.com/,0565-34-1048,,0,3,2,55,S優先度記事×2|複数記事候補×3
オガワ ダンス スタジオ,〒220-0023 神奈川県横浜市西区西区平沼１丁目３３-１,http://www.yokohama-ogawadance.com/,045-316-6166,,0,3,2,55,S優先度記事×2|複数記事候補×3
レンタルスタジオ・ラカーサミア（カガダンサーズサポート）,〒980-0804 宮城県仙台市青葉区大町２丁目１０-２４ La casa mia ビル ２Ｆ,https://kds-sendai.com/,,,0,3,2,55,S優先度記事×2|複数記事候補×3
レンタルスタジオ「マナビバ」戸越スタジオ,〒142-0041 東京都品川区戸越２丁目１-３ 丸雄建築ビル 2F,,03-6421-5071,,0,3,2,55,S優先度記事×2|複数記事候補×3
スキップスタジオ成城,〒157-0066 東京都世田谷区成城１丁目１-５,http://studio.skip-corporation.com/seijo/index.php,070-3257-2196,,0,3,2,55,S優先度記事×2|複数記事候補×3
ジンドー学園,〒203-0014 東京都東久留米市東本町１-５ ジンドー学園ビル,http://gakuen.jindo.jp/,042-475-6666,,0,3,2,55,S優先度記事×2|複数記事候補×3
ジムスタジオ IT'S MY TIME府中駅前店,〒183-0023 東京都府中市宮町１丁目23-３ 関口ビル 1階,http://mytime2000.com/,080-4356-1174,,0,4,1,55,S優先度記事×1|複数記事候補×4|候補少記事に出現
スタジオ クロア 第１スタジオ,〒145-0071 東京都大田区田園調布２丁目４６-１６,https://studiocroix.jp/,03-3722-7096,,0,4,1,55,S優先度記事×1|複数記事候補×4|候補少記事に出現
スタジオ クロア,〒145-0071 東京都大田区田園調布２丁目４６-３ ライトハウス田園調布 1F,https://studiocroix.jp/,03-3722-7096,,0,4,1,55,S優先度記事×1|複数記事候補×4|候補少記事に出現
スタジオ エルヴール,〒142-0063 東京都品川区荏原４丁目１７-１９ エルヴール 203,http://studio-eleveur.com/,03-3782-2800,,0,3,2,55,S優先度記事×2|複数記事候補×3
スタジオ アドバンス,〒263-0031 千葉県千葉市稲毛区稲毛東３丁目１６-２,http://studio-advance.com/,090-7186-1475,,0,3,2,55,S優先度記事×2|複数記事候補×3
レンタルスタジオ、ダンススタジオ アレイティ,〒272-0132 千葉県市川市湊新田２丁目６-６ モロマンションB A棟 106号,https://studio-areiti.amebaownd.com/,,,0,3,2,55,S優先度記事×2|複数記事候補×3
BUZZ YOKOHAMA,〒221-0835 神奈川県横浜市神奈川区鶴屋町１丁目2-１ INUYAMA BUILD地下1階,,,,0,3,2,55,S優先度記事×2|複数記事候補×3
BUZZ LIVE 赤坂,〒107-0052 東京都港区赤坂３丁目１５-３ 忍路ビル B1,,,,0,3,2,55,S優先度記事×2|複数記事候補×3
BLOOMIN'新丸子店,〒211-0004 神奈川県川崎市中原区新丸子東１丁目７９４,http://studio-bloomin.com/,044-948-5263,,0,3,2,55,S優先度記事×2|複数記事候補×3
BUZZ レンタルスタジオ 大阪京橋店,〒534-0024 大阪府大阪市都島区東野田町２丁目９-２３ 晃進ビル B2F,,,,0,3,2,55,S優先度記事×2|複数記事候補×3
BUZZ田無,〒188-8511 東京都西東京市田無町３丁目１０-１５ 京屋ビル 2階,,,,0,3,2,55,S優先度記事×2|複数記事候補×3
BUZZ 高田馬場2丁目,〒169-0075 東京都新宿区高田馬場２丁目１０-１０ ミナエビル,,,,0,3,2,55,S優先度記事×2|複数記事候補×3
BUZZ レンタルスタジオ浦和店,〒330-0063 埼玉県さいたま市浦和区高砂２丁目６-１３ あずさビル B1,,,,0,3,2,55,S優先度記事×2|複数記事候補×3
ブレイクダンスタジオ パワームーブ大阪,〒542-0062 大阪府大阪市中央区上本町西４丁目１?番9号 ヴィレッジヒル上町台 1F,https://www.powermove.jp/,06-4392-7550,,0,3,2,55,S優先度記事×2|複数記事候補×3
ＫＴスタジオ,〒110-0012 東京都台東区竜泉３丁目６-４ あらきビル,http://ktdancestudio.blog.fc2.com/blog-entry-1.html?sp,03-3875-2116,,0,3,2,55,S優先度記事×2|複数記事候補×3
ACCA STUDIO,〒130-0005 東京都墨田区東駒形３丁目１９-１３,https://acca-studio.com/,03-5637-8639,,0,4,1,55,S優先度記事×1|複数記事候補×4|候補少記事に出現
ABC明大前スタ,〒156-0043 東京都世田谷区松原１丁目２４-１１,https://ameblo.jp/meidaimae2011/entry-12532735132.html,090-2143-8422,,0,2,2,50,S優先度記事×2|複数記事候補×2
363_AmitySpace神田/日本橋,〒101-0037 東京都千代田区神田西福田町２-３,https://www.instabase.jp/space/5468001035,,,0,2,2,50,S優先度記事×2|複数記事候補×2
シバヨガ鶴川スタジオ,〒195-0061 東京都町田市 鶴川２－１４－１５ ２F,https://tsurukawa.yogi2.com/,,,0,3,1,50,S優先度記事×1|複数記事候補×3|候補少記事に出現
スタジオ ランディン 立川校,〒190-0022 東京都立川市錦町２丁目２-５ アオイビル 2F,http://www.namelessproduction.com/,042-523-4940,,0,3,1,50,S優先度記事×1|複数記事候補×3|候補少記事に出現
スタジオ ノバック,〒185-0021 東京都国分寺市南町２丁目１７-７ B.C.B TAKURA 3F,https://noback.co.jp/school/,042-359-7630,,0,3,1,50,S優先度記事×1|複数記事候補×3|候補少記事に出現
スタジオGAEA,〒165-0025 東京都中野区沼袋１丁目１０-５,https://studiogaea.wixsite.com/gaea,03-3388-6585,,0,2,2,50,S優先度記事×2|複数記事候補×2
Studio growpoint,〒171-0052 東京都豊島区南長崎１丁目１-１０,http://www.studiogrowpoint.jp/pages/787702/page_201701061209,,,0,2,2,50,S優先度記事×2|複数記事候補×2
スタジオグロウ市ヶ谷店,〒162-0846 東京都新宿区市谷左内町２７-１ イマジナビル 地下1階,https://www.tokyo-dancelife.com/studio/kantou/tokyo/shinjuku/glow_ichigaya.html,,,0,2,2,50,S優先度記事×2|複数記事候補×2
neu 168 Dance Studio,〒156-0057 東京都世田谷区上北沢３丁目３３-５,https://www.iknoelleballetcontemporary.com/,070-3203-0168,,0,2,2,50,S優先度記事×2|複数記事候補×2
アテール明大前第２スタジオ（レンタルスタジオ）,〒156-0043 東京都世田谷区松原１丁目３８-１９ 東建ビル 1階,https://a-terre.com/studio2/,,,0,2,2,50,S優先度記事×2|複数記事候補×2
アトリエ ベラーノ,〒157-0062 東京都世田谷区南烏山４丁目１３-３ スター ホームズ 千歳烏山 地階118号 スターホームズ千歳烏山,http://verano.tokyo/,070-4095-8959,,0,2,2,50,S優先度記事×2|複数記事候補×2
三鷹RI劇場(旧名三鷹RIスタジオ),〒181-0013 東京都三鷹市下連雀３丁目 榎本ビル 地下1階,http://seigetsu-entertainment.com/ristudio/,,,0,3,1,50,S優先度記事×1|複数記事候補×3|候補少記事に出現
STUDIO101,〒252-0106 神奈川県相模原市中央区淵野辺４丁目１３-７,http://www.101violins.com/,042-738-8487,,0,2,2,50,S優先度記事×2|複数記事候補×2
Studio BLANZ,〒170-0011 東京都豊島区池袋本町４丁目４５-１ 1F&B1F 芙蓉ビル,,070-6477-9409,,0,2,2,50,S優先度記事×2|複数記事候補×2
Studio Landin' 国分寺校,〒185-0021 東京都国分寺市南町３丁目２２-３１ 島崎ビルB1F,http://www.namelessproduction.com/,042-322-9494,,0,3,1,50,S優先度記事×1|複数記事候補×3|候補少記事に出現
Tap&Soul,〒156-0043 東京都世田谷区松原２丁目２９-４ メナージュ明大前,https://tapandsoul.weebly.com/,080-6630-6299,,0,2,2,50,S優先度記事×2|複数記事候補×2
TDSレンタルスタジオ池袋（120㎡）,〒171-0014 東京都豊島区池袋２丁目６４-１１ ｢平和ビル/4F｣,https://takigawa-ds.com/rental/index.php?%E6%B1%A0%E8%A2%8B,,,0,2,2,50,S優先度記事×2|複数記事候補×2
WPG,〒171-0014 東京都豊島区池袋２丁目６８-９ ＭＩＢ 602号室,,,,0,2,2,50,S優先度記事×2|複数記事候補×2
Y'sホール三鷹,〒181-0004 東京都三鷹市新川６丁目８-１０ サンシャインビル B1,https://yshall-mitaka.jp/,0422-24-7332,,0,3,1,50,S優先度記事×1|複数記事候補×3|候補少記事に出現
スタジオK,〒195-0064 東京都町田市小野路町２０７３-３,https://studio-k-net.com/,090-3409-5240,,0,3,1,50,S優先度記事×1|複数記事候補×3|候補少記事に出現
duobus studio｜デュオバススタジオ,〒190-0001 東京都立川市高松町２丁目１７-３ 清水ビル 302,,,,0,3,1,50,S優先度記事×1|複数記事候補×3|候補少記事に出現
代官山スタジオ,〒153-0061 東京都目黒区中目黒１丁目２-１７,http://daikanyamastudio.jp/,03-3719-0222,,0,2,2,50,S優先度記事×2|複数記事候補×2
スタジオライブラ,〒164-0003 東京都中野区東中野４丁目４-５ 東中野アパートメンツ ４-５ 201,http://libra-ch.com/studio/,090-1209-9449,,0,2,2,50,S優先度記事×2|複数記事候補×2
㈱フラオリタヒチ,〒140-0013 東京都品川区南大井３丁目２０-１１ 伊藤ビル 201,https://www.hulaoritahiti.jp/,03-6433-2981,,0,2,2,50,S優先度記事×2|複数記事候補×2
アテール明大前第１スタジオ（レンタルスタジオTerritory M ）,〒156-0043 東京都世田谷区松原２丁目４２-７ 第２松岡ビル ２F,https://a-terre.com/territorym/,,,0,2,2,50,S優先度記事×2|複数記事候補×2
仕田原 京 バレエスタジオ,〒158-0082 東京都世田谷区等々力２丁目１８-７,http://www.miyako-ballet.biz/,03-5707-0863,,0,2,2,50,S優先度記事×2|複数記事候補×2
スタジオ・リアル,〒164-0013 東京都中野区弥生町１丁目５５-１１ エムエスエスビル 2Ｆ,,03-3372-4366,,0,2,2,50,S優先度記事×2|複数記事候補×2
スタジオ川口,〒182-0024 東京都調布市布田１丁目29-２ B1,https://chofu.com/tensi,090-1809-3834,,0,3,1,50,S優先度記事×1|複数記事候補×3|候補少記事に出現
スタジオベルゼ-Studio Verger-,〒185-0021 東京都国分寺市南町２丁目１３-５ 地下1F ベルゼ国分寺,https://ameblo.jp/studioverger,042-323-3066,,0,3,1,50,S優先度記事×1|複数記事候補×3|候補少記事に出現
スペースアルファ㈱光音社,〒168-0064 東京都杉並区永福４丁目１９-７ ハイツ セキ B1F,,03-3313-7181,,0,2,2,50,S優先度記事×2|複数記事候補×2
スタジオレブローテ,〒133-0052 東京都江戸川区東小岩５丁目４-１４ 小岩セントラルビル,http://www.studio-rebrote.com/,03-5694-3670,,0,3,1,50,S優先度記事×1|複数記事候補×3|候補少記事に出現
スタジオＰＯＰ,〒185-0022 東京都国分寺市東元町２丁目２０-１１ アーバンコア,http://www.studio-pop.com/,042-323-8706,,0,3,1,50,S優先度記事×1|複数記事候補×3|候補少記事に出現
スペースアルファ,〒168-0064 東京都杉並区永福４丁目１９-７ ハイツセキ,,03-3313-7182,,0,2,2,50,S優先度記事×2|複数記事候補×2
楽?can,〒164-0012 東京都中野区本町２丁目５-７,http://rakucan.com/,03-6304-2118,,0,2,2,50,S優先度記事×2|複数記事候補×2
LIGHT WORKS STUDIO,〒153-0052 東京都目黒区祐天寺１丁目２２-６,https://www.lightworks-studio.jp/,03-5720-8673,,0,2,2,50,S優先度記事×2|複数記事候補×2
IK noelle Ballet Contemporary,〒156-0057 東京都世田谷区上北沢３丁目３３-５,https://www.iknoelleballetcontemporary.com/,,,0,2,2,50,S優先度記事×2|複数記事候補×2
ENJOINT DANCE CLUB,〒153-0061 東京都目黒区中目黒３丁目５-１８-３１２,http://www.enjoint.tokyo/,,,0,2,2,50,S優先度記事×2|複数記事候補×2
レンタルスタジオ ATELIER K.K. ?アトリエKK?,〒153-0051 東京都目黒区上目黒１丁目５-１０ 中目黒マンションB1F?11号室,,03-6906-6076,,0,2,2,50,S優先度記事×2|複数記事候補×2
ナッツ・レンタル・スタジオ,〒114-0014 東京都北区田端４丁目１-１１ クレールビル 1F,http://www.nuts-vocal.com/studio.html,0120-772-466,,0,3,1,50,S優先度記事×1|複数記事候補×3|候補少記事に出現
ダンスホール ESPACE,〒168-0074 東京都杉並区上高井戸１丁目２-１ 地下１階 第１八幡山マンション,http://dancehall-espace.com/,080-5374-2028,,0,2,2,50,S優先度記事×2|複数記事候補×2
Gloire Ballet Studio,〒182-0022 東京都調布市国領町４丁目9-４ 九曜国領駅前ビル 4F,https://gloire-ballet-studio.com/,042-444-7473,,0,3,1,50,S優先度記事×1|複数記事候補×3|候補少記事に出現
Ballet Fl?gel バレエフリューゲル,〒206-0011 東京都多摩市関戸４丁目７３ ヴィータアネックスよこくらビル 3階,http://tama-cul.com/2023/09/21/ballet-flugel/,,,0,3,1,50,S優先度記事×1|複数記事候補×3|候補少記事に出現
バレエスタジオＭＯＭＯ,〒171-0043 東京都豊島区要町３丁目２３-１１ カーサプリマ,http://balletstudiomomo.com/about/,070-3846-8465,,0,2,2,50,S優先度記事×2|複数記事候補×2
Clover 26,〒206-0033 東京都多摩市落合２丁目３３ 2階,https://www.clover26.com/,042-319-6001,,0,3,1,50,S優先度記事×1|複数記事候補×3|候補少記事に出現
Casa Mia Studio カザミアスタジオ ダンス,〒151-0064 東京都渋谷区上原１丁目２２-３ B1F むさしビル,http://casamiastudio.jp/,03-5790-5710,,0,2,2,50,S優先度記事×2|複数記事候補×2
フラメンコスタジオマリ池袋,〒170-0013 東京都豊島区東池袋１丁目４７-５ B1,https://flamenco-mari.com/,090-9207-4070,,0,2,2,50,S優先度記事×2|複数記事候補×2
バレエアトリエ クレール,〒206-0034 東京都多摩市 鶴牧3-4 1C,http://www.clair-ballet.com/,042-371-0466,,0,3,1,50,S優先度記事×1|複数記事候補×3|候補少記事に出現
ミハタホール,〒168-0074 東京都杉並区上高井戸１丁目２-１ 第１八幡山マンション地下１階,,03-3302-2632,,0,2,2,50,S優先度記事×2|複数記事候補×2
石原ダンスクラブ コモレ四谷店,〒160-0004 東京都新宿区四谷１丁目６-1 213,http://ishiharadance.jp/,,,0,2,2,50,S優先度記事×2|複数記事候補×2
RSC MASAMI STUDIO,〒130-0013 東京都墨田区錦糸３丁目１１-１ 興和2ビル 6F,http://www.masamistudio.com/,03-3621-8648,,0,3,1,50,S優先度記事×1|複数記事候補×3|候補少記事に出現
タカノ,〒124-0011 東京都葛飾区四つ木１丁目４７-１５,http://www.takano-gallery.com/,03-3693-2611,,0,3,1,50,S優先度記事×1|複数記事候補×3|候補少記事に出現
月島スタジオ,〒104-0052 東京都中央区月島１丁目１４-７,https://www.daikanyamastudio.jp/studio_space/studio_tsukishima/,03-6890-0789,,0,2,2,50,S優先度記事×2|複数記事候補×2
Manohiva Japan,〒140-0013 東京都品川区南大井３丁目２０-１１ 伊藤ビル 201,https://www.manohivajapan.net/,090-4811-8040,,0,2,2,50,S優先度記事×2|複数記事候補×2
Mazuka Dance Company,〒168-0064 東京都杉並区永福１丁目３９-１３ 1F,https://mazuka-studio.com/,03-6265-7333,,0,2,2,50,S優先度記事×2|複数記事候補×2
桜新町studio,〒154-0015 東京都世田谷区桜新町１丁目３３-１３,https://www.instabase.jp/space/2094,,,0,2,2,50,S優先度記事×2|複数記事候補×2
布川ダンスカンパニー,〒111-0036 東京都台東区松が谷１丁目９-１３ 高橋総本店,http://nunokawa-dance.la.coocan.jp/,03-3843-3458,,0,2,2,50,S優先度記事×2|複数記事候補×2
スタジオマーティ / STUDIO marty 池袋出張所,"いちご東池袋ビル 6f, １丁目-３４-５ 東池袋 豊島区 東京都 170-0013",https://www.studiomarty.co.jp/tokyo-mitakeio/,,,0,2,2,50,S優先度記事×2|複数記事候補×2
スタジオ・エルカミーノ,〒133-0057 東京都江戸川区西小岩１丁目１９-３２,http://elcamino-koiwa.com/,03-3671-3309,,0,3,1,50,S優先度記事×1|複数記事候補×3|候補少記事に出現
AAPA 日の出町団地スタジオ,〒120-0021 東京都足立区日ノ出町２７ 日の出町団地１号棟 １０３,https://aapa.jp/,070-6457-8036,,0,3,1,50,S優先度記事×1|複数記事候補×3|候補少記事に出現
Dance Studio Bingo（日野Bingo）,〒191-0062 東京都日野市多摩平１丁目4-１５ ダイマルビル 2階,https://dancestudio-bingo.com/,,,0,2,1,45,S優先度記事×1|複数記事候補×2|候補少記事に出現
Fairy Ballet Studio,〒189-0022 東京都東村山市野口町１丁目３-３ アドヴァンス東村山 ３F,https://www.fairy-ballet.net/,080-2331-6323,,0,2,1,45,S優先度記事×1|複数記事候補×2|候補少記事に出現
東京バレエ学園,〒191-0053 東京都日野市豊田４丁目４５-３,http://www.tokyo-ballet.co.jp/,042-581-5515,,0,2,1,45,S優先度記事×1|複数記事候補×2|候補少記事に出現
"学園坂スタジオ（E,Fスタジオ）",〒187-0045 東京都小平市学園西町２丁目１４-２０,https://www.gakuenzaka.com/,042-202-0423,,0,2,1,45,S優先度記事×1|複数記事候補×2|候補少記事に出現
ダンススタジオ ユー,〒183-0015 東京都府中市清水が丘１丁目１-３,http://dance-studio-you.sakura.ne.jp/,042-360-3595,,0,2,1,45,S優先度記事×1|複数記事候補×2|候補少記事に出現
STUDIO CHACHA,〒187-0035 東京都小平市小川西町４丁目１４-２２,,,,0,2,1,45,S優先度記事×1|複数記事候補×2|候補少記事に出現
カルチャースタジオ花,〒187-0003 東京都小平市花小金井南町１丁目１４-２４,https://www.kodaira-net.jp/kd1134338/,,,0,2,1,45,S優先度記事×1|複数記事候補×2|候補少記事に出現
HIRAYAMA studio立石,〒124-0012 東京都葛飾区立石１丁目２２-７,https://hirayamastudio.com/tateishi.html,090-5419-4965,,0,2,1,45,S優先度記事×1|複数記事候補×2|候補少記事に出現
J.K.キューブ101スタジオエチュード,〒182-0007 東京都調布市菊野台１丁目２０-５,https://www.studioasp.com/mdata/detail.aspx?i=13031,090-4969-7531,,0,2,1,45,S優先度記事×1|複数記事候補×2|候補少記事に出現
田中美穂フラメンコスタジオ,〒155-0031 東京都世田谷区北沢４丁目３-２３,https://najahouse.jp/school/30-4,03-3485-2620,,0,2,1,45,S優先度記事×1|複数記事候補×2|候補少記事に出現
ヨガスタジオ Peace of Mind,〒162-0041 東京都新宿区早稲田鶴巻町５４６ 新滝沢ビル 4階,http://www.peaceofmind.tokyo/,,,0,2,1,45,S優先度記事×1|複数記事候補×2|候補少記事に出現
自由が丘バレエレンタルスタジオ＆ピアノスタジオ 『バレット＆ピアノフォルテ』,〒158-0083 東京都世田谷区奥沢１丁目４４-２ 山里ビル,http://balletto-pianoforte.com/,03-5499-5228,,0,2,1,45,S優先度記事×1|複数記事候補×2|候補少記事に出現
駒場アートワークス,〒153-0041 東京都目黒区駒場２丁目１２-２,https://www.artworks-st.com/komaba,03-3404-1004,,0,2,1,45,S優先度記事×1|複数記事候補×2|候補少記事に出現
K2studio,〒182-0002 東京都調布市仙川町１丁目２７-２４,http://www.k2-studio.info/K2studio/,03-5314-9974,,0,2,1,45,S優先度記事×1|複数記事候補×2|候補少記事に出現
STUDIOフェーム,〒124-0024 東京都葛飾区新小岩１丁目４２-４ 明治屋ビル,,090-8031-8390,,0,2,1,45,S優先度記事×1|複数記事候補×2|候補少記事に出現
スタジオ21（レンタルスタジオ）,"竹中シャルム B1, ３丁目-１-３ 浅草橋 台東区 東京都 111-0053",https://upnow.jp/studio21/asakusabashi,080-6600-1221,,0,2,1,45,S優先度記事×1|複数記事候補×2|候補少記事に出現
スタジオクレイン鶴川,〒195-0053 東京都町田市能ヶ谷２丁目１２,http://studio-crane-tsurukawa.com/,,,0,2,1,45,S優先度記事×1|複数記事候補×2|候補少記事に出現
サン・スタジオ,〒152-0034 東京都目黒区緑が丘２丁目７-８,,03-5729-0065,,0,2,1,45,S優先度記事×1|複数記事候補×2|候補少記事に出現
鏡陽司ダンススタジオ,〒187-0035 東京都小平市小川西町３丁目１９-１ ハイム?Ⅱビル １F,https://startskoko.wixsite.com/mysite6,042-344-7177,,0,2,1,45,S優先度記事×1|複数記事候補×2|候補少記事に出現
あやこバレエスタジオ,〒156-0051 東京都世田谷区４６ 宮坂3-46-3-1F,http://ayako-ballet-studio.tokyo/,090-8773-6789,,0,2,1,45,S優先度記事×1|複数記事候補×2|候補少記事に出現
エコール・ド・バレエ・エタンセル,〒186-0002 東京都国立市東１丁目15-２２ 国立サニービル 4F B号室,https://etincelle-ballet.com/,,,0,2,1,45,S優先度記事×1|複数記事候補×2|候補少記事に出現
レンタルホールフレンド永山,〒206-0024 東京都多摩市諏訪２丁目１２-１２ アクロスビル 2階,,042-339-1925,,0,2,1,45,S優先度記事×1|複数記事候補×2|候補少記事に出現
I.G.Oスタジオ,"4F, ３丁目-５-１ 西日暮里 荒川区 東京都 116-0013",http://igomusic.jp/,03-5848-4032,,0,4,1,40,S優先度記事×1|複数記事候補×4
八王子フラスタジオ Mauna leo（マウナレオ）,〒192-0046 東京都八王子市明神町２丁目10-１０ 3階,https://hachioji.mypl.net/shop/00000369954/,090-2932-7659,,0,4,1,40,S優先度記事×1|複数記事候補×4
BUZZ レンタルスタジオ 西日暮里店,〒116-0013 東京都荒川区西日暮里５丁目２４-２ Ｋ．Ｉビル 地下1階,,,,0,4,1,40,S優先度記事×1|複数記事候補×4
吉祥寺 吉すた レンタルスタジオ,〒180-0003 東京都武蔵野市吉祥寺南町２丁目２０-８ Ｋ＆Ｆビル 1Ｆ,https://kichijoji.studiosquare.jp/,03-5822-4050,,0,4,1,40,S優先度記事×1|複数記事候補×4
吉祥寺ダンスガレージ レンタルスタジオ,〒180-0003 東京都武蔵野市吉祥寺南町２丁目２９-１２ 1F 東伸自動車株式会社ビル,https://garage.studiosquare.jp/,03-5822-4050,,0,4,1,40,S優先度記事×1|複数記事候補×4
studio SHEEP（スタジオシープ）,〒135-0003 東京都江東区猿江２丁目２-９ 鈴木ビル 1F,https://studio-sheep.com/,03-6659-5345,,0,4,1,40,S優先度記事×1|複数記事候補×4
ダンススタジオ ability,〒192-0066 東京都八王子市本町２４-８ クラフトビル 1F,https://studio-ability.com/,,,0,4,1,40,S優先度記事×1|複数記事候補×4
撮影スタジオ【スタジオトランバネーロ】,〒115-0045 東京都北区赤羽１丁目５１-４ 赤銀ビル 201号,http://studio-tranbanero.jp/,070-4762-9950,,0,4,1,40,S優先度記事×1|複数記事候補×4
白樺ドレス,〒116-0013 東京都荒川区西日暮里５丁目１４-１ 太陽ビル 2F,https://www.shirakabadress.com/,03-3805-2975,,0,4,1,40,S優先度記事×1|複数記事候補×4
M Ballet Studio,〒192-0902 東京都八王子市上野町１７-５ SKダンススタジオ 内,,090-4069-3278,,0,4,1,40,S優先度記事×1|複数記事候補×4
MIZUE Ballet School,〒179-0076 東京都練馬区土支田１丁目２８-１４ ３F,https://sites.google.com/site/mizueballet/,090-6019-1142,,0,4,1,40,S優先度記事×1|複数記事候補×4
長谷川政義ダンスワールド,〒116-0013 東京都荒川区西日暮里６丁目４７-８ サンライズ21 2F,http://hm-dw.com/,03-6807-8645,,0,4,1,40,S優先度記事×1|複数記事候補×4
ＤＡＮＣＥＳＴＵＤＩＯ・ＢＩＮＧＯ,〒192-0083 東京都八王子市旭町１３-２５,https://dancestudio-bingo.com/,042-645-5507,,0,3,1,35,S優先度記事×1|複数記事候補×3
BUZZ レンタルスタジオ 日暮里店,〒116-0014 東京都荒川区東日暮里６丁目６０-９ 日暮里駅前ビル B1F,,,,0,3,1,35,S優先度記事×1|複数記事候補×3
STUDIOピア Pia31 ベイサイド,〒136-0082 東京都江東区新木場２丁目１-２３,https://www.studio-pia.com/,03-5606-5461,,0,3,1,35,S優先度記事×1|複数記事候補×3
StudioNEXUS石神井校,〒177-0041 東京都練馬区石神井町６丁目３２-２０,https://nfc-dance.com/,03-6753-0989,,0,3,1,35,S優先度記事×1|複数記事候補×3
#ERROR!,〒136-0075 東京都江東区新砂３丁目４-３１ ＳＵＮＡＭＯ4Ｆ 南砂町ショッピングセンタ,https://www.arc-web.com/kids/?utm_source=google&utm_medium=map&utm_content=sunamo&utm_campaign=MAP-sunamo,072-242-3074,,0,3,1,35,S優先度記事×1|複数記事候補×3
Brilliant Me Dance Studio 鹿浜校,〒123-0864 東京都足立区鹿浜７丁目１２-４,http://brilliant-me.com/,03-3857-6111,,0,3,1,35,S優先度記事×1|複数記事候補×3
バーミリオン フェニックス チアダンス スタジオ,〒176-0023 東京都練馬区中村北１丁目５-９ 第二永崎ビル,,,,0,3,1,35,S優先度記事×1|複数記事候補×3
Cuuby dance school,,,090-9202-9872,,0,3,1,35,S優先度記事×1|複数記事候補×3
練馬 RB レンタルスタジオ,〒176-0023 東京都練馬区中村北１丁目５-９ 第二永崎ビル 4階,https://nerima.studiosquare.jp/,03-5822-4050,,0,3,1,35,S優先度記事×1|複数記事候補×3
スタジオBOS,〒174-0065 東京都板橋区若木１丁目２６-９,http://www.studio-bos.com/,03-6795-4845,,0,3,1,35,S優先度記事×1|複数記事候補×3
森下スタジオ,〒135-0004 東京都江東区森下３丁目５-６,https://www.saison.or.jp/studio,03-5624-5951,,0,3,1,35,S優先度記事×1|複数記事候補×3
ダンススタジオ ハッピーターン,〒130-0026 東京都墨田区両国４丁目１８-４,http://www.happy-turn.com/,080-4185-4202,,0,3,1,35,S優先度記事×1|複数記事候補×3
レンタルスタジオ8 NORTH GATE,〒193-0931 東京都八王子市台町２丁目１１-２１ 2F,http://studio.8ng.net/,080-9540-8261,,0,3,1,35,S優先度記事×1|複数記事候補×3
御殿山永谷ダンススタジオ,〒180-0005 東京都武蔵野市御殿山１丁目６-４ 太陽ビル,http://www.ntgp.co.jp/,0422-21-9325,,0,3,1,35,S優先度記事×1|複数記事候補×3
SUMUZO STUDIO SHINBASHI,〒105-0004 東京都港区新橋６丁目７-３ アシスト新橋ビル,https://studio.sumuzo.info/,,,0,3,1,35,S優先度記事×1|複数記事候補×3
スタジオマーティ / STUDIO marty 銀座出張所,〒104-0061 東京都中央区銀座７丁目１３-６ サガミビル 2階,https://www.studiomarty.co.jp/tokyo-mitakeio/,,,0,3,1,35,S優先度記事×1|複数記事候補×3
SIM STUDIO 西新井,〒123-0872 東京都足立区江北７丁目２７-６ ＩＥＰＪＡＰＡＮ,https://www.sim-nishiarai.com/,0120-154-646,,0,3,1,35,S優先度記事×1|複数記事候補×3
STRADA STUDIO,〒179-0071 東京都練馬区旭町１丁目８-１ ３F,https://stradastudio1.wixsite.com/strada,080-4936-3660,,0,3,1,35,S優先度記事×1|複数記事候補×3
スポーツクラブ ルネサンス 光が丘,〒179-0075 東京都練馬区高松５丁目８ J．CITYビル 1階,https://www.s-re.jp/hikarigaoka/?utm_source=google&utm_medium=gMybusiness,03-5372-4400,,0,3,1,35,S優先度記事×1|複数記事候補×3
スタジオ ジュエル,〒179-0075 東京都練馬区高松１丁目１２-８,http://www.studiojewel-r.com/,090-4835-3767,,0,3,1,35,S優先度記事×1|複数記事候補×3
ジョイ・バレエ ストゥーディオ 平和台スタジオ,〒179-0083 東京都練馬区平和台３丁目１５-１１ 飯塚ダンススタジオ,https://joy-ballet-studio.com/,090-9802-6402,,0,3,1,35,S優先度記事×1|複数記事候補×3
studio 001,〒115-0055 東京都北区２３ 東京都北区 赤羽西3-23-1 001,,090-2627-9751,,0,3,1,35,S優先度記事×1|複数記事候補×3
スタジオカリヨン,〒179-0081 東京都練馬区北町５丁目１８-４ スズキプリンティングサービス,https://www.e-sps.net/carillon/,03-5920-3041,,0,3,1,35,S優先度記事×1|複数記事候補×3
八王子レンタルスタジオ・アドレ,〒193-0832 東京都八王子市散田町５丁目１２-５ 散田B1F パラドール,https://rentalstudio-adorea.com/,,,0,3,1,35,S優先度記事×1|複数記事候補×3
TERAKOYA studio,〒434-0004 静岡県浜松市浜北区宮口４９０７,https://www.terakoyastudio.com/,090-3424-0577,,0,3,1,35,S優先度記事×1|複数記事候補×3
スタジオプレステージ 根津スタジオ,〒110-0001 東京都台東区谷中２丁目６-５０,http://studio-prestige.co.jp/nedu.html,03-6427-5421,,0,3,1,35,S優先度記事×1|複数記事候補×3
バレエスタジオ ソレイユ 大阪高槻校,〒569-1121 大阪府高槻市真上町３丁目１０-１２,http://takatsuki.ballet-studio-soleil.com/,,,0,2,1,30,S優先度記事×1|複数記事候補×2
社交ダンススタジオリハーサル,〒208-0023 東京都武蔵村山市伊奈平６丁目２２-４,http://www.st-rehearsal.com/,042-560-3027,,0,2,1,30,S優先度記事×1|複数記事候補×2
Hula Studio Huali,〒984-0838 宮城県仙台市若林区上飯田１丁目１９-５０,http://huali.venus.bindcloud.jp/,090-6686-5815,,0,2,1,30,S優先度記事×1|複数記事候補×2
松井亜希子 バレエスタジオ,〒169-0051 東京都新宿区西早稲田２丁目１０-２,http://akikomatsui-balletstudio.com/,080-2267-0098,,0,2,1,30,S優先度記事×1|複数記事候補×2
Mailani feel art studio,〒153-0064 東京都目黒区下目黒５丁目１-１２ 2F,http://mailani-fas.co.jp/,03-5722-9785,,0,2,1,30,S優先度記事×1|複数記事候補×2
ダンススタジオR 小杉レンタルスタジオ,〒211-0062 神奈川県川崎市中原区小杉陣屋町１丁目２３-７,,,,0,2,1,30,S優先度記事×1|複数記事候補×2
ダンススタジオブリリアント,〒669-1522 兵庫県三田市下田中５８７-１,https://dancestudio-brilliant.jimdofree.com/,090-3999-9623,,0,2,1,30,S優先度記事×1|複数記事候補×2
ダンススタジオhow to fly fellows 新浦安校,〒279-0024 千葉県浦安市港３,https://wazacule.com/,047-355-8300,,0,2,1,30,S優先度記事×1|複数記事候補×2
DANCE STUDIO A??,〒490-1111 愛知県あま市甚目寺八尻90,https://studio-a-heart.com/,090-3262-5577,,0,2,1,30,S優先度記事×1|複数記事候補×2
パルティールバレエスタジオ,〒113-0033 東京都文京区本郷４丁目２５-８ レッチフィールド本郷４丁目3F,https://www.balletstudio-partir.com/,03-5684-2225,,0,2,1,30,S優先度記事×1|複数記事候補×2
ココのスタジオ,〒123-0851 東京都足立区梅田６丁目３３-５ ＳＳＫグリーンパーク梅島駅前 801号室,https://ameblo.jp/magohinyon1214/entry-12804781106.html,,,0,2,1,30,S優先度記事×1|複数記事候補×2
スイープスタジオ,〒173-0004 東京都板橋区板橋２丁目６１-４ 板橋マリオン B1,https://www.on-stage.shop/,,,0,2,1,30,S優先度記事×1|複数記事候補×2
スタジオ イリス,,https://kazumiiris.com/,,,0,2,1,30,S優先度記事×1|複数記事候補×2
BT Dance Studio,〒444-0852 愛知県岡崎市南明大寺町４-１４,http://www.btstudio.jp/,0564-51-5192,,0,2,1,30,S優先度記事×1|複数記事候補×2
ウチノダンススタジオ,〒136-0071 東京都江東区亀戸２丁目３７-９ 第一不動産ビル,,03-3681-2151,,0,3,0,30,複数記事候補×3|候補少記事に出現
キューブキッズスポーツ,〒214-0012 神奈川県川崎市多摩区中野島２丁目９-３０ スポーツキューブ,http://www.asaya-corp.co.jp/contact/,044-933-8866,,0,2,1,30,S優先度記事×1|複数記事候補×2
レンタルリレイション(下馬校),〒985-0835 宮城県多賀城市下馬５丁目１５-２５,http://dance-relation.com/,022-205-5355,,0,2,1,30,S優先度記事×1|複数記事候補×2
エフィと虹色のヴェール十条スタジオ,〒114-0021 東京都北区岸町１丁目６-１９ 青葉ビル,http://effieballetconcert.com/,03-3906-9434,,0,2,1,30,S優先度記事×1|複数記事候補×2
okayレンタルスタジオ(ダンス、楽器練習スタジオ),〒761-1703 香川県高松市香川町浅野69-２,https://sites.google.com/view/okayrental,090-7783-2101,,0,2,1,30,S優先度記事×1|複数記事候補×2
Ｍ＆Ｓダンススタジオ 西葛西スタジオ,〒134-0088 東京都江戸川区西葛西３丁目２-１５ 三谷ビル,http://www.msc-dance.net/,03-6808-5037,,0,2,1,30,S優先度記事×1|複数記事候補×2
ポールダンススタジオBird of Paradise,〒283-0801 千葉県東金市八坂台４丁目12-２４,https://sakurakoggr.wixsite.com/birdofparadise,090-7816-4006,,0,2,1,30,S優先度記事×1|複数記事候補×2
マリーコンツェルト,〒173-0016 東京都板橋区中板橋１８-１１,https://malykoncert.com/,03-5944-2436,,0,2,1,30,S優先度記事×1|複数記事候補×2
ＯＤＦ 大治レンタルダンスフロア,〒490-1142 愛知県海部郡大治町三本木金久７０,https://www.go-odf.com/,080-1579-3772,,0,2,1,30,S優先度記事×1|複数記事候補×2
AK BALLET SCHOOL浦安,〒279-0003 千葉県浦安市海楽１丁目２-６ 2F Room3,https://www.ak-bs.com/,080-6988-2229,,0,2,1,30,S優先度記事×1|複数記事候補×2
ＫＳＣダンススタジオ,〒211-0024 神奈川県川崎市中原区西加瀬１８-６ ＫＳＣハイツ,http://www.ksc-dance.com/,044-433-5173,,0,2,1,30,S優先度記事×1|複数記事候補×2
ハーラウ ナー マモ オ カアラ‐ナゴヤ,〒471-0813 愛知県豊田市野見山町３丁目１６-１,https://kaalanagoya.com/,090-7316-3301,,0,2,1,30,S優先度記事×1|複数記事候補×2
スタジオＤ２,〒113-0001 東京都文京区白山１丁目１８-７ 石川ビル,http://studio-d2.net/,03-3812-1174,,0,2,1,30,S優先度記事×1|複数記事候補×2
NANSO STUDIO,〒298-0133 千葉県いすみ市引田１１８,,080-6781-1024,,0,2,1,30,S優先度記事×1|複数記事候補×2
Refinement リファインメント PBT専門スタジオ,,,080-5958-1808,,0,2,1,30,S優先度記事×1|複数記事候補×2
Ryo Dance Studio,"〒196-0015 東京都昭島市昭和町２丁目２?番, 16号, 4F",http://dancer-ryo.com/,0428-23-8472,,0,2,1,30,S優先度記事×1|複数記事候補×2
SHAKE DANCE STUDIO 橋本校,〒252-0144 神奈川県相模原市緑区東橋本１丁目２４-２０ Ｓ．Ｇ－ＢＬＤ２,http://www.studio-shake.com/,042-703-1809,,0,2,1,30,S優先度記事×1|複数記事候補×2
クボタナオコバレエスタジオ,〒115-0055 東京都北区赤羽西１丁目１-７,https://kubotanaoko-ballet.com/,03-3900-4733,,0,2,1,30,S優先度記事×1|複数記事候補×2
キッズダンススタジオ Sunny Piece,〒350-0056 埼玉県川越市松江町１丁目７-５,https://sunnypiece.jp/kawagoe,,,0,2,1,30,S優先度記事×1|複数記事候補×2
swing swing,〒173-0004 東京都板橋区板橋１丁目３６-６,https://swingswing.roofin.jp/,070-9062-2572,,0,2,1,30,S優先度記事×1|複数記事候補×2
studioハレマニ,〒114-0023 東京都北区滝野川６丁目１１-９,https://www.studio-haremani.com/,,,0,2,1,30,S優先度記事×1|複数記事候補×2
スタジオキャリコ,〒123-0842 東京都足立区栗原３丁目１０-１５ ＴＫＳ税理士ビル,https://calico.xrea.jp/,03-5845-5451,,0,2,1,30,S優先度記事×1|複数記事候補×2
スタジオメッセ,〒176-0001 東京都練馬区練馬４丁目１９ １F メッセ豊島園２号館,https://www.studio-mece.com/,03-3557-0164,,0,2,1,30,S優先度記事×1|複数記事候補×2
スタジオ ルカロ,〒453-0856 愛知県名古屋市中村区並木１丁目１４２,https://www.studio-rucalo.com/,052-485-5155,,0,2,1,30,S優先度記事×1|複数記事候補×2
名古屋今池 NY 9st. Studio ｜ニューヨークナインストリートスタジオ,〒464-0077 愛知県名古屋市千種区神田町３２-１３,https://www.ny9ststudio.com/,090-7952-8973,,0,2,1,30,S優先度記事×1|複数記事候補×2
UBクリエイティブベース,〒448-0011 愛知県刈谷市築地町２丁目１６-２,https://www.ubcb.jp/,0566-87-1409,,0,2,1,30,S優先度記事×1|複数記事候補×2
スタジオ レンズマン芝公園,〒105-0011 東京都港区芝公園２丁目１２-１５ 大国ビル 2F-A,http://lensman.jp/,03-6809-1454,,0,2,1,30,S優先度記事×1|複数記事候補×2
STUDIO PRIME 若葉校,〒350-0214 埼玉県坂戸市千代田３丁目５-１０ 庄司ビル 1F,,049-277-4731,,0,2,1,30,S優先度記事×1|複数記事候補×2
青海R地区,〒135-0064 東京都江東区青海１丁目１ R地区,https://www.tokyo-odaiba.net/parkevent/space/place.html,,,0,2,1,30,S優先度記事×1|複数記事候補×2
Be Rise Dance Studio,〒174-0056 東京都板橋区志村１丁目３２-３０ 山和建物 1階,,03-5918-9035,,0,2,1,30,S優先度記事×1|複数記事候補×2
DANCE STUDIO KOTOHA,〒454-0854 愛知県名古屋市中川区松年町３丁目５０,https://www.dancestudiokotoha.jp/,052-355-8480,,0,2,1,30,S優先度記事×1|複数記事候補×2
DANCE STUDIO NEO,〒444-0009 愛知県岡崎市小呂町２丁目７０,http://www.dance-neo.com/,0564-65-8180,,0,2,1,30,S優先度記事×1|複数記事候補×2
舎人公園陸上競技場,〒121-0837 東京都足立区舎人公園１-１,https://www.tokyo-park.or.jp/park/format/facilities024.html,03-3857-2308,,0,2,1,30,S優先度記事×1|複数記事候補×2
DANCE STUDIO Fossette -フォセット -,〒214-0032 神奈川県川崎市多摩区枡形３丁目２-１９,https://fossette-dance.wixsite.com/home,044-281-5051,,0,2,1,30,S優先度記事×1|複数記事候補×2
テルコ・ダンススタジオ,〒001-0035 北海道札幌市北区北３５条西５丁目１-１５,https://teruko-dance.com/,011-736-3330,,0,2,1,30,S優先度記事×1|複数記事候補×2
"Dance space BUG FIX,",〒283-0826 千葉県東金市山田 字稲荷谷669-38,https://www.studiobugfix.com/,,,0,2,1,30,S優先度記事×1|複数記事候補×2
HYPERMIX門前仲町,〒135-0048 東京都江東区門前仲町１丁目１３-１２,https://hypermix.jp/,03-5875-8320,,0,2,1,30,S優先度記事×1|複数記事候補×2
水村繁子フラメンコスタジオ,〒153-0064 東京都目黒区下目黒２丁目２１-７,http://www.estudioreina.com/,03-3490-4325,,0,2,1,30,S優先度記事×1|複数記事候補×2
梅島ミアスタジオ,〒121-0816 東京都足立区梅島２丁目１９-９,https://www.spacemarket.com/spaces/wj4q6vc5lur1jgmm/,,,0,2,1,30,S優先度記事×1|複数記事候補×2
LIBRA SQUARE 三ノ輪スタジオ,〒116-0003 東京都荒川区南千住１丁目１５-４,http://liberus-grp.com/studio/,,,0,2,1,30,S優先度記事×1|複数記事候補×2
GUIDANCE DANCE STUDIO,〒987-0702 宮城県登米市登米町寺池目子待井34,https://www.guidance-studio.com/,,,0,2,1,30,S優先度記事×1|複数記事候補×2
ダンススタジオ・スターハウス,〒279-0013 千葉県浦安市日の出５丁目６-１,http://star-house.moo.jp/,070-6426-1476,,0,2,1,30,S優先度記事×1|複数記事候補×2
ダンススペースオオヤ,〒130-0024 東京都墨田区菊川２丁目６-１４ マーベラスビル5F,http://www.ds-ohya.com/,03-3634-5602,,0,2,1,30,S優先度記事×1|複数記事候補×2
レンタルスタジオ man?ge,〒569-1121 大阪府高槻市真上町３丁目１０-１２,https://manege-studio.com/,,,0,2,1,30,S優先度記事×1|複数記事候補×2
SK.DANCE STUDIO 赤羽 チアダンススタジオ,〒115-0044 東京都北区赤羽南１丁目３-１ 高橋ビル 1F,https://sk-dancestudio.themedia.jp/,080-3211-4682,,0,2,1,30,S優先度記事×1|複数記事候補×2
SPACE BUNNY,〒289-1123 千葉県八街市滝台１１８３-１,http://asaka-dc.com/,043-440-5554,,0,2,1,30,S優先度記事×1|複数記事候補×2
S.O.L.A.studio&bodyworks,〒439-0037 静岡県菊川市西方１２９４-１,http://www.sola-studio.com/,0537-64-6300,,0,2,1,30,S優先度記事×1|複数記事候補×2
ダンススタジオ新宿（レンタルスタジオ）,〒350-1124 埼玉県川越市新宿町５丁目１９-５８,,090-9366-7332,,0,2,1,30,S優先度記事×1|複数記事候補×2
ダンススタジオファンデーション 一宮校,〒299-4303 千葉県長生郡一宮町東浪見７４２７-２,http://www.fun-d-tion.net/,0475-28-9203,,0,2,1,30,S優先度記事×1|複数記事候補×2
スタジオＤＤＦ,〒134-0088 東京都江戸川区西葛西５丁目５-１５,http://www.studio-ddf.com/,03-6808-0052,,0,2,1,30,S優先度記事×1|複数記事候補×2
島村楽器 イオンモール札幌平岡店,〒004-0873 北海道札幌市清田区平岡３条５丁目３-１ イオンモール札幌平岡 2F,https://www.shimamura.co.jp/shop/sapporo-h/?utm_source=gmb&utm_medium=organic,011-889-5120,,0,2,1,30,S優先度記事×1|複数記事候補×2
大宮 ラージス レンタルスタジオ,〒330-0846 埼玉県さいたま市大宮区大門町３丁目８２-３ 大和（やまと）ビル3F,https://omiya.studiosquare.jp/,03-5822-4050,,0,2,1,30,S優先度記事×1|複数記事候補×2
レンタルスタジオ・ジェッター,〒409-0112 山梨県上野原市上野原１００１ 協栄ビル,http://www.kyoei-1001.com/?page_id=2585,0554-63-6850,,0,1,1,25,S優先度記事×1
菅井ダンス・スタジオ,〒984-0053 宮城県仙台市若林区連坊小路６０-２,http://sugai-dance.com/,022-354-1754,,0,1,1,25,S優先度記事×1
Asia Ballet Agency,〒164-0013 東京都中野区弥生町１丁目４３-１ アーデルホーフ弥生町,https://www.asiaballet.net/,03-6300-9560,,0,1,1,25,S優先度記事×1
ミタニダンススタジオ,〒522-0201 滋賀県彦根市高宮町１５５５-１,http://www.mitani-dance.com/,0749-26-0762,,0,1,1,25,S優先度記事×1
ＭＩＫＩバレエスタジオ,〒178-0063 東京都練馬区東大泉３丁目５０-３,https://miki-ballet.p-kit.com/,03-5387-5739,,0,2,0,25,複数記事候補×2|候補少記事に出現
アートスタジオバレエ,〒206-0812 東京都稲城市矢野口１６６５,http://art-studio-ballet.jp/,042-378-3409,,0,1,1,25,S優先度記事×1
アナログスタジオ,"笹屋ビル ２F, ４丁目-３４-８ 両国 墨田区 東京都 130-0026",https://www.analog-st.com/,,,0,2,0,25,複数記事候補×2|候補少記事に出現
スタジオグロウ,〒164-0003 東京都中野区東中野１丁目４-４,http://studio-glow.jp/,,,0,1,1,25,S優先度記事×1
Funky Gang Dance Studio,〒194-0022 東京都町田市森野１丁目９-１７ B1,https://www.funky-gang.com/,042-851-7225,,0,2,0,25,複数記事候補×2|候補少記事に出現
DANCE STUDIO BAUM,〒204-0022 東京都清瀬市松山３丁目３-２ 地下一階 コーポラスＢ＆Ｍ,https://www.studio-baum.net/,070-8974-2104,,0,1,1,25,S優先度記事×1
A.K.バレエスタジオ,〒201-0013 東京都狛江市元和泉１丁目２-１ 貸スタジオノタリーノ2F HOPOホール,https://akballetstudio.amebaownd.com/,080-7852-0777,,0,1,1,25,S優先度記事×1
Dance School & Studio Upbeat,〒676-0808 兵庫県高砂市米田町神爪１０９-１,https://danceschool-upbeat.com/,079-441-9181,,0,1,1,25,S優先度記事×1
ダンススタジオ セピア,〒272-0033 千葉県市川市市川南３丁目１４-１６,https://peraichi.com/landing_pages/view/studio-sepia/,047-324-3235,,0,1,1,25,S優先度記事×1
ダンススタジオｉｎｇ,〒812-0053 福岡県福岡市東区箱崎２丁目４１-７,http://dance-ing.com/,092-643-1539,,0,1,1,25,S優先度記事×1
ダンスルームAA,〒151-0063 東京都渋谷区富ケ谷２丁目９-１３ ワイズファースト B1F,https://danceroomaa.com/,,,0,1,1,25,S優先度記事×1
Sweet Fairy バレエスタジオ,〒156-0057 東京都世田谷区上北沢１丁目３６-８,https://www.sweet-fairy-ballet.com/,080-1124-3918,,0,1,1,25,S優先度記事×1
エーススタジオ,〒190-0022 東京都立川市錦町１丁目１０-９ 米澤ビル 2F,,042-540-6877,,0,2,0,25,複数記事候補×2|候補少記事に出現
スタジオ ACTY,〒190-0023 東京都立川市柴崎町３丁目１４-６,http://studio-acty.com/,090-2155-7991,,0,2,0,25,複数記事候補×2|候補少記事に出現
多々納みわ子バレエスタジオ,〒142-0041 東京都品川区戸越１丁目１９-３,http://www.ballet-studio.com/,03-3490-4672,,0,1,1,25,S優先度記事×1
Studio LIBRE（スタジオ リーブル）,〒215-0025 神奈川県川崎市麻生区五力田２丁目８-３,https://www.studio-libre.com/,044-701-3150,,0,1,1,25,S優先度記事×1
アイスタジオ,〒201-0014 東京都狛江市東和泉３丁目６-４ １F＆BF 泉プラザ,http://www.iistudio.jp/,03-3489-2433,,0,1,1,25,S優先度記事×1
NEW STEP Dance Arts Studio,〒580-0024 大阪府松原市東新町４丁目８-２８,https://www.newstepdanceartsstudio.com/,,,0,1,1,25,S優先度記事×1
レンタルスタジオ マイレッスン 町田スタジオ2号,〒194-0021 東京都町田市中町１丁目１５-１１,,,,0,2,0,25,複数記事候補×2|候補少記事に出現
桜丘けい子ジャズダンススタジオ,〒275-0016 千葉県習志野市１１ 習志野市津田沼２丁目１１-２０ ハイツエバグリーン津田沼二号棟 1F,https://sakuraokajazz.wixsite.com/sakujazz,047-475-5696,,0,1,1,25,S優先度記事×1
ＹＡＲＩＴＡＹＵ‐ＢＡＬＬＥＴ・ＳＴＵＤＩＯ,〒206-0824 東京都稲城市若葉台２丁目４-２,,042-350-2522,,0,1,1,25,S優先度記事×1
Fine Studio,〒332-0017 埼玉県川口市栄町３丁目３-３ 3F,http://www.go2fine.com/,090-2926-6574,,0,1,1,25,S優先度記事×1
Fali studio ファリ レンタルスペース,〒182-0012 東京都調布市深大寺東町６丁目28-２,https://upnow.jp/jindaijispace,,,0,1,0,20,候補少記事に出現
森谷クラシックバレエ,〒195-0064 東京都町田市小野路町２０７３-３ スタジオK 内,http://www.moriya-classicballet.com/,042-736-1851,,0,1,0,20,候補少記事に出現
レンタルスタジオ・Ｆ,〒187-0032 東京都小平市小川町１丁目８３８,,042-341-7910,,0,1,0,20,候補少記事に出現
Amiバレエアート,"晴見町1-2-1 スミレビル2階, 府中市 東京都 183-0057",http://www.ami-ballet.com/,090-9342-9033,,0,1,0,20,候補少記事に出現
Amiバレエダンスアーツ,〒183-0055 東京都府中市府中町２丁目２２-８,http://www.ami-ballet.com/,090-9342-9033,,0,1,0,20,候補少記事に出現
スマイルスタジオTAKANO,〒124-0011 東京都葛飾区四つ木１丁目４７-１５,http://takano-gallery.com/,03-3693-3117,,0,1,0,20,候補少記事に出現
SK,〒192-0902 東京都八王子市上野町１７-５,http://www.sk-dancestudio.com/,042-625-2245,,0,2,0,10,複数記事候補×2
リーホースタジオ,〒136-0075 東京都江東区新砂３丁目５-３３ ＤＰＬ南砂 ４階,https://lee-hos-studio.com/,080-7832-9855,,0,2,0,10,複数記事候補×2
studio KAJIMAYA,〒192-0074 東京都八王子市天神町２１-２,https://studiokajimaya.com/,,,0,2,0,10,複数記事候補×2
ブロックオン,〒180-0002 東京都武蔵野市吉祥寺東町１丁目２-２ オリエントプラザ丹野,,0422-21-8223,,0,2,0,10,複数記事候補×2
花柳 珠絃,〒123-0873 東京都足立区扇１丁目４４-３,https://www.hanayagi-tamaito.com/about_us/,03-3856-5650,,0,1,0,5,一般候補
ＧＯＣＯＯスタジオ,〒174-0041 東京都板橋区舟渡２丁目２０-８,http://stunt-japan.com/,03-5392-4059,,0,1,0,5,一般候補
OKUTAMA＋,〒198-0102 東京都西多摩郡奥多摩町川井５９４,https://okutamaplus.com/,0428-85-8575,,0,1,0,5,一般候補
斉藤ひろ子バレエスタジオ,〒120-0011 東京都足立区中央本町１丁目１２-１０,http://saito-bs.o.oo7.jp/,03-3840-0980,,0,1,0,5,一般候補
