タイトル,住所,dslurl,Webサイト,電話番号,営業時間,rental,longitude,latitude,pref,primary_station,distance_to_primary_station_m,candidate_stations,station_count,ward,primary_area,candidate_areas,article_tags,is_partner,partner_link,partner_priority
スタジオハイシー,〒160-0023 東京都新宿区西新宿３丁目２-２７ 第7 7 オーチュー B1階,,https://studio-hide-and-seek.co.jp/,,"2024-02-29 木曜日 24 時間営業
2024-03-01 金曜日 24 時間営業
2024-03-02 土曜日 24 時間営業
2024-03-03 日曜日 24 時間営業
2024-03-04 月曜日 24 時間営業
2024-03-05 火曜日 24 時間営業
2024-03-06 水曜日 24 時間営業",1.0,139.6938695,35.6871346,東京,新宿駅,714.0,新宿駅|代々木駅|西武新宿駅,3.0,新宿区,新宿,新宿|西新宿|高田馬場|新大久保,area:新宿|station:新宿駅|station:代々木駅|station:西武新宿駅|feature:24h|feature:midnight,0,,0
レンタルスタジオswamp西新宿,〒160-0023 東京都新宿区西新宿５丁目２１-５ ＢＩＴ西新宿 B01号室,,https://www.st-swamp2023.com/,,"2024-02-29 木曜日 24 時間営業
2024-03-01 金曜日 24 時間営業
2024-03-02 土曜日 24 時間営業
2024-03-03 日曜日 24 時間営業
2024-03-04 月曜日 24 時間営業
2024-03-05 火曜日 24 時間営業
2024-03-06 水曜日 24 時間営業",1.0,139.6840186,35.6922065,東京,西新宿五丁目駅（清水橋）,264.0,西新宿五丁目駅（清水橋）|中野坂上駅|都庁前駅|西新宿駅|中野新橋駅|初台駅|新宿西口駅|新中野駅|西武新宿駅|新宿駅,0.0,新宿区,新宿,新宿|西新宿|高田馬場|新大久保,area:新宿|feature:24h|feature:midnight,0,,0
ソニズレンタルスタジオ新宿店,〒160-0023 東京都新宿区西新宿７丁目２２-３１ 柏木 MURA B1F,,https://sonysdance.com/,,"2024-02-29 木曜日 6時00分～23時00分
2024-03-01 金曜日 6時00分～23時00分
2024-03-02 土曜日 6時00分～23時00分
2024-03-03 日曜日 6時00分～23時00分
2024-03-04 月曜日 6時00分～23時00分
2024-03-05 火曜日 6時00分～23時00分
2024-03-06 水曜日 6時00分～23時00分",1.0,139.6966672,35.6970176,東京,西武新宿駅,375.0,西武新宿駅|新大久保駅|新宿駅,3.0,新宿区,新宿,新宿|西新宿|高田馬場|新大久保,area:新宿|station:西武新宿駅|station:新大久保駅|station:新宿駅|feature:24h|feature:midnight,0,,0
BUZZ新宿,〒160-0023 東京都新宿区西新宿７丁目１６-４ Concierge高橋 BF 地下1階,https://dance-studio-lab.com/room/NThmODMwMDctZjkyNi00ZTE3LTgwNjQtMDRmOGIwMmQ5ZTRi/detail,,,"2024-02-29 木曜日 24 時間営業
2024-03-01 金曜日 24 時間営業
2024-03-02 土曜日 24 時間営業
2024-03-03 日曜日 24 時間営業
2024-03-04 月曜日 24 時間営業
2024-03-05 火曜日 24 時間営業
2024-03-06 水曜日 24 時間営業",1.0,139.6972769,35.6959773,東京,西武新宿駅,298.0,西武新宿駅|新宿駅|新大久保駅,3.0,新宿区,新宿,新宿|西新宿|高田馬場|新大久保,area:新宿|station:西武新宿駅|station:新宿駅|station:新大久保駅|feature:24h|feature:mirror|feature:midnight,1,https://dance-studio-lab.com/room/NThmODMwMDctZjkyNi00ZTE3LTgwNjQtMDRmOGIwMmQ5ZTRi/detail,100
レンタルダンススタジオ LANDstudio 新宿店,〒169-0073 東京都新宿区百人町１丁目２２-１９ 筒井ビル B1F,,,,"LGBTQ フレンドリー2024-02-29 木曜日 24 時間営業
2024-03-01 金曜日 24 時間営業
2024-03-02 土曜日 24 時間営業
2024-03-03 日曜日 24 時間営業
2024-03-04 月曜日 24 時間営業
2024-03-05 火曜日 24 時間営業
2024-03-06 水曜日 24 時間営業",1.0,139.6972499,35.7002941,東京,新大久保駅,276.0,新大久保駅|西武新宿駅|新宿駅,3.0,新宿区,新宿,新宿|西新宿|高田馬場|新大久保,area:新宿|station:新大久保駅|station:西武新宿駅|station:新宿駅|feature:24h|feature:midnight,0,,0
BUZZ レンタルスタジオ新宿コンシェルジュ店,〒160-0023 東京都新宿区西新宿７丁目１６-４ Concierge高橋 BF 地下 一階,https://dance-studio-lab.com/room/OGUzNmE0NzUtZDU1NS00ZjIyLTg4OGItNDYyOWI2YzkzOTA0/detail,,,"2024-02-29 木曜日 24 時間営業
2024-03-01 金曜日 24 時間営業
2024-03-02 土曜日 24 時間営業
2024-03-03 日曜日 24 時間営業
2024-03-04 月曜日 24 時間営業
2024-03-05 火曜日 24 時間営業
2024-03-06 水曜日 24 時間営業",1.0,139.6973397,35.6959487,東京,西武新宿駅,292.0,西武新宿駅|新宿駅|新大久保駅,3.0,新宿区,新宿,新宿|西新宿|高田馬場|新大久保,area:新宿|station:西武新宿駅|station:新宿駅|station:新大久保駅|feature:24h|feature:shooting|feature:mirror|feature:midnight,1,https://dance-studio-lab.com/room/OGUzNmE0NzUtZDU1NS00ZjIyLTg4OGItNDYyOWI2YzkzOTA0/detail,100
BUZZ レンタルスタジオ 新宿ハウス店,〒160-0023 東京都新宿区西新宿７丁目１６-１,https://dance-studio-lab.com/room/MWYzNmNhZGMtMWZiNi00MjBiLWJjNzMtZmFmNjAxYmQ5MjA3/detail,,,"2024-02-29 木曜日 24 時間営業
2024-03-01 金曜日 24 時間営業
2024-03-02 土曜日 24 時間営業
2024-03-03 日曜日 24 時間営業
2024-03-04 月曜日 24 時間営業
2024-03-05 火曜日 24 時間営業
2024-03-06 水曜日 24 時間営業",1.0,139.6975152,35.6957677,東京,西武新宿駅,276.0,西武新宿駅|新宿駅|新大久保駅,3.0,新宿区,新宿,新宿|西新宿|高田馬場|新大久保,area:新宿|station:西武新宿駅|station:新宿駅|station:新大久保駅|feature:24h|feature:mirror|feature:midnight,1,https://dance-studio-lab.com/room/MWYzNmNhZGMtMWZiNi00MjBiLWJjNzMtZmFmNjAxYmQ5MjA3/detail,100
村田正樹タップダンス教室,〒169-0074 東京都新宿区北新宿２丁目１-２,,https://www.narukutsu.com/,,"2024-02-29 木曜日 定休日
2024-03-01 金曜日 定休日
2024-03-02 土曜日 定休日
2024-03-03 日曜日 10時00分～14時00分
2024-03-04 月曜日 定休日
2024-03-05 火曜日 11時30分～13時00分
2024-03-06 水曜日 定休日",1.0,139.68932,35.6970596,東京,西武新宿駅,1025.0,西武新宿駅|新大久保駅,2.0,新宿区,新宿,新宿|西新宿|高田馬場|新大久保,area:新宿|station:西武新宿駅|station:新大久保駅|feature:24h|feature:midnight,0,,0
㈱Tera-coya,〒101-0025 東京都千代田区神田佐久間町３丁目３１-３,,http://teracoya.tokyo/,03-5829-8450,"2024-02-29 木曜日 10時00分～23時00分
2024-03-01 金曜日 10時00分～23時00分
2024-03-02 土曜日 10時00分～22時00分
2024-03-03 日曜日 10時00分～22時00分
2024-03-04 月曜日 10時00分～23時00分
2024-03-05 火曜日 10時00分～23時00分
2024-03-06 水曜日 10時00分～23時00分
",1.0,139.778191,35.698614,東京,秋葉原駅,359.0,秋葉原駅,1.0,千代田区,秋葉原,秋葉原,area:秋葉原|station:秋葉原駅|feature:24h|feature:midnight,0,,0
ラシーヌスタジオ,〒160-0004 東京都新宿区四谷４丁目２５-１３ 濱庄ビル B101,,https://racinestudio.com/,,"2024-02-29 木曜日 24 時間営業
2024-03-01 金曜日 24 時間営業
2024-03-02 土曜日 24 時間営業
2024-03-03 日曜日 24 時間営業
2024-03-04 月曜日 24 時間営業
2024-03-05 火曜日 24 時間営業
2024-03-06 水曜日 24 時間営業",1.0,139.7151154,35.6895504,東京,四谷三丁目駅,229.0,四谷三丁目駅|曙橋駅|新宿御苑前駅|四ツ谷駅|若松河田駅|信濃町駅|牛込柳町駅|国立競技場駅|千駄ケ谷駅|新宿三丁目駅,0.0,新宿区,新宿,新宿|西新宿|高田馬場|新大久保,area:新宿|feature:24h|feature:midnight,0,,0
Ohana Room Studio新宿,〒162-0801 東京都新宿区山吹町３４４ LOGビル 2F,,https://ohanaroom.jp/,,"2024-02-29 木曜日 9時00分～22時00分
2024-03-01 金曜日 9時00分～22時00分
2024-03-02 土曜日 9時00分～22時00分
2024-03-03 日曜日 9時00分～22時00分
2024-03-04 月曜日 9時00分～22時00分
2024-03-05 火曜日 9時00分～22時00分
2024-03-06 水曜日 9時00分～22時00分",1.0,139.7305757,35.7081165,東京,江戸川橋駅,281.0,江戸川橋駅|神楽坂駅|早稲田駅|牛込神楽坂駅|牛込柳町駅|茗荷谷駅|護国寺駅|飯田橋駅|若松河田駅|面影橋駅,0.0,新宿区,新宿,新宿|西新宿|高田馬場|新大久保,area:新宿|feature:24h|feature:midnight,0,,0
㈱フラオリタヒチ,〒140-0013 東京都品川区南大井３丁目２０-１１ 伊藤ビル 201,,https://www.hulaoritahiti.jp/,03-6433-2981,LGBTQ フレンドリー,1.0,139.7350657,35.5886149,東京,大森海岸駅,108.0,大森海岸駅|大森駅|平和島駅|立会川駅|流通センター駅|大森町駅|西大井駅|鮫洲駅,0.0,品川区,品川,品川|五反田|大井町|目黒,area:品川,0,,0
[吉祥寺ダンススタジオ] Studio Amrita NORTH,〒180-0004 東京都武蔵野市吉祥寺本町２丁目５-１０ いちご吉祥寺ビル B1,,http://rental.studioamrita.com/,0422-23-6611,"LGBTQ フレンドリー2024-02-29 木曜日 24 時間営業
2024-03-01 金曜日 24 時間営業
2024-03-02 土曜日 24 時間営業
2024-03-03 日曜日 24 時間営業
2024-03-04 月曜日 24 時間営業
2024-03-05 火曜日 24 時間営業
2024-03-06 水曜日 24 時間営業
",1.0,139.5788454,35.7069875,東京,吉祥寺駅,436.0,吉祥寺駅,1.0,武蔵野市,吉祥寺,吉祥寺,area:吉祥寺|station:吉祥寺駅|feature:24h|feature:midnight,0,,0
新宿レンタルスタジオ アルファ,〒160-0022 東京都新宿区８ 新宿5丁目8番21号 サンジュリ23号室,,https://studioalpha88.wixsite.com/advisor-consult-jp,,"2024-02-29 木曜日 24 時間営業
2024-03-01 金曜日 24 時間営業
2024-03-02 土曜日 24 時間営業
2024-03-03 日曜日 24 時間営業
2024-03-04 月曜日 24 時間営業
2024-03-05 火曜日 24 時間営業
2024-03-06 水曜日 24 時間営業
",1.0,139.7091477,35.6925567,東京,新宿駅,823.0,新宿駅|西武新宿駅,2.0,新宿区,新宿,新宿|西新宿|高田馬場|新大久保,area:新宿|station:新宿駅|station:西武新宿駅|feature:24h|feature:midnight,0,,0
【レンタルスタジオ】SPICY CANDY【ボディメイク】,〒111-0053 東京都台東区浅草橋４丁目２-８ 伊藤ビル １F,,https://www.instabase.jp/space/6730746951,03-3862-3939,"2024-02-29 木曜日 24 時間営業
2024-03-01 金曜日 24 時間営業
2024-03-02 土曜日 24 時間営業
2024-03-03 日曜日 24 時間営業
2024-03-04 月曜日 24 時間営業
2024-03-05 火曜日 24 時間営業
2024-03-06 水曜日 24 時間営業
",1.0,139.7822479,35.6979294,東京,秋葉原駅,730.0,秋葉原駅|蔵前駅,2.0,台東区,上野,上野|浅草|御徒町|蔵前,area:上野|station:秋葉原駅|station:蔵前駅|feature:24h|feature:midnight,0,,0
BUZZ レンタルスタジオ新宿4丁目店,〒160-0022 東京都新宿区新宿４丁目２-２１ 相模ビル B1F,,,,"2024-02-29 木曜日 24 時間営業
2024-03-01 金曜日 24 時間営業
2024-03-02 土曜日 24 時間営業
2024-03-03 日曜日 24 時間営業
2024-03-04 月曜日 24 時間営業
2024-03-05 火曜日 24 時間営業
2024-03-06 水曜日 24 時間営業
",1.0,139.7033232,35.6889262,東京,新宿駅,355.0,新宿駅|代々木駅|西武新宿駅,3.0,新宿区,新宿,新宿|西新宿|高田馬場|新大久保,area:新宿|station:新宿駅|station:代々木駅|station:西武新宿駅|feature:24h|feature:midnight,0,,0
スタジオジパング 新宿スタジオSTANDARD,〒160-0022 東京都新宿区新宿５丁目１０-２０ JKKグループ本社ビル1F,,http://studiozipang.com/,,"2024-02-29 木曜日 24 時間営業
2024-03-01 金曜日 24 時間営業
2024-03-02 土曜日 24 時間営業
2024-03-03 日曜日 24 時間営業
2024-03-04 月曜日 24 時間営業
2024-03-05 火曜日 24 時間営業
2024-03-06 水曜日 24 時間営業
",1.0,139.708383,35.6927705,東京,新宿駅,762.0,新宿駅|西武新宿駅,2.0,新宿区,新宿,新宿|西新宿|高田馬場|新大久保,area:新宿|station:新宿駅|station:西武新宿駅|feature:24h|feature:midnight,0,,0
レンタルスタジオマイレッスン 新宿御苑前,〒160-0022 東京都新宿区新宿１丁目１７-１,,https://www.my-lesson.jp/,,"2024-02-29 木曜日 24 時間営業
2024-03-01 金曜日 24 時間営業
2024-03-02 土曜日 24 時間営業
2024-03-03 日曜日 24 時間営業
2024-03-04 月曜日 24 時間営業
2024-03-05 火曜日 24 時間営業
2024-03-06 水曜日 24 時間営業
",1.0,139.7118737,35.6891993,東京,新宿駅,1066.0,新宿駅|代々木駅,2.0,新宿区,新宿,新宿|西新宿|高田馬場|新大久保,area:新宿|station:新宿駅|station:代々木駅|feature:24h|feature:midnight,0,,0
レンタルスタジオ 301,〒160-0021 東京都新宿区歌舞伎町２丁目８-１２ 新宿グリーンプラザ 301号,,,,"2024-02-29 木曜日 24 時間営業
2024-03-01 金曜日 24 時間営業
2024-03-02 土曜日 24 時間営業
2024-03-03 日曜日 24 時間営業
2024-03-04 月曜日 24 時間営業
2024-03-05 火曜日 24 時間営業
2024-03-06 水曜日 24 時間営業
",1.0,139.7060865,35.6950309,東京,西武新宿駅,507.0,西武新宿駅|新宿駅|新大久保駅,3.0,新宿区,新宿,新宿|西新宿|高田馬場|新大久保,area:新宿|station:西武新宿駅|station:新宿駅|station:新大久保駅|feature:24h|feature:midnight,0,,0
【福岡校】YKAダンススタジオ,〒812-0023 福岡県福岡市博多区奈良屋町１-１８ ハードビル 3階,,https://yka-fukuoka.com/,080-4624-9889,"2024-02-29 木曜日 16時00分～22時00分
2024-03-01 金曜日 16時00分～22時00分
2024-03-02 土曜日 12時30分～22時00分
2024-03-03 日曜日 12時30分～22時00分
2024-03-04 月曜日 16時00分～22時00分
2024-03-05 火曜日 16時00分～22時00分
2024-03-06 水曜日 16時00分～22時00分
",1.0,130.4065567,33.5986406,東京,呉服町駅,294.0,呉服町駅|中洲川端駅|千代県庁口駅|櫛田神社前駅|祇園駅|天神駅|天神南駅|西鉄福岡（天神）駅|博多駅|渡辺通駅,0.0,その他,その他,その他,feature:24h|feature:midnight,0,,0
ENCE Rental Studio 四谷三丁目【新宿エリアのレンタルスタジオ】,〒160-0017 東京都新宿区左門町１-１７ アパルトマン 四谷 102,,http://encerentalstudio.com/,,"2024-02-29 木曜日 24 時間営業
2024-03-01 金曜日 24 時間営業
2024-03-02 土曜日 24 時間営業
2024-03-03 日曜日 24 時間営業
2024-03-04 月曜日 24 時間営業
2024-03-05 火曜日 24 時間営業
2024-03-06 水曜日 24 時間営業
",1.0,139.7215167,35.6872713,東京,四谷三丁目駅,109.0,四谷三丁目駅|曙橋駅|四ツ谷駅|信濃町駅|新宿御苑前駅|国立競技場駅|千駄ケ谷駅|市ケ谷駅|若松河田駅|麹町駅,0.0,新宿区,新宿,新宿|西新宿|高田馬場|新大久保,area:新宿|feature:24h|feature:midnight,0,,0
BUZZ レンタルスタジオ 代々木店,〒151-0053 東京都渋谷区代々木１丁目３６-１ ミユキビル B1F,,,,"2024-02-29 木曜日 24 時間営業
2024-03-01 金曜日 24 時間営業
2024-03-02 土曜日 24 時間営業
2024-03-03 日曜日 24 時間営業
2024-03-04 月曜日 24 時間営業
2024-03-05 火曜日 24 時間営業
2024-03-06 水曜日 24 時間営業
",1.0,139.7012401,35.6842213,東京,代々木駅,148.0,代々木駅|新宿駅,2.0,渋谷区,渋谷,渋谷|恵比寿|代官山|原宿,area:渋谷|station:代々木駅|station:新宿駅|feature:24h|feature:midnight,0,,0
?JDS 自由が丘のレンタルスタジオ,〒152-0035 東京都目黒区自由が丘１丁目３-２２ JSDスタジオ,,http://jiyugaokastudio.com/,03-3718-9228,"2024-02-29 木曜日 9時00分～23時30分
2024-03-01 金曜日 9時00分～23時30分
2024-03-02 土曜日 9時00分～23時30分
2024-03-03 日曜日 9時00分～23時30分
2024-03-04 月曜日 9時00分～23時30分
2024-03-05 火曜日 9時00分～23時30分
2024-03-06 水曜日 9時00分～23時30分
",1.0,139.6707803,35.6092993,東京,自由が丘駅,278.0,自由が丘駅,1.0,目黒区,中目黒,中目黒,area:中目黒|station:自由が丘駅|feature:24h|feature:midnight,0,,0
レンタルスペース「301」,〒160-0021 東京都新宿区歌舞伎町２丁目８-１２ 新宿グリーンプラザ 301号,,,,"2024-02-29 木曜日 24 時間営業
2024-03-01 金曜日 24 時間営業
2024-03-02 土曜日 24 時間営業
2024-03-03 日曜日 24 時間営業
2024-03-04 月曜日 24 時間営業
2024-03-05 火曜日 24 時間営業
2024-03-06 水曜日 24 時間営業
",1.0,139.7060865,35.6950309,東京,西武新宿駅,507.0,西武新宿駅|新宿駅|新大久保駅,3.0,新宿区,新宿,新宿|西新宿|高田馬場|新大久保,area:新宿|station:西武新宿駅|station:新宿駅|station:新大久保駅|feature:24h|feature:midnight,0,,0
レンタルスタジオ「Ten（テン）」,〒160-0021 東京都新宿区歌舞伎町２丁目８-１２ 新宿グリーンプラザ 303号,,,,"2024-02-29 木曜日 6時00分～23時30分
2024-03-01 金曜日 6時00分～23時30分
2024-03-02 土曜日 6時00分～23時30分
2024-03-03 日曜日 6時00分～23時30分
2024-03-04 月曜日 6時00分～23時30分
2024-03-05 火曜日 6時00分～23時30分
2024-03-06 水曜日 6時00分～23時30分
",1.0,139.7060865,35.6950309,東京,西武新宿駅,507.0,西武新宿駅|新宿駅|新大久保駅,3.0,新宿区,新宿,新宿|西新宿|高田馬場|新大久保,area:新宿|station:西武新宿駅|station:新宿駅|station:新大久保駅|feature:24h|feature:midnight,0,,0
Studio.m 新宿レンタルスタジオ,〒160-0022 東京都新宿区新宿５丁目１５?号２ 池与ビル ２０３,,https://studioaqua88.wixsite.com/my-site,,"2024-02-29 木曜日 24 時間営業
2024-03-01 金曜日 24 時間営業
2024-03-02 土曜日 24 時間営業
2024-03-03 日曜日 24 時間営業
2024-03-04 月曜日 24 時間営業
2024-03-05 火曜日 24 時間営業
2024-03-06 水曜日 24 時間営業
",1.0,139.707105,35.693592,東京,西武新宿駅,642.0,西武新宿駅|新宿駅|新大久保駅,3.0,新宿区,新宿,新宿|西新宿|高田馬場|新大久保,area:新宿|station:西武新宿駅|station:新宿駅|station:新大久保駅|feature:24h|feature:midnight,0,,0
A la neigeバレエ,〒150-0043 東京都渋谷区道玄坂１丁目１９-１１ 寿道玄坂ビル B１,,https://www.alaneige.co.jp/,080-3395-4887,"2024-02-29 木曜日 9時00分～23時00分
2024-03-01 金曜日 9時00分～23時00分
2024-03-02 土曜日 9時00分～23時00分
2024-03-03 日曜日 9時00分～23時00分
2024-03-04 月曜日 9時00分～23時00分
2024-03-05 火曜日 9時00分～23時00分
2024-03-06 水曜日 9時00分～23時00分
",1.0,139.6959558,35.6568978,東京,渋谷駅,529.0,渋谷駅,1.0,渋谷区,渋谷,渋谷|恵比寿|代官山|原宿,area:渋谷|station:渋谷駅|feature:24h|feature:midnight,0,,0
A-KIDS DANCE STUDIO,〒191-0011 東京都日野市日野本町４丁目５-５ ＨＳビル 2F,,http://www.akidsdancestudio.com/,080-5884-7544,"オーナーが女性と確認されたビジネス2024-02-29 木曜日 24 時間営業
2024-03-01 金曜日 24 時間営業
2024-03-02 土曜日 24 時間営業
2024-03-03 日曜日 24 時間営業
2024-03-04 月曜日 24 時間営業
2024-03-05 火曜日 24 時間営業
2024-03-06 水曜日 24 時間営業
",1.0,139.396024,35.6795196,東京,日野駅,178.0,日野駅,0.0,日野市,日野,日野,area:日野|feature:24h|feature:midnight,0,,0
A.K.バレエスタジオ,〒201-0013 東京都狛江市元和泉１丁目２-１ 貸スタジオノタリーノ2F HOPOホール,,https://akballetstudio.amebaownd.com/,080-7852-0777,,1.0,139.5781102,35.6334684,東京,狛江駅,127.0,狛江駅|和泉多摩川駅|喜多見駅|登戸駅,0.0,狛江市,狛江,狛江,area:狛江,0,,0
すむぞう 代々木スタジオ,〒151-0053 東京都渋谷区代々木１丁目４５-７ C's YOYOGI 4F,,,,,1.0,139.6978137,35.6822461,東京,代々木駅,392.0,代々木駅|新宿駅,2.0,渋谷区,渋谷,渋谷|恵比寿|代官山|原宿,area:渋谷|station:代々木駅|station:新宿駅,0,,0
DL Studio,〒151-0053 東京都渋谷区代々木１丁目４５-４ 地下2階 代々木山陽ビル,,http://www.instabase.jp/rooms/2630,,,1.0,139.6982172,35.6822863,東京,代々木駅,356.0,代々木駅|新宿駅,2.0,渋谷区,渋谷,渋谷|恵比寿|代官山|原宿,area:渋谷|station:代々木駅|station:新宿駅,0,,0
a.Music Studio,〒170-0005 東京都豊島区南大塚２丁目３９-１１ ヒサビル 5階,,https://www.amusicstudio.info/,080-7354-1200,"LGBTQ フレンドリー2024-02-29 木曜日 9時00分～23時00分
2024-03-01 金曜日 8時00分～23時00分
2024-03-02 土曜日 8時00分～23時00分
2024-03-03 日曜日 8時00分～23時00分
2024-03-04 月曜日 9時00分～23時00分
2024-03-05 火曜日 9時00分～23時00分
2024-03-06 水曜日 9時00分～23時00分
",1.0,139.7308051,35.7295282,東京,大塚駅,343.0,大塚駅|新大塚駅|向原駅|巣鴨新田駅|巣鴨駅|東池袋四丁目駅|庚申塚駅|東池袋駅|護国寺駅|千石駅,0.0,豊島区,池袋,池袋|目白|大塚|巣鴨,area:池袋|feature:24h|feature:midnight,0,,0
A.R.P studio,〒164-0011 東京都中野区中央２丁目５８-21 B1,,http://arpstudio.main.jp/,03-5358-9841,"2024-02-29 木曜日 24 時間営業
2024-03-01 金曜日 24 時間営業
2024-03-02 土曜日 24 時間営業
2024-03-03 日曜日 24 時間営業
2024-03-04 月曜日 24 時間営業
2024-03-05 火曜日 24 時間営業
2024-03-06 水曜日 24 時間営業
",1.0,139.6785113,35.7012934,東京,中野坂上駅,574.0,中野坂上駅|東中野駅|新中野駅|中野新橋駅|落合駅|中野駅|西新宿五丁目駅（清水橋）|西新宿駅|中野富士見町駅|大久保駅,0.0,中野区,中野,中野,area:中野|feature:24h|feature:midnight,0,,0
AAPA 日の出町団地スタジオ,〒120-0021 東京都足立区日ノ出町２７ 日の出町団地１号棟 １０３,,https://aapa.jp/,070-6457-8036,,1.0,139.8073113,35.7517721,東京,北千住駅,287.0,北千住駅,1.0,足立区,北千住,北千住,area:北千住|station:北千住駅,0,,0
studio SLASH,〒151-0064 東京都渋谷区上原１丁目２１-１０ B1,,http://slash-jpn.com/studio/,,"2024-02-29 木曜日 11時00分～12時00分
2024-03-01 金曜日 13時00分～14時30分
2024-03-02 土曜日 13時00分～21時30分
2024-03-03 日曜日 13時00分～18時20分
2024-03-04 月曜日 11時00分～12時00分
2024-03-05 火曜日 14時00分～15時15分
2024-03-06 水曜日 12時15分～15時15分
",1.0,139.6824912,35.6682287,東京,代々木上原駅,264.0,代々木上原駅|代々木八幡駅|代々木公園駅|東北沢駅|駒場東大前駅|幡ヶ谷駅|池ノ上駅|初台駅|笹塚駅|参宮橋駅,0.0,渋谷区,渋谷,渋谷|恵比寿|代官山|原宿,area:渋谷|feature:24h|feature:midnight,0,,0
ABC明大前スタ,〒156-0043 東京都世田谷区松原１丁目２４-１１,,https://ameblo.jp/meidaimae2011/entry-12532735132.html,090-2143-8422,,1.0,139.6525717,35.6655753,東京,明大前駅,370.0,明大前駅|東松原駅|新代田駅|代田橋駅|下高井戸駅|梅ヶ丘駅|松原駅|世田谷代田駅|下北沢駅|豪徳寺駅,0.0,世田谷区,下北沢,下北沢|三軒茶屋|二子玉川|自由が丘,area:下北沢,0,,0
ACCA STUDIO,〒130-0005 東京都墨田区東駒形３丁目１９-１３,,https://acca-studio.com/,03-5637-8639,"2024-02-29 木曜日 9時00分～19時00分
2024-03-01 金曜日 9時00分～19時00分
2024-03-02 土曜日 定休日
2024-03-03 日曜日 定休日
2024-03-04 月曜日 9時00分～19時00分
2024-03-05 火曜日 9時00分～19時00分
2024-03-06 水曜日 9時00分～19時00分
",1.0,139.8040147,35.707228,東京,押上駅,681.0,押上駅|浅草駅|蔵前駅,3.0,墨田区,錦糸町,錦糸町,area:錦糸町|station:押上駅|station:浅草駅|station:蔵前駅|feature:24h|feature:midnight,0,,0
ACEスタジオ馬喰町日本橋,〒103-0003 東京都中央区日本橋横山町７-１９ イチオクビル 地下１階 7-19第３５,,https://mestudio.tokyo/,090-1261-7939,"2024-02-29 木曜日 24 時間営業
2024-03-01 金曜日 24 時間営業
2024-03-02 土曜日 24 時間営業
2024-03-03 日曜日 24 時間営業
2024-03-04 月曜日 24 時間営業
2024-03-05 火曜日 24 時間営業
2024-03-06 水曜日 24 時間営業
",1.0,139.78379,35.6934479,東京,秋葉原駅,1042.0,秋葉原駅,1.0,中央区,銀座,銀座|日本橋|八丁堀|月島,area:銀座|station:秋葉原駅|feature:24h|feature:midnight,0,,0
ACFit 赤坂見附スタジオ,〒107-0052 東京都港区赤坂３丁目４-３ 赤坂マカベビル B1F,,,03-3560-9212,"2024-02-29 木曜日 8時00分～22時00分
2024-03-01 金曜日 8時00分～22時00分
2024-03-02 土曜日 8時30分～14時30分
2024-03-03 日曜日 定休日
2024-03-04 月曜日 8時00分～22時00分
2024-03-05 火曜日 8時00分～22時00分
2024-03-06 水曜日 8時00分～22時00分
",1.0,139.7384039,35.6741686,東京,赤坂駅,160.0,赤坂駅,1.0,港区,六本木,六本木|赤坂|麻布|新橋,area:六本木|station:赤坂駅|feature:24h|feature:midnight,0,,0
AK BALLET SCHOOL浦安,〒279-0003 千葉県浦安市海楽１丁目２-６ 2F Room3,,https://www.ak-bs.com/,080-6988-2229,"2024-02-29 木曜日 10時00分～21時00分
2024-03-01 金曜日 10時00分～21時00分
2024-03-02 土曜日 10時00分～21時00分
2024-03-03 日曜日 定休日
2024-03-04 月曜日 10時00分～21時00分
2024-03-05 火曜日 10時00分～21時00分
2024-03-06 水曜日 17時00分～21時00分
",1.0,139.902579,35.6529332,東京,新浦安駅,975.0,新浦安駅|浦安駅,0.0,その他,その他,その他,feature:24h|feature:midnight,0,,0
ALOK DANCE DORAMA COMPANY,〒169-0073 東京都新宿区百人町１丁目１３-９,,http://alokddc.wordpress.com/,03-5386-8192,"LGBTQ フレンドリー2024-02-29 木曜日 9時00分～22時00分
2024-03-01 金曜日 9時00分～22時00分
2024-03-02 土曜日 9時00分～22時00分
2024-03-03 日曜日 9時00分～22時00分
2024-03-04 月曜日 9時00分～22時00分
2024-03-05 火曜日 9時00分～22時00分
2024-03-06 水曜日 9時00分～22時00分",1.0,139.6990848,35.698917,東京,新大久保駅,279.0,新大久保駅|西武新宿駅|新宿駅,3.0,新宿区,新宿,新宿|西新宿|高田馬場|新大久保,area:新宿|station:新大久保駅|station:西武新宿駅|station:新宿駅|feature:24h|feature:midnight,0,,0
alt studio (オルトスタジオ),〒101-0051 東京都千代田区神田神保町１丁目64-３ 神保町ビル 6F,,https://upnow.jp/Altstudio/jimbocho,090-1793-8220,"2024-02-29 木曜日 8時00分～23時00分
2024-03-01 金曜日 8時00分～23時00分
2024-03-02 土曜日 8時00分～23時00分
2024-03-03 日曜日 8時00分～23時00分
2024-03-04 月曜日 8時00分～23時00分
2024-03-05 火曜日 8時00分～23時00分
2024-03-06 水曜日 8時00分～23時00分
",1.0,139.7582,35.6988364,東京,神保町駅,327.0,神保町駅|水道橋駅|御茶ノ水駅|新御茶ノ水駅|九段下駅|小川町駅|竹橋駅|本郷三丁目駅|春日駅|後楽園駅,0.0,千代田区,秋葉原,秋葉原,area:秋葉原|feature:24h|feature:midnight,0,,0
Amiバレエアート,"晴見町1-2-1 スミレビル2階, 府中市 東京都 183-0057",,http://www.ami-ballet.com/,090-9342-9033,,1.0,139.4780509,35.6781802,東京,府中駅,1078.0,府中駅,1.0,府中市,府中,府中,area:府中|station:府中駅,0,,0
Amiバレエダンスアーツ,〒183-0055 東京都府中市府中町２丁目２２-８,,http://www.ami-ballet.com/,090-9342-9033,,1.0,139.4844256,35.6757704,東京,府中駅,1042.0,府中駅,1.0,府中市,府中,府中,area:府中|station:府中駅,0,,0
スタジオキャンパス 高田馬場店,〒169-0075 東京都新宿区高田馬場４丁目２９-１ B1F,,https://st-campus.net/baba/,,"2024-02-29 木曜日 10時00分～23時00分
2024-03-01 金曜日 10時00分～23時00分
2024-03-02 土曜日 10時00分～23時00分
2024-03-03 日曜日 10時00分～23時00分
2024-03-04 月曜日 10時00分～23時00分
2024-03-05 火曜日 10時00分～23時00分
2024-03-06 水曜日 10時00分～23時00分
",1.0,139.6989111,35.7104813,東京,高田馬場駅,483.0,高田馬場駅|新大久保駅,2.0,新宿区,新宿,新宿|西新宿|高田馬場|新大久保,area:新宿|station:高田馬場駅|station:新大久保駅|feature:24h|feature:midnight,0,,0
Another ONE+ （銀座レンタルスペース）,〒104-0061 東京都中央区銀座３丁目１２-１８ 新岩間ビル 3F,,https://aopg.jp/,090-4610-1850,"2024-02-29 木曜日 5時00分～23時00分
2024-03-01 金曜日 5時00分～23時00分
2024-03-02 土曜日 5時00分～23時00分
2024-03-03 日曜日 5時00分～23時00分
2024-03-04 月曜日 5時00分～23時00分
2024-03-05 火曜日 5時00分～23時00分
2024-03-06 水曜日 5時00分～23時00分
",1.0,139.7691116,35.670885,東京,有楽町駅,700.0,有楽町駅|新橋駅|東京駅,3.0,中央区,銀座,銀座|日本橋|八丁堀|月島,area:銀座|station:有楽町駅|station:新橋駅|station:東京駅|feature:24h|feature:midnight,0,,0
スタジオジパング 新宿スタジオPRO,"ニューローレルビル ニューローレルビル地下1階, １丁目-３４-１１ 新宿 新宿区 東京都 160-0022",,https://studiozipang.com/,,"2024-02-29 木曜日 24 時間営業
2024-03-01 金曜日 24 時間営業
2024-03-02 土曜日 24 時間営業
2024-03-03 日曜日 24 時間営業
2024-03-04 月曜日 24 時間営業
2024-03-05 火曜日 24 時間営業
2024-03-06 水曜日 24 時間営業
",1.0,139.710504,35.691309,東京,新宿駅,926.0,新宿駅|西武新宿駅|代々木駅,3.0,新宿区,新宿,新宿|西新宿|高田馬場|新大久保,area:新宿|station:新宿駅|station:西武新宿駅|station:代々木駅|feature:24h|feature:midnight,0,,0
ART GROOVE,〒114-0015 東京都北区中里２丁目５-８ レイハウス駒込 302,,https://art-groove.com/net/,03-5972-4133,"2024-02-29 木曜日 10時30分～19時00分
2024-03-01 金曜日 17時30分～22時00分
2024-03-02 土曜日 12時00分～22時00分
2024-03-03 日曜日 10時30分～16時30分
2024-03-04 月曜日 19時00分～22時00分
2024-03-05 火曜日 12時00分～22時00分
2024-03-06 水曜日 16時00分～22時00分
",1.0,139.749893,35.738012,東京,駒込駅,306.0,駒込駅|田端駅|上中里駅|尾久駅|巣鴨駅|西ケ原駅|千石駅|荒川車庫前駅|梶原駅|本駒込駅,0.0,北区,赤羽,赤羽,area:赤羽|feature:24h|feature:midnight,0,,0
Asia Ballet Agency,〒164-0013 東京都中野区弥生町１丁目４３-１ アーデルホーフ弥生町,,https://www.asiaballet.net/,03-6300-9560,,1.0,139.6776582,35.6886058,東京,中野新橋駅,531.0,中野新橋駅|西新宿五丁目駅（清水橋）|中野富士見町駅|中野坂上駅|初台駅|幡ヶ谷駅|新中野駅|都庁前駅|西新宿駅|参宮橋駅,0.0,中野区,中野,中野,area:中野,0,,0
ソニズレンタルスタジオ東高円寺店,〒166-0003 東京都杉並区高円寺南１丁目６-５ 高円寺サマリヤマンション 松屋の隣,,https://sonysdance.com/,,"2024-02-29 木曜日 24 時間営業
2024-03-01 金曜日 24 時間営業
2024-03-02 土曜日 24 時間営業
2024-03-03 日曜日 24 時間営業
2024-03-04 月曜日 24 時間営業
2024-03-05 火曜日 24 時間営業
2024-03-06 水曜日 24 時間営業
",1.0,139.6586304,35.6980704,東京,中野駅,1075.0,中野駅,1.0,杉並区,高円寺,高円寺,area:高円寺|station:中野駅|feature:24h|feature:midnight,0,,0
ATHLETE Studio,〒101-0044 東京都千代田区鍛冶町１丁目８-１ SRビル 3F,,https://www.athletestudio.org/,03-6413-7889,"2024-02-29 木曜日 8時00分～21時00分
2024-03-01 金曜日 8時00分～21時00分
2024-03-02 土曜日 8時00分～21時00分
2024-03-03 日曜日 8時00分～21時00分
2024-03-04 月曜日 8時00分～21時00分
2024-03-05 火曜日 8時00分～21時00分
2024-03-06 水曜日 8時00分～21時00分
",1.0,139.7723644,35.6907281,東京,秋葉原駅,900.0,秋葉原駅|東京駅,2.0,千代田区,秋葉原,秋葉原,area:秋葉原|station:秋葉原駅|station:東京駅|feature:24h|feature:midnight,0,,0
AXISダンススクール,〒812-0879 福岡県福岡市博多区銀天町３丁目３-１２ シャインズビル,,https://axis-dance-fukuoka.net/,080-2725-6123,"2024-02-29 木曜日 18時30分～21時00分
2024-03-01 金曜日 定休日
2024-03-02 土曜日 13時00分～21時00分
2024-03-03 日曜日 定休日
2024-03-04 月曜日 17時00分～21時00分
2024-03-05 火曜日 17時00分～21時00分
2024-03-06 水曜日 17時00分～21時00分
",1.0,130.463493,33.546017,東京,雑餉隈駅,157.0,雑餉隈駅|桜並木駅|南福岡駅|春日駅|春日原駅|笹原駅|井尻駅,0.0,その他,その他,その他,feature:24h|feature:midnight,0,,0
Aya Ballet School,〒152-0035 東京都目黒区洗足２丁目６-１５ 洗足21 B１F,,https://www.aya-ballet-school.net/,080-3055-8737,"オーナーが女性と確認されたビジネス2024-02-29 木曜日 10時00分～22時00分
2024-03-01 金曜日 10時00分～22時00分
2024-03-02 土曜日 10時00分～22時00分
2024-03-03 日曜日 10時00分～22時00分
2024-03-04 月曜日 10時00分～22時00分
2024-03-05 火曜日 10時00分～22時00分
2024-03-06 水曜日 10時00分～22時00分
",1.0,139.6941188,35.6110787,東京,洗足駅,78.0,洗足駅|北千束駅|西小山駅|大岡山駅|旗の台駅|長原駅|洗足池駅|武蔵小山駅|緑が丘駅|荏原町駅,0.0,目黒区,中目黒,中目黒,area:中目黒|feature:24h|feature:midnight,0,,0
b-line dance studio,〒164-0012 東京都中野区本町３丁目３２-１５ クラウンズコートなかの 1階,,http://www.sbline.jp/,03-3373-8603,"2024-02-29 木曜日 12時00分～18時00分
2024-03-01 金曜日 12時00分～18時00分
2024-03-02 土曜日 12時00分～18時00分
2024-03-03 日曜日 12時00分～18時00分
2024-03-04 月曜日 定休日
2024-03-05 火曜日 定休日
2024-03-06 水曜日 定休日
",1.0,139.6745928,35.6975026,東京,新中野駅,511.0,新中野駅|中野新橋駅|中野坂上駅|中野富士見町駅|中野駅|西新宿五丁目駅（清水橋）|東中野駅|東高円寺駅|西新宿駅|落合駅,0.0,中野区,中野,中野,area:中野|feature:24h|feature:midnight,0,,0
原宿ダンススタジオ SHIN RENTAL STUDIO,〒151-0051 東京都渋谷区千駄ケ谷３丁目６０-４ 地下1階,,https://harajuku-rentalstudio.com/,,"2024-02-29 木曜日 10時00分～22時00分
2024-03-01 金曜日 10時00分～22時00分
2024-03-02 土曜日 10時00分～22時00分
2024-03-03 日曜日 10時00分～22時00分
2024-03-04 月曜日 10時00分～22時00分
2024-03-05 火曜日 10時00分～22時00分
2024-03-06 水曜日 10時00分～22時00分
",1.0,139.7053725,35.6738793,東京,原宿駅,479.0,原宿駅|代々木駅|表参道駅,3.0,渋谷区,渋谷,渋谷|恵比寿|代官山|原宿,area:渋谷|station:原宿駅|station:代々木駅|station:表参道駅|feature:24h|feature:midnight,0,,0
Ballet & Dance DUE,〒136-0071 東京都江東区亀戸７丁目４３-５ 小林ビル,,https://ballet-dance-uno.com/,090-5584-7922,"2024-02-29 木曜日 定休日
2024-03-01 金曜日 定休日
2024-03-02 土曜日 定休日
2024-03-03 日曜日 9時45分～11時45分
2024-03-04 月曜日 定休日
2024-03-05 火曜日 定休日
2024-03-06 水曜日 定休日
",1.0,139.8344533,35.6966775,東京,亀戸水神駅,405.0,亀戸水神駅|亀戸駅|大島駅|西大島駅|東あずま駅|平井駅|東大島駅|小村井駅|錦糸町駅|住吉駅,0.0,江東区,豊洲,豊洲,area:豊洲|feature:24h|feature:midnight,0,,0
Ballet & Dance TRE,〒130-0004 東京都墨田区本所３丁目７-９,,https://ballet-dance-uno.com/,090-6514-7233,"2024-02-29 木曜日 24 時間営業
2024-03-01 金曜日 24 時間営業
2024-03-02 土曜日 24 時間営業
2024-03-03 日曜日 24 時間営業
2024-03-04 月曜日 24 時間営業
2024-03-05 火曜日 24 時間営業
2024-03-06 水曜日 24 時間営業
",1.0,139.8046437,35.70285,東京,押上駅,971.0,押上駅|錦糸町駅|蔵前駅,3.0,墨田区,錦糸町,錦糸町,area:錦糸町|station:押上駅|station:錦糸町駅|station:蔵前駅|feature:24h|feature:midnight,0,,0
Ballet & Dance UNO,〒130-0012 東京都墨田区太平３丁目１９-５ 鈴木ビル 1階,,https://ballet-dance-uno.com/,090-5584-7922,"2024-02-29 木曜日 9時00分～23時00分
2024-03-01 金曜日 9時00分～23時00分
2024-03-02 土曜日 9時00分～23時00分
2024-03-03 日曜日 9時00分～23時00分
2024-03-04 月曜日 9時00分～23時00分
2024-03-05 火曜日 9時00分～23時00分
2024-03-06 水曜日 9時00分～23時00分
",1.0,139.813524,35.7026519,東京,錦糸町駅,664.0,錦糸町駅|押上駅,2.0,墨田区,錦糸町,錦糸町,area:錦糸町|station:錦糸町駅|station:押上駅|feature:24h|feature:midnight,0,,0
"マイレッスン 新宿A,Bスタジオ",〒160-0022 東京都新宿区新宿１丁目１３-１２,,http://www.my-lesson.jp/,,"2024-02-29 木曜日 24 時間営業
2024-03-01 金曜日 24 時間営業
2024-03-02 土曜日 24 時間営業
2024-03-03 日曜日 24 時間営業
2024-03-04 月曜日 24 時間営業
2024-03-05 火曜日 24 時間営業
2024-03-06 水曜日 24 時間営業
",1.0,139.711741,35.688976,東京,新宿駅,1059.0,新宿駅|代々木駅,2.0,新宿区,新宿,新宿|西新宿|高田馬場|新大久保,area:新宿|station:新宿駅|station:代々木駅|feature:24h|feature:midnight,0,,0
ラシーヌスタジオ,〒160-0005 東京都新宿区愛住町１６-１ ＡＮＮＥＸ倉石 2F,,https://racinestudio.com/,,"2024-02-29 木曜日 9時00分～22時00分
2024-03-01 金曜日 9時00分～22時00分
2024-03-02 土曜日 9時00分～22時00分
2024-03-03 日曜日 9時00分～22時00分
2024-03-04 月曜日 9時00分～22時00分
2024-03-05 火曜日 9時00分～22時00分
2024-03-06 水曜日 9時00分～22時00分
",1.0,139.7198008,35.6898807,東京,なし,,,0.0,新宿区,新宿,新宿|西新宿|高田馬場|新大久保,area:新宿|feature:24h|feature:midnight,0,,0
Ballet Studio M'z,〒107-0052 東京都港区赤坂７丁目９-７ 小林ビル 5F,,https://balletstudio-mz.com/,03-3583-2038,"2024-02-29 木曜日 11時00分～12時30分
2024-03-01 金曜日 11時00分～13時10分
2024-03-02 土曜日 定休日
2024-03-03 日曜日 11時00分～12時30分
2024-03-04 月曜日 15時30分～16時30分
2024-03-05 火曜日 11時00分～12時30分
2024-03-06 水曜日 11時00分～13時10分
",1.0,139.7328767,35.6696337,東京,赤坂駅,561.0,赤坂駅|六本木駅|青山一丁目駅,3.0,港区,六本木,六本木|赤坂|麻布|新橋,area:六本木|station:赤坂駅|station:六本木駅|station:青山一丁目駅|feature:24h|feature:midnight,0,,0
渋谷店 レンタルダンススタジオ ＲＯＯＴＳ,〒150-0011 東京都渋谷区東１丁目２４-８ トキワマツ72ビル A号,,,,"2024-02-29 木曜日 24 時間営業
2024-03-01 金曜日 24 時間営業
2024-03-02 土曜日 24 時間営業
2024-03-03 日曜日 24 時間営業
2024-03-04 月曜日 24 時間営業
2024-03-05 火曜日 24 時間営業
2024-03-06 水曜日 24 時間営業
",1.0,139.7080705,35.6548359,東京,渋谷駅,681.0,渋谷駅|恵比寿駅,2.0,渋谷区,渋谷,渋谷|恵比寿|代官山|原宿,area:渋谷|station:渋谷駅|station:恵比寿駅|feature:24h|feature:midnight,0,,0
Be Rise Dance Studio,〒174-0056 東京都板橋区志村１丁目３２-３０ 山和建物 1階,,,03-5918-9035,,1.0,139.6915163,35.775679,東京,志村坂上駅,349.0,志村坂上駅|志村三丁目駅|本蓮沼駅|蓮根駅|浮間舟渡駅|北赤羽駅|ときわ台駅|上板橋駅,0.0,板橋区,成増,成増,area:成増,0,,0
Beat Box Dance Studio,〒151-0053 東京都渋谷区代々木１丁目４２-２,,http://www.beatbox-jp.com/,03-5388-6774,"2024-02-29 木曜日 17時00分～23時00分
2024-03-01 金曜日 17時00分～23時00分
2024-03-02 土曜日 13時00分～23時00分
2024-03-03 日曜日 13時00分～21時30分
2024-03-04 月曜日 17時00分～23時00分
2024-03-05 火曜日 17時00分～23時00分
2024-03-06 水曜日 17時00分～23時00分
",1.0,139.6994957,35.6827709,東京,代々木駅,232.0,代々木駅|新宿駅,2.0,渋谷区,渋谷,渋谷|恵比寿|代官山|原宿,area:渋谷|station:代々木駅|station:新宿駅|feature:24h|feature:midnight,0,,0
中野 レンタルスタジオ オドリバ,〒164-0001 東京都中野区中野５丁目３２-６ 中野城西ビル B-7号室,,https://nakano-odoriba.com/,,"2024-02-29 木曜日 7時00分～22時00分
2024-03-01 金曜日 7時00分～22時00分
2024-03-02 土曜日 7時00分～22時00分
2024-03-03 日曜日 7時00分～22時00分
2024-03-04 月曜日 7時00分～22時00分
2024-03-05 火曜日 7時00分～22時00分
2024-03-06 水曜日 7時00分～22時00分
",1.0,139.6675152,35.7063226,東京,中野駅,163.0,中野駅,1.0,中野区,中野,中野,area:中野|station:中野駅|feature:24h|feature:midnight,0,,0
ナ・ホク・オ・カヘアラニ フラ＆タヒチアン,〒107-0061 東京都港区北青山３丁目５-９ KAZU表参道 202号室,,https://nahokuokahealanijp.com/,,"オーナーが女性と確認されたビジネス2024-02-29 木曜日 10時00分～22時00分
2024-03-01 金曜日 10時00分～22時00分
2024-03-02 土曜日 10時00分～21時00分
2024-03-03 日曜日 10時00分～13時00分
2024-03-04 月曜日 10時00分～22時00分
2024-03-05 火曜日 10時00分～22時00分
2024-03-06 水曜日 10時00分～22時00分
",1.0,139.7135364,35.667179,東京,表参道駅,242.0,表参道駅|外苑前駅|原宿駅,3.0,港区,六本木,六本木|赤坂|麻布|新橋,area:六本木|station:表参道駅|station:外苑前駅|station:原宿駅|feature:24h|feature:midnight,0,,0
BillionDance,〒542-0084 大阪府大阪市中央区宗右衛門町１-２７ ゴールドウッズミッテラビルB1F,,https://sites.google.com/view/billiondance/,080-6313-7665,"2024-02-29 木曜日 24 時間営業
2024-03-01 金曜日 24 時間営業
2024-03-02 土曜日 24 時間営業
2024-03-03 日曜日 24 時間営業
2024-03-04 月曜日 24 時間営業
2024-03-05 火曜日 24 時間営業
2024-03-06 水曜日 24 時間営業
",1.0,135.5055597,34.6701884,東京,近鉄日本橋駅,360.0,近鉄日本橋駅|日本橋駅|長堀橋駅|大阪難波駅|心斎橋駅|なんば駅|四ツ橋駅|谷町九丁目駅|ＪＲ難波駅|谷町六丁目駅,0.0,中央区,銀座,銀座|日本橋|八丁堀|月島,area:銀座|feature:24h|feature:midnight,0,,0
石原ダンスクラブ コモレ四谷店,〒160-0004 東京都新宿区四谷１丁目６-1 213,,http://ishiharadance.jp/,,,1.0,139.7295479,35.68784,東京,四ツ谷駅,197.0,四ツ谷駅|市ケ谷駅|麹町駅|曙橋駅|四谷三丁目駅|半蔵門駅|信濃町駅|牛込柳町駅|赤坂見附駅|永田町駅,0.0,新宿区,新宿,新宿|西新宿|高田馬場|新大久保,area:新宿,0,,0
BLM Dance School,〒196-0033 東京都昭島市１６ 東町1-16-11 4F,,http://www.blm-music.com/,042-521-3365,"2024-02-29 木曜日 10時00分～21時00分
2024-03-01 金曜日 10時00分～21時00分
2024-03-02 土曜日 11時00分～21時00分
2024-03-03 日曜日 定休日
2024-03-04 月曜日 10時00分～21時00分
2024-03-05 火曜日 10時00分～21時00分
2024-03-06 水曜日 10時00分～21時00分
",1.0,139.3909662,35.7041535,東京,西立川駅,255.0,西立川駅|東中神駅|中神駅,0.0,東京都,東京,東京,area:東京|feature:24h|feature:midnight,0,,0
BLOOMIN'新丸子店,〒211-0004 神奈川県川崎市中原区新丸子東１丁目７９４,,http://studio-bloomin.com/,044-948-5263,"LGBTQ フレンドリー2024-02-29 木曜日 9時30分～22時00分
2024-03-01 金曜日 9時30分～22時00分
2024-03-02 土曜日 9時30分～17時00分
2024-03-03 日曜日 9時30分～17時00分
2024-03-04 月曜日 9時30分～22時00分
2024-03-05 火曜日 9時30分～22時00分
2024-03-06 水曜日 20時00分～22時00分
",1.0,139.6643907,35.5803766,東京,新丸子駅,224.0,新丸子駅|武蔵小杉駅|沼部駅|向河原駅|多摩川駅|鵜の木駅|御嶽山駅|田園調布駅|久が原駅|雪が谷大塚駅,0.0,その他,その他,その他,feature:24h|feature:midnight,0,,0
SHOJIN Show-Base Tokyo,〒169-0075 東京都新宿区高田馬場４丁目１１-10VORT Briller4F SHOJIN Show-Base Tokyo,,https://shojin-enter-labo.work/,,"2024-02-29 木曜日 24 時間営業
2024-03-01 金曜日 24 時間営業
2024-03-02 土曜日 24 時間営業
2024-03-03 日曜日 24 時間営業
2024-03-04 月曜日 24 時間営業
2024-03-05 火曜日 24 時間営業
2024-03-06 水曜日 24 時間営業
",1.0,139.7022211,35.713354,東京,高田馬場駅,184.0,高田馬場駅,1.0,新宿区,新宿,新宿|西新宿|高田馬場|新大久保,area:新宿|station:高田馬場駅|feature:24h|feature:midnight,0,,0
BOX Performers Academy 池袋校,〒170-0013 東京都豊島区東池袋１丁目２２-５ サンケエビル 6F,,http://www.boxacademy.jp/,03-5957-5858,"2024-02-29 木曜日 10時00分～21時30分
2024-03-01 金曜日 13時00分～21時30分
2024-03-02 土曜日 11時30分～21時30分
2024-03-03 日曜日 10時00分～21時30分
2024-03-04 月曜日 11時30分～21時30分
2024-03-05 火曜日 10時00分～21時30分
2024-03-06 水曜日 13時00分～21時30分
",1.0,139.7154534,35.7295971,東京,池袋駅,464.0,池袋駅,1.0,豊島区,池袋,池袋|目白|大塚|巣鴨,area:池袋|station:池袋駅|feature:24h|feature:midnight,0,,0
Brilliant Me Dance Studio 鹿浜校,〒123-0864 東京都足立区鹿浜７丁目１２-４,,http://brilliant-me.com/,03-3857-6111,"2024-02-29 木曜日 16時00分～21時00分
2024-03-01 金曜日 16時00分～21時00分
2024-03-02 土曜日 16時00分～21時00分
2024-03-03 日曜日 定休日
2024-03-04 月曜日 17時00分～20時30分
2024-03-05 火曜日 16時00分～21時00分
2024-03-06 水曜日 16時00分～21時00分
",1.0,139.7641867,35.7833585,東京,西新井大師西駅,571.0,西新井大師西駅|谷在家駅|江北駅|舎人公園駅|大師前駅|高野駅,0.0,足立区,北千住,北千住,area:北千住|feature:24h|feature:midnight,0,,0
ARTIST DANCE STUDIO,〒150-0036 東京都渋谷区南平台町１-９ 南平台宝来ビル B1,,https://artist-dance.jp/,,"2024-02-29 木曜日 24 時間営業
2024-03-01 金曜日 24 時間営業
2024-03-02 土曜日 24 時間営業
2024-03-03 日曜日 24 時間営業
2024-03-04 月曜日 24 時間営業
2024-03-05 火曜日 24 時間営業
2024-03-06 水曜日 24 時間営業
",1.0,139.696861,35.6557844,東京,渋谷駅,499.0,渋谷駅,1.0,渋谷区,渋谷,渋谷|恵比寿|代官山|原宿,area:渋谷|station:渋谷駅|feature:24h|feature:midnight,0,,0
BRONX RENTAL STUDIO,〒155-0031 東京都世田谷区北沢２丁目５-１０,,http://thebronx-dancestudio.com/,080-3081-8726,"2024-02-29 木曜日 24 時間営業
2024-03-01 金曜日 24 時間営業
2024-03-02 土曜日 24 時間営業
2024-03-03 日曜日 24 時間営業
2024-03-04 月曜日 24 時間営業
2024-03-05 火曜日 24 時間営業
2024-03-06 水曜日 24 時間営業
",1.0,139.6690687,35.6608087,東京,下北沢駅,106.0,下北沢駅,1.0,世田谷区,下北沢,下北沢|三軒茶屋|二子玉川|自由が丘,area:下北沢|station:下北沢駅|feature:24h|feature:midnight,0,,0
BT Dance Studio,〒444-0852 愛知県岡崎市南明大寺町４-１４,,http://www.btstudio.jp/,0564-51-5192,"オーナーが女性と確認されたビジネス2024-02-29 木曜日 16時30分～22時30分
2024-03-01 金曜日 17時00分～23時00分
2024-03-02 土曜日 12時30分～21時00分
2024-03-03 日曜日 定休日
2024-03-04 月曜日 18時00分～22時00分
2024-03-05 火曜日 15時30分～23時00分
2024-03-06 水曜日 16時30分～23時00分
",1.0,137.1617623,34.9416412,東京,六名駅,893.0,六名駅|東岡崎駅|岡崎公園前駅|中岡崎駅|岡崎駅|男川駅,0.0,その他,その他,その他,feature:24h|feature:midnight,0,,0
BUZZ SHIBUYA店,〒150-0042 東京都渋谷区宇田川町４-１０ 宇田川町ビル B1～3F,,,03-6907-2144,"2024-02-29 木曜日 24 時間営業
2024-03-01 金曜日 24 時間営業
2024-03-02 土曜日 24 時間営業
2024-03-03 日曜日 24 時間営業
2024-03-04 月曜日 24 時間営業
2024-03-05 火曜日 24 時間営業
2024-03-06 水曜日 24 時間営業
",1.0,139.6977386,35.6626627,東京,渋谷駅,624.0,渋谷駅|原宿駅,2.0,渋谷区,渋谷,渋谷|恵比寿|代官山|原宿,area:渋谷|station:渋谷駅|station:原宿駅|feature:24h|feature:midnight,0,,0
BUZZ レンタルスタジオ 池袋本店,〒171-0022 東京都豊島区南池袋１丁目２０-１ 横田ビル 3F,,,03-6907-2144,"2024-02-29 木曜日 24 時間営業
2024-03-01 金曜日 24 時間営業
2024-03-02 土曜日 24 時間営業
2024-03-03 日曜日 24 時間営業
2024-03-04 月曜日 24 時間営業
2024-03-05 火曜日 24 時間営業
2024-03-06 水曜日 24 時間営業
",1.0,139.7127983,35.7280174,東京,池袋駅,241.0,池袋駅,1.0,豊島区,池袋,池袋|目白|大塚|巣鴨,area:池袋|station:池袋駅|feature:24h|feature:midnight,0,,0
C Production Dance Studio,〒170-0014 東京都豊島区池袋１丁目８-５ シーステージ池袋 5F,,https://www.c-production-dancestudio.com/,070-8984-0814,"2024-02-29 木曜日 12時00分～22時00分
2024-03-01 金曜日 12時00分～22時00分
2024-03-02 土曜日 12時00分～22時00分
2024-03-03 日曜日 定休日
2024-03-04 月曜日 12時00分～22時00分
2024-03-05 火曜日 12時00分～22時00分
2024-03-06 水曜日 12時00分～22時00分
",1.0,139.7114738,35.7361242,東京,池袋駅,806.0,池袋駅,1.0,豊島区,池袋,池袋|目白|大塚|巣鴨,area:池袋|station:池袋駅|feature:24h|feature:midnight,0,,0
Cadena Flamenca,〒151-0053 東京都渋谷区代々木１丁目４２-２,,https://cadenaflamenca.jp/,03-5304-3535,"2024-02-29 木曜日 定休日
2024-03-01 金曜日 10時30分～21時45分
2024-03-02 土曜日 10時30分～16時15分
2024-03-03 日曜日 定休日
2024-03-04 月曜日 15時30分～20時30分
2024-03-05 火曜日 16時00分～21時00分
2024-03-06 水曜日 12時00分～22時00分
",1.0,139.6993391,35.6827729,東京,代々木駅,246.0,代々木駅|新宿駅,2.0,渋谷区,渋谷,渋谷|恵比寿|代官山|原宿,area:渋谷|station:代々木駅|station:新宿駅|feature:24h|feature:midnight,0,,0
BUZZ レンタルスタジオ 高田馬場店,〒169-0075 東京都新宿区高田馬場４丁目１４-６ 地下1階 第二長谷川マンション,https://dance-studio-lab.com/room/NjZiZWQwNjEtYmU0ZS00MDllLWI0M2UtNmYxZjdhOWUwY2Mz/detail,,,,1.0,139.7007701,35.7125229,東京,高田馬場駅,273.0,高田馬場駅,1.0,新宿区,新宿,新宿|西新宿|高田馬場|新大久保,area:新宿|station:高田馬場駅|feature:mirror,1,https://dance-studio-lab.com/room/NjZiZWQwNjEtYmU0ZS00MDllLWI0M2UtNmYxZjdhOWUwY2Mz/detail,100
BUZZ 池袋西口タワー,〒171-0014 東京都豊島区池袋２丁目３７-８ ジオ・ステージ池袋,,,,"2024-02-29 木曜日 24 時間営業
2024-03-01 金曜日 24 時間営業
2024-03-02 土曜日 24 時間営業
2024-03-03 日曜日 24 時間営業
2024-03-04 月曜日 24 時間営業
2024-03-05 火曜日 24 時間営業
2024-03-06 水曜日 24 時間営業
",1.0,139.7077962,35.7337631,東京,池袋駅,586.0,池袋駅,1.0,豊島区,池袋,池袋|目白|大塚|巣鴨,area:池袋|station:池袋駅|feature:24h|feature:midnight,0,,0
CAMURO DANCE STUDIO,〒540-0025 大阪府大阪市中央区徳井町１丁目１-７ 松田ビル,,http://camuro.jp/,06-6942-8889,"2024-02-29 木曜日 11時00分～22時30分
2024-03-01 金曜日 11時00分～22時30分
2024-03-02 土曜日 9時00分～22時30分
2024-03-03 日曜日 9時00分～22時30分
2024-03-04 月曜日 11時00分～22時30分
2024-03-05 火曜日 11時00分～22時30分
2024-03-06 水曜日 11時00分～22時30分
",1.0,135.516178,34.684138,東京,谷町四丁目駅,246.0,谷町四丁目駅|天満橋駅|堺筋本町駅|谷町六丁目駅|松屋町駅|北浜駅|長堀橋駅|大阪城北詰駅|大阪ビジネスパーク駅|大阪天満宮駅,0.0,中央区,銀座,銀座|日本橋|八丁堀|月島,area:銀座|feature:24h|feature:midnight,0,,0
CARDIO BARRE JIYUGAOKA (カーディオ・バー 自由が丘店),〒152-0035 東京都目黒区自由が丘２丁目１０-４ ミルシェ自由が丘 5階,,https://cardio-barre.jp/lp/03/?utm_source=facebook&utm_medium=cpc&fbclid=IwAR3Kheu4QwOEsq_Vf6-cZeTgzJ1VLZ2eB-BkHUf42kUJQKr9BH3OyQwSaSg,03-5731-5670,"2024-02-29 木曜日 9時00分～22時00分
2024-03-01 金曜日 9時00分～22時00分
2024-03-02 土曜日 10時00分～20時00分
2024-03-03 日曜日 10時00分～18時00分
2024-03-04 月曜日 8時00分～22時00分
2024-03-05 火曜日 9時00分～22時00分
2024-03-06 水曜日 8時00分～22時00分
",1.0,139.6679979,35.6082327,東京,自由が丘駅,132.0,自由が丘駅,1.0,目黒区,中目黒,中目黒,area:中目黒|station:自由が丘駅|feature:24h|feature:midnight,0,,0
CARDIO BARRE SHIBUYA (カーディオ・バー 渋谷店),〒150-0002 東京都渋谷区渋谷１丁目１４-１１ BCサロン 地下１階,,https://cardio-barre.jp/lp/03/?utm_source=facebook&utm_medium=cpc&fbclid=IwAR3Kheu4QwOEsq_Vf6-cZeTgzJ1VLZ2eB-BkHUf42kUJQKr9BH3OyQwSaSg,03-5778-9860,"2024-02-29 木曜日 9時00分～22時00分
2024-03-01 金曜日 9時00分～22時00分
2024-03-02 土曜日 10時00分～20時00分
2024-03-03 日曜日 10時00分～18時00分
2024-03-04 月曜日 9時00分～22時00分
2024-03-05 火曜日 9時00分～22時00分
2024-03-06 水曜日 9時00分～22時00分
",1.0,139.7027447,35.6598152,東京,渋谷駅,222.0,渋谷駅|表参道駅|原宿駅,3.0,渋谷区,渋谷,渋谷|恵比寿|代官山|原宿,area:渋谷|station:渋谷駅|station:表参道駅|station:原宿駅|feature:24h|feature:midnight,0,,0
CARDIO BARRE SHINJUKU (カーディオ・バー 新宿店),〒160-0022 東京都新宿区新宿４丁目２-１６ パシフィックマークス新宿サウスゲート 2階,,https://cardio-barre.jp/lp/03/?utm_source=facebook&utm_medium=cpc&fbclid=IwAR3Kheu4QwOEsq_Vf6-cZeTgzJ1VLZ2eB-BkHUf42kUJQKr9BH3OyQwSaSg,03-5361-6751,"2024-02-29 木曜日 9時00分～22時00分
2024-03-01 金曜日 9時00分～22時00分
2024-03-02 土曜日 10時00分～20時00分
2024-03-03 日曜日 10時00分～18時00分
2024-03-04 月曜日 9時00分～22時00分
2024-03-05 火曜日 9時00分～22時00分
2024-03-06 水曜日 9時00分～22時00分",1.0,139.7036822,35.6894289,東京,新宿駅,351.0,新宿駅|代々木駅|西武新宿駅,3.0,新宿区,新宿,新宿|西新宿|高田馬場|新大久保,area:新宿|station:新宿駅|station:代々木駅|station:西武新宿駅|feature:24h|feature:midnight,0,,0
Caribbean explosion,〒194-0012 東京都町田市金森１丁目３-１ Hamanoya 202,,http://www.caribbeanexplosion.com/,090-1542-9080,"2024-02-29 木曜日 10時00分～21時00分
2024-03-01 金曜日 10時00分～21時00分
2024-03-02 土曜日 10時00分～21時00分
2024-03-03 日曜日 10時00分～21時00分
2024-03-04 月曜日 10時00分～21時00分
2024-03-05 火曜日 10時00分～21時00分
2024-03-06 水曜日 10時00分～21時00分
",1.0,139.4553556,35.5369696,東京,町田駅,991.0,町田駅,1.0,町田市,町田,町田,area:町田|station:町田駅|feature:24h|feature:midnight,0,,0
Casa Mia Studio カザミアスタジオ ダンス,〒151-0064 東京都渋谷区上原１丁目２２-３ B1F むさしビル,,http://casamiastudio.jp/,03-5790-5710,,1.0,139.6823292,35.6686672,東京,代々木上原駅,237.0,代々木上原駅|代々木八幡駅|代々木公園駅|東北沢駅|幡ヶ谷駅|駒場東大前駅|池ノ上駅|初台駅|笹塚駅|参宮橋駅,0.0,渋谷区,渋谷,渋谷|恵比寿|代官山|原宿,area:渋谷,0,,0
BUZZ レンタルスタジオ池袋東口BASE,〒170-0013 東京都豊島区東池袋１丁目３６-７ B1,https://dance-studio-lab.com/room/NWY2ZjE2OGUtZDYyYi00ZTk5LThlMjctZDI1YjllMmRjM2Jk/detail,,,"2024-02-29 木曜日 24 時間営業
2024-03-01 金曜日 24 時間営業
2024-03-02 土曜日 24 時間営業
2024-03-03 日曜日 24 時間営業
2024-03-04 月曜日 24 時間営業
2024-03-05 火曜日 24 時間営業
2024-03-06 水曜日 24 時間営業
",1.0,139.7147674,35.7330703,東京,池袋駅,608.0,池袋駅,1.0,豊島区,池袋,池袋|目白|大塚|巣鴨,area:池袋|station:池袋駅|feature:24h|feature:mirror|feature:midnight,1,https://dance-studio-lab.com/room/NWY2ZjE2OGUtZDYyYi00ZTk5LThlMjctZDI1YjllMmRjM2Jk/detail,100
BUZZ レンタルスタジオ 渋谷東口SQUARE店,〒150-0002 東京都渋谷区渋谷２丁目２２-８ 名取ビル 1F,,,,"2024-02-29 木曜日 24 時間営業
2024-03-01 金曜日 24 時間営業
2024-03-02 土曜日 24 時間営業
2024-03-03 日曜日 24 時間営業
2024-03-04 月曜日 24 時間営業
2024-03-05 火曜日 24 時間営業
2024-03-06 水曜日 24 時間営業
",1.0,139.7035426,35.6584144,東京,渋谷駅,177.0,渋谷駅|表参道駅,2.0,渋谷区,渋谷,渋谷|恵比寿|代官山|原宿,area:渋谷|station:渋谷駅|station:表参道駅|feature:24h|feature:midnight,0,,0
CHILL STUDIO地域最安値第1位ダンススクール&レンタルスタジオ,〒197-0023 東京都福生市志茂２０１-２ 2SRビル 101,,,090-3248-5273,"LGBTQ フレンドリー2024-02-29 木曜日 10時00分～22時00分
2024-03-01 金曜日 10時00分～22時00分
2024-03-02 土曜日 10時00分～22時00分
2024-03-03 日曜日 10時00分～22時00分
2024-03-04 月曜日 10時00分～22時00分
2024-03-05 火曜日 10時00分～22時00分
2024-03-06 水曜日 10時00分～22時00分
",1.0,139.3289111,35.7379518,東京,福生駅,500.0,福生駅|牛浜駅|東福生駅|熊川駅,0.0,福生市,福生,福生,area:福生|feature:24h|feature:midnight,0,,0
ダンスルームAA,〒151-0063 東京都渋谷区富ケ谷２丁目９-１３ ワイズファースト B1F,,https://danceroomaa.com/,,,1.0,139.6864513,35.6646883,東京,代々木八幡駅,576.0,代々木八幡駅|代々木公園駅|駒場東大前駅|代々木上原駅|神泉駅|東北沢駅|池ノ上駅|渋谷駅|原宿駅|池尻大橋駅,0.0,渋谷区,渋谷,渋谷|恵比寿|代官山|原宿,area:渋谷,0,,0
Clover 26,〒206-0033 東京都多摩市落合２丁目３３ 2階,,https://www.clover26.com/,042-319-6001,"2024-02-29 木曜日 11時00分～22時00分
2024-03-01 金曜日 11時00分～22時00分
2024-03-02 土曜日 11時00分～22時00分
2024-03-03 日曜日 11時00分～22時00分
2024-03-04 月曜日 11時00分～22時00分
2024-03-05 火曜日 11時00分～22時00分
2024-03-06 水曜日 11時00分～22時00分
",1.0,139.423251,35.6201316,東京,小田急多摩センター駅,566.0,小田急多摩センター駅|京王多摩センター駅|唐木田駅,0.0,多摩市,多摩センター,多摩センター,area:多摩センター|feature:24h|feature:midnight,0,,0
"in the house / Shibuya ""Gallery""",〒150-0001 東京都渋谷区神宮前６丁目２３-１２,,https://inthehouse.tokyo/,,"2024-02-29 木曜日 24 時間営業
2024-03-01 金曜日 24 時間営業
2024-03-02 土曜日 24 時間営業
2024-03-03 日曜日 24 時間営業
2024-03-04 月曜日 24 時間営業
2024-03-05 火曜日 24 時間営業
2024-03-06 水曜日 24 時間営業
",1.0,139.7022931,35.6650259,東京,原宿駅,573.0,原宿駅|渋谷駅|表参道駅,3.0,渋谷区,渋谷,渋谷|恵比寿|代官山|原宿,area:渋谷|station:原宿駅|station:渋谷駅|station:表参道駅|feature:24h|feature:midnight,0,,0
CurioSpace多摩センター,〒206-0042 東京都多摩市山王下１丁目13-１２ パールプラザ 204号,,https://upnow.jp/curiospace/tamacenterstudio,050-3101-4159,"2024-02-29 木曜日 24 時間営業
2024-03-01 金曜日 24 時間営業
2024-03-02 土曜日 24 時間営業
2024-03-03 日曜日 24 時間営業
2024-03-04 月曜日 24 時間営業
2024-03-05 火曜日 24 時間営業
2024-03-06 水曜日 24 時間営業
",1.0,139.4199216,35.6253604,東京,京王多摩センター駅,407.0,京王多摩センター駅|小田急多摩センター駅|唐木田駅|京王堀之内駅,0.0,多摩市,多摩センター,多摩センター,area:多摩センター|feature:24h|feature:midnight,0,,0
BUZZ レンタルスタジオ 渋谷PARK店,〒150-0042 東京都渋谷区宇田川町１９-５,https://dance-studio-lab.com/room/YmNlM2RmNGMtNGI0Mi00ZTg4LTk4OTYtNjY4NWRiM2JmNzhm/detail,,,"2024-02-29 木曜日 24 時間営業
2024-03-01 金曜日 24 時間営業
2024-03-02 土曜日 24 時間営業
2024-03-03 日曜日 24 時間営業
2024-03-04 月曜日 24 時間営業
2024-03-05 火曜日 24 時間営業
2024-03-06 水曜日 24 時間営業
",1.0,139.6995535,35.6616887,東京,渋谷駅,448.0,渋谷駅|原宿駅,2.0,渋谷区,渋谷,渋谷|恵比寿|代官山|原宿,area:渋谷|station:渋谷駅|station:原宿駅|feature:24h|feature:shooting|feature:mirror|feature:midnight,1,https://dance-studio-lab.com/room/YmNlM2RmNGMtNGI0Mi00ZTg4LTk4OTYtNjY4NWRiM2JmNzhm/detail,100
Cuuby dance school,,,,090-9202-9872,"2024-02-29 木曜日 10時30分～15時00分
2024-03-01 金曜日 19時00分～20時30分
2024-03-02 土曜日 10時30分～22時00分
2024-03-03 日曜日 12時30分～14時00分
2024-03-04 月曜日 定休日
2024-03-05 火曜日 定休日
2024-03-06 水曜日 21時00分～22時30分
",1.0,139.7129534,35.7096844,東京,高田馬場駅,877.0,高田馬場駅,1.0,その他,その他,その他,station:高田馬場駅|feature:24h|feature:midnight,0,,0
『bco』 Private lesson/salon,〒150-0001 東京都渋谷区神宮前１丁目２１-１５ 2F奥 ナポレ原宿,,http://bobbyconditioning.com/,,"2024-02-29 木曜日 10時00分～22時00分
2024-03-01 金曜日 10時00分～22時00分
2024-03-02 土曜日 10時00分～22時00分
2024-03-03 日曜日 10時00分～22時00分
2024-03-04 月曜日 定休日
2024-03-05 火曜日 10時00分～22時00分
2024-03-06 水曜日 10時00分～22時00分
",1.0,139.7035519,35.672347,東京,原宿駅,255.0,原宿駅|表参道駅|代々木駅,3.0,渋谷区,渋谷,渋谷|恵比寿|代官山|原宿,area:渋谷|station:原宿駅|station:表参道駅|station:代々木駅|feature:24h|feature:midnight,0,,0
ダンススタジオ・レンタルスタジオ_DANCE SPACE 365,〒156-0041 東京都世田谷区大原１丁目２４-４ ローザ新代田 B1-2号室,,https://www.dancespace365.com/,,"2024-02-29 木曜日 6時00分～22時00分
2024-03-01 金曜日 6時00分～22時00分
2024-03-02 土曜日 6時00分～22時00分
2024-03-03 日曜日 6時00分～22時00分
2024-03-04 月曜日 6時00分～22時00分
2024-03-05 火曜日 6時00分～22時00分
2024-03-06 水曜日 6時00分～22時00分
",1.0,139.6610829,35.6663835,東京,下北沢駅,869.0,下北沢駅,1.0,世田谷区,下北沢,下北沢|三軒茶屋|二子玉川|自由が丘,area:下北沢|station:下北沢駅|feature:24h|feature:midnight,0,,0
レンタルスタジオマイレッスン 渋谷店,〒150-0011 東京都渋谷区渋谷 東２-２０-１６ エストマニヴィア B1F,,https://www.my-lesson.jp/,,"2024-02-29 木曜日 24 時間営業
2024-03-01 金曜日 24 時間営業
2024-03-02 土曜日 24 時間営業
2024-03-03 日曜日 24 時間営業
2024-03-04 月曜日 24 時間営業
2024-03-05 火曜日 24 時間営業
2024-03-06 水曜日 24 時間営業
",1.0,139.7088782,35.6535396,東京,恵比寿駅,770.0,恵比寿駅|渋谷駅,2.0,渋谷区,渋谷,渋谷|恵比寿|代官山|原宿,area:渋谷|station:恵比寿駅|station:渋谷駅|feature:24h|feature:midnight,0,,0
"in the house / Hatagaya ""Shack""",〒101 東京都渋谷区幡ケ谷２丁目８-１５ JP 151-0072 KODAビル B1F,,https://inthehouse.tokyo/hatagaya/,,"2024-02-29 木曜日 24 時間営業
2024-03-01 金曜日 24 時間営業
2024-03-02 土曜日 24 時間営業
2024-03-03 日曜日 24 時間営業
2024-03-04 月曜日 24 時間営業
2024-03-05 火曜日 24 時間営業
2024-03-06 水曜日 24 時間営業
",1.0,139.67709,35.6780482,東京,幡ヶ谷駅,85.0,幡ヶ谷駅|初台駅|笹塚駅|代々木上原駅|代々木八幡駅|東北沢駅|西新宿五丁目駅（清水橋）|参宮橋駅|代々木公園駅|中野新橋駅,0.0,渋谷区,渋谷,渋谷|恵比寿|代官山|原宿,area:渋谷|feature:24h|feature:midnight,0,,0
Dance Studio Linda 中目黒,〒153-0043 東京都目黒区東山１丁目４-１３ ASA東山ビル １F,,,,"オーナーが女性と確認されたビジネス2024-02-29 木曜日 24 時間営業
2024-03-01 金曜日 24 時間営業
2024-03-02 土曜日 24 時間営業
2024-03-03 日曜日 24 時間営業
2024-03-04 月曜日 24 時間営業
2024-03-05 火曜日 24 時間営業
2024-03-06 水曜日 24 時間営業
",1.0,139.6945309,35.6470869,東京,池尻大橋駅,1023.0,池尻大橋駅,1.0,目黒区,中目黒,中目黒,area:中目黒|station:池尻大橋駅|feature:24h|feature:midnight,0,,0
D'CRE8 Dance Shtajio (ディークリエイトダンスシタジオ),〒164-0013 東京都中野区弥生町１丁目１１-２ B1,,https://dcre8.com/,03-6822-2132,"LGBTQ フレンドリー2024-02-29 木曜日 9時00分～22時30分
2024-03-01 金曜日 9時00分～22時30分
2024-03-02 土曜日 9時00分～22時30分
2024-03-03 日曜日 9時00分～22時30分
2024-03-04 月曜日 9時00分～22時30分
2024-03-05 火曜日 9時00分～22時30分
2024-03-06 水曜日 9時00分～22時30分",1.0,139.6813739,35.6912405,東京,西新宿五丁目駅（清水橋）,325.0,西新宿五丁目駅（清水橋）|中野坂上駅|中野新橋駅|都庁前駅|西新宿駅|初台駅|中野富士見町駅|新中野駅|幡ヶ谷駅|新宿西口駅,0.0,中野区,中野,中野,area:中野|feature:24h|feature:midnight,0,,0
中目黒店 レンタルダンススタジオROOTS,〒153-0051 東京都目黒区上目黒１丁目５-１０ 中目黒マンション B6,,https://dancestudioroots.com/nakameguro/,,"2024-02-29 木曜日 24 時間営業
2024-03-01 金曜日 24 時間営業
2024-03-02 土曜日 24 時間営業
2024-03-03 日曜日 24 時間営業
2024-03-04 月曜日 24 時間営業
2024-03-05 火曜日 24 時間営業
2024-03-06 水曜日 24 時間営業
",1.0,139.7004063,35.64467,東京,恵比寿駅,905.0,恵比寿駅,1.0,目黒区,中目黒,中目黒,area:中目黒|station:恵比寿駅|feature:24h|feature:midnight,0,,0
青海R地区,〒135-0064 東京都江東区青海１丁目１ R地区,,https://www.tokyo-odaiba.net/parkevent/space/place.html,,,1.0,139.7772101,35.6236139,東京,青海駅,376.0,青海駅|東京国際クルーズターミナル駅|東京テレポート駅|台場駅|テレコムセンター駅|お台場海浜公園駅|東京ビッグサイト駅|国際展示場駅|有明駅,0.0,江東区,豊洲,豊洲,area:豊洲,0,,0
Dance School & Studio Upbeat,〒676-0808 兵庫県高砂市米田町神爪１０９-１,,https://danceschool-upbeat.com/,079-441-9181,,1.0,134.8096558,34.7854153,東京,宝殿駅,271.0,宝殿駅,0.0,その他,その他,その他,,0,,0
DANCE STUDIO A??,〒490-1111 愛知県あま市甚目寺八尻90,,https://studio-a-heart.com/,090-3262-5577,"2024-02-29 木曜日 18時00分～22時00分
2024-03-01 金曜日 10時30分～22時00分
2024-03-02 土曜日 10時00分～12時00分
2024-03-03 日曜日 定休日
2024-03-04 月曜日 18時00分～22時00分
2024-03-05 火曜日 10時30分～22時00分
2024-03-06 水曜日 18時00分～21時00分
",1.0,136.8309543,35.1912724,東京,甚目寺駅,736.0,甚目寺駅|須ヶ口駅|丸ノ内駅（名鉄）|新川橋駅,0.0,その他,その他,その他,feature:24h|feature:midnight,0,,0
DANCE STUDIO BAUM,〒204-0022 東京都清瀬市松山３丁目３-２ 地下一階 コーポラスＢ＆Ｍ,,https://www.studio-baum.net/,070-8974-2104,,1.0,139.5163172,35.7691804,東京,清瀬駅,454.0,清瀬駅|東久留米駅,0.0,清瀬市,清瀬,清瀬,area:清瀬,0,,0
Dance Studio Broomstick,〒123-0873 東京都足立区扇２丁目２５-１ 扇橋会館 ８F,,https://studio-broomstick.jp/,03-3890-4822,"2024-02-29 木曜日 16時30分～21時20分
2024-03-01 金曜日 17時30分～21時00分
2024-03-02 土曜日 13時00分～17時45分
2024-03-03 日曜日 9時30分～12時45分
2024-03-04 月曜日 18時30分～21時20分
2024-03-05 火曜日 定休日
2024-03-06 水曜日 18時30分～21時20分
",1.0,139.770505,35.763449,東京,扇大橋駅,59.0,扇大橋駅|高野駅|足立小台駅|江北駅|宮ノ前駅|小台駅|熊野前駅|荒川遊園地前駅|東尾久三丁目駅|大師前駅,0.0,足立区,北千住,北千住,area:北千住|feature:24h|feature:midnight,0,,0
スタジオセンティード Studio SENTIDO（レンタルスタジオ）,〒155-0031 東京都世田谷区北沢２丁目１８-５ 地下１階,,https://studiosentido.wixsite.com/rental,,"2024-02-29 木曜日 24 時間営業
2024-03-01 金曜日 24 時間営業
2024-03-02 土曜日 24 時間営業
2024-03-03 日曜日 24 時間営業
2024-03-04 月曜日 24 時間営業
2024-03-05 火曜日 24 時間営業
2024-03-06 水曜日 24 時間営業
",1.0,139.6667401,35.6602153,東京,下北沢駅,253.0,下北沢駅,1.0,世田谷区,下北沢,下北沢|三軒茶屋|二子玉川|自由が丘,area:下北沢|station:下北沢駅|feature:24h|feature:midnight,0,,0
DANCE STUDIO Fossette -フォセット -,〒214-0032 神奈川県川崎市多摩区枡形３丁目２-１９,,https://fossette-dance.wixsite.com/home,044-281-5051,"オーナーが女性と確認されたビジネス2024-02-29 木曜日 9時00分～22時00分
2024-03-01 金曜日 9時00分～22時00分
2024-03-02 土曜日 9時00分～22時00分
2024-03-03 日曜日 定休日
2024-03-04 月曜日 9時00分～22時00分
2024-03-05 火曜日 9時00分～22時00分
2024-03-06 水曜日 定休日
",1.0,139.557193,35.6169215,東京,向ヶ丘遊園駅,667.0,向ヶ丘遊園駅|登戸駅|生田駅|中野島駅|和泉多摩川駅,0.0,その他,その他,その他,feature:24h|feature:midnight,0,,0
スタジオジパング 梅ヶ丘スタジオPRO,〒154-0022 東京都世田谷区梅丘１丁目３３-９ モンド梅ヶ丘ビル地下1階,,https://studiozipang.com/,,"2024-02-29 木曜日 24 時間営業
2024-03-01 金曜日 24 時間営業
2024-03-02 土曜日 24 時間営業
2024-03-03 日曜日 24 時間営業
2024-03-04 月曜日 24 時間営業
2024-03-05 火曜日 24 時間営業
2024-03-06 水曜日 24 時間営業
",1.0,139.6525999,35.6561858,東京,梅ヶ丘駅,94.0,梅ヶ丘駅|豪徳寺駅|山下駅|東松原駅|世田谷代田駅|新代田駅|松原駅|宮の坂駅|若林駅|明大前駅,0.0,世田谷区,下北沢,下北沢|三軒茶屋|二子玉川|自由が丘,area:下北沢|feature:24h|feature:midnight,0,,0
dance studio GROOVY ダンス＆ヨガ,"いづみ屋ビル 4階, ２丁目-２０-２ 成増 板橋区 東京都 175-0094",,http://www.groovy2005.com/,050-3555-3677,"2024-02-29 木曜日 9時00分～16時00分
2024-03-01 金曜日 9時00分～23時00分
2024-03-02 土曜日 9時00分～12時00分
2024-03-03 日曜日 17時00分～23時00分
2024-03-04 月曜日 12時00分～15時00分
2024-03-05 火曜日 9時00分～23時00分
2024-03-06 水曜日 9時00分～15時30分
",1.0,139.630935,35.7778437,東京,地下鉄成増駅,130.0,地下鉄成増駅|成増駅|地下鉄赤塚駅|下赤塚駅,0.0,板橋区,成増,成増,area:成増|feature:24h|feature:midnight,0,,0
駒澤大学店 レンタルダンススタジオ ＲＯＯＴＳ,〒154-0012 東京都世田谷区駒沢３丁目１-３ シャトレー駒沢 ２０４,,http://dancestudioroots.com/komazawadaigaku/,,"2024-02-29 木曜日 9時00分～0時00分
2024-03-01 金曜日 9時00分～0時00分
2024-03-02 土曜日 9時00分～0時00分
2024-03-03 日曜日 10時00分～0時00分
2024-03-04 月曜日 9時00分～0時00分
2024-03-05 火曜日 9時00分～0時00分
2024-03-06 水曜日 9時00分～0時00分
",1.0,139.656195,35.631238,東京,駒沢大学駅,522.0,駒沢大学駅|桜新町駅|松陰神社前駅|世田谷駅|上町駅|若林駅|西太子堂駅|三軒茶屋駅,0.0,世田谷区,下北沢,下北沢|三軒茶屋|二子玉川|自由が丘,area:下北沢|feature:24h|feature:midnight,0,,0
子ども向け体操教室LUNA STUDIO 駒場東大前校,"〒153-0041 東京都目黒区駒場２丁目８-１, 横山ビル, 1F",,https://lunastudio.jp/,,"2024-02-29 木曜日 14時00分～20時30分
2024-03-01 金曜日 14時00分～20時30分
2024-03-02 土曜日 9時00分～8時30分
2024-03-03 日曜日 9時00分～20時30分
2024-03-04 月曜日 14時00分～20時30分
2024-03-05 火曜日 14時00分～20時30分
2024-03-06 水曜日 14時00分～20時30分
",1.0,139.6828223,35.6573143,東京,池尻大橋駅,759.0,池尻大橋駅,1.0,目黒区,中目黒,中目黒,area:中目黒|station:池尻大橋駅|feature:24h|feature:midnight,0,,0
DANCE STUDIO KOTOHA,〒454-0854 愛知県名古屋市中川区松年町３丁目５０,,https://www.dancestudiokotoha.jp/,052-355-8480,"2024-02-29 木曜日 10時00分～21時00分
2024-03-01 金曜日 10時00分～19時00分
2024-03-02 土曜日 定休日
2024-03-03 日曜日 定休日
2024-03-04 月曜日 12時00分～21時00分
2024-03-05 火曜日 10時00分～21時00分
2024-03-06 水曜日 12時00分～18時00分
",1.0,136.873189,35.121632,東京,中島駅,1146.0,中島駅|港北駅|六番町駅|東海通駅|南荒子駅,0.0,その他,その他,その他,feature:24h|feature:midnight,0,,0
DＡNCE Studio LEON 多目的スタジオ レオン,〒160-0022 東京都新宿区新宿５丁目１７-６ 201,,http://lilly-company.com/,090-9101-3317,"LGBTQ フレンドリー2024-02-29 木曜日 24 時間営業
2024-03-01 金曜日 24 時間営業
2024-03-02 土曜日 24 時間営業
2024-03-03 日曜日 24 時間営業
2024-03-04 月曜日 24 時間営業
2024-03-05 火曜日 24 時間営業
2024-03-06 水曜日 24 時間営業",1.0,139.7058494,35.6930362,東京,新宿駅,557.0,新宿駅|西武新宿駅|新大久保駅,3.0,新宿区,新宿,新宿|西新宿|高田馬場|新大久保,area:新宿|station:新宿駅|station:西武新宿駅|station:新大久保駅|feature:24h|feature:midnight,0,,0
レンタルスタジオ・ラカーサミア（カガダンサーズサポート）,〒980-0804 宮城県仙台市青葉区大町２丁目１０-２４ La casa mia ビル ２Ｆ,,https://kds-sendai.com/,,"2024-02-29 木曜日 9時00分～18時00分
2024-03-01 金曜日 9時00分～18時00分
2024-03-02 土曜日 定休日
2024-03-03 日曜日 定休日
2024-03-04 月曜日 定休日
2024-03-05 火曜日 9時00分～18時00分
2024-03-06 水曜日 9時00分～21時00分
",1.0,140.8640424,38.2602257,東京,大町西公園駅,132.0,大町西公園駅|国際センター駅|青葉通一番町駅|勾当台公園駅|広瀬通駅|川内駅|あおば通駅|北四番丁駅|仙台駅|五橋駅,0.0,その他,その他,その他,feature:24h|feature:midnight,0,,0
DANCE STUDIO NEO,〒444-0009 愛知県岡崎市小呂町２丁目７０,,http://www.dance-neo.com/,0564-65-8180,"オーナーが女性と確認されたビジネス2024-02-29 木曜日 9時30分～22時30分
2024-03-01 金曜日 9時30分～22時30分
2024-03-02 土曜日 9時30分～22時30分
2024-03-03 日曜日 9時30分～22時30分
2024-03-04 月曜日 9時30分～22時30分
2024-03-05 火曜日 9時30分～22時30分
2024-03-06 水曜日 9時30分～22時30分
",1.0,137.1863678,34.9605137,東京,東岡崎駅,1969.0,東岡崎駅,0.0,その他,その他,その他,feature:24h|feature:midnight,0,,0
DANCE WORKS,〒150-0032 東京都渋谷区鶯谷町７-１０ ＮＭＤビル 2F-6F,,https://danceworks.jp/,03-5459-1234,"2024-02-29 木曜日 10時30分～21時30分
2024-03-01 金曜日 10時30分～21時30分
2024-03-02 土曜日 10時00分～21時30分
2024-03-03 日曜日 9時30分～20時00分
2024-03-04 月曜日 10時30分～21時30分
2024-03-05 火曜日 10時30分～21時30分
2024-03-06 水曜日 10時30分～21時30分
",1.0,139.7019372,35.6540175,東京,渋谷駅,447.0,渋谷駅|恵比寿駅,2.0,渋谷区,渋谷,渋谷|恵比寿|代官山|原宿,area:渋谷|station:渋谷駅|station:恵比寿駅|feature:24h|feature:midnight,0,,0
池ノ上道場 / 池ノ上スタジオ Ikenoue-dojo/Ikenoue studio,〒155-0032 東京都世田谷区代沢２丁目４８-２１ ２階,,https://ikenouedojo.com/,,"2024-02-29 木曜日 9時00分～21時00分
2024-03-01 金曜日 9時00分～21時00分
2024-03-02 土曜日 9時00分～21時00分
2024-03-03 日曜日 9時00分～21時00分
2024-03-04 月曜日 9時00分～22時00分
2024-03-05 火曜日 9時00分～21時00分
2024-03-06 水曜日 9時00分～21時00分
",1.0,139.6744367,35.6607127,東京,下北沢駅,520.0,下北沢駅,1.0,世田谷区,下北沢,下北沢|三軒茶屋|二子玉川|自由が丘,area:下北沢|station:下北沢駅|feature:24h|feature:midnight,0,,0
Dance zone RESPECT,〒435-0008 静岡県浜松市中央区松小池町４５５-１,,,090-8543-5030,"2024-02-29 木曜日 16時30分～23時00分
2024-03-01 金曜日 18時30分～21時00分
2024-03-02 土曜日 定休日
2024-03-03 日曜日 定休日
2024-03-04 月曜日 17時30分～22時00分
2024-03-05 火曜日 16時30分～21時30分
2024-03-06 水曜日 20時00分～21時00分
",1.0,137.7901575,34.732859,東京,なし,,,0.0,中央区,銀座,銀座|日本橋|八丁堀|月島,area:銀座|feature:24h|feature:midnight,0,,0
DANCE&RENTAL STUDIO ONEWAY,"パークサイド村本ビル 1F, １丁目-１-２７ 泉 東区 名古屋市 愛知県 461-0001",,http://www.studio-oneway.nagoya/,052-228-6364,"2024-02-29 木曜日 17時00分～23時00分
2024-03-01 金曜日 17時00分～23時00分
2024-03-02 土曜日 定休日
2024-03-03 日曜日 定休日
2024-03-04 月曜日 17時00分～23時00分
2024-03-05 火曜日 17時00分～23時00分
2024-03-06 水曜日 17時00分～23時00分
",1.0,136.9092475,35.1771591,東京,久屋大通駅,403.0,久屋大通駅|名古屋城駅|高岳駅|栄町駅|東大手駅|栄駅|丸の内駅|清水駅|新栄町駅|伏見駅,0.0,その他,その他,その他,feature:24h|feature:midnight,0,,0
ＤＡＮＣＥＳＴＵＤＩＯ・ＢＩＮＧＯ,〒192-0083 東京都八王子市旭町１３-２５,,https://dancestudio-bingo.com/,042-645-5507,,1.0,139.3417758,35.6569607,東京,八王子駅,297.0,八王子駅,1.0,八王子市,八王子,八王子,area:八王子|station:八王子駅,0,,0
Dancing Appaloosa ダンシング アパルーサ,〒152-0004 東京都目黒区鷹番３丁目４-１９ 江連ビル 3階 イズミダンススクール内,,http://www.dancingappaloosa.com/,090-1696-0434,"オーナーが女性と確認されたビジネス2024-02-29 木曜日 定休日
2024-03-01 金曜日 定休日
2024-03-02 土曜日 12時30分～16時30分
2024-03-03 日曜日 定休日
2024-03-04 月曜日 定休日
2024-03-05 火曜日 定休日
2024-03-06 水曜日 11時30分～17時30分
",1.0,139.6850555,35.6279829,東京,学芸大学駅,53.0,学芸大学駅,1.0,目黒区,中目黒,中目黒,area:中目黒|station:学芸大学駅|feature:24h|feature:midnight,0,,0
蒲田・矢口渡レンタルスタジオ momobana,〒146-0095 東京都大田区多摩川１丁目１８-１ 2階,,,,"オーナーが女性と確認されたビジネス2024-02-29 木曜日 24 時間営業
2024-03-01 金曜日 24 時間営業
2024-03-02 土曜日 24 時間営業
2024-03-03 日曜日 24 時間営業
2024-03-04 月曜日 24 時間営業
2024-03-05 火曜日 24 時間営業
2024-03-06 水曜日 24 時間営業
",1.0,139.6970206,35.563395,東京,矢口渡駅,308.0,矢口渡駅|武蔵新田駅|蓮沼駅|池上駅|千鳥町駅|下丸子駅|蒲田駅,0.0,大田区,蒲田,蒲田,area:蒲田|feature:24h|feature:midnight,0,,0
DAYS赤坂見附,〒107-0052 東京都港区赤坂３丁目９-１ 紀陽 ビル,,https://days-akasaka.tokyo/,03-3584-5011,"2024-02-29 木曜日 10時00分～17時00分
2024-03-01 金曜日 10時00分～17時00分
2024-03-02 土曜日 定休日
2024-03-03 日曜日 定休日
2024-03-04 月曜日 10時00分～17時00分
2024-03-05 火曜日 10時00分～17時00分
2024-03-06 水曜日 10時00分～17時00分
",1.0,139.7363253,35.6774189,東京,赤坂駅,433.0,赤坂駅,1.0,港区,六本木,六本木|赤坂|麻布|新橋,area:六本木|station:赤坂駅|feature:24h|feature:midnight,0,,0
レンタルスタジオ N.studio,〒146-0091 東京都大田区鵜の木２丁目５-１ イーグル鵜の木,,https://www.arabesque-n.com/n-studio/,,"2024-02-29 木曜日 9時00分～22時00分
2024-03-01 金曜日 9時00分～22時00分
2024-03-02 土曜日 9時00分～22時00分
2024-03-03 日曜日 9時00分～22時00分
2024-03-04 月曜日 9時00分～22時00分
2024-03-05 火曜日 9時00分～22時00分
2024-03-06 水曜日 9時00分～22時00分
",1.0,139.6811768,35.5753551,東京,鵜の木駅,53.0,鵜の木駅|下丸子駅|久が原駅|千鳥町駅|沼部駅|御嶽山駅|向河原駅|武蔵新田駅|新丸子駅|平間駅,0.0,大田区,蒲田,蒲田,area:蒲田|feature:24h|feature:midnight,0,,0
DCNスタジオ,〒104-0052 東京都中央区月島１丁目１４-７ 旭倉庫内,,https://www.rental-studio.tokyo/,03-3532-0731,"2024-02-29 木曜日 10時00分～20時00分
2024-03-01 金曜日 10時00分～20時00分
2024-03-02 土曜日 10時00分～20時00分
2024-03-03 日曜日 10時00分～20時00分
2024-03-04 月曜日 10時00分～20時00分
2024-03-05 火曜日 10時00分～20時00分
2024-03-06 水曜日 10時00分～20時00分
",1.0,139.7817395,35.6662826,東京,月島駅,343.0,月島駅|築地駅|新富町駅|勝どき駅|越中島駅|八丁堀駅|築地市場駅|宝町駅|東銀座駅|門前仲町駅,0.0,中央区,銀座,銀座|日本橋|八丁堀|月島,area:銀座|feature:24h|feature:midnight,0,,0
DECO MUSIC SCHOOL ボイストレーニング、ボーカルレッスン 立川校,〒190-0022 東京都立川市錦町２丁目１-８ グリーンビル ４F,,https://deco-music.jp/,042-595-6756,"LGBTQ フレンドリー2024-02-29 木曜日 10時00分～22時00分
2024-03-01 金曜日 10時00分～22時00分
2024-03-02 土曜日 10時00分～22時00分
2024-03-03 日曜日 10時00分～22時00分
2024-03-04 月曜日 10時00分～22時00分
2024-03-05 火曜日 10時00分～22時00分
2024-03-06 水曜日 10時00分～22時00分
",1.0,139.4158569,35.6959455,東京,立川駅,335.0,立川駅,1.0,立川市,立川,立川,area:立川|station:立川駅|feature:24h|feature:midnight,0,,0
子ども向けダンス教室LUNA DANCE 長原駅前校,〒145-0064 東京都大田区上池台１丁目１０-６ 長原コアビル 2F,,https://lunastudio.jp/lunadance,,"2024-02-29 木曜日 14時00分～21時10分
2024-03-01 金曜日 15時00分～21時10分
2024-03-02 土曜日 9時10分～21時30分
2024-03-03 日曜日 9時10分～21時30分
2024-03-04 月曜日 14時00分～21時10分
2024-03-05 火曜日 14時20分～21時40分
2024-03-06 水曜日 14時00分～21時10分
",1.0,139.6979083,35.602055,東京,長原駅,19.0,長原駅|旗の台駅|洗足池駅|北千束駅|荏原町駅|洗足駅|大岡山駅|石川台駅|中延駅|馬込駅,0.0,大田区,蒲田,蒲田,area:蒲田|feature:24h|feature:midnight,0,,0
dスタ（レンタルスタジオ）,〒107-0062 東京都港区南青山２丁目２４-１５ 青山タワービル 15F,,https://dstudio-dbs.com/,03-6804-5257,"LGBTQ フレンドリー2024-02-29 木曜日 10時00分～19時00分
2024-03-01 金曜日 10時00分～19時00分
2024-03-02 土曜日 定休日
2024-03-03 日曜日 定休日
2024-03-04 月曜日 10時00分～19時00分
2024-03-05 火曜日 10時00分～19時00分
2024-03-06 水曜日 10時00分～19時00分
",1.0,139.7183093,35.6702946,東京,外苑前駅,68.0,外苑前駅|青山一丁目駅|表参道駅,3.0,港区,六本木,六本木|赤坂|麻布|新橋,area:六本木|station:外苑前駅|station:青山一丁目駅|station:表参道駅|feature:24h|feature:midnight,0,,0
Studio Green 蒲田／スタジオグリーン蒲田／【蒲田駅東口5分】鏡約7mの綺麗で広いスタジオでダンス・ポージング・ヨガ・ピラティス・演劇・撮影などにおすすめ☆,〒144-0052 東京都大田区蒲田１丁目２４-１６ シャトー蒲田８ 101号室,,https://spacemarket.com/p/sp/vhe_mxiht4r4zpvt,,"2024-02-29 木曜日 9時00分～22時00分
2024-03-01 金曜日 9時00分～22時00分
2024-03-02 土曜日 9時00分～22時00分
2024-03-03 日曜日 9時00分～22時00分
2024-03-04 月曜日 9時00分～22時00分
2024-03-05 火曜日 9時00分～22時00分
2024-03-06 水曜日 9時00分～22時00分
",1.0,139.719741,35.5644492,東京,蒲田駅,400.0,蒲田駅,1.0,大田区,蒲田,蒲田,area:蒲田|station:蒲田駅|feature:24h|feature:shooting|feature:midnight,0,,0
EMI HULA STUDIO,〒134-0013 東京都江戸川区江戸川６丁目,,https://edogawa.mypl.net/shop/00000364787/,090-4918-2940,"LGBTQ フレンドリー2024-02-29 木曜日 定休日
2024-03-01 金曜日 10時00分～14時30分
2024-03-02 土曜日 定休日
2024-03-03 日曜日 定休日
2024-03-04 月曜日 定休日
2024-03-05 火曜日 定休日
2024-03-06 水曜日 10時00分～16時00分
",1.0,139.8774842,35.6746254,東京,一之江駅,989.0,一之江駅|船堀駅|瑞江駅,0.0,江戸川区,西葛西,西葛西,area:西葛西|feature:24h|feature:midnight,0,,0
EMI HULA STUDIO,,,https://edogawa.mypl.net/shop/00000364787/,090-4918-2940,"LGBTQ フレンドリー2024-02-29 木曜日 10時00分～11時10分
2024-03-01 金曜日 10時00分～11時10分
2024-03-02 土曜日 定休日
2024-03-03 日曜日 定休日
2024-03-04 月曜日 定休日
2024-03-05 火曜日 10時00分～11時10分
2024-03-06 水曜日 10時00分～11時10分
",1.0,139.8760198,35.692756,東京,なし,,,0.0,その他,その他,その他,feature:24h|feature:midnight,0,,0
emotionS Dance Studio,〒180-0006 東京都武蔵野市中町１丁目２５-１０ 三祐ビル B1F,,http://dance-studio-emotions.com/,080-9215-5325,"2024-02-29 木曜日 10時00分～22時30分
2024-03-01 金曜日 10時00分～22時30分
2024-03-02 土曜日 10時00分～22時30分
2024-03-03 日曜日 10時00分～22時30分
2024-03-04 月曜日 10時00分～22時30分
2024-03-05 火曜日 10時00分～22時30分
2024-03-06 水曜日 10時00分～22時30分
",1.0,139.5629224,35.7031031,東京,三鷹駅,220.0,三鷹駅,1.0,武蔵野市,吉祥寺,吉祥寺,area:吉祥寺|station:三鷹駅|feature:24h|feature:midnight,0,,0
ENERGY DANCE STUDIO,〒354-0018 埼玉県富士見市西みずほ台１丁目２２-１１ テル・ビル 1F,,http://energy-dance.net/,049-257-4732,"2024-02-29 木曜日 9時00分～23時00分
2024-03-01 金曜日 9時00分～23時00分
2024-03-02 土曜日 9時00分～23時00分
2024-03-03 日曜日 9時00分～23時00分
2024-03-04 月曜日 9時00分～23時00分
2024-03-05 火曜日 9時00分～23時00分
2024-03-06 水曜日 9時00分～23時00分
",1.0,139.5484005,35.8363801,東京,みずほ台駅,303.0,みずほ台駅|鶴瀬駅|柳瀬川駅,0.0,その他,その他,その他,feature:24h|feature:midnight,0,,0
ヨガ&ピラティス｜くろねこスタジオ大森｜レンタルスタジオ,〒143-0016 東京都大田区大森北４丁目８-９ 203,,https://www.spacemarket.com/spaces/lekmbl-dcsse1bqa/,,"2024-02-29 木曜日 5時00分～0時00分
2024-03-01 金曜日 5時00分～0時00分
2024-03-02 土曜日 5時00分～0時00分
2024-03-03 日曜日 5時00分～0時00分
2024-03-04 月曜日 5時00分～0時00分
2024-03-05 火曜日 5時00分～0時00分
2024-03-06 水曜日 5時00分～0時00分
",1.0,139.729538,35.5845502,東京,大森駅,459.0,大森駅|大森海岸駅|平和島駅|大森町駅|流通センター駅|立会川駅|梅屋敷駅,0.0,大田区,蒲田,蒲田,area:蒲田|feature:24h|feature:midnight,0,,0
Estudio ILIA FLAMENCA,〒101-0051 東京都千代田区神田神保町１丁目２５-４ 神保町ビル B1 SH神田南,,https://www.ilia-f.com/,03-5577-6818,"オーナーが女性と確認されたビジネス2024-02-29 木曜日 19時00分～20時00分
2024-03-01 金曜日 定休日
2024-03-02 土曜日 定休日
2024-03-03 日曜日 11時00分～15時00分
2024-03-04 月曜日 18時00分～21時00分
2024-03-05 火曜日 定休日
2024-03-06 水曜日 19時00分～21時00分
",1.0,139.7605065,35.6949827,東京,神保町駅,281.0,神保町駅|新御茶ノ水駅|竹橋駅|小川町駅|御茶ノ水駅|九段下駅|神田駅|水道橋駅|大手町駅|岩本町駅,0.0,千代田区,秋葉原,秋葉原,area:秋葉原|feature:24h|feature:midnight,0,,0
ETCダンススクール 金町校,〒125-0041 東京都葛飾区東金町１丁目４１-４ 金町中央ビル 2F,,https://www.e-t-c.net/kanamachi/,03-3600-1355,"2024-02-29 木曜日 15時00分～22時00分
2024-03-01 金曜日 15時00分～22時00分
2024-03-02 土曜日 11時00分～22時00分
2024-03-03 日曜日 10時30分～13時00分
2024-03-04 月曜日 15時00分～22時00分
2024-03-05 火曜日 15時00分～22時00分
2024-03-06 水曜日 15時00分～22時00分
",1.0,139.8717864,35.7705707,東京,金町駅,155.0,金町駅|京成金町駅|柴又駅,0.0,葛飾区,新小岩,新小岩,area:新小岩|feature:24h|feature:midnight,0,,0
ETCダンススクール 町田校,〒194-0022 東京都町田市森野１丁目１５-１２ 長谷川ビル 1F,,https://www.e-t-c.net/machida/,042-720-1855,"2024-02-29 木曜日 10時00分～22時00分
2024-03-01 金曜日 10時00分～22時00分
2024-03-02 土曜日 9時00分～21時00分
2024-03-03 日曜日 9時00分～20時00分
2024-03-04 月曜日 10時00分～23時00分
2024-03-05 火曜日 15時00分～23時00分
2024-03-06 水曜日 10時00分～22時00分
",1.0,139.4437127,35.5433569,東京,町田駅,279.0,町田駅,1.0,町田市,町田,町田,area:町田|station:町田駅|feature:24h|feature:midnight,0,,0
ETCダンススクール池袋校,〒170-0014 東京都豊島区池袋２丁目５５-１１,,https://www.e-t-c.net/ikebukuro/,03-5950-1355,"2024-02-29 木曜日 15時00分～22時00分
2024-03-01 金曜日 15時00分～22時00分
2024-03-02 土曜日 10時00分～22時00分
2024-03-03 日曜日 12時00分～19時00分
2024-03-04 月曜日 15時00分～22時00分
2024-03-05 火曜日 15時00分～22時00分
2024-03-06 水曜日 定休日
",1.0,139.7081253,35.7342921,東京,池袋駅,630.0,池袋駅,1.0,豊島区,池袋,池袋|目白|大塚|巣鴨,area:池袋|station:池袋駅|feature:24h|feature:midnight,0,,0
ETERNAL DANCE STUDIO,〒197-0022 東京都福生市本町１４２ ２Ｆ,,http://eternal-st.com/,042-513-0280,"LGBTQ フレンドリー2024-02-29 木曜日 12時30分～13時30分
2024-03-01 金曜日 17時00分～19時30分
2024-03-02 土曜日 13時00分～21時10分
2024-03-03 日曜日 17時00分～20時50分
2024-03-04 月曜日 17時30分～21時10分
2024-03-05 火曜日 17時50分～21時30分
2024-03-06 水曜日 17時45分～21時10分
",1.0,139.3274273,35.7414941,東京,福生駅,105.0,福生駅|東福生駅|牛浜駅|熊川駅,0.0,福生市,福生,福生,area:福生|feature:24h|feature:midnight,0,,0
EXスタジオ麹町,〒102-0083 東京都千代田区麹町２丁目２-４ 麹町セントラルビル 5階,,,050-1743-6868,"2024-02-29 木曜日 24 時間営業
2024-03-01 金曜日 24 時間営業
2024-03-02 土曜日 24 時間営業
2024-03-03 日曜日 24 時間営業
2024-03-04 月曜日 24 時間営業
2024-03-05 火曜日 24 時間営業
2024-03-06 水曜日 24 時間営業
",1.0,139.7409392,35.6845112,東京,半蔵門駅,105.0,半蔵門駅|麹町駅|永田町駅|市ケ谷駅|赤坂見附駅|四ツ谷駅|国会議事堂前駅|溜池山王駅|赤坂駅|九段下駅,0.0,千代田区,秋葉原,秋葉原,area:秋葉原|feature:24h|feature:midnight,0,,0
EyeCandyポールダンス秋葉原スタジオ,〒101-0021 東京都千代田区外神田２丁目１-１３,,http://www.eyecandypole.com/,03-3525-4890,"LGBTQ フレンドリー2024-02-29 木曜日 11時00分～22時00分
2024-03-01 金曜日 11時00分～22時00分
2024-03-02 土曜日 11時00分～22時00分
2024-03-03 日曜日 11時00分～22時00分
2024-03-04 月曜日 11時00分～22時00分
2024-03-05 火曜日 11時00分～22時00分
2024-03-06 水曜日 11時00分～22時00分
",1.0,139.768202,35.698958,東京,秋葉原駅,544.0,秋葉原駅,1.0,千代田区,秋葉原,秋葉原,area:秋葉原|station:秋葉原駅|feature:24h|feature:midnight,0,,0
F1 STUDIO,〒136-0082 東京都江東区新木場１丁目３-１３,,https://handoff-all.jp/,03-6457-0310,"2024-02-29 木曜日 24 時間営業
2024-03-01 金曜日 24 時間営業
2024-03-02 土曜日 24 時間営業
2024-03-03 日曜日 24 時間営業
2024-03-04 月曜日 24 時間営業
2024-03-05 火曜日 24 時間営業
2024-03-06 水曜日 24 時間営業
",1.0,139.824273,35.6446578,東京,新木場駅,259.0,新木場駅|辰巳駅|潮見駅|東雲駅,0.0,江東区,豊洲,豊洲,area:豊洲|feature:24h|feature:midnight,0,,0
FACTORYカレッタスタジオ,〒105-7001 東京都港区東新橋１丁目８-１ B2 カレッタスタジオ,,https://www.factory-studio.jp/caretta/,03-6216-9710,"2024-02-29 木曜日 9時30分～18時30分
2024-03-01 金曜日 9時30分～18時30分
2024-03-02 土曜日 定休日
2024-03-03 日曜日 定休日
2024-03-04 月曜日 9時30分～18時30分
2024-03-05 火曜日 9時30分～18時30分
2024-03-06 水曜日 9時30分～18時30分
",1.0,139.7622188,35.6649292,東京,新橋駅,354.0,新橋駅|有楽町駅|浜松町駅,3.0,港区,六本木,六本木|赤坂|麻布|新橋,area:六本木|station:新橋駅|station:有楽町駅|station:浜松町駅|feature:24h|feature:midnight,0,,0
Fairy Ballet Studio,〒189-0022 東京都東村山市野口町１丁目３-３ アドヴァンス東村山 ３F,,https://www.fairy-ballet.net/,080-2331-6323,,1.0,139.46546,35.7624356,東京,東村山駅,221.0,東村山駅|久米川駅|西武園駅|八坂駅,0.0,東村山市,東村山,東村山,area:東村山,0,,0
FANTASY DANCE SCHOOL 八王子店,〒192-0904 東京都八王子市子安町１丁目２６-１４ 26-14 301,,,042-401-8781,"2024-02-29 木曜日 10時00分～22時00分
2024-03-01 金曜日 10時00分～22時00分
2024-03-02 土曜日 10時00分～22時00分
2024-03-03 日曜日 10時00分～22時00分
2024-03-04 月曜日 10時00分～22時00分
2024-03-05 火曜日 10時00分～22時00分
2024-03-06 水曜日 10時00分～22時00分
",1.0,139.3415526,35.6528788,東京,八王子駅,389.0,八王子駅,1.0,八王子市,八王子,八王子,area:八王子|station:八王子駅|feature:24h|feature:midnight,0,,0
TONIC DANCE STUDIO 吉祥寺,〒180-0002 東京都武蔵野市吉祥寺東町１丁目１０-２１ 地下1階 西郊ビル,,https://www.tonicdancestudio.com/,,"2024-02-29 木曜日 24 時間営業
2024-03-01 金曜日 24 時間営業
2024-03-02 土曜日 24 時間営業
2024-03-03 日曜日 24 時間営業
2024-03-04 月曜日 24 時間営業
2024-03-05 火曜日 24 時間営業
2024-03-06 水曜日 24 時間営業
",1.0,139.5824148,35.706008,東京,吉祥寺駅,393.0,吉祥寺駅,1.0,武蔵野市,吉祥寺,吉祥寺,area:吉祥寺|station:吉祥寺駅|feature:24h|feature:midnight,0,,0
LIMITED Creaation. dance studio,〒180-0004 東京都武蔵野市１丁目２４-７ 吉祥寺光ビル 6F 吉祥寺,,https://limited-studio.com/,,"2024-02-29 木曜日 18時00分～22時00分
2024-03-01 金曜日 18時00分～22時00分
2024-03-02 土曜日 12時00分～22時00分
2024-03-03 日曜日 10時30分～22時00分
2024-03-04 月曜日 定休日
2024-03-05 火曜日 18時00分～22時00分
2024-03-06 水曜日 15時00分～22時00分
",1.0,139.5814103,35.703487,東京,吉祥寺駅,146.0,吉祥寺駅,1.0,武蔵野市,吉祥寺,吉祥寺,area:吉祥寺|station:吉祥寺駅|feature:24h|feature:midnight,0,,0
レンタルスタジオ吉祥寺OLI（オリ）,〒180-0003 東京都武蔵野市吉祥寺南町２丁目２０-１ 吉祥寺オリンピックマンション B8,,https://www.rentalstudio-oli.com/,,"2024-02-29 木曜日 24 時間営業
2024-03-01 金曜日 24 時間営業
2024-03-02 土曜日 24 時間営業
2024-03-03 日曜日 24 時間営業
2024-03-04 月曜日 24 時間営業
2024-03-05 火曜日 24 時間営業
2024-03-06 水曜日 24 時間営業
",1.0,139.5842063,35.7007524,東京,吉祥寺駅,475.0,吉祥寺駅,1.0,武蔵野市,吉祥寺,吉祥寺,area:吉祥寺|station:吉祥寺駅|feature:24h|feature:midnight,0,,0
ノアスタジオ 吉祥寺店,〒180-0004 東京都武蔵野市吉祥寺本町２丁目１６-１２ B１F,,https://www.noahstudio.jp/shop/kichijoji/,,"2024-02-29 木曜日 24 時間営業
2024-03-01 金曜日 24 時間営業
2024-03-02 土曜日 24 時間営業
2024-03-03 日曜日 24 時間営業
2024-03-04 月曜日 24 時間営業
2024-03-05 火曜日 24 時間営業
2024-03-06 水曜日 24 時間営業
",1.0,139.5768069,35.7058453,東京,吉祥寺駅,406.0,吉祥寺駅,1.0,武蔵野市,吉祥寺,吉祥寺,area:吉祥寺|station:吉祥寺駅|feature:24h|feature:midnight,0,,0
Fine Studio,〒332-0017 埼玉県川口市栄町３丁目３-３ 3F,,http://www.go2fine.com/,090-2926-6574,,1.0,139.7175361,35.8046186,東京,川口駅,295.0,川口駅|川口元郷駅|西川口駅,0.0,その他,その他,その他,,0,,0
吉祥寺 レンタルスタジオ さんだる倶楽部,〒180-0003 東京都武蔵野市吉祥寺南町１丁目３０-１ パークヴィラ吉祥寺２階,,https://www.3daru.com/,,"2024-02-29 木曜日 8時00分～22時00分
2024-03-01 金曜日 8時00分～22時00分
2024-03-02 土曜日 8時00分～22時00分
2024-03-03 日曜日 8時00分～22時00分
2024-03-04 月曜日 8時00分～22時00分
2024-03-05 火曜日 8時00分～22時00分
2024-03-06 水曜日 8時00分～22時00分
",1.0,139.58309,35.700759,東京,吉祥寺駅,395.0,吉祥寺駅,1.0,武蔵野市,吉祥寺,吉祥寺,area:吉祥寺|station:吉祥寺駅|feature:24h|feature:midnight,0,,0
FIVE O DANCE STUDIO 狛江（ファイブオーダンススタジオ）,〒201-0014 東京都狛江市東和泉１丁目２０-１ 第三登戸ビル,,https://fiveodancestudio.jp/,050-3134-4277,"2024-02-29 木曜日 24 時間営業
2024-03-01 金曜日 24 時間営業
2024-03-02 土曜日 24 時間営業
2024-03-03 日曜日 24 時間営業
2024-03-04 月曜日 24 時間営業
2024-03-05 火曜日 24 時間営業
2024-03-06 水曜日 24 時間営業
",1.0,139.5775872,35.6317055,東京,狛江駅,76.0,狛江駅|和泉多摩川駅|喜多見駅|登戸駅|宿河原駅,0.0,狛江市,狛江,狛江,area:狛江|feature:24h|feature:midnight,0,,0
レンタルスタジオOLI（オリ） 三鷹 ［定員30名 教室レッスン、スポットレンタルできます］,〒180-0013 東京都武蔵野市西久保２丁目１-１０ Ｙ’Ｓビル B１ ワイズビル,,https://www.rentalstudio-oli.com/,,"2024-02-29 木曜日 24 時間営業
2024-03-01 金曜日 24 時間営業
2024-03-02 土曜日 24 時間営業
2024-03-03 日曜日 24 時間営業
2024-03-04 月曜日 24 時間営業
2024-03-05 火曜日 24 時間営業
2024-03-06 水曜日 24 時間営業
",1.0,139.5610506,35.7077001,東京,三鷹駅,628.0,三鷹駅,1.0,武蔵野市,吉祥寺,吉祥寺,area:吉祥寺|station:三鷹駅|feature:24h|feature:midnight,0,,0
FIVE O DANCE STUDIO 二子玉川,〒157-0077 東京都世田谷区鎌田２丁目２５-９,,https://fiveoentinc.com/,050-3134-4277,"2024-02-29 木曜日 9時00分～21時00分
2024-03-01 金曜日 9時00分～21時00分
2024-03-02 土曜日 9時00分～21時00分
2024-03-03 日曜日 9時00分～21時00分
2024-03-04 月曜日 9時00分～21時00分
2024-03-05 火曜日 9時00分～21時00分
2024-03-06 水曜日 9時00分～21時00分
",1.0,139.6107267,35.6207786,東京,二子玉川駅,1762.0,二子玉川駅|二子新地駅|久地駅,0.0,世田谷区,下北沢,下北沢|三軒茶屋|二子玉川|自由が丘,area:下北沢|feature:24h|feature:midnight,0,,0
FLAG POINT,〒171-0043 東京都豊島区２１ 豊島区要町1丁目21-10 三井ビル2F,,http://www.flag-point.com/,03-5926-7813,"2024-02-29 木曜日 9時00分～0時00分
2024-03-01 金曜日 9時00分～0時00分
2024-03-02 土曜日 9時00分～0時00分
2024-03-03 日曜日 9時00分～0時00分
2024-03-04 月曜日 9時00分～0時00分
2024-03-05 火曜日 9時00分～0時00分
2024-03-06 水曜日 9時00分～0時00分
",1.0,139.6960357,35.7340637,東京,要町駅,283.0,要町駅|千川駅|椎名町駅|東長崎駅|池袋駅|落合南長崎駅|大山駅|目白駅|小竹向原駅,0.0,豊島区,池袋,池袋|目白|大塚|巣鴨,area:池袋|feature:24h|feature:midnight,0,,0
FREEDA LIFESTYLE＋,〒106-0044 東京都港区東麻布１丁目２６-８ プライム東麻布 3F,,http://www.freeda.jp/,03-6807-4322,"2024-02-29 木曜日 10時00分～16時00分
2024-03-01 金曜日 10時00分～16時00分
2024-03-02 土曜日 定休日
2024-03-03 日曜日 定休日
2024-03-04 月曜日 10時00分～16時00分
2024-03-05 火曜日 10時00分～16時00分
2024-03-06 水曜日 10時00分～16時00分
",1.0,139.7447085,35.6552837,東京,麻布十番駅,921.0,麻布十番駅|浜松町駅|田町駅,3.0,港区,六本木,六本木|赤坂|麻布|新橋,area:六本木|station:麻布十番駅|station:浜松町駅|station:田町駅|feature:24h|feature:midnight,0,,0
Funky Gang Dance Studio,〒194-0022 東京都町田市森野１丁目９-１７ B1,,https://www.funky-gang.com/,042-851-7225,LGBTQ フレンドリー,1.0,139.4416702,35.5454109,東京,町田駅,566.0,町田駅,1.0,町田市,町田,町田,area:町田|station:町田駅,0,,0
FunnyTips（ファニーティップス）,〒101-0021 東京都千代田区外神田５丁目５-７ パンセ秋葉原 B1F,,https://infofunnytips.wixsite.com/funnytips,03-6684-9954,"2024-02-29 木曜日 12時00分～19時00分
2024-03-01 金曜日 12時00分～19時00分
2024-03-02 土曜日 12時00分～19時00分
2024-03-03 日曜日 定休日
2024-03-04 月曜日 12時00分～19時00分
2024-03-05 火曜日 12時00分～19時00分
2024-03-06 水曜日 12時00分～19時00分
",1.0,139.7727759,35.7042504,東京,秋葉原駅,633.0,秋葉原駅|上野駅,2.0,千代田区,秋葉原,秋葉原,area:秋葉原|station:秋葉原駅|station:上野駅|feature:24h|feature:midnight,0,,0
バレエ・ダンススタジオ Lino,〒168-0082 東京都杉並区久我山５丁目７-１３ 地下1階 メリディアン,,https://lino.releve.fun/,,"2024-02-29 木曜日 15時30分～19時00分
2024-03-01 金曜日 15時30分～18時00分
2024-03-02 土曜日 定休日
2024-03-03 日曜日 定休日
2024-03-04 月曜日 定休日
2024-03-05 火曜日 10時00分～11時00分
2024-03-06 水曜日 定休日
",1.0,139.6003698,35.6876877,東京,久我山駅,78.0,久我山駅|富士見ヶ丘駅|三鷹台駅|高井戸駅|西荻窪駅|井の頭公園駅,0.0,杉並区,高円寺,高円寺,area:高円寺|feature:24h|feature:midnight,0,,0
レンタルスタジオ西荻リノ,〒167-0042 東京都杉並区西荻北２丁目３-９ グランピア西荻窪 Ｂ101,,https://nishiogi-lino.linovery.com/,,"2024-02-29 木曜日 24 時間営業
2024-03-01 金曜日 24 時間営業
2024-03-02 土曜日 24 時間営業
2024-03-03 日曜日 24 時間営業
2024-03-04 月曜日 24 時間営業
2024-03-05 火曜日 24 時間営業
2024-03-06 水曜日 24 時間営業
",1.0,139.6008399,35.7047149,東京,西荻窪駅,156.0,西荻窪駅|荻窪駅|三鷹台駅|井の頭公園駅|久我山駅|吉祥寺駅,0.0,杉並区,高円寺,高円寺,area:高円寺|feature:24h|feature:midnight,0,,0
スタジオLINOVA（リノ・バ）,〒167-0054 東京都杉並区松庵３丁目１-６ 松庵ユニオンビル B1,,,,"2024-02-29 木曜日 7時00分～22時00分
2024-03-01 金曜日 7時00分～22時00分
2024-03-02 土曜日 7時00分～22時00分
2024-03-03 日曜日 7時00分～22時00分
2024-03-04 月曜日 7時00分～22時00分
2024-03-05 火曜日 7時00分～22時00分
2024-03-06 水曜日 7時00分～22時00分
",1.0,139.5978069,35.6990625,東京,西荻窪駅,552.0,西荻窪駅|三鷹台駅|久我山駅|井の頭公園駅|吉祥寺駅|富士見ヶ丘駅,0.0,杉並区,高円寺,高円寺,area:高円寺|feature:24h|feature:midnight,0,,0
Gloire Ballet Studio,〒182-0022 東京都調布市国領町４丁目9-４ 九曜国領駅前ビル 4F,,https://gloire-ballet-studio.com/,042-444-7473,"オーナーが女性と確認されたビジネス2024-02-29 木曜日 10時00分～22時00分
2024-03-01 金曜日 10時00分～22時00分
2024-03-02 土曜日 10時00分～22時00分
2024-03-03 日曜日 10時00分～22時00分
2024-03-04 月曜日 10時00分～22時00分
2024-03-05 火曜日 10時00分～22時00分
2024-03-06 水曜日 10時00分～22時00分
",1.0,139.5577753,35.6491398,東京,調布駅,1180.0,調布駅,1.0,調布市,調布,調布,area:調布|station:調布駅|feature:24h|feature:midnight,0,,0
ＧＯＣＯＯスタジオ,〒174-0041 東京都板橋区舟渡２丁目２０-８,,http://stunt-japan.com/,03-5392-4059,,1.0,139.688777,35.795858,東京,浮間舟渡駅,569.0,浮間舟渡駅|蓮根駅|戸田公園駅|西台駅|北赤羽駅,0.0,板橋区,成増,成増,area:成増,0,,0
STYLEY チアダンス・新体操・アクロバットスクール 板橋本蓮沼校,〒174-0052 東京都板橋区蓮沼町８-３,,https://styley-f.com/,,"オーナーが女性と確認されたビジネス2024-02-29 木曜日 16時00分～19時00分
2024-03-01 金曜日 13時00分～18時00分
2024-03-02 土曜日 定休日
2024-03-03 日曜日 定休日
2024-03-04 月曜日 定休日
2024-03-05 火曜日 13時00分～18時00分
2024-03-06 水曜日 13時00分～18時00分
",1.0,139.7032058,35.768052,東京,本蓮沼駅,84.0,本蓮沼駅|板橋本町駅|志村坂上駅|中板橋駅|ときわ台駅|志村三丁目駅|板橋区役所前駅|十条駅|赤羽駅,0.0,板橋区,成増,成増,area:成増|feature:24h|feature:midnight,0,,0
レンタルスタジオOLI,〒166-0004 東京都杉並区阿佐谷南１丁目１５-１４ サンフェリーペ 101号室,,https://www.rentalstudio-oli.com/,,"2024-02-29 木曜日 24 時間営業
2024-03-01 金曜日 24 時間営業
2024-03-02 土曜日 24 時間営業
2024-03-03 日曜日 24 時間営業
2024-03-04 月曜日 24 時間営業
2024-03-05 火曜日 24 時間営業
2024-03-06 水曜日 24 時間営業
",1.0,139.6368919,35.7001676,東京,南阿佐ケ谷駅,144.0,南阿佐ケ谷駅|阿佐ヶ谷駅|新高円寺駅|高円寺駅|荻窪駅|東高円寺駅,0.0,杉並区,高円寺,高円寺,area:高円寺|feature:24h|feature:midnight,0,,0
スタジオジパング 久我山スタジオSTANDARD,〒168-0082 東京都杉並区久我山５丁目７-１３ メリディアン B1,,https://studiozipang.com/kugayama-standard/,,"2024-02-29 木曜日 24 時間営業
2024-03-01 金曜日 24 時間営業
2024-03-02 土曜日 24 時間営業
2024-03-03 日曜日 24 時間営業
2024-03-04 月曜日 24 時間営業
2024-03-05 火曜日 24 時間営業
2024-03-06 水曜日 24 時間営業
",1.0,139.6004166,35.6876645,東京,久我山駅,83.0,久我山駅|富士見ヶ丘駅|三鷹台駅|高井戸駅|西荻窪駅|井の頭公園駅,0.0,杉並区,高円寺,高円寺,area:高円寺|feature:24h|feature:midnight,0,,0
三鷹RI劇場(旧名三鷹RIスタジオ),〒181-0013 東京都三鷹市下連雀３丁目 榎本ビル 地下1階,,http://seigetsu-entertainment.com/ristudio/,,,1.0,139.5621947,35.7002431,東京,三鷹駅,235.0,三鷹駅,1.0,三鷹市,三鷹,三鷹,area:三鷹|station:三鷹駅,0,,0
三鷹レンタルスタジオRin,〒181-0013 東京都三鷹市下連雀３丁目２３-１２ アージェントビル 402,,https://dance-studio-rin.com/,,"2024-02-29 木曜日 24 時間営業
2024-03-01 金曜日 24 時間営業
2024-03-02 土曜日 24 時間営業
2024-03-03 日曜日 24 時間営業
2024-03-04 月曜日 24 時間営業
2024-03-05 火曜日 24 時間営業
2024-03-06 水曜日 24 時間営業
",1.0,139.5616177,35.700708,東京,三鷹駅,165.0,三鷹駅,1.0,三鷹市,三鷹,三鷹,area:三鷹|station:三鷹駅|feature:24h|feature:midnight,0,,0
Fali studio ファリ レンタルスペース,〒182-0012 東京都調布市深大寺東町６丁目28-２,,https://upnow.jp/jindaijispace,,,1.0,139.5576282,35.6755508,東京,なし,,,0.0,調布市,調布,調布,area:調布,0,,0
Gravisダンススクール 株式会社Gravis,〒195-0053 東京都町田市能ヶ谷１丁目７-６ 鶴川鈴木ビル 6F,,https://gravis-dance.co.jp/,050-3131-1065,"2024-02-29 木曜日 10時00分～22時00分
2024-03-01 金曜日 10時00分～22時00分
2024-03-02 土曜日 9時00分～20時00分
2024-03-03 日曜日 9時00分～20時00分
2024-03-04 月曜日 10時00分～22時00分
2024-03-05 火曜日 10時00分～22時00分
2024-03-06 水曜日 9時30分～22時00分
",1.0,139.4822934,35.5840651,東京,鶴川駅,133.0,鶴川駅|柿生駅,0.0,町田市,町田,町田,area:町田|feature:24h|feature:midnight,0,,0
grow dance studio,〒522-0043 滋賀県彦根市小泉町６２０-３,,http://www.grow-dancestudio.com/,0749-20-9600,"2024-02-29 木曜日 17時00分～22時00分
2024-03-01 金曜日 17時00分～22時00分
2024-03-02 土曜日 11時00分～22時00分
2024-03-03 日曜日 定休日
2024-03-04 月曜日 17時00分～22時00分
2024-03-05 火曜日 17時00分～22時00分
2024-03-06 水曜日 17時00分～22時00分
",1.0,136.2462586,35.2483971,東京,南彦根駅,300.0,南彦根駅|彦根口駅|高宮駅,0.0,その他,その他,その他,feature:24h|feature:midnight,0,,0
H?lau Hula Coco,〒104-0045 東京都中央区築地１丁目１２-１５ 三ツ田ビル 4F,,http://www.hula-coco.jp/,03-6228-4696,"2024-02-29 木曜日 10時00分～23時00分
2024-03-01 金曜日 10時00分～23時00分
2024-03-02 土曜日 10時00分～23時00分
2024-03-03 日曜日 10時00分～23時00分
2024-03-04 月曜日 10時00分～23時00分
2024-03-05 火曜日 10時00分～23時00分
2024-03-06 水曜日 10時00分～23時00分
",1.0,139.77014,35.6683643,東京,有楽町駅,967.0,有楽町駅|新橋駅,2.0,中央区,銀座,銀座|日本橋|八丁堀|月島,area:銀座|station:有楽町駅|station:新橋駅|feature:24h|feature:midnight,0,,0
HARA Studio,〒162-0042 東京都新宿区早稲田町７４-１４ 地下1F S.T ビル,,https://harastudio.wixsite.com/website,090-9001-1935,"2024-02-29 木曜日 9時00分～23時00分
2024-03-01 金曜日 9時00分～23時00分
2024-03-02 土曜日 9時00分～23時00分
2024-03-03 日曜日 9時00分～23時00分
2024-03-04 月曜日 9時00分～23時00分
2024-03-05 火曜日 9時00分～23時00分
2024-03-06 水曜日 9時00分～23時00分
",1.0,139.7220866,35.7058356,東京,早稲田駅,80.0,早稲田駅|牛込柳町駅|若松河田駅|面影橋駅|江戸川橋駅|神楽坂駅|西早稲田駅|牛込神楽坂駅|学習院下駅|曙橋駅,0.0,新宿区,新宿,新宿|西新宿|高田馬場|新大久保,area:新宿|feature:24h|feature:midnight,0,,0
レンタルスタジオ、ダンススタジオ アレイティ,〒272-0132 千葉県市川市湊新田２丁目６-６ モロマンションB A棟 106号,,https://studio-areiti.amebaownd.com/,,"2024-02-29 木曜日 9時00分～22時00分
2024-03-01 金曜日 9時00分～22時00分
2024-03-02 土曜日 9時00分～22時00分
2024-03-03 日曜日 9時00分～22時00分
2024-03-04 月曜日 9時00分～22時00分
2024-03-05 火曜日 9時00分～22時00分
2024-03-06 水曜日 9時00分～22時00分
",1.0,139.9121259,35.6789472,東京,行徳駅,453.0,行徳駅|南行徳駅|市川塩浜駅|妙典駅,0.0,その他,その他,その他,feature:24h|feature:midnight,0,,0
Hidemi Dancing Vida,〒141-0021 東京都品川区上大崎２丁目１０-３２ フラワープラザビル 202,,https://www.yh-dancev.com/,03-6277-4775,"2024-02-29 木曜日 13時00分～22時00分
2024-03-01 金曜日 13時00分～22時00分
2024-03-02 土曜日 13時00分～22時00分
2024-03-03 日曜日 定休日
2024-03-04 月曜日 13時00分～22時00分
2024-03-05 火曜日 13時00分～22時00分
2024-03-06 水曜日 13時00分～22時00分
",1.0,139.7172857,35.6353306,東京,目黒駅,198.0,目黒駅|五反田駅,2.0,品川区,品川,品川|五反田|大井町|目黒,area:品川|station:目黒駅|station:五反田駅|feature:24h|feature:midnight,0,,0
HIRAYAMA studio立石,〒124-0012 東京都葛飾区立石１丁目２２-７,,https://hirayamastudio.com/tateishi.html,090-5419-4965,,1.0,139.8496914,35.7384007,東京,京成立石駅,96.0,京成立石駅|青砥駅|お花茶屋駅|四ツ木駅,0.0,葛飾区,新小岩,新小岩,area:新小岩,0,,0
HMVP大手町スタジオ,〒101-0047 東京都千代田区内神田１丁目７-１１ B2F,,http://hmvp.net/,03-5283-1475,,1.0,139.7665458,35.6901685,東京,東京駅,995.0,東京駅|秋葉原駅,2.0,千代田区,秋葉原,秋葉原,area:秋葉原|station:東京駅|station:秋葉原駅,0,,0
HOSHINOダンシングアカデミー,〒354-0021 埼玉県富士見市鶴馬２丁目１６-２２,,https://dancing-academy.com/,049-255-2855,"2024-02-29 木曜日 10時00分～23時00分
2024-03-01 金曜日 10時00分～23時00分
2024-03-02 土曜日 10時00分～23時00分
2024-03-03 日曜日 10時00分～23時00分
2024-03-04 月曜日 10時00分～23時00分
2024-03-05 火曜日 10時00分～23時00分
2024-03-06 水曜日 10時00分～23時00分
",1.0,139.5434458,35.8457208,東京,鶴瀬駅,354.0,鶴瀬駅|みずほ台駅,0.0,その他,その他,その他,feature:24h|feature:midnight,0,,0
HuE スタジオ,〒676-0078 兵庫県高砂市伊保２丁目５-１８ ロイヤルコーポ 伊保 103,,,070-8492-1112,"2024-02-29 木曜日 24 時間営業
2024-03-01 金曜日 24 時間営業
2024-03-02 土曜日 24 時間営業
2024-03-03 日曜日 24 時間営業
2024-03-04 月曜日 24 時間営業
2024-03-05 火曜日 24 時間営業
2024-03-06 水曜日 24 時間営業
",1.0,134.7885621,34.768873,東京,伊保駅,239.0,伊保駅|荒井駅|山陽曽根駅,0.0,その他,その他,その他,feature:24h|feature:midnight,0,,0
Hula Studio Huali,〒984-0838 宮城県仙台市若林区上飯田１丁目１９-５０,,http://huali.venus.bindcloud.jp/,090-6686-5815,"オーナーが女性と確認されたビジネス2024-02-29 木曜日 10時00分～21時00分
2024-03-01 金曜日 10時00分～16時00分
2024-03-02 土曜日 10時00分～18時00分
2024-03-03 日曜日 10時00分～21時00分
2024-03-04 月曜日 10時00分～21時00分
2024-03-05 火曜日 10時00分～21時00分
2024-03-06 水曜日 定休日
",1.0,140.9177314,38.2216025,東京,なし,,,0.0,その他,その他,その他,feature:24h|feature:midnight,0,,0
HYPERMIX門前仲町,〒135-0048 東京都江東区門前仲町１丁目１３-１２,,https://hypermix.jp/,03-5875-8320,LGBTQ フレンドリー,1.0,139.7951522,35.6734003,東京,門前仲町駅,160.0,門前仲町駅|越中島駅|清澄白河駅|木場駅|水天宮前駅|月島駅|茅場町駅|森下駅|八丁堀駅|浜町駅,0.0,江東区,豊洲,豊洲,area:豊洲,0,,0
I.G.Oスタジオ,"4F, ３丁目-５-１ 西日暮里 荒川区 東京都 116-0013",,http://igomusic.jp/,03-5848-4032,"2024-02-29 木曜日 9時00分～23時30分
2024-03-01 金曜日 9時00分～23時30分
2024-03-02 土曜日 9時00分～23時30分
2024-03-03 日曜日 9時00分～23時30分
2024-03-04 月曜日 9時00分～23時30分
2024-03-05 火曜日 9時00分～23時30分
2024-03-06 水曜日 9時00分～23時30分
",1.0,139.7664826,35.731965,東京,日暮里駅,619.0,日暮里駅,1.0,荒川区,日暮里,日暮里,area:日暮里|station:日暮里駅|feature:24h|feature:midnight,0,,0
ICHIBANGAI Dance Studio,〒160-0022 東京都新宿区新宿１丁目３ 12・B1,,http://www.studio1b.jp/,03-6273-1759,,1.0,139.7121969,35.6878166,東京,代々木駅,1059.0,代々木駅|新宿駅,2.0,新宿区,新宿,新宿|西新宿|高田馬場|新大久保,area:新宿|station:代々木駅|station:新宿駅,0,,0
"in the house / Nishiwaseda ""Street Dance Park""",〒169-0075 東京都新宿区高田馬場１丁目１-１３ ONE ROOF FLAT NISHIWASEDA B1,,http://inthehouse.tokyo/,050-3558-1384,"2024-02-29 木曜日 24 時間営業
2024-03-01 金曜日 24 時間営業
2024-03-02 土曜日 24 時間営業
2024-03-03 日曜日 24 時間営業
2024-03-04 月曜日 24 時間営業
2024-03-05 火曜日 24 時間営業
2024-03-06 水曜日 24 時間営業",1.0,139.709087,35.7093024,東京,高田馬場駅,583.0,高田馬場駅,1.0,新宿区,新宿,新宿|西新宿|高田馬場|新大久保,area:新宿|station:高田馬場駅|feature:24h|feature:midnight,0,,0
ダンススクエア 葛西スタジオ,〒134-0084 東京都江戸川区東葛西６丁目２-１０ 森ビル 7階,,http://d-s-u-s.com/,,"2024-02-29 木曜日 24 時間営業
2024-03-01 金曜日 24 時間営業
2024-03-02 土曜日 24 時間営業
2024-03-03 日曜日 24 時間営業
2024-03-04 月曜日 24 時間営業
2024-03-05 火曜日 24 時間営業
2024-03-06 水曜日 24 時間営業
",1.0,139.8737867,35.6627632,東京,葛西駅,134.0,葛西駅|西葛西駅|浦安駅,0.0,江戸川区,西葛西,西葛西,area:西葛西|feature:24h|feature:midnight,0,,0
スタジオジパング 錦糸町スタジオSTANDARD,〒130-0012 東京都墨田区太平３丁目１４-１０ スズキビルディング 1階,,https://studiozipang.com/,,"2024-02-29 木曜日 6時00分～23時00分
2024-03-01 金曜日 6時00分～23時00分
2024-03-02 土曜日 6時00分～23時00分
2024-03-03 日曜日 6時00分～23時00分
2024-03-04 月曜日 6時00分～23時00分
2024-03-05 火曜日 6時00分～23時00分
2024-03-06 水曜日 6時00分～23時00分
",1.0,139.8135479,35.7015972,東京,錦糸町駅,547.0,錦糸町駅|押上駅,2.0,墨田区,錦糸町,錦糸町,area:錦糸町|station:錦糸町駅|station:押上駅|feature:24h|feature:midnight,0,,0
Infinity Gym チアダンス・チアリーディング,〒157-0074 東京都世田谷区大蔵１丁目２-２７,,https://infinitygymsetagaya.com/,080-3317-1985,"オーナーが女性と確認されたビジネス2024-02-29 木曜日 9時00分～21時00分
2024-03-01 金曜日 9時00分～21時00分
2024-03-02 土曜日 9時00分～21時00分
2024-03-03 日曜日 9時00分～21時00分
2024-03-04 月曜日 9時00分～21時00分
2024-03-05 火曜日 9時00分～21時00分
2024-03-06 水曜日 9時00分～21時00分
",1.0,139.621826,35.6357397,東京,千歳船橋駅,1321.0,千歳船橋駅|祖師ヶ谷大蔵駅|用賀駅,0.0,世田谷区,下北沢,下北沢|三軒茶屋|二子玉川|自由が丘,area:下北沢|feature:24h|feature:midnight,0,,0
Irodori麻布十番,〒106-0045 東京都港区麻布十番１丁目５-１ ＹＫビル 4F,,https://spaceirodori.com/,050-3628-5392,"2024-02-29 木曜日 24 時間営業
2024-03-01 金曜日 24 時間営業
2024-03-02 土曜日 24 時間営業
2024-03-03 日曜日 24 時間営業
2024-03-04 月曜日 24 時間営業
2024-03-05 火曜日 24 時間営業
2024-03-06 水曜日 24 時間営業
",1.0,139.7326156,35.6577365,東京,麻布十番駅,386.0,麻布十番駅|六本木駅,2.0,港区,六本木,六本木|赤坂|麻布|新橋,area:六本木|station:麻布十番駅|station:六本木駅|feature:24h|feature:midnight,0,,0
IS DANCE STUDIO,"ＩＳビル 2F, ４-１１ 東田町 川崎区 川崎市 神奈川県 210-0005",,https://is-dance.net/,044-211-2167,"LGBTQ フレンドリー2024-02-29 木曜日 9時00分～0時00分
2024-03-01 金曜日 9時00分～0時00分
2024-03-02 土曜日 9時00分～0時00分
2024-03-03 日曜日 9時00分～0時00分
2024-03-04 月曜日 9時00分～0時00分
2024-03-05 火曜日 9時00分～0時00分
2024-03-06 水曜日 9時00分～0時00分
",1.0,139.7029243,35.5291779,東京,京急川崎駅,463.0,京急川崎駅|川崎駅|港町駅|八丁畷駅|川崎新町駅|六郷土手駅|小田栄駅|尻手駅|鈴木町駅|鶴見市場駅,0.0,その他,その他,その他,feature:24h|feature:midnight,0,,0
中村隆彦ダンススタジオ浅草千束,〒111-0031 東京都台東区５ 台東区 千束 4 5 4 提柳泉ビルB1F,,http://senzok.ntdance.site/,,"2024-02-29 木曜日 10時00分～22時00分
2024-03-01 金曜日 10時00分～22時00分
2024-03-02 土曜日 10時00分～22時00分
2024-03-03 日曜日 10時00分～22時00分
2024-03-04 月曜日 10時00分～22時00分
2024-03-05 火曜日 10時00分～22時00分
2024-03-06 水曜日 10時00分～22時00分
",1.0,139.7974964,35.7236871,東京,三ノ輪駅,862.0,三ノ輪駅|南千住駅|入谷駅|荒川一中前駅|浅草駅|荒川区役所前駅|田原町駅|鶯谷駅|本所吾妻橋駅|曳舟駅,0.0,台東区,上野,上野|浅草|御徒町|蔵前,area:上野|feature:24h|feature:midnight,0,,0
J.K.キューブ101スタジオエチュード,〒182-0007 東京都調布市菊野台１丁目２０-５,,https://www.studioasp.com/mdata/detail.aspx?i=13031,090-4969-7531,,1.0,139.5673827,35.6557965,東京,柴崎駅,190.0,柴崎駅|つつじヶ丘駅|国領駅|布田駅|仙川駅,0.0,調布市,調布,調布,area:調布,0,,0
J's,〒158-0097 東京都世田谷区用賀３丁目２５-９,,http://www.js-dance-studio.com/,03-3700-9728,"2024-02-29 木曜日 15時45分～20時55分
2024-03-01 金曜日 定休日
2024-03-02 土曜日 9時00分～20時10分
2024-03-03 日曜日 9時00分～17時30分
2024-03-04 月曜日 17時15分～22時00分
2024-03-05 火曜日 9時30分～21時00分
2024-03-06 水曜日 16時15分～20時30分
",1.0,139.6353717,35.6305214,東京,用賀駅,485.0,用賀駅|桜新町駅|上町駅|世田谷駅,0.0,世田谷区,下北沢,下北沢|三軒茶屋|二子玉川|自由が丘,area:下北沢|feature:24h|feature:midnight,0,,0
J’Z STUDIO 千歳烏山店,〒157-0062 東京都世田谷区南烏山６丁目６-６?２ サンマルシェビルB1F,,http://www.jz-studio.jp/,03-6909-1181,"2024-02-29 木曜日 10時00分～23時00分
2024-03-01 金曜日 10時00分～23時00分
2024-03-02 土曜日 10時00分～23時00分
2024-03-03 日曜日 10時00分～23時00分
2024-03-04 月曜日 10時00分～23時00分
2024-03-05 火曜日 10時00分～23時00分
2024-03-06 水曜日 10時00分～23時00分
",1.0,139.599892,35.667844,東京,千歳烏山駅,121.0,千歳烏山駅|芦花公園駅|八幡山駅|仙川駅|富士見ヶ丘駅,0.0,世田谷区,下北沢,下北沢|三軒茶屋|二子玉川|自由が丘,area:下北沢|feature:24h|feature:midnight,0,,0
ミライスタジオ上野,〒110-0003 東京都台東区根岸１丁目５-１３,,https://studio-mirai55.com/,,"LGBTQ フレンドリー2024-02-29 木曜日 6時00分～0時00分
2024-03-01 金曜日 6時00分～0時00分
2024-03-02 土曜日 6時00分～0時00分
2024-03-03 日曜日 6時00分～0時00分
2024-03-04 月曜日 6時00分～0時00分
2024-03-05 火曜日 6時00分～0時00分
2024-03-06 水曜日 6時00分～0時00分
",1.0,139.7791786,35.7225143,東京,日暮里駅,943.0,日暮里駅|上野駅,2.0,台東区,上野,上野|浅草|御徒町|蔵前,area:上野|station:日暮里駅|station:上野駅|feature:24h|feature:midnight,0,,0
ハセガワ　ダンスアカデミー,〒111-0051 東京都台東区蔵前４丁目３３,,https://hasegawadance.com/,,,1.0,139.7900634,35.7060751,東京,蔵前駅,303.0,蔵前駅|浅草駅,2.0,台東区,上野,上野|浅草|御徒町|蔵前,area:上野|station:蔵前駅|station:浅草駅,0,,0
Jelly Jam Music&Dance Studio 府中,〒183-0045 東京都府中市美好町３丁目１０-４２,,https://jellyjamstudio.com/,042-368-3133,"オーナーが女性と確認されたビジネス2024-02-29 木曜日 10時30分～20時30分
2024-03-01 金曜日 10時30分～20時30分
2024-03-02 土曜日 10時30分～20時30分
2024-03-03 日曜日 10時30分～20時30分
2024-03-04 月曜日 10時30分～20時30分
2024-03-05 火曜日 10時30分～20時30分
2024-03-06 水曜日 10時30分～20時30分
",1.0,139.4665541,35.6700295,東京,府中駅,969.0,府中駅,1.0,府中市,府中,府中,area:府中|station:府中駅|feature:24h|feature:midnight,0,,0
トゥモローダンスクラブ｜蔵前教室,〒111-0051 東京都台東区蔵前４丁目３３ エニックス蔵前 2F,,,,"LGBTQ フレンドリー2024-02-29 木曜日 12時00分～21時00分
2024-03-01 金曜日 12時00分～21時00分
2024-03-02 土曜日 12時00分～21時00分
2024-03-03 日曜日 12時00分～21時00分
2024-03-04 月曜日 12時00分～21時00分
2024-03-05 火曜日 12時00分～21時00分
2024-03-06 水曜日 12時00分～21時00分
",1.0,139.7899899,35.7059513,東京,蔵前駅,299.0,蔵前駅|浅草駅,2.0,台東区,上野,上野|浅草|御徒町|蔵前,area:上野|station:蔵前駅|station:浅草駅|feature:24h|feature:midnight,0,,0
JK Studio 赤羽橋,〒106-0044 東京都港区東麻布１丁目１８-７ リヴェールハヤシ B1,,https://www.instabase.jp/space/8187721432,050-5372-4665,"2024-02-29 木曜日 24 時間営業
2024-03-01 金曜日 24 時間営業
2024-03-02 土曜日 24 時間営業
2024-03-03 日曜日 24 時間営業
2024-03-04 月曜日 24 時間営業
2024-03-05 火曜日 24 時間営業
2024-03-06 水曜日 24 時間営業
",1.0,139.7427208,35.6557315,東京,麻布十番駅,749.0,麻布十番駅|田町駅,2.0,港区,六本木,六本木|赤坂|麻布|新橋,area:六本木|station:麻布十番駅|station:田町駅|feature:24h|feature:midnight,0,,0
JOINT STUDO Harajuku,〒150-0001 東京都渋谷区神宮前４丁目２９-９ Ondenビル B1,,https://joint-harajuku.com/,03-6455-5356,"LGBTQ フレンドリー2024-02-29 木曜日 6時00分～23時30分
2024-03-01 金曜日 6時00分～23時30分
2024-03-02 土曜日 6時00分～23時30分
2024-03-03 日曜日 6時00分～23時30分
2024-03-04 月曜日 6時00分～23時30分
2024-03-05 火曜日 6時00分～23時30分
2024-03-06 水曜日 6時00分～23時30分
",1.0,139.7065645,35.66844,東京,原宿駅,400.0,原宿駅|表参道駅|外苑前駅,3.0,渋谷区,渋谷,渋谷|恵比寿|代官山|原宿,area:渋谷|station:原宿駅|station:表参道駅|station:外苑前駅|feature:24h|feature:midnight,0,,0
JOYFIT24 石川台,〒145-0065 東京都大田区東雪谷２丁目５-１ 1F・2F エンゼルハイム東雪谷,,http://joyfit.jp/ishikawadai/?utm_source=google&utm_medium=maps&utm_campaign=gmb,03-6425-9993,"2024-02-29 木曜日 24 時間営業
2024-03-01 金曜日 24 時間営業
2024-03-02 土曜日 24 時間営業
2024-03-03 日曜日 24 時間営業
2024-03-04 月曜日 24 時間営業
2024-03-05 火曜日 24 時間営業
2024-03-06 水曜日 24 時間営業
",1.0,139.6842379,35.597792,東京,石川台駅,133.0,石川台駅|洗足池駅|雪が谷大塚駅|緑が丘駅|大岡山駅|北千束駅|奥沢駅|長原駅|御嶽山駅|田園調布駅,0.0,大田区,蒲田,蒲田,area:蒲田|feature:24h|feature:midnight,0,,0
ＪＰスタジオ,〒165-0027 東京都中野区野方５丁目１７-１０,,http://jp-studio.net/,03-3310-7771,,1.0,139.6508885,35.7194679,東京,野方駅,193.0,野方駅|都立家政駅|鷺ノ宮駅|沼袋駅|高円寺駅|新井薬師前駅,0.0,中野区,中野,中野,area:中野,0,,0
K DANCE STUDIO 1024,〒206-0002 東京都多摩市一ノ宮１丁目２５-２ ガーデンヒルズ聖蹟桜ヶ丘 1F,,https://k-dancestudio1024.com/,042-316-9567,"2024-02-29 木曜日 定休日
2024-03-01 金曜日 15時30分～22時45分
2024-03-02 土曜日 10時30分～20時00分
2024-03-03 日曜日 定休日
2024-03-04 月曜日 15時30分～22時45分
2024-03-05 火曜日 15時30分～22時45分
2024-03-06 水曜日 15時30分～22時45分
",1.0,139.440461,35.6514009,東京,聖蹟桜ヶ丘駅,614.0,聖蹟桜ヶ丘駅|百草園駅|中河原駅,0.0,多摩市,多摩センター,多摩センター,area:多摩センター|feature:24h|feature:midnight,0,,0
アナログスタジオ,"笹屋ビル ２F, ４丁目-３４-８ 両国 墨田区 東京都 130-0026",,https://www.analog-st.com/,,,1.0,139.7973714,35.695111,東京,蔵前駅,1102.0,蔵前駅,1.0,墨田区,錦糸町,錦糸町,area:錦糸町|station:蔵前駅,0,,0
K-Dance Style【ケイ-ダンス スタイル】,〒174-0076 東京都板橋区上板橋２丁目８-２ WBD上板橋第3 B004,,https://k-dance-style.com/,03-6913-0778,"2024-02-29 木曜日 12時00分～22時00分
2024-03-01 金曜日 12時00分～22時00分
2024-03-02 土曜日 12時00分～18時00分
2024-03-03 日曜日 定休日
2024-03-04 月曜日 12時00分～22時00分
2024-03-05 火曜日 12時00分～22時00分
2024-03-06 水曜日 12時00分～22時00分
",1.0,139.6736091,35.7623764,東京,上板橋駅,284.0,上板橋駅|東武練馬駅|ときわ台駅|氷川台駅|平和台駅,0.0,板橋区,成増,成増,area:成増|feature:24h|feature:midnight,0,,0
K-POP、HIPHOPキッズダンススクール｜クレドダンススタジオ,〒141-0031 東京都品川区西五反田２丁目１７-８ 管野ビル 3F,,https://cred-dance-studio.jp/,0120-049-010,"2024-02-29 木曜日 17時00分～18時00分
2024-03-01 金曜日 定休日
2024-03-02 土曜日 定休日
2024-03-03 日曜日 11時00分～12時00分
2024-03-04 月曜日 定休日
2024-03-05 火曜日 17時00分～18時00分
2024-03-06 水曜日 定休日
",1.0,139.7212074,35.6262928,東京,五反田駅,203.0,五反田駅|目黒駅|大崎駅,3.0,品川区,品川,品川|五反田|大井町|目黒,area:品川|station:五反田駅|station:目黒駅|station:大崎駅|feature:24h|feature:midnight,0,,0
K-Studio dance & music,〒113-0031 東京都文京区根津２丁目７-１ Parade根津 101,,https://k-studio-tokyo.com/,03-3824-1743,"2024-02-29 木曜日 9時00分～22時00分
2024-03-01 金曜日 9時00分～22時00分
2024-03-02 土曜日 9時00分～22時00分
2024-03-03 日曜日 9時00分～22時00分
2024-03-04 月曜日 9時00分～22時00分
2024-03-05 火曜日 9時00分～22時00分
2024-03-06 水曜日 9時00分～22時00分
",1.0,139.7673447,35.7170454,東京,上野駅,966.0,上野駅,1.0,文京区,後楽園,後楽園,area:後楽園|station:上野駅|feature:24h|feature:midnight,0,,0
K'sLinkStudio御徒町,〒110-0005 東京都台東区上野３丁目１９-４ フロンティアサカイビル 1F,,https://kslink.jp/?page_id=1557,03-4546-1610,"2024-02-29 木曜日 24 時間営業
2024-03-01 金曜日 24 時間営業
2024-03-02 土曜日 24 時間営業
2024-03-03 日曜日 24 時間営業
2024-03-04 月曜日 24 時間営業
2024-03-05 火曜日 24 時間営業
2024-03-06 水曜日 24 時間営業
",1.0,139.7735449,35.7058795,東京,秋葉原駅,803.0,秋葉原駅|上野駅,2.0,台東区,上野,上野|浅草|御徒町|蔵前,area:上野|station:秋葉原駅|station:上野駅|feature:24h|feature:midnight,0,,0
K2studio,〒182-0002 東京都調布市仙川町１丁目２７-２４,,http://www.k2-studio.info/K2studio/,03-5314-9974,,1.0,139.5864358,35.6626911,東京,仙川駅,145.0,仙川駅|つつじヶ丘駅|千歳烏山駅,0.0,調布市,調布,調布,area:調布,0,,0
Ka Hula O Hawai?i,〒150-0013 東京都渋谷区恵比寿４丁目４-５ ?三伊藤ビル 3F,,https://kahulaohawaii.com/,03-5795-2873,,1.0,139.7118565,35.6455292,東京,恵比寿駅,204.0,恵比寿駅,1.0,渋谷区,渋谷,渋谷|恵比寿|代官山|原宿,area:渋谷|station:恵比寿駅,0,,0
KAI Ballet Academy,〒150-0011 東京都渋谷区東２丁目２６-１４ NNBLDG,,https://kai-ballet-academy.amebaownd.com/,03-3797-4877,,1.0,139.7071429,35.6525,東京,恵比寿駅,699.0,恵比寿駅|渋谷駅,2.0,渋谷区,渋谷,渋谷|恵比寿|代官山|原宿,area:渋谷|station:恵比寿駅|station:渋谷駅,0,,0
KAJIWARA BALLET WORKS,〒116-0011 東京都荒川区西尾久５丁目２４-１０,,https://www.kajiwara-ballet.com/,090-1769-2446,"2024-02-29 木曜日 9時00分～22時00分
2024-03-01 金曜日 9時00分～22時00分
2024-03-02 土曜日 9時00分～22時00分
2024-03-03 日曜日 9時00分～22時00分
2024-03-04 月曜日 9時00分～22時00分
2024-03-05 火曜日 9時00分～22時00分
2024-03-06 水曜日 9時00分～22時00分
",1.0,139.7586393,35.7493101,東京,荒川遊園地前駅,161.0,荒川遊園地前駅|小台駅|尾久駅|荒川車庫前駅|宮ノ前駅|梶原駅|熊野前駅|上中里駅|赤土小学校前駅|足立小台駅,0.0,荒川区,日暮里,日暮里,area:日暮里|feature:24h|feature:midnight,0,,0
KaQiLa～カキラ～スタジオ／株式会社キッズ・カンパニー,〒106-0032 東京都港区六本木２丁目４-９ アソルティー六本木一丁目６Ｆ,,http://www.kaqila.com/,03-3568-2010,"2024-02-29 木曜日 9時30分～17時00分
2024-03-01 金曜日 9時30分～17時00分
2024-03-02 土曜日 定休日
2024-03-03 日曜日 定休日
2024-03-04 月曜日 9時30分～17時00分
2024-03-05 火曜日 9時30分～17時00分
2024-03-06 水曜日 9時30分～21時00分
",1.0,139.7364723,35.665755,東京,六本木駅,566.0,六本木駅|赤坂駅,2.0,港区,六本木,六本木|赤坂|麻布|新橋,area:六本木|station:六本木駅|station:赤坂駅|feature:24h|feature:midnight,0,,0
KBAバレエスタジオ御茶ノ水,〒113-0034 東京都文京区湯島１丁目１２-６ 地下1F 高関ビル,,https://ballet-kba.com/,03-3772-3426,"オーナーが女性と確認されたビジネス2024-02-29 木曜日 定休日
2024-03-01 金曜日 定休日
2024-03-02 土曜日 定休日
2024-03-03 日曜日 9時45分～12時00分
2024-03-04 月曜日 定休日
2024-03-05 火曜日 19時00分～20時15分
2024-03-06 水曜日 定休日
",1.0,139.7673295,35.7026575,東京,秋葉原駅,763.0,秋葉原駅,1.0,文京区,後楽園,後楽園,area:後楽園|station:秋葉原駅|feature:24h|feature:midnight,0,,0
スタジオ アーキタンツ architanz,〒105-0023 東京都港区芝浦１丁目１３-１０,,http://a-tanz.com/,,"2024-02-29 木曜日 9時30分～21時30分
2024-03-01 金曜日 9時30分～21時30分
2024-03-02 土曜日 9時30分～19時15分
2024-03-03 日曜日 9時30分～19時15分
2024-03-04 月曜日 9時30分～21時30分
2024-03-05 火曜日 9時30分～21時30分
2024-03-06 水曜日 9時30分～21時30分
",1.0,139.7536024,35.6462435,東京,田町駅,548.0,田町駅|浜松町駅,2.0,港区,六本木,六本木|赤坂|麻布|新橋,area:六本木|station:田町駅|station:浜松町駅|feature:24h|feature:midnight,0,,0
KM Dance Arts,〒102-0076 東京都千代田区五番町５-１８ 地下1階,,https://www.kmdancearts-ichigaya.com/,03-6879-9796,"2024-02-29 木曜日 12時00分～22時00分
2024-03-01 金曜日 12時00分～22時00分
2024-03-02 土曜日 12時00分～20時00分
2024-03-03 日曜日 9時00分～18時00分
2024-03-04 月曜日 12時00分～22時00分
2024-03-05 火曜日 12時00分～22時00分
2024-03-06 水曜日 12時00分～22時00分
",1.0,139.7357024,35.6900208,東京,市ケ谷駅,111.0,市ケ谷駅|麹町駅|四ツ谷駅|半蔵門駅|牛込神楽坂駅|曙橋駅|永田町駅|四谷三丁目駅|牛込柳町駅|赤坂見附駅,0.0,千代田区,秋葉原,秋葉原,area:秋葉原|feature:24h|feature:midnight,0,,0
江戸川区キッズアクション,〒133-0051 東京都江戸川区北小岩１丁目１７-１ 小岩アーバンプラザ,,https://kidsactiontheater.com/,,"LGBTQ フレンドリー2024-02-29 木曜日 定休日
2024-03-01 金曜日 定休日
2024-03-02 土曜日 定休日
2024-03-03 日曜日 定休日
2024-03-04 月曜日 17時00分～18時00分
2024-03-05 火曜日 定休日
2024-03-06 水曜日 18時00分～20時00分
",1.0,139.8923726,35.7358306,東京,江戸川駅,389.0,江戸川駅|国府台駅|小岩駅|京成小岩駅|市川駅|市川真間駅,0.0,江戸川区,西葛西,西葛西,area:西葛西|feature:24h|feature:midnight,0,,0
kokokara,〒102-0082 東京都千代田区一番町１３-１６ 一番町法眼坂ビル 1階,,https://www.tokyo-ballet.co.jp/,090-7649-9641,LGBTQ フレンドリー,1.0,139.7411928,35.6868861,東京,半蔵門駅,181.0,半蔵門駅|麹町駅|市ケ谷駅|永田町駅|四ツ谷駅|赤坂見附駅|九段下駅|国会議事堂前駅|竹橋駅|牛込神楽坂駅,0.0,千代田区,秋葉原,秋葉原,area:秋葉原,0,,0
ダンススクエア 浦安スタジオ,〒279-0002 千葉県浦安市北栄１丁目１-１５ 3階,,http://d-s-u-s.com/,,"2024-02-29 木曜日 24 時間営業
2024-03-01 金曜日 24 時間営業
2024-03-02 土曜日 24 時間営業
2024-03-03 日曜日 24 時間営業
2024-03-04 月曜日 24 時間営業
2024-03-05 火曜日 24 時間営業
2024-03-06 水曜日 24 時間営業
",1.0,139.8949659,35.6648122,東京,浦安駅,195.0,浦安駅|南行徳駅,0.0,その他,その他,その他,feature:24h|feature:midnight,0,,0
ＫＳＣダンススタジオ,〒211-0024 神奈川県川崎市中原区西加瀬１８-６ ＫＳＣハイツ,,http://www.ksc-dance.com/,044-433-5173,"2024-02-29 木曜日 10時00分～21時00分
2024-03-01 金曜日 10時00分～21時00分
2024-03-02 土曜日 10時00分～21時00分
2024-03-03 日曜日 10時00分～21時00分
2024-03-04 月曜日 10時00分～21時00分
2024-03-05 火曜日 10時00分～21時00分
2024-03-06 水曜日 10時00分～21時00分
",1.0,139.658607,35.5576994,東京,元住吉駅,842.0,元住吉駅|日吉駅|平間駅|新川崎駅|鹿島田駅|向河原駅,0.0,その他,その他,その他,feature:24h|feature:midnight,0,,0
ＫＴスタジオ,〒110-0012 東京都台東区竜泉３丁目６-４ あらきビル,,http://ktdancestudio.blog.fc2.com/blog-entry-1.html?sp,03-3875-2116,"2024-02-29 木曜日 11時00分～18時00分
2024-03-01 金曜日 11時00分～18時00分
2024-03-02 土曜日 11時00分～18時00分
2024-03-03 日曜日 11時00分～18時00分
2024-03-04 月曜日 11時00分～18時00分
2024-03-05 火曜日 11時00分～18時00分
2024-03-06 水曜日 11時00分～18時00分
",1.0,139.793575,35.7250055,東京,三ノ輪駅,551.0,三ノ輪駅|入谷駅|荒川一中前駅|南千住駅|荒川区役所前駅|鶯谷駅|田原町駅|荒川二丁目駅|浅草駅|三河島駅,0.0,台東区,上野,上野|浅草|御徒町|蔵前,area:上野|feature:24h|feature:midnight,0,,0
SUMUZO STUDIO SHINBASHI,〒105-0004 東京都港区新橋６丁目７-３ アシスト新橋ビル,,https://studio.sumuzo.info/,,,1.0,139.7554647,35.661918,東京,新橋駅,555.0,新橋駅|浜松町駅,2.0,港区,六本木,六本木|赤坂|麻布|新橋,area:六本木|station:新橋駅|station:浜松町駅,0,,0
Lanikai Dance Studio,〒134-0083 東京都江戸川区中葛西５丁目２０-１９ ローヤルマンション葛西 1階,,https://lanikai.tokyo/,03-5878-0230,"2024-02-29 木曜日 10時00分～22時00分
2024-03-01 金曜日 10時00分～22時00分
2024-03-02 土曜日 10時00分～22時00分
2024-03-03 日曜日 10時00分～22時00分
2024-03-04 月曜日 10時00分～22時00分
2024-03-05 火曜日 10時00分～22時00分
2024-03-06 水曜日 10時00分～22時00分
",1.0,139.8705263,35.6623413,東京,葛西駅,234.0,葛西駅|西葛西駅,0.0,江戸川区,西葛西,西葛西,area:西葛西|feature:24h|feature:midnight,0,,0
Las Danzas in Tokyo,〒162-0065 東京都新宿区住吉町 １-１８TVB曙橋ビル3階,,https://las-danzas.com/,03-6274-8408,"LGBTQ フレンドリー2024-02-29 木曜日 8時00分～0時00分
2024-03-01 金曜日 8時00分～0時00分
2024-03-02 土曜日 8時00分～0時00分
2024-03-03 日曜日 8時00分～0時00分
2024-03-04 月曜日 8時00分～0時00分
2024-03-05 火曜日 8時00分～0時00分
2024-03-06 水曜日 8時00分～0時00分
",1.0,139.7229723,35.6922128,東京,曙橋駅,36.0,曙橋駅|四谷三丁目駅|牛込柳町駅|若松河田駅|四ツ谷駅|市ケ谷駅|新宿御苑前駅|信濃町駅|牛込神楽坂駅|早稲田駅,0.0,新宿区,新宿,新宿|西新宿|高田馬場|新大久保,area:新宿|feature:24h|feature:midnight,0,,0
ソニズダンススタジオ茗荷谷店,〒112-0006 東京都文京区小日向４丁目６-１９ 共立会館ビル B1階,,https://sonysdance.com/,,"2024-02-29 木曜日 24 時間営業
2024-03-01 金曜日 24 時間営業
2024-03-02 土曜日 24 時間営業
2024-03-03 日曜日 24 時間営業
2024-03-04 月曜日 24 時間営業
2024-03-05 火曜日 24 時間営業
2024-03-06 水曜日 24 時間営業
",1.0,139.7372211,35.7172547,東京,茗荷谷駅,42.0,茗荷谷駅|護国寺駅|江戸川橋駅|新大塚駅|千石駅|白山駅|神楽坂駅|後楽園駅|本駒込駅|向原駅,0.0,文京区,後楽園,後楽園,area:後楽園|feature:24h|feature:midnight,0,,0
Letmedanceダンススタジオ 橋本南口本校,〒252-0143 神奈川県相模原市緑区橋本２丁目１０-１７,,https://letmedance.jp/,080-3240-3326,"オーナーが女性と確認されたビジネス2024-02-29 木曜日 定休日
2024-03-01 金曜日 10時00分～22時30分
2024-03-02 土曜日 10時00分～22時00分
2024-03-03 日曜日 10時00分～20時00分
2024-03-04 月曜日 10時00分～22時00分
2024-03-05 火曜日 10時00分～22時30分
2024-03-06 水曜日 10時00分～22時30分
",1.0,139.3401738,35.5951944,東京,橋本駅,437.0,橋本駅|相原駅,0.0,その他,その他,その他,feature:24h|feature:midnight,0,,0
Letmedanceダンススタジオ 橋本北口校,〒252-0143 神奈川県相模原市緑区橋本３丁目３-１ ＳＩＮＧ橋本 2F,,https://letmedance.jp/,080-3240-3326,"LGBTQ フレンドリー2024-02-29 木曜日 定休日
2024-03-01 金曜日 12時00分～20時00分
2024-03-02 土曜日 10時30分～19時00分
2024-03-03 日曜日 13時00分～18時00分
2024-03-04 月曜日 12時00分～20時00分
2024-03-05 火曜日 11時00分～19時00分
2024-03-06 水曜日 12時00分～18時00分
",1.0,139.3485677,35.5947131,東京,橋本駅,324.0,橋本駅|南橋本駅|多摩境駅,0.0,その他,その他,その他,feature:24h|feature:midnight,0,,0
LIGHT WORKS STUDIO,〒153-0052 東京都目黒区祐天寺１丁目２２-６,,https://www.lightworks-studio.jp/,03-5720-8673,,1.0,139.6919725,35.6382866,東京,祐天寺駅,132.0,祐天寺駅|中目黒駅|学芸大学駅|代官山駅|池尻大橋駅|恵比寿駅|三軒茶屋駅,0.0,目黒区,中目黒,中目黒,area:中目黒,0,,0
BUZZ レンタルスタジオ 上野店,〒110-0003 東京都台東区根岸３丁目６-３ 小林ビル 地下1階,,,,"2024-02-29 木曜日 24 時間営業
2024-03-01 金曜日 24 時間営業
2024-03-02 土曜日 24 時間営業
2024-03-03 日曜日 24 時間営業
2024-03-04 月曜日 24 時間営業
2024-03-05 火曜日 24 時間営業
2024-03-06 水曜日 24 時間営業
",1.0,139.7800445,35.7222371,東京,上野駅,975.0,上野駅|日暮里駅,2.0,台東区,上野,上野|浅草|御徒町|蔵前,area:上野|station:上野駅|station:日暮里駅|feature:24h|feature:midnight,0,,0
BUZZ LIVE 赤坂,〒107-0052 東京都港区赤坂３丁目１５-３ 忍路ビル B1,,,,,1.0,139.7372293,35.674372,東京,赤坂駅,100.0,赤坂駅|青山一丁目駅,2.0,港区,六本木,六本木|赤坂|麻布|新橋,area:六本木|station:赤坂駅|station:青山一丁目駅,0,,0
LOICX DANCE STUDIO,〒460-0002 愛知県名古屋市中区丸の内３丁目２０-９,,http://www.loicx-girls.com/,0120-619-355,"2024-02-29 木曜日 10時00分～22時00分
2024-03-01 金曜日 10時00分～22時00分
2024-03-02 土曜日 10時00分～22時00分
2024-03-03 日曜日 10時00分～22時00分
2024-03-04 月曜日 10時00分～22時00分
2024-03-05 火曜日 10時00分～22時00分
2024-03-06 水曜日 10時00分～22時00分
",1.0,136.9060101,35.1743258,東京,久屋大通駅,173.0,久屋大通駅|栄町駅|栄駅|名古屋城駅|丸の内駅|高岳駅|伏見駅|東大手駅|矢場町駅|新栄町駅,0.0,その他,その他,その他,feature:24h|feature:midnight,0,,0
ソニズレンタルスタジオ方南町店,〒168-0063 東京都杉並区和泉４丁目５１-１４,,https://sonysdance.com/studio/hounan-a,,"2024-02-29 木曜日 24 時間営業
2024-03-01 金曜日 24 時間営業
2024-03-02 土曜日 24 時間営業
2024-03-03 日曜日 24 時間営業
2024-03-04 月曜日 24 時間営業
2024-03-05 火曜日 24 時間営業
2024-03-06 水曜日 24 時間営業
",1.0,139.6565733,35.6828706,東京,方南町駅,103.0,方南町駅|中野富士見町駅|代田橋駅|笹塚駅|永福町駅|東高円寺駅|明大前駅|新高円寺駅|中野新橋駅|幡ヶ谷駅,0.0,杉並区,高円寺,高円寺,area:高円寺|feature:24h|feature:midnight,0,,0
ソニズレンタルスタジオ新中野鍋横第2店,〒164-0012 東京都中野区本町４丁目３０-１１ アーク新中野 B1,,https://sonysdance.com/studio/nabe2,,"2024-02-29 木曜日 24 時間営業
2024-03-01 金曜日 24 時間営業
2024-03-02 土曜日 24 時間営業
2024-03-03 日曜日 24 時間営業
2024-03-04 月曜日 24 時間営業
2024-03-05 火曜日 24 時間営業
2024-03-06 水曜日 24 時間営業
",1.0,139.6699031,35.6959183,東京,中野駅,1155.0,中野駅,1.0,中野区,中野,中野,area:中野|station:中野駅|feature:24h|feature:midnight,0,,0
スペーススタジオ - Fresh!Studio,〒162-0041 東京都新宿区早稲田鶴巻町５７４ ＭＢＳ江戸川橋ビル 5階,,http://freshspacestudio.site/,,"2024-02-29 木曜日 0時00分～7時00分
2024-03-01 金曜日 0時00分～7時00分
2024-03-02 土曜日 0時00分～7時00分
2024-03-03 日曜日 0時00分～7時00分
2024-03-04 月曜日 0時00分～7時00分
2024-03-05 火曜日 0時00分～7時00分
2024-03-06 水曜日 0時00分～7時00分
",1.0,139.7275478,35.7094032,東京,江戸川橋駅,492.0,江戸川橋駅|早稲田駅|神楽坂駅|護国寺駅|牛込柳町駅|牛込神楽坂駅|茗荷谷駅|面影橋駅|若松河田駅|学習院下駅,0.0,新宿区,新宿,新宿|西新宿|高田馬場|新大久保,area:新宿|feature:24h|feature:midnight,0,,0
ライトハウス神田,〒103-0021 東京都中央区日本橋本石町４丁目５-８,,https://www.instabase.jp/space/7443145996,,"2024-02-29 木曜日 8時00分～23時30分
2024-03-01 金曜日 8時00分～23時30分
2024-03-02 土曜日 8時00分～23時30分
2024-03-03 日曜日 8時00分～23時30分
2024-03-04 月曜日 8時00分～23時30分
2024-03-05 火曜日 8時00分～23時30分
2024-03-06 水曜日 8時00分～23時30分
",1.0,139.770979,35.6891675,東京,東京駅,948.0,東京駅|秋葉原駅,2.0,中央区,銀座,銀座|日本橋|八丁堀|月島,area:銀座|station:東京駅|station:秋葉原駅|feature:24h|feature:midnight,0,,0
東京音楽堂 日本橋 ピアノサロン,〒103-0024 東京都中央区日本橋小舟町３-１２ 日本橋GRIT 6階,,https://coubic.com/ongakudou/436052#pageContent,,"2024-02-29 木曜日 24 時間営業
2024-03-01 金曜日 24 時間営業
2024-03-02 土曜日 24 時間営業
2024-03-03 日曜日 24 時間営業
2024-03-04 月曜日 24 時間営業
2024-03-05 火曜日 24 時間営業
2024-03-06 水曜日 24 時間営業
",1.0,139.777717,35.6868865,東京,東京駅,1145.0,東京駅,1.0,中央区,銀座,銀座|日本橋|八丁堀|月島,area:銀座|station:東京駅|feature:24h|feature:midnight,0,,0
東京音楽堂 日本橋 ピアノホール,〒103-0024 東京都中央区日本橋小舟町３-１２ 日本橋GRIT 地下1階,,https://coubic.com/ongakudou/576226#pageContent,,"2024-02-29 木曜日 24 時間営業
2024-03-01 金曜日 24 時間営業
2024-03-02 土曜日 24 時間営業
2024-03-03 日曜日 24 時間営業
2024-03-04 月曜日 24 時間営業
2024-03-05 火曜日 24 時間営業
2024-03-06 水曜日 24 時間営業
",1.0,139.7777132,35.6868897,東京,東京駅,1144.0,東京駅,1.0,中央区,銀座,銀座|日本橋|八丁堀|月島,area:銀座|station:東京駅|feature:24h|feature:midnight,0,,0
Dance studio LOOP,〒321-0203 栃木県下都賀郡壬生町幸町２丁目２-４ 草竹ビル 2階,,http://ds-loop.com/,,"2024-02-29 木曜日 10時30分～11時30分
2024-03-01 金曜日 16時00分～21時30分
2024-03-02 土曜日 11時00分～20時00分
2024-03-03 日曜日 定休日
2024-03-04 月曜日 11時00分～12時00分
2024-03-05 火曜日 16時00分～20時30分
2024-03-06 水曜日 16時00分～21時30分
",1.0,139.8304754,36.4662408,東京,おもちゃのまち駅,98.0,おもちゃのまち駅|国谷駅,0.0,その他,その他,その他,feature:24h|feature:midnight,0,,0
BUZZ YOKOHAMA,〒221-0835 神奈川県横浜市神奈川区鶴屋町１丁目2-１ INUYAMA BUILD地下1階,,,,"2024-02-29 木曜日 24 時間営業
2024-03-01 金曜日 24 時間営業
2024-03-02 土曜日 24 時間営業
2024-03-03 日曜日 24 時間営業
2024-03-04 月曜日 24 時間営業
2024-03-05 火曜日 24 時間営業
2024-03-06 水曜日 24 時間営業
",1.0,139.6245783,35.4697473,東京,神奈川駅,270.0,神奈川駅|横浜駅|反町駅|新高島駅|三ッ沢下町駅|東神奈川駅|京急東神奈川駅|高島町駅|平沼橋駅|戸部駅,0.0,その他,その他,その他,feature:24h|feature:midnight,0,,0
M Ballet Studio,〒192-0902 東京都八王子市上野町１７-５ SKダンススタジオ 内,,,090-4069-3278,"2024-02-29 木曜日 14時20分～15時50分
2024-03-01 金曜日 定休日
2024-03-02 土曜日 定休日
2024-03-03 日曜日 定休日
2024-03-04 月曜日 定休日
2024-03-05 火曜日 定休日
2024-03-06 水曜日 定休日
",1.0,139.3286771,35.6550577,東京,八王子駅,927.0,八王子駅,1.0,八王子市,八王子,八王子,area:八王子|station:八王子駅|feature:24h|feature:midnight,0,,0
BUZZ レンタルスタジオ浦和店,〒330-0063 埼玉県さいたま市浦和区高砂２丁目６-１３ あずさビル B1,,,,"2024-02-29 木曜日 24 時間営業
2024-03-01 金曜日 24 時間営業
2024-03-02 土曜日 24 時間営業
2024-03-03 日曜日 24 時間営業
2024-03-04 月曜日 24 時間営業
2024-03-05 火曜日 24 時間営業
2024-03-06 水曜日 24 時間営業
",1.0,139.654396,35.8579489,東京,浦和駅,277.0,浦和駅|武蔵浦和駅|中浦和駅|北浦和駅|南浦和駅,0.0,その他,その他,その他,feature:24h|feature:midnight,0,,0
FEELCYCLE 六本木,〒106-0032 東京都港区六本木６丁目４-１ ヒルズ ハリウッドプラザ 3F,,https://www.feelcycle.com/studios/rpg/?utm_source=google&utm_medium=gbp&utm_content=RPG&utm_campaign=google_gbp_RPG,,"2024-02-29 木曜日 7時00分～23時00分
2024-03-01 金曜日 定休日
2024-03-02 土曜日 7時30分～20時45分
2024-03-03 日曜日 7時30分～20時45分
2024-03-04 月曜日 7時00分～23時00分
2024-03-05 火曜日 7時00分～23時00分
2024-03-06 水曜日 7時00分～23時00分
",1.0,139.7301237,35.6613562,東京,六本木駅,198.0,六本木駅|麻布十番駅,2.0,港区,六本木,六本木|赤坂|麻布|新橋,area:六本木|station:六本木駅|station:麻布十番駅|feature:24h|feature:midnight,0,,0
ダンススタジオ・ポップコーン,〒104-0041 東京都中央区新富２丁目４-６ アーベイン三井 8F,,http://www.studio-popcorn.jp/,,"2024-02-29 木曜日 9時00分～22時00分
2024-03-01 金曜日 9時00分～22時00分
2024-03-02 土曜日 9時00分～20時00分
2024-03-03 日曜日 9時00分～20時00分
2024-03-04 月曜日 9時00分～22時00分
2024-03-05 火曜日 9時00分～22時00分
2024-03-06 水曜日 9時00分～22時00分
",1.0,139.7732451,35.6713607,東京,有楽町駅,986.0,有楽町駅,1.0,中央区,銀座,銀座|日本橋|八丁堀|月島,area:銀座|station:有楽町駅|feature:24h|feature:midnight,0,,0
Ｍ＆Ｓダンススタジオ,〒151-0051 東京都渋谷区千駄ケ谷５丁目１１-１３ 俳協ビル B1,,http://www.msc-dance.net/,03-3350-5350,"2024-02-29 木曜日 10時00分～22時30分
2024-03-01 金曜日 10時00分～22時15分
2024-03-02 土曜日 10時00分～22時40分
2024-03-03 日曜日 10時00分～21時00分
2024-03-04 月曜日 10時00分～22時30分
2024-03-05 火曜日 10時00分～22時30分
2024-03-06 水曜日 10時00分～22時40分
",1.0,139.7061521,35.6834591,東京,代々木駅,374.0,代々木駅|新宿駅,2.0,渋谷区,渋谷,渋谷|恵比寿|代官山|原宿,area:渋谷|station:代々木駅|station:新宿駅|feature:24h|feature:midnight,0,,0
studio RADA,〒103-0022 東京都中央区日本橋室町１丁目１-５,,http://www.studiorada.com/,,"2024-02-29 木曜日 10時00分～22時00分
2024-03-01 金曜日 10時00分～22時00分
2024-03-02 土曜日 10時00分～22時00分
2024-03-03 日曜日 10時00分～22時00分
2024-03-04 月曜日 10時00分～22時00分
2024-03-05 火曜日 10時00分～22時00分
2024-03-06 水曜日 10時00分～22時00分
",1.0,139.7738019,35.684432,東京,東京駅,700.0,東京駅,1.0,中央区,銀座,銀座|日本橋|八丁堀|月島,area:銀座|station:東京駅|feature:24h|feature:midnight,0,,0
Ｍ＆Ｓダンススタジオ 西葛西スタジオ,〒134-0088 東京都江戸川区西葛西３丁目２-１５ 三谷ビル,,http://www.msc-dance.net/,03-6808-5037,,1.0,139.855626,35.66513,東京,西葛西駅,329.0,西葛西駅|葛西駅,0.0,江戸川区,西葛西,西葛西,area:西葛西,0,,0
magari 中野坂上スタジオ,〒164-0011 東京都中野区中央１丁目１-３ 新都心中央ビル B1,,https://cafe-magari.com/,070-6630-7215,"2024-02-29 木曜日 7時00分～23時00分
2024-03-01 金曜日 7時00分～23時00分
2024-03-02 土曜日 7時00分～23時00分
2024-03-03 日曜日 7時00分～23時00分
2024-03-04 月曜日 7時00分～23時00分
2024-03-05 火曜日 7時00分～23時00分
2024-03-06 水曜日 7時00分～23時00分
",1.0,139.6866507,35.6968127,東京,中野坂上駅,406.0,中野坂上駅|西新宿駅|西新宿五丁目駅（清水橋）|都庁前駅|大久保駅|東中野駅|新宿西口駅|中野新橋駅|西武新宿駅|新大久保駅,0.0,中野区,中野,中野,area:中野|feature:24h|feature:midnight,0,,0
Mailani feel art studio,〒153-0064 東京都目黒区下目黒５丁目１-１２ 2F,,http://mailani-fas.co.jp/,03-5722-9785,,1.0,139.7032833,35.6309638,東京,目黒駅,1183.0,目黒駅,1.0,目黒区,中目黒,中目黒,area:中目黒|station:目黒駅,0,,0
銀座スタジオ ルアン,〒104-0061 東京都中央区銀座８丁目１０-２ ルアンビル 11階,,https://rentalstudio.ruan.co.jp/,,"2024-02-29 木曜日 9時00分～18時00分
2024-03-01 金曜日 9時00分～18時00分
2024-03-02 土曜日 9時00分～0時00分
2024-03-03 日曜日 9時00分～0時00分
2024-03-04 月曜日 9時00分～18時00分
2024-03-05 火曜日 9時00分～18時00分
2024-03-06 水曜日 9時00分～18時00分
",1.0,139.7627122,35.6680421,東京,新橋駅,422.0,新橋駅|有楽町駅,2.0,中央区,銀座,銀座|日本橋|八丁堀|月島,area:銀座|station:新橋駅|station:有楽町駅|feature:24h|feature:midnight,0,,0
Manohiva Japan,〒140-0013 東京都品川区南大井３丁目２０-１１ 伊藤ビル 201,,https://www.manohivajapan.net/,090-4811-8040,LGBTQ フレンドリー,1.0,139.7350657,35.5886149,東京,大森海岸駅,108.0,大森海岸駅|大森駅|平和島駅|立会川駅|流通センター駅|大森町駅|西大井駅|鮫洲駅,0.0,品川区,品川,品川|五反田|大井町|目黒,area:品川,0,,0
MAR'ｓ DANCE SCHOOL,〒121-0823 東京都足立区伊興３丁目１８-１９ ＮＹビル 1F,,http://www.mars-ds.com/,03-3897-6225,"2024-02-29 木曜日 12時00分～21時30分
2024-03-01 金曜日 12時00分～21時30分
2024-03-02 土曜日 定休日
2024-03-03 日曜日 定休日
2024-03-04 月曜日 定休日
2024-03-05 火曜日 12時00分～22時30分
2024-03-06 水曜日 12時00分～23時00分
",1.0,139.7880844,35.7954259,東京,竹ノ塚駅,293.0,竹ノ塚駅|舎人公園駅|谷在家駅|大師前駅|舎人駅,0.0,足立区,北千住,北千住,area:北千住|feature:24h|feature:midnight,0,,0
Studio GENIE,〒124-0012 東京都葛飾区立石６丁目１-６,,https://studio-genie.tokyo/,,"2024-02-29 木曜日 9時00分～22時00分
2024-03-01 金曜日 9時00分～22時00分
2024-03-02 土曜日 9時00分～21時00分
2024-03-03 日曜日 定休日
2024-03-04 月曜日 9時00分～22時00分
2024-03-05 火曜日 9時00分～22時00分
2024-03-06 水曜日 9時00分～22時00分
",1.0,139.8491378,35.7424758,東京,京成立石駅,469.0,京成立石駅|青砥駅|お花茶屋駅|四ツ木駅|京成高砂駅,0.0,葛飾区,新小岩,新小岩,area:新小岩|feature:24h|feature:midnight,0,,0
㈱インフォレント,〒111-0053 東京都台東区浅草橋５丁目３-２ 秋葉原スクエアビル,,https://studiosquare.jp/,,"2024-02-29 木曜日 9時00分～18時00分
2024-03-01 金曜日 9時00分～18時00分
2024-03-02 土曜日 9時00分～18時00分
2024-03-03 日曜日 定休日
2024-03-04 月曜日 9時00分～18時00分
2024-03-05 火曜日 9時00分～18時00分
2024-03-06 水曜日 9時00分～18時00分
",1.0,139.7809358,35.6992273,東京,秋葉原駅,610.0,秋葉原駅|蔵前駅,2.0,台東区,上野,上野|浅草|御徒町|蔵前,area:上野|station:秋葉原駅|station:蔵前駅|feature:24h|feature:midnight,0,,0
Masaピラティススタジオ,〒153-0041 東京都目黒区駒場３丁目１１-１４ 駒場友和ビル１ 3階,,https://coubic.com/masapilatesstudio,03-6882-5920,"LGBTQ フレンドリー2024-02-29 木曜日 10時00分～20時00分
2024-03-01 金曜日 10時00分～20時00分
2024-03-02 土曜日 10時00分～18時00分
2024-03-03 日曜日 定休日
2024-03-04 月曜日 10時00分～20時00分
2024-03-05 火曜日 10時00分～20時00分
2024-03-06 水曜日 10時00分～20時00分
",1.0,139.681451,35.6595576,東京,池尻大橋駅,1028.0,池尻大橋駅|下北沢駅,2.0,目黒区,中目黒,中目黒,area:中目黒|station:池尻大橋駅|station:下北沢駅|feature:24h|feature:midnight,0,,0
Mazuka Dance Company,〒168-0064 東京都杉並区永福１丁目３９-１３ 1F,,https://mazuka-studio.com/,03-6265-7333,,1.0,139.643107,35.6742866,東京,永福町駅,225.0,永福町駅|西永福駅|下高井戸駅|明大前駅|桜上水駅|代田橋駅|松原駅|浜田山駅|方南町駅|東松原駅,0.0,杉並区,高円寺,高円寺,area:高円寺,0,,0
MCSpace,〒167-0053 東京都杉並区西荻南２丁目２５-６ 西荻プラザビル B1F,,http://mcspace1.com/,03-5941-3065,"2024-02-29 木曜日 9時00分～22時00分
2024-03-01 金曜日 9時00分～22時00分
2024-03-02 土曜日 9時00分～22時00分
2024-03-03 日曜日 9時00分～22時00分
2024-03-04 月曜日 9時00分～22時00分
2024-03-05 火曜日 9時00分～22時00分
2024-03-06 水曜日 7時00分～22時00分
",1.0,139.599624,35.701359,東京,西荻窪駅,275.0,西荻窪駅|三鷹台駅|久我山駅|井の頭公園駅|荻窪駅|吉祥寺駅|富士見ヶ丘駅,0.0,杉並区,高円寺,高円寺,area:高円寺|feature:24h|feature:midnight,0,,0
レンタルスタジオ新富町 ?Danzatakara. Studio?,"Shintomi 2-1-7, Fujichuo building B1, 中央区 東京都 140-0041",,https://www.instabase.jp/space/2165415368,,"2024-02-29 木曜日 6時00分～0時00分
2024-03-01 金曜日 6時00分～0時00分
2024-03-02 土曜日 6時00分～0時00分
2024-03-03 日曜日 6時00分～0時00分
2024-03-04 月曜日 6時00分～0時00分
2024-03-05 火曜日 6時00分～0時00分
2024-03-06 水曜日 6時00分～0時00分
",1.0,139.772209,35.671572,東京,有楽町駅,891.0,有楽町駅|東京駅,2.0,中央区,銀座,銀座|日本橋|八丁堀|月島,area:銀座|station:有楽町駅|station:東京駅|feature:24h|feature:midnight,0,,0
mikaバレエスタジオ,〒176-0011 東京都練馬区豊玉上２丁目２０-４ 石原ビル,,http://mikaballetstudio.com/,080-6766-1655,"オーナーが女性と確認されたビジネス2024-02-29 木曜日 16時30分～18時00分
2024-03-01 金曜日 10時30分～21時00分
2024-03-02 土曜日 定休日
2024-03-03 日曜日 13時30分～19時00分
2024-03-04 月曜日 定休日
2024-03-05 火曜日 定休日
2024-03-06 水曜日 10時30分～19時00分
",1.0,139.6611106,35.737643,東京,桜台駅,176.0,桜台駅|練馬駅|新桜台駅|新江古田駅|江古田駅|豊島園駅|氷川台駅|小竹向原駅,0.0,練馬区,練馬,練馬,area:練馬|feature:24h|feature:midnight,0,,0
ＭＩＫＩバレエスタジオ,〒178-0063 東京都練馬区東大泉３丁目５０-３,,https://miki-ballet.p-kit.com/,03-5387-5739,,1.0,139.5878099,35.7548652,東京,大泉学園駅,602.0,大泉学園駅|保谷駅,0.0,練馬区,練馬,練馬,area:練馬,0,,0
Mita Dance Factory 芝スタジオ,"セレブ 釉 芝公園 1F, ２丁目-１６-１１ 芝 港区 東京都 105-0014",,https://peraichi.com/landing_pages/view/mitadancefactory,070-6949-6814,"2024-02-29 木曜日 10時00分～12時30分
2024-03-01 金曜日 15時00分～17時30分
2024-03-02 土曜日 13時30分～15時30分
2024-03-03 日曜日 11時30分～17時30分
2024-03-04 月曜日 19時30分～21時30分
2024-03-05 火曜日 18時00分～21時30分
2024-03-06 水曜日 定休日
",1.0,139.7519872,35.6514771,東京,浜松町駅,632.0,浜松町駅|田町駅,2.0,港区,六本木,六本木|赤坂|麻布|新橋,area:六本木|station:浜松町駅|station:田町駅|feature:24h|feature:midnight,0,,0
MIZUE Ballet School,〒179-0076 東京都練馬区土支田１丁目２８-１４ ３F,,https://sites.google.com/site/mizueballet/,090-6019-1142,"2024-02-29 木曜日 11時00分～20時30分
2024-03-01 金曜日 16時00分～19時00分
2024-03-02 土曜日 9時30分～18時00分
2024-03-03 日曜日 10時30分～12時00分
2024-03-04 月曜日 11時00分～20時00分
2024-03-05 火曜日 17時00分～19時00分
2024-03-06 水曜日 17時00分～18時00分
",1.0,139.6194191,35.7653107,東京,光が丘駅,1144.0,光が丘駅|地下鉄成増駅|成増駅,0.0,練馬区,練馬,練馬,area:練馬|feature:24h|feature:midnight,0,,0
MKH dance fit studio,〒279-0001 千葉県浦安市当代島１丁目１６-１９ 大塚ビル 3階,,https://www.mkhdancefitstudio.com/,047-712-7489,"2024-02-29 木曜日 10時00分～22時00分
2024-03-01 金曜日 10時00分～22時00分
2024-03-02 土曜日 10時00分～22時00分
2024-03-03 日曜日 定休日
2024-03-04 月曜日 10時00分～22時00分
2024-03-05 火曜日 10時00分～22時00分
2024-03-06 水曜日 10時00分～22時00分
",1.0,139.8915522,35.6660468,東京,浦安駅,155.0,浦安駅|南行徳駅|葛西駅,0.0,その他,その他,その他,feature:24h|feature:midnight,0,,0
Musa studio《自由が丘レンタルスタジオ》,〒152-0034 東京都目黒区緑が丘２丁目１９-１１,,https://ja-jp.facebook.com/musastudio/,080-4384-5228,"2024-02-29 木曜日 9時00分～21時00分
2024-03-01 金曜日 9時00分～21時00分
2024-03-02 土曜日 9時00分～21時00分
2024-03-03 日曜日 9時00分～21時00分
2024-03-04 月曜日 9時00分～21時00分
2024-03-05 火曜日 9時00分～21時00分
2024-03-06 水曜日 9時00分～21時00分
",1.0,139.6725732,35.611041,東京,自由が丘駅,531.0,自由が丘駅,1.0,目黒区,中目黒,中目黒,area:中目黒|station:自由が丘駅|feature:24h|feature:midnight,0,,0
スタジオマーティ / STUDIO marty 銀座出張所,〒104-0061 東京都中央区銀座７丁目１３-６ サガミビル 2階,,https://www.studiomarty.co.jp/tokyo-mitakeio/,,,1.0,139.7645491,35.6678815,東京,新橋駅,567.0,新橋駅|有楽町駅,2.0,中央区,銀座,銀座|日本橋|八丁堀|月島,area:銀座|station:新橋駅|station:有楽町駅,0,,0
Music Lounge J SHIMOIGUSA,〒167-0022 東京都杉並区下井草２丁目３２-５ ＪＢＫビル Ｂ１,,https://j-shimoigusa.jp/,080-4854-1006,,1.0,139.6257444,35.7210845,東京,下井草駅,340.0,下井草駅|井荻駅|鷺ノ宮駅|富士見台駅|都立家政駅|荻窪駅,0.0,杉並区,高円寺,高円寺,area:高円寺,0,,0
MUSIC NEST音楽スタジオ,〒176-0002 東京都練馬区桜台４丁目 ３７-３ ２０３,,https://owlwingrecord.net/music-nest/,03-5930-7108,"LGBTQ フレンドリー2024-02-29 木曜日 13時00分～20時00分
2024-03-01 金曜日 13時00分～20時00分
2024-03-02 土曜日 11時00分～20時00分
2024-03-03 日曜日 11時00分～18時00分
2024-03-04 月曜日 定休日
2024-03-05 火曜日 定休日
2024-03-06 水曜日 13時00分～20時00分
",1.0,139.6593411,35.7405294,東京,桜台駅,345.0,桜台駅|練馬駅|新桜台駅|豊島園駅|氷川台駅|江古田駅|新江古田駅|小竹向原駅|平和台駅|中村橋駅,0.0,練馬区,練馬,練馬,area:練馬|feature:24h|feature:midnight,0,,0
Muuta Dance Studio,〒669-1535 兵庫県三田市南が丘２丁目１４-３４,,https://muuta-dance.net/,079-558-8080,"2024-02-29 木曜日 10時00分～22時30分
2024-03-01 金曜日 10時00分～22時30分
2024-03-02 土曜日 10時00分～22時30分
2024-03-03 日曜日 10時00分～22時30分
2024-03-04 月曜日 10時00分～22時30分
2024-03-05 火曜日 10時00分～22時30分
2024-03-06 水曜日 10時00分～22時30分
",1.0,135.2159294,34.8790793,東京,横山駅,445.0,横山駅|三田本町駅|フラワータウン駅|神鉄道場駅|三田駅,0.0,その他,その他,その他,feature:24h|feature:midnight,0,,0
NANSO STUDIO,〒298-0133 千葉県いすみ市引田１１８,,,080-6781-1024,"2024-02-29 木曜日 定休日
2024-03-01 金曜日 定休日
2024-03-02 土曜日 定休日
2024-03-03 日曜日 定休日
2024-03-04 月曜日 18時00分～19時00分
2024-03-05 火曜日 18時00分～19時00分
2024-03-06 水曜日 定休日
",1.0,140.2980046,35.280841,東京,国吉駅,1428.0,国吉駅|上総中川駅,0.0,その他,その他,その他,feature:24h|feature:midnight,0,,0
FINEDAY浜松町,〒105-0012 東京都港区芝大門１丁目２-２２ 2F(200 パレステュディオ芝大門,,https://www.finedayrental.com/,,"2024-02-29 木曜日 8時00分～0時00分
2024-03-01 金曜日 8時00分～0時00分
2024-03-02 土曜日 8時00分～0時00分
2024-03-03 日曜日 8時00分～0時00分
2024-03-04 月曜日 8時00分～0時00分
2024-03-05 火曜日 8時00分～0時00分
2024-03-06 水曜日 8時00分～0時00分
",1.0,139.7542232,35.6598499,東京,浜松町駅,520.0,浜松町駅|新橋駅,2.0,港区,六本木,六本木|赤坂|麻布|新橋,area:六本木|station:浜松町駅|station:新橋駅|feature:24h|feature:midnight,0,,0
NARASE MUSIC ACADEMY吉祥寺校,〒180-0003 東京都武蔵野市吉祥寺南町１丁目１-４ スタジオペンタ吉祥寺サウスサイド,,https://narase.jp/,050-3155-0349,"LGBTQ フレンドリー2024-02-29 木曜日 15時00分～23時00分
2024-03-01 金曜日 15時00分～23時00分
2024-03-02 土曜日 11時00分～20時00分
2024-03-03 日曜日 11時00分～20時00分
2024-03-04 月曜日 15時00分～23時00分
2024-03-05 火曜日 15時00分～23時00分
2024-03-06 水曜日 15時00分～23時00分
",1.0,139.5789387,35.7028538,東京,吉祥寺駅,89.0,吉祥寺駅,1.0,武蔵野市,吉祥寺,吉祥寺,area:吉祥寺|station:吉祥寺駅|feature:24h|feature:midnight,0,,0
Nari Gym (ナリジム),〒107-0052 東京都港区赤坂３丁目14番9号 赤坂清水ビル 2F,,https://beauty.hotpepper.jp/kr/slnH000588196/,03-6277-7369,"LGBTQ フレンドリー2024-02-29 木曜日 24 時間営業
2024-03-01 金曜日 24 時間営業
2024-03-02 土曜日 24 時間営業
2024-03-03 日曜日 24 時間営業
2024-03-04 月曜日 24 時間営業
2024-03-05 火曜日 24 時間営業
2024-03-06 水曜日 24 時間営業
",1.0,139.7370016,35.6739439,東京,赤坂駅,48.0,赤坂駅|青山一丁目駅,2.0,港区,六本木,六本木|赤坂|麻布|新橋,area:六本木|station:赤坂駅|station:青山一丁目駅|feature:24h|feature:midnight,0,,0
NATURAglam 経堂スタジオ,〒156-0052 東京都世田谷区経堂１丁目２５-１８ 吉川水産ビル3階,,https://www.naturaglam.com/kyodo/,050-5307-3439,"2024-02-29 木曜日 8時30分～23時00分
2024-03-01 金曜日 8時30分～23時00分
2024-03-02 土曜日 8時30分～23時00分
2024-03-03 日曜日 8時30分～23時00分
2024-03-04 月曜日 8時30分～23時00分
2024-03-05 火曜日 8時30分～23時00分
2024-03-06 水曜日 8時30分～23時00分
",1.0,139.6362781,35.6488373,東京,経堂駅,268.0,経堂駅|宮の坂駅|山下駅|上町駅|千歳船橋駅|豪徳寺駅|松原駅|世田谷駅|梅ヶ丘駅|松陰神社前駅,0.0,世田谷区,下北沢,下北沢|三軒茶屋|二子玉川|自由が丘,area:下北沢|feature:24h|feature:midnight,0,,0
NATURAglam 高円寺スタジオ,〒166-0003 東京都杉並区４５ 高円寺南４丁目４５-２ メインロードビル3階,,http://www.naturaglam.com/koenji/,050-5307-3439,"2024-02-29 木曜日 8時30分～23時00分
2024-03-01 金曜日 8時30分～23時00分
2024-03-02 土曜日 8時30分～23時00分
2024-03-03 日曜日 8時30分～23時00分
2024-03-04 月曜日 8時30分～23時00分
2024-03-05 火曜日 8時30分～23時00分
2024-03-06 水曜日 8時30分～23時00分
",1.0,139.650506,35.704714,東京,高円寺駅,100.0,高円寺駅|新高円寺駅|東高円寺駅|阿佐ヶ谷駅|中野駅|南阿佐ケ谷駅|野方駅|新中野駅,0.0,杉並区,高円寺,高円寺,area:高円寺|feature:24h|feature:midnight,0,,0
neu 168 Dance Studio,〒156-0057 東京都世田谷区上北沢３丁目３３-５,,https://www.iknoelleballetcontemporary.com/,070-3203-0168,,1.0,139.6234115,35.6680197,東京,上北沢駅,94.0,上北沢駅|八幡山駅|桜上水駅|芦花公園駅|浜田山駅|西永福駅|下高井戸駅|高井戸駅|松原駅|永福町駅,0.0,世田谷区,下北沢,下北沢|三軒茶屋|二子玉川|自由が丘,area:下北沢,0,,0
New York yuka's Dance Center,〒146-0084 東京都大田区南久が原２丁目１１-８,,http://www.t-nydc.jp/,080-8915-3750,"2024-02-29 木曜日 10時30分～22時00分
2024-03-01 金曜日 10時30分～22時00分
2024-03-02 土曜日 10時30分～22時00分
2024-03-03 日曜日 10時30分～22時00分
2024-03-04 月曜日 10時30分～22時00分
2024-03-05 火曜日 10時30分～22時00分
2024-03-06 水曜日 10時30分～22時00分
",1.0,139.6855241,35.5788878,東京,久が原駅,108.0,久が原駅|鵜の木駅|御嶽山駅|千鳥町駅|下丸子駅|沼部駅|武蔵新田駅|雪が谷大塚駅|池上駅|向河原駅,0.0,大田区,蒲田,蒲田,area:蒲田|feature:24h|feature:midnight,0,,0
NML dance studio,〒189-0014 東京都東村山市本町２丁目21-３ 1F,,http://nmldancestudio.com/,090-8045-3811,"2024-02-29 木曜日 9時00分～21時00分
2024-03-01 金曜日 9時00分～21時00分
2024-03-02 土曜日 9時00分～21時00分
2024-03-03 日曜日 9時00分～17時00分
2024-03-04 月曜日 10時00分～21時00分
2024-03-05 火曜日 9時00分～21時00分
2024-03-06 水曜日 9時00分～21時00分
",1.0,139.4673676,35.7582631,東京,東村山駅,281.0,東村山駅|久米川駅|八坂駅|西武園駅,0.0,東村山市,東村山,東村山,area:東村山|feature:24h|feature:midnight,0,,0
NML dance studioふじみ野校,〒354-0036 埼玉県富士見市ふじみ野東２丁目１-１ グリーンテラスふじみ野 2F,,,090-8045-3811,"LGBTQ フレンドリー2024-02-29 木曜日 18時00分～20時15分
2024-03-01 金曜日 定休日
2024-03-02 土曜日 定休日
2024-03-03 日曜日 定休日
2024-03-04 月曜日 定休日
2024-03-05 火曜日 定休日
2024-03-06 水曜日 17時00分～19時00分
",1.0,139.5225498,35.8620323,東京,ふじみ野駅,144.0,ふじみ野駅|上福岡駅,0.0,その他,その他,その他,feature:24h|feature:midnight,0,,0
NOA バレエスクール自由が丘校,"ノア２１ 2F, ３丁目-７-１８ 自由が丘 目黒区 東京都 152-0035",,https://www.noaballet.jp/,03-5726-3168,"2024-02-29 木曜日 12時00分～22時30分
2024-03-01 金曜日 12時00分～22時30分
2024-03-02 土曜日 10時00分～21時00分
2024-03-03 日曜日 10時00分～21時00分
2024-03-04 月曜日 12時00分～22時30分
2024-03-05 火曜日 12時00分～22時30分
2024-03-06 水曜日 12時00分～22時30分
",1.0,139.6652904,35.6090957,東京,自由が丘駅,383.0,自由が丘駅,1.0,目黒区,中目黒,中目黒,area:中目黒|station:自由が丘駅|feature:24h|feature:midnight,0,,0
NOAダンスアカデミー 吉祥寺ANNEX校,〒180-0004 東京都武蔵野市吉祥寺本町２丁目１６-１２ ヨキヒ吉祥寺（B1F受付,,https://www.noadance.com/kichijoji2/,0422-29-3005,"2024-02-29 木曜日 16時00分～22時30分
2024-03-01 金曜日 16時00分～22時30分
2024-03-02 土曜日 11時00分～19時30分
2024-03-03 日曜日 11時00分～19時30分
2024-03-04 月曜日 16時00分～22時30分
2024-03-05 火曜日 16時00分～22時30分
2024-03-06 水曜日 16時00分～22時30分
",1.0,139.5767726,35.7058217,東京,吉祥寺駅,407.0,吉祥寺駅,1.0,武蔵野市,吉祥寺,吉祥寺,area:吉祥寺|station:吉祥寺駅|feature:24h|feature:midnight,0,,0
NOAダンスアカデミー 駒沢校,〒154-0011 東京都世田谷区上馬４ 2-7 8F,,https://www.noadance.com/,03-5779-4130,"2024-02-29 木曜日 9時00分～23時30分
2024-03-01 金曜日 9時00分～23時30分
2024-03-02 土曜日 11時00分～22時00分
2024-03-03 日曜日 11時00分～22時00分
2024-03-04 月曜日 9時00分～23時30分
2024-03-05 火曜日 9時00分～23時30分
2024-03-06 水曜日 9時00分～23時30分
",1.0,139.6629264,35.6345084,東京,三軒茶屋駅,1180.0,三軒茶屋駅,1.0,世田谷区,下北沢,下北沢|三軒茶屋|二子玉川|自由が丘,area:下北沢|station:三軒茶屋駅|feature:24h|feature:midnight,0,,0
NOAダンスアカデミー 原宿校,〒150-0001 東京都渋谷区神宮前１丁目１７-５ ２F,,https://www.noadance.com/harajuku/,03-5786-6011,"2024-02-29 木曜日 9時00分～23時30分
2024-03-01 金曜日 9時00分～23時30分
2024-03-02 土曜日 11時00分～22時00分
2024-03-03 日曜日 11時00分～22時00分
2024-03-04 月曜日 9時00分～23時30分
2024-03-05 火曜日 9時00分～23時30分
2024-03-06 水曜日 9時00分～23時30分
",1.0,139.7035246,35.6713747,東京,原宿駅,154.0,原宿駅|表参道駅,2.0,渋谷区,渋谷,渋谷|恵比寿|代官山|原宿,area:渋谷|station:原宿駅|station:表参道駅|feature:24h|feature:midnight,0,,0
NOAダンスアカデミー 新宿本校,〒160-0023 東京都新宿区西新宿１丁目３-１４ 新宿プラザ（受付 6F,,http://www.noadance.com/,03-3362-7011,"2024-02-29 木曜日 9時00分～23時30分
2024-03-01 金曜日 9時00分～23時30分
2024-03-02 土曜日 11時00分～22時00分
2024-03-03 日曜日 11時00分～22時00分
2024-03-04 月曜日 9時00分～23時30分
2024-03-05 火曜日 9時00分～23時30分
2024-03-06 水曜日 9時00分～23時30分",1.0,139.6982771,35.6932968,東京,新宿駅,319.0,新宿駅|西武新宿駅|新大久保駅,3.0,新宿区,新宿,新宿|西新宿|高田馬場|新大久保,area:新宿|station:新宿駅|station:西武新宿駅|station:新大久保駅|feature:24h|feature:midnight,0,,0
NOAダンスアカデミー 池袋校,〒171-0022 東京都豊島区南池袋１丁目１６-１８ ｆａｃｅ 池袋6F,,https://www.noadance.com/ikebukuro/,03-5950-2855,"2024-02-29 木曜日 9時00分～23時30分
2024-03-01 金曜日 9時00分～23時30分
2024-03-02 土曜日 11時00分～22時00分
2024-03-03 日曜日 11時00分～22時00分
2024-03-04 月曜日 9時00分～23時30分
2024-03-05 火曜日 9時00分～23時30分
2024-03-06 水曜日 9時00分～23時30分
",1.0,139.7115643,35.7266371,東京,池袋駅,276.0,池袋駅,1.0,豊島区,池袋,池袋|目白|大塚|巣鴨,area:池袋|station:池袋駅|feature:24h|feature:midnight,0,,0
NOAダンス教室 吉祥寺アネックス校,〒180-0004 東京都武蔵野市吉祥寺本町２丁目１６-１２ ヨキヒ吉祥寺（B1F受付,,https://www.noadance.jp/kichijoji2/,0422-29-3005,"2024-02-29 木曜日 16時00分～23時30分
2024-03-01 金曜日 16時00分～23時30分
2024-03-02 土曜日 11時00分～19時30分
2024-03-03 日曜日 11時00分～19時30分
2024-03-04 月曜日 16時00分～23時30分
2024-03-05 火曜日 16時00分～23時30分
2024-03-06 水曜日 16時00分～23時30分
",1.0,139.5767894,35.7057934,東京,吉祥寺駅,403.0,吉祥寺駅,1.0,武蔵野市,吉祥寺,吉祥寺,area:吉祥寺|station:吉祥寺駅|feature:24h|feature:midnight,0,,0
NOAダンス教室 銀座校,〒104-0061 東京都中央区銀座３丁目９-２,,https://www.noadance.jp/,03-3524-2288,"2024-02-29 木曜日 9時00分～23時30分
2024-03-01 金曜日 9時00分～23時30分
2024-03-02 土曜日 11時00分～22時00分
2024-03-03 日曜日 11時00分～22時00分
2024-03-04 月曜日 9時00分～23時30分
2024-03-05 火曜日 9時00分～23時30分
2024-03-06 水曜日 9時00分～23時30分
",1.0,139.7681132,35.6719378,東京,有楽町駅,555.0,有楽町駅|東京駅|新橋駅,3.0,中央区,銀座,銀座|日本橋|八丁堀|月島,area:銀座|station:有楽町駅|station:東京駅|station:新橋駅|feature:24h|feature:midnight,0,,0
NOAダンス教室 原宿校,〒150-0001 東京都渋谷区神宮前１丁目１７-５ 原宿シュロス城西ビル ２F,,https://www.noadance.jp/harajuku/,03-5786-6011,"2024-02-29 木曜日 9時30分～23時30分
2024-03-01 金曜日 9時30分～23時30分
2024-03-02 土曜日 10時00分～22時00分
2024-03-03 日曜日 10時00分～22時00分
2024-03-04 月曜日 9時30分～23時30分
2024-03-05 火曜日 9時30分～23時30分
2024-03-06 水曜日 9時30分～23時30分
",1.0,139.7034299,35.6714352,東京,原宿駅,156.0,原宿駅|表参道駅,2.0,渋谷区,渋谷,渋谷|恵比寿|代官山|原宿,area:渋谷|station:原宿駅|station:表参道駅|feature:24h|feature:midnight,0,,0
NOAダンス教室 新宿校,〒160-0023 東京都新宿区西新宿１丁目３-１４ 9F,,https://www.noadance.jp/,03-3344-5600,"2024-02-29 木曜日 9時00分～23時30分
2024-03-01 金曜日 9時00分～23時30分
2024-03-02 土曜日 11時00分～22時00分
2024-03-03 日曜日 11時00分～22時00分
2024-03-04 月曜日 9時00分～23時30分
2024-03-05 火曜日 9時00分～23時30分
2024-03-06 水曜日 9時00分～23時30分
",1.0,139.6982771,35.6932968,東京,新宿駅,319.0,新宿駅|西武新宿駅|新大久保駅,3.0,新宿区,新宿,新宿|西新宿|高田馬場|新大久保,area:新宿|station:新宿駅|station:西武新宿駅|station:新大久保駅|feature:24h|feature:midnight,0,,0
NOAダンス教室 中野校,〒164-0001 東京都中野区中野３丁目３９-２ B1,,https://www.noadance.jp/nakano/,03-6304-8608,"2024-02-29 木曜日 9時30分～23時30分
2024-03-01 金曜日 9時30分～23時30分
2024-03-02 土曜日 10時00分～22時00分
2024-03-03 日曜日 10時00分～22時00分
2024-03-04 月曜日 9時30分～23時30分
2024-03-05 火曜日 9時30分～23時30分
2024-03-06 水曜日 9時30分～23時30分
",1.0,139.664242,35.7041744,東京,中野駅,228.0,中野駅,1.0,中野区,中野,中野,area:中野|station:中野駅|feature:24h|feature:midnight,0,,0
NOAダンス教室 都立大校,〒152-0031 東京都目黒区中根１丁目７-２３ ＳＴビル 2F,,http://www.noadance.jp/,03-3725-3001,"2024-02-29 木曜日 9時00分～23時30分
2024-03-01 金曜日 9時00分～23時30分
2024-03-02 土曜日 11時00分～22時00分
2024-03-03 日曜日 11時00分～22時00分
2024-03-04 月曜日 9時00分～23時30分
2024-03-05 火曜日 9時00分～23時30分
2024-03-06 水曜日 9時00分～23時30分
",1.0,139.674669,35.6176921,東京,都立大学駅,156.0,都立大学駅|自由が丘駅|緑が丘駅|大岡山駅|奥沢駅|学芸大学駅|九品仏駅|洗足駅,0.0,目黒区,中目黒,中目黒,area:中目黒|feature:24h|feature:midnight,0,,0
NOAバレエスクール 恵比寿校,〒150-0012 東京都渋谷区広尾１丁目１５-３,,https://www.noaballet.jp/,03-5791-7263,"2024-02-29 木曜日 9時00分～23時30分
2024-03-01 金曜日 9時00分～23時30分
2024-03-02 土曜日 11時00分～22時00分
2024-03-03 日曜日 11時00分～22時00分
2024-03-04 月曜日 9時00分～23時30分
2024-03-05 火曜日 9時00分～23時30分
2024-03-06 水曜日 9時00分～23時30分
",1.0,139.7117754,35.6485787,東京,恵比寿駅,259.0,恵比寿駅,1.0,渋谷区,渋谷,渋谷|恵比寿|代官山|原宿,area:渋谷|station:恵比寿駅|feature:24h|feature:midnight,0,,0
NOAバレエスクール 秋葉原校,〒101-0021 東京都千代田区外神田６丁目１４-８ ７F 受付,,https://www.noaballet.jp/,03-3834-5321,"2024-02-29 木曜日 9時00分～23時30分
2024-03-01 金曜日 9時00分～23時30分
2024-03-02 土曜日 11時00分～22時00分
2024-03-03 日曜日 11時00分～22時00分
2024-03-04 月曜日 9時00分～23時30分
2024-03-05 火曜日 9時00分～23時30分
2024-03-06 水曜日 9時00分～23時30分
",1.0,139.771522,35.7035015,東京,秋葉原駅,589.0,秋葉原駅,1.0,千代田区,秋葉原,秋葉原,area:秋葉原|station:秋葉原駅|feature:24h|feature:midnight,0,,0
NOAバレエスクール 新宿校,〒160-0023 東京都新宿区西新宿１丁目３-１４ 9F,,https://www.noaballet.jp/,03-3344-5600,"2024-02-29 木曜日 9時00分～23時30分
2024-03-01 金曜日 9時00分～23時30分
2024-03-02 土曜日 11時00分～22時00分
2024-03-03 日曜日 11時00分～22時00分
2024-03-04 月曜日 9時00分～23時30分
2024-03-05 火曜日 9時00分～23時30分
2024-03-06 水曜日 9時00分～23時30分",1.0,139.6982771,35.6932968,東京,新宿駅,319.0,新宿駅|西武新宿駅|新大久保駅,3.0,新宿区,新宿,新宿|西新宿|高田馬場|新大久保,area:新宿|station:新宿駅|station:西武新宿駅|station:新大久保駅|feature:24h|feature:midnight,0,,0
NOAバレエスクール 池袋,〒171-0022 東京都豊島区南池袋１丁目１６-１８ 池袋6F ｆａｃｅ,,https://www.noaballet.jp/store/ikebukuro/,03-5950-2855,"2024-02-29 木曜日 9時30分～23時30分
2024-03-01 金曜日 9時30分～23時30分
2024-03-02 土曜日 10時00分～22時00分
2024-03-03 日曜日 10時00分～22時00分
2024-03-04 月曜日 9時30分～23時30分
2024-03-05 火曜日 9時30分～23時30分
2024-03-06 水曜日 9時30分～23時30分
",1.0,139.7114415,35.7266394,東京,池袋駅,272.0,池袋駅,1.0,豊島区,池袋,池袋|目白|大塚|巣鴨,area:池袋|station:池袋駅|feature:24h|feature:midnight,0,,0
NOAバレエスクール 都立大校,〒152-0031 東京都目黒区中根１丁目７-２３ ＳＴビル 2F,,http://www.noaballet.jp/,03-3725-3001,"2024-02-29 木曜日 10時30分～23時30分
2024-03-01 金曜日 10時30分～23時30分
2024-03-02 土曜日 10時30分～23時30分
2024-03-03 日曜日 10時30分～23時30分
2024-03-04 月曜日 10時30分～23時30分
2024-03-05 火曜日 10時30分～23時30分
2024-03-06 水曜日 10時30分～23時30分
",1.0,139.674669,35.6176921,東京,都立大学駅,156.0,都立大学駅|自由が丘駅|緑が丘駅|大岡山駅|奥沢駅|学芸大学駅|九品仏駅|洗足駅,0.0,目黒区,中目黒,中目黒,area:中目黒|feature:24h|feature:midnight,0,,0
NSH MAJOR RENTAL STUDIO,〒153-0051 東京都目黒区上目黒３丁目６-１８ TYビル9階 Tyビル,,https://studiomajor.jp/,03-5734-1040,"2024-02-29 木曜日 24 時間営業
2024-03-01 金曜日 24 時間営業
2024-03-02 土曜日 24 時間営業
2024-03-03 日曜日 24 時間営業
2024-03-04 月曜日 24 時間営業
2024-03-05 火曜日 24 時間営業
2024-03-06 水曜日 24 時間営業
",1.0,139.6970953,35.6429867,東京,中目黒駅,205.0,中目黒駅|代官山駅|祐天寺駅|恵比寿駅|池尻大橋駅|神泉駅|渋谷駅|学芸大学駅|目黒駅,0.0,目黒区,中目黒,中目黒,area:中目黒|feature:24h|feature:midnight,0,,0
ＯＤＦ 大治レンタルダンスフロア,〒490-1142 愛知県海部郡大治町三本木金久７０,,https://www.go-odf.com/,080-1579-3772,"2024-02-29 木曜日 24 時間営業
2024-03-01 金曜日 24 時間営業
2024-03-02 土曜日 24 時間営業
2024-03-03 日曜日 24 時間営業
2024-03-04 月曜日 24 時間営業
2024-03-05 火曜日 24 時間営業
2024-03-06 水曜日 24 時間営業
",1.0,136.818356,35.1671584,東京,なし,,,0.0,その他,その他,その他,feature:24h|feature:midnight,0,,0
okayレンタルスタジオ(ダンス、楽器練習スタジオ),〒761-1703 香川県高松市香川町浅野69-２,,https://sites.google.com/view/okayrental,090-7783-2101,"2024-02-29 木曜日 24 時間営業
2024-03-01 金曜日 24 時間営業
2024-03-02 土曜日 24 時間営業
2024-03-03 日曜日 24 時間営業
2024-03-04 月曜日 24 時間営業
2024-03-05 火曜日 24 時間営業
2024-03-06 水曜日 24 時間営業
",1.0,134.041055,34.2719847,東京,空港通り駅,1231.0,空港通り駅|仏生山駅,0.0,その他,その他,その他,feature:24h|feature:midnight,0,,0
OKUTAMA＋,〒198-0102 東京都西多摩郡奥多摩町川井５９４,,https://okutamaplus.com/,0428-85-8575,チェックイン時間: 15:00 チェックアウト時間: 10:00,1.0,139.1588831,35.811255,東京,川井駅,544.0,川井駅|古里駅,0.0,東京都,東京,東京,area:東京,0,,0
OnePlace Dance Studio,〒111-0053 東京都台東区浅草橋３丁目１９-２ 地下1階 冨士ビル,,https://one-place-llc.wixsite.com/oneplace,03-5825-4043,"2024-02-29 木曜日 24 時間営業
2024-03-01 金曜日 24 時間営業
2024-03-02 土曜日 24 時間営業
2024-03-03 日曜日 24 時間営業
2024-03-04 月曜日 24 時間営業
2024-03-05 火曜日 24 時間営業
2024-03-06 水曜日 24 時間営業
",1.0,139.7874996,35.7006686,東京,蔵前駅,600.0,蔵前駅,1.0,台東区,上野,上野|浅草|御徒町|蔵前,area:上野|station:蔵前駅|feature:24h|feature:midnight,0,,0
ENJOINT DANCE CLUB中目黒,〒153-0051 東京都目黒区上目黒１丁目５-１０ 中目黒マンション B1,,https://www.enjoint.tokyo/,,"2024-02-29 木曜日 定休日
2024-03-01 金曜日 定休日
2024-03-02 土曜日 17時00分～19時00分
2024-03-03 日曜日 定休日
2024-03-04 月曜日 定休日
2024-03-05 火曜日 21時00分～22時00分
2024-03-06 水曜日 定休日
",1.0,139.7005906,35.6446775,東京,恵比寿駅,888.0,恵比寿駅,1.0,目黒区,中目黒,中目黒,area:中目黒|station:恵比寿駅|feature:24h|feature:midnight,0,,0
Pole and Aerial Studio POLISH中目黒,〒153-0051 東京都目黒区上目黒１丁目６-５ 3 階,,https://www.polish-415.com/,,"LGBTQ フレンドリー2024-02-29 木曜日 10時30分～22時00分
2024-03-01 金曜日 10時30分～22時00分
2024-03-02 土曜日 10時30分～22時00分
2024-03-03 日曜日 10時30分～22時00分
2024-03-04 月曜日 10時30分～22時00分
2024-03-05 火曜日 10時30分～22時00分
2024-03-06 水曜日 10時30分～22時00分
",1.0,139.700578,35.6453445,東京,恵比寿駅,874.0,恵比寿駅,1.0,目黒区,中目黒,中目黒,area:中目黒|station:恵比寿駅|feature:24h|feature:midnight,0,,0
PLUS DANCE STUDIO,〒169-0075 東京都新宿区高田馬場４丁目１４-４,,http://plus-dance-studio.com/,03-6908-6822,"2024-02-29 木曜日 9時00分～6時00分
2024-03-01 金曜日 9時00分～6時00分
2024-03-02 土曜日 9時00分～6時00分
2024-03-03 日曜日 9時00分～6時00分
2024-03-04 月曜日 9時00分～6時00分
2024-03-05 火曜日 9時00分～6時00分
2024-03-06 水曜日 9時00分～6時00分
",1.0,139.700825,35.712434,東京,高田馬場駅,267.0,高田馬場駅,1.0,新宿区,新宿,新宿|西新宿|高田馬場|新大久保,area:新宿|station:高田馬場駅|feature:24h|feature:midnight,0,,0
Pole and Aerial Studio Polish 銀座店,〒104-0061 東京都中央区銀座７丁目８-１３ Brown Place 3階,,https://www.polish-415.com/,03-5412-2555,"2024-02-29 木曜日 11時00分～21時00分
2024-03-01 金曜日 11時00分～21時00分
2024-03-02 土曜日 11時00分～21時00分
2024-03-03 日曜日 11時00分～21時00分
2024-03-04 月曜日 11時00分～21時00分
2024-03-05 火曜日 11時00分～21時00分
2024-03-06 水曜日 11時00分～21時00分
",1.0,139.7620231,35.668884,東京,新橋駅,428.0,新橋駅|有楽町駅,2.0,中央区,銀座,銀座|日本橋|八丁堀|月島,area:銀座|station:新橋駅|station:有楽町駅|feature:24h|feature:midnight,0,,0
Pole and Aerial Studio POLISH五反田,〒141-0031 東京都品川区西五反田１丁目５-２ トラヤビル 7階,,https://www.polish-415.com/,03-6420-0535,"LGBTQ フレンドリー2024-02-29 木曜日 11時00分～21時00分
2024-03-01 金曜日 11時00分～21時00分
2024-03-02 土曜日 11時00分～21時00分
2024-03-03 日曜日 11時00分～21時00分
2024-03-04 月曜日 11時00分～21時00分
2024-03-05 火曜日 11時00分～21時00分
2024-03-06 水曜日 11時00分～21時00分
",1.0,139.7235874,35.6254433,東京,五反田駅,112.0,五反田駅|大崎駅|目黒駅,3.0,品川区,品川,品川|五反田|大井町|目黒,area:品川|station:五反田駅|station:大崎駅|station:目黒駅|feature:24h|feature:midnight,0,,0
Pole and Aerial Studio POLISH六本木,〒106-0032 東京都港区六本木７丁目１２-３,,http://www.polish-415.com/,03-5412-2555,"LGBTQ フレンドリー2024-02-29 木曜日 11時30分～21時00分
2024-03-01 金曜日 11時30分～21時00分
2024-03-02 土曜日 11時30分～21時00分
2024-03-03 日曜日 11時30分～21時00分
2024-03-04 月曜日 11時30分～21時00分
2024-03-05 火曜日 11時30分～21時00分
2024-03-06 水曜日 11時30分～21時00分
",1.0,139.7305834,35.6644048,東京,六本木駅,187.0,六本木駅|青山一丁目駅|麻布十番駅,3.0,港区,六本木,六本木|赤坂|麻布|新橋,area:六本木|station:六本木駅|station:青山一丁目駅|station:麻布十番駅|feature:24h|feature:midnight,0,,0
Pole Dance Tokyo ポールダンス東京,〒107-0052 東京都港区赤坂３丁目１６-８ 東海アネックスビルB1,,http://www.poledancetokyo.com/,03-5941-8998,"オーナーが女性と確認されたビジネス2024-02-29 木曜日 10時00分～22時00分
2024-03-01 金曜日 10時00分～22時00分
2024-03-02 土曜日 10時00分～22時00分
2024-03-03 日曜日 10時00分～22時00分
2024-03-04 月曜日 10時00分～22時00分
2024-03-05 火曜日 10時00分～22時00分
2024-03-06 水曜日 10時00分～22時00分
",1.0,139.736309,35.674829,東京,赤坂駅,150.0,赤坂駅|青山一丁目駅,2.0,港区,六本木,六本木|赤坂|麻布|新橋,area:六本木|station:赤坂駅|station:青山一丁目駅|feature:24h|feature:midnight,0,,0
STUDIO A1-04（レンタルスタジオ）,〒150-0021 東京都渋谷区恵比寿西１丁目１４-３ 満栄佐藤ビル 2階 202号室,,,,"2024-02-29 木曜日 7時00分～0時00分
2024-03-01 金曜日 7時00分～0時00分
2024-03-02 土曜日 7時00分～0時00分
2024-03-03 日曜日 7時00分～0時00分
2024-03-04 月曜日 7時00分～0時00分
2024-03-05 火曜日 7時00分～0時00分
2024-03-06 水曜日 7時00分～0時00分
",1.0,139.707883,35.6477273,東京,恵比寿駅,232.0,恵比寿駅,1.0,渋谷区,渋谷,渋谷|恵比寿|代官山|原宿,area:渋谷|station:恵比寿駅|feature:24h|feature:midnight,0,,0
谷淑江スペイン舞踊スタジオ DANZARTE（ダンサルテ）,〒150-0013 東京都渋谷区恵比寿１丁目１６-28-2F ＴＫビル,,http://www.danzarte.xyz/,,,1.0,139.7131881,35.6479477,東京,恵比寿駅,312.0,恵比寿駅,1.0,渋谷区,渋谷,渋谷|恵比寿|代官山|原宿,area:渋谷|station:恵比寿駅,0,,0
Brighton Studio Daikanyama,〒150-0032 東京都渋谷区鶯谷町１-２ PAL bldg 3F&RF,,https://www.projectofbrighton.com/,,"2024-02-29 木曜日 9時00分～23時00分
2024-03-01 金曜日 9時00分～23時00分
2024-03-02 土曜日 9時00分～23時00分
2024-03-03 日曜日 9時00分～23時00分
2024-03-04 月曜日 9時00分～23時00分
2024-03-05 火曜日 9時00分～23時00分
2024-03-06 水曜日 9時00分～23時00分
",1.0,139.7049598,35.6536859,東京,渋谷駅,569.0,渋谷駅|恵比寿駅,2.0,渋谷区,渋谷,渋谷|恵比寿|代官山|原宿,area:渋谷|station:渋谷駅|station:恵比寿駅|feature:24h|feature:midnight,0,,0
TEDDY?S BALANCE,〒150-0034 東京都渋谷区代官山町１３-１ ログロード代官山 L３棟２F,,https://ted-balance.com/,,"2024-02-29 木曜日 10時00分～21時30分
2024-03-01 金曜日 10時00分～21時30分
2024-03-02 土曜日 9時30分～16時00分
2024-03-03 日曜日 9時30分～16時00分
2024-03-04 月曜日 10時00分～21時30分
2024-03-05 火曜日 10時00分～21時30分
2024-03-06 水曜日 10時00分～21時30分
",1.0,139.705243,35.6506361,東京,恵比寿駅,621.0,恵比寿駅|渋谷駅,2.0,渋谷区,渋谷,渋谷|恵比寿|代官山|原宿,area:渋谷|station:恵比寿駅|station:渋谷駅|feature:24h|feature:midnight,0,,0
スタジオ白猫屋 経堂R店,〒156-0052 東京都世田谷区経堂１丁目１１-１３ 長島ビル 3Ｆ,,https://soyokaze-shironekoya.jp/kyodor.html,,"2024-02-29 木曜日 6時00分～0時00分
2024-03-01 金曜日 6時00分～0時00分
2024-03-02 土曜日 6時00分～0時00分
2024-03-03 日曜日 6時00分～0時00分
2024-03-04 月曜日 6時00分～0時00分
2024-03-05 火曜日 6時00分～0時00分
2024-03-06 水曜日 6時00分～0時00分
",1.0,139.6370267,35.6493874,東京,経堂駅,203.0,経堂駅|宮の坂駅|山下駅|豪徳寺駅|上町駅|千歳船橋駅|松原駅|世田谷駅|梅ヶ丘駅|松陰神社前駅,0.0,世田谷区,下北沢,下北沢|三軒茶屋|二子玉川|自由が丘,area:下北沢|feature:24h|feature:midnight,0,,0
リリィ スタジオ&カフェ レンタルカフェ,〒156-0052 東京都世田谷区経堂２丁目７-１４-１０２,,,,"2024-02-29 木曜日 10時00分～23時00分
2024-03-01 金曜日 10時00分～23時00分
2024-03-02 土曜日 10時00分～23時00分
2024-03-03 日曜日 10時00分～23時00分
2024-03-04 月曜日 10時00分～23時00分
2024-03-05 火曜日 定休日
2024-03-06 水曜日 10時00分～23時00分
",1.0,139.6350161,35.6530552,東京,経堂駅,261.0,経堂駅|松原駅|山下駅|宮の坂駅|豪徳寺駅|千歳船橋駅|上町駅|下高井戸駅|桜上水駅|梅ヶ丘駅,0.0,世田谷区,下北沢,下北沢|三軒茶屋|二子玉川|自由が丘,area:下北沢|feature:24h|feature:midnight,0,,0
RAISE UP STUDIO 自由が丘 レンタルスタジオ,〒152-0035 東京都目黒区自由が丘１丁目３-22-B1,,http://www.raiseup-studio.com/,03-6421-2448,"2024-02-29 木曜日 24 時間営業
2024-03-01 金曜日 24 時間営業
2024-03-02 土曜日 24 時間営業
2024-03-03 日曜日 24 時間営業
2024-03-04 月曜日 24 時間営業
2024-03-05 火曜日 24 時間営業
2024-03-06 水曜日 24 時間営業
",1.0,139.6705801,35.6095104,東京,自由が丘駅,288.0,自由が丘駅,1.0,目黒区,中目黒,中目黒,area:中目黒|station:自由が丘駅|feature:24h|feature:midnight,0,,0
RE:STUDIO body&life,〒215-0021 神奈川県川崎市麻生区上麻生５丁目３８-７ 東和サープラス柿生 211号室,,https://www.re-studio-bodylife.com/?utm_source=google&utm_medium=wix_google_business_profile&utm_campaign=8724145320600633228,044-455-5675,"2024-02-29 木曜日 9時00分～15時00分
2024-03-01 金曜日 9時00分～20時30分
2024-03-02 土曜日 9時00分～17時00分
2024-03-03 日曜日 9時00分～15時00分
2024-03-04 月曜日 9時00分～19時00分
2024-03-05 火曜日 9時00分～21時00分
2024-03-06 水曜日 9時00分～21時00分
",1.0,139.4983759,35.5902244,東京,柿生駅,61.0,柿生駅|五月台駅|新百合ヶ丘駅|鶴川駅,0.0,その他,その他,その他,feature:24h|feature:midnight,0,,0
REDEIC DANCE STUDIO,〒146-0092 東京都大田区下丸子３丁目２５-５,,http://redeic.info/,080-3455-4455,"LGBTQ フレンドリー2024-02-29 木曜日 12時00分～21時30分
2024-03-01 金曜日 10時00分～22時00分
2024-03-02 土曜日 8時45分～21時00分
2024-03-03 日曜日 10時45分～17時30分
2024-03-04 月曜日 10時00分～21時00分
2024-03-05 火曜日 10時30分～21時00分
2024-03-06 水曜日 10時30分～21時00分
",1.0,139.6840406,35.5685754,東京,下丸子駅,334.0,下丸子駅|武蔵新田駅|千鳥町駅|鵜の木駅|久が原駅|平間駅|向河原駅|矢口渡駅|池上駅|御嶽山駅,0.0,大田区,蒲田,蒲田,area:蒲田|feature:24h|feature:midnight,0,,0
レンタルスタジオ スタジオザルツ,〒157-0065 東京都世田谷区上祖師谷１丁目３６-５ ル・クレール 地下一階,,https://studio-salz.com/chitokara/,,"2024-02-29 木曜日 7時00分～23時00分
2024-03-01 金曜日 7時00分～23時00分
2024-03-02 土曜日 7時00分～23時00分
2024-03-03 日曜日 7時00分～23時00分
2024-03-04 月曜日 7時00分～23時00分
2024-03-05 火曜日 7時00分～23時00分
2024-03-06 水曜日 7時00分～23時00分
",1.0,139.5996942,35.666692,東京,千歳烏山駅,216.0,千歳烏山駅|芦花公園駅|仙川駅|八幡山駅,0.0,世田谷区,下北沢,下北沢|三軒茶屋|二子玉川|自由が丘,area:下北沢|feature:24h|feature:midnight,0,,0
Refinement リファインメント PBT専門スタジオ,,,,080-5958-1808,"LGBTQ フレンドリー2024-02-29 木曜日 定休日
2024-03-01 金曜日 12時15分～13時45分
2024-03-02 土曜日 10時30分～12時00分
2024-03-03 日曜日 10時30分～12時00分
2024-03-04 月曜日 定休日
2024-03-05 火曜日 定休日
2024-03-06 水曜日 定休日
",1.0,139.4533678,35.6642284,東京,中河原駅,656.0,中河原駅|西府駅|分倍河原駅|聖蹟桜ヶ丘駅,0.0,その他,その他,その他,feature:24h|feature:midnight,0,,0
Rei Dance Collection 駅前校,〒150-0002 東京都渋谷区渋谷３丁目２８-７ 青ビル B1F,,http://www.rei-dance.com/,03-6427-2719,"2024-02-29 木曜日 11時30分～22時30分
2024-03-01 金曜日 11時00分～22時30分
2024-03-02 土曜日 10時30分～22時00分
2024-03-03 日曜日 9時30分～21時00分
2024-03-04 月曜日 12時30分～22時30分
2024-03-05 火曜日 11時30分～22時30分
2024-03-06 水曜日 11時30分～22時30分
",1.0,139.7043753,35.6561513,東京,渋谷駅,324.0,渋谷駅|恵比寿駅,2.0,渋谷区,渋谷,渋谷|恵比寿|代官山|原宿,area:渋谷|station:渋谷駅|station:恵比寿駅|feature:24h|feature:midnight,0,,0
Rei Dance Collection 本校,〒150-0031 東京都渋谷区桜丘町２９-３５ パーソンズビル地下1階,,http://www.rei-dance.com/,03-3462-0844,"2024-02-29 木曜日 11時00分～22時30分
2024-03-01 金曜日 11時00分～22時30分
2024-03-02 土曜日 11時00分～22時30分
2024-03-03 日曜日 11時00分～22時30分
2024-03-04 月曜日 11時00分～22時30分
2024-03-05 火曜日 11時00分～22時30分
2024-03-06 水曜日 11時00分～22時30分
",1.0,139.6990355,35.6550208,東京,渋谷駅,409.0,渋谷駅,1.0,渋谷区,渋谷,渋谷|恵比寿|代官山|原宿,area:渋谷|station:渋谷駅|feature:24h|feature:midnight,0,,0
rjspace外苑前駅4番出口,〒107-0062 東京都港区南青山２丁目１４-１７ アートメイク・トキ 美容室内 ジョワレ南青山 第18吉田ビル 2F,,http://rjspace.com/,,,1.0,139.7202996,35.6703785,東京,外苑前駅,247.0,外苑前駅|青山一丁目駅|表参道駅,3.0,港区,六本木,六本木|赤坂|麻布|新橋,area:六本木|station:外苑前駅|station:青山一丁目駅|station:表参道駅,0,,0
レンタルスタジオSunny 高田馬場1号店,〒169-0075 東京都新宿区高田馬場４丁目１-５ 5F,,https://11dance.com/,,"2024-02-29 木曜日 8時00分～6時00分
2024-03-01 金曜日 8時00分～6時00分
2024-03-02 土曜日 8時00分～6時00分
2024-03-03 日曜日 8時00分～6時00分
2024-03-04 月曜日 8時00分～6時00分
2024-03-05 火曜日 8時00分～6時00分
2024-03-06 水曜日 8時00分～6時00分
",1.0,139.7023259,35.7099587,東京,高田馬場駅,290.0,高田馬場駅|新大久保駅,2.0,新宿区,新宿,新宿|西新宿|高田馬場|新大久保,area:新宿|station:高田馬場駅|station:新大久保駅|feature:24h|feature:midnight,0,,0
RHYTHM STEP (幼児ダンス、キッズヒップホップダンス、レンタル),"1番地4, １丁目 緑が丘西 八千代市 千葉県 266-0046",,https://rhythmstep.amebaownd.com/,047-450-2850,"2024-02-29 木曜日 9時00分～22時30分
2024-03-01 金曜日 9時00分～22時30分
2024-03-02 土曜日 9時00分～22時30分
2024-03-03 日曜日 9時00分～22時30分
2024-03-04 月曜日 9時00分～22時30分
2024-03-05 火曜日 9時00分～22時30分
2024-03-06 水曜日 9時00分～22時30分
",1.0,140.0708058,35.7277257,東京,八千代緑が丘駅,253.0,八千代緑が丘駅|船橋日大前駅,0.0,その他,その他,その他,feature:24h|feature:midnight,0,,0
リアン 高田馬場スタジオ道順,〒171-0033 東京都豊島区高田３丁目２７-１ CLK高田ビル,,http://2nd-street.biz/,,,1.0,139.7071592,35.7156628,東京,高田馬場駅,484.0,高田馬場駅,1.0,豊島区,池袋,池袋|目白|大塚|巣鴨,area:池袋|station:高田馬場駅,0,,0
レンタルスタジオSunny高田馬場2号店,〒169-0075 東京都高田馬場１丁目３４-２ 千葉ビル 1F,,https://11dance.com/,,"2024-02-29 木曜日 9時00分～0時00分
2024-03-01 金曜日 9時00分～0時00分
2024-03-02 土曜日 9時00分～0時00分
2024-03-03 日曜日 9時00分～0時00分
2024-03-04 月曜日 9時00分～0時00分
2024-03-05 火曜日 9時00分～0時00分
2024-03-06 水曜日 9時00分～0時00分
",1.0,139.7038845,35.7117372,東京,高田馬場駅,62.0,高田馬場駅,1.0,東京都,東京,東京,area:東京|station:高田馬場駅|feature:24h|feature:midnight,0,,0
Rinky Dink Studio お茶の水 神保町店,〒101-0051 東京都千代田区 アイピー第1ビル 6F・7F・8F 神田神保町1-2-12,,https://rinky.info/studio/ochanomizu/,03-3294-6909,"2024-02-29 木曜日 9時00分～23時00分
2024-03-01 金曜日 9時00分～23時00分
2024-03-02 土曜日 9時00分～23時00分
2024-03-03 日曜日 9時00分～23時00分
2024-03-04 月曜日 9時00分～23時00分
2024-03-05 火曜日 9時00分～23時00分
2024-03-06 水曜日 9時00分～23時00分
",1.0,139.7601566,35.6962142,東京,神保町駅,231.0,神保町駅|新御茶ノ水駅|御茶ノ水駅|小川町駅|竹橋駅|九段下駅|水道橋駅|神田駅|大手町駅|岩本町駅,0.0,千代田区,秋葉原,秋葉原,area:秋葉原|feature:24h|feature:midnight,0,,0
Rinky Dink Studio 中野店,〒164-0001 東京都中野区中野２丁目２５-２ トビタビル ２階,,https://rinky.info/studio/nakano/,03-5385-0354,"2024-02-29 木曜日 24 時間営業
2024-03-01 金曜日 24 時間営業
2024-03-02 土曜日 24 時間営業
2024-03-03 日曜日 24 時間営業
2024-03-04 月曜日 24 時間営業
2024-03-05 火曜日 24 時間営業
2024-03-06 水曜日 24 時間営業
",1.0,139.6661954,35.7046022,東京,中野駅,133.0,中野駅,1.0,中野区,中野,中野,area:中野|station:中野駅|feature:24h|feature:midnight,0,,0
Rinky Dink Studio 梅ヶ丘,〒154-0022 東京都世田谷区梅丘１丁目２１-７ ３階～４階 梅丘駅前ビル,,https://rinky.info/studio/umegaoka/,03-3420-3721,"2024-02-29 木曜日 24 時間営業
2024-03-01 金曜日 24 時間営業
2024-03-02 土曜日 24 時間営業
2024-03-03 日曜日 24 時間営業
2024-03-04 月曜日 24 時間営業
2024-03-05 火曜日 24 時間営業
2024-03-06 水曜日 24 時間営業
",1.0,139.6537582,35.6556283,東京,梅ヶ丘駅,36.0,梅ヶ丘駅|豪徳寺駅|山下駅|世田谷代田駅|東松原駅|新代田駅|松原駅|宮の坂駅|若林駅|松陰神社前駅,0.0,世田谷区,下北沢,下北沢|三軒茶屋|二子玉川|自由が丘,area:下北沢|feature:24h|feature:midnight,0,,0
ヨガスタジオ Peace of Mind,〒162-0041 東京都新宿区早稲田鶴巻町５４６ 新滝沢ビル 4階,,http://www.peaceofmind.tokyo/,,,1.0,139.7276969,35.7068242,東京,江戸川橋駅,576.0,江戸川橋駅|早稲田駅|神楽坂駅|牛込柳町駅|牛込神楽坂駅|若松河田駅|護国寺駅|面影橋駅|茗荷谷駅|飯田橋駅,0.0,新宿区,新宿,新宿|西新宿|高田馬場|新大久保,area:新宿,0,,0
Risley八王子店,〒192-0085 東京都八王子市中町７-１１ 福島ビル B1,,https://hachioji-risley.space/,090-6689-2537,"LGBTQ フレンドリー2024-02-29 木曜日 24 時間営業
2024-03-01 金曜日 24 時間営業
2024-03-02 土曜日 24 時間営業
2024-03-03 日曜日 24 時間営業
2024-03-04 月曜日 24 時間営業
2024-03-05 火曜日 24 時間営業
2024-03-06 水曜日 24 時間営業
",1.0,139.3359866,35.6583642,東京,八王子駅,402.0,八王子駅,1.0,八王子市,八王子,八王子,area:八王子|station:八王子駅|feature:24h|feature:midnight,0,,0
ROJIスタジオStudioStyle+,〒160-0023 東京都新宿区西新宿７丁目１５-１４,,https://studiostyle.jp/roji-studio-b/,090-8306-7493,"2024-02-29 木曜日 24 時間営業
2024-03-01 金曜日 24 時間営業
2024-03-02 土曜日 24 時間営業
2024-03-03 日曜日 24 時間営業
2024-03-04 月曜日 24 時間営業
2024-03-05 火曜日 24 時間営業
2024-03-06 水曜日 24 時間営業",1.0,139.6977026,35.6953598,東京,西武新宿駅,265.0,西武新宿駅|新宿駅|新大久保駅,3.0,新宿区,新宿,新宿|西新宿|高田馬場|新大久保,area:新宿|station:西武新宿駅|station:新宿駅|station:新大久保駅|feature:24h|feature:midnight,0,,0
RSC MASAMI STUDIO,〒130-0013 東京都墨田区錦糸３丁目１１-１ 興和2ビル 6F,,http://www.masamistudio.com/,03-3621-8648,,1.0,139.8134456,35.6991838,東京,錦糸町駅,283.0,錦糸町駅,1.0,墨田区,錦糸町,錦糸町,area:錦糸町|station:錦糸町駅,0,,0
Ryo Dance Studio,"〒196-0015 東京都昭島市昭和町２丁目２?番, 16号, 4F",,http://dancer-ryo.com/,0428-23-8472,,1.0,139.3620482,35.7127156,東京,昭島駅,137.0,昭島駅|中神駅|西武立川駅|拝島駅,0.0,東京都,東京,東京,area:東京,0,,0
S.O.L.A.studio&bodyworks,〒439-0037 静岡県菊川市西方１２９４-１,,http://www.sola-studio.com/,0537-64-6300,"2024-02-29 木曜日 10時00分～21時00分
2024-03-01 金曜日 10時00分～21時00分
2024-03-02 土曜日 10時00分～21時00分
2024-03-03 日曜日 10時00分～21時00分
2024-03-04 月曜日 10時00分～21時00分
2024-03-05 火曜日 10時00分～21時00分
2024-03-06 水曜日 10時00分～21時00分
",1.0,138.0779099,34.7608694,東京,菊川駅,691.0,菊川駅,0.0,その他,その他,その他,feature:24h|feature:midnight,0,,0
BUZZ 高田馬場2丁目,〒169-0075 東京都新宿区高田馬場２丁目１０-１０ ミナエビル,,,,,1.0,139.7081004,35.7133813,東京,高田馬場駅,408.0,高田馬場駅,1.0,新宿区,新宿,新宿|西新宿|高田馬場|新大久保,area:新宿|station:高田馬場駅,0,,0
Sanitas（サニタス）六本木 貸切ジム＆ピラティス/ヨガスタジオ,〒106-0032 東京都港区六本木３丁目６-８ 2F・3F 谷川ビル,,https://sanitas-gym.jp/,03-5791-5252,"オーナーが女性と確認されたビジネス2024-02-29 木曜日 24 時間営業
2024-03-01 金曜日 24 時間営業
2024-03-02 土曜日 24 時間営業
2024-03-03 日曜日 24 時間営業
2024-03-04 月曜日 24 時間営業
2024-03-05 火曜日 24 時間営業
2024-03-06 水曜日 24 時間営業
",1.0,139.7363119,35.6633359,東京,六本木駅,453.0,六本木駅|麻布十番駅|赤坂駅,3.0,港区,六本木,六本木|赤坂|麻布|新橋,area:六本木|station:六本木駅|station:麻布十番駅|station:赤坂駅|feature:24h|feature:midnight,0,,0
SATOトータルダンススクール,〒120-0034 東京都足立区千住１丁目２４-６ 第２立川ビル6階,,https://satototaldance.com/,03-6806-2434,"2024-02-29 木曜日 12時00分～22時00分
2024-03-01 金曜日 12時00分～22時00分
2024-03-02 土曜日 12時00分～22時00分
2024-03-03 日曜日 定休日
2024-03-04 月曜日 12時00分～22時00分
2024-03-05 火曜日 12時00分～22時00分
2024-03-06 水曜日 12時00分～22時00分
",1.0,139.8016773,35.7471915,東京,北千住駅,433.0,北千住駅,1.0,足立区,北千住,北千住,area:北千住|station:北千住駅|feature:24h|feature:midnight,0,,0
ＳＧ ＳＴＵＤＩＯ,〒166-0012 東京都杉並区和田１丁目１-１３ Ｂ１ 入り口は川沿い,,https://www.izsound.jp/SG/index.html,03-3229-7790,"オーナーが女性と確認されたビジネス2024-02-29 木曜日 12時00分～21時00分
2024-03-01 金曜日 12時00分～21時00分
2024-03-02 土曜日 定休日
2024-03-03 日曜日 定休日
2024-03-04 月曜日 12時00分～21時00分
2024-03-05 火曜日 12時00分～21時00分
2024-03-06 水曜日 12時00分～21時00分
",1.0,139.6660926,35.6904338,東京,中野富士見町駅,77.0,中野富士見町駅|中野新橋駅|新中野駅|方南町駅|東高円寺駅|中野坂上駅|西新宿五丁目駅（清水橋）|中野駅|幡ヶ谷駅|新高円寺駅,0.0,杉並区,高円寺,高円寺,area:高円寺|feature:24h|feature:midnight,0,,0
SHAKE DANCE STUDIO 橋本校,〒252-0144 神奈川県相模原市緑区東橋本１丁目２４-２０ Ｓ．Ｇ－ＢＬＤ２,,http://www.studio-shake.com/,042-703-1809,"2024-02-29 木曜日 17時50分～22時55分
2024-03-01 金曜日 17時00分～22時55分
2024-03-02 土曜日 11時10分～22時55分
2024-03-03 日曜日 11時15分～14時45分
2024-03-04 月曜日 17時50分～22時55分
2024-03-05 火曜日 13時00分～22時55分
2024-03-06 水曜日 17時40分～21時35分
",1.0,139.3503858,35.5939076,東京,橋本駅,501.0,橋本駅|南橋本駅|多摩境駅,0.0,その他,その他,その他,feature:24h|feature:midnight,0,,0
SHAKE DANCE STUDIO 八王子校,〒192-0081 東京都八王子市横山町５-１４ ｗｉｌｌＤｏ八王子,,http://www.studio-shake.com/,042-649-8828,"2024-02-29 木曜日 17時30分～22時55分
2024-03-01 金曜日 15時35分～22時55分
2024-03-02 土曜日 10時15分～22時55分
2024-03-03 日曜日 14時05分～22時15分
2024-03-04 月曜日 16時50分～21時35分
2024-03-05 火曜日 16時40分～22時55分
2024-03-06 水曜日 16時50分～22時55分
",1.0,139.338311,35.6592581,東京,八王子駅,405.0,八王子駅,1.0,八王子市,八王子,八王子,area:八王子|station:八王子駅|feature:24h|feature:midnight,0,,0
BUZZ レンタルスタジオ 西国分寺店,〒185-0024 東京都国分寺市泉町３丁目３７-２５ 天龍ビル B1,https://dance-studio-lab.com/room/ZDcyMzBmZWYtMzdiYS00YjY0LThmOGEtZDJjMzQxNTVlZDA2/detail,,,"2024-02-29 木曜日 24 時間営業
2024-03-01 金曜日 24 時間営業
2024-03-02 土曜日 24 時間営業
2024-03-03 日曜日 24 時間営業
2024-03-04 月曜日 24 時間営業
2024-03-05 火曜日 24 時間営業
2024-03-06 水曜日 24 時間営業
",1.0,139.4645359,35.6994117,東京,西国分寺駅,117.0,西国分寺駅|恋ヶ窪駅|国分寺駅|国立駅,0.0,国分寺市,国分寺,国分寺,area:国分寺|feature:24h|feature:mirror|feature:midnight,1,https://dance-studio-lab.com/room/ZDcyMzBmZWYtMzdiYS00YjY0LThmOGEtZDJjMzQxNTVlZDA2/detail,100
レンタルスタジオ 国立リノ,〒186-0002 東京都国立市東１丁目15-22 4 国立サニービル 階C号室,,http://kunitachi-lino.linovery.com/,,"2024-02-29 木曜日 24 時間営業
2024-03-01 金曜日 24 時間営業
2024-03-02 土曜日 24 時間営業
2024-03-03 日曜日 24 時間営業
2024-03-04 月曜日 24 時間営業
2024-03-05 火曜日 24 時間営業
2024-03-06 水曜日 24 時間営業
",1.0,139.4479104,35.6974509,東京,国立駅,267.0,国立駅|西国分寺駅|谷保駅,0.0,国立市,国立,国立,area:国立|feature:24h|feature:midnight,0,,0
エコール・ド・バレエ・エタンセル,〒186-0002 東京都国立市東１丁目15-２２ 国立サニービル 4F B号室,,https://etincelle-ballet.com/,,,1.0,139.4479104,35.6974509,東京,国立駅,267.0,国立駅|西国分寺駅|谷保駅,0.0,国立市,国立,国立,area:国立,0,,0
STUDIO CHACHA,〒187-0035 東京都小平市小川西町４丁目１４-２２,,,,,1.0,139.4627654,35.7365249,東京,小川駅,133.0,小川駅|新小平駅|八坂駅|萩山駅|青梅街道駅|鷹の台駅|久米川駅,0.0,小平市,小平,小平,area:小平,0,,0
SIM STUDIO 西新井,〒123-0872 東京都足立区江北７丁目２７-６ ＩＥＰＪＡＰＡＮ,,https://www.sim-nishiarai.com/,0120-154-646,"2024-02-29 木曜日 10時00分～18時00分
2024-03-01 金曜日 10時00分～18時00分
2024-03-02 土曜日 定休日
2024-03-03 日曜日 定休日
2024-03-04 月曜日 10時00分～18時00分
2024-03-05 火曜日 10時00分～18時00分
2024-03-06 水曜日 10時00分～18時00分
",1.0,139.7647025,35.7826944,東京,西新井大師西駅,504.0,西新井大師西駅|谷在家駅|江北駅|大師前駅|舎人公園駅|高野駅,0.0,足立区,北千住,北千住,area:北千住|feature:24h|feature:midnight,0,,0
SIM STUDIOお台場,〒135-0062 東京都江東区東雲２丁目１４-３５,,https://www.sim-odaiba.com/,0120-154-646,"2024-02-29 木曜日 10時00分～18時00分
2024-03-01 金曜日 10時00分～18時00分
2024-03-02 土曜日 定休日
2024-03-03 日曜日 定休日
2024-03-04 月曜日 10時00分～18時00分
2024-03-05 火曜日 10時00分～18時00分
2024-03-06 水曜日 10時00分～18時00分
",1.0,139.7996849,35.6376904,東京,東雲駅,493.0,東雲駅|有明駅|国際展示場駅|有明テニスの森駅|東京ビッグサイト駅|辰巳駅|新豊洲駅|市場前駅|豊洲駅,0.0,江東区,豊洲,豊洲,area:豊洲|feature:24h|feature:midnight,0,,0
SK,〒192-0902 東京都八王子市上野町１７-５,,http://www.sk-dancestudio.com/,042-625-2245,,1.0,139.3286772,35.6550585,東京,八王子駅,927.0,八王子駅,1.0,八王子市,八王子,八王子,area:八王子|station:八王子駅,0,,0
カルチャースタジオ花,〒187-0003 東京都小平市花小金井南町１丁目１４-２４,,https://www.kodaira-net.jp/kd1134338/,,,1.0,139.5125733,35.722969,東京,花小金井駅,361.0,花小金井駅,0.0,小平市,小平,小平,area:小平,0,,0
SK.DANCE STUDIO 赤羽 チアダンススタジオ,〒115-0044 東京都北区赤羽南１丁目３-１ 高橋ビル 1F,,https://sk-dancestudio.themedia.jp/,080-3211-4682,,1.0,139.7228473,35.7761011,東京,赤羽駅,283.0,赤羽駅,1.0,北区,赤羽,赤羽,area:赤羽|station:赤羽駅,0,,0
SKYレンタルダンススタジオ,〒530-0028 大阪府大阪市北区万歳町３-４１ ホワイトコーポラス 104,,https://nakazakicho.skyspace.jp/,070-9096-7478,"オーナーが女性と確認されたビジネス2024-02-29 木曜日 6時00分～0時00分
2024-03-01 金曜日 6時00分～0時00分
2024-03-02 土曜日 6時00分～0時00分
2024-03-03 日曜日 6時00分～0時00分
2024-03-04 月曜日 6時00分～0時00分
2024-03-05 火曜日 6時00分～0時00分
2024-03-06 水曜日 6時00分～0時00分
",1.0,135.5046771,34.7049449,東京,中崎町駅,210.0,中崎町駅|大阪梅田駅|扇町駅|東梅田駅|梅田駅|天満駅|大阪駅|天神橋筋六丁目駅|中津駅|南森町駅,0.0,北区,赤羽,赤羽,area:赤羽|feature:24h|feature:midnight,0,,0
SORAスタジオ3,〒131-0045 東京都墨田区押上１丁目２９-２ 3,,https://os-rental.com/,03-6284-1723,"2024-02-29 木曜日 8時00分～21時00分
2024-03-01 金曜日 8時00分～21時00分
2024-03-02 土曜日 8時00分～21時00分
2024-03-03 日曜日 8時00分～21時00分
2024-03-04 月曜日 8時00分～21時00分
2024-03-05 火曜日 8時00分～21時00分
2024-03-06 水曜日 8時00分～21時00分
",1.0,139.8157816,35.7108706,東京,押上駅,468.0,押上駅,1.0,墨田区,錦糸町,錦糸町,area:錦糸町|station:押上駅|feature:24h|feature:midnight,0,,0
BUZZ レンタルスタジオ 国分寺店,〒185-0021 東京都国分寺市南町３丁目２７-７ 白馬ビル B1F,https://dance-studio-lab.com/room/ZjIzMWQ0ZjctM2ViOC00Yzg1LWExMzMtMGFkZDYwYzg1Mjhj/detail,,,"2024-02-29 木曜日 24 時間営業
2024-03-01 金曜日 24 時間営業
2024-03-02 土曜日 24 時間営業
2024-03-03 日曜日 24 時間営業
2024-03-04 月曜日 24 時間営業
2024-03-05 火曜日 24 時間営業
2024-03-06 水曜日 24 時間営業
",1.0,139.4774643,35.6993202,東京,国分寺駅,334.0,国分寺駅,1.0,国分寺市,国分寺,国分寺,area:国分寺|station:国分寺駅|feature:24h|feature:mirror|feature:midnight,1,https://dance-studio-lab.com/room/ZjIzMWQ0ZjctM2ViOC00Yzg1LWExMzMtMGFkZDYwYzg1Mjhj/detail,100
レンタルスタジオクラッセ国分寺,〒185-0021 東京都国分寺市南町３丁目１８-２ 川端ビル ４階A,,https://studio-classe.jp/,,"LGBTQ フレンドリー2024-02-29 木曜日 8時00分～23時00分
2024-03-01 金曜日 8時00分～23時00分
2024-03-02 土曜日 8時00分～23時00分
2024-03-03 日曜日 8時00分～23時00分
2024-03-04 月曜日 8時00分～23時00分
2024-03-05 火曜日 8時00分～23時00分
2024-03-06 水曜日 8時00分～23時00分
",1.0,139.4798615,35.6991526,東京,国分寺駅,179.0,国分寺駅,1.0,国分寺市,国分寺,国分寺,area:国分寺|station:国分寺駅|feature:24h|feature:midnight,0,,0
sound studio PACKS 北千住店,〒120-0034 東京都足立区千住３丁目３３ そのうビル ４Ｆ,,http://studio-packs.jp/,03-6806-2878,"2024-02-29 木曜日 24 時間営業
2024-03-01 金曜日 24 時間営業
2024-03-02 土曜日 24 時間営業
2024-03-03 日曜日 24 時間営業
2024-03-04 月曜日 24 時間営業
2024-03-05 火曜日 24 時間営業
2024-03-06 水曜日 24 時間営業
",1.0,139.8028458,35.7506026,東京,北千住駅,208.0,北千住駅,1.0,足立区,北千住,北千住,area:北千住|station:北千住駅|feature:24h|feature:midnight,0,,0
SOUTH MINT STUDIO 南青山,〒107-0062 東京都港区南青山２丁目２７-２０ B1F,,https://southmint.jp/,03-6434-9311,"LGBTQ フレンドリー2024-02-29 木曜日 24 時間営業
2024-03-01 金曜日 24 時間営業
2024-03-02 土曜日 24 時間営業
2024-03-03 日曜日 24 時間営業
2024-03-04 月曜日 24 時間営業
2024-03-05 火曜日 24 時間営業
2024-03-06 水曜日 24 時間営業
",1.0,139.7164297,35.6689556,東京,外苑前駅,167.0,外苑前駅|表参道駅|青山一丁目駅,3.0,港区,六本木,六本木|赤坂|麻布|新橋,area:六本木|station:外苑前駅|station:表参道駅|station:青山一丁目駅|feature:24h|feature:midnight,0,,0
SoyLatte STUDIO,〒141-0031 東京都品川区西五反田２丁目１７-８ 管野ビル ３F,,https://soylatte-studio.net/,090-9363-8415,"2024-02-29 木曜日 10時00分～22時00分
2024-03-01 金曜日 10時00分～22時00分
2024-03-02 土曜日 10時00分～22時00分
2024-03-03 日曜日 10時00分～22時00分
2024-03-04 月曜日 10時00分～22時00分
2024-03-05 火曜日 10時00分～22時00分
2024-03-06 水曜日 10時00分～22時00分
",1.0,139.7212037,35.6262797,東京,五反田駅,203.0,五反田駅|目黒駅|大崎駅,3.0,品川区,品川,品川|五反田|大井町|目黒,area:品川|station:五反田駅|station:目黒駅|station:大崎駅|feature:24h|feature:midnight,0,,0
SPACE BUNNY,〒289-1123 千葉県八街市滝台１１８３-１,,http://asaka-dc.com/,043-440-5554,"2024-02-29 木曜日 9時00分～21時00分
2024-03-01 金曜日 9時00分～21時00分
2024-03-02 土曜日 9時00分～21時00分
2024-03-03 日曜日 9時00分～21時00分
2024-03-04 月曜日 9時00分～21時00分
2024-03-05 火曜日 9時00分～21時00分
2024-03-06 水曜日 9時00分～21時00分
",1.0,140.3064798,35.5919165,東京,なし,,,0.0,その他,その他,その他,feature:24h|feature:midnight,0,,0
SPROUT DANCE STUDIO 梅田店,〒530-0026 大阪府大阪市北区神山町１-１５ ＴＲＵＳＴ ＢＵＩＬＤＩＮＧ 1 階,,https://www.sprout-dance.com/,06-6365-6288,"2024-02-29 木曜日 24 時間営業
2024-03-01 金曜日 24 時間営業
2024-03-02 土曜日 24 時間営業
2024-03-03 日曜日 24 時間営業
2024-03-04 月曜日 24 時間営業
2024-03-05 火曜日 24 時間営業
2024-03-06 水曜日 24 時間営業
",1.0,135.5063205,34.7028747,東京,扇町駅,428.0,扇町駅|中崎町駅|天満駅|東梅田駅|南森町駅|大阪梅田駅|梅田駅|大阪駅|天神橋筋六丁目駅|北新地駅,0.0,北区,赤羽,赤羽,area:赤羽|feature:24h|feature:midnight,0,,0
sr pilates studio 代々木公園,〒151-0063 東京都渋谷区富ケ谷１丁目１６-３ 富ヶ谷ハイツ 303,,https://coubic.com/srpilates/613653,03-5572-7552,"2024-02-29 木曜日 6時00分～0時00分
2024-03-01 金曜日 6時00分～0時00分
2024-03-02 土曜日 6時00分～0時00分
2024-03-03 日曜日 6時00分～0時00分
2024-03-04 月曜日 6時00分～0時00分
2024-03-05 火曜日 6時00分～0時00分
2024-03-06 水曜日 6時00分～0時00分
",1.0,139.6927527,35.6664319,東京,原宿駅,989.0,原宿駅,1.0,渋谷区,渋谷,渋谷|恵比寿|代官山|原宿,area:渋谷|station:原宿駅|feature:24h|feature:midnight,0,,0
Starnite Dance Studio,〒260-0013 千葉県千葉市中央区中央３丁目４-１７ Gaビル 3F,,https://www.starnite-danceschool.com/,043-224-6160,"2024-02-29 木曜日 12時00分～19時00分
2024-03-01 金曜日 12時00分～19時00分
2024-03-02 土曜日 12時00分～19時00分
2024-03-03 日曜日 12時00分～19時00分
2024-03-04 月曜日 12時00分～19時00分
2024-03-05 火曜日 12時00分～19時00分
2024-03-06 水曜日 12時00分～19時00分
",1.0,140.1218597,35.6089529,東京,葭川公園駅,160.0,葭川公園駅|千葉中央駅|栄町駅|県庁前駅|京成千葉駅|本千葉駅|東千葉駅|千葉駅|千葉公園駅|市役所前駅,0.0,中央区,銀座,銀座|日本橋|八丁堀|月島,area:銀座|feature:24h|feature:midnight,0,,0
STRADA STUDIO,〒179-0071 東京都練馬区旭町１丁目８-１ ３F,,https://stradastudio1.wixsite.com/strada,080-4936-3660,"オーナーが女性と確認されたビジネス2024-02-29 木曜日 9時00分～23時30分
2024-03-01 金曜日 9時00分～23時30分
2024-03-02 土曜日 24 時間営業
2024-03-03 日曜日 24 時間営業
2024-03-04 月曜日 9時00分～23時30分
2024-03-05 火曜日 9時00分～23時30分
2024-03-06 水曜日 9時00分～23時30分
",1.0,139.6202895,35.7620304,東京,光が丘駅,873.0,光が丘駅|地下鉄成増駅,0.0,練馬区,練馬,練馬,area:練馬|feature:24h|feature:midnight,0,,0
studio ∞ Fi (スタジオ フィー),〒214-0022 神奈川県川崎市多摩区堰２丁目４-６,,https://www.studio-fi-dance.com/,070-1576-7272,"2024-02-29 木曜日 9時00分～22時00分
2024-03-01 金曜日 9時00分～22時00分
2024-03-02 土曜日 9時00分～22時00分
2024-03-03 日曜日 9時00分～22時00分
2024-03-04 月曜日 9時00分～22時00分
2024-03-05 火曜日 9時00分～22時00分
2024-03-06 水曜日 9時00分～22時00分
",1.0,139.5923272,35.6139634,東京,久地駅,374.0,久地駅|宿河原駅|津田山駅,0.0,その他,その他,その他,feature:24h|feature:midnight,0,,0
25 DANCE SPOT(ニコスポ),〒213-0002 神奈川県川崎市高津区二子４丁目８-２１ プリモクラッセ高津 B1階,,https://nimonoinc.com/25dancespot,,"2024-02-29 木曜日 定休日
2024-03-01 金曜日 17時00分～20時30分
2024-03-02 土曜日 14時00分～16時00分
2024-03-03 日曜日 定休日
2024-03-04 月曜日 定休日
2024-03-05 火曜日 定休日
2024-03-06 水曜日 定休日
",1.0,139.6191275,35.6028194,東京,高津駅,178.0,高津駅|二子新地駅|溝の口駅|武蔵溝ノ口駅|二子玉川駅|梶が谷駅|津田山駅|武蔵新城駅,0.0,その他,その他,その他,feature:24h|feature:midnight,0,,0
studio 001,〒115-0055 東京都北区２３ 東京都北区 赤羽西3-23-1 001,,,090-2627-9751,"2024-02-29 木曜日 9時00分～22時00分
2024-03-01 金曜日 9時00分～22時00分
2024-03-02 土曜日 9時00分～22時00分
2024-03-03 日曜日 9時00分～22時00分
2024-03-04 月曜日 9時00分～22時00分
2024-03-05 火曜日 9時00分～22時00分
2024-03-06 水曜日 9時00分～22時00分
",1.0,139.7178456,35.7693285,東京,赤羽駅,901.0,赤羽駅,1.0,北区,赤羽,赤羽,area:赤羽|station:赤羽駅|feature:24h|feature:midnight,0,,0
studio arty 高田馬場,〒169-0075 東京都新宿区高田馬場３丁目５-３ 第90東京ビル ２F,,https://studio-arty.com/,080-1252-3188,"LGBTQ フレンドリー2024-02-29 木曜日 24 時間営業
2024-03-01 金曜日 24 時間営業
2024-03-02 土曜日 24 時間営業
2024-03-03 日曜日 24 時間営業
2024-03-04 月曜日 24 時間営業
2024-03-05 火曜日 24 時間営業
2024-03-06 水曜日 24 時間営業
",1.0,139.7031305,35.7146558,東京,高田馬場駅,270.0,高田馬場駅,1.0,新宿区,新宿,新宿|西新宿|高田馬場|新大久保,area:新宿|station:高田馬場駅|feature:24h|feature:midnight,0,,0
Studio B,〒153-0041 東京都目黒区駒場３丁目５-６,,http://www.photo-studiob.com/,03-6407-9915,"2024-02-29 木曜日 9時00分～20時00分
2024-03-01 金曜日 9時00分～20時00分
2024-03-02 土曜日 9時00分～20時00分
2024-03-03 日曜日 9時00分～20時00分
2024-03-04 月曜日 9時00分～20時00分
2024-03-05 火曜日 9時00分～20時00分
2024-03-06 水曜日 9時00分～20時00分
",1.0,139.6880549,35.6575683,東京,池尻大橋駅,859.0,池尻大橋駅,1.0,目黒区,中目黒,中目黒,area:中目黒|station:池尻大橋駅|feature:24h|feature:midnight,0,,0
Studio ballet with...,〒104-0041 東京都中央区新富１丁目３-１６ 第２アサヒビル １階,,https://balletwithyou.com/,070-3786-8505,,1.0,139.7731853,35.6734502,東京,有楽町駅,908.0,有楽町駅|東京駅,2.0,中央区,銀座,銀座|日本橋|八丁堀|月島,area:銀座|station:有楽町駅|station:東京駅,0,,0
Studio BLANZ,〒170-0011 東京都豊島区池袋本町４丁目４５-１ 1F&B1F 芙蓉ビル,,,070-6477-9409,,1.0,139.7172923,35.7448397,東京,板橋駅,236.0,板橋駅|下板橋駅|北池袋駅|新板橋駅|板橋区役所前駅|西巣鴨駅|新庚申塚駅|庚申塚駅|巣鴨新田駅|西ヶ原四丁目駅,0.0,豊島区,池袋,池袋|目白|大塚|巣鴨,area:池袋,0,,0
STUDIO BUZZ 相模原校,〒252-0239 神奈川県相模原市中央区中央５丁目１-２ ベルドールコート B1,,,042-851-3015,"2024-02-29 木曜日 15時30分～21時00分
2024-03-01 金曜日 16時00分～21時00分
2024-03-02 土曜日 13時00分～21時00分
2024-03-03 日曜日 定休日
2024-03-04 月曜日 16時00分～22時00分
2024-03-05 火曜日 17時00分～21時00分
2024-03-06 水曜日 17時00分～21時00分
",1.0,139.3649172,35.5722333,東京,相模原駅,1156.0,相模原駅|南橋本駅|上溝駅|矢部駅,0.0,中央区,銀座,銀座|日本橋|八丁堀|月島,area:銀座|feature:24h|feature:midnight,0,,0
桜新町studio,〒154-0015 東京都世田谷区桜新町１丁目３３-１３,,https://www.instabase.jp/space/2094,,,1.0,139.6433963,35.6275974,東京,桜新町駅,469.0,桜新町駅|用賀駅|駒沢大学駅|上野毛駅|上町駅|世田谷駅,0.0,世田谷区,下北沢,下北沢|三軒茶屋|二子玉川|自由が丘,area:下北沢,0,,0
レンタルスタジオマイレッスン 三軒茶屋店,〒154-0024 東京都世田谷区三軒茶屋１丁目３０-９,,http://www.my-lesson.jp/,,"2024-02-29 木曜日 24 時間営業
2024-03-01 金曜日 24 時間営業
2024-03-02 土曜日 24 時間営業
2024-03-03 日曜日 24 時間営業
2024-03-04 月曜日 24 時間営業
2024-03-05 火曜日 24 時間営業
2024-03-06 水曜日 24 時間営業
",1.0,139.6697835,35.6416397,東京,三軒茶屋駅,235.0,三軒茶屋駅,1.0,世田谷区,下北沢,下北沢|三軒茶屋|二子玉川|自由が丘,area:下北沢|station:三軒茶屋駅|feature:24h|feature:midnight,0,,0
STUDIO COCORO（スタジオココロ）- 新宿代々木のレンタルスペース&ダンススタジオ - 数々のイベントやメディアに出演,〒151-0053 東京都渋谷区代々木３丁目９-１１,,http://studio-cocoro.tokyo/,080-7632-2020,"2024-02-29 木曜日 24 時間営業
2024-03-01 金曜日 24 時間営業
2024-03-02 土曜日 24 時間営業
2024-03-03 日曜日 24 時間営業
2024-03-04 月曜日 24 時間営業
2024-03-05 火曜日 24 時間営業
2024-03-06 水曜日 24 時間営業",1.0,139.6960234,35.6838781,東京,代々木駅,551.0,代々木駅|新宿駅,2.0,渋谷区,渋谷,渋谷|恵比寿|代官山|原宿,area:渋谷|station:代々木駅|station:新宿駅|feature:24h|feature:midnight,0,,0
レンタルスタジオKACHA,〒158-0097 東京都世田谷区用賀２丁目３８-１４ 天虎ビル 202,,,,"2024-02-29 木曜日 9時00分～22時00分
2024-03-01 金曜日 9時00分～22時00分
2024-03-02 土曜日 9時00分～22時00分
2024-03-03 日曜日 9時00分～22時00分
2024-03-04 月曜日 9時00分～22時00分
2024-03-05 火曜日 9時00分～22時00分
2024-03-06 水曜日 9時00分～22時00分
",1.0,139.6350277,35.626978,東京,用賀駅,130.0,用賀駅|桜新町駅|上野毛駅|二子玉川駅,0.0,世田谷区,下北沢,下北沢|三軒茶屋|二子玉川|自由が丘,area:下北沢|feature:24h|feature:midnight,0,,0
duobus studio｜デュオバススタジオ,〒190-0001 東京都立川市高松町２丁目１７-３ 清水ビル 302,,,,"2024-02-29 木曜日 24 時間営業
2024-03-01 金曜日 24 時間営業
2024-03-02 土曜日 24 時間営業
2024-03-03 日曜日 24 時間営業
2024-03-04 月曜日 24 時間営業
2024-03-05 火曜日 24 時間営業
2024-03-06 水曜日 24 時間営業
",1.0,139.4217688,35.7069871,東京,立川駅,1242.0,立川駅|西国立駅,0.0,立川市,立川,立川,area:立川|feature:24h|feature:midnight,0,,0
Studio Crucial スタジオ クルーシャル,〒202-0014 東京都西東京市富士町４丁目１７-６ B1,,https://studio-crucial.com/,050-5362-6010,"2024-02-29 木曜日 24 時間営業
2024-03-01 金曜日 24 時間営業
2024-03-02 土曜日 24 時間営業
2024-03-03 日曜日 24 時間営業
2024-03-04 月曜日 24 時間営業
2024-03-05 火曜日 24 時間営業
2024-03-06 水曜日 24 時間営業
",1.0,139.5651409,35.7292085,東京,東伏見駅,100.0,東伏見駅|武蔵関駅|西武柳沢駅,0.0,西東京市,ひばりヶ丘,ひばりヶ丘,area:ひばりヶ丘|feature:24h|feature:midnight,0,,0
STUDIO DANCE ALIVE 河原町本校,〒600-8029 京都府京都市下京区西橋詰町７６２ 7F,,http://www.dance-alive.com/,075-361-3311,"2024-02-29 木曜日 12時00分～21時30分
2024-03-01 金曜日 13時30分～22時30分
2024-03-02 土曜日 10時00分～16時30分
2024-03-03 日曜日 定休日
2024-03-04 月曜日 15時30分～21時30分
2024-03-05 火曜日 10時30分～21時30分
2024-03-06 水曜日 13時00分～21時30分
",1.0,135.7671031,34.9970382,東京,清水五条駅,184.0,清水五条駅|京阪電車祇園四条駅|五条駅|京都河原町駅|七条駅|祇園四条駅|京阪電車 七条駅|四条駅|烏丸駅|駅ナカスイーツ 西店,0.0,その他,その他,その他,feature:24h|feature:midnight,0,,0
Studio EFU（スタジオ エフ）,〒185-0012 東京都国分寺市本町２丁目２-１１ 鳥越ビル Ｂ１,,http://www.studio-efu.com/,042-323-8066,"2024-02-29 木曜日 11時00分～22時00分
2024-03-01 金曜日 11時00分～22時00分
2024-03-02 土曜日 11時00分～22時00分
2024-03-03 日曜日 11時00分～22時00分
2024-03-04 月曜日 11時00分～22時00分
2024-03-05 火曜日 11時00分～22時00分
2024-03-06 水曜日 11時00分～22時00分
",1.0,139.4821706,35.7008218,東京,国分寺駅,124.0,国分寺駅,1.0,国分寺市,国分寺,国分寺,area:国分寺|station:国分寺駅|feature:24h|feature:midnight,0,,0
STUDIO ELEVATE スタジオエレベート,〒154-0024 東京都世田谷区三軒茶屋２丁目１１-２４ サンタワーズＡ 棟401,,https://studioelevate.amebaownd.com/,070-8478-3872,"2024-02-29 木曜日 9時00分～20時00分
2024-03-01 金曜日 9時00分～20時00分
2024-03-02 土曜日 9時00分～20時00分
2024-03-03 日曜日 9時00分～20時00分
2024-03-04 月曜日 9時00分～20時00分
2024-03-05 火曜日 9時00分～20時00分
2024-03-06 水曜日 9時00分～20時00分
",1.0,139.6688466,35.6413885,東京,三軒茶屋駅,265.0,三軒茶屋駅,1.0,世田谷区,下北沢,下北沢|三軒茶屋|二子玉川|自由が丘,area:下北沢|station:三軒茶屋駅|feature:24h|feature:midnight,0,,0
STUDIO ENOCH,〒183-0014 東京都府中市是政５丁目6-6 104,,https://studio-enoch.jp/,070-2832-1221,"2024-02-29 木曜日 10時00分～21時00分
2024-03-01 金曜日 10時00分～21時00分
2024-03-02 土曜日 10時00分～21時00分
2024-03-03 日曜日 10時00分～21時00分
2024-03-04 月曜日 10時00分～21時00分
2024-03-05 火曜日 10時00分～21時00分
2024-03-06 水曜日 10時00分～21時00分
",1.0,139.4891071,35.6566481,東京,是政駅,40.0,是政駅|南多摩駅|競艇場前駅|府中競馬正門前駅|東府中駅|府中本町駅|多磨霊園駅|稲城長沼駅|府中駅,0.0,府中市,府中,府中,area:府中|feature:24h|feature:midnight,0,,0
Studio ENTRADA森下ANNEX,〒130-0024 東京都墨田区菊川１丁目９-１４ ４F,,https://www.studio-entrada.com/,080-5057-5963,"2024-02-29 木曜日 9時00分～22時00分
2024-03-01 金曜日 9時00分～22時00分
2024-03-02 土曜日 9時00分～22時00分
2024-03-03 日曜日 9時00分～22時00分
2024-03-04 月曜日 9時00分～22時00分
2024-03-05 火曜日 9時00分～22時00分
2024-03-06 水曜日 9時00分～22時00分
",1.0,139.8024452,35.6884262,東京,菊川駅,332.0,菊川駅|森下駅|清澄白河駅|両国駅|住吉駅|浜町駅|錦糸町駅|東日本橋駅|水天宮前駅|馬喰横山駅,0.0,墨田区,錦糸町,錦糸町,area:錦糸町|feature:24h|feature:midnight,0,,0
Studio Face東十条店 ダンスも会議もできるレンタルスタジオ,〒114-0001 東京都北区東十条３丁目１４-１３ ジョイフルプラザ３ 3階,,https://studioface0712.com/,090-2740-0781,"2024-02-29 木曜日 24 時間営業
2024-03-01 金曜日 24 時間営業
2024-03-02 土曜日 24 時間営業
2024-03-03 日曜日 24 時間営業
2024-03-04 月曜日 24 時間営業
2024-03-05 火曜日 24 時間営業
2024-03-06 水曜日 24 時間営業
",1.0,139.7295046,35.7664997,東京,東十条駅,370.0,東十条駅|王子神谷駅|十条駅|志茂駅|赤羽駅|王子駅前駅|王子駅|飛鳥山駅,0.0,北区,赤羽,赤羽,area:赤羽|feature:24h|feature:midnight,0,,0
Studio Faith（スタジオフェイス）浦安校,〒279-0001 千葉県浦安市当代島１丁目１７-１９ 第2岡清ビル 5F,,http://www.s-faith.com/urayasu/,047-352-5747,"2024-02-29 木曜日 16時00分～23時30分
2024-03-01 金曜日 16時00分～23時30分
2024-03-02 土曜日 11時00分～23時30分
2024-03-03 日曜日 11時00分～23時30分
2024-03-04 月曜日 16時00分～23時30分
2024-03-05 火曜日 16時00分～23時30分
2024-03-06 水曜日 16時00分～23時30分
",1.0,139.8910853,35.6654239,東京,浦安駅,203.0,浦安駅|南行徳駅|葛西駅,0.0,その他,その他,その他,feature:24h|feature:midnight,0,,0
SISTERS TOKYO 立川校 【ダンススクール】,〒190-0023 東京都立川市柴崎町２丁目６-３ マイレッスン立川 Dスタジオ まるごビル 地下1階,,https://sisters-t.com/,,"2024-02-29 木曜日 9時30分～0時00分
2024-03-01 金曜日 10時00分～0時00分
2024-03-02 土曜日 9時00分～0時00分
2024-03-03 日曜日 10時00分～0時00分
2024-03-04 月曜日 10時00分～0時00分
2024-03-05 火曜日 10時00分～0時00分
2024-03-06 水曜日 10時00分～23時30分
",1.0,139.4091386,35.6969266,東京,立川駅,410.0,立川駅,1.0,立川市,立川,立川,area:立川|station:立川駅|feature:24h|feature:midnight,0,,0
studio FANTO,〒101-0032 東京都千代田区岩本町３丁目１-９ NOVEL WORK Iwamotocho B1F,,https://www.fanto.studio/,03-3866-8699,,1.0,139.7759711,35.694628,東京,秋葉原駅,478.0,秋葉原駅,1.0,千代田区,秋葉原,秋葉原,area:秋葉原|station:秋葉原駅,0,,0
STUDIO FOXTAIL,〒140-0013 東京都品川区南大井２丁目１２-１０ ライオンズマンション大森 1F,,https://28garden-studio.com/studio/foxtail/,080-7896-9973,"2024-02-29 木曜日 24 時間営業
2024-03-01 金曜日 24 時間営業
2024-03-02 土曜日 24 時間営業
2024-03-03 日曜日 24 時間営業
2024-03-04 月曜日 24 時間営業
2024-03-05 火曜日 24 時間営業
2024-03-06 水曜日 24 時間営業
",1.0,139.7362066,35.5889642,東京,大森海岸駅,156.0,大森海岸駅|大森駅|立会川駅|平和島駅|流通センター駅|鮫洲駅|大森町駅|西大井駅,0.0,品川区,品川,品川|五反田|大井町|目黒,area:品川|feature:24h|feature:midnight,0,,0
studio fusion レンタルスタジオ,〒176-0001 東京都練馬区練馬１丁目２０-３ Nビル 2F,,https://ks-works-fusion-studio-tokyo.com/,03-6914-6546,"2024-02-29 木曜日 9時00分～22時00分
2024-03-01 金曜日 9時00分～22時00分
2024-03-02 土曜日 9時00分～22時00分
2024-03-03 日曜日 9時00分～22時00分
2024-03-04 月曜日 9時00分～22時00分
2024-03-05 火曜日 9時00分～22時00分
2024-03-06 水曜日 9時00分～22時00分
",1.0,139.6558186,35.7384296,東京,練馬駅,186.0,練馬駅|桜台駅|豊島園駅|新桜台駅|新江古田駅|氷川台駅|江古田駅|中村橋駅,0.0,練馬区,練馬,練馬,area:練馬|feature:24h|feature:midnight,0,,0
STUDIO GEM GARAGE,〒164-0014 東京都中野区南台３丁目６-１７ 1F/B1F クリスタルコート８８ イマス中野,,http://gemgarage.jp/,03-6382-6985,"2024-02-29 木曜日 9時00分～22時00分
2024-03-01 金曜日 9時00分～22時00分
2024-03-02 土曜日 9時00分～22時00分
2024-03-03 日曜日 9時00分～22時00分
2024-03-04 月曜日 9時00分～22時00分
2024-03-05 火曜日 9時00分～22時00分
2024-03-06 水曜日 9時00分～22時00分
",1.0,139.668358,35.6858297,東京,中野富士見町駅,537.0,中野富士見町駅|中野新橋駅|方南町駅|幡ヶ谷駅|新中野駅|笹塚駅|西新宿五丁目駅（清水橋）|東高円寺駅|初台駅|中野坂上駅,0.0,中野区,中野,中野,area:中野|feature:24h|feature:midnight,0,,0
Studio GENIE(葛飾区お花茶屋ダンススクール),〒125-0063 東京都葛飾区白鳥３丁目１４-４,,https://studio-genie.tokyo/,080-4134-1168,"2024-02-29 木曜日 17時00分～21時00分
2024-03-01 金曜日 17時00分～21時00分
2024-03-02 土曜日 8時00分～21時00分
2024-03-03 日曜日 8時00分～21時00分
2024-03-04 月曜日 17時00分～21時00分
2024-03-05 火曜日 17時00分～21時00分
2024-03-06 水曜日 17時00分～21時00分
",1.0,139.8427741,35.7516702,東京,お花茶屋駅,513.0,お花茶屋駅|青砥駅|堀切菖蒲園駅|京成立石駅|亀有駅|綾瀬駅,0.0,葛飾区,新小岩,新小岩,area:新小岩|feature:24h|feature:midnight,0,,0
Studio growpoint,〒171-0052 東京都豊島区南長崎１丁目１-１０,,http://www.studiogrowpoint.jp/pages/787702/page_201701061209,,,1.0,139.6927246,35.7236687,東京,椎名町駅,369.0,椎名町駅|落合南長崎駅|下落合駅|中井駅|東長崎駅|要町駅|目白駅|落合駅|高田馬場駅|千川駅,0.0,豊島区,池袋,池袋|目白|大塚|巣鴨,area:池袋,0,,0
Studio H,〒150-0013 東京都渋谷区恵比寿２丁目１７-２２,,http://studioh.tokyo/,03-6447-7723,"2024-02-29 木曜日 9時00分～22時00分
2024-03-01 金曜日 9時00分～22時00分
2024-03-02 土曜日 9時00分～22時00分
2024-03-03 日曜日 9時00分～22時00分
2024-03-04 月曜日 9時00分～22時00分
2024-03-05 火曜日 9時00分～22時00分
2024-03-06 水曜日 9時00分～22時00分
",1.0,139.7188265,35.6473589,東京,恵比寿駅,791.0,恵比寿駅,1.0,渋谷区,渋谷,渋谷|恵比寿|代官山|原宿,area:渋谷|station:恵比寿駅|feature:24h|feature:midnight,0,,0
ヒカリババダンスカンパニー,〒171-0031 東京都豊島区目白２丁目１２-４,,https://hikaribaba.com/,,"2024-02-29 木曜日 16時00分～17時30分
2024-03-01 金曜日 19時00分～20時30分
2024-03-02 土曜日 10時00分～11時30分
2024-03-03 日曜日 定休日
2024-03-04 月曜日 17時00分～20時30分
2024-03-05 火曜日 11時00分～12時30分
2024-03-06 水曜日 19時00分～20時30分
",1.0,139.709392,35.721093,東京,池袋駅,876.0,池袋駅|高田馬場駅,2.0,豊島区,池袋,池袋|目白|大塚|巣鴨,area:池袋|station:池袋駅|station:高田馬場駅|feature:24h|feature:midnight,0,,0
アトリエ エマーブル,〒158-0097 東京都世田谷区用賀３丁目１８-８ セントラルSOUI103,,https://www.atelieraimable.com/,,"2024-02-29 木曜日 6時00分～23時30分
2024-03-01 金曜日 6時00分～23時30分
2024-03-02 土曜日 6時00分～23時00分
2024-03-03 日曜日 6時00分～23時30分
2024-03-04 月曜日 6時00分～23時30分
2024-03-05 火曜日 6時00分～23時30分
2024-03-06 水曜日 6時00分～23時30分
",1.0,139.6344972,35.6296603,東京,用賀駅,374.0,用賀駅|桜新町駅|上町駅,0.0,世田谷区,下北沢,下北沢|三軒茶屋|二子玉川|自由が丘,area:下北沢|feature:24h|feature:midnight,0,,0
スタジオグロウ市ヶ谷店,〒162-0846 東京都新宿区市谷左内町２７-１ イマジナビル 地下1階,,https://www.tokyo-dancelife.com/studio/kantou/tokyo/shinjuku/glow_ichigaya.html,,,1.0,139.7340235,35.6937474,東京,市ケ谷駅,335.0,市ケ谷駅|牛込神楽坂駅|四ツ谷駅|牛込柳町駅|曙橋駅|麹町駅|神楽坂駅|半蔵門駅|飯田橋駅|四谷三丁目駅,0.0,新宿区,新宿,新宿|西新宿|高田馬場|新大久保,area:新宿,0,,0
レンタルスタジオ モエギ市ヶ谷 ヨガダンスストレッチサロン Moegi市ヶ谷,〒102-0073 東京都千代田区九段北４丁目１-１５ MT市ヶ谷 201,,https://upnow.jp/fukufuku-meetingroom,,"2024-02-29 木曜日 9時00分～21時00分
2024-03-01 金曜日 9時00分～21時00分
2024-03-02 土曜日 9時00分～21時00分
2024-03-03 日曜日 9時00分～21時00分
2024-03-04 月曜日 9時00分～21時00分
2024-03-05 火曜日 9時00分～21時00分
2024-03-06 水曜日 9時00分～21時00分
",1.0,139.7390373,35.6926549,東京,市ケ谷駅,363.0,市ケ谷駅|半蔵門駅|麹町駅|牛込神楽坂駅|四ツ谷駅|九段下駅|飯田橋駅|神楽坂駅|牛込柳町駅|曙橋駅,0.0,千代田区,秋葉原,秋葉原,area:秋葉原|feature:24h|feature:midnight,0,,0
STUDIO KIRINJI,〒446-0032 愛知県安城市御幸本町７-１７ 安城壹番館４階,,http://kirinji.sakura.ne.jp/studio/,0566-72-5040,"2024-02-29 木曜日 10時00分～22時00分
2024-03-01 金曜日 10時00分～22時00分
2024-03-02 土曜日 10時00分～22時00分
2024-03-03 日曜日 10時00分～22時00分
2024-03-04 月曜日 10時00分～22時00分
2024-03-05 火曜日 10時00分～22時00分
2024-03-06 水曜日 10時00分～22時00分
",1.0,137.0866285,34.9584119,東京,安城駅,181.0,安城駅|北安城駅|南安城駅,0.0,その他,その他,その他,feature:24h|feature:midnight,0,,0
sr pilates studio 四谷,〒160-0004 東京都新宿区四谷１丁目１８ 6F,,https://coubic.com/srpilates/479980,,"2024-02-29 木曜日 6時00分～23時30分
2024-03-01 金曜日 6時00分～23時30分
2024-03-02 土曜日 6時00分～23時30分
2024-03-03 日曜日 6時00分～23時30分
2024-03-04 月曜日 6時00分～23時30分
2024-03-05 火曜日 6時00分～23時30分
2024-03-06 水曜日 6時00分～23時30分
",1.0,139.7275425,35.6862127,東京,四ツ谷駅,242.0,四ツ谷駅|四谷三丁目駅|曙橋駅|麹町駅|市ケ谷駅|信濃町駅|半蔵門駅|赤坂見附駅|国立競技場駅|永田町駅,0.0,新宿区,新宿,新宿|西新宿|高田馬場|新大久保,area:新宿|feature:24h|feature:midnight,0,,0
Studio sun and moon,〒160-0004 東京都新宿区四谷４丁目１３-５８,,http://www.sunandmoon.tokyo.jp/index.html,,,1.0,139.7173717,35.6885395,東京,四谷三丁目駅,302.0,四谷三丁目駅|新宿御苑前駅|曙橋駅|信濃町駅|千駄ケ谷駅|国立競技場駅|新宿三丁目駅|四ツ谷駅|若松河田駅|東新宿駅,0.0,新宿区,新宿,新宿|西新宿|高田馬場|新大久保,area:新宿,0,,0
STUDIO KYU,〒812-0895 福岡県福岡市博多区竹下４丁目１４-３０ 博多山ビル 2F,,https://select-type.com/p/studio-kyu_0301/,092-409-8387,"2024-02-29 木曜日 9時30分～22時00分
2024-03-01 金曜日 9時30分～22時00分
2024-03-02 土曜日 9時30分～22時00分
2024-03-03 日曜日 9時30分～22時00分
2024-03-04 月曜日 9時30分～22時00分
2024-03-05 火曜日 9時30分～22時00分
2024-03-06 水曜日 9時30分～22時00分
",1.0,130.4331426,33.5676796,東京,竹下駅,171.0,竹下駅|大橋駅|高宮駅|井尻駅,0.0,その他,その他,その他,feature:24h|feature:midnight,0,,0
Studio Landin' 国分寺校,〒185-0021 東京都国分寺市南町３丁目２２-３１ 島崎ビルB1F,,http://www.namelessproduction.com/,042-322-9494,,1.0,139.479042,35.698797,東京,国分寺駅,254.0,国分寺駅,1.0,国分寺市,国分寺,国分寺,area:国分寺|station:国分寺駅,0,,0
Studio Leaf,〒144-0047 東京都大田区萩中１丁目４-１２-３０１,,http://www.studioleaf.co/,090-3815-4340,"2024-02-29 木曜日 17時00分～21時00分
2024-03-01 金曜日 15時00分～22時30分
2024-03-02 土曜日 13時30分～19時30分
2024-03-03 日曜日 10時00分～12時00分
2024-03-04 月曜日 18時30分～21時00分
2024-03-05 火曜日 16時00分～21時00分
2024-03-06 水曜日 15時00分～21時00分
",1.0,139.7270304,35.5517001,東京,糀谷駅,406.0,糀谷駅|京急蒲田駅|雑色駅|大鳥居駅|蒲田駅|梅屋敷駅|川崎大師駅|穴守稲荷駅|東門前駅|鈴木町駅,0.0,大田区,蒲田,蒲田,area:蒲田|feature:24h|feature:midnight,0,,0
Studio Liberty,〒158-0091 東京都世田谷区１５ 中町4-15-9 B１,,https://spacemarket.com/p/IhqvvJWNv9WY8BJK,03-6809-7323,"2024-02-29 木曜日 24 時間営業
2024-03-01 金曜日 24 時間営業
2024-03-02 土曜日 24 時間営業
2024-03-03 日曜日 24 時間営業
2024-03-04 月曜日 24 時間営業
2024-03-05 火曜日 24 時間営業
2024-03-06 水曜日 24 時間営業
",1.0,139.6444321,35.618429,東京,上野毛駅,875.0,上野毛駅|等々力駅|用賀駅|桜新町駅|尾山台駅|二子玉川駅,0.0,世田谷区,下北沢,下北沢|三軒茶屋|二子玉川|自由が丘,area:下北沢|feature:24h|feature:midnight,0,,0
琉球スタジオCanDokoro,〒160-0007 東京都新宿区荒木町６-４ ラ・ベルロシェ 101,,https://candokoro.com/,,,1.0,139.7232326,35.6895378,東京,四谷三丁目駅,295.0,四谷三丁目駅|曙橋駅|四ツ谷駅|信濃町駅|新宿御苑前駅|牛込柳町駅|市ケ谷駅|若松河田駅|国立競技場駅|麹町駅,0.0,新宿区,新宿,新宿|西新宿|高田馬場|新大久保,area:新宿,0,,0
Studio LIBRE（スタジオ リーブル）,〒215-0025 神奈川県川崎市麻生区五力田２丁目８-３,,https://www.studio-libre.com/,044-701-3150,,1.0,139.4922827,35.6001765,東京,五月台駅,126.0,五月台駅|栗平駅|柿生駅|新百合ヶ丘駅,0.0,その他,その他,その他,,0,,0
STUDIO LIKEMAD,〒150-0042 東京都渋谷区宇田川町１１-２ 宇田川柳光ビル B1,,https://www.studiolikemad.tokyo/,03-6455-2924,"2024-02-29 木曜日 24 時間営業
2024-03-01 金曜日 24 時間営業
2024-03-02 土曜日 24 時間営業
2024-03-03 日曜日 24 時間営業
2024-03-04 月曜日 24 時間営業
2024-03-05 火曜日 24 時間営業
2024-03-06 水曜日 24 時間営業
",1.0,139.6974007,35.6624192,東京,渋谷駅,620.0,渋谷駅|原宿駅,2.0,渋谷区,渋谷,渋谷|恵比寿|代官山|原宿,area:渋谷|station:渋谷駅|station:原宿駅|feature:24h|feature:midnight,0,,0
Studio LL MUSIC（スタジオエルエルミュージック）,〒158-0097 東京都世田谷区用賀３丁目１３-７ ゼネラルアコード B1F,,http://ll-music.com/studio/,03-6805-6165,"2024-02-29 木曜日 16時00分～22時30分
2024-03-01 金曜日 18時00分～21時00分
2024-03-02 土曜日 13時00分～16時00分
2024-03-03 日曜日 定休日
2024-03-04 月曜日 16時00分～21時00分
2024-03-05 火曜日 17時30分～21時30分
2024-03-06 水曜日 14時30分～21時00分
",1.0,139.6360563,35.627963,東京,用賀駅,271.0,用賀駅|桜新町駅|上野毛駅|上町駅,0.0,世田谷区,下北沢,下北沢|三軒茶屋|二子玉川|自由が丘,area:下北沢|feature:24h|feature:midnight,0,,0
studio LOOP,〒156-0054 東京都世田谷区桜丘４丁目２４-２０ ユニバーサルビル 2F,,http://studio-loop.jp/,080-9718-2391,"2024-02-29 木曜日 10時00分～20時30分
2024-03-01 金曜日 10時00分～20時30分
2024-03-02 土曜日 10時00分～20時30分
2024-03-03 日曜日 定休日
2024-03-04 月曜日 10時00分～20時30分
2024-03-05 火曜日 10時00分～20時30分
2024-03-06 水曜日 10時00分～20時30分
",1.0,139.6195695,35.6410417,東京,千歳船橋駅,817.0,千歳船橋駅|祖師ヶ谷大蔵駅|成城学園前駅|経堂駅,0.0,世田谷区,下北沢,下北沢|三軒茶屋|二子玉川|自由が丘,area:下北沢|feature:24h|feature:midnight,0,,0
STUDIO ONEWAY TOKYO,〒164-0013 東京都中野区弥生町５丁目２０-１ 弥生町ユニオンビル B2F,,https://www.studio-oneway.tokyo/,03-4400-2870,"2024-02-29 木曜日 10時00分～23時00分
2024-03-01 金曜日 10時00分～23時00分
2024-03-02 土曜日 10時00分～23時00分
2024-03-03 日曜日 10時00分～23時00分
2024-03-04 月曜日 10時00分～23時00分
2024-03-05 火曜日 10時00分～23時00分
2024-03-06 水曜日 10時00分～23時00分
",1.0,139.6686672,35.6892937,東京,中野富士見町駅,208.0,中野富士見町駅|中野新橋駅|新中野駅|方南町駅|東高円寺駅|西新宿五丁目駅（清水橋）|中野坂上駅|幡ヶ谷駅|笹塚駅|初台駅,0.0,中野区,中野,中野,area:中野|feature:24h|feature:midnight,0,,0
studio opus-スタジオ オープス-,〒140-0014 東京都品川区大井４丁目１-３ TOKOビル B1F,,http://www.studio-opus.jp/,03-6410-7112,"2024-02-29 木曜日 9時30分～22時00分
2024-03-01 金曜日 9時30分～22時00分
2024-03-02 土曜日 9時30分～22時00分
2024-03-03 日曜日 9時30分～22時00分
2024-03-04 月曜日 9時30分～22時00分
2024-03-05 火曜日 9時30分～22時00分
2024-03-06 水曜日 9時30分～22時00分
",1.0,139.73317,35.603985,東京,大井町駅,312.0,大井町駅,1.0,品川区,品川,品川|五反田|大井町|目黒,area:品川|station:大井町駅|feature:24h|feature:midnight,0,,0
STUDIO POLISH（スタジオポリッシュ）,〒142-0062 東京都品川区小山６丁目７-１４ プランドールＫａｓｅｙａ,,http://www.studio-polish.com/,03-6451-3521,"2024-02-29 木曜日 10時30分～20時30分
2024-03-01 金曜日 10時30分～20時30分
2024-03-02 土曜日 10時30分～17時00分
2024-03-03 日曜日 10時30分～17時00分
2024-03-04 月曜日 10時30分～20時30分
2024-03-05 火曜日 10時30分～20時30分
2024-03-06 水曜日 10時30分～20時30分
",1.0,139.6995734,35.6147666,東京,西小山駅,121.0,西小山駅|洗足駅|武蔵小山駅|北千束駅|旗の台駅|荏原中延駅|戸越銀座駅|長原駅|荏原町駅|大岡山駅,0.0,品川区,品川,品川|五反田|大井町|目黒,area:品川|feature:24h|feature:midnight,0,,0
STUDIO PRIME 若葉校,〒350-0214 埼玉県坂戸市千代田３丁目５-１０ 庄司ビル 1F,,,049-277-4731,"2024-02-29 木曜日 15時00分～23時00分
2024-03-01 金曜日 15時00分～23時00分
2024-03-02 土曜日 12時00分～23時00分
2024-03-03 日曜日 定休日
2024-03-04 月曜日 15時00分～23時00分
2024-03-05 火曜日 15時00分～23時00分
2024-03-06 水曜日 15時00分～23時00分
",1.0,139.4091744,35.9539643,東京,若葉駅,542.0,若葉駅|坂戸駅,0.0,その他,その他,その他,feature:24h|feature:midnight,0,,0
Studio R 六本木ヒルズ店,〒106-0032 東京都港区六本木６丁目１５-１ ヒルズ けやき坂通り 2F けやき坂テラス,,https://www.studio-ryo.net/,03-3405-1678,"2024-02-29 木曜日 12時00分～21時00分
2024-03-01 金曜日 12時00分～21時00分
2024-03-02 土曜日 12時00分～21時00分
2024-03-03 日曜日 12時00分～18時00分
2024-03-04 月曜日 12時00分～21時00分
2024-03-05 火曜日 12時00分～21時00分
2024-03-06 水曜日 12時00分～21時00分
",1.0,139.7280938,35.658983,東京,六本木駅,519.0,六本木駅|麻布十番駅,2.0,港区,六本木,六本木|赤坂|麻布|新橋,area:六本木|station:六本木駅|station:麻布十番駅|feature:24h|feature:midnight,0,,0
スタジオ五軒町,〒101-0021 東京都千代田区外神田６丁目１６-１ 外神田フジハイツ 地下1階,,https://studio-gokencho.com/,,"2024-02-29 木曜日 8時00分～0時00分
2024-03-01 金曜日 8時00分～0時00分
2024-03-02 土曜日 8時00分～0時00分
2024-03-03 日曜日 8時00分～0時00分
2024-03-04 月曜日 8時00分～0時00分
2024-03-05 火曜日 8時00分～0時00分
2024-03-06 水曜日 8時00分～0時00分
",1.0,139.7714338,35.7046954,東京,秋葉原駅,714.0,秋葉原駅|上野駅,2.0,千代田区,秋葉原,秋葉原,area:秋葉原|station:秋葉原駅|station:上野駅|feature:24h|feature:midnight,0,,0
Studio ROZE (スタジオロゼ） レンタルスタジオ ヨガスタジオ 整体サロン 池袋 安い,〒171-0014 東京都豊島区池袋２丁目１１-９ 安藤ビル 305,,https://www.instabase.jp/space/9053717528,090-9101-7296,"2024-02-29 木曜日 24 時間営業
2024-03-01 金曜日 24 時間営業
2024-03-02 土曜日 24 時間営業
2024-03-03 日曜日 24 時間営業
2024-03-04 月曜日 24 時間営業
2024-03-05 火曜日 24 時間営業
2024-03-06 水曜日 24 時間営業
",1.0,139.7073723,35.7328598,東京,池袋駅,515.0,池袋駅,1.0,豊島区,池袋,池袋|目白|大塚|巣鴨,area:池袋|station:池袋駅|feature:24h|feature:midnight,0,,0
studio SHEEP（スタジオシープ）,〒135-0003 東京都江東区猿江２丁目２-９ 鈴木ビル 1F,,https://studio-sheep.com/,03-6659-5345,"2024-02-29 木曜日 8時00分～21時30分
2024-03-01 金曜日 8時00分～21時30分
2024-03-02 土曜日 8時00分～20時00分
2024-03-03 日曜日 8時30分～18時00分
2024-03-04 月曜日 8時00分～21時30分
2024-03-05 火曜日 8時00分～21時30分
2024-03-06 水曜日 8時00分～21時30分
",1.0,139.8146747,35.6859731,東京,錦糸町駅,1194.0,錦糸町駅,1.0,江東区,豊洲,豊洲,area:豊洲|station:錦糸町駅|feature:24h|feature:midnight,0,,0
多摩スタジオ,〒201-0014 東京都狛江市東和泉３丁目３-１０,,https://rentalstama.wixsite.com/tamastudio,,"2024-02-29 木曜日 10時00分～22時00分
2024-03-01 金曜日 10時00分～22時00分
2024-03-02 土曜日 10時00分～22時00分
2024-03-03 日曜日 10時00分～22時00分
2024-03-04 月曜日 10時00分～22時00分
2024-03-05 火曜日 10時00分～22時00分
2024-03-06 水曜日 10時00分～22時00分
",1.0,139.5743901,35.6274339,東京,和泉多摩川駅,64.0,和泉多摩川駅|狛江駅|登戸駅|宿河原駅|向ヶ丘遊園駅|喜多見駅,0.0,狛江市,狛江,狛江,area:狛江|feature:24h|feature:midnight,0,,0
STUDIO SPACE COREDO NOGIZAKA｜スタジオスペース コレド 乃木坂,〒107-0052 東京都港区赤坂９丁目６-４１ B1,,,03-6434-7808,"2024-02-29 木曜日 11時00分～23時00分
2024-03-01 金曜日 11時00分～23時00分
2024-03-02 土曜日 11時00分～18時30分
2024-03-03 日曜日 11時00分～18時30分
2024-03-04 月曜日 11時00分～23時00分
2024-03-05 火曜日 11時00分～23時00分
2024-03-06 水曜日 11時00分～23時00分
",1.0,139.7277903,35.6677682,東京,青山一丁目駅,578.0,青山一丁目駅|六本木駅|外苑前駅,3.0,港区,六本木,六本木|赤坂|麻布|新橋,area:六本木|station:青山一丁目駅|station:六本木駅|station:外苑前駅|feature:24h|feature:midnight,0,,0
STUDIO SPACE N 二子新地校,〒213-0002 神奈川県川崎市高津区二子２丁目１５,,http://space-n.jp/,044-812-3848,"2024-02-29 木曜日 9時00分～22時00分
2024-03-01 金曜日 9時00分～22時00分
2024-03-02 土曜日 9時00分～22時00分
2024-03-03 日曜日 9時00分～22時00分
2024-03-04 月曜日 9時00分～22時00分
2024-03-05 火曜日 9時00分～22時00分
2024-03-06 水曜日 9時00分～22時00分
",1.0,139.6190119,35.6058327,東京,高津駅,323.0,高津駅|二子新地駅|二子玉川駅|溝の口駅|武蔵溝ノ口駅|津田山駅|梶が谷駅|上野毛駅,0.0,その他,その他,その他,feature:24h|feature:midnight,0,,0
STUDIO TRON,"〒106-0031 東京都港区西麻布３丁目１７-１１ B1F,1F TRONビル",,http://studiotron.jp/,03-5770-2535,"LGBTQ フレンドリー2024-02-29 木曜日 9時00分～20時00分
2024-03-01 金曜日 9時00分～20時00分
2024-03-02 土曜日 9時00分～20時00分
2024-03-03 日曜日 9時00分～20時00分
2024-03-04 月曜日 9時00分～20時00分
2024-03-05 火曜日 9時00分～20時00分
2024-03-06 水曜日 9時00分～20時00分
",1.0,139.7258665,35.6585269,東京,六本木駅,688.0,六本木駅|麻布十番駅,2.0,港区,六本木,六本木|赤坂|麻布|新橋,area:六本木|station:六本木駅|station:麻布十番駅|feature:24h|feature:midnight,0,,0
アテール明大前第１スタジオ（レンタルスタジオTerritory M ）,〒156-0043 東京都世田谷区松原２丁目４２-７ 第２松岡ビル ２F,,https://a-terre.com/territorym/,,,1.0,139.6487721,35.6690613,東京,明大前駅,170.0,明大前駅|下高井戸駅|代田橋駅|東松原駅|永福町駅|松原駅|新代田駅|梅ヶ丘駅|桜上水駅|西永福駅,0.0,世田谷区,下北沢,下北沢|三軒茶屋|二子玉川|自由が丘,area:下北沢,0,,0
studio WILDKIDS 亀戸駅前校 SOLstudio,〒136-0071 東京都江東区亀戸６丁目５６-４ 1階店舗,,https://www.studio-wildkids.com/,080-9583-0025,"2024-02-29 木曜日 10時00分～21時00分
2024-03-01 金曜日 10時00分～21時00分
2024-03-02 土曜日 10時00分～20時00分
2024-03-03 日曜日 定休日
2024-03-04 月曜日 11時00分～20時30分
2024-03-05 火曜日 10時00分～21時00分
2024-03-06 水曜日 10時00分～21時00分
",1.0,139.8306553,35.6971321,東京,亀戸駅,370.0,亀戸駅|亀戸水神駅|大島駅|西大島駅|東あずま駅|小村井駅|錦糸町駅|平井駅|住吉駅|東大島駅,0.0,江東区,豊洲,豊洲,area:豊洲|feature:24h|feature:midnight,0,,0
studio WILDKIDS 亀戸水神駅前校 CIERO studio,〒136-0071 東京都江東区亀戸８丁目１４-１１ 1階店舗,,https://www.studio-wildkids.com/,080-9583-0025,"LGBTQ フレンドリー2024-02-29 木曜日 9時00分～23時00分
2024-03-01 金曜日 9時00分～23時00分
2024-03-02 土曜日 9時00分～23時00分
2024-03-03 日曜日 9時00分～23時00分
2024-03-04 月曜日 9時00分～23時00分
2024-03-05 火曜日 9時00分～23時00分
2024-03-06 水曜日 9時00分～23時00分
",1.0,139.8334138,35.7006398,東京,亀戸水神駅,48.0,亀戸水神駅|亀戸駅|東あずま駅|平井駅|小村井駅|大島駅|西大島駅|東大島駅|錦糸町駅,0.0,江東区,豊洲,豊洲,area:豊洲|feature:24h|feature:midnight,0,,0
studio worcle okubo,〒169-0073 東京都新宿区百人町１丁目２１-５ 新宿Stビル,,https://www.studioworcle.com/okubo/,03-5358-9082,"2024-02-29 木曜日 9時00分～6時00分
2024-03-01 金曜日 9時00分～6時00分
2024-03-02 土曜日 9時00分～6時00分
2024-03-03 日曜日 9時00分～6時00分
2024-03-04 月曜日 9時00分～6時00分
2024-03-05 火曜日 9時00分～6時00分
2024-03-06 水曜日 9時00分～6時00分",1.0,139.6965864,35.7000608,東京,新大久保駅,342.0,新大久保駅|西武新宿駅|新宿駅,3.0,新宿区,新宿,新宿|西新宿|高田馬場|新大久保,area:新宿|station:新大久保駅|station:西武新宿駅|station:新宿駅|feature:24h|feature:midnight,0,,0
studio worcle shibuya,〒150-0031 東京都渋谷区桜丘町１４-１０ 地下１階,,https://www.studioworcle.com/,03-6416-9393,"2024-02-29 木曜日 9時00分～6時00分
2024-03-01 金曜日 9時00分～6時00分
2024-03-02 土曜日 9時00分～6時00分
2024-03-03 日曜日 9時00分～6時00分
2024-03-04 月曜日 9時00分～6時00分
2024-03-05 火曜日 9時00分～6時00分
2024-03-06 水曜日 9時00分～6時00分
",1.0,139.7014289,35.6557105,東京,渋谷駅,259.0,渋谷駅,1.0,渋谷区,渋谷,渋谷|恵比寿|代官山|原宿,area:渋谷|station:渋谷駅|feature:24h|feature:midnight,0,,0
studio worcle shinjuku,〒160-0023 東京都新宿区西新宿７丁目１６-７ 第２１フジビル,,https://www.studioworcle.com/shinjuku/,03-3361-0123,"2024-02-29 木曜日 10時00分～6時00分
2024-03-01 金曜日 10時00分～6時00分
2024-03-02 土曜日 9時00分～6時00分
2024-03-03 日曜日 9時00分～23時00分
2024-03-04 月曜日 9時00分～23時00分
2024-03-05 火曜日 10時00分～6時00分
2024-03-06 水曜日 10時00分～6時00分",1.0,139.6975391,35.6963155,東京,西武新宿駅,278.0,西武新宿駅|新大久保駅|新宿駅,3.0,新宿区,新宿,新宿|西新宿|高田馬場|新大久保,area:新宿|station:西武新宿駅|station:新大久保駅|station:新宿駅|feature:24h|feature:midnight,0,,0
studio worcle shinjuku-gyoen,〒160-0004 東京都新宿区四谷４丁目３２-４ B1 B2,,http://www.studioworcle.com/gyoen/,03-6273-1270,"2024-02-29 木曜日 12時00分～23時00分
2024-03-01 金曜日 12時00分～23時00分
2024-03-02 土曜日 9時00分～23時00分
2024-03-03 日曜日 9時00分～23時00分
2024-03-04 月曜日 12時00分～23時00分
2024-03-05 火曜日 12時00分～23時00分
2024-03-06 水曜日 12時00分～23時00分
",1.0,139.7149566,35.6896771,東京,新宿御苑前駅,390.0,新宿御苑前駅|四谷三丁目駅|曙橋駅|新宿三丁目駅|千駄ケ谷駅|国立競技場駅|若松河田駅|東新宿駅|信濃町駅|新宿駅,0.0,新宿区,新宿,新宿|西新宿|高田馬場|新大久保,area:新宿|feature:24h|feature:midnight,0,,0
studio worcle yoyogi,〒151-0053 東京都渋谷区代々木１丁目３６-１２ 2F,,https://www.studioworcle.com/yoyogi/,03-6381-6255,"2024-02-29 木曜日 10時00分～23時00分
2024-03-01 金曜日 10時00分～23時00分
2024-03-02 土曜日 9時00分～23時00分
2024-03-03 日曜日 9時00分～23時00分
2024-03-04 月曜日 10時00分～23時00分
2024-03-05 火曜日 10時00分～23時00分
2024-03-06 水曜日 10時00分～23時00分
",1.0,139.7010352,35.684031,東京,代々木駅,141.0,代々木駅|新宿駅,2.0,渋谷区,渋谷,渋谷|恵比寿|代官山|原宿,area:渋谷|station:代々木駅|station:新宿駅|feature:24h|feature:midnight,0,,0
studio worcle 池袋店,〒171-0022 東京都豊島区南池袋２丁目２２-４,,http://www.studioworcle.com/ikebukuro,03-5950-2700,"2024-02-29 木曜日 24 時間営業
2024-03-01 金曜日 24 時間営業
2024-03-02 土曜日 24 時間営業
2024-03-03 日曜日 24 時間営業
2024-03-04 月曜日 24 時間営業
2024-03-05 火曜日 24 時間営業
2024-03-06 水曜日 24 時間営業
",1.0,139.7142047,35.7282153,東京,池袋駅,354.0,池袋駅,1.0,豊島区,池袋,池袋|目白|大塚|巣鴨,area:池袋|station:池袋駅|feature:24h|feature:midnight,0,,0
studio_MINT 錦糸町,〒130-0012 東京都墨田区太平３丁目１-４,https://dance-studio-lab.com/room/ZDgyZDBlYjYtZWM1YS00MGNhLWI3YjEtZjRmNTEzZmU5NjE4/detail,https://eaglet01.com/,090-3312-9984,"2024-02-29 木曜日 9時00分～23時00分
2024-03-01 金曜日 9時00分～23時00分
2024-03-02 土曜日 9時00分～23時00分
2024-03-03 日曜日 9時00分～23時00分
2024-03-04 月曜日 9時00分～23時00分
2024-03-05 火曜日 9時00分～23時00分
2024-03-06 水曜日 9時00分～23時00分
",1.0,139.8134874,35.6998608,東京,錦糸町駅,356.0,錦糸町駅|押上駅,2.0,墨田区,錦糸町,錦糸町,area:錦糸町|station:錦糸町駅|station:押上駅|feature:24h|feature:shooting|feature:mirror|feature:midnight,1,https://dance-studio-lab.com/room/ZDgyZDBlYjYtZWM1YS00MGNhLWI3YjEtZjRmNTEzZmU5NjE4/detail,100
ダンススタジオR 小杉レンタルスタジオ,〒211-0062 神奈川県川崎市中原区小杉陣屋町１丁目２３-７,,,,"LGBTQ フレンドリー2024-02-29 木曜日 9時00分～21時00分
2024-03-01 金曜日 9時00分～21時00分
2024-03-02 土曜日 9時00分～19時00分
2024-03-03 日曜日 9時00分～19時00分
2024-03-04 月曜日 9時00分～21時00分
2024-03-05 火曜日 9時00分～21時00分
2024-03-06 水曜日 9時00分～21時00分
",1.0,139.6585415,35.5857637,東京,新丸子駅,651.0,新丸子駅|多摩川駅|武蔵小杉駅|沼部駅|田園調布駅|武蔵中原駅|向河原駅,0.0,その他,その他,その他,feature:24h|feature:midnight,0,,0
STUDIO+DINING TREE,〒132-0024 東京都江戸川区一之江４丁目２-２５,,https://edogawa.mypl.net/shop/00000370544/,080-6585-4477,"2024-02-29 木曜日 定休日
2024-03-01 金曜日 18時00分～22時00分
2024-03-02 土曜日 13時30分～15時00分
2024-03-03 日曜日 11時30分～14時30分
2024-03-04 月曜日 13時30分～16時00分
2024-03-05 火曜日 13時30分～16時00分
2024-03-06 水曜日 定休日
",1.0,139.8806889,35.6889277,東京,一之江駅,393.0,一之江駅|船堀駅|瑞江駅,0.0,江戸川区,西葛西,西葛西,area:西葛西|feature:24h|feature:midnight,0,,0
STUDIO101,〒252-0106 神奈川県相模原市中央区淵野辺４丁目１３-７,,http://www.101violins.com/,042-738-8487,,1.0,139.3975226,35.5713533,東京,淵野辺駅,366.0,淵野辺駅|矢部駅,0.0,中央区,銀座,銀座|日本橋|八丁堀|月島,area:銀座,0,,0
studio3,〒136-0071 東京都江東区亀戸１丁目３１-８ 北越ビル 2F,,http://www.studio3.jp/,090-3319-3611,"2024-02-29 木曜日 8時00分～5時00分
2024-03-01 金曜日 8時00分～5時00分
2024-03-02 土曜日 8時00分～5時00分
2024-03-03 日曜日 8時00分～5時00分
2024-03-04 月曜日 8時00分～5時00分
2024-03-05 火曜日 8時00分～5時00分
2024-03-06 水曜日 8時00分～5時00分
",1.0,139.8257428,35.6945139,東京,錦糸町駅,1077.0,錦糸町駅,1.0,江東区,豊洲,豊洲,area:豊洲|station:錦糸町駅|feature:24h|feature:midnight,0,,0
studio501,〒141-0032 東京都品川区大崎５丁目４-１２ 八重苅ビル,,http://studio.5project.co.jp/,03-4405-9716,"2024-02-29 木曜日 9時00分～0時00分
2024-03-01 金曜日 9時00分～0時00分
2024-03-02 土曜日 9時00分～0時00分
2024-03-03 日曜日 9時00分～0時00分
2024-03-04 月曜日 9時00分～0時00分
2024-03-05 火曜日 9時00分～0時00分
2024-03-06 水曜日 9時00分～0時00分
",1.0,139.7253077,35.6225111,東京,大崎駅,429.0,大崎駅|五反田駅,2.0,品川区,品川,品川|五反田|大井町|目黒,area:品川|station:大崎駅|station:五反田駅|feature:24h|feature:midnight,0,,0
StudioENTRADA森下,〒135-0004 東京都江東区森下３丁目８-７ カーム落合 1F,,https://www.studio-entrada.com/,080-5057-5963,"2024-02-29 木曜日 9時00分～22時00分
2024-03-01 金曜日 9時00分～22時00分
2024-03-02 土曜日 9時00分～22時00分
2024-03-03 日曜日 9時00分～22時00分
2024-03-04 月曜日 9時00分～22時00分
2024-03-05 火曜日 9時00分～22時00分
2024-03-06 水曜日 9時00分～22時00分
",1.0,139.8021659,35.6871019,東京,森下駅,372.0,森下駅|菊川駅|清澄白河駅|住吉駅|浜町駅|両国駅|錦糸町駅|水天宮前駅|東日本橋駅|門前仲町駅,0.0,江東区,豊洲,豊洲,area:豊洲|feature:24h|feature:midnight,0,,0
StudioENTRADA築地,〒104-0045 東京都中央区築地３丁目１１-５ 第二中央ビル 1F,,https://www.studio-entrada.com/,080-5057-5963,"2024-02-29 木曜日 9時00分～22時00分
2024-03-01 金曜日 9時00分～22時00分
2024-03-02 土曜日 9時00分～22時00分
2024-03-03 日曜日 9時00分～22時00分
2024-03-04 月曜日 9時00分～22時00分
2024-03-05 火曜日 9時00分～2時00分
2024-03-06 水曜日 9時00分～22時00分
",1.0,139.7725287,35.6674042,東京,有楽町駅,1190.0,有楽町駅,1.0,中央区,銀座,銀座|日本橋|八丁堀|月島,area:銀座|station:有楽町駅|feature:24h|feature:midnight,0,,0
STUDIOFLAG高田馬場2号店,〒169-0075 東京都新宿区高田馬場２丁目１１-１ YOKE2ビル 地下1F,,https://studioflaginfo.com/,03-6823-1404,"2024-02-29 木曜日 9時00分～22時00分
2024-03-01 金曜日 9時00分～22時00分
2024-03-02 土曜日 9時00分～22時00分
2024-03-03 日曜日 9時00分～22時00分
2024-03-04 月曜日 9時00分～22時00分
2024-03-05 火曜日 9時00分～22時00分
2024-03-06 水曜日 9時00分～22時00分
",1.0,139.7085094,35.7136979,東京,高田馬場駅,455.0,高田馬場駅,1.0,新宿区,新宿,新宿|西新宿|高田馬場|新大久保,area:新宿|station:高田馬場駅|feature:24h|feature:midnight,0,,0
StudioNEXUS石神井校,〒177-0041 東京都練馬区石神井町６丁目３２-２０,,https://nfc-dance.com/,03-6753-0989,"オーナーが女性と確認されたビジネス2024-02-29 木曜日 10時00分～22時00分
2024-03-01 金曜日 10時00分～22時00分
2024-03-02 土曜日 10時00分～22時00分
2024-03-03 日曜日 10時00分～22時00分
2024-03-04 月曜日 10時00分～22時00分
2024-03-05 火曜日 10時00分～22時00分
2024-03-06 水曜日 10時00分～22時00分
",1.0,139.5969214,35.741619,東京,石神井公園駅,898.0,石神井公園駅|大泉学園駅|上石神井駅|練馬高野台駅|上井草駅,0.0,練馬区,練馬,練馬,area:練馬|feature:24h|feature:midnight,0,,0
渋谷のレンタルスタジオ ユニアス,〒150-0043 東京都渋谷区道玄坂１丁目７-１０ リードシー渋谷道玄坂 B1F 新大宗渋谷,,https://unius.studio/,,"2024-02-29 木曜日 24 時間営業
2024-03-01 金曜日 24 時間営業
2024-03-02 土曜日 24 時間営業
2024-03-03 日曜日 24 時間営業
2024-03-04 月曜日 24 時間営業
2024-03-05 火曜日 24 時間営業
2024-03-06 水曜日 24 時間営業
",1.0,139.6993417,35.6575973,東京,渋谷駅,213.0,渋谷駅,1.0,渋谷区,渋谷,渋谷|恵比寿|代官山|原宿,area:渋谷|station:渋谷駅|feature:24h|feature:midnight,0,,0
StudioNEXUS武蔵関校,〒177-0051 東京都練馬区関町北２丁目２２-１３ シャトーセキ B1,,https://nfc-dance.com/,03-6753-0989,"LGBTQ フレンドリー2024-02-29 木曜日 10時00分～22時00分
2024-03-01 金曜日 10時00分～22時00分
2024-03-02 土曜日 10時00分～22時00分
2024-03-03 日曜日 10時00分～22時00分
2024-03-04 月曜日 10時00分～22時00分
2024-03-05 火曜日 10時00分～22時00分
2024-03-06 水曜日 10時00分～22時00分
",1.0,139.574683,35.7267325,東京,武蔵関駅,181.0,武蔵関駅|東伏見駅|上石神井駅,0.0,練馬区,練馬,練馬,area:練馬|feature:24h|feature:midnight,0,,0
Studioonda大久保,〒169-0073 東京都新宿区百人町１丁目２３-２ 3F,,https://studioonda.com/,080-4947-2985,"2024-02-29 木曜日 24 時間営業
2024-03-01 金曜日 24 時間営業
2024-03-02 土曜日 24 時間営業
2024-03-03 日曜日 24 時間営業
2024-03-04 月曜日 24 時間営業
2024-03-05 火曜日 24 時間営業
2024-03-06 水曜日 24 時間営業",1.0,139.6972142,35.6986846,東京,新大久保駅,388.0,新大久保駅|西武新宿駅|新宿駅,3.0,新宿区,新宿,新宿|西新宿|高田馬場|新大久保,area:新宿|station:新大久保駅|station:西武新宿駅|station:新宿駅|feature:24h|feature:midnight,0,,0
StudioOnda東中野 Ondabuilding,〒169-0074 東京都新宿区北新宿４丁目３３-５,,https://ondacompany.com/,080-4947-2985,"2024-02-29 木曜日 9時00分～23時00分
2024-03-01 金曜日 9時00分～23時00分
2024-03-02 土曜日 9時00分～23時00分
2024-03-03 日曜日 9時00分～23時00分
2024-03-04 月曜日 9時00分～23時00分
2024-03-05 火曜日 9時00分～23時00分
2024-03-06 水曜日 9時00分～23時00分",1.0,139.6896581,35.7070161,東京,新大久保駅,1133.0,新大久保駅,1.0,新宿区,新宿,新宿|西新宿|高田馬場|新大久保,area:新宿|station:新大久保駅|feature:24h|feature:midnight,0,,0
STUDIOピア Pia31 ベイサイド,〒136-0082 東京都江東区新木場２丁目１-２３,,https://www.studio-pia.com/,03-5606-5461,"2024-02-29 木曜日 24 時間営業
2024-03-01 金曜日 24 時間営業
2024-03-02 土曜日 24 時間営業
2024-03-03 日曜日 24 時間営業
2024-03-04 月曜日 24 時間営業
2024-03-05 火曜日 24 時間営業
2024-03-06 水曜日 24 時間営業
",1.0,139.8211994,35.6397041,東京,新木場駅,849.0,新木場駅|辰巳駅|東雲駅,0.0,江東区,豊洲,豊洲,area:豊洲|feature:24h|feature:midnight,0,,0
STUDIOフェーム,〒124-0024 東京都葛飾区新小岩１丁目４２-４ 明治屋ビル,,,090-8031-8390,,1.0,139.8588791,35.7158661,東京,新小岩駅,154.0,新小岩駅|平井駅,0.0,葛飾区,新小岩,新小岩,area:新小岩,0,,0
Sweet Fairy バレエスタジオ,〒156-0057 東京都世田谷区上北沢１丁目３６-８,,https://www.sweet-fairy-ballet.com/,080-1124-3918,,1.0,139.6241264,35.6643387,東京,上北沢駅,508.0,上北沢駅|桜上水駅|八幡山駅|芦花公園駅|下高井戸駅|松原駅|経堂駅|千歳船橋駅|西永福駅|浜田山駅,0.0,世田谷区,下北沢,下北沢|三軒茶屋|二子玉川|自由が丘,area:下北沢,0,,0
swing swing,〒173-0004 東京都板橋区板橋１丁目３６-６,,https://swingswing.roofin.jp/,070-9062-2572,,1.0,139.7154516,35.7479121,東京,下板橋駅,252.0,下板橋駅|新板橋駅|板橋駅|板橋区役所前駅|北池袋駅|大山駅|西巣鴨駅|十条駅|新庚申塚駅|庚申塚駅,0.0,板橋区,成増,成増,area:成増,0,,0
SWITCH STAND ODAIBA,"〒135-0064 東京都江東区青海２丁目７-４, The Soho, 1F",,https://switch-stand.com/odaiba/,050-1865-4108,"2024-02-29 木曜日 11時00分～17時00分
2024-03-01 金曜日 11時00分～17時00分
2024-03-02 土曜日 定休日
2024-03-03 日曜日 定休日
2024-03-04 月曜日 11時00分～17時00分
2024-03-05 火曜日 11時00分～17時00分
2024-03-06 水曜日 11時00分～17時00分
",1.0,139.7750301,35.6177875,東京,テレコムセンター駅,396.0,テレコムセンター駅|東京国際クルーズターミナル駅|青海駅|台場駅|東京テレポート駅|お台場海浜公園駅,0.0,江東区,豊洲,豊洲,area:豊洲|feature:24h|feature:midnight,0,,0
Tap Dance Company Freiheit,〒185-0011 東京都国分寺市本多１丁目１-２０ Cross Stair B,,https://www.tdc-freiheit.com/,042-307-8733,"LGBTQ フレンドリー2024-02-29 木曜日 10時30分～22時00分
2024-03-01 金曜日 10時30分～22時00分
2024-03-02 土曜日 10時30分～20時00分
2024-03-03 日曜日 10時30分～22時00分
2024-03-04 月曜日 10時30分～22時00分
2024-03-05 火曜日 10時30分～22時00分
2024-03-06 水曜日 10時30分～22時00分
",1.0,139.4844635,35.7028179,東京,国分寺駅,413.0,国分寺駅,1.0,国分寺市,国分寺,国分寺,area:国分寺|station:国分寺駅|feature:24h|feature:midnight,0,,0
FLASHスタジオ,〒150-0002 東京都渋谷区渋谷１丁目１０-２ グローリア宮益坂III 東館 3F,,https://www.flash-studio.tokyo/,,,1.0,139.7050732,35.6606821,東京,渋谷駅,428.0,渋谷駅|表参道駅|原宿駅,3.0,渋谷区,渋谷,渋谷|恵比寿|代官山|原宿,area:渋谷|station:渋谷駅|station:表参道駅|station:原宿駅,0,,0
Tap&Soul,〒156-0043 東京都世田谷区松原２丁目２９-４ メナージュ明大前,,https://tapandsoul.weebly.com/,080-6630-6299,,1.0,139.6489577,35.6668331,東京,明大前駅,226.0,明大前駅|下高井戸駅|東松原駅|松原駅|代田橋駅|新代田駅|永福町駅|梅ヶ丘駅|山下駅|豪徳寺駅,0.0,世田谷区,下北沢,下北沢|三軒茶屋|二子玉川|自由が丘,area:下北沢,0,,0
TBY-studio,〒171-0014 東京都豊島区池袋２丁目３６-２,,http://tby-studio.com/,03-3985-6777,"2024-02-29 木曜日 7時00分～6時00分
2024-03-01 金曜日 7時00分～6時00分
2024-03-02 土曜日 7時00分～6時00分
2024-03-03 日曜日 7時00分～6時00分
2024-03-04 月曜日 7時00分～6時00分
2024-03-05 火曜日 7時00分～6時00分
2024-03-06 水曜日 7時00分～6時00分
",1.0,139.7074824,35.7330923,東京,池袋駅,532.0,池袋駅,1.0,豊島区,池袋,池袋|目白|大塚|巣鴨,area:池袋|station:池袋駅|feature:24h|feature:midnight,0,,0
TERAKOYA studio,〒434-0004 静岡県浜松市浜北区宮口４９０７,,https://www.terakoyastudio.com/,090-3424-0577,"2024-02-29 木曜日 定休日
2024-03-01 金曜日 17時00分～21時30分
2024-03-02 土曜日 17時00分～21時30分
2024-03-03 日曜日 定休日
2024-03-04 月曜日 17時00分～21時30分
2024-03-05 火曜日 17時00分～21時30分
2024-03-06 水曜日 10時30分～12時00分
",1.0,137.752496,34.8109152,東京,なし,,,0.0,北区,赤羽,赤羽,area:赤羽|feature:24h|feature:midnight,0,,0
THビル貸し会議室 レンタルスタジオ,〒151-0053 東京都渋谷区代々木２丁目４-１ Thビル,https://dance-studio-lab.com/room/ZGYxYjYyNDgtMDEzOC00MjZhLTgyZDctODZlMDViYTQ0NDgy/detail,https://sinjukuth.jimdofree.com/,090-2558-7140,"2024-02-29 木曜日 24 時間営業
2024-03-01 金曜日 24 時間営業
2024-03-02 土曜日 24 時間営業
2024-03-03 日曜日 24 時間営業
2024-03-04 月曜日 24 時間営業
2024-03-05 火曜日 24 時間営業
2024-03-06 水曜日 24 時間営業
",1.0,139.6983141,35.687188,東京,新宿駅,451.0,新宿駅|代々木駅|西武新宿駅,3.0,渋谷区,渋谷,渋谷|恵比寿|代官山|原宿,area:渋谷|station:新宿駅|station:代々木駅|station:西武新宿駅|feature:24h|feature:mirror|feature:midnight,1,https://dance-studio-lab.com/room/ZGYxYjYyNDgtMDEzOC00MjZhLTgyZDctODZlMDViYTQ0NDgy/detail,100
ＴＨ会場,〒151-0053 東京都渋谷区代々木２丁目４-１,,https://sinjukuth.jimdofree.com/,03-3370-6264,"2024-02-29 木曜日 24 時間営業
2024-03-01 金曜日 24 時間営業
2024-03-02 土曜日 24 時間営業
2024-03-03 日曜日 24 時間営業
2024-03-04 月曜日 24 時間営業
2024-03-05 火曜日 24 時間営業
2024-03-06 水曜日 24 時間営業
",1.0,139.6983,35.687185,東京,新宿駅,451.0,新宿駅|代々木駅|西武新宿駅,3.0,渋谷区,渋谷,渋谷|恵比寿|代官山|原宿,area:渋谷|station:新宿駅|station:代々木駅|station:西武新宿駅|feature:24h|feature:midnight,0,,0
TKO DANCE STUDIO(TKOダンススタジオ),〒340-0023 埼玉県草加市谷塚町５７８-１ 梅香堂ビル 305,,http://tkodancestudio.com/,080-4172-2050,"LGBTQ フレンドリー2024-02-29 木曜日 10時30分～22時00分
2024-03-01 金曜日 10時30分～22時00分
2024-03-02 土曜日 10時30分～22時00分
2024-03-03 日曜日 10時30分～22時00分
2024-03-04 月曜日 10時30分～22時00分
2024-03-05 火曜日 10時30分～22時00分
2024-03-06 水曜日 10時30分～22時00分
",1.0,139.8004419,35.8138308,東京,谷塚駅,92.0,谷塚駅|草加駅,0.0,その他,その他,その他,feature:24h|feature:midnight,0,,0
TKPスター貸会議室 東京タワー通り,〒105-0011 東京都港区芝公園３丁目４-３０ 32芝公園ビル B2階,,https://www.kashikaigishitsu.net/facilitys/st-tokyotowerdori/?utm_source=google&utm_medium=maps&utm_campaign=gmb,03-5425-4626,"2024-02-29 木曜日 8時00分～22時00分
2024-03-01 金曜日 8時00分～22時00分
2024-03-02 土曜日 8時00分～22時00分
2024-03-03 日曜日 8時00分～22時00分
2024-03-04 月曜日 8時00分～22時00分
2024-03-05 火曜日 8時00分～22時00分
2024-03-06 水曜日 8時00分～22時00分
",1.0,139.746427,35.6588544,東京,浜松町駅,998.0,浜松町駅|麻布十番駅,2.0,港区,六本木,六本木|赤坂|麻布|新橋,area:六本木|station:浜松町駅|station:麻布十番駅|feature:24h|feature:midnight,0,,0
TOHNO DANCE STUDIO,〒202-0002 東京都西東京市ひばりが丘北３丁目４-３ T&Kひばりが丘B1,,http://tohno-dancestudio.com/,042-439-3390,"LGBTQ フレンドリー2024-02-29 木曜日 12時00分～21時00分
2024-03-01 金曜日 12時00分～22時30分
2024-03-02 土曜日 11時00分～22時30分
2024-03-03 日曜日 9時50分～19時00分
2024-03-04 月曜日 12時00分～21時00分
2024-03-05 火曜日 12時00分～21時00分
2024-03-06 水曜日 12時00分～22時30分
",1.0,139.546322,35.752346,東京,ひばりヶ丘駅,106.0,ひばりヶ丘駅|東久留米駅|保谷駅,0.0,西東京市,ひばりヶ丘,ひばりヶ丘,area:ひばりヶ丘|feature:24h|feature:midnight,0,,0
TOKYO GATE STUDIO 東京ゲートスタジオ レンタルスタジオ,〒108-0074 東京都港区高輪４丁目２４-５８ サマセット品川東京１F,,https://shinagawa.studiosquare.jp/,03-5822-4050,"LGBTQ フレンドリー2024-02-29 木曜日 7時00分～23時00分
2024-03-01 金曜日 7時00分～23時00分
2024-03-02 土曜日 7時00分～23時00分
2024-03-03 日曜日 7時00分～23時00分
2024-03-04 月曜日 7時00分～23時00分
2024-03-05 火曜日 7時00分～23時00分
2024-03-06 水曜日 7時00分～23時00分
",1.0,139.7378198,35.6250715,東京,品川駅,387.0,品川駅|大崎駅,2.0,港区,六本木,六本木|赤坂|麻布|新橋,area:六本木|station:品川駅|station:大崎駅|feature:24h|feature:midnight,0,,0
ＴＲＢタップダンススタジオ,〒101-0032 東京都千代田区岩本町１丁目１-６,,http://trbtap.com/,03-3861-5144,"2024-02-29 木曜日 12時00分～22時30分
2024-03-01 金曜日 12時00分～22時30分
2024-03-02 土曜日 12時00分～22時30分
2024-03-03 日曜日 12時00分～22時30分
2024-03-04 月曜日 12時00分～22時30分
2024-03-05 火曜日 12時00分～22時30分
2024-03-06 水曜日 12時00分～22時30分
",1.0,139.775924,35.691362,東京,秋葉原駅,828.0,秋葉原駅,1.0,千代田区,秋葉原,秋葉原,area:秋葉原|station:秋葉原駅|feature:24h|feature:midnight,0,,0
すむぞうスタジオ 渋谷公園通りスタジオPINK&BLUE(ピンクアンドブルー),〒150-0042 東京都渋谷区宇田川町１９-５ 山手マンション 604,,,,,1.0,139.6994702,35.6614404,東京,渋谷駅,426.0,渋谷駅|原宿駅,2.0,渋谷区,渋谷,渋谷|恵比寿|代官山|原宿,area:渋谷|station:渋谷駅|station:原宿駅,0,,0
TRINITY DANCE CENTER桜上水校,〒168-0073 東京都杉並区下高井戸１丁目１８-１６ 桜上水ビル 1F KORG,,https://tdc-kids.com/,03-6379-3817,"2024-02-29 木曜日 15時30分～20時30分
2024-03-01 金曜日 15時30分～20時30分
2024-03-02 土曜日 10時00分～18時00分
2024-03-03 日曜日 10時00分～17時00分
2024-03-04 月曜日 15時30分～20時30分
2024-03-05 火曜日 13時00分～19時00分
2024-03-06 水曜日 15時30分～20時30分
",1.0,139.6351333,35.6682325,東京,桜上水駅,300.0,桜上水駅|下高井戸駅|上北沢駅|松原駅|永福町駅|西永福駅|明大前駅|浜田山駅|八幡山駅|山下駅,0.0,杉並区,高円寺,高円寺,area:高円寺|feature:24h|feature:midnight,0,,0
Tダンスプロダクション,〒132-0033 東京都江戸川区東小松川４丁目４３-１８,,https://dancespacefunabori.com/,03-6808-0293,"2024-02-29 木曜日 10時00分～22時00分
2024-03-01 金曜日 10時00分～22時00分
2024-03-02 土曜日 11時00分～21時00分
2024-03-03 日曜日 定休日
2024-03-04 月曜日 10時00分～22時00分
2024-03-05 火曜日 10時00分～22時00分
2024-03-06 水曜日 10時00分～22時00分
",1.0,139.864575,35.686742,東京,船堀駅,323.0,船堀駅|東大島駅|一之江駅,0.0,江戸川区,西葛西,西葛西,area:西葛西|feature:24h|feature:midnight,0,,0
U210 【立川レンタルダンススタジオ】,〒190-0022 東京都立川市錦町２丁目２-２８ ＹＳ立川第二ビル １階,,https://www.studiou210.com/,070-6484-1881,"オーナーが女性と確認されたビジネス2024-02-29 木曜日 10時00分～22時00分
2024-03-01 金曜日 10時00分～22時00分
2024-03-02 土曜日 10時00分～22時00分
2024-03-03 日曜日 10時00分～22時00分
2024-03-04 月曜日 10時00分～22時00分
2024-03-05 火曜日 10時00分～22時00分
2024-03-06 水曜日 10時00分～22時00分
",1.0,139.4156778,35.6950505,東京,立川駅,406.0,立川駅,1.0,立川市,立川,立川,area:立川|station:立川駅|feature:24h|feature:midnight,0,,0
UBクリエイティブベース,〒448-0011 愛知県刈谷市築地町２丁目１６-２,,https://www.ubcb.jp/,0566-87-1409,"2024-02-29 木曜日 10時00分～22時00分
2024-03-01 金曜日 10時00分～22時00分
2024-03-02 土曜日 10時00分～18時00分
2024-03-03 日曜日 10時00分～18時00分
2024-03-04 月曜日 10時00分～22時00分
2024-03-05 火曜日 10時00分～22時00分
2024-03-06 水曜日 10時00分～22時00分
",1.0,137.0198091,35.013974,東京,一ツ木駅,506.0,一ツ木駅|富士松駅,0.0,その他,その他,その他,feature:24h|feature:midnight,0,,0
VERONICA FIT,〒104-0032 東京都中央区八丁堀２丁目１９-６ ヤサカ八丁堀ビルB1,,https://veronicafit.tokyo/,03-4288-8680,"2024-02-29 木曜日 10時00分～22時00分
2024-03-01 金曜日 10時00分～22時00分
2024-03-02 土曜日 10時00分～22時00分
2024-03-03 日曜日 10時00分～22時00分
2024-03-04 月曜日 10時00分～22時00分
2024-03-05 火曜日 10時00分～22時00分
2024-03-06 水曜日 10時00分～22時00分
",1.0,139.7764773,35.6758355,東京,東京駅,1036.0,東京駅|有楽町駅,2.0,中央区,銀座,銀座|日本橋|八丁堀|月島,area:銀座|station:東京駅|station:有楽町駅|feature:24h|feature:midnight,0,,0
BUZZ渋谷MARKCITY,〒150-0043 東京都渋谷区道玄坂１丁目１７ 9BUZZビル,https://dance-studio-lab.com/room/MTJmOWU1NGQtYmViZC00YWEzLWI5Y2ItNGFhYzU3YTAyZTBk/detail,,,"2024-02-29 木曜日 24 時間営業
2024-03-01 金曜日 24 時間営業
2024-03-02 土曜日 24 時間営業
2024-03-03 日曜日 24 時間営業
2024-03-04 月曜日 24 時間営業
2024-03-05 火曜日 24 時間営業
2024-03-06 水曜日 24 時間営業
",1.0,139.6969607,35.6570257,東京,渋谷駅,437.0,渋谷駅,1.0,渋谷区,渋谷,渋谷|恵比寿|代官山|原宿,area:渋谷|station:渋谷駅|feature:24h|feature:mirror|feature:midnight,1,https://dance-studio-lab.com/room/MTJmOWU1NGQtYmViZC00YWEzLWI5Y2ItNGFhYzU3YTAyZTBk/detail,100
World of Dance Studios Tokyo,〒180-0004 東京都武蔵野市吉祥寺本町１丁目２４-７ 吉祥寺光ビル 6F,,https://wod-studio.tokyo/?utm_source=google&utm_medium=maps&utm_id=googlemybusiness,0422-29-3048,"2024-02-29 木曜日 16時30分～22時00分
2024-03-01 金曜日 18時00分～22時00分
2024-03-02 土曜日 12時00分～22時00分
2024-03-03 日曜日 10時30分～22時00分
2024-03-04 月曜日 定休日
2024-03-05 火曜日 18時00分～22時00分
2024-03-06 水曜日 15時00分～22時00分
",1.0,139.5814103,35.703487,東京,吉祥寺駅,146.0,吉祥寺駅,1.0,武蔵野市,吉祥寺,吉祥寺,area:吉祥寺|station:吉祥寺駅|feature:24h|feature:midnight,0,,0
Y'sホール三鷹,〒181-0004 東京都三鷹市新川６丁目８-１０ サンシャインビル B1,,https://yshall-mitaka.jp/,0422-24-7332,"2024-02-29 木曜日 10時00分～21時00分
2024-03-01 金曜日 10時00分～21時00分
2024-03-02 土曜日 10時00分～21時00分
2024-03-03 日曜日 10時00分～21時00分
2024-03-04 月曜日 10時00分～21時00分
2024-03-05 火曜日 10時00分～21時00分
2024-03-06 水曜日 10時00分～21時00分
",1.0,139.5682957,35.6785127,東京,なし,,,0.0,三鷹市,三鷹,三鷹,area:三鷹|feature:24h|feature:midnight,0,,0
ＹＡＲＩＴＡＹＵ‐ＢＡＬＬＥＴ・ＳＴＵＤＩＯ,〒206-0824 東京都稲城市若葉台２丁目４-２,,,042-350-2522,,1.0,139.470898,35.620338,東京,若葉台駅,181.0,若葉台駅|はるひ野駅|黒川駅|栗平駅,0.0,稲城市,稲城,稲城,area:稲城,0,,0
YBS Yukino Ballet Studio,〒156-0041 東京都世田谷区大原２丁目２３-１５ 大原アジアビル 7階,,https://yukino-ballet-studio.com/,03-6379-2380,"オーナーが女性と確認されたビジネス2024-02-29 木曜日 15時00分～20時00分
2024-03-01 金曜日 15時00分～20時00分
2024-03-02 土曜日 15時00分～20時00分
2024-03-03 日曜日 定休日
2024-03-04 月曜日 15時00分～20時00分
2024-03-05 火曜日 15時00分～20時00分
2024-03-06 水曜日 15時00分～20時00分
",1.0,139.6603967,35.6722715,東京,代田橋駅,205.0,代田橋駅|笹塚駅|明大前駅|新代田駅|東松原駅|方南町駅|下北沢駅|東北沢駅|世田谷代田駅|幡ヶ谷駅,0.0,世田谷区,下北沢,下北沢|三軒茶屋|二子玉川|自由が丘,area:下北沢|feature:24h|feature:midnight,0,,0
YKAダンススタジオ(横浜のK-POPダンススクール),〒231-0023 神奈川県横浜市中区山下町１５７ 青木ビル,,https://yka-dance.com/,080-4624-9889,"2024-02-29 木曜日 12時30分～21時30分
2024-03-01 金曜日 12時30分～21時30分
2024-03-02 土曜日 12時30分～21時30分
2024-03-03 日曜日 12時30分～21時30分
2024-03-04 月曜日 12時30分～21時30分
2024-03-05 火曜日 12時30分～21時30分
2024-03-06 水曜日 12時30分～21時30分
",1.0,139.6450099,35.4439629,東京,日本大通り駅,386.0,日本大通り駅|元町・中華街 (山下公園)駅|石川町(元町・中華街)駅|関内駅|馬車道駅|伊勢佐木長者町駅|桜木町駅|日ノ出町駅|みなとみらい駅|山手駅,0.0,その他,その他,その他,feature:24h|feature:midnight,0,,0
YOKOTA BASE STUDIO,〒194-0013 東京都町田市原町田１丁目６-２４ 田島第二ビル,,https://yokotabasestudio.com/,042-723-4888,"2024-02-29 木曜日 11時00分～23時00分
2024-03-01 金曜日 11時00分～23時00分
2024-03-02 土曜日 11時00分～23時00分
2024-03-03 日曜日 11時00分～23時00分
2024-03-04 月曜日 11時00分～23時00分
2024-03-05 火曜日 11時00分～23時00分
2024-03-06 水曜日 11時00分～23時00分
",1.0,139.446996,35.53974,東京,町田駅,257.0,町田駅,1.0,町田市,町田,町田,area:町田|station:町田駅|feature:24h|feature:midnight,0,,0
YR CLUB HOUSE 国領店,〒182-0022 東京都調布市国領町３丁目１０-４,,http://yrch.jp/,042-426-7711,"2024-02-29 木曜日 定休日
2024-03-01 金曜日 9時30分～13時30分
2024-03-02 土曜日 9時30分～13時30分
2024-03-03 日曜日 9時30分～13時30分
2024-03-04 月曜日 9時30分～13時30分
2024-03-05 火曜日 9時30分～13時30分
2024-03-06 水曜日 9時30分～13時30分
",1.0,139.5593979,35.6499262,東京,国領駅,89.0,国領駅|布田駅|柴崎駅|調布駅|つつじヶ丘駅,0.0,調布市,調布,調布,area:調布|feature:24h|feature:midnight,0,,0
Z-RAHZ DANCE STUDIO,〒106-0046 東京都港区元麻布１丁目２-２,,http://studio.z-rahz.com/,03-6434-9118,"2024-02-29 木曜日 11時00分～20時00分
2024-03-01 金曜日 11時00分～20時00分
2024-03-02 土曜日 11時00分～20時00分
2024-03-03 日曜日 11時00分～16時00分
2024-03-04 月曜日 11時00分～20時00分
2024-03-05 火曜日 11時00分～20時00分
2024-03-06 水曜日 11時00分～20時00分
",1.0,139.7324618,35.654979,東京,麻布十番駅,192.0,麻布十番駅|六本木駅,2.0,港区,六本木,六本木|赤坂|麻布|新橋,area:六本木|station:麻布十番駅|station:六本木駅|feature:24h|feature:midnight,0,,0
ZITA アルゼンチンタンゴ,"Tokyo, 塚原ビル 4F, ２丁目-２７-２ 上大崎 品川区 東京都 141-0021",,https://www.laestacion.jp/,080-6660-6864,"2024-02-29 木曜日 12時00分～23時30分
2024-03-01 金曜日 12時00分～23時30分
2024-03-02 土曜日 12時00分～23時30分
2024-03-03 日曜日 定休日
2024-03-04 月曜日 12時00分～23時30分
2024-03-05 火曜日 12時00分～23時30分
2024-03-06 水曜日 12時00分～23時30分
",1.0,139.7150127,35.6343452,東京,目黒駅,83.0,目黒駅|五反田駅,2.0,品川区,品川,品川|五反田|大井町|目黒,area:品川|station:目黒駅|station:五反田駅|feature:24h|feature:midnight,0,,0
Zsa Zsa Zsu Dance Studio ザザズ,〒112-0014 東京都文京区関口１丁目４８-５ 第２榎本ビル 2階,,https://zsazsazsu-studio.com/,03-5579-2424,"2024-02-29 木曜日 16時00分～21時00分
2024-03-01 金曜日 16時00分～21時00分
2024-03-02 土曜日 10時30分～20時30分
2024-03-03 日曜日 10時00分～15時30分
2024-03-04 月曜日 16時00分～22時00分
2024-03-05 火曜日 16時00分～21時30分
2024-03-06 水曜日 16時00分～21時00分
",1.0,139.7302564,35.7093863,東京,江戸川橋駅,249.0,江戸川橋駅|神楽坂駅|早稲田駅|茗荷谷駅|牛込神楽坂駅|護国寺駅|牛込柳町駅|面影橋駅|飯田橋駅|若松河田駅,0.0,文京区,後楽園,後楽園,area:後楽園|feature:24h|feature:midnight,0,,0
Zsa Zsa Zsu Studio,〒112-0014 東京都文京区関口１丁目６-９ 川田ビル 1階,,https://zsazsazsu-studio.com/,03-5579-2424,"2024-02-29 木曜日 13時00分～21時30分
2024-03-01 金曜日 13時00分～21時30分
2024-03-02 土曜日 13時00分～21時00分
2024-03-03 日曜日 13時00分～21時30分
2024-03-04 月曜日 13時00分～21時30分
2024-03-05 火曜日 13時00分～21時30分
2024-03-06 水曜日 13時00分～21時30分
",1.0,139.732117,35.708224,東京,江戸川橋駅,184.0,江戸川橋駅|神楽坂駅|牛込神楽坂駅|早稲田駅|茗荷谷駅|牛込柳町駅|護国寺駅|飯田橋駅|若松河田駅|面影橋駅,0.0,文京区,後楽園,後楽園,area:後楽園|feature:24h|feature:midnight,0,,0
アートクリエイションスタジオ,〒214-0036 神奈川県川崎市多摩区南生田３丁目３-５ １Ｆ,,https://sites.google.com/view/acs-ikuta,090-7179-8172,,1.0,139.5329913,35.605983,東京,読売ランド前駅,1078.0,読売ランド前駅|生田駅|百合ヶ丘駅,0.0,その他,その他,その他,,0,,0
アートスタジオバレエ,〒206-0812 東京都稲城市矢野口１６６５,,http://art-studio-ballet.jp/,042-378-3409,,1.0,139.5172138,35.6358457,東京,京王よみうりランド駅,329.0,京王よみうりランド駅|矢野口駅|京王稲田堤駅|稲城駅|稲城長沼駅|稲田堤駅,0.0,稲城市,稲城,稲城,area:稲城,0,,0
あいしまバレエスクール,〒185-0012 東京都国分寺市本町４丁目２０-１０ スタジオ司内 B1F Aホール,,http://aishima-ballet.com/,042-545-2020,,1.0,139.477449,35.702552,東京,国分寺駅,378.0,国分寺駅,1.0,国分寺市,国分寺,国分寺,area:国分寺|station:国分寺駅,0,,0
アイスタジオ,〒201-0014 東京都狛江市東和泉３丁目６-４ １F＆BF 泉プラザ,,http://www.iistudio.jp/,03-3489-2433,,1.0,139.5751522,35.6261495,東京,和泉多摩川駅,181.0,和泉多摩川駅|狛江駅|登戸駅|宿河原駅|向ヶ丘遊園駅|喜多見駅,0.0,狛江市,狛江,狛江,area:狛江,0,,0
あおちゃんダンスコミュニケーション サルサダンス ブラジルダンス 認知症予防ダンス,〒110-0003 東京都台東区根岸２丁目１２-１１,,https://danceclub.jp/,080-1253-1003,"2024-02-29 木曜日 10時00分～22時00分
2024-03-01 金曜日 10時00分～22時00分
2024-03-02 土曜日 10時00分～22時00分
2024-03-03 日曜日 10時00分～22時00分
2024-03-04 月曜日 10時00分～22時00分
2024-03-05 火曜日 10時00分～22時00分
2024-03-06 水曜日 10時00分～22時00分
",1.0,139.7780016,35.7245827,東京,日暮里駅,726.0,日暮里駅,1.0,台東区,上野,上野|浅草|御徒町|蔵前,area:上野|station:日暮里駅|feature:24h|feature:midnight,0,,0
アカペラスタジオ ベースオントップ吉祥寺店,〒180-0004 東京都武蔵野市吉祥寺本町１丁目２０-３ B1F,,https://bassontop.tokyo.jp/a-cappella_kichijoji/,0422-27-1334,"2024-02-29 木曜日 24 時間営業
2024-03-01 金曜日 24 時間営業
2024-03-02 土曜日 24 時間営業
2024-03-03 日曜日 24 時間営業
2024-03-04 月曜日 24 時間営業
2024-03-05 火曜日 24 時間営業
2024-03-06 水曜日 24 時間営業
",1.0,139.5817998,35.7054717,東京,吉祥寺駅,312.0,吉祥寺駅,1.0,武蔵野市,吉祥寺,吉祥寺,area:吉祥寺|station:吉祥寺駅|feature:24h|feature:midnight,0,,0
アカペラスタジオベースオントップ池袋東口店,〒171-0022 東京都豊島区南池袋２丁目２４-５ 加藤ビル B1,,https://bassontop.tokyo.jp/a-cappella_ikebukurohigashi/,03-6384-4070,"2024-02-29 木曜日 10時00分～23時30分
2024-03-01 金曜日 10時00分～23時30分
2024-03-02 土曜日 8時00分～23時30分
2024-03-03 日曜日 8時00分～23時30分
2024-03-04 月曜日 10時00分～23時30分
2024-03-05 火曜日 10時00分～23時30分
2024-03-06 水曜日 10時00分～23時30分
",1.0,139.7133928,35.727352,東京,池袋駅,323.0,池袋駅,1.0,豊島区,池袋,池袋|目白|大塚|巣鴨,area:池袋|station:池袋駅|feature:24h|feature:midnight,0,,0
アクセ・スタジオ,〒169-0075 東京都新宿区高田馬場４丁目１-７,,http://accestudio.com/,03-3371-5222,"2024-02-29 木曜日 9時00分～0時00分
2024-03-01 金曜日 9時00分～0時00分
2024-03-02 土曜日 9時00分～0時00分
2024-03-03 日曜日 9時00分～0時00分
2024-03-04 月曜日 9時00分～0時00分
2024-03-05 火曜日 9時00分～0時00分
2024-03-06 水曜日 9時00分～0時00分",1.0,139.7025253,35.7101822,東京,高田馬場駅,260.0,高田馬場駅|新大久保駅,2.0,新宿区,新宿,新宿|西新宿|高田馬場|新大久保,area:新宿|station:高田馬場駅|station:新大久保駅|feature:24h|feature:midnight,0,,0
アックミーエアリアルスタジオ ACME AERIAL STUDIO 36,〒168-0064 東京都杉並区永福４丁目８-１４,,https://www.acmejapan54.com/,03-6754-8505,"オーナーが女性と確認されたビジネス2024-02-29 木曜日 11時00分～21時00分
2024-03-01 金曜日 定休日
2024-03-02 土曜日 11時00分～17時00分
2024-03-03 日曜日 11時00分～18時00分
2024-03-04 月曜日 定休日
2024-03-05 火曜日 11時00分～21時00分
2024-03-06 水曜日 11時00分～21時00分
",1.0,139.6425873,35.6784399,東京,永福町駅,241.0,永福町駅|西永福駅|明大前駅|下高井戸駅|浜田山駅|方南町駅|桜上水駅|代田橋駅,0.0,杉並区,高円寺,高円寺,area:高円寺|feature:24h|feature:midnight,0,,0
アトリエ ベラーノ,〒157-0062 東京都世田谷区南烏山４丁目１３-３ スター ホームズ 千歳烏山 地階118号 スターホームズ千歳烏山,,http://verano.tokyo/,070-4095-8959,,1.0,139.601408,35.669976,東京,千歳烏山駅,195.0,千歳烏山駅|芦花公園駅|八幡山駅|仙川駅|富士見ヶ丘駅|高井戸駅|上北沢駅,0.0,世田谷区,下北沢,下北沢|三軒茶屋|二子玉川|自由が丘,area:下北沢,0,,0
アミューゼダンススポーツクラブ,〒470-0348 愛知県豊田市貝津町柚木１３９-１,,https://amuserdance.com/,0565-46-4447,"2024-02-29 木曜日 11時00分～21時00分
2024-03-01 金曜日 11時00分～21時00分
2024-03-02 土曜日 13時00分～18時00分
2024-03-03 日曜日 定休日
2024-03-04 月曜日 11時00分～21時00分
2024-03-05 火曜日 11時00分～21時00分
2024-03-06 水曜日 11時00分～21時00分
",1.0,137.146732,35.1332915,東京,貝津駅,142.0,貝津駅|保見駅|浄水駅|四郷駅|上豊田駅,0.0,その他,その他,その他,feature:24h|feature:midnight,0,,0
アメリカンスタイル専門の社交ダンスサークル 【Sunday Dance Cafe】,〒144-0051 東京都大田区西蒲田６丁目３２-１３ 月村マンション １F,,https://sundaydancecafe.hp.peraichi.com/,03-6424-9580,"2024-02-29 木曜日 定休日
2024-03-01 金曜日 定休日
2024-03-02 土曜日 定休日
2024-03-03 日曜日 10時00分～12時00分
2024-03-04 月曜日 定休日
2024-03-05 火曜日 定休日
2024-03-06 水曜日 定休日
",1.0,139.7095871,35.5646925,東京,蒲田駅,633.0,蒲田駅,1.0,大田区,蒲田,蒲田,area:蒲田|station:蒲田駅|feature:24h|feature:midnight,0,,0
あやこバレエスタジオ,〒156-0051 東京都世田谷区４６ 宮坂3-46-3-1F,,http://ayako-ballet-studio.tokyo/,090-8773-6789,,1.0,139.632418,35.654882,東京,経堂駅,569.0,経堂駅|松原駅|千歳船橋駅|山下駅|豪徳寺駅|宮の坂駅|桜上水駅|下高井戸駅|上北沢駅|上町駅,0.0,世田谷区,下北沢,下北沢|三軒茶屋|二子玉川|自由が丘,area:下北沢,0,,0
アリスト バレエスタジオ,〒155-0031 東京都世田谷区北沢２丁目９-２１ ミナミ10号館ビル 4階,,https://aristoballetstudio.com/,03-3485-1522,,1.0,139.6690061,35.6621738,東京,下北沢駅,51.0,下北沢駅,1.0,世田谷区,下北沢,下北沢|三軒茶屋|二子玉川|自由が丘,area:下北沢|station:下北沢駅,0,,0
レンタルスタジオ三ノ輪,〒110-0011 東京都台東区三ノ輪１丁目１０-９ GATTINO 1F,,http://rental.studio-minowa.com/,,"2024-02-29 木曜日 24 時間営業
2024-03-01 金曜日 24 時間営業
2024-03-02 土曜日 24 時間営業
2024-03-03 日曜日 24 時間営業
2024-03-04 月曜日 24 時間営業
2024-03-05 火曜日 24 時間営業
2024-03-06 水曜日 24 時間営業
",1.0,139.7918484,35.7277,東京,三ノ輪駅,219.0,三ノ輪駅|荒川一中前駅|荒川区役所前駅|南千住駅|入谷駅|荒川二丁目駅|鶯谷駅|三河島駅|浅草駅|千住大橋駅,0.0,台東区,上野,上野|浅草|御徒町|蔵前,area:上野|feature:24h|feature:midnight,0,,0
レンタルスタジオODORU,〒110-0015 東京都台東区東上野３丁目１８-１ B1,,https://odorudance.jp/,,"2024-02-29 木曜日 24 時間営業
2024-03-01 金曜日 24 時間営業
2024-03-02 土曜日 24 時間営業
2024-03-03 日曜日 24 時間営業
2024-03-04 月曜日 24 時間営業
2024-03-05 火曜日 24 時間営業
2024-03-06 水曜日 24 時間営業
",1.0,139.7774888,35.7109093,東京,上野駅,319.0,上野駅,1.0,台東区,上野,上野|浅草|御徒町|蔵前,area:上野|station:上野駅|feature:24h|feature:midnight,0,,0
アルゼンチンタンゴ・ダンス チケ,〒160-0011 東京都新宿区若葉１丁目１-１ 2F,,https://tangochique.com/,03-6384-2988,"2024-02-29 木曜日 10時00分～23時00分
2024-03-01 金曜日 10時00分～23時00分
2024-03-02 土曜日 10時00分～23時00分
2024-03-03 日曜日 10時00分～22時00分
2024-03-04 月曜日 10時00分～23時00分
2024-03-05 火曜日 10時00分～23時00分
2024-03-06 水曜日 10時00分～23時00分
",1.0,139.7230165,35.6873605,東京,四谷三丁目駅,225.0,四谷三丁目駅|曙橋駅|四ツ谷駅|信濃町駅|新宿御苑前駅|国立競技場駅|市ケ谷駅|千駄ケ谷駅|麹町駅|牛込柳町駅,0.0,新宿区,新宿,新宿|西新宿|高田馬場|新大久保,area:新宿|feature:24h|feature:midnight,0,,0
アルゼンチンタンゴ協会,〒104-0061 東京都中央区銀座７丁目１４-７ 共栄銀座７丁目ビル,,http://tangokyoukai.com/,03-3544-5600,"2024-02-29 木曜日 12時00分～21時00分
2024-03-01 金曜日 12時00分～23時00分
2024-03-02 土曜日 12時00分～21時00分
2024-03-03 日曜日 12時00分～21時00分
2024-03-04 月曜日 12時00分～21時00分
2024-03-05 火曜日 12時00分～21時00分
2024-03-06 水曜日 12時00分～21時00分
",1.0,139.7648953,35.6672646,東京,新橋駅,579.0,新橋駅|有楽町駅,2.0,中央区,銀座,銀座|日本橋|八丁堀|月島,area:銀座|station:新橋駅|station:有楽町駅|feature:24h|feature:midnight,0,,0
NOAダンスアカデミー 秋葉原校,〒101-0021 東京都千代田区外神田６丁目１４-８ 秋葉原ノアビル9F,,https://www.noadance.jp/,,"2024-02-29 木曜日 9時30分～23時30分
2024-03-01 金曜日 9時30分～23時30分
2024-03-02 土曜日 10時00分～22時00分
2024-03-03 日曜日 10時00分～22時00分
2024-03-04 月曜日 9時30分～23時30分
2024-03-05 火曜日 9時30分～23時30分
2024-03-06 水曜日 9時30分～23時30分
",1.0,139.771522,35.7035015,東京,秋葉原駅,589.0,秋葉原駅,1.0,千代田区,秋葉原,秋葉原,area:秋葉原|station:秋葉原駅|feature:24h|feature:midnight,0,,0
ムーンプレイス レンタルスタジオ蔵前,〒111-0043 東京都台東区駒形２丁目１-５ ３階,,https://kashispace.com/room/detail?id=5058,,"2024-02-29 木曜日 24 時間営業
2024-03-01 金曜日 24 時間営業
2024-03-02 土曜日 24 時間営業
2024-03-03 日曜日 24 時間営業
2024-03-04 月曜日 24 時間営業
2024-03-05 火曜日 24 時間営業
2024-03-06 水曜日 24 時間営業
",1.0,139.7946164,35.705282,東京,蔵前駅,224.0,蔵前駅|浅草駅,2.0,台東区,上野,上野|浅草|御徒町|蔵前,area:上野|station:蔵前駅|station:浅草駅|feature:24h|feature:midnight,0,,0
アルファビデオレンタルスタジオ,〒107-0051 東京都港区元赤坂１丁目５-７ ラベリテ赤坂 1階,,https://www.alphavideo.co.jp/service/studio/,03-5412-0707,"2024-02-29 木曜日 10時00分～17時00分
2024-03-01 金曜日 10時00分～17時00分
2024-03-02 土曜日 定休日
2024-03-03 日曜日 定休日
2024-03-04 月曜日 10時00分～17時00分
2024-03-05 火曜日 10時00分～17時00分
2024-03-06 水曜日 10時00分～17時00分
",1.0,139.7338085,35.6776833,東京,赤坂駅,534.0,赤坂駅|青山一丁目駅,2.0,港区,六本木,六本木|赤坂|麻布|新橋,area:六本木|station:赤坂駅|station:青山一丁目駅|feature:24h|feature:midnight,0,,0
スタジオブライト｜レンタル撮影スタジオ（完全予約制）,〒111-0051 東京都台東区蔵前４丁目３６-１３ タイルビル 4F,,https://studiobright.co.jp/,,"2024-02-29 木曜日 9時00分～18時00分
2024-03-01 金曜日 9時00分～18時00分
2024-03-02 土曜日 9時00分～18時00分
2024-03-03 日曜日 定休日
2024-03-04 月曜日 9時00分～18時00分
2024-03-05 火曜日 9時00分～18時00分
2024-03-06 水曜日 9時00分～18時00分
",1.0,139.7888734,35.7059315,東京,蔵前駅,381.0,蔵前駅|浅草駅,2.0,台東区,上野,上野|浅草|御徒町|蔵前,area:上野|station:蔵前駅|station:浅草駅|feature:24h|feature:shooting|feature:midnight,0,,0
アロハホヌアフラスタジオ&レンタルスタジオ経堂,〒156-0052 東京都世田谷区経堂１丁目５-６ パルファム経堂 B1,,https://alohahonua.net/,090-1208-0802,"オーナーが女性と確認されたビジネス2024-02-29 木曜日 定休日
2024-03-01 金曜日 19時00分～22時00分
2024-03-02 土曜日 14時00分～18時00分
2024-03-03 日曜日 定休日
2024-03-04 月曜日 19時30分～20時30分
2024-03-05 火曜日 14時00分～20時30分
2024-03-06 水曜日 10時00分～12時30分
",1.0,139.6364491,35.6482219,東京,経堂駅,334.0,経堂駅|宮の坂駅|上町駅|山下駅|千歳船橋駅|豪徳寺駅|世田谷駅|松原駅|松陰神社前駅|梅ヶ丘駅,0.0,世田谷区,下北沢,下北沢|三軒茶屋|二子玉川|自由が丘,area:下北沢|feature:24h|feature:midnight,0,,0
スタジオHIKARI 上野,〒110-0003 東京都台東区根岸１丁目１-１５ ルンビニフードカフェ鶯谷店 4階,,https://hikari-studio.net/ueno/,,,1.0,139.7805145,35.7206658,東京,上野駅,822.0,上野駅|日暮里駅,2.0,台東区,上野,上野|浅草|御徒町|蔵前,area:上野|station:上野駅|station:日暮里駅,0,,0
スタジオジパング 上野スタジオSTANDARD,"〒110-0015 東京都台東区東上野３丁目１４-１２, Ueno Bldg., B1 旧 辻井ビル",,https://studiozipang.com/,,"2024-02-29 木曜日 24 時間営業
2024-03-01 金曜日 24 時間営業
2024-03-02 土曜日 24 時間営業
2024-03-03 日曜日 24 時間営業
2024-03-04 月曜日 24 時間営業
2024-03-05 火曜日 24 時間営業
2024-03-06 水曜日 24 時間営業
",1.0,139.7793572,35.7105635,東京,上野駅,404.0,上野駅,1.0,台東区,上野,上野|浅草|御徒町|蔵前,area:上野|station:上野駅|feature:24h|feature:midnight,0,,0
イシカワヒロユキダンススタジオ,〒192-0081 東京都八王子市横山町３-６,,https://ishi-hiro-d-s.com/,042-642-1056,"2024-02-29 木曜日 12時00分～21時00分
2024-03-01 金曜日 12時00分～21時00分
2024-03-02 土曜日 12時00分～21時00分
2024-03-03 日曜日 12時00分～21時00分
2024-03-04 月曜日 12時00分～21時00分
2024-03-05 火曜日 12時00分～21時00分
2024-03-06 水曜日 12時00分～21時00分
",1.0,139.3390344,35.6595739,東京,八王子駅,437.0,八王子駅,1.0,八王子市,八王子,八王子,area:八王子|station:八王子駅|feature:24h|feature:midnight,0,,0
ミライスタジオ御茶ノ水,〒101-0062 東京都千代田区神田駿河台２丁目４-２,,https://studio-mirai55.com/,,"2024-02-29 木曜日 6時00分～0時00分
2024-03-01 金曜日 6時00分～0時00分
2024-03-02 土曜日 6時00分～0時00分
2024-03-03 日曜日 6時00分～0時00分
2024-03-04 月曜日 6時00分～0時00分
2024-03-05 火曜日 6時00分～0時00分
2024-03-06 水曜日 6時00分～0時00分
",1.0,139.7636274,35.6996099,東京,秋葉原駅,962.0,秋葉原駅,1.0,千代田区,秋葉原,秋葉原,area:秋葉原|station:秋葉原駅|feature:24h|feature:midnight,0,,0
LIBRA SQUARE 三ノ輪スタジオ,〒116-0003 東京都荒川区南千住１丁目１５-４,,http://liberus-grp.com/studio/,,,1.0,139.7923941,35.7322534,東京,三ノ輪駅,307.0,三ノ輪駅|荒川一中前駅|荒川区役所前駅|南千住駅|荒川二丁目駅|千住大橋駅|荒川七丁目駅|三河島駅|入谷駅|町屋駅,0.0,荒川区,日暮里,日暮里,area:日暮里,0,,0
ウスイダンススクール,〒162-0045 東京都新宿区馬場下町６-１ ビューロタカハシ ４F,,https://usui-dance.com/,03-6205-9542,"2024-02-29 木曜日 12時00分～22時00分
2024-03-01 金曜日 12時00分～22時00分
2024-03-02 土曜日 12時00分～19時00分
2024-03-03 日曜日 定休日
2024-03-04 月曜日 12時00分～22時00分
2024-03-05 火曜日 12時00分～22時00分
2024-03-06 水曜日 12時00分～22時00分",1.0,139.719721,35.705801,東京,早稲田駅,134.0,早稲田駅|若松河田駅|牛込柳町駅|面影橋駅|西早稲田駅|江戸川橋駅|神楽坂駅|学習院下駅|東新宿駅|曙橋駅,0.0,新宿区,新宿,新宿|西新宿|高田馬場|新大久保,area:新宿|feature:24h|feature:midnight,0,,0
ウチノダンススタジオ,〒136-0071 東京都江東区亀戸２丁目３７-９ 第一不動産ビル,,,03-3681-2151,,1.0,139.825139,35.700939,東京,錦糸町駅,1101.0,錦糸町駅,1.0,江東区,豊洲,豊洲,area:豊洲|station:錦糸町駅,0,,0
スタジオジパング大久保,〒169-0073 東京都新宿区百人町１丁目２３ みなみビル B1,,https://studiozipang.com/okubo-standard/,,"2024-02-29 木曜日 24 時間営業
2024-03-01 金曜日 24 時間営業
2024-03-02 土曜日 24 時間営業
2024-03-03 日曜日 24 時間営業
2024-03-04 月曜日 24 時間営業
2024-03-05 火曜日 24 時間営業
2024-03-06 水曜日 24 時間営業
",1.0,139.6974992,35.6991668,東京,新大久保駅,331.0,新大久保駅|西武新宿駅|新宿駅,3.0,新宿区,新宿,新宿|西新宿|高田馬場|新大久保,area:新宿|station:新大久保駅|station:西武新宿駅|station:新宿駅|feature:24h|feature:midnight,0,,0
折橋恵子フラメンコ教室 estudio EL ANGEL,〒169-0072 東京都新宿区大久保８-８ 2-8-8 青葉ビル(スタジオプリメラ内,,https://estudioelangel.com/,,"2024-02-29 木曜日 定休日
2024-03-01 金曜日 定休日
2024-03-02 土曜日 11時30分～15時30分
2024-03-03 日曜日 定休日
2024-03-04 月曜日 定休日
2024-03-05 火曜日 定休日
2024-03-06 水曜日 定休日
",1.0,139.7074425,35.7026564,東京,新大久保駅,685.0,新大久保駅|西武新宿駅|高田馬場駅,3.0,新宿区,新宿,新宿|西新宿|高田馬場|新大久保,area:新宿|station:新大久保駅|station:西武新宿駅|station:高田馬場駅|feature:24h|feature:midnight,0,,0
修子バレエアカデミー,"ニュータウンオークボ 1F, ３丁目-１０-１ 大久保 新宿区 東京都 169-0072",,https://www.shukoballetacademy.jp/,,"2024-02-29 木曜日 11時15分～12時45分
2024-03-01 金曜日 11時15分～12時45分
2024-03-02 土曜日 10時00分～19時00分
2024-03-03 日曜日 10時30分～17時30分
2024-03-04 月曜日 16時20分～20時45分
2024-03-05 火曜日 17時10分～21時20分
2024-03-06 水曜日 19時15分～20時45分
",1.0,139.7051277,35.708606,東京,高田馬場駅,427.0,高田馬場駅|新大久保駅,2.0,新宿区,新宿,新宿|西新宿|高田馬場|新大久保,area:新宿|station:高田馬場駅|station:新大久保駅|feature:24h|feature:midnight,0,,0
BUZZ レンタルスタジオ 神田店,〒101-0047 東京都千代田区内神田２丁目９-９ 神田西口ビル B1F,https://dance-studio-lab.com/room/ODJkZDE5YzQtMTlhZS00NjNlLWJlZTQtNDA3NTU3MTQ5NDg5/detail,,,"2024-02-29 木曜日 24 時間営業
2024-03-01 金曜日 24 時間営業
2024-03-02 土曜日 24 時間営業
2024-03-03 日曜日 24 時間営業
2024-03-04 月曜日 24 時間営業
2024-03-05 火曜日 24 時間営業
2024-03-06 水曜日 24 時間営業
",1.0,139.7685026,35.6910964,東京,秋葉原駅,989.0,秋葉原駅|東京駅,2.0,千代田区,秋葉原,秋葉原,area:秋葉原|station:秋葉原駅|station:東京駅|feature:24h|feature:mirror|feature:midnight,1,https://dance-studio-lab.com/room/ODJkZDE5YzQtMTlhZS00NjNlLWJlZTQtNDA3NTU3MTQ5NDg5/detail,100
BUZZ レンタルスタジオ 秋葉原店,〒101-0032 東京都千代田区岩本町２丁目６-１２ 曙ビル B1,,,,"2024-02-29 木曜日 24 時間営業
2024-03-01 金曜日 24 時間営業
2024-03-02 土曜日 24 時間営業
2024-03-03 日曜日 24 時間営業
2024-03-04 月曜日 24 時間営業
2024-03-05 火曜日 24 時間営業
2024-03-06 水曜日 24 時間営業
",1.0,139.7760139,35.6934279,東京,秋葉原駅,606.0,秋葉原駅,1.0,千代田区,秋葉原,秋葉原,area:秋葉原|station:秋葉原駅|feature:24h|feature:midnight,0,,0
バレエアーツ秋葉原,〒101-0021 東京都千代田区外神田３丁目４-７ 昌平童夢館,,http://ballet-kba.com/,,,1.0,139.7699203,35.7012228,東京,秋葉原駅,480.0,秋葉原駅,1.0,千代田区,秋葉原,秋葉原,area:秋葉原|station:秋葉原駅,0,,0
D→TA (ディータ),〒112-0001 東京都文京区白山５丁目３３-１４ 2階,,https://peraichi.com/landing_pages/view/dta,,"LGBTQ フレンドリー2024-02-29 木曜日 定休日
2024-03-01 金曜日 10時30分～12時00分
2024-03-02 土曜日 定休日
2024-03-03 日曜日 定休日
2024-03-04 月曜日 定休日
2024-03-05 火曜日 17時00分～20時00分
2024-03-06 水曜日 17時00分～20時00分
",1.0,139.752414,35.7225605,東京,白山駅,150.0,白山駅|本駒込駅|東大前駅|千石駅|千駄木駅|根津駅|茗荷谷駅|後楽園駅|春日駅|駒込駅,0.0,文京区,後楽園,後楽園,area:後楽園|feature:24h|feature:midnight,0,,0
レンタルスタジオ YOGA SPICE 神保町,〒101-0065 東京都千代田区西神田２丁目３-２ 牧ビル 402号室,,https://yogaspice.jp/,,"LGBTQ フレンドリー2024-02-29 木曜日 6時00分～23時00分
2024-03-01 金曜日 6時00分～23時00分
2024-03-02 土曜日 6時00分～23時00分
2024-03-03 日曜日 6時00分～23時00分
2024-03-04 月曜日 6時00分～23時00分
2024-03-05 火曜日 6時00分～23時00分
2024-03-06 水曜日 6時00分～23時00分
",1.0,139.7553652,35.698058,東京,神保町駅,312.0,神保町駅|水道橋駅|九段下駅|御茶ノ水駅|竹橋駅|新御茶ノ水駅|飯田橋駅|小川町駅|本郷三丁目駅|春日駅,0.0,千代田区,秋葉原,秋葉原,area:秋葉原|feature:24h|feature:midnight,0,,0
ピラティスシェアスタジオ ｜PILATES TIME（ピラティスタイム） 神保町,〒101-0051 東京都千代田区神田神保町１丁目７-１１ 1F,,https://pilatestime.jp/,,"2024-02-29 木曜日 10時00分～21時00分
2024-03-01 金曜日 10時00分～21時00分
2024-03-02 土曜日 9時00分～17時00分
2024-03-03 日曜日 9時00分～17時00分
2024-03-04 月曜日 10時00分～21時00分
2024-03-05 火曜日 10時00分～21時00分
2024-03-06 水曜日 10時00分～21時00分
",1.0,139.7590386,35.6957659,東京,神保町駅,129.0,神保町駅|新御茶ノ水駅|竹橋駅|御茶ノ水駅|小川町駅|九段下駅|水道橋駅|神田駅|大手町駅|飯田橋駅,0.0,千代田区,秋葉原,秋葉原,area:秋葉原|feature:24h|feature:midnight,0,,0
エイベックス・ダンスマスタートータルフィットネスクラブわらわら ふじみ野,〒356-0056 埼玉県ふじみ野市うれし野２丁目１０-３５ アウトレットモールリズムE-2F １,,https://dancemaster.avex.jp/studios/%E3%83%88%E3%83%BC%E3%82%BF%E3%83%AB%E3%83%95%E3%82%A3%E3%83%83%E3%83%88%E3%83%8D%E3%82%B9%E3%82%AF%E3%83%A9%E3%83%96%E3%82%8F%E3%82%89%E3%82%8F%E3%82%89%E3%81%B5%E3%81%98%E3%81%BF%E9%87%8E,050-3487-0174,"2024-02-29 木曜日 定休日
2024-03-01 金曜日 9時30分～23時00分
2024-03-02 土曜日 9時30分～21時00分
2024-03-03 日曜日 9時30分～20時00分
2024-03-04 月曜日 9時30分～23時00分
2024-03-05 火曜日 9時30分～23時00分
2024-03-06 水曜日 9時30分～23時00分
",1.0,139.5246999,35.8581483,東京,ふじみ野駅,329.0,ふじみ野駅|鶴瀬駅,0.0,その他,その他,その他,feature:24h|feature:midnight,0,,0
キッズダンススタジオ Sunny Piece,〒350-0056 埼玉県川越市松江町１丁目７-５,,https://sunnypiece.jp/kawagoe,,"2024-02-29 木曜日 10時00分～20時00分
2024-03-01 金曜日 10時00分～20時00分
2024-03-02 土曜日 10時00分～20時00分
2024-03-03 日曜日 定休日
2024-03-04 月曜日 10時00分～20時00分
2024-03-05 火曜日 10時00分～20時00分
2024-03-06 水曜日 10時00分～20時00分
",1.0,139.48508,35.9174214,東京,本川越駅,548.0,本川越駅|川越市駅|川越駅,0.0,その他,その他,その他,feature:24h|feature:midnight,0,,0
エーススタジオ,〒190-0022 東京都立川市錦町１丁目１０-９ 米澤ビル 2F,,,042-540-6877,,1.0,139.4204483,35.6956244,東京,立川駅,698.0,立川駅,1.0,立川市,立川,立川,area:立川|station:立川駅,0,,0
エースダンススタジオ,"札幌ＮＳビル 4F, ２丁目-11 南２条西 中央区 札幌市 北海道 060-0062",,http://ace-dance.com/,011-231-8077,"2024-02-29 木曜日 13時00分～22時00分
2024-03-01 金曜日 13時00分～22時00分
2024-03-02 土曜日 13時00分～18時00分
2024-03-03 日曜日 定休日
2024-03-04 月曜日 13時00分～22時00分
2024-03-05 火曜日 13時00分～22時00分
2024-03-06 水曜日 13時00分～22時00分
",1.0,141.355172,43.0583928,東京,大通駅,247.0,大通駅|すすきの駅|豊水すすきの駅|バスセンター前駅|さっぽろ駅|中島公園駅|西１１丁目駅|札幌駅|菊水駅|学園前駅,0.0,中央区,銀座,銀座|日本橋|八丁堀|月島,area:銀座|feature:24h|feature:midnight,0,,0
えこてんハウススタジオ,〒176-0005 東京都練馬区旭丘１丁目７６-１０ 相枝ビル ４F,,https://ekoten.tokyo/rental-studio/,050-5326-1373,"2024-02-29 木曜日 24 時間営業
2024-03-01 金曜日 24 時間営業
2024-03-02 土曜日 24 時間営業
2024-03-03 日曜日 24 時間営業
2024-03-04 月曜日 24 時間営業
2024-03-05 火曜日 24 時間営業
2024-03-06 水曜日 24 時間営業
",1.0,139.6728137,35.7369615,東京,江古田駅,61.0,江古田駅|新江古田駅|新桜台駅|小竹向原駅|桜台駅|東長崎駅|千川駅|氷川台駅|練馬駅|落合南長崎駅,0.0,練馬区,練馬,練馬,area:練馬|feature:24h|feature:midnight,0,,0
エストゥディオのりこ,〒105-0004 東京都港区１６ 東京都港区 2-16-1 340,,http://estudio.lolipop.jp/,03-3591-5924,"2024-02-29 木曜日 10時30分～12時30分
2024-03-01 金曜日 定休日
2024-03-02 土曜日 定休日
2024-03-03 日曜日 定休日
2024-03-04 月曜日 定休日
2024-03-05 火曜日 18時30分～20時30分
2024-03-06 水曜日 18時30分～20時30分
",1.0,139.7576871,35.6661276,東京,新橋駅,85.0,新橋駅|有楽町駅|浜松町駅,3.0,港区,六本木,六本木|赤坂|麻布|新橋,area:六本木|station:新橋駅|station:有楽町駅|station:浜松町駅|feature:24h|feature:midnight,0,,0
エフィと虹色のヴェール十条スタジオ,〒114-0021 東京都北区岸町１丁目６-１９ 青葉ビル,,http://effieballetconcert.com/,03-3906-9434,,1.0,139.7350458,35.754817,東京,王子駅前駅,360.0,王子駅前駅|王子駅|飛鳥山駅|栄町駅|滝野川一丁目駅|西ヶ原四丁目駅|王子神谷駅|西ケ原駅|東十条駅|梶原駅,0.0,北区,赤羽,赤羽,area:赤羽,0,,0
エムズ・ダンスアカデミー 巣鴨第1教室,〒170-0002 東京都豊島区巣鴨１丁目２０-１０ 高木ビル ３Ｆ,,http://msdanca.cocolog-nifty.com/blog/,03-5978-6485,"2024-02-29 木曜日 13時00分～21時00分
2024-03-01 金曜日 13時00分～21時00分
2024-03-02 土曜日 13時00分～19時00分
2024-03-03 日曜日 定休日
2024-03-04 月曜日 13時00分～21時00分
2024-03-05 火曜日 13時00分～21時00分
2024-03-06 水曜日 13時00分～21時00分
",1.0,139.7407936,35.7311086,東京,巣鴨駅,291.0,巣鴨駅|千石駅|駒込駅|大塚駅|新大塚駅|巣鴨新田駅|本駒込駅|庚申塚駅|向原駅|新庚申塚駅,0.0,豊島区,池袋,池袋|目白|大塚|巣鴨,area:池袋|feature:24h|feature:midnight,0,,0
エルメスダンスカンパニー豊橋校,〒440-0897 愛知県豊橋市松葉町３丁目59 医療法人誠流会 まつば藤城歯科様建物1階 まつばスタジオ,,http://www.lahabana.co.jp/,052-220-3213,"2024-02-29 木曜日 定休日
2024-03-01 金曜日 定休日
2024-03-02 土曜日 定休日
2024-03-03 日曜日 定休日
2024-03-04 月曜日 19時30分～22時00分
2024-03-05 火曜日 定休日
2024-03-06 水曜日 定休日
",1.0,137.3835551,34.7670174,東京,豊橋駅,479.0,豊橋駅|新豊橋駅|船町駅|柳生橋駅|下地駅,0.0,その他,その他,その他,feature:24h|feature:midnight,0,,0
オガワ ダンス スタジオ,〒220-0023 神奈川県横浜市西区西区平沼１丁目３３-１,,http://www.yokohama-ogawadance.com/,045-316-6166,"2024-02-29 木曜日 13時00分～22時00分
2024-03-01 金曜日 13時00分～22時00分
2024-03-02 土曜日 13時00分～18時00分
2024-03-03 日曜日 定休日
2024-03-04 月曜日 13時00分～22時00分
2024-03-05 火曜日 13時00分～22時00分
2024-03-06 水曜日 13時00分～22時00分
",1.0,139.619914,35.4604514,東京,平沼橋駅,350.0,平沼橋駅|高島町駅|戸部駅|新高島駅|横浜駅|みなとみらい駅|西横浜駅|神奈川駅|桜木町駅|反町駅,0.0,その他,その他,その他,feature:24h|feature:midnight,0,,0
オギハラダンススクール,,,https://ogihara-ds.com/,050-1306-0395,,1.0,138.4293072,32.9998961,東京,なし,,,0.0,その他,その他,その他,,0,,0
オダケイジ・ダンスアカデミー,〒162-0041 東京都新宿区早稲田鶴巻町５２２ 牛山第一ビル,,http://odakeiji-dance.com/,03-6278-9976,"2024-02-29 木曜日 13時00分～22時00分
2024-03-01 金曜日 13時00分～22時00分
2024-03-02 土曜日 13時00分～19時00分
2024-03-03 日曜日 定休日
2024-03-04 月曜日 13時00分～22時00分
2024-03-05 火曜日 13時00分～22時00分
2024-03-06 水曜日 13時00分～22時00分
",1.0,139.7257866,35.707269,東京,早稲田駅,444.0,早稲田駅|江戸川橋駅|神楽坂駅|牛込柳町駅|若松河田駅|牛込神楽坂駅|面影橋駅|護国寺駅|茗荷谷駅|西早稲田駅,0.0,新宿区,新宿,新宿|西新宿|高田馬場|新大久保,area:新宿|feature:24h|feature:midnight,0,,0
WPG,〒171-0014 東京都豊島区池袋２丁目６８-９ ＭＩＢ 602号室,,,,,1.0,139.709427,35.7357457,東京,池袋駅,763.0,池袋駅,1.0,豊島区,池袋,池袋|目白|大塚|巣鴨,area:池袋|station:池袋駅,0,,0
Ayaka Ballet Academy,〒112-0014 東京都文京区関口１丁目３７-５ メイクIIビル 7階,,https://www.ayakaballetacademy.com/,,"2024-02-29 木曜日 定休日
2024-03-01 金曜日 15時00分～20時30分
2024-03-02 土曜日 11時00分～16時30分
2024-03-03 日曜日 13時00分～17時30分
2024-03-04 月曜日 15時00分～20時30分
2024-03-05 火曜日 定休日
2024-03-06 水曜日 15時00分～20時30分
",1.0,139.7228918,35.7113386,東京,早稲田駅,632.0,早稲田駅|面影橋駅|江戸川橋駅|護国寺駅|学習院下駅|雑司が谷駅|西早稲田駅|神楽坂駅|牛込柳町駅|若松河田駅,0.0,文京区,後楽園,後楽園,area:後楽園|feature:24h|feature:midnight,0,,0
カミヤマダンススタジオ,〒192-0046 東京都八王子市明神町４丁目６-２ 山口ビル 2F,,http://www.kamiyama-d-s.jp/,042-642-4038,"2024-02-29 木曜日 13時00分～22時00分
2024-03-01 金曜日 13時00分～22時00分
2024-03-02 土曜日 13時00分～22時00分
2024-03-03 日曜日 定休日
2024-03-04 月曜日 13時00分～22時00分
2024-03-05 火曜日 13時00分～22時00分
2024-03-06 水曜日 13時00分～22時00分
",1.0,139.342987,35.658424,東京,八王子駅,481.0,八王子駅,1.0,八王子市,八王子,八王子,area:八王子|station:八王子駅|feature:24h|feature:midnight,0,,0
かよバレエスタジオ,〒187-0002 東京都小平市花小金井１丁目１２-７,,http://www.kayoballet.com/,042-452-5817,"2024-02-29 木曜日 10時00分～19時00分
2024-03-01 金曜日 10時00分～19時00分
2024-03-02 土曜日 10時00分～19時00分
2024-03-03 日曜日 10時00分～19時00分
2024-03-04 月曜日 10時00分～19時00分
2024-03-05 火曜日 10時00分～19時00分
2024-03-06 水曜日 10時00分～19時00分
",1.0,139.5146406,35.7268502,東京,花小金井駅,150.0,花小金井駅,0.0,小平市,小平,小平,area:小平|feature:24h|feature:midnight,0,,0
カルサロ レンタルスタジオサロン,〒179-0073 東京都練馬区田柄２丁目３２-２３ アネックスミスズ ２F,,https://www.okeiko-culsalo.com/,080-5885-5636,"オーナーが女性と確認されたビジネス2024-02-29 木曜日 8時00分～23時00分
2024-03-01 金曜日 8時00分～23時00分
2024-03-02 土曜日 8時00分～23時00分
2024-03-03 日曜日 8時00分～23時00分
2024-03-04 月曜日 8時00分～23時00分
2024-03-05 火曜日 8時00分～23時00分
2024-03-06 水曜日 8時00分～23時00分
",1.0,139.6456427,35.7685426,東京,地下鉄赤塚駅,216.0,地下鉄赤塚駅|下赤塚駅|東武練馬駅|平和台駅|成増駅|地下鉄成増駅|光が丘駅|練馬春日町駅,0.0,練馬区,練馬,練馬,area:練馬|feature:24h|feature:midnight,0,,0
カルチャースクール ミジー,〒212-0012 神奈川県川崎市幸区中幸町４丁目１７-４ 西山ビル 1階,,https://www.dance-mizzy.com/?utm_source=googlemybusiness&utm_medium=google&utm_campaign=maps,03-3734-5567,"2024-02-29 木曜日 9時00分～21時00分
2024-03-01 金曜日 9時00分～21時00分
2024-03-02 土曜日 定休日
2024-03-03 日曜日 定休日
2024-03-04 月曜日 9時00分～21時00分
2024-03-05 火曜日 9時00分～21時00分
2024-03-06 水曜日 9時00分～12時00分
",1.0,139.6920974,35.5346472,東京,川崎駅,567.0,川崎駅|尻手駅|京急川崎駅|矢向駅|八丁畷駅|六郷土手駅|港町駅|川崎新町駅|鶴見市場駅,0.0,その他,その他,その他,feature:24h|feature:midnight,0,,0
トゥモローダンスクラブ｜日暮里教室,〒116-0013 東京都荒川区西日暮里２丁目２６-１０ J DANCERS LABO内 日暮里プラレールビル 5階,,,,"LGBTQ フレンドリー2024-02-29 木曜日 12時00分～22時00分
2024-03-01 金曜日 12時00分～22時00分
2024-03-02 土曜日 12時00分～18時00分
2024-03-03 日曜日 定休日
2024-03-04 月曜日 12時00分～22時00分
2024-03-05 火曜日 12時00分～22時00分
2024-03-06 水曜日 12時00分～22時00分
",1.0,139.771053,35.7301026,東京,日暮里駅,259.0,日暮里駅,1.0,荒川区,日暮里,日暮里,area:日暮里|station:日暮里駅|feature:24h|feature:midnight,0,,0
ガルバスタジオ幡ヶ谷/GARBA写真館,〒151-0072 東京都渋谷区幡ケ谷２丁目１７-７,,,03-6890-1216,"2024-02-29 木曜日 10時00分～23時00分
2024-03-01 金曜日 10時00分～23時00分
2024-03-02 土曜日 10時00分～23時00分
2024-03-03 日曜日 10時00分～23時00分
2024-03-04 月曜日 10時00分～23時00分
2024-03-05 火曜日 10時00分～23時00分
2024-03-06 水曜日 10時00分～23時00分
",1.0,139.6749218,35.6776444,東京,幡ヶ谷駅,177.0,幡ヶ谷駅|笹塚駅|代々木上原駅|初台駅|東北沢駅|代々木八幡駅|中野富士見町駅|西新宿五丁目駅（清水橋）|代田橋駅|中野新橋駅,0.0,渋谷区,渋谷,渋谷|恵比寿|代官山|原宿,area:渋谷|feature:24h|feature:midnight,0,,0
カワチダンススタジオ,"１丁目-１１, １丁目-１１-３ 小坂本町 豊田市 愛知県 471-0034",,http://kawachi-dance.com/,0565-34-1048,"2024-02-29 木曜日 12時00分～21時30分
2024-03-01 金曜日 12時00分～21時30分
2024-03-02 土曜日 11時00分～21時30分
2024-03-03 日曜日 定休日
2024-03-04 月曜日 12時00分～21時30分
2024-03-05 火曜日 12時00分～21時30分
2024-03-06 水曜日 11時00分～21時30分
",1.0,137.1529273,35.0864928,東京,新豊田駅,141.0,新豊田駅|豊田市駅|上挙母駅|新上挙母駅|梅坪駅,0.0,その他,その他,その他,feature:24h|feature:midnight,0,,0
キッズアクロバット＆ダンススクール ミジー蒲田スタジオ,〒146-0094 東京都大田区東矢口３丁目２０-１１ 倉庫ビル オザワ産業,,https://www.dance-mizzy.com/?utm_source=googlemybusiness&utm_medium=google&utm_campaign=maps,03-3734-5567,"2024-02-29 木曜日 9時00分～22時00分
2024-03-01 金曜日 9時00分～22時00分
2024-03-02 土曜日 9時00分～17時00分
2024-03-03 日曜日 定休日
2024-03-04 月曜日 定休日
2024-03-05 火曜日 9時00分～22時00分
2024-03-06 水曜日 定休日
",1.0,139.7083498,35.5619453,東京,蒲田駅,698.0,蒲田駅,1.0,大田区,蒲田,蒲田,area:蒲田|station:蒲田駅|feature:24h|feature:midnight,0,,0
キッズダンススクール＆レンタルスタジオLOVE BONDS,〒196-0025 東京都昭島市朝日町３丁目１８-９ 第四大正ビル １Ｂ,,https://www.love-bonds.net/,042-519-1363,,1.0,139.3730221,35.7080876,東京,中神駅,272.0,中神駅|東中神駅|昭島駅|西立川駅,0.0,東京都,東京,東京,area:東京,0,,0
キッズダンススクールANGELO★,"自由が丘2-16-25シグナルヒルB1, 目黒区 東京都 152-0035",,http://angelo123.com/,03-3725-9341,"2024-02-29 木曜日 10時00分～21時00分
2024-03-01 金曜日 10時00分～21時00分
2024-03-02 土曜日 10時00分～21時00分
2024-03-03 日曜日 10時00分～18時00分
2024-03-04 月曜日 10時00分～21時00分
2024-03-05 火曜日 10時00分～21時00分
2024-03-06 水曜日 10時00分～21時00分
",1.0,139.666594,35.608872,東京,自由が丘駅,272.0,自由が丘駅,1.0,目黒区,中目黒,中目黒,area:中目黒|station:自由が丘駅|feature:24h|feature:midnight,0,,0
レベルアップレンタルスタジオ,〒430-0939 静岡県浜松市中区連尺町３１４-３６ 206号,,https://www.instagram.com/levelupren/,,"2024-02-29 木曜日 24 時間営業
2024-03-01 金曜日 24 時間営業
2024-03-02 土曜日 24 時間営業
2024-03-03 日曜日 24 時間営業
2024-03-04 月曜日 24 時間営業
2024-03-05 火曜日 24 時間営業
2024-03-06 水曜日 24 時間営業
",1.0,137.7281299,34.7071222,東京,第一通り駅,423.0,第一通り駅|新浜松駅|遠州病院駅|浜松駅|八幡駅,0.0,その他,その他,その他,feature:24h|feature:midnight,0,,0
キッズダンススタジオSerenita西新井店,〒123-0842 東京都足立区栗原１丁目７-２０ 3階,,,050-3555-0206,"2024-02-29 木曜日 9時00分～21時00分
2024-03-01 金曜日 9時00分～21時00分
2024-03-02 土曜日 9時00分～21時00分
2024-03-03 日曜日 9時00分～21時00分
2024-03-04 月曜日 9時00分～21時00分
2024-03-05 火曜日 9時00分～21時00分
2024-03-06 水曜日 9時00分～21時00分
",1.0,139.789952,35.7791806,東京,西新井駅,228.0,西新井駅|大師前駅|梅島駅|竹ノ塚駅|西新井大師西駅|江北駅,0.0,足立区,北千住,北千住,area:北千住|feature:24h|feature:midnight,0,,0
キッズダンススタジオstudioCROSS（スタジオクロス）高幡不動クラス 日野市 多摩カルチャーセンター,〒191-0031 東京都日野市高幡３-１０ 遠藤ビル 2階,,http://www.studiocross.info/,042-505-8179,"オーナーが女性と確認されたビジネス2024-02-29 木曜日 定休日
2024-03-01 金曜日 16時30分～20時00分
2024-03-02 土曜日 定休日
2024-03-03 日曜日 定休日
2024-03-04 月曜日 定休日
2024-03-05 火曜日 定休日
2024-03-06 水曜日 17時00分～19時15分
",1.0,139.4125509,35.6621,東京,高幡不動駅,59.0,高幡不動駅|多摩動物公園駅|百草園駅,0.0,日野市,日野,日野,area:日野|feature:24h|feature:midnight,0,,0
キッズダンススタジオstudioCROSS（スタジオクロス）国立駅ゴールドジムクラス,〒186-0004 東京都国立市中１丁目9-３０ 国立せきやビル 5階 ゴールドジム内,,https://studiocross.info/,042-505-8179,"オーナーが女性と確認されたビジネス2024-02-29 木曜日 17時00分～18時00分
2024-03-01 金曜日 定休日
2024-03-02 土曜日 定休日
2024-03-03 日曜日 定休日
2024-03-04 月曜日 定休日
2024-03-05 火曜日 16時40分～20時10分
2024-03-06 水曜日 18時00分～19時00分
",1.0,139.4457648,35.6978931,東京,国立駅,158.0,国立駅|西国分寺駅|谷保駅|矢川駅,0.0,国立市,国立,国立,area:国立|feature:24h|feature:midnight,0,,0
キッズダンススタジオstudioCROSS（スタジオクロス）国立谷保スタジオ,〒186-0003 東京都国立市富士見台２丁目１８-２ 富士見台ビル 2階,,http://www.studiocross.info/,042-505-8179,"オーナーが女性と確認されたビジネス2024-02-29 木曜日 8時00分～22時00分
2024-03-01 金曜日 8時00分～22時00分
2024-03-02 土曜日 8時00分～22時00分
2024-03-03 日曜日 8時00分～11時00分
2024-03-04 月曜日 8時00分～22時00分
2024-03-05 火曜日 8時00分～22時00分
2024-03-06 水曜日 8時00分～22時00分
",1.0,139.4462231,35.6825478,東京,谷保駅,129.0,谷保駅|矢川駅|西府駅|国立駅,0.0,国立市,国立,国立,area:国立|feature:24h|feature:midnight,0,,0
キッズダンススタジオstudioCROSS（スタジオクロス）聖蹟桜ヶ丘クラス 多摩市 多摩カルチャーセンター,〒206-0011 東京都多摩市関戸４丁目73-１ よこくらビル 3階,,https://studiocross.info/,042-505-8179,"2024-02-29 木曜日 定休日
2024-03-01 金曜日 17時00分～19時00分
2024-03-02 土曜日 定休日
2024-03-03 日曜日 定休日
2024-03-04 月曜日 定休日
2024-03-05 火曜日 定休日
2024-03-06 水曜日 定休日
",1.0,139.4477324,35.6492144,東京,聖蹟桜ヶ丘駅,186.0,聖蹟桜ヶ丘駅|中河原駅|百草園駅,0.0,多摩市,多摩センター,多摩センター,area:多摩センター|feature:24h|feature:midnight,0,,0
Dance Studio Bingo（日野Bingo）,〒191-0062 東京都日野市多摩平１丁目4-１５ ダイマルビル 2階,,https://dancestudio-bingo.com/,,,1.0,139.3794067,35.6622505,東京,豊田駅,358.0,豊田駅|南平駅|平山城址公園駅|北八王子駅,0.0,日野市,日野,日野,area:日野,0,,0
フラメンコスタジオ エル ソニケテ,〒191-0062 東京都日野市多摩平２丁目１２-２ 山崎ビル1F,,http://www.soniquete.info/,,"2024-02-29 木曜日 9時00分～23時00分
2024-03-01 金曜日 9時00分～23時00分
2024-03-02 土曜日 9時00分～23時00分
2024-03-03 日曜日 9時00分～23時00分
2024-03-04 月曜日 9時00分～23時00分
2024-03-05 火曜日 9時00分～23時00分
2024-03-06 水曜日 9時00分～23時00分
",1.0,139.3825852,35.6625697,東京,豊田駅,353.0,豊田駅|南平駅|平山城址公園駅|北八王子駅,0.0,日野市,日野,日野,area:日野|feature:24h|feature:midnight,0,,0
キャナリー,〒150-0002 東京都渋谷区渋谷１丁目４-６,,,03-6427-7392,,1.0,139.7054199,35.6614302,東京,渋谷駅,509.0,渋谷駅|表参道駅|原宿駅,3.0,渋谷区,渋谷,渋谷|恵比寿|代官山|原宿,area:渋谷|station:渋谷駅|station:表参道駅|station:原宿駅,0,,0
キューブキッズスポーツ,〒214-0012 神奈川県川崎市多摩区中野島２丁目９-３０ スポーツキューブ,,http://www.asaya-corp.co.jp/contact/,044-933-8866,"2024-02-29 木曜日 10時00分～21時00分
2024-03-01 金曜日 10時00分～21時00分
2024-03-02 土曜日 10時00分～18時00分
2024-03-03 日曜日 定休日
2024-03-04 月曜日 10時00分～21時00分
2024-03-05 火曜日 10時00分～21時00分
2024-03-06 水曜日 10時00分～21時00分
",1.0,139.5495112,35.6253317,東京,中野島駅,535.0,中野島駅|生田駅|稲田堤駅|向ヶ丘遊園駅|京王稲田堤駅|登戸駅,0.0,その他,その他,その他,feature:24h|feature:midnight,0,,0
クボタナオコバレエスタジオ,〒115-0055 東京都北区赤羽西１丁目１-７,,https://kubotanaoko-ballet.com/,03-3900-4733,,1.0,139.720998,35.775216,東京,赤羽駅,241.0,赤羽駅,1.0,北区,赤羽,赤羽,area:赤羽|station:赤羽駅,0,,0
クラウドナインスタジオ 町田店,〒194-0013 東京都町田市原町田４丁目１１-１４ コロンブスビル 6F,,https://www.cloud-9-studio.com/studio/machida.html,042-721-9091,"2024-02-29 木曜日 10時00分～0時00分
2024-03-01 金曜日 10時00分～0時00分
2024-03-02 土曜日 9時00分～0時00分
2024-03-03 日曜日 9時00分～0時00分
2024-03-04 月曜日 10時00分～0時00分
2024-03-05 火曜日 10時00分～0時00分
2024-03-06 水曜日 10時00分～0時00分
",1.0,139.4485981,35.5423598,東京,町田駅,213.0,町田駅,1.0,町田市,町田,町田,area:町田|station:町田駅|feature:24h|feature:midnight,0,,0
ベストスタジオ中野,〒164-0001 東京都中野区中野５丁目４６ 9ABCハウス 101,,https://beststudio.jp/,,"2024-02-29 木曜日 8時00分～22時00分
2024-03-01 金曜日 8時00分～22時00分
2024-03-02 土曜日 8時00分～22時00分
2024-03-03 日曜日 8時00分～22時00分
2024-03-04 月曜日 8時00分～22時00分
2024-03-05 火曜日 8時00分～22時00分
2024-03-06 水曜日 8時00分～22時00分
",1.0,139.667101,35.7082859,東京,中野駅,303.0,中野駅,1.0,中野区,中野,中野,area:中野|station:中野駅|feature:24h|feature:midnight,0,,0
グラッドリ,〒160-0004 東京都新宿区四谷１丁目１５,,http://www.gladdori.com/,03-6457-7817,"2024-02-29 木曜日 9時00分～22時00分
2024-03-01 金曜日 9時00分～22時00分
2024-03-02 土曜日 10時00分～20時00分
2024-03-03 日曜日 10時00分～20時00分
2024-03-04 月曜日 9時00分～22時00分
2024-03-05 火曜日 9時00分～22時00分
2024-03-06 水曜日 9時00分～22時00分",1.0,139.7276424,35.6848875,東京,四ツ谷駅,272.0,四ツ谷駅|四谷三丁目駅|信濃町駅|麹町駅|曙橋駅|市ケ谷駅|赤坂見附駅|半蔵門駅|永田町駅|国立競技場駅,0.0,新宿区,新宿,新宿|西新宿|高田馬場|新大久保,area:新宿|feature:24h|feature:midnight,0,,0
sr pilates studio 中野,〒164-0001 東京都中野区中野５丁目３２-１１ シティプラザ中野 305,,https://coubic.com/srpilates/2935443,,"2024-02-29 木曜日 6時00分～0時00分
2024-03-01 金曜日 6時00分～0時00分
2024-03-02 土曜日 6時00分～0時00分
2024-03-03 日曜日 6時00分～0時00分
2024-03-04 月曜日 6時00分～0時00分
2024-03-05 火曜日 6時00分～0時00分
2024-03-06 水曜日 6時00分～0時00分
",1.0,139.6668532,35.7063178,東京,中野駅,110.0,中野駅,1.0,中野区,中野,中野,area:中野|station:中野駅|feature:24h|feature:midnight,0,,0
ケアリノフラスタジオ,〒179-0081 東京都練馬区北町８丁目３６-２,,http://kealino-hula.com/,03-6915-7537,"2024-02-29 木曜日 定休日
2024-03-01 金曜日 11時30分～20時30分
2024-03-02 土曜日 11時30分～16時00分
2024-03-03 日曜日 10時00分～17時00分
2024-03-04 月曜日 18時30分～20時00分
2024-03-05 火曜日 10時00分～21時30分
2024-03-06 水曜日 18時30分～20時00分
",1.0,139.6467535,35.7678848,東京,地下鉄赤塚駅,339.0,地下鉄赤塚駅|下赤塚駅|平和台駅|東武練馬駅|成増駅|地下鉄成増駅|光が丘駅|練馬春日町駅,0.0,練馬区,練馬,練馬,area:練馬|feature:24h|feature:midnight,0,,0
"レンタルスタジオDance""MOVE""!!",〒165-0027 東京都中野区野方５丁目３０-６ ひろきやビル 2階,,https://www.instagram.com/mikimove.miki?igsh=MXBza25xOW0zdnIyNA%3D%3D&utm_source=qr,,"2024-02-29 木曜日 24 時間営業
2024-03-01 金曜日 24 時間営業
2024-03-02 土曜日 24 時間営業
2024-03-03 日曜日 14時00分～23時30分
2024-03-04 月曜日 24 時間営業
2024-03-05 火曜日 24 時間営業
2024-03-06 水曜日 24 時間営業
",1.0,139.6516856,35.7193233,東京,野方駅,127.0,野方駅|都立家政駅|沼袋駅|鷺ノ宮駅|高円寺駅|新井薬師前駅|中野駅,0.0,中野区,中野,中野,area:中野|feature:24h|feature:midnight,0,,0
ゴールドジム南大沢東京,〒192-0364 東京都八王子市南大沢２丁目30番地 サザンウィンズ南大沢 2F,,https://www.goldsgym.jp/shop/10210,042-670-3737,"2024-02-29 木曜日 7時00分～23時00分
2024-03-01 金曜日 7時00分～23時00分
2024-03-02 土曜日 7時00分～23時00分
2024-03-03 日曜日 9時00分～20時00分
2024-03-04 月曜日 7時00分～23時00分
2024-03-05 火曜日 7時00分～23時00分
2024-03-06 水曜日 7時00分～23時00分
",1.0,139.3812614,35.6140418,東京,南大沢駅,111.0,南大沢駅|多摩境駅,0.0,八王子市,八王子,八王子,area:八王子|feature:24h|feature:midnight,0,,0
こどもディスコダンスアカデミー/N Contemporary Dance Arts キッズ・女性専用・役者,〒196-0015 東京都昭島市昭和町５丁目６-２０ サンリコー昭島,,https://kurikodomodisco.wixsite.com/mysite,090-3542-4422,"LGBTQ フレンドリー2024-02-29 木曜日 10時00分～21時00分
2024-03-01 金曜日 10時00分～21時00分
2024-03-02 土曜日 10時00分～21時00分
2024-03-03 日曜日 10時00分～21時00分
2024-03-04 月曜日 10時00分～21時00分
2024-03-05 火曜日 10時00分～21時00分
2024-03-06 水曜日 10時00分～21時00分
",1.0,139.360853,35.7124283,東京,昭島駅,125.0,昭島駅|中神駅|西武立川駅|拝島駅,0.0,東京都,東京,東京,area:東京|feature:24h|feature:midnight,0,,0
studio RhythMoon（スタジオ・リズムーン）,〒167-0022 東京都杉並区下井草５丁目１６-９,,http://www.studiorhythmoon.com/,,"2024-02-29 木曜日 9時00分～22時00分
2024-03-01 金曜日 9時00分～22時00分
2024-03-02 土曜日 9時00分～22時00分
2024-03-03 日曜日 9時00分～22時00分
2024-03-04 月曜日 9時00分～22時00分
2024-03-05 火曜日 9時00分～22時00分
2024-03-06 水曜日 9時00分～22時00分
",1.0,139.6157279,35.7232489,東京,井荻駅,180.0,井荻駅|下井草駅|上井草駅|富士見台駅|練馬高野台駅,0.0,杉並区,高円寺,高円寺,area:高円寺|feature:24h|feature:midnight,0,,0
コンバレエスタジオ Kon Ballet Studio 糀谷店,〒144-0035 東京都大田区南蒲田３丁目１３-１２ キザキビル2F.3F,,http://konballetstudio.com/kojiya/,080-1872-6788,"2024-02-29 木曜日 9時00分～20時00分
2024-03-01 金曜日 9時00分～20時00分
2024-03-02 土曜日 9時00分～20時00分
2024-03-03 日曜日 9時00分～20時00分
2024-03-04 月曜日 9時00分～20時00分
2024-03-05 火曜日 9時00分～20時00分
2024-03-06 水曜日 9時00分～20時00分
",1.0,139.729643,35.5527085,東京,糀谷駅,228.0,糀谷駅|大鳥居駅|京急蒲田駅|雑色駅|穴守稲荷駅|梅屋敷駅|蒲田駅|東門前駅|川崎大師駅,0.0,大田区,蒲田,蒲田,area:蒲田|feature:24h|feature:midnight,0,,0
サイスタジオ,〒173-0014 東京都板橋区大山東町１９-１ FM10ラ･アクシオンビル4階,,http://www.saistudio.net/,03-5375-1118,"2024-02-29 木曜日 10時00分～18時30分
2024-03-01 金曜日 10時00分～18時30分
2024-03-02 土曜日 定休日
2024-03-03 日曜日 定休日
2024-03-04 月曜日 10時00分～18時30分
2024-03-05 火曜日 10時00分～18時30分
2024-03-06 水曜日 10時00分～18時30分
",1.0,139.7038254,35.7481782,東京,大山駅,146.0,大山駅|板橋区役所前駅|下板橋駅|中板橋駅|北池袋駅|板橋本町駅|板橋駅|新板橋駅|千川駅|要町駅,0.0,板橋区,成増,成増,area:成増|feature:24h|feature:midnight,0,,0
サイスタジオ小茂根,〒173-0037 東京都板橋区小茂根１丁目９-５ サイスタジオ小茂根 2F,,http://www.saistudio.net/,03-5375-1118,"2024-02-29 木曜日 10時00分～18時30分
2024-03-01 金曜日 10時00分～18時30分
2024-03-02 土曜日 定休日
2024-03-03 日曜日 定休日
2024-03-04 月曜日 10時00分～18時30分
2024-03-05 火曜日 10時00分～18時30分
2024-03-06 水曜日 10時00分～18時30分
",1.0,139.6803897,35.7442365,東京,小竹向原駅,127.0,小竹向原駅|江古田駅|千川駅|新桜台駅|氷川台駅|東長崎駅|新江古田駅|桜台駅|ときわ台駅|中板橋駅,0.0,板橋区,成増,成増,area:成増|feature:24h|feature:midnight,0,,0
サウンドスタジオM小岩,〒133-0057 東京都江戸川区西小岩１丁目２７-１６ オルフェウスビル 4F,,http://www.soundstudio-m.com/koiwa/index.html,03-3672-6316,"2024-02-29 木曜日 12時00分～23時00分
2024-03-01 金曜日 12時00分～23時00分
2024-03-02 土曜日 9時00分～23時00分
2024-03-03 日曜日 9時00分～23時00分
2024-03-04 月曜日 12時00分～23時00分
2024-03-05 火曜日 12時00分～23時00分
2024-03-06 水曜日 12時00分～23時00分
",1.0,139.882313,35.73532,東京,小岩駅,227.0,小岩駅|京成小岩駅|江戸川駅|新柴又駅|国府台駅,0.0,江戸川区,西葛西,西葛西,area:西葛西|feature:24h|feature:midnight,0,,0
サウンドスタジオノア 学芸大店,〒152-0003 東京都目黒区碑文谷５丁目２５-１０ ノアビル２２,,https://www.studionoah.jp/gakudai/,03-3710-2011,"2024-02-29 木曜日 10時30分～23時00分
2024-03-01 金曜日 10時30分～8時00分
2024-03-02 土曜日 9時30分～8時00分
2024-03-03 日曜日 9時30分～23時00分
2024-03-04 月曜日 10時30分～23時00分
2024-03-05 火曜日 10時30分～23時00分
2024-03-06 水曜日 10時30分～23時00分
",1.0,139.6795324,35.6235223,東京,学芸大学駅,755.0,学芸大学駅,1.0,目黒区,中目黒,中目黒,area:中目黒|station:学芸大学駅|feature:24h|feature:midnight,0,,0
サウンドスタジオノア 吉祥寺店,〒180-0002 東京都武蔵野市吉祥寺東町１丁目４-２７ アソルティ吉祥寺エスト B1,,https://www.studionoah.jp/kichijoji/,0422-23-1741,"2024-02-29 木曜日 24 時間営業
2024-03-01 金曜日 24 時間営業
2024-03-02 土曜日 24 時間営業
2024-03-03 日曜日 24 時間営業
2024-03-04 月曜日 24 時間営業
2024-03-05 火曜日 24 時間営業
2024-03-06 水曜日 24 時間営業
",1.0,139.5807319,35.7068043,東京,吉祥寺駅,414.0,吉祥寺駅,1.0,武蔵野市,吉祥寺,吉祥寺,area:吉祥寺|station:吉祥寺駅|feature:24h|feature:midnight,0,,0
サウンドスタジオノア 恵比寿店,〒150-0013 東京都渋谷区恵比寿４丁目４-１２,,https://www.studionoah.jp/ebisu/,03-5447-6066,"2024-02-29 木曜日 9時00分～23時00分
2024-03-01 金曜日 9時00分～23時00分
2024-03-02 土曜日 7時30分～23時00分
2024-03-03 日曜日 7時30分～23時00分
2024-03-04 月曜日 9時00分～23時00分
2024-03-05 火曜日 9時00分～23時00分
2024-03-06 水曜日 9時00分～23時00分
",1.0,139.7115636,35.6452623,東京,恵比寿駅,206.0,恵比寿駅,1.0,渋谷区,渋谷,渋谷|恵比寿|代官山|原宿,area:渋谷|station:恵比寿駅|feature:24h|feature:midnight,0,,0
サウンドスタジオノア 御茶ノ水店,〒101-0062 東京都千代田区神田駿河台２丁目１-１７,,https://www.studionoah.jp/ochanomizu/,03-5217-7680,"2024-02-29 木曜日 8時00分～23時00分
2024-03-01 金曜日 8時00分～0時00分
2024-03-02 土曜日 24 時間営業
2024-03-03 日曜日 0時00分～23時00分
2024-03-04 月曜日 8時00分～23時00分
2024-03-05 火曜日 8時00分～23時00分
2024-03-06 水曜日 8時00分～23時00分
",1.0,139.7629673,35.6997385,東京,秋葉原駅,1023.0,秋葉原駅,1.0,千代田区,秋葉原,秋葉原,area:秋葉原|station:秋葉原駅|feature:24h|feature:midnight,0,,0
サウンドスタジオノア 三軒茶屋店,〒154-0024 東京都世田谷区三軒茶屋１丁目５-１５,,https://www.studionoah.jp/sancha/,03-5432-7221,"2024-02-29 木曜日 9時00分～6時00分
2024-03-01 金曜日 9時00分～6時00分
2024-03-02 土曜日 9時00分～6時00分
2024-03-03 日曜日 9時00分～6時00分
2024-03-04 月曜日 9時00分～6時00分
2024-03-05 火曜日 9時00分～6時00分
2024-03-06 水曜日 9時00分～6時00分
",1.0,139.6748104,35.6402972,東京,三軒茶屋駅,622.0,三軒茶屋駅,1.0,世田谷区,下北沢,下北沢|三軒茶屋|二子玉川|自由が丘,area:下北沢|station:三軒茶屋駅|feature:24h|feature:midnight,0,,0
サウンドスタジオノア 秋葉原店,〒101-0021 東京都千代田区外神田６丁目１４-８,,https://www.studionoah.jp/akihabara/,03-5816-8383,"2024-02-29 木曜日 24 時間営業
2024-03-01 金曜日 24 時間営業
2024-03-02 土曜日 24 時間営業
2024-03-03 日曜日 24 時間営業
2024-03-04 月曜日 24 時間営業
2024-03-05 火曜日 24 時間営業
2024-03-06 水曜日 24 時間営業
",1.0,139.7714863,35.7034698,東京,秋葉原駅,587.0,秋葉原駅,1.0,千代田区,秋葉原,秋葉原,area:秋葉原|station:秋葉原駅|feature:24h|feature:midnight,0,,0
サウンドスタジオノア 初台店,〒151-0053 東京都渋谷区代々木４丁目３６-１８,,https://www.studionoah.jp/hatsudai/,03-3373-3711,"2024-02-29 木曜日 24 時間営業
2024-03-01 金曜日 24 時間営業
2024-03-02 土曜日 24 時間営業
2024-03-03 日曜日 24 時間営業
2024-03-04 月曜日 24 時間営業
2024-03-05 火曜日 24 時間営業
2024-03-06 水曜日 24 時間営業
",1.0,139.6891125,35.6811912,東京,代々木駅,1186.0,代々木駅,1.0,渋谷区,渋谷,渋谷|恵比寿|代官山|原宿,area:渋谷|station:代々木駅|feature:24h|feature:midnight,0,,0
サウンドスタジオノア 新宿店,〒160-0023 東京都新宿区西新宿７丁目１０-１２,,https://www.studionoah.jp/shinjuku/,03-5332-8366,"2024-02-29 木曜日 9時00分～6時00分
2024-03-01 金曜日 9時00分～6時00分
2024-03-02 土曜日 9時00分～6時00分
2024-03-03 日曜日 9時00分～23時00分
2024-03-04 月曜日 9時00分～23時00分
2024-03-05 火曜日 9時00分～6時00分
2024-03-06 水曜日 9時00分～6時00分",1.0,139.698511,35.694215,東京,西武新宿駅,262.0,西武新宿駅|新宿駅|新大久保駅,3.0,新宿区,新宿,新宿|西新宿|高田馬場|新大久保,area:新宿|station:西武新宿駅|station:新宿駅|station:新大久保駅|feature:24h|feature:midnight,0,,0
サウンドスタジオノア 赤坂店,〒107-0052 東京都港区赤坂３丁目１３-１１,,https://www.studionoah.jp/akasaka/,03-3589-6211,"2024-02-29 木曜日 8時00分～23時00分
2024-03-01 金曜日 8時00分～23時00分
2024-03-02 土曜日 8時00分～23時00分
2024-03-03 日曜日 8時00分～23時00分
2024-03-04 月曜日 8時00分～23時00分
2024-03-05 火曜日 8時00分～23時00分
2024-03-06 水曜日 8時00分～23時00分
",1.0,139.7372313,35.6731656,東京,赤坂駅,57.0,赤坂駅|青山一丁目駅,2.0,港区,六本木,六本木|赤坂|麻布|新橋,area:六本木|station:赤坂駅|station:青山一丁目駅|feature:24h|feature:midnight,0,,0
サウンドスタジオノア 代々木,〒151-0051 東京都渋谷区千駄ケ谷４丁目２６-５ 代々木ノアビル,,https://www.studionoah.jp/yoyogi/,03-3408-8819,"2024-02-29 木曜日 9時00分～23時00分
2024-03-01 金曜日 9時00分～23時00分
2024-03-02 土曜日 9時00分～23時00分
2024-03-03 日曜日 9時00分～23時00分
2024-03-04 月曜日 9時00分～23時00分
2024-03-05 火曜日 9時00分～23時00分
2024-03-06 水曜日 9時00分～23時00分
",1.0,139.7043183,35.6809855,東京,代々木駅,309.0,代々木駅|新宿駅,2.0,渋谷区,渋谷,渋谷|恵比寿|代官山|原宿,area:渋谷|station:代々木駅|station:新宿駅|feature:24h|feature:midnight,0,,0
サウンドスタジオノア 中野店,〒164-0001 東京都中野区中野３丁目３９-２,,https://www.studionoah.jp/nakano/,03-6304-8606,"2024-02-29 木曜日 24 時間営業
2024-03-01 金曜日 24 時間営業
2024-03-02 土曜日 24 時間営業
2024-03-03 日曜日 24 時間営業
2024-03-04 月曜日 24 時間営業
2024-03-05 火曜日 24 時間営業
2024-03-06 水曜日 24 時間営業
",1.0,139.6642213,35.7041516,東京,中野駅,231.0,中野駅,1.0,中野区,中野,中野,area:中野|station:中野駅|feature:24h|feature:midnight,0,,0
サウンドスタジオノア 目黒不動前店,〒141-0031 東京都品川区西五反田４丁目３２-１４ 不動前ノアビル,,https://www.studionoah.jp/fudomae/,03-6910-4550,"2024-02-29 木曜日 10時00分～22時00分
2024-03-01 金曜日 10時00分～22時00分
2024-03-02 土曜日 8時00分～22時00分
2024-03-03 日曜日 8時00分～22時00分
2024-03-04 月曜日 10時00分～22時00分
2024-03-05 火曜日 10時00分～22時00分
2024-03-06 水曜日 10時00分～22時00分
",1.0,139.7136672,35.6259299,東京,五反田駅,886.0,五反田駅|目黒駅,2.0,品川区,品川,品川|五反田|大井町|目黒,area:品川|station:五反田駅|station:目黒駅|feature:24h|feature:midnight,0,,0
ソニズレンタルスタジオ南阿佐ヶ谷店,〒166-0015 東京都杉並区成田東５丁目３９-１２ グローリーハイツ南阿佐ケ谷榎本 B1F,,https://sonysdance.com/,,"2024-02-29 木曜日 6時00分～23時00分
2024-03-01 金曜日 6時00分～23時00分
2024-03-02 土曜日 6時00分～23時00分
2024-03-03 日曜日 6時00分～23時00分
2024-03-04 月曜日 6時00分～23時00分
2024-03-05 火曜日 6時00分～23時00分
2024-03-06 水曜日 6時00分～23時00分
",1.0,139.6342706,35.6995228,東京,南阿佐ケ谷駅,116.0,南阿佐ケ谷駅|阿佐ヶ谷駅|新高円寺駅|荻窪駅|高円寺駅,0.0,杉並区,高円寺,高円寺,area:高円寺|feature:24h|feature:midnight,0,,0
サウンドスタジオノア 野方店,〒165-0027 東京都中野区野方３丁目３０-７,,https://www.studionoah.jp/nogata/,03-5380-1969,"2024-02-29 木曜日 9時00分～6時00分
2024-03-01 金曜日 9時00分～6時00分
2024-03-02 土曜日 9時00分～6時00分
2024-03-03 日曜日 9時00分～23時00分
2024-03-04 月曜日 9時00分～6時00分
2024-03-05 火曜日 9時00分～6時00分
2024-03-06 水曜日 9時00分～6時00分
",1.0,139.6540263,35.7192722,東京,野方駅,106.0,野方駅|都立家政駅|沼袋駅|鷺ノ宮駅|高円寺駅|新井薬師前駅|中野駅,0.0,中野区,中野,中野,area:中野|feature:24h|feature:midnight,0,,0
サウンドスタジオノア銀座店,〒104-0061 東京都中央区銀座３丁目９-２,,http://ginza.studionoah.jp/,03-3524-2155,"2024-02-29 木曜日 9時00分～23時00分
2024-03-01 金曜日 9時00分～23時00分
2024-03-02 土曜日 8時00分～23時00分
2024-03-03 日曜日 8時00分～23時00分
2024-03-04 月曜日 9時00分～23時00分
2024-03-05 火曜日 9時00分～23時00分
2024-03-06 水曜日 9時00分～23時00分
",1.0,139.7681246,35.6719194,東京,有楽町駅,557.0,有楽町駅|東京駅|新橋駅,3.0,中央区,銀座,銀座|日本橋|八丁堀|月島,area:銀座|station:有楽町駅|station:東京駅|station:新橋駅|feature:24h|feature:midnight,0,,0
サウンドスタジオノア駒沢店,〒154-0011 東京都世田谷区上馬４丁目２-７ ６F,,https://www.studionoah.jp/komazawa/,03-5433-5711,"2024-02-29 木曜日 9時00分～6時00分
2024-03-01 金曜日 9時00分～0時00分
2024-03-02 土曜日 24 時間営業
2024-03-03 日曜日 0時00分～23時00分
2024-03-04 月曜日 9時00分～23時00分
2024-03-05 火曜日 9時00分～6時00分
2024-03-06 水曜日 9時00分～6時00分
",1.0,139.6629264,35.6345084,東京,三軒茶屋駅,1180.0,三軒茶屋駅,1.0,世田谷区,下北沢,下北沢|三軒茶屋|二子玉川|自由が丘,area:下北沢|station:三軒茶屋駅|feature:24h|feature:midnight,0,,0
サウンドスタジオノア都立大店,〒152-0031 東京都目黒区中根１丁目２-２,,https://www.studionoah.jp/toritsudai/,03-3725-0010,"2024-02-29 木曜日 24 時間営業
2024-03-01 金曜日 24 時間営業
2024-03-02 土曜日 24 時間営業
2024-03-03 日曜日 24 時間営業
2024-03-04 月曜日 24 時間営業
2024-03-05 火曜日 24 時間営業
2024-03-06 水曜日 24 時間営業
",1.0,139.6764201,35.618255,東京,都立大学駅,56.0,都立大学駅|緑が丘駅|自由が丘駅|学芸大学駅|大岡山駅|奥沢駅|洗足駅|九品仏駅|北千束駅,0.0,目黒区,中目黒,中目黒,area:中目黒|feature:24h|feature:midnight,0,,0
サカモトトモキ・ダンススタジオ,〒162-0805 東京都新宿区矢来町６５ 2階,,https://sinjyuku-shakoudance.webnode.jp/,03-5261-5830,"2024-02-29 木曜日 12時30分～21時30分
2024-03-01 金曜日 12時30分～21時30分
2024-03-02 土曜日 12時30分～18時30分
2024-03-03 日曜日 定休日
2024-03-04 月曜日 12時30分～21時30分
2024-03-05 火曜日 12時30分～21時30分
2024-03-06 水曜日 12時30分～21時30分
",1.0,139.7329617,35.7039587,東京,神楽坂駅,133.0,神楽坂駅|牛込神楽坂駅|江戸川橋駅|牛込柳町駅|早稲田駅|飯田橋駅|若松河田駅|市ケ谷駅|茗荷谷駅|曙橋駅,0.0,新宿区,新宿,新宿|西新宿|高田馬場|新大久保,area:新宿|feature:24h|feature:midnight,0,,0
ささらバレエアカデミー 平井駅,〒132-0035 東京都江戸川区平井５丁目２２-１２ 加瀬電機ビル,,,090-4596-2991,,1.0,139.8425299,35.707721,東京,平井駅,130.0,平井駅|東あずま駅|亀戸水神駅|小村井駅|新小岩駅|亀戸駅,0.0,江戸川区,西葛西,西葛西,area:西葛西,0,,0
TONIC DANCE STUDIO 阿佐ヶ谷,〒166-0004 東京都杉並区阿佐谷南３丁目１-２１ 徳和ビル 地下1階,,https://www.tonicdancestudio.com/asagaya,,"2024-02-29 木曜日 24 時間営業
2024-03-01 金曜日 24 時間営業
2024-03-02 土曜日 24 時間営業
2024-03-03 日曜日 24 時間営業
2024-03-04 月曜日 24 時間営業
2024-03-05 火曜日 24 時間営業
2024-03-06 水曜日 24 時間営業
",1.0,139.6358645,35.7016692,東京,南阿佐ケ谷駅,248.0,南阿佐ケ谷駅|阿佐ヶ谷駅|新高円寺駅|高円寺駅|荻窪駅,0.0,杉並区,高円寺,高円寺,area:高円寺|feature:24h|feature:midnight,0,,0
サムシン コンビニエンス スタジオ,〒104-0032 東京都中央区八丁堀２丁目１-２ 水澤ビル,,,03-6222-8987,,1.0,139.7748927,35.6776233,東京,東京駅,808.0,東京駅|有楽町駅,2.0,中央区,銀座,銀座|日本橋|八丁堀|月島,area:銀座|station:東京駅|station:有楽町駅,0,,0
サムズダンススタジオ,〒158-0097 東京都世田谷区用賀４丁目１１-４ 福島第一ビル 2F,,http://www.sams-ds.com/,03-3708-3945,"2024-02-29 木曜日 12時00分～22時00分
2024-03-01 金曜日 12時00分～22時00分
2024-03-02 土曜日 12時00分～22時00分
2024-03-03 日曜日 12時00分～22時00分
2024-03-04 月曜日 12時00分～22時00分
2024-03-05 火曜日 12時00分～22時00分
2024-03-06 水曜日 12時00分～22時00分
",1.0,139.6341611,35.6270504,東京,用賀駅,85.0,用賀駅|桜新町駅|上野毛駅|二子玉川駅,0.0,世田谷区,下北沢,下北沢|三軒茶屋|二子玉川|自由が丘,area:下北沢|feature:24h|feature:midnight,0,,0
サラ・プランタ,〒150-0013 東京都渋谷区恵比寿１丁目１６?番28号 2-4階 Tkビル,,https://sala-planta.iberia-j.com/,03-3449-0596,"2024-02-29 木曜日 10時00分～22時00分
2024-03-01 金曜日 10時00分～22時00分
2024-03-02 土曜日 10時00分～22時00分
2024-03-03 日曜日 10時00分～22時00分
2024-03-04 月曜日 10時00分～22時00分
2024-03-05 火曜日 10時00分～22時00分
2024-03-06 水曜日 10時00分～22時00分
",1.0,139.7131873,35.6479448,東京,恵比寿駅,311.0,恵比寿駅,1.0,渋谷区,渋谷,渋谷|恵比寿|代官山|原宿,area:渋谷|station:恵比寿駅|feature:24h|feature:midnight,0,,0
サワミュージカルスタジオ,"関島ビル B2F, １丁目-１４-１２ 弥生町 中野区 東京都 164-0013",,http://studio.dp-sawa.com/,03-3352-1822,"2024-02-29 木曜日 24 時間営業
2024-03-01 金曜日 24 時間営業
2024-03-02 土曜日 24 時間営業
2024-03-03 日曜日 24 時間営業
2024-03-04 月曜日 24 時間営業
2024-03-05 火曜日 24 時間営業
2024-03-06 水曜日 24 時間営業
",1.0,139.6813867,35.6906824,東京,西新宿五丁目駅（清水橋）,299.0,西新宿五丁目駅（清水橋）|中野新橋駅|中野坂上駅|都庁前駅|西新宿駅|初台駅|中野富士見町駅|新中野駅|幡ヶ谷駅|新宿西口駅,0.0,中野区,中野,中野,area:中野|feature:24h|feature:midnight,0,,0
サン・スタジオ,〒152-0034 東京都目黒区緑が丘２丁目７-８,,,03-5729-0065,,1.0,139.6745205,35.6088717,東京,自由が丘駅,536.0,自由が丘駅,1.0,目黒区,中目黒,中目黒,area:中目黒|station:自由が丘駅,0,,0
クリエイティブスペース・フュージョン,〒167-0053 東京都杉並区西荻南３丁目２４-２４-１ 西荻マイロード 27,,https://creativespacefusion.com/,,"2024-02-29 木曜日 15時00分～22時30分
2024-03-01 金曜日 16時30分～22時30分
2024-03-02 土曜日 9時00分～22時30分
2024-03-03 日曜日 10時00分～22時00分
2024-03-04 月曜日 18時30分～22時30分
2024-03-05 火曜日 15時00分～22時30分
2024-03-06 水曜日 15時00分～22時30分
",1.0,139.6010593,35.7037771,東京,西荻窪駅,141.0,西荻窪駅|荻窪駅|三鷹台駅|久我山駅|井の頭公園駅|吉祥寺駅,0.0,杉並区,高円寺,高円寺,area:高円寺|feature:24h|feature:midnight,0,,0
レンタルスタジオ 阿佐ヶ谷リノ,〒166-0015 東京都杉並区成田東５丁目２０-９,,https://asagaya-lino.linovery.com/,,"2024-02-29 木曜日 6時00分～22時00分
2024-03-01 金曜日 6時00分～22時00分
2024-03-02 土曜日 6時00分～22時00分
2024-03-03 日曜日 6時00分～22時00分
2024-03-04 月曜日 6時00分～22時00分
2024-03-05 火曜日 6時00分～22時00分
2024-03-06 水曜日 6時00分～22時00分
",1.0,139.6311827,35.7010783,東京,南阿佐ケ谷駅,434.0,南阿佐ケ谷駅|阿佐ヶ谷駅|荻窪駅|新高円寺駅|高円寺駅,0.0,杉並区,高円寺,高円寺,area:高円寺|feature:24h|feature:midnight,0,,0
ジーロックス・スタジオ,〒168-0073 東京都杉並区下高井戸１丁目１５-１２,,http://www.groks.co.jp/,03-3325-3311,"2024-02-29 木曜日 11時00分～23時00分
2024-03-01 金曜日 11時00分～23時00分
2024-03-02 土曜日 11時00分～23時00分
2024-03-03 日曜日 11時00分～23時00分
2024-03-04 月曜日 11時00分～23時00分
2024-03-05 火曜日 11時00分～23時00分
2024-03-06 水曜日 11時00分～23時00分
",1.0,139.6370976,35.6675691,東京,下高井戸駅,420.0,下高井戸駅|桜上水駅|松原駅|永福町駅|明大前駅|西永福駅|上北沢駅|山下駅|東松原駅|豪徳寺駅,0.0,杉並区,高円寺,高円寺,area:高円寺|feature:24h|feature:midnight,0,,0
BUZZ田無,〒188-8511 東京都西東京市田無町３丁目１０-１５ 京屋ビル 2階,,,,"2024-02-29 木曜日 24 時間営業
2024-03-01 金曜日 24 時間営業
2024-03-02 土曜日 24 時間営業
2024-03-03 日曜日 24 時間営業
2024-03-04 月曜日 24 時間営業
2024-03-05 火曜日 24 時間営業
2024-03-06 水曜日 24 時間営業
",1.0,139.5416633,35.7297714,東京,田無駅,337.0,田無駅|西武柳沢駅,0.0,西東京市,ひばりヶ丘,ひばりヶ丘,area:ひばりヶ丘|feature:24h|feature:midnight,0,,0
ジムスタジオ IT'S MY TIME府中駅前店,〒183-0023 東京都府中市宮町１丁目23-３ 関口ビル 1階,,http://mytime2000.com/,080-4356-1174,"2024-02-29 木曜日 10時00分～20時00分
2024-03-01 金曜日 10時00分～20時00分
2024-03-02 土曜日 10時00分～20時00分
2024-03-03 日曜日 10時00分～15時00分
2024-03-04 月曜日 10時00分～19時00分
2024-03-05 火曜日 10時00分～20時00分
2024-03-06 水曜日 10時00分～20時00分
",1.0,139.4819999,35.6707329,東京,府中駅,505.0,府中駅,1.0,府中市,府中,府中,area:府中|station:府中駅|feature:24h|feature:midnight,0,,0
シャノワールレンタルスタジオ,〒110-0005 東京都台東区上野３丁目１４-５ ヴェルコ黒門ビル 地下1階,,https://chatnoir-studio.com/,050-3706-0720,"LGBTQ フレンドリー2024-02-29 木曜日 24 時間営業
2024-03-01 金曜日 24 時間営業
2024-03-02 土曜日 24 時間営業
2024-03-03 日曜日 24 時間営業
2024-03-04 月曜日 24 時間営業
2024-03-05 火曜日 24 時間営業
2024-03-06 水曜日 24 時間営業
",1.0,139.7728236,35.705623,東京,秋葉原駅,782.0,秋葉原駅|上野駅,2.0,台東区,上野,上野|浅草|御徒町|蔵前,area:上野|station:秋葉原駅|station:上野駅|feature:24h|feature:midnight,0,,0
ジャパンポールダンス,〒160-0021 東京都新宿区歌舞伎町１丁目２３-１２ 第一桑原ビル 5F,,,03-6233-8042,,1.0,139.7010903,35.6944875,東京,西武新宿駅,161.0,西武新宿駅|新宿駅|新大久保駅,3.0,新宿区,新宿,新宿|西新宿|高田馬場|新大久保,area:新宿|station:西武新宿駅|station:新宿駅|station:新大久保駅,0,,0
シュミネAスタジオStudioStyle+,〒169-0073 東京都新宿区百人町１丁目２４-７,,,090-8306-7493,"2024-02-29 木曜日 24 時間営業
2024-03-01 金曜日 24 時間営業
2024-03-02 土曜日 24 時間営業
2024-03-03 日曜日 24 時間営業
2024-03-04 月曜日 24 時間営業
2024-03-05 火曜日 24 時間営業
2024-03-06 水曜日 24 時間営業
",1.0,139.6975462,35.6986271,東京,新大久保駅,374.0,新大久保駅|西武新宿駅|新宿駅,3.0,新宿区,新宿,新宿|西新宿|高田馬場|新大久保,area:新宿|station:新大久保駅|station:西武新宿駅|station:新宿駅|feature:24h|feature:midnight,0,,0
ジョイ・バレエ ストゥーディオ 平和台スタジオ,〒179-0083 東京都練馬区平和台３丁目１５-１１ 飯塚ダンススタジオ,,https://joy-ballet-studio.com/,090-9802-6402,"オーナーが女性と確認されたビジネス2024-02-29 木曜日 定休日
2024-03-01 金曜日 定休日
2024-03-02 土曜日 定休日
2024-03-03 日曜日 定休日
2024-03-04 月曜日 16時45分～18時40分
2024-03-05 火曜日 定休日
2024-03-06 水曜日 定休日
",1.0,139.6625881,35.7549666,東京,氷川台駅,655.0,氷川台駅|平和台駅|東武練馬駅|上板橋駅|新桜台駅|桜台駅|豊島園駅,0.0,練馬区,練馬,練馬,area:練馬|feature:24h|feature:midnight,0,,0
ジョイ・バレエ ストゥーディオ 本部スタジオ,〒171-0052 東京都豊島区南長崎１丁目９-１６ ヒルトップビルド B1,,https://joy-ballet-studio.com/,090-9802-6402,"オーナーが女性と確認されたビジネス2024-02-29 木曜日 定休日
2024-03-01 金曜日 定休日
2024-03-02 土曜日 9時00分～21時00分
2024-03-03 日曜日 9時00分～16時00分
2024-03-04 月曜日 定休日
2024-03-05 火曜日 10時00分～21時00分
2024-03-06 水曜日 15時00分～21時00分
",1.0,139.6940291,35.7244323,東京,椎名町駅,241.0,椎名町駅|下落合駅|落合南長崎駅|要町駅|目白駅|東長崎駅|中井駅|高田馬場駅|千川駅|池袋駅,0.0,豊島区,池袋,池袋|目白|大塚|巣鴨,area:池袋|feature:24h|feature:midnight,0,,0
シライシダンススタジオ,〒106-0047 東京都港区南麻布５丁目１０-２６ ＯＲＥ広尾ビル ２階,,http://shiraishidance.com/,03-6450-4143,"2024-02-29 木曜日 12時00分～22時00分
2024-03-01 金曜日 12時00分～22時00分
2024-03-02 土曜日 12時00分～22時00分
2024-03-03 日曜日 定休日
2024-03-04 月曜日 12時00分～22時00分
2024-03-05 火曜日 12時00分～22時00分
2024-03-06 水曜日 12時00分～22時00分
",1.0,139.722438,35.652829,東京,麻布十番駅,1112.0,麻布十番駅,1.0,港区,六本木,六本木|赤坂|麻布|新橋,area:六本木|station:麻布十番駅|feature:24h|feature:midnight,0,,0
シルクスタジオ,〒192-0912 東京都八王子市絹ケ丘１丁目２１-５,,https://hachioji.mypl.net/shop/00000359076/,042-657-3183,"2024-02-29 木曜日 10時00分～19時00分
2024-03-01 金曜日 10時00分～19時00分
2024-03-02 土曜日 10時00分～19時00分
2024-03-03 日曜日 10時00分～19時00分
2024-03-04 月曜日 10時00分～19時00分
2024-03-05 火曜日 10時00分～19時00分
2024-03-06 水曜日 10時00分～19時00分
",1.0,139.3620955,35.6397181,東京,長沼駅,495.0,長沼駅|北野駅|平山城址公園駅|片倉駅,0.0,八王子市,八王子,八王子,area:八王子|feature:24h|feature:midnight,0,,0
ジンドー学園,〒203-0014 東京都東久留米市東本町１-５ ジンドー学園ビル,,http://gakuen.jindo.jp/,042-475-6666,"2024-02-29 木曜日 10時00分～22時00分
2024-03-01 金曜日 10時00分～22時00分
2024-03-02 土曜日 10時00分～22時00分
2024-03-03 日曜日 10時00分～13時00分
2024-03-04 月曜日 10時00分～22時00分
2024-03-05 火曜日 10時00分～22時00分
2024-03-06 水曜日 10時00分～22時00分
",1.0,139.533391,35.7615,東京,東久留米駅,138.0,東久留米駅|ひばりヶ丘駅|清瀬駅,0.0,東久留米市,東久留米,東久留米,area:東久留米|feature:24h|feature:midnight,0,,0
シンフォニー,〒114-0001 東京都北区東十条２丁目４-１２ 金鈴ビル,,https://sites.google.com/view/higashijujo-symphony/ホーム,03-3927-9255,"2024-02-29 木曜日 11時00分～21時30分
2024-03-01 金曜日 11時00分～21時30分
2024-03-02 土曜日 14時00分～21時30分
2024-03-03 日曜日 14時00分～21時30分
2024-03-04 月曜日 11時00分～21時30分
2024-03-05 火曜日 11時00分～21時30分
2024-03-06 水曜日 11時00分～21時30分
",1.0,139.729525,35.762622,東京,東十条駅,281.0,東十条駅|王子神谷駅|十条駅|王子駅前駅|王子駅|飛鳥山駅|栄町駅|新板橋駅|志茂駅|滝野川一丁目駅,0.0,北区,赤羽,赤羽,area:赤羽|feature:24h|feature:midnight,0,,0
スギタダンススクール,〒435-0006 静岡県浜松市東区下石田町１５５８,,https://sugitadance.com/,053-421-7277,"2024-02-29 木曜日 10時00分～22時00分
2024-03-01 金曜日 10時00分～22時00分
2024-03-02 土曜日 10時00分～22時00分
2024-03-03 日曜日 定休日
2024-03-04 月曜日 10時00分～22時00分
2024-03-05 火曜日 10時00分～22時00分
2024-03-06 水曜日 10時00分～22時00分
",1.0,137.7828035,34.7357244,東京,なし,,,0.0,その他,その他,その他,feature:24h|feature:midnight,0,,0
スキップスタジオ成城,〒157-0066 東京都世田谷区成城１丁目１-５,,http://studio.skip-corporation.com/seijo/index.php,070-3257-2196,"2024-02-29 木曜日 24 時間営業
2024-03-01 金曜日 24 時間営業
2024-03-02 土曜日 24 時間営業
2024-03-03 日曜日 24 時間営業
2024-03-04 月曜日 24 時間営業
2024-03-05 火曜日 24 時間営業
2024-03-06 水曜日 24 時間営業
",1.0,139.6054397,35.6325588,東京,成城学園前駅,1019.0,成城学園前駅|祖師ヶ谷大蔵駅|喜多見駅,0.0,世田谷区,下北沢,下北沢|三軒茶屋|二子玉川|自由が丘,area:下北沢|feature:24h|feature:midnight,0,,0
スタジオ ACTY,〒190-0023 東京都立川市柴崎町３丁目１４-６,,http://studio-acty.com/,090-2155-7991,,1.0,139.4110012,35.6939369,東京,立川駅,521.0,立川駅,1.0,立川市,立川,立川,area:立川|station:立川駅,0,,0
スタジオ in フットサルステージ（多摩センター）,〒206-0033 東京都多摩市落合１丁目４７ ニューシティ多摩センタービル ８F,,http://futsal-stage.com/studio/,042-316-7231,"2024-02-29 木曜日 12時00分～23時30分
2024-03-01 金曜日 12時00分～23時30分
2024-03-02 土曜日 8時00分～23時30分
2024-03-03 日曜日 8時00分～23時30分
2024-03-04 月曜日 12時00分～23時30分
2024-03-05 火曜日 12時00分～23時30分
2024-03-06 水曜日 12時00分～23時30分
",1.0,139.423251,35.6218491,東京,小田急多摩センター駅,380.0,小田急多摩センター駅|京王多摩センター駅|唐木田駅,0.0,多摩市,多摩センター,多摩センター,area:多摩センター|feature:24h|feature:midnight,0,,0
スタジオ With The Heart,"関口１丁目１５ー１ ミサオビルB１F, 文京区 東京都 112-0014",,http://studiowth.com/,03-5579-8548,"2024-02-29 木曜日 24 時間営業
2024-03-01 金曜日 24 時間営業
2024-03-02 土曜日 24 時間営業
2024-03-03 日曜日 24 時間営業
2024-03-04 月曜日 24 時間営業
2024-03-05 火曜日 24 時間営業
2024-03-06 水曜日 24 時間営業
",1.0,139.7341482,35.7082251,東京,江戸川橋駅,197.0,江戸川橋駅|神楽坂駅|牛込神楽坂駅|茗荷谷駅|飯田橋駅|早稲田駅|牛込柳町駅|護国寺駅|後楽園駅|春日駅,0.0,文京区,後楽園,後楽園,area:後楽園|feature:24h|feature:midnight,0,,0
スタジオ アッコルタ,〒150-0013 東京都渋谷区恵比寿２丁目６-２９ ACCOLTATS B1F,,https://www.accolta.com/,03-3440-5105,"2024-02-29 木曜日 定休日
2024-03-01 金曜日 10時00分～21時00分
2024-03-02 土曜日 10時00分～21時00分
2024-03-03 日曜日 10時00分～21時00分
2024-03-04 月曜日 10時00分～21時00分
2024-03-05 火曜日 10時00分～21時00分
2024-03-06 水曜日 10時00分～21時00分
",1.0,139.7173836,35.6467854,東京,恵比寿駅,658.0,恵比寿駅,1.0,渋谷区,渋谷,渋谷|恵比寿|代官山|原宿,area:渋谷|station:恵比寿駅|feature:24h|feature:midnight,0,,0
スタジオ アドバンス,〒263-0031 千葉県千葉市稲毛区稲毛東３丁目１６-２,,http://studio-advance.com/,090-7186-1475,"2024-02-29 木曜日 9時00分～23時00分
2024-03-01 金曜日 9時00分～23時00分
2024-03-02 土曜日 9時00分～23時00分
2024-03-03 日曜日 9時00分～22時00分
2024-03-04 月曜日 9時00分～23時00分
2024-03-05 火曜日 9時00分～23時00分
2024-03-06 水曜日 9時00分～23時00分
",1.0,140.0916002,35.6368919,東京,稲毛駅,83.0,稲毛駅|京成稲毛駅|みどり台駅|稲毛海岸駅|穴川駅|西千葉駅,0.0,その他,その他,その他,feature:24h|feature:midnight,0,,0
スタジオ エモーティフ,〒141-0031 東京都品川区西五反田５丁目２２-５ 藤ハイム B1F,,https://emotif.jp/,090-9382-6258,"2024-02-29 木曜日 24 時間営業
2024-03-01 金曜日 24 時間営業
2024-03-02 土曜日 24 時間営業
2024-03-03 日曜日 24 時間営業
2024-03-04 月曜日 24 時間営業
2024-03-05 火曜日 24 時間営業
2024-03-06 水曜日 24 時間営業
",1.0,139.7141502,35.6232647,東京,五反田駅,911.0,五反田駅,1.0,品川区,品川,品川|五反田|大井町|目黒,area:品川|station:五反田駅|feature:24h|feature:midnight,0,,0
スタジオ エルヴール,〒142-0063 東京都品川区荏原４丁目１７-１９ エルヴール 203,,http://studio-eleveur.com/,03-3782-2800,"2024-02-29 木曜日 9時00分～22時00分
2024-03-01 金曜日 9時00分～22時00分
2024-03-02 土曜日 9時00分～22時00分
2024-03-03 日曜日 9時00分～22時00分
2024-03-04 月曜日 9時00分～22時00分
2024-03-05 火曜日 9時00分～22時00分
2024-03-06 水曜日 9時00分～22時00分
",1.0,139.705452,35.614177,東京,西小山駅,619.0,西小山駅|武蔵小山駅|荏原中延駅|戸越銀座駅|戸越駅|旗の台駅|洗足駅|中延駅|荏原町駅|戸越公園駅,0.0,品川区,品川,品川|五反田|大井町|目黒,area:品川|feature:24h|feature:midnight,0,,0
スタジオ エレ,〒161-0034 東京都新宿区上落合３丁目２３-１７,,http://www.dancestudio-ailee.jp/,0120-555-043,"2024-02-29 木曜日 24 時間営業
2024-03-01 金曜日 24 時間営業
2024-03-02 土曜日 24 時間営業
2024-03-03 日曜日 24 時間営業
2024-03-04 月曜日 24 時間営業
2024-03-05 火曜日 24 時間営業
2024-03-06 水曜日 24 時間営業
",1.0,139.682634,35.710251,東京,落合駅,319.0,落合駅|東中野駅|中井駅|新井薬師前駅|下落合駅|落合南長崎駅|中野坂上駅|中野駅|大久保駅|新大久保駅,0.0,新宿区,新宿,新宿|西新宿|高田馬場|新大久保,area:新宿|feature:24h|feature:midnight,0,,0
スタジオ クロア,〒145-0071 東京都大田区田園調布２丁目４６-３ ライトハウス田園調布 1F,,https://studiocroix.jp/,03-3722-7096,"オーナーが女性と確認されたビジネス2024-02-29 木曜日 13時00分～22時00分
2024-03-01 金曜日 9時00分～21時00分
2024-03-02 土曜日 9時00分～18時30分
2024-03-03 日曜日 9時00分～17時00分
2024-03-04 月曜日 16時00分～20時00分
2024-03-05 火曜日 13時00分～22時00分
2024-03-06 水曜日 9時00分～18時00分
",1.0,139.6714581,35.5971246,東京,自由が丘駅,1156.0,自由が丘駅,1.0,大田区,蒲田,蒲田,area:蒲田|station:自由が丘駅|feature:24h|feature:midnight,0,,0
スタジオ クロア 第１スタジオ,〒145-0071 東京都大田区田園調布２丁目４６-１６,,https://studiocroix.jp/,03-3722-7096,"オーナーが女性と確認されたビジネス2024-02-29 木曜日 13時00分～22時00分
2024-03-01 金曜日 9時00分～21時00分
2024-03-02 土曜日 9時30分～18時30分
2024-03-03 日曜日 定休日
2024-03-04 月曜日 定休日
2024-03-05 火曜日 13時00分～22時00分
2024-03-06 水曜日 9時00分～18時00分
",1.0,139.671206,35.597136,東京,自由が丘駅,1150.0,自由が丘駅,1.0,大田区,蒲田,蒲田,area:蒲田|station:自由が丘駅|feature:24h|feature:midnight,0,,0
ダンススタジオ ability,〒192-0066 東京都八王子市本町２４-８ クラフトビル 1F,,https://studio-ability.com/,,"2024-02-29 木曜日 17時00分～21時00分
2024-03-01 金曜日 17時00分～22時30分
2024-03-02 土曜日 11時00分～19時30分
2024-03-03 日曜日 定休日
2024-03-04 月曜日 17時00分～22時30分
2024-03-05 火曜日 17時00分～21時00分
2024-03-06 水曜日 16時00分～21時00分
",1.0,139.3317412,35.6622675,東京,八王子駅,981.0,八王子駅,1.0,八王子市,八王子,八王子,area:八王子|station:八王子駅|feature:24h|feature:midnight,0,,0
スタジオ シヴァ音楽教室/中板橋,〒173-0016 東京都板橋区中板橋２０-１ プラシア 201(2階 モダ・ビエント中板橋,,https://www.ratel-story.com/studiosiva-musicschool?utm_source=google&utm_medium=wix_google_business_profile&utm_campaign=5280847348101629780,050-3574-0048,"オーナーが女性と確認されたビジネス2024-02-29 木曜日 10時00分～5時00分
2024-03-01 金曜日 10時00分～5時00分
2024-03-02 土曜日 10時00分～5時00分
2024-03-03 日曜日 10時00分～5時00分
2024-03-04 月曜日 10時00分～5時00分
2024-03-05 火曜日 10時00分～5時00分
2024-03-06 水曜日 10時00分～5時00分
",1.0,139.6964309,35.7556939,東京,中板橋駅,92.0,中板橋駅|ときわ台駅|大山駅|板橋本町駅|板橋区役所前駅|本蓮沼駅|下板橋駅,0.0,板橋区,成増,成増,area:成増|feature:24h|feature:midnight,0,,0
レンタルスタジオNSA 1号店,〒001-0014 北海道札幌市北区北１４条西１丁目２-５ 三晃ビル,,https://www.studio-nsa.com/,,"2024-02-29 木曜日 24 時間営業
2024-03-01 金曜日 24 時間営業
2024-03-02 土曜日 24 時間営業
2024-03-03 日曜日 24 時間営業
2024-03-04 月曜日 24 時間営業
2024-03-05 火曜日 24 時間営業
2024-03-06 水曜日 24 時間営業
",1.0,141.3514096,43.0782135,東京,北１３条東駅,302.0,北１３条東駅|北１２条駅|北１８条駅|札幌駅|東区役所前駅|さっぽろ駅|北２４条駅|桑園駅|環状通東駅|大通駅,0.0,北区,赤羽,赤羽,area:赤羽|feature:24h|feature:midnight,0,,0
スタジオ ジュエル,〒179-0075 東京都練馬区高松１丁目１２-８,,http://www.studiojewel-r.com/,090-4835-3767,"2024-02-29 木曜日 15時30分～21時00分
2024-03-01 金曜日 15時30分～21時00分
2024-03-02 土曜日 定休日
2024-03-03 日曜日 定休日
2024-03-04 月曜日 15時30分～21時00分
2024-03-05 火曜日 15時30分～21時00分
2024-03-06 水曜日 定休日
",1.0,139.6329319,35.7461937,東京,練馬春日町駅,876.0,練馬春日町駅|中村橋駅|富士見台駅|光が丘駅|豊島園駅|練馬高野台駅,0.0,練馬区,練馬,練馬,area:練馬|feature:24h|feature:midnight,0,,0
スタジオ ダ・ヴィンチ,"〒105-0021 東京都港区東新橋２丁目４-６ パラッツオシエナ 1 2,3F",,https://studio-davinci.jp/,03-6432-0160,"2024-02-29 木曜日 10時00分～19時00分
2024-03-01 金曜日 10時00分～19時00分
2024-03-02 土曜日 定休日
2024-03-03 日曜日 定休日
2024-03-04 月曜日 10時00分～19時00分
2024-03-05 火曜日 10時00分～19時00分
2024-03-06 水曜日 10時00分～19時00分
",1.0,139.7576011,35.6616165,東京,新橋駅,517.0,新橋駅|浜松町駅,2.0,港区,六本木,六本木|赤坂|麻布|新橋,area:六本木|station:新橋駅|station:浜松町駅|feature:24h|feature:midnight,0,,0
スタジオ ノバック,〒185-0021 東京都国分寺市南町２丁目１７-７ B.C.B TAKURA 3F,,https://noback.co.jp/school/,042-359-7630,,1.0,139.4832291,35.6997243,東京,国分寺駅,235.0,国分寺駅,1.0,国分寺市,国分寺,国分寺,area:国分寺|station:国分寺駅,0,,0
スタジオククナ,〒114-0032 東京都北区中十条２丁目９-１５ 地下１階 瀬武興業第一ビル,,https://studio-kukuna.amebaownd.com/,,"2024-02-29 木曜日 10時00分～21時00分
2024-03-01 金曜日 10時00分～21時00分
2024-03-02 土曜日 10時00分～21時00分
2024-03-03 日曜日 10時00分～21時00分
2024-03-04 月曜日 10時00分～21時00分
2024-03-05 火曜日 10時00分～21時00分
2024-03-06 水曜日 10時00分～21時00分
",1.0,139.726861,35.7621515,東京,東十条駅,200.0,東十条駅|十条駅|王子神谷駅|王子駅前駅|王子駅|新板橋駅|飛鳥山駅|赤羽駅|滝野川一丁目駅|志茂駅,0.0,北区,赤羽,赤羽,area:赤羽|feature:24h|feature:midnight,0,,0
スタジオ プリメーラ(スタジオ プリメラ),〒169-0072 東京都新宿区大久保２丁目８-８ 青葉ビル,,http://primera.moo.jp/?page_id=2,080-8948-3449,"2024-02-29 木曜日 9時00分～23時00分
2024-03-01 金曜日 9時00分～23時00分
2024-03-02 土曜日 9時00分～23時00分
2024-03-03 日曜日 9時00分～23時00分
2024-03-04 月曜日 9時00分～23時00分
2024-03-05 火曜日 9時00分～23時00分
2024-03-06 水曜日 9時00分～23時00分
",1.0,139.7073524,35.7026962,東京,新大久保駅,678.0,新大久保駅|西武新宿駅|高田馬場駅,3.0,新宿区,新宿,新宿|西新宿|高田馬場|新大久保,area:新宿|station:新大久保駅|station:西武新宿駅|station:高田馬場駅|feature:24h|feature:midnight,0,,0
CREO王子駅前｜ダンススタジオ｜レンタルスペース,〒114-0002 東京都北区王子１丁目２-１ 倉長ビル 402号室,,https://spacemarket.com/p/-N7dQTRzl0H4tYXS,,"LGBTQ フレンドリー2024-02-29 木曜日 24 時間営業
2024-03-01 金曜日 24 時間営業
2024-03-02 土曜日 24 時間営業
2024-03-03 日曜日 24 時間営業
2024-03-04 月曜日 24 時間営業
2024-03-05 火曜日 24 時間営業
2024-03-06 水曜日 24 時間営業
",1.0,139.7371592,35.753065,東京,王子駅前駅,97.0,王子駅前駅|王子駅|飛鳥山駅|滝野川一丁目駅|西ケ原駅|梶原駅|西ヶ原四丁目駅|上中里駅|西巣鴨駅|王子神谷駅,0.0,北区,赤羽,赤羽,area:赤羽|feature:24h|feature:midnight,0,,0
Studio Face,〒114-0021 東京都北区岸町１丁目６-２０ 地下1階 レジェンド王子,,https://studioface0712.com/,,"2024-02-29 木曜日 24 時間営業
2024-03-01 金曜日 24 時間営業
2024-03-02 土曜日 24 時間営業
2024-03-03 日曜日 24 時間営業
2024-03-04 月曜日 24 時間営業
2024-03-05 火曜日 24 時間営業
2024-03-06 水曜日 24 時間営業
",1.0,139.7351256,35.7547057,東京,王子駅前駅,346.0,王子駅前駅|王子駅|飛鳥山駅|栄町駅|滝野川一丁目駅|西ヶ原四丁目駅|西ケ原駅|王子神谷駅|梶原駅|東十条駅,0.0,北区,赤羽,赤羽,area:赤羽|feature:24h|feature:midnight,0,,0
スタジオ ランディン 立川校,〒190-0022 東京都立川市錦町２丁目２-５ アオイビル 2F,,http://www.namelessproduction.com/,042-523-4940,,1.0,139.4166423,35.6956123,東京,立川駅,411.0,立川駅,1.0,立川市,立川,立川,area:立川|station:立川駅,0,,0
スタジオ リル 千葉市川市店,〒272-0133 千葉県市川市行徳駅前１丁目１７-９ ステップワンビル 303,,https://upnow.jp/Studiorill,080-1199-7763,"2024-02-29 木曜日 24 時間営業
2024-03-01 金曜日 24 時間営業
2024-03-02 土曜日 24 時間営業
2024-03-03 日曜日 24 時間営業
2024-03-04 月曜日 24 時間営業
2024-03-05 火曜日 24 時間営業
2024-03-06 水曜日 24 時間営業
",1.0,139.9157293,35.6835139,東京,行徳駅,164.0,行徳駅|妙典駅|南行徳駅|瑞江駅,0.0,その他,その他,その他,feature:24h|feature:midnight,0,,0
スタジオ ルカロ,〒453-0856 愛知県名古屋市中村区並木１丁目１４２,,https://www.studio-rucalo.com/,052-485-5155,"2024-02-29 木曜日 10時00分～0時00分
2024-03-01 金曜日 10時00分～0時00分
2024-03-02 土曜日 10時00分～0時00分
2024-03-03 日曜日 9時00分～0時00分
2024-03-04 月曜日 10時00分～0時00分
2024-03-05 火曜日 10時00分～0時00分
2024-03-06 水曜日 10時00分～0時00分
",1.0,136.8521373,35.1538616,東京,岩塚駅,523.0,岩塚駅|近鉄八田駅|八田駅|小本駅|烏森駅|高畑駅|中村公園駅|黄金駅|荒子駅,0.0,その他,その他,その他,feature:24h|feature:midnight,0,,0
スタジオ レセルバ,〒107-0052 東京都港区赤坂３丁目２１-１４ TS共和六番館地下一階,,,03-6426-5858,"2024-02-29 木曜日 11時00分～23時00分
2024-03-01 金曜日 11時00分～23時00分
2024-03-02 土曜日 11時00分～23時00分
2024-03-03 日曜日 11時00分～23時00分
2024-03-04 月曜日 11時00分～23時00分
2024-03-05 火曜日 11時00分～23時00分
2024-03-06 水曜日 11時00分～23時00分
",1.0,139.735694,35.676832,東京,赤坂駅,380.0,赤坂駅|青山一丁目駅,2.0,港区,六本木,六本木|赤坂|麻布|新橋,area:六本木|station:赤坂駅|station:青山一丁目駅|feature:24h|feature:midnight,0,,0
スタジオ レンズマン芝公園,〒105-0011 東京都港区芝公園２丁目１２-１５ 大国ビル 2F-A,,http://lensman.jp/,03-6809-1454,,1.0,139.7514924,35.653786,東京,浜松町駅,518.0,浜松町駅|田町駅,2.0,港区,六本木,六本木|赤坂|麻布|新橋,area:六本木|station:浜松町駅|station:田町駅,0,,0
スタジオ レンズマン青山,〒107-0062 東京都港区南青山２丁目１０-１１ 南青山パールハイム 1F,,http://lensman.jp/,03-6804-1241,"2024-02-29 木曜日 24 時間営業
2024-03-01 金曜日 24 時間営業
2024-03-02 土曜日 24 時間営業
2024-03-03 日曜日 24 時間営業
2024-03-04 月曜日 24 時間営業
2024-03-05 火曜日 24 時間営業
2024-03-06 水曜日 24 時間営業
",1.0,139.7210223,35.6710162,東京,青山一丁目駅,316.0,青山一丁目駅|外苑前駅|表参道駅,3.0,港区,六本木,六本木|赤坂|麻布|新橋,area:六本木|station:青山一丁目駅|station:外苑前駅|station:表参道駅|feature:24h|feature:midnight,0,,0
スタジオ・アヴァンティ,〒189-0014 東京都東村山市本町２丁目２１-３ ファーストステージ東村山,,https://www.a-dance.com/,042-397-1475,"2024-02-29 木曜日 10時00分～18時00分
2024-03-01 金曜日 10時00分～18時00分
2024-03-02 土曜日 10時00分～18時00分
2024-03-03 日曜日 定休日
2024-03-04 月曜日 10時00分～18時00分
2024-03-05 火曜日 10時00分～18時00分
2024-03-06 水曜日 10時00分～18時00分
",1.0,139.4673568,35.7582556,東京,東村山駅,281.0,東村山駅|久米川駅|八坂駅|西武園駅,0.0,東村山市,東村山,東村山,area:東村山|feature:24h|feature:midnight,0,,0
スタジオ・エルカミーノ,〒133-0057 東京都江戸川区西小岩１丁目１９-３２,,http://elcamino-koiwa.com/,03-3671-3309,,1.0,139.880068,35.7324773,東京,小岩駅,194.0,小岩駅|京成小岩駅|江戸川駅,0.0,江戸川区,西葛西,西葛西,area:西葛西,0,,0
BUZZ レンタルスタジオ赤坂店,〒107-0052 東京都港区赤坂２丁目１３-２０ Tsumugi ビル,,,,"2024-02-29 木曜日 24 時間営業
2024-03-01 金曜日 24 時間営業
2024-03-02 土曜日 24 時間営業
2024-03-03 日曜日 24 時間営業
2024-03-04 月曜日 24 時間営業
2024-03-05 火曜日 24 時間営業
2024-03-06 水曜日 24 時間営業
",1.0,139.7381591,35.6727945,東京,赤坂駅,148.0,赤坂駅,1.0,港区,六本木,六本木|赤坂|麻布|新橋,area:六本木|station:赤坂駅|feature:24h|feature:midnight,0,,0
スタジオ・ブリエ 四谷,〒160-0008 東京都新宿区四谷三栄町１２-２ 大久保ビル 1階,,http://www.studio-brillia.com/,03-6380-0648,"2024-02-29 木曜日 9時00分～22時00分
2024-03-01 金曜日 9時00分～22時00分
2024-03-02 土曜日 9時00分～22時00分
2024-03-03 日曜日 9時00分～22時00分
2024-03-04 月曜日 9時00分～22時00分
2024-03-05 火曜日 9時00分～22時00分
2024-03-06 水曜日 9時00分～22時00分
",1.0,139.7253296,35.6885657,東京,四谷三丁目駅,430.0,四谷三丁目駅|曙橋駅|四ツ谷駅|市ケ谷駅|信濃町駅|麹町駅|牛込柳町駅|新宿御苑前駅|若松河田駅|国立競技場駅,0.0,新宿区,新宿,新宿|西新宿|高田馬場|新大久保,area:新宿|feature:24h|feature:midnight,0,,0
スタジオ・マンサナ,〒112-0002 東京都文京区小石川２丁目３-２１,,http://flamenco-manzana.com/,03-5840-6578,"2024-02-29 木曜日 11時00分～22時00分
2024-03-01 金曜日 11時00分～22時00分
2024-03-02 土曜日 11時00分～22時00分
2024-03-03 日曜日 11時00分～20時00分
2024-03-04 月曜日 定休日
2024-03-05 火曜日 11時00分～22時00分
2024-03-06 水曜日 11時00分～22時00分
",1.0,139.7508989,35.7095882,東京,後楽園駅,148.0,後楽園駅|春日駅|水道橋駅|本郷三丁目駅|飯田橋駅|東大前駅|白山駅|茗荷谷駅|九段下駅|根津駅,0.0,文京区,後楽園,後楽園,area:後楽園|feature:24h|feature:midnight,0,,0
スタジオ・リアル,〒164-0013 東京都中野区弥生町１丁目５５-１１ エムエスエスビル 2Ｆ,,,03-3372-4366,,1.0,139.6776768,35.6919219,東京,中野新橋駅,316.0,中野新橋駅|西新宿五丁目駅（清水橋）|中野坂上駅|中野富士見町駅|新中野駅|都庁前駅|西新宿駅|初台駅|幡ヶ谷駅|東中野駅,0.0,中野区,中野,中野,area:中野,0,,0
スタジオ21（レンタルスタジオ）,"竹中シャルム B1, ３丁目-１-３ 浅草橋 台東区 東京都 111-0053",,https://upnow.jp/studio21/asakusabashi,080-6600-1221,,1.0,139.787492,35.7001094,東京,蔵前駅,643.0,蔵前駅,1.0,台東区,上野,上野|浅草|御徒町|蔵前,area:上野|station:蔵前駅,0,,0
BUZZ レンタルスタジオ 六本木店,〒106-0032 東京都港区六本木４丁目５-７ スタジオＤ 地下1階,https://dance-studio-lab.com/room/MGYxY2IwOWYtNDQ4ZS00MmEyLTliYTAtNzg1YjUyOTA0OTlj/detail,,,"2024-02-29 木曜日 24 時間営業
2024-03-01 金曜日 24 時間営業
2024-03-02 土曜日 24 時間営業
2024-03-03 日曜日 24 時間営業
2024-03-04 月曜日 24 時間営業
2024-03-05 火曜日 24 時間営業
2024-03-06 水曜日 24 時間営業
",1.0,139.732969,35.6648585,東京,六本木駅,269.0,六本木駅|赤坂駅|青山一丁目駅,3.0,港区,六本木,六本木|赤坂|麻布|新橋,area:六本木|station:六本木駅|station:赤坂駅|station:青山一丁目駅|feature:24h|feature:mirror|feature:midnight,1,https://dance-studio-lab.com/room/MGYxY2IwOWYtNDQ4ZS00MmEyLTliYTAtNzg1YjUyOTA0OTlj/detail,100
スタジオBOS,〒174-0065 東京都板橋区若木１丁目２６-９,,http://www.studio-bos.com/,03-6795-4845,"2024-02-29 木曜日 10時00分～22時00分
2024-03-01 金曜日 10時00分～22時00分
2024-03-02 土曜日 10時00分～22時00分
2024-03-03 日曜日 10時00分～22時00分
2024-03-04 月曜日 10時00分～22時00分
2024-03-05 火曜日 10時00分～22時00分
2024-03-06 水曜日 10時00分～22時00分
",1.0,139.6704322,35.7687511,東京,東武練馬駅,787.0,東武練馬駅|上板橋駅|志村三丁目駅|蓮根駅|平和台駅,0.0,板橋区,成増,成増,area:成増|feature:24h|feature:midnight,0,,0
スタジオＤ２,〒113-0001 東京都文京区白山１丁目１８-７ 石川ビル,,http://studio-d2.net/,03-3812-1174,,1.0,139.7522058,35.7177329,東京,白山駅,389.0,白山駅|東大前駅|本駒込駅|後楽園駅|春日駅|根津駅|千石駅|千駄木駅|本郷三丁目駅|茗荷谷駅,0.0,文京区,後楽園,後楽園,area:後楽園,0,,0
スタジオＤＤＦ,〒134-0088 東京都江戸川区西葛西５丁目５-１５,,http://www.studio-ddf.com/,03-6808-0052,,1.0,139.8606857,35.6651081,東京,西葛西駅,146.0,西葛西駅|葛西駅,0.0,江戸川区,西葛西,西葛西,area:西葛西,0,,0
スタジオGAEA,〒165-0025 東京都中野区沼袋１丁目１０-５,,https://studiogaea.wixsite.com/gaea,03-3388-6585,,1.0,139.6659961,35.7184218,東京,沼袋駅,174.0,沼袋駅|新井薬師前駅|野方駅|中野駅|新江古田駅|落合南長崎駅|中井駅|都立家政駅,0.0,中野区,中野,中野,area:中野,0,,0
スタジオｉＤＣ,〒171-0014 東京都豊島区池袋２丁目４７-３ キウレイコンビル ４,,http://www.izumikubo-dc.com/,03-5985-4433,"2024-02-29 木曜日 10時00分～22時00分
2024-03-01 金曜日 10時00分～22時00分
2024-03-02 土曜日 10時00分～22時00分
2024-03-03 日曜日 10時00分～19時00分
2024-03-04 月曜日 10時00分～22時00分
2024-03-05 火曜日 10時00分～22時00分
2024-03-06 水曜日 10時00分～22時00分
",1.0,139.7109802,35.7334001,東京,池袋駅,500.0,池袋駅,1.0,豊島区,池袋,池袋|目白|大塚|巣鴨,area:池袋|station:池袋駅|feature:24h|feature:midnight,0,,0
スタジオJBA,〒103-0011 東京都中央区日本橋大伝馬町１１-８ ＨＡＴビル B1F,,https://studiojba.com/,03-6231-0638,"2024-02-29 木曜日 定休日
2024-03-01 金曜日 定休日
2024-03-02 土曜日 定休日
2024-03-03 日曜日 定休日
2024-03-04 月曜日 6時00分～0時00分
2024-03-05 火曜日 6時00分～0時00分
2024-03-06 水曜日 定休日
",1.0,139.7806568,35.689991,東京,秋葉原駅,1128.0,秋葉原駅,1.0,中央区,銀座,銀座|日本橋|八丁堀|月島,area:銀座|station:秋葉原駅|feature:24h|feature:midnight,0,,0
スタジオK,〒195-0064 東京都町田市小野路町２０７３-３,,https://studio-k-net.com/,090-3409-5240,"2024-02-29 木曜日 9時00分～22時00分
2024-03-01 金曜日 9時00分～22時00分
2024-03-02 土曜日 9時00分～22時00分
2024-03-03 日曜日 定休日
2024-03-04 月曜日 9時00分～22時00分
2024-03-05 火曜日 9時00分～22時00分
2024-03-06 水曜日 9時00分～22時00分
",1.0,139.4545963,35.5950122,東京,なし,,,0.0,町田市,町田,町田,area:町田|feature:24h|feature:midnight,0,,0
スタジオM,〒141-0032 東京都品川区大崎２丁目７-２,,,090-1504-2825,,1.0,139.7261695,35.6175166,東京,大崎駅,325.0,大崎駅|五反田駅,2.0,品川区,品川,品川|五反田|大井町|目黒,area:品川|station:大崎駅|station:五反田駅,0,,0
スタジオmi-sa｜フラメンコ・フラダンス教室・レンタルスタジオ,〒173-0004 東京都板橋区板橋３丁目５-１ リビオタワー板橋 １F,,https://studio-misa.com/,090-6025-1284,"オーナーが女性と確認されたビジネス2024-02-29 木曜日 10時00分～18時00分
2024-03-01 金曜日 10時00分～18時00分
2024-03-02 土曜日 10時00分～18時00分
2024-03-03 日曜日 10時00分～18時00分
2024-03-04 月曜日 10時00分～18時00分
2024-03-05 火曜日 10時00分～18時00分
2024-03-06 水曜日 10時00分～18時00分
",1.0,139.7121652,35.7501884,東京,板橋区役所前駅,270.0,板橋区役所前駅|下板橋駅|新板橋駅|板橋駅|大山駅|北池袋駅|板橋本町駅|十条駅|中板橋駅|西巣鴨駅,0.0,板橋区,成増,成増,area:成増|feature:24h|feature:midnight,0,,0
スタジオＰＯＰ,〒185-0022 東京都国分寺市東元町２丁目２０-１１ アーバンコア,,http://www.studio-pop.com/,042-323-8706,,1.0,139.4811689,35.6965075,東京,国分寺駅,451.0,国分寺駅,1.0,国分寺市,国分寺,国分寺,area:国分寺|station:国分寺駅,0,,0
スタジオR&Y,〒154-0011 東京都世田谷区上馬２丁目３１-１３ フラワーホーム102,,https://www.studio-r-and-y.com/,090-7233-3934,"オーナーが女性と確認されたビジネス2024-02-29 木曜日 10時00分～21時00分
2024-03-01 金曜日 10時00分～21時00分
2024-03-02 土曜日 10時00分～21時00分
2024-03-03 日曜日 10時00分～21時00分
2024-03-04 月曜日 10時00分～21時00分
2024-03-05 火曜日 10時00分～21時00分
2024-03-06 水曜日 10時00分～21時00分
",1.0,139.664541,35.639729,東京,三軒茶屋駅,624.0,三軒茶屋駅,1.0,世田谷区,下北沢,下北沢|三軒茶屋|二子玉川|自由が丘,area:下北沢|station:三軒茶屋駅|feature:24h|feature:midnight,0,,0
スタジオSOPIC,〒194-0045 東京都町田市南成瀬１丁目2-１,,https://studio.sopic-jp.com/,042-728-8784,"2024-02-29 木曜日 10時00分～20時00分
2024-03-01 金曜日 10時00分～21時30分
2024-03-02 土曜日 10時00分～19時00分
2024-03-03 日曜日 13時00分～19時00分
2024-03-04 月曜日 10時00分～21時30分
2024-03-05 火曜日 10時00分～21時30分
2024-03-06 水曜日 10時00分～21時30分
",1.0,139.4737512,35.5360278,東京,成瀬駅,95.0,成瀬駅|つくし野駅|長津田駅|恩田駅,0.0,町田市,町田,町田,area:町田|feature:24h|feature:midnight,0,,0
スタジオWITHテライダンスカンパニー,〒116-0014 東京都荒川区東日暮里６丁目４５-３ ハイウエストビル3F ハイウエストビル,,,03-3806-3837,"2024-02-29 木曜日 12時00分～20時30分
2024-03-01 金曜日 12時00分～20時30分
2024-03-02 土曜日 12時00分～17時30分
2024-03-03 日曜日 定休日
2024-03-04 月曜日 12時00分～20時30分
2024-03-05 火曜日 12時00分～20時30分
2024-03-06 水曜日 12時00分～20時30分
",1.0,139.775536,35.728789,東京,日暮里駅,426.0,日暮里駅,1.0,荒川区,日暮里,日暮里,area:日暮里|station:日暮里駅|feature:24h|feature:midnight,0,,0
スタジオアニマーダ,〒154-0024 東京都世田谷区三軒茶屋１丁目１６-８,,https://animada8.wixsite.com/mysite-1/home,03-3418-3415,"2024-02-29 木曜日 9時00分～22時00分
2024-03-01 金曜日 9時00分～22時00分
2024-03-02 土曜日 9時00分～22時00分
2024-03-03 日曜日 9時00分～22時00分
2024-03-04 月曜日 9時00分～22時00分
2024-03-05 火曜日 9時00分～22時00分
2024-03-06 水曜日 9時00分～22時00分
",1.0,139.670342,35.640012,東京,三軒茶屋駅,423.0,三軒茶屋駅,1.0,世田谷区,下北沢,下北沢|三軒茶屋|二子玉川|自由が丘,area:下北沢|station:三軒茶屋駅|feature:24h|feature:midnight,0,,0
スタジオアリス 足立舎人店,〒121-0831 東京都足立区舎人１丁目１５-９,,https://www.studio-alice.co.jp/shop/store_detail.php?id=227,0120-722-753,"2024-02-29 木曜日 10時00分～18時00分
2024-03-01 金曜日 10時00分～18時00分
2024-03-02 土曜日 10時00分～19時00分
2024-03-03 日曜日 10時00分～19時00分
2024-03-04 月曜日 10時00分～18時00分
2024-03-05 火曜日 10時00分～18時00分
2024-03-06 水曜日 10時00分～18時00分
",1.0,139.770543,35.8054046,東京,舎人駅,47.0,舎人駅|舎人公園駅|見沼代親水公園駅|谷在家駅,0.0,足立区,北千住,北千住,area:北千住|feature:24h|feature:midnight,0,,0
スタジオインディ 新宿店,〒160-0022 東京都新宿区新宿３丁目２２番１１号 新宿ＲＳビル ６階,,https://studioindi.jp/access/shinjuku/?argument=UxWRQv9t&dmai=a5e07032924d4a,050-1709-0496,"LGBTQ フレンドリー2024-02-29 木曜日 10時00分～20時00分
2024-03-01 金曜日 10時00分～20時00分
2024-03-02 土曜日 10時00分～20時00分
2024-03-03 日曜日 10時00分～20時00分
2024-03-04 月曜日 10時00分～20時00分
2024-03-05 火曜日 10時00分～20時00分
2024-03-06 水曜日 10時00分～20時00分
",1.0,139.7016965,35.6932474,東京,新宿駅,289.0,新宿駅|西武新宿駅|新大久保駅,3.0,新宿区,新宿,新宿|西新宿|高田馬場|新大久保,area:新宿|station:新宿駅|station:西武新宿駅|station:新大久保駅|feature:24h|feature:midnight,0,,0
スタジオインディ 東京駅前店,〒104-0031 東京都中央区京橋１丁目４-１１ 竹本ビルディング ４階,,https://studioindi.jp/access/tokyo?argument=UxWRQv9t&dmai=a5e0703f812c34,050-1709-0498,"LGBTQ フレンドリー2024-02-29 木曜日 10時00分～20時00分
2024-03-01 金曜日 10時00分～20時00分
2024-03-02 土曜日 10時00分～20時00分
2024-03-03 日曜日 10時00分～20時00分
2024-03-04 月曜日 10時00分～20時00分
2024-03-05 火曜日 10時00分～20時00分
2024-03-06 水曜日 10時00分～20時00分
",1.0,139.7700991,35.6786118,東京,東京駅,397.0,東京駅|有楽町駅,2.0,中央区,銀座,銀座|日本橋|八丁堀|月島,area:銀座|station:東京駅|station:有楽町駅|feature:24h|feature:midnight,0,,0
スタジオヴェロニカ,〒104-0032 東京都中央区八丁堀２丁目１９-６ ヤサカ八丁堀ビル B1,,https://veronica.asia/,03-4288-8680,"2024-02-29 木曜日 定休日
2024-03-01 金曜日 18時00分～22時30分
2024-03-02 土曜日 10時00分～14時00分
2024-03-03 日曜日 定休日
2024-03-04 月曜日 10時00分～22時30分
2024-03-05 火曜日 7時00分～12時00分
2024-03-06 水曜日 10時00分～22時30分
",1.0,139.7764773,35.6758355,東京,東京駅,1036.0,東京駅|有楽町駅,2.0,中央区,銀座,銀座|日本橋|八丁堀|月島,area:銀座|station:東京駅|station:有楽町駅|feature:24h|feature:midnight,0,,0
スタジオエイル,〒153-0053 東京都目黒区五本木３丁目１８-７ 第２飯島ビル,,http://studio-ailes.com/,03-5721-2911,,1.0,139.6854733,35.6316815,東京,学芸大学駅,365.0,学芸大学駅,1.0,目黒区,中目黒,中目黒,area:中目黒|station:学芸大学駅,0,,0
スタジオエリース,〒161-0033 東京都新宿区下落合２丁目１-８ 三栄ビル 310号室,,http://studioaries.net/wp/,090-4545-1784,"LGBTQ フレンドリー2024-02-29 木曜日 7時00分～0時00分
2024-03-01 金曜日 7時00分～0時00分
2024-03-02 土曜日 7時00分～0時00分
2024-03-03 日曜日 7時00分～0時00分
2024-03-04 月曜日 7時00分～0時00分
2024-03-05 火曜日 7時00分～0時00分
2024-03-06 水曜日 7時00分～0時00分
",1.0,139.7044202,35.7172688,東京,高田馬場駅,557.0,高田馬場駅,1.0,新宿区,新宿,新宿|西新宿|高田馬場|新大久保,area:新宿|station:高田馬場駅|feature:24h|feature:midnight,0,,0
スタジオカリヨン,〒179-0081 東京都練馬区北町５丁目１８-４ スズキプリンティングサービス,,https://www.e-sps.net/carillon/,03-5920-3041,"2024-02-29 木曜日 9時00分～21時00分
2024-03-01 金曜日 9時00分～21時00分
2024-03-02 土曜日 9時00分～21時00分
2024-03-03 日曜日 9時00分～21時00分
2024-03-04 月曜日 9時00分～21時00分
2024-03-05 火曜日 9時00分～21時00分
2024-03-06 水曜日 9時00分～21時00分
",1.0,139.6534565,35.766442,東京,東武練馬駅,784.0,東武練馬駅|下赤塚駅|地下鉄赤塚駅|平和台駅,0.0,練馬区,練馬,練馬,area:練馬|feature:24h|feature:midnight,0,,0
スタジオキャリコ,〒123-0842 東京都足立区栗原３丁目１０-１５ ＴＫＳ税理士ビル,,https://calico.xrea.jp/,03-5845-5451,,1.0,139.783818,35.778268,東京,大師前駅,209.0,大師前駅|西新井駅|西新井大師西駅|江北駅|梅島駅|高野駅|谷在家駅|竹ノ塚駅|扇大橋駅,0.0,足立区,北千住,北千住,area:北千住,0,,0
スタジオスタイルプラス窓口StudioStyle+,〒160-0023 東京都新宿区西新宿７丁目２２-３１ 1F,,https://studiostyle.jp/,090-8306-7493,"2024-02-29 木曜日 11時00分～15時00分
2024-03-01 金曜日 11時00分～18時00分
2024-03-02 土曜日 11時00分～15時00分
2024-03-03 日曜日 11時00分～15時00分
2024-03-04 月曜日 11時00分～18時00分
2024-03-05 火曜日 11時00分～15時00分
2024-03-06 水曜日 11時00分～18時00分",1.0,139.6966088,35.6970167,東京,西武新宿駅,380.0,西武新宿駅|新大久保駅|新宿駅,3.0,新宿区,新宿,新宿|西新宿|高田馬場|新大久保,area:新宿|station:西武新宿駅|station:新大久保駅|station:新宿駅|feature:24h|feature:midnight,0,,0
スタジオタップ７２,〒150-0002 東京都渋谷区渋谷１丁目９-5 B2F ナスタックビル,,http://www.studiotap72.com/,03-3406-0728,,1.0,139.7045598,35.6603828,東京,渋谷駅,371.0,渋谷駅|表参道駅|原宿駅,3.0,渋谷区,渋谷,渋谷|恵比寿|代官山|原宿,area:渋谷|station:渋谷駅|station:表参道駅|station:原宿駅,0,,0
スタジオジパング 池上スタジオSTANDARD,〒146-0082 東京都大田区池上６丁目５-１４ プレゼンス池上 地下1階,,https://studiozipang.com/,,"2024-02-29 木曜日 8時00分～22時00分
2024-03-01 金曜日 8時00分～22時00分
2024-03-02 土曜日 8時00分～22時00分
2024-03-03 日曜日 8時00分～22時00分
2024-03-04 月曜日 8時00分～22時00分
2024-03-05 火曜日 8時00分～22時00分
2024-03-06 水曜日 8時00分～22時00分
",1.0,139.7047543,35.5722459,東京,池上駅,162.0,池上駅|蓮沼駅|矢口渡駅|千鳥町駅|武蔵新田駅|蒲田駅|西馬込駅|下丸子駅|久が原駅,0.0,大田区,蒲田,蒲田,area:蒲田|feature:24h|feature:midnight,0,,0
スタジオハクーロ,〒155-0032 東京都世田谷区代沢２丁目４６ 三宅ビル,,,03-3460-2568,"2024-02-29 木曜日 9時00分～23時00分
2024-03-01 金曜日 9時00分～23時00分
2024-03-02 土曜日 9時00分～23時00分
2024-03-03 日曜日 9時00分～23時00分
2024-03-04 月曜日 9時00分～23時00分
2024-03-05 火曜日 9時00分～23時00分
2024-03-06 水曜日 9時00分～23時00分
",1.0,139.6729233,35.6610336,東京,下北沢駅,379.0,下北沢駅,1.0,世田谷区,下北沢,下北沢|三軒茶屋|二子玉川|自由が丘,area:下北沢|station:下北沢駅|feature:24h|feature:midnight,0,,0
スタジオピネ,〒444-0079 愛知県岡崎市石神町３-２０,,https://studio-pine.net/,0564-26-0276,,1.0,137.1715641,34.9714432,東京,北岡崎駅,1266.0,北岡崎駅|大門駅,0.0,その他,その他,その他,,0,,0
スタジオファイン,〒297-0012 千葉県茂原市六ツ野１９６１-２ KSビル,,http://s-fine.jp/,0475-26-6969,,1.0,140.324554,35.432428,東京,茂原駅,1970.0,茂原駅,0.0,その他,その他,その他,,0,,0
スタジオプラーナ,〒454-0852 愛知県名古屋市中川区昭和橋通５丁目４０-２,,http://studio-praana.com/,052-351-8686,"2024-02-29 木曜日 9時00分～23時00分
2024-03-01 金曜日 9時00分～23時00分
2024-03-02 土曜日 9時00分～23時00分
2024-03-03 日曜日 9時00分～23時00分
2024-03-04 月曜日 9時00分～23時00分
2024-03-05 火曜日 9時00分～23時00分
2024-03-06 水曜日 9時00分～23時00分
",1.0,136.8613639,35.1248867,東京,中島駅,31.0,中島駅|南荒子駅|港北駅|荒子駅|高畑駅,0.0,その他,その他,その他,feature:24h|feature:midnight,0,,0
スタジオフラップ,〒152-0003 東京都目黒区碑文谷５丁目１４-１３,,http://dance-flap.com/,03-5724-5581,"2024-02-29 木曜日 10時00分～6時00分
2024-03-01 金曜日 10時00分～6時00分
2024-03-02 土曜日 10時00分～6時00分
2024-03-03 日曜日 10時00分～6時00分
2024-03-04 月曜日 10時00分～6時00分
2024-03-05 火曜日 10時00分～6時00分
2024-03-06 水曜日 10時00分～6時00分
",1.0,139.6825593,35.6221953,東京,学芸大学駅,735.0,学芸大学駅,1.0,目黒区,中目黒,中目黒,area:中目黒|station:学芸大学駅|feature:24h|feature:midnight,0,,0
スタジオプレステージ 根津スタジオ,〒110-0001 東京都台東区谷中２丁目６-５０,,http://studio-prestige.co.jp/nedu.html,03-6427-5421,,1.0,139.7655517,35.7217055,東京,日暮里駅,834.0,日暮里駅,1.0,台東区,上野,上野|浅草|御徒町|蔵前,area:上野|station:日暮里駅,0,,0
スタジオベルゼ-Studio Verger-,〒185-0021 東京都国分寺市南町２丁目１３-５ 地下1F ベルゼ国分寺,,https://ameblo.jp/studioverger,042-323-3066,,1.0,139.4823377,35.6979683,東京,国分寺駅,318.0,国分寺駅,1.0,国分寺市,国分寺,国分寺,area:国分寺|station:国分寺駅,0,,0
スタジオペンタ五反田店,〒141-0022 東京都品川区東五反田１丁目１２-９,,https://studiopenta.jp/rehearsal/gotanda/,03-3447-2333,"2024-02-29 木曜日 24 時間営業
2024-03-01 金曜日 24 時間営業
2024-03-02 土曜日 24 時間営業
2024-03-03 日曜日 24 時間営業
2024-03-04 月曜日 24 時間営業
2024-03-05 火曜日 24 時間営業
2024-03-06 水曜日 24 時間営業
",1.0,139.7251444,35.6270855,東京,五反田駅,169.0,五反田駅|大崎駅|目黒駅,3.0,品川区,品川,品川|五反田|大井町|目黒,area:品川|station:五反田駅|station:大崎駅|station:目黒駅|feature:24h|feature:midnight,0,,0
スタジオマーティ,〒108-0073 東京都港区三田２丁目１４-４ １Ｆ,,https://www.studiomarty.co.jp/yoga-pilates/tokyo-mitakeio/,03-6809-6565,,1.0,139.744403,35.6491581,東京,田町駅,476.0,田町駅|麻布十番駅,2.0,港区,六本木,六本木|赤坂|麻布|新橋,area:六本木|station:田町駅|station:麻布十番駅,0,,0
スタジオマーティ 駒沢大学 / STUDIO marty Komazawa,〒154-0011 東京都世田谷区上馬２丁目２-５ ２F,,https://www.studiomarty.co.jp/komazawadaigaku/,03-6450-8689,"2024-02-29 木曜日 9時30分～21時00分
2024-03-01 金曜日 9時30分～21時00分
2024-03-02 土曜日 9時30分～21時00分
2024-03-03 日曜日 9時30分～21時00分
2024-03-04 月曜日 9時30分～21時00分
2024-03-05 火曜日 9時30分～21時00分
2024-03-06 水曜日 9時30分～21時00分
",1.0,139.664232,35.6360463,東京,三軒茶屋駅,973.0,三軒茶屋駅,1.0,世田谷区,下北沢,下北沢|三軒茶屋|二子玉川|自由が丘,area:下北沢|station:三軒茶屋駅|feature:24h|feature:midnight,0,,0
スタジオマーティ 東京三田慶応 / STUDIO marty Tokyo Mita Keio,〒108-0073 東京都港区三田２丁目１４-４ １Ｆ,,https://www.studiomarty.co.jp/tokyo-mitakeio/,03-6809-6565,"2024-02-29 木曜日 9時00分～22時30分
2024-03-01 金曜日 9時00分～22時30分
2024-03-02 土曜日 9時00分～22時30分
2024-03-03 日曜日 9時00分～22時30分
2024-03-04 月曜日 9時00分～22時30分
2024-03-05 火曜日 9時00分～22時30分
2024-03-06 水曜日 9時00分～22時30分
",1.0,139.7443448,35.6491439,東京,田町駅,478.0,田町駅|麻布十番駅,2.0,港区,六本木,六本木|赤坂|麻布|新橋,area:六本木|station:田町駅|station:麻布十番駅|feature:24h|feature:midnight,0,,0
スタジオメッセ,〒176-0001 東京都練馬区練馬４丁目１９ １F メッセ豊島園２号館,,https://www.studio-mece.com/,03-3557-0164,,1.0,139.6484075,35.7439568,東京,豊島園駅,225.0,豊島園駅|練馬駅|練馬春日町駅|中村橋駅|桜台駅|平和台駅|氷川台駅|新桜台駅|富士見台駅,0.0,練馬区,練馬,練馬,area:練馬,0,,0
スタジオよもだ A館,〒110-0003 東京都台東区１２ 根岸2丁目12-11 スタジオよもだ,,https://www.studioyomoda.com/,03-5849-4191,"2024-02-29 木曜日 24 時間営業
2024-03-01 金曜日 24 時間営業
2024-03-02 土曜日 24 時間営業
2024-03-03 日曜日 24 時間営業
2024-03-04 月曜日 24 時間営業
2024-03-05 火曜日 24 時間営業
2024-03-06 水曜日 24 時間営業
",1.0,139.7779795,35.7246108,東京,日暮里駅,722.0,日暮里駅,1.0,台東区,上野,上野|浅草|御徒町|蔵前,area:上野|station:日暮里駅|feature:24h|feature:midnight,0,,0
スタジオよもだB館,〒110-0003 東京都台東区根岸２丁目１７-１,,https://www.studioyomoda.com/,03-5849-4191,"2024-02-29 木曜日 24 時間営業
2024-03-01 金曜日 24 時間営業
2024-03-02 土曜日 24 時間営業
2024-03-03 日曜日 24 時間営業
2024-03-04 月曜日 24 時間営業
2024-03-05 火曜日 24 時間営業
2024-03-06 水曜日 24 時間営業
",1.0,139.7781652,35.7244811,東京,日暮里駅,744.0,日暮里駅|上野駅,2.0,台東区,上野,上野|浅草|御徒町|蔵前,area:上野|station:日暮里駅|station:上野駅|feature:24h|feature:midnight,0,,0
スタジオライブラ,〒164-0003 東京都中野区東中野４丁目４-５ 東中野アパートメンツ ４-５ 201,,http://libra-ch.com/studio/,090-1209-9449,,1.0,139.6838392,35.7066297,東京,東中野駅,43.0,東中野駅|落合駅|中井駅|中野坂上駅|大久保駅|下落合駅|新井薬師前駅|西新宿駅|新大久保駅|中野駅,0.0,中野区,中野,中野,area:中野,0,,0
スタジオリーガル池袋,〒170-0012 東京都豊島区上池袋４丁目２-１,,https://studioregal.tokyo/,03-6903-5562,"2024-02-29 木曜日 10時00分～23時00分
2024-03-01 金曜日 10時00分～23時00分
2024-03-02 土曜日 10時00分～23時00分
2024-03-03 日曜日 10時00分～23時00分
2024-03-04 月曜日 10時00分～23時00分
2024-03-05 火曜日 10時00分～23時00分
2024-03-06 水曜日 10時00分～23時00分
",1.0,139.721973,35.739217,東京,北池袋駅,507.0,北池袋駅|巣鴨新田駅|庚申塚駅|板橋駅|西巣鴨駅|新庚申塚駅|下板橋駅|大塚駅|新板橋駅|西ヶ原四丁目駅,0.0,豊島区,池袋,池袋|目白|大塚|巣鴨,area:池袋|feature:24h|feature:midnight,0,,0
スタジオリリオ＆カフェ,〒125-0061 東京都葛飾区２９ 亀有3-29-1リリオ弐番館B1,,,03-6662-6054,"2024-02-29 木曜日 8時00分～1時00分
2024-03-01 金曜日 8時00分～1時00分
2024-03-02 土曜日 8時00分～1時00分
2024-03-03 日曜日 8時00分～1時00分
2024-03-04 月曜日 8時00分～1時00分
2024-03-05 火曜日 8時00分～1時00分
2024-03-06 水曜日 8時00分～1時00分
",1.0,139.848996,35.766058,東京,亀有駅,142.0,亀有駅|北綾瀬駅|京成金町駅|金町駅,0.0,葛飾区,新小岩,新小岩,area:新小岩|feature:24h|feature:midnight,0,,0
スタジオルゥ,〒155-0031 東京都世田谷区北沢１丁目３９-７ ＳＡビル 2F N,,http://www.lou.co.jp/,03-6407-0081,,1.0,139.669698,35.661346,東京,下北沢駅,90.0,下北沢駅,1.0,世田谷区,下北沢,下北沢|三軒茶屋|二子玉川|自由が丘,area:下北沢|station:下北沢駅,0,,0
スタジオレブローテ,〒133-0052 東京都江戸川区東小岩５丁目４-１４ 小岩セントラルビル,,http://www.studio-rebrote.com/,03-5694-3670,,1.0,139.886024,35.73324,東京,小岩駅,367.0,小岩駅|京成小岩駅|江戸川駅|国府台駅,0.0,江戸川区,西葛西,西葛西,area:西葛西,0,,0
スタジオ阿弥陀,〒110-0004 東京都台東区下谷１丁目８-２０ 長松寺,,http://www7b.biglobe.ne.jp/~matte/index.html,03-3844-5949,"2024-02-29 木曜日 8時00分～21時00分
2024-03-01 金曜日 8時00分～21時00分
2024-03-02 土曜日 8時00分～21時00分
2024-03-03 日曜日 8時00分～21時00分
2024-03-04 月曜日 8時00分～21時00分
2024-03-05 火曜日 8時00分～21時00分
2024-03-06 水曜日 8時00分～21時00分
",1.0,139.7822621,35.7194029,東京,上野駅,773.0,上野駅,1.0,台東区,上野,上野|浅草|御徒町|蔵前,area:上野|station:上野駅|feature:24h|feature:midnight,0,,0
スタジオ階梯-空-,〒171-0052 東京都豊島区南長崎５丁目１４-２ ヤマザキビル 地下1階,,https://studio-kaitei.e-w-arts.biz/,03-5906-5588,"2024-02-29 木曜日 9時00分～22時00分
2024-03-01 金曜日 9時00分～22時00分
2024-03-02 土曜日 9時00分～22時00分
2024-03-03 日曜日 9時00分～22時00分
2024-03-04 月曜日 9時00分～22時00分
2024-03-05 火曜日 9時00分～22時00分
2024-03-06 水曜日 9時00分～22時00分
",1.0,139.6828586,35.7274863,東京,東長崎駅,316.0,東長崎駅|落合南長崎駅|椎名町駅|新江古田駅|千川駅|江古田駅|中井駅|要町駅|新井薬師前駅|下落合駅,0.0,豊島区,池袋,池袋|目白|大塚|巣鴨,area:池袋|feature:24h|feature:midnight,0,,0
monoダンススタジオ西巣鴨（レンタルスタジオ）,〒114-0023 東京都北区滝野川１丁目９３-５ コスモ西巣鴨 103,,https://rental-dance-studio.com/nishisugamo/kihon-jyouhou,,"2024-02-29 木曜日 24 時間営業
2024-03-01 金曜日 24 時間営業
2024-03-02 土曜日 24 時間営業
2024-03-03 日曜日 24 時間営業
2024-03-04 月曜日 24 時間営業
2024-03-05 火曜日 24 時間営業
2024-03-06 水曜日 24 時間営業
",1.0,139.7298772,35.7452703,東京,西巣鴨駅,212.0,西巣鴨駅|西ヶ原四丁目駅|新庚申塚駅|庚申塚駅|板橋駅|新板橋駅|巣鴨新田駅|王子駅|西ケ原駅|王子駅前駅,0.0,北区,赤羽,赤羽,area:赤羽|feature:24h|feature:midnight,0,,0
スタジオ響,〒164-0002 東京都中野区上高田３丁目３８-１１ 響ＳＯＵ,,http://studiohibiki.nomaki.jp/,03-5380-6822,"2024-02-29 木曜日 10時00分～19時00分
2024-03-01 金曜日 10時00分～19時00分
2024-03-02 土曜日 定休日
2024-03-03 日曜日 定休日
2024-03-04 月曜日 10時00分～19時00分
2024-03-05 火曜日 10時00分～19時00分
2024-03-06 水曜日 10時00分～19時00分
",1.0,139.671209,35.7153239,東京,中野駅,1168.0,中野駅,1.0,中野区,中野,中野,area:中野|station:中野駅|feature:24h|feature:midnight,0,,0
BUZZ レンタルスタジオ巣鴨店,〒170-0002 東京都豊島区巣鴨２丁目４-６ 第二みどりビル B1,https://dance-studio-lab.com/room/MmNjNjkxYjEtYjA5ZC00YTZkLWFjMTAtZmVhYzQ1MGY0M2Uy/detail,,,"2024-02-29 木曜日 24 時間営業
2024-03-01 金曜日 24 時間営業
2024-03-02 土曜日 24 時間営業
2024-03-03 日曜日 24 時間営業
2024-03-04 月曜日 24 時間営業
2024-03-05 火曜日 24 時間営業
2024-03-06 水曜日 24 時間営業
",1.0,139.7389957,35.7345193,東京,巣鴨駅,125.0,巣鴨駅|駒込駅|千石駅|庚申塚駅|大塚駅|巣鴨新田駅|新庚申塚駅|西ヶ原四丁目駅|新大塚駅|西ケ原駅,0.0,豊島区,池袋,池袋|目白|大塚|巣鴨,area:池袋|feature:24h|feature:mirror|feature:midnight,1,https://dance-studio-lab.com/room/MmNjNjkxYjEtYjA5ZC00YTZkLWFjMTAtZmVhYzQ1MGY0M2Uy/detail,100
スタジオ川口,〒182-0024 東京都調布市布田１丁目29-２ B1,,https://chofu.com/tensi,090-1809-3834,,1.0,139.5452365,35.6530633,東京,調布駅,200.0,調布駅,1.0,調布市,調布,調布,area:調布|station:調布駅,0,,0
スタジオα,〒202-0001 東京都西東京市ひばりが丘１丁目５-１７ メゾンドα,,http://www.std-alpha.net/,042-444-3420,"LGBTQ フレンドリー2024-02-29 木曜日 10時00分～21時00分
2024-03-01 金曜日 10時00分～21時00分
2024-03-02 土曜日 10時00分～21時00分
2024-03-03 日曜日 10時00分～21時00分
2024-03-04 月曜日 10時00分～21時00分
2024-03-05 火曜日 10時00分～21時00分
2024-03-06 水曜日 10時00分～21時00分
",1.0,139.542598,35.750016,東京,ひばりヶ丘駅,326.0,ひばりヶ丘駅|東久留米駅,0.0,西東京市,ひばりヶ丘,ひばりヶ丘,area:ひばりヶ丘|feature:24h|feature:midnight,0,,0
レンタルスタジオ Sunny 池袋店,〒170-0013 東京都豊島区東池袋３丁目１１-９,,https://11dance.com/,,"2024-02-29 木曜日 24 時間営業
2024-03-01 金曜日 24 時間営業
2024-03-02 土曜日 24 時間営業
2024-03-03 日曜日 24 時間営業
2024-03-04 月曜日 24 時間営業
2024-03-05 火曜日 24 時間営業
2024-03-06 水曜日 24 時間営業
",1.0,139.7191336,35.7320674,東京,池袋駅,864.0,池袋駅,1.0,豊島区,池袋,池袋|目白|大塚|巣鴨,area:池袋|station:池袋駅|feature:24h|feature:midnight,0,,0
monoダンススタジオ-レンタル,〒304 東京都豊島区北大塚２丁目２-１３ JP 1700004 大塚シャトレー・トーコー 304号室,,https://rental-dance-studio.com/ootsuka/kihon-jyouhou,,"LGBTQ フレンドリー2024-02-29 木曜日 24 時間営業
2024-03-01 金曜日 24 時間営業
2024-03-02 土曜日 24 時間営業
2024-03-03 日曜日 24 時間営業
2024-03-04 月曜日 24 時間営業
2024-03-05 火曜日 24 時間営業
2024-03-06 水曜日 24 時間営業
",1.0,139.7278618,35.732116,東京,大塚駅,49.0,大塚駅|向原駅|新大塚駅|庚申塚駅|東池袋四丁目駅|巣鴨駅|東池袋駅|新庚申塚駅|都電雑司ヶ谷駅|西巣鴨駅,0.0,豊島区,池袋,池袋|目白|大塚|巣鴨,area:池袋|feature:24h|feature:midnight,0,,0
レンタルスタジオSunny 駒込店,〒113-0021 東京都文京区本駒込５丁目１９-９ ワコー本駒込マンション 地下1F,,https://11dance.com/,,"2024-02-29 木曜日 6時00分～23時30分
2024-03-01 金曜日 6時00分～23時30分
2024-03-02 土曜日 6時00分～23時30分
2024-03-03 日曜日 6時00分～23時30分
2024-03-04 月曜日 6時00分～23時30分
2024-03-05 火曜日 6時00分～23時30分
2024-03-06 水曜日 6時00分～23時30分
",1.0,139.7505342,35.7327961,東京,駒込駅,526.0,駒込駅|千石駅|本駒込駅|巣鴨駅|田端駅|白山駅|千駄木駅|西日暮里駅|上中里駅|尾久駅,0.0,文京区,後楽園,後楽園,area:後楽園|feature:24h|feature:midnight,0,,0
スペースF・L・S｜昭島レンタルスタジオ,〒196-0025 東京都昭島市朝日町１丁目 １１-５ ２F,,http://ryuyu7.com/,042-542-4632,"LGBTQ フレンドリー2024-02-29 木曜日 9時00分～22時00分
2024-03-01 金曜日 9時00分～22時00分
2024-03-02 土曜日 9時00分～21時00分
2024-03-03 日曜日 9時00分～21時00分
2024-03-04 月曜日 9時00分～22時00分
2024-03-05 火曜日 9時00分～22時00分
2024-03-06 水曜日 9時00分～22時00分
",1.0,139.3742403,35.7087702,東京,中神駅,145.0,中神駅|東中神駅|昭島駅|西立川駅|西武立川駅,0.0,東京都,東京,東京,area:東京|feature:24h|feature:midnight,0,,0
スペースアルファ,〒168-0064 東京都杉並区永福４丁目１９-７ ハイツセキ,,,03-3313-7182,,1.0,139.6367013,35.6800468,東京,西永福駅,183.0,西永福駅|永福町駅|浜田山駅|桜上水駅|下高井戸駅|上北沢駅|明大前駅|方南町駅|高井戸駅,0.0,杉並区,高円寺,高円寺,area:高円寺,0,,0
スペースアルファ㈱光音社,〒168-0064 東京都杉並区永福４丁目１９-７ ハイツ セキ B1F,,,03-3313-7181,,1.0,139.6367224,35.6800318,東京,西永福駅,183.0,西永福駅|永福町駅|浜田山駅|桜上水駅|下高井戸駅|上北沢駅|明大前駅|方南町駅|高井戸駅,0.0,杉並区,高円寺,高円寺,area:高円寺,0,,0
スポーツクラブ ルネサンス 光が丘,〒179-0075 東京都練馬区高松５丁目８ J．CITYビル 1階,,https://www.s-re.jp/hikarigaoka/?utm_source=google&utm_medium=gMybusiness,03-5372-4400,"2024-02-29 木曜日 10時00分～23時00分
2024-03-01 金曜日 10時00分～23時00分
2024-03-02 土曜日 10時00分～23時00分
2024-03-03 日曜日 10時00分～19時00分
2024-03-04 月曜日 定休日
2024-03-05 火曜日 10時00分～23時00分
2024-03-06 水曜日 10時00分～23時00分
",1.0,139.6215358,35.75527,東京,光が丘駅,758.0,光が丘駅|練馬高野台駅|練馬春日町駅|石神井公園駅,0.0,練馬区,練馬,練馬,area:練馬|feature:24h|feature:midnight,0,,0
スポーツクラブ ルネサンス 富士見台24,〒176-0021 東京都練馬区貫井３丁目１２-３３,,https://www.s-re.jp/fujimidai/?utm_source=google&utm_medium=gMybusiness,03-5987-2433,"2024-02-29 木曜日 10時00分～23時00分
2024-03-01 金曜日 定休日
2024-03-02 土曜日 10時00分～0時00分
2024-03-03 日曜日 24 時間営業
2024-03-04 月曜日 24 時間営業
2024-03-05 火曜日 24 時間営業
2024-03-06 水曜日 24 時間営業
",1.0,139.627922,35.7360949,東京,富士見台駅,192.0,富士見台駅|中村橋駅|練馬高野台駅|下井草駅|井荻駅|鷺ノ宮駅|豊島園駅,0.0,練馬区,練馬,練馬,area:練馬|feature:24h|feature:midnight,0,,0
スマイルスタジオTAKANO,〒124-0011 東京都葛飾区四つ木１丁目４７-１５,,http://takano-gallery.com/,03-3693-3117,,1.0,139.8400656,35.7356443,東京,四ツ木駅,627.0,四ツ木駅|京成立石駅|お花茶屋駅|八広駅|堀切菖蒲園駅|青砥駅|鐘ケ淵駅,0.0,葛飾区,新小岩,新小岩,area:新小岩,0,,0
すむぞうスタジオ,〒150-0041 東京都渋谷区神南１丁目１１-５ ダイネス壱番館渋谷 B1,,https://studio.sumuzo.info/,03-6712-7630,"2024-02-29 木曜日 24 時間営業
2024-03-01 金曜日 24 時間営業
2024-03-02 土曜日 24 時間営業
2024-03-03 日曜日 24 時間営業
2024-03-04 月曜日 24 時間営業
2024-03-05 火曜日 24 時間営業
2024-03-06 水曜日 24 時間営業
",1.0,139.7010893,35.6625387,東京,渋谷駅,503.0,渋谷駅|原宿駅|表参道駅,3.0,渋谷区,渋谷,渋谷|恵比寿|代官山|原宿,area:渋谷|station:渋谷駅|station:原宿駅|station:表参道駅|feature:24h|feature:midnight,0,,0
ノアスタジオ 池袋店,〒170-0013 東京都豊島区東池袋１丁目３０-６ B1F-B2F,,https://www.noahstudio.jp/shop/ikebukuro/,,"2024-02-29 木曜日 24 時間営業
2024-03-01 金曜日 24 時間営業
2024-03-02 土曜日 24 時間営業
2024-03-03 日曜日 24 時間営業
2024-03-04 月曜日 24 時間営業
2024-03-05 火曜日 24 時間営業
2024-03-06 水曜日 24 時間営業
",1.0,139.7162656,35.7314681,東京,池袋駅,602.0,池袋駅,1.0,豊島区,池袋,池袋|目白|大塚|巣鴨,area:池袋|station:池袋駅|feature:24h|feature:midnight,0,,0
スタジオマーティ / STUDIO marty 池袋出張所,"いちご東池袋ビル 6f, １丁目-３４-５ 東池袋 豊島区 東京都 170-0013",,https://www.studiomarty.co.jp/tokyo-mitakeio/,,,1.0,139.7157508,35.7331454,東京,池袋駅,675.0,池袋駅,1.0,豊島区,池袋,池袋|目白|大塚|巣鴨,area:池袋|station:池袋駅,0,,0
セミナー &【JK Room 虎ノ門】,〒105-0003 東京都港区西新橋１丁目１９-１４ 大和ビル ３A,,https://jk-room.com/location.html,050-5372-4665,"2024-02-29 木曜日 24 時間営業
2024-03-01 金曜日 24 時間営業
2024-03-02 土曜日 24 時間営業
2024-03-03 日曜日 24 時間営業
2024-03-04 月曜日 24 時間営業
2024-03-05 火曜日 24 時間営業
2024-03-06 水曜日 24 時間営業
",1.0,139.7528997,35.6682245,東京,新橋駅,564.0,新橋駅,1.0,港区,六本木,六本木|赤坂|麻布|新橋,area:六本木|station:新橋駅|feature:24h|feature:midnight,0,,0
セミナールーム茅場町 Co-Edo 3F 貸会議室,〒104-0033 東京都中央区新川１丁目３-４ ＰＡビル3F,,https://seminar.coworking.tokyo.jp/,03-5542-0470,"2024-02-29 木曜日 24 時間営業
2024-03-01 金曜日 24 時間営業
2024-03-02 土曜日 24 時間営業
2024-03-03 日曜日 24 時間営業
2024-03-04 月曜日 24 時間営業
2024-03-05 火曜日 24 時間営業
2024-03-06 水曜日 24 時間営業
",1.0,139.782103,35.678693,東京,茅場町駅,223.0,茅場町駅|水天宮前駅|八丁堀駅|日本橋駅|人形町駅|京橋駅|新富町駅|三越前駅|東京駅|門前仲町駅,0.0,中央区,銀座,銀座|日本橋|八丁堀|月島,area:銀座|feature:24h|feature:midnight,0,,0
ソウプラス白金高輪店 ピラティス＆シルクサスペンション,〒108-0074 東京都港区高輪１丁目１７-１５ オーク高輪ビル 3F,,http://sou-plus.jp/,03-6876-1286,"2024-02-29 木曜日 10時00分～21時00分
2024-03-01 金曜日 10時00分～21時00分
2024-03-02 土曜日 10時00分～18時00分
2024-03-03 日曜日 10時00分～15時00分
2024-03-04 月曜日 定休日
2024-03-05 火曜日 10時00分～21時00分
2024-03-06 水曜日 10時00分～21時00分
",1.0,139.7331833,35.6402986,東京,白金高輪駅,325.0,白金高輪駅|泉岳寺駅|白金台駅|高輪ゲートウェイ駅|高輪台駅|品川駅|田町駅|三田駅|広尾駅|目黒駅,0.0,港区,六本木,六本木|赤坂|麻布|新橋,area:六本木|feature:24h|feature:midnight,0,,0
ソードミュージック多目的スタジオ,〒182-0015 東京都調布市八雲台２丁目１-１０,,https://www.swordmusic.com/studio,042-489-9771,"2024-02-29 木曜日 10時00分～21時00分
2024-03-01 金曜日 10時00分～21時00分
2024-03-02 土曜日 10時00分～21時00分
2024-03-03 日曜日 10時00分～21時00分
2024-03-04 月曜日 10時00分～21時00分
2024-03-05 火曜日 10時00分～21時00分
2024-03-06 水曜日 10時00分～21時00分
",1.0,139.55652,35.652825,東京,調布駅,1056.0,調布駅,1.0,調布市,調布,調布,area:調布|station:調布駅|feature:24h|feature:midnight,0,,0
スタジオ白猫屋 調布店,〒182-0021 東京都調布市調布ケ丘１丁目34-５ 調布タカラビル 3階,,http://soyokaze-shironekoya.jp/choufu,,"2024-02-29 木曜日 24 時間営業
2024-03-01 金曜日 24 時間営業
2024-03-02 土曜日 24 時間営業
2024-03-03 日曜日 24 時間営業
2024-03-04 月曜日 24 時間営業
2024-03-05 火曜日 24 時間営業
2024-03-06 水曜日 24 時間営業
",1.0,139.5471031,35.6545854,東京,調布駅,415.0,調布駅,1.0,調布市,調布,調布,area:調布|station:調布駅|feature:24h|feature:midnight,0,,0
ソニズダンススタジオ南阿佐ヶ谷,〒166-0015 東京都杉並区成田東５丁目３９-１２,,https://sonysdance.com/studio/m-m,03-5306-0711,"2024-02-29 木曜日 6時00分～23時00分
2024-03-01 金曜日 6時00分～23時00分
2024-03-02 土曜日 6時00分～23時00分
2024-03-03 日曜日 6時00分～23時00分
2024-03-04 月曜日 6時00分～23時00分
2024-03-05 火曜日 6時00分～23時00分
2024-03-06 水曜日 6時00分～23時00分
",1.0,139.6345005,35.6997276,東京,南阿佐ケ谷駅,100.0,南阿佐ケ谷駅|阿佐ヶ谷駅|新高円寺駅|荻窪駅|高円寺駅,0.0,杉並区,高円寺,高円寺,area:高円寺|feature:24h|feature:midnight,0,,0
ソピックカルチャー総合サイト,〒194-0045 東京都町田市南成瀬１丁目２-１,,https://culture.sopic-jp.com/,042-728-8784,"2024-02-29 木曜日 10時00分～20時00分
2024-03-01 金曜日 10時00分～21時30分
2024-03-02 土曜日 10時00分～19時00分
2024-03-03 日曜日 13時00分～19時00分
2024-03-04 月曜日 10時00分～21時30分
2024-03-05 火曜日 10時00分～21時30分
2024-03-06 水曜日 10時00分～21時30分
",1.0,139.4738369,35.536168,東京,成瀬駅,111.0,成瀬駅|つくし野駅|長津田駅|恩田駅,0.0,町田市,町田,町田,area:町田|feature:24h|feature:midnight,0,,0
タイムズ東京タワースタジオ前,"4 Chome-4 Shibak?en, Minato City, Tokyo 105-0011",,https://times-info.net/P13-tokyo/C103/park-detail-BUK0032407/,0120-778-924,"2024-02-29 木曜日 24 時間営業
2024-03-01 金曜日 24 時間営業
2024-03-02 土曜日 24 時間営業
2024-03-03 日曜日 24 時間営業
2024-03-04 月曜日 24 時間営業
2024-03-05 火曜日 24 時間営業
2024-03-06 水曜日 24 時間営業
",1.0,139.7452276,35.6578723,東京,麻布十番駅,1030.0,麻布十番駅|浜松町駅,2.0,その他,その他,その他,station:麻布十番駅|station:浜松町駅|feature:24h|feature:midnight,0,,0
タカノ,〒124-0011 東京都葛飾区四つ木１丁目４７-１５,,http://www.takano-gallery.com/,03-3693-2611,"2024-02-29 木曜日 8時30分～17時30分
2024-03-01 金曜日 8時30分～17時30分
2024-03-02 土曜日 8時30分～17時30分
2024-03-03 日曜日 定休日
2024-03-04 月曜日 8時30分～17時30分
2024-03-05 火曜日 8時30分～17時30分
2024-03-06 水曜日 8時30分～17時30分
",1.0,139.8400346,35.7356703,東京,四ツ木駅,627.0,四ツ木駅|京成立石駅|お花茶屋駅|八広駅|堀切菖蒲園駅|鐘ケ淵駅|青砥駅,0.0,葛飾区,新小岩,新小岩,area:新小岩|feature:24h|feature:midnight,0,,0
タグチソシアルダンススクール,〒154-0012 東京都世田谷区駒沢２丁目１１-５,,http://www.taguchisocialdance.com/,03-6805-2530,"2024-02-29 木曜日 12時00分～21時30分
2024-03-01 金曜日 12時00分～21時30分
2024-03-02 土曜日 12時00分～18時00分
2024-03-03 日曜日 定休日
2024-03-04 月曜日 12時00分～21時30分
2024-03-05 火曜日 12時00分～21時30分
2024-03-06 水曜日 12時00分～21時30分
",1.0,139.6589805,35.6322267,東京,駒沢大学駅,248.0,駒沢大学駅|桜新町駅|松陰神社前駅|世田谷駅|西太子堂駅|若林駅|上町駅|三軒茶屋駅,0.0,世田谷区,下北沢,下北沢|三軒茶屋|二子玉川|自由が丘,area:下北沢|feature:24h|feature:midnight,0,,0
タケウチ,〒211-0006 神奈川県川崎市中原区丸子通１丁目６３６-１,,,044-434-6645,"2024-02-29 木曜日 12時00分～22時00分
2024-03-01 金曜日 12時00分～22時00分
2024-03-02 土曜日 12時00分～22時00分
2024-03-03 日曜日 定休日
2024-03-04 月曜日 12時00分～22時00分
2024-03-05 火曜日 12時00分～22時00分
2024-03-06 水曜日 12時00分～22時00分
",1.0,139.6635776,35.5821263,東京,新丸子駅,226.0,新丸子駅|武蔵小杉駅|沼部駅|多摩川駅|向河原駅|田園調布駅|鵜の木駅|御嶽山駅|雪が谷大塚駅|武蔵中原駅,0.0,その他,その他,その他,feature:24h|feature:midnight,0,,0
タップダンススタジオ,〒153-0051 東京都目黒区上目黒１丁目５-１０ 中目黒マンションB1F?10号室,,https://www.instagram.com/kaztapstudio?igsh=MXNhdG1rOG81OGUwNw%3D%3D&utm_source=qr,03-6906-6076,"2024-02-29 木曜日 11時00分～22時00分
2024-03-01 金曜日 11時00分～22時00分
2024-03-02 土曜日 11時00分～17時00分
2024-03-03 日曜日 11時00分～17時00分
2024-03-04 月曜日 11時00分～22時00分
2024-03-05 火曜日 11時00分～22時00分
2024-03-06 水曜日 11時00分～22時00分
",1.0,139.7005906,35.6446775,東京,恵比寿駅,888.0,恵比寿駅,1.0,目黒区,中目黒,中目黒,area:中目黒|station:恵比寿駅|feature:24h|feature:midnight,0,,0
タナカダンススクール,〒472-0058 愛知県知立市上重原４丁目６７-６７,,http://www.tanaka-dance.org/,0566-85-5088,"2024-02-29 木曜日 13時00分～22時00分
2024-03-01 金曜日 13時00分～22時00分
2024-03-02 土曜日 13時00分～18時00分
2024-03-03 日曜日 定休日
2024-03-04 月曜日 13時00分～22時00分
2024-03-05 火曜日 13時00分～22時00分
2024-03-06 水曜日 13時00分～22時00分
",1.0,137.027093,35.001821,東京,重原駅,785.0,重原駅|知立駅|一ツ木駅,0.0,その他,その他,その他,feature:24h|feature:midnight,0,,0
たにどうダンスワールド,〒107-0052 東京都港区赤坂３丁目９-４ 赤坂扇やビル 4階,,http://www.tanido-dance.com/,03-3583-1788,"2024-02-29 木曜日 12時00分～22時00分
2024-03-01 金曜日 12時00分～22時00分
2024-03-02 土曜日 12時00分～20時00分
2024-03-03 日曜日 定休日
2024-03-04 月曜日 12時00分～22時00分
2024-03-05 火曜日 12時00分～22時00分
2024-03-06 水曜日 12時00分～22時00分
",1.0,139.7362632,35.6770725,東京,赤坂駅,396.0,赤坂駅,1.0,港区,六本木,六本木|赤坂|麻布|新橋,area:六本木|station:赤坂駅|feature:24h|feature:midnight,0,,0
Ballet Fl?gel バレエフリューゲル,〒206-0011 東京都多摩市関戸４丁目７３ ヴィータアネックスよこくらビル 3階,,http://tama-cul.com/2023/09/21/ballet-flugel/,,,1.0,139.4477614,35.649265,東京,聖蹟桜ヶ丘駅,181.0,聖蹟桜ヶ丘駅|中河原駅|百草園駅,0.0,多摩市,多摩センター,多摩センター,area:多摩センター,0,,0
タヒチアンダンススタジオ ライマーラマ表参道,〒150-0001 東京都渋谷区神宮前５丁目１３-１４,,https://raimarama.com/tahiti/terms/view/WPT00000008,03-3469-0672,"オーナーが女性と確認されたビジネス2024-02-29 木曜日 10時00分～21時00分
2024-03-01 金曜日 10時00分～21時00分
2024-03-02 土曜日 10時00分～20時30分
2024-03-03 日曜日 定休日
2024-03-04 月曜日 10時00分～21時00分
2024-03-05 火曜日 定休日
2024-03-06 水曜日 10時00分～21時00分
",1.0,139.707,35.6663102,東京,表参道駅,493.0,表参道駅|原宿駅|渋谷駅,3.0,渋谷区,渋谷,渋谷|恵比寿|代官山|原宿,area:渋谷|station:表参道駅|station:原宿駅|station:渋谷駅|feature:24h|feature:midnight,0,,0
ダンス スタジオ パドブレ,〒366-0051 埼玉県深谷市上柴町東４丁目１３-８,,http://padobure.com/,090-1848-7300,,1.0,139.3020679,36.1824265,東京,なし,,,0.0,その他,その他,その他,,0,,0
ダンスアンジェロ,〒169-0051 東京都新宿区西早稲田３丁目５-１３ 大永西早稲田ビル １F,,https://danceangelo-dress.com/,070-6590-2015,"2024-02-29 木曜日 定休日
2024-03-01 金曜日 定休日
2024-03-02 土曜日 定休日
2024-03-03 日曜日 定休日
2024-03-04 月曜日 定休日
2024-03-05 火曜日 定休日
2024-03-06 水曜日 14時00分～17時00分
",1.0,139.7168929,35.7122304,東京,高田馬場駅,1184.0,高田馬場駅,1.0,新宿区,新宿,新宿|西新宿|高田馬場|新大久保,area:新宿|station:高田馬場駅|feature:24h|feature:midnight,0,,0
大井町店 レンタルスペースROOTS,〒140-0014 東京都品川区大井４丁目８-１１ L HOUSE 地下 一階,,https://dancestudioroots.com/ooimachi/,,"2024-02-29 木曜日 5時00分～22時00分
2024-03-01 金曜日 5時00分～22時00分
2024-03-02 土曜日 5時00分～22時00分
2024-03-03 日曜日 5時00分～22時00分
2024-03-04 月曜日 5時00分～22時00分
2024-03-05 火曜日 5時00分～22時00分
2024-03-06 水曜日 5時00分～22時00分
",1.0,139.7330795,35.602796,東京,大井町駅,434.0,大井町駅,1.0,品川区,品川,品川|五反田|大井町|目黒,area:品川|station:大井町駅|feature:24h|feature:midnight,0,,0
ダンスカレッジ古都,〒171-0042 東京都豊島区高松１丁目６-２,,https://www.dance-koto.com/,03-5926-9355,"2024-02-29 木曜日 13時00分～22時00分
2024-03-01 金曜日 13時00分～22時00分
2024-03-02 土曜日 13時00分～18時00分
2024-03-03 日曜日 定休日
2024-03-04 月曜日 13時00分～22時00分
2024-03-05 火曜日 13時00分～22時00分
2024-03-06 水曜日 13時00分～22時00分
",1.0,139.6980976,35.7350248,東京,要町駅,220.0,要町駅|千川駅|椎名町駅|池袋駅|東長崎駅|大山駅|目白駅|北池袋駅|落合南長崎駅|小竹向原駅,0.0,豊島区,池袋,池袋|目白|大塚|巣鴨,area:池袋|feature:24h|feature:midnight,0,,0
ダンススクール レンタルスタジオ studio LINK スタジオリンク,〒164-0012 東京都中野区本町４丁目３０-１１ アーク新中野ビルB1,,,03-3381-0998,,1.0,139.6699031,35.6959183,東京,中野駅,1155.0,中野駅,1.0,中野区,中野,中野,area:中野|station:中野駅,0,,0
ダンススクール 東京ステップス・アーツ 高田馬場校,〒169-0075 東京都新宿区高田馬場１丁目２４-１１,,https://www.t-steps.jp/takadanobaba/,03-6233-9133,"LGBTQ フレンドリー2024-02-29 木曜日 16時30分～23時30分
2024-03-01 金曜日 16時30分～23時30分
2024-03-02 土曜日 11時00分～19時30分
2024-03-03 日曜日 11時00分～19時30分
2024-03-04 月曜日 16時30分～23時30分
2024-03-05 火曜日 16時30分～23時30分
2024-03-06 水曜日 16時30分～23時30分",1.0,139.7049171,35.7113703,東京,高田馬場駅,144.0,高田馬場駅,1.0,新宿区,新宿,新宿|西新宿|高田馬場|新大久保,area:新宿|station:高田馬場駅|feature:24h|feature:midnight,0,,0
ダンススクール 東京ステップス・アーツ 八王子校,〒192-0082 東京都八王子市東町１１-３ センチュリーステーションビル 5F,,https://www.t-steps.jp/hachioji/,042-649-3933,"LGBTQ フレンドリー2024-02-29 木曜日 15時00分～22時30分
2024-03-01 金曜日 15時00分～22時30分
2024-03-02 土曜日 11時00分～21時30分
2024-03-03 日曜日 11時00分～19時30分
2024-03-04 月曜日 15時00分～22時30分
2024-03-05 火曜日 15時00分～22時30分
2024-03-06 水曜日 15時00分～22時30分
",1.0,139.3385143,35.6579997,東京,八王子駅,264.0,八王子駅,1.0,八王子市,八王子,八王子,area:八王子|station:八王子駅|feature:24h|feature:midnight,0,,0
ダンススクールRB-SOUL（ラブソウル）,〒180-0013 東京都武蔵野市西久保２丁目３-１３ 第三山下ビル１F,,http://www.rb-soul.com/,0422-27-7580,"2024-02-29 木曜日 16時00分～21時00分
2024-03-01 金曜日 17時00分～20時00分
2024-03-02 土曜日 10時00分～20時00分
2024-03-03 日曜日 10時00分～13時30分
2024-03-04 月曜日 17時00分～21時00分
2024-03-05 火曜日 16時00分～21時15分
2024-03-06 水曜日 15時30分～21時15分
",1.0,139.5620109,35.7092046,東京,三鷹駅,802.0,三鷹駅,1.0,武蔵野市,吉祥寺,吉祥寺,area:吉祥寺|station:三鷹駅|feature:24h|feature:midnight,0,,0
ダンススタジオ,〒090-0042 北海道北見市北２条西４丁目13-１,,,090-9081-0807,"2024-02-29 木曜日 17時00分～22時00分
2024-03-01 金曜日 17時00分～22時00分
2024-03-02 土曜日 定休日
2024-03-03 日曜日 定休日
2024-03-04 月曜日 17時00分～22時00分
2024-03-05 火曜日 17時00分～22時00分
2024-03-06 水曜日 17時00分～22時00分
",1.0,143.8922993,43.8027592,東京,北見駅,471.0,北見駅,0.0,その他,その他,その他,feature:24h|feature:midnight,0,,0
ダンススタジオ NEST,〒198-0042 東京都青梅市東青梅６丁目２１-３,,http://www.studio-nest.jp/,080-6250-4173,,1.0,139.2760075,35.7950922,東京,東青梅駅,668.0,東青梅駅|河辺駅|青梅駅,0.0,青梅市,青梅,青梅,area:青梅,0,,0
ダンススタジオ スターゲート,〒457-0004 愛知県名古屋市南区中江１丁目６-８,,http://stargate-school.com/,052-693-5765,"2024-02-29 木曜日 16時00分～22時00分
2024-03-01 金曜日 17時00分～22時00分
2024-03-02 土曜日 13時00分～21時00分
2024-03-03 日曜日 定休日
2024-03-04 月曜日 16時00分～22時00分
2024-03-05 火曜日 16時00分～23時00分
2024-03-06 水曜日 16時00分～22時00分
",1.0,136.9445837,35.1058192,東京,鶴里駅,53.0,鶴里駅|桜本町駅|桜駅|野並駅|本笠寺駅|新瑞橋駅|呼続駅|妙音通駅|瑞穂運動場東駅,0.0,その他,その他,その他,feature:24h|feature:midnight,0,,0
ダンススタジオ セピア,〒272-0033 千葉県市川市市川南３丁目１４-１６,,https://peraichi.com/landing_pages/view/studio-sepia/,047-324-3235,,1.0,139.9041953,35.729643,東京,市川駅,348.0,市川駅|市川真間駅|国府台駅|江戸川駅|菅野駅,0.0,その他,その他,その他,,0,,0
ダンススタジオ ハッピーターン,〒130-0026 東京都墨田区両国４丁目１８-４,,http://www.happy-turn.com/,080-4185-4202,"2024-02-29 木曜日 8時00分～23時00分
2024-03-01 金曜日 8時00分～23時00分
2024-03-02 土曜日 8時00分～23時00分
2024-03-03 日曜日 8時00分～23時00分
2024-03-04 月曜日 8時00分～23時00分
2024-03-05 火曜日 8時00分～23時00分
2024-03-06 水曜日 8時00分～23時00分
",1.0,139.797603,35.6935442,東京,両国駅,503.0,両国駅|森下駅|菊川駅|浜町駅|浅草橋駅|東日本橋駅|蔵前駅|清澄白河駅|馬喰横山駅|馬喰町駅,0.0,墨田区,錦糸町,錦糸町,area:錦糸町|feature:24h|feature:midnight,0,,0
ダンススタジオ ファンデーション 東中野落合校,〒164-0003 東京都中野区東中野３丁目１６-１４ 小谷ビル １Ｆ,,http://www.fun-d-tion.net/,03-3362-2688,"2024-02-29 木曜日 15時30分～22時30分
2024-03-01 金曜日 16時00分～23時00分
2024-03-02 土曜日 定休日
2024-03-03 日曜日 10時00分～16時00分
2024-03-04 月曜日 16時00分～22時00分
2024-03-05 火曜日 16時00分～20時00分
2024-03-06 水曜日 16時00分～23時00分
",1.0,139.6814265,35.7092247,東京,東中野駅,392.0,東中野駅|落合駅|中井駅|新井薬師前駅|中野坂上駅|下落合駅|中野駅|落合南長崎駅|新中野駅|大久保駅,0.0,中野区,中野,中野,area:中野|feature:24h|feature:midnight,0,,0
ダンススタジオ ファンデーション 茂原校,〒297-0073 千葉県茂原市長尾２５４２-２,,http://www.fun-d-tion.net/,0475-28-9203,"2024-02-29 木曜日 16時00分～22時00分
2024-03-01 金曜日 10時30分～12時30分
2024-03-02 土曜日 11時30分～16時00分
2024-03-03 日曜日 定休日
2024-03-04 月曜日 16時30分～22時00分
2024-03-05 火曜日 12時30分～13時30分
2024-03-06 水曜日 定休日
",1.0,140.2968198,35.4519888,東京,新茂原駅,381.0,新茂原駅,0.0,その他,その他,その他,feature:24h|feature:midnight,0,,0
ダンススタジオ ユー,〒183-0015 東京都府中市清水が丘１丁目１-３,,http://dance-studio-you.sakura.ne.jp/,042-360-3595,,1.0,139.4944354,35.6693645,東京,東府中駅,77.0,東府中駅|多磨霊園駅|府中競馬正門前駅|府中駅|白糸台駅|是政駅|競艇場前駅|府中本町駅|武蔵野台駅,0.0,府中市,府中,府中,area:府中,0,,0
池尻大橋レンタルスタジオY3,〒153-0043 東京都目黒区東山３丁目１-１９ メゾン池尻大橋 M.I.O Bldg 305,,https://y3gym.com/,,"2024-02-29 木曜日 6時00分～22時30分
2024-03-01 金曜日 6時00分～22時30分
2024-03-02 土曜日 6時00分～22時30分
2024-03-03 日曜日 6時00分～22時30分
2024-03-04 月曜日 6時00分～22時30分
2024-03-05 火曜日 6時00分～22時30分
2024-03-06 水曜日 6時00分～22時30分
",1.0,139.6859129,35.6509015,東京,池尻大橋駅,173.0,池尻大橋駅,1.0,目黒区,中目黒,中目黒,area:中目黒|station:池尻大橋駅|feature:24h|feature:midnight,0,,0
ダンススタジオ・スターハウス,〒279-0013 千葉県浦安市日の出５丁目６-１,,http://star-house.moo.jp/,070-6426-1476,"2024-02-29 木曜日 9時00分～21時00分
2024-03-01 金曜日 9時00分～21時00分
2024-03-02 土曜日 9時00分～21時00分
2024-03-03 日曜日 9時00分～21時00分
2024-03-04 月曜日 9時00分～21時00分
2024-03-05 火曜日 9時00分～21時00分
2024-03-06 水曜日 9時00分～21時00分
",1.0,139.928862,35.639631,東京,新浦安駅,1841.0,新浦安駅,0.0,その他,その他,その他,feature:24h|feature:midnight,0,,0
"Dance space BUG FIX,",〒283-0826 千葉県東金市山田 字稲荷谷669-38,,https://www.studiobugfix.com/,,"2024-02-29 木曜日 9時00分～22時00分
2024-03-01 金曜日 9時00分～22時00分
2024-03-02 土曜日 9時00分～22時00分
2024-03-03 日曜日 9時00分～22時00分
2024-03-04 月曜日 9時00分～22時00分
2024-03-05 火曜日 9時00分～22時00分
2024-03-06 水曜日 9時00分～22時00分
",1.0,140.308706,35.556955,東京,なし,,,0.0,その他,その他,その他,feature:24h|feature:midnight,0,,0
ダンススタジオ・ミカ,"2階, ５丁目-１-３ 麻生町 北区 札幌市 北海道 001-0045",,http://www.dance-mika.com/,011-700-9001,"2024-02-29 木曜日 10時00分～21時00分
2024-03-01 金曜日 10時00分～21時00分
2024-03-02 土曜日 10時00分～21時00分
2024-03-03 日曜日 定休日
2024-03-04 月曜日 10時00分～21時00分
2024-03-05 火曜日 10時00分～21時00分
2024-03-06 水曜日 10時00分～21時00分
",1.0,141.3377439,43.1096678,東京,麻生駅,149.0,麻生駅|新琴似駅|北３４条駅|新川駅|太平駅,0.0,北区,赤羽,赤羽,area:赤羽|feature:24h|feature:midnight,0,,0
ダンススタジオANGELO★,〒152-0035 東京都目黒区自由が丘２丁目１６-２５ シグナルヒル B1,,http://angelo123.com/blog/important_news/studiorentalinfo,03-3725-9341,"2024-02-29 木曜日 11時00分～21時00分
2024-03-01 金曜日 11時00分～21時00分
2024-03-02 土曜日 11時00分～21時00分
2024-03-03 日曜日 11時00分～21時00分
2024-03-04 月曜日 11時00分～21時00分
2024-03-05 火曜日 11時00分～21時00分
2024-03-06 水曜日 11時00分～21時00分
",1.0,139.6665918,35.6088442,東京,自由が丘駅,270.0,自由が丘駅,1.0,目黒区,中目黒,中目黒,area:中目黒|station:自由が丘駅|feature:24h|feature:midnight,0,,0
ダンススタジオhow to fly fellows 新浦安校,〒279-0024 千葉県浦安市港３,,https://wazacule.com/,047-355-8300,"2024-02-29 木曜日 8時30分～23時30分
2024-03-01 金曜日 8時30分～23時30分
2024-03-02 土曜日 8時30分～23時30分
2024-03-03 日曜日 8時30分～23時30分
2024-03-04 月曜日 8時30分～23時30分
2024-03-05 火曜日 8時30分～23時30分
2024-03-06 水曜日 8時30分～23時30分
",1.0,139.9069432,35.6359177,東京,新浦安駅,1593.0,新浦安駅|東京ディズニーシー・ステーション駅|リゾートゲートウェイ・ステーション駅,0.0,その他,その他,その他,feature:24h|feature:midnight,0,,0
ダンススタジオｈｏｗｔｏｆｌｙ,〒272-0133 千葉県市川市行徳駅前２丁目２０-１,,http://wazacule.com/,047-701-0390,"2024-02-29 木曜日 10時00分～22時30分
2024-03-01 金曜日 10時00分～22時30分
2024-03-02 土曜日 9時30分～22時30分
2024-03-03 日曜日 9時30分～22時30分
2024-03-04 月曜日 10時00分～22時30分
2024-03-05 火曜日 10時00分～22時30分
2024-03-06 水曜日 10時00分～22時30分
",1.0,139.9129171,35.6839676,東京,行徳駅,194.0,行徳駅|妙典駅|南行徳駅|瑞江駅,0.0,その他,その他,その他,feature:24h|feature:midnight,0,,0
ダンススタジオｉｎｇ,〒812-0053 福岡県福岡市東区箱崎２丁目４１-７,,http://dance-ing.com/,092-643-1539,,1.0,130.4193864,33.6210292,東京,箱崎九大前駅,216.0,箱崎九大前駅|箱崎宮前駅|箱崎駅|馬出九大病院前駅|貝塚駅|吉塚駅,0.0,その他,その他,その他,,0,,0
ダンススタジオJJ,〒350-1122 埼玉県川越市脇田町３-１６ 丸石ビルディング 6階,,http://stjjkawagoe.com/,049-298-7772,"2024-02-29 木曜日 10時00分～21時00分
2024-03-01 金曜日 10時00分～21時00分
2024-03-02 土曜日 10時00分～21時00分
2024-03-03 日曜日 10時00分～21時00分
2024-03-04 月曜日 10時00分～21時00分
2024-03-05 火曜日 10時00分～21時00分
2024-03-06 水曜日 10時00分～21時00分
",1.0,139.4820993,35.9091468,東京,川越駅,241.0,川越駅|本川越駅|川越市駅,0.0,その他,その他,その他,feature:24h|feature:midnight,0,,0
ダンススタジオRUCHIRU,〒340-0015 埼玉県草加市高砂２丁目２-２８ 丸善草加ビル ３-A,,https://dancestudio-ruchiru.com/,048-922-8715,"オーナーが女性と確認されたビジネス2024-02-29 木曜日 11時00分～21時30分
2024-03-01 金曜日 11時00分～21時30分
2024-03-02 土曜日 11時00分～21時30分
2024-03-03 日曜日 定休日
2024-03-04 月曜日 11時00分～21時30分
2024-03-05 火曜日 11時00分～21時30分
2024-03-06 水曜日 11時00分～21時30分
",1.0,139.805788,35.827227,東京,草加駅,240.0,草加駅|谷塚駅|獨協大学前(草加松原)駅,0.0,その他,その他,その他,feature:24h|feature:midnight,0,,0
バレエスタジオ ソレイユ 大阪高槻校,〒569-1121 大阪府高槻市真上町３丁目１０-１２,,http://takatsuki.ballet-studio-soleil.com/,,"2024-02-29 木曜日 9時00分～17時00分
2024-03-01 金曜日 9時00分～17時00分
2024-03-02 土曜日 9時00分～17時00分
2024-03-03 日曜日 定休日
2024-03-04 月曜日 9時00分～17時00分
2024-03-05 火曜日 定休日
2024-03-06 水曜日 9時00分～17時00分
",1.0,135.6060979,34.859796,東京,高槻駅,1391.0,高槻駅|高槻市駅,0.0,その他,その他,その他,feature:24h|feature:midnight,0,,0
レンタルスタジオ man?ge,〒569-1121 大阪府高槻市真上町３丁目１０-１２,,https://manege-studio.com/,,"2024-02-29 木曜日 9時00分～22時00分
2024-03-01 金曜日 9時00分～22時00分
2024-03-02 土曜日 9時00分～22時00分
2024-03-03 日曜日 9時00分～22時00分
2024-03-04 月曜日 9時00分～22時00分
2024-03-05 火曜日 9時00分～22時00分
2024-03-06 水曜日 9時00分～22時00分
",1.0,135.6060768,34.8598042,東京,高槻駅,1393.0,高槻駅|高槻市駅,0.0,その他,その他,その他,feature:24h|feature:midnight,0,,0
子ども向け体操教室LUNA STUDIO 松蔭神社前校,〒154-0017 東京都世田谷区世田谷４丁目１-１４ ロワ松陰 ３F,,https://lunastudio.jp/,,"2024-02-29 木曜日 14時00分～20時40分
2024-03-01 金曜日 14時00分～20時40分
2024-03-02 土曜日 9時00分～20時30分
2024-03-03 日曜日 9時00分～20時30分
2024-03-04 月曜日 14時00分～20時40分
2024-03-05 火曜日 14時00分～20時40分
2024-03-06 水曜日 13時50分～20時40分
",1.0,139.6549119,35.6426478,東京,松陰神社前駅,154.0,松陰神社前駅|世田谷駅|若林駅|上町駅|西太子堂駅|宮の坂駅|駒沢大学駅|豪徳寺駅|山下駅|梅ヶ丘駅,0.0,世田谷区,下北沢,下北沢|三軒茶屋|二子玉川|自由が丘,area:下北沢|feature:24h|feature:midnight,0,,0
個室レンタルジム AllDayGym 松陰神社店,〒154-0023 東京都世田谷区若林４丁目１７-１２ プルミエール松陰神社 202,,https://www.all-day-gym.com/,,"LGBTQ フレンドリー2024-02-29 木曜日 7時00分～22時30分
2024-03-01 金曜日 7時00分～23時00分
2024-03-02 土曜日 7時00分～23時00分
2024-03-03 日曜日 7時00分～23時00分
2024-03-04 月曜日 7時00分～23時00分
2024-03-05 火曜日 7時00分～23時00分
2024-03-06 水曜日 7時00分～23時00分
",1.0,139.6559804,35.6456162,東京,松陰神社前駅,191.0,松陰神社前駅|若林駅|世田谷駅|上町駅|西太子堂駅|宮の坂駅|梅ヶ丘駅|豪徳寺駅|山下駅|三軒茶屋駅,0.0,世田谷区,下北沢,下北沢|三軒茶屋|二子玉川|自由が丘,area:下北沢|feature:24h|feature:midnight,0,,0
ダンススタジオファンデーション 一宮校,〒299-4303 千葉県長生郡一宮町東浪見７４２７-２,,http://www.fun-d-tion.net/,0475-28-9203,"2024-02-29 木曜日 16時45分～20時00分
2024-03-01 金曜日 定休日
2024-03-02 土曜日 定休日
2024-03-03 日曜日 定休日
2024-03-04 月曜日 定休日
2024-03-05 火曜日 定休日
2024-03-06 水曜日 16時30分～20時00分
",1.0,140.3893043,35.3543989,東京,東浪見駅,1399.0,東浪見駅,0.0,その他,その他,その他,feature:24h|feature:midnight,0,,0
ダンススタジオブリリアント,〒669-1522 兵庫県三田市下田中５８７-１,,https://dancestudio-brilliant.jimdofree.com/,090-3999-9623,"2024-02-29 木曜日 10時00分～22時30分
2024-03-01 金曜日 10時00分～22時30分
2024-03-02 土曜日 10時00分～22時30分
2024-03-03 日曜日 定休日
2024-03-04 月曜日 10時00分～22時30分
2024-03-05 火曜日 10時00分～22時30分
2024-03-06 水曜日 10時00分～22時30分
",1.0,135.2429387,34.8793906,東京,三田本町駅,1250.0,三田本町駅|三田駅|道場駅,0.0,その他,その他,その他,feature:24h|feature:midnight,0,,0
NEW STEP Dance Arts Studio,〒580-0024 大阪府松原市東新町４丁目８-２８,,https://www.newstepdanceartsstudio.com/,,オーナーが女性と確認されたビジネス,1.0,135.5424604,34.5767819,東京,布忍駅,269.0,布忍駅|高見ノ里駅|河内天美駅|河内松原駅,0.0,その他,その他,その他,,0,,0
ダンススタジオ新宿（レンタルスタジオ）,〒350-1124 埼玉県川越市新宿町５丁目１９-５８,,,090-9366-7332,"オーナーが女性と確認されたビジネス2024-02-29 木曜日 15時00分～22時00分
2024-03-01 金曜日 15時00分～22時00分
2024-03-02 土曜日 15時00分～22時00分
2024-03-03 日曜日 15時00分～22時00分
2024-03-04 月曜日 15時00分～22時00分
2024-03-05 火曜日 15時00分～22時00分
2024-03-06 水曜日 15時00分～22時00分
",1.0,139.4762095,35.9004953,東京,川越駅,937.0,川越駅|川越市駅|本川越駅,0.0,その他,その他,その他,feature:24h|feature:midnight,0,,0
ダンススタジオ石井,〒151-0051 東京都渋谷区千駄ケ谷５丁目４-７,,http://www.ds-ishii.com/,03-3350-4310,"2024-02-29 木曜日 13時00分～22時00分
2024-03-01 金曜日 13時00分～22時00分
2024-03-02 土曜日 13時00分～20時00分
2024-03-03 日曜日 定休日
2024-03-04 月曜日 13時00分～22時00分
2024-03-05 火曜日 13時00分～22時00分
2024-03-06 水曜日 13時00分～22時00分
",1.0,139.7073212,35.6825722,東京,代々木駅,480.0,代々木駅|新宿駅,2.0,渋谷区,渋谷,渋谷|恵比寿|代官山|原宿,area:渋谷|station:代々木駅|station:新宿駅|feature:24h|feature:midnight,0,,0
ダンススペース ベースオントップ吉祥寺店,〒180-0004 東京都武蔵野市吉祥寺本町１丁目２０-３ B1F,,https://bassontop.tokyo.jp/dance_kichijoji/,0422-27-1334,"2024-02-29 木曜日 24 時間営業
2024-03-01 金曜日 24 時間営業
2024-03-02 土曜日 24 時間営業
2024-03-03 日曜日 24 時間営業
2024-03-04 月曜日 24 時間営業
2024-03-05 火曜日 24 時間営業
2024-03-06 水曜日 24 時間営業
",1.0,139.5817856,35.7056228,東京,吉祥寺駅,326.0,吉祥寺駅,1.0,武蔵野市,吉祥寺,吉祥寺,area:吉祥寺|station:吉祥寺駅|feature:24h|feature:midnight,0,,0
ダンススペース ベースオントップ高田馬場店,〒169-0075 東京都新宿区高田馬場１丁目３３-１４ サンフラワービル 3F,,https://bassontop.tokyo.jp/dance/,03-6273-8587,"2024-02-29 木曜日 24 時間営業
2024-03-01 金曜日 24 時間営業
2024-03-02 土曜日 24 時間営業
2024-03-03 日曜日 24 時間営業
2024-03-04 月曜日 24 時間営業
2024-03-05 火曜日 24 時間営業
2024-03-06 水曜日 24 時間営業
",1.0,139.7039302,35.7112166,東京,高田馬場駅,120.0,高田馬場駅|新大久保駅,2.0,新宿区,新宿,新宿|西新宿|高田馬場|新大久保,area:新宿|station:高田馬場駅|station:新大久保駅|feature:24h|feature:midnight,0,,0
ダンススペースDD,〒213-0004 神奈川県川崎市高津区１０ 高津区諏訪1-10-8 クラッセコート1-1,,http://ds-dd.com/,090-6000-4009,"2024-02-29 木曜日 9時00分～23時00分
2024-03-01 金曜日 9時00分～23時00分
2024-03-02 土曜日 9時00分～23時00分
2024-03-03 日曜日 9時00分～23時00分
2024-03-04 月曜日 9時00分～23時00分
2024-03-05 火曜日 9時00分～23時00分
2024-03-06 水曜日 9時00分～23時00分
",1.0,139.6227691,35.6062667,東京,二子新地駅,81.0,二子新地駅|高津駅|二子玉川駅|溝の口駅|武蔵溝ノ口駅|上野毛駅,0.0,その他,その他,その他,feature:24h|feature:midnight,0,,0
ダンススペースオオヤ,〒130-0024 東京都墨田区菊川２丁目６-１４ マーベラスビル5F,,http://www.ds-ohya.com/,03-3634-5602,,1.0,139.8052849,35.6886032,東京,菊川駅,80.0,菊川駅|森下駅|清澄白河駅|住吉駅|錦糸町駅|両国駅|浜町駅|東日本橋駅|西大島駅|水天宮前駅,0.0,墨田区,錦糸町,錦糸町,area:錦糸町,0,,0
ダンスプレイスフェリーチェ (dance place FELICE),〒125-0041 東京都葛飾区東金町１丁目４２-１０ 東金町ビル ５階,,http://danceplacefelice.com/,03-5876-4649,"LGBTQ フレンドリー2024-02-29 木曜日 10時00分～21時00分
2024-03-01 金曜日 10時00分～22時00分
2024-03-02 土曜日 10時00分～18時00分
2024-03-03 日曜日 定休日
2024-03-04 月曜日 10時00分～21時00分
2024-03-05 火曜日 10時00分～21時00分
2024-03-06 水曜日 10時00分～21時00分
",1.0,139.8712663,35.7703986,東京,金町駅,110.0,金町駅|京成金町駅|柴又駅,0.0,葛飾区,新小岩,新小岩,area:新小岩|feature:24h|feature:midnight,0,,0
ダンスフロアーNEWプラスパ,〒203-0014 東京都東久留米市東本町７-１５ プラスパ小山 2F ビル,,https://dancenewprosper.com/,042-470-0103,"2024-02-29 木曜日 13時00分～21時00分
2024-03-01 金曜日 13時00分～21時00分
2024-03-02 土曜日 13時00分～21時00分
2024-03-03 日曜日 定休日
2024-03-04 月曜日 13時00分～21時00分
2024-03-05 火曜日 13時00分～21時00分
2024-03-06 水曜日 13時00分～21時00分
",1.0,139.5319495,35.7627009,東京,東久留米駅,318.0,東久留米駅|清瀬駅|ひばりヶ丘駅,0.0,東久留米市,東久留米,東久留米,area:東久留米|feature:24h|feature:midnight,0,,0
ダンスホール ESPACE,〒168-0074 東京都杉並区上高井戸１丁目２-１ 地下１階 第１八幡山マンション,,http://dancehall-espace.com/,080-5374-2028,,1.0,139.6150676,35.6693969,東京,八幡山駅,108.0,八幡山駅|芦花公園駅|上北沢駅|千歳烏山駅|桜上水駅|高井戸駅|浜田山駅|富士見ヶ丘駅,0.0,杉並区,高円寺,高円寺,area:高円寺,0,,0
ダンスラッシュ,〒001-0021 北海道札幌市北区北２１条西５丁目１-１ ベルリネッタN21 2F,,http://danslash.jp/,011-776-7734,"2024-02-29 木曜日 10時00分～22時00分
2024-03-01 金曜日 10時00分～22時00分
2024-03-02 土曜日 10時00分～15時00分
2024-03-03 日曜日 定休日
2024-03-04 月曜日 10時00分～22時00分
2024-03-05 火曜日 10時00分～22時00分
2024-03-06 水曜日 10時00分～22時00分
",1.0,141.3438635,43.0858174,東京,北２４条駅,465.0,北２４条駅|北１８条駅|北１２条駅|北１３条東駅|北３４条駅|東区役所前駅|桑園駅|札幌駅,0.0,北区,赤羽,赤羽,area:赤羽|feature:24h|feature:midnight,0,,0
ダンスルーム伊藤 社交ダンス教室,〒183-0055 東京都府中市府中町１丁目２５-１２ ゼルコバビル ゼルコバ5F,,http://dance-room-ito.tokyo/,042-335-2630,"2024-02-29 木曜日 11時00分～20時00分
2024-03-01 金曜日 11時00分～20時00分
2024-03-02 土曜日 定休日
2024-03-03 日曜日 定休日
2024-03-04 月曜日 11時00分～20時00分
2024-03-05 火曜日 11時00分～20時00分
2024-03-06 水曜日 11時00分～20時00分
",1.0,139.4795956,35.675466,東京,府中駅,805.0,府中駅,1.0,府中市,府中,府中,area:府中|station:府中駅|feature:24h|feature:midnight,0,,0
ダンスレンタルスタジオ プラーナ,〒206-0011 東京都多摩市関戸２丁目３２-５ カネシロビルB1,,http://www.studio-pura-na.com/,090-9343-6116,"2024-02-29 木曜日 24 時間営業
2024-03-01 金曜日 24 時間営業
2024-03-02 土曜日 24 時間営業
2024-03-03 日曜日 24 時間営業
2024-03-04 月曜日 24 時間営業
2024-03-05 火曜日 24 時間営業
2024-03-06 水曜日 24 時間営業
",1.0,139.4529384,35.6490772,東京,聖蹟桜ヶ丘駅,552.0,聖蹟桜ヶ丘駅|中河原駅,0.0,多摩市,多摩センター,多摩センター,area:多摩センター|feature:24h|feature:midnight,0,,0
BUZZ レンタルスタジオ 池袋西口PARK店,〒171-0021 東京都豊島区西池袋３丁目３０-１０ ライオンビル B1,,,,"2024-02-29 木曜日 24 時間営業
2024-03-01 金曜日 24 時間営業
2024-03-02 土曜日 24 時間営業
2024-03-03 日曜日 24 時間営業
2024-03-04 月曜日 24 時間営業
2024-03-05 火曜日 24 時間営業
2024-03-06 水曜日 24 時間営業
",1.0,139.7064762,35.7309055,東京,池袋駅,415.0,池袋駅,1.0,豊島区,池袋,池袋|目白|大塚|巣鴨,area:池袋|station:池袋駅|feature:24h|feature:midnight,0,,0
BUZZ池袋サンシャイン,〒170-0013 東京都豊島区東池袋１丁目２６-３,,,,"2024-02-29 木曜日 24 時間営業
2024-03-01 金曜日 24 時間営業
2024-03-02 土曜日 24 時間営業
2024-03-03 日曜日 24 時間営業
2024-03-04 月曜日 24 時間営業
2024-03-05 火曜日 24 時間営業
2024-03-06 水曜日 24 時間営業
",1.0,139.7162097,35.7290478,東京,池袋駅,526.0,池袋駅,1.0,豊島区,池袋,池袋|目白|大塚|巣鴨,area:池袋|station:池袋駅|feature:24h|feature:midnight,0,,0
スタジオジパング 池袋スタジオSTANDARD 7F/8F,〒171-0021 東京都豊島区西池袋３丁目２９-９ 8F Ｃ３ビル 7F,,https://studiozipang.com/,,"2024-02-29 木曜日 24 時間営業
2024-03-01 金曜日 24 時間営業
2024-03-02 土曜日 24 時間営業
2024-03-03 日曜日 24 時間営業
2024-03-04 月曜日 24 時間営業
2024-03-05 火曜日 24 時間営業
2024-03-06 水曜日 24 時間営業
",1.0,139.706436,35.7313818,東京,池袋駅,449.0,池袋駅,1.0,豊島区,池袋,池袋|目白|大塚|巣鴨,area:池袋|station:池袋駅|feature:24h|feature:midnight,0,,0
タントタンツダンススタジオ小金井教室,〒184-0004 東京都小金井市本町５丁目１１-７ 第一国土ビル5階,,https://tanttanz.com/,090-7807-3175,"2024-02-29 木曜日 8時00分～22時00分
2024-03-01 金曜日 8時00分～22時00分
2024-03-02 土曜日 8時00分～22時00分
2024-03-03 日曜日 8時00分～22時00分
2024-03-04 月曜日 8時00分～22時00分
2024-03-05 火曜日 8時00分～22時00分
2024-03-06 水曜日 8時00分～22時00分
",1.0,139.5054988,35.7020247,東京,武蔵小金井駅,162.0,武蔵小金井駅|東小金井駅,0.0,小金井市,武蔵小金井,武蔵小金井,area:武蔵小金井|feature:24h|feature:midnight,0,,0
natsu belly dance club,〒171-0022 東京都豊島区南池袋２丁目２２-４ フジキF2ビル,,https://peraichi.com/landing_pages/view/nbdc,,"2024-02-29 木曜日 定休日
2024-03-01 金曜日 定休日
2024-03-02 土曜日 14時40分～15時50分
2024-03-03 日曜日 定休日
2024-03-04 月曜日 定休日
2024-03-05 火曜日 定休日
2024-03-06 水曜日 定休日
",1.0,139.7141803,35.7282098,東京,池袋駅,352.0,池袋駅,1.0,豊島区,池袋,池袋|目白|大塚|巣鴨,area:池袋|station:池袋駅|feature:24h|feature:midnight,0,,0
タントタンツダンススタジオ東所沢教室,〒359-0021 埼玉県所沢市東所沢１丁目３-４,,https://tanttanz.jp/,090-7807-3175,"LGBTQ フレンドリー2024-02-29 木曜日 8時00分～22時00分
2024-03-01 金曜日 8時00分～22時00分
2024-03-02 土曜日 8時00分～22時00分
2024-03-03 日曜日 8時00分～22時00分
2024-03-04 月曜日 8時00分～22時00分
2024-03-05 火曜日 8時00分～22時00分
2024-03-06 水曜日 8時00分～22時00分
",1.0,139.5128148,35.7960263,東京,東所沢駅,181.0,東所沢駅,0.0,その他,その他,その他,feature:24h|feature:midnight,0,,0
タキガワダンススクール池袋,〒171-0014 東京都豊島区池袋２丁目６４-１１ ｢平和ビル/4F｣,,https://takigawa-ds.com/%E6%95%99%E5%AE%A4/%E6%B1%A0%E8%A2%8B%E6%95%99%E5%AE%A4/,,"2024-02-29 木曜日 13時00分～22時30分
2024-03-01 金曜日 13時00分～22時30分
2024-03-02 土曜日 13時00分～22時30分
2024-03-03 日曜日 13時00分～18時00分
2024-03-04 月曜日 13時00分～22時30分
2024-03-05 火曜日 13時00分～22時30分
2024-03-06 水曜日 13時00分～22時30分
",1.0,139.7112589,35.7353113,東京,池袋駅,714.0,池袋駅,1.0,豊島区,池袋,池袋|目白|大塚|巣鴨,area:池袋|station:池袋駅|feature:24h|feature:midnight,0,,0
"in the house / Mejiro ""Attic""",〒171-0031 東京都豊島区目白３丁目１-３４ 2F,,https://inthehouse.tokyo/,,"2024-02-29 木曜日 6時00分～22時00分
2024-03-01 金曜日 6時00分～22時00分
2024-03-02 土曜日 6時00分～22時00分
2024-03-03 日曜日 6時00分～22時00分
2024-03-04 月曜日 6時00分～22時00分
2024-03-05 火曜日 6時00分～22時00分
2024-03-06 水曜日 6時00分～22時00分
",1.0,139.7057766,35.719964,東京,高田馬場駅,873.0,高田馬場駅|池袋駅,2.0,豊島区,池袋,池袋|目白|大塚|巣鴨,area:池袋|station:高田馬場駅|station:池袋駅|feature:24h|feature:midnight,0,,0
スタジオジパング 目白スタジオPRO,〒171-0031 東京都豊島区目白３ 5-13 地下1階,,https://studiozipang.com/,,"2024-02-29 木曜日 24 時間営業
2024-03-01 金曜日 24 時間営業
2024-03-02 土曜日 24 時間営業
2024-03-03 日曜日 24 時間営業
2024-03-04 月曜日 24 時間営業
2024-03-05 火曜日 24 時間営業
2024-03-06 水曜日 24 時間営業
",1.0,139.7049588,35.722269,東京,池袋駅,887.0,池袋駅|高田馬場駅,2.0,豊島区,池袋,池袋|目白|大塚|巣鴨,area:池袋|station:池袋駅|station:高田馬場駅|feature:24h|feature:midnight,0,,0
チェリッシュスタジオ3号館／10号館,〒150-0045 東京都渋谷区神泉町２０-２５ 神泉ＱＳビル 4階／7階,https://dance-studio-lab.com/room/ODU0ZjgzZjAtNDc3OS00N2YwLTkxZWEtNTNiMTc2MDE4NGRl/detail,http://cherish-studio.com/03st/,03-6277-5760,"2024-02-29 木曜日 24 時間営業
2024-03-01 金曜日 24 時間営業
2024-03-02 土曜日 24 時間営業
2024-03-03 日曜日 24 時間営業
2024-03-04 月曜日 24 時間営業
2024-03-05 火曜日 24 時間営業
2024-03-06 水曜日 24 時間営業
",1.0,139.6913568,35.657302,東京,渋谷駅,932.0,渋谷駅|池尻大橋駅,2.0,渋谷区,渋谷,渋谷|恵比寿|代官山|原宿,area:渋谷|station:渋谷駅|station:池尻大橋駅|feature:24h|feature:shooting|feature:midnight,1,https://dance-studio-lab.com/room/ODU0ZjgzZjAtNDc3OS00N2YwLTkxZWEtNTNiMTc2MDE4NGRl/detail,100
チコバレエ・アカデミー二号館,〒154-0015 東京都世田谷区桜新町１丁目８-７ 2階,,http://chicoballetacademy.jp/,03-5760-6313,"LGBTQ フレンドリー2024-02-29 木曜日 16時30分～21時00分
2024-03-01 金曜日 15時30分～21時00分
2024-03-02 土曜日 12時50分～21時00分
2024-03-03 日曜日 12時30分～19時00分
2024-03-04 月曜日 16時30分～21時00分
2024-03-05 火曜日 17時30分～20時30分
2024-03-06 水曜日 15時30分～21時00分
",1.0,139.6442859,35.6297154,東京,桜新町駅,221.0,桜新町駅|用賀駅|上町駅|駒沢大学駅|世田谷駅|松陰神社前駅,0.0,世田谷区,下北沢,下北沢|三軒茶屋|二子玉川|自由が丘,area:下北沢|feature:24h|feature:midnight,0,,0
チコバレエアカデミー1号館,〒154-0017 東京都世田谷区世田谷２丁目２５-２,,http://www.chicoballetacademy.jp/,03-3429-2626,"2024-02-29 木曜日 8時00分～21時00分
2024-03-01 金曜日 8時00分～21時00分
2024-03-02 土曜日 8時00分～21時00分
2024-03-03 日曜日 8時00分～21時00分
2024-03-04 月曜日 8時00分～21時00分
2024-03-05 火曜日 8時00分～21時00分
2024-03-06 水曜日 8時00分～21時00分
",1.0,139.6409171,35.6403801,東京,上町駅,617.0,上町駅|宮の坂駅|世田谷駅|桜新町駅|経堂駅|松陰神社前駅|山下駅|豪徳寺駅|用賀駅|千歳船橋駅,0.0,世田谷区,下北沢,下北沢|三軒茶屋|二子玉川|自由が丘,area:下北沢|feature:24h|feature:midnight,0,,0
TDSレンタルスタジオ池袋（120㎡）,〒171-0014 東京都豊島区池袋２丁目６４-１１ ｢平和ビル/4F｣,,https://takigawa-ds.com/rental/index.php?%E6%B1%A0%E8%A2%8B,,,1.0,139.7112401,35.7353175,東京,池袋駅,715.0,池袋駅,1.0,豊島区,池袋,池袋|目白|大塚|巣鴨,area:池袋|station:池袋駅,0,,0
ちるどれ 上町スタジオ,〒540-0005 大阪府大阪市中央区上町１丁目６-１１ 2階,,,06-6773-9649,"2024-02-29 木曜日 10時00分～19時20分
2024-03-01 金曜日 10時00分～19時20分
2024-03-02 土曜日 定休日
2024-03-03 日曜日 定休日
2024-03-04 月曜日 10時00分～19時20分
2024-03-05 火曜日 10時00分～19時20分
2024-03-06 水曜日 10時00分～19時20分
",1.0,135.5254451,34.6754294,東京,玉造駅,710.0,玉造駅|谷町六丁目駅|森ノ宮駅|谷町四丁目駅|松屋町駅|大阪上本町駅|鶴橋駅|谷町九丁目駅|天満橋駅|大阪城公園駅,0.0,中央区,銀座,銀座|日本橋|八丁堀|月島,area:銀座|feature:24h|feature:midnight,0,,0
ツチヤダンスガーデン,〒213-0002 神奈川県川崎市高津区二子５丁目２-１,,http://www.tsuchiyadance.com/,044-822-3242,"2024-02-29 木曜日 13時00分～22時00分
2024-03-01 金曜日 13時00分～22時00分
2024-03-02 土曜日 13時00分～18時00分
2024-03-03 日曜日 定休日
2024-03-04 月曜日 13時00分～22時00分
2024-03-05 火曜日 13時00分～22時00分
2024-03-06 水曜日 13時00分～22時00分
",1.0,139.616961,35.602676,東京,高津駅,74.0,高津駅|溝の口駅|武蔵溝ノ口駅|二子新地駅|二子玉川駅|梶が谷駅|津田山駅,0.0,その他,その他,その他,feature:24h|feature:midnight,0,,0
デイ・ナイト株式会社,〒100-0011 東京都千代田区内幸町１丁目１-２ Ud日比谷ビル 7F,,https://cocoloca.jp/location/ud-hibiya/,03-6257-3986,"2024-02-29 木曜日 9時00分～18時00分
2024-03-01 金曜日 9時00分～18時00分
2024-03-02 土曜日 10時00分～18時00分
2024-03-03 日曜日 10時00分～18時00分
2024-03-04 月曜日 9時00分～18時00分
2024-03-05 火曜日 9時00分～18時00分
2024-03-06 水曜日 9時00分～18時00分
",1.0,139.7590745,35.6707398,東京,新橋駅,507.0,新橋駅|有楽町駅,2.0,千代田区,秋葉原,秋葉原,area:秋葉原|station:新橋駅|station:有楽町駅|feature:24h|feature:midnight,0,,0
ティアラ,〒142-0053 東京都品川区中延３丁目２-４,,http://www.shupla-gp.com/tiara/,03-6426-8828,"2024-02-29 木曜日 9時00分～21時00分
2024-03-01 金曜日 9時00分～21時00分
2024-03-02 土曜日 9時00分～21時00分
2024-03-03 日曜日 9時00分～21時00分
2024-03-04 月曜日 9時00分～21時00分
2024-03-05 火曜日 9時00分～21時00分
2024-03-06 水曜日 9時00分～21時00分
",1.0,139.711402,35.6092759,東京,荏原中延駅,91.0,荏原中延駅|中延駅|戸越公園駅|荏原町駅|戸越駅|戸越銀座駅|旗の台駅|西大井駅|西小山駅|下神明駅,0.0,品川区,品川,品川|五反田|大井町|目黒,area:品川|feature:24h|feature:midnight,0,,0
ティーアイエス（株）,〒150-0021 東京都渋谷区恵比寿西１丁目３０-１４ エコー代官山,,http://tisandyou.jp/,03-3476-0082,,1.0,139.7060146,35.6486356,東京,恵比寿駅,428.0,恵比寿駅|渋谷駅,2.0,渋谷区,渋谷,渋谷|恵比寿|代官山|原宿,area:渋谷|station:恵比寿駅|station:渋谷駅,0,,0
テルコ・ダンススタジオ,〒001-0035 北海道札幌市北区北３５条西５丁目１-１５,,https://teruko-dance.com/,011-736-3330,,1.0,141.339686,43.102118,東京,北３４条駅,331.0,北３４条駅|麻生駅|新琴似駅|北２４条駅|新川駅,0.0,北区,赤羽,赤羽,area:赤羽,0,,0
スタジオグロウ,〒164-0003 東京都中野区東中野１丁目４-４,,http://studio-glow.jp/,,,1.0,139.6854144,35.7016552,東京,東中野駅,532.0,東中野駅|中野坂上駅|落合駅|西新宿駅|大久保駅|西新宿五丁目駅（清水橋）|新大久保駅|都庁前駅|中野新橋駅|西武新宿駅,0.0,中野区,中野,中野,area:中野,0,,0
トゥインクルクラブ,〒471-0835 愛知県豊田市曙町２丁目16番地 BLUS16 101号室,,https://npotwinkleclub.com/,080-7012-1919,"2024-02-29 木曜日 10時00分～22時00分
2024-03-01 金曜日 10時00分～22時00分
2024-03-02 土曜日 10時00分～22時00分
2024-03-03 日曜日 10時00分～22時00分
2024-03-04 月曜日 10時00分～22時00分
2024-03-05 火曜日 10時00分～22時00分
2024-03-06 水曜日 10時00分～22時00分
",1.0,137.1315373,35.0578306,東京,土橋駅,162.0,土橋駅|三河豊田駅,0.0,その他,その他,その他,feature:24h|feature:midnight,0,,0
ドリーム・パフェ・スタジオ,〒150-0012 東京都渋谷区広尾５丁目１１-１１ 福地ビル,,http://dreamparfait.com/,03-5795-0132,"2024-02-29 木曜日 10時00分～18時00分
2024-03-01 金曜日 10時00分～18時00分
2024-03-02 土曜日 10時00分～18時00分
2024-03-03 日曜日 定休日
2024-03-04 月曜日 10時00分～18時00分
2024-03-05 火曜日 10時00分～18時00分
2024-03-06 水曜日 10時00分～18時00分
",1.0,139.7218439,35.6491691,東京,恵比寿駅,1096.0,恵比寿駅,1.0,渋谷区,渋谷,渋谷|恵比寿|代官山|原宿,area:渋谷|station:恵比寿駅|feature:24h|feature:midnight,0,,0
なかすた（スタジオ神田川）,〒164-0013 東京都中野区弥生町５丁目２２-２ ビラフジミ B号室,https://dance-studio-lab.com/room/ODE4NDI3NmEtODY2YS00ZTg2LTgyMzctNzMzNmYwYjNmNDgx/detail,http://nkn.photographer.tokyo.jp/,090-5495-8257,"2024-02-29 木曜日 10時00分～22時00分
2024-03-01 金曜日 10時00分～22時00分
2024-03-02 土曜日 10時00分～22時00分
2024-03-03 日曜日 10時00分～22時00分
2024-03-04 月曜日 10時00分～22時00分
2024-03-05 火曜日 10時00分～22時00分
2024-03-06 水曜日 10時00分～22時00分
",1.0,139.6656821,35.6894667,東京,中野富士見町駅,163.0,中野富士見町駅|中野新橋駅|新中野駅|方南町駅|東高円寺駅|幡ヶ谷駅|西新宿五丁目駅（清水橋）|中野坂上駅|笹塚駅|新高円寺駅,0.0,中野区,中野,中野,area:中野|feature:24h|feature:shooting|feature:midnight,1,https://dance-studio-lab.com/room/ODE4NDI3NmEtODY2YS00ZTg2LTgyMzctNzMzNmYwYjNmNDgx/detail,100
ナガトスタジオ,〒134-0084 東京都江戸川区東葛西５丁目４０-９,,http://www.nagatostudio.com/,080-4323-2200,"2024-02-29 木曜日 9時00分～0時00分
2024-03-01 金曜日 9時00分～0時00分
2024-03-02 土曜日 9時00分～0時00分
2024-03-03 日曜日 9時00分～0時00分
2024-03-04 月曜日 9時00分～0時00分
2024-03-05 火曜日 9時00分～0時00分
2024-03-06 水曜日 9時00分～0時00分
",1.0,139.879998,35.66518,東京,葛西駅,688.0,葛西駅|浦安駅|西葛西駅,0.0,江戸川区,西葛西,西葛西,area:西葛西|feature:24h|feature:midnight,0,,0
ナッツ・レンタル・スタジオ,〒114-0014 東京都北区田端４丁目１-１１ クレールビル 1F,,http://www.nuts-vocal.com/studio.html,0120-772-466,,1.0,139.7521312,35.7358385,東京,駒込駅,469.0,駒込駅|田端駅|千石駅|巣鴨駅|尾久駅|本駒込駅|上中里駅|西日暮里駅|西ケ原駅|千駄木駅,0.0,北区,赤羽,赤羽,area:赤羽,0,,0
ナプア アラ オナオナ 恵比寿校,〒150-0013 東京都渋谷区恵比寿１丁目１-６ エビスオークビル1-2F,,http://www.napua.jp/,03-3446-0236,,1.0,139.7110401,35.6481848,東京,恵比寿駅,186.0,恵比寿駅,1.0,渋谷区,渋谷,渋谷|恵比寿|代官山|原宿,area:渋谷|station:恵比寿駅,0,,0
ノアスタジオ 学芸大店,〒152-0003 東京都目黒区碑文谷５丁目２５-１０ 1F?7F ノアビル２２,,https://www.noahstudio.jp/shop/gakugeidai/,03-3710-2011,"2024-02-29 木曜日 10時30分～23時00分
2024-03-01 金曜日 10時30分～8時00分
2024-03-02 土曜日 9時30分～8時00分
2024-03-03 日曜日 9時30分～23時00分
2024-03-04 月曜日 10時30分～23時00分
2024-03-05 火曜日 10時30分～23時00分
2024-03-06 水曜日 10時30分～23時00分
",1.0,139.6795317,35.6235478,東京,学芸大学駅,753.0,学芸大学駅,1.0,目黒区,中目黒,中目黒,area:中目黒|station:学芸大学駅|feature:24h|feature:midnight,0,,0
ノアスタジオ 御茶ノ水店,〒101-0062 東京都千代田区神田駿河台２丁目1-１７,,https://www.noahstudio.jp/shop/ochanomizu/,03-5217-7680,,1.0,139.7629673,35.6997385,東京,秋葉原駅,1023.0,秋葉原駅,1.0,千代田区,秋葉原,秋葉原,area:秋葉原|station:秋葉原駅,0,,0
ノアスタジオ 秋葉原店,〒101-0021 東京都千代田区外神田６丁目１４-８,,https://www.noahstudio.jp/shop/akihabara/,03-5816-8383,"2024-02-29 木曜日 24 時間営業
2024-03-01 金曜日 24 時間営業
2024-03-02 土曜日 24 時間営業
2024-03-03 日曜日 24 時間営業
2024-03-04 月曜日 24 時間営業
2024-03-05 火曜日 24 時間営業
2024-03-06 水曜日 24 時間営業
",1.0,139.771522,35.7035015,東京,秋葉原駅,589.0,秋葉原駅,1.0,千代田区,秋葉原,秋葉原,area:秋葉原|station:秋葉原駅|feature:24h|feature:midnight,0,,0
ノアスタジオ 新宿１号店,〒160-0023 東京都新宿区西新宿１丁目３-１４,,https://www.noahstudio.jp/shop/shinjuku/,03-5909-0331,"2024-02-29 木曜日 9時30分～6時00分
2024-03-01 金曜日 9時30分～6時00分
2024-03-02 土曜日 8時30分～6時00分
2024-03-03 日曜日 8時30分～6時00分
2024-03-04 月曜日 9時30分～6時00分
2024-03-05 火曜日 9時30分～6時00分
2024-03-06 水曜日 9時30分～6時00分",1.0,139.698273,35.693295,東京,新宿駅,319.0,新宿駅|西武新宿駅|新大久保駅,3.0,新宿区,新宿,新宿|西新宿|高田馬場|新大久保,area:新宿|station:新宿駅|station:西武新宿駅|station:新大久保駅|feature:24h|feature:midnight,0,,0
ノアスタジオ 新宿２号店,〒160-0023 東京都新宿区西新宿７丁目１０-１２,,https://www.noahstudio.jp/shop/shinjuku2/,03-5332-8366,"2024-02-29 木曜日 9時00分～6時00分
2024-03-01 金曜日 9時00分～6時00分
2024-03-02 土曜日 9時00分～6時00分
2024-03-03 日曜日 9時00分～23時00分
2024-03-04 月曜日 9時00分～23時00分
2024-03-05 火曜日 9時00分～6時00分
2024-03-06 水曜日 9時00分～6時00分",1.0,139.6985113,35.6942501,東京,西武新宿駅,259.0,西武新宿駅|新宿駅|新大久保駅,3.0,新宿区,新宿,新宿|西新宿|高田馬場|新大久保,area:新宿|station:西武新宿駅|station:新宿駅|station:新大久保駅|feature:24h|feature:midnight,0,,0
ノアスタジオ 赤坂店,〒107-0052 東京都港区赤坂３丁目１３-１２ 受付は隣のビル2Fとなります,,https://www.noahstudio.jp/shop/akasaka/,03-3589-6211,"2024-02-29 木曜日 8時30分～22時30分
2024-03-01 金曜日 8時30分～22時30分
2024-03-02 土曜日 8時30分～22時30分
2024-03-03 日曜日 8時30分～22時30分
2024-03-04 月曜日 8時30分～22時30分
2024-03-05 火曜日 8時30分～22時30分
2024-03-06 水曜日 8時30分～22時30分
",1.0,139.7373508,35.6731964,東京,赤坂駅,62.0,赤坂駅|青山一丁目駅,2.0,港区,六本木,六本木|赤坂|麻布|新橋,area:六本木|station:赤坂駅|station:青山一丁目駅|feature:24h|feature:midnight,0,,0
ソニズレンタルスタジオ新中野鍋横店,〒164-0011 東京都中野区中央３丁目３４-３ B1階,,https://sonysdance.com/,,"2024-02-29 木曜日 24 時間営業
2024-03-01 金曜日 24 時間営業
2024-03-02 土曜日 24 時間営業
2024-03-03 日曜日 24 時間営業
2024-03-04 月曜日 24 時間営業
2024-03-05 火曜日 24 時間営業
2024-03-06 水曜日 24 時間営業
",1.0,139.6710968,35.6978043,東京,中野駅,1004.0,中野駅,1.0,中野区,中野,中野,area:中野|station:中野駅|feature:24h|feature:midnight,0,,0
ノアスタジオ 中野店,"〒164-0001 東京都中野区中野３丁目３９-２, Nakano Noah Building, B1",,https://www.noahstudio.jp/shop/nakano/,03-6304-8606,"2024-02-29 木曜日 24 時間営業
2024-03-01 金曜日 24 時間営業
2024-03-02 土曜日 24 時間営業
2024-03-03 日曜日 24 時間営業
2024-03-04 月曜日 24 時間営業
2024-03-05 火曜日 24 時間営業
2024-03-06 水曜日 24 時間営業
",1.0,139.6642213,35.7041516,東京,中野駅,231.0,中野駅,1.0,中野区,中野,中野,area:中野|station:中野駅|feature:24h|feature:midnight,0,,0
SISTERS TOKYO 町田校 ダンススクール,〒194-0013 東京都町田市原町田４丁目７-１２ 町田 地下1階 マイレッスン町田スタジオ カーサイコー第２ビル,,https://sisters-t.com/,,,1.0,139.4493212,35.5410653,東京,町田駅,292.0,町田駅,1.0,町田市,町田,町田,area:町田|station:町田駅,0,,0
ノアスタジオ 都立大２号店,〒152-0031 東京都目黒区中根１丁目２-２ 1F 受付,,https://www.noahstudio.jp/shop/toritsudai2/,03-3725-0010,"2024-02-29 木曜日 24 時間営業
2024-03-01 金曜日 24 時間営業
2024-03-02 土曜日 24 時間営業
2024-03-03 日曜日 24 時間営業
2024-03-04 月曜日 24 時間営業
2024-03-05 火曜日 24 時間営業
2024-03-06 水曜日 24 時間営業
",1.0,139.6763543,35.6182988,東京,都立大学駅,61.0,都立大学駅|緑が丘駅|自由が丘駅|学芸大学駅|大岡山駅|奥沢駅|洗足駅|九品仏駅|北千束駅,0.0,目黒区,中目黒,中目黒,area:中目黒|feature:24h|feature:midnight,0,,0
ノアスタジオ 都立大店（ダンス・演劇）,〒152-0031 東京都目黒区中根１丁目７-２３ ＳＴビル,,https://www.noahstudio.jp/shop/toritsudai/,03-3723-2011,"2024-02-29 木曜日 9時00分～23時00分
2024-03-01 金曜日 9時00分～23時00分
2024-03-02 土曜日 9時00分～23時00分
2024-03-03 日曜日 9時00分～23時00分
2024-03-04 月曜日 9時00分～23時00分
2024-03-05 火曜日 9時00分～23時00分
2024-03-06 水曜日 9時00分～23時00分
",1.0,139.6747275,35.6176643,東京,都立大学駅,151.0,都立大学駅|自由が丘駅|緑が丘駅|大岡山駅|奥沢駅|学芸大学駅|九品仏駅|洗足駅,0.0,目黒区,中目黒,中目黒,area:中目黒|feature:24h|feature:midnight,0,,0
ノアスタジオ代々木店,〒151-0051 東京都渋谷区千駄ケ谷４丁目２４-１９,,https://www.noahstudio.jp/shop/yoyogi/,03-5413-3955,"2024-02-29 木曜日 24 時間営業
2024-03-01 金曜日 24 時間営業
2024-03-02 土曜日 24 時間営業
2024-03-03 日曜日 24 時間営業
2024-03-04 月曜日 24 時間営業
2024-03-05 火曜日 24 時間営業
2024-03-06 水曜日 24 時間営業
",1.0,139.706346,35.6809867,東京,代々木駅,452.0,代々木駅,1.0,渋谷区,渋谷,渋谷|恵比寿|代官山|原宿,area:渋谷|station:代々木駅|feature:24h|feature:midnight,0,,0
レンタルスタジオ マイレッスン 町田スタジオ2号,〒194-0021 東京都町田市中町１丁目１５-１１,,,,,1.0,139.4465528,35.5468411,東京,町田駅,541.0,町田駅,1.0,町田市,町田,町田,area:町田|station:町田駅,0,,0
ノートルスタジオ,〒107-0062 東京都港区南青山３丁目５-１ O&K 南青山,,http://notre-studio.com/,03-6721-0035,"2024-02-29 木曜日 9時00分～22時00分
2024-03-01 金曜日 9時00分～22時00分
2024-03-02 土曜日 9時00分～22時00分
2024-03-03 日曜日 9時00分～22時00分
2024-03-04 月曜日 9時00分～22時00分
2024-03-05 火曜日 9時00分～22時00分
2024-03-06 水曜日 9時00分～22時00分
",1.0,139.7166885,35.6667593,東京,外苑前駅,384.0,外苑前駅|表参道駅|青山一丁目駅,3.0,港区,六本木,六本木|赤坂|麻布|新橋,area:六本木|station:外苑前駅|station:表参道駅|station:青山一丁目駅|feature:24h|feature:midnight,0,,0
シバヨガ鶴川スタジオ,〒195-0061 東京都町田市 鶴川２－１４－１５ ２F,,https://tsurukawa.yogi2.com/,,"2024-02-29 木曜日 10時00分～12時00分
2024-03-01 金曜日 9時10分～12時30分
2024-03-02 土曜日 9時00分～12時00分
2024-03-03 日曜日 9時30分～13時00分
2024-03-04 月曜日 19時00分～21時00分
2024-03-05 火曜日 9時10分～11時00分
2024-03-06 水曜日 10時00分～12時00分
",1.0,139.4686546,35.5903092,東京,鶴川駅,1402.0,鶴川駅,0.0,町田市,町田,町田,area:町田|feature:24h|feature:midnight,0,,0
スタジオクレイン鶴川,〒195-0053 東京都町田市能ヶ谷２丁目１２,,http://studio-crane-tsurukawa.com/,,,1.0,139.479899,35.584012,東京,鶴川駅,167.0,鶴川駅|柿生駅,0.0,町田市,町田,町田,area:町田,0,,0
ハーラウ ナー マモ オ カアラ‐ナゴヤ,〒471-0813 愛知県豊田市野見山町３丁目１６-１,,https://kaalanagoya.com/,090-7316-3301,"オーナーが女性と確認されたビジネス2024-02-29 木曜日 10時30分～21時30分
2024-03-01 金曜日 10時30分～21時00分
2024-03-02 土曜日 10時00分～12時00分
2024-03-03 日曜日 定休日
2024-03-04 月曜日 10時30分～23時00分
2024-03-05 火曜日 10時30分～21時30分
2024-03-06 水曜日 10時30分～21時30分
",1.0,137.1893974,35.0689732,東京,なし,,,0.0,その他,その他,その他,feature:24h|feature:midnight,0,,0
ハーラウオフイロカヒ H?lau?oHui L?kahi,〒471-0822 愛知県豊田市水源町１丁目23-５ シンシア豊栄3階スタジオ,,https://www.toyotalokahi.com/,090-1835-3887,LGBTQ フレンドリー,1.0,137.1725054,35.051958,東京,なし,,,0.0,その他,その他,その他,,0,,0
ハウススタジオ プラネアールときわ台スタジオ,〒174-0071 東京都板橋区常盤台２丁目９-５,,http://www.planear.co.jp/studio/tokiwadai.html,0120-424-548,"2024-02-29 木曜日 24 時間営業
2024-03-01 金曜日 24 時間営業
2024-03-02 土曜日 24 時間営業
2024-03-03 日曜日 24 時間営業
2024-03-04 月曜日 24 時間営業
2024-03-05 火曜日 24 時間営業
2024-03-06 水曜日 24 時間営業
",1.0,139.689243,35.7601543,東京,ときわ台駅,159.0,ときわ台駅|中板橋駅|上板橋駅|板橋本町駅|本蓮沼駅|大山駅|志村坂上駅|志村三丁目駅,0.0,板橋区,成増,成増,area:成増|feature:24h|feature:midnight,0,,0
パルティールバレエスタジオ,〒113-0033 東京都文京区本郷４丁目２５-８ レッチフィールド本郷４丁目3F,,https://www.balletstudio-partir.com/,03-5684-2225,,1.0,139.7530697,35.7110431,東京,春日駅,292.0,春日駅|後楽園駅|本郷三丁目駅|東大前駅|水道橋駅|白山駅|飯田橋駅|根津駅|湯島駅|御茶ノ水駅,0.0,文京区,後楽園,後楽園,area:後楽園,0,,0
バレエアカデミー 江川明バレエ・スタジオ,〒145-0062 東京都大田区北千束３丁目２５-５,,http://www.egawamayanba.com/,03-3726-5145,,1.0,139.686876,35.60665,東京,大岡山駅,145.0,大岡山駅|北千束駅|緑が丘駅|洗足駅|洗足池駅|石川台駅|長原駅|奥沢駅|旗の台駅|西小山駅,0.0,大田区,蒲田,蒲田,area:蒲田,0,,0
バレエアトリエ クレール,〒206-0034 東京都多摩市 鶴牧3-4 1C,,http://www.clair-ballet.com/,042-371-0466,"2024-02-29 木曜日 10時00分～21時00分
2024-03-01 金曜日 10時00分～21時00分
2024-03-02 土曜日 10時00分～21時00分
2024-03-03 日曜日 定休日
2024-03-04 月曜日 10時00分～21時00分
2024-03-05 火曜日 10時00分～21時00分
2024-03-06 水曜日 定休日
",1.0,139.4189017,35.6180473,東京,唐木田駅,746.0,唐木田駅|小田急多摩センター駅|京王多摩センター駅|京王堀之内駅,0.0,多摩市,多摩センター,多摩センター,area:多摩センター|feature:24h|feature:midnight,0,,0
バレエアトリエリュミエール,〒169-0051 東京都新宿区西早稲田２丁目３-１ 早稲田奉仕園 奉仕園会館一号館地下一階 You-Iホール,,https://ballet-atelier-lumiere.net/,050-3749-6386,,1.0,139.7164685,35.7074476,東京,早稲田駅,464.0,早稲田駅|面影橋駅|西早稲田駅|若松河田駅|学習院下駅|牛込柳町駅|高田馬場駅|東新宿駅|雑司が谷駅|江戸川橋駅,0.0,新宿区,新宿,新宿|西新宿|高田馬場|新大久保,area:新宿,0,,0
バレエスタジオ ピアチェーレ,〒134-0085 東京都江戸川区南葛西１丁目１４-１３ シティパレス南葛西 302,,http://balletstudio-piacere.ballet.place/,080-9573-5936,"2024-02-29 木曜日 10時00分～20時30分
2024-03-01 金曜日 定休日
2024-03-02 土曜日 10時00分～20時30分
2024-03-03 日曜日 定休日
2024-03-04 月曜日 定休日
2024-03-05 火曜日 10時00分～20時30分
2024-03-06 水曜日 10時00分～20時30分
",1.0,139.8720471,35.6546397,東京,葛西駅,991.0,葛西駅|葛西臨海公園駅|西葛西駅,0.0,江戸川区,西葛西,西葛西,area:西葛西|feature:24h|feature:midnight,0,,0
K Dance Nexus DANCE STUDIO 百合ヶ丘A,〒215-0011 神奈川県川崎市麻生区百合丘１丁目１９-５,,http://k-dancenexus.jp/studio_yurigaoka/index.html,,"2024-02-29 木曜日 9時00分～23時00分
2024-03-01 金曜日 9時00分～23時00分
2024-03-02 土曜日 9時00分～23時00分
2024-03-03 日曜日 9時00分～23時00分
2024-03-04 月曜日 9時00分～23時00分
2024-03-05 火曜日 9時00分～23時00分
2024-03-06 水曜日 9時00分～23時00分
",1.0,139.5156472,35.6082866,東京,百合ヶ丘駅,95.0,百合ヶ丘駅|新百合ヶ丘駅|読売ランド前駅,0.0,その他,その他,その他,feature:24h|feature:midnight,0,,0
K Dance Nexus DANCE STUDIO 百合ケ丘B,〒215-0011 神奈川県川崎市麻生区百合丘２丁目２-４ Tcre新百合ヶ丘 B1,,http://k-dancenexus.jp/studio_yurigaoka2/index.html,,"2024-02-29 木曜日 9時00分～7時00分
2024-03-01 金曜日 9時00分～7時00分
2024-03-02 土曜日 9時00分～7時00分
2024-03-03 日曜日 9時00分～7時00分
2024-03-04 月曜日 9時00分～7時00分
2024-03-05 火曜日 9時00分～7時00分
2024-03-06 水曜日 9時00分～7時00分
",1.0,139.5144133,35.6059022,東京,百合ヶ丘駅,382.0,百合ヶ丘駅|新百合ヶ丘駅|読売ランド前駅|五月台駅,0.0,その他,その他,その他,feature:24h|feature:midnight,0,,0
バレエスタジオJewels,〒156-0052 東京都世田谷区経堂５丁目２１-４,,https://www.balletstudiojewels.com/,090-4627-7946,"2024-02-29 木曜日 10時00分～21時30分
2024-03-01 金曜日 10時00分～21時30分
2024-03-02 土曜日 10時00分～21時30分
2024-03-03 日曜日 定休日
2024-03-04 月曜日 10時00分～21時30分
2024-03-05 火曜日 10時00分～21時30分
2024-03-06 水曜日 10時00分～21時30分
",1.0,139.6302862,35.6473999,東京,千歳船橋駅,579.0,千歳船橋駅|経堂駅|宮の坂駅|上町駅|山下駅|豪徳寺駅|松原駅|世田谷駅|祖師ヶ谷大蔵駅,0.0,世田谷区,下北沢,下北沢|三軒茶屋|二子玉川|自由が丘,area:下北沢|feature:24h|feature:midnight,0,,0
バレエスタジオＭＯＭＯ,〒171-0043 東京都豊島区要町３丁目２３-１１ カーサプリマ,,http://balletstudiomomo.com/about/,070-3846-8465,,1.0,139.6875929,35.7393037,東京,千川駅,196.0,千川駅|小竹向原駅|東長崎駅|要町駅|江古田駅|椎名町駅|大山駅|新桜台駅|新江古田駅|落合南長崎駅,0.0,豊島区,池袋,池袋|目白|大塚|巣鴨,area:池袋,0,,0
K Dance Nexus Dance Studio 読売ランド前,〒214-0037 神奈川県川崎市多摩区西生田３丁目９-３０,,http://k-dancenexus.jp/studio/index.html,,"2024-02-29 木曜日 10時00分～7時00分
2024-03-01 金曜日 10時00分～7時00分
2024-03-02 土曜日 10時00分～7時00分
2024-03-03 日曜日 10時00分～7時00分
2024-03-04 月曜日 10時00分～7時00分
2024-03-05 火曜日 10時00分～7時00分
2024-03-06 水曜日 10時00分～7時00分
",1.0,139.528837,35.6143724,東京,読売ランド前駅,92.0,読売ランド前駅|生田駅|百合ヶ丘駅,0.0,その他,その他,その他,feature:24h|feature:midnight,0,,0
バレエスタジオコルツァ（Ballet Studio Colza）,〒193-0833 東京都八王子市めじろ台１丁目９-１ 2階,,https://bs-colza.com/,070-4458-3534,"2024-02-29 木曜日 17時30分～20時15分
2024-03-01 金曜日 17時15分～20時50分
2024-03-02 土曜日 10時00分～16時30分
2024-03-03 日曜日 定休日
2024-03-04 月曜日 17時15分～20時15分
2024-03-05 火曜日 11時00分～12時50分
2024-03-06 水曜日 17時15分～20時15分
",1.0,139.3067428,35.6439487,東京,めじろ台駅,108.0,めじろ台駅|狭間駅|山田駅|西八王子駅,0.0,八王子市,八王子,八王子,area:八王子|feature:24h|feature:midnight,0,,0
ハレスタジオ参宮橋,〒151-0053 東京都渋谷区代々木４丁目２８-８ 代々木村田マンション 509,,,090-3874-1762,"2024-02-29 木曜日 7時00分～22時00分
2024-03-01 金曜日 7時00分～22時00分
2024-03-02 土曜日 定休日
2024-03-03 日曜日 定休日
2024-03-04 月曜日 7時00分～22時00分
2024-03-05 火曜日 7時00分～22時00分
2024-03-06 水曜日 7時00分～22時00分
",1.0,139.6906292,35.6830743,東京,代々木駅,1031.0,代々木駅,1.0,渋谷区,渋谷,渋谷|恵比寿|代官山|原宿,area:渋谷|station:代々木駅|feature:24h|feature:midnight,0,,0
パンキースタジオ,〒192-0355 東京都八王子市堀之内３丁目３５-６,,http://www.pandkey.co.jp/,042-677-9500,"2024-02-29 木曜日 10時00分～23時00分
2024-03-01 金曜日 10時00分～23時00分
2024-03-02 土曜日 10時00分～23時00分
2024-03-03 日曜日 10時00分～23時00分
2024-03-04 月曜日 10時00分～23時00分
2024-03-05 火曜日 16時00分～23時00分
2024-03-06 水曜日 10時00分～23時00分
",1.0,139.4006614,35.6258363,東京,京王堀之内駅,153.0,京王堀之内駅|唐木田駅,0.0,八王子市,八王子,八王子,area:八王子|feature:24h|feature:midnight,0,,0
バンドスタジオ ベースオントップ京橋店,〒536-0016 大阪府大阪市城東区蒲生１丁目８-４,,https://www.bassontop.co.jp/studio_kyobashi/,06-6939-6262,"2024-02-29 木曜日 12時00分～1時00分
2024-03-01 金曜日 12時00分～1時00分
2024-03-02 土曜日 9時00分～1時00分
2024-03-03 日曜日 9時00分～0時00分
2024-03-04 月曜日 12時00分～1時00分
2024-03-05 火曜日 12時00分～1時00分
2024-03-06 水曜日 12時00分～1時00分
",1.0,135.5366978,34.6983528,東京,京橋駅,345.0,京橋駅|蒲生四丁目駅|大阪ビジネスパーク駅|鴫野駅|ＪＲ野江駅|大阪城北詰駅|大阪城公園駅|野江駅|野江内代駅|都島駅,0.0,その他,その他,その他,feature:24h|feature:midnight,0,,0
バンドスタジオ ベースオントップ秋葉原昭和通り口店,〒101-0025 東京都千代田区神田佐久間町３丁目37-１ 文唱堂ビル B1F,,https://bassontop.tokyo.jp/band/akihabara/,03-5825-4544,"2024-02-29 木曜日 10時00分～23時00分
2024-03-01 金曜日 10時00分～23時00分
2024-03-02 土曜日 9時00分～23時00分
2024-03-03 日曜日 9時00分～23時00分
2024-03-04 月曜日 10時00分～23時00分
2024-03-05 火曜日 10時00分～23時00分
2024-03-06 水曜日 10時00分～23時00分
",1.0,139.7776631,35.6978028,東京,秋葉原駅,326.0,秋葉原駅,1.0,千代田区,秋葉原,秋葉原,area:秋葉原|station:秋葉原駅|feature:24h|feature:midnight,0,,0
ピアノスタジオノア 下北沢店,〒155-0031 東京都世田谷区北沢２丁目３４-８,,https://www.grandpiano.jp/shimokita/,03-5738-0212,"2024-02-29 木曜日 8時00分～23時00分
2024-03-01 金曜日 8時00分～23時00分
2024-03-02 土曜日 8時00分～23時00分
2024-03-03 日曜日 8時00分～23時00分
2024-03-04 月曜日 8時00分～23時00分
2024-03-05 火曜日 8時00分～23時00分
2024-03-06 水曜日 8時00分～23時00分
",1.0,139.6684398,35.6635188,東京,下北沢駅,201.0,下北沢駅,1.0,世田谷区,下北沢,下北沢|三軒茶屋|二子玉川|自由が丘,area:下北沢|station:下北沢駅|feature:24h|feature:midnight,0,,0
ピアノスタジオノア 恵比寿店,〒150-0013 東京都渋谷区恵比寿４丁目４-１２,,http://www.grandpiano.jp/ebisu/,03-5447-6068,"2024-02-29 木曜日 9時00分～23時00分
2024-03-01 金曜日 9時00分～23時00分
2024-03-02 土曜日 7時30分～23時00分
2024-03-03 日曜日 7時30分～23時00分
2024-03-04 月曜日 9時00分～23時00分
2024-03-05 火曜日 9時00分～23時00分
2024-03-06 水曜日 9時00分～23時00分
",1.0,139.7115415,35.6452551,東京,恵比寿駅,206.0,恵比寿駅,1.0,渋谷区,渋谷,渋谷|恵比寿|代官山|原宿,area:渋谷|station:恵比寿駅|feature:24h|feature:midnight,0,,0
ピアノスタジオノア 池袋店,〒170-0013 東京都豊島区東池袋２丁目６３-１ 2F～B1F,,https://www.grandpiano.jp/ikebukuro/,03-5951-8481,"2024-02-29 木曜日 24 時間営業
2024-03-01 金曜日 24 時間営業
2024-03-02 土曜日 24 時間営業
2024-03-03 日曜日 24 時間営業
2024-03-04 月曜日 24 時間営業
2024-03-05 火曜日 24 時間営業
2024-03-06 水曜日 24 時間営業
",1.0,139.7167302,35.7339886,東京,池袋駅,803.0,池袋駅,1.0,豊島区,池袋,池袋|目白|大塚|巣鴨,area:池袋|station:池袋駅|feature:24h|feature:midnight,0,,0
ピアノスタジオノア 不動前店,〒141-0031 東京都品川区西五反田４丁目３２-１４,,https://www.grandpiano.jp/fudomae/,03-6910-4550,"2024-02-29 木曜日 10時00分～22時00分
2024-03-01 金曜日 10時00分～22時00分
2024-03-02 土曜日 8時00分～22時00分
2024-03-03 日曜日 8時00分～22時00分
2024-03-04 月曜日 10時00分～22時00分
2024-03-05 火曜日 10時00分～22時00分
2024-03-06 水曜日 10時00分～22時00分
",1.0,139.7137459,35.6259714,東京,五反田駅,878.0,五反田駅|目黒駅,2.0,品川区,品川,品川|五反田|大井町|目黒,area:品川|station:五反田駅|station:目黒駅|feature:24h|feature:midnight,0,,0
カンパニードゥ・ダンスアカデミー,〒182-0035 東京都調布市上石原２丁目１８-１３,,https://dancecompanydeux.jp/academy/,,,1.0,139.5254612,35.6551589,東京,西調布駅,469.0,西調布駅|飛田給駅|京王多摩川駅|矢野口駅|武蔵野台駅|調布駅|白糸台駅,0.0,調布市,調布,調布,area:調布,0,,0
ピラティス&キッズダンス studio p-body,〒178-0061 東京都練馬区大泉学園町５丁目６-２４ ＭＫビル B1,,http://studiopbody.com/,03-5905-0063,"オーナーが女性と確認されたビジネス2024-02-29 木曜日 10時00分～21時00分
2024-03-01 金曜日 定休日
2024-03-02 土曜日 10時00分～20時00分
2024-03-03 日曜日 13時00分～17時00分
2024-03-04 月曜日 16時00分～21時00分
2024-03-05 火曜日 13時00分～21時00分
2024-03-06 水曜日 11時00分～21時00分
",1.0,139.587341,35.7660343,東京,大泉学園駅,1835.0,大泉学園駅,0.0,練馬区,練馬,練馬,area:練馬|feature:24h|feature:midnight,0,,0
ピラティス＆ヨガスタジオOlulu -オルル- 練馬スタジオ,〒176-0001 東京都練馬区練馬１丁目２０-３ ４F シャム ロック,,https://olulu-yoga.jp/,03-5946-6533,"オーナーが女性と確認されたビジネス2024-02-29 木曜日 9時30分～21時30分
2024-03-01 金曜日 9時30分～21時30分
2024-03-02 土曜日 8時30分～19時30分
2024-03-03 日曜日 8時30分～17時00分
2024-03-04 月曜日 10時00分～21時30分
2024-03-05 火曜日 10時00分～21時30分
2024-03-06 水曜日 9時30分～21時30分
",1.0,139.6556079,35.7385463,東京,練馬駅,174.0,練馬駅|桜台駅|豊島園駅|新桜台駅|新江古田駅|氷川台駅|江古田駅|中村橋駅,0.0,練馬区,練馬,練馬,area:練馬|feature:24h|feature:midnight,0,,0
ピラティスK 銀座店,〒104-0061 東京都中央区銀座１丁目６-１０ 銀座上一ビルディング 7F,,https://pilates-k.jp/studio/ginza?utm_source=Google_mybusiness&utm_medium=link&utm_campaign=ginza,0570-050-055,"オーナーが女性と確認されたビジネス2024-02-29 木曜日 10時00分～22時00分
2024-03-01 金曜日 10時00分～22時00分
2024-03-02 土曜日 10時00分～20時00分
2024-03-03 日曜日 10時00分～20時00分
2024-03-04 月曜日 定休日
2024-03-05 火曜日 10時00分～22時00分
2024-03-06 水曜日 10時00分～22時00分
",1.0,139.7673374,35.6742964,東京,有楽町駅,372.0,有楽町駅|東京駅|新橋駅,3.0,中央区,銀座,銀座|日本橋|八丁堀|月島,area:銀座|station:有楽町駅|station:東京駅|station:新橋駅|feature:24h|feature:midnight,0,,0
ファーストクラブ,〒187-0043 東京都小平市学園東町１丁目７-４１-４,,http://amusementbarmr1stx.wixsite.com/mr1stx,042-313-4155,"2024-02-29 木曜日 12時00分～0時00分
2024-03-01 金曜日 12時00分～0時00分
2024-03-02 土曜日 12時00分～0時00分
2024-03-03 日曜日 12時00分～0時00分
2024-03-04 月曜日 12時00分～0時00分
2024-03-05 火曜日 12時00分～0時00分
2024-03-06 水曜日 12時00分～0時00分
",1.0,139.4802593,35.723912,東京,一橋学園駅,242.0,一橋学園駅|青梅街道駅|新小平駅|小平駅|鷹の台駅|萩山駅,0.0,小平市,小平,小平,area:小平|feature:24h|feature:midnight,0,,0
ファイブスターズエンターテイメントチアリーディングスクール三鷹校,〒181-0013 東京都三鷹市下連雀３丁目２３-１２ アージェントビル3階 スリーホークス アージェントビル,,http://cheerschool.jp/,0120-025-749,,1.0,139.561589,35.700723,東京,三鷹駅,163.0,三鷹駅,1.0,三鷹市,三鷹,三鷹,area:三鷹|station:三鷹駅,0,,0
フィットネス カルチャー＆アート テラ Terra,〒182-0025 東京都調布市多摩川５丁目７-６ 第３コーポ渡辺 2階,,https://www.terra-chofu.com/,070-1405-2200,"2024-02-29 木曜日 8時00分～20時00分
2024-03-01 金曜日 8時00分～20時00分
2024-03-02 土曜日 8時00分～20時00分
2024-03-03 日曜日 8時00分～20時00分
2024-03-04 月曜日 8時00分～20時00分
2024-03-05 火曜日 8時00分～20時00分
2024-03-06 水曜日 8時00分～20時00分
",1.0,139.5374049,35.6441815,東京,調布駅,1045.0,調布駅,1.0,調布市,調布,調布,area:調布|station:調布駅|feature:24h|feature:midnight,0,,0
ブイラボミュージカル,〒105-0003 東京都港区西新橋３丁目２４,,http://vlab-musical.net/,090-6480-0091,"2024-02-29 木曜日 10時00分～17時00分
2024-03-01 金曜日 10時00分～22時00分
2024-03-02 土曜日 13時00分～22時00分
2024-03-03 日曜日 定休日
2024-03-04 月曜日 10時00分～22時00分
2024-03-05 火曜日 10時00分～22時00分
2024-03-06 水曜日 10時00分～22時00分
",1.0,139.7509933,35.6614246,東京,浜松町駅,827.0,浜松町駅|新橋駅,2.0,港区,六本木,六本木|赤坂|麻布|新橋,area:六本木|station:浜松町駅|station:新橋駅|feature:24h|feature:midnight,0,,0
フラダンス教室 Hula Halau LIKO,〒190-0001 東京都立川市若葉町２丁目４６-１２,,https://tachikawa.mypl.net/shop/00000341923,070-6554-7563,"オーナーが女性と確認されたビジネス2024-02-29 木曜日 定休日
2024-03-01 金曜日 10時30分～12時00分
2024-03-02 土曜日 定休日
2024-03-03 日曜日 定休日
2024-03-04 月曜日 13時30分～15時00分
2024-03-05 火曜日 19時00分～20時30分
2024-03-06 水曜日 17時15分～18時45分
",1.0,139.4445121,35.7153098,東京,鷹の台駅,1741.0,鷹の台駅|国立駅|恋ヶ窪駅,0.0,立川市,立川,立川,area:立川|feature:24h|feature:midnight,0,,0
フラダンス教室 ハーラウ･オ･リーリーレフア,〒151-0064 東京都渋谷区上原１丁目１７-１４ 上原ハウス B1 フラダンススタジオ,,http://www.lililehua.com/,090-3435-7675,"2024-02-29 木曜日 10時00分～22時00分
2024-03-01 金曜日 10時00分～22時00分
2024-03-02 土曜日 10時00分～22時00分
2024-03-03 日曜日 10時00分～22時00分
2024-03-04 月曜日 定休日
2024-03-05 火曜日 10時00分～22時00分
2024-03-06 水曜日 10時00分～22時00分
",1.0,139.6826627,35.6691881,東京,代々木上原駅,265.0,代々木上原駅|代々木八幡駅|代々木公園駅|東北沢駅|幡ヶ谷駅|駒場東大前駅|池ノ上駅|初台駅|参宮橋駅|笹塚駅,0.0,渋谷区,渋谷,渋谷|恵比寿|代官山|原宿,area:渋谷|feature:24h|feature:midnight,0,,0
MDL Studio (防音スタジオ),〒182-0021 東京都調布市調布ケ丘３丁目６９-２,,https://maisondulapintokyo.wixsite.com/maison-du-lapin/studio,,"2024-02-29 木曜日 10時00分～21時00分
2024-03-01 金曜日 10時00分～21時00分
2024-03-02 土曜日 10時00分～21時00分
2024-03-03 日曜日 定休日
2024-03-04 月曜日 定休日
2024-03-05 火曜日 10時00分～21時00分
2024-03-06 水曜日 10時00分～21時00分
",1.0,139.5478498,35.6614963,東京,調布駅,1165.0,調布駅,1.0,調布市,調布,調布,area:調布|station:調布駅|feature:24h|feature:soundproof|feature:midnight,0,,0
フラメンコスタジオアスール,〒141-0022 東京都品川区東五反田１丁目１８-４ B1 ＧＴＤイーストビル,,http://www.aikoaoki.com/,03-3473-3435,"2024-02-29 木曜日 11時00分～20時30分
2024-03-01 金曜日 19時30分～22時00分
2024-03-02 土曜日 12時00分～17時00分
2024-03-03 日曜日 12時00分～16時30分
2024-03-04 月曜日 定休日
2024-03-05 火曜日 19時30分～22時00分
2024-03-06 水曜日 16時00分～22時00分
",1.0,139.7265049,35.6266153,東京,五反田駅,277.0,五反田駅|大崎駅|品川駅,3.0,品川区,品川,品川|五反田|大井町|目黒,area:品川|station:五反田駅|station:大崎駅|station:品川駅|feature:24h|feature:midnight,0,,0
IK noelle Ballet Contemporary,〒156-0057 東京都世田谷区上北沢３丁目３３-５,,https://www.iknoelleballetcontemporary.com/,,,1.0,139.6234115,35.6680197,東京,上北沢駅,94.0,上北沢駅|八幡山駅|桜上水駅|芦花公園駅|浜田山駅|西永福駅|下高井戸駅|高井戸駅|松原駅|永福町駅,0.0,世田谷区,下北沢,下北沢|三軒茶屋|二子玉川|自由が丘,area:下北沢,0,,0
フラメンコスタジオマリ池袋,〒170-0013 東京都豊島区東池袋１丁目４７-５ B1,,https://flamenco-mari.com/,090-9207-4070,,1.0,139.7156056,35.7334483,東京,池袋駅,689.0,池袋駅,1.0,豊島区,池袋,池袋|目白|大塚|巣鴨,area:池袋|station:池袋駅,0,,0
プリンセスユーダンスセンター 武蔵小山ダンススクール,〒142-0062 東京都品川区小山４丁目３-１２ ＴＫ武蔵小山ビル 3F,,http://princess-yu.com/,090-2422-7563,"2024-02-29 木曜日 24 時間営業
2024-03-01 金曜日 24 時間営業
2024-03-02 土曜日 24 時間営業
2024-03-03 日曜日 24 時間営業
2024-03-04 月曜日 24 時間営業
2024-03-05 火曜日 24 時間営業
2024-03-06 水曜日 24 時間営業
",1.0,139.7028445,35.6191651,東京,武蔵小山駅,206.0,武蔵小山駅|西小山駅|戸越銀座駅|不動前駅|洗足駅|荏原中延駅|戸越駅|旗の台駅|北千束駅|中延駅,0.0,品川区,品川,品川|五反田|大井町|目黒,area:品川|feature:24h|feature:midnight,0,,0
ブルースペース上野御徒町,〒110-0005 東京都台東区上野３丁目１３-１０ トミヤマビル B1F,,http://bit.ly/2MTtC4u,070-8440-8407,"2024-02-29 木曜日 24 時間営業
2024-03-01 金曜日 24 時間営業
2024-03-02 土曜日 24 時間営業
2024-03-03 日曜日 24 時間営業
2024-03-04 月曜日 24 時間営業
2024-03-05 火曜日 24 時間営業
2024-03-06 水曜日 24 時間営業
",1.0,139.7732052,35.7051487,東京,秋葉原駅,725.0,秋葉原駅|上野駅,2.0,台東区,上野,上野|浅草|御徒町|蔵前,area:上野|station:秋葉原駅|station:上野駅|feature:24h|feature:midnight,0,,0
ブレイクダンスタジオ パワームーブ大阪,〒542-0062 大阪府大阪市中央区上本町西４丁目１?番9号 ヴィレッジヒル上町台 1F,,https://www.powermove.jp/,06-4392-7550,"2024-02-29 木曜日 17時00分～21時00分
2024-03-01 金曜日 17時00分～21時00分
2024-03-02 土曜日 定休日
2024-03-03 日曜日 定休日
2024-03-04 月曜日 17時00分～21時00分
2024-03-05 火曜日 17時00分～21時00分
2024-03-06 水曜日 17時00分～21時00分
",1.0,135.5199486,34.6708131,東京,大阪上本町駅,589.0,大阪上本町駅|谷町九丁目駅|谷町六丁目駅|松屋町駅|鶴橋駅|玉造駅|谷町四丁目駅|長堀橋駅|日本橋駅|近鉄日本橋駅,0.0,中央区,銀座,銀座|日本橋|八丁堀|月島,area:銀座|feature:24h|feature:midnight,0,,0
プレジャーガレージ,〒150-0031 東京都渋谷区桜丘町２４-３,,http://www.pg-g.com/,03-3770-7651,,1.0,139.7007677,35.6567112,東京,渋谷駅,167.0,渋谷駅,1.0,渋谷区,渋谷,渋谷|恵比寿|代官山|原宿,area:渋谷|station:渋谷駅,0,,0
フレックススタイル 船堀校,〒134-0091 東京都江戸川区船堀２丁目２３-２４,,http://www.flexstyleweb.com/funabori/,03-3680-5330,"2024-02-29 木曜日 11時00分～19時00分
2024-03-01 金曜日 11時00分～19時00分
2024-03-02 土曜日 10時00分～18時00分
2024-03-03 日曜日 10時00分～18時00分
2024-03-04 月曜日 11時00分～19時00分
2024-03-05 火曜日 11時00分～19時00分
2024-03-06 水曜日 11時00分～19時00分
",1.0,139.8621,35.683356,東京,船堀駅,192.0,船堀駅|東大島駅|一之江駅,0.0,江戸川区,西葛西,西葛西,area:西葛西|feature:24h|feature:midnight,0,,0
ブロックオン,〒180-0002 東京都武蔵野市吉祥寺東町１丁目２-２ オリエントプラザ丹野,,,0422-21-8223,,1.0,139.5801999,35.7086558,東京,吉祥寺駅,613.0,吉祥寺駅,1.0,武蔵野市,吉祥寺,吉祥寺,area:吉祥寺|station:吉祥寺駅,0,,0
ベストスタジオ立川,〒190-0022 東京都立川市錦町２丁目１-１０ エリア立川 302号室,,https://beststudio.jp/,090-8558-0582,"2024-02-29 木曜日 7時00分～22時00分
2024-03-01 金曜日 7時00分～22時00分
2024-03-02 土曜日 7時00分～22時00分
2024-03-03 日曜日 7時00分～22時00分
2024-03-04 月曜日 7時00分～22時00分
2024-03-05 火曜日 7時00分～22時00分
2024-03-06 水曜日 7時00分～22時00分
",1.0,139.4154897,35.695573,東京,立川駅,348.0,立川駅,1.0,立川市,立川,立川,area:立川|station:立川駅|feature:24h|feature:midnight,0,,0
ヘルシースタジオ,〒493-0001 愛知県一宮市木曽川町黒田東町北３０,,https://healthy-studio.com/,080-4661-1512,,1.0,136.7845452,35.3447749,東京,新木曽川駅,518.0,新木曽川駅|木曽川駅|黒田駅,0.0,その他,その他,その他,,0,,0
ペンテフラットスタジオ,〒279-0002 千葉県浦安市北栄１丁目１１-４０ １F ビル,,http://penteflat.com/,047-350-8338,"2024-02-29 木曜日 9時00分～22時00分
2024-03-01 金曜日 9時00分～22時00分
2024-03-02 土曜日 9時00分～22時00分
2024-03-03 日曜日 9時00分～22時00分
2024-03-04 月曜日 9時00分～22時00分
2024-03-05 火曜日 9時00分～22時00分
2024-03-06 水曜日 9時00分～22時00分
",1.0,139.8948538,35.6668792,東京,浦安駅,182.0,浦安駅|南行徳駅,0.0,その他,その他,その他,feature:24h|feature:midnight,0,,0
ボイトレ＆ダンスの NAYUTAS（ナユタス）町田校,〒194-0022 東京都町田市森野１丁目１４-９ ＭＫビル 森野2F,,https://nayutas.net/school/machida/,03-5302-5500,"オーナーが女性と確認されたビジネス2024-02-29 木曜日 10時00分～22時00分
2024-03-01 金曜日 10時00分～22時00分
2024-03-02 土曜日 10時00分～22時00分
2024-03-03 日曜日 10時00分～22時00分
2024-03-04 月曜日 10時00分～22時00分
2024-03-05 火曜日 10時00分～22時00分
2024-03-06 水曜日 10時00分～22時00分
",1.0,139.4429994,35.5436667,東京,町田駅,352.0,町田駅,1.0,町田市,町田,町田,area:町田|station:町田駅|feature:24h|feature:midnight,0,,0
ポールダンススタジオ Grace A,〒154-0024 東京都世田谷区三軒茶屋２丁目１４-１２ 三元ビル 403,,http://www.poledance.jp/,03-3421-2836,"オーナーが女性と確認されたビジネス2024-02-29 木曜日 24 時間営業
2024-03-01 金曜日 24 時間営業
2024-03-02 土曜日 24 時間営業
2024-03-03 日曜日 24 時間営業
2024-03-04 月曜日 24 時間営業
2024-03-05 火曜日 24 時間営業
2024-03-06 水曜日 24 時間営業
",1.0,139.6697337,35.643242,東京,三軒茶屋駅,63.0,三軒茶屋駅,1.0,世田谷区,下北沢,下北沢|三軒茶屋|二子玉川|自由が丘,area:下北沢|station:三軒茶屋駅|feature:24h|feature:midnight,0,,0
ポールダンススタジオBird of Paradise,〒283-0801 千葉県東金市八坂台４丁目12-２４,,https://sakurakoggr.wixsite.com/birdofparadise,090-7816-4006,"LGBTQ フレンドリー2024-02-29 木曜日 24 時間営業
2024-03-01 金曜日 24 時間営業
2024-03-02 土曜日 24 時間営業
2024-03-03 日曜日 24 時間営業
2024-03-04 月曜日 24 時間営業
2024-03-05 火曜日 24 時間営業
2024-03-06 水曜日 24 時間営業
",1.0,140.3583616,35.5768204,東京,東金駅,1903.0,東金駅,0.0,その他,その他,その他,feature:24h|feature:midnight,0,,0
ポールダンス教室 UMBER大井町スタジオ,〒140-0014 東京都品川区大井１丁目５２-６ コスモ大井町 102,,https://www.ruby-pole.com/,03-6303-7250,オーナーが女性と確認されたビジネス,1.0,139.734008,35.6049355,東京,大井町駅,183.0,大井町駅,1.0,品川区,品川,品川|五反田|大井町|目黒,area:品川|station:大井町駅,0,,0
スイープスタジオ,〒173-0004 東京都板橋区板橋２丁目６１-４ 板橋マリオン B1,,https://www.on-stage.shop/,,,1.0,139.7103446,35.7504449,東京,板橋区役所前駅,139.0,板橋区役所前駅|下板橋駅|大山駅|新板橋駅|板橋駅|北池袋駅|板橋本町駅|中板橋駅|十条駅|西巣鴨駅,0.0,板橋区,成増,成増,area:成増,0,,0
studioハレマニ,〒114-0023 東京都北区滝野川６丁目１１-９,,https://www.studio-haremani.com/,,,1.0,139.7244382,35.7430002,東京,西巣鴨駅,380.0,西巣鴨駅|板橋駅|新庚申塚駅|庚申塚駅|北池袋駅|新板橋駅|西ヶ原四丁目駅|下板橋駅|大塚駅|向原駅,0.0,北区,赤羽,赤羽,area:赤羽,0,,0
スタジオチアベル studioCheerBell （チアダンス教室）,〒175-0082 東京都板橋区高島平８丁目１３-６ こがねビル 2階,,,,,1.0,139.6620693,35.7894733,東京,高島平駅,95.0,高島平駅|新高島平駅|西台駅|西高島平駅|蓮根駅,0.0,板橋区,成増,成増,area:成増,0,,0
ホットヨガスタジオLAVA 中野坂上店,〒164-0012 東京都中野区本町２丁目２８-１１ 不二ハイツ 2F,,https://yoga-lava.com/lp/cp/virabhadra/?code=153&name=nakonosakaue&utm_source=google&utm_medium=maps_campaign=nakonosakaue&argument=zxgEiAwg&dmai=a6360df736d8bd,03-6387-3577,"2024-02-29 木曜日 8時30分～22時30分
2024-03-01 金曜日 定休日
2024-03-02 土曜日 7時30分～20時00分
2024-03-03 日曜日 7時30分～20時00分
2024-03-04 月曜日 8時30分～22時30分
2024-03-05 火曜日 8時30分～22時30分
2024-03-06 水曜日 8時30分～22時30分
",1.0,139.6819883,35.6947884,東京,中野坂上駅,254.0,中野坂上駅|西新宿五丁目駅（清水橋）|中野新橋駅|西新宿駅|都庁前駅|新中野駅|東中野駅|中野富士見町駅|大久保駅|新宿西口駅,0.0,中野区,中野,中野,area:中野|feature:24h|feature:midnight,0,,0
ボンジュBallerina 紀尾井町店,〒102-0094 東京都千代田区紀尾井町１-３ 東京ガーデンテラス 1F,,https://www.tgt-kioicho.jp/shop/list/f103.html,03-6257-1797,"2024-02-29 木曜日 10時00分～22時00分
2024-03-01 金曜日 10時00分～22時00分
2024-03-02 土曜日 10時00分～22時00分
2024-03-03 日曜日 10時00分～22時00分
2024-03-04 月曜日 10時00分～22時00分
2024-03-05 火曜日 10時00分～20時00分
2024-03-06 水曜日 10時00分～22時00分
",1.0,139.7372616,35.6792392,東京,赤坂駅,635.0,赤坂駅,1.0,千代田区,秋葉原,秋葉原,area:秋葉原|station:赤坂駅|feature:24h|feature:midnight,0,,0
Gerbera Ballet ＊ バレエ教室,〒174-0076 東京都板橋区上板橋２丁目８-２ K-dance style 内,,https://gerbera-ballet.com/,,,1.0,139.6736311,35.7624119,東京,上板橋駅,281.0,上板橋駅|東武練馬駅|ときわ台駅|氷川台駅|平和台駅,0.0,板橋区,成増,成増,area:成増,0,,0
スタジオルミエル,〒114-0023 東京都北区滝野川５丁目４１-４ 明成ビル B１F,,http://lumiere.littlestar.jp/studio/,,"2024-02-29 木曜日 24 時間営業
2024-03-01 金曜日 24 時間営業
2024-03-02 土曜日 24 時間営業
2024-03-03 日曜日 24 時間営業
2024-03-04 月曜日 24 時間営業
2024-03-05 火曜日 24 時間営業
2024-03-06 水曜日 24 時間営業
",1.0,139.7230493,35.7480867,東京,新板橋駅,272.0,新板橋駅|板橋駅|西巣鴨駅|下板橋駅|西ヶ原四丁目駅|新庚申塚駅|北池袋駅|滝野川一丁目駅|庚申塚駅|板橋区役所前駅,0.0,北区,赤羽,赤羽,area:赤羽|feature:24h|feature:midnight,0,,0
Legato HALL,〒175-0082 東京都板橋区高島平８丁目６-６ ２階,,https://www.smartkaigisitsu.net/properties/view/511,,"2024-02-29 木曜日 10時00分～20時30分
2024-03-01 金曜日 10時00分～20時30分
2024-03-02 土曜日 10時00分～20時30分
2024-03-03 日曜日 定休日
2024-03-04 月曜日 10時00分～20時30分
2024-03-05 火曜日 10時00分～20時30分
2024-03-06 水曜日 10時00分～20時30分
",1.0,139.6629983,35.7892231,東京,高島平駅,159.0,高島平駅|新高島平駅|西台駅|蓮根駅|西高島平駅,0.0,板橋区,成増,成増,area:成増|feature:24h|feature:midnight,0,,0
マーティ株式会社,〒108-0073 東京都港区三田２丁目１４-４ 三田慶応ビジデンス１F,,https://www.marty.co.jp/,03-6417-4422,"2024-02-29 木曜日 9時00分～18時00分
2024-03-01 金曜日 9時00分～18時00分
2024-03-02 土曜日 定休日
2024-03-03 日曜日 定休日
2024-03-04 月曜日 9時00分～18時00分
2024-03-05 火曜日 9時00分～18時00分
2024-03-06 水曜日 9時00分～18時00分
",1.0,139.7444652,35.6491462,東京,田町駅,472.0,田町駅|麻布十番駅,2.0,港区,六本木,六本木|赤坂|麻布|新橋,area:六本木|station:田町駅|station:麻布十番駅|feature:24h|feature:midnight,0,,0
マイダンススクール,〒206-0011 東京都多摩市関戸２丁目４０-２３ SIビル ７F,,http://mydance.co.jp/,042-375-2020,"2024-02-29 木曜日 12時00分～21時00分
2024-03-01 金曜日 12時00分～21時00分
2024-03-02 土曜日 12時00分～19時00分
2024-03-03 日曜日 定休日
2024-03-04 月曜日 12時00分～21時00分
2024-03-05 火曜日 12時00分～21時00分
2024-03-06 水曜日 12時00分～21時00分
",1.0,139.4483183,35.6505195,東京,聖蹟桜ヶ丘駅,105.0,聖蹟桜ヶ丘駅|中河原駅|百草園駅,0.0,多摩市,多摩センター,多摩センター,area:多摩センター|feature:24h|feature:midnight,0,,0
マイムダンススクール,〒473-0914 愛知県豊田市若林東町上外根４８-１,,https://dance-maimu.oops.jp/,0565-54-4255,"2024-02-29 木曜日 12時00分～21時00分
2024-03-01 金曜日 12時00分～21時00分
2024-03-02 土曜日 12時00分～20時00分
2024-03-03 日曜日 定休日
2024-03-04 月曜日 12時00分～21時00分
2024-03-05 火曜日 12時00分～21時00分
2024-03-06 水曜日 12時00分～17時00分
",1.0,137.1011156,35.0239819,東京,若林駅,485.0,若林駅,0.0,その他,その他,その他,feature:24h|feature:midnight,0,,0
マインクラブダンススタジオ,〒153-0052 東京都目黒区祐天寺１丁目２２-５,,http://mineclubyutenji.com/,03-3713-1619,"2024-02-29 木曜日 9時00分～22時00分
2024-03-01 金曜日 9時00分～22時00分
2024-03-02 土曜日 9時00分～22時00分
2024-03-03 日曜日 9時00分～22時00分
2024-03-04 月曜日 9時00分～22時00分
2024-03-05 火曜日 9時00分～22時00分
2024-03-06 水曜日 9時00分～22時00分
",1.0,139.691944,35.638469,東京,祐天寺駅,145.0,祐天寺駅|中目黒駅|学芸大学駅|代官山駅|池尻大橋駅|恵比寿駅|三軒茶屋駅,0.0,目黒区,中目黒,中目黒,area:中目黒|feature:24h|feature:midnight,0,,0
マウリ・ナニスタジオ,〒194-0004 東京都町田市鶴間１丁目１８-１ ドルフ南町田101,,http://maulinani.com/,090-4968-9496,"2024-02-29 木曜日 10時00分～19時00分
2024-03-01 金曜日 10時00分～19時00分
2024-03-02 土曜日 10時00分～18時00分
2024-03-03 日曜日 10時00分～18時00分
2024-03-04 月曜日 10時00分～19時00分
2024-03-05 火曜日 10時00分～19時00分
2024-03-06 水曜日 10時00分～19時00分
",1.0,139.4676471,35.5131849,東京,南町田グランベリーパーク駅,347.0,南町田グランベリーパーク駅|つきみ野駅|すずかけ台駅,0.0,町田市,町田,町田,area:町田|feature:24h|feature:midnight,0,,0
マツイダンスアカデミー,〒441-8051 愛知県豊橋市柱四番町７７-１,,http://www.matsuidance.com/,0532-47-6899,,1.0,137.3743477,34.7499158,東京,小池駅,1253.0,小池駅|愛知大学前駅|柳生橋駅|新豊橋駅|豊橋駅|南栄駅,0.0,その他,その他,その他,,0,,0
BUZZ レンタルスタジオ 大阪京橋店,〒534-0024 大阪府大阪市都島区東野田町２丁目９-２３ 晃進ビル B2F,,,,"2024-02-29 木曜日 24 時間営業
2024-03-01 金曜日 24 時間営業
2024-03-02 土曜日 24 時間営業
2024-03-03 日曜日 24 時間営業
2024-03-04 月曜日 24 時間営業
2024-03-05 火曜日 24 時間営業
2024-03-06 水曜日 24 時間営業
",1.0,135.5326494,34.6982395,東京,京橋駅,280.0,京橋駅|大阪城北詰駅|大阪ビジネスパーク駅|大阪城公園駅|ＪＲ野江駅|蒲生四丁目駅|鴫野駅|桜ノ宮駅|都島駅|野江内代駅,0.0,その他,その他,その他,feature:24h|feature:midnight,0,,0
マヅカダンスカンパニー,〒168-0065 東京都杉並区浜田山２丁目２２-１ ゴディメント浜田山1F 南 浜田山ゴディメント,,https://mazuka-studio.com/,03-3302-7186,"2024-02-29 木曜日 9時00分～22時00分
2024-03-01 金曜日 9時00分～22時00分
2024-03-02 土曜日 9時00分～22時00分
2024-03-03 日曜日 9時00分～22時00分
2024-03-04 月曜日 9時00分～22時00分
2024-03-05 火曜日 9時00分～22時00分
2024-03-06 水曜日 9時00分～22時00分
",1.0,139.6289645,35.6801567,東京,浜田山駅,211.0,浜田山駅|西永福駅|高井戸駅|永福町駅|上北沢駅|桜上水駅|八幡山駅|下高井戸駅,0.0,杉並区,高円寺,高円寺,area:高円寺|feature:24h|feature:midnight,0,,0
マリーコンツェルト,〒173-0016 東京都板橋区中板橋１８-１１,,https://malykoncert.com/,03-5944-2436,,1.0,139.6968706,35.7567648,東京,中板橋駅,184.0,中板橋駅|ときわ台駅|板橋本町駅|大山駅|板橋区役所前駅|本蓮沼駅|上板橋駅,0.0,板橋区,成増,成増,area:成増,0,,0
ミタニダンススタジオ,〒522-0201 滋賀県彦根市高宮町１５５５-１,,http://www.mitani-dance.com/,0749-26-0762,,1.0,136.2582909,35.2399584,東京,高宮駅,463.0,高宮駅|南彦根駅|スクリーン駅|彦根口駅,0.0,その他,その他,その他,,0,,0
ミハタホール,〒168-0074 東京都杉並区上高井戸１丁目２-１ 第１八幡山マンション地下１階,,,03-3302-2632,,1.0,139.6150683,35.6695772,東京,八幡山駅,100.0,八幡山駅|芦花公園駅|上北沢駅|千歳烏山駅|高井戸駅|桜上水駅|浜田山駅|富士見ヶ丘駅,0.0,杉並区,高円寺,高円寺,area:高円寺,0,,0
ミュージックサロン アマーブルNUTSスタジオ駒込店,〒114-0014 東京都北区田端４丁目１-１１ クレールビル 1F,,https://www.music-salon-amable.com/,050-3708-5930,"2024-02-29 木曜日 10時00分～22時00分
2024-03-01 金曜日 10時00分～22時00分
2024-03-02 土曜日 10時00分～22時00分
2024-03-03 日曜日 10時00分～22時00分
2024-03-04 月曜日 10時00分～22時00分
2024-03-05 火曜日 10時00分～22時00分
2024-03-06 水曜日 10時00分～22時00分
",1.0,139.7521679,35.735873,東京,駒込駅,472.0,駒込駅|田端駅|千石駅|巣鴨駅|尾久駅|本駒込駅|上中里駅|西日暮里駅|西ケ原駅|千駄木駅,0.0,北区,赤羽,赤羽,area:赤羽|feature:24h|feature:midnight,0,,0
ミュージックサロン アマーブル十条店,〒114-0031 東京都北区十条仲原１丁目８-２６ 清水ビル,,https://www.music-salon-amable.com/,050-3708-5930,"2024-02-29 木曜日 10時00分～22時00分
2024-03-01 金曜日 10時00分～22時00分
2024-03-02 土曜日 10時00分～22時00分
2024-03-03 日曜日 10時00分～22時00分
2024-03-04 月曜日 10時00分～22時00分
2024-03-05 火曜日 10時00分～22時00分
2024-03-06 水曜日 10時00分～22時00分
",1.0,139.721162,35.762277,東京,十条駅,245.0,十条駅|東十条駅|王子神谷駅|板橋本町駅|新板橋駅|板橋区役所前駅|赤羽駅|本蓮沼駅|王子駅前駅|板橋駅,0.0,北区,赤羽,赤羽,area:赤羽|feature:24h|feature:midnight,0,,0
SOLARI Rental Studio 日本橋 - 日本橋人形町・馬喰町エリアのレンタルスタジオ,〒103-0004 東京都中央区東日本橋１丁目４-２ 徳輝ビル 2階,,https://solari-rentalstudio.com/,,"LGBTQ フレンドリー2024-02-29 木曜日 6時00分～23時30分
2024-03-01 金曜日 6時00分～23時30分
2024-03-02 土曜日 6時00分～23時30分
2024-03-03 日曜日 6時00分～23時30分
2024-03-04 月曜日 6時00分～23時30分
2024-03-05 火曜日 6時00分～23時30分
2024-03-06 水曜日 6時00分～23時30分
",1.0,139.7861361,35.6907113,東京,馬喰横山駅,302.0,馬喰横山駅|馬喰町駅|人形町駅|小伝馬町駅|浅草橋駅|両国駅|水天宮前駅|新日本橋駅|岩本町駅|森下駅,0.0,中央区,銀座,銀座|日本橋|八丁堀|月島,area:銀座|feature:24h|feature:midnight,0,,0
ミューズエンタープライズ（プロダクション、スクール＆レンタル）,〒151-0053 東京都渋谷区代々木１丁目３１-２ ミューズ 本館,,http://www.muse-enterprise.com/,03-5371-8980,"2024-02-29 木曜日 10時00分～22時00分
2024-03-01 金曜日 10時00分～22時00分
2024-03-02 土曜日 10時00分～22時00分
2024-03-03 日曜日 10時00分～22時00分
2024-03-04 月曜日 10時00分～22時00分
2024-03-05 火曜日 10時00分～22時00分
2024-03-06 水曜日 10時00分～22時00分
",1.0,139.7025171,35.6819472,東京,代々木駅,131.0,代々木駅|新宿駅,2.0,渋谷区,渋谷,渋谷|恵比寿|代官山|原宿,area:渋谷|station:代々木駅|station:新宿駅|feature:24h|feature:midnight,0,,0
ミライスタジオ神田秋葉原,〒101-0031 東京都千代田区東神田１丁目１７-５,,https://studio-mirai55.com/,03-5829-8647,"LGBTQ フレンドリー2024-02-29 木曜日 6時00分～0時00分
2024-03-01 金曜日 6時00分～0時00分
2024-03-02 土曜日 6時00分～0時00分
2024-03-03 日曜日 6時00分～0時00分
2024-03-04 月曜日 6時00分～0時00分
2024-03-05 火曜日 6時00分～0時00分
2024-03-06 水曜日 6時00分～0時00分
",1.0,139.7814432,35.6950275,東京,秋葉原駅,769.0,秋葉原駅,1.0,千代田区,秋葉原,秋葉原,area:秋葉原|station:秋葉原駅|feature:24h|feature:midnight,0,,0
ミライスタジオ日本橋,〒103-0001 東京都中央区日本橋小伝馬町１４-５,,https://studio-mirai55.com/,,"2024-02-29 木曜日 6時00分～0時00分
2024-03-01 金曜日 6時00分～0時00分
2024-03-02 土曜日 6時00分～0時00分
2024-03-03 日曜日 6時00分～0時00分
2024-03-04 月曜日 6時00分～0時00分
2024-03-05 火曜日 6時00分～0時00分
2024-03-06 水曜日 6時00分～0時00分
",1.0,139.7800529,35.6915004,東京,秋葉原駅,957.0,秋葉原駅,1.0,中央区,銀座,銀座|日本橋|八丁堀|月島,area:銀座|station:秋葉原駅|feature:24h|feature:midnight,0,,0
ミルクスタジオ,〒101-0021 東京都千代田区外神田３丁目３-５ ヨシヰビル,,https://milk-studio.jp/,03-6886-4333,"2024-02-29 木曜日 24 時間営業
2024-03-01 金曜日 24 時間営業
2024-03-02 土曜日 24 時間営業
2024-03-03 日曜日 24 時間営業
2024-03-04 月曜日 24 時間営業
2024-03-05 火曜日 24 時間営業
2024-03-06 水曜日 24 時間営業
",1.0,139.7697207,35.7007483,東京,秋葉原駅,467.0,秋葉原駅,1.0,千代田区,秋葉原,秋葉原,area:秋葉原|station:秋葉原駅|feature:24h|feature:midnight,0,,0
メインスタジオStudio Style+,〒160-0023 東京都新宿区西新宿７丁目２２-３１,,https://studiostyle.jp/main-studio/,090-8306-7493,"2024-02-29 木曜日 24 時間営業
2024-03-01 金曜日 24 時間営業
2024-03-02 土曜日 24 時間営業
2024-03-03 日曜日 24 時間営業
2024-03-04 月曜日 24 時間営業
2024-03-05 火曜日 24 時間営業
2024-03-06 水曜日 24 時間営業
",1.0,139.6967796,35.6969223,東京,西武新宿駅,362.0,西武新宿駅|新大久保駅|新宿駅,3.0,新宿区,新宿,新宿|西新宿|高田馬場|新大久保,area:新宿|station:西武新宿駅|station:新大久保駅|station:新宿駅|feature:24h|feature:midnight,0,,0
メゾン・ドゥ・バレエ南青山（MAISON DE BALLET Minami-Aoyama）,〒107-0062 東京都港区南青山４丁目２５-１２,,http://mbma.jp/,03-6418-4437,"2024-02-29 木曜日 10時00分～22時00分
2024-03-01 金曜日 10時00分～22時00分
2024-03-02 土曜日 10時00分～22時00分
2024-03-03 日曜日 10時00分～18時00分
2024-03-04 月曜日 10時00分～22時00分
2024-03-05 火曜日 10時00分～22時00分
2024-03-06 水曜日 10時00分～22時00分
",1.0,139.7180027,35.6631759,東京,表参道駅,564.0,表参道駅|外苑前駅|青山一丁目駅,3.0,港区,六本木,六本木|赤坂|麻布|新橋,area:六本木|station:表参道駅|station:外苑前駅|station:青山一丁目駅|feature:24h|feature:midnight,0,,0
studio 空:k?,〒101-0044 東京都千代田区鍛冶町２丁目５-４ Crea神田ビル,,https://www.instabase.jp/space/5734550284?cat=salon,,"2024-02-29 木曜日 8時30分～21時30分
2024-03-01 金曜日 8時30分～21時30分
2024-03-02 土曜日 8時30分～21時30分
2024-03-03 日曜日 10時00分～18時00分
2024-03-04 月曜日 8時30分～21時30分
2024-03-05 火曜日 8時30分～21時30分
2024-03-06 水曜日 8時30分～21時30分
",1.0,139.7723066,35.692146,東京,秋葉原駅,747.0,秋葉原駅,1.0,千代田区,秋葉原,秋葉原,area:秋葉原|station:秋葉原駅|feature:24h|feature:midnight,0,,0
モダミカ アートプラザ,〒169-0075 東京都新宿区高田馬場１丁目３４-１２,,http://www.modamica.jp/,03-3200-8939,"2024-02-29 木曜日 10時00分～22時00分
2024-03-01 金曜日 10時00分～22時00分
2024-03-02 土曜日 10時00分～21時00分
2024-03-03 日曜日 10時00分～19時00分
2024-03-04 月曜日 16時00分～22時00分
2024-03-05 火曜日 10時00分～22時00分
2024-03-06 水曜日 10時00分～22時00分
",1.0,139.704182,35.711969,東京,高田馬場駅,50.0,高田馬場駅,1.0,新宿区,新宿,新宿|西新宿|高田馬場|新大久保,area:新宿|station:高田馬場駅|feature:24h|feature:midnight,0,,0
モダン出版株式会社,〒113-0034 東京都文京区湯島３丁目１２-１１,,https://www.danceview.co.jp/,03-5812-1055,"2024-02-29 木曜日 10時00分～18時00分
2024-03-01 金曜日 10時00分～18時00分
2024-03-02 土曜日 定休日
2024-03-03 日曜日 定休日
2024-03-04 月曜日 10時00分～18時00分
2024-03-05 火曜日 10時00分～18時00分
2024-03-06 水曜日 10時00分～18時00分
",1.0,139.7690018,35.7046201,東京,秋葉原駅,811.0,秋葉原駅,1.0,文京区,後楽園,後楽園,area:後楽園|station:秋葉原駅|feature:24h|feature:midnight,0,,0
モノダンススタジオ 八王子校,〒192-0911 東京都八王子市打越町３４４-５ クリヤマ北野ビル 3階,,https://www.monodance.com/,042-645-6561,"2024-02-29 木曜日 12時00分～21時00分
2024-03-01 金曜日 13時00分～21時00分
2024-03-02 土曜日 12時00分～21時00分
2024-03-03 日曜日 定休日
2024-03-04 月曜日 12時00分～21時00分
2024-03-05 火曜日 12時00分～21時00分
2024-03-06 水曜日 12時00分～21時00分
",1.0,139.3546518,35.6446733,東京,北野駅,34.0,北野駅|長沼駅|片倉駅|京王片倉駅|京王八王子駅|八王子駅,0.0,八王子市,八王子,八王子,area:八王子|feature:24h|feature:midnight,0,,0
ヤナガワダンススタジオ ボールルームダンス(社交ダンス)教室,〒141-0031 東京都品川区西五反田２丁目５-２ 五反田東幸ビル 8F,,https://www.yanagawadance.com/,03-6417-9858,"オーナーが女性と確認されたビジネス2024-02-29 木曜日 10時00分～21時00分
2024-03-01 金曜日 10時00分～21時00分
2024-03-02 土曜日 10時00分～21時00分
2024-03-03 日曜日 定休日
2024-03-04 月曜日 10時00分～21時00分
2024-03-05 火曜日 10時00分～21時00分
2024-03-06 水曜日 10時00分～21時00分
",1.0,139.7223502,35.6271263,東京,五反田駅,124.0,五反田駅|目黒駅|大崎駅,3.0,品川区,品川,品川|五反田|大井町|目黒,area:品川|station:五反田駅|station:目黒駅|station:大崎駅|feature:24h|feature:midnight,0,,0
ヨガ ピラティス NATURAglam 中目黒スタジオ,〒153-0051 東京都目黒区上目黒３丁目２-２ フジビル 3階,,http://www.naturaglam.com/nakameguro/,050-5307-3439,"2024-02-29 木曜日 8時30分～23時00分
2024-03-01 金曜日 8時30分～23時00分
2024-03-02 土曜日 8時30分～23時00分
2024-03-03 日曜日 8時30分～23時00分
2024-03-04 月曜日 8時30分～23時00分
2024-03-05 火曜日 8時30分～23時00分
2024-03-06 水曜日 8時30分～23時00分
",1.0,139.6980976,35.6448418,東京,恵比寿駅,1104.0,恵比寿駅,1.0,目黒区,中目黒,中目黒,area:中目黒|station:恵比寿駅|feature:24h|feature:midnight,0,,0
ヨガ ピラティス ベリーダンス NATURAglam 三軒茶屋スタジオ,〒154-0024 東京都世田谷区三軒茶屋１丁目３２-１２ 丸文ビル 3階,,http://www.naturaglam.com/sangenjaya/,050-5307-3439,"2024-02-29 木曜日 8時30分～23時00分
2024-03-01 金曜日 8時30分～23時00分
2024-03-02 土曜日 8時30分～23時00分
2024-03-03 日曜日 8時30分～23時00分
2024-03-04 月曜日 8時30分～23時00分
2024-03-05 火曜日 8時30分～23時00分
2024-03-06 水曜日 8時30分～23時00分
",1.0,139.6704613,35.6424141,東京,三軒茶屋駅,176.0,三軒茶屋駅,1.0,世田谷区,下北沢,下北沢|三軒茶屋|二子玉川|自由が丘,area:下北沢|station:三軒茶屋駅|feature:24h|feature:midnight,0,,0
ヨガ・ピラティススタジオSerenita西新井店,〒123-0842 東京都足立区栗原１丁目７-２０,,,050-3555-0206,"2024-02-29 木曜日 9時00分～21時00分
2024-03-01 金曜日 9時00分～21時00分
2024-03-02 土曜日 9時00分～21時00分
2024-03-03 日曜日 9時00分～21時00分
2024-03-04 月曜日 9時00分～21時00分
2024-03-05 火曜日 9時00分～21時00分
2024-03-06 水曜日 9時00分～21時00分
",1.0,139.7900392,35.7792075,東京,西新井駅,229.0,西新井駅|大師前駅|梅島駅|竹ノ塚駅|西新井大師西駅|江北駅,0.0,足立区,北千住,北千住,area:北千住|feature:24h|feature:midnight,0,,0
ヨガスタジオNOA 秋葉原校,〒101-0021 東京都千代田区外神田６丁目１４-８ 8F,,http://www.noa-yoga.com/,03-3834-5321,"2024-02-29 木曜日 9時00分～23時30分
2024-03-01 金曜日 9時00分～23時30分
2024-03-02 土曜日 11時00分～22時00分
2024-03-03 日曜日 11時00分～22時00分
2024-03-04 月曜日 9時00分～23時30分
2024-03-05 火曜日 9時00分～23時30分
2024-03-06 水曜日 9時00分～23時30分
",1.0,139.771522,35.7035015,東京,秋葉原駅,589.0,秋葉原駅,1.0,千代田区,秋葉原,秋葉原,area:秋葉原|station:秋葉原駅|feature:24h|feature:midnight,0,,0
ラ・ダンサフラメンコスタジオ,〒169-0075 東京都新宿区高田馬場４丁目８-２,,https://estudioladanza.net/,03-3360-6656,,1.0,139.7033198,35.7134254,東京,高田馬場駅,133.0,高田馬場駅,1.0,新宿区,新宿,新宿|西新宿|高田馬場|新大久保,area:新宿|station:高田馬場駅,0,,0
リアクション2MANA,〒113-0033 東京都文京区本郷２丁目３６-２ 地下1階,,https://www.reaction-no2mana.com/,080-7565-5575,"2024-02-29 木曜日 9時00分～22時00分
2024-03-01 金曜日 9時00分～22時00分
2024-03-02 土曜日 9時00分～22時00分
2024-03-03 日曜日 9時00分～22時00分
2024-03-04 月曜日 9時00分～22時00分
2024-03-05 火曜日 9時00分～22時00分
2024-03-06 水曜日 9時00分～22時00分
",1.0,139.7573615,35.7070344,東京,本郷三丁目駅,283.0,本郷三丁目駅|春日駅|後楽園駅|水道橋駅|御茶ノ水駅|湯島駅|東大前駅|神保町駅|飯田橋駅|新御茶ノ水駅,0.0,文京区,後楽園,後楽園,area:後楽園|feature:24h|feature:midnight,0,,0
リアクション2はなれ,〒179-0084 東京都練馬区氷川台３丁目２４-１５ 石野ＮＴビル 地下1F,,https://www.reaction-no2hanare.com/,080-7565-5575,"2024-02-29 木曜日 24 時間営業
2024-03-01 金曜日 24 時間営業
2024-03-02 土曜日 24 時間営業
2024-03-03 日曜日 24 時間営業
2024-03-04 月曜日 24 時間営業
2024-03-05 火曜日 24 時間営業
2024-03-06 水曜日 24 時間営業
",1.0,139.6673391,35.7524953,東京,氷川台駅,367.0,氷川台駅|新桜台駅|平和台駅|上板橋駅|小竹向原駅|桜台駅|江古田駅|東武練馬駅,0.0,練馬区,練馬,練馬,area:練馬|feature:24h|feature:midnight,0,,0
363_AmitySpace神田/日本橋,〒101-0037 東京都千代田区神田西福田町２-３,,https://www.instabase.jp/space/5468001035,,,1.0,139.7736787,35.6911553,東京,秋葉原駅,838.0,秋葉原駅,1.0,千代田区,秋葉原,秋葉原,area:秋葉原|station:秋葉原駅,0,,0
SPACE AVAILABLE 浅草橋,〒111-0053 東京都台東区浅草橋１丁目１２-３ KSビル B1F,,https://www.space-avail.com/,,,1.0,139.7836397,35.6973249,東京,秋葉原駅,864.0,秋葉原駅|蔵前駅,2.0,台東区,上野,上野|浅草|御徒町|蔵前,area:上野|station:秋葉原駅|station:蔵前駅,0,,0
リーホースタジオ,〒136-0075 東京都江東区新砂３丁目５-３３ ＤＰＬ南砂 ４階,,https://lee-hos-studio.com/,080-7832-9855,,1.0,139.8382157,35.6655285,東京,南砂町駅,756.0,南砂町駅|西葛西駅|東陽町駅,0.0,江東区,豊洲,豊洲,area:豊洲,0,,0
リズムアートダンススタジオ,〒108-0023 東京都港区芝浦４丁目９-１８ グランドパレス田町2F,,http://rhythm-art.jp/,03-6809-6610,"2024-02-29 木曜日 10時00分～22時00分
2024-03-01 金曜日 10時00分～22時00分
2024-03-02 土曜日 10時00分～22時00分
2024-03-03 日曜日 10時00分～22時00分
2024-03-04 月曜日 10時00分～22時00分
2024-03-05 火曜日 10時00分～22時00分
2024-03-06 水曜日 10時00分～22時00分
",1.0,139.7471557,35.6397924,東京,田町駅,662.0,田町駅,1.0,港区,六本木,六本木|赤坂|麻布|新橋,area:六本木|station:田町駅|feature:24h|feature:midnight,0,,0
リハーサルスタジオ,〒101-0048 東京都千代田区神田司町２丁目１３ 神田第四アメレックスビル B1,,https://studiobpm.jp/remote/,03-5244-5666,,1.0,139.7672646,35.6942226,東京,秋葉原駅,800.0,秋葉原駅,1.0,千代田区,秋葉原,秋葉原,area:秋葉原|station:秋葉原駅,0,,0
ルミエールバレエスタジオ,〒140-0014 東京都品川区大井１丁目３１-１,,https://oimachi-lbs.com/,080-5539-2735,,1.0,139.7308596,35.6051105,東京,大井町駅,399.0,大井町駅,1.0,品川区,品川,品川|五反田|大井町|目黒,area:品川|station:大井町駅,0,,0
レキップバレエスタジオ,〒178-0063 東京都練馬区東大泉１丁目３７-５,,https://kimkimr628.wixsite.com/balletlequipe,03-6768-7080,"2024-02-29 木曜日 9時00分～22時00分
2024-03-01 金曜日 9時00分～22時00分
2024-03-02 土曜日 9時00分～22時00分
2024-03-03 日曜日 9時00分～22時00分
2024-03-04 月曜日 9時00分～22時00分
2024-03-05 火曜日 9時00分～22時00分
2024-03-06 水曜日 9時00分～22時00分
",1.0,139.5859881,35.7503947,東京,大泉学園駅,107.0,大泉学園駅|保谷駅,0.0,練馬区,練馬,練馬,area:練馬|feature:24h|feature:midnight,0,,0
レンタルスタジオ,〒145-0064 東京都大田区上池台１丁目１６-７,,http://studioespec.jp/,080-5687-9683,,1.0,139.6969686,35.602107,東京,長原駅,91.0,長原駅|洗足池駅|北千束駅|旗の台駅|洗足駅|荏原町駅|大岡山駅|石川台駅|中延駅|馬込駅,0.0,大田区,蒲田,蒲田,area:蒲田,0,,0
レンタルスタジオ,〒150-0013 東京都渋谷区恵比寿３丁目９-１５ 4階,,http://hula-tahiti.com/rental-studio/,03-6277-1754,,1.0,139.7165649,35.6440311,東京,恵比寿駅,654.0,恵比寿駅|目黒駅,2.0,渋谷区,渋谷,渋谷|恵比寿|代官山|原宿,area:渋谷|station:恵比寿駅|station:目黒駅,0,,0
レンタルスタジオ 【MO-LE STUDIO】,〒166-0013 東京都杉並区堀ノ内２丁目４-２ MO-LE STUDIOビル,,http://www.mo-le.com/,03-3317-5546,"2024-02-29 木曜日 9時00分～22時00分
2024-03-01 金曜日 9時00分～22時00分
2024-03-02 土曜日 9時00分～22時00分
2024-03-03 日曜日 9時00分～22時00分
2024-03-04 月曜日 9時00分～22時00分
2024-03-05 火曜日 9時00分～22時00分
2024-03-06 水曜日 9時00分～22時00分
",1.0,139.6530415,35.6851938,東京,方南町駅,441.0,方南町駅|永福町駅|中野富士見町駅|新高円寺駅|東高円寺駅|代田橋駅|西永福駅|笹塚駅|明大前駅|新中野駅,0.0,杉並区,高円寺,高円寺,area:高円寺|feature:24h|feature:midnight,0,,0
レンタルスタジオ ATELIER K.K. ?アトリエKK?,〒153-0051 東京都目黒区上目黒１丁目５-１０ 中目黒マンションB1F?11号室,,,03-6906-6076,,1.0,139.700554,35.644646,東京,恵比寿駅,893.0,恵比寿駅,1.0,目黒区,中目黒,中目黒,area:中目黒|station:恵比寿駅,0,,0
レンタルスタジオ D-Base 高津店,〒213-0002 神奈川県川崎市二子４丁目８-２１ プリモクラッセ高津 B1階,,https://st-dbase.jp/,03-4446-5101,"2024-02-29 木曜日 6時00分～23時00分
2024-03-01 金曜日 6時00分～23時00分
2024-03-02 土曜日 6時00分～23時00分
2024-03-03 日曜日 6時00分～23時00分
2024-03-04 月曜日 6時00分～23時00分
2024-03-05 火曜日 6時00分～23時00分
2024-03-06 水曜日 6時00分～23時00分
",1.0,139.6192509,35.6028456,東京,高津駅,187.0,高津駅|二子新地駅|溝の口駅|武蔵溝ノ口駅|二子玉川駅|梶が谷駅|津田山駅|武蔵新城駅,0.0,その他,その他,その他,feature:24h|feature:midnight,0,,0
レンタルスタジオ D-Base 大岡山店,〒145-0063 東京都大田区南千束３丁目１-１５ プラシス大岡山 地下1階,,https://st-dbase.jp/,03-4446-5101,"2024-02-29 木曜日 6時00分～23時00分
2024-03-01 金曜日 6時00分～23時00分
2024-03-02 土曜日 6時00分～23時00分
2024-03-03 日曜日 6時00分～23時00分
2024-03-04 月曜日 6時00分～23時00分
2024-03-05 火曜日 6時00分～23時00分
2024-03-06 水曜日 6時00分～23時00分
",1.0,139.687157,35.6045408,東京,大岡山駅,355.0,大岡山駅|北千束駅|洗足池駅|緑が丘駅|石川台駅|洗足駅|長原駅|奥沢駅|旗の台駅|雪が谷大塚駅,0.0,大田区,蒲田,蒲田,area:蒲田|feature:24h|feature:midnight,0,,0
アテール明大前第２スタジオ（レンタルスタジオ）,〒156-0043 東京都世田谷区松原１丁目３８-１９ 東建ビル 1階,,https://a-terre.com/studio2/,,,1.0,139.6509682,35.6700959,東京,明大前駅,189.0,明大前駅|代田橋駅|東松原駅|下高井戸駅|永福町駅|新代田駅|松原駅|笹塚駅|梅ヶ丘駅|方南町駅,0.0,世田谷区,下北沢,下北沢|三軒茶屋|二子玉川|自由が丘,area:下北沢,0,,0
レンタルスタジオ D-Base 武蔵境店,〒180-0022 東京都武蔵野市境１丁目３-２ 平田ビル 3階,,https://st-dbase.jp/,03-4446-5101,"2024-02-29 木曜日 6時00分～23時00分
2024-03-01 金曜日 6時00分～23時00分
2024-03-02 土曜日 6時00分～23時00分
2024-03-03 日曜日 6時00分～23時00分
2024-03-04 月曜日 6時00分～23時00分
2024-03-05 火曜日 6時00分～23時00分
2024-03-06 水曜日 6時00分～23時00分
",1.0,139.5442492,35.7037305,東京,武蔵境駅,185.0,武蔵境駅|三鷹駅|新小金井駅|東小金井駅,0.0,武蔵野市,吉祥寺,吉祥寺,area:吉祥寺|feature:24h|feature:midnight,0,,0
レンタルスタジオ Grip 下高井戸,〒156-0044 東京都世田谷区赤堤５丁目２６-３ 地下１階,,https://studio-s77.com/,050-5465-7868,"LGBTQ フレンドリー2024-02-29 木曜日 6時00分～0時00分
2024-03-01 金曜日 6時00分～0時00分
2024-03-02 土曜日 6時00分～0時00分
2024-03-03 日曜日 6時00分～0時00分
2024-03-04 月曜日 6時00分～0時00分
2024-03-05 火曜日 6時00分～0時00分
2024-03-06 水曜日 6時00分～0時00分
",1.0,139.6370532,35.6648498,東京,下高井戸駅,419.0,下高井戸駅|桜上水駅|松原駅|明大前駅|上北沢駅|永福町駅|山下駅|経堂駅|豪徳寺駅|西永福駅,0.0,世田谷区,下北沢,下北沢|三軒茶屋|二子玉川|自由が丘,area:下北沢|feature:24h|feature:midnight,0,,0
レンタルスタジオ Gスクエア,〒120-0036 東京都足立区千住仲町１-２,,https://g-square-kitasenju.jimdofree.com/,03-3870-7566,"2024-02-29 木曜日 11時00分～18時00分
2024-03-01 金曜日 11時00分～18時00分
2024-03-02 土曜日 11時00分～18時00分
2024-03-03 日曜日 11時00分～18時00分
2024-03-04 月曜日 定休日
2024-03-05 火曜日 11時00分～18時00分
2024-03-06 水曜日 11時00分～18時00分
",1.0,139.7981313,35.7447045,東京,北千住駅,855.0,北千住駅,1.0,足立区,北千住,北千住,area:北千住|station:北千住駅|feature:24h|feature:midnight,0,,0
レンタルスタジオ HIKARI 高田馬場,〒169-0075 東京都新宿区高田馬場４丁目４-１ M-haus B.L.D 3階,,https://hikari-studio.net/,050-3196-4716,"2024-02-29 木曜日 24 時間営業
2024-03-01 金曜日 24 時間営業
2024-03-02 土曜日 24 時間営業
2024-03-03 日曜日 24 時間営業
2024-03-04 月曜日 24 時間営業
2024-03-05 火曜日 24 時間営業
2024-03-06 水曜日 24 時間営業
",1.0,139.7031731,35.7119406,東京,高田馬場駅,67.0,高田馬場駅,1.0,新宿区,新宿,新宿|西新宿|高田馬場|新大久保,area:新宿|station:高田馬場駅|feature:24h|feature:midnight,0,,0
レンタルスタジオ HIKARI 渋谷,〒150-0043 東京都渋谷区道玄坂２丁目２０-２６ エクシール道玄坂 104号室 藤和,,https://hikari-studio.net/,050-3196-4716,"2024-02-29 木曜日 24 時間営業
2024-03-01 金曜日 24 時間営業
2024-03-02 土曜日 24 時間営業
2024-03-03 日曜日 24 時間営業
2024-03-04 月曜日 24 時間営業
2024-03-05 火曜日 24 時間営業
2024-03-06 水曜日 24 時間営業
",1.0,139.6967812,35.6593021,東京,渋谷駅,461.0,渋谷駅,1.0,渋谷区,渋谷,渋谷|恵比寿|代官山|原宿,area:渋谷|station:渋谷駅|feature:24h|feature:midnight,0,,0
レンタルスタジオ HIKARI 新宿三丁目,〒160-0021 東京都新宿区歌舞伎町２丁目８-１２ グリーンプラザ 203,,https://hikari-studio.net/,050-3196-4716,"2024-02-29 木曜日 24 時間営業
2024-03-01 金曜日 24 時間営業
2024-03-02 土曜日 24 時間営業
2024-03-03 日曜日 24 時間営業
2024-03-04 月曜日 24 時間営業
2024-03-05 火曜日 24 時間営業
2024-03-06 水曜日 24 時間営業
",1.0,139.7060865,35.6950309,東京,西武新宿駅,507.0,西武新宿駅|新宿駅|新大久保駅,3.0,新宿区,新宿,新宿|西新宿|高田馬場|新大久保,area:新宿|station:西武新宿駅|station:新宿駅|station:新大久保駅|feature:24h|feature:midnight,0,,0
レンタルスタジオ HIKARI 西新宿７丁目,〒160-0023 東京都新宿区西新宿７丁目１０-１７ B館 601号室,,https://hikari-studio.net/,050-3196-4716,"2024-02-29 木曜日 24 時間営業
2024-03-01 金曜日 24 時間営業
2024-03-02 土曜日 24 時間営業
2024-03-03 日曜日 24 時間営業
2024-03-04 月曜日 24 時間営業
2024-03-05 火曜日 24 時間営業
2024-03-06 水曜日 24 時間営業",1.0,139.6985363,35.6945658,東京,西武新宿駅,234.0,西武新宿駅|新宿駅|新大久保駅,3.0,新宿区,新宿,新宿|西新宿|高田馬場|新大久保,area:新宿|station:西武新宿駅|station:新宿駅|station:新大久保駅|feature:24h|feature:midnight,0,,0
八王子レンタルスタジオ・アドレ,〒193-0832 東京都八王子市散田町５丁目１２-５ 散田B1F パラドール,,https://rentalstudio-adorea.com/,,"LGBTQ フレンドリー2024-02-29 木曜日 24 時間営業
2024-03-01 金曜日 24 時間営業
2024-03-02 土曜日 24 時間営業
2024-03-03 日曜日 24 時間営業
2024-03-04 月曜日 24 時間営業
2024-03-05 火曜日 24 時間営業
2024-03-06 水曜日 24 時間営業
",1.0,139.3031097,35.6497244,東京,めじろ台駅,816.0,めじろ台駅|西八王子駅|狭間駅|山田駅,0.0,八王子市,八王子,八王子,area:八王子|feature:24h|feature:midnight,0,,0
レンタルスタジオ HIKARI 築地,〒104-0045 東京都中央区築地２丁目１-１７ 陽光築地ビル 地下一階,,https://hikari-studio.net/,050-3196-4716,"2024-02-29 木曜日 7時00分～22時00分
2024-03-01 金曜日 7時00分～22時00分
2024-03-02 土曜日 7時00分～22時00分
2024-03-03 日曜日 定休日
2024-03-04 月曜日 7時00分～22時00分
2024-03-05 火曜日 7時00分～22時00分
2024-03-06 水曜日 7時00分～22時00分
",1.0,139.7730754,35.6703837,東京,有楽町駅,1023.0,有楽町駅,1.0,中央区,銀座,銀座|日本橋|八丁堀|月島,area:銀座|station:有楽町駅|feature:24h|feature:midnight,0,,0
レンタルスタジオ STUDIO ZERO 立川南口店,〒190-0023 東京都立川市柴崎町２丁目７-８ エクセル立川 B1F,,https://zero-studio.jp/tachikawa/,,"2024-02-29 木曜日 24 時間営業
2024-03-01 金曜日 24 時間営業
2024-03-02 土曜日 24 時間営業
2024-03-03 日曜日 24 時間営業
2024-03-04 月曜日 24 時間営業
2024-03-05 火曜日 24 時間営業
2024-03-06 水曜日 24 時間営業
",1.0,139.4079859,35.697227,東京,立川駅,501.0,立川駅,1.0,立川市,立川,立川,area:立川|station:立川駅|feature:24h|feature:midnight,0,,0
レンタルスタジオ マイレッスン 立川店,〒190-0023 東京都立川市柴崎町２丁目６-３ まるごビル,,https://www.my-lesson.jp/,,"2024-02-29 木曜日 24 時間営業
2024-03-01 金曜日 24 時間営業
2024-03-02 土曜日 24 時間営業
2024-03-03 日曜日 24 時間営業
2024-03-04 月曜日 24 時間営業
2024-03-05 火曜日 24 時間営業
2024-03-06 水曜日 24 時間営業
",1.0,139.4091386,35.6969266,東京,立川駅,410.0,立川駅,1.0,立川市,立川,立川,area:立川|station:立川駅|feature:24h|feature:midnight,0,,0
レンタルスタジオ HIKARI 東高円寺,〒166-0012 東京都杉並区和田３丁目５９-１０ エレガンス東高円寺 101号室,,https://hikari-studio.net/,050-3196-4716,"2024-02-29 木曜日 8時00分～23時00分
2024-03-01 金曜日 8時00分～23時00分
2024-03-02 土曜日 8時00分～23時00分
2024-03-03 日曜日 8時00分～23時00分
2024-03-04 月曜日 8時00分～23時00分
2024-03-05 火曜日 8時00分～23時00分
2024-03-06 水曜日 8時00分～23時00分
",1.0,139.6594583,35.6975201,東京,中野駅,1083.0,中野駅,1.0,杉並区,高円寺,高円寺,area:高円寺|station:中野駅|feature:24h|feature:midnight,0,,0
レンタルスタジオ KeikoBa P,〒154-0004 東京都世田谷区太子堂２丁目３０-５ 地下一階,,https://www.tehono.jp/keikoba-p,03-3487-5681,"2024-02-29 木曜日 10時00分～19時00分
2024-03-01 金曜日 10時00分～19時00分
2024-03-02 土曜日 10時00分～19時00分
2024-03-03 日曜日 10時00分～19時00分
2024-03-04 月曜日 10時00分～19時00分
2024-03-05 火曜日 10時00分～19時00分
2024-03-06 水曜日 10時00分～19時00分
",1.0,139.6714915,35.6469702,東京,三軒茶屋駅,408.0,三軒茶屋駅,1.0,世田谷区,下北沢,下北沢|三軒茶屋|二子玉川|自由が丘,area:下北沢|station:三軒茶屋駅|feature:24h|feature:midnight,0,,0
レンタルスタジオ C-STUDIO,〒190-0022 東京都立川市錦町１丁目１０-２３ 光洋ビル 3F,,https://bottled1999cask.wixsite.com/c-studio,,"2024-02-29 木曜日 10時00分～18時00分
2024-03-01 金曜日 10時00分～18時00分
2024-03-02 土曜日 10時00分～18時00分
2024-03-03 日曜日 10時00分～18時00分
2024-03-04 月曜日 10時00分～18時00分
2024-03-05 火曜日 10時00分～18時00分
2024-03-06 水曜日 10時00分～18時00分
",1.0,139.41952,35.6953975,東京,立川駅,635.0,立川駅,1.0,立川市,立川,立川,area:立川|station:立川駅|feature:24h|feature:midnight,0,,0
レンタルスタジオ LOOP,〒497-0038 愛知県海部郡蟹江町桜１丁目1,,http://space-loop.biz/,090-6141-3731,"2024-02-29 木曜日 9時00分～21時00分
2024-03-01 金曜日 9時00分～21時00分
2024-03-02 土曜日 定休日
2024-03-03 日曜日 定休日
2024-03-04 月曜日 9時00分～21時00分
2024-03-05 火曜日 9時00分～21時00分
2024-03-06 水曜日 9時00分～21時00分
",1.0,136.7908139,35.1428863,東京,蟹江駅,277.0,蟹江駅|近鉄蟹江駅|戸田駅,0.0,その他,その他,その他,feature:24h|feature:midnight,0,,0
レンタルスタジオ REBRI,〒192-0085 東京都八王子市中町７-７ ニシカワビル 5F,,,070-1541-0908,"2024-02-29 木曜日 24 時間営業
2024-03-01 金曜日 24 時間営業
2024-03-02 土曜日 24 時間営業
2024-03-03 日曜日 24 時間営業
2024-03-04 月曜日 24 時間営業
2024-03-05 火曜日 24 時間営業
2024-03-06 水曜日 24 時間営業
",1.0,139.3355521,35.6586265,東京,八王子駅,449.0,八王子駅,1.0,八王子市,八王子,八王子,area:八王子|station:八王子駅|feature:24h|feature:midnight,0,,0
レンタルスタジオ Starshine,〒107-0061 東京都港区北青山３丁目５ 9KAZU表参道 202,,https://nahokuokahealanijp.com/alohayoga/,03-6455-0264,"2024-02-29 木曜日 8時00分～19時00分
2024-03-01 金曜日 8時00分～22時00分
2024-03-02 土曜日 8時00分～10時30分
2024-03-03 日曜日 8時00分～9時30分
2024-03-04 月曜日 8時00分～19時00分
2024-03-05 火曜日 8時00分～19時00分
2024-03-06 水曜日 8時00分～11時00分
",1.0,139.7126084,35.6658836,東京,表参道駅,76.0,表参道駅|外苑前駅|原宿駅,3.0,港区,六本木,六本木|赤坂|麻布|新橋,area:六本木|station:表参道駅|station:外苑前駅|station:原宿駅|feature:24h|feature:midnight,0,,0
レンタルスタジオ studio agend 浦安・市川,〒272-0138 千葉県市川市南行徳１丁目２０-１ 3F,,http://agend.net/,047-700-7633,"2024-02-29 木曜日 24 時間営業
2024-03-01 金曜日 24 時間営業
2024-03-02 土曜日 24 時間営業
2024-03-03 日曜日 24 時間営業
2024-03-04 月曜日 24 時間営業
2024-03-05 火曜日 24 時間営業
2024-03-06 水曜日 24 時間営業
",1.0,139.9022781,35.6723373,東京,南行徳駅,42.0,南行徳駅|浦安駅|行徳駅,0.0,その他,その他,その他,feature:24h|feature:midnight,0,,0
レンタルスタジオ Studio One,〒114-0031 東京都北区十条仲原１丁目８-２６ 清水ビル,,,090-1269-7379,"2024-02-29 木曜日 9時00分～22時00分
2024-03-01 金曜日 9時00分～22時00分
2024-03-02 土曜日 9時00分～22時00分
2024-03-03 日曜日 9時00分～22時00分
2024-03-04 月曜日 9時00分～22時00分
2024-03-05 火曜日 9時00分～22時00分
2024-03-06 水曜日 9時00分～22時00分
",1.0,139.721162,35.762277,東京,十条駅,245.0,十条駅|東十条駅|王子神谷駅|板橋本町駅|新板橋駅|板橋区役所前駅|赤羽駅|本蓮沼駅|王子駅前駅|板橋駅,0.0,北区,赤羽,赤羽,area:赤羽|feature:24h|feature:midnight,0,,0
レンタルスタジオ STUDIO ZERO 町田ターミナル口店,〒194-0013 東京都町田市原町田４丁目７-３ 内藤ビル 地下1階B5号室,,https://zero-studio.jp/machida/,050-3205-1194,"2024-02-29 木曜日 24 時間営業
2024-03-01 金曜日 24 時間営業
2024-03-02 土曜日 24 時間営業
2024-03-03 日曜日 24 時間営業
2024-03-04 月曜日 24 時間営業
2024-03-05 火曜日 24 時間営業
2024-03-06 水曜日 24 時間営業
",1.0,139.4490233,35.541106,東京,町田駅,265.0,町田駅,1.0,町田市,町田,町田,area:町田|station:町田駅|feature:24h|feature:midnight,0,,0
レンタルスタジオ アーマーズピンクドア,〒171-0051 東京都豊島区長崎４丁目９-５ 地下1階 フェイマスショップビル,,http://planet-hand.com/,03-5964-0032,"2024-02-29 木曜日 8時00分～22時00分
2024-03-01 金曜日 8時00分～22時00分
2024-03-02 土曜日 8時00分～22時00分
2024-03-03 日曜日 8時00分～22時00分
2024-03-04 月曜日 8時00分～22時00分
2024-03-05 火曜日 8時00分～22時00分
2024-03-06 水曜日 8時00分～22時00分
",1.0,139.6839389,35.7306204,東京,東長崎駅,98.0,東長崎駅|落合南長崎駅|千川駅|椎名町駅|新江古田駅|江古田駅|要町駅|小竹向原駅|中井駅|新桜台駅,0.0,豊島区,池袋,池袋|目白|大塚|巣鴨,area:池袋|feature:24h|feature:midnight,0,,0
レンタルスタジオ シンデレラドリーム,〒136-0076 東京都江東区南砂２丁目１-８ フッコウビル ４F,,http://rentalstudio-cinderella.com/,03-6458-6805,"2024-02-29 木曜日 10時00分～19時00分
2024-03-01 金曜日 10時00分～19時00分
2024-03-02 土曜日 10時00分～19時00分
2024-03-03 日曜日 10時00分～19時00分
2024-03-04 月曜日 10時00分～19時00分
2024-03-05 火曜日 10時00分～19時00分
2024-03-06 水曜日 10時00分～19時00分
",1.0,139.8206218,35.6694675,東京,東陽町駅,264.0,東陽町駅|南砂町駅|潮見駅|木場駅,0.0,江東区,豊洲,豊洲,area:豊洲|feature:24h|feature:midnight,0,,0
レンタルスタジオ スタジオサイ,〒165-0026 東京都中野区新井１丁目１-５,,http://kikh.com/studiosai/,03-3385-2066,"2024-02-29 木曜日 8時00分～23時00分
2024-03-01 金曜日 8時00分～22時00分
2024-03-02 土曜日 8時00分～22時00分
2024-03-03 日曜日 8時00分～22時00分
2024-03-04 月曜日 8時00分～22時00分
2024-03-05 火曜日 8時00分～22時00分
2024-03-06 水曜日 8時00分～22時00分
",1.0,139.669528,35.710192,東京,中野駅,594.0,中野駅,1.0,中野区,中野,中野,area:中野|station:中野駅|feature:24h|feature:midnight,0,,0
studio KAJIMAYA,〒192-0074 東京都八王子市天神町２１-２,,https://studiokajimaya.com/,,,1.0,139.3302449,35.6571087,東京,八王子駅,800.0,八王子駅,1.0,八王子市,八王子,八王子,area:八王子|station:八王子駅,0,,0
レンタルスタジオ ふわり,〒176-0006 東京都練馬区栄町１５-５ 小林ビル Ａ号室,,https://fuwarimusic.jp/studio/,03-6915-8539,"2024-02-29 木曜日 10時00分～22時00分
2024-03-01 金曜日 10時00分～22時00分
2024-03-02 土曜日 10時00分～22時00分
2024-03-03 日曜日 10時00分～22時00分
2024-03-04 月曜日 10時00分～22時00分
2024-03-05 火曜日 10時00分～22時00分
2024-03-06 水曜日 10時00分～22時00分
",1.0,139.6668731,35.7384743,東京,新桜台駅,354.0,新桜台駅|桜台駅|江古田駅|新江古田駅|練馬駅|氷川台駅|小竹向原駅|豊島園駅|東長崎駅,0.0,練馬区,練馬,練馬,area:練馬|feature:24h|feature:midnight,0,,0
レンタルスタジオ ワンデースタジオ,〒178-0065 東京都練馬区西大泉１ リバーサイド本橋 Ｂ１Ｆ,,http://oneday-studio.com/,080-7502-3963,"2024-02-29 木曜日 24 時間営業
2024-03-01 金曜日 24 時間営業
2024-03-02 土曜日 24 時間営業
2024-03-03 日曜日 24 時間営業
2024-03-04 月曜日 24 時間営業
2024-03-05 火曜日 24 時間営業
2024-03-06 水曜日 24 時間営業
",1.0,139.5839277,35.7540031,東京,大泉学園駅,549.0,大泉学園駅|保谷駅,0.0,練馬区,練馬,練馬,area:練馬|feature:24h|feature:midnight,0,,0
レンタルスタジオ・Ｆ,〒187-0032 東京都小平市小川町１丁目８３８,,,042-341-7910,,1.0,139.4530024,35.7310262,東京,鷹の台駅,1115.0,鷹の台駅|小川駅|新小平駅|東大和市駅,0.0,小平市,小平,小平,area:小平,0,,0
BUZZ レンタルスタジオ八王子店,〒192-0082 東京都八王子市東町１１-３ センチュリーステーションビル B1,,,,"2024-02-29 木曜日 24 時間営業
2024-03-01 金曜日 24 時間営業
2024-03-02 土曜日 24 時間営業
2024-03-03 日曜日 24 時間営業
2024-03-04 月曜日 24 時間営業
2024-03-05 火曜日 24 時間営業
2024-03-06 水曜日 24 時間営業
",1.0,139.338539,35.6580018,東京,八王子駅,264.0,八王子駅,1.0,八王子市,八王子,八王子,area:八王子|station:八王子駅|feature:24h|feature:midnight,0,,0
レンタルスタジオ・ジェッター,〒409-0112 山梨県上野原市上野原１００１ 協栄ビル,,http://www.kyoei-1001.com/?page_id=2585,0554-63-6850,,1.0,139.114454,35.622821,東京,上野原駅,464.0,上野原駅,0.0,その他,その他,その他,,0,,0
レンタルスタジオ・レンタルスペース ZEAL STUDIOS,〒105-0004 東京都港区新橋３丁目５-１０ 新三ビル B1F,,http://zeal-studios.com/?utm_source=google&utm_medium=map,03-3503-0288,"2024-02-29 木曜日 6時00分～23時00分
2024-03-01 金曜日 6時00分～23時00分
2024-03-02 土曜日 定休日
2024-03-03 日曜日 定休日
2024-03-04 月曜日 6時00分～23時00分
2024-03-05 火曜日 6時00分～23時00分
2024-03-06 水曜日 6時00分～23時00分
",1.0,139.75479,35.6660664,東京,新橋駅,347.0,新橋駅|浜松町駅,2.0,港区,六本木,六本木|赤坂|麻布|新橋,area:六本木|station:新橋駅|station:浜松町駅|feature:24h|feature:midnight,0,,0
スタジオ カノン 東町店,〒184-0011 東京都八王子市東町２丁目９ ムジカ八王子ビル,,,,"2024-02-29 木曜日 24 時間営業
2024-03-01 金曜日 24 時間営業
2024-03-02 土曜日 24 時間営業
2024-03-03 日曜日 24 時間営業
2024-03-04 月曜日 24 時間営業
2024-03-05 火曜日 24 時間営業
2024-03-06 水曜日 24 時間営業
",1.0,139.3412348,35.658223,東京,八王子駅,355.0,八王子駅,1.0,八王子市,八王子,八王子,area:八王子|station:八王子駅|feature:24h|feature:midnight,0,,0
レンタルスタジオ「マナビバ」戸越スタジオ,〒142-0041 東京都品川区戸越２丁目１-３ 丸雄建築ビル 2F,,,03-6421-5071,"2024-02-29 木曜日 9時00分～22時00分
2024-03-01 金曜日 9時00分～22時00分
2024-03-02 土曜日 9時00分～22時00分
2024-03-03 日曜日 9時00分～22時00分
2024-03-04 月曜日 9時00分～22時00分
2024-03-05 火曜日 9時00分～22時00分
2024-03-06 水曜日 9時00分～22時00分
",1.0,139.7181859,35.6148602,東京,大崎駅,1081.0,大崎駅,1.0,品川区,品川,品川|五反田|大井町|目黒,area:品川|station:大崎駅|feature:24h|feature:midnight,0,,0
レンタルスタジオ/ステップ東村山１号店,〒189-0013 東京都東村山市栄町１丁目３-３２ ビュー久米川 201号室,,https://tokyo-step.space/,080-6885-7536,"2024-02-29 木曜日 8時00分～22時00分
2024-03-01 金曜日 8時00分～22時00分
2024-03-02 土曜日 8時00分～22時00分
2024-03-03 日曜日 8時00分～22時00分
2024-03-04 月曜日 8時00分～22時00分
2024-03-05 火曜日 8時00分～22時00分
2024-03-06 水曜日 8時00分～22時00分
",1.0,139.473333,35.7502795,東京,久米川駅,123.0,久米川駅|八坂駅|萩山駅|東村山駅|小川駅|小平駅,0.0,東村山市,東村山,東村山,area:東村山|feature:24h|feature:midnight,0,,0
レンタルスタジオ/ステップ東村山２号店,〒189-0013 東京都東村山市栄町１丁目10-２３,,https://tokyo-step.space/,080-6885-7536,"2024-02-29 木曜日 24 時間営業
2024-03-01 金曜日 24 時間営業
2024-03-02 土曜日 24 時間営業
2024-03-03 日曜日 24 時間営業
2024-03-04 月曜日 24 時間営業
2024-03-05 火曜日 24 時間営業
2024-03-06 水曜日 24 時間営業
",1.0,139.4745986,35.7483521,東京,久米川駅,299.0,久米川駅|八坂駅|萩山駅|東村山駅|小川駅|小平駅|青梅街道駅|新小平駅,0.0,東村山市,東村山,東村山,area:東村山|feature:24h|feature:midnight,0,,0
レンタルスタジオ8 NORTH GATE,〒193-0931 東京都八王子市台町２丁目１１-２１ 2F,,http://studio.8ng.net/,080-9540-8261,"2024-02-29 木曜日 24 時間営業
2024-03-01 金曜日 24 時間営業
2024-03-02 土曜日 24 時間営業
2024-03-03 日曜日 24 時間営業
2024-03-04 月曜日 24 時間営業
2024-03-05 火曜日 24 時間営業
2024-03-06 水曜日 24 時間営業
",1.0,139.3197483,35.6501807,東京,山田駅,653.0,山田駅|西八王子駅|めじろ台駅|京王片倉駅|八王子駅,0.0,八王子市,八王子,八王子,area:八王子|feature:24h|feature:midnight,0,,0
レンタルスタジオALOALO,〒110-0016 東京都台東区台東４丁目３１-５ オリオンビル B1,,https://upnow.jp/aloalostudio/%E3%83%AC%E3%83%B3%E3%82%BF%E3%83%AB%E3%82%B9%E3%82%BF%E3%82%B8%E3%82%AAaloalo,080-4818-5577,"2024-02-29 木曜日 24 時間営業
2024-03-01 金曜日 24 時間営業
2024-03-02 土曜日 24 時間営業
2024-03-03 日曜日 24 時間営業
2024-03-04 月曜日 24 時間営業
2024-03-05 火曜日 24 時間営業
2024-03-06 水曜日 24 時間営業
",1.0,139.7772092,35.7073185,東京,上野駅,717.0,上野駅|秋葉原駅,2.0,台東区,上野,上野|浅草|御徒町|蔵前,area:上野|station:上野駅|station:秋葉原駅|feature:24h|feature:midnight,0,,0
レンタルスタジオART FACTORY淡路店,〒533-0023 大阪府大阪市東淀川区東淡路４丁目１８-８ 東淡路商店街ビル 3F,,http://www.artfactory-studio.com/,070-1748-3200,"2024-02-29 木曜日 7時30分～22時30分
2024-03-01 金曜日 7時30分～22時30分
2024-03-02 土曜日 7時30分～22時30分
2024-03-03 日曜日 7時30分～22時30分
2024-03-04 月曜日 7時30分～22時30分
2024-03-05 火曜日 7時30分～22時30分
2024-03-06 水曜日 7時30分～22時30分
",1.0,135.5174919,34.7388084,東京,淡路駅,77.0,淡路駅|ＪＲ淡路駅|下新庄駅|崇禅寺駅|東淀川駅|柴島駅|南吹田駅|新大阪駅|東三国駅|上新庄駅,0.0,その他,その他,その他,feature:24h|feature:midnight,0,,0
レンタルスタジオCLI CLI,〒145-0064 東京都大田区上池台１丁目１-１,,https://clicli.shopinfo.jp/,03-5702-1065,"2024-02-29 木曜日 9時00分～21時00分
2024-03-01 金曜日 9時00分～21時00分
2024-03-02 土曜日 9時00分～21時00分
2024-03-03 日曜日 9時00分～21時00分
2024-03-04 月曜日 9時00分～21時00分
2024-03-05 火曜日 9時00分～21時00分
2024-03-06 水曜日 9時00分～21時00分
",1.0,139.698218,35.6032108,東京,長原駅,113.0,長原駅|旗の台駅|北千束駅|洗足池駅|荏原町駅|洗足駅|大岡山駅|中延駅|石川台駅|西小山駅,0.0,大田区,蒲田,蒲田,area:蒲田|feature:24h|feature:midnight,0,,0
レンタルスタジオEVERGREEN,〒110-0005 東京都台東区上野３丁目２０-１０ 木下ビル3階,,,03-6795-0837,,1.0,139.7741359,35.7056892,東京,秋葉原駅,779.0,秋葉原駅|上野駅,2.0,台東区,上野,上野|浅草|御徒町|蔵前,area:上野|station:秋葉原駅|station:上野駅,0,,0
レンタルスタジオreimei Tachikawa,〒190-0022 東京都立川市錦町２丁目１-３５ Ktd 錦町ビル 2F,,https://reimeikunitachi.com/,050-1809-3917,"2024-02-29 木曜日 24 時間営業
2024-03-01 金曜日 24 時間営業
2024-03-02 土曜日 24 時間営業
2024-03-03 日曜日 24 時間営業
2024-03-04 月曜日 24 時間営業
2024-03-05 火曜日 24 時間営業
2024-03-06 水曜日 24 時間営業
",1.0,139.414934,35.6960266,東京,立川駅,279.0,立川駅,1.0,立川市,立川,立川,area:立川|station:立川駅|feature:24h|feature:midnight,0,,0
レンタルスタジオStudioIrodori赤羽橋,〒106-0044 東京都港区東麻布１丁目１８-７ リヴェールハヤシ B1F,,https://studioirodori.com/,050-3628-5392,"2024-02-29 木曜日 24 時間営業
2024-03-01 金曜日 24 時間営業
2024-03-02 土曜日 24 時間営業
2024-03-03 日曜日 24 時間営業
2024-03-04 月曜日 24 時間営業
2024-03-05 火曜日 24 時間営業
2024-03-06 水曜日 24 時間営業
",1.0,139.7427218,35.6557332,東京,麻布十番駅,749.0,麻布十番駅|田町駅,2.0,港区,六本木,六本木|赤坂|麻布|新橋,area:六本木|station:麻布十番駅|station:田町駅|feature:24h|feature:midnight,0,,0
レンタルスタジオStudioIrodori白金高輪店,〒108-0072 東京都港区白金３丁目１-１２ 第2浅野ビル １０１号室,,https://studioirodori.com/,050-3628-5392,"2024-02-29 木曜日 24 時間営業
2024-03-01 金曜日 24 時間営業
2024-03-02 土曜日 24 時間営業
2024-03-03 日曜日 24 時間営業
2024-03-04 月曜日 24 時間営業
2024-03-05 火曜日 24 時間営業
2024-03-06 水曜日 24 時間営業
",1.0,139.7300192,35.6467623,東京,麻布十番駅,967.0,麻布十番駅,1.0,港区,六本木,六本木|赤坂|麻布|新橋,area:六本木|station:麻布十番駅|feature:24h|feature:midnight,0,,0
レンタルスタジオStudioIrodori麻布十番店,〒106-0045 東京都港区麻布十番１丁目５番１ YKビル 3F,,https://studioirodori.com/,050-3628-5392,"2024-02-29 木曜日 24 時間営業
2024-03-01 金曜日 24 時間営業
2024-03-02 土曜日 24 時間営業
2024-03-03 日曜日 24 時間営業
2024-03-04 月曜日 24 時間営業
2024-03-05 火曜日 24 時間営業
2024-03-06 水曜日 24 時間営業
",1.0,139.7325985,35.6577232,東京,麻布十番駅,385.0,麻布十番駅|六本木駅,2.0,港区,六本木,六本木|赤坂|麻布|新橋,area:六本木|station:麻布十番駅|station:六本木駅|feature:24h|feature:midnight,0,,0
レンタルスタジオSunny 池袋3号店,〒170-0013 東京都豊島区東池袋２丁目３９-２ マルミビル 2階 A号室,,https://11dance.com/,03-6874-1401,"2024-02-29 木曜日 9時00分～0時00分
2024-03-01 金曜日 9時00分～0時00分
2024-03-02 土曜日 9時00分～0時00分
2024-03-03 日曜日 9時00分～0時00分
2024-03-04 月曜日 9時00分～0時00分
2024-03-05 火曜日 9時00分～0時00分
2024-03-06 水曜日 9時00分～0時00分
",1.0,139.7206805,35.7316752,東京,池袋駅,979.0,池袋駅,1.0,豊島区,池袋,池袋|目白|大塚|巣鴨,area:池袋|station:池袋駅|feature:24h|feature:midnight,0,,0
レンタルスタジオひより,〒171-0014 東京都豊島区池袋２丁目２３-２３ 白鳥ハイツ 107,,https://rs-hiyori.com/,080-5175-6676,"オーナーが女性と確認されたビジネス2024-02-29 木曜日 24 時間営業
2024-03-01 金曜日 24 時間営業
2024-03-02 土曜日 24 時間営業
2024-03-03 日曜日 24 時間営業
2024-03-04 月曜日 24 時間営業
2024-03-05 火曜日 24 時間営業
2024-03-06 水曜日 24 時間営業
",1.0,139.7047394,35.7331629,東京,池袋駅,694.0,池袋駅,1.0,豊島区,池袋,池袋|目白|大塚|巣鴨,area:池袋|station:池袋駅|feature:24h|feature:midnight,0,,0
レンタルスタジオ葛西,〒134-0084 東京都江戸川区東葛西５丁目１-１４-２０２,,https://freespacekasai.jimdofree.com/,03-6456-0178,"2024-02-29 木曜日 8時00分～15時00分
2024-03-01 金曜日 8時00分～15時00分
2024-03-02 土曜日 15時00分～22時00分
2024-03-03 日曜日 15時00分～22時00分
2024-03-04 月曜日 8時00分～15時00分
2024-03-05 火曜日 8時00分～15時00分
2024-03-06 水曜日 8時00分～15時00分
",1.0,139.8736572,35.6639179,東京,葛西駅,100.0,葛西駅|西葛西駅|浦安駅,0.0,江戸川区,西葛西,西葛西,area:西葛西|feature:24h|feature:midnight,0,,0
レンタルスタジオ池袋・駒込マイックル,〒114-0015 東京都北区中里２丁目１３-６,,http://komagome-maikkuru.com/,03-5937-2345,"2024-02-29 木曜日 24 時間営業
2024-03-01 金曜日 24 時間営業
2024-03-02 土曜日 24 時間営業
2024-03-03 日曜日 24 時間営業
2024-03-04 月曜日 24 時間営業
2024-03-05 火曜日 24 時間営業
2024-03-06 水曜日 24 時間営業
",1.0,139.7493,35.738923,東京,駒込駅,334.0,駒込駅|上中里駅|尾久駅|西ケ原駅|田端駅|巣鴨駅|千石駅|梶原駅|荒川車庫前駅|本駒込駅,0.0,北区,赤羽,赤羽,area:赤羽|feature:24h|feature:midnight,0,,0
レンタルスペース リノスペcamp東京ドーム,〒101-0061 東京都千代田区神田三崎町２丁目１２-５ ニュー千代田ビル 3F-A,,https://lin.ee/a6tOsHu,050-1808-7637,"LGBTQ フレンドリー2024-02-29 木曜日 24 時間営業
2024-03-01 金曜日 24 時間営業
2024-03-02 土曜日 24 時間営業
2024-03-03 日曜日 24 時間営業
2024-03-04 月曜日 24 時間営業
2024-03-05 火曜日 24 時間営業
2024-03-06 水曜日 24 時間営業
",1.0,139.7536112,35.7005486,東京,水道橋駅,167.0,水道橋駅|九段下駅|神保町駅|飯田橋駅|春日駅|後楽園駅|御茶ノ水駅|本郷三丁目駅|新御茶ノ水駅|竹橋駅,0.0,千代田区,秋葉原,秋葉原,area:秋葉原|feature:24h|feature:midnight,0,,0
レンタルスペース・スタジオ,〒145-0074 東京都大田区東嶺町４４-９ 1F・102号室 三松スクエアガーデン,,https://www.kudo-ota.com/space,090-6293-5874,"2024-02-29 木曜日 24 時間営業
2024-03-01 金曜日 0時00分～17時00分
2024-03-02 土曜日 0時00分～13時00分
2024-03-03 日曜日 0時00分～8時00分
2024-03-04 月曜日 24 時間営業
2024-03-05 火曜日 0時00分～17時00分
2024-03-06 水曜日 0時00分～17時00分
",1.0,139.6825032,35.5847349,東京,御嶽山駅,61.0,御嶽山駅|久が原駅|雪が谷大塚駅|沼部駅|鵜の木駅|多摩川駅|石川台駅|下丸子駅|千鳥町駅|洗足池駅,0.0,大田区,蒲田,蒲田,area:蒲田|feature:24h|feature:midnight,0,,0
レンタルホールフレンド永山,〒206-0024 東京都多摩市諏訪２丁目１２-１２ アクロスビル 2階,,,042-339-1925,,1.0,139.4492635,35.6292908,東京,小田急永山駅,133.0,小田急永山駅|京王永山駅|はるひ野駅,0.0,多摩市,多摩センター,多摩センター,area:多摩センター,0,,0
レンタルリレイション(下馬校),〒985-0835 宮城県多賀城市下馬５丁目１５-２５,,http://dance-relation.com/,022-205-5355,"2024-02-29 木曜日 9時00分～21時00分
2024-03-01 金曜日 9時00分～21時00分
2024-03-02 土曜日 9時00分～21時00分
2024-03-03 日曜日 9時00分～21時00分
2024-03-04 月曜日 9時00分～21時00分
2024-03-05 火曜日 9時00分～21時00分
2024-03-06 水曜日 9時00分～21時00分
",1.0,141.0179813,38.2996534,東京,下馬駅,711.0,下馬駅|塩釜駅|多賀城駅|西塩釜駅,0.0,その他,その他,その他,feature:24h|feature:midnight,0,,0
レンタル撮影スタジオDOLLY飯田橋1号店,〒102-0072 東京都千代田区飯田橋３丁目６-６ 港屋ビル 2F,,https://studio-dolly.com/studio/iidabashi1/?utm_source=map,050-3196-4992,"オーナーが女性と確認されたビジネス2024-02-29 木曜日 24 時間営業
2024-03-01 金曜日 24 時間営業
2024-03-02 土曜日 24 時間営業
2024-03-03 日曜日 24 時間営業
2024-03-04 月曜日 24 時間営業
2024-03-05 火曜日 24 時間営業
2024-03-06 水曜日 24 時間営業
",1.0,139.7464122,35.7016648,東京,飯田橋駅,134.0,飯田橋駅|水道橋駅|九段下駅|後楽園駅|牛込神楽坂駅|春日駅|神楽坂駅|神保町駅|本郷三丁目駅|江戸川橋駅,0.0,千代田区,秋葉原,秋葉原,area:秋葉原|feature:24h|feature:shooting|feature:midnight,0,,0
SISTERS TOKYO 八王子校 ダンススクール,〒192-0082 東京都八王子市東町１１-３ 地下1階 BAZZ八王子 センチュリーステーションビル,,https://sisters-t.com/,,,1.0,139.3849011,35.6728201,東京,日野駅,1102.0,日野駅|豊田駅|北八王子駅,0.0,八王子市,八王子,八王子,area:八王子,0,,0
ロジスタイルB StudioStyle+,〒160-0023 東京都新宿区西新宿７丁目１５-１４ FONTAINE三須 1F,,https://studiostyle.jp/roji-studio-b/,090-8306-7493,"オーナーが女性と確認されたビジネス2024-02-29 木曜日 24 時間営業
2024-03-01 金曜日 24 時間営業
2024-03-02 土曜日 24 時間営業
2024-03-03 日曜日 24 時間営業
2024-03-04 月曜日 24 時間営業
2024-03-05 火曜日 24 時間営業
2024-03-06 水曜日 24 時間営業
",1.0,139.6978413,35.6953046,東京,西武新宿駅,255.0,西武新宿駅|新宿駅|新大久保駅,3.0,新宿区,新宿,新宿|西新宿|高田馬場|新大久保,area:新宿|station:西武新宿駅|station:新宿駅|station:新大久保駅|feature:24h|feature:midnight,0,,0
ロゼッタスタジオ錦糸町,〒130-0013 東京都墨田区錦糸２丁目１３-１ 堀越第一ビル 5F,,https://kinshicho.studiosquare.jp/,03-5822-4050,"2024-02-29 木曜日 24 時間営業
2024-03-01 金曜日 24 時間営業
2024-03-02 土曜日 24 時間営業
2024-03-03 日曜日 24 時間営業
2024-03-04 月曜日 24 時間営業
2024-03-05 火曜日 24 時間営業
2024-03-06 水曜日 24 時間営業
",1.0,139.8126585,35.6992865,東京,錦糸町駅,317.0,錦糸町駅,1.0,墨田区,錦糸町,錦糸町,area:錦糸町|station:錦糸町駅|feature:24h|feature:midnight,0,,0
ワーサルレンタルスタジオ（Aスタジオ）,〒151-0073 東京都渋谷区笹塚２丁目２５-２ グランド・ガーラ笹塚 B1,,https://worsal.com/rental/index.html#studio-a,03-6276-3608,"2024-02-29 木曜日 24 時間営業
2024-03-01 金曜日 24 時間営業
2024-03-02 土曜日 24 時間営業
2024-03-03 日曜日 24 時間営業
2024-03-04 月曜日 24 時間営業
2024-03-05 火曜日 24 時間営業
2024-03-06 水曜日 24 時間営業
",1.0,139.6630261,35.6734602,東京,笹塚駅,386.0,笹塚駅|代田橋駅|方南町駅|新代田駅|明大前駅|東北沢駅|幡ヶ谷駅|下北沢駅|東松原駅|代々木上原駅,0.0,渋谷区,渋谷,渋谷|恵比寿|代官山|原宿,area:渋谷|feature:24h|feature:midnight,0,,0
ワーサルレンタルスタジオ（Cスタジオ）,〒156-0041 東京都世田谷区大原２丁目２３-１５ 大原アジアビル 9F,,https://worsal.com/rental/studio_c.html,03-6276-3608,"2024-02-29 木曜日 24 時間営業
2024-03-01 金曜日 24 時間営業
2024-03-02 土曜日 24 時間営業
2024-03-03 日曜日 24 時間営業
2024-03-04 月曜日 24 時間営業
2024-03-05 火曜日 24 時間営業
2024-03-06 水曜日 24 時間営業
",1.0,139.6603819,35.6722275,東京,代田橋駅,201.0,代田橋駅|笹塚駅|明大前駅|新代田駅|東松原駅|方南町駅|下北沢駅|東北沢駅|世田谷代田駅|幡ヶ谷駅,0.0,世田谷区,下北沢,下北沢|三軒茶屋|二子玉川|自由が丘,area:下北沢|feature:24h|feature:midnight,0,,0
ポールダンススタジオ アンジュエル豊田校,〒471-0024 愛知県豊田市元城町２丁目１２ ＩＨＳビル 1B,,http://www.annjewelpole.com/,,,1.0,137.1594812,35.0831052,東京,豊田市駅,552.0,豊田市駅|新豊田駅|上挙母駅|新上挙母駅|梅坪駅,0.0,その他,その他,その他,,0,,0
安城市クロスポート音楽教室＆ダンススクール日の出町校,〒446-0033 愛知県安城市日の出町９-１３,,http://www.crospport.com/,0566-76-0755,"2024-02-29 木曜日 10時00分～0時00分
2024-03-01 金曜日 10時00分～0時00分
2024-03-02 土曜日 10時00分～0時00分
2024-03-03 日曜日 10時00分～0時00分
2024-03-04 月曜日 10時00分～0時00分
2024-03-05 火曜日 10時00分～0時00分
2024-03-06 水曜日 10時00分～0時00分
",1.0,137.0889846,34.952673,東京,南安城駅,322.0,南安城駅|安城駅|北安城駅|碧海古井駅,0.0,その他,その他,その他,feature:24h|feature:midnight,0,,0
伊藤ダンススクールＫＡＮＡＭＡＣＨＩ,〒125-0041 東京都葛飾区東金町１丁目４５-４ 綾部ビル 3F,,https://ito-danceschool.com/,03-3609-0880,"2024-02-29 木曜日 13時00分～21時00分
2024-03-01 金曜日 13時00分～21時00分
2024-03-02 土曜日 13時00分～21時00分
2024-03-03 日曜日 定休日
2024-03-04 月曜日 13時00分～21時00分
2024-03-05 火曜日 13時00分～21時00分
2024-03-06 水曜日 13時00分～21時00分
",1.0,139.8713663,35.769942,東京,金町駅,81.0,金町駅|京成金町駅|柴又駅,0.0,葛飾区,新小岩,新小岩,area:新小岩|feature:24h|feature:midnight,0,,0
レンタルダンススタジオTerrace八王子,〒192-0085 東京都八王子市中町６-６ 店舗（旧 川和ビル 3階,,,,"LGBTQ フレンドリー2024-02-29 木曜日 6時00分～0時00分
2024-03-01 金曜日 6時00分～0時00分
2024-03-02 土曜日 6時00分～0時00分
2024-03-03 日曜日 6時00分～0時00分
2024-03-04 月曜日 6時00分～0時00分
2024-03-05 火曜日 6時00分～0時00分
2024-03-06 水曜日 6時00分～0時00分
",1.0,139.3354666,35.658074,東京,八王子駅,412.0,八王子駅,1.0,八王子市,八王子,八王子,area:八王子|station:八王子駅|feature:24h|feature:midnight,0,,0
永福町スタジオ/ライマーラマ:タヒチアンダンススタジオ,〒168-0064 東京都杉並区永福１丁目３９-１４ １階,,http://www.raimarama.com/,03-3469-0672,"2024-02-29 木曜日 定休日
2024-03-01 金曜日 定休日
2024-03-02 土曜日 10時00分～12時30分
2024-03-03 日曜日 定休日
2024-03-04 月曜日 定休日
2024-03-05 火曜日 定休日
2024-03-06 水曜日 定休日
",1.0,139.6431242,35.6744771,東京,永福町駅,205.0,永福町駅|西永福駅|下高井戸駅|明大前駅|桜上水駅|代田橋駅|松原駅|浜田山駅|方南町駅|東松原駅,0.0,杉並区,高円寺,高円寺,area:高円寺|feature:24h|feature:midnight,0,,0
Studio Bis,〒141-0031 東京都品川区西五反田２丁目１０-８ ドルミ五反田ドゥメゾン 3階,,http://studio-bis.tokyo/,,"2024-02-29 木曜日 9時00分～22時00分
2024-03-01 金曜日 9時00分～22時00分
2024-03-02 土曜日 9時00分～22時00分
2024-03-03 日曜日 9時00分～22時00分
2024-03-04 月曜日 9時00分～22時00分
2024-03-05 火曜日 9時00分～22時00分
2024-03-06 水曜日 9時00分～22時00分
",1.0,139.7208583,35.6271304,東京,五反田駅,246.0,五反田駅|目黒駅|大崎駅,3.0,品川区,品川,品川|五反田|大井町|目黒,area:品川|station:五反田駅|station:目黒駅|station:大崎駅|feature:24h|feature:midnight,0,,0
演劇稽古場ファンファーレレンタルスタジオ高田馬場,〒169-0075 東京都新宿区高田馬場１丁目２１-４ 第５三池ビル B１F,,https://atelier-fanfare.jp/,03-6205-9436,"2024-02-29 木曜日 10時00分～22時00分
2024-03-01 金曜日 10時00分～22時00分
2024-03-02 土曜日 10時00分～22時00分
2024-03-03 日曜日 10時00分～22時00分
2024-03-04 月曜日 10時00分～22時00分
2024-03-05 火曜日 10時00分～22時00分
2024-03-06 水曜日 10時00分～22時00分
",1.0,139.7046596,35.7093376,東京,高田馬場駅,337.0,高田馬場駅|新大久保駅,2.0,新宿区,新宿,新宿|西新宿|高田馬場|新大久保,area:新宿|station:高田馬場駅|station:新大久保駅|feature:24h|feature:midnight,0,,0
演劇舞台稽古場 ファンファーレレンタルスタジオ新宿御苑（撮影スタジオとして利用可能）,〒162-0067 東京都新宿区富久町１３-１５ サウスタワー地下2階,,https://atelier-fanfare.jp/,03-6205-9436,,1.0,139.7147932,35.6916877,東京,新宿御苑前駅,497.0,新宿御苑前駅|四谷三丁目駅|曙橋駅|若松河田駅|新宿三丁目駅|東新宿駅|国立競技場駅|新宿駅|信濃町駅|西武新宿駅,0.0,新宿区,新宿,新宿|西新宿|高田馬場|新大久保,area:新宿|feature:shooting,0,,0
演劇舞台稽古場 ファンファーレレンタルスタジオ代田環七（撮影レンタルスタジオとしても利用可）,〒156-0041 東京都世田谷区大原１丁目２３-１５ 三京ビル ６F,,https://atelier-fanfare.jp/,03-6205-9436,"2024-02-29 木曜日 10時00分～22時00分
2024-03-01 金曜日 10時00分～22時00分
2024-03-02 土曜日 10時00分～22時00分
2024-03-03 日曜日 10時00分～22時00分
2024-03-04 月曜日 10時00分～22時00分
2024-03-05 火曜日 10時00分～22時00分
2024-03-06 水曜日 10時00分～22時00分
",1.0,139.6613986,35.6677753,東京,下北沢駅,949.0,下北沢駅,1.0,世田谷区,下北沢,下北沢|三軒茶屋|二子玉川|自由が丘,area:下北沢|station:下北沢駅|feature:24h|feature:shooting|feature:midnight,0,,0
遠藤ユキヒコ・ダンススタジオ 新浦安教室,〒279-0022 千葉県浦安市今川２丁目１３-６,,https://endo-dance.com/,047-303-3199,"2024-02-29 木曜日 11時00分～20時00分
2024-03-01 金曜日 11時00分～20時00分
2024-03-02 土曜日 11時00分～20時00分
2024-03-03 日曜日 定休日
2024-03-04 月曜日 11時00分～20時00分
2024-03-05 火曜日 11時00分～20時00分
2024-03-06 水曜日 11時00分～20時00分
",1.0,139.909561,35.642068,東京,新浦安駅,869.0,新浦安駅,0.0,その他,その他,その他,feature:24h|feature:midnight,0,,0
塩野啓子バレエスタジオ,〒186-0003 東京都国立市富士見台４丁目12-１,,http://shionoballet.jp/,042-577-5663,"2024-02-29 木曜日 16時30分～22時00分
2024-03-01 金曜日 16時30分～22時00分
2024-03-02 土曜日 14時00分～19時00分
2024-03-03 日曜日 16時30分～22時00分
2024-03-04 月曜日 16時30分～22時00分
2024-03-05 火曜日 16時30分～22時00分
2024-03-06 水曜日 16時30分～22時00分
",1.0,139.431023,35.685748,東京,矢川駅,91.0,矢川駅|西国立駅|谷保駅,0.0,国立市,国立,国立,area:国立|feature:24h|feature:midnight,0,,0
押上SORAスタジオ2,〒131-0045 東京都墨田区押上１丁目２５-５ 西原ビル １階,,http://os-rental.com/,03-6284-1723,"2024-02-29 木曜日 7時00分～21時00分
2024-03-01 金曜日 7時00分～21時00分
2024-03-02 土曜日 7時00分～21時00分
2024-03-03 日曜日 7時00分～21時00分
2024-03-04 月曜日 7時00分～21時00分
2024-03-05 火曜日 7時00分～21時00分
2024-03-06 水曜日 7時00分～21時00分
",1.0,139.8150036,35.7098885,東京,押上駅,389.0,押上駅,1.0,墨田区,錦糸町,錦糸町,area:錦糸町|station:押上駅|feature:24h|feature:midnight,0,,0
押上ＳＯＲＡスタジオ4,〒131-0045 東京都墨田区押上１丁目２８-４ 桐生ビル 1Ｆ,,https://os-rental.com/,03-6284-1723,"2024-02-29 木曜日 8時00分～22時00分
2024-03-01 金曜日 8時00分～22時00分
2024-03-02 土曜日 8時00分～22時00分
2024-03-03 日曜日 8時00分～22時00分
2024-03-04 月曜日 8時00分～22時00分
2024-03-05 火曜日 8時00分～22時00分
2024-03-06 水曜日 8時00分～22時00分
",1.0,139.8156856,35.7103556,東京,押上駅,451.0,押上駅,1.0,墨田区,錦糸町,錦糸町,area:錦糸町|station:押上駅|feature:24h|feature:midnight,0,,0
押上とうきょうスカイツリーSORAスタジオ,〒131-0045 東京都墨田区押上１丁目１３-１０ ２ 階,,http://oshiage-rental.com/,03-6284-1723,"2024-02-29 木曜日 9時00分～21時00分
2024-03-01 金曜日 9時00分～21時00分
2024-03-02 土曜日 9時00分～21時00分
2024-03-03 日曜日 9時00分～21時00分
2024-03-04 月曜日 9時00分～21時00分
2024-03-05 火曜日 9時00分～21時00分
2024-03-06 水曜日 9時00分～21時00分
",1.0,139.814336,35.710824,東京,押上駅,339.0,押上駅,1.0,墨田区,錦糸町,錦糸町,area:錦糸町|station:押上駅|feature:24h|feature:midnight,0,,0
王子飛鳥山レンタルスタジオ,〒114-0023 東京都北区滝野川１丁目４-１１ 滝野川1-4-11塚本ビル1階 塚本ビル,,https://oji.studiosquare.jp/,03-5822-4050,"2024-02-29 木曜日 6時00分～23時00分
2024-03-01 金曜日 6時00分～23時00分
2024-03-02 土曜日 6時00分～23時00分
2024-03-03 日曜日 6時00分～23時00分
2024-03-04 月曜日 6時00分～23時00分
2024-03-05 火曜日 6時00分～23時00分
2024-03-06 水曜日 6時00分～23時00分
",1.0,139.73776,35.7500308,東京,王子駅,267.0,王子駅|王子駅前駅|滝野川一丁目駅|西ケ原駅|西ヶ原四丁目駅|上中里駅|梶原駅|西巣鴨駅|新庚申塚駅|荒川車庫前駅,0.0,北区,赤羽,赤羽,area:赤羽|feature:24h|feature:midnight,0,,0
Premium Machine Pilates 白金高輪駅前店,〒108-0074 東京都港区高輪１丁目２-１６ フラットウェル高輪 6F-C,,https://www.premium-yoga-pilates.com/machine,,"2024-02-29 木曜日 9時00分～21時00分
2024-03-01 金曜日 9時00分～21時00分
2024-03-02 土曜日 9時00分～20時00分
2024-03-03 日曜日 9時00分～20時00分
2024-03-04 月曜日 9時00分～21時30分
2024-03-05 火曜日 9時00分～21時00分
2024-03-06 水曜日 9時00分～21時00分
",1.0,139.7352054,35.644241,東京,田町駅,1130.0,田町駅|麻布十番駅,2.0,港区,六本木,六本木|赤坂|麻布|新橋,area:六本木|station:田町駅|station:麻布十番駅|feature:24h|feature:midnight,0,,0
SHARE TAKANAWA,〒108-0074 東京都港区高輪２丁目１６-３２ 横川ビル ３Ｆ,,https://www.takanawa.space/,,"LGBTQ フレンドリー2024-02-29 木曜日 24 時間営業
2024-03-01 金曜日 24 時間営業
2024-03-02 土曜日 24 時間営業
2024-03-03 日曜日 24 時間営業
2024-03-04 月曜日 24 時間営業
2024-03-05 火曜日 24 時間営業
2024-03-06 水曜日 24 時間営業
",1.0,139.7392668,35.6377886,東京,品川駅,1037.0,品川駅|田町駅,2.0,港区,六本木,六本木|赤坂|麻布|新橋,area:六本木|station:品川駅|station:田町駅|feature:24h|feature:midnight,0,,0
音楽スタジオ ensemble(アンサンブル),〒110-0015 東京都台東区東上野４丁目１０-５ 下条ビル3F,,http://s-ens.net/,03-3841-2904,"2024-02-29 木曜日 10時00分～23時00分
2024-03-01 金曜日 10時00分～23時00分
2024-03-02 土曜日 10時00分～23時00分
2024-03-03 日曜日 10時00分～23時00分
2024-03-04 月曜日 10時00分～23時00分
2024-03-05 火曜日 10時00分～23時00分
2024-03-06 水曜日 10時00分～23時00分
",1.0,139.7797233,35.7140172,東京,上野駅,225.0,上野駅,1.0,台東区,上野,上野|浅草|御徒町|蔵前,area:上野|station:上野駅|feature:24h|feature:midnight,0,,0
下北沢 ヴィンテージスタジオ,〒155-0031 東京都世田谷区北沢２丁目２６-５ 伊澤ビル 3F,,http://vintage.studiosquare.jp/,03-5822-4050,"2024-02-29 木曜日 6時00分～23時00分
2024-03-01 金曜日 6時00分～23時00分
2024-03-02 土曜日 6時00分～23時00分
2024-03-03 日曜日 6時00分～23時00分
2024-03-04 月曜日 6時00分～23時00分
2024-03-05 火曜日 6時00分～23時00分
2024-03-06 水曜日 6時00分～23時00分
",1.0,139.6659616,35.6619067,東京,下北沢駅,259.0,下北沢駅,1.0,世田谷区,下北沢,下北沢|三軒茶屋|二子玉川|自由が丘,area:下北沢|station:下北沢駅|feature:24h|feature:midnight,0,,0
加藤みや子ダンススペース ANNEX SENGAWA-FACTORY,〒182-0002 東京都調布市仙川町２丁目１８-２１,,https://www.asfkdspace.com/,03-3309-7200,"オーナーが女性と確認されたビジネス2024-02-29 木曜日 10時30分～22時00分
2024-03-01 金曜日 10時30分～22時00分
2024-03-02 土曜日 10時30分～22時00分
2024-03-03 日曜日 10時30分～22時00分
2024-03-04 月曜日 定休日
2024-03-05 火曜日 10時30分～22時00分
2024-03-06 水曜日 10時30分～22時00分
",1.0,139.5831316,35.6642639,東京,仙川駅,271.0,仙川駅|つつじヶ丘駅|千歳烏山駅|柴崎駅,0.0,調布市,調布,調布,area:調布|feature:24h|feature:midnight,0,,0
家泉ダンススクール,〒171-0021 東京都豊島区西池袋３丁目２６-５ ニューマツモトビル,,http://www.iezumidance.com/,03-3982-8512,"2024-02-29 木曜日 9時00分～22時00分
2024-03-01 金曜日 9時00分～22時00分
2024-03-02 土曜日 9時00分～17時00分
2024-03-03 日曜日 定休日
2024-03-04 月曜日 9時00分～22時00分
2024-03-05 火曜日 9時00分～22時00分
2024-03-06 水曜日 9時00分～22時00分
",1.0,139.707625,35.730628,東京,池袋駅,313.0,池袋駅,1.0,豊島区,池袋,池袋|目白|大塚|巣鴨,area:池袋|station:池袋駅|feature:24h|feature:midnight,0,,0
花柳 珠絃,〒123-0873 東京都足立区扇１丁目４４-３,,https://www.hanayagi-tamaito.com/about_us/,03-3856-5650,,1.0,139.77673,35.7661728,東京,扇大橋駅,587.0,扇大橋駅|高野駅|江北駅|足立小台駅|大師前駅|西新井駅|西新井大師西駅,0.0,足立区,北千住,北千住,area:北千住,0,,0
外苑前アイランドスタジオ,〒150-0001 東京都渋谷区神宮前３丁目１-２５ 神宮前Ikビル 2階,,https://www.ai-land.co.jp/studio/?utm_source=mybusiness,03-5413-7077,"オーナーが女性と確認されたビジネス2024-02-29 木曜日 9時00分～22時00分
2024-03-01 金曜日 9時00分～22時00分
2024-03-02 土曜日 9時00分～22時00分
2024-03-03 日曜日 9時00分～22時00分
2024-03-04 月曜日 9時00分～22時00分
2024-03-05 火曜日 9時00分～22時00分
2024-03-06 水曜日 9時00分～22時00分
",1.0,139.7140255,35.6700873,東京,外苑前駅,322.0,外苑前駅|表参道駅|青山一丁目駅,3.0,渋谷区,渋谷,渋谷|恵比寿|代官山|原宿,area:渋谷|station:外苑前駅|station:表参道駅|station:青山一丁目駅|feature:24h|feature:midnight,0,,0
学園坂スタジオ,〒187-0043 東京都小平市学園東町７-７ 1-7-41 ナカムラ ビル 3F,,https://www.gakuenzaka.com/,042-202-0423,"2024-02-29 木曜日 9時00分～0時00分
2024-03-01 金曜日 9時00分～0時00分
2024-03-02 土曜日 9時00分～0時00分
2024-03-03 日曜日 9時00分～0時00分
2024-03-04 月曜日 9時00分～0時00分
2024-03-05 火曜日 9時00分～0時00分
2024-03-06 水曜日 9時00分～0時00分
",1.0,139.480228,35.723884,東京,一橋学園駅,239.0,一橋学園駅|青梅街道駅|新小平駅|小平駅|鷹の台駅|萩山駅,0.0,小平市,小平,小平,area:小平|feature:24h|feature:midnight,0,,0
"学園坂スタジオ（E,Fスタジオ）",〒187-0045 東京都小平市学園西町２丁目１４-２０,,https://www.gakuenzaka.com/,042-202-0423,,1.0,139.4796592,35.7232837,東京,一橋学園駅,175.0,一橋学園駅|青梅街道駅|新小平駅|鷹の台駅|小平駅|萩山駅|恋ヶ窪駅,0.0,小平市,小平,小平,area:小平,0,,0
楽?can,〒164-0012 東京都中野区本町２丁目５-７,,http://rakucan.com/,03-6304-2118,,1.0,139.6808683,35.6921941,東京,西新宿五丁目駅（清水橋）,421.0,西新宿五丁目駅（清水橋）|中野坂上駅|中野新橋駅|都庁前駅|西新宿駅|新中野駅|中野富士見町駅|初台駅|東中野駅|新宿西口駅,0.0,中野区,中野,中野,area:中野,0,,0
株式会社Dia Corporation,〒471-0835 愛知県豊田市曙町２丁目16番地 BULS16 101号室,,https://www.instabase.jp/space/7048473698,080-7012-1919,"LGBTQ フレンドリー2024-02-29 木曜日 9時00分～23時00分
2024-03-01 金曜日 9時00分～23時00分
2024-03-02 土曜日 9時00分～23時00分
2024-03-03 日曜日 9時00分～23時00分
2024-03-04 月曜日 9時00分～23時00分
2024-03-05 火曜日 9時00分～23時00分
2024-03-06 水曜日 9時00分～23時00分
",1.0,137.1315373,35.0578306,東京,土橋駅,162.0,土橋駅|三河豊田駅,0.0,その他,その他,その他,feature:24h|feature:midnight,0,,0
株式会社expg family,〒153-0043 東京都目黒区東山１丁目２-２ 目黒東山スクエアビル 4F,,http://www.e-t-c.net/,03-5725-0430,"2024-02-29 木曜日 定休日
2024-03-01 金曜日 11時00分～20時00分
2024-03-02 土曜日 11時00分～20時00分
2024-03-03 日曜日 定休日
2024-03-04 月曜日 11時00分～20時00分
2024-03-05 火曜日 11時00分～20時00分
2024-03-06 水曜日 11時00分～20時00分
",1.0,139.693308,35.6479386,東京,池尻大橋駅,886.0,池尻大橋駅,1.0,目黒区,中目黒,中目黒,area:中目黒|station:池尻大橋駅|feature:24h|feature:midnight,0,,0
Studio Cosmique（スタジオコスミーク）,〒108-0023 東京都港区芝浦２丁目１４ １４-１３ １ 階 Mck芝浦ビル,,http://studiocosmique.com/,,,1.0,139.7522716,35.643892,東京,田町駅,471.0,田町駅,1.0,港区,六本木,六本木|赤坂|麻布|新橋,area:六本木|station:田町駅,0,,0
株式会社ZERO CREATION（Dance Studio FOCUS）,〒166-0003 東京都杉並区高円寺南５丁目３５-１５,,http://dancestudio-focus.com/,03-6304-9061,"LGBTQ フレンドリー2024-02-29 木曜日 10時30分～23時00分
2024-03-01 金曜日 10時30分～23時00分
2024-03-02 土曜日 10時30分～23時00分
2024-03-03 日曜日 10時30分～23時00分
2024-03-04 月曜日 10時30分～23時00分
2024-03-05 火曜日 10時30分～23時00分
2024-03-06 水曜日 10時30分～23時00分
",1.0,139.657904,35.7053738,東京,中野駅,718.0,中野駅,1.0,杉並区,高円寺,高円寺,area:高円寺|station:中野駅|feature:24h|feature:midnight,0,,0
蒲田COZYレンタルダンススタジオ,〒144-0052 東京都大田区蒲田５丁目６-１２ イワシタビル 2F,,https://cozy.studiosquare.jp/,03-5822-4050,"2024-02-29 木曜日 24 時間営業
2024-03-01 金曜日 24 時間営業
2024-03-02 土曜日 24 時間営業
2024-03-03 日曜日 24 時間営業
2024-03-04 月曜日 24 時間営業
2024-03-05 火曜日 24 時間営業
2024-03-06 水曜日 24 時間営業
",1.0,139.7185475,35.5635677,東京,蒲田駅,257.0,蒲田駅,1.0,大田区,蒲田,蒲田,area:蒲田|station:蒲田駅|feature:24h|feature:midnight,0,,0
吉祥寺 レンタルスタジオ LC Rental,〒180-0004 東京都武蔵野市吉祥寺本町１丁目２４-７ 吉祥寺光ビル 6F,,http://lcrental.xyz/,0422-29-3095,"2024-02-29 木曜日 11時30分～22時00分
2024-03-01 金曜日 10時30分～22時00分
2024-03-02 土曜日 11時30分～22時00分
2024-03-03 日曜日 10時30分～22時00分
2024-03-04 月曜日 定休日
2024-03-05 火曜日 11時30分～22時00分
2024-03-06 水曜日 11時30分～22時00分
",1.0,139.5814103,35.703487,東京,吉祥寺駅,146.0,吉祥寺駅,1.0,武蔵野市,吉祥寺,吉祥寺,area:吉祥寺|station:吉祥寺駅|feature:24h|feature:midnight,0,,0
吉祥寺 吉すた レンタルスタジオ,〒180-0003 東京都武蔵野市吉祥寺南町２丁目２０-８ Ｋ＆Ｆビル 1Ｆ,,https://kichijoji.studiosquare.jp/,03-5822-4050,"2024-02-29 木曜日 7時00分～23時00分
2024-03-01 金曜日 7時00分～23時00分
2024-03-02 土曜日 7時00分～23時00分
2024-03-03 日曜日 7時00分～23時00分
2024-03-04 月曜日 7時00分～23時00分
2024-03-05 火曜日 7時00分～23時00分
2024-03-06 水曜日 7時00分～23時00分
",1.0,139.5850369,35.7003339,東京,吉祥寺駅,564.0,吉祥寺駅,1.0,武蔵野市,吉祥寺,吉祥寺,area:吉祥寺|station:吉祥寺駅|feature:24h|feature:midnight,0,,0
吉祥寺 三鷹 モリノスタジオ,〒181-0013 東京都三鷹市下連雀１丁目１７-４ GRATO井の頭公園 2F,,https://morino.studiosquare.jp/,03-5822-4050,"2024-02-29 木曜日 7時00分～0時00分
2024-03-01 金曜日 7時00分～0時00分
2024-03-02 土曜日 7時00分～0時00分
2024-03-03 日曜日 7時00分～0時00分
2024-03-04 月曜日 7時00分～0時00分
2024-03-05 火曜日 7時00分～0時00分
2024-03-06 水曜日 7時00分～0時00分
",1.0,139.5700729,35.6984815,東京,三鷹駅,923.0,三鷹駅|吉祥寺駅,2.0,三鷹市,三鷹,三鷹,area:三鷹|station:三鷹駅|station:吉祥寺駅|feature:24h|feature:midnight,0,,0
吉祥寺スタジオ・レダ,〒180-0002 東京都武蔵野市吉祥寺東町１丁目１１-１８ Ｍビル 2F,,,0422-23-7227,"2024-02-29 木曜日 10時00分～23時00分
2024-03-01 金曜日 10時00分～23時00分
2024-03-02 土曜日 10時00分～23時00分
2024-03-03 日曜日 10時00分～23時00分
2024-03-04 月曜日 10時00分～23時00分
2024-03-05 火曜日 10時00分～23時00分
2024-03-06 水曜日 10時00分～23時00分
",1.0,139.5835092,35.7056217,東京,吉祥寺駅,430.0,吉祥寺駅,1.0,武蔵野市,吉祥寺,吉祥寺,area:吉祥寺|station:吉祥寺駅|feature:24h|feature:midnight,0,,0
吉祥寺ダンスガレージ レンタルスタジオ,〒180-0003 東京都武蔵野市吉祥寺南町２丁目２９-１２ 1F 東伸自動車株式会社ビル,,https://garage.studiosquare.jp/,03-5822-4050,"2024-02-29 木曜日 7時00分～22時00分
2024-03-01 金曜日 7時00分～22時00分
2024-03-02 土曜日 7時00分～22時00分
2024-03-03 日曜日 7時00分～22時00分
2024-03-04 月曜日 7時00分～22時00分
2024-03-05 火曜日 7時00分～22時00分
2024-03-06 水曜日 7時00分～22時00分
",1.0,139.585428,35.700233,東京,吉祥寺駅,599.0,吉祥寺駅,1.0,武蔵野市,吉祥寺,吉祥寺,area:吉祥寺|station:吉祥寺駅|feature:24h|feature:midnight,0,,0
吉祥寺ダンススタジオ【STUDIO55】スタジオゴーゴー,〒180-0004 東京都武蔵野市吉祥寺本町１丁目３３-１０ 丸二ビル,,https://www.studio55.tv/,0422-27-5514,"LGBTQ フレンドリー2024-02-29 木曜日 10時00分～20時00分
2024-03-01 金曜日 10時00分～20時00分
2024-03-02 土曜日 11時00分～18時00分
2024-03-03 日曜日 定休日
2024-03-04 月曜日 10時00分～20時00分
2024-03-05 火曜日 10時00分～20時00分
2024-03-06 水曜日 10時00分～21時30分
",1.0,139.5837722,35.7050103,東京,吉祥寺駅,410.0,吉祥寺駅,1.0,武蔵野市,吉祥寺,吉祥寺,area:吉祥寺|station:吉祥寺駅|feature:24h|feature:midnight,0,,0
吉祥寺レンタルスペース[Studio Amrita WEST],"吉祥寺藤彩ビル B1, ２丁目-１７-１２ 吉祥寺本町 武蔵野市 東京都 180-0004",,http://rental.studioamrita.com/,0422-23-6611,"LGBTQ フレンドリー2024-02-29 木曜日 5時00分～23時00分
2024-03-01 金曜日 5時00分～23時00分
2024-03-02 土曜日 5時00分～23時00分
2024-03-03 日曜日 5時00分～23時00分
2024-03-04 月曜日 5時00分～23時00分
2024-03-05 火曜日 5時00分～23時00分
2024-03-06 水曜日 5時00分～23時00分
",1.0,139.5762962,35.7044683,東京,吉祥寺駅,353.0,吉祥寺駅,1.0,武蔵野市,吉祥寺,吉祥寺,area:吉祥寺|station:吉祥寺駅|feature:24h|feature:midnight,0,,0
宮益坂十間スタジオ,〒150-0002 東京都渋谷区渋谷１丁目１０-７ Ⅲ B1 (受付・Bスタジオ)、北館5F(Aスタジオ 宮益坂Stビル,,http://www.jikkenst.com/,03-6712-5853,"2024-02-29 木曜日 9時00分～23時00分
2024-03-01 金曜日 9時00分～23時00分
2024-03-02 土曜日 9時00分～23時00分
2024-03-03 日曜日 9時00分～23時00分
2024-03-04 月曜日 9時00分～23時00分
2024-03-05 火曜日 9時00分～23時00分
2024-03-06 水曜日 9時00分～23時00分
",1.0,139.7049533,35.6605025,東京,渋谷駅,406.0,渋谷駅|表参道駅|原宿駅,3.0,渋谷区,渋谷,渋谷|恵比寿|代官山|原宿,area:渋谷|station:渋谷駅|station:表参道駅|station:原宿駅|feature:24h|feature:midnight,0,,0
宮地楽器 MUSIC JOY 府中 ヤマハ音楽教室,〒183-0023 東京都府中市宮町１丁目１００ ル・シーニュ 4F,,http://www.miyajimusic.com/school/mjfuchu/,042-352-8885,"2024-02-29 木曜日 10時00分～20時50分
2024-03-01 金曜日 10時00分～20時50分
2024-03-02 土曜日 10時00分～20時50分
2024-03-03 日曜日 10時00分～18時00分
2024-03-04 月曜日 10時00分～20時50分
2024-03-05 火曜日 10時00分～20時50分
2024-03-06 水曜日 10時00分～20時50分
",1.0,139.4796255,35.6718027,東京,府中駅,430.0,府中駅,1.0,府中市,府中,府中,area:府中|station:府中駅|feature:24h|feature:midnight,0,,0
宮地楽器 国分寺センター,〒185-0021 東京都国分寺市南町３丁目１２-２ 国分寺宮地ビル,,https://www.miyajimusic.com/school/kokubunji/,042-321-2821,"2024-02-29 木曜日 10時00分～21時00分
2024-03-01 金曜日 10時00分～21時00分
2024-03-02 土曜日 10時00分～21時00分
2024-03-03 日曜日 10時00分～14時00分
2024-03-04 月曜日 10時00分～21時00分
2024-03-05 火曜日 10時00分～21時00分
2024-03-06 水曜日 10時00分～21時00分
",1.0,139.4799262,35.6978153,東京,国分寺駅,316.0,国分寺駅,1.0,国分寺市,国分寺,国分寺,area:国分寺|station:国分寺駅|feature:24h|feature:midnight,0,,0
GUIDANCE DANCE STUDIO,〒987-0702 宮城県登米市登米町寺池目子待井34,,https://www.guidance-studio.com/,,"2024-02-29 木曜日 18時30分～22時00分
2024-03-01 金曜日 17時30分～22時00分
2024-03-02 土曜日 15時30分～22時00分
2024-03-03 日曜日 定休日
2024-03-04 月曜日 定休日
2024-03-05 火曜日 16時30分～22時00分
2024-03-06 水曜日 18時30分～22時00分
",1.0,141.2764825,38.6563261,東京,なし,,,0.0,その他,その他,その他,feature:24h|feature:midnight,0,,0
京橋ララサロン（KYOBASHI LALA SALON）,〒104-0032 東京都中央区八丁堀２丁目１９-６ ヤサカ八丁堀ビルB1,,https://www.instabase.jp/space/2350926945,03-4288-8680,"2024-02-29 木曜日 7時00分～23時00分
2024-03-01 金曜日 7時00分～23時00分
2024-03-02 土曜日 7時00分～23時00分
2024-03-03 日曜日 7時00分～23時00分
2024-03-04 月曜日 7時00分～23時00分
2024-03-05 火曜日 7時00分～23時00分
2024-03-06 水曜日 7時00分～23時00分
",1.0,139.7763914,35.6757523,東京,東京駅,1036.0,東京駅|有楽町駅,2.0,中央区,銀座,銀座|日本橋|八丁堀|月島,area:銀座|station:東京駅|station:有楽町駅|feature:24h|feature:midnight,0,,0
鏡陽司ダンススタジオ,〒187-0035 東京都小平市小川西町３丁目１９-１ ハイム?Ⅱビル １F,,https://startskoko.wixsite.com/mysite6,042-344-7177,,1.0,139.4629057,35.7401647,東京,小川駅,299.0,小川駅|八坂駅|新小平駅|萩山駅|久米川駅|青梅街道駅|鷹の台駅,0.0,小平市,小平,小平,area:小平,0,,0
金町 レンタルスタジオ ダンスロッヂ,〒125-0042 東京都葛飾区金町６丁目１２-１３ セザール金町マンション １０１,,https://lodge.studiosquare.jp/,03-5822-4050,"2024-02-29 木曜日 24 時間営業
2024-03-01 金曜日 24 時間営業
2024-03-02 土曜日 24 時間営業
2024-03-03 日曜日 24 時間営業
2024-03-04 月曜日 24 時間営業
2024-03-05 火曜日 24 時間営業
2024-03-06 水曜日 24 時間営業
",1.0,139.8743656,35.7688042,東京,京成金町駅,350.0,京成金町駅|金町駅|柴又駅,0.0,葛飾区,新小岩,新小岩,area:新小岩|feature:24h|feature:midnight,0,,0
金町カフェレンタルスタジオ,〒125-0041 東京都葛飾区東金町１丁目３８-４ ニュー金町ビル ４F,,https://kanamachi.inforent.jp/,03-5822-4050,"2024-02-29 木曜日 24 時間営業
2024-03-01 金曜日 24 時間営業
2024-03-02 土曜日 24 時間営業
2024-03-03 日曜日 24 時間営業
2024-03-04 月曜日 24 時間営業
2024-03-05 火曜日 24 時間営業
2024-03-06 水曜日 24 時間営業
",1.0,139.8716255,35.7709014,東京,金町駅,175.0,金町駅|京成金町駅|柴又駅,0.0,葛飾区,新小岩,新小岩,area:新小岩|feature:24h|feature:midnight,0,,0
銀座花道スタジオ,〒104-0061 東京都中央区銀座３丁目１４-１８ 小野寺ビル 2F,,https://ginza.studiosquare.jp/,03-5822-4050,"2024-02-29 木曜日 24 時間営業
2024-03-01 金曜日 24 時間営業
2024-03-02 土曜日 24 時間営業
2024-03-03 日曜日 24 時間営業
2024-03-04 月曜日 24 時間営業
2024-03-05 火曜日 24 時間営業
2024-03-06 水曜日 24 時間営業
",1.0,139.7696322,35.6703878,東京,有楽町駅,772.0,有楽町駅|新橋駅,2.0,中央区,銀座,銀座|日本橋|八丁堀|月島,area:銀座|station:有楽町駅|station:新橋駅|feature:24h|feature:midnight,0,,0
駒場アートワークス,〒153-0041 東京都目黒区駒場２丁目１２-２,,https://www.artworks-st.com/komaba,03-3404-1004,,1.0,139.6812,35.657155,東京,池尻大橋駅,777.0,池尻大橋駅,1.0,目黒区,中目黒,中目黒,area:中目黒|station:池尻大橋駅,0,,0
駒沢ダンスガーデン,〒154-0011 東京都世田谷区上馬３丁目７-８,,https://www.ks-co.co.jp/,03-3419-9876,"2024-02-29 木曜日 12時00分～21時00分
2024-03-01 金曜日 12時00分～21時00分
2024-03-02 土曜日 12時30分～20時30分
2024-03-03 日曜日 定休日
2024-03-04 月曜日 12時00分～21時00分
2024-03-05 火曜日 12時00分～21時00分
2024-03-06 水曜日 12時00分～21時00分
",1.0,139.663525,35.634396,東京,三軒茶屋駅,1165.0,三軒茶屋駅,1.0,世田谷区,下北沢,下北沢|三軒茶屋|二子玉川|自由が丘,area:下北沢|station:三軒茶屋駅|feature:24h|feature:midnight,0,,0
恵比寿ガーデンプレイス,〒150-0013 東京都渋谷区恵比寿４丁目２０,,https://gardenplace.jp/,03-5423-7111,"2024-02-29 木曜日 7時00分～0時00分
2024-03-01 金曜日 7時00分～0時00分
2024-03-02 土曜日 7時00分～0時00分
2024-03-03 日曜日 7時00分～0時00分
2024-03-04 月曜日 7時00分～0時00分
2024-03-05 火曜日 7時00分～0時00分
2024-03-06 水曜日 7時00分～0時00分
",1.0,139.7138345,35.6424892,東京,恵比寿駅,576.0,恵比寿駅|目黒駅,2.0,渋谷区,渋谷,渋谷|恵比寿|代官山|原宿,area:渋谷|station:恵比寿駅|station:目黒駅|feature:24h|feature:midnight,0,,0
恵比寿ガーデンプレイスタワー,〒150-6003 東京都渋谷区恵比寿４丁目２０-３,,https://gardenplace.jp/,03-5423-7111,,1.0,139.7134251,35.6421979,東京,恵比寿駅,583.0,恵比寿駅|目黒駅,2.0,渋谷区,渋谷,渋谷|恵比寿|代官山|原宿,area:渋谷|station:恵比寿駅|station:目黒駅,0,,0
恵比寿ヒルサイドスタジオ,〒150-0022 東京都渋谷区恵比寿南２丁目２１-８ 恵比寿ファインヒル B１,,http://ebisustudio.tokyo/studio/,03-5725-7980,"2024-02-29 木曜日 10時00分～23時00分
2024-03-01 金曜日 10時00分～23時00分
2024-03-02 土曜日 10時00分～23時00分
2024-03-03 日曜日 10時00分～23時00分
2024-03-04 月曜日 10時00分～23時00分
2024-03-05 火曜日 10時00分～23時00分
2024-03-06 水曜日 10時00分～23時00分
",1.0,139.7095865,35.642641,東京,恵比寿駅,453.0,恵比寿駅|目黒駅,2.0,渋谷区,渋谷,渋谷|恵比寿|代官山|原宿,area:渋谷|station:恵比寿駅|station:目黒駅|feature:24h|feature:midnight,0,,0
結城ダンス教室,〒189-0013 東京都東村山市栄町２丁目８-６ 丸鈴ビル,,http://youki-dk.com/,042-395-9518,"2024-02-29 木曜日 13時00分～21時00分
2024-03-01 金曜日 13時00分～21時00分
2024-03-02 土曜日 13時00分～21時00分
2024-03-03 日曜日 定休日
2024-03-04 月曜日 13時00分～21時00分
2024-03-05 火曜日 13時00分～21時00分
2024-03-06 水曜日 13時00分～21時00分
",1.0,139.4725222,35.7490198,東京,久米川駅,121.0,久米川駅|八坂駅|萩山駅|東村山駅|小川駅|小平駅,0.0,東村山市,東村山,東村山,area:東村山|feature:24h|feature:midnight,0,,0
月島スタジオ,〒104-0052 東京都中央区月島１丁目１４-７,,https://www.daikanyamastudio.jp/studio_space/studio_tsukishima/,03-6890-0789,,1.0,139.781512,35.6655765,東京,月島駅,301.0,月島駅|勝どき駅|築地駅|新富町駅|越中島駅|八丁堀駅|築地市場駅|東銀座駅|宝町駅|門前仲町駅,0.0,中央区,銀座,銀座|日本橋|八丁堀|月島,area:銀座,0,,0
原宿MOA,〒151-0051 東京都渋谷区千駄ケ谷３丁目５１-６ 原宿ＭＯＡ ビルM1F,,https://harajuku.inforent.jp/,03-5822-4050,"2024-02-29 木曜日 7時00分～23時00分
2024-03-01 金曜日 7時00分～23時00分
2024-03-02 土曜日 7時00分～23時00分
2024-03-03 日曜日 7時00分～23時00分
2024-03-04 月曜日 7時00分～23時00分
2024-03-05 火曜日 7時00分～23時00分
2024-03-06 水曜日 7時00分～23時00分
",1.0,139.7062752,35.6749837,東京,原宿駅,626.0,原宿駅|代々木駅|外苑前駅,3.0,渋谷区,渋谷,渋谷|恵比寿|代官山|原宿,area:渋谷|station:原宿駅|station:代々木駅|station:外苑前駅|feature:24h|feature:midnight,0,,0
ENJOINT DANCE CLUB,〒153-0061 東京都目黒区中目黒３丁目５-１８-３１２,,http://www.enjoint.tokyo/,,,1.0,139.7019442,35.6395172,東京,恵比寿駅,1086.0,恵比寿駅,1.0,目黒区,中目黒,中目黒,area:中目黒|station:恵比寿駅,0,,0
御茶ノ水 おちゃすた レンタルスタジオ,〒101-0052 東京都千代田区神田小川町３丁目１４-２ 漢陽ビル Ｂ1Ｆ,,https://ocha.studiosquare.jp/,03-5822-4050,"2024-02-29 木曜日 6時00分～23時00分
2024-03-01 金曜日 6時00分～23時00分
2024-03-02 土曜日 6時00分～23時00分
2024-03-03 日曜日 6時00分～23時00分
2024-03-04 月曜日 6時00分～23時00分
2024-03-05 火曜日 6時00分～23時00分
2024-03-06 水曜日 6時00分～23時00分
",1.0,139.7609474,35.6964174,東京,神保町駅,305.0,神保町駅|新御茶ノ水駅|御茶ノ水駅|小川町駅|竹橋駅|九段下駅|水道橋駅|神田駅|大手町駅|岩本町駅,0.0,千代田区,秋葉原,秋葉原,area:秋葉原|feature:24h|feature:midnight,0,,0
Akimotoレンタルスタジオ,〒153-0051 東京都目黒区上目黒１丁目１６-１１ 秋元ビル,,https://www.rentalspace-akimoto.com/,,"2024-02-29 木曜日 9時00分～22時00分
2024-03-01 金曜日 9時00分～22時00分
2024-03-02 土曜日 9時00分～22時00分
2024-03-03 日曜日 9時00分～22時00分
2024-03-04 月曜日 9時00分～22時00分
2024-03-05 火曜日 9時00分～22時00分
2024-03-06 水曜日 9時00分～22時00分
",1.0,139.6976346,35.6459142,東京,恵比寿駅,1130.0,恵比寿駅,1.0,目黒区,中目黒,中目黒,area:中目黒|station:恵比寿駅|feature:24h|feature:midnight,0,,0
御茶ノ水 レンタルスタジオ,〒101-0062 東京都千代田区神田駿河台２丁目６-１５ ４Ｆ,,https://ochanomizu.inforent.jp/,03-5822-4050,"2024-02-29 木曜日 24 時間営業
2024-03-01 金曜日 24 時間営業
2024-03-02 土曜日 24 時間営業
2024-03-03 日曜日 24 時間営業
2024-03-04 月曜日 24 時間営業
2024-03-05 火曜日 24 時間営業
2024-03-06 水曜日 24 時間営業
",1.0,139.764411,35.6995302,東京,秋葉原駅,891.0,秋葉原駅,1.0,千代田区,秋葉原,秋葉原,area:秋葉原|station:秋葉原駅|feature:24h|feature:midnight,0,,0
御殿山永谷ダンススタジオ,〒180-0005 東京都武蔵野市御殿山１丁目６-４ 太陽ビル,,http://www.ntgp.co.jp/,0422-21-9325,,1.0,139.576568,35.702696,東京,吉祥寺駅,301.0,吉祥寺駅,1.0,武蔵野市,吉祥寺,吉祥寺,area:吉祥寺|station:吉祥寺駅,0,,0
広尾ピースオブモダンダンススタジオ,〒106-0047 東京都港区南麻布５丁目１３-１２,,https://pomdance.com/,03-6277-1052,"2024-02-29 木曜日 10時00分～18時00分
2024-03-01 金曜日 10時00分～18時00分
2024-03-02 土曜日 10時00分～18時00分
2024-03-03 日曜日 10時00分～18時00分
2024-03-04 月曜日 定休日
2024-03-05 火曜日 10時00分～18時00分
2024-03-06 水曜日 10時00分～18時00分
",1.0,139.7234528,35.6522003,東京,麻布十番駅,1038.0,麻布十番駅,1.0,港区,六本木,六本木|赤坂|麻布|新橋,area:六本木|station:麻布十番駅|feature:24h|feature:midnight,0,,0
江古田ダンスアカデミー,〒176-0006 東京都練馬区４６ 栄町46-1東和ビル2階,,http://www.ekoda-dance.com/,03-6914-5165,"2024-02-29 木曜日 12時00分～22時00分
2024-03-01 金曜日 12時00分～22時00分
2024-03-02 土曜日 12時00分～18時00分
2024-03-03 日曜日 定休日
2024-03-04 月曜日 12時00分～22時00分
2024-03-05 火曜日 12時00分～22時00分
2024-03-06 水曜日 12時00分～22時00分
",1.0,139.6692296,35.7399733,東京,新桜台駅,145.0,新桜台駅|江古田駅|桜台駅|新江古田駅|小竹向原駅|氷川台駅|練馬駅|東長崎駅|千川駅|豊島園駅,0.0,練馬区,練馬,練馬,area:練馬|feature:24h|feature:midnight,0,,0
高円寺 フェニックス レンタルスタジオ,〒166-0003 東京都杉並区高円寺南２丁目５３-１,,https://phoenix.studiosquare.jp/,03-5822-4050,"2024-02-29 木曜日 24 時間営業
2024-03-01 金曜日 24 時間営業
2024-03-02 土曜日 24 時間営業
2024-03-03 日曜日 24 時間営業
2024-03-04 月曜日 24 時間営業
2024-03-05 火曜日 24 時間営業
2024-03-06 水曜日 24 時間営業
",1.0,139.6536548,35.7017166,東京,中野駅,1189.0,中野駅,1.0,杉並区,高円寺,高円寺,area:高円寺|station:中野駅|feature:24h|feature:midnight,0,,0
高円寺・中野レンタルダンススタジオEmotions,〒166-0002 東京都杉並区高円寺北１丁目３-２,,https://studio-emotions.com/,03-6382-5933,"2024-02-29 木曜日 24 時間営業
2024-03-01 金曜日 24 時間営業
2024-03-02 土曜日 24 時間営業
2024-03-03 日曜日 24 時間営業
2024-03-04 月曜日 24 時間営業
2024-03-05 火曜日 24 時間営業
2024-03-06 水曜日 24 時間営業
",1.0,139.6550921,35.7055579,東京,中野駅,971.0,中野駅,1.0,杉並区,高円寺,高円寺,area:高円寺|station:中野駅|feature:24h|feature:midnight,0,,0
高円寺スタジオ,〒166-0002 東京都杉並区高円寺北２丁目７-７ 地下１階 高円寺名店ビル,,https://kouenji-studio.com/,03-3337-5116,"2024-02-29 木曜日 9時00分～22時00分
2024-03-01 金曜日 9時00分～22時00分
2024-03-02 土曜日 9時00分～22時00分
2024-03-03 日曜日 9時00分～22時00分
2024-03-04 月曜日 9時00分～22時00分
2024-03-05 火曜日 9時00分～22時00分
2024-03-06 水曜日 9時00分～22時00分
",1.0,139.6499137,35.7066248,東京,高円寺駅,147.0,高円寺駅|新高円寺駅|東高円寺駅|阿佐ヶ谷駅|中野駅|野方駅|南阿佐ケ谷駅|都立家政駅|沼袋駅|新中野駅,0.0,杉並区,高円寺,高円寺,area:高円寺|feature:24h|feature:midnight,0,,0
高円寺フェニックススタジオ,〒166-0003 東京都杉並区５３ 高円寺南2-53-1 FLAT・KOU1階,,http://phoenix.studiosquare.jp/,03-5822-4050,"2024-02-29 木曜日 24 時間営業
2024-03-01 金曜日 24 時間営業
2024-03-02 土曜日 24 時間営業
2024-03-03 日曜日 24 時間営業
2024-03-04 月曜日 24 時間営業
2024-03-05 火曜日 24 時間営業
2024-03-06 水曜日 24 時間営業
",1.0,139.6536473,35.7016409,東京,中野駅,1193.0,中野駅,1.0,杉並区,高円寺,高円寺,area:高円寺|station:中野駅|feature:24h|feature:midnight,0,,0
高田馬場 ペガサス,〒171-0033 東京都豊島区高田３丁目１３-８ 吉見ビル 2F,,https://pegasus.studiosquare.jp/,03-5822-4050,"2024-02-29 木曜日 6時00分～0時00分
2024-03-01 金曜日 6時00分～0時00分
2024-03-02 土曜日 6時00分～0時00分
2024-03-03 日曜日 6時00分～0時00分
2024-03-04 月曜日 6時00分～0時00分
2024-03-05 火曜日 6時00分～0時00分
2024-03-06 水曜日 6時00分～0時00分
",1.0,139.7055344,35.7152739,東京,高田馬場駅,368.0,高田馬場駅,1.0,豊島区,池袋,池袋|目白|大塚|巣鴨,area:池袋|station:高田馬場駅|feature:24h|feature:midnight,0,,0
麹町スタジオ,〒102-0093 東京都千代田区平河町１丁目５-１６ アオキスタジオビル,,http://www.kpla.co.jp/studio/,03-3264-3951,"2024-02-29 木曜日 24 時間営業
2024-03-01 金曜日 24 時間営業
2024-03-02 土曜日 24 時間営業
2024-03-03 日曜日 24 時間営業
2024-03-04 月曜日 24 時間営業
2024-03-05 火曜日 24 時間営業
2024-03-06 水曜日 24 時間営業
",1.0,139.7392202,35.6825305,東京,赤坂駅,1023.0,赤坂駅,1.0,千代田区,秋葉原,秋葉原,area:秋葉原|station:赤坂駅|feature:24h|feature:midnight,0,,0
国分寺 プレイス レンタルスタジオ,〒185-0021 東京都国分寺市南町３丁目３-２０ ロイヤルプレイス南町 B1,,https://kokubunji.studiosquare.jp/,03-5822-4050,"2024-02-29 木曜日 24 時間営業
2024-03-01 金曜日 24 時間営業
2024-03-02 土曜日 24 時間営業
2024-03-03 日曜日 24 時間営業
2024-03-04 月曜日 24 時間営業
2024-03-05 火曜日 24 時間営業
2024-03-06 水曜日 24 時間営業
",1.0,139.4784564,35.6974808,東京,国分寺駅,404.0,国分寺駅,1.0,国分寺市,国分寺,国分寺,area:国分寺|station:国分寺駅|feature:24h|feature:midnight,0,,0
国立ミュージカルスタジオ,〒186-0002 東京都国立市東１丁目１-１?２９ 第2いちやまハイツ 3F,,http://un-even.com/,042-505-5968,"2024-02-29 木曜日 10時00分～19時00分
2024-03-01 金曜日 10時00分～19時00分
2024-03-02 土曜日 10時00分～19時00分
2024-03-03 日曜日 10時00分～19時00分
2024-03-04 月曜日 10時00分～19時00分
2024-03-05 火曜日 10時00分～19時00分
2024-03-06 水曜日 10時00分～19時00分
",1.0,139.4479896,35.6990531,東京,国立駅,179.0,国立駅|西国分寺駅|谷保駅|恋ヶ窪駅,0.0,国立市,国立,国立,area:国立|feature:24h|feature:midnight,0,,0
佐々木隆子タップダンススタジオ（蒲田本部スタジオ）,〒144-0035 東京都大田区南蒲田３丁目８-３０,,https://gooschool.jp/sc/7104147/sh0001/,090-1794-0992,"2024-02-29 木曜日 10時00分～19時00分
2024-03-01 金曜日 10時00分～19時00分
2024-03-02 土曜日 10時00分～19時00分
2024-03-03 日曜日 10時00分～19時00分
2024-03-04 月曜日 10時00分～19時00分
2024-03-05 火曜日 10時00分～19時00分
2024-03-06 水曜日 10時00分～19時00分
",1.0,139.725079,35.554262,東京,糀谷駅,402.0,糀谷駅|京急蒲田駅|雑色駅|蒲田駅|大鳥居駅|梅屋敷駅|蓮沼駅,0.0,大田区,蒲田,蒲田,area:蒲田|feature:24h|feature:midnight,0,,0
タイムズ東京タワーサイド第２,〒105-0011 東京都港区芝公園４丁目４,,https://times-info.net/P13-tokyo/C103/park-detail-BUK0032408/?utm_source=detail&utm_medium=map&utm_campaign=mybusiness,,"2024-02-29 木曜日 24 時間営業
2024-03-01 金曜日 24 時間営業
2024-03-02 土曜日 24 時間営業
2024-03-03 日曜日 24 時間営業
2024-03-04 月曜日 24 時間営業
2024-03-05 火曜日 24 時間営業
2024-03-06 水曜日 24 時間営業
",1.0,139.744461,35.657583,東京,麻布十番駅,954.0,麻布十番駅|浜松町駅,2.0,港区,六本木,六本木|赤坂|麻布|新橋,area:六本木|station:麻布十番駅|station:浜松町駅|feature:24h|feature:midnight,0,,0
桜丘けい子ジャズダンススタジオ,〒275-0016 千葉県習志野市１１ 習志野市津田沼２丁目１１-２０ ハイツエバグリーン津田沼二号棟 1F,,https://sakuraokajazz.wixsite.com/sakujazz,047-475-5696,,1.0,140.02412,35.687679,東京,新津田沼駅,285.0,新津田沼駅|京成津田沼駅|津田沼駅|谷津駅|前原駅,0.0,その他,その他,その他,,0,,0
撮影スタジオ【スタジオトランバネーロ】,〒115-0045 東京都北区赤羽１丁目５１-４ 赤銀ビル 201号,,http://studio-tranbanero.jp/,070-4762-9950,"LGBTQ フレンドリー2024-02-29 木曜日 9時00分～22時00分
2024-03-01 金曜日 9時00分～22時00分
2024-03-02 土曜日 9時00分～22時00分
2024-03-03 日曜日 9時00分～22時00分
2024-03-04 月曜日 9時00分～22時00分
2024-03-05 火曜日 9時00分～22時00分
2024-03-06 水曜日 9時00分～22時00分
",1.0,139.7215267,35.783066,東京,赤羽駅,662.0,赤羽駅,1.0,北区,赤羽,赤羽,area:赤羽|station:赤羽駅|feature:24h|feature:shooting|feature:midnight,0,,0
三浦恵子ダンススタジオ,〒444-0931 愛知県岡崎市大和町平野２２,,http://www.miura-ds.com/,0564-32-6095,,1.0,137.1290588,34.9497407,東京,西岡崎駅,679.0,西岡崎駅|矢作橋駅,0.0,その他,その他,その他,,0,,0
三軒茶屋 銀杏の葉 レンタルダンススタジオ,〒154-0004 東京都世田谷区太子堂１丁目４-３３ アークビル 3F,,https://icho.studiosquare.jp/,03-5822-4050,"2024-02-29 木曜日 24 時間営業
2024-03-01 金曜日 24 時間営業
2024-03-02 土曜日 24 時間営業
2024-03-03 日曜日 24 時間営業
2024-03-04 月曜日 24 時間営業
2024-03-05 火曜日 24 時間営業
2024-03-06 水曜日 24 時間営業
",1.0,139.6773692,35.6465445,東京,池尻大橋駅,750.0,池尻大橋駅|三軒茶屋駅,2.0,世田谷区,下北沢,下北沢|三軒茶屋|二子玉川|自由が丘,area:下北沢|station:池尻大橋駅|station:三軒茶屋駅|feature:24h|feature:midnight,0,,0
三軒茶屋リーフスタジオ,〒154-0004 東京都世田谷区太子堂３丁目１４-８ 太子堂COMPLEX 3F 300号室,,http://leaf.studiosquare.jp/,03-5822-4050,"2024-02-29 木曜日 24 時間営業
2024-03-01 金曜日 24 時間営業
2024-03-02 土曜日 24 時間営業
2024-03-03 日曜日 24 時間営業
2024-03-04 月曜日 24 時間営業
2024-03-05 火曜日 24 時間営業
2024-03-06 水曜日 24 時間営業
",1.0,139.6695842,35.6471884,東京,三軒茶屋駅,385.0,三軒茶屋駅,1.0,世田谷区,下北沢,下北沢|三軒茶屋|二子玉川|自由が丘,area:下北沢|station:三軒茶屋駅|feature:24h|feature:midnight,0,,0
三鷹イレブン会館 永谷ダンススタジオ 貸会議室,〒180-0006 東京都武蔵野市中町２丁目１３-１,,http://www.ntgp.co.jp/,0422-21-9325,,1.0,139.563459,35.704929,東京,三鷹駅,397.0,三鷹駅,1.0,武蔵野市,吉祥寺,吉祥寺,area:吉祥寺|station:三鷹駅,0,,0
山県順子モダンバレエスタジオ,〒140-0014 東京都品川区大井３丁目４-８,,http://www.yoriko-dance.com/index.html,03-3773-7355,,1.0,139.7322519,35.6033341,東京,大井町駅,419.0,大井町駅,1.0,品川区,品川,品川|五反田|大井町|目黒,area:品川|station:大井町駅,0,,0
山田誠ダンススタジオ,〒190-0012 東京都立川市曙町２丁目３２-２ 中山本社ビル,,http://www7b.biglobe.ne.jp/~yamadamakotodance/,042-525-1588,"2024-02-29 木曜日 13時00分～21時00分
2024-03-01 金曜日 13時00分～21時00分
2024-03-02 土曜日 12時00分～18時00分
2024-03-03 日曜日 定休日
2024-03-04 月曜日 定休日
2024-03-05 火曜日 13時00分～21時00分
2024-03-06 水曜日 13時00分～21時00分
",1.0,139.415768,35.701669,東京,立川駅,441.0,立川駅,1.0,立川市,立川,立川,area:立川|station:立川駅|feature:24h|feature:midnight,0,,0
仕田原 京 バレエスタジオ,〒158-0082 東京都世田谷区等々力２丁目１８-７,,http://www.miyako-ballet.biz/,03-5707-0863,,1.0,139.652524,35.6064433,東京,尾山台駅,136.0,尾山台駅|等々力駅|九品仏駅|上野毛駅|自由が丘駅|田園調布駅|奥沢駅,0.0,世田谷区,下北沢,下北沢|三軒茶屋|二子玉川|自由が丘,area:下北沢,0,,0
寺島ゆかりバレエクラス スタジオ マカロン,〒154-0022 東京都世田谷区梅丘１丁目２０-９ 梅ヶ丘プラザ 2F,,http://macaron-ballet.jp/,080-4345-1102,"オーナーが女性と確認されたビジネス2024-02-29 木曜日 9時00分～14時00分
2024-03-01 金曜日 9時00分～14時00分
2024-03-02 土曜日 10時00分～14時15分
2024-03-03 日曜日 10時00分～14時45分
2024-03-04 月曜日 9時00分～14時00分
2024-03-05 火曜日 9時00分～14時00分
2024-03-06 水曜日 定休日
",1.0,139.6543245,35.6555028,東京,梅ヶ丘駅,81.0,梅ヶ丘駅|豪徳寺駅|世田谷代田駅|山下駅|東松原駅|新代田駅|若林駅|宮の坂駅|松原駅|松陰神社前駅,0.0,世田谷区,下北沢,下北沢|三軒茶屋|二子玉川|自由が丘,area:下北沢|feature:24h|feature:midnight,0,,0
自由が丘 セレナヴィータ レンタルスタジオ,〒152-0035 東京都目黒区自由が丘２丁目３-１２ ２Ｆ－Ｂ セレナヴィータ自由が丘,,https://jiyugaoka.studiosquare.jp/,03-5822-4050,"2024-02-29 木曜日 24 時間営業
2024-03-01 金曜日 24 時間営業
2024-03-02 土曜日 24 時間営業
2024-03-03 日曜日 24 時間営業
2024-03-04 月曜日 24 時間営業
2024-03-05 火曜日 24 時間営業
2024-03-06 水曜日 24 時間営業
",1.0,139.666698,35.6124756,東京,自由が丘駅,608.0,自由が丘駅,1.0,目黒区,中目黒,中目黒,area:中目黒|station:自由が丘駅|feature:24h|feature:midnight,0,,0
自由が丘バレエレンタルスタジオ＆ピアノスタジオ 『バレット＆ピアノフォルテ』,〒158-0083 東京都世田谷区奥沢１丁目４４-２ 山里ビル,,http://balletto-pianoforte.com/,03-5499-5228,,1.0,139.6796269,35.6036891,東京,自由が丘駅,1049.0,自由が丘駅,1.0,世田谷区,下北沢,下北沢|三軒茶屋|二子玉川|自由が丘,area:下北沢|station:自由が丘駅,0,,0
自由が丘フラスタジオ LAKI ALOHA,〒158-0083 東京都世田谷区奥沢２丁目４５-８,,https://lakialoha.com/,050-5328-4863,"LGBTQ フレンドリー2024-02-29 木曜日 定休日
2024-03-01 金曜日 9時00分～20時00分
2024-03-02 土曜日 9時00分～20時00分
2024-03-03 日曜日 9時00分～20時00分
2024-03-04 月曜日 9時00分～20時00分
2024-03-05 火曜日 9時00分～20時00分
2024-03-06 水曜日 9時00分～20時00分
",1.0,139.6753916,35.6083453,東京,自由が丘駅,597.0,自由が丘駅,1.0,世田谷区,下北沢,下北沢|三軒茶屋|二子玉川|自由が丘,area:下北沢|station:自由が丘駅|feature:24h|feature:midnight,0,,0
舎人公園 ドッグラン,〒121-0837 東京都足立区舎人公園１,,https://www.tokyo-park.or.jp/park/format/facilities024.html,03-3857-2308,"2024-02-29 木曜日 24 時間営業
2024-03-01 金曜日 24 時間営業
2024-03-02 土曜日 24 時間営業
2024-03-03 日曜日 24 時間営業
2024-03-04 月曜日 24 時間営業
2024-03-05 火曜日 24 時間営業
2024-03-06 水曜日 24 時間営業
",1.0,139.7696325,35.7979623,東京,舎人公園駅,181.0,舎人公園駅|舎人駅|谷在家駅|西新井大師西駅|見沼代親水公園駅|竹ノ塚駅,0.0,足立区,北千住,北千住,area:北千住|feature:24h|feature:midnight,0,,0
舎人公園陸上競技場,〒121-0837 東京都足立区舎人公園１-１,,https://www.tokyo-park.or.jp/park/format/facilities024.html,03-3857-2308,,1.0,139.7690029,35.8006046,東京,舎人公園駅,480.0,舎人公園駅|舎人駅|谷在家駅|見沼代親水公園駅,0.0,足立区,北千住,北千住,area:北千住,0,,0
社交ダンススタジオリハーサル,〒208-0023 東京都武蔵村山市伊奈平６丁目２２-４,,http://www.st-rehearsal.com/,042-560-3027,"2024-02-29 木曜日 10時00分～21時00分
2024-03-01 金曜日 10時00分～21時00分
2024-03-02 土曜日 10時00分～20時00分
2024-03-03 日曜日 定休日
2024-03-04 月曜日 10時00分～21時00分
2024-03-05 火曜日 10時00分～21時00分
2024-03-06 水曜日 10時00分～21時00分
",1.0,139.3737401,35.7425765,東京,西武立川駅,1833.0,西武立川駅,0.0,武蔵村山市,武蔵村山,武蔵村山,area:武蔵村山|feature:24h|feature:midnight,0,,0
社交ダンス教室セイブグローリーダンス,〒152-0002 東京都目黒区目黒本町５丁目２３-１８ セブンゲイツ １F,,http://www.s-glory-dance.com/,03-6666-7155,"2024-02-29 木曜日 13時00分～20時00分
2024-03-01 金曜日 13時00分～20時00分
2024-03-02 土曜日 13時00分～20時00分
2024-03-03 日曜日 定休日
2024-03-04 月曜日 13時00分～20時00分
2024-03-05 火曜日 13時00分～20時00分
2024-03-06 水曜日 13時00分～20時00分
",1.0,139.69825,35.6184563,東京,西小山駅,312.0,西小山駅|武蔵小山駅|洗足駅|北千束駅|戸越銀座駅|荏原中延駅|旗の台駅|不動前駅|学芸大学駅|大岡山駅,0.0,目黒区,中目黒,中目黒,area:中目黒|feature:24h|feature:midnight,0,,0
秋葉原スクエアスタジオ,〒111-0053 東京都台東区浅草橋５丁目３-２ 秋葉原スクエアビル 1F,,https://akihabara2.inforent.jp/,03-5822-4050,"2024-02-29 木曜日 24 時間営業
2024-03-01 金曜日 24 時間営業
2024-03-02 土曜日 24 時間営業
2024-03-03 日曜日 24 時間営業
2024-03-04 月曜日 24 時間営業
2024-03-05 火曜日 24 時間営業
2024-03-06 水曜日 24 時間営業
",1.0,139.7809854,35.6993109,東京,秋葉原駅,615.0,秋葉原駅|蔵前駅,2.0,台東区,上野,上野|浅草|御徒町|蔵前,area:上野|station:秋葉原駅|station:蔵前駅|feature:24h|feature:midnight,0,,0
Studio Sun-Sea,〒124-0006 東京都葛飾区堀切４丁目１１-２ 堀学ビル 302号室,,https://studiorentalspace-sun-sea.com/,,"2024-02-29 木曜日 8時00分～23時00分
2024-03-01 金曜日 8時00分～23時00分
2024-03-02 土曜日 8時00分～23時00分
2024-03-03 日曜日 8時00分～23時00分
2024-03-04 月曜日 8時00分～23時00分
2024-03-05 火曜日 8時00分～23時00分
2024-03-06 水曜日 8時00分～23時00分
",1.0,139.8264678,35.7475366,東京,堀切菖蒲園駅,89.0,堀切菖蒲園駅|堀切駅|お花茶屋駅|京成関屋駅|牛田駅|綾瀬駅|鐘ケ淵駅|小菅駅|四ツ木駅|北千住駅,0.0,葛飾区,新小岩,新小岩,area:新小岩|feature:24h|feature:midnight,0,,0
秋葉原ブルーハス レンタルスタジオ,〒110-0006 東京都台東区秋葉原３-１０ 東京商会秋葉原ビルB1階,,https://akihabara.inforent.jp/,03-5822-4050,"2024-02-29 木曜日 24 時間営業
2024-03-01 金曜日 24 時間営業
2024-03-02 土曜日 24 時間営業
2024-03-03 日曜日 24 時間営業
2024-03-04 月曜日 24 時間営業
2024-03-05 火曜日 24 時間営業
2024-03-06 水曜日 24 時間営業
",1.0,139.7750878,35.7021507,東京,秋葉原駅,393.0,秋葉原駅,1.0,台東区,上野,上野|浅草|御徒町|蔵前,area:上野|station:秋葉原駅|feature:24h|feature:midnight,0,,0
秋葉原レッスンスタジオてらこや,〒101-0025 東京都千代田区神田佐久間町３丁目３１-３,,https://teracoya.tokyo/,03-5829-9431,"2024-02-29 木曜日 10時00分～23時00分
2024-03-01 金曜日 10時00分～23時00分
2024-03-02 土曜日 10時00分～22時00分
2024-03-03 日曜日 10時00分～22時00分
2024-03-04 月曜日 10時00分～23時00分
2024-03-05 火曜日 10時00分～23時00分
2024-03-06 水曜日 10時00分～23時00分
",1.0,139.7781978,35.6986319,東京,秋葉原駅,359.0,秋葉原駅,1.0,千代田区,秋葉原,秋葉原,area:秋葉原|station:秋葉原駅|feature:24h|feature:midnight,0,,0
秋葉原レンタルスペース.東京,〒101-0021 東京都千代田区外神田５丁目５-７ パンセ秋葉原 B1F,,https://www.akihabara-rental-space.tokyo/,03-6684-9954,,1.0,139.7727759,35.7042504,東京,秋葉原駅,633.0,秋葉原駅|上野駅,2.0,千代田区,秋葉原,秋葉原,area:秋葉原|station:秋葉原駅|station:上野駅,0,,0
渋谷 EYE CANDY,〒150-0011 東京都渋谷区東１丁目２４-８ トキワマツ72ビル A号,,http://www.eyecandypole.com/,03-3377-0507,"2024-02-29 木曜日 12時00分～21時00分
2024-03-01 金曜日 12時00分～21時00分
2024-03-02 土曜日 12時00分～21時00分
2024-03-03 日曜日 12時00分～21時00分
2024-03-04 月曜日 12時00分～21時00分
2024-03-05 火曜日 12時00分～21時00分
2024-03-06 水曜日 12時00分～21時00分
",1.0,139.7080393,35.6548366,東京,渋谷駅,679.0,渋谷駅|恵比寿駅,2.0,渋谷区,渋谷,渋谷|恵比寿|代官山|原宿,area:渋谷|station:渋谷駅|station:恵比寿駅|feature:24h|feature:midnight,0,,0
渋谷 レンタルスタジオ スタジオミッション studio mission,〒150-0043 東京都渋谷区道玄坂２丁目２８-５ 2-10F 渋谷道玄坂ビル 秀永,,http://www.studio-mission.com/,03-6823-4800,"LGBTQ フレンドリー2024-02-29 木曜日 10時00分～6時00分
2024-03-01 金曜日 10時00分～6時00分
2024-03-02 土曜日 9時00分～6時00分
2024-03-03 日曜日 9時00分～6時00分
2024-03-04 月曜日 10時00分～6時00分
2024-03-05 火曜日 10時00分～6時00分
2024-03-06 水曜日 10時00分～6時00分
",1.0,139.6972998,35.6589009,東京,渋谷駅,403.0,渋谷駅,1.0,渋谷区,渋谷,渋谷|恵比寿|代官山|原宿,area:渋谷|station:渋谷駅|feature:24h|feature:midnight,0,,0
渋谷・代官山・バレエ,〒150-0034 東京都渋谷区代官山町７-５ ブリルビル,,https://shibuya-daikanyama-ballet.com/,03-6455-2879,,1.0,139.7053257,35.6512363,東京,恵比寿駅,665.0,恵比寿駅|渋谷駅,2.0,渋谷区,渋谷,渋谷|恵比寿|代官山|原宿,area:渋谷|station:恵比寿駅|station:渋谷駅,0,,0
渋谷RIZEスタジオ,〒150-0041 東京都渋谷区神南１丁目１３-４ Idoビル 2階A号室,,http://shibuya-rize.com/,080-3095-0108,"LGBTQ フレンドリー2024-02-29 木曜日 24 時間営業
2024-03-01 金曜日 24 時間営業
2024-03-02 土曜日 24 時間営業
2024-03-03 日曜日 24 時間営業
2024-03-04 月曜日 24 時間営業
2024-03-05 火曜日 24 時間営業
2024-03-06 水曜日 24 時間営業
",1.0,139.700451,35.6631787,東京,渋谷駅,582.0,渋谷駅|原宿駅|表参道駅,3.0,渋谷区,渋谷,渋谷|恵比寿|代官山|原宿,area:渋谷|station:渋谷駅|station:原宿駅|station:表参道駅|feature:24h|feature:midnight,0,,0
渋谷笹塚スタジオ,〒151-0073 東京都渋谷区笹塚１丁目５８-６ マルシンビル6F,,http://sasazuka.inforent.jp/,03-5822-4050,"2024-02-29 木曜日 24 時間営業
2024-03-01 金曜日 24 時間営業
2024-03-02 土曜日 24 時間営業
2024-03-03 日曜日 24 時間営業
2024-03-04 月曜日 24 時間営業
2024-03-05 火曜日 24 時間営業
2024-03-06 水曜日 24 時間営業
",1.0,139.665888,35.673809,東京,笹塚駅,126.0,笹塚駅|代田橋駅|幡ヶ谷駅|東北沢駅|方南町駅|新代田駅|代々木上原駅|下北沢駅|明大前駅|東松原駅,0.0,渋谷区,渋谷,渋谷|恵比寿|代官山|原宿,area:渋谷|feature:24h|feature:midnight,0,,0
BUZZ レンタルスタジオ 日暮里店,〒116-0014 東京都荒川区東日暮里６丁目６０-９ 日暮里駅前ビル B1F,,,,,1.0,139.7722966,35.7286208,東京,日暮里駅,151.0,日暮里駅,1.0,荒川区,日暮里,日暮里,area:日暮里|station:日暮里駅,0,,0
BUZZ レンタルスタジオ 西日暮里店,〒116-0013 東京都荒川区西日暮里５丁目２４-２ Ｋ．Ｉビル 地下1階,,,,"2024-02-29 木曜日 24 時間営業
2024-03-01 金曜日 24 時間営業
2024-03-02 土曜日 24 時間営業
2024-03-03 日曜日 24 時間営業
2024-03-04 月曜日 24 時間営業
2024-03-05 火曜日 24 時間営業
2024-03-06 水曜日 24 時間営業
",1.0,139.7676639,35.7323916,東京,日暮里駅,595.0,日暮里駅,1.0,荒川区,日暮里,日暮里,area:日暮里|station:日暮里駅|feature:24h|feature:midnight,0,,0
女性専用フィットネスジム ミットネス 赤坂店,〒107-0052 東京都港区赤坂４丁目３-６ ヒューリック赤坂一ツ木通ビル 3階,,https://mittness.jp/shop-akasaka/?utm_source=google&utm_medium=map&utm_campaign=akasaka,03-6277-7791,"LGBTQ フレンドリー2024-02-29 木曜日 10時00分～22時00分
2024-03-01 金曜日 10時00分～22時00分
2024-03-02 土曜日 10時00分～19時00分
2024-03-03 日曜日 10時00分～19時00分
2024-03-04 月曜日 10時00分～22時00分
2024-03-05 火曜日 10時00分～22時00分
2024-03-06 水曜日 10時00分～22時00分
",1.0,139.7361035,35.6743546,東京,赤坂駅,111.0,赤坂駅|青山一丁目駅,2.0,港区,六本木,六本木|赤坂|麻布|新橋,area:六本木|station:赤坂駅|station:青山一丁目駅|feature:24h|feature:midnight,0,,0
小林清ダンススクール・サンライズスタジオ,〒110-0014 東京都台東区北上野１丁目１２-４ シティアドバンス,,https://newlod.com/school/132072,03-3847-2057,,1.0,139.782889,35.718093,東京,上野駅,700.0,上野駅,1.0,台東区,上野,上野|浅草|御徒町|蔵前,area:上野|station:上野駅,0,,0
松井亜希子 バレエスタジオ,〒169-0051 東京都新宿区西早稲田２丁目１０-２,,http://akikomatsui-balletstudio.com/,080-2267-0098,,1.0,139.7141597,35.7089216,東京,高田馬場駅,1009.0,高田馬場駅,1.0,新宿区,新宿,新宿|西新宿|高田馬場|新大久保,area:新宿|station:高田馬場駅,0,,0
BUZZ竹ノ塚,〒121-0823 東京都足立区伊興３丁目１８-１９ ＮＹビル 3階,https://dance-studio-lab.com/room/Zjk4YThkNDItZDI4OC00MTRlLTg2NDgtYTgxZDUyYjgxMjQ2/detail,,,"2024-02-29 木曜日 24 時間営業
2024-03-01 金曜日 24 時間営業
2024-03-02 土曜日 24 時間営業
2024-03-03 日曜日 24 時間営業
2024-03-04 月曜日 24 時間営業
2024-03-05 火曜日 24 時間営業
2024-03-06 水曜日 24 時間営業
",1.0,139.7880744,35.7954488,東京,竹ノ塚駅,295.0,竹ノ塚駅|舎人公園駅|谷在家駅|大師前駅|舎人駅,0.0,足立区,北千住,北千住,area:北千住|feature:24h|feature:shooting|feature:mirror|feature:midnight,1,https://dance-studio-lab.com/room/Zjk4YThkNDItZDI4OC00MTRlLTg2NDgtYTgxZDUyYjgxMjQ2/detail,100
ボイストレーニングスクールNAYUTAS（ナユタス）北千住校,〒120-0034 東京都足立区千住２丁目５６ 矢追ビル 3F,,https://nayutas.net/school/kitasenju/,,"LGBTQ フレンドリー2024-02-29 木曜日 10時00分～21時00分
2024-03-01 金曜日 10時00分～21時00分
2024-03-02 土曜日 10時00分～21時00分
2024-03-03 日曜日 10時00分～21時00分
2024-03-04 月曜日 10時00分～21時00分
2024-03-05 火曜日 10時00分～21時00分
2024-03-06 水曜日 10時00分～21時00分
",1.0,139.8028114,35.7502018,東京,北千住駅,200.0,北千住駅,1.0,足立区,北千住,北千住,area:北千住|station:北千住駅|feature:24h|feature:midnight,0,,0
笑舞CHEER&DANCE STUDIO 板橋スクール,〒174-0056 東京都板橋区志村３丁目２４-１ 藤井ビル 1階,,https://www.shobucheerdance.com/,048-871-6148,"2024-02-29 木曜日 定休日
2024-03-01 金曜日 定休日
2024-03-02 土曜日 15時30分～21時00分
2024-03-03 日曜日 定休日
2024-03-04 月曜日 15時30分～21時00分
2024-03-05 火曜日 15時30分～21時00分
2024-03-06 水曜日 15時30分～21時00分
",1.0,139.6858768,35.7777088,東京,志村三丁目駅,25.0,志村三丁目駅|志村坂上駅|蓮根駅|西台駅|浮間舟渡駅|上板橋駅|本蓮沼駅,0.0,板橋区,成増,成増,area:成増|feature:24h|feature:midnight,0,,0
城北公園前レンタルスタジオ,〒174-0043 東京都板橋区坂下２丁目３１-５ ２F,,http://jrds.jp/,03-5918-6017,"2024-02-29 木曜日 6時00分～23時00分
2024-03-01 金曜日 6時00分～23時00分
2024-03-02 土曜日 6時00分～23時00分
2024-03-03 日曜日 6時00分～23時00分
2024-03-04 月曜日 6時00分～23時00分
2024-03-05 火曜日 6時00分～23時00分
2024-03-06 水曜日 6時00分～23時00分
",1.0,139.6818424,35.7843125,東京,蓮根駅,255.0,蓮根駅|志村三丁目駅|西台駅|浮間舟渡駅|志村坂上駅|高島平駅,0.0,板橋区,成増,成増,area:成増|feature:24h|feature:midnight,0,,0
新宿 | PECO先生のベリーダンス スクール・アンジェリカ,〒160-0023 東京都新宿区西新宿７丁目２２-３１ 柏木 MURA BF,,https://www.bellydanceangelica.com/,080-3538-4549,"2024-02-29 木曜日 定休日
2024-03-01 金曜日 定休日
2024-03-02 土曜日 10時00分～12時00分
2024-03-03 日曜日 定休日
2024-03-04 月曜日 定休日
2024-03-05 火曜日 定休日
2024-03-06 水曜日 定休日",1.0,139.6966616,35.6970022,東京,西武新宿駅,375.0,西武新宿駅|新大久保駅|新宿駅,3.0,新宿区,新宿,新宿|西新宿|高田馬場|新大久保,area:新宿|station:西武新宿駅|station:新大久保駅|station:新宿駅|feature:24h|feature:midnight,0,,0
新宿 だんすた レンタルスタジオ,〒160-0023 東京都新宿区西新宿７丁目１３-７ 3F4F タカラビル,,https://shinjuku2.inforent.jp/,03-5822-4050,"2024-02-29 木曜日 24 時間営業
2024-03-01 金曜日 24 時間営業
2024-03-02 土曜日 24 時間営業
2024-03-03 日曜日 24 時間営業
2024-03-04 月曜日 24 時間営業
2024-03-05 火曜日 24 時間営業
2024-03-06 水曜日 24 時間営業",1.0,139.6964322,35.6946431,東京,西武新宿駅,398.0,西武新宿駅|新宿駅|新大久保駅,3.0,新宿区,新宿,新宿|西新宿|高田馬場|新大久保,area:新宿|station:西武新宿駅|station:新宿駅|station:新大久保駅|feature:24h|feature:midnight,0,,0
新宿 大久保 BMT レンタルスタジオ,〒169-0074 東京都新宿区北新宿１丁目１３-１９ 弘林ビル Ｂ１Ｆ,,https://shinjuku.inforent.jp/,03-5822-4050,"2024-02-29 木曜日 24 時間営業
2024-03-01 金曜日 24 時間営業
2024-03-02 土曜日 24 時間営業
2024-03-03 日曜日 24 時間営業
2024-03-04 月曜日 24 時間営業
2024-03-05 火曜日 24 時間営業
2024-03-06 水曜日 24 時間営業",1.0,139.6932712,35.7018038,東京,新大久保駅,614.0,新大久保駅|西武新宿駅,2.0,新宿区,新宿,新宿|西新宿|高田馬場|新大久保,area:新宿|station:新大久保駅|station:西武新宿駅|feature:24h|feature:midnight,0,,0
新宿・大久保マイックル,〒169-0073 東京都新宿区百人町１丁目１９-２３,,http://maikkuru.com/,03-5937-2345,"2024-02-29 木曜日 24 時間営業
2024-03-01 金曜日 24 時間営業
2024-03-02 土曜日 24 時間営業
2024-03-03 日曜日 24 時間営業
2024-03-04 月曜日 24 時間営業
2024-03-05 火曜日 24 時間営業
2024-03-06 水曜日 24 時間営業",1.0,139.696194,35.700828,東京,新大久保駅,352.0,新大久保駅|西武新宿駅|新宿駅,3.0,新宿区,新宿,新宿|西新宿|高田馬場|新大久保,area:新宿|station:新大久保駅|station:西武新宿駅|station:新宿駅|feature:24h|feature:midnight,0,,0
新宿マイスタジオ,〒160-0023 東京都新宿区西新宿７丁目９-１７ ６F・５F・４F 伊藤ビル,,http://shinjukustudio.jp/,03-3364-6820,"2024-02-29 木曜日 9時00分～8時00分
2024-03-01 金曜日 9時00分～8時00分
2024-03-02 土曜日 9時00分～8時00分
2024-03-03 日曜日 9時00分～8時00分
2024-03-04 月曜日 9時00分～8時00分
2024-03-05 火曜日 9時00分～8時00分
2024-03-06 水曜日 9時00分～8時00分",1.0,139.6981592,35.694554,東京,西武新宿駅,263.0,西武新宿駅|新宿駅|新大久保駅,3.0,新宿区,新宿,新宿|西新宿|高田馬場|新大久保,area:新宿|station:西武新宿駅|station:新宿駅|station:新大久保駅|feature:24h|feature:midnight,0,,0
新宿御苑前スタジオ,〒160-0022 東京都新宿区新宿１丁目１３-１２ FIRST bldg 地下1階 FIRST Bldg.,,https://www.studio-barbie.jp/06/,03-6822-3000,"2024-02-29 木曜日 24 時間営業
2024-03-01 金曜日 24 時間営業
2024-03-02 土曜日 24 時間営業
2024-03-03 日曜日 24 時間営業
2024-03-04 月曜日 24 時間営業
2024-03-05 火曜日 24 時間営業
2024-03-06 水曜日 24 時間営業
",1.0,139.7117883,35.6889816,東京,新宿駅,1063.0,新宿駅|代々木駅,2.0,新宿区,新宿,新宿|西新宿|高田馬場|新大久保,area:新宿|station:新宿駅|station:代々木駅|feature:24h|feature:midnight,0,,0
新宿村スタジオ,〒169-0074 東京都新宿区北新宿２丁目１-２,,http://www.shinjukumura.co.jp/,03-3361-5946,"2024-02-29 木曜日 9時00分～22時00分
2024-03-01 金曜日 9時00分～22時00分
2024-03-02 土曜日 9時00分～22時00分
2024-03-03 日曜日 9時00分～22時00分
2024-03-04 月曜日 9時00分～22時00分
2024-03-05 火曜日 9時00分～22時00分
2024-03-06 水曜日 9時00分～22時00分",1.0,139.689479,35.697075,東京,西武新宿駅,1011.0,西武新宿駅|新大久保駅|新宿駅,3.0,新宿区,新宿,新宿|西新宿|高田馬場|新大久保,area:新宿|station:西武新宿駅|station:新大久保駅|station:新宿駅|feature:24h|feature:midnight,0,,0
森下スタジオ,〒135-0004 東京都江東区森下３丁目５-６,,https://www.saison.or.jp/studio,03-5624-5951,,1.0,139.8010393,35.6872532,東京,森下駅,269.0,森下駅|菊川駅|清澄白河駅|浜町駅|両国駅|住吉駅|水天宮前駅|東日本橋駅|錦糸町駅|人形町駅,0.0,江東区,豊洲,豊洲,area:豊洲,0,,0
森山みえフラメンコ教室,〒133-0056 東京都江戸川区南小岩６丁目３０-１０-３０１,,http://www.miemoriyama.jp/,080-3003-5820,"2024-02-29 木曜日 定休日
2024-03-01 金曜日 19時45分～23時00分
2024-03-02 土曜日 12時30分～23時00分
2024-03-03 日曜日 11時00分～18時00分
2024-03-04 月曜日 定休日
2024-03-05 火曜日 11時00分～22時00分
2024-03-06 水曜日 19時45分～23時00分
",1.0,139.8810609,35.7310794,東京,小岩駅,260.0,小岩駅|京成小岩駅|江戸川駅,0.0,江戸川区,西葛西,西葛西,area:西葛西|feature:24h|feature:midnight,0,,0
森谷クラシックバレエ,〒195-0064 東京都町田市小野路町２０７３-３ スタジオK 内,,http://www.moriya-classicballet.com/,042-736-1851,オーナーが女性と確認されたビジネス,1.0,139.4546439,35.5950026,東京,なし,,,0.0,町田市,町田,町田,area:町田,0,,0
神楽坂バレエクラス,〒162-0825 東京都新宿区神楽坂３丁目２,,http://kagurazaka-ballet.com/,090-9845-9695,"2024-02-29 木曜日 10時00分～21時00分
2024-03-01 金曜日 10時00分～21時00分
2024-03-02 土曜日 10時00分～21時00分
2024-03-03 日曜日 定休日
2024-03-04 月曜日 10時00分～21時00分
2024-03-05 火曜日 10時00分～21時00分
2024-03-06 水曜日 10時00分～21時00分
",1.0,139.7406145,35.7017498,東京,飯田橋駅,400.0,飯田橋駅|牛込神楽坂駅|神楽坂駅|江戸川橋駅|水道橋駅|九段下駅|後楽園駅|市ケ谷駅|牛込柳町駅|春日駅,0.0,新宿区,新宿,新宿|西新宿|高田馬場|新大久保,area:新宿|feature:24h|feature:midnight,0,,0
神楽坂フミバレエアカデミー,〒162-0814 東京都新宿区新小川町４-１６ 飯田橋プラレールビル ４階,,https://www.fumiballet.com/,090-4389-1664,"2024-02-29 木曜日 10時00分～19時30分
2024-03-01 金曜日 10時00分～19時30分
2024-03-02 土曜日 10時00分～19時00分
2024-03-03 日曜日 10時00分～19時00分
2024-03-04 月曜日 10時00分～21時00分
2024-03-05 火曜日 10時00分～21時00分
2024-03-06 水曜日 10時00分～21時00分
",1.0,139.7427455,35.7059441,東京,飯田橋駅,476.0,飯田橋駅|神楽坂駅|牛込神楽坂駅|後楽園駅|江戸川橋駅|春日駅|水道橋駅|茗荷谷駅|九段下駅|本郷三丁目駅,0.0,新宿区,新宿,新宿|西新宿|高田馬場|新大久保,area:新宿|feature:24h|feature:midnight,0,,0
神宮 外苑 フィットネス クラブ サマディ ダンス スクール,〒160-0013 東京都新宿区霞ヶ丘町１１-１,,https://www.samadhiclub.jp/,03-3478-1455,"2024-02-29 木曜日 10時00分～22時00分
2024-03-01 金曜日 10時00分～22時00分
2024-03-02 土曜日 9時00分～18時00分
2024-03-03 日曜日 9時00分～16時00分
2024-03-04 月曜日 10時00分～22時00分
2024-03-05 火曜日 10時00分～22時00分
2024-03-06 水曜日 10時00分～22時00分
",1.0,139.7149927,35.6801879,東京,外苑前駅,1142.0,外苑前駅,1.0,新宿区,新宿,新宿|西新宿|高田馬場|新大久保,area:新宿|station:外苑前駅|feature:24h|feature:midnight,0,,0
水村繁子フラメンコスタジオ,〒153-0064 東京都目黒区下目黒２丁目２１-７,,http://www.estudioreina.com/,03-3490-4325,,1.0,139.709501,35.6322199,東京,目黒駅,605.0,目黒駅,1.0,目黒区,中目黒,中目黒,area:中目黒|station:目黒駅,0,,0
水道橋ダンススタジオ,〒101-0061 東京都千代田区神田三崎町３丁目４-４ グラン水道橋,,http://sds.velvet.jp/,03-3264-0699,,1.0,139.752151,35.701005,東京,水道橋駅,168.0,水道橋駅|九段下駅|飯田橋駅|神保町駅|後楽園駅|春日駅|本郷三丁目駅|御茶ノ水駅|新御茶ノ水駅|竹橋駅,0.0,千代田区,秋葉原,秋葉原,area:秋葉原,0,,0
杉並だんすアトリウム,〒168-0073 東京都杉並区下高井戸１丁目２-１３ 山口ビル ２Ｆ、３Ｆ,,http://atrium.studiosquare.jp/,03-5822-4050,"2024-02-29 木曜日 6時00分～22時00分
2024-03-01 金曜日 6時00分～22時00分
2024-03-02 土曜日 6時00分～22時00分
2024-03-03 日曜日 6時00分～22時00分
2024-03-04 月曜日 6時00分～22時00分
2024-03-05 火曜日 6時00分～22時00分
2024-03-06 水曜日 6時00分～22時00分
",1.0,139.6408487,35.6668488,東京,下高井戸駅,94.0,下高井戸駅|松原駅|桜上水駅|明大前駅|永福町駅|西永福駅|東松原駅|山下駅|豪徳寺駅|上北沢駅,0.0,杉並区,高円寺,高円寺,area:高円寺|feature:24h|feature:midnight,0,,0
菅井ダンス・スタジオ,〒984-0053 宮城県仙台市若林区連坊小路６０-２,,http://sugai-dance.com/,022-354-1754,,1.0,140.8909459,38.251092,東京,連坊駅,193.0,連坊駅|五橋駅|愛宕橋駅|榴ヶ岡駅|宮城野通駅|河原町駅|仙台駅|薬師堂駅|あおば通駅|宮城野原駅,0.0,その他,その他,その他,,0,,0
世界のダンススクール Studio Amrita World Dance Class,〒180-0004 東京都武蔵野市吉祥寺本町２丁目５-１０ いちご吉祥寺ビル B1 スタジオアムリタノース,,http://class.studioamrita.com/,0422-23-6611,"LGBTQ フレンドリー2024-02-29 木曜日 17時30分～20時30分
2024-03-01 金曜日 定休日
2024-03-02 土曜日 15時00分～16時20分
2024-03-03 日曜日 定休日
2024-03-04 月曜日 定休日
2024-03-05 火曜日 19時00分～20時15分
2024-03-06 水曜日 定休日
",1.0,139.5788917,35.7068949,東京,吉祥寺駅,425.0,吉祥寺駅,1.0,武蔵野市,吉祥寺,吉祥寺,area:吉祥寺|station:吉祥寺駅|feature:24h|feature:midnight,0,,0
正路あすかフラメンコ教室 エストゥディオ カニャイージャ,〒158-0083 東京都世田谷区奥沢２丁目４７-１,,https://estudiocanailla.com/,03-6324-3692,"2024-02-29 木曜日 10時00分～21時30分
2024-03-01 金曜日 10時00分～21時30分
2024-03-02 土曜日 10時00分～21時30分
2024-03-03 日曜日 10時00分～21時30分
2024-03-04 月曜日 10時00分～21時30分
2024-03-05 火曜日 10時00分～21時30分
2024-03-06 水曜日 10時00分～21時30分
",1.0,139.676791,35.6073653,東京,自由が丘駅,712.0,自由が丘駅,1.0,世田谷区,下北沢,下北沢|三軒茶屋|二子玉川|自由が丘,area:下北沢|station:自由が丘駅|feature:24h|feature:midnight,0,,0
清瀬のレンタルスタジオ｜ダンススタジオ｜レンタルスタジオ｜レンタルスペース【studio NEW YORK】,〒204-0022 東京都清瀬市松山１丁目１３-２５ 清瀬平塚ビル 2F 山合,,,050-8881-9821,"LGBTQ フレンドリー2024-02-29 木曜日 24 時間営業
2024-03-01 金曜日 24 時間営業
2024-03-02 土曜日 24 時間営業
2024-03-03 日曜日 24 時間営業
2024-03-04 月曜日 24 時間営業
2024-03-05 火曜日 24 時間営業
2024-03-06 水曜日 24 時間営業
",1.0,139.5174811,35.7708426,東京,清瀬駅,255.0,清瀬駅|東久留米駅,0.0,清瀬市,清瀬,清瀬,area:清瀬|feature:24h|feature:midnight,0,,0
スタジオＲ,〒110-0001 東京都台東区谷中２丁目８-１２,,http://studior.tokyo/,,"2024-02-29 木曜日 10時00分～21時00分
2024-03-01 金曜日 10時00分～21時00分
2024-03-02 土曜日 10時00分～21時00分
2024-03-03 日曜日 10時00分～21時00分
2024-03-04 月曜日 10時00分～21時00分
2024-03-05 火曜日 10時00分～21時00分
2024-03-06 水曜日 10時00分～21時00分
",1.0,139.7653517,35.7227359,東京,日暮里駅,757.0,日暮里駅,1.0,台東区,上野,上野|浅草|御徒町|蔵前,area:上野|station:日暮里駅|feature:24h|feature:midnight,0,,0
西荻窪永谷ダンススタジオ,〒167-0054 東京都杉並区松庵３丁目４０-９,,http://www.ntgp.co.jp/,0422-21-9325,,1.0,139.5983706,35.7035353,東京,西荻窪駅,107.0,西荻窪駅|三鷹台駅|井の頭公園駅|吉祥寺駅|久我山駅|荻窪駅,0.0,杉並区,高円寺,高円寺,area:高円寺,0,,0
西荻窪七宝レンタルスペース,〒167-0042 東京都杉並区西荻北３丁目２５-１ 七宝マンション 1階,,,03-3397-4119,"2024-02-29 木曜日 7時00分～0時00分
2024-03-01 金曜日 7時00分～0時00分
2024-03-02 土曜日 7時00分～0時00分
2024-03-03 日曜日 7時00分～0時00分
2024-03-04 月曜日 7時00分～0時00分
2024-03-05 火曜日 7時00分～0時00分
2024-03-06 水曜日 7時00分～0時00分
",1.0,139.5973655,35.7053991,東京,西荻窪駅,259.0,西荻窪駅|井の頭公園駅|吉祥寺駅|三鷹台駅|久我山駅|荻窪駅,0.0,杉並区,高円寺,高円寺,area:高円寺|feature:24h|feature:midnight,0,,0
西葛西ダンススタジオ mind-blowing,〒134-0088 東京都江戸川区西葛西５丁目６-２０ 小山ビル 4階,,https://www.studio-mind-blowing.com/,050-5373-2233,"2024-02-29 木曜日 9時00分～23時30分
2024-03-01 金曜日 9時00分～23時30分
2024-03-02 土曜日 9時00分～23時30分
2024-03-03 日曜日 9時00分～23時30分
2024-03-04 月曜日 9時00分～23時30分
2024-03-05 火曜日 9時00分～23時30分
2024-03-06 水曜日 9時00分～23時30分
",1.0,139.860746,35.6647019,東京,西葛西駅,140.0,西葛西駅|葛西駅,0.0,江戸川区,西葛西,西葛西,area:西葛西|feature:24h|feature:midnight,0,,0
スタジオアンダンティーノ,〒114-0014 東京都北区田端５丁目１-１２,,https://studio-andantino.com/index.html,,"2024-02-29 木曜日 9時00分～22時00分
2024-03-01 金曜日 9時00分～22時00分
2024-03-02 土曜日 9時00分～22時00分
2024-03-03 日曜日 9時00分～22時00分
2024-03-04 月曜日 9時00分～22時00分
2024-03-05 火曜日 9時00分～22時00分
2024-03-06 水曜日 9時00分～22時00分
",1.0,139.7592489,35.7376589,東京,田端駅,152.0,田端駅|西日暮里駅|赤土小学校前駅|尾久駅|駒込駅|新三河島駅|千駄木駅|小台駅|日暮里駅|上中里駅,0.0,北区,赤羽,赤羽,area:赤羽|feature:24h|feature:midnight,0,,0
西島ダンスアカデミィＫ２,〒150-0022 東京都渋谷区恵比寿南３ １－３－６ ＣＩビル３Ｆ,,https://www.koji-nishijima.com/,03-6303-1903,"2024-02-29 木曜日 12時00分～21時00分
2024-03-01 金曜日 12時00分～21時00分
2024-03-02 土曜日 12時00分～19時00分
2024-03-03 日曜日 定休日
2024-03-04 月曜日 12時00分～21時00分
2024-03-05 火曜日 12時00分～21時00分
2024-03-06 水曜日 12時00分～21時00分
",1.0,139.7080396,35.6457405,東京,恵比寿駅,215.0,恵比寿駅,1.0,渋谷区,渋谷,渋谷|恵比寿|代官山|原宿,area:渋谷|station:恵比寿駅|feature:24h|feature:midnight,0,,0
青木愛子 スペイン舞踊研究所,〒141-0022 東京都品川区東五反田１丁目１８-４ ＧＴＤイーストビル,,http://flamenco.co.jp/,03-3473-3435,,1.0,139.7264691,35.6266267,東京,五反田駅,274.0,五反田駅|大崎駅|品川駅,3.0,品川区,品川,品川|五反田|大井町|目黒,area:品川|station:五反田駅|station:大崎駅|station:品川駅,0,,0
斉藤ひろ子バレエスタジオ,〒120-0011 東京都足立区中央本町１丁目１２-１０,,http://saito-bs.o.oo7.jp/,03-3840-0980,,1.0,139.8040424,35.7736377,東京,梅島駅,562.0,梅島駅|五反野駅|西新井駅|青井駅|小菅駅,0.0,足立区,北千住,北千住,area:北千住,0,,0
石原ダンスクラブ 本店,〒160-0004 東京都新宿区四谷１丁目６-１,,http://www.ishiharadance.jp/,03-3357-6383,"2024-02-29 木曜日 24 時間営業
2024-03-01 金曜日 24 時間営業
2024-03-02 土曜日 24 時間営業
2024-03-03 日曜日 24 時間営業
2024-03-04 月曜日 24 時間営業
2024-03-05 火曜日 24 時間営業
2024-03-06 水曜日 24 時間営業",1.0,139.7292786,35.6874295,東京,四ツ谷駅,165.0,四ツ谷駅|市ケ谷駅|四谷三丁目駅|麹町駅|曙橋駅|半蔵門駅|信濃町駅|牛込柳町駅|赤坂見附駅|永田町駅,0.0,新宿区,新宿,新宿|西新宿|高田馬場|新大久保,area:新宿|feature:24h|feature:midnight,0,,0
石原ヒサシダンススクール,〒162-0843 東京都新宿区 市谷田町１－２ ランゴスタビル３F,,https://ishiharadance.com/,03-3235-5311,"2024-02-29 木曜日 12時00分～22時00分
2024-03-01 金曜日 12時00分～22時00分
2024-03-02 土曜日 12時00分～18時00分
2024-03-03 日曜日 12時00分～22時00分
2024-03-04 月曜日 12時00分～22時00分
2024-03-05 火曜日 12時00分～22時00分
2024-03-06 水曜日 12時00分～22時00分
",1.0,139.735405,35.6925238,東京,市ケ谷駅,169.0,市ケ谷駅|四ツ谷駅|麹町駅|牛込神楽坂駅|半蔵門駅|曙橋駅|牛込柳町駅|神楽坂駅|飯田橋駅|四谷三丁目駅,0.0,新宿区,新宿,新宿|西新宿|高田馬場|新大久保,area:新宿|feature:24h|feature:midnight,0,,0
梅島ミアスタジオ,〒121-0816 東京都足立区梅島２丁目１９-９,,https://www.spacemarket.com/spaces/wj4q6vc5lur1jgmm/,,,1.0,139.7980867,35.7766047,東京,梅島駅,472.0,梅島駅|西新井駅|大師前駅|五反野駅,0.0,足立区,北千住,北千住,area:北千住,0,,0
石川須?子・田中いづみダンスアカデミー,〒176-0004 東京都練馬区小竹町１丁目１５-４ スタジオ小竹向原,,https://www.ishikawadance.com/,03-3958-3313,"2024-02-29 木曜日 9時00分～23時00分
2024-03-01 金曜日 9時00分～23時00分
2024-03-02 土曜日 9時00分～23時00分
2024-03-03 日曜日 9時00分～23時00分
2024-03-04 月曜日 9時00分～23時00分
2024-03-05 火曜日 9時00分～23時00分
2024-03-06 水曜日 9時00分～23時00分
",1.0,139.678774,35.741234,東京,小竹向原駅,244.0,小竹向原駅|江古田駅|新桜台駅|千川駅|新江古田駅|東長崎駅|桜台駅|氷川台駅,0.0,練馬区,練馬,練馬,area:練馬|feature:24h|feature:midnight,0,,0
赤レンガ・バレエスタジオStudioStyle+,〒169-0073 東京都新宿区百人町１丁目２４-８ 3F,,https://studiostyle.jp/akarenga-ballet-studio/,090-8306-7493,"2024-02-29 木曜日 24 時間営業
2024-03-01 金曜日 24 時間営業
2024-03-02 土曜日 24 時間営業
2024-03-03 日曜日 24 時間営業
2024-03-04 月曜日 24 時間営業
2024-03-05 火曜日 24 時間営業
2024-03-06 水曜日 24 時間営業",1.0,139.6979087,35.6987066,東京,新大久保駅,347.0,新大久保駅|西武新宿駅|新宿駅,3.0,新宿区,新宿,新宿|西新宿|高田馬場|新大久保,area:新宿|station:新大久保駅|station:西武新宿駅|station:新宿駅|feature:24h|feature:midnight,0,,0
赤レンガ・プレイスタジオStudioStyle+,〒169-0073 東京都新宿区百人町１丁目２４-８ 3F,,https://studiostyle.jp/akarenga-play-studio,090-8306-7493,"オーナーが女性と確認されたビジネス2024-02-29 木曜日 24 時間営業
2024-03-01 金曜日 24 時間営業
2024-03-02 土曜日 24 時間営業
2024-03-03 日曜日 24 時間営業
2024-03-04 月曜日 24 時間営業
2024-03-05 火曜日 24 時間営業
2024-03-06 水曜日 24 時間営業
",1.0,139.6979084,35.6987206,東京,新大久保駅,346.0,新大久保駅|西武新宿駅|新宿駅,3.0,新宿区,新宿,新宿|西新宿|高田馬場|新大久保,area:新宿|station:新大久保駅|station:西武新宿駅|station:新宿駅|feature:24h|feature:midnight,0,,0
赤レンガ・ライブスタジオStudioStyle+,〒169-0073 東京都新宿区百人町１丁目２４-８ 1F,,https://studiostyle.jp/akarenga-live-studio,090-8306-7493,"2024-02-29 木曜日 24 時間営業
2024-03-01 金曜日 24 時間営業
2024-03-02 土曜日 24 時間営業
2024-03-03 日曜日 24 時間営業
2024-03-04 月曜日 24 時間営業
2024-03-05 火曜日 24 時間営業
2024-03-06 水曜日 24 時間営業
",1.0,139.6979661,35.6987148,東京,新大久保駅,344.0,新大久保駅|西武新宿駅|新宿駅,3.0,新宿区,新宿,新宿|西新宿|高田馬場|新大久保,area:新宿|station:新大久保駅|station:西武新宿駅|station:新宿駅|feature:24h|feature:midnight,0,,0
ココのスタジオ,〒123-0851 東京都足立区梅田６丁目３３-５ ＳＳＫグリーンパーク梅島駅前 801号室,,https://ameblo.jp/magohinyon1214/entry-12804781106.html,,,1.0,139.7972767,35.7704397,東京,梅島駅,224.0,梅島駅|西新井駅|五反野駅|大師前駅|小菅駅,0.0,足立区,北千住,北千住,area:北千住,0,,0
赤坂茜山スタジオ,〒107-0052 東京都港区赤坂２丁目２１-１ 川本ビル Ｂ１Ｆ,,http://akasaka.studiosquare.jp/,03-5822-4050,"2024-02-29 木曜日 24 時間営業
2024-03-01 金曜日 24 時間営業
2024-03-02 土曜日 24 時間営業
2024-03-03 日曜日 24 時間営業
2024-03-04 月曜日 24 時間営業
2024-03-05 火曜日 24 時間営業
2024-03-06 水曜日 24 時間営業
",1.0,139.7382612,35.6691802,東京,赤坂駅,502.0,赤坂駅|六本木駅,2.0,港区,六本木,六本木|赤坂|麻布|新橋,area:六本木|station:赤坂駅|station:六本木駅|feature:24h|feature:midnight,0,,0
仙川 スタジオ 舞仙 レンタルダンススタジオ,〒182-0002 東京都調布市仙川町１丁目１８-２５ 第一富沢ビル 3F,,https://sengawa.studiosquare.jp/,03-5822-4050,"2024-02-29 木曜日 24 時間営業
2024-03-01 金曜日 24 時間営業
2024-03-02 土曜日 24 時間営業
2024-03-03 日曜日 24 時間営業
2024-03-04 月曜日 24 時間営業
2024-03-05 火曜日 24 時間営業
2024-03-06 水曜日 24 時間営業
",1.0,139.5847151,35.6618619,東京,仙川駅,52.0,仙川駅|つつじヶ丘駅|千歳烏山駅|柴崎駅,0.0,調布市,調布,調布,area:調布|feature:24h|feature:midnight,0,,0
浅草スタジオ２２６,〒111-0033 東京都台東区花川戸２丁目２-６ エビスビル 7階,,http://asakusastudio226.com/,03-6802-4499,"2024-02-29 木曜日 24 時間営業
2024-03-01 金曜日 24 時間営業
2024-03-02 土曜日 24 時間営業
2024-03-03 日曜日 24 時間営業
2024-03-04 月曜日 24 時間営業
2024-03-05 火曜日 24 時間営業
2024-03-06 水曜日 24 時間営業
",1.0,139.8012291,35.714136,東京,浅草駅,459.0,浅草駅|押上駅,2.0,台東区,上野,上野|浅草|御徒町|蔵前,area:上野|station:浅草駅|station:押上駅|feature:24h|feature:midnight,0,,0
早坂ダンススタジオ,〒180-0003 東京都武蔵野市吉祥寺南町２丁目６-１,,https://hayasaka-dance-school.com/,0422-46-1127,"2024-02-29 木曜日 13時00分～22時00分
2024-03-01 金曜日 13時00分～22時00分
2024-03-02 土曜日 10時00分～18時00分
2024-03-03 日曜日 定休日
2024-03-04 月曜日 13時00分～22時00分
2024-03-05 火曜日 10時00分～19時00分
2024-03-06 水曜日 13時00分～22時00分
",1.0,139.581045,35.701881,東京,吉祥寺駅,178.0,吉祥寺駅,1.0,武蔵野市,吉祥寺,吉祥寺,area:吉祥寺|station:吉祥寺駅|feature:24h|feature:midnight,0,,0
相田フラメンコ教室,〒191-0062 東京都日野市多摩平２丁目１２-２ 山崎ビル1F,,http://www.soniquete.info/,042-635-6148,"2024-02-29 木曜日 9時00分～23時00分
2024-03-01 金曜日 9時00分～23時00分
2024-03-02 土曜日 9時00分～23時00分
2024-03-03 日曜日 9時00分～23時00分
2024-03-04 月曜日 9時00分～23時00分
2024-03-05 火曜日 9時00分～23時00分
2024-03-06 水曜日 9時00分～23時00分
",1.0,139.3825967,35.6626175,東京,豊田駅,358.0,豊田駅|南平駅|平山城址公園駅|北八王子駅,0.0,日野市,日野,日野,area:日野|feature:24h|feature:midnight,0,,0
Starbox,〒135-0016 東京都江東区東陽３丁目２１-１３,,http://starbox.jp/,,"2024-02-29 木曜日 定休日
2024-03-01 金曜日 定休日
2024-03-02 土曜日 9時00分～13時00分
2024-03-03 日曜日 定休日
2024-03-04 月曜日 定休日
2024-03-05 火曜日 定休日
2024-03-06 水曜日 15時30分～19時00分
",1.0,139.8112993,35.668941,東京,木場駅,410.0,木場駅|東陽町駅|潮見駅|門前仲町駅|越中島駅|南砂町駅|清澄白河駅,0.0,江東区,豊洲,豊洲,area:豊洲|feature:24h|feature:midnight,0,,0
村山・横川バレエスクール,〒121-0053 東京都足立区佐野２丁目３５-１２ 2F,,https://www.m-ballet.com/,03-6884-0020,"オーナーが女性と確認されたビジネス2024-02-29 木曜日 17時15分～20時45分
2024-03-01 金曜日 15時45分～21時00分
2024-03-02 土曜日 13時00分～19時30分
2024-03-03 日曜日 11時00分～13時30分
2024-03-04 月曜日 17時15分～18時45分
2024-03-05 火曜日 15時45分～21時00分
2024-03-06 水曜日 定休日
",1.0,139.8378504,35.7890897,東京,北綾瀬駅,1439.0,北綾瀬駅|六町駅,0.0,足立区,北千住,北千住,area:北千住|feature:24h|feature:midnight,0,,0
多々納みわ子バレエスタジオ,〒142-0041 東京都品川区戸越１丁目１９-３,,http://www.ballet-studio.com/,03-3490-4672,,1.0,139.7204345,35.6151311,東京,大崎駅,893.0,大崎駅,1.0,品川区,品川,品川|五反田|大井町|目黒,area:品川|station:大崎駅,0,,0
多摩市ダンススクールFANTASY,〒206-0014 東京都多摩市乞田１１５６-１?２０５,,https://www.fantasy-dance.com/,042-401-8781,"2024-02-29 木曜日 10時00分～22時00分
2024-03-01 金曜日 10時00分～22時00分
2024-03-02 土曜日 10時00分～22時00分
2024-03-03 日曜日 10時00分～22時00分
2024-03-04 月曜日 10時00分～22時00分
2024-03-05 火曜日 10時00分～22時00分
2024-03-06 水曜日 10時00分～22時00分
",1.0,139.4407012,35.631954,東京,小田急永山駅,698.0,小田急永山駅|京王永山駅|京王多摩センター駅|小田急多摩センター駅,0.0,多摩市,多摩センター,多摩センター,area:多摩センター|feature:24h|feature:midnight,0,,0
多目的スペース「時々海風が吹くスタジオ」,〒136-0071 東京都江東区亀戸７丁目４３-５,,http://seisakuplus.com/umikazestudio/,03-5628-1325,"2024-02-29 木曜日 10時00分～21時30分
2024-03-01 金曜日 10時00分～21時30分
2024-03-02 土曜日 10時00分～21時30分
2024-03-03 日曜日 10時00分～21時30分
2024-03-04 月曜日 10時00分～21時30分
2024-03-05 火曜日 10時00分～21時30分
2024-03-06 水曜日 10時00分～21時30分
",1.0,139.8343715,35.696722,東京,亀戸水神駅,399.0,亀戸水神駅|亀戸駅|大島駅|西大島駅|東あずま駅|平井駅|東大島駅|小村井駅|錦糸町駅|住吉駅,0.0,江東区,豊洲,豊洲,area:豊洲|feature:24h|feature:midnight,0,,0
多目的貸スタジオ-TSスタジオ,〒174-0056 東京都板橋区志村３丁目１７-２ TSビル 4階,,http://makeuponeslife.site/,03-6906-7731,"2024-02-29 木曜日 9時00分～23時00分
2024-03-01 金曜日 9時00分～23時00分
2024-03-02 土曜日 9時00分～23時00分
2024-03-03 日曜日 9時00分～23時00分
2024-03-04 月曜日 9時00分～23時00分
2024-03-05 火曜日 9時00分～23時00分
2024-03-06 水曜日 9時00分～23時00分
",1.0,139.6830663,35.7767222,東京,志村三丁目駅,267.0,志村三丁目駅|蓮根駅|志村坂上駅|西台駅|上板橋駅|浮間舟渡駅|本蓮沼駅,0.0,板橋区,成増,成増,area:成増|feature:24h|feature:midnight,0,,0
体幹・柔軟性強化&ポールダンス スタジオWeBA（ウィーバ）,〒136-0072 東京都江東区大島５丁目２７-１,,https://weba.style/,03-5858-6459,"2024-02-29 木曜日 10時00分～20時30分
2024-03-01 金曜日 10時00分～20時30分
2024-03-02 土曜日 9時30分～20時30分
2024-03-03 日曜日 9時30分～20時00分
2024-03-04 月曜日 10時00分～20時00分
2024-03-05 火曜日 12時00分～20時30分
2024-03-06 水曜日 10時00分～21時00分
",1.0,139.8350225,35.686062,東京,大島駅,413.0,大島駅|西大島駅|東大島駅|亀戸駅|亀戸水神駅|住吉駅|南砂町駅,0.0,江東区,豊洲,豊洲,area:豊洲|feature:24h|feature:midnight,0,,0
貸し会議室 & 全国蕎麦製粉会館【JK Room 駒込】,〒170-0003 東京都豊島区駒込１丁目４０-４ 全国蕎麦製粉協同組合４０１ コンフォート駒込,,https://jk-room.com/location.html#komagome,050-5372-4665,"2024-02-29 木曜日 24 時間営業
2024-03-01 金曜日 24 時間営業
2024-03-02 土曜日 24 時間営業
2024-03-03 日曜日 24 時間営業
2024-03-04 月曜日 24 時間営業
2024-03-05 火曜日 24 時間営業
2024-03-06 水曜日 24 時間営業
",1.0,139.7478798,35.7352348,東京,駒込駅,168.0,駒込駅|巣鴨駅|千石駅|田端駅|上中里駅|本駒込駅|西ケ原駅|尾久駅|白山駅|西ヶ原四丁目駅,0.0,豊島区,池袋,池袋|目白|大塚|巣鴨,area:池袋|feature:24h|feature:midnight,0,,0
貸スペース 東京レンタルスタジオ,〒125-0061 東京都葛飾区亀有３丁目１３-２ 亀有鞠子ビル4階,,,070-5087-2001,"2024-02-29 木曜日 7時00分～23時30分
2024-03-01 金曜日 7時00分～23時30分
2024-03-02 土曜日 7時00分～23時30分
2024-03-03 日曜日 7時00分～23時30分
2024-03-04 月曜日 7時00分～23時00分
2024-03-05 火曜日 7時00分～23時30分
2024-03-06 水曜日 7時00分～23時30分
",1.0,139.847758,35.763125,東京,亀有駅,380.0,亀有駅|お花茶屋駅,0.0,葛飾区,新小岩,新小岩,area:新小岩|feature:24h|feature:midnight,0,,0
貸ホールスペース６,〒157-0062 東京都世田谷区南烏山６丁目４-８,,,03-3300-8181,"2024-02-29 木曜日 10時00分～22時00分
2024-03-01 金曜日 10時00分～22時00分
2024-03-02 土曜日 10時00分～22時00分
2024-03-03 日曜日 10時00分～22時00分
2024-03-04 月曜日 10時00分～22時00分
2024-03-05 火曜日 10時00分～22時00分
2024-03-06 水曜日 10時00分～22時00分
",1.0,139.6000733,35.668459,東京,千歳烏山駅,100.0,千歳烏山駅|芦花公園駅|八幡山駅|仙川駅|富士見ヶ丘駅,0.0,世田谷区,下北沢,下北沢|三軒茶屋|二子玉川|自由が丘,area:下北沢|feature:24h|feature:midnight,0,,0
貸空間スタジオStudioStyle+,〒160-0023 東京都新宿区西新宿７丁目２２-３１ BF 柏木 MURA,,https://studiostyle.jp/tenku-dance-studio/,090-8306-7493,"2024-02-29 木曜日 24 時間営業
2024-03-01 金曜日 24 時間営業
2024-03-02 土曜日 24 時間営業
2024-03-03 日曜日 24 時間営業
2024-03-04 月曜日 24 時間営業
2024-03-05 火曜日 24 時間営業
2024-03-06 水曜日 24 時間営業",1.0,139.6965341,35.697153,東京,西武新宿駅,391.0,西武新宿駅|新大久保駅|新宿駅,3.0,新宿区,新宿,新宿|西新宿|高田馬場|新大久保,area:新宿|station:西武新宿駅|station:新大久保駅|station:新宿駅|feature:24h|feature:midnight,0,,0
代々木アフタースクールCreo BOX,〒151-0053 東京都渋谷区代々木２丁目３９-６ １F,,https://creobox.jp/,03-6876-6472,"LGBTQ フレンドリー2024-02-29 木曜日 15時30分～18時00分
2024-03-01 金曜日 15時30分～18時00分
2024-03-02 土曜日 定休日
2024-03-03 日曜日 定休日
2024-03-04 月曜日 15時30分～18時00分
2024-03-05 火曜日 定休日
2024-03-06 水曜日 15時30分～18時00分
",1.0,139.6961331,35.684666,東京,代々木駅,563.0,代々木駅|新宿駅,2.0,渋谷区,渋谷,渋谷|恵比寿|代官山|原宿,area:渋谷|station:代々木駅|station:新宿駅|feature:24h|feature:midnight,0,,0
Ohana Room Studio浦安,〒279-0002 千葉県浦安市北栄１丁目１５-５ レクス浦安駅前 ４F,,https://ohanaroom.jp/,,"2024-02-29 木曜日 9時00分～22時00分
2024-03-01 金曜日 9時00分～22時00分
2024-03-02 土曜日 9時00分～22時00分
2024-03-03 日曜日 9時00分～22時00分
2024-03-04 月曜日 9時00分～22時00分
2024-03-05 火曜日 9時00分～22時00分
2024-03-06 水曜日 9時00分～22時00分
",1.0,139.8943736,35.6653227,東京,浦安駅,119.0,浦安駅|南行徳駅|葛西駅,0.0,その他,その他,その他,feature:24h|feature:midnight,0,,0
代官山スタジオ,〒153-0061 東京都目黒区中目黒１丁目２-１７,,http://daikanyamastudio.jp/,03-3719-0222,,1.0,139.702093,35.645696,東京,恵比寿駅,732.0,恵比寿駅,1.0,目黒区,中目黒,中目黒,area:中目黒|station:恵比寿駅,0,,0
大宮 ラージス レンタルスタジオ,〒330-0846 埼玉県さいたま市大宮区大門町３丁目８２-３ 大和（やまと）ビル3F,,https://omiya.studiosquare.jp/,03-5822-4050,"2024-02-29 木曜日 24 時間営業
2024-03-01 金曜日 24 時間営業
2024-03-02 土曜日 24 時間営業
2024-03-03 日曜日 24 時間営業
2024-03-04 月曜日 24 時間営業
2024-03-05 火曜日 24 時間営業
2024-03-06 水曜日 24 時間営業
",1.0,139.6293243,35.9076849,東京,大宮駅,511.0,大宮駅|北大宮駅|さいたま新都心駅|鉄道博物館駅|大宮公園駅|北与野駅,0.0,その他,その他,その他,feature:24h|feature:midnight,0,,0
大人バレエMiho Ballet Arts下高井戸,〒168-0073 東京都杉並区下高井戸１丁目２-１３ 山口ビル 杉並だんすアトリウム,,http://miho-arts.com/,03-6825-2729,"2024-02-29 木曜日 定休日
2024-03-01 金曜日 10時15分～12時45分
2024-03-02 土曜日 定休日
2024-03-03 日曜日 定休日
2024-03-04 月曜日 定休日
2024-03-05 火曜日 定休日
2024-03-06 水曜日 定休日
",1.0,139.6408555,35.6668407,東京,下高井戸駅,92.0,下高井戸駅|松原駅|桜上水駅|明大前駅|永福町駅|西永福駅|東松原駅|山下駅|豪徳寺駅|上北沢駅,0.0,杉並区,高円寺,高円寺,area:高円寺|feature:24h|feature:midnight,0,,0
大人バレエアカデミー 錦糸町スタジオ,〒130-0022 東京都墨田区江東橋１丁目１５-１ Vort錦糸町 102,,https://personalballet.com/academy/kinshichou,050-3185-8125,"2024-02-29 木曜日 9時00分～22時00分
2024-03-01 金曜日 9時00分～22時00分
2024-03-02 土曜日 9時00分～22時00分
2024-03-03 日曜日 9時00分～22時00分
2024-03-04 月曜日 9時00分～22時00分
2024-03-05 火曜日 9時00分～22時00分
2024-03-06 水曜日 9時00分～22時00分
",1.0,139.8095109,35.6958114,東京,錦糸町駅,428.0,錦糸町駅,1.0,墨田区,錦糸町,錦糸町,area:錦糸町|station:錦糸町駅|feature:24h|feature:midnight,0,,0
大人バレエシェリ 東京銀座スタジオ,〒104-0061 東京都中央区銀座５丁目１４-６ 橋ビルⅡ B1,,https://cheriegroup.com/adult/ginza/,06-7777-0246,"2024-02-29 木曜日 10時00分～22時30分
2024-03-01 金曜日 9時30分～22時30分
2024-03-02 土曜日 9時30分～22時30分
2024-03-03 日曜日 9時30分～16時30分
2024-03-04 月曜日 10時00分～22時30分
2024-03-05 火曜日 定休日
2024-03-06 水曜日 13時30分～22時30分
",1.0,139.7671847,35.668615,東京,有楽町駅,798.0,有楽町駅|新橋駅,2.0,中央区,銀座,銀座|日本橋|八丁堀|月島,area:銀座|station:有楽町駅|station:新橋駅|feature:24h|feature:midnight,0,,0
大泉学園ノートル,"練馬区東大泉６丁目ー３４－４５ SKビルⅡ ２階 ３４, ３４ 練馬区 東京都 178-0063",,https://oizumi.studiosquare.jp/,03-5822-4050,"2024-02-29 木曜日 24 時間営業
2024-03-01 金曜日 24 時間営業
2024-03-02 土曜日 24 時間営業
2024-03-03 日曜日 24 時間営業
2024-03-04 月曜日 24 時間営業
2024-03-05 火曜日 24 時間営業
2024-03-06 水曜日 24 時間営業
",1.0,139.5859893,35.7481954,東京,大泉学園駅,159.0,大泉学園駅|保谷駅|石神井公園駅,0.0,練馬区,練馬,練馬,area:練馬|feature:24h|feature:midnight,0,,0
大谷哲章バレエスタジオアプロン,〒164-0011 東京都中野区中央２丁目８-２１,,,03-5338-8303,"2024-02-29 木曜日 11時00分～22時00分
2024-03-01 金曜日 7時00分～22時00分
2024-03-02 土曜日 10時30分～19時00分
2024-03-03 日曜日 10時00分～17時30分
2024-03-04 月曜日 11時00分～22時00分
2024-03-05 火曜日 7時00分～22時00分
2024-03-06 水曜日 11時00分～22時00分
",1.0,139.6827072,35.6986355,東京,中野坂上駅,181.0,中野坂上駅|東中野駅|西新宿五丁目駅（清水橋）|中野新橋駅|西新宿駅|新中野駅|都庁前駅|大久保駅|落合駅|新宿西口駅,0.0,中野区,中野,中野,area:中野|feature:24h|feature:midnight,0,,0
大門スタジオ,〒105-0012 東京都港区芝大門２丁目１０-１ 第一大門ビル,,http://www.magnux.co.jp/postpro/,03-5777-6511,,1.0,139.7531547,35.6546408,東京,浜松町駅,343.0,浜松町駅|田町駅,2.0,港区,六本木,六本木|赤坂|麻布|新橋,area:六本木|station:浜松町駅|station:田町駅,0,,0
第一ホテル東京 フィットネス&アクアゾーン,〒100-0011 東京都千代田区内幸町１丁目５-３ 新幸橋ビルディング ビル内,,https://www.hankyu-hotel.com/hotel/dh/dhtokyo/contents/refacilities?utm_source=googlemybusiness&utm_medium=organic,03-3596-7740,"2024-02-29 木曜日 7時00分～21時00分
2024-03-01 金曜日 7時00分～21時00分
2024-03-02 土曜日 7時00分～21時00分
2024-03-03 日曜日 7時00分～19時30分
2024-03-04 月曜日 7時00分～21時00分
2024-03-05 火曜日 7時00分～21時00分
2024-03-06 水曜日 7時00分～21時00分
",1.0,139.7573861,35.6692411,東京,新橋駅,357.0,新橋駅|有楽町駅,2.0,千代田区,秋葉原,秋葉原,area:秋葉原|station:新橋駅|station:有楽町駅|feature:24h|feature:midnight,0,,0
池村ダンススクール,〒152-0004 東京都目黒区鷹番３丁目１９-５ 丸橋総本店ビル2F 丸橋総本店ビル,,https://peraichi.com/landing_pages/view/ikemuradance/,03-6276-8278,"2024-02-29 木曜日 10時00分～22時00分
2024-03-01 金曜日 10時00分～22時00分
2024-03-02 土曜日 10時00分～22時00分
2024-03-03 日曜日 10時00分～22時00分
2024-03-04 月曜日 10時00分～22時00分
2024-03-05 火曜日 10時00分～22時00分
2024-03-06 水曜日 10時00分～22時00分
",1.0,139.6833108,35.6295145,東京,学芸大学駅,221.0,学芸大学駅,1.0,目黒区,中目黒,中目黒,area:中目黒|station:学芸大学駅|feature:24h|feature:midnight,0,,0
池袋 MIB,〒171-0014 東京都豊島区池袋２丁目６８-９ ＭＩＢ 1-2-3F,,https://mib.studiosquare.jp/,03-5822-4050,"2024-02-29 木曜日 24 時間営業
2024-03-01 金曜日 24 時間営業
2024-03-02 土曜日 24 時間営業
2024-03-03 日曜日 24 時間営業
2024-03-04 月曜日 24 時間営業
2024-03-05 火曜日 24 時間営業
2024-03-06 水曜日 24 時間営業
",1.0,139.709427,35.7357457,東京,池袋駅,763.0,池袋駅,1.0,豊島区,池袋,池袋|目白|大塚|巣鴨,area:池袋|station:池袋駅|feature:24h|feature:midnight,0,,0
池袋 ミント,〒170-0014 東京都豊島区池袋１丁目８-５ 池袋MINTORONビルB1F,,https://mint.studiosquare.jp/,03-5822-4050,"2024-02-29 木曜日 24 時間営業
2024-03-01 金曜日 24 時間営業
2024-03-02 土曜日 24 時間営業
2024-03-03 日曜日 24 時間営業
2024-03-04 月曜日 24 時間営業
2024-03-05 火曜日 24 時間営業
2024-03-06 水曜日 24 時間営業
",1.0,139.711519,35.736016,東京,池袋駅,795.0,池袋駅,1.0,豊島区,池袋,池袋|目白|大塚|巣鴨,area:池袋|station:池袋駅|feature:24h|feature:midnight,0,,0
池袋ルピナス,〒170-0013 東京都豊島区東池袋１丁目３１-２ ルピナス池袋102,,https://ikebukuro.inforent.jp/,03-5822-4050,"2024-02-29 木曜日 24 時間営業
2024-03-01 金曜日 24 時間営業
2024-03-02 土曜日 24 時間営業
2024-03-03 日曜日 24 時間営業
2024-03-04 月曜日 24 時間営業
2024-03-05 火曜日 24 時間営業
2024-03-06 水曜日 24 時間営業
",1.0,139.7163215,35.7317139,東京,池袋駅,619.0,池袋駅,1.0,豊島区,池袋,池袋|目白|大塚|巣鴨,area:池袋|station:池袋駅|feature:24h|feature:midnight,0,,0
池袋レンタルスタジオ Studio M Ikebukuro Tokyo,〒171-0014 東京都豊島区池袋２丁目５３-３ スクエア21 １Ｆ,,http://mstudio-ikebukuro.com/,03-5911-6800,"2024-02-29 木曜日 24 時間営業
2024-03-01 金曜日 24 時間営業
2024-03-02 土曜日 24 時間営業
2024-03-03 日曜日 24 時間営業
2024-03-04 月曜日 24 時間営業
2024-03-05 火曜日 24 時間営業
2024-03-06 水曜日 24 時間営業
",1.0,139.7088884,35.7338274,東京,池袋駅,561.0,池袋駅,1.0,豊島区,池袋,池袋|目白|大塚|巣鴨,area:池袋|station:池袋駅|feature:24h|feature:midnight,0,,0
池田山ノブレスレンタルスタジオ（五反田駅）,〒141-0022 東京都品川区東五反田５丁目２４-７ ノブレス池田山 B1階,,https://ikedayama.studiosquare.jp/,03-5822-4050,"2024-02-29 木曜日 6時00分～23時00分
2024-03-01 金曜日 6時00分～23時00分
2024-03-02 土曜日 6時00分～23時00分
2024-03-03 日曜日 6時00分～23時00分
2024-03-04 月曜日 6時00分～23時00分
2024-03-05 火曜日 6時00分～23時00分
2024-03-06 水曜日 6時00分～23時00分
",1.0,139.7236616,35.6275107,東京,五反田駅,120.0,五反田駅|大崎駅|目黒駅,3.0,品川区,品川,品川|五反田|大井町|目黒,area:品川|station:五反田駅|station:大崎駅|station:目黒駅|feature:24h|feature:midnight,0,,0
中目黒 すわ山 レンタルスタジオ,〒153-0051 東京都目黒区上目黒２丁目４７-１ 司ビル 2F-B,,https://suwayama.studiosquare.jp/,03-5822-4050,"2024-02-29 木曜日 24 時間営業
2024-03-01 金曜日 24 時間営業
2024-03-02 土曜日 24 時間営業
2024-03-03 日曜日 24 時間営業
2024-03-04 月曜日 24 時間営業
2024-03-05 火曜日 24 時間営業
2024-03-06 水曜日 24 時間営業
",1.0,139.6953852,35.641744,東京,中目黒駅,412.0,中目黒駅|祐天寺駅|代官山駅|池尻大橋駅|恵比寿駅|学芸大学駅|神泉駅|渋谷駅,0.0,目黒区,中目黒,中目黒,area:中目黒|feature:24h|feature:midnight,0,,0
中目黒 ブロードウェイレンタルスタジオ,〒153-0051 東京都目黒区上目黒１丁目５-１０ 中目黒マンション Ｂ15号室,,https://nakameguro.inforent.jp/,03-5822-4050,"2024-02-29 木曜日 24 時間営業
2024-03-01 金曜日 24 時間営業
2024-03-02 土曜日 24 時間営業
2024-03-03 日曜日 24 時間営業
2024-03-04 月曜日 24 時間営業
2024-03-05 火曜日 24 時間営業
2024-03-06 水曜日 24 時間営業
",1.0,139.7005906,35.6446775,東京,恵比寿駅,888.0,恵比寿駅,1.0,目黒区,中目黒,中目黒,area:中目黒|station:恵比寿駅|feature:24h|feature:midnight,0,,0
中野 ガーデン レンタルスタジオ,〒165-0026 東京都中野区新井１丁目１２-５ ＮＳフラッツ B1階,,https://nakano.studiosquare.jp/,03-5822-4050,"2024-02-29 木曜日 24 時間営業
2024-03-01 金曜日 24 時間営業
2024-03-02 土曜日 24 時間営業
2024-03-03 日曜日 24 時間営業
2024-03-04 月曜日 24 時間営業
2024-03-05 火曜日 24 時間営業
2024-03-06 水曜日 24 時間営業
",1.0,139.6661157,35.7109829,東京,中野駅,581.0,中野駅,1.0,中野区,中野,中野,area:中野|station:中野駅|feature:24h|feature:midnight,0,,0
中野ロフトスタジオ～nakano f～,〒164-0001 東京都中野区中野５丁目４６-１０,,https://nakanof.jp/,03-6276-3917,"2024-02-29 木曜日 9時00分～22時00分
2024-03-01 金曜日 9時00分～22時00分
2024-03-02 土曜日 9時00分～22時00分
2024-03-03 日曜日 9時00分～22時00分
2024-03-04 月曜日 9時00分～22時00分
2024-03-05 火曜日 9時00分～22時00分
2024-03-06 水曜日 9時00分～22時00分
",1.0,139.6671124,35.7081955,東京,中野駅,294.0,中野駅,1.0,中野区,中野,中野,area:中野|station:中野駅|feature:24h|feature:midnight,0,,0
長谷川政義ダンスワールド,〒116-0013 東京都荒川区西日暮里６丁目４７-８ サンライズ21 2F,,http://hm-dw.com/,03-6807-8645,"2024-02-29 木曜日 13時00分～21時00分
2024-03-01 金曜日 13時00分～21時00分
2024-03-02 土曜日 13時00分～18時00分
2024-03-03 日曜日 定休日
2024-03-04 月曜日 13時00分～21時00分
2024-03-05 火曜日 13時00分～21時00分
2024-03-06 水曜日 13時00分～21時00分
",1.0,139.7685592,35.7358652,東京,日暮里駅,926.0,日暮里駅,1.0,荒川区,日暮里,日暮里,area:日暮里|station:日暮里駅|feature:24h|feature:midnight,0,,0
天空MURAダンススタジオStudioStyle+,〒160-0023 東京都新宿区西新宿６丁目１２-１６,,https://studiostyle.jp/tenku-dance-studio/,090-8306-7493,"オーナーが女性と確認されたビジネス2024-02-29 木曜日 24 時間営業
2024-03-01 金曜日 24 時間営業
2024-03-02 土曜日 24 時間営業
2024-03-03 日曜日 24 時間営業
2024-03-04 月曜日 24 時間営業
2024-03-05 火曜日 24 時間営業
2024-03-06 水曜日 24 時間営業",1.0,139.6887103,35.6934023,東京,新宿駅,1079.0,新宿駅|西武新宿駅,2.0,新宿区,新宿,新宿|西新宿|高田馬場|新大久保,area:新宿|station:新宿駅|station:西武新宿駅|feature:24h|feature:midnight,0,,0
天空MURAミドルスタジオStudioStyle+,〒160-0023 東京都新宿区西新宿６丁目１２-１６ 天空ＭＵＲＡ一号館,,https://studiostyle.jp/tenku-dance-studio/,090-8306-7493,"2024-02-29 木曜日 24 時間営業
2024-03-01 金曜日 24 時間営業
2024-03-02 土曜日 24 時間営業
2024-03-03 日曜日 24 時間営業
2024-03-04 月曜日 24 時間営業
2024-03-05 火曜日 24 時間営業
2024-03-06 水曜日 24 時間営業",1.0,139.6887106,35.6933988,東京,新宿駅,1079.0,新宿駅|西武新宿駅,2.0,新宿区,新宿,新宿|西新宿|高田馬場|新大久保,area:新宿|station:新宿駅|station:西武新宿駅|feature:24h|feature:midnight,0,,0
田中美穂フラメンコスタジオ,〒155-0031 東京都世田谷区北沢４丁目３-２３,,https://najahouse.jp/school/30-4,03-3485-2620,,1.0,139.672031,35.667084,東京,下北沢駅,661.0,下北沢駅,1.0,世田谷区,下北沢,下北沢|三軒茶屋|二子玉川|自由が丘,area:下北沢|station:下北沢駅,0,,0
渡辺雅子フラメンコラコンチャ,〒160-0022 東京都新宿区新宿２丁目１-３ 1F,,https://www.masako-watanabe.net/,090-6659-1031,"オーナーが女性と確認されたビジネス2024-02-29 木曜日 19時00分～20時30分
2024-03-01 金曜日 定休日
2024-03-02 土曜日 定休日
2024-03-03 日曜日 定休日
2024-03-04 月曜日 17時30分～19時00分
2024-03-05 火曜日 定休日
2024-03-06 水曜日 定休日
",1.0,139.7093472,35.688371,東京,新宿駅,868.0,新宿駅|代々木駅|西武新宿駅,3.0,新宿区,新宿,新宿|西新宿|高田馬場|新大久保,area:新宿|station:新宿駅|station:代々木駅|station:西武新宿駅|feature:24h|feature:midnight,0,,0
島村楽器 イオンモール札幌平岡店,〒004-0873 北海道札幌市清田区平岡３条５丁目３-１ イオンモール札幌平岡 2F,,https://www.shimamura.co.jp/shop/sapporo-h/?utm_source=gmb&utm_medium=organic,011-889-5120,"2024-02-29 木曜日 9時00分～21時00分
2024-03-01 金曜日 9時00分～21時00分
2024-03-02 土曜日 9時00分～21時00分
2024-03-03 日曜日 9時00分～21時00分
2024-03-04 月曜日 9時00分～21時00分
2024-03-05 火曜日 9時00分～21時00分
2024-03-06 水曜日 9時00分～21時00分
",1.0,141.4585574,42.9970649,東京,なし,,,0.0,その他,その他,その他,feature:24h|feature:midnight,0,,0
東久留米駅前ダンススタジオテレマーク,〒203-0014 東京都東久留米市東本町２-６ 2階,,,080-3271-8029,"2024-02-29 木曜日 13時30分～16時00分
2024-03-01 金曜日 13時00分～16時30分
2024-03-02 土曜日 14時00分～17時00分
2024-03-03 日曜日 定休日
2024-03-04 月曜日 13時30分～21時30分
2024-03-05 火曜日 18時30分～21時00分
2024-03-06 水曜日 13時00分～16時00分
",1.0,139.5344034,35.7611184,東京,東久留米駅,95.0,東久留米駅|ひばりヶ丘駅|清瀬駅,0.0,東久留米市,東久留米,東久留米,area:東久留米|feature:24h|feature:midnight,0,,0
東急スポーツオアシス 青山,"〒107-0061 東京都港区北青山２丁目８-４４, Tepia, B2F",,https://www.sportsoasis.co.jp/sh58/,03-5770-6109,"2024-02-29 木曜日 7時00分～22時30分
2024-03-01 金曜日 定休日
2024-03-02 土曜日 10時00分～21時00分
2024-03-03 日曜日 10時00分～20時00分
2024-03-04 月曜日 7時00分～22時30分
2024-03-05 火曜日 7時00分～22時30分
2024-03-06 水曜日 7時00分～22時30分
",1.0,139.7169079,35.6730688,東京,外苑前駅,332.0,外苑前駅|青山一丁目駅|表参道駅,3.0,港区,六本木,六本木|赤坂|麻布|新橋,area:六本木|station:外苑前駅|station:青山一丁目駅|station:表参道駅|feature:24h|feature:midnight,0,,0
東急スポーツオアシス聖路加ガーデン,〒104-0044 東京都中央区明石町８ 聖路加タワ B2F,,https://www.sportsoasis.co.jp/sh65/,03-3545-0109,"2024-02-29 木曜日 定休日
2024-03-01 金曜日 9時00分～23時00分
2024-03-02 土曜日 10時00分～22時00分
2024-03-03 日曜日 10時00分～19時00分
2024-03-04 月曜日 9時00分～23時00分
2024-03-05 火曜日 9時00分～23時00分
2024-03-06 水曜日 9時00分～23時00分
",1.0,139.7786722,35.6670372,東京,築地駅,559.0,築地駅|月島駅|新富町駅|八丁堀駅|勝どき駅|東銀座駅|築地市場駅|宝町駅|京橋駅|銀座一丁目駅,0.0,中央区,銀座,銀座|日本橋|八丁堀|月島,area:銀座|feature:24h|feature:midnight,0,,0
東急スポーツオアシス雪谷24Plus,〒145-0073 東京都大田区北嶺町４３-１８,,https://www.sportsoasis.co.jp/sh73/,03-6425-0109,"2024-02-29 木曜日 10時00分～23時00分
2024-03-01 金曜日 10時00分～23時00分
2024-03-02 土曜日 10時00分～21時00分
2024-03-03 日曜日 10時00分～20時00分
2024-03-04 月曜日 10時00分～23時00分
2024-03-05 火曜日 10時00分～23時00分
2024-03-06 水曜日 定休日
",1.0,139.679073,35.587789,東京,御嶽山駅,410.0,御嶽山駅|雪が谷大塚駅|沼部駅|多摩川駅|久が原駅|石川台駅|鵜の木駅|田園調布駅|新丸子駅|洗足池駅,0.0,大田区,蒲田,蒲田,area:蒲田|feature:24h|feature:midnight,0,,0
東京ステップス・アーツ アニメダンス池袋校,〒192-0082 東京都豊島区東池袋１丁目２２-５ サンケェビル６F,,https://www.t-steps.jp/anime_dance,03-5957-5858,"LGBTQ フレンドリー2024-02-29 木曜日 11時30分～21時30分
2024-03-01 金曜日 11時30分～21時30分
2024-03-02 土曜日 11時30分～21時30分
2024-03-03 日曜日 10時00分～21時30分
2024-03-04 月曜日 11時30分～21時30分
2024-03-05 火曜日 11時30分～21時30分
2024-03-06 水曜日 13時00分～21時30分
",1.0,139.7155912,35.729498,東京,池袋駅,475.0,池袋駅,1.0,豊島区,池袋,池袋|目白|大塚|巣鴨,area:池袋|station:池袋駅|feature:24h|feature:midnight,0,,0
東京タワーメディアセンター,〒105-0011 東京都港区芝公園４丁目４-７ 東京タワーメディアセンタ 3F,,http://starrise-tower.com/,03-6721-5450,"2024-02-29 木曜日 10時00分～18時00分
2024-03-01 金曜日 10時00分～18時00分
2024-03-02 土曜日 定休日
2024-03-03 日曜日 定休日
2024-03-04 月曜日 10時00分～18時00分
2024-03-05 火曜日 10時00分～18時00分
2024-03-06 水曜日 10時00分～18時00分
",1.0,139.744816,35.65779,東京,麻布十番駅,992.0,麻布十番駅|浜松町駅,2.0,港区,六本木,六本木|赤坂|麻布|新橋,area:六本木|station:麻布十番駅|station:浜松町駅|feature:24h|feature:midnight,0,,0
スタジオ イリス,,,https://kazumiiris.com/,,"2024-02-29 木曜日 9時00分～17時00分
2024-03-01 金曜日 9時00分～17時00分
2024-03-02 土曜日 9時00分～17時00分
2024-03-03 日曜日 9時00分～17時00分
2024-03-04 月曜日 定休日
2024-03-05 火曜日 定休日
2024-03-06 水曜日 9時00分～17時00分
",1.0,138.4293072,32.9998961,東京,なし,,,0.0,その他,その他,その他,feature:24h|feature:midnight,0,,0
東京バレエ学園,〒191-0053 東京都日野市豊田４丁目４５-３,,http://www.tokyo-ballet.co.jp/,042-581-5515,,1.0,139.383116,35.6609413,東京,豊田駅,215.0,豊田駅|南平駅|平山城址公園駅,0.0,日野市,日野,日野,area:日野,0,,0
東京バレエ学園麹町教室,〒102-0081 東京都千代田区四番町７-１５,,https://www.tokyo-ballet.co.jp/,03-3261-7826,,1.0,139.736369,35.687431,東京,麹町駅,314.0,麹町駅|市ケ谷駅|半蔵門駅|四ツ谷駅|永田町駅|赤坂見附駅|曙橋駅|四谷三丁目駅|牛込神楽坂駅|九段下駅,0.0,千代田区,秋葉原,秋葉原,area:秋葉原,0,,0
東京バレエ劇場,〒169-0073 東京都新宿区百人町１丁目１６-４,,http://tokyo-ballet.com/,03-3361-0958,"2024-02-29 木曜日 10時00分～21時00分
2024-03-01 金曜日 10時00分～21時00分
2024-03-02 土曜日 10時30分～16時00分
2024-03-03 日曜日 定休日
2024-03-04 月曜日 10時00分～21時00分
2024-03-05 火曜日 10時00分～21時00分
2024-03-06 水曜日 10時00分～21時00分
",1.0,139.69813,35.700225,東京,新大久保駅,211.0,新大久保駅|西武新宿駅|新宿駅,3.0,新宿区,新宿,新宿|西新宿|高田馬場|新大久保,area:新宿|station:新大久保駅|station:西武新宿駅|station:新宿駅|feature:24h|feature:midnight,0,,0
東池袋ダンス教室,〒170-0013 東京都豊島区東池袋３丁目１１-４ 露木ビル 4階,,,080-5239-8749,"2024-02-29 木曜日 24 時間営業
2024-03-01 金曜日 24 時間営業
2024-03-02 土曜日 24 時間営業
2024-03-03 日曜日 24 時間営業
2024-03-04 月曜日 24 時間営業
2024-03-05 火曜日 24 時間営業
2024-03-06 水曜日 24 時間営業
",1.0,139.7186459,35.7319196,東京,池袋駅,817.0,池袋駅,1.0,豊島区,池袋,池袋|目白|大塚|巣鴨,area:池袋|station:池袋駅|feature:24h|feature:midnight,0,,0
徳永由貴バレエスクール,〒173-0021 東京都板橋区弥生町３３-３ 西野ビル3F,,http://yt-balletschool.jp/,080-4385-5595,,1.0,139.6953054,35.7555018,東京,中板橋駅,15.0,中板橋駅|ときわ台駅|大山駅|板橋本町駅|板橋区役所前駅|本蓮沼駅|上板橋駅|小竹向原駅|千川駅,0.0,板橋区,成増,成増,area:成増,0,,0
楠潤一郎ダンスアカデミー,〒170-0004 東京都豊島区北大塚１丁目１７-９ 平松ビル5階,,https://sites.google.com/view/kusunokidance/,03-5907-1876,"2024-02-29 木曜日 13時00分～22時00分
2024-03-01 金曜日 13時00分～22時00分
2024-03-02 土曜日 13時00分～18時00分
2024-03-03 日曜日 定休日
2024-03-04 月曜日 13時00分～22時00分
2024-03-05 火曜日 13時00分～22時00分
2024-03-06 水曜日 13時00分～22時00分
",1.0,139.730215,35.732038,東京,大塚駅,179.0,大塚駅|向原駅|新大塚駅|庚申塚駅|巣鴨駅|新庚申塚駅|東池袋四丁目駅|東池袋駅|西巣鴨駅|西ヶ原四丁目駅,0.0,豊島区,池袋,池袋|目白|大塚|巣鴨,area:池袋|feature:24h|feature:midnight,0,,0
二子玉川レンタルスタジオ M?ni Frey,〒158-0094 東京都世田谷区玉川１丁目６-８ シティコープ玉川 202,,https://www.jiyugaoka-salon.com/salon-futakotamagawa-b,090-9297-3148,"2024-02-29 木曜日 5時00分～0時00分
2024-03-01 金曜日 5時00分～0時00分
2024-03-02 土曜日 5時00分～0時00分
2024-03-03 日曜日 5時00分～0時00分
2024-03-04 月曜日 5時00分～0時00分
2024-03-05 火曜日 5時00分～0時00分
2024-03-06 水曜日 5時00分～0時00分
",1.0,139.6284934,35.6099719,東京,二子玉川駅,248.0,二子玉川駅|二子新地駅|上野毛駅|高津駅|等々力駅|用賀駅|溝の口駅|武蔵溝ノ口駅,0.0,世田谷区,下北沢,下北沢|三軒茶屋|二子玉川|自由が丘,area:下北沢|feature:24h|feature:midnight,0,,0
日本橋PACMAN（ニホンバシパックマン）,〒103-0021 東京都中央区日本橋本石町４丁目５-５ 藤ビル 地下1階,,https://pacman.tokyo/,03-6260-9526,"LGBTQ フレンドリー2024-02-29 木曜日 13時00分～22時00分
2024-03-01 金曜日 13時00分～22時00分
2024-03-02 土曜日 10時00分～23時00分
2024-03-03 日曜日 10時00分～23時00分
2024-03-04 月曜日 13時00分～22時00分
2024-03-05 火曜日 13時00分～22時00分
2024-03-06 水曜日 13時00分～22時00分
",1.0,139.7705383,35.6890425,東京,東京駅,921.0,東京駅|秋葉原駅,2.0,中央区,銀座,銀座|日本橋|八丁堀|月島,area:銀座|station:東京駅|station:秋葉原駅|feature:24h|feature:midnight,0,,0
日本橋バレエ＆ダンススタジオ Studio LULL,〒101-0047 東京都千代田区内神田２丁目８-３ 新東ビル 2階,,https://coubic.com/studiolullnagi,080-9648-9027,"2024-02-29 木曜日 11時00分～21時00分
2024-03-01 金曜日 15時00分～22時30分
2024-03-02 土曜日 11時00分～21時00分
2024-03-03 日曜日 10時00分～17時00分
2024-03-04 月曜日 11時00分～21時00分
2024-03-05 火曜日 15時00分～21時00分
2024-03-06 水曜日 11時00分～21時30分
",1.0,139.7685118,35.6906301,東京,秋葉原駅,1033.0,秋葉原駅|東京駅,2.0,千代田区,秋葉原,秋葉原,area:秋葉原|station:秋葉原駅|station:東京駅|feature:24h|feature:midnight,0,,0
忍あつこフラメンコ教室,〒164-0001 東京都中野区中野３丁目３４-１８ TOKYOダンボ1F,,http://cocorosa.net/,090-9687-2022,,1.0,139.6650691,35.703746,東京,中野駅,235.0,中野駅,1.0,中野区,中野,中野,area:中野|station:中野駅,0,,0
梅屋敷スタジオ５０１,〒144-0052 東京都大田区蒲田２丁目２２-１３,,https://umeyashikistudio501.com/,03-3738-6510,"2024-02-29 木曜日 9時00分～22時00分
2024-03-01 金曜日 9時00分～22時00分
2024-03-02 土曜日 9時00分～22時00分
2024-03-03 日曜日 9時00分～22時00分
2024-03-04 月曜日 9時00分～22時00分
2024-03-05 火曜日 9時00分～22時00分
2024-03-06 水曜日 9時00分～22時00分
",1.0,139.7261119,35.5650796,東京,蒲田駅,956.0,蒲田駅,1.0,大田区,蒲田,蒲田,area:蒲田|station:蒲田駅|feature:24h|feature:midnight,0,,0
白樺ドレス,〒116-0013 東京都荒川区西日暮里５丁目１４-１ 太陽ビル 2F,,https://www.shirakabadress.com/,03-3805-2975,"2024-02-29 木曜日 10時30分～18時30分
2024-03-01 金曜日 10時30分～18時30分
2024-03-02 土曜日 10時30分～18時30分
2024-03-03 日曜日 10時30分～18時30分
2024-03-04 月曜日 10時30分～18時30分
2024-03-05 火曜日 10時30分～18時30分
2024-03-06 水曜日 10時30分～18時30分
",1.0,139.7679192,35.7325878,東京,日暮里駅,603.0,日暮里駅,1.0,荒川区,日暮里,日暮里,area:日暮里|station:日暮里駅|feature:24h|feature:midnight,0,,0
白金台恵比寿ミュージックスタジオ,〒108-0071 東京都港区白金台５丁目２-５ 502,,,050-3196-9973,"2024-02-29 木曜日 6時00分～0時00分
2024-03-01 金曜日 6時00分～0時00分
2024-03-02 土曜日 6時00分～0時00分
2024-03-03 日曜日 6時00分～0時00分
2024-03-04 月曜日 6時00分～0時00分
2024-03-05 火曜日 6時00分～0時00分
2024-03-06 水曜日 6時00分～0時00分
",1.0,139.7209672,35.6424653,東京,目黒駅,1050.0,目黒駅|恵比寿駅,2.0,港区,六本木,六本木|赤坂|麻布|新橋,area:六本木|station:目黒駅|station:恵比寿駅|feature:24h|feature:midnight,0,,0
八王子フラスタジオ Mauna leo（マウナレオ）,〒192-0046 東京都八王子市明神町２丁目10-１０ 3階,,https://hachioji.mypl.net/shop/00000369954/,090-2932-7659,"2024-02-29 木曜日 10時30分～12時00分
2024-03-01 金曜日 10時00分～11時30分
2024-03-02 土曜日 10時30分～12時00分
2024-03-03 日曜日 定休日
2024-03-04 月曜日 10時30分～12時00分
2024-03-05 火曜日 定休日
2024-03-06 水曜日 10時00分～11時30分
",1.0,139.3489518,35.6557986,東京,八王子駅,907.0,八王子駅,1.0,八王子市,八王子,八王子,area:八王子|station:八王子駅|feature:24h|feature:midnight,0,,0
八百和子 バレエ教室,〒116-0011 東京都荒川区西尾久４丁目２８-８,,https://kyao800ballet.wixsite.com/38008045,03-3800-8045,,1.0,139.7584448,35.7454803,東京,尾久駅,375.0,尾久駅|荒川遊園地前駅|小台駅|荒川車庫前駅|宮ノ前駅|田端駅|赤土小学校前駅|上中里駅|熊野前駅|梶原駅,0.0,荒川区,日暮里,日暮里,area:日暮里,0,,0
バーミリオン フェニックス チアダンス スタジオ,〒176-0023 東京都練馬区中村北１丁目５-９ 第二永崎ビル,,,,"2024-02-29 木曜日 定休日
2024-03-01 金曜日 15時30分～19時00分
2024-03-02 土曜日 定休日
2024-03-03 日曜日 定休日
2024-03-04 月曜日 定休日
2024-03-05 火曜日 定休日
2024-03-06 水曜日 定休日
",1.0,139.6494138,35.7349896,東京,練馬駅,512.0,練馬駅|豊島園駅|中村橋駅|桜台駅|都立家政駅|鷺ノ宮駅|野方駅|富士見台駅|新桜台駅|新江古田駅,0.0,練馬区,練馬,練馬,area:練馬|feature:24h|feature:midnight,0,,0
飛鳥ダンススクール（パソコンスクール＆塾）,〒182-0006 東京都調布市 西つつじヶ丘３丁目２８-１０ 飛鳥書店,,https://asukabc.com/dance/,050-3551-7722,"2024-02-29 木曜日 10時00分～21時00分
2024-03-01 金曜日 10時00分～21時00分
2024-03-02 土曜日 10時00分～21時00分
2024-03-03 日曜日 10時00分～21時00分
2024-03-04 月曜日 10時00分～21時00分
2024-03-05 火曜日 10時00分～21時00分
2024-03-06 水曜日 10時00分～21時00分
",1.0,139.5727615,35.6586782,東京,つつじヶ丘駅,239.0,つつじヶ丘駅|柴崎駅|仙川駅|国領駅,0.0,調布市,調布,調布,area:調布|feature:24h|feature:midnight,0,,0
表参道レンタルスタジオ スタジオ ティノラス,〒107-0062 東京都港区南青山５丁目１３-９,,https://www.s-tenoras.com/,03-6418-8181,"2024-02-29 木曜日 10時00分～21時00分
2024-03-01 金曜日 10時00分～21時00分
2024-03-02 土曜日 9時00分～21時00分
2024-03-03 日曜日 9時00分～21時00分
2024-03-04 月曜日 10時00分～21時00分
2024-03-05 火曜日 10時00分～21時00分
2024-03-06 水曜日 10時00分～21時00分
",1.0,139.7134498,35.6609305,東京,表参道駅,491.0,表参道駅|外苑前駅|渋谷駅,3.0,港区,六本木,六本木|赤坂|麻布|新橋,area:六本木|station:表参道駅|station:外苑前駅|station:渋谷駅|feature:24h|feature:midnight,0,,0
品川 大井町 フラダンス教室 ナーレイ レイコ フラスタジオ,〒140-0014 東京都品川区大井１丁目１１-４ ガスビル4階 ナーレイレイコフラスタジオ,,https://nalei-hula.jp/,090-2315-4850,"オーナーが女性と確認されたビジネス2024-02-29 木曜日 10時00分～22時30分
2024-03-01 金曜日 10時00分～22時30分
2024-03-02 土曜日 10時00分～22時30分
2024-03-03 日曜日 10時00分～22時30分
2024-03-04 月曜日 10時00分～22時30分
2024-03-05 火曜日 10時00分～22時30分
2024-03-06 水曜日 10時00分～22時30分
",1.0,139.7326183,35.6075455,東京,大井町駅,251.0,大井町駅,1.0,品川区,品川,品川|五反田|大井町|目黒,area:品川|station:大井町駅|feature:24h|feature:midnight,0,,0
浜松ダンススクール ゲットアヘッド,〒430-0802 静岡県浜松市東区将監町３６-７ ３F,,https://get-ahead.jp/,053-443-9481,"2024-02-29 木曜日 14時00分～22時30分
2024-03-01 金曜日 14時00分～22時30分
2024-03-02 土曜日 14時00分～22時30分
2024-03-03 日曜日 定休日
2024-03-04 月曜日 14時00分～22時30分
2024-03-05 火曜日 14時00分～22時30分
2024-03-06 水曜日 14時00分～22時30分
",1.0,137.75858,34.714679,東京,天竜川駅,1920.0,天竜川駅,0.0,その他,その他,その他,feature:24h|feature:midnight,0,,0
富田雅美バレエ＆ダンスユニット,〒182-0024 東京都調布市布田１丁目２９-２ ビルディング川口 B1,,https://masami.hp.peraichi.com/dance,042-487-8878,"LGBTQ フレンドリー2024-02-29 木曜日 24 時間営業
2024-03-01 金曜日 24 時間営業
2024-03-02 土曜日 24 時間営業
2024-03-03 日曜日 24 時間営業
2024-03-04 月曜日 24 時間営業
2024-03-05 火曜日 24 時間営業
2024-03-06 水曜日 24 時間営業
",1.0,139.5452365,35.6530633,東京,調布駅,200.0,調布駅,1.0,調布市,調布,調布,area:調布|station:調布駅|feature:24h|feature:midnight,0,,0
布川ダンスカンパニー,〒111-0036 東京都台東区松が谷１丁目９-１３ 高橋総本店,,http://nunokawa-dance.la.coocan.jp/,03-3843-3458,,1.0,139.788056,35.711396,東京,浅草駅,799.0,浅草駅|蔵前駅|上野駅,3.0,台東区,上野,上野|浅草|御徒町|蔵前,area:上野|station:浅草駅|station:蔵前駅|station:上野駅,0,,0
舞空間ばくdance studio,〒134-0083 東京都江戸川区中葛西中葛西５丁目３４-７ 昭 産 ビル ７F,,http://baku-studio.com/,03-6906-8946,"2024-02-29 木曜日 11時00分～22時30分
2024-03-01 金曜日 11時00分～22時30分
2024-03-02 土曜日 11時00分～22時30分
2024-03-03 日曜日 11時00分～22時30分
2024-03-04 月曜日 11時00分～22時30分
2024-03-05 火曜日 11時00分～22時30分
2024-03-06 水曜日 11時00分～22時30分
",1.0,139.871906,35.663368,東京,葛西駅,70.0,葛西駅|西葛西駅|浦安駅,0.0,江戸川区,西葛西,西葛西,area:西葛西|feature:24h|feature:midnight,0,,0
望月愛生バレエスタジオ,〒146-0084 東京都大田区南久が原２丁目７-６ 横川ビル 1階,,https://aimiballet.com/,03-6677-8334,"2024-02-29 木曜日 9時00分～21時00分
2024-03-01 金曜日 9時00分～21時00分
2024-03-02 土曜日 9時00分～21時00分
2024-03-03 日曜日 9時00分～21時00分
2024-03-04 月曜日 9時00分～21時00分
2024-03-05 火曜日 9時00分～21時00分
2024-03-06 水曜日 9時00分～21時00分
",1.0,139.6854367,35.5794557,東京,久が原駅,44.0,久が原駅|鵜の木駅|御嶽山駅|千鳥町駅|下丸子駅|沼部駅|武蔵新田駅|雪が谷大塚駅|池上駅|向河原駅,0.0,大田区,蒲田,蒲田,area:蒲田|feature:24h|feature:midnight,0,,0
名古屋レンタルスタジオPovit,〒453-0015 愛知県名古屋市中村区椿町２２-１ 第二カニエビル 3F,,https://nagoya-povit.com/,080-5376-8136,"2024-02-29 木曜日 24 時間営業
2024-03-01 金曜日 24 時間営業
2024-03-02 土曜日 24 時間営業
2024-03-03 日曜日 24 時間営業
2024-03-04 月曜日 24 時間営業
2024-03-05 火曜日 24 時間営業
2024-03-06 水曜日 24 時間営業
",1.0,136.8792705,35.1677844,東京,名古屋駅,404.0,名古屋駅|名鉄名古屋駅|近鉄名古屋駅|太閤通駅|米野駅|ささしまライブ駅|国際センター駅|亀島駅|黄金駅|本陣駅,0.0,その他,その他,その他,feature:24h|feature:midnight,0,,0
名古屋今池 NY 9st. Studio ｜ニューヨークナインストリートスタジオ,〒464-0077 愛知県名古屋市千種区神田町３２-１３,,https://www.ny9ststudio.com/,090-7952-8973,"2024-02-29 木曜日 9時00分～22時00分
2024-03-01 金曜日 9時00分～22時00分
2024-03-02 土曜日 9時00分～22時00分
2024-03-03 日曜日 9時00分～22時00分
2024-03-04 月曜日 9時00分～22時00分
2024-03-05 火曜日 9時00分～22時00分
2024-03-06 水曜日 9時00分～22時00分
",1.0,136.9396679,35.1739874,東京,今池駅,501.0,今池駅|千種駅|車道駅|池下駅|覚王山駅|吹上駅|新栄町駅|森下駅|ナゴヤドーム前矢田駅|大曽根駅,0.0,その他,その他,その他,feature:24h|feature:midnight,0,,0
明治座森下スタジオ,〒135-0004 東京都江東区森下３丁目６-５,,http://www.meijiza.co.jp/morishita/,03-5638-0481,"2024-02-29 木曜日 10時00分～18時00分
2024-03-01 金曜日 10時00分～18時00分
2024-03-02 土曜日 10時00分～18時00分
2024-03-03 日曜日 10時00分～18時00分
2024-03-04 月曜日 10時00分～18時00分
2024-03-05 火曜日 10時00分～18時00分
2024-03-06 水曜日 10時00分～18時00分
",1.0,139.8015987,35.687836,東京,森下駅,307.0,森下駅|菊川駅|清澄白河駅|両国駅|浜町駅|住吉駅|錦糸町駅|水天宮前駅|東日本橋駅|馬喰横山駅,0.0,江東区,豊洲,豊洲,area:豊洲|feature:24h|feature:midnight,0,,0
目白の杜studio,〒161-0033 東京都新宿区下落合３丁目２０-１１,,http://www.mejironomori.com/,03-3951-5888,"2024-02-29 木曜日 8時00分～23時00分
2024-03-01 金曜日 8時00分～23時00分
2024-03-02 土曜日 8時00分～23時00分
2024-03-03 日曜日 8時00分～23時00分
2024-03-04 月曜日 8時00分～23時00分
2024-03-05 火曜日 8時00分～23時00分
2024-03-06 水曜日 8時00分～23時00分
",1.0,139.7020093,35.7231757,東京,池袋駅,990.0,池袋駅,1.0,新宿区,新宿,新宿|西新宿|高田馬場|新大久保,area:新宿|station:池袋駅|feature:24h|feature:midnight,0,,0
祐天寺 キッズダンス！ Navilla Dance School,〒153-0052 東京都目黒区祐天寺２丁目１５-１６,,https://dance-navilla.com/,090-6489-4564,"2024-02-29 木曜日 11時00分～19時00分
2024-03-01 金曜日 11時00分～19時00分
2024-03-02 土曜日 11時00分～19時00分
2024-03-03 日曜日 11時00分～19時00分
2024-03-04 月曜日 11時00分～19時00分
2024-03-05 火曜日 11時00分～19時00分
2024-03-06 水曜日 11時00分～19時00分
",1.0,139.6900008,35.6359589,東京,学芸大学駅,940.0,学芸大学駅,1.0,目黒区,中目黒,中目黒,area:中目黒|station:学芸大学駅|feature:24h|feature:midnight,0,,0
溶岩ホットヨガ LaLa Aasha（ララアーシャ）学芸大学,〒152-0004 東京都目黒区鷹番２丁目２０-６ Kh.01 3F,,https://www.lalaaasha.jp/studios/gakugeidai/,03-5768-7768,"2024-02-29 木曜日 10時00分～22時00分
2024-03-01 金曜日 定休日
2024-03-02 土曜日 9時00分～18時30分
2024-03-03 日曜日 10時00分～16時30分
2024-03-04 月曜日 10時00分～22時00分
2024-03-05 火曜日 10時00分～22時00分
2024-03-06 水曜日 10時00分～22時00分
",1.0,139.6868351,35.629061,東京,学芸大学駅,154.0,学芸大学駅,1.0,目黒区,中目黒,中目黒,area:中目黒|station:学芸大学駅|feature:24h|feature:midnight,0,,0
練馬 RB レンタルスタジオ,〒176-0023 東京都練馬区中村北１丁目５-９ 第二永崎ビル 4階,,https://nerima.studiosquare.jp/,03-5822-4050,"2024-02-29 木曜日 24 時間営業
2024-03-01 金曜日 24 時間営業
2024-03-02 土曜日 24 時間営業
2024-03-03 日曜日 24 時間営業
2024-03-04 月曜日 24 時間営業
2024-03-05 火曜日 24 時間営業
2024-03-06 水曜日 24 時間営業
",1.0,139.6493986,35.734992,東京,練馬駅,513.0,練馬駅|豊島園駅|中村橋駅|桜台駅|都立家政駅|鷺ノ宮駅|野方駅|富士見台駅|新桜台駅|新江古田駅,0.0,練馬区,練馬,練馬,area:練馬|feature:24h|feature:midnight,0,,0
六本木 フォルトゥーナ,〒106-0032 東京都港区六本木７丁目１２-２３ フォルトゥーナビル 3A,,https://roppongi.studiosquare.jp/,03-5822-4050,"2024-02-29 木曜日 6時00分～0時00分
2024-03-01 金曜日 6時00分～0時00分
2024-03-02 土曜日 6時00分～0時00分
2024-03-03 日曜日 6時00分～0時00分
2024-03-04 月曜日 6時00分～0時00分
2024-03-05 火曜日 6時00分～0時00分
2024-03-06 水曜日 6時00分～0時00分
",1.0,139.7294827,35.6643351,東京,六本木駅,236.0,六本木駅|青山一丁目駅|麻布十番駅,3.0,港区,六本木,六本木|赤坂|麻布|新橋,area:六本木|station:六本木駅|station:青山一丁目駅|station:麻布十番駅|feature:24h|feature:midnight,0,,0
六本木 レンタルスタジオ 十五夜,〒106-0032 東京都港区六本木５丁目１０-３２ 第一アイトービル別館2F,,https://jugoya.studiosquare.jp/,03-5822-4050,"2024-02-29 木曜日 6時00分～0時00分
2024-03-01 金曜日 6時00分～0時00分
2024-03-02 土曜日 6時00分～0時00分
2024-03-03 日曜日 6時00分～0時00分
2024-03-04 月曜日 6時00分～0時00分
2024-03-05 火曜日 6時00分～0時00分
2024-03-06 水曜日 6時00分～0時00分
",1.0,139.7328506,35.6604069,東京,六本木駅,303.0,六本木駅|麻布十番駅,2.0,港区,六本木,六本木|赤坂|麻布|新橋,area:六本木|station:六本木駅|station:麻布十番駅|feature:24h|feature:midnight,0,,0
茗荷谷ダンスプラザ,〒112-0002 東京都文京区小石川５丁目２-２ わかさビルB1,,http://myogadani-dance.blogdehp.ne.jp/,03-3812-7955,"2024-02-29 木曜日 10時00分～22時00分
2024-03-01 金曜日 10時00分～22時00分
2024-03-02 土曜日 10時00分～22時00分
2024-03-03 日曜日 10時00分～22時00分
2024-03-04 月曜日 10時00分～22時00分
2024-03-05 火曜日 10時00分～22時00分
2024-03-06 水曜日 10時00分～22時00分
",1.0,139.7394364,35.7161903,東京,茗荷谷駅,274.0,茗荷谷駅|江戸川橋駅|護国寺駅|白山駅|新大塚駅|千石駅|後楽園駅|神楽坂駅|春日駅|本駒込駅,0.0,文京区,後楽園,後楽園,area:後楽園|feature:24h|feature:midnight,0,,0
#ERROR!,〒136-0075 東京都江東区新砂３丁目４-３１ ＳＵＮＡＭＯ4Ｆ 南砂町ショッピングセンタ,,https://www.arc-web.com/kids/?utm_source=google&utm_medium=map&utm_content=sunamo&utm_campaign=MAP-sunamo,072-242-3074,"2024-02-29 木曜日 10時00分～21時00分
2024-03-01 金曜日 10時00分～21時00分
2024-03-02 土曜日 10時00分～21時00分
2024-03-03 日曜日 10時00分～21時00分
2024-03-04 月曜日 10時00分～21時00分
2024-03-05 火曜日 10時00分～21時00分
2024-03-06 水曜日 10時00分～21時00分
",1.0,139.835516,35.6648988,東京,南砂町駅,599.0,南砂町駅|東陽町駅|潮見駅,0.0,江東区,豊洲,豊洲,area:豊洲|feature:24h|feature:midnight,0,,0
BUZZ赤坂見附 ,東京都港区赤坂3-21-14TS 共和六番館地下1階,https://dance-studio-lab.com/room/NjYxZDU0NDMtOGEwNS00MDM3LTllNDktMzAyNTQ0MmVlMTE1/detail,,,,1.0,139.7357207,35.6766887,東京,赤坂駅,100.0,赤坂駅|青山一丁目駅,2.0,港区,六本木,六本木|赤坂|麻布|新橋,area:六本木|station:赤坂駅|station:青山一丁目駅|feature:shooting|feature:mirror,1,https://dance-studio-lab.com/room/NjYxZDU0NDMtOGEwNS00MDM3LTllNDktMzAyNTQ0MmVlMTE1/detail,100
BUZZ渋谷TOWER,東京都渋谷区東2-27-9],https://dance-studio-lab.com/room/YWZmOTdhZGMtMjk1MC00ODljLWE2YWUtMDRjMGM5NTIxZTg2/detail,,,,1.0,139.7076275,35.6516665,東京,渋谷駅,437.0,渋谷駅,1.0,渋谷区,渋谷,渋谷|恵比寿|代官山|原宿,area:渋谷|station:渋谷駅|feature:24h|feature:shooting|feature:mirror|feature:midnight,1,https://dance-studio-lab.com/room/YWZmOTdhZGMtMjk1MC00ODljLWE2YWUtMDRjMGM5NTIxZTg2/detail,100
BUZZ南池袋,東京都豊島区南池袋 3丁目18−37 ベストフレンドビル,https://dance-studio-lab.com/room/MTBjZDE1MWUtMTc4Ny00Nzg4LTkwYWQtN2I5OWM4OTcwNWM4/detail,,,,,139.7151001,35.7245702,東京,池袋駅,,池袋駅|東池袋駅,2.0,豊島区,池袋,池袋|東池袋,feature:shooting,1,https://dance-studio-lab.com/room/MTBjZDE1MWUtMTc4Ny00Nzg4LTkwYWQtN2I5OWM4OTcwNWM4/detail,100
BUZZ横浜2nd,神奈川県横浜市保土ヶ谷区帷子町1丁目30-1クボタビル地下1階,https://dance-studio-lab.com/room/M2NjZjBmYmItOThiZS00MzI4LWEwYzQtNDRkOWUxMjRlYWM3/detail,,,,,139.5992869,35.4484272,神奈川,保土ケ谷駅,,保土ケ谷駅,1.0,横浜市保土ヶ谷区,保土ケ谷,保土ケ谷,feature:shooting|feature:mirror,1,https://dance-studio-lab.com/room/M2NjZjBmYmItOThiZS00MzI4LWEwYzQtNDRkOWUxMjRlYWM3/detail,100
BUZZ池袋西口PARK,東京都豊島区西池袋3-30-10ライオンビルB1,https://dance-studio-lab.com/room/ZjBiN2M3MDEtZTMzYS00ZGZkLTg3YTktYjU3MjdjNDk3Njli/detail,,,"2024-02-29 木曜日 24 時間営業
2024-03-01 金曜日 24 時間営業
2024-03-02 土曜日 24 時間営業
2024-03-03 日曜日 24 時間営業
2024-03-04 月曜日 24 時間営業
2024-03-05 火曜日 24 時間営業
2024-03-06 水曜日 24 時間営業
",1.0,139.7077962,35.7337631,東京,池袋駅,586.0,池袋駅,1.0,豊島区,池袋,池袋|目白|大塚|巣鴨,feature:shooting|feature:mirror,1,https://dance-studio-lab.com/room/ZjBiN2M3MDEtZTMzYS00ZGZkLTg3YTktYjU3MjdjNDk3Njli/detail,100
BUZZ BAYSIDE(浜松町),東京都港区浜松町2-7-15 日本工知築第2号館地下１階,https://dance-studio-lab.com/room/MjdmMGNkZWUtZGZjYi00YmUxLWIzZjctOTM0NmJmNmM5NjRm/detail,,,,,139.7546065,35.6538506,東京,浜松町駅,,浜松町駅|大門駅,2.0,港区,浜松町,浜松町|大門,feature:shooting|feature:mirror,1,https://dance-studio-lab.com/room/MjdmMGNkZWUtZGZjYi00YmUxLWIzZjctOTM0NmJmNmM5NjRm/detail,100
BUZZ六本木,東京都港区六本木4丁目5-7地下1階,https://dance-studio-lab.com/room/MGYxY2IwOWYtNDQ4ZS00MmEyLTliYTAtNzg1YjUyOTA0OTlj/detail,,,,,139.7328118,35.66477500000001,東京,六本木駅,,六本木駅,1.0,港区,六本木,六本木,feature:mirror,1,https://dance-studio-lab.com/room/MGYxY2IwOWYtNDQ4ZS00MmEyLTliYTAtNzg1YjUyOTA0OTlj/detail,100
スタジオピアーチェ春日後楽園店,東京都文京区春日2丁目23番11号　コア伝通院アネックス地下一階,https://dance-studio-lab.com/room/MGRlMzFmOGEtODQ5Ni00YjlkLTliNzktNWRmYmI0NzkwM2Q0/detail,https://studio-piace.com/,,,1.0,139.7449699,35.7109975,東京,後楽園駅,679.0,後楽園駅|春日駅|飯田橋駅|茗荷谷駅|江戸川橋駅|神楽坂駅|水道橋駅|白山駅|牛込神楽坂駅|東大前駅,10.0,文京区,後楽園,後楽園,feature:mirror,1,https://dance-studio-lab.com/room/MGRlMzFmOGEtODQ5Ni00YjlkLTliNzktNWRmYmI0NzkwM2Q0/detail,100
スタジオピアーチェ池袋店,東京都豊島区池袋本町1-7-1　池袋本町ビル地下１階,https://dance-studio-lab.com/room/YjA4YWEyZDUtYmFmZS00NDQ3LWJjOWYtMzU2MDlmMDc1MTJi/detail,http://studio-piace.com/access-ikebukuro.html,,,1.0,139.7134212,35.7377029,東京,北池袋駅,439.0,北池袋駅|下板橋駅|池袋駅|板橋駅|新板橋駅|東池袋駅|要町駅|向原駅|庚申塚駅|大塚駅,10.0,豊島区,池袋,池袋,feature:mirror,1,https://dance-studio-lab.com/room/YjA4YWEyZDUtYmFmZS00NDQ3LWJjOWYtMzU2MDlmMDc1MTJi/detail,100
レンタルスタジオAivic池袋東口1号店,東京都豊島区東池袋3-11-9 三島ビル501,https://dance-studio-lab.com/room/ZTU1MDVkNDQtZjUzNi00MWRiLWFhMDctZTk3YTg1YjRjNDUx/detail,,,,1.0,139.7192156,35.7320253,東京,向原駅,618.0,向原駅|東池袋駅|東池袋四丁目駅|池袋駅|大塚駅|都電雑司ヶ谷駅|北池袋駅|新大塚駅|庚申塚駅|雑司が谷駅,10.0,豊島区,池袋,池袋,feature:shooting|feature:mirror,1,https://dance-studio-lab.com/room/ZTU1MDVkNDQtZjUzNi00MWRiLWFhMDctZTk3YTg1YjRjNDUx/detail,100
THビル,〒151-0053 東京都渋谷区代々木２丁目４-１ Thビル,https://dance-studio-lab.com/room/ZGYxYjYyNDgtMDEzOC00MjZhLTgyZDctODZlMDViYTQ0NDgy/detail,,,,,139.6983141,35.687188,東京,新宿駅,451.0,新宿駅|代々木駅|西武新宿駅,3.0,渋谷区,渋谷,渋谷|恵比寿|代官山|原宿,area:渋谷|station:新宿駅|station:代々木駅|station:西武新宿駅|feature:24h|feature:mirror|feature:midnight,1,https://dance-studio-lab.com/room/ZGYxYjYyNDgtMDEzOC00MjZhLTgyZDctODZlMDViYTQ0NDgy/detail,100
なかすた,〒164-0013 東京都中野区弥生町５丁目２２-２ ビラフジミ B号室,https://dance-studio-lab.com/room/ODE4NDI3NmEtODY2YS00ZTg2LTgyMzctNzMzNmYwYjNmNDgx/detail,http://nkn.photographer.tokyo.jp/,,,,139.6656821,35.6894667,東京,中野富士見町駅,163.0,中野富士見町駅|中野新橋駅|新中野駅|方南町駅|東高円寺駅|幡ヶ谷駅|西新宿五丁目駅（清水橋）|中野坂上駅|笹塚駅|新高円寺駅,0.0,中野区,中野,中野,area:中野|feature:24h|feature:shooting|feature:midnight,1,https://dance-studio-lab.com/room/ODE4NDI3NmEtODY2YS00ZTg2LTgyMzctNzMzNmYwYjNmNDgx/detail,100
スタジオ五軒町／『鏡張り』の多目的に利用できる『防音』スタジオ,東京都千代田区外神田6-16-1,https://dance-studio-lab.com/room/ODZiZjA3NDItNjk4ZS00YjMxLWFjMGQtMGU5ZjVkZDg5OWQw/detail,,,,1.0,139.7714335,35.7046932,東京,湯島駅,308.0,湯島駅|御徒町駅|京成上野駅|御茶ノ水駅|新御徒町駅|新御茶ノ水駅|岩本町駅|上野駅|神田駅|根津駅,10.0,千代田区,秋葉原,秋葉原,feature:mirror|feature:soundproof,1,https://dance-studio-lab.com/room/ODZiZjA3NDItNjk4ZS00YjMxLWFjMGQtMGU5ZjVkZDg5OWQw/detail,100
SPICYCANDY DANCESTUDIO,東京都台東区浅草橋4-2-8伊藤ビル1階,https://dance-studio-lab.com/room/NGFjMTNkYTgtNmQ4My00ZTgxLWI3ZmYtMjM4OGVjNDM4Yjk3/detail,,,,1.0,139.7822479,35.6979294,東京,浅草橋駅,341.0,浅草橋駅|馬喰町駅|岩本町駅|両国駅|新御徒町駅|神田駅|御徒町駅|人形町駅|三越前駅|湯島駅,10.0,台東区,上野,上野,feature:mirror,1,https://dance-studio-lab.com/room/NGFjMTNkYTgtNmQ4My00ZTgxLWI3ZmYtMjM4OGVjNDM4Yjk3/detail,100
スタジオピアーチェ江戸川橋店,東京都文京区水道2-10-7エクセルビル地下一階,https://dance-studio-lab.com/room/NWM3NGU4NjAtNTU5MS00NzUyLTg5ZTQtZWM3NGYwZTliOGZj/detail,http://studio-piace.com/,,,1.0,139.7323836,35.710898,東京,江戸川橋駅,141.0,江戸川橋駅|神楽坂駅|茗荷谷駅|護国寺駅|早稲田駅|牛込神楽坂駅|牛込柳町駅|飯田橋駅|面影橋駅|新大塚駅,10.0,文京区,後楽園,後楽園,feature:mirror,1,https://dance-studio-lab.com/room/NWM3NGU4NjAtNTU5MS00NzUyLTg5ZTQtZWM3NGYwZTliOGZj/detail,100
レンタルスタジオAivic築地,東京都中央区築地2-10-9 HARVEY築地4階,https://dance-studio-lab.com/room/Y2UzMzcxZTMtNDhlNS00ODEwLWJlOGYtZjA1ZjM5Y2YxNjE0/detail,,,,1.0,139.7729291,35.6688274,東京,築地駅,84.0,築地駅|新富町駅|東銀座駅|八丁堀駅|宝町駅|銀座一丁目駅|銀座駅|京橋駅|有楽町駅|月島駅,10.0,中央区,銀座,銀座,feature:shooting|feature:mirror,1,https://dance-studio-lab.com/room/Y2UzMzcxZTMtNDhlNS00ODEwLWJlOGYtZjA1ZjM5Y2YxNjE0/detail,100
Dubway レンタルスタジオ小岩,東京都江戸川区北小岩1-3-4 102,https://dance-studio-lab.com/room/ZmU2YzI4MzYtZGY2ZC00YmZkLWI5MWItZDg0OTdkOTdmOGI5/detail,,,,1.0,139.8858338,35.7363547,東京,小岩駅,488.0,小岩駅|京成小岩駅|江戸川駅|国府台駅|新柴又駅,5.0,江戸川区,西葛西,西葛西,feature:shooting|feature:mirror,1,https://dance-studio-lab.com/room/ZmU2YzI4MzYtZGY2ZC00YmZkLWI5MWItZDg0OTdkOTdmOGI5/detail,100
レンタルピラティススタジオAivic北参道,東京都渋谷区千駄ヶ谷3-13-14 清和ビル403,https://dance-studio-lab.com/room/MWZkYTk2NGMtMDU4OC00YjY5LWI5MjYtNjNhNmYyMWI4M2Q2/detail,https://www.spacemarket.com/spaces/aivicktsnpilates/rooms/styJ4BnSkoUtioPU/,,,1.0,139.7055798,35.6780426,東京,北参道駅,36.0,北参道駅|千駄ケ谷駅|代々木駅|国立競技場駅|原宿駅|明治神宮前〈原宿〉駅|参宮橋駅|新宿御苑前駅|信濃町駅|新宿駅,10.0,渋谷区,渋谷,渋谷,feature:shooting|feature:mirror,1,https://dance-studio-lab.com/room/MWZkYTk2NGMtMDU4OC00YjY5LWI5MjYtNjNhNmYyMWI4M2Q2/detail,100
日暮里リーダンススタジオ,東京都荒川区西日暮里2-29-6秋山ビル301,https://dance-studio-lab.com/room/MjAxNTcyNmItYmQ2Ny00MmEzLWIyNjktODFkZmYxNGJiOTVh/detail,https://liidance.square.site/,,,1.0,139.771885,35.7299833,東京,日暮里駅,232.0,日暮里駅|西日暮里駅|三河島駅|新三河島駅|千駄木駅|鶯谷駅|田端駅|荒川区役所前駅|赤土小学校前駅|根津駅,10.0,荒川区,日暮里,日暮里,feature:shooting|feature:mirror,1,https://dance-studio-lab.com/room/MjAxNTcyNmItYmQ2Ny00MmEzLWIyNjktODFkZmYxNGJiOTVh/detail,100
Hina STUDIO(ヒナスタジオ)【新宿西口アネックス】,東京都新宿区西新宿7-15-4　YS第一ビルB1階,https://dance-studio-lab.com/room/NWQxZDIzMzUtNWMzOC00MzY4LWE4YmYtMWU3MDBkYWM3ZDY2/detail,https://hinastudio.jp/,,,1.0,139.6974593,35.6953158,東京,西武新宿駅,234.0,西武新宿駅|新宿西口駅|西新宿駅|大久保駅|都庁前駅|新宿駅|新大久保駅|新宿三丁目駅|東新宿駅|南新宿駅,10.0,新宿区,新宿,新宿,feature:mirror,1,https://dance-studio-lab.com/room/NWQxZDIzMzUtNWMzOC00MzY4LWE4YmYtMWU3MDBkYWM3ZDY2/detail,100
チェリッシュスタジオ1号館/6号館,東京都渋谷区円山町20-1 新大宗円山ビル別館3階,https://dance-studio-lab.com/room/Njc0MjgwMDUtMzBjZS00ZmU5LWFkNzgtYTE3Y2U5NDMyYmU0/detail,http://cherish-studio.com/01st,,,1.0,139.695061,35.65628,東京,神泉駅,170.0,神泉駅|渋谷駅|駒場東大前駅|池尻大橋駅|代官山駅|中目黒駅|代々木公園駅|代々木八幡駅|明治神宮前〈原宿〉駅|原宿駅,10.0,渋谷区,渋谷,渋谷,feature:shooting,1,https://dance-studio-lab.com/room/Njc0MjgwMDUtMzBjZS00ZmU5LWFkNzgtYTE3Y2U5NDMyYmU0/detail,100
Hina STUDIO（ヒナスタジオ）【目黒スタジオ】,東京都渋谷区神宮前6-23-11 パークサイドハイツ303,,https://hinastudio.jp/,,,1.0,139.7022808,35.6649402,東京,明治神宮前〈原宿〉駅,488.0,明治神宮前〈原宿〉駅|原宿駅|渋谷駅|表参道駅|神泉駅|代々木公園駅|代々木八幡駅|北参道駅|外苑前駅|参宮橋駅,10.0,渋谷区,渋谷,渋谷,,0,,0
チェリッシュスタジオ7号館,東京都渋谷区桜丘町29-17 さくらマンション205,https://dance-studio-lab.com/room/MjQ5NGIyOTEtZTVmOS00MzZkLWIzNGYtYTFkMmVhOWZiYTE5/detail,http://cherish-studio.com/04st/,,,1.0,139.6990748,35.6538946,東京,渋谷駅,515.0,渋谷駅|神泉駅|代官山駅|中目黒駅|恵比寿駅|池尻大橋駅|駒場東大前駅|表参道駅|明治神宮前〈原宿〉駅|原宿駅,10.0,渋谷区,渋谷,渋谷,feature:shooting,1,https://dance-studio-lab.com/room/MjQ5NGIyOTEtZTVmOS00MzZkLWIzNGYtYTFkMmVhOWZiYTE5/detail,100
BUZZ福岡本店,福岡県福岡市中央区渡辺通5丁目13−11天神渡辺通ビル 2階,https://dance-studio-lab.com/room/NTc0N2VjNzQtOWJhZi00NDhjLWE5MTctOTNjOTNjY2I3YmQ3/detail,,,,,130.4034006,33.5860755,福岡,天神南駅,,天神南駅,1.0,福岡市中央区,天神南,天神南,feature:shooting|feature:mirror,1,https://dance-studio-lab.com/room/NTc0N2VjNzQtOWJhZi00NDhjLWE5MTctOTNjOTNjY2I3YmQ3/detail,100
チェリッシュスタジオ4号館/8号館,東京都渋谷区桜丘町29-17 さくらマンション205,https://dance-studio-lab.com/room/NmJiNDI1YTQtN2EwMi00ODFjLWE0OTMtMjUyYzk4ODY2NGY5/detail,http://cherish-studio.com/04st/,,,1.0,139.6990748,35.6538946,東京,渋谷駅,515.0,渋谷駅|神泉駅|代官山駅|中目黒駅|恵比寿駅|池尻大橋駅|駒場東大前駅|表参道駅|明治神宮前〈原宿〉駅|原宿駅,10.0,渋谷区,渋谷,渋谷,feature:shooting,1,https://dance-studio-lab.com/room/NmJiNDI1YTQtN2EwMi00ODFjLWE0OTMtMjUyYzk4ODY2NGY5/detail,100
ザ・スペース大久保南口,東京都渋谷区桜丘町29-17 さくらマンション205,https://dance-studio-lab.com/room/ZDRhYmIxMjgtNzhkMy00Yjk1LTk2MzItNTdiZWJmY2VkYWZk/detail,,,,1.0,139.6990748,35.6538946,東京,渋谷駅,515.0,渋谷駅|神泉駅|代官山駅|中目黒駅|恵比寿駅|池尻大橋駅|駒場東大前駅|表参道駅|明治神宮前〈原宿〉駅|原宿駅,10.0,渋谷区,渋谷,渋谷,feature:shooting|feature:mirror,1,https://dance-studio-lab.com/room/ZDRhYmIxMjgtNzhkMy00Yjk1LTk2MzItNTdiZWJmY2VkYWZk/detail,100
SOUND STUDIO M 小岩店,新宿区百人町1-23-26　みなみビルＢ１－Ｂ号室,,,,,1.0,139.697456,35.6990306,東京,大久保駅,184.0,大久保駅|新大久保駅|西武新宿駅|新宿西口駅|西新宿駅|東新宿駅|都庁前駅|新宿駅|新宿三丁目駅|中野坂上駅,10.0,新宿区,新宿,新宿,,0,,0
チェリッシュスタジオ5号館,東京都渋谷区道玄坂1-16-6 二葉ビル7D,https://dance-studio-lab.com/room/NTRjMDczNjgtY2EzMy00YjE4LWJlMjYtYmExOTZiYTBmZWZk/detail,http://cherish-studio.com/05st/,,,1.0,139.697786,35.65668429999999,東京,渋谷駅,379.0,渋谷駅|神泉駅|代官山駅|駒場東大前駅|池尻大橋駅|中目黒駅|明治神宮前〈原宿〉駅|原宿駅|代々木公園駅|恵比寿駅,10.0,渋谷区,渋谷,渋谷,,1,https://dance-studio-lab.com/room/NTRjMDczNjgtY2EzMy00YjE4LWJlMjYtYmExOTZiYTBmZWZk/detail,100
チェリッシュスタジオ11号館/12号館/13号館/14号館,東京都港区西麻布-2-21-22 WEST麻布2791ビル2階,https://dance-studio-lab.com/room/ZmMxMTg1ZGQtMjUyZS00NjZlLWE3YzMtZjllNWM1N2JhNTdj/detail,https://cherish-studio.com/,,,1.0,139.7195349,35.6612132,東京,表参道駅,809.0,表参道駅|乃木坂駅|外苑前駅|広尾駅|六本木駅|青山一丁目駅|麻布十番駅|明治神宮前〈原宿〉駅|渋谷駅|六本木一丁目駅,10.0,港区,六本木,六本木,feature:shooting,1,https://dance-studio-lab.com/room/ZmMxMTg1ZGQtMjUyZS00NjZlLWE3YzMtZjllNWM1N2JhNTdj/detail,100
レンタルピラティススタジオAivic新宿,東京都新宿区歌舞伎町2-1-2 HANROKUビル2階ー１,https://dance-studio-lab.com/room/MWY5Yzc5YzMtMmViOC00MmI0LWIwNzUtNDY1MDUzZjY4MzVm/detail,,,,1.0,139.7063949,35.6949995,東京,東新宿駅,339.0,東新宿駅|新宿三丁目駅|西武新宿駅|新宿西口駅|新宿駅|新宿御苑前駅|新大久保駅|大久保駅|若松河田駅|西新宿駅,10.0,新宿区,新宿,新宿,feature:shooting|feature:mirror,1,https://dance-studio-lab.com/room/MWY5Yzc5YzMtMmViOC00MmI0LWIwNzUtNDY1MDUzZjY4MzVm/detail,100
BUZZ大宮,埼玉県さいたま市大宮区宮町2-24Kビル 付属建物,https://dance-studio-lab.com/room/NDhmMDc4YjUtMDIzYy00ZDE4LWFjZDgtYTNiZTAwMDRkMzli/detail,,,,,139.6276766,35.9095218,埼玉,大宮駅,,大宮駅,1.0,さいたま市大宮区,大宮,大宮,feature:mirror,1,https://dance-studio-lab.com/room/NDhmMDc4YjUtMDIzYy00ZDE4LWFjZDgtYTNiZTAwMDRkMzli/detail,100
BUZZ川崎,神奈川県川崎市川崎区小川町14ー3,https://dance-studio-lab.com/room/OTQ1NGFkZmEtOTQyNS00Nzg1LTg0MDgtNzg4ODFjYWY0ZjZl/detail,,,,,139.6995867,35.5282425,神奈川,川崎駅,,川崎駅,1.0,川崎市川崎区,川崎,川崎,feature:mirror,1,https://dance-studio-lab.com/room/OTQ1NGFkZmEtOTQyNS00Nzg1LTg0MDgtNzg4ODFjYWY0ZjZl/detail,100
BUZZ関内,神奈川県横浜市中区太田町1-18-2関内エスビル B1,https://dance-studio-lab.com/room/OWEzMTEwNDEtMjc2Yi00NzA0LTk0NmMtYTU1NGNhNTY4YTM3/detail,,,,1.0,139.6396102,35.4463754,神奈川,日本大通り駅,274.0,日本大通り駅|関内駅|馬車道駅|伊勢佐木長者町駅|石川町(元町・中華街)駅|桜木町駅|元町・中華街 (山下公園)駅|日ノ出町駅|みなとみらい駅|阪東橋駅,10.0,横浜市中区,横浜,横浜,feature:shooting|feature:mirror,1,https://dance-studio-lab.com/room/OWEzMTEwNDEtMjc2Yi00NzA0LTk0NmMtYTU1NGNhNTY4YTM3/detail,100
Dubway レンタルスタジオ大塚,東京都豊島区北大塚2-10-5 BMAビル　B1,https://dance-studio-lab.com/room/ODA1MWRkOGQtODA5Yi00NTRlLWIyNzktZmMyNWFkMTc3ZDY4/detail,,,,1.0,139.7271634,35.7337886,東京,大塚駅,241.0,大塚駅|向原駅|庚申塚駅|新庚申塚駅|新大塚駅|巣鴨駅|西巣鴨駅|東池袋四丁目駅|東池袋駅|北池袋駅,10.0,豊島区,池袋,池袋,feature:shooting|feature:mirror,1,https://dance-studio-lab.com/room/ODA1MWRkOGQtODA5Yi00NTRlLWIyNzktZmMyNWFkMTc3ZDY4/detail,100
レンタルスタジオAivic渋谷道玄坂,東京都渋谷区円山町23-10 渋谷ATビル201,https://dance-studio-lab.com/room/NWE2MDljYmItN2I0ZC00ZjIzLWI3MGEtMmZiNmEzNWJjOWI4/detail,,,,1.0,139.6938097,35.6565844,東京,神泉駅,78.0,神泉駅|渋谷駅|駒場東大前駅|池尻大橋駅|代官山駅|代々木公園駅|中目黒駅|代々木八幡駅|明治神宮前〈原宿〉駅|原宿駅,10.0,渋谷区,渋谷,渋谷,feature:shooting|feature:mirror,1,https://dance-studio-lab.com/room/NWE2MDljYmItN2I0ZC00ZjIzLWI3MGEtMmZiNmEzNWJjOWI4/detail,100
レンタルスタジオAivic神田,"東京都千代田区神田紺屋町21 高山ビル101
",https://dance-studio-lab.com/room/MzE4YmJlMGMtZTc3Yy00OTIwLTg3ZTMtZDQxN2E4Yzc1YTFj/detail,,,,1.0,139.7737036,35.69191790000001,東京,神田駅,251.0,神田駅|岩本町駅|三越前駅|馬喰町駅|新御茶ノ水駅|人形町駅|日本橋駅|大手町駅|御茶ノ水駅|浅草橋駅,10.0,千代田区,秋葉原,秋葉原,feature:shooting|feature:mirror,1,https://dance-studio-lab.com/room/MzE4YmJlMGMtZTc3Yy00OTIwLTg3ZTMtZDQxN2E4Yzc1YTFj/detail,100
レンタルスタジオAivic高田馬場,東京都新宿区高田馬場1-31-8 高田馬場ダイカンプラザ1007,https://dance-studio-lab.com/room/M2JhMTAxM2EtZmMxNi00ODUwLTllNjUtNWQ4OTY3NmE2MWZj/detail,,,,1.0,139.7032234,35.7101223,東京,高田馬場駅,278.0,高田馬場駅|西早稲田駅|下落合駅|新大久保駅|面影橋駅|学習院下駅|大久保駅|目白駅|東新宿駅|雑司が谷駅,10.0,新宿区,新宿,新宿,feature:shooting|feature:mirror,1,https://dance-studio-lab.com/room/M2JhMTAxM2EtZmMxNi00ODUwLTllNjUtNWQ4OTY3NmE2MWZj/detail,100
レンタルスタジオAivic池袋西口,,https://dance-studio-lab.com/room/OGY0MGIxYWEtNDM4Yi00YzAwLWI0OGMtOTAyOTkyYTJhMDYz/detail,https://takuspace.com/ikebukuro/,,,1.0,,,東京,,,,,,,,feature:shooting|feature:mirror,1,https://dance-studio-lab.com/room/OGY0MGIxYWEtNDM4Yi00YzAwLWI0OGMtOTAyOTkyYTJhMDYz/detail,100
レンタルスタジオAivic池袋西口 レンタルスタジオAivic池袋西口,東京都豊島区西池袋3-23-8 平井ビル7階,,,,,1.0,139.707113,35.7303012,東京,池袋駅,353.0,池袋駅|要町駅|目白駅|東池袋駅|椎名町駅|都電雑司ヶ谷駅|雑司が谷駅|東池袋四丁目駅|北池袋駅|学習院下駅,10.0,豊島区,池袋,池袋,,0,,0
レンタルスタジオAivic池袋東口2号店,東京都豊島区東池袋2-57-1 K/B東池袋Ⅱ 5F,https://dance-studio-lab.com/room/ZTVmNmYwZGYtZTExNy00YTlkLTk4MDktODhhMWE2ZTYyNmNj/detail,,,,1.0,139.7179995,35.7329898,東京,池袋駅,749.0,池袋駅|向原駅|東池袋駅|北池袋駅|東池袋四丁目駅|大塚駅|都電雑司ヶ谷駅|庚申塚駅|新大塚駅|板橋駅,10.0,豊島区,池袋,池袋,feature:shooting|feature:mirror,1,https://dance-studio-lab.com/room/ZTVmNmYwZGYtZTExNy00YTlkLTk4MDktODhhMWE2ZTYyNmNj/detail,100
BEATs レンタルスタジオ ビーツ,東京都渋谷区代々木1-42-2 藤ビル2階,https://dance-studio-lab.com/room/ZWU0MDNlZTUtMDE1Zi00NDcyLWFjZjgtZTAzNzUzZTAwMzNj/detail,,,,1.0,139.6991991,35.6827951,東京,代々木駅,259.0,代々木駅|参宮橋駅|北参道駅|新宿駅|新宿三丁目駅|都庁前駅|千駄ケ谷駅|新宿西口駅|初台駅|新宿御苑前駅,10.0,渋谷区,渋谷,渋谷,feature:mirror,1,https://dance-studio-lab.com/room/ZWU0MDNlZTUtMDE1Zi00NDcyLWFjZjgtZTAzNzUzZTAwMzNj/detail,100
Dubway レンタルスタジオ中野,東京都中野区5-32-6 城西ビルB02,https://dance-studio-lab.com/room/MzFmYWU5ZjgtNmM0NC00MDYzLTljOGUtMjFlZDI1MmVhMDE5/detail,,,,1.0,139.6674911,35.7063596,東京,中野駅,167.0,中野駅|新中野駅|新井薬師前駅|東高円寺駅|沼袋駅|東中野駅|高円寺駅|中野新橋駅|中野坂上駅|落合駅,10.0,中野区,中野,中野,feature:shooting|feature:mirror,1,https://dance-studio-lab.com/room/MzFmYWU5ZjgtNmM0NC00MDYzLTljOGUtMjFlZDI1MmVhMDE5/detail,100
チェリッシュスタジオ9号館,東京都渋谷区鶯谷町15-7 ライブリーYSビル6階,https://dance-studio-lab.com/room/NGU3OTQ4YzEtMzA3OS00NDc3LThjODQtYWFkMmUzMTE4ZmFm/detail,https://cherish-studio.com/09st/,,,1.0,139.7005113,35.654341,東京,渋谷駅,423.0,渋谷駅|神泉駅|代官山駅|中目黒駅|恵比寿駅|池尻大橋駅|駒場東大前駅|表参道駅|明治神宮前〈原宿〉駅|原宿駅,10.0,渋谷区,渋谷,渋谷,feature:shooting,1,https://dance-studio-lab.com/room/NGU3OTQ4YzEtMzA3OS00NDc3LThjODQtYWFkMmUzMTE4ZmFm/detail,100
レンタルスタジオAivic新橋,"東京都港区西新橋1-16-14 宮川ビル4階
",https://dance-studio-lab.com/room/M2EyMzEzOTUtMjkwNC00MmRlLWI3YWEtYjBiMmM1NGUzYzhl/detail,,,,1.0,139.7541988,35.6678489,東京,新橋駅,408.0,新橋駅|虎ノ門駅|虎ノ門ヒルズ駅|汐留駅|日比谷駅|神谷町駅|銀座駅|有楽町駅|東銀座駅|大門駅,10.0,港区,六本木,六本木,feature:shooting|feature:mirror,1,https://dance-studio-lab.com/room/M2EyMzEzOTUtMjkwNC00MmRlLWI3YWEtYjBiMmM1NGUzYzhl/detail,100
Hina STUDIO(ヒナスタジオ)【新宿西口スタジオ】,東京都新宿区西新宿7-10-12　ダイハンビルデンス4階,https://dance-studio-lab.com/room/ZDEyOTIyNTctYjUwOC00ZTY3LTgxMWYtYTI0MzhkNDg4OGNj/detail,https://hinastudio.jp/,,,1.0,139.6982832,35.6943034,東京,新宿西口駅,136.0,新宿西口駅|西武新宿駅|西新宿駅|新宿駅|都庁前駅|新宿三丁目駅|大久保駅|新大久保駅|東新宿駅|代々木駅,10.0,新宿区,新宿,新宿,feature:mirror,1,https://dance-studio-lab.com/room/ZDEyOTIyNTctYjUwOC00ZTY3LTgxMWYtYTI0MzhkNDg4OGNj/detail,100
レンタルスタジオAivic大塚,東京都豊島区北大塚2-9-7 豊島電気会館B1,https://dance-studio-lab.com/room/MjU5YzI0ZTUtYzE1MC00ODhmLWI2Y2MtNTk5YTFmMWIwMzZi/detail,https://www.aivic.jp/wp/studio-otsuka/,,,1.0,139.7268916,35.7340198,東京,大塚駅,274.0,大塚駅|向原駅|庚申塚駅|新庚申塚駅|新大塚駅|西巣鴨駅|巣鴨駅|東池袋四丁目駅|東池袋駅|北池袋駅,10.0,豊島区,池袋,池袋,feature:shooting|feature:mirror,1,https://dance-studio-lab.com/room/MjU5YzI0ZTUtYzE1MC00ODhmLWI2Y2MtNTk5YTFmMWIwMzZi/detail,100
レンタルスタジオAivic恵比寿,東京都渋谷区恵比寿西1-14-3 満栄佐藤ビル202,https://dance-studio-lab.com/room/MzMyZDY5NzktNDEzOS00MzAyLWJjNzEtMjZiMjNiNzUwNGMy/detail,,,,1.0,139.7078505,35.6477736,東京,恵比寿駅,233.0,恵比寿駅|代官山駅|中目黒駅|渋谷駅|広尾駅|神泉駅|目黒駅|祐天寺駅|表参道駅|白金台駅,10.0,渋谷区,渋谷,渋谷,feature:shooting|feature:mirror,1,https://dance-studio-lab.com/room/MzMyZDY5NzktNDEzOS00MzAyLWJjNzEtMjZiMjNiNzUwNGMy/detail,100
レンタルスタジオAivic恵比寿2号店,東京都渋谷区恵比寿2-16-16 レクシード恵比寿（旧flegエビスW）111,https://dance-studio-lab.com/room/MjM0NzMxMTAtOGQzOS00MDFkLThmMGEtNTgzM2MzMjVjMzlh/detail,,,,1.0,139.7186637,35.646978,東京,広尾駅,628.0,広尾駅|恵比寿駅|白金台駅|代官山駅|目黒駅|白金高輪駅|中目黒駅|麻布十番駅|渋谷駅,9.0,渋谷区,渋谷,渋谷,feature:shooting|feature:mirror,1,https://dance-studio-lab.com/room/MjM0NzMxMTAtOGQzOS00MDFkLThmMGEtNTgzM2MzMjVjMzlh/detail,100
レンタルピラティススタジオAivic渋谷1号店,東京都渋谷区渋谷1-9-4 トーカン渋谷キャステール606,https://dance-studio-lab.com/room/MDNkMzY2Y2YtMDFlMy00YjFhLTgwNWYtZDdjNmU1MGQ5OTgx/detail,https://upnow.jp/onestep/shibuyapilatesstudio,,,1.0,139.7046286,35.6604912,東京,渋谷駅,384.0,渋谷駅|表参道駅|明治神宮前〈原宿〉駅|神泉駅|原宿駅|代官山駅|恵比寿駅|代々木公園駅|外苑前駅|代々木八幡駅,10.0,渋谷区,渋谷,渋谷,feature:shooting|feature:mirror,1,https://dance-studio-lab.com/room/MDNkMzY2Y2YtMDFlMy00YjFhLTgwNWYtZDdjNmU1MGQ5OTgx/detail,100
レンタルピラティススタジオAivic渋谷2号店,東京都渋谷区宇田川町12-3 ニュー渋谷コーポラス1104,https://dance-studio-lab.com/room/OTJjODhjZDYtZmRjYS00ZjMyLWI0NWUtZTAwNjQ0N2VmMTRm/detail,,,,1.0,139.6980776,35.6617771,東京,渋谷駅,526.0,渋谷駅|神泉駅|明治神宮前〈原宿〉駅|原宿駅|代々木公園駅|代々木八幡駅|駒場東大前駅|表参道駅|代官山駅|池尻大橋駅,10.0,渋谷区,渋谷,渋谷,feature:shooting|feature:mirror,1,https://dance-studio-lab.com/room/OTJjODhjZDYtZmRjYS00ZjMyLWI0NWUtZTAwNjQ0N2VmMTRm/detail,100
レンタルピラティススタジオAivic恵比寿,東京都渋谷区恵比寿1-22-3 シルバープラザ恵比寿203,https://dance-studio-lab.com/room/OTU4MmIyYzEtMTJjNS00ODc0LTk4NDgtNWFhNGJkNzE1YzQ0/detail,,,,1.0,139.7129826,35.6462859,東京,恵比寿駅,266.0,恵比寿駅|代官山駅|広尾駅|中目黒駅|目黒駅|白金台駅|渋谷駅|白金高輪駅,8.0,渋谷区,渋谷,渋谷,feature:shooting|feature:mirror,1,https://dance-studio-lab.com/room/OTU4MmIyYzEtMTJjNS00ODc0LTk4NDgtNWFhNGJkNzE1YzQ0/detail,100
レンタルピラティススタジオAivic西新宿,東京都新宿区西新宿7-6-5 グローリア初穂　生沼ビル405,https://dance-studio-lab.com/room/ZGY5MzY2ZjgtMzk1Mi00YTY0LWE2OWEtZDc3Y2RiYjllMmJh/detail,,,,1.0,139.6978183,35.697718,東京,西武新宿駅,331.0,西武新宿駅|大久保駅|新大久保駅|新宿西口駅|西新宿駅|東新宿駅|都庁前駅|新宿駅|新宿三丁目駅|中野坂上駅,10.0,新宿区,新宿,新宿,feature:shooting|feature:mirror,1,https://dance-studio-lab.com/room/ZGY5MzY2ZjgtMzk1Mi00YTY0LWE2OWEtZDc3Y2RiYjllMmJh/detail,100
Studio-Bio,東京都渋谷区千駄ヶ谷3−41−12　シャトル千駄ヶ谷B1(地下),https://dance-studio-lab.com/room/MTI3NDc3MzgtMTBhMy00NGY2LWE3MGQtZmM5YzdiYjVmNzM2/detail,https://studio-bio123.com/,,,1.0,139.7058519,35.678721,東京,北参道駅,48.0,北参道駅|千駄ケ谷駅|代々木駅|国立競技場駅|原宿駅|明治神宮前〈原宿〉駅|参宮橋駅|新宿御苑前駅|新宿駅|信濃町駅,10.0,渋谷区,渋谷,渋谷,feature:shooting|feature:mirror,1,https://dance-studio-lab.com/room/MTI3NDc3MzgtMTBhMy00NGY2LWE3MGQtZmM5YzdiYjVmNzM2/detail,100
Dubwayレンタルスタジオ大久保,東京都新宿区百人町3-15-8,https://dance-studio-lab.com/room/YTIzMjllOTEtNzlhMy00YjBiLTgwMDctMGNhMDNkOTgwNDFh/detail,,,,1.0,139.6981572,35.7069417,東京,新大久保駅,660.0,新大久保駅|大久保駅|高田馬場駅|西早稲田駅|下落合駅|落合駅|西武新宿駅|東中野駅|東新宿駅|中井駅,10.0,新宿区,新宿,新宿,,1,https://dance-studio-lab.com/room/YTIzMjllOTEtNzlhMy00YjBiLTgwMDctMGNhMDNkOTgwNDFh/detail,100
レンタルスタジオAivic元町中華街,神奈川県横浜市中区山下町25-16 ニューポートビル202,https://dance-studio-lab.com/room/MDE1MGRkYjEtNjcxMS00Njg1LTg2YmQtODBjODQxZmFlYjg0/detail,https://www.aivic.jp/wp/studio-chukagai/,,,1.0,139.6468728,35.445559,神奈川,日本大通り駅,412.0,日本大通り駅|元町・中華街 (山下公園)駅|石川町(元町・中華街)駅|関内駅|馬車道駅|伊勢佐木長者町駅|桜木町駅|日ノ出町駅|みなとみらい駅,9.0,横浜市中区,横浜,横浜,feature:shooting|feature:mirror,1,https://dance-studio-lab.com/room/MDE1MGRkYjEtNjcxMS00Njg1LTg2YmQtODBjODQxZmFlYjg0/detail,100
