studio_name,url_type,url,status_code,status_label,final_url,redirected,error
スタジオハイシー,Webサイト,https://studio-hide-and-seek.co.jp/,200.0,OK,https://studio-hide-and-seek.co.jp/,False,
レンタルスタジオswamp西新宿,Webサイト,https://www.st-swamp2023.com/,200.0,OK,https://www.st-swamp2023.com/,False,
ソニズレンタルスタジオ新宿店,Webサイト,https://sonysdance.com/,200.0,OK,https://sonysdance.com/,False,
BUZZ新宿,Webサイト,https://buzz-st.com/shinjuku/,404.0,NOT_FOUND,https://buzz-st.com/shinjuku,False,
レンタルダンススタジオ LANDstudio 新宿店,Webサイト,https://land-studio.jp/?utm_source=gbp&utm_medium=referral,,CONNECTION_ERROR,,False,"CONNECTION_ERROR: HTTPSConnectionPool(host='land-studio.jp', port=443): Max retries exceeded with "
BUZZ レンタルスタジオ新宿コンシェルジュ店,Webサイト,https://buzz-st.com/shinjuku4,404.0,NOT_FOUND,https://buzz-st.com/shinjuku4,False,
BUZZ レンタルスタジオ 新宿ハウス店,Webサイト,https://buzz-st.com/shinjuku2/,404.0,NOT_FOUND,https://buzz-st.com/shinjuku2,False,
村田正樹タップダンス教室,Webサイト,https://www.muratamasaki.com/lesson,404.0,NOT_FOUND,https://www.muratamasaki.com/lesson,False,
㈱Tera-coya,Webサイト,http://teracoya.tokyo/,200.0,OK,https://teracoya.tokyo/,True,
ラシーヌスタジオ,Webサイト,https://racinestudio.com/,200.0,OK,https://racinestudio.com/,False,
Ohana Room Studio新宿,Webサイト,https://ohanaroom.jp/,200.0,OK,https://ohanaroom.jp/,False,
㈱フラオリタヒチ,Webサイト,https://www.hulaoritahiti.jp/,200.0,OK,https://www.hulaoritahiti.jp/,False,
[吉祥寺ダンススタジオ] Studio Amrita NORTH,Webサイト,http://rental.studioamrita.com/,200.0,OK,https://rental.studioamrita.com/,True,
新宿レンタルスタジオ アルファ,Webサイト,https://studioalpha88.wixsite.com/advisor-consult-jp,200.0,OK,https://studioalpha88.wixsite.com/advisor-consult-jp,False,
【レンタルスタジオ】SPICY CANDY【ボディメイク】,Webサイト,https://www.instabase.jp/space/6730746951,200.0,OK,https://www.instabase.jp/space/6730746951,False,
BUZZ レンタルスタジオ新宿4丁目店,Webサイト,https://buzz-st.com/shinjuku3,404.0,NOT_FOUND,https://buzz-st.com/shinjuku3,False,
スタジオジパング 新宿スタジオSTANDARD,Webサイト,http://studiozipang.com/,200.0,OK,https://studiozipang.com/,True,
レンタルスタジオマイレッスン 新宿御苑前,Webサイト,https://www.my-lesson.jp/,200.0,OK,https://www.my-lesson.jp/,False,
レンタルスタジオ 301,Webサイト,https://shierushan.com/,,CONNECTION_ERROR,,False,"CONNECTION_ERROR: HTTPSConnectionPool(host='shierushan.com', port=443): Max retries exceeded with "
【福岡校】YKAダンススタジオ,Webサイト,https://yka-fukuoka.com/,200.0,OK,https://yka-fukuoka.com/,False,
ENCE Rental Studio 四谷三丁目【新宿エリアのレンタルスタジオ】,Webサイト,http://encerentalstudio.com/,200.0,OK,https://encerentalstudio.com/,True,
BUZZ レンタルスタジオ 代々木店,Webサイト,https://buzz-st.com/yoyogi/,404.0,NOT_FOUND,https://buzz-st.com/yoyogi,False,
?JDS 自由が丘のレンタルスタジオ,Webサイト,http://jiyugaokastudio.com/,200.0,OK,http://jiyugaokastudio.com/,False,
Studio.m 新宿レンタルスタジオ,Webサイト,https://studioaqua88.wixsite.com/my-site,200.0,OK,https://studioaqua88.wixsite.com/my-site,False,
A la neigeバレエ,Webサイト,https://www.alaneige.co.jp/,200.0,OK,https://www.alaneige.co.jp/,False,
A-KIDS DANCE STUDIO,Webサイト,http://www.akidsdancestudio.com/,200.0,OK,https://www.akidsdancestudio.com/,True,
A.K.バレエスタジオ,Webサイト,https://akballetstudio.amebaownd.com/,200.0,OK,https://akballetstudio.amebaownd.com/,False,
すむぞう 代々木スタジオ,Webサイト,https://studio.sumuzo.info/studio/yoyogi/,404.0,NOT_FOUND,https://studio.sumuzo.info/studio/yoyogi/,False,
DL Studio,Webサイト,http://www.instabase.jp/rooms/2630,200.0,OK,https://www.instabase.jp/owners/1503,True,
a.Music Studio,Webサイト,https://www.amusicstudio.info/,200.0,OK,https://www.amusicstudio.info/,False,
A.R.P studio,Webサイト,http://arpstudio.main.jp/,200.0,OK,https://arpstudio.main.jp/,True,
AAPA 日の出町団地スタジオ,Webサイト,https://aapa.jp/,200.0,OK,https://www.aapa.jp/,True,
studio SLASH,Webサイト,http://slash-jpn.com/studio/,200.0,OK,http://slash-jpn.com/studio/,False,
ABC明大前スタ,Webサイト,https://ameblo.jp/meidaimae2011/entry-12532735132.html,200.0,OK,https://ameblo.jp/meidaimae2011/entry-12532735132.html,False,
ACCA STUDIO,Webサイト,https://acca-studio.com/,200.0,OK,https://acca-studio.com/,False,
ACEスタジオ馬喰町日本橋,Webサイト,https://mestudio.tokyo/,200.0,OK,https://mestudio.tokyo/,False,
ACFit 赤坂見附スタジオ,Webサイト,https://acfit.accea.co.jp/akasakamitsuke/lava/,404.0,NOT_FOUND,https://acfit.accea.co.jp/akasakamitsuke/lava/,False,
AK BALLET SCHOOL浦安,Webサイト,https://www.ak-bs.com/,200.0,OK,https://www.ak-bs.com/,False,
ALOK DANCE DORAMA COMPANY,Webサイト,http://alokddc.wordpress.com/,200.0,OK,https://alokddc.com/,True,
alt studio (オルトスタジオ),Webサイト,https://upnow.jp/Altstudio/jimbocho,200.0,OK,https://upnow.jp/Altstudio,True,
Amiバレエアート,Webサイト,http://www.ami-ballet.com/,200.0,OK,http://www.ami-ballet.com/,False,
スタジオキャンパス 高田馬場店,Webサイト,https://st-campus.net/baba/,200.0,OK,https://st-campus.net/baba/,False,
Another ONE+ （銀座レンタルスペース）,Webサイト,https://aopg.jp/,200.0,OK,https://aopg.jp/,False,
スタジオジパング 新宿スタジオPRO,Webサイト,https://studiozipang.com/,200.0,OK,https://studiozipang.com/,False,
ART GROOVE,Webサイト,https://art-groove.com/net/,200.0,OK,https://art-groove.com/net/,False,
Asia Ballet Agency,Webサイト,https://www.asiaballet.net/,200.0,OK,https://www.asiaballet.net/,False,
ATHLETE Studio,Webサイト,https://www.athletestudio.org/,200.0,OK,https://www.athletestudio.org/,False,
AXISダンススクール,Webサイト,https://axis-dance-fukuoka.net/,200.0,OK,https://axis-dance-fukuoka.net/,False,
Aya Ballet School,Webサイト,https://www.aya-ballet-school.net/,200.0,OK,https://www.aya-ballet-school.net/,False,
b-line dance studio,Webサイト,http://www.sbline.jp/,200.0,OK,http://sbline.jp/,True,
原宿ダンススタジオ SHIN RENTAL STUDIO,Webサイト,https://harajuku-rentalstudio.com/,200.0,OK,https://harajuku-rentalstudio.com/,False,
Ballet & Dance DUE,Webサイト,https://ballet-dance-uno.com/,200.0,OK,https://ballet-dance-uno.com/,False,
"マイレッスン 新宿A,Bスタジオ",Webサイト,http://www.my-lesson.jp/,200.0,OK,http://www.my-lesson.jp/,False,
Ballet Studio M'z,Webサイト,https://balletstudio-mz.com/,200.0,OK,https://balletstudio-mz.com/,False,
渋谷店 レンタルダンススタジオ ＲＯＯＴＳ,Webサイト,http://dancestudioroots.com/shibuya1/,404.0,NOT_FOUND,http://www.dancestudioroots.com/shibuya1/,True,
Be Rise Dance Studio,Webサイト,https://br-dance.com/,,SSL_ERROR,,False,"SSL_ERROR: HTTPSConnectionPool(host='br-dance.com', port=443): Max retries exceeded with ur"
Beat Box Dance Studio,Webサイト,http://www.beatbox-jp.com/,200.0,OK,http://www.beatbox-jp.com/,False,
中野 レンタルスタジオ オドリバ,Webサイト,https://nakano-odoriba.com/,200.0,OK,https://nakano-odoriba.com/,False,
ナ・ホク・オ・カヘアラニ フラ＆タヒチアン,Webサイト,https://nahokuokahealanijp.com/,200.0,OK,https://nahokuokahealanijp.com/,False,
BillionDance,Webサイト,https://sites.google.com/view/billiondance/,200.0,OK,https://sites.google.com/view/billiondance/,False,
石原ダンスクラブ コモレ四谷店,Webサイト,http://ishiharadance.jp/,200.0,OK,http://ishiharadance.jp/,False,
BLM Dance School,Webサイト,http://www.blm-music.com/,200.0,OK,https://blm-music.com/,True,
BLOOMIN'新丸子店,Webサイト,http://studio-bloomin.com/,200.0,OK,http://studio-bloomin.com/,False,
SHOJIN Show-Base Tokyo,Webサイト,https://shojin-enter-labo.work/,200.0,OK,https://shojin-enter-labo.work/,False,
BOX Performers Academy 池袋校,Webサイト,http://www.boxacademy.jp/,200.0,OK,https://www.boxacademy.jp/,True,
Brilliant Me Dance Studio 鹿浜校,Webサイト,http://brilliant-me.com/,200.0,OK,http://brilliant-me.com/,False,
ARTIST DANCE STUDIO,Webサイト,https://artist-dance.jp/,200.0,OK,https://artist-dance.jp/,False,
BRONX RENTAL STUDIO,Webサイト,http://thebronx-dancestudio.com/,200.0,OK,https://thebronx-dancestudio.com/,True,
BT Dance Studio,Webサイト,http://www.btstudio.jp/,200.0,OK,https://btstudio.jp/,True,
BUZZ SHIBUYA店,Webサイト,http://buzz-st.com/shibuya/,404.0,NOT_FOUND,https://buzz-st.com/shibuya,True,
BUZZ レンタルスタジオ 池袋本店,Webサイト,https://buzz-st.com/ikebukuro4/,404.0,NOT_FOUND,https://buzz-st.com/ikebukuro4,False,
C Production Dance Studio,Webサイト,https://www.c-production-dancestudio.com/,200.0,OK,https://www.c-production-dancestudio.com/,False,
Cadena Flamenca,Webサイト,https://cadenaflamenca.jp/,200.0,OK,https://cadenaflamenca.jp/,False,
BUZZ レンタルスタジオ 高田馬場店,Webサイト,https://buzz-st.com/takadanobaba/,404.0,NOT_FOUND,https://buzz-st.com/takadanobaba,False,
BUZZ 池袋西口タワー,Webサイト,http://buzz-st.com/ikebukuro3/,404.0,NOT_FOUND,https://buzz-st.com/ikebukuro3,True,
CAMURO DANCE STUDIO,Webサイト,http://camuro.jp/,200.0,OK,https://camuro.jp/,True,
CARDIO BARRE JIYUGAOKA (カーディオ・バー 自由が丘店),Webサイト,https://cardio-barre.jp/lp/03/?utm_source=facebook&utm_medium=cpc&fbclid=IwAR3Kheu4QwOEsq_Vf6-cZeTgzJ1VLZ2eB-BkHUf42kUJQKr9BH3OyQwSaSg,200.0,OK,https://cardio-barre.jp/lp/03/?utm_source=facebook&utm_medium=cpc&fbclid=IwAR3Kheu4QwOEsq_Vf6-cZeTgzJ1VLZ2eB-BkHUf42kUJQKr9BH3OyQwSaSg,False,
Caribbean explosion,Webサイト,http://www.caribbeanexplosion.com/,200.0,OK,https://www.caribbeanexplosion.com/,True,
Casa Mia Studio カザミアスタジオ ダンス,Webサイト,http://casamiastudio.jp/,200.0,OK,https://casamiastudio.jp/,True,
BUZZ レンタルスタジオ池袋東口BASE,Webサイト,https://buzz-st.com/ikebukuro5/,404.0,NOT_FOUND,https://buzz-st.com/ikebukuro5,False,
BUZZ レンタルスタジオ 渋谷東口SQUARE店,Webサイト,https://buzz-st.com/shibuya3/,404.0,NOT_FOUND,https://buzz-st.com/shibuya3,False,
ダンスルームAA,Webサイト,https://danceroomaa.com/,200.0,OK,https://danceroomaa.com/,False,
Clover 26,Webサイト,https://www.clover26.com/,200.0,OK,https://clover26.com/,True,
"in the house / Shibuya ""Gallery""",Webサイト,https://inthehouse.tokyo/,200.0,OK,https://inthehouse.tokyo/,False,
CurioSpace多摩センター,Webサイト,https://upnow.jp/curiospace/tamacenterstudio,200.0,OK,https://upnow.jp/curiospace/tamacenterstudio,False,
BUZZ レンタルスタジオ 渋谷PARK店,Webサイト,https://buzz-st.com/shibuya2/,404.0,NOT_FOUND,https://buzz-st.com/shibuya2,False,
Cuuby dance school,Webサイト,https://www.cuuby-dance-school.com/?utm_source=google&utm_medium=wix_google_business_profile&utm_campaign=1742420427663732624,,CONNECTION_ERROR,,False,"CONNECTION_ERROR: HTTPSConnectionPool(host='www.cuuby-dance-school.com', port=443): Max retries ex"
『bco』 Private lesson/salon,Webサイト,http://bobbyconditioning.com/,200.0,OK,https://www.bobbyconditioning.com/,True,
ダンススタジオ・レンタルスタジオ_DANCE SPACE 365,Webサイト,https://www.dancespace365.com/,200.0,OK,https://dancespace365.com/,True,
"in the house / Hatagaya ""Shack""",Webサイト,https://inthehouse.tokyo/hatagaya/,200.0,OK,https://inthehouse.tokyo/studio/hatagaya/,True,
Dance Studio Linda 中目黒,Webサイト,https://www.dancestudio-linda.com/,,SSL_ERROR,,False,"SSL_ERROR: HTTPSConnectionPool(host='www.dancestudio-linda.com', port=443): Max retries exc"
D'CRE8 Dance Shtajio (ディークリエイトダンスシタジオ),Webサイト,https://dcre8.com/,200.0,OK,https://dcre8.com/,False,
中目黒店 レンタルダンススタジオROOTS,Webサイト,https://dancestudioroots.com/nakameguro/,200.0,OK,https://www.dancestudioroots.com/nakameguro/,True,
青海R地区,Webサイト,https://www.tokyo-odaiba.net/parkevent/space/place.html,200.0,OK,https://www.tokyo-odaiba.net/parkevent/space/place.html,False,
Dance School & Studio Upbeat,Webサイト,https://danceschool-upbeat.com/,200.0,OK,https://danceschool-upbeat.com/,False,
DANCE STUDIO A??,Webサイト,https://studio-a-heart.com/,200.0,OK,https://studio-a-heart.com/,False,
DANCE STUDIO BAUM,Webサイト,https://www.studio-baum.net/,200.0,OK,https://www.studio-baum.net/,False,
Dance Studio Broomstick,Webサイト,https://studio-broomstick.jp/,200.0,OK,https://studio-broomstick.jp/,False,
DANCE STUDIO Fossette -フォセット -,Webサイト,https://fossette-dance.wixsite.com/home,200.0,OK,https://fossette-dance.wixsite.com/home,False,
dance studio GROOVY ダンス＆ヨガ,Webサイト,http://www.groovy2005.com/,200.0,OK,http://groovy2005.com/,True,
駒澤大学店 レンタルダンススタジオ ＲＯＯＴＳ,Webサイト,http://dancestudioroots.com/komazawadaigaku/,200.0,OK,http://www.dancestudioroots.com/komazawadaigaku/,True,
子ども向け体操教室LUNA STUDIO 駒場東大前校,Webサイト,https://lunastudio.jp/,200.0,OK,https://lunastudio.jp/,False,
DANCE STUDIO KOTOHA,Webサイト,https://www.dancestudiokotoha.jp/,200.0,OK,https://www.dancestudiokotoha.jp/,False,
DＡNCE Studio LEON 多目的スタジオ レオン,Webサイト,http://lilly-company.com/,200.0,OK,http://lilly-company.com/,False,
レンタルスタジオ・ラカーサミア（カガダンサーズサポート）,Webサイト,https://kds-sendai.com/,200.0,OK,https://kds-sendai.com/,False,
DANCE STUDIO NEO,Webサイト,http://www.dance-neo.com/,200.0,OK,http://www.dance-neo.com/,False,
DANCE WORKS,Webサイト,https://danceworks.jp/,200.0,OK,https://danceworks.jp/,False,
池ノ上道場 / 池ノ上スタジオ Ikenoue-dojo/Ikenoue studio,Webサイト,https://ikenouedojo.com/,200.0,OK,https://ikenouedojo.com/,False,
Dance zone RESPECT,Webサイト,https://hamamatsu.mypl.net/shop/00000362882/,404.0,NOT_FOUND,https://hamamatsu.mypl.net/shop/00000362882/,False,
DANCE&RENTAL STUDIO ONEWAY,Webサイト,http://www.studio-oneway.nagoya/,200.0,OK,https://www.studio-oneway.nagoya/,True,
ＤＡＮＣＥＳＴＵＤＩＯ・ＢＩＮＧＯ,Webサイト,https://dancestudio-bingo.com/,200.0,OK,https://dancestudio-bingo.com/,False,
Dancing Appaloosa ダンシング アパルーサ,Webサイト,http://www.dancingappaloosa.com/,200.0,OK,http://www.dancingappaloosa.com/,False,
蒲田・矢口渡レンタルスタジオ momobana,Webサイト,https://momobana-yaguchi.com/,,CONNECTION_ERROR,,False,"CONNECTION_ERROR: HTTPSConnectionPool(host='momobana-yaguchi.com', port=443): Max retries exceeded"
DAYS赤坂見附,Webサイト,https://days-akasaka.tokyo/,200.0,OK,https://days-akasaka.tokyo/,False,
レンタルスタジオ N.studio,Webサイト,https://www.arabesque-n.com/n-studio/,403.0,BLOCKED,https://www.arabesque-n.com/n-studio/,False,
DCNスタジオ,Webサイト,https://www.rental-studio.tokyo/,200.0,OK,https://www.rental-studio.tokyo/,False,
DECO MUSIC SCHOOL ボイストレーニング、ボーカルレッスン 立川校,Webサイト,https://deco-music.jp/,200.0,OK,https://deco-music.jp/,False,
子ども向けダンス教室LUNA DANCE 長原駅前校,Webサイト,https://lunastudio.jp/lunadance,200.0,OK,https://latdance.com/,True,
dスタ（レンタルスタジオ）,Webサイト,https://dstudio-dbs.com/,200.0,OK,https://dstudio-dbs.com/,False,
Studio Green 蒲田／スタジオグリーン蒲田／【蒲田駅東口5分】鏡約7mの綺麗で広いスタジオでダンス・ポージング・ヨガ・ピラティス・演劇・撮影などにおすすめ☆,Webサイト,https://spacemarket.com/p/sp/vhe_mxiht4r4zpvt,200.0,OK,https://www.spacemarket.com/spaces/vhe_mxiht4r4zpvt/?promotion_link=true,True,
EMI HULA STUDIO,Webサイト,https://edogawa.mypl.net/shop/00000364787/,200.0,OK,https://edogawa.mypl.net/shop/00000364787/,False,
emotionS Dance Studio,Webサイト,http://dance-studio-emotions.com/,200.0,OK,https://dance-studio-emotions.com/,True,
ENERGY DANCE STUDIO,Webサイト,http://energy-dance.net/,200.0,OK,https://energy-dance.net/,True,
ヨガ&ピラティス｜くろねこスタジオ大森｜レンタルスタジオ,Webサイト,https://www.spacemarket.com/spaces/lekmbl-dcsse1bqa/,200.0,OK,https://www.spacemarket.com/spaces/lekmbl-dcsse1bqa/,False,
Estudio ILIA FLAMENCA,Webサイト,https://www.ilia-f.com/,403.0,BLOCKED,https://www.ilia-f.com/,False,
ETCダンススクール 金町校,Webサイト,https://www.e-t-c.net/kanamachi/,200.0,OK,https://www.e-t-c.net/kanamachi/,False,
ETCダンススクール 町田校,Webサイト,https://www.e-t-c.net/machida/,200.0,OK,https://www.e-t-c.net/machida/,False,
ETCダンススクール池袋校,Webサイト,https://www.e-t-c.net/ikebukuro/,200.0,OK,https://www.e-t-c.net/ikebukuro/,False,
ETERNAL DANCE STUDIO,Webサイト,http://eternal-st.com/,200.0,OK,https://eternal-st.com/,True,
EXスタジオ麹町,Webサイト,https://exstudio.pro/,,SSL_ERROR,,False,"SSL_ERROR: HTTPSConnectionPool(host='exstudio.pro', port=443): Max retries exceeded with ur"
EyeCandyポールダンス秋葉原スタジオ,Webサイト,http://www.eyecandypole.com/,200.0,OK,https://eyecandypole.com/,True,
F1 STUDIO,Webサイト,https://handoff-all.jp/,200.0,OK,https://handoff-all.jp/,False,
FACTORYカレッタスタジオ,Webサイト,https://www.cube-factory.jp/caretta/,,SSL_ERROR,,False,"SSL_ERROR: HTTPSConnectionPool(host='www.cube-factory.jp', port=443): Max retries exceeded "
Fairy Ballet Studio,Webサイト,https://www.fairy-ballet.net/,200.0,OK,https://www.fairy-ballet.net/,False,
FANTASY DANCE SCHOOL 八王子店,Webサイト,https://www.dance-hachioji.com/,404.0,NOT_FOUND,https://www.dance-hachioji.com/,False,
TONIC DANCE STUDIO 吉祥寺,Webサイト,https://www.tonicdancestudio.com/,200.0,OK,https://www.tonicdancestudio.com/,False,
LIMITED Creaation. dance studio,Webサイト,https://limited-studio.com/,200.0,OK,https://limited-studio.com/,False,
レンタルスタジオ吉祥寺OLI（オリ）,Webサイト,https://www.rentalstudio-oli.com/,200.0,OK,https://www.rentalstudio-oli.com/,False,
ノアスタジオ 吉祥寺店,Webサイト,https://www.noahstudio.jp/shop/kichijoji/,200.0,OK,https://www.noahstudio.jp/shop/kichijoji/,False,
Fine Studio,Webサイト,http://www.go2fine.com/,200.0,OK,https://go2fine.com/,True,
吉祥寺 レンタルスタジオ さんだる倶楽部,Webサイト,https://www.3daru.com/,200.0,OK,https://www.3daru.com/,False,
FIVE O DANCE STUDIO 狛江（ファイブオーダンススタジオ）,Webサイト,https://fiveodancestudio.jp/,200.0,OK,https://fiveodancestudio.jp/,False,
FIVE O DANCE STUDIO 二子玉川,Webサイト,https://fiveoentinc.com/,200.0,OK,https://fiveodancestudio.jp,True,
FLAG POINT,Webサイト,http://www.flag-point.com/,200.0,OK,https://www.flag-point.com/,True,
FREEDA LIFESTYLE＋,Webサイト,http://www.freeda.jp/,200.0,OK,http://www.freeda.jp/,False,
Funky Gang Dance Studio,Webサイト,https://www.funky-gang.com/,200.0,OK,https://www.funky-gang.com/,False,
FunnyTips（ファニーティップス）,Webサイト,http://infofunnytips.wix.com/funnytips,404.0,NOT_FOUND,https://infofunnytips.wix.com:443/funnytips,True,
バレエ・ダンススタジオ Lino,Webサイト,https://lino.releve.fun/,200.0,OK,https://lino.releve.fun/,False,
レンタルスタジオ西荻リノ,Webサイト,https://nishiogi-lino.linovery.com/,200.0,OK,https://nishiogi-lino.linovery.com/,False,
スタジオLINOVA（リノ・バ）,Webサイト,https://www.linova.jp/,,SSL_ERROR,,False,"SSL_ERROR: HTTPSConnectionPool(host='www.linova.jp', port=443): Max retries exceeded with u"
Gloire Ballet Studio,Webサイト,https://gloire-ballet-studio.com/,200.0,OK,https://gloire-ballet-studio.com/,False,
ＧＯＣＯＯスタジオ,Webサイト,http://stunt-japan.com/,200.0,OK,https://www.stunt-japan.com/,True,
STYLEY チアダンス・新体操・アクロバットスクール 板橋本蓮沼校,Webサイト,https://styley-f.com/,200.0,OK,https://styley-f.com/,False,
スタジオジパング 久我山スタジオSTANDARD,Webサイト,https://studiozipang.com/kugayama-standard/,200.0,OK,https://studiozipang.com/kugayama-standard/,False,
三鷹RI劇場(旧名三鷹RIスタジオ),Webサイト,http://seigetsu-entertainment.com/ristudio/,200.0,OK,http://www.seigetsu-entertainment.com/ristudio/,True,
三鷹レンタルスタジオRin,Webサイト,https://dance-studio-rin.com/,200.0,OK,https://dance-studio-rin.com/,False,
Fali studio ファリ レンタルスペース,Webサイト,https://upnow.jp/jindaijispace,200.0,OK,https://upnow.jp/jindaijispace,False,
Gravisダンススクール 株式会社Gravis,Webサイト,https://gravis-dance.co.jp/,200.0,OK,https://gravis-dance.co.jp/,False,
grow dance studio,Webサイト,http://www.grow-dancestudio.com/,200.0,OK,https://grow-dancestudio.com/,True,
H?lau Hula Coco,Webサイト,http://www.hula-coco.jp/,200.0,OK,https://www.hula-coco.jp/,True,
HARA Studio,Webサイト,https://harastudio.wixsite.com/website,200.0,OK,https://harastudio.wixsite.com/website,False,
レンタルスタジオ、ダンススタジオ アレイティ,Webサイト,https://studio-areiti.amebaownd.com/,200.0,OK,https://studio-areiti.amebaownd.com/,False,
Hidemi Dancing Vida,Webサイト,https://www.yh-dancev.com/,200.0,OK,https://www.yh-dancev.com/,False,
HIRAYAMA studio立石,Webサイト,https://hirayamastudio.com/tateishi.html,200.0,OK,https://hirayamastudio.com/tateishi.html,False,
HMVP大手町スタジオ,Webサイト,http://hmvp.net/,200.0,OK,https://hmvp.net/,True,
HOSHINOダンシングアカデミー,Webサイト,https://dancing-academy.com/,200.0,OK,https://dancing-academy.com/,False,
HuE スタジオ,Webサイト,https://huestudioo.com/,,CONNECTION_ERROR,,False,"CONNECTION_ERROR: HTTPSConnectionPool(host='huestudioo.com', port=443): Max retries exceeded with "
Hula Studio Huali,Webサイト,http://huali.venus.bindcloud.jp/,200.0,OK,http://huali.venus.bindcloud.jp/,False,
HYPERMIX門前仲町,Webサイト,https://hypermix.jp/,200.0,OK,https://hypermix.jp/,False,
I.G.Oスタジオ,Webサイト,http://igomusic.jp/,200.0,OK,https://igomusic.jp/,True,
ICHIBANGAI Dance Studio,Webサイト,http://www.studio1b.jp/,200.0,OK,http://www.studio1b.jp/,False,
"in the house / Nishiwaseda ""Street Dance Park""",Webサイト,http://inthehouse.tokyo/,200.0,OK,http://inthehouse.tokyo/,False,
ダンススクエア 葛西スタジオ,Webサイト,http://d-s-u-s.com/,200.0,OK,http://d-s-u-s.com/,False,
Infinity Gym チアダンス・チアリーディング,Webサイト,https://infinitygymsetagaya.com/,200.0,OK,https://infinitygymsetagaya.com/,False,
Irodori麻布十番,Webサイト,https://spaceirodori.com/,200.0,OK,https://spaceirodori.com/,False,
IS DANCE STUDIO,Webサイト,https://is-dance.net/,200.0,OK,https://is-dance.net/,False,
中村隆彦ダンススタジオ浅草千束,Webサイト,http://senzok.ntdance.site/,200.0,OK,https://senzok.ntdance.site,True,
J.K.キューブ101スタジオエチュード,Webサイト,https://www.studioasp.com/mdata/detail.aspx?i=13031,200.0,OK,https://www.studioasp.com/web/detail/13031,True,
J's,Webサイト,http://www.js-dance-studio.com/,200.0,OK,https://www.js-dance-studio.com/,True,
J’Z STUDIO 千歳烏山店,Webサイト,http://www.jz-studio.jp/,403.0,BLOCKED,http://www.jz-studio.jp/,False,
ミライスタジオ上野,Webサイト,https://studio-mirai55.com/,200.0,OK,https://studio-mirai55.com/,False,
ハセガワ　ダンスアカデミー,Webサイト,https://hasegawadance.com/,200.0,OK,https://hasegawadance.com/,False,
Jelly Jam Music&Dance Studio 府中,Webサイト,https://jellyjamstudio.com/,200.0,OK,https://jellyjamstudio.com/,False,
トゥモローダンスクラブ｜蔵前教室,Webサイト,http://tdc.ballroom.jp/,404.0,NOT_FOUND,http://tdc.ballroom.jp/,False,
JK Studio 赤羽橋,Webサイト,https://www.instabase.jp/space/8187721432,200.0,OK,https://www.instabase.jp/space/8187721432,False,
JOINT STUDO Harajuku,Webサイト,https://joint-harajuku.com/b1-studio/,404.0,NOT_FOUND,https://joint-harajuku.com/b1-studio/,False,
JOYFIT24 石川台,Webサイト,http://joyfit.jp/ishikawadai/?utm_source=google&utm_medium=maps&utm_campaign=gmb,200.0,OK,https://joyfit.jp/ishikawadai/?utm_source=google&utm_medium=maps&utm_campaign=gmb,True,
ＪＰスタジオ,Webサイト,http://jp-studio.net/,200.0,OK,http://jp-studio.net/,False,
K DANCE STUDIO 1024,Webサイト,https://k-dancestudio1024.com/,200.0,OK,https://k-dancestudio1024.com/,False,
アナログスタジオ,Webサイト,https://www.analog-st.com/,200.0,OK,https://www.analog-st.com/,False,
K-Dance Style【ケイ-ダンス スタイル】,Webサイト,https://k-dance-style.com/,200.0,OK,https://k-dance-style.com/,False,
K-POP、HIPHOPキッズダンススクール｜クレドダンススタジオ,Webサイト,https://cred-dance-studio.jp/,200.0,OK,https://cred-dance-studio.jp/,False,
K-Studio dance & music,Webサイト,https://k-studio-tokyo.com/,200.0,OK,https://k-studio-tokyo.com/,False,
K'sLinkStudio御徒町,Webサイト,https://kslink.jp/?page_id=1557,200.0,OK,https://kslink.jp/?page_id=1557,False,
K2studio,Webサイト,http://www.k2-studio.info/K2studio/,200.0,OK,http://www.k2-studio.info/K2studio/,False,
Ka Hula O Hawai?i,Webサイト,https://kahulaohawaii.com/,200.0,OK,https://kahulaohawaii.com/,False,
KAI Ballet Academy,Webサイト,https://kai-ballet-academy.amebaownd.com/,200.0,OK,https://kai-ballet-academy.amebaownd.com/,False,
KAJIWARA BALLET WORKS,Webサイト,https://www.kajiwara-ballet.com/,200.0,OK,https://www.kajiwara-ballet.com/,False,
KaQiLa～カキラ～スタジオ／株式会社キッズ・カンパニー,Webサイト,http://www.kaqila.com/,200.0,OK,https://www.kaqila.com/,True,
KBAバレエスタジオ御茶ノ水,Webサイト,https://ballet-kba.com/,200.0,OK,https://ballet-kba.com/,False,
スタジオ アーキタンツ architanz,Webサイト,http://a-tanz.com/,200.0,OK,https://a-tanz.com/,True,
KM Dance Arts,Webサイト,https://www.kmdancearts-ichigaya.com/,200.0,OK,https://www.kmdancearts-ichigaya.com/,False,
江戸川区キッズアクション,Webサイト,https://kidsactiontheater.com/,200.0,OK,https://www.kidsactiontheater.com/,True,
kokokara,Webサイト,https://www.tokyo-ballet.co.jp/,200.0,OK,https://www.tokyo-ballet.co.jp/,False,
ＫＳＣダンススタジオ,Webサイト,http://www.ksc-dance.com/,200.0,OK,http://www.ksc-dance.com/,False,
ＫＴスタジオ,Webサイト,http://ktdancestudio.blog.fc2.com/blog-entry-1.html?sp,200.0,OK,http://ktdancestudio.blog.fc2.com/blog-entry-1.html?sp,False,
SUMUZO STUDIO SHINBASHI,Webサイト,https://studio.sumuzo.info/,200.0,OK,https://studio.sumuzo.info/,False,
Lanikai Dance Studio,Webサイト,https://lanikai.tokyo/,200.0,OK,https://lanikai.tokyo/,False,
Las Danzas in Tokyo,Webサイト,https://las-danzas.com/,200.0,OK,https://las-danzas.com/,False,
Letmedanceダンススタジオ 橋本南口本校,Webサイト,https://letmedance.jp/,200.0,OK,https://letmedance.jp/,False,
LIGHT WORKS STUDIO,Webサイト,https://www.lightworks-studio.jp/,200.0,OK,https://www.lightworks-studio.jp/,False,
BUZZ レンタルスタジオ 上野店,Webサイト,http://buzz-st.com/ueno2/,404.0,NOT_FOUND,https://buzz-st.com/ueno2,True,
BUZZ LIVE 赤坂,Webサイト,https://buzz-st.com/live-akasaka,404.0,NOT_FOUND,https://buzz-st.com/live-akasaka,False,
LOICX DANCE STUDIO,Webサイト,http://www.loicx-girls.com/,200.0,OK,https://loicx-girls.com/,True,
ソニズレンタルスタジオ方南町店,Webサイト,https://sonysdance.com/studio/hounan-a,200.0,OK,https://sonysdance.com/studio/hounan-a,False,
ソニズレンタルスタジオ新中野鍋横第2店,Webサイト,https://sonysdance.com/studio/nabe2,200.0,OK,https://sonysdance.com/studio/nabe2,False,
スペーススタジオ - Fresh!Studio,Webサイト,http://freshspacestudio.site/,200.0,OK,https://www.freshspacestudio.site/,True,
ライトハウス神田,Webサイト,https://www.instabase.jp/space/7443145996,200.0,OK,https://www.instabase.jp/tokyo-s1131402-rentalspace,True,
東京音楽堂 日本橋 ピアノサロン,Webサイト,https://coubic.com/ongakudou/436052#pageContent,403.0,BLOCKED,https://ongakudou.stores.jp/reserve/ongakudou/436052#pageContent,True,
東京音楽堂 日本橋 ピアノホール,Webサイト,https://coubic.com/ongakudou/576226#pageContent,403.0,BLOCKED,https://ongakudou.stores.jp/reserve/ongakudou/576226#pageContent,True,
Dance studio LOOP,Webサイト,http://ds-loop.com/,200.0,OK,https://ds-loop.com/,True,
BUZZ YOKOHAMA,Webサイト,https://buzz-st.com/yokohama/,404.0,NOT_FOUND,https://buzz-st.com/yokohama,False,
M Ballet Studio,Webサイト,https://hachioji.mypl.net/shop/00000375439/,,CONNECTION_ERROR,,False,"CONNECTION_ERROR: HTTPSConnectionPool(host='hachioji.mypl.net', port=443): Max retries exceeded wi"
BUZZ レンタルスタジオ浦和店,Webサイト,https://buzz-st.com/urawa/,404.0,NOT_FOUND,https://buzz-st.com/urawa,False,
FEELCYCLE 六本木,Webサイト,https://www.feelcycle.com/studios/rpg/?utm_source=google&utm_medium=gbp&utm_content=RPG&utm_campaign=google_gbp_RPG,200.0,OK,https://www.feelcycle.com/studios/rpg/?utm_source=google&utm_medium=gbp&utm_content=RPG&utm_campaign=google_gbp_RPG,False,
ダンススタジオ・ポップコーン,Webサイト,http://www.studio-popcorn.jp/,200.0,OK,https://studio-popcorn.jp/,True,
Ｍ＆Ｓダンススタジオ,Webサイト,http://www.msc-dance.net/,200.0,OK,https://www.msc-dance.net/,True,
studio RADA,Webサイト,http://www.studiorada.com/,200.0,OK,https://studiorada.com/mt_new/top/index.php,True,
magari 中野坂上スタジオ,Webサイト,https://cafe-magari.com/,200.0,OK,https://cafe-magari.com/,False,
Mailani feel art studio,Webサイト,http://mailani-fas.co.jp/,200.0,OK,http://www.mailani-fas.co.jp/,True,
銀座スタジオ ルアン,Webサイト,https://rentalstudio.ruan.co.jp/,200.0,OK,https://rentalstudio.ruan.co.jp/,False,
Manohiva Japan,Webサイト,https://www.manohiva-japan.jp/,,CONNECTION_ERROR,,False,"CONNECTION_ERROR: HTTPSConnectionPool(host='www.manohiva-japan.jp', port=443): Max retries exceede"
MAR'ｓ DANCE SCHOOL,Webサイト,http://www.mars-ds.com/,200.0,OK,http://www.mars-ds.com/,False,
Studio GENIE,Webサイト,https://studio-genie.tokyo/,200.0,OK,https://studio-genie.tokyo/,False,
㈱インフォレント,Webサイト,https://studiosquare.jp/,200.0,OK,https://studiosquare.jp/,False,
Masaピラティススタジオ,Webサイト,https://coubic.com/masapilatesstudio,200.0,OK,https://coubic.com/masapilatesstudio,False,
Mazuka Dance Company,Webサイト,https://mazuka-studio.com/,200.0,OK,https://mazuka-studio.com/,False,
MCSpace,Webサイト,http://mcspace1.com/,200.0,OK,http://mcspace1.com/,False,
レンタルスタジオ新富町 ?Danzatakara. Studio?,Webサイト,https://www.instabase.jp/space/2165415368,202.0,OTHER,https://www.instabase.jp/space/2165415368,False,
mikaバレエスタジオ,Webサイト,http://mikaballetstudio.com/,200.0,OK,https://mikaballetstudio.com/,True,
ＭＩＫＩバレエスタジオ,Webサイト,https://miki-ballet.p-kit.com/,403.0,BLOCKED,https://miki-ballet.p-kit.com/,False,
Mita Dance Factory 芝スタジオ,Webサイト,https://peraichi.com/landing_pages/view/mitadancefactory,403.0,BLOCKED,https://peraichi.com/landing_pages/view/mitadancefactory,False,
MIZUE Ballet School,Webサイト,https://sites.google.com/site/mizueballet/,200.0,OK,https://sites.google.com/site/mizueballet/,False,
MKH dance fit studio,Webサイト,https://www.mkhdancefitstudio.com/,200.0,OK,https://www.mkhdancefitstudio.com/,False,
Musa studio《自由が丘レンタルスタジオ》,Webサイト,https://ja-jp.facebook.com/musastudio/,400.0,OTHER,https://ja-jp.facebook.com/musastudio/,False,
スタジオマーティ / STUDIO marty 銀座出張所,Webサイト,https://www.studiomarty.co.jp/tokyo-mitakeio/,200.0,OK,https://www.studiomarty.co.jp/tokyo-mitakeio/,False,
Music Lounge J SHIMOIGUSA,Webサイト,https://j-shimoigusa.jp/,200.0,OK,https://j-shimoigusa.jp/,False,
MUSIC NEST音楽スタジオ,Webサイト,https://owlwingrecord.net/music-nest/,200.0,OK,https://owlwingrecord.net/music-nest/,False,
Muuta Dance Studio,Webサイト,https://muuta-dance.net/,200.0,OK,https://muuta-dance.net/,False,
NANSO STUDIO,Webサイト,https://nansome.me/gym/,,CONNECTION_ERROR,,False,"CONNECTION_ERROR: HTTPSConnectionPool(host='nansocamp.comgymhttps', port=443): Max retries exceede"
FINEDAY浜松町,Webサイト,https://www.finedayrental.com/,200.0,OK,https://www.finedayrental.com/,False,
NARASE MUSIC ACADEMY吉祥寺校,Webサイト,https://narase.jp/,200.0,OK,https://narase.jp/,False,
Nari Gym (ナリジム),Webサイト,https://beauty.hotpepper.jp/kr/slnH000588196/,200.0,OK,https://beauty.hotpepper.jp/kr/slnH000588196/,False,
NATURAglam 経堂スタジオ,Webサイト,https://www.naturaglam.com/kyodo/,200.0,OK,https://www.naturaglam.com/kyodo/,False,
NATURAglam 高円寺スタジオ,Webサイト,http://www.naturaglam.com/koenji/,200.0,OK,https://www.naturaglam.com/koenji/,True,
neu 168 Dance Studio,Webサイト,https://neu168.com/,,CONNECTION_ERROR,,False,"CONNECTION_ERROR: HTTPSConnectionPool(host='neu168.com', port=443): Max retries exceeded with url:"
New York yuka's Dance Center,Webサイト,http://www.t-nydc.jp/,200.0,OK,https://t-nydc.jp/,True,
NML dance studio,Webサイト,http://nmldancestudio.com/,200.0,OK,https://www.expiredwixdomain.com/?redirectedFor=nmldancestudio.com,True,
NML dance studioふじみ野校,Webサイト,https://www.nmldancestudio.com/,,CONNECTION_ERROR,,False,"CONNECTION_ERROR: HTTPSConnectionPool(host='www.nmldancestudio.com', port=443): Max retries exceed"
NOA バレエスクール自由が丘校,Webサイト,https://www.noaballet.jp/,200.0,OK,https://www.noaballet.jp/,False,
NOAダンスアカデミー 吉祥寺ANNEX校,Webサイト,https://www.noadance.com/kichijoji2/,200.0,OK,https://www.noadance.com/kichijoji-annex/,True,
NOAダンスアカデミー 駒沢校,Webサイト,https://www.noadance.com/,200.0,OK,https://www.noadance.com/,False,
NOAダンスアカデミー 原宿校,Webサイト,https://www.noadance.com/harajuku/,200.0,OK,https://www.noadance.com/harajuku/,False,
NOAダンスアカデミー 新宿本校,Webサイト,http://www.noadance.com/,200.0,OK,https://www.noadance.com/,True,
NOAダンスアカデミー 池袋校,Webサイト,https://www.noadance.com/ikebukuro/,200.0,OK,https://www.noadance.com/ikebukuro/,False,
NOAダンス教室 吉祥寺アネックス校,Webサイト,https://www.noadance.jp/kichijoji2/,200.0,OK,https://www.noadance.jp/kichijoji-annex/,True,
NOAダンス教室 銀座校,Webサイト,https://www.noadance.jp/,200.0,OK,https://www.noadance.jp/,False,
NOAダンス教室 原宿校,Webサイト,https://www.noadance.jp/harajuku/,200.0,OK,https://www.noadance.jp/harajuku/,False,
NOAダンス教室 中野校,Webサイト,https://www.noadance.jp/nakano/,200.0,OK,https://www.noadance.jp/nakano/,False,
NOAダンス教室 都立大校,Webサイト,http://www.noadance.jp/,200.0,OK,https://www.noadance.jp/,True,
NOAバレエスクール 池袋,Webサイト,https://www.noaballet.jp/store/ikebukuro/,200.0,OK,https://www.noaballet.jp/store/ikebukuro/,False,
NOAバレエスクール 都立大校,Webサイト,http://www.noaballet.jp/,200.0,OK,https://www.noaballet.jp/,True,
NSH MAJOR RENTAL STUDIO,Webサイト,https://studiomajor.jp/,403.0,BLOCKED,https://studiomajor.jp/,False,
ＯＤＦ 大治レンタルダンスフロア,Webサイト,https://www.go-odf.com/,200.0,OK,https://www.go-odf.com/,False,
okayレンタルスタジオ(ダンス、楽器練習スタジオ),Webサイト,https://sites.google.com/view/okayrental,200.0,OK,https://sites.google.com/view/okayrental,False,
OKUTAMA＋,Webサイト,https://okutamaplus.com/,200.0,OK,https://okutamaplus.com/,False,
OnePlace Dance Studio,Webサイト,https://one-place-llc.wixsite.com/oneplace,200.0,OK,https://one-place-llc.wixsite.com/oneplace,False,
ENJOINT DANCE CLUB中目黒,Webサイト,https://www.enjoint.tokyo/,200.0,OK,https://www.enjoint.tokyo/,False,
Pole and Aerial Studio POLISH中目黒,Webサイト,https://www.polish-415.com/,200.0,OK,https://www.polish-415.com/,False,
PLUS DANCE STUDIO,Webサイト,http://plus-dance-studio.com/,200.0,OK,https://plus-dance-studio.com/,True,
Pole and Aerial Studio POLISH六本木,Webサイト,http://www.polish-415.com/,200.0,OK,https://www.polish-415.com/,True,
Pole Dance Tokyo ポールダンス東京,Webサイト,http://www.poledancetokyo.com/,200.0,OK,http://poledancetokyo.com/,True,
STUDIO A1-04（レンタルスタジオ）,Webサイト,https://www.studioa1-04.com/,,CONNECTION_ERROR,,False,"CONNECTION_ERROR: HTTPSConnectionPool(host='www.studioa1-04.com', port=443): Max retries exceeded "
谷淑江スペイン舞踊スタジオ DANZARTE（ダンサルテ）,Webサイト,http://www.danzarte.xyz/,200.0,OK,https://www.danzarte.xyz/,True,
Brighton Studio Daikanyama,Webサイト,https://www.projectofbrighton.com/,200.0,OK,https://www.projectofbrighton.com/,False,
TEDDY?S BALANCE,Webサイト,https://ted-balance.com/,521.0,OTHER,https://ted-balance.com/,False,
スタジオ白猫屋 経堂R店,Webサイト,https://soyokaze-shironekoya.jp/kyodor.html,200.0,OK,https://soyokaze-shironekoya.jp/kyodor.html,False,
RAISE UP STUDIO 自由が丘 レンタルスタジオ,Webサイト,http://www.raiseup-studio.com/,200.0,OK,https://www.raiseup-studio.com/,True,
RE:STUDIO body&life,Webサイト,https://www.re-studio-bodylife.com/?utm_source=google&utm_medium=wix_google_business_profile&utm_campaign=8724145320600633228,200.0,OK,https://www.re-studio-bodylife.com/?utm_source=google&utm_medium=wix_google_business_profile&utm_campaign=8724145320600633228,False,
REDEIC DANCE STUDIO,Webサイト,http://redeic.info/,200.0,OK,http://redeic.info/,False,
レンタルスタジオ スタジオザルツ,Webサイト,https://studio-salz.com/chitokara/,200.0,OK,https://studio-salz.com/chitokara/,False,
Refinement リファインメント PBT専門スタジオ,Webサイト,https://www.refinement.jp/?utm_source=google&utm_medium=wix_google_business_profile&utm_campaign=1677915365642956517,,CONNECTION_ERROR,,False,"CONNECTION_ERROR: HTTPSConnectionPool(host='www.refinement.jp', port=443): Max retries exceeded wi"
Rei Dance Collection 駅前校,Webサイト,http://www.rei-dance.com/,200.0,OK,https://www.rei-dance.com/shibuya,True,
rjspace外苑前駅4番出口,Webサイト,http://rjspace.com/,200.0,OK,http://rjspace.com/,False,
レンタルスタジオSunny 高田馬場1号店,Webサイト,https://11dance.com/,200.0,OK,https://11dance.com/,False,
RHYTHM STEP (幼児ダンス、キッズヒップホップダンス、レンタル),Webサイト,https://rhythmstep.amebaownd.com/,200.0,OK,https://rhythmstep.amebaownd.com/,False,
リアン 高田馬場スタジオ道順,Webサイト,http://2nd-street.biz/,200.0,OK,https://2nd-street.biz/,True,
Rinky Dink Studio お茶の水 神保町店,Webサイト,https://rinky.info/studio/ochanomizu/,200.0,OK,https://rinky.info/studio/ochanomizu/,False,
Rinky Dink Studio 中野店,Webサイト,https://rinky.info/studio/nakano/,200.0,OK,https://rinky.info/studio/nakano/,False,
Rinky Dink Studio 梅ヶ丘,Webサイト,https://rinky.info/studio/umegaoka/,200.0,OK,https://rinky.info/studio/umegaoka/,False,
ヨガスタジオ Peace of Mind,Webサイト,http://www.peaceofmind.tokyo/,200.0,OK,https://www.peaceofmind.tokyo/,True,
Risley八王子店,Webサイト,https://hachioji-risley.space/,200.0,OK,https://hachioji-risley.space/,False,
ROJIスタジオStudioStyle+,Webサイト,https://studiostyle.jp/roji-studio-b/,200.0,OK,https://studiostyle.jp/roji-studio-b/,False,
RSC MASAMI STUDIO,Webサイト,http://www.masamistudio.com/,200.0,OK,http://www.masamistudio.com/,False,
Ryo Dance Studio,Webサイト,http://dancer-ryo.com/,200.0,OK,https://www.dancer-ryo.com/,True,
S.O.L.A.studio&bodyworks,Webサイト,http://www.sola-studio.com/,200.0,OK,https://www.sola-studio.com/,True,
BUZZ 高田馬場2丁目,Webサイト,https://buzz-st.com/takadanobaba2,404.0,NOT_FOUND,https://buzz-st.com/takadanobaba2,False,
Sanitas（サニタス）六本木 貸切ジム＆ピラティス/ヨガスタジオ,Webサイト,https://sanitas-gym.jp/,200.0,OK,https://www.sanitas-gym.jp/,True,
SATOトータルダンススクール,Webサイト,https://satototaldance.com/,200.0,OK,https://www.satototaldance.com/,True,
ＳＧ ＳＴＵＤＩＯ,Webサイト,https://www.izsound.jp/SG/index.html,200.0,OK,https://www.izsound.jp/SG/index.html,False,
SHAKE DANCE STUDIO 橋本校,Webサイト,http://www.studio-shake.com/,200.0,OK,https://studio-shake.com/,True,
BUZZ レンタルスタジオ 西国分寺店,Webサイト,https://buzz-st.com/nishikokubunji/,404.0,NOT_FOUND,https://buzz-st.com/nishikokubunji,False,
レンタルスタジオ 国立リノ,Webサイト,http://kunitachi-lino.linovery.com/,200.0,OK,http://kunitachi-lino.linovery.com/,False,
エコール・ド・バレエ・エタンセル,Webサイト,https://etincelle-ballet.com/,200.0,OK,https://etincelle-ballet.com/,False,
STUDIO CHACHA,Webサイト,https://jco1b.hp.peraichi.com/,404.0,NOT_FOUND,https://jco1b.hp.peraichi.com/,False,
SIM STUDIO 西新井,Webサイト,https://www.sim-nishiarai.com/,200.0,OK,https://www.sim-nishiarai.com/,False,
SIM STUDIOお台場,Webサイト,https://www.sim-odaiba.com/,200.0,OK,https://www.sim-odaiba.com/,False,
SK,Webサイト,http://www.sk-dancestudio.com/,200.0,OK,https://www.sk-dancestudio.com/,True,
カルチャースタジオ花,Webサイト,https://www.kodaira-net.jp/kd1134338/,200.0,OK,https://www.kodaira-net.jp/kd1134338/,False,
SK.DANCE STUDIO 赤羽 チアダンススタジオ,Webサイト,https://sk-dancestudio.themedia.jp/,200.0,OK,https://sk-dancestudio.themedia.jp/,False,
SKYレンタルダンススタジオ,Webサイト,https://nakazakicho.skyspace.jp/,200.0,OK,https://nakazakicho.skyspace.jp/,False,
SORAスタジオ3,Webサイト,https://os-rental.com/,200.0,OK,https://os-rental.com/,False,
BUZZ レンタルスタジオ 国分寺店,Webサイト,https://buzz-st.com/kokubunji/,404.0,NOT_FOUND,https://buzz-st.com/kokubunji,False,
レンタルスタジオクラッセ国分寺,Webサイト,https://studio-classe.jp/,200.0,OK,https://studio-classe.jp/,False,
sound studio PACKS 北千住店,Webサイト,http://studio-packs.jp/,200.0,OK,https://www.studio-packs.jp/,True,
SOUTH MINT STUDIO 南青山,Webサイト,https://southmint.jp/,200.0,OK,https://southmint.jp/,False,
SoyLatte STUDIO,Webサイト,https://soylatte-studio.net/,200.0,OK,https://soylatte-studio.net/,False,
SPACE BUNNY,Webサイト,http://asaka-dc.com/,200.0,OK,https://asaka-dc.com/,True,
SPROUT DANCE STUDIO 梅田店,Webサイト,https://www.sprout-dance.com/,200.0,OK,https://www.sprout-dance.com/,False,
sr pilates studio 代々木公園,Webサイト,https://coubic.com/srpilates/613653,403.0,BLOCKED,https://srpilates.stores.jp/reserve/srpilates/613653,True,
Starnite Dance Studio,Webサイト,https://www.starnite-danceschool.com/,200.0,OK,https://www.starnite-danceschool.com/,False,
STRADA STUDIO,Webサイト,https://stradastudio1.wixsite.com/strada,200.0,OK,https://stradastudio1.wixsite.com/strada,False,
studio ∞ Fi (スタジオ フィー),Webサイト,https://www.studio-fi-dance.com/,200.0,OK,https://www.studio-fi-dance.com/,False,
25 DANCE SPOT(ニコスポ),Webサイト,https://nimonoinc.com/25dancespot,200.0,OK,https://nimonoinc.com/25dancespot,False,
studio 001,Webサイト,http://studionavi.jp/sites/detail_contact/128,,CONNECTION_ERROR,,False,"CONNECTION_ERROR: HTTPConnectionPool(host='studionavi.jp', port=80): Max retries exceeded with url"
studio arty 高田馬場,Webサイト,https://studio-arty.com/,200.0,OK,https://studio-arty.com/,False,
Studio B,Webサイト,http://www.photo-studiob.com/,200.0,OK,https://www.photo-studiob.com/,True,
Studio ballet with...,Webサイト,https://balletwithyou.com/,200.0,OK,https://balletwithyou.com/,False,
Studio BLANZ,Webサイト,http://studioblanz.wix.com/blanz,404.0,NOT_FOUND,https://studioblanz.wix.com:443/blanz,True,
STUDIO BUZZ 相模原校,Webサイト,http://buzz-st.com/sagamihara/,404.0,NOT_FOUND,https://buzz-st.com/sagamihara,True,
桜新町studio,Webサイト,https://www.instabase.jp/space/2094,202.0,OTHER,https://www.instabase.jp/space/2094,False,
STUDIO COCORO（スタジオココロ）- 新宿代々木のレンタルスペース&ダンススタジオ - 数々のイベントやメディアに出演,Webサイト,http://studio-cocoro.tokyo/,200.0,OK,https://studio-cocoro.tokyo/,True,
duobus studio｜デュオバススタジオ,Webサイト,https://duobus.jp/studiorental/,404.0,NOT_FOUND,https://duobus.jp/studiorental/,False,
Studio Crucial スタジオ クルーシャル,Webサイト,https://studio-crucial.com/,200.0,OK,https://studio-crucial.com/,False,
STUDIO DANCE ALIVE 河原町本校,Webサイト,http://www.dance-alive.com/,200.0,OK,https://www.dance-alive.com/,True,
Studio EFU（スタジオ エフ）,Webサイト,http://www.studio-efu.com/,200.0,OK,https://www.studio-efu.com/,True,
STUDIO ELEVATE スタジオエレベート,Webサイト,https://studioelevate.amebaownd.com/,200.0,OK,https://studioelevate.amebaownd.com/,False,
STUDIO ENOCH,Webサイト,https://studio-enoch.jp/,200.0,OK,https://www.studio-enoch.jp/,True,
Studio ENTRADA森下ANNEX,Webサイト,https://www.studio-entrada.com/,200.0,OK,https://www.studio-entrada.com/,False,
Studio Face東十条店 ダンスも会議もできるレンタルスタジオ,Webサイト,https://studioface0712.com/,200.0,OK,https://studioface0712.com/,False,
Studio Faith（スタジオフェイス）浦安校,Webサイト,http://www.s-faith.com/urayasu/,200.0,OK,https://www.s-faith.com/urayasu/,True,
SISTERS TOKYO 立川校 【ダンススクール】,Webサイト,https://sisters-t.com/,200.0,OK,https://sisters-t.com/,False,
studio FANTO,Webサイト,https://www.fanto.studio/,200.0,OK,https://www.fanto.studio/,False,
STUDIO FOXTAIL,Webサイト,https://28garden-studio.com/studio/foxtail/,200.0,OK,https://www.garden-studio.com/studio/foxtail_ast/,True,
studio fusion レンタルスタジオ,Webサイト,https://ks-works-fusion-studio-tokyo.com/,200.0,OK,https://ks-works-fusion-studio-tokyo.com/,False,
STUDIO GEM GARAGE,Webサイト,http://gemgarage.jp/,200.0,OK,https://gemgarage.jp/,True,
Studio growpoint,Webサイト,http://www.studiogrowpoint.jp/pages/787702/page_201701061209,200.0,OK,https://www.studiogrowpoint.jp/pages/787702/page_201701061209,True,
Studio H,Webサイト,http://studioh.tokyo/,200.0,OK,http://studioh.tokyo/,False,
ヒカリババダンスカンパニー,Webサイト,https://hikaribaba.com/,200.0,OK,https://hikaribaba.com/,False,
アトリエ エマーブル,Webサイト,https://www.atelieraimable.com/,200.0,OK,https://www.atelieraimable.com/,False,
スタジオグロウ市ヶ谷店,Webサイト,https://www.tokyo-dancelife.com/studio/kantou/tokyo/shinjuku/glow_ichigaya.html,200.0,OK,https://www.tokyo-dancelife.com/studio/kantou/tokyo/shinjuku/glow_ichigaya.html,False,
レンタルスタジオ モエギ市ヶ谷 ヨガダンスストレッチサロン Moegi市ヶ谷,Webサイト,https://upnow.jp/fukufuku-meetingroom,200.0,OK,https://upnow.jp/fukufuku-meetingroom,False,
STUDIO KIRINJI,Webサイト,http://kirinji.sakura.ne.jp/studio/,200.0,OK,https://kirinji.sakura.ne.jp/studio/,True,
sr pilates studio 四谷,Webサイト,https://coubic.com/srpilates/479980,403.0,BLOCKED,https://srpilates.stores.jp/reserve/srpilates/479980,True,
Studio sun and moon,Webサイト,http://www.sunandmoon.tokyo.jp/index.html,200.0,OK,http://www.sunandmoon.tokyo.jp/index.html,False,
STUDIO KYU,Webサイト,https://select-type.com/p/studio-kyu_0301/,200.0,OK,https://select-type.com/p/studio-kyu_0301/,False,
Studio Landin' 国分寺校,Webサイト,http://www.namelessproduction.com/,200.0,OK,http://www.namelessproduction.com/,False,
Studio Leaf,Webサイト,http://www.studioleaf.co/,200.0,OK,https://www.studioleaf.co/,True,
Studio Liberty,Webサイト,https://spacemarket.com/p/IhqvvJWNv9WY8BJK,200.0,OK,https://www.spacemarket.com/spaces/studioliberty/?promotion_link=true,True,
琉球スタジオCanDokoro,Webサイト,https://candokoro.com/,200.0,OK,https://candokoro.com/,False,
Studio LIBRE（スタジオ リーブル）,Webサイト,https://www.studio-libre.com/,200.0,OK,https://www.studio-libre.com/,False,
STUDIO LIKEMAD,Webサイト,https://www.studiolikemad.tokyo/,200.0,OK,https://www.studiolikemad.tokyo/,False,
Studio LL MUSIC（スタジオエルエルミュージック）,Webサイト,http://ll-music.com/studio/,200.0,OK,https://ll-music.com/studio/,True,
studio LOOP,Webサイト,http://studio-loop.jp/,200.0,OK,https://studio-loop.jp/,True,
STUDIO ONEWAY TOKYO,Webサイト,https://www.studio-oneway.tokyo/,200.0,OK,https://www.studio-oneway.tokyo/,False,
studio opus-スタジオ オープス-,Webサイト,http://www.studio-opus.jp/,200.0,OK,https://www.studio-opus.jp/,True,
STUDIO POLISH（スタジオポリッシュ）,Webサイト,http://www.studio-polish.com/,200.0,OK,http://www.studio-polish.com/,False,
STUDIO PRIME 若葉校,Webサイト,http://www.primestudio-yl.com/,,CONNECTION_ERROR,,False,"CONNECTION_ERROR: HTTPConnectionPool(host='www.primestudio-yl.com', port=80): Max retries exceeded"
Studio R 六本木ヒルズ店,Webサイト,https://www.studio-ryo.net/,200.0,OK,https://www.studio-ryo.net/,False,
スタジオ五軒町,Webサイト,https://studio-gokencho.com/,200.0,OK,https://studio-gokencho.com/,False,
Studio ROZE (スタジオロゼ） レンタルスタジオ ヨガスタジオ 整体サロン 池袋 安い,Webサイト,https://www.instabase.jp/space/9053717528,200.0,OK,https://www.instabase.jp/space/9053717528,False,
studio SHEEP（スタジオシープ）,Webサイト,https://studio-sheep.com/,200.0,OK,https://studio-sheep.com/,False,
多摩スタジオ,Webサイト,https://rentalstama.wixsite.com/tamastudio,200.0,OK,https://rentalstama.wixsite.com/tamastudio,False,
STUDIO SPACE COREDO NOGIZAKA｜スタジオスペース コレド 乃木坂,Webサイト,https://studio-space-coredo.business.site/,404.0,NOT_FOUND,https://studio-space-coredo.business.site/,False,
STUDIO SPACE N 二子新地校,Webサイト,http://space-n.jp/,200.0,OK,https://space-n.jp/,True,
STUDIO TRON,Webサイト,http://studiotron.jp/,200.0,OK,https://studiotron.jp/,True,
アテール明大前第１スタジオ（レンタルスタジオTerritory M ）,Webサイト,https://a-terre.com/territorym/,200.0,OK,https://a-terre.com/territorym/,False,
studio WILDKIDS 亀戸駅前校 SOLstudio,Webサイト,https://www.studio-wildkids.com/,200.0,OK,https://www.studio-wildkids.com/,False,
studio worcle okubo,Webサイト,https://www.studioworcle.com/okubo/,200.0,OK,https://www.studioworcle.com/okubo/,False,
studio worcle shibuya,Webサイト,https://www.studioworcle.com/,200.0,OK,https://www.studioworcle.com/,False,
studio worcle shinjuku,Webサイト,https://www.studioworcle.com/shinjuku/,200.0,OK,https://www.studioworcle.com/shinjuku/,False,
studio worcle shinjuku-gyoen,Webサイト,http://www.studioworcle.com/gyoen/,200.0,OK,http://www.studioworcle.com/gyoen/,False,
studio worcle yoyogi,Webサイト,https://www.studioworcle.com/yoyogi/,200.0,OK,https://www.studioworcle.com/yoyogi/,False,
studio worcle 池袋店,Webサイト,http://www.studioworcle.com/ikebukuro,200.0,OK,http://www.studioworcle.com/ikebukuro/,False,
studio_MINT 錦糸町,Webサイト,https://eaglet01.com/,200.0,OK,https://eaglet01.com/,False,
ダンススタジオR 小杉レンタルスタジオ,Webサイト,https://bit.ly/3a143ph,410.0,NOT_FOUND,https://www.supersaas.jp/schedule/dancestudioR/Kosugi,True,
STUDIO+DINING TREE,Webサイト,https://edogawa.mypl.net/shop/00000370544/,200.0,OK,https://edogawa.mypl.net/shop/00000370544/,False,
STUDIO101,Webサイト,http://www.101violins.com/,200.0,OK,https://www.101violins.com/,True,
studio3,Webサイト,http://www.studio3.jp/,200.0,OK,https://www.studio3.jp/,True,
studio501,Webサイト,http://studio.5project.co.jp/,200.0,OK,http://studio.5project.co.jp/,False,
STUDIOFLAG高田馬場2号店,Webサイト,https://studioflaginfo.com/,200.0,OK,https://studioflaginfo.com/,False,
StudioNEXUS石神井校,Webサイト,https://nfc-dance.com/,200.0,OK,https://nfc-dance.com/,False,
渋谷のレンタルスタジオ ユニアス,Webサイト,https://unius.studio/,200.0,OK,https://unius.studio/,False,
Studioonda大久保,Webサイト,https://studioonda.com/,200.0,OK,https://studioonda.com/,False,
StudioOnda東中野 Ondabuilding,Webサイト,https://ondacompany.com/,200.0,OK,https://ondacompany.com/,False,
STUDIOピア Pia31 ベイサイド,Webサイト,https://www.studio-pia.com/,200.0,OK,https://www.studio-pia.com/,False,
STUDIOフェーム,Webサイト,http://www.fame-company.com/,,CONNECTION_ERROR,,False,"CONNECTION_ERROR: HTTPConnectionPool(host='www.fame-company.com', port=80): Max retries exceeded w"
Sweet Fairy バレエスタジオ,Webサイト,https://www.sweet-fairy-ballet.com/,200.0,OK,https://sweetfairy-ballet.com/,True,
swing swing,Webサイト,https://swingswing.roofin.jp/,200.0,OK,https://swingswing.roofin.jp/,False,
SWITCH STAND ODAIBA,Webサイト,https://switch-stand.com/odaiba/,200.0,OK,https://switch-stand.com/odaiba/,False,
Tap Dance Company Freiheit,Webサイト,https://www.tdc-freiheit.com/,200.0,OK,https://www.tdc-freiheit.com/,False,
FLASHスタジオ,Webサイト,https://www.flash-studio.tokyo/,200.0,OK,https://www.flash-studio.tokyo/,False,
Tap&Soul,Webサイト,https://tapandsoul.weebly.com/,200.0,OK,https://tapandsoul.weebly.com/,False,
TBY-studio,Webサイト,http://tby-studio.com/,200.0,OK,https://tby-studio.com/,True,
TERAKOYA studio,Webサイト,https://www.terakoyastudio.com/,200.0,OK,https://www.terakoyastudio.com/,False,
THビル貸し会議室 レンタルスタジオ,Webサイト,https://sinjukuth.jimdofree.com/,200.0,OK,https://sinjukuth.jimdofree.com/,False,
TKO DANCE STUDIO(TKOダンススタジオ),Webサイト,http://tkodancestudio.com/,200.0,OK,http://tkodancestudio.com/,False,
TKPスター貸会議室 東京タワー通り,Webサイト,https://www.kashikaigishitsu.net/facilitys/st-tokyotowerdori/?utm_source=google&utm_medium=maps&utm_campaign=gmb,200.0,OK,https://www.kashikaigishitsu.net/facilitys/st-tokyotowerdori/?utm_source=google&utm_medium=maps&utm_campaign=gmb,False,
TOHNO DANCE STUDIO,Webサイト,http://tohno-dancestudio.com/,200.0,OK,https://tohno-dancestudio.com/,True,
TOKYO GATE STUDIO 東京ゲートスタジオ レンタルスタジオ,Webサイト,https://shinagawa.studiosquare.jp/,200.0,OK,https://shinagawa.studiosquare.jp/,False,
ＴＲＢタップダンススタジオ,Webサイト,http://trbtap.com/,200.0,OK,https://sites.google.com/view/trbtapdance,True,
すむぞうスタジオ 渋谷公園通りスタジオPINK&BLUE(ピンクアンドブルー),Webサイト,https://studio.sumuzo.info/studio/koendoriblue/,404.0,NOT_FOUND,https://studio.sumuzo.info/studio/koendoriblue/,False,
TRINITY DANCE CENTER桜上水校,Webサイト,https://tdc-kids.com/,200.0,OK,https://tdc-kids.com/,False,
Tダンスプロダクション,Webサイト,https://dancespacefunabori.com/,200.0,OK,https://dancespacefunabori.com/,False,
U210 【立川レンタルダンススタジオ】,Webサイト,https://www.studiou210.com/,200.0,OK,https://www.studiou210.com/,False,
UBクリエイティブベース,Webサイト,https://www.ubcb.jp/,200.0,OK,https://ubcb.jp/,True,
VERONICA FIT,Webサイト,https://veronicafit.tokyo/,403.0,BLOCKED,https://veronicafit.tokyo/,False,
BUZZ渋谷MARKCITY,Webサイト,https://buzz-st.com/shibuya4,404.0,NOT_FOUND,https://buzz-st.com/shibuya4,False,
World of Dance Studios Tokyo,Webサイト,https://wod-studio.tokyo/?utm_source=google&utm_medium=maps&utm_id=googlemybusiness,200.0,OK,https://wod-studio.tokyo/?utm_source=google&utm_medium=maps&utm_id=googlemybusiness,False,
Y'sホール三鷹,Webサイト,https://yshall-mitaka.jp/,200.0,OK,https://yshall-mitaka.jp/,False,
ＹＡＲＩＴＡＹＵ‐ＢＡＬＬＥＴ・ＳＴＵＤＩＯ,Webサイト,http://yaritayu-balletstudio.com/yy/,404.0,NOT_FOUND,https://yaritayu-balletstudio.com/yy/,True,
YBS Yukino Ballet Studio,Webサイト,https://yukino-ballet-studio.com/,200.0,OK,https://yukino-ballet-studio.com/,False,
YKAダンススタジオ(横浜のK-POPダンススクール),Webサイト,https://yka-dance.com/,200.0,OK,https://yka-dance.com/,False,
YOKOTA BASE STUDIO,Webサイト,https://yokotabasestudio.com/,200.0,OK,https://yokotabasestudio.com/,False,
YR CLUB HOUSE 国領店,Webサイト,http://yrch.jp/,200.0,OK,https://yrch.jp/,True,
Z-RAHZ DANCE STUDIO,Webサイト,http://studio.z-rahz.com/,200.0,OK,https://www.z-rahz.com/,True,
ZITA アルゼンチンタンゴ,Webサイト,https://www.laestacion.jp/,200.0,OK,https://www.laestacion.jp/,False,
Zsa Zsa Zsu Dance Studio ザザズ,Webサイト,https://zsazsazsu-studio.com/,200.0,OK,https://zsazsazsu-studio.com/,False,
アートクリエイションスタジオ,Webサイト,http://acs-ikuta.com/,,CONNECTION_ERROR,,False,"CONNECTION_ERROR: HTTPConnectionPool(host='acs-ikuta.com', port=80): Max retries exceeded with url"
アートスタジオバレエ,Webサイト,http://art-studio-ballet.jp/,200.0,OK,http://www.art-studio-ballet.jp/,True,
あいしまバレエスクール,Webサイト,http://aishima-ballet.com/,200.0,OK,https://www.aishima-ballet.com/,True,
アイスタジオ,Webサイト,http://www.iistudio.jp/,200.0,OK,https://iistudio.jp/,True,
あおちゃんダンスコミュニケーション サルサダンス ブラジルダンス 認知症予防ダンス,Webサイト,https://danceclub.jp/,200.0,OK,https://danceclub.jp/,False,
アカペラスタジオ ベースオントップ吉祥寺店,Webサイト,https://bassontop.tokyo.jp/a-cappella_kichijoji/,200.0,OK,https://www.bassontop.co.jp/a-cappella/kichijoji/,True,
アカペラスタジオベースオントップ池袋東口店,Webサイト,https://bassontop.tokyo.jp/a-cappella_ikebukurohigashi/,200.0,OK,https://www.bassontop.co.jp/a-cappella/ikebukurohigashi/,True,
アクセ・スタジオ,Webサイト,http://accestudio.com/,200.0,OK,http://accestudio.com/,False,
アックミーエアリアルスタジオ ACME AERIAL STUDIO 36,Webサイト,https://www.acmejapan54.com/,200.0,OK,https://www.acmejapan54.com/,False,
アトリエ ベラーノ,Webサイト,http://verano.tokyo/,200.0,OK,http://verano.tokyo/,False,
アミューゼダンススポーツクラブ,Webサイト,https://amuserdance.com/,200.0,OK,https://amuserdance.com/,False,
アメリカンスタイル専門の社交ダンスサークル 【Sunday Dance Cafe】,Webサイト,https://sundaydancecafe.hp.peraichi.com/,403.0,BLOCKED,https://sundaydancecafe.hp.peraichi.com/,False,
あやこバレエスタジオ,Webサイト,http://ayako-ballet-studio.tokyo/,200.0,OK,http://ayako-ballet-studio.tokyo/,False,
アリスト バレエスタジオ,Webサイト,https://aristoballetstudio.com/,200.0,OK,https://aristoballetstudio.com/,False,
レンタルスタジオ三ノ輪,Webサイト,http://rental.studio-minowa.com/,200.0,OK,http://rental.studio-minowa.com/,False,
レンタルスタジオODORU,Webサイト,https://odorudance.jp/,200.0,OK,https://odorudance.jp/,False,
アルゼンチンタンゴ・ダンス チケ,Webサイト,https://tangochique.com/,200.0,OK,https://tangochique.com/,False,
アルゼンチンタンゴ協会,Webサイト,http://tangokyoukai.com/,200.0,OK,https://www.tangokyoukai.com/,True,
ムーンプレイス レンタルスタジオ蔵前,Webサイト,https://dance-pavillion-74.business.site/?utm_source=gmb&utm_medium=referral,404.0,NOT_FOUND,https://dance-pavillion-74.business.site/?utm_source=gmb&utm_medium=referral,False,
アルファビデオレンタルスタジオ,Webサイト,https://www.alphavideo.co.jp/service/studio/,200.0,OK,https://www.alphavideo.co.jp/service/studio/,False,
スタジオブライト｜レンタル撮影スタジオ（完全予約制）,Webサイト,https://studiobright.co.jp/,200.0,OK,https://studiobright.co.jp/,False,
アロハホヌアフラスタジオ&レンタルスタジオ経堂,Webサイト,https://alohahonua.net/,200.0,OK,https://alohahonua.net/,False,
スタジオHIKARI 上野,Webサイト,https://hikari-studio.net/ueno/,200.0,OK,https://hikari-studio.net/ueno/,False,
イシカワヒロユキダンススタジオ,Webサイト,https://ishi-hiro-d-s.com/,200.0,OK,https://ishi-hiro-d-s.com/,False,
LIBRA SQUARE 三ノ輪スタジオ,Webサイト,http://liberus-grp.com/studio/,200.0,OK,http://liberus-grp.com/studio/,False,
ウスイダンススクール,Webサイト,https://usui-dance.com/,200.0,OK,https://usui-dance.com/,False,
ウチノダンススタジオ,Webサイト,http://www.danceview.co.jp/feature/0904_07.html,404.0,NOT_FOUND,https://www.danceview.co.jp/feature/0904_07.html,True,
スタジオジパング大久保,Webサイト,https://studiozipang.com/okubo-standard/,200.0,OK,https://studiozipang.com/okubo-standard/,False,
折橋恵子フラメンコ教室 estudio EL ANGEL,Webサイト,https://estudioelangel.com/,200.0,OK,https://estudioelangel.com/,False,
修子バレエアカデミー,Webサイト,https://shukoballetacademy.com/,,CONNECTION_ERROR,,False,"CONNECTION_ERROR: HTTPSConnectionPool(host='shukoballetacademy.com', port=443): Max retries exceed"
BUZZ レンタルスタジオ 神田店,Webサイト,https://buzz-st.com/kanda/,404.0,NOT_FOUND,https://buzz-st.com/kanda,False,
BUZZ レンタルスタジオ 秋葉原店,Webサイト,http://buzz-st.com/akihabara/,404.0,NOT_FOUND,https://buzz-st.com/akihabara,True,
バレエアーツ秋葉原,Webサイト,http://ballet-kba.com/,200.0,OK,https://ballet-kba.com/,True,
D→TA (ディータ),Webサイト,https://peraichi.com/landing_pages/view/dta,403.0,BLOCKED,https://peraichi.com/landing_pages/view/dta,False,
レンタルスタジオ YOGA SPICE 神保町,Webサイト,https://yogaspice.jp/,200.0,OK,https://yogaspice.jp/,False,
ピラティスシェアスタジオ ｜PILATES TIME（ピラティスタイム） 神保町,Webサイト,https://pilatestime.jp/,200.0,OK,https://pilatestime.jp/,False,
エイベックス・ダンスマスタートータルフィットネスクラブわらわら ふじみ野,Webサイト,https://dancemaster.avex.jp/studios/%E3%83%88%E3%83%BC%E3%82%BF%E3%83%AB%E3%83%95%E3%82%A3%E3%83%83%E3%83%88%E3%83%8D%E3%82%B9%E3%82%AF%E3%83%A9%E3%83%96%E3%82%8F%E3%82%89%E3%82%8F%E3%82%89%E3%81%B5%E3%81%98%E3%81%BF%E9%87%8E,200.0,OK,https://dancemaster.avex.jp/studios/a1029538001,True,
キッズダンススタジオ Sunny Piece,Webサイト,http://sunnypiece.sunnyday.jp/,,CONNECTION_ERROR,,False,"CONNECTION_ERROR: HTTPConnectionPool(host='sunnypiece.sunnyday.jp', port=80): Max retries exceeded"
エーススタジオ,Webサイト,http://www.tachikawa-as-studio.com/,,CONNECTION_ERROR,,False,"CONNECTION_ERROR: HTTPConnectionPool(host='www.tachikawa-as-studio.com', port=80): Max retries exc"
エースダンススタジオ,Webサイト,http://ace-dance.com/,200.0,OK,http://ace-dance.com/,False,
えこてんハウススタジオ,Webサイト,https://ekoten.tokyo/rental-studio/,200.0,OK,https://ekoten.tokyo/rental-studio/,False,
エストゥディオのりこ,Webサイト,http://estudio.lolipop.jp/,200.0,OK,http://estudio.lolipop.jp/,False,
エフィと虹色のヴェール十条スタジオ,Webサイト,http://effieballetconcert.com/,200.0,OK,https://www.effieballetconcert.com/,True,
エムズ・ダンスアカデミー 巣鴨第1教室,Webサイト,http://msdanca.cocolog-nifty.com/blog/,200.0,OK,https://msdanca.cocolog-nifty.com/blog/,True,
エルメスダンスカンパニー豊橋校,Webサイト,http://www.lahabana.co.jp/,200.0,OK,https://www.lahabana.co.jp/,True,
オガワ ダンス スタジオ,Webサイト,http://www.yokohama-ogawadance.com/,200.0,OK,http://www.yokohama-ogawadance.com/,False,
オギハラダンススクール,Webサイト,https://ogihara-ds.com/,200.0,OK,https://ogihara-ds.com/,False,
オダケイジ・ダンスアカデミー,Webサイト,http://odakeiji-dance.com/,200.0,OK,https://odakeiji-dance.com:443/,True,
WPG,Webサイト,https://worldplayground.jp/,,CONNECTION_ERROR,,False,"CONNECTION_ERROR: HTTPSConnectionPool(host='worldplayground.jp', port=443): Max retries exceeded w"
Ayaka Ballet Academy,Webサイト,https://www.ayakaballetacademy.com/,200.0,OK,https://www.ayakaballetacademy.com/,False,
カミヤマダンススタジオ,Webサイト,http://www.kamiyama-d-s.jp/,200.0,OK,https://www.kamiyama-d-s.jp/,True,
かよバレエスタジオ,Webサイト,http://www.kayoballet.com/,200.0,OK,http://www.kayoballet.com/,False,
カルサロ レンタルスタジオサロン,Webサイト,https://www.okeiko-culsalo.com/,200.0,OK,https://www.okeiko-culsalo.com/,False,
カルチャースクール ミジー,Webサイト,https://www.dance-mizzy.com/?utm_source=googlemybusiness&utm_medium=google&utm_campaign=maps,200.0,OK,https://www.dance-mizzy.com/?utm_source=googlemybusiness&utm_medium=google&utm_campaign=maps,False,
トゥモローダンスクラブ｜日暮里教室,Webサイト,https://tdc.ballroom.jp/lp/nippori/,404.0,NOT_FOUND,https://tdc.ballroom.jp/lp/nippori/,False,
ガルバスタジオ幡ヶ谷/GARBA写真館,Webサイト,https://garbastudiohatagaya.com/,,CONNECTION_ERROR,,False,"CONNECTION_ERROR: HTTPSConnectionPool(host='garbastudiohatagaya.com', port=443): Max retries excee"
カワチダンススタジオ,Webサイト,http://kawachi-dance.com/,200.0,OK,http://kawachi-dance.com/,False,
キッズダンススクール＆レンタルスタジオLOVE BONDS,Webサイト,https://www.love-bonds.net/,200.0,OK,https://www.love-bonds.net/,False,
キッズダンススクールANGELO★,Webサイト,http://angelo123.com/,200.0,OK,http://angelo123.com/,False,
レベルアップレンタルスタジオ,Webサイト,https://www.instagram.com/levelupren/,200.0,OK,https://www.instagram.com/levelupren/,False,
キッズダンススタジオSerenita西新井店,Webサイト,http://yoga-serenita.com/kidsdance,,CONNECTION_ERROR,,False,"CONNECTION_ERROR: HTTPConnectionPool(host='yoga-serenita.com', port=80): Max retries exceeded with"
キッズダンススタジオstudioCROSS（スタジオクロス）高幡不動クラス 日野市 多摩カルチャーセンター,Webサイト,http://www.studiocross.info/,200.0,OK,https://studiocross.info/,True,
キッズダンススタジオstudioCROSS（スタジオクロス）国立駅ゴールドジムクラス,Webサイト,https://studiocross.info/,200.0,OK,https://studiocross.info/,False,
フラメンコスタジオ エル ソニケテ,Webサイト,http://www.soniquete.info/,200.0,OK,https://www.soniquete.info/,True,
キャナリー,Webサイト,https://www.triple-rental.studio/,404.0,NOT_FOUND,https://www.triple-rental.studio/,False,
キューブキッズスポーツ,Webサイト,http://www.asaya-corp.co.jp/contact/,200.0,OK,https://asaya-corp.co.jp/contact/,True,
クボタナオコバレエスタジオ,Webサイト,https://kubotanaoko-ballet.com/,200.0,OK,https://kubotanaoko-ballet.com/,False,
クラウドナインスタジオ 町田店,Webサイト,https://www.cloud-9-studio.com/studio/machida.html,200.0,OK,https://www.cloud-9-studio.com/studio/machida.html,False,
ベストスタジオ中野,Webサイト,https://beststudio.jp/,200.0,OK,https://beststudio.jp/,False,
グラッドリ,Webサイト,http://www.gladdori.com/,200.0,OK,https://gladdori.com/,True,
sr pilates studio 中野,Webサイト,https://coubic.com/srpilates/2935443,403.0,BLOCKED,https://srpilates.stores.jp/reserve/srpilates/2935443,True,
ケアリノフラスタジオ,Webサイト,http://kealino-hula.com/,200.0,OK,https://www.kealino-hula.com/,True,
ゴールドジム南大沢東京,Webサイト,https://www.goldsgym.jp/shop/10210,200.0,OK,https://www.goldsgym.jp/shop/10210,False,
こどもディスコダンスアカデミー/N Contemporary Dance Arts キッズ・女性専用・役者,Webサイト,https://kurikodomodisco.wixsite.com/mysite,200.0,OK,https://kurikodomodisco.wixsite.com/mysite,False,
studio RhythMoon（スタジオ・リズムーン）,Webサイト,http://www.studiorhythmoon.com/,200.0,OK,https://studiorhythmoon.com/,True,
コンバレエスタジオ Kon Ballet Studio 糀谷店,Webサイト,http://konballetstudio.com/kojiya/,200.0,OK,http://konballetstudio.com/kojiya/,False,
サイスタジオ,Webサイト,http://www.saistudio.net/,200.0,OK,https://www.saistudio.net/,True,
サウンドスタジオM小岩,Webサイト,http://www.soundstudio-m.com/koiwa/index.html,200.0,OK,https://orpheusrecords.jp/ssm/,True,
サウンドスタジオノア 学芸大店,Webサイト,https://www.studionoah.jp/gakudai/,200.0,OK,https://www.studionoah.jp/gakudai/,False,
サウンドスタジオノア 吉祥寺店,Webサイト,https://www.studionoah.jp/kichijoji/,200.0,OK,https://www.studionoah.jp/kichijoji/,False,
サウンドスタジオノア 恵比寿店,Webサイト,https://www.studionoah.jp/ebisu/,200.0,OK,https://www.studionoah.jp/ebisu/,False,
サウンドスタジオノア 御茶ノ水店,Webサイト,https://www.studionoah.jp/ochanomizu/,200.0,OK,https://www.studionoah.jp/ochanomizu/,False,
サウンドスタジオノア 三軒茶屋店,Webサイト,https://www.studionoah.jp/sancha/,200.0,OK,https://www.studionoah.jp/sancha/,False,
サウンドスタジオノア 秋葉原店,Webサイト,https://www.studionoah.jp/akihabara/,200.0,OK,https://www.studionoah.jp/akihabara/,False,
サウンドスタジオノア 初台店,Webサイト,https://www.studionoah.jp/hatsudai/,200.0,OK,https://www.studionoah.jp/hatsudai/,False,
サウンドスタジオノア 新宿店,Webサイト,https://www.studionoah.jp/shinjuku/,200.0,OK,https://www.studionoah.jp/shinjuku/,False,
サウンドスタジオノア 赤坂店,Webサイト,https://www.studionoah.jp/akasaka/,200.0,OK,https://www.studionoah.jp/akasaka/,False,
サウンドスタジオノア 代々木,Webサイト,https://www.studionoah.jp/yoyogi/,200.0,OK,https://www.studionoah.jp/yoyogi/,False,
サウンドスタジオノア 中野店,Webサイト,https://www.studionoah.jp/nakano/,200.0,OK,https://www.studionoah.jp/nakano/,False,
サウンドスタジオノア 目黒不動前店,Webサイト,https://www.studionoah.jp/fudomae/,200.0,OK,https://www.studionoah.jp/fudomae/,False,
サウンドスタジオノア 野方店,Webサイト,https://www.studionoah.jp/nogata/,200.0,OK,https://www.studionoah.jp/nogata/,False,
サウンドスタジオノア銀座店,Webサイト,http://ginza.studionoah.jp/,200.0,OK,https://www.studionoah.jp/ginza/,True,
サウンドスタジオノア駒沢店,Webサイト,https://www.studionoah.jp/komazawa/,200.0,OK,https://www.studionoah.jp/komazawa/,False,
サウンドスタジオノア都立大店,Webサイト,https://www.studionoah.jp/toritsudai/,200.0,OK,https://www.studionoah.jp/toritsudai/,False,
サカモトトモキ・ダンススタジオ,Webサイト,https://sinjyuku-shakoudance.webnode.jp/,200.0,OK,https://sinjyuku-shakoudance.webnode.jp/,False,
ささらバレエアカデミー 平井駅,Webサイト,https://sasalaballet.wixsite.com/sasala,404.0,NOT_FOUND,https://sasalaballet.wixsite.com/sasala,False,
TONIC DANCE STUDIO 阿佐ヶ谷,Webサイト,https://www.tonicdancestudio.com/asagaya,200.0,OK,https://www.tonicdancestudio.com/asagaya,False,
サムシン コンビニエンス スタジオ,Webサイト,http://sumthin-studio.com/,,CONNECTION_ERROR,,False,"CONNECTION_ERROR: HTTPConnectionPool(host='sumthin-studio.com', port=80): Max retries exceeded wit"
サムズダンススタジオ,Webサイト,http://www.sams-ds.com/,200.0,OK,https://www.sams-ds.com/,True,
サラ・プランタ,Webサイト,https://sala-planta.iberia-j.com/,200.0,OK,https://sala-planta.iberia-j.com/,False,
サワミュージカルスタジオ,Webサイト,http://studio.dp-sawa.com/,200.0,OK,http://studio.dp-sawa.com/,False,
サン・スタジオ,Webサイト,http://www.sun-studio1.com/,,CONNECTION_ERROR,,False,"CONNECTION_ERROR: HTTPConnectionPool(host='www.sun-studio1.com', port=80): Max retries exceeded wi"
クリエイティブスペース・フュージョン,Webサイト,https://creativespacefusion.com/,200.0,OK,https://creativespacefusion.com/,False,
レンタルスタジオ 阿佐ヶ谷リノ,Webサイト,https://asagaya-lino.linovery.com/,200.0,OK,https://asagaya-lino.linovery.com/,False,
ジーロックス・スタジオ,Webサイト,http://www.groks.co.jp/,200.0,OK,https://www.groks.co.jp/,True,
BUZZ田無,Webサイト,https://buzz-st.com/tanashi/,404.0,NOT_FOUND,https://buzz-st.com/tanashi,False,
ジムスタジオ IT'S MY TIME府中駅前店,Webサイト,https://itsmytime.jp/,,ERROR,,False,"ERROR: HTTPSConnectionPool(host='itsmytime.jp', port=443): Max retries exceeded with ur"
シャノワールレンタルスタジオ,Webサイト,https://chatnoir-studio.com/,200.0,OK,https://chatnoir-studio.com/,False,
ジャパンポールダンス,Webサイト,https://www.japan-poledance.com/,,SSL_ERROR,,False,"SSL_ERROR: HTTPSConnectionPool(host='www.japan-poledance.com', port=443): Max retries excee"
シュミネAスタジオStudioStyle+,Webサイト,https://studiostyle.jp/chemine-a-studio/,404.0,NOT_FOUND,https://studiostyle.jp/chemine-a-studio/,False,
ジョイ・バレエ ストゥーディオ 平和台スタジオ,Webサイト,https://joy-ballet-studio.com/,200.0,OK,https://joy-ballet-studio.com/,False,
シライシダンススタジオ,Webサイト,http://shiraishidance.com/,200.0,OK,http://shiraishidance.com/,False,
シルクスタジオ,Webサイト,https://hachioji.mypl.net/shop/00000359076/,200.0,OK,https://hachioji.mypl.net/shop/00000359076/,False,
ジンドー学園,Webサイト,http://gakuen.jindo.jp/,200.0,OK,https://gakuen.jindo.jp/,True,
シンフォニー,Webサイト,https://sites.google.com/view/higashijujo-symphony/ホーム,200.0,OK,https://sites.google.com/view/higashijujo-symphony/%E3%83%9B%E3%83%BC%E3%83%A0,True,
スギタダンススクール,Webサイト,https://sugitadance.com/,200.0,OK,https://sugitadance.com/,False,
スキップスタジオ成城,Webサイト,http://studio.skip-corporation.com/seijo/index.php,200.0,OK,https://studio.skip-corporation.com/seijo/index.php,True,
スタジオ ACTY,Webサイト,http://studio-acty.com/,200.0,OK,http://studio-acty.com/,False,
スタジオ in フットサルステージ（多摩センター）,Webサイト,http://futsal-stage.com/studio/,200.0,OK,https://j-society-fp.com/tama/studio/,True,
スタジオ With The Heart,Webサイト,http://studiowth.com/,200.0,OK,https://studiowth.com/,True,
スタジオ アッコルタ,Webサイト,https://www.accolta.com/,200.0,OK,https://accolta.com/,True,
スタジオ アドバンス,Webサイト,http://studio-advance.com/,200.0,OK,https://studio-advance.com/,True,
スタジオ エモーティフ,Webサイト,https://emotif.jp/,200.0,OK,https://emotif.jp/,False,
スタジオ エルヴール,Webサイト,http://studio-eleveur.com/,200.0,OK,https://studio-eleveur.com/,True,
スタジオ エレ,Webサイト,http://www.dancestudio-ailee.jp/,200.0,OK,http://dancestudio-ailee.jp/,True,
スタジオ クロア,Webサイト,https://studiocroix.jp/,200.0,OK,https://studiocroix.jp/,False,
ダンススタジオ ability,Webサイト,https://studio-ability.com/,200.0,OK,https://studio-ability.com/,False,
スタジオ シヴァ音楽教室/中板橋,Webサイト,https://www.ratel-story.com/studiosiva-musicschool?utm_source=google&utm_medium=wix_google_business_profile&utm_campaign=5280847348101629780,200.0,OK,https://www.ratel-story.com/studiosiva-musicschool?utm_source=google&utm_medium=wix_google_business_profile&utm_campaign=5280847348101629780,False,
レンタルスタジオNSA 1号店,Webサイト,https://www.studio-nsa.com/,200.0,OK,https://www.studio-nsa.com/,False,
スタジオ ジュエル,Webサイト,http://www.studiojewel-r.com/,200.0,OK,https://www.studiojewel-r.com/,True,
スタジオ ダ・ヴィンチ,Webサイト,https://studio-davinci.jp/,200.0,OK,https://studio-davinci.jp/,False,
スタジオ ノバック,Webサイト,https://noback.co.jp/school/,200.0,OK,https://noback.co.jp/school/,False,
スタジオククナ,Webサイト,https://studio-kukuna.amebaownd.com/,200.0,OK,https://studio-kukuna.amebaownd.com/,False,
スタジオ プリメーラ(スタジオ プリメラ),Webサイト,http://primera.moo.jp/?page_id=2,200.0,OK,http://primera.moo.jp/?page_id=2,False,
CREO王子駅前｜ダンススタジオ｜レンタルスペース,Webサイト,https://spacemarket.com/p/-N7dQTRzl0H4tYXS,200.0,OK,https://www.spacemarket.com/spaces/8aavatrqu1pizd-p/?promotion_link=true,True,
スタジオ リル 千葉市川市店,Webサイト,https://upnow.jp/Studiorill,200.0,OK,https://upnow.jp/Studiorill,False,
スタジオ ルカロ,Webサイト,https://www.studio-rucalo.com/,200.0,OK,https://www.studio-rucalo.com/,False,
スタジオ レセルバ,Webサイト,https://www.studio-reserva.com/,,CONNECTION_ERROR,,False,"CONNECTION_ERROR: HTTPSConnectionPool(host='www.studio-reserva.com', port=443): Max retries exceed"
スタジオ レンズマン芝公園,Webサイト,http://lensman.jp/,200.0,OK,http://lensman.jp/,False,
スタジオ・アヴァンティ,Webサイト,https://www.a-dance.com/,200.0,OK,https://www.a-dance.com/,False,
スタジオ・エルカミーノ,Webサイト,http://elcamino-koiwa.com/,403.0,BLOCKED,http://elcamino-koiwa.com/,False,
BUZZ レンタルスタジオ赤坂店,Webサイト,https://buzz-st.com/akasaka/,404.0,NOT_FOUND,https://buzz-st.com/akasaka,False,
スタジオ・ブリエ 四谷,Webサイト,http://www.studio-brillia.com/,200.0,OK,https://studio-brillia.com/,True,
スタジオ・マンサナ,Webサイト,http://flamenco-manzana.com/,200.0,OK,https://www.flamenco-manzana.com/,True,
スタジオ・リアル,Webサイト,http://studio-real.tokyo/,,CONNECTION_ERROR,,False,"CONNECTION_ERROR: HTTPConnectionPool(host='studio-real.tokyo', port=80): Max retries exceeded with"
スタジオ21（レンタルスタジオ）,Webサイト,https://upnow.jp/studio21/asakusabashi,200.0,OK,https://upnow.jp/studio21/asakusabashi,False,
BUZZ レンタルスタジオ 六本木店,Webサイト,https://buzz-st.com/roppongi/,404.0,NOT_FOUND,https://buzz-st.com/roppongi,False,
スタジオBOS,Webサイト,http://www.studio-bos.com/,200.0,OK,http://www.studio-bos.com/,False,
スタジオＤ２,Webサイト,http://studio-d2.net/,200.0,OK,https://studio-d2.net/,True,
スタジオＤＤＦ,Webサイト,http://www.studio-ddf.com/,200.0,OK,https://www.studio-ddf.com/,True,
スタジオGAEA,Webサイト,https://studiogaea.wixsite.com/gaea,200.0,OK,https://studiogaea.wixsite.com/gaea,False,
スタジオｉＤＣ,Webサイト,http://www.izumikubo-dc.com/,200.0,OK,http://www.izumikubo-dc.com/,False,
スタジオJBA,Webサイト,https://studiojba.com/,200.0,OK,https://studiojba.com/,False,
スタジオK,Webサイト,https://studio-k-net.com/,200.0,OK,https://studio-k-net.com/,False,
スタジオM,Webサイト,http://m1986m.org/,,CONNECTION_ERROR,,False,"CONNECTION_ERROR: HTTPConnectionPool(host='m1986m.org', port=80): Max retries exceeded with url: /"
スタジオmi-sa｜フラメンコ・フラダンス教室・レンタルスタジオ,Webサイト,https://studio-misa.com/,200.0,OK,https://studio-misa.com/,False,
スタジオＰＯＰ,Webサイト,http://www.studio-pop.com/,200.0,OK,http://www.studio-pop.com/,False,
スタジオR&Y,Webサイト,https://www.studio-r-and-y.com/,200.0,OK,https://www.studio-r-and-y.com/,False,
スタジオSOPIC,Webサイト,https://studio.sopic-jp.com/,200.0,OK,https://studio.sopic-jp.com/,False,
スタジオWITHテライダンスカンパニー,Webサイト,https://with-teraidance.com/,,CONNECTION_ERROR,,False,"CONNECTION_ERROR: HTTPSConnectionPool(host='with-teraidance.com', port=443): Max retries exceeded "
スタジオアニマーダ,Webサイト,https://animada8.wixsite.com/mysite-1/home,200.0,OK,https://animada8.wixsite.com/mysite-1/home,False,
スタジオアリス 足立舎人店,Webサイト,https://www.studio-alice.co.jp/shop/store_detail.php?id=227,200.0,OK,https://www.studio-alice.co.jp/shop/13/227/,True,
スタジオインディ 新宿店,Webサイト,https://studioindi.jp/access/shinjuku/?argument=UxWRQv9t&dmai=a5e07032924d4a,200.0,OK,https://studioindi.jp/access/shinjuku/?argument=UxWRQv9t&dmai=a5e07032924d4a,False,
スタジオインディ 東京駅前店,Webサイト,https://studioindi.jp/access/tokyo?argument=UxWRQv9t&dmai=a5e0703f812c34,200.0,OK,https://studioindi.jp/access/tokyo/?argument=UxWRQv9t&dmai=a5e0703f812c34,True,
スタジオヴェロニカ,Webサイト,https://veronica.asia/,200.0,OK,https://veronica.asia/,False,
スタジオエイル,Webサイト,http://studio-ailes.com/,403.0,BLOCKED,http://studio-ailes.com/,False,
スタジオエリース,Webサイト,http://studioaries.net/wp/,200.0,OK,https://studioaries.net/?password-protected=login&redirect_to=https%3A%2F%2Fstudioaries.net%2F,True,
スタジオカリヨン,Webサイト,https://www.e-sps.net/carillon/,200.0,OK,https://www.e-sps.net/carillon/,False,
スタジオキャリコ,Webサイト,https://calico.xrea.jp/,200.0,OK,https://calico.xrea.jp/,False,
スタジオスタイルプラス窓口StudioStyle+,Webサイト,https://studiostyle.jp/,200.0,OK,https://studiostyle.jp/,False,
スタジオタップ７２,Webサイト,http://www.studiotap72.com/,403.0,BLOCKED,http://www.studiotap72.com/,False,
スタジオハクーロ,Webサイト,http://www.hakuuro.net/,,CONNECTION_ERROR,,False,"CONNECTION_ERROR: HTTPConnectionPool(host='www.hakuuro.net', port=80): Max retries exceeded with u"
スタジオピネ,Webサイト,https://studio-pine.net/,200.0,OK,https://studio-pine.net/,False,
スタジオファイン,Webサイト,http://s-fine.net/,,CONNECTION_ERROR,,False,"CONNECTION_ERROR: HTTPConnectionPool(host='s-fine.net', port=80): Max retries exceeded with url: /"
スタジオプラーナ,Webサイト,http://studio-praana.com/,200.0,OK,http://studio-praana.com/,False,
スタジオフラップ,Webサイト,http://dance-flap.com/,200.0,OK,http://dance-flap.com/,False,
スタジオプレステージ 根津スタジオ,Webサイト,http://studio-prestige.co.jp/nedu.html,200.0,OK,http://studio-prestige.co.jp/nedu.html,False,
スタジオベルゼ-Studio Verger-,Webサイト,https://ameblo.jp/studioverger,200.0,OK,https://ameblo.jp/studioverger/,False,
スタジオペンタ五反田店,Webサイト,http://www.studiopenta.net/rehearsal/gotanda.html,404.0,NOT_FOUND,https://www.studiopenta.net/rehearsal/gotanda.html,True,
スタジオマーティ,Webサイト,https://www.studiomarty.co.jp/yoga-pilates/tokyo-mitakeio/,200.0,OK,https://www.studiomarty.co.jp/yoga-pilates/tokyo-mitakeio/,False,
スタジオマーティ 駒沢大学 / STUDIO marty Komazawa,Webサイト,https://www.studiomarty.co.jp/komazawadaigaku/,200.0,OK,https://www.studiomarty.co.jp/komazawadaigaku/,False,
スタジオメッセ,Webサイト,https://www.studio-mece.com/,200.0,OK,https://www.studio-mece.com/,False,
スタジオよもだ A館,Webサイト,https://www.studioyomoda.com/,200.0,OK,https://www.studioyomoda.com/,False,
スタジオライブラ,Webサイト,http://libra-ch.com/studio/,200.0,OK,https://studiolibra-ch.amebaownd.com,True,
スタジオリーガル池袋,Webサイト,https://studioregal.tokyo/,200.0,OK,https://studioregal.tokyo/,False,
スタジオリリオ＆カフェ,Webサイト,http://www.studiolirio.jp/,,CONNECTION_ERROR,,False,"CONNECTION_ERROR: HTTPConnectionPool(host='www.studiolirio.jp', port=80): Max retries exceeded wit"
スタジオルゥ,Webサイト,http://www.lou.co.jp/,200.0,OK,https://www.lou.co.jp/,True,
スタジオレブローテ,Webサイト,http://www.studio-rebrote.com/,200.0,OK,http://www.studio-rebrote.com/,False,
スタジオ阿弥陀,Webサイト,http://www7b.biglobe.ne.jp/~matte/index.html,200.0,OK,http://www7b.biglobe.ne.jp/~matte/index.html,False,
スタジオ階梯-空-,Webサイト,https://studio-kaitei.e-w-arts.biz/,200.0,OK,https://studio-kaitei.e-w-arts.biz/,False,
monoダンススタジオ西巣鴨（レンタルスタジオ）,Webサイト,https://rental-dance-studio.com/nishisugamo/kihon-jyouhou,403.0,BLOCKED,https://rental-dance-studio.com/nishisugamo/kihon-jyouhou,False,
スタジオ響,Webサイト,http://studiohibiki.nomaki.jp/,200.0,OK,http://studiohibiki.nomaki.jp/,False,
BUZZ レンタルスタジオ巣鴨店,Webサイト,https://buzz-st.com/sugamo/,404.0,NOT_FOUND,https://buzz-st.com/sugamo,False,
スタジオ川口,Webサイト,https://chofu.com/tensi,200.0,OK,https://chofu.com/tensi,False,
スタジオα,Webサイト,http://www.std-alpha.net/,200.0,OK,https://www.std-alpha.net/,True,
monoダンススタジオ-レンタル,Webサイト,https://rental-dance-studio.com/ootsuka/kihon-jyouhou,403.0,BLOCKED,https://rental-dance-studio.com/ootsuka/kihon-jyouhou,False,
スペースF・L・S｜昭島レンタルスタジオ,Webサイト,http://ryuyu7.com/,200.0,OK,https://ryuyu7.com/,True,
スペースアルファ,Webサイト,http://spacealpha.co.jp/,,CONNECTION_ERROR,,False,"CONNECTION_ERROR: HTTPConnectionPool(host='spacealpha.co.jp', port=80): Max retries exceeded with "
スポーツクラブ ルネサンス 光が丘,Webサイト,https://www.s-re.jp/hikarigaoka/?utm_source=google&utm_medium=gMybusiness,200.0,OK,https://www.s-re.jp/hikarigaoka/?utm_source=google&utm_medium=gMybusiness,False,
スポーツクラブ ルネサンス 富士見台24,Webサイト,https://www.s-re.jp/fujimidai/?utm_source=google&utm_medium=gMybusiness,200.0,OK,https://www.s-re.jp/fujimidai/?utm_source=google&utm_medium=gMybusiness,False,
スマイルスタジオTAKANO,Webサイト,http://takano-gallery.com/,200.0,OK,http://takano-gallery.com/,False,
ノアスタジオ 池袋店,Webサイト,https://www.noahstudio.jp/shop/ikebukuro/,200.0,OK,https://www.noahstudio.jp/shop/ikebukuro/,False,
セミナー &【JK Room 虎ノ門】,Webサイト,https://jk-room.com/location.html,200.0,OK,https://jk-room.com/location.html,False,
セミナールーム茅場町 Co-Edo 3F 貸会議室,Webサイト,https://seminar.coworking.tokyo.jp/,200.0,OK,https://seminar.coworking.tokyo.jp/,False,
ソウプラス白金高輪店 ピラティス＆シルクサスペンション,Webサイト,http://sou-plus.jp/,200.0,OK,https://sou-plus.jp/,True,
ソードミュージック多目的スタジオ,Webサイト,http://www.swordmusic.com/category/1774269.html,404.0,NOT_FOUND,http://www.swordmusic.com/category/1774269.html,False,
スタジオ白猫屋 調布店,Webサイト,http://soyokaze-shironekoya.jp/choufu,200.0,OK,http://soyokaze-shironekoya.jp/choufu.html,True,
ソニズダンススタジオ南阿佐ヶ谷,Webサイト,https://sonysdance.com/studio/m-m,200.0,OK,https://sonysdance.com/studio/m-m,False,
ソピックカルチャー総合サイト,Webサイト,https://culture.sopic-jp.com/,200.0,OK,https://culture.sopic-jp.com/,False,
タイムズ東京タワースタジオ前,Webサイト,https://times-info.net/P13-tokyo/C103/park-detail-BUK0032407/,200.0,OK,https://times-info.net/P13-tokyo/C103/park-detail-BUK0032407/,False,
タカノ,Webサイト,http://www.takano-gallery.com/,200.0,OK,http://www.takano-gallery.com/,False,
タグチソシアルダンススクール,Webサイト,http://www.taguchisocialdance.com/,200.0,OK,https://www.taguchisocialdance.com/,True,
タケウチ,Webサイト,http://www13.plala.or.jp/tacsan/index.html,,CONNECTION_ERROR,,False,"CONNECTION_ERROR: HTTPConnectionPool(host='www13.plala.or.jp', port=80): Max retries exceeded with"
タップダンススタジオ,Webサイト,http://kaztapstudio.com/,,CONNECTION_ERROR,,False,"CONNECTION_ERROR: HTTPConnectionPool(host='kaztapstudio.com', port=80): Max retries exceeded with "
タナカダンススクール,Webサイト,http://www.tanaka-dance.org/,200.0,OK,http://www.tanaka-dance.org/,False,
たにどうダンスワールド,Webサイト,http://www.tanido-dance.com/,200.0,OK,https://tanido-dance.com/,True,
Ballet Fl?gel バレエフリューゲル,Webサイト,http://tama-cul.com/2023/09/21/ballet-flugel/,200.0,OK,https://tama-cul.com/2026/04/01/ballet-flugel/,True,
タヒチアンダンススタジオ ライマーラマ表参道,Webサイト,https://raimarama.com/tahiti/terms/view/WPT00000008,200.0,OK,https://raimarama.com/tahiti/terms/view/WPT00000008,False,
ダンス スタジオ パドブレ,Webサイト,http://padobure.com/,200.0,OK,http://www.padobure.com/,True,
ダンスアンジェロ,Webサイト,https://danceangelo-dress.com/,200.0,OK,https://danceangelo-dress.com/,False,
大井町店 レンタルスペースROOTS,Webサイト,https://dancestudioroots.com/ooimachi/,,CONNECTION_ERROR,,False,"CONNECTION_ERROR: HTTPSConnectionPool(host='dancestudioroots.com', port=443): Max retries exceeded"
ダンスカレッジ古都,Webサイト,https://www.dance-koto.com/,200.0,OK,https://www.dance-koto.com/,False,
ダンススクール 東京ステップス・アーツ 高田馬場校,Webサイト,https://www.t-steps.jp/takadanobaba/,200.0,OK,https://www.t-steps.jp/takadanobaba/,False,
ダンススクール 東京ステップス・アーツ 八王子校,Webサイト,https://www.t-steps.jp/hachioji/,200.0,OK,https://www.t-steps.jp/hachioji/,False,
ダンススクールRB-SOUL（ラブソウル）,Webサイト,http://www.rb-soul.com/,200.0,OK,https://www.rb-soul.com/,True,
ダンススタジオ,Webサイト,https://dance-school-2341.business.site/?utm_source=gmb&utm_medium=referral,404.0,NOT_FOUND,https://dance-school-2341.business.site/?utm_source=gmb&utm_medium=referral,False,
ダンススタジオ NEST,Webサイト,http://www.studio-nest.jp/,200.0,OK,http://www.studio-nest.jp/,False,
ダンススタジオ スターゲート,Webサイト,http://stargate-school.com/,200.0,OK,http://stargate-school.com/,False,
ダンススタジオ セピア,Webサイト,https://peraichi.com/landing_pages/view/studio-sepia/,403.0,BLOCKED,https://peraichi.com/landing_pages/view/studio-sepia/,False,
ダンススタジオ ハッピーターン,Webサイト,http://www.happy-turn.com/,200.0,OK,https://www.happy-turn.com/,True,
ダンススタジオ ファンデーション 東中野落合校,Webサイト,http://www.fun-d-tion.net/,200.0,OK,https://www.fun-d-tion.net/,True,
ダンススタジオ ユー,Webサイト,http://dance-studio-you.sakura.ne.jp/,200.0,OK,http://dance-studio-you.sakura.ne.jp/,False,
池尻大橋レンタルスタジオY3,Webサイト,https://y3gym.com/,200.0,OK,https://y3gym.com/,False,
ダンススタジオ・スターハウス,Webサイト,http://star-house.moo.jp/,200.0,OK,http://star-house.moo.jp/,False,
"Dance space BUG FIX,",Webサイト,https://www.studiodancealive.com/,,CONNECTION_ERROR,,False,"CONNECTION_ERROR: HTTPSConnectionPool(host='www.studiodancealive.com', port=443): Max retries exce"
ダンススタジオ・ミカ,Webサイト,http://www.dance-mika.com/,200.0,OK,https://dance-mika.com/,True,
ダンススタジオANGELO★,Webサイト,http://angelo123.com/blog/important_news/studiorentalinfo,200.0,OK,http://angelo123.com/blog/studio/studiorentalinfo,True,
ダンススタジオhow to fly fellows 新浦安校,Webサイト,https://wazacule.com/,200.0,OK,https://wazacule.com/,False,
ダンススタジオｈｏｗｔｏｆｌｙ,Webサイト,http://wazacule.com/,200.0,OK,https://wazacule.com/,True,
ダンススタジオｉｎｇ,Webサイト,http://dance-ing.com/,200.0,OK,http://dance-ing.com/,False,
ダンススタジオJJ,Webサイト,http://studiojjsaine.com/,,CONNECTION_ERROR,,False,"CONNECTION_ERROR: HTTPConnectionPool(host='studiojjsaine.com', port=80): Max retries exceeded with"
ダンススタジオRUCHIRU,Webサイト,https://dancestudio-ruchiru.com/,200.0,OK,https://dancestudio-ruchiru.com/,False,
バレエスタジオ ソレイユ 大阪高槻校,Webサイト,http://takatsuki.ballet-studio-soleil.com/,200.0,OK,http://takatsuki.ballet-studio-soleil.com/,False,
レンタルスタジオ man?ge,Webサイト,https://manege-studio.com/,200.0,OK,https://manege-studio.com/,False,
個室レンタルジム AllDayGym 松陰神社店,Webサイト,https://www.all-day-gym.com/,200.0,OK,https://www.all-day-gym.com/,False,
ダンススタジオブリリアント,Webサイト,https://dance-school-1677.business.site/?utm_source=gmb&utm_medium=referral,404.0,NOT_FOUND,https://dance-school-1677.business.site/?utm_source=gmb&utm_medium=referral,False,
NEW STEP Dance Arts Studio,Webサイト,https://www.newstepdanceartsstudio.com/,200.0,OK,https://www.newstepdanceartsstudio.com/,False,
ダンススタジオ新宿（レンタルスタジオ）,Webサイト,https://dance-school-1452.business.site/?utm_source=gmb&utm_medium=referral,404.0,NOT_FOUND,https://dance-school-1452.business.site/?utm_source=gmb&utm_medium=referral,False,
ダンススタジオ石井,Webサイト,http://www.ds-ishii.com/,200.0,OK,https://www.ds-ishii.com/,True,
ダンススペース ベースオントップ吉祥寺店,Webサイト,https://bassontop.tokyo.jp/dance_kichijoji/,200.0,OK,https://www.bassontop.co.jp/dance/kichijoji/,True,
ダンススペース ベースオントップ高田馬場店,Webサイト,https://bassontop.tokyo.jp/dance/,200.0,OK,https://www.bassontop.co.jp/dance/takadanobaba/,True,
ダンススペースDD,Webサイト,http://ds-dd.com/,200.0,OK,http://ds-dd.com/,False,
ダンススペースオオヤ,Webサイト,http://www.ds-ohya.com/,200.0,OK,https://ds-ohya.com/,True,
ダンスプレイスフェリーチェ (dance place FELICE),Webサイト,http://danceplacefelice.com/,200.0,OK,https://danceplacefelice.com/,True,
ダンスフロアーNEWプラスパ,Webサイト,https://dancenewprosper.com/,200.0,OK,https://dancenewprosper.com/,False,
ダンスホール ESPACE,Webサイト,http://dancehall-espace.com/,200.0,OK,http://dancehall-espace.com/,False,
ダンスラッシュ,Webサイト,http://danslash.jp/,200.0,OK,https://danslash.jp/,True,
ダンスルーム伊藤 社交ダンス教室,Webサイト,http://dance-room-ito.tokyo/,200.0,OK,https://dance-room-ito.tokyo/,True,
ダンスレンタルスタジオ プラーナ,Webサイト,https://yoga-studio-296.business.site/?utm_source=gmb&utm_medium=referral,404.0,NOT_FOUND,https://yoga-studio-296.business.site/?utm_source=gmb&utm_medium=referral,False,
BUZZ レンタルスタジオ 池袋西口PARK店,Webサイト,https://buzz-st.com/ikebukuro6/,404.0,NOT_FOUND,https://buzz-st.com/ikebukuro6,False,
BUZZ池袋サンシャイン,Webサイト,https://buzz-st.com/ikebukuro7,404.0,NOT_FOUND,https://buzz-st.com/ikebukuro7,False,
タントタンツダンススタジオ小金井教室,Webサイト,https://tanttanz.com/,200.0,OK,https://tanttanz.com/,False,
natsu belly dance club,Webサイト,https://peraichi.com/landing_pages/view/nbdc,403.0,BLOCKED,https://peraichi.com/landing_pages/view/nbdc,False,
タントタンツダンススタジオ東所沢教室,Webサイト,https://tanttanz.jp/,200.0,OK,https://tanttanz.jp/,False,
タキガワダンススクール池袋,Webサイト,https://takigawa-ds.com/%E6%95%99%E5%AE%A4/%E6%B1%A0%E8%A2%8B%E6%95%99%E5%AE%A4/,200.0,OK,https://takigawa-ds.com/%E6%95%99%E5%AE%A4/%E6%B1%A0%E8%A2%8B%E6%95%99%E5%AE%A4/,False,
チェリッシュスタジオ3号館／10号館,Webサイト,http://cherish-studio.com/03st/,200.0,OK,https://cherish-studio.com/03st/,True,
チコバレエ・アカデミー二号館,Webサイト,http://chicoballetacademy.jp/,200.0,OK,https://chicoballetacademy.jp/,True,
チコバレエアカデミー1号館,Webサイト,http://www.chicoballetacademy.jp/,200.0,OK,https://chicoballetacademy.jp/,True,
TDSレンタルスタジオ池袋（120㎡）,Webサイト,https://takigawa-ds.com/rental/index.php?%E6%B1%A0%E8%A2%8B,200.0,OK,https://takigawa-ds.com/rental/index.php?%E6%B1%A0%E8%A2%8B,False,
ちるどれ 上町スタジオ,Webサイト,https://www.chill-dre.com/,,CONNECTION_ERROR,,False,"CONNECTION_ERROR: HTTPSConnectionPool(host='www.chill-dre.com', port=443): Max retries exceeded wi"
ツチヤダンスガーデン,Webサイト,http://www.tsuchiyadance.com/,200.0,OK,https://tsuchiyadance.com/,True,
デイ・ナイト株式会社,Webサイト,https://cocoloca.jp/location/ud-hibiya/,200.0,OK,https://cocoloca.jp/,True,
ティアラ,Webサイト,http://www.shupla-gp.com/tiara/,200.0,OK,http://www.shupla-gp.com/tiara/,False,
ティーアイエス（株）,Webサイト,http://tisandyou.jp/,200.0,OK,http://tisandyou.jp/,False,
テルコ・ダンススタジオ,Webサイト,https://teruko-dance.com/,200.0,OK,https://teruko-dance.com/,False,
スタジオグロウ,Webサイト,http://studio-glow.jp/,200.0,OK,https://studio-glow.jp/,True,
トゥインクルクラブ,Webサイト,https://npotwinkleclub.com/,200.0,OK,https://npotwinkleclub.com/,False,
ドリーム・パフェ・スタジオ,Webサイト,http://dreamparfait.com/,200.0,OK,https://dreamparfait.com/,True,
なかすた（スタジオ神田川）,Webサイト,http://nkn.photographer.tokyo.jp/,200.0,OK,http://nkn.photographer.tokyo.jp/,False,
ナガトスタジオ,Webサイト,http://www.nagatostudio.com/,200.0,OK,http://www.nagatostudio.com/,False,
ナッツ・レンタル・スタジオ,Webサイト,http://www.nuts-vocal.com/studio.html,200.0,OK,http://www.nuts-vocal.com/studio.html,False,
ナプア アラ オナオナ 恵比寿校,Webサイト,http://www.napua.jp/,200.0,OK,http://www.napua.jp/,False,
ノアスタジオ 学芸大店,Webサイト,https://www.noahstudio.jp/shop/gakugeidai/,200.0,OK,https://www.noahstudio.jp/shop/gakugeidai/,False,
ノアスタジオ 御茶ノ水店,Webサイト,https://www.noahstudio.jp/shop/ochanomizu/,200.0,OK,https://www.noahstudio.jp/shop/ochanomizu/,False,
ノアスタジオ 秋葉原店,Webサイト,https://www.noahstudio.jp/shop/akihabara/,200.0,OK,https://www.noahstudio.jp/shop/akihabara/,False,
ノアスタジオ 新宿１号店,Webサイト,https://www.noahstudio.jp/shop/shinjuku/,200.0,OK,https://www.noahstudio.jp/shop/shinjuku/,False,
ノアスタジオ 新宿２号店,Webサイト,https://www.noahstudio.jp/shop/shinjuku2/,200.0,OK,https://www.noahstudio.jp/shop/shinjuku2/,False,
ノアスタジオ 赤坂店,Webサイト,https://www.noahstudio.jp/shop/akasaka/,200.0,OK,https://www.noahstudio.jp/shop/akasaka/,False,
ノアスタジオ 中野店,Webサイト,https://www.noahstudio.jp/shop/nakano/,200.0,OK,https://www.noahstudio.jp/shop/nakano/,False,
ノアスタジオ 都立大２号店,Webサイト,https://www.noahstudio.jp/shop/toritsudai2/,200.0,OK,https://www.noahstudio.jp/shop/toritsudai2/,False,
ノアスタジオ 都立大店（ダンス・演劇）,Webサイト,https://www.noahstudio.jp/shop/toritsudai/,200.0,OK,https://www.noahstudio.jp/shop/toritsudai/,False,
ノアスタジオ代々木店,Webサイト,https://www.noahstudio.jp/shop/yoyogi/,200.0,OK,https://www.noahstudio.jp/shop/yoyogi/,False,
ノートルスタジオ,Webサイト,http://notre-studio.com/,200.0,OK,http://notre-studio.com/,False,
シバヨガ鶴川スタジオ,Webサイト,https://tsurukawa.yogi2.com/,200.0,OK,https://tsurukawa.yogi2.com/,False,
スタジオクレイン鶴川,Webサイト,http://studio-crane-tsurukawa.com/,200.0,OK,https://studio-crane-tsurukawa.com/,True,
ハーラウ ナー マモ オ カアラ‐ナゴヤ,Webサイト,https://kaalanagoya.com/,200.0,OK,https://kaalanagoya.com/,False,
ハーラウオフイロカヒ H?lau?oHui L?kahi,Webサイト,https://www.toyotalokahi.com/,200.0,OK,https://www.toyotalokahi.com/,False,
ハウススタジオ プラネアールときわ台スタジオ,Webサイト,http://www.planear.co.jp/studio/tokiwadai.html,200.0,OK,http://www.planear.co.jp/studio/tokiwadai.html,False,
パルティールバレエスタジオ,Webサイト,https://www.balletstudio-partir.com/,200.0,OK,https://www.balletstudio-partir.com/,False,
バレエアカデミー 江川明バレエ・スタジオ,Webサイト,http://www.egawamayanba.com/,200.0,OK,http://www.egawamayanba.com/,False,
バレエアトリエ クレール,Webサイト,http://www.clair-ballet.com/,200.0,OK,https://www.clair-ballet.com/,True,
バレエアトリエリュミエール,Webサイト,https://ballet-atelier-lumiere.net/,200.0,OK,https://www.ballet-atelier-lumiere.net/,True,
バレエスタジオ ピアチェーレ,Webサイト,http://balletstudio-piacere.ballet.place/,200.0,OK,https://balletstudio-piacere.ballet.place/,True,
K Dance Nexus DANCE STUDIO 百合ヶ丘A,Webサイト,http://k-dancenexus.jp/studio_yurigaoka/index.html,200.0,OK,https://k-dancenexus.jp/studio_yurigaoka/index.html,True,
K Dance Nexus DANCE STUDIO 百合ケ丘B,Webサイト,http://k-dancenexus.jp/studio_yurigaoka2/index.html,200.0,OK,https://k-dancenexus.jp/studio_yurigaoka2/index.html,True,
バレエスタジオJewels,Webサイト,https://www.balletstudiojewels.com/,200.0,OK,https://balletstudiojewels.com/,True,
バレエスタジオＭＯＭＯ,Webサイト,http://balletstudiomomo.com/about/,200.0,OK,https://balletstudiomomo.com/about/,True,
K Dance Nexus Dance Studio 読売ランド前,Webサイト,http://k-dancenexus.jp/studio/index.html,200.0,OK,https://k-dancenexus.jp/studio/index.html,True,
バレエスタジオコルツァ（Ballet Studio Colza）,Webサイト,https://bs-colza.com/,200.0,OK,https://bs-colza.com/,False,
ハレスタジオ参宮橋,Webサイト,https://www.hale-studio.com/?utm_source=google&utm_medium=wix_google_business_profile&utm_campaign=17548285089529494699,404.0,NOT_FOUND,https://www.hale-studio.com/?utm_source=google&utm_medium=wix_google_business_profile&utm_campaign=17548285089529494699,False,
パンキースタジオ,Webサイト,http://www.pandkey.co.jp/,200.0,OK,http://www.pandkey.co.jp/,False,
バンドスタジオ ベースオントップ京橋店,Webサイト,https://www.bassontop.co.jp/studio_kyobashi/,200.0,OK,https://www.bassontop.co.jp/band/kyobashi/,True,
バンドスタジオ ベースオントップ秋葉原昭和通り口店,Webサイト,https://bassontop.tokyo.jp/band/akihabara/,200.0,OK,https://www.bassontop.co.jp/band/akihabara/,True,
ピアノスタジオノア 下北沢店,Webサイト,https://www.grandpiano.jp/shimokita/,200.0,OK,https://www.grandpiano.jp/shimokita/,False,
ピアノスタジオノア 恵比寿店,Webサイト,http://www.grandpiano.jp/ebisu/,200.0,OK,https://www.grandpiano.jp:443/ebisu/,True,
ピアノスタジオノア 池袋店,Webサイト,https://www.grandpiano.jp/ikebukuro/,200.0,OK,https://www.grandpiano.jp/ikebukuro/,False,
ピアノスタジオノア 不動前店,Webサイト,https://www.grandpiano.jp/fudomae/,200.0,OK,https://www.grandpiano.jp/fudomae/,False,
カンパニードゥ・ダンスアカデミー,Webサイト,https://dancecompanydeux.jp/academy/,200.0,OK,https://dancecompanydeux.jp/academy/,False,
ピラティス&キッズダンス studio p-body,Webサイト,http://studiopbody.com/,200.0,OK,https://studiopbody.com/,True,
ピラティス＆ヨガスタジオOlulu -オルル- 練馬スタジオ,Webサイト,https://olulu-yoga.jp/,200.0,OK,https://olulu-yoga.jp/,False,
ピラティスK 銀座店,Webサイト,https://pilates-k.jp/studio/ginza?utm_source=Google_mybusiness&utm_medium=link&utm_campaign=ginza,200.0,OK,https://pilates-k.jp/topics/ginza-corona-info-20210728,True,
ファーストクラブ,Webサイト,http://amusementbarmr1stx.wixsite.com/mr1stx,200.0,OK,https://amusementbarmr1stx.wixsite.com:443/mr1stx,True,
ファイブスターズエンターテイメントチアリーディングスクール三鷹校,Webサイト,http://cheerschool.jp/,200.0,OK,https://cheerschool.jp/,True,
フィットネス カルチャー＆アート テラ Terra,Webサイト,https://www.terra-chofu.com/,200.0,OK,https://www.terra-chofu.com/,False,
ブイラボミュージカル,Webサイト,http://vlab-musical.net/,200.0,OK,https://vlab-musical.net/,True,
フラダンス教室 Hula Halau LIKO,Webサイト,https://tachikawa.mypl.net/shop/00000341923,200.0,OK,https://tachikawa.mypl.net/shop/00000341923/,False,
フラダンス教室 ハーラウ･オ･リーリーレフア,Webサイト,http://www.lililehua.com/,200.0,OK,https://lililehua.com/,True,
MDL Studio (防音スタジオ),Webサイト,https://maisondulapintokyo.wixsite.com/maison-du-lapin/studio,200.0,OK,https://maisondulapintokyo.wixsite.com/maison-du-lapin/studio,False,
フラメンコスタジオアスール,Webサイト,http://www.aikoaoki.com/,200.0,OK,http://flamenco.co.jp/,True,
IK noelle Ballet Contemporary,Webサイト,https://www.iknoelleballetcontemporary.com/,200.0,OK,https://www.iknoelleballetcontemporary.com/,False,
フラメンコスタジオマリ池袋,Webサイト,https://flamenco-mari.com/,200.0,OK,https://flamenco-mari.com/,False,
プリンセスユーダンスセンター 武蔵小山ダンススクール,Webサイト,http://princess-yu.com/,200.0,OK,http://www.princess-yu.com/,True,
ブルースペース上野御徒町,Webサイト,http://bit.ly/2MTtC4u,200.0,OK,https://upnow.jp/bluespacekanda1/uenookachimachi,True,
ブレイクダンスタジオ パワームーブ大阪,Webサイト,https://www.powermove.jp/,200.0,OK,https://www.powermove.jp/,False,
プレジャーガレージ,Webサイト,http://www.pg-g.com/,200.0,OK,https://pg-g.com/,True,
フレックススタイル 船堀校,Webサイト,http://www.flexstyleweb.com/funabori/,200.0,OK,https://www.flexstyleweb.com/funabori/,True,
ブロックオン,Webサイト,https://www.blockon.jp/,,CONNECTION_ERROR,,False,"CONNECTION_ERROR: HTTPSConnectionPool(host='www.blockon.jp', port=443): Max retries exceeded with "
ヘルシースタジオ,Webサイト,https://healthy-studio.com/,200.0,OK,https://healthy-studio.com/,False,
ペンテフラットスタジオ,Webサイト,http://penteflat.com/,200.0,OK,https://penteflat.com/,True,
ボイトレ＆ダンスの NAYUTAS（ナユタス）町田校,Webサイト,https://nayutas.net/school/machida/,200.0,OK,https://nayutas.net/school/machida/,False,
ポールダンススタジオ Grace A,Webサイト,http://www.poledance.jp/,200.0,OK,http://www.poledance.jp/,False,
ポールダンススタジオBird of Paradise,Webサイト,https://sakurakoggr.wixsite.com/birdofparadise,200.0,OK,https://sakurakoggr.wixsite.com/birdofparadise,False,
ポールダンス教室 UMBER大井町スタジオ,Webサイト,https://www.ruby-pole.com/,200.0,OK,https://ruby-pole.com/,True,
スイープスタジオ,Webサイト,http://nekonote-theater.biz/,,CONNECTION_ERROR,,False,"CONNECTION_ERROR: HTTPConnectionPool(host='nekonote-theater.biz', port=80): Max retries exceeded w"
studioハレマニ,Webサイト,https://www.studio-haremani.com/,200.0,OK,https://www.studio-haremani.com/,False,
スタジオチアベル studioCheerBell （チアダンス教室）,Webサイト,https://cheerbell-reserve.crayonsite.info/,404.0,NOT_FOUND,https://cheerbell-reserve.crayonsite.info/,False,
ホットヨガスタジオLAVA 中野坂上店,Webサイト,https://yoga-lava.com/lp/cp/virabhadra/?code=153&name=nakonosakaue&utm_source=google&utm_medium=maps_campaign=nakonosakaue&argument=zxgEiAwg&dmai=a6360df736d8bd,200.0,OK,https://yoga-lava.com/lp/cp/virabhadra/?code=153&name=nakonosakaue&utm_source=google&utm_medium=maps_campaign=nakonosakaue&argument=zxgEiAwg&dmai=a6360df736d8bd,False,
ボンジュBallerina 紀尾井町店,Webサイト,https://www.tgt-kioicho.jp/shop/list/f103.html,200.0,OK,https://www.tgt-kioicho.jp/shop/f103/,True,
Gerbera Ballet ＊ バレエ教室,Webサイト,https://gerbera-ballet.com/,200.0,OK,https://gerbera-ballet.com/,False,
スタジオルミエル,Webサイト,http://lumiere.littlestar.jp/studio/,200.0,OK,http://lumiere.littlestar.jp/studio/,False,
Legato HALL,Webサイト,https://www.smartkaigisitsu.net/properties/view/511,200.0,OK,https://www.smartkaigisitsu.net/properties/view/511,False,
マーティ株式会社,Webサイト,https://www.marty.co.jp/,200.0,OK,https://www.marty.co.jp/,False,
マイダンススクール,Webサイト,http://mydance.co.jp/,200.0,OK,https://www.mydance.co.jp/,True,
マイムダンススクール,Webサイト,https://dance-maimu.oops.jp/,200.0,OK,https://dance-maimu.oops.jp/,False,
マインクラブダンススタジオ,Webサイト,http://mineclubyutenji.com/,200.0,OK,https://www.mineclubyutenji.com/,True,
マウリ・ナニスタジオ,Webサイト,http://maulinani.com/,200.0,OK,https://www.maulinani.com/,True,
マツイダンスアカデミー,Webサイト,http://www.matsuidance.com/,200.0,OK,http://www.matsuidance.com/,False,
BUZZ レンタルスタジオ 大阪京橋店,Webサイト,https://buzz-st.com/osakakyobashi/,404.0,NOT_FOUND,https://buzz-st.com/osakakyobashi,False,
マリーコンツェルト,Webサイト,https://malykoncert.com/,200.0,OK,https://malykoncert.com/,False,
ミタニダンススタジオ,Webサイト,http://www.mitani-dance.com/,200.0,OK,http://www.mitani-dance.com/,False,
ミハタホール,Webサイト,http://www.mihata.co.jp/studio/,404.0,NOT_FOUND,https://www.mihata.co.jp/studio/,True,
ミュージックサロン アマーブルNUTSスタジオ駒込店,Webサイト,https://www.music-salon-amable.com/,200.0,OK,https://www.music-salon-amable.com/,False,
SOLARI Rental Studio 日本橋 - 日本橋人形町・馬喰町エリアのレンタルスタジオ,Webサイト,https://solari-rentalstudio.com/,200.0,OK,https://solari-rentalstudio.com/,False,
ミューズエンタープライズ（プロダクション、スクール＆レンタル）,Webサイト,http://www.muse-enterprise.com/,200.0,OK,https://muse-enterprise.com/,True,
ミルクスタジオ,Webサイト,https://milk-studio.jp/,200.0,OK,https://milk-studio.jp/,False,
メインスタジオStudio Style+,Webサイト,https://studiostyle.jp/main-studio/,200.0,OK,https://studiostyle.jp/main-studio/,False,
メゾン・ドゥ・バレエ南青山（MAISON DE BALLET Minami-Aoyama）,Webサイト,http://mbma.jp/,200.0,OK,https://mbma.jp/,True,
studio 空:k?,Webサイト,https://www.instabase.jp/space/5734550284?cat=salon,200.0,OK,https://www.instabase.jp/space/5734550284?cat=salon,False,
モダミカ アートプラザ,Webサイト,http://www.modamica.jp/,200.0,OK,https://modamica.jp/,True,
モダン出版株式会社,Webサイト,https://www.danceview.co.jp/,200.0,OK,https://www.danceview.co.jp/,False,
モノダンススタジオ 八王子校,Webサイト,https://www.monodance.com/,200.0,OK,https://monodance.com/,True,
ヤナガワダンススタジオ ボールルームダンス(社交ダンス)教室,Webサイト,https://www.yanagawadance.com/,200.0,OK,https://www.yanagawadance.com/,False,
ヨガ ピラティス NATURAglam 中目黒スタジオ,Webサイト,http://www.naturaglam.com/nakameguro/,200.0,OK,https://www.naturaglam.com/nakameguro/,True,
ヨガ ピラティス ベリーダンス NATURAglam 三軒茶屋スタジオ,Webサイト,http://www.naturaglam.com/sangenjaya/,200.0,OK,https://www.naturaglam.com/sangenjaya/,True,
ヨガ・ピラティススタジオSerenita西新井店,Webサイト,http://yoga-serenita.com/,,CONNECTION_ERROR,,False,"CONNECTION_ERROR: HTTPConnectionPool(host='yoga-serenita.com', port=80): Max retries exceeded with"
ヨガスタジオNOA 秋葉原校,Webサイト,http://www.noa-yoga.com/,200.0,OK,https://www.noa-yoga.com/,True,
ラ・ダンサフラメンコスタジオ,Webサイト,https://estudioladanza.net/,200.0,OK,https://estudioladanza.net/,False,
リアクション2MANA,Webサイト,https://www.reaction-no2mana.com/,200.0,OK,https://www.reaction-no2mana.com/,False,
リアクション2はなれ,Webサイト,https://www.reaction-no2hanare.com/,200.0,OK,https://www.reaction-no2hanare.com/,False,
363_AmitySpace神田/日本橋,Webサイト,https://www.instabase.jp/space/5468001035,200.0,OK,https://www.instabase.jp/space/5468001035,False,
SPACE AVAILABLE 浅草橋,Webサイト,https://www.space-avail.com/,200.0,OK,https://space-avail.com/,True,
リーホースタジオ,Webサイト,https://lee-hos-studio.com/,200.0,OK,https://www.lee-hos-studio.com/,True,
リズムアートダンススタジオ,Webサイト,http://rhythm-art.jp/,200.0,OK,http://www.rhythm-art.jp/,True,
リハーサルスタジオ,Webサイト,https://studiobpm.jp/remote/,200.0,OK,https://studiobpm.jp/remote/,False,
ルミエールバレエスタジオ,Webサイト,https://oimachi-lbs.com/,200.0,OK,https://oimachi-lbs.com/,False,
レキップバレエスタジオ,Webサイト,https://kimkimr628.wixsite.com/balletlequipe,200.0,OK,https://kimkimr628.wixsite.com/balletlequipe,False,
レンタルスタジオ,Webサイト,http://studioespec.jp/,200.0,OK,http://studioespec.jp/,False,
レンタルスタジオ,Webサイト,http://hula-tahiti.com/rental-studio/,200.0,OK,http://hula-tahiti.com/rental-studio/,False,
レンタルスタジオ 【MO-LE STUDIO】,Webサイト,http://www.mo-le.com/,200.0,OK,https://www.mo-le.com/,True,
レンタルスタジオ ATELIER K.K. ?アトリエKK?,Webサイト,http://kaztapstudio.com/atelierkk.html,,CONNECTION_ERROR,,False,"CONNECTION_ERROR: HTTPConnectionPool(host='kaztapstudio.com', port=80): Max retries exceeded with "
レンタルスタジオ D-Base 高津店,Webサイト,https://st-dbase.jp/,200.0,OK,https://st-dbase.jp/,False,
アテール明大前第２スタジオ（レンタルスタジオ）,Webサイト,https://a-terre.com/studio2/,200.0,OK,https://a-terre.com/studio2/,False,
レンタルスタジオ Grip 下高井戸,Webサイト,https://studio-s77.com/,200.0,OK,https://studio-s77.com/,False,
レンタルスタジオ Gスクエア,Webサイト,https://g-square-kitasenju.jimdofree.com/,200.0,OK,https://g-square-kitasenju.jimdofree.com/,False,
レンタルスタジオ HIKARI 高田馬場,Webサイト,https://hikari-studio.net/,200.0,OK,https://hikari-studio.net/,False,
八王子レンタルスタジオ・アドレ,Webサイト,https://rentalstudio-adorea.com/,200.0,OK,https://rentalstudio-adorea.com/,False,
レンタルスタジオ STUDIO ZERO 立川南口店,Webサイト,https://zero-studio.jp/tachikawa/,200.0,OK,https://zero-studio.jp/tachikawa/,False,
レンタルスタジオ KeikoBa P,Webサイト,https://www.keikoba-p.com/,404.0,NOT_FOUND,https://www.keikoba-p.com/,False,
レンタルスタジオ C-STUDIO,Webサイト,https://bottled1999cask.wixsite.com/c-studio,200.0,OK,https://bottled1999cask.wixsite.com/c-studio,False,
レンタルスタジオ LOOP,Webサイト,http://space-loop.biz/,200.0,OK,http://space-loop.biz/,False,
レンタルスタジオ Starshine,Webサイト,https://nahokuokahealanijp.com/alohayoga/,200.0,OK,https://nahokuokahealanijp.com/alohayoga/,False,
レンタルスタジオ studio agend 浦安・市川,Webサイト,http://agend.net/,200.0,OK,http://agend.net/,False,
レンタルスタジオ Studio One,Webサイト,https://website-705677522510421405750-recordingstudio.business.site/?utm_source=gmb&utm_medium=referral,404.0,NOT_FOUND,https://website-705677522510421405750-recordingstudio.business.site/?utm_source=gmb&utm_medium=referral,False,
レンタルスタジオ STUDIO ZERO 町田ターミナル口店,Webサイト,https://zero-studio.jp/machida/,200.0,OK,https://zero-studio.jp/machida/,False,
レンタルスタジオ アーマーズピンクドア,Webサイト,http://planet-hand.com/,200.0,OK,https://www.planet-hand.com/,True,
レンタルスタジオ シンデレラドリーム,Webサイト,http://rentalstudio-cinderella.com/,200.0,OK,https://rentalstudio-cinderella.com/,True,
レンタルスタジオ スタジオサイ,Webサイト,http://kikh.com/studiosai/,200.0,OK,http://kikh.com/studiosai/,False,
studio KAJIMAYA,Webサイト,https://studiokajimaya.com/,200.0,OK,https://studiokajimaya.com/,False,
レンタルスタジオ ふわり,Webサイト,https://fuwarimusic.jp/studio/,200.0,OK,https://fuwarimusic.jp/studio/,False,
レンタルスタジオ ワンデースタジオ,Webサイト,http://oneday-studio.com/,200.0,OK,http://oneday-studio.com/,False,
BUZZ レンタルスタジオ八王子店,Webサイト,https://buzz-st.com/hachioji/,404.0,NOT_FOUND,https://buzz-st.com/hachioji,False,
レンタルスタジオ・レンタルスペース ZEAL STUDIOS,Webサイト,http://zeal-studios.com/?utm_source=google&utm_medium=map,200.0,OK,https://zeal-studios.com/?utm_source=google&utm_medium=map,True,
スタジオ カノン 東町店,Webサイト,https://spacemarket.com/p/sp/0_c_mhwv6awbu3g2,404.0,NOT_FOUND,https://www.spacemarket.com/spaces/0_c_mhwv6awbu3g2/,True,
レンタルスタジオ「マナビバ」戸越スタジオ,Webサイト,https://lin.ee/8Izvsdws,404.0,NOT_FOUND,https://line.me/R/ti/p/@296msxpw?oat_content=url,True,
レンタルスタジオ/ステップ東村山１号店,Webサイト,https://tokyo-step.space/,200.0,OK,https://tokyo-step.space/,False,
レンタルスタジオ8 NORTH GATE,Webサイト,http://studio.8ng.net/,200.0,OK,https://studio.8ng.net/,True,
レンタルスタジオALOALO,Webサイト,https://upnow.jp/aloalostudio/%E3%83%AC%E3%83%B3%E3%82%BF%E3%83%AB%E3%82%B9%E3%82%BF%E3%82%B8%E3%82%AAaloalo,200.0,OK,https://upnow.jp/aloalostudio/%E3%83%AC%E3%83%B3%E3%82%BF%E3%83%AB%E3%82%B9%E3%82%BF%E3%82%B8%E3%82%AAaloalo,False,
レンタルスタジオART FACTORY淡路店,Webサイト,http://www.artfactory-studio.com/,200.0,OK,https://artfactory-studio.com/,True,
レンタルスタジオCLI CLI,Webサイト,https://clicli.shopinfo.jp/,200.0,OK,https://clicli.shopinfo.jp/,False,
レンタルスタジオreimei Tachikawa,Webサイト,https://reimeikunitachi.com/,200.0,OK,https://reimeikunitachi.com/,False,
レンタルスタジオStudioIrodori赤羽橋,Webサイト,https://studioirodori.com/,200.0,OK,https://studioirodori.com/,False,
レンタルスタジオひより,Webサイト,https://rs-hiyori.com/,200.0,OK,https://rs-hiyori.com/,False,
レンタルスタジオ葛西,Webサイト,https://freespacekasai.jimdofree.com/,200.0,OK,https://freespacekasai.jimdofree.com/,False,
レンタルスタジオ池袋・駒込マイックル,Webサイト,http://komagome-maikkuru.com/,200.0,OK,http://komagome-maikkuru.com/,False,
レンタルスペース リノスペcamp東京ドーム,Webサイト,https://spacemarket.com/p/9kYzzB9XHqEelXGk,404.0,NOT_FOUND,https://www.spacemarket.com/spaces/9kYzzB9XHqEelXGk/rooms/9kYzzB9XHqEelXGk/,True,
レンタルスペース・スタジオ,Webサイト,https://www.kudo-ota.com/space,200.0,OK,https://www.kudo-ota.com/space,False,
レンタルリレイション(下馬校),Webサイト,http://dance-relation.com/,200.0,OK,https://dance-relation.com/,True,
レンタル撮影スタジオDOLLY飯田橋1号店,Webサイト,https://spacemarket.com/p/Cy9iFcytXTKh0IMD,404.0,NOT_FOUND,https://www.spacemarket.com/spaces/Cy9iFcytXTKh0IMD/rooms/Cy9iFcytXTKh0IMD/,True,
ロゼッタスタジオ錦糸町,Webサイト,https://kinshicho.studiosquare.jp/,200.0,OK,https://kinshicho.studiosquare.jp/,False,
ワーサルレンタルスタジオ（Aスタジオ）,Webサイト,https://worsal.com/rental/index.html#studio-a,200.0,OK,https://worsal.com/rental/index.html#studio-a,False,
ワーサルレンタルスタジオ（Cスタジオ）,Webサイト,https://worsal.com/rental/studio_c.html,200.0,OK,https://worsal.com/rental/studio_c.html,False,
ポールダンススタジオ アンジュエル豊田校,Webサイト,http://www.annjewelpole.com/,200.0,OK,https://annjewelpole.com/,True,
安城市クロスポート音楽教室＆ダンススクール日の出町校,Webサイト,http://www.crospport.com/,200.0,OK,https://www.crospport.com/,True,
伊藤ダンススクールＫＡＮＡＭＡＣＨＩ,Webサイト,https://ito-danceschool.com/,200.0,OK,https://ito-danceschool.com/,False,
レンタルダンススタジオTerrace八王子,Webサイト,https://terrace-hachioji.com/,,CONNECTION_ERROR,,False,"CONNECTION_ERROR: HTTPSConnectionPool(host='terrace-hachioji.com', port=443): Max retries exceeded"
永福町スタジオ/ライマーラマ:タヒチアンダンススタジオ,Webサイト,http://www.raimarama.com/,200.0,OK,https://raimarama.com/tahiti/,True,
Studio Bis,Webサイト,http://studio-bis.tokyo/,200.0,OK,https://studio-bis.tokyo/,True,
演劇稽古場ファンファーレレンタルスタジオ高田馬場,Webサイト,https://atelier-fanfare.jp/,200.0,OK,https://atelier-fanfare.jp/,False,
遠藤ユキヒコ・ダンススタジオ 新浦安教室,Webサイト,https://endo-dance.com/,200.0,OK,https://endo-dance.com/,False,
塩野啓子バレエスタジオ,Webサイト,http://shionoballet.jp/,200.0,OK,http://shionoballet.jp/,False,
押上SORAスタジオ2,Webサイト,http://os-rental.com/,200.0,OK,https://os-rental.com/,True,
押上とうきょうスカイツリーSORAスタジオ,Webサイト,http://oshiage-rental.com/,200.0,OK,https://oshiage-rental.com/,True,
王子飛鳥山レンタルスタジオ,Webサイト,https://oji.studiosquare.jp/,200.0,OK,https://oji.studiosquare.jp/,False,
Premium Machine Pilates 白金高輪駅前店,Webサイト,https://www.premium-yoga-pilates.com/machine,200.0,OK,https://www.premium-yoga-pilates.com/machine,False,
SHARE TAKANAWA,Webサイト,https://www.takanawa.space/,200.0,OK,https://www.takanawa.space/,False,
音楽スタジオ ensemble(アンサンブル),Webサイト,http://s-ens.net/,200.0,OK,https://s-ens.net/,True,
下北沢 ヴィンテージスタジオ,Webサイト,http://vintage.studiosquare.jp/,200.0,OK,https://vintage.studiosquare.jp/,True,
加藤みや子ダンススペース ANNEX SENGAWA-FACTORY,Webサイト,https://www.asfkdspace.com/,200.0,OK,https://asfkdspace.com/,True,
家泉ダンススクール,Webサイト,http://www.iezumidance.com/,200.0,OK,https://iezumidance.com/,True,
花柳 珠絃,Webサイト,https://www.hanayagi-tamaito.com/about_us/,200.0,OK,https://www.hanayagi-tamaito.com/about_us/,False,
外苑前アイランドスタジオ,Webサイト,https://www.ai-land.co.jp/studio/?utm_source=mybusiness,200.0,OK,https://www.ai-land.co.jp/studio/?utm_source=mybusiness,False,
学園坂スタジオ,Webサイト,https://www.gakuenzaka.com/,200.0,OK,https://www.gakuenzaka.com/,False,
楽?can,Webサイト,http://rakucan.com/,200.0,OK,http://rakucan.com/,False,
株式会社Dia Corporation,Webサイト,https://www.instabase.jp/space/7048473698,200.0,OK,https://www.instabase.jp/space/7048473698,False,
株式会社expg family,Webサイト,http://www.e-t-c.net/,200.0,OK,https://www.e-t-c.net/,True,
Studio Cosmique（スタジオコスミーク）,Webサイト,http://studiocosmique.com/,200.0,OK,https://studiocosmique.com/,True,
株式会社ZERO CREATION（Dance Studio FOCUS）,Webサイト,http://dancestudio-focus.com/,200.0,OK,https://dancestudio-focus.com/,True,
蒲田COZYレンタルダンススタジオ,Webサイト,https://cozy.studiosquare.jp/,200.0,OK,https://cozy.studiosquare.jp/,False,
吉祥寺 レンタルスタジオ LC Rental,Webサイト,http://lcrental.xyz/,200.0,OK,http://lcrental.xyz/,False,
吉祥寺 吉すた レンタルスタジオ,Webサイト,https://kichijoji.studiosquare.jp/,200.0,OK,https://kichijoji.studiosquare.jp/,False,
吉祥寺 三鷹 モリノスタジオ,Webサイト,https://morino.studiosquare.jp/,200.0,OK,https://morino.studiosquare.jp/,False,
吉祥寺スタジオ・レダ,Webサイト,http://www.studioleda.com/,404.0,NOT_FOUND,http://www.studioleda.com/,False,
吉祥寺ダンスガレージ レンタルスタジオ,Webサイト,https://garage.studiosquare.jp/,200.0,OK,https://garage.studiosquare.jp/,False,
吉祥寺ダンススタジオ【STUDIO55】スタジオゴーゴー,Webサイト,https://www.studio55.tv/,200.0,OK,https://www.studio55.tv/,False,
宮益坂十間スタジオ,Webサイト,http://www.jikkenst.com/,200.0,OK,https://www.jikkenst.com/,True,
宮地楽器 MUSIC JOY 府中 ヤマハ音楽教室,Webサイト,http://www.miyajimusic.com/school/mjfuchu/,200.0,OK,http://www.miyajimusic.com/school/mjfuchu/,False,
宮地楽器 国分寺センター,Webサイト,https://www.miyajimusic.com/school/kokubunji/,200.0,OK,https://www.miyajimusic.com/school/kokubunji/,False,
GUIDANCE DANCE STUDIO,Webサイト,https://www.guidance-studio.com/,200.0,OK,https://www.guidance-studio.com/,False,
京橋ララサロン（KYOBASHI LALA SALON）,Webサイト,https://www.instabase.jp/space/2350926945,200.0,OK,https://www.instabase.jp/space/2350926945,False,
鏡陽司ダンススタジオ,Webサイト,https://www.dancehall-k.com/,,CONNECTION_ERROR,,False,"CONNECTION_ERROR: HTTPSConnectionPool(host='www.dancehall-k.com', port=443): Max retries exceeded "
金町 レンタルスタジオ ダンスロッヂ,Webサイト,https://lodge.studiosquare.jp/,200.0,OK,https://lodge.studiosquare.jp/,False,
金町カフェレンタルスタジオ,Webサイト,https://kanamachi.inforent.jp/,200.0,OK,https://kanamachi.inforent.jp/,False,
銀座花道スタジオ,Webサイト,https://ginza.studiosquare.jp/,200.0,OK,https://ginza.studiosquare.jp/,False,
駒場アートワークス,Webサイト,https://www.artworks-st.com/komaba,200.0,OK,https://www.artworks-st.com/komaba,False,
駒沢ダンスガーデン,Webサイト,http://komadaga.la.coocan.jp/,404.0,NOT_FOUND,http://komadaga.la.coocan.jp/,False,
恵比寿ガーデンプレイス,Webサイト,https://gardenplace.jp/,200.0,OK,https://gardenplace.jp/,False,
恵比寿ヒルサイドスタジオ,Webサイト,http://ebisustudio.tokyo/studio/,403.0,BLOCKED,http://ebisustudio.tokyo/studio/,False,
結城ダンス教室,Webサイト,http://youki-dk.com/,200.0,OK,http://youki-dk.com/,False,
月島スタジオ,Webサイト,https://www.daikanyamastudio.jp/studio_space/studio_tsukishima/,200.0,OK,https://www.daikanyamastudio.jp/studio_space/studio_tsukishima/,False,
原宿MOA,Webサイト,https://harajuku.inforent.jp/,200.0,OK,https://harajuku.inforent.jp/,False,
ENJOINT DANCE CLUB,Webサイト,http://www.enjoint.tokyo/,200.0,OK,https://www.enjoint.tokyo/,True,
御茶ノ水 おちゃすた レンタルスタジオ,Webサイト,https://ocha.studiosquare.jp/,200.0,OK,https://ocha.studiosquare.jp/,False,
Akimotoレンタルスタジオ,Webサイト,https://www.rentalspace-akimoto.com/,200.0,OK,https://www.rentalspace-akimoto.com/,False,
御茶ノ水 レンタルスタジオ,Webサイト,https://ochanomizu.inforent.jp/,200.0,OK,https://ochanomizu.inforent.jp/,False,
御殿山永谷ダンススタジオ,Webサイト,http://www.ntgp.co.jp/,200.0,OK,http://www.ntgp.co.jp/,False,
広尾ピースオブモダンダンススタジオ,Webサイト,https://pomdance.com/,200.0,OK,https://pomdance.com/,False,
江古田ダンスアカデミー,Webサイト,http://www.ekoda-dance.com/,200.0,OK,https://www.ekoda-dance.com/,True,
高円寺 フェニックス レンタルスタジオ,Webサイト,https://phoenix.studiosquare.jp/,200.0,OK,https://phoenix.studiosquare.jp/,False,
高円寺・中野レンタルダンススタジオEmotions,Webサイト,https://studio-emotions.com/,200.0,OK,https://studio-emotions.com/,False,
高円寺スタジオ,Webサイト,https://kouenji-studio.com/,200.0,OK,https://kouenji-studio.com/,False,
高円寺フェニックススタジオ,Webサイト,http://phoenix.studiosquare.jp/,200.0,OK,https://phoenix.studiosquare.jp/,True,
高田馬場 ペガサス,Webサイト,https://pegasus.studiosquare.jp/,200.0,OK,https://pegasus.studiosquare.jp/,False,
麹町スタジオ,Webサイト,http://www.kpla.co.jp/studio/,200.0,OK,https://www.kpla.co.jp/studio/,True,
国分寺 プレイス レンタルスタジオ,Webサイト,https://kokubunji.studiosquare.jp/,200.0,OK,https://kokubunji.studiosquare.jp/,False,
国立ミュージカルスタジオ,Webサイト,http://un-even.com/,200.0,OK,http://un-even.com/,False,
佐々木隆子タップダンススタジオ（蒲田本部スタジオ）,Webサイト,https://gooschool.jp/sc/7104147/sh0001/,200.0,OK,https://gooschool.jp/sc/7104147/sh0001/,False,
タイムズ東京タワーサイド第２,Webサイト,https://times-info.net/P13-tokyo/C103/park-detail-BUK0032408/?utm_source=detail&utm_medium=map&utm_campaign=mybusiness,200.0,OK,https://times-info.net/P13-tokyo/C103/park-detail-BUK0032408/?utm_source=detail&utm_medium=map&utm_campaign=mybusiness,False,
桜丘けい子ジャズダンススタジオ,Webサイト,https://sakuraokajazz.wixsite.com/sakujazz,200.0,OK,https://sakuraokajazz.wixsite.com/sakujazz,False,
撮影スタジオ【スタジオトランバネーロ】,Webサイト,http://studio-tranbanero.jp/,200.0,OK,https://studio-tranbanero.jp/,True,
三浦恵子ダンススタジオ,Webサイト,http://www.miura-ds.com/,200.0,OK,https://www.miura-ds.com/,True,
三軒茶屋 銀杏の葉 レンタルダンススタジオ,Webサイト,https://icho.studiosquare.jp/,200.0,OK,https://icho.studiosquare.jp/,False,
三軒茶屋リーフスタジオ,Webサイト,http://leaf.studiosquare.jp/,200.0,OK,http://leaf.studiosquare.jp/,False,
山県順子モダンバレエスタジオ,Webサイト,http://www.yoriko-dance.com/index.html,200.0,OK,http://www.yoriko-dance.com/index.html,False,
山田誠ダンススタジオ,Webサイト,http://www7b.biglobe.ne.jp/~yamadamakotodance/,200.0,OK,http://www7b.biglobe.ne.jp/~yamadamakotodance/,False,
仕田原 京 バレエスタジオ,Webサイト,http://www.miyako-ballet.biz/,200.0,OK,https://www.miyako-ballet.biz/,True,
寺島ゆかりバレエクラス スタジオ マカロン,Webサイト,http://macaron-ballet.jp/,200.0,OK,https://macaron-ballet.jp/,True,
自由が丘 セレナヴィータ レンタルスタジオ,Webサイト,https://jiyugaoka.studiosquare.jp/,200.0,OK,https://jiyugaoka.studiosquare.jp/,False,
自由が丘バレエレンタルスタジオ＆ピアノスタジオ 『バレット＆ピアノフォルテ』,Webサイト,http://balletto-pianoforte.com/,200.0,OK,https://ypsilon-i.com/,True,
自由が丘フラスタジオ LAKI ALOHA,Webサイト,https://lakialoha.com/,200.0,OK,https://lakialoha.com/,False,
舎人公園 ドッグラン,Webサイト,https://www.tokyo-park.or.jp/park/format/facilities024.html,200.0,OK,https://www.tokyo-park.or.jp/park/toneri/facility/,True,
社交ダンススタジオリハーサル,Webサイト,http://www.st-rehearsal.com/,200.0,OK,https://www.st-rehearsal.com/,True,
社交ダンス教室セイブグローリーダンス,Webサイト,http://www.s-glory-dance.com/,200.0,OK,https://s-glory-dance.com/,True,
秋葉原スクエアスタジオ,Webサイト,https://akihabara2.inforent.jp/,200.0,OK,https://akihabara2.inforent.jp/,False,
Studio Sun-Sea,Webサイト,https://studiorentalspace-sun-sea.com/,200.0,OK,https://studiorentalspace-sun-sea.com/,False,
秋葉原ブルーハス レンタルスタジオ,Webサイト,https://akihabara.inforent.jp/,200.0,OK,https://akihabara.inforent.jp/,False,
秋葉原レッスンスタジオてらこや,Webサイト,https://teracoya.tokyo/,200.0,OK,https://teracoya.tokyo/,False,
秋葉原レンタルスペース.東京,Webサイト,https://www.akihabara-rental-space.tokyo/,200.0,OK,https://akihabara-rental-space.tokyo/,True,
渋谷 レンタルスタジオ スタジオミッション studio mission,Webサイト,http://www.studio-mission.com/,200.0,OK,https://www.studio-mission.com/,True,
渋谷・代官山・バレエ,Webサイト,https://shibuya-daikanyama-ballet.com/,200.0,OK,https://shibuya-daikanyama-ballet.com/,False,
渋谷RIZEスタジオ,Webサイト,http://shibuya-rize.com/,200.0,OK,https://shibuya-rize.com/,True,
渋谷笹塚スタジオ,Webサイト,http://sasazuka.inforent.jp/,200.0,OK,https://sasazuka.inforent.jp/,True,
BUZZ レンタルスタジオ 日暮里店,Webサイト,https://buzz-st.com/nippori/,404.0,NOT_FOUND,https://buzz-st.com/nippori,False,
BUZZ レンタルスタジオ 西日暮里店,Webサイト,https://buzz-st.com/nishinippori/,404.0,NOT_FOUND,https://buzz-st.com/nishinippori,False,
女性専用フィットネスジム ミットネス 赤坂店,Webサイト,https://mittness.jp/shop-akasaka/?utm_source=google&utm_medium=map&utm_campaign=akasaka,200.0,OK,https://mittness.jp/shop/shop-akasaka/?utm_source=google&utm_medium=map&utm_campaign=akasaka,True,
小林清ダンススクール・サンライズスタジオ,Webサイト,https://newlod.com/school/132072,200.0,OK,https://newlod.com/ballroom-dance-school/132072/,True,
松井亜希子 バレエスタジオ,Webサイト,http://akikomatsui-balletstudio.com/,200.0,OK,https://akikomatsui-balletstudio.com/,True,
BUZZ竹ノ塚,Webサイト,https://buzz-st.com/takenotsuka,404.0,NOT_FOUND,https://buzz-st.com/takenotsuka,False,
ボイストレーニングスクールNAYUTAS（ナユタス）北千住校,Webサイト,https://nayutas.net/school/kitasenju/,200.0,OK,https://nayutas.net/school/kitasenju/,False,
笑舞CHEER&DANCE STUDIO 板橋スクール,Webサイト,https://www.shobucheerdance.com/,200.0,OK,https://www.shobucheerdance.com/,False,
城北公園前レンタルスタジオ,Webサイト,http://jrds.jp/,200.0,OK,http://jrds.jp/,False,
新宿 | PECO先生のベリーダンス スクール・アンジェリカ,Webサイト,https://www.bellydanceangelica.com/shinjuku,404.0,NOT_FOUND,https://www.bellydanceangelica.com/shinjuku,False,
新宿 だんすた レンタルスタジオ,Webサイト,https://shinjuku2.inforent.jp/,200.0,OK,https://shinjuku2.inforent.jp/,False,
新宿 大久保 BMT レンタルスタジオ,Webサイト,https://shinjuku.inforent.jp/,200.0,OK,https://shinjuku.inforent.jp/,False,
新宿・大久保マイックル,Webサイト,http://maikkuru.com/,200.0,OK,https://maikkuru.com/,True,
新宿マイスタジオ,Webサイト,http://shinjukustudio.jp/,200.0,OK,https://www.shinjukustudio.jp/,True,
新宿御苑前スタジオ,Webサイト,https://www.studio-barbie.jp/06/,200.0,OK,https://www.studio-barbie.jp/06/,False,
新宿村スタジオ,Webサイト,http://www.shinjukumura.co.jp/,200.0,OK,https://www.shinjukumura.co.jp/,True,
森下スタジオ,Webサイト,https://www.saison.or.jp/studio,200.0,OK,https://www.saison.or.jp/studio,False,
森山みえフラメンコ教室,Webサイト,http://www.miemoriyama.jp/,200.0,OK,http://www.miemoriyama.jp/,False,
森谷クラシックバレエ,Webサイト,http://www.moriya-classicballet.com/,200.0,OK,https://moriya-classicballet.com/,True,
神楽坂バレエクラス,Webサイト,http://kagurazaka-ballet.com/,200.0,OK,https://www.kagurazaka-ballet.com/,True,
神楽坂フミバレエアカデミー,Webサイト,https://www.fumiballet.com/,200.0,OK,https://www.fumiballet.com/,False,
神宮 外苑 フィットネス クラブ サマディ ダンス スクール,Webサイト,https://www.samadhiclub.jp/,200.0,OK,https://www.samadhiclub.jp/,False,
水村繁子フラメンコスタジオ,Webサイト,http://www.estudioreina.com/,200.0,OK,https://www.estudioreina.com/,True,
水道橋ダンススタジオ,Webサイト,http://sds.velvet.jp/,200.0,OK,http://sds.velvet.jp/,False,
杉並だんすアトリウム,Webサイト,http://atrium.studiosquare.jp/,200.0,OK,https://atrium.studiosquare.jp/,True,
菅井ダンス・スタジオ,Webサイト,http://sugai-dance.com/,200.0,OK,http://sugai-dance.com/,False,
世界のダンススクール Studio Amrita World Dance Class,Webサイト,http://class.studioamrita.com/,200.0,OK,https://class.studioamrita.com/,True,
正路あすかフラメンコ教室 エストゥディオ カニャイージャ,Webサイト,https://estudiocanailla.com/,200.0,OK,https://estudiocanailla.com/,False,
清瀬のレンタルスタジオ｜ダンススタジオ｜レンタルスタジオ｜レンタルスペース【studio NEW YORK】,Webサイト,https://www.g-ma.com/studio-new-york/kiyose,404.0,NOT_FOUND,https://www.g-ma.com/studio-new-york/kiyose,False,
スタジオＲ,Webサイト,http://studior.tokyo/,200.0,OK,https://studior.tokyo/,True,
西葛西ダンススタジオ mind-blowing,Webサイト,https://www.studio-mind-blowing.com/,200.0,OK,https://www.studio-mind-blowing.com/,False,
スタジオアンダンティーノ,Webサイト,https://studio-andantino.com/index.html,200.0,OK,https://studio-andantino.com/index.html,False,
西島ダンスアカデミィＫ２,Webサイト,https://www.koji-nishijima.com/,200.0,OK,https://www.koji-nishijima.com/,False,
青木愛子 スペイン舞踊研究所,Webサイト,http://flamenco.co.jp/,200.0,OK,http://flamenco.co.jp/,False,
斉藤ひろ子バレエスタジオ,Webサイト,http://saito-bs.o.oo7.jp/,200.0,OK,http://saito-bs.o.oo7.jp/,False,
石原ダンスクラブ 本店,Webサイト,http://www.ishiharadance.jp/,200.0,OK,http://ishiharadance.jp/,True,
石原ヒサシダンススクール,Webサイト,https://ishiharadance.com/,200.0,OK,https://ishiharadance.com/,False,
梅島ミアスタジオ,Webサイト,https://www.spacemarket.com/spaces/wj4q6vc5lur1jgmm/,200.0,OK,https://www.spacemarket.com/spaces/wj4q6vc5lur1jgmm/,False,
石川須?子・田中いづみダンスアカデミー,Webサイト,https://www.ishikawadance.com/,200.0,OK,https://www.ishikawadance.com/,False,
赤レンガ・バレエスタジオStudioStyle+,Webサイト,https://studiostyle.jp/akarenga-ballet-studio/,200.0,OK,https://studiostyle.jp/akarenga-ballet-studio/,False,
赤レンガ・プレイスタジオStudioStyle+,Webサイト,https://studiostyle.jp/akarenga-play-studio,200.0,OK,https://studiostyle.jp/akarenga-play-studio/,False,
赤レンガ・ライブスタジオStudioStyle+,Webサイト,https://studiostyle.jp/akarenga-live-studio,200.0,OK,https://studiostyle.jp/akarenga-live-studio/,False,
ココのスタジオ,Webサイト,https://ameblo.jp/magohinyon1214/entry-12804781106.html,200.0,OK,https://ameblo.jp/magohinyon1214/entry-12804781106.html,False,
赤坂茜山スタジオ,Webサイト,http://akasaka.studiosquare.jp/,200.0,OK,https://akasaka.studiosquare.jp/,True,
仙川 スタジオ 舞仙 レンタルダンススタジオ,Webサイト,https://sengawa.studiosquare.jp/,200.0,OK,https://sengawa.studiosquare.jp/,False,
浅草スタジオ２２６,Webサイト,http://asakusastudio226.com/,200.0,OK,https://asakusastudio226.com/,True,
早坂ダンススタジオ,Webサイト,https://hayasaka-dance-school.com/,200.0,OK,https://hayasaka-dance-school.com/,False,
Starbox,Webサイト,http://starbox.jp/,200.0,OK,https://starbox.jp/,True,
村山・横川バレエスクール,Webサイト,https://www.m-ballet.com/,200.0,OK,https://www.m-ballet.com/,False,
多々納みわ子バレエスタジオ,Webサイト,http://www.ballet-studio.com/,200.0,OK,https://www.ballet-studio.com/,True,
多摩市ダンススクールFANTASY,Webサイト,https://www.fantasy-dance.com/,200.0,OK,https://www.fantasy-dance.com/,False,
多目的スペース「時々海風が吹くスタジオ」,Webサイト,http://seisakuplus.com/umikazestudio/,200.0,OK,https://seisakuplus.com/umikazestudio/,True,
多目的貸スタジオ-TSスタジオ,Webサイト,http://makeuponeslife.site/,200.0,OK,https://makeuponeslife.site/,True,
体幹・柔軟性強化&ポールダンス スタジオWeBA（ウィーバ）,Webサイト,https://weba.style/,200.0,OK,https://weba.style/,False,
貸し会議室 & 全国蕎麦製粉会館【JK Room 駒込】,Webサイト,https://jk-room.com/location.html#komagome,200.0,OK,https://jk-room.com/location.html#komagome,False,
貸スペース 東京レンタルスタジオ,Webサイト,http://tokyo-rs.jp/,,CONNECTION_ERROR,,False,"CONNECTION_ERROR: HTTPConnectionPool(host='tokyo-rs.jp', port=80): Max retries exceeded with url: "
貸ホールスペース６,Webサイト,http://www.6bangai.com/shop/koten/six.html,,SSL_ERROR,,False,"SSL_ERROR: HTTPSConnectionPool(host='www.6bangai.com', port=443): Max retries exceeded with"
貸空間スタジオStudioStyle+,Webサイト,https://studiostyle.jp/kashikukan-studio/,404.0,NOT_FOUND,https://studiostyle.jp/kashikukan-studio/,False,
代々木アフタースクールCreo BOX,Webサイト,https://creobox.jp/,200.0,OK,https://creobox.jp/,False,
代官山スタジオ,Webサイト,http://daikanyamastudio.jp/,200.0,OK,https://www.daikanyamastudio.jp/,True,
大宮 ラージス レンタルスタジオ,Webサイト,https://omiya.studiosquare.jp/,200.0,OK,https://omiya.studiosquare.jp/,False,
大人バレエMiho Ballet Arts下高井戸,Webサイト,http://miho-arts.com/,200.0,OK,https://miho-arts.com/,True,
大人バレエアカデミー 錦糸町スタジオ,Webサイト,https://personalballet.com/academy/kinshichou,200.0,OK,https://personalballet.com/academy/kinshichou,False,
大人バレエシェリ 東京銀座スタジオ,Webサイト,https://cheriegroup.com/adult/ginza/,200.0,OK,https://cheriegroup.com/adult/ginza/,False,
大泉学園ノートル,Webサイト,https://oizumi.studiosquare.jp/,200.0,OK,https://oizumi.studiosquare.jp/,False,
大谷哲章バレエスタジオアプロン,Webサイト,http://www5f.biglobe.ne.jp/~aplomb/,404.0,NOT_FOUND,http://www5f.biglobe.ne.jp/~aplomb/,False,
大門スタジオ,Webサイト,http://www.magnux.co.jp/postpro/,200.0,OK,https://www.magnux.co.jp/pospro-studio,True,
第一ホテル東京 フィットネス&アクアゾーン,Webサイト,https://www.hankyu-hotel.com/hotel/dh/dhtokyo/contents/refacilities?utm_source=googlemybusiness&utm_medium=organic,200.0,OK,https://www.hankyu-hotel.com/hotel/dh/dhtokyo/contents/refacilities?utm_source=googlemybusiness&utm_medium=organic,False,
池村ダンススクール,Webサイト,https://peraichi.com/landing_pages/view/ikemuradance/,200.0,OK,https://peraichi.com/landing_pages/view/ikemuradance/,False,
池袋 MIB,Webサイト,https://mib.studiosquare.jp/,200.0,OK,https://mib.studiosquare.jp/,False,
池袋 ミント,Webサイト,https://mint.studiosquare.jp/,200.0,OK,https://mint.studiosquare.jp/,False,
池袋ルピナス,Webサイト,https://ikebukuro.inforent.jp/,200.0,OK,https://ikebukuro.inforent.jp/,False,
池袋レンタルスタジオ Studio M Ikebukuro Tokyo,Webサイト,http://mstudio-ikebukuro.com/,200.0,OK,https://mstudio-ikebukuro.com/,True,
池田山ノブレスレンタルスタジオ（五反田駅）,Webサイト,https://ikedayama.studiosquare.jp/,200.0,OK,https://ikedayama.studiosquare.jp/,False,
中目黒 すわ山 レンタルスタジオ,Webサイト,https://suwayama.studiosquare.jp/,200.0,OK,https://suwayama.studiosquare.jp/,False,
中目黒 ブロードウェイレンタルスタジオ,Webサイト,https://nakameguro.inforent.jp/,200.0,OK,https://nakameguro.inforent.jp/,False,
中野 ガーデン レンタルスタジオ,Webサイト,https://nakano.studiosquare.jp/,200.0,OK,https://nakano.studiosquare.jp/,False,
中野ロフトスタジオ～nakano f～,Webサイト,https://nakanof.jp/,200.0,OK,https://nakanof.jp/,False,
長谷川政義ダンスワールド,Webサイト,http://hm-dw.com/,200.0,OK,http://hm-dw.com/,False,
天空MURAダンススタジオStudioStyle+,Webサイト,https://studiostyle.jp/tenku-dance-studio/,200.0,OK,https://studiostyle.jp/tenku-dance-studio/,False,
天空MURAミドルスタジオStudioStyle+,Webサイト,https://studiostyle.jp/tenku-middle-studio/,404.0,NOT_FOUND,https://studiostyle.jp/tenku-middle-studio/,False,
田中美穂フラメンコスタジオ,Webサイト,https://najahouse.jp/school/30-4,200.0,OK,https://najahouse.jp/school/30-4,False,
渡辺雅子フラメンコラコンチャ,Webサイト,https://www.masako-watanabe.net/,200.0,OK,https://www.masako-watanabe.net/,False,
島村楽器 イオンモール札幌平岡店,Webサイト,https://www.shimamura.co.jp/shop/sapporo-h/?utm_source=gmb&utm_medium=organic,200.0,OK,https://www.shimamura.co.jp/shop/sapporo-h/?utm_source=gmb&utm_medium=organic,False,
東久留米駅前ダンススタジオテレマーク,Webサイト,https://ballroom-dance-instructor-49.business.site/?utm_source=gmb&utm_medium=referral,404.0,NOT_FOUND,https://ballroom-dance-instructor-49.business.site/?utm_source=gmb&utm_medium=referral,False,
東急スポーツオアシス 青山,Webサイト,https://www.sportsoasis.co.jp/sh58/,200.0,OK,https://www.sportsoasis.co.jp/sh58/,False,
東急スポーツオアシス聖路加ガーデン,Webサイト,https://www.sportsoasis.co.jp/sh65/,200.0,OK,https://www.sportsoasis.co.jp/sh65/,False,
東急スポーツオアシス雪谷24Plus,Webサイト,https://www.sportsoasis.co.jp/sh73/,200.0,OK,https://www.sportsoasis.co.jp/sh73/,False,
東京ステップス・アーツ アニメダンス池袋校,Webサイト,https://www.t-steps.jp/anime_dance,200.0,OK,https://www.t-steps.jp/anime_dance/,False,
東京タワーメディアセンター,Webサイト,http://starrise-tower.com/,200.0,OK,http://starrise-tower.com/,False,
スタジオ イリス,Webサイト,https://kazumiiris.com/,200.0,OK,https://kazumiiris.com/,False,
東京バレエ学園,Webサイト,http://www.tokyo-ballet.co.jp/,200.0,OK,https://www.tokyo-ballet.co.jp/,True,
東京バレエ劇場,Webサイト,http://tokyo-ballet.com/,200.0,OK,https://tokyo-ballet.com/,True,
東池袋ダンス教室,Webサイト,https://dance-hall-242.business.site/?utm_source=gmb&utm_medium=referral,404.0,NOT_FOUND,https://dance-hall-242.business.site/?utm_source=gmb&utm_medium=referral,False,
徳永由貴バレエスクール,Webサイト,http://yt-balletschool.jp/,200.0,OK,https://yt-balletschool.jp/,True,
楠潤一郎ダンスアカデミー,Webサイト,https://sites.google.com/view/kusunokidance/,200.0,OK,https://sites.google.com/view/kusunokidance/,False,
二子玉川レンタルスタジオ M?ni Frey,Webサイト,https://www.jiyugaoka-salon.com/salon-futakotamagawa-b,200.0,OK,https://www.jiyugaoka-salon.com/salon-futakotamagawa-b,False,
日本橋PACMAN（ニホンバシパックマン）,Webサイト,https://pacman.tokyo/,200.0,OK,https://pacman.tokyo/,False,
日本橋バレエ＆ダンススタジオ Studio LULL,Webサイト,https://coubic.com/studiolullnagi,403.0,BLOCKED,https://r6wl5a7gacu1jzjylvhx.stores.jp/reserve/studiolullnagi,True,
忍あつこフラメンコ教室,Webサイト,http://cocorosa.net/,200.0,OK,http://cocorosa.net/,False,
梅屋敷スタジオ５０１,Webサイト,https://www.studio501.info/,404.0,NOT_FOUND,https://www.studio501.info/,False,
白樺ドレス,Webサイト,https://www.shirakabadress.com/,200.0,OK,https://www.shirakabadress.com/,False,
白金台恵比寿ミュージックスタジオ,Webサイト,https://coubic.com/shirokanedaimusic/140115,404.0,NOT_FOUND,https://coubic.com/shirokanedaimusic/140115,False,
八王子フラスタジオ Mauna leo（マウナレオ）,Webサイト,https://hachioji.mypl.net/shop/00000369954/,200.0,OK,https://hachioji.mypl.net/shop/00000369954/,False,
八百和子 バレエ教室,Webサイト,https://kyao800ballet.wixsite.com/38008045,200.0,OK,https://kyao800ballet.wixsite.com/38008045,False,
バーミリオン フェニックス チアダンス スタジオ,Webサイト,http://vermilionphoenix.wix.com/home,404.0,NOT_FOUND,https://vermilionphoenix.wix.com:443/home,True,
飛鳥ダンススクール（パソコンスクール＆塾）,Webサイト,https://asukabc.com/dance/,200.0,OK,https://asukabc.com/dance/,False,
表参道レンタルスタジオ スタジオ ティノラス,Webサイト,https://www.s-tenoras.com/,200.0,OK,https://goodmorningtamil.com/,True,
品川 大井町 フラダンス教室 ナーレイ レイコ フラスタジオ,Webサイト,https://nalei-hula.jp/,200.0,OK,https://nalei-hula.jp/,False,
浜松ダンススクール ゲットアヘッド,Webサイト,https://get-ahead.jp/,200.0,OK,https://get-ahead.jp/,False,
富田雅美バレエ＆ダンスユニット,Webサイト,https://masami.hp.peraichi.com/dance,403.0,BLOCKED,https://masami.hp.peraichi.com/dance,False,
布川ダンスカンパニー,Webサイト,http://nunokawa-dance.la.coocan.jp/,200.0,OK,http://nunokawa-dance.la.coocan.jp/,False,
舞空間ばくdance studio,Webサイト,http://baku-studio.com/,200.0,OK,http://baku-studio.com/,False,
望月愛生バレエスタジオ,Webサイト,https://aimiballet.com/,200.0,OK,https://aimiballet.com/,False,
名古屋レンタルスタジオPovit,Webサイト,https://nagoya-povit.com/,200.0,OK,https://nagoya-povit.com/,False,
名古屋今池 NY 9st. Studio ｜ニューヨークナインストリートスタジオ,Webサイト,https://www.ny9ststudio.com/,200.0,OK,https://www.ny9ststudio.com/,False,
明治座森下スタジオ,Webサイト,http://www.meijiza.co.jp/morishita/,200.0,OK,https://www.meijiza.co.jp/morishita/,True,
目白の杜studio,Webサイト,http://www.mejironomori.com/,200.0,OK,https://mejironomori.com/,True,
祐天寺 キッズダンス！ Navilla Dance School,Webサイト,https://dance-navilla.com/,200.0,OK,https://dance-navilla.com/,False,
溶岩ホットヨガ LaLa Aasha（ララアーシャ）学芸大学,Webサイト,https://www.lalaaasha.jp/studios/gakugeidai/,200.0,OK,https://lalaaasha.jp/studio/y_gakugeidai/,True,
練馬 RB レンタルスタジオ,Webサイト,https://nerima.studiosquare.jp/,200.0,OK,https://nerima.studiosquare.jp/,False,
六本木 フォルトゥーナ,Webサイト,https://roppongi.studiosquare.jp/,200.0,OK,https://roppongi.studiosquare.jp/,False,
六本木 レンタルスタジオ 十五夜,Webサイト,https://jugoya.studiosquare.jp/,200.0,OK,https://jugoya.studiosquare.jp/,False,
茗荷谷ダンスプラザ,Webサイト,http://myogadani-dance.blogdehp.ne.jp/,200.0,OK,http://myogadani-dance.blogdehp.ne.jp/,False,
#ERROR!,Webサイト,https://www.arc-web.com/kids/?utm_source=google&utm_medium=map&utm_content=sunamo&utm_campaign=MAP-sunamo,200.0,OK,https://www.arc-web.com/kids/?utm_source=google&utm_medium=map&utm_content=sunamo&utm_campaign=MAP-sunamo,False,
BUZZ新宿,dslurl,https://dance-studio-lab.com/room/NThmODMwMDctZjkyNi00ZTE3LTgwNjQtMDRmOGIwMmQ5ZTRi/detail,200.0,OK,https://dance-studio-lab.com/room/NThmODMwMDctZjkyNi00ZTE3LTgwNjQtMDRmOGIwMmQ5ZTRi/detail,False,
BUZZ レンタルスタジオ新宿コンシェルジュ店,dslurl,https://dance-studio-lab.com/room/OGUzNmE0NzUtZDU1NS00ZjIyLTg4OGItNDYyOWI2YzkzOTA0/detail,200.0,OK,https://dance-studio-lab.com/room/OGUzNmE0NzUtZDU1NS00ZjIyLTg4OGItNDYyOWI2YzkzOTA0/detail,False,
BUZZ レンタルスタジオ 新宿ハウス店,dslurl,https://dance-studio-lab.com/room/MWYzNmNhZGMtMWZiNi00MjBiLWJjNzMtZmFmNjAxYmQ5MjA3/detail,200.0,OK,https://dance-studio-lab.com/room/MWYzNmNhZGMtMWZiNi00MjBiLWJjNzMtZmFmNjAxYmQ5MjA3/detail,False,
BUZZ レンタルスタジオ 高田馬場店,dslurl,https://dance-studio-lab.com/room/NjZiZWQwNjEtYmU0ZS00MDllLWI0M2UtNmYxZjdhOWUwY2Mz/detail,200.0,OK,https://dance-studio-lab.com/room/NjZiZWQwNjEtYmU0ZS00MDllLWI0M2UtNmYxZjdhOWUwY2Mz/detail,False,
BUZZ レンタルスタジオ池袋東口BASE,dslurl,https://dance-studio-lab.com/room/NWY2ZjE2OGUtZDYyYi00ZTk5LThlMjctZDI1YjllMmRjM2Jk/detail,200.0,OK,https://dance-studio-lab.com/room/NWY2ZjE2OGUtZDYyYi00ZTk5LThlMjctZDI1YjllMmRjM2Jk/detail,False,
BUZZ レンタルスタジオ 渋谷PARK店,dslurl,https://dance-studio-lab.com/room/YmNlM2RmNGMtNGI0Mi00ZTg4LTk4OTYtNjY4NWRiM2JmNzhm/detail,200.0,OK,https://dance-studio-lab.com/room/YmNlM2RmNGMtNGI0Mi00ZTg4LTk4OTYtNjY4NWRiM2JmNzhm/detail,False,
BUZZ レンタルスタジオ 西国分寺店,dslurl,https://dance-studio-lab.com/room/ZDcyMzBmZWYtMzdiYS00YjY0LThmOGEtZDJjMzQxNTVlZDA2/detail,200.0,OK,https://dance-studio-lab.com/room/ZDcyMzBmZWYtMzdiYS00YjY0LThmOGEtZDJjMzQxNTVlZDA2/detail,False,
BUZZ レンタルスタジオ 国分寺店,dslurl,https://dance-studio-lab.com/room/ZjIzMWQ0ZjctM2ViOC00Yzg1LWExMzMtMGFkZDYwYzg1Mjhj/detail,200.0,OK,https://dance-studio-lab.com/room/ZjIzMWQ0ZjctM2ViOC00Yzg1LWExMzMtMGFkZDYwYzg1Mjhj/detail,False,
studio_MINT 錦糸町,dslurl,https://dance-studio-lab.com/room/ZDgyZDBlYjYtZWM1YS00MGNhLWI3YjEtZjRmNTEzZmU5NjE4/detail,200.0,OK,https://dance-studio-lab.com/room/ZDgyZDBlYjYtZWM1YS00MGNhLWI3YjEtZjRmNTEzZmU5NjE4/detail,False,
BUZZ渋谷MARKCITY,dslurl,https://dance-studio-lab.com/room/MTJmOWU1NGQtYmViZC00YWEzLWI5Y2ItNGFhYzU3YTAyZTBk/detail,200.0,OK,https://dance-studio-lab.com/room/MTJmOWU1NGQtYmViZC00YWEzLWI5Y2ItNGFhYzU3YTAyZTBk/detail,False,
BUZZ レンタルスタジオ 神田店,dslurl,https://dance-studio-lab.com/room/ODJkZDE5YzQtMTlhZS00NjNlLWJlZTQtNDA3NTU3MTQ5NDg5/detail,200.0,OK,https://dance-studio-lab.com/room/ODJkZDE5YzQtMTlhZS00NjNlLWJlZTQtNDA3NTU3MTQ5NDg5/detail,False,
BUZZ レンタルスタジオ 六本木店,dslurl,https://dance-studio-lab.com/room/MGYxY2IwOWYtNDQ4ZS00MmEyLTliYTAtNzg1YjUyOTA0OTlj/detail,200.0,OK,https://dance-studio-lab.com/room/MGYxY2IwOWYtNDQ4ZS00MmEyLTliYTAtNzg1YjUyOTA0OTlj/detail,False,
BUZZ レンタルスタジオ巣鴨店,dslurl,https://dance-studio-lab.com/room/MmNjNjkxYjEtYjA5ZC00YTZkLWFjMTAtZmVhYzQ1MGY0M2Uy/detail,200.0,OK,https://dance-studio-lab.com/room/MmNjNjkxYjEtYjA5ZC00YTZkLWFjMTAtZmVhYzQ1MGY0M2Uy/detail,False,
チェリッシュスタジオ3号館／10号館,dslurl,https://dance-studio-lab.com/room/ODU0ZjgzZjAtNDc3OS00N2YwLTkxZWEtNTNiMTc2MDE4NGRl/detail,200.0,OK,https://dance-studio-lab.com/room/ODU0ZjgzZjAtNDc3OS00N2YwLTkxZWEtNTNiMTc2MDE4NGRl/detail,False,
BUZZ竹ノ塚,dslurl,https://dance-studio-lab.com/room/Zjk4YThkNDItZDI4OC00MTRlLTg2NDgtYTgxZDUyYjgxMjQ2/detail,200.0,OK,https://dance-studio-lab.com/room/Zjk4YThkNDItZDI4OC00MTRlLTg2NDgtYTgxZDUyYjgxMjQ2/detail,False,
BUZZ赤坂見附 ,dslurl,https://dance-studio-lab.com/room/NjYxZDU0NDMtOGEwNS00MDM3LTllNDktMzAyNTQ0MmVlMTE1/detail,200.0,OK,https://dance-studio-lab.com/room/NjYxZDU0NDMtOGEwNS00MDM3LTllNDktMzAyNTQ0MmVlMTE1/detail,False,
BUZZ渋谷TOWER,dslurl,https://dance-studio-lab.com/room/YWZmOTdhZGMtMjk1MC00ODljLWE2YWUtMDRjMGM5NTIxZTg2/detail,200.0,OK,https://dance-studio-lab.com/room/YWZmOTdhZGMtMjk1MC00ODljLWE2YWUtMDRjMGM5NTIxZTg2/detail,False,
BUZZ南池袋,dslurl,https://dance-studio-lab.com/room/MTBjZDE1MWUtMTc4Ny00Nzg4LTkwYWQtN2I5OWM4OTcwNWM4/detail,200.0,OK,https://dance-studio-lab.com/room/MTBjZDE1MWUtMTc4Ny00Nzg4LTkwYWQtN2I5OWM4OTcwNWM4/detail,False,
BUZZ横浜2nd,dslurl,https://dance-studio-lab.com/room/M2NjZjBmYmItOThiZS00MzI4LWEwYzQtNDRkOWUxMjRlYWM3/detail,200.0,OK,https://dance-studio-lab.com/room/M2NjZjBmYmItOThiZS00MzI4LWEwYzQtNDRkOWUxMjRlYWM3/detail,False,
BUZZ池袋西口PARK,dslurl,https://dance-studio-lab.com/room/ZjBiN2M3MDEtZTMzYS00ZGZkLTg3YTktYjU3MjdjNDk3Njli/detail,200.0,OK,https://dance-studio-lab.com/room/ZjBiN2M3MDEtZTMzYS00ZGZkLTg3YTktYjU3MjdjNDk3Njli/detail,False,
BUZZ BAYSIDE(浜松町),dslurl,https://dance-studio-lab.com/room/MjdmMGNkZWUtZGZjYi00YmUxLWIzZjctOTM0NmJmNmM5NjRm/detail,200.0,OK,https://dance-studio-lab.com/room/MjdmMGNkZWUtZGZjYi00YmUxLWIzZjctOTM0NmJmNmM5NjRm/detail,False,
スタジオピアーチェ春日後楽園店,dslurl,https://dance-studio-lab.com/room/MGRlMzFmOGEtODQ5Ni00YjlkLTliNzktNWRmYmI0NzkwM2Q0/detail,200.0,OK,https://dance-studio-lab.com/room/MGRlMzFmOGEtODQ5Ni00YjlkLTliNzktNWRmYmI0NzkwM2Q0/detail,False,
スタジオピアーチェ池袋店,dslurl,https://dance-studio-lab.com/room/YjA4YWEyZDUtYmFmZS00NDQ3LWJjOWYtMzU2MDlmMDc1MTJi/detail,200.0,OK,https://dance-studio-lab.com/room/YjA4YWEyZDUtYmFmZS00NDQ3LWJjOWYtMzU2MDlmMDc1MTJi/detail,False,
レンタルスタジオAivic池袋東口1号店,dslurl,https://dance-studio-lab.com/room/ZTU1MDVkNDQtZjUzNi00MWRiLWFhMDctZTk3YTg1YjRjNDUx/detail,200.0,OK,https://dance-studio-lab.com/room/ZTU1MDVkNDQtZjUzNi00MWRiLWFhMDctZTk3YTg1YjRjNDUx/detail,False,
THビル,dslurl,https://dance-studio-lab.com/room/ZGYxYjYyNDgtMDEzOC00MjZhLTgyZDctODZlMDViYTQ0NDgy/detail,200.0,OK,https://dance-studio-lab.com/room/ZGYxYjYyNDgtMDEzOC00MjZhLTgyZDctODZlMDViYTQ0NDgy/detail,False,
なかすた,dslurl,https://dance-studio-lab.com/room/ODE4NDI3NmEtODY2YS00ZTg2LTgyMzctNzMzNmYwYjNmNDgx/detail,200.0,OK,https://dance-studio-lab.com/room/ODE4NDI3NmEtODY2YS00ZTg2LTgyMzctNzMzNmYwYjNmNDgx/detail,False,
スタジオ五軒町／『鏡張り』の多目的に利用できる『防音』スタジオ,dslurl,https://dance-studio-lab.com/room/ODZiZjA3NDItNjk4ZS00YjMxLWFjMGQtMGU5ZjVkZDg5OWQw/detail,200.0,OK,https://dance-studio-lab.com/room/ODZiZjA3NDItNjk4ZS00YjMxLWFjMGQtMGU5ZjVkZDg5OWQw/detail,False,
SPICYCANDY DANCESTUDIO,dslurl,https://dance-studio-lab.com/room/NGFjMTNkYTgtNmQ4My00ZTgxLWI3ZmYtMjM4OGVjNDM4Yjk3/detail,200.0,OK,https://dance-studio-lab.com/room/NGFjMTNkYTgtNmQ4My00ZTgxLWI3ZmYtMjM4OGVjNDM4Yjk3/detail,False,
スタジオピアーチェ江戸川橋店,dslurl,https://dance-studio-lab.com/room/NWM3NGU4NjAtNTU5MS00NzUyLTg5ZTQtZWM3NGYwZTliOGZj/detail,200.0,OK,https://dance-studio-lab.com/room/NWM3NGU4NjAtNTU5MS00NzUyLTg5ZTQtZWM3NGYwZTliOGZj/detail,False,
レンタルスタジオAivic築地,dslurl,https://dance-studio-lab.com/room/Y2UzMzcxZTMtNDhlNS00ODEwLWJlOGYtZjA1ZjM5Y2YxNjE0/detail,200.0,OK,https://dance-studio-lab.com/room/Y2UzMzcxZTMtNDhlNS00ODEwLWJlOGYtZjA1ZjM5Y2YxNjE0/detail,False,
Dubway レンタルスタジオ小岩,dslurl,https://dance-studio-lab.com/room/ZmU2YzI4MzYtZGY2ZC00YmZkLWI5MWItZDg0OTdkOTdmOGI5/detail,200.0,OK,https://dance-studio-lab.com/room/ZmU2YzI4MzYtZGY2ZC00YmZkLWI5MWItZDg0OTdkOTdmOGI5/detail,False,
レンタルピラティススタジオAivic北参道,dslurl,https://dance-studio-lab.com/room/MWZkYTk2NGMtMDU4OC00YjY5LWI5MjYtNjNhNmYyMWI4M2Q2/detail,200.0,OK,https://dance-studio-lab.com/room/MWZkYTk2NGMtMDU4OC00YjY5LWI5MjYtNjNhNmYyMWI4M2Q2/detail,False,
日暮里リーダンススタジオ,dslurl,https://dance-studio-lab.com/room/MjAxNTcyNmItYmQ2Ny00MmEzLWIyNjktODFkZmYxNGJiOTVh/detail,200.0,OK,https://dance-studio-lab.com/room/MjAxNTcyNmItYmQ2Ny00MmEzLWIyNjktODFkZmYxNGJiOTVh/detail,False,
Hina STUDIO(ヒナスタジオ)【新宿西口アネックス】,dslurl,https://dance-studio-lab.com/room/NWQxZDIzMzUtNWMzOC00MzY4LWE4YmYtMWU3MDBkYWM3ZDY2/detail,200.0,OK,https://dance-studio-lab.com/room/NWQxZDIzMzUtNWMzOC00MzY4LWE4YmYtMWU3MDBkYWM3ZDY2/detail,False,
チェリッシュスタジオ1号館/6号館,dslurl,https://dance-studio-lab.com/room/Njc0MjgwMDUtMzBjZS00ZmU5LWFkNzgtYTE3Y2U5NDMyYmU0/detail,200.0,OK,https://dance-studio-lab.com/room/Njc0MjgwMDUtMzBjZS00ZmU5LWFkNzgtYTE3Y2U5NDMyYmU0/detail,False,
Hina STUDIO（ヒナスタジオ）【目黒スタジオ】,dslurl,https://dance-studio-lab.com/room/NDI2ZDYyZTYtOWNhNy00YmIxLWJhNzItOTJlYmQ3MmI3MTU2/detail,404.0,NOT_FOUND,https://dance-studio-lab.com/room/NDI2ZDYyZTYtOWNhNy00YmIxLWJhNzItOTJlYmQ3MmI3MTU2/detail,False,
チェリッシュスタジオ7号館,dslurl,https://dance-studio-lab.com/room/MjQ5NGIyOTEtZTVmOS00MzZkLWIzNGYtYTFkMmVhOWZiYTE5/detail,200.0,OK,https://dance-studio-lab.com/room/MjQ5NGIyOTEtZTVmOS00MzZkLWIzNGYtYTFkMmVhOWZiYTE5/detail,False,
BUZZ福岡本店,dslurl,https://dance-studio-lab.com/room/NTc0N2VjNzQtOWJhZi00NDhjLWE5MTctOTNjOTNjY2I3YmQ3/detail,200.0,OK,https://dance-studio-lab.com/room/NTc0N2VjNzQtOWJhZi00NDhjLWE5MTctOTNjOTNjY2I3YmQ3/detail,False,
チェリッシュスタジオ4号館/8号館,dslurl,https://dance-studio-lab.com/room/NmJiNDI1YTQtN2EwMi00ODFjLWE0OTMtMjUyYzk4ODY2NGY5/detail,200.0,OK,https://dance-studio-lab.com/room/NmJiNDI1YTQtN2EwMi00ODFjLWE0OTMtMjUyYzk4ODY2NGY5/detail,False,
ザ・スペース大久保南口,dslurl,https://dance-studio-lab.com/room/ZDRhYmIxMjgtNzhkMy00Yjk1LTk2MzItNTdiZWJmY2VkYWZk/detail,200.0,OK,https://dance-studio-lab.com/room/ZDRhYmIxMjgtNzhkMy00Yjk1LTk2MzItNTdiZWJmY2VkYWZk/detail,False,
SOUND STUDIO M 小岩店,dslurl,https://dance-studio-lab.com/room/NTc0ZTA0MjMtMDE1OS00OWM1LTk0YzAtODhmYzQ5ZTRhYzgx/detail,404.0,NOT_FOUND,https://dance-studio-lab.com/room/NTc0ZTA0MjMtMDE1OS00OWM1LTk0YzAtODhmYzQ5ZTRhYzgx/detail,False,
チェリッシュスタジオ5号館,dslurl,https://dance-studio-lab.com/room/NTRjMDczNjgtY2EzMy00YjE4LWJlMjYtYmExOTZiYTBmZWZk/detail,200.0,OK,https://dance-studio-lab.com/room/NTRjMDczNjgtY2EzMy00YjE4LWJlMjYtYmExOTZiYTBmZWZk/detail,False,
チェリッシュスタジオ11号館/12号館/13号館/14号館,dslurl,https://dance-studio-lab.com/room/ZmMxMTg1ZGQtMjUyZS00NjZlLWE3YzMtZjllNWM1N2JhNTdj/detail,200.0,OK,https://dance-studio-lab.com/room/ZmMxMTg1ZGQtMjUyZS00NjZlLWE3YzMtZjllNWM1N2JhNTdj/detail,False,
レンタルピラティススタジオAivic新宿,dslurl,https://dance-studio-lab.com/room/MWY5Yzc5YzMtMmViOC00MmI0LWIwNzUtNDY1MDUzZjY4MzVm/detail,200.0,OK,https://dance-studio-lab.com/room/MWY5Yzc5YzMtMmViOC00MmI0LWIwNzUtNDY1MDUzZjY4MzVm/detail,False,
BUZZ大宮,dslurl,https://dance-studio-lab.com/room/NDhmMDc4YjUtMDIzYy00ZDE4LWFjZDgtYTNiZTAwMDRkMzli/detail,200.0,OK,https://dance-studio-lab.com/room/NDhmMDc4YjUtMDIzYy00ZDE4LWFjZDgtYTNiZTAwMDRkMzli/detail,False,
BUZZ川崎,dslurl,https://dance-studio-lab.com/room/OTQ1NGFkZmEtOTQyNS00Nzg1LTg0MDgtNzg4ODFjYWY0ZjZl/detail,200.0,OK,https://dance-studio-lab.com/room/OTQ1NGFkZmEtOTQyNS00Nzg1LTg0MDgtNzg4ODFjYWY0ZjZl/detail,False,
BUZZ関内,dslurl,https://dance-studio-lab.com/room/OWEzMTEwNDEtMjc2Yi00NzA0LTk0NmMtYTU1NGNhNTY4YTM3/detail,200.0,OK,https://dance-studio-lab.com/room/OWEzMTEwNDEtMjc2Yi00NzA0LTk0NmMtYTU1NGNhNTY4YTM3/detail,False,
Dubway レンタルスタジオ大塚,dslurl,https://dance-studio-lab.com/room/ODA1MWRkOGQtODA5Yi00NTRlLWIyNzktZmMyNWFkMTc3ZDY4/detail,200.0,OK,https://dance-studio-lab.com/room/ODA1MWRkOGQtODA5Yi00NTRlLWIyNzktZmMyNWFkMTc3ZDY4/detail,False,
レンタルスタジオAivic渋谷道玄坂,dslurl,https://dance-studio-lab.com/room/NWE2MDljYmItN2I0ZC00ZjIzLWI3MGEtMmZiNmEzNWJjOWI4/detail,200.0,OK,https://dance-studio-lab.com/room/NWE2MDljYmItN2I0ZC00ZjIzLWI3MGEtMmZiNmEzNWJjOWI4/detail,False,
レンタルスタジオAivic神田,dslurl,https://dance-studio-lab.com/room/MzE4YmJlMGMtZTc3Yy00OTIwLTg3ZTMtZDQxN2E4Yzc1YTFj/detail,200.0,OK,https://dance-studio-lab.com/room/MzE4YmJlMGMtZTc3Yy00OTIwLTg3ZTMtZDQxN2E4Yzc1YTFj/detail,False,
レンタルスタジオAivic高田馬場,dslurl,https://dance-studio-lab.com/room/M2JhMTAxM2EtZmMxNi00ODUwLTllNjUtNWQ4OTY3NmE2MWZj/detail,200.0,OK,https://dance-studio-lab.com/room/M2JhMTAxM2EtZmMxNi00ODUwLTllNjUtNWQ4OTY3NmE2MWZj/detail,False,
レンタルスタジオAivic池袋西口,dslurl,https://dance-studio-lab.com/room/OGY0MGIxYWEtNDM4Yi00YzAwLWI0OGMtOTAyOTkyYTJhMDYz/detail,200.0,OK,https://dance-studio-lab.com/room/OGY0MGIxYWEtNDM4Yi00YzAwLWI0OGMtOTAyOTkyYTJhMDYz/detail,False,
レンタルスタジオAivic池袋西口 レンタルスタジオAivic池袋西口,dslurl,https://dance-studio-lab.com/room/MjJkZDA5OWItZjVjNS00M2Q2LWEwNjUtMzM3Y2IwZWZlMTI1/detail,404.0,NOT_FOUND,https://dance-studio-lab.com/room/MjJkZDA5OWItZjVjNS00M2Q2LWEwNjUtMzM3Y2IwZWZlMTI1/detail,False,
レンタルスタジオAivic池袋東口2号店,dslurl,https://dance-studio-lab.com/room/ZTVmNmYwZGYtZTExNy00YTlkLTk4MDktODhhMWE2ZTYyNmNj/detail,200.0,OK,https://dance-studio-lab.com/room/ZTVmNmYwZGYtZTExNy00YTlkLTk4MDktODhhMWE2ZTYyNmNj/detail,False,
BEATs レンタルスタジオ ビーツ,dslurl,https://dance-studio-lab.com/room/ZWU0MDNlZTUtMDE1Zi00NDcyLWFjZjgtZTAzNzUzZTAwMzNj/detail,200.0,OK,https://dance-studio-lab.com/room/ZWU0MDNlZTUtMDE1Zi00NDcyLWFjZjgtZTAzNzUzZTAwMzNj/detail,False,
Dubway レンタルスタジオ中野,dslurl,https://dance-studio-lab.com/room/MzFmYWU5ZjgtNmM0NC00MDYzLTljOGUtMjFlZDI1MmVhMDE5/detail,200.0,OK,https://dance-studio-lab.com/room/MzFmYWU5ZjgtNmM0NC00MDYzLTljOGUtMjFlZDI1MmVhMDE5/detail,False,
チェリッシュスタジオ9号館,dslurl,https://dance-studio-lab.com/room/NGU3OTQ4YzEtMzA3OS00NDc3LThjODQtYWFkMmUzMTE4ZmFm/detail,200.0,OK,https://dance-studio-lab.com/room/NGU3OTQ4YzEtMzA3OS00NDc3LThjODQtYWFkMmUzMTE4ZmFm/detail,False,
レンタルスタジオAivic新橋,dslurl,https://dance-studio-lab.com/room/M2EyMzEzOTUtMjkwNC00MmRlLWI3YWEtYjBiMmM1NGUzYzhl/detail,200.0,OK,https://dance-studio-lab.com/room/M2EyMzEzOTUtMjkwNC00MmRlLWI3YWEtYjBiMmM1NGUzYzhl/detail,False,
Hina STUDIO(ヒナスタジオ)【新宿西口スタジオ】,dslurl,https://dance-studio-lab.com/room/ZDEyOTIyNTctYjUwOC00ZTY3LTgxMWYtYTI0MzhkNDg4OGNj/detail,200.0,OK,https://dance-studio-lab.com/room/ZDEyOTIyNTctYjUwOC00ZTY3LTgxMWYtYTI0MzhkNDg4OGNj/detail,False,
レンタルスタジオAivic大塚,dslurl,https://dance-studio-lab.com/room/MjU5YzI0ZTUtYzE1MC00ODhmLWI2Y2MtNTk5YTFmMWIwMzZi/detail,200.0,OK,https://dance-studio-lab.com/room/MjU5YzI0ZTUtYzE1MC00ODhmLWI2Y2MtNTk5YTFmMWIwMzZi/detail,False,
レンタルスタジオAivic恵比寿,dslurl,https://dance-studio-lab.com/room/MzMyZDY5NzktNDEzOS00MzAyLWJjNzEtMjZiMjNiNzUwNGMy/detail,200.0,OK,https://dance-studio-lab.com/room/MzMyZDY5NzktNDEzOS00MzAyLWJjNzEtMjZiMjNiNzUwNGMy/detail,False,
レンタルスタジオAivic恵比寿2号店,dslurl,https://dance-studio-lab.com/room/MjM0NzMxMTAtOGQzOS00MDFkLThmMGEtNTgzM2MzMjVjMzlh/detail,200.0,OK,https://dance-studio-lab.com/room/MjM0NzMxMTAtOGQzOS00MDFkLThmMGEtNTgzM2MzMjVjMzlh/detail,False,
レンタルピラティススタジオAivic渋谷1号店,dslurl,https://dance-studio-lab.com/room/MDNkMzY2Y2YtMDFlMy00YjFhLTgwNWYtZDdjNmU1MGQ5OTgx/detail,200.0,OK,https://dance-studio-lab.com/room/MDNkMzY2Y2YtMDFlMy00YjFhLTgwNWYtZDdjNmU1MGQ5OTgx/detail,False,
レンタルピラティススタジオAivic渋谷2号店,dslurl,https://dance-studio-lab.com/room/OTJjODhjZDYtZmRjYS00ZjMyLWI0NWUtZTAwNjQ0N2VmMTRm/detail,200.0,OK,https://dance-studio-lab.com/room/OTJjODhjZDYtZmRjYS00ZjMyLWI0NWUtZTAwNjQ0N2VmMTRm/detail,False,
レンタルピラティススタジオAivic恵比寿,dslurl,https://dance-studio-lab.com/room/OTU4MmIyYzEtMTJjNS00ODc0LTk4NDgtNWFhNGJkNzE1YzQ0/detail,200.0,OK,https://dance-studio-lab.com/room/OTU4MmIyYzEtMTJjNS00ODc0LTk4NDgtNWFhNGJkNzE1YzQ0/detail,False,
レンタルピラティススタジオAivic西新宿,dslurl,https://dance-studio-lab.com/room/ZGY5MzY2ZjgtMzk1Mi00YTY0LWE2OWEtZDc3Y2RiYjllMmJh/detail,200.0,OK,https://dance-studio-lab.com/room/ZGY5MzY2ZjgtMzk1Mi00YTY0LWE2OWEtZDc3Y2RiYjllMmJh/detail,False,
Studio-Bio,dslurl,https://dance-studio-lab.com/room/MTI3NDc3MzgtMTBhMy00NGY2LWE3MGQtZmM5YzdiYjVmNzM2/detail,200.0,OK,https://dance-studio-lab.com/room/MTI3NDc3MzgtMTBhMy00NGY2LWE3MGQtZmM5YzdiYjVmNzM2/detail,False,
Dubwayレンタルスタジオ大久保,dslurl,https://dance-studio-lab.com/room/YTIzMjllOTEtNzlhMy00YjBiLTgwMDctMGNhMDNkOTgwNDFh/detail,200.0,OK,https://dance-studio-lab.com/room/YTIzMjllOTEtNzlhMy00YjBiLTgwMDctMGNhMDNkOTgwNDFh/detail,False,
レンタルスタジオAivic元町中華街,dslurl,https://dance-studio-lab.com/room/MDE1MGRkYjEtNjcxMS00Njg1LTg2YmQtODBjODQxZmFlYjg0/detail,200.0,OK,https://dance-studio-lab.com/room/MDE1MGRkYjEtNjcxMS00Njg1LTg2YmQtODBjODQxZmFlYjg0/detail,False,
