タイトル,住所,dslurl,Webサイト,電話番号,営業時間,rental,longitude,latitude,pref,primary_station,distance_to_primary_station_m,candidate_stations,station_count,ward,primary_area,candidate_areas,article_tags,is_partner
スタジオハイシー,〒160-0023 東京都新宿区西新宿３丁目２?２７ 第7 7 オーチュー B1階,,https://studio-hide-and-seek.co.jp/,,"2024-02-29 木曜日 24 時間営業
2024-03-01 金曜日 24 時間営業
2024-03-02 土曜日 24 時間営業
2024-03-03 日曜日 24 時間営業
2024-03-04 月曜日 24 時間営業
2024-03-05 火曜日 24 時間営業
2024-03-06 水曜日 24 時間営業",1,35.6871346,139.6938695,東京,新宿駅,714,新宿駅|代々木駅|西武新宿駅,3,新宿区,新宿,新宿|西新宿|高田馬場|新大久保,area:新宿|station:新宿駅|station:代々木駅|station:西武新宿駅|feature:24h,
レンタルスタジオswamp西新宿,〒160-0023 東京都新宿区西新宿５丁目２１?５ ＢＩＴ西新宿 B01号室,,https://www.st-swamp2023.com/,,"2024-02-29 木曜日 24 時間営業
2024-03-01 金曜日 24 時間営業
2024-03-02 土曜日 24 時間営業
2024-03-03 日曜日 24 時間営業
2024-03-04 月曜日 24 時間営業
2024-03-05 火曜日 24 時間営業
2024-03-06 水曜日 24 時間営業",1,35.6922065,139.6840186,東京,なし,,,0,新宿区,新宿,新宿|西新宿|高田馬場|新大久保,area:新宿|feature:24h,
ソニズレンタルスタジオ新宿店,〒160-0023 東京都新宿区西新宿７丁目２２?３１ 柏木 MURA B1F,,https://sonysdance.com/,,"2024-02-29 木曜日 6時00分～23時00分
2024-03-01 金曜日 6時00分～23時00分
2024-03-02 土曜日 6時00分～23時00分
2024-03-03 日曜日 6時00分～23時00分
2024-03-04 月曜日 6時00分～23時00分
2024-03-05 火曜日 6時00分～23時00分
2024-03-06 水曜日 6時00分～23時00分",1,35.6970176,139.6966672,東京,西武新宿駅,375,西武新宿駅|新大久保駅|新宿駅,3,新宿区,新宿,新宿|西新宿|高田馬場|新大久保,area:新宿|station:西武新宿駅|station:新大久保駅|station:新宿駅|feature:24h,
BUZZ新宿,〒160-0023 東京都新宿区西新宿７丁目１６?４ Concierge高橋 BF 地下1階,,https://buzz-st.com/shinjuku/,,"2024-02-29 木曜日 24 時間営業
2024-03-01 金曜日 24 時間営業
2024-03-02 土曜日 24 時間営業
2024-03-03 日曜日 24 時間営業
2024-03-04 月曜日 24 時間営業
2024-03-05 火曜日 24 時間営業
2024-03-06 水曜日 24 時間営業",1,35.6959773,139.6972769,東京,西武新宿駅,298,西武新宿駅|新宿駅|新大久保駅,3,新宿区,新宿,新宿|西新宿|高田馬場|新大久保,area:新宿|station:西武新宿駅|station:新宿駅|station:新大久保駅|feature:24h,
レンタルダンススタジオ LANDstudio 新宿店,〒169-0073 東京都新宿区百人町１丁目２２?１９ 筒井ビル B1F,,https://land-studio.jp/?utm_source=gbp&utm_medium=referral,,"LGBTQ フレンドリー2024-02-29 木曜日 24 時間営業
2024-03-01 金曜日 24 時間営業
2024-03-02 土曜日 24 時間営業
2024-03-03 日曜日 24 時間営業
2024-03-04 月曜日 24 時間営業
2024-03-05 火曜日 24 時間営業
2024-03-06 水曜日 24 時間営業",1,35.7002941,139.6972499,東京,新大久保駅,276,新大久保駅|西武新宿駅|新宿駅,3,新宿区,新宿,新宿|西新宿|高田馬場|新大久保,area:新宿|station:新大久保駅|station:西武新宿駅|station:新宿駅|feature:24h,
BUZZ レンタルスタジオ新宿コンシェルジュ店,〒160-0023 東京都新宿区西新宿７丁目１６?４ Concierge高橋 BF 地下 一階,,https://buzz-st.com/shinjuku4,,"2024-02-29 木曜日 24 時間営業
2024-03-01 金曜日 24 時間営業
2024-03-02 土曜日 24 時間営業
2024-03-03 日曜日 24 時間営業
2024-03-04 月曜日 24 時間営業
2024-03-05 火曜日 24 時間営業
2024-03-06 水曜日 24 時間営業",1,35.6959487,139.6973397,東京,西武新宿駅,292,西武新宿駅|新宿駅|新大久保駅,3,新宿区,新宿,新宿|西新宿|高田馬場|新大久保,area:新宿|station:西武新宿駅|station:新宿駅|station:新大久保駅|feature:24h,
BUZZ レンタルスタジオ 新宿ハウス店,〒160-0023 東京都新宿区西新宿７丁目１６?１,,https://buzz-st.com/shinjuku2/,,"2024-02-29 木曜日 24 時間営業
2024-03-01 金曜日 24 時間営業
2024-03-02 土曜日 24 時間営業
2024-03-03 日曜日 24 時間営業
2024-03-04 月曜日 24 時間営業
2024-03-05 火曜日 24 時間営業
2024-03-06 水曜日 24 時間営業",1,35.6957677,139.6975152,東京,西武新宿駅,276,西武新宿駅|新宿駅|新大久保駅,3,新宿区,新宿,新宿|西新宿|高田馬場|新大久保,area:新宿|station:西武新宿駅|station:新宿駅|station:新大久保駅|feature:24h,
村田正樹タップダンス教室,〒169-0074 東京都新宿区北新宿２丁目１?２,,https://www.muratamasaki.com/lesson,,"2024-02-29 木曜日 定休日
2024-03-01 金曜日 定休日
2024-03-02 土曜日 定休日
2024-03-03 日曜日 10時00分～14時00分
2024-03-04 月曜日 定休日
2024-03-05 火曜日 11時30分～13時00分
2024-03-06 水曜日 定休日",1,35.6970596,139.68932,東京,西武新宿駅,1025,西武新宿駅|新大久保駅,2,新宿区,新宿,新宿|西新宿|高田馬場|新大久保,area:新宿|station:西武新宿駅|station:新大久保駅|feature:24h,
㈱Tera-coya,〒101-0025 東京都千代田区神田佐久間町３丁目３１?３,,http://teracoya.tokyo/,03-5829-8450,"2024-02-29 木曜日 10時00分～23時00分
2024-03-01 金曜日 10時00分～23時00分
2024-03-02 土曜日 10時00分～22時00分
2024-03-03 日曜日 10時00分～22時00分
2024-03-04 月曜日 10時00分～23時00分
2024-03-05 火曜日 10時00分～23時00分
2024-03-06 水曜日 10時00分～23時00分
",1,35.698614,139.778191,東京,秋葉原駅,359,秋葉原駅,1,千代田区,秋葉原,秋葉原,area:秋葉原|station:秋葉原駅|feature:24h,
ラシーヌスタジオ,〒160-0004 東京都新宿区四谷４丁目２５?１３ 濱庄ビル B101,,https://racinestudio.com/,,"2024-02-29 木曜日 24 時間営業
2024-03-01 金曜日 24 時間営業
2024-03-02 土曜日 24 時間営業
2024-03-03 日曜日 24 時間営業
2024-03-04 月曜日 24 時間営業
2024-03-05 火曜日 24 時間営業
2024-03-06 水曜日 24 時間営業",1,35.6895504,139.7151154,東京,なし,,,0,新宿区,新宿,新宿|西新宿|高田馬場|新大久保,area:新宿|feature:24h,
Ohana Room Studio新宿,〒162-0801 東京都新宿区山吹町３４４ LOGビル 2F,,https://ohanaroom.jp/,,"2024-02-29 木曜日 9時00分～22時00分
2024-03-01 金曜日 9時00分～22時00分
2024-03-02 土曜日 9時00分～22時00分
2024-03-03 日曜日 9時00分～22時00分
2024-03-04 月曜日 9時00分～22時00分
2024-03-05 火曜日 9時00分～22時00分
2024-03-06 水曜日 9時00分～22時00分",1,35.7081165,139.7305757,東京,なし,,,0,新宿区,新宿,新宿|西新宿|高田馬場|新大久保,area:新宿|feature:24h,
㈱フラオリタヒチ,〒140-0013 東京都品川区南大井３丁目２０?１１ 伊藤ビル 201,,https://www.hulaoritahiti.jp/,03-6433-2981,LGBTQ フレンドリー,1,35.5886149,139.7350657,東京,なし,,,0,品川区,品川,品川|五反田|大井町|目黒,area:品川,
[吉祥寺ダンススタジオ] Studio Amrita NORTH,〒180-0004 東京都武蔵野市吉祥寺本町２丁目５?１０ いちご吉祥寺ビル B1,,http://rental.studioamrita.com/,0422-23-6611,"LGBTQ フレンドリー2024-02-29 木曜日 24 時間営業
2024-03-01 金曜日 24 時間営業
2024-03-02 土曜日 24 時間営業
2024-03-03 日曜日 24 時間営業
2024-03-04 月曜日 24 時間営業
2024-03-05 火曜日 24 時間営業
2024-03-06 水曜日 24 時間営業
",1,35.7069875,139.5788454,東京,吉祥寺駅,436,吉祥寺駅,1,武蔵野市,吉祥寺,吉祥寺,area:吉祥寺|station:吉祥寺駅|feature:24h,
新宿レンタルスタジオ アルファ,〒160-0022 東京都新宿区８ 新宿5丁目8番21号 サンジュリ23号室,,,,"2024-02-29 木曜日 24 時間営業
2024-03-01 金曜日 24 時間営業
2024-03-02 土曜日 24 時間営業
2024-03-03 日曜日 24 時間営業
2024-03-04 月曜日 24 時間営業
2024-03-05 火曜日 24 時間営業
2024-03-06 水曜日 24 時間営業
",1,35.6925567,139.7091477,東京,新宿駅,823,新宿駅|西武新宿駅,2,新宿区,新宿,新宿|西新宿|高田馬場|新大久保,area:新宿|station:新宿駅|station:西武新宿駅|feature:24h,
【レンタルスタジオ】SPICY CANDY【ボディメイク】,〒111-0053 東京都台東区浅草橋４丁目２?８ 伊藤ビル １F,,https://www.instabase.jp/space/6730746951,03-3862-3939,"2024-02-29 木曜日 24 時間営業
2024-03-01 金曜日 24 時間営業
2024-03-02 土曜日 24 時間営業
2024-03-03 日曜日 24 時間営業
2024-03-04 月曜日 24 時間営業
2024-03-05 火曜日 24 時間営業
2024-03-06 水曜日 24 時間営業
",1,35.6979294,139.7822479,東京,秋葉原駅,730,秋葉原駅|蔵前駅,2,台東区,上野,上野|浅草|御徒町|蔵前,area:上野|station:秋葉原駅|station:蔵前駅|feature:24h,
BUZZ レンタルスタジオ新宿4丁目店,〒160-0022 東京都新宿区新宿４丁目２?２１ 相模ビル B1F,,https://buzz-st.com/shinjuku3,,"2024-02-29 木曜日 24 時間営業
2024-03-01 金曜日 24 時間営業
2024-03-02 土曜日 24 時間営業
2024-03-03 日曜日 24 時間営業
2024-03-04 月曜日 24 時間営業
2024-03-05 火曜日 24 時間営業
2024-03-06 水曜日 24 時間営業
",1,35.6889262,139.7033232,東京,新宿駅,355,新宿駅|代々木駅|西武新宿駅,3,新宿区,新宿,新宿|西新宿|高田馬場|新大久保,area:新宿|station:新宿駅|station:代々木駅|station:西武新宿駅|feature:24h,
スタジオジパング 新宿スタジオSTANDARD,〒160-0022 東京都新宿区新宿５丁目１０?２０ JKKグループ本社ビル1F,,http://studiozipang.com/,,"2024-02-29 木曜日 24 時間営業
2024-03-01 金曜日 24 時間営業
2024-03-02 土曜日 24 時間営業
2024-03-03 日曜日 24 時間営業
2024-03-04 月曜日 24 時間営業
2024-03-05 火曜日 24 時間営業
2024-03-06 水曜日 24 時間営業
",1,35.6927705,139.708383,東京,新宿駅,762,新宿駅|西武新宿駅,2,新宿区,新宿,新宿|西新宿|高田馬場|新大久保,area:新宿|station:新宿駅|station:西武新宿駅|feature:24h,
レンタルスタジオマイレッスン 新宿御苑前,〒160-0022 東京都新宿区新宿１丁目１７?１,,https://www.my-lesson.jp/,,"2024-02-29 木曜日 24 時間営業
2024-03-01 金曜日 24 時間営業
2024-03-02 土曜日 24 時間営業
2024-03-03 日曜日 24 時間営業
2024-03-04 月曜日 24 時間営業
2024-03-05 火曜日 24 時間営業
2024-03-06 水曜日 24 時間営業
",1,35.6891993,139.7118737,東京,新宿駅,1066,新宿駅|代々木駅,2,新宿区,新宿,新宿|西新宿|高田馬場|新大久保,area:新宿|station:新宿駅|station:代々木駅|feature:24h,
レンタルスタジオ 301,〒160-0021 東京都新宿区歌舞伎町２丁目８?１２ 新宿グリーンプラザ 301号,,https://shierushan.com/,,"2024-02-29 木曜日 24 時間営業
2024-03-01 金曜日 24 時間営業
2024-03-02 土曜日 24 時間営業
2024-03-03 日曜日 24 時間営業
2024-03-04 月曜日 24 時間営業
2024-03-05 火曜日 24 時間営業
2024-03-06 水曜日 24 時間営業
",1,35.6950309,139.7060865,東京,西武新宿駅,507,西武新宿駅|新宿駅|新大久保駅,3,新宿区,新宿,新宿|西新宿|高田馬場|新大久保,area:新宿|station:西武新宿駅|station:新宿駅|station:新大久保駅|feature:24h,
【福岡校】YKAダンススタジオ,〒812-0023 福岡県福岡市博多区奈良屋町１?１８ ハードビル 3階,,https://yka-fukuoka.com/,080-4624-9889,"2024-02-29 木曜日 16時00分～22時00分
2024-03-01 金曜日 16時00分～22時00分
2024-03-02 土曜日 12時30分～22時00分
2024-03-03 日曜日 12時30分～22時00分
2024-03-04 月曜日 16時00分～22時00分
2024-03-05 火曜日 16時00分～22時00分
2024-03-06 水曜日 16時00分～22時00分
",1,33.5986406,130.4065567,東京,なし,,,0,その他,その他,その他,feature:24h,
ENCE Rental Studio 四谷三丁目【新宿エリアのレンタルスタジオ】,〒160-0017 東京都新宿区左門町１?１７ アパルトマン 四谷 102,,http://encerentalstudio.com/,,"2024-02-29 木曜日 24 時間営業
2024-03-01 金曜日 24 時間営業
2024-03-02 土曜日 24 時間営業
2024-03-03 日曜日 24 時間営業
2024-03-04 月曜日 24 時間営業
2024-03-05 火曜日 24 時間営業
2024-03-06 水曜日 24 時間営業
",1,35.6872713,139.7215167,東京,なし,,,0,新宿区,新宿,新宿|西新宿|高田馬場|新大久保,area:新宿|feature:24h,
BUZZ レンタルスタジオ 代々木店,〒151-0053 東京都渋谷区代々木１丁目３６?１ ミユキビル B1F,,https://buzz-st.com/yoyogi/,,"2024-02-29 木曜日 24 時間営業
2024-03-01 金曜日 24 時間営業
2024-03-02 土曜日 24 時間営業
2024-03-03 日曜日 24 時間営業
2024-03-04 月曜日 24 時間営業
2024-03-05 火曜日 24 時間営業
2024-03-06 水曜日 24 時間営業
",1,35.6842213,139.7012401,東京,代々木駅,148,代々木駅|新宿駅,2,渋谷区,渋谷,渋谷|恵比寿|代官山|原宿,area:渋谷|station:代々木駅|station:新宿駅|feature:24h,
?JDS 自由が丘のレンタルスタジオ,〒152-0035 東京都目黒区自由が丘１丁目３?２２ JSDスタジオ,,http://jiyugaokastudio.com/,03-3718-9228,"2024-02-29 木曜日 9時00分～23時30分
2024-03-01 金曜日 9時00分～23時30分
2024-03-02 土曜日 9時00分～23時30分
2024-03-03 日曜日 9時00分～23時30分
2024-03-04 月曜日 9時00分～23時30分
2024-03-05 火曜日 9時00分～23時30分
2024-03-06 水曜日 9時00分～23時30分
",1,35.6092993,139.6707803,東京,自由が丘駅,278,自由が丘駅,1,目黒区,中目黒,中目黒,area:中目黒|station:自由が丘駅|feature:24h,
レンタルスペース「301」,〒160-0021 東京都新宿区歌舞伎町２丁目８?１２ 新宿グリーンプラザ 301号,,https://shierushan.com/,,"2024-02-29 木曜日 24 時間営業
2024-03-01 金曜日 24 時間営業
2024-03-02 土曜日 24 時間営業
2024-03-03 日曜日 24 時間営業
2024-03-04 月曜日 24 時間営業
2024-03-05 火曜日 24 時間営業
2024-03-06 水曜日 24 時間営業
",1,35.6950309,139.7060865,東京,西武新宿駅,507,西武新宿駅|新宿駅|新大久保駅,3,新宿区,新宿,新宿|西新宿|高田馬場|新大久保,area:新宿|station:西武新宿駅|station:新宿駅|station:新大久保駅|feature:24h,
レンタルスタジオ「Ten（テン）」,〒160-0021 東京都新宿区歌舞伎町２丁目８?１２ 新宿グリーンプラザ 303号,,https://shierushan.com/,,"2024-02-29 木曜日 6時00分～23時30分
2024-03-01 金曜日 6時00分～23時30分
2024-03-02 土曜日 6時00分～23時30分
2024-03-03 日曜日 6時00分～23時30分
2024-03-04 月曜日 6時00分～23時30分
2024-03-05 火曜日 6時00分～23時30分
2024-03-06 水曜日 6時00分～23時30分
",1,35.6950309,139.7060865,東京,西武新宿駅,507,西武新宿駅|新宿駅|新大久保駅,3,新宿区,新宿,新宿|西新宿|高田馬場|新大久保,area:新宿|station:西武新宿駅|station:新宿駅|station:新大久保駅|feature:24h,
Studio.m 新宿レンタルスタジオ,〒160-0022 東京都新宿区新宿５丁目１５?号２ 池与ビル ２０３,,,,"2024-02-29 木曜日 24 時間営業
2024-03-01 金曜日 24 時間営業
2024-03-02 土曜日 24 時間営業
2024-03-03 日曜日 24 時間営業
2024-03-04 月曜日 24 時間営業
2024-03-05 火曜日 24 時間営業
2024-03-06 水曜日 24 時間営業
",1,35.693592,139.707105,東京,西武新宿駅,642,西武新宿駅|新宿駅|新大久保駅,3,新宿区,新宿,新宿|西新宿|高田馬場|新大久保,area:新宿|station:西武新宿駅|station:新宿駅|station:新大久保駅|feature:24h,
A la neigeバレエ,〒150-0043 東京都渋谷区道玄坂１丁目１９?１１ 寿道玄坂ビル B１,,https://www.alaneige.co.jp/,080-3395-4887,"2024-02-29 木曜日 9時00分～23時00分
2024-03-01 金曜日 9時00分～23時00分
2024-03-02 土曜日 9時00分～23時00分
2024-03-03 日曜日 9時00分～23時00分
2024-03-04 月曜日 9時00分～23時00分
2024-03-05 火曜日 9時00分～23時00分
2024-03-06 水曜日 9時00分～23時00分
",1,35.6568978,139.6959558,東京,渋谷駅,529,渋谷駅,1,渋谷区,渋谷,渋谷|恵比寿|代官山|原宿,area:渋谷|station:渋谷駅|feature:24h,
A-KIDS DANCE STUDIO,〒191-0011 東京都日野市日野本町４丁目５?５ ＨＳビル 2F,,http://www.akidsdancestudio.com/,080-5884-7544,"オーナーが女性と確認されたビジネス2024-02-29 木曜日 24 時間営業
2024-03-01 金曜日 24 時間営業
2024-03-02 土曜日 24 時間営業
2024-03-03 日曜日 24 時間営業
2024-03-04 月曜日 24 時間営業
2024-03-05 火曜日 24 時間営業
2024-03-06 水曜日 24 時間営業
",1,35.6795196,139.396024,東京,なし,,,0,日野市,日野,日野,area:日野|feature:24h,
A.K.バレエスタジオ,〒201-0013 東京都狛江市元和泉１丁目２?１ 貸スタジオノタリーノ2F HOPOホール,,https://akballetstudio.amebaownd.com/,080-7852-0777,,1,35.6334684,139.5781102,東京,なし,,,0,狛江市,狛江,狛江,area:狛江,
すむぞう 代々木スタジオ,〒151-0053 東京都渋谷区代々木１丁目４５?７ C's YOYOGI 4F,,https://studio.sumuzo.info/studio/yoyogi/,,,1,35.6822461,139.6978137,東京,代々木駅,392,代々木駅|新宿駅,2,渋谷区,渋谷,渋谷|恵比寿|代官山|原宿,area:渋谷|station:代々木駅|station:新宿駅,
DL Studio,〒151-0053 東京都渋谷区代々木１丁目４５?４ 地下2階 代々木山陽ビル,,http://www.instabase.jp/rooms/2630,,,1,35.6822863,139.6982172,東京,代々木駅,356,代々木駅|新宿駅,2,渋谷区,渋谷,渋谷|恵比寿|代官山|原宿,area:渋谷|station:代々木駅|station:新宿駅,
a.Music Studio,〒170-0005 東京都豊島区南大塚２丁目３９?１１ ヒサビル 5階,,https://www.amusicstudio.info/,080-7354-1200,"LGBTQ フレンドリー2024-02-29 木曜日 9時00分～23時00分
2024-03-01 金曜日 8時00分～23時00分
2024-03-02 土曜日 8時00分～23時00分
2024-03-03 日曜日 8時00分～23時00分
2024-03-04 月曜日 9時00分～23時00分
2024-03-05 火曜日 9時00分～23時00分
2024-03-06 水曜日 9時00分～23時00分
",1,35.7295282,139.7308051,東京,なし,,,0,豊島区,池袋,池袋|目白|大塚|巣鴨,area:池袋|feature:24h,
A.R.P studio,〒164-0011 東京都中野区中央２丁目５８?21 B1,,http://arpstudio.main.jp/,03-5358-9841,"2024-02-29 木曜日 24 時間営業
2024-03-01 金曜日 24 時間営業
2024-03-02 土曜日 24 時間営業
2024-03-03 日曜日 24 時間営業
2024-03-04 月曜日 24 時間営業
2024-03-05 火曜日 24 時間営業
2024-03-06 水曜日 24 時間営業
",1,35.7012934,139.6785113,東京,なし,,,0,中野区,中野,中野,area:中野|feature:24h,
AAPA 日の出町団地スタジオ,〒120-0021 東京都足立区日ノ出町２７ 日の出町団地１号棟 １０３,,https://aapa.jp/,070-6457-8036,,1,35.7517721,139.8073113,東京,北千住駅,287,北千住駅,1,足立区,北千住,北千住,area:北千住|station:北千住駅,
studio SLASH,〒151-0064 東京都渋谷区上原１丁目２１?１０ B1,,http://slash-jpn.com/studio/,,"2024-02-29 木曜日 11時00分～12時00分
2024-03-01 金曜日 13時00分～14時30分
2024-03-02 土曜日 13時00分～21時30分
2024-03-03 日曜日 13時00分～18時20分
2024-03-04 月曜日 11時00分～12時00分
2024-03-05 火曜日 14時00分～15時15分
2024-03-06 水曜日 12時15分～15時15分
",1,35.6682287,139.6824912,東京,なし,,,0,渋谷区,渋谷,渋谷|恵比寿|代官山|原宿,area:渋谷|feature:24h,
ABC明大前スタ,〒156-0043 東京都世田谷区松原１丁目２４?１１,,https://ameblo.jp/meidaimae2011/entry-12532735132.html,090-2143-8422,,1,35.6655753,139.6525717,東京,なし,,,0,世田谷区,下北沢,下北沢|三軒茶屋|二子玉川|自由が丘,area:下北沢,
ACCA STUDIO,〒130-0005 東京都墨田区東駒形３丁目１９?１３,,https://acca-studio.com/,03-5637-8639,"2024-02-29 木曜日 9時00分～19時00分
2024-03-01 金曜日 9時00分～19時00分
2024-03-02 土曜日 定休日
2024-03-03 日曜日 定休日
2024-03-04 月曜日 9時00分～19時00分
2024-03-05 火曜日 9時00分～19時00分
2024-03-06 水曜日 9時00分～19時00分
",1,35.707228,139.8040147,東京,押上駅,681,押上駅|浅草駅|蔵前駅,3,墨田区,錦糸町,錦糸町,area:錦糸町|station:押上駅|station:浅草駅|station:蔵前駅|feature:24h,
ACEスタジオ馬喰町日本橋,〒103-0003 東京都中央区日本橋横山町７?１９ イチオクビル 地下１階 7-19第３５,,https://mestudio.tokyo/,090-1261-7939,"2024-02-29 木曜日 24 時間営業
2024-03-01 金曜日 24 時間営業
2024-03-02 土曜日 24 時間営業
2024-03-03 日曜日 24 時間営業
2024-03-04 月曜日 24 時間営業
2024-03-05 火曜日 24 時間営業
2024-03-06 水曜日 24 時間営業
",1,35.6934479,139.78379,東京,秋葉原駅,1042,秋葉原駅,1,中央区,銀座,銀座|日本橋|八丁堀|月島,area:銀座|station:秋葉原駅|feature:24h,
ACFit 赤坂見附スタジオ,〒107-0052 東京都港区赤坂３丁目４?３ 赤坂マカベビル B1F,,https://acfit.accea.co.jp/akasakamitsuke/lava/,03-3560-9212,"2024-02-29 木曜日 8時00分～22時00分
2024-03-01 金曜日 8時00分～22時00分
2024-03-02 土曜日 8時30分～14時30分
2024-03-03 日曜日 定休日
2024-03-04 月曜日 8時00分～22時00分
2024-03-05 火曜日 8時00分～22時00分
2024-03-06 水曜日 8時00分～22時00分
",1,35.6741686,139.7384039,東京,赤坂駅,160,赤坂駅,1,港区,六本木,六本木|赤坂|麻布|新橋,area:六本木|station:赤坂駅|feature:24h,
AK BALLET SCHOOL浦安,〒279-0003 千葉県浦安市海楽１丁目２?６ 2F Room3,,https://www.ak-bs.com/,080-6988-2229,"2024-02-29 木曜日 10時00分～21時00分
2024-03-01 金曜日 10時00分～21時00分
2024-03-02 土曜日 10時00分～21時00分
2024-03-03 日曜日 定休日
2024-03-04 月曜日 10時00分～21時00分
2024-03-05 火曜日 10時00分～21時00分
2024-03-06 水曜日 17時00分～21時00分
",1,35.6529332,139.902579,東京,なし,,,0,その他,その他,その他,feature:24h,
ALOK DANCE DORAMA COMPANY,〒169-0073 東京都新宿区百人町１丁目１３?９,,http://alokddc.wordpress.com/,03-5386-8192,"LGBTQ フレンドリー2024-02-29 木曜日 9時00分～22時00分
2024-03-01 金曜日 9時00分～22時00分
2024-03-02 土曜日 9時00分～22時00分
2024-03-03 日曜日 9時00分～22時00分
2024-03-04 月曜日 9時00分～22時00分
2024-03-05 火曜日 9時00分～22時00分
2024-03-06 水曜日 9時00分～22時00分",1,35.698917,139.6990848,東京,新大久保駅,279,新大久保駅|西武新宿駅|新宿駅,3,新宿区,新宿,新宿|西新宿|高田馬場|新大久保,area:新宿|station:新大久保駅|station:西武新宿駅|station:新宿駅|feature:24h,
alt studio (オルトスタジオ),〒101-0051 東京都千代田区神田神保町１丁目64?３ 神保町ビル 6F,,https://upnow.jp/Altstudio/jimbocho,090-1793-8220,"2024-02-29 木曜日 8時00分～23時00分
2024-03-01 金曜日 8時00分～23時00分
2024-03-02 土曜日 8時00分～23時00分
2024-03-03 日曜日 8時00分～23時00分
2024-03-04 月曜日 8時00分～23時00分
2024-03-05 火曜日 8時00分～23時00分
2024-03-06 水曜日 8時00分～23時00分
",1,35.6988364,139.7582,東京,なし,,,0,千代田区,秋葉原,秋葉原,area:秋葉原|feature:24h,
Amiバレエアート,"晴見町1-2-1 スミレビル2階, 府中市 東京都 183-0057",,http://www.ami-ballet.com/,090-9342-9033,,1,35.6781802,139.4780509,東京,府中駅,1078,府中駅,1,府中市,府中,府中,area:府中|station:府中駅,
Amiバレエダンスアーツ,〒183-0055 東京都府中市府中町２丁目２２?８,,http://www.ami-ballet.com/,090-9342-9033,,1,35.6757704,139.4844256,東京,府中駅,1042,府中駅,1,府中市,府中,府中,area:府中|station:府中駅,
スタジオキャンパス 高田馬場店,〒169-0075 東京都新宿区高田馬場４丁目２９?１ B1F,,https://st-campus.net/baba/,,"2024-02-29 木曜日 10時00分～23時00分
2024-03-01 金曜日 10時00分～23時00分
2024-03-02 土曜日 10時00分～23時00分
2024-03-03 日曜日 10時00分～23時00分
2024-03-04 月曜日 10時00分～23時00分
2024-03-05 火曜日 10時00分～23時00分
2024-03-06 水曜日 10時00分～23時00分
",1,35.7104813,139.6989111,東京,高田馬場駅,483,高田馬場駅|新大久保駅,2,新宿区,新宿,新宿|西新宿|高田馬場|新大久保,area:新宿|station:高田馬場駅|station:新大久保駅|feature:24h,
Another ONE+ （銀座レンタルスペース）,〒104-0061 東京都中央区銀座３丁目１２?１８ 新岩間ビル 3F,,https://aopg.jp/,090-4610-1850,"2024-02-29 木曜日 5時00分～23時00分
2024-03-01 金曜日 5時00分～23時00分
2024-03-02 土曜日 5時00分～23時00分
2024-03-03 日曜日 5時00分～23時00分
2024-03-04 月曜日 5時00分～23時00分
2024-03-05 火曜日 5時00分～23時00分
2024-03-06 水曜日 5時00分～23時00分
",1,35.670885,139.7691116,東京,有楽町駅,700,有楽町駅|新橋駅|東京駅,3,中央区,銀座,銀座|日本橋|八丁堀|月島,area:銀座|station:有楽町駅|station:新橋駅|station:東京駅|feature:24h,
スタジオジパング 新宿スタジオPRO,"ニューローレルビル ニューローレルビル地下1階, １丁目-３４-１１ 新宿 新宿区 東京都 160-0022",,https://studiozipang.com/,,"2024-02-29 木曜日 24 時間営業
2024-03-01 金曜日 24 時間営業
2024-03-02 土曜日 24 時間営業
2024-03-03 日曜日 24 時間営業
2024-03-04 月曜日 24 時間営業
2024-03-05 火曜日 24 時間営業
2024-03-06 水曜日 24 時間営業
",1,35.691309,139.710504,東京,新宿駅,926,新宿駅|西武新宿駅|代々木駅,3,新宿区,新宿,新宿|西新宿|高田馬場|新大久保,area:新宿|station:新宿駅|station:西武新宿駅|station:代々木駅|feature:24h,
ART GROOVE,〒114-0015 東京都北区中里２丁目５?８ レイハウス駒込 302,,https://art-groove.com/net/,03-5972-4133,"2024-02-29 木曜日 10時30分～19時00分
2024-03-01 金曜日 17時30分～22時00分
2024-03-02 土曜日 12時00分～22時00分
2024-03-03 日曜日 10時30分～16時30分
2024-03-04 月曜日 19時00分～22時00分
2024-03-05 火曜日 12時00分～22時00分
2024-03-06 水曜日 16時00分～22時00分
",1,35.738012,139.749893,東京,なし,,,0,北区,赤羽,赤羽,area:赤羽|feature:24h,
Asia Ballet Agency,〒164-0013 東京都中野区弥生町１丁目４３?１ アーデルホーフ弥生町,,https://www.asiaballet.net/,03-6300-9560,,1,35.6886058,139.6776582,東京,なし,,,0,中野区,中野,中野,area:中野,
ソニズレンタルスタジオ東高円寺店,〒166-0003 東京都杉並区高円寺南１丁目６?５ 高円寺サマリヤマンション 松屋の隣,,https://sonysdance.com/,,"2024-02-29 木曜日 24 時間営業
2024-03-01 金曜日 24 時間営業
2024-03-02 土曜日 24 時間営業
2024-03-03 日曜日 24 時間営業
2024-03-04 月曜日 24 時間営業
2024-03-05 火曜日 24 時間営業
2024-03-06 水曜日 24 時間営業
",1,35.6980704,139.6586304,東京,中野駅,1075,中野駅,1,杉並区,高円寺,高円寺,area:高円寺|station:中野駅|feature:24h,
ATHLETE Studio,〒101-0044 東京都千代田区鍛冶町１丁目８?１ SRビル 3F,,https://www.athletestudio.org/,03-6413-7889,"2024-02-29 木曜日 8時00分～21時00分
2024-03-01 金曜日 8時00分～21時00分
2024-03-02 土曜日 8時00分～21時00分
2024-03-03 日曜日 8時00分～21時00分
2024-03-04 月曜日 8時00分～21時00分
2024-03-05 火曜日 8時00分～21時00分
2024-03-06 水曜日 8時00分～21時00分
",1,35.6907281,139.7723644,東京,秋葉原駅,900,秋葉原駅|東京駅,2,千代田区,秋葉原,秋葉原,area:秋葉原|station:秋葉原駅|station:東京駅|feature:24h,
AXISダンススクール,〒812-0879 福岡県福岡市博多区銀天町３丁目３?１２ シャインズビル,,https://axis-dance-fukuoka.net/,080-2725-6123,"2024-02-29 木曜日 18時30分～21時00分
2024-03-01 金曜日 定休日
2024-03-02 土曜日 13時00分～21時00分
2024-03-03 日曜日 定休日
2024-03-04 月曜日 17時00分～21時00分
2024-03-05 火曜日 17時00分～21時00分
2024-03-06 水曜日 17時00分～21時00分
",1,33.546017,130.463493,東京,なし,,,0,その他,その他,その他,feature:24h,
Aya Ballet School,〒152-0035 東京都目黒区洗足２丁目６?１５ 洗足21 B１F,,https://www.aya-ballet-school.net/,080-3055-8737,"オーナーが女性と確認されたビジネス2024-02-29 木曜日 10時00分～22時00分
2024-03-01 金曜日 10時00分～22時00分
2024-03-02 土曜日 10時00分～22時00分
2024-03-03 日曜日 10時00分～22時00分
2024-03-04 月曜日 10時00分～22時00分
2024-03-05 火曜日 10時00分～22時00分
2024-03-06 水曜日 10時00分～22時00分
",1,35.6110787,139.6941188,東京,なし,,,0,目黒区,中目黒,中目黒,area:中目黒|feature:24h,
b-line dance studio,〒164-0012 東京都中野区本町３丁目３２?１５ クラウンズコートなかの 1階,,http://www.sbline.jp/,03-3373-8603,"2024-02-29 木曜日 12時00分～18時00分
2024-03-01 金曜日 12時00分～18時00分
2024-03-02 土曜日 12時00分～18時00分
2024-03-03 日曜日 12時00分～18時00分
2024-03-04 月曜日 定休日
2024-03-05 火曜日 定休日
2024-03-06 水曜日 定休日
",1,35.6975026,139.6745928,東京,なし,,,0,中野区,中野,中野,area:中野|feature:24h,
原宿ダンススタジオ SHIN RENTAL STUDIO,〒151-0051 東京都渋谷区千駄ケ谷３丁目６０?４ 地下1階,,https://harajuku-rentalstudio.com/,,"2024-02-29 木曜日 10時00分～22時00分
2024-03-01 金曜日 10時00分～22時00分
2024-03-02 土曜日 10時00分～22時00分
2024-03-03 日曜日 10時00分～22時00分
2024-03-04 月曜日 10時00分～22時00分
2024-03-05 火曜日 10時00分～22時00分
2024-03-06 水曜日 10時00分～22時00分
",1,35.6738793,139.7053725,東京,原宿駅,479,原宿駅|代々木駅|表参道駅,3,渋谷区,渋谷,渋谷|恵比寿|代官山|原宿,area:渋谷|station:原宿駅|station:代々木駅|station:表参道駅|feature:24h,
Ballet & Dance DUE,〒136-0071 東京都江東区亀戸７丁目４３?５ 小林ビル,,https://ballet-dance-uno.com/,090-5584-7922,"2024-02-29 木曜日 定休日
2024-03-01 金曜日 定休日
2024-03-02 土曜日 定休日
2024-03-03 日曜日 9時45分～11時45分
2024-03-04 月曜日 定休日
2024-03-05 火曜日 定休日
2024-03-06 水曜日 定休日
",1,35.6966775,139.8344533,東京,なし,,,0,江東区,豊洲,豊洲,area:豊洲|feature:24h,
Ballet & Dance TRE,〒130-0004 東京都墨田区本所３丁目７?９,,https://ballet-dance-uno.com/,090-6514-7233,"2024-02-29 木曜日 24 時間営業
2024-03-01 金曜日 24 時間営業
2024-03-02 土曜日 24 時間営業
2024-03-03 日曜日 24 時間営業
2024-03-04 月曜日 24 時間営業
2024-03-05 火曜日 24 時間営業
2024-03-06 水曜日 24 時間営業
",1,35.70285,139.8046437,東京,押上駅,971,押上駅|錦糸町駅|蔵前駅,3,墨田区,錦糸町,錦糸町,area:錦糸町|station:押上駅|station:錦糸町駅|station:蔵前駅|feature:24h,
Ballet & Dance UNO,〒130-0012 東京都墨田区太平３丁目１９?５ 鈴木ビル 1階,,https://ballet-dance-uno.com/,090-5584-7922,"2024-02-29 木曜日 9時00分～23時00分
2024-03-01 金曜日 9時00分～23時00分
2024-03-02 土曜日 9時00分～23時00分
2024-03-03 日曜日 9時00分～23時00分
2024-03-04 月曜日 9時00分～23時00分
2024-03-05 火曜日 9時00分～23時00分
2024-03-06 水曜日 9時00分～23時00分
",1,35.7026519,139.813524,東京,錦糸町駅,664,錦糸町駅|押上駅,2,墨田区,錦糸町,錦糸町,area:錦糸町|station:錦糸町駅|station:押上駅|feature:24h,
"マイレッスン 新宿A,Bスタジオ",〒160-0022 東京都新宿区新宿１丁目１３?１２,,http://www.my-lesson.jp/,,"2024-02-29 木曜日 24 時間営業
2024-03-01 金曜日 24 時間営業
2024-03-02 土曜日 24 時間営業
2024-03-03 日曜日 24 時間営業
2024-03-04 月曜日 24 時間営業
2024-03-05 火曜日 24 時間営業
2024-03-06 水曜日 24 時間営業
",1,35.688976,139.711741,東京,新宿駅,1059,新宿駅|代々木駅,2,新宿区,新宿,新宿|西新宿|高田馬場|新大久保,area:新宿|station:新宿駅|station:代々木駅|feature:24h,
ラシーヌスタジオ,〒160-0005 東京都新宿区愛住町１６?１ ＡＮＮＥＸ倉石 2F,,https://racinestudio.com/,,"2024-02-29 木曜日 9時00分～22時00分
2024-03-01 金曜日 9時00分～22時00分
2024-03-02 土曜日 9時00分～22時00分
2024-03-03 日曜日 9時00分～22時00分
2024-03-04 月曜日 9時00分～22時00分
2024-03-05 火曜日 9時00分～22時00分
2024-03-06 水曜日 9時00分～22時00分
",1,35.6898807,139.7198008,東京,なし,,,0,新宿区,新宿,新宿|西新宿|高田馬場|新大久保,area:新宿|feature:24h,
Ballet Studio M'z,〒107-0052 東京都港区赤坂７丁目９?７ 小林ビル 5F,,https://balletstudio-mz.com/,03-3583-2038,"2024-02-29 木曜日 11時00分～12時30分
2024-03-01 金曜日 11時00分～13時10分
2024-03-02 土曜日 定休日
2024-03-03 日曜日 11時00分～12時30分
2024-03-04 月曜日 15時30分～16時30分
2024-03-05 火曜日 11時00分～12時30分
2024-03-06 水曜日 11時00分～13時10分
",1,35.6696337,139.7328767,東京,赤坂駅,561,赤坂駅|六本木駅|青山一丁目駅,3,港区,六本木,六本木|赤坂|麻布|新橋,area:六本木|station:赤坂駅|station:六本木駅|station:青山一丁目駅|feature:24h,
渋谷店 レンタルダンススタジオ ＲＯＯＴＳ,〒150-0011 東京都渋谷区東１丁目２４?８ トキワマツ72ビル A号,,http://dancestudioroots.com/shibuya1/,,"2024-02-29 木曜日 24 時間営業
2024-03-01 金曜日 24 時間営業
2024-03-02 土曜日 24 時間営業
2024-03-03 日曜日 24 時間営業
2024-03-04 月曜日 24 時間営業
2024-03-05 火曜日 24 時間営業
2024-03-06 水曜日 24 時間営業
",1,35.6548359,139.7080705,東京,渋谷駅,681,渋谷駅|恵比寿駅,2,渋谷区,渋谷,渋谷|恵比寿|代官山|原宿,area:渋谷|station:渋谷駅|station:恵比寿駅|feature:24h,
Be Rise Dance Studio,〒174-0056 東京都板橋区志村１丁目３２?３０ 山和建物 1階,,https://br-dance.com/,03-5918-9035,,1,35.775679,139.6915163,東京,なし,,,0,板橋区,成増,成増,area:成増,
Beat Box Dance Studio,〒151-0053 東京都渋谷区代々木１丁目４２?２,,http://www.beatbox-jp.com/,03-5388-6774,"2024-02-29 木曜日 17時00分～23時00分
2024-03-01 金曜日 17時00分～23時00分
2024-03-02 土曜日 13時00分～23時00分
2024-03-03 日曜日 13時00分～21時30分
2024-03-04 月曜日 17時00分～23時00分
2024-03-05 火曜日 17時00分～23時00分
2024-03-06 水曜日 17時00分～23時00分
",1,35.6827709,139.6994957,東京,代々木駅,232,代々木駅|新宿駅,2,渋谷区,渋谷,渋谷|恵比寿|代官山|原宿,area:渋谷|station:代々木駅|station:新宿駅|feature:24h,
中野 レンタルスタジオ オドリバ,〒164-0001 東京都中野区中野５丁目３２?６ 中野城西ビル B-7号室,,https://nakano-odoriba.com/,,"2024-02-29 木曜日 7時00分～22時00分
2024-03-01 金曜日 7時00分～22時00分
2024-03-02 土曜日 7時00分～22時00分
2024-03-03 日曜日 7時00分～22時00分
2024-03-04 月曜日 7時00分～22時00分
2024-03-05 火曜日 7時00分～22時00分
2024-03-06 水曜日 7時00分～22時00分
",1,35.7063226,139.6675152,東京,中野駅,163,中野駅,1,中野区,中野,中野,area:中野|station:中野駅|feature:24h,
ナ・ホク・オ・カヘアラニ フラ＆タヒチアン,〒107-0061 東京都港区北青山３丁目５?９ KAZU表参道 202号室,,https://nahokuokahealanijp.com/,,"オーナーが女性と確認されたビジネス2024-02-29 木曜日 10時00分～22時00分
2024-03-01 金曜日 10時00分～22時00分
2024-03-02 土曜日 10時00分～21時00分
2024-03-03 日曜日 10時00分～13時00分
2024-03-04 月曜日 10時00分～22時00分
2024-03-05 火曜日 10時00分～22時00分
2024-03-06 水曜日 10時00分～22時00分
",1,35.667179,139.7135364,東京,表参道駅,242,表参道駅|外苑前駅|原宿駅,3,港区,六本木,六本木|赤坂|麻布|新橋,area:六本木|station:表参道駅|station:外苑前駅|station:原宿駅|feature:24h,
BillionDance,〒542-0084 大阪府大阪市中央区宗右衛門町１?２７ ゴールドウッズミッテラビルB1F,,https://sites.google.com/view/billiondance/,080-6313-7665,"2024-02-29 木曜日 24 時間営業
2024-03-01 金曜日 24 時間営業
2024-03-02 土曜日 24 時間営業
2024-03-03 日曜日 24 時間営業
2024-03-04 月曜日 24 時間営業
2024-03-05 火曜日 24 時間営業
2024-03-06 水曜日 24 時間営業
",1,34.6701884,135.5055597,東京,なし,,,0,中央区,銀座,銀座|日本橋|八丁堀|月島,area:銀座|feature:24h,
石原ダンスクラブ コモレ四谷店,〒160-0004 東京都新宿区四谷１丁目６?1 213,,http://ishiharadance.jp/,,,1,35.68784,139.7295479,東京,なし,,,0,新宿区,新宿,新宿|西新宿|高田馬場|新大久保,area:新宿,
BLM Dance School,〒196-0033 東京都昭島市１６ 東町1-16-11 4F,,http://www.blm-music.com/,042-521-3365,"2024-02-29 木曜日 10時00分～21時00分
2024-03-01 金曜日 10時00分～21時00分
2024-03-02 土曜日 11時00分～21時00分
2024-03-03 日曜日 定休日
2024-03-04 月曜日 10時00分～21時00分
2024-03-05 火曜日 10時00分～21時00分
2024-03-06 水曜日 10時00分～21時00分
",1,35.7041535,139.3909662,東京,なし,,,0,東京都,東京,東京,area:東京|feature:24h,
BLOOMIN'新丸子店,〒211-0004 神奈川県川崎市中原区新丸子東１丁目７９４,,http://studio-bloomin.com/,044-948-5263,"LGBTQ フレンドリー2024-02-29 木曜日 9時30分～22時00分
2024-03-01 金曜日 9時30分～22時00分
2024-03-02 土曜日 9時30分～17時00分
2024-03-03 日曜日 9時30分～17時00分
2024-03-04 月曜日 9時30分～22時00分
2024-03-05 火曜日 9時30分～22時00分
2024-03-06 水曜日 20時00分～22時00分
",1,35.5803766,139.6643907,東京,なし,,,0,その他,その他,その他,feature:24h,
SHOJIN Show-Base Tokyo,〒169-0075 東京都新宿区高田馬場４丁目１１?10VORT Briller4F SHOJIN Show-Base Tokyo,,https://shojin-enter-labo.work/,,"2024-02-29 木曜日 24 時間営業
2024-03-01 金曜日 24 時間営業
2024-03-02 土曜日 24 時間営業
2024-03-03 日曜日 24 時間営業
2024-03-04 月曜日 24 時間営業
2024-03-05 火曜日 24 時間営業
2024-03-06 水曜日 24 時間営業
",1,35.713354,139.7022211,東京,高田馬場駅,184,高田馬場駅,1,新宿区,新宿,新宿|西新宿|高田馬場|新大久保,area:新宿|station:高田馬場駅|feature:24h,
BOX Performers Academy 池袋校,〒170-0013 東京都豊島区東池袋１丁目２２?５ サンケエビル 6F,,http://www.boxacademy.jp/,03-5957-5858,"2024-02-29 木曜日 10時00分～21時30分
2024-03-01 金曜日 13時00分～21時30分
2024-03-02 土曜日 11時30分～21時30分
2024-03-03 日曜日 10時00分～21時30分
2024-03-04 月曜日 11時30分～21時30分
2024-03-05 火曜日 10時00分～21時30分
2024-03-06 水曜日 13時00分～21時30分
",1,35.7295971,139.7154534,東京,池袋駅,464,池袋駅,1,豊島区,池袋,池袋|目白|大塚|巣鴨,area:池袋|station:池袋駅|feature:24h,
Brilliant Me Dance Studio 鹿浜校,〒123-0864 東京都足立区鹿浜７丁目１２?４,,http://brilliant-me.com/,03-3857-6111,"2024-02-29 木曜日 16時00分～21時00分
2024-03-01 金曜日 16時00分～21時00分
2024-03-02 土曜日 16時00分～21時00分
2024-03-03 日曜日 定休日
2024-03-04 月曜日 17時00分～20時30分
2024-03-05 火曜日 16時00分～21時00分
2024-03-06 水曜日 16時00分～21時00分
",1,35.7833585,139.7641867,東京,なし,,,0,足立区,北千住,北千住,area:北千住|feature:24h,
ARTIST DANCE STUDIO,〒150-0036 東京都渋谷区南平台町１?９ 南平台宝来ビル B1,,https://artist-dance.jp/,,"2024-02-29 木曜日 24 時間営業
2024-03-01 金曜日 24 時間営業
2024-03-02 土曜日 24 時間営業
2024-03-03 日曜日 24 時間営業
2024-03-04 月曜日 24 時間営業
2024-03-05 火曜日 24 時間営業
2024-03-06 水曜日 24 時間営業
",1,35.6557844,139.696861,東京,渋谷駅,499,渋谷駅,1,渋谷区,渋谷,渋谷|恵比寿|代官山|原宿,area:渋谷|station:渋谷駅|feature:24h,
BRONX RENTAL STUDIO,〒155-0031 東京都世田谷区北沢２丁目５?１０,,http://thebronx-dancestudio.com/,080-3081-8726,"2024-02-29 木曜日 24 時間営業
2024-03-01 金曜日 24 時間営業
2024-03-02 土曜日 24 時間営業
2024-03-03 日曜日 24 時間営業
2024-03-04 月曜日 24 時間営業
2024-03-05 火曜日 24 時間営業
2024-03-06 水曜日 24 時間営業
",1,35.6608087,139.6690687,東京,下北沢駅,106,下北沢駅,1,世田谷区,下北沢,下北沢|三軒茶屋|二子玉川|自由が丘,area:下北沢|station:下北沢駅|feature:24h,
BT Dance Studio,〒444-0852 愛知県岡崎市南明大寺町４?１４,,http://www.btstudio.jp/,0564-51-5192,"オーナーが女性と確認されたビジネス2024-02-29 木曜日 16時30分～22時30分
2024-03-01 金曜日 17時00分～23時00分
2024-03-02 土曜日 12時30分～21時00分
2024-03-03 日曜日 定休日
2024-03-04 月曜日 18時00分～22時00分
2024-03-05 火曜日 15時30分～23時00分
2024-03-06 水曜日 16時30分～23時00分
",1,34.9416412,137.1617623,東京,なし,,,0,その他,その他,その他,feature:24h,
BUZZ SHIBUYA店,〒150-0042 東京都渋谷区宇田川町４?１０ 宇田川町ビル B1～3F,,http://buzz-st.com/shibuya/,03-6907-2144,"2024-02-29 木曜日 24 時間営業
2024-03-01 金曜日 24 時間営業
2024-03-02 土曜日 24 時間営業
2024-03-03 日曜日 24 時間営業
2024-03-04 月曜日 24 時間営業
2024-03-05 火曜日 24 時間営業
2024-03-06 水曜日 24 時間営業
",1,35.6626627,139.6977386,東京,渋谷駅,624,渋谷駅|原宿駅,2,渋谷区,渋谷,渋谷|恵比寿|代官山|原宿,area:渋谷|station:渋谷駅|station:原宿駅|feature:24h,
BUZZ レンタルスタジオ 池袋本店,〒171-0022 東京都豊島区南池袋１丁目２０?１ 横田ビル 3F,,https://buzz-st.com/ikebukuro4/,03-6907-2144,"2024-02-29 木曜日 24 時間営業
2024-03-01 金曜日 24 時間営業
2024-03-02 土曜日 24 時間営業
2024-03-03 日曜日 24 時間営業
2024-03-04 月曜日 24 時間営業
2024-03-05 火曜日 24 時間営業
2024-03-06 水曜日 24 時間営業
",1,35.7280174,139.7127983,東京,池袋駅,241,池袋駅,1,豊島区,池袋,池袋|目白|大塚|巣鴨,area:池袋|station:池袋駅|feature:24h,
C Production Dance Studio,〒170-0014 東京都豊島区池袋１丁目８?５ シーステージ池袋 5F,,https://www.c-production-dancestudio.com/,070-8984-0814,"2024-02-29 木曜日 12時00分～22時00分
2024-03-01 金曜日 12時00分～22時00分
2024-03-02 土曜日 12時00分～22時00分
2024-03-03 日曜日 定休日
2024-03-04 月曜日 12時00分～22時00分
2024-03-05 火曜日 12時00分～22時00分
2024-03-06 水曜日 12時00分～22時00分
",1,35.7361242,139.7114738,東京,池袋駅,806,池袋駅,1,豊島区,池袋,池袋|目白|大塚|巣鴨,area:池袋|station:池袋駅|feature:24h,
Cadena Flamenca,〒151-0053 東京都渋谷区代々木１丁目４２?２,,https://cadenaflamenca.jp/,03-5304-3535,"2024-02-29 木曜日 定休日
2024-03-01 金曜日 10時30分～21時45分
2024-03-02 土曜日 10時30分～16時15分
2024-03-03 日曜日 定休日
2024-03-04 月曜日 15時30分～20時30分
2024-03-05 火曜日 16時00分～21時00分
2024-03-06 水曜日 12時00分～22時00分
",1,35.6827729,139.6993391,東京,代々木駅,246,代々木駅|新宿駅,2,渋谷区,渋谷,渋谷|恵比寿|代官山|原宿,area:渋谷|station:代々木駅|station:新宿駅|feature:24h,
BUZZ レンタルスタジオ 高田馬場店,〒169-0075 東京都新宿区高田馬場４丁目１４?６ 地下1階 第二長谷川マンション,,https://buzz-st.com/takadanobaba/,,,1,35.7125229,139.7007701,東京,高田馬場駅,273,高田馬場駅,1,新宿区,新宿,新宿|西新宿|高田馬場|新大久保,area:新宿|station:高田馬場駅,
BUZZ 池袋西口タワー,〒171-0014 東京都豊島区池袋２丁目３７?８ ジオ・ステージ池袋,,http://buzz-st.com/ikebukuro3/,,"2024-02-29 木曜日 24 時間営業
2024-03-01 金曜日 24 時間営業
2024-03-02 土曜日 24 時間営業
2024-03-03 日曜日 24 時間営業
2024-03-04 月曜日 24 時間営業
2024-03-05 火曜日 24 時間営業
2024-03-06 水曜日 24 時間営業
",1,35.7337631,139.7077962,東京,池袋駅,586,池袋駅,1,豊島区,池袋,池袋|目白|大塚|巣鴨,area:池袋|station:池袋駅|feature:24h,
CAMURO DANCE STUDIO,〒540-0025 大阪府大阪市中央区徳井町１丁目１?７ 松田ビル,,http://camuro.jp/,06-6942-8889,"2024-02-29 木曜日 11時00分～22時30分
2024-03-01 金曜日 11時00分～22時30分
2024-03-02 土曜日 9時00分～22時30分
2024-03-03 日曜日 9時00分～22時30分
2024-03-04 月曜日 11時00分～22時30分
2024-03-05 火曜日 11時00分～22時30分
2024-03-06 水曜日 11時00分～22時30分
",1,34.684138,135.516178,東京,なし,,,0,中央区,銀座,銀座|日本橋|八丁堀|月島,area:銀座|feature:24h,
CARDIO BARRE JIYUGAOKA (カーディオ・バー 自由が丘店),〒152-0035 東京都目黒区自由が丘２丁目１０?４ ミルシェ自由が丘 5階,,https://cardio-barre.jp/lp/03/?utm_source=facebook&utm_medium=cpc&fbclid=IwAR3Kheu4QwOEsq_Vf6-cZeTgzJ1VLZ2eB-BkHUf42kUJQKr9BH3OyQwSaSg,03-5731-5670,"2024-02-29 木曜日 9時00分～22時00分
2024-03-01 金曜日 9時00分～22時00分
2024-03-02 土曜日 10時00分～20時00分
2024-03-03 日曜日 10時00分～18時00分
2024-03-04 月曜日 8時00分～22時00分
2024-03-05 火曜日 9時00分～22時00分
2024-03-06 水曜日 8時00分～22時00分
",1,35.6082327,139.6679979,東京,自由が丘駅,132,自由が丘駅,1,目黒区,中目黒,中目黒,area:中目黒|station:自由が丘駅|feature:24h,
CARDIO BARRE SHIBUYA (カーディオ・バー 渋谷店),〒150-0002 東京都渋谷区渋谷１丁目１４?１１ BCサロン 地下１階,,https://cardio-barre.jp/lp/03/?utm_source=facebook&utm_medium=cpc&fbclid=IwAR3Kheu4QwOEsq_Vf6-cZeTgzJ1VLZ2eB-BkHUf42kUJQKr9BH3OyQwSaSg,03-5778-9860,"2024-02-29 木曜日 9時00分～22時00分
2024-03-01 金曜日 9時00分～22時00分
2024-03-02 土曜日 10時00分～20時00分
2024-03-03 日曜日 10時00分～18時00分
2024-03-04 月曜日 9時00分～22時00分
2024-03-05 火曜日 9時00分～22時00分
2024-03-06 水曜日 9時00分～22時00分
",1,35.6598152,139.7027447,東京,渋谷駅,222,渋谷駅|表参道駅|原宿駅,3,渋谷区,渋谷,渋谷|恵比寿|代官山|原宿,area:渋谷|station:渋谷駅|station:表参道駅|station:原宿駅|feature:24h,
CARDIO BARRE SHINJUKU (カーディオ・バー 新宿店),〒160-0022 東京都新宿区新宿４丁目２?１６ パシフィックマークス新宿サウスゲート 2階,,https://cardio-barre.jp/lp/03/?utm_source=facebook&utm_medium=cpc&fbclid=IwAR3Kheu4QwOEsq_Vf6-cZeTgzJ1VLZ2eB-BkHUf42kUJQKr9BH3OyQwSaSg,03-5361-6751,"2024-02-29 木曜日 9時00分～22時00分
2024-03-01 金曜日 9時00分～22時00分
2024-03-02 土曜日 10時00分～20時00分
2024-03-03 日曜日 10時00分～18時00分
2024-03-04 月曜日 9時00分～22時00分
2024-03-05 火曜日 9時00分～22時00分
2024-03-06 水曜日 9時00分～22時00分",1,35.6894289,139.7036822,東京,新宿駅,351,新宿駅|代々木駅|西武新宿駅,3,新宿区,新宿,新宿|西新宿|高田馬場|新大久保,area:新宿|station:新宿駅|station:代々木駅|station:西武新宿駅|feature:24h,
Caribbean explosion,〒194-0012 東京都町田市金森１丁目３?１ Hamanoya 202,,http://www.caribbeanexplosion.com/,090-1542-9080,"2024-02-29 木曜日 10時00分～21時00分
2024-03-01 金曜日 10時00分～21時00分
2024-03-02 土曜日 10時00分～21時00分
2024-03-03 日曜日 10時00分～21時00分
2024-03-04 月曜日 10時00分～21時00分
2024-03-05 火曜日 10時00分～21時00分
2024-03-06 水曜日 10時00分～21時00分
",1,35.5369696,139.4553556,東京,町田駅,991,町田駅,1,町田市,町田,町田,area:町田|station:町田駅|feature:24h,
Casa Mia Studio カザミアスタジオ ダンス,〒151-0064 東京都渋谷区上原１丁目２２?３ B1F むさしビル,,http://casamiastudio.jp/,03-5790-5710,,1,35.6686672,139.6823292,東京,なし,,,0,渋谷区,渋谷,渋谷|恵比寿|代官山|原宿,area:渋谷,
BUZZ レンタルスタジオ池袋東口BASE,〒170-0013 東京都豊島区東池袋１丁目３６?７ B1,,https://buzz-st.com/ikebukuro5/,,"2024-02-29 木曜日 24 時間営業
2024-03-01 金曜日 24 時間営業
2024-03-02 土曜日 24 時間営業
2024-03-03 日曜日 24 時間営業
2024-03-04 月曜日 24 時間営業
2024-03-05 火曜日 24 時間営業
2024-03-06 水曜日 24 時間営業
",1,35.7330703,139.7147674,東京,池袋駅,608,池袋駅,1,豊島区,池袋,池袋|目白|大塚|巣鴨,area:池袋|station:池袋駅|feature:24h,
BUZZ レンタルスタジオ 渋谷東口SQUARE店,〒150-0002 東京都渋谷区渋谷２丁目２２?８ 名取ビル 1F,,https://buzz-st.com/shibuya3/,,"2024-02-29 木曜日 24 時間営業
2024-03-01 金曜日 24 時間営業
2024-03-02 土曜日 24 時間営業
2024-03-03 日曜日 24 時間営業
2024-03-04 月曜日 24 時間営業
2024-03-05 火曜日 24 時間営業
2024-03-06 水曜日 24 時間営業
",1,35.6584144,139.7035426,東京,渋谷駅,177,渋谷駅|表参道駅,2,渋谷区,渋谷,渋谷|恵比寿|代官山|原宿,area:渋谷|station:渋谷駅|station:表参道駅|feature:24h,
CHILL STUDIO地域最安値第1位ダンススクール&レンタルスタジオ,〒197-0023 東京都福生市志茂２０１?２ 2SRビル 101,,,090-3248-5273,"LGBTQ フレンドリー2024-02-29 木曜日 10時00分～22時00分
2024-03-01 金曜日 10時00分～22時00分
2024-03-02 土曜日 10時00分～22時00分
2024-03-03 日曜日 10時00分～22時00分
2024-03-04 月曜日 10時00分～22時00分
2024-03-05 火曜日 10時00分～22時00分
2024-03-06 水曜日 10時00分～22時00分
",1,35.7379518,139.3289111,東京,なし,,,0,福生市,福生,福生,area:福生|feature:24h,
ダンスルームAA,〒151-0063 東京都渋谷区富ケ谷２丁目９?１３ ワイズファースト B1F,,https://danceroomaa.com/,,,1,35.6646883,139.6864513,東京,なし,,,0,渋谷区,渋谷,渋谷|恵比寿|代官山|原宿,area:渋谷,
Clover 26,〒206-0033 東京都多摩市落合２丁目３３ 2階,,https://www.clover26.com/,042-319-6001,"2024-02-29 木曜日 11時00分～22時00分
2024-03-01 金曜日 11時00分～22時00分
2024-03-02 土曜日 11時00分～22時00分
2024-03-03 日曜日 11時00分～22時00分
2024-03-04 月曜日 11時00分～22時00分
2024-03-05 火曜日 11時00分～22時00分
2024-03-06 水曜日 11時00分～22時00分
",1,35.6201316,139.423251,東京,なし,,,0,多摩市,多摩センター,多摩センター,area:多摩センター|feature:24h,
"in the house / Shibuya ""Gallery""",〒150-0001 東京都渋谷区神宮前６丁目２３?１２,,https://inthehouse.tokyo/,,"2024-02-29 木曜日 24 時間営業
2024-03-01 金曜日 24 時間営業
2024-03-02 土曜日 24 時間営業
2024-03-03 日曜日 24 時間営業
2024-03-04 月曜日 24 時間営業
2024-03-05 火曜日 24 時間営業
2024-03-06 水曜日 24 時間営業
",1,35.6650259,139.7022931,東京,原宿駅,573,原宿駅|渋谷駅|表参道駅,3,渋谷区,渋谷,渋谷|恵比寿|代官山|原宿,area:渋谷|station:原宿駅|station:渋谷駅|station:表参道駅|feature:24h,
CurioSpace多摩センター,〒206-0042 東京都多摩市山王下１丁目13?１２ パールプラザ 204号,,https://upnow.jp/curiospace/tamacenterstudio,050-3101-4159,"2024-02-29 木曜日 24 時間営業
2024-03-01 金曜日 24 時間営業
2024-03-02 土曜日 24 時間営業
2024-03-03 日曜日 24 時間営業
2024-03-04 月曜日 24 時間営業
2024-03-05 火曜日 24 時間営業
2024-03-06 水曜日 24 時間営業
",1,35.6253604,139.4199216,東京,なし,,,0,多摩市,多摩センター,多摩センター,area:多摩センター|feature:24h,
BUZZ レンタルスタジオ 渋谷PARK店,〒150-0042 東京都渋谷区宇田川町１９?５,https://dance-studio-lab.com/room/YmNlM2RmNGMtNGI0Mi00ZTg4LTk4OTYtNjY4NWRiM2JmNzhm/detail,https://buzz-st.com/shibuya2/,,"2024-02-29 木曜日 24 時間営業
2024-03-01 金曜日 24 時間営業
2024-03-02 土曜日 24 時間営業
2024-03-03 日曜日 24 時間営業
2024-03-04 月曜日 24 時間営業
2024-03-05 火曜日 24 時間営業
2024-03-06 水曜日 24 時間営業
",1,35.6616887,139.6995535,東京,渋谷駅,448,渋谷駅|原宿駅,2,渋谷区,渋谷,渋谷|恵比寿|代官山|原宿,area:渋谷|station:渋谷駅|station:原宿駅|feature:24h,
Cuuby dance school,,,https://www.cuuby-dance-school.com/?utm_source=google&utm_medium=wix_google_business_profile&utm_campaign=1742420427663732624,090-9202-9872,"2024-02-29 木曜日 10時30分～15時00分
2024-03-01 金曜日 19時00分～20時30分
2024-03-02 土曜日 10時30分～22時00分
2024-03-03 日曜日 12時30分～14時00分
2024-03-04 月曜日 定休日
2024-03-05 火曜日 定休日
2024-03-06 水曜日 21時00分～22時30分
",1,35.7096844,139.7129534,東京,高田馬場駅,877,高田馬場駅,1,その他,その他,その他,station:高田馬場駅|feature:24h,
『bco』 Private lesson/salon,〒150-0001 東京都渋谷区神宮前１丁目２１?１５ 2F奥 ナポレ原宿,,http://bobbyconditioning.com/,,"2024-02-29 木曜日 10時00分～22時00分
2024-03-01 金曜日 10時00分～22時00分
2024-03-02 土曜日 10時00分～22時00分
2024-03-03 日曜日 10時00分～22時00分
2024-03-04 月曜日 定休日
2024-03-05 火曜日 10時00分～22時00分
2024-03-06 水曜日 10時00分～22時00分
",1,35.672347,139.7035519,東京,原宿駅,255,原宿駅|表参道駅|代々木駅,3,渋谷区,渋谷,渋谷|恵比寿|代官山|原宿,area:渋谷|station:原宿駅|station:表参道駅|station:代々木駅|feature:24h,
ダンススタジオ・レンタルスタジオ_DANCE SPACE 365,〒156-0041 東京都世田谷区大原１丁目２４?４ ローザ新代田 B1-2号室,,https://www.dancespace365.com/,,"2024-02-29 木曜日 6時00分～22時00分
2024-03-01 金曜日 6時00分～22時00分
2024-03-02 土曜日 6時00分～22時00分
2024-03-03 日曜日 6時00分～22時00分
2024-03-04 月曜日 6時00分～22時00分
2024-03-05 火曜日 6時00分～22時00分
2024-03-06 水曜日 6時00分～22時00分
",1,35.6663835,139.6610829,東京,下北沢駅,869,下北沢駅,1,世田谷区,下北沢,下北沢|三軒茶屋|二子玉川|自由が丘,area:下北沢|station:下北沢駅|feature:24h,
レンタルスタジオマイレッスン 渋谷店,〒150-0011 東京都渋谷区渋谷 東２?２０?１６ エストマニヴィア B1F,,https://www.my-lesson.jp/,,"2024-02-29 木曜日 24 時間営業
2024-03-01 金曜日 24 時間営業
2024-03-02 土曜日 24 時間営業
2024-03-03 日曜日 24 時間営業
2024-03-04 月曜日 24 時間営業
2024-03-05 火曜日 24 時間営業
2024-03-06 水曜日 24 時間営業
",1,35.6535396,139.7088782,東京,恵比寿駅,770,恵比寿駅|渋谷駅,2,渋谷区,渋谷,渋谷|恵比寿|代官山|原宿,area:渋谷|station:恵比寿駅|station:渋谷駅|feature:24h,
"in the house / Hatagaya ""Shack""",〒101 東京都渋谷区幡ケ谷２丁目８?１５ JP 151-0072 KODAビル B1F,,https://inthehouse.tokyo/hatagaya/,,"2024-02-29 木曜日 24 時間営業
2024-03-01 金曜日 24 時間営業
2024-03-02 土曜日 24 時間営業
2024-03-03 日曜日 24 時間営業
2024-03-04 月曜日 24 時間営業
2024-03-05 火曜日 24 時間営業
2024-03-06 水曜日 24 時間営業
",1,35.6780482,139.67709,東京,なし,,,0,渋谷区,渋谷,渋谷|恵比寿|代官山|原宿,area:渋谷|feature:24h,
Dance Studio Linda 中目黒,〒153-0043 東京都目黒区東山１丁目４?１３ ASA東山ビル １F,,https://www.dancestudio-linda.com/,,"オーナーが女性と確認されたビジネス2024-02-29 木曜日 24 時間営業
2024-03-01 金曜日 24 時間営業
2024-03-02 土曜日 24 時間営業
2024-03-03 日曜日 24 時間営業
2024-03-04 月曜日 24 時間営業
2024-03-05 火曜日 24 時間営業
2024-03-06 水曜日 24 時間営業
",1,35.6470869,139.6945309,東京,池尻大橋駅,1023,池尻大橋駅,1,目黒区,中目黒,中目黒,area:中目黒|station:池尻大橋駅|feature:24h,
D'CRE8 Dance Shtajio (ディークリエイトダンスシタジオ),〒164-0013 東京都中野区弥生町１丁目１１?２ B1,,https://dcre8.com/,03-6822-2132,"LGBTQ フレンドリー2024-02-29 木曜日 9時00分～22時30分
2024-03-01 金曜日 9時00分～22時30分
2024-03-02 土曜日 9時00分～22時30分
2024-03-03 日曜日 9時00分～22時30分
2024-03-04 月曜日 9時00分～22時30分
2024-03-05 火曜日 9時00分～22時30分
2024-03-06 水曜日 9時00分～22時30分",1,35.6912405,139.6813739,東京,なし,,,0,中野区,中野,中野,area:中野|feature:24h,
中目黒店 レンタルダンススタジオROOTS,〒153-0051 東京都目黒区上目黒１丁目５?１０ 中目黒マンション B6,,https://dancestudioroots.com/nakameguro/,,"2024-02-29 木曜日 24 時間営業
2024-03-01 金曜日 24 時間営業
2024-03-02 土曜日 24 時間営業
2024-03-03 日曜日 24 時間営業
2024-03-04 月曜日 24 時間営業
2024-03-05 火曜日 24 時間営業
2024-03-06 水曜日 24 時間営業
",1,35.64467,139.7004063,東京,恵比寿駅,905,恵比寿駅,1,目黒区,中目黒,中目黒,area:中目黒|station:恵比寿駅|feature:24h,
青海R地区,〒135-0064 東京都江東区青海１丁目１ R地区,,https://www.tokyo-odaiba.net/parkevent/space/place.html,,,1,35.6236139,139.7772101,東京,なし,,,0,江東区,豊洲,豊洲,area:豊洲,
Dance School & Studio Upbeat,〒676-0808 兵庫県高砂市米田町神爪１０９?１,,https://danceschool-upbeat.com/,079-441-9181,,1,34.7854153,134.8096558,東京,なし,,,0,その他,その他,その他,,
DANCE STUDIO A??,〒490-1111 愛知県あま市甚目寺八尻90,,https://studio-a-heart.com/,090-3262-5577,"2024-02-29 木曜日 18時00分～22時00分
2024-03-01 金曜日 10時30分～22時00分
2024-03-02 土曜日 10時00分～12時00分
2024-03-03 日曜日 定休日
2024-03-04 月曜日 18時00分～22時00分
2024-03-05 火曜日 10時30分～22時00分
2024-03-06 水曜日 18時00分～21時00分
",1,35.1912724,136.8309543,東京,なし,,,0,その他,その他,その他,feature:24h,
DANCE STUDIO BAUM,〒204-0022 東京都清瀬市松山３丁目３?２ 地下一階 コーポラスＢ＆Ｍ,,https://www.studio-baum.net/,070-8974-2104,,1,35.7691804,139.5163172,東京,なし,,,0,清瀬市,清瀬,清瀬,area:清瀬,
Dance Studio Broomstick,〒123-0873 東京都足立区扇２丁目２５?１ 扇橋会館 ８F,,https://studio-broomstick.jp/,03-3890-4822,"2024-02-29 木曜日 16時30分～21時20分
2024-03-01 金曜日 17時30分～21時00分
2024-03-02 土曜日 13時00分～17時45分
2024-03-03 日曜日 9時30分～12時45分
2024-03-04 月曜日 18時30分～21時20分
2024-03-05 火曜日 定休日
2024-03-06 水曜日 18時30分～21時20分
",1,35.763449,139.770505,東京,なし,,,0,足立区,北千住,北千住,area:北千住|feature:24h,
スタジオセンティード Studio SENTIDO（レンタルスタジオ）,〒155-0031 東京都世田谷区北沢２丁目１８?５ 地下１階,,,,"2024-02-29 木曜日 24 時間営業
2024-03-01 金曜日 24 時間営業
2024-03-02 土曜日 24 時間営業
2024-03-03 日曜日 24 時間営業
2024-03-04 月曜日 24 時間営業
2024-03-05 火曜日 24 時間営業
2024-03-06 水曜日 24 時間営業
",1,35.6602153,139.6667401,東京,下北沢駅,253,下北沢駅,1,世田谷区,下北沢,下北沢|三軒茶屋|二子玉川|自由が丘,area:下北沢|station:下北沢駅|feature:24h,
DANCE STUDIO Fossette -フォセット -,〒214-0032 神奈川県川崎市多摩区枡形３丁目２?１９,,https://fossette-dance.wixsite.com/home,044-281-5051,"オーナーが女性と確認されたビジネス2024-02-29 木曜日 9時00分～22時00分
2024-03-01 金曜日 9時00分～22時00分
2024-03-02 土曜日 9時00分～22時00分
2024-03-03 日曜日 定休日
2024-03-04 月曜日 9時00分～22時00分
2024-03-05 火曜日 9時00分～22時00分
2024-03-06 水曜日 定休日
",1,35.6169215,139.557193,東京,なし,,,0,その他,その他,その他,feature:24h,
スタジオジパング 梅ヶ丘スタジオPRO,〒154-0022 東京都世田谷区梅丘１丁目３３?９ モンド梅ヶ丘ビル地下1階,,https://studiozipang.com/,,"2024-02-29 木曜日 24 時間営業
2024-03-01 金曜日 24 時間営業
2024-03-02 土曜日 24 時間営業
2024-03-03 日曜日 24 時間営業
2024-03-04 月曜日 24 時間営業
2024-03-05 火曜日 24 時間営業
2024-03-06 水曜日 24 時間営業
",1,35.6561858,139.6525999,東京,なし,,,0,世田谷区,下北沢,下北沢|三軒茶屋|二子玉川|自由が丘,area:下北沢|feature:24h,
dance studio GROOVY ダンス＆ヨガ,"いづみ屋ビル 4階, ２丁目-２０-２ 成増 板橋区 東京都 175-0094",,http://www.groovy2005.com/,050-3555-3677,"2024-02-29 木曜日 9時00分～16時00分
2024-03-01 金曜日 9時00分～23時00分
2024-03-02 土曜日 9時00分～12時00分
2024-03-03 日曜日 17時00分～23時00分
2024-03-04 月曜日 12時00分～15時00分
2024-03-05 火曜日 9時00分～23時00分
2024-03-06 水曜日 9時00分～15時30分
",1,35.7778437,139.630935,東京,なし,,,0,板橋区,成増,成増,area:成増|feature:24h,
駒澤大学店 レンタルダンススタジオ ＲＯＯＴＳ,〒154-0012 東京都世田谷区駒沢３丁目１?３ シャトレー駒沢 ２０４,,http://dancestudioroots.com/komazawadaigaku/,,"2024-02-29 木曜日 9時00分～0時00分
2024-03-01 金曜日 9時00分～0時00分
2024-03-02 土曜日 9時00分～0時00分
2024-03-03 日曜日 10時00分～0時00分
2024-03-04 月曜日 9時00分～0時00分
2024-03-05 火曜日 9時00分～0時00分
2024-03-06 水曜日 9時00分～0時00分
",1,35.631238,139.656195,東京,なし,,,0,世田谷区,下北沢,下北沢|三軒茶屋|二子玉川|自由が丘,area:下北沢|feature:24h,
子ども向け体操教室LUNA STUDIO 駒場東大前校,"〒153-0041 東京都目黒区駒場２丁目８?１, 横山ビル, 1F",,https://lunastudio.jp/,,"2024-02-29 木曜日 14時00分～20時30分
2024-03-01 金曜日 14時00分～20時30分
2024-03-02 土曜日 9時00分～8時30分
2024-03-03 日曜日 9時00分～20時30分
2024-03-04 月曜日 14時00分～20時30分
2024-03-05 火曜日 14時00分～20時30分
2024-03-06 水曜日 14時00分～20時30分
",1,35.6573143,139.6828223,東京,池尻大橋駅,759,池尻大橋駅,1,目黒区,中目黒,中目黒,area:中目黒|station:池尻大橋駅|feature:24h,
DANCE STUDIO KOTOHA,〒454-0854 愛知県名古屋市中川区松年町３丁目５０,,https://www.dancestudiokotoha.jp/,052-355-8480,"2024-02-29 木曜日 10時00分～21時00分
2024-03-01 金曜日 10時00分～19時00分
2024-03-02 土曜日 定休日
2024-03-03 日曜日 定休日
2024-03-04 月曜日 12時00分～21時00分
2024-03-05 火曜日 10時00分～21時00分
2024-03-06 水曜日 12時00分～18時00分
",1,35.121632,136.873189,東京,なし,,,0,その他,その他,その他,feature:24h,
DＡNCE Studio LEON 多目的スタジオ レオン,〒160-0022 東京都新宿区新宿５丁目１７?６ 201,,http://lilly-company.com/,090-9101-3317,"LGBTQ フレンドリー2024-02-29 木曜日 24 時間営業
2024-03-01 金曜日 24 時間営業
2024-03-02 土曜日 24 時間営業
2024-03-03 日曜日 24 時間営業
2024-03-04 月曜日 24 時間営業
2024-03-05 火曜日 24 時間営業
2024-03-06 水曜日 24 時間営業",1,35.6930362,139.7058494,東京,新宿駅,557,新宿駅|西武新宿駅|新大久保駅,3,新宿区,新宿,新宿|西新宿|高田馬場|新大久保,area:新宿|station:新宿駅|station:西武新宿駅|station:新大久保駅|feature:24h,
レンタルスタジオ・ラカーサミア（カガダンサーズサポート）,〒980-0804 宮城県仙台市青葉区大町２丁目１０?２４ La casa mia ビル ２Ｆ,,https://kds-sendai.com/,,"2024-02-29 木曜日 9時00分～18時00分
2024-03-01 金曜日 9時00分～18時00分
2024-03-02 土曜日 定休日
2024-03-03 日曜日 定休日
2024-03-04 月曜日 定休日
2024-03-05 火曜日 9時00分～18時00分
2024-03-06 水曜日 9時00分～21時00分
",1,38.2602257,140.8640424,東京,なし,,,0,その他,その他,その他,feature:24h,
DANCE STUDIO NEO,〒444-0009 愛知県岡崎市小呂町２丁目７０,,http://www.dance-neo.com/,0564-65-8180,"オーナーが女性と確認されたビジネス2024-02-29 木曜日 9時30分～22時30分
2024-03-01 金曜日 9時30分～22時30分
2024-03-02 土曜日 9時30分～22時30分
2024-03-03 日曜日 9時30分～22時30分
2024-03-04 月曜日 9時30分～22時30分
2024-03-05 火曜日 9時30分～22時30分
2024-03-06 水曜日 9時30分～22時30分
",1,34.9605137,137.1863678,東京,なし,,,0,その他,その他,その他,feature:24h,
DANCE WORKS,〒150-0032 東京都渋谷区鶯谷町７?１０ ＮＭＤビル 2F-6F,,https://danceworks.jp/,03-5459-1234,"2024-02-29 木曜日 10時30分～21時30分
2024-03-01 金曜日 10時30分～21時30分
2024-03-02 土曜日 10時00分～21時30分
2024-03-03 日曜日 9時30分～20時00分
2024-03-04 月曜日 10時30分～21時30分
2024-03-05 火曜日 10時30分～21時30分
2024-03-06 水曜日 10時30分～21時30分
",1,35.6540175,139.7019372,東京,渋谷駅,447,渋谷駅|恵比寿駅,2,渋谷区,渋谷,渋谷|恵比寿|代官山|原宿,area:渋谷|station:渋谷駅|station:恵比寿駅|feature:24h,
池ノ上道場 / 池ノ上スタジオ Ikenoue-dojo/Ikenoue studio,〒155-0032 東京都世田谷区代沢２丁目４８?２１ ２階,,https://ikenouedojo.com/,,"2024-02-29 木曜日 9時00分～21時00分
2024-03-01 金曜日 9時00分～21時00分
2024-03-02 土曜日 9時00分～21時00分
2024-03-03 日曜日 9時00分～21時00分
2024-03-04 月曜日 9時00分～22時00分
2024-03-05 火曜日 9時00分～21時00分
2024-03-06 水曜日 9時00分～21時00分
",1,35.6607127,139.6744367,東京,下北沢駅,520,下北沢駅,1,世田谷区,下北沢,下北沢|三軒茶屋|二子玉川|自由が丘,area:下北沢|station:下北沢駅|feature:24h,
Dance zone RESPECT,〒435-0008 静岡県浜松市中央区松小池町４５５?１,,https://hamamatsu.mypl.net/shop/00000362882/,090-8543-5030,"2024-02-29 木曜日 16時30分～23時00分
2024-03-01 金曜日 18時30分～21時00分
2024-03-02 土曜日 定休日
2024-03-03 日曜日 定休日
2024-03-04 月曜日 17時30分～22時00分
2024-03-05 火曜日 16時30分～21時30分
2024-03-06 水曜日 20時00分～21時00分
",1,34.732859,137.7901575,東京,なし,,,0,中央区,銀座,銀座|日本橋|八丁堀|月島,area:銀座|feature:24h,
DANCE&RENTAL STUDIO ONEWAY,"パークサイド村本ビル 1F, １丁目-１-２７ 泉 東区 名古屋市 愛知県 461-0001",,http://www.studio-oneway.nagoya/,052-228-6364,"2024-02-29 木曜日 17時00分～23時00分
2024-03-01 金曜日 17時00分～23時00分
2024-03-02 土曜日 定休日
2024-03-03 日曜日 定休日
2024-03-04 月曜日 17時00分～23時00分
2024-03-05 火曜日 17時00分～23時00分
2024-03-06 水曜日 17時00分～23時00分
",1,35.1771591,136.9092475,東京,なし,,,0,その他,その他,その他,feature:24h,
ＤＡＮＣＥＳＴＵＤＩＯ・ＢＩＮＧＯ,〒192-0083 東京都八王子市旭町１３?２５,,https://dancestudio-bingo.com/,042-645-5507,,1,35.6569607,139.3417758,東京,八王子駅,297,八王子駅,1,八王子市,八王子,八王子,area:八王子|station:八王子駅,
Dancing Appaloosa ダンシング アパルーサ,〒152-0004 東京都目黒区鷹番３丁目４?１９ 江連ビル 3階 イズミダンススクール内,,http://www.dancingappaloosa.com/,090-1696-0434,"オーナーが女性と確認されたビジネス2024-02-29 木曜日 定休日
2024-03-01 金曜日 定休日
2024-03-02 土曜日 12時30分～16時30分
2024-03-03 日曜日 定休日
2024-03-04 月曜日 定休日
2024-03-05 火曜日 定休日
2024-03-06 水曜日 11時30分～17時30分
",1,35.6279829,139.6850555,東京,学芸大学駅,53,学芸大学駅,1,目黒区,中目黒,中目黒,area:中目黒|station:学芸大学駅|feature:24h,
蒲田・矢口渡レンタルスタジオ momobana,〒146-0095 東京都大田区多摩川１丁目１８?１ 2階,,https://momobana-yaguchi.com/,,"オーナーが女性と確認されたビジネス2024-02-29 木曜日 24 時間営業
2024-03-01 金曜日 24 時間営業
2024-03-02 土曜日 24 時間営業
2024-03-03 日曜日 24 時間営業
2024-03-04 月曜日 24 時間営業
2024-03-05 火曜日 24 時間営業
2024-03-06 水曜日 24 時間営業
",1,35.563395,139.6970206,東京,なし,,,0,大田区,蒲田,蒲田,area:蒲田|feature:24h,
DAYS赤坂見附,〒107-0052 東京都港区赤坂３丁目９?１ 紀陽 ビル,,https://days-akasaka.tokyo/,03-3584-5011,"2024-02-29 木曜日 10時00分～17時00分
2024-03-01 金曜日 10時00分～17時00分
2024-03-02 土曜日 定休日
2024-03-03 日曜日 定休日
2024-03-04 月曜日 10時00分～17時00分
2024-03-05 火曜日 10時00分～17時00分
2024-03-06 水曜日 10時00分～17時00分
",1,35.6774189,139.7363253,東京,赤坂駅,433,赤坂駅,1,港区,六本木,六本木|赤坂|麻布|新橋,area:六本木|station:赤坂駅|feature:24h,
レンタルスタジオ N.studio,〒146-0091 東京都大田区鵜の木２丁目５?１ イーグル鵜の木,,https://www.arabesque-n.com/n-studio/,,"2024-02-29 木曜日 9時00分～22時00分
2024-03-01 金曜日 9時00分～22時00分
2024-03-02 土曜日 9時00分～22時00分
2024-03-03 日曜日 9時00分～22時00分
2024-03-04 月曜日 9時00分～22時00分
2024-03-05 火曜日 9時00分～22時00分
2024-03-06 水曜日 9時00分～22時00分
",1,35.5753551,139.6811768,東京,なし,,,0,大田区,蒲田,蒲田,area:蒲田|feature:24h,
DCNスタジオ,〒104-0052 東京都中央区月島１丁目１４?７ 旭倉庫内,,https://www.rental-studio.tokyo/,03-3532-0731,"2024-02-29 木曜日 10時00分～20時00分
2024-03-01 金曜日 10時00分～20時00分
2024-03-02 土曜日 10時00分～20時00分
2024-03-03 日曜日 10時00分～20時00分
2024-03-04 月曜日 10時00分～20時00分
2024-03-05 火曜日 10時00分～20時00分
2024-03-06 水曜日 10時00分～20時00分
",1,35.6662826,139.7817395,東京,なし,,,0,中央区,銀座,銀座|日本橋|八丁堀|月島,area:銀座|feature:24h,
DECO MUSIC SCHOOL ボイストレーニング、ボーカルレッスン 立川校,〒190-0022 東京都立川市錦町２丁目１?８ グリーンビル ４F,,https://deco-music.jp/,042-595-6756,"LGBTQ フレンドリー2024-02-29 木曜日 10時00分～22時00分
2024-03-01 金曜日 10時00分～22時00分
2024-03-02 土曜日 10時00分～22時00分
2024-03-03 日曜日 10時00分～22時00分
2024-03-04 月曜日 10時00分～22時00分
2024-03-05 火曜日 10時00分～22時00分
2024-03-06 水曜日 10時00分～22時00分
",1,35.6959455,139.4158569,東京,立川駅,335,立川駅,1,立川市,立川,立川,area:立川|station:立川駅|feature:24h,
子ども向けダンス教室LUNA DANCE 長原駅前校,〒145-0064 東京都大田区上池台１丁目１０?６ 長原コアビル 2F,,https://lunastudio.jp/lunadance,,"2024-02-29 木曜日 14時00分～21時10分
2024-03-01 金曜日 15時00分～21時10分
2024-03-02 土曜日 9時10分～21時30分
2024-03-03 日曜日 9時10分～21時30分
2024-03-04 月曜日 14時00分～21時10分
2024-03-05 火曜日 14時20分～21時40分
2024-03-06 水曜日 14時00分～21時10分
",1,35.602055,139.6979083,東京,なし,,,0,大田区,蒲田,蒲田,area:蒲田|feature:24h,
dスタ（レンタルスタジオ）,〒107-0062 東京都港区南青山２丁目２４?１５ 青山タワービル 15F,,https://dstudio-dbs.com/,03-6804-5257,"LGBTQ フレンドリー2024-02-29 木曜日 10時00分～19時00分
2024-03-01 金曜日 10時00分～19時00分
2024-03-02 土曜日 定休日
2024-03-03 日曜日 定休日
2024-03-04 月曜日 10時00分～19時00分
2024-03-05 火曜日 10時00分～19時00分
2024-03-06 水曜日 10時00分～19時00分
",1,35.6702946,139.7183093,東京,外苑前駅,68,外苑前駅|青山一丁目駅|表参道駅,3,港区,六本木,六本木|赤坂|麻布|新橋,area:六本木|station:外苑前駅|station:青山一丁目駅|station:表参道駅|feature:24h,
Studio Green 蒲田／スタジオグリーン蒲田／【蒲田駅東口5分】鏡約7mの綺麗で広いスタジオでダンス・ポージング・ヨガ・ピラティス・演劇・撮影などにおすすめ☆,〒144-0052 東京都大田区蒲田１丁目２４?１６ シャトー蒲田８ 101号室,,https://spacemarket.com/p/sp/vhe_mxiht4r4zpvt,,"2024-02-29 木曜日 9時00分～22時00分
2024-03-01 金曜日 9時00分～22時00分
2024-03-02 土曜日 9時00分～22時00分
2024-03-03 日曜日 9時00分～22時00分
2024-03-04 月曜日 9時00分～22時00分
2024-03-05 火曜日 9時00分～22時00分
2024-03-06 水曜日 9時00分～22時00分
",1,35.5644492,139.719741,東京,蒲田駅,400,蒲田駅,1,大田区,蒲田,蒲田,area:蒲田|station:蒲田駅|feature:24h,
EMI HULA STUDIO,〒134-0013 東京都江戸川区江戸川６丁目,,https://edogawa.mypl.net/shop/00000364787/,090-4918-2940,"LGBTQ フレンドリー2024-02-29 木曜日 定休日
2024-03-01 金曜日 10時00分～14時30分
2024-03-02 土曜日 定休日
2024-03-03 日曜日 定休日
2024-03-04 月曜日 定休日
2024-03-05 火曜日 定休日
2024-03-06 水曜日 10時00分～16時00分
",1,35.6746254,139.8774842,東京,なし,,,0,江戸川区,西葛西,西葛西,area:西葛西|feature:24h,
EMI HULA STUDIO,,,https://edogawa.mypl.net/shop/00000364787/,090-4918-2940,"LGBTQ フレンドリー2024-02-29 木曜日 10時00分～11時10分
2024-03-01 金曜日 10時00分～11時10分
2024-03-02 土曜日 定休日
2024-03-03 日曜日 定休日
2024-03-04 月曜日 定休日
2024-03-05 火曜日 10時00分～11時10分
2024-03-06 水曜日 10時00分～11時10分
",1,35.692756,139.8760198,東京,なし,,,0,その他,その他,その他,feature:24h,
emotionS Dance Studio,〒180-0006 東京都武蔵野市中町１丁目２５?１０ 三祐ビル B1F,,http://dance-studio-emotions.com/,080-9215-5325,"2024-02-29 木曜日 10時00分～22時30分
2024-03-01 金曜日 10時00分～22時30分
2024-03-02 土曜日 10時00分～22時30分
2024-03-03 日曜日 10時00分～22時30分
2024-03-04 月曜日 10時00分～22時30分
2024-03-05 火曜日 10時00分～22時30分
2024-03-06 水曜日 10時00分～22時30分
",1,35.7031031,139.5629224,東京,三鷹駅,220,三鷹駅,1,武蔵野市,吉祥寺,吉祥寺,area:吉祥寺|station:三鷹駅|feature:24h,
ENERGY DANCE STUDIO,〒354-0018 埼玉県富士見市西みずほ台１丁目２２?１１ テル・ビル 1F,,http://energy-dance.net/,049-257-4732,"2024-02-29 木曜日 9時00分～23時00分
2024-03-01 金曜日 9時00分～23時00分
2024-03-02 土曜日 9時00分～23時00分
2024-03-03 日曜日 9時00分～23時00分
2024-03-04 月曜日 9時00分～23時00分
2024-03-05 火曜日 9時00分～23時00分
2024-03-06 水曜日 9時00分～23時00分
",1,35.8363801,139.5484005,東京,なし,,,0,その他,その他,その他,feature:24h,
ヨガ&ピラティス｜くろねこスタジオ大森｜レンタルスタジオ,〒143-0016 東京都大田区大森北４丁目８?９ 203,,https://www.spacemarket.com/spaces/lekmbl-dcsse1bqa/,,"2024-02-29 木曜日 5時00分～0時00分
2024-03-01 金曜日 5時00分～0時00分
2024-03-02 土曜日 5時00分～0時00分
2024-03-03 日曜日 5時00分～0時00分
2024-03-04 月曜日 5時00分～0時00分
2024-03-05 火曜日 5時00分～0時00分
2024-03-06 水曜日 5時00分～0時00分
",1,35.5845502,139.729538,東京,なし,,,0,大田区,蒲田,蒲田,area:蒲田|feature:24h,
Estudio ILIA FLAMENCA,〒101-0051 東京都千代田区神田神保町１丁目２５?４ 神保町ビル B1 SH神田南,,https://www.ilia-f.com/,03-5577-6818,"オーナーが女性と確認されたビジネス2024-02-29 木曜日 19時00分～20時00分
2024-03-01 金曜日 定休日
2024-03-02 土曜日 定休日
2024-03-03 日曜日 11時00分～15時00分
2024-03-04 月曜日 18時00分～21時00分
2024-03-05 火曜日 定休日
2024-03-06 水曜日 19時00分～21時00分
",1,35.6949827,139.7605065,東京,なし,,,0,千代田区,秋葉原,秋葉原,area:秋葉原|feature:24h,
ETCダンススクール 金町校,〒125-0041 東京都葛飾区東金町１丁目４１?４ 金町中央ビル 2F,,https://www.e-t-c.net/kanamachi/,03-3600-1355,"2024-02-29 木曜日 15時00分～22時00分
2024-03-01 金曜日 15時00分～22時00分
2024-03-02 土曜日 11時00分～22時00分
2024-03-03 日曜日 10時30分～13時00分
2024-03-04 月曜日 15時00分～22時00分
2024-03-05 火曜日 15時00分～22時00分
2024-03-06 水曜日 15時00分～22時00分
",1,35.7705707,139.8717864,東京,なし,,,0,葛飾区,新小岩,新小岩,area:新小岩|feature:24h,
ETCダンススクール 町田校,〒194-0022 東京都町田市森野１丁目１５?１２ 長谷川ビル 1F,,https://www.e-t-c.net/machida/,042-720-1855,"2024-02-29 木曜日 10時00分～22時00分
2024-03-01 金曜日 10時00分～22時00分
2024-03-02 土曜日 9時00分～21時00分
2024-03-03 日曜日 9時00分～20時00分
2024-03-04 月曜日 10時00分～23時00分
2024-03-05 火曜日 15時00分～23時00分
2024-03-06 水曜日 10時00分～22時00分
",1,35.5433569,139.4437127,東京,町田駅,279,町田駅,1,町田市,町田,町田,area:町田|station:町田駅|feature:24h,
ETCダンススクール池袋校,〒170-0014 東京都豊島区池袋２丁目５５?１１,,https://www.e-t-c.net/ikebukuro/,03-5950-1355,"2024-02-29 木曜日 15時00分～22時00分
2024-03-01 金曜日 15時00分～22時00分
2024-03-02 土曜日 10時00分～22時00分
2024-03-03 日曜日 12時00分～19時00分
2024-03-04 月曜日 15時00分～22時00分
2024-03-05 火曜日 15時00分～22時00分
2024-03-06 水曜日 定休日
",1,35.7342921,139.7081253,東京,池袋駅,630,池袋駅,1,豊島区,池袋,池袋|目白|大塚|巣鴨,area:池袋|station:池袋駅|feature:24h,
ETERNAL DANCE STUDIO,〒197-0022 東京都福生市本町１４２ ２Ｆ,,http://eternal-st.com/,042-513-0280,"LGBTQ フレンドリー2024-02-29 木曜日 12時30分～13時30分
2024-03-01 金曜日 17時00分～19時30分
2024-03-02 土曜日 13時00分～21時10分
2024-03-03 日曜日 17時00分～20時50分
2024-03-04 月曜日 17時30分～21時10分
2024-03-05 火曜日 17時50分～21時30分
2024-03-06 水曜日 17時45分～21時10分
",1,35.7414941,139.3274273,東京,なし,,,0,福生市,福生,福生,area:福生|feature:24h,
EXスタジオ麹町,〒102-0083 東京都千代田区麹町２丁目２?４ 麹町セントラルビル 5階,,https://exstudio.pro/,050-1743-6868,"2024-02-29 木曜日 24 時間営業
2024-03-01 金曜日 24 時間営業
2024-03-02 土曜日 24 時間営業
2024-03-03 日曜日 24 時間営業
2024-03-04 月曜日 24 時間営業
2024-03-05 火曜日 24 時間営業
2024-03-06 水曜日 24 時間営業
",1,35.6845112,139.7409392,東京,なし,,,0,千代田区,秋葉原,秋葉原,area:秋葉原|feature:24h,
EyeCandyポールダンス秋葉原スタジオ,〒101-0021 東京都千代田区外神田２丁目１?１３,,http://www.eyecandypole.com/,03-3525-4890,"LGBTQ フレンドリー2024-02-29 木曜日 11時00分～22時00分
2024-03-01 金曜日 11時00分～22時00分
2024-03-02 土曜日 11時00分～22時00分
2024-03-03 日曜日 11時00分～22時00分
2024-03-04 月曜日 11時00分～22時00分
2024-03-05 火曜日 11時00分～22時00分
2024-03-06 水曜日 11時00分～22時00分
",1,35.698958,139.768202,東京,秋葉原駅,544,秋葉原駅,1,千代田区,秋葉原,秋葉原,area:秋葉原|station:秋葉原駅|feature:24h,
F1 STUDIO,〒136-0082 東京都江東区新木場１丁目３?１３,,https://handoff-all.jp/,03-6457-0310,"2024-02-29 木曜日 24 時間営業
2024-03-01 金曜日 24 時間営業
2024-03-02 土曜日 24 時間営業
2024-03-03 日曜日 24 時間営業
2024-03-04 月曜日 24 時間営業
2024-03-05 火曜日 24 時間営業
2024-03-06 水曜日 24 時間営業
",1,35.6446578,139.824273,東京,なし,,,0,江東区,豊洲,豊洲,area:豊洲|feature:24h,
FACTORYカレッタスタジオ,〒105-7001 東京都港区東新橋１丁目８?１ B2 カレッタスタジオ,,https://www.cube-factory.jp/caretta/,03-6216-9710,"2024-02-29 木曜日 9時30分～18時30分
2024-03-01 金曜日 9時30分～18時30分
2024-03-02 土曜日 定休日
2024-03-03 日曜日 定休日
2024-03-04 月曜日 9時30分～18時30分
2024-03-05 火曜日 9時30分～18時30分
2024-03-06 水曜日 9時30分～18時30分
",1,35.6649292,139.7622188,東京,新橋駅,354,新橋駅|有楽町駅|浜松町駅,3,港区,六本木,六本木|赤坂|麻布|新橋,area:六本木|station:新橋駅|station:有楽町駅|station:浜松町駅|feature:24h,
Fairy Ballet Studio,〒189-0022 東京都東村山市野口町１丁目３?３ アドヴァンス東村山 ３F,,https://www.fairy-ballet.net/,080-2331-6323,,1,35.7624356,139.46546,東京,なし,,,0,東村山市,東村山,東村山,area:東村山,
FANTASY DANCE SCHOOL 八王子店,〒192-0904 東京都八王子市子安町１丁目２６?１４ 26-14 301,,https://www.dance-hachioji.com/,042-401-8781,"2024-02-29 木曜日 10時00分～22時00分
2024-03-01 金曜日 10時00分～22時00分
2024-03-02 土曜日 10時00分～22時00分
2024-03-03 日曜日 10時00分～22時00分
2024-03-04 月曜日 10時00分～22時00分
2024-03-05 火曜日 10時00分～22時00分
2024-03-06 水曜日 10時00分～22時00分
",1,35.6528788,139.3415526,東京,八王子駅,389,八王子駅,1,八王子市,八王子,八王子,area:八王子|station:八王子駅|feature:24h,
TONIC DANCE STUDIO 吉祥寺,〒180-0002 東京都武蔵野市吉祥寺東町１丁目１０?２１ 地下1階 西郊ビル,,https://www.tonicdancestudio.com/,,"2024-02-29 木曜日 24 時間営業
2024-03-01 金曜日 24 時間営業
2024-03-02 土曜日 24 時間営業
2024-03-03 日曜日 24 時間営業
2024-03-04 月曜日 24 時間営業
2024-03-05 火曜日 24 時間営業
2024-03-06 水曜日 24 時間営業
",1,35.706008,139.5824148,東京,吉祥寺駅,393,吉祥寺駅,1,武蔵野市,吉祥寺,吉祥寺,area:吉祥寺|station:吉祥寺駅|feature:24h,
LIMITED Creaation. dance studio,〒180-0004 東京都武蔵野市１丁目２４?７ 吉祥寺光ビル 6F 吉祥寺,,https://limited-studio.com/,,"2024-02-29 木曜日 18時00分～22時00分
2024-03-01 金曜日 18時00分～22時00分
2024-03-02 土曜日 12時00分～22時00分
2024-03-03 日曜日 10時30分～22時00分
2024-03-04 月曜日 定休日
2024-03-05 火曜日 18時00分～22時00分
2024-03-06 水曜日 15時00分～22時00分
",1,35.703487,139.5814103,東京,吉祥寺駅,146,吉祥寺駅,1,武蔵野市,吉祥寺,吉祥寺,area:吉祥寺|station:吉祥寺駅|feature:24h,
レンタルスタジオ吉祥寺OLI（オリ）,〒180-0003 東京都武蔵野市吉祥寺南町２丁目２０?１ 吉祥寺オリンピックマンション B8,,https://www.rentalstudio-oli.com/,,"2024-02-29 木曜日 24 時間営業
2024-03-01 金曜日 24 時間営業
2024-03-02 土曜日 24 時間営業
2024-03-03 日曜日 24 時間営業
2024-03-04 月曜日 24 時間営業
2024-03-05 火曜日 24 時間営業
2024-03-06 水曜日 24 時間営業
",1,35.7007524,139.5842063,東京,吉祥寺駅,475,吉祥寺駅,1,武蔵野市,吉祥寺,吉祥寺,area:吉祥寺|station:吉祥寺駅|feature:24h,
ノアスタジオ 吉祥寺店,〒180-0004 東京都武蔵野市吉祥寺本町２丁目１６?１２ B１F,,https://www.noahstudio.jp/shop/kichijoji/,,"2024-02-29 木曜日 24 時間営業
2024-03-01 金曜日 24 時間営業
2024-03-02 土曜日 24 時間営業
2024-03-03 日曜日 24 時間営業
2024-03-04 月曜日 24 時間営業
2024-03-05 火曜日 24 時間営業
2024-03-06 水曜日 24 時間営業
",1,35.7058453,139.5768069,東京,吉祥寺駅,406,吉祥寺駅,1,武蔵野市,吉祥寺,吉祥寺,area:吉祥寺|station:吉祥寺駅|feature:24h,
Fine Studio,〒332-0017 埼玉県川口市栄町３丁目３?３ 3F,,http://www.go2fine.com/,090-2926-6574,,1,35.8046186,139.7175361,東京,なし,,,0,その他,その他,その他,,
吉祥寺 レンタルスタジオ さんだる倶楽部,〒180-0003 東京都武蔵野市吉祥寺南町１丁目３０?１ パークヴィラ吉祥寺２階,,https://www.3daru.com/,,"2024-02-29 木曜日 8時00分～22時00分
2024-03-01 金曜日 8時00分～22時00分
2024-03-02 土曜日 8時00分～22時00分
2024-03-03 日曜日 8時00分～22時00分
2024-03-04 月曜日 8時00分～22時00分
2024-03-05 火曜日 8時00分～22時00分
2024-03-06 水曜日 8時00分～22時00分
",1,35.700759,139.58309,東京,吉祥寺駅,395,吉祥寺駅,1,武蔵野市,吉祥寺,吉祥寺,area:吉祥寺|station:吉祥寺駅|feature:24h,
FIVE O DANCE STUDIO 狛江（ファイブオーダンススタジオ）,〒201-0014 東京都狛江市東和泉１丁目２０?１ 第三登戸ビル,,https://fiveodancestudio.jp/,050-3134-4277,"2024-02-29 木曜日 24 時間営業
2024-03-01 金曜日 24 時間営業
2024-03-02 土曜日 24 時間営業
2024-03-03 日曜日 24 時間営業
2024-03-04 月曜日 24 時間営業
2024-03-05 火曜日 24 時間営業
2024-03-06 水曜日 24 時間営業
",1,35.6317055,139.5775872,東京,なし,,,0,狛江市,狛江,狛江,area:狛江|feature:24h,
レンタルスタジオOLI（オリ） 三鷹 ［定員30名 教室レッスン、スポットレンタルできます］,〒180-0013 東京都武蔵野市西久保２丁目１?１０ Ｙ’Ｓビル B１ ワイズビル,,https://www.rentalstudio-oli.com/,,"2024-02-29 木曜日 24 時間営業
2024-03-01 金曜日 24 時間営業
2024-03-02 土曜日 24 時間営業
2024-03-03 日曜日 24 時間営業
2024-03-04 月曜日 24 時間営業
2024-03-05 火曜日 24 時間営業
2024-03-06 水曜日 24 時間営業
",1,35.7077001,139.5610506,東京,三鷹駅,628,三鷹駅,1,武蔵野市,吉祥寺,吉祥寺,area:吉祥寺|station:三鷹駅|feature:24h,
FIVE O DANCE STUDIO 二子玉川,〒157-0077 東京都世田谷区鎌田２丁目２５?９,,https://fiveoentinc.com/,050-3134-4277,"2024-02-29 木曜日 9時00分～21時00分
2024-03-01 金曜日 9時00分～21時00分
2024-03-02 土曜日 9時00分～21時00分
2024-03-03 日曜日 9時00分～21時00分
2024-03-04 月曜日 9時00分～21時00分
2024-03-05 火曜日 9時00分～21時00分
2024-03-06 水曜日 9時00分～21時00分
",1,35.6207786,139.6107267,東京,なし,,,0,世田谷区,下北沢,下北沢|三軒茶屋|二子玉川|自由が丘,area:下北沢|feature:24h,
FLAG POINT,〒171-0043 東京都豊島区２１ 豊島区要町1丁目21-10 三井ビル2F,,http://www.flag-point.com/,03-5926-7813,"2024-02-29 木曜日 9時00分～0時00分
2024-03-01 金曜日 9時00分～0時00分
2024-03-02 土曜日 9時00分～0時00分
2024-03-03 日曜日 9時00分～0時00分
2024-03-04 月曜日 9時00分～0時00分
2024-03-05 火曜日 9時00分～0時00分
2024-03-06 水曜日 9時00分～0時00分
",1,35.7340637,139.6960357,東京,なし,,,0,豊島区,池袋,池袋|目白|大塚|巣鴨,area:池袋|feature:24h,
FREEDA LIFESTYLE＋,〒106-0044 東京都港区東麻布１丁目２６?８ プライム東麻布 3F,,http://www.freeda.jp/,03-6807-4322,"2024-02-29 木曜日 10時00分～16時00分
2024-03-01 金曜日 10時00分～16時00分
2024-03-02 土曜日 定休日
2024-03-03 日曜日 定休日
2024-03-04 月曜日 10時00分～16時00分
2024-03-05 火曜日 10時00分～16時00分
2024-03-06 水曜日 10時00分～16時00分
",1,35.6552837,139.7447085,東京,麻布十番駅,921,麻布十番駅|浜松町駅|田町駅,3,港区,六本木,六本木|赤坂|麻布|新橋,area:六本木|station:麻布十番駅|station:浜松町駅|station:田町駅|feature:24h,
Funky Gang Dance Studio,〒194-0022 東京都町田市森野１丁目９?１７ B1,,https://www.funky-gang.com/,042-851-7225,LGBTQ フレンドリー,1,35.5454109,139.4416702,東京,町田駅,566,町田駅,1,町田市,町田,町田,area:町田|station:町田駅,
FunnyTips（ファニーティップス）,〒101-0021 東京都千代田区外神田５丁目５?７ パンセ秋葉原 B1F,,http://infofunnytips.wix.com/funnytips,03-6684-9954,"2024-02-29 木曜日 12時00分～19時00分
2024-03-01 金曜日 12時00分～19時00分
2024-03-02 土曜日 12時00分～19時00分
2024-03-03 日曜日 定休日
2024-03-04 月曜日 12時00分～19時00分
2024-03-05 火曜日 12時00分～19時00分
2024-03-06 水曜日 12時00分～19時00分
",1,35.7042504,139.7727759,東京,秋葉原駅,633,秋葉原駅|上野駅,2,千代田区,秋葉原,秋葉原,area:秋葉原|station:秋葉原駅|station:上野駅|feature:24h,
バレエ・ダンススタジオ Lino,〒168-0082 東京都杉並区久我山５丁目７?１３ 地下1階 メリディアン,,https://lino.releve.fun/,,"2024-02-29 木曜日 15時30分～19時00分
2024-03-01 金曜日 15時30分～18時00分
2024-03-02 土曜日 定休日
2024-03-03 日曜日 定休日
2024-03-04 月曜日 定休日
2024-03-05 火曜日 10時00分～11時00分
2024-03-06 水曜日 定休日
",1,35.6876877,139.6003698,東京,なし,,,0,杉並区,高円寺,高円寺,area:高円寺|feature:24h,
レンタルスタジオ西荻リノ,〒167-0042 東京都杉並区西荻北２丁目３?９ グランピア西荻窪 Ｂ101,,https://nishiogi-lino.linovery.com/,,"2024-02-29 木曜日 24 時間営業
2024-03-01 金曜日 24 時間営業
2024-03-02 土曜日 24 時間営業
2024-03-03 日曜日 24 時間営業
2024-03-04 月曜日 24 時間営業
2024-03-05 火曜日 24 時間営業
2024-03-06 水曜日 24 時間営業
",1,35.7047149,139.6008399,東京,なし,,,0,杉並区,高円寺,高円寺,area:高円寺|feature:24h,
スタジオLINOVA（リノ・バ）,〒167-0054 東京都杉並区松庵３丁目１?６ 松庵ユニオンビル B1,,https://www.linova.jp/,,"2024-02-29 木曜日 7時00分～22時00分
2024-03-01 金曜日 7時00分～22時00分
2024-03-02 土曜日 7時00分～22時00分
2024-03-03 日曜日 7時00分～22時00分
2024-03-04 月曜日 7時00分～22時00分
2024-03-05 火曜日 7時00分～22時00分
2024-03-06 水曜日 7時00分～22時00分
",1,35.6990625,139.5978069,東京,なし,,,0,杉並区,高円寺,高円寺,area:高円寺|feature:24h,
Gloire Ballet Studio,〒182-0022 東京都調布市国領町４丁目9?４ 九曜国領駅前ビル 4F,,https://gloire-ballet-studio.com/,042-444-7473,"オーナーが女性と確認されたビジネス2024-02-29 木曜日 10時00分～22時00分
2024-03-01 金曜日 10時00分～22時00分
2024-03-02 土曜日 10時00分～22時00分
2024-03-03 日曜日 10時00分～22時00分
2024-03-04 月曜日 10時00分～22時00分
2024-03-05 火曜日 10時00分～22時00分
2024-03-06 水曜日 10時00分～22時00分
",1,35.6491398,139.5577753,東京,調布駅,1180,調布駅,1,調布市,調布,調布,area:調布|station:調布駅|feature:24h,
ＧＯＣＯＯスタジオ,〒174-0041 東京都板橋区舟渡２丁目２０?８,,http://stunt-japan.com/,03-5392-4059,,1,35.795858,139.688777,東京,なし,,,0,板橋区,成増,成増,area:成増,
STYLEY チアダンス・新体操・アクロバットスクール 板橋本蓮沼校,〒174-0052 東京都板橋区蓮沼町８?３,,https://styley-f.com/,,"オーナーが女性と確認されたビジネス2024-02-29 木曜日 16時00分～19時00分
2024-03-01 金曜日 13時00分～18時00分
2024-03-02 土曜日 定休日
2024-03-03 日曜日 定休日
2024-03-04 月曜日 定休日
2024-03-05 火曜日 13時00分～18時00分
2024-03-06 水曜日 13時00分～18時00分
",1,35.768052,139.7032058,東京,なし,,,0,板橋区,成増,成増,area:成増|feature:24h,
レンタルスタジオOLI,〒166-0004 東京都杉並区阿佐谷南１丁目１５?１４ サンフェリーペ 101号室,,https://www.rentalstudio-oli.com/,,"2024-02-29 木曜日 24 時間営業
2024-03-01 金曜日 24 時間営業
2024-03-02 土曜日 24 時間営業
2024-03-03 日曜日 24 時間営業
2024-03-04 月曜日 24 時間営業
2024-03-05 火曜日 24 時間営業
2024-03-06 水曜日 24 時間営業
",1,35.7001676,139.6368919,東京,なし,,,0,杉並区,高円寺,高円寺,area:高円寺|feature:24h,
スタジオジパング 久我山スタジオSTANDARD,〒168-0082 東京都杉並区久我山５丁目７?１３ メリディアン B1,,https://studiozipang.com/kugayama-standard/,,"2024-02-29 木曜日 24 時間営業
2024-03-01 金曜日 24 時間営業
2024-03-02 土曜日 24 時間営業
2024-03-03 日曜日 24 時間営業
2024-03-04 月曜日 24 時間営業
2024-03-05 火曜日 24 時間営業
2024-03-06 水曜日 24 時間営業
",1,35.6876645,139.6004166,東京,なし,,,0,杉並区,高円寺,高円寺,area:高円寺|feature:24h,
三鷹RI劇場(旧名三鷹RIスタジオ),〒181-0013 東京都三鷹市下連雀３丁目 榎本ビル 地下1階,,http://seigetsu-entertainment.com/ristudio/,,,1,35.7002431,139.5621947,東京,三鷹駅,235,三鷹駅,1,三鷹市,三鷹,三鷹,area:三鷹|station:三鷹駅,
三鷹レンタルスタジオRin,〒181-0013 東京都三鷹市下連雀３丁目２３?１２ アージェントビル 402,,https://dance-studio-rin.com/,,"2024-02-29 木曜日 24 時間営業
2024-03-01 金曜日 24 時間営業
2024-03-02 土曜日 24 時間営業
2024-03-03 日曜日 24 時間営業
2024-03-04 月曜日 24 時間営業
2024-03-05 火曜日 24 時間営業
2024-03-06 水曜日 24 時間営業
",1,35.700708,139.5616177,東京,三鷹駅,165,三鷹駅,1,三鷹市,三鷹,三鷹,area:三鷹|station:三鷹駅|feature:24h,
Fali studio ファリ レンタルスペース,〒182-0012 東京都調布市深大寺東町６丁目28?２,,https://upnow.jp/jindaijispace,,,1,35.6755508,139.5576282,東京,なし,,,0,調布市,調布,調布,area:調布,
Gravisダンススクール 株式会社Gravis,〒195-0053 東京都町田市能ヶ谷１丁目７?６ 鶴川鈴木ビル 6F,,https://gravis-dance.co.jp/,050-3131-1065,"2024-02-29 木曜日 10時00分～22時00分
2024-03-01 金曜日 10時00分～22時00分
2024-03-02 土曜日 9時00分～20時00分
2024-03-03 日曜日 9時00分～20時00分
2024-03-04 月曜日 10時00分～22時00分
2024-03-05 火曜日 10時00分～22時00分
2024-03-06 水曜日 9時30分～22時00分
",1,35.5840651,139.4822934,東京,なし,,,0,町田市,町田,町田,area:町田|feature:24h,
grow dance studio,〒522-0043 滋賀県彦根市小泉町６２０?３,,http://www.grow-dancestudio.com/,0749-20-9600,"2024-02-29 木曜日 17時00分～22時00分
2024-03-01 金曜日 17時00分～22時00分
2024-03-02 土曜日 11時00分～22時00分
2024-03-03 日曜日 定休日
2024-03-04 月曜日 17時00分～22時00分
2024-03-05 火曜日 17時00分～22時00分
2024-03-06 水曜日 17時00分～22時00分
",1,35.2483971,136.2462586,東京,なし,,,0,その他,その他,その他,feature:24h,
H?lau Hula Coco,〒104-0045 東京都中央区築地１丁目１２?１５ 三ツ田ビル 4F,,http://www.hula-coco.jp/,03-6228-4696,"2024-02-29 木曜日 10時00分～23時00分
2024-03-01 金曜日 10時00分～23時00分
2024-03-02 土曜日 10時00分～23時00分
2024-03-03 日曜日 10時00分～23時00分
2024-03-04 月曜日 10時00分～23時00分
2024-03-05 火曜日 10時00分～23時00分
2024-03-06 水曜日 10時00分～23時00分
",1,35.6683643,139.77014,東京,有楽町駅,967,有楽町駅|新橋駅,2,中央区,銀座,銀座|日本橋|八丁堀|月島,area:銀座|station:有楽町駅|station:新橋駅|feature:24h,
HARA Studio,〒162-0042 東京都新宿区早稲田町７４?１４ 地下1F S.T ビル,,https://harastudio.wixsite.com/website,090-9001-1935,"2024-02-29 木曜日 9時00分～23時00分
2024-03-01 金曜日 9時00分～23時00分
2024-03-02 土曜日 9時00分～23時00分
2024-03-03 日曜日 9時00分～23時00分
2024-03-04 月曜日 9時00分～23時00分
2024-03-05 火曜日 9時00分～23時00分
2024-03-06 水曜日 9時00分～23時00分
",1,35.7058356,139.7220866,東京,なし,,,0,新宿区,新宿,新宿|西新宿|高田馬場|新大久保,area:新宿|feature:24h,
レンタルスタジオ、ダンススタジオ アレイティ,〒272-0132 千葉県市川市湊新田２丁目６?６ モロマンションB A棟 106号,,https://studio-areiti.amebaownd.com/,,"2024-02-29 木曜日 9時00分～22時00分
2024-03-01 金曜日 9時00分～22時00分
2024-03-02 土曜日 9時00分～22時00分
2024-03-03 日曜日 9時00分～22時00分
2024-03-04 月曜日 9時00分～22時00分
2024-03-05 火曜日 9時00分～22時00分
2024-03-06 水曜日 9時00分～22時00分
",1,35.6789472,139.9121259,東京,なし,,,0,その他,その他,その他,feature:24h,
Hidemi Dancing Vida,〒141-0021 東京都品川区上大崎２丁目１０?３２ フラワープラザビル 202,,https://www.yh-dancev.com/,03-6277-4775,"2024-02-29 木曜日 13時00分～22時00分
2024-03-01 金曜日 13時00分～22時00分
2024-03-02 土曜日 13時00分～22時00分
2024-03-03 日曜日 定休日
2024-03-04 月曜日 13時00分～22時00分
2024-03-05 火曜日 13時00分～22時00分
2024-03-06 水曜日 13時00分～22時00分
",1,35.6353306,139.7172857,東京,目黒駅,198,目黒駅|五反田駅,2,品川区,品川,品川|五反田|大井町|目黒,area:品川|station:目黒駅|station:五反田駅|feature:24h,
HIRAYAMA studio立石,〒124-0012 東京都葛飾区立石１丁目２２?７,,https://hirayamastudio.com/tateishi.html,090-5419-4965,,1,35.7384007,139.8496914,東京,なし,,,0,葛飾区,新小岩,新小岩,area:新小岩,
HMVP大手町スタジオ,〒101-0047 東京都千代田区内神田１丁目７?１１ B2F,,http://hmvp.net/,03-5283-1475,,1,35.6901685,139.7665458,東京,東京駅,995,東京駅|秋葉原駅,2,千代田区,秋葉原,秋葉原,area:秋葉原|station:東京駅|station:秋葉原駅,
HOSHINOダンシングアカデミー,〒354-0021 埼玉県富士見市鶴馬２丁目１６?２２,,https://dancing-academy.com/,049-255-2855,"2024-02-29 木曜日 10時00分～23時00分
2024-03-01 金曜日 10時00分～23時00分
2024-03-02 土曜日 10時00分～23時00分
2024-03-03 日曜日 10時00分～23時00分
2024-03-04 月曜日 10時00分～23時00分
2024-03-05 火曜日 10時00分～23時00分
2024-03-06 水曜日 10時00分～23時00分
",1,35.8457208,139.5434458,東京,なし,,,0,その他,その他,その他,feature:24h,
HuE スタジオ,〒676-0078 兵庫県高砂市伊保２丁目５?１８ ロイヤルコーポ 伊保 103,,https://huestudioo.com/,070-8492-1112,"2024-02-29 木曜日 24 時間営業
2024-03-01 金曜日 24 時間営業
2024-03-02 土曜日 24 時間営業
2024-03-03 日曜日 24 時間営業
2024-03-04 月曜日 24 時間営業
2024-03-05 火曜日 24 時間営業
2024-03-06 水曜日 24 時間営業
",1,34.768873,134.7885621,東京,なし,,,0,その他,その他,その他,feature:24h,
Hula Studio Huali,〒984-0838 宮城県仙台市若林区上飯田１丁目１９?５０,,http://huali.venus.bindcloud.jp/,090-6686-5815,"オーナーが女性と確認されたビジネス2024-02-29 木曜日 10時00分～21時00分
2024-03-01 金曜日 10時00分～16時00分
2024-03-02 土曜日 10時00分～18時00分
2024-03-03 日曜日 10時00分～21時00分
2024-03-04 月曜日 10時00分～21時00分
2024-03-05 火曜日 10時00分～21時00分
2024-03-06 水曜日 定休日
",1,38.2216025,140.9177314,東京,なし,,,0,その他,その他,その他,feature:24h,
HYPERMIX門前仲町,〒135-0048 東京都江東区門前仲町１丁目１３?１２,,https://hypermix.jp/,03-5875-8320,LGBTQ フレンドリー,1,35.6734003,139.7951522,東京,なし,,,0,江東区,豊洲,豊洲,area:豊洲,
I.G.Oスタジオ,"4F, ３丁目-５-１ 西日暮里 荒川区 東京都 116-0013",,http://igomusic.jp/,03-5848-4032,"2024-02-29 木曜日 9時00分～23時30分
2024-03-01 金曜日 9時00分～23時30分
2024-03-02 土曜日 9時00分～23時30分
2024-03-03 日曜日 9時00分～23時30分
2024-03-04 月曜日 9時00分～23時30分
2024-03-05 火曜日 9時00分～23時30分
2024-03-06 水曜日 9時00分～23時30分
",1,35.731965,139.7664826,東京,日暮里駅,619,日暮里駅,1,荒川区,日暮里,日暮里,area:日暮里|station:日暮里駅|feature:24h,
ICHIBANGAI Dance Studio,〒160-0022 東京都新宿区新宿１丁目３ 12・B1,,http://www.studio1b.jp/,03-6273-1759,,1,35.6878166,139.7121969,東京,代々木駅,1059,代々木駅|新宿駅,2,新宿区,新宿,新宿|西新宿|高田馬場|新大久保,area:新宿|station:代々木駅|station:新宿駅,
"in the house / Nishiwaseda ""Street Dance Park""",〒169-0075 東京都新宿区高田馬場１丁目１?１３ ONE ROOF FLAT NISHIWASEDA B1,,http://inthehouse.tokyo/,050-3558-1384,"2024-02-29 木曜日 24 時間営業
2024-03-01 金曜日 24 時間営業
2024-03-02 土曜日 24 時間営業
2024-03-03 日曜日 24 時間営業
2024-03-04 月曜日 24 時間営業
2024-03-05 火曜日 24 時間営業
2024-03-06 水曜日 24 時間営業",1,35.7093024,139.709087,東京,高田馬場駅,583,高田馬場駅,1,新宿区,新宿,新宿|西新宿|高田馬場|新大久保,area:新宿|station:高田馬場駅|feature:24h,
ダンススクエア 葛西スタジオ,〒134-0084 東京都江戸川区東葛西６丁目２?１０ 森ビル 7階,,http://d-s-u-s.com/,,"2024-02-29 木曜日 24 時間営業
2024-03-01 金曜日 24 時間営業
2024-03-02 土曜日 24 時間営業
2024-03-03 日曜日 24 時間営業
2024-03-04 月曜日 24 時間営業
2024-03-05 火曜日 24 時間営業
2024-03-06 水曜日 24 時間営業
",1,35.6627632,139.8737867,東京,なし,,,0,江戸川区,西葛西,西葛西,area:西葛西|feature:24h,
スタジオジパング 錦糸町スタジオSTANDARD,〒130-0012 東京都墨田区太平３丁目１４?１０ スズキビルディング 1階,,https://studiozipang.com/,,"2024-02-29 木曜日 6時00分～23時00分
2024-03-01 金曜日 6時00分～23時00分
2024-03-02 土曜日 6時00分～23時00分
2024-03-03 日曜日 6時00分～23時00分
2024-03-04 月曜日 6時00分～23時00分
2024-03-05 火曜日 6時00分～23時00分
2024-03-06 水曜日 6時00分～23時00分
",1,35.7015972,139.8135479,東京,錦糸町駅,547,錦糸町駅|押上駅,2,墨田区,錦糸町,錦糸町,area:錦糸町|station:錦糸町駅|station:押上駅|feature:24h,
Infinity Gym チアダンス・チアリーディング,〒157-0074 東京都世田谷区大蔵１丁目２?２７,,https://infinitygymsetagaya.com/,080-3317-1985,"オーナーが女性と確認されたビジネス2024-02-29 木曜日 9時00分～21時00分
2024-03-01 金曜日 9時00分～21時00分
2024-03-02 土曜日 9時00分～21時00分
2024-03-03 日曜日 9時00分～21時00分
2024-03-04 月曜日 9時00分～21時00分
2024-03-05 火曜日 9時00分～21時00分
2024-03-06 水曜日 9時00分～21時00分
",1,35.6357397,139.621826,東京,なし,,,0,世田谷区,下北沢,下北沢|三軒茶屋|二子玉川|自由が丘,area:下北沢|feature:24h,
Irodori麻布十番,〒106-0045 東京都港区麻布十番１丁目５?１ ＹＫビル 4F,,https://spaceirodori.com/,050-3628-5392,"2024-02-29 木曜日 24 時間営業
2024-03-01 金曜日 24 時間営業
2024-03-02 土曜日 24 時間営業
2024-03-03 日曜日 24 時間営業
2024-03-04 月曜日 24 時間営業
2024-03-05 火曜日 24 時間営業
2024-03-06 水曜日 24 時間営業
",1,35.6577365,139.7326156,東京,麻布十番駅,386,麻布十番駅|六本木駅,2,港区,六本木,六本木|赤坂|麻布|新橋,area:六本木|station:麻布十番駅|station:六本木駅|feature:24h,
IS DANCE STUDIO,"ＩＳビル 2F, ４-１１ 東田町 川崎区 川崎市 神奈川県 210-0005",,https://is-dance.net/,044-211-2167,"LGBTQ フレンドリー2024-02-29 木曜日 9時00分～0時00分
2024-03-01 金曜日 9時00分～0時00分
2024-03-02 土曜日 9時00分～0時00分
2024-03-03 日曜日 9時00分～0時00分
2024-03-04 月曜日 9時00分～0時00分
2024-03-05 火曜日 9時00分～0時00分
2024-03-06 水曜日 9時00分～0時00分
",1,35.5291779,139.7029243,東京,なし,,,0,その他,その他,その他,feature:24h,
中村隆彦ダンススタジオ浅草千束,〒111-0031 東京都台東区５ 台東区 千束 4 5 4 提柳泉ビルB1F,,http://senzok.ntdance.site/,,"2024-02-29 木曜日 10時00分～22時00分
2024-03-01 金曜日 10時00分～22時00分
2024-03-02 土曜日 10時00分～22時00分
2024-03-03 日曜日 10時00分～22時00分
2024-03-04 月曜日 10時00分～22時00分
2024-03-05 火曜日 10時00分～22時00分
2024-03-06 水曜日 10時00分～22時00分
",1,35.7236871,139.7974964,東京,なし,,,0,台東区,上野,上野|浅草|御徒町|蔵前,area:上野|feature:24h,
J.K.キューブ101スタジオエチュード,〒182-0007 東京都調布市菊野台１丁目２０?５,,https://www.studioasp.com/mdata/detail.aspx?i=13031,090-4969-7531,,1,35.6557965,139.5673827,東京,なし,,,0,調布市,調布,調布,area:調布,
J's,〒158-0097 東京都世田谷区用賀３丁目２５?９,,http://www.js-dance-studio.com/,03-3700-9728,"2024-02-29 木曜日 15時45分～20時55分
2024-03-01 金曜日 定休日
2024-03-02 土曜日 9時00分～20時10分
2024-03-03 日曜日 9時00分～17時30分
2024-03-04 月曜日 17時15分～22時00分
2024-03-05 火曜日 9時30分～21時00分
2024-03-06 水曜日 16時15分～20時30分
",1,35.6305214,139.6353717,東京,なし,,,0,世田谷区,下北沢,下北沢|三軒茶屋|二子玉川|自由が丘,area:下北沢|feature:24h,
J’Z STUDIO 千歳烏山店,〒157-0062 東京都世田谷区南烏山６丁目６?６?２ サンマルシェビルB1F,,http://www.jz-studio.jp/,03-6909-1181,"2024-02-29 木曜日 10時00分～23時00分
2024-03-01 金曜日 10時00分～23時00分
2024-03-02 土曜日 10時00分～23時00分
2024-03-03 日曜日 10時00分～23時00分
2024-03-04 月曜日 10時00分～23時00分
2024-03-05 火曜日 10時00分～23時00分
2024-03-06 水曜日 10時00分～23時00分
",1,35.667844,139.599892,東京,なし,,,0,世田谷区,下北沢,下北沢|三軒茶屋|二子玉川|自由が丘,area:下北沢|feature:24h,
ミライスタジオ上野,〒110-0003 東京都台東区根岸１丁目５?１３,,https://studio-mirai55.com/,,"LGBTQ フレンドリー2024-02-29 木曜日 6時00分～0時00分
2024-03-01 金曜日 6時00分～0時00分
2024-03-02 土曜日 6時00分～0時00分
2024-03-03 日曜日 6時00分～0時00分
2024-03-04 月曜日 6時00分～0時00分
2024-03-05 火曜日 6時00分～0時00分
2024-03-06 水曜日 6時00分～0時00分
",1,35.7225143,139.7791786,東京,日暮里駅,943,日暮里駅|上野駅,2,台東区,上野,上野|浅草|御徒町|蔵前,area:上野|station:日暮里駅|station:上野駅|feature:24h,
ハセガワ　ダンスアカデミー,〒111-0051 東京都台東区蔵前４丁目３３,,https://hasegawadance.com/,,,1,35.7060751,139.7900634,東京,蔵前駅,303,蔵前駅|浅草駅,2,台東区,上野,上野|浅草|御徒町|蔵前,area:上野|station:蔵前駅|station:浅草駅,
Jelly Jam Music&Dance Studio 府中,〒183-0045 東京都府中市美好町３丁目１０?４２,,https://jellyjamstudio.com/,042-368-3133,"オーナーが女性と確認されたビジネス2024-02-29 木曜日 10時30分～20時30分
2024-03-01 金曜日 10時30分～20時30分
2024-03-02 土曜日 10時30分～20時30分
2024-03-03 日曜日 10時30分～20時30分
2024-03-04 月曜日 10時30分～20時30分
2024-03-05 火曜日 10時30分～20時30分
2024-03-06 水曜日 10時30分～20時30分
",1,35.6700295,139.4665541,東京,府中駅,969,府中駅,1,府中市,府中,府中,area:府中|station:府中駅|feature:24h,
トゥモローダンスクラブ｜蔵前教室,〒111-0051 東京都台東区蔵前４丁目３３ エニックス蔵前 2F,,http://tdc.ballroom.jp/,,"LGBTQ フレンドリー2024-02-29 木曜日 12時00分～21時00分
2024-03-01 金曜日 12時00分～21時00分
2024-03-02 土曜日 12時00分～21時00分
2024-03-03 日曜日 12時00分～21時00分
2024-03-04 月曜日 12時00分～21時00分
2024-03-05 火曜日 12時00分～21時00分
2024-03-06 水曜日 12時00分～21時00分
",1,35.7059513,139.7899899,東京,蔵前駅,299,蔵前駅|浅草駅,2,台東区,上野,上野|浅草|御徒町|蔵前,area:上野|station:蔵前駅|station:浅草駅|feature:24h,
JK Studio 赤羽橋,〒106-0044 東京都港区東麻布１丁目１８?７ リヴェールハヤシ B1,,https://www.instabase.jp/space/8187721432,050-5372-4665,"2024-02-29 木曜日 24 時間営業
2024-03-01 金曜日 24 時間営業
2024-03-02 土曜日 24 時間営業
2024-03-03 日曜日 24 時間営業
2024-03-04 月曜日 24 時間営業
2024-03-05 火曜日 24 時間営業
2024-03-06 水曜日 24 時間営業
",1,35.6557315,139.7427208,東京,麻布十番駅,749,麻布十番駅|田町駅,2,港区,六本木,六本木|赤坂|麻布|新橋,area:六本木|station:麻布十番駅|station:田町駅|feature:24h,
JOINT STUDO Harajuku,〒150-0001 東京都渋谷区神宮前４丁目２９?９ Ondenビル B1,,https://joint-harajuku.com/b1-studio/,03-6455-5356,"LGBTQ フレンドリー2024-02-29 木曜日 6時00分～23時30分
2024-03-01 金曜日 6時00分～23時30分
2024-03-02 土曜日 6時00分～23時30分
2024-03-03 日曜日 6時00分～23時30分
2024-03-04 月曜日 6時00分～23時30分
2024-03-05 火曜日 6時00分～23時30分
2024-03-06 水曜日 6時00分～23時30分
",1,35.66844,139.7065645,東京,原宿駅,400,原宿駅|表参道駅|外苑前駅,3,渋谷区,渋谷,渋谷|恵比寿|代官山|原宿,area:渋谷|station:原宿駅|station:表参道駅|station:外苑前駅|feature:24h,
JOYFIT24 石川台,〒145-0065 東京都大田区東雪谷２丁目５?１ 1F・2F エンゼルハイム東雪谷,,http://joyfit.jp/ishikawadai/?utm_source=google&utm_medium=maps&utm_campaign=gmb,03-6425-9993,"2024-02-29 木曜日 24 時間営業
2024-03-01 金曜日 24 時間営業
2024-03-02 土曜日 24 時間営業
2024-03-03 日曜日 24 時間営業
2024-03-04 月曜日 24 時間営業
2024-03-05 火曜日 24 時間営業
2024-03-06 水曜日 24 時間営業
",1,35.597792,139.6842379,東京,なし,,,0,大田区,蒲田,蒲田,area:蒲田|feature:24h,
ＪＰスタジオ,〒165-0027 東京都中野区野方５丁目１７?１０,,http://jp-studio.net/,03-3310-7771,,1,35.7194679,139.6508885,東京,なし,,,0,中野区,中野,中野,area:中野,
K DANCE STUDIO 1024,〒206-0002 東京都多摩市一ノ宮１丁目２５?２ ガーデンヒルズ聖蹟桜ヶ丘 1F,,https://k-dancestudio1024.com/,042-316-9567,"2024-02-29 木曜日 定休日
2024-03-01 金曜日 15時30分～22時45分
2024-03-02 土曜日 10時30分～20時00分
2024-03-03 日曜日 定休日
2024-03-04 月曜日 15時30分～22時45分
2024-03-05 火曜日 15時30分～22時45分
2024-03-06 水曜日 15時30分～22時45分
",1,35.6514009,139.440461,東京,なし,,,0,多摩市,多摩センター,多摩センター,area:多摩センター|feature:24h,
アナログスタジオ,"笹屋ビル ２F, ４丁目-３４-８ 両国 墨田区 東京都 130-0026",,https://www.analog-st.com/,,,1,35.695111,139.7973714,東京,蔵前駅,1102,蔵前駅,1,墨田区,錦糸町,錦糸町,area:錦糸町|station:蔵前駅,
K-Dance Style【ケイ-ダンス スタイル】,〒174-0076 東京都板橋区上板橋２丁目８?２ WBD上板橋第3 B004,,https://k-dance-style.com/,03-6913-0778,"2024-02-29 木曜日 12時00分～22時00分
2024-03-01 金曜日 12時00分～22時00分
2024-03-02 土曜日 12時00分～18時00分
2024-03-03 日曜日 定休日
2024-03-04 月曜日 12時00分～22時00分
2024-03-05 火曜日 12時00分～22時00分
2024-03-06 水曜日 12時00分～22時00分
",1,35.7623764,139.6736091,東京,なし,,,0,板橋区,成増,成増,area:成増|feature:24h,
K-POP、HIPHOPキッズダンススクール｜クレドダンススタジオ,〒141-0031 東京都品川区西五反田２丁目１７?８ 管野ビル 3F,,https://cred-dance-studio.jp/,0120-049-010,"2024-02-29 木曜日 17時00分～18時00分
2024-03-01 金曜日 定休日
2024-03-02 土曜日 定休日
2024-03-03 日曜日 11時00分～12時00分
2024-03-04 月曜日 定休日
2024-03-05 火曜日 17時00分～18時00分
2024-03-06 水曜日 定休日
",1,35.6262928,139.7212074,東京,五反田駅,203,五反田駅|目黒駅|大崎駅,3,品川区,品川,品川|五反田|大井町|目黒,area:品川|station:五反田駅|station:目黒駅|station:大崎駅|feature:24h,
K-Studio dance & music,〒113-0031 東京都文京区根津２丁目７?１ Parade根津 101,,https://k-studio-tokyo.com/,03-3824-1743,"2024-02-29 木曜日 9時00分～22時00分
2024-03-01 金曜日 9時00分～22時00分
2024-03-02 土曜日 9時00分～22時00分
2024-03-03 日曜日 9時00分～22時00分
2024-03-04 月曜日 9時00分～22時00分
2024-03-05 火曜日 9時00分～22時00分
2024-03-06 水曜日 9時00分～22時00分
",1,35.7170454,139.7673447,東京,上野駅,966,上野駅,1,文京区,後楽園,後楽園,area:後楽園|station:上野駅|feature:24h,
K'sLinkStudio御徒町,〒110-0005 東京都台東区上野３丁目１９?４ フロンティアサカイビル 1F,,https://kslink.jp/?page_id=1557,03-4546-1610,"2024-02-29 木曜日 24 時間営業
2024-03-01 金曜日 24 時間営業
2024-03-02 土曜日 24 時間営業
2024-03-03 日曜日 24 時間営業
2024-03-04 月曜日 24 時間営業
2024-03-05 火曜日 24 時間営業
2024-03-06 水曜日 24 時間営業
",1,35.7058795,139.7735449,東京,秋葉原駅,803,秋葉原駅|上野駅,2,台東区,上野,上野|浅草|御徒町|蔵前,area:上野|station:秋葉原駅|station:上野駅|feature:24h,
K2studio,〒182-0002 東京都調布市仙川町１丁目２７?２４,,http://www.k2-studio.info/K2studio/,03-5314-9974,,1,35.6626911,139.5864358,東京,なし,,,0,調布市,調布,調布,area:調布,
Ka Hula O Hawai?i,〒150-0013 東京都渋谷区恵比寿４丁目４?５ ?三伊藤ビル 3F,,https://kahulaohawaii.com/,03-5795-2873,,1,35.6455292,139.7118565,東京,恵比寿駅,204,恵比寿駅,1,渋谷区,渋谷,渋谷|恵比寿|代官山|原宿,area:渋谷|station:恵比寿駅,
KAI Ballet Academy,〒150-0011 東京都渋谷区東２丁目２６?１４ NNBLDG,,https://kai-ballet-academy.amebaownd.com/,03-3797-4877,,1,35.6525,139.7071429,東京,恵比寿駅,699,恵比寿駅|渋谷駅,2,渋谷区,渋谷,渋谷|恵比寿|代官山|原宿,area:渋谷|station:恵比寿駅|station:渋谷駅,
KAJIWARA BALLET WORKS,〒116-0011 東京都荒川区西尾久５丁目２４?１０,,https://www.kajiwara-ballet.com/,090-1769-2446,"2024-02-29 木曜日 9時00分～22時00分
2024-03-01 金曜日 9時00分～22時00分
2024-03-02 土曜日 9時00分～22時00分
2024-03-03 日曜日 9時00分～22時00分
2024-03-04 月曜日 9時00分～22時00分
2024-03-05 火曜日 9時00分～22時00分
2024-03-06 水曜日 9時00分～22時00分
",1,35.7493101,139.7586393,東京,なし,,,0,荒川区,日暮里,日暮里,area:日暮里|feature:24h,
KaQiLa～カキラ～スタジオ／株式会社キッズ・カンパニー,〒106-0032 東京都港区六本木２丁目４?９ アソルティー六本木一丁目６Ｆ,,http://www.kaqila.com/,03-3568-2010,"2024-02-29 木曜日 9時30分～17時00分
2024-03-01 金曜日 9時30分～17時00分
2024-03-02 土曜日 定休日
2024-03-03 日曜日 定休日
2024-03-04 月曜日 9時30分～17時00分
2024-03-05 火曜日 9時30分～17時00分
2024-03-06 水曜日 9時30分～21時00分
",1,35.665755,139.7364723,東京,六本木駅,566,六本木駅|赤坂駅,2,港区,六本木,六本木|赤坂|麻布|新橋,area:六本木|station:六本木駅|station:赤坂駅|feature:24h,
KBAバレエスタジオ御茶ノ水,〒113-0034 東京都文京区湯島１丁目１２?６ 地下1F 高関ビル,,https://ballet-kba.com/,03-3772-3426,"オーナーが女性と確認されたビジネス2024-02-29 木曜日 定休日
2024-03-01 金曜日 定休日
2024-03-02 土曜日 定休日
2024-03-03 日曜日 9時45分～12時00分
2024-03-04 月曜日 定休日
2024-03-05 火曜日 19時00分～20時15分
2024-03-06 水曜日 定休日
",1,35.7026575,139.7673295,東京,秋葉原駅,763,秋葉原駅,1,文京区,後楽園,後楽園,area:後楽園|station:秋葉原駅|feature:24h,
スタジオ アーキタンツ architanz,〒105-0023 東京都港区芝浦１丁目１３?１０,,http://a-tanz.com/,,"2024-02-29 木曜日 9時30分～21時30分
2024-03-01 金曜日 9時30分～21時30分
2024-03-02 土曜日 9時30分～19時15分
2024-03-03 日曜日 9時30分～19時15分
2024-03-04 月曜日 9時30分～21時30分
2024-03-05 火曜日 9時30分～21時30分
2024-03-06 水曜日 9時30分～21時30分
",1,35.6462435,139.7536024,東京,田町駅,548,田町駅|浜松町駅,2,港区,六本木,六本木|赤坂|麻布|新橋,area:六本木|station:田町駅|station:浜松町駅|feature:24h,
KM Dance Arts,〒102-0076 東京都千代田区五番町５?１８ 地下1階,,https://www.kmdancearts-ichigaya.com/,03-6879-9796,"2024-02-29 木曜日 12時00分～22時00分
2024-03-01 金曜日 12時00分～22時00分
2024-03-02 土曜日 12時00分～20時00分
2024-03-03 日曜日 9時00分～18時00分
2024-03-04 月曜日 12時00分～22時00分
2024-03-05 火曜日 12時00分～22時00分
2024-03-06 水曜日 12時00分～22時00分
",1,35.6900208,139.7357024,東京,なし,,,0,千代田区,秋葉原,秋葉原,area:秋葉原|feature:24h,
江戸川区キッズアクション,〒133-0051 東京都江戸川区北小岩１丁目１７?１ 小岩アーバンプラザ,,https://kidsactiontheater.com/,,"LGBTQ フレンドリー2024-02-29 木曜日 定休日
2024-03-01 金曜日 定休日
2024-03-02 土曜日 定休日
2024-03-03 日曜日 定休日
2024-03-04 月曜日 17時00分～18時00分
2024-03-05 火曜日 定休日
2024-03-06 水曜日 18時00分～20時00分
",1,35.7358306,139.8923726,東京,なし,,,0,江戸川区,西葛西,西葛西,area:西葛西|feature:24h,
kokokara,〒102-0082 東京都千代田区一番町１３?１６ 一番町法眼坂ビル 1階,,https://www.tokyo-ballet.co.jp/,090-7649-9641,LGBTQ フレンドリー,1,35.6868861,139.7411928,東京,なし,,,0,千代田区,秋葉原,秋葉原,area:秋葉原,
ダンススクエア 浦安スタジオ,〒279-0002 千葉県浦安市北栄１丁目１?１５ 3階,,http://d-s-u-s.com/,,"2024-02-29 木曜日 24 時間営業
2024-03-01 金曜日 24 時間営業
2024-03-02 土曜日 24 時間営業
2024-03-03 日曜日 24 時間営業
2024-03-04 月曜日 24 時間営業
2024-03-05 火曜日 24 時間営業
2024-03-06 水曜日 24 時間営業
",1,35.6648122,139.8949659,東京,なし,,,0,その他,その他,その他,feature:24h,
ＫＳＣダンススタジオ,〒211-0024 神奈川県川崎市中原区西加瀬１８?６ ＫＳＣハイツ,,http://www.ksc-dance.com/,044-433-5173,"2024-02-29 木曜日 10時00分～21時00分
2024-03-01 金曜日 10時00分～21時00分
2024-03-02 土曜日 10時00分～21時00分
2024-03-03 日曜日 10時00分～21時00分
2024-03-04 月曜日 10時00分～21時00分
2024-03-05 火曜日 10時00分～21時00分
2024-03-06 水曜日 10時00分～21時00分
",1,35.5576994,139.658607,東京,なし,,,0,その他,その他,その他,feature:24h,
ＫＴスタジオ,〒110-0012 東京都台東区竜泉３丁目６?４ あらきビル,,http://ktdancestudio.blog.fc2.com/blog-entry-1.html?sp,03-3875-2116,"2024-02-29 木曜日 11時00分～18時00分
2024-03-01 金曜日 11時00分～18時00分
2024-03-02 土曜日 11時00分～18時00分
2024-03-03 日曜日 11時00分～18時00分
2024-03-04 月曜日 11時00分～18時00分
2024-03-05 火曜日 11時00分～18時00分
2024-03-06 水曜日 11時00分～18時00分
",1,35.7250055,139.793575,東京,なし,,,0,台東区,上野,上野|浅草|御徒町|蔵前,area:上野|feature:24h,
SUMUZO STUDIO SHINBASHI,〒105-0004 東京都港区新橋６丁目７?３ アシスト新橋ビル,,https://studio.sumuzo.info/,,,1,35.661918,139.7554647,東京,新橋駅,555,新橋駅|浜松町駅,2,港区,六本木,六本木|赤坂|麻布|新橋,area:六本木|station:新橋駅|station:浜松町駅,
Lanikai Dance Studio,〒134-0083 東京都江戸川区中葛西５丁目２０?１９ ローヤルマンション葛西 1階,,https://lanikai.tokyo/,03-5878-0230,"2024-02-29 木曜日 10時00分～22時00分
2024-03-01 金曜日 10時00分～22時00分
2024-03-02 土曜日 10時00分～22時00分
2024-03-03 日曜日 10時00分～22時00分
2024-03-04 月曜日 10時00分～22時00分
2024-03-05 火曜日 10時00分～22時00分
2024-03-06 水曜日 10時00分～22時00分
",1,35.6623413,139.8705263,東京,なし,,,0,江戸川区,西葛西,西葛西,area:西葛西|feature:24h,
Las Danzas in Tokyo,〒162-0065 東京都新宿区住吉町 １?１８TVB曙橋ビル3階,,https://las-danzas.com/,03-6274-8408,"LGBTQ フレンドリー2024-02-29 木曜日 8時00分～0時00分
2024-03-01 金曜日 8時00分～0時00分
2024-03-02 土曜日 8時00分～0時00分
2024-03-03 日曜日 8時00分～0時00分
2024-03-04 月曜日 8時00分～0時00分
2024-03-05 火曜日 8時00分～0時00分
2024-03-06 水曜日 8時00分～0時00分
",1,35.6922128,139.7229723,東京,なし,,,0,新宿区,新宿,新宿|西新宿|高田馬場|新大久保,area:新宿|feature:24h,
ソニズダンススタジオ茗荷谷店,〒112-0006 東京都文京区小日向４丁目６?１９ 共立会館ビル B1階,,https://sonysdance.com/,,"2024-02-29 木曜日 24 時間営業
2024-03-01 金曜日 24 時間営業
2024-03-02 土曜日 24 時間営業
2024-03-03 日曜日 24 時間営業
2024-03-04 月曜日 24 時間営業
2024-03-05 火曜日 24 時間営業
2024-03-06 水曜日 24 時間営業
",1,35.7172547,139.7372211,東京,なし,,,0,文京区,後楽園,後楽園,area:後楽園|feature:24h,
Letmedanceダンススタジオ 橋本南口本校,〒252-0143 神奈川県相模原市緑区橋本２丁目１０?１７,,https://letmedance.jp/,080-3240-3326,"オーナーが女性と確認されたビジネス2024-02-29 木曜日 定休日
2024-03-01 金曜日 10時00分～22時30分
2024-03-02 土曜日 10時00分～22時00分
2024-03-03 日曜日 10時00分～20時00分
2024-03-04 月曜日 10時00分～22時00分
2024-03-05 火曜日 10時00分～22時30分
2024-03-06 水曜日 10時00分～22時30分
",1,35.5951944,139.3401738,東京,なし,,,0,その他,その他,その他,feature:24h,
Letmedanceダンススタジオ 橋本北口校,〒252-0143 神奈川県相模原市緑区橋本３丁目３?１ ＳＩＮＧ橋本 2F,,https://letmedance.jp/,080-3240-3326,"LGBTQ フレンドリー2024-02-29 木曜日 定休日
2024-03-01 金曜日 12時00分～20時00分
2024-03-02 土曜日 10時30分～19時00分
2024-03-03 日曜日 13時00分～18時00分
2024-03-04 月曜日 12時00分～20時00分
2024-03-05 火曜日 11時00分～19時00分
2024-03-06 水曜日 12時00分～18時00分
",1,35.5947131,139.3485677,東京,なし,,,0,その他,その他,その他,feature:24h,
LIGHT WORKS STUDIO,〒153-0052 東京都目黒区祐天寺１丁目２２?６,,https://www.lightworks-studio.jp/,03-5720-8673,,1,35.6382866,139.6919725,東京,なし,,,0,目黒区,中目黒,中目黒,area:中目黒,
BUZZ レンタルスタジオ 上野店,〒110-0003 東京都台東区根岸３丁目６?３ 小林ビル 地下1階,,http://buzz-st.com/ueno2/,,"2024-02-29 木曜日 24 時間営業
2024-03-01 金曜日 24 時間営業
2024-03-02 土曜日 24 時間営業
2024-03-03 日曜日 24 時間営業
2024-03-04 月曜日 24 時間営業
2024-03-05 火曜日 24 時間営業
2024-03-06 水曜日 24 時間営業
",1,35.7222371,139.7800445,東京,上野駅,975,上野駅|日暮里駅,2,台東区,上野,上野|浅草|御徒町|蔵前,area:上野|station:上野駅|station:日暮里駅|feature:24h,
BUZZ LIVE 赤坂,〒107-0052 東京都港区赤坂３丁目１５?３ 忍路ビル B1,,https://buzz-st.com/live-akasaka,,,1,35.674372,139.7372293,東京,赤坂駅,100,赤坂駅|青山一丁目駅,2,港区,六本木,六本木|赤坂|麻布|新橋,area:六本木|station:赤坂駅|station:青山一丁目駅,
LOICX DANCE STUDIO,〒460-0002 愛知県名古屋市中区丸の内３丁目２０?９,,http://www.loicx-girls.com/,0120-619-355,"2024-02-29 木曜日 10時00分～22時00分
2024-03-01 金曜日 10時00分～22時00分
2024-03-02 土曜日 10時00分～22時00分
2024-03-03 日曜日 10時00分～22時00分
2024-03-04 月曜日 10時00分～22時00分
2024-03-05 火曜日 10時00分～22時00分
2024-03-06 水曜日 10時00分～22時00分
",1,35.1743258,136.9060101,東京,なし,,,0,その他,その他,その他,feature:24h,
ソニズレンタルスタジオ方南町店,〒168-0063 東京都杉並区和泉４丁目５１?１４,,https://sonysdance.com/studio/hounan-a,,"2024-02-29 木曜日 24 時間営業
2024-03-01 金曜日 24 時間営業
2024-03-02 土曜日 24 時間営業
2024-03-03 日曜日 24 時間営業
2024-03-04 月曜日 24 時間営業
2024-03-05 火曜日 24 時間営業
2024-03-06 水曜日 24 時間営業
",1,35.6828706,139.6565733,東京,なし,,,0,杉並区,高円寺,高円寺,area:高円寺|feature:24h,
ソニズレンタルスタジオ新中野鍋横第2店,〒164-0012 東京都中野区本町４丁目３０?１１ アーク新中野 B1,,https://sonysdance.com/studio/nabe2,,"2024-02-29 木曜日 24 時間営業
2024-03-01 金曜日 24 時間営業
2024-03-02 土曜日 24 時間営業
2024-03-03 日曜日 24 時間営業
2024-03-04 月曜日 24 時間営業
2024-03-05 火曜日 24 時間営業
2024-03-06 水曜日 24 時間営業
",1,35.6959183,139.6699031,東京,中野駅,1155,中野駅,1,中野区,中野,中野,area:中野|station:中野駅|feature:24h,
スペーススタジオ - Fresh!Studio,〒162-0041 東京都新宿区早稲田鶴巻町５７４ ＭＢＳ江戸川橋ビル 5階,,http://freshspacestudio.site/,,"2024-02-29 木曜日 0時00分～7時00分
2024-03-01 金曜日 0時00分～7時00分
2024-03-02 土曜日 0時00分～7時00分
2024-03-03 日曜日 0時00分～7時00分
2024-03-04 月曜日 0時00分～7時00分
2024-03-05 火曜日 0時00分～7時00分
2024-03-06 水曜日 0時00分～7時00分
",1,35.7094032,139.7275478,東京,なし,,,0,新宿区,新宿,新宿|西新宿|高田馬場|新大久保,area:新宿|feature:24h,
ライトハウス神田,〒103-0021 東京都中央区日本橋本石町４丁目５?８,,https://www.instabase.jp/space/7443145996,,"2024-02-29 木曜日 8時00分～23時30分
2024-03-01 金曜日 8時00分～23時30分
2024-03-02 土曜日 8時00分～23時30分
2024-03-03 日曜日 8時00分～23時30分
2024-03-04 月曜日 8時00分～23時30分
2024-03-05 火曜日 8時00分～23時30分
2024-03-06 水曜日 8時00分～23時30分
",1,35.6891675,139.770979,東京,東京駅,948,東京駅|秋葉原駅,2,中央区,銀座,銀座|日本橋|八丁堀|月島,area:銀座|station:東京駅|station:秋葉原駅|feature:24h,
東京音楽堂 日本橋 ピアノサロン,〒103-0024 東京都中央区日本橋小舟町３?１２ 日本橋GRIT 6階,,https://coubic.com/ongakudou/436052#pageContent,,"2024-02-29 木曜日 24 時間営業
2024-03-01 金曜日 24 時間営業
2024-03-02 土曜日 24 時間営業
2024-03-03 日曜日 24 時間営業
2024-03-04 月曜日 24 時間営業
2024-03-05 火曜日 24 時間営業
2024-03-06 水曜日 24 時間営業
",1,35.6868865,139.777717,東京,東京駅,1145,東京駅,1,中央区,銀座,銀座|日本橋|八丁堀|月島,area:銀座|station:東京駅|feature:24h,
東京音楽堂 日本橋 ピアノホール,〒103-0024 東京都中央区日本橋小舟町３?１２ 日本橋GRIT 地下1階,,https://coubic.com/ongakudou/576226#pageContent,,"2024-02-29 木曜日 24 時間営業
2024-03-01 金曜日 24 時間営業
2024-03-02 土曜日 24 時間営業
2024-03-03 日曜日 24 時間営業
2024-03-04 月曜日 24 時間営業
2024-03-05 火曜日 24 時間営業
2024-03-06 水曜日 24 時間営業
",1,35.6868897,139.7777132,東京,東京駅,1144,東京駅,1,中央区,銀座,銀座|日本橋|八丁堀|月島,area:銀座|station:東京駅|feature:24h,
Dance studio LOOP,〒321-0203 栃木県下都賀郡壬生町幸町２丁目２?４ 草竹ビル 2階,,http://ds-loop.com/,,"2024-02-29 木曜日 10時30分～11時30分
2024-03-01 金曜日 16時00分～21時30分
2024-03-02 土曜日 11時00分～20時00分
2024-03-03 日曜日 定休日
2024-03-04 月曜日 11時00分～12時00分
2024-03-05 火曜日 16時00分～20時30分
2024-03-06 水曜日 16時00分～21時30分
",1,36.4662408,139.8304754,東京,なし,,,0,その他,その他,その他,feature:24h,
BUZZ YOKOHAMA,〒221-0835 神奈川県横浜市神奈川区鶴屋町１丁目2?１ INUYAMA BUILD地下1階,,https://buzz-st.com/yokohama/,,"2024-02-29 木曜日 24 時間営業
2024-03-01 金曜日 24 時間営業
2024-03-02 土曜日 24 時間営業
2024-03-03 日曜日 24 時間営業
2024-03-04 月曜日 24 時間営業
2024-03-05 火曜日 24 時間営業
2024-03-06 水曜日 24 時間営業
",1,35.4697473,139.6245783,東京,なし,,,0,その他,その他,その他,feature:24h,
M Ballet Studio,〒192-0902 東京都八王子市上野町１７?５ SKダンススタジオ 内,,https://hachioji.mypl.net/shop/00000375439/,090-4069-3278,"2024-02-29 木曜日 14時20分～15時50分
2024-03-01 金曜日 定休日
2024-03-02 土曜日 定休日
2024-03-03 日曜日 定休日
2024-03-04 月曜日 定休日
2024-03-05 火曜日 定休日
2024-03-06 水曜日 定休日
",1,35.6550577,139.3286771,東京,八王子駅,927,八王子駅,1,八王子市,八王子,八王子,area:八王子|station:八王子駅|feature:24h,
BUZZ レンタルスタジオ浦和店,〒330-0063 埼玉県さいたま市浦和区高砂２丁目６?１３ あずさビル B1,,https://buzz-st.com/urawa/,,"2024-02-29 木曜日 24 時間営業
2024-03-01 金曜日 24 時間営業
2024-03-02 土曜日 24 時間営業
2024-03-03 日曜日 24 時間営業
2024-03-04 月曜日 24 時間営業
2024-03-05 火曜日 24 時間営業
2024-03-06 水曜日 24 時間営業
",1,35.8579489,139.654396,東京,なし,,,0,その他,その他,その他,feature:24h,
FEELCYCLE 六本木,〒106-0032 東京都港区六本木６丁目４?１ ヒルズ ハリウッドプラザ 3F,,https://www.feelcycle.com/studios/rpg/?utm_source=google&utm_medium=gbp&utm_content=RPG&utm_campaign=google_gbp_RPG,,"2024-02-29 木曜日 7時00分～23時00分
2024-03-01 金曜日 定休日
2024-03-02 土曜日 7時30分～20時45分
2024-03-03 日曜日 7時30分～20時45分
2024-03-04 月曜日 7時00分～23時00分
2024-03-05 火曜日 7時00分～23時00分
2024-03-06 水曜日 7時00分～23時00分
",1,35.6613562,139.7301237,東京,六本木駅,198,六本木駅|麻布十番駅,2,港区,六本木,六本木|赤坂|麻布|新橋,area:六本木|station:六本木駅|station:麻布十番駅|feature:24h,
ダンススタジオ・ポップコーン,〒104-0041 東京都中央区新富２丁目４?６ アーベイン三井 8F,,http://www.studio-popcorn.jp/,,"2024-02-29 木曜日 9時00分～22時00分
2024-03-01 金曜日 9時00分～22時00分
2024-03-02 土曜日 9時00分～20時00分
2024-03-03 日曜日 9時00分～20時00分
2024-03-04 月曜日 9時00分～22時00分
2024-03-05 火曜日 9時00分～22時00分
2024-03-06 水曜日 9時00分～22時00分
",1,35.6713607,139.7732451,東京,有楽町駅,986,有楽町駅,1,中央区,銀座,銀座|日本橋|八丁堀|月島,area:銀座|station:有楽町駅|feature:24h,
Ｍ＆Ｓダンススタジオ,〒151-0051 東京都渋谷区千駄ケ谷５丁目１１?１３ 俳協ビル B1,,http://www.msc-dance.net/,03-3350-5350,"2024-02-29 木曜日 10時00分～22時30分
2024-03-01 金曜日 10時00分～22時15分
2024-03-02 土曜日 10時00分～22時40分
2024-03-03 日曜日 10時00分～21時00分
2024-03-04 月曜日 10時00分～22時30分
2024-03-05 火曜日 10時00分～22時30分
2024-03-06 水曜日 10時00分～22時40分
",1,35.6834591,139.7061521,東京,代々木駅,374,代々木駅|新宿駅,2,渋谷区,渋谷,渋谷|恵比寿|代官山|原宿,area:渋谷|station:代々木駅|station:新宿駅|feature:24h,
studio RADA,〒103-0022 東京都中央区日本橋室町１丁目１?５,,http://www.studiorada.com/,,"2024-02-29 木曜日 10時00分～22時00分
2024-03-01 金曜日 10時00分～22時00分
2024-03-02 土曜日 10時00分～22時00分
2024-03-03 日曜日 10時00分～22時00分
2024-03-04 月曜日 10時00分～22時00分
2024-03-05 火曜日 10時00分～22時00分
2024-03-06 水曜日 10時00分～22時00分
",1,35.684432,139.7738019,東京,東京駅,700,東京駅,1,中央区,銀座,銀座|日本橋|八丁堀|月島,area:銀座|station:東京駅|feature:24h,
Ｍ＆Ｓダンススタジオ 西葛西スタジオ,〒134-0088 東京都江戸川区西葛西３丁目２?１５ 三谷ビル,,http://www.msc-dance.net/,03-6808-5037,,1,35.66513,139.855626,東京,なし,,,0,江戸川区,西葛西,西葛西,area:西葛西,
magari 中野坂上スタジオ,〒164-0011 東京都中野区中央１丁目１?３ 新都心中央ビル B1,,https://cafe-magari.com/,070-6630-7215,"2024-02-29 木曜日 7時00分～23時00分
2024-03-01 金曜日 7時00分～23時00分
2024-03-02 土曜日 7時00分～23時00分
2024-03-03 日曜日 7時00分～23時00分
2024-03-04 月曜日 7時00分～23時00分
2024-03-05 火曜日 7時00分～23時00分
2024-03-06 水曜日 7時00分～23時00分
",1,35.6968127,139.6866507,東京,なし,,,0,中野区,中野,中野,area:中野|feature:24h,
Mailani feel art studio,〒153-0064 東京都目黒区下目黒５丁目１?１２ 2F,,http://mailani-fas.co.jp/,03-5722-9785,,1,35.6309638,139.7032833,東京,目黒駅,1183,目黒駅,1,目黒区,中目黒,中目黒,area:中目黒|station:目黒駅,
銀座スタジオ ルアン,〒104-0061 東京都中央区銀座８丁目１０?２ ルアンビル 11階,,https://rentalstudio.ruan.co.jp/,,"2024-02-29 木曜日 9時00分～18時00分
2024-03-01 金曜日 9時00分～18時00分
2024-03-02 土曜日 9時00分～0時00分
2024-03-03 日曜日 9時00分～0時00分
2024-03-04 月曜日 9時00分～18時00分
2024-03-05 火曜日 9時00分～18時00分
2024-03-06 水曜日 9時00分～18時00分
",1,35.6680421,139.7627122,東京,新橋駅,422,新橋駅|有楽町駅,2,中央区,銀座,銀座|日本橋|八丁堀|月島,area:銀座|station:新橋駅|station:有楽町駅|feature:24h,
Manohiva Japan,〒140-0013 東京都品川区南大井３丁目２０?１１ 伊藤ビル 201,,https://www.manohiva-japan.jp/,090-4811-8040,LGBTQ フレンドリー,1,35.5886149,139.7350657,東京,なし,,,0,品川区,品川,品川|五反田|大井町|目黒,area:品川,
MAR'ｓ DANCE SCHOOL,〒121-0823 東京都足立区伊興３丁目１８?１９ ＮＹビル 1F,,http://www.mars-ds.com/,03-3897-6225,"2024-02-29 木曜日 12時00分～21時30分
2024-03-01 金曜日 12時00分～21時30分
2024-03-02 土曜日 定休日
2024-03-03 日曜日 定休日
2024-03-04 月曜日 定休日
2024-03-05 火曜日 12時00分～22時30分
2024-03-06 水曜日 12時00分～23時00分
",1,35.7954259,139.7880844,東京,なし,,,0,足立区,北千住,北千住,area:北千住|feature:24h,
Studio GENIE,〒124-0012 東京都葛飾区立石６丁目１?６,,https://studio-genie.tokyo/,,"2024-02-29 木曜日 9時00分～22時00分
2024-03-01 金曜日 9時00分～22時00分
2024-03-02 土曜日 9時00分～21時00分
2024-03-03 日曜日 定休日
2024-03-04 月曜日 9時00分～22時00分
2024-03-05 火曜日 9時00分～22時00分
2024-03-06 水曜日 9時00分～22時00分
",1,35.7424758,139.8491378,東京,なし,,,0,葛飾区,新小岩,新小岩,area:新小岩|feature:24h,
㈱インフォレント,〒111-0053 東京都台東区浅草橋５丁目３?２ 秋葉原スクエアビル,,https://studiosquare.jp/,,"2024-02-29 木曜日 9時00分～18時00分
2024-03-01 金曜日 9時00分～18時00分
2024-03-02 土曜日 9時00分～18時00分
2024-03-03 日曜日 定休日
2024-03-04 月曜日 9時00分～18時00分
2024-03-05 火曜日 9時00分～18時00分
2024-03-06 水曜日 9時00分～18時00分
",1,35.6992273,139.7809358,東京,秋葉原駅,610,秋葉原駅|蔵前駅,2,台東区,上野,上野|浅草|御徒町|蔵前,area:上野|station:秋葉原駅|station:蔵前駅|feature:24h,
Masaピラティススタジオ,〒153-0041 東京都目黒区駒場３丁目１１?１４ 駒場友和ビル１ 3階,,https://coubic.com/masapilatesstudio,03-6882-5920,"LGBTQ フレンドリー2024-02-29 木曜日 10時00分～20時00分
2024-03-01 金曜日 10時00分～20時00分
2024-03-02 土曜日 10時00分～18時00分
2024-03-03 日曜日 定休日
2024-03-04 月曜日 10時00分～20時00分
2024-03-05 火曜日 10時00分～20時00分
2024-03-06 水曜日 10時00分～20時00分
",1,35.6595576,139.681451,東京,池尻大橋駅,1028,池尻大橋駅|下北沢駅,2,目黒区,中目黒,中目黒,area:中目黒|station:池尻大橋駅|station:下北沢駅|feature:24h,
Mazuka Dance Company,〒168-0064 東京都杉並区永福１丁目３９?１３ 1F,,https://mazuka-studio.com/,03-6265-7333,,1,35.6742866,139.643107,東京,なし,,,0,杉並区,高円寺,高円寺,area:高円寺,
MCSpace,〒167-0053 東京都杉並区西荻南２丁目２５?６ 西荻プラザビル B1F,,http://mcspace1.com/,03-5941-3065,"2024-02-29 木曜日 9時00分～22時00分
2024-03-01 金曜日 9時00分～22時00分
2024-03-02 土曜日 9時00分～22時00分
2024-03-03 日曜日 9時00分～22時00分
2024-03-04 月曜日 9時00分～22時00分
2024-03-05 火曜日 9時00分～22時00分
2024-03-06 水曜日 7時00分～22時00分
",1,35.701359,139.599624,東京,なし,,,0,杉並区,高円寺,高円寺,area:高円寺|feature:24h,
レンタルスタジオ新富町 ?Danzatakara. Studio?,"Shintomi 2-1-7, Fujichuo building B1, 中央区 東京都 140-0041",,https://www.instabase.jp/space/2165415368,,"2024-02-29 木曜日 6時00分～0時00分
2024-03-01 金曜日 6時00分～0時00分
2024-03-02 土曜日 6時00分～0時00分
2024-03-03 日曜日 6時00分～0時00分
2024-03-04 月曜日 6時00分～0時00分
2024-03-05 火曜日 6時00分～0時00分
2024-03-06 水曜日 6時00分～0時00分
",1,35.671572,139.772209,東京,有楽町駅,891,有楽町駅|東京駅,2,中央区,銀座,銀座|日本橋|八丁堀|月島,area:銀座|station:有楽町駅|station:東京駅|feature:24h,
mikaバレエスタジオ,〒176-0011 東京都練馬区豊玉上２丁目２０?４ 石原ビル,,http://mikaballetstudio.com/,080-6766-1655,"オーナーが女性と確認されたビジネス2024-02-29 木曜日 16時30分～18時00分
2024-03-01 金曜日 10時30分～21時00分
2024-03-02 土曜日 定休日
2024-03-03 日曜日 13時30分～19時00分
2024-03-04 月曜日 定休日
2024-03-05 火曜日 定休日
2024-03-06 水曜日 10時30分～19時00分
",1,35.737643,139.6611106,東京,なし,,,0,練馬区,練馬,練馬,area:練馬|feature:24h,
ＭＩＫＩバレエスタジオ,〒178-0063 東京都練馬区東大泉３丁目５０?３,,https://miki-ballet.p-kit.com/,03-5387-5739,,1,35.7548652,139.5878099,東京,なし,,,0,練馬区,練馬,練馬,area:練馬,
Mita Dance Factory 芝スタジオ,"セレブ 釉 芝公園 1F, ２丁目-１６-１１ 芝 港区 東京都 105-0014",,https://peraichi.com/landing_pages/view/mitadancefactory,070-6949-6814,"2024-02-29 木曜日 10時00分～12時30分
2024-03-01 金曜日 15時00分～17時30分
2024-03-02 土曜日 13時30分～15時30分
2024-03-03 日曜日 11時30分～17時30分
2024-03-04 月曜日 19時30分～21時30分
2024-03-05 火曜日 18時00分～21時30分
2024-03-06 水曜日 定休日
",1,35.6514771,139.7519872,東京,浜松町駅,632,浜松町駅|田町駅,2,港区,六本木,六本木|赤坂|麻布|新橋,area:六本木|station:浜松町駅|station:田町駅|feature:24h,
MIZUE Ballet School,〒179-0076 東京都練馬区土支田１丁目２８?１４ ３F,,https://sites.google.com/site/mizueballet/,090-6019-1142,"2024-02-29 木曜日 11時00分～20時30分
2024-03-01 金曜日 16時00分～19時00分
2024-03-02 土曜日 9時30分～18時00分
2024-03-03 日曜日 10時30分～12時00分
2024-03-04 月曜日 11時00分～20時00分
2024-03-05 火曜日 17時00分～19時00分
2024-03-06 水曜日 17時00分～18時00分
",1,35.7653107,139.6194191,東京,なし,,,0,練馬区,練馬,練馬,area:練馬|feature:24h,
MKH dance fit studio,〒279-0001 千葉県浦安市当代島１丁目１６?１９ 大塚ビル 3階,,https://www.mkhdancefitstudio.com/,047-712-7489,"2024-02-29 木曜日 10時00分～22時00分
2024-03-01 金曜日 10時00分～22時00分
2024-03-02 土曜日 10時00分～22時00分
2024-03-03 日曜日 定休日
2024-03-04 月曜日 10時00分～22時00分
2024-03-05 火曜日 10時00分～22時00分
2024-03-06 水曜日 10時00分～22時00分
",1,35.6660468,139.8915522,東京,なし,,,0,その他,その他,その他,feature:24h,
Musa studio《自由が丘レンタルスタジオ》,〒152-0034 東京都目黒区緑が丘２丁目１９?１１,,https://ja-jp.facebook.com/musastudio/,080-4384-5228,"2024-02-29 木曜日 9時00分～21時00分
2024-03-01 金曜日 9時00分～21時00分
2024-03-02 土曜日 9時00分～21時00分
2024-03-03 日曜日 9時00分～21時00分
2024-03-04 月曜日 9時00分～21時00分
2024-03-05 火曜日 9時00分～21時00分
2024-03-06 水曜日 9時00分～21時00分
",1,35.611041,139.6725732,東京,自由が丘駅,531,自由が丘駅,1,目黒区,中目黒,中目黒,area:中目黒|station:自由が丘駅|feature:24h,
スタジオマーティ / STUDIO marty 銀座出張所,〒104-0061 東京都中央区銀座７丁目１３?６ サガミビル 2階,,https://www.studiomarty.co.jp/tokyo-mitakeio/,,,1,35.6678815,139.7645491,東京,新橋駅,567,新橋駅|有楽町駅,2,中央区,銀座,銀座|日本橋|八丁堀|月島,area:銀座|station:新橋駅|station:有楽町駅,
Music Lounge J SHIMOIGUSA,〒167-0022 東京都杉並区下井草２丁目３２?５ ＪＢＫビル Ｂ１,,https://j-shimoigusa.jp/,080-4854-1006,,1,35.7210845,139.6257444,東京,なし,,,0,杉並区,高円寺,高円寺,area:高円寺,
MUSIC NEST音楽スタジオ,〒176-0002 東京都練馬区桜台４丁目 ３７?３ ２０３,,https://owlwingrecord.net/music-nest/,03-5930-7108,"LGBTQ フレンドリー2024-02-29 木曜日 13時00分～20時00分
2024-03-01 金曜日 13時00分～20時00分
2024-03-02 土曜日 11時00分～20時00分
2024-03-03 日曜日 11時00分～18時00分
2024-03-04 月曜日 定休日
2024-03-05 火曜日 定休日
2024-03-06 水曜日 13時00分～20時00分
",1,35.7405294,139.6593411,東京,なし,,,0,練馬区,練馬,練馬,area:練馬|feature:24h,
Muuta Dance Studio,〒669-1535 兵庫県三田市南が丘２丁目１４?３４,,https://muuta-dance.net/,079-558-8080,"2024-02-29 木曜日 10時00分～22時30分
2024-03-01 金曜日 10時00分～22時30分
2024-03-02 土曜日 10時00分～22時30分
2024-03-03 日曜日 10時00分～22時30分
2024-03-04 月曜日 10時00分～22時30分
2024-03-05 火曜日 10時00分～22時30分
2024-03-06 水曜日 10時00分～22時30分
",1,34.8790793,135.2159294,東京,なし,,,0,その他,その他,その他,feature:24h,
NANSO STUDIO,〒298-0133 千葉県いすみ市引田１１８,,https://nansome.me/gym/,080-6781-1024,"2024-02-29 木曜日 定休日
2024-03-01 金曜日 定休日
2024-03-02 土曜日 定休日
2024-03-03 日曜日 定休日
2024-03-04 月曜日 18時00分～19時00分
2024-03-05 火曜日 18時00分～19時00分
2024-03-06 水曜日 定休日
",1,35.280841,140.2980046,東京,なし,,,0,その他,その他,その他,feature:24h,
FINEDAY浜松町,〒105-0012 東京都港区芝大門１丁目２?２２ 2F(200 パレステュディオ芝大門,,https://www.finedayrental.com/,,"2024-02-29 木曜日 8時00分～0時00分
2024-03-01 金曜日 8時00分～0時00分
2024-03-02 土曜日 8時00分～0時00分
2024-03-03 日曜日 8時00分～0時00分
2024-03-04 月曜日 8時00分～0時00分
2024-03-05 火曜日 8時00分～0時00分
2024-03-06 水曜日 8時00分～0時00分
",1,35.6598499,139.7542232,東京,浜松町駅,520,浜松町駅|新橋駅,2,港区,六本木,六本木|赤坂|麻布|新橋,area:六本木|station:浜松町駅|station:新橋駅|feature:24h,
NARASE MUSIC ACADEMY吉祥寺校,〒180-0003 東京都武蔵野市吉祥寺南町１丁目１?４ スタジオペンタ吉祥寺サウスサイド,,https://narase.jp/,050-3155-0349,"LGBTQ フレンドリー2024-02-29 木曜日 15時00分～23時00分
2024-03-01 金曜日 15時00分～23時00分
2024-03-02 土曜日 11時00分～20時00分
2024-03-03 日曜日 11時00分～20時00分
2024-03-04 月曜日 15時00分～23時00分
2024-03-05 火曜日 15時00分～23時00分
2024-03-06 水曜日 15時00分～23時00分
",1,35.7028538,139.5789387,東京,吉祥寺駅,89,吉祥寺駅,1,武蔵野市,吉祥寺,吉祥寺,area:吉祥寺|station:吉祥寺駅|feature:24h,
Nari Gym (ナリジム),〒107-0052 東京都港区赤坂３丁目14番9号 赤坂清水ビル 2F,,https://beauty.hotpepper.jp/kr/slnH000588196/,03-6277-7369,"LGBTQ フレンドリー2024-02-29 木曜日 24 時間営業
2024-03-01 金曜日 24 時間営業
2024-03-02 土曜日 24 時間営業
2024-03-03 日曜日 24 時間営業
2024-03-04 月曜日 24 時間営業
2024-03-05 火曜日 24 時間営業
2024-03-06 水曜日 24 時間営業
",1,35.6739439,139.7370016,東京,赤坂駅,48,赤坂駅|青山一丁目駅,2,港区,六本木,六本木|赤坂|麻布|新橋,area:六本木|station:赤坂駅|station:青山一丁目駅|feature:24h,
NATURAglam 経堂スタジオ,〒156-0052 東京都世田谷区経堂１丁目２５?１８ 吉川水産ビル3階,,https://www.naturaglam.com/kyodo/,050-5307-3439,"2024-02-29 木曜日 8時30分～23時00分
2024-03-01 金曜日 8時30分～23時00分
2024-03-02 土曜日 8時30分～23時00分
2024-03-03 日曜日 8時30分～23時00分
2024-03-04 月曜日 8時30分～23時00分
2024-03-05 火曜日 8時30分～23時00分
2024-03-06 水曜日 8時30分～23時00分
",1,35.6488373,139.6362781,東京,なし,,,0,世田谷区,下北沢,下北沢|三軒茶屋|二子玉川|自由が丘,area:下北沢|feature:24h,
NATURAglam 高円寺スタジオ,〒166-0003 東京都杉並区４５ 高円寺南４丁目４５?２ メインロードビル3階,,http://www.naturaglam.com/koenji/,050-5307-3439,"2024-02-29 木曜日 8時30分～23時00分
2024-03-01 金曜日 8時30分～23時00分
2024-03-02 土曜日 8時30分～23時00分
2024-03-03 日曜日 8時30分～23時00分
2024-03-04 月曜日 8時30分～23時00分
2024-03-05 火曜日 8時30分～23時00分
2024-03-06 水曜日 8時30分～23時00分
",1,35.704714,139.650506,東京,なし,,,0,杉並区,高円寺,高円寺,area:高円寺|feature:24h,
neu 168 Dance Studio,〒156-0057 東京都世田谷区上北沢３丁目３３?５,,https://neu168.com/,070-3203-0168,,1,35.6680197,139.6234115,東京,なし,,,0,世田谷区,下北沢,下北沢|三軒茶屋|二子玉川|自由が丘,area:下北沢,
New York yuka's Dance Center,〒146-0084 東京都大田区南久が原２丁目１１?８,,http://www.t-nydc.jp/,080-8915-3750,"2024-02-29 木曜日 10時30分～22時00分
2024-03-01 金曜日 10時30分～22時00分
2024-03-02 土曜日 10時30分～22時00分
2024-03-03 日曜日 10時30分～22時00分
2024-03-04 月曜日 10時30分～22時00分
2024-03-05 火曜日 10時30分～22時00分
2024-03-06 水曜日 10時30分～22時00分
",1,35.5788878,139.6855241,東京,なし,,,0,大田区,蒲田,蒲田,area:蒲田|feature:24h,
NML dance studio,〒189-0014 東京都東村山市本町２丁目21?３ 1F,,http://nmldancestudio.com/,090-8045-3811,"2024-02-29 木曜日 9時00分～21時00分
2024-03-01 金曜日 9時00分～21時00分
2024-03-02 土曜日 9時00分～21時00分
2024-03-03 日曜日 9時00分～17時00分
2024-03-04 月曜日 10時00分～21時00分
2024-03-05 火曜日 9時00分～21時00分
2024-03-06 水曜日 9時00分～21時00分
",1,35.7582631,139.4673676,東京,なし,,,0,東村山市,東村山,東村山,area:東村山|feature:24h,
NML dance studioふじみ野校,〒354-0036 埼玉県富士見市ふじみ野東２丁目１?１ グリーンテラスふじみ野 2F,,https://www.nmldancestudio.com/,090-8045-3811,"LGBTQ フレンドリー2024-02-29 木曜日 18時00分～20時15分
2024-03-01 金曜日 定休日
2024-03-02 土曜日 定休日
2024-03-03 日曜日 定休日
2024-03-04 月曜日 定休日
2024-03-05 火曜日 定休日
2024-03-06 水曜日 17時00分～19時00分
",1,35.8620323,139.5225498,東京,なし,,,0,その他,その他,その他,feature:24h,
NOA バレエスクール自由が丘校,"ノア２１ 2F, ３丁目-７-１８ 自由が丘 目黒区 東京都 152-0035",,https://www.noaballet.jp/,03-5726-3168,"2024-02-29 木曜日 12時00分～22時30分
2024-03-01 金曜日 12時00分～22時30分
2024-03-02 土曜日 10時00分～21時00分
2024-03-03 日曜日 10時00分～21時00分
2024-03-04 月曜日 12時00分～22時30分
2024-03-05 火曜日 12時00分～22時30分
2024-03-06 水曜日 12時00分～22時30分
",1,35.6090957,139.6652904,東京,自由が丘駅,383,自由が丘駅,1,目黒区,中目黒,中目黒,area:中目黒|station:自由が丘駅|feature:24h,
NOAダンスアカデミー 吉祥寺ANNEX校,〒180-0004 東京都武蔵野市吉祥寺本町２丁目１６?１２ ヨキヒ吉祥寺（B1F受付,,https://www.noadance.com/kichijoji2/,0422-29-3005,"2024-02-29 木曜日 16時00分～22時30分
2024-03-01 金曜日 16時00分～22時30分
2024-03-02 土曜日 11時00分～19時30分
2024-03-03 日曜日 11時00分～19時30分
2024-03-04 月曜日 16時00分～22時30分
2024-03-05 火曜日 16時00分～22時30分
2024-03-06 水曜日 16時00分～22時30分
",1,35.7058217,139.5767726,東京,吉祥寺駅,407,吉祥寺駅,1,武蔵野市,吉祥寺,吉祥寺,area:吉祥寺|station:吉祥寺駅|feature:24h,
NOAダンスアカデミー 駒沢校,〒154-0011 東京都世田谷区上馬４ 2-7 8F,,https://www.noadance.com/,03-5779-4130,"2024-02-29 木曜日 9時00分～23時30分
2024-03-01 金曜日 9時00分～23時30分
2024-03-02 土曜日 11時00分～22時00分
2024-03-03 日曜日 11時00分～22時00分
2024-03-04 月曜日 9時00分～23時30分
2024-03-05 火曜日 9時00分～23時30分
2024-03-06 水曜日 9時00分～23時30分
",1,35.6345084,139.6629264,東京,三軒茶屋駅,1180,三軒茶屋駅,1,世田谷区,下北沢,下北沢|三軒茶屋|二子玉川|自由が丘,area:下北沢|station:三軒茶屋駅|feature:24h,
NOAダンスアカデミー 原宿校,〒150-0001 東京都渋谷区神宮前１丁目１７?５ ２F,,https://www.noadance.com/harajuku/,03-5786-6011,"2024-02-29 木曜日 9時00分～23時30分
2024-03-01 金曜日 9時00分～23時30分
2024-03-02 土曜日 11時00分～22時00分
2024-03-03 日曜日 11時00分～22時00分
2024-03-04 月曜日 9時00分～23時30分
2024-03-05 火曜日 9時00分～23時30分
2024-03-06 水曜日 9時00分～23時30分
",1,35.6713747,139.7035246,東京,原宿駅,154,原宿駅|表参道駅,2,渋谷区,渋谷,渋谷|恵比寿|代官山|原宿,area:渋谷|station:原宿駅|station:表参道駅|feature:24h,
NOAダンスアカデミー 新宿本校,〒160-0023 東京都新宿区西新宿１丁目３?１４ 新宿プラザ（受付 6F,,http://www.noadance.com/,03-3362-7011,"2024-02-29 木曜日 9時00分～23時30分
2024-03-01 金曜日 9時00分～23時30分
2024-03-02 土曜日 11時00分～22時00分
2024-03-03 日曜日 11時00分～22時00分
2024-03-04 月曜日 9時00分～23時30分
2024-03-05 火曜日 9時00分～23時30分
2024-03-06 水曜日 9時00分～23時30分",1,35.6932968,139.6982771,東京,新宿駅,319,新宿駅|西武新宿駅|新大久保駅,3,新宿区,新宿,新宿|西新宿|高田馬場|新大久保,area:新宿|station:新宿駅|station:西武新宿駅|station:新大久保駅|feature:24h,
NOAダンスアカデミー 池袋校,〒171-0022 東京都豊島区南池袋１丁目１６?１８ ｆａｃｅ 池袋6F,,https://www.noadance.com/ikebukuro/,03-5950-2855,"2024-02-29 木曜日 9時00分～23時30分
2024-03-01 金曜日 9時00分～23時30分
2024-03-02 土曜日 11時00分～22時00分
2024-03-03 日曜日 11時00分～22時00分
2024-03-04 月曜日 9時00分～23時30分
2024-03-05 火曜日 9時00分～23時30分
2024-03-06 水曜日 9時00分～23時30分
",1,35.7266371,139.7115643,東京,池袋駅,276,池袋駅,1,豊島区,池袋,池袋|目白|大塚|巣鴨,area:池袋|station:池袋駅|feature:24h,
NOAダンス教室 吉祥寺アネックス校,〒180-0004 東京都武蔵野市吉祥寺本町２丁目１６?１２ ヨキヒ吉祥寺（B1F受付,,https://www.noadance.jp/kichijoji2/,0422-29-3005,"2024-02-29 木曜日 16時00分～23時30分
2024-03-01 金曜日 16時00分～23時30分
2024-03-02 土曜日 11時00分～19時30分
2024-03-03 日曜日 11時00分～19時30分
2024-03-04 月曜日 16時00分～23時30分
2024-03-05 火曜日 16時00分～23時30分
2024-03-06 水曜日 16時00分～23時30分
",1,35.7057934,139.5767894,東京,吉祥寺駅,403,吉祥寺駅,1,武蔵野市,吉祥寺,吉祥寺,area:吉祥寺|station:吉祥寺駅|feature:24h,
NOAダンス教室 銀座校,〒104-0061 東京都中央区銀座３丁目９?２,,https://www.noadance.jp/,03-3524-2288,"2024-02-29 木曜日 9時00分～23時30分
2024-03-01 金曜日 9時00分～23時30分
2024-03-02 土曜日 11時00分～22時00分
2024-03-03 日曜日 11時00分～22時00分
2024-03-04 月曜日 9時00分～23時30分
2024-03-05 火曜日 9時00分～23時30分
2024-03-06 水曜日 9時00分～23時30分
",1,35.6719378,139.7681132,東京,有楽町駅,555,有楽町駅|東京駅|新橋駅,3,中央区,銀座,銀座|日本橋|八丁堀|月島,area:銀座|station:有楽町駅|station:東京駅|station:新橋駅|feature:24h,
NOAダンス教室 原宿校,〒150-0001 東京都渋谷区神宮前１丁目１７?５ 原宿シュロス城西ビル ２F,,https://www.noadance.jp/harajuku/,03-5786-6011,"2024-02-29 木曜日 9時30分～23時30分
2024-03-01 金曜日 9時30分～23時30分
2024-03-02 土曜日 10時00分～22時00分
2024-03-03 日曜日 10時00分～22時00分
2024-03-04 月曜日 9時30分～23時30分
2024-03-05 火曜日 9時30分～23時30分
2024-03-06 水曜日 9時30分～23時30分
",1,35.6714352,139.7034299,東京,原宿駅,156,原宿駅|表参道駅,2,渋谷区,渋谷,渋谷|恵比寿|代官山|原宿,area:渋谷|station:原宿駅|station:表参道駅|feature:24h,
NOAダンス教室 新宿校,〒160-0023 東京都新宿区西新宿１丁目３?１４ 9F,,https://www.noadance.jp/,03-3344-5600,"2024-02-29 木曜日 9時00分～23時30分
2024-03-01 金曜日 9時00分～23時30分
2024-03-02 土曜日 11時00分～22時00分
2024-03-03 日曜日 11時00分～22時00分
2024-03-04 月曜日 9時00分～23時30分
2024-03-05 火曜日 9時00分～23時30分
2024-03-06 水曜日 9時00分～23時30分
",1,35.6932968,139.6982771,東京,新宿駅,319,新宿駅|西武新宿駅|新大久保駅,3,新宿区,新宿,新宿|西新宿|高田馬場|新大久保,area:新宿|station:新宿駅|station:西武新宿駅|station:新大久保駅|feature:24h,
NOAダンス教室 中野校,〒164-0001 東京都中野区中野３丁目３９?２ B1,,https://www.noadance.jp/nakano/,03-6304-8608,"2024-02-29 木曜日 9時30分～23時30分
2024-03-01 金曜日 9時30分～23時30分
2024-03-02 土曜日 10時00分～22時00分
2024-03-03 日曜日 10時00分～22時00分
2024-03-04 月曜日 9時30分～23時30分
2024-03-05 火曜日 9時30分～23時30分
2024-03-06 水曜日 9時30分～23時30分
",1,35.7041744,139.664242,東京,中野駅,228,中野駅,1,中野区,中野,中野,area:中野|station:中野駅|feature:24h,
NOAダンス教室 都立大校,〒152-0031 東京都目黒区中根１丁目７?２３ ＳＴビル 2F,,http://www.noadance.jp/,03-3725-3001,"2024-02-29 木曜日 9時00分～23時30分
2024-03-01 金曜日 9時00分～23時30分
2024-03-02 土曜日 11時00分～22時00分
2024-03-03 日曜日 11時00分～22時00分
2024-03-04 月曜日 9時00分～23時30分
2024-03-05 火曜日 9時00分～23時30分
2024-03-06 水曜日 9時00分～23時30分
",1,35.6176921,139.674669,東京,なし,,,0,目黒区,中目黒,中目黒,area:中目黒|feature:24h,
NOAバレエスクール 恵比寿校,〒150-0012 東京都渋谷区広尾１丁目１５?３,,https://www.noaballet.jp/,03-5791-7263,"2024-02-29 木曜日 9時00分～23時30分
2024-03-01 金曜日 9時00分～23時30分
2024-03-02 土曜日 11時00分～22時00分
2024-03-03 日曜日 11時00分～22時00分
2024-03-04 月曜日 9時00分～23時30分
2024-03-05 火曜日 9時00分～23時30分
2024-03-06 水曜日 9時00分～23時30分
",1,35.6485787,139.7117754,東京,恵比寿駅,259,恵比寿駅,1,渋谷区,渋谷,渋谷|恵比寿|代官山|原宿,area:渋谷|station:恵比寿駅|feature:24h,
NOAバレエスクール 秋葉原校,〒101-0021 東京都千代田区外神田６丁目１４?８ ７F 受付,,https://www.noaballet.jp/,03-3834-5321,"2024-02-29 木曜日 9時00分～23時30分
2024-03-01 金曜日 9時00分～23時30分
2024-03-02 土曜日 11時00分～22時00分
2024-03-03 日曜日 11時00分～22時00分
2024-03-04 月曜日 9時00分～23時30分
2024-03-05 火曜日 9時00分～23時30分
2024-03-06 水曜日 9時00分～23時30分
",1,35.7035015,139.771522,東京,秋葉原駅,589,秋葉原駅,1,千代田区,秋葉原,秋葉原,area:秋葉原|station:秋葉原駅|feature:24h,
NOAバレエスクール 新宿校,〒160-0023 東京都新宿区西新宿１丁目３?１４ 9F,,https://www.noaballet.jp/,03-3344-5600,"2024-02-29 木曜日 9時00分～23時30分
2024-03-01 金曜日 9時00分～23時30分
2024-03-02 土曜日 11時00分～22時00分
2024-03-03 日曜日 11時00分～22時00分
2024-03-04 月曜日 9時00分～23時30分
2024-03-05 火曜日 9時00分～23時30分
2024-03-06 水曜日 9時00分～23時30分",1,35.6932968,139.6982771,東京,新宿駅,319,新宿駅|西武新宿駅|新大久保駅,3,新宿区,新宿,新宿|西新宿|高田馬場|新大久保,area:新宿|station:新宿駅|station:西武新宿駅|station:新大久保駅|feature:24h,
NOAバレエスクール 池袋,〒171-0022 東京都豊島区南池袋１丁目１６?１８ 池袋6F ｆａｃｅ,,https://www.noaballet.jp/store/ikebukuro/,03-5950-2855,"2024-02-29 木曜日 9時30分～23時30分
2024-03-01 金曜日 9時30分～23時30分
2024-03-02 土曜日 10時00分～22時00分
2024-03-03 日曜日 10時00分～22時00分
2024-03-04 月曜日 9時30分～23時30分
2024-03-05 火曜日 9時30分～23時30分
2024-03-06 水曜日 9時30分～23時30分
",1,35.7266394,139.7114415,東京,池袋駅,272,池袋駅,1,豊島区,池袋,池袋|目白|大塚|巣鴨,area:池袋|station:池袋駅|feature:24h,
NOAバレエスクール 都立大校,〒152-0031 東京都目黒区中根１丁目７?２３ ＳＴビル 2F,,http://www.noaballet.jp/,03-3725-3001,"2024-02-29 木曜日 10時30分～23時30分
2024-03-01 金曜日 10時30分～23時30分
2024-03-02 土曜日 10時30分～23時30分
2024-03-03 日曜日 10時30分～23時30分
2024-03-04 月曜日 10時30分～23時30分
2024-03-05 火曜日 10時30分～23時30分
2024-03-06 水曜日 10時30分～23時30分
",1,35.6176921,139.674669,東京,なし,,,0,目黒区,中目黒,中目黒,area:中目黒|feature:24h,
NSH MAJOR RENTAL STUDIO,〒153-0051 東京都目黒区上目黒３丁目６?１８ TYビル9階 Tyビル,,https://studiomajor.jp/,03-5734-1040,"2024-02-29 木曜日 24 時間営業
2024-03-01 金曜日 24 時間営業
2024-03-02 土曜日 24 時間営業
2024-03-03 日曜日 24 時間営業
2024-03-04 月曜日 24 時間営業
2024-03-05 火曜日 24 時間営業
2024-03-06 水曜日 24 時間営業
",1,35.6429867,139.6970953,東京,なし,,,0,目黒区,中目黒,中目黒,area:中目黒|feature:24h,
ＯＤＦ 大治レンタルダンスフロア,〒490-1142 愛知県海部郡大治町三本木金久７０,,https://www.go-odf.com/,080-1579-3772,"2024-02-29 木曜日 24 時間営業
2024-03-01 金曜日 24 時間営業
2024-03-02 土曜日 24 時間営業
2024-03-03 日曜日 24 時間営業
2024-03-04 月曜日 24 時間営業
2024-03-05 火曜日 24 時間営業
2024-03-06 水曜日 24 時間営業
",1,35.1671584,136.818356,東京,なし,,,0,その他,その他,その他,feature:24h,
okayレンタルスタジオ(ダンス、楽器練習スタジオ),〒761-1703 香川県高松市香川町浅野69?２,,https://sites.google.com/view/okayrental,090-7783-2101,"2024-02-29 木曜日 24 時間営業
2024-03-01 金曜日 24 時間営業
2024-03-02 土曜日 24 時間営業
2024-03-03 日曜日 24 時間営業
2024-03-04 月曜日 24 時間営業
2024-03-05 火曜日 24 時間営業
2024-03-06 水曜日 24 時間営業
",1,34.2719847,134.041055,東京,なし,,,0,その他,その他,その他,feature:24h,
OKUTAMA＋,〒198-0102 東京都西多摩郡奥多摩町川井５９４,,https://okutamaplus.com/,0428-85-8575,チェックイン時間: 15:00 チェックアウト時間: 10:00,1,35.811255,139.1588831,東京,なし,,,0,東京都,東京,東京,area:東京,
OnePlace Dance Studio,〒111-0053 東京都台東区浅草橋３丁目１９?２ 地下1階 冨士ビル,,https://one-place-llc.wixsite.com/oneplace,03-5825-4043,"2024-02-29 木曜日 24 時間営業
2024-03-01 金曜日 24 時間営業
2024-03-02 土曜日 24 時間営業
2024-03-03 日曜日 24 時間営業
2024-03-04 月曜日 24 時間営業
2024-03-05 火曜日 24 時間営業
2024-03-06 水曜日 24 時間営業
",1,35.7006686,139.7874996,東京,蔵前駅,600,蔵前駅,1,台東区,上野,上野|浅草|御徒町|蔵前,area:上野|station:蔵前駅|feature:24h,
ENJOINT DANCE CLUB中目黒,〒153-0051 東京都目黒区上目黒１丁目５?１０ 中目黒マンション B1,,https://www.enjoint.tokyo/,,"2024-02-29 木曜日 定休日
2024-03-01 金曜日 定休日
2024-03-02 土曜日 17時00分～19時00分
2024-03-03 日曜日 定休日
2024-03-04 月曜日 定休日
2024-03-05 火曜日 21時00分～22時00分
2024-03-06 水曜日 定休日
",1,35.6446775,139.7005906,東京,恵比寿駅,888,恵比寿駅,1,目黒区,中目黒,中目黒,area:中目黒|station:恵比寿駅|feature:24h,
Pole and Aerial Studio POLISH中目黒,〒153-0051 東京都目黒区上目黒１丁目６?５ 3 階,,https://www.polish-415.com/,,"LGBTQ フレンドリー2024-02-29 木曜日 10時30分～22時00分
2024-03-01 金曜日 10時30分～22時00分
2024-03-02 土曜日 10時30分～22時00分
2024-03-03 日曜日 10時30分～22時00分
2024-03-04 月曜日 10時30分～22時00分
2024-03-05 火曜日 10時30分～22時00分
2024-03-06 水曜日 10時30分～22時00分
",1,35.6453445,139.700578,東京,恵比寿駅,874,恵比寿駅,1,目黒区,中目黒,中目黒,area:中目黒|station:恵比寿駅|feature:24h,
PLUS DANCE STUDIO,〒169-0075 東京都新宿区高田馬場４丁目１４?４,,http://plus-dance-studio.com/,03-6908-6822,"2024-02-29 木曜日 9時00分～6時00分
2024-03-01 金曜日 9時00分～6時00分
2024-03-02 土曜日 9時00分～6時00分
2024-03-03 日曜日 9時00分～6時00分
2024-03-04 月曜日 9時00分～6時00分
2024-03-05 火曜日 9時00分～6時00分
2024-03-06 水曜日 9時00分～6時00分
",1,35.712434,139.700825,東京,高田馬場駅,267,高田馬場駅,1,新宿区,新宿,新宿|西新宿|高田馬場|新大久保,area:新宿|station:高田馬場駅|feature:24h,
Pole and Aerial Studio Polish 銀座店,〒104-0061 東京都中央区銀座７丁目８?１３ Brown Place 3階,,https://www.polish-415.com/,03-5412-2555,"2024-02-29 木曜日 11時00分～21時00分
2024-03-01 金曜日 11時00分～21時00分
2024-03-02 土曜日 11時00分～21時00分
2024-03-03 日曜日 11時00分～21時00分
2024-03-04 月曜日 11時00分～21時00分
2024-03-05 火曜日 11時00分～21時00分
2024-03-06 水曜日 11時00分～21時00分
",1,35.668884,139.7620231,東京,新橋駅,428,新橋駅|有楽町駅,2,中央区,銀座,銀座|日本橋|八丁堀|月島,area:銀座|station:新橋駅|station:有楽町駅|feature:24h,
Pole and Aerial Studio POLISH五反田,〒141-0031 東京都品川区西五反田１丁目５?２ トラヤビル 7階,,https://www.polish-415.com/,03-6420-0535,"LGBTQ フレンドリー2024-02-29 木曜日 11時00分～21時00分
2024-03-01 金曜日 11時00分～21時00分
2024-03-02 土曜日 11時00分～21時00分
2024-03-03 日曜日 11時00分～21時00分
2024-03-04 月曜日 11時00分～21時00分
2024-03-05 火曜日 11時00分～21時00分
2024-03-06 水曜日 11時00分～21時00分
",1,35.6254433,139.7235874,東京,五反田駅,112,五反田駅|大崎駅|目黒駅,3,品川区,品川,品川|五反田|大井町|目黒,area:品川|station:五反田駅|station:大崎駅|station:目黒駅|feature:24h,
Pole and Aerial Studio POLISH六本木,〒106-0032 東京都港区六本木７丁目１２?３,,http://www.polish-415.com/,03-5412-2555,"LGBTQ フレンドリー2024-02-29 木曜日 11時30分～21時00分
2024-03-01 金曜日 11時30分～21時00分
2024-03-02 土曜日 11時30分～21時00分
2024-03-03 日曜日 11時30分～21時00分
2024-03-04 月曜日 11時30分～21時00分
2024-03-05 火曜日 11時30分～21時00分
2024-03-06 水曜日 11時30分～21時00分
",1,35.6644048,139.7305834,東京,六本木駅,187,六本木駅|青山一丁目駅|麻布十番駅,3,港区,六本木,六本木|赤坂|麻布|新橋,area:六本木|station:六本木駅|station:青山一丁目駅|station:麻布十番駅|feature:24h,
Pole Dance Tokyo ポールダンス東京,〒107-0052 東京都港区赤坂３丁目１６?８ 東海アネックスビルB1,,http://www.poledancetokyo.com/,03-5941-8998,"オーナーが女性と確認されたビジネス2024-02-29 木曜日 10時00分～22時00分
2024-03-01 金曜日 10時00分～22時00分
2024-03-02 土曜日 10時00分～22時00分
2024-03-03 日曜日 10時00分～22時00分
2024-03-04 月曜日 10時00分～22時00分
2024-03-05 火曜日 10時00分～22時00分
2024-03-06 水曜日 10時00分～22時00分
",1,35.674829,139.736309,東京,赤坂駅,150,赤坂駅|青山一丁目駅,2,港区,六本木,六本木|赤坂|麻布|新橋,area:六本木|station:赤坂駅|station:青山一丁目駅|feature:24h,
STUDIO A1-04（レンタルスタジオ）,〒150-0021 東京都渋谷区恵比寿西１丁目１４?３ 満栄佐藤ビル 2階 202号室,,https://www.studioa1-04.com/,,"2024-02-29 木曜日 7時00分～0時00分
2024-03-01 金曜日 7時00分～0時00分
2024-03-02 土曜日 7時00分～0時00分
2024-03-03 日曜日 7時00分～0時00分
2024-03-04 月曜日 7時00分～0時00分
2024-03-05 火曜日 7時00分～0時00分
2024-03-06 水曜日 7時00分～0時00分
",1,35.6477273,139.707883,東京,恵比寿駅,232,恵比寿駅,1,渋谷区,渋谷,渋谷|恵比寿|代官山|原宿,area:渋谷|station:恵比寿駅|feature:24h,
谷淑江スペイン舞踊スタジオ DANZARTE（ダンサルテ）,〒150-0013 東京都渋谷区恵比寿１丁目１６?28-2F ＴＫビル,,http://www.danzarte.xyz/,,,1,35.6479477,139.7131881,東京,恵比寿駅,312,恵比寿駅,1,渋谷区,渋谷,渋谷|恵比寿|代官山|原宿,area:渋谷|station:恵比寿駅,
Brighton Studio Daikanyama,〒150-0032 東京都渋谷区鶯谷町１?２ PAL bldg 3F&RF,,https://www.projectofbrighton.com/,,"2024-02-29 木曜日 9時00分～23時00分
2024-03-01 金曜日 9時00分～23時00分
2024-03-02 土曜日 9時00分～23時00分
2024-03-03 日曜日 9時00分～23時00分
2024-03-04 月曜日 9時00分～23時00分
2024-03-05 火曜日 9時00分～23時00分
2024-03-06 水曜日 9時00分～23時00分
",1,35.6536859,139.7049598,東京,渋谷駅,569,渋谷駅|恵比寿駅,2,渋谷区,渋谷,渋谷|恵比寿|代官山|原宿,area:渋谷|station:渋谷駅|station:恵比寿駅|feature:24h,
TEDDY?S BALANCE,〒150-0034 東京都渋谷区代官山町１３?１ ログロード代官山 L３棟２F,,https://ted-balance.com/,,"2024-02-29 木曜日 10時00分～21時30分
2024-03-01 金曜日 10時00分～21時30分
2024-03-02 土曜日 9時30分～16時00分
2024-03-03 日曜日 9時30分～16時00分
2024-03-04 月曜日 10時00分～21時30分
2024-03-05 火曜日 10時00分～21時30分
2024-03-06 水曜日 10時00分～21時30分
",1,35.6506361,139.705243,東京,恵比寿駅,621,恵比寿駅|渋谷駅,2,渋谷区,渋谷,渋谷|恵比寿|代官山|原宿,area:渋谷|station:恵比寿駅|station:渋谷駅|feature:24h,
スタジオ白猫屋 経堂R店,〒156-0052 東京都世田谷区経堂１丁目１１?１３ 長島ビル 3Ｆ,,https://soyokaze-shironekoya.jp/kyodor.html,,"2024-02-29 木曜日 6時00分～0時00分
2024-03-01 金曜日 6時00分～0時00分
2024-03-02 土曜日 6時00分～0時00分
2024-03-03 日曜日 6時00分～0時00分
2024-03-04 月曜日 6時00分～0時00分
2024-03-05 火曜日 6時00分～0時00分
2024-03-06 水曜日 6時00分～0時00分
",1,35.6493874,139.6370267,東京,なし,,,0,世田谷区,下北沢,下北沢|三軒茶屋|二子玉川|自由が丘,area:下北沢|feature:24h,
リリィ スタジオ&カフェ レンタルカフェ,〒156-0052 東京都世田谷区経堂２丁目７?１４?１０２,,,,"2024-02-29 木曜日 10時00分～23時00分
2024-03-01 金曜日 10時00分～23時00分
2024-03-02 土曜日 10時00分～23時00分
2024-03-03 日曜日 10時00分～23時00分
2024-03-04 月曜日 10時00分～23時00分
2024-03-05 火曜日 定休日
2024-03-06 水曜日 10時00分～23時00分
",1,35.6530552,139.6350161,東京,なし,,,0,世田谷区,下北沢,下北沢|三軒茶屋|二子玉川|自由が丘,area:下北沢|feature:24h,
RAISE UP STUDIO 自由が丘 レンタルスタジオ,〒152-0035 東京都目黒区自由が丘１丁目３?22-B1,,http://www.raiseup-studio.com/,03-6421-2448,"2024-02-29 木曜日 24 時間営業
2024-03-01 金曜日 24 時間営業
2024-03-02 土曜日 24 時間営業
2024-03-03 日曜日 24 時間営業
2024-03-04 月曜日 24 時間営業
2024-03-05 火曜日 24 時間営業
2024-03-06 水曜日 24 時間営業
",1,35.6095104,139.6705801,東京,自由が丘駅,288,自由が丘駅,1,目黒区,中目黒,中目黒,area:中目黒|station:自由が丘駅|feature:24h,
RE:STUDIO body&life,〒215-0021 神奈川県川崎市麻生区上麻生５丁目３８?７ 東和サープラス柿生 211号室,,https://www.re-studio-bodylife.com/?utm_source=google&utm_medium=wix_google_business_profile&utm_campaign=8724145320600633228,044-455-5675,"2024-02-29 木曜日 9時00分～15時00分
2024-03-01 金曜日 9時00分～20時30分
2024-03-02 土曜日 9時00分～17時00分
2024-03-03 日曜日 9時00分～15時00分
2024-03-04 月曜日 9時00分～19時00分
2024-03-05 火曜日 9時00分～21時00分
2024-03-06 水曜日 9時00分～21時00分
",1,35.5902244,139.4983759,東京,なし,,,0,その他,その他,その他,feature:24h,
REDEIC DANCE STUDIO,〒146-0092 東京都大田区下丸子３丁目２５?５,,http://redeic.info/,080-3455-4455,"LGBTQ フレンドリー2024-02-29 木曜日 12時00分～21時30分
2024-03-01 金曜日 10時00分～22時00分
2024-03-02 土曜日 8時45分～21時00分
2024-03-03 日曜日 10時45分～17時30分
2024-03-04 月曜日 10時00分～21時00分
2024-03-05 火曜日 10時30分～21時00分
2024-03-06 水曜日 10時30分～21時00分
",1,35.5685754,139.6840406,東京,なし,,,0,大田区,蒲田,蒲田,area:蒲田|feature:24h,
レンタルスタジオ スタジオザルツ,〒157-0065 東京都世田谷区上祖師谷１丁目３６?５ ル・クレール 地下一階,,https://studio-salz.com/chitokara/,,"2024-02-29 木曜日 7時00分～23時00分
2024-03-01 金曜日 7時00分～23時00分
2024-03-02 土曜日 7時00分～23時00分
2024-03-03 日曜日 7時00分～23時00分
2024-03-04 月曜日 7時00分～23時00分
2024-03-05 火曜日 7時00分～23時00分
2024-03-06 水曜日 7時00分～23時00分
",1,35.666692,139.5996942,東京,なし,,,0,世田谷区,下北沢,下北沢|三軒茶屋|二子玉川|自由が丘,area:下北沢|feature:24h,
Refinement リファインメント PBT専門スタジオ,,,https://www.refinement.jp/?utm_source=google&utm_medium=wix_google_business_profile&utm_campaign=1677915365642956517,080-5958-1808,"LGBTQ フレンドリー2024-02-29 木曜日 定休日
2024-03-01 金曜日 12時15分～13時45分
2024-03-02 土曜日 10時30分～12時00分
2024-03-03 日曜日 10時30分～12時00分
2024-03-04 月曜日 定休日
2024-03-05 火曜日 定休日
2024-03-06 水曜日 定休日
",1,35.6642284,139.4533678,東京,なし,,,0,その他,その他,その他,feature:24h,
Rei Dance Collection 駅前校,〒150-0002 東京都渋谷区渋谷３丁目２８?７ 青ビル B1F,,http://www.rei-dance.com/,03-6427-2719,"2024-02-29 木曜日 11時30分～22時30分
2024-03-01 金曜日 11時00分～22時30分
2024-03-02 土曜日 10時30分～22時00分
2024-03-03 日曜日 9時30分～21時00分
2024-03-04 月曜日 12時30分～22時30分
2024-03-05 火曜日 11時30分～22時30分
2024-03-06 水曜日 11時30分～22時30分
",1,35.6561513,139.7043753,東京,渋谷駅,324,渋谷駅|恵比寿駅,2,渋谷区,渋谷,渋谷|恵比寿|代官山|原宿,area:渋谷|station:渋谷駅|station:恵比寿駅|feature:24h,
Rei Dance Collection 本校,〒150-0031 東京都渋谷区桜丘町２９?３５ パーソンズビル地下1階,,http://www.rei-dance.com/,03-3462-0844,"2024-02-29 木曜日 11時00分～22時30分
2024-03-01 金曜日 11時00分～22時30分
2024-03-02 土曜日 11時00分～22時30分
2024-03-03 日曜日 11時00分～22時30分
2024-03-04 月曜日 11時00分～22時30分
2024-03-05 火曜日 11時00分～22時30分
2024-03-06 水曜日 11時00分～22時30分
",1,35.6550208,139.6990355,東京,渋谷駅,409,渋谷駅,1,渋谷区,渋谷,渋谷|恵比寿|代官山|原宿,area:渋谷|station:渋谷駅|feature:24h,
rjspace外苑前駅4番出口,〒107-0062 東京都港区南青山２丁目１４?１７ アートメイク・トキ 美容室内 ジョワレ南青山 第18吉田ビル 2F,,http://rjspace.com/,,,1,35.6703785,139.7202996,東京,外苑前駅,247,外苑前駅|青山一丁目駅|表参道駅,3,港区,六本木,六本木|赤坂|麻布|新橋,area:六本木|station:外苑前駅|station:青山一丁目駅|station:表参道駅,
レンタルスタジオSunny 高田馬場1号店,〒169-0075 東京都新宿区高田馬場４丁目１?５ 5F,,https://11dance.com/,,"2024-02-29 木曜日 8時00分～6時00分
2024-03-01 金曜日 8時00分～6時00分
2024-03-02 土曜日 8時00分～6時00分
2024-03-03 日曜日 8時00分～6時00分
2024-03-04 月曜日 8時00分～6時00分
2024-03-05 火曜日 8時00分～6時00分
2024-03-06 水曜日 8時00分～6時00分
",1,35.7099587,139.7023259,東京,高田馬場駅,290,高田馬場駅|新大久保駅,2,新宿区,新宿,新宿|西新宿|高田馬場|新大久保,area:新宿|station:高田馬場駅|station:新大久保駅|feature:24h,
RHYTHM STEP (幼児ダンス、キッズヒップホップダンス、レンタル),"1番地4, １丁目 緑が丘西 八千代市 千葉県 266-0046",,https://rhythmstep.amebaownd.com/,047-450-2850,"2024-02-29 木曜日 9時00分～22時30分
2024-03-01 金曜日 9時00分～22時30分
2024-03-02 土曜日 9時00分～22時30分
2024-03-03 日曜日 9時00分～22時30分
2024-03-04 月曜日 9時00分～22時30分
2024-03-05 火曜日 9時00分～22時30分
2024-03-06 水曜日 9時00分～22時30分
",1,35.7277257,140.0708058,東京,なし,,,0,その他,その他,その他,feature:24h,
リアン 高田馬場スタジオ道順,〒171-0033 東京都豊島区高田３丁目２７?１ CLK高田ビル,,http://2nd-street.biz/,,,1,35.7156628,139.7071592,東京,高田馬場駅,484,高田馬場駅,1,豊島区,池袋,池袋|目白|大塚|巣鴨,area:池袋|station:高田馬場駅,
レンタルスタジオSunny高田馬場2号店,〒169-0075 東京都高田馬場１丁目３４?２ 千葉ビル 1F,,https://11dance.com/,,"2024-02-29 木曜日 9時00分～0時00分
2024-03-01 金曜日 9時00分～0時00分
2024-03-02 土曜日 9時00分～0時00分
2024-03-03 日曜日 9時00分～0時00分
2024-03-04 月曜日 9時00分～0時00分
2024-03-05 火曜日 9時00分～0時00分
2024-03-06 水曜日 9時00分～0時00分
",1,35.7117372,139.7038845,東京,高田馬場駅,62,高田馬場駅,1,東京都,東京,東京,area:東京|station:高田馬場駅|feature:24h,
Rinky Dink Studio お茶の水 神保町店,〒101-0051 東京都千代田区 アイピー第1ビル 6F・7F・8F 神田神保町1-2-12,,https://rinky.info/studio/ochanomizu/,03-3294-6909,"2024-02-29 木曜日 9時00分～23時00分
2024-03-01 金曜日 9時00分～23時00分
2024-03-02 土曜日 9時00分～23時00分
2024-03-03 日曜日 9時00分～23時00分
2024-03-04 月曜日 9時00分～23時00分
2024-03-05 火曜日 9時00分～23時00分
2024-03-06 水曜日 9時00分～23時00分
",1,35.6962142,139.7601566,東京,なし,,,0,千代田区,秋葉原,秋葉原,area:秋葉原|feature:24h,
Rinky Dink Studio 中野店,〒164-0001 東京都中野区中野２丁目２５?２ トビタビル ２階,,https://rinky.info/studio/nakano/,03-5385-0354,"2024-02-29 木曜日 24 時間営業
2024-03-01 金曜日 24 時間営業
2024-03-02 土曜日 24 時間営業
2024-03-03 日曜日 24 時間営業
2024-03-04 月曜日 24 時間営業
2024-03-05 火曜日 24 時間営業
2024-03-06 水曜日 24 時間営業
",1,35.7046022,139.6661954,東京,中野駅,133,中野駅,1,中野区,中野,中野,area:中野|station:中野駅|feature:24h,
Rinky Dink Studio 梅ヶ丘,〒154-0022 東京都世田谷区梅丘１丁目２１?７ ３階～４階 梅丘駅前ビル,,https://rinky.info/studio/umegaoka/,03-3420-3721,"2024-02-29 木曜日 24 時間営業
2024-03-01 金曜日 24 時間営業
2024-03-02 土曜日 24 時間営業
2024-03-03 日曜日 24 時間営業
2024-03-04 月曜日 24 時間営業
2024-03-05 火曜日 24 時間営業
2024-03-06 水曜日 24 時間営業
",1,35.6556283,139.6537582,東京,なし,,,0,世田谷区,下北沢,下北沢|三軒茶屋|二子玉川|自由が丘,area:下北沢|feature:24h,
ヨガスタジオ Peace of Mind,〒162-0041 東京都新宿区早稲田鶴巻町５４６ 新滝沢ビル 4階,,http://www.peaceofmind.tokyo/,,,1,35.7068242,139.7276969,東京,なし,,,0,新宿区,新宿,新宿|西新宿|高田馬場|新大久保,area:新宿,
Risley八王子店,〒192-0085 東京都八王子市中町７?１１ 福島ビル B1,,https://hachioji-risley.space/,090-6689-2537,"LGBTQ フレンドリー2024-02-29 木曜日 24 時間営業
2024-03-01 金曜日 24 時間営業
2024-03-02 土曜日 24 時間営業
2024-03-03 日曜日 24 時間営業
2024-03-04 月曜日 24 時間営業
2024-03-05 火曜日 24 時間営業
2024-03-06 水曜日 24 時間営業
",1,35.6583642,139.3359866,東京,八王子駅,402,八王子駅,1,八王子市,八王子,八王子,area:八王子|station:八王子駅|feature:24h,
ROJIスタジオStudioStyle+,〒160-0023 東京都新宿区西新宿７丁目１５?１４,,https://studiostyle.jp/roji-studio-b/,090-8306-7493,"2024-02-29 木曜日 24 時間営業
2024-03-01 金曜日 24 時間営業
2024-03-02 土曜日 24 時間営業
2024-03-03 日曜日 24 時間営業
2024-03-04 月曜日 24 時間営業
2024-03-05 火曜日 24 時間営業
2024-03-06 水曜日 24 時間営業",1,35.6953598,139.6977026,東京,西武新宿駅,265,西武新宿駅|新宿駅|新大久保駅,3,新宿区,新宿,新宿|西新宿|高田馬場|新大久保,area:新宿|station:西武新宿駅|station:新宿駅|station:新大久保駅|feature:24h,
RSC MASAMI STUDIO,〒130-0013 東京都墨田区錦糸３丁目１１?１ 興和2ビル 6F,,http://www.masamistudio.com/,03-3621-8648,,1,35.6991838,139.8134456,東京,錦糸町駅,283,錦糸町駅,1,墨田区,錦糸町,錦糸町,area:錦糸町|station:錦糸町駅,
Ryo Dance Studio,"〒196-0015 東京都昭島市昭和町２丁目２?番, 16号, 4F",,http://dancer-ryo.com/,0428-23-8472,,1,35.7127156,139.3620482,東京,なし,,,0,東京都,東京,東京,area:東京,
S.O.L.A.studio&bodyworks,〒439-0037 静岡県菊川市西方１２９４?１,,http://www.sola-studio.com/,0537-64-6300,"2024-02-29 木曜日 10時00分～21時00分
2024-03-01 金曜日 10時00分～21時00分
2024-03-02 土曜日 10時00分～21時00分
2024-03-03 日曜日 10時00分～21時00分
2024-03-04 月曜日 10時00分～21時00分
2024-03-05 火曜日 10時00分～21時00分
2024-03-06 水曜日 10時00分～21時00分
",1,34.7608694,138.0779099,東京,なし,,,0,その他,その他,その他,feature:24h,
BUZZ 高田馬場2丁目,〒169-0075 東京都新宿区高田馬場２丁目１０?１０ ミナエビル,,https://buzz-st.com/takadanobaba2,,,1,35.7133813,139.7081004,東京,高田馬場駅,408,高田馬場駅,1,新宿区,新宿,新宿|西新宿|高田馬場|新大久保,area:新宿|station:高田馬場駅,
Sanitas（サニタス）六本木 貸切ジム＆ピラティス/ヨガスタジオ,〒106-0032 東京都港区六本木３丁目６?８ 2F・3F 谷川ビル,,https://sanitas-gym.jp/,03-5791-5252,"オーナーが女性と確認されたビジネス2024-02-29 木曜日 24 時間営業
2024-03-01 金曜日 24 時間営業
2024-03-02 土曜日 24 時間営業
2024-03-03 日曜日 24 時間営業
2024-03-04 月曜日 24 時間営業
2024-03-05 火曜日 24 時間営業
2024-03-06 水曜日 24 時間営業
",1,35.6633359,139.7363119,東京,六本木駅,453,六本木駅|麻布十番駅|赤坂駅,3,港区,六本木,六本木|赤坂|麻布|新橋,area:六本木|station:六本木駅|station:麻布十番駅|station:赤坂駅|feature:24h,
SATOトータルダンススクール,〒120-0034 東京都足立区千住１丁目２４?６ 第２立川ビル6階,,https://satototaldance.com/,03-6806-2434,"2024-02-29 木曜日 12時00分～22時00分
2024-03-01 金曜日 12時00分～22時00分
2024-03-02 土曜日 12時00分～22時00分
2024-03-03 日曜日 定休日
2024-03-04 月曜日 12時00分～22時00分
2024-03-05 火曜日 12時00分～22時00分
2024-03-06 水曜日 12時00分～22時00分
",1,35.7471915,139.8016773,東京,北千住駅,433,北千住駅,1,足立区,北千住,北千住,area:北千住|station:北千住駅|feature:24h,
ＳＧ ＳＴＵＤＩＯ,〒166-0012 東京都杉並区和田１丁目１?１３ Ｂ１ 入り口は川沿い,,https://www.izsound.jp/SG/index.html,03-3229-7790,"オーナーが女性と確認されたビジネス2024-02-29 木曜日 12時00分～21時00分
2024-03-01 金曜日 12時00分～21時00分
2024-03-02 土曜日 定休日
2024-03-03 日曜日 定休日
2024-03-04 月曜日 12時00分～21時00分
2024-03-05 火曜日 12時00分～21時00分
2024-03-06 水曜日 12時00分～21時00分
",1,35.6904338,139.6660926,東京,なし,,,0,杉並区,高円寺,高円寺,area:高円寺|feature:24h,
SHAKE DANCE STUDIO 橋本校,〒252-0144 神奈川県相模原市緑区東橋本１丁目２４?２０ Ｓ．Ｇ－ＢＬＤ２,,http://www.studio-shake.com/,042-703-1809,"2024-02-29 木曜日 17時50分～22時55分
2024-03-01 金曜日 17時00分～22時55分
2024-03-02 土曜日 11時10分～22時55分
2024-03-03 日曜日 11時15分～14時45分
2024-03-04 月曜日 17時50分～22時55分
2024-03-05 火曜日 13時00分～22時55分
2024-03-06 水曜日 17時40分～21時35分
",1,35.5939076,139.3503858,東京,なし,,,0,その他,その他,その他,feature:24h,
SHAKE DANCE STUDIO 八王子校,〒192-0081 東京都八王子市横山町５?１４ ｗｉｌｌＤｏ八王子,,http://www.studio-shake.com/,042-649-8828,"2024-02-29 木曜日 17時30分～22時55分
2024-03-01 金曜日 15時35分～22時55分
2024-03-02 土曜日 10時15分～22時55分
2024-03-03 日曜日 14時05分～22時15分
2024-03-04 月曜日 16時50分～21時35分
2024-03-05 火曜日 16時40分～22時55分
2024-03-06 水曜日 16時50分～22時55分
",1,35.6592581,139.338311,東京,八王子駅,405,八王子駅,1,八王子市,八王子,八王子,area:八王子|station:八王子駅|feature:24h,
BUZZ レンタルスタジオ 西国分寺店,〒185-0024 東京都国分寺市泉町３丁目３７?２５ 天龍ビル B1,https://dance-studio-lab.com/room/ZDcyMzBmZWYtMzdiYS00YjY0LThmOGEtZDJjMzQxNTVlZDA2/detail,https://buzz-st.com/nishikokubunji/,,"2024-02-29 木曜日 24 時間営業
2024-03-01 金曜日 24 時間営業
2024-03-02 土曜日 24 時間営業
2024-03-03 日曜日 24 時間営業
2024-03-04 月曜日 24 時間営業
2024-03-05 火曜日 24 時間営業
2024-03-06 水曜日 24 時間営業
",1,35.6994117,139.4645359,東京,なし,,,0,国分寺市,国分寺,国分寺,area:国分寺|feature:24h,
レンタルスタジオ 国立リノ,〒186-0002 東京都国立市東１丁目15?22 4 国立サニービル 階C号室,,http://kunitachi-lino.linovery.com/,,"2024-02-29 木曜日 24 時間営業
2024-03-01 金曜日 24 時間営業
2024-03-02 土曜日 24 時間営業
2024-03-03 日曜日 24 時間営業
2024-03-04 月曜日 24 時間営業
2024-03-05 火曜日 24 時間営業
2024-03-06 水曜日 24 時間営業
",1,35.6974509,139.4479104,東京,なし,,,0,国立市,国立,国立,area:国立|feature:24h,
エコール・ド・バレエ・エタンセル,〒186-0002 東京都国立市東１丁目15?２２ 国立サニービル 4F B号室,,https://etincelle-ballet.com/,,,1,35.6974509,139.4479104,東京,なし,,,0,国立市,国立,国立,area:国立,
STUDIO CHACHA,〒187-0035 東京都小平市小川西町４丁目１４?２２,,https://jco1b.hp.peraichi.com/,,,1,35.7365249,139.4627654,東京,なし,,,0,小平市,小平,小平,area:小平,
SIM STUDIO 西新井,〒123-0872 東京都足立区江北７丁目２７?６ ＩＥＰＪＡＰＡＮ,,https://www.sim-nishiarai.com/,0120-154-646,"2024-02-29 木曜日 10時00分～18時00分
2024-03-01 金曜日 10時00分～18時00分
2024-03-02 土曜日 定休日
2024-03-03 日曜日 定休日
2024-03-04 月曜日 10時00分～18時00分
2024-03-05 火曜日 10時00分～18時00分
2024-03-06 水曜日 10時00分～18時00分
",1,35.7826944,139.7647025,東京,なし,,,0,足立区,北千住,北千住,area:北千住|feature:24h,
SIM STUDIOお台場,〒135-0062 東京都江東区東雲２丁目１４?３５,,https://www.sim-odaiba.com/,0120-154-646,"2024-02-29 木曜日 10時00分～18時00分
2024-03-01 金曜日 10時00分～18時00分
2024-03-02 土曜日 定休日
2024-03-03 日曜日 定休日
2024-03-04 月曜日 10時00分～18時00分
2024-03-05 火曜日 10時00分～18時00分
2024-03-06 水曜日 10時00分～18時00分
",1,35.6376904,139.7996849,東京,なし,,,0,江東区,豊洲,豊洲,area:豊洲|feature:24h,
SK,〒192-0902 東京都八王子市上野町１７?５,,http://www.sk-dancestudio.com/,042-625-2245,,1,35.6550585,139.3286772,東京,八王子駅,927,八王子駅,1,八王子市,八王子,八王子,area:八王子|station:八王子駅,
カルチャースタジオ花,〒187-0003 東京都小平市花小金井南町１丁目１４?２４,,https://www.kodaira-net.jp/kd1134338/,,,1,35.722969,139.5125733,東京,なし,,,0,小平市,小平,小平,area:小平,
SK.DANCE STUDIO 赤羽 チアダンススタジオ,〒115-0044 東京都北区赤羽南１丁目３?１ 高橋ビル 1F,,https://sk-dancestudio.themedia.jp/,080-3211-4682,,1,35.7761011,139.7228473,東京,赤羽駅,283,赤羽駅,1,北区,赤羽,赤羽,area:赤羽|station:赤羽駅,
SKYレンタルダンススタジオ,〒530-0028 大阪府大阪市北区万歳町３?４１ ホワイトコーポラス 104,,https://nakazakicho.skyspace.jp/,070-9096-7478,"オーナーが女性と確認されたビジネス2024-02-29 木曜日 6時00分～0時00分
2024-03-01 金曜日 6時00分～0時00分
2024-03-02 土曜日 6時00分～0時00分
2024-03-03 日曜日 6時00分～0時00分
2024-03-04 月曜日 6時00分～0時00分
2024-03-05 火曜日 6時00分～0時00分
2024-03-06 水曜日 6時00分～0時00分
",1,34.7049449,135.5046771,東京,なし,,,0,北区,赤羽,赤羽,area:赤羽|feature:24h,
SORAスタジオ3,〒131-0045 東京都墨田区押上１丁目２９?２ 3,,https://os-rental.com/,03-6284-1723,"2024-02-29 木曜日 8時00分～21時00分
2024-03-01 金曜日 8時00分～21時00分
2024-03-02 土曜日 8時00分～21時00分
2024-03-03 日曜日 8時00分～21時00分
2024-03-04 月曜日 8時00分～21時00分
2024-03-05 火曜日 8時00分～21時00分
2024-03-06 水曜日 8時00分～21時00分
",1,35.7108706,139.8157816,東京,押上駅,468,押上駅,1,墨田区,錦糸町,錦糸町,area:錦糸町|station:押上駅|feature:24h,
BUZZ レンタルスタジオ 国分寺店,〒185-0021 東京都国分寺市南町３丁目２７?７ 白馬ビル B1F,https://dance-studio-lab.com/room/ZjIzMWQ0ZjctM2ViOC00Yzg1LWExMzMtMGFkZDYwYzg1Mjhj/detail,https://buzz-st.com/kokubunji/,,"2024-02-29 木曜日 24 時間営業
2024-03-01 金曜日 24 時間営業
2024-03-02 土曜日 24 時間営業
2024-03-03 日曜日 24 時間営業
2024-03-04 月曜日 24 時間営業
2024-03-05 火曜日 24 時間営業
2024-03-06 水曜日 24 時間営業
",1,35.6993202,139.4774643,東京,国分寺駅,334,国分寺駅,1,国分寺市,国分寺,国分寺,area:国分寺|station:国分寺駅|feature:24h,
レンタルスタジオクラッセ国分寺,〒185-0021 東京都国分寺市南町３丁目１８?２ 川端ビル ４階A,,https://studio-classe.jp/,,"LGBTQ フレンドリー2024-02-29 木曜日 8時00分～23時00分
2024-03-01 金曜日 8時00分～23時00分
2024-03-02 土曜日 8時00分～23時00分
2024-03-03 日曜日 8時00分～23時00分
2024-03-04 月曜日 8時00分～23時00分
2024-03-05 火曜日 8時00分～23時00分
2024-03-06 水曜日 8時00分～23時00分
",1,35.6991526,139.4798615,東京,国分寺駅,179,国分寺駅,1,国分寺市,国分寺,国分寺,area:国分寺|station:国分寺駅|feature:24h,
sound studio PACKS 北千住店,〒120-0034 東京都足立区千住３丁目３３ そのうビル ４Ｆ,,http://studio-packs.jp/,03-6806-2878,"2024-02-29 木曜日 24 時間営業
2024-03-01 金曜日 24 時間営業
2024-03-02 土曜日 24 時間営業
2024-03-03 日曜日 24 時間営業
2024-03-04 月曜日 24 時間営業
2024-03-05 火曜日 24 時間営業
2024-03-06 水曜日 24 時間営業
",1,35.7506026,139.8028458,東京,北千住駅,208,北千住駅,1,足立区,北千住,北千住,area:北千住|station:北千住駅|feature:24h,
SOUTH MINT STUDIO 南青山,〒107-0062 東京都港区南青山２丁目２７?２０ B1F,,https://southmint.jp/,03-6434-9311,"LGBTQ フレンドリー2024-02-29 木曜日 24 時間営業
2024-03-01 金曜日 24 時間営業
2024-03-02 土曜日 24 時間営業
2024-03-03 日曜日 24 時間営業
2024-03-04 月曜日 24 時間営業
2024-03-05 火曜日 24 時間営業
2024-03-06 水曜日 24 時間営業
",1,35.6689556,139.7164297,東京,外苑前駅,167,外苑前駅|表参道駅|青山一丁目駅,3,港区,六本木,六本木|赤坂|麻布|新橋,area:六本木|station:外苑前駅|station:表参道駅|station:青山一丁目駅|feature:24h,
SoyLatte STUDIO,〒141-0031 東京都品川区西五反田２丁目１７?８ 管野ビル ３F,,https://soylatte-studio.net/,090-9363-8415,"2024-02-29 木曜日 10時00分～22時00分
2024-03-01 金曜日 10時00分～22時00分
2024-03-02 土曜日 10時00分～22時00分
2024-03-03 日曜日 10時00分～22時00分
2024-03-04 月曜日 10時00分～22時00分
2024-03-05 火曜日 10時00分～22時00分
2024-03-06 水曜日 10時00分～22時00分
",1,35.6262797,139.7212037,東京,五反田駅,203,五反田駅|目黒駅|大崎駅,3,品川区,品川,品川|五反田|大井町|目黒,area:品川|station:五反田駅|station:目黒駅|station:大崎駅|feature:24h,
SPACE BUNNY,〒289-1123 千葉県八街市滝台１１８３?１,,http://asaka-dc.com/,043-440-5554,"2024-02-29 木曜日 9時00分～21時00分
2024-03-01 金曜日 9時00分～21時00分
2024-03-02 土曜日 9時00分～21時00分
2024-03-03 日曜日 9時00分～21時00分
2024-03-04 月曜日 9時00分～21時00分
2024-03-05 火曜日 9時00分～21時00分
2024-03-06 水曜日 9時00分～21時00分
",1,35.5919165,140.3064798,東京,なし,,,0,その他,その他,その他,feature:24h,
SPROUT DANCE STUDIO 梅田店,〒530-0026 大阪府大阪市北区神山町１?１５ ＴＲＵＳＴ ＢＵＩＬＤＩＮＧ 1 階,,https://www.sprout-dance.com/,06-6365-6288,"2024-02-29 木曜日 24 時間営業
2024-03-01 金曜日 24 時間営業
2024-03-02 土曜日 24 時間営業
2024-03-03 日曜日 24 時間営業
2024-03-04 月曜日 24 時間営業
2024-03-05 火曜日 24 時間営業
2024-03-06 水曜日 24 時間営業
",1,34.7028747,135.5063205,東京,なし,,,0,北区,赤羽,赤羽,area:赤羽|feature:24h,
sr pilates studio 代々木公園,〒151-0063 東京都渋谷区富ケ谷１丁目１６?３ 富ヶ谷ハイツ 303,,https://coubic.com/srpilates/613653,03-5572-7552,"2024-02-29 木曜日 6時00分～0時00分
2024-03-01 金曜日 6時00分～0時00分
2024-03-02 土曜日 6時00分～0時00分
2024-03-03 日曜日 6時00分～0時00分
2024-03-04 月曜日 6時00分～0時00分
2024-03-05 火曜日 6時00分～0時00分
2024-03-06 水曜日 6時00分～0時00分
",1,35.6664319,139.6927527,東京,原宿駅,989,原宿駅,1,渋谷区,渋谷,渋谷|恵比寿|代官山|原宿,area:渋谷|station:原宿駅|feature:24h,
Starnite Dance Studio,〒260-0013 千葉県千葉市中央区中央３丁目４?１７ Gaビル 3F,,https://www.starnite-danceschool.com/,043-224-6160,"2024-02-29 木曜日 12時00分～19時00分
2024-03-01 金曜日 12時00分～19時00分
2024-03-02 土曜日 12時00分～19時00分
2024-03-03 日曜日 12時00分～19時00分
2024-03-04 月曜日 12時00分～19時00分
2024-03-05 火曜日 12時00分～19時00分
2024-03-06 水曜日 12時00分～19時00分
",1,35.6089529,140.1218597,東京,なし,,,0,中央区,銀座,銀座|日本橋|八丁堀|月島,area:銀座|feature:24h,
STRADA STUDIO,〒179-0071 東京都練馬区旭町１丁目８?１ ３F,,https://stradastudio1.wixsite.com/strada,080-4936-3660,"オーナーが女性と確認されたビジネス2024-02-29 木曜日 9時00分～23時30分
2024-03-01 金曜日 9時00分～23時30分
2024-03-02 土曜日 24 時間営業
2024-03-03 日曜日 24 時間営業
2024-03-04 月曜日 9時00分～23時30分
2024-03-05 火曜日 9時00分～23時30分
2024-03-06 水曜日 9時00分～23時30分
",1,35.7620304,139.6202895,東京,なし,,,0,練馬区,練馬,練馬,area:練馬|feature:24h,
studio ∞ Fi (スタジオ フィー),〒214-0022 神奈川県川崎市多摩区堰２丁目４?６,,https://www.studio-fi-dance.com/,070-1576-7272,"2024-02-29 木曜日 9時00分～22時00分
2024-03-01 金曜日 9時00分～22時00分
2024-03-02 土曜日 9時00分～22時00分
2024-03-03 日曜日 9時00分～22時00分
2024-03-04 月曜日 9時00分～22時00分
2024-03-05 火曜日 9時00分～22時00分
2024-03-06 水曜日 9時00分～22時00分
",1,35.6139634,139.5923272,東京,なし,,,0,その他,その他,その他,feature:24h,
25 DANCE SPOT(ニコスポ),〒213-0002 神奈川県川崎市高津区二子４丁目８?２１ プリモクラッセ高津 B1階,,https://nimonoinc.com/25dancespot,,"2024-02-29 木曜日 定休日
2024-03-01 金曜日 17時00分～20時30分
2024-03-02 土曜日 14時00分～16時00分
2024-03-03 日曜日 定休日
2024-03-04 月曜日 定休日
2024-03-05 火曜日 定休日
2024-03-06 水曜日 定休日
",1,35.6028194,139.6191275,東京,なし,,,0,その他,その他,その他,feature:24h,
studio 001,〒115-0055 東京都北区２３ 東京都北区 赤羽西3-23-1 001,,http://studionavi.jp/sites/detail_contact/128,090-2627-9751,"2024-02-29 木曜日 9時00分～22時00分
2024-03-01 金曜日 9時00分～22時00分
2024-03-02 土曜日 9時00分～22時00分
2024-03-03 日曜日 9時00分～22時00分
2024-03-04 月曜日 9時00分～22時00分
2024-03-05 火曜日 9時00分～22時00分
2024-03-06 水曜日 9時00分～22時00分
",1,35.7693285,139.7178456,東京,赤羽駅,901,赤羽駅,1,北区,赤羽,赤羽,area:赤羽|station:赤羽駅|feature:24h,
studio arty 高田馬場,〒169-0075 東京都新宿区高田馬場３丁目５?３ 第90東京ビル ２F,,https://studio-arty.com/,080-1252-3188,"LGBTQ フレンドリー2024-02-29 木曜日 24 時間営業
2024-03-01 金曜日 24 時間営業
2024-03-02 土曜日 24 時間営業
2024-03-03 日曜日 24 時間営業
2024-03-04 月曜日 24 時間営業
2024-03-05 火曜日 24 時間営業
2024-03-06 水曜日 24 時間営業
",1,35.7146558,139.7031305,東京,高田馬場駅,270,高田馬場駅,1,新宿区,新宿,新宿|西新宿|高田馬場|新大久保,area:新宿|station:高田馬場駅|feature:24h,
Studio B,〒153-0041 東京都目黒区駒場３丁目５?６,,http://www.photo-studiob.com/,03-6407-9915,"2024-02-29 木曜日 9時00分～20時00分
2024-03-01 金曜日 9時00分～20時00分
2024-03-02 土曜日 9時00分～20時00分
2024-03-03 日曜日 9時00分～20時00分
2024-03-04 月曜日 9時00分～20時00分
2024-03-05 火曜日 9時00分～20時00分
2024-03-06 水曜日 9時00分～20時00分
",1,35.6575683,139.6880549,東京,池尻大橋駅,859,池尻大橋駅,1,目黒区,中目黒,中目黒,area:中目黒|station:池尻大橋駅|feature:24h,
Studio ballet with...,〒104-0041 東京都中央区新富１丁目３?１６ 第２アサヒビル １階,,https://balletwithyou.com/,070-3786-8505,,1,35.6734502,139.7731853,東京,有楽町駅,908,有楽町駅|東京駅,2,中央区,銀座,銀座|日本橋|八丁堀|月島,area:銀座|station:有楽町駅|station:東京駅,
Studio BLANZ,〒170-0011 東京都豊島区池袋本町４丁目４５?１ 1F&B1F 芙蓉ビル,,http://studioblanz.wix.com/blanz,070-6477-9409,,1,35.7448397,139.7172923,東京,なし,,,0,豊島区,池袋,池袋|目白|大塚|巣鴨,area:池袋,
STUDIO BUZZ 相模原校,〒252-0239 神奈川県相模原市中央区中央５丁目１?２ ベルドールコート B1,,http://buzz-st.com/sagamihara/,042-851-3015,"2024-02-29 木曜日 15時30分～21時00分
2024-03-01 金曜日 16時00分～21時00分
2024-03-02 土曜日 13時00分～21時00分
2024-03-03 日曜日 定休日
2024-03-04 月曜日 16時00分～22時00分
2024-03-05 火曜日 17時00分～21時00分
2024-03-06 水曜日 17時00分～21時00分
",1,35.5722333,139.3649172,東京,なし,,,0,中央区,銀座,銀座|日本橋|八丁堀|月島,area:銀座|feature:24h,
桜新町studio,〒154-0015 東京都世田谷区桜新町１丁目３３?１３,,https://www.instabase.jp/space/2094,,,1,35.6275974,139.6433963,東京,なし,,,0,世田谷区,下北沢,下北沢|三軒茶屋|二子玉川|自由が丘,area:下北沢,
レンタルスタジオマイレッスン 三軒茶屋店,〒154-0024 東京都世田谷区三軒茶屋１丁目３０?９,,http://www.my-lesson.jp/,,"2024-02-29 木曜日 24 時間営業
2024-03-01 金曜日 24 時間営業
2024-03-02 土曜日 24 時間営業
2024-03-03 日曜日 24 時間営業
2024-03-04 月曜日 24 時間営業
2024-03-05 火曜日 24 時間営業
2024-03-06 水曜日 24 時間営業
",1,35.6416397,139.6697835,東京,三軒茶屋駅,235,三軒茶屋駅,1,世田谷区,下北沢,下北沢|三軒茶屋|二子玉川|自由が丘,area:下北沢|station:三軒茶屋駅|feature:24h,
STUDIO COCORO（スタジオココロ）- 新宿代々木のレンタルスペース&ダンススタジオ - 数々のイベントやメディアに出演,〒151-0053 東京都渋谷区代々木３丁目９?１１,,http://studio-cocoro.tokyo/,080-7632-2020,"2024-02-29 木曜日 24 時間営業
2024-03-01 金曜日 24 時間営業
2024-03-02 土曜日 24 時間営業
2024-03-03 日曜日 24 時間営業
2024-03-04 月曜日 24 時間営業
2024-03-05 火曜日 24 時間営業
2024-03-06 水曜日 24 時間営業",1,35.6838781,139.6960234,東京,代々木駅,551,代々木駅|新宿駅,2,渋谷区,渋谷,渋谷|恵比寿|代官山|原宿,area:渋谷|station:代々木駅|station:新宿駅|feature:24h,
レンタルスタジオKACHA,〒158-0097 東京都世田谷区用賀２丁目３８?１４ 天虎ビル 202,,,,"2024-02-29 木曜日 9時00分～22時00分
2024-03-01 金曜日 9時00分～22時00分
2024-03-02 土曜日 9時00分～22時00分
2024-03-03 日曜日 9時00分～22時00分
2024-03-04 月曜日 9時00分～22時00分
2024-03-05 火曜日 9時00分～22時00分
2024-03-06 水曜日 9時00分～22時00分
",1,35.626978,139.6350277,東京,なし,,,0,世田谷区,下北沢,下北沢|三軒茶屋|二子玉川|自由が丘,area:下北沢|feature:24h,
duobus studio｜デュオバススタジオ,〒190-0001 東京都立川市高松町２丁目１７?３ 清水ビル 302,,https://duobus.jp/studiorental/,,"2024-02-29 木曜日 24 時間営業
2024-03-01 金曜日 24 時間営業
2024-03-02 土曜日 24 時間営業
2024-03-03 日曜日 24 時間営業
2024-03-04 月曜日 24 時間営業
2024-03-05 火曜日 24 時間営業
2024-03-06 水曜日 24 時間営業
",1,35.7069871,139.4217688,東京,なし,,,0,立川市,立川,立川,area:立川|feature:24h,
Studio Crucial スタジオ クルーシャル,〒202-0014 東京都西東京市富士町４丁目１７?６ B1,,https://studio-crucial.com/,050-5362-6010,"2024-02-29 木曜日 24 時間営業
2024-03-01 金曜日 24 時間営業
2024-03-02 土曜日 24 時間営業
2024-03-03 日曜日 24 時間営業
2024-03-04 月曜日 24 時間営業
2024-03-05 火曜日 24 時間営業
2024-03-06 水曜日 24 時間営業
",1,35.7292085,139.5651409,東京,なし,,,0,西東京市,ひばりヶ丘,ひばりヶ丘,area:ひばりヶ丘|feature:24h,
STUDIO DANCE ALIVE 河原町本校,〒600-8029 京都府京都市下京区西橋詰町７６２ 7F,,http://www.dance-alive.com/,075-361-3311,"2024-02-29 木曜日 12時00分～21時30分
2024-03-01 金曜日 13時30分～22時30分
2024-03-02 土曜日 10時00分～16時30分
2024-03-03 日曜日 定休日
2024-03-04 月曜日 15時30分～21時30分
2024-03-05 火曜日 10時30分～21時30分
2024-03-06 水曜日 13時00分～21時30分
",1,34.9970382,135.7671031,東京,なし,,,0,その他,その他,その他,feature:24h,
Studio EFU（スタジオ エフ）,〒185-0012 東京都国分寺市本町２丁目２?１１ 鳥越ビル Ｂ１,,http://www.studio-efu.com/,042-323-8066,"2024-02-29 木曜日 11時00分～22時00分
2024-03-01 金曜日 11時00分～22時00分
2024-03-02 土曜日 11時00分～22時00分
2024-03-03 日曜日 11時00分～22時00分
2024-03-04 月曜日 11時00分～22時00分
2024-03-05 火曜日 11時00分～22時00分
2024-03-06 水曜日 11時00分～22時00分
",1,35.7008218,139.4821706,東京,国分寺駅,124,国分寺駅,1,国分寺市,国分寺,国分寺,area:国分寺|station:国分寺駅|feature:24h,
STUDIO ELEVATE スタジオエレベート,〒154-0024 東京都世田谷区三軒茶屋２丁目１１?２４ サンタワーズＡ 棟401,,https://studioelevate.amebaownd.com/,070-8478-3872,"2024-02-29 木曜日 9時00分～20時00分
2024-03-01 金曜日 9時00分～20時00分
2024-03-02 土曜日 9時00分～20時00分
2024-03-03 日曜日 9時00分～20時00分
2024-03-04 月曜日 9時00分～20時00分
2024-03-05 火曜日 9時00分～20時00分
2024-03-06 水曜日 9時00分～20時00分
",1,35.6413885,139.6688466,東京,三軒茶屋駅,265,三軒茶屋駅,1,世田谷区,下北沢,下北沢|三軒茶屋|二子玉川|自由が丘,area:下北沢|station:三軒茶屋駅|feature:24h,
STUDIO ENOCH,〒183-0014 東京都府中市是政５丁目6?6 104,,https://studio-enoch.jp/,070-2832-1221,"2024-02-29 木曜日 10時00分～21時00分
2024-03-01 金曜日 10時00分～21時00分
2024-03-02 土曜日 10時00分～21時00分
2024-03-03 日曜日 10時00分～21時00分
2024-03-04 月曜日 10時00分～21時00分
2024-03-05 火曜日 10時00分～21時00分
2024-03-06 水曜日 10時00分～21時00分
",1,35.6566481,139.4891071,東京,なし,,,0,府中市,府中,府中,area:府中|feature:24h,
Studio ENTRADA森下ANNEX,〒130-0024 東京都墨田区菊川１丁目９?１４ ４F,,https://www.studio-entrada.com/,080-5057-5963,"2024-02-29 木曜日 9時00分～22時00分
2024-03-01 金曜日 9時00分～22時00分
2024-03-02 土曜日 9時00分～22時00分
2024-03-03 日曜日 9時00分～22時00分
2024-03-04 月曜日 9時00分～22時00分
2024-03-05 火曜日 9時00分～22時00分
2024-03-06 水曜日 9時00分～22時00分
",1,35.6884262,139.8024452,東京,なし,,,0,墨田区,錦糸町,錦糸町,area:錦糸町|feature:24h,
Studio Face東十条店 ダンスも会議もできるレンタルスタジオ,〒114-0001 東京都北区東十条３丁目１４?１３ ジョイフルプラザ３ 3階,,https://studioface0712.com/,090-2740-0781,"2024-02-29 木曜日 24 時間営業
2024-03-01 金曜日 24 時間営業
2024-03-02 土曜日 24 時間営業
2024-03-03 日曜日 24 時間営業
2024-03-04 月曜日 24 時間営業
2024-03-05 火曜日 24 時間営業
2024-03-06 水曜日 24 時間営業
",1,35.7664997,139.7295046,東京,なし,,,0,北区,赤羽,赤羽,area:赤羽|feature:24h,
Studio Faith（スタジオフェイス）浦安校,〒279-0001 千葉県浦安市当代島１丁目１７?１９ 第2岡清ビル 5F,,http://www.s-faith.com/urayasu/,047-352-5747,"2024-02-29 木曜日 16時00分～23時30分
2024-03-01 金曜日 16時00分～23時30分
2024-03-02 土曜日 11時00分～23時30分
2024-03-03 日曜日 11時00分～23時30分
2024-03-04 月曜日 16時00分～23時30分
2024-03-05 火曜日 16時00分～23時30分
2024-03-06 水曜日 16時00分～23時30分
",1,35.6654239,139.8910853,東京,なし,,,0,その他,その他,その他,feature:24h,
SISTERS TOKYO 立川校 【ダンススクール】,〒190-0023 東京都立川市柴崎町２丁目６?３ マイレッスン立川 Dスタジオ まるごビル 地下1階,,https://sisters-t.com/,,"2024-02-29 木曜日 9時30分～0時00分
2024-03-01 金曜日 10時00分～0時00分
2024-03-02 土曜日 9時00分～0時00分
2024-03-03 日曜日 10時00分～0時00分
2024-03-04 月曜日 10時00分～0時00分
2024-03-05 火曜日 10時00分～0時00分
2024-03-06 水曜日 10時00分～23時30分
",1,35.6969266,139.4091386,東京,立川駅,410,立川駅,1,立川市,立川,立川,area:立川|station:立川駅|feature:24h,
studio FANTO,〒101-0032 東京都千代田区岩本町３丁目１?９ NOVEL WORK Iwamotocho B1F,,https://www.fanto.studio/,03-3866-8699,,1,35.694628,139.7759711,東京,秋葉原駅,478,秋葉原駅,1,千代田区,秋葉原,秋葉原,area:秋葉原|station:秋葉原駅,
STUDIO FOXTAIL,〒140-0013 東京都品川区南大井２丁目１２?１０ ライオンズマンション大森 1F,,https://28garden-studio.com/studio/foxtail/,080-7896-9973,"2024-02-29 木曜日 24 時間営業
2024-03-01 金曜日 24 時間営業
2024-03-02 土曜日 24 時間営業
2024-03-03 日曜日 24 時間営業
2024-03-04 月曜日 24 時間営業
2024-03-05 火曜日 24 時間営業
2024-03-06 水曜日 24 時間営業
",1,35.5889642,139.7362066,東京,なし,,,0,品川区,品川,品川|五反田|大井町|目黒,area:品川|feature:24h,
studio fusion レンタルスタジオ,〒176-0001 東京都練馬区練馬１丁目２０?３ Nビル 2F,,https://ks-works-fusion-studio-tokyo.com/,03-6914-6546,"2024-02-29 木曜日 9時00分～22時00分
2024-03-01 金曜日 9時00分～22時00分
2024-03-02 土曜日 9時00分～22時00分
2024-03-03 日曜日 9時00分～22時00分
2024-03-04 月曜日 9時00分～22時00分
2024-03-05 火曜日 9時00分～22時00分
2024-03-06 水曜日 9時00分～22時00分
",1,35.7384296,139.6558186,東京,なし,,,0,練馬区,練馬,練馬,area:練馬|feature:24h,
STUDIO GEM GARAGE,〒164-0014 東京都中野区南台３丁目６?１７ 1F/B1F クリスタルコート８８ イマス中野,,http://gemgarage.jp/,03-6382-6985,"2024-02-29 木曜日 9時00分～22時00分
2024-03-01 金曜日 9時00分～22時00分
2024-03-02 土曜日 9時00分～22時00分
2024-03-03 日曜日 9時00分～22時00分
2024-03-04 月曜日 9時00分～22時00分
2024-03-05 火曜日 9時00分～22時00分
2024-03-06 水曜日 9時00分～22時00分
",1,35.6858297,139.668358,東京,なし,,,0,中野区,中野,中野,area:中野|feature:24h,
Studio GENIE(葛飾区お花茶屋ダンススクール),〒125-0063 東京都葛飾区白鳥３丁目１４?４,,https://studio-genie.tokyo/,080-4134-1168,"2024-02-29 木曜日 17時00分～21時00分
2024-03-01 金曜日 17時00分～21時00分
2024-03-02 土曜日 8時00分～21時00分
2024-03-03 日曜日 8時00分～21時00分
2024-03-04 月曜日 17時00分～21時00分
2024-03-05 火曜日 17時00分～21時00分
2024-03-06 水曜日 17時00分～21時00分
",1,35.7516702,139.8427741,東京,なし,,,0,葛飾区,新小岩,新小岩,area:新小岩|feature:24h,
Studio growpoint,〒171-0052 東京都豊島区南長崎１丁目１?１０,,http://www.studiogrowpoint.jp/pages/787702/page_201701061209,,,1,35.7236687,139.6927246,東京,なし,,,0,豊島区,池袋,池袋|目白|大塚|巣鴨,area:池袋,
Studio H,〒150-0013 東京都渋谷区恵比寿２丁目１７?２２,,http://studioh.tokyo/,03-6447-7723,"2024-02-29 木曜日 9時00分～22時00分
2024-03-01 金曜日 9時00分～22時00分
2024-03-02 土曜日 9時00分～22時00分
2024-03-03 日曜日 9時00分～22時00分
2024-03-04 月曜日 9時00分～22時00分
2024-03-05 火曜日 9時00分～22時00分
2024-03-06 水曜日 9時00分～22時00分
",1,35.6473589,139.7188265,東京,恵比寿駅,791,恵比寿駅,1,渋谷区,渋谷,渋谷|恵比寿|代官山|原宿,area:渋谷|station:恵比寿駅|feature:24h,
ヒカリババダンスカンパニー,〒171-0031 東京都豊島区目白２丁目１２?４,,https://hikaribaba.com/,,"2024-02-29 木曜日 16時00分～17時30分
2024-03-01 金曜日 19時00分～20時30分
2024-03-02 土曜日 10時00分～11時30分
2024-03-03 日曜日 定休日
2024-03-04 月曜日 17時00分～20時30分
2024-03-05 火曜日 11時00分～12時30分
2024-03-06 水曜日 19時00分～20時30分
",1,35.721093,139.709392,東京,池袋駅,876,池袋駅|高田馬場駅,2,豊島区,池袋,池袋|目白|大塚|巣鴨,area:池袋|station:池袋駅|station:高田馬場駅|feature:24h,
アトリエ エマーブル,〒158-0097 東京都世田谷区用賀３丁目１８?８ セントラルSOUI103,,https://www.atelieraimable.com/,,"2024-02-29 木曜日 6時00分～23時30分
2024-03-01 金曜日 6時00分～23時30分
2024-03-02 土曜日 6時00分～23時00分
2024-03-03 日曜日 6時00分～23時30分
2024-03-04 月曜日 6時00分～23時30分
2024-03-05 火曜日 6時00分～23時30分
2024-03-06 水曜日 6時00分～23時30分
",1,35.6296603,139.6344972,東京,なし,,,0,世田谷区,下北沢,下北沢|三軒茶屋|二子玉川|自由が丘,area:下北沢|feature:24h,
スタジオグロウ市ヶ谷店,〒162-0846 東京都新宿区市谷左内町２７?１ イマジナビル 地下1階,,https://www.tokyo-dancelife.com/studio/kantou/tokyo/shinjuku/glow_ichigaya.html,,,1,35.6937474,139.7340235,東京,なし,,,0,新宿区,新宿,新宿|西新宿|高田馬場|新大久保,area:新宿,
レンタルスタジオ モエギ市ヶ谷 ヨガダンスストレッチサロン Moegi市ヶ谷,〒102-0073 東京都千代田区九段北４丁目１?１５ MT市ヶ谷 201,,https://upnow.jp/fukufuku-meetingroom,,"2024-02-29 木曜日 9時00分～21時00分
2024-03-01 金曜日 9時00分～21時00分
2024-03-02 土曜日 9時00分～21時00分
2024-03-03 日曜日 9時00分～21時00分
2024-03-04 月曜日 9時00分～21時00分
2024-03-05 火曜日 9時00分～21時00分
2024-03-06 水曜日 9時00分～21時00分
",1,35.6926549,139.7390373,東京,なし,,,0,千代田区,秋葉原,秋葉原,area:秋葉原|feature:24h,
STUDIO KIRINJI,〒446-0032 愛知県安城市御幸本町７?１７ 安城壹番館４階,,http://kirinji.sakura.ne.jp/studio/,0566-72-5040,"2024-02-29 木曜日 10時00分～22時00分
2024-03-01 金曜日 10時00分～22時00分
2024-03-02 土曜日 10時00分～22時00分
2024-03-03 日曜日 10時00分～22時00分
2024-03-04 月曜日 10時00分～22時00分
2024-03-05 火曜日 10時00分～22時00分
2024-03-06 水曜日 10時00分～22時00分
",1,34.9584119,137.0866285,東京,なし,,,0,その他,その他,その他,feature:24h,
sr pilates studio 四谷,〒160-0004 東京都新宿区四谷１丁目１８ 6F,,https://coubic.com/srpilates/479980,,"2024-02-29 木曜日 6時00分～23時30分
2024-03-01 金曜日 6時00分～23時30分
2024-03-02 土曜日 6時00分～23時30分
2024-03-03 日曜日 6時00分～23時30分
2024-03-04 月曜日 6時00分～23時30分
2024-03-05 火曜日 6時00分～23時30分
2024-03-06 水曜日 6時00分～23時30分
",1,35.6862127,139.7275425,東京,なし,,,0,新宿区,新宿,新宿|西新宿|高田馬場|新大久保,area:新宿|feature:24h,
Studio sun and moon,〒160-0004 東京都新宿区四谷４丁目１３?５８,,http://www.sunandmoon.tokyo.jp/index.html,,,1,35.6885395,139.7173717,東京,なし,,,0,新宿区,新宿,新宿|西新宿|高田馬場|新大久保,area:新宿,
STUDIO KYU,〒812-0895 福岡県福岡市博多区竹下４丁目１４?３０ 博多山ビル 2F,,https://select-type.com/p/studio-kyu_0301/,092-409-8387,"2024-02-29 木曜日 9時30分～22時00分
2024-03-01 金曜日 9時30分～22時00分
2024-03-02 土曜日 9時30分～22時00分
2024-03-03 日曜日 9時30分～22時00分
2024-03-04 月曜日 9時30分～22時00分
2024-03-05 火曜日 9時30分～22時00分
2024-03-06 水曜日 9時30分～22時00分
",1,33.5676796,130.4331426,東京,なし,,,0,その他,その他,その他,feature:24h,
Studio Landin' 国分寺校,〒185-0021 東京都国分寺市南町３丁目２２?３１ 島崎ビルB1F,,http://www.namelessproduction.com/,042-322-9494,,1,35.698797,139.479042,東京,国分寺駅,254,国分寺駅,1,国分寺市,国分寺,国分寺,area:国分寺|station:国分寺駅,
Studio Leaf,〒144-0047 東京都大田区萩中１丁目４?１２?３０１,,http://www.studioleaf.co/,090-3815-4340,"2024-02-29 木曜日 17時00分～21時00分
2024-03-01 金曜日 15時00分～22時30分
2024-03-02 土曜日 13時30分～19時30分
2024-03-03 日曜日 10時00分～12時00分
2024-03-04 月曜日 18時30分～21時00分
2024-03-05 火曜日 16時00分～21時00分
2024-03-06 水曜日 15時00分～21時00分
",1,35.5517001,139.7270304,東京,なし,,,0,大田区,蒲田,蒲田,area:蒲田|feature:24h,
Studio Liberty,〒158-0091 東京都世田谷区１５ 中町4?15?9 B１,,https://spacemarket.com/p/IhqvvJWNv9WY8BJK,03-6809-7323,"2024-02-29 木曜日 24 時間営業
2024-03-01 金曜日 24 時間営業
2024-03-02 土曜日 24 時間営業
2024-03-03 日曜日 24 時間営業
2024-03-04 月曜日 24 時間営業
2024-03-05 火曜日 24 時間営業
2024-03-06 水曜日 24 時間営業
",1,35.618429,139.6444321,東京,なし,,,0,世田谷区,下北沢,下北沢|三軒茶屋|二子玉川|自由が丘,area:下北沢|feature:24h,
琉球スタジオCanDokoro,〒160-0007 東京都新宿区荒木町６?４ ラ・ベルロシェ 101,,https://candokoro.com/,,,1,35.6895378,139.7232326,東京,なし,,,0,新宿区,新宿,新宿|西新宿|高田馬場|新大久保,area:新宿,
Studio LIBRE（スタジオ リーブル）,〒215-0025 神奈川県川崎市麻生区五力田２丁目８?３,,https://www.studio-libre.com/,044-701-3150,,1,35.6001765,139.4922827,東京,なし,,,0,その他,その他,その他,,
STUDIO LIKEMAD,〒150-0042 東京都渋谷区宇田川町１１?２ 宇田川柳光ビル B1,,https://www.studiolikemad.tokyo/,03-6455-2924,"2024-02-29 木曜日 24 時間営業
2024-03-01 金曜日 24 時間営業
2024-03-02 土曜日 24 時間営業
2024-03-03 日曜日 24 時間営業
2024-03-04 月曜日 24 時間営業
2024-03-05 火曜日 24 時間営業
2024-03-06 水曜日 24 時間営業
",1,35.6624192,139.6974007,東京,渋谷駅,620,渋谷駅|原宿駅,2,渋谷区,渋谷,渋谷|恵比寿|代官山|原宿,area:渋谷|station:渋谷駅|station:原宿駅|feature:24h,
Studio LL MUSIC（スタジオエルエルミュージック）,〒158-0097 東京都世田谷区用賀３丁目１３?７ ゼネラルアコード B1F,,http://ll-music.com/studio/,03-6805-6165,"2024-02-29 木曜日 16時00分～22時30分
2024-03-01 金曜日 18時00分～21時00分
2024-03-02 土曜日 13時00分～16時00分
2024-03-03 日曜日 定休日
2024-03-04 月曜日 16時00分～21時00分
2024-03-05 火曜日 17時30分～21時30分
2024-03-06 水曜日 14時30分～21時00分
",1,35.627963,139.6360563,東京,なし,,,0,世田谷区,下北沢,下北沢|三軒茶屋|二子玉川|自由が丘,area:下北沢|feature:24h,
studio LOOP,〒156-0054 東京都世田谷区桜丘４丁目２４?２０ ユニバーサルビル 2F,,http://studio-loop.jp/,080-9718-2391,"2024-02-29 木曜日 10時00分～20時30分
2024-03-01 金曜日 10時00分～20時30分
2024-03-02 土曜日 10時00分～20時30分
2024-03-03 日曜日 定休日
2024-03-04 月曜日 10時00分～20時30分
2024-03-05 火曜日 10時00分～20時30分
2024-03-06 水曜日 10時00分～20時30分
",1,35.6410417,139.6195695,東京,なし,,,0,世田谷区,下北沢,下北沢|三軒茶屋|二子玉川|自由が丘,area:下北沢|feature:24h,
STUDIO ONEWAY TOKYO,〒164-0013 東京都中野区弥生町５丁目２０?１ 弥生町ユニオンビル B2F,,https://www.studio-oneway.tokyo/,03-4400-2870,"2024-02-29 木曜日 10時00分～23時00分
2024-03-01 金曜日 10時00分～23時00分
2024-03-02 土曜日 10時00分～23時00分
2024-03-03 日曜日 10時00分～23時00分
2024-03-04 月曜日 10時00分～23時00分
2024-03-05 火曜日 10時00分～23時00分
2024-03-06 水曜日 10時00分～23時00分
",1,35.6892937,139.6686672,東京,なし,,,0,中野区,中野,中野,area:中野|feature:24h,
studio opus-スタジオ オープス-,〒140-0014 東京都品川区大井４丁目１?３ TOKOビル B1F,,http://www.studio-opus.jp/,03-6410-7112,"2024-02-29 木曜日 9時30分～22時00分
2024-03-01 金曜日 9時30分～22時00分
2024-03-02 土曜日 9時30分～22時00分
2024-03-03 日曜日 9時30分～22時00分
2024-03-04 月曜日 9時30分～22時00分
2024-03-05 火曜日 9時30分～22時00分
2024-03-06 水曜日 9時30分～22時00分
",1,35.603985,139.73317,東京,大井町駅,312,大井町駅,1,品川区,品川,品川|五反田|大井町|目黒,area:品川|station:大井町駅|feature:24h,
STUDIO POLISH（スタジオポリッシュ）,〒142-0062 東京都品川区小山６丁目７?１４ プランドールＫａｓｅｙａ,,http://www.studio-polish.com/,03-6451-3521,"2024-02-29 木曜日 10時30分～20時30分
2024-03-01 金曜日 10時30分～20時30分
2024-03-02 土曜日 10時30分～17時00分
2024-03-03 日曜日 10時30分～17時00分
2024-03-04 月曜日 10時30分～20時30分
2024-03-05 火曜日 10時30分～20時30分
2024-03-06 水曜日 10時30分～20時30分
",1,35.6147666,139.6995734,東京,なし,,,0,品川区,品川,品川|五反田|大井町|目黒,area:品川|feature:24h,
STUDIO PRIME 若葉校,〒350-0214 埼玉県坂戸市千代田３丁目５?１０ 庄司ビル 1F,,http://www.primestudio-yl.com/,049-277-4731,"2024-02-29 木曜日 15時00分～23時00分
2024-03-01 金曜日 15時00分～23時00分
2024-03-02 土曜日 12時00分～23時00分
2024-03-03 日曜日 定休日
2024-03-04 月曜日 15時00分～23時00分
2024-03-05 火曜日 15時00分～23時00分
2024-03-06 水曜日 15時00分～23時00分
",1,35.9539643,139.4091744,東京,なし,,,0,その他,その他,その他,feature:24h,
Studio R 六本木ヒルズ店,〒106-0032 東京都港区六本木６丁目１５?１ ヒルズ けやき坂通り 2F けやき坂テラス,,https://www.studio-ryo.net/,03-3405-1678,"2024-02-29 木曜日 12時00分～21時00分
2024-03-01 金曜日 12時00分～21時00分
2024-03-02 土曜日 12時00分～21時00分
2024-03-03 日曜日 12時00分～18時00分
2024-03-04 月曜日 12時00分～21時00分
2024-03-05 火曜日 12時00分～21時00分
2024-03-06 水曜日 12時00分～21時00分
",1,35.658983,139.7280938,東京,六本木駅,519,六本木駅|麻布十番駅,2,港区,六本木,六本木|赤坂|麻布|新橋,area:六本木|station:六本木駅|station:麻布十番駅|feature:24h,
スタジオ五軒町,〒101-0021 東京都千代田区外神田６丁目１６?１ 外神田フジハイツ 地下1階,,https://studio-gokencho.com/,,"2024-02-29 木曜日 8時00分～0時00分
2024-03-01 金曜日 8時00分～0時00分
2024-03-02 土曜日 8時00分～0時00分
2024-03-03 日曜日 8時00分～0時00分
2024-03-04 月曜日 8時00分～0時00分
2024-03-05 火曜日 8時00分～0時00分
2024-03-06 水曜日 8時00分～0時00分
",1,35.7046954,139.7714338,東京,秋葉原駅,714,秋葉原駅|上野駅,2,千代田区,秋葉原,秋葉原,area:秋葉原|station:秋葉原駅|station:上野駅|feature:24h,
Studio ROZE (スタジオロゼ） レンタルスタジオ ヨガスタジオ 整体サロン 池袋 安い,〒171-0014 東京都豊島区池袋２丁目１１?９ 安藤ビル 305,,https://www.instabase.jp/space/9053717528,090-9101-7296,"2024-02-29 木曜日 24 時間営業
2024-03-01 金曜日 24 時間営業
2024-03-02 土曜日 24 時間営業
2024-03-03 日曜日 24 時間営業
2024-03-04 月曜日 24 時間営業
2024-03-05 火曜日 24 時間営業
2024-03-06 水曜日 24 時間営業
",1,35.7328598,139.7073723,東京,池袋駅,515,池袋駅,1,豊島区,池袋,池袋|目白|大塚|巣鴨,area:池袋|station:池袋駅|feature:24h,
studio SHEEP（スタジオシープ）,〒135-0003 東京都江東区猿江２丁目２?９ 鈴木ビル 1F,,https://studio-sheep.com/,03-6659-5345,"2024-02-29 木曜日 8時00分～21時30分
2024-03-01 金曜日 8時00分～21時30分
2024-03-02 土曜日 8時00分～20時00分
2024-03-03 日曜日 8時30分～18時00分
2024-03-04 月曜日 8時00分～21時30分
2024-03-05 火曜日 8時00分～21時30分
2024-03-06 水曜日 8時00分～21時30分
",1,35.6859731,139.8146747,東京,錦糸町駅,1194,錦糸町駅,1,江東区,豊洲,豊洲,area:豊洲|station:錦糸町駅|feature:24h,
多摩スタジオ,〒201-0014 東京都狛江市東和泉３丁目３?１０,,https://rentalstama.wixsite.com/tamastudio,,"2024-02-29 木曜日 10時00分～22時00分
2024-03-01 金曜日 10時00分～22時00分
2024-03-02 土曜日 10時00分～22時00分
2024-03-03 日曜日 10時00分～22時00分
2024-03-04 月曜日 10時00分～22時00分
2024-03-05 火曜日 10時00分～22時00分
2024-03-06 水曜日 10時00分～22時00分
",1,35.6274339,139.5743901,東京,なし,,,0,狛江市,狛江,狛江,area:狛江|feature:24h,
STUDIO SPACE COREDO NOGIZAKA｜スタジオスペース コレド 乃木坂,〒107-0052 東京都港区赤坂９丁目６?４１ B1,,https://studio-space-coredo.business.site/,03-6434-7808,"2024-02-29 木曜日 11時00分～23時00分
2024-03-01 金曜日 11時00分～23時00分
2024-03-02 土曜日 11時00分～18時30分
2024-03-03 日曜日 11時00分～18時30分
2024-03-04 月曜日 11時00分～23時00分
2024-03-05 火曜日 11時00分～23時00分
2024-03-06 水曜日 11時00分～23時00分
",1,35.6677682,139.7277903,東京,青山一丁目駅,578,青山一丁目駅|六本木駅|外苑前駅,3,港区,六本木,六本木|赤坂|麻布|新橋,area:六本木|station:青山一丁目駅|station:六本木駅|station:外苑前駅|feature:24h,
STUDIO SPACE N 二子新地校,〒213-0002 神奈川県川崎市高津区二子２丁目１５,,http://space-n.jp/,044-812-3848,"2024-02-29 木曜日 9時00分～22時00分
2024-03-01 金曜日 9時00分～22時00分
2024-03-02 土曜日 9時00分～22時00分
2024-03-03 日曜日 9時00分～22時00分
2024-03-04 月曜日 9時00分～22時00分
2024-03-05 火曜日 9時00分～22時00分
2024-03-06 水曜日 9時00分～22時00分
",1,35.6058327,139.6190119,東京,なし,,,0,その他,その他,その他,feature:24h,
STUDIO TRON,"〒106-0031 東京都港区西麻布３丁目１７?１１ B1F,1F TRONビル",,http://studiotron.jp/,03-5770-2535,"LGBTQ フレンドリー2024-02-29 木曜日 9時00分～20時00分
2024-03-01 金曜日 9時00分～20時00分
2024-03-02 土曜日 9時00分～20時00分
2024-03-03 日曜日 9時00分～20時00分
2024-03-04 月曜日 9時00分～20時00分
2024-03-05 火曜日 9時00分～20時00分
2024-03-06 水曜日 9時00分～20時00分
",1,35.6585269,139.7258665,東京,六本木駅,688,六本木駅|麻布十番駅,2,港区,六本木,六本木|赤坂|麻布|新橋,area:六本木|station:六本木駅|station:麻布十番駅|feature:24h,
アテール明大前第１スタジオ（レンタルスタジオTerritory M ）,〒156-0043 東京都世田谷区松原２丁目４２?７ 第２松岡ビル ２F,,https://a-terre.com/territorym/,,,1,35.6690613,139.6487721,東京,なし,,,0,世田谷区,下北沢,下北沢|三軒茶屋|二子玉川|自由が丘,area:下北沢,
studio WILDKIDS 亀戸駅前校 SOLstudio,〒136-0071 東京都江東区亀戸６丁目５６?４ 1階店舗,,https://www.studio-wildkids.com/,080-9583-0025,"2024-02-29 木曜日 10時00分～21時00分
2024-03-01 金曜日 10時00分～21時00分
2024-03-02 土曜日 10時00分～20時00分
2024-03-03 日曜日 定休日
2024-03-04 月曜日 11時00分～20時30分
2024-03-05 火曜日 10時00分～21時00分
2024-03-06 水曜日 10時00分～21時00分
",1,35.6971321,139.8306553,東京,なし,,,0,江東区,豊洲,豊洲,area:豊洲|feature:24h,
studio WILDKIDS 亀戸水神駅前校 CIERO studio,〒136-0071 東京都江東区亀戸８丁目１４?１１ 1階店舗,,https://www.studio-wildkids.com/,080-9583-0025,"LGBTQ フレンドリー2024-02-29 木曜日 9時00分～23時00分
2024-03-01 金曜日 9時00分～23時00分
2024-03-02 土曜日 9時00分～23時00分
2024-03-03 日曜日 9時00分～23時00分
2024-03-04 月曜日 9時00分～23時00分
2024-03-05 火曜日 9時00分～23時00分
2024-03-06 水曜日 9時00分～23時00分
",1,35.7006398,139.8334138,東京,なし,,,0,江東区,豊洲,豊洲,area:豊洲|feature:24h,
studio worcle okubo,〒169-0073 東京都新宿区百人町１丁目２１?５ 新宿Stビル,,https://www.studioworcle.com/okubo/,03-5358-9082,"2024-02-29 木曜日 9時00分～6時00分
2024-03-01 金曜日 9時00分～6時00分
2024-03-02 土曜日 9時00分～6時00分
2024-03-03 日曜日 9時00分～6時00分
2024-03-04 月曜日 9時00分～6時00分
2024-03-05 火曜日 9時00分～6時00分
2024-03-06 水曜日 9時00分～6時00分",1,35.7000608,139.6965864,東京,新大久保駅,342,新大久保駅|西武新宿駅|新宿駅,3,新宿区,新宿,新宿|西新宿|高田馬場|新大久保,area:新宿|station:新大久保駅|station:西武新宿駅|station:新宿駅|feature:24h,
studio worcle shibuya,〒150-0031 東京都渋谷区桜丘町１４?１０ 地下１階,,https://www.studioworcle.com/,03-6416-9393,"2024-02-29 木曜日 9時00分～6時00分
2024-03-01 金曜日 9時00分～6時00分
2024-03-02 土曜日 9時00分～6時00分
2024-03-03 日曜日 9時00分～6時00分
2024-03-04 月曜日 9時00分～6時00分
2024-03-05 火曜日 9時00分～6時00分
2024-03-06 水曜日 9時00分～6時00分
",1,35.6557105,139.7014289,東京,渋谷駅,259,渋谷駅,1,渋谷区,渋谷,渋谷|恵比寿|代官山|原宿,area:渋谷|station:渋谷駅|feature:24h,
studio worcle shinjuku,〒160-0023 東京都新宿区西新宿７丁目１６?７ 第２１フジビル,,https://www.studioworcle.com/shinjuku/,03-3361-0123,"2024-02-29 木曜日 10時00分～6時00分
2024-03-01 金曜日 10時00分～6時00分
2024-03-02 土曜日 9時00分～6時00分
2024-03-03 日曜日 9時00分～23時00分
2024-03-04 月曜日 9時00分～23時00分
2024-03-05 火曜日 10時00分～6時00分
2024-03-06 水曜日 10時00分～6時00分",1,35.6963155,139.6975391,東京,西武新宿駅,278,西武新宿駅|新大久保駅|新宿駅,3,新宿区,新宿,新宿|西新宿|高田馬場|新大久保,area:新宿|station:西武新宿駅|station:新大久保駅|station:新宿駅|feature:24h,
studio worcle shinjuku-gyoen,〒160-0004 東京都新宿区四谷４丁目３２?４ B1 B2,,http://www.studioworcle.com/gyoen/,03-6273-1270,"2024-02-29 木曜日 12時00分～23時00分
2024-03-01 金曜日 12時00分～23時00分
2024-03-02 土曜日 9時00分～23時00分
2024-03-03 日曜日 9時00分～23時00分
2024-03-04 月曜日 12時00分～23時00分
2024-03-05 火曜日 12時00分～23時00分
2024-03-06 水曜日 12時00分～23時00分
",1,35.6896771,139.7149566,東京,なし,,,0,新宿区,新宿,新宿|西新宿|高田馬場|新大久保,area:新宿|feature:24h,
studio worcle yoyogi,〒151-0053 東京都渋谷区代々木１丁目３６?１２ 2F,,https://www.studioworcle.com/yoyogi/,03-6381-6255,"2024-02-29 木曜日 10時00分～23時00分
2024-03-01 金曜日 10時00分～23時00分
2024-03-02 土曜日 9時00分～23時00分
2024-03-03 日曜日 9時00分～23時00分
2024-03-04 月曜日 10時00分～23時00分
2024-03-05 火曜日 10時00分～23時00分
2024-03-06 水曜日 10時00分～23時00分
",1,35.684031,139.7010352,東京,代々木駅,141,代々木駅|新宿駅,2,渋谷区,渋谷,渋谷|恵比寿|代官山|原宿,area:渋谷|station:代々木駅|station:新宿駅|feature:24h,
studio worcle 池袋店,〒171-0022 東京都豊島区南池袋２丁目２２?４,,http://www.studioworcle.com/ikebukuro,03-5950-2700,"2024-02-29 木曜日 24 時間営業
2024-03-01 金曜日 24 時間営業
2024-03-02 土曜日 24 時間営業
2024-03-03 日曜日 24 時間営業
2024-03-04 月曜日 24 時間営業
2024-03-05 火曜日 24 時間営業
2024-03-06 水曜日 24 時間営業
",1,35.7282153,139.7142047,東京,池袋駅,354,池袋駅,1,豊島区,池袋,池袋|目白|大塚|巣鴨,area:池袋|station:池袋駅|feature:24h,
studio_MINT 錦糸町,〒130-0012 東京都墨田区太平３丁目１?４,,https://eaglet01.com/,090-3312-9984,"2024-02-29 木曜日 9時00分～23時00分
2024-03-01 金曜日 9時00分～23時00分
2024-03-02 土曜日 9時00分～23時00分
2024-03-03 日曜日 9時00分～23時00分
2024-03-04 月曜日 9時00分～23時00分
2024-03-05 火曜日 9時00分～23時00分
2024-03-06 水曜日 9時00分～23時00分
",1,35.6998608,139.8134874,東京,錦糸町駅,356,錦糸町駅|押上駅,2,墨田区,錦糸町,錦糸町,area:錦糸町|station:錦糸町駅|station:押上駅|feature:24h,
ダンススタジオR 小杉レンタルスタジオ,〒211-0062 神奈川県川崎市中原区小杉陣屋町１丁目２３?７,,https://bit.ly/3a143ph,,"LGBTQ フレンドリー2024-02-29 木曜日 9時00分～21時00分
2024-03-01 金曜日 9時00分～21時00分
2024-03-02 土曜日 9時00分～19時00分
2024-03-03 日曜日 9時00分～19時00分
2024-03-04 月曜日 9時00分～21時00分
2024-03-05 火曜日 9時00分～21時00分
2024-03-06 水曜日 9時00分～21時00分
",1,35.5857637,139.6585415,東京,なし,,,0,その他,その他,その他,feature:24h,
STUDIO+DINING TREE,〒132-0024 東京都江戸川区一之江４丁目２?２５,,https://edogawa.mypl.net/shop/00000370544/,080-6585-4477,"2024-02-29 木曜日 定休日
2024-03-01 金曜日 18時00分～22時00分
2024-03-02 土曜日 13時30分～15時00分
2024-03-03 日曜日 11時30分～14時30分
2024-03-04 月曜日 13時30分～16時00分
2024-03-05 火曜日 13時30分～16時00分
2024-03-06 水曜日 定休日
",1,35.6889277,139.8806889,東京,なし,,,0,江戸川区,西葛西,西葛西,area:西葛西|feature:24h,
STUDIO101,〒252-0106 神奈川県相模原市中央区淵野辺４丁目１３?７,,http://www.101violins.com/,042-738-8487,,1,35.5713533,139.3975226,東京,なし,,,0,中央区,銀座,銀座|日本橋|八丁堀|月島,area:銀座,
studio3,〒136-0071 東京都江東区亀戸１丁目３１?８ 北越ビル 2F,,http://www.studio3.jp/,090-3319-3611,"2024-02-29 木曜日 8時00分～5時00分
2024-03-01 金曜日 8時00分～5時00分
2024-03-02 土曜日 8時00分～5時00分
2024-03-03 日曜日 8時00分～5時00分
2024-03-04 月曜日 8時00分～5時00分
2024-03-05 火曜日 8時00分～5時00分
2024-03-06 水曜日 8時00分～5時00分
",1,35.6945139,139.8257428,東京,錦糸町駅,1077,錦糸町駅,1,江東区,豊洲,豊洲,area:豊洲|station:錦糸町駅|feature:24h,
studio501,〒141-0032 東京都品川区大崎５丁目４?１２ 八重苅ビル,,http://studio.5project.co.jp/,03-4405-9716,"2024-02-29 木曜日 9時00分～0時00分
2024-03-01 金曜日 9時00分～0時00分
2024-03-02 土曜日 9時00分～0時00分
2024-03-03 日曜日 9時00分～0時00分
2024-03-04 月曜日 9時00分～0時00分
2024-03-05 火曜日 9時00分～0時00分
2024-03-06 水曜日 9時00分～0時00分
",1,35.6225111,139.7253077,東京,大崎駅,429,大崎駅|五反田駅,2,品川区,品川,品川|五反田|大井町|目黒,area:品川|station:大崎駅|station:五反田駅|feature:24h,
StudioENTRADA森下,〒135-0004 東京都江東区森下３丁目８?７ カーム落合 1F,,https://www.studio-entrada.com/,080-5057-5963,"2024-02-29 木曜日 9時00分～22時00分
2024-03-01 金曜日 9時00分～22時00分
2024-03-02 土曜日 9時00分～22時00分
2024-03-03 日曜日 9時00分～22時00分
2024-03-04 月曜日 9時00分～22時00分
2024-03-05 火曜日 9時00分～22時00分
2024-03-06 水曜日 9時00分～22時00分
",1,35.6871019,139.8021659,東京,なし,,,0,江東区,豊洲,豊洲,area:豊洲|feature:24h,
StudioENTRADA築地,〒104-0045 東京都中央区築地３丁目１１?５ 第二中央ビル 1F,,https://www.studio-entrada.com/,080-5057-5963,"2024-02-29 木曜日 9時00分～22時00分
2024-03-01 金曜日 9時00分～22時00分
2024-03-02 土曜日 9時00分～22時00分
2024-03-03 日曜日 9時00分～22時00分
2024-03-04 月曜日 9時00分～22時00分
2024-03-05 火曜日 9時00分～2時00分
2024-03-06 水曜日 9時00分～22時00分
",1,35.6674042,139.7725287,東京,有楽町駅,1190,有楽町駅,1,中央区,銀座,銀座|日本橋|八丁堀|月島,area:銀座|station:有楽町駅|feature:24h,
STUDIOFLAG高田馬場2号店,〒169-0075 東京都新宿区高田馬場２丁目１１?１ YOKE2ビル 地下1F,,https://studioflaginfo.com/,03-6823-1404,"2024-02-29 木曜日 9時00分～22時00分
2024-03-01 金曜日 9時00分～22時00分
2024-03-02 土曜日 9時00分～22時00分
2024-03-03 日曜日 9時00分～22時00分
2024-03-04 月曜日 9時00分～22時00分
2024-03-05 火曜日 9時00分～22時00分
2024-03-06 水曜日 9時00分～22時00分
",1,35.7136979,139.7085094,東京,高田馬場駅,455,高田馬場駅,1,新宿区,新宿,新宿|西新宿|高田馬場|新大久保,area:新宿|station:高田馬場駅|feature:24h,
StudioNEXUS石神井校,〒177-0041 東京都練馬区石神井町６丁目３２?２０,,https://nfc-dance.com/,03-6753-0989,"オーナーが女性と確認されたビジネス2024-02-29 木曜日 10時00分～22時00分
2024-03-01 金曜日 10時00分～22時00分
2024-03-02 土曜日 10時00分～22時00分
2024-03-03 日曜日 10時00分～22時00分
2024-03-04 月曜日 10時00分～22時00分
2024-03-05 火曜日 10時00分～22時00分
2024-03-06 水曜日 10時00分～22時00分
",1,35.741619,139.5969214,東京,なし,,,0,練馬区,練馬,練馬,area:練馬|feature:24h,
渋谷のレンタルスタジオ ユニアス,〒150-0043 東京都渋谷区道玄坂１丁目７?１０ リードシー渋谷道玄坂 B1F 新大宗渋谷,,https://unius.studio/,,"2024-02-29 木曜日 24 時間営業
2024-03-01 金曜日 24 時間営業
2024-03-02 土曜日 24 時間営業
2024-03-03 日曜日 24 時間営業
2024-03-04 月曜日 24 時間営業
2024-03-05 火曜日 24 時間営業
2024-03-06 水曜日 24 時間営業
",1,35.6575973,139.6993417,東京,渋谷駅,213,渋谷駅,1,渋谷区,渋谷,渋谷|恵比寿|代官山|原宿,area:渋谷|station:渋谷駅|feature:24h,
StudioNEXUS武蔵関校,〒177-0051 東京都練馬区関町北２丁目２２?１３ シャトーセキ B1,,https://nfc-dance.com/,03-6753-0989,"LGBTQ フレンドリー2024-02-29 木曜日 10時00分～22時00分
2024-03-01 金曜日 10時00分～22時00分
2024-03-02 土曜日 10時00分～22時00分
2024-03-03 日曜日 10時00分～22時00分
2024-03-04 月曜日 10時00分～22時00分
2024-03-05 火曜日 10時00分～22時00分
2024-03-06 水曜日 10時00分～22時00分
",1,35.7267325,139.574683,東京,なし,,,0,練馬区,練馬,練馬,area:練馬|feature:24h,
Studioonda大久保,〒169-0073 東京都新宿区百人町１丁目２３?２ 3F,,https://studioonda.com/,080-4947-2985,"2024-02-29 木曜日 24 時間営業
2024-03-01 金曜日 24 時間営業
2024-03-02 土曜日 24 時間営業
2024-03-03 日曜日 24 時間営業
2024-03-04 月曜日 24 時間営業
2024-03-05 火曜日 24 時間営業
2024-03-06 水曜日 24 時間営業",1,35.6986846,139.6972142,東京,新大久保駅,388,新大久保駅|西武新宿駅|新宿駅,3,新宿区,新宿,新宿|西新宿|高田馬場|新大久保,area:新宿|station:新大久保駅|station:西武新宿駅|station:新宿駅|feature:24h,
StudioOnda東中野 Ondabuilding,〒169-0074 東京都新宿区北新宿４丁目３３?５,,https://ondacompany.com/,080-4947-2985,"2024-02-29 木曜日 9時00分～23時00分
2024-03-01 金曜日 9時00分～23時00分
2024-03-02 土曜日 9時00分～23時00分
2024-03-03 日曜日 9時00分～23時00分
2024-03-04 月曜日 9時00分～23時00分
2024-03-05 火曜日 9時00分～23時00分
2024-03-06 水曜日 9時00分～23時00分",1,35.7070161,139.6896581,東京,新大久保駅,1133,新大久保駅,1,新宿区,新宿,新宿|西新宿|高田馬場|新大久保,area:新宿|station:新大久保駅|feature:24h,
STUDIOピア Pia31 ベイサイド,〒136-0082 東京都江東区新木場２丁目１?２３,,https://www.studio-pia.com/,03-5606-5461,"2024-02-29 木曜日 24 時間営業
2024-03-01 金曜日 24 時間営業
2024-03-02 土曜日 24 時間営業
2024-03-03 日曜日 24 時間営業
2024-03-04 月曜日 24 時間営業
2024-03-05 火曜日 24 時間営業
2024-03-06 水曜日 24 時間営業
",1,35.6397041,139.8211994,東京,なし,,,0,江東区,豊洲,豊洲,area:豊洲|feature:24h,
STUDIOフェーム,〒124-0024 東京都葛飾区新小岩１丁目４２?４ 明治屋ビル,,http://www.fame-company.com/,090-8031-8390,,1,35.7158661,139.8588791,東京,なし,,,0,葛飾区,新小岩,新小岩,area:新小岩,
Sweet Fairy バレエスタジオ,〒156-0057 東京都世田谷区上北沢１丁目３６?８,,https://www.sweet-fairy-ballet.com/,080-1124-3918,,1,35.6643387,139.6241264,東京,なし,,,0,世田谷区,下北沢,下北沢|三軒茶屋|二子玉川|自由が丘,area:下北沢,
swing swing,〒173-0004 東京都板橋区板橋１丁目３６?６,,https://swingswing.roofin.jp/,070-9062-2572,,1,35.7479121,139.7154516,東京,なし,,,0,板橋区,成増,成増,area:成増,
SWITCH STAND ODAIBA,"〒135-0064 東京都江東区青海２丁目７?４, The Soho, 1F",,https://switch-stand.com/odaiba/,050-1865-4108,"2024-02-29 木曜日 11時00分～17時00分
2024-03-01 金曜日 11時00分～17時00分
2024-03-02 土曜日 定休日
2024-03-03 日曜日 定休日
2024-03-04 月曜日 11時00分～17時00分
2024-03-05 火曜日 11時00分～17時00分
2024-03-06 水曜日 11時00分～17時00分
",1,35.6177875,139.7750301,東京,なし,,,0,江東区,豊洲,豊洲,area:豊洲|feature:24h,
Tap Dance Company Freiheit,〒185-0011 東京都国分寺市本多１丁目１?２０ Cross Stair B,,https://www.tdc-freiheit.com/,042-307-8733,"LGBTQ フレンドリー2024-02-29 木曜日 10時30分～22時00分
2024-03-01 金曜日 10時30分～22時00分
2024-03-02 土曜日 10時30分～20時00分
2024-03-03 日曜日 10時30分～22時00分
2024-03-04 月曜日 10時30分～22時00分
2024-03-05 火曜日 10時30分～22時00分
2024-03-06 水曜日 10時30分～22時00分
",1,35.7028179,139.4844635,東京,国分寺駅,413,国分寺駅,1,国分寺市,国分寺,国分寺,area:国分寺|station:国分寺駅|feature:24h,
FLASHスタジオ,〒150-0002 東京都渋谷区渋谷１丁目１０?２ グローリア宮益坂III 東館 3F,,https://www.flash-studio.tokyo/,,,1,35.6606821,139.7050732,東京,渋谷駅,428,渋谷駅|表参道駅|原宿駅,3,渋谷区,渋谷,渋谷|恵比寿|代官山|原宿,area:渋谷|station:渋谷駅|station:表参道駅|station:原宿駅,
Tap&Soul,〒156-0043 東京都世田谷区松原２丁目２９?４ メナージュ明大前,,https://tapandsoul.weebly.com/,080-6630-6299,,1,35.6668331,139.6489577,東京,なし,,,0,世田谷区,下北沢,下北沢|三軒茶屋|二子玉川|自由が丘,area:下北沢,
TBY-studio,〒171-0014 東京都豊島区池袋２丁目３６?２,,http://tby-studio.com/,03-3985-6777,"2024-02-29 木曜日 7時00分～6時00分
2024-03-01 金曜日 7時00分～6時00分
2024-03-02 土曜日 7時00分～6時00分
2024-03-03 日曜日 7時00分～6時00分
2024-03-04 月曜日 7時00分～6時00分
2024-03-05 火曜日 7時00分～6時00分
2024-03-06 水曜日 7時00分～6時00分
",1,35.7330923,139.7074824,東京,池袋駅,532,池袋駅,1,豊島区,池袋,池袋|目白|大塚|巣鴨,area:池袋|station:池袋駅|feature:24h,
TERAKOYA studio,〒434-0004 静岡県浜松市浜北区宮口４９０７,,https://www.terakoyastudio.com/,090-3424-0577,"2024-02-29 木曜日 定休日
2024-03-01 金曜日 17時00分～21時30分
2024-03-02 土曜日 17時00分～21時30分
2024-03-03 日曜日 定休日
2024-03-04 月曜日 17時00分～21時30分
2024-03-05 火曜日 17時00分～21時30分
2024-03-06 水曜日 10時30分～12時00分
",1,34.8109152,137.752496,東京,なし,,,0,北区,赤羽,赤羽,area:赤羽|feature:24h,
THビル貸し会議室 レンタルスタジオ,〒151-0053 東京都渋谷区代々木２丁目４?１ Thビル,,https://sinjukuth.jimdo.com/,090-2558-7140,"2024-02-29 木曜日 24 時間営業
2024-03-01 金曜日 24 時間営業
2024-03-02 土曜日 24 時間営業
2024-03-03 日曜日 24 時間営業
2024-03-04 月曜日 24 時間営業
2024-03-05 火曜日 24 時間営業
2024-03-06 水曜日 24 時間営業
",1,35.687188,139.6983141,東京,新宿駅,451,新宿駅|代々木駅|西武新宿駅,3,渋谷区,渋谷,渋谷|恵比寿|代官山|原宿,area:渋谷|station:新宿駅|station:代々木駅|station:西武新宿駅|feature:24h,
ＴＨ会場,〒151-0053 東京都渋谷区代々木２丁目４?１,,http://th-rental-meeting-room.business.site/,03-3370-6264,"2024-02-29 木曜日 24 時間営業
2024-03-01 金曜日 24 時間営業
2024-03-02 土曜日 24 時間営業
2024-03-03 日曜日 24 時間営業
2024-03-04 月曜日 24 時間営業
2024-03-05 火曜日 24 時間営業
2024-03-06 水曜日 24 時間営業
",1,35.687185,139.6983,東京,新宿駅,451,新宿駅|代々木駅|西武新宿駅,3,渋谷区,渋谷,渋谷|恵比寿|代官山|原宿,area:渋谷|station:新宿駅|station:代々木駅|station:西武新宿駅|feature:24h,
TKO DANCE STUDIO(TKOダンススタジオ),〒340-0023 埼玉県草加市谷塚町５７８?１ 梅香堂ビル 305,,http://tkodancestudio.com/,080-4172-2050,"LGBTQ フレンドリー2024-02-29 木曜日 10時30分～22時00分
2024-03-01 金曜日 10時30分～22時00分
2024-03-02 土曜日 10時30分～22時00分
2024-03-03 日曜日 10時30分～22時00分
2024-03-04 月曜日 10時30分～22時00分
2024-03-05 火曜日 10時30分～22時00分
2024-03-06 水曜日 10時30分～22時00分
",1,35.8138308,139.8004419,東京,なし,,,0,その他,その他,その他,feature:24h,
TKPスター貸会議室 東京タワー通り,〒105-0011 東京都港区芝公園３丁目４?３０ 32芝公園ビル B2階,,https://www.kashikaigishitsu.net/facilitys/st-tokyotowerdori/?utm_source=google&utm_medium=maps&utm_campaign=gmb,03-5425-4626,"2024-02-29 木曜日 8時00分～22時00分
2024-03-01 金曜日 8時00分～22時00分
2024-03-02 土曜日 8時00分～22時00分
2024-03-03 日曜日 8時00分～22時00分
2024-03-04 月曜日 8時00分～22時00分
2024-03-05 火曜日 8時00分～22時00分
2024-03-06 水曜日 8時00分～22時00分
",1,35.6588544,139.746427,東京,浜松町駅,998,浜松町駅|麻布十番駅,2,港区,六本木,六本木|赤坂|麻布|新橋,area:六本木|station:浜松町駅|station:麻布十番駅|feature:24h,
TOHNO DANCE STUDIO,〒202-0002 東京都西東京市ひばりが丘北３丁目４?３ T&Kひばりが丘B1,,http://tohno-dancestudio.com/,042-439-3390,"LGBTQ フレンドリー2024-02-29 木曜日 12時00分～21時00分
2024-03-01 金曜日 12時00分～22時30分
2024-03-02 土曜日 11時00分～22時30分
2024-03-03 日曜日 9時50分～19時00分
2024-03-04 月曜日 12時00分～21時00分
2024-03-05 火曜日 12時00分～21時00分
2024-03-06 水曜日 12時00分～22時30分
",1,35.752346,139.546322,東京,なし,,,0,西東京市,ひばりヶ丘,ひばりヶ丘,area:ひばりヶ丘|feature:24h,
TOKYO GATE STUDIO 東京ゲートスタジオ レンタルスタジオ,〒108-0074 東京都港区高輪４丁目２４?５８ サマセット品川東京１F,,https://shinagawa.studiosquare.jp/,03-5822-4050,"LGBTQ フレンドリー2024-02-29 木曜日 7時00分～23時00分
2024-03-01 金曜日 7時00分～23時00分
2024-03-02 土曜日 7時00分～23時00分
2024-03-03 日曜日 7時00分～23時00分
2024-03-04 月曜日 7時00分～23時00分
2024-03-05 火曜日 7時00分～23時00分
2024-03-06 水曜日 7時00分～23時00分
",1,35.6250715,139.7378198,東京,品川駅,387,品川駅|大崎駅,2,港区,六本木,六本木|赤坂|麻布|新橋,area:六本木|station:品川駅|station:大崎駅|feature:24h,
ＴＲＢタップダンススタジオ,〒101-0032 東京都千代田区岩本町１丁目１?６,,http://trbtap.com/,03-3861-5144,"2024-02-29 木曜日 12時00分～22時30分
2024-03-01 金曜日 12時00分～22時30分
2024-03-02 土曜日 12時00分～22時30分
2024-03-03 日曜日 12時00分～22時30分
2024-03-04 月曜日 12時00分～22時30分
2024-03-05 火曜日 12時00分～22時30分
2024-03-06 水曜日 12時00分～22時30分
",1,35.691362,139.775924,東京,秋葉原駅,828,秋葉原駅,1,千代田区,秋葉原,秋葉原,area:秋葉原|station:秋葉原駅|feature:24h,
すむぞうスタジオ 渋谷公園通りスタジオPINK&BLUE(ピンクアンドブルー),〒150-0042 東京都渋谷区宇田川町１９?５ 山手マンション 604,,https://studio.sumuzo.info/studio/koendoriblue/,,,1,35.6614404,139.6994702,東京,渋谷駅,426,渋谷駅|原宿駅,2,渋谷区,渋谷,渋谷|恵比寿|代官山|原宿,area:渋谷|station:渋谷駅|station:原宿駅,
TRINITY DANCE CENTER桜上水校,〒168-0073 東京都杉並区下高井戸１丁目１８?１６ 桜上水ビル 1F KORG,,https://tdc-kids.com/,03-6379-3817,"2024-02-29 木曜日 15時30分～20時30分
2024-03-01 金曜日 15時30分～20時30分
2024-03-02 土曜日 10時00分～18時00分
2024-03-03 日曜日 10時00分～17時00分
2024-03-04 月曜日 15時30分～20時30分
2024-03-05 火曜日 13時00分～19時00分
2024-03-06 水曜日 15時30分～20時30分
",1,35.6682325,139.6351333,東京,なし,,,0,杉並区,高円寺,高円寺,area:高円寺|feature:24h,
Tダンスプロダクション,〒132-0033 東京都江戸川区東小松川４丁目４３?１８,,https://dancespacefunabori.com/,03-6808-0293,"2024-02-29 木曜日 10時00分～22時00分
2024-03-01 金曜日 10時00分～22時00分
2024-03-02 土曜日 11時00分～21時00分
2024-03-03 日曜日 定休日
2024-03-04 月曜日 10時00分～22時00分
2024-03-05 火曜日 10時00分～22時00分
2024-03-06 水曜日 10時00分～22時00分
",1,35.686742,139.864575,東京,なし,,,0,江戸川区,西葛西,西葛西,area:西葛西|feature:24h,
U210 【立川レンタルダンススタジオ】,〒190-0022 東京都立川市錦町２丁目２?２８ ＹＳ立川第二ビル １階,,https://www.studiou210.com/,070-6484-1881,"オーナーが女性と確認されたビジネス2024-02-29 木曜日 10時00分～22時00分
2024-03-01 金曜日 10時00分～22時00分
2024-03-02 土曜日 10時00分～22時00分
2024-03-03 日曜日 10時00分～22時00分
2024-03-04 月曜日 10時00分～22時00分
2024-03-05 火曜日 10時00分～22時00分
2024-03-06 水曜日 10時00分～22時00分
",1,35.6950505,139.4156778,東京,立川駅,406,立川駅,1,立川市,立川,立川,area:立川|station:立川駅|feature:24h,
UBクリエイティブベース,〒448-0011 愛知県刈谷市築地町２丁目１６?２,,https://www.ubcb.jp/,0566-87-1409,"2024-02-29 木曜日 10時00分～22時00分
2024-03-01 金曜日 10時00分～22時00分
2024-03-02 土曜日 10時00分～18時00分
2024-03-03 日曜日 10時00分～18時00分
2024-03-04 月曜日 10時00分～22時00分
2024-03-05 火曜日 10時00分～22時00分
2024-03-06 水曜日 10時00分～22時00分
",1,35.013974,137.0198091,東京,なし,,,0,その他,その他,その他,feature:24h,
VERONICA FIT,〒104-0032 東京都中央区八丁堀２丁目１９?６ ヤサカ八丁堀ビルB1,,https://veronicafit.tokyo/,03-4288-8680,"2024-02-29 木曜日 10時00分～22時00分
2024-03-01 金曜日 10時00分～22時00分
2024-03-02 土曜日 10時00分～22時00分
2024-03-03 日曜日 10時00分～22時00分
2024-03-04 月曜日 10時00分～22時00分
2024-03-05 火曜日 10時00分～22時00分
2024-03-06 水曜日 10時00分～22時00分
",1,35.6758355,139.7764773,東京,東京駅,1036,東京駅|有楽町駅,2,中央区,銀座,銀座|日本橋|八丁堀|月島,area:銀座|station:東京駅|station:有楽町駅|feature:24h,
BUZZ渋谷MARKCITY,〒150-0043 東京都渋谷区道玄坂１丁目１７ 9BUZZビル,,https://buzz-st.com/shibuya4,,"2024-02-29 木曜日 24 時間営業
2024-03-01 金曜日 24 時間営業
2024-03-02 土曜日 24 時間営業
2024-03-03 日曜日 24 時間営業
2024-03-04 月曜日 24 時間営業
2024-03-05 火曜日 24 時間営業
2024-03-06 水曜日 24 時間営業
",1,35.6570257,139.6969607,東京,渋谷駅,437,渋谷駅,1,渋谷区,渋谷,渋谷|恵比寿|代官山|原宿,area:渋谷|station:渋谷駅|feature:24h,
World of Dance Studios Tokyo,〒180-0004 東京都武蔵野市吉祥寺本町１丁目２４?７ 吉祥寺光ビル 6F,,https://wod-studio.tokyo/?utm_source=google&utm_medium=maps&utm_id=googlemybusiness,0422-29-3048,"2024-02-29 木曜日 16時30分～22時00分
2024-03-01 金曜日 18時00分～22時00分
2024-03-02 土曜日 12時00分～22時00分
2024-03-03 日曜日 10時30分～22時00分
2024-03-04 月曜日 定休日
2024-03-05 火曜日 18時00分～22時00分
2024-03-06 水曜日 15時00分～22時00分
",1,35.703487,139.5814103,東京,吉祥寺駅,146,吉祥寺駅,1,武蔵野市,吉祥寺,吉祥寺,area:吉祥寺|station:吉祥寺駅|feature:24h,
Y'sホール三鷹,〒181-0004 東京都三鷹市新川６丁目８?１０ サンシャインビル B1,,https://yshall-mitaka.jp/,0422-24-7332,"2024-02-29 木曜日 10時00分～21時00分
2024-03-01 金曜日 10時00分～21時00分
2024-03-02 土曜日 10時00分～21時00分
2024-03-03 日曜日 10時00分～21時00分
2024-03-04 月曜日 10時00分～21時00分
2024-03-05 火曜日 10時00分～21時00分
2024-03-06 水曜日 10時00分～21時00分
",1,35.6785127,139.5682957,東京,なし,,,0,三鷹市,三鷹,三鷹,area:三鷹|feature:24h,
ＹＡＲＩＴＡＹＵ‐ＢＡＬＬＥＴ・ＳＴＵＤＩＯ,〒206-0824 東京都稲城市若葉台２丁目４?２,,http://yaritayu-balletstudio.com/yy/,042-350-2522,,1,35.620338,139.470898,東京,なし,,,0,稲城市,稲城,稲城,area:稲城,
YBS Yukino Ballet Studio,〒156-0041 東京都世田谷区大原２丁目２３?１５ 大原アジアビル 7階,,https://yukino-ballet-studio.com/,03-6379-2380,"オーナーが女性と確認されたビジネス2024-02-29 木曜日 15時00分～20時00分
2024-03-01 金曜日 15時00分～20時00分
2024-03-02 土曜日 15時00分～20時00分
2024-03-03 日曜日 定休日
2024-03-04 月曜日 15時00分～20時00分
2024-03-05 火曜日 15時00分～20時00分
2024-03-06 水曜日 15時00分～20時00分
",1,35.6722715,139.6603967,東京,なし,,,0,世田谷区,下北沢,下北沢|三軒茶屋|二子玉川|自由が丘,area:下北沢|feature:24h,
YKAダンススタジオ(横浜のK-POPダンススクール),〒231-0023 神奈川県横浜市中区山下町１５７ 青木ビル,,https://yka-dance.com/,080-4624-9889,"2024-02-29 木曜日 12時30分～21時30分
2024-03-01 金曜日 12時30分～21時30分
2024-03-02 土曜日 12時30分～21時30分
2024-03-03 日曜日 12時30分～21時30分
2024-03-04 月曜日 12時30分～21時30分
2024-03-05 火曜日 12時30分～21時30分
2024-03-06 水曜日 12時30分～21時30分
",1,35.4439629,139.6450099,東京,なし,,,0,その他,その他,その他,feature:24h,
YOKOTA BASE STUDIO,〒194-0013 東京都町田市原町田１丁目６?２４ 田島第二ビル,,https://yokotabasestudio.com/,042-723-4888,"2024-02-29 木曜日 11時00分～23時00分
2024-03-01 金曜日 11時00分～23時00分
2024-03-02 土曜日 11時00分～23時00分
2024-03-03 日曜日 11時00分～23時00分
2024-03-04 月曜日 11時00分～23時00分
2024-03-05 火曜日 11時00分～23時00分
2024-03-06 水曜日 11時00分～23時00分
",1,35.53974,139.446996,東京,町田駅,257,町田駅,1,町田市,町田,町田,area:町田|station:町田駅|feature:24h,
YR CLUB HOUSE 国領店,〒182-0022 東京都調布市国領町３丁目１０?４,,http://yrch.jp/,042-426-7711,"2024-02-29 木曜日 定休日
2024-03-01 金曜日 9時30分～13時30分
2024-03-02 土曜日 9時30分～13時30分
2024-03-03 日曜日 9時30分～13時30分
2024-03-04 月曜日 9時30分～13時30分
2024-03-05 火曜日 9時30分～13時30分
2024-03-06 水曜日 9時30分～13時30分
",1,35.6499262,139.5593979,東京,なし,,,0,調布市,調布,調布,area:調布|feature:24h,
Z-RAHZ DANCE STUDIO,〒106-0046 東京都港区元麻布１丁目２?２,,http://studio.z-rahz.com/,03-6434-9118,"2024-02-29 木曜日 11時00分～20時00分
2024-03-01 金曜日 11時00分～20時00分
2024-03-02 土曜日 11時00分～20時00分
2024-03-03 日曜日 11時00分～16時00分
2024-03-04 月曜日 11時00分～20時00分
2024-03-05 火曜日 11時00分～20時00分
2024-03-06 水曜日 11時00分～20時00分
",1,35.654979,139.7324618,東京,麻布十番駅,192,麻布十番駅|六本木駅,2,港区,六本木,六本木|赤坂|麻布|新橋,area:六本木|station:麻布十番駅|station:六本木駅|feature:24h,
ZITA アルゼンチンタンゴ,"Tokyo, 塚原ビル 4F, ２丁目-２７-２ 上大崎 品川区 東京都 141-0021",,https://www.laestacion.jp/,080-6660-6864,"2024-02-29 木曜日 12時00分～23時30分
2024-03-01 金曜日 12時00分～23時30分
2024-03-02 土曜日 12時00分～23時30分
2024-03-03 日曜日 定休日
2024-03-04 月曜日 12時00分～23時30分
2024-03-05 火曜日 12時00分～23時30分
2024-03-06 水曜日 12時00分～23時30分
",1,35.6343452,139.7150127,東京,目黒駅,83,目黒駅|五反田駅,2,品川区,品川,品川|五反田|大井町|目黒,area:品川|station:目黒駅|station:五反田駅|feature:24h,
Zsa Zsa Zsu Dance Studio ザザズ,〒112-0014 東京都文京区関口１丁目４８?５ 第２榎本ビル 2階,,https://zsazsazsu-studio.com/,03-5579-2424,"2024-02-29 木曜日 16時00分～21時00分
2024-03-01 金曜日 16時00分～21時00分
2024-03-02 土曜日 10時30分～20時30分
2024-03-03 日曜日 10時00分～15時30分
2024-03-04 月曜日 16時00分～22時00分
2024-03-05 火曜日 16時00分～21時30分
2024-03-06 水曜日 16時00分～21時00分
",1,35.7093863,139.7302564,東京,なし,,,0,文京区,後楽園,後楽園,area:後楽園|feature:24h,
Zsa Zsa Zsu Studio,〒112-0014 東京都文京区関口１丁目６?９ 川田ビル 1階,,https://zsazsazsu-studio.com/,03-5579-2424,"2024-02-29 木曜日 13時00分～21時30分
2024-03-01 金曜日 13時00分～21時30分
2024-03-02 土曜日 13時00分～21時00分
2024-03-03 日曜日 13時00分～21時30分
2024-03-04 月曜日 13時00分～21時30分
2024-03-05 火曜日 13時00分～21時30分
2024-03-06 水曜日 13時00分～21時30分
",1,35.708224,139.732117,東京,なし,,,0,文京区,後楽園,後楽園,area:後楽園|feature:24h,
アートクリエイションスタジオ,〒214-0036 神奈川県川崎市多摩区南生田３丁目３?５ １Ｆ,,http://acs-ikuta.com/,090-7179-8172,,1,35.605983,139.5329913,東京,なし,,,0,その他,その他,その他,,
アートスタジオバレエ,〒206-0812 東京都稲城市矢野口１６６５,,http://art-studio-ballet.jp/,042-378-3409,,1,35.6358457,139.5172138,東京,なし,,,0,稲城市,稲城,稲城,area:稲城,
あいしまバレエスクール,〒185-0012 東京都国分寺市本町４丁目２０?１０ スタジオ司内 B1F Aホール,,http://aishima-ballet.com/,042-545-2020,,1,35.702552,139.477449,東京,国分寺駅,378,国分寺駅,1,国分寺市,国分寺,国分寺,area:国分寺|station:国分寺駅,
アイスタジオ,〒201-0014 東京都狛江市東和泉３丁目６?４ １F＆BF 泉プラザ,,http://www.iistudio.jp/,03-3489-2433,,1,35.6261495,139.5751522,東京,なし,,,0,狛江市,狛江,狛江,area:狛江,
あおちゃんダンスコミュニケーション サルサダンス ブラジルダンス 認知症予防ダンス,〒110-0003 東京都台東区根岸２丁目１２?１１,,https://danceclub.jp/,080-1253-1003,"2024-02-29 木曜日 10時00分～22時00分
2024-03-01 金曜日 10時00分～22時00分
2024-03-02 土曜日 10時00分～22時00分
2024-03-03 日曜日 10時00分～22時00分
2024-03-04 月曜日 10時00分～22時00分
2024-03-05 火曜日 10時00分～22時00分
2024-03-06 水曜日 10時00分～22時00分
",1,35.7245827,139.7780016,東京,日暮里駅,726,日暮里駅,1,台東区,上野,上野|浅草|御徒町|蔵前,area:上野|station:日暮里駅|feature:24h,
アカペラスタジオ ベースオントップ吉祥寺店,〒180-0004 東京都武蔵野市吉祥寺本町１丁目２０?３ B1F,,https://bassontop.tokyo.jp/a-cappella_kichijoji/,0422-27-1334,"2024-02-29 木曜日 24 時間営業
2024-03-01 金曜日 24 時間営業
2024-03-02 土曜日 24 時間営業
2024-03-03 日曜日 24 時間営業
2024-03-04 月曜日 24 時間営業
2024-03-05 火曜日 24 時間営業
2024-03-06 水曜日 24 時間営業
",1,35.7054717,139.5817998,東京,吉祥寺駅,312,吉祥寺駅,1,武蔵野市,吉祥寺,吉祥寺,area:吉祥寺|station:吉祥寺駅|feature:24h,
アカペラスタジオベースオントップ池袋東口店,〒171-0022 東京都豊島区南池袋２丁目２４?５ 加藤ビル B1,,https://bassontop.tokyo.jp/a-cappella_ikebukurohigashi/,03-6384-4070,"2024-02-29 木曜日 10時00分～23時30分
2024-03-01 金曜日 10時00分～23時30分
2024-03-02 土曜日 8時00分～23時30分
2024-03-03 日曜日 8時00分～23時30分
2024-03-04 月曜日 10時00分～23時30分
2024-03-05 火曜日 10時00分～23時30分
2024-03-06 水曜日 10時00分～23時30分
",1,35.727352,139.7133928,東京,池袋駅,323,池袋駅,1,豊島区,池袋,池袋|目白|大塚|巣鴨,area:池袋|station:池袋駅|feature:24h,
アクセ・スタジオ,〒169-0075 東京都新宿区高田馬場４丁目１?７,,http://accestudio.com/,03-3371-5222,"2024-02-29 木曜日 9時00分～0時00分
2024-03-01 金曜日 9時00分～0時00分
2024-03-02 土曜日 9時00分～0時00分
2024-03-03 日曜日 9時00分～0時00分
2024-03-04 月曜日 9時00分～0時00分
2024-03-05 火曜日 9時00分～0時00分
2024-03-06 水曜日 9時00分～0時00分",1,35.7101822,139.7025253,東京,高田馬場駅,260,高田馬場駅|新大久保駅,2,新宿区,新宿,新宿|西新宿|高田馬場|新大久保,area:新宿|station:高田馬場駅|station:新大久保駅|feature:24h,
アックミーエアリアルスタジオ ACME AERIAL STUDIO 36,〒168-0064 東京都杉並区永福４丁目８?１４,,https://www.acmejapan54.com/,03-6754-8505,"オーナーが女性と確認されたビジネス2024-02-29 木曜日 11時00分～21時00分
2024-03-01 金曜日 定休日
2024-03-02 土曜日 11時00分～17時00分
2024-03-03 日曜日 11時00分～18時00分
2024-03-04 月曜日 定休日
2024-03-05 火曜日 11時00分～21時00分
2024-03-06 水曜日 11時00分～21時00分
",1,35.6784399,139.6425873,東京,なし,,,0,杉並区,高円寺,高円寺,area:高円寺|feature:24h,
アトリエ ベラーノ,〒157-0062 東京都世田谷区南烏山４丁目１３?３ スター ホームズ 千歳烏山 地階118号 スターホームズ千歳烏山,,http://verano.tokyo/,070-4095-8959,,1,35.669976,139.601408,東京,なし,,,0,世田谷区,下北沢,下北沢|三軒茶屋|二子玉川|自由が丘,area:下北沢,
アミューゼダンススポーツクラブ,〒470-0348 愛知県豊田市貝津町柚木１３９?１,,https://amuserdance.com/,0565-46-4447,"2024-02-29 木曜日 11時00分～21時00分
2024-03-01 金曜日 11時00分～21時00分
2024-03-02 土曜日 13時00分～18時00分
2024-03-03 日曜日 定休日
2024-03-04 月曜日 11時00分～21時00分
2024-03-05 火曜日 11時00分～21時00分
2024-03-06 水曜日 11時00分～21時00分
",1,35.1332915,137.146732,東京,なし,,,0,その他,その他,その他,feature:24h,
アメリカンスタイル専門の社交ダンスサークル 【Sunday Dance Cafe】,〒144-0051 東京都大田区西蒲田６丁目３２?１３ 月村マンション １F,,https://sundaydancecafe.hp.peraichi.com/,03-6424-9580,"2024-02-29 木曜日 定休日
2024-03-01 金曜日 定休日
2024-03-02 土曜日 定休日
2024-03-03 日曜日 10時00分～12時00分
2024-03-04 月曜日 定休日
2024-03-05 火曜日 定休日
2024-03-06 水曜日 定休日
",1,35.5646925,139.7095871,東京,蒲田駅,633,蒲田駅,1,大田区,蒲田,蒲田,area:蒲田|station:蒲田駅|feature:24h,
あやこバレエスタジオ,〒156-0051 東京都世田谷区４６ 宮坂3-46-3-1F,,http://ayako-ballet-studio.tokyo/,090-8773-6789,,1,35.654882,139.632418,東京,なし,,,0,世田谷区,下北沢,下北沢|三軒茶屋|二子玉川|自由が丘,area:下北沢,
アリスト バレエスタジオ,〒155-0031 東京都世田谷区北沢２丁目９?２１ ミナミ10号館ビル 4階,,https://aristoballetstudio.com/,03-3485-1522,,1,35.6621738,139.6690061,東京,下北沢駅,51,下北沢駅,1,世田谷区,下北沢,下北沢|三軒茶屋|二子玉川|自由が丘,area:下北沢|station:下北沢駅,
レンタルスタジオ三ノ輪,〒110-0011 東京都台東区三ノ輪１丁目１０?９ GATTINO 1F,,http://rental.studio-minowa.com/,,"2024-02-29 木曜日 24 時間営業
2024-03-01 金曜日 24 時間営業
2024-03-02 土曜日 24 時間営業
2024-03-03 日曜日 24 時間営業
2024-03-04 月曜日 24 時間営業
2024-03-05 火曜日 24 時間営業
2024-03-06 水曜日 24 時間営業
",1,35.7277,139.7918484,東京,なし,,,0,台東区,上野,上野|浅草|御徒町|蔵前,area:上野|feature:24h,
レンタルスタジオODORU,〒110-0015 東京都台東区東上野３丁目１８?１ B1,,https://odorudance.jp/,,"2024-02-29 木曜日 24 時間営業
2024-03-01 金曜日 24 時間営業
2024-03-02 土曜日 24 時間営業
2024-03-03 日曜日 24 時間営業
2024-03-04 月曜日 24 時間営業
2024-03-05 火曜日 24 時間営業
2024-03-06 水曜日 24 時間営業
",1,35.7109093,139.7774888,東京,上野駅,319,上野駅,1,台東区,上野,上野|浅草|御徒町|蔵前,area:上野|station:上野駅|feature:24h,
アルゼンチンタンゴ・ダンス チケ,〒160-0011 東京都新宿区若葉１丁目１?１ 2F,,https://tangochique.com/,03-6384-2988,"2024-02-29 木曜日 10時00分～23時00分
2024-03-01 金曜日 10時00分～23時00分
2024-03-02 土曜日 10時00分～23時00分
2024-03-03 日曜日 10時00分～22時00分
2024-03-04 月曜日 10時00分～23時00分
2024-03-05 火曜日 10時00分～23時00分
2024-03-06 水曜日 10時00分～23時00分
",1,35.6873605,139.7230165,東京,なし,,,0,新宿区,新宿,新宿|西新宿|高田馬場|新大久保,area:新宿|feature:24h,
アルゼンチンタンゴ協会,〒104-0061 東京都中央区銀座７丁目１４?７ 共栄銀座７丁目ビル,,http://tangokyoukai.com/,03-3544-5600,"2024-02-29 木曜日 12時00分～21時00分
2024-03-01 金曜日 12時00分～23時00分
2024-03-02 土曜日 12時00分～21時00分
2024-03-03 日曜日 12時00分～21時00分
2024-03-04 月曜日 12時00分～21時00分
2024-03-05 火曜日 12時00分～21時00分
2024-03-06 水曜日 12時00分～21時00分
",1,35.6672646,139.7648953,東京,新橋駅,579,新橋駅|有楽町駅,2,中央区,銀座,銀座|日本橋|八丁堀|月島,area:銀座|station:新橋駅|station:有楽町駅|feature:24h,
NOAダンスアカデミー 秋葉原校,〒101-0021 東京都千代田区外神田６丁目１４?８ 秋葉原ノアビル9F,,https://www.noadance.jp/,,"2024-02-29 木曜日 9時30分～23時30分
2024-03-01 金曜日 9時30分～23時30分
2024-03-02 土曜日 10時00分～22時00分
2024-03-03 日曜日 10時00分～22時00分
2024-03-04 月曜日 9時30分～23時30分
2024-03-05 火曜日 9時30分～23時30分
2024-03-06 水曜日 9時30分～23時30分
",1,35.7035015,139.771522,東京,秋葉原駅,589,秋葉原駅,1,千代田区,秋葉原,秋葉原,area:秋葉原|station:秋葉原駅|feature:24h,
ムーンプレイス レンタルスタジオ蔵前,〒111-0043 東京都台東区駒形２丁目１?５ ３階,,https://dance-pavillion-74.business.site/?utm_source=gmb&utm_medium=referral,,"2024-02-29 木曜日 24 時間営業
2024-03-01 金曜日 24 時間営業
2024-03-02 土曜日 24 時間営業
2024-03-03 日曜日 24 時間営業
2024-03-04 月曜日 24 時間営業
2024-03-05 火曜日 24 時間営業
2024-03-06 水曜日 24 時間営業
",1,35.705282,139.7946164,東京,蔵前駅,224,蔵前駅|浅草駅,2,台東区,上野,上野|浅草|御徒町|蔵前,area:上野|station:蔵前駅|station:浅草駅|feature:24h,
アルファビデオレンタルスタジオ,〒107-0051 東京都港区元赤坂１丁目５?７ ラベリテ赤坂 1階,,https://www.alphavideo.co.jp/service/studio/,03-5412-0707,"2024-02-29 木曜日 10時00分～17時00分
2024-03-01 金曜日 10時00分～17時00分
2024-03-02 土曜日 定休日
2024-03-03 日曜日 定休日
2024-03-04 月曜日 10時00分～17時00分
2024-03-05 火曜日 10時00分～17時00分
2024-03-06 水曜日 10時00分～17時00分
",1,35.6776833,139.7338085,東京,赤坂駅,534,赤坂駅|青山一丁目駅,2,港区,六本木,六本木|赤坂|麻布|新橋,area:六本木|station:赤坂駅|station:青山一丁目駅|feature:24h,
スタジオブライト｜レンタル撮影スタジオ（完全予約制）,〒111-0051 東京都台東区蔵前４丁目３６?１３ タイルビル 4F,,https://studiobright.co.jp/,,"2024-02-29 木曜日 9時00分～18時00分
2024-03-01 金曜日 9時00分～18時00分
2024-03-02 土曜日 9時00分～18時00分
2024-03-03 日曜日 定休日
2024-03-04 月曜日 9時00分～18時00分
2024-03-05 火曜日 9時00分～18時00分
2024-03-06 水曜日 9時00分～18時00分
",1,35.7059315,139.7888734,東京,蔵前駅,381,蔵前駅|浅草駅,2,台東区,上野,上野|浅草|御徒町|蔵前,area:上野|station:蔵前駅|station:浅草駅|feature:24h,
アロハホヌアフラスタジオ&レンタルスタジオ経堂,〒156-0052 東京都世田谷区経堂１丁目５?６ パルファム経堂 B1,,https://alohahonua.net/,090-1208-0802,"オーナーが女性と確認されたビジネス2024-02-29 木曜日 定休日
2024-03-01 金曜日 19時00分～22時00分
2024-03-02 土曜日 14時00分～18時00分
2024-03-03 日曜日 定休日
2024-03-04 月曜日 19時30分～20時30分
2024-03-05 火曜日 14時00分～20時30分
2024-03-06 水曜日 10時00分～12時30分
",1,35.6482219,139.6364491,東京,なし,,,0,世田谷区,下北沢,下北沢|三軒茶屋|二子玉川|自由が丘,area:下北沢|feature:24h,
スタジオHIKARI 上野,〒110-0003 東京都台東区根岸１丁目１?１５ ルンビニフードカフェ鶯谷店 4階,,https://hikari-studio.net/ueno/,,,1,35.7206658,139.7805145,東京,上野駅,822,上野駅|日暮里駅,2,台東区,上野,上野|浅草|御徒町|蔵前,area:上野|station:上野駅|station:日暮里駅,
スタジオジパング 上野スタジオSTANDARD,"〒110-0015 東京都台東区東上野３丁目１４?１２, Ueno Bldg., B1 旧 辻井ビル",,https://studiozipang.com/,,"2024-02-29 木曜日 24 時間営業
2024-03-01 金曜日 24 時間営業
2024-03-02 土曜日 24 時間営業
2024-03-03 日曜日 24 時間営業
2024-03-04 月曜日 24 時間営業
2024-03-05 火曜日 24 時間営業
2024-03-06 水曜日 24 時間営業
",1,35.7105635,139.7793572,東京,上野駅,404,上野駅,1,台東区,上野,上野|浅草|御徒町|蔵前,area:上野|station:上野駅|feature:24h,
イシカワヒロユキダンススタジオ,〒192-0081 東京都八王子市横山町３?６,,https://ishi-hiro-d-s.com/,042-642-1056,"2024-02-29 木曜日 12時00分～21時00分
2024-03-01 金曜日 12時00分～21時00分
2024-03-02 土曜日 12時00分～21時00分
2024-03-03 日曜日 12時00分～21時00分
2024-03-04 月曜日 12時00分～21時00分
2024-03-05 火曜日 12時00分～21時00分
2024-03-06 水曜日 12時00分～21時00分
",1,35.6595739,139.3390344,東京,八王子駅,437,八王子駅,1,八王子市,八王子,八王子,area:八王子|station:八王子駅|feature:24h,
ミライスタジオ御茶ノ水,〒101-0062 東京都千代田区神田駿河台２丁目４?２,,https://studio-mirai55.com/,,"2024-02-29 木曜日 6時00分～0時00分
2024-03-01 金曜日 6時00分～0時00分
2024-03-02 土曜日 6時00分～0時00分
2024-03-03 日曜日 6時00分～0時00分
2024-03-04 月曜日 6時00分～0時00分
2024-03-05 火曜日 6時00分～0時00分
2024-03-06 水曜日 6時00分～0時00分
",1,35.6996099,139.7636274,東京,秋葉原駅,962,秋葉原駅,1,千代田区,秋葉原,秋葉原,area:秋葉原|station:秋葉原駅|feature:24h,
LIBRA SQUARE 三ノ輪スタジオ,〒116-0003 東京都荒川区南千住１丁目１５?４,,http://liberus-grp.com/studio/,,,1,35.7322534,139.7923941,東京,なし,,,0,荒川区,日暮里,日暮里,area:日暮里,
ウスイダンススクール,〒162-0045 東京都新宿区馬場下町６?１ ビューロタカハシ ４F,,https://usui-dance.com/,03-6205-9542,"2024-02-29 木曜日 12時00分～22時00分
2024-03-01 金曜日 12時00分～22時00分
2024-03-02 土曜日 12時00分～19時00分
2024-03-03 日曜日 定休日
2024-03-04 月曜日 12時00分～22時00分
2024-03-05 火曜日 12時00分～22時00分
2024-03-06 水曜日 12時00分～22時00分",1,35.705801,139.719721,東京,なし,,,0,新宿区,新宿,新宿|西新宿|高田馬場|新大久保,area:新宿|feature:24h,
ウチノダンススタジオ,〒136-0071 東京都江東区亀戸２丁目３７?９ 第一不動産ビル,,http://www.danceview.co.jp/feature/0904_07.html,03-3681-2151,,1,35.700939,139.825139,東京,錦糸町駅,1101,錦糸町駅,1,江東区,豊洲,豊洲,area:豊洲|station:錦糸町駅,
スタジオジパング大久保,〒169-0073 東京都新宿区百人町１丁目２３ みなみビル B1,,https://studiozipang.com/okubo-standard/,,"2024-02-29 木曜日 24 時間営業
2024-03-01 金曜日 24 時間営業
2024-03-02 土曜日 24 時間営業
2024-03-03 日曜日 24 時間営業
2024-03-04 月曜日 24 時間営業
2024-03-05 火曜日 24 時間営業
2024-03-06 水曜日 24 時間営業
",1,35.6991668,139.6974992,東京,新大久保駅,331,新大久保駅|西武新宿駅|新宿駅,3,新宿区,新宿,新宿|西新宿|高田馬場|新大久保,area:新宿|station:新大久保駅|station:西武新宿駅|station:新宿駅|feature:24h,
折橋恵子フラメンコ教室 estudio EL ANGEL,〒169-0072 東京都新宿区大久保８?８ 2-8-8 青葉ビル(スタジオプリメラ内,,https://estudioelangel.com/,,"2024-02-29 木曜日 定休日
2024-03-01 金曜日 定休日
2024-03-02 土曜日 11時30分～15時30分
2024-03-03 日曜日 定休日
2024-03-04 月曜日 定休日
2024-03-05 火曜日 定休日
2024-03-06 水曜日 定休日
",1,35.7026564,139.7074425,東京,新大久保駅,685,新大久保駅|西武新宿駅|高田馬場駅,3,新宿区,新宿,新宿|西新宿|高田馬場|新大久保,area:新宿|station:新大久保駅|station:西武新宿駅|station:高田馬場駅|feature:24h,
修子バレエアカデミー,"ニュータウンオークボ 1F, ３丁目-１０-１ 大久保 新宿区 東京都 169-0072",,https://shukoballetacademy.com/,,"2024-02-29 木曜日 11時15分～12時45分
2024-03-01 金曜日 11時15分～12時45分
2024-03-02 土曜日 10時00分～19時00分
2024-03-03 日曜日 10時30分～17時30分
2024-03-04 月曜日 16時20分～20時45分
2024-03-05 火曜日 17時10分～21時20分
2024-03-06 水曜日 19時15分～20時45分
",1,35.708606,139.7051277,東京,高田馬場駅,427,高田馬場駅|新大久保駅,2,新宿区,新宿,新宿|西新宿|高田馬場|新大久保,area:新宿|station:高田馬場駅|station:新大久保駅|feature:24h,
BUZZ レンタルスタジオ 神田店,〒101-0047 東京都千代田区内神田２丁目９?９ 神田西口ビル B1F,https://dance-studio-lab.com/room/ODJkZDE5YzQtMTlhZS00NjNlLWJlZTQtNDA3NTU3MTQ5NDg5/detail,https://buzz-st.com/kanda/,,"2024-02-29 木曜日 24 時間営業
2024-03-01 金曜日 24 時間営業
2024-03-02 土曜日 24 時間営業
2024-03-03 日曜日 24 時間営業
2024-03-04 月曜日 24 時間営業
2024-03-05 火曜日 24 時間営業
2024-03-06 水曜日 24 時間営業
",1,35.6910964,139.7685026,東京,秋葉原駅,989,秋葉原駅|東京駅,2,千代田区,秋葉原,秋葉原,area:秋葉原|station:秋葉原駅|station:東京駅|feature:24h,
BUZZ レンタルスタジオ 秋葉原店,〒101-0032 東京都千代田区岩本町２丁目６?１２ 曙ビル B1,,http://buzz-st.com/akihabara/,,"2024-02-29 木曜日 24 時間営業
2024-03-01 金曜日 24 時間営業
2024-03-02 土曜日 24 時間営業
2024-03-03 日曜日 24 時間営業
2024-03-04 月曜日 24 時間営業
2024-03-05 火曜日 24 時間営業
2024-03-06 水曜日 24 時間営業
",1,35.6934279,139.7760139,東京,秋葉原駅,606,秋葉原駅,1,千代田区,秋葉原,秋葉原,area:秋葉原|station:秋葉原駅|feature:24h,
バレエアーツ秋葉原,〒101-0021 東京都千代田区外神田３丁目４?７ 昌平童夢館,,http://ballet-kba.com/,,,1,35.7012228,139.7699203,東京,秋葉原駅,480,秋葉原駅,1,千代田区,秋葉原,秋葉原,area:秋葉原|station:秋葉原駅,
D→TA (ディータ),〒112-0001 東京都文京区白山５丁目３３?１４ 2階,,https://peraichi.com/landing_pages/view/dta,,"LGBTQ フレンドリー2024-02-29 木曜日 定休日
2024-03-01 金曜日 10時30分～12時00分
2024-03-02 土曜日 定休日
2024-03-03 日曜日 定休日
2024-03-04 月曜日 定休日
2024-03-05 火曜日 17時00分～20時00分
2024-03-06 水曜日 17時00分～20時00分
",1,35.7225605,139.752414,東京,なし,,,0,文京区,後楽園,後楽園,area:後楽園|feature:24h,
レンタルスタジオ YOGA SPICE 神保町,〒101-0065 東京都千代田区西神田２丁目３?２ 牧ビル 402号室,,https://yogaspice.jp/,,"LGBTQ フレンドリー2024-02-29 木曜日 6時00分～23時00分
2024-03-01 金曜日 6時00分～23時00分
2024-03-02 土曜日 6時00分～23時00分
2024-03-03 日曜日 6時00分～23時00分
2024-03-04 月曜日 6時00分～23時00分
2024-03-05 火曜日 6時00分～23時00分
2024-03-06 水曜日 6時00分～23時00分
",1,35.698058,139.7553652,東京,なし,,,0,千代田区,秋葉原,秋葉原,area:秋葉原|feature:24h,
ピラティスシェアスタジオ ｜PILATES TIME（ピラティスタイム） 神保町,〒101-0051 東京都千代田区神田神保町１丁目７?１１ 1F,,https://pilatestime.jp/,,"2024-02-29 木曜日 10時00分～21時00分
2024-03-01 金曜日 10時00分～21時00分
2024-03-02 土曜日 9時00分～17時00分
2024-03-03 日曜日 9時00分～17時00分
2024-03-04 月曜日 10時00分～21時00分
2024-03-05 火曜日 10時00分～21時00分
2024-03-06 水曜日 10時00分～21時00分
",1,35.6957659,139.7590386,東京,なし,,,0,千代田区,秋葉原,秋葉原,area:秋葉原|feature:24h,
エイベックス・ダンスマスタートータルフィットネスクラブわらわら ふじみ野,〒356-0056 埼玉県ふじみ野市うれし野２丁目１０?３５ アウトレットモールリズムE-2F １,,https://dancemaster.avex.jp/studios/%E3%83%88%E3%83%BC%E3%82%BF%E3%83%AB%E3%83%95%E3%82%A3%E3%83%83%E3%83%88%E3%83%8D%E3%82%B9%E3%82%AF%E3%83%A9%E3%83%96%E3%82%8F%E3%82%89%E3%82%8F%E3%82%89%E3%81%B5%E3%81%98%E3%81%BF%E9%87%8E,050-3487-0174,"2024-02-29 木曜日 定休日
2024-03-01 金曜日 9時30分～23時00分
2024-03-02 土曜日 9時30分～21時00分
2024-03-03 日曜日 9時30分～20時00分
2024-03-04 月曜日 9時30分～23時00分
2024-03-05 火曜日 9時30分～23時00分
2024-03-06 水曜日 9時30分～23時00分
",1,35.8581483,139.5246999,東京,なし,,,0,その他,その他,その他,feature:24h,
キッズダンススタジオ Sunny Piece,〒350-0056 埼玉県川越市松江町１丁目７?５,,http://sunnypiece.sunnyday.jp/,,"2024-02-29 木曜日 10時00分～20時00分
2024-03-01 金曜日 10時00分～20時00分
2024-03-02 土曜日 10時00分～20時00分
2024-03-03 日曜日 定休日
2024-03-04 月曜日 10時00分～20時00分
2024-03-05 火曜日 10時00分～20時00分
2024-03-06 水曜日 10時00分～20時00分
",1,35.9174214,139.48508,東京,なし,,,0,その他,その他,その他,feature:24h,
エーススタジオ,〒190-0022 東京都立川市錦町１丁目１０?９ 米澤ビル 2F,,http://www.tachikawa-as-studio.com/,042-540-6877,,1,35.6956244,139.4204483,東京,立川駅,698,立川駅,1,立川市,立川,立川,area:立川|station:立川駅,
エースダンススタジオ,"札幌ＮＳビル 4F, ２丁目-11 南２条西 中央区 札幌市 北海道 060-0062",,http://ace-dance.com/,011-231-8077,"2024-02-29 木曜日 13時00分～22時00分
2024-03-01 金曜日 13時00分～22時00分
2024-03-02 土曜日 13時00分～18時00分
2024-03-03 日曜日 定休日
2024-03-04 月曜日 13時00分～22時00分
2024-03-05 火曜日 13時00分～22時00分
2024-03-06 水曜日 13時00分～22時00分
",1,43.0583928,141.355172,東京,なし,,,0,中央区,銀座,銀座|日本橋|八丁堀|月島,area:銀座|feature:24h,
えこてんハウススタジオ,〒176-0005 東京都練馬区旭丘１丁目７６?１０ 相枝ビル ４F,,https://ekoten.tokyo/rental-studio/,050-5326-1373,"2024-02-29 木曜日 24 時間営業
2024-03-01 金曜日 24 時間営業
2024-03-02 土曜日 24 時間営業
2024-03-03 日曜日 24 時間営業
2024-03-04 月曜日 24 時間営業
2024-03-05 火曜日 24 時間営業
2024-03-06 水曜日 24 時間営業
",1,35.7369615,139.6728137,東京,なし,,,0,練馬区,練馬,練馬,area:練馬|feature:24h,
エストゥディオのりこ,〒105-0004 東京都港区１６ 東京都港区 2-16-1 340,,http://estudio.lolipop.jp/,03-3591-5924,"2024-02-29 木曜日 10時30分～12時30分
2024-03-01 金曜日 定休日
2024-03-02 土曜日 定休日
2024-03-03 日曜日 定休日
2024-03-04 月曜日 定休日
2024-03-05 火曜日 18時30分～20時30分
2024-03-06 水曜日 18時30分～20時30分
",1,35.6661276,139.7576871,東京,新橋駅,85,新橋駅|有楽町駅|浜松町駅,3,港区,六本木,六本木|赤坂|麻布|新橋,area:六本木|station:新橋駅|station:有楽町駅|station:浜松町駅|feature:24h,
エフィと虹色のヴェール十条スタジオ,〒114-0021 東京都北区岸町１丁目６?１９ 青葉ビル,,http://effieballetconcert.com/,03-3906-9434,,1,35.754817,139.7350458,東京,なし,,,0,北区,赤羽,赤羽,area:赤羽,
エムズ・ダンスアカデミー 巣鴨第1教室,〒170-0002 東京都豊島区巣鴨１丁目２０?１０ 高木ビル ３Ｆ,,http://msdanca.cocolog-nifty.com/blog/,03-5978-6485,"2024-02-29 木曜日 13時00分～21時00分
2024-03-01 金曜日 13時00分～21時00分
2024-03-02 土曜日 13時00分～19時00分
2024-03-03 日曜日 定休日
2024-03-04 月曜日 13時00分～21時00分
2024-03-05 火曜日 13時00分～21時00分
2024-03-06 水曜日 13時00分～21時00分
",1,35.7311086,139.7407936,東京,なし,,,0,豊島区,池袋,池袋|目白|大塚|巣鴨,area:池袋|feature:24h,
エルメスダンスカンパニー豊橋校,〒440-0897 愛知県豊橋市松葉町３丁目59 医療法人誠流会 まつば藤城歯科様建物1階 まつばスタジオ,,http://www.lahabana.co.jp/,052-220-3213,"2024-02-29 木曜日 定休日
2024-03-01 金曜日 定休日
2024-03-02 土曜日 定休日
2024-03-03 日曜日 定休日
2024-03-04 月曜日 19時30分～22時00分
2024-03-05 火曜日 定休日
2024-03-06 水曜日 定休日
",1,34.7670174,137.3835551,東京,なし,,,0,その他,その他,その他,feature:24h,
オガワ ダンス スタジオ,〒220-0023 神奈川県横浜市西区西区平沼１丁目３３?１,,http://www.yokohama-ogawadance.com/,045-316-6166,"2024-02-29 木曜日 13時00分～22時00分
2024-03-01 金曜日 13時00分～22時00分
2024-03-02 土曜日 13時00分～18時00分
2024-03-03 日曜日 定休日
2024-03-04 月曜日 13時00分～22時00分
2024-03-05 火曜日 13時00分～22時00分
2024-03-06 水曜日 13時00分～22時00分
",1,35.4604514,139.619914,東京,なし,,,0,その他,その他,その他,feature:24h,
オギハラダンススクール,,,https://ogihara-ds.com/,050-1306-0395,,1,32.9998961,138.4293072,東京,なし,,,0,その他,その他,その他,,
オダケイジ・ダンスアカデミー,〒162-0041 東京都新宿区早稲田鶴巻町５２２ 牛山第一ビル,,http://odakeiji-dance.com/,03-6278-9976,"2024-02-29 木曜日 13時00分～22時00分
2024-03-01 金曜日 13時00分～22時00分
2024-03-02 土曜日 13時00分～19時00分
2024-03-03 日曜日 定休日
2024-03-04 月曜日 13時00分～22時00分
2024-03-05 火曜日 13時00分～22時00分
2024-03-06 水曜日 13時00分～22時00分
",1,35.707269,139.7257866,東京,なし,,,0,新宿区,新宿,新宿|西新宿|高田馬場|新大久保,area:新宿|feature:24h,
WPG,〒171-0014 東京都豊島区池袋２丁目６８?９ ＭＩＢ 602号室,,https://worldplayground.jp/,,,1,35.7357457,139.709427,東京,池袋駅,763,池袋駅,1,豊島区,池袋,池袋|目白|大塚|巣鴨,area:池袋|station:池袋駅,
Ayaka Ballet Academy,〒112-0014 東京都文京区関口１丁目３７?５ メイクIIビル 7階,,https://www.ayakaballetacademy.com/,,"2024-02-29 木曜日 定休日
2024-03-01 金曜日 15時00分～20時30分
2024-03-02 土曜日 11時00分～16時30分
2024-03-03 日曜日 13時00分～17時30分
2024-03-04 月曜日 15時00分～20時30分
2024-03-05 火曜日 定休日
2024-03-06 水曜日 15時00分～20時30分
",1,35.7113386,139.7228918,東京,なし,,,0,文京区,後楽園,後楽園,area:後楽園|feature:24h,
カミヤマダンススタジオ,〒192-0046 東京都八王子市明神町４丁目６?２ 山口ビル 2F,,http://www.kamiyama-d-s.jp/,042-642-4038,"2024-02-29 木曜日 13時00分～22時00分
2024-03-01 金曜日 13時00分～22時00分
2024-03-02 土曜日 13時00分～22時00分
2024-03-03 日曜日 定休日
2024-03-04 月曜日 13時00分～22時00分
2024-03-05 火曜日 13時00分～22時00分
2024-03-06 水曜日 13時00分～22時00分
",1,35.658424,139.342987,東京,八王子駅,481,八王子駅,1,八王子市,八王子,八王子,area:八王子|station:八王子駅|feature:24h,
かよバレエスタジオ,〒187-0002 東京都小平市花小金井１丁目１２?７,,http://www.kayoballet.com/,042-452-5817,"2024-02-29 木曜日 10時00分～19時00分
2024-03-01 金曜日 10時00分～19時00分
2024-03-02 土曜日 10時00分～19時00分
2024-03-03 日曜日 10時00分～19時00分
2024-03-04 月曜日 10時00分～19時00分
2024-03-05 火曜日 10時00分～19時00分
2024-03-06 水曜日 10時00分～19時00分
",1,35.7268502,139.5146406,東京,なし,,,0,小平市,小平,小平,area:小平|feature:24h,
カルサロ レンタルスタジオサロン,〒179-0073 東京都練馬区田柄２丁目３２?２３ アネックスミスズ ２F,,https://www.okeiko-culsalo.com/,080-5885-5636,"オーナーが女性と確認されたビジネス2024-02-29 木曜日 8時00分～23時00分
2024-03-01 金曜日 8時00分～23時00分
2024-03-02 土曜日 8時00分～23時00分
2024-03-03 日曜日 8時00分～23時00分
2024-03-04 月曜日 8時00分～23時00分
2024-03-05 火曜日 8時00分～23時00分
2024-03-06 水曜日 8時00分～23時00分
",1,35.7685426,139.6456427,東京,なし,,,0,練馬区,練馬,練馬,area:練馬|feature:24h,
カルチャースクール ミジー,〒212-0012 神奈川県川崎市幸区中幸町４丁目１７?４ 西山ビル 1階,,https://www.dance-mizzy.com/?utm_source=googlemybusiness&utm_medium=google&utm_campaign=maps,03-3734-5567,"2024-02-29 木曜日 9時00分～21時00分
2024-03-01 金曜日 9時00分～21時00分
2024-03-02 土曜日 定休日
2024-03-03 日曜日 定休日
2024-03-04 月曜日 9時00分～21時00分
2024-03-05 火曜日 9時00分～21時00分
2024-03-06 水曜日 9時00分～12時00分
",1,35.5346472,139.6920974,東京,なし,,,0,その他,その他,その他,feature:24h,
トゥモローダンスクラブ｜日暮里教室,〒116-0013 東京都荒川区西日暮里２丁目２６?１０ J DANCERS LABO内 日暮里プラレールビル 5階,,https://tdc.ballroom.jp/lp/nippori/,,"LGBTQ フレンドリー2024-02-29 木曜日 12時00分～22時00分
2024-03-01 金曜日 12時00分～22時00分
2024-03-02 土曜日 12時00分～18時00分
2024-03-03 日曜日 定休日
2024-03-04 月曜日 12時00分～22時00分
2024-03-05 火曜日 12時00分～22時00分
2024-03-06 水曜日 12時00分～22時00分
",1,35.7301026,139.771053,東京,日暮里駅,259,日暮里駅,1,荒川区,日暮里,日暮里,area:日暮里|station:日暮里駅|feature:24h,
ガルバスタジオ幡ヶ谷/GARBA写真館,〒151-0072 東京都渋谷区幡ケ谷２丁目１７?７,,https://garbastudiohatagaya.com/,03-6890-1216,"2024-02-29 木曜日 10時00分～23時00分
2024-03-01 金曜日 10時00分～23時00分
2024-03-02 土曜日 10時00分～23時00分
2024-03-03 日曜日 10時00分～23時00分
2024-03-04 月曜日 10時00分～23時00分
2024-03-05 火曜日 10時00分～23時00分
2024-03-06 水曜日 10時00分～23時00分
",1,35.6776444,139.6749218,東京,なし,,,0,渋谷区,渋谷,渋谷|恵比寿|代官山|原宿,area:渋谷|feature:24h,
カワチダンススタジオ,"１丁目-１１, １丁目-１１-３ 小坂本町 豊田市 愛知県 471-0034",,http://kawachi-dance.com/,0565-34-1048,"2024-02-29 木曜日 12時00分～21時30分
2024-03-01 金曜日 12時00分～21時30分
2024-03-02 土曜日 11時00分～21時30分
2024-03-03 日曜日 定休日
2024-03-04 月曜日 12時00分～21時30分
2024-03-05 火曜日 12時00分～21時30分
2024-03-06 水曜日 11時00分～21時30分
",1,35.0864928,137.1529273,東京,なし,,,0,その他,その他,その他,feature:24h,
キッズアクロバット＆ダンススクール ミジー蒲田スタジオ,〒146-0094 東京都大田区東矢口３丁目２０?１１ 倉庫ビル オザワ産業,,https://www.dance-mizzy.com/?utm_source=googlemybusiness&utm_medium=google&utm_campaign=maps,03-3734-5567,"2024-02-29 木曜日 9時00分～22時00分
2024-03-01 金曜日 9時00分～22時00分
2024-03-02 土曜日 9時00分～17時00分
2024-03-03 日曜日 定休日
2024-03-04 月曜日 定休日
2024-03-05 火曜日 9時00分～22時00分
2024-03-06 水曜日 定休日
",1,35.5619453,139.7083498,東京,蒲田駅,698,蒲田駅,1,大田区,蒲田,蒲田,area:蒲田|station:蒲田駅|feature:24h,
キッズダンススクール＆レンタルスタジオLOVE BONDS,〒196-0025 東京都昭島市朝日町３丁目１８?９ 第四大正ビル １Ｂ,,https://www.love-bonds.net/,042-519-1363,,1,35.7080876,139.3730221,東京,なし,,,0,東京都,東京,東京,area:東京,
キッズダンススクールANGELO★,"自由が丘2-16-25シグナルヒルB1, 目黒区 東京都 152-0035",,http://angelo123.com/,03-3725-9341,"2024-02-29 木曜日 10時00分～21時00分
2024-03-01 金曜日 10時00分～21時00分
2024-03-02 土曜日 10時00分～21時00分
2024-03-03 日曜日 10時00分～18時00分
2024-03-04 月曜日 10時00分～21時00分
2024-03-05 火曜日 10時00分～21時00分
2024-03-06 水曜日 10時00分～21時00分
",1,35.608872,139.666594,東京,自由が丘駅,272,自由が丘駅,1,目黒区,中目黒,中目黒,area:中目黒|station:自由が丘駅|feature:24h,
レベルアップレンタルスタジオ,〒430-0939 静岡県浜松市中区連尺町３１４?３６ 206号,,https://www.instagram.com/levelupren/,,"2024-02-29 木曜日 24 時間営業
2024-03-01 金曜日 24 時間営業
2024-03-02 土曜日 24 時間営業
2024-03-03 日曜日 24 時間営業
2024-03-04 月曜日 24 時間営業
2024-03-05 火曜日 24 時間営業
2024-03-06 水曜日 24 時間営業
",1,34.7071222,137.7281299,東京,なし,,,0,その他,その他,その他,feature:24h,
キッズダンススタジオSerenita西新井店,〒123-0842 東京都足立区栗原１丁目７?２０ 3階,,http://yoga-serenita.com/kidsdance,050-3555-0206,"2024-02-29 木曜日 9時00分～21時00分
2024-03-01 金曜日 9時00分～21時00分
2024-03-02 土曜日 9時00分～21時00分
2024-03-03 日曜日 9時00分～21時00分
2024-03-04 月曜日 9時00分～21時00分
2024-03-05 火曜日 9時00分～21時00分
2024-03-06 水曜日 9時00分～21時00分
",1,35.7791806,139.789952,東京,なし,,,0,足立区,北千住,北千住,area:北千住|feature:24h,
キッズダンススタジオstudioCROSS（スタジオクロス）高幡不動クラス 日野市 多摩カルチャーセンター,〒191-0031 東京都日野市高幡３?１０ 遠藤ビル 2階,,http://www.studiocross.info/,042-505-8179,"オーナーが女性と確認されたビジネス2024-02-29 木曜日 定休日
2024-03-01 金曜日 16時30分～20時00分
2024-03-02 土曜日 定休日
2024-03-03 日曜日 定休日
2024-03-04 月曜日 定休日
2024-03-05 火曜日 定休日
2024-03-06 水曜日 17時00分～19時15分
",1,35.6621,139.4125509,東京,なし,,,0,日野市,日野,日野,area:日野|feature:24h,
キッズダンススタジオstudioCROSS（スタジオクロス）国立駅ゴールドジムクラス,〒186-0004 東京都国立市中１丁目9?３０ 国立せきやビル 5階 ゴールドジム内,,https://studiocross.info/,042-505-8179,"オーナーが女性と確認されたビジネス2024-02-29 木曜日 17時00分～18時00分
2024-03-01 金曜日 定休日
2024-03-02 土曜日 定休日
2024-03-03 日曜日 定休日
2024-03-04 月曜日 定休日
2024-03-05 火曜日 16時40分～20時10分
2024-03-06 水曜日 18時00分～19時00分
",1,35.6978931,139.4457648,東京,なし,,,0,国立市,国立,国立,area:国立|feature:24h,
キッズダンススタジオstudioCROSS（スタジオクロス）国立谷保スタジオ,〒186-0003 東京都国立市富士見台２丁目１８?２ 富士見台ビル 2階,,http://www.studiocross.info/,042-505-8179,"オーナーが女性と確認されたビジネス2024-02-29 木曜日 8時00分～22時00分
2024-03-01 金曜日 8時00分～22時00分
2024-03-02 土曜日 8時00分～22時00分
2024-03-03 日曜日 8時00分～11時00分
2024-03-04 月曜日 8時00分～22時00分
2024-03-05 火曜日 8時00分～22時00分
2024-03-06 水曜日 8時00分～22時00分
",1,35.6825478,139.4462231,東京,なし,,,0,国立市,国立,国立,area:国立|feature:24h,
キッズダンススタジオstudioCROSS（スタジオクロス）聖蹟桜ヶ丘クラス 多摩市 多摩カルチャーセンター,〒206-0011 東京都多摩市関戸４丁目73?１ よこくらビル 3階,,https://studiocross.info/,042-505-8179,"2024-02-29 木曜日 定休日
2024-03-01 金曜日 17時00分～19時00分
2024-03-02 土曜日 定休日
2024-03-03 日曜日 定休日
2024-03-04 月曜日 定休日
2024-03-05 火曜日 定休日
2024-03-06 水曜日 定休日
",1,35.6492144,139.4477324,東京,なし,,,0,多摩市,多摩センター,多摩センター,area:多摩センター|feature:24h,
Dance Studio Bingo（日野Bingo）,〒191-0062 東京都日野市多摩平１丁目4?１５ ダイマルビル 2階,,https://dancestudio-bingo.com/,,,1,35.6622505,139.3794067,東京,なし,,,0,日野市,日野,日野,area:日野,
フラメンコスタジオ エル ソニケテ,〒191-0062 東京都日野市多摩平２丁目１２?２ 山崎ビル1F,,http://www.soniquete.info/,,"2024-02-29 木曜日 9時00分～23時00分
2024-03-01 金曜日 9時00分～23時00分
2024-03-02 土曜日 9時00分～23時00分
2024-03-03 日曜日 9時00分～23時00分
2024-03-04 月曜日 9時00分～23時00分
2024-03-05 火曜日 9時00分～23時00分
2024-03-06 水曜日 9時00分～23時00分
",1,35.6625697,139.3825852,東京,なし,,,0,日野市,日野,日野,area:日野|feature:24h,
キャナリー,〒150-0002 東京都渋谷区渋谷１丁目４?６,,https://www.triple-rental.studio/,03-6427-7392,,1,35.6614302,139.7054199,東京,渋谷駅,509,渋谷駅|表参道駅|原宿駅,3,渋谷区,渋谷,渋谷|恵比寿|代官山|原宿,area:渋谷|station:渋谷駅|station:表参道駅|station:原宿駅,
キューブキッズスポーツ,〒214-0012 神奈川県川崎市多摩区中野島２丁目９?３０ スポーツキューブ,,http://www.asaya-corp.co.jp/contact/,044-933-8866,"2024-02-29 木曜日 10時00分～21時00分
2024-03-01 金曜日 10時00分～21時00分
2024-03-02 土曜日 10時00分～18時00分
2024-03-03 日曜日 定休日
2024-03-04 月曜日 10時00分～21時00分
2024-03-05 火曜日 10時00分～21時00分
2024-03-06 水曜日 10時00分～21時00分
",1,35.6253317,139.5495112,東京,なし,,,0,その他,その他,その他,feature:24h,
クボタナオコバレエスタジオ,〒115-0055 東京都北区赤羽西１丁目１?７,,https://kubotanaoko-ballet.com/,03-3900-4733,,1,35.775216,139.720998,東京,赤羽駅,241,赤羽駅,1,北区,赤羽,赤羽,area:赤羽|station:赤羽駅,
クラウドナインスタジオ 町田店,〒194-0013 東京都町田市原町田４丁目１１?１４ コロンブスビル 6F,,https://www.cloud-9-studio.com/studio/machida.html,042-721-9091,"2024-02-29 木曜日 10時00分～0時00分
2024-03-01 金曜日 10時00分～0時00分
2024-03-02 土曜日 9時00分～0時00分
2024-03-03 日曜日 9時00分～0時00分
2024-03-04 月曜日 10時00分～0時00分
2024-03-05 火曜日 10時00分～0時00分
2024-03-06 水曜日 10時00分～0時00分
",1,35.5423598,139.4485981,東京,町田駅,213,町田駅,1,町田市,町田,町田,area:町田|station:町田駅|feature:24h,
ベストスタジオ中野,〒164-0001 東京都中野区中野５丁目４６ 9ABCハウス 101,,https://beststudio.jp/,,"2024-02-29 木曜日 8時00分～22時00分
2024-03-01 金曜日 8時00分～22時00分
2024-03-02 土曜日 8時00分～22時00分
2024-03-03 日曜日 8時00分～22時00分
2024-03-04 月曜日 8時00分～22時00分
2024-03-05 火曜日 8時00分～22時00分
2024-03-06 水曜日 8時00分～22時00分
",1,35.7082859,139.667101,東京,中野駅,303,中野駅,1,中野区,中野,中野,area:中野|station:中野駅|feature:24h,
グラッドリ,〒160-0004 東京都新宿区四谷１丁目１５,,http://www.gladdori.com/,03-6457-7817,"2024-02-29 木曜日 9時00分～22時00分
2024-03-01 金曜日 9時00分～22時00分
2024-03-02 土曜日 10時00分～20時00分
2024-03-03 日曜日 10時00分～20時00分
2024-03-04 月曜日 9時00分～22時00分
2024-03-05 火曜日 9時00分～22時00分
2024-03-06 水曜日 9時00分～22時00分",1,35.6848875,139.7276424,東京,なし,,,0,新宿区,新宿,新宿|西新宿|高田馬場|新大久保,area:新宿|feature:24h,
sr pilates studio 中野,〒164-0001 東京都中野区中野５丁目３２?１１ シティプラザ中野 305,,https://coubic.com/srpilates/2935443,,"2024-02-29 木曜日 6時00分～0時00分
2024-03-01 金曜日 6時00分～0時00分
2024-03-02 土曜日 6時00分～0時00分
2024-03-03 日曜日 6時00分～0時00分
2024-03-04 月曜日 6時00分～0時00分
2024-03-05 火曜日 6時00分～0時00分
2024-03-06 水曜日 6時00分～0時00分
",1,35.7063178,139.6668532,東京,中野駅,110,中野駅,1,中野区,中野,中野,area:中野|station:中野駅|feature:24h,
ケアリノフラスタジオ,〒179-0081 東京都練馬区北町８丁目３６?２,,http://kealino-hula.com/,03-6915-7537,"2024-02-29 木曜日 定休日
2024-03-01 金曜日 11時30分～20時30分
2024-03-02 土曜日 11時30分～16時00分
2024-03-03 日曜日 10時00分～17時00分
2024-03-04 月曜日 18時30分～20時00分
2024-03-05 火曜日 10時00分～21時30分
2024-03-06 水曜日 18時30分～20時00分
",1,35.7678848,139.6467535,東京,なし,,,0,練馬区,練馬,練馬,area:練馬|feature:24h,
"レンタルスタジオDance""MOVE""!!",〒165-0027 東京都中野区野方５丁目３０?６ ひろきやビル 2階,,,,"2024-02-29 木曜日 24 時間営業
2024-03-01 金曜日 24 時間営業
2024-03-02 土曜日 24 時間営業
2024-03-03 日曜日 14時00分～23時30分
2024-03-04 月曜日 24 時間営業
2024-03-05 火曜日 24 時間営業
2024-03-06 水曜日 24 時間営業
",1,35.7193233,139.6516856,東京,なし,,,0,中野区,中野,中野,area:中野|feature:24h,
ゴールドジム南大沢東京,〒192-0364 東京都八王子市南大沢２丁目30番地 サザンウィンズ南大沢 2F,,https://www.goldsgym.jp/shop/10210,042-670-3737,"2024-02-29 木曜日 7時00分～23時00分
2024-03-01 金曜日 7時00分～23時00分
2024-03-02 土曜日 7時00分～23時00分
2024-03-03 日曜日 9時00分～20時00分
2024-03-04 月曜日 7時00分～23時00分
2024-03-05 火曜日 7時00分～23時00分
2024-03-06 水曜日 7時00分～23時00分
",1,35.6140418,139.3812614,東京,なし,,,0,八王子市,八王子,八王子,area:八王子|feature:24h,
こどもディスコダンスアカデミー/N Contemporary Dance Arts キッズ・女性専用・役者,〒196-0015 東京都昭島市昭和町５丁目６?２０ サンリコー昭島,,https://kurikodomodisco.wixsite.com/mysite,090-3542-4422,"LGBTQ フレンドリー2024-02-29 木曜日 10時00分～21時00分
2024-03-01 金曜日 10時00分～21時00分
2024-03-02 土曜日 10時00分～21時00分
2024-03-03 日曜日 10時00分～21時00分
2024-03-04 月曜日 10時00分～21時00分
2024-03-05 火曜日 10時00分～21時00分
2024-03-06 水曜日 10時00分～21時00分
",1,35.7124283,139.360853,東京,なし,,,0,東京都,東京,東京,area:東京|feature:24h,
studio RhythMoon（スタジオ・リズムーン）,〒167-0022 東京都杉並区下井草５丁目１６?９,,http://www.studiorhythmoon.com/,,"2024-02-29 木曜日 9時00分～22時00分
2024-03-01 金曜日 9時00分～22時00分
2024-03-02 土曜日 9時00分～22時00分
2024-03-03 日曜日 9時00分～22時00分
2024-03-04 月曜日 9時00分～22時00分
2024-03-05 火曜日 9時00分～22時00分
2024-03-06 水曜日 9時00分～22時00分
",1,35.7232489,139.6157279,東京,なし,,,0,杉並区,高円寺,高円寺,area:高円寺|feature:24h,
コンバレエスタジオ Kon Ballet Studio 糀谷店,〒144-0035 東京都大田区南蒲田３丁目１３?１２ キザキビル2F.3F,,http://konballetstudio.com/kojiya/,080-1872-6788,"2024-02-29 木曜日 9時00分～20時00分
2024-03-01 金曜日 9時00分～20時00分
2024-03-02 土曜日 9時00分～20時00分
2024-03-03 日曜日 9時00分～20時00分
2024-03-04 月曜日 9時00分～20時00分
2024-03-05 火曜日 9時00分～20時00分
2024-03-06 水曜日 9時00分～20時00分
",1,35.5527085,139.729643,東京,なし,,,0,大田区,蒲田,蒲田,area:蒲田|feature:24h,
サイスタジオ,〒173-0014 東京都板橋区大山東町１９?１ FM10ラ･アクシオンビル4階,,http://www.saistudio.net/,03-5375-1118,"2024-02-29 木曜日 10時00分～18時30分
2024-03-01 金曜日 10時00分～18時30分
2024-03-02 土曜日 定休日
2024-03-03 日曜日 定休日
2024-03-04 月曜日 10時00分～18時30分
2024-03-05 火曜日 10時00分～18時30分
2024-03-06 水曜日 10時00分～18時30分
",1,35.7481782,139.7038254,東京,なし,,,0,板橋区,成増,成増,area:成増|feature:24h,
サイスタジオ小茂根,〒173-0037 東京都板橋区小茂根１丁目９?５ サイスタジオ小茂根 2F,,http://www.saistudio.net/,03-5375-1118,"2024-02-29 木曜日 10時00分～18時30分
2024-03-01 金曜日 10時00分～18時30分
2024-03-02 土曜日 定休日
2024-03-03 日曜日 定休日
2024-03-04 月曜日 10時00分～18時30分
2024-03-05 火曜日 10時00分～18時30分
2024-03-06 水曜日 10時00分～18時30分
",1,35.7442365,139.6803897,東京,なし,,,0,板橋区,成増,成増,area:成増|feature:24h,
サウンドスタジオM小岩,〒133-0057 東京都江戸川区西小岩１丁目２７?１６ オルフェウスビル 4F,,http://www.soundstudio-m.com/koiwa/index.html,03-3672-6316,"2024-02-29 木曜日 12時00分～23時00分
2024-03-01 金曜日 12時00分～23時00分
2024-03-02 土曜日 9時00分～23時00分
2024-03-03 日曜日 9時00分～23時00分
2024-03-04 月曜日 12時00分～23時00分
2024-03-05 火曜日 12時00分～23時00分
2024-03-06 水曜日 12時00分～23時00分
",1,35.73532,139.882313,東京,なし,,,0,江戸川区,西葛西,西葛西,area:西葛西|feature:24h,
サウンドスタジオノア 学芸大店,〒152-0003 東京都目黒区碑文谷５丁目２５?１０ ノアビル２２,,https://www.studionoah.jp/gakudai/,03-3710-2011,"2024-02-29 木曜日 10時30分～23時00分
2024-03-01 金曜日 10時30分～8時00分
2024-03-02 土曜日 9時30分～8時00分
2024-03-03 日曜日 9時30分～23時00分
2024-03-04 月曜日 10時30分～23時00分
2024-03-05 火曜日 10時30分～23時00分
2024-03-06 水曜日 10時30分～23時00分
",1,35.6235223,139.6795324,東京,学芸大学駅,755,学芸大学駅,1,目黒区,中目黒,中目黒,area:中目黒|station:学芸大学駅|feature:24h,
サウンドスタジオノア 吉祥寺店,〒180-0002 東京都武蔵野市吉祥寺東町１丁目４?２７ アソルティ吉祥寺エスト B1,,https://www.studionoah.jp/kichijoji/,0422-23-1741,"2024-02-29 木曜日 24 時間営業
2024-03-01 金曜日 24 時間営業
2024-03-02 土曜日 24 時間営業
2024-03-03 日曜日 24 時間営業
2024-03-04 月曜日 24 時間営業
2024-03-05 火曜日 24 時間営業
2024-03-06 水曜日 24 時間営業
",1,35.7068043,139.5807319,東京,吉祥寺駅,414,吉祥寺駅,1,武蔵野市,吉祥寺,吉祥寺,area:吉祥寺|station:吉祥寺駅|feature:24h,
サウンドスタジオノア 恵比寿店,〒150-0013 東京都渋谷区恵比寿４丁目４?１２,,https://www.studionoah.jp/ebisu/,03-5447-6066,"2024-02-29 木曜日 9時00分～23時00分
2024-03-01 金曜日 9時00分～23時00分
2024-03-02 土曜日 7時30分～23時00分
2024-03-03 日曜日 7時30分～23時00分
2024-03-04 月曜日 9時00分～23時00分
2024-03-05 火曜日 9時00分～23時00分
2024-03-06 水曜日 9時00分～23時00分
",1,35.6452623,139.7115636,東京,恵比寿駅,206,恵比寿駅,1,渋谷区,渋谷,渋谷|恵比寿|代官山|原宿,area:渋谷|station:恵比寿駅|feature:24h,
サウンドスタジオノア 御茶ノ水店,〒101-0062 東京都千代田区神田駿河台２丁目１?１７,,https://www.studionoah.jp/ochanomizu/,03-5217-7680,"2024-02-29 木曜日 8時00分～23時00分
2024-03-01 金曜日 8時00分～0時00分
2024-03-02 土曜日 24 時間営業
2024-03-03 日曜日 0時00分～23時00分
2024-03-04 月曜日 8時00分～23時00分
2024-03-05 火曜日 8時00分～23時00分
2024-03-06 水曜日 8時00分～23時00分
",1,35.6997385,139.7629673,東京,秋葉原駅,1023,秋葉原駅,1,千代田区,秋葉原,秋葉原,area:秋葉原|station:秋葉原駅|feature:24h,
サウンドスタジオノア 三軒茶屋店,〒154-0024 東京都世田谷区三軒茶屋１丁目５?１５,,https://www.studionoah.jp/sancha/,03-5432-7221,"2024-02-29 木曜日 9時00分～6時00分
2024-03-01 金曜日 9時00分～6時00分
2024-03-02 土曜日 9時00分～6時00分
2024-03-03 日曜日 9時00分～6時00分
2024-03-04 月曜日 9時00分～6時00分
2024-03-05 火曜日 9時00分～6時00分
2024-03-06 水曜日 9時00分～6時00分
",1,35.6402972,139.6748104,東京,三軒茶屋駅,622,三軒茶屋駅,1,世田谷区,下北沢,下北沢|三軒茶屋|二子玉川|自由が丘,area:下北沢|station:三軒茶屋駅|feature:24h,
サウンドスタジオノア 秋葉原店,〒101-0021 東京都千代田区外神田６丁目１４?８,,https://www.studionoah.jp/akihabara/,03-5816-8383,"2024-02-29 木曜日 24 時間営業
2024-03-01 金曜日 24 時間営業
2024-03-02 土曜日 24 時間営業
2024-03-03 日曜日 24 時間営業
2024-03-04 月曜日 24 時間営業
2024-03-05 火曜日 24 時間営業
2024-03-06 水曜日 24 時間営業
",1,35.7034698,139.7714863,東京,秋葉原駅,587,秋葉原駅,1,千代田区,秋葉原,秋葉原,area:秋葉原|station:秋葉原駅|feature:24h,
サウンドスタジオノア 初台店,〒151-0053 東京都渋谷区代々木４丁目３６?１８,,https://www.studionoah.jp/hatsudai/,03-3373-3711,"2024-02-29 木曜日 24 時間営業
2024-03-01 金曜日 24 時間営業
2024-03-02 土曜日 24 時間営業
2024-03-03 日曜日 24 時間営業
2024-03-04 月曜日 24 時間営業
2024-03-05 火曜日 24 時間営業
2024-03-06 水曜日 24 時間営業
",1,35.6811912,139.6891125,東京,代々木駅,1186,代々木駅,1,渋谷区,渋谷,渋谷|恵比寿|代官山|原宿,area:渋谷|station:代々木駅|feature:24h,
サウンドスタジオノア 新宿店,〒160-0023 東京都新宿区西新宿７丁目１０?１２,,https://www.studionoah.jp/shinjuku/,03-5332-8366,"2024-02-29 木曜日 9時00分～6時00分
2024-03-01 金曜日 9時00分～6時00分
2024-03-02 土曜日 9時00分～6時00分
2024-03-03 日曜日 9時00分～23時00分
2024-03-04 月曜日 9時00分～23時00分
2024-03-05 火曜日 9時00分～6時00分
2024-03-06 水曜日 9時00分～6時00分",1,35.694215,139.698511,東京,西武新宿駅,262,西武新宿駅|新宿駅|新大久保駅,3,新宿区,新宿,新宿|西新宿|高田馬場|新大久保,area:新宿|station:西武新宿駅|station:新宿駅|station:新大久保駅|feature:24h,
サウンドスタジオノア 赤坂店,〒107-0052 東京都港区赤坂３丁目１３?１１,,https://www.studionoah.jp/akasaka/,03-3589-6211,"2024-02-29 木曜日 8時00分～23時00分
2024-03-01 金曜日 8時00分～23時00分
2024-03-02 土曜日 8時00分～23時00分
2024-03-03 日曜日 8時00分～23時00分
2024-03-04 月曜日 8時00分～23時00分
2024-03-05 火曜日 8時00分～23時00分
2024-03-06 水曜日 8時00分～23時00分
",1,35.6731656,139.7372313,東京,赤坂駅,57,赤坂駅|青山一丁目駅,2,港区,六本木,六本木|赤坂|麻布|新橋,area:六本木|station:赤坂駅|station:青山一丁目駅|feature:24h,
サウンドスタジオノア 代々木,〒151-0051 東京都渋谷区千駄ケ谷４丁目２６?５ 代々木ノアビル,,https://www.studionoah.jp/yoyogi/,03-3408-8819,"2024-02-29 木曜日 9時00分～23時00分
2024-03-01 金曜日 9時00分～23時00分
2024-03-02 土曜日 9時00分～23時00分
2024-03-03 日曜日 9時00分～23時00分
2024-03-04 月曜日 9時00分～23時00分
2024-03-05 火曜日 9時00分～23時00分
2024-03-06 水曜日 9時00分～23時00分
",1,35.6809855,139.7043183,東京,代々木駅,309,代々木駅|新宿駅,2,渋谷区,渋谷,渋谷|恵比寿|代官山|原宿,area:渋谷|station:代々木駅|station:新宿駅|feature:24h,
サウンドスタジオノア 中野店,〒164-0001 東京都中野区中野３丁目３９?２,,https://www.studionoah.jp/nakano/,03-6304-8606,"2024-02-29 木曜日 24 時間営業
2024-03-01 金曜日 24 時間営業
2024-03-02 土曜日 24 時間営業
2024-03-03 日曜日 24 時間営業
2024-03-04 月曜日 24 時間営業
2024-03-05 火曜日 24 時間営業
2024-03-06 水曜日 24 時間営業
",1,35.7041516,139.6642213,東京,中野駅,231,中野駅,1,中野区,中野,中野,area:中野|station:中野駅|feature:24h,
サウンドスタジオノア 目黒不動前店,〒141-0031 東京都品川区西五反田４丁目３２?１４ 不動前ノアビル,,https://www.studionoah.jp/fudomae/,03-6910-4550,"2024-02-29 木曜日 10時00分～22時00分
2024-03-01 金曜日 10時00分～22時00分
2024-03-02 土曜日 8時00分～22時00分
2024-03-03 日曜日 8時00分～22時00分
2024-03-04 月曜日 10時00分～22時00分
2024-03-05 火曜日 10時00分～22時00分
2024-03-06 水曜日 10時00分～22時00分
",1,35.6259299,139.7136672,東京,五反田駅,886,五反田駅|目黒駅,2,品川区,品川,品川|五反田|大井町|目黒,area:品川|station:五反田駅|station:目黒駅|feature:24h,
ソニズレンタルスタジオ南阿佐ヶ谷店,〒166-0015 東京都杉並区成田東５丁目３９?１２ グローリーハイツ南阿佐ケ谷榎本 B1F,,https://sonysdance.com/,,"2024-02-29 木曜日 6時00分～23時00分
2024-03-01 金曜日 6時00分～23時00分
2024-03-02 土曜日 6時00分～23時00分
2024-03-03 日曜日 6時00分～23時00分
2024-03-04 月曜日 6時00分～23時00分
2024-03-05 火曜日 6時00分～23時00分
2024-03-06 水曜日 6時00分～23時00分
",1,35.6995228,139.6342706,東京,なし,,,0,杉並区,高円寺,高円寺,area:高円寺|feature:24h,
サウンドスタジオノア 野方店,〒165-0027 東京都中野区野方３丁目３０?７,,https://www.studionoah.jp/nogata/,03-5380-1969,"2024-02-29 木曜日 9時00分～6時00分
2024-03-01 金曜日 9時00分～6時00分
2024-03-02 土曜日 9時00分～6時00分
2024-03-03 日曜日 9時00分～23時00分
2024-03-04 月曜日 9時00分～6時00分
2024-03-05 火曜日 9時00分～6時00分
2024-03-06 水曜日 9時00分～6時00分
",1,35.7192722,139.6540263,東京,なし,,,0,中野区,中野,中野,area:中野|feature:24h,
サウンドスタジオノア銀座店,〒104-0061 東京都中央区銀座３丁目９?２,,http://ginza.studionoah.jp/,03-3524-2155,"2024-02-29 木曜日 9時00分～23時00分
2024-03-01 金曜日 9時00分～23時00分
2024-03-02 土曜日 8時00分～23時00分
2024-03-03 日曜日 8時00分～23時00分
2024-03-04 月曜日 9時00分～23時00分
2024-03-05 火曜日 9時00分～23時00分
2024-03-06 水曜日 9時00分～23時00分
",1,35.6719194,139.7681246,東京,有楽町駅,557,有楽町駅|東京駅|新橋駅,3,中央区,銀座,銀座|日本橋|八丁堀|月島,area:銀座|station:有楽町駅|station:東京駅|station:新橋駅|feature:24h,
サウンドスタジオノア駒沢店,〒154-0011 東京都世田谷区上馬４丁目２?７ ６F,,https://www.studionoah.jp/komazawa/,03-5433-5711,"2024-02-29 木曜日 9時00分～6時00分
2024-03-01 金曜日 9時00分～0時00分
2024-03-02 土曜日 24 時間営業
2024-03-03 日曜日 0時00分～23時00分
2024-03-04 月曜日 9時00分～23時00分
2024-03-05 火曜日 9時00分～6時00分
2024-03-06 水曜日 9時00分～6時00分
",1,35.6345084,139.6629264,東京,三軒茶屋駅,1180,三軒茶屋駅,1,世田谷区,下北沢,下北沢|三軒茶屋|二子玉川|自由が丘,area:下北沢|station:三軒茶屋駅|feature:24h,
サウンドスタジオノア都立大店,〒152-0031 東京都目黒区中根１丁目２?２,,https://www.studionoah.jp/toritsudai/,03-3725-0010,"2024-02-29 木曜日 24 時間営業
2024-03-01 金曜日 24 時間営業
2024-03-02 土曜日 24 時間営業
2024-03-03 日曜日 24 時間営業
2024-03-04 月曜日 24 時間営業
2024-03-05 火曜日 24 時間営業
2024-03-06 水曜日 24 時間営業
",1,35.618255,139.6764201,東京,なし,,,0,目黒区,中目黒,中目黒,area:中目黒|feature:24h,
サカモトトモキ・ダンススタジオ,〒162-0805 東京都新宿区矢来町６５ 2階,,https://sinjyuku-shakoudance.webnode.jp/,03-5261-5830,"2024-02-29 木曜日 12時30分～21時30分
2024-03-01 金曜日 12時30分～21時30分
2024-03-02 土曜日 12時30分～18時30分
2024-03-03 日曜日 定休日
2024-03-04 月曜日 12時30分～21時30分
2024-03-05 火曜日 12時30分～21時30分
2024-03-06 水曜日 12時30分～21時30分
",1,35.7039587,139.7329617,東京,なし,,,0,新宿区,新宿,新宿|西新宿|高田馬場|新大久保,area:新宿|feature:24h,
ささらバレエアカデミー 平井駅,〒132-0035 東京都江戸川区平井５丁目２２?１２ 加瀬電機ビル,,https://sasalaballet.wixsite.com/sasala,090-4596-2991,,1,35.707721,139.8425299,東京,なし,,,0,江戸川区,西葛西,西葛西,area:西葛西,
TONIC DANCE STUDIO 阿佐ヶ谷,〒166-0004 東京都杉並区阿佐谷南３丁目１?２１ 徳和ビル 地下1階,,https://www.tonicdancestudio.com/asagaya,,"2024-02-29 木曜日 24 時間営業
2024-03-01 金曜日 24 時間営業
2024-03-02 土曜日 24 時間営業
2024-03-03 日曜日 24 時間営業
2024-03-04 月曜日 24 時間営業
2024-03-05 火曜日 24 時間営業
2024-03-06 水曜日 24 時間営業
",1,35.7016692,139.6358645,東京,なし,,,0,杉並区,高円寺,高円寺,area:高円寺|feature:24h,
サムシン コンビニエンス スタジオ,〒104-0032 東京都中央区八丁堀２丁目１?２ 水澤ビル,,http://sumthin-studio.com/,03-6222-8987,,1,35.6776233,139.7748927,東京,東京駅,808,東京駅|有楽町駅,2,中央区,銀座,銀座|日本橋|八丁堀|月島,area:銀座|station:東京駅|station:有楽町駅,
サムズダンススタジオ,〒158-0097 東京都世田谷区用賀４丁目１１?４ 福島第一ビル 2F,,http://www.sams-ds.com/,03-3708-3945,"2024-02-29 木曜日 12時00分～22時00分
2024-03-01 金曜日 12時00分～22時00分
2024-03-02 土曜日 12時00分～22時00分
2024-03-03 日曜日 12時00分～22時00分
2024-03-04 月曜日 12時00分～22時00分
2024-03-05 火曜日 12時00分～22時00分
2024-03-06 水曜日 12時00分～22時00分
",1,35.6270504,139.6341611,東京,なし,,,0,世田谷区,下北沢,下北沢|三軒茶屋|二子玉川|自由が丘,area:下北沢|feature:24h,
サラ・プランタ,〒150-0013 東京都渋谷区恵比寿１丁目１６?番28号 2?4階 Tkビル,,https://sala-planta.iberia-j.com/,03-3449-0596,"2024-02-29 木曜日 10時00分～22時00分
2024-03-01 金曜日 10時00分～22時00分
2024-03-02 土曜日 10時00分～22時00分
2024-03-03 日曜日 10時00分～22時00分
2024-03-04 月曜日 10時00分～22時00分
2024-03-05 火曜日 10時00分～22時00分
2024-03-06 水曜日 10時00分～22時00分
",1,35.6479448,139.7131873,東京,恵比寿駅,311,恵比寿駅,1,渋谷区,渋谷,渋谷|恵比寿|代官山|原宿,area:渋谷|station:恵比寿駅|feature:24h,
サワミュージカルスタジオ,"関島ビル B2F, １丁目-１４-１２ 弥生町 中野区 東京都 164-0013",,http://studio.dp-sawa.com/,03-3352-1822,"2024-02-29 木曜日 24 時間営業
2024-03-01 金曜日 24 時間営業
2024-03-02 土曜日 24 時間営業
2024-03-03 日曜日 24 時間営業
2024-03-04 月曜日 24 時間営業
2024-03-05 火曜日 24 時間営業
2024-03-06 水曜日 24 時間営業
",1,35.6906824,139.6813867,東京,なし,,,0,中野区,中野,中野,area:中野|feature:24h,
サン・スタジオ,〒152-0034 東京都目黒区緑が丘２丁目７?８,,http://www.sun-studio1.com/,03-5729-0065,,1,35.6088717,139.6745205,東京,自由が丘駅,536,自由が丘駅,1,目黒区,中目黒,中目黒,area:中目黒|station:自由が丘駅,
クリエイティブスペース・フュージョン,〒167-0053 東京都杉並区西荻南３丁目２４?２４?１ 西荻マイロード 27,,https://creativespacefusion.com/,,"2024-02-29 木曜日 15時00分～22時30分
2024-03-01 金曜日 16時30分～22時30分
2024-03-02 土曜日 9時00分～22時30分
2024-03-03 日曜日 10時00分～22時00分
2024-03-04 月曜日 18時30分～22時30分
2024-03-05 火曜日 15時00分～22時30分
2024-03-06 水曜日 15時00分～22時30分
",1,35.7037771,139.6010593,東京,なし,,,0,杉並区,高円寺,高円寺,area:高円寺|feature:24h,
レンタルスタジオ 阿佐ヶ谷リノ,〒166-0015 東京都杉並区成田東５丁目２０?９,,https://asagaya-lino.linovery.com/,,"2024-02-29 木曜日 6時00分～22時00分
2024-03-01 金曜日 6時00分～22時00分
2024-03-02 土曜日 6時00分～22時00分
2024-03-03 日曜日 6時00分～22時00分
2024-03-04 月曜日 6時00分～22時00分
2024-03-05 火曜日 6時00分～22時00分
2024-03-06 水曜日 6時00分～22時00分
",1,35.7010783,139.6311827,東京,なし,,,0,杉並区,高円寺,高円寺,area:高円寺|feature:24h,
ジーロックス・スタジオ,〒168-0073 東京都杉並区下高井戸１丁目１５?１２,,http://www.groks.co.jp/,03-3325-3311,"2024-02-29 木曜日 11時00分～23時00分
2024-03-01 金曜日 11時00分～23時00分
2024-03-02 土曜日 11時00分～23時00分
2024-03-03 日曜日 11時00分～23時00分
2024-03-04 月曜日 11時00分～23時00分
2024-03-05 火曜日 11時00分～23時00分
2024-03-06 水曜日 11時00分～23時00分
",1,35.6675691,139.6370976,東京,なし,,,0,杉並区,高円寺,高円寺,area:高円寺|feature:24h,
BUZZ田無,〒188-8511 東京都西東京市田無町３丁目１０?１５ 京屋ビル 2階,,https://buzz-st.com/tanashi/,,"2024-02-29 木曜日 24 時間営業
2024-03-01 金曜日 24 時間営業
2024-03-02 土曜日 24 時間営業
2024-03-03 日曜日 24 時間営業
2024-03-04 月曜日 24 時間営業
2024-03-05 火曜日 24 時間営業
2024-03-06 水曜日 24 時間営業
",1,35.7297714,139.5416633,東京,なし,,,0,西東京市,ひばりヶ丘,ひばりヶ丘,area:ひばりヶ丘|feature:24h,
ジムスタジオ IT'S MY TIME府中駅前店,〒183-0023 東京都府中市宮町１丁目23?３ 関口ビル 1階,,https://itsmytime.jp/,080-4356-1174,"2024-02-29 木曜日 10時00分～20時00分
2024-03-01 金曜日 10時00分～20時00分
2024-03-02 土曜日 10時00分～20時00分
2024-03-03 日曜日 10時00分～15時00分
2024-03-04 月曜日 10時00分～19時00分
2024-03-05 火曜日 10時00分～20時00分
2024-03-06 水曜日 10時00分～20時00分
",1,35.6707329,139.4819999,東京,府中駅,505,府中駅,1,府中市,府中,府中,area:府中|station:府中駅|feature:24h,
シャノワールレンタルスタジオ,〒110-0005 東京都台東区上野３丁目１４?５ ヴェルコ黒門ビル 地下1階,,https://chatnoir-studio.com/,050-3706-0720,"LGBTQ フレンドリー2024-02-29 木曜日 24 時間営業
2024-03-01 金曜日 24 時間営業
2024-03-02 土曜日 24 時間営業
2024-03-03 日曜日 24 時間営業
2024-03-04 月曜日 24 時間営業
2024-03-05 火曜日 24 時間営業
2024-03-06 水曜日 24 時間営業
",1,35.705623,139.7728236,東京,秋葉原駅,782,秋葉原駅|上野駅,2,台東区,上野,上野|浅草|御徒町|蔵前,area:上野|station:秋葉原駅|station:上野駅|feature:24h,
ジャパンポールダンス,〒160-0021 東京都新宿区歌舞伎町１丁目２３?１２ 第一桑原ビル 5F,,https://www.japan-poledance.com/,03-6233-8042,,1,35.6944875,139.7010903,東京,西武新宿駅,161,西武新宿駅|新宿駅|新大久保駅,3,新宿区,新宿,新宿|西新宿|高田馬場|新大久保,area:新宿|station:西武新宿駅|station:新宿駅|station:新大久保駅,
シュミネAスタジオStudioStyle+,〒169-0073 東京都新宿区百人町１丁目２４?７,,https://studiostyle.jp/chemine-a-studio/,090-8306-7493,"2024-02-29 木曜日 24 時間営業
2024-03-01 金曜日 24 時間営業
2024-03-02 土曜日 24 時間営業
2024-03-03 日曜日 24 時間営業
2024-03-04 月曜日 24 時間営業
2024-03-05 火曜日 24 時間営業
2024-03-06 水曜日 24 時間営業
",1,35.6986271,139.6975462,東京,新大久保駅,374,新大久保駅|西武新宿駅|新宿駅,3,新宿区,新宿,新宿|西新宿|高田馬場|新大久保,area:新宿|station:新大久保駅|station:西武新宿駅|station:新宿駅|feature:24h,
ジョイ・バレエ ストゥーディオ 平和台スタジオ,〒179-0083 東京都練馬区平和台３丁目１５?１１ 飯塚ダンススタジオ,,https://joy-ballet-studio.com/,090-9802-6402,"オーナーが女性と確認されたビジネス2024-02-29 木曜日 定休日
2024-03-01 金曜日 定休日
2024-03-02 土曜日 定休日
2024-03-03 日曜日 定休日
2024-03-04 月曜日 16時45分～18時40分
2024-03-05 火曜日 定休日
2024-03-06 水曜日 定休日
",1,35.7549666,139.6625881,東京,なし,,,0,練馬区,練馬,練馬,area:練馬|feature:24h,
ジョイ・バレエ ストゥーディオ 本部スタジオ,〒171-0052 東京都豊島区南長崎１丁目９?１６ ヒルトップビルド B1,,https://joy-ballet-studio.com/,090-9802-6402,"オーナーが女性と確認されたビジネス2024-02-29 木曜日 定休日
2024-03-01 金曜日 定休日
2024-03-02 土曜日 9時00分～21時00分
2024-03-03 日曜日 9時00分～16時00分
2024-03-04 月曜日 定休日
2024-03-05 火曜日 10時00分～21時00分
2024-03-06 水曜日 15時00分～21時00分
",1,35.7244323,139.6940291,東京,なし,,,0,豊島区,池袋,池袋|目白|大塚|巣鴨,area:池袋|feature:24h,
シライシダンススタジオ,〒106-0047 東京都港区南麻布５丁目１０?２６ ＯＲＥ広尾ビル ２階,,http://shiraishidance.com/,03-6450-4143,"2024-02-29 木曜日 12時00分～22時00分
2024-03-01 金曜日 12時00分～22時00分
2024-03-02 土曜日 12時00分～22時00分
2024-03-03 日曜日 定休日
2024-03-04 月曜日 12時00分～22時00分
2024-03-05 火曜日 12時00分～22時00分
2024-03-06 水曜日 12時00分～22時00分
",1,35.652829,139.722438,東京,麻布十番駅,1112,麻布十番駅,1,港区,六本木,六本木|赤坂|麻布|新橋,area:六本木|station:麻布十番駅|feature:24h,
シルクスタジオ,〒192-0912 東京都八王子市絹ケ丘１丁目２１?５,,https://hachioji.mypl.net/shop/00000359076/,042-657-3183,"2024-02-29 木曜日 10時00分～19時00分
2024-03-01 金曜日 10時00分～19時00分
2024-03-02 土曜日 10時00分～19時00分
2024-03-03 日曜日 10時00分～19時00分
2024-03-04 月曜日 10時00分～19時00分
2024-03-05 火曜日 10時00分～19時00分
2024-03-06 水曜日 10時00分～19時00分
",1,35.6397181,139.3620955,東京,なし,,,0,八王子市,八王子,八王子,area:八王子|feature:24h,
ジンドー学園,〒203-0014 東京都東久留米市東本町１?５ ジンドー学園ビル,,http://gakuen.jindo.jp/,042-475-6666,"2024-02-29 木曜日 10時00分～22時00分
2024-03-01 金曜日 10時00分～22時00分
2024-03-02 土曜日 10時00分～22時00分
2024-03-03 日曜日 10時00分～13時00分
2024-03-04 月曜日 10時00分～22時00分
2024-03-05 火曜日 10時00分～22時00分
2024-03-06 水曜日 10時00分～22時00分
",1,35.7615,139.533391,東京,なし,,,0,東久留米市,東久留米,東久留米,area:東久留米|feature:24h,
シンフォニー,〒114-0001 東京都北区東十条２丁目４?１２ 金鈴ビル,,https://sites.google.com/view/higashijujo-symphony/ホーム,03-3927-9255,"2024-02-29 木曜日 11時00分～21時30分
2024-03-01 金曜日 11時00分～21時30分
2024-03-02 土曜日 14時00分～21時30分
2024-03-03 日曜日 14時00分～21時30分
2024-03-04 月曜日 11時00分～21時30分
2024-03-05 火曜日 11時00分～21時30分
2024-03-06 水曜日 11時00分～21時30分
",1,35.762622,139.729525,東京,なし,,,0,北区,赤羽,赤羽,area:赤羽|feature:24h,
スギタダンススクール,〒435-0006 静岡県浜松市東区下石田町１５５８,,https://sugitadance.com/,053-421-7277,"2024-02-29 木曜日 10時00分～22時00分
2024-03-01 金曜日 10時00分～22時00分
2024-03-02 土曜日 10時00分～22時00分
2024-03-03 日曜日 定休日
2024-03-04 月曜日 10時00分～22時00分
2024-03-05 火曜日 10時00分～22時00分
2024-03-06 水曜日 10時00分～22時00分
",1,34.7357244,137.7828035,東京,なし,,,0,その他,その他,その他,feature:24h,
スキップスタジオ成城,〒157-0066 東京都世田谷区成城１丁目１?５,,http://studio.skip-corporation.com/seijo/index.php,070-3257-2196,"2024-02-29 木曜日 24 時間営業
2024-03-01 金曜日 24 時間営業
2024-03-02 土曜日 24 時間営業
2024-03-03 日曜日 24 時間営業
2024-03-04 月曜日 24 時間営業
2024-03-05 火曜日 24 時間営業
2024-03-06 水曜日 24 時間営業
",1,35.6325588,139.6054397,東京,なし,,,0,世田谷区,下北沢,下北沢|三軒茶屋|二子玉川|自由が丘,area:下北沢|feature:24h,
スタジオ ACTY,〒190-0023 東京都立川市柴崎町３丁目１４?６,,http://studio-acty.com/,090-2155-7991,,1,35.6939369,139.4110012,東京,立川駅,521,立川駅,1,立川市,立川,立川,area:立川|station:立川駅,
スタジオ in フットサルステージ（多摩センター）,〒206-0033 東京都多摩市落合１丁目４７ ニューシティ多摩センタービル ８F,,http://futsal-stage.com/studio/,042-316-7231,"2024-02-29 木曜日 12時00分～23時30分
2024-03-01 金曜日 12時00分～23時30分
2024-03-02 土曜日 8時00分～23時30分
2024-03-03 日曜日 8時00分～23時30分
2024-03-04 月曜日 12時00分～23時30分
2024-03-05 火曜日 12時00分～23時30分
2024-03-06 水曜日 12時00分～23時30分
",1,35.6218491,139.423251,東京,なし,,,0,多摩市,多摩センター,多摩センター,area:多摩センター|feature:24h,
スタジオ With The Heart,"関口１丁目１５ー１ ミサオビルB１F, 文京区 東京都 112-0014",,http://studiowth.com/,03-5579-8548,"2024-02-29 木曜日 24 時間営業
2024-03-01 金曜日 24 時間営業
2024-03-02 土曜日 24 時間営業
2024-03-03 日曜日 24 時間営業
2024-03-04 月曜日 24 時間営業
2024-03-05 火曜日 24 時間営業
2024-03-06 水曜日 24 時間営業
",1,35.7082251,139.7341482,東京,なし,,,0,文京区,後楽園,後楽園,area:後楽園|feature:24h,
スタジオ アッコルタ,〒150-0013 東京都渋谷区恵比寿２丁目６?２９ ACCOLTATS B1F,,https://www.accolta.com/,03-3440-5105,"2024-02-29 木曜日 定休日
2024-03-01 金曜日 10時00分～21時00分
2024-03-02 土曜日 10時00分～21時00分
2024-03-03 日曜日 10時00分～21時00分
2024-03-04 月曜日 10時00分～21時00分
2024-03-05 火曜日 10時00分～21時00分
2024-03-06 水曜日 10時00分～21時00分
",1,35.6467854,139.7173836,東京,恵比寿駅,658,恵比寿駅,1,渋谷区,渋谷,渋谷|恵比寿|代官山|原宿,area:渋谷|station:恵比寿駅|feature:24h,
スタジオ アドバンス,〒263-0031 千葉県千葉市稲毛区稲毛東３丁目１６?２,,http://studio-advance.com/,090-7186-1475,"2024-02-29 木曜日 9時00分～23時00分
2024-03-01 金曜日 9時00分～23時00分
2024-03-02 土曜日 9時00分～23時00分
2024-03-03 日曜日 9時00分～22時00分
2024-03-04 月曜日 9時00分～23時00分
2024-03-05 火曜日 9時00分～23時00分
2024-03-06 水曜日 9時00分～23時00分
",1,35.6368919,140.0916002,東京,なし,,,0,その他,その他,その他,feature:24h,
スタジオ エモーティフ,〒141-0031 東京都品川区西五反田５丁目２２?５ 藤ハイム B1F,,https://emotif.jp/,090-9382-6258,"2024-02-29 木曜日 24 時間営業
2024-03-01 金曜日 24 時間営業
2024-03-02 土曜日 24 時間営業
2024-03-03 日曜日 24 時間営業
2024-03-04 月曜日 24 時間営業
2024-03-05 火曜日 24 時間営業
2024-03-06 水曜日 24 時間営業
",1,35.6232647,139.7141502,東京,五反田駅,911,五反田駅,1,品川区,品川,品川|五反田|大井町|目黒,area:品川|station:五反田駅|feature:24h,
スタジオ エルヴール,〒142-0063 東京都品川区荏原４丁目１７?１９ エルヴール 203,,http://studio-eleveur.com/,03-3782-2800,"2024-02-29 木曜日 9時00分～22時00分
2024-03-01 金曜日 9時00分～22時00分
2024-03-02 土曜日 9時00分～22時00分
2024-03-03 日曜日 9時00分～22時00分
2024-03-04 月曜日 9時00分～22時00分
2024-03-05 火曜日 9時00分～22時00分
2024-03-06 水曜日 9時00分～22時00分
",1,35.614177,139.705452,東京,なし,,,0,品川区,品川,品川|五反田|大井町|目黒,area:品川|feature:24h,
スタジオ エレ,〒161-0034 東京都新宿区上落合３丁目２３?１７,,http://www.dancestudio-ailee.jp/,0120-555-043,"2024-02-29 木曜日 24 時間営業
2024-03-01 金曜日 24 時間営業
2024-03-02 土曜日 24 時間営業
2024-03-03 日曜日 24 時間営業
2024-03-04 月曜日 24 時間営業
2024-03-05 火曜日 24 時間営業
2024-03-06 水曜日 24 時間営業
",1,35.710251,139.682634,東京,なし,,,0,新宿区,新宿,新宿|西新宿|高田馬場|新大久保,area:新宿|feature:24h,
スタジオ クロア,〒145-0071 東京都大田区田園調布２丁目４６?３ ライトハウス田園調布 1F,,https://studiocroix.jp/,03-3722-7096,"オーナーが女性と確認されたビジネス2024-02-29 木曜日 13時00分～22時00分
2024-03-01 金曜日 9時00分～21時00分
2024-03-02 土曜日 9時00分～18時30分
2024-03-03 日曜日 9時00分～17時00分
2024-03-04 月曜日 16時00分～20時00分
2024-03-05 火曜日 13時00分～22時00分
2024-03-06 水曜日 9時00分～18時00分
",1,35.5971246,139.6714581,東京,自由が丘駅,1156,自由が丘駅,1,大田区,蒲田,蒲田,area:蒲田|station:自由が丘駅|feature:24h,
スタジオ クロア 第１スタジオ,〒145-0071 東京都大田区田園調布２丁目４６?１６,,https://studiocroix.jp/,03-3722-7096,"オーナーが女性と確認されたビジネス2024-02-29 木曜日 13時00分～22時00分
2024-03-01 金曜日 9時00分～21時00分
2024-03-02 土曜日 9時30分～18時30分
2024-03-03 日曜日 定休日
2024-03-04 月曜日 定休日
2024-03-05 火曜日 13時00分～22時00分
2024-03-06 水曜日 9時00分～18時00分
",1,35.597136,139.671206,東京,自由が丘駅,1150,自由が丘駅,1,大田区,蒲田,蒲田,area:蒲田|station:自由が丘駅|feature:24h,
ダンススタジオ ability,〒192-0066 東京都八王子市本町２４?８ クラフトビル 1F,,https://studio-ability.com/,,"2024-02-29 木曜日 17時00分～21時00分
2024-03-01 金曜日 17時00分～22時30分
2024-03-02 土曜日 11時00分～19時30分
2024-03-03 日曜日 定休日
2024-03-04 月曜日 17時00分～22時30分
2024-03-05 火曜日 17時00分～21時00分
2024-03-06 水曜日 16時00分～21時00分
",1,35.6622675,139.3317412,東京,八王子駅,981,八王子駅,1,八王子市,八王子,八王子,area:八王子|station:八王子駅|feature:24h,
スタジオ シヴァ音楽教室/中板橋,〒173-0016 東京都板橋区中板橋２０?１ プラシア 201(2階 モダ・ビエント中板橋,,https://www.ratel-story.com/studiosiva-musicschool?utm_source=google&utm_medium=wix_google_business_profile&utm_campaign=5280847348101629780,050-3574-0048,"オーナーが女性と確認されたビジネス2024-02-29 木曜日 10時00分～5時00分
2024-03-01 金曜日 10時00分～5時00分
2024-03-02 土曜日 10時00分～5時00分
2024-03-03 日曜日 10時00分～5時00分
2024-03-04 月曜日 10時00分～5時00分
2024-03-05 火曜日 10時00分～5時00分
2024-03-06 水曜日 10時00分～5時00分
",1,35.7556939,139.6964309,東京,なし,,,0,板橋区,成増,成増,area:成増|feature:24h,
レンタルスタジオNSA 1号店,〒001-0014 北海道札幌市北区北１４条西１丁目２?５ 三晃ビル,,https://www.studio-nsa.com/,,"2024-02-29 木曜日 24 時間営業
2024-03-01 金曜日 24 時間営業
2024-03-02 土曜日 24 時間営業
2024-03-03 日曜日 24 時間営業
2024-03-04 月曜日 24 時間営業
2024-03-05 火曜日 24 時間営業
2024-03-06 水曜日 24 時間営業
",1,43.0782135,141.3514096,東京,なし,,,0,北区,赤羽,赤羽,area:赤羽|feature:24h,
スタジオ ジュエル,〒179-0075 東京都練馬区高松１丁目１２?８,,http://www.studiojewel-r.com/,090-4835-3767,"2024-02-29 木曜日 15時30分～21時00分
2024-03-01 金曜日 15時30分～21時00分
2024-03-02 土曜日 定休日
2024-03-03 日曜日 定休日
2024-03-04 月曜日 15時30分～21時00分
2024-03-05 火曜日 15時30分～21時00分
2024-03-06 水曜日 定休日
",1,35.7461937,139.6329319,東京,なし,,,0,練馬区,練馬,練馬,area:練馬|feature:24h,
スタジオ ダ・ヴィンチ,"〒105-0021 東京都港区東新橋２丁目４?６ パラッツオシエナ 1 2,3F",,https://studio-davinci.jp/,03-6432-0160,"2024-02-29 木曜日 10時00分～19時00分
2024-03-01 金曜日 10時00分～19時00分
2024-03-02 土曜日 定休日
2024-03-03 日曜日 定休日
2024-03-04 月曜日 10時00分～19時00分
2024-03-05 火曜日 10時00分～19時00分
2024-03-06 水曜日 10時00分～19時00分
",1,35.6616165,139.7576011,東京,新橋駅,517,新橋駅|浜松町駅,2,港区,六本木,六本木|赤坂|麻布|新橋,area:六本木|station:新橋駅|station:浜松町駅|feature:24h,
スタジオ ノバック,〒185-0021 東京都国分寺市南町２丁目１７?７ B.C.B TAKURA 3F,,https://noback.co.jp/school/,042-359-7630,,1,35.6997243,139.4832291,東京,国分寺駅,235,国分寺駅,1,国分寺市,国分寺,国分寺,area:国分寺|station:国分寺駅,
スタジオククナ,〒114-0032 東京都北区中十条２丁目９?１５ 地下１階 瀬武興業第一ビル,,https://studio-kukuna.amebaownd.com/,,"2024-02-29 木曜日 10時00分～21時00分
2024-03-01 金曜日 10時00分～21時00分
2024-03-02 土曜日 10時00分～21時00分
2024-03-03 日曜日 10時00分～21時00分
2024-03-04 月曜日 10時00分～21時00分
2024-03-05 火曜日 10時00分～21時00分
2024-03-06 水曜日 10時00分～21時00分
",1,35.7621515,139.726861,東京,なし,,,0,北区,赤羽,赤羽,area:赤羽|feature:24h,
スタジオ プリメーラ(スタジオ プリメラ),〒169-0072 東京都新宿区大久保２丁目８?８ 青葉ビル,,http://primera.moo.jp/?page_id=2,080-8948-3449,"2024-02-29 木曜日 9時00分～23時00分
2024-03-01 金曜日 9時00分～23時00分
2024-03-02 土曜日 9時00分～23時00分
2024-03-03 日曜日 9時00分～23時00分
2024-03-04 月曜日 9時00分～23時00分
2024-03-05 火曜日 9時00分～23時00分
2024-03-06 水曜日 9時00分～23時00分
",1,35.7026962,139.7073524,東京,新大久保駅,678,新大久保駅|西武新宿駅|高田馬場駅,3,新宿区,新宿,新宿|西新宿|高田馬場|新大久保,area:新宿|station:新大久保駅|station:西武新宿駅|station:高田馬場駅|feature:24h,
CREO王子駅前｜ダンススタジオ｜レンタルスペース,〒114-0002 東京都北区王子１丁目２?１ 倉長ビル 402号室,,https://spacemarket.com/p/-N7dQTRzl0H4tYXS,,"LGBTQ フレンドリー2024-02-29 木曜日 24 時間営業
2024-03-01 金曜日 24 時間営業
2024-03-02 土曜日 24 時間営業
2024-03-03 日曜日 24 時間営業
2024-03-04 月曜日 24 時間営業
2024-03-05 火曜日 24 時間営業
2024-03-06 水曜日 24 時間営業
",1,35.753065,139.7371592,東京,なし,,,0,北区,赤羽,赤羽,area:赤羽|feature:24h,
Studio Face,〒114-0021 東京都北区岸町１丁目６?２０ 地下1階 レジェンド王子,,https://studioface0712.com/,,"2024-02-29 木曜日 24 時間営業
2024-03-01 金曜日 24 時間営業
2024-03-02 土曜日 24 時間営業
2024-03-03 日曜日 24 時間営業
2024-03-04 月曜日 24 時間営業
2024-03-05 火曜日 24 時間営業
2024-03-06 水曜日 24 時間営業
",1,35.7547057,139.7351256,東京,なし,,,0,北区,赤羽,赤羽,area:赤羽|feature:24h,
スタジオ ランディン 立川校,〒190-0022 東京都立川市錦町２丁目２?５ アオイビル 2F,,http://www.namelessproduction.com/,042-523-4940,,1,35.6956123,139.4166423,東京,立川駅,411,立川駅,1,立川市,立川,立川,area:立川|station:立川駅,
スタジオ リル 千葉市川市店,〒272-0133 千葉県市川市行徳駅前１丁目１７?９ ステップワンビル 303,,https://upnow.jp/Studiorill,080-1199-7763,"2024-02-29 木曜日 24 時間営業
2024-03-01 金曜日 24 時間営業
2024-03-02 土曜日 24 時間営業
2024-03-03 日曜日 24 時間営業
2024-03-04 月曜日 24 時間営業
2024-03-05 火曜日 24 時間営業
2024-03-06 水曜日 24 時間営業
",1,35.6835139,139.9157293,東京,なし,,,0,その他,その他,その他,feature:24h,
スタジオ ルカロ,〒453-0856 愛知県名古屋市中村区並木１丁目１４２,,https://www.studio-rucalo.com/,052-485-5155,"2024-02-29 木曜日 10時00分～0時00分
2024-03-01 金曜日 10時00分～0時00分
2024-03-02 土曜日 10時00分～0時00分
2024-03-03 日曜日 9時00分～0時00分
2024-03-04 月曜日 10時00分～0時00分
2024-03-05 火曜日 10時00分～0時00分
2024-03-06 水曜日 10時00分～0時00分
",1,35.1538616,136.8521373,東京,なし,,,0,その他,その他,その他,feature:24h,
スタジオ レセルバ,〒107-0052 東京都港区赤坂３丁目２１?１４ TS共和六番館地下一階,,https://www.studio-reserva.com/,03-6426-5858,"2024-02-29 木曜日 11時00分～23時00分
2024-03-01 金曜日 11時00分～23時00分
2024-03-02 土曜日 11時00分～23時00分
2024-03-03 日曜日 11時00分～23時00分
2024-03-04 月曜日 11時00分～23時00分
2024-03-05 火曜日 11時00分～23時00分
2024-03-06 水曜日 11時00分～23時00分
",1,35.676832,139.735694,東京,赤坂駅,380,赤坂駅|青山一丁目駅,2,港区,六本木,六本木|赤坂|麻布|新橋,area:六本木|station:赤坂駅|station:青山一丁目駅|feature:24h,
スタジオ レンズマン芝公園,〒105-0011 東京都港区芝公園２丁目１２?１５ 大国ビル 2F-A,,http://lensman.jp/,03-6809-1454,,1,35.653786,139.7514924,東京,浜松町駅,518,浜松町駅|田町駅,2,港区,六本木,六本木|赤坂|麻布|新橋,area:六本木|station:浜松町駅|station:田町駅,
スタジオ レンズマン青山,〒107-0062 東京都港区南青山２丁目１０?１１ 南青山パールハイム 1F,,http://lensman.jp/,03-6804-1241,"2024-02-29 木曜日 24 時間営業
2024-03-01 金曜日 24 時間営業
2024-03-02 土曜日 24 時間営業
2024-03-03 日曜日 24 時間営業
2024-03-04 月曜日 24 時間営業
2024-03-05 火曜日 24 時間営業
2024-03-06 水曜日 24 時間営業
",1,35.6710162,139.7210223,東京,青山一丁目駅,316,青山一丁目駅|外苑前駅|表参道駅,3,港区,六本木,六本木|赤坂|麻布|新橋,area:六本木|station:青山一丁目駅|station:外苑前駅|station:表参道駅|feature:24h,
スタジオ・アヴァンティ,〒189-0014 東京都東村山市本町２丁目２１?３ ファーストステージ東村山,,https://www.a-dance.com/,042-397-1475,"2024-02-29 木曜日 10時00分～18時00分
2024-03-01 金曜日 10時00分～18時00分
2024-03-02 土曜日 10時00分～18時00分
2024-03-03 日曜日 定休日
2024-03-04 月曜日 10時00分～18時00分
2024-03-05 火曜日 10時00分～18時00分
2024-03-06 水曜日 10時00分～18時00分
",1,35.7582556,139.4673568,東京,なし,,,0,東村山市,東村山,東村山,area:東村山|feature:24h,
スタジオ・エルカミーノ,〒133-0057 東京都江戸川区西小岩１丁目１９?３２,,http://elcamino-koiwa.com/,03-3671-3309,,1,35.7324773,139.880068,東京,なし,,,0,江戸川区,西葛西,西葛西,area:西葛西,
BUZZ レンタルスタジオ赤坂店,〒107-0052 東京都港区赤坂２丁目１３?２０ Tsumugi ビル,,https://buzz-st.com/akasaka/,,"2024-02-29 木曜日 24 時間営業
2024-03-01 金曜日 24 時間営業
2024-03-02 土曜日 24 時間営業
2024-03-03 日曜日 24 時間営業
2024-03-04 月曜日 24 時間営業
2024-03-05 火曜日 24 時間営業
2024-03-06 水曜日 24 時間営業
",1,35.6727945,139.7381591,東京,赤坂駅,148,赤坂駅,1,港区,六本木,六本木|赤坂|麻布|新橋,area:六本木|station:赤坂駅|feature:24h,
スタジオ・ブリエ 四谷,〒160-0008 東京都新宿区四谷三栄町１２?２ 大久保ビル 1階,,http://www.studio-brillia.com/,03-6380-0648,"2024-02-29 木曜日 9時00分～22時00分
2024-03-01 金曜日 9時00分～22時00分
2024-03-02 土曜日 9時00分～22時00分
2024-03-03 日曜日 9時00分～22時00分
2024-03-04 月曜日 9時00分～22時00分
2024-03-05 火曜日 9時00分～22時00分
2024-03-06 水曜日 9時00分～22時00分
",1,35.6885657,139.7253296,東京,なし,,,0,新宿区,新宿,新宿|西新宿|高田馬場|新大久保,area:新宿|feature:24h,
スタジオ・マンサナ,〒112-0002 東京都文京区小石川２丁目３?２１,,http://flamenco-manzana.com/,03-5840-6578,"2024-02-29 木曜日 11時00分～22時00分
2024-03-01 金曜日 11時00分～22時00分
2024-03-02 土曜日 11時00分～22時00分
2024-03-03 日曜日 11時00分～20時00分
2024-03-04 月曜日 定休日
2024-03-05 火曜日 11時00分～22時00分
2024-03-06 水曜日 11時00分～22時00分
",1,35.7095882,139.7508989,東京,なし,,,0,文京区,後楽園,後楽園,area:後楽園|feature:24h,
スタジオ・リアル,〒164-0013 東京都中野区弥生町１丁目５５?１１ エムエスエスビル 2Ｆ,,http://studio-real.tokyo/,03-3372-4366,,1,35.6919219,139.6776768,東京,なし,,,0,中野区,中野,中野,area:中野,
スタジオ21（レンタルスタジオ）,"竹中シャルム B1, ３丁目-１-３ 浅草橋 台東区 東京都 111-0053",,https://upnow.jp/studio21/asakusabashi,080-6600-1221,,1,35.7001094,139.787492,東京,蔵前駅,643,蔵前駅,1,台東区,上野,上野|浅草|御徒町|蔵前,area:上野|station:蔵前駅,
BUZZ レンタルスタジオ 六本木店,〒106-0032 東京都港区六本木４丁目５?７ スタジオＤ 地下1階,https://dance-studio-lab.com/room/MGYxY2IwOWYtNDQ4ZS00MmEyLTliYTAtNzg1YjUyOTA0OTlj/detail,https://buzz-st.com/roppongi/,,"2024-02-29 木曜日 24 時間営業
2024-03-01 金曜日 24 時間営業
2024-03-02 土曜日 24 時間営業
2024-03-03 日曜日 24 時間営業
2024-03-04 月曜日 24 時間営業
2024-03-05 火曜日 24 時間営業
2024-03-06 水曜日 24 時間営業
",1,35.6648585,139.732969,東京,六本木駅,269,六本木駅|赤坂駅|青山一丁目駅,3,港区,六本木,六本木|赤坂|麻布|新橋,area:六本木|station:六本木駅|station:赤坂駅|station:青山一丁目駅|feature:24h,
スタジオBOS,〒174-0065 東京都板橋区若木１丁目２６?９,,http://www.studio-bos.com/,03-6795-4845,"2024-02-29 木曜日 10時00分～22時00分
2024-03-01 金曜日 10時00分～22時00分
2024-03-02 土曜日 10時00分～22時00分
2024-03-03 日曜日 10時00分～22時00分
2024-03-04 月曜日 10時00分～22時00分
2024-03-05 火曜日 10時00分～22時00分
2024-03-06 水曜日 10時00分～22時00分
",1,35.7687511,139.6704322,東京,なし,,,0,板橋区,成増,成増,area:成増|feature:24h,
スタジオＤ２,〒113-0001 東京都文京区白山１丁目１８?７ 石川ビル,,http://studio-d2.net/,03-3812-1174,,1,35.7177329,139.7522058,東京,なし,,,0,文京区,後楽園,後楽園,area:後楽園,
スタジオＤＤＦ,〒134-0088 東京都江戸川区西葛西５丁目５?１５,,http://www.studio-ddf.com/,03-6808-0052,,1,35.6651081,139.8606857,東京,なし,,,0,江戸川区,西葛西,西葛西,area:西葛西,
スタジオGAEA,〒165-0025 東京都中野区沼袋１丁目１０?５,,https://studiogaea.wixsite.com/gaea,03-3388-6585,,1,35.7184218,139.6659961,東京,なし,,,0,中野区,中野,中野,area:中野,
スタジオｉＤＣ,〒171-0014 東京都豊島区池袋２丁目４７?３ キウレイコンビル ４,,http://www.izumikubo-dc.com/,03-5985-4433,"2024-02-29 木曜日 10時00分～22時00分
2024-03-01 金曜日 10時00分～22時00分
2024-03-02 土曜日 10時00分～22時00分
2024-03-03 日曜日 10時00分～19時00分
2024-03-04 月曜日 10時00分～22時00分
2024-03-05 火曜日 10時00分～22時00分
2024-03-06 水曜日 10時00分～22時00分
",1,35.7334001,139.7109802,東京,池袋駅,500,池袋駅,1,豊島区,池袋,池袋|目白|大塚|巣鴨,area:池袋|station:池袋駅|feature:24h,
スタジオJBA,〒103-0011 東京都中央区日本橋大伝馬町１１?８ ＨＡＴビル B1F,,https://studiojba.com/,03-6231-0638,"2024-02-29 木曜日 定休日
2024-03-01 金曜日 定休日
2024-03-02 土曜日 定休日
2024-03-03 日曜日 定休日
2024-03-04 月曜日 6時00分～0時00分
2024-03-05 火曜日 6時00分～0時00分
2024-03-06 水曜日 定休日
",1,35.689991,139.7806568,東京,秋葉原駅,1128,秋葉原駅,1,中央区,銀座,銀座|日本橋|八丁堀|月島,area:銀座|station:秋葉原駅|feature:24h,
スタジオK,〒195-0064 東京都町田市小野路町２０７３?３,,https://studio-k-net.com/,090-3409-5240,"2024-02-29 木曜日 9時00分～22時00分
2024-03-01 金曜日 9時00分～22時00分
2024-03-02 土曜日 9時00分～22時00分
2024-03-03 日曜日 定休日
2024-03-04 月曜日 9時00分～22時00分
2024-03-05 火曜日 9時00分～22時00分
2024-03-06 水曜日 9時00分～22時00分
",1,35.5950122,139.4545963,東京,なし,,,0,町田市,町田,町田,area:町田|feature:24h,
スタジオM,〒141-0032 東京都品川区大崎２丁目７?２,,http://m1986m.org/,090-1504-2825,,1,35.6175166,139.7261695,東京,大崎駅,325,大崎駅|五反田駅,2,品川区,品川,品川|五反田|大井町|目黒,area:品川|station:大崎駅|station:五反田駅,
スタジオmi-sa｜フラメンコ・フラダンス教室・レンタルスタジオ,〒173-0004 東京都板橋区板橋３丁目５?１ リビオタワー板橋 １F,,https://studio-misa.com/,090-6025-1284,"オーナーが女性と確認されたビジネス2024-02-29 木曜日 10時00分～18時00分
2024-03-01 金曜日 10時00分～18時00分
2024-03-02 土曜日 10時00分～18時00分
2024-03-03 日曜日 10時00分～18時00分
2024-03-04 月曜日 10時00分～18時00分
2024-03-05 火曜日 10時00分～18時00分
2024-03-06 水曜日 10時00分～18時00分
",1,35.7501884,139.7121652,東京,なし,,,0,板橋区,成増,成増,area:成増|feature:24h,
スタジオＰＯＰ,〒185-0022 東京都国分寺市東元町２丁目２０?１１ アーバンコア,,http://www.studio-pop.com/,042-323-8706,,1,35.6965075,139.4811689,東京,国分寺駅,451,国分寺駅,1,国分寺市,国分寺,国分寺,area:国分寺|station:国分寺駅,
スタジオR&Y,〒154-0011 東京都世田谷区上馬２丁目３１?１３ フラワーホーム102,,https://www.studio-r-and-y.com/,090-7233-3934,"オーナーが女性と確認されたビジネス2024-02-29 木曜日 10時00分～21時00分
2024-03-01 金曜日 10時00分～21時00分
2024-03-02 土曜日 10時00分～21時00分
2024-03-03 日曜日 10時00分～21時00分
2024-03-04 月曜日 10時00分～21時00分
2024-03-05 火曜日 10時00分～21時00分
2024-03-06 水曜日 10時00分～21時00分
",1,35.639729,139.664541,東京,三軒茶屋駅,624,三軒茶屋駅,1,世田谷区,下北沢,下北沢|三軒茶屋|二子玉川|自由が丘,area:下北沢|station:三軒茶屋駅|feature:24h,
スタジオSOPIC,〒194-0045 東京都町田市南成瀬１丁目2?１,,https://studio.sopic-jp.com/,042-728-8784,"2024-02-29 木曜日 10時00分～20時00分
2024-03-01 金曜日 10時00分～21時30分
2024-03-02 土曜日 10時00分～19時00分
2024-03-03 日曜日 13時00分～19時00分
2024-03-04 月曜日 10時00分～21時30分
2024-03-05 火曜日 10時00分～21時30分
2024-03-06 水曜日 10時00分～21時30分
",1,35.5360278,139.4737512,東京,なし,,,0,町田市,町田,町田,area:町田|feature:24h,
スタジオWITHテライダンスカンパニー,〒116-0014 東京都荒川区東日暮里６丁目４５?３ ハイウエストビル3F ハイウエストビル,,https://with-teraidance.com/,03-3806-3837,"2024-02-29 木曜日 12時00分～20時30分
2024-03-01 金曜日 12時00分～20時30分
2024-03-02 土曜日 12時00分～17時30分
2024-03-03 日曜日 定休日
2024-03-04 月曜日 12時00分～20時30分
2024-03-05 火曜日 12時00分～20時30分
2024-03-06 水曜日 12時00分～20時30分
",1,35.728789,139.775536,東京,日暮里駅,426,日暮里駅,1,荒川区,日暮里,日暮里,area:日暮里|station:日暮里駅|feature:24h,
スタジオアニマーダ,〒154-0024 東京都世田谷区三軒茶屋１丁目１６?８,,https://animada8.wixsite.com/mysite-1/home,03-3418-3415,"2024-02-29 木曜日 9時00分～22時00分
2024-03-01 金曜日 9時00分～22時00分
2024-03-02 土曜日 9時00分～22時00分
2024-03-03 日曜日 9時00分～22時00分
2024-03-04 月曜日 9時00分～22時00分
2024-03-05 火曜日 9時00分～22時00分
2024-03-06 水曜日 9時00分～22時00分
",1,35.640012,139.670342,東京,三軒茶屋駅,423,三軒茶屋駅,1,世田谷区,下北沢,下北沢|三軒茶屋|二子玉川|自由が丘,area:下北沢|station:三軒茶屋駅|feature:24h,
スタジオアリス 足立舎人店,〒121-0831 東京都足立区舎人１丁目１５?９,,https://www.studio-alice.co.jp/shop/store_detail.php?id=227,0120-722-753,"2024-02-29 木曜日 10時00分～18時00分
2024-03-01 金曜日 10時00分～18時00分
2024-03-02 土曜日 10時00分～19時00分
2024-03-03 日曜日 10時00分～19時00分
2024-03-04 月曜日 10時00分～18時00分
2024-03-05 火曜日 10時00分～18時00分
2024-03-06 水曜日 10時00分～18時00分
",1,35.8054046,139.770543,東京,なし,,,0,足立区,北千住,北千住,area:北千住|feature:24h,
スタジオインディ 新宿店,〒160-0022 東京都新宿区新宿３丁目２２番１１号 新宿ＲＳビル ６階,,https://studioindi.jp/access/shinjuku/?argument=UxWRQv9t&dmai=a5e07032924d4a,050-1709-0496,"LGBTQ フレンドリー2024-02-29 木曜日 10時00分～20時00分
2024-03-01 金曜日 10時00分～20時00分
2024-03-02 土曜日 10時00分～20時00分
2024-03-03 日曜日 10時00分～20時00分
2024-03-04 月曜日 10時00分～20時00分
2024-03-05 火曜日 10時00分～20時00分
2024-03-06 水曜日 10時00分～20時00分
",1,35.6932474,139.7016965,東京,新宿駅,289,新宿駅|西武新宿駅|新大久保駅,3,新宿区,新宿,新宿|西新宿|高田馬場|新大久保,area:新宿|station:新宿駅|station:西武新宿駅|station:新大久保駅|feature:24h,
スタジオインディ 東京駅前店,〒104-0031 東京都中央区京橋１丁目４?１１ 竹本ビルディング ４階,,https://studioindi.jp/access/tokyo?argument=UxWRQv9t&dmai=a5e0703f812c34,050-1709-0498,"LGBTQ フレンドリー2024-02-29 木曜日 10時00分～20時00分
2024-03-01 金曜日 10時00分～20時00分
2024-03-02 土曜日 10時00分～20時00分
2024-03-03 日曜日 10時00分～20時00分
2024-03-04 月曜日 10時00分～20時00分
2024-03-05 火曜日 10時00分～20時00分
2024-03-06 水曜日 10時00分～20時00分
",1,35.6786118,139.7700991,東京,東京駅,397,東京駅|有楽町駅,2,中央区,銀座,銀座|日本橋|八丁堀|月島,area:銀座|station:東京駅|station:有楽町駅|feature:24h,
スタジオヴェロニカ,〒104-0032 東京都中央区八丁堀２丁目１９?６ ヤサカ八丁堀ビル B1,,https://veronica.asia/,03-4288-8680,"2024-02-29 木曜日 定休日
2024-03-01 金曜日 18時00分～22時30分
2024-03-02 土曜日 10時00分～14時00分
2024-03-03 日曜日 定休日
2024-03-04 月曜日 10時00分～22時30分
2024-03-05 火曜日 7時00分～12時00分
2024-03-06 水曜日 10時00分～22時30分
",1,35.6758355,139.7764773,東京,東京駅,1036,東京駅|有楽町駅,2,中央区,銀座,銀座|日本橋|八丁堀|月島,area:銀座|station:東京駅|station:有楽町駅|feature:24h,
スタジオエイル,〒153-0053 東京都目黒区五本木３丁目１８?７ 第２飯島ビル,,http://studio-ailes.com/,03-5721-2911,,1,35.6316815,139.6854733,東京,学芸大学駅,365,学芸大学駅,1,目黒区,中目黒,中目黒,area:中目黒|station:学芸大学駅,
スタジオエリース,〒161-0033 東京都新宿区下落合２丁目１?８ 三栄ビル 310号室,,http://studioaries.net/wp/,090-4545-1784,"LGBTQ フレンドリー2024-02-29 木曜日 7時00分～0時00分
2024-03-01 金曜日 7時00分～0時00分
2024-03-02 土曜日 7時00分～0時00分
2024-03-03 日曜日 7時00分～0時00分
2024-03-04 月曜日 7時00分～0時00分
2024-03-05 火曜日 7時00分～0時00分
2024-03-06 水曜日 7時00分～0時00分
",1,35.7172688,139.7044202,東京,高田馬場駅,557,高田馬場駅,1,新宿区,新宿,新宿|西新宿|高田馬場|新大久保,area:新宿|station:高田馬場駅|feature:24h,
スタジオカリヨン,〒179-0081 東京都練馬区北町５丁目１８?４ スズキプリンティングサービス,,https://www.e-sps.net/carillon/,03-5920-3041,"2024-02-29 木曜日 9時00分～21時00分
2024-03-01 金曜日 9時00分～21時00分
2024-03-02 土曜日 9時00分～21時00分
2024-03-03 日曜日 9時00分～21時00分
2024-03-04 月曜日 9時00分～21時00分
2024-03-05 火曜日 9時00分～21時00分
2024-03-06 水曜日 9時00分～21時00分
",1,35.766442,139.6534565,東京,なし,,,0,練馬区,練馬,練馬,area:練馬|feature:24h,
スタジオキャリコ,〒123-0842 東京都足立区栗原３丁目１０?１５ ＴＫＳ税理士ビル,,https://calico.xrea.jp/,03-5845-5451,,1,35.778268,139.783818,東京,なし,,,0,足立区,北千住,北千住,area:北千住,
スタジオスタイルプラス窓口StudioStyle+,〒160-0023 東京都新宿区西新宿７丁目２２?３１ 1F,,https://studiostyle.jp/,090-8306-7493,"2024-02-29 木曜日 11時00分～15時00分
2024-03-01 金曜日 11時00分～18時00分
2024-03-02 土曜日 11時00分～15時00分
2024-03-03 日曜日 11時00分～15時00分
2024-03-04 月曜日 11時00分～18時00分
2024-03-05 火曜日 11時00分～15時00分
2024-03-06 水曜日 11時00分～18時00分",1,35.6970167,139.6966088,東京,西武新宿駅,380,西武新宿駅|新大久保駅|新宿駅,3,新宿区,新宿,新宿|西新宿|高田馬場|新大久保,area:新宿|station:西武新宿駅|station:新大久保駅|station:新宿駅|feature:24h,
スタジオタップ７２,〒150-0002 東京都渋谷区渋谷１丁目９?5 B2F ナスタックビル,,http://www.studiotap72.com/,03-3406-0728,,1,35.6603828,139.7045598,東京,渋谷駅,371,渋谷駅|表参道駅|原宿駅,3,渋谷区,渋谷,渋谷|恵比寿|代官山|原宿,area:渋谷|station:渋谷駅|station:表参道駅|station:原宿駅,
スタジオジパング 池上スタジオSTANDARD,〒146-0082 東京都大田区池上６丁目５?１４ プレゼンス池上 地下1階,,https://studiozipang.com/,,"2024-02-29 木曜日 8時00分～22時00分
2024-03-01 金曜日 8時00分～22時00分
2024-03-02 土曜日 8時00分～22時00分
2024-03-03 日曜日 8時00分～22時00分
2024-03-04 月曜日 8時00分～22時00分
2024-03-05 火曜日 8時00分～22時00分
2024-03-06 水曜日 8時00分～22時00分
",1,35.5722459,139.7047543,東京,なし,,,0,大田区,蒲田,蒲田,area:蒲田|feature:24h,
スタジオハクーロ,〒155-0032 東京都世田谷区代沢２丁目４６ 三宅ビル,,http://www.hakuuro.net/,03-3460-2568,"2024-02-29 木曜日 9時00分～23時00分
2024-03-01 金曜日 9時00分～23時00分
2024-03-02 土曜日 9時00分～23時00分
2024-03-03 日曜日 9時00分～23時00分
2024-03-04 月曜日 9時00分～23時00分
2024-03-05 火曜日 9時00分～23時00分
2024-03-06 水曜日 9時00分～23時00分
",1,35.6610336,139.6729233,東京,下北沢駅,379,下北沢駅,1,世田谷区,下北沢,下北沢|三軒茶屋|二子玉川|自由が丘,area:下北沢|station:下北沢駅|feature:24h,
スタジオピネ,〒444-0079 愛知県岡崎市石神町３?２０,,https://studio-pine.net/,0564-26-0276,,1,34.9714432,137.1715641,東京,なし,,,0,その他,その他,その他,,
スタジオファイン,〒297-0012 千葉県茂原市六ツ野１９６１?２ KSビル,,http://s-fine.net/,0475-26-6969,,1,35.432428,140.324554,東京,なし,,,0,その他,その他,その他,,
スタジオプラーナ,〒454-0852 愛知県名古屋市中川区昭和橋通５丁目４０?２,,http://studio-praana.com/,052-351-8686,"2024-02-29 木曜日 9時00分～23時00分
2024-03-01 金曜日 9時00分～23時00分
2024-03-02 土曜日 9時00分～23時00分
2024-03-03 日曜日 9時00分～23時00分
2024-03-04 月曜日 9時00分～23時00分
2024-03-05 火曜日 9時00分～23時00分
2024-03-06 水曜日 9時00分～23時00分
",1,35.1248867,136.8613639,東京,なし,,,0,その他,その他,その他,feature:24h,
スタジオフラップ,〒152-0003 東京都目黒区碑文谷５丁目１４?１３,,http://dance-flap.com/,03-5724-5581,"2024-02-29 木曜日 10時00分～6時00分
2024-03-01 金曜日 10時00分～6時00分
2024-03-02 土曜日 10時00分～6時00分
2024-03-03 日曜日 10時00分～6時00分
2024-03-04 月曜日 10時00分～6時00分
2024-03-05 火曜日 10時00分～6時00分
2024-03-06 水曜日 10時00分～6時00分
",1,35.6221953,139.6825593,東京,学芸大学駅,735,学芸大学駅,1,目黒区,中目黒,中目黒,area:中目黒|station:学芸大学駅|feature:24h,
スタジオプレステージ 根津スタジオ,〒110-0001 東京都台東区谷中２丁目６?５０,,http://studio-prestige.co.jp/nedu.html,03-6427-5421,,1,35.7217055,139.7655517,東京,日暮里駅,834,日暮里駅,1,台東区,上野,上野|浅草|御徒町|蔵前,area:上野|station:日暮里駅,
スタジオベルゼ-Studio Verger-,〒185-0021 東京都国分寺市南町２丁目１３?５ 地下1F ベルゼ国分寺,,https://ameblo.jp/studioverger,042-323-3066,,1,35.6979683,139.4823377,東京,国分寺駅,318,国分寺駅,1,国分寺市,国分寺,国分寺,area:国分寺|station:国分寺駅,
スタジオペンタ五反田店,〒141-0022 東京都品川区東五反田１丁目１２?９,,http://www.studiopenta.net/rehearsal/gotanda.html,03-3447-2333,"2024-02-29 木曜日 24 時間営業
2024-03-01 金曜日 24 時間営業
2024-03-02 土曜日 24 時間営業
2024-03-03 日曜日 24 時間営業
2024-03-04 月曜日 24 時間営業
2024-03-05 火曜日 24 時間営業
2024-03-06 水曜日 24 時間営業
",1,35.6270855,139.7251444,東京,五反田駅,169,五反田駅|大崎駅|目黒駅,3,品川区,品川,品川|五反田|大井町|目黒,area:品川|station:五反田駅|station:大崎駅|station:目黒駅|feature:24h,
スタジオマーティ,〒108-0073 東京都港区三田２丁目１４?４ １Ｆ,,https://www.studiomarty.co.jp/yoga-pilates/tokyo-mitakeio/,03-6809-6565,,1,35.6491581,139.744403,東京,田町駅,476,田町駅|麻布十番駅,2,港区,六本木,六本木|赤坂|麻布|新橋,area:六本木|station:田町駅|station:麻布十番駅,
スタジオマーティ 駒沢大学 / STUDIO marty Komazawa,〒154-0011 東京都世田谷区上馬２丁目２?５ ２F,,https://www.studiomarty.co.jp/komazawadaigaku/,03-6450-8689,"2024-02-29 木曜日 9時30分～21時00分
2024-03-01 金曜日 9時30分～21時00分
2024-03-02 土曜日 9時30分～21時00分
2024-03-03 日曜日 9時30分～21時00分
2024-03-04 月曜日 9時30分～21時00分
2024-03-05 火曜日 9時30分～21時00分
2024-03-06 水曜日 9時30分～21時00分
",1,35.6360463,139.664232,東京,三軒茶屋駅,973,三軒茶屋駅,1,世田谷区,下北沢,下北沢|三軒茶屋|二子玉川|自由が丘,area:下北沢|station:三軒茶屋駅|feature:24h,
スタジオマーティ 東京三田慶応 / STUDIO marty Tokyo Mita Keio,〒108-0073 東京都港区三田２丁目１４?４ １Ｆ,,https://www.studiomarty.co.jp/tokyo-mitakeio/,03-6809-6565,"2024-02-29 木曜日 9時00分～22時30分
2024-03-01 金曜日 9時00分～22時30分
2024-03-02 土曜日 9時00分～22時30分
2024-03-03 日曜日 9時00分～22時30分
2024-03-04 月曜日 9時00分～22時30分
2024-03-05 火曜日 9時00分～22時30分
2024-03-06 水曜日 9時00分～22時30分
",1,35.6491439,139.7443448,東京,田町駅,478,田町駅|麻布十番駅,2,港区,六本木,六本木|赤坂|麻布|新橋,area:六本木|station:田町駅|station:麻布十番駅|feature:24h,
スタジオメッセ,〒176-0001 東京都練馬区練馬４丁目１９ １F メッセ豊島園２号館,,https://www.studio-mece.com/,03-3557-0164,,1,35.7439568,139.6484075,東京,なし,,,0,練馬区,練馬,練馬,area:練馬,
スタジオよもだ A館,〒110-0003 東京都台東区１２ 根岸2丁目12-11 スタジオよもだ,,https://www.studioyomoda.com/,03-5849-4191,"2024-02-29 木曜日 24 時間営業
2024-03-01 金曜日 24 時間営業
2024-03-02 土曜日 24 時間営業
2024-03-03 日曜日 24 時間営業
2024-03-04 月曜日 24 時間営業
2024-03-05 火曜日 24 時間営業
2024-03-06 水曜日 24 時間営業
",1,35.7246108,139.7779795,東京,日暮里駅,722,日暮里駅,1,台東区,上野,上野|浅草|御徒町|蔵前,area:上野|station:日暮里駅|feature:24h,
スタジオよもだB館,〒110-0003 東京都台東区根岸２丁目１７?１,,https://www.studioyomoda.com/,03-5849-4191,"2024-02-29 木曜日 24 時間営業
2024-03-01 金曜日 24 時間営業
2024-03-02 土曜日 24 時間営業
2024-03-03 日曜日 24 時間営業
2024-03-04 月曜日 24 時間営業
2024-03-05 火曜日 24 時間営業
2024-03-06 水曜日 24 時間営業
",1,35.7244811,139.7781652,東京,日暮里駅,744,日暮里駅|上野駅,2,台東区,上野,上野|浅草|御徒町|蔵前,area:上野|station:日暮里駅|station:上野駅|feature:24h,
スタジオライブラ,〒164-0003 東京都中野区東中野４丁目４?５ 東中野アパートメンツ ４?５ 201,,http://libra-ch.com/studio/,090-1209-9449,,1,35.7066297,139.6838392,東京,なし,,,0,中野区,中野,中野,area:中野,
スタジオリーガル池袋,〒170-0012 東京都豊島区上池袋４丁目２?１,,https://studioregal.tokyo/,03-6903-5562,"2024-02-29 木曜日 10時00分～23時00分
2024-03-01 金曜日 10時00分～23時00分
2024-03-02 土曜日 10時00分～23時00分
2024-03-03 日曜日 10時00分～23時00分
2024-03-04 月曜日 10時00分～23時00分
2024-03-05 火曜日 10時00分～23時00分
2024-03-06 水曜日 10時00分～23時00分
",1,35.739217,139.721973,東京,なし,,,0,豊島区,池袋,池袋|目白|大塚|巣鴨,area:池袋|feature:24h,
スタジオリリオ＆カフェ,〒125-0061 東京都葛飾区２９ 亀有3-29-1リリオ弐番館B1,,http://www.studiolirio.jp/,03-6662-6054,"2024-02-29 木曜日 8時00分～1時00分
2024-03-01 金曜日 8時00分～1時00分
2024-03-02 土曜日 8時00分～1時00分
2024-03-03 日曜日 8時00分～1時00分
2024-03-04 月曜日 8時00分～1時00分
2024-03-05 火曜日 8時00分～1時00分
2024-03-06 水曜日 8時00分～1時00分
",1,35.766058,139.848996,東京,なし,,,0,葛飾区,新小岩,新小岩,area:新小岩|feature:24h,
スタジオルゥ,〒155-0031 東京都世田谷区北沢１丁目３９?７ ＳＡビル 2F N,,http://www.lou.co.jp/,03-6407-0081,,1,35.661346,139.669698,東京,下北沢駅,90,下北沢駅,1,世田谷区,下北沢,下北沢|三軒茶屋|二子玉川|自由が丘,area:下北沢|station:下北沢駅,
スタジオレブローテ,〒133-0052 東京都江戸川区東小岩５丁目４?１４ 小岩セントラルビル,,http://www.studio-rebrote.com/,03-5694-3670,,1,35.73324,139.886024,東京,なし,,,0,江戸川区,西葛西,西葛西,area:西葛西,
スタジオ阿弥陀,〒110-0004 東京都台東区下谷１丁目８?２０ 長松寺,,http://www7b.biglobe.ne.jp/~matte/index.html,03-3844-5949,"2024-02-29 木曜日 8時00分～21時00分
2024-03-01 金曜日 8時00分～21時00分
2024-03-02 土曜日 8時00分～21時00分
2024-03-03 日曜日 8時00分～21時00分
2024-03-04 月曜日 8時00分～21時00分
2024-03-05 火曜日 8時00分～21時00分
2024-03-06 水曜日 8時00分～21時00分
",1,35.7194029,139.7822621,東京,上野駅,773,上野駅,1,台東区,上野,上野|浅草|御徒町|蔵前,area:上野|station:上野駅|feature:24h,
スタジオ階梯-空-,〒171-0052 東京都豊島区南長崎５丁目１４?２ ヤマザキビル 地下1階,,https://studio-kaitei.e-w-arts.biz/,03-5906-5588,"2024-02-29 木曜日 9時00分～22時00分
2024-03-01 金曜日 9時00分～22時00分
2024-03-02 土曜日 9時00分～22時00分
2024-03-03 日曜日 9時00分～22時00分
2024-03-04 月曜日 9時00分～22時00分
2024-03-05 火曜日 9時00分～22時00分
2024-03-06 水曜日 9時00分～22時00分
",1,35.7274863,139.6828586,東京,なし,,,0,豊島区,池袋,池袋|目白|大塚|巣鴨,area:池袋|feature:24h,
monoダンススタジオ西巣鴨（レンタルスタジオ）,〒114-0023 東京都北区滝野川１丁目９３?５ コスモ西巣鴨 103,,https://rental-dance-studio.com/nishisugamo/kihon-jyouhou,,"2024-02-29 木曜日 24 時間営業
2024-03-01 金曜日 24 時間営業
2024-03-02 土曜日 24 時間営業
2024-03-03 日曜日 24 時間営業
2024-03-04 月曜日 24 時間営業
2024-03-05 火曜日 24 時間営業
2024-03-06 水曜日 24 時間営業
",1,35.7452703,139.7298772,東京,なし,,,0,北区,赤羽,赤羽,area:赤羽|feature:24h,
スタジオ響,〒164-0002 東京都中野区上高田３丁目３８?１１ 響ＳＯＵ,,http://studiohibiki.nomaki.jp/,03-5380-6822,"2024-02-29 木曜日 10時00分～19時00分
2024-03-01 金曜日 10時00分～19時00分
2024-03-02 土曜日 定休日
2024-03-03 日曜日 定休日
2024-03-04 月曜日 10時00分～19時00分
2024-03-05 火曜日 10時00分～19時00分
2024-03-06 水曜日 10時00分～19時00分
",1,35.7153239,139.671209,東京,中野駅,1168,中野駅,1,中野区,中野,中野,area:中野|station:中野駅|feature:24h,
BUZZ レンタルスタジオ巣鴨店,〒170-0002 東京都豊島区巣鴨２丁目４?６ 第二みどりビル B1,,https://buzz-st.com/sugamo/,,"2024-02-29 木曜日 24 時間営業
2024-03-01 金曜日 24 時間営業
2024-03-02 土曜日 24 時間営業
2024-03-03 日曜日 24 時間営業
2024-03-04 月曜日 24 時間営業
2024-03-05 火曜日 24 時間営業
2024-03-06 水曜日 24 時間営業
",1,35.7345193,139.7389957,東京,なし,,,0,豊島区,池袋,池袋|目白|大塚|巣鴨,area:池袋|feature:24h,
スタジオ川口,〒182-0024 東京都調布市布田１丁目29?２ B1,,https://chofu.com/tensi,090-1809-3834,,1,35.6530633,139.5452365,東京,調布駅,200,調布駅,1,調布市,調布,調布,area:調布|station:調布駅,
スタジオα,〒202-0001 東京都西東京市ひばりが丘１丁目５?１７ メゾンドα,,http://www.std-alpha.net/,042-444-3420,"LGBTQ フレンドリー2024-02-29 木曜日 10時00分～21時00分
2024-03-01 金曜日 10時00分～21時00分
2024-03-02 土曜日 10時00分～21時00分
2024-03-03 日曜日 10時00分～21時00分
2024-03-04 月曜日 10時00分～21時00分
2024-03-05 火曜日 10時00分～21時00分
2024-03-06 水曜日 10時00分～21時00分
",1,35.750016,139.542598,東京,なし,,,0,西東京市,ひばりヶ丘,ひばりヶ丘,area:ひばりヶ丘|feature:24h,
レンタルスタジオ Sunny 池袋店,〒170-0013 東京都豊島区東池袋３丁目１１?９,,https://11dance.com/,,"2024-02-29 木曜日 24 時間営業
2024-03-01 金曜日 24 時間営業
2024-03-02 土曜日 24 時間営業
2024-03-03 日曜日 24 時間営業
2024-03-04 月曜日 24 時間営業
2024-03-05 火曜日 24 時間営業
2024-03-06 水曜日 24 時間営業
",1,35.7320674,139.7191336,東京,池袋駅,864,池袋駅,1,豊島区,池袋,池袋|目白|大塚|巣鴨,area:池袋|station:池袋駅|feature:24h,
monoダンススタジオ-レンタル,〒304 東京都豊島区北大塚２丁目２?１３ JP 1700004 大塚シャトレー・トーコー 304号室,,https://rental-dance-studio.com/ootsuka/kihon-jyouhou,,"LGBTQ フレンドリー2024-02-29 木曜日 24 時間営業
2024-03-01 金曜日 24 時間営業
2024-03-02 土曜日 24 時間営業
2024-03-03 日曜日 24 時間営業
2024-03-04 月曜日 24 時間営業
2024-03-05 火曜日 24 時間営業
2024-03-06 水曜日 24 時間営業
",1,35.732116,139.7278618,東京,なし,,,0,豊島区,池袋,池袋|目白|大塚|巣鴨,area:池袋|feature:24h,
レンタルスタジオSunny 駒込店,〒113-0021 東京都文京区本駒込５丁目１９?９ ワコー本駒込マンション 地下1F,,https://11dance.com/,,"2024-02-29 木曜日 6時00分～23時30分
2024-03-01 金曜日 6時00分～23時30分
2024-03-02 土曜日 6時00分～23時30分
2024-03-03 日曜日 6時00分～23時30分
2024-03-04 月曜日 6時00分～23時30分
2024-03-05 火曜日 6時00分～23時30分
2024-03-06 水曜日 6時00分～23時30分
",1,35.7327961,139.7505342,東京,なし,,,0,文京区,後楽園,後楽園,area:後楽園|feature:24h,
スペースF・L・S｜昭島レンタルスタジオ,〒196-0025 東京都昭島市朝日町１丁目 １１-５ ２F,,http://ryuyu7.com/,042-542-4632,"LGBTQ フレンドリー2024-02-29 木曜日 9時00分～22時00分
2024-03-01 金曜日 9時00分～22時00分
2024-03-02 土曜日 9時00分～21時00分
2024-03-03 日曜日 9時00分～21時00分
2024-03-04 月曜日 9時00分～22時00分
2024-03-05 火曜日 9時00分～22時00分
2024-03-06 水曜日 9時00分～22時00分
",1,35.7087702,139.3742403,東京,なし,,,0,東京都,東京,東京,area:東京|feature:24h,
スペースアルファ,〒168-0064 東京都杉並区永福４丁目１９?７ ハイツセキ,,http://spacealpha.co.jp/,03-3313-7182,,1,35.6800468,139.6367013,東京,なし,,,0,杉並区,高円寺,高円寺,area:高円寺,
スペースアルファ㈱光音社,〒168-0064 東京都杉並区永福４丁目１９?７ ハイツ セキ B1F,,http://spacealpha.co.jp/,03-3313-7181,,1,35.6800318,139.6367224,東京,なし,,,0,杉並区,高円寺,高円寺,area:高円寺,
スポーツクラブ ルネサンス 光が丘,〒179-0075 東京都練馬区高松５丁目８ J．CITYビル 1階,,https://www.s-re.jp/hikarigaoka/?utm_source=google&utm_medium=gMybusiness,03-5372-4400,"2024-02-29 木曜日 10時00分～23時00分
2024-03-01 金曜日 10時00分～23時00分
2024-03-02 土曜日 10時00分～23時00分
2024-03-03 日曜日 10時00分～19時00分
2024-03-04 月曜日 定休日
2024-03-05 火曜日 10時00分～23時00分
2024-03-06 水曜日 10時00分～23時00分
",1,35.75527,139.6215358,東京,なし,,,0,練馬区,練馬,練馬,area:練馬|feature:24h,
スポーツクラブ ルネサンス 富士見台24,〒176-0021 東京都練馬区貫井３丁目１２?３３,,https://www.s-re.jp/fujimidai/?utm_source=google&utm_medium=gMybusiness,03-5987-2433,"2024-02-29 木曜日 10時00分～23時00分
2024-03-01 金曜日 定休日
2024-03-02 土曜日 10時00分～0時00分
2024-03-03 日曜日 24 時間営業
2024-03-04 月曜日 24 時間営業
2024-03-05 火曜日 24 時間営業
2024-03-06 水曜日 24 時間営業
",1,35.7360949,139.627922,東京,なし,,,0,練馬区,練馬,練馬,area:練馬|feature:24h,
スマイルスタジオTAKANO,〒124-0011 東京都葛飾区四つ木１丁目４７?１５,,http://takano-gallery.com/,03-3693-3117,,1,35.7356443,139.8400656,東京,なし,,,0,葛飾区,新小岩,新小岩,area:新小岩,
すむぞうスタジオ,〒150-0041 東京都渋谷区神南１丁目１１?５ ダイネス壱番館渋谷 B1,,https://studio.sumuzo.info/,03-6712-7630,"2024-02-29 木曜日 24 時間営業
2024-03-01 金曜日 24 時間営業
2024-03-02 土曜日 24 時間営業
2024-03-03 日曜日 24 時間営業
2024-03-04 月曜日 24 時間営業
2024-03-05 火曜日 24 時間営業
2024-03-06 水曜日 24 時間営業
",1,35.6625387,139.7010893,東京,渋谷駅,503,渋谷駅|原宿駅|表参道駅,3,渋谷区,渋谷,渋谷|恵比寿|代官山|原宿,area:渋谷|station:渋谷駅|station:原宿駅|station:表参道駅|feature:24h,
ノアスタジオ 池袋店,〒170-0013 東京都豊島区東池袋１丁目３０?６ B1F-B2F,,https://www.noahstudio.jp/shop/ikebukuro/,,"2024-02-29 木曜日 24 時間営業
2024-03-01 金曜日 24 時間営業
2024-03-02 土曜日 24 時間営業
2024-03-03 日曜日 24 時間営業
2024-03-04 月曜日 24 時間営業
2024-03-05 火曜日 24 時間営業
2024-03-06 水曜日 24 時間営業
",1,35.7314681,139.7162656,東京,池袋駅,602,池袋駅,1,豊島区,池袋,池袋|目白|大塚|巣鴨,area:池袋|station:池袋駅|feature:24h,
スタジオマーティ / STUDIO marty 池袋出張所,"いちご東池袋ビル 6f, １丁目-３４-５ 東池袋 豊島区 東京都 170-0013",,https://www.studiomarty.co.jp/tokyo-mitakeio/,,,1,35.7331454,139.7157508,東京,池袋駅,675,池袋駅,1,豊島区,池袋,池袋|目白|大塚|巣鴨,area:池袋|station:池袋駅,
セミナー &【JK Room 虎ノ門】,〒105-0003 東京都港区西新橋１丁目１９?１４ 大和ビル ３A,,https://jk-room.com/location.html,050-5372-4665,"2024-02-29 木曜日 24 時間営業
2024-03-01 金曜日 24 時間営業
2024-03-02 土曜日 24 時間営業
2024-03-03 日曜日 24 時間営業
2024-03-04 月曜日 24 時間営業
2024-03-05 火曜日 24 時間営業
2024-03-06 水曜日 24 時間営業
",1,35.6682245,139.7528997,東京,新橋駅,564,新橋駅,1,港区,六本木,六本木|赤坂|麻布|新橋,area:六本木|station:新橋駅|feature:24h,
セミナールーム茅場町 Co-Edo 3F 貸会議室,〒104-0033 東京都中央区新川１丁目３?４ ＰＡビル3F,,https://seminar.coworking.tokyo.jp/,03-5542-0470,"2024-02-29 木曜日 24 時間営業
2024-03-01 金曜日 24 時間営業
2024-03-02 土曜日 24 時間営業
2024-03-03 日曜日 24 時間営業
2024-03-04 月曜日 24 時間営業
2024-03-05 火曜日 24 時間営業
2024-03-06 水曜日 24 時間営業
",1,35.678693,139.782103,東京,なし,,,0,中央区,銀座,銀座|日本橋|八丁堀|月島,area:銀座|feature:24h,
ソウプラス白金高輪店 ピラティス＆シルクサスペンション,〒108-0074 東京都港区高輪１丁目１７?１５ オーク高輪ビル 3F,,http://sou-plus.jp/,03-6876-1286,"2024-02-29 木曜日 10時00分～21時00分
2024-03-01 金曜日 10時00分～21時00分
2024-03-02 土曜日 10時00分～18時00分
2024-03-03 日曜日 10時00分～15時00分
2024-03-04 月曜日 定休日
2024-03-05 火曜日 10時00分～21時00分
2024-03-06 水曜日 10時00分～21時00分
",1,35.6402986,139.7331833,東京,なし,,,0,港区,六本木,六本木|赤坂|麻布|新橋,area:六本木|feature:24h,
ソードミュージック多目的スタジオ,〒182-0015 東京都調布市八雲台２丁目１?１０,,http://www.swordmusic.com/category/1774269.html,042-489-9771,"2024-02-29 木曜日 10時00分～21時00分
2024-03-01 金曜日 10時00分～21時00分
2024-03-02 土曜日 10時00分～21時00分
2024-03-03 日曜日 10時00分～21時00分
2024-03-04 月曜日 10時00分～21時00分
2024-03-05 火曜日 10時00分～21時00分
2024-03-06 水曜日 10時00分～21時00分
",1,35.652825,139.55652,東京,調布駅,1056,調布駅,1,調布市,調布,調布,area:調布|station:調布駅|feature:24h,
スタジオ白猫屋 調布店,〒182-0021 東京都調布市調布ケ丘１丁目34?５ 調布タカラビル 3階,,http://soyokaze-shironekoya.jp/choufu,,"2024-02-29 木曜日 24 時間営業
2024-03-01 金曜日 24 時間営業
2024-03-02 土曜日 24 時間営業
2024-03-03 日曜日 24 時間営業
2024-03-04 月曜日 24 時間営業
2024-03-05 火曜日 24 時間営業
2024-03-06 水曜日 24 時間営業
",1,35.6545854,139.5471031,東京,調布駅,415,調布駅,1,調布市,調布,調布,area:調布|station:調布駅|feature:24h,
ソニズダンススタジオ南阿佐ヶ谷,〒166-0015 東京都杉並区成田東５丁目３９?１２,,https://sonysdance.com/studio/m-m,03-5306-0711,"2024-02-29 木曜日 6時00分～23時00分
2024-03-01 金曜日 6時00分～23時00分
2024-03-02 土曜日 6時00分～23時00分
2024-03-03 日曜日 6時00分～23時00分
2024-03-04 月曜日 6時00分～23時00分
2024-03-05 火曜日 6時00分～23時00分
2024-03-06 水曜日 6時00分～23時00分
",1,35.6997276,139.6345005,東京,なし,,,0,杉並区,高円寺,高円寺,area:高円寺|feature:24h,
ソピックカルチャー総合サイト,〒194-0045 東京都町田市南成瀬１丁目２?１,,https://culture.sopic-jp.com/,042-728-8784,"2024-02-29 木曜日 10時00分～20時00分
2024-03-01 金曜日 10時00分～21時30分
2024-03-02 土曜日 10時00分～19時00分
2024-03-03 日曜日 13時00分～19時00分
2024-03-04 月曜日 10時00分～21時30分
2024-03-05 火曜日 10時00分～21時30分
2024-03-06 水曜日 10時00分～21時30分
",1,35.536168,139.4738369,東京,なし,,,0,町田市,町田,町田,area:町田|feature:24h,
タイムズ東京タワースタジオ前,"4 Chome-4 Shibak?en, Minato City, Tokyo 105-0011",,https://times-info.net/P13-tokyo/C103/park-detail-BUK0032407/,0120-778-924,"2024-02-29 木曜日 24 時間営業
2024-03-01 金曜日 24 時間営業
2024-03-02 土曜日 24 時間営業
2024-03-03 日曜日 24 時間営業
2024-03-04 月曜日 24 時間営業
2024-03-05 火曜日 24 時間営業
2024-03-06 水曜日 24 時間営業
",1,35.6578723,139.7452276,東京,麻布十番駅,1030,麻布十番駅|浜松町駅,2,その他,その他,その他,station:麻布十番駅|station:浜松町駅|feature:24h,
タカノ,〒124-0011 東京都葛飾区四つ木１丁目４７?１５,,http://www.takano-gallery.com/,03-3693-2611,"2024-02-29 木曜日 8時30分～17時30分
2024-03-01 金曜日 8時30分～17時30分
2024-03-02 土曜日 8時30分～17時30分
2024-03-03 日曜日 定休日
2024-03-04 月曜日 8時30分～17時30分
2024-03-05 火曜日 8時30分～17時30分
2024-03-06 水曜日 8時30分～17時30分
",1,35.7356703,139.8400346,東京,なし,,,0,葛飾区,新小岩,新小岩,area:新小岩|feature:24h,
タグチソシアルダンススクール,〒154-0012 東京都世田谷区駒沢２丁目１１?５,,http://www.taguchisocialdance.com/,03-6805-2530,"2024-02-29 木曜日 12時00分～21時30分
2024-03-01 金曜日 12時00分～21時30分
2024-03-02 土曜日 12時00分～18時00分
2024-03-03 日曜日 定休日
2024-03-04 月曜日 12時00分～21時30分
2024-03-05 火曜日 12時00分～21時30分
2024-03-06 水曜日 12時00分～21時30分
",1,35.6322267,139.6589805,東京,なし,,,0,世田谷区,下北沢,下北沢|三軒茶屋|二子玉川|自由が丘,area:下北沢|feature:24h,
タケウチ,〒211-0006 神奈川県川崎市中原区丸子通１丁目６３６?１,,http://www13.plala.or.jp/tacsan/index.html,044-434-6645,"2024-02-29 木曜日 12時00分～22時00分
2024-03-01 金曜日 12時00分～22時00分
2024-03-02 土曜日 12時00分～22時00分
2024-03-03 日曜日 定休日
2024-03-04 月曜日 12時00分～22時00分
2024-03-05 火曜日 12時00分～22時00分
2024-03-06 水曜日 12時00分～22時00分
",1,35.5821263,139.6635776,東京,なし,,,0,その他,その他,その他,feature:24h,
タップダンススタジオ,〒153-0051 東京都目黒区上目黒１丁目５?１０ 中目黒マンションB1F?10号室,,http://kaztapstudio.com/,03-6906-6076,"2024-02-29 木曜日 11時00分～22時00分
2024-03-01 金曜日 11時00分～22時00分
2024-03-02 土曜日 11時00分～17時00分
2024-03-03 日曜日 11時00分～17時00分
2024-03-04 月曜日 11時00分～22時00分
2024-03-05 火曜日 11時00分～22時00分
2024-03-06 水曜日 11時00分～22時00分
",1,35.6446775,139.7005906,東京,恵比寿駅,888,恵比寿駅,1,目黒区,中目黒,中目黒,area:中目黒|station:恵比寿駅|feature:24h,
タナカダンススクール,〒472-0058 愛知県知立市上重原４丁目６７?６７,,http://www.tanaka-dance.org/,0566-85-5088,"2024-02-29 木曜日 13時00分～22時00分
2024-03-01 金曜日 13時00分～22時00分
2024-03-02 土曜日 13時00分～18時00分
2024-03-03 日曜日 定休日
2024-03-04 月曜日 13時00分～22時00分
2024-03-05 火曜日 13時00分～22時00分
2024-03-06 水曜日 13時00分～22時00分
",1,35.001821,137.027093,東京,なし,,,0,その他,その他,その他,feature:24h,
たにどうダンスワールド,〒107-0052 東京都港区赤坂３丁目９?４ 赤坂扇やビル 4階,,http://www.tanido-dance.com/,03-3583-1788,"2024-02-29 木曜日 12時00分～22時00分
2024-03-01 金曜日 12時00分～22時00分
2024-03-02 土曜日 12時00分～20時00分
2024-03-03 日曜日 定休日
2024-03-04 月曜日 12時00分～22時00分
2024-03-05 火曜日 12時00分～22時00分
2024-03-06 水曜日 12時00分～22時00分
",1,35.6770725,139.7362632,東京,赤坂駅,396,赤坂駅,1,港区,六本木,六本木|赤坂|麻布|新橋,area:六本木|station:赤坂駅|feature:24h,
Ballet Fl?gel バレエフリューゲル,〒206-0011 東京都多摩市関戸４丁目７３ ヴィータアネックスよこくらビル 3階,,http://tama-cul.com/2023/09/21/ballet-flugel/,,,1,35.649265,139.4477614,東京,なし,,,0,多摩市,多摩センター,多摩センター,area:多摩センター,
タヒチアンダンススタジオ ライマーラマ表参道,〒150-0001 東京都渋谷区神宮前５丁目１３?１４,,https://raimarama.com/tahiti/terms/view/WPT00000008,03-3469-0672,"オーナーが女性と確認されたビジネス2024-02-29 木曜日 10時00分～21時00分
2024-03-01 金曜日 10時00分～21時00分
2024-03-02 土曜日 10時00分～20時30分
2024-03-03 日曜日 定休日
2024-03-04 月曜日 10時00分～21時00分
2024-03-05 火曜日 定休日
2024-03-06 水曜日 10時00分～21時00分
",1,35.6663102,139.707,東京,表参道駅,493,表参道駅|原宿駅|渋谷駅,3,渋谷区,渋谷,渋谷|恵比寿|代官山|原宿,area:渋谷|station:表参道駅|station:原宿駅|station:渋谷駅|feature:24h,
ダンス スタジオ パドブレ,〒366-0051 埼玉県深谷市上柴町東４丁目１３?８,,http://padobure.com/,090-1848-7300,,1,36.1824265,139.3020679,東京,なし,,,0,その他,その他,その他,,
ダンスアンジェロ,〒169-0051 東京都新宿区西早稲田３丁目５?１３ 大永西早稲田ビル １F,,https://danceangelo-dress.com/,070-6590-2015,"2024-02-29 木曜日 定休日
2024-03-01 金曜日 定休日
2024-03-02 土曜日 定休日
2024-03-03 日曜日 定休日
2024-03-04 月曜日 定休日
2024-03-05 火曜日 定休日
2024-03-06 水曜日 14時00分～17時00分
",1,35.7122304,139.7168929,東京,高田馬場駅,1184,高田馬場駅,1,新宿区,新宿,新宿|西新宿|高田馬場|新大久保,area:新宿|station:高田馬場駅|feature:24h,
大井町店 レンタルスペースROOTS,〒140-0014 東京都品川区大井４丁目８?１１ L HOUSE 地下 一階,,https://dancestudioroots.com/ooimachi/,,"2024-02-29 木曜日 5時00分～22時00分
2024-03-01 金曜日 5時00分～22時00分
2024-03-02 土曜日 5時00分～22時00分
2024-03-03 日曜日 5時00分～22時00分
2024-03-04 月曜日 5時00分～22時00分
2024-03-05 火曜日 5時00分～22時00分
2024-03-06 水曜日 5時00分～22時00分
",1,35.602796,139.7330795,東京,大井町駅,434,大井町駅,1,品川区,品川,品川|五反田|大井町|目黒,area:品川|station:大井町駅|feature:24h,
ダンスカレッジ古都,〒171-0042 東京都豊島区高松１丁目６?２,,https://www.dance-koto.com/,03-5926-9355,"2024-02-29 木曜日 13時00分～22時00分
2024-03-01 金曜日 13時00分～22時00分
2024-03-02 土曜日 13時00分～18時00分
2024-03-03 日曜日 定休日
2024-03-04 月曜日 13時00分～22時00分
2024-03-05 火曜日 13時00分～22時00分
2024-03-06 水曜日 13時00分～22時00分
",1,35.7350248,139.6980976,東京,なし,,,0,豊島区,池袋,池袋|目白|大塚|巣鴨,area:池袋|feature:24h,
ダンススクール レンタルスタジオ studio LINK スタジオリンク,〒164-0012 東京都中野区本町４丁目３０?１１ アーク新中野ビルB1,,,03-3381-0998,,1,35.6959183,139.6699031,東京,中野駅,1155,中野駅,1,中野区,中野,中野,area:中野|station:中野駅,
ダンススクール 東京ステップス・アーツ 高田馬場校,〒169-0075 東京都新宿区高田馬場１丁目２４?１１,,https://www.t-steps.jp/takadanobaba/,03-6233-9133,"LGBTQ フレンドリー2024-02-29 木曜日 16時30分～23時30分
2024-03-01 金曜日 16時30分～23時30分
2024-03-02 土曜日 11時00分～19時30分
2024-03-03 日曜日 11時00分～19時30分
2024-03-04 月曜日 16時30分～23時30分
2024-03-05 火曜日 16時30分～23時30分
2024-03-06 水曜日 16時30分～23時30分",1,35.7113703,139.7049171,東京,高田馬場駅,144,高田馬場駅,1,新宿区,新宿,新宿|西新宿|高田馬場|新大久保,area:新宿|station:高田馬場駅|feature:24h,
ダンススクール 東京ステップス・アーツ 八王子校,〒192-0082 東京都八王子市東町１１?３ センチュリーステーションビル 5F,,https://www.t-steps.jp/hachioji/,042-649-3933,"LGBTQ フレンドリー2024-02-29 木曜日 15時00分～22時30分
2024-03-01 金曜日 15時00分～22時30分
2024-03-02 土曜日 11時00分～21時30分
2024-03-03 日曜日 11時00分～19時30分
2024-03-04 月曜日 15時00分～22時30分
2024-03-05 火曜日 15時00分～22時30分
2024-03-06 水曜日 15時00分～22時30分
",1,35.6579997,139.3385143,東京,八王子駅,264,八王子駅,1,八王子市,八王子,八王子,area:八王子|station:八王子駅|feature:24h,
ダンススクールRB-SOUL（ラブソウル）,〒180-0013 東京都武蔵野市西久保２丁目３?１３ 第三山下ビル１F,,http://www.rb-soul.com/,0422-27-7580,"2024-02-29 木曜日 16時00分～21時00分
2024-03-01 金曜日 17時00分～20時00分
2024-03-02 土曜日 10時00分～20時00分
2024-03-03 日曜日 10時00分～13時30分
2024-03-04 月曜日 17時00分～21時00分
2024-03-05 火曜日 16時00分～21時15分
2024-03-06 水曜日 15時30分～21時15分
",1,35.7092046,139.5620109,東京,三鷹駅,802,三鷹駅,1,武蔵野市,吉祥寺,吉祥寺,area:吉祥寺|station:三鷹駅|feature:24h,
ダンススタジオ,〒090-0042 北海道北見市北２条西４丁目13?１,,https://dance-school-2341.business.site/?utm_source=gmb&utm_medium=referral,090-9081-0807,"2024-02-29 木曜日 17時00分～22時00分
2024-03-01 金曜日 17時00分～22時00分
2024-03-02 土曜日 定休日
2024-03-03 日曜日 定休日
2024-03-04 月曜日 17時00分～22時00分
2024-03-05 火曜日 17時00分～22時00分
2024-03-06 水曜日 17時00分～22時00分
",1,43.8027592,143.8922993,東京,なし,,,0,その他,その他,その他,feature:24h,
ダンススタジオ NEST,〒198-0042 東京都青梅市東青梅６丁目２１?３,,http://www.studio-nest.jp/,080-6250-4173,,1,35.7950922,139.2760075,東京,なし,,,0,青梅市,青梅,青梅,area:青梅,
ダンススタジオ スターゲート,〒457-0004 愛知県名古屋市南区中江１丁目６?８,,http://stargate-school.com/,052-693-5765,"2024-02-29 木曜日 16時00分～22時00分
2024-03-01 金曜日 17時00分～22時00分
2024-03-02 土曜日 13時00分～21時00分
2024-03-03 日曜日 定休日
2024-03-04 月曜日 16時00分～22時00分
2024-03-05 火曜日 16時00分～23時00分
2024-03-06 水曜日 16時00分～22時00分
",1,35.1058192,136.9445837,東京,なし,,,0,その他,その他,その他,feature:24h,
ダンススタジオ セピア,〒272-0033 千葉県市川市市川南３丁目１４?１６,,https://peraichi.com/landing_pages/view/studio-sepia/,047-324-3235,,1,35.729643,139.9041953,東京,なし,,,0,その他,その他,その他,,
ダンススタジオ ハッピーターン,〒130-0026 東京都墨田区両国４丁目１８?４,,http://www.happy-turn.com/,080-4185-4202,"2024-02-29 木曜日 8時00分～23時00分
2024-03-01 金曜日 8時00分～23時00分
2024-03-02 土曜日 8時00分～23時00分
2024-03-03 日曜日 8時00分～23時00分
2024-03-04 月曜日 8時00分～23時00分
2024-03-05 火曜日 8時00分～23時00分
2024-03-06 水曜日 8時00分～23時00分
",1,35.6935442,139.797603,東京,なし,,,0,墨田区,錦糸町,錦糸町,area:錦糸町|feature:24h,
ダンススタジオ ファンデーション 東中野落合校,〒164-0003 東京都中野区東中野３丁目１６?１４ 小谷ビル １Ｆ,,http://www.fun-d-tion.net/,03-3362-2688,"2024-02-29 木曜日 15時30分～22時30分
2024-03-01 金曜日 16時00分～23時00分
2024-03-02 土曜日 定休日
2024-03-03 日曜日 10時00分～16時00分
2024-03-04 月曜日 16時00分～22時00分
2024-03-05 火曜日 16時00分～20時00分
2024-03-06 水曜日 16時00分～23時00分
",1,35.7092247,139.6814265,東京,なし,,,0,中野区,中野,中野,area:中野|feature:24h,
ダンススタジオ ファンデーション 茂原校,〒297-0073 千葉県茂原市長尾２５４２?２,,http://www.fun-d-tion.net/,0475-28-9203,"2024-02-29 木曜日 16時00分～22時00分
2024-03-01 金曜日 10時30分～12時30分
2024-03-02 土曜日 11時30分～16時00分
2024-03-03 日曜日 定休日
2024-03-04 月曜日 16時30分～22時00分
2024-03-05 火曜日 12時30分～13時30分
2024-03-06 水曜日 定休日
",1,35.4519888,140.2968198,東京,なし,,,0,その他,その他,その他,feature:24h,
ダンススタジオ ユー,〒183-0015 東京都府中市清水が丘１丁目１?３,,http://dance-studio-you.sakura.ne.jp/,042-360-3595,,1,35.6693645,139.4944354,東京,なし,,,0,府中市,府中,府中,area:府中,
池尻大橋レンタルスタジオY3,〒153-0043 東京都目黒区東山３丁目１?１９ メゾン池尻大橋 M.I.O Bldg 305,,https://y3gym.com/,,"2024-02-29 木曜日 6時00分～22時30分
2024-03-01 金曜日 6時00分～22時30分
2024-03-02 土曜日 6時00分～22時30分
2024-03-03 日曜日 6時00分～22時30分
2024-03-04 月曜日 6時00分～22時30分
2024-03-05 火曜日 6時00分～22時30分
2024-03-06 水曜日 6時00分～22時30分
",1,35.6509015,139.6859129,東京,池尻大橋駅,173,池尻大橋駅,1,目黒区,中目黒,中目黒,area:中目黒|station:池尻大橋駅|feature:24h,
ダンススタジオ・スターハウス,〒279-0013 千葉県浦安市日の出５丁目６?１,,http://star-house.moo.jp/,070-6426-1476,"2024-02-29 木曜日 9時00分～21時00分
2024-03-01 金曜日 9時00分～21時00分
2024-03-02 土曜日 9時00分～21時00分
2024-03-03 日曜日 9時00分～21時00分
2024-03-04 月曜日 9時00分～21時00分
2024-03-05 火曜日 9時00分～21時00分
2024-03-06 水曜日 9時00分～21時00分
",1,35.639631,139.928862,東京,なし,,,0,その他,その他,その他,feature:24h,
"Dance space BUG FIX,",〒283-0826 千葉県東金市山田 字稲荷谷669-38,,https://www.studiodancealive.com/,,"2024-02-29 木曜日 9時00分～22時00分
2024-03-01 金曜日 9時00分～22時00分
2024-03-02 土曜日 9時00分～22時00分
2024-03-03 日曜日 9時00分～22時00分
2024-03-04 月曜日 9時00分～22時00分
2024-03-05 火曜日 9時00分～22時00分
2024-03-06 水曜日 9時00分～22時00分
",1,35.556955,140.308706,東京,なし,,,0,その他,その他,その他,feature:24h,
ダンススタジオ・ミカ,"2階, ５丁目-１-３ 麻生町 北区 札幌市 北海道 001-0045",,http://www.dance-mika.com/,011-700-9001,"2024-02-29 木曜日 10時00分～21時00分
2024-03-01 金曜日 10時00分～21時00分
2024-03-02 土曜日 10時00分～21時00分
2024-03-03 日曜日 定休日
2024-03-04 月曜日 10時00分～21時00分
2024-03-05 火曜日 10時00分～21時00分
2024-03-06 水曜日 10時00分～21時00分
",1,43.1096678,141.3377439,東京,なし,,,0,北区,赤羽,赤羽,area:赤羽|feature:24h,
ダンススタジオANGELO★,〒152-0035 東京都目黒区自由が丘２丁目１６?２５ シグナルヒル B1,,http://angelo123.com/blog/important_news/studiorentalinfo,03-3725-9341,"2024-02-29 木曜日 11時00分～21時00分
2024-03-01 金曜日 11時00分～21時00分
2024-03-02 土曜日 11時00分～21時00分
2024-03-03 日曜日 11時00分～21時00分
2024-03-04 月曜日 11時00分～21時00分
2024-03-05 火曜日 11時00分～21時00分
2024-03-06 水曜日 11時00分～21時00分
",1,35.6088442,139.6665918,東京,自由が丘駅,270,自由が丘駅,1,目黒区,中目黒,中目黒,area:中目黒|station:自由が丘駅|feature:24h,
ダンススタジオhow to fly fellows 新浦安校,〒279-0024 千葉県浦安市港３,,https://wazacule.com/,047-355-8300,"2024-02-29 木曜日 8時30分～23時30分
2024-03-01 金曜日 8時30分～23時30分
2024-03-02 土曜日 8時30分～23時30分
2024-03-03 日曜日 8時30分～23時30分
2024-03-04 月曜日 8時30分～23時30分
2024-03-05 火曜日 8時30分～23時30分
2024-03-06 水曜日 8時30分～23時30分
",1,35.6359177,139.9069432,東京,なし,,,0,その他,その他,その他,feature:24h,
ダンススタジオｈｏｗｔｏｆｌｙ,〒272-0133 千葉県市川市行徳駅前２丁目２０?１,,http://wazacule.com/,047-701-0390,"2024-02-29 木曜日 10時00分～22時30分
2024-03-01 金曜日 10時00分～22時30分
2024-03-02 土曜日 9時30分～22時30分
2024-03-03 日曜日 9時30分～22時30分
2024-03-04 月曜日 10時00分～22時30分
2024-03-05 火曜日 10時00分～22時30分
2024-03-06 水曜日 10時00分～22時30分
",1,35.6839676,139.9129171,東京,なし,,,0,その他,その他,その他,feature:24h,
ダンススタジオｉｎｇ,〒812-0053 福岡県福岡市東区箱崎２丁目４１?７,,http://dance-ing.com/,092-643-1539,,1,33.6210292,130.4193864,東京,なし,,,0,その他,その他,その他,,
ダンススタジオJJ,〒350-1122 埼玉県川越市脇田町３?１６ 丸石ビルディング 6階,,http://studiojjsaine.com/,049-298-7772,"2024-02-29 木曜日 10時00分～21時00分
2024-03-01 金曜日 10時00分～21時00分
2024-03-02 土曜日 10時00分～21時00分
2024-03-03 日曜日 10時00分～21時00分
2024-03-04 月曜日 10時00分～21時00分
2024-03-05 火曜日 10時00分～21時00分
2024-03-06 水曜日 10時00分～21時00分
",1,35.9091468,139.4820993,東京,なし,,,0,その他,その他,その他,feature:24h,
ダンススタジオRUCHIRU,〒340-0015 埼玉県草加市高砂２丁目２?２８ 丸善草加ビル ３-A,,https://dancestudio-ruchiru.com/,048-922-8715,"オーナーが女性と確認されたビジネス2024-02-29 木曜日 11時00分～21時30分
2024-03-01 金曜日 11時00分～21時30分
2024-03-02 土曜日 11時00分～21時30分
2024-03-03 日曜日 定休日
2024-03-04 月曜日 11時00分～21時30分
2024-03-05 火曜日 11時00分～21時30分
2024-03-06 水曜日 11時00分～21時30分
",1,35.827227,139.805788,東京,なし,,,0,その他,その他,その他,feature:24h,
バレエスタジオ ソレイユ 大阪高槻校,〒569-1121 大阪府高槻市真上町３丁目１０?１２,,http://takatsuki.ballet-studio-soleil.com/,,"2024-02-29 木曜日 9時00分～17時00分
2024-03-01 金曜日 9時00分～17時00分
2024-03-02 土曜日 9時00分～17時00分
2024-03-03 日曜日 定休日
2024-03-04 月曜日 9時00分～17時00分
2024-03-05 火曜日 定休日
2024-03-06 水曜日 9時00分～17時00分
",1,34.859796,135.6060979,東京,なし,,,0,その他,その他,その他,feature:24h,
レンタルスタジオ man?ge,〒569-1121 大阪府高槻市真上町３丁目１０?１２,,https://manege-studio.com/,,"2024-02-29 木曜日 9時00分～22時00分
2024-03-01 金曜日 9時00分～22時00分
2024-03-02 土曜日 9時00分～22時00分
2024-03-03 日曜日 9時00分～22時00分
2024-03-04 月曜日 9時00分～22時00分
2024-03-05 火曜日 9時00分～22時00分
2024-03-06 水曜日 9時00分～22時00分
",1,34.8598042,135.6060768,東京,なし,,,0,その他,その他,その他,feature:24h,
子ども向け体操教室LUNA STUDIO 松蔭神社前校,〒154-0017 東京都世田谷区世田谷４丁目１?１４ ロワ松陰 ３F,,https://lunastudio.jp/,,"2024-02-29 木曜日 14時00分～20時40分
2024-03-01 金曜日 14時00分～20時40分
2024-03-02 土曜日 9時00分～20時30分
2024-03-03 日曜日 9時00分～20時30分
2024-03-04 月曜日 14時00分～20時40分
2024-03-05 火曜日 14時00分～20時40分
2024-03-06 水曜日 13時50分～20時40分
",1,35.6426478,139.6549119,東京,なし,,,0,世田谷区,下北沢,下北沢|三軒茶屋|二子玉川|自由が丘,area:下北沢|feature:24h,
個室レンタルジム AllDayGym 松陰神社店,〒154-0023 東京都世田谷区若林４丁目１７?１２ プルミエール松陰神社 202,,https://www.all-day-gym.com/,,"LGBTQ フレンドリー2024-02-29 木曜日 7時00分～22時30分
2024-03-01 金曜日 7時00分～23時00分
2024-03-02 土曜日 7時00分～23時00分
2024-03-03 日曜日 7時00分～23時00分
2024-03-04 月曜日 7時00分～23時00分
2024-03-05 火曜日 7時00分～23時00分
2024-03-06 水曜日 7時00分～23時00分
",1,35.6456162,139.6559804,東京,なし,,,0,世田谷区,下北沢,下北沢|三軒茶屋|二子玉川|自由が丘,area:下北沢|feature:24h,
ダンススタジオファンデーション 一宮校,〒299-4303 千葉県長生郡一宮町東浪見７４２７?２,,http://www.fun-d-tion.net/,0475-28-9203,"2024-02-29 木曜日 16時45分～20時00分
2024-03-01 金曜日 定休日
2024-03-02 土曜日 定休日
2024-03-03 日曜日 定休日
2024-03-04 月曜日 定休日
2024-03-05 火曜日 定休日
2024-03-06 水曜日 16時30分～20時00分
",1,35.3543989,140.3893043,東京,なし,,,0,その他,その他,その他,feature:24h,
ダンススタジオブリリアント,〒669-1522 兵庫県三田市下田中５８７?１,,https://dance-school-1677.business.site/?utm_source=gmb&utm_medium=referral,090-3999-9623,"2024-02-29 木曜日 10時00分～22時30分
2024-03-01 金曜日 10時00分～22時30分
2024-03-02 土曜日 10時00分～22時30分
2024-03-03 日曜日 定休日
2024-03-04 月曜日 10時00分～22時30分
2024-03-05 火曜日 10時00分～22時30分
2024-03-06 水曜日 10時00分～22時30分
",1,34.8793906,135.2429387,東京,なし,,,0,その他,その他,その他,feature:24h,
NEW STEP Dance Arts Studio,〒580-0024 大阪府松原市東新町４丁目８?２８,,https://www.newstepdanceartsstudio.com/,,オーナーが女性と確認されたビジネス,1,34.5767819,135.5424604,東京,なし,,,0,その他,その他,その他,,
ダンススタジオ新宿（レンタルスタジオ）,〒350-1124 埼玉県川越市新宿町５丁目１９?５８,,https://dance-school-1452.business.site/?utm_source=gmb&utm_medium=referral,090-9366-7332,"オーナーが女性と確認されたビジネス2024-02-29 木曜日 15時00分～22時00分
2024-03-01 金曜日 15時00分～22時00分
2024-03-02 土曜日 15時00分～22時00分
2024-03-03 日曜日 15時00分～22時00分
2024-03-04 月曜日 15時00分～22時00分
2024-03-05 火曜日 15時00分～22時00分
2024-03-06 水曜日 15時00分～22時00分
",1,35.9004953,139.4762095,東京,なし,,,0,その他,その他,その他,feature:24h,
ダンススタジオ石井,〒151-0051 東京都渋谷区千駄ケ谷５丁目４?７,,http://www.ds-ishii.com/,03-3350-4310,"2024-02-29 木曜日 13時00分～22時00分
2024-03-01 金曜日 13時00分～22時00分
2024-03-02 土曜日 13時00分～20時00分
2024-03-03 日曜日 定休日
2024-03-04 月曜日 13時00分～22時00分
2024-03-05 火曜日 13時00分～22時00分
2024-03-06 水曜日 13時00分～22時00分
",1,35.6825722,139.7073212,東京,代々木駅,480,代々木駅|新宿駅,2,渋谷区,渋谷,渋谷|恵比寿|代官山|原宿,area:渋谷|station:代々木駅|station:新宿駅|feature:24h,
ダンススペース ベースオントップ吉祥寺店,〒180-0004 東京都武蔵野市吉祥寺本町１丁目２０?３ B1F,,https://bassontop.tokyo.jp/dance_kichijoji/,0422-27-1334,"2024-02-29 木曜日 24 時間営業
2024-03-01 金曜日 24 時間営業
2024-03-02 土曜日 24 時間営業
2024-03-03 日曜日 24 時間営業
2024-03-04 月曜日 24 時間営業
2024-03-05 火曜日 24 時間営業
2024-03-06 水曜日 24 時間営業
",1,35.7056228,139.5817856,東京,吉祥寺駅,326,吉祥寺駅,1,武蔵野市,吉祥寺,吉祥寺,area:吉祥寺|station:吉祥寺駅|feature:24h,
ダンススペース ベースオントップ高田馬場店,〒169-0075 東京都新宿区高田馬場１丁目３３?１４ サンフラワービル 3F,,https://bassontop.tokyo.jp/dance/,03-6273-8587,"2024-02-29 木曜日 24 時間営業
2024-03-01 金曜日 24 時間営業
2024-03-02 土曜日 24 時間営業
2024-03-03 日曜日 24 時間営業
2024-03-04 月曜日 24 時間営業
2024-03-05 火曜日 24 時間営業
2024-03-06 水曜日 24 時間営業
",1,35.7112166,139.7039302,東京,高田馬場駅,120,高田馬場駅|新大久保駅,2,新宿区,新宿,新宿|西新宿|高田馬場|新大久保,area:新宿|station:高田馬場駅|station:新大久保駅|feature:24h,
ダンススペースDD,〒213-0004 神奈川県川崎市高津区１０ 高津区諏訪1-10-8 クラッセコート1-1,,http://ds-dd.com/,090-6000-4009,"2024-02-29 木曜日 9時00分～23時00分
2024-03-01 金曜日 9時00分～23時00分
2024-03-02 土曜日 9時00分～23時00分
2024-03-03 日曜日 9時00分～23時00分
2024-03-04 月曜日 9時00分～23時00分
2024-03-05 火曜日 9時00分～23時00分
2024-03-06 水曜日 9時00分～23時00分
",1,35.6062667,139.6227691,東京,なし,,,0,その他,その他,その他,feature:24h,
ダンススペースオオヤ,〒130-0024 東京都墨田区菊川２丁目６?１４ マーベラスビル5F,,http://www.ds-ohya.com/,03-3634-5602,,1,35.6886032,139.8052849,東京,なし,,,0,墨田区,錦糸町,錦糸町,area:錦糸町,
ダンスプレイスフェリーチェ (dance place FELICE),〒125-0041 東京都葛飾区東金町１丁目４２?１０ 東金町ビル ５階,,http://danceplacefelice.com/,03-5876-4649,"LGBTQ フレンドリー2024-02-29 木曜日 10時00分～21時00分
2024-03-01 金曜日 10時00分～22時00分
2024-03-02 土曜日 10時00分～18時00分
2024-03-03 日曜日 定休日
2024-03-04 月曜日 10時00分～21時00分
2024-03-05 火曜日 10時00分～21時00分
2024-03-06 水曜日 10時00分～21時00分
",1,35.7703986,139.8712663,東京,なし,,,0,葛飾区,新小岩,新小岩,area:新小岩|feature:24h,
ダンスフロアーNEWプラスパ,〒203-0014 東京都東久留米市東本町７?１５ プラスパ小山 2F ビル,,https://dancenewprosper.com/,042-470-0103,"2024-02-29 木曜日 13時00分～21時00分
2024-03-01 金曜日 13時00分～21時00分
2024-03-02 土曜日 13時00分～21時00分
2024-03-03 日曜日 定休日
2024-03-04 月曜日 13時00分～21時00分
2024-03-05 火曜日 13時00分～21時00分
2024-03-06 水曜日 13時00分～21時00分
",1,35.7627009,139.5319495,東京,なし,,,0,東久留米市,東久留米,東久留米,area:東久留米|feature:24h,
ダンスホール ESPACE,〒168-0074 東京都杉並区上高井戸１丁目２?１ 地下１階 第１八幡山マンション,,http://dancehall-espace.com/,080-5374-2028,,1,35.6693969,139.6150676,東京,なし,,,0,杉並区,高円寺,高円寺,area:高円寺,
ダンスラッシュ,〒001-0021 北海道札幌市北区北２１条西５丁目１?１ ベルリネッタN21 2F,,http://danslash.jp/,011-776-7734,"2024-02-29 木曜日 10時00分～22時00分
2024-03-01 金曜日 10時00分～22時00分
2024-03-02 土曜日 10時00分～15時00分
2024-03-03 日曜日 定休日
2024-03-04 月曜日 10時00分～22時00分
2024-03-05 火曜日 10時00分～22時00分
2024-03-06 水曜日 10時00分～22時00分
",1,43.0858174,141.3438635,東京,なし,,,0,北区,赤羽,赤羽,area:赤羽|feature:24h,
ダンスルーム伊藤 社交ダンス教室,〒183-0055 東京都府中市府中町１丁目２５?１２ ゼルコバビル ゼルコバ5F,,http://dance-room-ito.tokyo/,042-335-2630,"2024-02-29 木曜日 11時00分～20時00分
2024-03-01 金曜日 11時00分～20時00分
2024-03-02 土曜日 定休日
2024-03-03 日曜日 定休日
2024-03-04 月曜日 11時00分～20時00分
2024-03-05 火曜日 11時00分～20時00分
2024-03-06 水曜日 11時00分～20時00分
",1,35.675466,139.4795956,東京,府中駅,805,府中駅,1,府中市,府中,府中,area:府中|station:府中駅|feature:24h,
ダンスレンタルスタジオ プラーナ,〒206-0011 東京都多摩市関戸２丁目３２?５ カネシロビルB1,,https://yoga-studio-296.business.site/?utm_source=gmb&utm_medium=referral,090-9343-6116,"2024-02-29 木曜日 24 時間営業
2024-03-01 金曜日 24 時間営業
2024-03-02 土曜日 24 時間営業
2024-03-03 日曜日 24 時間営業
2024-03-04 月曜日 24 時間営業
2024-03-05 火曜日 24 時間営業
2024-03-06 水曜日 24 時間営業
",1,35.6490772,139.4529384,東京,なし,,,0,多摩市,多摩センター,多摩センター,area:多摩センター|feature:24h,
BUZZ レンタルスタジオ 池袋西口PARK店,〒171-0021 東京都豊島区西池袋３丁目３０?１０ ライオンビル B1,,https://buzz-st.com/ikebukuro6/,,"2024-02-29 木曜日 24 時間営業
2024-03-01 金曜日 24 時間営業
2024-03-02 土曜日 24 時間営業
2024-03-03 日曜日 24 時間営業
2024-03-04 月曜日 24 時間営業
2024-03-05 火曜日 24 時間営業
2024-03-06 水曜日 24 時間営業
",1,35.7309055,139.7064762,東京,池袋駅,415,池袋駅,1,豊島区,池袋,池袋|目白|大塚|巣鴨,area:池袋|station:池袋駅|feature:24h,
BUZZ池袋サンシャイン,〒170-0013 東京都豊島区東池袋１丁目２６?３,,https://buzz-st.com/ikebukuro7,,"2024-02-29 木曜日 24 時間営業
2024-03-01 金曜日 24 時間営業
2024-03-02 土曜日 24 時間営業
2024-03-03 日曜日 24 時間営業
2024-03-04 月曜日 24 時間営業
2024-03-05 火曜日 24 時間営業
2024-03-06 水曜日 24 時間営業
",1,35.7290478,139.7162097,東京,池袋駅,526,池袋駅,1,豊島区,池袋,池袋|目白|大塚|巣鴨,area:池袋|station:池袋駅|feature:24h,
スタジオジパング 池袋スタジオSTANDARD 7F/8F,〒171-0021 東京都豊島区西池袋３丁目２９?９ 8F Ｃ３ビル 7F,,https://studiozipang.com/,,"2024-02-29 木曜日 24 時間営業
2024-03-01 金曜日 24 時間営業
2024-03-02 土曜日 24 時間営業
2024-03-03 日曜日 24 時間営業
2024-03-04 月曜日 24 時間営業
2024-03-05 火曜日 24 時間営業
2024-03-06 水曜日 24 時間営業
",1,35.7313818,139.706436,東京,池袋駅,449,池袋駅,1,豊島区,池袋,池袋|目白|大塚|巣鴨,area:池袋|station:池袋駅|feature:24h,
タントタンツダンススタジオ小金井教室,〒184-0004 東京都小金井市本町５丁目１１?７ 第一国土ビル5階,,https://tanttanz.com/,090-7807-3175,"2024-02-29 木曜日 8時00分～22時00分
2024-03-01 金曜日 8時00分～22時00分
2024-03-02 土曜日 8時00分～22時00分
2024-03-03 日曜日 8時00分～22時00分
2024-03-04 月曜日 8時00分～22時00分
2024-03-05 火曜日 8時00分～22時00分
2024-03-06 水曜日 8時00分～22時00分
",1,35.7020247,139.5054988,東京,なし,,,0,小金井市,武蔵小金井,武蔵小金井,area:武蔵小金井|feature:24h,
natsu belly dance club,〒171-0022 東京都豊島区南池袋２丁目２２?４ フジキF2ビル,,https://peraichi.com/landing_pages/view/nbdc,,"2024-02-29 木曜日 定休日
2024-03-01 金曜日 定休日
2024-03-02 土曜日 14時40分～15時50分
2024-03-03 日曜日 定休日
2024-03-04 月曜日 定休日
2024-03-05 火曜日 定休日
2024-03-06 水曜日 定休日
",1,35.7282098,139.7141803,東京,池袋駅,352,池袋駅,1,豊島区,池袋,池袋|目白|大塚|巣鴨,area:池袋|station:池袋駅|feature:24h,
タントタンツダンススタジオ東所沢教室,〒359-0021 埼玉県所沢市東所沢１丁目３?４,,https://tanttanz.jp/,090-7807-3175,"LGBTQ フレンドリー2024-02-29 木曜日 8時00分～22時00分
2024-03-01 金曜日 8時00分～22時00分
2024-03-02 土曜日 8時00分～22時00分
2024-03-03 日曜日 8時00分～22時00分
2024-03-04 月曜日 8時00分～22時00分
2024-03-05 火曜日 8時00分～22時00分
2024-03-06 水曜日 8時00分～22時00分
",1,35.7960263,139.5128148,東京,なし,,,0,その他,その他,その他,feature:24h,
タキガワダンススクール池袋,〒171-0014 東京都豊島区池袋２丁目６４?１１ ｢平和ビル/4F｣,,https://takigawa-ds.com/%E6%95%99%E5%AE%A4/%E6%B1%A0%E8%A2%8B%E6%95%99%E5%AE%A4/,,"2024-02-29 木曜日 13時00分～22時30分
2024-03-01 金曜日 13時00分～22時30分
2024-03-02 土曜日 13時00分～22時30分
2024-03-03 日曜日 13時00分～18時00分
2024-03-04 月曜日 13時00分～22時30分
2024-03-05 火曜日 13時00分～22時30分
2024-03-06 水曜日 13時00分～22時30分
",1,35.7353113,139.7112589,東京,池袋駅,714,池袋駅,1,豊島区,池袋,池袋|目白|大塚|巣鴨,area:池袋|station:池袋駅|feature:24h,
"in the house / Mejiro ""Attic""",〒171-0031 東京都豊島区目白３丁目１?３４ 2F,,https://inthehouse.tokyo/,,"2024-02-29 木曜日 6時00分～22時00分
2024-03-01 金曜日 6時00分～22時00分
2024-03-02 土曜日 6時00分～22時00分
2024-03-03 日曜日 6時00分～22時00分
2024-03-04 月曜日 6時00分～22時00分
2024-03-05 火曜日 6時00分～22時00分
2024-03-06 水曜日 6時00分～22時00分
",1,35.719964,139.7057766,東京,高田馬場駅,873,高田馬場駅|池袋駅,2,豊島区,池袋,池袋|目白|大塚|巣鴨,area:池袋|station:高田馬場駅|station:池袋駅|feature:24h,
スタジオジパング 目白スタジオPRO,〒171-0031 東京都豊島区目白３ 5-13 地下1階,,https://studiozipang.com/,,"2024-02-29 木曜日 24 時間営業
2024-03-01 金曜日 24 時間営業
2024-03-02 土曜日 24 時間営業
2024-03-03 日曜日 24 時間営業
2024-03-04 月曜日 24 時間営業
2024-03-05 火曜日 24 時間営業
2024-03-06 水曜日 24 時間営業
",1,35.722269,139.7049588,東京,池袋駅,887,池袋駅|高田馬場駅,2,豊島区,池袋,池袋|目白|大塚|巣鴨,area:池袋|station:池袋駅|station:高田馬場駅|feature:24h,
チェリッシュスタジオ3号館／10号館,〒150-0045 東京都渋谷区神泉町２０?２５ 神泉ＱＳビル 4階／7階,,http://cherish-studio.com/03st/,03-6277-5760,"2024-02-29 木曜日 24 時間営業
2024-03-01 金曜日 24 時間営業
2024-03-02 土曜日 24 時間営業
2024-03-03 日曜日 24 時間営業
2024-03-04 月曜日 24 時間営業
2024-03-05 火曜日 24 時間営業
2024-03-06 水曜日 24 時間営業
",1,35.657302,139.6913568,東京,渋谷駅,932,渋谷駅|池尻大橋駅,2,渋谷区,渋谷,渋谷|恵比寿|代官山|原宿,area:渋谷|station:渋谷駅|station:池尻大橋駅|feature:24h,
チコバレエ・アカデミー二号館,〒154-0015 東京都世田谷区桜新町１丁目８?７ 2階,,http://chicoballetacademy.jp/,03-5760-6313,"LGBTQ フレンドリー2024-02-29 木曜日 16時30分～21時00分
2024-03-01 金曜日 15時30分～21時00分
2024-03-02 土曜日 12時50分～21時00分
2024-03-03 日曜日 12時30分～19時00分
2024-03-04 月曜日 16時30分～21時00分
2024-03-05 火曜日 17時30分～20時30分
2024-03-06 水曜日 15時30分～21時00分
",1,35.6297154,139.6442859,東京,なし,,,0,世田谷区,下北沢,下北沢|三軒茶屋|二子玉川|自由が丘,area:下北沢|feature:24h,
チコバレエアカデミー1号館,〒154-0017 東京都世田谷区世田谷２丁目２５?２,,http://www.chicoballetacademy.jp/,03-3429-2626,"2024-02-29 木曜日 8時00分～21時00分
2024-03-01 金曜日 8時00分～21時00分
2024-03-02 土曜日 8時00分～21時00分
2024-03-03 日曜日 8時00分～21時00分
2024-03-04 月曜日 8時00分～21時00分
2024-03-05 火曜日 8時00分～21時00分
2024-03-06 水曜日 8時00分～21時00分
",1,35.6403801,139.6409171,東京,なし,,,0,世田谷区,下北沢,下北沢|三軒茶屋|二子玉川|自由が丘,area:下北沢|feature:24h,
TDSレンタルスタジオ池袋（120㎡）,〒171-0014 東京都豊島区池袋２丁目６４?１１ ｢平和ビル/4F｣,,https://takigawa-ds.com/rental/index.php?%E6%B1%A0%E8%A2%8B,,,1,35.7353175,139.7112401,東京,池袋駅,715,池袋駅,1,豊島区,池袋,池袋|目白|大塚|巣鴨,area:池袋|station:池袋駅,
ちるどれ 上町スタジオ,〒540-0005 大阪府大阪市中央区上町１丁目６?１１ 2階,,https://www.chill-dre.com/,06-6773-9649,"2024-02-29 木曜日 10時00分～19時20分
2024-03-01 金曜日 10時00分～19時20分
2024-03-02 土曜日 定休日
2024-03-03 日曜日 定休日
2024-03-04 月曜日 10時00分～19時20分
2024-03-05 火曜日 10時00分～19時20分
2024-03-06 水曜日 10時00分～19時20分
",1,34.6754294,135.5254451,東京,なし,,,0,中央区,銀座,銀座|日本橋|八丁堀|月島,area:銀座|feature:24h,
ツチヤダンスガーデン,〒213-0002 神奈川県川崎市高津区二子５丁目２?１,,http://www.tsuchiyadance.com/,044-822-3242,"2024-02-29 木曜日 13時00分～22時00分
2024-03-01 金曜日 13時00分～22時00分
2024-03-02 土曜日 13時00分～18時00分
2024-03-03 日曜日 定休日
2024-03-04 月曜日 13時00分～22時00分
2024-03-05 火曜日 13時00分～22時00分
2024-03-06 水曜日 13時00分～22時00分
",1,35.602676,139.616961,東京,なし,,,0,その他,その他,その他,feature:24h,
デイ・ナイト株式会社,〒100-0011 東京都千代田区内幸町１丁目１?２ Ud日比谷ビル 7F,,https://cocoloca.jp/location/ud-hibiya/,03-6257-3986,"2024-02-29 木曜日 9時00分～18時00分
2024-03-01 金曜日 9時00分～18時00分
2024-03-02 土曜日 10時00分～18時00分
2024-03-03 日曜日 10時00分～18時00分
2024-03-04 月曜日 9時00分～18時00分
2024-03-05 火曜日 9時00分～18時00分
2024-03-06 水曜日 9時00分～18時00分
",1,35.6707398,139.7590745,東京,新橋駅,507,新橋駅|有楽町駅,2,千代田区,秋葉原,秋葉原,area:秋葉原|station:新橋駅|station:有楽町駅|feature:24h,
ティアラ,〒142-0053 東京都品川区中延３丁目２?４,,http://www.shupla-gp.com/tiara/,03-6426-8828,"2024-02-29 木曜日 9時00分～21時00分
2024-03-01 金曜日 9時00分～21時00分
2024-03-02 土曜日 9時00分～21時00分
2024-03-03 日曜日 9時00分～21時00分
2024-03-04 月曜日 9時00分～21時00分
2024-03-05 火曜日 9時00分～21時00分
2024-03-06 水曜日 9時00分～21時00分
",1,35.6092759,139.711402,東京,なし,,,0,品川区,品川,品川|五反田|大井町|目黒,area:品川|feature:24h,
ティーアイエス（株）,〒150-0021 東京都渋谷区恵比寿西１丁目３０?１４ エコー代官山,,http://tisandyou.jp/,03-3476-0082,,1,35.6486356,139.7060146,東京,恵比寿駅,428,恵比寿駅|渋谷駅,2,渋谷区,渋谷,渋谷|恵比寿|代官山|原宿,area:渋谷|station:恵比寿駅|station:渋谷駅,
テルコ・ダンススタジオ,〒001-0035 北海道札幌市北区北３５条西５丁目１?１５,,https://teruko-dance.com/,011-736-3330,,1,43.102118,141.339686,東京,なし,,,0,北区,赤羽,赤羽,area:赤羽,
スタジオグロウ,〒164-0003 東京都中野区東中野１丁目４?４,,http://studio-glow.jp/,,,1,35.7016552,139.6854144,東京,なし,,,0,中野区,中野,中野,area:中野,
トゥインクルクラブ,〒471-0835 愛知県豊田市曙町２丁目16番地 BLUS16 101号室,,https://npotwinkleclub.com/,080-7012-1919,"2024-02-29 木曜日 10時00分～22時00分
2024-03-01 金曜日 10時00分～22時00分
2024-03-02 土曜日 10時00分～22時00分
2024-03-03 日曜日 10時00分～22時00分
2024-03-04 月曜日 10時00分～22時00分
2024-03-05 火曜日 10時00分～22時00分
2024-03-06 水曜日 10時00分～22時00分
",1,35.0578306,137.1315373,東京,なし,,,0,その他,その他,その他,feature:24h,
ドリーム・パフェ・スタジオ,〒150-0012 東京都渋谷区広尾５丁目１１?１１ 福地ビル,,http://dreamparfait.com/,03-5795-0132,"2024-02-29 木曜日 10時00分～18時00分
2024-03-01 金曜日 10時00分～18時00分
2024-03-02 土曜日 10時00分～18時00分
2024-03-03 日曜日 定休日
2024-03-04 月曜日 10時00分～18時00分
2024-03-05 火曜日 10時00分～18時00分
2024-03-06 水曜日 10時00分～18時00分
",1,35.6491691,139.7218439,東京,恵比寿駅,1096,恵比寿駅,1,渋谷区,渋谷,渋谷|恵比寿|代官山|原宿,area:渋谷|station:恵比寿駅|feature:24h,
なかすた（スタジオ神田川）,〒164-0013 東京都中野区弥生町５丁目２２?２ ビラフジミ B号室,,http://nkn.photographer.tokyo.jp/,090-5495-8257,"2024-02-29 木曜日 10時00分～22時00分
2024-03-01 金曜日 10時00分～22時00分
2024-03-02 土曜日 10時00分～22時00分
2024-03-03 日曜日 10時00分～22時00分
2024-03-04 月曜日 10時00分～22時00分
2024-03-05 火曜日 10時00分～22時00分
2024-03-06 水曜日 10時00分～22時00分
",1,35.6894667,139.6656821,東京,なし,,,0,中野区,中野,中野,area:中野|feature:24h,
ナガトスタジオ,〒134-0084 東京都江戸川区東葛西５丁目４０?９,,http://www.nagatostudio.com/,080-4323-2200,"2024-02-29 木曜日 9時00分～0時00分
2024-03-01 金曜日 9時00分～0時00分
2024-03-02 土曜日 9時00分～0時00分
2024-03-03 日曜日 9時00分～0時00分
2024-03-04 月曜日 9時00分～0時00分
2024-03-05 火曜日 9時00分～0時00分
2024-03-06 水曜日 9時00分～0時00分
",1,35.66518,139.879998,東京,なし,,,0,江戸川区,西葛西,西葛西,area:西葛西|feature:24h,
ナッツ・レンタル・スタジオ,〒114-0014 東京都北区田端４丁目１?１１ クレールビル 1F,,http://www.nuts-vocal.com/studio.html,0120-772-466,,1,35.7358385,139.7521312,東京,なし,,,0,北区,赤羽,赤羽,area:赤羽,
ナプア アラ オナオナ 恵比寿校,〒150-0013 東京都渋谷区恵比寿１丁目１?６ エビスオークビル1-2F,,http://www.napua.jp/,03-3446-0236,,1,35.6481848,139.7110401,東京,恵比寿駅,186,恵比寿駅,1,渋谷区,渋谷,渋谷|恵比寿|代官山|原宿,area:渋谷|station:恵比寿駅,
ノアスタジオ 学芸大店,〒152-0003 東京都目黒区碑文谷５丁目２５?１０ 1F?7F ノアビル２２,,https://www.noahstudio.jp/shop/gakugeidai/,03-3710-2011,"2024-02-29 木曜日 10時30分～23時00分
2024-03-01 金曜日 10時30分～8時00分
2024-03-02 土曜日 9時30分～8時00分
2024-03-03 日曜日 9時30分～23時00分
2024-03-04 月曜日 10時30分～23時00分
2024-03-05 火曜日 10時30分～23時00分
2024-03-06 水曜日 10時30分～23時00分
",1,35.6235478,139.6795317,東京,学芸大学駅,753,学芸大学駅,1,目黒区,中目黒,中目黒,area:中目黒|station:学芸大学駅|feature:24h,
ノアスタジオ 御茶ノ水店,〒101-0062 東京都千代田区神田駿河台２丁目1?１７,,https://www.noahstudio.jp/shop/ochanomizu/,03-5217-7680,,1,35.6997385,139.7629673,東京,秋葉原駅,1023,秋葉原駅,1,千代田区,秋葉原,秋葉原,area:秋葉原|station:秋葉原駅,
ノアスタジオ 秋葉原店,〒101-0021 東京都千代田区外神田６丁目１４?８,,https://www.noahstudio.jp/shop/akihabara/,03-5816-8383,"2024-02-29 木曜日 24 時間営業
2024-03-01 金曜日 24 時間営業
2024-03-02 土曜日 24 時間営業
2024-03-03 日曜日 24 時間営業
2024-03-04 月曜日 24 時間営業
2024-03-05 火曜日 24 時間営業
2024-03-06 水曜日 24 時間営業
",1,35.7035015,139.771522,東京,秋葉原駅,589,秋葉原駅,1,千代田区,秋葉原,秋葉原,area:秋葉原|station:秋葉原駅|feature:24h,
ノアスタジオ 新宿１号店,〒160-0023 東京都新宿区西新宿１丁目３?１４,,https://www.noahstudio.jp/shop/shinjuku/,03-5909-0331,"2024-02-29 木曜日 9時30分～6時00分
2024-03-01 金曜日 9時30分～6時00分
2024-03-02 土曜日 8時30分～6時00分
2024-03-03 日曜日 8時30分～6時00分
2024-03-04 月曜日 9時30分～6時00分
2024-03-05 火曜日 9時30分～6時00分
2024-03-06 水曜日 9時30分～6時00分",1,35.693295,139.698273,東京,新宿駅,319,新宿駅|西武新宿駅|新大久保駅,3,新宿区,新宿,新宿|西新宿|高田馬場|新大久保,area:新宿|station:新宿駅|station:西武新宿駅|station:新大久保駅|feature:24h,
ノアスタジオ 新宿２号店,〒160-0023 東京都新宿区西新宿７丁目１０?１２,,https://www.noahstudio.jp/shop/shinjuku2/,03-5332-8366,"2024-02-29 木曜日 9時00分～6時00分
2024-03-01 金曜日 9時00分～6時00分
2024-03-02 土曜日 9時00分～6時00分
2024-03-03 日曜日 9時00分～23時00分
2024-03-04 月曜日 9時00分～23時00分
2024-03-05 火曜日 9時00分～6時00分
2024-03-06 水曜日 9時00分～6時00分",1,35.6942501,139.6985113,東京,西武新宿駅,259,西武新宿駅|新宿駅|新大久保駅,3,新宿区,新宿,新宿|西新宿|高田馬場|新大久保,area:新宿|station:西武新宿駅|station:新宿駅|station:新大久保駅|feature:24h,
ノアスタジオ 赤坂店,〒107-0052 東京都港区赤坂３丁目１３?１２ 受付は隣のビル2Fとなります,,https://www.noahstudio.jp/shop/akasaka/,03-3589-6211,"2024-02-29 木曜日 8時30分～22時30分
2024-03-01 金曜日 8時30分～22時30分
2024-03-02 土曜日 8時30分～22時30分
2024-03-03 日曜日 8時30分～22時30分
2024-03-04 月曜日 8時30分～22時30分
2024-03-05 火曜日 8時30分～22時30分
2024-03-06 水曜日 8時30分～22時30分
",1,35.6731964,139.7373508,東京,赤坂駅,62,赤坂駅|青山一丁目駅,2,港区,六本木,六本木|赤坂|麻布|新橋,area:六本木|station:赤坂駅|station:青山一丁目駅|feature:24h,
ソニズレンタルスタジオ新中野鍋横店,〒164-0011 東京都中野区中央３丁目３４?３ B1階,,,,"2024-02-29 木曜日 24 時間営業
2024-03-01 金曜日 24 時間営業
2024-03-02 土曜日 24 時間営業
2024-03-03 日曜日 24 時間営業
2024-03-04 月曜日 24 時間営業
2024-03-05 火曜日 24 時間営業
2024-03-06 水曜日 24 時間営業
",1,35.6978043,139.6710968,東京,中野駅,1004,中野駅,1,中野区,中野,中野,area:中野|station:中野駅|feature:24h,
ノアスタジオ 中野店,"〒164-0001 東京都中野区中野３丁目３９?２, Nakano Noah Building, B1",,https://www.noahstudio.jp/shop/nakano/,03-6304-8606,"2024-02-29 木曜日 24 時間営業
2024-03-01 金曜日 24 時間営業
2024-03-02 土曜日 24 時間営業
2024-03-03 日曜日 24 時間営業
2024-03-04 月曜日 24 時間営業
2024-03-05 火曜日 24 時間営業
2024-03-06 水曜日 24 時間営業
",1,35.7041516,139.6642213,東京,中野駅,231,中野駅,1,中野区,中野,中野,area:中野|station:中野駅|feature:24h,
SISTERS TOKYO 町田校 ダンススクール,〒194-0013 東京都町田市原町田４丁目７?１２ 町田 地下1階 マイレッスン町田スタジオ カーサイコー第２ビル,,https://sisters-t.com/,,,1,35.5410653,139.4493212,東京,町田駅,292,町田駅,1,町田市,町田,町田,area:町田|station:町田駅,
ノアスタジオ 都立大２号店,〒152-0031 東京都目黒区中根１丁目２?２ 1F 受付,,https://www.noahstudio.jp/shop/toritsudai2/,03-3725-0010,"2024-02-29 木曜日 24 時間営業
2024-03-01 金曜日 24 時間営業
2024-03-02 土曜日 24 時間営業
2024-03-03 日曜日 24 時間営業
2024-03-04 月曜日 24 時間営業
2024-03-05 火曜日 24 時間営業
2024-03-06 水曜日 24 時間営業
",1,35.6182988,139.6763543,東京,なし,,,0,目黒区,中目黒,中目黒,area:中目黒|feature:24h,
ノアスタジオ 都立大店（ダンス・演劇）,〒152-0031 東京都目黒区中根１丁目７?２３ ＳＴビル,,https://www.noahstudio.jp/shop/toritsudai/,03-3723-2011,"2024-02-29 木曜日 9時00分～23時00分
2024-03-01 金曜日 9時00分～23時00分
2024-03-02 土曜日 9時00分～23時00分
2024-03-03 日曜日 9時00分～23時00分
2024-03-04 月曜日 9時00分～23時00分
2024-03-05 火曜日 9時00分～23時00分
2024-03-06 水曜日 9時00分～23時00分
",1,35.6176643,139.6747275,東京,なし,,,0,目黒区,中目黒,中目黒,area:中目黒|feature:24h,
ノアスタジオ代々木店,〒151-0051 東京都渋谷区千駄ケ谷４丁目２４?１９,,https://www.noahstudio.jp/shop/yoyogi/,03-5413-3955,"2024-02-29 木曜日 24 時間営業
2024-03-01 金曜日 24 時間営業
2024-03-02 土曜日 24 時間営業
2024-03-03 日曜日 24 時間営業
2024-03-04 月曜日 24 時間営業
2024-03-05 火曜日 24 時間営業
2024-03-06 水曜日 24 時間営業
",1,35.6809867,139.706346,東京,代々木駅,452,代々木駅,1,渋谷区,渋谷,渋谷|恵比寿|代官山|原宿,area:渋谷|station:代々木駅|feature:24h,
レンタルスタジオ マイレッスン 町田スタジオ2号,〒194-0021 東京都町田市中町１丁目１５?１１,,,,,1,35.5468411,139.4465528,東京,町田駅,541,町田駅,1,町田市,町田,町田,area:町田|station:町田駅,
ノートルスタジオ,〒107-0062 東京都港区南青山３丁目５?１ O&K 南青山,,http://notre-studio.com/,03-6721-0035,"2024-02-29 木曜日 9時00分～22時00分
2024-03-01 金曜日 9時00分～22時00分
2024-03-02 土曜日 9時00分～22時00分
2024-03-03 日曜日 9時00分～22時00分
2024-03-04 月曜日 9時00分～22時00分
2024-03-05 火曜日 9時00分～22時00分
2024-03-06 水曜日 9時00分～22時00分
",1,35.6667593,139.7166885,東京,外苑前駅,384,外苑前駅|表参道駅|青山一丁目駅,3,港区,六本木,六本木|赤坂|麻布|新橋,area:六本木|station:外苑前駅|station:表参道駅|station:青山一丁目駅|feature:24h,
シバヨガ鶴川スタジオ,〒195-0061 東京都町田市 鶴川２－１４－１５ ２F,,https://tsurukawa.yogi2.com/,,"2024-02-29 木曜日 10時00分～12時00分
2024-03-01 金曜日 9時10分～12時30分
2024-03-02 土曜日 9時00分～12時00分
2024-03-03 日曜日 9時30分～13時00分
2024-03-04 月曜日 19時00分～21時00分
2024-03-05 火曜日 9時10分～11時00分
2024-03-06 水曜日 10時00分～12時00分
",1,35.5903092,139.4686546,東京,なし,,,0,町田市,町田,町田,area:町田|feature:24h,
スタジオクレイン鶴川,〒195-0053 東京都町田市能ヶ谷２丁目１２,,http://studio-crane-tsurukawa.com/,,,1,35.584012,139.479899,東京,なし,,,0,町田市,町田,町田,area:町田,
ハーラウ ナー マモ オ カアラ‐ナゴヤ,〒471-0813 愛知県豊田市野見山町３丁目１６?１,,https://kaalanagoya.com/,090-7316-3301,"オーナーが女性と確認されたビジネス2024-02-29 木曜日 10時30分～21時30分
2024-03-01 金曜日 10時30分～21時00分
2024-03-02 土曜日 10時00分～12時00分
2024-03-03 日曜日 定休日
2024-03-04 月曜日 10時30分～23時00分
2024-03-05 火曜日 10時30分～21時30分
2024-03-06 水曜日 10時30分～21時30分
",1,35.0689732,137.1893974,東京,なし,,,0,その他,その他,その他,feature:24h,
ハーラウオフイロカヒ H?lau?oHui L?kahi,〒471-0822 愛知県豊田市水源町１丁目23?５ シンシア豊栄3階スタジオ,,https://www.toyotalokahi.com/,090-1835-3887,LGBTQ フレンドリー,1,35.051958,137.1725054,東京,なし,,,0,その他,その他,その他,,
ハウススタジオ プラネアールときわ台スタジオ,〒174-0071 東京都板橋区常盤台２丁目９?５,,http://www.planear.co.jp/studio/tokiwadai.html,0120-424-548,"2024-02-29 木曜日 24 時間営業
2024-03-01 金曜日 24 時間営業
2024-03-02 土曜日 24 時間営業
2024-03-03 日曜日 24 時間営業
2024-03-04 月曜日 24 時間営業
2024-03-05 火曜日 24 時間営業
2024-03-06 水曜日 24 時間営業
",1,35.7601543,139.689243,東京,なし,,,0,板橋区,成増,成増,area:成増|feature:24h,
パルティールバレエスタジオ,〒113-0033 東京都文京区本郷４丁目２５?８ レッチフィールド本郷４丁目3F,,https://www.balletstudio-partir.com/,03-5684-2225,,1,35.7110431,139.7530697,東京,なし,,,0,文京区,後楽園,後楽園,area:後楽園,
バレエアカデミー 江川明バレエ・スタジオ,〒145-0062 東京都大田区北千束３丁目２５?５,,http://www.egawamayanba.com/,03-3726-5145,,1,35.60665,139.686876,東京,なし,,,0,大田区,蒲田,蒲田,area:蒲田,
バレエアトリエ クレール,〒206-0034 東京都多摩市 鶴牧3-4 1C,,http://www.clair-ballet.com/,042-371-0466,"2024-02-29 木曜日 10時00分～21時00分
2024-03-01 金曜日 10時00分～21時00分
2024-03-02 土曜日 10時00分～21時00分
2024-03-03 日曜日 定休日
2024-03-04 月曜日 10時00分～21時00分
2024-03-05 火曜日 10時00分～21時00分
2024-03-06 水曜日 定休日
",1,35.6180473,139.4189017,東京,なし,,,0,多摩市,多摩センター,多摩センター,area:多摩センター|feature:24h,
バレエアトリエリュミエール,〒169-0051 東京都新宿区西早稲田２丁目３?１ 早稲田奉仕園 奉仕園会館一号館地下一階 You-Iホール,,https://ballet-atelier-lumiere.net/,050-3749-6386,,1,35.7074476,139.7164685,東京,なし,,,0,新宿区,新宿,新宿|西新宿|高田馬場|新大久保,area:新宿,
バレエスタジオ ピアチェーレ,〒134-0085 東京都江戸川区南葛西１丁目１４?１３ シティパレス南葛西 302,,http://balletstudio-piacere.ballet.place/,080-9573-5936,"2024-02-29 木曜日 10時00分～20時30分
2024-03-01 金曜日 定休日
2024-03-02 土曜日 10時00分～20時30分
2024-03-03 日曜日 定休日
2024-03-04 月曜日 定休日
2024-03-05 火曜日 10時00分～20時30分
2024-03-06 水曜日 10時00分～20時30分
",1,35.6546397,139.8720471,東京,なし,,,0,江戸川区,西葛西,西葛西,area:西葛西|feature:24h,
K Dance Nexus DANCE STUDIO 百合ヶ丘A,〒215-0011 神奈川県川崎市麻生区百合丘１丁目１９?５,,http://k-dancenexus.jp/studio_yurigaoka/index.html,,"2024-02-29 木曜日 9時00分～23時00分
2024-03-01 金曜日 9時00分～23時00分
2024-03-02 土曜日 9時00分～23時00分
2024-03-03 日曜日 9時00分～23時00分
2024-03-04 月曜日 9時00分～23時00分
2024-03-05 火曜日 9時00分～23時00分
2024-03-06 水曜日 9時00分～23時00分
",1,35.6082866,139.5156472,東京,なし,,,0,その他,その他,その他,feature:24h,
K Dance Nexus DANCE STUDIO 百合ケ丘B,〒215-0011 神奈川県川崎市麻生区百合丘２丁目２?４ Tcre新百合ヶ丘 B1,,http://k-dancenexus.jp/studio_yurigaoka2/index.html,,"2024-02-29 木曜日 9時00分～7時00分
2024-03-01 金曜日 9時00分～7時00分
2024-03-02 土曜日 9時00分～7時00分
2024-03-03 日曜日 9時00分～7時00分
2024-03-04 月曜日 9時00分～7時00分
2024-03-05 火曜日 9時00分～7時00分
2024-03-06 水曜日 9時00分～7時00分
",1,35.6059022,139.5144133,東京,なし,,,0,その他,その他,その他,feature:24h,
バレエスタジオJewels,〒156-0052 東京都世田谷区経堂５丁目２１?４,,https://www.balletstudiojewels.com/,090-4627-7946,"2024-02-29 木曜日 10時00分～21時30分
2024-03-01 金曜日 10時00分～21時30分
2024-03-02 土曜日 10時00分～21時30分
2024-03-03 日曜日 定休日
2024-03-04 月曜日 10時00分～21時30分
2024-03-05 火曜日 10時00分～21時30分
2024-03-06 水曜日 10時00分～21時30分
",1,35.6473999,139.6302862,東京,なし,,,0,世田谷区,下北沢,下北沢|三軒茶屋|二子玉川|自由が丘,area:下北沢|feature:24h,
バレエスタジオＭＯＭＯ,〒171-0043 東京都豊島区要町３丁目２３?１１ カーサプリマ,,http://balletstudiomomo.com/about/,070-3846-8465,,1,35.7393037,139.6875929,東京,なし,,,0,豊島区,池袋,池袋|目白|大塚|巣鴨,area:池袋,
K Dance Nexus Dance Studio 読売ランド前,〒214-0037 神奈川県川崎市多摩区西生田３丁目９?３０,,http://k-dancenexus.jp/studio/index.html,,"2024-02-29 木曜日 10時00分～7時00分
2024-03-01 金曜日 10時00分～7時00分
2024-03-02 土曜日 10時00分～7時00分
2024-03-03 日曜日 10時00分～7時00分
2024-03-04 月曜日 10時00分～7時00分
2024-03-05 火曜日 10時00分～7時00分
2024-03-06 水曜日 10時00分～7時00分
",1,35.6143724,139.528837,東京,なし,,,0,その他,その他,その他,feature:24h,
バレエスタジオコルツァ（Ballet Studio Colza）,〒193-0833 東京都八王子市めじろ台１丁目９?１ 2階,,https://bs-colza.com/,070-4458-3534,"2024-02-29 木曜日 17時30分～20時15分
2024-03-01 金曜日 17時15分～20時50分
2024-03-02 土曜日 10時00分～16時30分
2024-03-03 日曜日 定休日
2024-03-04 月曜日 17時15分～20時15分
2024-03-05 火曜日 11時00分～12時50分
2024-03-06 水曜日 17時15分～20時15分
",1,35.6439487,139.3067428,東京,なし,,,0,八王子市,八王子,八王子,area:八王子|feature:24h,
ハレスタジオ参宮橋,〒151-0053 東京都渋谷区代々木４丁目２８?８ 代々木村田マンション 509,,https://www.hale-studio.com/?utm_source=google&utm_medium=wix_google_business_profile&utm_campaign=17548285089529494699,090-3874-1762,"2024-02-29 木曜日 7時00分～22時00分
2024-03-01 金曜日 7時00分～22時00分
2024-03-02 土曜日 定休日
2024-03-03 日曜日 定休日
2024-03-04 月曜日 7時00分～22時00分
2024-03-05 火曜日 7時00分～22時00分
2024-03-06 水曜日 7時00分～22時00分
",1,35.6830743,139.6906292,東京,代々木駅,1031,代々木駅,1,渋谷区,渋谷,渋谷|恵比寿|代官山|原宿,area:渋谷|station:代々木駅|feature:24h,
パンキースタジオ,〒192-0355 東京都八王子市堀之内３丁目３５?６,,http://www.pandkey.co.jp/,042-677-9500,"2024-02-29 木曜日 10時00分～23時00分
2024-03-01 金曜日 10時00分～23時00分
2024-03-02 土曜日 10時00分～23時00分
2024-03-03 日曜日 10時00分～23時00分
2024-03-04 月曜日 10時00分～23時00分
2024-03-05 火曜日 16時00分～23時00分
2024-03-06 水曜日 10時00分～23時00分
",1,35.6258363,139.4006614,東京,なし,,,0,八王子市,八王子,八王子,area:八王子|feature:24h,
バンドスタジオ ベースオントップ京橋店,〒536-0016 大阪府大阪市城東区蒲生１丁目８?４,,https://www.bassontop.co.jp/studio_kyobashi/,06-6939-6262,"2024-02-29 木曜日 12時00分～1時00分
2024-03-01 金曜日 12時00分～1時00分
2024-03-02 土曜日 9時00分～1時00分
2024-03-03 日曜日 9時00分～0時00分
2024-03-04 月曜日 12時00分～1時00分
2024-03-05 火曜日 12時00分～1時00分
2024-03-06 水曜日 12時00分～1時00分
",1,34.6983528,135.5366978,東京,なし,,,0,その他,その他,その他,feature:24h,
バンドスタジオ ベースオントップ秋葉原昭和通り口店,〒101-0025 東京都千代田区神田佐久間町３丁目37?１ 文唱堂ビル B1F,,https://bassontop.tokyo.jp/band/akihabara/,03-5825-4544,"2024-02-29 木曜日 10時00分～23時00分
2024-03-01 金曜日 10時00分～23時00分
2024-03-02 土曜日 9時00分～23時00分
2024-03-03 日曜日 9時00分～23時00分
2024-03-04 月曜日 10時00分～23時00分
2024-03-05 火曜日 10時00分～23時00分
2024-03-06 水曜日 10時00分～23時00分
",1,35.6978028,139.7776631,東京,秋葉原駅,326,秋葉原駅,1,千代田区,秋葉原,秋葉原,area:秋葉原|station:秋葉原駅|feature:24h,
ピアノスタジオノア 下北沢店,〒155-0031 東京都世田谷区北沢２丁目３４?８,,https://www.grandpiano.jp/shimokita/,03-5738-0212,"2024-02-29 木曜日 8時00分～23時00分
2024-03-01 金曜日 8時00分～23時00分
2024-03-02 土曜日 8時00分～23時00分
2024-03-03 日曜日 8時00分～23時00分
2024-03-04 月曜日 8時00分～23時00分
2024-03-05 火曜日 8時00分～23時00分
2024-03-06 水曜日 8時00分～23時00分
",1,35.6635188,139.6684398,東京,下北沢駅,201,下北沢駅,1,世田谷区,下北沢,下北沢|三軒茶屋|二子玉川|自由が丘,area:下北沢|station:下北沢駅|feature:24h,
ピアノスタジオノア 恵比寿店,〒150-0013 東京都渋谷区恵比寿４丁目４?１２,,http://www.grandpiano.jp/ebisu/,03-5447-6068,"2024-02-29 木曜日 9時00分～23時00分
2024-03-01 金曜日 9時00分～23時00分
2024-03-02 土曜日 7時30分～23時00分
2024-03-03 日曜日 7時30分～23時00分
2024-03-04 月曜日 9時00分～23時00分
2024-03-05 火曜日 9時00分～23時00分
2024-03-06 水曜日 9時00分～23時00分
",1,35.6452551,139.7115415,東京,恵比寿駅,206,恵比寿駅,1,渋谷区,渋谷,渋谷|恵比寿|代官山|原宿,area:渋谷|station:恵比寿駅|feature:24h,
ピアノスタジオノア 池袋店,〒170-0013 東京都豊島区東池袋２丁目６３?１ 2F～B1F,,https://www.grandpiano.jp/ikebukuro/,03-5951-8481,"2024-02-29 木曜日 24 時間営業
2024-03-01 金曜日 24 時間営業
2024-03-02 土曜日 24 時間営業
2024-03-03 日曜日 24 時間営業
2024-03-04 月曜日 24 時間営業
2024-03-05 火曜日 24 時間営業
2024-03-06 水曜日 24 時間営業
",1,35.7339886,139.7167302,東京,池袋駅,803,池袋駅,1,豊島区,池袋,池袋|目白|大塚|巣鴨,area:池袋|station:池袋駅|feature:24h,
ピアノスタジオノア 不動前店,〒141-0031 東京都品川区西五反田４丁目３２?１４,,https://www.grandpiano.jp/fudomae/,03-6910-4550,"2024-02-29 木曜日 10時00分～22時00分
2024-03-01 金曜日 10時00分～22時00分
2024-03-02 土曜日 8時00分～22時00分
2024-03-03 日曜日 8時00分～22時00分
2024-03-04 月曜日 10時00分～22時00分
2024-03-05 火曜日 10時00分～22時00分
2024-03-06 水曜日 10時00分～22時00分
",1,35.6259714,139.7137459,東京,五反田駅,878,五反田駅|目黒駅,2,品川区,品川,品川|五反田|大井町|目黒,area:品川|station:五反田駅|station:目黒駅|feature:24h,
カンパニードゥ・ダンスアカデミー,〒182-0035 東京都調布市上石原２丁目１８?１３,,https://dancecompanydeux.jp/academy/,,,1,35.6551589,139.5254612,東京,なし,,,0,調布市,調布,調布,area:調布,
ピラティス&キッズダンス studio p-body,〒178-0061 東京都練馬区大泉学園町５丁目６?２４ ＭＫビル B1,,http://studiopbody.com/,03-5905-0063,"オーナーが女性と確認されたビジネス2024-02-29 木曜日 10時00分～21時00分
2024-03-01 金曜日 定休日
2024-03-02 土曜日 10時00分～20時00分
2024-03-03 日曜日 13時00分～17時00分
2024-03-04 月曜日 16時00分～21時00分
2024-03-05 火曜日 13時00分～21時00分
2024-03-06 水曜日 11時00分～21時00分
",1,35.7660343,139.587341,東京,なし,,,0,練馬区,練馬,練馬,area:練馬|feature:24h,
ピラティス＆ヨガスタジオOlulu -オルル- 練馬スタジオ,〒176-0001 東京都練馬区練馬１丁目２０?３ ４F シャム ロック,,https://olulu-yoga.jp/,03-5946-6533,"オーナーが女性と確認されたビジネス2024-02-29 木曜日 9時30分～21時30分
2024-03-01 金曜日 9時30分～21時30分
2024-03-02 土曜日 8時30分～19時30分
2024-03-03 日曜日 8時30分～17時00分
2024-03-04 月曜日 10時00分～21時30分
2024-03-05 火曜日 10時00分～21時30分
2024-03-06 水曜日 9時30分～21時30分
",1,35.7385463,139.6556079,東京,なし,,,0,練馬区,練馬,練馬,area:練馬|feature:24h,
ピラティスK 銀座店,〒104-0061 東京都中央区銀座１丁目６?１０ 銀座上一ビルディング 7F,,https://pilates-k.jp/studio/ginza?utm_source=Google_mybusiness&utm_medium=link&utm_campaign=ginza,0570-050-055,"オーナーが女性と確認されたビジネス2024-02-29 木曜日 10時00分～22時00分
2024-03-01 金曜日 10時00分～22時00分
2024-03-02 土曜日 10時00分～20時00分
2024-03-03 日曜日 10時00分～20時00分
2024-03-04 月曜日 定休日
2024-03-05 火曜日 10時00分～22時00分
2024-03-06 水曜日 10時00分～22時00分
",1,35.6742964,139.7673374,東京,有楽町駅,372,有楽町駅|東京駅|新橋駅,3,中央区,銀座,銀座|日本橋|八丁堀|月島,area:銀座|station:有楽町駅|station:東京駅|station:新橋駅|feature:24h,
ファーストクラブ,〒187-0043 東京都小平市学園東町１丁目７?４１?４,,http://amusementbarmr1stx.wixsite.com/mr1stx,042-313-4155,"2024-02-29 木曜日 12時00分～0時00分
2024-03-01 金曜日 12時00分～0時00分
2024-03-02 土曜日 12時00分～0時00分
2024-03-03 日曜日 12時00分～0時00分
2024-03-04 月曜日 12時00分～0時00分
2024-03-05 火曜日 12時00分～0時00分
2024-03-06 水曜日 12時00分～0時00分
",1,35.723912,139.4802593,東京,なし,,,0,小平市,小平,小平,area:小平|feature:24h,
ファイブスターズエンターテイメントチアリーディングスクール三鷹校,〒181-0013 東京都三鷹市下連雀３丁目２３?１２ アージェントビル3階 スリーホークス アージェントビル,,http://cheerschool.jp/,0120-025-749,,1,35.700723,139.561589,東京,三鷹駅,163,三鷹駅,1,三鷹市,三鷹,三鷹,area:三鷹|station:三鷹駅,
フィットネス カルチャー＆アート テラ Terra,〒182-0025 東京都調布市多摩川５丁目７?６ 第３コーポ渡辺 2階,,https://www.terra-chofu.com/,070-1405-2200,"2024-02-29 木曜日 8時00分～20時00分
2024-03-01 金曜日 8時00分～20時00分
2024-03-02 土曜日 8時00分～20時00分
2024-03-03 日曜日 8時00分～20時00分
2024-03-04 月曜日 8時00分～20時00分
2024-03-05 火曜日 8時00分～20時00分
2024-03-06 水曜日 8時00分～20時00分
",1,35.6441815,139.5374049,東京,調布駅,1045,調布駅,1,調布市,調布,調布,area:調布|station:調布駅|feature:24h,
ブイラボミュージカル,〒105-0003 東京都港区西新橋３丁目２４,,http://vlab-musical.net/,090-6480-0091,"2024-02-29 木曜日 10時00分～17時00分
2024-03-01 金曜日 10時00分～22時00分
2024-03-02 土曜日 13時00分～22時00分
2024-03-03 日曜日 定休日
2024-03-04 月曜日 10時00分～22時00分
2024-03-05 火曜日 10時00分～22時00分
2024-03-06 水曜日 10時00分～22時00分
",1,35.6614246,139.7509933,東京,浜松町駅,827,浜松町駅|新橋駅,2,港区,六本木,六本木|赤坂|麻布|新橋,area:六本木|station:浜松町駅|station:新橋駅|feature:24h,
フラダンス教室 Hula Halau LIKO,〒190-0001 東京都立川市若葉町２丁目４６?１２,,https://tachikawa.mypl.net/shop/00000341923,070-6554-7563,"オーナーが女性と確認されたビジネス2024-02-29 木曜日 定休日
2024-03-01 金曜日 10時30分～12時00分
2024-03-02 土曜日 定休日
2024-03-03 日曜日 定休日
2024-03-04 月曜日 13時30分～15時00分
2024-03-05 火曜日 19時00分～20時30分
2024-03-06 水曜日 17時15分～18時45分
",1,35.7153098,139.4445121,東京,なし,,,0,立川市,立川,立川,area:立川|feature:24h,
フラダンス教室 ハーラウ･オ･リーリーレフア,〒151-0064 東京都渋谷区上原１丁目１７?１４ 上原ハウス B1 フラダンススタジオ,,http://www.lililehua.com/,090-3435-7675,"2024-02-29 木曜日 10時00分～22時00分
2024-03-01 金曜日 10時00分～22時00分
2024-03-02 土曜日 10時00分～22時00分
2024-03-03 日曜日 10時00分～22時00分
2024-03-04 月曜日 定休日
2024-03-05 火曜日 10時00分～22時00分
2024-03-06 水曜日 10時00分～22時00分
",1,35.6691881,139.6826627,東京,なし,,,0,渋谷区,渋谷,渋谷|恵比寿|代官山|原宿,area:渋谷|feature:24h,
MDL Studio (防音スタジオ),〒182-0021 東京都調布市調布ケ丘３丁目６９?２,,https://maisondulapintokyo.wixsite.com/maison-du-lapin/studio,,"2024-02-29 木曜日 10時00分～21時00分
2024-03-01 金曜日 10時00分～21時00分
2024-03-02 土曜日 10時00分～21時00分
2024-03-03 日曜日 定休日
2024-03-04 月曜日 定休日
2024-03-05 火曜日 10時00分～21時00分
2024-03-06 水曜日 10時00分～21時00分
",1,35.6614963,139.5478498,東京,調布駅,1165,調布駅,1,調布市,調布,調布,area:調布|station:調布駅|feature:24h,
フラメンコスタジオアスール,〒141-0022 東京都品川区東五反田１丁目１８?４ B1 ＧＴＤイーストビル,,http://www.aikoaoki.com/,03-3473-3435,"2024-02-29 木曜日 11時00分～20時30分
2024-03-01 金曜日 19時30分～22時00分
2024-03-02 土曜日 12時00分～17時00分
2024-03-03 日曜日 12時00分～16時30分
2024-03-04 月曜日 定休日
2024-03-05 火曜日 19時30分～22時00分
2024-03-06 水曜日 16時00分～22時00分
",1,35.6266153,139.7265049,東京,五反田駅,277,五反田駅|大崎駅|品川駅,3,品川区,品川,品川|五反田|大井町|目黒,area:品川|station:五反田駅|station:大崎駅|station:品川駅|feature:24h,
IK noelle Ballet Contemporary,〒156-0057 東京都世田谷区上北沢３丁目３３?５,,https://www.iknoelleballetcontemporary.com/,,,1,35.6680197,139.6234115,東京,なし,,,0,世田谷区,下北沢,下北沢|三軒茶屋|二子玉川|自由が丘,area:下北沢,
フラメンコスタジオマリ池袋,〒170-0013 東京都豊島区東池袋１丁目４７?５ B1,,https://flamenco-mari.com/,090-9207-4070,,1,35.7334483,139.7156056,東京,池袋駅,689,池袋駅,1,豊島区,池袋,池袋|目白|大塚|巣鴨,area:池袋|station:池袋駅,
プリンセスユーダンスセンター 武蔵小山ダンススクール,〒142-0062 東京都品川区小山４丁目３?１２ ＴＫ武蔵小山ビル 3F,,http://princess-yu.com/,090-2422-7563,"2024-02-29 木曜日 24 時間営業
2024-03-01 金曜日 24 時間営業
2024-03-02 土曜日 24 時間営業
2024-03-03 日曜日 24 時間営業
2024-03-04 月曜日 24 時間営業
2024-03-05 火曜日 24 時間営業
2024-03-06 水曜日 24 時間営業
",1,35.6191651,139.7028445,東京,なし,,,0,品川区,品川,品川|五反田|大井町|目黒,area:品川|feature:24h,
ブルースペース上野御徒町,〒110-0005 東京都台東区上野３丁目１３?１０ トミヤマビル B1F,,http://bit.ly/2MTtC4u,070-8440-8407,"2024-02-29 木曜日 24 時間営業
2024-03-01 金曜日 24 時間営業
2024-03-02 土曜日 24 時間営業
2024-03-03 日曜日 24 時間営業
2024-03-04 月曜日 24 時間営業
2024-03-05 火曜日 24 時間営業
2024-03-06 水曜日 24 時間営業
",1,35.7051487,139.7732052,東京,秋葉原駅,725,秋葉原駅|上野駅,2,台東区,上野,上野|浅草|御徒町|蔵前,area:上野|station:秋葉原駅|station:上野駅|feature:24h,
ブレイクダンスタジオ パワームーブ大阪,〒542-0062 大阪府大阪市中央区上本町西４丁目１?番9号 ヴィレッジヒル上町台 1F,,https://www.powermove.jp/,06-4392-7550,"2024-02-29 木曜日 17時00分～21時00分
2024-03-01 金曜日 17時00分～21時00分
2024-03-02 土曜日 定休日
2024-03-03 日曜日 定休日
2024-03-04 月曜日 17時00分～21時00分
2024-03-05 火曜日 17時00分～21時00分
2024-03-06 水曜日 17時00分～21時00分
",1,34.6708131,135.5199486,東京,なし,,,0,中央区,銀座,銀座|日本橋|八丁堀|月島,area:銀座|feature:24h,
プレジャーガレージ,〒150-0031 東京都渋谷区桜丘町２４?３,,http://www.pg-g.com/,03-3770-7651,,1,35.6567112,139.7007677,東京,渋谷駅,167,渋谷駅,1,渋谷区,渋谷,渋谷|恵比寿|代官山|原宿,area:渋谷|station:渋谷駅,
フレックススタイル 船堀校,〒134-0091 東京都江戸川区船堀２丁目２３?２４,,http://www.flexstyleweb.com/funabori/,03-3680-5330,"2024-02-29 木曜日 11時00分～19時00分
2024-03-01 金曜日 11時00分～19時00分
2024-03-02 土曜日 10時00分～18時00分
2024-03-03 日曜日 10時00分～18時00分
2024-03-04 月曜日 11時00分～19時00分
2024-03-05 火曜日 11時00分～19時00分
2024-03-06 水曜日 11時00分～19時00分
",1,35.683356,139.8621,東京,なし,,,0,江戸川区,西葛西,西葛西,area:西葛西|feature:24h,
ブロックオン,〒180-0002 東京都武蔵野市吉祥寺東町１丁目２?２ オリエントプラザ丹野,,https://www.blockon.jp/,0422-21-8223,,1,35.7086558,139.5801999,東京,吉祥寺駅,613,吉祥寺駅,1,武蔵野市,吉祥寺,吉祥寺,area:吉祥寺|station:吉祥寺駅,
ベストスタジオ立川,〒190-0022 東京都立川市錦町２丁目１?１０ エリア立川 302号室,,https://beststudio.jp/,090-8558-0582,"2024-02-29 木曜日 7時00分～22時00分
2024-03-01 金曜日 7時00分～22時00分
2024-03-02 土曜日 7時00分～22時00分
2024-03-03 日曜日 7時00分～22時00分
2024-03-04 月曜日 7時00分～22時00分
2024-03-05 火曜日 7時00分～22時00分
2024-03-06 水曜日 7時00分～22時00分
",1,35.695573,139.4154897,東京,立川駅,348,立川駅,1,立川市,立川,立川,area:立川|station:立川駅|feature:24h,
ヘルシースタジオ,〒493-0001 愛知県一宮市木曽川町黒田東町北３０,,https://healthy-studio.com/,080-4661-1512,,1,35.3447749,136.7845452,東京,なし,,,0,その他,その他,その他,,
ペンテフラットスタジオ,〒279-0002 千葉県浦安市北栄１丁目１１?４０ １F ビル,,http://penteflat.com/,047-350-8338,"2024-02-29 木曜日 9時00分～22時00分
2024-03-01 金曜日 9時00分～22時00分
2024-03-02 土曜日 9時00分～22時00分
2024-03-03 日曜日 9時00分～22時00分
2024-03-04 月曜日 9時00分～22時00分
2024-03-05 火曜日 9時00分～22時00分
2024-03-06 水曜日 9時00分～22時00分
",1,35.6668792,139.8948538,東京,なし,,,0,その他,その他,その他,feature:24h,
ボイトレ＆ダンスの NAYUTAS（ナユタス）町田校,〒194-0022 東京都町田市森野１丁目１４?９ ＭＫビル 森野2F,,https://nayutas.net/school/machida/,03-5302-5500,"オーナーが女性と確認されたビジネス2024-02-29 木曜日 10時00分～22時00分
2024-03-01 金曜日 10時00分～22時00分
2024-03-02 土曜日 10時00分～22時00分
2024-03-03 日曜日 10時00分～22時00分
2024-03-04 月曜日 10時00分～22時00分
2024-03-05 火曜日 10時00分～22時00分
2024-03-06 水曜日 10時00分～22時00分
",1,35.5436667,139.4429994,東京,町田駅,352,町田駅,1,町田市,町田,町田,area:町田|station:町田駅|feature:24h,
ポールダンススタジオ Grace A,〒154-0024 東京都世田谷区三軒茶屋２丁目１４?１２ 三元ビル 403,,http://www.poledance.jp/,03-3421-2836,"オーナーが女性と確認されたビジネス2024-02-29 木曜日 24 時間営業
2024-03-01 金曜日 24 時間営業
2024-03-02 土曜日 24 時間営業
2024-03-03 日曜日 24 時間営業
2024-03-04 月曜日 24 時間営業
2024-03-05 火曜日 24 時間営業
2024-03-06 水曜日 24 時間営業
",1,35.643242,139.6697337,東京,三軒茶屋駅,63,三軒茶屋駅,1,世田谷区,下北沢,下北沢|三軒茶屋|二子玉川|自由が丘,area:下北沢|station:三軒茶屋駅|feature:24h,
ポールダンススタジオBird of Paradise,〒283-0801 千葉県東金市八坂台４丁目12?２４,,https://sakurakoggr.wixsite.com/birdofparadise,090-7816-4006,"LGBTQ フレンドリー2024-02-29 木曜日 24 時間営業
2024-03-01 金曜日 24 時間営業
2024-03-02 土曜日 24 時間営業
2024-03-03 日曜日 24 時間営業
2024-03-04 月曜日 24 時間営業
2024-03-05 火曜日 24 時間営業
2024-03-06 水曜日 24 時間営業
",1,35.5768204,140.3583616,東京,なし,,,0,その他,その他,その他,feature:24h,
ポールダンス教室 UMBER大井町スタジオ,〒140-0014 東京都品川区大井１丁目５２?６ コスモ大井町 102,,https://www.ruby-pole.com/,03-6303-7250,オーナーが女性と確認されたビジネス,1,35.6049355,139.734008,東京,大井町駅,183,大井町駅,1,品川区,品川,品川|五反田|大井町|目黒,area:品川|station:大井町駅,
スイープスタジオ,〒173-0004 東京都板橋区板橋２丁目６１?４ 板橋マリオン B1,,http://nekonote-theater.biz/,,,1,35.7504449,139.7103446,東京,なし,,,0,板橋区,成増,成増,area:成増,
studioハレマニ,〒114-0023 東京都北区滝野川６丁目１１?９,,https://www.studio-haremani.com/,,,1,35.7430002,139.7244382,東京,なし,,,0,北区,赤羽,赤羽,area:赤羽,
スタジオチアベル studioCheerBell （チアダンス教室）,〒175-0082 東京都板橋区高島平８丁目１３?６ こがねビル 2階,,https://cheerbell-reserve.crayonsite.info/,,,1,35.7894733,139.6620693,東京,なし,,,0,板橋区,成増,成増,area:成増,
ホットヨガスタジオLAVA 中野坂上店,〒164-0012 東京都中野区本町２丁目２８?１１ 不二ハイツ 2F,,https://yoga-lava.com/lp/cp/virabhadra/?code=153&name=nakonosakaue&utm_source=google&utm_medium=maps_campaign=nakonosakaue&argument=zxgEiAwg&dmai=a6360df736d8bd,03-6387-3577,"2024-02-29 木曜日 8時30分～22時30分
2024-03-01 金曜日 定休日
2024-03-02 土曜日 7時30分～20時00分
2024-03-03 日曜日 7時30分～20時00分
2024-03-04 月曜日 8時30分～22時30分
2024-03-05 火曜日 8時30分～22時30分
2024-03-06 水曜日 8時30分～22時30分
",1,35.6947884,139.6819883,東京,なし,,,0,中野区,中野,中野,area:中野|feature:24h,
ボンジュBallerina 紀尾井町店,〒102-0094 東京都千代田区紀尾井町１?３ 東京ガーデンテラス 1F,,https://www.tgt-kioicho.jp/shop/list/f103.html,03-6257-1797,"2024-02-29 木曜日 10時00分～22時00分
2024-03-01 金曜日 10時00分～22時00分
2024-03-02 土曜日 10時00分～22時00分
2024-03-03 日曜日 10時00分～22時00分
2024-03-04 月曜日 10時00分～22時00分
2024-03-05 火曜日 10時00分～20時00分
2024-03-06 水曜日 10時00分～22時00分
",1,35.6792392,139.7372616,東京,赤坂駅,635,赤坂駅,1,千代田区,秋葉原,秋葉原,area:秋葉原|station:赤坂駅|feature:24h,
Gerbera Ballet ＊ バレエ教室,〒174-0076 東京都板橋区上板橋２丁目８?２ K-dance style 内,,https://gerbera-ballet.com/,,,1,35.7624119,139.6736311,東京,なし,,,0,板橋区,成増,成増,area:成増,
スタジオルミエル,〒114-0023 東京都北区滝野川５丁目４１?４ 明成ビル B１F,,http://lumiere.littlestar.jp/studio/,,"2024-02-29 木曜日 24 時間営業
2024-03-01 金曜日 24 時間営業
2024-03-02 土曜日 24 時間営業
2024-03-03 日曜日 24 時間営業
2024-03-04 月曜日 24 時間営業
2024-03-05 火曜日 24 時間営業
2024-03-06 水曜日 24 時間営業
",1,35.7480867,139.7230493,東京,なし,,,0,北区,赤羽,赤羽,area:赤羽|feature:24h,
Legato HALL,〒175-0082 東京都板橋区高島平８丁目６?６ ２階,,https://www.smartkaigisitsu.net/properties/view/511,,"2024-02-29 木曜日 10時00分～20時30分
2024-03-01 金曜日 10時00分～20時30分
2024-03-02 土曜日 10時00分～20時30分
2024-03-03 日曜日 定休日
2024-03-04 月曜日 10時00分～20時30分
2024-03-05 火曜日 10時00分～20時30分
2024-03-06 水曜日 10時00分～20時30分
",1,35.7892231,139.6629983,東京,なし,,,0,板橋区,成増,成増,area:成増|feature:24h,
マーティ株式会社,〒108-0073 東京都港区三田２丁目１４?４ 三田慶応ビジデンス１F,,https://www.marty.co.jp/,03-6417-4422,"2024-02-29 木曜日 9時00分～18時00分
2024-03-01 金曜日 9時00分～18時00分
2024-03-02 土曜日 定休日
2024-03-03 日曜日 定休日
2024-03-04 月曜日 9時00分～18時00分
2024-03-05 火曜日 9時00分～18時00分
2024-03-06 水曜日 9時00分～18時00分
",1,35.6491462,139.7444652,東京,田町駅,472,田町駅|麻布十番駅,2,港区,六本木,六本木|赤坂|麻布|新橋,area:六本木|station:田町駅|station:麻布十番駅|feature:24h,
マイダンススクール,〒206-0011 東京都多摩市関戸２丁目４０?２３ SIビル ７F,,http://mydance.co.jp/,042-375-2020,"2024-02-29 木曜日 12時00分～21時00分
2024-03-01 金曜日 12時00分～21時00分
2024-03-02 土曜日 12時00分～19時00分
2024-03-03 日曜日 定休日
2024-03-04 月曜日 12時00分～21時00分
2024-03-05 火曜日 12時00分～21時00分
2024-03-06 水曜日 12時00分～21時00分
",1,35.6505195,139.4483183,東京,なし,,,0,多摩市,多摩センター,多摩センター,area:多摩センター|feature:24h,
マイムダンススクール,〒473-0914 愛知県豊田市若林東町上外根４８?１,,https://dance-maimu.oops.jp/,0565-54-4255,"2024-02-29 木曜日 12時00分～21時00分
2024-03-01 金曜日 12時00分～21時00分
2024-03-02 土曜日 12時00分～20時00分
2024-03-03 日曜日 定休日
2024-03-04 月曜日 12時00分～21時00分
2024-03-05 火曜日 12時00分～21時00分
2024-03-06 水曜日 12時00分～17時00分
",1,35.0239819,137.1011156,東京,なし,,,0,その他,その他,その他,feature:24h,
マインクラブダンススタジオ,〒153-0052 東京都目黒区祐天寺１丁目２２?５,,http://mineclubyutenji.com/,03-3713-1619,"2024-02-29 木曜日 9時00分～22時00分
2024-03-01 金曜日 9時00分～22時00分
2024-03-02 土曜日 9時00分～22時00分
2024-03-03 日曜日 9時00分～22時00分
2024-03-04 月曜日 9時00分～22時00分
2024-03-05 火曜日 9時00分～22時00分
2024-03-06 水曜日 9時00分～22時00分
",1,35.638469,139.691944,東京,なし,,,0,目黒区,中目黒,中目黒,area:中目黒|feature:24h,
マウリ・ナニスタジオ,〒194-0004 東京都町田市鶴間１丁目１８?１ ドルフ南町田101,,http://maulinani.com/,090-4968-9496,"2024-02-29 木曜日 10時00分～19時00分
2024-03-01 金曜日 10時00分～19時00分
2024-03-02 土曜日 10時00分～18時00分
2024-03-03 日曜日 10時00分～18時00分
2024-03-04 月曜日 10時00分～19時00分
2024-03-05 火曜日 10時00分～19時00分
2024-03-06 水曜日 10時00分～19時00分
",1,35.5131849,139.4676471,東京,なし,,,0,町田市,町田,町田,area:町田|feature:24h,
マツイダンスアカデミー,〒441-8051 愛知県豊橋市柱四番町７７?１,,http://www.matsuidance.com/,0532-47-6899,,1,34.7499158,137.3743477,東京,なし,,,0,その他,その他,その他,,
BUZZ レンタルスタジオ 大阪京橋店,〒534-0024 大阪府大阪市都島区東野田町２丁目９?２３ 晃進ビル B2F,,https://buzz-st.com/osakakyobashi/,,"2024-02-29 木曜日 24 時間営業
2024-03-01 金曜日 24 時間営業
2024-03-02 土曜日 24 時間営業
2024-03-03 日曜日 24 時間営業
2024-03-04 月曜日 24 時間営業
2024-03-05 火曜日 24 時間営業
2024-03-06 水曜日 24 時間営業
",1,34.6982395,135.5326494,東京,なし,,,0,その他,その他,その他,feature:24h,
マヅカダンスカンパニー,〒168-0065 東京都杉並区浜田山２丁目２２?１ ゴディメント浜田山1F 南 浜田山ゴディメント,,https://mazuka-studio.com/,03-3302-7186,"2024-02-29 木曜日 9時00分～22時00分
2024-03-01 金曜日 9時00分～22時00分
2024-03-02 土曜日 9時00分～22時00分
2024-03-03 日曜日 9時00分～22時00分
2024-03-04 月曜日 9時00分～22時00分
2024-03-05 火曜日 9時00分～22時00分
2024-03-06 水曜日 9時00分～22時00分
",1,35.6801567,139.6289645,東京,なし,,,0,杉並区,高円寺,高円寺,area:高円寺|feature:24h,
マリーコンツェルト,〒173-0016 東京都板橋区中板橋１８?１１,,https://malykoncert.com/,03-5944-2436,,1,35.7567648,139.6968706,東京,なし,,,0,板橋区,成増,成増,area:成増,
ミタニダンススタジオ,〒522-0201 滋賀県彦根市高宮町１５５５?１,,http://www.mitani-dance.com/,0749-26-0762,,1,35.2399584,136.2582909,東京,なし,,,0,その他,その他,その他,,
ミハタホール,〒168-0074 東京都杉並区上高井戸１丁目２?１ 第１八幡山マンション地下１階,,http://www.mihata.co.jp/studio/,03-3302-2632,,1,35.6695772,139.6150683,東京,なし,,,0,杉並区,高円寺,高円寺,area:高円寺,
ミュージックサロン アマーブルNUTSスタジオ駒込店,〒114-0014 東京都北区田端４丁目１?１１ クレールビル 1F,,https://www.music-salon-amable.com/,050-3708-5930,"2024-02-29 木曜日 10時00分～22時00分
2024-03-01 金曜日 10時00分～22時00分
2024-03-02 土曜日 10時00分～22時00分
2024-03-03 日曜日 10時00分～22時00分
2024-03-04 月曜日 10時00分～22時00分
2024-03-05 火曜日 10時00分～22時00分
2024-03-06 水曜日 10時00分～22時00分
",1,35.735873,139.7521679,東京,なし,,,0,北区,赤羽,赤羽,area:赤羽|feature:24h,
ミュージックサロン アマーブル十条店,〒114-0031 東京都北区十条仲原１丁目８?２６ 清水ビル,,https://www.music-salon-amable.com/,050-3708-5930,"2024-02-29 木曜日 10時00分～22時00分
2024-03-01 金曜日 10時00分～22時00分
2024-03-02 土曜日 10時00分～22時00分
2024-03-03 日曜日 10時00分～22時00分
2024-03-04 月曜日 10時00分～22時00分
2024-03-05 火曜日 10時00分～22時00分
2024-03-06 水曜日 10時00分～22時00分
",1,35.762277,139.721162,東京,なし,,,0,北区,赤羽,赤羽,area:赤羽|feature:24h,
SOLARI Rental Studio 日本橋 - 日本橋人形町・馬喰町エリアのレンタルスタジオ,〒103-0004 東京都中央区東日本橋１丁目４?２ 徳輝ビル 2階,,https://solari-rentalstudio.com/,,"LGBTQ フレンドリー2024-02-29 木曜日 6時00分～23時30分
2024-03-01 金曜日 6時00分～23時30分
2024-03-02 土曜日 6時00分～23時30分
2024-03-03 日曜日 6時00分～23時30分
2024-03-04 月曜日 6時00分～23時30分
2024-03-05 火曜日 6時00分～23時30分
2024-03-06 水曜日 6時00分～23時30分
",1,35.6907113,139.7861361,東京,なし,,,0,中央区,銀座,銀座|日本橋|八丁堀|月島,area:銀座|feature:24h,
ミューズエンタープライズ（プロダクション、スクール＆レンタル）,〒151-0053 東京都渋谷区代々木１丁目３１?２ ミューズ 本館,,http://www.muse-enterprise.com/,03-5371-8980,"2024-02-29 木曜日 10時00分～22時00分
2024-03-01 金曜日 10時00分～22時00分
2024-03-02 土曜日 10時00分～22時00分
2024-03-03 日曜日 10時00分～22時00分
2024-03-04 月曜日 10時00分～22時00分
2024-03-05 火曜日 10時00分～22時00分
2024-03-06 水曜日 10時00分～22時00分
",1,35.6819472,139.7025171,東京,代々木駅,131,代々木駅|新宿駅,2,渋谷区,渋谷,渋谷|恵比寿|代官山|原宿,area:渋谷|station:代々木駅|station:新宿駅|feature:24h,
ミライスタジオ神田秋葉原,〒101-0031 東京都千代田区東神田１丁目１７?５,,https://studio-mirai55.com/,03-5829-8647,"LGBTQ フレンドリー2024-02-29 木曜日 6時00分～0時00分
2024-03-01 金曜日 6時00分～0時00分
2024-03-02 土曜日 6時00分～0時00分
2024-03-03 日曜日 6時00分～0時00分
2024-03-04 月曜日 6時00分～0時00分
2024-03-05 火曜日 6時00分～0時00分
2024-03-06 水曜日 6時00分～0時00分
",1,35.6950275,139.7814432,東京,秋葉原駅,769,秋葉原駅,1,千代田区,秋葉原,秋葉原,area:秋葉原|station:秋葉原駅|feature:24h,
ミライスタジオ日本橋,〒103-0001 東京都中央区日本橋小伝馬町１４?５,,https://studio-mirai55.com/,,"2024-02-29 木曜日 6時00分～0時00分
2024-03-01 金曜日 6時00分～0時00分
2024-03-02 土曜日 6時00分～0時00分
2024-03-03 日曜日 6時00分～0時00分
2024-03-04 月曜日 6時00分～0時00分
2024-03-05 火曜日 6時00分～0時00分
2024-03-06 水曜日 6時00分～0時00分
",1,35.6915004,139.7800529,東京,秋葉原駅,957,秋葉原駅,1,中央区,銀座,銀座|日本橋|八丁堀|月島,area:銀座|station:秋葉原駅|feature:24h,
ミルクスタジオ,〒101-0021 東京都千代田区外神田３丁目３?５ ヨシヰビル,,https://milk-studio.jp/,03-6886-4333,"2024-02-29 木曜日 24 時間営業
2024-03-01 金曜日 24 時間営業
2024-03-02 土曜日 24 時間営業
2024-03-03 日曜日 24 時間営業
2024-03-04 月曜日 24 時間営業
2024-03-05 火曜日 24 時間営業
2024-03-06 水曜日 24 時間営業
",1,35.7007483,139.7697207,東京,秋葉原駅,467,秋葉原駅,1,千代田区,秋葉原,秋葉原,area:秋葉原|station:秋葉原駅|feature:24h,
メインスタジオStudio Style+,〒160-0023 東京都新宿区西新宿７丁目２２?３１,,https://studiostyle.jp/main-studio/,090-8306-7493,"2024-02-29 木曜日 24 時間営業
2024-03-01 金曜日 24 時間営業
2024-03-02 土曜日 24 時間営業
2024-03-03 日曜日 24 時間営業
2024-03-04 月曜日 24 時間営業
2024-03-05 火曜日 24 時間営業
2024-03-06 水曜日 24 時間営業
",1,35.6969223,139.6967796,東京,西武新宿駅,362,西武新宿駅|新大久保駅|新宿駅,3,新宿区,新宿,新宿|西新宿|高田馬場|新大久保,area:新宿|station:西武新宿駅|station:新大久保駅|station:新宿駅|feature:24h,
メゾン・ドゥ・バレエ南青山（MAISON DE BALLET Minami-Aoyama）,〒107-0062 東京都港区南青山４丁目２５?１２,,http://mbma.jp/,03-6418-4437,"2024-02-29 木曜日 10時00分～22時00分
2024-03-01 金曜日 10時00分～22時00分
2024-03-02 土曜日 10時00分～22時00分
2024-03-03 日曜日 10時00分～18時00分
2024-03-04 月曜日 10時00分～22時00分
2024-03-05 火曜日 10時00分～22時00分
2024-03-06 水曜日 10時00分～22時00分
",1,35.6631759,139.7180027,東京,表参道駅,564,表参道駅|外苑前駅|青山一丁目駅,3,港区,六本木,六本木|赤坂|麻布|新橋,area:六本木|station:表参道駅|station:外苑前駅|station:青山一丁目駅|feature:24h,
studio 空:k?,〒101-0044 東京都千代田区鍛冶町２丁目５?４ Crea神田ビル,,https://www.instabase.jp/space/5734550284?cat=salon,,"2024-02-29 木曜日 8時30分～21時30分
2024-03-01 金曜日 8時30分～21時30分
2024-03-02 土曜日 8時30分～21時30分
2024-03-03 日曜日 10時00分～18時00分
2024-03-04 月曜日 8時30分～21時30分
2024-03-05 火曜日 8時30分～21時30分
2024-03-06 水曜日 8時30分～21時30分
",1,35.692146,139.7723066,東京,秋葉原駅,747,秋葉原駅,1,千代田区,秋葉原,秋葉原,area:秋葉原|station:秋葉原駅|feature:24h,
モダミカ アートプラザ,〒169-0075 東京都新宿区高田馬場１丁目３４?１２,,http://www.modamica.jp/,03-3200-8939,"2024-02-29 木曜日 10時00分～22時00分
2024-03-01 金曜日 10時00分～22時00分
2024-03-02 土曜日 10時00分～21時00分
2024-03-03 日曜日 10時00分～19時00分
2024-03-04 月曜日 16時00分～22時00分
2024-03-05 火曜日 10時00分～22時00分
2024-03-06 水曜日 10時00分～22時00分
",1,35.711969,139.704182,東京,高田馬場駅,50,高田馬場駅,1,新宿区,新宿,新宿|西新宿|高田馬場|新大久保,area:新宿|station:高田馬場駅|feature:24h,
モダン出版株式会社,〒113-0034 東京都文京区湯島３丁目１２?１１,,https://www.danceview.co.jp/,03-5812-1055,"2024-02-29 木曜日 10時00分～18時00分
2024-03-01 金曜日 10時00分～18時00分
2024-03-02 土曜日 定休日
2024-03-03 日曜日 定休日
2024-03-04 月曜日 10時00分～18時00分
2024-03-05 火曜日 10時00分～18時00分
2024-03-06 水曜日 10時00分～18時00分
",1,35.7046201,139.7690018,東京,秋葉原駅,811,秋葉原駅,1,文京区,後楽園,後楽園,area:後楽園|station:秋葉原駅|feature:24h,
モノダンススタジオ 八王子校,〒192-0911 東京都八王子市打越町３４４?５ クリヤマ北野ビル 3階,,https://www.monodance.com/,042-645-6561,"2024-02-29 木曜日 12時00分～21時00分
2024-03-01 金曜日 13時00分～21時00分
2024-03-02 土曜日 12時00分～21時00分
2024-03-03 日曜日 定休日
2024-03-04 月曜日 12時00分～21時00分
2024-03-05 火曜日 12時00分～21時00分
2024-03-06 水曜日 12時00分～21時00分
",1,35.6446733,139.3546518,東京,なし,,,0,八王子市,八王子,八王子,area:八王子|feature:24h,
ヤナガワダンススタジオ ボールルームダンス(社交ダンス)教室,〒141-0031 東京都品川区西五反田２丁目５?２ 五反田東幸ビル 8F,,https://www.yanagawadance.com/,03-6417-9858,"オーナーが女性と確認されたビジネス2024-02-29 木曜日 10時00分～21時00分
2024-03-01 金曜日 10時00分～21時00分
2024-03-02 土曜日 10時00分～21時00分
2024-03-03 日曜日 定休日
2024-03-04 月曜日 10時00分～21時00分
2024-03-05 火曜日 10時00分～21時00分
2024-03-06 水曜日 10時00分～21時00分
",1,35.6271263,139.7223502,東京,五反田駅,124,五反田駅|目黒駅|大崎駅,3,品川区,品川,品川|五反田|大井町|目黒,area:品川|station:五反田駅|station:目黒駅|station:大崎駅|feature:24h,
ヨガ ピラティス NATURAglam 中目黒スタジオ,〒153-0051 東京都目黒区上目黒３丁目２?２ フジビル 3階,,http://www.naturaglam.com/nakameguro/,050-5307-3439,"2024-02-29 木曜日 8時30分～23時00分
2024-03-01 金曜日 8時30分～23時00分
2024-03-02 土曜日 8時30分～23時00分
2024-03-03 日曜日 8時30分～23時00分
2024-03-04 月曜日 8時30分～23時00分
2024-03-05 火曜日 8時30分～23時00分
2024-03-06 水曜日 8時30分～23時00分
",1,35.6448418,139.6980976,東京,恵比寿駅,1104,恵比寿駅,1,目黒区,中目黒,中目黒,area:中目黒|station:恵比寿駅|feature:24h,
ヨガ ピラティス ベリーダンス NATURAglam 三軒茶屋スタジオ,〒154-0024 東京都世田谷区三軒茶屋１丁目３２?１２ 丸文ビル 3階,,http://www.naturaglam.com/sangenjaya/,050-5307-3439,"2024-02-29 木曜日 8時30分～23時00分
2024-03-01 金曜日 8時30分～23時00分
2024-03-02 土曜日 8時30分～23時00分
2024-03-03 日曜日 8時30分～23時00分
2024-03-04 月曜日 8時30分～23時00分
2024-03-05 火曜日 8時30分～23時00分
2024-03-06 水曜日 8時30分～23時00分
",1,35.6424141,139.6704613,東京,三軒茶屋駅,176,三軒茶屋駅,1,世田谷区,下北沢,下北沢|三軒茶屋|二子玉川|自由が丘,area:下北沢|station:三軒茶屋駅|feature:24h,
ヨガ・ピラティススタジオSerenita西新井店,〒123-0842 東京都足立区栗原１丁目７?２０,,http://yoga-serenita.com/,050-3555-0206,"2024-02-29 木曜日 9時00分～21時00分
2024-03-01 金曜日 9時00分～21時00分
2024-03-02 土曜日 9時00分～21時00分
2024-03-03 日曜日 9時00分～21時00分
2024-03-04 月曜日 9時00分～21時00分
2024-03-05 火曜日 9時00分～21時00分
2024-03-06 水曜日 9時00分～21時00分
",1,35.7792075,139.7900392,東京,なし,,,0,足立区,北千住,北千住,area:北千住|feature:24h,
ヨガスタジオNOA 秋葉原校,〒101-0021 東京都千代田区外神田６丁目１４?８ 8F,,http://www.noa-yoga.com/,03-3834-5321,"2024-02-29 木曜日 9時00分～23時30分
2024-03-01 金曜日 9時00分～23時30分
2024-03-02 土曜日 11時00分～22時00分
2024-03-03 日曜日 11時00分～22時00分
2024-03-04 月曜日 9時00分～23時30分
2024-03-05 火曜日 9時00分～23時30分
2024-03-06 水曜日 9時00分～23時30分
",1,35.7035015,139.771522,東京,秋葉原駅,589,秋葉原駅,1,千代田区,秋葉原,秋葉原,area:秋葉原|station:秋葉原駅|feature:24h,
ラ・ダンサフラメンコスタジオ,〒169-0075 東京都新宿区高田馬場４丁目８?２,,https://estudioladanza.net/,03-3360-6656,,1,35.7134254,139.7033198,東京,高田馬場駅,133,高田馬場駅,1,新宿区,新宿,新宿|西新宿|高田馬場|新大久保,area:新宿|station:高田馬場駅,
リアクション2MANA,〒113-0033 東京都文京区本郷２丁目３６?２ 地下1階,,https://www.reaction-no2mana.com/,080-7565-5575,"2024-02-29 木曜日 9時00分～22時00分
2024-03-01 金曜日 9時00分～22時00分
2024-03-02 土曜日 9時00分～22時00分
2024-03-03 日曜日 9時00分～22時00分
2024-03-04 月曜日 9時00分～22時00分
2024-03-05 火曜日 9時00分～22時00分
2024-03-06 水曜日 9時00分～22時00分
",1,35.7070344,139.7573615,東京,なし,,,0,文京区,後楽園,後楽園,area:後楽園|feature:24h,
リアクション2はなれ,〒179-0084 東京都練馬区氷川台３丁目２４?１５ 石野ＮＴビル 地下1F,,https://www.reaction-no2hanare.com/,080-7565-5575,"2024-02-29 木曜日 24 時間営業
2024-03-01 金曜日 24 時間営業
2024-03-02 土曜日 24 時間営業
2024-03-03 日曜日 24 時間営業
2024-03-04 月曜日 24 時間営業
2024-03-05 火曜日 24 時間営業
2024-03-06 水曜日 24 時間営業
",1,35.7524953,139.6673391,東京,なし,,,0,練馬区,練馬,練馬,area:練馬|feature:24h,
363_AmitySpace神田/日本橋,〒101-0037 東京都千代田区神田西福田町２?３,,https://www.instabase.jp/space/5468001035,,,1,35.6911553,139.7736787,東京,秋葉原駅,838,秋葉原駅,1,千代田区,秋葉原,秋葉原,area:秋葉原|station:秋葉原駅,
SPACE AVAILABLE 浅草橋,〒111-0053 東京都台東区浅草橋１丁目１２?３ KSビル B1F,,https://www.space-avail.com/,,,1,35.6973249,139.7836397,東京,秋葉原駅,864,秋葉原駅|蔵前駅,2,台東区,上野,上野|浅草|御徒町|蔵前,area:上野|station:秋葉原駅|station:蔵前駅,
リーホースタジオ,〒136-0075 東京都江東区新砂３丁目５?３３ ＤＰＬ南砂 ４階,,https://lee-hos-studio.com/,080-7832-9855,,1,35.6655285,139.8382157,東京,なし,,,0,江東区,豊洲,豊洲,area:豊洲,
リズムアートダンススタジオ,〒108-0023 東京都港区芝浦４丁目９?１８ グランドパレス田町2F,,http://rhythm-art.jp/,03-6809-6610,"2024-02-29 木曜日 10時00分～22時00分
2024-03-01 金曜日 10時00分～22時00分
2024-03-02 土曜日 10時00分～22時00分
2024-03-03 日曜日 10時00分～22時00分
2024-03-04 月曜日 10時00分～22時00分
2024-03-05 火曜日 10時00分～22時00分
2024-03-06 水曜日 10時00分～22時00分
",1,35.6397924,139.7471557,東京,田町駅,662,田町駅,1,港区,六本木,六本木|赤坂|麻布|新橋,area:六本木|station:田町駅|feature:24h,
リハーサルスタジオ,〒101-0048 東京都千代田区神田司町２丁目１３ 神田第四アメレックスビル B1,,https://studiobpm.jp/remote/,03-5244-5666,,1,35.6942226,139.7672646,東京,秋葉原駅,800,秋葉原駅,1,千代田区,秋葉原,秋葉原,area:秋葉原|station:秋葉原駅,
ルミエールバレエスタジオ,〒140-0014 東京都品川区大井１丁目３１?１,,https://oimachi-lbs.com/,080-5539-2735,,1,35.6051105,139.7308596,東京,大井町駅,399,大井町駅,1,品川区,品川,品川|五反田|大井町|目黒,area:品川|station:大井町駅,
レキップバレエスタジオ,〒178-0063 東京都練馬区東大泉１丁目３７?５,,https://kimkimr628.wixsite.com/balletlequipe,03-6768-7080,"2024-02-29 木曜日 9時00分～22時00分
2024-03-01 金曜日 9時00分～22時00分
2024-03-02 土曜日 9時00分～22時00分
2024-03-03 日曜日 9時00分～22時00分
2024-03-04 月曜日 9時00分～22時00分
2024-03-05 火曜日 9時00分～22時00分
2024-03-06 水曜日 9時00分～22時00分
",1,35.7503947,139.5859881,東京,なし,,,0,練馬区,練馬,練馬,area:練馬|feature:24h,
レンタルスタジオ,〒145-0064 東京都大田区上池台１丁目１６?７,,http://studioespec.jp/,080-5687-9683,,1,35.602107,139.6969686,東京,なし,,,0,大田区,蒲田,蒲田,area:蒲田,
レンタルスタジオ,〒150-0013 東京都渋谷区恵比寿３丁目９?１５ 4階,,http://hula-tahiti.com/rental-studio/,03-6277-1754,,1,35.6440311,139.7165649,東京,恵比寿駅,654,恵比寿駅|目黒駅,2,渋谷区,渋谷,渋谷|恵比寿|代官山|原宿,area:渋谷|station:恵比寿駅|station:目黒駅,
レンタルスタジオ 【MO-LE STUDIO】,〒166-0013 東京都杉並区堀ノ内２丁目４?２ MO-LE STUDIOビル,,http://www.mo-le.com/,03-3317-5546,"2024-02-29 木曜日 9時00分～22時00分
2024-03-01 金曜日 9時00分～22時00分
2024-03-02 土曜日 9時00分～22時00分
2024-03-03 日曜日 9時00分～22時00分
2024-03-04 月曜日 9時00分～22時00分
2024-03-05 火曜日 9時00分～22時00分
2024-03-06 水曜日 9時00分～22時00分
",1,35.6851938,139.6530415,東京,なし,,,0,杉並区,高円寺,高円寺,area:高円寺|feature:24h,
レンタルスタジオ ATELIER K.K. ?アトリエKK?,〒153-0051 東京都目黒区上目黒１丁目５?１０ 中目黒マンションB1F?11号室,,http://kaztapstudio.com/atelierkk.html,03-6906-6076,,1,35.644646,139.700554,東京,恵比寿駅,893,恵比寿駅,1,目黒区,中目黒,中目黒,area:中目黒|station:恵比寿駅,
レンタルスタジオ D-Base 高津店,〒213-0002 神奈川県川崎市二子４丁目８?２１ プリモクラッセ高津 B1階,,https://st-dbase.jp/,03-4446-5101,"2024-02-29 木曜日 6時00分～23時00分
2024-03-01 金曜日 6時00分～23時00分
2024-03-02 土曜日 6時00分～23時00分
2024-03-03 日曜日 6時00分～23時00分
2024-03-04 月曜日 6時00分～23時00分
2024-03-05 火曜日 6時00分～23時00分
2024-03-06 水曜日 6時00分～23時00分
",1,35.6028456,139.6192509,東京,なし,,,0,その他,その他,その他,feature:24h,
レンタルスタジオ D-Base 大岡山店,〒145-0063 東京都大田区南千束３丁目１?１５ プラシス大岡山 地下1階,,https://st-dbase.jp/,03-4446-5101,"2024-02-29 木曜日 6時00分～23時00分
2024-03-01 金曜日 6時00分～23時00分
2024-03-02 土曜日 6時00分～23時00分
2024-03-03 日曜日 6時00分～23時00分
2024-03-04 月曜日 6時00分～23時00分
2024-03-05 火曜日 6時00分～23時00分
2024-03-06 水曜日 6時00分～23時00分
",1,35.6045408,139.687157,東京,なし,,,0,大田区,蒲田,蒲田,area:蒲田|feature:24h,
アテール明大前第２スタジオ（レンタルスタジオ）,〒156-0043 東京都世田谷区松原１丁目３８?１９ 東建ビル 1階,,https://a-terre.com/studio2/,,,1,35.6700959,139.6509682,東京,なし,,,0,世田谷区,下北沢,下北沢|三軒茶屋|二子玉川|自由が丘,area:下北沢,
レンタルスタジオ D-Base 武蔵境店,〒180-0022 東京都武蔵野市境１丁目３?２ 平田ビル 3階,,https://st-dbase.jp/,03-4446-5101,"2024-02-29 木曜日 6時00分～23時00分
2024-03-01 金曜日 6時00分～23時00分
2024-03-02 土曜日 6時00分～23時00分
2024-03-03 日曜日 6時00分～23時00分
2024-03-04 月曜日 6時00分～23時00分
2024-03-05 火曜日 6時00分～23時00分
2024-03-06 水曜日 6時00分～23時00分
",1,35.7037305,139.5442492,東京,なし,,,0,武蔵野市,吉祥寺,吉祥寺,area:吉祥寺|feature:24h,
レンタルスタジオ Grip 下高井戸,〒156-0044 東京都世田谷区赤堤５丁目２６?３ 地下１階,,https://studio-s77.com/,050-5465-7868,"LGBTQ フレンドリー2024-02-29 木曜日 6時00分～0時00分
2024-03-01 金曜日 6時00分～0時00分
2024-03-02 土曜日 6時00分～0時00分
2024-03-03 日曜日 6時00分～0時00分
2024-03-04 月曜日 6時00分～0時00分
2024-03-05 火曜日 6時00分～0時00分
2024-03-06 水曜日 6時00分～0時00分
",1,35.6648498,139.6370532,東京,なし,,,0,世田谷区,下北沢,下北沢|三軒茶屋|二子玉川|自由が丘,area:下北沢|feature:24h,
レンタルスタジオ Gスクエア,〒120-0036 東京都足立区千住仲町１?２,,https://g-square-kitasenju.jimdofree.com/,03-3870-7566,"2024-02-29 木曜日 11時00分～18時00分
2024-03-01 金曜日 11時00分～18時00分
2024-03-02 土曜日 11時00分～18時00分
2024-03-03 日曜日 11時00分～18時00分
2024-03-04 月曜日 定休日
2024-03-05 火曜日 11時00分～18時00分
2024-03-06 水曜日 11時00分～18時00分
",1,35.7447045,139.7981313,東京,北千住駅,855,北千住駅,1,足立区,北千住,北千住,area:北千住|station:北千住駅|feature:24h,
レンタルスタジオ HIKARI 高田馬場,〒169-0075 東京都新宿区高田馬場４丁目４?１ M-haus B.L.D 3階,,https://hikari-studio.net/,050-3196-4716,"2024-02-29 木曜日 24 時間営業
2024-03-01 金曜日 24 時間営業
2024-03-02 土曜日 24 時間営業
2024-03-03 日曜日 24 時間営業
2024-03-04 月曜日 24 時間営業
2024-03-05 火曜日 24 時間営業
2024-03-06 水曜日 24 時間営業
",1,35.7119406,139.7031731,東京,高田馬場駅,67,高田馬場駅,1,新宿区,新宿,新宿|西新宿|高田馬場|新大久保,area:新宿|station:高田馬場駅|feature:24h,
レンタルスタジオ HIKARI 渋谷,〒150-0043 東京都渋谷区道玄坂２丁目２０?２６ エクシール道玄坂 104号室 藤和,,https://hikari-studio.net/,050-3196-4716,"2024-02-29 木曜日 24 時間営業
2024-03-01 金曜日 24 時間営業
2024-03-02 土曜日 24 時間営業
2024-03-03 日曜日 24 時間営業
2024-03-04 月曜日 24 時間営業
2024-03-05 火曜日 24 時間営業
2024-03-06 水曜日 24 時間営業
",1,35.6593021,139.6967812,東京,渋谷駅,461,渋谷駅,1,渋谷区,渋谷,渋谷|恵比寿|代官山|原宿,area:渋谷|station:渋谷駅|feature:24h,
レンタルスタジオ HIKARI 新宿三丁目,〒160-0021 東京都新宿区歌舞伎町２丁目８?１２ グリーンプラザ 203,,https://hikari-studio.net/,050-3196-4716,"2024-02-29 木曜日 24 時間営業
2024-03-01 金曜日 24 時間営業
2024-03-02 土曜日 24 時間営業
2024-03-03 日曜日 24 時間営業
2024-03-04 月曜日 24 時間営業
2024-03-05 火曜日 24 時間営業
2024-03-06 水曜日 24 時間営業
",1,35.6950309,139.7060865,東京,西武新宿駅,507,西武新宿駅|新宿駅|新大久保駅,3,新宿区,新宿,新宿|西新宿|高田馬場|新大久保,area:新宿|station:西武新宿駅|station:新宿駅|station:新大久保駅|feature:24h,
レンタルスタジオ HIKARI 西新宿７丁目,〒160-0023 東京都新宿区西新宿７丁目１０?１７ B館 601号室,,https://hikari-studio.net/,050-3196-4716,"2024-02-29 木曜日 24 時間営業
2024-03-01 金曜日 24 時間営業
2024-03-02 土曜日 24 時間営業
2024-03-03 日曜日 24 時間営業
2024-03-04 月曜日 24 時間営業
2024-03-05 火曜日 24 時間営業
2024-03-06 水曜日 24 時間営業",1,35.6945658,139.6985363,東京,西武新宿駅,234,西武新宿駅|新宿駅|新大久保駅,3,新宿区,新宿,新宿|西新宿|高田馬場|新大久保,area:新宿|station:西武新宿駅|station:新宿駅|station:新大久保駅|feature:24h,
八王子レンタルスタジオ・アドレ,〒193-0832 東京都八王子市散田町５丁目１２?５ 散田B1F パラドール,,https://rentalstudio-adorea.com/,,"LGBTQ フレンドリー2024-02-29 木曜日 24 時間営業
2024-03-01 金曜日 24 時間営業
2024-03-02 土曜日 24 時間営業
2024-03-03 日曜日 24 時間営業
2024-03-04 月曜日 24 時間営業
2024-03-05 火曜日 24 時間営業
2024-03-06 水曜日 24 時間営業
",1,35.6497244,139.3031097,東京,なし,,,0,八王子市,八王子,八王子,area:八王子|feature:24h,
レンタルスタジオ HIKARI 築地,〒104-0045 東京都中央区築地２丁目１?１７ 陽光築地ビル 地下一階,,https://hikari-studio.net/,050-3196-4716,"2024-02-29 木曜日 7時00分～22時00分
2024-03-01 金曜日 7時00分～22時00分
2024-03-02 土曜日 7時00分～22時00分
2024-03-03 日曜日 定休日
2024-03-04 月曜日 7時00分～22時00分
2024-03-05 火曜日 7時00分～22時00分
2024-03-06 水曜日 7時00分～22時00分
",1,35.6703837,139.7730754,東京,有楽町駅,1023,有楽町駅,1,中央区,銀座,銀座|日本橋|八丁堀|月島,area:銀座|station:有楽町駅|feature:24h,
レンタルスタジオ STUDIO ZERO 立川南口店,〒190-0023 東京都立川市柴崎町２丁目７?８ エクセル立川 B1F,,https://zero-studio.jp/tachikawa/,,"2024-02-29 木曜日 24 時間営業
2024-03-01 金曜日 24 時間営業
2024-03-02 土曜日 24 時間営業
2024-03-03 日曜日 24 時間営業
2024-03-04 月曜日 24 時間営業
2024-03-05 火曜日 24 時間営業
2024-03-06 水曜日 24 時間営業
",1,35.697227,139.4079859,東京,立川駅,501,立川駅,1,立川市,立川,立川,area:立川|station:立川駅|feature:24h,
レンタルスタジオ マイレッスン 立川店,〒190-0023 東京都立川市柴崎町２丁目６?３ まるごビル,,https://www.my-lesson.jp/,,"2024-02-29 木曜日 24 時間営業
2024-03-01 金曜日 24 時間営業
2024-03-02 土曜日 24 時間営業
2024-03-03 日曜日 24 時間営業
2024-03-04 月曜日 24 時間営業
2024-03-05 火曜日 24 時間営業
2024-03-06 水曜日 24 時間営業
",1,35.6969266,139.4091386,東京,立川駅,410,立川駅,1,立川市,立川,立川,area:立川|station:立川駅|feature:24h,
レンタルスタジオ HIKARI 東高円寺,〒166-0012 東京都杉並区和田３丁目５９?１０ エレガンス東高円寺 101号室,,https://hikari-studio.net/,050-3196-4716,"2024-02-29 木曜日 8時00分～23時00分
2024-03-01 金曜日 8時00分～23時00分
2024-03-02 土曜日 8時00分～23時00分
2024-03-03 日曜日 8時00分～23時00分
2024-03-04 月曜日 8時00分～23時00分
2024-03-05 火曜日 8時00分～23時00分
2024-03-06 水曜日 8時00分～23時00分
",1,35.6975201,139.6594583,東京,中野駅,1083,中野駅,1,杉並区,高円寺,高円寺,area:高円寺|station:中野駅|feature:24h,
レンタルスタジオ KeikoBa P,〒154-0004 東京都世田谷区太子堂２丁目３０?５ 地下一階,,https://www.keikoba-p.com/,03-3487-5681,"2024-02-29 木曜日 10時00分～19時00分
2024-03-01 金曜日 10時00分～19時00分
2024-03-02 土曜日 10時00分～19時00分
2024-03-03 日曜日 10時00分～19時00分
2024-03-04 月曜日 10時00分～19時00分
2024-03-05 火曜日 10時00分～19時00分
2024-03-06 水曜日 10時00分～19時00分
",1,35.6469702,139.6714915,東京,三軒茶屋駅,408,三軒茶屋駅,1,世田谷区,下北沢,下北沢|三軒茶屋|二子玉川|自由が丘,area:下北沢|station:三軒茶屋駅|feature:24h,
レンタルスタジオ C-STUDIO,〒190-0022 東京都立川市錦町１丁目１０?２３ 光洋ビル 3F,,https://bottled1999cask.wixsite.com/c-studio,,"2024-02-29 木曜日 10時00分～18時00分
2024-03-01 金曜日 10時00分～18時00分
2024-03-02 土曜日 10時00分～18時00分
2024-03-03 日曜日 10時00分～18時00分
2024-03-04 月曜日 10時00分～18時00分
2024-03-05 火曜日 10時00分～18時00分
2024-03-06 水曜日 10時00分～18時00分
",1,35.6953975,139.41952,東京,立川駅,635,立川駅,1,立川市,立川,立川,area:立川|station:立川駅|feature:24h,
レンタルスタジオ LOOP,〒497-0038 愛知県海部郡蟹江町桜１丁目1,,http://space-loop.biz/,090-6141-3731,"2024-02-29 木曜日 9時00分～21時00分
2024-03-01 金曜日 9時00分～21時00分
2024-03-02 土曜日 定休日
2024-03-03 日曜日 定休日
2024-03-04 月曜日 9時00分～21時00分
2024-03-05 火曜日 9時00分～21時00分
2024-03-06 水曜日 9時00分～21時00分
",1,35.1428863,136.7908139,東京,なし,,,0,その他,その他,その他,feature:24h,
レンタルスタジオ REBRI,〒192-0085 東京都八王子市中町７?７ ニシカワビル 5F,,,070-1541-0908,"2024-02-29 木曜日 24 時間営業
2024-03-01 金曜日 24 時間営業
2024-03-02 土曜日 24 時間営業
2024-03-03 日曜日 24 時間営業
2024-03-04 月曜日 24 時間営業
2024-03-05 火曜日 24 時間営業
2024-03-06 水曜日 24 時間営業
",1,35.6586265,139.3355521,東京,八王子駅,449,八王子駅,1,八王子市,八王子,八王子,area:八王子|station:八王子駅|feature:24h,
レンタルスタジオ Starshine,〒107-0061 東京都港区北青山３丁目５ 9KAZU表参道 202,,https://nahokuokahealanijp.com/alohayoga/,03-6455-0264,"2024-02-29 木曜日 8時00分～19時00分
2024-03-01 金曜日 8時00分～22時00分
2024-03-02 土曜日 8時00分～10時30分
2024-03-03 日曜日 8時00分～9時30分
2024-03-04 月曜日 8時00分～19時00分
2024-03-05 火曜日 8時00分～19時00分
2024-03-06 水曜日 8時00分～11時00分
",1,35.6658836,139.7126084,東京,表参道駅,76,表参道駅|外苑前駅|原宿駅,3,港区,六本木,六本木|赤坂|麻布|新橋,area:六本木|station:表参道駅|station:外苑前駅|station:原宿駅|feature:24h,
レンタルスタジオ studio agend 浦安・市川,〒272-0138 千葉県市川市南行徳１丁目２０?１ 3F,,http://agend.net/,047-700-7633,"2024-02-29 木曜日 24 時間営業
2024-03-01 金曜日 24 時間営業
2024-03-02 土曜日 24 時間営業
2024-03-03 日曜日 24 時間営業
2024-03-04 月曜日 24 時間営業
2024-03-05 火曜日 24 時間営業
2024-03-06 水曜日 24 時間営業
",1,35.6723373,139.9022781,東京,なし,,,0,その他,その他,その他,feature:24h,
レンタルスタジオ Studio One,〒114-0031 東京都北区十条仲原１丁目８?２６ 清水ビル,,https://website-705677522510421405750-recordingstudio.business.site/?utm_source=gmb&utm_medium=referral,090-1269-7379,"2024-02-29 木曜日 9時00分～22時00分
2024-03-01 金曜日 9時00分～22時00分
2024-03-02 土曜日 9時00分～22時00分
2024-03-03 日曜日 9時00分～22時00分
2024-03-04 月曜日 9時00分～22時00分
2024-03-05 火曜日 9時00分～22時00分
2024-03-06 水曜日 9時00分～22時00分
",1,35.762277,139.721162,東京,なし,,,0,北区,赤羽,赤羽,area:赤羽|feature:24h,
レンタルスタジオ STUDIO ZERO 町田ターミナル口店,〒194-0013 東京都町田市原町田４丁目７?３ 内藤ビル 地下1階B5号室,,https://zero-studio.jp/machida/,050-3205-1194,"2024-02-29 木曜日 24 時間営業
2024-03-01 金曜日 24 時間営業
2024-03-02 土曜日 24 時間営業
2024-03-03 日曜日 24 時間営業
2024-03-04 月曜日 24 時間営業
2024-03-05 火曜日 24 時間営業
2024-03-06 水曜日 24 時間営業
",1,35.541106,139.4490233,東京,町田駅,265,町田駅,1,町田市,町田,町田,area:町田|station:町田駅|feature:24h,
レンタルスタジオ アーマーズピンクドア,〒171-0051 東京都豊島区長崎４丁目９?５ 地下1階 フェイマスショップビル,,http://planet-hand.com/,03-5964-0032,"2024-02-29 木曜日 8時00分～22時00分
2024-03-01 金曜日 8時00分～22時00分
2024-03-02 土曜日 8時00分～22時00分
2024-03-03 日曜日 8時00分～22時00分
2024-03-04 月曜日 8時00分～22時00分
2024-03-05 火曜日 8時00分～22時00分
2024-03-06 水曜日 8時00分～22時00分
",1,35.7306204,139.6839389,東京,なし,,,0,豊島区,池袋,池袋|目白|大塚|巣鴨,area:池袋|feature:24h,
レンタルスタジオ シンデレラドリーム,〒136-0076 東京都江東区南砂２丁目１?８ フッコウビル ４F,,http://rentalstudio-cinderella.com/,03-6458-6805,"2024-02-29 木曜日 10時00分～19時00分
2024-03-01 金曜日 10時00分～19時00分
2024-03-02 土曜日 10時00分～19時00分
2024-03-03 日曜日 10時00分～19時00分
2024-03-04 月曜日 10時00分～19時00分
2024-03-05 火曜日 10時00分～19時00分
2024-03-06 水曜日 10時00分～19時00分
",1,35.6694675,139.8206218,東京,なし,,,0,江東区,豊洲,豊洲,area:豊洲|feature:24h,
レンタルスタジオ スタジオサイ,〒165-0026 東京都中野区新井１丁目１?５,,http://kikh.com/studiosai/,03-3385-2066,"2024-02-29 木曜日 8時00分～23時00分
2024-03-01 金曜日 8時00分～22時00分
2024-03-02 土曜日 8時00分～22時00分
2024-03-03 日曜日 8時00分～22時00分
2024-03-04 月曜日 8時00分～22時00分
2024-03-05 火曜日 8時00分～22時00分
2024-03-06 水曜日 8時00分～22時00分
",1,35.710192,139.669528,東京,中野駅,594,中野駅,1,中野区,中野,中野,area:中野|station:中野駅|feature:24h,
studio KAJIMAYA,〒192-0074 東京都八王子市天神町２１?２,,https://studiokajimaya.com/,,,1,35.6571087,139.3302449,東京,八王子駅,800,八王子駅,1,八王子市,八王子,八王子,area:八王子|station:八王子駅,
レンタルスタジオ ふわり,〒176-0006 東京都練馬区栄町１５?５ 小林ビル Ａ号室,,https://fuwarimusic.jp/studio/,03-6915-8539,"2024-02-29 木曜日 10時00分～22時00分
2024-03-01 金曜日 10時00分～22時00分
2024-03-02 土曜日 10時00分～22時00分
2024-03-03 日曜日 10時00分～22時00分
2024-03-04 月曜日 10時00分～22時00分
2024-03-05 火曜日 10時00分～22時00分
2024-03-06 水曜日 10時00分～22時00分
",1,35.7384743,139.6668731,東京,なし,,,0,練馬区,練馬,練馬,area:練馬|feature:24h,
レンタルスタジオ ワンデースタジオ,〒178-0065 東京都練馬区西大泉１ リバーサイド本橋 Ｂ１Ｆ,,http://oneday-studio.com/,080-7502-3963,"2024-02-29 木曜日 24 時間営業
2024-03-01 金曜日 24 時間営業
2024-03-02 土曜日 24 時間営業
2024-03-03 日曜日 24 時間営業
2024-03-04 月曜日 24 時間営業
2024-03-05 火曜日 24 時間営業
2024-03-06 水曜日 24 時間営業
",1,35.7540031,139.5839277,東京,なし,,,0,練馬区,練馬,練馬,area:練馬|feature:24h,
レンタルスタジオ・Ｆ,〒187-0032 東京都小平市小川町１丁目８３８,,,042-341-7910,,1,35.7310262,139.4530024,東京,なし,,,0,小平市,小平,小平,area:小平,
BUZZ レンタルスタジオ八王子店,〒192-0082 東京都八王子市東町１１?３ センチュリーステーションビル B1,,https://buzz-st.com/hachioji/,,"2024-02-29 木曜日 24 時間営業
2024-03-01 金曜日 24 時間営業
2024-03-02 土曜日 24 時間営業
2024-03-03 日曜日 24 時間営業
2024-03-04 月曜日 24 時間営業
2024-03-05 火曜日 24 時間営業
2024-03-06 水曜日 24 時間営業
",1,35.6580018,139.338539,東京,八王子駅,264,八王子駅,1,八王子市,八王子,八王子,area:八王子|station:八王子駅|feature:24h,
レンタルスタジオ・ジェッター,〒409-0112 山梨県上野原市上野原１００１ 協栄ビル,,,0554-63-6850,,1,35.622821,139.114454,東京,なし,,,0,その他,その他,その他,,
レンタルスタジオ・レンタルスペース ZEAL STUDIOS,〒105-0004 東京都港区新橋３丁目５?１０ 新三ビル B1F,,http://zeal-studios.com/?utm_source=google&utm_medium=map,03-3503-0288,"2024-02-29 木曜日 6時00分～23時00分
2024-03-01 金曜日 6時00分～23時00分
2024-03-02 土曜日 定休日
2024-03-03 日曜日 定休日
2024-03-04 月曜日 6時00分～23時00分
2024-03-05 火曜日 6時00分～23時00分
2024-03-06 水曜日 6時00分～23時00分
",1,35.6660664,139.75479,東京,新橋駅,347,新橋駅|浜松町駅,2,港区,六本木,六本木|赤坂|麻布|新橋,area:六本木|station:新橋駅|station:浜松町駅|feature:24h,
スタジオ カノン 東町店,〒184-0011 東京都八王子市東町２丁目９ ムジカ八王子ビル,,https://spacemarket.com/p/sp/0_c_mhwv6awbu3g2,,"2024-02-29 木曜日 24 時間営業
2024-03-01 金曜日 24 時間営業
2024-03-02 土曜日 24 時間営業
2024-03-03 日曜日 24 時間営業
2024-03-04 月曜日 24 時間営業
2024-03-05 火曜日 24 時間営業
2024-03-06 水曜日 24 時間営業
",1,35.658223,139.3412348,東京,八王子駅,355,八王子駅,1,八王子市,八王子,八王子,area:八王子|station:八王子駅|feature:24h,
レンタルスタジオ「マナビバ」戸越スタジオ,〒142-0041 東京都品川区戸越２丁目１?３ 丸雄建築ビル 2F,,https://lin.ee/8Izvsdws,03-6421-5071,"2024-02-29 木曜日 9時00分～22時00分
2024-03-01 金曜日 9時00分～22時00分
2024-03-02 土曜日 9時00分～22時00分
2024-03-03 日曜日 9時00分～22時00分
2024-03-04 月曜日 9時00分～22時00分
2024-03-05 火曜日 9時00分～22時00分
2024-03-06 水曜日 9時00分～22時00分
",1,35.6148602,139.7181859,東京,大崎駅,1081,大崎駅,1,品川区,品川,品川|五反田|大井町|目黒,area:品川|station:大崎駅|feature:24h,
レンタルスタジオ/ステップ東村山１号店,〒189-0013 東京都東村山市栄町１丁目３?３２ ビュー久米川 201号室,,https://tokyo-step.space/,080-6885-7536,"2024-02-29 木曜日 8時00分～22時00分
2024-03-01 金曜日 8時00分～22時00分
2024-03-02 土曜日 8時00分～22時00分
2024-03-03 日曜日 8時00分～22時00分
2024-03-04 月曜日 8時00分～22時00分
2024-03-05 火曜日 8時00分～22時00分
2024-03-06 水曜日 8時00分～22時00分
",1,35.7502795,139.473333,東京,なし,,,0,東村山市,東村山,東村山,area:東村山|feature:24h,
レンタルスタジオ/ステップ東村山２号店,〒189-0013 東京都東村山市栄町１丁目10?２３,,https://tokyo-step.space/,080-6885-7536,"2024-02-29 木曜日 24 時間営業
2024-03-01 金曜日 24 時間営業
2024-03-02 土曜日 24 時間営業
2024-03-03 日曜日 24 時間営業
2024-03-04 月曜日 24 時間営業
2024-03-05 火曜日 24 時間営業
2024-03-06 水曜日 24 時間営業
",1,35.7483521,139.4745986,東京,なし,,,0,東村山市,東村山,東村山,area:東村山|feature:24h,
レンタルスタジオ8 NORTH GATE,〒193-0931 東京都八王子市台町２丁目１１?２１ 2F,,http://studio.8ng.net/,080-9540-8261,"2024-02-29 木曜日 24 時間営業
2024-03-01 金曜日 24 時間営業
2024-03-02 土曜日 24 時間営業
2024-03-03 日曜日 24 時間営業
2024-03-04 月曜日 24 時間営業
2024-03-05 火曜日 24 時間営業
2024-03-06 水曜日 24 時間営業
",1,35.6501807,139.3197483,東京,なし,,,0,八王子市,八王子,八王子,area:八王子|feature:24h,
レンタルスタジオALOALO,〒110-0016 東京都台東区台東４丁目３１?５ オリオンビル B1,,https://upnow.jp/aloalostudio/%E3%83%AC%E3%83%B3%E3%82%BF%E3%83%AB%E3%82%B9%E3%82%BF%E3%82%B8%E3%82%AAaloalo,080-4818-5577,"2024-02-29 木曜日 24 時間営業
2024-03-01 金曜日 24 時間営業
2024-03-02 土曜日 24 時間営業
2024-03-03 日曜日 24 時間営業
2024-03-04 月曜日 24 時間営業
2024-03-05 火曜日 24 時間営業
2024-03-06 水曜日 24 時間営業
",1,35.7073185,139.7772092,東京,上野駅,717,上野駅|秋葉原駅,2,台東区,上野,上野|浅草|御徒町|蔵前,area:上野|station:上野駅|station:秋葉原駅|feature:24h,
レンタルスタジオART FACTORY淡路店,〒533-0023 大阪府大阪市東淀川区東淡路４丁目１８?８ 東淡路商店街ビル 3F,,http://www.artfactory-studio.com/,070-1748-3200,"2024-02-29 木曜日 7時30分～22時30分
2024-03-01 金曜日 7時30分～22時30分
2024-03-02 土曜日 7時30分～22時30分
2024-03-03 日曜日 7時30分～22時30分
2024-03-04 月曜日 7時30分～22時30分
2024-03-05 火曜日 7時30分～22時30分
2024-03-06 水曜日 7時30分～22時30分
",1,34.7388084,135.5174919,東京,なし,,,0,その他,その他,その他,feature:24h,
レンタルスタジオCLI CLI,〒145-0064 東京都大田区上池台１丁目１?１,,https://clicli.shopinfo.jp/,03-5702-1065,"2024-02-29 木曜日 9時00分～21時00分
2024-03-01 金曜日 9時00分～21時00分
2024-03-02 土曜日 9時00分～21時00分
2024-03-03 日曜日 9時00分～21時00分
2024-03-04 月曜日 9時00分～21時00分
2024-03-05 火曜日 9時00分～21時00分
2024-03-06 水曜日 9時00分～21時00分
",1,35.6032108,139.698218,東京,なし,,,0,大田区,蒲田,蒲田,area:蒲田|feature:24h,
レンタルスタジオEVERGREEN,〒110-0005 東京都台東区上野３丁目２０?１０ 木下ビル3階,,,03-6795-0837,,1,35.7056892,139.7741359,東京,秋葉原駅,779,秋葉原駅|上野駅,2,台東区,上野,上野|浅草|御徒町|蔵前,area:上野|station:秋葉原駅|station:上野駅,
レンタルスタジオreimei Tachikawa,〒190-0022 東京都立川市錦町２丁目１?３５ Ktd 錦町ビル 2F,,https://reimeikunitachi.com/,050-1809-3917,"2024-02-29 木曜日 24 時間営業
2024-03-01 金曜日 24 時間営業
2024-03-02 土曜日 24 時間営業
2024-03-03 日曜日 24 時間営業
2024-03-04 月曜日 24 時間営業
2024-03-05 火曜日 24 時間営業
2024-03-06 水曜日 24 時間営業
",1,35.6960266,139.414934,東京,立川駅,279,立川駅,1,立川市,立川,立川,area:立川|station:立川駅|feature:24h,
レンタルスタジオStudioIrodori赤羽橋,〒106-0044 東京都港区東麻布１丁目１８?７ リヴェールハヤシ B1F,,https://studioirodori.com/,050-3628-5392,"2024-02-29 木曜日 24 時間営業
2024-03-01 金曜日 24 時間営業
2024-03-02 土曜日 24 時間営業
2024-03-03 日曜日 24 時間営業
2024-03-04 月曜日 24 時間営業
2024-03-05 火曜日 24 時間営業
2024-03-06 水曜日 24 時間営業
",1,35.6557332,139.7427218,東京,麻布十番駅,749,麻布十番駅|田町駅,2,港区,六本木,六本木|赤坂|麻布|新橋,area:六本木|station:麻布十番駅|station:田町駅|feature:24h,
レンタルスタジオStudioIrodori白金高輪店,〒108-0072 東京都港区白金３丁目１?１２ 第2浅野ビル １０１号室,,https://studioirodori.com/,050-3628-5392,"2024-02-29 木曜日 24 時間営業
2024-03-01 金曜日 24 時間営業
2024-03-02 土曜日 24 時間営業
2024-03-03 日曜日 24 時間営業
2024-03-04 月曜日 24 時間営業
2024-03-05 火曜日 24 時間営業
2024-03-06 水曜日 24 時間営業
",1,35.6467623,139.7300192,東京,麻布十番駅,967,麻布十番駅,1,港区,六本木,六本木|赤坂|麻布|新橋,area:六本木|station:麻布十番駅|feature:24h,
レンタルスタジオStudioIrodori麻布十番店,〒106-0045 東京都港区麻布十番１丁目５番１ YKビル 3F,,https://studioirodori.com/,050-3628-5392,"2024-02-29 木曜日 24 時間営業
2024-03-01 金曜日 24 時間営業
2024-03-02 土曜日 24 時間営業
2024-03-03 日曜日 24 時間営業
2024-03-04 月曜日 24 時間営業
2024-03-05 火曜日 24 時間営業
2024-03-06 水曜日 24 時間営業
",1,35.6577232,139.7325985,東京,麻布十番駅,385,麻布十番駅|六本木駅,2,港区,六本木,六本木|赤坂|麻布|新橋,area:六本木|station:麻布十番駅|station:六本木駅|feature:24h,
レンタルスタジオSunny 池袋3号店,〒170-0013 東京都豊島区東池袋２丁目３９?２ マルミビル 2階 A号室,,https://11dance.com/,03-6874-1401,"2024-02-29 木曜日 9時00分～0時00分
2024-03-01 金曜日 9時00分～0時00分
2024-03-02 土曜日 9時00分～0時00分
2024-03-03 日曜日 9時00分～0時00分
2024-03-04 月曜日 9時00分～0時00分
2024-03-05 火曜日 9時00分～0時00分
2024-03-06 水曜日 9時00分～0時00分
",1,35.7316752,139.7206805,東京,池袋駅,979,池袋駅,1,豊島区,池袋,池袋|目白|大塚|巣鴨,area:池袋|station:池袋駅|feature:24h,
レンタルスタジオひより,〒171-0014 東京都豊島区池袋２丁目２３?２３ 白鳥ハイツ 107,,https://rs-hiyori.com/,080-5175-6676,"オーナーが女性と確認されたビジネス2024-02-29 木曜日 24 時間営業
2024-03-01 金曜日 24 時間営業
2024-03-02 土曜日 24 時間営業
2024-03-03 日曜日 24 時間営業
2024-03-04 月曜日 24 時間営業
2024-03-05 火曜日 24 時間営業
2024-03-06 水曜日 24 時間営業
",1,35.7331629,139.7047394,東京,池袋駅,694,池袋駅,1,豊島区,池袋,池袋|目白|大塚|巣鴨,area:池袋|station:池袋駅|feature:24h,
レンタルスタジオ葛西,〒134-0084 東京都江戸川区東葛西５丁目１?１４?２０２,,https://freespacekasai.jimdofree.com/,03-6456-0178,"2024-02-29 木曜日 8時00分～15時00分
2024-03-01 金曜日 8時00分～15時00分
2024-03-02 土曜日 15時00分～22時00分
2024-03-03 日曜日 15時00分～22時00分
2024-03-04 月曜日 8時00分～15時00分
2024-03-05 火曜日 8時00分～15時00分
2024-03-06 水曜日 8時00分～15時00分
",1,35.6639179,139.8736572,東京,なし,,,0,江戸川区,西葛西,西葛西,area:西葛西|feature:24h,
レンタルスタジオ池袋・駒込マイックル,〒114-0015 東京都北区中里２丁目１３?６,,http://komagome-maikkuru.com/,03-5937-2345,"2024-02-29 木曜日 24 時間営業
2024-03-01 金曜日 24 時間営業
2024-03-02 土曜日 24 時間営業
2024-03-03 日曜日 24 時間営業
2024-03-04 月曜日 24 時間営業
2024-03-05 火曜日 24 時間営業
2024-03-06 水曜日 24 時間営業
",1,35.738923,139.7493,東京,なし,,,0,北区,赤羽,赤羽,area:赤羽|feature:24h,
レンタルスペース リノスペcamp東京ドーム,〒101-0061 東京都千代田区神田三崎町２丁目１２?５ ニュー千代田ビル 3F-A,,https://spacemarket.com/p/9kYzzB9XHqEelXGk,050-1808-7637,"LGBTQ フレンドリー2024-02-29 木曜日 24 時間営業
2024-03-01 金曜日 24 時間営業
2024-03-02 土曜日 24 時間営業
2024-03-03 日曜日 24 時間営業
2024-03-04 月曜日 24 時間営業
2024-03-05 火曜日 24 時間営業
2024-03-06 水曜日 24 時間営業
",1,35.7005486,139.7536112,東京,なし,,,0,千代田区,秋葉原,秋葉原,area:秋葉原|feature:24h,
レンタルスペース・スタジオ,〒145-0074 東京都大田区東嶺町４４?９ 1F・102号室 三松スクエアガーデン,,https://www.kudo-ota.com/space,090-6293-5874,"2024-02-29 木曜日 24 時間営業
2024-03-01 金曜日 0時00分～17時00分
2024-03-02 土曜日 0時00分～13時00分
2024-03-03 日曜日 0時00分～8時00分
2024-03-04 月曜日 24 時間営業
2024-03-05 火曜日 0時00分～17時00分
2024-03-06 水曜日 0時00分～17時00分
",1,35.5847349,139.6825032,東京,なし,,,0,大田区,蒲田,蒲田,area:蒲田|feature:24h,
レンタルホールフレンド永山,〒206-0024 東京都多摩市諏訪２丁目１２?１２ アクロスビル 2階,,,042-339-1925,,1,35.6292908,139.4492635,東京,なし,,,0,多摩市,多摩センター,多摩センター,area:多摩センター,
レンタルリレイション(下馬校),〒985-0835 宮城県多賀城市下馬５丁目１５?２５,,http://dance-relation.com/,022-205-5355,"2024-02-29 木曜日 9時00分～21時00分
2024-03-01 金曜日 9時00分～21時00分
2024-03-02 土曜日 9時00分～21時00分
2024-03-03 日曜日 9時00分～21時00分
2024-03-04 月曜日 9時00分～21時00分
2024-03-05 火曜日 9時00分～21時00分
2024-03-06 水曜日 9時00分～21時00分
",1,38.2996534,141.0179813,東京,なし,,,0,その他,その他,その他,feature:24h,
レンタル撮影スタジオDOLLY飯田橋1号店,〒102-0072 東京都千代田区飯田橋３丁目６?６ 港屋ビル 2F,,https://spacemarket.com/p/Cy9iFcytXTKh0IMD,050-3196-4992,"オーナーが女性と確認されたビジネス2024-02-29 木曜日 24 時間営業
2024-03-01 金曜日 24 時間営業
2024-03-02 土曜日 24 時間営業
2024-03-03 日曜日 24 時間営業
2024-03-04 月曜日 24 時間営業
2024-03-05 火曜日 24 時間営業
2024-03-06 水曜日 24 時間営業
",1,35.7016648,139.7464122,東京,なし,,,0,千代田区,秋葉原,秋葉原,area:秋葉原|feature:24h,
SISTERS TOKYO 八王子校 ダンススクール,〒192-0082 東京都八王子市東町１１?３ 地下1階 BAZZ八王子 センチュリーステーションビル,,https://sisters-t.com/,,,1,35.6728201,139.3849011,東京,なし,,,0,八王子市,八王子,八王子,area:八王子,
ロジスタイルB StudioStyle+,〒160-0023 東京都新宿区西新宿７丁目１５?１４ FONTAINE三須 1F,,https://studiostyle.jp/roji-studio-b/,090-8306-7493,"オーナーが女性と確認されたビジネス2024-02-29 木曜日 24 時間営業
2024-03-01 金曜日 24 時間営業
2024-03-02 土曜日 24 時間営業
2024-03-03 日曜日 24 時間営業
2024-03-04 月曜日 24 時間営業
2024-03-05 火曜日 24 時間営業
2024-03-06 水曜日 24 時間営業
",1,35.6953046,139.6978413,東京,西武新宿駅,255,西武新宿駅|新宿駅|新大久保駅,3,新宿区,新宿,新宿|西新宿|高田馬場|新大久保,area:新宿|station:西武新宿駅|station:新宿駅|station:新大久保駅|feature:24h,
ロゼッタスタジオ錦糸町,〒130-0013 東京都墨田区錦糸２丁目１３?１ 堀越第一ビル 5F,,https://kinshicho.studiosquare.jp/,03-5822-4050,"2024-02-29 木曜日 24 時間営業
2024-03-01 金曜日 24 時間営業
2024-03-02 土曜日 24 時間営業
2024-03-03 日曜日 24 時間営業
2024-03-04 月曜日 24 時間営業
2024-03-05 火曜日 24 時間営業
2024-03-06 水曜日 24 時間営業
",1,35.6992865,139.8126585,東京,錦糸町駅,317,錦糸町駅,1,墨田区,錦糸町,錦糸町,area:錦糸町|station:錦糸町駅|feature:24h,
ワーサルレンタルスタジオ（Aスタジオ）,〒151-0073 東京都渋谷区笹塚２丁目２５?２ グランド・ガーラ笹塚 B1,,https://worsal.com/rental/index.html#studio-a,03-6276-3608,"2024-02-29 木曜日 24 時間営業
2024-03-01 金曜日 24 時間営業
2024-03-02 土曜日 24 時間営業
2024-03-03 日曜日 24 時間営業
2024-03-04 月曜日 24 時間営業
2024-03-05 火曜日 24 時間営業
2024-03-06 水曜日 24 時間営業
",1,35.6734602,139.6630261,東京,なし,,,0,渋谷区,渋谷,渋谷|恵比寿|代官山|原宿,area:渋谷|feature:24h,
ワーサルレンタルスタジオ（Cスタジオ）,〒156-0041 東京都世田谷区大原２丁目２３?１５ 大原アジアビル 9F,,https://worsal.com/rental/studio_c.html,03-6276-3608,"2024-02-29 木曜日 24 時間営業
2024-03-01 金曜日 24 時間営業
2024-03-02 土曜日 24 時間営業
2024-03-03 日曜日 24 時間営業
2024-03-04 月曜日 24 時間営業
2024-03-05 火曜日 24 時間営業
2024-03-06 水曜日 24 時間営業
",1,35.6722275,139.6603819,東京,なし,,,0,世田谷区,下北沢,下北沢|三軒茶屋|二子玉川|自由が丘,area:下北沢|feature:24h,
ポールダンススタジオ アンジュエル豊田校,〒471-0024 愛知県豊田市元城町２丁目１２ ＩＨＳビル 1B,,http://www.annjewelpole.com/,,,1,35.0831052,137.1594812,東京,なし,,,0,その他,その他,その他,,
安城市クロスポート音楽教室＆ダンススクール日の出町校,〒446-0033 愛知県安城市日の出町９?１３,,http://www.crospport.com/,0566-76-0755,"2024-02-29 木曜日 10時00分～0時00分
2024-03-01 金曜日 10時00分～0時00分
2024-03-02 土曜日 10時00分～0時00分
2024-03-03 日曜日 10時00分～0時00分
2024-03-04 月曜日 10時00分～0時00分
2024-03-05 火曜日 10時00分～0時00分
2024-03-06 水曜日 10時00分～0時00分
",1,34.952673,137.0889846,東京,なし,,,0,その他,その他,その他,feature:24h,
伊藤ダンススクールＫＡＮＡＭＡＣＨＩ,〒125-0041 東京都葛飾区東金町１丁目４５?４ 綾部ビル 3F,,https://ito-danceschool.com/,03-3609-0880,"2024-02-29 木曜日 13時00分～21時00分
2024-03-01 金曜日 13時00分～21時00分
2024-03-02 土曜日 13時00分～21時00分
2024-03-03 日曜日 定休日
2024-03-04 月曜日 13時00分～21時00分
2024-03-05 火曜日 13時00分～21時00分
2024-03-06 水曜日 13時00分～21時00分
",1,35.769942,139.8713663,東京,なし,,,0,葛飾区,新小岩,新小岩,area:新小岩|feature:24h,
レンタルダンススタジオTerrace八王子,〒192-0085 東京都八王子市中町６?６ 店舗（旧 川和ビル 3階,,https://terrace-hachioji.com/,,"LGBTQ フレンドリー2024-02-29 木曜日 6時00分～0時00分
2024-03-01 金曜日 6時00分～0時00分
2024-03-02 土曜日 6時00分～0時00分
2024-03-03 日曜日 6時00分～0時00分
2024-03-04 月曜日 6時00分～0時00分
2024-03-05 火曜日 6時00分～0時00分
2024-03-06 水曜日 6時00分～0時00分
",1,35.658074,139.3354666,東京,八王子駅,412,八王子駅,1,八王子市,八王子,八王子,area:八王子|station:八王子駅|feature:24h,
永福町スタジオ/ライマーラマ:タヒチアンダンススタジオ,〒168-0064 東京都杉並区永福１丁目３９?１４ １階,,http://www.raimarama.com/,03-3469-0672,"2024-02-29 木曜日 定休日
2024-03-01 金曜日 定休日
2024-03-02 土曜日 10時00分～12時30分
2024-03-03 日曜日 定休日
2024-03-04 月曜日 定休日
2024-03-05 火曜日 定休日
2024-03-06 水曜日 定休日
",1,35.6744771,139.6431242,東京,なし,,,0,杉並区,高円寺,高円寺,area:高円寺|feature:24h,
Studio Bis,〒141-0031 東京都品川区西五反田２丁目１０?８ ドルミ五反田ドゥメゾン 3階,,http://studio-bis.tokyo/,,"2024-02-29 木曜日 9時00分～22時00分
2024-03-01 金曜日 9時00分～22時00分
2024-03-02 土曜日 9時00分～22時00分
2024-03-03 日曜日 9時00分～22時00分
2024-03-04 月曜日 9時00分～22時00分
2024-03-05 火曜日 9時00分～22時00分
2024-03-06 水曜日 9時00分～22時00分
",1,35.6271304,139.7208583,東京,五反田駅,246,五反田駅|目黒駅|大崎駅,3,品川区,品川,品川|五反田|大井町|目黒,area:品川|station:五反田駅|station:目黒駅|station:大崎駅|feature:24h,
演劇稽古場ファンファーレレンタルスタジオ高田馬場,〒169-0075 東京都新宿区高田馬場１丁目２１?４ 第５三池ビル B１F,,https://atelier-fanfare.jp/,03-6205-9436,"2024-02-29 木曜日 10時00分～22時00分
2024-03-01 金曜日 10時00分～22時00分
2024-03-02 土曜日 10時00分～22時00分
2024-03-03 日曜日 10時00分～22時00分
2024-03-04 月曜日 10時00分～22時00分
2024-03-05 火曜日 10時00分～22時00分
2024-03-06 水曜日 10時00分～22時00分
",1,35.7093376,139.7046596,東京,高田馬場駅,337,高田馬場駅|新大久保駅,2,新宿区,新宿,新宿|西新宿|高田馬場|新大久保,area:新宿|station:高田馬場駅|station:新大久保駅|feature:24h,
演劇舞台稽古場 ファンファーレレンタルスタジオ新宿御苑（撮影スタジオとして利用可能）,〒162-0067 東京都新宿区富久町１３?１５ サウスタワー地下2階,,https://atelier-fanfare.jp/,03-6205-9436,,1,35.6916877,139.7147932,東京,なし,,,0,新宿区,新宿,新宿|西新宿|高田馬場|新大久保,area:新宿,
演劇舞台稽古場 ファンファーレレンタルスタジオ代田環七（撮影レンタルスタジオとしても利用可）,〒156-0041 東京都世田谷区大原１丁目２３?１５ 三京ビル ６F,,https://atelier-fanfare.jp/,03-6205-9436,"2024-02-29 木曜日 10時00分～22時00分
2024-03-01 金曜日 10時00分～22時00分
2024-03-02 土曜日 10時00分～22時00分
2024-03-03 日曜日 10時00分～22時00分
2024-03-04 月曜日 10時00分～22時00分
2024-03-05 火曜日 10時00分～22時00分
2024-03-06 水曜日 10時00分～22時00分
",1,35.6677753,139.6613986,東京,下北沢駅,949,下北沢駅,1,世田谷区,下北沢,下北沢|三軒茶屋|二子玉川|自由が丘,area:下北沢|station:下北沢駅|feature:24h,
遠藤ユキヒコ・ダンススタジオ 新浦安教室,〒279-0022 千葉県浦安市今川２丁目１３?６,,https://endo-dance.com/,047-303-3199,"2024-02-29 木曜日 11時00分～20時00分
2024-03-01 金曜日 11時00分～20時00分
2024-03-02 土曜日 11時00分～20時00分
2024-03-03 日曜日 定休日
2024-03-04 月曜日 11時00分～20時00分
2024-03-05 火曜日 11時00分～20時00分
2024-03-06 水曜日 11時00分～20時00分
",1,35.642068,139.909561,東京,なし,,,0,その他,その他,その他,feature:24h,
塩野啓子バレエスタジオ,〒186-0003 東京都国立市富士見台４丁目12?１,,http://shionoballet.jp/,042-577-5663,"2024-02-29 木曜日 16時30分～22時00分
2024-03-01 金曜日 16時30分～22時00分
2024-03-02 土曜日 14時00分～19時00分
2024-03-03 日曜日 16時30分～22時00分
2024-03-04 月曜日 16時30分～22時00分
2024-03-05 火曜日 16時30分～22時00分
2024-03-06 水曜日 16時30分～22時00分
",1,35.685748,139.431023,東京,なし,,,0,国立市,国立,国立,area:国立|feature:24h,
押上SORAスタジオ2,〒131-0045 東京都墨田区押上１丁目２５?５ 西原ビル １階,,http://os-rental.com/,03-6284-1723,"2024-02-29 木曜日 7時00分～21時00分
2024-03-01 金曜日 7時00分～21時00分
2024-03-02 土曜日 7時00分～21時00分
2024-03-03 日曜日 7時00分～21時00分
2024-03-04 月曜日 7時00分～21時00分
2024-03-05 火曜日 7時00分～21時00分
2024-03-06 水曜日 7時00分～21時00分
",1,35.7098885,139.8150036,東京,押上駅,389,押上駅,1,墨田区,錦糸町,錦糸町,area:錦糸町|station:押上駅|feature:24h,
押上ＳＯＲＡスタジオ4,〒131-0045 東京都墨田区押上１丁目２８?４ 桐生ビル 1Ｆ,,https://os-rental.com/,03-6284-1723,"2024-02-29 木曜日 8時00分～22時00分
2024-03-01 金曜日 8時00分～22時00分
2024-03-02 土曜日 8時00分～22時00分
2024-03-03 日曜日 8時00分～22時00分
2024-03-04 月曜日 8時00分～22時00分
2024-03-05 火曜日 8時00分～22時00分
2024-03-06 水曜日 8時00分～22時00分
",1,35.7103556,139.8156856,東京,押上駅,451,押上駅,1,墨田区,錦糸町,錦糸町,area:錦糸町|station:押上駅|feature:24h,
押上とうきょうスカイツリーSORAスタジオ,〒131-0045 東京都墨田区押上１丁目１３?１０ ２ 階,,http://oshiage-rental.com/,03-6284-1723,"2024-02-29 木曜日 9時00分～21時00分
2024-03-01 金曜日 9時00分～21時00分
2024-03-02 土曜日 9時00分～21時00分
2024-03-03 日曜日 9時00分～21時00分
2024-03-04 月曜日 9時00分～21時00分
2024-03-05 火曜日 9時00分～21時00分
2024-03-06 水曜日 9時00分～21時00分
",1,35.710824,139.814336,東京,押上駅,339,押上駅,1,墨田区,錦糸町,錦糸町,area:錦糸町|station:押上駅|feature:24h,
王子飛鳥山レンタルスタジオ,〒114-0023 東京都北区滝野川１丁目４?１１ 滝野川1-4-11塚本ビル1階 塚本ビル,,https://oji.studiosquare.jp/,03-5822-4050,"2024-02-29 木曜日 6時00分～23時00分
2024-03-01 金曜日 6時00分～23時00分
2024-03-02 土曜日 6時00分～23時00分
2024-03-03 日曜日 6時00分～23時00分
2024-03-04 月曜日 6時00分～23時00分
2024-03-05 火曜日 6時00分～23時00分
2024-03-06 水曜日 6時00分～23時00分
",1,35.7500308,139.73776,東京,なし,,,0,北区,赤羽,赤羽,area:赤羽|feature:24h,
Premium Machine Pilates 白金高輪駅前店,〒108-0074 東京都港区高輪１丁目２?１６ フラットウェル高輪 6F-C,,https://www.premium-yoga-pilates.com/machine,,"2024-02-29 木曜日 9時00分～21時00分
2024-03-01 金曜日 9時00分～21時00分
2024-03-02 土曜日 9時00分～20時00分
2024-03-03 日曜日 9時00分～20時00分
2024-03-04 月曜日 9時00分～21時30分
2024-03-05 火曜日 9時00分～21時00分
2024-03-06 水曜日 9時00分～21時00分
",1,35.644241,139.7352054,東京,田町駅,1130,田町駅|麻布十番駅,2,港区,六本木,六本木|赤坂|麻布|新橋,area:六本木|station:田町駅|station:麻布十番駅|feature:24h,
SHARE TAKANAWA,〒108-0074 東京都港区高輪２丁目１６?３２ 横川ビル ３Ｆ,,https://www.takanawa.space/,,"LGBTQ フレンドリー2024-02-29 木曜日 24 時間営業
2024-03-01 金曜日 24 時間営業
2024-03-02 土曜日 24 時間営業
2024-03-03 日曜日 24 時間営業
2024-03-04 月曜日 24 時間営業
2024-03-05 火曜日 24 時間営業
2024-03-06 水曜日 24 時間営業
",1,35.6377886,139.7392668,東京,品川駅,1037,品川駅|田町駅,2,港区,六本木,六本木|赤坂|麻布|新橋,area:六本木|station:品川駅|station:田町駅|feature:24h,
音楽スタジオ ensemble(アンサンブル),〒110-0015 東京都台東区東上野４丁目１０?５ 下条ビル3F,,http://s-ens.net/,03-3841-2904,"2024-02-29 木曜日 10時00分～23時00分
2024-03-01 金曜日 10時00分～23時00分
2024-03-02 土曜日 10時00分～23時00分
2024-03-03 日曜日 10時00分～23時00分
2024-03-04 月曜日 10時00分～23時00分
2024-03-05 火曜日 10時00分～23時00分
2024-03-06 水曜日 10時00分～23時00分
",1,35.7140172,139.7797233,東京,上野駅,225,上野駅,1,台東区,上野,上野|浅草|御徒町|蔵前,area:上野|station:上野駅|feature:24h,
下北沢 ヴィンテージスタジオ,〒155-0031 東京都世田谷区北沢２丁目２６?５ 伊澤ビル 3F,,http://vintage.studiosquare.jp/,03-5822-4050,"2024-02-29 木曜日 6時00分～23時00分
2024-03-01 金曜日 6時00分～23時00分
2024-03-02 土曜日 6時00分～23時00分
2024-03-03 日曜日 6時00分～23時00分
2024-03-04 月曜日 6時00分～23時00分
2024-03-05 火曜日 6時00分～23時00分
2024-03-06 水曜日 6時00分～23時00分
",1,35.6619067,139.6659616,東京,下北沢駅,259,下北沢駅,1,世田谷区,下北沢,下北沢|三軒茶屋|二子玉川|自由が丘,area:下北沢|station:下北沢駅|feature:24h,
加藤みや子ダンススペース ANNEX SENGAWA-FACTORY,〒182-0002 東京都調布市仙川町２丁目１８?２１,,https://www.asfkdspace.com/,03-3309-7200,"オーナーが女性と確認されたビジネス2024-02-29 木曜日 10時30分～22時00分
2024-03-01 金曜日 10時30分～22時00分
2024-03-02 土曜日 10時30分～22時00分
2024-03-03 日曜日 10時30分～22時00分
2024-03-04 月曜日 定休日
2024-03-05 火曜日 10時30分～22時00分
2024-03-06 水曜日 10時30分～22時00分
",1,35.6642639,139.5831316,東京,なし,,,0,調布市,調布,調布,area:調布|feature:24h,
家泉ダンススクール,〒171-0021 東京都豊島区西池袋３丁目２６?５ ニューマツモトビル,,http://www.iezumidance.com/,03-3982-8512,"2024-02-29 木曜日 9時00分～22時00分
2024-03-01 金曜日 9時00分～22時00分
2024-03-02 土曜日 9時00分～17時00分
2024-03-03 日曜日 定休日
2024-03-04 月曜日 9時00分～22時00分
2024-03-05 火曜日 9時00分～22時00分
2024-03-06 水曜日 9時00分～22時00分
",1,35.730628,139.707625,東京,池袋駅,313,池袋駅,1,豊島区,池袋,池袋|目白|大塚|巣鴨,area:池袋|station:池袋駅|feature:24h,
花柳 珠絃,〒123-0873 東京都足立区扇１丁目４４?３,,https://www.hanayagi-tamaito.com/about_us/,03-3856-5650,,1,35.7661728,139.77673,東京,なし,,,0,足立区,北千住,北千住,area:北千住,
外苑前アイランドスタジオ,〒150-0001 東京都渋谷区神宮前３丁目１?２５ 神宮前Ikビル 2階,,https://www.ai-land.co.jp/studio/?utm_source=mybusiness,03-5413-7077,"オーナーが女性と確認されたビジネス2024-02-29 木曜日 9時00分～22時00分
2024-03-01 金曜日 9時00分～22時00分
2024-03-02 土曜日 9時00分～22時00分
2024-03-03 日曜日 9時00分～22時00分
2024-03-04 月曜日 9時00分～22時00分
2024-03-05 火曜日 9時00分～22時00分
2024-03-06 水曜日 9時00分～22時00分
",1,35.6700873,139.7140255,東京,外苑前駅,322,外苑前駅|表参道駅|青山一丁目駅,3,渋谷区,渋谷,渋谷|恵比寿|代官山|原宿,area:渋谷|station:外苑前駅|station:表参道駅|station:青山一丁目駅|feature:24h,
学園坂スタジオ,〒187-0043 東京都小平市学園東町７?７ 1-7-41 ナカムラ ビル 3F,,https://www.gakuenzaka.com/,042-202-0423,"2024-02-29 木曜日 9時00分～0時00分
2024-03-01 金曜日 9時00分～0時00分
2024-03-02 土曜日 9時00分～0時00分
2024-03-03 日曜日 9時00分～0時00分
2024-03-04 月曜日 9時00分～0時00分
2024-03-05 火曜日 9時00分～0時00分
2024-03-06 水曜日 9時00分～0時00分
",1,35.723884,139.480228,東京,なし,,,0,小平市,小平,小平,area:小平|feature:24h,
"学園坂スタジオ（E,Fスタジオ）",〒187-0045 東京都小平市学園西町２丁目１４?２０,,https://www.gakuenzaka.com/,042-202-0423,,1,35.7232837,139.4796592,東京,なし,,,0,小平市,小平,小平,area:小平,
楽?can,〒164-0012 東京都中野区本町２丁目５?７,,http://rakucan.com/,03-6304-2118,,1,35.6921941,139.6808683,東京,なし,,,0,中野区,中野,中野,area:中野,
株式会社Dia Corporation,〒471-0835 愛知県豊田市曙町２丁目16番地 BULS16 101号室,,https://www.instabase.jp/space/7048473698,080-7012-1919,"LGBTQ フレンドリー2024-02-29 木曜日 9時00分～23時00分
2024-03-01 金曜日 9時00分～23時00分
2024-03-02 土曜日 9時00分～23時00分
2024-03-03 日曜日 9時00分～23時00分
2024-03-04 月曜日 9時00分～23時00分
2024-03-05 火曜日 9時00分～23時00分
2024-03-06 水曜日 9時00分～23時00分
",1,35.0578306,137.1315373,東京,なし,,,0,その他,その他,その他,feature:24h,
株式会社expg family,〒153-0043 東京都目黒区東山１丁目２?２ 目黒東山スクエアビル 4F,,http://www.e-t-c.net/,03-5725-0430,"2024-02-29 木曜日 定休日
2024-03-01 金曜日 11時00分～20時00分
2024-03-02 土曜日 11時00分～20時00分
2024-03-03 日曜日 定休日
2024-03-04 月曜日 11時00分～20時00分
2024-03-05 火曜日 11時00分～20時00分
2024-03-06 水曜日 11時00分～20時00分
",1,35.6479386,139.693308,東京,池尻大橋駅,886,池尻大橋駅,1,目黒区,中目黒,中目黒,area:中目黒|station:池尻大橋駅|feature:24h,
Studio Cosmique（スタジオコスミーク）,〒108-0023 東京都港区芝浦２丁目１４ １４?１３ １ 階 Mck芝浦ビル,,http://studiocosmique.com/,,,1,35.643892,139.7522716,東京,田町駅,471,田町駅,1,港区,六本木,六本木|赤坂|麻布|新橋,area:六本木|station:田町駅,
株式会社ZERO CREATION（Dance Studio FOCUS）,〒166-0003 東京都杉並区高円寺南５丁目３５?１５,,http://dancestudio-focus.com/,03-6304-9061,"LGBTQ フレンドリー2024-02-29 木曜日 10時30分～23時00分
2024-03-01 金曜日 10時30分～23時00分
2024-03-02 土曜日 10時30分～23時00分
2024-03-03 日曜日 10時30分～23時00分
2024-03-04 月曜日 10時30分～23時00分
2024-03-05 火曜日 10時30分～23時00分
2024-03-06 水曜日 10時30分～23時00分
",1,35.7053738,139.657904,東京,中野駅,718,中野駅,1,杉並区,高円寺,高円寺,area:高円寺|station:中野駅|feature:24h,
蒲田COZYレンタルダンススタジオ,〒144-0052 東京都大田区蒲田５丁目６?１２ イワシタビル 2F,,https://cozy.studiosquare.jp/,03-5822-4050,"2024-02-29 木曜日 24 時間営業
2024-03-01 金曜日 24 時間営業
2024-03-02 土曜日 24 時間営業
2024-03-03 日曜日 24 時間営業
2024-03-04 月曜日 24 時間営業
2024-03-05 火曜日 24 時間営業
2024-03-06 水曜日 24 時間営業
",1,35.5635677,139.7185475,東京,蒲田駅,257,蒲田駅,1,大田区,蒲田,蒲田,area:蒲田|station:蒲田駅|feature:24h,
吉祥寺 レンタルスタジオ LC Rental,〒180-0004 東京都武蔵野市吉祥寺本町１丁目２４?７ 吉祥寺光ビル 6F,,http://lcrental.xyz/,0422-29-3095,"2024-02-29 木曜日 11時30分～22時00分
2024-03-01 金曜日 10時30分～22時00分
2024-03-02 土曜日 11時30分～22時00分
2024-03-03 日曜日 10時30分～22時00分
2024-03-04 月曜日 定休日
2024-03-05 火曜日 11時30分～22時00分
2024-03-06 水曜日 11時30分～22時00分
",1,35.703487,139.5814103,東京,吉祥寺駅,146,吉祥寺駅,1,武蔵野市,吉祥寺,吉祥寺,area:吉祥寺|station:吉祥寺駅|feature:24h,
吉祥寺 吉すた レンタルスタジオ,〒180-0003 東京都武蔵野市吉祥寺南町２丁目２０?８ Ｋ＆Ｆビル 1Ｆ,,https://kichijoji.studiosquare.jp/,03-5822-4050,"2024-02-29 木曜日 7時00分～23時00分
2024-03-01 金曜日 7時00分～23時00分
2024-03-02 土曜日 7時00分～23時00分
2024-03-03 日曜日 7時00分～23時00分
2024-03-04 月曜日 7時00分～23時00分
2024-03-05 火曜日 7時00分～23時00分
2024-03-06 水曜日 7時00分～23時00分
",1,35.7003339,139.5850369,東京,吉祥寺駅,564,吉祥寺駅,1,武蔵野市,吉祥寺,吉祥寺,area:吉祥寺|station:吉祥寺駅|feature:24h,
吉祥寺 三鷹 モリノスタジオ,〒181-0013 東京都三鷹市下連雀１丁目１７?４ GRATO井の頭公園 2F,,https://morino.studiosquare.jp/,03-5822-4050,"2024-02-29 木曜日 7時00分～0時00分
2024-03-01 金曜日 7時00分～0時00分
2024-03-02 土曜日 7時00分～0時00分
2024-03-03 日曜日 7時00分～0時00分
2024-03-04 月曜日 7時00分～0時00分
2024-03-05 火曜日 7時00分～0時00分
2024-03-06 水曜日 7時00分～0時00分
",1,35.6984815,139.5700729,東京,三鷹駅,923,三鷹駅|吉祥寺駅,2,三鷹市,三鷹,三鷹,area:三鷹|station:三鷹駅|station:吉祥寺駅|feature:24h,
吉祥寺スタジオ・レダ,〒180-0002 東京都武蔵野市吉祥寺東町１丁目１１?１８ Ｍビル 2F,,http://www.studioleda.com/,0422-23-7227,"2024-02-29 木曜日 10時00分～23時00分
2024-03-01 金曜日 10時00分～23時00分
2024-03-02 土曜日 10時00分～23時00分
2024-03-03 日曜日 10時00分～23時00分
2024-03-04 月曜日 10時00分～23時00分
2024-03-05 火曜日 10時00分～23時00分
2024-03-06 水曜日 10時00分～23時00分
",1,35.7056217,139.5835092,東京,吉祥寺駅,430,吉祥寺駅,1,武蔵野市,吉祥寺,吉祥寺,area:吉祥寺|station:吉祥寺駅|feature:24h,
吉祥寺ダンスガレージ レンタルスタジオ,〒180-0003 東京都武蔵野市吉祥寺南町２丁目２９?１２ 1F 東伸自動車株式会社ビル,,https://garage.studiosquare.jp/,03-5822-4050,"2024-02-29 木曜日 7時00分～22時00分
2024-03-01 金曜日 7時00分～22時00分
2024-03-02 土曜日 7時00分～22時00分
2024-03-03 日曜日 7時00分～22時00分
2024-03-04 月曜日 7時00分～22時00分
2024-03-05 火曜日 7時00分～22時00分
2024-03-06 水曜日 7時00分～22時00分
",1,35.700233,139.585428,東京,吉祥寺駅,599,吉祥寺駅,1,武蔵野市,吉祥寺,吉祥寺,area:吉祥寺|station:吉祥寺駅|feature:24h,
吉祥寺ダンススタジオ【STUDIO55】スタジオゴーゴー,〒180-0004 東京都武蔵野市吉祥寺本町１丁目３３?１０ 丸二ビル,,https://www.studio55.tv/,0422-27-5514,"LGBTQ フレンドリー2024-02-29 木曜日 10時00分～20時00分
2024-03-01 金曜日 10時00分～20時00分
2024-03-02 土曜日 11時00分～18時00分
2024-03-03 日曜日 定休日
2024-03-04 月曜日 10時00分～20時00分
2024-03-05 火曜日 10時00分～20時00分
2024-03-06 水曜日 10時00分～21時30分
",1,35.7050103,139.5837722,東京,吉祥寺駅,410,吉祥寺駅,1,武蔵野市,吉祥寺,吉祥寺,area:吉祥寺|station:吉祥寺駅|feature:24h,
吉祥寺レンタルスペース[Studio Amrita WEST],"吉祥寺藤彩ビル B1, ２丁目-１７-１２ 吉祥寺本町 武蔵野市 東京都 180-0004",,http://rental.studioamrita.com/,0422-23-6611,"LGBTQ フレンドリー2024-02-29 木曜日 5時00分～23時00分
2024-03-01 金曜日 5時00分～23時00分
2024-03-02 土曜日 5時00分～23時00分
2024-03-03 日曜日 5時00分～23時00分
2024-03-04 月曜日 5時00分～23時00分
2024-03-05 火曜日 5時00分～23時00分
2024-03-06 水曜日 5時00分～23時00分
",1,35.7044683,139.5762962,東京,吉祥寺駅,353,吉祥寺駅,1,武蔵野市,吉祥寺,吉祥寺,area:吉祥寺|station:吉祥寺駅|feature:24h,
宮益坂十間スタジオ,〒150-0002 東京都渋谷区渋谷１丁目１０?７ Ⅲ B1 (受付・Bスタジオ)、北館5F(Aスタジオ 宮益坂Stビル,,http://www.jikkenst.com/,03-6712-5853,"2024-02-29 木曜日 9時00分～23時00分
2024-03-01 金曜日 9時00分～23時00分
2024-03-02 土曜日 9時00分～23時00分
2024-03-03 日曜日 9時00分～23時00分
2024-03-04 月曜日 9時00分～23時00分
2024-03-05 火曜日 9時00分～23時00分
2024-03-06 水曜日 9時00分～23時00分
",1,35.6605025,139.7049533,東京,渋谷駅,406,渋谷駅|表参道駅|原宿駅,3,渋谷区,渋谷,渋谷|恵比寿|代官山|原宿,area:渋谷|station:渋谷駅|station:表参道駅|station:原宿駅|feature:24h,
宮地楽器 MUSIC JOY 府中 ヤマハ音楽教室,〒183-0023 東京都府中市宮町１丁目１００ ル・シーニュ 4F,,http://www.miyajimusic.com/school/mjfuchu/,042-352-8885,"2024-02-29 木曜日 10時00分～20時50分
2024-03-01 金曜日 10時00分～20時50分
2024-03-02 土曜日 10時00分～20時50分
2024-03-03 日曜日 10時00分～18時00分
2024-03-04 月曜日 10時00分～20時50分
2024-03-05 火曜日 10時00分～20時50分
2024-03-06 水曜日 10時00分～20時50分
",1,35.6718027,139.4796255,東京,府中駅,430,府中駅,1,府中市,府中,府中,area:府中|station:府中駅|feature:24h,
宮地楽器 国分寺センター,〒185-0021 東京都国分寺市南町３丁目１２?２ 国分寺宮地ビル,,https://www.miyajimusic.com/school/kokubunji/,042-321-2821,"2024-02-29 木曜日 10時00分～21時00分
2024-03-01 金曜日 10時00分～21時00分
2024-03-02 土曜日 10時00分～21時00分
2024-03-03 日曜日 10時00分～14時00分
2024-03-04 月曜日 10時00分～21時00分
2024-03-05 火曜日 10時00分～21時00分
2024-03-06 水曜日 10時00分～21時00分
",1,35.6978153,139.4799262,東京,国分寺駅,316,国分寺駅,1,国分寺市,国分寺,国分寺,area:国分寺|station:国分寺駅|feature:24h,
GUIDANCE DANCE STUDIO,〒987-0702 宮城県登米市登米町寺池目子待井34,,https://www.guidance-studio.com/,,"2024-02-29 木曜日 18時30分～22時00分
2024-03-01 金曜日 17時30分～22時00分
2024-03-02 土曜日 15時30分～22時00分
2024-03-03 日曜日 定休日
2024-03-04 月曜日 定休日
2024-03-05 火曜日 16時30分～22時00分
2024-03-06 水曜日 18時30分～22時00分
",1,38.6563261,141.2764825,東京,なし,,,0,その他,その他,その他,feature:24h,
京橋ララサロン（KYOBASHI LALA SALON）,〒104-0032 東京都中央区八丁堀２丁目１９?６ ヤサカ八丁堀ビルB1,,https://www.instabase.jp/space/2350926945,03-4288-8680,"2024-02-29 木曜日 7時00分～23時00分
2024-03-01 金曜日 7時00分～23時00分
2024-03-02 土曜日 7時00分～23時00分
2024-03-03 日曜日 7時00分～23時00分
2024-03-04 月曜日 7時00分～23時00分
2024-03-05 火曜日 7時00分～23時00分
2024-03-06 水曜日 7時00分～23時00分
",1,35.6757523,139.7763914,東京,東京駅,1036,東京駅|有楽町駅,2,中央区,銀座,銀座|日本橋|八丁堀|月島,area:銀座|station:東京駅|station:有楽町駅|feature:24h,
鏡陽司ダンススタジオ,〒187-0035 東京都小平市小川西町３丁目１９?１ ハイム?Ⅱビル １F,,https://www.dancehall-k.com/,042-344-7177,,1,35.7401647,139.4629057,東京,なし,,,0,小平市,小平,小平,area:小平,
金町 レンタルスタジオ ダンスロッヂ,〒125-0042 東京都葛飾区金町６丁目１２?１３ セザール金町マンション １０１,,https://lodge.studiosquare.jp/,03-5822-4050,"2024-02-29 木曜日 24 時間営業
2024-03-01 金曜日 24 時間営業
2024-03-02 土曜日 24 時間営業
2024-03-03 日曜日 24 時間営業
2024-03-04 月曜日 24 時間営業
2024-03-05 火曜日 24 時間営業
2024-03-06 水曜日 24 時間営業
",1,35.7688042,139.8743656,東京,なし,,,0,葛飾区,新小岩,新小岩,area:新小岩|feature:24h,
金町カフェレンタルスタジオ,〒125-0041 東京都葛飾区東金町１丁目３８?４ ニュー金町ビル ４F,,https://kanamachi.inforent.jp/,03-5822-4050,"2024-02-29 木曜日 24 時間営業
2024-03-01 金曜日 24 時間営業
2024-03-02 土曜日 24 時間営業
2024-03-03 日曜日 24 時間営業
2024-03-04 月曜日 24 時間営業
2024-03-05 火曜日 24 時間営業
2024-03-06 水曜日 24 時間営業
",1,35.7709014,139.8716255,東京,なし,,,0,葛飾区,新小岩,新小岩,area:新小岩|feature:24h,
銀座花道スタジオ,〒104-0061 東京都中央区銀座３丁目１４?１８ 小野寺ビル 2F,,https://ginza.studiosquare.jp/,03-5822-4050,"2024-02-29 木曜日 24 時間営業
2024-03-01 金曜日 24 時間営業
2024-03-02 土曜日 24 時間営業
2024-03-03 日曜日 24 時間営業
2024-03-04 月曜日 24 時間営業
2024-03-05 火曜日 24 時間営業
2024-03-06 水曜日 24 時間営業
",1,35.6703878,139.7696322,東京,有楽町駅,772,有楽町駅|新橋駅,2,中央区,銀座,銀座|日本橋|八丁堀|月島,area:銀座|station:有楽町駅|station:新橋駅|feature:24h,
駒場アートワークス,〒153-0041 東京都目黒区駒場２丁目１２?２,,https://www.artworks-st.com/komaba,03-3404-1004,,1,35.657155,139.6812,東京,池尻大橋駅,777,池尻大橋駅,1,目黒区,中目黒,中目黒,area:中目黒|station:池尻大橋駅,
駒沢ダンスガーデン,〒154-0011 東京都世田谷区上馬３丁目７?８,,http://komadaga.la.coocan.jp/,03-3419-9876,"2024-02-29 木曜日 12時00分～21時00分
2024-03-01 金曜日 12時00分～21時00分
2024-03-02 土曜日 12時30分～20時30分
2024-03-03 日曜日 定休日
2024-03-04 月曜日 12時00分～21時00分
2024-03-05 火曜日 12時00分～21時00分
2024-03-06 水曜日 12時00分～21時00分
",1,35.634396,139.663525,東京,三軒茶屋駅,1165,三軒茶屋駅,1,世田谷区,下北沢,下北沢|三軒茶屋|二子玉川|自由が丘,area:下北沢|station:三軒茶屋駅|feature:24h,
恵比寿ガーデンプレイス,〒150-0013 東京都渋谷区恵比寿４丁目２０,,https://gardenplace.jp/,03-5423-7111,"2024-02-29 木曜日 7時00分～0時00分
2024-03-01 金曜日 7時00分～0時00分
2024-03-02 土曜日 7時00分～0時00分
2024-03-03 日曜日 7時00分～0時00分
2024-03-04 月曜日 7時00分～0時00分
2024-03-05 火曜日 7時00分～0時00分
2024-03-06 水曜日 7時00分～0時00分
",1,35.6424892,139.7138345,東京,恵比寿駅,576,恵比寿駅|目黒駅,2,渋谷区,渋谷,渋谷|恵比寿|代官山|原宿,area:渋谷|station:恵比寿駅|station:目黒駅|feature:24h,
恵比寿ガーデンプレイスタワー,〒150-6003 東京都渋谷区恵比寿４丁目２０?３,,https://gardenplace.jp/,03-5423-7111,,1,35.6421979,139.7134251,東京,恵比寿駅,583,恵比寿駅|目黒駅,2,渋谷区,渋谷,渋谷|恵比寿|代官山|原宿,area:渋谷|station:恵比寿駅|station:目黒駅,
恵比寿ヒルサイドスタジオ,〒150-0022 東京都渋谷区恵比寿南２丁目２１?８ 恵比寿ファインヒル B１,,http://ebisustudio.tokyo/studio/,03-5725-7980,"2024-02-29 木曜日 10時00分～23時00分
2024-03-01 金曜日 10時00分～23時00分
2024-03-02 土曜日 10時00分～23時00分
2024-03-03 日曜日 10時00分～23時00分
2024-03-04 月曜日 10時00分～23時00分
2024-03-05 火曜日 10時00分～23時00分
2024-03-06 水曜日 10時00分～23時00分
",1,35.642641,139.7095865,東京,恵比寿駅,453,恵比寿駅|目黒駅,2,渋谷区,渋谷,渋谷|恵比寿|代官山|原宿,area:渋谷|station:恵比寿駅|station:目黒駅|feature:24h,
結城ダンス教室,〒189-0013 東京都東村山市栄町２丁目８?６ 丸鈴ビル,,http://youki-dk.com/,042-395-9518,"2024-02-29 木曜日 13時00分～21時00分
2024-03-01 金曜日 13時00分～21時00分
2024-03-02 土曜日 13時00分～21時00分
2024-03-03 日曜日 定休日
2024-03-04 月曜日 13時00分～21時00分
2024-03-05 火曜日 13時00分～21時00分
2024-03-06 水曜日 13時00分～21時00分
",1,35.7490198,139.4725222,東京,なし,,,0,東村山市,東村山,東村山,area:東村山|feature:24h,
月島スタジオ,〒104-0052 東京都中央区月島１丁目１４?７,,https://www.daikanyamastudio.jp/studio_space/studio_tsukishima/,03-6890-0789,,1,35.6655765,139.781512,東京,なし,,,0,中央区,銀座,銀座|日本橋|八丁堀|月島,area:銀座,
原宿MOA,〒151-0051 東京都渋谷区千駄ケ谷３丁目５１?６ 原宿ＭＯＡ ビルM1F,,https://harajuku.inforent.jp/,03-5822-4050,"2024-02-29 木曜日 7時00分～23時00分
2024-03-01 金曜日 7時00分～23時00分
2024-03-02 土曜日 7時00分～23時00分
2024-03-03 日曜日 7時00分～23時00分
2024-03-04 月曜日 7時00分～23時00分
2024-03-05 火曜日 7時00分～23時00分
2024-03-06 水曜日 7時00分～23時00分
",1,35.6749837,139.7062752,東京,原宿駅,626,原宿駅|代々木駅|外苑前駅,3,渋谷区,渋谷,渋谷|恵比寿|代官山|原宿,area:渋谷|station:原宿駅|station:代々木駅|station:外苑前駅|feature:24h,
ENJOINT DANCE CLUB,〒153-0061 東京都目黒区中目黒３丁目５?１８?３１２,,http://www.enjoint.tokyo/,,,1,35.6395172,139.7019442,東京,恵比寿駅,1086,恵比寿駅,1,目黒区,中目黒,中目黒,area:中目黒|station:恵比寿駅,
御茶ノ水 おちゃすた レンタルスタジオ,〒101-0052 東京都千代田区神田小川町３丁目１４?２ 漢陽ビル Ｂ1Ｆ,,https://ocha.studiosquare.jp/,03-5822-4050,"2024-02-29 木曜日 6時00分～23時00分
2024-03-01 金曜日 6時00分～23時00分
2024-03-02 土曜日 6時00分～23時00分
2024-03-03 日曜日 6時00分～23時00分
2024-03-04 月曜日 6時00分～23時00分
2024-03-05 火曜日 6時00分～23時00分
2024-03-06 水曜日 6時00分～23時00分
",1,35.6964174,139.7609474,東京,なし,,,0,千代田区,秋葉原,秋葉原,area:秋葉原|feature:24h,
Akimotoレンタルスタジオ,〒153-0051 東京都目黒区上目黒１丁目１６?１１ 秋元ビル,,https://www.rentalspace-akimoto.com/,,"2024-02-29 木曜日 9時00分～22時00分
2024-03-01 金曜日 9時00分～22時00分
2024-03-02 土曜日 9時00分～22時00分
2024-03-03 日曜日 9時00分～22時00分
2024-03-04 月曜日 9時00分～22時00分
2024-03-05 火曜日 9時00分～22時00分
2024-03-06 水曜日 9時00分～22時00分
",1,35.6459142,139.6976346,東京,恵比寿駅,1130,恵比寿駅,1,目黒区,中目黒,中目黒,area:中目黒|station:恵比寿駅|feature:24h,
御茶ノ水 レンタルスタジオ,〒101-0062 東京都千代田区神田駿河台２丁目６?１５ ４Ｆ,,https://ochanomizu.inforent.jp/,03-5822-4050,"2024-02-29 木曜日 24 時間営業
2024-03-01 金曜日 24 時間営業
2024-03-02 土曜日 24 時間営業
2024-03-03 日曜日 24 時間営業
2024-03-04 月曜日 24 時間営業
2024-03-05 火曜日 24 時間営業
2024-03-06 水曜日 24 時間営業
",1,35.6995302,139.764411,東京,秋葉原駅,891,秋葉原駅,1,千代田区,秋葉原,秋葉原,area:秋葉原|station:秋葉原駅|feature:24h,
御殿山永谷ダンススタジオ,〒180-0005 東京都武蔵野市御殿山１丁目６?４ 太陽ビル,,http://www.ntgp.co.jp/,0422-21-9325,,1,35.702696,139.576568,東京,吉祥寺駅,301,吉祥寺駅,1,武蔵野市,吉祥寺,吉祥寺,area:吉祥寺|station:吉祥寺駅,
広尾ピースオブモダンダンススタジオ,〒106-0047 東京都港区南麻布５丁目１３?１２,,https://pomdance.com/,03-6277-1052,"2024-02-29 木曜日 10時00分～18時00分
2024-03-01 金曜日 10時00分～18時00分
2024-03-02 土曜日 10時00分～18時00分
2024-03-03 日曜日 10時00分～18時00分
2024-03-04 月曜日 定休日
2024-03-05 火曜日 10時00分～18時00分
2024-03-06 水曜日 10時00分～18時00分
",1,35.6522003,139.7234528,東京,麻布十番駅,1038,麻布十番駅,1,港区,六本木,六本木|赤坂|麻布|新橋,area:六本木|station:麻布十番駅|feature:24h,
江古田ダンスアカデミー,〒176-0006 東京都練馬区４６ 栄町46-1東和ビル2階,,http://www.ekoda-dance.com/,03-6914-5165,"2024-02-29 木曜日 12時00分～22時00分
2024-03-01 金曜日 12時00分～22時00分
2024-03-02 土曜日 12時00分～18時00分
2024-03-03 日曜日 定休日
2024-03-04 月曜日 12時00分～22時00分
2024-03-05 火曜日 12時00分～22時00分
2024-03-06 水曜日 12時00分～22時00分
",1,35.7399733,139.6692296,東京,なし,,,0,練馬区,練馬,練馬,area:練馬|feature:24h,
高円寺 フェニックス レンタルスタジオ,〒166-0003 東京都杉並区高円寺南２丁目５３?１,,https://phoenix.studiosquare.jp/,03-5822-4050,"2024-02-29 木曜日 24 時間営業
2024-03-01 金曜日 24 時間営業
2024-03-02 土曜日 24 時間営業
2024-03-03 日曜日 24 時間営業
2024-03-04 月曜日 24 時間営業
2024-03-05 火曜日 24 時間営業
2024-03-06 水曜日 24 時間営業
",1,35.7017166,139.6536548,東京,中野駅,1189,中野駅,1,杉並区,高円寺,高円寺,area:高円寺|station:中野駅|feature:24h,
高円寺・中野レンタルダンススタジオEmotions,〒166-0002 東京都杉並区高円寺北１丁目３?２,,https://studio-emotions.com/,03-6382-5933,"2024-02-29 木曜日 24 時間営業
2024-03-01 金曜日 24 時間営業
2024-03-02 土曜日 24 時間営業
2024-03-03 日曜日 24 時間営業
2024-03-04 月曜日 24 時間営業
2024-03-05 火曜日 24 時間営業
2024-03-06 水曜日 24 時間営業
",1,35.7055579,139.6550921,東京,中野駅,971,中野駅,1,杉並区,高円寺,高円寺,area:高円寺|station:中野駅|feature:24h,
高円寺スタジオ,〒166-0002 東京都杉並区高円寺北２丁目７?７ 地下１階 高円寺名店ビル,,https://kouenji-studio.com/,03-3337-5116,"2024-02-29 木曜日 9時00分～22時00分
2024-03-01 金曜日 9時00分～22時00分
2024-03-02 土曜日 9時00分～22時00分
2024-03-03 日曜日 9時00分～22時00分
2024-03-04 月曜日 9時00分～22時00分
2024-03-05 火曜日 9時00分～22時00分
2024-03-06 水曜日 9時00分～22時00分
",1,35.7066248,139.6499137,東京,なし,,,0,杉並区,高円寺,高円寺,area:高円寺|feature:24h,
高円寺フェニックススタジオ,〒166-0003 東京都杉並区５３ 高円寺南2-53-1 FLAT・KOU1階,,http://phoenix.studiosquare.jp/,03-5822-4050,"2024-02-29 木曜日 24 時間営業
2024-03-01 金曜日 24 時間営業
2024-03-02 土曜日 24 時間営業
2024-03-03 日曜日 24 時間営業
2024-03-04 月曜日 24 時間営業
2024-03-05 火曜日 24 時間営業
2024-03-06 水曜日 24 時間営業
",1,35.7016409,139.6536473,東京,中野駅,1193,中野駅,1,杉並区,高円寺,高円寺,area:高円寺|station:中野駅|feature:24h,
高田馬場 ペガサス,〒171-0033 東京都豊島区高田３丁目１３?８ 吉見ビル 2F,,https://pegasus.studiosquare.jp/,03-5822-4050,"2024-02-29 木曜日 6時00分～0時00分
2024-03-01 金曜日 6時00分～0時00分
2024-03-02 土曜日 6時00分～0時00分
2024-03-03 日曜日 6時00分～0時00分
2024-03-04 月曜日 6時00分～0時00分
2024-03-05 火曜日 6時00分～0時00分
2024-03-06 水曜日 6時00分～0時00分
",1,35.7152739,139.7055344,東京,高田馬場駅,368,高田馬場駅,1,豊島区,池袋,池袋|目白|大塚|巣鴨,area:池袋|station:高田馬場駅|feature:24h,
麹町スタジオ,〒102-0093 東京都千代田区平河町１丁目５?１６ アオキスタジオビル,,http://www.kpla.co.jp/studio/,03-3264-3951,"2024-02-29 木曜日 24 時間営業
2024-03-01 金曜日 24 時間営業
2024-03-02 土曜日 24 時間営業
2024-03-03 日曜日 24 時間営業
2024-03-04 月曜日 24 時間営業
2024-03-05 火曜日 24 時間営業
2024-03-06 水曜日 24 時間営業
",1,35.6825305,139.7392202,東京,赤坂駅,1023,赤坂駅,1,千代田区,秋葉原,秋葉原,area:秋葉原|station:赤坂駅|feature:24h,
国分寺 プレイス レンタルスタジオ,〒185-0021 東京都国分寺市南町３丁目３?２０ ロイヤルプレイス南町 B1,,https://kokubunji.studiosquare.jp/,03-5822-4050,"2024-02-29 木曜日 24 時間営業
2024-03-01 金曜日 24 時間営業
2024-03-02 土曜日 24 時間営業
2024-03-03 日曜日 24 時間営業
2024-03-04 月曜日 24 時間営業
2024-03-05 火曜日 24 時間営業
2024-03-06 水曜日 24 時間営業
",1,35.6974808,139.4784564,東京,国分寺駅,404,国分寺駅,1,国分寺市,国分寺,国分寺,area:国分寺|station:国分寺駅|feature:24h,
国立ミュージカルスタジオ,〒186-0002 東京都国立市東１丁目１?１?２９ 第2いちやまハイツ 3F,,http://un-even.com/,042-505-5968,"2024-02-29 木曜日 10時00分～19時00分
2024-03-01 金曜日 10時00分～19時00分
2024-03-02 土曜日 10時00分～19時00分
2024-03-03 日曜日 10時00分～19時00分
2024-03-04 月曜日 10時00分～19時00分
2024-03-05 火曜日 10時00分～19時00分
2024-03-06 水曜日 10時00分～19時00分
",1,35.6990531,139.4479896,東京,なし,,,0,国立市,国立,国立,area:国立|feature:24h,
佐々木隆子タップダンススタジオ（蒲田本部スタジオ）,〒144-0035 東京都大田区南蒲田３丁目８?３０,,https://gooschool.jp/sc/7104147/sh0001/,090-1794-0992,"2024-02-29 木曜日 10時00分～19時00分
2024-03-01 金曜日 10時00分～19時00分
2024-03-02 土曜日 10時00分～19時00分
2024-03-03 日曜日 10時00分～19時00分
2024-03-04 月曜日 10時00分～19時00分
2024-03-05 火曜日 10時00分～19時00分
2024-03-06 水曜日 10時00分～19時00分
",1,35.554262,139.725079,東京,なし,,,0,大田区,蒲田,蒲田,area:蒲田|feature:24h,
タイムズ東京タワーサイド第２,〒105-0011 東京都港区芝公園４丁目４,,https://times-info.net/P13-tokyo/C103/park-detail-BUK0032408/?utm_source=detail&utm_medium=map&utm_campaign=mybusiness,,"2024-02-29 木曜日 24 時間営業
2024-03-01 金曜日 24 時間営業
2024-03-02 土曜日 24 時間営業
2024-03-03 日曜日 24 時間営業
2024-03-04 月曜日 24 時間営業
2024-03-05 火曜日 24 時間営業
2024-03-06 水曜日 24 時間営業
",1,35.657583,139.744461,東京,麻布十番駅,954,麻布十番駅|浜松町駅,2,港区,六本木,六本木|赤坂|麻布|新橋,area:六本木|station:麻布十番駅|station:浜松町駅|feature:24h,
桜丘けい子ジャズダンススタジオ,〒275-0016 千葉県習志野市１１ 習志野市津田沼２丁目１１?２０ ハイツエバグリーン津田沼二号棟 1F,,https://sakuraokajazz.wixsite.com/sakujazz,047-475-5696,,1,35.687679,140.02412,東京,なし,,,0,その他,その他,その他,,
撮影スタジオ【スタジオトランバネーロ】,〒115-0045 東京都北区赤羽１丁目５１?４ 赤銀ビル 201号,,http://studio-tranbanero.jp/,070-4762-9950,"LGBTQ フレンドリー2024-02-29 木曜日 9時00分～22時00分
2024-03-01 金曜日 9時00分～22時00分
2024-03-02 土曜日 9時00分～22時00分
2024-03-03 日曜日 9時00分～22時00分
2024-03-04 月曜日 9時00分～22時00分
2024-03-05 火曜日 9時00分～22時00分
2024-03-06 水曜日 9時00分～22時00分
",1,35.783066,139.7215267,東京,赤羽駅,662,赤羽駅,1,北区,赤羽,赤羽,area:赤羽|station:赤羽駅|feature:24h,
三浦恵子ダンススタジオ,〒444-0931 愛知県岡崎市大和町平野２２,,http://www.miura-ds.com/,0564-32-6095,,1,34.9497407,137.1290588,東京,なし,,,0,その他,その他,その他,,
三軒茶屋 銀杏の葉 レンタルダンススタジオ,〒154-0004 東京都世田谷区太子堂１丁目４?３３ アークビル 3F,,https://icho.studiosquare.jp/,03-5822-4050,"2024-02-29 木曜日 24 時間営業
2024-03-01 金曜日 24 時間営業
2024-03-02 土曜日 24 時間営業
2024-03-03 日曜日 24 時間営業
2024-03-04 月曜日 24 時間営業
2024-03-05 火曜日 24 時間営業
2024-03-06 水曜日 24 時間営業
",1,35.6465445,139.6773692,東京,池尻大橋駅,750,池尻大橋駅|三軒茶屋駅,2,世田谷区,下北沢,下北沢|三軒茶屋|二子玉川|自由が丘,area:下北沢|station:池尻大橋駅|station:三軒茶屋駅|feature:24h,
三軒茶屋リーフスタジオ,〒154-0004 東京都世田谷区太子堂３丁目１４?８ 太子堂COMPLEX 3F 300号室,,http://leaf.studiosquare.jp/,03-5822-4050,"2024-02-29 木曜日 24 時間営業
2024-03-01 金曜日 24 時間営業
2024-03-02 土曜日 24 時間営業
2024-03-03 日曜日 24 時間営業
2024-03-04 月曜日 24 時間営業
2024-03-05 火曜日 24 時間営業
2024-03-06 水曜日 24 時間営業
",1,35.6471884,139.6695842,東京,三軒茶屋駅,385,三軒茶屋駅,1,世田谷区,下北沢,下北沢|三軒茶屋|二子玉川|自由が丘,area:下北沢|station:三軒茶屋駅|feature:24h,
三鷹イレブン会館 永谷ダンススタジオ 貸会議室,〒180-0006 東京都武蔵野市中町２丁目１３?１,,http://www.ntgp.co.jp/,0422-21-9325,,1,35.704929,139.563459,東京,三鷹駅,397,三鷹駅,1,武蔵野市,吉祥寺,吉祥寺,area:吉祥寺|station:三鷹駅,
山県順子モダンバレエスタジオ,〒140-0014 東京都品川区大井３丁目４?８,,http://www.yoriko-dance.com/index.html,03-3773-7355,,1,35.6033341,139.7322519,東京,大井町駅,419,大井町駅,1,品川区,品川,品川|五反田|大井町|目黒,area:品川|station:大井町駅,
山田誠ダンススタジオ,〒190-0012 東京都立川市曙町２丁目３２?２ 中山本社ビル,,http://www7b.biglobe.ne.jp/~yamadamakotodance/,042-525-1588,"2024-02-29 木曜日 13時00分～21時00分
2024-03-01 金曜日 13時00分～21時00分
2024-03-02 土曜日 12時00分～18時00分
2024-03-03 日曜日 定休日
2024-03-04 月曜日 定休日
2024-03-05 火曜日 13時00分～21時00分
2024-03-06 水曜日 13時00分～21時00分
",1,35.701669,139.415768,東京,立川駅,441,立川駅,1,立川市,立川,立川,area:立川|station:立川駅|feature:24h,
仕田原 京 バレエスタジオ,〒158-0082 東京都世田谷区等々力２丁目１８?７,,http://www.miyako-ballet.biz/,03-5707-0863,,1,35.6064433,139.652524,東京,なし,,,0,世田谷区,下北沢,下北沢|三軒茶屋|二子玉川|自由が丘,area:下北沢,
寺島ゆかりバレエクラス スタジオ マカロン,〒154-0022 東京都世田谷区梅丘１丁目２０?９ 梅ヶ丘プラザ 2F,,http://macaron-ballet.jp/,080-4345-1102,"オーナーが女性と確認されたビジネス2024-02-29 木曜日 9時00分～14時00分
2024-03-01 金曜日 9時00分～14時00分
2024-03-02 土曜日 10時00分～14時15分
2024-03-03 日曜日 10時00分～14時45分
2024-03-04 月曜日 9時00分～14時00分
2024-03-05 火曜日 9時00分～14時00分
2024-03-06 水曜日 定休日
",1,35.6555028,139.6543245,東京,なし,,,0,世田谷区,下北沢,下北沢|三軒茶屋|二子玉川|自由が丘,area:下北沢|feature:24h,
自由が丘 セレナヴィータ レンタルスタジオ,〒152-0035 東京都目黒区自由が丘２丁目３?１２ ２Ｆ－Ｂ セレナヴィータ自由が丘,,https://jiyugaoka.studiosquare.jp/,03-5822-4050,"2024-02-29 木曜日 24 時間営業
2024-03-01 金曜日 24 時間営業
2024-03-02 土曜日 24 時間営業
2024-03-03 日曜日 24 時間営業
2024-03-04 月曜日 24 時間営業
2024-03-05 火曜日 24 時間営業
2024-03-06 水曜日 24 時間営業
",1,35.6124756,139.666698,東京,自由が丘駅,608,自由が丘駅,1,目黒区,中目黒,中目黒,area:中目黒|station:自由が丘駅|feature:24h,
自由が丘バレエレンタルスタジオ＆ピアノスタジオ 『バレット＆ピアノフォルテ』,〒158-0083 東京都世田谷区奥沢１丁目４４?２ 山里ビル,,http://balletto-pianoforte.com/,03-5499-5228,,1,35.6036891,139.6796269,東京,自由が丘駅,1049,自由が丘駅,1,世田谷区,下北沢,下北沢|三軒茶屋|二子玉川|自由が丘,area:下北沢|station:自由が丘駅,
自由が丘フラスタジオ LAKI ALOHA,〒158-0083 東京都世田谷区奥沢２丁目４５?８,,https://lakialoha.com/,050-5328-4863,"LGBTQ フレンドリー2024-02-29 木曜日 定休日
2024-03-01 金曜日 9時00分～20時00分
2024-03-02 土曜日 9時00分～20時00分
2024-03-03 日曜日 9時00分～20時00分
2024-03-04 月曜日 9時00分～20時00分
2024-03-05 火曜日 9時00分～20時00分
2024-03-06 水曜日 9時00分～20時00分
",1,35.6083453,139.6753916,東京,自由が丘駅,597,自由が丘駅,1,世田谷区,下北沢,下北沢|三軒茶屋|二子玉川|自由が丘,area:下北沢|station:自由が丘駅|feature:24h,
舎人公園 ドッグラン,〒121-0837 東京都足立区舎人公園１,,https://www.tokyo-park.or.jp/park/format/facilities024.html,03-3857-2308,"2024-02-29 木曜日 24 時間営業
2024-03-01 金曜日 24 時間営業
2024-03-02 土曜日 24 時間営業
2024-03-03 日曜日 24 時間営業
2024-03-04 月曜日 24 時間営業
2024-03-05 火曜日 24 時間営業
2024-03-06 水曜日 24 時間営業
",1,35.7979623,139.7696325,東京,なし,,,0,足立区,北千住,北千住,area:北千住|feature:24h,
舎人公園陸上競技場,〒121-0837 東京都足立区舎人公園１?１,,https://www.tokyo-park.or.jp/park/format/facilities024.html,03-3857-2308,,1,35.8006046,139.7690029,東京,なし,,,0,足立区,北千住,北千住,area:北千住,
社交ダンススタジオリハーサル,〒208-0023 東京都武蔵村山市伊奈平６丁目２２?４,,http://www.st-rehearsal.com/,042-560-3027,"2024-02-29 木曜日 10時00分～21時00分
2024-03-01 金曜日 10時00分～21時00分
2024-03-02 土曜日 10時00分～20時00分
2024-03-03 日曜日 定休日
2024-03-04 月曜日 10時00分～21時00分
2024-03-05 火曜日 10時00分～21時00分
2024-03-06 水曜日 10時00分～21時00分
",1,35.7425765,139.3737401,東京,なし,,,0,武蔵村山市,武蔵村山,武蔵村山,area:武蔵村山|feature:24h,
社交ダンス教室セイブグローリーダンス,〒152-0002 東京都目黒区目黒本町５丁目２３?１８ セブンゲイツ １F,,http://www.s-glory-dance.com/,03-6666-7155,"2024-02-29 木曜日 13時00分～20時00分
2024-03-01 金曜日 13時00分～20時00分
2024-03-02 土曜日 13時00分～20時00分
2024-03-03 日曜日 定休日
2024-03-04 月曜日 13時00分～20時00分
2024-03-05 火曜日 13時00分～20時00分
2024-03-06 水曜日 13時00分～20時00分
",1,35.6184563,139.69825,東京,なし,,,0,目黒区,中目黒,中目黒,area:中目黒|feature:24h,
秋葉原スクエアスタジオ,〒111-0053 東京都台東区浅草橋５丁目３?２ 秋葉原スクエアビル 1F,,https://akihabara2.inforent.jp/,03-5822-4050,"2024-02-29 木曜日 24 時間営業
2024-03-01 金曜日 24 時間営業
2024-03-02 土曜日 24 時間営業
2024-03-03 日曜日 24 時間営業
2024-03-04 月曜日 24 時間営業
2024-03-05 火曜日 24 時間営業
2024-03-06 水曜日 24 時間営業
",1,35.6993109,139.7809854,東京,秋葉原駅,615,秋葉原駅|蔵前駅,2,台東区,上野,上野|浅草|御徒町|蔵前,area:上野|station:秋葉原駅|station:蔵前駅|feature:24h,
Studio Sun-Sea,〒124-0006 東京都葛飾区堀切４丁目１１?２ 堀学ビル 302号室,,https://studiorentalspace-sun-sea.com/,,"2024-02-29 木曜日 8時00分～23時00分
2024-03-01 金曜日 8時00分～23時00分
2024-03-02 土曜日 8時00分～23時00分
2024-03-03 日曜日 8時00分～23時00分
2024-03-04 月曜日 8時00分～23時00分
2024-03-05 火曜日 8時00分～23時00分
2024-03-06 水曜日 8時00分～23時00分
",1,35.7475366,139.8264678,東京,なし,,,0,葛飾区,新小岩,新小岩,area:新小岩|feature:24h,
秋葉原ブルーハス レンタルスタジオ,〒110-0006 東京都台東区秋葉原３?１０ 東京商会秋葉原ビルB1階,,https://akihabara.inforent.jp/,03-5822-4050,"2024-02-29 木曜日 24 時間営業
2024-03-01 金曜日 24 時間営業
2024-03-02 土曜日 24 時間営業
2024-03-03 日曜日 24 時間営業
2024-03-04 月曜日 24 時間営業
2024-03-05 火曜日 24 時間営業
2024-03-06 水曜日 24 時間営業
",1,35.7021507,139.7750878,東京,秋葉原駅,393,秋葉原駅,1,台東区,上野,上野|浅草|御徒町|蔵前,area:上野|station:秋葉原駅|feature:24h,
秋葉原レッスンスタジオてらこや,〒101-0025 東京都千代田区神田佐久間町３丁目３１?３,,https://teracoya.tokyo/,03-5829-9431,"2024-02-29 木曜日 10時00分～23時00分
2024-03-01 金曜日 10時00分～23時00分
2024-03-02 土曜日 10時00分～22時00分
2024-03-03 日曜日 10時00分～22時00分
2024-03-04 月曜日 10時00分～23時00分
2024-03-05 火曜日 10時00分～23時00分
2024-03-06 水曜日 10時00分～23時00分
",1,35.6986319,139.7781978,東京,秋葉原駅,359,秋葉原駅,1,千代田区,秋葉原,秋葉原,area:秋葉原|station:秋葉原駅|feature:24h,
秋葉原レンタルスペース.東京,〒101-0021 東京都千代田区外神田５丁目５?７ パンセ秋葉原 B1F,,https://www.akihabara-rental-space.tokyo/,03-6684-9954,,1,35.7042504,139.7727759,東京,秋葉原駅,633,秋葉原駅|上野駅,2,千代田区,秋葉原,秋葉原,area:秋葉原|station:秋葉原駅|station:上野駅,
渋谷 EYE CANDY,〒150-0011 東京都渋谷区東１丁目２４?８ トキワマツ72ビル A号,,http://www.eyecandypole.com/,03-3377-0507,"2024-02-29 木曜日 12時00分～21時00分
2024-03-01 金曜日 12時00分～21時00分
2024-03-02 土曜日 12時00分～21時00分
2024-03-03 日曜日 12時00分～21時00分
2024-03-04 月曜日 12時00分～21時00分
2024-03-05 火曜日 12時00分～21時00分
2024-03-06 水曜日 12時00分～21時00分
",1,35.6548366,139.7080393,東京,渋谷駅,679,渋谷駅|恵比寿駅,2,渋谷区,渋谷,渋谷|恵比寿|代官山|原宿,area:渋谷|station:渋谷駅|station:恵比寿駅|feature:24h,
渋谷 レンタルスタジオ スタジオミッション studio mission,〒150-0043 東京都渋谷区道玄坂２丁目２８?５ 2-10F 渋谷道玄坂ビル 秀永,,http://www.studio-mission.com/,03-6823-4800,"LGBTQ フレンドリー2024-02-29 木曜日 10時00分～6時00分
2024-03-01 金曜日 10時00分～6時00分
2024-03-02 土曜日 9時00分～6時00分
2024-03-03 日曜日 9時00分～6時00分
2024-03-04 月曜日 10時00分～6時00分
2024-03-05 火曜日 10時00分～6時00分
2024-03-06 水曜日 10時00分～6時00分
",1,35.6589009,139.6972998,東京,渋谷駅,403,渋谷駅,1,渋谷区,渋谷,渋谷|恵比寿|代官山|原宿,area:渋谷|station:渋谷駅|feature:24h,
渋谷・代官山・バレエ,〒150-0034 東京都渋谷区代官山町７?５ ブリルビル,,https://shibuya-daikanyama-ballet.com/,03-6455-2879,,1,35.6512363,139.7053257,東京,恵比寿駅,665,恵比寿駅|渋谷駅,2,渋谷区,渋谷,渋谷|恵比寿|代官山|原宿,area:渋谷|station:恵比寿駅|station:渋谷駅,
渋谷RIZEスタジオ,〒150-0041 東京都渋谷区神南１丁目１３?４ Idoビル 2階A号室,,http://shibuya-rize.com/,080-3095-0108,"LGBTQ フレンドリー2024-02-29 木曜日 24 時間営業
2024-03-01 金曜日 24 時間営業
2024-03-02 土曜日 24 時間営業
2024-03-03 日曜日 24 時間営業
2024-03-04 月曜日 24 時間営業
2024-03-05 火曜日 24 時間営業
2024-03-06 水曜日 24 時間営業
",1,35.6631787,139.700451,東京,渋谷駅,582,渋谷駅|原宿駅|表参道駅,3,渋谷区,渋谷,渋谷|恵比寿|代官山|原宿,area:渋谷|station:渋谷駅|station:原宿駅|station:表参道駅|feature:24h,
渋谷笹塚スタジオ,〒151-0073 東京都渋谷区笹塚１丁目５８?６ マルシンビル6F,,http://sasazuka.inforent.jp/,03-5822-4050,"2024-02-29 木曜日 24 時間営業
2024-03-01 金曜日 24 時間営業
2024-03-02 土曜日 24 時間営業
2024-03-03 日曜日 24 時間営業
2024-03-04 月曜日 24 時間営業
2024-03-05 火曜日 24 時間営業
2024-03-06 水曜日 24 時間営業
",1,35.673809,139.665888,東京,なし,,,0,渋谷区,渋谷,渋谷|恵比寿|代官山|原宿,area:渋谷|feature:24h,
BUZZ レンタルスタジオ 日暮里店,〒116-0014 東京都荒川区東日暮里６丁目６０?９ 日暮里駅前ビル B1F,,https://buzz-st.com/nippori/,,,1,35.7286208,139.7722966,東京,日暮里駅,151,日暮里駅,1,荒川区,日暮里,日暮里,area:日暮里|station:日暮里駅,
BUZZ レンタルスタジオ 西日暮里店,〒116-0013 東京都荒川区西日暮里５丁目２４?２ Ｋ．Ｉビル 地下1階,,https://buzz-st.com/nishinippori/,,"2024-02-29 木曜日 24 時間営業
2024-03-01 金曜日 24 時間営業
2024-03-02 土曜日 24 時間営業
2024-03-03 日曜日 24 時間営業
2024-03-04 月曜日 24 時間営業
2024-03-05 火曜日 24 時間営業
2024-03-06 水曜日 24 時間営業
",1,35.7323916,139.7676639,東京,日暮里駅,595,日暮里駅,1,荒川区,日暮里,日暮里,area:日暮里|station:日暮里駅|feature:24h,
女性専用フィットネスジム ミットネス 赤坂店,〒107-0052 東京都港区赤坂４丁目３?６ ヒューリック赤坂一ツ木通ビル 3階,,https://mittness.jp/shop-akasaka/?utm_source=google&utm_medium=map&utm_campaign=akasaka,03-6277-7791,"LGBTQ フレンドリー2024-02-29 木曜日 10時00分～22時00分
2024-03-01 金曜日 10時00分～22時00分
2024-03-02 土曜日 10時00分～19時00分
2024-03-03 日曜日 10時00分～19時00分
2024-03-04 月曜日 10時00分～22時00分
2024-03-05 火曜日 10時00分～22時00分
2024-03-06 水曜日 10時00分～22時00分
",1,35.6743546,139.7361035,東京,赤坂駅,111,赤坂駅|青山一丁目駅,2,港区,六本木,六本木|赤坂|麻布|新橋,area:六本木|station:赤坂駅|station:青山一丁目駅|feature:24h,
小林清ダンススクール・サンライズスタジオ,〒110-0014 東京都台東区北上野１丁目１２?４ シティアドバンス,,https://newlod.com/school/132072,03-3847-2057,,1,35.718093,139.782889,東京,上野駅,700,上野駅,1,台東区,上野,上野|浅草|御徒町|蔵前,area:上野|station:上野駅,
松井亜希子 バレエスタジオ,〒169-0051 東京都新宿区西早稲田２丁目１０?２,,http://akikomatsui-balletstudio.com/,080-2267-0098,,1,35.7089216,139.7141597,東京,高田馬場駅,1009,高田馬場駅,1,新宿区,新宿,新宿|西新宿|高田馬場|新大久保,area:新宿|station:高田馬場駅,
BUZZ竹ノ塚,〒121-0823 東京都足立区伊興３丁目１８?１９ ＮＹビル 3階,https://dance-studio-lab.com/room/Zjk4YThkNDItZDI4OC00MTRlLTg2NDgtYTgxZDUyYjgxMjQ2/detail,https://buzz-st.com/takenotsuka,,"2024-02-29 木曜日 24 時間営業
2024-03-01 金曜日 24 時間営業
2024-03-02 土曜日 24 時間営業
2024-03-03 日曜日 24 時間営業
2024-03-04 月曜日 24 時間営業
2024-03-05 火曜日 24 時間営業
2024-03-06 水曜日 24 時間営業
",1,35.7954488,139.7880744,東京,なし,,,0,足立区,北千住,北千住,area:北千住|feature:24h,
ボイストレーニングスクールNAYUTAS（ナユタス）北千住校,〒120-0034 東京都足立区千住２丁目５６ 矢追ビル 3F,,https://nayutas.net/school/kitasenju/,,"LGBTQ フレンドリー2024-02-29 木曜日 10時00分～21時00分
2024-03-01 金曜日 10時00分～21時00分
2024-03-02 土曜日 10時00分～21時00分
2024-03-03 日曜日 10時00分～21時00分
2024-03-04 月曜日 10時00分～21時00分
2024-03-05 火曜日 10時00分～21時00分
2024-03-06 水曜日 10時00分～21時00分
",1,35.7502018,139.8028114,東京,北千住駅,200,北千住駅,1,足立区,北千住,北千住,area:北千住|station:北千住駅|feature:24h,
笑舞CHEER&DANCE STUDIO 板橋スクール,〒174-0056 東京都板橋区志村３丁目２４?１ 藤井ビル 1階,,https://www.shobucheerdance.com/,048-871-6148,"2024-02-29 木曜日 定休日
2024-03-01 金曜日 定休日
2024-03-02 土曜日 15時30分～21時00分
2024-03-03 日曜日 定休日
2024-03-04 月曜日 15時30分～21時00分
2024-03-05 火曜日 15時30分～21時00分
2024-03-06 水曜日 15時30分～21時00分
",1,35.7777088,139.6858768,東京,なし,,,0,板橋区,成増,成増,area:成増|feature:24h,
城北公園前レンタルスタジオ,〒174-0043 東京都板橋区坂下２丁目３１?５ ２F,,http://jrds.jp/,03-5918-6017,"2024-02-29 木曜日 6時00分～23時00分
2024-03-01 金曜日 6時00分～23時00分
2024-03-02 土曜日 6時00分～23時00分
2024-03-03 日曜日 6時00分～23時00分
2024-03-04 月曜日 6時00分～23時00分
2024-03-05 火曜日 6時00分～23時00分
2024-03-06 水曜日 6時00分～23時00分
",1,35.7843125,139.6818424,東京,なし,,,0,板橋区,成増,成増,area:成増|feature:24h,
新宿 | PECO先生のベリーダンス スクール・アンジェリカ,〒160-0023 東京都新宿区西新宿７丁目２２?３１ 柏木 MURA BF,,https://www.bellydanceangelica.com/shinjuku,080-3538-4549,"2024-02-29 木曜日 定休日
2024-03-01 金曜日 定休日
2024-03-02 土曜日 10時00分～12時00分
2024-03-03 日曜日 定休日
2024-03-04 月曜日 定休日
2024-03-05 火曜日 定休日
2024-03-06 水曜日 定休日",1,35.6970022,139.6966616,東京,西武新宿駅,375,西武新宿駅|新大久保駅|新宿駅,3,新宿区,新宿,新宿|西新宿|高田馬場|新大久保,area:新宿|station:西武新宿駅|station:新大久保駅|station:新宿駅|feature:24h,
新宿 だんすた レンタルスタジオ,〒160-0023 東京都新宿区西新宿７丁目１３?７ 3F4F タカラビル,,https://shinjuku2.inforent.jp/,03-5822-4050,"2024-02-29 木曜日 24 時間営業
2024-03-01 金曜日 24 時間営業
2024-03-02 土曜日 24 時間営業
2024-03-03 日曜日 24 時間営業
2024-03-04 月曜日 24 時間営業
2024-03-05 火曜日 24 時間営業
2024-03-06 水曜日 24 時間営業",1,35.6946431,139.6964322,東京,西武新宿駅,398,西武新宿駅|新宿駅|新大久保駅,3,新宿区,新宿,新宿|西新宿|高田馬場|新大久保,area:新宿|station:西武新宿駅|station:新宿駅|station:新大久保駅|feature:24h,
新宿 大久保 BMT レンタルスタジオ,〒169-0074 東京都新宿区北新宿１丁目１３?１９ 弘林ビル Ｂ１Ｆ,,https://shinjuku.inforent.jp/,03-5822-4050,"2024-02-29 木曜日 24 時間営業
2024-03-01 金曜日 24 時間営業
2024-03-02 土曜日 24 時間営業
2024-03-03 日曜日 24 時間営業
2024-03-04 月曜日 24 時間営業
2024-03-05 火曜日 24 時間営業
2024-03-06 水曜日 24 時間営業",1,35.7018038,139.6932712,東京,新大久保駅,614,新大久保駅|西武新宿駅,2,新宿区,新宿,新宿|西新宿|高田馬場|新大久保,area:新宿|station:新大久保駅|station:西武新宿駅|feature:24h,
新宿・大久保マイックル,〒169-0073 東京都新宿区百人町１丁目１９?２３,,http://maikkuru.com/,03-5937-2345,"2024-02-29 木曜日 24 時間営業
2024-03-01 金曜日 24 時間営業
2024-03-02 土曜日 24 時間営業
2024-03-03 日曜日 24 時間営業
2024-03-04 月曜日 24 時間営業
2024-03-05 火曜日 24 時間営業
2024-03-06 水曜日 24 時間営業",1,35.700828,139.696194,東京,新大久保駅,352,新大久保駅|西武新宿駅|新宿駅,3,新宿区,新宿,新宿|西新宿|高田馬場|新大久保,area:新宿|station:新大久保駅|station:西武新宿駅|station:新宿駅|feature:24h,
新宿マイスタジオ,〒160-0023 東京都新宿区西新宿７丁目９?１７ ６F・５F・４F 伊藤ビル,,http://shinjukustudio.jp/,03-3364-6820,"2024-02-29 木曜日 9時00分～8時00分
2024-03-01 金曜日 9時00分～8時00分
2024-03-02 土曜日 9時00分～8時00分
2024-03-03 日曜日 9時00分～8時00分
2024-03-04 月曜日 9時00分～8時00分
2024-03-05 火曜日 9時00分～8時00分
2024-03-06 水曜日 9時00分～8時00分",1,35.694554,139.6981592,東京,西武新宿駅,263,西武新宿駅|新宿駅|新大久保駅,3,新宿区,新宿,新宿|西新宿|高田馬場|新大久保,area:新宿|station:西武新宿駅|station:新宿駅|station:新大久保駅|feature:24h,
新宿御苑前スタジオ,〒160-0022 東京都新宿区新宿１丁目１３?１２ FIRST bldg 地下1階 FIRST Bldg.,,https://www.studio-barbie.jp/06/,03-6822-3000,"2024-02-29 木曜日 24 時間営業
2024-03-01 金曜日 24 時間営業
2024-03-02 土曜日 24 時間営業
2024-03-03 日曜日 24 時間営業
2024-03-04 月曜日 24 時間営業
2024-03-05 火曜日 24 時間営業
2024-03-06 水曜日 24 時間営業
",1,35.6889816,139.7117883,東京,新宿駅,1063,新宿駅|代々木駅,2,新宿区,新宿,新宿|西新宿|高田馬場|新大久保,area:新宿|station:新宿駅|station:代々木駅|feature:24h,
新宿村スタジオ,〒169-0074 東京都新宿区北新宿２丁目１?２,,http://www.shinjukumura.co.jp/,03-3361-5946,"2024-02-29 木曜日 9時00分～22時00分
2024-03-01 金曜日 9時00分～22時00分
2024-03-02 土曜日 9時00分～22時00分
2024-03-03 日曜日 9時00分～22時00分
2024-03-04 月曜日 9時00分～22時00分
2024-03-05 火曜日 9時00分～22時00分
2024-03-06 水曜日 9時00分～22時00分",1,35.697075,139.689479,東京,西武新宿駅,1011,西武新宿駅|新大久保駅|新宿駅,3,新宿区,新宿,新宿|西新宿|高田馬場|新大久保,area:新宿|station:西武新宿駅|station:新大久保駅|station:新宿駅|feature:24h,
森下スタジオ,〒135-0004 東京都江東区森下３丁目５?６,,https://www.saison.or.jp/studio,03-5624-5951,,1,35.6872532,139.8010393,東京,なし,,,0,江東区,豊洲,豊洲,area:豊洲,
森山みえフラメンコ教室,〒133-0056 東京都江戸川区南小岩６丁目３０?１０?３０１,,http://www.miemoriyama.jp/,080-3003-5820,"2024-02-29 木曜日 定休日
2024-03-01 金曜日 19時45分～23時00分
2024-03-02 土曜日 12時30分～23時00分
2024-03-03 日曜日 11時00分～18時00分
2024-03-04 月曜日 定休日
2024-03-05 火曜日 11時00分～22時00分
2024-03-06 水曜日 19時45分～23時00分
",1,35.7310794,139.8810609,東京,なし,,,0,江戸川区,西葛西,西葛西,area:西葛西|feature:24h,
森谷クラシックバレエ,〒195-0064 東京都町田市小野路町２０７３?３ スタジオK 内,,http://www.moriya-classicballet.com/,042-736-1851,オーナーが女性と確認されたビジネス,1,35.5950026,139.4546439,東京,なし,,,0,町田市,町田,町田,area:町田,
神楽坂バレエクラス,〒162-0825 東京都新宿区神楽坂３丁目２,,http://kagurazaka-ballet.com/,090-9845-9695,"2024-02-29 木曜日 10時00分～21時00分
2024-03-01 金曜日 10時00分～21時00分
2024-03-02 土曜日 10時00分～21時00分
2024-03-03 日曜日 定休日
2024-03-04 月曜日 10時00分～21時00分
2024-03-05 火曜日 10時00分～21時00分
2024-03-06 水曜日 10時00分～21時00分
",1,35.7017498,139.7406145,東京,なし,,,0,新宿区,新宿,新宿|西新宿|高田馬場|新大久保,area:新宿|feature:24h,
神楽坂フミバレエアカデミー,〒162-0814 東京都新宿区新小川町４?１６ 飯田橋プラレールビル ４階,,https://www.fumiballet.com/,090-4389-1664,"2024-02-29 木曜日 10時00分～19時30分
2024-03-01 金曜日 10時00分～19時30分
2024-03-02 土曜日 10時00分～19時00分
2024-03-03 日曜日 10時00分～19時00分
2024-03-04 月曜日 10時00分～21時00分
2024-03-05 火曜日 10時00分～21時00分
2024-03-06 水曜日 10時00分～21時00分
",1,35.7059441,139.7427455,東京,なし,,,0,新宿区,新宿,新宿|西新宿|高田馬場|新大久保,area:新宿|feature:24h,
神宮 外苑 フィットネス クラブ サマディ ダンス スクール,〒160-0013 東京都新宿区霞ヶ丘町１１?１,,https://www.samadhiclub.jp/,03-3478-1455,"2024-02-29 木曜日 10時00分～22時00分
2024-03-01 金曜日 10時00分～22時00分
2024-03-02 土曜日 9時00分～18時00分
2024-03-03 日曜日 9時00分～16時00分
2024-03-04 月曜日 10時00分～22時00分
2024-03-05 火曜日 10時00分～22時00分
2024-03-06 水曜日 10時00分～22時00分
",1,35.6801879,139.7149927,東京,外苑前駅,1142,外苑前駅,1,新宿区,新宿,新宿|西新宿|高田馬場|新大久保,area:新宿|station:外苑前駅|feature:24h,
水村繁子フラメンコスタジオ,〒153-0064 東京都目黒区下目黒２丁目２１?７,,http://www.estudioreina.com/,03-3490-4325,,1,35.6322199,139.709501,東京,目黒駅,605,目黒駅,1,目黒区,中目黒,中目黒,area:中目黒|station:目黒駅,
水道橋ダンススタジオ,〒101-0061 東京都千代田区神田三崎町３丁目４?４ グラン水道橋,,http://sds.velvet.jp/,03-3264-0699,,1,35.701005,139.752151,東京,なし,,,0,千代田区,秋葉原,秋葉原,area:秋葉原,
杉並だんすアトリウム,〒168-0073 東京都杉並区下高井戸１丁目２?１３ 山口ビル ２Ｆ、３Ｆ,,http://atrium.studiosquare.jp/,03-5822-4050,"2024-02-29 木曜日 6時00分～22時00分
2024-03-01 金曜日 6時00分～22時00分
2024-03-02 土曜日 6時00分～22時00分
2024-03-03 日曜日 6時00分～22時00分
2024-03-04 月曜日 6時00分～22時00分
2024-03-05 火曜日 6時00分～22時00分
2024-03-06 水曜日 6時00分～22時00分
",1,35.6668488,139.6408487,東京,なし,,,0,杉並区,高円寺,高円寺,area:高円寺|feature:24h,
菅井ダンス・スタジオ,〒984-0053 宮城県仙台市若林区連坊小路６０?２,,http://sugai-dance.com/,022-354-1754,,1,38.251092,140.8909459,東京,なし,,,0,その他,その他,その他,,
世界のダンススクール Studio Amrita World Dance Class,〒180-0004 東京都武蔵野市吉祥寺本町２丁目５?１０ いちご吉祥寺ビル B1 スタジオアムリタノース,,http://class.studioamrita.com/,0422-23-6611,"LGBTQ フレンドリー2024-02-29 木曜日 17時30分～20時30分
2024-03-01 金曜日 定休日
2024-03-02 土曜日 15時00分～16時20分
2024-03-03 日曜日 定休日
2024-03-04 月曜日 定休日
2024-03-05 火曜日 19時00分～20時15分
2024-03-06 水曜日 定休日
",1,35.7068949,139.5788917,東京,吉祥寺駅,425,吉祥寺駅,1,武蔵野市,吉祥寺,吉祥寺,area:吉祥寺|station:吉祥寺駅|feature:24h,
正路あすかフラメンコ教室 エストゥディオ カニャイージャ,〒158-0083 東京都世田谷区奥沢２丁目４７?１,,https://estudiocanailla.com/,03-6324-3692,"2024-02-29 木曜日 10時00分～21時30分
2024-03-01 金曜日 10時00分～21時30分
2024-03-02 土曜日 10時00分～21時30分
2024-03-03 日曜日 10時00分～21時30分
2024-03-04 月曜日 10時00分～21時30分
2024-03-05 火曜日 10時00分～21時30分
2024-03-06 水曜日 10時00分～21時30分
",1,35.6073653,139.676791,東京,自由が丘駅,712,自由が丘駅,1,世田谷区,下北沢,下北沢|三軒茶屋|二子玉川|自由が丘,area:下北沢|station:自由が丘駅|feature:24h,
清瀬のレンタルスタジオ｜ダンススタジオ｜レンタルスタジオ｜レンタルスペース【studio NEW YORK】,〒204-0022 東京都清瀬市松山１丁目１３?２５ 清瀬平塚ビル 2F 山合,,https://www.g-ma.com/studio-new-york/kiyose,050-8881-9821,"LGBTQ フレンドリー2024-02-29 木曜日 24 時間営業
2024-03-01 金曜日 24 時間営業
2024-03-02 土曜日 24 時間営業
2024-03-03 日曜日 24 時間営業
2024-03-04 月曜日 24 時間営業
2024-03-05 火曜日 24 時間営業
2024-03-06 水曜日 24 時間営業
",1,35.7708426,139.5174811,東京,なし,,,0,清瀬市,清瀬,清瀬,area:清瀬|feature:24h,
スタジオＲ,〒110-0001 東京都台東区谷中２丁目８?１２,,http://studior.tokyo/,,"2024-02-29 木曜日 10時00分～21時00分
2024-03-01 金曜日 10時00分～21時00分
2024-03-02 土曜日 10時00分～21時00分
2024-03-03 日曜日 10時00分～21時00分
2024-03-04 月曜日 10時00分～21時00分
2024-03-05 火曜日 10時00分～21時00分
2024-03-06 水曜日 10時00分～21時00分
",1,35.7227359,139.7653517,東京,日暮里駅,757,日暮里駅,1,台東区,上野,上野|浅草|御徒町|蔵前,area:上野|station:日暮里駅|feature:24h,
西荻窪永谷ダンススタジオ,〒167-0054 東京都杉並区松庵３丁目４０?９,,http://www.ntgp.co.jp/,0422-21-9325,,1,35.7035353,139.5983706,東京,なし,,,0,杉並区,高円寺,高円寺,area:高円寺,
西荻窪七宝レンタルスペース,〒167-0042 東京都杉並区西荻北３丁目２５?１ 七宝マンション 1階,,,03-3397-4119,"2024-02-29 木曜日 7時00分～0時00分
2024-03-01 金曜日 7時00分～0時00分
2024-03-02 土曜日 7時00分～0時00分
2024-03-03 日曜日 7時00分～0時00分
2024-03-04 月曜日 7時00分～0時00分
2024-03-05 火曜日 7時00分～0時00分
2024-03-06 水曜日 7時00分～0時00分
",1,35.7053991,139.5973655,東京,なし,,,0,杉並区,高円寺,高円寺,area:高円寺|feature:24h,
西葛西ダンススタジオ mind-blowing,〒134-0088 東京都江戸川区西葛西５丁目６?２０ 小山ビル 4階,,https://www.studio-mind-blowing.com/,050-5373-2233,"2024-02-29 木曜日 9時00分～23時30分
2024-03-01 金曜日 9時00分～23時30分
2024-03-02 土曜日 9時00分～23時30分
2024-03-03 日曜日 9時00分～23時30分
2024-03-04 月曜日 9時00分～23時30分
2024-03-05 火曜日 9時00分～23時30分
2024-03-06 水曜日 9時00分～23時30分
",1,35.6647019,139.860746,東京,なし,,,0,江戸川区,西葛西,西葛西,area:西葛西|feature:24h,
スタジオアンダンティーノ,〒114-0014 東京都北区田端５丁目１?１２,,https://studio-andantino.com/index.html,,"2024-02-29 木曜日 9時00分～22時00分
2024-03-01 金曜日 9時00分～22時00分
2024-03-02 土曜日 9時00分～22時00分
2024-03-03 日曜日 9時00分～22時00分
2024-03-04 月曜日 9時00分～22時00分
2024-03-05 火曜日 9時00分～22時00分
2024-03-06 水曜日 9時00分～22時00分
",1,35.7376589,139.7592489,東京,なし,,,0,北区,赤羽,赤羽,area:赤羽|feature:24h,
西島ダンスアカデミィＫ２,〒150-0022 東京都渋谷区恵比寿南３ １－３－６ ＣＩビル３Ｆ,,https://www.koji-nishijima.com/,03-6303-1903,"2024-02-29 木曜日 12時00分～21時00分
2024-03-01 金曜日 12時00分～21時00分
2024-03-02 土曜日 12時00分～19時00分
2024-03-03 日曜日 定休日
2024-03-04 月曜日 12時00分～21時00分
2024-03-05 火曜日 12時00分～21時00分
2024-03-06 水曜日 12時00分～21時00分
",1,35.6457405,139.7080396,東京,恵比寿駅,215,恵比寿駅,1,渋谷区,渋谷,渋谷|恵比寿|代官山|原宿,area:渋谷|station:恵比寿駅|feature:24h,
青木愛子 スペイン舞踊研究所,〒141-0022 東京都品川区東五反田１丁目１８?４ ＧＴＤイーストビル,,http://flamenco.co.jp/,03-3473-3435,,1,35.6266267,139.7264691,東京,五反田駅,274,五反田駅|大崎駅|品川駅,3,品川区,品川,品川|五反田|大井町|目黒,area:品川|station:五反田駅|station:大崎駅|station:品川駅,
斉藤ひろ子バレエスタジオ,〒120-0011 東京都足立区中央本町１丁目１２?１０,,http://saito-bs.o.oo7.jp/,03-3840-0980,,1,35.7736377,139.8040424,東京,なし,,,0,足立区,北千住,北千住,area:北千住,
石原ダンスクラブ 本店,〒160-0004 東京都新宿区四谷１丁目６?１,,http://www.ishiharadance.jp/,03-3357-6383,"2024-02-29 木曜日 24 時間営業
2024-03-01 金曜日 24 時間営業
2024-03-02 土曜日 24 時間営業
2024-03-03 日曜日 24 時間営業
2024-03-04 月曜日 24 時間営業
2024-03-05 火曜日 24 時間営業
2024-03-06 水曜日 24 時間営業",1,35.6874295,139.7292786,東京,なし,,,0,新宿区,新宿,新宿|西新宿|高田馬場|新大久保,area:新宿|feature:24h,
石原ヒサシダンススクール,〒162-0843 東京都新宿区 市谷田町１－２ ランゴスタビル３F,,https://ishiharadance.com/,03-3235-5311,"2024-02-29 木曜日 12時00分～22時00分
2024-03-01 金曜日 12時00分～22時00分
2024-03-02 土曜日 12時00分～18時00分
2024-03-03 日曜日 12時00分～22時00分
2024-03-04 月曜日 12時00分～22時00分
2024-03-05 火曜日 12時00分～22時00分
2024-03-06 水曜日 12時00分～22時00分
",1,35.6925238,139.735405,東京,なし,,,0,新宿区,新宿,新宿|西新宿|高田馬場|新大久保,area:新宿|feature:24h,
梅島ミアスタジオ,〒121-0816 東京都足立区梅島２丁目１９?９,,https://www.spacemarket.com/spaces/wj4q6vc5lur1jgmm/,,,1,35.7766047,139.7980867,東京,なし,,,0,足立区,北千住,北千住,area:北千住,
石川須?子・田中いづみダンスアカデミー,〒176-0004 東京都練馬区小竹町１丁目１５?４ スタジオ小竹向原,,https://www.ishikawadance.com/,03-3958-3313,"2024-02-29 木曜日 9時00分～23時00分
2024-03-01 金曜日 9時00分～23時00分
2024-03-02 土曜日 9時00分～23時00分
2024-03-03 日曜日 9時00分～23時00分
2024-03-04 月曜日 9時00分～23時00分
2024-03-05 火曜日 9時00分～23時00分
2024-03-06 水曜日 9時00分～23時00分
",1,35.741234,139.678774,東京,なし,,,0,練馬区,練馬,練馬,area:練馬|feature:24h,
赤レンガ・バレエスタジオStudioStyle+,〒169-0073 東京都新宿区百人町１丁目２４?８ 3F,,https://studiostyle.jp/akarenga-ballet-studio/,090-8306-7493,"2024-02-29 木曜日 24 時間営業
2024-03-01 金曜日 24 時間営業
2024-03-02 土曜日 24 時間営業
2024-03-03 日曜日 24 時間営業
2024-03-04 月曜日 24 時間営業
2024-03-05 火曜日 24 時間営業
2024-03-06 水曜日 24 時間営業",1,35.6987066,139.6979087,東京,新大久保駅,347,新大久保駅|西武新宿駅|新宿駅,3,新宿区,新宿,新宿|西新宿|高田馬場|新大久保,area:新宿|station:新大久保駅|station:西武新宿駅|station:新宿駅|feature:24h,
赤レンガ・プレイスタジオStudioStyle+,〒169-0073 東京都新宿区百人町１丁目２４?８ 3F,,https://studiostyle.jp/akarenga-play-studio,090-8306-7493,"オーナーが女性と確認されたビジネス2024-02-29 木曜日 24 時間営業
2024-03-01 金曜日 24 時間営業
2024-03-02 土曜日 24 時間営業
2024-03-03 日曜日 24 時間営業
2024-03-04 月曜日 24 時間営業
2024-03-05 火曜日 24 時間営業
2024-03-06 水曜日 24 時間営業
",1,35.6987206,139.6979084,東京,新大久保駅,346,新大久保駅|西武新宿駅|新宿駅,3,新宿区,新宿,新宿|西新宿|高田馬場|新大久保,area:新宿|station:新大久保駅|station:西武新宿駅|station:新宿駅|feature:24h,
赤レンガ・ライブスタジオStudioStyle+,〒169-0073 東京都新宿区百人町１丁目２４?８ 1F,,https://studiostyle.jp/akarenga-live-studio,090-8306-7493,"2024-02-29 木曜日 24 時間営業
2024-03-01 金曜日 24 時間営業
2024-03-02 土曜日 24 時間営業
2024-03-03 日曜日 24 時間営業
2024-03-04 月曜日 24 時間営業
2024-03-05 火曜日 24 時間営業
2024-03-06 水曜日 24 時間営業
",1,35.6987148,139.6979661,東京,新大久保駅,344,新大久保駅|西武新宿駅|新宿駅,3,新宿区,新宿,新宿|西新宿|高田馬場|新大久保,area:新宿|station:新大久保駅|station:西武新宿駅|station:新宿駅|feature:24h,
ココのスタジオ,〒123-0851 東京都足立区梅田６丁目３３?５ ＳＳＫグリーンパーク梅島駅前 801号室,,https://ameblo.jp/magohinyon1214/entry-12804781106.html,,,1,35.7704397,139.7972767,東京,なし,,,0,足立区,北千住,北千住,area:北千住,
赤坂茜山スタジオ,〒107-0052 東京都港区赤坂２丁目２１?１ 川本ビル Ｂ１Ｆ,,http://akasaka.studiosquare.jp/,03-5822-4050,"2024-02-29 木曜日 24 時間営業
2024-03-01 金曜日 24 時間営業
2024-03-02 土曜日 24 時間営業
2024-03-03 日曜日 24 時間営業
2024-03-04 月曜日 24 時間営業
2024-03-05 火曜日 24 時間営業
2024-03-06 水曜日 24 時間営業
",1,35.6691802,139.7382612,東京,赤坂駅,502,赤坂駅|六本木駅,2,港区,六本木,六本木|赤坂|麻布|新橋,area:六本木|station:赤坂駅|station:六本木駅|feature:24h,
仙川 スタジオ 舞仙 レンタルダンススタジオ,〒182-0002 東京都調布市仙川町１丁目１８?２５ 第一富沢ビル 3F,,https://sengawa.studiosquare.jp/,03-5822-4050,"2024-02-29 木曜日 24 時間営業
2024-03-01 金曜日 24 時間営業
2024-03-02 土曜日 24 時間営業
2024-03-03 日曜日 24 時間営業
2024-03-04 月曜日 24 時間営業
2024-03-05 火曜日 24 時間営業
2024-03-06 水曜日 24 時間営業
",1,35.6618619,139.5847151,東京,なし,,,0,調布市,調布,調布,area:調布|feature:24h,
浅草スタジオ２２６,〒111-0033 東京都台東区花川戸２丁目２?６ エビスビル 7階,,http://asakusastudio226.com/,03-6802-4499,"2024-02-29 木曜日 24 時間営業
2024-03-01 金曜日 24 時間営業
2024-03-02 土曜日 24 時間営業
2024-03-03 日曜日 24 時間営業
2024-03-04 月曜日 24 時間営業
2024-03-05 火曜日 24 時間営業
2024-03-06 水曜日 24 時間営業
",1,35.714136,139.8012291,東京,浅草駅,459,浅草駅|押上駅,2,台東区,上野,上野|浅草|御徒町|蔵前,area:上野|station:浅草駅|station:押上駅|feature:24h,
早坂ダンススタジオ,〒180-0003 東京都武蔵野市吉祥寺南町２丁目６?１,,https://hayasaka-dance-school.com/,0422-46-1127,"2024-02-29 木曜日 13時00分～22時00分
2024-03-01 金曜日 13時00分～22時00分
2024-03-02 土曜日 10時00分～18時00分
2024-03-03 日曜日 定休日
2024-03-04 月曜日 13時00分～22時00分
2024-03-05 火曜日 10時00分～19時00分
2024-03-06 水曜日 13時00分～22時00分
",1,35.701881,139.581045,東京,吉祥寺駅,178,吉祥寺駅,1,武蔵野市,吉祥寺,吉祥寺,area:吉祥寺|station:吉祥寺駅|feature:24h,
相田フラメンコ教室,〒191-0062 東京都日野市多摩平２丁目１２?２ 山崎ビル1F,,http://www.soniquete.info/,042-635-6148,"2024-02-29 木曜日 9時00分～23時00分
2024-03-01 金曜日 9時00分～23時00分
2024-03-02 土曜日 9時00分～23時00分
2024-03-03 日曜日 9時00分～23時00分
2024-03-04 月曜日 9時00分～23時00分
2024-03-05 火曜日 9時00分～23時00分
2024-03-06 水曜日 9時00分～23時00分
",1,35.6626175,139.3825967,東京,なし,,,0,日野市,日野,日野,area:日野|feature:24h,
Starbox,〒135-0016 東京都江東区東陽３丁目２１?１３,,http://starbox.jp/,,"2024-02-29 木曜日 定休日
2024-03-01 金曜日 定休日
2024-03-02 土曜日 9時00分～13時00分
2024-03-03 日曜日 定休日
2024-03-04 月曜日 定休日
2024-03-05 火曜日 定休日
2024-03-06 水曜日 15時30分～19時00分
",1,35.668941,139.8112993,東京,なし,,,0,江東区,豊洲,豊洲,area:豊洲|feature:24h,
村山・横川バレエスクール,〒121-0053 東京都足立区佐野２丁目３５?１２ 2F,,https://www.m-ballet.com/,03-6884-0020,"オーナーが女性と確認されたビジネス2024-02-29 木曜日 17時15分～20時45分
2024-03-01 金曜日 15時45分～21時00分
2024-03-02 土曜日 13時00分～19時30分
2024-03-03 日曜日 11時00分～13時30分
2024-03-04 月曜日 17時15分～18時45分
2024-03-05 火曜日 15時45分～21時00分
2024-03-06 水曜日 定休日
",1,35.7890897,139.8378504,東京,なし,,,0,足立区,北千住,北千住,area:北千住|feature:24h,
多々納みわ子バレエスタジオ,〒142-0041 東京都品川区戸越１丁目１９?３,,http://www.ballet-studio.com/,03-3490-4672,,1,35.6151311,139.7204345,東京,大崎駅,893,大崎駅,1,品川区,品川,品川|五反田|大井町|目黒,area:品川|station:大崎駅,
多摩市ダンススクールFANTASY,〒206-0014 東京都多摩市乞田１１５６?１?２０５,,https://www.fantasy-dance.com/,042-401-8781,"2024-02-29 木曜日 10時00分～22時00分
2024-03-01 金曜日 10時00分～22時00分
2024-03-02 土曜日 10時00分～22時00分
2024-03-03 日曜日 10時00分～22時00分
2024-03-04 月曜日 10時00分～22時00分
2024-03-05 火曜日 10時00分～22時00分
2024-03-06 水曜日 10時00分～22時00分
",1,35.631954,139.4407012,東京,なし,,,0,多摩市,多摩センター,多摩センター,area:多摩センター|feature:24h,
多目的スペース「時々海風が吹くスタジオ」,〒136-0071 東京都江東区亀戸７丁目４３?５,,http://seisakuplus.com/umikazestudio/,03-5628-1325,"2024-02-29 木曜日 10時00分～21時30分
2024-03-01 金曜日 10時00分～21時30分
2024-03-02 土曜日 10時00分～21時30分
2024-03-03 日曜日 10時00分～21時30分
2024-03-04 月曜日 10時00分～21時30分
2024-03-05 火曜日 10時00分～21時30分
2024-03-06 水曜日 10時00分～21時30分
",1,35.696722,139.8343715,東京,なし,,,0,江東区,豊洲,豊洲,area:豊洲|feature:24h,
多目的貸スタジオ-TSスタジオ,〒174-0056 東京都板橋区志村３丁目１７?２ TSビル 4階,,http://makeuponeslife.site/,03-6906-7731,"2024-02-29 木曜日 9時00分～23時00分
2024-03-01 金曜日 9時00分～23時00分
2024-03-02 土曜日 9時00分～23時00分
2024-03-03 日曜日 9時00分～23時00分
2024-03-04 月曜日 9時00分～23時00分
2024-03-05 火曜日 9時00分～23時00分
2024-03-06 水曜日 9時00分～23時00分
",1,35.7767222,139.6830663,東京,なし,,,0,板橋区,成増,成増,area:成増|feature:24h,
体幹・柔軟性強化&ポールダンス スタジオWeBA（ウィーバ）,〒136-0072 東京都江東区大島５丁目２７?１,,https://weba.style/,03-5858-6459,"2024-02-29 木曜日 10時00分～20時30分
2024-03-01 金曜日 10時00分～20時30分
2024-03-02 土曜日 9時30分～20時30分
2024-03-03 日曜日 9時30分～20時00分
2024-03-04 月曜日 10時00分～20時00分
2024-03-05 火曜日 12時00分～20時30分
2024-03-06 水曜日 10時00分～21時00分
",1,35.686062,139.8350225,東京,なし,,,0,江東区,豊洲,豊洲,area:豊洲|feature:24h,
貸し会議室 & 全国蕎麦製粉会館【JK Room 駒込】,〒170-0003 東京都豊島区駒込１丁目４０?４ 全国蕎麦製粉協同組合４０１ コンフォート駒込,,https://jk-room.com/location.html#komagome,050-5372-4665,"2024-02-29 木曜日 24 時間営業
2024-03-01 金曜日 24 時間営業
2024-03-02 土曜日 24 時間営業
2024-03-03 日曜日 24 時間営業
2024-03-04 月曜日 24 時間営業
2024-03-05 火曜日 24 時間営業
2024-03-06 水曜日 24 時間営業
",1,35.7352348,139.7478798,東京,なし,,,0,豊島区,池袋,池袋|目白|大塚|巣鴨,area:池袋|feature:24h,
貸スペース 東京レンタルスタジオ,〒125-0061 東京都葛飾区亀有３丁目１３?２ 亀有鞠子ビル4階,,http://tokyo-rs.jp/,070-5087-2001,"2024-02-29 木曜日 7時00分～23時30分
2024-03-01 金曜日 7時00分～23時30分
2024-03-02 土曜日 7時00分～23時30分
2024-03-03 日曜日 7時00分～23時30分
2024-03-04 月曜日 7時00分～23時00分
2024-03-05 火曜日 7時00分～23時30分
2024-03-06 水曜日 7時00分～23時30分
",1,35.763125,139.847758,東京,なし,,,0,葛飾区,新小岩,新小岩,area:新小岩|feature:24h,
貸ホールスペース６,〒157-0062 東京都世田谷区南烏山６丁目４?８,,http://www.6bangai.com/shop/koten/six.html,03-3300-8181,"2024-02-29 木曜日 10時00分～22時00分
2024-03-01 金曜日 10時00分～22時00分
2024-03-02 土曜日 10時00分～22時00分
2024-03-03 日曜日 10時00分～22時00分
2024-03-04 月曜日 10時00分～22時00分
2024-03-05 火曜日 10時00分～22時00分
2024-03-06 水曜日 10時00分～22時00分
",1,35.668459,139.6000733,東京,なし,,,0,世田谷区,下北沢,下北沢|三軒茶屋|二子玉川|自由が丘,area:下北沢|feature:24h,
貸空間スタジオStudioStyle+,〒160-0023 東京都新宿区西新宿７丁目２２?３１ BF 柏木 MURA,,https://studiostyle.jp/kashikukan-studio/,090-8306-7493,"2024-02-29 木曜日 24 時間営業
2024-03-01 金曜日 24 時間営業
2024-03-02 土曜日 24 時間営業
2024-03-03 日曜日 24 時間営業
2024-03-04 月曜日 24 時間営業
2024-03-05 火曜日 24 時間営業
2024-03-06 水曜日 24 時間営業",1,35.697153,139.6965341,東京,西武新宿駅,391,西武新宿駅|新大久保駅|新宿駅,3,新宿区,新宿,新宿|西新宿|高田馬場|新大久保,area:新宿|station:西武新宿駅|station:新大久保駅|station:新宿駅|feature:24h,
代々木アフタースクールCreo BOX,〒151-0053 東京都渋谷区代々木２丁目３９?６ １F,,https://creobox.jp/,03-6876-6472,"LGBTQ フレンドリー2024-02-29 木曜日 15時30分～18時00分
2024-03-01 金曜日 15時30分～18時00分
2024-03-02 土曜日 定休日
2024-03-03 日曜日 定休日
2024-03-04 月曜日 15時30分～18時00分
2024-03-05 火曜日 定休日
2024-03-06 水曜日 15時30分～18時00分
",1,35.684666,139.6961331,東京,代々木駅,563,代々木駅|新宿駅,2,渋谷区,渋谷,渋谷|恵比寿|代官山|原宿,area:渋谷|station:代々木駅|station:新宿駅|feature:24h,
Ohana Room Studio浦安,〒279-0002 千葉県浦安市北栄１丁目１５?５ レクス浦安駅前 ４F,,https://ohanaroom.jp/,,"2024-02-29 木曜日 9時00分～22時00分
2024-03-01 金曜日 9時00分～22時00分
2024-03-02 土曜日 9時00分～22時00分
2024-03-03 日曜日 9時00分～22時00分
2024-03-04 月曜日 9時00分～22時00分
2024-03-05 火曜日 9時00分～22時00分
2024-03-06 水曜日 9時00分～22時00分
",1,35.6653227,139.8943736,東京,なし,,,0,その他,その他,その他,feature:24h,
代官山スタジオ,〒153-0061 東京都目黒区中目黒１丁目２?１７,,http://daikanyamastudio.jp/,03-3719-0222,,1,35.645696,139.702093,東京,恵比寿駅,732,恵比寿駅,1,目黒区,中目黒,中目黒,area:中目黒|station:恵比寿駅,
大宮 ラージス レンタルスタジオ,〒330-0846 埼玉県さいたま市大宮区大門町３丁目８２?３ 大和（やまと）ビル3F,,https://omiya.studiosquare.jp/,03-5822-4050,"2024-02-29 木曜日 24 時間営業
2024-03-01 金曜日 24 時間営業
2024-03-02 土曜日 24 時間営業
2024-03-03 日曜日 24 時間営業
2024-03-04 月曜日 24 時間営業
2024-03-05 火曜日 24 時間営業
2024-03-06 水曜日 24 時間営業
",1,35.9076849,139.6293243,東京,なし,,,0,その他,その他,その他,feature:24h,
大人バレエMiho Ballet Arts下高井戸,〒168-0073 東京都杉並区下高井戸１丁目２?１３ 山口ビル 杉並だんすアトリウム,,http://miho-arts.com/,03-6825-2729,"2024-02-29 木曜日 定休日
2024-03-01 金曜日 10時15分～12時45分
2024-03-02 土曜日 定休日
2024-03-03 日曜日 定休日
2024-03-04 月曜日 定休日
2024-03-05 火曜日 定休日
2024-03-06 水曜日 定休日
",1,35.6668407,139.6408555,東京,なし,,,0,杉並区,高円寺,高円寺,area:高円寺|feature:24h,
大人バレエアカデミー 錦糸町スタジオ,〒130-0022 東京都墨田区江東橋１丁目１５?１ Vort錦糸町 102,,https://personalballet.com/academy/kinshichou,050-3185-8125,"2024-02-29 木曜日 9時00分～22時00分
2024-03-01 金曜日 9時00分～22時00分
2024-03-02 土曜日 9時00分～22時00分
2024-03-03 日曜日 9時00分～22時00分
2024-03-04 月曜日 9時00分～22時00分
2024-03-05 火曜日 9時00分～22時00分
2024-03-06 水曜日 9時00分～22時00分
",1,35.6958114,139.8095109,東京,錦糸町駅,428,錦糸町駅,1,墨田区,錦糸町,錦糸町,area:錦糸町|station:錦糸町駅|feature:24h,
大人バレエシェリ 東京銀座スタジオ,〒104-0061 東京都中央区銀座５丁目１４?６ 橋ビルⅡ B1,,https://cheriegroup.com/adult/ginza/,06-7777-0246,"2024-02-29 木曜日 10時00分～22時30分
2024-03-01 金曜日 9時30分～22時30分
2024-03-02 土曜日 9時30分～22時30分
2024-03-03 日曜日 9時30分～16時30分
2024-03-04 月曜日 10時00分～22時30分
2024-03-05 火曜日 定休日
2024-03-06 水曜日 13時30分～22時30分
",1,35.668615,139.7671847,東京,有楽町駅,798,有楽町駅|新橋駅,2,中央区,銀座,銀座|日本橋|八丁堀|月島,area:銀座|station:有楽町駅|station:新橋駅|feature:24h,
大泉学園ノートル,"練馬区東大泉６丁目ー３４－４５ SKビルⅡ ２階 ３４, ３４ 練馬区 東京都 178-0063",,https://oizumi.studiosquare.jp/,03-5822-4050,"2024-02-29 木曜日 24 時間営業
2024-03-01 金曜日 24 時間営業
2024-03-02 土曜日 24 時間営業
2024-03-03 日曜日 24 時間営業
2024-03-04 月曜日 24 時間営業
2024-03-05 火曜日 24 時間営業
2024-03-06 水曜日 24 時間営業
",1,35.7481954,139.5859893,東京,なし,,,0,練馬区,練馬,練馬,area:練馬|feature:24h,
大谷哲章バレエスタジオアプロン,〒164-0011 東京都中野区中央２丁目８?２１,,http://www5f.biglobe.ne.jp/~aplomb/,03-5338-8303,"2024-02-29 木曜日 11時00分～22時00分
2024-03-01 金曜日 7時00分～22時00分
2024-03-02 土曜日 10時30分～19時00分
2024-03-03 日曜日 10時00分～17時30分
2024-03-04 月曜日 11時00分～22時00分
2024-03-05 火曜日 7時00分～22時00分
2024-03-06 水曜日 11時00分～22時00分
",1,35.6986355,139.6827072,東京,なし,,,0,中野区,中野,中野,area:中野|feature:24h,
大門スタジオ,〒105-0012 東京都港区芝大門２丁目１０?１ 第一大門ビル,,http://www.magnux.co.jp/postpro/,03-5777-6511,,1,35.6546408,139.7531547,東京,浜松町駅,343,浜松町駅|田町駅,2,港区,六本木,六本木|赤坂|麻布|新橋,area:六本木|station:浜松町駅|station:田町駅,
第一ホテル東京 フィットネス&アクアゾーン,〒100-0011 東京都千代田区内幸町１丁目５?３ 新幸橋ビルディング ビル内,,https://www.hankyu-hotel.com/hotel/dh/dhtokyo/contents/refacilities?utm_source=googlemybusiness&utm_medium=organic,03-3596-7740,"2024-02-29 木曜日 7時00分～21時00分
2024-03-01 金曜日 7時00分～21時00分
2024-03-02 土曜日 7時00分～21時00分
2024-03-03 日曜日 7時00分～19時30分
2024-03-04 月曜日 7時00分～21時00分
2024-03-05 火曜日 7時00分～21時00分
2024-03-06 水曜日 7時00分～21時00分
",1,35.6692411,139.7573861,東京,新橋駅,357,新橋駅|有楽町駅,2,千代田区,秋葉原,秋葉原,area:秋葉原|station:新橋駅|station:有楽町駅|feature:24h,
池村ダンススクール,〒152-0004 東京都目黒区鷹番３丁目１９?５ 丸橋総本店ビル2F 丸橋総本店ビル,,https://peraichi.com/landing_pages/view/ikemuradance/,03-6276-8278,"2024-02-29 木曜日 10時00分～22時00分
2024-03-01 金曜日 10時00分～22時00分
2024-03-02 土曜日 10時00分～22時00分
2024-03-03 日曜日 10時00分～22時00分
2024-03-04 月曜日 10時00分～22時00分
2024-03-05 火曜日 10時00分～22時00分
2024-03-06 水曜日 10時00分～22時00分
",1,35.6295145,139.6833108,東京,学芸大学駅,221,学芸大学駅,1,目黒区,中目黒,中目黒,area:中目黒|station:学芸大学駅|feature:24h,
池袋 MIB,〒171-0014 東京都豊島区池袋２丁目６８?９ ＭＩＢ 1-2-3F,,https://mib.studiosquare.jp/,03-5822-4050,"2024-02-29 木曜日 24 時間営業
2024-03-01 金曜日 24 時間営業
2024-03-02 土曜日 24 時間営業
2024-03-03 日曜日 24 時間営業
2024-03-04 月曜日 24 時間営業
2024-03-05 火曜日 24 時間営業
2024-03-06 水曜日 24 時間営業
",1,35.7357457,139.709427,東京,池袋駅,763,池袋駅,1,豊島区,池袋,池袋|目白|大塚|巣鴨,area:池袋|station:池袋駅|feature:24h,
池袋 ミント,〒170-0014 東京都豊島区池袋１丁目８?５ 池袋MINTORONビルB1F,,https://mint.studiosquare.jp/,03-5822-4050,"2024-02-29 木曜日 24 時間営業
2024-03-01 金曜日 24 時間営業
2024-03-02 土曜日 24 時間営業
2024-03-03 日曜日 24 時間営業
2024-03-04 月曜日 24 時間営業
2024-03-05 火曜日 24 時間営業
2024-03-06 水曜日 24 時間営業
",1,35.736016,139.711519,東京,池袋駅,795,池袋駅,1,豊島区,池袋,池袋|目白|大塚|巣鴨,area:池袋|station:池袋駅|feature:24h,
池袋ルピナス,〒170-0013 東京都豊島区東池袋１丁目３１?２ ルピナス池袋102,,https://ikebukuro.inforent.jp/,03-5822-4050,"2024-02-29 木曜日 24 時間営業
2024-03-01 金曜日 24 時間営業
2024-03-02 土曜日 24 時間営業
2024-03-03 日曜日 24 時間営業
2024-03-04 月曜日 24 時間営業
2024-03-05 火曜日 24 時間営業
2024-03-06 水曜日 24 時間営業
",1,35.7317139,139.7163215,東京,池袋駅,619,池袋駅,1,豊島区,池袋,池袋|目白|大塚|巣鴨,area:池袋|station:池袋駅|feature:24h,
池袋レンタルスタジオ Studio M Ikebukuro Tokyo,〒171-0014 東京都豊島区池袋２丁目５３?３ スクエア21 １Ｆ,,http://mstudio-ikebukuro.com/,03-5911-6800,"2024-02-29 木曜日 24 時間営業
2024-03-01 金曜日 24 時間営業
2024-03-02 土曜日 24 時間営業
2024-03-03 日曜日 24 時間営業
2024-03-04 月曜日 24 時間営業
2024-03-05 火曜日 24 時間営業
2024-03-06 水曜日 24 時間営業
",1,35.7338274,139.7088884,東京,池袋駅,561,池袋駅,1,豊島区,池袋,池袋|目白|大塚|巣鴨,area:池袋|station:池袋駅|feature:24h,
池田山ノブレスレンタルスタジオ（五反田駅）,〒141-0022 東京都品川区東五反田５丁目２４?７ ノブレス池田山 B1階,,https://ikedayama.studiosquare.jp/,03-5822-4050,"2024-02-29 木曜日 6時00分～23時00分
2024-03-01 金曜日 6時00分～23時00分
2024-03-02 土曜日 6時00分～23時00分
2024-03-03 日曜日 6時00分～23時00分
2024-03-04 月曜日 6時00分～23時00分
2024-03-05 火曜日 6時00分～23時00分
2024-03-06 水曜日 6時00分～23時00分
",1,35.6275107,139.7236616,東京,五反田駅,120,五反田駅|大崎駅|目黒駅,3,品川区,品川,品川|五反田|大井町|目黒,area:品川|station:五反田駅|station:大崎駅|station:目黒駅|feature:24h,
中目黒 すわ山 レンタルスタジオ,〒153-0051 東京都目黒区上目黒２丁目４７?１ 司ビル 2F-B,,https://suwayama.studiosquare.jp/,03-5822-4050,"2024-02-29 木曜日 24 時間営業
2024-03-01 金曜日 24 時間営業
2024-03-02 土曜日 24 時間営業
2024-03-03 日曜日 24 時間営業
2024-03-04 月曜日 24 時間営業
2024-03-05 火曜日 24 時間営業
2024-03-06 水曜日 24 時間営業
",1,35.641744,139.6953852,東京,なし,,,0,目黒区,中目黒,中目黒,area:中目黒|feature:24h,
中目黒 ブロードウェイレンタルスタジオ,〒153-0051 東京都目黒区上目黒１丁目５?１０ 中目黒マンション Ｂ15号室,,https://nakameguro.inforent.jp/,03-5822-4050,"2024-02-29 木曜日 24 時間営業
2024-03-01 金曜日 24 時間営業
2024-03-02 土曜日 24 時間営業
2024-03-03 日曜日 24 時間営業
2024-03-04 月曜日 24 時間営業
2024-03-05 火曜日 24 時間営業
2024-03-06 水曜日 24 時間営業
",1,35.6446775,139.7005906,東京,恵比寿駅,888,恵比寿駅,1,目黒区,中目黒,中目黒,area:中目黒|station:恵比寿駅|feature:24h,
中野 ガーデン レンタルスタジオ,〒165-0026 東京都中野区新井１丁目１２?５ ＮＳフラッツ B1階,,https://nakano.studiosquare.jp/,03-5822-4050,"2024-02-29 木曜日 24 時間営業
2024-03-01 金曜日 24 時間営業
2024-03-02 土曜日 24 時間営業
2024-03-03 日曜日 24 時間営業
2024-03-04 月曜日 24 時間営業
2024-03-05 火曜日 24 時間営業
2024-03-06 水曜日 24 時間営業
",1,35.7109829,139.6661157,東京,中野駅,581,中野駅,1,中野区,中野,中野,area:中野|station:中野駅|feature:24h,
中野ロフトスタジオ～nakano f～,〒164-0001 東京都中野区中野５丁目４６?１０,,https://nakanof.jp/,03-6276-3917,"2024-02-29 木曜日 9時00分～22時00分
2024-03-01 金曜日 9時00分～22時00分
2024-03-02 土曜日 9時00分～22時00分
2024-03-03 日曜日 9時00分～22時00分
2024-03-04 月曜日 9時00分～22時00分
2024-03-05 火曜日 9時00分～22時00分
2024-03-06 水曜日 9時00分～22時00分
",1,35.7081955,139.6671124,東京,中野駅,294,中野駅,1,中野区,中野,中野,area:中野|station:中野駅|feature:24h,
長谷川政義ダンスワールド,〒116-0013 東京都荒川区西日暮里６丁目４７?８ サンライズ21 2F,,http://hm-dw.com/,03-6807-8645,"2024-02-29 木曜日 13時00分～21時00分
2024-03-01 金曜日 13時00分～21時00分
2024-03-02 土曜日 13時00分～18時00分
2024-03-03 日曜日 定休日
2024-03-04 月曜日 13時00分～21時00分
2024-03-05 火曜日 13時00分～21時00分
2024-03-06 水曜日 13時00分～21時00分
",1,35.7358652,139.7685592,東京,日暮里駅,926,日暮里駅,1,荒川区,日暮里,日暮里,area:日暮里|station:日暮里駅|feature:24h,
天空MURAダンススタジオStudioStyle+,〒160-0023 東京都新宿区西新宿６丁目１２?１６,,https://studiostyle.jp/tenku-dance-studio/,090-8306-7493,"オーナーが女性と確認されたビジネス2024-02-29 木曜日 24 時間営業
2024-03-01 金曜日 24 時間営業
2024-03-02 土曜日 24 時間営業
2024-03-03 日曜日 24 時間営業
2024-03-04 月曜日 24 時間営業
2024-03-05 火曜日 24 時間営業
2024-03-06 水曜日 24 時間営業",1,35.6934023,139.6887103,東京,新宿駅,1079,新宿駅|西武新宿駅,2,新宿区,新宿,新宿|西新宿|高田馬場|新大久保,area:新宿|station:新宿駅|station:西武新宿駅|feature:24h,
天空MURAミドルスタジオStudioStyle+,〒160-0023 東京都新宿区西新宿６丁目１２?１６ 天空ＭＵＲＡ一号館,,https://studiostyle.jp/tenku-middle-studio/,090-8306-7493,"2024-02-29 木曜日 24 時間営業
2024-03-01 金曜日 24 時間営業
2024-03-02 土曜日 24 時間営業
2024-03-03 日曜日 24 時間営業
2024-03-04 月曜日 24 時間営業
2024-03-05 火曜日 24 時間営業
2024-03-06 水曜日 24 時間営業",1,35.6933988,139.6887106,東京,新宿駅,1079,新宿駅|西武新宿駅,2,新宿区,新宿,新宿|西新宿|高田馬場|新大久保,area:新宿|station:新宿駅|station:西武新宿駅|feature:24h,
田中美穂フラメンコスタジオ,〒155-0031 東京都世田谷区北沢４丁目３?２３,,https://najahouse.jp/school/30-4,03-3485-2620,,1,35.667084,139.672031,東京,下北沢駅,661,下北沢駅,1,世田谷区,下北沢,下北沢|三軒茶屋|二子玉川|自由が丘,area:下北沢|station:下北沢駅,
渡辺雅子フラメンコラコンチャ,〒160-0022 東京都新宿区新宿２丁目１?３ 1F,,https://www.masako-watanabe.net/,090-6659-1031,"オーナーが女性と確認されたビジネス2024-02-29 木曜日 19時00分～20時30分
2024-03-01 金曜日 定休日
2024-03-02 土曜日 定休日
2024-03-03 日曜日 定休日
2024-03-04 月曜日 17時30分～19時00分
2024-03-05 火曜日 定休日
2024-03-06 水曜日 定休日
",1,35.688371,139.7093472,東京,新宿駅,868,新宿駅|代々木駅|西武新宿駅,3,新宿区,新宿,新宿|西新宿|高田馬場|新大久保,area:新宿|station:新宿駅|station:代々木駅|station:西武新宿駅|feature:24h,
島村楽器 イオンモール札幌平岡店,〒004-0873 北海道札幌市清田区平岡３条５丁目３?１ イオンモール札幌平岡 2F,,https://www.shimamura.co.jp/shop/sapporo-h/?utm_source=gmb&utm_medium=organic,011-889-5120,"2024-02-29 木曜日 9時00分～21時00分
2024-03-01 金曜日 9時00分～21時00分
2024-03-02 土曜日 9時00分～21時00分
2024-03-03 日曜日 9時00分～21時00分
2024-03-04 月曜日 9時00分～21時00分
2024-03-05 火曜日 9時00分～21時00分
2024-03-06 水曜日 9時00分～21時00分
",1,42.9970649,141.4585574,東京,なし,,,0,その他,その他,その他,feature:24h,
東久留米駅前ダンススタジオテレマーク,〒203-0014 東京都東久留米市東本町２?６ 2階,,https://ballroom-dance-instructor-49.business.site/?utm_source=gmb&utm_medium=referral,080-3271-8029,"2024-02-29 木曜日 13時30分～16時00分
2024-03-01 金曜日 13時00分～16時30分
2024-03-02 土曜日 14時00分～17時00分
2024-03-03 日曜日 定休日
2024-03-04 月曜日 13時30分～21時30分
2024-03-05 火曜日 18時30分～21時00分
2024-03-06 水曜日 13時00分～16時00分
",1,35.7611184,139.5344034,東京,なし,,,0,東久留米市,東久留米,東久留米,area:東久留米|feature:24h,
東急スポーツオアシス 青山,"〒107-0061 東京都港区北青山２丁目８?４４, Tepia, B2F",,https://www.sportsoasis.co.jp/sh58/,03-5770-6109,"2024-02-29 木曜日 7時00分～22時30分
2024-03-01 金曜日 定休日
2024-03-02 土曜日 10時00分～21時00分
2024-03-03 日曜日 10時00分～20時00分
2024-03-04 月曜日 7時00分～22時30分
2024-03-05 火曜日 7時00分～22時30分
2024-03-06 水曜日 7時00分～22時30分
",1,35.6730688,139.7169079,東京,外苑前駅,332,外苑前駅|青山一丁目駅|表参道駅,3,港区,六本木,六本木|赤坂|麻布|新橋,area:六本木|station:外苑前駅|station:青山一丁目駅|station:表参道駅|feature:24h,
東急スポーツオアシス聖路加ガーデン,〒104-0044 東京都中央区明石町８ 聖路加タワ B2F,,https://www.sportsoasis.co.jp/sh65/,03-3545-0109,"2024-02-29 木曜日 定休日
2024-03-01 金曜日 9時00分～23時00分
2024-03-02 土曜日 10時00分～22時00分
2024-03-03 日曜日 10時00分～19時00分
2024-03-04 月曜日 9時00分～23時00分
2024-03-05 火曜日 9時00分～23時00分
2024-03-06 水曜日 9時00分～23時00分
",1,35.6670372,139.7786722,東京,なし,,,0,中央区,銀座,銀座|日本橋|八丁堀|月島,area:銀座|feature:24h,
東急スポーツオアシス雪谷24Plus,〒145-0073 東京都大田区北嶺町４３?１８,,https://www.sportsoasis.co.jp/sh73/,03-6425-0109,"2024-02-29 木曜日 10時00分～23時00分
2024-03-01 金曜日 10時00分～23時00分
2024-03-02 土曜日 10時00分～21時00分
2024-03-03 日曜日 10時00分～20時00分
2024-03-04 月曜日 10時00分～23時00分
2024-03-05 火曜日 10時00分～23時00分
2024-03-06 水曜日 定休日
",1,35.587789,139.679073,東京,なし,,,0,大田区,蒲田,蒲田,area:蒲田|feature:24h,
東京ステップス・アーツ アニメダンス池袋校,〒192-0082 東京都豊島区東池袋１丁目２２?５ サンケェビル６F,,https://www.t-steps.jp/anime_dance,03-5957-5858,"LGBTQ フレンドリー2024-02-29 木曜日 11時30分～21時30分
2024-03-01 金曜日 11時30分～21時30分
2024-03-02 土曜日 11時30分～21時30分
2024-03-03 日曜日 10時00分～21時30分
2024-03-04 月曜日 11時30分～21時30分
2024-03-05 火曜日 11時30分～21時30分
2024-03-06 水曜日 13時00分～21時30分
",1,35.729498,139.7155912,東京,池袋駅,475,池袋駅,1,豊島区,池袋,池袋|目白|大塚|巣鴨,area:池袋|station:池袋駅|feature:24h,
東京タワーメディアセンター,〒105-0011 東京都港区芝公園４丁目４?７ 東京タワーメディアセンタ 3F,,http://starrise-tower.com/,03-6721-5450,"2024-02-29 木曜日 10時00分～18時00分
2024-03-01 金曜日 10時00分～18時00分
2024-03-02 土曜日 定休日
2024-03-03 日曜日 定休日
2024-03-04 月曜日 10時00分～18時00分
2024-03-05 火曜日 10時00分～18時00分
2024-03-06 水曜日 10時00分～18時00分
",1,35.65779,139.744816,東京,麻布十番駅,992,麻布十番駅|浜松町駅,2,港区,六本木,六本木|赤坂|麻布|新橋,area:六本木|station:麻布十番駅|station:浜松町駅|feature:24h,
スタジオ イリス,,,https://kazumiiris.com/,,"2024-02-29 木曜日 9時00分～17時00分
2024-03-01 金曜日 9時00分～17時00分
2024-03-02 土曜日 9時00分～17時00分
2024-03-03 日曜日 9時00分～17時00分
2024-03-04 月曜日 定休日
2024-03-05 火曜日 定休日
2024-03-06 水曜日 9時00分～17時00分
",1,32.9998961,138.4293072,東京,なし,,,0,その他,その他,その他,feature:24h,
東京バレエ学園,〒191-0053 東京都日野市豊田４丁目４５?３,,http://www.tokyo-ballet.co.jp/,042-581-5515,,1,35.6609413,139.383116,東京,なし,,,0,日野市,日野,日野,area:日野,
東京バレエ学園麹町教室,〒102-0081 東京都千代田区四番町７?１５,,https://www.tokyo-ballet.co.jp/,03-3261-7826,,1,35.687431,139.736369,東京,なし,,,0,千代田区,秋葉原,秋葉原,area:秋葉原,
東京バレエ劇場,〒169-0073 東京都新宿区百人町１丁目１６?４,,http://tokyo-ballet.com/,03-3361-0958,"2024-02-29 木曜日 10時00分～21時00分
2024-03-01 金曜日 10時00分～21時00分
2024-03-02 土曜日 10時30分～16時00分
2024-03-03 日曜日 定休日
2024-03-04 月曜日 10時00分～21時00分
2024-03-05 火曜日 10時00分～21時00分
2024-03-06 水曜日 10時00分～21時00分
",1,35.700225,139.69813,東京,新大久保駅,211,新大久保駅|西武新宿駅|新宿駅,3,新宿区,新宿,新宿|西新宿|高田馬場|新大久保,area:新宿|station:新大久保駅|station:西武新宿駅|station:新宿駅|feature:24h,
東池袋ダンス教室,〒170-0013 東京都豊島区東池袋３丁目１１?４ 露木ビル 4階,,https://dance-hall-242.business.site/?utm_source=gmb&utm_medium=referral,080-5239-8749,"2024-02-29 木曜日 24 時間営業
2024-03-01 金曜日 24 時間営業
2024-03-02 土曜日 24 時間営業
2024-03-03 日曜日 24 時間営業
2024-03-04 月曜日 24 時間営業
2024-03-05 火曜日 24 時間営業
2024-03-06 水曜日 24 時間営業
",1,35.7319196,139.7186459,東京,池袋駅,817,池袋駅,1,豊島区,池袋,池袋|目白|大塚|巣鴨,area:池袋|station:池袋駅|feature:24h,
徳永由貴バレエスクール,〒173-0021 東京都板橋区弥生町３３?３ 西野ビル3F,,http://yt-balletschool.jp/,080-4385-5595,,1,35.7555018,139.6953054,東京,なし,,,0,板橋区,成増,成増,area:成増,
楠潤一郎ダンスアカデミー,〒170-0004 東京都豊島区北大塚１丁目１７?９ 平松ビル5階,,https://sites.google.com/view/kusunokidance/,03-5907-1876,"2024-02-29 木曜日 13時00分～22時00分
2024-03-01 金曜日 13時00分～22時00分
2024-03-02 土曜日 13時00分～18時00分
2024-03-03 日曜日 定休日
2024-03-04 月曜日 13時00分～22時00分
2024-03-05 火曜日 13時00分～22時00分
2024-03-06 水曜日 13時00分～22時00分
",1,35.732038,139.730215,東京,なし,,,0,豊島区,池袋,池袋|目白|大塚|巣鴨,area:池袋|feature:24h,
二子玉川レンタルスタジオ M?ni Frey,〒158-0094 東京都世田谷区玉川１丁目６?８ シティコープ玉川 202,,https://www.jiyugaoka-salon.com/salon-futakotamagawa-b,090-9297-3148,"2024-02-29 木曜日 5時00分～0時00分
2024-03-01 金曜日 5時00分～0時00分
2024-03-02 土曜日 5時00分～0時00分
2024-03-03 日曜日 5時00分～0時00分
2024-03-04 月曜日 5時00分～0時00分
2024-03-05 火曜日 5時00分～0時00分
2024-03-06 水曜日 5時00分～0時00分
",1,35.6099719,139.6284934,東京,なし,,,0,世田谷区,下北沢,下北沢|三軒茶屋|二子玉川|自由が丘,area:下北沢|feature:24h,
日本橋PACMAN（ニホンバシパックマン）,〒103-0021 東京都中央区日本橋本石町４丁目５?５ 藤ビル 地下1階,,https://pacman.tokyo/,03-6260-9526,"LGBTQ フレンドリー2024-02-29 木曜日 13時00分～22時00分
2024-03-01 金曜日 13時00分～22時00分
2024-03-02 土曜日 10時00分～23時00分
2024-03-03 日曜日 10時00分～23時00分
2024-03-04 月曜日 13時00分～22時00分
2024-03-05 火曜日 13時00分～22時00分
2024-03-06 水曜日 13時00分～22時00分
",1,35.6890425,139.7705383,東京,東京駅,921,東京駅|秋葉原駅,2,中央区,銀座,銀座|日本橋|八丁堀|月島,area:銀座|station:東京駅|station:秋葉原駅|feature:24h,
日本橋バレエ＆ダンススタジオ Studio LULL,〒101-0047 東京都千代田区内神田２丁目８?３ 新東ビル 2階,,https://coubic.com/studiolullnagi,080-9648-9027,"2024-02-29 木曜日 11時00分～21時00分
2024-03-01 金曜日 15時00分～22時30分
2024-03-02 土曜日 11時00分～21時00分
2024-03-03 日曜日 10時00分～17時00分
2024-03-04 月曜日 11時00分～21時00分
2024-03-05 火曜日 15時00分～21時00分
2024-03-06 水曜日 11時00分～21時30分
",1,35.6906301,139.7685118,東京,秋葉原駅,1033,秋葉原駅|東京駅,2,千代田区,秋葉原,秋葉原,area:秋葉原|station:秋葉原駅|station:東京駅|feature:24h,
忍あつこフラメンコ教室,〒164-0001 東京都中野区中野３丁目３４?１８ TOKYOダンボ1F,,http://cocorosa.net/,090-9687-2022,,1,35.703746,139.6650691,東京,中野駅,235,中野駅,1,中野区,中野,中野,area:中野|station:中野駅,
梅屋敷スタジオ５０１,〒144-0052 東京都大田区蒲田２丁目２２?１３,,https://www.studio501.info/,03-3738-6510,"2024-02-29 木曜日 9時00分～22時00分
2024-03-01 金曜日 9時00分～22時00分
2024-03-02 土曜日 9時00分～22時00分
2024-03-03 日曜日 9時00分～22時00分
2024-03-04 月曜日 9時00分～22時00分
2024-03-05 火曜日 9時00分～22時00分
2024-03-06 水曜日 9時00分～22時00分
",1,35.5650796,139.7261119,東京,蒲田駅,956,蒲田駅,1,大田区,蒲田,蒲田,area:蒲田|station:蒲田駅|feature:24h,
白樺ドレス,〒116-0013 東京都荒川区西日暮里５丁目１４?１ 太陽ビル 2F,,https://www.shirakabadress.com/,03-3805-2975,"2024-02-29 木曜日 10時30分～18時30分
2024-03-01 金曜日 10時30分～18時30分
2024-03-02 土曜日 10時30分～18時30分
2024-03-03 日曜日 10時30分～18時30分
2024-03-04 月曜日 10時30分～18時30分
2024-03-05 火曜日 10時30分～18時30分
2024-03-06 水曜日 10時30分～18時30分
",1,35.7325878,139.7679192,東京,日暮里駅,603,日暮里駅,1,荒川区,日暮里,日暮里,area:日暮里|station:日暮里駅|feature:24h,
白金台恵比寿ミュージックスタジオ,〒108-0071 東京都港区白金台５丁目２?５ 502,,https://coubic.com/shirokanedaimusic/140115,050-3196-9973,"2024-02-29 木曜日 6時00分～0時00分
2024-03-01 金曜日 6時00分～0時00分
2024-03-02 土曜日 6時00分～0時00分
2024-03-03 日曜日 6時00分～0時00分
2024-03-04 月曜日 6時00分～0時00分
2024-03-05 火曜日 6時00分～0時00分
2024-03-06 水曜日 6時00分～0時00分
",1,35.6424653,139.7209672,東京,目黒駅,1050,目黒駅|恵比寿駅,2,港区,六本木,六本木|赤坂|麻布|新橋,area:六本木|station:目黒駅|station:恵比寿駅|feature:24h,
八王子フラスタジオ Mauna leo（マウナレオ）,〒192-0046 東京都八王子市明神町２丁目10?１０ 3階,,https://hachioji.mypl.net/shop/00000369954/,090-2932-7659,"2024-02-29 木曜日 10時30分～12時00分
2024-03-01 金曜日 10時00分～11時30分
2024-03-02 土曜日 10時30分～12時00分
2024-03-03 日曜日 定休日
2024-03-04 月曜日 10時30分～12時00分
2024-03-05 火曜日 定休日
2024-03-06 水曜日 10時00分～11時30分
",1,35.6557986,139.3489518,東京,八王子駅,907,八王子駅,1,八王子市,八王子,八王子,area:八王子|station:八王子駅|feature:24h,
八百和子 バレエ教室,〒116-0011 東京都荒川区西尾久４丁目２８?８,,https://kyao800ballet.wixsite.com/38008045,03-3800-8045,,1,35.7454803,139.7584448,東京,なし,,,0,荒川区,日暮里,日暮里,area:日暮里,
バーミリオン フェニックス チアダンス スタジオ,〒176-0023 東京都練馬区中村北１丁目５?９ 第二永崎ビル,,http://vermilionphoenix.wix.com/home,,"2024-02-29 木曜日 定休日
2024-03-01 金曜日 15時30分～19時00分
2024-03-02 土曜日 定休日
2024-03-03 日曜日 定休日
2024-03-04 月曜日 定休日
2024-03-05 火曜日 定休日
2024-03-06 水曜日 定休日
",1,35.7349896,139.6494138,東京,なし,,,0,練馬区,練馬,練馬,area:練馬|feature:24h,
飛鳥ダンススクール（パソコンスクール＆塾）,〒182-0006 東京都調布市 西つつじヶ丘３丁目２８?１０ 飛鳥書店,,https://asukabc.com/dance/,050-3551-7722,"2024-02-29 木曜日 10時00分～21時00分
2024-03-01 金曜日 10時00分～21時00分
2024-03-02 土曜日 10時00分～21時00分
2024-03-03 日曜日 10時00分～21時00分
2024-03-04 月曜日 10時00分～21時00分
2024-03-05 火曜日 10時00分～21時00分
2024-03-06 水曜日 10時00分～21時00分
",1,35.6586782,139.5727615,東京,なし,,,0,調布市,調布,調布,area:調布|feature:24h,
表参道レンタルスタジオ スタジオ ティノラス,〒107-0062 東京都港区南青山５丁目１３?９,,https://www.s-tenoras.com/,03-6418-8181,"2024-02-29 木曜日 10時00分～21時00分
2024-03-01 金曜日 10時00分～21時00分
2024-03-02 土曜日 9時00分～21時00分
2024-03-03 日曜日 9時00分～21時00分
2024-03-04 月曜日 10時00分～21時00分
2024-03-05 火曜日 10時00分～21時00分
2024-03-06 水曜日 10時00分～21時00分
",1,35.6609305,139.7134498,東京,表参道駅,491,表参道駅|外苑前駅|渋谷駅,3,港区,六本木,六本木|赤坂|麻布|新橋,area:六本木|station:表参道駅|station:外苑前駅|station:渋谷駅|feature:24h,
品川 大井町 フラダンス教室 ナーレイ レイコ フラスタジオ,〒140-0014 東京都品川区大井１丁目１１?４ ガスビル4階 ナーレイレイコフラスタジオ,,https://nalei-hula.jp/,090-2315-4850,"オーナーが女性と確認されたビジネス2024-02-29 木曜日 10時00分～22時30分
2024-03-01 金曜日 10時00分～22時30分
2024-03-02 土曜日 10時00分～22時30分
2024-03-03 日曜日 10時00分～22時30分
2024-03-04 月曜日 10時00分～22時30分
2024-03-05 火曜日 10時00分～22時30分
2024-03-06 水曜日 10時00分～22時30分
",1,35.6075455,139.7326183,東京,大井町駅,251,大井町駅,1,品川区,品川,品川|五反田|大井町|目黒,area:品川|station:大井町駅|feature:24h,
浜松ダンススクール ゲットアヘッド,〒430-0802 静岡県浜松市東区将監町３６?７ ３F,,https://get-ahead.jp/,053-443-9481,"2024-02-29 木曜日 14時00分～22時30分
2024-03-01 金曜日 14時00分～22時30分
2024-03-02 土曜日 14時00分～22時30分
2024-03-03 日曜日 定休日
2024-03-04 月曜日 14時00分～22時30分
2024-03-05 火曜日 14時00分～22時30分
2024-03-06 水曜日 14時00分～22時30分
",1,34.714679,137.75858,東京,なし,,,0,その他,その他,その他,feature:24h,
富田雅美バレエ＆ダンスユニット,〒182-0024 東京都調布市布田１丁目２９?２ ビルディング川口 B1,,https://masami.hp.peraichi.com/dance,042-487-8878,"LGBTQ フレンドリー2024-02-29 木曜日 24 時間営業
2024-03-01 金曜日 24 時間営業
2024-03-02 土曜日 24 時間営業
2024-03-03 日曜日 24 時間営業
2024-03-04 月曜日 24 時間営業
2024-03-05 火曜日 24 時間営業
2024-03-06 水曜日 24 時間営業
",1,35.6530633,139.5452365,東京,調布駅,200,調布駅,1,調布市,調布,調布,area:調布|station:調布駅|feature:24h,
布川ダンスカンパニー,〒111-0036 東京都台東区松が谷１丁目９?１３ 高橋総本店,,http://nunokawa-dance.la.coocan.jp/,03-3843-3458,,1,35.711396,139.788056,東京,浅草駅,799,浅草駅|蔵前駅|上野駅,3,台東区,上野,上野|浅草|御徒町|蔵前,area:上野|station:浅草駅|station:蔵前駅|station:上野駅,
舞空間ばくdance studio,〒134-0083 東京都江戸川区中葛西中葛西５丁目３４?７ 昭 産 ビル ７F,,http://baku-studio.com/,03-6906-8946,"2024-02-29 木曜日 11時00分～22時30分
2024-03-01 金曜日 11時00分～22時30分
2024-03-02 土曜日 11時00分～22時30分
2024-03-03 日曜日 11時00分～22時30分
2024-03-04 月曜日 11時00分～22時30分
2024-03-05 火曜日 11時00分～22時30分
2024-03-06 水曜日 11時00分～22時30分
",1,35.663368,139.871906,東京,なし,,,0,江戸川区,西葛西,西葛西,area:西葛西|feature:24h,
望月愛生バレエスタジオ,〒146-0084 東京都大田区南久が原２丁目７?６ 横川ビル 1階,,https://aimiballet.com/,03-6677-8334,"2024-02-29 木曜日 9時00分～21時00分
2024-03-01 金曜日 9時00分～21時00分
2024-03-02 土曜日 9時00分～21時00分
2024-03-03 日曜日 9時00分～21時00分
2024-03-04 月曜日 9時00分～21時00分
2024-03-05 火曜日 9時00分～21時00分
2024-03-06 水曜日 9時00分～21時00分
",1,35.5794557,139.6854367,東京,なし,,,0,大田区,蒲田,蒲田,area:蒲田|feature:24h,
名古屋レンタルスタジオPovit,〒453-0015 愛知県名古屋市中村区椿町２２?１ 第二カニエビル 3F,,https://nagoya-povit.com/,080-5376-8136,"2024-02-29 木曜日 24 時間営業
2024-03-01 金曜日 24 時間営業
2024-03-02 土曜日 24 時間営業
2024-03-03 日曜日 24 時間営業
2024-03-04 月曜日 24 時間営業
2024-03-05 火曜日 24 時間営業
2024-03-06 水曜日 24 時間営業
",1,35.1677844,136.8792705,東京,なし,,,0,その他,その他,その他,feature:24h,
名古屋今池 NY 9st. Studio ｜ニューヨークナインストリートスタジオ,〒464-0077 愛知県名古屋市千種区神田町３２?１３,,https://www.ny9ststudio.com/,090-7952-8973,"2024-02-29 木曜日 9時00分～22時00分
2024-03-01 金曜日 9時00分～22時00分
2024-03-02 土曜日 9時00分～22時00分
2024-03-03 日曜日 9時00分～22時00分
2024-03-04 月曜日 9時00分～22時00分
2024-03-05 火曜日 9時00分～22時00分
2024-03-06 水曜日 9時00分～22時00分
",1,35.1739874,136.9396679,東京,なし,,,0,その他,その他,その他,feature:24h,
明治座森下スタジオ,〒135-0004 東京都江東区森下３丁目６?５,,http://www.meijiza.co.jp/morishita/,03-5638-0481,"2024-02-29 木曜日 10時00分～18時00分
2024-03-01 金曜日 10時00分～18時00分
2024-03-02 土曜日 10時00分～18時00分
2024-03-03 日曜日 10時00分～18時00分
2024-03-04 月曜日 10時00分～18時00分
2024-03-05 火曜日 10時00分～18時00分
2024-03-06 水曜日 10時00分～18時00分
",1,35.687836,139.8015987,東京,なし,,,0,江東区,豊洲,豊洲,area:豊洲|feature:24h,
目白の杜studio,〒161-0033 東京都新宿区下落合３丁目２０?１１,,http://www.mejironomori.com/,03-3951-5888,"2024-02-29 木曜日 8時00分～23時00分
2024-03-01 金曜日 8時00分～23時00分
2024-03-02 土曜日 8時00分～23時00分
2024-03-03 日曜日 8時00分～23時00分
2024-03-04 月曜日 8時00分～23時00分
2024-03-05 火曜日 8時00分～23時00分
2024-03-06 水曜日 8時00分～23時00分
",1,35.7231757,139.7020093,東京,池袋駅,990,池袋駅,1,新宿区,新宿,新宿|西新宿|高田馬場|新大久保,area:新宿|station:池袋駅|feature:24h,
祐天寺 キッズダンス！ Navilla Dance School,〒153-0052 東京都目黒区祐天寺２丁目１５?１６,,https://dance-navilla.com/,090-6489-4564,"2024-02-29 木曜日 11時00分～19時00分
2024-03-01 金曜日 11時00分～19時00分
2024-03-02 土曜日 11時00分～19時00分
2024-03-03 日曜日 11時00分～19時00分
2024-03-04 月曜日 11時00分～19時00分
2024-03-05 火曜日 11時00分～19時00分
2024-03-06 水曜日 11時00分～19時00分
",1,35.6359589,139.6900008,東京,学芸大学駅,940,学芸大学駅,1,目黒区,中目黒,中目黒,area:中目黒|station:学芸大学駅|feature:24h,
溶岩ホットヨガ LaLa Aasha（ララアーシャ）学芸大学,〒152-0004 東京都目黒区鷹番２丁目２０?６ Kh.01 3F,,https://www.lalaaasha.jp/studios/gakugeidai/,03-5768-7768,"2024-02-29 木曜日 10時00分～22時00分
2024-03-01 金曜日 定休日
2024-03-02 土曜日 9時00分～18時30分
2024-03-03 日曜日 10時00分～16時30分
2024-03-04 月曜日 10時00分～22時00分
2024-03-05 火曜日 10時00分～22時00分
2024-03-06 水曜日 10時00分～22時00分
",1,35.629061,139.6868351,東京,学芸大学駅,154,学芸大学駅,1,目黒区,中目黒,中目黒,area:中目黒|station:学芸大学駅|feature:24h,
練馬 RB レンタルスタジオ,〒176-0023 東京都練馬区中村北１丁目５?９ 第二永崎ビル 4階,,https://nerima.studiosquare.jp/,03-5822-4050,"2024-02-29 木曜日 24 時間営業
2024-03-01 金曜日 24 時間営業
2024-03-02 土曜日 24 時間営業
2024-03-03 日曜日 24 時間営業
2024-03-04 月曜日 24 時間営業
2024-03-05 火曜日 24 時間営業
2024-03-06 水曜日 24 時間営業
",1,35.734992,139.6493986,東京,なし,,,0,練馬区,練馬,練馬,area:練馬|feature:24h,
六本木 フォルトゥーナ,〒106-0032 東京都港区六本木７丁目１２?２３ フォルトゥーナビル 3A,,https://roppongi.studiosquare.jp/,03-5822-4050,"2024-02-29 木曜日 6時00分～0時00分
2024-03-01 金曜日 6時00分～0時00分
2024-03-02 土曜日 6時00分～0時00分
2024-03-03 日曜日 6時00分～0時00分
2024-03-04 月曜日 6時00分～0時00分
2024-03-05 火曜日 6時00分～0時00分
2024-03-06 水曜日 6時00分～0時00分
",1,35.6643351,139.7294827,東京,六本木駅,236,六本木駅|青山一丁目駅|麻布十番駅,3,港区,六本木,六本木|赤坂|麻布|新橋,area:六本木|station:六本木駅|station:青山一丁目駅|station:麻布十番駅|feature:24h,
六本木 レンタルスタジオ 十五夜,〒106-0032 東京都港区六本木５丁目１０?３２ 第一アイトービル別館2F,,https://jugoya.studiosquare.jp/,03-5822-4050,"2024-02-29 木曜日 6時00分～0時00分
2024-03-01 金曜日 6時00分～0時00分
2024-03-02 土曜日 6時00分～0時00分
2024-03-03 日曜日 6時00分～0時00分
2024-03-04 月曜日 6時00分～0時00分
2024-03-05 火曜日 6時00分～0時00分
2024-03-06 水曜日 6時00分～0時00分
",1,35.6604069,139.7328506,東京,六本木駅,303,六本木駅|麻布十番駅,2,港区,六本木,六本木|赤坂|麻布|新橋,area:六本木|station:六本木駅|station:麻布十番駅|feature:24h,
茗荷谷ダンスプラザ,〒112-0002 東京都文京区小石川５丁目２?２ わかさビルB1,,http://myogadani-dance.blogdehp.ne.jp/,03-3812-7955,"2024-02-29 木曜日 10時00分～22時00分
2024-03-01 金曜日 10時00分～22時00分
2024-03-02 土曜日 10時00分～22時00分
2024-03-03 日曜日 10時00分～22時00分
2024-03-04 月曜日 10時00分～22時00分
2024-03-05 火曜日 10時00分～22時00分
2024-03-06 水曜日 10時00分～22時00分
",1,35.7161903,139.7394364,東京,なし,,,0,文京区,後楽園,後楽園,area:後楽園|feature:24h,
#ERROR!,〒136-0075 東京都江東区新砂３丁目４?３１ ＳＵＮＡＭＯ4Ｆ 南砂町ショッピングセンタ,,https://www.arc-web.com/kids/?utm_source=google&utm_medium=map&utm_content=sunamo&utm_campaign=MAP-sunamo,072-242-3074,"2024-02-29 木曜日 10時00分～21時00分
2024-03-01 金曜日 10時00分～21時00分
2024-03-02 土曜日 10時00分～21時00分
2024-03-03 日曜日 10時00分～21時00分
2024-03-04 月曜日 10時00分～21時00分
2024-03-05 火曜日 10時00分～21時00分
2024-03-06 水曜日 10時00分～21時00分
",1,35.6648988,139.835516,東京,なし,,,0,江東区,豊洲,豊洲,area:豊洲|feature:24h,
BUZZ赤坂見附 ,東京都港区赤坂3-21-14TS 共和六番館地下1階,https://dance-studio-lab.com/room/NjYxZDU0NDMtOGEwNS00MDM3LTllNDktMzAyNTQ0MmVlMTE1/detail,,,,1,,,東京,赤坂駅,100,赤坂駅|青山一丁目駅,2,港区,六本木,六本木|赤坂|麻布|新橋,area:六本木|station:赤坂駅|station:青山一丁目駅,
BUZZ渋谷TOWER,東京都渋谷区東2-27-9],https://dance-studio-lab.com/room/YWZmOTdhZGMtMjk1MC00ODljLWE2YWUtMDRjMGM5NTIxZTg2/detail,,,,1,,,東京,渋谷駅,437,渋谷駅,1,渋谷区,渋谷,渋谷|恵比寿|代官山|原宿,area:渋谷|station:渋谷駅|feature:24h,
BUZZ南池袋,東京都豊島区南池袋 3丁目18−37　ベストフレンドビル,https://dance-studio-lab.com/room/MTBjZDE1MWUtMTc4Ny00Nzg4LTkwYWQtN2I5OWM4OTcwNWM4/detail,,,,,,,,,,,,,,,,
BUZZ横浜2nd,,https://dance-studio-lab.com/room/M2NjZjBmYmItOThiZS00MzI4LWEwYzQtNDRkOWUxMjRlYWM3/detail,,,,,,,,,,,,,,,,
BUZZ池袋西口PARK,東京都豊島区西池袋3-30-10ライオンビルB1,https://dance-studio-lab.com/room/ZjBiN2M3MDEtZTMzYS00ZGZkLTg3YTktYjU3MjdjNDk3Njli/detail,,,"2024-02-29 木曜日 24 時間営業
2024-03-01 金曜日 24 時間営業
2024-03-02 土曜日 24 時間営業
2024-03-03 日曜日 24 時間営業
2024-03-04 月曜日 24 時間営業
2024-03-05 火曜日 24 時間営業
2024-03-06 水曜日 24 時間営業
",1,35.7337631,139.7077962,東京,池袋駅,586,池袋駅,1,豊島区,池袋,池袋|目白|大塚|巣鴨,,
BUZZ BAYSIDE(浜松町),,https://dance-studio-lab.com/room/MjdmMGNkZWUtZGZjYi00YmUxLWIzZjctOTM0NmJmNmM5NjRm/detail,,,,,,,,,,,,,,,,
BUZZ六本木,,https://dance-studio-lab.com/room/MGYxY2IwOWYtNDQ4ZS00MmEyLTliYTAtNzg1YjUyOTA0OTlj/detail,,,,,,,,,,,,,,,,
